dia,liga,torneo,partido,puesto,mostrada,mercado,bloque,etiqueta,apuesta,linea,prob,prob_meter,veredicto,cuota,p_mercado,goles,acierto,distancia
2026-09-20,jpn_j1,J1 League,Machida vs Kashiwa Reysol,1,True,Goles,goles,Total,Goles: Más de 1.5,1.5,0.7477,0.7366,meter,1.286,0.7255655142979086,6.0,1,4.5
2026-09-20,jpn_j1,J1 League,Machida vs Kashiwa Reysol,2,False,Córners,corners,Total,Córners: Menos de 9.5,9.5,0.5488,0.6488,no_meter,1.333,,6.0,1,0.5
2026-09-20,jpn_j1,J1 League,Machida vs Kashiwa Reysol,3,False,Doble oportunidad,resultado,Doble,Kashiwa Reysol o empate,,0.5415,0.6361,no_meter,1.455,0.6307753484697461,6.0,1,
2026-09-20,jpn_j1,J1 League,Machida vs Kashiwa Reysol,4,False,BTTS,btts,Ambos marcan,Ambos marcan: Sí,,0.5336,0.5589,no_meter,1.714,0.5385029617662898,6.0,1,
2026-09-20,jpn_j1,J1 League,Gamba Osaka vs Vissel Kobe,1,True,Córners,corners,Total,Córners: Menos de 11.5,11.5,0.8281,0.7456,meter,1.222,,1.0,1,0.5
2026-09-20,jpn_j1,J1 League,Gamba Osaka vs Vissel Kobe,2,True,Goles,goles,Total,Goles: Más de 1.5,1.5,0.7376,0.7285,meter,1.3,0.7194042736887546,1.0,0,0.5
2026-09-20,jpn_j1,J1 League,Gamba Osaka vs Vissel Kobe,3,False,Doble oportunidad,resultado,Doble,Vissel Kobe o empate,,0.714,0.7221,meter,1.3,0.7053490480507706,1.0,1,
2026-09-20,jpn_j1,J1 League,Gamba Osaka vs Vissel Kobe,4,False,BTTS,btts,Ambos marcan,Ambos marcan: Sí,,0.5364,0.5539,no_meter,1.741,0.52856756024912,1.0,0,
2026-09-20,eredivisie,Eredivisie,Feyenoord vs Utrecht,1,True,1X2,resultado,Resultado,Gana Feyenoord,,0.6949,0.7325,meter,1.273,0.7275909882970827,5.0,1,
2026-09-20,eredivisie,Eredivisie,Feyenoord vs Utrecht,2,True,Goles,goles,Total,Goles: Más de 2.5,2.5,0.7098,0.7056,meter,1.32,0.7013574660633485,5.0,1,2.5
2026-09-20,eredivisie,Eredivisie,Feyenoord vs Utrecht,3,False,Remates a puerta,remates_on,Local,Remates a puerta Local: Más de 6.5,6.5,0.5713,0.5713,no_meter,1.636,,5.0,1,5.5
2026-09-20,eredivisie,Eredivisie,Feyenoord vs Utrecht,4,False,BTTS,btts,Ambos marcan,Ambos marcan: Sí,,0.5602,0.5698,no_meter,1.667,0.5574727900185825,5.0,0,
2026-09-20,eredivisie,Eredivisie,Feyenoord vs Utrecht,5,False,Remates,remates,Local,Remates Local: Más de 19.5,19.5,0.5243,0.5243,no_meter,1.833,,5.0,1,3.5
2026-09-20,serie_a,Serie A,Fiorentina vs Napoli,1,True,Goles,goles,Total,Goles: Más de 1.5,1.5,0.7695,0.761,meter,1.25,0.7524752475247526,2.0,1,0.5
2026-09-20,serie_a,Serie A,Fiorentina vs Napoli,2,False,Doble oportunidad,resultado,Doble,Napoli o empate,,0.5539,0.6728,no_meter,1.35,0.6917369053521458,2.0,1,
2026-09-20,serie_a,Serie A,Fiorentina vs Napoli,3,False,BTTS,btts,Ambos marcan,Ambos marcan: Sí,,0.5628,0.5772,no_meter,1.647,0.5718741876787107,2.0,1,
2026-09-20,sco_premiership,Scottish Premiership,Celtic vs Rangers,1,True,Goles,goles,Total,Goles: Menos de 4.5,4.5,0.8033,0.7793,meter,1.231,0.7553170343868019,1.0,1,3.5
2026-09-20,sco_premiership,Scottish Premiership,Celtic vs Rangers,2,False,Remates a puerta,remates_on,Local,Remates a puerta Local: Más de 3.5,3.5,0.7652,0.7652,no_meter,1.286,,1.0,0,2.5
2026-09-20,sco_premiership,Scottish Premiership,Celtic vs Rangers,3,False,Córners,corners,Total,Córners: Menos de 12.5,12.5,0.5915,0.6915,no_meter,1.364,,1.0,1,0.5
2026-09-20,sco_premiership,Scottish Premiership,Celtic vs Rangers,4,False,BTTS,btts,Ambos marcan,Ambos marcan: Sí,,0.6217,0.679,no_meter,1.455,0.6411837237977805,1.0,0,
2026-09-20,sco_premiership,Scottish Premiership,Celtic vs Rangers,5,False,Remates,remates,Total,Remates: Más de 25.5,25.5,0.58,0.58,no_meter,1.615,,1.0,0,5.5
2026-09-20,eng_championship,EFL Championship,Wolves vs West Brom,1,False,Goles,goles,Total,Goles: Más de 2.5,2.5,0.5162,0.5107,no_meter,1.87,0.5051600952632972,1.0,0,1.5
2026-09-20,eng_championship,EFL Championship,Wolves vs West Brom,2,False,1X2,resultado,Resultado,Gana Wolves,,0.5084,0.5031,no_meter,1.847,0.523209905088901,1.0,1,
2026-09-20,ger_bundesliga2,2. Bundesliga,Cottbus vs St Pauli,1,True,Goles,goles,Total,Goles: Menos de 4.5,4.5,0.7428,0.7279,meter,1.308,0.7130320315928038,2.0,1,2.5
2026-09-20,ger_bundesliga2,2. Bundesliga,Cottbus vs St Pauli,2,False,BTTS,btts,Ambos marcan,Ambos marcan: Sí,,0.6697,0.6972,no_meter,1.385,0.6729634002361276,2.0,1,
2026-09-20,ger_bundesliga2,2. Bundesliga,Cottbus vs St Pauli,3,False,Doble oportunidad,resultado,Doble,St Pauli o empate,,0.564,0.6827,no_meter,1.308,0.7014287564207708,2.0,1,
2026-09-20,ger_bundesliga2,2. Bundesliga,Cottbus vs St Pauli,4,False,Remates a puerta,remates_on,Local,Remates a puerta Local: Más de 3.5,3.5,0.6291,0.6291,no_meter,1.35,,2.0,1,1.5
2026-09-20,ger_bundesliga2,2. Bundesliga,Cottbus vs St Pauli,5,False,Remates,remates,Local,Remates Local: Más de 12.5,12.5,0.5804,0.5804,no_meter,1.52,,2.0,1,1.5
2026-09-20,ger_bundesliga2,2. Bundesliga,Bielefeld vs Heidenheim,1,True,Goles,goles,Total,Goles: Menos de 4.5,4.5,0.7715,0.7746,meter,1.2,0.7777777777777778,4.0,1,0.5
2026-09-20,ger_bundesliga2,2. Bundesliga,Bielefeld vs Heidenheim,2,True,Córners,corners,Total,Córners: Más de 8.5,8.5,0.6815,0.7318,meter,1.273,,4.0,1,2.5
2026-09-20,ger_bundesliga2,2. Bundesliga,Bielefeld vs Heidenheim,3,False,Doble oportunidad,resultado,Doble,Bielefeld o empate,,0.6558,0.7112,meter,1.3,0.7055616892078388,4.0,1,
2026-09-20,ger_bundesliga2,2. Bundesliga,Bielefeld vs Heidenheim,4,False,Remates a puerta,remates_on,Visita,Remates a puerta Visita: Menos de 5.5,5.5,0.7126,0.7126,no_meter,1.308,,4.0,0,1.5
2026-09-20,ger_bundesliga2,2. Bundesliga,Bielefeld vs Heidenheim,5,False,Remates,remates,Visita,Remates Visita: Menos de 13.5,13.5,0.6474,0.6474,no_meter,1.538,,4.0,0,0.5
2026-09-20,ger_bundesliga2,2. Bundesliga,Bielefeld vs Heidenheim,6,False,BTTS,btts,Ambos marcan,Ambos marcan: Sí,,0.6284,0.6091,no_meter,1.5,0.625,4.0,1,
2026-09-20,ger_bundesliga2,2. Bundesliga,Hannover vs Bochum,1,True,Goles,goles,Total,Goles: Menos de 4.5,4.5,0.803,0.7744,meter,1.25,0.7457799471222291,3.0,1,1.5
2026-09-20,ger_bundesliga2,2. Bundesliga,Hannover vs Bochum,2,False,BTTS,btts,Ambos marcan,Ambos marcan: Sí,,0.6331,0.6751,no_meter,1.476,0.6333830104321907,3.0,1,
2026-09-20,bel_pro_league,Jupiler Pro League,Antwerp vs St. Gilloise,1,False,Goles,goles,Total,Goles: Menos de 3.5,3.5,0.6098,0.602,no_meter,1.571,0.594161715319039,2.0,1,1.5
2026-09-20,bel_pro_league,Jupiler Pro League,Antwerp vs St. Gilloise,2,False,1X2,resultado,Resultado,Gana St. Gilloise,,0.5635,0.5974,no_meter,1.575,0.6122624996829101,2.0,1,
2026-09-20,dinamarca,Superliga,Sonderjyske vs Randers FC,1,True,Goles,goles,Total,Goles: Más de 1.5,1.5,0.7947,0.7873,meter,1.2,0.779816513761468,6.0,1,4.5
2026-09-20,dinamarca,Superliga,Sonderjyske vs Randers FC,2,True,Córners,corners,Total,Córners: Más de 8.5,8.5,0.6283,0.7169,meter,1.286,,6.0,1,0.5
2026-09-20,dinamarca,Superliga,Sonderjyske vs Randers FC,3,False,Remates a puerta,remates_on,Total,Remates a puerta: Más de 7.5,7.5,0.7038,0.7038,no_meter,1.417,,6.0,1,5.5
2026-09-20,dinamarca,Superliga,Sonderjyske vs Randers FC,4,False,Doble oportunidad,resultado,Doble,Randers FC o empate,,0.5195,0.641,no_meter,1.385,0.6624305973206425,6.0,0,
2026-09-20,dinamarca,Superliga,Sonderjyske vs Randers FC,5,False,Tarjetas,tarjetas,Visita,Tarjetas Visita: Más de 1.5,1.5,0.6154,0.6154,no_meter,1.6,,6.0,0,1.5
2026-09-20,dinamarca,Superliga,Sonderjyske vs Randers FC,6,False,Remates,remates,Total,Remates: Menos de 28.5,28.5,0.6033,0.6033,no_meter,1.583,,6.0,1,4.5
2026-09-20,dinamarca,Superliga,Sonderjyske vs Randers FC,7,False,BTTS,btts,Ambos marcan,Ambos marcan: Sí,,0.6092,0.5982,no_meter,1.546,0.6031827515400411,6.0,1,
2026-09-20,laliga,LaLiga,Getafe vs Malaga,1,True,Córners,corners,Total,Córners: Más de 6.5,6.5,0.7964,0.7451,meter,1.25,,1.0,1,7.5
2026-09-20,laliga,LaLiga,Getafe vs Malaga,2,True,Doble oportunidad,resultado,Doble,Getafe o Malaga,,0.6177,0.7169,meter,1.32,,1.0,1,
2026-09-20,laliga,LaLiga,Getafe vs Malaga,3,False,Remates a puerta,remates_on,Local,Remates a puerta Local: Más de 2.5,2.5,0.7571,0.7571,no_meter,1.273,,1.0,1,4.5
2026-09-20,laliga,LaLiga,Getafe vs Malaga,4,False,Goles,goles,Total,Goles: Más de 1.5,1.5,0.6487,0.643,no_meter,1.48,0.6372549019607844,1.0,0,0.5
2026-09-20,laliga,LaLiga,Getafe vs Malaga,5,False,Remates,remates,Visita,Remates Visita: Menos de 10.5,10.5,0.6196,0.6196,no_meter,1.538,,1.0,0,0.5
2026-09-20,laliga,LaLiga,Getafe vs Malaga,6,False,BTTS,btts,Ambos marcan,Ambos marcan: No,,0.556,0.5766,no_meter,1.647,0.5718741876787107,1.0,1,
2026-09-20,laliga,LaLiga,Getafe vs Malaga,7,False,Tarjetas,tarjetas,Total,Tarjetas: Más de 3.5,3.5,0.5346,0.5346,no_meter,1.333,,1.0,1,2.5
2026-09-20,esp_hypermotion,LaLiga Hypermotion,Sabadell vs Oviedo,1,False,Remates a puerta,remates_on,Visita,Remates a puerta Visita: Menos de 4.5,4.5,0.7166,0.7166,no_meter,1.308,,4.0,1,2.5
2026-09-20,esp_hypermotion,LaLiga Hypermotion,Sabadell vs Oviedo,2,False,Doble oportunidad,resultado,Doble,Sabadell o Oviedo,,0.577,0.677,no_meter,1.333,,4.0,1,
2026-09-20,esp_hypermotion,LaLiga Hypermotion,Sabadell vs Oviedo,3,False,Remates,remates,Visita,Remates Visita: Menos de 11.5,11.5,0.6487,0.6487,no_meter,1.48,,4.0,1,2.5
2026-09-20,esp_hypermotion,LaLiga Hypermotion,Sabadell vs Oviedo,4,False,Goles,goles,Total,Goles: Menos de 2.5,2.5,0.652,0.6422,no_meter,1.48,0.6323894684550421,4.0,0,1.5
2026-09-20,esp_hypermotion,LaLiga Hypermotion,Sabadell vs Oviedo,5,False,BTTS,btts,Ambos marcan,Ambos marcan: No,,0.5683,0.5749,no_meter,1.645,0.5665349143610012,4.0,0,
2026-09-20,suecia,Allsvenskan,Kalmar vs Hacken,1,True,Goles,goles,Total,Goles: Más de 1.5,1.5,0.7749,0.7763,meter,1.2,0.7777777777777778,5.0,1,3.5
2026-09-20,suecia,Allsvenskan,Kalmar vs Hacken,2,True,Córners,corners,Total,Córners: Más de 8.5,8.5,0.7048,0.7389,meter,1.273,,5.0,1,0.5
2026-09-20,suecia,Allsvenskan,Kalmar vs Hacken,3,False,Doble oportunidad,resultado,Doble,Hacken o empate,,0.5839,0.6756,no_meter,1.375,0.6673802398479652,5.0,1,
2026-09-20,suecia,Allsvenskan,Kalmar vs Hacken,4,False,BTTS,btts,Ambos marcan,Ambos marcan: Sí,,0.5802,0.5864,no_meter,1.571,0.5888510861031143,5.0,0,
2026-09-20,suecia,Allsvenskan,Halmstad vs AIK,1,False,Goles,goles,Total,Goles: Más de 2.5,2.5,0.5634,0.5775,no_meter,1.588,0.5915637860082305,3.0,1,0.5
2026-09-20,dinamarca,Superliga,Brondby vs FC Copenhagen,1,True,Goles,goles,Total,Goles: Más de 1.5,1.5,0.8192,0.7985,meter,1.2,0.7777777777777778,1.0,0,0.5
2026-09-20,dinamarca,Superliga,Brondby vs FC Copenhagen,2,True,Córners,corners,Total,Córners: Más de 7.5,7.5,0.8029,0.7451,meter,1.222,,1.0,0,2.5
2026-09-20,dinamarca,Superliga,Brondby vs FC Copenhagen,3,False,Doble oportunidad,resultado,Doble,FC Copenhagen o empate,,0.632,0.706,meter,1.32,0.6951323809346706,1.0,1,
2026-09-20,dinamarca,Superliga,Brondby vs FC Copenhagen,4,False,Remates,remates,Visita,Remates Visita: Más de 11.5,11.5,0.6285,0.6285,no_meter,1.538,,1.0,1,3.5
2026-09-20,dinamarca,Superliga,Brondby vs FC Copenhagen,5,False,Remates a puerta,remates_on,Local,Remates a puerta Local: Menos de 5.5,5.5,0.5901,0.5901,no_meter,1.308,,1.0,1,3.5
2026-09-20,dinamarca,Superliga,Brondby vs FC Copenhagen,6,False,BTTS,btts,Ambos marcan,Ambos marcan: Sí,,0.598,0.5889,no_meter,1.571,0.5888510861031143,1.0,0,
2026-09-20,dinamarca,Superliga,Brondby vs FC Copenhagen,7,False,Tarjetas,tarjetas,Visita,Tarjetas Visita: Menos de 2.5,2.5,0.5162,0.5162,no_meter,1.818,,1.0,1,0.5
2026-09-20,suecia,Allsvenskan,Djurgarden vs Elfsborg,1,True,Córners,corners,Total,Córners: Menos de 11.5,11.5,0.8027,0.7451,meter,1.273,,3.0,1,0.5
2026-09-20,suecia,Allsvenskan,Djurgarden vs Elfsborg,2,False,Goles,goles,Total,Goles: Menos de 4.5,4.5,0.8365,0.8071,no_meter,1.2,0.7777777777777778,3.0,1,1.5
2026-09-20,suecia,Allsvenskan,Djurgarden vs Elfsborg,3,False,Remates a puerta,remates_on,Total,Remates a puerta: Menos de 10.5,10.5,0.6592,0.6592,no_meter,1.429,,3.0,1,5.5
2026-09-20,suecia,Allsvenskan,Djurgarden vs Elfsborg,4,False,1X2,resultado,Resultado,Gana Djurgarden,,0.5683,0.6002,no_meter,1.52,0.6172791372712617,3.0,0,
2026-09-20,suecia,Allsvenskan,Djurgarden vs Elfsborg,5,False,Remates,remates,Total,Remates: Más de 25.5,25.5,0.5984,0.5984,no_meter,1.636,,3.0,0,4.5
2026-09-20,suecia,Allsvenskan,Djurgarden vs Elfsborg,6,False,BTTS,btts,Ambos marcan,Ambos marcan: Sí,,0.5535,0.5692,no_meter,1.667,0.5574727900185825,3.0,1,
2026-09-20,eredivisie,Eredivisie,AZ Alkmaar vs Telstar,1,True,1X2,resultado,Resultado,Gana AZ Alkmaar,,0.7243,0.7478,meter,1.222,0.7566648345610102,1.0,1,
2026-09-20,eredivisie,Eredivisie,AZ Alkmaar vs Telstar,2,False,Goles,goles,Total,Goles: Menos de 5.5,5.5,0.8337,0.8015,no_meter,1.2,0.7692307692307692,1.0,1,4.5
2026-09-20,eredivisie,Eredivisie,AZ Alkmaar vs Telstar,3,False,Córners,corners,Total,Córners: Menos de 12.5,12.5,0.5871,0.6871,no_meter,1.455,,1.0,1,5.5
2026-09-20,eredivisie,Eredivisie,AZ Alkmaar vs Telstar,4,False,BTTS,btts,Ambos marcan,Ambos marcan: Sí,,0.5786,0.5815,no_meter,1.6,0.5789473684210527,1.0,0,
2026-09-20,eredivisie,Eredivisie,AZ Alkmaar vs Telstar,5,False,Remates,remates,Total,Remates: Más de 27.5,27.5,0.512,0.512,no_meter,1.714,,1.0,0,7.5
2026-09-20,eredivisie,Eredivisie,AZ Alkmaar vs Telstar,6,False,Remates a puerta,remates_on,Visita,Remates a puerta Visita: Más de 2.5,2.5,0.5019,0.5019,no_meter,1.8,,1.0,0,1.5
2026-09-20,eng_championship,EFL Championship,Norwich vs Bolton,1,True,Doble oportunidad,resultado,Resultado,Norwich o empate,,0.721,0.721,meter,1.125,0.8664,7.0,0,
2026-09-20,eng_championship,EFL Championship,Norwich vs Bolton,2,True,Goles,goles,Total,Goles: Menos de 4.5,4.5,0.7702,0.7507,meter,1.286,0.7312996239030507,7.0,0,2.5
2026-09-20,eng_championship,EFL Championship,Norwich vs Bolton,3,False,Córners,corners,Visita,Córners Visita: Más de 2.5,2.5,0.7564,0.7451,meter,1.222,,7.0,0,0.5
2026-09-20,eng_championship,EFL Championship,Norwich vs Bolton,4,False,Tarjetas,tarjetas,Visita,Tarjetas Visita: Más de 1.5,1.5,0.6794,0.6794,no_meter,1.455,,7.0,0,1.5
2026-09-20,eng_championship,EFL Championship,Norwich vs Bolton,5,False,Remates a puerta,remates_on,Total,Remates a puerta: Menos de 10.5,10.5,0.6004,0.6004,no_meter,1.53,,7.0,1,1.5
2026-09-20,eng_championship,EFL Championship,Norwich vs Bolton,6,False,Remates,remates,Visita,Remates Visita: Menos de 10.5,10.5,0.5946,0.5946,no_meter,1.667,,7.0,1,1.5
2026-09-20,eng_championship,EFL Championship,Norwich vs Bolton,7,False,BTTS,btts,Ambos marcan,Ambos marcan: Sí,,0.5698,0.5777,no_meter,1.647,0.5718741876787107,7.0,1,
2026-09-20,aut_bundesliga,Austrian Bundesliga,Ried vs Wolfsberger AC,1,True,Goles,goles,Total,Goles: Más de 1.5,1.5,0.7873,0.7825,meter,1.2,0.7777777777777778,5.0,1,3.5
2026-09-20,aut_bundesliga,Austrian Bundesliga,Ried vs Wolfsberger AC,2,False,BTTS,btts,Ambos marcan,Ambos marcan: Sí,,0.5845,0.5864,no_meter,1.571,0.5888510861031143,5.0,1,
2026-09-20,aut_bundesliga,Austrian Bundesliga,Ried vs Wolfsberger AC,3,False,Doble oportunidad,resultado,Doble,Wolfsberger AC o empate,,0.562,0.5641,no_meter,1.68,0.545893661801509,5.0,0,
2026-09-20,noruega,Eliteserien,Valerenga vs Fredrikstad,1,True,Goles,goles,Total,Goles: Menos de 4.5,4.5,0.7692,0.7623,meter,1.231,0.7553170343868019,2.0,1,2.5
2026-09-20,noruega,Eliteserien,Valerenga vs Fredrikstad,2,True,Córners,corners,Total,Córners: Menos de 13.5,13.5,0.7654,0.7451,meter,1.333,,2.0,0,1.5
2026-09-20,noruega,Eliteserien,Valerenga vs Fredrikstad,3,False,Remates a puerta,remates_on,Total,Remates a puerta: Más de 8.5,8.5,0.6479,0.6479,no_meter,1.471,,2.0,0,2.5
2026-09-20,noruega,Eliteserien,Valerenga vs Fredrikstad,4,False,Remates,remates,Total,Remates: Más de 28.5,28.5,0.6342,0.6342,no_meter,1.583,,2.0,0,2.5
2026-09-20,noruega,Eliteserien,Valerenga vs Fredrikstad,5,False,BTTS,btts,Ambos marcan,Ambos marcan: Sí,,0.6254,0.6091,no_meter,1.5,0.625,2.0,1,
2026-09-20,eredivisie,Eredivisie,Twente vs PSV Eindhoven,1,True,Goles,goles,Total,Goles: Menos de 5.5,5.5,0.7865,0.7697,meter,1.231,0.7528608713109818,5.0,1,0.5
2026-09-20,eredivisie,Eredivisie,Twente vs PSV Eindhoven,2,True,BTTS,btts,Ambos marcan,Ambos marcan: Sí,,0.7285,0.7406,meter,1.25,0.7422680412371133,5.0,1,
2026-09-20,eredivisie,Eredivisie,Twente vs PSV Eindhoven,3,False,Doble oportunidad,resultado,Doble,PSV Eindhoven o empate,,0.6382,0.7023,meter,1.333,0.6876462931651173,5.0,0,
2026-09-20,eredivisie,Eredivisie,Twente vs PSV Eindhoven,4,False,Córners,corners,Total,Córners: Menos de 11.5,11.5,0.5918,0.6918,no_meter,1.455,,5.0,1,0.5
2026-09-20,eredivisie,Eredivisie,Twente vs PSV Eindhoven,5,False,Tarjetas,tarjetas,Visita,Tarjetas Visita: Más de 1.5,1.5,0.5422,0.5422,no_meter,1.667,,5.0,1,1.5
2026-09-20,eredivisie,Eredivisie,Twente vs PSV Eindhoven,6,False,Remates a puerta,remates_on,Visita,Remates a puerta Visita: Más de 5.5,5.5,0.522,0.522,no_meter,1.8,,5.0,0,1.5
2026-09-20,aut_bundesliga,Austrian Bundesliga,Hartberg vs LASK,1,True,Goles,goles,Total,Goles: Menos de 4.5,4.5,0.7583,0.7389,meter,1.3,0.7194042736887546,6.0,0,1.5
2026-09-20,aut_bundesliga,Austrian Bundesliga,Hartberg vs LASK,2,True,1X2,resultado,Resultado,Gana LASK,,0.6198,0.7105,meter,1.333,0.7041772648901484,6.0,0,
2026-09-20,aut_bundesliga,Austrian Bundesliga,Hartberg vs LASK,3,False,BTTS,btts,Ambos marcan,Ambos marcan: Sí,,0.5494,0.5643,no_meter,1.69,0.5481283422459893,6.0,1,
2026-09-20,rsa_premier,South African Premier Division,Marumo Gallants vs Orlando Pirates,1,True,Goles,goles,Total,Goles: Menos de 3.5,3.5,0.7733,0.7578,meter,1.25,0.7422680412371133,2.0,1,1.5
2026-09-20,rsa_premier,South African Premier Division,Marumo Gallants vs Orlando Pirates,2,False,1X2,resultado,Resultado,Gana Orlando Pirates,,0.6965,0.7026,no_meter,1.375,0.6669975186104218,2.0,1,
2026-09-20,rsa_premier,South African Premier Division,Marumo Gallants vs Orlando Pirates,3,False,BTTS,btts,Ambos marcan,Ambos marcan: No,,0.6036,0.6038,no_meter,1.5,0.6153846153846154,2.0,1,
2026-09-20,premier,Premier League,Man City vs Sunderland,1,False,Goles,goles,Total,Goles: Menos de 4.5,4.5,0.8197,0.8014,no_meter,1.2,0.7831194650280138,8.0,0,3.5
2026-09-20,premier,Premier League,Man City vs Sunderland,2,False,1X2,resultado,Resultado,Gana Man City,,0.6726,0.7108,no_meter,1.364,0.697704961092688,8.0,1,
2026-09-20,premier,Premier League,Man City vs Sunderland,3,False,BTTS,btts,Ambos marcan,Ambos marcan: No,,0.506,0.4963,no_meter,1.87,0.5107273678702251,8.0,0,
2026-09-20,premier,Premier League,Leeds vs Crystal Palace,1,True,Doble oportunidad,resultado,Resultado,Leeds o empate,,0.772,0.772,meter,1.2,0.8059,0.0,1,
2026-09-20,premier,Premier League,Leeds vs Crystal Palace,2,True,Goles,goles,Total,Goles: Más de 1.5,1.5,0.8012,0.7879,meter,1.222,0.7746219107340465,0.0,0,1.5
2026-09-20,premier,Premier League,Leeds vs Crystal Palace,3,False,BTTS,btts,Ambos marcan,Ambos marcan: Sí,,0.5356,0.5649,no_meter,1.714,0.550603041426324,0.0,0,
2026-09-20,ita_serie_b,Serie B,Arezzo vs Sudtirol,1,False,Goles,goles,Total,Goles: Más de 1.5,1.5,0.6889,0.672,no_meter,1.429,0.6550808592807144,5.0,1,3.5
2026-09-20,ita_serie_b,Serie B,Arezzo vs Sudtirol,2,False,Doble oportunidad,resultado,Doble,Arezzo o Sudtirol,,0.523,0.623,no_meter,1.333,,5.0,1,
2026-09-20,ita_serie_b,Serie B,Arezzo vs Sudtirol,3,False,BTTS,btts,Ambos marcan,Ambos marcan: No,,0.5174,0.5589,no_meter,1.714,0.5385029617662898,5.0,0,
2026-09-20,premier,Premier League,Bournemouth vs Liverpool,1,True,Goles,goles,Total,Goles: Menos de 4.5,4.5,0.7987,0.7705,meter,1.273,0.7423076923076923,1.0,1,3.5
2026-09-20,premier,Premier League,Bournemouth vs Liverpool,2,False,Doble oportunidad,resultado,Doble,Liverpool o empate,,0.5812,0.6829,no_meter,1.364,0.6846640087009869,1.0,1,
2026-09-20,premier,Premier League,Bournemouth vs Liverpool,3,False,BTTS,btts,Ambos marcan,Ambos marcan: Sí,,0.6188,0.6828,no_meter,1.435,0.6487148102815177,1.0,0,
2026-09-20,serie_a,Serie A,Parma vs Genoa,1,False,Doble oportunidad,resultado,Doble,Genoa o empate,,0.533,0.6672,no_meter,1.333,0.7014783381632073,3.0,0,
2026-09-20,serie_a,Serie A,Parma vs Genoa,2,False,Goles,goles,Total,Goles: Más de 1.5,1.5,0.6457,0.6415,no_meter,1.48,0.6372549019607844,3.0,1,1.5
2026-09-20,serie_a,Serie A,Parma vs Genoa,3,False,BTTS,btts,Ambos marcan,Ambos marcan: No,,0.5245,0.56,no_meter,1.741,0.5407544183592718,3.0,0,
2026-09-20,ita_serie_b,Serie B,Verona vs Vicenza,1,True,Goles,goles,Total,Goles: Más de 1.5,1.5,0.7664,0.753,meter,1.267,0.7396753647010479,3.0,1,1.5
2026-09-20,ita_serie_b,Serie B,Verona vs Vicenza,2,False,BTTS,btts,Ambos marcan,Ambos marcan: Sí,,0.5351,0.5589,no_meter,1.714,0.5385029617662898,3.0,1,
2026-09-20,rsa_premier,South African Premier Division,Milford FC vs Durban City,1,True,Doble oportunidad,resultado,Doble,Milford FC o Durban City,,0.689,0.735,meter,1.333,,2.0,0,
2026-09-20,rsa_premier,South African Premier Division,Milford FC vs Durban City,2,False,Goles,goles,Total,Goles: Menos de 2.5,2.5,0.6452,0.6303,no_meter,1.5,0.6153846153846154,2.0,1,0.5
2026-09-20,rsa_premier,South African Premier Division,Milford FC vs Durban City,3,False,BTTS,btts,Ambos marcan,Ambos marcan: No,,0.5324,0.5629,no_meter,1.7,0.5466666666666666,2.0,0,
2026-09-20,serie_a,Serie A,Frosinone vs Como,1,True,Goles,goles,Total,Goles: Menos de 4.5,4.5,0.7778,0.75,meter,1.308,0.7221750212404418,2.0,1,2.5
2026-09-20,serie_a,Serie A,Frosinone vs Como,2,False,1X2,resultado,Resultado,Gana Como,,0.5842,0.6033,no_meter,1.53,0.6226312939902545,2.0,0,
2026-09-20,serie_a,Serie A,Frosinone vs Como,3,False,BTTS,btts,Ambos marcan,Ambos marcan: Sí,,0.5786,0.5928,no_meter,1.556,0.6016385048643113,2.0,0,
2026-09-20,ligue_1,Ligue 1,Auxerre vs Brest,1,True,Goles,goles,Total,Goles: Más de 1.5,1.5,0.7863,0.7755,meter,1.231,0.7646721468170522,3.0,1,1.5
2026-09-20,ligue_1,Ligue 1,Auxerre vs Brest,2,False,Doble oportunidad,resultado,Doble,Auxerre o empate,,0.6082,0.5916,no_meter,1.583,0.5899209237052413,3.0,1,
2026-09-20,ligue_1,Ligue 1,Auxerre vs Brest,3,False,BTTS,btts,Ambos marcan,Ambos marcan: Sí,,0.5931,0.5901,no_meter,1.571,0.594161715319039,3.0,1,
2026-09-20,uru_primera,Primera División,Albion FC vs Juventud,1,True,Goles,goles,Total,Goles: Menos de 3.5,3.5,0.7707,0.7582,meter,1.25,0.7457799471222291,4.0,0,0.5
2026-09-20,uru_primera,Primera División,Albion FC vs Juventud,2,True,Córners,corners,Total,Córners: Menos de 11.5,11.5,0.8032,0.7451,meter,1.273,,4.0,1,0.5
2026-09-20,uru_primera,Primera División,Albion FC vs Juventud,3,False,Doble oportunidad,resultado,Doble,Albion FC o Juventud,,0.7,0.7389,meter,1.308,,4.0,1,
2026-09-20,uru_primera,Primera División,Albion FC vs Juventud,4,False,BTTS,btts,Ambos marcan,Ambos marcan: Sí,,0.5073,0.496,no_meter,1.8,0.5095367847411445,4.0,1,
2026-09-20,rsa_premier,South African Premier Division,Golden Arrows vs Kaizer Chiefs,1,True,Doble oportunidad,resultado,Doble,Golden Arrows o Kaizer Chiefs,,0.679,0.7296,meter,1.333,,0.0,0,
2026-09-20,rsa_premier,South African Premier Division,Golden Arrows vs Kaizer Chiefs,2,False,Goles,goles,Total,Goles: Menos de 2.5,2.5,0.6598,0.6481,no_meter,1.455,0.636340914771307,0.0,1,2.5
2026-09-20,rsa_premier,South African Premier Division,Golden Arrows vs Kaizer Chiefs,3,False,BTTS,btts,Ambos marcan,Ambos marcan: No,,0.5445,0.5685,no_meter,1.667,0.5574727900185825,0.0,1,
2026-09-20,bundesliga,Bundesliga,Leverkusen vs RB Leipzig,1,True,Goles,goles,Total,Goles: Más de 2.5,2.5,0.7247,0.7205,meter,1.32,0.7163120567375887,2.0,0,0.5
2026-09-20,bundesliga,Bundesliga,Leverkusen vs RB Leipzig,2,True,BTTS,btts,Ambos marcan,Ambos marcan: Sí,,0.6876,0.7169,meter,1.333,0.6993006993006993,2.0,0,
2026-09-20,turquia,Süper Lig,Fenerbahce vs Eyupspor,1,True,Goles,goles,Total,Goles: Menos de 4.5,4.5,0.7785,0.7535,meter,1.267,0.7285193914720377,8.0,0,3.5
2026-09-20,turquia,Süper Lig,Fenerbahce vs Eyupspor,2,False,Córners,corners,Total,Córners: Más de 9.5,9.5,0.5684,0.5833,no_meter,1.667,,8.0,1,4.5
2026-09-20,turquia,Süper Lig,Fenerbahce vs Eyupspor,3,False,BTTS,btts,Ambos marcan,Ambos marcan: No,,0.5395,0.5683,no_meter,1.667,0.5574727900185825,8.0,1,
2026-09-20,turquia,Süper Lig,Fenerbahce vs Eyupspor,4,False,Tarjetas,tarjetas,Total,Tarjetas: Más de 3.5,3.5,0.5504,0.5504,no_meter,1.333,,8.0,0,1.5
2026-09-20,turquia,Süper Lig,Fenerbahce vs Eyupspor,5,False,Remates a puerta,remates_on,Visita,Remates a puerta Visita: Menos de 2.5,2.5,0.5383,0.5383,no_meter,1.8,,8.0,0,3.5
2026-09-20,gre_super_league,Super League Greece,Levadeiakos vs Olympiakos,1,True,Goles,goles,Total,Goles: Más de 1.5,1.5,0.749,0.7411,meter,1.273,0.7332914309658495,1.0,0,0.5
2026-09-20,gre_super_league,Super League Greece,Levadeiakos vs Olympiakos,2,True,1X2,resultado,Resultado,Gana Olympiakos,,0.6883,0.7208,meter,1.333,0.7068580943105777,1.0,1,
2026-09-20,gre_super_league,Super League Greece,Levadeiakos vs Olympiakos,3,False,BTTS,btts,Ambos marcan,Ambos marcan: No,,0.5754,0.5936,no_meter,1.546,0.6031827515400411,1.0,1,
2026-09-20,gre_super_league,Super League Greece,Levadeiakos vs Olympiakos,4,False,Remates,remates,Total,Remates: Más de 22.5,22.5,0.5164,0.5164,no_meter,1.53,,1.0,1,3.5
2026-09-20,bel_pro_league,Jupiler Pro League,St Truiden vs Westerlo,1,True,Doble oportunidad,resultado,Resultado,St Truiden o empate,,0.752,0.752,meter,1.177,0.8106,2.0,0,
2026-09-20,bel_pro_league,Jupiler Pro League,St Truiden vs Westerlo,2,True,Goles,goles,Total,Goles: Menos de 4.5,4.5,0.7554,0.7443,meter,1.273,0.7332914309658495,2.0,1,2.5
2026-09-20,bel_pro_league,Jupiler Pro League,St Truiden vs Westerlo,3,False,Remates a puerta,remates_on,Local,Remates a puerta Local: Menos de 6.5,6.5,0.6847,0.6847,no_meter,1.471,,2.0,1,3.5
2026-09-20,bel_pro_league,Jupiler Pro League,St Truiden vs Westerlo,4,False,BTTS,btts,Ambos marcan,Ambos marcan: Sí,,0.6201,0.6751,no_meter,1.476,0.6333830104321907,2.0,0,
2026-09-20,bel_pro_league,Jupiler Pro League,St Truiden vs Westerlo,5,False,Tarjetas,tarjetas,Total,Tarjetas: Más de 2.5,2.5,0.67,0.67,no_meter,1.273,,2.0,0,0.5
2026-09-20,bel_pro_league,Jupiler Pro League,St Truiden vs Westerlo,6,False,Remates,remates,Local,Remates Local: Más de 14.5,14.5,0.6335,0.6335,no_meter,1.52,,2.0,1,2.5
2026-09-20,bel_pro_league,Jupiler Pro League,St Truiden vs Westerlo,7,False,Córners,corners,Total,Córners: Más de 8.5,8.5,0.5158,0.6158,no_meter,1.333,,2.0,1,0.5
2026-09-20,brasil,Brasileirão Serie A,Gremio vs Palmeiras,1,True,Córners,corners,Total,Córners: Menos de 13,13.0,0.8049,0.7451,meter,1.3,,0.0,1,2.0
2026-09-20,brasil,Brasileirão Serie A,Gremio vs Palmeiras,2,True,Goles,goles,Total,Goles: Más de 1.5,1.5,0.7431,0.7333,meter,1.3,0.7234042553191489,0.0,0,1.5
2026-09-20,brasil,Brasileirão Serie A,Gremio vs Palmeiras,3,False,Remates a puerta,remates_on,Local,Remates a puerta Local: Más de 2.5,2.5,0.7395,0.7395,no_meter,1.32,,0.0,1,1.5
2026-09-20,brasil,Brasileirão Serie A,Gremio vs Palmeiras,4,False,Tarjetas,tarjetas,Total,Tarjetas: Más de 4.5,4.5,0.5932,0.5932,no_meter,1.333,,0.0,0,4.5
2026-09-20,brasil,Brasileirão Serie A,Gremio vs Palmeiras,5,False,Remates,remates,Local,Remates Local: Menos de 13.5,13.5,0.5784,0.5784,no_meter,1.52,,0.0,1,6.5
2026-09-20,brasil,Brasileirão Serie A,Gremio vs Palmeiras,6,False,BTTS,btts,Ambos marcan,Ambos marcan: Sí,,0.5117,0.4973,no_meter,1.87,0.5107273678702251,0.0,0,
2026-09-20,bra_serie_b,Brasileirão Série B,Ponte Preta vs CRB,1,False,Remates a puerta,remates_on,Local,Remates a puerta Local: Menos de 4.5,4.5,0.7084,0.7084,no_meter,1.273,,1.0,1,1.5
2026-09-20,bra_serie_b,Brasileirão Série B,Ponte Preta vs CRB,2,False,1X2,resultado,Resultado,Gana CRB,,0.6371,0.7022,no_meter,1.364,0.687442713107241,1.0,0,
2026-09-20,bra_serie_b,Brasileirão Série B,Ponte Preta vs CRB,3,False,Goles,goles,Total,Goles: Menos de 3.5,3.5,0.6899,0.6611,no_meter,1.48,0.6323894684550421,1.0,1,2.5
2026-09-20,bra_serie_b,Brasileirão Série B,Ponte Preta vs CRB,4,False,Remates,remates,Local,Remates Local: Menos de 11.5,11.5,0.6159,0.6159,no_meter,1.52,,1.0,1,3.5
2026-09-20,bra_serie_b,Brasileirão Série B,Ponte Preta vs CRB,5,False,Córners,corners,Total,Córners: Más de 8.5,8.5,0.5049,0.6049,no_meter,1.3,,1.0,1,1.5
2026-09-20,bra_serie_b,Brasileirão Série B,Ponte Preta vs CRB,6,False,Tarjetas,tarjetas,Total,Tarjetas: Más de 3.5,3.5,0.5587,0.5587,no_meter,1.333,,1.0,0,3.5
2026-09-20,bra_serie_b,Brasileirão Série B,Ponte Preta vs CRB,7,False,BTTS,btts,Ambos marcan,Ambos marcan: No,,0.5331,0.4995,no_meter,1.8,0.5095367847411445,1.0,1,
2026-09-20,dinamarca,Superliga,Horsens vs Aarhus,1,True,Goles,goles,Total,Goles: Más de 1.5,1.5,0.7939,0.772,meter,1.25,0.75,4.0,1,2.5
2026-09-20,dinamarca,Superliga,Horsens vs Aarhus,2,True,Tarjetas,tarjetas,Total,Tarjetas: Más de 2.5,2.5,0.7479,0.7479,meter,1.3,,4.0,1,1.5
2026-09-20,dinamarca,Superliga,Horsens vs Aarhus,3,False,Córners,corners,Total,Córners: Más de 7.5,7.5,0.7611,0.7451,meter,1.25,,4.0,0,2.5
2026-09-20,dinamarca,Superliga,Horsens vs Aarhus,4,False,Remates a puerta,remates_on,Total,Remates a puerta: Más de 7.5,7.5,0.6774,0.6774,no_meter,1.429,,4.0,1,0.5
2026-09-20,dinamarca,Superliga,Horsens vs Aarhus,5,False,Remates,remates,Total,Remates: Menos de 27.5,27.5,0.6107,0.6107,no_meter,1.538,,4.0,0,6.5
2026-09-20,dinamarca,Superliga,Horsens vs Aarhus,6,False,BTTS,btts,Ambos marcan,Ambos marcan: Sí,,0.5556,0.56,no_meter,1.714,0.5385029617662898,4.0,1,
2026-09-20,laliga,LaLiga,Ath Madrid vs Real Madrid,1,True,Goles,goles,Total,Goles: Menos de 4.5,4.5,0.7852,0.7749,meter,1.231,0.7646721468170522,3.0,1,1.5
2026-09-20,laliga,LaLiga,Ath Madrid vs Real Madrid,2,True,Córners,corners,Total,Córners: Menos de 13,13.0,0.8098,0.7451,meter,1.273,,3.0,1,9.0
2026-09-20,laliga,LaLiga,Ath Madrid vs Real Madrid,3,False,BTTS,btts,Ambos marcan,Ambos marcan: Sí,,0.6254,0.6751,no_meter,1.476,0.6333830104321907,3.0,1,
2026-09-20,laliga,LaLiga,Ath Madrid vs Real Madrid,4,False,Doble oportunidad,resultado,Doble,Real Madrid o empate,,0.503,0.6586,no_meter,1.308,0.7141470285152722,3.0,0,
2026-09-20,laliga,LaLiga,Ath Madrid vs Real Madrid,5,False,Remates a puerta,remates_on,Total,Remates a puerta: Menos de 11.5,11.5,0.6576,0.6576,no_meter,1.5,,3.0,0,0.5
2026-09-20,laliga,LaLiga,Ath Madrid vs Real Madrid,6,False,Remates,remates,Visita,Remates Visita: Menos de 15.5,15.5,0.5945,0.5945,no_meter,1.6,,3.0,1,7.5
2026-09-20,laliga,LaLiga,Ath Madrid vs Real Madrid,7,False,Tarjetas,tarjetas,Total,Tarjetas: Más de 3.5,3.5,0.562,0.562,no_meter,1.25,,3.0,1,0.5
2026-09-20,esp_hypermotion,LaLiga Hypermotion,Ceuta vs Valladolid,1,True,Goles,goles,Total,Goles: Menos de 3.5,3.5,0.7776,0.7617,meter,1.25,0.7457799471222291,2.0,1,1.5
2026-09-20,esp_hypermotion,LaLiga Hypermotion,Ceuta vs Valladolid,2,True,Tarjetas,tarjetas,Total,Tarjetas: Menos de 6.5,6.5,0.736,0.736,meter,1.333,,2.0,1,2.5
2026-09-20,esp_hypermotion,LaLiga Hypermotion,Ceuta vs Valladolid,3,False,Doble oportunidad,resultado,Doble,Ceuta o Valladolid,,0.671,0.7225,meter,1.308,,2.0,0,
2026-09-20,esp_hypermotion,LaLiga Hypermotion,Ceuta vs Valladolid,4,False,Córners,corners,Total,Córners: Más de 6.5,6.5,0.6602,0.7169,meter,1.222,,2.0,0,0.5
2026-09-20,esp_hypermotion,LaLiga Hypermotion,Ceuta vs Valladolid,5,False,Remates a puerta,remates_on,Local,Remates a puerta Local: Más de 2.5,2.5,0.6377,0.6377,no_meter,1.308,,2.0,1,0.5
2026-09-20,esp_hypermotion,LaLiga Hypermotion,Ceuta vs Valladolid,6,False,BTTS,btts,Ambos marcan,Ambos marcan: Sí,,0.5071,0.496,no_meter,1.8,0.5095367847411445,2.0,1,
2026-09-20,primeira,Primeira Liga,Guimaraes vs Moreirense,1,True,Córners,corners,Total,Córners: Menos de 11.5,11.5,0.8112,0.7451,meter,1.222,,2.0,1,8.5
2026-09-20,primeira,Primeira Liga,Guimaraes vs Moreirense,2,True,Goles,goles,Total,Goles: Más de 1.5,1.5,0.7406,0.7369,meter,1.273,0.7332914309658495,2.0,1,0.5
2026-09-20,primeira,Primeira Liga,Guimaraes vs Moreirense,3,False,Remates a puerta,remates_on,Visita,Remates a puerta Visita: Más de 1.5,1.5,0.7312,0.7312,no_meter,1.267,,2.0,1,1.5
2026-09-20,primeira,Primeira Liga,Guimaraes vs Moreirense,4,False,1X2,resultado,Resultado,Gana Guimaraes,,0.6568,0.6873,no_meter,1.429,0.6577528297337352,2.0,0,
2026-09-20,primeira,Primeira Liga,Guimaraes vs Moreirense,5,False,Tarjetas,tarjetas,Local,Tarjetas Local: Más de 1.5,1.5,0.6501,0.6501,no_meter,1.5,,2.0,0,1.5
2026-09-20,primeira,Primeira Liga,Guimaraes vs Moreirense,6,False,BTTS,btts,Ambos marcan,Ambos marcan: No,,0.5557,0.5694,no_meter,1.667,0.5574727900185825,2.0,0,
2026-09-20,primeira,Primeira Liga,Estrela vs Academico Viseu,1,True,Córners,corners,Total,Córners: Menos de 11.5,11.5,0.7026,0.7389,meter,1.222,,2.0,1,4.5
2026-09-20,primeira,Primeira Liga,Estrela vs Academico Viseu,2,True,Goles,goles,Total,Goles: Más de 1.5,1.5,0.7453,0.7324,meter,1.3,0.7194042736887546,2.0,1,0.5
2026-09-20,primeira,Primeira Liga,Estrela vs Academico Viseu,3,False,Remates a puerta,remates_on,Visita,Remates a puerta Visita: Más de 2.5,2.5,0.692,0.692,no_meter,1.385,,2.0,1,1.5
2026-09-20,primeira,Primeira Liga,Estrela vs Academico Viseu,4,False,Tarjetas,tarjetas,Total,Tarjetas: Menos de 5.5,5.5,0.5991,0.5991,no_meter,1.7,,2.0,1,0.5
2026-09-20,primeira,Primeira Liga,Estrela vs Academico Viseu,5,False,Doble oportunidad,resultado,Doble,Academico Viseu o empate,,0.525,0.5721,no_meter,1.625,0.5649525584971529,2.0,1,
2026-09-20,primeira,Primeira Liga,Estrela vs Academico Viseu,6,False,BTTS,btts,Ambos marcan,Ambos marcan: Sí,,0.517,0.5539,no_meter,1.741,0.52856756024912,2.0,0,
2026-09-20,primeira,Primeira Liga,Estrela vs Academico Viseu,7,False,Remates,remates,Total,Remates: Más de 24.5,24.5,0.5389,0.5389,no_meter,1.583,,2.0,0,0.5
2026-09-20,suecia,Allsvenskan,Degerfors vs Hammarby,1,True,Goles,goles,Total,Goles: Menos de 4.5,4.5,0.8157,0.7855,meter,1.231,0.7553170343868019,1.0,1,3.5
2026-09-20,suecia,Allsvenskan,Degerfors vs Hammarby,2,True,1X2,resultado,Resultado,Gana Hammarby,,0.646,0.7143,meter,1.32,0.7117437722419928,1.0,1,
2026-09-20,suecia,Allsvenskan,Degerfors vs Hammarby,3,False,Remates a puerta,remates_on,Local,Remates a puerta Local: Más de 1.5,1.5,0.8122,0.8122,no_meter,1.231,,1.0,0,0.5
2026-09-20,suecia,Allsvenskan,Degerfors vs Hammarby,4,False,Córners,corners,Total,Córners: Menos de 12.5,12.5,0.5086,0.6086,no_meter,1.286,,1.0,1,5.5
2026-09-20,suecia,Allsvenskan,Degerfors vs Hammarby,5,False,BTTS,btts,Ambos marcan,Ambos marcan: Sí,,0.5052,0.4907,no_meter,1.833,0.5,1.0,0,
2026-09-20,suecia,Allsvenskan,Mjallby vs GAIS,1,True,Goles,goles,Total,Goles: Más de 1.5,1.5,0.7731,0.7642,meter,1.231,0.7553170343868019,3.0,1,1.5
2026-09-20,suecia,Allsvenskan,Mjallby vs GAIS,2,False,Córners,corners,Total,Córners: Menos de 11.5,11.5,0.7365,0.7407,no_meter,1.364,,3.0,1,6.5
2026-09-20,suecia,Allsvenskan,Mjallby vs GAIS,3,False,Doble oportunidad,resultado,Doble,Mjallby o empate,,0.656,0.6685,no_meter,1.48,0.6201057165231009,3.0,0,
2026-09-20,suecia,Allsvenskan,Mjallby vs GAIS,4,False,BTTS,btts,Ambos marcan,Ambos marcan: Sí,,0.5677,0.5792,no_meter,1.625,0.5751633986928104,3.0,0,
2026-09-20,suecia,Allsvenskan,Mjallby vs GAIS,5,False,Remates a puerta,remates_on,Total,Remates a puerta: Más de 7.5,7.5,0.5783,0.5783,no_meter,1.364,,3.0,1,3.5
2026-09-20,ned_eerste,Eerste Divisie,De Graafschap vs NAC Breda,1,True,Goles,goles,Total,Goles: Menos de 4.5,4.5,0.7512,0.7394,meter,1.273,0.7275839931521506,3.0,1,1.5
2026-09-20,ned_eerste,Eerste Divisie,De Graafschap vs NAC Breda,2,False,Córners,corners,Total,Córners: Más de 9.5,9.5,0.593,0.693,no_meter,1.455,,3.0,0,1.5
2026-09-20,ned_eerste,Eerste Divisie,De Graafschap vs NAC Breda,3,False,BTTS,btts,Ambos marcan,Ambos marcan: Sí,,0.6217,0.6766,no_meter,1.455,0.636340914771307,3.0,1,
2026-09-20,eredivisie,Eredivisie,Nijmegen vs Go Ahead Eagles,1,True,Doble oportunidad,resultado,Doble,Nijmegen o empate,,0.7317,0.7197,meter,1.308,0.7005206085538817,2.0,1,
2026-09-20,eredivisie,Eredivisie,Nijmegen vs Go Ahead Eagles,2,True,BTTS,btts,Ambos marcan,Ambos marcan: Sí,,0.6874,0.7133,meter,1.333,0.6923609508423725,2.0,1,
2026-09-20,eredivisie,Eredivisie,Nijmegen vs Go Ahead Eagles,3,False,Goles,goles,Total,Goles: Más de 2.5,2.5,0.7098,0.7011,meter,1.333,0.6923609508423725,2.0,0,0.5
2026-09-20,eredivisie,Eredivisie,Nijmegen vs Go Ahead Eagles,4,False,Córners,corners,Total,Córners: Menos de 11.5,11.5,0.6001,0.5902,no_meter,1.5,,2.0,0,0.5
2026-09-20,eredivisie,Eredivisie,Nijmegen vs Go Ahead Eagles,5,False,Remates a puerta,remates_on,Visita,Remates a puerta Visita: Menos de 4.5,4.5,0.5247,0.5247,no_meter,1.733,,2.0,0,1.5
2026-09-20,eredivisie,Eredivisie,Nijmegen vs Go Ahead Eagles,6,False,Remates,remates,Local,Remates Local: Menos de 18.5,18.5,0.51,0.51,no_meter,1.778,,2.0,1,1.5
2026-09-20,gre_super_league,Super League Greece,Volos NFC vs AEK,1,True,1X2,resultado,Resultado,Gana AEK,,0.6966,0.7225,meter,1.333,0.7068580943105777,3.0,1,
2026-09-20,gre_super_league,Super League Greece,Volos NFC vs AEK,2,False,Goles,goles,Total,Goles: Menos de 3.5,3.5,0.661,0.6467,no_meter,1.48,0.6323894684550421,3.0,1,0.5
2026-09-20,gre_super_league,Super League Greece,Volos NFC vs AEK,3,False,BTTS,btts,Ambos marcan,Ambos marcan: No,,0.5147,0.5539,no_meter,1.741,0.52856756024912,3.0,0,
2026-09-20,noruega,Eliteserien,Tromso vs Ham-Kam,1,True,Doble oportunidad,resultado,Resultado,Tromso o empate,,0.786,0.786,meter,1.111,0.8548,5.0,1,
2026-09-20,noruega,Eliteserien,Tromso vs Ham-Kam,2,True,Goles,goles,Total,Goles: Menos de 4.5,4.5,0.756,0.7669,meter,1.2,0.7777777777777778,5.0,0,0.5
2026-09-20,noruega,Eliteserien,Tromso vs Ham-Kam,3,False,BTTS,btts,Ambos marcan,Ambos marcan: Sí,,0.5591,0.5602,no_meter,1.714,0.5385029617662898,5.0,1,
2026-09-20,noruega,Eliteserien,Sandefjord vs Start,1,True,Córners,corners,Total,Córners: Más de 8.5,8.5,0.7557,0.7451,meter,1.333,,3.0,1,0.5
2026-09-20,noruega,Eliteserien,Sandefjord vs Start,2,False,Remates a puerta,remates_on,Visita,Remates a puerta Visita: Menos de 5.5,5.5,0.6795,0.6795,no_meter,1.333,,3.0,1,5.5
2026-09-20,noruega,Eliteserien,Sandefjord vs Start,3,False,Goles,goles,Total,Goles: Menos de 3.5,3.5,0.6,0.6162,no_meter,1.48,0.6323894684550421,3.0,1,0.5
2026-09-20,noruega,Eliteserien,Sandefjord vs Start,4,False,BTTS,btts,Ambos marcan,Ambos marcan: Sí,,0.6082,0.5982,no_meter,1.546,0.6031827515400411,3.0,0,
2026-09-20,aut_bundesliga,Austrian Bundesliga,Salzburg vs Sturm Graz,1,False,Goles,goles,Total,Goles: Menos de 4.5,4.5,0.7428,0.7151,no_meter,1.364,0.687442713107241,3.0,1,1.5
2026-09-20,aut_bundesliga,Austrian Bundesliga,Salzburg vs Sturm Graz,2,False,BTTS,btts,Ambos marcan,Ambos marcan: Sí,,0.6284,0.679,no_meter,1.455,0.6411837237977805,3.0,0,
2026-09-20,aut_bundesliga,Austrian Bundesliga,Salzburg vs Sturm Graz,3,False,1X2,resultado,Resultado,Gana Salzburg,,0.5381,0.5914,no_meter,1.556,0.6035083954723459,3.0,1,
2026-09-20,noruega,Eliteserien,Viking vs Lillestrom,1,True,1X2,resultado,Resultado,Gana Viking,,0.6608,0.7105,meter,1.333,0.7041772648901484,3.0,1,
2026-09-20,noruega,Eliteserien,Viking vs Lillestrom,2,False,Remates a puerta,remates_on,Visita,Remates a puerta Visita: Menos de 4.5,4.5,0.7288,0.7288,no_meter,1.32,,3.0,0,1.5
2026-09-20,noruega,Eliteserien,Viking vs Lillestrom,3,False,Goles,goles,Total,Goles: Menos de 4.5,4.5,0.7086,0.6787,no_meter,1.444,0.6487472634395525,3.0,1,1.5
2026-09-20,noruega,Eliteserien,Viking vs Lillestrom,4,False,Remates,remates,Local,Remates Local: Menos de 19.5,19.5,0.6133,0.6133,no_meter,1.583,,3.0,0,2.5
2026-09-20,noruega,Eliteserien,Viking vs Lillestrom,5,False,BTTS,btts,Ambos marcan,Ambos marcan: Sí,,0.6128,0.6023,no_meter,1.526,0.6113092205807437,3.0,0,
2026-09-20,noruega,Eliteserien,Viking vs Lillestrom,6,False,Córners,corners,Visita,Córners Visita: Menos de 4.5,4.5,0.5718,0.5837,no_meter,1.6,,3.0,0,1.5
2026-09-20,ita_serie_b,Serie B,Mantova vs Pisa,1,True,Goles,goles,Total,Goles: Más de 1.5,1.5,0.747,0.7332,meter,1.3,0.7194042736887546,4.0,1,2.5
2026-09-20,ita_serie_b,Serie B,Mantova vs Pisa,2,True,Doble oportunidad,resultado,Doble,Mantova o Pisa,,0.668,0.7199,meter,1.32,,4.0,0,
2026-09-20,ita_serie_b,Serie B,Mantova vs Pisa,3,False,BTTS,btts,Ambos marcan,Ambos marcan: Sí,,0.5351,0.5589,no_meter,1.714,0.5385029617662898,4.0,1,
2026-09-20,ligue_1,Ligue 1,Nice vs Lille,1,True,Goles,goles,Total,Goles: Más de 1.5,1.5,0.7478,0.7501,meter,1.25,0.7524752475247526,3.0,1,1.5
2026-09-20,ligue_1,Ligue 1,Nice vs Lille,2,False,Doble oportunidad,resultado,Doble,Lille o empate,,0.554,0.6777,no_meter,1.333,0.7014246893025113,3.0,0,
2026-09-20,ligue_1,Ligue 1,Nice vs Lille,3,False,BTTS,btts,Ambos marcan,Ambos marcan: Sí,,0.5658,0.5731,no_meter,1.667,0.5632695834424941,3.0,1,
2026-09-20,premier,Premier League,Fulham vs Man United,1,True,Goles,goles,Total,Goles: Menos de 4.5,4.5,0.7878,0.7762,meter,1.231,0.7646721468170522,2.0,1,2.5
2026-09-20,premier,Premier League,Fulham vs Man United,2,False,Doble oportunidad,resultado,Doble,Man United o empate,,0.5174,0.6678,no_meter,1.3,0.7182603823621145,2.0,1,
2026-09-20,premier,Premier League,Fulham vs Man United,3,False,BTTS,btts,Ambos marcan,Ambos marcan: Sí,,0.6139,0.6091,no_meter,1.5,0.625,2.0,1,
2026-09-20,bundesliga,Bundesliga,Schalke 04 vs Elversberg,1,True,Goles,goles,Total,Goles: Menos de 4.5,4.5,0.7436,0.743,meter,1.273,0.7423076923076923,0.0,1,4.5
2026-09-20,bundesliga,Bundesliga,Schalke 04 vs Elversberg,2,False,BTTS,btts,Ambos marcan,Ambos marcan: Sí,,0.6389,0.679,no_meter,1.455,0.6411837237977805,0.0,0,
2026-09-20,bundesliga,Bundesliga,Schalke 04 vs Elversberg,3,False,Remates a puerta,remates_on,Local,Remates a puerta Local: Menos de 6.5,6.5,0.6606,0.6606,no_meter,1.35,,0.0,1,5.5
2026-09-20,rsa_premier,South African Premier Division,TS Galaxy FC vs Chippa United,1,True,Doble oportunidad,resultado,Doble,TS Galaxy FC o Chippa United,,0.678,0.7287,meter,1.333,,1.0,1,
2026-09-20,rsa_premier,South African Premier Division,TS Galaxy FC vs Chippa United,2,False,Goles,goles,Total,Goles: Menos de 2.5,2.5,0.652,0.6442,no_meter,1.455,0.636340914771307,1.0,1,1.5
2026-09-20,rsa_premier,South African Premier Division,TS Galaxy FC vs Chippa United,3,False,BTTS,btts,Ambos marcan,Ambos marcan: No,,0.5724,0.5814,no_meter,1.6,0.5789473684210527,1.0,1,
2026-09-20,rsa_premier,South African Premier Division,TS Galaxy FC vs Chippa United,4,False,Córners,corners,Total,Córners: Menos de 9.5,9.5,0.5141,0.4844,no_meter,1.833,,1.0,1,0.5
2026-09-20,serie_a,Serie A,Juventus vs Atalanta,1,True,Doble oportunidad,resultado,Resultado,Juventus o empate,,0.717,0.717,meter,1.177,0.8161,2.0,1,
2026-09-20,serie_a,Serie A,Juventus vs Atalanta,2,True,Goles,goles,Total,Goles: Más de 1.5,1.5,0.7447,0.738,meter,1.286,0.7312996239030507,2.0,1,0.5
2026-09-20,serie_a,Serie A,Juventus vs Atalanta,3,False,BTTS,btts,Ambos marcan,Ambos marcan: Sí,,0.513,0.4974,no_meter,1.87,0.5107273678702251,2.0,0,
2026-09-20,dinamarca,Superliga,Viborg vs Nordsjaelland,1,True,Goles,goles,Total,Goles: Menos de 4.5,4.5,0.7889,0.7721,meter,1.231,0.7553170343868019,5.0,0,0.5
2026-09-20,dinamarca,Superliga,Viborg vs Nordsjaelland,2,True,Córners,corners,Total,Córners: Más de 7.5,7.5,0.6866,0.7339,meter,1.2,,5.0,1,1.5
2026-09-20,dinamarca,Superliga,Viborg vs Nordsjaelland,3,False,Remates a puerta,remates_on,Visita,Remates a puerta Visita: Más de 3.5,3.5,0.7368,0.7368,no_meter,1.364,,5.0,0,1.5
2026-09-20,dinamarca,Superliga,Viborg vs Nordsjaelland,4,False,BTTS,btts,Ambos marcan,Ambos marcan: Sí,,0.6441,0.6751,no_meter,1.476,0.6333830104321907,5.0,1,
2026-09-20,dinamarca,Superliga,Viborg vs Nordsjaelland,5,False,Tarjetas,tarjetas,Total,Tarjetas: Más de 2.5,2.5,0.6179,0.6179,no_meter,1.4,,5.0,0,0.5
2026-09-20,gre_super_league,Super League Greece,OFI Crete vs Asteras Tripolis,1,True,Goles,goles,Total,Goles: Menos de 3.5,3.5,0.7898,0.7838,meter,1.2,0.7777777777777778,4.0,0,0.5
2026-09-20,gre_super_league,Super League Greece,OFI Crete vs Asteras Tripolis,2,True,Doble oportunidad,resultado,Doble,OFI Crete o Asteras Tripolis,,0.7493,0.7451,meter,1.333,,4.0,0,
2026-09-20,gre_super_league,Super League Greece,OFI Crete vs Asteras Tripolis,3,False,Remates a puerta,remates_on,Local,Remates a puerta Local: Menos de 5.5,5.5,0.7253,0.7253,no_meter,1.286,,4.0,0,0.5
2026-09-20,gre_super_league,Super League Greece,OFI Crete vs Asteras Tripolis,4,False,Remates,remates,Total,Remates: Más de 22.5,22.5,0.6412,0.6412,no_meter,1.546,,4.0,1,1.5
2026-09-20,gre_super_league,Super League Greece,OFI Crete vs Asteras Tripolis,5,False,BTTS,btts,Ambos marcan,Ambos marcan: No,,0.5127,0.5539,no_meter,1.741,0.52856756024912,4.0,0,
2026-09-20,uru_primera,Primera División,Danubio vs Montevideo Wanderers,1,True,Goles,goles,Total,Goles: Menos de 3.5,3.5,0.8062,0.792,meter,1.2,0.7777777777777778,2.0,1,1.5
2026-09-20,uru_primera,Primera División,Danubio vs Montevideo Wanderers,2,True,Doble oportunidad,resultado,Doble,Danubio o Montevideo Wanderers,,0.7123,0.7389,meter,1.3,,2.0,0,
2026-09-20,uru_primera,Primera División,Danubio vs Montevideo Wanderers,3,False,Córners,corners,Total,Córners: Menos de 11.5,11.5,0.6595,0.7169,meter,1.222,,2.0,1,3.5
2026-09-20,uru_primera,Primera División,Danubio vs Montevideo Wanderers,4,False,BTTS,btts,Ambos marcan,Ambos marcan: No,,0.5394,0.5539,no_meter,1.741,0.52856756024912,2.0,0,
2026-09-20,bel_pro_league,Jupiler Pro League,Club Brugge vs Genk,1,False,1X2,resultado,Resultado,Gana Club Brugge,,0.6261,0.6092,no_meter,1.54,0.6252654127285368,3.0,1,
2026-09-20,bel_pro_league,Jupiler Pro League,Club Brugge vs Genk,2,False,Goles,goles,Total,Goles: Menos de 3.5,3.5,0.5784,0.5596,no_meter,1.741,0.5407544183592718,3.0,1,0.5
2026-09-20,esp_hypermotion,LaLiga Hypermotion,Almeria vs Celta B,1,False,1X2,resultado,Resultado,Gana Almeria,,0.6399,0.6987,no_meter,1.441,0.680416855155446,2.0,1,
2026-09-20,gre_super_league,Super League Greece,Kalamata vs Panathinaikos,1,True,1X2,resultado,Resultado,Gana Panathinaikos,,0.6896,0.7346,meter,1.286,0.7340547262467341,1.0,1,
2026-09-20,gre_super_league,Super League Greece,Kalamata vs Panathinaikos,2,False,Goles,goles,Total,Goles: Menos de 4.5,4.5,0.8344,0.8061,no_meter,1.2,0.7777777777777778,1.0,1,3.5
2026-09-20,gre_super_league,Super League Greece,Kalamata vs Panathinaikos,3,False,Remates a puerta,remates_on,Local,Remates a puerta Local: Más de 1.5,1.5,0.7401,0.7401,no_meter,1.286,,1.0,1,2.5
2026-09-20,gre_super_league,Super League Greece,Kalamata vs Panathinaikos,4,False,Remates,remates,Total,Remates: Más de 23.5,23.5,0.5894,0.5894,no_meter,1.667,,1.0,1,4.5
2026-09-20,gre_super_league,Super League Greece,Kalamata vs Panathinaikos,5,False,BTTS,btts,Ambos marcan,Ambos marcan: No,,0.5346,0.5589,no_meter,1.714,0.5385029617662898,1.0,1,
2026-09-20,laliga,LaLiga,Villarreal vs Levante,1,True,Doble oportunidad,resultado,Resultado,Villarreal o empate,,0.713,0.713,meter,1.154,0.835,4.0,1,
2026-09-20,laliga,LaLiga,Villarreal vs Levante,2,True,Córners,corners,Total,Córners: Menos de 13,13.0,0.8166,0.7452,meter,1.231,,4.0,1,5.0
2026-09-20,laliga,LaLiga,Villarreal vs Levante,3,False,Goles,goles,Total,Goles: Menos de 4.5,4.5,0.7388,0.7305,meter,1.308,0.7221750212404418,4.0,1,0.5
2026-09-20,laliga,LaLiga,Villarreal vs Levante,4,False,Remates a puerta,remates_on,Total,Remates a puerta: Menos de 10.5,10.5,0.6426,0.6426,no_meter,1.471,,4.0,1,2.5
2026-09-20,laliga,LaLiga,Villarreal vs Levante,5,False,BTTS,btts,Ambos marcan,Ambos marcan: Sí,,0.5874,0.5928,no_meter,1.556,0.6016385048643113,4.0,1,
2026-09-20,laliga,LaLiga,Villarreal vs Levante,6,False,Remates,remates,Visita,Remates Visita: Menos de 11.5,11.5,0.5064,0.5064,no_meter,1.538,,4.0,1,5.5
2026-09-20,laliga,LaLiga,Villarreal vs Levante,7,False,Tarjetas,tarjetas,Local,Tarjetas Local: Más de 1.5,1.5,0.5046,0.5046,no_meter,1.556,,4.0,0,0.5
2026-09-20,esp_hypermotion,LaLiga Hypermotion,Las Palmas vs Burgos,1,True,Goles,goles,Total,Goles: Menos de 3.5,3.5,0.7684,0.7571,meter,1.25,0.7457799471222291,3.0,1,0.5
2026-09-20,esp_hypermotion,LaLiga Hypermotion,Las Palmas vs Burgos,2,True,Córners,corners,Total,Córners: Menos de 10.5,10.5,0.791,0.7451,meter,1.273,,3.0,0,2.5
2026-09-20,esp_hypermotion,LaLiga Hypermotion,Las Palmas vs Burgos,3,False,Remates a puerta,remates_on,Visita,Remates a puerta Visita: Menos de 4.5,4.5,0.6997,0.6997,no_meter,1.308,,3.0,1,1.5
2026-09-20,esp_hypermotion,LaLiga Hypermotion,Las Palmas vs Burgos,4,False,Tarjetas,tarjetas,Total,Tarjetas: Más de 3.5,3.5,0.5926,0.5926,no_meter,1.4,,3.0,1,1.5
2026-09-20,esp_hypermotion,LaLiga Hypermotion,Las Palmas vs Burgos,5,False,Remates,remates,Total,Remates: Menos de 25.5,25.5,0.5788,0.5788,no_meter,1.692,,3.0,1,4.5
2026-09-20,esp_hypermotion,LaLiga Hypermotion,Las Palmas vs Burgos,6,False,Doble oportunidad,resultado,Doble,Burgos o empate,,0.5464,0.5577,no_meter,1.714,0.5354130793410246,3.0,1,
2026-09-20,esp_hypermotion,LaLiga Hypermotion,Las Palmas vs Burgos,7,False,BTTS,btts,Ambos marcan,Ambos marcan: No,,0.5091,0.4963,no_meter,1.8,0.5095367847411445,3.0,0,
2026-09-20,laliga,LaLiga,La Coruna vs Betis,1,False,Goles,goles,Total,Goles: Más de 2.5,2.5,0.5481,0.5494,no_meter,1.714,0.550603041426324,2.0,0,0.5
2026-09-20,turquia,Süper Lig,Goztep vs Rizespor,1,True,Goles,goles,Total,Goles: Más de 1.5,1.5,0.8038,0.7865,meter,1.2,0.7692307692307692,4.0,1,2.5
2026-09-20,turquia,Süper Lig,Goztep vs Rizespor,2,False,Doble oportunidad,resultado,Doble,Rizespor o empate,,0.5331,0.6319,no_meter,1.455,0.6307753484697461,4.0,1,
2026-09-20,turquia,Süper Lig,Goztep vs Rizespor,3,False,BTTS,btts,Ambos marcan,Ambos marcan: Sí,,0.6074,0.6043,no_meter,1.5,0.6153846153846154,4.0,1,
2026-09-20,turquia,Süper Lig,Goztep vs Rizespor,4,False,Tarjetas,tarjetas,Total,Tarjetas: Más de 3.5,3.5,0.5674,0.5674,no_meter,1.333,,4.0,1,2.5
2026-09-20,turquia,Süper Lig,Goztep vs Rizespor,5,False,Remates,remates,Total,Remates: Menos de 28.5,28.5,0.5327,0.5327,no_meter,1.857,,4.0,0,7.5
2026-09-20,turquia,Süper Lig,Amedspor vs Besiktas,1,False,Goles,goles,Total,Goles: Más de 2.5,2.5,0.5857,0.5804,no_meter,1.625,0.5751633986928104,5.0,1,2.5
2026-09-20,primeira,Primeira Liga,Estoril vs Casa Pia,1,True,Goles,goles,Total,Goles: Más de 1.5,1.5,0.7608,0.7634,meter,1.222,0.7659900421294522,3.0,1,1.5
2026-09-20,primeira,Primeira Liga,Estoril vs Casa Pia,2,True,Córners,corners,Total,Córners: Menos de 11.5,11.5,0.778,0.7451,meter,1.25,,3.0,1,0.5
2026-09-20,primeira,Primeira Liga,Estoril vs Casa Pia,3,False,1X2,resultado,Resultado,Gana Estoril,,0.5391,0.5718,no_meter,1.667,0.5643072682776155,3.0,0,
2026-09-20,primeira,Primeira Liga,Estoril vs Casa Pia,4,False,BTTS,btts,Ambos marcan,Ambos marcan: Sí,,0.5251,0.5589,no_meter,1.714,0.5385029617662898,3.0,1,
2026-09-20,primeira,Primeira Liga,Estoril vs Casa Pia,5,False,Remates a puerta,remates_on,Visita,Remates a puerta Visita: Más de 2.5,2.5,0.5352,0.5352,no_meter,1.462,,3.0,1,0.5
2026-09-20,primeira,Primeira Liga,Estoril vs Casa Pia,6,False,Tarjetas,tarjetas,Local,Tarjetas Local: Menos de 2.5,2.5,0.513,0.513,no_meter,1.556,,3.0,0,0.5
2026-09-20,primeira,Primeira Liga,Santa Clara vs Sp Braga,1,True,Córners,corners,Total,Córners: Menos de 10.5,10.5,0.8314,0.7457,meter,1.2,,0.0,1,0.5
2026-09-20,primeira,Primeira Liga,Santa Clara vs Sp Braga,2,True,Doble oportunidad,resultado,Doble,Santa Clara o Sp Braga,,0.726,0.7389,meter,1.3,,0.0,0,
2026-09-20,primeira,Primeira Liga,Santa Clara vs Sp Braga,3,False,Remates a puerta,remates_on,Total,Remates a puerta: Menos de 8.5,8.5,0.6572,0.6572,no_meter,1.429,,0.0,1,6.5
2026-09-20,primeira,Primeira Liga,Santa Clara vs Sp Braga,4,False,Goles,goles,Total,Goles: Más de 1.5,1.5,0.6577,0.6413,no_meter,1.5,0.625,0.0,0,1.5
2026-09-20,primeira,Primeira Liga,Santa Clara vs Sp Braga,5,False,BTTS,btts,Ambos marcan,Ambos marcan: No,,0.5602,0.5786,no_meter,1.625,0.5751633986928104,0.0,1,
2026-09-20,bel_pro_league,Jupiler Pro League,Kortrijk vs Beveren,1,True,Goles,goles,Total,Goles: Más de 1.5,1.5,0.8104,0.7941,meter,1.2,0.7777777777777778,1.0,0,0.5
2026-09-20,bel_pro_league,Jupiler Pro League,Kortrijk vs Beveren,2,True,Córners,corners,Total,Córners: Más de 7.5,7.5,0.7282,0.7389,meter,1.25,,1.0,0,1.5
2026-09-20,bel_pro_league,Jupiler Pro League,Kortrijk vs Beveren,3,False,Remates a puerta,remates_on,Total,Remates a puerta: Más de 7.5,7.5,0.6784,0.6784,no_meter,1.385,,1.0,0,2.5
2026-09-20,bel_pro_league,Jupiler Pro League,Kortrijk vs Beveren,4,False,Doble oportunidad,resultado,Doble,Kortrijk o empate,,0.659,0.6703,no_meter,1.471,0.623781212467294,1.0,1,
2026-09-20,bel_pro_league,Jupiler Pro League,Kortrijk vs Beveren,5,False,BTTS,btts,Ambos marcan,Ambos marcan: Sí,,0.5905,0.5905,no_meter,1.556,0.5964730290456431,1.0,0,
2026-09-20,bel_pro_league,Jupiler Pro League,Kortrijk vs Beveren,6,False,Tarjetas,tarjetas,Total,Tarjetas: Más de 2.5,2.5,0.5875,0.5875,no_meter,1.3,,1.0,1,2.5
2026-09-20,noruega,Eliteserien,Brann vs Bodo/Glimt,1,True,Córners,corners,Total,Córners: Menos de 13.5,13.5,0.698,0.7388,meter,1.3,,3.0,1,4.5
2026-09-20,noruega,Eliteserien,Brann vs Bodo/Glimt,2,False,Goles,goles,Total,Goles: Menos de 5.5,5.5,0.8391,0.8095,no_meter,1.2,0.779816513761468,3.0,1,2.5
2026-09-20,noruega,Eliteserien,Brann vs Bodo/Glimt,3,False,BTTS,btts,Ambos marcan,Ambos marcan: Sí,,0.6647,0.6949,no_meter,1.385,0.6729634002361276,3.0,1,
2026-09-20,noruega,Eliteserien,Brann vs Bodo/Glimt,4,False,1X2,resultado,Resultado,Gana Bodo/Glimt,,0.5617,0.5929,no_meter,1.556,0.6035083954723459,3.0,0,
2026-09-20,noruega,Eliteserien,Brann vs Bodo/Glimt,5,False,Remates a puerta,remates_on,Visita,Remates a puerta Visita: Más de 4.5,4.5,0.5658,0.5658,no_meter,1.35,,3.0,1,3.5
2026-09-20,bundesliga,Bundesliga,Paderborn vs Hoffenheim,1,False,Goles,goles,Total,Goles: Menos de 4.5,4.5,0.7263,0.7129,no_meter,1.35,0.6995326062764299,4.0,1,0.5
2026-09-20,bundesliga,Bundesliga,Paderborn vs Hoffenheim,2,False,BTTS,btts,Ambos marcan,Ambos marcan: Sí,,0.6456,0.6828,no_meter,1.435,0.6487148102815177,4.0,1,
2026-09-20,bundesliga,Bundesliga,Paderborn vs Hoffenheim,3,False,1X2,resultado,Resultado,Gana Hoffenheim,,0.5354,0.57,no_meter,1.7,0.5608856088560886,4.0,0,
2026-09-20,bundesliga,Bundesliga,Paderborn vs Hoffenheim,4,False,Remates a puerta,remates_on,Visita,Remates a puerta Visita: Más de 4.5,4.5,0.507,0.507,no_meter,1.5,,4.0,0,2.5
2026-09-20,ita_serie_b,Serie B,Modena vs Empoli,1,True,Doble oportunidad,resultado,Resultado,Modena o empate,,0.754,0.754,meter,1.133,0.8439,3.0,1,
2026-09-20,ita_serie_b,Serie B,Modena vs Empoli,2,True,Goles,goles,Total,Goles: Menos de 3.5,3.5,0.7466,0.7273,meter,1.32,0.7079646017699115,3.0,1,0.5
2026-09-20,ita_serie_b,Serie B,Modena vs Empoli,3,False,BTTS,btts,Ambos marcan,Ambos marcan: Sí,,0.5131,0.4873,no_meter,1.87,0.49046321525885556,3.0,1,
2026-09-20,argentina,Primera División,San Lorenzo vs Boca Juniors,1,True,Córners,corners,Total,Córners: Más de 6.5,6.5,0.7913,0.7451,meter,1.2,,2.0,1,3.5
2026-09-20,argentina,Primera División,San Lorenzo vs Boca Juniors,2,False,Doble oportunidad,resultado,Doble,San Lorenzo o Boca Juniors,,0.696,0.738,no_meter,1.35,,2.0,1,
2026-09-20,argentina,Primera División,San Lorenzo vs Boca Juniors,3,False,Remates a puerta,remates_on,Visita,Remates a puerta Visita: Menos de 5.5,5.5,0.7035,0.7035,no_meter,1.308,,2.0,0,1.5
2026-09-20,argentina,Primera División,San Lorenzo vs Boca Juniors,4,False,Goles,goles,Total,Goles: Menos de 2.5,2.5,0.673,0.664,no_meter,1.429,0.6550808592807144,2.0,1,0.5
2026-09-20,argentina,Primera División,San Lorenzo vs Boca Juniors,5,False,Remates,remates,Visita,Remates Visita: Menos de 13.5,13.5,0.6047,0.6047,no_meter,1.636,,2.0,0,2.5
2026-09-20,argentina,Primera División,San Lorenzo vs Boca Juniors,6,False,BTTS,btts,Ambos marcan,Ambos marcan: No,,0.6007,0.5935,no_meter,1.556,0.5964730290456431,2.0,1,
2026-09-20,argentina,Primera División,San Lorenzo vs Boca Juniors,7,False,Tarjetas,tarjetas,Visita,Tarjetas Visita: Menos de 3.5,3.5,0.5822,0.5822,no_meter,1.53,,2.0,1,3.5
2026-09-20,gre_super_league,Super League Greece,Panetolikos vs PAOK,1,True,Doble oportunidad,resultado,Resultado,PAOK o empate,,0.784,0.784,meter,1.111,0.8646,4.0,1,
2026-09-20,gre_super_league,Super League Greece,Panetolikos vs PAOK,2,True,Goles,goles,Total,Goles: Más de 1.5,1.5,0.7878,0.7716,meter,1.231,0.7553170343868019,4.0,1,2.5
2026-09-20,gre_super_league,Super League Greece,Panetolikos vs PAOK,3,False,BTTS,btts,Ambos marcan,Ambos marcan: No,,0.5043,0.4953,no_meter,1.8,0.5095367847411445,4.0,0,
2026-09-20,per_liga1,Liga 1,Sport Huancayo vs UTC,1,True,Goles,goles,Total,Goles: Menos de 4.5,4.5,0.8178,0.7988,meter,1.2,0.779816513761468,5.0,0,0.5
2026-09-20,per_liga1,Liga 1,Sport Huancayo vs UTC,2,True,1X2,resultado,Resultado,Gana Sport Huancayo,,0.6819,0.7178,meter,1.333,0.7037558337654641,5.0,1,
2026-09-20,per_liga1,Liga 1,Sport Huancayo vs UTC,3,False,Córners,corners,Total,Córners: Menos de 11.5,11.5,0.501,0.601,no_meter,1.3,,5.0,1,3.5
2026-09-20,per_liga1,Liga 1,Sport Huancayo vs UTC,4,False,BTTS,btts,Ambos marcan,Ambos marcan: No,,0.5199,0.5539,no_meter,1.741,0.52856756024912,5.0,0,
2026-09-20,arg_primera_nacional,Primera Nacional,Deportivo Morón vs Godoy Cruz Antonio Tomba,1,True,Doble oportunidad,resultado,Doble,Deportivo Morón o Godoy Cruz Antonio Tomba,,0.674,0.7252,meter,1.32,,3.0,1,
2026-09-20,arg_primera_nacional,Primera Nacional,Deportivo Morón vs Godoy Cruz Antonio Tomba,2,False,Goles,goles,Total,Goles: Más de 1.5,1.5,0.6474,0.6212,no_meter,1.556,0.595002602811036,3.0,1,1.5
2026-09-20,arg_primera_nacional,Primera Nacional,Deportivo Morón vs Godoy Cruz Antonio Tomba,3,False,BTTS,btts,Ambos marcan,Ambos marcan: No,,0.615,0.5941,no_meter,1.556,0.595002602811036,3.0,0,
2026-09-20,arg_primera_nacional,Primera Nacional,Chacarita Juniors vs Quilmes,1,False,Doble oportunidad,resultado,Doble,Chacarita Juniors o Quilmes,,0.6425,0.7169,no_meter,1.364,,3.0,1,
2026-09-20,arg_primera_nacional,Primera Nacional,Chacarita Juniors vs Quilmes,2,False,Goles,goles,Total,Goles: Menos de 2.5,2.5,0.656,0.6428,no_meter,1.471,0.6295643414756987,3.0,0,0.5
2026-09-20,arg_primera_nacional,Primera Nacional,Chacarita Juniors vs Quilmes,3,False,BTTS,btts,Ambos marcan,Ambos marcan: No,,0.583,0.5707,no_meter,1.667,0.5574727900185825,3.0,1,
2026-09-20,arg_primera_nacional,Primera Nacional,Agropecuario vs Gimnasia y Tiro (Salta),1,True,Doble oportunidad,resultado,Doble,Agropecuario o Gimnasia y Tiro (Salta),,0.657,0.7169,meter,1.32,,1.0,1,
2026-09-20,arg_primera_nacional,Primera Nacional,Agropecuario vs Gimnasia y Tiro (Salta),2,False,Goles,goles,Total,Goles: Menos de 2.5,2.5,0.643,0.6397,no_meter,1.455,0.636340914771307,1.0,1,1.5
2026-09-20,arg_primera_nacional,Primera Nacional,Agropecuario vs Gimnasia y Tiro (Salta),3,False,BTTS,btts,Ambos marcan,Ambos marcan: No,,0.6014,0.5849,no_meter,1.6,0.5789473684210527,1.0,1,
2026-09-20,ecu_liga_pro,LigaPro Serie A,Técnico Universitario vs Delfín,1,True,Doble oportunidad,resultado,Doble,Técnico Universitario o Delfín,,0.696,0.738,meter,1.32,,2.0,0,
2026-09-20,ecu_liga_pro,LigaPro Serie A,Técnico Universitario vs Delfín,2,False,Goles,goles,Total,Goles: Más de 1.5,1.5,0.6419,0.6357,no_meter,1.471,0.6295643414756987,2.0,1,0.5
2026-09-20,ecu_liga_pro,LigaPro Serie A,Técnico Universitario vs Delfín,3,False,BTTS,btts,Ambos marcan,Ambos marcan: No,,0.5686,0.5811,no_meter,1.6,0.5789473684210527,2.0,0,
2026-09-20,serie_a,Serie A,Milan vs Lecce,1,True,Goles,goles,Total,Goles: Menos de 4.5,4.5,0.814,0.7943,meter,1.222,0.7746219107340465,3.0,1,1.5
2026-09-20,serie_a,Serie A,Milan vs Lecce,2,True,1X2,resultado,Resultado,Gana Milan,,0.7314,0.7504,meter,1.25,0.7619047619047619,3.0,1,
2026-09-20,serie_a,Serie A,Milan vs Lecce,3,False,BTTS,btts,Ambos marcan,Ambos marcan: No,,0.5326,0.5649,no_meter,1.714,0.550603041426324,3.0,1,
2026-09-20,ligue_1,Ligue 1,Marseille vs Paris FC,1,False,Goles,goles,Total,Goles: Menos de 4.5,4.5,0.7439,0.7148,no_meter,1.375,0.6857142857142857,3.0,1,1.5
2026-09-20,ligue_1,Ligue 1,Marseille vs Paris FC,2,False,1X2,resultado,Resultado,Gana Paris FC,,0.5716,0.6654,no_meter,1.444,0.659277484344528,3.0,1,
2026-09-20,ligue_1,Ligue 1,Marseille vs Paris FC,3,False,BTTS,btts,Ambos marcan,Ambos marcan: Sí,,0.6075,0.6023,no_meter,1.526,0.6113092205807437,3.0,1,
2026-09-20,par_division,División Profesional,Sportivo San Lorenzo vs Club Olimpia,1,True,Goles,goles,Total,Goles: Más de 1.5,1.5,0.7712,0.7627,meter,1.222,0.7542236524537409,3.0,1,1.5
2026-09-20,par_division,División Profesional,Sportivo San Lorenzo vs Club Olimpia,2,False,Córners,corners,Total,Córners: Más de 7.5,7.5,0.6363,0.7169,no_meter,1.4,,3.0,1,5.5
2026-09-20,par_division,División Profesional,Sportivo San Lorenzo vs Club Olimpia,3,False,1X2,resultado,Resultado,Gana Club Olimpia,,0.6653,0.6896,no_meter,1.4,0.661764705882353,3.0,1,
2026-09-20,par_division,División Profesional,Sportivo San Lorenzo vs Club Olimpia,4,False,BTTS,btts,Ambos marcan,Ambos marcan: No,,0.5217,0.5531,no_meter,1.75,0.527027027027027,3.0,1,
2026-09-20,laliga,LaLiga,Valencia vs Sociedad,1,True,Córners,corners,Total,Córners: Menos de 12,12.0,0.7663,0.7451,meter,1.231,,5.0,0,0.0
2026-09-20,laliga,LaLiga,Valencia vs Sociedad,2,True,Doble oportunidad,resultado,Doble,Valencia o Sociedad,,0.731,0.7389,meter,1.333,,5.0,1,
2026-09-20,laliga,LaLiga,Valencia vs Sociedad,3,False,Goles,goles,Total,Goles: Más de 1.5,1.5,0.7328,0.7281,meter,1.3,0.7234042553191489,5.0,1,3.5
2026-09-20,laliga,LaLiga,Valencia vs Sociedad,4,False,Remates a puerta,remates_on,Local,Remates a puerta Local: Más de 2.5,2.5,0.7268,0.7268,no_meter,1.25,,5.0,1,2.5
2026-09-20,laliga,LaLiga,Valencia vs Sociedad,5,False,Tarjetas,tarjetas,Local,Tarjetas Local: Más de 1.5,1.5,0.5718,0.5718,no_meter,1.455,,5.0,1,0.5
2026-09-20,laliga,LaLiga,Valencia vs Sociedad,6,False,BTTS,btts,Ambos marcan,Ambos marcan: Sí,,0.5559,0.566,no_meter,1.714,0.550603041426324,5.0,1,
2026-09-20,arg_primera_nacional,Primera Nacional,Deportivo Madryn vs Racing (Córdoba),1,False,Goles,goles,Total,Goles: Menos de 2.5,2.5,0.6053,0.6071,no_meter,1.541,0.608982491753362,2.0,1,0.5
2026-09-20,arg_primera_nacional,Primera Nacional,Deportivo Madryn vs Racing (Córdoba),2,False,1X2,resultado,Resultado,Gana Deportivo Madryn,,0.6022,0.5957,no_meter,1.578,0.600082303081096,2.0,1,
2026-09-20,bra_serie_b,Brasileirão Série B,Goiás vs Avaí,1,True,Doble oportunidad,resultado,Doble,Goiás o Avaí,,0.723,0.7389,meter,1.308,,3.0,1,
2026-09-20,bra_serie_b,Brasileirão Série B,Goiás vs Avaí,2,False,Córners,corners,Total,Córners: Más de 7.5,7.5,0.5862,0.6862,no_meter,1.2,,3.0,1,3.5
2026-09-20,bra_serie_b,Brasileirão Série B,Goiás vs Avaí,3,False,Goles,goles,Total,Goles: Más de 1.5,1.5,0.6398,0.6361,no_meter,1.48,0.6323894684550421,3.0,1,1.5
2026-09-20,bra_serie_b,Brasileirão Série B,Goiás vs Avaí,4,False,BTTS,btts,Ambos marcan,Ambos marcan: No,,0.573,0.5795,no_meter,1.625,0.5751633986928104,3.0,0,
2026-09-20,brasil,Brasileirão Serie A,Vitoria vs Cruzeiro,1,True,Goles,goles,Total,Goles: Más de 1.5,1.5,0.7608,0.7566,meter,1.25,0.7524752475247526,4.0,1,2.5
2026-09-20,brasil,Brasileirão Serie A,Vitoria vs Cruzeiro,2,True,Córners,corners,Total,Córners: Menos de 13,13.0,0.7788,0.7451,meter,1.2,,4.0,1,3.0
2026-09-20,brasil,Brasileirão Serie A,Vitoria vs Cruzeiro,3,False,Doble oportunidad,resultado,Doble,Vitoria o Cruzeiro,,0.7378,0.7411,meter,1.32,,4.0,1,
2026-09-20,brasil,Brasileirão Serie A,Vitoria vs Cruzeiro,4,False,Tarjetas,tarjetas,Total,Tarjetas: Más de 2.5,2.5,0.8215,0.8215,no_meter,1.222,,4.0,0,2.5
2026-09-20,brasil,Brasileirão Serie A,Vitoria vs Cruzeiro,5,False,Remates a puerta,remates_on,Visita,Remates a puerta Visita: Más de 3.5,3.5,0.7332,0.7332,no_meter,1.364,,4.0,1,1.5
2026-09-20,brasil,Brasileirão Serie A,Vitoria vs Cruzeiro,6,False,Remates,remates,Local,Remates Local: Menos de 14.5,14.5,0.5836,0.5836,no_meter,1.571,,4.0,0,6.5
2026-09-20,brasil,Brasileirão Serie A,Vitoria vs Cruzeiro,7,False,BTTS,btts,Ambos marcan,Ambos marcan: Sí,,0.549,0.5718,no_meter,1.667,0.5632695834424941,4.0,1,
2026-09-20,brasil,Brasileirão Serie A,Corinthians vs Fluminense,1,True,Córners,corners,Total,Córners: Menos de 13,13.0,0.7652,0.7451,meter,1.32,,4.0,1,1.0
2026-09-20,brasil,Brasileirão Serie A,Corinthians vs Fluminense,2,True,Doble oportunidad,resultado,Doble,Corinthians o Fluminense,,0.719,0.7389,meter,1.333,,4.0,1,
2026-09-20,brasil,Brasileirão Serie A,Corinthians vs Fluminense,3,False,Tarjetas,tarjetas,Total,Tarjetas: Más de 3.5,3.5,0.728,0.728,meter,1.222,,4.0,0,3.5
2026-09-20,brasil,Brasileirão Serie A,Corinthians vs Fluminense,4,False,Remates a puerta,remates_on,Total,Remates a puerta: Más de 6.5,6.5,0.737,0.737,no_meter,1.35,,4.0,1,6.5
2026-09-20,brasil,Brasileirão Serie A,Corinthians vs Fluminense,5,False,Goles,goles,Total,Goles: Más de 1.5,1.5,0.6851,0.6655,no_meter,1.462,0.6459191087430372,4.0,1,2.5
2026-09-20,brasil,Brasileirão Serie A,Corinthians vs Fluminense,6,False,Remates,remates,Total,Remates: Más de 24.5,24.5,0.5959,0.5959,no_meter,1.667,,4.0,1,5.5
2026-09-20,brasil,Brasileirão Serie A,Corinthians vs Fluminense,7,False,BTTS,btts,Ambos marcan,Ambos marcan: No,,0.5384,0.5649,no_meter,1.714,0.550603041426324,4.0,0,
2026-09-20,col_primera_a,Categoría Primera A,Fortaleza CEIF vs Atlético Junior,1,True,Goles,goles,Total,Goles: Menos de 3.5,3.5,0.765,0.7536,meter,1.25,0.7422680412371133,5.0,0,1.5
2026-09-20,col_primera_a,Categoría Primera A,Fortaleza CEIF vs Atlético Junior,2,True,Doble oportunidad,resultado,Doble,Fortaleza CEIF o Atlético Junior,,0.6845,0.733,meter,1.333,,5.0,1,
2026-09-20,col_primera_a,Categoría Primera A,Fortaleza CEIF vs Atlético Junior,3,False,Córners,corners,Total,Córners: Más de 8.5,8.5,0.5338,0.5792,no_meter,1.6,,5.0,0,5.5
2026-09-20,col_primera_a,Categoría Primera A,Fortaleza CEIF vs Atlético Junior,4,False,BTTS,btts,Ambos marcan,Ambos marcan: Sí,,0.5021,0.4967,no_meter,1.8,0.5135135135135135,5.0,1,
2026-09-20,esp_hypermotion,LaLiga Hypermotion,Leganes vs Granada,1,True,Goles,goles,Total,Goles: Menos de 3.5,3.5,0.8149,0.7974,meter,1.2,0.779816513761468,5.0,0,1.5
2026-09-20,esp_hypermotion,LaLiga Hypermotion,Leganes vs Granada,2,True,Córners,corners,Total,Córners: Más de 6.5,6.5,0.7538,0.7451,meter,1.222,,5.0,1,3.5
2026-09-20,esp_hypermotion,LaLiga Hypermotion,Leganes vs Granada,3,False,Doble oportunidad,resultado,Doble,Leganes o Granada,,0.6822,0.7321,meter,1.32,,5.0,1,
2026-09-20,esp_hypermotion,LaLiga Hypermotion,Leganes vs Granada,4,False,Tarjetas,tarjetas,Total,Tarjetas: Más de 3.5,3.5,0.6564,0.6564,no_meter,1.364,,5.0,1,2.5
2026-09-20,esp_hypermotion,LaLiga Hypermotion,Leganes vs Granada,5,False,Remates a puerta,remates_on,Total,Remates a puerta: Menos de 8.5,8.5,0.6429,0.6429,no_meter,1.53,,5.0,0,10.5
2026-09-20,esp_hypermotion,LaLiga Hypermotion,Leganes vs Granada,6,False,BTTS,btts,Ambos marcan,Ambos marcan: No,,0.5416,0.5637,no_meter,1.69,0.5481283422459893,5.0,0,
2026-09-20,esp_hypermotion,LaLiga Hypermotion,Leganes vs Granada,7,False,Remates,remates,Visita,Remates Visita: Menos de 11.5,11.5,0.5224,0.5224,no_meter,1.52,,5.0,0,9.5
2026-09-20,arg_primera_nacional,Primera Nacional,Colón (Santa Fe) vs Los Andes,1,True,Doble oportunidad,resultado,Resultado,Colón (Santa Fe) o empate,,0.812,0.812,meter,1.125,0.8576,3.0,1,
2026-09-20,arg_primera_nacional,Primera Nacional,Colón (Santa Fe) vs Los Andes,2,False,BTTS,btts,Ambos marcan,Ambos marcan: No,,0.6866,0.707,no_meter,1.364,0.6801125703564727,3.0,1,
2026-09-20,arg_primera_nacional,Primera Nacional,Colón (Santa Fe) vs Los Andes,3,False,Goles,goles,Total,Goles: Menos de 2.5,2.5,0.6741,0.6737,no_meter,1.375,0.6732414448669202,3.0,0,0.5
2026-09-20,primeira,Primeira Liga,Porto vs Benfica,1,True,Goles,goles,Total,Goles: Más de 1.5,1.5,0.7744,0.7538,meter,1.273,0.7332914309658495,4.0,1,2.5
2026-09-20,primeira,Primeira Liga,Porto vs Benfica,2,True,Córners,corners,Total,Córners: Menos de 11.5,11.5,0.6576,0.7169,meter,1.273,,4.0,1,5.5
2026-09-20,primeira,Primeira Liga,Porto vs Benfica,3,False,Remates a puerta,remates_on,Visita,Remates a puerta Visita: Menos de 5.5,5.5,0.6841,0.6841,no_meter,1.429,,4.0,1,2.5
2026-09-20,primeira,Primeira Liga,Porto vs Benfica,4,False,Doble oportunidad,resultado,Doble,Benfica o empate,,0.544,0.6555,no_meter,1.375,0.6670533581703768,4.0,0,
2026-09-20,primeira,Primeira Liga,Porto vs Benfica,5,False,Remates,remates,Visita,Remates Visita: Más de 11.5,11.5,0.6192,0.6192,no_meter,1.538,,4.0,1,0.5
2026-09-20,primeira,Primeira Liga,Porto vs Benfica,6,False,BTTS,btts,Ambos marcan,Ambos marcan: Sí,,0.5332,0.5637,no_meter,1.69,0.5481283422459893,4.0,1,
2026-09-20,arg_primera_nacional,Primera Nacional,Deportivo Maipú vs Gimnasia y Esgrima (Jujuy),1,True,Goles,goles,Total,Goles: Menos de 3.5,3.5,0.7917,0.7742,meter,1.222,0.7566706491437674,2.0,1,1.5
2026-09-20,arg_primera_nacional,Primera Nacional,Deportivo Maipú vs Gimnasia y Esgrima (Jujuy),2,True,Doble oportunidad,resultado,Doble,Deportivo Maipú o Gimnasia y Esgrima (Jujuy),,0.6923,0.7364,meter,1.308,,2.0,0,
2026-09-20,arg_primera_nacional,Primera Nacional,Deportivo Maipú vs Gimnasia y Esgrima (Jujuy),3,False,BTTS,btts,Ambos marcan,Ambos marcan: No,,0.5639,0.5548,no_meter,1.75,0.527027027027027,2.0,0,
2026-09-20,uru_primera,Primera División,Nacional vs Defensor Sporting,1,True,Goles,goles,Total,Goles: Menos de 3.5,3.5,0.7717,0.7525,meter,1.273,0.7332914309658495,5.0,0,1.5
2026-09-20,uru_primera,Primera División,Nacional vs Defensor Sporting,2,False,Córners,corners,Total,Córners: Más de 7.5,7.5,0.5464,0.6464,no_meter,1.273,,5.0,1,7.5
2026-09-20,uru_primera,Primera División,Nacional vs Defensor Sporting,3,False,1X2,resultado,Resultado,Gana Nacional,,0.5361,0.5765,no_meter,1.636,0.573711668573134,5.0,1,
2026-09-20,uru_primera,Primera División,Nacional vs Defensor Sporting,4,False,BTTS,btts,Ambos marcan,Ambos marcan: No,,0.5476,0.5593,no_meter,1.714,0.5385029617662898,5.0,0,
2026-09-20,ven_primera,Liga FUTVE,Anzoátegui FC vs Caracas FC,1,True,Goles,goles,Total,Goles: Menos de 3.5,3.5,0.7442,0.7277,meter,1.3,0.7111111111111111,2.0,1,1.5
2026-09-20,ven_primera,Liga FUTVE,Anzoátegui FC vs Caracas FC,2,False,BTTS,btts,Ambos marcan,Ambos marcan: Sí,,0.5172,0.5531,no_meter,1.75,0.527027027027027,2.0,1,
2026-09-20,arg_primera_nacional,Primera Nacional,Central Norte vs Defensores de Belgrano,1,False,Doble oportunidad,resultado,Doble,Central Norte o Defensores de Belgrano,,0.664,0.7169,no_meter,1.364,,1.0,1,
2026-09-20,arg_primera_nacional,Primera Nacional,Central Norte vs Defensores de Belgrano,2,False,Goles,goles,Total,Goles: Menos de 2.5,2.5,0.6796,0.6799,no_meter,1.364,0.6801125703564727,1.0,1,1.5
2026-09-20,arg_primera_nacional,Primera Nacional,Central Norte vs Defensores de Belgrano,3,False,BTTS,btts,Ambos marcan,Ambos marcan: No,,0.6389,0.6043,no_meter,1.5,0.6153846153846154,1.0,1,
2026-09-20,arg_primera_nacional,Primera Nacional,Güemes vs Midland,1,False,Doble oportunidad,resultado,Doble,Güemes o Midland,,0.645,0.7169,no_meter,1.35,,2.0,1,
2026-09-20,arg_primera_nacional,Primera Nacional,Güemes vs Midland,2,False,Goles,goles,Total,Goles: Menos de 2.5,2.5,0.6628,0.6579,no_meter,1.417,0.6530362389813907,2.0,1,0.5
2026-09-20,arg_primera_nacional,Primera Nacional,Güemes vs Midland,3,False,BTTS,btts,Ambos marcan,Ambos marcan: No,,0.5991,0.5843,no_meter,1.6,0.5789473684210527,2.0,1,
2026-09-20,argentina,Primera División,Rosario Central vs Argentinos Jrs,1,True,Córners,corners,Visita,Córners Visita: Más de 2.5,2.5,0.6799,0.7304,meter,1.231,,1.0,1,6.5
2026-09-20,argentina,Primera División,Rosario Central vs Argentinos Jrs,2,True,Doble oportunidad,resultado,Doble,Rosario Central o Argentinos Jrs,,0.659,0.7169,meter,1.308,,1.0,1,
2026-09-20,argentina,Primera División,Rosario Central vs Argentinos Jrs,3,False,Remates a puerta,remates_on,Local,Remates a puerta Local: Menos de 5.5,5.5,0.6788,0.6788,no_meter,1.444,,1.0,1,0.5
2026-09-20,argentina,Primera División,Rosario Central vs Argentinos Jrs,4,False,Goles,goles,Total,Goles: Más de 1.5,1.5,0.6589,0.6495,no_meter,1.462,0.6400787789266372,1.0,0,0.5
2026-09-20,argentina,Primera División,Rosario Central vs Argentinos Jrs,5,False,Remates,remates,Local,Remates Local: Menos de 14.5,14.5,0.5937,0.5937,no_meter,1.546,,1.0,1,2.5
2026-09-20,argentina,Primera División,Rosario Central vs Argentinos Jrs,6,False,Tarjetas,tarjetas,Total,Tarjetas: Menos de 5.5,5.5,0.571,0.571,no_meter,1.4,,1.0,1,5.5
2026-09-20,argentina,Primera División,Rosario Central vs Argentinos Jrs,7,False,BTTS,btts,Ambos marcan,Ambos marcan: No,,0.5715,0.5706,no_meter,1.667,0.5574727900185825,1.0,1,
2026-09-20,arg_primera_nacional,Primera Nacional,Chaco For Ever vs Almirante Brown,1,True,Doble oportunidad,resultado,Resultado,Chaco For Ever o empate,,0.773,0.773,meter,1.177,0.8244,1.0,1,
2026-09-20,arg_primera_nacional,Primera Nacional,Chaco For Ever vs Almirante Brown,2,True,Goles,goles,Total,Goles: Menos de 2.5,2.5,0.7168,0.7091,meter,1.32,0.7013574660633485,1.0,1,1.5
2026-09-20,arg_primera_nacional,Primera Nacional,Chaco For Ever vs Almirante Brown,3,False,BTTS,btts,Ambos marcan,Ambos marcan: No,,0.6765,0.6935,no_meter,1.4,0.6596985901798735,1.0,1,
2026-09-20,ven_primera,Liga FUTVE,Zamora FC vs Metropolitanos,1,True,Doble oportunidad,resultado,Doble,Zamora FC o Metropolitanos,,0.7465,0.7444,meter,1.308,,4.0,1,
2026-09-20,ven_primera,Liga FUTVE,Zamora FC vs Metropolitanos,2,True,Goles,goles,Total,Goles: Menos de 3.5,3.5,0.749,0.7383,meter,1.273,0.7275839931521506,4.0,0,0.5
2026-09-20,ven_primera,Liga FUTVE,Zamora FC vs Metropolitanos,3,False,BTTS,btts,Ambos marcan,Ambos marcan: Sí,,0.5056,0.4976,no_meter,1.8,0.5135135135135135,4.0,1,
2026-09-20,arg_primera_nacional,Primera Nacional,San Martín (San Juan) vs Colegiales,1,True,Doble oportunidad,resultado,Resultado,San Martín (San Juan) o empate,,0.768,0.768,meter,1.182,0.8149,2.0,1,
2026-09-20,arg_primera_nacional,Primera Nacional,San Martín (San Juan) vs Colegiales,2,False,Goles,goles,Total,Goles: Menos de 2.5,2.5,0.6742,0.6737,no_meter,1.375,0.6732414448669202,2.0,1,0.5
2026-09-20,arg_primera_nacional,Primera Nacional,San Martín (San Juan) vs Colegiales,3,False,BTTS,btts,Ambos marcan,Ambos marcan: No,,0.6389,0.6043,no_meter,1.5,0.6153846153846154,2.0,1,
2026-09-20,argentina,Primera División,Platense vs Newells Old Boys,1,True,Córners,corners,Total,Córners: Más de 6.5,6.5,0.7392,0.7417,meter,1.2,,1.0,1,0.5
2026-09-20,argentina,Primera División,Platense vs Newells Old Boys,2,False,Doble oportunidad,resultado,Doble,Platense o Newells Old Boys,,0.6807,0.7311,no_meter,1.364,,1.0,1,
2026-09-20,argentina,Primera División,Platense vs Newells Old Boys,3,False,Goles,goles,Total,Goles: Menos de 2.5,2.5,0.6546,0.6573,no_meter,1.417,0.659947204223662,1.0,1,1.5
2026-09-20,argentina,Primera División,Platense vs Newells Old Boys,4,False,BTTS,btts,Ambos marcan,Ambos marcan: No,,0.5982,0.5889,no_meter,1.571,0.5888510861031143,1.0,1,
2026-09-20,argentina,Primera División,Platense vs Newells Old Boys,5,False,Remates a puerta,remates_on,Visita,Remates a puerta Visita: Menos de 4.5,4.5,0.5751,0.5751,no_meter,1.308,,1.0,1,0.5
2026-09-20,per_liga1,Liga 1,Juan Pablo II vs Deportivo Moquegua,1,True,Doble oportunidad,resultado,Resultado,Juan Pablo II o empate,,0.734,0.734,meter,1.167,0.8204,4.0,1,
2026-09-20,per_liga1,Liga 1,Juan Pablo II vs Deportivo Moquegua,2,True,Goles,goles,Total,Goles: Más de 1.5,1.5,0.7732,0.7595,meter,1.25,0.7457799471222291,4.0,1,2.5
2026-09-20,per_liga1,Liga 1,Juan Pablo II vs Deportivo Moquegua,3,False,Remates a puerta,remates_on,Local,Remates a puerta Local: Más de 4.5,4.5,0.6602,0.6602,no_meter,1.53,,4.0,1,1.5
2026-09-20,per_liga1,Liga 1,Juan Pablo II vs Deportivo Moquegua,4,False,Remates,remates,Visita,Remates Visita: Más de 9.5,9.5,0.6287,0.6287,no_meter,1.5,,4.0,0,5.5
2026-09-20,per_liga1,Liga 1,Juan Pablo II vs Deportivo Moquegua,5,False,BTTS,btts,Ambos marcan,Ambos marcan: Sí,,0.5208,0.5491,no_meter,1.769,0.5190320826536162,4.0,0,
2026-09-20,ven_primera,Liga FUTVE,Estudiantes de Mérida vs Trujillanos,1,True,Doble oportunidad,resultado,Resultado,Estudiantes de Mérida o empate,,0.818,0.818,meter,1.143,0.8358,2.0,1,
2026-09-20,ven_primera,Liga FUTVE,Estudiantes de Mérida vs Trujillanos,2,True,Goles,goles,Total,Goles: Más de 1.5,1.5,0.7596,0.7644,meter,1.2,0.7692307692307692,2.0,1,0.5
2026-09-20,ven_primera,Liga FUTVE,Estudiantes de Mérida vs Trujillanos,3,False,BTTS,btts,Ambos marcan,Ambos marcan: Sí,,0.5172,0.5531,no_meter,1.75,0.527027027027027,2.0,1,
2026-09-20,usl_championship,USL Championship,Indy Eleven vs Oakland Roots,1,True,Goles,goles,Total,Goles: Más de 1.5,1.5,0.7892,0.7792,meter,1.2,0.7692307692307692,1.0,0,0.5
2026-09-20,usl_championship,USL Championship,Indy Eleven vs Oakland Roots,2,False,BTTS,btts,Ambos marcan,Ambos marcan: Sí,,0.5781,0.5815,no_meter,1.6,0.5789473684210527,1.0,0,
2026-09-20,usl_championship,USL Championship,Indy Eleven vs Oakland Roots,3,False,Doble oportunidad,resultado,Doble,Oakland Roots o empate,,0.529,0.5571,no_meter,1.714,0.5349324679177166,1.0,1,
2026-09-20,usl_championship,USL Championship,Indy Eleven vs Oakland Roots,4,False,Córners,corners,Total,Córners: Más de 9.5,9.5,0.5274,0.4878,no_meter,1.833,,1.0,1,2.5
2026-09-20,slv_primera,Primera División,C.D. Platense vs Águila,1,True,Goles,goles,Total,Goles: Menos de 3.5,3.5,0.7447,0.7361,meter,1.273,0.7275839931521506,1.0,1,2.5
2026-09-20,slv_primera,Primera División,C.D. Platense vs Águila,2,True,Doble oportunidad,resultado,Doble,Águila o empate,,0.7138,0.717,meter,1.308,0.6950155094215646,1.0,1,
2026-09-20,slv_primera,Primera División,C.D. Platense vs Águila,3,False,BTTS,btts,Ambos marcan,Ambos marcan: Sí,,0.5242,0.5531,no_meter,1.75,0.527027027027027,1.0,0,
2026-09-20,slv_primera,Primera División,Alianza FC vs CD Municipal Limeño,1,True,Goles,goles,Total,Goles: Menos de 3.5,3.5,0.767,0.7546,meter,1.25,0.7422680412371133,5.0,0,1.5
2026-09-20,slv_primera,Primera División,Alianza FC vs CD Municipal Limeño,2,False,Doble oportunidad,resultado,Doble,CD Municipal Limeño o empate,,0.5668,0.5839,no_meter,1.556,0.5848112778535699,5.0,0,
2026-09-20,slv_primera,Primera División,Alianza FC vs CD Municipal Limeño,3,False,BTTS,btts,Ambos marcan,Ambos marcan: Sí,,0.5012,0.4898,no_meter,1.833,0.5,5.0,1,
2026-09-20,ecu_liga_pro,LigaPro Serie A,Deportivo Cuenca vs Mushuc Runa,1,True,Doble oportunidad,resultado,Doble,Deportivo Cuenca o empate,,0.6256,0.709,meter,1.308,0.7010969113838769,2.0,1,
2026-09-20,ecu_liga_pro,LigaPro Serie A,Deportivo Cuenca vs Mushuc Runa,2,False,Goles,goles,Total,Goles: Más de 1.5,1.5,0.6529,0.6466,no_meter,1.444,0.6403486924034869,2.0,1,0.5
2026-09-20,ecu_liga_pro,LigaPro Serie A,Deportivo Cuenca vs Mushuc Runa,3,False,BTTS,btts,Ambos marcan,Ambos marcan: No,,0.5412,0.5629,no_meter,1.7,0.5466666666666666,2.0,0,
2026-09-20,col_primera_a,Categoría Primera A,Atlético Bucaramanga vs Internacional de Bogotá,1,False,Handicap,handicap,Total,Handicap: Atlético Bucaramanga -0.5,-0.5,0.546,0.5798,no_meter,1.741,,2.0,1,1.5
2026-09-20,col_primera_a,Categoría Primera A,Atlético Bucaramanga vs Internacional de Bogotá,2,False,Goles,goles,Total,Goles: Menos de 2.5,2.5,0.5554,0.55,no_meter,1.714,0.5446333687566419,2.0,1,0.5
2026-09-20,brasil,Brasileirão Serie A,Flamengo RJ vs Bragantino,1,True,Goles,goles,Total,Goles: Menos de 4.5,4.5,0.8148,0.7897,meter,1.231,0.7646721468170522,3.0,1,1.5
2026-09-20,brasil,Brasileirão Serie A,Flamengo RJ vs Bragantino,2,True,Córners,corners,Total,Córners: Más de 7.5,7.5,0.8222,0.7454,meter,1.235,,3.0,0,0.5
2026-09-20,brasil,Brasileirão Serie A,Flamengo RJ vs Bragantino,3,False,1X2,resultado,Resultado,Gana Flamengo RJ,,0.6895,0.7252,meter,1.333,0.7152747179037255,3.0,1,
2026-09-20,brasil,Brasileirão Serie A,Flamengo RJ vs Bragantino,4,False,Remates a puerta,remates_on,Visita,Remates a puerta Visita: Menos de 4.5,4.5,0.7072,0.7072,no_meter,1.286,,3.0,0,0.5
2026-09-20,brasil,Brasileirão Serie A,Flamengo RJ vs Bragantino,5,False,Tarjetas,tarjetas,Total,Tarjetas: Más de 3.5,3.5,0.5944,0.5944,no_meter,1.455,,3.0,0,3.5
2026-09-20,brasil,Brasileirão Serie A,Flamengo RJ vs Bragantino,6,False,Remates,remates,Visita,Remates Visita: Más de 9.5,9.5,0.5891,0.5891,no_meter,1.667,,3.0,1,5.5
2026-09-20,brasil,Brasileirão Serie A,Flamengo RJ vs Bragantino,7,False,BTTS,btts,Ambos marcan,Ambos marcan: Sí,,0.503,0.4902,no_meter,1.909,0.5,3.0,1,
2026-09-20,par_division,División Profesional,Sportivo Luqueño vs Deportivo Recoleta,1,True,Goles,goles,Total,Goles: Más de 1.5,1.5,0.8019,0.7781,meter,1.222,0.7542236524537409,1.0,0,0.5
2026-09-20,par_division,División Profesional,Sportivo Luqueño vs Deportivo Recoleta,2,True,Doble oportunidad,resultado,Doble,Sportivo Luqueño o empate,,0.7047,0.7202,meter,1.308,0.7014287564207708,1.0,1,
2026-09-20,par_division,División Profesional,Sportivo Luqueño vs Deportivo Recoleta,3,False,Córners,corners,Total,Córners: Más de 7.5,7.5,0.5601,0.6601,no_meter,1.364,,1.0,1,7.5
2026-09-20,par_division,División Profesional,Sportivo Luqueño vs Deportivo Recoleta,4,False,BTTS,btts,Ambos marcan,Ambos marcan: Sí,,0.5447,0.5685,no_meter,1.667,0.5574727900185825,1.0,0,
2026-09-20,bra_serie_b,Brasileirão Série B,Londrina vs Fortaleza,1,False,Goles,goles,Total,Goles: Menos de 3.5,3.5,0.8365,0.8082,no_meter,1.2,0.779816513761468,3.0,1,0.5
2026-09-20,bra_serie_b,Brasileirão Série B,Londrina vs Fortaleza,2,False,Doble oportunidad,resultado,Doble,Londrina o Fortaleza,,0.691,0.7358,no_meter,1.35,,3.0,1,
2026-09-20,bra_serie_b,Brasileirão Série B,Londrina vs Fortaleza,3,False,Remates a puerta,remates_on,Visita,Remates a puerta Visita: Más de 2.5,2.5,0.703,0.703,no_meter,1.308,,3.0,0,0.5
2026-09-20,bra_serie_b,Brasileirão Série B,Londrina vs Fortaleza,4,False,Córners,corners,Total,Córners: Más de 8.5,8.5,0.5807,0.6807,no_meter,1.286,,3.0,1,1.5
2026-09-20,bra_serie_b,Brasileirão Série B,Londrina vs Fortaleza,5,False,BTTS,btts,Ambos marcan,Ambos marcan: No,,0.5407,0.5539,no_meter,1.741,0.52856756024912,3.0,0,
2026-09-20,argentina,Primera División,Belgrano vs Estudiantes Rio Cuarto,1,True,Córners,corners,Total,Córners: Menos de 10.5,10.5,0.6558,0.7169,meter,1.273,,3.0,0,0.5
2026-09-20,argentina,Primera División,Belgrano vs Estudiantes Rio Cuarto,2,False,Handicap,handicap,Total,Handicap: Estudiantes Rio Cuarto +1.5,1.5,0.8039,0.7039,no_meter,1.526,,3.0,1,0.5
2026-09-20,argentina,Primera División,Belgrano vs Estudiantes Rio Cuarto,3,False,BTTS,btts,Ambos marcan,Ambos marcan: No,,0.6667,0.6873,no_meter,1.417,0.6558173427252854,3.0,0,
2026-09-20,argentina,Primera División,Belgrano vs Estudiantes Rio Cuarto,4,False,Tarjetas,tarjetas,Total,Tarjetas: Más de 3.5,3.5,0.6269,0.6269,no_meter,1.556,,3.0,0,3.5
2026-09-20,argentina,Primera División,Belgrano vs Estudiantes Rio Cuarto,5,False,Goles,goles,Total,Goles: Menos de 2.5,2.5,0.6423,0.6232,no_meter,1.556,0.6041719664207582,3.0,0,0.5
2026-09-20,argentina,Primera División,Belgrano vs Estudiantes Rio Cuarto,6,False,Remates a puerta,remates_on,Local,Remates a puerta Local: Más de 3.5,3.5,0.6173,0.6173,no_meter,1.35,,3.0,1,2.5
2026-09-20,argentina,Primera División,Belgrano vs Estudiantes Rio Cuarto,7,False,Remates,remates,Total,Remates: Menos de 26.5,26.5,0.6143,0.6143,no_meter,1.546,,3.0,0,4.5
2026-09-20,brasil,Brasileirão Serie A,Athletico-PR vs Bahia,1,True,Córners,corners,Total,Córners: Menos de 14,14.0,0.8681,0.7681,meter,1.2,,3.0,1,5.0
2026-09-20,brasil,Brasileirão Serie A,Athletico-PR vs Bahia,2,True,Goles,goles,Total,Goles: Más de 1.5,1.5,0.7672,0.7552,meter,1.267,0.7432103769760844,3.0,1,1.5
2026-09-20,brasil,Brasileirão Serie A,Athletico-PR vs Bahia,3,False,Doble oportunidad,resultado,Doble,Athletico-PR o empate,,0.7553,0.7265,meter,1.32,0.7079646017699115,3.0,1,
2026-09-20,brasil,Brasileirão Serie A,Athletico-PR vs Bahia,4,False,Remates a puerta,remates_on,Visita,Remates a puerta Visita: Más de 2.5,2.5,0.7348,0.7348,no_meter,1.273,,3.0,1,0.5
2026-09-20,brasil,Brasileirão Serie A,Athletico-PR vs Bahia,5,False,BTTS,btts,Ambos marcan,Ambos marcan: Sí,,0.5553,0.5723,no_meter,1.667,0.5632695834424941,3.0,1,
2026-09-20,brasil,Brasileirão Serie A,Athletico-PR vs Bahia,6,False,Tarjetas,tarjetas,Total,Tarjetas: Más de 3.5,3.5,0.5516,0.5516,no_meter,1.333,,3.0,0,3.5
2026-09-20,mex_expansion,Liga de Expansión MX,Tapatío vs Tlaxcala FC,1,False,Goles,goles,Total,Goles: Menos de 3.5,3.5,0.6261,0.6312,no_meter,1.455,0.636340914771307,4.0,0,0.5
2026-09-20,mex_expansion,Liga de Expansión MX,Tapatío vs Tlaxcala FC,2,False,BTTS,btts,Ambos marcan,Ambos marcan: Sí,,0.5731,0.5814,no_meter,1.6,0.5789473684210527,4.0,0,
2026-09-20,mex_expansion,Liga de Expansión MX,Tapatío vs Tlaxcala FC,3,False,Handicap,handicap,Total,Handicap: Tapatío -0.5,-0.5,0.5579,0.4904,no_meter,1.87,,4.0,1,3.5
2026-09-20,usl_championship,USL Championship,Sacramento Republic FC vs San Antonio FC,1,True,Goles,goles,Total,Goles: Menos de 3.5,3.5,0.787,0.7706,meter,1.222,0.7542236524537409,0.0,1,3.5
2026-09-20,usl_championship,USL Championship,Sacramento Republic FC vs San Antonio FC,2,False,Doble oportunidad,resultado,Doble,San Antonio FC o empate,,0.5059,0.5539,no_meter,1.733,0.5291679940320857,0.0,1,
2026-09-20,usl_championship,USL Championship,Sacramento Republic FC vs San Antonio FC,3,False,BTTS,btts,Ambos marcan,Ambos marcan: No,,0.5237,0.5531,no_meter,1.75,0.527027027027027,0.0,1,
2026-09-20,usl_championship,USL Championship,Sacramento Republic FC vs San Antonio FC,4,False,Córners,corners,Total,Córners: Más de 8.5,8.5,0.5104,0.4834,no_meter,1.833,,0.0,1,7.5
2026-09-20,uru_primera,Primera División,Liverpool vs Racing (Montevideo),1,True,Córners,corners,Total,Córners: Menos de 11.5,11.5,0.7701,0.7451,meter,1.25,,0.0,1,5.5
2026-09-20,uru_primera,Primera División,Liverpool vs Racing (Montevideo),2,True,Doble oportunidad,resultado,Doble,Liverpool o Racing (Montevideo),,0.733,0.7394,meter,1.32,,0.0,0,
2026-09-20,uru_primera,Primera División,Liverpool vs Racing (Montevideo),3,False,Goles,goles,Total,Goles: Más de 1.5,1.5,0.6372,0.6348,no_meter,1.48,0.6323894684550421,0.0,0,1.5
2026-09-20,uru_primera,Primera División,Liverpool vs Racing (Montevideo),4,False,BTTS,btts,Ambos marcan,Ambos marcan: No,,0.549,0.5689,no_meter,1.667,0.5574727900185825,0.0,1,
2026-09-20,mls,MLS,Inter Miami vs San Diego FC,1,True,Doble oportunidad,resultado,Resultado,Inter Miami o empate,,0.701,0.701,meter,1.167,0.8298,4.0,1,
2026-09-20,mls,MLS,Inter Miami vs San Diego FC,2,True,Goles,goles,Total,Goles: Menos de 5.5,5.5,0.7875,0.7548,meter,1.308,0.7221750212404418,4.0,1,1.5
2026-09-20,mls,MLS,Inter Miami vs San Diego FC,3,False,Córners,corners,Total,Córners: Menos de 12,12.0,0.7882,0.7451,meter,1.267,,4.0,1,7.0
2026-09-20,mls,MLS,Inter Miami vs San Diego FC,4,False,BTTS,btts,Ambos marcan,Ambos marcan: Sí,,0.7044,0.7241,meter,1.312,0.7092198581560284,4.0,1,
2026-09-20,mls,MLS,Inter Miami vs San Diego FC,5,False,Tarjetas,tarjetas,Total,Tarjetas: Menos de 5.5,5.5,0.6931,0.6931,no_meter,1.3,,4.0,1,2.5
2026-09-20,mls,MLS,Inter Miami vs San Diego FC,6,False,Remates a puerta,remates_on,Local,Remates a puerta Local: Más de 5.5,5.5,0.5202,0.5202,no_meter,1.429,,4.0,1,2.5
2026-09-20,crc_fpd,Liga FPD,Alajuelense vs Inter de San Carlos,1,False,Goles,goles,Total,Goles: Menos de 3.5,3.5,0.6931,0.6647,no_meter,1.455,0.636340914771307,5.0,0,1.5
2026-09-20,crc_fpd,Liga FPD,Alajuelense vs Inter de San Carlos,2,False,BTTS,btts,Ambos marcan,Ambos marcan: Sí,,0.5578,0.5803,no_meter,1.6,0.5789473684210527,5.0,0,
2026-09-20,crc_fpd,Liga FPD,Alajuelense vs Inter de San Carlos,3,False,Handicap,handicap,Total,Handicap: Inter de San Carlos +0.5,0.5,0.648,0.548,no_meter,2.0,,5.0,0,4.5
2026-09-20,col_primera_a,Categoría Primera A,Deportes Tolima vs América de Cali,1,True,Goles,goles,Total,Goles: Menos de 3.5,3.5,0.7845,0.7706,meter,1.222,0.7566706491437674,2.0,1,1.5
2026-09-20,col_primera_a,Categoría Primera A,Deportes Tolima vs América de Cali,2,True,Doble oportunidad,resultado,Doble,Deportes Tolima o empate,,0.7167,0.717,meter,1.32,0.6950247503985233,2.0,1,
2026-09-20,col_primera_a,Categoría Primera A,Deportes Tolima vs América de Cali,3,False,Córners,corners,Total,Córners: Más de 8.5,8.5,0.6836,0.7327,no_meter,1.455,,2.0,1,2.5
2026-09-20,col_primera_a,Categoría Primera A,Deportes Tolima vs América de Cali,4,False,Remates a puerta,remates_on,Local,Remates a puerta Local: Menos de 4.5,4.5,0.5735,0.5735,no_meter,1.667,,2.0,0,3.5
2026-09-20,col_primera_a,Categoría Primera A,Deportes Tolima vs América de Cali,5,False,Remates,remates,Total,Remates: Menos de 25.5,25.5,0.5525,0.5525,no_meter,1.75,,2.0,0,7.5
2026-09-20,col_primera_a,Categoría Primera A,Deportes Tolima vs América de Cali,6,False,BTTS,btts,Ambos marcan,Ambos marcan: No,,0.5219,0.5,no_meter,1.8,0.5135135135135135,2.0,0,
2026-09-20,slv_primera,Primera División,Luis Ángel Firpo vs Atletico Balboa,1,False,Goles,goles,Total,Goles: Más de 2.5,2.5,0.5007,0.5139,no_meter,1.813,0.5270023480302635,4.0,1,1.5
2026-09-20,slv_primera,Primera División,Luis Ángel Firpo vs Atletico Balboa,2,False,1X2,resultado,Resultado,Gana Luis Ángel Firpo,,0.5343,0.4919,no_meter,1.877,0.4941278829619257,4.0,1,
2026-09-20,ecu_liga_pro,LigaPro Serie A,Liga de Quito vs Universidad Católica (Quito),1,False,Handicap,handicap,Total,Handicap: Universidad Católica (Quito) +0.5,0.5,0.6593,0.5932,no_meter,1.714,,3.0,0,0.5
2026-09-20,ecu_liga_pro,LigaPro Serie A,Liga de Quito vs Universidad Católica (Quito),2,False,Goles,goles,Total,Goles: Menos de 2.5,2.5,0.5241,0.5171,no_meter,1.833,0.5101549973276323,3.0,0,0.5
2026-09-20,liga_mx,Liga MX,Pachuca vs Club Tijuana,1,True,Doble oportunidad,resultado,Resultado,Pachuca o empate,,0.856,0.856,meter,1.2,0.8056,4.0,1,
2026-09-20,liga_mx,Liga MX,Pachuca vs Club Tijuana,2,True,Goles,goles,Total,Goles: Más de 1.5,1.5,0.7508,0.7466,meter,1.273,0.7423076923076923,4.0,1,2.5
2026-09-20,liga_mx,Liga MX,Pachuca vs Club Tijuana,3,False,Córners,corners,Total,Córners: Menos de 12,12.0,0.754,0.7451,meter,1.2,,4.0,1,2.0
2026-09-20,liga_mx,Liga MX,Pachuca vs Club Tijuana,4,False,Remates a puerta,remates_on,Visita,Remates a puerta Visita: Menos de 4.5,4.5,0.8114,0.8114,no_meter,1.25,,4.0,0,0.5
2026-09-20,liga_mx,Liga MX,Pachuca vs Club Tijuana,5,False,Tarjetas,tarjetas,Total,Tarjetas: Más de 3.5,3.5,0.589,0.589,no_meter,1.25,,4.0,0,3.5
2026-09-20,liga_mx,Liga MX,Pachuca vs Club Tijuana,6,False,BTTS,btts,Ambos marcan,Ambos marcan: Sí,,0.5232,0.4987,no_meter,1.87,0.5107273678702251,4.0,1,
2026-09-20,liga_mx,Liga MX,Toluca vs Santos Laguna,1,True,1X2,resultado,Resultado,Gana Toluca,,0.7222,0.7504,meter,1.25,0.7619102038484066,5.0,0,
2026-09-20,liga_mx,Liga MX,Toluca vs Santos Laguna,2,True,Córners,corners,Total,Córners: Más de 8,8.0,0.831,0.7457,meter,1.25,,5.0,1,5.0
2026-09-20,liga_mx,Liga MX,Toluca vs Santos Laguna,3,False,Goles,goles,Total,Goles: Menos de 4.5,4.5,0.7229,0.6947,no_meter,1.417,0.6665882352941177,5.0,0,0.5
2026-09-20,liga_mx,Liga MX,Toluca vs Santos Laguna,4,False,Remates a puerta,remates_on,Visita,Remates a puerta Visita: Más de 1.5,1.5,0.6698,0.6698,no_meter,1.286,,5.0,1,4.5
2026-09-20,liga_mx,Liga MX,Toluca vs Santos Laguna,5,False,Tarjetas,tarjetas,Total,Tarjetas: Más de 2.5,2.5,0.5847,0.5847,no_meter,1.25,,5.0,0,2.5
2026-09-20,liga_mx,Liga MX,Toluca vs Santos Laguna,6,False,BTTS,btts,Ambos marcan,Ambos marcan: Sí,,0.5564,0.5661,no_meter,1.714,0.550603041426324,5.0,1,
2026-09-20,argentina,Primera División,Velez Sarsfield vs Tigre,1,True,Córners,corners,Total,Córners: Más de 6.5,6.5,0.8176,0.7452,meter,1.222,,5.0,1,2.5
2026-09-20,argentina,Primera División,Velez Sarsfield vs Tigre,2,False,Remates a puerta,remates_on,Local,Remates a puerta Local: Menos de 5.5,5.5,0.7404,0.7404,no_meter,1.286,,5.0,0,2.5
2026-09-20,argentina,Primera División,Velez Sarsfield vs Tigre,3,False,Doble oportunidad,resultado,Doble,Velez Sarsfield o Tigre,,0.653,0.7169,no_meter,1.364,,5.0,1,
2026-09-20,argentina,Primera División,Velez Sarsfield vs Tigre,4,False,Goles,goles,Total,Goles: Menos de 2.5,2.5,0.6854,0.6727,no_meter,1.417,0.659947204223662,5.0,0,2.5
2026-09-20,argentina,Primera División,Velez Sarsfield vs Tigre,5,False,BTTS,btts,Ambos marcan,Ambos marcan: No,,0.6007,0.5935,no_meter,1.556,0.5964730290456431,5.0,0,
2026-09-20,argentina,Primera División,Velez Sarsfield vs Tigre,6,False,Tarjetas,tarjetas,Visita,Tarjetas Visita: Más de 2.5,2.5,0.5852,0.5852,no_meter,1.53,,5.0,0,2.5
2026-09-20,argentina,Primera División,Velez Sarsfield vs Tigre,7,False,Remates,remates,Local,Remates Local: Más de 11.5,11.5,0.5576,0.5576,no_meter,1.52,,5.0,1,11.5
2026-09-20,crc_fpd,Liga FPD,AD San Carlos vs Cartaginés,1,True,Goles,goles,Total,Goles: Menos de 3.5,3.5,0.7531,0.7403,meter,1.273,0.7275839931521506,1.0,1,2.5
2026-09-20,crc_fpd,Liga FPD,AD San Carlos vs Cartaginés,2,True,Doble oportunidad,resultado,Doble,Cartaginés o empate,,0.638,0.7117,meter,1.3,0.7065872022263062,1.0,0,
2026-09-20,crc_fpd,Liga FPD,AD San Carlos vs Cartaginés,3,False,BTTS,btts,Ambos marcan,Ambos marcan: Sí,,0.5194,0.5531,no_meter,1.75,0.527027027027027,1.0,0,
2026-09-20,col_primera_a,Categoría Primera A,Llaneros FC vs Atlético Nacional,1,True,Goles,goles,Total,Goles: Menos de 3.5,3.5,0.7681,0.7448,meter,1.286,0.7215847586057588,2.0,1,1.5
2026-09-20,col_primera_a,Categoría Primera A,Llaneros FC vs Atlético Nacional,2,False,Remates,remates,Total,Remates: Más de 26.5,26.5,0.5176,0.5176,no_meter,1.909,,2.0,1,1.5
2026-09-20,col_primera_a,Categoría Primera A,Llaneros FC vs Atlético Nacional,3,False,BTTS,btts,Ambos marcan,Ambos marcan: No,,0.5105,0.4917,no_meter,1.833,0.5,2.0,1,
2026-09-20,col_primera_a,Categoría Primera A,Llaneros FC vs Atlético Nacional,4,False,Handicap,handicap,Total,Handicap: Llaneros FC +0.5,0.5,0.5874,0.4904,no_meter,2.0,,2.0,1,2.5
2026-09-20,liga_mx,Liga MX,Queretaro vs Club Leon,1,True,Goles,goles,Total,Goles: Más de 1.5,1.5,0.78,0.7723,meter,1.231,0.7646721468170522,2.0,1,0.5
2026-09-20,liga_mx,Liga MX,Queretaro vs Club Leon,2,True,Córners,corners,Total,Córners: Menos de 12.5,12.5,0.7493,0.7451,meter,1.333,,2.0,1,3.5
2026-09-20,liga_mx,Liga MX,Queretaro vs Club Leon,3,False,Doble oportunidad,resultado,Doble,Queretaro o Club Leon,,0.7372,0.7409,meter,1.3,,2.0,0,
2026-09-20,liga_mx,Liga MX,Queretaro vs Club Leon,4,False,Remates a puerta,remates_on,Visita,Remates a puerta Visita: Más de 3.5,3.5,0.7153,0.7153,no_meter,1.4,,2.0,1,3.5
2026-09-20,liga_mx,Liga MX,Queretaro vs Club Leon,5,False,Tarjetas,tarjetas,Total,Tarjetas: Más de 3.5,3.5,0.599,0.599,no_meter,1.25,,2.0,0,3.5
2026-09-20,liga_mx,Liga MX,Queretaro vs Club Leon,6,False,BTTS,btts,Ambos marcan,Ambos marcan: Sí,,0.5735,0.5779,no_meter,1.647,0.5718741876787107,2.0,1,
2026-09-21,argentina,Primera División,Aldosivi vs Atl. Tucuman,1,True,Córners,corners,Total,Córners: Más de 7.5,7.5,0.7888,0.7451,meter,1.273,,1.0,1,1.5
2026-09-21,argentina,Primera División,Aldosivi vs Atl. Tucuman,2,False,Remates a puerta,remates_on,Total,Remates a puerta: Menos de 9.5,9.5,0.7409,0.7409,no_meter,1.364,,1.0,1,5.5
2026-09-21,argentina,Primera División,Aldosivi vs Atl. Tucuman,3,False,Doble oportunidad,resultado,Doble,Aldosivi o Atl. Tucuman,,0.6917,0.7361,no_meter,1.375,,1.0,1,
2026-09-21,argentina,Primera División,Aldosivi vs Atl. Tucuman,4,False,Goles,goles,Total,Goles: Menos de 2.5,2.5,0.6446,0.6423,no_meter,1.462,0.6400787789266372,1.0,1,1.5
2026-09-21,argentina,Primera División,Aldosivi vs Atl. Tucuman,5,False,BTTS,btts,Ambos marcan,Ambos marcan: No,,0.5788,0.5753,no_meter,1.645,0.5665349143610012,1.0,1,
2026-09-21,argentina,Primera División,Aldosivi vs Atl. Tucuman,6,False,Remates,remates,Total,Remates: Menos de 27.5,27.5,0.5589,0.5589,no_meter,1.546,,1.0,1,1.5
2026-09-21,arg_primera_nacional,Primera Nacional,Tristán Suárez vs Atlanta,1,True,Doble oportunidad,resultado,Resultado,Tristán Suárez o empate,,0.769,0.769,meter,1.182,0.8029,0.0,1,
2026-09-21,arg_primera_nacional,Primera Nacional,Tristán Suárez vs Atlanta,2,True,Goles,goles,Total,Goles: Menos de 2.5,2.5,0.7263,0.7093,meter,1.333,0.6923609508423725,0.0,1,2.5
2026-09-21,arg_primera_nacional,Primera Nacional,Tristán Suárez vs Atlanta,3,False,BTTS,btts,Ambos marcan,Ambos marcan: No,,0.65,0.6766,no_meter,1.455,0.636340914771307,0.0,1,
2026-09-21,arg_primera_nacional,Primera Nacional,Tristán Suárez vs Atlanta,4,False,Córners,corners,Total,Córners: Menos de 8.5,8.5,0.5529,0.5809,no_meter,1.75,,0.0,1,2.5
2026-09-21,ecu_liga_pro,LigaPro Serie A,Manta F.C. vs Orense,1,True,Doble oportunidad,resultado,Doble,Manta F.C. o Orense,,0.6918,0.7362,meter,1.32,,3.0,1,
2026-09-21,ecu_liga_pro,LigaPro Serie A,Manta F.C. vs Orense,2,False,Goles,goles,Total,Goles: Menos de 2.5,2.5,0.5551,0.5553,no_meter,1.667,0.5554666666666667,3.0,0,0.5
2026-09-21,arg_primera_nacional,Primera Nacional,Nueva Chicago vs Patronato,1,False,Doble oportunidad,resultado,Doble,Nueva Chicago o Patronato,,0.6755,0.7265,no_meter,1.4,,2.0,0,
2026-09-21,arg_primera_nacional,Primera Nacional,Nueva Chicago vs Patronato,2,False,Goles,goles,Total,Goles: Menos de 2.5,2.5,0.7111,0.6956,no_meter,1.364,0.6801125703564727,2.0,1,0.5
2026-09-21,arg_primera_nacional,Primera Nacional,Nueva Chicago vs Patronato,3,False,BTTS,btts,Ambos marcan,Ambos marcan: No,,0.6128,0.5941,no_meter,1.556,0.595002602811036,2.0,0,
2026-09-21,argentina,Primera División,Barracas Central vs Ind. Rivadavia,1,True,Córners,corners,Total,Córners: Más de 6.5,6.5,0.797,0.7451,meter,1.222,,1.0,1,5.5
2026-09-21,argentina,Primera División,Barracas Central vs Ind. Rivadavia,2,False,Remates a puerta,remates_on,Visita,Remates a puerta Visita: Más de 2.5,2.5,0.7864,0.7864,no_meter,1.273,,1.0,1,4.5
2026-09-21,argentina,Primera División,Barracas Central vs Ind. Rivadavia,3,False,Doble oportunidad,resultado,Doble,Barracas Central o Ind. Rivadavia,,0.6722,0.7236,no_meter,1.364,,1.0,1,
2026-09-21,argentina,Primera División,Barracas Central vs Ind. Rivadavia,4,False,Goles,goles,Total,Goles: Menos de 2.5,2.5,0.659,0.657,no_meter,1.429,0.6550808592807144,1.0,1,1.5
2026-09-21,argentina,Primera División,Barracas Central vs Ind. Rivadavia,5,False,BTTS,btts,Ambos marcan,Ambos marcan: No,,0.5857,0.5796,no_meter,1.625,0.5751633986928104,1.0,1,
2026-09-21,argentina,Primera División,Barracas Central vs Ind. Rivadavia,6,False,Remates,remates,Visita,Remates Visita: Menos de 14.5,14.5,0.5285,0.5285,no_meter,1.5,,1.0,1,0.5
2026-09-21,uru_primera,Primera División,Central Español Fútbol Club vs Montevideo City Torque,1,False,1X2,resultado,Resultado,Gana Montevideo City Torque,,0.5058,0.5044,no_meter,1.806,0.5270058434983663,5.0,1,
2026-09-21,argentina,Primera División,Lanus vs Estudiantes L.P.,1,True,Córners,corners,Total,Córners: Más de 6.5,6.5,0.7363,0.7406,meter,1.273,,3.0,1,2.5
2026-09-21,argentina,Primera División,Lanus vs Estudiantes L.P.,2,False,Doble oportunidad,resultado,Doble,Lanus o Estudiantes L.P.,,0.6842,0.7329,no_meter,1.35,,3.0,1,
2026-09-21,argentina,Primera División,Lanus vs Estudiantes L.P.,3,False,Remates a puerta,remates_on,Local,Remates a puerta Local: Menos de 5.5,5.5,0.7177,0.7177,no_meter,1.333,,3.0,1,2.5
2026-09-21,argentina,Primera División,Lanus vs Estudiantes L.P.,4,False,Goles,goles,Total,Goles: Menos de 2.5,2.5,0.6663,0.6607,no_meter,1.429,0.6550808592807144,3.0,0,0.5
2026-09-21,argentina,Primera División,Lanus vs Estudiantes L.P.,5,False,BTTS,btts,Ambos marcan,Ambos marcan: No,,0.5945,0.5879,no_meter,1.571,0.5888510861031143,3.0,0,
2026-09-21,argentina,Primera División,Lanus vs Estudiantes L.P.,6,False,Remates,remates,Local,Remates Local: Menos de 14.5,14.5,0.582,0.582,no_meter,1.636,,3.0,1,8.5
2026-09-21,argentina,Primera División,Lanus vs Estudiantes L.P.,7,False,Tarjetas,tarjetas,Visita,Tarjetas Visita: Menos de 3.5,3.5,0.5619,0.5619,no_meter,1.6,,3.0,1,3.5
2026-09-21,bra_serie_b,Brasileirão Série B,Cuiabá vs Náutico,1,True,Córners,corners,Total,Córners: Menos de 12.5,12.5,0.8237,0.7454,meter,1.222,,3.0,1,1.5
2026-09-21,bra_serie_b,Brasileirão Série B,Cuiabá vs Náutico,2,True,Doble oportunidad,resultado,Doble,Cuiabá o Náutico,,0.74,0.742,meter,1.3,,3.0,1,
2026-09-21,bra_serie_b,Brasileirão Série B,Cuiabá vs Náutico,3,False,Goles,goles,Total,Goles: Menos de 3.5,3.5,0.8294,0.8036,no_meter,1.2,0.7777777777777778,3.0,1,0.5
2026-09-21,bra_serie_b,Brasileirão Série B,Cuiabá vs Náutico,4,False,Remates a puerta,remates_on,Visita,Remates a puerta Visita: Más de 2.5,2.5,0.722,0.722,no_meter,1.308,,3.0,0,0.5
2026-09-21,bra_serie_b,Brasileirão Série B,Cuiabá vs Náutico,5,False,Tarjetas,tarjetas,Total,Tarjetas: Más de 3.5,3.5,0.7084,0.7084,no_meter,1.4,,3.0,0,3.5
2026-09-21,bra_serie_b,Brasileirão Série B,Cuiabá vs Náutico,6,False,BTTS,btts,Ambos marcan,Ambos marcan: No,,0.535,0.5539,no_meter,1.741,0.52856756024912,3.0,1,
2026-09-22,col_primera_a,Categoría Primera A,Independiente Medellín vs Jaguares de Córdoba,1,True,Goles,goles,Total,Goles: Menos de 4.5,4.5,0.8139,0.7853,meter,1.222,0.7566706491437674,3.0,1,1.5
2026-09-22,col_primera_a,Categoría Primera A,Independiente Medellín vs Jaguares de Córdoba,2,True,Córners,corners,Total,Córners: Menos de 11.5,11.5,0.7831,0.7451,meter,1.3,,3.0,1,1.5
2026-09-22,col_primera_a,Categoría Primera A,Independiente Medellín vs Jaguares de Córdoba,3,False,1X2,resultado,Resultado,Gana Independiente Medellín,,0.6696,0.7119,meter,1.32,0.7024862189933938,3.0,1,
2026-09-22,col_primera_a,Categoría Primera A,Independiente Medellín vs Jaguares de Córdoba,4,False,BTTS,btts,Ambos marcan,Ambos marcan: No,,0.5092,0.4915,no_meter,1.833,0.5,3.0,0,
2026-09-22,bra_serie_b,Brasileirão Série B,Criciúma vs Operário PR,1,True,Doble oportunidad,resultado,Doble,Criciúma o Operário PR,,0.707,0.7389,meter,1.3,,2.0,1,
2026-09-22,bra_serie_b,Brasileirão Série B,Criciúma vs Operário PR,2,True,Córners,corners,Total,Córners: Más de 8.5,8.5,0.6731,0.7244,meter,1.222,,2.0,1,10.5
2026-09-22,bra_serie_b,Brasileirão Série B,Criciúma vs Operário PR,3,False,Remates a puerta,remates_on,Visita,Remates a puerta Visita: Menos de 4.5,4.5,0.7306,0.7306,no_meter,1.273,,2.0,1,2.5
2026-09-22,bra_serie_b,Brasileirão Série B,Criciúma vs Operário PR,4,False,Goles,goles,Total,Goles: Más de 1.5,1.5,0.6651,0.6569,no_meter,1.444,0.6487472634395525,2.0,1,0.5
2026-09-22,bra_serie_b,Brasileirão Série B,Criciúma vs Operário PR,5,False,Remates,remates,Visita,Remates Visita: Menos de 12.5,12.5,0.6379,0.6379,no_meter,1.48,,2.0,1,7.5
2026-09-22,bra_serie_b,Brasileirão Série B,Criciúma vs Operário PR,6,False,BTTS,btts,Ambos marcan,Ambos marcan: No,,0.5569,0.5649,no_meter,1.69,0.5481283422459893,2.0,1,
2026-09-22,col_primera_a,Categoría Primera A,Independiente Santa Fe vs Deportivo Cali,1,False,Handicap,handicap,Total,Handicap: Independiente Santa Fe -0.5,-0.5,0.7021,0.6021,no_meter,1.952,,1.0,0,1.5
2026-09-22,col_primera_a,Categoría Primera A,Independiente Santa Fe vs Deportivo Cali,2,False,Goles,goles,Total,Goles: Menos de 2.5,2.5,0.6062,0.5989,no_meter,1.588,0.5915637860082305,1.0,1,1.5
2026-09-23,usl_championship,USL Championship,Birmingham Legion FC vs Brooklyn FC,1,True,Goles,goles,Total,Goles: Menos de 4.5,4.5,0.7606,0.7411,meter,1.286,0.7215847586057588,4.0,1,0.5
2026-09-23,usl_championship,USL Championship,Birmingham Legion FC vs Brooklyn FC,2,False,Goles equipo,goles_equipo,Local,Goles Birmingham Legion FC: Menos de 2.5,2.5,0.87,0.6052,no_meter,1.556,0.34030140982012635,4.0,0,1.5
2026-09-23,usl_championship,USL Championship,Birmingham Legion FC vs Brooklyn FC,3,False,BTTS,btts,Ambos marcan,Ambos marcan: Sí,,0.6094,0.6043,no_meter,1.5,0.6153846153846154,4.0,0,
2026-09-23,usl_championship,USL Championship,Birmingham Legion FC vs Brooklyn FC,4,False,1X2,resultado,Resultado,Gana Birmingham Legion FC,,0.5852,0.5936,no_meter,1.52,0.6032171581769438,4.0,1,
2026-09-23,per_liga1,Liga 1,ADT vs Cienciano del Cusco,1,False,Goles,goles,Total,Goles: Más de 2.5,2.5,0.567,0.5683,no_meter,1.625,0.5695364238410596,3.0,1,0.5
2026-09-23,selecciones,Partidos Amistosos Internacionales,Azerbaiyán vs Tajikistán,1,True,Goles,goles,Total,Goles: Menos de 3.5,3.5,0.7498,0.7305,meter,1.3,0.7111111111111111,1.0,1,2.5
2026-09-23,selecciones,Partidos Amistosos Internacionales,Azerbaiyán vs Tajikistán,2,False,Doble y goles,dc_goles,1X,Azerbaiyán o empate y menos de 4.5,4.5,0.6469,0.7169,no_meter,1.32,,1.0,1,3.5
2026-09-23,selecciones,Partidos Amistosos Internacionales,Azerbaiyán vs Tajikistán,3,False,BTTS,btts,Ambos marcan,Ambos marcan: Sí,,0.5005,0.4935,no_meter,1.818,0.5077173030056864,1.0,0,
2026-09-23,champions_femenil,Champions League femenina,Servette vs OL Lyonnes,1,True,Goles,goles,Total,Goles: Menos de 6.5,6.5,0.804,0.774,meter,1.29,0.744047619047619,8.0,0,1.5
2026-09-23,champions_femenil,Champions League femenina,Oud-Heverlee Leuven vs Roma,1,True,Doble oportunidad,resultado,Resultado,Roma o empate,,0.757,0.757,meter,1.17,0.8217,0.0,1,
2026-09-23,champions_femenil,Champions League femenina,Oud-Heverlee Leuven vs Roma,2,False,Goles,goles,Total,Goles: Más de 1.5,1.5,0.8347,0.8102,no_meter,1.2,0.7857142857142858,0.0,0,1.5
2026-09-23,champions_femenil,Champions League femenina,Barcelona vs Paris FC,1,True,Goles,goles,Total,Goles: Más de 2.5,2.5,0.7761,0.7761,meter,1.22,,7.0,1,4.5
2026-09-23,champions_femenil,Champions League femenina,Chelsea vs Austria Wien,1,False,Goles,goles,Total,Goles: Menos de 5.5,5.5,0.7448,0.7164,no_meter,1.36,0.6880733944954128,1.0,1,4.5
2026-09-23,col_primera_a,Categoría Primera A,América de Cali vs Águilas Doradas,1,False,1X2,resultado,Resultado,Gana América de Cali,,0.6195,0.6719,no_meter,1.45,0.6269610278980621,1.0,1,
2026-09-23,col_primera_a,Categoría Primera A,América de Cali vs Águilas Doradas,2,False,Goles,goles,Total,Goles: Más de 2.5,2.5,0.5168,0.5185,no_meter,1.8,0.5202558635394456,1.0,0,1.5
2026-09-23,slv_primera,Primera División,Luis Ángel Firpo vs Cacahuatique,1,True,Doble oportunidad,resultado,Resultado,Luis Ángel Firpo o empate,,0.866,0.866,meter,1.1,0.878,0.0,1,
2026-09-23,slv_primera,Primera División,Luis Ángel Firpo vs Cacahuatique,2,True,Goles,goles,Total,Goles: Más de 1.5,1.5,0.7783,0.7663,meter,1.222,0.7542236524537409,0.0,0,1.5
2026-09-23,slv_primera,Primera División,Luis Ángel Firpo vs Cacahuatique,3,False,BTTS,btts,Ambos marcan,Ambos marcan: No,,0.5307,0.5531,no_meter,1.75,0.527027027027027,0.0,1,
2026-09-23,slv_primera,Primera División,Alianza FC vs Fuerte San Francisco,1,True,Doble oportunidad,resultado,Resultado,Alianza FC o empate,,0.86,0.86,meter,1.111,0.8682,4.0,1,
2026-09-23,slv_primera,Primera División,Alianza FC vs Fuerte San Francisco,2,True,Goles,goles,Total,Goles: Más de 1.5,1.5,0.735,0.7283,meter,1.286,0.7215847586057588,4.0,1,2.5
2026-09-23,slv_primera,Primera División,Alianza FC vs Fuerte San Francisco,3,False,BTTS,btts,Ambos marcan,Ambos marcan: No,,0.5482,0.5634,no_meter,1.7,0.5466666666666666,4.0,0,
2026-09-23,mls,MLS,Seattle Sounders vs Real Salt Lake,1,True,Goles,goles,Total,Goles: Menos de 4.5,4.5,0.8008,0.7766,meter,1.25,0.7524752475247526,2.0,1,2.5
2026-09-23,mls,MLS,Seattle Sounders vs Real Salt Lake,2,True,Córners,corners,Total,Córners: Menos de 14,14.0,0.853,0.7531,meter,1.2,,2.0,1,1.0
2026-09-23,mls,MLS,Seattle Sounders vs Real Salt Lake,3,False,Doble y goles,dc_goles,1X,Seattle Sounders o empate y menos de 5.5,5.5,0.6895,0.8002,no_meter,1.3,0.8651588184402422,2.0,1,3.5
2026-09-23,mls,MLS,Seattle Sounders vs Real Salt Lake,4,False,BTTS,btts,Ambos marcan,Ambos marcan: Sí,,0.6535,0.6023,no_meter,1.526,0.6113092205807437,2.0,0,
2026-09-23,mls,MLS,Seattle Sounders vs Real Salt Lake,5,False,Goles equipo,goles_equipo,Local,Goles Seattle Sounders: Menos de 2.5,2.5,0.7369,0.5538,no_meter,1.435,0.37073652990608014,2.0,1,0.5
2026-09-23,mls,MLS,Seattle Sounders vs Real Salt Lake,6,False,Remates a puerta,remates_on,Total,Remates a puerta: Más de 8.5,8.5,0.5365,0.5365,no_meter,1.429,,2.0,0,2.5
2026-09-23,mls,MLS,Seattle Sounders vs Real Salt Lake,7,False,Tarjetas,tarjetas,Total,Tarjetas: Más de 3.5,3.5,0.5289,0.5289,no_meter,1.6,,2.0,1,2.5
2026-09-24,selecciones,International - Friendlies,Japan vs Uruguay,1,True,Doble oportunidad,resultado,Resultado,Japan o empate,,0.774,0.774,meter,1.167,0.8257,4.0,1,
2026-09-24,selecciones,International - Friendlies,Japan vs Uruguay,2,True,Goles,goles,Total,Goles: Menos de 3.5,3.5,0.77,0.7561,meter,1.25,0.7422680412371133,4.0,0,0.5
2026-09-24,selecciones,International - Friendlies,Japan vs Uruguay,3,False,Goles equipo,goles_equipo,Local,Goles Japan: Menos de 2.5,2.5,0.7595,0.6531,no_meter,1.25,0.5466666666666666,4.0,0,0.5
2026-09-24,selecciones,International - Friendlies,Japan vs Uruguay,4,False,BTTS,btts,Ambos marcan,Ambos marcan: No,,0.525,0.5531,no_meter,1.75,0.527027027027027,4.0,0,
2026-09-24,selecciones,International - Friendlies,South Korea vs Ecuador,1,True,Goles,goles,Total,Goles: Menos de 3.5,3.5,0.7625,0.7524,meter,1.25,0.7422680412371133,3.0,1,0.5
2026-09-24,selecciones,International - Friendlies,South Korea vs Ecuador,2,True,Doble oportunidad,resultado,Doble,South Korea o empate,,0.655,0.7056,meter,1.32,0.6943829941205603,3.0,1,
2026-09-24,selecciones,International - Friendlies,South Korea vs Ecuador,3,False,Goles equipo,goles_equipo,Local,Goles South Korea: Más de 0.5,0.5,0.7658,0.8254,no_meter,1.286,0.8849557522123894,3.0,1,2.5
2026-09-24,selecciones,International - Friendlies,South Korea vs Ecuador,4,False,BTTS,btts,Ambos marcan,Ambos marcan: Sí,,0.5262,0.4938,no_meter,1.833,0.5,3.0,0,
2026-09-24,selecciones,CAF - Africa Cup of Nations Qualifiers,Namibia vs Congo Republic,1,False,1X2,resultado,Resultado,Gana Namibia,,0.3938,0.3648,no_meter,2.57,0.36107676047599285,1.0,1,
2026-09-24,selecciones,CAF - Africa Cup of Nations Qualifiers,Mauritania vs Central African Republic,1,True,Doble oportunidad,resultado,Resultado,Mauritania o empate,,0.861,0.861,meter,1.143,0.8379,4.0,1,
2026-09-24,selecciones,CAF - Africa Cup of Nations Qualifiers,Mauritania vs Central African Republic,2,False,Goles equipo,goles_equipo,Local,Goles Mauritania: Más de 0.5,0.5,0.8484,0.8477,no_meter,1.25,0.847098686997035,4.0,1,2.5
2026-09-24,selecciones,CAF - Africa Cup of Nations Qualifiers,Mauritania vs Central African Republic,3,False,Goles,goles,Total,Goles: Más de 1.5,1.5,0.6724,0.6544,no_meter,1.455,0.636340914771307,4.0,1,2.5
2026-09-24,selecciones,CAF - Africa Cup of Nations Qualifiers,Mauritania vs Central African Republic,4,False,BTTS,btts,Ambos marcan,Ambos marcan: No,,0.5825,0.5895,no_meter,1.556,0.595002602811036,4.0,0,
2026-09-24,selecciones,CAF - Africa Cup of Nations Qualifiers,DR Congo vs Equatorial Guinea,1,True,Goles,goles,Total,Goles: Menos de 3.5,3.5,0.7658,0.754,meter,1.25,0.7422680412371133,2.0,1,1.5
2026-09-24,selecciones,CAF - Africa Cup of Nations Qualifiers,DR Congo vs Equatorial Guinea,2,True,1X2,resultado,Resultado,Gana DR Congo,,0.7814,0.744,meter,1.25,0.7428571428571428,2.0,1,
2026-09-24,selecciones,CAF - Africa Cup of Nations Qualifiers,DR Congo vs Equatorial Guinea,3,False,BTTS,btts,Ambos marcan,Ambos marcan: No,,0.6944,0.7087,no_meter,1.364,0.6801125703564727,2.0,1,
2026-09-24,selecciones,CAF - Africa Cup of Nations Qualifiers,DR Congo vs Equatorial Guinea,4,False,Goles equipo,goles_equipo,Local,Goles DR Congo: Más de 1.5,1.5,0.7222,0.7073,no_meter,1.556,0.6923609508423725,2.0,1,0.5
2026-09-24,selecciones,CAF - Africa Cup of Nations Qualifiers,Libya vs Botswana,1,False,1X2,resultado,Resultado,Gana Libya,,0.612,0.5926,no_meter,1.588,0.591998443229569,4.0,0,
2026-09-24,selecciones,UEFA - Nations League D,Andorra vs Malta,1,False,Doble y goles,dc_goles,X2,Malta o empate y menos de 4.5,4.5,0.7202,0.8331,no_meter,1.25,0.927246790299572,3.0,1,1.5
2026-09-24,selecciones,UEFA - Nations League D,Andorra vs Malta,2,False,Goles equipo,goles_equipo,Visitante,Goles Malta: Más de 0.5,0.5,0.757,0.7839,no_meter,1.455,0.8107669855683477,3.0,1,1.5
2026-09-24,selecciones,UEFA - Nations League D,Andorra vs Malta,3,False,Goles,goles,Total,Goles: Menos de 2.5,2.5,0.65,0.6748,no_meter,1.35,0.6995326062764299,3.0,0,0.5
2026-09-24,selecciones,UEFA - Nations League D,Andorra vs Malta,4,False,BTTS,btts,Ambos marcan,Ambos marcan: No,,0.6287,0.6091,no_meter,1.5,0.625,3.0,0,
2026-09-24,selecciones,UEFA - Nations League A,Portugal vs Wales,1,True,1X2,resultado,Resultado,Gana Portugal,,0.821,0.821,meter,1.177,0.8373,1.0,1,
2026-09-24,selecciones,UEFA - Nations League A,Portugal vs Wales,2,True,Córners,corners,Total,Córners: Menos de 12,12.0,0.7635,0.7451,meter,1.3,,1.0,0,0.0
2026-09-24,selecciones,UEFA - Nations League A,Portugal vs Wales,3,False,Goles equipo,goles_equipo,Local,Goles Portugal: Más de 1.5,1.5,0.7751,0.8167,no_meter,1.2,0.8583751770310287,1.0,0,0.5
2026-09-24,selecciones,UEFA - Nations League A,Portugal vs Wales,4,False,Goles,goles,Total,Goles: Menos de 4.5,4.5,0.7105,0.6925,no_meter,1.4,0.6744186046511629,1.0,1,3.5
2026-09-24,selecciones,UEFA - Nations League A,Portugal vs Wales,5,False,Remates a puerta,remates_on,Visita,Remates a puerta Visita: Más de 1.5,1.5,0.6859,0.6859,no_meter,1.308,,1.0,0,0.5
2026-09-24,selecciones,UEFA - Nations League A,Portugal vs Wales,6,False,Tarjetas,tarjetas,Total,Tarjetas: Menos de 4.5,4.5,0.6555,0.6555,no_meter,1.4,,1.0,1,3.5
2026-09-24,selecciones,UEFA - Nations League A,Portugal vs Wales,7,False,BTTS,btts,Ambos marcan,Ambos marcan: No,,0.5775,0.5573,no_meter,1.769,0.5306447333510215,1.0,1,
2026-09-24,selecciones,UEFA - Nations League B,Austria vs Israel,1,True,Doble oportunidad,resultado,Resultado,Austria o empate,,0.933,0.933,meter,1.133,0.8507,4.0,1,
2026-09-24,selecciones,UEFA - Nations League B,Austria vs Israel,2,True,Goles,goles,Total,Goles: Menos de 4.5,4.5,0.797,0.7858,meter,1.222,0.7746219107340465,4.0,1,0.5
2026-09-24,selecciones,UEFA - Nations League B,Austria vs Israel,3,False,Córners,corners,Visita,Córners Visita: Menos de 3.5,3.5,0.6567,0.7169,no_meter,1.455,,4.0,1,1.5
2026-09-24,selecciones,UEFA - Nations League B,Austria vs Israel,4,False,Tarjetas,tarjetas,Total,Tarjetas: Más de 2.5,2.5,0.5801,0.5801,no_meter,1.333,,4.0,1,2.5
2026-09-24,selecciones,UEFA - Nations League B,Austria vs Israel,5,False,BTTS,btts,Ambos marcan,Ambos marcan: Sí,,0.511,0.56,no_meter,1.741,0.5407544183592718,4.0,1,
2026-09-24,selecciones,UEFA - Nations League B,Austria vs Israel,6,False,Goles equipo,goles_equipo,Visitante,Goles Israel: Menos de 1.5,1.5,0.879,0.5388,no_meter,1.267,0.19858275687531635,4.0,1,0.5
2026-09-24,selecciones,UEFA - Nations League D,Liechtenstein vs Lithuania,1,True,BTTS,btts,Ambos marcan,Ambos marcan: No,,0.6933,0.7355,meter,1.267,0.7342143906020558,2.0,1,
2026-09-24,selecciones,UEFA - Nations League D,Liechtenstein vs Lithuania,2,True,1X2,resultado,Resultado,Gana Lithuania,,0.7074,0.7353,meter,1.3,0.7317744154057771,2.0,1,
2026-09-24,selecciones,UEFA - Nations League D,Liechtenstein vs Lithuania,3,False,Goles,goles,Total,Goles: Más de 1.5,1.5,0.6715,0.6504,no_meter,1.5,0.6292634700939199,2.0,1,0.5
2026-09-24,selecciones,UEFA - Nations League D,Liechtenstein vs Lithuania,4,False,Goles equipo,goles_equipo,Visitante,Goles Lithuania: Más de 1.5,1.5,0.6223,0.6258,no_meter,1.69,0.6292634700939199,2.0,1,0.5
2026-09-24,selecciones,UEFA - Nations League A,Norway vs Denmark,1,True,Doble oportunidad,resultado,Resultado,Norway o empate,,0.758,0.758,meter,1.154,0.835,5.0,1,
2026-09-24,selecciones,UEFA - Nations League A,Norway vs Denmark,2,True,Goles,goles,Total,Goles: Menos de 4.5,4.5,0.8025,0.7886,meter,1.222,0.7746219107340465,5.0,0,0.5
2026-09-24,selecciones,UEFA - Nations League A,Norway vs Denmark,3,False,Córners,corners,Total,Córners: Menos de 12,12.0,0.7697,0.7451,meter,1.273,,5.0,1,1.0
2026-09-24,selecciones,UEFA - Nations League A,Norway vs Denmark,4,False,Goles equipo,goles_equipo,Local,Goles Norway: Menos de 2.5,2.5,0.7818,0.5927,no_meter,1.476,0.4036326942482341,5.0,0,0.5
2026-09-24,selecciones,UEFA - Nations League A,Norway vs Denmark,5,False,BTTS,btts,Ambos marcan,Ambos marcan: Sí,,0.5419,0.5649,no_meter,1.714,0.550603041426324,5.0,1,
2026-09-24,selecciones,UEFA - Nations League A,Norway vs Denmark,6,False,Tarjetas,tarjetas,Total,Tarjetas: Más de 2.5,2.5,0.552,0.552,no_meter,1.4,,5.0,1,0.5
2026-09-24,selecciones,UEFA - Nations League A,Serbia vs Greece,1,True,Goles,goles,Total,Goles: Menos de 3.5,3.5,0.7839,0.7793,meter,1.222,0.7746219107340465,3.0,1,0.5
2026-09-24,selecciones,UEFA - Nations League A,Serbia vs Greece,2,True,Córners,corners,Total,Córners: Menos de 10.5,10.5,0.7799,0.7451,meter,1.25,,3.0,1,2.5
2026-09-24,selecciones,UEFA - Nations League A,Serbia vs Greece,3,False,Doble y goles,dc_goles,12,Serbia o Greece y menos de 5.5,5.5,0.7082,0.8358,no_meter,1.273,0.9327115256495669,3.0,1,2.5
2026-09-24,selecciones,UEFA - Nations League A,Serbia vs Greece,4,False,Goles equipo,goles_equipo,Local,Goles Serbia: Más de 0.5,0.5,0.784,0.8292,no_meter,1.4,0.8744316194473591,3.0,1,0.5
2026-09-24,selecciones,UEFA - Nations League A,Serbia vs Greece,5,False,Tarjetas,tarjetas,Total,Tarjetas: Más de 2.5,2.5,0.624,0.624,no_meter,1.25,,3.0,1,0.5
2026-09-24,selecciones,UEFA - Nations League A,Serbia vs Greece,6,False,Remates a puerta,remates_on,Local,Remates a puerta Local: Más de 2.5,2.5,0.596,0.596,no_meter,1.273,,3.0,1,1.5
2026-09-24,selecciones,UEFA - Nations League A,Serbia vs Greece,7,False,BTTS,btts,Ambos marcan,Ambos marcan: Sí,,0.5025,0.4799,no_meter,1.952,0.4797441364605543,3.0,1,
2026-09-24,selecciones,UEFA - Nations League A,Netherlands vs Germany,1,True,Tarjetas,tarjetas,Total,Tarjetas: Menos de 4.5,4.5,0.7535,0.7535,meter,1.25,,2.0,1,0.5
2026-09-24,selecciones,UEFA - Nations League A,Netherlands vs Germany,2,True,Goles,goles,Total,Goles: Menos de 4.5,4.5,0.7708,0.7465,meter,1.308,0.7221750212404418,2.0,1,2.5
2026-09-24,selecciones,UEFA - Nations League A,Netherlands vs Germany,3,False,Córners,corners,Total,Córners: Menos de 12,12.0,0.7829,0.7451,no_meter,1.35,,2.0,0,1.0
2026-09-24,selecciones,UEFA - Nations League A,Netherlands vs Germany,4,False,Doble y goles,dc_goles,1X,Netherlands o empate y menos de 5.5,5.5,0.6936,0.715,no_meter,1.615,0.8363636363636364,2.0,1,3.5
2026-09-24,selecciones,UEFA - Nations League A,Netherlands vs Germany,5,False,BTTS,btts,Ambos marcan,Ambos marcan: Sí,,0.6364,0.6949,no_meter,1.385,0.6729634002361276,2.0,1,
2026-09-24,selecciones,UEFA - Nations League A,Netherlands vs Germany,6,False,Remates a puerta,remates_on,Visita,Remates a puerta Visita: Menos de 5.5,5.5,0.6553,0.6553,no_meter,1.429,,2.0,1,3.5
2026-09-24,selecciones,UEFA - Nations League A,Netherlands vs Germany,7,False,Goles equipo,goles_equipo,Local,Goles Netherlands: Menos de 2.5,2.5,0.8635,0.6054,no_meter,1.25,0.34728234728234725,2.0,1,1.5
2026-09-24,selecciones,UEFA - Nations League A,Netherlands vs Germany,8,False,Remates,remates,Total,Remates: Menos de 27.5,27.5,0.5816,0.5816,no_meter,1.6,,2.0,0,4.5
2026-09-24,selecciones,UEFA - Nations League B,Kosovo vs Ireland,1,False,1X2,resultado,Resultado,Gana Kosovo,,0.3818,0.3769,no_meter,2.44,0.39072266520939625,1.0,1,
2026-09-24,selecciones,CAF - Africa Cup of Nations Qualifiers,Ivory Coast vs Ghana,1,True,Doble oportunidad,resultado,Resultado,Ivory Coast o empate,,0.918,0.918,meter,1.111,0.8663,2.0,1,
2026-09-24,selecciones,CAF - Africa Cup of Nations Qualifiers,Ivory Coast vs Ghana,2,False,Goles equipo,goles_equipo,Local,Goles Ivory Coast: Más de 1.5,1.5,0.7279,0.6938,no_meter,1.9,0.6596985901798735,2.0,1,0.5
2026-09-24,selecciones,CAF - Africa Cup of Nations Qualifiers,Ivory Coast vs Ghana,3,False,Goles,goles,Total,Goles: Más de 1.5,1.5,0.7171,0.6884,no_meter,1.4,0.6596985901798735,2.0,1,0.5
2026-09-24,selecciones,CAF - Africa Cup of Nations Qualifiers,Ivory Coast vs Ghana,4,False,BTTS,btts,Ambos marcan,Ambos marcan: No,,0.6104,0.6043,no_meter,1.5,0.6153846153846154,2.0,1,
2026-09-24,selecciones,CAF - Africa Cup of Nations Qualifiers,Cameroon vs Comoros,1,True,1X2,resultado,Resultado,Gana Cameroon,,0.7233,0.7209,meter,1.34,0.7028872571860088,4.0,1,
2026-09-24,selecciones,CAF - Africa Cup of Nations Qualifiers,Tunisia vs Uganda,1,True,Goles,goles,Total,Goles: Más de 1.5,1.5,0.7587,0.7349,meter,1.3,0.7111111111111111,2.0,1,0.5
2026-09-24,selecciones,CAF - Africa Cup of Nations Qualifiers,Tunisia vs Uganda,2,False,Doble y goles,dc_goles,1X,Tunisia o empate y más de 1.5,1.5,0.7659,0.7281,no_meter,1.364,0.7111111111111111,2.0,1,0.5
2026-09-24,selecciones,CAF - Africa Cup of Nations Qualifiers,Tunisia vs Uganda,3,False,Goles equipo,goles_equipo,Local,Goles Tunisia: Más de 1.5,1.5,0.6914,0.7013,no_meter,1.667,0.7111111111111111,2.0,0,0.5
2026-09-24,selecciones,CAF - Africa Cup of Nations Qualifiers,Tunisia vs Uganda,4,False,BTTS,btts,Ambos marcan,Ambos marcan: No,,0.5865,0.5895,no_meter,1.556,0.595002602811036,2.0,0,
2026-09-24,selecciones,CAF - Africa Cup of Nations Qualifiers,Sierra Leone vs Zimbabwe,1,False,Goles equipo,goles_equipo,Local,Goles Sierra Leone: Más de 0.5,0.5,0.7823,0.8078,no_meter,1.4,0.8333333333333334,5.0,1,1.5
2026-09-24,selecciones,CAF - Africa Cup of Nations Qualifiers,Sierra Leone vs Zimbabwe,2,False,Doble oportunidad,resultado,Doble,Sierra Leone o Zimbabwe,,0.687,0.7341,no_meter,1.385,,5.0,1,
2026-09-24,selecciones,CAF - Africa Cup of Nations Qualifiers,Sierra Leone vs Zimbabwe,3,False,Goles,goles,Total,Goles: Más de 1.5,1.5,0.6762,0.6458,no_meter,1.5,0.6153846153846154,5.0,1,3.5
2026-09-24,selecciones,CAF - Africa Cup of Nations Qualifiers,Sierra Leone vs Zimbabwe,4,False,BTTS,btts,Ambos marcan,Ambos marcan: No,,0.5185,0.5683,no_meter,1.667,0.5574727900185825,5.0,0,
2026-09-24,selecciones,CAF - Africa Cup of Nations Qualifiers,Namibia vs Congo,1,False,Goles equipo,goles_equipo,Local,Goles Namibia: Más de 0.5,0.5,0.7943,0.8207,no_meter,1.4,0.847098686997035,1.0,1,0.5
2026-09-24,selecciones,CAF - Africa Cup of Nations Qualifiers,Namibia vs Congo,2,False,Doble oportunidad,resultado,Doble,Namibia o Congo,,0.73,0.7389,no_meter,1.364,,1.0,1,
2026-09-24,selecciones,CAF - Africa Cup of Nations Qualifiers,Namibia vs Congo,3,False,Goles,goles,Total,Goles: Más de 1.5,1.5,0.6447,0.6405,no_meter,1.455,0.636340914771307,1.0,0,0.5
2026-09-24,selecciones,CAF - Africa Cup of Nations Qualifiers,Namibia vs Congo,4,False,BTTS,btts,Ambos marcan,Ambos marcan: No,,0.5329,0.5629,no_meter,1.7,0.5466666666666666,1.0,1,
2026-09-24,selecciones,International - Friendlies,Uzbekistan vs Iran,1,True,Doble oportunidad,resultado,Doble,Iran o empate,,0.712,0.7161,meter,1.333,0.6932497894452148,4.0,0,
2026-09-24,selecciones,International - Friendlies,Uzbekistan vs Iran,2,False,Goles,goles,Total,Goles: Más de 1.5,1.5,0.6726,0.6511,no_meter,1.471,0.6295643414756987,4.0,1,2.5
2026-09-24,selecciones,International - Friendlies,Uzbekistan vs Iran,3,False,BTTS,btts,Ambos marcan,Ambos marcan: No,,0.5159,0.5589,no_meter,1.714,0.5385029617662898,4.0,0,
2026-09-23,selecciones,International - Friendlies,Solomon Islands vs Vanuatu,1,True,Goles,goles,Total,Goles: Más de 1.5,1.5,0.7774,0.7733,meter,1.2,0.7692307692307692,6.0,1,4.5
2026-09-23,selecciones,International - Friendlies,Solomon Islands vs Vanuatu,2,False,Doble oportunidad,resultado,Doble,Solomon Islands o empate,,0.617,0.7037,no_meter,1.35,0.6905413733686059,6.0,1,
2026-09-23,selecciones,International - Friendlies,Solomon Islands vs Vanuatu,3,False,BTTS,btts,Ambos marcan,Ambos marcan: Sí,,0.5655,0.5858,no_meter,1.571,0.5888510861031143,6.0,1,
2026-09-24,selecciones,Partidos Amistosos Internacionales,China vs Maldives,1,False,Doble y goles,dc_goles,1X,China o empate y menos de 5.5,5.5,0.7835,0.6981,no_meter,1.364,0.6511230468749999,3.0,1,2.5
2026-09-24,selecciones,Partidos Amistosos Internacionales,China vs Maldives,2,False,Goles,goles,Total,Goles: Más de 3.5,3.5,0.5,0.5892,no_meter,1.375,0.6783625730994152,3.0,0,0.5
2026-09-24,selecciones,CONCACAF - Nations League B,Puerto Rico vs Guyana,1,True,Goles,goles,Total,Goles: Más de 1.5,1.5,0.7992,0.7707,meter,1.25,0.7422680412371133,1.0,0,0.5
2026-09-24,selecciones,CONCACAF - Nations League B,Puerto Rico vs Guyana,2,True,Doble oportunidad,resultado,Doble,Guyana o empate,,0.689,0.717,meter,1.3,0.699001174569251,1.0,1,
2026-09-24,selecciones,CONCACAF - Nations League B,Puerto Rico vs Guyana,3,False,BTTS,btts,Ambos marcan,Ambos marcan: Sí,,0.5604,0.5644,no_meter,1.7,0.5466666666666666,1.0,0,
2026-09-24,selecciones,Partidos Amistosos Internacionales,Papua New Guinea vs New Caledonia,1,True,Goles,goles,Total,Goles: Menos de 3.5,3.5,0.7325,0.727,meter,1.286,0.7215847586057588,3.0,1,0.5
2026-09-24,selecciones,Partidos Amistosos Internacionales,Papua New Guinea vs New Caledonia,2,True,Doble oportunidad,resultado,Doble,Papua New Guinea o empate,,0.623,0.7073,meter,1.333,0.6976215946423995,3.0,0,
2026-09-24,selecciones,Partidos Amistosos Internacionales,Papua New Guinea vs New Caledonia,3,False,BTTS,btts,Ambos marcan,Ambos marcan: Sí,,0.5021,0.4973,no_meter,1.8,0.5146939875977352,3.0,1,
2026-09-24,selecciones,UEFA - Nations League B,Kosovo vs Republic of Ireland,1,True,Goles,goles,Total,Goles: Menos de 3.5,3.5,0.7915,0.7873,meter,1.2,0.7831194650280138,1.0,1,2.5
2026-09-24,selecciones,UEFA - Nations League B,Kosovo vs Republic of Ireland,2,True,Córners,corners,Total,Córners: Más de 6,6.0,0.8433,0.7506,meter,1.25,,1.0,0,5.0
2026-09-24,selecciones,UEFA - Nations League B,Kosovo vs Republic of Ireland,3,False,Goles equipo,goles_equipo,Visitante,Goles Republic of Ireland: Más de 0.5,0.5,0.7494,0.8073,no_meter,1.476,0.8651588184402422,1.0,0,0.5
2026-09-24,selecciones,UEFA - Nations League B,Kosovo vs Republic of Ireland,4,False,Doble y goles,dc_goles,12,Kosovo o Republic of Ireland y menos de 4.5,4.5,0.5863,0.7906,no_meter,1.385,0.8949880668257757,1.0,1,3.5
2026-09-24,selecciones,UEFA - Nations League B,Kosovo vs Republic of Ireland,5,False,Remates a puerta,remates_on,Total,Remates a puerta: Más de 7.5,7.5,0.6263,0.6263,no_meter,1.462,,1.0,1,1.5
2026-09-24,selecciones,UEFA - Nations League B,Kosovo vs Republic of Ireland,6,False,Remates,remates,Visita,Remates Visita: Más de 9.5,9.5,0.5732,0.5732,no_meter,1.692,,1.0,0,6.5
2026-09-24,selecciones,UEFA - Nations League B,Kosovo vs Republic of Ireland,7,False,BTTS,btts,Ambos marcan,Ambos marcan: No,,0.5108,0.5549,no_meter,1.769,0.5306447333510215,1.0,1,
2026-09-24,selecciones,UEFA - Nations League B,Kosovo vs Republic of Ireland,8,False,Tarjetas,tarjetas,Total,Tarjetas: Más de 3.5,3.5,0.5344,0.5344,no_meter,1.286,,1.0,0,1.5
2026-09-24,selecciones,CAF - Africa Cup of Nations Qualifiers,Mauritania vs Central African Republic,1,True,Doble oportunidad,resultado,Resultado,Mauritania o empate,,0.861,0.861,meter,1.133,0.8478,4.0,1,
2026-09-24,selecciones,CAF - Africa Cup of Nations Qualifiers,Mauritania vs Central African Republic,2,False,Goles equipo,goles_equipo,Local,Goles Mauritania: Más de 0.5,0.5,0.8493,0.8482,no_meter,1.222,0.847098686997035,4.0,1,2.5
2026-09-24,selecciones,CAF - Africa Cup of Nations Qualifiers,Mauritania vs Central African Republic,3,False,Goles,goles,Total,Goles: Más de 1.5,1.5,0.6726,0.6545,no_meter,1.455,0.636340914771307,4.0,1,2.5
2026-09-24,selecciones,CAF - Africa Cup of Nations Qualifiers,Mauritania vs Central African Republic,4,False,BTTS,btts,Ambos marcan,Ambos marcan: No,,0.5825,0.5895,no_meter,1.556,0.595002602811036,4.0,0,
2026-09-24,selecciones,CONCACAF — Nations League,Haiti vs Trinidad and Tobago,1,True,Doble oportunidad,resultado,Resultado,Haiti o empate,,0.839,0.839,meter,1.125,0.8476,5.0,1,
2026-09-24,selecciones,CONCACAF — Nations League,Haiti vs Trinidad and Tobago,2,True,Goles,goles,Total,Goles: Más de 1.5,1.5,0.782,0.7548,meter,1.273,0.7275839931521506,5.0,1,3.5
2026-09-24,selecciones,CONCACAF — Nations League,Haiti vs Trinidad and Tobago,3,False,BTTS,btts,Ambos marcan,Ambos marcan: No,,0.5099,0.4984,no_meter,1.8,0.5135135135135135,5.0,0,
2026-09-24,col_primera_a,Categoría Primera A,Atlético Nacional vs Millonarios,1,True,Goles,goles,Total,Goles: Más de 1.5,1.5,0.7731,0.7712,meter,1.2,0.7692307692307692,2.0,1,0.5
2026-09-24,col_primera_a,Categoría Primera A,Atlético Nacional vs Millonarios,2,False,Doble y goles,dc_goles,1X,Atlético Nacional o empate y menos de 5.5,5.5,0.7409,0.8094,no_meter,1.231,0.8765778401122019,2.0,1,3.5
2026-09-24,col_primera_a,Categoría Primera A,Atlético Nacional vs Millonarios,3,False,Córners,corners,Total,Córners: Más de 8.5,8.5,0.7124,0.7389,no_meter,1.364,,2.0,0,3.5
2026-09-24,col_primera_a,Categoría Primera A,Atlético Nacional vs Millonarios,4,False,Remates a puerta,remates_on,Local,Remates a puerta Local: Menos de 5.5,5.5,0.6001,0.6001,no_meter,1.667,,2.0,1,2.5
2026-09-24,col_primera_a,Categoría Primera A,Atlético Nacional vs Millonarios,5,False,BTTS,btts,Ambos marcan,Ambos marcan: Sí,,0.5377,0.5683,no_meter,1.667,0.5574727900185825,2.0,1,
2026-09-24,col_primera_a,Categoría Primera A,Atlético Nacional vs Millonarios,6,False,Goles equipo,goles_equipo,Visitante,Goles Millonarios: Menos de 1.5,1.5,0.826,0.5284,no_meter,1.333,0.23076923076923073,2.0,1,0.5
2026-09-24,col_primera_a,Categoría Primera A,Atlético Nacional vs Millonarios,7,False,Remates,remates,Local,Remates Local: Más de 15.5,15.5,0.5143,0.5143,no_meter,1.818,,2.0,0,2.5
2026-09-24,mex_expansion,Liga de Expansión MX,Alebrijes de Oaxaca vs Club Atlético La Paz,1,False,Doble oportunidad,resultado,Doble,Club Atlético La Paz o empate,,0.5752,0.6904,no_meter,1.3,0.7055616892078388,4.0,1,
2026-09-24,mex_expansion,Liga de Expansión MX,Alebrijes de Oaxaca vs Club Atlético La Paz,2,False,Goles equipo,goles_equipo,Visitante,Goles Club Atlético La Paz: Menos de 2.5,2.5,0.8804,0.6507,no_meter,1.25,0.42105263157894735,4.0,0,0.5
2026-09-24,mex_expansion,Liga de Expansión MX,Alebrijes de Oaxaca vs Club Atlético La Paz,3,False,Goles,goles,Total,Goles: Menos de 3.5,3.5,0.6641,0.6502,no_meter,1.455,0.636340914771307,4.0,0,0.5
2026-09-24,mex_expansion,Liga de Expansión MX,Alebrijes de Oaxaca vs Club Atlético La Paz,4,False,BTTS,btts,Ambos marcan,Ambos marcan: Sí,,0.5998,0.5925,no_meter,1.556,0.595002602811036,4.0,1,
2026-09-24,mex_expansion,Liga de Expansión MX,Mineros de Zacatecas vs Piratas,1,True,Doble oportunidad,resultado,Doble,Mineros de Zacatecas o Piratas,,0.737,0.7408,meter,1.308,,3.0,1,
2026-09-24,mex_expansion,Liga de Expansión MX,Mineros de Zacatecas vs Piratas,2,True,Goles,goles,Total,Goles: Más de 1.5,1.5,0.7419,0.7265,meter,1.3,0.7111111111111111,3.0,1,1.5
2026-09-24,mex_expansion,Liga de Expansión MX,Mineros de Zacatecas vs Piratas,3,False,Goles equipo,goles_equipo,Local,Goles Mineros de Zacatecas: Más de 0.5,0.5,0.7802,0.8326,no_meter,1.364,0.8849557522123894,3.0,1,2.5
2026-09-24,mex_expansion,Liga de Expansión MX,Mineros de Zacatecas vs Piratas,4,False,Córners,corners,Total,Córners: Menos de 9.5,9.5,0.6095,0.5932,no_meter,1.667,,3.0,1,0.5
2026-09-24,mex_expansion,Liga de Expansión MX,Mineros de Zacatecas vs Piratas,5,False,BTTS,btts,Ambos marcan,Ambos marcan: Sí,,0.5424,0.5531,no_meter,1.75,0.527027027027027,3.0,0,
2026-09-25,esp_hypermotion,LaLiga Hypermotion,Girona vs Albacete,1,True,Doble oportunidad,resultado,Resultado,Girona o empate,,0.818,0.818,meter,1.125,0.8544,2.0,1,
2026-09-25,esp_hypermotion,LaLiga Hypermotion,Girona vs Albacete,2,True,Goles,goles,Total,Goles: Más de 1.5,1.5,0.8005,0.7891,meter,1.2,0.7777777777777778,2.0,1,0.5
2026-09-25,esp_hypermotion,LaLiga Hypermotion,Girona vs Albacete,3,False,Córners,corners,Total,Córners: Menos de 11.5,11.5,0.7477,0.7448,meter,1.3,,2.0,1,3.5
2026-09-25,esp_hypermotion,LaLiga Hypermotion,Girona vs Albacete,4,False,Remates a puerta,remates_on,Local,Remates a puerta Local: Más de 4.5,4.5,0.7335,0.7335,no_meter,1.35,,2.0,0,1.5
2026-09-25,esp_hypermotion,LaLiga Hypermotion,Girona vs Albacete,5,False,Goles equipo,goles_equipo,Local,Goles Girona: Menos de 2.5,2.5,0.8648,0.6483,no_meter,1.455,0.4318300996329313,2.0,1,0.5
2026-09-25,esp_hypermotion,LaLiga Hypermotion,Girona vs Albacete,6,False,Tarjetas,tarjetas,Total,Tarjetas: Más de 3.5,3.5,0.6312,0.6312,no_meter,1.364,,2.0,0,0.5
2026-09-25,esp_hypermotion,LaLiga Hypermotion,Girona vs Albacete,7,False,BTTS,btts,Ambos marcan,Ambos marcan: Sí,,0.5255,0.5491,no_meter,1.769,0.5190320826536162,2.0,0,
2026-09-25,sco_championship,Scottish Championship,Inverness C vs Morton,1,True,Goles,goles,Total,Goles: Más de 1.5,1.5,0.771,0.7626,meter,1.222,0.7542236524537409,2.0,1,0.5
2026-09-25,sco_championship,Scottish Championship,Inverness C vs Morton,2,True,1X2,resultado,Resultado,Gana Inverness C,,0.6571,0.7063,meter,1.333,0.6956738990906703,2.0,1,
2026-09-25,sco_championship,Scottish Championship,Inverness C vs Morton,3,False,Goles equipo,goles_equipo,Local,Goles Inverness C: Menos de 2.5,2.5,0.8325,0.6429,no_meter,1.5,0.4533333333333333,2.0,1,0.5
2026-09-25,sco_championship,Scottish Championship,Inverness C vs Morton,4,False,BTTS,btts,Ambos marcan,Ambos marcan: No,,0.5445,0.5685,no_meter,1.667,0.5574727900185825,2.0,1,
2026-09-25,sco_championship,Scottish Championship,Arbroath vs Queens Park,1,True,Goles,goles,Total,Goles: Menos de 3.5,3.5,0.8228,0.796,meter,1.2,0.7692307692307692,3.0,1,0.5
2026-09-25,sco_championship,Scottish Championship,Arbroath vs Queens Park,2,True,Goles equipo,goles_equipo,Local,Goles Arbroath: Más de 0.5,0.5,0.7036,0.7859,meter,1.222,0.8682709005209625,3.0,1,1.5
2026-09-25,sco_championship,Scottish Championship,Arbroath vs Queens Park,3,False,Doble y goles,dc_goles,X2,Queens Park o empate y menos de 4.5,4.5,0.6942,0.7396,no_meter,1.75,0.8849557522123894,3.0,0,1.5
2026-09-25,sco_championship,Scottish Championship,Arbroath vs Queens Park,4,False,BTTS,btts,Ambos marcan,Ambos marcan: No,,0.5502,0.569,no_meter,1.667,0.5574727900185825,3.0,0,
2026-09-25,sco_championship,Scottish Championship,Ayr vs Stenhousemuir,1,True,Goles,goles,Total,Goles: Menos de 3.5,3.5,0.8079,0.7886,meter,1.2,0.7692307692307692,1.0,1,2.5
2026-09-25,sco_championship,Scottish Championship,Ayr vs Stenhousemuir,2,True,Doble oportunidad,resultado,Doble,Ayr o Stenhousemuir,,0.729,0.7389,meter,1.308,,1.0,1,
2026-09-25,sco_championship,Scottish Championship,Ayr vs Stenhousemuir,3,False,BTTS,btts,Ambos marcan,Ambos marcan: No,,0.5059,0.4977,no_meter,1.8,0.5135135135135135,1.0,1,
2026-09-25,sco_championship,Scottish Championship,Ayr vs Stenhousemuir,4,False,Goles equipo,goles_equipo,Visitante,Goles Stenhousemuir: Menos de 1.5,1.5,0.6587,0.4893,no_meter,1.333,0.31988742964352723,1.0,1,0.5
2026-09-25,sco_championship,Scottish Championship,Raith Rvs vs Livingston,1,True,Goles,goles,Total,Goles: Más de 1.5,1.5,0.7521,0.7398,meter,1.273,0.7275839931521506,2.0,1,0.5
2026-09-25,sco_championship,Scottish Championship,Raith Rvs vs Livingston,2,True,Goles equipo,goles_equipo,Local,Goles Raith Rvs: Más de 0.5,0.5,0.7294,0.7294,meter,1.3,,2.0,0,0.5
2026-09-25,sco_championship,Scottish Championship,Raith Rvs vs Livingston,3,False,Doble y goles,dc_goles,X2,Livingston o empate y menos de 4.5,4.5,0.6606,0.7751,no_meter,1.48,0.8333333333333334,2.0,1,2.5
2026-09-25,sco_championship,Scottish Championship,Raith Rvs vs Livingston,4,False,BTTS,btts,Ambos marcan,Ambos marcan: Sí,,0.5479,0.5634,no_meter,1.7,0.5466666666666666,2.0,0,
2026-09-25,ned_eerste,Eerste Divisie,FC Dordrecht vs Almere City,1,True,Goles,goles,Total,Goles: Menos de 4.5,4.5,0.7399,0.7255,meter,1.3,0.7111111111111111,5.0,0,0.5
2026-09-25,ned_eerste,Eerste Divisie,FC Dordrecht vs Almere City,2,True,Doble oportunidad,resultado,Doble,Almere City o empate,,0.7214,0.7136,meter,1.333,0.6883196250722597,5.0,0,
2026-09-25,ned_eerste,Eerste Divisie,FC Dordrecht vs Almere City,3,False,Córners,corners,Total,Córners: Más de 9.5,9.5,0.6182,0.7169,no_meter,1.455,,5.0,0,1.5
2026-09-25,ned_eerste,Eerste Divisie,FC Dordrecht vs Almere City,4,False,BTTS,btts,Ambos marcan,Ambos marcan: Sí,,0.656,0.6883,no_meter,1.4,0.6596985901798735,5.0,1,
2026-09-25,ned_eerste,Eerste Divisie,FC Dordrecht vs Almere City,5,False,Goles equipo,goles_equipo,Local,Goles FC Dordrecht: Menos de 2.5,2.5,0.8322,0.5863,no_meter,1.2,0.34030140982012635,5.0,0,0.5
2026-09-25,par_division,División Profesional,Sportivo Luqueño vs Guaraní,1,True,Goles,goles,Total,Goles: Menos de 3.5,3.5,0.7974,0.7758,meter,1.222,0.7542236524537409,1.0,1,2.5
2026-09-25,par_division,División Profesional,Sportivo Luqueño vs Guaraní,2,True,Doble oportunidad,resultado,Doble,Sportivo Luqueño o Guaraní,,0.7457,0.7441,meter,1.308,,1.0,1,
2026-09-25,par_division,División Profesional,Sportivo Luqueño vs Guaraní,3,False,Goles equipo,goles_equipo,Local,Goles Sportivo Luqueño: Menos de 1.5,1.5,0.826,0.5668,no_meter,1.364,0.30763904915762746,1.0,1,1.5
2026-09-25,par_division,División Profesional,Sportivo Luqueño vs Guaraní,4,False,BTTS,btts,Ambos marcan,Ambos marcan: No,,0.509,0.4916,no_meter,1.833,0.5,1.0,1,
2026-09-25,par_division,División Profesional,Nacional Asunción vs Sportivo Ameliano,1,False,Doble y goles,dc_goles,1X,Nacional Asunción o empate y menos de 4.5,4.5,0.6691,0.7208,no_meter,1.231,,2.0,1,2.5
2026-09-25,par_division,División Profesional,Nacional Asunción vs Sportivo Ameliano,2,False,Goles,goles,Total,Goles: Más de 1.5,1.5,0.6877,0.6737,no_meter,1.4,0.6596985901798735,2.0,1,0.5
2026-09-25,par_division,División Profesional,Nacional Asunción vs Sportivo Ameliano,3,False,Córners,corners,Total,Córners: Menos de 9.5,9.5,0.5279,0.5792,no_meter,1.75,,2.0,0,11.5
2026-09-25,par_division,División Profesional,Nacional Asunción vs Sportivo Ameliano,4,False,BTTS,btts,Ambos marcan,Ambos marcan: No,,0.5572,0.5695,no_meter,1.667,0.5574727900185825,2.0,0,
2026-09-25,par_division,División Profesional,Nacional Asunción vs Sportivo Ameliano,5,False,Goles equipo,goles_equipo,Visitante,Goles Sportivo Ameliano: Menos de 1.5,1.5,0.777,0.5587,no_meter,1.2,0.34030140982012635,2.0,1,0.5
2026-09-25,bra_serie_b,Brasileirão Série B,Novorizontino vs São Bernardo,1,True,Doble oportunidad,resultado,Resultado,Novorizontino o empate,,0.847,0.847,meter,1.111,0.8699,0.0,1,
2026-09-25,bra_serie_b,Brasileirão Série B,Novorizontino vs São Bernardo,2,True,Goles,goles,Total,Goles: Más de 1.5,1.5,0.7693,0.7575,meter,1.25,0.7457799471222291,0.0,0,1.5
2026-09-25,bra_serie_b,Brasileirão Série B,Novorizontino vs São Bernardo,3,False,Córners,corners,Total,Córners: Más de 9.5,9.5,0.6745,0.7256,meter,1.25,,0.0,1,0.5
2026-09-25,bra_serie_b,Brasileirão Série B,Novorizontino vs São Bernardo,4,False,Goles equipo,goles_equipo,Local,Goles Novorizontino: Menos de 2.5,2.5,0.7932,0.6372,no_meter,1.364,0.48115477145148355,0.0,1,2.5
2026-09-25,bra_serie_b,Brasileirão Série B,Novorizontino vs São Bernardo,5,False,Remates a puerta,remates_on,Visita,Remates a puerta Visita: Menos de 4.5,4.5,0.6346,0.6346,no_meter,1.286,,0.0,1,3.5
2026-09-25,bra_serie_b,Brasileirão Série B,Novorizontino vs São Bernardo,6,False,Remates,remates,Total,Remates: Más de 28.5,28.5,0.5705,0.5705,no_meter,1.583,,0.0,0,4.5
2026-09-25,bra_serie_b,Brasileirão Série B,Novorizontino vs São Bernardo,7,False,BTTS,btts,Ambos marcan,Ambos marcan: No,,0.5268,0.5491,no_meter,1.769,0.5190320826536162,0.0,1,
2026-09-25,usl_championship,USL Championship,Hartford Athletic vs Louisville City FC,1,True,Goles,goles,Total,Goles: Más de 1.5,1.5,0.7861,0.7702,meter,1.222,0.7542236524537409,4.0,1,2.5
2026-09-25,usl_championship,USL Championship,Hartford Athletic vs Louisville City FC,2,False,Goles equipo,goles_equipo,Local,Goles Hartford Athletic: Más de 0.5,0.5,0.8054,0.8054,no_meter,1.273,,4.0,1,1.5
2026-09-25,usl_championship,USL Championship,Hartford Athletic vs Louisville City FC,3,False,BTTS,btts,Ambos marcan,Ambos marcan: Sí,,0.549,0.5689,no_meter,1.667,0.5574727900185825,4.0,1,
2026-09-25,col_primera_a,Categoría Primera A,Boyacá Chicó FC vs Deportivo Pasto,1,True,Doble oportunidad,resultado,Doble,Boyacá Chicó FC o Deportivo Pasto,,0.6757,0.7267,meter,1.333,,3.0,1,
2026-09-25,col_primera_a,Categoría Primera A,Boyacá Chicó FC vs Deportivo Pasto,2,False,Goles equipo,goles_equipo,Local,Goles Boyacá Chicó FC: Más de 0.5,0.5,0.8381,0.8421,no_meter,1.4,0.8461429981666903,3.0,1,2.5
2026-09-25,col_primera_a,Categoría Primera A,Boyacá Chicó FC vs Deportivo Pasto,3,False,Goles,goles,Total,Goles: Más de 1.5,1.5,0.6757,0.6526,no_meter,1.471,0.6295643414756987,3.0,1,1.5
2026-09-25,col_primera_a,Categoría Primera A,Boyacá Chicó FC vs Deportivo Pasto,4,False,BTTS,btts,Ambos marcan,Ambos marcan: No,,0.5484,0.5634,no_meter,1.7,0.5466666666666666,3.0,1,
2026-09-25,col_primera_a,Categoría Primera A,Boyacá Chicó FC vs Deportivo Pasto,5,False,Remates a puerta,remates_on,Total,Remates a puerta: Menos de 7.5,7.5,0.5515,0.5515,no_meter,1.733,,3.0,0,0.5
2026-09-25,bra_serie_b,Brasileirão Série B,Vila Nova vs Londrina,1,True,Doble oportunidad,resultado,Resultado,Vila Nova o empate,,0.841,0.841,meter,1.143,0.8326,2.0,1,
2026-09-25,bra_serie_b,Brasileirão Série B,Vila Nova vs Londrina,2,True,Goles,goles,Total,Goles: Menos de 3.5,3.5,0.7777,0.7555,meter,1.273,0.7332914309658495,2.0,1,1.5
2026-09-25,bra_serie_b,Brasileirão Série B,Vila Nova vs Londrina,3,False,Córners,corners,Total,Córners: Menos de 12.5,12.5,0.7466,0.7444,meter,1.333,,2.0,0,1.5
2026-09-25,bra_serie_b,Brasileirão Série B,Vila Nova vs Londrina,4,False,Goles equipo,goles_equipo,Local,Goles Vila Nova: Menos de 2.5,2.5,0.8373,0.6853,no_meter,1.25,0.5333333333333333,2.0,1,0.5
2026-09-25,bra_serie_b,Brasileirão Série B,Vila Nova vs Londrina,5,False,BTTS,btts,Ambos marcan,Ambos marcan: No,,0.537,0.5539,no_meter,1.741,0.52856756024912,2.0,1,
2026-09-25,bra_serie_b,Brasileirão Série B,Vila Nova vs Londrina,6,False,Remates a puerta,remates_on,Visita,Remates a puerta Visita: Más de 2.5,2.5,0.5247,0.5247,no_meter,1.4,,2.0,1,0.5
2026-09-25,usl_championship,USL Championship,Sporting JAX vs Loudoun United FC,1,True,Goles,goles,Total,Goles: Menos de 4.5,4.5,0.7617,0.7446,meter,1.273,0.7275839931521506,5.0,0,0.5
2026-09-25,usl_championship,USL Championship,Sporting JAX vs Loudoun United FC,2,False,BTTS,btts,Ambos marcan,Ambos marcan: Sí,,0.6267,0.6766,no_meter,1.455,0.636340914771307,5.0,1,
2026-09-25,usl_championship,USL Championship,Sporting JAX vs Loudoun United FC,3,False,Goles equipo,goles_equipo,Visitante,Goles Loudoun United FC: Menos de 2.5,2.5,0.7462,0.5433,no_meter,1.364,0.34030140982012635,5.0,0,1.5
2026-09-25,usl_championship,USL Championship,Sporting JAX vs Loudoun United FC,4,False,Doble y goles,dc_goles,12,Sporting JAX o Loudoun United FC y menos de 3.5,3.5,0.5496,0.5239,no_meter,2.05,0.5574727900185825,5.0,0,1.5
2026-09-25,selecciones,International - Friendlies,Australia vs Brazil,1,True,Goles,goles,Total,Goles: Menos de 4.5,4.5,0.7676,0.7476,meter,1.273,0.7275839931521506,2.0,1,2.5
2026-09-25,selecciones,International - Friendlies,Australia vs Brazil,2,True,1X2,resultado,Resultado,Gana Brazil,,0.6936,0.7391,meter,1.25,0.741306191687871,2.0,0,
2026-09-25,selecciones,International - Friendlies,Australia vs Brazil,3,False,Goles equipo,goles_equipo,Visitante,Goles Brazil: Menos de 2.5,2.5,0.7511,0.5518,no_meter,1.8,0.35249136655155394,2.0,1,1.5
2026-09-25,selecciones,International - Friendlies,Australia vs Brazil,4,False,BTTS,btts,Ambos marcan,Ambos marcan: Sí,,0.5169,0.4858,no_meter,1.9,0.4864864864864864,2.0,1,
2026-09-25,selecciones,CAF - Africa Cup of Nations Qualifiers,Nigeria vs Madagascar,1,True,1X2,resultado,Resultado,Gana Nigeria,,0.819,0.819,meter,1.154,0.8471,3.0,1,
2026-09-25,selecciones,CAF - Africa Cup of Nations Qualifiers,Nigeria vs Madagascar,2,True,Goles,goles,Total,Goles: Más de 1.5,1.5,0.8149,0.7921,meter,1.2,0.7692307692307692,3.0,1,1.5
2026-09-25,selecciones,CAF - Africa Cup of Nations Qualifiers,Nigeria vs Madagascar,3,False,Goles equipo,goles_equipo,Local,Goles Nigeria: Más de 1.5,1.5,0.7593,0.7643,meter,1.333,0.7692307692307692,3.0,1,0.5
2026-09-25,selecciones,CAF - Africa Cup of Nations Qualifiers,Nigeria vs Madagascar,4,False,BTTS,btts,Ambos marcan,Ambos marcan: No,,0.674,0.6924,no_meter,1.4,0.6596985901798735,3.0,0,
2026-09-25,selecciones,UEFA - Nations League C,Armenia vs Latvia,1,True,Doble oportunidad,resultado,Resultado,Armenia o empate,,0.84,0.84,meter,1.177,0.828,2.0,1,
2026-09-25,selecciones,UEFA - Nations League C,Armenia vs Latvia,2,True,Goles,goles,Total,Goles: Menos de 3.5,3.5,0.7786,0.7716,meter,1.231,0.7646721468170522,2.0,1,1.5
2026-09-25,selecciones,UEFA - Nations League C,Armenia vs Latvia,3,False,Córners,corners,Total,Córners: Menos de 11.5,11.5,0.7908,0.7451,meter,1.25,,2.0,0,0.5
2026-09-25,selecciones,UEFA - Nations League C,Armenia vs Latvia,4,False,Goles equipo,goles_equipo,Local,Goles Armenia: Más de 0.5,0.5,0.8393,0.8569,no_meter,1.222,0.8744316194473591,2.0,1,1.5
2026-09-25,selecciones,UEFA - Nations League C,Armenia vs Latvia,5,False,BTTS,btts,Ambos marcan,Ambos marcan: No,,0.5372,0.5649,no_meter,1.714,0.550603041426324,2.0,1,
2026-09-25,selecciones,UEFA - Nations League B,Georgia vs Northern Ireland,1,True,Doble oportunidad,resultado,Resultado,Georgia o empate,,0.802,0.802,meter,1.2,0.8057,1.0,0,
2026-09-25,selecciones,UEFA - Nations League B,Georgia vs Northern Ireland,2,True,Tarjetas,tarjetas,Total,Tarjetas: Menos de 5.5,5.5,0.7764,0.7764,meter,1.286,,1.0,1,1.5
2026-09-25,selecciones,UEFA - Nations League B,Georgia vs Northern Ireland,3,False,Goles,goles,Total,Goles: Menos de 3.5,3.5,0.7719,0.7733,meter,1.222,0.7746219107340465,1.0,1,2.5
2026-09-25,selecciones,UEFA - Nations League B,Georgia vs Northern Ireland,4,False,Córners,corners,Total,Córners: Menos de 11,11.0,0.8044,0.7451,meter,1.286,,1.0,1,1.0
2026-09-25,selecciones,UEFA - Nations League B,Georgia vs Northern Ireland,5,False,Goles equipo,goles_equipo,Local,Goles Georgia: Más de 0.5,0.5,0.8281,0.8466,no_meter,1.235,0.8651588184402422,1.0,0,0.5
2026-09-25,selecciones,UEFA - Nations League B,Georgia vs Northern Ireland,6,False,Remates a puerta,remates_on,Visita,Remates a puerta Visita: Más de 1.5,1.5,0.7876,0.7876,no_meter,1.2,,1.0,1,3.5
2026-09-25,selecciones,UEFA - Nations League B,Georgia vs Northern Ireland,7,False,Remates,remates,Visita,Remates Visita: Menos de 10.5,10.5,0.6119,0.6119,no_meter,1.462,,1.0,0,1.5
2026-09-25,selecciones,UEFA - Nations League B,Georgia vs Northern Ireland,8,False,BTTS,btts,Ambos marcan,Ambos marcan: No,,0.5296,0.5649,no_meter,1.714,0.550603041426324,1.0,1,
2026-09-25,selecciones,CAF - Africa Cup of Nations Qualifiers,Malawi vs South Sudan,1,False,1X2,resultado,Resultado,Gana Malawi,,0.559,0.5736,no_meter,1.641,0.5653223205383956,3.0,1,
2026-09-25,selecciones,UEFA - Nations League B,Poland vs Bosnia and Herzegovina,1,True,Doble oportunidad,resultado,Resultado,Poland o empate,,0.881,0.881,meter,1.143,0.8507,0.0,1,
2026-09-25,selecciones,UEFA - Nations League B,Poland vs Bosnia and Herzegovina,2,True,Goles,goles,Total,Goles: Más de 1.5,1.5,0.7999,0.7873,meter,1.222,0.7746219107340465,0.0,0,1.5
2026-09-25,selecciones,UEFA - Nations League B,Poland vs Bosnia and Herzegovina,3,False,Goles equipo,goles_equipo,Visitante,Goles Bosnia and Herzegovina: Menos de 1.5,1.5,0.8055,0.5154,no_meter,1.222,0.22537808926595354,0.0,1,1.5
2026-09-25,selecciones,UEFA - Nations League B,Poland vs Bosnia and Herzegovina,4,False,BTTS,btts,Ambos marcan,Ambos marcan: Sí,,0.5062,0.4963,no_meter,1.87,0.5107273678702251,0.0,0,
2026-09-25,selecciones,UEFA - Nations League C,Montenegro vs Cyprus,1,True,Doble oportunidad,resultado,Resultado,Montenegro o empate,,0.884,0.884,meter,1.167,0.8163,3.0,1,
2026-09-25,selecciones,UEFA - Nations League C,Montenegro vs Cyprus,2,True,Goles,goles,Total,Goles: Más de 1.5,1.5,0.7426,0.7259,meter,1.333,0.7091424830896792,3.0,1,1.5
2026-09-25,selecciones,UEFA - Nations League C,Montenegro vs Cyprus,3,False,Goles equipo,goles_equipo,Visitante,Goles Cyprus: Menos de 1.5,1.5,0.8233,0.5571,no_meter,1.2,0.2908575169103207,3.0,1,0.5
2026-09-25,selecciones,UEFA - Nations League C,Montenegro vs Cyprus,4,False,BTTS,btts,Ambos marcan,Ambos marcan: No,,0.5333,0.5549,no_meter,1.769,0.5306447333510215,3.0,0,
2026-09-25,selecciones,UEFA - Nations League B,Sweden vs Romania,1,True,Doble oportunidad,resultado,Resultado,Sweden o empate,,0.856,0.856,meter,1.133,0.8578,3.0,1,
2026-09-25,selecciones,UEFA - Nations League B,Sweden vs Romania,2,True,Goles,goles,Total,Goles: Menos de 4.5,4.5,0.7944,0.7795,meter,1.231,0.7646721468170522,3.0,1,1.5
2026-09-25,selecciones,UEFA - Nations League B,Sweden vs Romania,3,False,Córners,corners,Total,Córners: Menos de 12,12.0,0.7913,0.7451,meter,1.25,,3.0,1,9.0
2026-09-25,selecciones,UEFA - Nations League B,Sweden vs Romania,4,False,Tarjetas,tarjetas,Total,Tarjetas: Más de 2.5,2.5,0.7022,0.7022,meter,1.286,,3.0,1,2.5
2026-09-25,selecciones,UEFA - Nations League B,Sweden vs Romania,5,False,Remates a puerta,remates_on,Total,Remates a puerta: Más de 8.5,8.5,0.6766,0.6766,no_meter,1.462,,3.0,0,3.5
2026-09-25,selecciones,UEFA - Nations League B,Sweden vs Romania,6,False,Remates,remates,Total,Remates: Más de 23.5,23.5,0.5683,0.5683,no_meter,1.546,,3.0,0,2.5
2026-09-25,selecciones,UEFA - Nations League B,Sweden vs Romania,7,False,BTTS,btts,Ambos marcan,Ambos marcan: Sí,,0.5406,0.5649,no_meter,1.714,0.550603041426324,3.0,1,
2026-09-25,selecciones,UEFA - Nations League B,Sweden vs Romania,8,False,Goles equipo,goles_equipo,Visitante,Goles Romania: Menos de 1.5,1.5,0.789,0.4938,no_meter,1.267,0.19858275687531635,3.0,1,0.5
2026-09-25,selecciones,UEFA - Nations League B,Hungary vs Ukraine,1,True,Goles,goles,Total,Goles: Menos de 3.5,3.5,0.7754,0.77,meter,1.231,0.7646721468170522,1.0,1,2.5
2026-09-25,selecciones,UEFA - Nations League B,Hungary vs Ukraine,2,True,Córners,corners,Total,Córners: Menos de 11.5,11.5,0.7806,0.7451,meter,1.267,,1.0,1,5.5
2026-09-25,selecciones,UEFA - Nations League B,Hungary vs Ukraine,3,False,Tarjetas,tarjetas,Total,Tarjetas: Menos de 5.5,5.5,0.7225,0.7225,meter,1.25,,1.0,0,2.5
2026-09-25,selecciones,UEFA - Nations League B,Hungary vs Ukraine,4,False,Goles equipo,goles_equipo,Local,Goles Hungary: Más de 0.5,0.5,0.805,0.8397,no_meter,1.357,0.8744316194473591,1.0,0,0.5
2026-09-25,selecciones,UEFA - Nations League B,Hungary vs Ukraine,5,False,Doble y goles,dc_goles,1X,Hungary o empate y menos de 5.5,5.5,0.7282,0.8331,no_meter,1.35,0.927246790299572,1.0,0,4.5
2026-09-25,selecciones,UEFA - Nations League B,Hungary vs Ukraine,6,False,Remates a puerta,remates_on,Total,Remates a puerta: Menos de 9.5,9.5,0.6281,0.6281,no_meter,1.429,,1.0,1,2.5
2026-09-25,selecciones,UEFA - Nations League B,Hungary vs Ukraine,7,False,Remates,remates,Total,Remates: Menos de 25.5,25.5,0.5219,0.5219,no_meter,1.48,,1.0,0,1.5
2026-09-25,selecciones,UEFA - Nations League B,Hungary vs Ukraine,8,False,BTTS,btts,Ambos marcan,Ambos marcan: Sí,,0.5088,0.4915,no_meter,1.909,0.5,1.0,0,
2026-09-25,selecciones,UEFA - Nations League A,Turkiye vs France,1,False,1X2,resultado,Resultado,Gana France,,0.6164,0.6844,no_meter,1.476,0.652316803279352,1.0,1,
2026-09-25,selecciones,UEFA - Nations League A,Italy vs Belgium,1,True,Goles,goles,Total,Goles: Más de 1.5,1.5,0.7885,0.7858,meter,1.2,0.7831194650280138,2.0,1,0.5
2026-09-25,selecciones,UEFA - Nations League A,Italy vs Belgium,2,True,Córners,corners,Total,Córners: Menos de 12,12.0,0.7862,0.7451,meter,1.3,,2.0,0,0.0
2026-09-25,selecciones,UEFA - Nations League A,Italy vs Belgium,3,False,Doble oportunidad,resultado,Doble,Italy o empate,,0.7473,0.7231,meter,1.333,0.7014246893025113,2.0,0,
2026-09-25,selecciones,UEFA - Nations League A,Italy vs Belgium,4,False,Remates a puerta,remates_on,Visita,Remates a puerta Visita: Más de 2.5,2.5,0.7067,0.7067,no_meter,1.286,,2.0,1,5.5
2026-09-25,selecciones,UEFA - Nations League A,Italy vs Belgium,5,False,Goles equipo,goles_equipo,Local,Goles Italy: Menos de 2.5,2.5,0.8329,0.6308,no_meter,1.25,0.4286448958601183,2.0,1,2.5
2026-09-25,selecciones,UEFA - Nations League A,Italy vs Belgium,6,False,Tarjetas,tarjetas,Total,Tarjetas: Menos de 4.5,4.5,0.5932,0.5932,no_meter,1.333,,2.0,0,3.5
2026-09-25,selecciones,UEFA - Nations League A,Italy vs Belgium,7,False,BTTS,btts,Ambos marcan,Ambos marcan: Sí,,0.5834,0.5928,no_meter,1.556,0.6016385048643113,2.0,0,
2026-09-25,selecciones,CAF - Africa Cup of Nations Qualifiers,Morocco vs Gabon,1,True,Goles,goles,Total,Goles: Menos de 4.5,4.5,0.7541,0.7408,meter,1.273,0.7275839931521506,2.0,1,2.5
2026-09-25,selecciones,CAF - Africa Cup of Nations Qualifiers,Morocco vs Gabon,2,False,Goles equipo,goles_equipo,Local,Goles Morocco: Más de 1.5,1.5,0.8007,0.8141,no_meter,1.2,0.8275915580384855,2.0,1,0.5
2026-09-25,selecciones,CAF - Africa Cup of Nations Qualifiers,Morocco vs Gabon,3,False,Doble y goles,dc_goles,1X,Morocco o empate y más de 2.5,2.5,0.6673,0.6778,no_meter,1.375,0.636340914771307,2.0,0,0.5
2026-09-25,selecciones,CAF - Africa Cup of Nations Qualifiers,Morocco vs Gabon,4,False,BTTS,btts,Ambos marcan,Ambos marcan: No,,0.6644,0.6043,no_meter,1.5,0.6153846153846154,2.0,1,
2026-09-25,selecciones,CAF - Africa Cup of Nations Qualifiers,Egypt vs Angola,1,True,Goles,goles,Total,Goles: Menos de 3.5,3.5,0.7861,0.7777,meter,1.2,0.7692307692307692,0.0,1,3.5
2026-09-25,selecciones,CAF - Africa Cup of Nations Qualifiers,Egypt vs Angola,2,False,1X2,resultado,Resultado,Gana Egypt,,0.6933,0.7034,no_meter,1.385,0.6699255950984715,0.0,0,
2026-09-25,selecciones,CAF - Africa Cup of Nations Qualifiers,Egypt vs Angola,3,False,BTTS,btts,Ambos marcan,Ambos marcan: No,,0.656,0.6883,no_meter,1.4,0.6596985901798735,0.0,1,
2026-09-25,selecciones,CAF - Africa Cup of Nations Qualifiers,Egypt vs Angola,4,False,Goles equipo,goles_equipo,Local,Goles Egypt: Más de 1.5,1.5,0.6329,0.6463,no_meter,1.7,0.6596985901798735,0.0,0,1.5
2026-09-25,selecciones,CAF - Africa Cup of Nations Qualifiers,Mali vs Cape Verde,1,False,Goles equipo,goles_equipo,Local,Goles Mali: Más de 0.5,0.5,0.8385,0.833,no_meter,1.333,0.8275915580384855,4.0,1,2.5
2026-09-25,selecciones,CAF - Africa Cup of Nations Qualifiers,Mali vs Cape Verde,2,False,Goles,goles,Total,Goles: Menos de 2.5,2.5,0.65,0.6548,no_meter,1.4,0.6596985901798735,4.0,0,1.5
2026-09-25,selecciones,CAF - Africa Cup of Nations Qualifiers,Mali vs Cape Verde,3,False,BTTS,btts,Ambos marcan,Ambos marcan: No,,0.5445,0.5873,no_meter,1.556,0.595002602811036,4.0,0,
2026-09-25,selecciones,CAF - Africa Cup of Nations Qualifiers,Mali vs Cape Verde,4,False,Doble oportunidad,resultado,Doble,Cape Verde o empate,,0.548,0.5794,no_meter,1.583,0.5787079680983035,4.0,0,
2026-09-25,selecciones,CAF - Africa Cup of Nations Qualifiers,Malawi vs Sudan,1,False,1X2,resultado,Resultado,Gana Malawi,,0.5477,0.5674,no_meter,1.694,0.554750531392133,3.0,1,
2026-09-24,selecciones,CONCACAF - Nations League A,Haiti vs Trinidad and Tobago,1,True,Doble oportunidad,resultado,Resultado,Haiti o empate,,0.839,0.839,meter,1.125,0.8595,5.0,1,
2026-09-24,selecciones,CONCACAF - Nations League A,Haiti vs Trinidad and Tobago,2,True,Goles,goles,Total,Goles: Más de 1.5,1.5,0.8062,0.7802,meter,1.222,0.7542236524537409,5.0,1,3.5
2026-09-24,selecciones,CONCACAF - Nations League A,Haiti vs Trinidad and Tobago,3,False,BTTS,btts,Ambos marcan,Ambos marcan: Sí,,0.5015,0.4898,no_meter,1.833,0.5,5.0,1,
2026-09-25,selecciones,CAF - Africa Cup of Nations Qualifiers,Tanzania vs Guinea-Bissau,1,False,1X2,resultado,Resultado,Gana Tanzania,,0.4568,0.4518,no_meter,2.19,0.4291920069504779,2.0,0,
2026-09-25,selecciones,CAF - Africa Cup of Nations Qualifiers,Niger vs Lesotho,1,False,1X2,resultado,Resultado,Gana Niger,,0.5529,0.5639,no_meter,1.719,0.5469298467818396,3.0,1,
2026-09-25,selecciones,CAF - Africa Cup of Nations Qualifiers,Togo vs Burundi,1,True,Doble oportunidad,resultado,Resultado,Togo o empate,,0.886,0.886,meter,1.1,0.8733,1.0,1,
2026-09-25,selecciones,CAF - Africa Cup of Nations Qualifiers,Togo vs Burundi,2,False,Goles,goles,Total,Goles: Más de 1.5,1.5,0.694,0.6768,no_meter,1.4,0.6596985901798735,1.0,0,0.5
2026-09-25,selecciones,CAF - Africa Cup of Nations Qualifiers,Togo vs Burundi,3,False,Goles equipo,goles_equipo,Local,Goles Togo: Más de 1.5,1.5,0.6781,0.6689,no_meter,1.9,0.6596985901798735,1.0,0,0.5
2026-09-25,selecciones,CAF - Africa Cup of Nations Qualifiers,Togo vs Burundi,4,False,BTTS,btts,Ambos marcan,Ambos marcan: No,,0.5805,0.5895,no_meter,1.556,0.595002602811036,1.0,1,
2026-09-25,selecciones,CAF - Africa Cup of Nations Qualifiers,Rwanda vs Liberia,1,False,Goles equipo,goles_equipo,Local,Goles Rwanda: Más de 0.5,0.5,0.8462,0.8572,no_meter,1.222,0.8682709005209625,4.0,1,2.5
2026-09-25,selecciones,CAF - Africa Cup of Nations Qualifiers,Rwanda vs Liberia,2,False,Doble y goles,dc_goles,1X,Rwanda o empate y menos de 4.5,4.5,0.6961,0.815,no_meter,1.222,0.8919202518363064,4.0,1,0.5
2026-09-25,selecciones,CAF - Africa Cup of Nations Qualifiers,Rwanda vs Liberia,3,False,Goles,goles,Total,Goles: Más de 1.5,1.5,0.6751,0.6557,no_meter,1.455,0.636340914771307,4.0,1,2.5
2026-09-25,selecciones,CAF - Africa Cup of Nations Qualifiers,Rwanda vs Liberia,4,False,BTTS,btts,Ambos marcan,Ambos marcan: No,,0.5516,0.5798,no_meter,1.6,0.5789473684210527,4.0,0,
2026-09-25,selecciones,CAF - Africa Cup of Nations Qualifiers,Sudan vs Ethiopia,1,True,Doble oportunidad,resultado,Doble,Sudan o Ethiopia,,0.689,0.735,meter,1.3,,1.0,1,
2026-09-25,selecciones,CAF - Africa Cup of Nations Qualifiers,Sudan vs Ethiopia,2,False,Goles equipo,goles_equipo,Local,Goles Sudan: Más de 0.5,0.5,0.7892,0.8181,no_meter,1.273,0.847098686997035,1.0,1,0.5
2026-09-25,selecciones,CAF - Africa Cup of Nations Qualifiers,Sudan vs Ethiopia,3,False,Goles,goles,Total,Goles: Más de 1.5,1.5,0.6749,0.6556,no_meter,1.455,0.636340914771307,1.0,0,0.5
2026-09-25,selecciones,CAF - Africa Cup of Nations Qualifiers,Sudan vs Ethiopia,4,False,BTTS,btts,Ambos marcan,Ambos marcan: No,,0.5578,0.5803,no_meter,1.6,0.5789473684210527,1.0,1,
2026-09-25,selecciones,CAF - Africa Cup of Nations Qualifiers,Algeria vs Zambia,1,True,1X2,resultado,Resultado,Gana Algeria,,0.834,0.834,meter,1.2,0.812,4.0,1,
2026-09-25,selecciones,CAF - Africa Cup of Nations Qualifiers,Algeria vs Zambia,2,True,Goles,goles,Total,Goles: Más de 1.5,1.5,0.756,0.7418,meter,1.273,0.7275839931521506,4.0,1,2.5
2026-09-25,selecciones,CAF - Africa Cup of Nations Qualifiers,Algeria vs Zambia,3,False,Goles equipo,goles_equipo,Local,Goles Algeria: Más de 1.5,1.5,0.7862,0.7569,no_meter,1.4,0.7275839931521506,4.0,1,1.5
2026-09-25,selecciones,CAF - Africa Cup of Nations Qualifiers,Algeria vs Zambia,4,False,BTTS,btts,Ambos marcan,Ambos marcan: No,,0.7054,0.7095,no_meter,1.364,0.6801125703564727,4.0,0,
2026-09-25,selecciones,CAF - Africa Cup of Nations Qualifiers,Burkina Faso vs Benin,1,False,BTTS,btts,Ambos marcan,Ambos marcan: No,,0.6094,0.6729,no_meter,1.455,0.636340914771307,2.0,0,
2026-09-25,selecciones,CAF - Africa Cup of Nations Qualifiers,Burkina Faso vs Benin,2,False,Goles,goles,Total,Goles: Más de 1.5,1.5,0.6697,0.653,no_meter,1.455,0.636340914771307,2.0,1,0.5
2026-09-25,selecciones,CAF - Africa Cup of Nations Qualifiers,Burkina Faso vs Benin,3,False,Goles equipo,goles_equipo,Local,Goles Burkina Faso: Menos de 2.5,2.5,0.6661,0.6407,no_meter,1.222,0.6153846153846154,2.0,1,1.5
2026-09-25,selecciones,CAF - Africa Cup of Nations Qualifiers,Burkina Faso vs Benin,4,False,Doble y goles,dc_goles,1X,Burkina Faso o empate y más de 1.5,1.5,0.7005,0.6184,no_meter,1.52,0.636340914771307,2.0,1,0.5
2026-09-24,selecciones,CONCACAF - Nations League A,Dominican Republic vs Nicaragua,1,True,Doble oportunidad,resultado,Resultado,Dominican Republic o empate,,0.778,0.778,meter,1.133,0.8358,5.0,1,
2026-09-24,selecciones,CONCACAF - Nations League A,Dominican Republic vs Nicaragua,2,True,Goles,goles,Total,Goles: Menos de 3.5,3.5,0.7678,0.755,meter,1.25,0.7422680412371133,5.0,0,1.5
2026-09-24,selecciones,CONCACAF - Nations League A,Dominican Republic vs Nicaragua,3,False,BTTS,btts,Ambos marcan,Ambos marcan: No,,0.5622,0.5699,no_meter,1.667,0.5574727900185825,5.0,0,
2026-09-24,selecciones,CONCACAF - Nations League A,Haiti vs Trinidad and Tobago,1,True,Doble oportunidad,resultado,Resultado,Haiti o empate,,0.839,0.839,meter,1.125,0.8476,5.0,1,
2026-09-24,selecciones,CONCACAF - Nations League A,Haiti vs Trinidad and Tobago,2,True,Goles,goles,Total,Goles: Más de 1.5,1.5,0.7818,0.7547,meter,1.273,0.7275839931521506,5.0,1,3.5
2026-09-24,selecciones,CONCACAF - Nations League A,Haiti vs Trinidad and Tobago,3,False,BTTS,btts,Ambos marcan,Ambos marcan: No,,0.5099,0.4984,no_meter,1.8,0.5135135135135135,5.0,0,
2026-09-24,selecciones,CONCACAF - Nations League A,Costa Rica vs Curaçao,1,False,1X2,resultado,Resultado,Gana Costa Rica,,0.612,0.5973,no_meter,1.575,0.6013509516080492,7.0,0,
2026-09-25,selecciones,CAF - Africa Cup of Nations Qualifiers,Mozambique vs Senegal,1,True,1X2,resultado,Resultado,Gana Senegal,,0.7745,0.7588,meter,1.2,0.772552783109405,2.0,0,
2026-09-25,selecciones,CAF - Africa Cup of Nations Qualifiers,Mozambique vs Senegal,2,True,Goles equipo,goles_equipo,Visitante,Goles Senegal: Más de 1.5,1.5,0.6725,0.7264,meter,1.333,0.7803790412486065,2.0,0,0.5
2026-09-25,selecciones,CAF - Africa Cup of Nations Qualifiers,Mozambique vs Senegal,3,False,Goles,goles,Total,Goles: Menos de 3.5,3.5,0.6341,0.6352,no_meter,1.455,0.636340914771307,2.0,1,1.5
2026-09-25,selecciones,CAF - Africa Cup of Nations Qualifiers,Mozambique vs Senegal,4,False,BTTS,btts,Ambos marcan,Ambos marcan: No,,0.6009,0.603,no_meter,1.5,0.6153846153846154,2.0,0,
2026-09-25,selecciones,CONCACAF - Nations League B,Bermuda vs Guadeloupe,1,False,1X2,resultado,Resultado,Gana Bermuda,,0.4179,0.4573,no_meter,2.07,0.44773482505488743,3.0,0,
2026-09-25,selecciones,CONCACAF - Nations League B,Grenada vs Cuba,1,True,Goles,goles,Total,Goles: Menos de 3.5,3.5,0.7417,0.748,meter,1.222,0.7542236524537409,3.0,1,0.5
2026-09-25,selecciones,CONCACAF - Nations League B,Grenada vs Cuba,2,True,Doble oportunidad,resultado,Doble,Grenada o Cuba,,0.713,0.7389,meter,1.3,,3.0,1,
2026-09-25,selecciones,CONCACAF - Nations League B,Grenada vs Cuba,3,False,Goles equipo,goles_equipo,Local,Goles Grenada: Más de 0.5,0.5,0.7457,0.807,no_meter,1.4,0.8682709005209625,3.0,0,0.5
2026-09-25,selecciones,CONCACAF - Nations League B,Grenada vs Cuba,4,False,BTTS,btts,Ambos marcan,Ambos marcan: Sí,,0.5198,0.4878,no_meter,1.875,0.48979591836734687,3.0,0,
2026-09-24,selecciones,CONCACAF - Nations League B,Cayman Islands vs Dominica,1,True,Goles,goles,Total,Goles: Más de 1.5,1.5,0.7349,0.7282,meter,1.286,0.7215847586057588,0.0,0,1.5
2026-09-24,selecciones,CONCACAF - Nations League B,Cayman Islands vs Dominica,2,False,1X2,resultado,Resultado,Gana Dominica,,0.5715,0.6392,no_meter,1.48,0.6069738829370116,0.0,0,
2026-09-24,selecciones,CONCACAF - Nations League B,Cayman Islands vs Dominica,3,False,BTTS,btts,Ambos marcan,Ambos marcan: No,,0.5252,0.5629,no_meter,1.7,0.5466666666666666,0.0,1,
2026-09-25,selecciones,UEFA - Nations League A,Turkey vs France,1,True,1X2,resultado,Resultado,Gana France,,0.669,0.7175,meter,1.333,0.7143367383384528,1.0,1,
2026-09-25,selecciones,UEFA - Nations League A,Turkey vs France,2,True,Goles,goles,Total,Goles: Más de 2.5,2.5,0.6904,0.7063,meter,1.308,0.7221750212404418,1.0,0,1.5
2026-09-25,selecciones,UEFA - Nations League A,Turkey vs France,3,False,BTTS,btts,Ambos marcan,Ambos marcan: Sí,,0.593,0.5987,no_meter,1.526,0.6113092205807437,1.0,0,
2026-09-25,selecciones,UEFA - Nations League A,Turkey vs France,4,False,Goles equipo,goles_equipo,Visitante,Goles France: Menos de 2.5,2.5,0.7665,0.5222,no_meter,1.909,0.2778249787595582,1.0,1,1.5
2026-09-25,selecciones,International - Friendlies,India vs Panama,1,True,Goles,goles,Total,Goles: Más de 1.5,1.5,0.798,0.7773,meter,1.222,0.7566706491437674,2.0,1,0.5
2026-09-25,selecciones,International - Friendlies,India vs Panama,2,True,1X2,resultado,Resultado,Gana Panama,,0.7364,0.7283,meter,1.3,0.7159005275056518,2.0,0,
2026-09-25,selecciones,International - Friendlies,India vs Panama,3,False,BTTS,btts,Ambos marcan,Ambos marcan: No,,0.5826,0.5785,no_meter,1.615,0.5729772607086198,2.0,0,
2026-09-26,selecciones,UEFA - Nations League B,Slovenia vs Scotland,1,True,Córners,corners,Total,Córners: Menos de 12,12.0,0.8205,0.7453,meter,1.2,,0.0,1,3.0
2026-09-26,selecciones,UEFA - Nations League B,Slovenia vs Scotland,2,False,Goles equipo,goles_equipo,Visitante,Goles Scotland: Más de 0.5,0.5,0.7641,0.8112,no_meter,1.4,0.8583751770310287,0.0,0,0.5
2026-09-26,selecciones,UEFA - Nations League B,Slovenia vs Scotland,3,False,Doble y goles,dc_goles,X2,Scotland o empate y menos de 4.5,4.5,0.5702,0.7826,no_meter,1.4,0.8949880668257757,0.0,1,4.5
2026-09-26,selecciones,UEFA - Nations League B,Slovenia vs Scotland,4,False,Remates,remates,Total,Remates: Más de 22.5,22.5,0.7168,0.7168,no_meter,1.385,,0.0,0,1.5
2026-09-26,selecciones,UEFA - Nations League B,Slovenia vs Scotland,5,False,Remates a puerta,remates_on,Total,Remates a puerta: Más de 7.5,7.5,0.6649,0.6649,no_meter,1.462,,0.0,0,1.5
2026-09-26,selecciones,UEFA - Nations League B,Slovenia vs Scotland,6,False,Tarjetas,tarjetas,Local,Tarjetas Local: Menos de 2.5,2.5,0.6593,0.6593,no_meter,1.455,,0.0,0,0.5
2026-09-26,selecciones,UEFA - Nations League B,Slovenia vs Scotland,7,False,Goles,goles,Total,Goles: Más de 1.5,1.5,0.6648,0.6554,no_meter,1.462,0.6459191087430372,0.0,0,1.5
2026-09-26,selecciones,UEFA - Nations League B,Slovenia vs Scotland,8,False,BTTS,btts,Ambos marcan,Ambos marcan: No,,0.5088,0.5598,no_meter,1.741,0.5407544183592718,0.0,1,
2026-09-26,selecciones,UEFA - Nations League C,Iceland vs Estonia,1,True,Goles,goles,Total,Goles: Más de 1.5,1.5,0.7874,0.776,meter,1.231,0.7646721468170522,2.0,1,0.5
2026-09-26,selecciones,UEFA - Nations League C,Iceland vs Estonia,2,True,1X2,resultado,Resultado,Gana Iceland,,0.7327,0.7435,meter,1.273,0.747876827938077,2.0,0,
2026-09-26,selecciones,UEFA - Nations League C,Iceland vs Estonia,3,False,Goles equipo,goles_equipo,Local,Goles Iceland: Más de 1.5,1.5,0.6702,0.7174,no_meter,1.4,0.7646721468170522,2.0,0,0.5
2026-09-26,selecciones,UEFA - Nations League C,Iceland vs Estonia,4,False,BTTS,btts,Ambos marcan,Ambos marcan: No,,0.5631,0.5883,no_meter,1.571,0.594161715319039,2.0,0,
2026-09-26,selecciones,UEFA - Nations League C,Bulgaria vs Luxembourg,1,True,Córners,corners,Total,Córners: Menos de 11,11.0,0.8235,0.7454,meter,1.273,,3.0,1,2.0
2026-09-26,selecciones,UEFA - Nations League C,Bulgaria vs Luxembourg,2,False,Goles equipo,goles_equipo,Local,Goles Bulgaria: Más de 0.5,0.5,0.8883,0.8559,no_meter,1.4,0.8235021618282892,3.0,1,0.5
2026-09-26,selecciones,UEFA - Nations League C,Bulgaria vs Luxembourg,3,False,Goles,goles,Total,Goles: Menos de 2.5,2.5,0.6406,0.6632,no_meter,1.375,0.6857142857142857,3.0,0,0.5
2026-09-26,selecciones,UEFA - Nations League C,Bulgaria vs Luxembourg,4,False,Tarjetas,tarjetas,Total,Tarjetas: Más de 3.5,3.5,0.6006,0.6006,no_meter,1.2,,3.0,1,0.5
2026-09-26,selecciones,UEFA - Nations League C,Bulgaria vs Luxembourg,5,False,Doble y goles,dc_goles,1X,Bulgaria o empate y más de 1.5,1.5,0.7054,0.5914,no_meter,2.0,0.5773672055427251,3.0,0,1.5
2026-09-26,selecciones,UEFA - Nations League C,Bulgaria vs Luxembourg,6,False,BTTS,btts,Ambos marcan,Ambos marcan: No,,0.5511,0.5911,no_meter,1.556,0.6016385048643113,3.0,0,
2026-09-26,selecciones,UEFA - Nations League C,Faroe Islands vs Kazakhstan,1,True,Goles,goles,Total,Goles: Menos de 3.5,3.5,0.7835,0.7741,meter,1.231,0.7646721468170522,2.0,1,1.5
2026-09-26,selecciones,UEFA - Nations League C,Faroe Islands vs Kazakhstan,2,True,Doble oportunidad,resultado,Doble,Faroe Islands o Kazakhstan,,0.715,0.7389,meter,1.32,,2.0,0,
2026-09-26,selecciones,UEFA - Nations League C,Faroe Islands vs Kazakhstan,3,False,Goles equipo,goles_equipo,Local,Goles Faroe Islands: Más de 0.5,0.5,0.7662,0.8203,no_meter,1.286,0.8744316194473591,2.0,1,0.5
2026-09-26,selecciones,UEFA - Nations League C,Faroe Islands vs Kazakhstan,4,False,BTTS,btts,Ambos marcan,Ambos marcan: Sí,,0.5038,0.485,no_meter,1.952,0.48927263212977506,2.0,1,
2026-09-26,selecciones,UEFA - Nations League C,Slovakia vs Moldova,1,True,1X2,resultado,Resultado,Gana Slovakia,,0.831,0.831,meter,1.143,0.8634,2.0,1,
2026-09-26,selecciones,UEFA - Nations League C,Slovakia vs Moldova,2,True,Goles,goles,Total,Goles: Menos de 4.5,4.5,0.7879,0.7763,meter,1.231,0.7646721468170522,2.0,1,2.5
2026-09-26,selecciones,UEFA - Nations League C,Slovakia vs Moldova,3,False,Goles equipo,goles_equipo,Local,Goles Slovakia: Más de 1.5,1.5,0.8006,0.801,no_meter,1.267,0.8014172431246837,2.0,1,0.5
2026-09-26,selecciones,UEFA - Nations League C,Slovakia vs Moldova,4,False,BTTS,btts,Ambos marcan,Ambos marcan: No,,0.669,0.6917,no_meter,1.4,0.6626506024096386,2.0,1,
2026-09-26,selecciones,UEFA - Nations League B,North Macedonia vs Switzerland,1,True,1X2,resultado,Resultado,Gana Switzerland,,0.724,0.7266,meter,1.333,0.7143367383384528,3.0,1,
2026-09-26,selecciones,UEFA - Nations League B,North Macedonia vs Switzerland,2,True,Goles,goles,Total,Goles: Más de 1.5,1.5,0.7361,0.7226,meter,1.333,0.7091424830896792,3.0,1,1.5
2026-09-26,selecciones,UEFA - Nations League B,North Macedonia vs Switzerland,3,False,Remates a puerta,remates_on,Local,Remates a puerta Local: Más de 1.5,1.5,0.7836,0.7836,no_meter,1.2,,3.0,0,1.5
2026-09-26,selecciones,UEFA - Nations League B,North Macedonia vs Switzerland,4,False,Goles equipo,goles_equipo,Visitante,Goles Switzerland: Más de 1.5,1.5,0.677,0.6931,no_meter,1.556,0.7091424830896792,3.0,1,1.5
2026-09-26,selecciones,UEFA - Nations League B,North Macedonia vs Switzerland,5,False,BTTS,btts,Ambos marcan,Ambos marcan: No,,0.6281,0.679,no_meter,1.455,0.6411837237977805,3.0,1,
2026-09-26,selecciones,UEFA - Nations League B,North Macedonia vs Switzerland,6,False,Tarjetas,tarjetas,Total,Tarjetas: Más de 2.5,2.5,0.6768,0.6768,no_meter,1.222,,3.0,1,1.5
2026-09-26,selecciones,UEFA - Nations League B,North Macedonia vs Switzerland,7,False,Córners,corners,Total,Córners: Más de 7.5,7.5,0.5472,0.6472,no_meter,1.333,,3.0,0,2.5
2026-09-26,selecciones,UEFA - Nations League B,North Macedonia vs Switzerland,8,False,Remates,remates,Local,Remates Local: Más de 7.5,7.5,0.6116,0.6116,no_meter,1.538,,3.0,0,5.5
2026-09-26,selecciones,UEFA - Nations League C,Albania vs Belarus,1,True,Doble oportunidad,resultado,Resultado,Albania o empate,,0.74,0.74,meter,1.154,0.8395,2.0,1,
2026-09-26,selecciones,UEFA - Nations League C,Albania vs Belarus,2,True,Goles,goles,Total,Goles: Menos de 3.5,3.5,0.7496,0.746,meter,1.273,0.7423076923076923,2.0,1,1.5
2026-09-26,selecciones,UEFA - Nations League C,Albania vs Belarus,3,False,Goles equipo,goles_equipo,Local,Goles Albania: Menos de 2.5,2.5,0.7812,0.6584,no_meter,1.267,0.5355276907001045,2.0,1,0.5
2026-09-26,selecciones,UEFA - Nations League C,Albania vs Belarus,4,False,BTTS,btts,Ambos marcan,Ambos marcan: No,,0.5316,0.5649,no_meter,1.714,0.550603041426324,2.0,1,
2026-09-26,selecciones,UEFA - Nations League A,Czechia vs Croatia,1,False,1X2,resultado,Resultado,Gana Croatia,,0.441,0.4566,no_meter,2.18,0.44404847278528253,3.0,1,
2026-09-26,selecciones,UEFA - Nations League A,England vs Spain,1,True,Goles,goles,Total,Goles: Más de 1.5,1.5,0.7967,0.7857,meter,1.222,0.7746219107340465,5.0,1,3.5
2026-09-26,selecciones,UEFA - Nations League A,England vs Spain,2,True,Tarjetas,tarjetas,Total,Tarjetas: Menos de 5.5,5.5,0.7671,0.7671,meter,1.222,,5.0,1,2.5
2026-09-26,selecciones,UEFA - Nations League A,England vs Spain,3,False,Córners,corners,Total,Córners: Menos de 12,12.0,0.8074,0.7451,meter,1.222,,5.0,1,3.0
2026-09-26,selecciones,UEFA - Nations League A,England vs Spain,4,False,Doble y goles,dc_goles,12,England o Spain y menos de 5.5,5.5,0.6574,0.8059,no_meter,1.3,0.8949880668257757,5.0,1,0.5
2026-09-26,selecciones,UEFA - Nations League A,England vs Spain,5,False,Goles equipo,goles_equipo,Visitante,Goles Spain: Menos de 2.5,2.5,0.8202,0.6323,no_meter,1.267,0.44438682914182015,5.0,0,0.5
2026-09-26,selecciones,UEFA - Nations League A,England vs Spain,6,False,Remates a puerta,remates_on,Local,Remates a puerta Local: Más de 2.5,2.5,0.6127,0.6127,no_meter,1.308,,5.0,1,2.5
2026-09-26,selecciones,UEFA - Nations League A,England vs Spain,7,False,Remates,remates,Local,Remates Local: Menos de 12.5,12.5,0.5836,0.5836,no_meter,1.5,,5.0,0,0.5
2026-09-26,selecciones,UEFA - Nations League A,England vs Spain,8,False,BTTS,btts,Ambos marcan,Ambos marcan: Sí,,0.5782,0.5823,no_meter,1.625,0.5806451612903226,5.0,1,
2026-09-26,selecciones,International - Friendlies,USA vs Peru,1,True,Doble oportunidad,resultado,Resultado,USA o empate,,0.862,0.862,meter,1.125,0.8552,5.0,1,
2026-09-26,selecciones,International - Friendlies,USA vs Peru,2,True,Goles,goles,Total,Goles: Más de 1.5,1.5,0.8047,0.7795,meter,1.222,0.7542236524537409,5.0,1,3.5
2026-09-26,selecciones,International - Friendlies,USA vs Peru,3,False,Goles equipo,goles_equipo,Local,Goles USA: Más de 1.5,1.5,0.651,0.7026,no_meter,1.6,0.7542236524537409,5.0,1,2.5
2026-09-26,selecciones,International - Friendlies,USA vs Peru,4,False,BTTS,btts,Ambos marcan,Ambos marcan: No,,0.5234,0.5002,no_meter,1.8,0.5135135135135135,5.0,0,
2026-09-26,selecciones,International - Friendlies,Canada vs Chile,1,True,Doble oportunidad,resultado,Resultado,Canada o empate,,0.771,0.771,meter,1.133,0.8389,1.0,1,
2026-09-26,selecciones,International - Friendlies,Canada vs Chile,2,True,Goles,goles,Total,Goles: Menos de 3.5,3.5,0.7458,0.7337,meter,1.286,0.7215847586057588,1.0,1,2.5
2026-09-26,selecciones,International - Friendlies,Canada vs Chile,3,False,Goles equipo,goles_equipo,Local,Goles Canada: Menos de 2.5,2.5,0.7004,0.6137,no_meter,1.286,0.527027027027027,1.0,1,1.5
2026-09-26,selecciones,International - Friendlies,Canada vs Chile,4,False,BTTS,btts,Ambos marcan,Ambos marcan: No,,0.5174,0.5531,no_meter,1.75,0.527027027027027,1.0,1,
2026-09-26,selecciones,International - Friendlies,United States vs Peru,1,True,Goles,goles,Total,Goles: Más de 1.5,1.5,0.7962,0.7692,meter,1.25,0.7422680412371133,5.0,1,3.5
2026-09-26,selecciones,International - Friendlies,United States vs Peru,2,True,Tarjetas,tarjetas,Total,Tarjetas: Más de 1.5,1.5,0.7247,0.7247,meter,1.25,,5.0,1,4.5
2026-09-26,selecciones,International - Friendlies,United States vs Peru,3,False,Doble y goles,dc_goles,12,United States o Peru y menos de 5.5,5.5,0.7439,0.7434,no_meter,1.2,,5.0,1,0.5
2026-09-26,selecciones,International - Friendlies,United States vs Peru,4,False,Goles equipo,goles_equipo,Local,Goles United States: Más de 1.5,1.5,0.6374,0.6898,no_meter,1.6,0.7422680412371133,5.0,1,2.5
2026-09-26,selecciones,International - Friendlies,United States vs Peru,5,False,BTTS,btts,Ambos marcan,Ambos marcan: No,,0.5524,0.5638,no_meter,1.7,0.5466666666666666,5.0,0,
2026-09-25,selecciones,CONCACAF - Nations League A,Jamaica vs Guatemala,1,True,Doble oportunidad,resultado,Resultado,Jamaica o empate,,0.819,0.819,meter,1.167,0.802,5.0,1,
2026-09-25,selecciones,CONCACAF - Nations League A,Jamaica vs Guatemala,2,True,Goles,goles,Total,Goles: Menos de 3.5,3.5,0.7522,0.7532,meter,1.222,0.7542236524537409,5.0,0,1.5
2026-09-25,selecciones,CONCACAF - Nations League A,Jamaica vs Guatemala,3,False,Goles equipo,goles_equipo,Visitante,Goles Guatemala: Más de 0.5,0.5,0.6617,0.765,no_meter,1.667,0.8682709005209625,5.0,1,1.5
2026-09-25,selecciones,CONCACAF - Nations League A,Jamaica vs Guatemala,4,False,BTTS,btts,Ambos marcan,Ambos marcan: No,,0.5215,0.5654,no_meter,1.667,0.5515200430454668,5.0,0,
2026-09-25,selecciones,CONCACAF - Nations League B,Barbados vs Saint Lucia,1,True,Goles,goles,Total,Goles: Más de 1.5,1.5,0.8146,0.7919,meter,1.2,0.7692307692307692,2.0,1,0.5
2026-09-25,selecciones,CONCACAF - Nations League B,Barbados vs Saint Lucia,2,True,Doble oportunidad,resultado,Doble,Saint Lucia o empate,,0.645,0.708,meter,1.3,0.699001174569251,2.0,0,
2026-09-25,selecciones,CONCACAF - Nations League B,Barbados vs Saint Lucia,3,False,BTTS,btts,Ambos marcan,Ambos marcan: Sí,,0.5921,0.579,no_meter,1.6,0.5725353994122362,2.0,0,
2026-09-25,selecciones,CONCACAF - Nations League B,Barbados vs Saint Lucia,4,False,Goles equipo,goles_equipo,Visitante,Goles Saint Lucia: Menos de 1.5,1.5,0.5807,0.4057,no_meter,1.75,0.23076923076923073,2.0,1,1.5
2026-09-25,selecciones,CONCACAF - Nations League A,Honduras vs Suriname,1,True,Doble oportunidad,resultado,Resultado,Honduras o empate,,0.813,0.813,meter,1.154,0.8219,5.0,0,
2026-09-25,selecciones,CONCACAF - Nations League A,Honduras vs Suriname,2,True,Goles,goles,Total,Goles: Menos de 3.5,3.5,0.7717,0.7705,meter,1.2,0.7692307692307692,5.0,0,1.5
2026-09-25,selecciones,CONCACAF - Nations League A,Honduras vs Suriname,3,False,Goles equipo,goles_equipo,Visitante,Goles Suriname: Más de 0.5,0.5,0.6377,0.753,no_meter,1.75,0.8682709005209625,5.0,1,2.5
2026-09-25,selecciones,CONCACAF - Nations League A,Honduras vs Suriname,4,False,BTTS,btts,Ambos marcan,Ambos marcan: No,,0.542,0.5715,no_meter,1.625,0.5637583892617449,5.0,0,
2026-09-25,selecciones,CONCACAF - Nations League A,El Salvador vs Martinique,1,True,Doble oportunidad,resultado,Doble,El Salvador o Martinique,,0.7144,0.7389,meter,1.3,,4.0,1,
2026-09-25,selecciones,CONCACAF - Nations League A,El Salvador vs Martinique,2,False,Goles equipo,goles_equipo,Visitante,Goles Martinique: Más de 0.5,0.5,0.6687,0.7579,no_meter,1.6,0.847098686997035,4.0,1,0.5
2026-09-25,selecciones,CONCACAF - Nations League A,El Salvador vs Martinique,3,False,Goles,goles,Total,Goles: Más de 1.5,1.5,0.6389,0.6376,no_meter,1.455,0.636340914771307,4.0,1,2.5
2026-09-25,selecciones,CONCACAF - Nations League A,El Salvador vs Martinique,4,False,BTTS,btts,Ambos marcan,Ambos marcan: No,,0.5415,0.5696,no_meter,1.636,0.5600968002151117,4.0,0,
2026-09-25,usl_championship,USL Championship,El Paso Locomotive FC vs FC Tulsa,1,False,Goles,goles,Total,Goles: Menos de 3.5,3.5,0.7354,0.7078,no_meter,1.364,0.6801125703564727,2.0,1,1.5
2026-09-25,usl_championship,USL Championship,El Paso Locomotive FC vs FC Tulsa,2,False,Goles equipo,goles_equipo,Local,Goles El Paso Locomotive FC: Menos de 2.5,2.5,0.782,0.6275,no_meter,1.25,0.47297297297297297,2.0,1,1.5
2026-09-25,usl_championship,USL Championship,El Paso Locomotive FC vs FC Tulsa,3,False,BTTS,btts,Ambos marcan,Ambos marcan: Sí,,0.5475,0.5688,no_meter,1.667,0.5574727900185825,2.0,1,
2026-09-25,usl_championship,USL Championship,El Paso Locomotive FC vs FC Tulsa,4,False,Córners,corners,Total,Córners: Más de 8.5,8.5,0.5464,0.4904,no_meter,1.8,,2.0,0,1.5
2026-09-25,usl_championship,USL Championship,El Paso Locomotive FC vs FC Tulsa,5,False,1X2,resultado,Resultado,Gana El Paso Locomotive FC,,0.5078,0.4856,no_meter,1.875,0.488512282270995,2.0,0,
2026-09-25,liga_mx,Liga MX,Atlante vs Monterrey,1,True,Goles,goles,Total,Goles: Más de 1.5,1.5,0.794,0.7793,meter,1.231,0.7646721468170522,6.0,1,4.5
2026-09-25,liga_mx,Liga MX,Atlante vs Monterrey,2,True,Córners,corners,Total,Córners: Más de 7.5,7.5,0.7607,0.7451,meter,1.25,,6.0,1,0.5
2026-09-25,liga_mx,Liga MX,Atlante vs Monterrey,3,False,Tarjetas,tarjetas,Total,Tarjetas: Más de 2.5,2.5,0.7428,0.7428,meter,1.222,,6.0,0,2.5
2026-09-25,liga_mx,Liga MX,Atlante vs Monterrey,4,False,Doble y goles,dc_goles,1X,Atlante o empate y menos de 5.5,5.5,0.7066,0.7508,no_meter,1.571,0.8949880668257757,6.0,0,0.5
2026-09-25,liga_mx,Liga MX,Atlante vs Monterrey,5,False,Remates a puerta,remates_on,Local,Remates a puerta Local: Menos de 5.5,5.5,0.7004,0.7004,no_meter,1.308,,6.0,0,1.5
2026-09-25,liga_mx,Liga MX,Atlante vs Monterrey,6,False,Goles equipo,goles_equipo,Visitante,Goles Monterrey: Menos de 2.5,2.5,0.8677,0.6611,no_meter,1.222,0.4545454545454546,6.0,1,0.5
2026-09-25,liga_mx,Liga MX,Atlante vs Monterrey,7,False,Remates,remates,Local,Remates Local: Más de 12.5,12.5,0.621,0.621,no_meter,1.52,,6.0,1,1.5
2026-09-25,liga_mx,Liga MX,Atlante vs Monterrey,8,False,BTTS,btts,Ambos marcan,Ambos marcan: Sí,,0.5805,0.5823,no_meter,1.625,0.5806451612903226,6.0,1,
2026-09-25,mex_expansion,Liga de Expansión MX,Correcaminos UAT vs Club Jaiba Brava,1,False,Handicap,handicap,Total,Handicap: Club Jaiba Brava +0.5,0.5,0.7905,0.6905,no_meter,1.625,,1.0,0,0.5
2026-09-25,mex_expansion,Liga de Expansión MX,Correcaminos UAT vs Club Jaiba Brava,2,False,Goles,goles,Total,Goles: Más de 2.5,2.5,0.5927,0.5767,no_meter,1.645,0.5607476635514018,1.0,0,1.5
2026-09-25,col_primera_a,Categoría Primera A,Once Caldas vs Atlético Bucaramanga,1,True,Goles,goles,Total,Goles: Menos de 3.5,3.5,0.7803,0.7685,meter,1.222,0.7566706491437674,4.0,0,0.5
2026-09-25,col_primera_a,Categoría Primera A,Once Caldas vs Atlético Bucaramanga,2,False,Doble y goles,dc_goles,1X,Once Caldas o empate y menos de 5.5,5.5,0.702,0.8232,no_meter,1.2,0.9074410163339383,4.0,0,1.5
2026-09-25,col_primera_a,Categoría Primera A,Once Caldas vs Atlético Bucaramanga,3,False,Goles equipo,goles_equipo,Local,Goles Once Caldas: Más de 0.5,0.5,0.7685,0.8147,no_meter,1.25,0.8609245867768595,4.0,1,0.5
2026-09-25,col_primera_a,Categoría Primera A,Once Caldas vs Atlético Bucaramanga,4,False,Córners,corners,Total,Córners: Menos de 10.5,10.5,0.6733,0.7245,no_meter,1.4,,4.0,1,0.5
2026-09-25,col_primera_a,Categoría Primera A,Once Caldas vs Atlético Bucaramanga,5,False,Tarjetas,tarjetas,Visita,Tarjetas Visita: Menos de 3.5,3.5,0.5642,0.5642,no_meter,1.68,,4.0,1,3.5
2026-09-25,col_primera_a,Categoría Primera A,Once Caldas vs Atlético Bucaramanga,6,False,BTTS,btts,Ambos marcan,Ambos marcan: No,,0.5334,0.5531,no_meter,1.75,0.527027027027027,4.0,0,
2026-09-25,col_primera_a,Categoría Primera A,Once Caldas vs Atlético Bucaramanga,7,False,Remates,remates,Total,Remates: Más de 26.5,26.5,0.5388,0.5388,no_meter,1.786,,4.0,1,10.5
2026-09-25,col_primera_a,Categoría Primera A,Once Caldas vs Atlético Bucaramanga,8,False,Remates a puerta,remates_on,Total,Remates a puerta: Menos de 8.5,8.5,0.5128,0.5128,no_meter,1.636,,4.0,0,8.5
2026-09-25,liga_mx,Liga MX,Club Tijuana vs Atlas,1,True,Goles,goles,Total,Goles: Más de 1.5,1.5,0.7541,0.7427,meter,1.286,0.7312996239030507,5.0,1,3.5
2026-09-25,liga_mx,Liga MX,Club Tijuana vs Atlas,2,True,Doble oportunidad,resultado,Doble,Club Tijuana o Atlas,,0.7083,0.7389,meter,1.308,,5.0,1,
2026-09-25,liga_mx,Liga MX,Club Tijuana vs Atlas,3,False,Goles equipo,goles_equipo,Local,Goles Club Tijuana: Más de 0.5,0.5,0.8595,0.8772,no_meter,1.2,0.8949880668257757,5.0,1,1.5
2026-09-25,liga_mx,Liga MX,Club Tijuana vs Atlas,4,False,Remates a puerta,remates_on,Local,Remates a puerta Local: Más de 3.5,3.5,0.7104,0.7104,no_meter,1.4,,5.0,1,1.5
2026-09-25,liga_mx,Liga MX,Club Tijuana vs Atlas,5,False,Tarjetas,tarjetas,Total,Tarjetas: Más de 2.5,2.5,0.6547,0.6547,no_meter,1.222,,5.0,0,2.5
2026-09-25,liga_mx,Liga MX,Club Tijuana vs Atlas,6,False,Córners,corners,Total,Córners: Más de 8,8.0,0.712,0.612,no_meter,1.538,,5.0,1,8.0
2026-09-25,liga_mx,Liga MX,Club Tijuana vs Atlas,7,False,BTTS,btts,Ambos marcan,Ambos marcan: Sí,,0.5513,0.5607,no_meter,1.741,0.5407544183592718,5.0,1,
2026-09-25,liga_mx,Liga MX,Club Tijuana vs Atlas,8,False,Remates,remates,Local,Remates Local: Menos de 15.5,15.5,0.5107,0.5107,no_meter,1.583,,5.0,1,5.5
2026-09-26,esp_hypermotion,LaLiga Hypermotion,Ceuta vs Sociedad B,1,True,Goles,goles,Total,Goles: Más de 1.5,1.5,0.7699,0.7548,meter,1.267,0.7396753647010479,4.0,1,2.5
2026-09-26,esp_hypermotion,LaLiga Hypermotion,Ceuta vs Sociedad B,2,True,Córners,corners,Total,Córners: Menos de 11.5,11.5,0.7292,0.7389,meter,1.25,,4.0,1,0.5
2026-09-26,esp_hypermotion,LaLiga Hypermotion,Ceuta vs Sociedad B,3,False,Goles equipo,goles_equipo,Local,Goles Ceuta: Más de 0.5,0.5,0.7909,0.8405,no_meter,1.3,0.8900523560209423,4.0,1,2.5
2026-09-26,esp_hypermotion,LaLiga Hypermotion,Ceuta vs Sociedad B,4,False,Doble y goles,dc_goles,1X,Ceuta o empate y menos de 5.5,5.5,0.7377,0.8239,no_meter,1.48,0.9066183136899365,4.0,1,1.5
2026-09-26,esp_hypermotion,LaLiga Hypermotion,Ceuta vs Sociedad B,5,False,Remates a puerta,remates_on,Total,Remates a puerta: Menos de 10.5,10.5,0.7182,0.7182,no_meter,1.4,,4.0,1,0.5
2026-09-26,esp_hypermotion,LaLiga Hypermotion,Ceuta vs Sociedad B,6,False,Remates,remates,Total,Remates: Menos de 27.5,27.5,0.6067,0.6067,no_meter,1.583,,4.0,0,2.5
2026-09-26,esp_hypermotion,LaLiga Hypermotion,Ceuta vs Sociedad B,7,False,BTTS,btts,Ambos marcan,Ambos marcan: Sí,,0.5472,0.5687,no_meter,1.667,0.5574727900185825,4.0,1,
2026-09-26,uru_primera,Primera División,Progreso vs Racing (Montevideo),1,True,Goles,goles,Total,Goles: Menos de 3.5,3.5,0.8144,0.7961,meter,1.2,0.7777777777777778,3.0,1,0.5
2026-09-26,uru_primera,Primera División,Progreso vs Racing (Montevideo),2,True,Córners,corners,Total,Córners: Menos de 11.5,11.5,0.735,0.7401,meter,1.222,,3.0,1,0.5
2026-09-26,uru_primera,Primera División,Progreso vs Racing (Montevideo),3,False,Doble y goles,dc_goles,X2,Racing (Montevideo) o empate y menos de 5.5,5.5,0.7828,0.8365,no_meter,1.2,0.92790863668808,3.0,0,2.5
2026-09-26,uru_primera,Primera División,Progreso vs Racing (Montevideo),4,False,BTTS,btts,Ambos marcan,Ambos marcan: No,,0.5414,0.5637,no_meter,1.69,0.5481283422459893,3.0,0,
2026-09-26,uru_primera,Primera División,Progreso vs Racing (Montevideo),5,False,Goles equipo,goles_equipo,Local,Goles Progreso: Menos de 1.5,1.5,0.7528,0.5464,no_meter,1.222,0.3400527957763379,3.0,0,0.5
2026-09-26,eng_league_one,EFL League One,Wycombe vs Reading,1,True,Goles,goles,Total,Goles: Más de 1.5,1.5,0.7967,0.7883,meter,1.2,0.779816513761468,4.0,1,2.5
2026-09-26,eng_league_one,EFL League One,Wycombe vs Reading,2,True,Córners,corners,Total,Córners: Menos de 12.5,12.5,0.691,0.7358,meter,1.222,,4.0,1,0.5
2026-09-26,eng_league_one,EFL League One,Wycombe vs Reading,3,False,Goles equipo,goles_equipo,Visitante,Goles Reading: Más de 0.5,0.5,0.73,0.8183,no_meter,1.222,0.9066183136899365,4.0,1,1.5
2026-09-26,eng_league_one,EFL League One,Wycombe vs Reading,4,False,Doble y goles,dc_goles,12,Wycombe o Reading y menos de 5.5,5.5,0.7182,0.811,no_meter,1.308,0.8830996798763661,4.0,0,1.5
2026-09-26,eng_league_one,EFL League One,Wycombe vs Reading,5,False,BTTS,btts,Ambos marcan,Ambos marcan: Sí,,0.6009,0.5969,no_meter,1.546,0.6031827515400411,4.0,1,
2026-09-26,eng_national,National League,Kidderminster vs Yeovil,1,True,Goles,goles,Total,Goles: Más de 1.5,1.5,0.77,0.7488,meter,1.273,0.7275839931521506,1.0,0,0.5
2026-09-26,eng_national,National League,Kidderminster vs Yeovil,2,False,Goles equipo,goles_equipo,Local,Goles Kidderminster: Más de 0.5,0.5,0.7932,0.8421,no_meter,1.2,0.8909853249475891,1.0,0,0.5
2026-09-26,eng_national,National League,Kidderminster vs Yeovil,3,False,Doble y goles,dc_goles,1X,Kidderminster o empate y menos de 4.5,4.5,0.6213,0.7744,no_meter,1.385,0.8319467554076538,1.0,0,3.5
2026-09-26,eng_national,National League,Kidderminster vs Yeovil,4,False,BTTS,btts,Ambos marcan,Ambos marcan: Sí,,0.5294,0.5531,no_meter,1.75,0.527027027027027,1.0,0,
2026-09-26,eng_league_two,EFL League Two,Bristol Rvs vs Exeter,1,True,Doble oportunidad,resultado,Resultado,Bristol Rvs o empate,,0.717,0.717,meter,1.182,0.8096,1.0,1,
2026-09-26,eng_league_two,EFL League Two,Bristol Rvs vs Exeter,2,True,Goles,goles,Total,Goles: Más de 1.5,1.5,0.7447,0.739,meter,1.273,0.7332914309658495,1.0,0,0.5
2026-09-26,eng_league_two,EFL League Two,Bristol Rvs vs Exeter,3,False,Córners,corners,Total,Córners: Más de 7.5,7.5,0.7291,0.7389,meter,1.286,,1.0,1,1.5
2026-09-26,eng_league_two,EFL League Two,Bristol Rvs vs Exeter,4,False,BTTS,btts,Ambos marcan,Ambos marcan: Sí,,0.5151,0.4971,no_meter,1.8,0.5095367847411445,1.0,0,
2026-09-26,eng_league_two,EFL League Two,Bristol Rvs vs Exeter,5,False,Goles equipo,goles_equipo,Local,Goles Bristol Rvs: Menos de 1.5,1.5,0.7055,0.4861,no_meter,1.95,0.26670856903415036,1.0,1,0.5
2026-09-26,eng_national,National League,Southend vs Barrow,1,True,Goles,goles,Total,Goles: Menos de 4.5,4.5,0.8182,0.7937,meter,1.2,0.7692307692307692,6.0,0,1.5
2026-09-26,eng_national,National League,Southend vs Barrow,2,False,Doble y goles,dc_goles,1X,Southend o empate y más de 1.5,1.5,0.6596,0.7516,no_meter,1.385,0.786388384754991,6.0,0,4.5
2026-09-26,eng_national,National League,Southend vs Barrow,3,False,BTTS,btts,Ambos marcan,Ambos marcan: Sí,,0.5731,0.5814,no_meter,1.6,0.5789473684210527,6.0,1,
2026-09-26,eng_national,National League,Southend vs Barrow,4,False,Goles equipo,goles_equipo,Visitante,Goles Barrow: Menos de 1.5,1.5,0.769,0.4913,no_meter,1.4,0.21361161524500907,6.0,0,2.5
2026-09-26,eng_national,National League,Altrincham vs Hornchurch,1,False,Handicap,handicap,Total,Handicap: Hornchurch +0.5,0.5,0.5227,0.5792,no_meter,1.69,,3.0,0,2.5
2026-09-26,eng_national,National League,Altrincham vs Hornchurch,2,False,Goles,goles,Total,Goles: Más de 2.5,2.5,0.5687,0.5567,no_meter,1.714,0.5446333687566419,3.0,1,0.5
2026-09-26,eng_national,National League,Worthing vs Halifax,1,True,Goles,goles,Total,Goles: Menos de 4.5,4.5,0.7951,0.7822,meter,1.2,0.7692307692307692,3.0,1,1.5
2026-09-26,eng_national,National League,Worthing vs Halifax,2,False,Doble y goles,dc_goles,1X,Worthing o empate y más de 1.5,1.5,0.6085,0.6898,no_meter,1.538,0.786388384754991,3.0,1,1.5
2026-09-26,eng_national,National League,Worthing vs Halifax,3,False,Goles equipo,goles_equipo,Local,Goles Worthing: Menos de 2.5,2.5,0.7888,0.6049,no_meter,1.25,0.42105263157894735,3.0,1,0.5
2026-09-26,eng_league_two,EFL League Two,Fleetwood Town vs Rochdale,1,True,Goles,goles,Total,Goles: Más de 1.5,1.5,0.7638,0.7548,meter,1.25,0.7457799471222291,3.0,1,1.5
2026-09-26,eng_league_two,EFL League Two,Fleetwood Town vs Rochdale,2,True,Córners,corners,Total,Córners: Más de 7.5,7.5,0.6795,0.73,meter,1.222,,3.0,1,2.5
2026-09-26,eng_league_two,EFL League Two,Fleetwood Town vs Rochdale,3,False,Doble y goles,dc_goles,12,Fleetwood Town o Rochdale y menos de 5.5,5.5,0.6909,0.8212,no_meter,1.25,0.9066183136899365,3.0,1,2.5
2026-09-26,eng_league_two,EFL League Two,Fleetwood Town vs Rochdale,4,False,Goles equipo,goles_equipo,Local,Goles Fleetwood Town: Menos de 2.5,2.5,0.89,0.688,no_meter,1.25,0.4859663191659983,3.0,1,1.5
2026-09-26,eng_league_two,EFL League Two,Fleetwood Town vs Rochdale,5,False,BTTS,btts,Ambos marcan,Ambos marcan: Sí,,0.5396,0.5589,no_meter,1.714,0.5385029617662898,3.0,1,
2026-09-26,eng_national,National League,Aldershot vs Tamworth,1,True,Goles,goles,Total,Goles: Menos de 4.5,4.5,0.7898,0.7732,meter,1.222,0.7566706491437674,6.0,0,1.5
2026-09-26,eng_national,National League,Aldershot vs Tamworth,2,False,BTTS,btts,Ambos marcan,Ambos marcan: Sí,,0.6389,0.6766,no_meter,1.455,0.636340914771307,6.0,1,
2026-09-26,eng_national,National League,Aldershot vs Tamworth,3,False,Doble y goles,dc_goles,1X,Aldershot o empate y menos de 4.5,4.5,0.5919,0.671,no_meter,1.692,0.7566706491437674,6.0,0,1.5
2026-09-26,eng_national,National League,Aldershot vs Tamworth,4,False,Goles equipo,goles_equipo,Visitante,Goles Tamworth: Menos de 2.5,2.5,0.8427,0.617,no_meter,1.2,0.39134912461380017,6.0,1,1.5
2026-09-26,eng_national,National League,Boston Utd vs Fylde,1,True,Goles,goles,Total,Goles: Menos de 4.5,4.5,0.7981,0.7755,meter,1.231,0.7528608713109818,1.0,1,3.5
2026-09-26,eng_national,National League,Boston Utd vs Fylde,2,False,BTTS,btts,Ambos marcan,Ambos marcan: Sí,,0.6417,0.6766,no_meter,1.455,0.636340914771307,1.0,0,
2026-09-26,eng_national,National League,Boston Utd vs Fylde,3,False,Doble y goles,dc_goles,1X,Boston Utd o empate y menos de 4.5,4.5,0.5837,0.6684,no_meter,1.714,0.7528608713109818,1.0,0,3.5
2026-09-26,eng_national,National League,Boston Utd vs Fylde,4,False,Goles equipo,goles_equipo,Visitante,Goles Fylde: Menos de 2.5,2.5,0.8414,0.6116,no_meter,1.222,0.38177653346907614,1.0,1,1.5
2026-09-26,eng_league_two,EFL League Two,Rotherham vs Crewe,1,True,Goles,goles,Total,Goles: Más de 1.5,1.5,0.766,0.766,meter,1.222,0.7659900421294522,2.0,1,0.5
2026-09-26,eng_league_two,EFL League Two,Rotherham vs Crewe,2,True,Córners,corners,Total,Córners: Menos de 12.5,12.5,0.7164,0.7389,meter,1.25,,2.0,1,7.5
2026-09-26,eng_league_two,EFL League Two,Rotherham vs Crewe,3,False,Doble oportunidad,resultado,Doble,Rotherham o empate,,0.7235,0.7202,meter,1.308,0.7014287564207708,2.0,1,
2026-09-26,eng_league_two,EFL League Two,Rotherham vs Crewe,4,False,Goles equipo,goles_equipo,Local,Goles Rotherham: Menos de 2.5,2.5,0.8665,0.6609,no_meter,1.222,0.4553666312433582,2.0,1,1.5
2026-09-26,eng_league_two,EFL League Two,Rotherham vs Crewe,5,False,BTTS,btts,Ambos marcan,Ambos marcan: Sí,,0.5695,0.5793,no_meter,1.625,0.5751633986928104,2.0,1,
2026-09-26,eng_league_two,EFL League Two,Cheltenham vs Chesterfield,1,True,Goles,goles,Total,Goles: Más de 1.5,1.5,0.8013,0.7836,meter,1.222,0.7659900421294522,3.0,1,1.5
2026-09-26,eng_league_two,EFL League Two,Cheltenham vs Chesterfield,2,True,Córners,corners,Total,Córners: Más de 7.5,7.5,0.668,0.7199,meter,1.333,,3.0,1,5.5
2026-09-26,eng_league_two,EFL League Two,Cheltenham vs Chesterfield,3,False,Goles equipo,goles_equipo,Local,Goles Cheltenham: Más de 0.5,0.5,0.8039,0.8553,no_meter,1.3,0.9066183136899365,3.0,1,1.5
2026-09-26,eng_league_two,EFL League Two,Cheltenham vs Chesterfield,4,False,Doble y goles,dc_goles,12,Cheltenham o Chesterfield y menos de 5.5,5.5,0.6912,0.7359,no_meter,1.286,,3.0,1,2.5
2026-09-26,eng_league_two,EFL League Two,Cheltenham vs Chesterfield,5,False,BTTS,btts,Ambos marcan,Ambos marcan: Sí,,0.5695,0.5793,no_meter,1.625,0.5751633986928104,3.0,1,
2026-09-26,eng_league_two,EFL League Two,York vs Gillingham,1,True,Goles,goles,Total,Goles: Menos de 4.5,4.5,0.8037,0.7907,meter,1.2,0.7777777777777778,3.0,1,1.5
2026-09-26,eng_league_two,EFL League Two,York vs Gillingham,2,True,Córners,corners,Total,Córners: Más de 8.5,8.5,0.6248,0.7169,meter,1.222,,3.0,0,2.5
2026-09-26,eng_league_two,EFL League Two,York vs Gillingham,3,False,Doble y goles,dc_goles,12,York o Gillingham y menos de 5.5,5.5,0.6812,0.8035,no_meter,1.273,0.8754523170304657,3.0,1,2.5
2026-09-26,eng_league_two,EFL League Two,York vs Gillingham,4,False,Goles equipo,goles_equipo,Local,Goles York: Menos de 2.5,2.5,0.8835,0.6495,no_meter,1.364,0.41558441558441556,3.0,0,0.5
2026-09-26,eng_league_two,EFL League Two,York vs Gillingham,5,False,BTTS,btts,Ambos marcan,Ambos marcan: Sí,,0.5695,0.5793,no_meter,1.625,0.5751633986928104,3.0,0,
2026-09-26,eng_league_one,EFL League One,Cambridge vs AFC Wimbledon,1,True,Goles,goles,Total,Goles: Menos de 3.5,3.5,0.758,0.7456,meter,1.273,0.7332914309658495,2.0,1,1.5
2026-09-26,eng_league_one,EFL League One,Cambridge vs AFC Wimbledon,2,False,Doble y goles,dc_goles,12,Cambridge o AFC Wimbledon y menos de 5.5,5.5,0.7239,0.8228,no_meter,1.25,0.9066183136899365,2.0,0,3.5
2026-09-26,eng_league_one,EFL League One,Cambridge vs AFC Wimbledon,3,False,Córners,corners,Total,Córners: Más de 8.5,8.5,0.7458,0.7441,no_meter,1.364,,2.0,1,0.5
2026-09-26,eng_league_one,EFL League One,Cambridge vs AFC Wimbledon,4,False,Goles equipo,goles_equipo,Local,Goles Cambridge: Menos de 2.5,2.5,0.8328,0.6831,no_meter,1.222,0.5333333333333333,2.0,1,1.5
2026-09-26,eng_league_one,EFL League One,Cambridge vs AFC Wimbledon,5,False,BTTS,btts,Ambos marcan,Ambos marcan: Sí,,0.5021,0.4852,no_meter,1.87,0.49046321525885556,2.0,1,
2026-09-26,eng_league_one,EFL League One,Plymouth vs Burton,1,True,Goles,goles,Total,Goles: Menos de 4.5,4.5,0.8156,0.7967,meter,1.2,0.7777777777777778,1.0,1,3.5
2026-09-26,eng_league_one,EFL League One,Plymouth vs Burton,2,True,Córners,corners,Total,Córners: Más de 7.5,7.5,0.7834,0.7451,meter,1.25,,1.0,0,0.5
2026-09-26,eng_league_one,EFL League One,Plymouth vs Burton,3,False,Doble y goles,dc_goles,12,Plymouth o Burton y menos de 5.5,5.5,0.7205,0.8072,no_meter,1.25,0.8754523170304657,1.0,1,4.5
2026-09-26,eng_league_one,EFL League One,Plymouth vs Burton,4,False,Goles equipo,goles_equipo,Local,Goles Plymouth: Menos de 2.5,2.5,0.8804,0.6448,no_meter,1.455,0.4091496510726286,1.0,1,2.5
2026-09-26,eng_league_one,EFL League One,Plymouth vs Burton,5,False,BTTS,btts,Ambos marcan,Ambos marcan: Sí,,0.5324,0.5637,no_meter,1.69,0.5481283422459893,1.0,0,
2026-09-26,eng_league_two,EFL League Two,Swindon vs Accrington,1,True,Goles,goles,Total,Goles: Más de 1.5,1.5,0.7857,0.7705,meter,1.231,0.7553170343868019,2.0,1,0.5
2026-09-26,eng_league_two,EFL League Two,Swindon vs Accrington,2,True,Córners,corners,Total,Córners: Menos de 12.5,12.5,0.8181,0.7452,meter,1.222,,2.0,0,0.5
2026-09-26,eng_league_two,EFL League Two,Swindon vs Accrington,3,False,Doble oportunidad,resultado,Doble,Swindon o empate,,0.6841,0.7102,meter,1.333,0.6875745813374496,2.0,1,
2026-09-26,eng_league_two,EFL League Two,Swindon vs Accrington,4,False,Goles equipo,goles_equipo,Local,Goles Swindon: Menos de 2.5,2.5,0.8735,0.6654,no_meter,1.2,0.45724119671697117,2.0,1,1.5
2026-09-26,eng_league_two,EFL League Two,Swindon vs Accrington,5,False,BTTS,btts,Ambos marcan,Ambos marcan: Sí,,0.5695,0.5793,no_meter,1.625,0.5751633986928104,2.0,1,
2026-09-26,eng_league_two,EFL League Two,Shrewsbury vs Colchester,1,True,Córners,corners,Total,Córners: Menos de 11.5,11.5,0.754,0.7451,meter,1.286,,4.0,0,0.5
2026-09-26,eng_league_two,EFL League Two,Shrewsbury vs Colchester,2,True,Doble oportunidad,resultado,Doble,Shrewsbury o Colchester,,0.708,0.7389,meter,1.3,,4.0,0,
2026-09-26,eng_league_two,EFL League Two,Shrewsbury vs Colchester,3,False,Goles,goles,Total,Goles: Menos de 3.5,3.5,0.748,0.7337,meter,1.3,0.7194042736887546,4.0,0,0.5
2026-09-26,eng_league_two,EFL League Two,Shrewsbury vs Colchester,4,False,Goles equipo,goles_equipo,Local,Goles Shrewsbury: Más de 0.5,0.5,0.7631,0.8231,no_meter,1.273,0.8830996798763661,4.0,1,1.5
2026-09-26,eng_league_two,EFL League Two,Shrewsbury vs Colchester,5,False,BTTS,btts,Ambos marcan,Ambos marcan: Sí,,0.5314,0.5539,no_meter,1.741,0.52856756024912,4.0,1,
2026-09-26,eng_national,National League,Harrogate vs Eastleigh,1,True,Goles,goles,Total,Goles: Más de 1.5,1.5,0.8002,0.7847,meter,1.2,0.7692307692307692,5.0,1,3.5
2026-09-26,eng_national,National League,Harrogate vs Eastleigh,2,False,Doble y goles,dc_goles,1X,Harrogate o empate y menos de 4.5,4.5,0.5852,0.7396,no_meter,1.32,0.7940709370037058,5.0,0,0.5
2026-09-26,eng_national,National League,Harrogate vs Eastleigh,3,False,Goles equipo,goles_equipo,Local,Goles Harrogate: Menos de 2.5,2.5,0.7942,0.6154,no_meter,1.4,0.4366383881230117,5.0,0,1.5
2026-09-26,eng_national,National League,Harrogate vs Eastleigh,4,False,BTTS,btts,Ambos marcan,Ambos marcan: Sí,,0.5417,0.5531,no_meter,1.75,0.527027027027027,5.0,1,
2026-09-26,eng_national,National League,Wealdstone vs Gateshead,1,True,Goles,goles,Total,Goles: Más de 1.5,1.5,0.8008,0.785,meter,1.2,0.7692307692307692,4.0,1,2.5
2026-09-26,eng_national,National League,Wealdstone vs Gateshead,2,False,Doble y goles,dc_goles,1X,Wealdstone o empate y menos de 4.5,4.5,0.5692,0.7316,no_meter,1.35,0.7940709370037058,4.0,1,0.5
2026-09-26,eng_national,National League,Wealdstone vs Gateshead,3,False,Goles equipo,goles_equipo,Local,Goles Wealdstone: Menos de 2.5,2.5,0.8353,0.636,no_meter,1.333,0.4366383881230117,4.0,0,1.5
2026-09-26,eng_national,National League,Wealdstone vs Gateshead,4,False,BTTS,btts,Ambos marcan,Ambos marcan: Sí,,0.5547,0.5693,no_meter,1.667,0.5574727900185825,4.0,0,
2026-09-26,eng_league_one,EFL League One,Stockport vs Peterboro,1,True,1X2,resultado,Resultado,Gana Stockport,,0.653,0.7143,meter,1.32,0.7117437722419928,1.0,1,
2026-09-26,eng_league_one,EFL League One,Stockport vs Peterboro,2,False,Goles,goles,Total,Goles: Menos de 4.5,4.5,0.7439,0.7111,no_meter,1.375,0.6783625730994152,1.0,1,3.5
2026-09-26,eng_league_one,EFL League One,Stockport vs Peterboro,3,False,Córners,corners,Total,Córners: Menos de 12.5,12.5,0.5813,0.6813,no_meter,1.364,,1.0,1,2.5
2026-09-26,eng_league_one,EFL League One,Stockport vs Peterboro,4,False,Goles equipo,goles_equipo,Local,Goles Stockport: Menos de 2.5,2.5,0.8455,0.579,no_meter,1.833,0.3125572868927589,1.0,1,1.5
2026-09-26,eng_league_one,EFL League One,Stockport vs Peterboro,5,False,BTTS,btts,Ambos marcan,Ambos marcan: Sí,,0.5542,0.5781,no_meter,1.625,0.5751633986928104,1.0,0,
2026-09-26,eng_national,National League,Sutton vs Forest Green,1,True,Goles,goles,Total,Goles: Más de 1.5,1.5,0.7738,0.758,meter,1.25,0.7422680412371133,6.0,1,4.5
2026-09-26,eng_national,National League,Sutton vs Forest Green,2,False,Goles equipo,goles_equipo,Local,Goles Sutton: Más de 0.5,0.5,0.7666,0.8288,no_meter,1.286,0.8909853249475891,6.0,1,2.5
2026-09-26,eng_national,National League,Sutton vs Forest Green,3,False,Doble y goles,dc_goles,1X,Sutton o empate y menos de 4.5,4.5,0.634,0.7126,no_meter,1.546,0.8319467554076538,6.0,0,1.5
2026-09-26,eng_national,National League,Sutton vs Forest Green,4,False,BTTS,btts,Ambos marcan,Ambos marcan: Sí,,0.567,0.5703,no_meter,1.667,0.5574727900185825,6.0,1,
2026-09-26,eng_league_two,EFL League Two,Tranmere vs Walsall,1,True,Goles equipo,goles_equipo,Local,Goles Tranmere: Más de 0.5,0.5,0.7796,0.7796,meter,1.222,,2.0,1,0.5
2026-09-26,eng_league_two,EFL League Two,Tranmere vs Walsall,2,True,Goles,goles,Total,Goles: Más de 1.5,1.5,0.7753,0.7627,meter,1.25,0.75,2.0,1,0.5
2026-09-26,eng_league_two,EFL League Two,Tranmere vs Walsall,3,False,Córners,corners,Total,Córners: Más de 7.5,7.5,0.8405,0.7493,meter,1.2,,2.0,1,3.5
2026-09-26,eng_league_two,EFL League Two,Tranmere vs Walsall,4,False,Doble oportunidad,resultado,Doble,Tranmere o Walsall,,0.703,0.7389,meter,1.308,,2.0,0,
2026-09-26,eng_league_two,EFL League Two,Tranmere vs Walsall,5,False,BTTS,btts,Ambos marcan,Ambos marcan: Sí,,0.5695,0.5793,no_meter,1.625,0.5751633986928104,2.0,1,
2026-09-26,eng_national,National League,Solihull vs Boreham Wood,1,False,Goles equipo,goles_equipo,Local,Goles Solihull: Más de 0.5,0.5,0.7013,0.8086,no_meter,1.273,0.9159034138218152,3.0,0,0.5
2026-09-26,eng_national,National League,Solihull vs Boreham Wood,2,False,Doble y goles,dc_goles,12,Solihull o Boreham Wood y menos de 5.5,5.5,0.648,0.7607,no_meter,1.364,0.804539295392954,3.0,1,2.5
2026-09-26,eng_national,National League,Solihull vs Boreham Wood,3,False,Goles,goles,Total,Goles: Menos de 4.5,4.5,0.7119,0.696,no_meter,1.364,0.6801125703564727,3.0,1,1.5
2026-09-26,eng_national,National League,Solihull vs Boreham Wood,4,False,BTTS,btts,Ambos marcan,Ambos marcan: Sí,,0.662,0.6883,no_meter,1.4,0.6596985901798735,3.0,0,
2026-09-26,eng_national,National League,Carlisle vs Woking,1,True,Goles,goles,Total,Goles: Menos de 4.5,4.5,0.8044,0.7868,meter,1.2,0.7692307692307692,7.0,0,2.5
2026-09-26,eng_national,National League,Carlisle vs Woking,2,False,Doble y goles,dc_goles,1X,Carlisle o empate y menos de 4.5,4.5,0.5831,0.7262,no_meter,1.4,0.7692307692307692,7.0,0,2.5
2026-09-26,eng_national,National League,Carlisle vs Woking,3,False,Goles equipo,goles_equipo,Local,Goles Carlisle: Menos de 2.5,2.5,0.807,0.606,no_meter,1.4,0.4049973971889641,7.0,1,0.5
2026-09-26,eng_national,National League,Carlisle vs Woking,4,False,BTTS,btts,Ambos marcan,Ambos marcan: Sí,,0.5931,0.5825,no_meter,1.6,0.5789473684210527,7.0,1,
2026-09-26,eng_league_two,EFL League Two,Newport County vs Grimsby,1,True,Goles,goles,Total,Goles: Más de 1.5,1.5,0.7626,0.7511,meter,1.267,0.7396753647010479,3.0,1,1.5
2026-09-26,eng_league_two,EFL League Two,Newport County vs Grimsby,2,True,Córners,corners,Total,Córners: Menos de 12.5,12.5,0.7331,0.7394,meter,1.286,,3.0,1,2.5
2026-09-26,eng_league_two,EFL League Two,Newport County vs Grimsby,3,False,Doble y goles,dc_goles,12,Newport County o Grimsby y menos de 5.5,5.5,0.6919,0.8214,no_meter,1.273,0.9066183136899365,3.0,1,2.5
2026-09-26,eng_league_two,EFL League Two,Newport County vs Grimsby,4,False,Goles equipo,goles_equipo,Visitante,Goles Grimsby: Menos de 2.5,2.5,0.7639,0.6225,no_meter,1.25,0.48115477145148355,3.0,1,1.5
2026-09-26,eng_league_two,EFL League Two,Newport County vs Grimsby,5,False,BTTS,btts,Ambos marcan,Ambos marcan: Sí,,0.5416,0.5589,no_meter,1.714,0.5385029617662898,3.0,1,
2026-09-26,eng_national,National League,Scunthorpe vs Hartlepool,1,True,Goles,goles,Total,Goles: Menos de 4.5,4.5,0.8263,0.7978,meter,1.2,0.7692307692307692,5.0,0,0.5
2026-09-26,eng_national,National League,Scunthorpe vs Hartlepool,2,True,Doble oportunidad,resultado,Doble,Scunthorpe o empate,,0.735,0.7208,meter,1.308,0.7014287564207708,5.0,1,
2026-09-26,eng_national,National League,Scunthorpe vs Hartlepool,3,False,Goles equipo,goles_equipo,Local,Goles Scunthorpe: Menos de 2.5,2.5,0.8629,0.642,no_meter,1.25,0.42105263157894735,5.0,0,1.5
2026-09-26,eng_national,National League,Scunthorpe vs Hartlepool,4,False,BTTS,btts,Ambos marcan,Ambos marcan: Sí,,0.5867,0.5895,no_meter,1.556,0.595002602811036,5.0,1,
2026-09-26,esp_hypermotion,LaLiga Hypermotion,Granada vs Andorra,1,True,Córners,corners,Total,Córners: Más de 6.5,6.5,0.7357,0.7404,meter,1.273,,5.0,1,11.5
2026-09-26,esp_hypermotion,LaLiga Hypermotion,Granada vs Andorra,2,True,Goles,goles,Total,Goles: Menos de 3.5,3.5,0.7363,0.7279,meter,1.3,0.7194042736887546,5.0,0,1.5
2026-09-26,esp_hypermotion,LaLiga Hypermotion,Granada vs Andorra,3,False,Doble oportunidad,resultado,Doble,Granada o Andorra,,0.65,0.7169,meter,1.3,,5.0,1,
2026-09-26,esp_hypermotion,LaLiga Hypermotion,Granada vs Andorra,4,False,Remates a puerta,remates_on,Visita,Remates a puerta Visita: Más de 2.5,2.5,0.6502,0.6502,no_meter,1.286,,5.0,1,2.5
2026-09-26,esp_hypermotion,LaLiga Hypermotion,Granada vs Andorra,5,False,Remates,remates,Local,Remates Local: Más de 12.5,12.5,0.6147,0.6147,no_meter,1.636,,5.0,1,10.5
2026-09-26,esp_hypermotion,LaLiga Hypermotion,Granada vs Andorra,6,False,BTTS,btts,Ambos marcan,Ambos marcan: Sí,,0.5117,0.5539,no_meter,1.741,0.52856756024912,5.0,1,
2026-09-26,esp_hypermotion,LaLiga Hypermotion,Granada vs Andorra,7,False,Goles equipo,goles_equipo,Visitante,Goles Andorra: Menos de 1.5,1.5,0.7643,0.5256,no_meter,1.364,0.28696796840719613,5.0,0,1.5
2026-09-26,ned_eerste,Eerste Divisie,Heracles Almelo vs Vitesse,1,True,Doble oportunidad,resultado,Resultado,Heracles Almelo o empate,,0.843,0.843,meter,1.133,0.8452,2.0,1,
2026-09-26,ned_eerste,Eerste Divisie,Heracles Almelo vs Vitesse,2,True,Goles,goles,Total,Goles: Menos de 4.5,4.5,0.7341,0.7308,meter,1.273,0.7275839931521506,2.0,1,2.5
2026-09-26,ned_eerste,Eerste Divisie,Heracles Almelo vs Vitesse,3,False,Goles equipo,goles_equipo,Local,Goles Heracles Almelo: Más de 1.5,1.5,0.7379,0.7827,no_meter,1.4,0.8275915580384855,2.0,1,0.5
2026-09-26,ned_eerste,Eerste Divisie,Heracles Almelo vs Vitesse,4,False,Córners,corners,Total,Córners: Menos de 11.5,11.5,0.6818,0.7319,no_meter,1.455,,2.0,0,0.5
2026-09-26,ned_eerste,Eerste Divisie,Heracles Almelo vs Vitesse,5,False,BTTS,btts,Ambos marcan,Ambos marcan: Sí,,0.5871,0.5815,no_meter,1.6,0.5789473684210527,2.0,0,
2026-09-26,esp_hypermotion,LaLiga Hypermotion,Tenerife vs Cadiz,1,True,Goles,goles,Total,Goles: Menos de 3.5,3.5,0.7931,0.7865,meter,1.2,0.779816513761468,2.0,1,1.5
2026-09-26,esp_hypermotion,LaLiga Hypermotion,Tenerife vs Cadiz,2,True,Doble oportunidad,resultado,Doble,Tenerife o Cadiz,,0.7002,0.7389,meter,1.3,,2.0,0,
2026-09-26,esp_hypermotion,LaLiga Hypermotion,Tenerife vs Cadiz,3,False,Goles equipo,goles_equipo,Local,Goles Tenerife: Más de 0.5,0.5,0.831,0.8456,no_meter,1.25,0.8602580645161292,2.0,1,0.5
2026-09-26,esp_hypermotion,LaLiga Hypermotion,Tenerife vs Cadiz,4,False,Remates a puerta,remates_on,Visita,Remates a puerta Visita: Más de 1.5,1.5,0.8067,0.8067,no_meter,1.2,,2.0,1,1.5
2026-09-26,esp_hypermotion,LaLiga Hypermotion,Tenerife vs Cadiz,5,False,Remates,remates,Visita,Remates Visita: Más de 7.5,7.5,0.6679,0.6679,no_meter,1.5,,2.0,1,4.5
2026-09-26,esp_hypermotion,LaLiga Hypermotion,Tenerife vs Cadiz,6,False,Córners,corners,Total,Córners: Más de 7.5,7.5,0.5308,0.6308,no_meter,1.3,,2.0,0,4.5
2026-09-26,esp_hypermotion,LaLiga Hypermotion,Tenerife vs Cadiz,7,False,Tarjetas,tarjetas,Total,Tarjetas: Menos de 5.5,5.5,0.5814,0.5814,no_meter,1.455,,2.0,1,0.5
2026-09-26,esp_hypermotion,LaLiga Hypermotion,Tenerife vs Cadiz,8,False,BTTS,btts,Ambos marcan,Ambos marcan: No,,0.5441,0.573,no_meter,1.645,0.5665349143610012,2.0,0,
2026-09-26,esp_hypermotion,LaLiga Hypermotion,Celta B vs Sabadell,1,False,1X2,resultado,Resultado,Gana Sabadell,,0.4119,0.4642,no_meter,2.117,0.4615654338237743,2.0,0,
2026-09-26,eng_league_two,EFL League Two,Oldham vs Salford,1,True,Goles,goles,Total,Goles: Más de 1.5,1.5,0.7778,0.7666,meter,1.231,0.7553170343868019,5.0,1,3.5
2026-09-26,eng_league_two,EFL League Two,Oldham vs Salford,2,True,Córners,corners,Total,Córners: Más de 7.5,7.5,0.7961,0.7451,meter,1.25,,5.0,1,8.5
2026-09-26,eng_league_two,EFL League Two,Oldham vs Salford,3,False,Goles equipo,goles_equipo,Visitante,Goles Salford: Más de 0.5,0.5,0.7382,0.8173,no_meter,1.25,0.896414342629482,5.0,1,3.5
2026-09-26,eng_league_two,EFL League Two,Oldham vs Salford,4,False,Doble y goles,dc_goles,12,Oldham o Salford y menos de 5.5,5.5,0.6637,0.8067,no_meter,1.3,0.896414342629482,5.0,1,0.5
2026-09-26,eng_league_two,EFL League Two,Oldham vs Salford,5,False,Tarjetas,tarjetas,Total,Tarjetas: Más de 2.5,2.5,0.6736,0.6736,no_meter,1.3,,5.0,0,0.5
2026-09-26,eng_league_two,EFL League Two,Oldham vs Salford,6,False,BTTS,btts,Ambos marcan,Ambos marcan: Sí,,0.586,0.5796,no_meter,1.625,0.5751633986928104,5.0,1,
2026-09-26,ned_eerste,Eerste Divisie,FC Volendam vs VVV-Venlo,1,True,Goles,goles,Total,Goles: Más de 2.5,2.5,0.7324,0.7218,meter,1.3,0.7111111111111111,5.0,1,2.5
2026-09-26,ned_eerste,Eerste Divisie,FC Volendam vs VVV-Venlo,2,True,BTTS,btts,Ambos marcan,Ambos marcan: Sí,,0.6839,0.7126,meter,1.333,0.6923609508423725,5.0,1,
2026-09-26,ned_eerste,Eerste Divisie,FC Volendam vs VVV-Venlo,3,False,Doble y goles,dc_goles,12,FC Volendam o VVV-Venlo y más de 1.5,1.5,0.718,0.8036,no_meter,1.286,0.8682709005209625,5.0,1,3.5
2026-09-26,ned_eerste,Eerste Divisie,FC Volendam vs VVV-Venlo,4,False,Córners,corners,Total,Córners: Menos de 11.5,11.5,0.6246,0.7169,no_meter,1.455,,5.0,1,0.5
2026-09-26,ned_eerste,Eerste Divisie,FC Volendam vs VVV-Venlo,5,False,Goles equipo,goles_equipo,Visitante,Goles VVV-Venlo: Menos de 2.5,2.5,0.8162,0.5525,no_meter,1.2,0.2888888888888889,5.0,1,0.5
2026-09-26,ned_eerste,Eerste Divisie,FC Emmen vs TOP Oss,1,True,Doble oportunidad,resultado,Resultado,FC Emmen o empate,,0.755,0.755,meter,1.154,0.8164,1.0,1,
2026-09-26,ned_eerste,Eerste Divisie,FC Emmen vs TOP Oss,2,True,Goles,goles,Total,Goles: Menos de 4.5,4.5,0.7739,0.7581,meter,1.25,0.7422680412371133,1.0,1,3.5
2026-09-26,ned_eerste,Eerste Divisie,FC Emmen vs TOP Oss,3,False,Goles equipo,goles_equipo,Visitante,Goles TOP Oss: Más de 0.5,0.5,0.7633,0.7633,no_meter,1.4,,1.0,0,0.5
2026-09-26,ned_eerste,Eerste Divisie,FC Emmen vs TOP Oss,4,False,Córners,corners,Total,Córners: Más de 9.5,9.5,0.687,0.7341,no_meter,1.455,,1.0,1,5.5
2026-09-26,ned_eerste,Eerste Divisie,FC Emmen vs TOP Oss,5,False,BTTS,btts,Ambos marcan,Ambos marcan: Sí,,0.6008,0.5928,no_meter,1.556,0.595002602811036,1.0,0,
2026-09-26,ned_eerste,Eerste Divisie,MVV Maastricht vs Helmond Sport,1,True,Doble oportunidad,resultado,Doble,MVV Maastricht o empate,,0.7513,0.7201,meter,1.32,0.6951323809346706,2.0,1,
2026-09-26,ned_eerste,Eerste Divisie,MVV Maastricht vs Helmond Sport,2,False,Córners,corners,Total,Córners: Más de 8.5,8.5,0.5586,0.6586,no_meter,1.455,,2.0,0,0.5
2026-09-26,ned_eerste,Eerste Divisie,MVV Maastricht vs Helmond Sport,3,False,Goles,goles,Total,Goles: Menos de 3.5,3.5,0.6,0.6182,no_meter,1.455,0.636340914771307,2.0,1,1.5
2026-09-26,ned_eerste,Eerste Divisie,MVV Maastricht vs Helmond Sport,4,False,BTTS,btts,Ambos marcan,Ambos marcan: Sí,,0.6184,0.6043,no_meter,1.5,0.6153846153846154,2.0,0,
2026-09-26,ned_eerste,Eerste Divisie,MVV Maastricht vs Helmond Sport,5,False,Goles equipo,goles_equipo,Local,Goles MVV Maastricht: Menos de 2.5,2.5,0.7292,0.5751,no_meter,1.25,0.42105263157894735,2.0,1,0.5
2026-09-26,ned_eerste,Eerste Divisie,NAC Breda vs FC Eindhoven,1,True,Goles,goles,Total,Goles: Menos de 4.5,4.5,0.7311,0.7117,meter,1.333,0.6923609508423725,6.0,0,1.5
2026-09-26,ned_eerste,Eerste Divisie,NAC Breda vs FC Eindhoven,2,True,1X2,resultado,Resultado,Gana NAC Breda,,0.6735,0.7095,meter,1.333,0.6942604203549619,6.0,1,
2026-09-26,ned_eerste,Eerste Divisie,NAC Breda vs FC Eindhoven,3,False,BTTS,btts,Ambos marcan,Ambos marcan: Sí,,0.5731,0.5814,no_meter,1.6,0.5789473684210527,6.0,1,
2026-09-26,ned_eerste,Eerste Divisie,NAC Breda vs FC Eindhoven,4,False,Goles equipo,goles_equipo,Local,Goles NAC Breda: Menos de 2.5,2.5,0.8273,0.5736,no_meter,1.8,0.31988742964352723,6.0,0,1.5
2026-09-26,mex_expansion,Liga de Expansión MX,Cruz Azul Hidalgo vs Leones Negros,1,True,Goles equipo,goles_equipo,Local,Goles Cruz Azul Hidalgo: Más de 0.5,0.5,0.7748,0.7748,meter,1.222,,3.0,1,0.5
2026-09-26,mex_expansion,Liga de Expansión MX,Cruz Azul Hidalgo vs Leones Negros,2,False,Córners,corners,Total,Córners: Más de 8.5,8.5,0.5506,0.6506,no_meter,1.455,,3.0,1,15.5
2026-09-26,mex_expansion,Liga de Expansión MX,Cruz Azul Hidalgo vs Leones Negros,3,False,Goles,goles,Total,Goles: Menos de 3.5,3.5,0.6455,0.6409,no_meter,1.455,0.636340914771307,3.0,1,0.5
2026-09-26,mex_expansion,Liga de Expansión MX,Cruz Azul Hidalgo vs Leones Negros,4,False,Doble oportunidad,resultado,Doble,Leones Negros o empate,,0.505,0.6178,no_meter,1.455,0.6305930194575502,3.0,1,
2026-09-26,mex_expansion,Liga de Expansión MX,Cruz Azul Hidalgo vs Leones Negros,5,False,BTTS,btts,Ambos marcan,Ambos marcan: Sí,,0.5767,0.5895,no_meter,1.556,0.595002602811036,3.0,1,
2026-09-26,uru_primera,Primera División,Cerro Largo vs Nacional,1,True,Doble oportunidad,resultado,Resultado,Nacional o empate,,0.726,0.726,meter,1.167,0.8108,2.0,1,
2026-09-26,uru_primera,Primera División,Cerro Largo vs Nacional,2,True,Goles,goles,Total,Goles: Menos de 3.5,3.5,0.7921,0.7627,meter,1.273,0.7332914309658495,2.0,1,1.5
2026-09-26,uru_primera,Primera División,Cerro Largo vs Nacional,3,False,Goles equipo,goles_equipo,Visitante,Goles Nacional: Menos de 2.5,2.5,0.8874,0.7151,meter,1.222,0.5427588032830288,2.0,1,0.5
2026-09-26,uru_primera,Primera División,Cerro Largo vs Nacional,4,False,Córners,corners,Total,Córners: Más de 7.5,7.5,0.5685,0.6685,no_meter,1.273,,2.0,1,1.5
2026-09-26,uru_primera,Primera División,Cerro Largo vs Nacional,5,False,BTTS,btts,Ambos marcan,Ambos marcan: No,,0.5394,0.5539,no_meter,1.741,0.52856756024912,2.0,1,
2026-09-26,ned_eerste,Eerste Divisie,Roda JC Kerkrade vs RKC Waalwijk,1,True,Goles,goles,Total,Goles: Más de 1.5,1.5,0.8109,0.7901,meter,1.2,0.7692307692307692,2.0,1,0.5
2026-09-26,ned_eerste,Eerste Divisie,Roda JC Kerkrade vs RKC Waalwijk,2,True,Doble oportunidad,resultado,Doble,Roda JC Kerkrade o empate,,0.657,0.706,meter,1.32,0.6951323809346706,2.0,1,
2026-09-26,ned_eerste,Eerste Divisie,Roda JC Kerkrade vs RKC Waalwijk,3,False,Goles equipo,goles_equipo,Local,Goles Roda JC Kerkrade: Menos de 2.5,2.5,0.8262,0.6344,no_meter,1.222,0.44252720998141765,2.0,1,0.5
2026-09-26,ned_eerste,Eerste Divisie,Roda JC Kerkrade vs RKC Waalwijk,4,False,BTTS,btts,Ambos marcan,Ambos marcan: Sí,,0.6008,0.5928,no_meter,1.556,0.595002602811036,2.0,0,
2026-09-26,ned_eerste,Eerste Divisie,Roda JC Kerkrade vs RKC Waalwijk,5,False,Córners,corners,Total,Córners: Más de 8.5,8.5,0.5828,0.584,no_meter,1.5,,2.0,0,2.5
2026-09-26,arg_primera_nacional,Primera Nacional,Estudiantes (Buenos Aires) vs San Miguel,1,False,Goles,goles,Total,Goles: Más de 1.5,1.5,0.5785,0.5709,no_meter,1.667,0.5632695834424941,3.0,1,1.5
2026-09-26,arg_primera_nacional,Primera Nacional,Estudiantes (Buenos Aires) vs San Miguel,2,False,Handicap,handicap,Total,Handicap: Estudiantes (Buenos Aires) -0.5,-0.5,0.5701,0.4904,no_meter,1.833,,3.0,1,0.5
2026-09-26,arg_primera_nacional,Primera Nacional,All Boys vs Colón (Santa Fe),1,False,Handicap,handicap,Total,Handicap: Colón (Santa Fe) +0.5,0.5,0.5498,0.6498,no_meter,1.455,,0.0,1,0.5
2026-09-26,arg_primera_nacional,Primera Nacional,All Boys vs Colón (Santa Fe),2,False,Goles,goles,Total,Goles: Más de 1.5,1.5,0.5501,0.5474,no_meter,1.714,0.5446333687566419,0.0,0,1.5
2026-09-26,arg_primera_nacional,Primera Nacional,Ciudad de Bolívar vs Chaco For Ever,1,False,Doble y goles,dc_goles,1X,Ciudad de Bolívar o empate y menos de 4.5,4.5,0.7684,0.8263,no_meter,1.273,0.9074410163339383,3.0,1,1.5
2026-09-26,arg_primera_nacional,Primera Nacional,Ciudad de Bolívar vs Chaco For Ever,2,False,Goles,goles,Total,Goles: Menos de 2.5,2.5,0.7023,0.6878,no_meter,1.375,0.6732414448669202,3.0,0,0.5
2026-09-26,arg_primera_nacional,Primera Nacional,Ciudad de Bolívar vs Chaco For Ever,3,False,Goles equipo,goles_equipo,Visitante,Goles Chaco For Ever: Menos de 1.5,1.5,0.816,0.6185,no_meter,1.222,0.42105263157894735,3.0,1,0.5
2026-09-26,arg_primera_nacional,Primera Nacional,Ciudad de Bolívar vs Chaco For Ever,4,False,BTTS,btts,Ambos marcan,Ambos marcan: No,,0.615,0.5941,no_meter,1.556,0.595002602811036,3.0,0,
2026-09-26,arg_primera_nacional,Primera Nacional,Ciudad de Bolívar vs Chaco For Ever,5,False,Córners,corners,Total,Córners: Más de 8.5,8.5,0.5615,0.4904,no_meter,1.8,,3.0,0,1.5
2026-09-26,arg_primera_nacional,Primera Nacional,Quilmes vs Güemes,1,True,Goles,goles,Total,Goles: Menos de 3.5,3.5,0.8019,0.7721,meter,1.25,0.7422680412371133,2.0,1,1.5
2026-09-26,arg_primera_nacional,Primera Nacional,Quilmes vs Güemes,2,True,Goles equipo,goles_equipo,Local,Goles Quilmes: Menos de 2.5,2.5,0.8814,0.7146,meter,1.333,0.5478353821485836,2.0,1,0.5
2026-09-26,arg_primera_nacional,Primera Nacional,Quilmes vs Güemes,3,False,Doble y goles,dc_goles,1X,Quilmes o empate y menos de 3.5,3.5,0.6884,0.7385,no_meter,1.35,0.7422680412371133,2.0,1,1.5
2026-09-26,arg_primera_nacional,Primera Nacional,Quilmes vs Güemes,4,False,BTTS,btts,Ambos marcan,Ambos marcan: No,,0.6326,0.6043,no_meter,1.5,0.6153846153846154,2.0,1,
2026-09-26,bra_serie_b,Brasileirão Série B,Operário PR vs Ceará,1,True,Goles,goles,Total,Goles: Menos de 3.5,3.5,0.765,0.7554,meter,1.25,0.7457799471222291,4.0,0,0.5
2026-09-26,bra_serie_b,Brasileirão Série B,Operário PR vs Ceará,2,True,Córners,corners,Total,Córners: Menos de 12.5,12.5,0.8246,0.7455,meter,1.222,,4.0,1,0.5
2026-09-26,bra_serie_b,Brasileirão Série B,Operário PR vs Ceará,3,False,Doble oportunidad,resultado,Doble,Operário PR o Ceará,,0.729,0.7389,meter,1.3,,4.0,0,
2026-09-26,bra_serie_b,Brasileirão Série B,Operário PR vs Ceará,4,False,Goles equipo,goles_equipo,Local,Goles Operário PR: Más de 0.5,0.5,0.8181,0.8468,no_meter,1.25,0.8754523170304657,4.0,1,1.5
2026-09-26,bra_serie_b,Brasileirão Série B,Operário PR vs Ceará,5,False,Remates a puerta,remates_on,Local,Remates a puerta Local: Menos de 5.5,5.5,0.6737,0.6737,no_meter,1.455,,4.0,1,1.5
2026-09-26,bra_serie_b,Brasileirão Série B,Operário PR vs Ceará,6,False,Remates,remates,Visita,Remates Visita: Menos de 13.5,13.5,0.6148,0.6148,no_meter,1.583,,4.0,0,0.5
2026-09-26,bra_serie_b,Brasileirão Série B,Operário PR vs Ceará,7,False,BTTS,btts,Ambos marcan,Ambos marcan: No,,0.5105,0.4917,no_meter,1.833,0.5,4.0,0,
2026-09-26,par_division,División Profesional,Rubio Ñú vs 2 de Mayo,1,True,Goles,goles,Total,Goles: Menos de 3.5,3.5,0.7798,0.767,meter,1.222,0.7542236524537409,4.0,0,0.5
2026-09-26,par_division,División Profesional,Rubio Ñú vs 2 de Mayo,2,True,Doble oportunidad,resultado,Doble,Rubio Ñú o 2 de Mayo,,0.6877,0.7344,meter,1.32,,4.0,0,
2026-09-26,par_division,División Profesional,Rubio Ñú vs 2 de Mayo,3,False,Goles equipo,goles_equipo,Local,Goles Rubio Ñú: Menos de 1.5,1.5,0.7303,0.5251,no_meter,1.4,0.31988742964352723,4.0,0,0.5
2026-09-26,par_division,División Profesional,Rubio Ñú vs 2 de Mayo,4,False,BTTS,btts,Ambos marcan,Ambos marcan: No,,0.5149,0.4991,no_meter,1.8,0.5135135135135135,4.0,0,
2026-09-26,bra_serie_b,Brasileirão Série B,Náutico vs Sport,1,True,Goles,goles,Total,Goles: Menos de 3.5,3.5,0.7915,0.7624,meter,1.273,0.7332914309658495,4.0,0,0.5
2026-09-26,bra_serie_b,Brasileirão Série B,Náutico vs Sport,2,True,Doble oportunidad,resultado,Doble,Náutico o empate,,0.7042,0.7222,meter,1.3,0.7055864165181845,4.0,1,
2026-09-26,bra_serie_b,Brasileirão Série B,Náutico vs Sport,3,False,Córners,corners,Total,Córners: Más de 8.5,8.5,0.6151,0.7151,meter,1.3,,4.0,1,11.5
2026-09-26,bra_serie_b,Brasileirão Série B,Náutico vs Sport,4,False,Remates a puerta,remates_on,Local,Remates a puerta Local: Más de 3.5,3.5,0.7411,0.7411,no_meter,1.32,,4.0,1,1.5
2026-09-26,bra_serie_b,Brasileirão Série B,Náutico vs Sport,5,False,Goles equipo,goles_equipo,Visitante,Goles Sport: Menos de 1.5,1.5,0.7883,0.5402,no_meter,1.364,0.2920353982300885,4.0,1,0.5
2026-09-26,bra_serie_b,Brasileirão Série B,Náutico vs Sport,6,False,Tarjetas,tarjetas,Local,Tarjetas Local: Menos de 2.5,2.5,0.5182,0.5182,no_meter,1.714,,4.0,1,2.5
2026-09-26,bra_serie_b,Brasileirão Série B,Náutico vs Sport,7,False,Remates,remates,Local,Remates Local: Menos de 17.5,17.5,0.5014,0.5014,no_meter,1.571,,4.0,1,4.5
2026-09-26,bra_serie_b,Brasileirão Série B,Náutico vs Sport,8,False,BTTS,btts,Ambos marcan,Ambos marcan: No,,0.5,0.4799,no_meter,1.909,0.4809679173463839,4.0,0,
2026-09-26,col_primera_a,Categoría Primera A,Deportivo Pereira vs Internacional de Bogotá,1,False,Handicap,handicap,Total,Handicap: Deportivo Pereira +0.5,0.5,0.6365,0.5932,no_meter,1.645,,0.0,1,0.5
2026-09-26,col_primera_a,Categoría Primera A,Deportivo Pereira vs Internacional de Bogotá,2,False,Goles,goles,Total,Goles: Menos de 2.5,2.5,0.5645,0.5546,no_meter,1.714,0.5446333687566419,0.0,1,2.5
2026-09-26,uru_primera,Primera División,Peñarol vs Boston River,1,True,Doble oportunidad,resultado,Resultado,Peñarol o empate,,0.849,0.849,meter,1.111,0.8776,3.0,1,
2026-09-26,uru_primera,Primera División,Peñarol vs Boston River,2,True,Córners,corners,Total,Córners: Menos de 11.5,11.5,0.794,0.7451,meter,1.222,,3.0,1,5.5
2026-09-26,uru_primera,Primera División,Peñarol vs Boston River,3,False,Goles,goles,Total,Goles: Más de 1.5,1.5,0.7457,0.7395,meter,1.273,0.7332914309658495,3.0,1,1.5
2026-09-26,uru_primera,Primera División,Peñarol vs Boston River,4,False,Goles equipo,goles_equipo,Local,Goles Peñarol: Más de 1.5,1.5,0.6743,0.7038,no_meter,1.6,0.7332914309658495,3.0,1,0.5
2026-09-26,uru_primera,Primera División,Peñarol vs Boston River,5,False,BTTS,btts,Ambos marcan,Ambos marcan: No,,0.5414,0.5637,no_meter,1.69,0.5481283422459893,3.0,0,
2026-09-26,bra_serie_b,Brasileirão Série B,Goiás vs Atlético Goianiense,1,True,Córners,corners,Total,Córners: Menos de 11.5,11.5,0.768,0.7451,meter,1.3,,1.0,0,1.5
2026-09-26,bra_serie_b,Brasileirão Série B,Goiás vs Atlético Goianiense,2,True,Doble oportunidad,resultado,Doble,Goiás o Atlético Goianiense,,0.7052,0.7389,meter,1.333,,1.0,1,
2026-09-26,bra_serie_b,Brasileirão Série B,Goiás vs Atlético Goianiense,3,False,Remates a puerta,remates_on,Visita,Remates a puerta Visita: Más de 2.5,2.5,0.7054,0.7054,no_meter,1.333,,1.0,0,0.5
2026-09-26,bra_serie_b,Brasileirão Série B,Goiás vs Atlético Goianiense,4,False,Goles,goles,Total,Goles: Más de 1.5,1.5,0.6436,0.6418,no_meter,1.462,0.6400787789266372,1.0,0,0.5
2026-09-26,bra_serie_b,Brasileirão Série B,Goiás vs Atlético Goianiense,5,False,Remates,remates,Visita,Remates Visita: Más de 11.5,11.5,0.6038,0.6038,no_meter,1.6,,1.0,1,1.5
2026-09-26,bra_serie_b,Brasileirão Série B,Goiás vs Atlético Goianiense,6,False,Goles equipo,goles_equipo,Visitante,Goles Atlético Goianiense: Menos de 1.5,1.5,0.8001,0.58,no_meter,1.364,0.3599212210733629,1.0,1,0.5
2026-09-26,bra_serie_b,Brasileirão Série B,Goiás vs Atlético Goianiense,7,False,BTTS,btts,Ambos marcan,Ambos marcan: No,,0.5569,0.5649,no_meter,1.69,0.5481283422459893,1.0,1,
2026-09-26,arg_primera_nacional,Primera Nacional,Deportivo Madryn vs Central Norte,1,True,Goles equipo,goles_equipo,Local,Goles Deportivo Madryn: Menos de 2.5,2.5,0.8867,0.7615,meter,1.2,0.636340914771307,0.0,1,2.5
2026-09-26,arg_primera_nacional,Primera Nacional,Deportivo Madryn vs Central Norte,2,False,Doble y goles,dc_goles,1X,Deportivo Madryn o empate y menos de 3.5,3.5,0.7352,0.7724,no_meter,1.267,0.804539295392954,0.0,1,3.5
2026-09-26,arg_primera_nacional,Primera Nacional,Deportivo Madryn vs Central Norte,3,False,BTTS,btts,Ambos marcan,Ambos marcan: No,,0.6935,0.6983,no_meter,1.4,0.6596985901798735,0.0,1,
2026-09-26,arg_primera_nacional,Primera Nacional,Deportivo Madryn vs Central Norte,4,False,Goles,goles,Total,Goles: Menos de 2.5,2.5,0.6408,0.6386,no_meter,1.455,0.636340914771307,0.0,1,2.5
2026-09-26,mex_expansion,Liga de Expansión MX,Tlaxcala FC vs Cancún FC,1,True,Goles,goles,Total,Goles: Más de 1.5,1.5,0.804,0.7866,meter,1.2,0.7692307692307692,5.0,1,3.5
2026-09-26,mex_expansion,Liga de Expansión MX,Tlaxcala FC vs Cancún FC,2,True,Goles equipo,goles_equipo,Local,Goles Tlaxcala FC: Más de 0.5,0.5,0.7859,0.7859,meter,1.2,,5.0,1,3.5
2026-09-26,mex_expansion,Liga de Expansión MX,Tlaxcala FC vs Cancún FC,3,False,Córners,corners,Total,Córners: Más de 8.5,8.5,0.5865,0.6865,no_meter,1.455,,5.0,0,1.5
2026-09-26,mex_expansion,Liga de Expansión MX,Tlaxcala FC vs Cancún FC,4,False,Doble oportunidad,resultado,Doble,Cancún FC o empate,,0.5507,0.5921,no_meter,1.52,0.6035963008480855,5.0,0,
2026-09-26,mex_expansion,Liga de Expansión MX,Tlaxcala FC vs Cancún FC,5,False,BTTS,btts,Ambos marcan,Ambos marcan: Sí,,0.5631,0.5807,no_meter,1.6,0.5789473684210527,5.0,1,
2026-09-26,par_division,División Profesional,Sportivo Trinidense vs Cerro Porteño,1,True,Goles,goles,Total,Goles: Menos de 3.5,3.5,0.8019,0.7781,meter,1.222,0.7542236524537409,3.0,1,0.5
2026-09-26,par_division,División Profesional,Sportivo Trinidense vs Cerro Porteño,2,False,Doble oportunidad,resultado,Doble,Cerro Porteño o empate,,0.603,0.6954,no_meter,1.333,0.687807753052274,3.0,0,
2026-09-26,par_division,División Profesional,Sportivo Trinidense vs Cerro Porteño,3,False,Córners,corners,Total,Córners: Más de 8.5,8.5,0.5327,0.5792,no_meter,1.667,,3.0,1,0.5
2026-09-26,par_division,División Profesional,Sportivo Trinidense vs Cerro Porteño,4,False,Goles equipo,goles_equipo,Visitante,Goles Cerro Porteño: Menos de 1.5,1.5,0.71,0.5149,no_meter,1.5,0.31988742964352723,3.0,1,0.5
2026-09-26,par_division,División Profesional,Sportivo Trinidense vs Cerro Porteño,5,False,BTTS,btts,Ambos marcan,Ambos marcan: No,,0.5204,0.4998,no_meter,1.8,0.5135135135135135,3.0,0,
2026-09-26,liga_mx,Liga MX,Cruz Azul vs Toluca,1,True,Goles,goles,Total,Goles: Menos de 4.5,4.5,0.7893,0.777,meter,1.231,0.7646721468170522,6.0,0,1.5
2026-09-26,liga_mx,Liga MX,Cruz Azul vs Toluca,2,True,Doble oportunidad,resultado,Doble,Cruz Azul o Toluca,,0.6671,0.7191,meter,1.3,,6.0,0,
2026-09-26,liga_mx,Liga MX,Cruz Azul vs Toluca,3,False,Córners,corners,Total,Córners: Más de 8,8.0,0.7664,0.7451,no_meter,1.364,,6.0,1,1.0
2026-09-26,liga_mx,Liga MX,Cruz Azul vs Toluca,4,False,BTTS,btts,Ambos marcan,Ambos marcan: Sí,,0.6309,0.6751,no_meter,1.476,0.6333830104321907,6.0,1,
2026-09-26,liga_mx,Liga MX,Cruz Azul vs Toluca,5,False,Remates a puerta,remates_on,Local,Remates a puerta Local: Más de 3.5,3.5,0.6715,0.6715,no_meter,1.333,,6.0,1,3.5
2026-09-26,liga_mx,Liga MX,Cruz Azul vs Toluca,6,False,Goles equipo,goles_equipo,Visitante,Goles Toluca: Menos de 2.5,2.5,0.8683,0.6338,no_meter,1.222,0.3992376111817027,6.0,0,0.5
2026-09-26,liga_mx,Liga MX,Cruz Azul vs Toluca,7,False,Remates,remates,Local,Remates Local: Más de 12.5,12.5,0.5804,0.5804,no_meter,1.52,,6.0,1,4.5
2026-09-26,usl_championship,USL Championship,Detroit City FC vs Colorado Springs Switchbacks FC,1,True,Goles,goles,Total,Goles: Menos de 3.5,3.5,0.7888,0.7715,meter,1.222,0.7542236524537409,0.0,1,3.5
2026-09-26,usl_championship,USL Championship,Detroit City FC vs Colorado Springs Switchbacks FC,2,False,Goles equipo,goles_equipo,Local,Goles Detroit City FC: Más de 0.5,0.5,0.7817,0.825,no_meter,1.3,0.8682709005209625,0.0,0,0.5
2026-09-26,usl_championship,USL Championship,Detroit City FC vs Colorado Springs Switchbacks FC,3,False,Handicap,handicap,Total,Handicap: Detroit City FC -0.5,-0.5,0.8178,0.7178,no_meter,2.3,,0.0,0,0.5
2026-09-26,usl_championship,USL Championship,Detroit City FC vs Colorado Springs Switchbacks FC,4,False,BTTS,btts,Ambos marcan,Ambos marcan: No,,0.5008,0.4897,no_meter,1.833,0.5,0.0,1,
2026-09-26,usl_championship,USL Championship,Indy Eleven vs Miami FC,1,True,Goles,goles,Total,Goles: Menos de 4.5,4.5,0.7843,0.7559,meter,1.273,0.7275839931521506,2.0,1,2.5
2026-09-26,usl_championship,USL Championship,Indy Eleven vs Miami FC,2,False,BTTS,btts,Ambos marcan,Ambos marcan: Sí,,0.6267,0.6766,no_meter,1.455,0.636340914771307,2.0,0,
2026-09-26,usl_championship,USL Championship,Indy Eleven vs Miami FC,3,False,Handicap,handicap,Total,Handicap: Indy Eleven -0.5,-0.5,0.7649,0.6649,no_meter,1.667,,2.0,0,2.5
2026-09-26,usl_championship,USL Championship,Indy Eleven vs Miami FC,4,False,Goles equipo,goles_equipo,Visitante,Goles Miami FC: Menos de 1.5,1.5,0.7472,0.4598,no_meter,1.5,0.17240844196151459,2.0,0,0.5
2026-09-26,arg_primera_nacional,Primera Nacional,Colegiales vs Chacarita Juniors,1,True,Goles equipo,goles_equipo,Local,Goles Colegiales: Más de 0.5,0.5,0.7602,0.7877,meter,1.333,0.8152616990053807,3.0,1,1.5
2026-09-26,arg_primera_nacional,Primera Nacional,Colegiales vs Chacarita Juniors,2,False,Doble y goles,dc_goles,1X,Colegiales o empate y menos de 4.5,4.5,0.7582,0.8263,no_meter,1.2,0.9074410163339383,3.0,1,1.5
2026-09-26,arg_primera_nacional,Primera Nacional,Colegiales vs Chacarita Juniors,3,False,Goles,goles,Total,Goles: Menos de 2.5,2.5,0.6976,0.6889,no_meter,1.364,0.6801125703564727,3.0,0,0.5
2026-09-26,arg_primera_nacional,Primera Nacional,Colegiales vs Chacarita Juniors,4,False,BTTS,btts,Ambos marcan,Ambos marcan: No,,0.6326,0.6043,no_meter,1.5,0.6153846153846154,3.0,0,
2026-09-26,mex_expansion,Liga de Expansión MX,Venados FC vs Club Atlético Morelia,1,True,Goles,goles,Total,Goles: Menos de 4.5,4.5,0.7794,0.7743,meter,1.2,0.7692307692307692,3.0,1,1.5
2026-09-26,mex_expansion,Liga de Expansión MX,Venados FC vs Club Atlético Morelia,2,False,Córners,corners,Total,Córners: Menos de 11.5,11.5,0.6352,0.7169,no_meter,1.4,,3.0,0,3.5
2026-09-26,mex_expansion,Liga de Expansión MX,Venados FC vs Club Atlético Morelia,3,False,BTTS,btts,Ambos marcan,Ambos marcan: Sí,,0.6347,0.6766,no_meter,1.455,0.636340914771307,3.0,1,
2026-09-26,mex_expansion,Liga de Expansión MX,Venados FC vs Club Atlético Morelia,4,False,Doble oportunidad,resultado,Doble,Club Atlético Morelia o empate,,0.535,0.6538,no_meter,1.364,0.6725114137392296,3.0,0,
2026-09-26,mex_expansion,Liga de Expansión MX,Venados FC vs Club Atlético Morelia,5,False,Goles equipo,goles_equipo,Visitante,Goles Club Atlético Morelia: Menos de 2.5,2.5,0.8802,0.6426,no_meter,1.25,0.4049973971889641,3.0,1,1.5
2026-09-26,usl_championship,USL Championship,Charleston Battery vs Rhode Island FC,1,True,Goles,goles,Total,Goles: Menos de 3.5,3.5,0.7543,0.7409,meter,1.273,0.7275839931521506,2.0,1,1.5
2026-09-26,usl_championship,USL Championship,Charleston Battery vs Rhode Island FC,2,False,Goles equipo,goles_equipo,Local,Goles Charleston Battery: Más de 0.5,0.5,0.7764,0.8307,no_meter,1.25,0.8849557522123894,2.0,1,1.5
2026-09-26,usl_championship,USL Championship,Charleston Battery vs Rhode Island FC,3,False,Handicap,handicap,Total,Handicap: Rhode Island FC +0.5,0.5,0.7774,0.6774,no_meter,1.741,,2.0,0,1.5
2026-09-26,usl_championship,USL Championship,Charleston Battery vs Rhode Island FC,4,False,BTTS,btts,Ambos marcan,Ambos marcan: Sí,,0.5106,0.4985,no_meter,1.8,0.5135135135135135,2.0,0,
2026-09-26,liga_mx,Liga MX,Guadalajara Chivas vs Queretaro,1,True,Doble oportunidad,resultado,Resultado,Guadalajara Chivas o empate,,0.876,0.876,meter,1.167,0.8163,2.0,0,
2026-09-26,liga_mx,Liga MX,Guadalajara Chivas vs Queretaro,2,True,Goles,goles,Total,Goles: Más de 1.5,1.5,0.7905,0.7826,meter,1.222,0.7746219107340465,2.0,1,0.5
2026-09-26,liga_mx,Liga MX,Guadalajara Chivas vs Queretaro,3,False,Córners,corners,Total,Córners: Menos de 13,13.0,0.7931,0.7451,meter,1.3,,2.0,0,6.0
2026-09-26,liga_mx,Liga MX,Guadalajara Chivas vs Queretaro,4,False,Remates,remates,Total,Remates: Menos de 30.5,30.5,0.6217,0.6217,no_meter,1.615,,2.0,0,8.5
2026-09-26,liga_mx,Liga MX,Guadalajara Chivas vs Queretaro,5,False,Goles equipo,goles_equipo,Local,Goles Guadalajara Chivas: Menos de 2.5,2.5,0.8023,0.621,no_meter,1.385,0.43961727437289894,2.0,1,2.5
2026-09-26,liga_mx,Liga MX,Guadalajara Chivas vs Queretaro,6,False,Remates a puerta,remates_on,Local,Remates a puerta Local: Más de 5.5,5.5,0.6165,0.6165,no_meter,1.364,,2.0,0,0.5
2026-09-26,liga_mx,Liga MX,Guadalajara Chivas vs Queretaro,7,False,BTTS,btts,Ambos marcan,Ambos marcan: Sí,,0.548,0.5604,no_meter,1.741,0.5407544183592718,2.0,0,
2026-09-26,liga_mx,Liga MX,Guadalajara Chivas vs Queretaro,8,False,Tarjetas,tarjetas,Total,Tarjetas: Más de 3.5,3.5,0.5448,0.5448,no_meter,1.333,,2.0,0,3.5
2026-09-26,col_primera_a,Categoría Primera A,Cúcuta Deportivo vs Llaneros FC,1,True,Goles equipo,goles_equipo,Local,Goles Cúcuta Deportivo: Más de 0.5,0.5,0.7322,0.8,meter,1.286,0.8677327383165985,3.0,1,1.5
2026-09-26,col_primera_a,Categoría Primera A,Cúcuta Deportivo vs Llaneros FC,2,True,Goles,goles,Total,Goles: Menos de 3.5,3.5,0.7782,0.7602,meter,1.25,0.7422680412371133,3.0,1,0.5
2026-09-26,col_primera_a,Categoría Primera A,Cúcuta Deportivo vs Llaneros FC,3,False,Doble oportunidad,resultado,Doble,Cúcuta Deportivo o Llaneros FC,,0.685,0.7333,meter,1.32,,3.0,1,
2026-09-26,col_primera_a,Categoría Primera A,Cúcuta Deportivo vs Llaneros FC,4,False,Córners,corners,Total,Córners: Menos de 10.5,10.5,0.5294,0.6294,no_meter,1.455,,3.0,1,5.5
2026-09-26,col_primera_a,Categoría Primera A,Cúcuta Deportivo vs Llaneros FC,5,False,Remates a puerta,remates_on,Local,Remates a puerta Local: Menos de 4.5,4.5,0.5634,0.5634,no_meter,1.692,,3.0,1,1.5
2026-09-26,col_primera_a,Categoría Primera A,Cúcuta Deportivo vs Llaneros FC,6,False,BTTS,btts,Ambos marcan,Ambos marcan: Sí,,0.5021,0.4967,no_meter,1.8,0.5135135135135135,3.0,1,
2026-09-26,mls,MLS,CF Montreal vs FC Cincinnati,1,True,Goles,goles,Total,Goles: Menos de 4.5,4.5,0.7672,0.7548,meter,1.273,0.7423076923076923,4.0,1,0.5
2026-09-26,mls,MLS,CF Montreal vs FC Cincinnati,2,True,Córners,corners,Total,Córners: Menos de 13,13.0,0.8005,0.7451,meter,1.231,,4.0,1,3.0
2026-09-26,mls,MLS,CF Montreal vs FC Cincinnati,3,False,Doble y goles,dc_goles,1X,CF Montreal o empate y menos de 5.5,5.5,0.6826,0.722,no_meter,1.615,0.850752283718431,4.0,1,1.5
2026-09-26,mls,MLS,CF Montreal vs FC Cincinnati,4,False,BTTS,btts,Ambos marcan,Ambos marcan: Sí,,0.66,0.6864,no_meter,1.417,0.6558173427252854,4.0,1,
2026-09-26,mls,MLS,CF Montreal vs FC Cincinnati,5,False,Goles equipo,goles_equipo,Visitante,Goles FC Cincinnati: Menos de 2.5,2.5,0.8417,0.6022,no_meter,1.286,0.3627450980392157,4.0,1,1.5
2026-09-26,mls,MLS,CF Montreal vs FC Cincinnati,6,False,Remates a puerta,remates_on,Local,Remates a puerta Local: Más de 3.5,3.5,0.5948,0.5948,no_meter,1.333,,4.0,1,1.5
2026-09-26,mls,MLS,Charlotte vs Chicago Fire,1,True,Goles,goles,Total,Goles: Menos de 4.5,4.5,0.7661,0.7441,meter,1.308,0.7221750212404418,1.0,1,3.5
2026-09-26,mls,MLS,Charlotte vs Chicago Fire,2,True,Córners,corners,Total,Córners: Más de 7.5,7.5,0.7377,0.7411,meter,1.235,,1.0,1,2.5
2026-09-26,mls,MLS,Charlotte vs Chicago Fire,3,False,Doble y goles,dc_goles,1X,Charlotte o empate y menos de 5.5,5.5,0.6972,0.7168,no_meter,1.5,0.8363636363636364,1.0,0,4.5
2026-09-26,mls,MLS,Charlotte vs Chicago Fire,4,False,BTTS,btts,Ambos marcan,Ambos marcan: Sí,,0.6647,0.6949,no_meter,1.385,0.6729634002361276,1.0,0,
2026-09-26,mls,MLS,Charlotte vs Chicago Fire,5,False,Remates,remates,Local,Remates Local: Más de 12.5,12.5,0.5993,0.5993,no_meter,1.546,,1.0,0,1.5
2026-09-26,mls,MLS,Charlotte vs Chicago Fire,6,False,Remates a puerta,remates_on,Total,Remates a puerta: Más de 8.5,8.5,0.5968,0.5968,no_meter,1.429,,1.0,1,2.5
2026-09-26,mls,MLS,Charlotte vs Chicago Fire,7,False,Goles equipo,goles_equipo,Visitante,Goles Chicago Fire: Menos de 1.5,1.5,0.7135,0.4386,no_meter,1.769,0.16363636363636366,1.0,1,0.5
2026-09-26,mls,MLS,Atlanta Utd vs New York City,1,True,Goles,goles,Total,Goles: Más de 1.5,1.5,0.8096,0.7964,meter,1.2,0.7831194650280138,4.0,1,2.5
2026-09-26,mls,MLS,Atlanta Utd vs New York City,2,True,Córners,corners,Total,Córners: Más de 7,7.0,0.8456,0.7516,meter,1.25,,4.0,0,0.0
2026-09-26,mls,MLS,Atlanta Utd vs New York City,3,False,Tarjetas,tarjetas,Total,Tarjetas: Menos de 5.5,5.5,0.7378,0.7378,meter,1.333,,4.0,1,3.5
2026-09-26,mls,MLS,Atlanta Utd vs New York City,4,False,Goles equipo,goles_equipo,Local,Goles Atlanta Utd: Más de 0.5,0.5,0.7975,0.8559,no_meter,1.222,0.914380714879468,4.0,1,1.5
2026-09-26,mls,MLS,Atlanta Utd vs New York City,5,False,Doble y goles,dc_goles,12,Atlanta Utd o New York City y menos de 5.5,5.5,0.6861,0.8078,no_meter,1.32,0.8819314298313307,4.0,0,1.5
2026-09-26,mls,MLS,Atlanta Utd vs New York City,6,False,BTTS,btts,Ambos marcan,Ambos marcan: Sí,,0.625,0.6023,no_meter,1.526,0.6113092205807437,4.0,1,
2026-09-26,mls,MLS,Atlanta Utd vs New York City,7,False,Remates a puerta,remates_on,Local,Remates a puerta Local: Más de 3.5,3.5,0.5855,0.5855,no_meter,1.444,,4.0,1,1.5
2026-09-26,mls,MLS,Philadelphia Union vs Orlando City,1,True,Doble oportunidad,resultado,Resultado,Philadelphia Union o empate,,0.707,0.707,meter,1.177,0.8162,6.0,1,
2026-09-26,mls,MLS,Philadelphia Union vs Orlando City,2,True,Goles,goles,Total,Goles: Menos de 5.5,5.5,0.8103,0.7875,meter,1.231,0.7646721468170522,6.0,0,0.5
2026-09-26,mls,MLS,Philadelphia Union vs Orlando City,3,False,Tarjetas,tarjetas,Total,Tarjetas: Menos de 5.5,5.5,0.7791,0.7791,meter,1.3,,6.0,0,0.5
2026-09-26,mls,MLS,Philadelphia Union vs Orlando City,4,False,Córners,corners,Visita,Córners Visita: Menos de 4.5,4.5,0.7624,0.7451,meter,1.3,,6.0,0,2.5
2026-09-26,mls,MLS,Philadelphia Union vs Orlando City,5,False,Goles equipo,goles_equipo,Visitante,Goles Orlando City: Más de 0.5,0.5,0.739,0.739,meter,1.267,,6.0,1,1.5
2026-09-26,mls,MLS,Philadelphia Union vs Orlando City,6,False,Remates a puerta,remates_on,Visita,Remates a puerta Visita: Más de 2.5,2.5,0.7791,0.7791,no_meter,1.273,,6.0,0,0.5
2026-09-26,mls,MLS,Philadelphia Union vs Orlando City,7,False,BTTS,btts,Ambos marcan,Ambos marcan: Sí,,0.6657,0.7032,no_meter,1.357,0.6885471654808355,6.0,1,
2026-09-26,mls,MLS,Philadelphia Union vs Orlando City,8,False,Remates,remates,Visita,Remates Visita: Más de 8.5,8.5,0.6386,0.6386,no_meter,1.52,,6.0,1,2.5
2026-09-26,selecciones,International — UEFA Nations League,San Marino vs Finland,1,True,Goles,goles,Total,Goles: Menos de 4.5,4.5,0.7736,0.7524,meter,1.286,0.7312996239030507,7.0,0,2.5
2026-09-26,selecciones,International — UEFA Nations League,San Marino vs Finland,2,True,BTTS,btts,Ambos marcan,Ambos marcan: No,,0.7568,0.731,meter,1.303,0.7169237453834455,7.0,1,
2026-09-26,selecciones,International — UEFA Nations League,San Marino vs Finland,3,False,Doble y goles,dc_goles,12,San Marino o Finland y más de 2.5,2.5,0.7365,0.6933,no_meter,1.385,0.6459191087430372,7.0,1,4.5
2026-09-26,selecciones,International — UEFA Nations League,San Marino vs Finland,4,False,Goles equipo,goles_equipo,Local,Goles San Marino: Menos de 0.5,0.5,0.798,0.4326,no_meter,1.323,0.06728847435043304,7.0,1,0.5
2026-09-26,arg_primera_nacional,Primera Nacional,Almirante Brown vs Acassuso,1,True,Doble oportunidad,resultado,Resultado,Almirante Brown o empate,,0.792,0.792,meter,1.125,0.8571,1.0,0,
2026-09-26,arg_primera_nacional,Primera Nacional,Almirante Brown vs Acassuso,2,False,Goles equipo,goles_equipo,Local,Goles Almirante Brown: Más de 0.5,0.5,0.8146,0.8233,no_meter,1.25,0.8319467554076538,1.0,0,0.5
2026-09-26,arg_primera_nacional,Primera Nacional,Almirante Brown vs Acassuso,3,False,BTTS,btts,Ambos marcan,Ambos marcan: No,,0.6477,0.6766,no_meter,1.455,0.636340914771307,1.0,1,
2026-09-26,arg_primera_nacional,Primera Nacional,Almirante Brown vs Acassuso,4,False,Goles,goles,Total,Goles: Menos de 2.5,2.5,0.6896,0.6713,no_meter,1.417,0.6530362389813907,1.0,1,1.5
2026-09-26,selecciones,CAF - Africa Cup of Nations Qualifiers,South Africa vs Guinea,1,True,Doble oportunidad,resultado,Resultado,South Africa o empate,,0.784,0.784,meter,1.167,0.8151,3.0,1,
2026-09-26,selecciones,CAF - Africa Cup of Nations Qualifiers,South Africa vs Guinea,2,False,Goles equipo,goles_equipo,Local,Goles South Africa: Más de 0.5,0.5,0.8801,0.8636,no_meter,1.25,0.847098686997035,3.0,1,1.5
2026-09-26,selecciones,CAF - Africa Cup of Nations Qualifiers,South Africa vs Guinea,3,False,Goles,goles,Total,Goles: Más de 1.5,1.5,0.679,0.6577,no_meter,1.455,0.636340914771307,3.0,1,1.5
2026-09-26,selecciones,CAF - Africa Cup of Nations Qualifiers,South Africa vs Guinea,4,False,BTTS,btts,Ambos marcan,Ambos marcan: No,,0.5386,0.5791,no_meter,1.6,0.5789473684210527,3.0,0,
2026-09-26,selecciones,UEFA - Nations League A,Czech Republic vs Croatia,1,True,Goles,goles,Total,Goles: Más de 1.5,1.5,0.7845,0.7634,meter,1.273,0.7423076923076923,3.0,1,1.5
2026-09-26,selecciones,UEFA - Nations League A,Czech Republic vs Croatia,2,True,Doble oportunidad,resultado,Doble,Czech Republic o Croatia,,0.718,0.7389,meter,1.32,,3.0,1,
2026-09-26,selecciones,UEFA - Nations League A,Czech Republic vs Croatia,3,False,Goles equipo,goles_equipo,Visitante,Goles Croatia: Más de 0.5,0.5,0.8063,0.8506,no_meter,1.2,0.8949880668257757,3.0,1,1.5
2026-09-26,selecciones,UEFA - Nations League A,Czech Republic vs Croatia,4,False,BTTS,btts,Ambos marcan,Ambos marcan: Sí,,0.5625,0.5616,no_meter,1.741,0.5407544183592718,3.0,1,
2026-09-26,selecciones,CONCACAF - Nations League B,Saint Vincent and the Grenadines vs French Guiana,1,True,Goles,goles,Total,Goles: Más de 1.5,1.5,0.773,0.7636,meter,1.222,0.7542236524537409,3.0,1,1.5
2026-09-26,selecciones,CONCACAF - Nations League B,Saint Vincent and the Grenadines vs French Guiana,2,False,Doble oportunidad,resultado,Doble,Saint Vincent and the Grenadines o empate,,0.658,0.689,no_meter,1.375,0.6611258000986933,3.0,1,
2026-09-26,selecciones,CONCACAF - Nations League B,Saint Vincent and the Grenadines vs French Guiana,3,False,BTTS,btts,Ambos marcan,Ambos marcan: Sí,,0.5905,0.584,no_meter,1.571,0.5833996287456908,3.0,1,
2026-09-26,selecciones,CONCACAF - Nations League B,Saint Vincent and the Grenadines vs French Guiana,4,False,Goles equipo,goles_equipo,Visitante,Goles French Guiana: Menos de 1.5,1.5,0.6146,0.4302,no_meter,1.556,0.24577634754625904,3.0,1,0.5
2026-09-26,mex_femenil,Liga MX Femenil,Querétaro vs Atlas,1,False,Goles,goles,Total,Goles: Más de 1.5,1.5,0.8239,0.8035,no_meter,1.2,0.783001808318264,1.0,0,0.5
2026-09-26,mex_femenil,Liga MX Femenil,Querétaro vs Atlas,2,False,Doble oportunidad,resultado,Doble,Atlas o empate,,0.68,0.696,no_meter,1.42,0.661485033901108,1.0,1,
2026-09-27,selecciones,UEFA - Nations League A,Denmark vs Wales,1,True,Goles,goles,Total,Goles: Menos de 4.5,4.5,0.8,0.7873,meter,1.222,0.7746219107340465,2.0,1,2.5
2026-09-27,selecciones,UEFA - Nations League A,Denmark vs Wales,2,True,Córners,corners,Total,Córners: Menos de 12,12.0,0.7689,0.7451,meter,1.32,,2.0,1,6.0
2026-09-27,selecciones,UEFA - Nations League A,Denmark vs Wales,3,False,Doble y goles,dc_goles,1X,Denmark o empate y más de 1.5,1.5,0.7549,0.7733,no_meter,1.25,0.8014172431246837,2.0,1,0.5
2026-09-27,selecciones,UEFA - Nations League A,Denmark vs Wales,4,False,Tarjetas,tarjetas,Total,Tarjetas: Menos de 4.5,4.5,0.7169,0.7169,no_meter,1.4,,2.0,1,1.5
2026-09-27,selecciones,UEFA - Nations League A,Denmark vs Wales,5,False,Remates a puerta,remates_on,Total,Remates a puerta: Menos de 9.5,9.5,0.6185,0.6185,no_meter,1.571,,2.0,1,2.5
2026-09-27,selecciones,UEFA - Nations League A,Denmark vs Wales,6,False,Remates,remates,Total,Remates: Más de 24.5,24.5,0.5613,0.5613,no_meter,1.692,,2.0,1,5.5
2026-09-27,selecciones,UEFA - Nations League A,Denmark vs Wales,7,False,Goles equipo,goles_equipo,Visitante,Goles Wales: Menos de 1.5,1.5,0.8883,0.5434,no_meter,1.222,0.19858275687531635,2.0,1,1.5
2026-09-27,selecciones,UEFA - Nations League A,Denmark vs Wales,8,False,BTTS,btts,Ambos marcan,Ambos marcan: No,,0.5085,0.4814,no_meter,1.952,0.4797441364605543,2.0,1,
2026-09-27,selecciones,UEFA - Nations League A,Serbia vs Netherlands,1,True,Doble oportunidad,resultado,Resultado,Netherlands o empate,,0.869,0.869,meter,1.125,0.8664,3.0,1,
2026-09-27,selecciones,UEFA - Nations League A,Serbia vs Netherlands,2,True,Goles,goles,Total,Goles: Menos de 4.5,4.5,0.7935,0.773,meter,1.25,0.7524752475247526,3.0,1,1.5
2026-09-27,selecciones,UEFA - Nations League A,Serbia vs Netherlands,3,False,Córners,corners,Local,Córners Local: Menos de 4.5,4.5,0.7533,0.7451,meter,1.2,,3.0,1,1.5
2026-09-27,selecciones,UEFA - Nations League A,Serbia vs Netherlands,4,False,Remates a puerta,remates_on,Local,Remates a puerta Local: Más de 1.5,1.5,0.7508,0.7508,no_meter,1.25,,3.0,1,4.5
2026-09-27,selecciones,UEFA - Nations League A,Serbia vs Netherlands,5,False,Remates,remates,Local,Remates Local: Menos de 9.5,9.5,0.5825,0.5825,no_meter,1.615,,3.0,0,1.5
2026-09-27,selecciones,UEFA - Nations League A,Serbia vs Netherlands,6,False,Tarjetas,tarjetas,Total,Tarjetas: Más de 2.5,2.5,0.5804,0.5804,no_meter,1.333,,3.0,0,0.5
2026-09-27,selecciones,UEFA - Nations League A,Serbia vs Netherlands,7,False,BTTS,btts,Ambos marcan,Ambos marcan: Sí,,0.5332,0.5649,no_meter,1.714,0.550603041426324,3.0,1,
2026-09-27,selecciones,UEFA - Nations League A,Serbia vs Netherlands,8,False,Goles equipo,goles_equipo,Local,Goles Serbia: Menos de 1.5,1.5,0.8155,0.496,no_meter,1.267,0.17649783817171094,3.0,1,0.5
2026-09-27,selecciones,UEFA - Nations League B,Austria vs Kosovo,1,True,Doble oportunidad,resultado,Resultado,Austria o empate,,0.887,0.887,meter,1.154,0.8416,4.0,1,
2026-09-27,selecciones,UEFA - Nations League B,Austria vs Kosovo,2,True,Tarjetas,tarjetas,Total,Tarjetas: Más de 2.5,2.5,0.7605,0.7605,meter,1.25,,4.0,1,1.5
2026-09-27,selecciones,UEFA - Nations League B,Austria vs Kosovo,3,False,Córners,corners,Total,Córners: Menos de 11,11.0,0.8403,0.7493,meter,1.222,,4.0,1,5.0
2026-09-27,selecciones,UEFA - Nations League B,Austria vs Kosovo,4,False,Goles,goles,Total,Goles: Más de 1.5,1.5,0.7655,0.7484,meter,1.286,0.7312996239030507,4.0,1,2.5
2026-09-27,selecciones,UEFA - Nations League B,Austria vs Kosovo,5,False,Goles equipo,goles_equipo,Visitante,Goles Kosovo: Menos de 1.5,1.5,0.8055,0.5371,no_meter,1.2,0.26870037609694947,4.0,1,0.5
2026-09-27,selecciones,UEFA - Nations League B,Austria vs Kosovo,6,False,BTTS,btts,Ambos marcan,Ambos marcan: No,,0.5168,0.5027,no_meter,1.8,0.5202558635394456,4.0,0,
2026-09-27,selecciones,UEFA - Nations League A,Germany vs Greece,1,True,Doble oportunidad,resultado,Resultado,Germany o empate,,0.933,0.933,meter,1.133,0.8578,1.0,0,
2026-09-27,selecciones,UEFA - Nations League A,Germany vs Greece,2,True,Goles,goles,Total,Goles: Menos de 4.5,4.5,0.7927,0.7787,meter,1.231,0.7646721468170522,1.0,1,3.5
2026-09-27,selecciones,UEFA - Nations League A,Germany vs Greece,3,False,Córners,corners,Total,Córners: Más de 6.5,6.5,0.8245,0.7455,meter,1.222,,1.0,1,3.5
2026-09-27,selecciones,UEFA - Nations League A,Germany vs Greece,4,False,Remates a puerta,remates_on,Local,Remates a puerta Local: Más de 4.5,4.5,0.694,0.694,no_meter,1.35,,1.0,1,0.5
2026-09-27,selecciones,UEFA - Nations League A,Germany vs Greece,5,False,Tarjetas,tarjetas,Total,Tarjetas: Más de 2.5,2.5,0.6595,0.6595,no_meter,1.3,,1.0,1,2.5
2026-09-27,selecciones,UEFA - Nations League A,Germany vs Greece,6,False,Remates,remates,Total,Remates: Menos de 28.5,28.5,0.6176,0.6176,no_meter,1.546,,1.0,1,4.5
2026-09-27,selecciones,UEFA - Nations League A,Germany vs Greece,7,False,BTTS,btts,Ambos marcan,Ambos marcan: Sí,,0.5508,0.5719,no_meter,1.667,0.5632695834424941,1.0,0,
2026-09-27,selecciones,UEFA - Nations League A,Germany vs Greece,8,False,Goles equipo,goles_equipo,Visitante,Goles Greece: Menos de 1.5,1.5,0.8276,0.5084,no_meter,1.286,0.18923301443165236,1.0,1,0.5
2026-09-27,selecciones,UEFA - Nations League B,Israel vs Ireland,1,False,1X2,resultado,Resultado,Gana Ireland,,0.364,0.3576,no_meter,2.69,0.35442772927874244,3.0,1,
2026-09-27,selecciones,UEFA - Nations League A,Norway vs Portugal,1,True,Goles,goles,Total,Goles: Menos de 4.5,4.5,0.7679,0.7496,meter,1.286,0.7312996239030507,3.0,1,1.5
2026-09-27,selecciones,UEFA - Nations League A,Norway vs Portugal,2,True,Córners,corners,Local,Córners Local: Menos de 5.5,5.5,0.7136,0.7389,meter,1.333,,3.0,0,1.5
2026-09-27,selecciones,UEFA - Nations League A,Norway vs Portugal,3,False,Doble y goles,dc_goles,12,Norway o Portugal y menos de 5.5,5.5,0.6491,0.7838,no_meter,1.35,0.850752283718431,3.0,1,2.5
2026-09-27,selecciones,UEFA - Nations League A,Norway vs Portugal,4,False,BTTS,btts,Ambos marcan,Ambos marcan: Sí,,0.6417,0.6864,no_meter,1.417,0.6558173427252854,3.0,1,
2026-09-27,selecciones,UEFA - Nations League A,Norway vs Portugal,5,False,Goles equipo,goles_equipo,Local,Goles Norway: Menos de 2.5,2.5,0.8839,0.6233,no_meter,1.286,0.3627450980392157,3.0,1,1.5
2026-09-27,selecciones,UEFA - Nations League A,Norway vs Portugal,6,False,Tarjetas,tarjetas,Visita,Tarjetas Visita: Más de 1.5,1.5,0.5446,0.5446,no_meter,1.5,,3.0,1,4.5
2026-09-27,selecciones,UEFA - Nations League A,Norway vs Portugal,7,False,Remates a puerta,remates_on,Local,Remates a puerta Local: Más de 3.5,3.5,0.504,0.504,no_meter,1.429,,3.0,1,2.5
2026-09-26,selecciones,International - Friendlies,Mexico vs Colombia,1,True,Goles,goles,Total,Goles: Menos de 3.5,3.5,0.7532,0.7477,meter,1.25,0.7422680412371133,2.0,1,1.5
2026-09-26,selecciones,International - Friendlies,Mexico vs Colombia,2,False,Goles equipo,goles_equipo,Visitante,Goles Colombia: Más de 0.5,0.5,0.7927,0.8346,no_meter,1.333,0.8765778401122019,2.0,1,0.5
2026-09-26,selecciones,International - Friendlies,Mexico vs Colombia,3,False,Doble y goles,dc_goles,12,Mexico o Colombia y menos de 5.5,5.5,0.6511,0.8122,no_meter,1.25,0.9074410163339383,2.0,0,3.5
2026-09-26,selecciones,International - Friendlies,Mexico vs Colombia,4,False,BTTS,btts,Ambos marcan,Ambos marcan: Sí,,0.5285,0.494,no_meter,1.833,0.5,2.0,1,
2026-09-27,selecciones,UEFA - Nations League D,Gibraltar vs Andorra,1,True,Goles,goles,Total,Goles: Más de 0.5,0.5,0.8168,0.8,meter,1.2,0.7831194650280138,0.0,0,0.5
2026-09-27,selecciones,UEFA - Nations League D,Gibraltar vs Andorra,2,False,Goles equipo,goles_equipo,Local,Goles Gibraltar: Más de 0.5,0.5,0.7942,0.7887,no_meter,1.8,0.7831194650280138,0.0,0,0.5
2026-09-27,selecciones,UEFA - Nations League D,Gibraltar vs Andorra,3,False,Doble y goles,dc_goles,1X,Gibraltar o empate y menos de 3.5,3.5,0.5706,0.7328,no_meter,1.52,0.8819314298313307,0.0,1,3.5
2026-09-27,selecciones,UEFA - Nations League D,Gibraltar vs Andorra,4,False,BTTS,btts,Ambos marcan,Ambos marcan: No,,0.6447,0.6949,no_meter,1.385,0.6729634002361276,0.0,1,
2026-09-27,selecciones,UEFA - Nations League D,Lithuania vs Azerbaijan,1,False,Doble y goles,dc_goles,12,Lithuania o Azerbaijan y menos de 4.5,4.5,0.6021,0.8039,no_meter,1.364,0.9057971014492753,2.0,0,2.5
2026-09-27,selecciones,UEFA - Nations League D,Lithuania vs Azerbaijan,2,False,Goles equipo,goles_equipo,Local,Goles Lithuania: Más de 0.5,0.5,0.7451,0.7907,no_meter,1.357,0.8363636363636364,2.0,1,0.5
2026-09-27,selecciones,UEFA - Nations League D,Lithuania vs Azerbaijan,3,False,Goles,goles,Total,Goles: Más de 1.5,1.5,0.6469,0.6247,no_meter,1.583,0.6025608837559628,2.0,1,0.5
2026-09-27,selecciones,UEFA - Nations League D,Lithuania vs Azerbaijan,4,False,BTTS,btts,Ambos marcan,Ambos marcan: No,,0.5558,0.581,no_meter,1.625,0.5806451612903226,2.0,0,
2026-09-27,selecciones,International - Friendlies,Bolivia vs Paraguay,1,False,1X2,resultado,Resultado,Gana Paraguay,,0.6041,0.5925,no_meter,1.571,0.5924254666772758,2.0,1,
2026-09-26,slv_primera,Primera División,Luis Ángel Firpo vs Águila,1,True,Goles,goles,Total,Goles: Más de 1.5,1.5,0.7378,0.7245,meter,1.3,0.7111111111111111,2.0,1,0.5
2026-09-26,slv_primera,Primera División,Luis Ángel Firpo vs Águila,2,False,BTTS,btts,Ambos marcan,Ambos marcan: Sí,,0.5126,0.4988,no_meter,1.8,0.5135135135135135,2.0,0,
2026-09-26,uru_primera,Primera División,Montevideo City Torque vs Deportivo Maldonado,1,False,Handicap,handicap,Total,Handicap: Deportivo Maldonado +0.5,0.5,0.5811,0.584,no_meter,1.69,,2.0,1,2.5
2026-09-26,uru_primera,Primera División,Montevideo City Torque vs Deportivo Maldonado,2,False,Goles,goles,Total,Goles: Menos de 2.5,2.5,0.5204,0.5153,no_meter,1.833,0.5101549973276323,2.0,1,0.5
2026-09-26,mls,MLS,FC Dallas vs Los Angeles FC,1,False,Handicap,handicap,Total,Handicap: Los Angeles FC +0.5,0.5,0.5979,0.5889,no_meter,1.667,,1.0,0,0.5
2026-09-26,mls,MLS,FC Dallas vs Los Angeles FC,2,False,Goles,goles,Total,Goles: Más de 2.5,2.5,0.5186,0.5119,no_meter,1.87,0.5051600952632972,1.0,0,1.5
2026-09-26,mls,MLS,Seattle Sounders vs Minnesota United,1,True,Goles,goles,Total,Goles: Menos de 4.5,4.5,0.7842,0.7744,meter,1.231,0.7646721468170522,4.0,1,0.5
2026-09-26,mls,MLS,Seattle Sounders vs Minnesota United,2,True,Córners,corners,Total,Córners: Menos de 13,13.0,0.8209,0.7453,meter,1.273,,4.0,1,1.0
2026-09-26,mls,MLS,Seattle Sounders vs Minnesota United,3,False,Doble oportunidad,resultado,Doble,Seattle Sounders o empate,,0.6982,0.7201,meter,1.333,0.7013282670699578,4.0,1,
2026-09-26,mls,MLS,Seattle Sounders vs Minnesota United,4,False,Remates a puerta,remates_on,Local,Remates a puerta Local: Más de 3.5,3.5,0.7538,0.7538,no_meter,1.308,,4.0,1,4.5
2026-09-26,mls,MLS,Seattle Sounders vs Minnesota United,5,False,Remates,remates,Local,Remates Local: Más de 12.5,12.5,0.6239,0.6239,no_meter,1.53,,4.0,1,0.5
2026-09-26,mls,MLS,Seattle Sounders vs Minnesota United,6,False,BTTS,btts,Ambos marcan,Ambos marcan: Sí,,0.6349,0.6091,no_meter,1.5,0.625,4.0,1,
2026-09-26,mls,MLS,Seattle Sounders vs Minnesota United,7,False,Goles equipo,goles_equipo,Local,Goles Seattle Sounders: Menos de 2.5,2.5,0.8088,0.6011,no_meter,1.286,0.39332659251769464,4.0,0,0.5
2026-09-26,mls,MLS,Seattle Sounders vs Minnesota United,8,False,Tarjetas,tarjetas,Total,Tarjetas: Más de 2.5,2.5,0.5618,0.5618,no_meter,1.364,,4.0,1,1.5
2026-09-26,mls,MLS,Nashville SC vs Toronto FC,1,True,Córners,corners,Total,Córners: Menos de 12.5,12.5,0.8327,0.7459,meter,1.2,,2.0,1,0.5
2026-09-26,mls,MLS,Nashville SC vs Toronto FC,2,True,Goles,goles,Total,Goles: Menos de 4.5,4.5,0.7564,0.7393,meter,1.308,0.7221750212404418,2.0,1,2.5
2026-09-26,mls,MLS,Nashville SC vs Toronto FC,3,False,Handicap,handicap,Total,Handicap: Toronto FC +1.5,1.5,0.8872,0.7872,no_meter,1.8,,2.0,0,0.5
2026-09-26,mls,MLS,Nashville SC vs Toronto FC,4,False,Remates a puerta,remates_on,Local,Remates a puerta Local: Más de 4.5,4.5,0.6675,0.6675,no_meter,1.35,,2.0,1,6.5
2026-09-26,mls,MLS,Nashville SC vs Toronto FC,5,False,Tarjetas,tarjetas,Local,Tarjetas Local: Más de 1.5,1.5,0.6335,0.6335,no_meter,1.556,,2.0,0,0.5
2026-09-26,mls,MLS,Nashville SC vs Toronto FC,6,False,BTTS,btts,Ambos marcan,Ambos marcan: Sí,,0.556,0.5723,no_meter,1.667,0.5632695834424941,2.0,0,
2026-09-26,mls,MLS,Nashville SC vs Toronto FC,7,False,Goles equipo,goles_equipo,Local,Goles Nashville SC: Menos de 2.5,2.5,0.7375,0.5377,no_meter,1.714,0.3379049420666824,2.0,1,0.5
2026-09-26,usl_championship,USL Championship,San Antonio FC vs Tampa Bay Rowdies,1,True,Goles,goles,Total,Goles: Menos de 3.5,3.5,0.7568,0.7422,meter,1.273,0.7275839931521506,0.0,1,3.5
2026-09-26,usl_championship,USL Championship,San Antonio FC vs Tampa Bay Rowdies,2,False,Goles equipo,goles_equipo,Visitante,Goles Tampa Bay Rowdies: Más de 0.5,0.5,0.7809,0.8329,no_meter,1.25,0.8849557522123894,0.0,0,0.5
2026-09-26,usl_championship,USL Championship,San Antonio FC vs Tampa Bay Rowdies,3,False,Doble oportunidad,resultado,Doble,San Antonio FC o empate,,0.5888,0.582,no_meter,1.583,0.5799385926966867,0.0,1,
2026-09-26,usl_championship,USL Championship,San Antonio FC vs Tampa Bay Rowdies,4,False,BTTS,btts,Ambos marcan,Ambos marcan: Sí,,0.5121,0.4987,no_meter,1.8,0.5135135135135135,0.0,0,
2026-09-26,mls,MLS,Houston Dynamo vs Sporting Kansas City,1,True,Córners,corners,Total,Córners: Menos de 12,12.0,0.8413,0.7497,meter,1.231,,2.0,1,2.0
2026-09-26,mls,MLS,Houston Dynamo vs Sporting Kansas City,2,False,Doble y goles,dc_goles,12,Houston Dynamo o Sporting Kansas City y menos de 5.5,5.5,0.6965,0.8101,no_meter,1.267,0.8819314298313307,2.0,1,3.5
2026-09-26,mls,MLS,Houston Dynamo vs Sporting Kansas City,3,False,Goles,goles,Total,Goles: Menos de 4.5,4.5,0.8238,0.8035,no_meter,1.2,0.7831194650280138,2.0,1,2.5
2026-09-26,mls,MLS,Houston Dynamo vs Sporting Kansas City,4,False,Tarjetas,tarjetas,Total,Tarjetas: Más de 2.5,2.5,0.6941,0.6941,no_meter,1.333,,2.0,1,2.5
2026-09-26,mls,MLS,Houston Dynamo vs Sporting Kansas City,5,False,Remates a puerta,remates_on,Visita,Remates a puerta Visita: Menos de 4.5,4.5,0.5919,0.5919,no_meter,1.273,,2.0,1,0.5
2026-09-26,mls,MLS,Houston Dynamo vs Sporting Kansas City,6,False,BTTS,btts,Ambos marcan,Ambos marcan: Sí,,0.5845,0.5736,no_meter,1.667,0.5632695834424941,2.0,0,
2026-09-26,mls,MLS,Houston Dynamo vs Sporting Kansas City,7,False,Goles equipo,goles_equipo,Local,Goles Houston Dynamo: Menos de 2.5,2.5,0.7399,0.5718,no_meter,1.417,0.4036326942482341,2.0,1,2.5
2026-09-26,mls,MLS,Austin FC vs San Diego FC,1,True,Córners,corners,Total,Córners: Más de 7.5,7.5,0.8122,0.7451,meter,1.222,,6.0,0,2.5
2026-09-26,mls,MLS,Austin FC vs San Diego FC,2,False,Goles equipo,goles_equipo,Visitante,Goles San Diego FC: Más de 0.5,0.5,0.8401,0.8772,no_meter,1.2,0.914380714879468,6.0,1,2.5
2026-09-26,mls,MLS,Austin FC vs San Diego FC,3,False,Goles,goles,Total,Goles: Menos de 4.5,4.5,0.8228,0.803,no_meter,1.2,0.7831194650280138,6.0,0,1.5
2026-09-26,mls,MLS,Austin FC vs San Diego FC,4,False,Doble y goles,dc_goles,12,Austin FC o San Diego FC y menos de 5.5,5.5,0.6412,0.7994,no_meter,1.32,0.8819314298313307,6.0,0,0.5
2026-09-26,mls,MLS,Austin FC vs San Diego FC,5,False,Remates a puerta,remates_on,Local,Remates a puerta Local: Menos de 5.5,5.5,0.6915,0.6915,no_meter,1.417,,6.0,0,0.5
2026-09-26,mls,MLS,Austin FC vs San Diego FC,6,False,Remates,remates,Local,Remates Local: Menos de 13.5,13.5,0.6306,0.6306,no_meter,1.571,,6.0,1,0.5
2026-09-26,mls,MLS,Austin FC vs San Diego FC,7,False,Tarjetas,tarjetas,Total,Tarjetas: Más de 3.5,3.5,0.6209,0.6209,no_meter,1.364,,6.0,0,2.5
2026-09-26,mex_expansion,Liga de Expansión MX,Dorados de Sinaloa vs Durango,1,True,Goles,goles,Total,Goles: Más de 1.5,1.5,0.7644,0.7533,meter,1.25,0.7422680412371133,1.0,0,0.5
2026-09-26,mex_expansion,Liga de Expansión MX,Dorados de Sinaloa vs Durango,2,False,Goles equipo,goles_equipo,Local,Goles Dorados de Sinaloa: Más de 0.5,0.5,0.8317,0.8317,no_meter,1.222,,1.0,0,0.5
2026-09-26,mex_expansion,Liga de Expansión MX,Dorados de Sinaloa vs Durango,3,False,Córners,corners,Total,Córners: Menos de 10.5,10.5,0.6346,0.7169,no_meter,1.455,,1.0,0,1.5
2026-09-26,mex_expansion,Liga de Expansión MX,Dorados de Sinaloa vs Durango,4,False,Doble oportunidad,resultado,Doble,Durango o empate,,0.525,0.5914,no_meter,1.52,0.6035963008480855,1.0,1,
2026-09-26,mex_expansion,Liga de Expansión MX,Dorados de Sinaloa vs Durango,5,False,BTTS,btts,Ambos marcan,Ambos marcan: Sí,,0.5677,0.5703,no_meter,1.667,0.5574727900185825,1.0,0,
2026-09-26,usl_championship,USL Championship,New Mexico United vs Sacramento Republic FC,1,True,Goles,goles,Total,Goles: Más de 1.5,1.5,0.7531,0.7477,meter,1.25,0.7422680412371133,5.0,1,3.5
2026-09-26,usl_championship,USL Championship,New Mexico United vs Sacramento Republic FC,2,False,Goles equipo,goles_equipo,Visitante,Goles Sacramento Republic FC: Menos de 2.5,2.5,0.8891,0.6878,no_meter,1.222,0.4864864864864864,5.0,0,0.5
2026-09-26,usl_championship,USL Championship,New Mexico United vs Sacramento Republic FC,3,False,Handicap,handicap,Total,Handicap: New Mexico United +0.5,0.5,0.5056,0.5785,no_meter,1.769,,5.0,0,0.5
2026-09-26,usl_championship,USL Championship,New Mexico United vs Sacramento Republic FC,4,False,BTTS,btts,Ambos marcan,Ambos marcan: Sí,,0.5384,0.5629,no_meter,1.7,0.5466666666666666,5.0,1,
2026-09-26,col_primera_a,Categoría Primera A,Atlético Junior vs Independiente Medellín,1,True,Goles,goles,Total,Goles: Más de 1.5,1.5,0.743,0.7426,meter,1.25,0.7422680412371133,2.0,1,0.5
2026-09-26,col_primera_a,Categoría Primera A,Atlético Junior vs Independiente Medellín,2,True,Doble oportunidad,resultado,Doble,Atlético Junior o Independiente Medellín,,0.692,0.7362,meter,1.3,,2.0,1,
2026-09-26,col_primera_a,Categoría Primera A,Atlético Junior vs Independiente Medellín,3,False,Córners,corners,Total,Córners: Más de 7.5,7.5,0.659,0.7169,no_meter,1.4,,2.0,1,0.5
2026-09-26,col_primera_a,Categoría Primera A,Atlético Junior vs Independiente Medellín,4,False,BTTS,btts,Ambos marcan,Ambos marcan: Sí,,0.5382,0.5683,no_meter,1.667,0.5574727900185825,2.0,0,
2026-09-26,col_primera_a,Categoría Primera A,Atlético Junior vs Independiente Medellín,5,False,Remates a puerta,remates_on,Visita,Remates a puerta Visita: Más de 3.5,3.5,0.5489,0.5489,no_meter,1.636,,2.0,1,0.5
2026-09-26,col_primera_a,Categoría Primera A,Atlético Junior vs Independiente Medellín,6,False,Goles equipo,goles_equipo,Local,Goles Atlético Junior: Menos de 1.5,1.5,0.7172,0.4875,no_meter,1.6,0.25773195876288657,2.0,0,0.5
2026-09-26,mls,MLS,Real Salt Lake vs New England Revolution,1,True,Goles,goles,Total,Goles: Menos de 4.5,4.5,0.8091,0.7869,meter,1.231,0.7646721468170522,3.0,1,1.5
2026-09-26,mls,MLS,Real Salt Lake vs New England Revolution,2,True,Tarjetas,tarjetas,Total,Tarjetas: Más de 2.5,2.5,0.7607,0.7607,meter,1.3,,3.0,1,1.5
2026-09-26,mls,MLS,Real Salt Lake vs New England Revolution,3,False,Córners,corners,Total,Córners: Más de 8,8.0,0.8066,0.7451,meter,1.333,,3.0,1,4.0
2026-09-26,mls,MLS,Real Salt Lake vs New England Revolution,4,False,Doble y goles,dc_goles,1X,Real Salt Lake o empate y menos de 5.5,5.5,0.6373,0.7957,no_meter,1.4,0.8744316194473591,3.0,1,2.5
2026-09-26,mls,MLS,Real Salt Lake vs New England Revolution,5,False,Remates a puerta,remates_on,Local,Remates a puerta Local: Más de 3.5,3.5,0.6325,0.6325,no_meter,1.32,,3.0,1,2.5
2026-09-26,mls,MLS,Real Salt Lake vs New England Revolution,6,False,Goles equipo,goles_equipo,Local,Goles Real Salt Lake: Menos de 2.5,2.5,0.8394,0.6164,no_meter,1.286,0.39332659251769464,3.0,0,0.5
2026-09-26,mls,MLS,Real Salt Lake vs New England Revolution,7,False,BTTS,btts,Ambos marcan,Ambos marcan: Sí,,0.6357,0.6091,no_meter,1.5,0.625,3.0,0,
2026-09-26,mls,MLS,Real Salt Lake vs New England Revolution,8,False,Remates,remates,Total,Remates: Menos de 28.5,28.5,0.5875,0.5875,no_meter,1.538,,3.0,1,3.5
2026-09-26,usl_championship,USL Championship,Orange County SC vs Pittsburgh Riverhounds,1,False,Goles,goles,Total,Goles: Más de 1.5,1.5,0.6771,0.6684,no_meter,1.4,0.6596985901798735,1.0,0,0.5
2026-09-26,usl_championship,USL Championship,Orange County SC vs Pittsburgh Riverhounds,2,False,Handicap,handicap,Total,Handicap: Orange County SC +0.5,0.5,0.6213,0.5932,no_meter,1.541,,1.0,1,1.5
2026-09-26,usl_championship,USL Championship,Orange County SC vs Pittsburgh Riverhounds,3,False,BTTS,btts,Ambos marcan,Ambos marcan: No,,0.5222,0.5531,no_meter,1.75,0.527027027027027,1.0,1,
2026-09-26,usl_championship,USL Championship,Orange County SC vs Pittsburgh Riverhounds,4,False,Goles equipo,goles_equipo,Visitante,Goles Pittsburgh Riverhounds: Menos de 1.5,1.5,0.7357,0.538,no_meter,1.455,0.34030140982012635,1.0,1,1.5
2026-09-26,slv_primera,Primera División,Isidro Metapán vs Cacahuatique,1,True,Goles,goles,Total,Goles: Menos de 3.5,3.5,0.7477,0.7346,meter,1.286,0.7215847586057588,2.0,1,1.5
2026-09-26,slv_primera,Primera División,Isidro Metapán vs Cacahuatique,2,False,1X2,resultado,Resultado,Gana Isidro Metapán,,0.627,0.6705,no_meter,1.444,0.6241597849049356,2.0,1,
2026-09-26,slv_primera,Primera División,Isidro Metapán vs Cacahuatique,3,False,BTTS,btts,Ambos marcan,Ambos marcan: No,,0.5572,0.5695,no_meter,1.667,0.5574727900185825,2.0,1,
2026-09-26,usl_championship,USL Championship,Monterey Bay vs Lexington,1,True,Goles,goles,Total,Goles: Más de 1.5,1.5,0.7823,0.7758,meter,1.2,0.7692307692307692,5.0,1,3.5
2026-09-26,usl_championship,USL Championship,Monterey Bay vs Lexington,2,True,Doble oportunidad,resultado,Doble,Lexington o empate,,0.692,0.7209,meter,1.3,0.7055616892078388,5.0,1,
2026-09-26,usl_championship,USL Championship,Monterey Bay vs Lexington,3,False,Goles equipo,goles_equipo,Visitante,Goles Lexington: Menos de 2.5,2.5,0.8056,0.6241,no_meter,1.25,0.44252720998141765,5.0,0,0.5
2026-09-26,usl_championship,USL Championship,Monterey Bay vs Lexington,4,False,BTTS,btts,Ambos marcan,Ambos marcan: Sí,,0.5928,0.5824,no_meter,1.6,0.5789473684210527,5.0,1,
2026-09-26,usl_championship,USL Championship,Oakland Roots vs Phoenix Rising FC,1,True,Goles,goles,Total,Goles: Más de 1.5,1.5,0.7793,0.7743,meter,1.2,0.7692307692307692,3.0,1,1.5
2026-09-26,usl_championship,USL Championship,Oakland Roots vs Phoenix Rising FC,2,True,Goles equipo,goles_equipo,Local,Goles Oakland Roots: Más de 0.5,0.5,0.7189,0.7189,meter,1.2,,3.0,1,2.5
2026-09-26,usl_championship,USL Championship,Oakland Roots vs Phoenix Rising FC,3,False,Doble oportunidad,resultado,Doble,Oakland Roots o empate,,0.6885,0.6951,no_meter,1.4,0.655415831099564,3.0,1,
2026-09-26,usl_championship,USL Championship,Oakland Roots vs Phoenix Rising FC,4,False,BTTS,btts,Ambos marcan,Ambos marcan: Sí,,0.5795,0.5895,no_meter,1.556,0.595002602811036,3.0,0,
2026-09-26,mls,MLS,San Jose Earthquakes vs Portland Timbers,1,True,Córners,corners,Total,Córners: Menos de 12,12.0,0.7703,0.7451,meter,1.3,,4.0,0,2.0
2026-09-26,mls,MLS,San Jose Earthquakes vs Portland Timbers,2,True,Doble oportunidad,resultado,Doble,San Jose Earthquakes o empate,,0.7376,0.7299,meter,1.3,0.7186858316221766,4.0,1,
2026-09-26,mls,MLS,San Jose Earthquakes vs Portland Timbers,3,False,BTTS,btts,Ambos marcan,Ambos marcan: Sí,,0.6956,0.7186,meter,1.333,0.6993006993006993,4.0,1,
2026-09-26,mls,MLS,San Jose Earthquakes vs Portland Timbers,4,False,Goles,goles,Total,Goles: Menos de 4.5,4.5,0.7195,0.697,no_meter,1.4,0.6744186046511629,4.0,1,0.5
2026-09-26,mls,MLS,San Jose Earthquakes vs Portland Timbers,5,False,Remates a puerta,remates_on,Visita,Remates a puerta Visita: Menos de 5.5,5.5,0.6806,0.6806,no_meter,1.4,,4.0,0,0.5
2026-09-26,mls,MLS,San Jose Earthquakes vs Portland Timbers,6,False,Tarjetas,tarjetas,Local,Tarjetas Local: Más de 1.5,1.5,0.6335,0.6335,no_meter,1.5,,4.0,1,0.5
2026-09-26,mls,MLS,San Jose Earthquakes vs Portland Timbers,7,False,Remates,remates,Visita,Remates Visita: Más de 11.5,11.5,0.5903,0.5903,no_meter,1.667,,4.0,1,6.5
2026-09-26,mls,MLS,San Jose Earthquakes vs Portland Timbers,8,False,Goles equipo,goles_equipo,Visitante,Goles Portland Timbers: Menos de 2.5,2.5,0.8459,0.5732,no_meter,1.222,0.30046739372357,4.0,1,1.5
2026-09-26,mls,MLS,Los Angeles Galaxy vs Colorado Rapids,1,False,Goles,goles,Total,Goles: Más de 2.5,2.5,0.5629,0.5759,no_meter,1.606,0.5888376856118791,5.0,1,2.5
2026-09-26,mls,MLS,Vancouver Whitecaps vs DC United,1,True,1X2,resultado,Resultado,Gana Vancouver Whitecaps,,0.6885,0.749,meter,1.25,0.763271162123386,6.0,0,
2026-09-26,mls,MLS,Vancouver Whitecaps vs DC United,2,True,Córners,corners,Total,Córners: Menos de 12.5,12.5,0.7328,0.7393,meter,1.312,,6.0,0,4.5
2026-09-26,mls,MLS,Vancouver Whitecaps vs DC United,3,False,Remates a puerta,remates_on,Visita,Remates a puerta Visita: Más de 1.5,1.5,0.697,0.697,no_meter,1.25,,6.0,1,6.5
2026-09-26,mls,MLS,Vancouver Whitecaps vs DC United,4,False,Goles,goles,Total,Goles: Más de 2.5,2.5,0.678,0.6888,no_meter,1.35,0.6995326062764299,6.0,1,3.5
2026-09-26,mls,MLS,Vancouver Whitecaps vs DC United,5,False,Tarjetas,tarjetas,Total,Tarjetas: Más de 3.5,3.5,0.602,0.602,no_meter,1.5,,6.0,0,2.5
2026-09-26,mls,MLS,Vancouver Whitecaps vs DC United,6,False,BTTS,btts,Ambos marcan,Ambos marcan: Sí,,0.5452,0.5652,no_meter,1.714,0.550603041426324,6.0,1,
2026-09-26,mls,MLS,Vancouver Whitecaps vs DC United,7,False,Remates,remates,Visita,Remates Visita: Más de 6.5,6.5,0.564,0.564,no_meter,1.455,,6.0,1,14.5
2026-09-26,mls,MLS,Vancouver Whitecaps vs DC United,8,False,Goles equipo,goles_equipo,Local,Goles Vancouver Whitecaps: Menos de 2.5,2.5,0.8073,0.5539,no_meter,1.952,0.30046739372357,6.0,0,0.5
2026-09-26,liga_mx,Liga MX,Santos Laguna vs Pachuca,1,True,Goles,goles,Total,Goles: Más de 1.5,1.5,0.7929,0.788,meter,1.2,0.7831194650280138,1.0,0,0.5
2026-09-26,liga_mx,Liga MX,Santos Laguna vs Pachuca,2,True,Doble oportunidad,resultado,Doble,Santos Laguna o Pachuca,,0.7274,0.7389,meter,1.3,,1.0,1,
2026-09-26,liga_mx,Liga MX,Santos Laguna vs Pachuca,3,False,Córners,corners,Total,Córners: Más de 8.5,8.5,0.7474,0.7447,no_meter,1.364,,1.0,1,6.5
2026-09-26,liga_mx,Liga MX,Santos Laguna vs Pachuca,4,False,Remates a puerta,remates_on,Visita,Remates a puerta Visita: Más de 3.5,3.5,0.7269,0.7269,no_meter,1.35,,1.0,0,3.5
2026-09-26,liga_mx,Liga MX,Santos Laguna vs Pachuca,5,False,Goles equipo,goles_equipo,Visitante,Goles Pachuca: Menos de 2.5,2.5,0.8812,0.6571,no_meter,1.25,0.4329896907216495,1.0,1,2.5
2026-09-26,liga_mx,Liga MX,Santos Laguna vs Pachuca,6,False,Remates,remates,Visita,Remates Visita: Más de 13.5,13.5,0.6068,0.6068,no_meter,1.538,,1.0,0,2.5
2026-09-26,liga_mx,Liga MX,Santos Laguna vs Pachuca,7,False,Tarjetas,tarjetas,Total,Tarjetas: Más de 3.5,3.5,0.6018,0.6018,no_meter,1.222,,1.0,0,3.5
2026-09-26,liga_mx,Liga MX,Santos Laguna vs Pachuca,8,False,BTTS,btts,Ambos marcan,Ambos marcan: Sí,,0.5989,0.5956,no_meter,1.556,0.6016385048643113,1.0,0,
2026-09-26,liga_mx,Liga MX,Tigres UANL vs Puebla,1,True,Córners,corners,Visita,Córners Visita: Más de 2.5,2.5,0.8192,0.7453,meter,1.222,,1.0,0,2.5
2026-09-26,liga_mx,Liga MX,Tigres UANL vs Puebla,2,True,Goles,goles,Total,Goles: Más de 1.5,1.5,0.7528,0.742,meter,1.286,0.7312996239030507,1.0,0,0.5
2026-09-26,liga_mx,Liga MX,Tigres UANL vs Puebla,3,False,Doble y goles,dc_goles,12,Tigres UANL o Puebla y menos de 5.5,5.5,0.6585,0.7169,no_meter,1.231,,1.0,1,4.5
2026-09-26,liga_mx,Liga MX,Tigres UANL vs Puebla,4,False,Remates a puerta,remates_on,Visita,Remates a puerta Visita: Más de 2.5,2.5,0.6817,0.6817,no_meter,1.364,,1.0,0,1.5
2026-09-26,liga_mx,Liga MX,Tigres UANL vs Puebla,5,False,Goles equipo,goles_equipo,Local,Goles Tigres UANL: Menos de 2.5,2.5,0.8487,0.6734,no_meter,1.303,0.4981732776617955,1.0,1,1.5
2026-09-26,liga_mx,Liga MX,Tigres UANL vs Puebla,6,False,Remates,remates,Visita,Remates Visita: Más de 9.5,9.5,0.6063,0.6063,no_meter,1.538,,1.0,1,0.5
2026-09-26,liga_mx,Liga MX,Tigres UANL vs Puebla,7,False,Tarjetas,tarjetas,Total,Tarjetas: Más de 2.5,2.5,0.5623,0.5623,no_meter,1.2,,1.0,0,2.5
2026-09-26,liga_mx,Liga MX,Tigres UANL vs Puebla,8,False,BTTS,btts,Ambos marcan,Ambos marcan: Sí,,0.5058,0.4855,no_meter,1.952,0.48927263212977506,1.0,0,
2026-09-27,esp_hypermotion,LaLiga Hypermotion,Valladolid vs Cordoba,1,True,Goles,goles,Total,Goles: Más de 1.5,1.5,0.7672,0.7565,meter,1.25,0.7457799471222291,4.0,1,2.5
2026-09-27,esp_hypermotion,LaLiga Hypermotion,Valladolid vs Cordoba,2,False,Goles equipo,goles_equipo,Local,Goles Valladolid: Más de 0.5,0.5,0.8104,0.8534,no_meter,1.222,0.896414342629482,4.0,1,2.5
2026-09-27,esp_hypermotion,LaLiga Hypermotion,Valladolid vs Cordoba,3,False,Doble y goles,dc_goles,1X,Valladolid o empate y menos de 5.5,5.5,0.7337,0.818,no_meter,1.35,0.896414342629482,4.0,1,1.5
2026-09-27,esp_hypermotion,LaLiga Hypermotion,Valladolid vs Cordoba,4,False,Remates a puerta,remates_on,Visita,Remates a puerta Visita: Menos de 5.5,5.5,0.7471,0.7471,no_meter,1.333,,4.0,1,1.5
2026-09-27,esp_hypermotion,LaLiga Hypermotion,Valladolid vs Cordoba,5,False,Tarjetas,tarjetas,Total,Tarjetas: Menos de 6.5,6.5,0.6749,0.6749,no_meter,1.455,,4.0,1,0.5
2026-09-27,esp_hypermotion,LaLiga Hypermotion,Valladolid vs Cordoba,6,False,Remates,remates,Visita,Remates Visita: Menos de 13.5,13.5,0.6606,0.6606,no_meter,1.5,,4.0,0,2.5
2026-09-27,esp_hypermotion,LaLiga Hypermotion,Valladolid vs Cordoba,7,False,BTTS,btts,Ambos marcan,Ambos marcan: Sí,,0.5546,0.5739,no_meter,1.645,0.5665349143610012,4.0,1,
2026-09-27,ned_eerste,Eerste Divisie,De Graafschap vs FC Den Bosch,1,True,Goles,goles,Total,Goles: Menos de 5.5,5.5,0.7905,0.7664,meter,1.25,0.7422680412371133,1.0,1,4.5
2026-09-27,ned_eerste,Eerste Divisie,De Graafschap vs FC Den Bosch,2,True,BTTS,btts,Ambos marcan,Ambos marcan: Sí,,0.731,0.7466,meter,1.222,0.7542236524537409,1.0,0,
2026-09-27,ned_eerste,Eerste Divisie,De Graafschap vs FC Den Bosch,3,False,Doble y goles,dc_goles,12,De Graafschap o FC Den Bosch y menos de 6.5,6.5,0.746,0.7956,no_meter,1.364,0.847098686997035,1.0,1,5.5
2026-09-27,ned_eerste,Eerste Divisie,De Graafschap vs FC Den Bosch,4,False,Goles equipo,goles_equipo,Visitante,Goles FC Den Bosch: Menos de 2.5,2.5,0.8745,0.5601,no_meter,1.4,0.24577634754625904,1.0,1,2.5
2026-09-27,bra_serie_b,Brasileirão Série B,Criciúma vs Avaí,1,True,Doble oportunidad,resultado,Resultado,Criciúma o empate,,0.832,0.832,meter,1.125,0.8527,3.0,1,
2026-09-27,bra_serie_b,Brasileirão Série B,Criciúma vs Avaí,2,False,Goles equipo,goles_equipo,Local,Goles Criciúma: Más de 0.5,0.5,0.777,0.8145,no_meter,1.222,0.8520113009551997,3.0,1,2.5
2026-09-27,bra_serie_b,Brasileirão Série B,Criciúma vs Avaí,3,False,Remates a puerta,remates_on,Visita,Remates a puerta Visita: Más de 1.5,1.5,0.696,0.696,no_meter,1.231,,3.0,0,1.5
2026-09-27,bra_serie_b,Brasileirão Série B,Criciúma vs Avaí,4,False,Córners,corners,Total,Córners: Más de 8.5,8.5,0.5849,0.6849,no_meter,1.222,,3.0,0,1.5
2026-09-27,bra_serie_b,Brasileirão Série B,Criciúma vs Avaí,5,False,Goles,goles,Total,Goles: Menos de 2.5,2.5,0.6421,0.6336,no_meter,1.5,0.625,3.0,0,0.5
2026-09-27,bra_serie_b,Brasileirão Série B,Criciúma vs Avaí,6,False,BTTS,btts,Ambos marcan,Ambos marcan: No,,0.6139,0.6091,no_meter,1.5,0.625,3.0,1,
2026-09-27,uru_primera,Primera División,Central Español Fútbol Club vs Liverpool,1,True,Goles,goles,Total,Goles: Menos de 3.5,3.5,0.8025,0.7842,meter,1.222,0.7659900421294522,3.0,1,0.5
2026-09-27,uru_primera,Primera División,Central Español Fútbol Club vs Liverpool,2,True,Córners,corners,Total,Córners: Más de 7.5,7.5,0.6193,0.7169,meter,1.3,,3.0,1,8.5
2026-09-27,uru_primera,Primera División,Central Español Fútbol Club vs Liverpool,3,False,Doble y goles,dc_goles,12,Central Español Fútbol Club o Liverpool y menos de 5.5,5.5,0.7166,0.827,no_meter,1.25,0.9151414309484193,3.0,1,2.5
2026-09-27,uru_primera,Primera División,Central Español Fútbol Club vs Liverpool,4,False,BTTS,btts,Ambos marcan,Ambos marcan: No,,0.5334,0.5589,no_meter,1.714,0.5385029617662898,3.0,0,
2026-09-27,uru_primera,Primera División,Central Español Fútbol Club vs Liverpool,5,False,Goles equipo,goles_equipo,Local,Goles Central Español Fútbol Club: Menos de 1.5,1.5,0.777,0.5517,no_meter,1.222,0.3264969354078265,3.0,1,0.5
2026-09-27,esp_hypermotion,LaLiga Hypermotion,Mallorca vs Almeria,1,True,Tarjetas,tarjetas,Total,Tarjetas: Más de 3.5,3.5,0.7382,0.7382,meter,1.333,,1.0,1,5.5
2026-09-27,esp_hypermotion,LaLiga Hypermotion,Mallorca vs Almeria,2,True,Goles,goles,Total,Goles: Menos de 3.5,3.5,0.758,0.7355,meter,1.308,0.7130320315928038,1.0,1,2.5
2026-09-27,esp_hypermotion,LaLiga Hypermotion,Mallorca vs Almeria,3,False,Doble oportunidad,resultado,Doble,Mallorca o Almeria,,0.6693,0.721,meter,1.3,,1.0,1,
2026-09-27,esp_hypermotion,LaLiga Hypermotion,Mallorca vs Almeria,4,False,Goles equipo,goles_equipo,Local,Goles Mallorca: Menos de 2.5,2.5,0.8438,0.6789,no_meter,1.2,0.5140336808340016,1.0,1,2.5
2026-09-27,esp_hypermotion,LaLiga Hypermotion,Mallorca vs Almeria,5,False,Remates a puerta,remates_on,Local,Remates a puerta Local: Más de 3.5,3.5,0.6147,0.6147,no_meter,1.364,,1.0,1,1.5
2026-09-27,esp_hypermotion,LaLiga Hypermotion,Mallorca vs Almeria,6,False,Córners,corners,Total,Córners: Más de 7.5,7.5,0.5129,0.6129,no_meter,1.286,,1.0,1,0.5
2026-09-27,esp_hypermotion,LaLiga Hypermotion,Mallorca vs Almeria,7,False,BTTS,btts,Ambos marcan,Ambos marcan: Sí,,0.5234,0.5539,no_meter,1.741,0.52856756024912,1.0,0,
2026-09-27,esp_hypermotion,LaLiga Hypermotion,Burgos vs Eldense,1,True,Goles,goles,Total,Goles: Menos de 3.5,3.5,0.7875,0.7826,meter,1.2,0.7777777777777778,1.0,1,2.5
2026-09-27,esp_hypermotion,LaLiga Hypermotion,Burgos vs Eldense,2,True,Doble oportunidad,resultado,Doble,Burgos o Eldense,,0.693,0.7367,meter,1.32,,1.0,1,
2026-09-27,esp_hypermotion,LaLiga Hypermotion,Burgos vs Eldense,3,False,Goles equipo,goles_equipo,Local,Goles Burgos: Más de 0.5,0.5,0.7881,0.8242,no_meter,1.286,0.8602580645161292,1.0,1,0.5
2026-09-27,esp_hypermotion,LaLiga Hypermotion,Burgos vs Eldense,4,False,Córners,corners,Total,Córners: Menos de 10.5,10.5,0.5965,0.6965,no_meter,1.364,,1.0,1,3.5
2026-09-27,esp_hypermotion,LaLiga Hypermotion,Burgos vs Eldense,5,False,Tarjetas,tarjetas,Total,Tarjetas: Más de 3.5,3.5,0.6696,0.6696,no_meter,1.364,,1.0,1,1.5
2026-09-27,esp_hypermotion,LaLiga Hypermotion,Burgos vs Eldense,6,False,Remates a puerta,remates_on,Total,Remates a puerta: Menos de 9.5,9.5,0.6663,0.6663,no_meter,1.417,,1.0,1,3.5
2026-09-27,esp_hypermotion,LaLiga Hypermotion,Burgos vs Eldense,7,False,Remates,remates,Total,Remates: Menos de 26.5,26.5,0.578,0.578,no_meter,1.571,,1.0,1,9.5
2026-09-27,esp_hypermotion,LaLiga Hypermotion,Burgos vs Eldense,8,False,BTTS,btts,Ambos marcan,Ambos marcan: No,,0.5173,0.5491,no_meter,1.769,0.5190320826536162,1.0,1,
2026-09-27,esp_hypermotion,LaLiga Hypermotion,Eibar vs Las Palmas,1,True,Doble oportunidad,resultado,Resultado,Eibar o empate,,0.76,0.76,meter,1.167,0.8105,5.0,1,
2026-09-27,esp_hypermotion,LaLiga Hypermotion,Eibar vs Las Palmas,2,True,Goles,goles,Total,Goles: Más de 1.5,1.5,0.7642,0.7571,meter,1.25,0.75,5.0,1,3.5
2026-09-27,esp_hypermotion,LaLiga Hypermotion,Eibar vs Las Palmas,3,False,Córners,corners,Total,Córners: Menos de 10.5,10.5,0.7267,0.7389,no_meter,1.364,,5.0,1,3.5
2026-09-27,esp_hypermotion,LaLiga Hypermotion,Eibar vs Las Palmas,4,False,Tarjetas,tarjetas,Total,Tarjetas: Menos de 5.5,5.5,0.7337,0.7337,no_meter,1.364,,5.0,0,0.5
2026-09-27,esp_hypermotion,LaLiga Hypermotion,Eibar vs Las Palmas,5,False,Goles equipo,goles_equipo,Local,Goles Eibar: Menos de 2.5,2.5,0.8774,0.6727,no_meter,1.3,0.4680851063829787,5.0,0,0.5
2026-09-27,esp_hypermotion,LaLiga Hypermotion,Eibar vs Las Palmas,6,False,Remates,remates,Local,Remates Local: Más de 13.5,13.5,0.6178,0.6178,no_meter,1.571,,5.0,1,4.5
2026-09-27,esp_hypermotion,LaLiga Hypermotion,Eibar vs Las Palmas,7,False,Remates a puerta,remates_on,Local,Remates a puerta Local: Menos de 6.5,6.5,0.614,0.614,no_meter,1.333,,5.0,1,0.5
2026-09-27,esp_hypermotion,LaLiga Hypermotion,Eibar vs Las Palmas,8,False,BTTS,btts,Ambos marcan,Ambos marcan: Sí,,0.5199,0.5589,no_meter,1.714,0.5385029617662898,5.0,1,
2026-09-27,liga_mx,Liga MX,UNAM Pumas vs Atl. San Luis,1,True,Goles,goles,Total,Goles: Más de 1.5,1.5,0.8061,0.7854,meter,1.231,0.7646721468170522,5.0,1,3.5
2026-09-27,liga_mx,Liga MX,UNAM Pumas vs Atl. San Luis,2,True,Córners,corners,Total,Córners: Menos de 12,12.0,0.7593,0.7451,meter,1.286,,5.0,0,1.0
2026-09-27,liga_mx,Liga MX,UNAM Pumas vs Atl. San Luis,3,False,Doble y goles,dc_goles,1X,UNAM Pumas o empate y menos de 5.5,5.5,0.7369,0.8179,no_meter,1.3,0.8949880668257757,5.0,0,0.5
2026-09-27,liga_mx,Liga MX,UNAM Pumas vs Atl. San Luis,4,False,Remates a puerta,remates_on,Total,Remates a puerta: Menos de 9.5,9.5,0.7151,0.7151,no_meter,1.375,,5.0,0,3.5
2026-09-27,liga_mx,Liga MX,UNAM Pumas vs Atl. San Luis,5,False,Remates,remates,Visita,Remates Visita: Más de 9.5,9.5,0.631,0.631,no_meter,1.48,,5.0,1,1.5
2026-09-27,liga_mx,Liga MX,UNAM Pumas vs Atl. San Luis,6,False,BTTS,btts,Ambos marcan,Ambos marcan: Sí,,0.579,0.5779,no_meter,1.647,0.5718741876787107,5.0,1,
2026-09-27,liga_mx,Liga MX,UNAM Pumas vs Atl. San Luis,7,False,Goles equipo,goles_equipo,Visitante,Goles Atl. San Luis: Menos de 1.5,1.5,0.71,0.4727,no_meter,1.435,0.23532785318294783,5.0,0,1.5
2026-09-27,uru_primera,Primera División,Juventud vs Cerro,1,True,Doble oportunidad,resultado,Resultado,Juventud o empate,,0.718,0.718,meter,1.167,0.8105,0.0,1,
2026-09-27,uru_primera,Primera División,Juventud vs Cerro,2,True,Goles,goles,Total,Goles: Menos de 3.5,3.5,0.796,0.781,meter,1.222,0.7659900421294522,0.0,1,3.5
2026-09-27,uru_primera,Primera División,Juventud vs Cerro,3,False,Goles equipo,goles_equipo,Local,Goles Juventud: Menos de 2.5,2.5,0.8505,0.7128,meter,1.2,0.5751633986928104,0.0,1,2.5
2026-09-27,uru_primera,Primera División,Juventud vs Cerro,4,False,BTTS,btts,Ambos marcan,Ambos marcan: No,,0.549,0.5689,no_meter,1.667,0.5574727900185825,0.0,1,
2026-09-27,arg_primera_nacional,Primera Nacional,Atlanta vs Agropecuario,1,True,Doble oportunidad,resultado,Resultado,Atlanta o empate,,0.815,0.815,meter,1.182,0.8142,1.0,1,
2026-09-27,arg_primera_nacional,Primera Nacional,Atlanta vs Agropecuario,2,True,Goles equipo,goles_equipo,Local,Goles Atlanta: Más de 0.5,0.5,0.7339,0.7867,meter,1.273,0.8394160583941606,1.0,1,0.5
2026-09-27,arg_primera_nacional,Primera Nacional,Atlanta vs Agropecuario,3,False,Goles,goles,Total,Goles: Menos de 2.5,2.5,0.6549,0.6456,no_meter,1.455,0.636340914771307,1.0,1,1.5
2026-09-27,arg_primera_nacional,Primera Nacional,Atlanta vs Agropecuario,4,False,BTTS,btts,Ambos marcan,Ambos marcan: No,,0.615,0.5941,no_meter,1.556,0.595002602811036,1.0,1,
2026-09-27,arg_primera_nacional,Primera Nacional,Atlanta vs Agropecuario,5,False,Córners,corners,Total,Córners: Más de 8.5,8.5,0.5334,0.5792,no_meter,1.7,,1.0,1,9.5
2026-09-27,arg_primera_nacional,Primera Nacional,Defensores de Belgrano vs Ferro Carril Oeste,1,True,Goles,goles,Total,Goles: Menos de 2.5,2.5,0.725,0.7233,meter,1.286,0.7215847586057588,1.0,1,1.5
2026-09-27,arg_primera_nacional,Primera Nacional,Defensores de Belgrano vs Ferro Carril Oeste,2,True,Doble oportunidad,resultado,Doble,Defensores de Belgrano o empate,,0.7127,0.714,meter,1.333,0.6891146452841658,1.0,0,
2026-09-27,arg_primera_nacional,Primera Nacional,Defensores de Belgrano vs Ferro Carril Oeste,3,False,Goles equipo,goles_equipo,Visitante,Goles Ferro Carril Oeste: Menos de 1.5,1.5,0.7968,0.6301,no_meter,1.2,0.4633753689294338,1.0,1,0.5
2026-09-27,arg_primera_nacional,Primera Nacional,Defensores de Belgrano vs Ferro Carril Oeste,4,False,BTTS,btts,Ambos marcan,Ambos marcan: No,,0.6304,0.6043,no_meter,1.5,0.6153846153846154,1.0,1,
2026-09-27,arg_primera_nacional,Primera Nacional,Almagro vs Nueva Chicago,1,True,Goles,goles,Total,Goles: Menos de 2.5,2.5,0.7194,0.7059,meter,1.333,0.6923609508423725,1.0,1,1.5
2026-09-27,arg_primera_nacional,Primera Nacional,Almagro vs Nueva Chicago,2,False,Doble y goles,dc_goles,1X,Almagro o empate y menos de 4.5,4.5,0.7729,0.8263,no_meter,1.25,0.9074410163339383,1.0,0,3.5
2026-09-27,arg_primera_nacional,Primera Nacional,Almagro vs Nueva Chicago,3,False,Goles equipo,goles_equipo,Visitante,Goles Nueva Chicago: Menos de 1.5,1.5,0.8461,0.6366,no_meter,1.2,0.42702273929138024,1.0,1,0.5
2026-09-27,arg_primera_nacional,Primera Nacional,Almagro vs Nueva Chicago,4,False,BTTS,btts,Ambos marcan,Ambos marcan: No,,0.615,0.5941,no_meter,1.556,0.595002602811036,1.0,1,
2026-09-27,arg_primera_nacional,Primera Nacional,Los Andes vs Deportivo Morón,1,True,Doble oportunidad,resultado,Doble,Los Andes o empate,,0.732,0.7171,meter,1.32,0.6952189678141155,3.0,1,
2026-09-27,arg_primera_nacional,Primera Nacional,Los Andes vs Deportivo Morón,2,False,Goles,goles,Total,Goles: Menos de 2.5,2.5,0.692,0.6967,no_meter,1.32,0.7013574660633485,3.0,0,0.5
2026-09-27,arg_primera_nacional,Primera Nacional,Los Andes vs Deportivo Morón,3,False,BTTS,btts,Ambos marcan,Ambos marcan: No,,0.6326,0.6043,no_meter,1.5,0.6153846153846154,3.0,0,
2026-09-27,arg_primera_nacional,Primera Nacional,Los Andes vs Deportivo Morón,4,False,Goles equipo,goles_equipo,Local,Goles Los Andes: Menos de 1.5,1.5,0.7585,0.6015,no_meter,1.286,0.44453333333333334,3.0,0,0.5
2026-09-27,bra_serie_b,Brasileirão Série B,CRB vs Cuiabá,1,True,Goles,goles,Total,Goles: Menos de 3.5,3.5,0.7887,0.761,meter,1.273,0.7332914309658495,3.0,1,0.5
2026-09-27,bra_serie_b,Brasileirão Série B,CRB vs Cuiabá,2,True,Córners,corners,Total,Córners: Más de 7.5,7.5,0.6542,0.7169,meter,1.222,,3.0,1,6.5
2026-09-27,bra_serie_b,Brasileirão Série B,CRB vs Cuiabá,3,False,Goles equipo,goles_equipo,Local,Goles CRB: Más de 0.5,0.5,0.8222,0.8488,no_meter,1.222,0.8754523170304657,3.0,1,2.5
2026-09-27,bra_serie_b,Brasileirão Série B,CRB vs Cuiabá,4,False,Doble y goles,dc_goles,1X,CRB o empate y menos de 5.5,5.5,0.765,0.8301,no_meter,1.222,0.9151414309484193,3.0,1,2.5
2026-09-27,bra_serie_b,Brasileirão Série B,CRB vs Cuiabá,5,False,Remates,remates,Visita,Remates Visita: Más de 10.5,10.5,0.6023,0.6023,no_meter,1.615,,3.0,1,3.5
2026-09-27,bra_serie_b,Brasileirão Série B,CRB vs Cuiabá,6,False,Remates a puerta,remates_on,Visita,Remates a puerta Visita: Menos de 4.5,4.5,0.5738,0.5738,no_meter,1.444,,3.0,1,0.5
2026-09-27,bra_serie_b,Brasileirão Série B,CRB vs Cuiabá,7,False,Tarjetas,tarjetas,Total,Tarjetas: Más de 3.5,3.5,0.552,0.552,no_meter,1.364,,3.0,0,3.5
2026-09-27,bra_serie_b,Brasileirão Série B,CRB vs Cuiabá,8,False,BTTS,btts,Ambos marcan,Ambos marcan: No,,0.5105,0.4917,no_meter,1.833,0.5,3.0,1,
2026-09-27,arg_primera_nacional,Primera Nacional,Mitre (Santiago del Estero) vs San Telmo,1,False,Goles,goles,Total,Goles: Más de 1.5,1.5,0.6227,0.6205,no_meter,1.513,0.6182185213222307,2.0,1,0.5
2026-09-27,arg_primera_nacional,Primera Nacional,Mitre (Santiago del Estero) vs San Telmo,2,False,1X2,resultado,Resultado,Gana Mitre (Santiago del Estero),,0.5207,0.4999,no_meter,1.8,0.5137614678899083,2.0,0,
2026-09-27,esp_hypermotion,LaLiga Hypermotion,Oviedo vs Sp Gijon,1,False,Goles,goles,Total,Goles: Menos de 2.5,2.5,0.6126,0.6108,no_meter,1.541,0.608982491753362,2.0,1,0.5
2026-09-27,esp_hypermotion,LaLiga Hypermotion,Oviedo vs Sp Gijon,2,False,Handicap,handicap,Total,Handicap: Sp Gijon +0.5,0.5,0.6578,0.5932,no_meter,1.645,,2.0,0,1.5
2026-09-27,arg_primera_nacional,Primera Nacional,Patronato vs San Martín (San Juan),1,True,Doble oportunidad,resultado,Doble,Patronato o empate,,0.7303,0.7218,meter,1.3,0.7046475177429863,3.0,1,
2026-09-27,arg_primera_nacional,Primera Nacional,Patronato vs San Martín (San Juan),2,False,Goles,goles,Total,Goles: Menos de 2.5,2.5,0.6828,0.6727,no_meter,1.4,0.6626506024096386,3.0,0,0.5
2026-09-27,arg_primera_nacional,Primera Nacional,Patronato vs San Martín (San Juan),3,False,Goles equipo,goles_equipo,Visitante,Goles San Martín (San Juan): Menos de 1.5,1.5,0.793,0.599,no_meter,1.222,0.4049973971889641,3.0,1,1.5
2026-09-27,arg_primera_nacional,Primera Nacional,Patronato vs San Martín (San Juan),4,False,BTTS,btts,Ambos marcan,Ambos marcan: No,,0.5991,0.5843,no_meter,1.6,0.5789473684210527,3.0,1,
2026-09-27,arg_primera_nacional,Primera Nacional,Patronato vs San Martín (San Juan),5,False,Córners,corners,Total,Córners: Más de 8.5,8.5,0.5196,0.4858,no_meter,1.8,,3.0,0,5.5
2026-09-27,arg_primera_nacional,Primera Nacional,Midland vs Tristán Suárez,1,True,Goles,goles,Total,Goles: Menos de 2.5,2.5,0.7291,0.7152,meter,1.32,0.7013574660633485,1.0,1,1.5
2026-09-27,arg_primera_nacional,Primera Nacional,Midland vs Tristán Suárez,2,False,Doble y goles,dc_goles,1X,Midland o empate y menos de 4.5,4.5,0.7323,0.8233,no_meter,1.222,0.9074410163339383,1.0,0,3.5
2026-09-27,arg_primera_nacional,Primera Nacional,Midland vs Tristán Suárez,3,False,Goles equipo,goles_equipo,Local,Goles Midland: Menos de 1.5,1.5,0.7674,0.606,no_meter,1.333,0.44453333333333334,1.0,1,1.5
2026-09-27,arg_primera_nacional,Primera Nacional,Midland vs Tristán Suárez,4,False,BTTS,btts,Ambos marcan,Ambos marcan: No,,0.6326,0.6043,no_meter,1.5,0.6153846153846154,1.0,1,
2026-09-27,arg_primera_nacional,Primera Nacional,Deportivo Maipú vs Temperley,1,True,Doble oportunidad,resultado,Doble,Deportivo Maipú o Temperley,,0.7002,0.7389,meter,1.308,,1.0,1,
2026-09-27,arg_primera_nacional,Primera Nacional,Deportivo Maipú vs Temperley,2,False,Goles,goles,Total,Goles: Más de 1.5,1.5,0.6303,0.6353,no_meter,1.444,0.6403486924034869,1.0,0,0.5
2026-09-27,arg_primera_nacional,Primera Nacional,Deportivo Maipú vs Temperley,3,False,Córners,corners,Total,Córners: Más de 8.5,8.5,0.5586,0.5819,no_meter,1.75,,1.0,1,2.5
2026-09-27,arg_primera_nacional,Primera Nacional,Deportivo Maipú vs Temperley,4,False,BTTS,btts,Ambos marcan,Ambos marcan: No,,0.583,0.5707,no_meter,1.667,0.5574727900185825,1.0,1,
2026-09-27,arg_primera_nacional,Primera Nacional,Deportivo Maipú vs Temperley,5,False,Goles equipo,goles_equipo,Local,Goles Deportivo Maipú: Menos de 1.5,1.5,0.7798,0.5697,no_meter,1.556,0.35965130759651304,1.0,1,0.5
2026-09-27,arg_primera_nacional,Primera Nacional,Racing (Córdoba) vs Godoy Cruz Antonio Tomba,1,False,Doble y goles,dc_goles,1X,Racing (Córdoba) o empate y menos de 4.5,4.5,0.7422,0.7666,no_meter,1.53,0.8909853249475891,4.0,1,0.5
2026-09-27,arg_primera_nacional,Primera Nacional,Racing (Córdoba) vs Godoy Cruz Antonio Tomba,2,False,Goles,goles,Total,Goles: Menos de 2.5,2.5,0.6408,0.6406,no_meter,1.444,0.6403486924034869,4.0,0,1.5
2026-09-27,arg_primera_nacional,Primera Nacional,Racing (Córdoba) vs Godoy Cruz Antonio Tomba,3,False,BTTS,btts,Ambos marcan,Ambos marcan: No,,0.6076,0.5861,no_meter,1.6,0.5789473684210527,4.0,0,
2026-09-27,arg_primera_nacional,Primera Nacional,Racing (Córdoba) vs Godoy Cruz Antonio Tomba,4,False,Goles equipo,goles_equipo,Visitante,Goles Godoy Cruz Antonio Tomba: Menos de 1.5,1.5,0.7473,0.5693,no_meter,1.455,0.39134912461380017,4.0,0,0.5
2026-09-27,slv_primera,Primera División,Alianza FC vs Inca Aruba,1,True,Doble oportunidad,resultado,Resultado,Alianza FC o empate,,0.805,0.805,meter,1.111,0.8775,2.0,1,
2026-09-27,slv_primera,Primera División,Alianza FC vs Inca Aruba,2,True,Goles,goles,Total,Goles: Más de 1.5,1.5,0.7888,0.779,meter,1.2,0.7692307692307692,2.0,1,0.5
2026-09-27,slv_primera,Primera División,Alianza FC vs Inca Aruba,3,False,BTTS,btts,Ambos marcan,Ambos marcan: Sí,,0.5126,0.4988,no_meter,1.8,0.5135135135135135,2.0,1,
2026-09-27,col_primera_a,Categoría Primera A,Jaguares de Córdoba vs Alianza FC,1,True,Goles,goles,Total,Goles: Menos de 3.5,3.5,0.7697,0.7632,meter,1.222,0.7566706491437674,3.0,1,0.5
2026-09-27,col_primera_a,Categoría Primera A,Jaguares de Córdoba vs Alianza FC,2,True,Doble oportunidad,resultado,Doble,Jaguares de Córdoba o Alianza FC,,0.7094,0.7389,meter,1.333,,3.0,1,
2026-09-27,col_primera_a,Categoría Primera A,Jaguares de Córdoba vs Alianza FC,3,False,Goles equipo,goles_equipo,Local,Goles Jaguares de Córdoba: Más de 0.5,0.5,0.812,0.8365,no_meter,1.333,0.8609245867768595,3.0,1,0.5
2026-09-27,col_primera_a,Categoría Primera A,Jaguares de Córdoba vs Alianza FC,4,False,Tarjetas,tarjetas,Total,Tarjetas: Más de 4.5,4.5,0.6047,0.6047,no_meter,1.364,,3.0,0,4.5
2026-09-27,col_primera_a,Categoría Primera A,Jaguares de Córdoba vs Alianza FC,5,False,Córners,corners,Total,Córners: Menos de 9.5,9.5,0.5431,0.5793,no_meter,1.556,,3.0,0,3.5
2026-09-27,col_primera_a,Categoría Primera A,Jaguares de Córdoba vs Alianza FC,6,False,BTTS,btts,Ambos marcan,Ambos marcan: No,,0.5206,0.4998,no_meter,1.8,0.5135135135135135,3.0,0,
2026-09-27,arg_primera_nacional,Primera Nacional,Gimnasia y Tiro (Salta) vs Atletico Rafaela,1,True,Goles,goles,Total,Goles: Menos de 2.5,2.5,0.7081,0.7002,meter,1.333,0.6923609508423725,1.0,1,1.5
2026-09-27,arg_primera_nacional,Primera Nacional,Gimnasia y Tiro (Salta) vs Atletico Rafaela,2,False,Goles equipo,goles_equipo,Local,Goles Gimnasia y Tiro (Salta): Más de 0.5,0.5,0.8185,0.8169,no_meter,1.333,0.8152616990053807,1.0,1,0.5
2026-09-27,arg_primera_nacional,Primera Nacional,Gimnasia y Tiro (Salta) vs Atletico Rafaela,3,False,Doble y goles,dc_goles,1X,Gimnasia y Tiro (Salta) o empate y menos de 3.5,3.5,0.7039,0.7892,no_meter,1.3,0.8394160583941606,1.0,1,2.5
2026-09-27,arg_primera_nacional,Primera Nacional,Gimnasia y Tiro (Salta) vs Atletico Rafaela,4,False,BTTS,btts,Ambos marcan,Ambos marcan: No,,0.6562,0.6766,no_meter,1.455,0.636340914771307,1.0,1,
2026-09-27,arg_primera_nacional,Primera Nacional,Gimnasia y Tiro (Salta) vs Atletico Rafaela,5,False,Córners,corners,Total,Córners: Menos de 8.5,8.5,0.5054,0.4815,no_meter,1.95,,1.0,0,0.5
2026-09-27,uru_primera,Primera División,Defensor Sporting vs Danubio,1,True,Goles,goles,Total,Goles: Menos de 3.5,3.5,0.793,0.7742,meter,1.231,0.7553170343868019,1.0,1,2.5
2026-09-27,uru_primera,Primera División,Defensor Sporting vs Danubio,2,True,Doble oportunidad,resultado,Doble,Defensor Sporting o Danubio,,0.7755,0.7451,meter,1.3,,1.0,1,
2026-09-27,uru_primera,Primera División,Defensor Sporting vs Danubio,3,False,Córners,corners,Total,Córners: Menos de 11.5,11.5,0.7749,0.7451,meter,1.25,,1.0,1,2.5
2026-09-27,uru_primera,Primera División,Defensor Sporting vs Danubio,4,False,Goles equipo,goles_equipo,Visitante,Goles Danubio: Menos de 1.5,1.5,0.7651,0.5434,no_meter,1.333,0.3216374269005848,1.0,1,1.5
2026-09-27,uru_primera,Primera División,Defensor Sporting vs Danubio,5,False,BTTS,btts,Ambos marcan,Ambos marcan: No,,0.5088,0.4963,no_meter,1.8,0.5095367847411445,1.0,1,
2026-09-27,selecciones,International - Friendlies,Bolivia vs Paraguay,1,True,Doble oportunidad,resultado,Resultado,Paraguay o empate,,0.846,0.846,meter,1.125,0.8623,2.0,1,
2026-09-27,selecciones,International - Friendlies,Bolivia vs Paraguay,2,True,Goles,goles,Total,Goles: Más de 1.5,1.5,0.8042,0.7792,meter,1.222,0.7542236524537409,2.0,1,0.5
2026-09-27,selecciones,International - Friendlies,Bolivia vs Paraguay,3,False,Goles equipo,goles_equipo,Local,Goles Bolivia: Más de 0.5,0.5,0.6615,0.6615,no_meter,1.667,,2.0,0,0.5
2026-09-27,selecciones,International - Friendlies,Bolivia vs Paraguay,4,False,BTTS,btts,Ambos marcan,Ambos marcan: Sí,,0.5131,0.4853,no_meter,1.9,0.4864864864864864,2.0,0,
2026-09-27,bra_serie_b,Brasileirão Série B,Fortaleza vs Athletic,1,True,Doble oportunidad,resultado,Resultado,Fortaleza o empate,,0.811,0.811,meter,1.125,0.8617,4.0,1,
2026-09-27,bra_serie_b,Brasileirão Série B,Fortaleza vs Athletic,2,True,Goles,goles,Total,Goles: Menos de 3.5,3.5,0.7767,0.755,meter,1.273,0.7332914309658495,4.0,0,0.5
2026-09-27,bra_serie_b,Brasileirão Série B,Fortaleza vs Athletic,3,False,Córners,corners,Total,Córners: Más de 7.5,7.5,0.7824,0.7451,meter,1.25,,4.0,0,1.5
2026-09-27,bra_serie_b,Brasileirão Série B,Fortaleza vs Athletic,4,False,Remates a puerta,remates_on,Local,Remates a puerta Local: Menos de 6.5,6.5,0.6965,0.6965,no_meter,1.385,,4.0,0,0.5
2026-09-27,bra_serie_b,Brasileirão Série B,Fortaleza vs Athletic,5,False,Goles equipo,goles_equipo,Local,Goles Fortaleza: Menos de 2.5,2.5,0.8012,0.6673,no_meter,1.286,0.5333333333333333,4.0,1,0.5
2026-09-27,bra_serie_b,Brasileirão Série B,Fortaleza vs Athletic,6,False,Remates,remates,Local,Remates Local: Menos de 18.5,18.5,0.5926,0.5926,no_meter,1.538,,4.0,1,2.5
2026-09-27,bra_serie_b,Brasileirão Série B,Fortaleza vs Athletic,7,False,BTTS,btts,Ambos marcan,Ambos marcan: No,,0.5342,0.5683,no_meter,1.667,0.5574727900185825,4.0,0,
2026-09-27,mls,MLS,Columbus Crew vs Inter Miami,1,True,Córners,corners,Total,Córners: Menos de 11,11.0,0.7979,0.7451,meter,1.3,,3.0,1,1.0
2026-09-27,mls,MLS,Columbus Crew vs Inter Miami,2,True,Goles,goles,Total,Goles: Menos de 4.5,4.5,0.7513,0.7302,meter,1.333,0.7091424830896792,3.0,1,1.5
2026-09-27,mls,MLS,Columbus Crew vs Inter Miami,3,False,Goles equipo,goles_equipo,Local,Goles Columbus Crew: Más de 0.5,0.5,0.8318,0.8823,no_meter,1.2,0.9327115256495669,3.0,1,1.5
2026-09-27,mls,MLS,Columbus Crew vs Inter Miami,4,False,Doble y goles,dc_goles,1X,Columbus Crew o empate y menos de 5.5,5.5,0.6713,0.7133,no_meter,1.778,0.8333823529411765,3.0,1,2.5
2026-09-27,mls,MLS,Columbus Crew vs Inter Miami,5,False,BTTS,btts,Ambos marcan,Ambos marcan: Sí,,0.6484,0.6949,no_meter,1.385,0.6729634002361276,3.0,1,
2026-09-27,mls,MLS,Columbus Crew vs Inter Miami,6,False,Remates,remates,Visita,Remates Visita: Más de 12.5,12.5,0.5781,0.5781,no_meter,1.5,,3.0,0,7.5
2026-09-27,mls,MLS,Columbus Crew vs Inter Miami,7,False,Tarjetas,tarjetas,Total,Tarjetas: Más de 3.5,3.5,0.5763,0.5763,no_meter,1.455,,3.0,1,5.5
2026-09-27,mls,MLS,Columbus Crew vs Inter Miami,8,False,Remates a puerta,remates_on,Local,Remates a puerta Local: Más de 3.5,3.5,0.5577,0.5577,no_meter,1.375,,3.0,1,2.5
2026-09-27,col_primera_a,Categoría Primera A,Fortaleza CEIF vs Deportes Tolima,1,True,Goles,goles,Total,Goles: Menos de 3.5,3.5,0.7837,0.7683,meter,1.231,0.7528608713109818,4.0,0,0.5
2026-09-27,col_primera_a,Categoría Primera A,Fortaleza CEIF vs Deportes Tolima,2,True,Doble oportunidad,resultado,Doble,Fortaleza CEIF o Deportes Tolima,,0.713,0.7389,meter,1.308,,4.0,0,
2026-09-27,col_primera_a,Categoría Primera A,Fortaleza CEIF vs Deportes Tolima,3,False,Goles equipo,goles_equipo,Local,Goles Fortaleza CEIF: Más de 0.5,0.5,0.6978,0.7828,no_meter,1.5,0.8677327383165985,4.0,1,1.5
2026-09-27,col_primera_a,Categoría Primera A,Fortaleza CEIF vs Deportes Tolima,4,False,Remates,remates,Total,Remates: Menos de 25.5,25.5,0.5034,0.5034,no_meter,1.733,,4.0,1,4.5
2026-09-27,col_primera_a,Categoría Primera A,Fortaleza CEIF vs Deportes Tolima,5,False,BTTS,btts,Ambos marcan,Ambos marcan: No,,0.5219,0.5,no_meter,1.8,0.5135135135135135,4.0,0,
2026-09-27,selecciones,International - Friendlies,China vs New Zealand,1,True,Goles,goles,Total,Goles: Menos de 3.5,3.5,0.7649,0.7608,meter,1.222,0.7566706491437674,3.0,1,0.5
2026-09-27,selecciones,International - Friendlies,China vs New Zealand,2,True,Doble oportunidad,resultado,Doble,China o New Zealand,,0.759,0.7451,meter,1.3,,3.0,1,
2026-09-27,selecciones,International - Friendlies,China vs New Zealand,3,False,BTTS,btts,Ambos marcan,Ambos marcan: Sí,,0.5151,0.4831,no_meter,1.923,0.48153141008358047,3.0,0,
2026-09-27,selecciones,Partidos Amistosos Internacionales,Seychelles vs Sri Lanka,1,True,Goles,goles,Total,Goles: Menos de 3.5,3.5,0.7741,0.7614,meter,1.231,0.7486729277256022,3.0,1,0.5
2026-09-27,selecciones,Partidos Amistosos Internacionales,Seychelles vs Sri Lanka,2,False,Doble oportunidad,resultado,Doble,Sri Lanka o empate,,0.628,0.6766,no_meter,1.455,0.636340914771307,3.0,1,
2026-09-27,selecciones,Partidos Amistosos Internacionales,Seychelles vs Sri Lanka,3,False,BTTS,btts,Ambos marcan,Ambos marcan: Sí,,0.514,0.4874,no_meter,1.889,0.4904235230644726,3.0,0,
2026-09-27,selecciones,International - Friendlies,Malta vs Liechtenstein,1,True,1X2,resultado,Resultado,Gana Malta,,0.813,0.7454,meter,1.231,0.7457720461690264,2.0,1,
2026-09-27,selecciones,International - Friendlies,Malta vs Liechtenstein,2,True,Goles,goles,Total,Goles: Más de 1.5,1.5,0.7649,0.738,meter,1.3,0.7111111111111111,2.0,1,0.5
2026-09-27,selecciones,International - Friendlies,Malta vs Liechtenstein,3,False,BTTS,btts,Ambos marcan,Ambos marcan: No,,0.6921,0.7057,no_meter,1.375,0.6750945179584121,2.0,1,
2026-09-27,slv_primera,Primera División,C.D. Platense vs Fuerte San Francisco,1,False,Goles,goles,Total,Goles: Menos de 2.5,2.5,0.5073,0.5012,no_meter,1.87,0.4950040507696462,0.0,1,2.5
2026-09-27,slv_primera,Primera División,CD Municipal Limeño vs CD FAS,1,True,Goles,goles,Total,Goles: Más de 1.5,1.5,0.7588,0.7432,meter,1.273,0.7275839931521506,4.0,1,2.5
2026-09-27,slv_primera,Primera División,CD Municipal Limeño vs CD FAS,2,False,Doble oportunidad,resultado,Doble,CD FAS o empate,,0.7032,0.703,no_meter,1.364,0.667086879622892,4.0,1,
2026-09-27,slv_primera,Primera División,CD Municipal Limeño vs CD FAS,3,False,BTTS,btts,Ambos marcan,Ambos marcan: Sí,,0.5495,0.5689,no_meter,1.667,0.5574727900185825,4.0,1,
2026-09-26,slv_primera,Primera División,Internacional Santa Tecla vs Atletico Balboa,1,False,1X2,resultado,Resultado,Gana Internacional Santa Tecla,,0.6149,0.6576,no_meter,1.452,0.6002950205171688,2.0,0,
2026-09-27,selecciones,International - Friendlies,Bolivia vs Paraguay,1,True,Doble oportunidad,resultado,Resultado,Paraguay o empate,,0.846,0.846,meter,1.125,0.8598,2.0,1,
2026-09-27,selecciones,International - Friendlies,Bolivia vs Paraguay,2,True,Goles,goles,Total,Goles: Más de 1.5,1.5,0.7802,0.7539,meter,1.273,0.7275839931521506,2.0,1,0.5
2026-09-27,selecciones,International - Friendlies,Bolivia vs Paraguay,3,False,Goles equipo,goles_equipo,Visitante,Goles Paraguay: Más de 1.5,1.5,0.6539,0.6907,no_meter,1.6,0.7275839931521506,2.0,1,0.5
2026-09-27,selecciones,International - Friendlies,Bolivia vs Paraguay,4,False,BTTS,btts,Ambos marcan,Ambos marcan: No,,0.5161,0.5629,no_meter,1.7,0.5466666666666666,2.0,1,
2026-09-27,selecciones,International - Friendlies,Jordan vs Syria,1,False,1X2,resultado,Resultado,Gana Jordan,,0.6605,0.6893,no_meter,1.429,0.661665237855003,2.0,0,
2026-09-27,selecciones,CONCACAF - Nations League B,Guyana vs Cayman Islands,1,True,Goles,goles,Total,Goles: Más de 2.5,2.5,0.7215,0.7163,meter,1.3,0.7111111111111111,2.0,0,0.5
2026-09-27,selecciones,CONCACAF - Nations League B,Guyana vs Cayman Islands,2,False,Doble y goles,dc_goles,1X,Guyana o empate y más de 2.5,2.5,0.7231,0.725,no_meter,1.286,0.7111111111111111,2.0,0,0.5
2026-09-27,selecciones,CONCACAF - Nations League B,Guyana vs Cayman Islands,3,False,BTTS,btts,Ambos marcan,Ambos marcan: No,,0.6829,0.7063,no_meter,1.364,0.6801125703564727,2.0,1,
2026-09-27,selecciones,CONCACAF - Nations League B,Guyana vs Cayman Islands,4,False,Goles equipo,goles_equipo,Local,Goles Guyana: Más de 2.5,2.5,0.6595,0.6853,no_meter,1.455,0.7111111111111111,2.0,0,0.5
2026-09-26,selecciones,International - Friendlies,Vanuatu vs New Caledonia,1,True,Goles,goles,Total,Goles: Más de 1.5,1.5,0.7761,0.7664,meter,1.222,0.7566706491437674,5.0,1,3.5
2026-09-26,selecciones,International - Friendlies,Vanuatu vs New Caledonia,2,False,Doble oportunidad,resultado,Doble,New Caledonia o empate,,0.656,0.6775,no_meter,1.455,0.6381620931716656,5.0,0,
2026-09-26,selecciones,International - Friendlies,Vanuatu vs New Caledonia,3,False,BTTS,btts,Ambos marcan,Ambos marcan: Sí,,0.5674,0.581,no_meter,1.6,0.5789473684210527,5.0,1,
2026-09-27,selecciones,International - Friendlies,Fiji vs Papua New Guinea,1,False,1X2,resultado,Resultado,Gana Fiji,,0.4165,0.4664,no_meter,2.04,0.4660466748552377,2.0,1,
2026-09-27,selecciones,UEFA - Nations League B,Israel vs Republic of Ireland,1,True,Córners,corners,Total,Córners: Menos de 11,11.0,0.7528,0.7451,meter,1.286,,3.0,1,5.0
2026-09-27,selecciones,UEFA - Nations League B,Israel vs Republic of Ireland,2,True,Goles,goles,Total,Goles: Menos de 3.5,3.5,0.7419,0.7426,meter,1.267,0.7432103769760844,3.0,1,0.5
2026-09-27,selecciones,UEFA - Nations League B,Israel vs Republic of Ireland,3,False,Goles equipo,goles_equipo,Visitante,Goles Republic of Ireland: Más de 0.5,0.5,0.8026,0.8423,no_meter,1.333,0.8819314298313307,3.0,1,2.5
2026-09-27,selecciones,UEFA - Nations League B,Israel vs Republic of Ireland,4,False,Doble y goles,dc_goles,12,Israel o Republic of Ireland y menos de 5.5,5.5,0.627,0.8221,no_meter,1.3,0.927246790299572,3.0,1,2.5
2026-09-27,selecciones,UEFA - Nations League B,Israel vs Republic of Ireland,5,False,Remates a puerta,remates_on,Total,Remates a puerta: Más de 6.5,6.5,0.659,0.659,no_meter,1.462,,3.0,1,0.5
2026-09-27,selecciones,UEFA - Nations League B,Israel vs Republic of Ireland,6,False,Remates,remates,Visita,Remates Visita: Menos de 12.5,12.5,0.5671,0.5671,no_meter,1.583,,3.0,1,3.5
2026-09-27,selecciones,UEFA - Nations League B,Israel vs Republic of Ireland,7,False,BTTS,btts,Ambos marcan,Ambos marcan: Sí,,0.5488,0.5053,no_meter,1.8,0.5202558635394456,3.0,0,
2026-09-27,selecciones,CONCACAF - Nations League A,Haiti vs Costa Rica,1,True,Goles,goles,Total,Goles: Más de 1.5,1.5,0.7621,0.7448,meter,1.273,0.7275839931521506,2.0,1,0.5
2026-09-27,selecciones,CONCACAF - Nations League A,Haiti vs Costa Rica,2,True,Goles equipo,goles_equipo,Local,Goles Haiti: Más de 0.5,0.5,0.7383,0.7383,meter,1.25,,2.0,1,1.5
2026-09-27,selecciones,CONCACAF - Nations League A,Haiti vs Costa Rica,3,False,Doble y goles,dc_goles,12,Haiti o Costa Rica y menos de 4.5,4.5,0.6172,0.7751,no_meter,1.462,0.8333333333333334,2.0,1,2.5
2026-09-27,selecciones,CONCACAF - Nations League A,Haiti vs Costa Rica,4,False,BTTS,btts,Ambos marcan,Ambos marcan: Sí,,0.5456,0.5632,no_meter,1.7,0.5466666666666666,2.0,0,
2026-09-27,fem_espana,"Liga F (España, femenil)",Deportivo de A Coruña vs Espanyol,1,True,Goles,goles,Total,Goles: Menos de 3.5,3.5,0.788,0.7839,meter,1.2,0.779816513761468,2.0,1,1.5
2026-09-27,fem_espana,"Liga F (España, femenil)",Deportivo de A Coruña vs Espanyol,2,True,Doble oportunidad,resultado,Doble,Deportivo de A Coruña o Espanyol,,0.71,0.7389,meter,1.3,,2.0,0,
2026-09-27,mex_femenil,Liga MX Femenil,Puebla vs Monterrey,1,False,Goles,goles,Total,Goles: Menos de 6.5,6.5,0.7238,0.7102,no_meter,1.35,0.6966292134831461,3.0,1,3.5
2026-09-28,selecciones,UEFA - Nations League B,Georgia vs Ukraine,1,True,Tarjetas,tarjetas,Total,Tarjetas: Menos de 6.5,6.5,0.7741,0.7741,meter,1.286,,0.0,1,0.5
2026-09-28,selecciones,UEFA - Nations League B,Georgia vs Ukraine,2,True,Córners,corners,Total,Córners: Más de 6.5,6.5,0.7799,0.7451,meter,1.235,,0.0,0,2.5
2026-09-28,selecciones,UEFA - Nations League B,Georgia vs Ukraine,3,False,Goles,goles,Total,Goles: Más de 1.5,1.5,0.7531,0.7422,meter,1.286,0.7312996239030507,0.0,0,1.5
2026-09-28,selecciones,UEFA - Nations League B,Georgia vs Ukraine,4,False,Doble oportunidad,resultado,Doble,Georgia o Ukraine,,0.719,0.7389,meter,1.333,,0.0,0,
2026-09-28,selecciones,UEFA - Nations League B,Georgia vs Ukraine,5,False,Goles equipo,goles_equipo,Visitante,Goles Ukraine: Más de 0.5,0.5,0.7394,0.8142,no_meter,1.364,0.8889353691696299,0.0,0,0.5
2026-09-28,selecciones,UEFA - Nations League B,Georgia vs Ukraine,6,False,BTTS,btts,Ambos marcan,Ambos marcan: Sí,,0.5432,0.565,no_meter,1.714,0.550603041426324,0.0,0,
2026-09-28,selecciones,UEFA - Nations League B,Sweden vs Poland,1,True,Goles,goles,Total,Goles: Más de 1.5,1.5,0.7912,0.7779,meter,1.231,0.7646721468170522,4.0,1,2.5
2026-09-28,selecciones,UEFA - Nations League B,Sweden vs Poland,2,True,Doble oportunidad,resultado,Doble,Sweden o empate,,0.769,0.7319,meter,1.3,0.7186858316221766,4.0,1,
2026-09-28,selecciones,UEFA - Nations League B,Sweden vs Poland,3,False,Tarjetas,tarjetas,Total,Tarjetas: Menos de 5.5,5.5,0.7146,0.7146,meter,1.2,,4.0,1,1.5
2026-09-28,selecciones,UEFA - Nations League B,Sweden vs Poland,4,False,Remates a puerta,remates_on,Total,Remates a puerta: Más de 7.5,7.5,0.6737,0.6737,no_meter,1.429,,4.0,1,5.5
2026-09-28,selecciones,UEFA - Nations League B,Sweden vs Poland,5,False,Goles equipo,goles_equipo,Local,Goles Sweden: Menos de 2.5,2.5,0.7426,0.5935,no_meter,1.25,0.44438682914182015,4.0,0,0.5
2026-09-28,selecciones,UEFA - Nations League B,Sweden vs Poland,6,False,Córners,corners,Local,Córners Local: Menos de 5.5,5.5,0.6117,0.5932,no_meter,1.556,,4.0,1,1.5
2026-09-28,selecciones,UEFA - Nations League B,Sweden vs Poland,7,False,BTTS,btts,Ambos marcan,Ambos marcan: Sí,,0.5835,0.5779,no_meter,1.647,0.5718741876787107,4.0,1,
2026-09-28,selecciones,UEFA - Nations League B,Sweden vs Poland,8,False,Remates,remates,Total,Remates: Más de 23.5,23.5,0.561,0.561,no_meter,1.778,,4.0,1,6.5
2026-09-28,selecciones,UEFA - Nations League B,Northern Ireland vs Hungary,1,True,Córners,corners,Total,Córners: Menos de 10.5,10.5,0.7687,0.7451,meter,1.333,,0.0,1,5.5
2026-09-28,selecciones,UEFA - Nations League B,Northern Ireland vs Hungary,2,True,Tarjetas,tarjetas,Total,Tarjetas: Más de 2.5,2.5,0.7284,0.7284,meter,1.222,,0.0,1,3.5
2026-09-28,selecciones,UEFA - Nations League B,Northern Ireland vs Hungary,3,False,Doble y goles,dc_goles,X2,Hungary o empate y menos de 4.5,4.5,0.6831,0.8191,no_meter,1.364,0.9057971014492753,0.0,1,4.5
2026-09-28,selecciones,UEFA - Nations League B,Northern Ireland vs Hungary,4,False,Remates a puerta,remates_on,Local,Remates a puerta Local: Menos de 4.5,4.5,0.6709,0.6709,no_meter,1.286,,0.0,1,1.5
2026-09-28,selecciones,UEFA - Nations League B,Northern Ireland vs Hungary,5,False,Goles,goles,Total,Goles: Más de 1.5,1.5,0.6517,0.6405,no_meter,1.5,0.6292634700939199,0.0,0,1.5
2026-09-28,selecciones,UEFA - Nations League B,Northern Ireland vs Hungary,6,False,Remates,remates,Local,Remates Local: Menos de 11.5,11.5,0.6283,0.6283,no_meter,1.571,,0.0,1,1.5
2026-09-28,selecciones,UEFA - Nations League B,Northern Ireland vs Hungary,7,False,Goles equipo,goles_equipo,Local,Goles Northern Ireland: Menos de 1.5,1.5,0.7656,0.5682,no_meter,1.323,0.37073652990608014,0.0,1,1.5
2026-09-28,selecciones,UEFA - Nations League B,Northern Ireland vs Hungary,8,False,BTTS,btts,Ambos marcan,Ambos marcan: No,,0.5532,0.5658,no_meter,1.714,0.550603041426324,0.0,1,
2026-09-28,selecciones,UEFA - Nations League B,Romania vs Bosnia and Herzegovina,1,True,Goles,goles,Total,Goles: Menos de 3.5,3.5,0.7664,0.7488,meter,1.286,0.7312996239030507,6.0,0,2.5
2026-09-28,selecciones,UEFA - Nations League B,Romania vs Bosnia and Herzegovina,2,True,Doble oportunidad,resultado,Doble,Romania o Bosnia and Herzegovina,,0.715,0.7389,meter,1.333,,6.0,1,
2026-09-28,selecciones,UEFA - Nations League B,Romania vs Bosnia and Herzegovina,3,False,Goles equipo,goles_equipo,Local,Goles Romania: Más de 0.5,0.5,0.7988,0.8404,no_meter,1.286,0.8819314298313307,6.0,1,1.5
2026-09-28,selecciones,UEFA - Nations League B,Romania vs Bosnia and Herzegovina,4,False,Remates a puerta,remates_on,Visita,Remates a puerta Visita: Más de 2.5,2.5,0.7293,0.7293,no_meter,1.364,,6.0,1,4.5
2026-09-28,selecciones,UEFA - Nations League B,Romania vs Bosnia and Herzegovina,5,False,BTTS,btts,Ambos marcan,Ambos marcan: Sí,,0.5275,0.5041,no_meter,1.8,0.5202558635394456,6.0,1,
2026-09-28,selecciones,UEFA - Nations League A,Belgium vs France,1,True,Goles,goles,Total,Goles: Menos de 4.5,4.5,0.816,0.7953,meter,1.222,0.7746219107340465,1.0,1,3.5
2026-09-28,selecciones,UEFA - Nations League A,Belgium vs France,2,True,Tarjetas,tarjetas,Total,Tarjetas: Más de 2.5,2.5,0.7604,0.7604,meter,1.25,,1.0,1,0.5
2026-09-28,selecciones,UEFA - Nations League A,Belgium vs France,3,False,Córners,corners,Total,Córners: Menos de 12,12.0,0.7902,0.7451,meter,1.222,,1.0,1,4.0
2026-09-28,selecciones,UEFA - Nations League A,Belgium vs France,4,False,Doble y goles,dc_goles,12,Belgium o France y menos de 5.5,5.5,0.6941,0.8058,no_meter,1.308,0.8744316194473591,1.0,1,4.5
2026-09-28,selecciones,UEFA - Nations League A,Belgium vs France,5,False,Remates a puerta,remates_on,Total,Remates a puerta: Menos de 10.5,10.5,0.6114,0.6114,no_meter,1.444,,1.0,1,1.5
2026-09-28,selecciones,UEFA - Nations League A,Belgium vs France,6,False,Goles equipo,goles_equipo,Visitante,Goles France: Menos de 2.5,2.5,0.8031,0.6034,no_meter,1.357,0.4036326942482341,1.0,1,1.5
2026-09-28,selecciones,UEFA - Nations League A,Belgium vs France,7,False,BTTS,btts,Ambos marcan,Ambos marcan: Sí,,0.5801,0.5928,no_meter,1.556,0.6016385048643113,1.0,0,
2026-09-28,selecciones,UEFA - Nations League A,Belgium vs France,8,False,Remates,remates,Total,Remates: Menos de 28.5,28.5,0.5655,0.5655,no_meter,1.636,,1.0,0,1.5
2026-09-28,selecciones,UEFA - Nations League A,Turkiye vs Italy,1,False,1X2,resultado,Resultado,Gana Italy,,0.3632,0.37,no_meter,2.51,0.3793854130466912,5.0,1,
2026-09-28,selecciones,International - Friendlies,Japan vs Venezuela,1,True,1X2,resultado,Resultado,Gana Japan,,0.7435,0.7467,meter,1.222,0.7500340924587481,3.0,1,
2026-09-28,selecciones,International - Friendlies,Japan vs Venezuela,2,False,Goles,goles,Total,Goles: Menos de 3.5,3.5,0.6612,0.6488,no_meter,1.455,0.636340914771307,3.0,1,0.5
2026-09-28,selecciones,International - Friendlies,Japan vs Venezuela,3,False,BTTS,btts,Ambos marcan,Ambos marcan: No,,0.5782,0.5895,no_meter,1.556,0.595002602811036,3.0,0,
2026-09-28,selecciones,International - Friendlies,Japan vs Venezuela,4,False,Goles equipo,goles_equipo,Local,Goles Japan: Menos de 2.5,2.5,0.6222,0.5216,no_meter,1.7,0.42105263157894735,3.0,1,0.5
2026-09-28,selecciones,International - Friendlies,South Korea vs Uruguay,1,True,Goles,goles,Total,Goles: Menos de 3.5,3.5,0.757,0.7556,meter,1.222,0.7542236524537409,5.0,0,1.5
2026-09-28,selecciones,International - Friendlies,South Korea vs Uruguay,2,True,Doble oportunidad,resultado,Doble,South Korea o Uruguay,,0.729,0.7389,meter,1.308,,5.0,1,
2026-09-28,selecciones,International - Friendlies,South Korea vs Uruguay,3,False,Goles equipo,goles_equipo,Local,Goles South Korea: Más de 0.5,0.5,0.7751,0.8217,no_meter,1.333,0.8682709005209625,5.0,1,0.5
2026-09-28,selecciones,International - Friendlies,South Korea vs Uruguay,4,False,BTTS,btts,Ambos marcan,Ambos marcan: Sí,,0.5232,0.4934,no_meter,1.833,0.5,5.0,1,
2026-09-28,selecciones,UEFA - Nations League A,Turkey vs Italy,1,True,Goles,goles,Total,Goles: Más de 1.5,1.5,0.7805,0.7818,meter,1.2,0.7831194650280138,5.0,1,3.5
2026-09-28,selecciones,UEFA - Nations League A,Turkey vs Italy,2,True,Doble oportunidad,resultado,Doble,Turkey o Italy,,0.7,0.7389,meter,1.3,,5.0,1,
2026-09-28,selecciones,UEFA - Nations League A,Turkey vs Italy,3,False,Goles equipo,goles_equipo,Visitante,Goles Italy: Menos de 2.5,2.5,0.887,0.6578,no_meter,1.2,0.4286448958601183,5.0,0,1.5
2026-09-28,selecciones,UEFA - Nations League A,Turkey vs Italy,4,False,BTTS,btts,Ambos marcan,Ambos marcan: Sí,,0.5925,0.5985,no_meter,1.526,0.6113092205807437,5.0,1,
2026-09-27,arg_primera_nacional,Primera Nacional,Gimnasia y Esgrima (Jujuy) vs San Martín (Tucumán),1,False,Handicap,handicap,Total,Handicap: San Martín (Tucumán) +0.5,0.5,0.7351,0.6351,no_meter,1.769,,4.0,1,0.5
2026-09-27,arg_primera_nacional,Primera Nacional,Gimnasia y Esgrima (Jujuy) vs San Martín (Tucumán),2,False,Goles,goles,Total,Goles: Menos de 2.5,2.5,0.5646,0.5639,no_meter,1.667,0.5632695834424941,4.0,0,1.5
2026-09-27,liga_mx,Liga MX,Club Leon vs Juarez,1,True,Doble oportunidad,resultado,Resultado,Club Leon o empate,,0.774,0.774,meter,1.133,0.8579,3.0,1,
2026-09-27,liga_mx,Liga MX,Club Leon vs Juarez,2,True,Goles,goles,Total,Goles: Más de 1.5,1.5,0.8,0.7873,meter,1.222,0.7746219107340465,3.0,1,1.5
2026-09-27,liga_mx,Liga MX,Club Leon vs Juarez,3,False,Córners,corners,Local,Córners Local: Menos de 7.5,7.5,0.7114,0.7389,no_meter,1.4,,3.0,1,6.5
2026-09-27,liga_mx,Liga MX,Club Leon vs Juarez,4,False,Remates a puerta,remates_on,Visita,Remates a puerta Visita: Más de 1.5,1.5,0.6805,0.6805,no_meter,1.2,,3.0,0,0.5
2026-09-27,liga_mx,Liga MX,Club Leon vs Juarez,5,False,Remates,remates,Total,Remates: Menos de 29.5,29.5,0.6253,0.6253,no_meter,1.583,,3.0,1,13.5
2026-09-27,liga_mx,Liga MX,Club Leon vs Juarez,6,False,Tarjetas,tarjetas,Visita,Tarjetas Visita: Más de 2.5,2.5,0.5276,0.5276,no_meter,1.667,,3.0,0,2.5
2026-09-27,liga_mx,Liga MX,Club Leon vs Juarez,7,False,Goles equipo,goles_equipo,Visitante,Goles Juarez: Menos de 1.5,1.5,0.7845,0.5049,no_meter,1.222,0.22537808926595354,3.0,1,0.5
2026-09-27,liga_mx,Liga MX,Club Leon vs Juarez,8,False,BTTS,btts,Ambos marcan,Ambos marcan: Sí,,0.5313,0.5046,no_meter,1.8,0.5202558635394456,3.0,1,
2026-09-27,col_primera_a,Categoría Primera A,Deportivo Cali vs Águilas Doradas,1,False,Handicap,handicap,Total,Handicap: Águilas Doradas +0.5,0.5,0.7046,0.6046,no_meter,2.05,,2.0,0,1.5
2026-09-27,col_primera_a,Categoría Primera A,Deportivo Cali vs Águilas Doradas,2,False,Goles,goles,Total,Goles: Menos de 2.5,2.5,0.5575,0.5558,no_meter,1.69,0.554089709762533,2.0,1,0.5
2026-09-27,liga_mx,Liga MX,Necaxa vs Club America,1,False,Goles,goles,Total,Goles: Más de 1.5,1.5,0.8207,0.8019,no_meter,1.2,0.7831194650280138,6.0,1,4.5
2026-09-27,liga_mx,Liga MX,Necaxa vs Club America,2,False,Córners,corners,Total,Córners: Más de 8.5,8.5,0.7555,0.7451,no_meter,1.357,,6.0,0,0.5
2026-09-27,liga_mx,Liga MX,Necaxa vs Club America,3,False,Doble y goles,dc_goles,1X,Necaxa o empate y menos de 5.5,5.5,0.6669,0.7441,no_meter,1.778,0.8949880668257757,6.0,0,0.5
2026-09-27,liga_mx,Liga MX,Necaxa vs Club America,4,False,Remates a puerta,remates_on,Visita,Remates a puerta Visita: Menos de 7.5,7.5,0.6868,0.6868,no_meter,1.364,,6.0,0,2.5
2026-09-27,liga_mx,Liga MX,Necaxa vs Club America,5,False,Goles equipo,goles_equipo,Visitante,Goles Club America: Menos de 2.5,2.5,0.7941,0.6135,no_meter,1.312,0.4329896907216495,6.0,0,1.5
2026-09-27,liga_mx,Liga MX,Necaxa vs Club America,6,False,Remates,remates,Total,Remates: Menos de 31.5,31.5,0.6108,0.6108,no_meter,1.583,,6.0,0,4.5
2026-09-27,liga_mx,Liga MX,Necaxa vs Club America,7,False,BTTS,btts,Ambos marcan,Ambos marcan: Sí,,0.5805,0.5823,no_meter,1.625,0.5806451612903226,6.0,1,
2026-09-27,liga_mx,Liga MX,Necaxa vs Club America,8,False,Tarjetas,tarjetas,Total,Tarjetas: Más de 3.5,3.5,0.5678,0.5678,no_meter,1.4,,6.0,0,3.5
2026-09-28,esp_hypermotion,LaLiga Hypermotion,Leganes vs Castellon,1,True,Goles,goles,Total,Goles: Menos de 3.5,3.5,0.7611,0.7316,meter,1.333,0.7021894548704201,2.0,1,1.5
2026-09-28,esp_hypermotion,LaLiga Hypermotion,Leganes vs Castellon,2,True,Doble oportunidad,resultado,Doble,Leganes o Castellon,,0.6602,0.7169,meter,1.3,,2.0,1,
2026-09-28,esp_hypermotion,LaLiga Hypermotion,Leganes vs Castellon,3,False,Córners,corners,Total,Córners: Más de 7.5,7.5,0.6318,0.7169,meter,1.333,,2.0,0,0.5
2026-09-28,esp_hypermotion,LaLiga Hypermotion,Leganes vs Castellon,4,False,Remates a puerta,remates_on,Local,Remates a puerta Local: Más de 2.5,2.5,0.7353,0.7353,no_meter,1.25,,2.0,0,0.5
2026-09-28,esp_hypermotion,LaLiga Hypermotion,Leganes vs Castellon,5,False,Remates,remates,Total,Remates: Más de 24.5,24.5,0.577,0.577,no_meter,1.571,,2.0,1,12.5
2026-09-28,esp_hypermotion,LaLiga Hypermotion,Leganes vs Castellon,6,False,BTTS,btts,Ambos marcan,Ambos marcan: Sí,,0.5396,0.5637,no_meter,1.69,0.5481283422459893,2.0,0,
2026-09-28,esp_hypermotion,LaLiga Hypermotion,Leganes vs Castellon,7,False,Goles equipo,goles_equipo,Visitante,Goles Castellon: Menos de 1.5,1.5,0.7942,0.5305,no_meter,1.667,0.26670856903415036,2.0,0,0.5
2026-09-28,par_division,División Profesional,Sportivo San Lorenzo vs Deportivo Recoleta,1,True,Goles,goles,Total,Goles: Más de 1.5,1.5,0.7497,0.7386,meter,1.273,0.7275839931521506,0.0,0,1.5
2026-09-28,par_division,División Profesional,Sportivo San Lorenzo vs Deportivo Recoleta,2,False,Doble y goles,dc_goles,X2,Deportivo Recoleta o empate y menos de 4.5,4.5,0.6898,0.7843,no_meter,1.444,0.8333333333333334,0.0,1,4.5
2026-09-28,par_division,División Profesional,Sportivo San Lorenzo vs Deportivo Recoleta,3,False,Córners,corners,Total,Córners: Más de 8.5,8.5,0.5161,0.5792,no_meter,1.5,,0.0,1,5.5
2026-09-28,par_division,División Profesional,Sportivo San Lorenzo vs Deportivo Recoleta,4,False,BTTS,btts,Ambos marcan,Ambos marcan: Sí,,0.5262,0.5629,no_meter,1.7,0.5466666666666666,0.0,0,
2026-09-28,par_division,División Profesional,Sportivo San Lorenzo vs Deportivo Recoleta,5,False,Goles equipo,goles_equipo,Local,Goles Sportivo San Lorenzo: Menos de 1.5,1.5,0.7561,0.5143,no_meter,1.455,0.27241600684784933,0.0,1,1.5
2026-09-28,par_division,División Profesional,Libertad vs Club Olimpia,1,True,Doble oportunidad,resultado,Doble,Libertad o Club Olimpia,,0.7047,0.7389,meter,1.308,,1.0,1,
2026-09-28,par_division,División Profesional,Libertad vs Club Olimpia,2,True,Goles,goles,Total,Goles: Menos de 3.5,3.5,0.7642,0.7377,meter,1.3,0.7111111111111111,1.0,1,2.5
2026-09-28,par_division,División Profesional,Libertad vs Club Olimpia,3,False,Córners,corners,Total,Córners: Más de 8.5,8.5,0.6696,0.7213,no_meter,1.455,,1.0,0,0.5
2026-09-28,par_division,División Profesional,Libertad vs Club Olimpia,4,False,BTTS,btts,Ambos marcan,Ambos marcan: Sí,,0.5302,0.5629,no_meter,1.7,0.5466666666666666,1.0,0,
2026-09-28,par_division,División Profesional,Libertad vs Club Olimpia,5,False,Goles equipo,goles_equipo,Visitante,Goles Club Olimpia: Menos de 1.5,1.5,0.7509,0.5147,no_meter,1.556,0.2784152413942412,1.0,1,0.5
2026-09-28,bra_serie_b,Brasileirão Série B,América Mineiro vs Juventude,1,True,Goles,goles,Total,Goles: Menos de 3.5,3.5,0.8017,0.7838,meter,1.222,0.7659900421294522,1.0,1,2.5
2026-09-28,bra_serie_b,Brasileirão Série B,América Mineiro vs Juventude,2,True,Córners,corners,Total,Córners: Más de 7.5,7.5,0.8208,0.7453,meter,1.25,,1.0,1,2.5
2026-09-28,bra_serie_b,Brasileirão Série B,América Mineiro vs Juventude,3,False,Doble y goles,dc_goles,X2,Juventude o empate y menos de 4.5,4.5,0.6849,0.8043,no_meter,1.25,0.8754523170304657,1.0,1,3.5
2026-09-28,bra_serie_b,Brasileirão Série B,América Mineiro vs Juventude,4,False,Tarjetas,tarjetas,Local,Tarjetas Local: Menos de 2.5,2.5,0.6238,0.6238,no_meter,1.571,,1.0,1,2.5
2026-09-28,bra_serie_b,Brasileirão Série B,América Mineiro vs Juventude,5,False,Remates a puerta,remates_on,Visita,Remates a puerta Visita: Más de 3.5,3.5,0.5618,0.5618,no_meter,1.52,,1.0,0,0.5
2026-09-28,bra_serie_b,Brasileirão Série B,América Mineiro vs Juventude,6,False,BTTS,btts,Ambos marcan,Ambos marcan: No,,0.5319,0.5589,no_meter,1.714,0.5385029617662898,1.0,1,
2026-09-28,bra_serie_b,Brasileirão Série B,América Mineiro vs Juventude,7,False,Goles equipo,goles_equipo,Local,Goles América Mineiro: Menos de 1.5,1.5,0.7387,0.5326,no_meter,1.2,0.3264969354078265,1.0,1,1.5
2026-09-28,uru_primera,Primera División,Montevideo Wanderers vs Albion FC,1,True,Goles,goles,Total,Goles: Menos de 3.5,3.5,0.7725,0.7612,meter,1.25,0.75,3.0,1,0.5
2026-09-28,uru_primera,Primera División,Montevideo Wanderers vs Albion FC,2,True,Córners,corners,Total,Córners: Menos de 11.5,11.5,0.7271,0.7389,meter,1.25,,3.0,1,4.5
2026-09-28,uru_primera,Primera División,Montevideo Wanderers vs Albion FC,3,False,Doble oportunidad,resultado,Doble,Montevideo Wanderers o empate,,0.7316,0.72,meter,1.308,0.7010969113838769,3.0,1,
2026-09-28,uru_primera,Primera División,Montevideo Wanderers vs Albion FC,4,False,Goles equipo,goles_equipo,Local,Goles Montevideo Wanderers: Más de 0.5,0.5,0.7873,0.827,no_meter,1.3,0.8666584127770212,3.0,1,1.5
2026-09-28,uru_primera,Primera División,Montevideo Wanderers vs Albion FC,5,False,BTTS,btts,Ambos marcan,Ambos marcan: Sí,,0.5073,0.496,no_meter,1.8,0.5095367847411445,3.0,1,
2026-09-28,selecciones,UEFA - Nations League C,Latvia vs Cyprus,1,True,Córners,corners,Total,Córners: Más de 6.5,6.5,0.8397,0.749,meter,1.222,,0.0,1,8.5
2026-09-28,selecciones,UEFA - Nations League C,Latvia vs Cyprus,2,False,Doble y goles,dc_goles,12,Latvia o Cyprus y menos de 4.5,4.5,0.6355,0.8113,no_meter,1.417,0.9057971014492753,0.0,0,4.5
2026-09-28,selecciones,UEFA - Nations League C,Latvia vs Cyprus,3,False,Goles equipo,goles_equipo,Visitante,Goles Cyprus: Más de 0.5,0.5,0.6997,0.7752,no_meter,1.4,0.850752283718431,0.0,0,0.5
2026-09-28,selecciones,UEFA - Nations League C,Latvia vs Cyprus,4,False,Tarjetas,tarjetas,Total,Tarjetas: Más de 2.5,2.5,0.6924,0.6924,no_meter,1.25,,0.0,1,3.5
2026-09-28,selecciones,UEFA - Nations League C,Latvia vs Cyprus,5,False,Goles,goles,Total,Goles: Más de 1.5,1.5,0.6447,0.637,no_meter,1.5,0.6292634700939199,0.0,0,1.5
2026-09-28,selecciones,UEFA - Nations League C,Latvia vs Cyprus,6,False,BTTS,btts,Ambos marcan,Ambos marcan: No,,0.5482,0.5654,no_meter,1.714,0.550603041426324,0.0,1,
2026-09-28,selecciones,UEFA - Nations League C,Armenia vs Montenegro,1,True,Tarjetas,tarjetas,Total,Tarjetas: Más de 2.5,2.5,0.7764,0.7764,meter,1.286,,5.0,1,1.5
2026-09-28,selecciones,UEFA - Nations League C,Armenia vs Montenegro,2,True,Goles,goles,Total,Goles: Menos de 3.5,3.5,0.7528,0.7476,meter,1.273,0.7423076923076923,5.0,0,1.5
2026-09-28,selecciones,UEFA - Nations League C,Armenia vs Montenegro,3,False,Córners,corners,Total,Córners: Menos de 12,12.0,0.7868,0.7451,meter,1.231,,5.0,1,6.0
2026-09-28,selecciones,UEFA - Nations League C,Armenia vs Montenegro,4,False,Doble oportunidad,resultado,Doble,Armenia o Montenegro,,0.699,0.7389,meter,1.32,,5.0,1,
2026-09-28,selecciones,UEFA - Nations League C,Armenia vs Montenegro,5,False,Goles equipo,goles_equipo,Local,Goles Armenia: Menos de 1.5,1.5,0.725,0.5127,no_meter,1.476,0.30046739372357,5.0,0,0.5
2026-09-28,selecciones,UEFA - Nations League C,Armenia vs Montenegro,6,False,BTTS,btts,Ambos marcan,Ambos marcan: Sí,,0.5093,0.5017,no_meter,1.8,0.5202558635394456,5.0,1,
2026-09-27,selecciones,CONCACAF - Nations League B,Dominica vs Puerto Rico,1,True,Goles,goles,Total,Goles: Más de 1.5,1.5,0.7561,0.7418,meter,1.273,0.7275839931521506,2.0,1,0.5
2026-09-27,selecciones,CONCACAF - Nations League B,Dominica vs Puerto Rico,2,False,Goles equipo,goles_equipo,Local,Goles Dominica: Más de 0.5,0.5,0.7688,0.7688,no_meter,1.667,,2.0,0,0.5
2026-09-27,selecciones,CONCACAF - Nations League B,Dominica vs Puerto Rico,3,False,Doble y goles,dc_goles,12,Dominica o Puerto Rico y más de 1.5,1.5,0.5809,0.6558,no_meter,1.52,0.7275839931521506,2.0,1,0.5
2026-09-27,selecciones,CONCACAF - Nations League B,Dominica vs Puerto Rico,4,False,BTTS,btts,Ambos marcan,Ambos marcan: Sí,,0.5115,0.4783,no_meter,1.95,0.47297297297297297,2.0,0,
2026-09-27,selecciones,CONCACAF - Nations League A,Curaçao vs Nicaragua,1,False,1X2,resultado,Resultado,Gana Curaçao,,0.6472,0.6902,no_meter,1.425,0.6634934691166704,7.0,1,
2026-09-27,selecciones,CONCACAF - Nations League A,Trinidad and Tobago vs Dominican Republic,1,True,Goles,goles,Total,Goles: Más de 1.5,1.5,0.7938,0.774,meter,1.222,0.7542236524537409,3.0,1,1.5
2026-09-27,selecciones,CONCACAF - Nations League A,Trinidad and Tobago vs Dominican Republic,2,False,Goles equipo,goles_equipo,Local,Goles Trinidad and Tobago: Más de 0.5,0.5,0.8249,0.8249,no_meter,1.25,,3.0,1,0.5
2026-09-27,selecciones,CONCACAF - Nations League A,Trinidad and Tobago vs Dominican Republic,3,False,Doble y goles,dc_goles,1X,Trinidad and Tobago o empate y menos de 4.5,4.5,0.6611,0.7036,no_meter,1.636,0.8139345596614033,3.0,0,1.5
2026-09-27,selecciones,CONCACAF - Nations League A,Trinidad and Tobago vs Dominican Republic,4,False,BTTS,btts,Ambos marcan,Ambos marcan: Sí,,0.5786,0.5815,no_meter,1.6,0.5789473684210527,3.0,1,
2026-09-28,selecciones,International - Friendlies,Kyrgyzstan vs Maldives,1,True,Goles,goles,Total,Goles: Más de 2.5,2.5,0.7396,0.7336,meter,1.273,0.7275839931521506,5.0,1,2.5
2026-09-28,selecciones,International - Friendlies,Kyrgyzstan vs Maldives,2,False,Doble y goles,dc_goles,1X,Kyrgyzstan o empate y menos de 5.5,5.5,0.8243,0.7455,no_meter,1.2,,5.0,1,0.5
2026-09-28,selecciones,International - Friendlies,Kyrgyzstan vs Maldives,3,False,BTTS,btts,Ambos marcan,Ambos marcan: No,,0.6706,0.6826,no_meter,1.444,0.6429277942631059,5.0,1,
2026-09-28,selecciones,CAF - Africa Cup of Nations Qualifiers,Zimbabwe vs DR Congo,1,True,Doble oportunidad,resultado,Resultado,DR Congo o empate,,0.826,0.826,meter,1.125,0.8504,3.0,1,
2026-09-28,selecciones,CAF - Africa Cup of Nations Qualifiers,Zimbabwe vs DR Congo,2,False,Goles equipo,goles_equipo,Visitante,Goles DR Congo: Más de 0.5,0.5,0.8304,0.8387,no_meter,1.222,0.847098686997035,3.0,1,1.5
2026-09-28,selecciones,CAF - Africa Cup of Nations Qualifiers,Zimbabwe vs DR Congo,3,False,Goles,goles,Total,Goles: Más de 1.5,1.5,0.6862,0.6613,no_meter,1.455,0.636340914771307,3.0,1,1.5
2026-09-28,selecciones,CAF - Africa Cup of Nations Qualifiers,Zimbabwe vs DR Congo,4,False,BTTS,btts,Ambos marcan,Ambos marcan: No,,0.5899,0.5998,no_meter,1.5,0.6153846153846154,3.0,0,
2026-09-28,selecciones,CAF - Africa Cup of Nations Qualifiers,Central African Republic vs Burkina Faso,1,True,Goles,goles,Total,Goles: Más de 1.5,1.5,0.7897,0.772,meter,1.222,0.7542236524537409,1.0,0,0.5
2026-09-28,selecciones,CAF - Africa Cup of Nations Qualifiers,Central African Republic vs Burkina Faso,2,True,1X2,resultado,Resultado,Gana Burkina Faso,,0.7074,0.7348,meter,1.267,0.7306833882452971,1.0,1,
2026-09-28,selecciones,CAF - Africa Cup of Nations Qualifiers,Central African Republic vs Burkina Faso,3,False,Goles equipo,goles_equipo,Visitante,Goles Burkina Faso: Menos de 2.5,2.5,0.7389,0.5961,no_meter,1.556,0.4533333333333333,1.0,1,1.5
2026-09-28,selecciones,CAF - Africa Cup of Nations Qualifiers,Central African Republic vs Burkina Faso,4,False,BTTS,btts,Ambos marcan,Ambos marcan: No,,0.6,0.5926,no_meter,1.556,0.595002602811036,1.0,1,
2026-09-28,selecciones,CAF - Africa Cup of Nations Qualifiers,Equatorial Guinea vs Sierra Leone,1,False,Goles equipo,goles_equipo,Local,Goles Equatorial Guinea: Más de 0.5,0.5,0.7494,0.7914,no_meter,1.364,0.8333333333333334,1.0,1,0.5
2026-09-28,selecciones,CAF - Africa Cup of Nations Qualifiers,Equatorial Guinea vs Sierra Leone,2,False,Doble oportunidad,resultado,Doble,Equatorial Guinea o Sierra Leone,,0.719,0.7389,no_meter,1.35,,1.0,1,
2026-09-28,selecciones,CAF - Africa Cup of Nations Qualifiers,Equatorial Guinea vs Sierra Leone,3,False,Goles,goles,Total,Goles: Más de 1.5,1.5,0.6435,0.6294,no_meter,1.5,0.6153846153846154,1.0,0,0.5
2026-09-28,selecciones,CAF - Africa Cup of Nations Qualifiers,Equatorial Guinea vs Sierra Leone,4,False,BTTS,btts,Ambos marcan,Ambos marcan: No,,0.5734,0.5815,no_meter,1.6,0.5789473684210527,1.0,1,
2026-09-28,selecciones,CONCACAF - Nations League B,Guadeloupe vs Barbados,1,True,Goles,goles,Total,Goles: Más de 1.5,1.5,0.7657,0.7436,meter,1.286,0.7215847586057588,4.0,1,2.5
2026-09-28,selecciones,CONCACAF - Nations League B,Guadeloupe vs Barbados,2,False,Doble y goles,dc_goles,1X,Guadeloupe o empate y más de 1.5,1.5,0.8518,0.7367,no_meter,1.833,0.7215847586057588,4.0,1,2.5
2026-09-28,selecciones,CONCACAF - Nations League B,Guadeloupe vs Barbados,3,False,Goles equipo,goles_equipo,Visitante,Goles Barbados: Menos de 1.5,1.5,0.8965,0.5875,no_meter,1.455,0.2784152413942412,4.0,0,0.5
2026-09-28,selecciones,CONCACAF - Nations League B,Guadeloupe vs Barbados,4,False,BTTS,btts,Ambos marcan,Ambos marcan: Sí,,0.5131,0.5629,no_meter,1.7,0.5466666666666666,4.0,1,
2026-09-28,selecciones,CONCACAF - Nations League A,Suriname vs Martinique,1,True,Doble oportunidad,resultado,Resultado,Suriname o empate,,0.829,0.829,meter,1.133,0.8416,3.0,1,
2026-09-28,selecciones,CONCACAF - Nations League A,Suriname vs Martinique,2,True,Goles,goles,Total,Goles: Más de 1.5,1.5,0.7305,0.7208,meter,1.3,0.7111111111111111,3.0,1,1.5
2026-09-28,selecciones,CONCACAF - Nations League A,Suriname vs Martinique,3,False,Goles equipo,goles_equipo,Local,Goles Suriname: Menos de 2.5,2.5,0.6942,0.6106,no_meter,1.286,0.527027027027027,3.0,1,0.5
2026-09-28,selecciones,CONCACAF - Nations League A,Suriname vs Martinique,4,False,BTTS,btts,Ambos marcan,Ambos marcan: No,,0.5396,0.5629,no_meter,1.7,0.5466666666666666,3.0,0,
2026-09-27,mex_femenil,Liga MX Femenil,Tigres vs Atlético de San Luis,1,True,Goles,goles,Total,Goles: Más de 2.5,2.5,0.7969,0.7909,meter,1.22,0.7848324514991181,2.0,0,0.5
2026-09-28,mex_femenil,Liga MX Femenil,Atlante vs Pumas,1,True,Goles,goles,Total,Goles: Menos de 4.5,4.5,0.8032,0.7847,meter,1.22,0.7662835249042146,0.0,1,4.5
2026-09-28,mex_femenil,Liga MX Femenil,Atlante vs Pumas,2,False,1X2,resultado,Resultado,Gana Pumas,,0.655,0.7075,no_meter,1.36,0.6980703745743473,0.0,0,
2026-09-28,selecciones,CAF - Africa Cup of Nations Qualifiers,Tunisia vs Botswana,1,True,1X2,resultado,Resultado,Gana Tunisia,,0.744,0.744,meter,1.2,0.812,4.0,0,
2026-09-28,selecciones,CAF - Africa Cup of Nations Qualifiers,Tunisia vs Botswana,2,True,Goles,goles,Total,Goles: Más de 1.5,1.5,0.7684,0.7553,meter,1.25,0.7422680412371133,4.0,1,2.5
2026-09-28,selecciones,CAF - Africa Cup of Nations Qualifiers,Tunisia vs Botswana,3,False,Goles equipo,goles_equipo,Local,Goles Tunisia: Más de 1.5,1.5,0.735,0.7386,no_meter,1.4,0.7422680412371133,4.0,1,0.5
2026-09-28,selecciones,CAF - Africa Cup of Nations Qualifiers,Tunisia vs Botswana,4,False,BTTS,btts,Ambos marcan,Ambos marcan: No,,0.6754,0.7033,no_meter,1.364,0.6801125703564727,4.0,0,
2026-09-28,mex_femenil,Liga MX Femenil,Club León vs CF América,1,True,1X2,resultado,Resultado,Gana CF América,,0.767,0.7525,meter,1.25,0.7598604775959217,5.0,1,
2026-09-28,mex_femenil,Liga MX Femenil,Club León vs CF América,2,False,Goles,goles,Total,Goles: Más de 2.5,2.5,0.7226,0.7096,no_meter,1.35,0.6966292134831461,5.0,1,2.5
2026-09-28,selecciones,Africa Cup of Nations Qualification,Botswana vs Tunisia,1,True,1X2,resultado,Resultado,Gana Tunisia,,0.7278,0.7546,meter,1.2,0.7703081232492998,4.0,0,
2026-09-28,selecciones,Africa Cup of Nations Qualification,Botswana vs Tunisia,2,True,Goles,goles,Total,Goles: Más de 1.5,1.5,0.7454,0.7365,meter,1.273,0.7275839931521506,4.0,1,2.5
2026-09-28,selecciones,Africa Cup of Nations Qualification,Botswana vs Tunisia,3,False,BTTS,btts,Ambos marcan,Ambos marcan: No,,0.6374,0.6985,no_meter,1.364,0.6801125703564727,4.0,0,
2026-09-28,selecciones,Africa Cup of Nations Qualification,Botswana vs Tunisia,4,False,Goles equipo,goles_equipo,Visitante,Goles Tunisia: Menos de 2.5,2.5,0.7341,0.617,no_meter,1.556,0.5,4.0,1,0.5
2026-09-28,selecciones,Partidos Amistosos Internacionales,Tajikistan vs Palestine,1,True,Goles,goles,Total,Goles: Menos de 3.5,3.5,0.7769,0.7668,meter,1.222,0.7566706491437674,6.0,0,2.5
2026-09-28,selecciones,Partidos Amistosos Internacionales,Tajikistan vs Palestine,2,True,Doble oportunidad,resultado,Doble,Tajikistan o Palestine,,0.711,0.7389,meter,1.333,,6.0,1,
2026-09-28,selecciones,Partidos Amistosos Internacionales,Tajikistan vs Palestine,3,False,BTTS,btts,Ambos marcan,Ambos marcan: Sí,,0.5037,0.4865,no_meter,1.875,0.49228269699431354,6.0,1,
2026-09-28,par_division,División Profesional,Sportivo San Lorenzo vs Deportivo Recoleta,1,True,Goles,goles,Total,Goles: Más de 1.5,1.5,0.7508,0.7392,meter,1.273,0.7275839931521506,0.0,0,1.5
2026-09-28,par_division,División Profesional,Sportivo San Lorenzo vs Deportivo Recoleta,2,True,Doble oportunidad,resultado,Doble,Deportivo Recoleta o empate,,0.7295,0.7201,meter,1.308,0.7012110876342902,0.0,1,
2026-09-28,par_division,División Profesional,Sportivo San Lorenzo vs Deportivo Recoleta,3,False,Córners,corners,Total,Córners: Menos de 9.5,9.5,0.5794,0.584,no_meter,1.75,,0.0,0,4.5
2026-09-28,par_division,División Profesional,Sportivo San Lorenzo vs Deportivo Recoleta,4,False,BTTS,btts,Ambos marcan,Ambos marcan: Sí,,0.5302,0.5629,no_meter,1.7,0.5466666666666666,0.0,0,
2026-09-28,par_division,División Profesional,Sportivo San Lorenzo vs Deportivo Recoleta,5,False,Goles equipo,goles_equipo,Visitante,Goles Deportivo Recoleta: Menos de 1.5,1.5,0.7319,0.5022,no_meter,1.667,0.27241600684784933,0.0,1,1.5
2026-09-28,par_division,División Profesional,Libertad vs Club Olimpia,1,True,Goles,goles,Total,Goles: Menos de 3.5,3.5,0.7733,0.7474,meter,1.286,0.7215847586057588,1.0,1,2.5
2026-09-28,par_division,División Profesional,Libertad vs Club Olimpia,2,True,Doble oportunidad,resultado,Doble,Libertad o Club Olimpia,,0.7051,0.7389,meter,1.333,,1.0,1,
2026-09-28,par_division,División Profesional,Libertad vs Club Olimpia,3,False,BTTS,btts,Ambos marcan,Ambos marcan: Sí,,0.5302,0.5629,no_meter,1.7,0.5466666666666666,1.0,0,
2026-09-28,par_division,División Profesional,Libertad vs Club Olimpia,4,False,Goles equipo,goles_equipo,Visitante,Goles Club Olimpia: Menos de 1.5,1.5,0.7419,0.5154,no_meter,1.5,0.2888888888888889,1.0,1,0.5
2026-09-29,selecciones,UEFA - Nations League A,Spain vs Croatia,1,True,1X2,resultado,Resultado,Gana Spain,,0.735,0.735,meter,1.222,0.8045,5.0,1,
2026-09-29,selecciones,UEFA - Nations League A,Spain vs Croatia,2,True,Tarjetas,tarjetas,Total,Tarjetas: Menos de 4.5,4.5,0.7786,0.7786,meter,1.3,,5.0,0,0.5
2026-09-29,selecciones,UEFA - Nations League A,Spain vs Croatia,3,False,Goles equipo,goles_equipo,Local,Goles Spain: Más de 1.5,1.5,0.6808,0.7586,meter,1.25,0.8363636363636364,5.0,1,2.5
2026-09-29,selecciones,UEFA - Nations League A,Spain vs Croatia,4,False,Córners,corners,Total,Córners: Menos de 12,12.0,0.8453,0.7515,meter,1.2,,5.0,1,4.0
2026-09-29,selecciones,UEFA - Nations League A,Spain vs Croatia,5,False,Goles,goles,Total,Goles: Menos de 4.5,4.5,0.7382,0.7237,meter,1.333,0.7091424830896792,5.0,0,0.5
2026-09-29,selecciones,UEFA - Nations League A,Spain vs Croatia,6,False,Remates,remates,Visita,Remates Visita: Más de 6.5,6.5,0.6706,0.6706,no_meter,1.417,,5.0,0,1.5
2026-09-29,selecciones,UEFA - Nations League A,Spain vs Croatia,7,False,Remates a puerta,remates_on,Visita,Remates a puerta Visita: Menos de 3.5,3.5,0.5812,0.5812,no_meter,1.286,,5.0,1,1.5
2026-09-29,selecciones,UEFA - Nations League A,Spain vs Croatia,8,False,BTTS,btts,Ambos marcan,Ambos marcan: No,,0.5568,0.5053,no_meter,1.8,0.5202558635394456,5.0,0,
2026-09-29,selecciones,UEFA - Nations League B,Slovenia vs North Macedonia,1,True,Doble oportunidad,resultado,Resultado,Slovenia o empate,,0.87,0.87,meter,1.125,0.8643,2.0,1,
2026-09-29,selecciones,UEFA - Nations League B,Slovenia vs North Macedonia,2,True,Goles,goles,Total,Goles: Menos de 3.5,3.5,0.7992,0.7912,meter,1.2,0.7831194650280138,2.0,1,1.5
2026-09-29,selecciones,UEFA - Nations League B,Slovenia vs North Macedonia,3,False,Córners,corners,Total,Córners: Menos de 11,11.0,0.8146,0.7451,meter,1.286,,2.0,1,2.0
2026-09-29,selecciones,UEFA - Nations League B,Slovenia vs North Macedonia,4,False,Tarjetas,tarjetas,Total,Tarjetas: Más de 2.5,2.5,0.698,0.698,no_meter,1.222,,2.0,1,0.5
2026-09-29,selecciones,UEFA - Nations League B,Slovenia vs North Macedonia,5,False,Goles equipo,goles_equipo,Local,Goles Slovenia: Más de 1.5,1.5,0.622,0.6374,no_meter,1.909,0.6527176527176527,2.0,1,0.5
2026-09-29,selecciones,UEFA - Nations League B,Slovenia vs North Macedonia,6,False,BTTS,btts,Ambos marcan,Ambos marcan: No,,0.5978,0.6001,no_meter,1.526,0.6113092205807437,2.0,1,
2026-09-29,selecciones,UEFA - Nations League A,Czechia vs England,1,False,1X2,resultado,Resultado,Gana England,,0.6274,0.6837,no_meter,1.454,0.6504199948909388,2.0,1,
2026-09-29,selecciones,UEFA - Nations League B,Scotland vs Switzerland,1,True,Goles,goles,Total,Goles: Menos de 3.5,3.5,0.7493,0.757,meter,1.231,0.7646721468170522,3.0,1,0.5
2026-09-29,selecciones,UEFA - Nations League B,Scotland vs Switzerland,2,True,Córners,corners,Local,Córners Local: Más de 2.5,2.5,0.7967,0.7451,meter,1.25,,3.0,0,0.5
2026-09-29,selecciones,UEFA - Nations League B,Scotland vs Switzerland,3,False,Doble y goles,dc_goles,12,Scotland o Switzerland y menos de 5.5,5.5,0.6757,0.8297,no_meter,1.231,0.9327115256495669,3.0,1,2.5
2026-09-29,selecciones,UEFA - Nations League B,Scotland vs Switzerland,4,False,Remates a puerta,remates_on,Total,Remates a puerta: Más de 6.5,6.5,0.7483,0.7483,no_meter,1.35,,3.0,1,2.5
2026-09-29,selecciones,UEFA - Nations League B,Scotland vs Switzerland,5,False,Goles equipo,goles_equipo,Visitante,Goles Switzerland: Menos de 2.5,2.5,0.8207,0.6939,no_meter,1.2,0.5670103092783505,3.0,0,0.5
2026-09-29,selecciones,UEFA - Nations League B,Scotland vs Switzerland,6,False,Tarjetas,tarjetas,Total,Tarjetas: Más de 2.5,2.5,0.5981,0.5981,no_meter,1.286,,3.0,0,1.5
2026-09-29,selecciones,UEFA - Nations League B,Scotland vs Switzerland,7,False,Remates,remates,Local,Remates Local: Menos de 11.5,11.5,0.5802,0.5802,no_meter,1.5,,3.0,1,9.5
2026-09-29,selecciones,UEFA - Nations League B,Scotland vs Switzerland,8,False,BTTS,btts,Ambos marcan,Ambos marcan: No,,0.5308,0.56,no_meter,1.741,0.5407544183592718,3.0,1,
2026-09-29,selecciones,International - Friendlies,Australia vs Brazil,1,True,Goles,goles,Total,Goles: Menos de 4.5,4.5,0.8067,0.7922,meter,1.2,0.7777777777777778,6.0,0,1.5
2026-09-29,selecciones,International - Friendlies,Australia vs Brazil,2,False,Doble y goles,dc_goles,12,Australia o Brazil y menos de 5.5,5.5,0.6508,0.7918,no_meter,1.231,0.8666584127770212,6.0,0,0.5
2026-09-29,selecciones,International - Friendlies,Australia vs Brazil,3,False,Tarjetas,tarjetas,Total,Tarjetas: Más de 1.5,1.5,0.6599,0.6599,no_meter,1.4,,6.0,1,2.5
2026-09-29,selecciones,International - Friendlies,Australia vs Brazil,4,False,Córners,corners,Local,Córners Local: Menos de 3.5,3.5,0.5729,0.5839,no_meter,1.75,,6.0,0,0.5
2026-09-29,selecciones,International - Friendlies,Australia vs Brazil,5,False,Goles equipo,goles_equipo,Visitante,Goles Brazil: Menos de 2.5,2.5,0.7434,0.5718,no_meter,1.6,0.4001028542041656,6.0,0,1.5
2026-09-29,selecciones,International - Friendlies,Australia vs Brazil,6,False,BTTS,btts,Ambos marcan,Ambos marcan: Sí,,0.5373,0.5,no_meter,1.8,0.5095367847411445,6.0,1,
2026-09-29,selecciones,UEFA - Nations League C,Luxembourg vs Iceland,1,True,Goles,goles,Total,Goles: Menos de 3.5,3.5,0.7627,0.7637,meter,1.231,0.7646721468170522,3.0,1,0.5
2026-09-29,selecciones,UEFA - Nations League C,Luxembourg vs Iceland,2,True,Doble oportunidad,resultado,Doble,Luxembourg o Iceland,,0.73,0.7389,meter,1.32,,3.0,1,
2026-09-29,selecciones,UEFA - Nations League C,Luxembourg vs Iceland,3,False,Goles equipo,goles_equipo,Visitante,Goles Iceland: Más de 0.5,0.5,0.7771,0.8295,no_meter,1.303,0.8819314298313307,3.0,1,2.5
2026-09-29,selecciones,UEFA - Nations League C,Luxembourg vs Iceland,4,False,Córners,corners,Local,Córners Local: Más de 3.5,3.5,0.6509,0.7169,no_meter,1.455,,3.0,0,1.5
2026-09-29,selecciones,UEFA - Nations League C,Luxembourg vs Iceland,5,False,BTTS,btts,Ambos marcan,Ambos marcan: Sí,,0.5222,0.4932,no_meter,1.909,0.5,3.0,0,
2026-09-29,selecciones,CAF - Africa Cup of Nations Qualifiers,Ethiopia vs Senegal,1,True,Goles,goles,Total,Goles: Más de 1.5,1.5,0.7486,0.7299,meter,1.3,0.7111111111111111,1.0,0,0.5
2026-09-29,selecciones,CAF - Africa Cup of Nations Qualifiers,Ethiopia vs Senegal,2,False,Doble y goles,dc_goles,X2,Senegal o empate y más de 1.5,1.5,0.7421,0.7269,no_meter,1.333,0.7111111111111111,1.0,0,0.5
2026-09-29,selecciones,CAF - Africa Cup of Nations Qualifiers,Ethiopia vs Senegal,3,False,Goles equipo,goles_equipo,Visitante,Goles Senegal: Más de 1.5,1.5,0.6846,0.6979,no_meter,1.6,0.7111111111111111,1.0,0,0.5
2026-09-29,selecciones,CAF - Africa Cup of Nations Qualifiers,Ethiopia vs Senegal,4,False,BTTS,btts,Ambos marcan,Ambos marcan: No,,0.6311,0.6043,no_meter,1.5,0.6153846153846154,1.0,1,
2026-09-29,selecciones,CAF - Africa Cup of Nations Qualifiers,Sudan vs Egypt,1,True,1X2,resultado,Resultado,Gana Egypt,,0.7896,0.7723,meter,1.19,0.7792399811619104,5.0,1,
2026-09-29,selecciones,UEFA - Nations League C,Bulgaria vs Estonia,1,True,Doble oportunidad,resultado,Resultado,Bulgaria o empate,,0.831,0.831,meter,1.167,0.8336,0.0,1,
2026-09-29,selecciones,UEFA - Nations League C,Bulgaria vs Estonia,2,True,Goles,goles,Total,Goles: Menos de 3.5,3.5,0.7741,0.7786,meter,1.2,0.7831194650280138,0.0,1,3.5
2026-09-29,selecciones,UEFA - Nations League C,Bulgaria vs Estonia,3,False,Córners,corners,Total,Córners: Menos de 12,12.0,0.8096,0.7451,meter,1.2,,0.0,0,0.0
2026-09-29,selecciones,UEFA - Nations League C,Bulgaria vs Estonia,4,False,Goles equipo,goles_equipo,Local,Goles Bulgaria: Más de 0.5,0.5,0.868,0.8666,no_meter,1.222,0.8651588184402422,0.0,0,0.5
2026-09-29,selecciones,UEFA - Nations League C,Bulgaria vs Estonia,5,False,Tarjetas,tarjetas,Total,Tarjetas: Más de 3.5,3.5,0.5877,0.5877,no_meter,1.333,,0.0,1,1.5
2026-09-29,selecciones,UEFA - Nations League C,Bulgaria vs Estonia,6,False,BTTS,btts,Ambos marcan,Ambos marcan: No,,0.5405,0.5755,no_meter,1.647,0.5718741876787107,0.0,1,
2026-09-29,selecciones,CAF - Africa Cup of Nations Qualifiers,Lesotho vs Morocco,1,True,Goles,goles,Total,Goles: Más de 2.5,2.5,0.7119,0.7271,meter,1.25,0.7422680412371133,2.0,0,0.5
2026-09-29,selecciones,CAF - Africa Cup of Nations Qualifiers,Lesotho vs Morocco,2,False,Doble y goles,dc_goles,12,Lesotho o Morocco y menos de 5.5,5.5,0.8082,0.7572,no_meter,1.222,0.7692307692307692,2.0,1,3.5
2026-09-29,selecciones,CAF - Africa Cup of Nations Qualifiers,Lesotho vs Morocco,3,False,Goles equipo,goles_equipo,Local,Goles Lesotho: Menos de 0.5,0.5,0.7234,0.7234,no_meter,1.4,,2.0,1,0.5
2026-09-29,selecciones,CAF - Africa Cup of Nations Qualifiers,Lesotho vs Morocco,4,False,BTTS,btts,Ambos marcan,Ambos marcan: No,,0.7,0.6993,no_meter,1.4,0.6596985901798735,2.0,1,
2026-09-29,eng_national,National League,Boreham Wood vs Kidderminster,1,True,Goles,goles,Total,Goles: Menos de 4.5,4.5,0.781,0.7616,meter,1.25,0.7422680412371133,4.0,1,0.5
2026-09-29,eng_national,National League,Boreham Wood vs Kidderminster,2,False,Doble y goles,dc_goles,12,Boreham Wood o Kidderminster y más de 1.5,1.5,0.6005,0.7525,no_meter,1.3,0.804539295392954,4.0,1,2.5
2026-09-29,eng_national,National League,Boreham Wood vs Kidderminster,3,False,Goles equipo,goles_equipo,Local,Goles Boreham Wood: Menos de 2.5,2.5,0.7482,0.565,no_meter,1.667,0.38177653346907614,4.0,0,0.5
2026-09-29,eng_national,National League,Boreham Wood vs Kidderminster,4,False,BTTS,btts,Ambos marcan,Ambos marcan: Sí,,0.5294,0.5531,no_meter,1.75,0.527027027027027,4.0,1,
2026-09-29,eng_national,National League,Hartlepool vs Harrogate,1,True,Goles,goles,Total,Goles: Más de 1.5,1.5,0.791,0.7738,meter,1.222,0.7566706491437674,1.0,0,0.5
2026-09-29,eng_national,National League,Hartlepool vs Harrogate,2,False,Doble y goles,dc_goles,1X,Hartlepool o empate y menos de 4.5,4.5,0.6061,0.6501,no_meter,1.9,0.7940709370037058,1.0,0,3.5
2026-09-29,eng_national,National League,Hartlepool vs Harrogate,3,False,Goles equipo,goles_equipo,Visitante,Goles Harrogate: Menos de 2.5,2.5,0.8474,0.646,no_meter,1.273,0.44453333333333334,1.0,1,1.5
2026-09-29,eng_national,National League,Hartlepool vs Harrogate,4,False,BTTS,btts,Ambos marcan,Ambos marcan: Sí,,0.5931,0.5825,no_meter,1.6,0.5789473684210527,1.0,0,
2026-09-29,eng_national,National League,Woking vs Solihull,1,True,Goles,goles,Total,Goles: Menos de 4.5,4.5,0.8035,0.7864,meter,1.2,0.7692307692307692,6.0,0,1.5
2026-09-29,eng_national,National League,Woking vs Solihull,2,False,Doble y goles,dc_goles,1X,Woking o empate y menos de 4.5,4.5,0.6256,0.7431,no_meter,1.48,0.7692307692307692,6.0,0,1.5
2026-09-29,eng_national,National League,Woking vs Solihull,3,False,BTTS,btts,Ambos marcan,Ambos marcan: Sí,,0.5867,0.5895,no_meter,1.556,0.595002602811036,6.0,1,
2026-09-29,eng_national,National League,Woking vs Solihull,4,False,Goles equipo,goles_equipo,Visitante,Goles Solihull: Menos de 1.5,1.5,0.7317,0.4688,no_meter,1.455,0.20592906299629435,6.0,0,2.5
2026-09-29,eng_national,National League,Gateshead vs Altrincham,1,True,Goles,goles,Total,Goles: Más de 1.5,1.5,0.7988,0.784,meter,1.2,0.7692307692307692,1.0,0,0.5
2026-09-29,eng_national,National League,Gateshead vs Altrincham,2,False,Doble y goles,dc_goles,1X,Gateshead o empate y menos de 4.5,4.5,0.5978,0.6459,no_meter,2.2,0.7940709370037058,1.0,0,3.5
2026-09-29,eng_national,National League,Gateshead vs Altrincham,3,False,Goles equipo,goles_equipo,Visitante,Goles Altrincham: Menos de 2.5,2.5,0.8278,0.6314,no_meter,1.364,0.4349906939643712,1.0,1,1.5
2026-09-29,eng_national,National League,Gateshead vs Altrincham,4,False,BTTS,btts,Ambos marcan,Ambos marcan: Sí,,0.5456,0.5632,no_meter,1.7,0.5466666666666666,1.0,0,
2026-09-29,eng_national,National League,Fylde vs Carlisle,1,True,Goles,goles,Total,Goles: Menos de 4.5,4.5,0.7536,0.7376,meter,1.286,0.7215847586057588,2.0,1,2.5
2026-09-29,eng_national,National League,Fylde vs Carlisle,2,False,BTTS,btts,Ambos marcan,Ambos marcan: Sí,,0.642,0.6883,no_meter,1.4,0.6596985901798735,2.0,0,
2026-09-29,eng_national,National League,Fylde vs Carlisle,3,False,Doble y goles,dc_goles,1X,Fylde o empate y menos de 4.5,4.5,0.6488,0.6574,no_meter,1.75,0.7215847586057588,2.0,0,2.5
2026-09-29,eng_national,National League,Fylde vs Carlisle,4,False,Goles equipo,goles_equipo,Visitante,Goles Carlisle: Menos de 2.5,2.5,0.8809,0.6139,no_meter,1.222,0.3469637610186092,2.0,1,0.5
2026-09-29,eng_national,National League,Barrow vs Scunthorpe,1,True,Goles,goles,Total,Goles: Menos de 4.5,4.5,0.8088,0.789,meter,1.2,0.7692307692307692,3.0,1,1.5
2026-09-29,eng_national,National League,Barrow vs Scunthorpe,2,False,Doble y goles,dc_goles,1X,Barrow o empate y menos de 4.5,4.5,0.6295,0.6812,no_meter,1.571,0.7692307692307692,3.0,1,1.5
2026-09-29,eng_national,National League,Barrow vs Scunthorpe,3,False,BTTS,btts,Ambos marcan,Ambos marcan: Sí,,0.6044,0.604,no_meter,1.5,0.6153846153846154,3.0,0,
2026-09-29,eng_national,National League,Barrow vs Scunthorpe,4,False,Goles equipo,goles_equipo,Local,Goles Barrow: Menos de 2.5,2.5,0.7887,0.5968,no_meter,1.273,0.4049973971889641,3.0,0,0.5
2026-09-29,eng_national,National League,Hornchurch vs Aldershot,1,True,Goles,goles,Total,Goles: Más de 1.5,1.5,0.7585,0.7576,meter,1.222,0.7566706491437674,3.0,1,1.5
2026-09-29,eng_national,National League,Hornchurch vs Aldershot,2,True,Doble oportunidad,resultado,Doble,Hornchurch o empate,,0.695,0.7125,meter,1.333,0.6875745813374496,3.0,1,
2026-09-29,eng_national,National League,Hornchurch vs Aldershot,3,False,Goles equipo,goles_equipo,Local,Goles Hornchurch: Menos de 2.5,2.5,0.823,0.6376,no_meter,1.2,0.45216461785141643,3.0,1,0.5
2026-09-29,eng_national,National League,Hornchurch vs Aldershot,4,False,BTTS,btts,Ambos marcan,Ambos marcan: Sí,,0.5731,0.5814,no_meter,1.6,0.5789473684210527,3.0,1,
2026-09-29,eng_national,National League,Forest Green vs Wealdstone,1,True,Goles,goles,Total,Goles: Menos de 4.5,4.5,0.7881,0.7652,meter,1.25,0.7422680412371133,2.0,1,2.5
2026-09-29,eng_national,National League,Forest Green vs Wealdstone,2,False,Doble y goles,dc_goles,1X,Forest Green o empate y más de 1.5,1.5,0.6187,0.7661,no_meter,1.35,0.8152616990053807,2.0,1,0.5
2026-09-29,eng_national,National League,Forest Green vs Wealdstone,3,False,BTTS,btts,Ambos marcan,Ambos marcan: Sí,,0.6244,0.6043,no_meter,1.5,0.6153846153846154,2.0,1,
2026-09-29,eng_national,National League,Forest Green vs Wealdstone,4,False,Goles equipo,goles_equipo,Visitante,Goles Wealdstone: Menos de 1.5,1.5,0.6975,0.4411,no_meter,1.455,0.1847383009946193,2.0,1,0.5
2026-09-29,eng_national,National League,Yeovil vs Worthing,1,True,Goles,goles,Total,Goles: Menos de 4.5,4.5,0.7781,0.7674,meter,1.222,0.7566706491437674,2.0,1,2.5
2026-09-29,eng_national,National League,Yeovil vs Worthing,2,True,Doble oportunidad,resultado,Doble,Yeovil o empate,,0.689,0.7113,meter,1.333,0.6876996248389122,2.0,1,
2026-09-29,eng_national,National League,Yeovil vs Worthing,3,False,BTTS,btts,Ambos marcan,Ambos marcan: Sí,,0.6044,0.604,no_meter,1.5,0.6153846153846154,2.0,1,
2026-09-29,eng_national,National League,Yeovil vs Worthing,4,False,Goles equipo,goles_equipo,Local,Goles Yeovil: Menos de 2.5,2.5,0.7259,0.5586,no_meter,1.273,0.39134912461380017,2.0,1,1.5
2026-09-29,eng_national,National League,Halifax vs Boston Utd,1,True,Goles,goles,Total,Goles: Más de 1.5,1.5,0.7733,0.765,meter,1.222,0.7566706491437674,2.0,1,0.5
2026-09-29,eng_national,National League,Halifax vs Boston Utd,2,False,Doble y goles,dc_goles,1X,Halifax o empate y menos de 4.5,4.5,0.6707,0.7634,no_meter,1.462,0.804539295392954,2.0,1,2.5
2026-09-29,eng_national,National League,Halifax vs Boston Utd,3,False,Goles equipo,goles_equipo,Local,Goles Halifax: Menos de 2.5,2.5,0.8552,0.6537,no_meter,1.25,0.45216461785141643,2.0,1,1.5
2026-09-29,eng_national,National League,Halifax vs Boston Utd,4,False,BTTS,btts,Ambos marcan,Ambos marcan: Sí,,0.5731,0.5814,no_meter,1.6,0.5789473684210527,2.0,1,
2026-09-29,col_primera_a,Categoría Primera A,Deportivo Pereira vs Independiente Santa Fe,1,True,Goles,goles,Total,Goles: Más de 1.5,1.5,0.7487,0.7527,meter,1.222,0.7566706491437674,3.0,1,1.5
2026-09-29,col_primera_a,Categoría Primera A,Deportivo Pereira vs Independiente Santa Fe,2,False,Doble y goles,dc_goles,1X,Deportivo Pereira o empate y menos de 5.5,5.5,0.6801,0.7421,no_meter,1.733,0.8909853249475891,3.0,0,2.5
2026-09-29,col_primera_a,Categoría Primera A,Deportivo Pereira vs Independiente Santa Fe,3,False,Córners,corners,Total,Córners: Más de 7.5,7.5,0.6243,0.7169,no_meter,1.4,,3.0,1,1.5
2026-09-29,col_primera_a,Categoría Primera A,Deportivo Pereira vs Independiente Santa Fe,4,False,Tarjetas,tarjetas,Total,Tarjetas: Más de 4.5,4.5,0.6205,0.6205,no_meter,1.455,,3.0,0,4.5
2026-09-29,col_primera_a,Categoría Primera A,Deportivo Pereira vs Independiente Santa Fe,5,False,Remates,remates,Total,Remates: Menos de 26.5,26.5,0.5706,0.5706,no_meter,1.75,,3.0,1,7.5
2026-09-29,col_primera_a,Categoría Primera A,Deportivo Pereira vs Independiente Santa Fe,6,False,BTTS,btts,Ambos marcan,Ambos marcan: Sí,,0.539,0.5683,no_meter,1.667,0.5574727900185825,3.0,1,
2026-09-29,col_primera_a,Categoría Primera A,Deportivo Pereira vs Independiente Santa Fe,7,False,Remates a puerta,remates_on,Total,Remates a puerta: Menos de 8.5,8.5,0.5388,0.5388,no_meter,1.786,,3.0,0,1.5
2026-09-29,col_primera_a,Categoría Primera A,Deportivo Pereira vs Independiente Santa Fe,8,False,Goles equipo,goles_equipo,Visitante,Goles Independiente Santa Fe: Menos de 1.5,1.5,0.7226,0.483,no_meter,1.9,0.24332935085623256,3.0,0,0.5
2026-09-29,bra_serie_b,Brasileirão Série B,Botafogo-SP vs Ponte Preta,1,True,Goles,goles,Total,Goles: Más de 1.5,1.5,0.8068,0.7923,meter,1.2,0.7777777777777778,2.0,1,0.5
2026-09-29,bra_serie_b,Brasileirão Série B,Botafogo-SP vs Ponte Preta,2,True,1X2,resultado,Resultado,Gana Botafogo-SP,,0.7405,0.7466,meter,1.25,0.7510668563300142,2.0,1,
2026-09-29,bra_serie_b,Brasileirão Série B,Botafogo-SP vs Ponte Preta,3,False,Remates a puerta,remates_on,Visita,Remates a puerta Visita: Más de 1.5,1.5,0.636,0.636,no_meter,1.25,,2.0,0,0.5
2026-09-29,bra_serie_b,Brasileirão Série B,Botafogo-SP vs Ponte Preta,4,False,Goles equipo,goles_equipo,Local,Goles Botafogo-SP: Menos de 2.5,2.5,0.792,0.6201,no_meter,1.6,0.4482119205298013,2.0,1,0.5
2026-09-29,bra_serie_b,Brasileirão Série B,Botafogo-SP vs Ponte Preta,5,False,BTTS,btts,Ambos marcan,Ambos marcan: No,,0.5967,0.5957,no_meter,1.546,0.6031827515400411,2.0,1,
2026-09-29,bra_serie_b,Brasileirão Série B,Botafogo-SP vs Ponte Preta,6,False,Córners,corners,Visita,Córners Visita: Menos de 3.5,3.5,0.6058,0.5932,no_meter,1.5,,2.0,1,1.5
2026-09-29,bra_serie_b,Brasileirão Série B,Botafogo-SP vs Ponte Preta,7,False,Tarjetas,tarjetas,Local,Tarjetas Local: Más de 1.5,1.5,0.5307,0.5307,no_meter,1.471,,2.0,0,1.5
2026-09-29,selecciones,UEFA - Nations League C,Finland vs Belarus,1,True,Doble oportunidad,resultado,Resultado,Finland o empate,,0.791,0.791,meter,1.111,0.8724,0.0,1,
2026-09-29,selecciones,UEFA - Nations League C,Finland vs Belarus,2,True,Tarjetas,tarjetas,Total,Tarjetas: Menos de 5.5,5.5,0.7668,0.7668,meter,1.222,,0.0,1,1.5
2026-09-29,selecciones,UEFA - Nations League C,Finland vs Belarus,3,False,Córners,corners,Total,Córners: Menos de 12,12.0,0.7854,0.7451,meter,1.222,,0.0,1,2.0
2026-09-29,selecciones,UEFA - Nations League C,Finland vs Belarus,4,False,Goles,goles,Total,Goles: Más de 1.5,1.5,0.74,0.7311,meter,1.308,0.7221750212404418,0.0,0,1.5
2026-09-29,selecciones,UEFA - Nations League C,Finland vs Belarus,5,False,Goles equipo,goles_equipo,Local,Goles Finland: Menos de 2.5,2.5,0.8517,0.6819,no_meter,1.364,0.5121505095374967,0.0,1,2.5
2026-09-29,selecciones,UEFA - Nations League C,Finland vs Belarus,6,False,BTTS,btts,Ambos marcan,Ambos marcan: No,,0.571,0.5734,no_meter,1.667,0.5632695834424941,0.0,1,
2026-09-29,selecciones,UEFA - Nations League C,Moldova vs Faroe Islands,1,False,Goles equipo,goles_equipo,Visitante,Goles Faroe Islands: Más de 0.5,0.5,0.7112,0.7738,no_meter,1.435,0.8363636363636364,2.0,1,0.5
2026-09-29,selecciones,UEFA - Nations League C,Moldova vs Faroe Islands,2,False,Doble oportunidad,resultado,Doble,Moldova o Faroe Islands,,0.703,0.7389,no_meter,1.385,,2.0,0,
2026-09-29,selecciones,UEFA - Nations League C,Moldova vs Faroe Islands,3,False,Goles,goles,Total,Goles: Menos de 2.5,2.5,0.65,0.6514,no_meter,1.444,0.6527176527176527,2.0,1,0.5
2026-09-29,selecciones,UEFA - Nations League C,Moldova vs Faroe Islands,4,False,BTTS,btts,Ambos marcan,Ambos marcan: No,,0.5585,0.5768,no_meter,1.647,0.5718741876787107,2.0,0,
2026-09-29,selecciones,UEFA - Nations League C,Slovakia vs Kazakhstan,1,True,1X2,resultado,Resultado,Gana Slovakia,,0.7548,0.7592,meter,1.231,0.7733382434174185,3.0,1,
2026-09-29,selecciones,UEFA - Nations League C,Slovakia vs Kazakhstan,2,True,Córners,corners,Total,Córners: Menos de 12,12.0,0.7379,0.7412,meter,1.286,,3.0,1,3.0
2026-09-29,selecciones,UEFA - Nations League C,Slovakia vs Kazakhstan,3,False,Goles,goles,Total,Goles: Menos de 4.5,4.5,0.8209,0.802,no_meter,1.2,0.7831194650280138,3.0,1,1.5
2026-09-29,selecciones,UEFA - Nations League C,Slovakia vs Kazakhstan,4,False,Tarjetas,tarjetas,Total,Tarjetas: Más de 2.5,2.5,0.6961,0.6961,no_meter,1.2,,3.0,1,1.5
2026-09-29,selecciones,UEFA - Nations League C,Slovakia vs Kazakhstan,5,False,BTTS,btts,Ambos marcan,Ambos marcan: No,,0.5976,0.5914,no_meter,1.571,0.594161715319039,3.0,0,
2026-09-29,selecciones,UEFA - Nations League C,Slovakia vs Kazakhstan,6,False,Goles equipo,goles_equipo,Local,Goles Slovakia: Menos de 2.5,2.5,0.6509,0.53,no_meter,1.714,0.4090678824721377,3.0,1,0.5
2026-09-29,selecciones,UEFA - Nations League C,San Marino vs Albania,1,True,BTTS,btts,Ambos marcan,Ambos marcan: No,,0.7793,0.7499,meter,1.235,0.7547169811320754,3.0,1,
2026-09-29,selecciones,UEFA - Nations League C,San Marino vs Albania,2,False,Doble y goles,dc_goles,12,San Marino o Albania y menos de 5.5,5.5,0.7836,0.7641,no_meter,1.2,0.7831194650280138,3.0,1,2.5
2026-09-29,selecciones,UEFA - Nations League C,San Marino vs Albania,3,False,Goles equipo,goles_equipo,Visitante,Goles Albania: Más de 2.5,2.5,0.6405,0.6813,no_meter,1.385,0.7221750212404418,3.0,1,0.5
2026-09-29,selecciones,UEFA - Nations League C,San Marino vs Albania,4,False,Goles,goles,Total,Goles: Menos de 4.5,4.5,0.6985,0.6756,no_meter,1.444,0.6527176527176527,3.0,1,1.5
2026-09-28,selecciones,CONCACAF - Nations League B,Saint Kitts and Nevis vs Grenada,1,True,Goles,goles,Total,Goles: Menos de 4.5,4.5,0.7906,0.7799,meter,1.2,0.7692307692307692,3.0,1,1.5
2026-09-28,selecciones,CONCACAF - Nations League B,Saint Kitts and Nevis vs Grenada,2,True,Goles equipo,goles_equipo,Local,Goles Saint Kitts and Nevis: Más de 0.5,0.5,0.7704,0.7704,meter,1.25,,3.0,1,2.5
2026-09-28,selecciones,CONCACAF - Nations League B,Saint Kitts and Nevis vs Grenada,3,False,Doble y goles,dc_goles,1X,Saint Kitts and Nevis o empate y menos de 4.5,4.5,0.6817,0.6755,no_meter,1.9,0.7692307692307692,3.0,1,1.5
2026-09-28,selecciones,CONCACAF - Nations League B,Saint Kitts and Nevis vs Grenada,4,False,BTTS,btts,Ambos marcan,Ambos marcan: Sí,,0.5971,0.6019,no_meter,1.5,0.6153846153846154,3.0,0,
2026-09-28,selecciones,CONCACAF - Nations League A,Jamaica vs Honduras,1,True,Goles,goles,Total,Goles: Menos de 3.5,3.5,0.7589,0.7566,meter,1.222,0.7542236524537409,1.0,1,2.5
2026-09-28,selecciones,CONCACAF - Nations League A,Jamaica vs Honduras,2,False,Goles equipo,goles_equipo,Local,Goles Jamaica: Más de 0.5,0.5,0.8229,0.8539,no_meter,1.222,0.8849557522123894,1.0,0,0.5
2026-09-28,selecciones,CONCACAF - Nations League A,Jamaica vs Honduras,3,False,Doble y goles,dc_goles,1X,Jamaica o empate y menos de 4.5,4.5,0.6556,0.7926,no_meter,1.32,0.8682709005209625,1.0,0,3.5
2026-09-28,selecciones,CONCACAF - Nations League A,Jamaica vs Honduras,4,False,BTTS,btts,Ambos marcan,Ambos marcan: No,,0.5079,0.5529,no_meter,1.75,0.527027027027027,1.0,1,
2026-09-28,selecciones,CONCACAF - Nations League B,Saint Lucia vs Bermuda,1,False,1X2,resultado,Resultado,Gana Bermuda,,0.4364,0.4463,no_meter,2.18,0.42562895514851407,7.0,0,
2026-09-29,slv_primera,Primera División,Atletico Balboa vs Cacahuatique,1,False,1X2,resultado,Resultado,Gana Atletico Balboa,,0.3854,0.366,no_meter,2.45,0.3673010302784901,2.0,0,
2026-09-28,selecciones,CONCACAF - Nations League A,Guatemala vs El Salvador,1,True,Goles,goles,Total,Goles: Menos de 3.5,3.5,0.7538,0.748,meter,1.25,0.7422680412371133,6.0,0,2.5
2026-09-28,selecciones,CONCACAF - Nations League A,Guatemala vs El Salvador,2,False,Goles equipo,goles_equipo,Local,Goles Guatemala: Más de 0.5,0.5,0.8169,0.8509,no_meter,1.2,0.8849557522123894,6.0,1,5.5
2026-09-28,selecciones,CONCACAF - Nations League A,Guatemala vs El Salvador,3,False,Doble y goles,dc_goles,1X,Guatemala o empate y menos de 4.5,4.5,0.6557,0.7926,no_meter,1.333,0.8682709005209625,6.0,0,1.5
2026-09-28,selecciones,CONCACAF - Nations League A,Guatemala vs El Salvador,4,False,BTTS,btts,Ambos marcan,Ambos marcan: No,,0.5035,0.4903,no_meter,1.833,0.5,6.0,1,
2026-09-28,mex_femenil,Liga MX Femenil,Necaxa vs Toluca,1,True,Goles,goles,Total,Goles: Menos de 6.5,6.5,0.7774,0.774,meter,1.25,0.7706422018348623,4.0,1,2.5
2026-09-29,selecciones,CAF - Africa Cup of Nations Qualifiers,Comoros vs Namibia,1,False,Goles equipo,goles_equipo,Local,Goles Comoros: Más de 0.5,0.5,0.8605,0.844,no_meter,1.3,0.8275915580384855,1.0,1,0.5
2026-09-29,selecciones,CAF - Africa Cup of Nations Qualifiers,Comoros vs Namibia,2,False,Goles,goles,Total,Goles: Menos de 2.5,2.5,0.6384,0.6374,no_meter,1.455,0.636340914771307,1.0,1,1.5
2026-09-29,selecciones,CAF - Africa Cup of Nations Qualifiers,Comoros vs Namibia,3,False,Doble y goles,dc_goles,1X,Comoros o empate y más de 1.5,1.5,0.6674,0.6043,no_meter,1.76,0.6153846153846154,1.0,0,0.5
2026-09-29,selecciones,CAF - Africa Cup of Nations Qualifiers,Comoros vs Namibia,4,False,BTTS,btts,Ambos marcan,Ambos marcan: No,,0.5398,0.5791,no_meter,1.6,0.5789473684210527,1.0,1,
2026-09-29,selecciones,CAF - Africa Cup of Nations Qualifiers,Madagascar vs Tanzania,1,False,Goles equipo,goles_equipo,Local,Goles Madagascar: Más de 0.5,0.5,0.833,0.8332,no_meter,1.4,0.8333333333333334,2.0,1,0.5
2026-09-29,selecciones,CAF - Africa Cup of Nations Qualifiers,Madagascar vs Tanzania,2,False,Goles,goles,Total,Goles: Más de 1.5,1.5,0.6881,0.6622,no_meter,1.455,0.636340914771307,2.0,1,0.5
2026-09-29,selecciones,CAF - Africa Cup of Nations Qualifiers,Madagascar vs Tanzania,3,False,Doble y goles,dc_goles,1X,Madagascar o empate y más de 1.5,1.5,0.6219,0.5791,no_meter,1.933,0.636340914771307,2.0,1,0.5
2026-09-29,selecciones,CAF - Africa Cup of Nations Qualifiers,Madagascar vs Tanzania,4,False,BTTS,btts,Ambos marcan,Ambos marcan: No,,0.5279,0.5629,no_meter,1.7,0.5466666666666666,2.0,0,
2026-09-29,selecciones,CAF - Africa Cup of Nations Qualifiers,Mozambique vs Sudan,1,True,Doble oportunidad,resultado,Resultado,Mozambique o empate,,0.767,0.767,meter,1.125,0.8509,5.0,1,
2026-09-29,selecciones,CAF - Africa Cup of Nations Qualifiers,Mozambique vs Sudan,2,True,Goles equipo,goles_equipo,Local,Goles Mozambique: Más de 0.5,0.5,0.7607,0.797,meter,1.25,0.8333333333333334,5.0,1,3.5
2026-09-29,selecciones,CAF - Africa Cup of Nations Qualifiers,Mozambique vs Sudan,3,False,BTTS,btts,Ambos marcan,Ambos marcan: No,,0.6398,0.6883,no_meter,1.4,0.6596985901798735,5.0,0,
2026-09-29,selecciones,CAF - Africa Cup of Nations Qualifiers,Mozambique vs Sudan,4,False,Goles,goles,Total,Goles: Menos de 2.5,2.5,0.639,0.6493,no_meter,1.4,0.6596985901798735,5.0,0,2.5
2026-09-29,selecciones,CAF - Africa Cup of Nations Qualifiers,Guinea-Bissau vs Nigeria,1,False,Doble y goles,dc_goles,X2,Nigeria o empate y más de 1.5,1.5,0.6837,0.6962,no_meter,1.48,0.6596985901798735,3.0,0,1.5
2026-09-29,selecciones,CAF - Africa Cup of Nations Qualifiers,Guinea-Bissau vs Nigeria,2,False,Goles,goles,Total,Goles: Más de 1.5,1.5,0.6926,0.6761,no_meter,1.4,0.6596985901798735,3.0,1,1.5
2026-09-29,selecciones,CAF - Africa Cup of Nations Qualifiers,Guinea-Bissau vs Nigeria,3,False,Goles equipo,goles_equipo,Visitante,Goles Nigeria: Más de 1.5,1.5,0.6277,0.6437,no_meter,1.833,0.6596985901798735,3.0,0,1.5
2026-09-29,selecciones,CAF - Africa Cup of Nations Qualifiers,Guinea-Bissau vs Nigeria,4,False,BTTS,btts,Ambos marcan,Ambos marcan: No,,0.6441,0.6043,no_meter,1.5,0.6153846153846154,3.0,1,
2026-09-29,selecciones,CAF - Africa Cup of Nations Qualifiers,Cape Verde vs Rwanda,1,True,Goles,goles,Total,Goles: Menos de 3.5,3.5,0.7678,0.761,meter,1.222,0.7542236524537409,3.0,1,0.5
2026-09-29,selecciones,CAF - Africa Cup of Nations Qualifiers,Cape Verde vs Rwanda,2,False,Doble y goles,dc_goles,1X,Cape Verde o empate y más de 1.5,1.5,0.7605,0.7187,no_meter,1.4,0.6923609508423725,3.0,0,1.5
2026-09-29,selecciones,CAF - Africa Cup of Nations Qualifiers,Cape Verde vs Rwanda,3,False,Goles equipo,goles_equipo,Local,Goles Cape Verde: Más de 1.5,1.5,0.6952,0.6938,no_meter,1.667,0.6923609508423725,3.0,0,0.5
2026-09-29,selecciones,CAF - Africa Cup of Nations Qualifiers,Cape Verde vs Rwanda,4,False,BTTS,btts,Ambos marcan,Ambos marcan: No,,0.6009,0.603,no_meter,1.5,0.6153846153846154,3.0,0,
2026-09-29,selecciones,CAF - Africa Cup of Nations Qualifiers,Ghana vs Gambia,1,True,Goles,goles,Total,Goles: Menos de 3.5,3.5,0.7509,0.7466,meter,1.25,0.7422680412371133,6.0,0,2.5
2026-09-29,selecciones,CAF - Africa Cup of Nations Qualifiers,Ghana vs Gambia,2,False,Doble y goles,dc_goles,1X,Ghana o empate y más de 1.5,1.5,0.6761,0.7097,no_meter,1.364,0.6923609508423725,6.0,0,4.5
2026-09-29,selecciones,CAF - Africa Cup of Nations Qualifiers,Ghana vs Gambia,3,False,BTTS,btts,Ambos marcan,Ambos marcan: No,,0.5911,0.6001,no_meter,1.5,0.6153846153846154,6.0,0,
2026-09-29,selecciones,CAF - Africa Cup of Nations Qualifiers,Ghana vs Gambia,4,False,Goles equipo,goles_equipo,Local,Goles Ghana: Menos de 2.5,2.5,0.6309,0.5888,no_meter,1.364,0.5466666666666666,6.0,1,0.5
2026-09-29,selecciones,CAF - Africa Cup of Nations Qualifiers,Uganda vs Libya,1,True,Goles equipo,goles_equipo,Local,Goles Uganda: Más de 0.5,0.5,0.7356,0.7845,meter,1.286,0.8333333333333334,1.0,1,0.5
2026-09-29,selecciones,CAF - Africa Cup of Nations Qualifiers,Uganda vs Libya,2,True,Doble oportunidad,resultado,Doble,Uganda o Libya,,0.691,0.7358,meter,1.333,,1.0,1,
2026-09-29,selecciones,CAF - Africa Cup of Nations Qualifiers,Uganda vs Libya,3,False,Goles,goles,Total,Goles: Más de 1.5,1.5,0.6678,0.6416,no_meter,1.5,0.6153846153846154,1.0,0,0.5
2026-09-29,selecciones,CAF - Africa Cup of Nations Qualifiers,Uganda vs Libya,4,False,BTTS,btts,Ambos marcan,Ambos marcan: No,,0.5571,0.5803,no_meter,1.6,0.5789473684210527,1.0,1,
2026-09-29,selecciones,CAF - Africa Cup of Nations Qualifiers,Zambia vs Togo,1,True,Goles equipo,goles_equipo,Local,Goles Zambia: Más de 0.5,0.5,0.7291,0.7881,meter,1.273,0.847098686997035,2.0,1,1.5
2026-09-29,selecciones,CAF - Africa Cup of Nations Qualifiers,Zambia vs Togo,2,False,Doble y goles,dc_goles,12,Zambia o Togo y menos de 4.5,4.5,0.6021,0.7021,no_meter,1.333,,2.0,1,2.5
2026-09-29,selecciones,CAF - Africa Cup of Nations Qualifiers,Zambia vs Togo,3,False,Goles,goles,Total,Goles: Más de 1.5,1.5,0.6735,0.6549,no_meter,1.455,0.636340914771307,2.0,1,0.5
2026-09-29,selecciones,CAF - Africa Cup of Nations Qualifiers,Zambia vs Togo,4,False,BTTS,btts,Ambos marcan,Ambos marcan: No,,0.5576,0.5803,no_meter,1.6,0.5789473684210527,2.0,1,
2026-09-29,selecciones,CAF - Africa Cup of Nations Qualifiers,Congo vs Cameroon,1,True,Doble oportunidad,resultado,Resultado,Cameroon o empate,,0.877,0.877,meter,1.133,0.8428,2.0,1,
2026-09-29,selecciones,CAF - Africa Cup of Nations Qualifiers,Congo vs Cameroon,2,True,Goles,goles,Total,Goles: Menos de 3.5,3.5,0.7853,0.7698,meter,1.222,0.7542236524537409,2.0,1,1.5
2026-09-29,selecciones,CAF - Africa Cup of Nations Qualifiers,Congo vs Cameroon,3,False,Goles equipo,goles_equipo,Visitante,Goles Cameroon: Menos de 2.5,2.5,0.6091,0.5833,no_meter,1.25,0.5574727900185825,2.0,1,1.5
2026-09-29,selecciones,CAF - Africa Cup of Nations Qualifiers,Congo vs Cameroon,4,False,BTTS,btts,Ambos marcan,Ambos marcan: No,,0.5715,0.5706,no_meter,1.667,0.5574727900185825,2.0,0,
2026-09-29,selecciones,CAF - Africa Cup of Nations Qualifiers,Liberia vs Mali,1,True,Goles,goles,Total,Goles: Menos de 3.5,3.5,0.7874,0.7783,meter,1.2,0.7692307692307692,1.0,1,2.5
2026-09-29,selecciones,CAF - Africa Cup of Nations Qualifiers,Liberia vs Mali,2,False,Doble y goles,dc_goles,12,Liberia o Mali y menos de 5.5,5.5,0.6689,0.7207,no_meter,1.2,,1.0,1,4.5
2026-09-29,selecciones,CAF - Africa Cup of Nations Qualifiers,Liberia vs Mali,3,False,Goles equipo,goles_equipo,Visitante,Goles Mali: Menos de 2.5,2.5,0.649,0.614,no_meter,1.25,0.5789473684210527,1.0,1,1.5
2026-09-29,selecciones,CAF - Africa Cup of Nations Qualifiers,Liberia vs Mali,4,False,BTTS,btts,Ambos marcan,Ambos marcan: No,,0.6076,0.6043,no_meter,1.5,0.6153846153846154,1.0,1,
2026-09-29,selecciones,CAF - Africa Cup of Nations Qualifiers,Gabon vs Niger,1,True,Doble oportunidad,resultado,Resultado,Gabon o empate,,0.779,0.779,meter,1.111,0.8663,2.0,1,
2026-09-29,selecciones,CAF - Africa Cup of Nations Qualifiers,Gabon vs Niger,2,True,Goles,goles,Total,Goles: Menos de 3.5,3.5,0.7653,0.7673,meter,1.2,0.7692307692307692,2.0,1,1.5
2026-09-29,selecciones,CAF - Africa Cup of Nations Qualifiers,Gabon vs Niger,3,False,Goles equipo,goles_equipo,Local,Goles Gabon: Menos de 2.5,2.5,0.73,0.6545,no_meter,1.25,0.5789473684210527,2.0,1,0.5
2026-09-29,selecciones,CAF - Africa Cup of Nations Qualifiers,Gabon vs Niger,4,False,BTTS,btts,Ambos marcan,Ambos marcan: No,,0.5816,0.5815,no_meter,1.6,0.5789473684210527,2.0,1,
2026-09-29,selecciones,CAF - Africa Cup of Nations Qualifiers,Benin vs Mauritania,1,False,Goles equipo,goles_equipo,Local,Goles Benin: Más de 0.5,0.5,0.7609,0.7942,no_meter,1.455,0.8275915580384855,3.0,1,1.5
2026-09-29,selecciones,CAF - Africa Cup of Nations Qualifiers,Benin vs Mauritania,2,False,Doble oportunidad,resultado,Doble,Benin o Mauritania,,0.729,0.7389,no_meter,1.364,,3.0,1,
2026-09-29,selecciones,CAF - Africa Cup of Nations Qualifiers,Benin vs Mauritania,3,False,Goles,goles,Total,Goles: Menos de 2.5,2.5,0.65,0.6651,no_meter,1.364,0.6801125703564727,3.0,0,0.5
2026-09-29,selecciones,CAF - Africa Cup of Nations Qualifiers,Benin vs Mauritania,4,False,BTTS,btts,Ambos marcan,Ambos marcan: No,,0.5787,0.5895,no_meter,1.556,0.595002602811036,3.0,0,
2026-09-29,selecciones,CAF - Africa Cup of Nations Qualifiers,Burundi vs Algeria,1,True,Goles,goles,Total,Goles: Más de 1.5,1.5,0.7501,0.7462,meter,1.25,0.7422680412371133,4.0,1,2.5
2026-09-29,selecciones,CAF - Africa Cup of Nations Qualifiers,Burundi vs Algeria,2,True,1X2,resultado,Resultado,Gana Algeria,,0.7668,0.7329,meter,1.286,0.7206449254873836,4.0,0,
2026-09-29,selecciones,CAF - Africa Cup of Nations Qualifiers,Burundi vs Algeria,3,False,Goles equipo,goles_equipo,Visitante,Goles Algeria: Más de 1.5,1.5,0.7344,0.7383,no_meter,1.455,0.7422680412371133,4.0,1,0.5
2026-09-29,selecciones,CAF - Africa Cup of Nations Qualifiers,Burundi vs Algeria,4,False,BTTS,btts,Ambos marcan,Ambos marcan: No,,0.6494,0.6043,no_meter,1.5,0.6153846153846154,4.0,0,
2026-09-29,selecciones,International - Friendlies,Russia vs Iran,1,False,1X2,resultado,Resultado,Gana Russia,,0.5364,0.5746,no_meter,1.662,0.5700692496063461,2.0,1,
2026-09-29,selecciones,CAF - Africa Cup of Nations Qualifiers,Comoros vs Namibia,1,False,Goles equipo,goles_equipo,Local,Goles Comoros: Más de 0.5,0.5,0.8459,0.8571,no_meter,1.286,0.8682709005209625,1.0,1,0.5
2026-09-29,selecciones,CAF - Africa Cup of Nations Qualifiers,Comoros vs Namibia,2,False,Goles,goles,Total,Goles: Menos de 2.5,2.5,0.6257,0.6205,no_meter,1.5,0.6153846153846154,1.0,1,1.5
2026-09-29,selecciones,CAF - Africa Cup of Nations Qualifiers,Comoros vs Namibia,3,False,Doble y goles,dc_goles,1X,Comoros o empate y más de 1.5,1.5,0.6492,0.6043,no_meter,1.76,0.6153846153846154,1.0,0,0.5
2026-09-29,selecciones,CAF - Africa Cup of Nations Qualifiers,Comoros vs Namibia,4,False,BTTS,btts,Ambos marcan,Ambos marcan: No,,0.561,0.5886,no_meter,1.556,0.595002602811036,1.0,1,
2026-09-29,slv_primera,Primera División,Atletico Balboa vs Cacahuatique,1,True,Goles,goles,Total,Goles: Menos de 3.5,3.5,0.7671,0.7607,meter,1.222,0.7542236524537409,2.0,1,1.5
2026-09-29,slv_primera,Primera División,Atletico Balboa vs Cacahuatique,2,True,Doble oportunidad,resultado,Doble,Atletico Balboa o Cacahuatique,,0.705,0.7389,meter,1.308,,2.0,1,
2026-09-29,slv_primera,Primera División,Atletico Balboa vs Cacahuatique,3,False,BTTS,btts,Ambos marcan,Ambos marcan: Sí,,0.5012,0.4898,no_meter,1.833,0.5,2.0,0,
2026-09-29,selecciones,UEFA - Nations League A,Czech Republic vs England,1,True,Goles,goles,Total,Goles: Menos de 4.5,4.5,0.8022,0.7884,meter,1.222,0.7746219107340465,2.0,1,2.5
2026-09-29,selecciones,UEFA - Nations League A,Czech Republic vs England,2,True,1X2,resultado,Resultado,Gana England,,0.6972,0.739,meter,1.286,0.7395070381778547,2.0,1,
2026-09-29,selecciones,UEFA - Nations League A,Czech Republic vs England,3,False,BTTS,btts,Ambos marcan,Ambos marcan: No,,0.5193,0.5549,no_meter,1.769,0.5306447333510215,2.0,1,
2026-09-29,selecciones,UEFA - Nations League A,Czech Republic vs England,4,False,Goles equipo,goles_equipo,Visitante,Goles England: Menos de 2.5,2.5,0.6985,0.548,no_meter,1.667,0.39743911624403716,2.0,1,0.5
2026-09-29,selecciones,CAF - Africa Cup of Nations Qualifiers,Madagascar vs Tanzania,1,False,Goles equipo,goles_equipo,Local,Goles Madagascar: Más de 0.5,0.5,0.8226,0.828,no_meter,1.333,0.8333333333333334,2.0,1,0.5
2026-09-29,selecciones,CAF - Africa Cup of Nations Qualifiers,Madagascar vs Tanzania,2,False,Doble y goles,dc_goles,1X,Madagascar o empate y menos de 4.5,4.5,0.6249,0.8009,no_meter,1.286,0.8849557522123894,2.0,1,2.5
2026-09-29,selecciones,CAF - Africa Cup of Nations Qualifiers,Madagascar vs Tanzania,3,False,Goles,goles,Total,Goles: Más de 1.5,1.5,0.6865,0.6614,no_meter,1.455,0.636340914771307,2.0,1,0.5
2026-09-29,selecciones,CAF - Africa Cup of Nations Qualifiers,Madagascar vs Tanzania,4,False,BTTS,btts,Ambos marcan,Ambos marcan: No,,0.5322,0.5629,no_meter,1.7,0.5466666666666666,2.0,0,
2026-09-29,selecciones,International - Friendlies,United States vs Chile,1,False,Doble y goles,dc_goles,1X,United States o empate y menos de 4.5,4.5,0.7249,0.7596,no_meter,1.286,0.7803790412486065,6.0,0,1.5
2026-09-29,selecciones,International - Friendlies,United States vs Chile,2,False,Goles,goles,Total,Goles: Menos de 3.5,3.5,0.6645,0.6504,no_meter,1.455,0.636340914771307,6.0,0,2.5
2026-09-29,selecciones,International - Friendlies,United States vs Chile,3,False,Goles equipo,goles_equipo,Visitante,Goles Chile: Menos de 1.5,1.5,0.8119,0.5158,no_meter,1.2,0.2196209587513935,6.0,0,0.5
2026-09-29,selecciones,International - Friendlies,United States vs Chile,4,False,BTTS,btts,Ambos marcan,Ambos marcan: No,,0.5145,0.4922,no_meter,1.833,0.5,6.0,0,
2026-09-30,selecciones,Partidos Amistosos Internacionales,Argentina vs Bolivia,1,False,Goles equipo,goles_equipo,Visitante,Goles Bolivia: Menos de 0.5,0.5,0.7303,0.7303,no_meter,1.5,,4.0,1,0.5
2026-09-30,selecciones,Partidos Amistosos Internacionales,Argentina vs Bolivia,2,False,Doble y goles,dc_goles,12,Argentina o Bolivia y más de 2.5,2.5,0.7223,0.7234,no_meter,1.267,0.7079646017699115,4.0,1,1.5
2026-09-30,selecciones,Partidos Amistosos Internacionales,Argentina vs Bolivia,3,False,Goles,goles,Total,Goles: Menos de 4.5,4.5,0.7032,0.6816,no_meter,1.417,0.659947204223662,4.0,1,0.5
2026-09-30,selecciones,Partidos Amistosos Internacionales,Argentina vs Bolivia,4,False,BTTS,btts,Ambos marcan,Ambos marcan: No,,0.6657,0.6091,no_meter,1.5,0.625,4.0,1,
2026-09-29,selecciones,International - Friendlies,Mexico vs Peru,1,True,Goles,goles,Total,Goles: Menos de 3.5,3.5,0.7501,0.75,meter,1.25,0.75,2.0,1,1.5
2026-09-29,selecciones,International - Friendlies,Mexico vs Peru,2,True,Córners,corners,Total,Córners: Menos de 10.5,10.5,0.727,0.7389,meter,1.273,,2.0,1,2.5
2026-09-29,selecciones,International - Friendlies,Mexico vs Peru,3,False,Doble y goles,dc_goles,1X,Mexico o empate y más de 1.5,1.5,0.7911,0.7117,no_meter,1.4,0.6783625730994152,2.0,1,0.5
2026-09-29,selecciones,International - Friendlies,Mexico vs Peru,4,False,Goles equipo,goles_equipo,Local,Goles Mexico: Más de 1.5,1.5,0.7403,0.7093,no_meter,1.7,0.6783625730994152,2.0,0,0.5
2026-09-29,selecciones,International - Friendlies,Mexico vs Peru,5,False,BTTS,btts,Ambos marcan,Ambos marcan: No,,0.6507,0.6091,no_meter,1.5,0.625,2.0,0,
2026-09-30,champions_femenil,Champions League femenina,Roma vs Barcelona,1,False,Goles,goles,Total,Goles: Menos de 5.5,5.5,0.6781,0.6747,no_meter,1.42,0.6712962962962963,6.0,0,0.5
2026-09-30,champions_femenil,Champions League femenina,BK Häcken vs Juventus,1,True,Goles,goles,Total,Goles: Más de 1.5,1.5,0.7907,0.7785,meter,1.22,0.7662835249042146,3.0,1,1.5
2026-09-30,champions_femenil,Champions League femenina,BK Häcken vs Juventus,2,False,Doble oportunidad,resultado,Doble,Juventus o empate,,0.638,0.6009,no_meter,1.52,0.6085644735488737,3.0,1,
2026-09-29,col_primera_a,Categoría Primera A,Independiente Medellín vs Millonarios,1,True,Goles,goles,Total,Goles: Menos de 3.5,3.5,0.7727,0.7471,meter,1.286,0.7215847586057588,4.0,0,0.5
2026-09-29,col_primera_a,Categoría Primera A,Independiente Medellín vs Millonarios,2,True,Doble oportunidad,resultado,Doble,Independiente Medellín o empate,,0.724,0.7221,meter,1.3,0.7053490480507706,4.0,1,
2026-09-29,col_primera_a,Categoría Primera A,Independiente Medellín vs Millonarios,3,False,Córners,corners,Total,Córners: Menos de 10.5,10.5,0.6775,0.7283,no_meter,1.4,,4.0,1,4.5
2026-09-29,col_primera_a,Categoría Primera A,Independiente Medellín vs Millonarios,4,False,BTTS,btts,Ambos marcan,Ambos marcan: Sí,,0.5124,0.5531,no_meter,1.75,0.527027027027027,4.0,1,
2026-09-29,col_primera_a,Categoría Primera A,Independiente Medellín vs Millonarios,5,False,Goles equipo,goles_equipo,Visitante,Goles Millonarios: Menos de 1.5,1.5,0.7879,0.5332,no_meter,1.364,0.2784152413942412,4.0,0,0.5
2026-09-30,eng_national,National League,Eastleigh vs Southend,1,True,Goles,goles,Total,Goles: Menos de 4.5,4.5,0.7879,0.7704,meter,1.231,0.7528608713109818,2.0,1,2.5
2026-09-30,eng_national,National League,Eastleigh vs Southend,2,False,Doble y goles,dc_goles,12,Eastleigh o Southend y menos de 4.5,4.5,0.5819,0.6684,no_meter,1.538,0.7528608713109818,2.0,0,2.5
2026-09-30,eng_national,National League,Eastleigh vs Southend,3,False,BTTS,btts,Ambos marcan,Ambos marcan: Sí,,0.6044,0.604,no_meter,1.5,0.6153846153846154,2.0,1,
2026-09-30,eng_national,National League,Eastleigh vs Southend,4,False,Goles equipo,goles_equipo,Visitante,Goles Southend: Menos de 2.5,2.5,0.783,0.5824,no_meter,1.4,0.38177653346907614,2.0,1,1.5
2026-09-30,eng_national,National League,Tamworth vs Sutton,1,True,Goles,goles,Total,Goles: Menos de 4.5,4.5,0.7851,0.7709,meter,1.222,0.7566706491437674,2.0,1,2.5
2026-09-30,eng_national,National League,Tamworth vs Sutton,2,False,Goles equipo,goles_equipo,Visitante,Goles Sutton: Más de 0.5,0.5,0.7773,0.8424,no_meter,1.222,0.9074410163339383,2.0,0,0.5
2026-09-30,eng_national,National League,Tamworth vs Sutton,3,False,Doble y goles,dc_goles,12,Tamworth o Sutton y más de 1.5,1.5,0.6014,0.7477,no_meter,1.444,0.7940709370037058,2.0,1,0.5
2026-09-30,eng_national,National League,Tamworth vs Sutton,4,False,BTTS,btts,Ambos marcan,Ambos marcan: Sí,,0.6417,0.6766,no_meter,1.455,0.636340914771307,2.0,0,
2026-09-30,per_liga1,Liga 1,Cienciano del Cusco vs Los Chankas,1,False,1X2,resultado,Resultado,Gana Cienciano del Cusco,,0.6073,0.6782,no_meter,1.448,0.6490533712707556,2.0,0,
2026-09-30,per_liga1,Liga 1,Cienciano del Cusco vs Los Chankas,2,False,Goles,goles,Total,Goles: Menos de 3.5,3.5,0.5922,0.5851,no_meter,1.606,0.5780346820809249,2.0,1,1.5
2026-09-30,usl_championship,USL Championship,Miami FC vs Sporting JAX,1,True,Doble oportunidad,resultado,Resultado,Miami FC o empate,,0.709,0.709,meter,1.125,0.8561,5.0,1,
2026-09-30,usl_championship,USL Championship,Miami FC vs Sporting JAX,2,True,Goles,goles,Total,Goles: Menos de 4.5,4.5,0.7439,0.7275,meter,1.3,0.7111111111111111,5.0,0,0.5
2026-09-30,usl_championship,USL Championship,Miami FC vs Sporting JAX,3,False,BTTS,btts,Ambos marcan,Ambos marcan: Sí,,0.6094,0.6043,no_meter,1.5,0.6153846153846154,5.0,1,
2026-09-30,usl_championship,USL Championship,Miami FC vs Sporting JAX,4,False,Goles equipo,goles_equipo,Local,Goles Miami FC: Menos de 2.5,2.5,0.7728,0.5566,no_meter,1.6,0.34030140982012635,5.0,0,1.5
2026-09-30,uru_primera,Primera División,Montevideo City Torque vs Peñarol,1,False,Goles,goles,Total,Goles: Menos de 2.5,2.5,0.5087,0.518,no_meter,1.82,0.5272727272727271,2.0,1,0.5
2026-09-30,usl_championship,USL Championship,Brooklyn FC vs Detroit City FC,1,True,Goles,goles,Total,Goles: Menos de 3.5,3.5,0.7662,0.7469,meter,1.273,0.7275839931521506,4.0,0,0.5
2026-09-30,usl_championship,USL Championship,Brooklyn FC vs Detroit City FC,2,False,Goles equipo,goles_equipo,Visitante,Goles Detroit City FC: Menos de 2.5,2.5,0.8176,0.6723,no_meter,1.2,0.527027027027027,4.0,0,0.5
2026-09-30,usl_championship,USL Championship,Brooklyn FC vs Detroit City FC,3,False,Córners,corners,Total,Córners: Menos de 9.5,9.5,0.5692,0.5834,no_meter,1.7,,4.0,1,2.5
2026-09-30,usl_championship,USL Championship,Brooklyn FC vs Detroit City FC,4,False,Handicap,handicap,Total,Handicap: Brooklyn FC +0.5,0.5,0.623,0.523,no_meter,1.909,,4.0,0,1.5
2026-09-30,usl_championship,USL Championship,Brooklyn FC vs Detroit City FC,5,False,BTTS,btts,Ambos marcan,Ambos marcan: Sí,,0.5115,0.4919,no_meter,1.833,0.5,4.0,1,
2026-09-30,usl_championship,USL Championship,Rhode Island FC vs Indy Eleven,1,False,Goles,goles,Total,Goles: Menos de 3.5,3.5,0.6802,0.6583,no_meter,1.455,0.636340914771307,1.0,1,2.5
2026-09-30,usl_championship,USL Championship,Rhode Island FC vs Indy Eleven,2,False,BTTS,btts,Ambos marcan,Ambos marcan: Sí,,0.5658,0.5809,no_meter,1.6,0.5789473684210527,1.0,0,
2026-09-30,usl_championship,USL Championship,Rhode Island FC vs Indy Eleven,3,False,Handicap,handicap,Total,Handicap: Indy Eleven +0.5,0.5,0.6808,0.5808,no_meter,1.909,,1.0,0,0.5
2026-09-30,usl_championship,USL Championship,Rhode Island FC vs Indy Eleven,4,False,Goles equipo,goles_equipo,Visitante,Goles Indy Eleven: Menos de 1.5,1.5,0.7634,0.4915,no_meter,1.455,0.2196209587513935,1.0,1,1.5
2026-09-30,mls,MLS,New York Red Bulls vs St. Louis City,1,False,Handicap,handicap,Total,Handicap: New York Red Bulls +0.5,0.5,0.6707,0.5707,no_meter,1.952,,3.0,0,2.5
2026-09-30,mls,MLS,New York Red Bulls vs St. Louis City,2,False,Goles,goles,Total,Goles: Menos de 3.5,3.5,0.5764,0.5616,no_meter,1.741,0.5467326217130956,3.0,1,0.5
2026-09-30,champions_femenil,Champions League femenina,Paris FC vs Arsenal,1,True,Goles,goles,Total,Goles: Menos de 4.5,4.5,0.8088,0.7875,meter,1.22,0.7662835249042146,4.0,1,0.5
2026-09-30,champions_femenil,Champions League femenina,Paris FC vs Arsenal,2,False,1X2,resultado,Resultado,Gana Arsenal,,0.678,0.7243,no_meter,1.35,0.7199745141764893,4.0,0,
2026-09-30,champions_femenil,Champions League femenina,Benfica vs Bayern München,1,True,1X2,resultado,Resultado,Gana Bayern München,,0.754,0.7592,meter,1.27,0.7733491969066032,3.0,1,
2026-09-30,champions_femenil,Champions League femenina,Benfica vs Bayern München,2,False,Goles,goles,Total,Goles: Menos de 4.5,4.5,0.7128,0.6965,no_meter,1.41,0.6802721088435374,3.0,1,1.5
2026-09-30,champions_femenil,Champions League femenina,OL Lyonnes vs Chelsea,1,True,Goles,goles,Total,Goles: Menos de 4.5,4.5,0.7591,0.7497,meter,1.28,0.7403651115618661,0.0,1,4.5
2026-09-30,champions_femenil,Champions League femenina,OL Lyonnes vs Chelsea,2,False,1X2,resultado,Resultado,Gana OL Lyonnes,,0.643,0.62,no_meter,1.53,0.6467525237225829,0.0,0,
2026-09-30,selecciones,International - Friendlies,Lithuania vs Andorra,1,True,Doble oportunidad,resultado,Resultado,Lithuania o empate,,0.873,0.873,meter,1.1,0.8523,3.0,1,
2026-09-30,selecciones,International - Friendlies,Lithuania vs Andorra,2,False,BTTS,btts,Ambos marcan,Ambos marcan: No,,0.6395,0.6786,no_meter,1.444,0.6403486924034869,3.0,1,
2026-09-30,selecciones,International - Friendlies,Lithuania vs Andorra,3,False,Goles,goles,Total,Goles: Más de 1.5,1.5,0.6372,0.6206,no_meter,1.53,0.6039347657261196,3.0,1,1.5
2026-09-30,selecciones,International - Friendlies,Seychelles vs Sri Lanka,1,True,Goles,goles,Total,Goles: Menos de 3.5,3.5,0.7909,0.7698,meter,1.231,0.7486729277256022,2.0,1,1.5
2026-09-30,selecciones,International - Friendlies,Seychelles vs Sri Lanka,2,False,Doble y goles,dc_goles,12,Seychelles o Sri Lanka y menos de 4.5,4.5,0.7044,0.7389,no_meter,1.375,,2.0,1,2.5
2026-09-30,selecciones,International - Friendlies,Seychelles vs Sri Lanka,3,False,BTTS,btts,Ambos marcan,Ambos marcan: No,,0.5363,0.5579,no_meter,1.727,0.5366246310705661,2.0,1,
2026-09-29,selecciones,CONCACAF - Nations League B,Belize vs Saint Vincent and the Grenadines,1,True,Goles,goles,Total,Goles: Más de 1.5,1.5,0.7386,0.7404,meter,1.25,0.7422680412371133,1.0,0,0.5
2026-09-29,selecciones,CONCACAF - Nations League B,Belize vs Saint Vincent and the Grenadines,2,True,Goles equipo,goles_equipo,Local,Goles Belize: Más de 0.5,0.5,0.7216,0.7216,meter,1.3,,1.0,0,0.5
2026-09-29,selecciones,CONCACAF - Nations League B,Belize vs Saint Vincent and the Grenadines,3,False,Doble y goles,dc_goles,12,Belize o Saint Vincent and the Grenadines y menos de 4.5,4.5,0.6248,0.7751,no_meter,1.471,0.8333333333333334,1.0,1,3.5
2026-09-29,selecciones,CONCACAF - Nations League B,Belize vs Saint Vincent and the Grenadines,4,False,BTTS,btts,Ambos marcan,Ambos marcan: Sí,,0.5376,0.5629,no_meter,1.7,0.5466666666666666,1.0,0,
2026-09-30,selecciones,International - Friendlies,Fiji vs New Caledonia,1,False,1X2,resultado,Resultado,Gana Fiji,,0.5261,0.5781,no_meter,1.606,0.5769700930660869,3.0,1,
2026-09-29,selecciones,International - Friendlies,Papua New Guinea vs Solomon Islands,1,True,Goles,goles,Total,Goles: Más de 1.5,1.5,0.7534,0.7375,meter,1.286,0.7215847586057588,2.0,1,0.5
2026-09-29,selecciones,International - Friendlies,Papua New Guinea vs Solomon Islands,2,False,Doble y goles,dc_goles,1X,Papua New Guinea o empate y menos de 4.5,4.5,0.7247,0.6247,no_meter,1.583,,2.0,1,2.5
2026-09-29,selecciones,International - Friendlies,Papua New Guinea vs Solomon Islands,3,False,BTTS,btts,Ambos marcan,Ambos marcan: Sí,,0.5131,0.5619,no_meter,1.714,0.5446333687566419,2.0,1,
2026-10-01,selecciones,UEFA - Nations League B,Israel vs Kosovo,1,True,Goles equipo,goles_equipo,Visitante,Goles Kosovo: Más de 0.5,0.5,0.6886,0.7925,meter,1.235,0.896414342629482,0.0,0,0.5
2026-10-01,selecciones,UEFA - Nations League B,Israel vs Kosovo,2,True,Doble oportunidad,resultado,Doble,Israel o Kosovo,,0.696,0.738,meter,1.32,,0.0,0,
2026-10-01,selecciones,UEFA - Nations League B,Israel vs Kosovo,3,False,Goles,goles,Total,Goles: Más de 1.5,1.5,0.7309,0.7303,meter,1.278,0.7296954314720813,0.0,0,1.5
2026-10-01,selecciones,UEFA - Nations League B,Israel vs Kosovo,4,False,Tarjetas,tarjetas,Total,Tarjetas: Más de 2.5,2.5,0.7079,0.7079,meter,1.3,,0.0,0,2.5
2026-10-01,selecciones,UEFA - Nations League B,Israel vs Kosovo,5,False,BTTS,btts,Ambos marcan,Ambos marcan: Sí,,0.5382,0.5649,no_meter,1.714,0.550603041426324,0.0,0,
2026-10-01,selecciones,UEFA - Nations League B,Israel vs Kosovo,6,False,Córners,corners,Visita,Córners Visita: Más de 4.5,4.5,0.5069,0.4823,no_meter,1.9,,0.0,1,0.5
2026-10-01,selecciones,UEFA Nations League,Germany vs Serbia,1,True,1X2,resultado,Resultado,Gana Germany,,0.752,0.752,meter,1.2,0.8204,2.0,1,
2026-10-01,selecciones,UEFA Nations League,Germany vs Serbia,2,True,Córners,corners,Total,Córners: Menos de 12,12.0,0.7754,0.7451,meter,1.273,,2.0,0,1.0
2026-10-01,selecciones,UEFA Nations League,Germany vs Serbia,3,False,Goles,goles,Total,Goles: Menos de 4.5,4.5,0.7109,0.6865,no_meter,1.429,0.6620950579333176,2.0,1,2.5
2026-10-01,selecciones,UEFA Nations League,Germany vs Serbia,4,False,Tarjetas,tarjetas,Total,Tarjetas: Más de 2.5,2.5,0.6341,0.6341,no_meter,1.4,,2.0,0,0.5
2026-10-01,selecciones,UEFA Nations League,Germany vs Serbia,5,False,Remates a puerta,remates_on,Total,Remates a puerta: Más de 8.5,8.5,0.541,0.541,no_meter,1.455,,2.0,1,0.5
2026-10-01,selecciones,UEFA Nations League,Germany vs Serbia,6,False,Goles equipo,goles_equipo,Visitante,Goles Serbia: Menos de 1.5,1.5,0.8911,0.513,no_meter,1.2,0.13484118155975774,2.0,1,1.5
2026-10-01,selecciones,UEFA Nations League,Germany vs Serbia,7,False,BTTS,btts,Ambos marcan,Ambos marcan: No,,0.5027,0.4748,no_meter,2.0,0.4693552666489785,2.0,1,
2026-10-01,selecciones,UEFA Nations League,Greece vs Netherlands,1,True,Goles,goles,Total,Goles: Más de 1.5,1.5,0.7819,0.7825,meter,1.2,0.7831194650280138,4.0,1,2.5
2026-10-01,selecciones,UEFA Nations League,Greece vs Netherlands,2,True,Córners,corners,Total,Córners: Menos de 10.5,10.5,0.7629,0.7451,meter,1.333,,4.0,0,3.5
2026-10-01,selecciones,UEFA Nations League,Greece vs Netherlands,3,False,Doble y goles,dc_goles,X2,Netherlands o empate y menos de 5.5,5.5,0.7645,0.8135,no_meter,1.35,0.8819314298313307,4.0,1,1.5
2026-10-01,selecciones,UEFA Nations League,Greece vs Netherlands,4,False,BTTS,btts,Ambos marcan,Ambos marcan: Sí,,0.5704,0.5926,no_meter,1.556,0.6016385048643113,4.0,1,
2026-10-01,selecciones,UEFA Nations League,Greece vs Netherlands,5,False,Remates a puerta,remates_on,Local,Remates a puerta Local: Más de 2.5,2.5,0.5675,0.5675,no_meter,1.273,,4.0,1,1.5
2026-10-01,selecciones,UEFA Nations League,Greece vs Netherlands,6,False,Tarjetas,tarjetas,Visita,Tarjetas Visita: Menos de 1.5,1.5,0.5564,0.5564,no_meter,1.75,,4.0,1,1.5
2026-10-01,selecciones,UEFA Nations League,Greece vs Netherlands,7,False,Goles equipo,goles_equipo,Local,Goles Greece: Menos de 1.5,1.5,0.8013,0.5091,no_meter,1.526,0.21688053497198623,4.0,0,0.5
2026-10-01,selecciones,UEFA Nations League,Wales vs Norway,1,True,Doble oportunidad,resultado,Resultado,Norway o empate,,0.725,0.725,meter,1.1,0.8729,3.0,0,
2026-10-01,selecciones,UEFA Nations League,Wales vs Norway,2,True,Goles,goles,Total,Goles: Menos de 4.5,4.5,0.8139,0.7943,meter,1.222,0.7746219107340465,3.0,1,1.5
2026-10-01,selecciones,UEFA Nations League,Wales vs Norway,3,False,Córners,corners,Total,Córners: Menos de 12,12.0,0.7418,0.7426,meter,1.2,,3.0,1,6.0
2026-10-01,selecciones,UEFA Nations League,Wales vs Norway,4,False,Remates a puerta,remates_on,Local,Remates a puerta Local: Menos de 4.5,4.5,0.6718,0.6718,no_meter,1.333,,3.0,0,1.5
2026-10-01,selecciones,UEFA Nations League,Wales vs Norway,5,False,Goles equipo,goles_equipo,Visitante,Goles Norway: Menos de 2.5,2.5,0.8342,0.6158,no_meter,1.556,0.39743911624403716,3.0,1,1.5
2026-10-01,selecciones,UEFA Nations League,Wales vs Norway,6,False,Remates,remates,Local,Remates Local: Menos de 10.5,10.5,0.5913,0.5913,no_meter,1.571,,3.0,0,1.5
2026-10-01,selecciones,UEFA Nations League,Wales vs Norway,7,False,BTTS,btts,Ambos marcan,Ambos marcan: No,,0.5062,0.4808,no_meter,1.952,0.4797441364605543,3.0,0,
2026-10-01,selecciones,UEFA Nations League,Denmark vs Portugal,1,True,Goles,goles,Total,Goles: Más de 1.5,1.5,0.7902,0.7867,meter,1.2,0.7831194650280138,6.0,1,4.5
2026-10-01,selecciones,UEFA Nations League,Denmark vs Portugal,2,True,Córners,corners,Total,Córners: Menos de 12,12.0,0.8101,0.7451,meter,1.308,,6.0,1,2.0
2026-10-01,selecciones,UEFA Nations League,Denmark vs Portugal,3,False,Tarjetas,tarjetas,Total,Tarjetas: Menos de 5.5,5.5,0.7401,0.7401,meter,1.2,,6.0,1,3.5
2026-10-01,selecciones,UEFA Nations League,Denmark vs Portugal,4,False,Doble y goles,dc_goles,X2,Portugal o empate y menos de 5.5,5.5,0.6911,0.8124,no_meter,1.267,0.8889353691696299,6.0,0,0.5
2026-10-01,selecciones,UEFA Nations League,Denmark vs Portugal,5,False,Remates a puerta,remates_on,Total,Remates a puerta: Menos de 10.5,10.5,0.6884,0.6884,no_meter,1.444,,6.0,0,2.5
2026-10-01,selecciones,UEFA Nations League,Denmark vs Portugal,6,False,Goles equipo,goles_equipo,Visitante,Goles Portugal: Menos de 2.5,2.5,0.7752,0.6019,no_meter,1.323,0.4286448958601183,6.0,0,1.5
2026-10-01,selecciones,UEFA Nations League,Denmark vs Portugal,7,False,BTTS,btts,Ambos marcan,Ambos marcan: Sí,,0.58,0.5823,no_meter,1.625,0.5806451612903226,6.0,1,
2026-10-01,selecciones,International - Friendlies,Japan vs Ecuador,1,True,Doble oportunidad,resultado,Resultado,Japan o empate,,0.801,0.801,meter,1.111,0.8681,0.0,1,
2026-10-01,selecciones,International - Friendlies,Japan vs Ecuador,2,True,Goles,goles,Total,Goles: Más de 1.5,1.5,0.7735,0.7579,meter,1.25,0.7422680412371133,0.0,0,1.5
2026-10-01,selecciones,International - Friendlies,Japan vs Ecuador,3,False,Goles equipo,goles_equipo,Local,Goles Japan: Menos de 2.5,2.5,0.7451,0.6158,no_meter,1.4,0.4864864864864864,0.0,1,2.5
2026-10-01,selecciones,International - Friendlies,Japan vs Ecuador,4,False,BTTS,btts,Ambos marcan,Ambos marcan: No,,0.5284,0.5629,no_meter,1.7,0.5466666666666666,0.0,1,
2026-10-01,selecciones,UEFA - Nations League D,Azerbaijan vs Liechtenstein,1,True,1X2,resultado,Resultado,Gana Azerbaijan,,0.813,0.813,meter,1.133,0.8705,0.0,0,
2026-10-01,selecciones,UEFA - Nations League D,Azerbaijan vs Liechtenstein,2,True,Goles,goles,Total,Goles: Más de 1.5,1.5,0.8052,0.7849,meter,1.231,0.7646721468170522,0.0,0,1.5
2026-10-01,selecciones,UEFA - Nations League D,Azerbaijan vs Liechtenstein,3,False,Goles equipo,goles_equipo,Local,Goles Azerbaijan: Más de 1.5,1.5,0.7662,0.7654,meter,1.303,0.7646721468170522,0.0,0,1.5
2026-10-01,selecciones,UEFA - Nations League D,Azerbaijan vs Liechtenstein,4,False,BTTS,btts,Ambos marcan,Ambos marcan: No,,0.7716,0.7533,meter,1.222,0.7614213197969543,0.0,1,
2026-10-01,selecciones,UEFA Nations League,Malta vs Gibraltar,1,True,1X2,resultado,Resultado,Gana Malta,,0.7651,0.7541,meter,1.25,0.7630057803468208,2.0,0,
2026-10-01,selecciones,UEFA Nations League,Malta vs Gibraltar,2,True,Córners,corners,Total,Córners: Menos de 10.5,10.5,0.7813,0.7451,meter,1.303,,2.0,1,1.5
2026-10-01,selecciones,UEFA Nations League,Malta vs Gibraltar,3,False,Goles,goles,Total,Goles: Menos de 3.5,3.5,0.7556,0.7434,meter,1.286,0.7312996239030507,2.0,1,1.5
2026-10-01,selecciones,UEFA Nations League,Malta vs Gibraltar,4,False,BTTS,btts,Ambos marcan,Ambos marcan: No,,0.6927,0.7125,no_meter,1.357,0.6885471654808355,2.0,0,
2026-10-01,selecciones,UEFA Nations League,Malta vs Gibraltar,5,False,Goles equipo,goles_equipo,Local,Goles Malta: Menos de 2.5,2.5,0.6403,0.5879,no_meter,1.476,0.5355276907001045,2.0,1,1.5
2026-10-01,selecciones,UEFA Nations League,Malta vs Gibraltar,6,False,Tarjetas,tarjetas,Total,Tarjetas: Más de 3.5,3.5,0.5015,0.5015,no_meter,1.3,,2.0,1,0.5
2026-09-30,selecciones,International - Friendlies,Argentina vs Bolivia,1,True,Goles,goles,Total,Goles: Más de 2.5,2.5,0.7044,0.7119,meter,1.3,0.7194042736887546,4.0,1,1.5
2026-09-30,selecciones,International - Friendlies,Argentina vs Bolivia,2,False,Doble y goles,dc_goles,12,Argentina o Bolivia y menos de 5.5,5.5,0.7849,0.7685,no_meter,1.222,0.791974656810982,4.0,1,1.5
2026-09-30,selecciones,International - Friendlies,Argentina vs Bolivia,3,False,Goles equipo,goles_equipo,Visitante,Goles Bolivia: Menos de 0.5,0.5,0.7523,0.7523,no_meter,1.556,,4.0,1,0.5
2026-09-30,selecciones,International - Friendlies,Argentina vs Bolivia,4,False,BTTS,btts,Ambos marcan,Ambos marcan: No,,0.6603,0.6023,no_meter,1.526,0.6113092205807437,4.0,1,
2026-10-01,selecciones,International - Friendlies,Panama vs New Zealand,1,True,Goles,goles,Total,Goles: Más de 1.5,1.5,0.7621,0.7366,meter,1.3,0.7111111111111111,2.0,1,0.5
2026-10-01,selecciones,International - Friendlies,Panama vs New Zealand,2,False,Doble y goles,dc_goles,1X,Panama o empate y más de 1.5,1.5,0.7094,0.6603,no_meter,1.846,0.7111111111111111,2.0,1,0.5
2026-10-01,selecciones,International - Friendlies,Panama vs New Zealand,3,False,BTTS,btts,Ambos marcan,Ambos marcan: Sí,,0.5242,0.5575,no_meter,1.733,0.5357621216180016,2.0,1,
2026-10-01,champions_femenil,Champions League femenina,Austria Wien vs Inter,1,True,Goles,goles,Total,Goles: Más de 1.5,1.5,0.7657,0.7517,meter,1.28,0.7377049180327869,2.0,1,0.5
2026-10-01,champions_femenil,Champions League femenina,Manchester City vs Real Madrid,1,True,Goles,goles,Total,Goles: Menos de 4.5,4.5,0.776,0.7604,meter,1.25,0.7448979591836735,2.0,1,2.5
2026-10-01,champions_femenil,Champions League femenina,Manchester City vs Real Madrid,2,False,1X2,resultado,Resultado,Gana Manchester City,,0.546,0.5753,no_meter,1.67,0.5708578911008142,2.0,0,
2026-09-30,usl_championship,USL Championship,FC Tulsa vs New Mexico United,1,True,Goles,goles,Total,Goles: Más de 1.5,1.5,0.7343,0.7443,meter,1.222,0.7542236524537409,1.0,0,0.5
2026-09-30,usl_championship,USL Championship,FC Tulsa vs New Mexico United,2,False,Goles equipo,goles_equipo,Local,Goles FC Tulsa: Menos de 2.5,2.5,0.875,0.674,no_meter,1.25,0.47297297297297297,1.0,1,1.5
2026-09-30,usl_championship,USL Championship,FC Tulsa vs New Mexico United,3,False,Handicap,handicap,Total,Handicap: New Mexico United +0.5,0.5,0.7448,0.6448,no_meter,1.8,,1.0,0,0.5
2026-09-30,usl_championship,USL Championship,FC Tulsa vs New Mexico United,4,False,BTTS,btts,Ambos marcan,Ambos marcan: Sí,,0.5384,0.5629,no_meter,1.7,0.5466666666666666,1.0,0,
2026-09-30,usl_championship,USL Championship,FC Tulsa vs New Mexico United,5,False,Córners,corners,Total,Córners: Menos de 8.5,8.5,0.5144,0.4845,no_meter,1.9,,1.0,0,4.5
2026-09-30,col_primera_a,Categoría Primera A,Atlético Nacional vs Atlético Junior,1,True,Goles,goles,Total,Goles: Más de 1.5,1.5,0.7712,0.7702,meter,1.2,0.7692307692307692,4.0,1,2.5
2026-09-30,col_primera_a,Categoría Primera A,Atlético Nacional vs Atlético Junior,2,False,Doble y goles,dc_goles,1X,Atlético Nacional o empate y menos de 4.5,4.5,0.7188,0.7665,no_meter,1.286,0.7940709370037058,4.0,1,0.5
2026-09-30,col_primera_a,Categoría Primera A,Atlético Nacional vs Atlético Junior,3,False,Córners,corners,Total,Córners: Menos de 10.5,10.5,0.6186,0.7169,no_meter,1.4,,4.0,0,1.5
2026-09-30,col_primera_a,Categoría Primera A,Atlético Nacional vs Atlético Junior,4,False,Goles equipo,goles_equipo,Local,Goles Atlético Nacional: Menos de 2.5,2.5,0.7562,0.5916,no_meter,1.5,0.42702273929138024,4.0,0,0.5
2026-09-30,col_primera_a,Categoría Primera A,Atlético Nacional vs Atlético Junior,5,False,Remates a puerta,remates_on,Local,Remates a puerta Local: Más de 5.5,5.5,0.54,0.54,no_meter,1.667,,4.0,1,0.5
2026-09-30,col_primera_a,Categoría Primera A,Atlético Nacional vs Atlético Junior,6,False,Remates,remates,Local,Remates Local: Más de 18.5,18.5,0.5248,0.5248,no_meter,1.714,,4.0,1,0.5
2026-09-30,col_primera_a,Categoría Primera A,Atlético Nacional vs Atlético Junior,7,False,BTTS,btts,Ambos marcan,Ambos marcan: No,,0.5092,0.4915,no_meter,1.833,0.5,4.0,0,
2026-09-30,usl_championship,USL Championship,Sacramento Republic FC vs Las Vegas Lights FC,1,True,Doble oportunidad,resultado,Resultado,Sacramento Republic FC o empate,,0.788,0.788,meter,1.143,0.8473,5.0,1,
2026-09-30,usl_championship,USL Championship,Sacramento Republic FC vs Las Vegas Lights FC,2,True,Goles,goles,Total,Goles: Menos de 3.5,3.5,0.7384,0.7154,meter,1.333,0.6923609508423725,5.0,0,1.5
2026-09-30,usl_championship,USL Championship,Sacramento Republic FC vs Las Vegas Lights FC,3,False,Goles equipo,goles_equipo,Local,Goles Sacramento Republic FC: Menos de 2.5,2.5,0.7536,0.6268,no_meter,1.333,0.5,5.0,0,0.5
2026-09-30,usl_championship,USL Championship,Sacramento Republic FC vs Las Vegas Lights FC,4,False,Córners,corners,Total,Córners: Más de 8.5,8.5,0.5425,0.5792,no_meter,1.7,,5.0,1,11.5
2026-09-30,usl_championship,USL Championship,Sacramento Republic FC vs Las Vegas Lights FC,5,False,BTTS,btts,Ambos marcan,Ambos marcan: No,,0.5237,0.5531,no_meter,1.75,0.527027027027027,5.0,0,
2026-10-01,slv_primera,Primera División,Fuerte San Francisco vs Luis Ángel Firpo,1,True,Doble oportunidad,resultado,Resultado,Luis Ángel Firpo o empate,,0.861,0.861,meter,1.133,0.8476,3.0,1,
2026-10-01,slv_primera,Primera División,Fuerte San Francisco vs Luis Ángel Firpo,2,True,Goles,goles,Total,Goles: Más de 1.5,1.5,0.745,0.7436,meter,1.25,0.7422680412371133,3.0,1,1.5
2026-10-01,slv_primera,Primera División,Fuerte San Francisco vs Luis Ángel Firpo,3,False,BTTS,btts,Ambos marcan,Ambos marcan: No,,0.5088,0.4915,no_meter,1.833,0.5,3.0,1,
2026-09-30,slv_primera,Primera División,Alianza FC vs C.D. Platense,1,False,1X2,resultado,Resultado,Gana Alianza FC,,0.569,0.5662,no_meter,1.667,0.5490688474970821,3.0,1,
2026-09-30,slv_primera,Primera División,Alianza FC vs C.D. Platense,2,False,Goles,goles,Total,Goles: Menos de 2.5,2.5,0.5044,0.5022,no_meter,1.8,0.5,3.0,0,0.5
2026-10-01,selecciones,CAF - Africa Cup of Nations Qualifiers,Guinea vs Kenya,1,False,Doble y goles,dc_goles,12,Guinea o Kenya y menos de 4.5,4.5,0.6201,0.7169,no_meter,1.231,,1.0,1,3.5
2026-10-01,selecciones,CAF - Africa Cup of Nations Qualifiers,Guinea vs Kenya,2,False,BTTS,btts,Ambos marcan,Ambos marcan: No,,0.6609,0.6985,no_meter,1.364,0.6801125703564727,1.0,1,
2026-10-01,selecciones,CAF - Africa Cup of Nations Qualifiers,Guinea vs Kenya,3,False,Goles equipo,goles_equipo,Local,Goles Guinea: Menos de 2.5,2.5,0.7416,0.6785,no_meter,1.25,0.6153846153846154,1.0,1,1.5
2026-10-01,selecciones,CAF - Africa Cup of Nations Qualifiers,Guinea vs Kenya,4,False,Goles,goles,Total,Goles: Más de 1.5,1.5,0.6604,0.6484,no_meter,1.455,0.636340914771307,1.0,0,0.5
2026-10-01,selecciones,CONCACAF Nations League,Dominica vs Guyana,1,True,1X2,resultado,Resultado,Gana Guyana,,0.7458,0.7471,meter,1.222,0.7500340924587481,6.0,1,
2026-10-01,selecciones,CONCACAF Nations League,Dominica vs Guyana,2,False,Goles equipo,goles_equipo,Visitante,Goles Guyana: Más de 1.5,1.5,0.6056,0.693,no_meter,1.333,0.7803790412486065,6.0,1,3.5
2026-10-01,selecciones,CONCACAF Nations League,Dominica vs Guyana,3,False,Goles,goles,Total,Goles: Menos de 3.5,3.5,0.6431,0.6397,no_meter,1.455,0.636340914771307,6.0,0,2.5
2026-10-01,selecciones,CONCACAF Nations League,Dominica vs Guyana,4,False,BTTS,btts,Ambos marcan,Ambos marcan: No,,0.586,0.5895,no_meter,1.556,0.595002602811036,6.0,0,
2026-10-01,selecciones,CONCACAF Nations League,Curaçao vs Trinidad and Tobago,1,True,Doble oportunidad,resultado,Resultado,Curaçao o empate,,0.763,0.763,meter,1.143,0.8421,1.0,1,
2026-10-01,selecciones,CONCACAF Nations League,Curaçao vs Trinidad and Tobago,2,False,Goles,goles,Total,Goles: Menos de 3.5,3.5,0.6499,0.6431,no_meter,1.455,0.636340914771307,1.0,1,2.5
2026-10-01,selecciones,CONCACAF Nations League,Curaçao vs Trinidad and Tobago,3,False,Goles equipo,goles_equipo,Local,Goles Curaçao: Menos de 2.5,2.5,0.8042,0.6126,no_meter,1.4,0.42105263157894735,1.0,1,1.5
2026-10-01,selecciones,CONCACAF Nations League,Curaçao vs Trinidad and Tobago,4,False,BTTS,btts,Ambos marcan,Ambos marcan: Sí,,0.5279,0.5629,no_meter,1.7,0.5466666666666666,1.0,0,
2026-10-01,selecciones,UEFA Nations League,Israel vs Kosovo,1,True,Goles,goles,Total,Goles: Más de 1.5,1.5,0.7528,0.7587,meter,1.231,0.7646721468170522,0.0,0,1.5
2026-10-01,selecciones,UEFA Nations League,Israel vs Kosovo,2,True,Córners,corners,Total,Córners: Menos de 11,11.0,0.8174,0.7452,meter,1.267,,0.0,1,2.0
2026-10-01,selecciones,UEFA Nations League,Israel vs Kosovo,3,False,Doble y goles,dc_goles,12,Israel o Kosovo y menos de 5.5,5.5,0.674,0.8155,no_meter,1.286,0.9057971014492753,0.0,0,5.5
2026-10-01,selecciones,UEFA Nations League,Israel vs Kosovo,4,False,Tarjetas,tarjetas,Visita,Tarjetas Visita: Menos de 2.5,2.5,0.6068,0.6068,no_meter,1.556,,0.0,1,2.5
2026-10-01,selecciones,UEFA Nations League,Israel vs Kosovo,5,False,BTTS,btts,Ambos marcan,Ambos marcan: Sí,,0.5475,0.576,no_meter,1.647,0.5718741876787107,0.0,0,
2026-10-01,selecciones,UEFA Nations League,Israel vs Kosovo,6,False,Goles equipo,goles_equipo,Local,Goles Israel: Menos de 1.5,1.5,0.7066,0.471,no_meter,1.571,0.23532785318294783,0.0,1,1.5
2026-09-30,slv_primera,Primera División,Alianza FC vs C.D. Platense,1,False,1X2,resultado,Resultado,Gana Alianza FC,,0.5862,0.5786,no_meter,1.617,0.5732064636360485,3.0,1,
2026-09-30,slv_primera,Primera División,Alianza FC vs C.D. Platense,2,False,Goles,goles,Total,Goles: Más de 2.5,2.5,0.5127,0.5159,no_meter,1.769,0.5190320826536162,3.0,1,0.5
2026-10-01,selecciones,International - Friendlies,Uzbekistan vs Syria,1,True,Doble oportunidad,resultado,Resultado,Uzbekistan o empate,,0.918,0.918,meter,1.1,0.8486,5.0,1,
2026-10-01,selecciones,International - Friendlies,Uzbekistan vs Syria,2,True,Goles,goles,Total,Goles: Menos de 3.5,3.5,0.7387,0.7437,meter,1.231,0.7486729277256022,5.0,0,1.5
2026-10-01,selecciones,International - Friendlies,Uzbekistan vs Syria,3,False,BTTS,btts,Ambos marcan,Ambos marcan: No,,0.5815,0.5737,no_meter,1.647,0.5633616118769883,5.0,0,
2026-10-01,selecciones,International - Friendlies,Lebanon vs Maldives,1,False,1X2,resultado,Resultado,Gana Lebanon,,0.9419,0.9251,no_meter,1.035,0.9082884821741541,6.0,1,
2026-10-01,selecciones,International - Friendlies,Maldives vs Lebanon,1,False,1X2,resultado,Resultado,Gana Lebanon,,0.9105,0.9052,no_meter,1.041,0.8998929325818213,6.0,1,
2026-10-01,selecciones,UEFA Nations League,Republic of Ireland vs Austria,1,True,Goles,goles,Total,Goles: Menos de 3.5,3.5,0.7863,0.7847,meter,1.2,0.7831194650280138,4.0,0,0.5
2026-10-01,selecciones,UEFA Nations League,Republic of Ireland vs Austria,2,True,Córners,corners,Local,Córners Local: Más de 2.5,2.5,0.6913,0.7359,meter,1.25,,4.0,1,0.5
2026-10-01,selecciones,UEFA Nations League,Republic of Ireland vs Austria,3,False,Doble oportunidad,resultado,Doble,Austria o empate,,0.653,0.7176,meter,1.3,0.718342170942613,4.0,1,
2026-10-01,selecciones,UEFA Nations League,Republic of Ireland vs Austria,4,False,Goles equipo,goles_equipo,Visitante,Goles Austria: Más de 0.5,0.5,0.7814,0.8233,no_meter,1.312,0.8651588184402422,4.0,1,1.5
2026-10-01,selecciones,UEFA Nations League,Republic of Ireland vs Austria,5,False,Tarjetas,tarjetas,Visita,Tarjetas Visita: Más de 1.5,1.5,0.6585,0.6585,no_meter,1.455,,4.0,0,0.5
2026-10-01,selecciones,UEFA Nations League,Republic of Ireland vs Austria,6,False,Remates,remates,Visita,Remates Visita: Menos de 13.5,13.5,0.5956,0.5956,no_meter,1.52,,4.0,0,2.5
2026-10-01,selecciones,UEFA Nations League,Republic of Ireland vs Austria,7,False,Remates a puerta,remates_on,Visita,Remates a puerta Visita: Menos de 5.5,5.5,0.5888,0.5888,no_meter,1.308,,4.0,0,1.5
2026-10-01,selecciones,UEFA Nations League,Republic of Ireland vs Austria,8,False,BTTS,btts,Ambos marcan,Ambos marcan: No,,0.5028,0.5544,no_meter,1.769,0.5306447333510215,4.0,0,
2026-10-01,selecciones,International — Friendlies National Teams,Lebanon vs Maldives,1,False,1X2,resultado,Resultado,Gana Lebanon,,0.9365,0.9182,no_meter,1.041,0.8998929325818213,6.0,1,
