date,home_team,away_team,home_goals,away_goals,home_shots_on,away_shots_on,home_shots_off,away_shots_off,home_corners,away_corners,home_yellow,away_yellow,home_red,away_red,odd_home,odd_draw,odd_away,odd_over25,odd_under25,ah_linea,odd_ah_home,odd_ah_away,odd_home_pin,odd_draw_pin,odd_away_pin,referee,tournament,stadium,MATCH_ID,elo_diff,home_xg,away_xg,home_possession,away_possession
2017-07-28,Bochum,St Pauli,0,1,5,7,12,9,8,2,1,1,0,0,2.38,3.3,2.9,,,,,,2.29,3.37,3.44,,2. Bundesliga,,20170728_Bochum_St-Pauli,0.0,0.73,0.88,45.7,54.3
2017-07-29,Bielefeld,Regensburg,2,1,5,3,14,11,7,4,3,3,1,0,2.0,3.5,3.6,,,,,,1.99,3.47,4.26,,2. Bundesliga,,20170729_Bielefeld_Regensburg,0.0,0.78,1.68,53.6,46.4
2017-07-29,Darmstadt,Greuther Furth,1,0,5,1,5,9,2,5,1,4,0,0,2.05,3.25,3.75,,,,,,2.2,3.38,3.63,,2. Bundesliga,,20170729_Darmstadt_Greuther-Furth,0.0,1.64,1.16,51.4,48.6
2017-07-29,Ingolstadt,Union Berlin,0,1,4,3,9,10,3,3,0,3,0,0,2.15,3.2,3.5,,,,,,2.1,3.45,3.84,,2. Bundesliga,,20170729_Ingolstadt_Union-Berlin,0.0,0.71,0.25,54.8,45.2
2017-07-30,Dresden,Duisburg,1,0,8,3,10,12,7,3,1,4,0,1,2.1,3.3,3.5,,,,,,2.26,3.47,3.41,,2. Bundesliga,,20170730_Dresden_Duisburg,0.0,0.06,0.97,48.7,51.3
2017-07-30,Holstein Kiel,Sandhausen,2,2,3,4,17,4,12,2,2,3,0,0,2.05,3.25,3.75,,,,,,2.12,3.25,4.06,,2. Bundesliga,,20170730_Holstein-Kiel_Sandhausen,0.0,2.02,1.68,61.0,39.0
2017-07-30,Nurnberg,Kaiserslautern,3,0,3,3,9,11,5,3,0,3,0,0,2.2,3.25,3.3,,,,,,2.1,3.41,3.9,,2. Bundesliga,,20170730_Nurnberg_Kaiserslautern,0.0,1.85,0.05,50.2,49.8
2017-07-31,Fortuna Dusseldorf,Braunschweig,2,2,4,10,10,3,5,5,2,4,0,1,2.4,3.2,3.0,,,,,,2.16,3.38,3.76,,2. Bundesliga,,20170731_Fortuna-Dusseldorf_Braunschweig,0.0,1.43,0.93,46.8,53.2
2017-08-04,Kaiserslautern,Darmstadt,1,1,2,5,5,5,3,3,3,1,0,0,2.7,3.1,2.7,,,,,,2.67,3.14,3.01,,2. Bundesliga,,20170804_Kaiserslautern_Darmstadt,-24.0,2.43,0.15,45.9,54.1
2017-08-04,Sandhausen,Ingolstadt,1,0,3,4,6,7,3,4,2,2,0,0,3.4,3.0,2.3,,,,,,3.51,3.21,2.33,,2. Bundesliga,,20170804_Sandhausen_Ingolstadt,12.0,0.06,0.31,48.1,51.9
2017-08-04,Union Berlin,Holstein Kiel,4,3,8,6,7,5,3,0,2,2,0,0,1.75,3.5,4.75,,,,,,1.99,3.47,4.25,,2. Bundesliga,,20170804_Union-Berlin_Holstein-Kiel,12.0,2.16,2.0,52.0,48.0
2017-08-05,Braunschweig,Heidenheim,2,0,2,3,6,9,2,6,0,2,0,0,2.05,3.1,4.0,,,,,,2.22,3.31,3.66,,2. Bundesliga,,20170805_Braunschweig_Heidenheim,0.0,1.38,0.75,54.4,45.6
2017-08-05,Duisburg,Bochum,1,1,5,3,7,14,2,7,2,2,0,0,2.45,3.0,3.1,,,,,,2.78,3.39,2.7,,2. Bundesliga,,20170805_Duisburg_Bochum,0.0,0.18,0.87,51.0,49.0
2017-08-06,Erzgebirge Aue,Fortuna Dusseldorf,0,2,4,2,15,3,9,2,5,2,0,0,2.6,3.0,2.88,,,,,,2.71,3.22,2.89,,2. Bundesliga,,20170806_Erzgebirge-Aue_Fortuna-Dusseldorf,0.0,0.56,1.06,51.7,48.3
2017-08-06,Greuther Furth,Bielefeld,1,2,7,4,11,4,6,4,0,1,0,0,2.25,3.1,3.4,,,,,,2.15,3.32,3.86,,2. Bundesliga,,20170806_Greuther-Furth_Bielefeld,-24.0,1.45,0.85,43.8,56.2
2017-08-06,Regensburg,Nurnberg,0,1,1,4,8,12,4,7,2,2,0,0,3.2,3.1,2.3,,,,,,2.84,3.46,2.6,,2. Bundesliga,,20170806_Regensburg_Nurnberg,-24.0,0.81,0.59,50.0,50.0
2017-08-07,St Pauli,Dresden,2,2,5,4,7,7,5,3,1,3,0,0,1.91,3.4,4.0,,,,,,1.74,3.76,5.43,,2. Bundesliga,,20170807_St-Pauli_Dresden,0.0,1.07,1.62,54.2,45.8
2017-08-09,Heidenheim,Erzgebirge Aue,2,1,2,5,7,9,1,4,2,3,0,1,1.91,3.25,4.33,,,,,,2.08,3.4,4.0,,2. Bundesliga,,20170809_Heidenheim_Erzgebirge-Aue,0.0,0.56,0.65,49.2,50.8
2017-08-18,Braunschweig,Erzgebirge Aue,1,1,6,7,4,5,3,4,2,4,0,0,1.75,3.4,5.0,,,,,,1.81,3.69,5.01,,2. Bundesliga,,20170818_Braunschweig_Erzgebirge-Aue,36.0,1.58,0.38,53.6,46.4
2017-08-18,Darmstadt,St Pauli,3,0,8,6,9,7,6,9,2,1,0,0,2.5,3.2,2.88,,,,,,2.68,3.26,2.89,,2. Bundesliga,,20170818_Darmstadt_St-Pauli,-0.8276146734440317,1.94,1.4,48.0,52.0
2017-08-19,Dresden,Sandhausen,0,4,1,6,9,6,4,3,3,0,0,0,1.95,3.3,4.0,,,,,,2.13,3.52,3.68,,2. Bundesliga,,20170819_Dresden_Sandhausen,0.4143005863770668,0.05,2.23,56.0,44.0
2017-08-19,Fortuna Dusseldorf,Kaiserslautern,2,0,8,1,12,9,10,4,3,3,0,0,1.91,3.4,4.0,,,,,,2.06,3.39,4.09,,2. Bundesliga,,20170819_Fortuna-Dusseldorf_Kaiserslautern,23.17238532655597,0.54,0.05,50.7,49.3
2017-08-19,Heidenheim,Duisburg,1,2,7,6,9,12,2,6,2,3,0,0,2.05,3.25,3.75,,,,,,2.12,3.36,3.9,,2. Bundesliga,,20170819_Heidenheim_Duisburg,12.0,1.68,0.57,44.7,55.3
2017-08-20,Holstein Kiel,Greuther Furth,3,1,8,5,10,8,4,3,3,2,0,0,2.05,3.3,3.6,,,,,,2.02,3.34,4.32,,2. Bundesliga,,20170820_Holstein-Kiel_Greuther-Furth,11.586685912933035,2.27,1.49,51.0,49.0
2017-08-20,Ingolstadt,Regensburg,2,4,8,11,11,8,6,5,3,2,0,0,1.67,3.5,5.5,,,,,,1.6,4.11,6.47,,2. Bundesliga,,20170820_Ingolstadt_Regensburg,-0.41331408706696493,1.81,2.32,50.5,49.5
2017-08-20,Nurnberg,Union Berlin,2,2,6,4,12,7,6,5,1,1,0,1,2.38,3.2,3.0,,,,,,2.5,3.53,2.92,,2. Bundesliga,,20170820_Nurnberg_Union-Berlin,-0.41331408706696493,1.22,0.86,51.2,48.8
2017-08-21,Bielefeld,Bochum,2,0,6,5,6,18,2,8,2,1,0,0,2.15,3.2,3.5,,,,,,2.49,3.5,2.96,,2. Bundesliga,,20170821_Bielefeld_Bochum,35.17238532655597,0.66,1.54,49.5,50.5
2017-08-25,Duisburg,Darmstadt,1,2,4,6,8,3,4,2,2,1,0,0,2.45,3.2,3.0,,,,,,2.37,3.26,3.36,,2. Bundesliga,,20170825_Duisburg_Darmstadt,-22.78666948426053,1.13,1.1,50.2,49.8
2017-08-25,Greuther Furth,Ingolstadt,0,1,2,2,11,5,4,6,3,1,1,0,3.0,3.2,2.38,,,,,,2.96,3.35,2.57,,2. Bundesliga,,20170825_Greuther-Furth_Ingolstadt,0.7990803915340621,0.67,0.05,53.6,46.4
2017-08-26,Erzgebirge Aue,Nurnberg,3,1,10,6,7,5,7,4,3,2,0,0,2.9,3.3,2.38,,,,,,2.84,3.25,2.74,,2. Bundesliga,,20170826_Erzgebirge-Aue_Nurnberg,-45.94769554719278,1.73,0.7,49.3,50.7
2017-08-26,Regensburg,Holstein Kiel,1,2,2,7,12,11,2,5,4,3,0,0,2.6,3.3,2.63,,,,,,2.93,3.61,2.46,,2. Bundesliga,,20170826_Regensburg_Holstein-Kiel,-11.200919608465938,0.85,1.46,55.3,44.7
2017-08-26,St Pauli,Heidenheim,1,0,4,1,9,9,11,3,0,3,0,0,1.85,3.4,4.2,,,,,,2.02,3.38,4.27,,2. Bundesliga,,20170826_St-Pauli_Heidenheim,12.38571584229544,0.27,0.75,51.3,48.7
2017-08-27,Bochum,Dresden,3,2,5,5,5,10,3,8,3,4,0,0,1.95,3.3,4.0,,,,,,1.76,4.06,4.71,,2. Bundesliga,,20170827_Bochum_Dresden,-22.775012424716124,0.55,1.05,51.3,48.7
2017-08-27,Sandhausen,Fortuna Dusseldorf,1,2,3,5,9,5,2,2,3,4,0,0,2.45,3.3,2.88,,,,,,2.47,3.22,3.23,,2. Bundesliga,,20170827_Sandhausen_Fortuna-Dusseldorf,0.39917006234782093,1.76,1.18,47.6,52.4
2017-08-27,Union Berlin,Bielefeld,1,1,8,2,14,11,6,4,1,3,0,0,1.73,3.5,5.0,,,,,,1.71,4.09,5.12,,2. Bundesliga,,20170827_Union-Berlin_Bielefeld,-10.390283122279925,1.43,0.26,49.8,50.2
2017-08-28,Kaiserslautern,Braunschweig,1,1,4,4,11,8,6,7,3,4,0,0,2.5,3.3,2.75,,,,,,2.54,3.16,3.17,,2. Bundesliga,,20170828_Kaiserslautern_Braunschweig,-33.13425897089883,1.3,1.85,44.4,55.6
2017-09-08,Dresden,Greuther Furth,1,1,4,6,10,8,4,2,1,3,0,0,2.35,3.3,3.0,,,,,,2.37,3.44,3.2,,2. Bundesliga,,20170908_Dresden_Greuther-Furth,34.00013716510057,1.08,1.81,58.4,41.6
2017-09-08,Heidenheim,Regensburg,1,3,5,5,6,15,1,8,2,1,0,0,2.0,3.5,3.6,,,,,,2.01,3.63,3.97,,2. Bundesliga,,20170908_Heidenheim_Regensburg,-1.186765643974013,1.54,0.51,48.0,52.0
2017-09-09,Bielefeld,Duisburg,0,4,3,9,10,5,2,2,1,3,0,0,2.1,3.4,3.4,,,,,,2.32,3.49,3.25,,2. Bundesliga,,20170909_Bielefeld_Duisburg,44.40274869660698,1.31,0.78,57.5,42.5
2017-09-09,Holstein Kiel,Kaiserslautern,2,1,5,3,5,10,7,2,3,2,0,0,1.75,3.75,4.33,,,,,,1.74,3.78,5.42,,2. Bundesliga,,20170909_Holstein-Kiel_Kaiserslautern,32.859791125908714,1.57,1.39,51.5,48.5
2017-09-09,Ingolstadt,Erzgebirge Aue,1,2,3,4,28,3,15,2,2,3,0,0,1.75,3.6,4.75,,,,,,1.85,3.63,4.77,,2. Bundesliga,,20170909_Ingolstadt_Erzgebirge-Aue,-14.360579590369753,0.7,1.28,46.4,53.6
2017-09-10,Braunschweig,Sandhausen,1,1,6,4,12,3,7,7,2,1,0,0,2.05,3.4,3.5,,,,,,2.05,3.45,4.04,,2. Bundesliga,,20170910_Braunschweig_Sandhausen,-1.9661469597501764,1.37,0.05,45.7,54.3
2017-09-10,Darmstadt,Bochum,1,2,5,4,9,5,3,6,1,1,0,0,2.3,3.3,3.1,,,,,,2.19,3.57,3.47,,2. Bundesliga,,20170910_Darmstadt_Bochum,44.418898464005,1.69,0.05,53.8,46.2
2017-09-10,Fortuna Dusseldorf,Union Berlin,3,2,6,4,11,2,7,7,2,3,0,0,2.45,3.3,2.8,,,,,,2.4,3.44,3.14,,2. Bundesliga,,20170910_Fortuna-Dusseldorf_Union-Berlin,11.284440842146068,1.33,1.12,46.1,53.9
2017-09-11,Nurnberg,St Pauli,0,1,3,2,10,6,6,3,2,2,0,0,2.1,3.3,3.5,,,,,,1.99,3.62,4.06,,2. Bundesliga,,20170911_Nurnberg_St-Pauli,-1.9349378365307075,1.14,1.0,50.0,50.0
2017-09-15,Erzgebirge Aue,Holstein Kiel,0,3,3,6,10,6,4,4,3,2,0,0,2.88,3.2,2.5,,,,,,2.93,3.39,2.58,,2. Bundesliga,,20170915_Erzgebirge-Aue_Holstein-Kiel,-20.174921647287874,0.38,0.9,49.6,50.4
2017-09-15,Union Berlin,Braunschweig,1,1,6,4,16,11,5,3,2,2,0,0,1.83,3.5,4.2,,,,,,1.83,3.77,4.68,,2. Bundesliga,,20170915_Union-Berlin_Braunschweig,2.631815936242674,0.68,1.03,47.9,52.1
2017-09-16,Duisburg,Nurnberg,1,6,10,9,11,6,9,5,3,0,0,0,2.4,3.2,3.0,,,,,,2.36,3.39,3.26,,2. Bundesliga,,20170916_Duisburg_Nurnberg,5.049818175870769,1.68,2.28,54.7,45.3
2017-09-16,Sandhausen,Kaiserslautern,1,0,5,2,9,7,2,5,2,2,0,0,2.0,3.4,3.7,,,,,,2.26,3.12,3.81,,2. Bundesliga,,20170916_Sandhausen_Kaiserslautern,43.61901366862162,0.72,0.84,54.7,45.3
2017-09-16,St Pauli,Ingolstadt,0,4,3,7,3,12,5,4,0,5,0,0,2.45,3.3,2.8,,,,,,2.84,3.24,2.74,,2. Bundesliga,,20170916_St-Pauli_Ingolstadt,58.525089481544455,0.59,2.67,48.9,51.1
2017-09-17,Bochum,Heidenheim,1,2,4,4,13,12,5,8,2,2,0,0,1.91,3.4,4.0,,,,,,2.02,3.63,3.92,,2. Bundesliga,,20170917_Bochum_Heidenheim,39.46774935687722,0.05,0.8,52.3,47.7
2017-09-17,Darmstadt,Bielefeld,4,3,4,4,8,12,4,4,1,2,0,0,2.0,3.3,3.8,,,,,,2.21,3.46,3.52,,2. Bundesliga,,20170917_Darmstadt_Bielefeld,0.8115776555011962,2.28,1.11,42.0,58.0
2017-09-17,Greuther Furth,Fortuna Dusseldorf,3,1,9,3,15,4,10,3,3,2,0,0,2.7,3.2,2.63,,,,,,2.96,3.38,2.56,,2. Bundesliga,,20170917_Greuther-Furth_Fortuna-Dusseldorf,-92.45436595512456,1.3,1.08,49.5,50.5
2017-09-17,Regensburg,Dresden,0,2,1,5,8,7,9,1,2,2,0,0,2.38,3.4,2.88,,,,,,2.46,3.75,2.84,,2. Bundesliga,,20170917_Regensburg_Dresden,3.12947659247493,1.79,1.7,53.9,46.1
2017-09-19,Holstein Kiel,St Pauli,0,1,4,4,10,3,6,1,4,4,1,0,1.73,3.75,4.6,,,,,,1.84,3.8,4.55,,2. Bundesliga,,20170919_Holstein-Kiel_St-Pauli,24.325428222726714,0.87,0.94,46.1,53.9
2017-09-19,Ingolstadt,Duisburg,2,2,6,5,12,6,10,3,1,1,0,0,1.62,3.6,6.0,,,,,,1.65,4.12,5.74,,2. Bundesliga,,20170919_Ingolstadt_Duisburg,-11.596746354819288,0.33,1.58,47.0,53.0
2017-09-19,Kaiserslautern,Erzgebirge Aue,0,2,3,7,12,9,4,2,1,2,0,0,2.2,3.2,3.4,,,,,,2.52,3.03,3.35,,2. Bundesliga,,20170919_Kaiserslautern_Erzgebirge-Aue,-33.61909267728174,0.63,0.75,46.4,53.6
2017-09-19,Sandhausen,Union Berlin,1,0,3,2,5,6,4,5,1,2,0,0,2.6,3.4,2.6,,,,,,2.52,3.42,2.98,,2. Bundesliga,,20170919_Sandhausen_Union-Berlin,9.790732119712857,1.87,0.89,48.6,51.4
2017-09-20,Braunschweig,Greuther Furth,3,0,6,7,4,11,5,1,1,1,0,0,2.0,3.3,3.8,,,,,,2.24,3.53,3.44,,2. Bundesliga,,20170920_Braunschweig_Greuther-Furth,40.28827220688504,1.6,0.61,53.2,46.8
2017-09-20,Dresden,Bielefeld,0,2,7,3,5,9,4,3,0,1,0,0,2.05,3.4,3.5,,,,,,2.04,3.72,3.84,,2. Bundesliga,,20170920_Dresden_Bielefeld,-9.967965221861505,0.68,1.41,46.7,53.3
2017-09-20,Fortuna Dusseldorf,Regensburg,1,0,5,4,8,12,3,4,3,2,0,0,1.7,3.5,5.25,,,,,,1.77,3.98,4.91,,2. Bundesliga,,20170920_Fortuna-Dusseldorf_Regensburg,54.654052564743324,0.84,0.75,47.0,53.0
2017-09-20,Heidenheim,Darmstadt,2,2,4,4,8,7,3,6,2,5,0,0,2.38,3.1,3.1,,,,,,2.44,3.27,3.28,,2. Bundesliga,,20170920_Heidenheim_Darmstadt,-55.449542773049416,1.26,1.28,57.3,42.7
2017-09-21,Nurnberg,Bochum,3,1,5,5,8,5,4,4,0,2,0,0,2.0,3.3,3.8,,,,,,2.3,3.59,3.2,,2. Bundesliga,,20170921_Nurnberg_Bochum,19.68539292163541,1.3,0.59,51.9,48.1
2017-09-22,Duisburg,Holstein Kiel,1,3,8,5,10,12,6,5,3,3,0,0,2.8,3.5,2.38,,,,,,3.05,3.59,2.39,,2. Bundesliga,,20170922_Duisburg_Holstein-Kiel,-30.81039853245784,1.17,0.71,49.1,50.9
2017-09-22,Erzgebirge Aue,Sandhausen,1,0,2,5,6,8,3,2,1,2,0,0,2.55,3.1,2.88,,,,,,2.74,3.09,2.97,,2. Bundesliga,,20170922_Erzgebirge-Aue_Sandhausen,-31.822038963326577,1.34,0.21,48.9,51.1
2017-09-23,Bielefeld,Heidenheim,1,1,3,2,17,7,8,4,1,1,0,0,2.2,3.4,3.2,,,,,,2.37,3.5,3.15,,2. Bundesliga,,20170923_Bielefeld_Heidenheim,40.4507769781801,0.68,0.27,50.1,49.9
2017-09-23,Regensburg,Braunschweig,2,1,6,4,24,4,11,4,4,4,0,3,2.75,3.4,2.45,,,,,,2.74,3.55,2.65,,2. Bundesliga,,20170923_Regensburg_Braunschweig,-53.47031367050249,0.76,1.14,49.8,50.2
2017-09-23,St Pauli,Fortuna Dusseldorf,1,2,6,3,9,6,6,3,1,0,0,0,2.3,3.3,3.1,,,,,,2.48,3.31,3.13,,2. Bundesliga,,20170923_St-Pauli_Fortuna-Dusseldorf,-19.519484190864205,0.5,0.34,50.5,49.5
2017-09-24,Bochum,Ingolstadt,2,0,6,3,10,12,5,4,2,4,0,0,2.75,3.2,2.55,,,,,,2.92,3.44,2.55,,2. Bundesliga,,20170924_Bochum_Ingolstadt,-0.5108662156362698,1.39,0.63,40.7,59.3
2017-09-24,Darmstadt,Dresden,3,3,6,4,12,2,10,6,3,4,0,0,2.05,3.4,3.6,,,,,,2.21,3.6,3.39,,2. Bundesliga,,20170924_Darmstadt_Dresden,44.480231345244874,1.44,0.92,53.0,47.0
2017-09-24,Greuther Furth,Nurnberg,1,3,7,7,13,7,10,4,2,2,0,0,2.4,3.3,2.88,,,,,,2.55,3.42,2.95,,2. Bundesliga,,20170924_Greuther-Furth_Nurnberg,-62.29500785925302,1.45,1.71,52.8,47.2
2017-09-25,Union Berlin,Kaiserslautern,5,0,11,2,11,8,5,6,2,4,0,0,1.65,3.75,5.25,,,,,,1.66,3.96,5.9,,2. Bundesliga,,20170925_Union-Berlin_Kaiserslautern,54.01143678990911,2.07,1.09,57.6,42.4
2017-09-29,Ingolstadt,Darmstadt,3,0,5,2,16,3,7,5,2,3,0,0,1.91,3.6,3.8,,,,,,1.79,3.92,4.73,,2. Bundesliga,,20170929_Ingolstadt_Darmstadt,-62.097040718564585,1.01,0.05,41.5,58.5
2017-09-29,Kaiserslautern,Greuther Furth,3,0,4,2,9,4,1,5,0,3,0,0,2.45,3.2,2.9,,,,,,2.84,3.28,2.71,,2. Bundesliga,,20170929_Kaiserslautern_Greuther-Furth,-12.598602487549442,1.98,0.45,54.4,45.6
2017-09-30,Erzgebirge Aue,Union Berlin,1,2,4,2,11,5,6,4,0,1,0,0,2.63,3.3,2.6,,,,,,3.47,3.46,2.23,,2. Bundesliga,,20170930_Erzgebirge-Aue_Union-Berlin,4.239188501262333,0.05,1.2,50.1,49.9
2017-09-30,Holstein Kiel,Bochum,3,0,8,0,17,4,9,1,0,4,0,1,1.83,3.5,4.33,,,,,,1.92,3.81,4.16,,2. Bundesliga,,20170930_Holstein-Kiel_Bochum,41.03821622753844,1.29,0.34,53.0,47.0
2017-09-30,Nurnberg,Bielefeld,1,2,4,5,13,7,6,2,1,1,0,0,1.73,3.6,4.75,,,,,,2.06,3.66,3.75,,2. Bundesliga,,20170930_Nurnberg_Bielefeld,12.671463333891325,1.32,1.46,50.8,49.2
2017-10-01,Braunschweig,St Pauli,0,2,9,6,15,12,11,2,0,0,0,0,2.5,3.2,2.8,,,,,,2.58,3.37,2.93,,2. Bundesliga,,20171001_Braunschweig_St-Pauli,-4.425548547541894,1.73,0.99,48.9,51.1
2017-10-01,Heidenheim,Dresden,0,2,2,3,10,8,5,5,4,2,0,0,2.2,3.4,3.2,,,,,,2.44,3.56,3.0,,2. Bundesliga,,20171001_Heidenheim_Dresden,-7.308297917414166,0.05,2.92,51.2,48.8
2017-10-01,Sandhausen,Regensburg,2,0,2,2,7,17,1,4,4,4,0,1,1.75,3.6,4.75,,,,,,1.99,3.52,4.16,,2. Bundesliga,,20171001_Sandhausen_Regensburg,39.82991281523505,1.68,0.82,54.7,45.3
2017-10-02,Fortuna Dusseldorf,Duisburg,3,1,7,7,8,20,2,9,4,2,0,0,1.73,3.6,4.75,,,,,,2.11,3.61,3.66,,2. Bundesliga,,20171002_Fortuna-Dusseldorf_Duisburg,73.94721188469089,1.27,0.77,48.6,51.4
2017-10-13,Duisburg,Braunschweig,0,0,4,3,7,8,3,3,2,1,0,0,2.1,3.6,3.2,,,,,,2.1,3.67,3.62,,2. Bundesliga,,20171013_Duisburg_Braunschweig,-24.985798633333843,0.32,0.18,49.5,50.5
2017-10-13,St Pauli,Kaiserslautern,1,1,2,1,3,6,4,3,0,1,0,0,1.83,3.5,4.33,,,,,,1.83,3.5,5.23,,2. Bundesliga,,20171013_St-Pauli_Kaiserslautern,73.99283594270855,1.16,0.7,51.9,48.1
2017-10-14,Bielefeld,Fortuna Dusseldorf,0,2,3,11,11,8,5,4,1,0,0,0,2.38,3.2,3.0,,,,,,2.55,3.5,2.88,,2. Bundesliga,,20171014_Bielefeld_Fortuna-Dusseldorf,-31.835055408031394,0.75,1.43,50.1,49.9
2017-10-14,Bochum,Sandhausen,2,0,3,1,5,6,4,6,2,3,0,0,2.15,3.3,3.4,,,,,,2.33,3.37,3.34,,2. Bundesliga,,20171014_Bochum_Sandhausen,-50.94345755710765,1.37,0.46,48.4,51.6
2017-10-14,Dresden,Ingolstadt,2,2,4,3,8,11,6,4,1,4,0,0,3.3,3.25,2.2,,,,,,3.25,3.58,2.28,,2. Bundesliga,,20171014_Dresden_Ingolstadt,18.29812865134045,1.25,2.01,52.1,47.9
2017-10-15,Greuther Furth,Erzgebirge Aue,2,1,4,5,13,3,3,2,3,4,0,0,2.1,3.5,3.25,,,,,,2.33,3.3,3.41,,2. Bundesliga,,20171015_Greuther-Furth_Erzgebirge-Aue,-66.23935329635674,1.54,0.79,49.7,50.3
2017-10-15,Heidenheim,Holstein Kiel,3,5,4,14,6,14,4,10,3,3,1,0,3.5,3.5,2.05,,,,,,3.37,3.62,2.21,,2. Bundesliga,,20171015_Heidenheim_Holstein-Kiel,-73.53498284852367,1.0,1.69,47.8,52.2
2017-10-15,Regensburg,Union Berlin,0,2,5,6,14,8,12,3,3,2,0,0,3.6,3.5,2.0,,,,,,3.22,3.8,2.22,,2. Bundesliga,,20171015_Regensburg_Union-Berlin,-52.73747530752962,0.59,0.38,55.5,44.5
2017-10-16,Darmstadt,Nurnberg,3,4,3,5,11,9,4,3,1,1,0,0,2.3,3.4,3.0,,,,,,2.7,3.57,2.67,,2. Bundesliga,,20171016_Darmstadt_Nurnberg,-3.292679242543045,1.57,1.41,47.0,53.0
2017-10-20,Fortuna Dusseldorf,Darmstadt,1,0,4,1,11,10,7,3,3,4,0,0,1.7,3.75,4.75,,,,,,1.68,4.29,5.07,,2. Bundesliga,,20171020_Fortuna-Dusseldorf_Darmstadt,70.12099841742338,1.37,1.23,56.4,43.6
2017-10-20,Ingolstadt,Heidenheim,3,0,8,1,7,2,7,2,0,1,0,0,1.55,4.0,6.0,,,,,,1.56,4.15,6.96,,2. Bundesliga,,20171020_Ingolstadt_Heidenheim,22.634264327670962,1.02,1.08,55.6,44.4
2017-10-21,Braunschweig,Bochum,1,0,2,5,5,11,2,7,0,3,0,0,2.39,3.29,2.89,,,,,,2.32,3.45,3.28,,2. Bundesliga,,20171021_Braunschweig_Bochum,-0.16684307299374268,1.55,0.57,52.5,47.5
2017-10-21,Holstein Kiel,Bielefeld,2,1,4,3,6,8,4,6,4,3,0,0,1.57,4.0,5.5,,,,,,1.54,4.65,6.21,,2. Bundesliga,,20171021_Holstein-Kiel_Bielefeld,32.0817804016765,1.62,1.31,52.4,47.6
2017-10-21,Union Berlin,Greuther Furth,3,1,11,1,6,11,4,4,0,1,0,0,1.7,3.5,5.25,,,,,,1.75,3.91,5.05,,2. Bundesliga,,20171021_Union-Berlin_Greuther-Furth,82.22485280625165,2.48,0.37,55.2,44.8
2017-10-22,Erzgebirge Aue,Regensburg,1,0,4,5,1,10,3,9,3,3,1,0,2.1,3.25,3.5,,,,,,2.21,3.57,3.42,,2. Bundesliga,,20171022_Erzgebirge-Aue_Regensburg,28.615715346578327,1.3,1.2,47.8,52.2
2017-10-22,Kaiserslautern,Duisburg,0,1,3,5,8,6,5,6,3,4,0,0,2.62,3.2,2.7,,,,,,2.56,3.32,3.0,,2. Bundesliga,,20171022_Kaiserslautern_Duisburg,-19.23099946768025,0.6,0.32,49.4,50.6
2017-10-22,Nurnberg,Dresden,2,1,5,2,6,20,4,9,2,3,0,1,1.95,3.5,3.79,,,,,,1.94,3.88,3.97,,2. Bundesliga,,20171022_Nurnberg_Dresden,31.364868244087347,1.84,0.05,55.6,44.4
2017-10-23,Sandhausen,St Pauli,1,1,3,3,15,12,5,4,1,2,0,0,2.29,3.2,3.1,,,,,,2.91,3.08,2.81,,2. Bundesliga,,20171023_Sandhausen_St-Pauli,-2.8474246894782027,1.06,1.36,48.4,51.6
2017-10-27,Bielefeld,Ingolstadt,1,3,2,8,14,4,10,5,3,4,1,1,3.6,3.39,2.04,,,,,,4.19,3.71,1.94,,2. Bundesliga,,20171027_Bielefeld_Ingolstadt,15.699418007402528,0.55,1.1,53.9,46.1
2017-10-27,St Pauli,Erzgebirge Aue,1,1,6,4,6,8,7,7,1,3,0,0,1.9,3.29,4.2,,,,,,2.03,3.27,4.4,,2. Bundesliga,,20171027_St-Pauli_Erzgebirge-Aue,20.655388946525363,0.17,1.11,43.3,56.7
2017-10-28,Darmstadt,Holstein Kiel,1,1,5,7,6,8,4,4,1,3,0,0,3.6,3.5,2.0,,,,,,3.58,3.9,2.04,,2. Bundesliga,,20171028_Darmstadt_Holstein-Kiel,-69.06621367519165,0.73,0.42,44.1,55.9
2017-10-28,Greuther Furth,Sandhausen,2,1,5,3,8,9,4,2,2,2,0,0,2.5,3.2,2.87,,,,,,2.52,3.24,3.13,,2. Bundesliga,,20171028_Greuther-Furth_Sandhausen,-75.94878899949413,1.03,0.44,47.5,52.5
2017-10-28,Regensburg,Kaiserslautern,3,1,8,3,15,2,7,2,2,0,0,0,2.0,3.29,3.75,,,,,,2.18,3.52,3.56,,2. Bundesliga,,20171028_Regensburg_Kaiserslautern,8.89674934847244,2.5,0.48,50.1,49.9
2017-10-29,Dresden,Braunschweig,1,1,4,7,8,5,1,3,1,4,0,0,2.04,3.5,3.39,,,,,,2.13,3.56,3.63,,2. Bundesliga,,20171029_Dresden_Braunschweig,-17.651925198954814,0.73,0.31,50.3,49.7
2017-10-29,Duisburg,Union Berlin,1,1,3,3,7,8,2,2,2,2,0,0,2.87,3.39,2.37,,,,,,3.04,3.78,2.31,,2. Bundesliga,,20171029_Duisburg_Union-Berlin,-60.34083840881135,1.71,0.05,47.9,52.1
2017-10-29,Heidenheim,Nurnberg,1,0,5,5,10,9,7,4,4,2,0,0,3.0,3.39,2.29,,,,,,2.98,3.7,2.39,,2. Bundesliga,,20171029_Heidenheim_Nurnberg,-93.17341203348292,1.26,0.57,44.7,55.3
2017-10-30,Bochum,Fortuna Dusseldorf,0,0,5,3,4,12,3,6,2,2,1,0,2.45,3.25,2.87,,,,,,2.69,3.37,2.8,,2. Bundesliga,,20171030_Bochum_Fortuna-Dusseldorf,-101.14347995996764,0.92,0.96,47.1,52.9
2017-11-03,Kaiserslautern,Bochum,0,0,2,1,10,2,7,1,3,3,0,0,3.0,3.25,2.35,,,,,,3.25,3.3,2.41,,2. Bundesliga,,20171103_Kaiserslautern_Bochum,-57.082058185181495,0.73,0.25,49.7,50.3
2017-11-03,Sandhausen,Duisburg,0,1,7,1,15,4,5,2,2,2,0,0,2.2,3.25,3.25,,,,,,2.45,3.35,3.13,,2. Bundesliga,,20171103_Sandhausen_Duisburg,18.995374612582737,0.1,1.48,53.4,46.6
2017-11-04,Braunschweig,Darmstadt,2,2,5,3,11,4,8,3,2,2,0,0,1.9,3.6,3.79,,,,,,2.1,3.46,3.85,,2. Bundesliga,,20171104_Braunschweig_Darmstadt,9.079445631595945,0.97,1.17,56.8,43.2
2017-11-04,Regensburg,Greuther Furth,3,2,5,3,15,4,8,6,1,1,0,0,2.37,3.39,2.87,,,,,,2.38,3.51,3.12,,2. Bundesliga,,20171104_Regensburg_Greuther-Furth,4.4112722092729655,1.1,0.54,50.9,49.1
2017-11-04,Union Berlin,St Pauli,1,0,3,2,13,9,4,5,1,1,0,0,1.85,3.6,4.0,,,,,,1.84,3.83,4.56,,2. Bundesliga,,20171104_Union-Berlin_St-Pauli,20.6983330719645,1.55,0.05,50.2,49.8
2017-11-05,Erzgebirge Aue,Bielefeld,1,1,6,7,4,12,2,10,2,4,0,0,2.2,3.2,3.39,,,,,,2.41,3.31,3.24,,2. Bundesliga,,20171105_Erzgebirge-Aue_Bielefeld,3.8074666727238764,0.79,1.39,51.5,48.5
2017-11-05,Fortuna Dusseldorf,Heidenheim,2,2,4,4,9,9,3,4,6,4,1,0,1.6,3.75,5.75,,,,,,1.82,3.69,4.91,,2. Bundesliga,,20171105_Fortuna-Dusseldorf_Heidenheim,116.3789809930679,1.2,1.31,56.9,43.1
2017-11-05,Holstein Kiel,Dresden,3,0,9,6,10,4,5,3,1,1,0,0,1.61,4.0,5.0,,,,,,1.53,4.81,6.14,,2. Bundesliga,,20171105_Holstein-Kiel_Dresden,71.71133081777612,1.64,0.27,61.4,38.6
2017-11-06,Nurnberg,Ingolstadt,1,2,4,6,6,10,2,3,0,0,0,0,3.0,3.25,2.35,,,,,,2.97,3.63,2.42,,2. Bundesliga,,20171106_Nurnberg_Ingolstadt,20.4154830125849,1.09,0.91,55.4,44.6
2017-11-17,Bielefeld,Braunschweig,2,2,6,5,14,6,10,8,2,2,0,0,2.54,3.29,2.7,,,,,,2.67,3.47,2.76,,2. Bundesliga,,20171117_Bielefeld_Braunschweig,-8.336536389771027,1.76,1.14,56.2,43.8
2017-11-17,Darmstadt,Sandhausen,1,2,1,3,4,2,5,3,6,2,0,0,2.45,3.25,2.89,,,,,,2.87,3.22,2.73,,2. Bundesliga,,20171117_Darmstadt_Sandhausen,6.153689577827436,1.06,2.62,49.3,50.7
2017-11-18,Bochum,Greuther Furth,1,1,3,3,5,9,5,3,1,4,0,0,1.95,3.5,3.75,,,,,,1.96,3.7,4.1,,2. Bundesliga,,20171118_Bochum_Greuther-Furth,39.10466604076714,1.41,1.55,51.7,48.3
2017-11-18,Heidenheim,Union Berlin,4,3,11,9,9,5,8,3,2,2,0,0,3.25,3.29,2.2,,,,,,3.17,3.48,2.37,,2. Bundesliga,,20171118_Heidenheim_Union-Berlin,-84.23368138082833,1.54,1.07,43.8,56.2
2017-11-18,Nurnberg,Holstein Kiel,2,2,6,4,12,6,4,6,1,2,0,0,3.25,3.6,2.1,,,,,,3.33,3.83,2.16,,2. Bundesliga,,20171118_Nurnberg_Holstein-Kiel,-56.52153921809895,1.17,1.76,43.8,56.2
2017-11-19,Duisburg,Erzgebirge Aue,3,0,9,2,9,6,5,4,1,3,0,0,2.04,3.29,3.6,,,,,,2.19,3.35,3.72,,2. Bundesliga,,20171119_Duisburg_Erzgebirge-Aue,-3.4985488545892167,0.82,0.82,52.6,47.4
2017-11-19,Ingolstadt,Fortuna Dusseldorf,1,0,5,3,11,7,5,7,5,3,0,0,1.75,3.6,4.75,,,,,,1.74,3.92,5.16,,2. Bundesliga,,20171119_Ingolstadt_Fortuna-Dusseldorf,-57.32724253607648,0.36,1.22,46.0,54.0
2017-11-19,St Pauli,Regensburg,2,2,5,2,10,9,4,8,2,5,0,0,1.9,3.6,3.79,,,,,,1.91,3.61,4.45,,2. Bundesliga,,20171119_St-Pauli_Regensburg,35.75990378199731,1.83,0.89,43.3,56.7
2017-11-20,Dresden,Kaiserslautern,1,2,6,4,10,4,3,3,1,1,0,0,1.9,3.39,4.0,,,,,,2.07,3.38,4.08,,2. Bundesliga,,20171120_Dresden_Kaiserslautern,48.97428929544253,0.05,1.14,56.5,43.5
2017-11-24,Sandhausen,Heidenheim,1,2,7,3,15,13,6,9,1,1,0,0,2.29,3.25,3.1,,,,,,2.32,3.18,3.57,,2. Bundesliga,,20171124_Sandhausen_Heidenheim,20.43251652752565,1.01,1.92,57.5,42.5
2017-11-24,Union Berlin,Darmstadt,3,3,6,7,5,2,5,2,2,4,0,0,1.5,4.09,6.5,,,,,,1.5,4.65,7.05,,2. Bundesliga,,20171124_Union-Berlin_Darmstadt,52.36524305682451,1.24,0.66,58.5,41.5
2017-11-25,Braunschweig,Nurnberg,2,3,7,6,8,8,6,4,2,5,0,0,2.29,3.39,3.0,,,,,,2.46,3.55,2.98,,2. Bundesliga,,20171125_Braunschweig_Nurnberg,-10.850475030182452,0.83,1.24,51.8,48.2
2017-11-25,Holstein Kiel,Ingolstadt,0,0,0,7,6,10,2,9,1,2,0,0,2.04,3.5,3.39,,,,,,2.25,3.64,3.28,,2. Bundesliga,,20171125_Holstein-Kiel_Ingolstadt,35.63101061065504,0.68,0.66,49.4,50.6
2017-11-25,Regensburg,Duisburg,4,0,6,5,7,5,3,2,2,2,0,0,2.29,3.39,3.0,,,,,,2.56,3.61,2.8,,2. Bundesliga,,20171125_Regensburg_Duisburg,-35.07563174772986,1.23,1.45,39.7,60.3
2017-11-26,Erzgebirge Aue,Bochum,1,1,7,4,10,7,3,2,1,3,0,0,2.6,3.25,2.7,,,,,,2.9,3.19,2.73,,2. Bundesliga,,20171126_Erzgebirge-Aue_Bochum,5.9101333635312585,0.65,1.29,51.9,48.1
2017-11-26,Greuther Furth,St Pauli,4,0,8,4,10,5,3,3,2,5,0,1,2.54,3.39,2.62,,,,,,3.06,3.28,2.55,,2. Bundesliga,,20171126_Greuther-Furth_St-Pauli,-61.290759341696685,1.85,0.72,49.8,50.2
2017-11-26,Kaiserslautern,Bielefeld,0,2,2,5,5,8,8,5,2,1,0,0,2.5,3.29,2.75,,,,,,2.69,3.2,2.94,,2. Bundesliga,,20171126_Kaiserslautern_Bielefeld,-52.92309561869365,0.05,0.87,54.3,45.7
2017-11-27,Fortuna Dusseldorf,Dresden,1,3,4,6,5,7,2,2,2,1,0,0,1.9,3.6,3.79,,,,,,2.02,3.74,3.81,,2. Bundesliga,,20171127_Fortuna-Dusseldorf_Dresden,96.34386443088988,0.82,1.92,52.0,48.0
2017-12-01,Bielefeld,St Pauli,5,0,7,2,8,9,4,1,1,1,0,0,2.62,3.2,2.75,,,,,,2.85,3.31,2.69,,2. Bundesliga,,20171201_Bielefeld_St-Pauli,14.1797046008312,2.27,1.03,47.2,52.8
2017-12-01,Heidenheim,Kaiserslautern,3,2,6,5,8,10,5,7,2,3,0,1,2.0,3.39,3.75,,,,,,2.09,3.39,3.96,,2. Bundesliga,,20171201_Heidenheim_Kaiserslautern,61.03667379577905,2.41,0.05,51.5,48.5
2017-12-02,Duisburg,Greuther Furth,2,0,6,5,3,14,5,1,2,3,0,0,2.1,3.5,3.29,,,,,,2.16,3.52,3.58,,2. Bundesliga,,20171202_Duisburg_Greuther-Furth,35.765419328793996,0.88,0.61,49.2,50.8
2017-12-02,Holstein Kiel,Fortuna Dusseldorf,2,2,8,9,13,3,5,1,1,2,0,0,1.7,3.6,5.0,,,,,,1.75,4.04,4.83,,2. Bundesliga,,20171202_Holstein-Kiel_Fortuna-Dusseldorf,20.246739167962915,1.22,0.98,52.4,47.6
2017-12-02,Nurnberg,Sandhausen,1,0,9,2,13,9,7,1,2,3,0,0,2.0,3.29,3.79,,,,,,2.04,3.68,3.8,,2. Bundesliga,,20171202_Nurnberg_Sandhausen,37.286431199996514,0.65,1.08,58.7,41.3
2017-12-03,Bochum,Union Berlin,2,1,9,2,11,7,5,0,2,2,0,0,2.62,3.39,2.54,,,,,,2.68,3.58,2.69,,2. Bundesliga,,20171203_Bochum_Union-Berlin,-52.52418775927549,0.83,1.09,50.4,49.6
2017-12-03,Darmstadt,Regensburg,0,1,3,5,6,7,2,5,2,1,0,0,2.2,3.5,3.1,,,,,,2.38,3.64,3.02,,2. Bundesliga,,20171203_Darmstadt_Regensburg,-0.8318131378152884,0.54,1.16,53.9,46.1
2017-12-03,Dresden,Erzgebirge Aue,4,0,8,1,4,6,9,3,2,2,0,0,2.0,3.29,3.79,,,,,,2.16,3.4,3.72,,2. Bundesliga,,20171203_Dresden_Erzgebirge-Aue,-6.996397028563933,1.14,0.05,50.6,49.4
2017-12-04,Ingolstadt,Braunschweig,0,2,3,3,25,4,7,2,2,4,0,0,1.57,3.79,6.0,,,,,,1.54,4.31,7.02,,2. Bundesliga,,20171204_Ingolstadt_Braunschweig,40.72243173628431,1.08,2.05,46.5,53.5
2017-12-08,Braunschweig,Holstein Kiel,0,0,2,3,3,11,3,7,1,3,0,0,3.39,3.39,2.1,,,,,,3.72,3.7,2.06,,2. Bundesliga,,20171208_Braunschweig_Holstein-Kiel,-59.802127543464394,1.96,0.64,51.3,48.7
2017-12-08,Erzgebirge Aue,Darmstadt,1,0,5,3,10,10,8,5,0,4,0,0,2.37,3.25,3.0,,,,,,2.47,3.3,3.15,,2. Bundesliga,,20171208_Erzgebirge-Aue_Darmstadt,1.4825072210117014,1.56,0.23,47.9,52.1
2017-12-09,Greuther Furth,Heidenheim,1,0,8,4,7,8,5,8,3,3,0,0,2.29,3.39,3.0,,,,,,2.43,3.34,3.17,,2. Bundesliga,,20171209_Greuther-Furth_Heidenheim,-55.70373065116314,0.81,0.86,46.1,53.9
2017-12-09,Regensburg,Bochum,0,1,5,5,18,3,8,0,1,3,0,0,2.29,3.39,3.0,,,,,,2.51,3.58,2.89,,2. Bundesliga,,20171209_Regensburg_Bochum,2.7517211301626503,1.42,1.09,50.6,49.4
2017-12-09,Union Berlin,Dresden,0,1,2,2,13,13,7,8,1,2,0,0,1.85,3.6,4.0,,,,,,1.9,3.89,4.12,,2. Bundesliga,,20171209_Union-Berlin_Dresden,27.97662913127533,0.53,0.16,49.7,50.3
2017-12-10,Kaiserslautern,Ingolstadt,1,1,2,5,1,14,2,11,4,2,1,0,5.0,3.6,1.7,,,,,,5.5,3.65,1.76,,2. Bundesliga,,20171210_Kaiserslautern_Ingolstadt,-96.48024925734103,0.87,1.07,47.0,53.0
2017-12-10,Sandhausen,Bielefeld,3,1,6,6,4,11,7,6,1,2,0,0,2.25,3.25,3.2,,,,,,2.42,3.35,3.18,,2. Bundesliga,,20171210_Sandhausen_Bielefeld,-39.46354154733331,1.12,0.68,50.8,49.2
2017-12-10,St Pauli,Duisburg,2,2,3,5,9,10,1,4,4,4,1,0,2.25,3.25,3.2,,,,,,2.11,3.39,3.88,,2. Bundesliga,,20171210_St-Pauli_Duisburg,-24.94466986476573,0.92,1.04,45.5,54.5
2017-12-11,Fortuna Dusseldorf,Nurnberg,0,2,4,7,10,10,5,5,1,5,0,0,2.25,3.39,3.1,,,,,,2.53,3.45,2.94,,2. Bundesliga,,20171211_Fortuna-Dusseldorf_Nurnberg,9.534211819757047,0.05,1.15,54.4,45.6
2017-12-15,Braunschweig,Fortuna Dusseldorf,0,1,6,3,13,6,3,3,2,4,0,0,2.37,3.25,3.0,,,,,,2.67,3.22,2.95,,2. Bundesliga,,20171215_Braunschweig_Fortuna-Dusseldorf,-26.577851948596845,0.9,1.16,44.6,55.4
2017-12-15,Union Berlin,Ingolstadt,1,2,4,3,10,8,8,5,2,2,0,0,3.1,3.5,2.2,,,,,,3.36,3.5,2.26,,2. Bundesliga,,20171215_Union-Berlin_Ingolstadt,-9.019238586220126,0.57,1.14,43.4,56.6
2017-12-16,Erzgebirge Aue,Heidenheim,1,1,1,3,6,13,2,8,1,4,0,0,2.45,3.29,2.79,,,,,,2.67,3.25,2.91,,2. Bundesliga,,20171216_Erzgebirge-Aue_Heidenheim,-3.2943096738886197,1.49,1.49,48.3,51.7
2017-12-16,Kaiserslautern,Nurnberg,1,1,1,6,6,8,4,7,2,1,0,0,3.39,3.5,2.04,,,,,,4.15,3.55,1.99,,2. Bundesliga,,20171216_Kaiserslautern_Nurnberg,-123.05620346614182,0.14,1.28,43.6,56.4
2017-12-16,Regensburg,Bielefeld,3,2,6,6,9,8,4,3,2,2,0,0,2.29,3.29,3.1,,,,,,2.31,3.71,3.1,,2. Bundesliga,,20171216_Regensburg_Bielefeld,-18.45259925047867,2.03,1.43,49.9,50.1
2017-12-17,Duisburg,Dresden,2,0,5,2,8,8,7,4,2,3,0,0,2.25,3.39,3.1,,,,,,2.64,3.55,2.74,,2. Bundesliga,,20171217_Duisburg_Dresden,-0.5605897276223004,0.2,0.88,55.4,44.6
2017-12-17,Greuther Furth,Darmstadt,1,1,1,7,9,11,5,6,3,4,0,0,2.2,3.29,3.29,,,,,,2.24,3.28,3.64,,2. Bundesliga,,20171217_Greuther-Furth_Darmstadt,0.7859217232094124,0.35,1.3,49.9,50.1
2017-12-17,Sandhausen,Holstein Kiel,3,1,5,5,6,11,5,13,4,5,1,1,3.39,3.2,2.2,,,,,,3.46,3.47,2.23,,2. Bundesliga,,20171217_Sandhausen_Holstein-Kiel,-71.70203151094984,1.02,1.43,47.1,52.9
2017-12-18,St Pauli,Bochum,2,1,7,4,4,11,6,9,2,4,0,1,2.2,3.39,3.2,,,,,,2.78,3.27,2.78,,2. Bundesliga,,20171218_St-Pauli_Bochum,-25.969234731071083,1.93,0.99,44.8,55.2
2018-01-23,Bochum,Duisburg,0,2,4,6,9,8,7,2,2,1,0,0,2.25,3.39,3.1,,,,,,2.5,3.36,3.01,,2. Bundesliga,,20180123_Bochum_Duisburg,-22.16991403819293,0.62,0.73,43.5,56.5
2018-01-23,Holstein Kiel,Union Berlin,2,2,5,8,3,5,8,6,2,2,1,0,1.95,3.6,3.6,,,,,,2.05,3.74,3.65,,2. Bundesliga,,20180123_Holstein-Kiel_Union-Berlin,53.34963869932744,0.86,0.94,51.2,48.8
2018-01-23,Ingolstadt,Sandhausen,0,0,3,4,10,2,3,0,1,2,0,0,1.53,3.79,6.5,,,,,,1.64,3.81,6.37,,2. Bundesliga,,20180123_Ingolstadt_Sandhausen,21.864883058593023,1.49,0.05,57.7,42.3
2018-01-23,Nurnberg,Regensburg,2,2,6,4,4,11,3,5,0,4,0,0,1.75,3.75,4.5,,,,,,1.82,4.08,4.25,,2. Bundesliga,,20180123_Nurnberg_Regensburg,46.67837983636264,0.32,1.99,51.9,48.1
2018-01-24,Bielefeld,Greuther Furth,0,0,7,0,14,8,7,1,2,1,0,0,2.04,3.29,3.6,,,,,,2.08,3.59,3.7,,2. Bundesliga,,20180124_Bielefeld_Greuther-Furth,29.685201496582522,0.31,0.56,50.6,49.4
2018-01-24,Fortuna Dusseldorf,Erzgebirge Aue,2,1,6,4,11,5,5,4,2,2,0,0,1.85,3.5,4.2,,,,,,1.65,3.97,5.87,,2. Bundesliga,,20180124_Fortuna-Dusseldorf_Erzgebirge-Aue,58.489914546040154,1.31,1.38,53.4,46.6
2018-01-24,Heidenheim,Braunschweig,2,0,3,4,10,11,8,4,2,5,0,0,2.37,3.1,3.1,,,,,,2.48,3.27,3.11,,2. Bundesliga,,20180124_Heidenheim_Braunschweig,-6.677669103631615,1.14,2.06,53.9,46.1
2018-01-25,Dresden,St Pauli,1,3,7,7,19,5,14,2,3,1,0,0,2.14,3.25,3.39,,,,,,2.3,3.47,3.25,,2. Bundesliga,,20180125_Dresden_St-Pauli,-1.1295435135880325,1.1,1.37,51.1,48.9
2018-01-26,Regensburg,Ingolstadt,3,2,5,5,9,6,5,2,3,2,0,0,3.6,3.5,2.0,,,,,,3.57,3.43,2.18,,2. Bundesliga,,20180126_Regensburg_Ingolstadt,-27.016747125094298,0.8,1.7,44.7,55.3
2018-01-26,Union Berlin,Nurnberg,0,1,3,5,8,7,6,6,2,1,2,1,2.14,3.5,3.2,,,,,,2.13,3.71,3.44,,2. Bundesliga,,20180126_Union-Berlin_Nurnberg,-46.270342184520814,1.0,1.45,51.0,49.0
2018-01-27,Duisburg,Heidenheim,3,3,5,3,15,7,2,4,2,3,0,0,2.14,3.29,3.39,,,,,,2.15,3.48,3.61,,2. Bundesliga,,20180127_Duisburg_Heidenheim,25.785177243383487,1.77,1.91,45.9,54.1
2018-01-27,Greuther Furth,Holstein Kiel,0,0,5,2,7,6,0,5,3,4,0,0,3.6,3.5,2.0,,,,,,3.49,3.71,2.11,,2. Bundesliga,,20180127_Greuther-Furth_Holstein-Kiel,-83.98178672207291,0.49,0.65,44.1,55.9
2018-01-27,Kaiserslautern,Fortuna Dusseldorf,1,3,2,9,6,14,2,7,4,1,1,0,3.39,3.1,2.25,,,,,,3.42,3.21,2.35,,2. Bundesliga,,20180127_Kaiserslautern_Fortuna-Dusseldorf,-124.93352783584601,0.6,0.59,42.5,57.5
2018-01-28,Erzgebirge Aue,Braunschweig,1,3,6,3,11,15,10,2,3,3,0,0,2.7,3.2,2.6,,,,,,2.94,3.14,2.69,,2. Bundesliga,,20180128_Erzgebirge-Aue_Braunschweig,-7.512513115302454,0.64,1.84,51.5,48.5
2018-01-28,Sandhausen,Dresden,1,0,3,2,11,4,3,2,2,5,0,1,2.37,3.29,2.89,,,,,,2.51,3.37,2.99,,2. Bundesliga,,20180128_Sandhausen_Dresden,25.625690237236086,1.2,0.71,58.0,42.0
2018-01-28,St Pauli,Darmstadt,0,1,8,2,6,5,6,4,1,2,0,0,2.0,3.29,3.79,,,,,,2.2,3.28,3.71,,2. Bundesliga,,20180128_St-Pauli_Darmstadt,44.92635448643364,0.19,0.25,43.7,56.3
2018-01-29,Bochum,Bielefeld,0,1,3,5,11,6,6,5,1,0,0,0,2.29,3.25,3.1,,,,,,2.35,3.46,3.16,,2. Bundesliga,,20180129_Bochum_Bielefeld,-7.485302510116753,1.38,0.72,52.0,48.0
2018-02-02,Fortuna Dusseldorf,Sandhausen,1,0,2,4,5,6,3,7,2,1,0,0,2.04,3.25,3.39,,,,,,2.03,3.38,4.15,,2. Bundesliga,,20180202_Fortuna-Dusseldorf_Sandhausen,45.20009093728686,0.73,0.64,49.4,50.6
2018-02-02,Nurnberg,Erzgebirge Aue,4,1,7,1,4,5,4,4,0,0,0,0,1.57,3.89,6.0,,,,,,1.73,3.92,5.22,,2. Bundesliga,,20180202_Nurnberg_Erzgebirge-Aue,88.99728954186025,1.9,1.59,46.8,53.2
2018-02-03,Heidenheim,St Pauli,3,1,6,4,5,15,3,4,0,2,0,0,2.29,3.39,3.0,,,,,,2.45,3.53,2.95,,2. Bundesliga,,20180203_Heidenheim_St-Pauli,10.2698096632148,1.98,0.53,50.1,49.9
2018-02-03,Holstein Kiel,Regensburg,1,1,3,7,4,14,3,5,4,2,0,0,1.66,3.79,5.0,,,,,,1.72,4.06,4.9,,2. Bundesliga,,20180203_Holstein-Kiel_Regensburg,31.11926634384963,0.09,1.96,58.7,41.3
2018-02-03,Ingolstadt,Greuther Furth,3,0,10,1,12,13,4,5,1,0,0,0,1.61,3.6,6.0,,,,,,1.61,4.03,6.18,,2. Bundesliga,,20180203_Ingolstadt_Greuther-Furth,48.32591871182399,0.93,0.69,52.5,47.5
2018-02-04,Braunschweig,Kaiserslautern,1,2,7,3,19,7,3,6,2,2,0,0,1.83,3.5,4.33,,,,,,1.83,3.62,4.81,,2. Bundesliga,,20180204_Braunschweig_Kaiserslautern,73.5610841028215,1.14,0.81,56.1,43.9
2018-02-04,Darmstadt,Duisburg,1,2,5,5,6,6,5,6,3,1,0,0,2.39,3.39,2.79,,,,,,2.57,3.38,2.89,,2. Bundesliga,,20180204_Darmstadt_Duisburg,-52.11720694644919,0.05,2.27,49.6,50.4
2018-02-04,Dresden,Bochum,2,0,5,1,12,16,4,2,3,1,0,0,2.2,3.39,3.2,,,,,,2.5,3.49,2.91,,2. Bundesliga,,20180204_Dresden_Bochum,-1.4089062607640699,1.6,1.01,50.2,49.8
2018-02-05,Bielefeld,Union Berlin,1,1,3,5,15,6,6,1,1,0,0,0,2.5,3.39,2.7,,,,,,2.59,3.58,2.74,,2. Bundesliga,,20180205_Bielefeld_Union-Berlin,15.503646211408523,0.98,0.97,43.9,56.1
2018-02-09,Bochum,Darmstadt,2,1,4,2,10,15,10,5,2,1,0,0,2.14,3.39,3.29,,,,,,2.02,3.52,3.98,,2. Bundesliga,,20180209_Bochum_Darmstadt,-5.2112338588922285,0.74,0.79,46.0,54.0
2018-02-09,Kaiserslautern,Holstein Kiel,3,1,6,4,8,13,3,3,1,3,0,0,3.5,3.6,2.0,,,,,,3.99,3.63,1.98,,2. Bundesliga,,20180209_Kaiserslautern_Holstein-Kiel,-106.15539757858824,0.97,0.66,50.4,49.6
2018-02-10,Duisburg,Bielefeld,2,2,6,5,5,6,6,3,2,2,0,0,2.25,3.29,3.2,,,,,,2.29,3.51,3.25,,2. Bundesliga,,20180210_Duisburg_Bielefeld,35.273217833219405,1.14,0.05,53.2,46.8
2018-02-10,Regensburg,Heidenheim,2,0,10,3,21,5,8,2,1,3,0,1,2.0,3.39,3.75,,,,,,2.08,3.75,3.55,,2. Bundesliga,,20180210_Regensburg_Heidenheim,-0.4549638886308003,0.62,0.64,45.3,54.7
2018-02-10,Union Berlin,Fortuna Dusseldorf,3,1,7,1,19,3,9,2,3,3,0,0,2.14,3.39,3.25,,,,,,2.04,3.58,3.85,,2. Bundesliga,,20180210_Union-Berlin_Fortuna-Dusseldorf,-86.09771864292998,0.61,0.05,45.3,54.7
2018-02-11,Erzgebirge Aue,Ingolstadt,0,0,3,5,2,13,2,9,1,2,0,0,4.33,3.39,1.85,,,,,,4.73,3.66,1.83,,2. Bundesliga,,20180211_Erzgebirge-Aue_Ingolstadt,-68.53153148540264,0.4,1.13,51.7,48.3
2018-02-11,Greuther Furth,Dresden,1,0,7,5,7,15,8,9,1,3,0,0,2.5,3.2,2.79,,,,,,2.82,3.34,2.66,,2. Bundesliga,,20180211_Greuther-Furth_Dresden,-26.54867989493755,0.75,1.33,50.8,49.2
2018-02-11,Sandhausen,Braunschweig,0,0,1,2,8,8,2,6,1,4,0,0,2.2,3.25,3.29,,,,,,2.54,3.16,3.12,,2. Bundesliga,,20180211_Sandhausen_Braunschweig,25.95175645807126,0.46,0.51,51.8,48.2
2018-02-12,St Pauli,Nurnberg,0,0,6,4,10,6,5,7,1,3,0,0,2.75,3.25,2.54,,,,,,2.52,3.38,2.96,,2. Bundesliga,,20180212_St-Pauli_Nurnberg,-81.97856147311677,1.0,1.77,46.1,53.9
2018-02-16,Heidenheim,Bochum,1,0,2,7,8,10,2,9,2,3,0,0,2.45,3.25,2.87,,,,,,2.75,3.32,2.74,,2. Bundesliga,,20180216_Heidenheim_Bochum,30.984200518420266,0.48,1.32,52.8,47.2
2018-02-16,Kaiserslautern,Sandhausen,0,1,1,5,10,8,7,6,0,1,0,0,2.5,3.0,3.0,,,,,,2.82,3.01,2.91,,2. Bundesliga,,20180216_Kaiserslautern_Sandhausen,-54.05484592725429,0.72,1.55,50.5,49.5
2018-02-17,Bielefeld,Darmstadt,2,0,4,6,10,7,4,7,3,3,0,0,1.95,3.5,3.75,,,,,,1.97,3.55,4.14,,2. Bundesliga,,20180217_Bielefeld_Darmstadt,50.66472342710313,1.11,0.32,52.3,47.7
2018-02-17,Fortuna Dusseldorf,Greuther Furth,1,1,7,4,5,10,11,2,2,4,0,0,1.8,3.6,4.33,,,,,,2.02,3.44,4.12,,2. Bundesliga,,20180217_Fortuna-Dusseldorf_Greuther-Furth,90.17695894206759,1.23,1.02,54.5,45.5
2018-02-17,Holstein Kiel,Erzgebirge Aue,2,2,6,7,7,6,7,7,1,2,0,0,1.57,3.79,6.0,,,,,,1.56,4.37,6.14,,2. Bundesliga,,20180217_Holstein-Kiel_Erzgebirge-Aue,69.18977288316069,1.55,1.29,51.9,48.1
2018-02-17,Ingolstadt,St Pauli,0,1,3,3,15,2,11,2,2,2,0,0,1.61,3.75,5.5,,,,,,1.72,3.83,5.34,,2. Bundesliga,,20180217_Ingolstadt_St-Pauli,38.41268933500419,1.38,0.16,55.9,44.1
2018-02-18,Braunschweig,Union Berlin,1,0,8,6,5,7,8,5,0,2,0,0,2.54,3.39,2.62,,,,,,2.97,3.31,2.56,,2. Bundesliga,,20180218_Braunschweig_Union-Berlin,-19.968932710609124,1.72,0.38,50.6,49.4
2018-02-18,Dresden,Regensburg,1,0,1,5,8,8,2,6,1,4,0,0,2.2,3.6,3.0,,,,,,2.42,3.71,2.88,,2. Bundesliga,,20180218_Dresden_Regensburg,-56.967401920275506,0.83,0.46,49.6,50.4
2018-02-18,Nurnberg,Duisburg,3,1,5,3,5,10,6,5,1,1,0,0,2.0,3.6,3.5,,,,,,1.94,3.74,4.04,,2. Bundesliga,,20180218_Nurnberg_Duisburg,24.276862828860658,1.33,1.21,55.4,44.6
2018-02-21,Darmstadt,Kaiserslautern,1,2,7,3,11,9,8,3,1,1,0,0,2.37,3.39,2.89,,,,,,2.4,3.31,3.22,,2. Bundesliga,,20180221_Darmstadt_Kaiserslautern,-0.1845841081542403,0.05,1.18,44.6,55.4
2018-02-23,Bielefeld,Dresden,2,3,5,6,12,7,4,5,4,2,0,0,2.1,3.5,3.29,,,,,,2.17,3.54,3.49,,2. Bundesliga,,20180223_Bielefeld_Dresden,30.23500480143548,0.39,1.76,52.1,47.9
2018-02-23,Regensburg,Fortuna Dusseldorf,4,3,7,5,8,8,7,2,0,2,0,0,2.1,3.39,3.39,,,,,,2.31,3.61,3.13,,2. Bundesliga,,20180223_Regensburg_Fortuna-Dusseldorf,-43.39487649521402,2.19,1.23,45.3,54.7
2018-02-24,Duisburg,Ingolstadt,2,1,4,2,9,7,2,3,3,5,0,1,3.2,3.39,2.2,,,,,,3.59,3.56,2.12,,2. Bundesliga,,20180224_Duisburg_Ingolstadt,15.887412663998703,1.16,0.76,53.2,46.8
2018-02-24,Erzgebirge Aue,Kaiserslautern,2,1,7,2,6,6,4,7,2,1,0,0,2.14,3.2,3.5,,,,,,2.39,3.17,3.37,,2. Bundesliga,,20180224_Erzgebirge-Aue_Kaiserslautern,6.365586181722392,1.29,0.53,52.3,47.7
2018-02-24,Greuther Furth,Braunschweig,2,1,4,5,14,4,6,3,2,3,0,0,2.6,3.25,2.7,,,,,,2.64,3.32,2.85,,2. Bundesliga,,20180224_Greuther-Furth_Braunschweig,-23.581350106343734,0.72,0.71,51.5,48.5
2018-02-24,Union Berlin,Sandhausen,2,1,2,4,7,3,3,6,1,2,0,0,1.83,3.75,4.0,,,,,,1.7,3.76,5.62,,2. Bundesliga,,20180224_Union-Berlin_Sandhausen,-27.0303419074487,1.44,0.63,50.5,49.5
2018-02-25,Bochum,Nurnberg,0,0,1,1,8,5,8,3,1,2,0,0,2.45,3.25,2.87,,,,,,2.4,3.4,3.13,,2. Bundesliga,,20180225_Bochum_Nurnberg,-110.73337565701763,0.05,0.63,47.7,52.3
2018-02-25,Darmstadt,Heidenheim,1,1,2,6,8,10,4,6,2,4,1,0,2.37,3.25,3.0,,,,,,2.02,3.59,3.9,,2. Bundesliga,,20180225_Darmstadt_Heidenheim,-83.32161688440829,1.01,0.11,42.5,57.5
2018-02-25,St Pauli,Holstein Kiel,3,2,3,7,6,5,5,6,1,3,0,0,2.89,3.29,2.39,,,,,,3.04,3.39,2.46,,2. Bundesliga,,20180225_St-Pauli_Holstein-Kiel,-28.064486009154507,0.82,1.07,50.6,49.4
2018-03-02,Dresden,Darmstadt,0,2,3,5,17,4,4,5,1,0,0,0,1.85,3.6,4.0,,,,,,1.97,3.66,4.11,,2. Bundesliga,,20180302_Dresden_Darmstadt,63.16590233244756,1.18,0.94,53.5,46.5
2018-03-02,Kaiserslautern,Union Berlin,4,3,7,6,5,7,2,6,3,0,0,0,3.39,3.25,2.14,,,,,,3.05,3.56,2.4,,2. Bundesliga,,20180302_Kaiserslautern_Union-Berlin,-60.03862293443626,0.85,1.58,46.9,53.1
2018-03-03,Holstein Kiel,Duisburg,5,0,5,1,14,2,5,3,0,2,0,0,1.72,3.6,4.75,,,,,,1.76,3.94,4.82,,2. Bundesliga,,20180303_Holstein-Kiel_Duisburg,-24.011781110682023,1.8,0.05,40.1,59.9
2018-03-03,Nurnberg,Greuther Furth,0,2,2,5,17,8,8,3,0,2,0,0,1.75,3.75,4.5,,,,,,2.1,3.4,3.84,,2. Bundesliga,,20180303_Nurnberg_Greuther-Furth,83.36589686282878,0.37,2.1,55.9,44.1
2018-03-03,Sandhausen,Erzgebirge Aue,1,1,5,3,10,3,5,2,1,3,0,0,2.0,3.39,3.75,,,,,,2.16,3.09,4.12,,2. Bundesliga,,20180303_Sandhausen_Erzgebirge-Aue,31.27961683801118,1.11,0.94,50.3,49.7
2018-03-04,Braunschweig,Regensburg,2,1,9,4,6,6,1,8,4,4,0,0,2.39,3.29,2.87,,,,,,2.15,3.66,3.42,,2. Bundesliga,,20180304_Braunschweig_Regensburg,-43.41202192564333,0.14,0.39,51.7,48.3
2018-03-04,Fortuna Dusseldorf,St Pauli,2,1,8,1,10,16,6,9,1,0,0,0,2.1,3.29,3.5,,,,,,2.21,3.36,3.58,,2. Bundesliga,,20180304_Fortuna-Dusseldorf_St-Pauli,32.006433757463356,1.42,0.23,54.2,45.8
2018-03-04,Heidenheim,Bielefeld,2,2,4,6,7,7,5,6,1,2,0,0,2.45,3.29,2.79,,,,,,2.63,3.52,2.73,,2. Bundesliga,,20180304_Heidenheim_Bielefeld,10.356221289863925,1.28,1.03,57.8,42.2
2018-03-05,Ingolstadt,Bochum,0,1,4,4,11,9,6,6,3,3,0,0,1.72,3.6,4.75,,,,,,1.81,3.58,5.05,,2. Bundesliga,,20180305_Ingolstadt_Bochum,33.09156362909948,1.54,1.7,53.5,46.5
2018-03-09,Bielefeld,Nurnberg,1,0,3,3,12,7,7,1,2,2,0,0,2.29,3.29,3.1,,,,,,2.59,3.45,2.83,,2. Bundesliga,,20180309_Bielefeld_Nurnberg,-52.180874719141684,0.7,0.05,46.5,53.5
2018-03-09,Dresden,Heidenheim,3,2,3,4,8,7,5,5,0,3,0,0,1.9,3.5,3.89,,,,,,1.94,3.61,4.19,,2. Bundesliga,,20180309_Dresden_Heidenheim,-28.308286293080982,1.84,0.93,46.5,53.5
2018-03-10,Bochum,Holstein Kiel,1,1,4,3,2,9,3,10,3,1,0,0,3.2,3.2,2.25,,,,,,2.5,3.54,2.88,,2. Bundesliga,,20180310_Bochum_Holstein-Kiel,-47.55901704626149,1.74,0.91,54.1,45.9
2018-03-10,Darmstadt,Ingolstadt,1,1,2,2,7,8,6,2,3,4,0,0,3.39,3.29,2.14,,,,,,3.05,3.3,2.5,,2. Bundesliga,,20180310_Darmstadt_Ingolstadt,-37.14244133208581,0.32,1.0,51.1,48.9
2018-03-10,Greuther Furth,Kaiserslautern,2,1,6,1,12,9,8,8,2,2,0,0,2.0,3.29,3.75,,,,,,2.11,3.41,3.82,,2. Bundesliga,,20180310_Greuther-Furth_Kaiserslautern,42.51981247540243,0.05,0.58,52.0,48.0
2018-03-10,St Pauli,Braunschweig,0,0,6,2,6,14,6,4,2,2,0,0,2.39,3.1,3.1,,,,,,2.47,3.3,3.11,,2. Bundesliga,,20180310_St-Pauli_Braunschweig,3.429046891853204,0.41,0.41,53.6,46.4
2018-03-11,Duisburg,Fortuna Dusseldorf,1,2,4,4,13,9,6,5,4,0,0,0,2.39,3.1,3.1,,,,,,2.62,3.54,2.73,,2. Bundesliga,,20180311_Duisburg_Fortuna-Dusseldorf,-29.590260416285673,0.72,1.0,56.9,43.1
2018-03-11,Regensburg,Sandhausen,2,1,4,2,3,9,4,3,0,2,0,0,2.1,3.29,3.5,,,,,,2.14,3.44,3.68,,2. Bundesliga,,20180311_Regensburg_Sandhausen,9.494935437105141,0.5,1.2,55.7,44.3
2018-03-11,Union Berlin,Erzgebirge Aue,0,0,4,6,12,7,6,1,1,3,0,0,1.61,3.75,5.5,,,,,,1.69,3.85,5.56,,2. Bundesliga,,20180311_Union-Berlin_Erzgebirge-Aue,14.981993216591718,0.05,0.47,53.3,46.7
2018-03-16,Fortuna Dusseldorf,Bielefeld,4,2,9,3,7,9,12,5,2,0,0,0,2.1,3.5,3.29,,,,,,2.14,3.67,3.5,,2. Bundesliga,,20180316_Fortuna-Dusseldorf_Bielefeld,49.509273431233396,2.86,0.54,47.8,52.2
2018-03-16,Holstein Kiel,Heidenheim,2,1,5,2,2,5,2,6,2,4,0,0,1.55,4.33,5.25,,,,,,1.48,4.79,7.03,,2. Bundesliga,,20180316_Holstein-Kiel_Heidenheim,26.073730577767037,1.13,1.23,51.9,48.1
2018-03-17,Kaiserslautern,St Pauli,1,1,4,5,9,8,6,6,0,3,1,0,2.37,3.2,3.0,,,,,,2.58,3.39,2.89,,2. Bundesliga,,20180317_Kaiserslautern_St-Pauli,-52.990341547636945,1.11,2.12,44.0,56.0
2018-03-17,Sandhausen,Bochum,2,3,5,6,10,7,6,3,4,1,0,0,2.6,3.0,2.89,,,,,,3.1,3.08,2.61,,2. Bundesliga,,20180317_Sandhausen_Bochum,11.903446199133668,1.5,1.57,51.9,48.1
2018-03-17,Union Berlin,Regensburg,2,2,4,5,17,6,8,4,0,3,0,0,1.9,3.6,3.79,,,,,,2.1,3.52,3.7,,2. Bundesliga,,20180317_Union-Berlin_Regensburg,-35.82693602178688,1.87,1.73,50.3,49.7
2018-03-18,Braunschweig,Duisburg,3,2,6,5,8,12,3,6,1,1,0,0,2.0,3.5,3.6,,,,,,2.14,3.49,3.62,,2. Bundesliga,,20180318_Braunschweig_Duisburg,-16.541643498125723,1.02,1.27,48.9,51.1
2018-03-18,Ingolstadt,Dresden,4,2,8,3,8,4,9,5,0,0,0,0,1.83,3.6,4.2,,,,,,1.88,3.64,4.5,,2. Bundesliga,,20180318_Ingolstadt_Dresden,-11.961127715880366,1.23,1.22,50.0,50.0
2018-03-18,Nurnberg,Darmstadt,1,1,3,3,22,3,16,4,1,2,0,0,1.75,3.75,4.33,,,,,,1.93,3.44,4.53,,2. Bundesliga,,20180318_Nurnberg_Darmstadt,90.63129068142484,1.1,0.54,52.3,47.7
2018-03-19,Erzgebirge Aue,Greuther Furth,2,1,6,4,8,11,3,1,0,1,0,0,2.45,3.39,2.75,,,,,,2.59,3.12,2.95,,2. Bundesliga,,20180319_Erzgebirge-Aue_Greuther-Furth,-35.59127588652177,0.47,0.43,41.5,58.5
2018-03-31,Dresden,Nurnberg,1,1,1,5,11,2,4,2,2,5,0,0,2.37,3.39,2.87,,,,,,2.57,3.37,2.9,,2. Bundesliga,,20180331_Dresden_Nurnberg,-53.435487998587405,0.23,0.63,54.5,45.5
2018-03-31,Duisburg,Kaiserslautern,1,4,4,10,14,8,5,5,2,4,0,0,2.0,3.39,3.75,,,,,,2.01,3.64,3.88,,2. Bundesliga,,20180331_Duisburg_Kaiserslautern,51.95274289638178,1.11,1.14,47.6,52.4
2018-03-31,Heidenheim,Ingolstadt,1,2,2,5,8,9,4,2,0,2,0,0,3.5,3.39,2.04,,,,,,3.76,3.57,2.07,,2. Bundesliga,,20180331_Heidenheim_Ingolstadt,-9.195829035846145,0.6,1.39,52.4,47.6
2018-04-01,Bielefeld,Holstein Kiel,1,1,6,5,9,9,3,3,4,1,0,0,2.87,3.29,2.45,,,,,,3.21,3.69,2.23,,2. Bundesliga,,20180401_Bielefeld_Holstein-Kiel,-30.352995271187638,1.0,0.71,52.0,48.0
2018-04-01,Bochum,Braunschweig,2,0,7,1,14,8,4,1,2,2,0,0,2.1,3.39,3.39,,,,,,1.98,3.61,4.02,,2. Bundesliga,,20180401_Bochum_Braunschweig,-16.920143147179488,2.14,0.54,47.6,52.4
2018-04-01,Greuther Furth,Union Berlin,2,1,2,2,10,15,5,6,1,1,0,0,2.75,3.39,2.45,,,,,,2.45,3.48,2.99,,2. Bundesliga,,20180401_Greuther-Furth_Union-Berlin,7.185512872422123,1.21,1.3,55.1,44.9
2018-04-01,Regensburg,Erzgebirge Aue,1,3,3,6,11,3,2,3,4,3,0,0,1.8,3.6,4.33,,,,,,1.88,3.62,4.53,,2. Bundesliga,,20180401_Regensburg_Erzgebirge-Aue,35.316602571330804,1.45,1.57,47.9,52.1
2018-04-01,St Pauli,Sandhausen,1,1,3,6,7,13,2,6,2,2,0,0,2.14,3.29,3.39,,,,,,2.33,3.12,3.57,,2. Bundesliga,,20180401_St-Pauli_Sandhausen,18.643762987425816,0.91,0.23,47.9,52.1
2018-04-02,Darmstadt,Fortuna Dusseldorf,1,0,2,7,7,11,3,10,6,2,1,0,2.54,3.39,2.62,,,,,,2.75,3.38,2.7,,2. Bundesliga,,20180402_Darmstadt_Fortuna-Dusseldorf,-122.7776757305187,1.19,1.57,43.4,56.6
2018-04-06,Fortuna Dusseldorf,Bochum,1,2,5,4,13,7,5,7,3,4,1,1,2.37,3.5,2.79,,,,,,2.68,3.47,2.76,,2. Bundesliga,,20180406_Fortuna-Dusseldorf_Bochum,54.08714380223523,1.38,1.21,51.7,48.3
2018-04-06,Sandhausen,Greuther Furth,0,0,3,1,12,8,8,0,1,1,0,0,2.1,3.25,3.6,,,,,,2.08,3.26,4.21,,2. Bundesliga,,20180406_Sandhausen_Greuther-Furth,-28.950350585156457,0.05,1.34,46.9,53.1
2018-04-07,Erzgebirge Aue,St Pauli,2,1,3,2,9,9,8,0,2,4,0,0,2.45,3.2,2.89,,,,,,2.61,3.25,2.95,,2. Bundesliga,,20180407_Erzgebirge-Aue_St-Pauli,3.9156884838462247,2.04,0.81,53.1,46.9
2018-04-07,Holstein Kiel,Darmstadt,0,0,4,2,4,5,7,5,3,1,0,0,1.53,3.79,6.5,,,,,,1.7,3.91,5.41,,2. Bundesliga,,20180407_Holstein-Kiel_Darmstadt,65.90025508788676,1.31,0.38,54.5,45.5
2018-04-07,Nurnberg,Heidenheim,3,2,6,7,14,9,10,7,2,3,0,0,1.75,3.75,4.5,,,,,,1.86,3.64,4.58,,2. Bundesliga,,20180407_Nurnberg_Heidenheim,59.617806424163746,1.11,1.03,47.9,52.1
2018-04-07,Union Berlin,Duisburg,0,0,3,0,9,4,4,1,1,0,0,0,1.95,3.5,3.79,,,,,,1.85,3.83,4.34,,2. Bundesliga,,20180407_Union-Berlin_Duisburg,-8.552917474267815,1.64,0.86,47.8,52.2
2018-04-08,Braunschweig,Dresden,1,1,4,4,6,14,2,6,2,0,0,0,2.39,3.2,3.0,,,,,,2.67,3.16,2.94,,2. Bundesliga,,20180408_Braunschweig_Dresden,11.465694438924402,0.69,0.68,52.0,48.0
2018-04-08,Ingolstadt,Bielefeld,2,2,2,5,5,4,5,3,0,0,0,0,1.64,3.79,5.0,,,,,,1.54,4.37,6.51,,2. Bundesliga,,20180408_Ingolstadt_Bielefeld,1.9095947291000357,1.65,0.89,44.7,55.3
2018-04-08,Kaiserslautern,Regensburg,1,1,5,6,5,15,3,9,3,2,0,0,2.5,3.39,2.7,,,,,,2.35,3.62,3.04,,2. Bundesliga,,20180408_Kaiserslautern_Regensburg,-47.73465005634648,0.68,1.44,48.8,51.2
2018-04-13,Bochum,Kaiserslautern,3,2,5,2,14,13,6,4,2,2,0,0,1.64,3.79,5.0,,,,,,1.69,3.92,5.44,,2. Bundesliga,,20180413_Bochum_Kaiserslautern,54.65031796365065,1.09,1.41,51.1,48.9
2018-04-13,Greuther Furth,Regensburg,1,2,4,7,13,8,5,7,2,3,0,0,2.5,3.39,2.7,,,,,,2.6,3.71,2.66,,2. Bundesliga,,20180413_Greuther-Furth_Regensburg,-0.5670575810506762,0.89,0.19,57.3,42.7
2018-04-14,Bielefeld,Erzgebirge Aue,2,0,4,3,12,9,3,11,3,1,0,0,2.0,3.29,3.75,,,,,,2.19,3.36,3.62,,2. Bundesliga,,20180414_Bielefeld_Erzgebirge-Aue,-7.1194643574451675,1.61,0.05,42.0,58.0
2018-04-14,Dresden,Holstein Kiel,0,4,5,4,11,2,4,4,3,1,0,0,2.7,3.25,2.6,,,,,,2.91,3.57,2.46,,2. Bundesliga,,20180414_Dresden_Holstein-Kiel,-46.42300743749911,0.26,1.01,48.7,51.3
2018-04-14,Duisburg,Sandhausen,0,2,11,4,10,7,7,5,0,5,0,0,2.39,3.2,3.0,,,,,,2.65,2.85,3.32,,2. Bundesliga,,20180414_Duisburg_Sandhausen,5.521092523106972,0.83,1.25,53.6,46.4
2018-04-14,St Pauli,Union Berlin,0,1,5,2,4,9,3,5,2,4,0,1,2.45,3.25,2.87,,,,,,2.58,3.14,3.08,,2. Bundesliga,,20180414_St-Pauli_Union-Berlin,6.935897300508259,1.24,0.76,52.0,48.0
2018-04-15,Darmstadt,Braunschweig,1,1,8,3,10,3,9,1,1,2,0,0,2.29,3.1,3.2,,,,,,2.43,3.24,3.22,,2. Bundesliga,,20180415_Darmstadt_Braunschweig,-25.652796596294138,0.8,1.22,44.0,56.0
2018-04-15,Heidenheim,Fortuna Dusseldorf,3,1,3,7,10,12,10,6,3,1,0,0,2.79,3.29,2.45,,,,,,2.83,3.55,2.53,,2. Bundesliga,,20180415_Heidenheim_Fortuna-Dusseldorf,-79.75294475720534,1.54,0.92,45.6,54.4
2018-04-15,Ingolstadt,Nurnberg,1,1,4,6,5,5,11,4,2,1,0,0,1.95,3.5,3.79,,,,,,2.17,3.48,3.54,,2. Bundesliga,,20180415_Ingolstadt_Nurnberg,-37.08385749531885,0.68,0.86,47.6,52.4
2018-04-20,Braunschweig,Bielefeld,0,0,5,3,5,15,8,8,1,1,0,0,2.39,3.39,2.87,,,,,,2.58,3.51,2.8,,2. Bundesliga,,20180420_Braunschweig_Bielefeld,-22.93287769940821,0.17,0.78,54.0,46.0
2018-04-20,Greuther Furth,Bochum,1,1,4,4,11,8,3,8,3,1,0,0,3.1,3.25,2.29,,,,,,2.85,3.43,2.58,,2. Bundesliga,,20180420_Greuther-Furth_Bochum,-32.86780040157123,1.42,1.48,47.4,52.6
2018-04-21,Regensburg,St Pauli,3,1,6,5,8,3,6,3,4,3,0,2,2.04,3.39,3.5,,,,,,2.17,3.65,3.38,,2. Bundesliga,,20180421_Regensburg_St-Pauli,47.24737684260003,0.76,0.87,50.8,49.2
2018-04-21,Sandhausen,Darmstadt,1,1,4,2,6,14,9,5,4,2,0,0,2.1,3.1,3.75,,,,,,2.35,3.15,3.47,,2. Bundesliga,,20180421_Sandhausen_Darmstadt,21.741150506593613,0.73,0.05,52.5,47.5
2018-04-21,Union Berlin,Heidenheim,1,1,5,2,6,7,5,7,1,1,0,0,1.72,3.79,4.5,,,,,,1.72,3.95,5.06,,2. Bundesliga,,20180421_Union-Berlin_Heidenheim,10.748652870537171,1.24,0.99,47.0,53.0
2018-04-22,Erzgebirge Aue,Duisburg,1,3,2,5,9,9,4,8,2,2,0,0,2.25,3.25,3.25,,,,,,2.47,3.07,3.35,,2. Bundesliga,,20180422_Erzgebirge-Aue_Duisburg,26.563701429077355,0.05,1.11,58.4,41.6
2018-04-22,Fortuna Dusseldorf,Ingolstadt,3,0,7,3,8,3,7,5,1,0,0,0,2.89,3.25,2.39,,,,,,2.56,3.53,2.82,,2. Bundesliga,,20180422_Fortuna-Dusseldorf_Ingolstadt,21.314123135555292,0.52,0.25,49.0,51.0
2018-04-22,Kaiserslautern,Dresden,0,1,1,6,11,15,5,5,3,3,0,1,2.7,3.25,2.6,,,,,,2.77,3.62,2.55,,2. Bundesliga,,20180422_Kaiserslautern_Dresden,-21.20137679221375,1.57,0.98,48.6,51.4
2018-04-23,Holstein Kiel,Nurnberg,1,3,5,6,11,10,6,6,1,2,0,0,2.1,3.5,3.25,,,,,,1.95,3.75,3.96,,2. Bundesliga,,20180423_Holstein-Kiel_Nurnberg,-1.2330310136517255,0.84,1.07,52.8,47.2
2018-04-27,Bielefeld,Kaiserslautern,3,2,9,8,19,10,7,6,1,1,0,1,1.7,3.6,4.75,,,,,,1.73,4.16,4.74,,2. Bundesliga,,20180427_Bielefeld_Kaiserslautern,74.80759771106955,1.63,0.98,57.0,43.0
2018-04-27,Bochum,Erzgebirge Aue,2,1,4,4,8,4,2,1,1,2,0,1,1.66,3.75,5.0,,,,,,1.76,3.68,5.3,,2. Bundesliga,,20180427_Bochum_Erzgebirge-Aue,39.73226938535072,0.05,0.7,49.2,50.8
2018-04-28,Darmstadt,Union Berlin,3,1,3,5,7,10,6,4,0,3,0,0,2.29,3.25,3.1,,,,,,2.41,3.4,3.12,,2. Bundesliga,,20180428_Darmstadt_Union-Berlin,-18.227809643902674,1.4,0.76,48.6,51.4
2018-04-28,Dresden,Fortuna Dusseldorf,1,2,2,5,8,12,6,10,3,1,0,0,2.5,3.25,2.79,,,,,,2.49,3.53,2.9,,2. Bundesliga,,20180428_Dresden_Fortuna-Dusseldorf,-55.24656363954068,1.1,0.45,48.9,51.1
2018-04-28,St Pauli,Greuther Furth,3,0,5,3,7,12,4,5,2,1,0,0,2.1,3.29,3.5,,,,,,2.08,3.42,3.9,,2. Bundesliga,,20180428_St-Pauli_Greuther-Furth,-34.22944829489302,2.23,0.22,49.6,50.4
2018-04-29,Duisburg,Regensburg,4,1,7,1,10,8,4,3,4,2,0,0,2.29,3.39,3.0,,,,,,2.16,3.69,3.38,,2. Bundesliga,,20180429_Duisburg_Regensburg,-43.634626836246525,1.36,0.07,49.4,50.6
2018-04-29,Heidenheim,Sandhausen,2,0,3,1,6,8,2,1,0,1,0,0,2.45,3.2,2.89,,,,,,2.78,3.2,2.79,,2. Bundesliga,,20180429_Heidenheim_Sandhausen,-12.019871614019621,1.26,0.9,43.3,56.7
2018-04-29,Ingolstadt,Holstein Kiel,1,5,4,5,10,2,11,1,3,1,0,0,2.29,3.29,3.1,,,,,,2.28,3.67,3.13,,2. Bundesliga,,20180429_Ingolstadt_Holstein-Kiel,-32.60619377949297,1.15,2.62,42.2,57.8
2018-04-30,Nurnberg,Braunschweig,2,0,10,1,10,5,6,3,1,2,0,0,1.75,3.5,4.75,,,,,,1.76,3.92,4.84,,2. Bundesliga,,20180430_Nurnberg_Braunschweig,59.43905636505997,0.53,1.17,47.7,52.3
2018-05-06,Braunschweig,Ingolstadt,0,2,5,5,7,7,3,4,3,0,0,0,2.54,3.25,2.75,,,,,,2.55,3.61,2.77,,2. Bundesliga,,20180506_Braunschweig_Ingolstadt,-0.7747340483376775,0.7,2.16,56.5,43.5
2018-05-06,Erzgebirge Aue,Dresden,0,0,2,1,5,4,2,5,2,3,0,0,2.54,3.25,2.75,,,,,,2.81,3.13,2.82,,2. Bundesliga,,20180506_Erzgebirge-Aue_Dresden,1.0460396178036717,1.68,0.05,51.0,49.0
2018-05-06,Fortuna Dusseldorf,Holstein Kiel,1,1,5,4,7,13,4,13,1,0,0,0,3.0,3.25,2.35,,,,,,2.81,3.75,2.46,,2. Bundesliga,,20180506_Fortuna-Dusseldorf_Holstein-Kiel,10.468102262035245,0.92,0.95,48.1,51.9
2018-05-06,Greuther Furth,Duisburg,2,2,4,6,11,8,6,4,1,1,0,0,1.75,3.5,4.75,,,,,,1.91,3.97,3.92,,2. Bundesliga,,20180506_Greuther-Furth_Duisburg,-16.81718508883364,0.92,1.04,52.4,47.6
2018-05-06,Kaiserslautern,Heidenheim,1,0,3,7,7,14,2,2,3,2,0,0,2.89,3.6,2.25,,,,,,2.86,3.53,2.52,,2. Bundesliga,,20180506_Kaiserslautern_Heidenheim,-59.623436837731106,1.88,0.33,45.4,54.6
2018-05-06,Regensburg,Darmstadt,0,3,4,5,20,2,4,3,1,1,0,0,2.6,3.39,2.6,,,,,,2.81,3.68,2.49,,2. Bundesliga,,20180506_Regensburg_Darmstadt,32.55307664779093,0.42,1.97,50.2,49.8
2018-05-06,Sandhausen,Nurnberg,0,2,3,8,4,3,10,2,3,3,0,0,3.5,3.29,2.1,,,,,,3.67,3.35,2.18,,2. Bundesliga,,20180506_Sandhausen_Nurnberg,-85.50457331719713,0.54,1.41,42.8,57.2
2018-05-06,St Pauli,Bielefeld,1,0,5,1,4,13,7,6,0,1,0,0,2.1,3.5,3.29,,,,,,2.15,3.63,3.46,,2. Bundesliga,,20180506_St-Pauli_Bielefeld,-50.87533686294978,1.42,0.6,43.9,56.1
2018-05-06,Union Berlin,Bochum,3,1,7,1,18,9,8,9,3,3,0,0,2.25,3.29,3.2,,,,,,2.3,3.5,3.23,,2. Bundesliga,,20180506_Union-Berlin_Bochum,-60.54606087072034,2.03,0.6,54.3,45.7
2018-05-13,Bielefeld,Sandhausen,0,0,6,1,12,7,7,4,3,4,0,1,2.1,3.5,3.29,,,,,,2.06,3.8,3.55,,2. Bundesliga,,20180513_Bielefeld_Sandhausen,42.26540656432849,1.04,0.05,50.1,49.9
2018-05-13,Bochum,Regensburg,1,1,3,5,11,15,4,9,4,4,0,0,1.95,3.5,3.75,,,,,,1.83,4.33,3.95,,2. Bundesliga,,20180513_Bochum_Regensburg,20.013608013659223,1.28,1.14,55.5,44.5
2018-05-13,Darmstadt,Erzgebirge Aue,1,0,3,3,6,11,1,13,1,2,0,0,1.95,3.5,3.75,,,,,,2.28,3.16,3.64,,2. Bundesliga,,20180513_Darmstadt_Erzgebirge-Aue,20.640865402504005,0.92,0.16,53.7,46.3
2018-05-13,Dresden,Union Berlin,0,1,4,4,10,7,5,8,0,1,0,0,1.83,3.75,4.0,,,,,,1.9,3.79,4.15,,2. Bundesliga,,20180513_Dresden_Union-Berlin,-15.53368584310033,0.81,0.27,46.7,53.3
2018-05-13,Duisburg,St Pauli,2,0,4,3,9,8,4,5,2,2,0,0,2.29,3.29,3.1,,,,,,2.1,3.87,3.4,,2. Bundesliga,,20180513_Duisburg_St-Pauli,10.364656015532546,1.17,1.3,48.3,51.7
2018-05-13,Heidenheim,Greuther Furth,1,1,4,4,12,4,7,6,1,4,0,0,2.45,3.25,2.87,,,,,,2.26,3.68,3.16,,2. Bundesliga,,20180513_Heidenheim_Greuther-Furth,-5.712014352992128,1.81,0.27,49.2,50.8
2018-05-13,Holstein Kiel,Braunschweig,6,2,8,7,12,7,4,5,0,1,0,0,3.0,3.39,2.29,,,,,,3.0,4.01,2.24,,2. Bundesliga,,20180513_Holstein-Kiel_Braunschweig,67.4698488242152,2.11,1.58,55.1,44.9
2018-05-13,Ingolstadt,Kaiserslautern,1,3,4,4,12,4,4,3,0,0,0,0,1.53,4.2,5.75,,,,,,1.44,5.21,6.9,,2. Bundesliga,,20180513_Ingolstadt_Kaiserslautern,51.6537993156237,1.19,1.03,44.6,55.4
2018-05-13,Nurnberg,Fortuna Dusseldorf,2,3,4,6,9,5,3,5,2,2,0,0,1.95,3.5,3.79,,,,,,2.02,4.01,3.5,,2. Bundesliga,,20180513_Nurnberg_Fortuna-Dusseldorf,23.235917094059005,1.62,2.45,60.5,39.5
2018-08-03,Hamburg,Holstein Kiel,0,3,3,8,11,8,4,10,1,3,0,0,1.7,3.6,5.0,,,,,,1.85,3.62,4.62,,2. Bundesliga,,20180803_Hamburg_Holstein-Kiel,-51.496951577930304,0.69,1.85,43.9,56.1
2018-08-04,Bochum,FC Koln,0,2,2,5,12,10,6,1,3,2,0,1,2.8,3.1,2.6,,,,,,3.13,3.38,2.39,,2. Bundesliga,,20180804_Bochum_FC-Koln,23.727815940584833,0.05,0.99,62.6,37.4
2018-08-04,Greuther Furth,Sandhausen,3,1,5,5,11,5,6,8,1,1,0,0,2.25,3.2,3.3,,,,,,3.04,3.07,2.64,,2. Bundesliga,,20180804_Greuther-Furth_Sandhausen,11.937858317914106,1.47,1.46,52.0,48.0
2018-08-04,Regensburg,Ingolstadt,2,1,9,3,4,10,5,9,1,3,0,0,3.2,3.2,2.3,,,,,,2.96,3.47,2.46,,2. Bundesliga,,20180804_Regensburg_Ingolstadt,19.816413360831575,1.71,1.59,51.9,48.1
2018-08-05,Darmstadt,Paderborn,1,0,2,1,5,6,8,3,3,4,0,0,2.45,3.25,2.87,,,,,,2.82,3.26,2.69,,2. Bundesliga,,20180805_Darmstadt_Paderborn,9.381670204924148,1.66,1.23,53.1,46.9
2018-08-05,Heidenheim,Bielefeld,1,1,5,8,9,8,7,2,1,1,0,0,2.4,3.2,3.0,,,,,,2.68,3.36,2.76,,2. Bundesliga,,20180805_Heidenheim_Bielefeld,-32.73975255619462,1.37,0.89,54.2,45.8
2018-08-05,Magdeburg,St Pauli,1,2,2,4,4,1,3,4,0,1,0,0,2.2,3.25,3.3,,,,,,2.43,3.16,3.27,,2. Bundesliga,,20180805_Magdeburg_St-Pauli,21.697618456300916,0.18,1.66,46.2,53.8
2018-08-05,Union Berlin,Erzgebirge Aue,1,0,3,1,14,5,5,2,2,3,0,0,1.8,3.5,4.5,,,,,,1.98,3.54,4.08,,2. Bundesliga,,20180805_Union-Berlin_Erzgebirge-Aue,37.311673873882,2.34,1.17,50.7,49.3
2018-08-06,Dresden,Duisburg,1,0,3,3,17,9,3,3,0,3,0,0,2.25,3.25,3.2,,,,,,2.32,3.46,3.19,,2. Bundesliga,,20180806_Dresden_Duisburg,-46.936031986257376,1.15,0.05,53.1,46.9
2018-08-10,Ingolstadt,Greuther Furth,1,1,5,7,23,5,18,6,1,3,0,0,1.61,4.0,5.0,,,,,,1.63,4.07,5.7,,2. Bundesliga,,20180810_Ingolstadt_Greuther-Furth,-22.080882652747277,0.48,0.7,46.3,53.7
2018-08-10,Paderborn,Regensburg,2,0,5,3,9,10,12,12,1,4,0,0,2.0,3.6,3.5,,,,,,1.98,3.95,3.65,,2. Bundesliga,,20180810_Paderborn_Regensburg,-28.08752576504162,1.63,0.58,47.5,52.5
2018-08-10,St Pauli,Darmstadt,2,0,3,3,13,15,2,1,3,3,0,0,2.2,3.25,3.3,,,,,,2.19,3.18,3.82,,2. Bundesliga,,20180810_St-Pauli_Darmstadt,-30.006899530570763,1.2,0.71,49.4,50.6
2018-08-11,Bielefeld,Dresden,2,1,5,4,11,8,4,2,1,3,0,0,2.2,3.4,3.2,,,,,,2.35,3.47,3.14,,2. Bundesliga,,20180811_Bielefeld_Dresden,32.1237347272297,1.41,0.65,53.6,46.4
2018-08-11,Duisburg,Bochum,0,2,7,2,21,3,7,3,3,1,0,1,2.45,3.25,2.87,,,,,,2.76,3.25,2.76,,2. Bundesliga,,20180811_Duisburg_Bochum,-12.569595936270844,1.59,0.43,47.4,52.6
2018-08-12,Erzgebirge Aue,Magdeburg,0,0,3,0,9,9,7,4,1,0,0,0,2.37,3.25,3.0,,,,,,2.47,3.17,3.25,,2. Bundesliga,,20180812_Erzgebirge-Aue_Magdeburg,-31.802845230069806,0.48,1.52,51.4,48.6
2018-08-12,Holstein Kiel,Heidenheim,1,1,4,4,3,12,4,8,3,2,1,0,1.6,3.75,5.75,,,,,,1.81,3.81,4.69,,2. Bundesliga,,20180812_Holstein-Kiel_Heidenheim,81.46575222675278,1.33,0.9,54.0,46.0
2018-08-12,Sandhausen,Hamburg,0,3,2,4,9,3,5,2,2,1,0,0,3.3,3.3,2.2,,,,,,2.96,3.35,2.54,,2. Bundesliga,,20180812_Sandhausen_Hamburg,-28.835940046577434,0.23,1.81,46.9,53.1
2018-08-13,FC Koln,Union Berlin,1,1,5,4,13,6,9,3,2,1,0,0,1.6,3.8,5.75,,,,,,1.63,4.06,5.77,,2. Bundesliga,,20180813_FC-Koln_Union-Berlin,-1.374597939659452,0.28,1.23,55.0,45.0
2018-08-24,Bochum,Sandhausen,1,0,7,1,9,8,7,5,0,0,0,0,1.95,3.5,3.8,,,,,,2.14,3.34,3.74,,2. Bundesliga,,20180824_Bochum_Sandhausen,72.55214131301182,1.12,0.61,50.7,49.3
2018-08-24,Darmstadt,Duisburg,3,0,4,5,6,10,4,5,0,2,0,0,2.1,3.25,3.5,,,,,,2.44,3.33,3.11,,2. Bundesliga,,20180824_Darmstadt_Duisburg,21.249974009756215,2.23,0.05,52.5,47.5
2018-08-25,FC Koln,Erzgebirge Aue,3,1,7,1,11,7,7,0,1,4,0,0,1.4,4.75,7.0,,,,,,1.41,4.7,9.07,,2. Bundesliga,,20180825_FC-Koln_Erzgebirge-Aue,56.32164259688466,1.27,1.48,51.0,49.0
2018-08-25,Greuther Furth,Paderborn,2,2,5,4,8,13,2,8,1,3,0,1,2.75,3.1,2.62,,,,,,3.03,3.53,2.38,,2. Bundesliga,,20180825_Greuther-Furth_Paderborn,-6.010240470141298,1.27,0.96,49.6,50.4
2018-08-25,Magdeburg,Ingolstadt,1,1,2,2,14,6,6,1,3,3,0,0,3.1,3.3,2.3,,,,,,3.0,3.28,2.53,,2. Bundesliga,,20180825_Magdeburg_Ingolstadt,11.432116291828606,1.38,0.26,53.6,46.4
2018-08-26,Dresden,Heidenheim,1,3,4,5,19,10,8,4,3,3,0,0,2.1,3.4,3.4,,,,,,2.19,3.48,3.45,,2. Bundesliga,,20180826_Dresden_Heidenheim,-15.295801003499719,0.52,1.89,48.8,51.2
2018-08-26,Regensburg,Holstein Kiel,0,0,3,1,15,15,4,4,1,1,0,0,2.7,3.4,2.5,,,,,,2.92,3.69,2.37,,2. Bundesliga,,20180826_Regensburg_Holstein-Kiel,-55.524473131871446,0.09,0.6,45.9,54.1
2018-08-26,Union Berlin,St Pauli,4,1,5,4,6,7,1,5,1,3,0,0,2.2,3.3,3.3,,,,,,2.09,3.5,3.72,,2. Bundesliga,,20180826_Union-Berlin_St-Pauli,10.060728899603646,1.01,0.72,46.7,53.3
2018-08-27,Hamburg,Bielefeld,3,0,5,4,5,14,5,8,1,1,0,0,1.8,3.6,4.33,,,,,,1.63,4.25,5.42,,2. Bundesliga,,20180827_Hamburg_Bielefeld,-20.871894192753643,1.41,0.15,53.1,46.9
2018-08-31,Ingolstadt,Erzgebirge Aue,3,2,5,3,7,8,4,3,3,0,0,0,1.64,3.8,5.0,,,,,,1.68,3.74,5.9,,2. Bundesliga,,20180831_Ingolstadt_Erzgebirge-Aue,28.646272201319107,1.89,0.84,41.3,58.7
2018-08-31,Paderborn,Bochum,2,2,7,2,13,3,6,3,2,4,0,0,1.95,3.5,3.8,,,,,,2.11,3.6,3.56,,2. Bundesliga,,20180831_Paderborn_Bochum,-30.921158389843185,1.73,2.25,47.0,53.0
2018-09-01,Bielefeld,Regensburg,5,3,10,6,10,8,4,7,3,2,0,0,2.04,3.4,3.6,,,,,,2.22,3.58,3.3,,2. Bundesliga,,20180901_Bielefeld_Regensburg,3.5788593970864895,1.95,0.74,46.9,53.1
2018-09-01,Duisburg,Greuther Furth,0,1,4,8,13,12,6,6,2,4,0,0,2.0,3.4,3.75,,,,,,1.83,3.64,4.75,,2. Bundesliga,,20180901_Duisburg_Greuther-Furth,-19.982333304997383,0.14,0.16,48.2,51.8
2018-09-02,Heidenheim,Darmstadt,0,1,5,8,11,9,7,6,1,2,0,0,2.25,3.5,3.0,,,,,,2.5,3.35,2.98,,2. Bundesliga,,20180902_Heidenheim_Darmstadt,-24.79006791336792,0.35,1.11,44.6,55.4
2018-09-02,Sandhausen,Union Berlin,0,0,3,4,6,5,5,2,2,3,0,0,2.5,3.2,2.8,,,,,,3.06,3.17,2.55,,2. Bundesliga,,20180902_Sandhausen_Union-Berlin,-85.40446108717242,0.77,0.58,49.7,50.3
2018-09-02,St Pauli,FC Koln,3,5,8,8,16,4,12,2,1,2,0,0,3.75,3.4,2.0,,,,,,3.52,3.59,2.13,,2. Bundesliga,,20180902_St-Pauli_FC-Koln,-30.50527804739295,1.19,1.94,50.0,50.0
2018-09-03,Holstein Kiel,Magdeburg,2,1,5,4,5,6,4,2,2,2,0,0,1.83,3.6,4.2,,,,,,2.13,3.44,3.66,,2. Bundesliga,,20180903_Holstein-Kiel_Magdeburg,71.30488369999921,1.29,0.37,51.0,49.0
2018-09-14,Regensburg,Dresden,0,2,2,2,13,9,7,5,2,4,0,0,2.14,3.6,3.1,,,,,,2.42,3.71,2.87,,2. Bundesliga,,20180914_Regensburg_Dresden,37.20777224276253,1.25,1.5,54.3,45.7
2018-09-14,Union Berlin,Duisburg,2,2,4,4,4,2,5,2,3,3,0,0,1.66,3.75,5.0,,,,,,1.7,3.78,5.42,,2. Bundesliga,,20180914_Union-Berlin_Duisburg,58.70988558382669,1.0,0.05,50.0,50.0
2018-09-15,Darmstadt,Sandhausen,1,1,3,5,9,7,7,5,1,2,0,0,2.04,3.25,3.75,,,,,,2.31,3.1,3.56,,2. Bundesliga,,20180915_Darmstadt_Sandhausen,87.1507977195904,1.27,1.25,51.3,48.7
2018-09-15,Greuther Furth,Holstein Kiel,4,1,8,2,9,7,3,6,3,1,0,0,3.0,3.5,2.25,,,,,,3.05,3.48,2.37,,2. Bundesliga,,20180915_Greuther-Furth_Holstein-Kiel,-59.837712604444505,1.18,0.72,47.8,52.2
2018-09-15,Hamburg,Heidenheim,3,2,7,5,13,7,4,7,2,1,0,0,1.55,4.0,6.0,,,,,,1.64,3.93,5.78,,2. Bundesliga,,20180915_Hamburg_Heidenheim,30.13652470296779,0.56,2.04,53.1,46.9
2018-09-16,Bochum,Ingolstadt,6,0,10,1,9,2,8,0,1,4,0,1,2.37,3.4,2.87,,,,,,2.54,3.34,2.91,,2. Bundesliga,,20180916_Bochum_Ingolstadt,44.80876701777743,1.99,1.23,46.9,53.1
2018-09-16,Erzgebirge Aue,St Pauli,3,1,7,3,13,7,2,2,2,1,0,0,2.7,3.25,2.6,,,,,,2.89,3.21,2.61,,2. Bundesliga,,20180916_Erzgebirge-Aue_St-Pauli,-46.023272941284404,1.29,1.18,51.4,48.6
2018-09-16,FC Koln,Paderborn,3,5,8,10,8,11,16,5,4,2,1,0,1.57,3.8,6.0,,,,,,1.58,4.25,5.98,,2. Bundesliga,,20180916_FC-Koln_Paderborn,31.736844616834333,2.1,2.36,54.2,45.8
2018-09-17,Magdeburg,Bielefeld,0,0,5,4,6,13,3,2,4,2,0,0,2.3,3.3,3.1,,,,,,2.68,3.24,2.82,,2. Bundesliga,,20180917_Magdeburg_Bielefeld,-44.61005837548146,0.85,0.47,47.5,52.5
2018-09-18,Dresden,Hamburg,0,1,2,5,14,9,6,4,4,2,0,0,3.0,3.3,2.3,,,,,,2.63,3.6,2.64,,2. Bundesliga,,20180918_Dresden_Hamburg,-54.912683333047426,1.67,2.15,56.1,43.9
2018-09-21,Ingolstadt,St Pauli,0,1,2,2,6,8,5,7,4,0,1,0,2.0,3.4,3.75,,,,,,2.22,3.48,3.34,,2. Bundesliga,,20180921_Ingolstadt_St-Pauli,7.76812746527753,0.95,1.33,49.8,50.2
2018-09-21,Sandhausen,FC Koln,0,2,2,2,4,6,2,7,2,3,0,0,4.0,3.4,1.9,,,,,,3.99,3.68,1.94,,2. Bundesliga,,20180921_Sandhausen_FC-Koln,-74.55950380755917,0.82,1.42,51.5,48.5
2018-09-22,Bielefeld,Union Berlin,1,1,1,2,5,9,4,3,2,1,0,0,2.5,3.3,2.75,,,,,,2.5,3.43,2.9,,2. Bundesliga,,20180922_Bielefeld_Union-Berlin,-1.62959871107455,0.49,0.53,55.9,44.1
2018-09-22,Dresden,Darmstadt,4,1,4,3,7,6,2,1,2,2,0,0,2.2,3.4,3.2,,,,,,2.26,3.38,3.36,,2. Bundesliga,,20180922_Dresden_Darmstadt,-68.06548590005036,1.38,0.57,49.1,50.9
2018-09-22,Holstein Kiel,Bochum,2,2,5,6,10,3,10,2,2,1,0,0,2.14,3.5,3.2,,,,,,2.41,3.52,2.95,,2. Bundesliga,,20180922_Holstein-Kiel_Bochum,11.189797231402736,1.24,0.49,36.7,63.3
2018-09-23,Duisburg,Erzgebirge Aue,1,2,7,7,15,3,5,3,4,3,0,0,2.0,3.3,3.75,,,,,,2.33,3.29,3.3,,2. Bundesliga,,20180923_Duisburg_Erzgebirge-Aue,17.164999584467296,1.35,1.56,48.2,51.8
2018-09-23,Hamburg,Regensburg,0,5,4,9,10,9,9,5,1,4,0,0,1.57,4.2,5.25,,,,,,1.55,4.61,5.74,,2. Bundesliga,,20180923_Hamburg_Regensburg,54.38437154544499,0.88,1.66,56.0,44.0
2018-09-23,Heidenheim,Greuther Furth,2,0,8,0,10,11,8,2,0,3,0,0,2.2,3.4,3.2,,,,,,2.17,3.64,3.32,,2. Bundesliga,,20180923_Heidenheim_Greuther-Furth,-48.452572327000325,1.31,1.33,58.3,41.7
2018-09-23,Paderborn,Magdeburg,4,4,6,9,11,4,2,3,2,5,0,0,1.85,3.6,4.0,,,,,,1.81,3.69,4.66,,2. Bundesliga,,20180923_Paderborn_Magdeburg,37.52004449274318,1.32,1.72,49.6,50.4
2018-09-25,Bochum,Dresden,0,1,6,2,11,8,3,2,1,2,0,0,2.14,3.4,3.3,,,,,,2.25,3.53,3.3,,2. Bundesliga,,20180925_Bochum_Dresden,68.04423583368634,1.97,1.02,51.6,48.4
2018-09-25,Darmstadt,Bielefeld,1,2,4,6,5,8,8,4,1,1,0,0,2.3,3.25,3.1,,,,,,2.32,3.32,3.35,,2. Bundesliga,,20180925_Darmstadt_Bielefeld,-6.15793087514885,1.0,0.88,50.2,49.8
2018-09-25,FC Koln,Ingolstadt,2,1,4,7,11,8,5,7,1,4,0,0,1.53,4.0,6.0,,,,,,1.49,4.82,6.26,,2. Bundesliga,,20180925_FC-Koln_Ingolstadt,66.8544402846835,0.92,0.79,51.3,48.7
2018-09-25,Union Berlin,Holstein Kiel,2,0,6,2,8,6,7,6,1,1,0,0,2.0,3.4,3.75,,,,,,1.97,3.68,3.92,,2. Bundesliga,,20180925_Union-Berlin_Holstein-Kiel,-31.36344359892246,2.37,0.36,52.1,47.9
2018-09-26,Erzgebirge Aue,Sandhausen,0,2,2,5,12,13,3,3,3,2,0,0,2.4,3.2,3.0,,,,,,3.04,2.91,2.79,,2. Bundesliga,,20180926_Erzgebirge-Aue_Sandhausen,24.86225141039722,1.35,2.0,51.7,48.3
2018-09-26,Magdeburg,Duisburg,3,3,3,4,8,6,3,1,2,5,0,0,2.14,3.3,3.4,,,,,,2.36,3.39,3.21,,2. Bundesliga,,20180926_Magdeburg_Duisburg,25.400847354244206,1.2,1.09,53.2,46.8
2018-09-26,Regensburg,Heidenheim,2,1,3,5,8,11,1,3,3,1,0,0,2.04,3.4,3.6,,,,,,1.9,3.95,3.93,,2. Bundesliga,,20180926_Regensburg_Heidenheim,7.995070542040139,1.62,1.23,45.0,55.0
2018-09-26,St Pauli,Paderborn,2,1,4,9,9,10,6,8,1,5,0,1,2.45,3.2,2.9,,,,,,2.33,3.61,3.07,,2. Bundesliga,,20180926_St-Pauli_Paderborn,-33.7809305391429,0.66,0.35,46.9,53.1
2018-09-27,Greuther Furth,Hamburg,0,0,0,3,7,11,4,6,2,1,0,0,3.1,3.4,2.25,,,,,,3.21,3.72,2.21,,2. Bundesliga,,20180927_Greuther-Furth_Hamburg,-13.525969819179863,2.12,1.44,50.2,49.8
2018-09-28,Bielefeld,FC Koln,1,3,2,8,9,3,5,2,2,2,0,0,3.6,3.6,1.9,,,,,,3.46,3.99,2.03,,2. Bundesliga,,20180928_Bielefeld_FC-Koln,-8.864351342834198,1.16,1.23,48.3,51.7
2018-09-28,Holstein Kiel,Darmstadt,4,2,6,3,8,13,7,4,2,3,1,0,2.0,3.5,3.6,,,,,,1.97,3.66,3.96,,2. Bundesliga,,20180928_Holstein-Kiel_Darmstadt,37.74541811015615,1.37,0.05,56.2,43.8
2018-09-29,Duisburg,Regensburg,1,3,7,9,20,7,6,4,2,2,0,0,2.5,3.4,2.7,,,,,,2.61,3.61,2.7,,2. Bundesliga,,20180929_Duisburg_Regensburg,-51.28712028396217,0.68,1.45,49.2,50.8
2018-09-29,Heidenheim,Bochum,3,2,8,5,13,5,7,5,0,6,0,1,2.62,3.3,2.62,,,,,,2.54,3.46,2.88,,2. Bundesliga,,20180929_Heidenheim_Bochum,-53.13439345882375,1.8,0.61,41.9,58.1
2018-09-29,Paderborn,Erzgebirge Aue,1,0,10,8,14,9,9,9,3,1,0,0,1.7,3.6,5.0,,,,,,1.64,4.37,5.05,,2. Bundesliga,,20180929_Paderborn_Erzgebirge-Aue,52.01353447010342,0.05,0.87,52.9,47.1
2018-09-30,Dresden,Greuther Furth,0,1,3,2,11,10,7,3,0,4,0,0,1.9,3.6,3.75,,,,,,1.88,3.77,4.23,,2. Bundesliga,,20180930_Dresden_Greuther-Furth,-19.586661525577938,0.92,1.93,44.6,55.4
2018-09-30,Hamburg,St Pauli,0,0,1,5,6,6,6,2,2,3,0,0,1.83,3.75,4.0,,,,,,1.98,3.45,4.22,,2. Bundesliga,,20180930_Hamburg_St-Pauli,26.908762106748327,1.51,0.05,45.8,54.2
2018-09-30,Sandhausen,Magdeburg,0,1,2,2,5,5,1,3,0,2,0,0,2.14,3.25,3.6,,,,,,2.3,3.14,3.6,,2. Bundesliga,,20180930_Sandhausen_Magdeburg,-28.510342524072257,0.84,0.53,47.1,52.9
2018-10-01,Ingolstadt,Union Berlin,1,2,2,5,6,12,2,8,3,1,0,0,2.3,3.2,3.1,,,,,,2.43,3.4,3.08,,2. Bundesliga,,20181001_Ingolstadt_Union-Berlin,-80.2381319335102,0.49,0.73,53.7,46.3
2018-10-05,Bochum,Bielefeld,1,0,3,5,8,15,2,11,1,3,0,0,2.2,3.3,3.25,,,,,,2.24,3.51,3.34,,2. Bundesliga,,20181005_Bochum_Bielefeld,-5.771651357867086,1.13,0.05,46.2,53.8
2018-10-05,Darmstadt,Hamburg,1,2,2,4,9,6,5,4,2,3,0,0,3.1,3.25,2.3,,,,,,3.16,3.35,2.4,,2. Bundesliga,,20181005_Darmstadt_Hamburg,-28.63761934985837,0.83,1.62,46.4,53.6
2018-10-06,Erzgebirge Aue,Holstein Kiel,2,1,6,2,12,8,3,3,2,4,0,1,3.1,3.1,2.4,,,,,,3.2,3.57,2.28,,2. Bundesliga,,20181006_Erzgebirge-Aue_Holstein-Kiel,-111.26746795132362,1.5,0.13,50.2,49.8
2018-10-06,Greuther Furth,Regensburg,1,1,3,6,10,7,4,6,2,1,0,0,2.4,3.25,2.9,,,,,,2.48,3.69,2.8,,2. Bundesliga,,20181006_Greuther-Furth_Regensburg,2.9579283098084943,0.95,0.89,54.0,46.0
2018-10-06,Magdeburg,Dresden,2,2,8,4,12,3,7,2,2,2,0,0,2.62,3.1,2.75,,,,,,2.47,3.32,3.07,,2. Bundesliga,,20181006_Magdeburg_Dresden,12.415515259596305,2.05,0.74,50.9,49.1
2018-10-07,Ingolstadt,Paderborn,1,2,6,6,13,9,10,9,3,3,0,0,2.5,3.25,2.8,,,,,,2.46,3.65,2.85,,2. Bundesliga,,20181007_Ingolstadt_Paderborn,-66.5989719865654,0.93,0.99,46.7,53.3
2018-10-07,St Pauli,Sandhausen,3,1,5,3,7,11,0,1,2,3,0,0,2.0,3.3,3.75,,,,,,2.28,3.15,3.64,,2. Bundesliga,,20181007_St-Pauli_Sandhausen,55.65156961170601,1.25,0.56,50.7,49.3
2018-10-07,Union Berlin,Heidenheim,1,1,4,3,12,9,6,3,3,4,0,0,1.7,3.6,5.0,,,,,,1.78,3.83,4.7,,2. Bundesliga,,20181007_Union-Berlin_Heidenheim,55.04483525721821,1.27,0.81,48.7,51.3
2018-10-08,FC Koln,Duisburg,1,2,6,4,12,8,13,4,3,2,0,0,1.4,4.75,7.0,,,,,,1.31,5.64,9.58,,2. Bundesliga,,20181008_FC-Koln_Duisburg,107.42277246372896,1.35,1.66,55.9,44.1
2018-10-19,Dresden,Erzgebirge Aue,1,1,6,5,9,7,8,5,3,3,0,1,2.0,3.5,3.6,,,,,,2.09,3.35,3.91,,2. Bundesliga,,20181019_Dresden_Erzgebirge-Aue,22.89318445213553,0.51,1.15,48.6,51.4
2018-10-19,Sandhausen,Ingolstadt,4,0,4,2,13,5,6,3,2,4,0,0,2.37,3.1,3.2,,,,,,2.44,3.21,3.22,,2. Bundesliga,,20181019_Sandhausen_Ingolstadt,-6.163242125329816,1.78,0.65,53.5,46.5
2018-10-20,Bielefeld,Greuther Furth,2,3,7,6,10,10,8,8,2,1,0,0,2.0,3.4,3.75,,,,,,1.87,3.78,4.26,,2. Bundesliga,,20181020_Bielefeld_Greuther-Furth,-11.654321291346605,0.64,1.47,43.9,56.1
2018-10-20,Heidenheim,Magdeburg,3,0,5,8,4,11,2,8,0,4,0,1,2.2,3.2,3.4,,,,,,2.36,3.29,3.29,,2. Bundesliga,,20181020_Heidenheim_Magdeburg,1.3124904265011992,2.21,0.42,54.0,46.0
2018-10-20,Holstein Kiel,FC Koln,1,1,1,3,7,6,7,7,1,3,0,0,3.8,3.6,1.9,,,,,,4.04,3.93,1.88,,2. Bundesliga,,20181020_Holstein-Kiel_FC-Koln,-1.964471634554684,1.34,0.82,40.3,59.7
2018-10-21,Hamburg,Bochum,0,0,4,2,14,9,6,1,1,2,0,0,1.9,3.6,3.8,,,,,,1.89,3.6,4.39,,2. Bundesliga,,20181021_Hamburg_Bochum,4.482946502891991,0.96,0.56,57.0,43.0
2018-10-21,Paderborn,Union Berlin,0,0,2,1,5,6,3,2,1,3,0,0,2.2,3.4,3.2,,,,,,2.57,3.54,2.79,,2. Bundesliga,,20181021_Paderborn_Union-Berlin,-20.580036820186933,1.49,0.68,47.1,52.9
2018-10-21,Regensburg,Darmstadt,1,1,6,4,9,9,8,6,2,3,0,0,1.95,3.5,3.8,,,,,,2.21,3.54,3.38,,2. Bundesliga,,20181021_Regensburg_Darmstadt,36.45463501244876,1.04,0.58,46.2,53.8
2018-10-22,Duisburg,St Pauli,0,1,3,4,7,11,0,5,1,2,0,0,2.4,3.3,2.87,,,,,,2.82,3.39,2.63,,2. Bundesliga,,20181022_Duisburg_St-Pauli,-44.51219518077892,0.3,0.66,53.9,46.1
2018-10-26,Darmstadt,Greuther Furth,2,0,5,1,5,8,4,4,1,1,0,0,2.1,3.25,3.5,,,,,,2.18,3.48,3.51,,2. Bundesliga,,20181026_Darmstadt_Greuther-Furth,-49.551368540697695,0.82,0.05,48.6,51.4
2018-10-26,Magdeburg,Hamburg,0,1,5,8,3,5,4,7,3,2,0,1,3.1,3.4,2.25,,,,,,3.18,3.37,2.38,,2. Bundesliga,,20181026_Magdeburg_Hamburg,-53.4015228931687,0.92,0.75,44.6,55.4
2018-10-27,Erzgebirge Aue,Bielefeld,1,0,4,1,11,7,6,5,2,3,0,0,2.62,3.2,2.75,,,,,,2.74,3.32,2.75,,2. Bundesliga,,20181027_Erzgebirge-Aue_Bielefeld,-40.55597740364806,0.89,0.61,52.4,47.6
2018-10-27,FC Koln,Heidenheim,1,1,10,1,18,8,9,6,2,3,0,0,1.36,5.0,7.5,,,,,,1.49,4.45,6.98,,2. Bundesliga,,20181027_FC-Koln_Heidenheim,34.01183264436054,0.5,0.9,47.5,52.5
2018-10-27,Paderborn,Sandhausen,3,3,6,4,18,7,10,4,2,2,0,0,2.04,3.4,3.5,,,,,,2.12,3.46,3.69,,2. Bundesliga,,20181027_Paderborn_Sandhausen,80.71438154017869,1.41,2.0,50.9,49.1
2018-10-28,Ingolstadt,Duisburg,1,1,4,3,16,11,6,5,1,1,0,0,2.1,3.3,3.5,,,,,,2.28,3.49,3.27,,2. Bundesliga,,20181028_Ingolstadt_Duisburg,-26.906290282427108,1.24,1.15,50.0,50.0
2018-10-28,St Pauli,Holstein Kiel,0,1,6,4,11,5,7,6,1,2,0,0,2.37,3.2,3.1,,,,,,2.23,3.58,3.29,,2. Bundesliga,,20181028_St-Pauli_Holstein-Kiel,-19.350247319663595,0.63,1.68,51.0,49.0
2018-10-28,Union Berlin,Dresden,0,0,4,1,11,8,5,7,1,4,0,1,1.75,3.75,4.5,,,,,,1.96,3.64,4.03,,2. Bundesliga,,20181028_Union-Berlin_Dresden,64.22428867682493,0.97,0.32,57.6,42.4
2018-10-29,Bochum,Regensburg,3,3,5,6,7,7,5,7,0,2,0,0,2.0,3.3,3.75,,,,,,2.14,3.75,3.37,,2. Bundesliga,,20181029_Bochum_Regensburg,11.135614100117664,0.72,0.76,53.1,46.9
2018-11-02,Dresden,Sandhausen,3,1,4,2,6,10,1,6,3,2,0,0,2.25,3.2,3.25,,,,,,2.39,3.25,3.27,,2. Bundesliga,,20181102_Dresden_Sandhausen,35.104791168827205,3.05,1.46,49.7,50.3
2018-11-02,Greuther Furth,Bochum,2,2,5,5,11,6,3,5,4,3,0,0,2.6,3.3,2.62,,,,,,2.74,3.4,2.69,,2. Bundesliga,,20181102_Greuther-Furth_Bochum,-8.845338754180148,1.46,0.62,55.3,44.7
2018-11-03,Darmstadt,Magdeburg,3,1,3,2,3,5,3,3,3,4,1,1,2.1,3.2,3.6,,,,,,2.42,3.2,3.28,,2. Bundesliga,,20181103_Darmstadt_Magdeburg,28.016875981690646,1.37,1.74,57.0,43.0
2018-11-03,Duisburg,Paderborn,2,0,3,9,6,9,1,9,1,3,0,0,3.1,3.3,2.3,,,,,,2.96,3.67,2.38,,2. Bundesliga,,20181103_Duisburg_Paderborn,-70.2593198228169,0.7,0.26,43.5,56.5
2018-11-03,Holstein Kiel,Ingolstadt,2,2,5,5,5,9,5,5,1,2,0,0,1.83,3.6,4.2,,,,,,2.1,3.57,3.61,,2. Bundesliga,,20181103_Holstein-Kiel_Ingolstadt,122.11555189060687,0.19,0.35,52.8,47.2
2018-11-04,Bielefeld,St Pauli,1,2,5,8,11,6,6,3,3,2,0,0,2.45,3.25,2.9,,,,,,2.81,3.32,2.67,,2. Bundesliga,,20181104_Bielefeld_St-Pauli,-21.26793540790277,1.33,0.05,46.8,53.2
2018-11-04,Heidenheim,Erzgebirge Aue,1,0,8,4,15,9,13,1,5,3,0,1,2.0,3.3,3.75,,,,,,2.21,3.41,3.5,,2. Bundesliga,,20181104_Heidenheim_Erzgebirge-Aue,34.70559243294565,1.28,0.65,50.6,49.4
2018-11-04,Regensburg,Union Berlin,1,1,3,3,15,12,7,4,3,3,0,1,2.54,3.2,2.8,,,,,,2.74,3.33,2.73,,2. Bundesliga,,20181104_Regensburg_Union-Berlin,-23.16075215742171,0.27,0.86,47.0,53.0
2018-11-05,Hamburg,FC Koln,1,0,9,3,14,8,8,1,1,3,0,0,2.7,3.2,2.62,,,,,,2.99,3.49,2.44,,2. Bundesliga,,20181105_Hamburg_FC-Koln,5.5088170574795186,1.49,0.52,49.9,50.1
2018-11-09,Paderborn,Holstein Kiel,4,4,6,11,8,7,4,6,3,1,0,0,1.9,3.6,3.75,,,,,,1.94,4.0,3.72,,2. Bundesliga,,20181109_Paderborn_Holstein-Kiel,-37.14676497641244,1.54,1.41,51.8,48.2
2018-11-09,Sandhausen,Duisburg,0,0,3,6,12,1,7,5,3,1,0,0,2.1,3.3,3.5,,,,,,2.2,3.35,3.6,,2. Bundesliga,,20181109_Sandhausen_Duisburg,-30.163452285443555,0.55,1.25,42.5,57.5
2018-11-10,Erzgebirge Aue,Hamburg,1,3,1,4,9,14,4,4,1,2,0,0,3.6,3.3,2.04,,,,,,4.32,3.65,1.89,,2. Bundesliga,,20181110_Erzgebirge-Aue_Hamburg,-94.49929492220576,0.32,1.71,44.9,55.1
2018-11-10,FC Koln,Dresden,8,1,12,3,3,6,5,1,2,3,0,0,1.5,4.0,6.5,,,,,,1.56,4.12,6.49,,2. Bundesliga,,20181110_FC-Koln_Dresden,33.661125602148786,3.25,1.18,51.3,48.7
2018-11-10,St Pauli,Heidenheim,1,1,5,2,14,12,14,3,4,0,0,0,1.95,3.3,4.0,,,,,,1.97,3.49,4.17,,2. Bundesliga,,20181110_St-Pauli_Heidenheim,0.7905332941631968,0.05,1.52,51.6,48.4
2018-11-11,Ingolstadt,Bielefeld,1,1,3,2,14,13,6,7,0,3,0,0,2.25,3.3,3.2,,,,,,2.11,3.63,3.54,,2. Bundesliga,,20181111_Ingolstadt_Bielefeld,-43.51409360128969,0.72,1.54,48.8,51.2
2018-11-11,Magdeburg,Regensburg,2,3,4,7,12,11,5,5,0,2,0,0,2.54,3.3,2.62,,,,,,2.81,3.43,2.61,,2. Bundesliga,,20181111_Magdeburg_Regensburg,-60.48024472735847,0.83,1.35,50.0,50.0
2018-11-11,Union Berlin,Greuther Furth,4,0,10,3,5,14,6,3,2,1,0,0,1.72,3.4,5.25,,,,,,1.79,3.8,4.73,,2. Bundesliga,,20181111_Union-Berlin_Greuther-Furth,20.535232099447285,1.92,0.05,46.3,53.7
2018-11-12,Bochum,Darmstadt,1,0,5,2,10,5,8,1,0,3,0,0,2.04,3.4,3.5,,,,,,2.05,3.45,3.91,,2. Bundesliga,,20181112_Bochum_Darmstadt,19.65697593604864,1.12,0.24,48.8,51.2
2018-11-23,Bielefeld,Duisburg,0,1,1,4,12,2,7,5,1,2,0,0,2.37,3.4,2.87,,,,,,2.26,3.42,3.38,,2. Bundesliga,,20181123_Bielefeld_Duisburg,7.6648929590026,0.41,0.56,43.5,56.5
2018-11-23,Greuther Furth,Magdeburg,3,2,6,9,9,4,4,8,4,1,0,0,2.3,3.2,3.2,,,,,,2.52,3.27,3.05,,2. Bundesliga,,20181123_Greuther-Furth_Magdeburg,60.14861286888413,1.68,0.81,46.8,53.2
2018-11-24,Bochum,Erzgebirge Aue,2,1,5,2,14,2,7,0,3,4,0,0,1.8,3.75,4.2,,,,,,1.81,3.67,4.75,,2. Bundesliga,,20181124_Bochum_Erzgebirge-Aue,87.79244840098863,1.31,1.37,55.6,44.4
2018-11-24,Darmstadt,FC Koln,0,3,3,4,8,6,8,3,3,1,0,0,4.5,3.75,1.75,,,,,,4.83,4.0,1.73,,2. Bundesliga,,20181124_Darmstadt_FC-Koln,-39.53439422667793,0.42,1.36,50.6,49.4
2018-11-24,Holstein Kiel,Sandhausen,2,1,2,5,7,16,1,7,4,1,0,0,2.04,3.4,3.5,,,,,,2.07,3.66,3.62,,2. Bundesliga,,20181124_Holstein-Kiel_Sandhausen,106.46395170363871,0.06,0.97,51.6,48.4
2018-11-25,Dresden,Ingolstadt,2,0,6,3,11,4,5,0,1,1,0,1,2.25,3.4,3.1,,,,,,2.49,3.3,3.07,,2. Bundesliga,,20181125_Dresden_Ingolstadt,49.58176565590156,1.77,0.97,53.0,47.0
2018-11-25,Heidenheim,Paderborn,1,5,5,8,12,16,6,6,1,2,0,0,2.54,3.3,2.7,,,,,,2.51,3.57,2.84,,2. Bundesliga,,20181125_Heidenheim_Paderborn,8.409001413366013,0.85,0.51,52.7,47.3
2018-11-25,Regensburg,St Pauli,1,1,6,4,21,7,7,4,0,4,0,0,2.37,3.3,2.9,,,,,,2.37,3.66,2.97,,2. Bundesliga,,20181125_Regensburg_St-Pauli,11.246461865339143,1.5,1.52,48.3,51.7
2018-11-26,Hamburg,Union Berlin,2,2,5,4,10,6,5,3,0,3,0,0,1.95,3.3,4.0,,,,,,2.34,3.09,3.57,,2. Bundesliga,,20181126_Hamburg_Union-Berlin,12.06487133066048,1.05,1.32,54.6,45.4
2018-11-30,Erzgebirge Aue,Regensburg,1,1,4,3,13,16,9,8,3,3,0,0,2.9,3.5,2.3,,,,,,3.4,3.59,2.18,,2. Bundesliga,,20181130_Erzgebirge-Aue_Regensburg,-85.78251529653176,0.51,1.08,53.0,47.0
2018-11-30,Paderborn,Bielefeld,2,2,6,5,7,6,4,5,2,5,0,0,1.61,4.0,5.0,,,,,,1.68,4.23,4.92,,2. Bundesliga,,20181130_Paderborn_Bielefeld,60.67858733710818,1.44,1.74,45.7,54.3
2018-12-01,FC Koln,Greuther Furth,4,0,10,3,8,4,11,6,0,3,0,1,1.36,4.75,8.0,,,,,,1.39,5.13,7.98,,2. Bundesliga,,20181201_FC-Koln_Greuther-Furth,28.778986178426067,1.37,0.05,52.4,47.6
2018-12-01,Ingolstadt,Hamburg,1,2,5,3,11,13,4,6,5,3,0,0,3.3,3.5,2.1,,,,,,4.19,3.83,1.87,,2. Bundesliga,,20181201_Ingolstadt_Hamburg,-141.90899787624062,0.88,0.71,45.8,54.2
2018-12-01,St Pauli,Dresden,1,1,5,3,4,7,1,3,2,2,0,0,1.95,3.3,4.0,,,,,,2.03,3.46,3.98,,2. Bundesliga,,20181201_St-Pauli_Dresden,26.29980601871216,1.04,1.2,49.6,50.4
2018-12-01,Union Berlin,Darmstadt,3,1,3,3,13,5,8,2,0,1,0,0,1.72,3.6,4.75,,,,,,1.88,3.44,4.74,,2. Bundesliga,,20181201_Union-Berlin_Darmstadt,65.62804208852049,1.72,1.82,51.1,48.9
2018-12-02,Duisburg,Holstein Kiel,0,4,2,7,4,9,5,3,4,1,0,0,2.5,3.3,2.8,,,,,,2.66,3.57,2.67,,2. Bundesliga,,20181202_Duisburg_Holstein-Kiel,-74.5479974227876,0.3,2.09,52.1,47.9
2018-12-02,Magdeburg,Bochum,0,0,3,1,10,7,5,8,1,4,0,0,2.9,3.2,2.45,,,,,,3.14,3.47,2.35,,2. Bundesliga,,20181202_Magdeburg_Bochum,-109.9701635264289,0.62,0.12,43.4,56.6
2018-12-02,Sandhausen,Heidenheim,1,2,5,3,7,4,6,4,1,3,0,0,2.3,3.2,3.1,,,,,,2.21,3.37,3.53,,2. Bundesliga,,20181202_Sandhausen_Heidenheim,-76.42587559636559,0.66,0.05,42.4,57.6
2018-12-07,Hamburg,Paderborn,1,0,4,2,6,9,4,2,2,3,0,0,1.66,4.0,4.5,,,,,,1.71,4.19,4.71,,2. Bundesliga,,20181207_Hamburg_Paderborn,52.101075390880624,1.83,0.75,56.9,43.1
2018-12-07,Regensburg,FC Koln,1,3,5,6,13,8,9,2,3,4,1,0,3.4,3.75,2.0,,,,,,3.57,3.68,2.08,,2. Bundesliga,,20181207_Regensburg_FC-Koln,-32.827166900880684,0.18,1.63,42.6,57.4
2018-12-08,Darmstadt,Ingolstadt,1,1,1,2,17,4,8,2,2,5,0,1,2.4,3.25,2.9,,,,,,2.67,3.36,2.79,,2. Bundesliga,,20181208_Darmstadt_Ingolstadt,62.64345559246408,1.52,0.63,51.4,48.6
2018-12-08,Greuther Furth,Erzgebirge Aue,0,5,0,8,19,7,8,9,1,4,0,0,2.2,3.3,3.3,,,,,,2.36,3.41,3.18,,2. Bundesliga,,20181208_Greuther-Furth_Erzgebirge-Aue,62.0060423295738,1.11,1.32,50.2,49.8
2018-12-08,Heidenheim,Duisburg,4,1,6,5,7,7,5,3,0,4,0,0,1.95,3.4,3.8,,,,,,2.01,3.61,3.89,,2. Bundesliga,,20181208_Heidenheim_Duisburg,46.50844911659328,2.97,0.78,51.0,49.0
2018-12-09,Bielefeld,Sandhausen,1,1,5,2,9,1,7,1,2,3,0,0,2.14,3.3,3.4,,,,,,2.55,3.28,3.01,,2. Bundesliga,,20181209_Bielefeld_Sandhausen,43.3958705310115,0.05,0.57,48.3,51.7
2018-12-09,Dresden,Holstein Kiel,0,2,8,5,8,4,5,1,1,1,0,0,2.5,3.4,2.7,,,,,,2.79,3.62,2.52,,2. Bundesliga,,20181209_Dresden_Holstein-Kiel,-68.3482295090023,0.05,0.68,45.7,54.3
2018-12-09,Magdeburg,Union Berlin,1,1,5,2,6,9,4,2,2,4,0,0,3.4,3.2,2.2,,,,,,3.46,3.25,2.3,,2. Bundesliga,,20181209_Magdeburg_Union-Berlin,-119.71014795428528,0.64,0.96,48.7,51.3
2018-12-10,Bochum,St Pauli,1,3,6,6,16,10,7,4,2,3,0,0,2.25,3.1,3.4,,,,,,2.03,3.49,3.94,,2. Bundesliga,,20181210_Bochum_St-Pauli,27.771514915917578,1.74,1.44,49.1,50.9
2018-12-14,Duisburg,Hamburg,1,2,2,5,12,5,2,2,4,1,1,0,4.75,3.6,1.75,,,,,,4.62,3.61,1.85,,2. Bundesliga,,20181214_Duisburg_Hamburg,-123.92150190905659,1.13,1.88,44.1,55.9
2018-12-14,Holstein Kiel,Bielefeld,1,2,2,9,9,11,6,8,2,0,0,0,1.64,4.0,4.75,,,,,,1.75,4.05,4.58,,2. Bundesliga,,20181214_Holstein-Kiel_Bielefeld,109.9621982891706,1.11,0.47,57.4,42.6
2018-12-15,Paderborn,Dresden,3,0,7,5,12,6,3,3,2,1,0,0,1.85,4.0,3.6,,,,,,1.92,3.96,3.86,,2. Bundesliga,,20181215_Paderborn_Dresden,25.531073385827767,1.57,1.12,51.0,49.0
2018-12-15,St Pauli,Greuther Furth,2,0,3,2,12,9,8,12,1,3,0,0,1.7,3.6,5.0,,,,,,1.72,3.85,5.13,,2. Bundesliga,,20181215_St-Pauli_Greuther-Furth,36.572253148794516,0.32,1.59,51.6,48.4
2018-12-15,Union Berlin,Bochum,2,0,7,6,11,14,5,4,1,0,0,0,2.0,3.3,3.75,,,,,,2.05,3.44,3.93,,2. Bundesliga,,20181215_Union-Berlin_Bochum,26.071259504595673,0.54,0.46,42.6,57.4
2018-12-16,Erzgebirge Aue,Darmstadt,2,2,6,5,6,14,4,6,5,3,0,0,2.37,3.25,3.0,,,,,,2.48,3.22,3.15,,2. Bundesliga,,20181216_Erzgebirge-Aue_Darmstadt,-14.958611128653502,0.83,0.95,54.3,45.7
2018-12-16,Ingolstadt,Heidenheim,1,1,3,4,8,11,2,5,3,1,0,0,2.04,3.3,3.6,,,,,,2.21,3.47,3.43,,2. Bundesliga,,20181216_Ingolstadt_Heidenheim,-108.08400940561341,1.64,1.51,44.8,55.2
2018-12-16,Sandhausen,Regensburg,2,2,6,5,10,1,4,4,1,2,0,0,2.5,3.2,2.87,,,,,,2.3,3.46,3.25,,2. Bundesliga,,20181216_Sandhausen_Regensburg,-94.44775350100122,1.64,0.42,54.3,45.7
2018-12-17,FC Koln,Magdeburg,3,0,10,1,8,10,2,4,1,0,0,0,1.33,5.0,8.5,,,,,,1.43,4.66,8.02,,2. Bundesliga,,20181217_FC-Koln_Magdeburg,123.03680931342251,1.79,0.06,57.2,42.8
2018-12-21,FC Koln,Bochum,2,3,8,5,9,4,8,1,3,4,0,0,1.44,4.0,7.5,,,,,,1.6,3.98,6.24,,2. Bundesliga,,20181221_FC-Koln_Bochum,56.37563289624427,1.63,1.81,56.7,43.3
2018-12-21,Sandhausen,Greuther Furth,0,0,4,1,9,3,2,0,3,2,0,0,1.8,3.4,4.75,,,,,,1.88,3.53,4.55,,2. Bundesliga,,20181221_Sandhausen_Greuther-Furth,-59.30422693952619,0.39,1.24,42.8,57.2
2018-12-22,Bielefeld,Heidenheim,1,2,6,5,13,6,5,3,1,2,0,0,2.0,3.4,3.75,,,,,,2.12,3.57,3.57,,2. Bundesliga,,20181222_Bielefeld_Heidenheim,-44.43532448460246,0.62,1.07,45.9,54.1
2018-12-22,Ingolstadt,Regensburg,1,2,3,3,7,6,5,3,2,1,0,0,2.14,3.3,3.4,,,,,,2.44,3.5,2.98,,2. Bundesliga,,20181222_Ingolstadt_Regensburg,-91.58836768166816,0.28,0.92,44.1,55.9
2018-12-22,St Pauli,Magdeburg,4,1,6,7,1,9,2,6,3,3,0,0,1.9,3.5,4.0,,,,,,1.98,3.41,4.26,,2. Bundesliga,,20181222_St-Pauli_Magdeburg,102.48591397314544,1.74,0.18,55.9,44.1
2018-12-23,Duisburg,Dresden,1,3,3,6,12,9,3,4,6,4,0,0,2.4,3.3,2.87,,,,,,2.68,3.3,2.82,,2. Bundesliga,,20181223_Duisburg_Dresden,-22.634478232180527,1.29,2.27,42.8,57.2
2018-12-23,Erzgebirge Aue,Union Berlin,3,0,7,4,5,13,8,13,3,2,0,0,3.6,3.1,2.14,,,,,,3.71,3.25,2.2,,2. Bundesliga,,20181223_Erzgebirge-Aue_Union-Berlin,-108.85331768199921,1.75,1.04,43.5,56.5
2018-12-23,Holstein Kiel,Hamburg,3,1,5,5,8,13,8,5,1,1,0,0,3.5,3.25,2.1,,,,,,3.51,3.47,2.18,,2. Bundesliga,,20181223_Holstein-Kiel_Hamburg,-33.94164250572567,0.99,0.71,49.3,50.7
2018-12-23,Paderborn,Darmstadt,6,2,10,5,8,7,4,3,3,0,0,0,1.75,3.6,4.6,,,,,,1.76,3.97,4.63,,2. Bundesliga,,20181223_Paderborn_Darmstadt,45.4355174420582,2.29,0.73,56.9,43.1
2019-01-29,Bochum,Duisburg,2,1,5,8,14,10,8,3,1,3,0,0,1.8,3.6,4.33,,,,,,2.01,3.5,3.99,,2. Bundesliga,,20190129_Bochum_Duisburg,96.77282876236859,0.9,0.48,52.1,47.9
2019-01-29,Darmstadt,St Pauli,2,1,4,5,9,4,2,3,1,1,0,0,2.8,3.25,2.5,,,,,,2.85,3.16,2.75,,2. Bundesliga,,20190129_Darmstadt_St-Pauli,-85.63825326984625,1.23,1.61,46.3,53.7
2019-01-29,Greuther Furth,Ingolstadt,0,1,1,6,4,6,2,4,4,3,2,0,3.0,3.3,2.3,,,,,,3.18,3.26,2.44,,2. Bundesliga,,20190129_Greuther-Furth_Ingolstadt,69.6922759317572,0.92,1.65,54.1,45.9
2019-01-29,Magdeburg,Erzgebirge Aue,1,0,5,1,5,8,4,3,3,3,0,0,2.15,3.2,3.5,,,,,,2.09,3.4,3.87,,2. Bundesliga,,20190129_Magdeburg_Erzgebirge-Aue,-46.121557369465336,0.36,1.14,46.8,53.2
2019-01-30,Dresden,Bielefeld,3,4,7,8,5,8,4,4,3,2,1,0,2.1,3.3,3.5,,,,,,2.45,3.28,3.14,,2. Bundesliga,,20190130_Dresden_Bielefeld,17.17242909817287,0.85,0.89,50.8,49.2
2019-01-30,Hamburg,Sandhausen,2,1,7,3,9,2,5,2,0,1,0,0,1.53,4.0,6.0,,,,,,1.79,3.44,5.37,,2. Bundesliga,,20190130_Hamburg_Sandhausen,150.26021323110353,1.96,0.2,54.8,45.2
2019-01-30,Heidenheim,Holstein Kiel,2,2,5,4,1,6,1,9,1,2,0,0,2.37,3.6,2.75,,,,,,2.62,3.53,2.73,,2. Bundesliga,,20190130_Heidenheim_Holstein-Kiel,-36.86983163402692,1.4,0.32,47.7,52.3
2019-01-30,Regensburg,Paderborn,2,0,6,0,6,9,3,6,2,1,0,0,2.3,3.6,2.87,,,,,,2.7,3.78,2.52,,2. Bundesliga,,20190130_Regensburg_Paderborn,-9.607809878099943,0.83,0.4,49.4,50.6
2019-01-31,Union Berlin,FC Koln,2,0,5,4,9,16,7,11,4,3,1,0,2.75,3.3,2.5,,,,,,2.77,3.3,2.73,,2. Bundesliga,,20190131_Union-Berlin_FC-Koln,-9.812994647083542,0.97,0.81,49.3,50.7
2019-02-01,Duisburg,Darmstadt,3,2,5,10,4,8,2,7,1,2,0,0,2.5,3.4,2.75,,,,,,2.66,3.29,2.85,,2. Bundesliga,,20190201_Duisburg_Darmstadt,-49.39009691941078,1.05,1.49,52.9,47.1
2019-02-01,Ingolstadt,Magdeburg,0,1,3,2,12,2,5,3,1,2,0,0,2.05,3.5,3.4,,,,,,2.05,3.42,3.96,,2. Bundesliga,,20190201_Ingolstadt_Magdeburg,-17.939115453546037,0.68,0.73,55.4,44.6
2019-02-02,Bielefeld,Hamburg,2,0,7,1,3,4,3,1,2,2,0,1,4.0,3.4,1.9,,,,,,3.5,3.3,2.26,,2. Bundesliga,,20190202_Bielefeld_Hamburg,-104.37539682483498,0.79,1.16,49.7,50.3
2019-02-02,Heidenheim,Dresden,1,0,3,2,12,17,7,2,3,4,0,0,2.05,3.5,3.4,,,,,,2.22,3.54,3.34,,2. Bundesliga,,20190202_Heidenheim_Dresden,62.07135138439571,1.07,0.91,53.4,46.6
2019-02-02,Paderborn,Greuther Furth,6,0,11,3,7,6,7,5,2,4,0,0,1.5,4.33,6.5,,,,,,1.47,4.84,6.58,,2. Bundesliga,,20190202_Paderborn_Greuther-Furth,51.36334540408052,1.63,0.53,57.6,42.4
2019-02-03,Holstein Kiel,Regensburg,2,0,3,4,7,10,6,7,1,4,0,0,2.0,3.6,3.5,,,,,,2.44,3.65,2.88,,2. Bundesliga,,20190203_Holstein-Kiel_Regensburg,34.096365195420276,1.11,0.05,52.5,47.5
2019-02-03,Sandhausen,Bochum,3,0,4,4,7,11,4,5,2,3,0,1,2.7,3.3,2.55,,,,,,2.82,3.12,2.82,,2. Bundesliga,,20190203_Sandhausen_Bochum,-125.12823444036326,1.88,0.72,40.4,59.6
2019-02-04,St Pauli,Union Berlin,3,2,3,7,8,11,2,3,3,3,0,0,2.62,3.1,2.75,,,,,,2.78,3.09,2.88,,2. Bundesliga,,20190204_St-Pauli_Union-Berlin,-31.325625813927445,0.59,1.17,49.3,50.7
2019-02-08,FC Koln,St Pauli,4,1,12,3,7,4,5,5,1,1,0,0,1.5,4.33,6.0,,,,,,1.55,4.33,6.24,,2. Bundesliga,,20190208_FC-Koln_St-Pauli,3.3819165224253993,2.38,1.43,48.5,51.5
2019-02-08,Regensburg,Bielefeld,0,3,6,6,13,5,12,5,1,1,0,0,2.0,3.6,3.6,,,,,,2.12,3.64,3.49,,2. Bundesliga,,20190208_Regensburg_Bielefeld,27.96817799159976,1.84,1.7,52.6,47.4
2019-02-09,Bochum,Paderborn,1,2,4,7,11,13,5,4,3,4,0,0,2.37,3.5,2.8,,,,,,2.51,3.68,2.77,,2. Bundesliga,,20190209_Bochum_Paderborn,-0.6009407830144937,0.98,0.75,49.9,50.1
2019-02-09,Greuther Furth,Duisburg,1,0,7,3,13,13,5,6,1,3,0,1,2.45,3.4,2.75,,,,,,2.57,3.42,2.87,,2. Bundesliga,,20190209_Greuther-Furth_Duisburg,13.177088406833718,0.43,0.27,54.4,45.6
2019-02-09,Union Berlin,Sandhausen,2,0,5,0,5,10,4,3,2,2,0,0,1.75,3.6,4.75,,,,,,1.74,3.61,5.5,,2. Bundesliga,,20190209_Union-Berlin_Sandhausen,118.20466208654102,1.21,0.75,53.7,46.3
2019-02-10,Darmstadt,Heidenheim,1,2,4,4,8,9,5,4,1,2,0,0,2.2,3.5,3.1,,,,,,2.43,3.31,3.15,,2. Bundesliga,,20190210_Darmstadt_Heidenheim,-77.47632302583611,1.77,1.02,42.4,57.6
2019-02-10,Erzgebirge Aue,Ingolstadt,0,3,3,6,6,12,0,7,6,0,0,0,3.0,3.2,2.37,,,,,,3.18,3.17,2.49,,2. Bundesliga,,20190210_Erzgebirge-Aue_Ingolstadt,48.27424698071172,0.06,0.87,55.8,44.2
2019-02-10,Magdeburg,Holstein Kiel,1,1,9,5,6,6,11,8,3,3,0,0,2.9,3.25,2.4,,,,,,2.75,3.48,2.63,,2. Bundesliga,,20190210_Magdeburg_Holstein-Kiel,-122.96311463938378,0.6,0.97,40.0,60.0
2019-02-11,Hamburg,Dresden,1,0,6,4,8,8,4,2,2,0,0,0,1.61,4.0,5.0,,,,,,1.58,4.17,6.07,,2. Bundesliga,,20190211_Hamburg_Dresden,106.76656019444113,0.98,1.77,47.9,52.1
2019-02-15,Paderborn,FC Koln,3,2,4,4,14,9,3,4,3,6,0,1,3.0,3.75,2.15,,,,,,3.41,3.8,2.1,,2. Bundesliga,,20190215_Paderborn_FC-Koln,-22.882048240160884,1.09,1.46,49.0,51.0
2019-02-15,Sandhausen,Darmstadt,1,1,2,2,9,8,8,3,3,2,0,0,2.1,3.25,3.5,,,,,,2.33,3.08,3.61,,2. Bundesliga,,20190215_Sandhausen_Darmstadt,-29.12441133476068,0.63,1.22,45.4,54.6
2019-02-16,Duisburg,Union Berlin,2,3,4,3,6,15,3,6,4,2,0,0,4.33,3.4,1.85,,,,,,4.58,3.69,1.83,,2. Bundesliga,,20190216_Duisburg_Union-Berlin,-129.39476425328326,0.91,1.57,47.3,52.7
2019-02-16,Heidenheim,Hamburg,2,2,7,4,8,11,8,4,0,3,0,0,3.3,3.5,2.1,,,,,,2.9,3.37,2.57,,2. Bundesliga,,20190216_Heidenheim_Hamburg,-23.994616099932728,0.76,1.64,47.1,52.9
2019-02-16,Ingolstadt,Bochum,2,1,5,5,7,6,3,9,0,0,0,0,2.3,3.4,3.0,,,,,,2.31,3.26,3.42,,2. Bundesliga,,20190216_Ingolstadt_Bochum,-87.6878642131644,0.86,1.73,44.7,55.3
2019-02-16,St Pauli,Erzgebirge Aue,1,2,3,4,10,12,7,1,1,4,0,0,1.66,3.6,5.25,,,,,,1.72,3.67,5.47,,2. Bundesliga,,20190216_St-Pauli_Erzgebirge-Aue,87.02015746277971,0.27,2.34,53.1,46.9
2019-02-17,Bielefeld,Magdeburg,1,3,3,4,9,10,5,2,2,1,1,0,2.05,3.3,3.6,,,,,,2.3,3.42,3.28,,2. Bundesliga,,20190217_Bielefeld_Magdeburg,48.13210867423618,0.39,0.77,57.7,42.3
2019-02-17,Dresden,Regensburg,0,0,4,2,8,13,8,3,1,2,0,0,2.3,3.4,3.0,,,,,,2.65,3.58,2.68,,2. Bundesliga,,20190217_Dresden_Regensburg,-56.82035270046549,0.38,1.83,46.4,53.6
2019-02-17,Holstein Kiel,Greuther Furth,2,2,5,5,12,3,14,10,1,2,0,0,1.61,4.0,5.0,,,,,,1.63,4.12,5.53,,2. Bundesliga,,20190217_Holstein-Kiel_Greuther-Furth,105.95709274129354,1.99,1.42,55.2,44.8
2019-02-22,Greuther Furth,Heidenheim,0,0,4,1,7,8,3,1,2,1,0,0,2.9,3.4,2.3,,,,,,3.17,3.41,2.37,,2. Bundesliga,,20190222_Greuther-Furth_Heidenheim,-81.40002700169475,0.81,1.04,46.9,53.1
2019-02-22,Union Berlin,Bielefeld,1,1,5,3,11,14,4,3,3,2,0,0,1.57,3.75,6.5,,,,,,1.61,4.09,5.84,,2. Bundesliga,,20190222_Union-Berlin_Bielefeld,75.22364057543518,0.28,1.64,53.0,47.0
2019-02-23,Bochum,Holstein Kiel,1,3,2,8,5,6,6,9,0,3,0,0,2.3,3.4,3.0,,,,,,2.53,3.6,2.79,,2. Bundesliga,,20190223_Bochum_Holstein-Kiel,-69.65714228116417,0.88,1.46,44.1,55.9
2019-02-23,Darmstadt,Dresden,2,0,5,1,6,11,6,5,3,5,0,0,2.37,3.3,2.9,,,,,,2.22,3.42,3.45,,2. Bundesliga,,20190223_Darmstadt_Dresden,0.4602823185668967,1.25,0.76,52.1,47.9
2019-02-23,FC Koln,Sandhausen,3,1,8,2,14,4,8,4,1,4,0,0,1.36,4.75,8.0,,,,,,1.42,4.54,8.51,,2. Bundesliga,,20190223_FC-Koln_Sandhausen,122.57736359352361,1.66,1.16,53.2,46.8
2019-02-23,St Pauli,Ingolstadt,1,0,3,0,5,11,5,3,0,0,0,0,2.37,3.2,3.0,,,,,,2.56,3.22,3.03,,2. Bundesliga,,20190223_St-Pauli_Ingolstadt,78.07085111784295,1.34,0.05,53.1,46.9
2019-02-24,Erzgebirge Aue,Duisburg,0,0,3,5,13,10,7,5,3,2,0,1,2.15,3.25,3.4,,,,,,2.4,3.3,3.22,,2. Bundesliga,,20190224_Erzgebirge-Aue_Duisburg,39.92682157377999,0.55,0.61,56.7,43.3
2019-02-24,Magdeburg,Paderborn,1,1,2,3,8,10,3,5,2,2,0,0,2.8,3.4,2.4,,,,,,2.68,3.6,2.63,,2. Bundesliga,,20190224_Magdeburg_Paderborn,-80.26213192667342,0.46,1.61,45.0,55.0
2019-02-24,Regensburg,Hamburg,2,1,3,5,15,5,8,5,2,5,0,2,2.9,3.6,2.25,,,,,,3.53,3.44,2.18,,2. Bundesliga,,20190224_Regensburg_Hamburg,-67.91250537299811,1.76,0.84,49.7,50.3
2019-02-27,Erzgebirge Aue,FC Koln,0,1,4,5,4,7,4,5,2,3,0,0,6.0,4.33,1.5,,,,,,6.78,4.27,1.52,,2. Bundesliga,,20190227_Erzgebirge-Aue_FC-Koln,-95.74167495259826,1.44,0.05,57.0,43.0
2019-03-01,Duisburg,Magdeburg,1,0,3,4,6,9,3,4,4,2,0,0,3.0,3.2,2.4,,,,,,3.11,3.35,2.44,,2. Bundesliga,,20190301_Duisburg_Magdeburg,-50.146914015772836,0.92,0.33,53.9,46.1
2019-03-01,Holstein Kiel,Union Berlin,0,2,3,6,4,15,3,7,3,3,0,0,2.62,3.25,2.62,,,,,,2.62,3.36,2.84,,2. Bundesliga,,20190301_Holstein-Kiel_Union-Berlin,13.736871248818034,0.16,1.27,47.4,52.6
2019-03-02,Heidenheim,Regensburg,1,2,5,8,8,9,9,6,1,2,0,0,2.3,3.3,3.1,,,,,,2.34,3.45,3.19,,2. Bundesliga,,20190302_Heidenheim_Regensburg,28.49543646973416,0.99,1.46,54.5,45.5
2019-03-02,Paderborn,St Pauli,0,1,4,3,8,6,4,2,3,5,0,1,1.83,3.75,4.0,,,,,,1.83,3.94,4.24,,2. Bundesliga,,20190302_Paderborn_St-Pauli,19.927810852502944,1.34,1.08,48.3,51.7
2019-03-02,Sandhausen,Erzgebirge Aue,0,3,1,9,10,13,4,3,2,2,0,0,2.0,3.3,3.8,,,,,,2.15,3.19,3.95,,2. Bundesliga,,20190302_Sandhausen_Erzgebirge-Aue,-33.92857176874804,0.94,2.13,52.9,47.1
2019-03-03,Bielefeld,Darmstadt,1,0,5,2,9,4,7,3,1,3,0,0,1.95,3.3,3.8,,,,,,2.12,3.34,3.83,,2. Bundesliga,,20190303_Bielefeld_Darmstadt,29.29681864891245,1.08,0.95,55.5,44.5
2019-03-03,Dresden,Bochum,2,2,8,5,9,5,8,5,1,3,0,0,2.4,3.2,3.0,,,,,,2.72,3.52,2.64,,2. Bundesliga,,20190303_Dresden_Bochum,-48.66040535312095,1.92,0.39,48.0,52.0
2019-03-03,Ingolstadt,FC Koln,1,2,1,4,12,4,4,3,3,4,0,0,4.0,3.4,1.9,,,,,,4.54,3.72,1.83,,2. Bundesliga,,20190303_Ingolstadt_FC-Koln,-133.43035182391736,1.45,1.55,41.6,58.4
2019-03-04,Hamburg,Greuther Furth,1,0,3,6,5,9,4,5,2,4,0,1,1.45,4.33,7.0,,,,,,1.42,4.57,8.47,,2. Bundesliga,,20190304_Hamburg_Greuther-Furth,86.66247188059401,0.48,0.05,49.8,50.2
2019-03-08,Bochum,Heidenheim,1,0,3,2,12,4,9,0,0,2,0,1,2.0,3.5,3.5,,,,,,2.09,3.76,3.48,,2. Bundesliga,,20190308_Bochum_Heidenheim,-47.75305932824472,0.86,0.99,45.6,54.4
2019-03-08,Union Berlin,Ingolstadt,2,0,3,5,6,10,2,7,4,5,0,2,1.72,3.4,5.25,,,,,,1.87,3.4,4.88,,2. Bundesliga,,20190308_Union-Berlin_Ingolstadt,152.72980010194965,1.56,0.63,55.1,44.9
2019-03-09,Darmstadt,Holstein Kiel,3,2,5,7,7,7,7,10,0,5,0,1,3.1,3.3,2.3,,,,,,2.94,3.41,2.52,,2. Bundesliga,,20190309_Darmstadt_Holstein-Kiel,-111.65707405611397,0.64,1.52,46.3,53.7
2019-03-09,Erzgebirge Aue,Paderborn,2,1,5,5,15,8,12,3,6,2,0,1,3.3,3.75,2.0,,,,,,3.31,3.75,2.16,,2. Bundesliga,,20190309_Erzgebirge-Aue_Paderborn,-73.03549723740616,1.62,0.6,50.9,49.1
2019-03-09,FC Koln,Bielefeld,5,1,9,1,8,6,7,1,0,0,0,0,1.44,4.5,6.5,,,,,,1.41,4.89,7.67,,2. Bundesliga,,20190309_FC-Koln_Bielefeld,67.50218980277623,2.21,1.26,59.6,40.4
2019-03-09,Regensburg,Duisburg,1,1,9,1,8,7,6,1,3,2,0,0,1.61,4.0,5.0,,,,,,1.69,4.21,4.8,,2. Bundesliga,,20190309_Regensburg_Duisburg,95.57655551337098,1.21,0.97,49.7,50.3
2019-03-10,Magdeburg,Sandhausen,0,1,1,4,7,4,6,5,3,3,0,0,2.2,3.4,3.2,,,,,,2.39,3.08,3.47,,2. Bundesliga,,20190310_Magdeburg_Sandhausen,52.78084429075511,1.02,0.16,49.8,50.2
2019-03-10,St Pauli,Hamburg,0,4,2,5,8,6,5,4,0,0,0,0,3.1,3.25,2.3,,,,,,3.33,3.26,2.36,,2. Bundesliga,,20190310_St-Pauli_Hamburg,-26.941102989465207,1.33,2.22,47.5,52.5
2019-03-15,Heidenheim,Union Berlin,2,1,7,7,7,12,7,6,1,3,0,0,3.6,3.4,2.05,,,,,,3.28,3.45,2.29,,2. Bundesliga,,20190315_Heidenheim_Union-Berlin,-62.24224557504476,1.07,1.1,40.6,59.4
2019-03-15,Holstein Kiel,Erzgebirge Aue,5,1,7,4,10,6,7,4,1,1,0,0,1.72,3.6,4.75,,,,,,1.74,4.2,4.53,,2. Bundesliga,,20190315_Holstein-Kiel_Erzgebirge-Aue,72.72611687719063,2.3,1.43,59.4,40.6
2019-03-16,Dresden,Magdeburg,1,1,3,2,7,6,5,6,3,3,0,0,2.3,3.3,3.1,,,,,,2.34,3.31,3.31,,2. Bundesliga,,20190316_Dresden_Magdeburg,-3.863585063405253,0.43,0.81,53.1,46.9
2019-03-16,Hamburg,Darmstadt,2,3,6,4,12,10,7,2,0,2,0,0,1.5,4.0,7.0,,,,,,1.55,4.0,7.05,,2. Bundesliga,,20190316_Hamburg_Darmstadt,109.48211627769024,1.28,2.3,57.8,42.2
2019-03-16,Sandhausen,St Pauli,4,0,5,5,9,10,4,5,1,1,0,0,2.7,3.1,2.7,,,,,,2.75,3.15,2.86,,2. Bundesliga,,20190316_Sandhausen_St-Pauli,-109.19459607309955,0.79,1.48,43.1,56.9
2019-03-17,Bielefeld,Bochum,3,1,7,3,6,5,4,5,1,0,0,1,2.37,3.4,2.87,,,,,,2.65,3.4,2.78,,2. Bundesliga,,20190317_Bielefeld_Bochum,-5.611297397717635,0.79,1.36,50.6,49.4
2019-03-17,Paderborn,Ingolstadt,3,1,7,7,10,8,6,8,0,2,0,0,1.9,3.8,3.6,,,,,,2.03,3.59,3.83,,2. Bundesliga,,20190317_Paderborn_Ingolstadt,104.16687996350947,0.58,0.67,47.9,52.1
2019-03-18,Regensburg,Greuther Furth,0,2,5,7,13,11,7,8,4,4,1,0,1.72,3.75,4.5,,,,,,1.75,3.83,4.95,,2. Bundesliga,,20190318_Regensburg_Greuther-Furth,66.21142676363411,0.79,1.21,56.4,43.6
2019-03-29,Magdeburg,Heidenheim,0,0,4,1,16,8,11,1,2,4,0,1,2.5,3.2,2.87,,,,,,2.45,3.35,3.08,,2. Bundesliga,,20190329_Magdeburg_Heidenheim,-89.83182312187182,0.98,1.16,39.0,61.0
2019-03-29,St Pauli,Duisburg,0,0,3,0,11,10,8,0,2,2,0,0,1.65,3.6,5.5,,,,,,1.85,3.44,4.95,,2. Bundesliga,,20190329_St-Pauli_Duisburg,74.05732476437811,0.74,1.44,58.9,41.1
2019-03-30,Bochum,Hamburg,0,0,3,4,9,11,5,5,1,0,0,0,3.6,3.2,2.15,,,,,,4.21,3.69,1.9,,2. Bundesliga,,20190330_Bochum_Hamburg,-74.55221407229487,0.79,1.5,43.1,56.9
2019-03-30,Darmstadt,Regensburg,1,1,8,5,18,7,13,2,0,1,0,0,2.7,3.3,2.55,,,,,,2.83,3.55,2.52,,2. Bundesliga,,20190330_Darmstadt_Regensburg,-29.904444128549585,0.58,0.75,51.8,48.2
2019-03-30,Union Berlin,Paderborn,1,3,7,8,11,4,5,3,1,2,0,0,1.95,3.5,3.8,,,,,,1.84,4.08,4.07,,2. Bundesliga,,20190330_Union-Berlin_Paderborn,40.01024791071586,0.81,1.64,49.3,50.7
2019-03-31,FC Koln,Holstein Kiel,4,0,9,3,10,7,3,6,1,1,0,0,1.44,4.5,6.5,,,,,,1.44,5.01,6.89,,2. Bundesliga,,20190331_FC-Koln_Holstein-Kiel,23.025231928828816,1.75,0.28,48.9,51.1
2019-03-31,Greuther Furth,Bielefeld,2,2,6,2,3,10,5,7,1,1,0,0,2.9,3.1,2.5,,,,,,2.82,3.29,2.69,,2. Bundesliga,,20190331_Greuther-Furth_Bielefeld,-30.17202695832634,1.12,0.27,51.0,49.0
2019-03-31,Ingolstadt,Sandhausen,1,2,3,4,11,5,4,5,0,0,0,0,1.95,3.2,4.2,,,,,,1.94,3.32,4.58,,2. Bundesliga,,20190331_Ingolstadt_Sandhausen,-27.992480954787425,0.58,0.72,52.9,47.1
2019-04-01,Erzgebirge Aue,Dresden,1,3,2,7,12,13,6,6,4,3,0,0,2.4,3.2,3.0,,,,,,2.49,3.38,3.0,,2. Bundesliga,,20190401_Erzgebirge-Aue_Dresden,25.312545159071533,1.89,1.65,54.8,45.2
2019-04-04,Greuther Furth,Dresden,0,0,2,2,13,6,2,7,1,1,0,0,2.45,3.2,2.9,,,,,,2.69,3.33,2.78,,2. Bundesliga,,20190404_Greuther-Furth_Dresden,23.403695597000024,0.05,1.12,51.1,48.9
2019-04-05,Bielefeld,Erzgebirge Aue,2,1,4,4,4,3,4,1,0,1,0,0,1.9,3.5,4.0,,,,,,1.92,3.68,4.16,,2. Bundesliga,,20190405_Bielefeld_Erzgebirge-Aue,51.92963279686137,0.64,0.92,51.8,48.2
2019-04-05,Regensburg,Bochum,2,1,5,5,16,8,3,6,3,2,0,0,2.0,3.5,3.6,,,,,,2.02,3.82,3.63,,2. Bundesliga,,20190405_Regensburg_Bochum,22.730079813747807,1.16,0.95,52.7,47.3
2019-04-06,Duisburg,Ingolstadt,2,4,6,9,16,7,8,5,3,2,0,0,3.8,3.2,2.05,,,,,,3.29,3.36,2.33,,2. Bundesliga,,20190406_Duisburg_Ingolstadt,45.380837924885554,0.58,0.66,48.1,51.9
2019-04-06,Holstein Kiel,St Pauli,2,1,4,6,8,12,3,6,2,2,1,0,1.9,3.75,3.8,,,,,,1.9,3.8,4.07,,2. Bundesliga,,20190406_Holstein-Kiel_St-Pauli,36.290842409837296,2.2,2.04,46.8,53.2
2019-04-06,Sandhausen,Paderborn,1,1,4,10,7,16,7,15,5,3,1,0,2.9,3.4,2.37,,,,,,2.76,3.44,2.65,,2. Bundesliga,,20190406_Sandhausen_Paderborn,-95.52749736638611,0.05,0.46,49.7,50.3
2019-04-07,Dresden,Union Berlin,0,0,2,5,5,18,1,4,0,3,0,0,3.6,3.5,2.0,,,,,,4.12,3.64,1.94,,2. Bundesliga,,20190407_Dresden_Union-Berlin,-100.36098524940667,0.59,0.44,50.3,49.7
2019-04-07,Greuther Furth,Darmstadt,2,1,3,2,4,11,4,5,3,2,0,0,2.62,3.1,2.75,,,,,,2.76,3.24,2.78,,2. Bundesliga,,20190407_Greuther-Furth_Darmstadt,-8.58577688118794,1.4,1.02,52.6,47.4
2019-04-07,Heidenheim,FC Koln,0,2,3,4,14,13,7,3,1,2,0,0,4.5,4.2,1.66,,,,,,5.03,3.99,1.7,,2. Bundesliga,,20190407_Heidenheim_FC-Koln,-60.924969907171544,0.73,1.44,44.0,56.0
2019-04-08,Hamburg,Magdeburg,1,2,5,5,3,7,3,6,3,4,0,0,1.55,3.8,6.5,,,,,,1.66,3.5,6.68,,2. Bundesliga,,20190408_Hamburg_Magdeburg,112.01669338677857,1.15,0.89,54.4,45.6
2019-04-10,Duisburg,FC Koln,4,4,7,8,6,12,5,4,3,1,0,0,6.25,4.75,1.44,,,,,,7.51,5.11,1.4,,2. Bundesliga,,20190410_Duisburg_FC-Koln,-174.2211702876889,1.48,2.28,38.0,62.0
2019-04-12,Erzgebirge Aue,Heidenheim,0,1,2,6,13,7,3,4,3,2,1,0,3.1,3.25,2.3,,,,,,2.93,3.4,2.53,,2. Bundesliga,,20190412_Erzgebirge-Aue_Heidenheim,-78.2559853878397,0.67,1.12,46.5,53.5
2019-04-12,Union Berlin,Regensburg,2,2,11,6,12,10,6,4,1,2,0,0,1.6,4.0,5.25,,,,,,1.6,4.28,5.57,,2. Bundesliga,,20190412_Union-Berlin_Regensburg,27.552842286583882,1.37,0.73,55.5,44.5
2019-04-13,Magdeburg,Darmstadt,0,1,5,2,11,7,6,2,3,2,0,0,2.05,3.4,3.6,,,,,,2.06,3.33,4.04,,2. Bundesliga,,20190413_Magdeburg_Darmstadt,-9.386333354573026,0.86,1.34,40.6,59.4
2019-04-13,Paderborn,Duisburg,4,0,6,9,8,5,7,2,1,0,0,0,1.5,4.2,6.25,,,,,,1.52,4.71,6.0,,2. Bundesliga,,20190413_Paderborn_Duisburg,104.99043690433564,0.83,1.53,53.0,47.0
2019-04-13,Sandhausen,Dresden,3,1,6,4,10,6,10,5,3,2,0,0,2.15,3.4,3.25,,,,,,2.36,3.2,3.39,,2. Bundesliga,,20190413_Sandhausen_Dresden,-8.579449225251892,1.23,0.21,42.6,57.4
2019-04-14,Bochum,Greuther Furth,3,2,8,8,13,12,7,12,3,0,0,0,1.85,3.6,4.0,,,,,,1.88,3.74,4.26,,2. Bundesliga,,20190414_Bochum_Greuther-Furth,-9.813029347783868,0.68,1.47,53.1,46.9
2019-04-14,Ingolstadt,Holstein Kiel,1,1,3,3,8,11,4,11,2,1,0,0,2.3,3.4,3.0,,,,,,2.4,3.75,2.88,,2. Bundesliga,,20190414_Ingolstadt_Holstein-Kiel,-147.88195249203363,1.38,0.77,48.2,51.8
2019-04-14,St Pauli,Bielefeld,1,1,4,5,6,9,3,4,3,3,0,0,2.2,3.5,3.1,,,,,,2.41,3.44,3.07,,2. Bundesliga,,20190414_St-Pauli_Bielefeld,-15.749918237959037,1.77,2.05,52.2,47.8
2019-04-15,FC Koln,Hamburg,1,1,2,3,10,13,6,8,4,3,0,0,1.7,4.0,4.5,,,,,,1.7,3.96,5.1,,2. Bundesliga,,20190415_FC-Koln_Hamburg,52.76759182580554,1.46,1.58,52.4,47.6
2019-04-20,Duisburg,Sandhausen,2,2,10,6,16,8,12,3,5,1,0,0,2.75,3.4,2.45,,,,,,2.89,3.41,2.55,,2. Bundesliga,,20190420_Duisburg_Sandhausen,-36.67685270978427,1.45,1.53,49.8,50.2
2019-04-20,Greuther Furth,Union Berlin,1,1,10,5,11,9,11,3,1,3,1,1,5.0,3.75,1.7,,,,,,5.16,3.82,1.72,,2. Bundesliga,,20190420_Greuther-Furth_Union-Berlin,-74.29117918407428,0.05,0.05,49.4,50.6
2019-04-20,Hamburg,Erzgebirge Aue,1,1,2,3,15,5,5,2,0,2,0,0,1.45,4.5,6.5,,,,,,1.41,4.66,8.45,,2. Bundesliga,,20190420_Hamburg_Erzgebirge-Aue,111.83893473018361,1.0,1.49,58.5,41.5
2019-04-20,Holstein Kiel,Paderborn,1,2,2,10,9,15,6,7,1,1,0,0,2.05,3.75,3.25,,,,,,2.32,3.95,2.88,,2. Bundesliga,,20190420_Holstein-Kiel_Paderborn,5.768410216338907,0.71,0.66,50.8,49.2
2019-04-21,Bielefeld,Ingolstadt,1,3,3,7,9,6,9,4,1,0,0,0,2.45,3.4,2.75,,,,,,2.71,3.5,2.66,,2. Bundesliga,,20190421_Bielefeld_Ingolstadt,100.47518416970615,0.94,1.87,57.6,42.4
2019-04-21,Darmstadt,Bochum,0,0,3,1,7,9,8,1,1,0,0,0,2.2,3.4,3.2,,,,,,2.38,3.48,3.09,,2. Bundesliga,,20190421_Darmstadt_Bochum,-6.857111078298203,1.09,0.93,54.3,45.7
2019-04-21,Dresden,FC Koln,3,0,6,2,10,14,3,2,3,4,0,0,6.5,4.5,1.44,,,,,,6.24,4.58,1.52,,2. Bundesliga,,20190421_Dresden_FC-Koln,-149.11086215038426,1.61,0.9,46.0,54.0
2019-04-21,Heidenheim,St Pauli,3,0,6,3,15,2,7,2,0,2,0,1,1.9,3.5,4.2,,,,,,2.03,3.59,3.84,,2. Bundesliga,,20190421_Heidenheim_St-Pauli,30.43528923937197,0.48,1.07,54.0,46.0
2019-04-21,Regensburg,Magdeburg,1,0,8,2,15,16,7,12,3,0,0,0,2.2,3.4,3.2,,,,,,2.31,3.69,3.05,,2. Bundesliga,,20190421_Regensburg_Magdeburg,73.36820656897635,1.35,1.35,44.9,55.1
2019-04-26,FC Koln,Darmstadt,1,2,12,4,15,5,15,4,1,3,0,0,1.3,5.75,8.5,,,,,,1.38,5.11,8.3,,2. Bundesliga,,20190426_FC-Koln_Darmstadt,93.34060669235146,2.01,0.41,57.5,42.5
2019-04-26,Ingolstadt,Dresden,1,0,5,2,13,13,6,6,3,2,0,0,1.75,3.5,4.75,,,,,,1.68,4.05,5.12,,2. Bundesliga,,20190426_Ingolstadt_Dresden,-32.665210228278966,0.59,0.31,57.2,42.8
2019-04-27,Magdeburg,Greuther Furth,2,1,7,2,9,7,5,6,2,4,0,0,1.75,3.4,5.0,,,,,,1.78,3.68,4.98,,2. Bundesliga,,20190427_Magdeburg_Greuther-Furth,-36.761047769794004,0.05,0.52,43.0,57.0
2019-04-27,Sandhausen,Holstein Kiel,3,2,5,5,11,10,7,10,2,2,0,0,2.75,3.1,2.62,,,,,,2.47,3.61,2.87,,2. Bundesliga,,20190427_Sandhausen_Holstein-Kiel,-80.10536712548605,1.17,1.03,49.9,50.1
2019-04-27,St Pauli,Regensburg,4,3,10,3,9,5,7,3,2,4,0,0,2.75,3.4,2.45,,,,,,2.85,3.64,2.47,,2. Bundesliga,,20190427_St-Pauli_Regensburg,-45.13622406292916,0.8,1.83,50.8,49.2
2019-04-28,Erzgebirge Aue,Bochum,3,2,4,5,9,8,2,2,2,2,0,0,2.62,3.1,2.75,,,,,,2.2,3.62,3.33,,2. Bundesliga,,20190428_Erzgebirge-Aue_Bochum,-53.441880488957395,0.86,0.3,47.4,52.6
2019-04-28,Paderborn,Heidenheim,3,1,5,5,11,11,6,6,1,0,0,0,1.8,4.0,4.0,,,,,,1.81,4.3,4.04,,2. Bundesliga,,20190428_Paderborn_Heidenheim,17.4734212107453,1.44,1.15,50.2,49.8
2019-04-28,Union Berlin,Hamburg,2,0,3,4,9,3,9,3,2,2,0,0,2.4,3.2,3.0,,,,,,2.74,3.23,2.8,,2. Bundesliga,,20190428_Union-Berlin_Hamburg,6.208095155732963,0.58,0.68,45.9,54.1
2019-04-29,Duisburg,Bielefeld,2,2,7,4,6,6,5,1,5,4,0,1,2.5,3.3,2.75,,,,,,2.4,3.67,2.93,,2. Bundesliga,,20190429_Duisburg_Bielefeld,-73.31388791408813,1.1,1.22,51.8,48.2
2019-05-03,Bielefeld,Paderborn,2,0,6,4,11,6,5,2,5,3,0,0,3.8,4.2,1.8,,,,,,3.54,4.04,1.99,,2. Bundesliga,,20190503_Bielefeld_Paderborn,-73.46641879406707,0.83,0.46,50.3,49.7
2019-05-03,Dresden,St Pauli,2,1,5,6,6,4,5,5,2,3,0,0,2.15,3.4,3.3,,,,,,2.14,3.6,3.49,,2. Bundesliga,,20190503_Dresden_St-Pauli,-53.49425767361208,0.74,0.98,44.2,55.8
2019-05-04,Bochum,Magdeburg,4,2,8,8,9,10,2,10,2,3,0,0,2.8,3.3,2.45,,,,,,2.88,3.58,2.47,,2. Bundesliga,,20190504_Bochum_Magdeburg,21.765009706810588,1.24,1.13,49.8,50.2
2019-05-04,Hamburg,Ingolstadt,0,3,3,6,15,3,5,5,0,2,0,0,1.72,4.0,4.33,,,,,,1.93,3.56,4.26,,2. Bundesliga,,20190504_Hamburg_Ingolstadt,87.12500601103557,0.47,0.9,47.8,52.2
2019-05-04,Heidenheim,Sandhausen,2,3,10,5,10,7,10,2,1,4,0,0,2.15,3.6,3.1,,,,,,2.41,3.5,3.02,,2. Bundesliga,,20190504_Heidenheim_Sandhausen,55.146232655642734,0.99,1.87,53.9,46.1
2019-05-05,Darmstadt,Union Berlin,2,1,3,8,6,13,1,6,1,1,0,0,4.5,3.75,1.72,,,,,,4.03,3.59,1.97,,2. Bundesliga,,20190505_Darmstadt_Union-Berlin,-60.15643088816864,1.21,0.24,43.3,56.7
2019-05-05,Holstein Kiel,Duisburg,0,2,5,5,24,4,9,3,2,1,0,0,1.7,4.2,4.2,,,,,,1.64,4.61,4.78,,2. Bundesliga,,20190505_Holstein-Kiel_Duisburg,97.04405949660304,0.7,0.48,45.6,54.4
2019-05-05,Regensburg,Erzgebirge Aue,1,3,4,5,11,6,4,1,4,1,1,0,1.95,3.6,3.6,,,,,,1.97,3.84,3.76,,2. Bundesliga,,20190505_Regensburg_Erzgebirge-Aue,69.57299951581308,0.69,1.34,49.9,50.1
2019-05-06,Greuther Furth,FC Koln,0,4,0,9,3,11,1,11,1,0,0,0,6.0,4.75,1.44,,,,,,6.11,3.88,1.63,,2. Bundesliga,,20190506_Greuther-Furth_FC-Koln,-97.17391008578852,0.7,0.55,44.5,55.5
2019-05-12,Duisburg,Heidenheim,3,4,9,8,12,14,7,5,2,2,0,0,2.8,3.4,2.4,,,,,,2.69,3.87,2.49,,2. Bundesliga,,20190512_Duisburg_Heidenheim,-72.36629523078864,1.22,2.53,43.9,56.1
2019-05-12,Erzgebirge Aue,Greuther Furth,1,1,2,3,7,9,2,8,2,1,0,0,2.2,3.3,3.3,,,,,,2.46,3.35,3.06,,2. Bundesliga,,20190512_Erzgebirge-Aue_Greuther-Furth,8.854751177489106,0.15,0.97,42.8,57.2
2019-05-12,FC Koln,Regensburg,3,5,7,7,10,20,6,6,5,2,1,0,1.4,4.75,7.0,,,,,,1.41,5.41,6.88,,2. Bundesliga,,20190512_FC-Koln_Regensburg,64.94605507612096,0.91,1.67,49.2,50.8
2019-05-12,Holstein Kiel,Dresden,3,0,5,0,7,4,6,2,1,0,0,0,1.61,4.0,5.25,,,,,,1.52,5.18,5.34,,2. Bundesliga,,20190512_Holstein-Kiel_Dresden,47.30652067440087,1.1,0.75,49.0,51.0
2019-05-12,Ingolstadt,Darmstadt,3,0,4,0,6,11,3,5,2,3,0,0,1.45,4.33,7.0,,,,,,1.49,4.4,7.17,,2. Bundesliga,,20190512_Ingolstadt_Darmstadt,-55.85742662661869,0.44,1.66,48.7,51.3
2019-05-12,Paderborn,Hamburg,4,1,11,4,9,11,5,9,1,4,0,0,2.05,3.4,3.5,,,,,,2.44,3.71,2.84,,2. Bundesliga,,20190512_Paderborn_Hamburg,40.89046582156129,0.23,1.03,45.8,54.2
2019-05-12,Sandhausen,Bielefeld,0,3,2,3,10,3,1,6,0,2,0,0,2.05,3.4,3.5,,,,,,2.25,3.54,3.28,,2. Bundesliga,,20190512_Sandhausen_Bielefeld,-22.558668703164585,2.06,1.19,47.6,52.4
2019-05-12,St Pauli,Bochum,0,0,3,4,9,6,8,4,0,1,0,0,2.05,3.5,3.4,,,,,,2.54,3.76,2.69,,2. Bundesliga,,20190512_St-Pauli_Bochum,0.6757563331937035,0.99,1.0,44.6,55.4
2019-05-12,Union Berlin,Magdeburg,3,0,7,1,7,11,3,5,1,1,0,0,1.6,4.0,5.25,,,,,,1.6,4.35,5.51,,2. Bundesliga,,20190512_Union-Berlin_Magdeburg,101.70985297404627,0.95,0.45,55.6,44.4
2019-05-19,Bielefeld,Holstein Kiel,1,0,6,1,14,15,8,6,1,1,0,0,2.2,3.6,3.0,,,,,,2.49,4.01,2.63,,2. Bundesliga,,20190519_Bielefeld_Holstein-Kiel,1.8927075809601774,0.41,1.54,41.3,58.7
2019-05-19,Bochum,Union Berlin,2,2,2,8,6,18,2,7,4,3,1,0,4.5,4.5,1.61,,,,,,4.54,4.71,1.65,,2. Bundesliga,,20190519_Bochum_Union-Berlin,-66.00710690969595,1.43,0.86,49.5,50.5
2019-05-19,Darmstadt,Erzgebirge Aue,1,0,4,7,5,7,2,0,2,1,0,0,1.9,3.6,3.75,,,,,,1.78,4.35,4.15,,2. Bundesliga,,20190519_Darmstadt_Erzgebirge-Aue,34.45429724672499,0.71,0.05,49.1,50.9
2019-05-19,Dresden,Paderborn,3,1,5,5,7,16,8,11,0,0,0,0,6.0,4.75,1.44,,,,,,5.46,5.31,1.5,,2. Bundesliga,,20190519_Dresden_Paderborn,-113.78953584725036,1.22,0.86,38.3,61.7
2019-05-19,Greuther Furth,St Pauli,2,1,5,2,17,7,3,3,5,3,0,1,2.3,3.6,2.8,,,,,,2.33,3.75,2.99,,2. Bundesliga,,20190519_Greuther-Furth_St-Pauli,-31.858380207923574,1.5,1.52,50.4,49.6
2019-05-19,Hamburg,Duisburg,3,0,8,5,14,3,12,4,0,2,0,0,1.53,4.33,5.5,,,,,,1.46,4.98,6.45,,2. Bundesliga,,20190519_Hamburg_Duisburg,70.07371476277262,1.3,1.94,49.1,50.9
2019-05-19,Heidenheim,Ingolstadt,4,2,10,5,7,12,5,9,1,2,1,0,3.75,4.2,1.8,,,,,,3.77,4.4,1.85,,2. Bundesliga,,20190519_Heidenheim_Ingolstadt,54.08745890670002,1.14,2.12,53.5,46.5
2019-05-19,Magdeburg,FC Koln,1,1,4,5,8,12,4,2,2,2,0,0,3.8,4.2,1.8,,,,,,3.24,3.91,2.14,,2. Bundesliga,,20190519_Magdeburg_FC-Koln,-121.74957039255742,1.3,1.34,45.6,54.4
2019-05-19,Regensburg,Sandhausen,2,2,3,5,12,7,7,6,3,2,0,0,2.9,3.2,2.45,,,,,,2.58,3.72,2.67,,2. Bundesliga,,20190519_Regensburg_Sandhausen,42.970092634414186,1.49,0.31,46.5,53.5
2019-07-26,Stuttgart,Hannover,2,1,7,2,7,5,4,3,6,3,1,1,1.75,3.75,4.33,1.65,2.22,-0.75,1.94,1.91,1.72,4.04,4.65,,2. Bundesliga,,20190726_Stuttgart_Hannover,0.0,1.05,0.73,54.1,45.9
2019-07-27,Dresden,Nurnberg,0,1,3,2,13,3,12,1,2,2,0,0,3.0,3.25,2.37,1.91,1.89,0.0,1.92,1.93,2.72,3.3,2.72,,2. Bundesliga,,20190727_Dresden_Nurnberg,-93.21105910083429,0.5,0.26,44.1,55.9
2019-07-27,Holstein Kiel,Sandhausen,1,1,3,3,18,12,5,7,0,4,0,0,2.0,3.6,3.5,1.64,2.24,-0.5,1.82,2.02,1.81,4.02,4.18,,2. Bundesliga,,20190727_Holstein-Kiel_Sandhausen,29.698607557112837,0.39,1.35,53.7,46.3
2019-07-27,Osnabruck,Heidenheim,1,3,2,6,7,3,6,6,2,1,1,0,2.4,3.25,2.9,1.85,1.94,0.0,1.84,2.02,2.6,3.32,2.82,,2. Bundesliga,,20190727_Osnabruck_Heidenheim,-36.194030255172265,1.56,1.72,45.3,54.7
2019-07-28,Greuther Furth,Erzgebirge Aue,0,2,7,7,16,5,9,2,1,4,0,0,2.2,3.3,3.3,2.07,1.74,-0.25,1.9,1.96,2.2,3.33,3.51,,2. Bundesliga,,20190728_Greuther-Furth_Erzgebirge-Aue,15.667933186690334,0.81,1.0,53.8,46.2
2019-07-28,Hamburg,Darmstadt,1,1,7,4,17,4,7,2,2,4,0,0,1.7,3.5,5.25,1.85,1.94,-1.0,2.1,1.77,1.62,3.94,5.8,,2. Bundesliga,,20190728_Hamburg_Darmstadt,3.4890275172592737,0.72,1.49,53.8,46.2
2019-07-28,Regensburg,Bochum,3,1,6,4,11,12,5,3,2,2,0,0,2.3,3.4,3.0,1.68,2.17,-0.25,1.95,1.9,2.24,3.6,3.16,,2. Bundesliga,,20190728_Regensburg_Bochum,28.6379831015347,1.27,0.89,52.4,47.6
2019-07-28,Wehen,Karlsruhe,1,2,4,4,12,8,5,4,2,2,0,0,2.37,3.25,3.0,1.79,2.01,0.0,1.78,2.09,2.45,3.5,2.89,,2. Bundesliga,,20190728_Wehen_Karlsruhe,0.0,1.64,0.66,55.3,44.7
2019-07-29,Bielefeld,St Pauli,1,1,5,3,17,2,8,0,2,2,0,0,2.15,3.4,3.25,1.75,2.06,-0.75,2.15,1.73,1.89,3.87,3.96,,2. Bundesliga,,20190729_Bielefeld_St-Pauli,58.802654849456985,0.62,0.48,53.2,46.8
2019-08-02,Bochum,Bielefeld,3,3,8,7,11,8,4,5,3,2,0,0,2.8,3.4,2.4,1.68,2.16,0.0,2.07,1.8,2.85,3.62,2.45,,2. Bundesliga,,20190802_Bochum_Bielefeld,-53.083003696742935,0.73,2.14,45.0,55.0
2019-08-02,Sandhausen,Osnabruck,0,1,4,4,9,14,5,2,4,1,0,0,2.0,3.4,3.75,1.95,1.85,-0.25,1.92,1.94,2.23,3.36,3.47,,2. Bundesliga,,20190802_Sandhausen_Osnabruck,-8.825086788028102,0.7,0.96,44.2,55.8
2019-08-02,St Pauli,Greuther Furth,1,3,5,5,10,1,7,1,0,1,0,0,2.0,3.5,3.6,1.87,1.93,-0.25,1.87,1.98,2.17,3.54,3.44,,2. Bundesliga,,20190802_St-Pauli_Greuther-Furth,20.21641236679534,1.27,1.62,53.7,46.3
2019-08-03,Hannover,Regensburg,1,1,6,7,15,2,8,1,1,2,0,0,1.95,3.6,3.6,1.66,2.2,-0.25,1.96,1.9,2.27,3.74,3.06,,2. Bundesliga,,20190803_Hannover_Regensburg,-42.42722485904301,0.05,0.95,43.6,56.4
2019-08-03,Karlsruhe,Dresden,4,2,6,5,9,10,4,6,1,3,0,0,2.1,3.5,3.3,1.87,1.93,-0.25,1.77,2.11,2.01,3.64,3.82,,2. Bundesliga,,20190803_Karlsruhe_Dresden,52.08854077308911,1.94,1.07,49.6,50.4
2019-08-04,Darmstadt,Holstein Kiel,2,0,5,2,7,20,4,15,0,1,0,0,2.5,3.4,2.7,1.56,2.39,0.25,1.83,2.03,2.96,3.64,2.37,,2. Bundesliga,,20190804_Darmstadt_Holstein-Kiel,2.8533639428439983,0.99,0.35,49.9,50.1
2019-08-04,Erzgebirge Aue,Wehen,3,2,6,7,5,16,1,5,4,5,0,0,2.2,3.3,3.3,1.83,1.97,0.0,1.83,2.03,2.56,3.45,2.82,,2. Bundesliga,,20190804_Erzgebirge-Aue_Wehen,-20.735813463007844,1.04,0.94,51.3,48.7
2019-08-04,Heidenheim,Stuttgart,2,2,5,10,10,13,3,10,0,1,0,0,3.5,3.6,2.0,1.63,2.25,0.0,1.98,1.88,2.72,3.51,2.61,,2. Bundesliga,,20190804_Heidenheim_Stuttgart,34.94843537353063,2.36,1.66,50.7,49.3
2019-08-05,Nurnberg,Hamburg,0,4,0,8,9,7,4,3,1,1,0,0,2.45,3.3,2.8,2.09,1.73,0.25,1.81,2.05,3.08,3.34,2.44,,2. Bundesliga,,20190805_Nurnberg_Hamburg,56.659907214611394,0.93,1.61,47.3,52.7
2019-08-16,Hamburg,Bochum,1,0,6,0,8,7,14,0,1,1,0,0,1.45,4.2,7.5,1.64,2.25,-1.0,1.86,2.0,1.55,4.24,6.38,,2. Bundesliga,,20190816_Hamburg_Bochum,46.5314710622888,0.47,1.13,48.2,51.8
2019-08-16,Sandhausen,Nurnberg,3,2,6,6,9,5,3,6,3,3,0,0,2.6,3.25,2.7,2.1,1.73,0.0,1.9,1.95,2.72,3.25,2.78,,2. Bundesliga,,20190816_Sandhausen_Nurnberg,-88.1688357583023,2.04,1.25,47.0,53.0
2019-08-17,Bielefeld,Erzgebirge Aue,3,1,5,8,9,4,9,1,1,3,0,0,1.66,3.5,5.5,1.75,2.06,-0.75,1.84,2.03,1.66,4.02,5.39,,2. Bundesliga,,20190817_Bielefeld_Erzgebirge-Aue,51.04720429014674,1.73,0.37,48.3,51.7
2019-08-17,Stuttgart,St Pauli,2,1,5,2,12,13,4,9,0,2,0,0,1.45,4.0,8.0,1.54,2.43,-1.25,1.96,1.9,1.44,4.81,7.17,,2. Bundesliga,,20190817_Stuttgart_St-Pauli,47.83352191004633,0.68,0.85,53.1,46.9
2019-08-17,Wehen,Hannover,0,3,5,6,9,5,4,6,4,1,0,0,2.87,3.4,2.37,1.67,2.19,0.25,1.87,2.0,3.13,3.62,2.28,,2. Bundesliga,,20190817_Wehen_Hannover,-14.173484081879678,1.4,1.48,52.7,47.3
2019-08-18,Dresden,Heidenheim,2,1,5,6,12,7,5,6,0,1,0,0,2.62,3.2,2.7,1.64,2.25,0.0,1.96,1.9,2.72,3.55,2.59,,2. Bundesliga,,20190818_Dresden_Heidenheim,-96.04823935005493,1.44,0.13,46.7,53.3
2019-08-18,Greuther Furth,Regensburg,1,0,7,1,8,3,5,3,0,2,0,0,2.4,3.4,2.8,1.65,2.23,0.0,2.02,1.84,2.84,3.48,2.53,,2. Bundesliga,,20190818_Greuther-Furth_Regensburg,-58.42106776838045,1.83,0.05,52.8,47.2
2019-08-18,Holstein Kiel,Karlsruhe,2,1,7,2,13,15,6,3,0,2,1,0,2.05,3.6,3.4,1.56,2.4,-0.5,1.97,1.88,1.97,3.91,3.7,,2. Bundesliga,,20190818_Holstein-Kiel_Karlsruhe,-26.04314457689975,1.5,1.46,45.3,54.7
2019-08-19,Osnabruck,Darmstadt,4,0,8,1,13,7,3,6,3,4,0,0,2.45,3.25,2.87,1.97,1.83,-0.25,1.96,1.88,2.31,3.39,3.27,,2. Bundesliga,,20190819_Osnabruck_Darmstadt,-21.88655230834661,1.28,0.05,53.4,46.6
2019-08-23,Darmstadt,Dresden,0,0,2,2,9,9,4,4,2,2,0,0,2.4,3.25,2.87,1.83,1.97,0.0,1.78,2.09,2.48,3.46,2.93,,2. Bundesliga,,20190823_Darmstadt_Dresden,45.13990892426227,0.05,0.71,50.2,49.8
2019-08-23,Erzgebirge Aue,Stuttgart,0,0,0,5,10,7,2,7,1,6,0,1,4.33,4.0,1.72,1.59,2.34,0.5,1.94,1.92,3.83,3.82,1.96,,2. Bundesliga,,20190823_Erzgebirge-Aue_Stuttgart,-53.831213208098916,0.74,0.09,55.6,44.4
2019-08-24,Bochum,Wehen,3,3,9,7,14,9,7,3,3,1,1,0,2.0,3.4,3.75,1.63,2.26,-0.5,2.03,1.83,2.09,3.79,3.43,,2. Bundesliga,,20190824_Bochum_Wehen,7.405980028826889,0.98,1.46,48.8,51.2
2019-08-24,Hannover,Greuther Furth,1,1,2,6,9,11,4,6,3,4,0,0,1.75,3.75,4.33,1.71,2.12,-0.75,1.84,2.02,1.66,4.17,5.09,,2. Bundesliga,,20190824_Hannover_Greuther-Furth,16.42187901223724,1.09,0.95,55.4,44.6
2019-08-24,Regensburg,Bielefeld,1,3,3,4,7,10,5,7,4,1,0,0,2.7,3.4,2.55,1.61,2.29,0.0,2.06,1.8,2.93,3.62,2.4,,2. Bundesliga,,20190824_Regensburg_Bielefeld,-26.306107986220695,1.08,1.1,48.1,51.9
2019-08-25,Heidenheim,Sandhausen,0,2,2,4,11,11,8,5,1,0,0,0,2.15,3.5,3.2,1.69,2.16,-0.5,2.06,1.81,2.06,3.77,3.53,,2. Bundesliga,,20190825_Heidenheim_Sandhausen,46.80326431592516,1.31,1.65,53.7,46.3
2019-08-25,Karlsruhe,Hamburg,2,4,7,7,14,9,5,2,2,3,0,0,3.3,3.25,2.2,1.81,2.0,0.5,1.81,2.05,3.73,3.52,2.07,,2. Bundesliga,,20190825_Karlsruhe_Hamburg,-29.199707774507715,1.94,1.41,44.9,55.1
2019-08-25,Nurnberg,Osnabruck,1,0,7,2,9,5,14,1,2,2,0,0,2.1,3.6,3.25,1.88,1.92,-0.25,1.98,1.88,2.35,3.41,3.16,,2. Bundesliga,,20190825_Nurnberg_Osnabruck,28.21678264019647,1.62,1.13,45.7,54.3
2019-08-26,St Pauli,Holstein Kiel,2,1,2,6,9,7,6,6,4,3,1,0,3.0,3.5,2.25,1.56,2.39,0.0,1.93,1.93,2.62,3.7,2.61,,2. Bundesliga,,20190826_St-Pauli_Holstein-Kiel,-54.057706529913276,1.7,1.23,52.1,47.9
2019-08-30,Nurnberg,Heidenheim,2,2,7,2,20,6,8,7,2,3,0,0,2.1,3.3,3.5,1.73,2.09,-0.25,1.86,2.01,2.15,3.55,3.47,,2. Bundesliga,,20190830_Nurnberg_Heidenheim,36.036926414451955,0.11,1.76,57.6,42.4
2019-08-30,Sandhausen,Darmstadt,1,0,5,3,11,13,7,7,2,5,0,1,1.85,3.6,4.2,1.95,1.85,-0.75,2.11,1.77,1.87,3.62,4.48,,2. Bundesliga,,20190830_Sandhausen_Darmstadt,-11.208520885372081,1.15,0.17,46.6,53.4
2019-08-31,Bielefeld,Greuther Furth,2,2,6,5,13,8,10,3,0,3,0,0,1.65,3.8,5.0,1.68,2.16,-0.75,2.04,1.81,1.83,3.78,4.44,,2. Bundesliga,,20190831_Bielefeld_Greuther-Furth,67.25558225755867,1.37,0.69,51.0,49.0
2019-08-31,Dresden,St Pauli,3,3,8,3,5,5,4,9,1,2,1,0,2.0,3.4,3.75,1.78,2.03,-0.25,1.91,1.96,2.27,3.44,3.3,,2. Bundesliga,,20190831_Dresden_St-Pauli,-2.380492720264783,1.06,0.95,52.5,47.5
2019-08-31,Wehen,Regensburg,0,5,2,9,9,5,7,5,1,0,0,0,2.3,3.4,3.0,1.5,2.56,0.0,1.78,2.09,2.41,3.7,2.86,,2. Bundesliga,,20190831_Wehen_Regensburg,-39.847264405619626,0.05,1.17,46.6,53.4
2019-09-01,Hamburg,Hannover,3,0,8,4,12,5,4,3,0,0,0,0,1.7,3.75,4.75,1.72,2.11,-0.75,1.89,1.97,1.69,3.99,5.09,,2. Bundesliga,,20190901_Hamburg_Hannover,49.10791000966333,1.67,1.16,56.9,43.1
2019-09-01,Holstein Kiel,Erzgebirge Aue,1,1,3,6,9,15,6,8,3,3,0,0,1.61,4.2,4.75,1.51,2.49,-1.0,1.99,1.88,1.58,4.52,5.43,,2. Bundesliga,,20190901_Holstein-Kiel_Erzgebirge-Aue,23.642207737007993,1.23,0.64,49.4,50.6
2019-09-01,Osnabruck,Karlsruhe,3,0,7,3,13,7,8,6,2,3,0,0,2.3,3.3,3.1,1.84,1.96,0.0,1.91,1.95,2.71,3.27,2.78,,2. Bundesliga,,20190901_Osnabruck_Karlsruhe,4.345603655721334,2.06,0.66,56.7,43.3
2019-09-02,Stuttgart,Bochum,2,1,6,5,11,8,3,6,0,1,0,0,1.5,4.33,6.0,1.5,2.55,-1.0,1.92,1.93,1.58,4.5,5.42,,2. Bundesliga,,20190902_Stuttgart_Bochum,50.79259386527451,1.23,0.25,53.2,46.8
2019-09-13,Greuther Furth,Wehen,2,1,6,1,15,8,8,6,4,1,0,0,1.9,3.6,3.75,1.57,2.39,-0.5,1.89,1.96,1.91,4.01,3.84,,2. Bundesliga,,20190913_Greuther-Furth_Wehen,34.0081590780469,1.16,0.9,42.0,58.0
2019-09-13,Karlsruhe,Sandhausen,1,0,5,5,9,12,7,6,2,3,0,0,2.4,3.5,2.75,1.72,2.11,0.0,1.85,2.01,2.53,3.58,2.77,,2. Bundesliga,,20190913_Karlsruhe_Sandhausen,-23.227872909787266,0.76,0.62,44.8,55.2
2019-09-14,Hannover,Bielefeld,0,2,4,4,9,3,6,2,5,1,1,0,2.25,3.5,3.0,1.64,2.24,0.0,1.8,2.06,2.5,3.6,2.81,,2. Bundesliga,,20190914_Hannover_Bielefeld,-59.987981972588614,0.32,1.91,47.6,52.4
2019-09-14,Heidenheim,Holstein Kiel,3,0,6,1,9,13,5,8,1,1,0,0,2.25,3.6,2.9,1.42,2.81,0.0,1.81,2.06,2.45,3.8,2.75,,2. Bundesliga,,20190914_Heidenheim_Holstein-Kiel,23.741958644137185,0.94,0.52,50.5,49.5
2019-09-14,Regensburg,Stuttgart,2,3,5,7,9,17,7,12,4,0,0,0,3.5,3.8,1.95,1.49,2.57,0.25,1.8,2.06,2.84,3.69,2.43,,2. Bundesliga,,20190914_Regensburg_Stuttgart,-17.468150905259563,0.94,1.41,50.6,49.4
2019-09-15,Bochum,Dresden,2,2,7,5,16,2,7,1,2,3,0,0,2.15,3.6,3.1,1.6,2.31,-0.25,1.91,1.95,2.21,3.65,3.24,,2. Bundesliga,,20190915_Bochum_Dresden,-5.899071117745052,1.38,0.8,42.1,57.9
2019-09-15,Darmstadt,Nurnberg,3,3,6,7,6,19,5,8,1,1,0,0,2.8,3.4,2.4,1.9,1.9,0.25,1.89,1.96,3.23,3.56,2.25,,2. Bundesliga,,20190915_Darmstadt_Nurnberg,-55.564798090060094,1.9,0.77,44.3,55.7
2019-09-15,Erzgebirge Aue,Osnabruck,1,0,6,3,16,11,5,4,2,5,1,0,2.6,3.4,2.6,1.88,1.92,0.0,1.89,1.96,2.67,3.44,2.71,,2. Bundesliga,,20190915_Erzgebirge-Aue_Osnabruck,-42.1282416607537,1.1,0.53,46.8,53.2
2019-09-16,St Pauli,Hamburg,2,0,4,5,6,9,4,8,2,2,0,0,3.75,4.0,1.83,1.71,2.12,0.5,1.97,1.88,4.05,3.76,1.93,,2. Bundesliga,,20190916_St-Pauli_Hamburg,-91.04390101932859,1.25,0.96,46.0,54.0
2019-09-20,Heidenheim,Darmstadt,1,0,5,2,4,11,6,4,2,0,0,0,1.85,4.0,3.75,1.63,2.26,-0.5,1.92,1.93,1.94,3.82,3.9,,2. Bundesliga,,20190920_Heidenheim_Darmstadt,31.28663751236445,0.77,1.05,53.9,46.1
2019-09-20,Holstein Kiel,Hannover,1,2,5,3,4,8,5,1,2,2,0,0,2.1,3.6,3.3,1.51,2.5,-0.25,1.93,1.93,2.15,3.94,3.17,,2. Bundesliga,,20190920_Holstein-Kiel_Hannover,3.0816242552202766,0.79,0.05,44.8,55.2
2019-09-21,Nurnberg,Karlsruhe,1,1,7,3,9,10,1,8,0,0,0,0,1.95,3.3,4.0,1.71,2.12,-0.5,2.0,1.85,2.01,3.65,3.82,,2. Bundesliga,,20190921_Nurnberg_Karlsruhe,50.52319018979165,0.95,0.67,51.0,49.0
2019-09-21,Sandhausen,Bochum,1,1,6,5,14,9,5,6,1,4,0,0,2.0,3.4,3.75,1.71,2.13,-0.25,1.92,1.94,2.25,3.48,3.29,,2. Bundesliga,,20190921_Sandhausen_Bochum,36.02971192105724,0.28,1.53,52.8,47.2
2019-09-21,Stuttgart,Greuther Furth,2,0,5,3,11,12,3,3,1,4,0,0,1.5,4.33,6.0,1.5,2.54,-1.0,1.88,1.97,1.54,4.46,6.04,,2. Bundesliga,,20190921_Stuttgart_Greuther-Furth,45.134752797314604,1.63,1.42,52.4,47.6
2019-09-21,Wehen,Bielefeld,2,5,6,8,5,2,4,2,2,2,1,0,4.0,3.5,1.9,1.48,2.58,0.5,1.98,1.88,3.89,4.11,1.87,,2. Bundesliga,,20190921_Wehen_Bielefeld,-117.45263491497758,0.1,2.11,48.7,51.3
2019-09-22,Dresden,Regensburg,2,1,7,3,3,14,4,5,1,3,0,0,2.3,3.5,2.9,1.49,2.55,-0.25,2.07,1.79,2.44,3.71,2.81,,2. Bundesliga,,20190922_Dresden_Regensburg,-36.74807559898272,0.29,1.9,47.1,52.9
2019-09-22,Hamburg,Erzgebirge Aue,4,0,5,2,4,7,5,3,1,3,0,0,1.4,4.5,8.0,1.63,2.26,-1.25,1.91,1.95,1.41,4.76,8.2,,2. Bundesliga,,20190922_Hamburg_Erzgebirge-Aue,58.912738895440725,1.41,0.68,50.2,49.8
2019-09-22,Osnabruck,St Pauli,1,1,5,3,11,10,5,8,2,4,0,1,2.2,3.4,3.2,1.71,2.13,0.0,1.84,2.02,2.59,3.62,2.69,,2. Bundesliga,,20190922_Osnabruck_St-Pauli,17.214482513699295,1.11,0.41,53.1,46.9
2019-09-27,Bielefeld,Stuttgart,0,1,2,4,8,7,2,4,3,1,1,0,2.8,3.5,2.4,1.55,2.41,0.0,1.98,1.88,2.68,3.67,2.57,,2. Bundesliga,,20190927_Bielefeld_Stuttgart,14.29275022663569,0.92,1.24,46.4,53.6
2019-09-27,Wehen,Osnabruck,2,0,4,0,11,4,3,1,3,1,0,0,3.0,3.6,2.2,1.53,2.47,0.25,1.84,2.02,2.88,3.87,2.33,,2. Bundesliga,,20190927_Wehen_Osnabruck,-65.99639006591747,2.75,0.84,39.9,60.1
2019-09-28,Bochum,Darmstadt,2,2,5,6,10,4,5,4,2,1,0,0,1.95,3.75,3.5,1.71,2.13,-0.5,2.02,1.83,2.05,3.62,3.7,,2. Bundesliga,,20190928_Bochum_Darmstadt,-25.005967438971993,2.08,1.91,49.4,50.6
2019-09-28,Karlsruhe,Heidenheim,1,1,3,2,14,8,7,8,2,3,0,0,2.2,3.4,3.2,1.65,2.23,-0.25,2.08,1.79,2.41,3.6,2.93,,2. Bundesliga,,20190928_Karlsruhe_Heidenheim,-39.24041430885086,0.67,0.24,46.2,53.8
2019-09-28,Regensburg,Hamburg,2,2,2,3,6,11,4,8,4,1,0,0,3.6,4.0,1.85,1.56,2.39,0.75,1.84,2.01,4.11,4.25,1.79,,2. Bundesliga,,20190928_Regensburg_Hamburg,-64.89014442595544,1.63,2.15,41.5,58.5
2019-09-29,Erzgebirge Aue,Dresden,4,1,7,2,5,7,5,11,3,2,0,0,2.37,3.6,2.7,1.72,2.11,-0.25,2.01,1.85,2.34,3.58,3.05,,2. Bundesliga,,20190929_Erzgebirge-Aue_Dresden,-3.7725735459002863,2.18,1.77,52.4,47.6
2019-09-29,Greuther Furth,Holstein Kiel,0,3,2,9,4,9,3,5,1,1,0,0,2.2,3.75,2.87,1.55,2.42,-0.25,1.91,1.94,2.2,3.88,3.1,,2. Bundesliga,,20190929_Greuther-Furth_Holstein-Kiel,16.673646106499746,0.05,1.36,53.4,46.6
2019-09-29,St Pauli,Sandhausen,2,0,7,4,14,14,7,5,2,1,0,0,2.4,3.5,2.8,1.82,1.98,-0.25,1.97,1.88,2.33,3.41,3.19,,2. Bundesliga,,20190929_St-Pauli_Sandhausen,-11.209757607988422,1.43,0.21,48.9,51.1
2019-09-30,Hannover,Nurnberg,0,4,0,4,10,4,6,1,3,1,0,0,2.2,3.5,3.1,1.84,1.96,-0.25,1.89,1.97,2.2,3.53,3.37,,2. Bundesliga,,20190930_Hannover_Nurnberg,-55.81912252893153,0.05,2.16,44.0,56.0
2019-10-04,Darmstadt,Karlsruhe,1,1,5,2,16,6,11,3,1,2,0,0,2.4,3.4,2.8,1.83,1.97,-0.25,1.96,1.9,2.27,3.49,3.24,,2. Bundesliga,,20191004_Darmstadt_Karlsruhe,-16.10261130642766,1.15,1.2,45.3,54.7
2019-10-04,Stuttgart,Wehen,1,2,6,4,24,2,8,1,1,3,0,1,1.33,5.5,7.5,1.34,3.19,-1.5,2.07,1.78,1.4,5.32,7.09,,2. Bundesliga,,20191004_Stuttgart_Wehen,117.58307614918931,0.66,0.98,54.3,45.7
2019-10-05,Dresden,Hannover,0,2,2,9,8,9,3,5,1,5,1,1,2.4,3.6,2.7,1.71,2.12,0.0,2.03,1.83,2.89,3.53,2.47,,2. Bundesliga,,20191005_Dresden_Hannover,-14.66089527636359,0.14,0.64,45.4,54.6
2019-10-05,Hamburg,Greuther Furth,2,0,8,3,13,9,12,3,1,3,0,0,1.4,4.75,7.0,1.55,2.41,-1.5,2.04,1.82,1.37,5.22,8.34,,2. Bundesliga,,20191005_Hamburg_Greuther-Furth,77.30759842751922,0.86,0.52,49.1,50.9
2019-10-05,Sandhausen,Erzgebirge Aue,2,2,9,5,12,7,13,6,2,3,0,0,2.0,3.6,3.5,1.78,2.03,-0.25,1.87,1.99,2.18,3.54,3.39,,2. Bundesliga,,20191005_Sandhausen_Erzgebirge-Aue,-4.711165384956303,2.03,0.74,42.8,57.2
2019-10-06,Heidenheim,Bochum,2,3,6,4,14,4,11,0,0,3,0,0,2.15,3.6,3.1,1.63,2.27,-0.25,1.95,1.9,2.3,3.51,3.18,,2. Bundesliga,,20191006_Heidenheim_Bochum,75.9254538882351,1.01,1.02,54.0,46.0
2019-10-06,Holstein Kiel,Regensburg,1,2,5,3,15,3,11,4,1,1,0,0,1.95,3.75,3.5,1.36,3.09,-0.75,1.84,2.01,1.68,4.72,4.34,,2. Bundesliga,,20191006_Holstein-Kiel_Regensburg,-8.371258456230862,1.44,0.96,45.2,54.8
2019-10-06,Nurnberg,St Pauli,1,1,7,2,14,8,8,2,3,1,0,0,2.0,3.6,3.5,1.67,2.19,-0.5,2.06,1.8,2.08,3.74,3.49,,2. Bundesliga,,20191006_Nurnberg_St-Pauli,61.31583842292366,1.86,0.94,55.2,44.8
2019-10-07,Osnabruck,Bielefeld,0,1,1,4,8,10,5,8,2,2,1,0,2.87,3.6,2.3,1.71,2.12,0.25,1.9,1.95,3.21,3.5,2.28,,2. Bundesliga,,20191007_Osnabruck_Bielefeld,-69.39750258460322,0.14,0.67,44.0,56.0
2019-10-18,Erzgebirge Aue,Nurnberg,4,3,6,5,3,12,2,5,3,2,0,1,2.7,3.5,2.45,1.7,2.14,0.0,2.09,1.77,2.92,3.57,2.43,,2. Bundesliga,,20191018_Erzgebirge-Aue_Nurnberg,-68.23563930238106,2.34,1.44,50.3,49.7
2019-10-18,Greuther Furth,Dresden,2,0,3,1,8,10,3,0,1,3,0,0,2.2,3.6,3.0,1.73,2.09,-0.25,1.99,1.86,2.32,3.53,3.12,,2. Bundesliga,,20191018_Greuther-Furth_Dresden,9.837178891123585,1.16,1.12,46.4,53.6
2019-10-19,Regensburg,Sandhausen,1,0,2,1,5,15,7,5,0,4,0,0,2.2,3.75,2.9,1.6,2.29,-0.25,2.0,1.85,2.31,3.62,3.07,,2. Bundesliga,,20191019_Regensburg_Sandhausen,20.336216177193137,0.52,0.36,49.1,50.9
2019-10-19,St Pauli,Darmstadt,0,1,4,6,16,10,10,6,2,2,0,0,1.95,3.5,3.75,1.73,2.1,-0.5,1.97,1.88,2.0,3.66,3.86,,2. Bundesliga,,20191019_St-Pauli_Darmstadt,12.123541860054274,0.53,0.58,47.1,52.9
2019-10-19,Wehen,Heidenheim,0,0,3,1,6,9,7,7,2,3,0,0,2.9,3.75,2.2,1.49,2.55,0.0,2.05,1.81,2.78,3.71,2.47,,2. Bundesliga,,20191019_Wehen_Heidenheim,-59.67098394630625,0.09,0.16,44.9,55.1
2019-10-20,Bochum,Karlsruhe,3,3,7,6,12,12,5,7,2,4,0,1,2.0,3.5,3.6,1.6,2.32,-0.25,1.8,2.06,2.07,3.6,3.64,,2. Bundesliga,,20191020_Bochum_Karlsruhe,-24.247027484957698,1.09,1.7,49.6,50.4
2019-10-20,Hannover,Osnabruck,0,0,4,4,16,5,6,3,2,2,0,0,1.75,3.75,4.5,1.78,2.03,-0.5,2.02,1.83,2.04,3.53,3.83,,2. Bundesliga,,20191020_Hannover_Osnabruck,17.06125538707829,1.15,0.87,54.1,45.9
2019-10-20,Stuttgart,Holstein Kiel,0,1,4,3,14,9,7,1,3,2,1,0,1.61,4.5,4.5,1.39,2.95,-1.0,2.1,1.77,1.67,4.41,4.72,,2. Bundesliga,,20191020_Stuttgart_Holstein-Kiel,78.42396051255014,1.12,1.38,59.6,40.4
2019-10-21,Bielefeld,Hamburg,1,1,7,3,7,12,6,4,2,0,0,0,2.62,3.8,2.37,1.67,2.18,0.0,2.08,1.78,2.86,3.56,2.48,,2. Bundesliga,,20191021_Bielefeld_Hamburg,3.362967671266915,0.82,0.58,45.1,54.9
2019-10-25,Darmstadt,Erzgebirge Aue,1,0,1,2,8,7,3,4,4,0,0,0,2.2,3.4,3.2,1.83,1.97,-0.25,1.92,1.93,2.23,3.54,3.29,,2. Bundesliga,,20191025_Darmstadt_Erzgebirge-Aue,-2.9199962317245536,0.52,1.1,60.6,39.4
2019-10-25,Holstein Kiel,Bochum,2,1,5,3,10,8,7,2,4,5,0,0,1.9,3.8,3.6,1.44,2.76,-0.5,1.94,1.91,1.97,3.95,3.65,,2. Bundesliga,,20191025_Holstein-Kiel_Bochum,8.252414377209561,1.46,1.68,50.9,49.1
2019-10-26,Dresden,Bielefeld,0,1,1,7,4,7,0,8,3,2,0,0,3.6,3.3,2.05,1.64,2.25,0.5,1.93,1.92,3.84,3.92,1.93,,2. Bundesliga,,20191026_Dresden_Bielefeld,-120.79812367265254,0.78,1.63,46.8,53.2
2019-10-26,Hamburg,Stuttgart,6,2,6,5,7,8,3,4,1,3,0,0,2.0,3.5,3.6,1.67,2.2,-0.5,1.98,1.87,1.98,3.83,3.73,,2. Bundesliga,,20191026_Hamburg_Stuttgart,26.270148960820507,2.27,0.8,50.6,49.4
2019-10-26,Karlsruhe,Hannover,3,3,7,7,13,6,5,3,3,4,0,1,2.8,3.25,2.5,1.82,1.98,0.0,2.08,1.79,2.86,3.55,2.48,,2. Bundesliga,,20191026_Karlsruhe_Hannover,7.9026314690527215,2.08,1.66,49.8,50.2
2019-10-27,Heidenheim,St Pauli,1,0,2,4,10,11,7,2,0,2,0,0,2.15,3.4,3.3,1.67,2.19,-0.5,1.92,1.93,1.94,3.93,3.78,,2. Bundesliga,,20191027_Heidenheim_St-Pauli,35.76076995330732,1.44,1.02,57.4,42.6
2019-10-27,Nurnberg,Regensburg,1,1,2,4,11,10,7,3,0,4,0,0,1.9,3.6,3.75,1.58,2.36,-0.5,1.92,1.92,1.93,3.87,3.87,,2. Bundesliga,,20191027_Nurnberg_Regensburg,26.659825810578468,0.87,0.89,52.8,47.2
2019-10-27,Osnabruck,Greuther Furth,0,0,4,3,9,11,2,4,4,3,0,0,2.25,3.25,3.2,1.9,1.91,-0.25,1.94,1.91,2.28,3.4,3.3,,2. Bundesliga,,20191027_Osnabruck_Greuther-Furth,-0.32120205796582013,0.05,1.18,41.0,59.0
2019-10-28,Sandhausen,Wehen,0,0,1,1,10,4,3,5,2,2,1,0,1.83,3.6,4.1,1.75,2.07,-0.5,1.91,1.94,1.92,3.68,4.16,,2. Bundesliga,,20191028_Sandhausen_Wehen,5.450826863738939,0.46,0.05,53.4,46.6
2019-11-01,Hannover,Sandhausen,1,1,1,6,14,11,0,7,3,0,0,0,1.9,3.5,3.8,1.95,1.86,-0.5,1.95,1.9,1.98,3.45,4.21,,2. Bundesliga,,20191101_Hannover_Sandhausen,21.386028280479422,0.43,1.55,44.9,55.1
2019-11-01,Regensburg,Osnabruck,3,3,6,9,10,9,3,6,4,2,0,0,2.15,3.5,3.2,1.82,1.99,-0.25,1.98,1.87,2.33,3.45,3.18,,2. Bundesliga,,20191101_Regensburg_Osnabruck,38.79971643643671,1.66,1.27,55.1,44.9
2019-11-02,Erzgebirge Aue,Heidenheim,1,1,2,5,6,8,4,4,3,5,0,0,2.4,3.2,3.0,1.83,1.97,-0.25,1.96,1.9,2.3,3.45,3.23,,2. Bundesliga,,20191102_Erzgebirge-Aue_Heidenheim,-42.99725151657276,1.19,2.05,52.6,47.4
2019-11-02,Greuther Furth,Darmstadt,3,1,6,3,13,8,6,3,2,2,0,0,2.1,3.4,3.4,1.84,1.97,-0.25,2.04,1.82,2.42,3.42,3.03,,2. Bundesliga,,20191102_Greuther-Furth_Darmstadt,-33.840616134610855,1.59,1.25,48.1,51.9
2019-11-02,St Pauli,Karlsruhe,2,2,8,4,11,10,3,5,2,3,0,0,2.05,3.4,3.5,1.72,2.11,-0.25,1.82,2.04,2.09,3.6,3.6,,2. Bundesliga,,20191102_St-Pauli_Karlsruhe,-24.946302875578795,0.55,0.95,54.5,45.5
2019-11-03,Bielefeld,Holstein Kiel,2,1,4,5,6,8,5,4,2,2,0,0,1.85,3.6,4.0,1.57,2.35,-0.5,1.91,1.94,1.94,3.9,3.81,,2. Bundesliga,,20191103_Bielefeld_Holstein-Kiel,74.7707363769423,1.16,0.23,54.0,46.0
2019-11-03,Stuttgart,Dresden,3,1,5,4,11,6,6,1,2,3,0,0,1.45,4.33,7.0,1.44,2.73,-1.25,1.75,2.12,1.34,5.66,8.5,,2. Bundesliga,,20191103_Stuttgart_Dresden,88.2910688970419,0.24,1.69,62.6,37.4
2019-11-03,Wehen,Hamburg,1,1,2,7,7,13,6,8,1,0,1,0,5.75,4.0,1.6,1.52,2.5,1.0,1.97,1.88,6.01,4.37,1.55,,2. Bundesliga,,20191103_Wehen_Hamburg,-106.22901464200845,1.38,1.18,44.4,55.6
2019-11-04,Bochum,Nurnberg,3,1,4,5,7,7,3,7,2,3,0,0,2.62,3.4,2.55,1.58,2.36,-0.25,2.04,1.82,2.35,3.74,2.92,,2. Bundesliga,,20191104_Bochum_Nurnberg,-74.13620445594643,1.61,1.51,44.9,55.1
2019-11-08,Dresden,Wehen,1,0,5,2,6,6,4,1,3,3,0,0,2.0,3.6,3.5,1.68,2.17,-0.25,1.86,2.0,2.16,3.62,3.39,,2. Bundesliga,,20191108_Dresden_Wehen,-43.09430880093032,1.25,0.99,47.4,52.6
2019-11-08,St Pauli,Bochum,1,1,4,4,9,7,12,3,1,2,0,0,1.85,3.75,4.0,1.61,2.3,-0.5,1.83,2.02,1.86,4.06,3.98,,2. Bundesliga,,20191108_St-Pauli_Bochum,-4.5916309882270525,0.9,0.56,46.8,53.2
2019-11-09,Holstein Kiel,Hamburg,1,1,2,2,7,9,2,7,2,2,0,1,3.75,3.4,2.0,1.59,2.32,0.25,2.03,1.82,3.44,3.61,2.14,,2. Bundesliga,,20191109_Holstein-Kiel_Hamburg,-80.64414952221455,0.85,0.96,52.2,47.8
2019-11-09,Osnabruck,Stuttgart,1,0,3,6,6,15,1,8,1,3,0,0,4.5,3.5,1.8,1.68,2.18,0.75,1.83,2.02,4.31,3.9,1.83,,2. Bundesliga,,20191109_Osnabruck_Stuttgart,-55.13516835686073,1.8,1.15,46.0,54.0
2019-11-09,Sandhausen,Greuther Furth,3,2,6,4,17,4,6,4,3,2,0,0,2.25,3.4,3.1,1.97,1.84,-0.25,1.82,2.05,2.13,3.45,3.62,,2. Bundesliga,,20191109_Sandhausen_Greuther-Furth,-17.966999723656045,1.42,1.54,46.4,53.6
2019-11-10,Darmstadt,Regensburg,2,2,9,2,14,5,9,1,0,2,0,0,2.3,3.3,3.1,1.72,2.11,-0.25,2.06,1.81,2.38,3.47,3.06,,2. Bundesliga,,20191110_Darmstadt_Regensburg,-16.490665852133134,0.95,2.26,55.2,44.8
2019-11-10,Heidenheim,Hannover,4,0,7,1,11,10,4,4,0,0,0,1,2.4,3.2,3.0,1.93,1.87,0.0,1.82,2.04,2.59,3.25,2.94,,2. Bundesliga,,20191110_Heidenheim_Hannover,38.96989711254059,0.79,0.94,52.4,47.6
2019-11-10,Nurnberg,Bielefeld,1,5,5,6,9,3,8,1,2,2,0,0,2.75,3.75,2.3,1.66,2.2,0.25,1.81,2.06,2.85,3.7,2.42,,2. Bundesliga,,20191110_Nurnberg_Bielefeld,-56.29605733424796,1.08,1.7,54.7,45.3
2019-11-11,Karlsruhe,Erzgebirge Aue,1,1,5,4,26,5,9,4,0,3,0,1,2.0,3.4,3.75,1.68,2.17,-0.75,2.08,1.79,1.79,4.04,4.35,,2. Bundesliga,,20191111_Karlsruhe_Erzgebirge-Aue,8.306690076033647,0.05,1.23,49.5,50.5
2019-11-22,Bochum,Osnabruck,1,1,7,7,10,15,4,7,1,2,0,0,1.9,3.5,4.0,1.65,2.23,-0.25,1.78,2.08,2.09,3.65,3.54,,2. Bundesliga,,20191122_Bochum_Osnabruck,-11.373852166727602,1.7,0.11,42.2,57.8
2019-11-22,Erzgebirge Aue,St Pauli,3,1,7,5,6,9,5,9,2,1,0,0,2.7,3.3,2.55,1.92,1.88,0.0,2.0,1.85,2.91,3.34,2.56,,2. Bundesliga,,20191122_Erzgebirge-Aue_St-Pauli,15.047606647334533,0.93,1.21,51.9,48.1
2019-11-23,Bielefeld,Sandhausen,1,1,2,6,11,9,3,7,1,1,0,0,1.66,3.75,5.0,1.78,2.03,-0.75,1.95,1.89,1.75,3.79,4.96,,2. Bundesliga,,20191123_Bielefeld_Sandhausen,107.35049489400285,0.8,0.37,52.9,47.1
2019-11-23,Hamburg,Dresden,2,1,8,4,8,8,7,2,1,3,0,0,1.33,5.5,8.0,1.54,2.43,-1.5,1.9,1.95,1.31,5.47,10.48,,2. Bundesliga,,20191123_Hamburg_Dresden,125.98848540563108,0.47,0.71,47.0,53.0
2019-11-23,Wehen,Holstein Kiel,3,6,7,10,13,3,8,6,3,2,0,0,3.4,3.75,2.0,1.64,2.24,0.25,2.07,1.78,3.51,3.7,2.09,,2. Bundesliga,,20191123_Wehen_Holstein-Kiel,-34.68447147172856,2.12,3.38,47.5,52.5
2019-11-24,Greuther Furth,Nurnberg,0,0,2,3,8,12,9,7,2,3,0,0,2.7,3.4,2.5,1.75,2.07,0.0,2.0,1.86,2.78,3.46,2.59,,2. Bundesliga,,20191124_Greuther-Furth_Nurnberg,-38.18256349994522,0.59,1.02,49.2,50.8
2019-11-24,Regensburg,Heidenheim,3,1,7,3,12,8,2,3,1,2,0,0,2.37,3.4,2.87,1.67,2.19,0.0,1.9,1.95,2.67,3.44,2.7,,2. Bundesliga,,20191124_Regensburg_Heidenheim,-28.141258444570667,1.48,1.89,50.9,49.1
2019-11-24,Stuttgart,Karlsruhe,3,0,4,2,13,5,8,5,1,1,1,0,1.5,4.33,6.0,1.5,2.53,-1.0,1.92,1.93,1.57,4.36,5.75,,2. Bundesliga,,20191124_Stuttgart_Karlsruhe,20.225940611160695,2.6,0.27,51.1,48.9
2019-11-25,Hannover,Darmstadt,1,2,4,8,13,2,7,4,5,2,1,0,1.9,3.6,3.75,1.83,1.97,-0.5,1.85,1.98,1.86,3.77,4.29,,2. Bundesliga,,20191125_Hannover_Darmstadt,-16.795540339592435,1.99,1.59,54.1,45.9
2019-11-29,Karlsruhe,Regensburg,4,1,11,5,8,11,6,4,1,1,0,0,2.15,3.6,3.1,1.53,2.46,-0.25,1.97,1.87,2.29,3.74,3.02,,2. Bundesliga,,20191129_Karlsruhe_Regensburg,-38.81277434320032,1.53,0.61,47.3,52.7
2019-11-29,Osnabruck,Hamburg,2,1,7,6,12,12,5,8,1,1,0,0,5.25,3.75,1.65,1.83,1.98,0.75,2.01,1.84,5.58,4.14,1.62,,2. Bundesliga,,20191129_Osnabruck_Hamburg,-82.61831793461647,1.2,1.38,50.9,49.1
2019-11-30,Bochum,Erzgebirge Aue,2,0,4,0,12,11,2,2,2,4,0,1,1.85,4.0,3.6,1.61,2.3,-0.75,2.01,1.84,1.81,3.89,4.41,,2. Bundesliga,,20191130_Bochum_Erzgebirge-Aue,-21.861035964902612,1.0,1.56,48.2,51.8
2019-11-30,Dresden,Holstein Kiel,1,2,5,3,4,5,4,4,3,0,0,0,3.6,3.4,2.05,1.6,2.3,0.25,2.0,1.85,3.27,3.74,2.17,,2. Bundesliga,,20191130_Dresden_Holstein-Kiel,-69.45282934991906,1.75,1.12,41.6,58.4
2019-11-30,Nurnberg,Wehen,0,2,4,2,20,3,5,2,1,1,0,0,1.65,3.8,5.25,1.52,2.49,-1.0,1.96,1.89,1.58,4.42,5.58,,2. Bundesliga,,20191130_Nurnberg_Wehen,68.75614111526374,0.77,0.05,52.1,47.9
2019-11-30,St Pauli,Hannover,0,1,2,2,7,6,4,2,1,3,0,0,2.5,3.4,2.7,1.81,2.0,0.0,1.75,2.12,2.4,3.42,3.07,,2. Bundesliga,,20191130_St-Pauli_Hannover,-5.233639795545969,0.58,0.86,47.9,52.1
2019-12-01,Darmstadt,Bielefeld,1,3,9,5,9,6,4,7,0,2,0,0,3.6,3.5,1.95,1.81,1.99,0.25,2.03,1.82,3.53,3.49,2.15,,2. Bundesliga,,20191201_Darmstadt_Bielefeld,-78.90955127526695,0.37,1.86,42.5,57.5
2019-12-01,Heidenheim,Greuther Furth,1,0,7,1,8,18,4,10,1,3,0,0,2.05,3.5,3.4,1.83,1.97,-0.5,1.97,1.87,1.98,3.61,3.97,,2. Bundesliga,,20191201_Heidenheim_Greuther-Furth,49.90980341346062,0.36,0.05,53.0,47.0
2019-12-01,Sandhausen,Stuttgart,2,1,5,6,11,18,6,15,5,3,0,0,3.6,3.6,1.95,1.8,2.01,0.25,2.12,1.75,3.83,3.49,2.06,,2. Bundesliga,,20191201_Sandhausen_Stuttgart,-42.17220031206375,1.34,1.1,43.5,56.5
2019-12-06,Bielefeld,Karlsruhe,2,2,4,3,19,5,10,7,1,3,0,0,1.6,4.33,5.0,1.62,2.28,-0.75,1.83,2.02,1.67,3.98,5.31,,2. Bundesliga,,20191206_Bielefeld_Karlsruhe,96.80592842677856,0.56,1.58,47.8,52.2
2019-12-06,Hamburg,Heidenheim,0,1,9,2,7,7,8,1,0,0,0,0,1.55,4.0,5.75,1.62,2.27,-1.0,1.84,2.01,1.51,4.42,6.65,,2. Bundesliga,,20191206_Hamburg_Heidenheim,20.29233117706076,0.05,0.92,56.9,43.1
2019-12-07,Greuther Furth,Bochum,3,1,7,2,10,7,1,2,1,3,0,0,2.5,3.4,2.7,1.67,2.19,0.0,1.97,1.88,2.74,3.57,2.56,,2. Bundesliga,,20191207_Greuther-Furth_Bochum,-25.12623358656674,1.76,0.83,50.8,49.2
2019-12-07,Hannover,Erzgebirge Aue,3,2,5,1,17,10,14,3,2,3,0,0,1.72,3.75,4.5,1.87,1.93,-0.75,2.07,1.79,1.82,3.69,4.62,,2. Bundesliga,,20191207_Hannover_Erzgebirge-Aue,-8.20185572686296,2.45,0.68,48.7,51.3
2019-12-07,Holstein Kiel,Osnabruck,2,4,5,6,9,6,5,3,3,1,1,0,1.75,3.8,4.33,1.69,2.15,-0.5,1.84,2.0,1.88,3.72,4.27,,2. Bundesliga,,20191207_Holstein-Kiel_Osnabruck,5.254914545256497,1.81,1.89,49.4,50.6
2019-12-08,Dresden,Sandhausen,1,1,7,7,8,11,5,4,4,2,0,0,2.55,3.4,2.62,1.94,1.86,0.0,2.06,1.79,2.93,3.35,2.53,,2. Bundesliga,,20191208_Dresden_Sandhausen,-78.99263376550948,0.69,1.19,48.5,51.5
2019-12-08,Regensburg,St Pauli,1,0,3,3,11,8,7,7,2,3,0,1,2.37,3.6,2.75,1.67,2.19,-0.25,1.89,1.96,2.19,3.68,3.27,,2. Bundesliga,,20191208_Regensburg_St-Pauli,60.2560177244186,1.19,0.79,53.5,46.5
2019-12-08,Wehen,Darmstadt,0,0,2,6,13,8,5,5,1,2,0,1,2.8,3.3,2.45,1.74,2.08,0.0,2.06,1.79,2.92,3.44,2.49,,2. Bundesliga,,20191208_Wehen_Darmstadt,-40.34221987367437,1.48,1.05,57.8,42.2
2019-12-09,Stuttgart,Nurnberg,3,1,6,1,8,9,7,3,2,1,0,0,1.66,4.0,4.75,1.47,2.62,-1.0,1.82,2.02,1.52,4.67,5.91,,2. Bundesliga,,20191209_Stuttgart_Nurnberg,17.065011058104574,0.17,0.14,51.0,49.0
2019-12-13,Bochum,Hannover,2,1,8,10,3,14,6,9,2,2,0,0,2.45,3.5,2.7,1.87,1.92,0.0,1.77,2.08,2.48,3.32,2.99,,2. Bundesliga,,20191213_Bochum_Hannover,-13.300612133089999,0.98,1.11,45.5,54.5
2019-12-13,Erzgebirge Aue,Regensburg,1,0,4,2,8,9,4,6,0,3,0,0,2.62,3.3,2.62,1.61,2.28,0.25,1.78,2.07,2.93,3.57,2.39,,2. Bundesliga,,20191213_Erzgebirge-Aue_Regensburg,-45.40470015133337,0.94,0.05,39.5,60.5
2019-12-14,Heidenheim,Bielefeld,0,0,3,3,9,10,2,7,0,2,0,0,2.8,3.75,2.3,1.86,1.94,0.25,1.82,2.02,3.05,3.4,2.4,,2. Bundesliga,,20191214_Heidenheim_Bielefeld,-42.87893041717757,0.48,0.05,45.5,54.5
2019-12-14,Karlsruhe,Greuther Furth,1,5,3,7,12,8,8,1,4,5,0,0,2.0,3.6,3.5,1.69,2.15,-0.5,2.01,1.82,2.06,3.54,3.68,,2. Bundesliga,,20191214_Karlsruhe_Greuther-Furth,22.911712368328608,1.19,1.39,49.5,50.5
2019-12-14,St Pauli,Wehen,3,1,6,3,6,3,3,4,1,2,0,0,1.8,4.0,4.0,1.71,2.12,-0.5,1.89,1.94,1.91,3.68,4.13,,2. Bundesliga,,20191214_St-Pauli_Wehen,-18.353033729473736,0.7,1.11,52.6,47.4
2019-12-15,Nurnberg,Holstein Kiel,2,2,4,4,7,9,3,4,1,1,0,0,2.3,3.6,2.87,1.59,2.33,-0.25,2.0,1.84,2.32,3.71,2.94,,2. Bundesliga,,20191215_Nurnberg_Holstein-Kiel,-10.746788670477827,0.79,1.67,45.6,54.4
2019-12-15,Osnabruck,Dresden,3,0,9,0,8,3,3,1,1,2,0,0,2.0,3.6,3.6,1.9,1.9,-0.5,1.98,1.85,2.05,3.48,3.81,,2. Bundesliga,,20191215_Osnabruck_Dresden,92.96241757688608,1.98,0.71,52.8,47.2
2019-12-15,Sandhausen,Hamburg,1,1,5,4,7,21,5,6,1,1,0,0,3.75,3.6,1.9,1.8,2.0,0.25,2.06,1.78,3.72,3.38,2.1,,2. Bundesliga,,20191215_Sandhausen_Hamburg,-47.46916281716085,1.11,0.87,50.5,49.5
2019-12-16,Darmstadt,Stuttgart,1,1,6,8,6,10,5,10,1,5,0,0,4.75,3.6,1.75,1.68,2.16,0.75,1.93,1.9,4.86,3.91,1.72,,2. Bundesliga,,20191216_Darmstadt_Stuttgart,-29.588683006748397,1.08,1.0,56.5,43.5
2019-12-20,Karlsruhe,Wehen,0,1,2,5,17,3,8,1,2,3,0,0,1.75,4.0,4.2,1.71,2.12,-0.5,1.86,1.97,1.89,3.63,4.27,,2. Bundesliga,,20191220_Karlsruhe_Wehen,42.80239547264182,1.61,1.7,61.2,38.8
2019-12-20,Nurnberg,Dresden,2,0,3,2,12,6,7,5,3,4,0,0,1.61,4.2,4.75,1.64,2.23,-0.75,1.87,1.97,1.68,4.0,5.05,,2. Bundesliga,,20191220_Nurnberg_Dresden,72.34231951106881,0.34,1.02,51.4,48.6
2019-12-21,Darmstadt,Hamburg,2,2,5,6,6,10,2,4,0,1,0,0,4.5,3.6,1.75,1.8,2.0,0.75,1.9,1.94,5.04,3.79,1.73,,2. Bundesliga,,20191221_Darmstadt_Hamburg,-45.042361474229665,0.92,0.91,50.4,49.6
2019-12-21,Erzgebirge Aue,Greuther Furth,3,1,8,3,8,7,2,4,1,4,0,0,2.6,3.25,2.7,1.85,1.94,0.0,1.87,1.96,2.65,3.29,2.79,,2. Bundesliga,,20191221_Erzgebirge-Aue_Greuther-Furth,-2.901238356609383,1.51,0.77,45.0,55.0
2019-12-21,Hannover,Stuttgart,2,2,6,5,11,9,8,4,1,3,0,0,3.25,3.6,2.1,1.64,2.22,0.25,2.05,1.79,3.49,3.6,2.1,,2. Bundesliga,,20191221_Hannover_Stuttgart,-45.85450253554086,1.03,0.58,48.1,51.9
2019-12-21,St Pauli,Bielefeld,3,0,4,5,7,14,5,5,1,0,0,0,3.2,3.4,2.2,1.89,1.9,0.25,1.89,1.95,3.36,3.25,2.3,,2. Bundesliga,,20191221_St-Pauli_Bielefeld,-137.4921618194012,1.73,0.81,40.3,59.7
2019-12-22,Bochum,Regensburg,2,3,4,6,16,8,11,6,1,3,0,1,2.2,3.5,3.1,1.51,2.52,-0.5,1.99,1.85,2.03,3.82,3.52,,2. Bundesliga,,20191222_Bochum_Regensburg,-16.322190869173482,1.61,1.69,49.4,50.6
2019-12-22,Heidenheim,Osnabruck,3,1,5,5,9,8,6,7,1,3,0,1,2.1,3.4,3.4,1.87,1.92,-0.25,1.79,2.06,2.09,3.41,3.72,,2. Bundesliga,,20191222_Heidenheim_Osnabruck,25.852529796444287,1.84,1.83,56.8,43.2
2019-12-22,Sandhausen,Holstein Kiel,2,2,4,6,11,12,11,3,1,1,0,0,2.5,3.4,2.7,1.72,2.1,0.0,1.85,1.99,2.59,3.44,2.76,,2. Bundesliga,,20191222_Sandhausen_Holstein-Kiel,1.7742332997681842,1.26,1.62,43.6,56.4
2020-01-28,Bielefeld,Bochum,2,0,4,2,15,3,6,3,5,8,0,1,1.72,3.8,4.5,1.67,2.18,-0.75,1.93,1.91,1.73,3.74,5.1,,2. Bundesliga,,20200128_Bielefeld_Bochum,94.79324380302796,0.66,0.31,57.0,43.0
2020-01-28,Greuther Furth,St Pauli,3,0,7,2,17,9,6,10,1,1,0,0,2.4,3.4,2.8,1.91,1.88,0.0,2.04,1.81,2.9,3.33,2.54,,2. Bundesliga,,20200128_Greuther-Furth_St-Pauli,9.94178649292553,1.1,1.54,47.5,52.5
2020-01-28,Regensburg,Hannover,1,0,7,4,3,5,8,6,1,4,0,0,2.62,3.3,2.62,1.64,2.23,0.25,1.83,2.01,2.96,3.55,2.38,,2. Bundesliga,,20200128_Regensburg_Hannover,37.801943407276895,0.05,1.12,47.4,52.6
2020-01-28,Wehen,Erzgebirge Aue,1,0,2,4,6,13,6,1,6,1,1,0,2.5,3.25,2.8,1.92,1.87,0.0,1.85,1.98,2.68,3.16,2.85,,2. Bundesliga,,20200128_Wehen_Erzgebirge-Aue,-41.199133870604555,0.46,1.07,54.0,46.0
2020-01-29,Dresden,Karlsruhe,1,0,3,1,7,8,4,2,5,1,0,0,2.5,3.4,2.7,1.89,1.9,0.0,1.78,2.07,2.45,3.45,2.93,,2. Bundesliga,,20200129_Dresden_Karlsruhe,-70.9368507050408,0.45,0.76,48.0,52.0
2020-01-29,Holstein Kiel,Darmstadt,1,1,6,1,16,5,5,1,1,3,0,0,1.8,3.75,4.2,1.73,2.08,-0.5,1.83,2.01,1.85,3.8,4.24,,2. Bundesliga,,20200129_Holstein-Kiel_Darmstadt,-2.4280044719137095,1.19,0.82,54.8,45.2
2020-01-29,Osnabruck,Sandhausen,1,3,3,7,6,8,1,4,3,4,1,0,2.37,3.2,3.0,2.03,1.77,0.0,1.77,2.08,2.55,3.27,2.93,,2. Bundesliga,,20200129_Osnabruck_Sandhausen,15.52111587714785,0.87,1.74,52.6,47.4
2020-01-29,Stuttgart,Heidenheim,3,0,5,1,7,9,3,5,2,1,0,0,1.55,4.0,5.75,1.59,2.34,-1.0,1.93,1.9,1.56,4.27,5.92,,2. Bundesliga,,20200129_Stuttgart_Heidenheim,-38.386755734205735,1.36,0.5,42.9,57.1
2020-01-30,Hamburg,Nurnberg,4,1,6,3,10,2,5,1,2,4,0,0,1.5,4.33,6.0,1.67,2.19,-1.0,1.86,1.97,1.56,4.19,6.24,,2. Bundesliga,,20200130_Hamburg_Nurnberg,44.905329252497495,1.84,1.11,49.8,50.2
2020-01-31,Erzgebirge Aue,Bielefeld,0,0,4,3,4,6,2,9,3,2,0,0,3.75,3.5,1.95,2.06,1.75,0.25,2.0,1.84,3.55,3.4,2.15,,2. Bundesliga,,20200131_Erzgebirge-Aue_Bielefeld,-95.44135733435496,0.88,0.74,46.1,53.9
2020-01-31,Regensburg,Greuther Furth,0,2,5,8,15,3,12,4,4,4,0,0,2.05,3.5,3.4,1.67,2.19,-0.25,1.96,1.87,2.34,3.36,3.18,,2. Bundesliga,,20200131_Regensburg_Greuther-Furth,37.964397588365046,1.39,1.95,48.5,51.5
2020-02-01,Hannover,Wehen,2,2,4,6,13,6,8,8,1,2,0,0,1.55,4.0,5.75,1.74,2.07,-0.75,1.84,1.99,1.67,3.92,5.32,,2. Bundesliga,,20200201_Hannover_Wehen,-3.0961879661465446,0.81,1.25,51.5,48.5
2020-02-01,Karlsruhe,Holstein Kiel,0,2,4,6,14,13,7,6,3,1,1,0,3.0,3.5,2.25,1.71,2.11,0.25,1.85,1.97,3.07,3.46,2.35,,2. Bundesliga,,20200201_Karlsruhe_Holstein-Kiel,-35.50873418241463,0.05,0.54,47.2,52.8
2020-02-01,St Pauli,Stuttgart,1,1,5,4,5,9,4,4,1,1,0,0,4.0,3.6,1.9,1.7,2.13,0.5,1.84,1.98,3.69,3.63,2.03,,2. Bundesliga,,20200201_St-Pauli_Stuttgart,-78.7438915877301,0.33,0.7,46.0,54.0
2020-02-02,Darmstadt,Osnabruck,2,2,11,7,12,9,13,7,4,4,0,1,2.25,3.4,3.1,2.0,1.79,-0.25,2.0,1.82,2.36,3.2,3.29,,2. Bundesliga,,20200202_Darmstadt_Osnabruck,-2.2929209993835684,1.59,1.49,39.4,60.6
2020-02-02,Heidenheim,Dresden,0,0,3,1,8,7,7,1,1,1,0,0,1.7,3.8,4.5,2.0,1.8,-0.5,1.89,1.93,1.93,3.34,4.53,,2. Bundesliga,,20200202_Heidenheim_Dresden,129.45087185854618,1.51,0.77,58.8,41.2
2020-02-02,Nurnberg,Sandhausen,2,0,3,2,9,13,3,9,3,1,1,0,2.1,3.3,3.5,1.96,1.82,-0.25,1.9,1.92,2.25,3.32,3.4,,2. Bundesliga,,20200202_Nurnberg_Sandhausen,-25.174067073719243,1.19,0.14,51.7,48.3
2020-02-03,Bochum,Hamburg,1,3,3,5,14,15,4,9,1,1,0,0,3.6,3.5,2.0,1.61,2.3,0.75,2.06,1.77,5.3,4.27,1.62,,2. Bundesliga,,20200203_Bochum_Hamburg,-80.88152291864117,0.98,2.16,44.3,55.7
2020-02-07,Dresden,Darmstadt,2,3,7,7,4,12,2,4,3,1,1,0,2.2,3.3,3.25,2.15,1.68,-0.25,1.99,1.85,2.34,3.24,3.29,,2. Bundesliga,,20200207_Dresden_Darmstadt,-75.67683801732642,2.19,0.76,47.5,52.5
2020-02-07,Sandhausen,Heidenheim,0,1,3,3,14,6,7,8,2,2,0,0,2.37,3.25,3.0,1.94,1.85,-0.25,1.98,1.86,2.33,3.27,3.28,,2. Bundesliga,,20200207_Sandhausen_Heidenheim,-46.327824626388065,1.34,0.05,40.6,59.4
2020-02-08,Hamburg,Karlsruhe,2,0,5,2,13,4,7,3,1,1,0,0,1.28,5.5,11.0,1.44,2.71,-1.75,1.95,1.88,1.28,5.76,11.68,,2. Bundesliga,,20200208_Hamburg_Karlsruhe,110.29241318043887,0.96,0.88,55.5,44.5
2020-02-08,Osnabruck,Nurnberg,0,1,1,6,4,5,2,2,3,3,0,0,2.37,3.3,2.87,1.84,1.94,0.0,1.75,2.1,2.47,3.38,2.96,,2. Bundesliga,,20200208_Osnabruck_Nurnberg,2.6765783114683472,1.25,1.06,54.6,45.4
2020-02-08,Stuttgart,Erzgebirge Aue,3,0,8,2,12,8,6,3,3,2,0,0,1.33,4.75,9.0,1.59,2.32,-1.5,2.04,1.8,1.4,4.69,8.78,,2. Bundesliga,,20200208_Stuttgart_Erzgebirge-Aue,43.37253076198476,1.29,0.08,49.6,50.4
2020-02-09,Bielefeld,Regensburg,6,0,9,0,10,5,8,2,0,3,0,0,1.66,4.0,4.75,1.69,2.14,-0.75,1.9,1.93,1.73,3.71,5.17,,2. Bundesliga,,20200209_Bielefeld_Regensburg,63.79318645577246,2.0,0.05,54.3,45.7
2020-02-09,Greuther Furth,Hannover,1,3,7,4,10,4,13,3,2,5,0,1,2.55,3.2,2.75,1.81,1.98,0.0,1.95,1.88,2.68,3.54,2.6,,2. Bundesliga,,20200209_Greuther-Furth_Hannover,34.43564978364088,0.07,1.73,49.1,50.9
2020-02-09,Wehen,Bochum,0,1,3,4,14,8,11,5,1,4,0,0,2.9,3.5,2.3,1.69,2.15,0.0,2.0,1.84,2.8,3.47,2.54,,2. Bundesliga,,20200209_Wehen_Bochum,11.74403063632235,0.79,1.49,39.9,60.1
2020-02-10,Holstein Kiel,St Pauli,2,1,5,4,7,5,7,8,1,2,0,0,1.9,3.6,4.0,1.71,2.1,-0.5,1.96,1.86,2.02,3.6,3.79,,2. Bundesliga,,20200210_Holstein-Kiel_St-Pauli,46.755001024694366,0.83,0.99,52.1,47.9
2020-02-14,Heidenheim,Nurnberg,2,2,7,4,9,7,7,0,1,3,0,0,2.2,3.6,3.0,2.08,1.73,-0.25,1.98,1.86,2.35,3.41,3.11,,2. Bundesliga,,20200214_Heidenheim_Nurnberg,44.08283167475315,1.27,2.73,53.3,46.7
2020-02-14,St Pauli,Dresden,0,0,8,1,12,2,8,2,2,3,0,0,1.83,3.6,4.2,1.95,1.84,-0.5,1.94,1.89,2.02,3.43,3.98,,2. Bundesliga,,20200214_St-Pauli_Dresden,36.39214422307464,0.71,0.72,51.5,48.5
2020-02-15,Greuther Furth,Bielefeld,2,4,5,7,11,8,5,3,0,0,0,0,3.3,3.4,2.15,1.81,1.99,0.25,1.95,1.88,3.37,3.38,2.24,,2. Bundesliga,,20200215_Greuther-Furth_Bielefeld,-98.15206264060203,0.7,1.13,50.4,49.6
2020-02-15,Hannover,Hamburg,1,1,1,5,8,9,2,6,4,0,0,0,4.5,3.6,1.75,1.68,2.15,0.5,1.95,1.88,4.07,3.68,1.93,,2. Bundesliga,,20200215_Hannover_Hamburg,-85.65965228121377,1.43,0.77,40.2,59.8
2020-02-15,Regensburg,Wehen,1,0,5,2,9,7,7,6,2,2,0,0,2.0,3.5,3.6,1.7,2.12,-0.25,1.85,1.99,2.18,3.56,3.34,,2. Bundesliga,,20200215_Regensburg_Wehen,45.490008557584815,0.76,0.53,60.0,40.0
2020-02-16,Darmstadt,Sandhausen,1,0,6,0,5,9,3,5,3,2,1,0,2.37,3.2,3.0,1.9,1.89,0.0,1.77,2.08,2.55,3.21,2.97,,2. Bundesliga,,20200216_Darmstadt_Sandhausen,20.939994206585652,0.88,1.18,49.8,50.2
2020-02-16,Erzgebirge Aue,Holstein Kiel,1,2,4,6,14,3,6,1,3,2,0,0,3.3,3.3,2.2,1.78,2.02,0.25,1.84,1.99,3.14,3.34,2.37,,2. Bundesliga,,20200216_Erzgebirge-Aue_Holstein-Kiel,-37.63633115521111,0.05,0.25,38.2,61.8
2020-02-16,Karlsruhe,Osnabruck,1,1,9,4,14,9,6,7,4,2,0,1,2.37,3.5,2.8,1.88,1.91,-0.25,1.98,1.87,2.31,3.22,3.39,,2. Bundesliga,,20200216_Karlsruhe_Osnabruck,-46.981767606340554,0.27,0.86,48.8,51.2
2020-02-17,Bochum,Stuttgart,0,1,4,7,8,11,1,8,1,1,0,0,4.2,3.6,1.83,1.61,2.28,0.5,1.87,1.95,3.56,3.75,2.04,,2. Bundesliga,,20200217_Bochum_Stuttgart,-70.91012844259649,0.51,2.14,51.9,48.1
2020-02-21,Osnabruck,Erzgebirge Aue,0,0,2,3,6,4,5,2,1,3,0,0,2.0,3.6,3.6,2.0,1.79,-0.25,1.89,1.95,2.25,3.35,3.5,,2. Bundesliga,,20200221_Osnabruck_Erzgebirge-Aue,17.937533774606436,0.05,0.05,51.8,48.2
2020-02-21,Wehen,Greuther Furth,1,1,3,5,6,11,2,6,1,1,0,0,2.45,3.4,2.75,1.71,2.12,0.0,1.83,2.01,2.57,3.47,2.85,,2. Bundesliga,,20200221_Wehen_Greuther-Furth,-32.51372101596644,0.62,0.69,46.7,53.3
2020-02-22,Dresden,Bochum,1,2,2,4,8,6,6,1,0,1,0,0,2.45,3.4,2.75,1.97,1.83,0.0,1.84,2.0,2.63,3.23,2.86,,2. Bundesliga,,20200222_Dresden_Bochum,-48.945586800001365,0.68,1.18,44.8,55.2
2020-02-22,Hamburg,St Pauli,0,2,4,4,15,4,10,6,0,4,0,0,1.44,4.33,7.0,1.71,2.12,-1.0,1.94,1.89,1.58,4.07,6.16,,2. Bundesliga,,20200222_Hamburg_St-Pauli,117.04379637829584,1.03,0.32,51.2,48.8
2020-02-22,Holstein Kiel,Heidenheim,0,1,2,4,8,9,6,3,1,3,0,1,1.9,3.6,3.8,1.75,2.05,-0.5,1.92,1.91,1.95,3.66,3.97,,2. Bundesliga,,20200222_Holstein-Kiel_Heidenheim,-24.580472736682623,0.25,1.38,47.1,52.9
2020-02-22,Stuttgart,Regensburg,2,0,7,2,9,8,5,7,3,3,0,0,1.33,5.25,8.5,1.45,2.68,-1.25,1.83,2.02,1.4,4.87,8.17,,2. Bundesliga,,20200222_Stuttgart_Regensburg,37.63358177870259,1.5,1.52,55.9,44.1
2020-02-23,Bielefeld,Hannover,1,0,4,2,8,9,5,9,2,3,0,0,1.85,3.6,4.0,1.81,1.98,-0.5,1.88,1.94,1.93,3.58,4.16,,2. Bundesliga,,20200223_Bielefeld_Hannover,112.01402950216425,1.35,0.8,47.5,52.5
2020-02-23,Nurnberg,Darmstadt,1,2,2,3,4,8,3,4,4,2,2,0,1.85,3.6,4.0,1.97,1.82,-0.25,1.8,2.04,2.14,3.22,3.81,,2. Bundesliga,,20200223_Nurnberg_Darmstadt,-7.639564967478009,1.65,0.76,42.6,57.4
2020-02-23,Sandhausen,Karlsruhe,0,2,3,3,9,5,3,8,4,3,0,0,1.9,3.6,3.8,1.93,1.86,-0.5,2.02,1.81,2.07,3.31,3.94,,2. Bundesliga,,20200223_Sandhausen_Karlsruhe,32.53595750491013,0.51,0.95,50.7,49.3
2020-02-28,Karlsruhe,Nurnberg,0,1,0,4,12,13,7,6,3,3,0,0,2.75,3.25,2.55,1.98,1.81,0.0,2.03,1.81,2.94,3.24,2.55,,2. Bundesliga,,20200228_Karlsruhe_Nurnberg,-43.53499210319342,0.15,0.94,48.4,51.6
2020-02-28,Regensburg,Dresden,1,2,5,7,8,5,8,4,1,0,0,0,1.9,3.5,3.8,1.82,1.97,-0.5,1.94,1.89,1.96,3.58,4.03,,2. Bundesliga,,20200228_Regensburg_Dresden,101.00606672282515,0.56,0.78,51.6,48.4
2020-02-29,Darmstadt,Heidenheim,2,0,4,5,14,15,5,9,2,1,0,1,2.37,3.2,3.1,2.13,1.7,-0.25,2.08,1.78,2.48,3.11,3.17,,2. Bundesliga,,20200229_Darmstadt_Heidenheim,-32.830621812637446,0.86,0.05,48.7,51.3
2020-02-29,Erzgebirge Aue,Hamburg,3,0,6,1,15,8,2,8,2,5,0,1,4.33,4.0,1.65,1.8,2.0,0.75,1.91,1.92,4.67,3.93,1.75,,2. Bundesliga,,20200229_Erzgebirge-Aue_Hamburg,-80.07302518393203,0.86,0.91,47.4,52.6
2020-02-29,Greuther Furth,Stuttgart,2,0,4,8,10,10,9,7,4,3,0,0,4.33,3.8,1.75,1.59,2.32,1.0,1.77,2.08,5.23,4.05,1.66,,2. Bundesliga,,20200229_Greuther-Furth_Stuttgart,-83.31032407278008,0.31,0.05,44.8,55.2
2020-03-01,Bielefeld,Wehen,1,0,6,1,9,6,10,5,1,3,0,0,1.53,4.5,5.5,1.77,2.03,-0.75,1.8,2.05,1.65,3.75,5.89,,2. Bundesliga,,20200301_Bielefeld_Wehen,155.2006249336764,0.39,0.51,57.0,43.0
2020-03-01,Bochum,Sandhausen,4,4,5,8,8,10,1,8,2,3,0,0,2.15,3.4,3.3,2.06,1.75,-0.25,2.02,1.82,2.41,3.19,3.21,,2. Bundesliga,,20200301_Bochum_Sandhausen,11.326231049367152,1.36,2.32,50.4,49.6
2020-03-01,St Pauli,Osnabruck,3,1,5,6,8,17,5,10,2,3,0,0,2.0,3.5,3.6,2.02,1.78,-0.25,1.79,2.06,2.16,3.21,3.76,,2. Bundesliga,,20200301_St-Pauli_Osnabruck,-21.877802984639857,0.84,0.79,45.8,54.2
2020-03-02,Hannover,Holstein Kiel,3,1,7,8,10,10,5,6,1,0,0,0,2.3,3.6,2.8,1.79,2.0,-0.25,1.9,1.94,2.2,3.54,3.3,,2. Bundesliga,,20200302_Hannover_Holstein-Kiel,-39.425328831016486,0.25,0.71,44.5,55.5
2020-03-06,Nurnberg,Hannover,0,3,3,5,5,5,5,5,1,0,0,0,2.37,3.3,3.0,1.87,1.91,0.0,1.84,2.0,2.59,3.31,2.85,,2. Bundesliga,,20200306_Nurnberg_Hannover,19.51640785980294,0.64,1.52,58.3,41.7
2020-03-06,Osnabruck,Wehen,2,6,4,8,10,7,2,3,2,4,0,0,2.0,3.6,3.5,1.94,1.84,-0.25,1.84,2.01,2.17,3.39,3.53,,2. Bundesliga,,20200306_Osnabruck_Wehen,29.731674005912737,1.62,2.13,45.2,54.8
2020-03-07,Darmstadt,Bochum,0,0,3,0,12,10,9,2,1,2,0,0,2.15,3.3,3.4,1.82,1.97,-0.25,1.91,1.92,2.25,3.41,3.32,,2. Bundesliga,,20200307_Darmstadt_Bochum,70.54731065190026,0.55,1.15,63.9,36.1
2020-03-07,Hamburg,Regensburg,2,1,5,5,6,11,4,8,3,4,0,0,1.4,4.5,7.5,1.5,2.52,-1.25,1.92,1.91,1.45,4.7,7.12,,2. Bundesliga,,20200307_Hamburg_Regensburg,45.02534032405515,0.33,1.79,54.4,45.6
2020-03-07,Heidenheim,Karlsruhe,3,1,7,4,8,10,5,6,1,1,0,1,1.95,3.4,3.8,2.05,1.75,-0.5,1.97,1.86,2.02,3.38,4.03,,2. Bundesliga,,20200307_Heidenheim_Karlsruhe,104.85115008005755,1.84,0.73,49.4,50.6
2020-03-08,Dresden,Erzgebirge Aue,2,1,12,4,4,7,5,3,2,4,0,1,2.5,3.1,2.9,2.27,1.61,0.0,1.85,1.98,2.73,3.01,2.93,,2. Bundesliga,,20200308_Dresden_Erzgebirge-Aue,-64.60662419629739,1.04,0.55,50.7,49.3
2020-03-08,Holstein Kiel,Greuther Furth,1,1,5,6,5,4,7,2,2,3,0,0,1.83,3.5,4.33,1.59,2.32,-0.5,1.83,1.99,1.81,3.84,4.36,,2. Bundesliga,,20200308_Holstein-Kiel_Greuther-Furth,7.6384817231958095,0.66,0.89,51.0,49.0
2020-03-08,Sandhausen,St Pauli,2,2,6,4,13,2,5,0,2,2,0,0,2.4,3.25,2.9,1.97,1.82,-0.25,2.07,1.78,2.47,3.25,3.06,,2. Bundesliga,,20200308_Sandhausen_St-Pauli,-14.207327135576179,1.11,1.26,54.6,45.4
2020-03-09,Stuttgart,Bielefeld,1,1,4,5,4,9,2,5,1,2,0,0,1.75,3.8,4.33,1.7,2.14,-0.75,2.03,1.81,1.81,3.91,4.3,,2. Bundesliga,,20200309_Stuttgart_Bielefeld,-63.40931801367674,0.94,0.78,51.7,48.3
2020-05-16,Bochum,Heidenheim,3,0,3,3,7,8,2,6,4,0,0,0,2.6,3.25,2.7,1.84,1.95,0.0,2.0,1.86,2.81,3.41,2.68,,2. Bundesliga,,20200516_Bochum_Heidenheim,-83.1977727149499,0.63,0.9,39.5,60.5
2020-05-16,Erzgebirge Aue,Sandhausen,3,1,7,6,6,9,4,2,1,3,0,1,2.5,3.3,2.75,2.15,1.69,0.0,1.94,1.91,2.87,3.23,2.75,,2. Bundesliga,,20200516_Erzgebirge-Aue_Sandhausen,6.652123667488922,1.12,0.91,49.6,50.4
2020-05-16,Karlsruhe,Darmstadt,2,0,5,0,11,11,7,2,3,1,0,0,2.62,3.3,2.6,2.07,1.74,0.0,1.94,1.9,2.74,3.19,2.92,,2. Bundesliga,,20200516_Karlsruhe_Darmstadt,-104.36263456436109,1.06,0.89,43.0,57.0
2020-05-16,Regensburg,Holstein Kiel,2,2,4,6,3,11,5,3,5,1,0,0,2.7,3.4,2.5,1.66,2.2,0.25,1.76,2.09,2.97,3.62,2.45,,2. Bundesliga,,20200516_Regensburg_Holstein-Kiel,-23.779052607350195,1.29,0.38,48.1,51.9
2020-05-17,Bielefeld,Osnabruck,1,1,3,4,3,6,0,6,3,0,0,0,1.7,3.6,5.0,1.75,2.06,-0.75,1.86,1.97,1.69,3.81,5.29,,2. Bundesliga,,20200517_Bielefeld_Osnabruck,150.26681502669112,0.59,0.78,50.2,49.8
2020-05-17,Greuther Furth,Hamburg,2,2,5,8,9,3,6,4,2,3,0,0,4.33,3.6,1.83,1.7,2.13,0.5,1.91,1.92,3.99,3.64,1.95,,2. Bundesliga,,20200517_Greuther-Furth_Hamburg,-49.26426188901155,2.17,0.41,52.0,48.0
2020-05-17,St Pauli,Nurnberg,1,0,7,5,6,9,7,4,1,0,0,1,2.4,3.25,2.9,1.94,1.85,-0.25,1.97,1.86,2.33,3.29,3.26,,2. Bundesliga,,20200517_St-Pauli_Nurnberg,-20.96284995844121,0.76,0.91,55.8,44.2
2020-05-17,Wehen,Stuttgart,2,1,6,6,6,15,2,6,2,1,0,0,4.75,4.0,1.66,1.6,2.32,1.0,1.82,2.02,5.56,4.11,1.62,,2. Bundesliga,,20200517_Wehen_Stuttgart,-94.8725457891037,1.23,1.42,44.6,55.4
2020-05-22,Heidenheim,Wehen,1,0,8,1,9,6,7,6,1,2,0,0,1.75,3.8,4.33,1.69,2.16,-0.75,2.04,1.8,1.79,3.84,4.51,,2. Bundesliga,,20200522_Heidenheim_Wehen,72.25943375825477,1.38,0.05,49.6,50.4
2020-05-22,Nurnberg,Erzgebirge Aue,1,1,3,2,10,5,10,3,5,3,0,0,1.9,3.6,3.75,1.98,1.82,-0.5,2.02,1.8,2.07,3.44,3.76,,2. Bundesliga,,20200522_Nurnberg_Erzgebirge-Aue,3.043766961974825,1.01,0.64,54.2,45.8
2020-05-23,Darmstadt,St Pauli,4,0,9,4,12,9,5,8,0,2,0,0,2.37,3.3,2.9,2.06,1.76,0.0,1.89,1.96,2.69,3.25,2.78,,2. Bundesliga,,20200523_Darmstadt_St-Pauli,36.74778415026367,0.94,1.04,48.1,51.9
2020-05-23,Osnabruck,Hannover,2,4,4,5,4,7,3,3,3,2,0,0,2.87,3.4,2.35,1.88,1.91,0.25,1.83,1.99,3.08,3.41,2.37,,2. Bundesliga,,20200523_Osnabruck_Hannover,-38.069677017941785,0.05,0.95,54.4,45.6
2020-05-23,Sandhausen,Regensburg,0,0,5,0,8,7,7,7,3,3,0,0,2.25,3.4,3.2,1.68,2.16,-0.25,1.96,1.87,2.29,3.46,3.18,,2. Bundesliga,,20200523_Sandhausen_Regensburg,-28.607283705368445,0.5,1.02,49.6,50.4
2020-05-24,Hamburg,Bielefeld,0,0,7,2,6,6,5,5,1,1,0,0,2.05,3.4,3.5,1.91,1.88,-0.5,1.99,1.83,2.03,3.48,3.96,,2. Bundesliga,,20200524_Hamburg_Bielefeld,-62.17974641564888,1.33,1.19,59.0,41.0
2020-05-24,Holstein Kiel,Stuttgart,3,2,7,9,8,9,4,5,2,3,0,1,3.3,3.6,2.05,1.58,2.34,0.5,1.89,1.94,3.57,4.1,1.97,,2. Bundesliga,,20200524_Holstein-Kiel_Stuttgart,-34.076975688942866,1.54,1.39,44.5,55.5
2020-05-24,Karlsruhe,Bochum,0,0,4,4,6,14,4,7,3,2,0,0,2.37,3.5,2.8,1.9,1.89,0.0,1.82,2.03,2.65,3.21,2.93,,2. Bundesliga,,20200524_Karlsruhe_Bochum,-37.94260498230278,0.18,0.76,45.2,54.8
2020-05-26,Erzgebirge Aue,Darmstadt,1,3,3,13,3,4,3,10,3,2,0,0,2.5,3.3,2.75,2.01,1.79,0.0,1.87,1.98,2.68,3.27,2.78,,2. Bundesliga,,20200526_Erzgebirge-Aue_Darmstadt,-54.90537195102593,0.05,0.37,49.5,50.5
2020-05-26,Greuther Furth,Osnabruck,0,2,7,5,16,5,9,3,2,3,0,0,2.05,3.5,3.4,1.73,2.09,-0.25,1.81,2.03,2.11,3.51,3.57,,2. Bundesliga,,20200526_Greuther-Furth_Osnabruck,43.11573698137522,0.29,0.73,53.8,46.2
2020-05-26,Regensburg,Nurnberg,2,2,3,5,8,12,6,1,2,3,0,0,2.9,3.25,2.4,1.86,1.94,0.25,1.77,2.08,2.92,3.46,2.45,,2. Bundesliga,,20200526_Regensburg_Nurnberg,-5.509859070458333,1.08,1.35,46.3,53.7
2020-05-26,Wehen,Sandhausen,0,1,2,5,7,14,8,3,6,3,1,0,2.8,3.4,2.37,2.02,1.79,0.25,1.75,2.1,3.09,3.18,2.49,,2. Bundesliga,,20200526_Wehen_Sandhausen,9.820664458638475,0.05,0.68,57.1,42.9
2020-05-27,Bochum,Holstein Kiel,2,1,7,4,4,10,4,11,3,1,0,0,2.62,3.5,2.5,1.62,2.28,0.0,1.9,1.94,2.57,3.61,2.75,,2. Bundesliga,,20200527_Bochum_Holstein-Kiel,-26.177330689503606,0.86,0.78,56.8,43.2
2020-05-27,Hannover,Karlsruhe,1,1,4,3,15,10,5,2,2,0,0,0,1.75,3.75,4.5,1.73,2.09,-0.75,1.99,1.85,1.74,3.97,4.68,,2. Bundesliga,,20200527_Hannover_Karlsruhe,60.07007550383196,0.05,0.92,50.4,49.6
2020-05-27,St Pauli,Heidenheim,0,0,0,3,11,6,1,3,3,3,0,0,2.4,3.4,2.8,1.97,1.83,0.0,1.83,2.02,2.53,3.27,2.95,,2. Bundesliga,,20200527_St-Pauli_Heidenheim,-75.1607693809276,1.3,1.54,42.9,57.1
2020-05-28,Stuttgart,Hamburg,3,2,7,4,6,5,5,4,3,2,0,0,2.15,3.5,3.1,1.63,2.25,-0.25,2.06,1.78,2.43,3.54,2.89,,2. Bundesliga,,20200528_Stuttgart_Hamburg,-22.50436233477535,1.19,1.46,57.4,42.6
2020-05-29,Darmstadt,Greuther Furth,1,1,3,2,12,12,7,7,2,2,0,0,2.05,3.4,3.5,1.75,2.05,-0.25,1.77,2.08,2.06,3.64,3.7,,2. Bundesliga,,20200529_Darmstadt_Greuther-Furth,62.658384914831686,1.26,0.79,54.0,46.0
2020-05-29,Osnabruck,Regensburg,2,2,4,3,10,7,3,8,3,2,0,0,2.3,3.4,3.0,1.71,2.12,-0.25,1.94,1.89,2.3,3.43,3.29,,2. Bundesliga,,20200529_Osnabruck_Regensburg,-11.300294864729494,1.82,1.2,51.2,48.8
2020-05-30,Holstein Kiel,Bielefeld,1,2,3,8,8,12,5,8,1,2,0,0,2.8,3.3,2.4,1.84,1.95,0.25,1.83,2.0,3.16,3.47,2.35,,2. Bundesliga,,20200530_Holstein-Kiel_Bielefeld,-101.0671288886906,0.05,0.82,42.5,57.5
2020-05-30,Karlsruhe,St Pauli,1,1,5,3,4,3,4,2,3,1,0,0,2.5,3.25,2.8,1.98,1.81,0.0,1.9,1.93,2.74,3.26,2.79,,2. Bundesliga,,20200530_Karlsruhe_St-Pauli,-25.076103681762334,0.82,1.94,53.4,46.6
2020-05-30,Nurnberg,Bochum,0,0,0,2,12,7,7,5,1,2,0,0,2.15,3.3,3.4,1.88,1.91,-0.5,2.01,1.83,1.99,3.57,4.0,,2. Bundesliga,,20200530_Nurnberg_Bochum,-17.703588979987217,0.91,0.77,47.6,52.4
2020-05-30,Sandhausen,Hannover,3,1,6,3,9,13,10,5,3,2,0,0,2.8,3.2,2.5,1.95,1.84,0.0,1.95,1.89,2.83,3.25,2.71,,2. Bundesliga,,20200530_Sandhausen_Hannover,-47.10101203647173,1.66,0.48,46.9,53.1
2020-05-31,Dresden,Stuttgart,0,2,2,8,8,7,3,1,2,2,0,0,8.0,4.75,1.36,1.57,2.37,0.75,2.1,1.76,5.31,4.35,1.63,,2. Bundesliga,,20200531_Dresden_Stuttgart,-102.1983430095022,1.03,1.04,50.7,49.3
2020-05-31,Hamburg,Wehen,3,2,7,6,6,7,6,10,2,2,0,0,1.4,4.75,7.0,1.53,2.46,-1.25,1.83,2.01,1.4,5.0,8.12,,2. Bundesliga,,20200531_Hamburg_Wehen,82.91083551300676,1.58,0.88,50.6,49.4
2020-05-31,Heidenheim,Erzgebirge Aue,3,0,8,5,8,8,4,4,1,3,0,0,1.9,3.5,4.0,2.08,1.73,-0.5,1.87,1.95,1.89,3.45,4.66,,2. Bundesliga,,20200531_Heidenheim_Erzgebirge-Aue,79.41043723449093,1.18,0.96,52.5,47.5
2020-06-03,Hannover,Dresden,3,0,6,1,6,6,5,2,0,2,0,0,1.7,4.0,4.5,1.76,2.05,-0.75,1.79,2.05,1.63,4.07,5.7,,2. Bundesliga,,20200603_Hannover_Dresden,73.14972544175339,1.69,0.62,49.9,50.1
2020-06-05,Bochum,St Pauli,2,0,7,1,9,4,6,6,3,3,0,0,2.3,3.3,3.1,1.79,2.01,-0.25,1.92,1.91,2.27,3.29,3.49,,2. Bundesliga,,20200605_Bochum_St-Pauli,21.357662829278297,1.9,0.7,59.9,40.1
2020-06-05,Greuther Furth,Sandhausen,1,2,3,3,10,7,4,3,2,2,0,0,2.5,3.3,2.75,1.87,1.92,0.0,1.87,1.98,2.66,3.34,2.82,,2. Bundesliga,,20200605_Greuther-Furth_Sandhausen,7.863173240344622,1.25,1.77,52.8,47.2
2020-06-06,Bielefeld,Nurnberg,1,1,4,8,10,4,5,5,2,2,0,0,1.85,3.6,4.1,2.04,1.77,-0.25,1.82,2.02,2.15,3.44,3.63,,2. Bundesliga,,20200606_Bielefeld_Nurnberg,127.13676920670878,1.5,0.88,55.3,44.7
2020-06-06,Regensburg,Darmstadt,3,0,3,4,4,18,3,6,5,1,1,0,2.62,3.4,2.55,1.67,2.18,-0.25,2.08,1.77,2.45,3.52,2.95,,2. Bundesliga,,20200606_Regensburg_Darmstadt,-65.75987076529236,1.2,1.34,43.3,56.7
2020-06-06,Wehen,Dresden,2,3,4,5,15,5,9,1,2,3,0,1,2.15,3.2,3.1,1.95,1.84,-0.5,2.0,1.84,2.02,3.61,3.85,,2. Bundesliga,,20200606_Wehen_Dresden,25.12875831616111,1.79,1.15,49.7,50.3
2020-06-07,Erzgebirge Aue,Karlsruhe,1,0,3,2,7,12,4,2,1,2,0,0,2.25,3.25,3.2,2.09,1.73,0.0,1.83,2.02,2.63,3.26,2.9,,2. Bundesliga,,20200607_Erzgebirge-Aue_Karlsruhe,5.545376520196442,0.84,1.19,47.8,52.2
2020-06-07,Hannover,Heidenheim,2,1,6,2,10,7,5,5,4,2,0,0,2.15,3.4,3.4,1.8,2.0,-0.25,1.93,1.9,2.26,3.49,3.31,,2. Bundesliga,,20200607_Hannover_Heidenheim,-52.57379747388427,0.91,0.83,48.6,51.4
2020-06-07,Stuttgart,Osnabruck,0,0,4,1,12,6,6,2,3,3,0,0,1.44,4.33,7.0,1.55,2.42,-1.25,2.03,1.81,1.47,4.65,7.2,,2. Bundesliga,,20200607_Stuttgart_Osnabruck,76.09323502357597,1.0,0.05,54.2,45.8
2020-06-08,Hamburg,Holstein Kiel,3,3,5,7,3,8,4,6,5,1,0,0,1.57,4.0,5.75,1.49,2.57,-1.0,1.98,1.85,1.61,4.46,5.33,,2. Bundesliga,,20200608_Hamburg_Holstein-Kiel,48.15515544397272,2.06,1.78,51.2,48.8
2020-06-09,Dresden,Greuther Furth,1,1,1,3,6,7,2,5,4,1,0,0,2.9,3.5,2.3,1.76,2.05,0.25,1.78,2.07,2.93,3.52,2.47,,2. Bundesliga,,20200609_Dresden_Greuther-Furth,-45.517957268451255,1.19,1.01,47.7,52.3
2020-06-12,Dresden,Hamburg,0,1,3,5,4,15,4,8,2,1,0,0,6.0,4.2,1.5,1.59,2.32,1.0,2.05,1.8,6.48,4.59,1.51,,2. Bundesliga,,20200612_Dresden_Hamburg,-110.33635490055894,1.56,0.83,46.7,53.3
2020-06-12,Sandhausen,Bielefeld,0,0,3,0,18,9,9,0,0,0,0,0,3.0,3.4,2.3,1.99,1.81,0.25,1.78,2.07,3.06,3.36,2.46,,2. Bundesliga,,20200612_Sandhausen_Bielefeld,-117.27021984559133,0.88,0.58,48.4,51.6
2020-06-13,Heidenheim,Regensburg,4,1,7,4,8,10,4,4,3,2,0,0,1.83,3.6,4.2,1.71,2.12,-0.5,1.94,1.89,1.96,3.69,3.98,,2. Bundesliga,,20200613_Heidenheim_Regensburg,53.4248032918822,1.63,1.09,47.2,52.8
2020-06-13,Holstein Kiel,Wehen,1,2,6,3,7,9,9,1,2,2,0,1,1.8,3.75,4.33,1.49,2.57,-0.5,1.92,1.91,1.96,3.92,3.75,,2. Bundesliga,,20200613_Holstein-Kiel_Wehen,67.65375694718205,0.05,0.38,59.7,40.3
2020-06-13,Nurnberg,Greuther Furth,0,1,5,1,11,11,12,2,3,3,0,0,1.95,3.4,3.9,1.9,1.89,-0.5,1.93,1.9,1.94,3.65,4.11,,2. Bundesliga,,20200613_Nurnberg_Greuther-Furth,16.786772962430177,0.9,0.61,45.7,54.3
2020-06-13,Osnabruck,Bochum,0,2,3,6,8,10,6,7,1,3,0,0,2.4,3.4,2.8,1.97,1.82,0.0,1.83,2.03,2.65,3.23,2.91,,2. Bundesliga,,20200613_Osnabruck_Bochum,-41.808398751330515,1.07,0.68,44.0,56.0
2020-06-14,Darmstadt,Hannover,3,2,4,7,7,7,7,4,3,0,0,0,2.55,3.4,2.62,1.6,2.32,0.25,1.93,1.91,3.31,3.71,2.18,,2. Bundesliga,,20200614_Darmstadt_Hannover,8.815609630470362,1.69,1.31,49.9,50.1
2020-06-14,Karlsruhe,Stuttgart,2,1,3,6,9,8,8,7,2,3,0,0,4.5,4.2,1.66,1.79,2.01,0.75,1.94,1.89,5.04,3.84,1.74,,2. Bundesliga,,20200614_Karlsruhe_Stuttgart,-96.88728185004175,0.9,0.44,49.1,50.9
2020-06-14,St Pauli,Erzgebirge Aue,2,1,4,4,4,14,4,4,2,2,0,0,1.9,3.4,4.0,1.9,1.89,-0.5,1.85,1.99,1.85,3.73,4.43,,2. Bundesliga,,20200614_St-Pauli_Erzgebirge-Aue,-5.270213156380578,1.71,1.1,51.3,48.7
2020-06-15,Bielefeld,Dresden,4,0,4,2,9,6,7,5,1,4,0,0,1.4,4.0,7.5,1.79,2.01,-1.0,1.9,1.93,1.53,4.13,6.79,,2. Bundesliga,,20200615_Bielefeld_Dresden,182.31388856752937,1.1,0.32,58.3,41.7
2020-06-16,Greuther Furth,Heidenheim,0,0,1,3,9,8,4,2,0,0,0,0,3.3,3.4,2.15,1.75,2.05,0.25,2.02,1.84,3.47,3.6,2.15,,2. Bundesliga,,20200616_Greuther-Furth_Heidenheim,-71.7104539045929,0.64,1.02,53.1,46.9
2020-06-16,Hamburg,Osnabruck,1,1,2,3,4,5,5,1,1,3,0,0,1.4,4.5,8.0,1.61,2.28,-1.0,1.76,2.11,1.48,4.46,7.3,,2. Bundesliga,,20200616_Hamburg_Osnabruck,88.30173262683957,0.44,1.13,50.8,49.2
2020-06-16,Wehen,Nurnberg,0,6,4,9,6,12,4,7,2,1,0,0,3.2,3.4,2.2,1.83,1.96,0.25,1.86,2.0,3.22,3.42,2.34,,2. Bundesliga,,20200616_Wehen_Nurnberg,-34.45865375466883,0.7,2.94,47.0,53.0
2020-06-17,Erzgebirge Aue,Bochum,1,2,7,2,9,7,5,4,5,3,1,1,2.7,3.4,2.5,1.9,1.9,0.0,2.11,1.77,3.11,3.27,2.48,,2. Bundesliga,,20200617_Erzgebirge-Aue_Bochum,-61.35890174093561,1.12,0.81,47.7,52.3
2020-06-17,Hannover,St Pauli,4,0,6,0,6,5,4,2,1,1,0,0,1.95,3.4,3.8,1.73,2.09,-0.5,1.91,1.94,1.93,3.76,4.02,,2. Bundesliga,,20200617_Hannover_St-Pauli,28.83095830280672,1.22,1.21,50.2,49.8
2020-06-17,Regensburg,Karlsruhe,2,1,6,6,3,8,5,7,3,3,0,0,2.5,3.5,2.62,1.83,1.96,0.0,1.93,1.92,2.76,3.28,2.76,,2. Bundesliga,,20200617_Regensburg_Karlsruhe,22.714062771820636,0.48,1.46,49.0,51.0
2020-06-17,Stuttgart,Sandhausen,5,1,11,5,7,11,9,4,4,1,0,0,1.5,4.33,6.0,1.67,2.19,-0.75,1.92,1.94,1.73,3.98,4.9,,2. Bundesliga,,20200617_Stuttgart_Sandhausen,32.029014073392545,2.15,2.02,45.4,54.6
2020-06-18,Bielefeld,Darmstadt,1,0,6,6,7,9,10,7,2,1,0,0,1.7,3.6,5.0,1.85,1.94,-0.25,2.06,1.8,2.46,3.35,3.08,,2. Bundesliga,,20200618_Bielefeld_Darmstadt,68.17163687794573,1.71,0.2,58.2,41.8
2020-06-18,Holstein Kiel,Dresden,2,0,8,2,13,6,6,2,1,4,0,1,1.72,4.0,4.33,1.52,2.48,-0.75,1.93,1.92,1.75,4.27,4.36,,2. Bundesliga,,20200618_Holstein-Kiel_Dresden,65.71496522554526,0.85,0.47,53.8,46.2
2020-06-21,Bochum,Greuther Furth,2,2,7,2,1,8,3,5,1,2,0,0,2.05,3.5,3.6,1.67,2.17,-0.25,1.92,1.94,2.23,3.58,3.29,,2. Bundesliga,,20200621_Bochum_Greuther-Furth,45.77051517489076,1.09,1.67,49.1,50.9
2020-06-21,Darmstadt,Wehen,3,1,7,4,9,6,6,5,2,4,0,0,2.1,3.9,3.0,1.52,2.49,0.0,1.78,2.08,2.43,3.83,2.8,,2. Bundesliga,,20200621_Darmstadt_Wehen,101.05197536963783,1.81,0.94,53.0,47.0
2020-06-21,Erzgebirge Aue,Hannover,2,1,3,7,6,9,0,7,1,3,0,0,3.25,3.75,2.05,1.58,2.35,0.75,1.8,2.07,4.32,4.07,1.8,,2. Bundesliga,,20200621_Erzgebirge-Aue_Hannover,-68.83376399910162,1.14,0.48,55.2,44.8
2020-06-21,Heidenheim,Hamburg,2,1,5,4,10,9,3,8,2,3,0,0,3.2,3.5,2.15,1.7,2.14,0.25,1.84,2.02,3.1,3.67,2.31,,2. Bundesliga,,20200621_Heidenheim_Hamburg,8.57634408626609,1.68,1.05,50.6,49.4
2020-06-21,Karlsruhe,Bielefeld,3,3,5,4,6,6,5,4,2,1,0,0,2.15,3.4,3.3,1.82,1.97,-0.25,1.93,1.92,2.25,3.56,3.28,,2. Bundesliga,,20200621_Karlsruhe_Bielefeld,-170.9130753564259,1.68,1.55,43.1,56.9
2020-06-21,Nurnberg,Stuttgart,0,6,0,9,5,6,1,7,2,1,0,0,3.3,3.5,2.1,1.74,2.07,0.25,2.02,1.84,3.46,3.59,2.16,,2. Bundesliga,,20200621_Nurnberg_Stuttgart,-50.05109666053977,0.48,1.77,49.4,50.6
2020-06-21,Osnabruck,Holstein Kiel,4,1,9,1,12,7,4,3,0,2,0,1,2.15,3.5,3.2,1.61,2.29,-0.5,1.99,1.86,2.02,3.75,3.71,,2. Bundesliga,,20200621_Osnabruck_Holstein-Kiel,-27.603178111350417,1.61,0.61,51.6,48.4
2020-06-21,Sandhausen,Dresden,0,1,5,4,6,13,5,6,6,3,1,1,1.72,3.75,4.5,1.67,2.18,-0.75,1.9,1.95,1.72,4.14,4.73,,2. Bundesliga,,20200621_Sandhausen_Dresden,77.93405323164666,1.46,1.18,50.1,49.9
2020-06-21,St Pauli,Regensburg,1,1,6,2,7,4,4,5,3,0,0,0,2.1,3.5,3.25,1.57,2.37,-0.25,1.85,2.0,2.13,3.69,3.44,,2. Bundesliga,,20200621_St-Pauli_Regensburg,-24.125248874117233,0.21,1.16,45.0,55.0
2020-06-28,Bielefeld,Heidenheim,3,0,9,1,5,5,4,4,0,1,0,0,3.2,3.4,2.2,1.57,2.35,0.25,1.94,1.9,3.22,3.67,2.23,,2. Bundesliga,,20200628_Bielefeld_Heidenheim,48.48867769858816,0.65,0.4,52.8,47.2
2020-06-28,Dresden,Osnabruck,2,2,5,7,16,8,9,4,3,2,0,0,2.87,3.4,2.37,1.5,2.53,0.25,1.83,2.02,2.96,3.7,2.37,,2. Bundesliga,,20200628_Dresden_Osnabruck,-55.92961503897027,1.45,0.48,52.6,47.4
2020-06-28,Greuther Furth,Karlsruhe,1,2,4,6,5,8,6,3,3,2,0,0,3.6,3.5,1.95,1.59,2.32,0.25,1.96,1.89,3.24,3.84,2.16,,2. Bundesliga,,20200628_Greuther-Furth_Karlsruhe,34.52841865085952,0.94,1.82,52.8,47.2
2020-06-28,Hamburg,Sandhausen,1,5,2,2,5,6,6,3,0,2,0,0,1.33,5.25,8.0,1.48,2.58,-1.5,1.93,1.92,1.31,5.94,9.68,,2. Bundesliga,,20200628_Hamburg_Sandhausen,64.96541314009187,0.6,2.03,48.7,51.3
2020-06-28,Hannover,Bochum,2,0,2,5,9,15,2,6,2,0,0,0,2.05,3.6,3.4,1.37,3.0,-0.5,1.95,1.89,1.96,3.97,3.69,,2. Bundesliga,,20200628_Hannover_Bochum,-25.105171182514596,0.59,0.98,52.3,47.7
2020-06-28,Holstein Kiel,Nurnberg,1,1,5,1,8,12,7,5,0,4,0,0,3.3,3.75,2.0,1.44,2.72,0.75,1.86,1.98,4.35,4.07,1.79,,2. Bundesliga,,20200628_Holstein-Kiel_Nurnberg,0.8549516719492658,0.67,1.38,48.3,51.7
2020-06-28,Regensburg,Erzgebirge Aue,1,2,6,4,13,12,3,4,4,4,0,0,2.0,3.6,3.5,1.42,2.82,-0.25,1.99,1.86,2.3,3.87,2.96,,2. Bundesliga,,20200628_Regensburg_Erzgebirge-Aue,26.936338986317423,1.35,0.47,47.9,52.1
2020-06-28,Stuttgart,Darmstadt,1,3,3,4,8,2,8,1,2,3,0,1,1.57,4.0,5.5,1.35,3.09,-1.0,1.79,2.06,1.53,4.67,5.93,,2. Bundesliga,,20200628_Stuttgart_Darmstadt,6.76340047525855,0.81,1.71,50.3,49.7
2020-06-28,Wehen,St Pauli,5,3,8,5,15,7,5,4,0,1,0,0,2.25,3.5,3.0,1.43,2.76,-0.25,2.06,1.8,2.42,3.8,2.82,,2. Bundesliga,,20200628_Wehen_St-Pauli,-48.119843517205254,1.11,1.29,53.7,46.3
2020-09-18,Hamburg,Fortuna Dusseldorf,2,1,4,4,3,8,7,8,2,3,0,1,2.25,3.6,2.9,1.76,2.05,-0.25,1.95,1.89,2.26,3.65,3.22,,2. Bundesliga,,20200918_Hamburg_Fortuna-Dusseldorf,-40.81807191896246,1.75,0.07,55.0,45.0
2020-09-18,Regensburg,Nurnberg,1,1,6,5,7,3,8,4,2,3,0,0,3.3,3.4,2.15,1.74,2.08,0.25,2.05,1.8,3.64,3.65,2.08,,2. Bundesliga,,20200918_Regensburg_Nurnberg,3.21529716041573,0.6,1.07,42.9,57.1
2020-09-19,Hannover,Karlsruhe,2,0,6,5,7,10,4,7,0,1,0,0,1.61,4.0,5.0,1.81,1.99,-0.75,1.92,1.92,1.75,3.89,4.91,,2. Bundesliga,,20200919_Hannover_Karlsruhe,51.72714911470712,0.38,0.11,52.5,47.5
2020-09-19,Sandhausen,Darmstadt,3,2,6,9,5,8,4,9,5,1,0,0,2.3,3.3,3.1,1.97,1.83,0.0,1.76,2.1,2.53,3.32,3.01,,2. Bundesliga,,20200919_Sandhausen_Darmstadt,-70.00555612117955,0.57,1.55,44.1,55.9
2020-09-19,Wurzburger Kickers,Erzgebirge Aue,0,3,1,6,12,8,5,5,1,0,0,0,2.15,3.4,3.3,1.84,1.95,0.0,1.91,1.92,2.69,3.45,2.73,,2. Bundesliga,,20200919_Wurzburger-Kickers_Erzgebirge-Aue,16.91899664243556,1.61,1.67,57.5,42.5
2020-09-20,Greuther Furth,Osnabruck,1,1,4,5,14,9,6,6,4,3,0,0,2.05,3.5,3.4,1.78,2.02,-0.25,2.02,1.83,2.4,3.61,3.0,,2. Bundesliga,,20200920_Greuther-Furth_Osnabruck,1.4273635404904326,0.81,0.76,52.7,47.3
2020-09-20,Heidenheim,Braunschweig,2,0,3,4,7,10,4,5,1,2,0,0,2.25,3.3,3.2,1.95,1.84,-0.25,1.7,2.19,1.99,3.65,3.95,,2. Bundesliga,,20200920_Heidenheim_Braunschweig,94.76288243239128,1.48,1.04,51.4,48.6
2020-09-20,Holstein Kiel,Paderborn,1,0,4,4,7,7,3,4,3,1,0,0,2.25,3.6,2.9,1.5,2.55,-0.25,1.99,1.85,2.3,3.96,2.94,,2. Bundesliga,,20200920_Holstein-Kiel_Paderborn,-69.22490058125527,2.1,0.86,44.9,55.1
2020-09-21,Bochum,St Pauli,2,2,8,4,8,7,7,0,1,3,0,0,1.83,3.75,4.0,1.81,1.98,-0.75,1.99,1.86,1.79,3.99,4.51,,2. Bundesliga,,20200921_Bochum_St-Pauli,61.55624593860534,1.04,1.12,47.2,52.8
2020-09-25,Erzgebirge Aue,Greuther Furth,1,1,2,2,5,13,5,4,2,1,0,0,2.37,3.4,2.87,1.84,1.94,0.0,1.79,2.06,2.54,3.43,2.92,,2. Bundesliga,,20200925_Erzgebirge-Aue_Greuther-Furth,16.131993327306873,0.22,0.82,46.3,53.7
2020-09-25,Osnabruck,Hannover,2,1,5,3,8,7,5,4,2,5,0,0,3.5,3.4,2.05,1.7,2.13,0.5,1.86,1.98,3.78,3.79,2.0,,2. Bundesliga,,20200925_Osnabruck_Hannover,-55.18060427994487,0.54,1.68,44.7,55.3
2020-09-26,Braunschweig,Holstein Kiel,0,0,2,3,11,12,3,6,0,5,0,0,2.87,3.4,2.37,1.65,2.2,0.25,2.01,1.84,3.49,3.67,2.13,,2. Bundesliga,,20200926_Braunschweig_Holstein-Kiel,-40.27654484988648,0.59,0.69,40.9,59.1
2020-09-26,Darmstadt,Regensburg,0,0,6,3,9,13,8,7,1,3,0,0,2.0,3.5,3.6,1.68,2.16,-0.5,2.01,1.83,1.99,3.77,3.84,,2. Bundesliga,,20200926_Darmstadt_Regensburg,58.56809490248747,1.22,1.02,57.7,42.3
2020-09-26,Fortuna Dusseldorf,Wurzburger Kickers,1,0,4,5,8,10,5,5,6,2,0,0,1.66,4.0,4.75,1.66,2.21,-1.0,1.78,2.07,1.48,4.84,6.76,,2. Bundesliga,,20200926_Fortuna-Dusseldorf_Wurzburger-Kickers,63.525519900968675,1.21,0.29,52.5,47.5
2020-09-27,Karlsruhe,Bochum,0,1,4,2,17,4,5,4,4,4,0,1,2.55,3.25,2.75,1.94,1.84,0.0,2.08,1.78,2.97,3.38,2.45,,2. Bundesliga,,20200927_Karlsruhe_Bochum,-59.22351345721654,0.52,0.76,42.4,57.6
2020-09-27,Nurnberg,Sandhausen,1,0,12,3,14,3,14,10,3,1,0,0,2.15,3.5,3.2,1.9,1.89,-0.25,1.95,1.89,2.35,3.43,3.23,,2. Bundesliga,,20200927_Nurnberg_Sandhausen,-20.32715229942073,1.08,0.76,53.9,46.1
2020-09-27,St Pauli,Heidenheim,4,2,4,6,5,13,2,9,1,1,0,0,2.62,3.4,2.55,1.92,1.87,0.0,1.86,1.98,2.62,3.28,2.94,,2. Bundesliga,,20200927_St-Pauli_Heidenheim,-105.11864724960128,2.43,1.44,39.4,60.6
2020-09-28,Paderborn,Hamburg,3,4,5,9,4,6,7,6,3,2,0,0,2.7,3.4,2.5,1.61,2.28,0.25,2.0,1.85,3.25,3.82,2.18,,2. Bundesliga,,20200928_Paderborn_Hamburg,-0.32419563451844624,1.31,1.84,48.1,51.9
2020-10-02,Bochum,Osnabruck,0,0,3,1,15,11,3,7,3,3,0,1,2.0,3.5,3.6,1.72,2.09,-0.5,2.0,1.84,2.04,3.6,3.84,,2. Bundesliga,,20201002_Bochum_Osnabruck,38.30805501953023,0.77,0.44,56.6,43.4
2020-10-02,Sandhausen,St Pauli,1,0,3,4,7,18,5,11,2,2,0,0,2.0,3.5,3.6,1.65,2.2,-0.25,1.78,2.07,2.06,3.8,3.59,,2. Bundesliga,,20201002_Sandhausen_St-Pauli,10.078099915689108,0.67,1.93,48.3,51.7
2020-10-03,Hannover,Braunschweig,4,1,8,3,15,4,4,4,2,3,0,0,1.7,3.6,5.0,1.61,2.28,-1.25,2.04,1.81,1.47,4.8,6.9,,2. Bundesliga,,20201003_Hannover_Braunschweig,62.28562329446777,1.59,1.2,59.8,40.2
2020-10-03,Heidenheim,Paderborn,0,0,3,3,8,3,4,4,0,1,0,0,2.3,3.6,2.8,1.79,2.02,-0.25,1.94,1.9,2.28,3.52,3.27,,2. Bundesliga,,20201003_Heidenheim_Paderborn,28.057686588077786,0.73,0.33,55.0,45.0
2020-10-03,Regensburg,Karlsruhe,1,0,3,4,6,7,1,3,4,5,1,0,2.3,3.4,3.0,1.83,1.95,0.0,1.98,1.86,2.83,3.37,2.65,,2. Bundesliga,,20201003_Regensburg_Karlsruhe,34.82270113107802,2.0,1.19,47.9,52.1
2020-10-04,Holstein Kiel,Fortuna Dusseldorf,2,1,6,2,3,12,5,4,0,4,0,1,2.4,3.6,2.7,1.69,2.14,-0.25,1.88,1.96,2.15,3.67,3.43,,2. Bundesliga,,20201004_Holstein-Kiel_Fortuna-Dusseldorf,-66.05579768354619,1.19,1.53,44.5,55.5
2020-10-04,Wurzburger Kickers,Greuther Furth,2,2,5,2,10,8,6,5,1,3,0,0,2.75,3.5,2.4,1.6,2.3,0.5,1.81,2.04,3.69,3.76,2.03,,2. Bundesliga,,20201004_Wurzburger-Kickers_Greuther-Furth,-2.5036230565003734,0.65,0.63,48.8,51.2
2020-10-05,Nurnberg,Darmstadt,2,3,4,6,9,11,3,7,2,2,0,0,2.3,3.8,2.75,1.72,2.11,-0.5,2.05,1.8,2.07,3.72,3.61,,2. Bundesliga,,20201005_Nurnberg_Darmstadt,-46.85609398643828,1.43,1.29,56.1,43.9
2020-10-17,Braunschweig,Bochum,2,1,7,4,7,8,6,4,3,2,1,0,3.4,3.4,2.1,1.81,1.99,0.5,1.92,1.92,4.21,3.63,1.93,,2. Bundesliga,,20201017_Braunschweig_Bochum,-81.74679241768285,1.04,0.97,53.2,46.8
2020-10-17,Greuther Furth,Hamburg,0,1,6,4,13,5,6,7,5,1,0,1,3.8,3.6,1.9,1.58,2.33,0.25,1.93,1.92,3.15,3.64,2.29,,2. Bundesliga,,20201017_Greuther-Furth_Hamburg,-68.91584324919313,1.38,1.52,51.2,48.8
2020-10-17,Karlsruhe,Sandhausen,3,0,10,5,10,5,6,6,3,4,0,0,2.4,3.3,2.9,1.94,1.84,0.0,1.8,2.06,2.61,3.18,3.03,,2. Bundesliga,,20201017_Karlsruhe_Sandhausen,-59.90474537873001,1.93,1.46,50.0,50.0
2020-10-18,Erzgebirge Aue,Heidenheim,2,1,7,10,6,15,2,6,1,2,0,0,2.55,3.5,2.6,2.13,1.7,0.0,1.87,1.98,2.78,3.07,2.92,,2. Bundesliga,,20201018_Erzgebirge-Aue_Heidenheim,-56.59984643442499,0.64,0.57,46.4,53.6
2020-10-18,Fortuna Dusseldorf,Regensburg,2,2,3,8,5,12,6,7,1,3,0,0,1.72,3.75,4.5,1.79,2.01,-0.5,1.89,1.95,1.93,3.7,4.16,,2. Bundesliga,,20201018_Fortuna-Dusseldorf_Regensburg,49.66274713983148,0.5,1.31,45.8,54.2
2020-10-18,Paderborn,Hannover,1,0,4,3,11,12,3,2,2,0,0,0,3.1,3.5,2.2,1.55,2.41,0.5,1.84,2.01,3.57,3.86,2.04,,2. Bundesliga,,20201018_Paderborn_Hannover,-3.7819899718103898,1.33,0.64,54.0,46.0
2020-10-18,Wurzburger Kickers,Holstein Kiel,0,2,2,1,9,5,4,1,4,4,0,0,3.6,3.8,1.9,1.49,2.56,0.75,1.82,2.03,4.08,4.27,1.82,,2. Bundesliga,,20201018_Wurzburger-Kickers_Holstein-Kiel,-31.297707797257544,0.25,0.45,55.4,44.6
2020-10-19,St Pauli,Nurnberg,2,2,9,4,11,6,7,1,3,6,0,0,2.6,3.4,2.62,1.71,2.11,0.0,2.07,1.8,3.0,3.36,2.52,,2. Bundesliga,,20201019_St-Pauli_Nurnberg,-16.41412148524887,1.07,1.8,48.3,51.7
2020-10-21,Hamburg,Erzgebirge Aue,3,0,6,2,3,0,7,1,0,1,0,0,1.5,4.2,6.5,1.68,2.16,-1.0,2.04,1.81,1.62,4.05,5.97,,2. Bundesliga,,20201021_Hamburg_Erzgebirge-Aue,49.523625000087804,1.78,0.25,49.4,50.6
2020-10-23,Nurnberg,Karlsruhe,1,1,3,2,10,6,5,5,1,5,0,1,2.37,3.4,2.9,1.91,1.88,0.0,1.86,1.99,2.64,3.31,2.88,,2. Bundesliga,,20201023_Nurnberg_Karlsruhe,28.321465613852297,1.18,1.11,49.7,50.3
2020-10-23,Regensburg,Braunschweig,3,0,7,4,16,9,8,6,1,2,0,1,1.8,3.75,4.2,1.71,2.12,-0.75,2.06,1.8,1.83,3.96,4.33,,2. Bundesliga,,20201023_Regensburg_Braunschweig,36.448124402935264,1.98,0.61,45.2,54.8
2020-10-24,Darmstadt,St Pauli,2,2,5,7,11,5,5,2,2,4,0,0,2.0,3.5,3.6,1.64,2.23,-0.5,1.98,1.86,2.04,3.81,3.62,,2. Bundesliga,,20201024_Darmstadt_St-Pauli,83.48649018138144,1.39,1.09,56.7,43.3
2020-10-24,Hamburg,Wurzburger Kickers,3,1,3,1,19,7,9,3,1,3,0,0,1.36,4.75,8.5,1.48,2.6,-1.5,1.96,1.89,1.36,5.42,8.65,,2. Bundesliga,,20201024_Hamburg_Wurzburger-Kickers,102.11992549942465,1.44,0.93,54.1,45.9
2020-10-24,Hannover,Fortuna Dusseldorf,3,0,5,0,7,0,5,0,2,2,0,1,1.9,3.6,3.75,1.72,2.1,-0.5,1.85,1.99,1.88,3.81,4.28,,2. Bundesliga,,20201024_Hannover_Fortuna-Dusseldorf,-27.577954693517086,1.5,0.96,57.9,42.1
2020-10-24,Holstein Kiel,Greuther Furth,1,3,3,8,7,14,4,7,4,1,1,0,2.0,3.5,3.6,1.65,2.2,-0.5,1.93,1.91,2.0,3.63,3.95,,2. Bundesliga,,20201024_Holstein-Kiel_Greuther-Furth,49.53942062333408,0.85,1.39,51.7,48.3
2020-10-25,Bochum,Erzgebirge Aue,2,0,7,2,11,3,12,0,2,2,0,1,1.9,3.6,3.8,1.81,1.97,-0.5,1.98,1.86,2.0,3.61,3.96,,2. Bundesliga,,20201025_Bochum_Erzgebirge-Aue,15.56707058183406,1.64,0.81,45.3,54.7
2020-10-25,Heidenheim,Osnabruck,1,1,5,5,10,12,11,7,0,2,0,0,2.1,3.3,3.5,1.81,1.98,-0.5,1.91,1.93,1.92,3.56,4.38,,2. Bundesliga,,20201025_Heidenheim_Osnabruck,44.35826505956197,1.27,0.05,53.2,46.8
2020-10-25,Sandhausen,Paderborn,1,1,3,4,6,11,4,5,4,3,0,0,2.3,3.4,3.0,1.71,2.11,0.0,1.88,1.97,2.64,3.44,2.8,,2. Bundesliga,,20201025_Sandhausen_Paderborn,-51.429625576399076,1.19,1.98,46.2,53.8
2020-10-28,Osnabruck,Darmstadt,1,1,6,5,7,7,2,8,2,2,0,0,3.1,3.4,2.25,1.73,2.09,0.25,1.79,2.07,2.95,3.56,2.45,,2. Bundesliga,,20201028_Osnabruck_Darmstadt,-53.239862505881774,0.05,1.37,46.7,53.3
2020-10-30,Fortuna Dusseldorf,Heidenheim,1,0,3,2,8,8,4,5,2,4,0,0,2.5,3.2,2.9,1.93,1.85,0.0,1.97,1.87,2.83,3.29,2.7,,2. Bundesliga,,20201030_Fortuna-Dusseldorf_Heidenheim,-4.383334352773318,0.43,2.03,47.0,53.0
2020-10-30,Hamburg,St Pauli,2,2,4,3,13,10,11,2,1,1,0,0,1.5,4.2,6.5,1.49,2.57,-1.0,1.93,1.91,1.62,4.45,5.32,,2. Bundesliga,,20201030_Hamburg_St-Pauli,107.09395519269265,1.41,1.87,52.9,47.1
2020-10-31,Braunschweig,Nurnberg,3,2,3,5,9,12,1,6,2,1,0,0,3.2,3.4,2.2,1.79,2.0,0.25,1.99,1.86,3.49,3.52,2.19,,2. Bundesliga,,20201031_Braunschweig_Nurnberg,-30.459101125325333,1.76,1.07,50.0,50.0
2020-10-31,Erzgebirge Aue,Holstein Kiel,1,1,8,1,10,6,6,1,2,3,0,1,3.25,3.4,2.2,1.84,1.95,0.25,2.01,1.84,3.46,3.52,2.2,,2. Bundesliga,,20201031_Erzgebirge-Aue_Holstein-Kiel,-18.91044149231857,1.11,0.05,47.4,52.6
2020-10-31,Osnabruck,Sandhausen,2,1,9,3,9,1,6,4,1,3,0,0,2.37,3.6,2.75,1.86,1.93,0.0,1.81,2.04,2.59,3.35,2.92,,2. Bundesliga,,20201031_Osnabruck_Sandhausen,8.711630752541396,1.06,0.62,47.8,52.2
2020-10-31,Paderborn,Regensburg,3,1,3,3,6,4,8,1,1,2,0,0,2.0,3.6,3.5,1.61,2.29,-0.25,1.99,1.86,2.31,3.71,3.08,,2. Bundesliga,,20201031_Paderborn_Regensburg,26.647457804291662,0.8,1.64,47.2,52.8
2020-11-01,Greuther Furth,Hannover,4,1,12,1,7,4,2,5,0,1,0,0,3.1,3.5,2.2,1.73,2.09,0.25,1.8,2.06,3.02,3.56,2.41,,2. Bundesliga,,20201101_Greuther-Furth_Hannover,-46.13383821831553,1.54,0.93,47.4,52.6
2020-11-01,Karlsruhe,Darmstadt,3,4,7,7,7,8,7,5,3,1,1,0,2.55,3.3,2.75,1.83,1.96,0.0,1.74,2.14,2.44,3.32,3.15,,2. Bundesliga,,20201101_Karlsruhe_Darmstadt,-90.89695551931254,1.59,0.88,49.7,50.3
2020-11-01,Wurzburger Kickers,Bochum,2,3,5,4,7,5,3,8,2,6,0,0,3.8,3.6,1.85,1.75,2.06,0.5,1.79,2.06,3.49,3.65,2.14,,2. Bundesliga,,20201101_Wurzburger-Kickers_Bochum,-67.59513384589013,1.52,1.61,44.8,55.2
2020-11-06,Heidenheim,Wurzburger Kickers,4,1,9,3,8,10,7,0,1,3,0,0,1.65,3.8,5.25,1.71,2.12,-0.75,1.87,1.97,1.72,3.9,5.18,,2. Bundesliga,,20201106_Heidenheim_Wurzburger-Kickers,75.60983588619774,1.52,1.28,59.1,40.9
2020-11-06,Sandhausen,Braunschweig,2,2,10,4,4,5,5,7,2,2,0,0,2.0,3.4,3.8,1.87,1.91,-0.5,1.99,1.85,2.02,3.57,3.92,,2. Bundesliga,,20201106_Sandhausen_Braunschweig,11.935807874434431,1.45,1.85,45.0,55.0
2020-11-07,Bochum,Greuther Furth,0,2,1,6,10,7,5,4,1,3,0,0,2.4,3.4,2.8,1.65,2.2,0.0,1.92,1.92,2.77,3.34,2.72,,2. Bundesliga,,20201107_Bochum_Greuther-Furth,37.83263263132767,0.05,1.27,57.1,42.9
2020-11-07,Hannover,Erzgebirge Aue,0,0,8,3,7,7,3,3,3,4,0,1,1.55,4.0,6.0,1.64,2.22,-1.0,2.05,1.79,1.63,4.12,5.75,,2. Bundesliga,,20201107_Hannover_Erzgebirge-Aue,28.667310609718697,1.33,1.15,48.2,51.8
2020-11-07,Nurnberg,Fortuna Dusseldorf,1,1,2,2,7,6,8,6,2,2,0,0,2.45,3.3,2.8,1.87,1.91,0.0,1.86,1.98,2.68,3.32,2.83,,2. Bundesliga,,20201107_Nurnberg_Fortuna-Dusseldorf,-75.24029560020358,1.79,0.5,45.3,54.7
2020-11-08,Darmstadt,Paderborn,0,4,2,13,2,12,1,8,5,3,1,0,2.2,3.4,3.1,1.5,2.53,-0.25,1.95,1.89,2.25,3.7,3.19,,2. Bundesliga,,20201108_Darmstadt_Paderborn,8.248436786790762,1.06,2.14,45.8,54.2
2020-11-08,Regensburg,Osnabruck,2,4,6,7,8,4,6,2,2,2,0,0,2.2,3.25,3.4,1.88,1.91,0.0,1.87,1.98,2.7,3.32,2.81,,2. Bundesliga,,20201108_Regensburg_Osnabruck,-10.236976738453677,1.51,1.03,41.3,58.7
2020-11-08,St Pauli,Karlsruhe,0,3,3,3,14,11,10,5,1,1,0,0,,,,1.69,2.15,0.0,1.78,2.07,2.48,3.58,2.89,,2. Bundesliga,,20201108_St-Pauli_Karlsruhe,27.40988028291281,0.31,1.44,48.9,51.1
2020-11-09,Holstein Kiel,Hamburg,1,1,5,3,3,5,3,7,1,0,0,0,2.9,3.5,2.25,1.54,2.42,0.5,1.93,1.91,3.94,3.8,1.95,,2. Bundesliga,,20201109_Holstein-Kiel_Hamburg,-68.31543383079475,0.53,0.41,55.8,44.2
2020-11-21,Braunschweig,Karlsruhe,1,3,4,3,6,8,6,4,2,5,0,0,3.3,3.3,2.2,1.79,2.0,0.25,2.0,1.84,3.52,3.51,2.18,,2. Bundesliga,,20201121_Braunschweig_Karlsruhe,5.357233991583371,0.26,1.31,54.4,45.6
2020-11-21,Fortuna Dusseldorf,Sandhausen,1,0,7,1,2,2,4,3,5,4,0,0,2.05,3.6,3.4,1.93,1.85,-0.25,1.84,2.0,2.22,3.43,3.5,,2. Bundesliga,,20201121_Fortuna-Dusseldorf_Sandhausen,65.51817755083948,0.71,0.32,60.5,39.5
2020-11-21,Holstein Kiel,Heidenheim,2,2,4,4,9,6,5,4,3,1,1,0,2.25,3.4,3.1,1.88,1.91,-0.25,1.95,1.88,2.3,3.46,3.29,,2. Bundesliga,,20201121_Holstein-Kiel_Heidenheim,-25.654252585171207,0.51,1.48,48.7,51.3
2020-11-21,Paderborn,St Pauli,2,0,8,2,17,12,3,7,1,2,0,0,1.85,3.8,3.8,1.48,2.58,-0.75,2.02,1.82,1.81,4.2,4.17,,2. Bundesliga,,20201121_Paderborn_St-Pauli,98.32872145742272,1.21,1.91,54.3,45.7
2020-11-22,Erzgebirge Aue,Darmstadt,3,0,9,2,8,7,5,8,1,2,0,0,2.75,3.3,2.5,1.75,2.05,0.0,2.05,1.79,2.9,3.5,2.52,,2. Bundesliga,,20201122_Erzgebirge-Aue_Darmstadt,-54.073836025383116,1.74,0.05,47.8,52.2
2020-11-22,Greuther Furth,Regensburg,3,1,10,4,10,17,5,7,1,3,0,0,1.95,3.6,3.6,1.55,2.42,-0.75,1.8,2.06,1.65,4.34,5.11,,2. Bundesliga,,20201122_Greuther-Furth_Regensburg,24.361956908227967,1.51,1.32,51.8,48.2
2020-11-22,Hamburg,Bochum,1,3,3,9,8,6,4,8,1,2,0,0,1.53,4.0,6.0,1.68,2.16,-0.75,1.86,1.98,1.7,4.0,5.22,,2. Bundesliga,,20201122_Hamburg_Bochum,49.358523890465904,1.27,0.26,50.0,50.0
2020-11-22,Wurzburger Kickers,Hannover,2,1,6,3,5,3,1,1,4,1,0,0,4.2,4.0,1.72,1.58,2.34,0.75,1.95,1.89,4.58,4.15,1.75,,2. Bundesliga,,20201122_Wurzburger-Kickers_Hannover,-76.5579490835853,1.2,0.42,48.7,51.3
2020-11-23,Osnabruck,Nurnberg,1,4,4,6,9,4,1,2,2,2,0,0,2.3,3.4,3.0,1.93,1.85,0.0,1.94,1.89,2.76,3.33,2.74,,2. Bundesliga,,20201123_Osnabruck_Nurnberg,48.773050323626876,1.52,1.97,56.6,43.4
2020-11-27,Darmstadt,Braunschweig,4,0,7,1,5,9,5,3,0,4,0,0,1.9,3.6,3.8,1.6,2.3,-0.5,1.88,1.96,1.92,3.85,4.04,,2. Bundesliga,,20201127_Darmstadt_Braunschweig,76.50294940563117,1.27,0.6,54.4,45.6
2020-11-27,St Pauli,Osnabruck,0,1,4,4,15,6,7,3,1,4,0,0,2.37,3.3,3.0,1.7,2.12,-0.25,2.08,1.78,2.45,3.53,2.97,,2. Bundesliga,,20201127_St-Pauli_Osnabruck,-54.13519603310078,1.23,1.23,54.7,45.3
2020-11-28,Karlsruhe,Paderborn,1,0,6,3,10,10,8,6,3,2,0,0,2.75,3.3,2.5,1.68,2.16,0.0,2.03,1.81,2.84,3.51,2.56,,2. Bundesliga,,20201128_Karlsruhe_Paderborn,-96.35580057085758,1.21,1.24,49.7,50.3
2020-11-28,Regensburg,Wurzburger Kickers,2,1,7,3,7,5,8,6,6,2,0,1,1.9,3.6,3.8,1.62,2.26,-0.5,1.97,1.87,1.97,3.81,3.86,,2. Bundesliga,,20201128_Regensburg_Wurzburger-Kickers,21.75763312522463,0.39,0.81,48.9,51.1
2020-11-28,Sandhausen,Erzgebirge Aue,1,4,3,7,11,9,9,4,2,2,0,1,2.2,3.3,3.3,1.89,1.89,-0.25,2.0,1.84,2.36,3.33,3.3,,2. Bundesliga,,20201128_Sandhausen_Erzgebirge-Aue,-36.60140800462955,1.73,2.1,52.4,47.6
2020-11-29,Hannover,Holstein Kiel,0,3,3,3,13,4,8,1,3,1,1,0,2.05,3.5,3.5,1.72,2.11,-0.25,2.07,1.78,2.46,3.39,3.07,,2. Bundesliga,,20201129_Hannover_Holstein-Kiel,-7.7423076025518185,0.96,0.98,49.4,50.6
2020-11-29,Heidenheim,Hamburg,3,2,5,2,9,5,8,5,1,3,0,0,3.4,3.6,2.05,1.86,1.93,0.25,2.0,1.84,3.6,3.43,2.18,,2. Bundesliga,,20201129_Heidenheim_Hamburg,-25.19306277901501,0.99,0.99,45.9,54.1
2020-11-29,Nurnberg,Greuther Furth,2,3,6,6,12,4,5,0,0,0,0,0,2.87,3.4,2.4,1.65,2.22,0.25,1.76,2.1,2.93,3.53,2.48,,2. Bundesliga,,20201129_Nurnberg_Greuther-Furth,-37.091333002691044,1.13,1.82,52.6,47.4
2020-11-30,Bochum,Fortuna Dusseldorf,5,0,9,0,7,7,6,3,2,2,0,1,2.2,3.3,3.3,1.94,1.85,-0.25,1.93,1.91,2.28,3.48,3.31,,2. Bundesliga,,20201130_Bochum_Fortuna-Dusseldorf,-15.358259014878513,2.64,0.13,40.3,59.7
2020-12-04,Fortuna Dusseldorf,Darmstadt,3,2,4,5,9,4,1,5,1,2,0,0,2.37,3.4,2.9,2.02,1.78,0.0,1.76,2.09,2.51,3.3,3.07,,2. Bundesliga,,20201204_Fortuna-Dusseldorf_Darmstadt,0.14572757654082125,1.25,0.12,46.0,54.0
2020-12-04,Holstein Kiel,Bochum,3,1,6,7,6,10,4,5,0,1,0,0,2.37,3.4,2.87,1.71,2.13,0.0,1.92,1.91,2.76,3.41,2.69,,2. Bundesliga,,20201204_Holstein-Kiel_Bochum,-27.904159769365833,1.67,1.64,41.4,58.6
2020-12-05,Braunschweig,St Pauli,2,1,3,4,10,6,4,7,3,1,0,0,2.9,3.4,2.3,1.73,2.08,0.25,1.82,2.03,3.09,3.49,2.4,,2. Bundesliga,,20201205_Braunschweig_St-Pauli,1.0891792299985354,2.65,0.05,56.4,43.6
2020-12-05,Greuther Furth,Heidenheim,0,1,3,3,6,3,3,5,1,2,0,0,2.0,3.5,3.6,1.64,2.22,-0.5,2.02,1.81,2.07,3.57,3.78,,2. Bundesliga,,20201205_Greuther-Furth_Heidenheim,-12.68649860665164,1.43,0.48,56.5,43.5
2020-12-05,Hamburg,Hannover,0,1,5,3,7,8,3,4,2,1,1,0,1.83,3.6,4.2,1.73,2.08,-0.5,1.86,1.97,1.85,3.98,4.23,,2. Bundesliga,,20201205_Hamburg_Hannover,55.684722330397335,1.31,0.47,47.9,52.1
2020-12-05,Osnabruck,Karlsruhe,1,2,5,5,6,12,9,3,0,3,0,0,2.8,3.3,2.45,1.97,1.81,0.25,1.85,2.0,3.27,3.35,2.36,,2. Bundesliga,,20201205_Osnabruck_Karlsruhe,29.678853097087995,1.12,1.02,55.9,44.1
2020-12-06,Erzgebirge Aue,Regensburg,0,2,3,6,10,6,2,6,3,2,0,0,2.25,3.4,3.1,1.74,2.07,0.0,1.8,2.04,2.56,3.4,2.92,,2. Bundesliga,,20201206_Erzgebirge-Aue_Regensburg,26.85025289351188,0.09,1.09,51.6,48.4
2020-12-06,Paderborn,Nurnberg,0,2,2,3,11,4,5,3,4,3,0,0,1.9,3.6,3.75,1.54,2.41,-0.25,1.98,1.86,2.29,3.61,3.19,,2. Bundesliga,,20201206_Paderborn_Nurnberg,78.48134429772085,0.76,1.36,51.3,48.7
2020-12-06,Wurzburger Kickers,Sandhausen,2,3,3,5,3,9,6,3,1,5,1,0,2.6,3.3,2.6,1.73,2.09,0.25,1.88,1.96,3.31,3.47,2.28,,2. Bundesliga,,20201206_Wurzburger-Kickers_Sandhausen,-13.024499435949565,0.45,1.84,52.1,47.9
2020-12-11,Bochum,Paderborn,3,0,9,4,8,7,6,5,2,1,0,0,2.15,3.5,3.2,1.59,2.33,-0.25,1.9,1.93,2.26,3.53,3.32,,2. Bundesliga,,20201211_Bochum_Paderborn,-2.669397146556321,1.45,0.35,55.0,45.0
2020-12-11,Sandhausen,Greuther Furth,0,3,2,7,6,7,8,5,3,0,0,0,3.4,3.4,2.1,1.68,2.16,0.25,1.93,1.9,3.28,3.54,2.27,,2. Bundesliga,,20201211_Sandhausen_Greuther-Furth,-54.27585442220061,0.43,2.15,42.4,57.6
2020-12-12,Darmstadt,Hamburg,1,2,2,6,3,5,3,7,3,3,1,0,3.5,3.5,2.0,1.6,2.3,0.5,1.82,2.01,3.63,3.78,2.04,,2. Bundesliga,,20201212_Darmstadt_Hamburg,-4.508660408425385,0.98,1.19,53.2,46.8
2020-12-12,Heidenheim,Hannover,1,0,5,0,10,10,4,6,1,4,0,0,2.3,3.4,3.0,1.9,1.89,-0.25,1.97,1.87,2.31,3.41,3.32,,2. Bundesliga,,20201212_Heidenheim_Hannover,53.88392803042484,2.05,1.8,53.2,46.8
2020-12-12,Regensburg,Holstein Kiel,2,3,2,6,6,3,6,3,4,2,0,0,3.1,3.2,2.37,1.66,2.19,0.25,1.81,2.04,3.04,3.51,2.42,,2. Bundesliga,,20201212_Regensburg_Holstein-Kiel,-33.85746156536197,1.68,1.04,51.2,48.8
2020-12-13,Braunschweig,Osnabruck,0,2,0,10,5,4,2,4,2,3,0,0,2.87,3.4,2.37,1.99,1.8,0.25,1.78,2.08,3.13,3.3,2.47,,2. Bundesliga,,20201213_Braunschweig_Osnabruck,-48.35149510626729,0.89,1.23,45.4,54.6
2020-12-13,Karlsruhe,Fortuna Dusseldorf,1,2,8,4,11,4,8,2,1,3,0,1,2.2,3.3,3.3,1.94,1.85,-0.25,2.03,1.81,2.44,3.38,3.1,,2. Bundesliga,,20201213_Karlsruhe_Fortuna-Dusseldorf,-50.76259765039117,1.16,1.33,51.7,48.3
2020-12-13,Nurnberg,Wurzburger Kickers,2,1,7,3,10,7,5,3,0,3,0,0,1.65,3.8,5.25,1.59,2.31,-1.0,2.02,1.81,1.65,4.06,5.67,,2. Bundesliga,,20201213_Nurnberg_Wurzburger-Kickers,58.08971664307114,1.09,1.28,60.7,39.3
2020-12-13,St Pauli,Erzgebirge Aue,2,2,7,5,13,4,8,2,4,1,0,0,2.3,3.4,2.9,1.68,2.16,0.0,1.76,2.1,2.47,3.47,2.98,,2. Bundesliga,,20201213_St-Pauli_Erzgebirge-Aue,-70.40062044598244,0.99,1.17,44.8,55.2
2020-12-15,Greuther Furth,Darmstadt,0,4,4,10,10,4,8,4,1,4,0,1,1.65,3.75,5.0,1.57,2.35,-0.25,1.82,2.01,2.12,3.84,3.38,,2. Bundesliga,,20201215_Greuther-Furth_Darmstadt,16.69605912641441,0.85,1.96,43.7,56.3
2020-12-15,Hamburg,Sandhausen,4,0,4,5,6,12,4,10,5,1,0,0,1.5,4.5,5.75,1.63,2.24,-1.0,1.85,1.97,1.55,4.32,6.42,,2. Bundesliga,,20201215_Hamburg_Sandhausen,86.0579870540671,1.49,1.34,53.6,46.4
2020-12-15,Hannover,Bochum,2,0,11,2,6,7,5,4,2,3,0,0,2.5,3.5,2.62,1.77,2.03,0.0,1.85,1.98,2.59,3.42,2.87,,2. Bundesliga,,20201215_Hannover_Bochum,-54.488936491922686,0.99,0.13,43.9,56.1
2020-12-15,Heidenheim,Regensburg,0,0,3,4,7,6,3,5,0,0,0,0,1.8,3.75,4.33,1.74,2.07,-0.5,1.8,2.01,1.82,3.68,4.79,,2. Bundesliga,,20201215_Heidenheim_Regensburg,78.46707286231504,1.21,0.8,51.3,48.7
2020-12-16,Fortuna Dusseldorf,Osnabruck,3,0,5,3,11,6,5,1,1,3,0,0,2.15,3.2,3.75,2.02,1.78,-0.25,1.95,1.88,2.33,3.26,3.41,,2. Bundesliga,,20201216_Fortuna-Dusseldorf_Osnabruck,47.04731029899244,0.95,0.51,46.1,53.9
2020-12-16,Holstein Kiel,Nurnberg,1,0,3,1,9,7,7,5,1,1,0,0,2.25,3.4,3.2,1.67,2.17,-0.25,1.83,2.01,2.15,3.54,3.55,,2. Bundesliga,,20201216_Holstein-Kiel_Nurnberg,45.32242047486807,0.08,1.44,57.1,42.9
2020-12-16,Paderborn,Braunschweig,2,2,3,4,4,7,2,2,5,2,1,1,1.61,4.0,5.5,1.62,2.27,-1.0,2.01,1.81,1.64,4.12,5.66,,2. Bundesliga,,20201216_Paderborn_Braunschweig,81.14359425300427,2.1,2.09,50.4,49.6
2020-12-17,Erzgebirge Aue,Karlsruhe,4,1,7,5,8,12,1,10,1,0,0,0,2.8,3.25,2.45,1.81,1.98,0.25,1.88,1.96,3.33,3.41,2.3,,2. Bundesliga,,20201217_Erzgebirge-Aue_Karlsruhe,8.529148378339414,1.35,0.93,55.0,45.0
2020-12-18,Bochum,Heidenheim,3,0,5,2,2,10,3,4,1,0,0,0,2.2,3.3,3.25,1.92,1.87,-0.25,1.94,1.9,2.29,3.39,3.37,,2. Bundesliga,,20201218_Bochum_Heidenheim,-30.90408292385291,2.16,0.05,48.8,51.2
2020-12-18,Regensburg,Hannover,0,0,3,3,7,4,8,5,3,1,0,0,2.9,3.4,2.3,1.77,2.04,0.25,1.81,2.05,3.12,3.52,2.36,,2. Bundesliga,,20201218_Regensburg_Hannover,-15.47745837769844,2.02,0.82,46.5,53.5
2020-12-19,Braunschweig,Greuther Furth,0,3,6,5,4,5,5,8,5,1,0,0,5.25,3.5,1.7,1.77,2.04,0.25,1.92,1.93,3.32,3.43,2.3,,2. Bundesliga,,20201219_Braunschweig_Greuther-Furth,-71.20827017164015,0.89,0.98,45.2,54.8
2020-12-19,Darmstadt,Wurzburger Kickers,2,0,8,4,16,3,5,4,2,2,0,0,1.45,4.0,7.0,1.41,2.81,-1.75,1.96,1.89,1.27,5.72,10.44,,2. Bundesliga,,20201219_Darmstadt_Wurzburger-Kickers,106.4338548803878,0.54,1.02,51.5,48.5
2020-12-19,Osnabruck,Paderborn,0,1,3,7,7,12,1,9,1,5,1,1,2.75,3.25,2.45,1.84,1.95,0.25,1.84,2.01,3.28,3.38,2.34,,2. Bundesliga,,20201219_Osnabruck_Paderborn,-19.74287702898414,0.91,0.65,42.4,57.6
2020-12-20,Nurnberg,Erzgebirge Aue,1,0,4,3,8,13,3,5,2,2,0,0,1.9,3.4,4.0,1.78,2.03,-0.5,2.0,1.83,2.02,3.6,3.89,,2. Bundesliga,,20201220_Nurnberg_Erzgebirge-Aue,-21.37995418668561,2.07,1.14,44.3,55.7
2020-12-20,Sandhausen,Holstein Kiel,0,2,0,5,5,8,4,6,1,1,1,0,3.1,3.5,2.2,1.75,2.05,0.25,1.95,1.9,3.35,3.55,2.23,,2. Bundesliga,,20201220_Sandhausen_Holstein-Kiel,-106.96997059008709,0.5,0.76,48.6,51.4
2020-12-20,St Pauli,Fortuna Dusseldorf,0,3,5,9,4,9,4,5,1,2,0,0,2.62,3.25,2.62,1.7,2.13,0.25,1.77,2.09,2.96,3.47,2.49,,2. Bundesliga,,20201220_St-Pauli_Fortuna-Dusseldorf,-138.73953696734566,0.21,1.43,40.9,59.1
2020-12-21,Karlsruhe,Hamburg,1,2,4,5,8,12,5,7,3,2,1,0,3.5,3.5,2.0,1.65,2.23,0.5,1.76,2.09,3.67,3.58,2.1,,2. Bundesliga,,20201221_Karlsruhe_Hamburg,-74.03144089498414,0.96,1.43,49.5,50.5
2021-01-02,Bochum,Darmstadt,2,1,2,6,11,9,5,4,3,0,0,0,2.05,3.5,3.4,1.6,2.3,-0.25,1.93,1.92,2.27,3.67,3.16,,2. Bundesliga,,20210102_Bochum_Darmstadt,11.004351097765039,0.75,1.05,45.6,54.4
2021-01-02,Heidenheim,Nurnberg,2,0,5,5,11,6,3,2,2,2,0,1,2.1,3.4,3.4,2.22,1.65,0.0,1.75,2.12,2.59,3.2,3.05,,2. Bundesliga,,20210102_Heidenheim_Nurnberg,50.23979627009453,1.99,0.05,49.4,50.6
2021-01-02,Wurzburger Kickers,Karlsruhe,2,4,4,5,11,4,7,4,2,6,0,1,4.0,3.8,1.8,1.71,2.12,0.5,1.79,2.07,3.63,3.65,2.09,,2. Bundesliga,,20210102_Wurzburger-Kickers_Karlsruhe,-56.06410874712515,1.61,1.92,50.8,49.2
2021-01-03,Erzgebirge Aue,Braunschweig,3,1,6,3,3,9,4,6,2,4,0,0,1.8,3.75,4.2,1.96,1.83,-0.25,1.85,2.0,2.22,3.41,3.52,,2. Bundesliga,,20210103_Erzgebirge-Aue_Braunschweig,59.11822156652943,0.68,1.08,53.9,46.1
2021-01-03,Greuther Furth,St Pauli,2,1,5,2,18,1,13,2,1,4,0,0,1.75,3.8,4.33,1.52,2.5,-0.75,1.91,1.93,1.74,4.14,4.66,,2. Bundesliga,,20210103_Greuther-Furth_St-Pauli,103.2574084199623,0.73,1.29,50.2,49.8
2021-01-03,Hamburg,Regensburg,3,1,11,8,12,5,6,7,2,4,0,0,1.55,4.2,5.5,1.63,2.25,-1.0,2.02,1.81,1.61,4.21,5.82,,2. Bundesliga,,20210103_Hamburg_Regensburg,69.51332260789945,1.84,0.88,58.5,41.5
2021-01-03,Hannover,Sandhausen,4,0,11,2,7,6,8,5,2,5,0,0,1.72,3.75,4.5,1.82,1.96,-0.75,1.92,1.92,1.73,3.95,4.99,,2. Bundesliga,,20210103_Hannover_Sandhausen,67.02659038231195,0.19,0.74,53.0,47.0
2021-01-03,Holstein Kiel,Osnabruck,1,2,4,7,17,4,6,1,1,0,0,0,1.75,3.5,4.75,1.87,1.93,-0.75,1.93,1.92,1.74,3.79,5.28,,2. Bundesliga,,20210103_Holstein-Kiel_Osnabruck,70.95209979062702,0.39,1.26,51.8,48.2
2021-01-04,Fortuna Dusseldorf,Paderborn,2,1,9,4,6,8,7,10,4,2,0,0,2.3,3.4,3.0,1.77,2.04,-0.25,1.98,1.87,2.32,3.48,3.24,,2. Bundesliga,,20210104_Fortuna-Dusseldorf_Paderborn,44.20295178600577,1.67,0.67,50.2,49.8
2021-01-06,Wurzburger Kickers,St Pauli,1,1,3,3,8,8,2,5,2,6,0,1,2.9,3.75,2.2,1.57,2.38,0.0,2.05,1.8,2.81,3.76,2.46,,2. Bundesliga,,20210106_Wurzburger-Kickers_St-Pauli,-14.274443625400863,0.05,0.05,53.0,47.0
2021-01-08,Karlsruhe,Greuther Furth,3,2,6,8,4,8,6,5,3,1,0,0,3.1,3.4,2.25,1.6,2.31,0.25,1.81,2.04,3.0,3.53,2.43,,2. Bundesliga,,20210108_Karlsruhe_Greuther-Furth,-58.37731994622618,1.12,1.13,42.4,57.6
2021-01-08,Sandhausen,Heidenheim,4,0,11,5,13,4,7,2,1,2,0,1,3.8,3.3,2.0,2.02,1.79,0.5,1.91,1.93,4.2,3.64,1.93,,2. Bundesliga,,20210108_Sandhausen_Heidenheim,-132.14589749360857,1.25,1.06,50.0,50.0
2021-01-09,Nurnberg,Hamburg,1,1,3,4,10,7,1,5,2,2,0,0,3.75,3.4,1.95,1.68,2.18,0.25,2.05,1.81,3.53,3.63,2.13,,2. Bundesliga,,20210109_Nurnberg_Hamburg,-80.12224577676056,0.66,1.25,49.8,50.2
2021-01-09,Osnabruck,Wurzburger Kickers,2,3,5,6,7,8,6,2,2,0,0,0,1.75,3.75,4.5,1.81,1.99,-0.5,1.85,1.99,1.88,3.73,4.35,,2. Bundesliga,,20210109_Osnabruck_Wurzburger-Kickers,103.7849582407946,0.94,0.86,52.5,47.5
2021-01-09,St Pauli,Holstein Kiel,1,1,5,3,14,9,7,5,2,1,0,0,3.75,3.6,1.9,1.62,2.28,0.5,2.04,1.8,4.24,4.12,1.81,,2. Bundesliga,,20210109_St-Pauli_Holstein-Kiel,-132.61392229642524,0.05,1.55,42.3,57.7
2021-01-10,Darmstadt,Hannover,1,2,11,5,5,10,7,8,2,1,0,0,2.4,3.3,2.87,1.81,2.0,0.0,1.94,1.89,2.79,3.29,2.74,,2. Bundesliga,,20210110_Darmstadt_Hannover,8.016652090737125,0.8,0.52,52.1,47.9
2021-01-10,Paderborn,Erzgebirge Aue,2,1,8,3,8,6,8,2,3,1,0,0,1.75,3.6,4.75,1.62,2.26,-0.5,1.81,2.03,1.86,3.89,4.25,,2. Bundesliga,,20210110_Paderborn_Erzgebirge-Aue,16.9540911807444,2.77,1.41,56.0,44.0
2021-01-10,Regensburg,Bochum,0,2,1,7,8,4,4,8,2,2,0,0,2.87,3.3,2.4,1.71,2.12,0.25,1.87,1.97,3.22,3.56,2.29,,2. Bundesliga,,20210110_Regensburg_Bochum,-76.01403205165684,0.1,1.81,46.1,53.9
2021-01-11,Braunschweig,Fortuna Dusseldorf,0,0,0,4,2,3,3,2,4,2,0,0,3.6,3.5,2.0,1.84,1.95,0.5,1.92,1.91,4.09,3.75,1.93,,2. Bundesliga,,20210111_Braunschweig_Fortuna-Dusseldorf,-161.19342067197135,0.47,0.39,46.1,53.9
2021-01-15,Greuther Furth,Paderborn,1,1,5,5,17,6,6,3,3,0,0,0,2.05,3.6,3.3,1.54,2.43,-0.25,1.87,1.97,2.21,3.62,3.34,,2. Bundesliga,,20210115_Greuther-Furth_Paderborn,-12.57018148012071,1.15,0.23,47.3,52.7
2021-01-15,Wurzburger Kickers,Braunschweig,0,0,3,4,12,1,6,2,3,6,0,2,2.4,3.4,2.87,2.02,1.79,-0.25,2.09,1.78,2.5,3.33,3.06,,2. Bundesliga,,20210115_Wurzburger-Kickers_Braunschweig,-14.957358913482722,0.75,1.06,50.9,49.1
2021-01-16,Bochum,Nurnberg,3,1,6,3,8,9,5,2,2,1,0,0,2.0,3.5,3.75,1.81,1.98,-0.5,2.02,1.82,2.06,3.5,3.88,,2. Bundesliga,,20210116_Bochum_Nurnberg,74.05808544928436,1.23,1.27,49.1,50.9
2021-01-16,Erzgebirge Aue,Fortuna Dusseldorf,0,3,1,8,11,9,2,3,1,3,0,0,3.0,3.5,2.25,1.91,1.88,0.25,1.94,1.9,3.31,3.57,2.24,,2. Bundesliga,,20210116_Erzgebirge-Aue_Fortuna-Dusseldorf,-88.33527465032194,0.76,1.33,44.3,55.7
2021-01-16,Hannover,St Pauli,2,3,7,9,9,5,6,3,6,1,1,0,1.7,4.0,4.5,1.67,2.19,-0.75,2.02,1.83,1.83,3.84,4.49,,2. Bundesliga,,20210116_Hannover_St-Pauli,107.87189115722254,1.82,1.27,57.6,42.4
2021-01-17,Heidenheim,Darmstadt,3,0,7,4,6,9,5,4,1,0,0,0,2.3,3.4,3.0,1.9,1.89,-0.25,1.93,1.91,2.27,3.33,3.48,,2. Bundesliga,,20210117_Heidenheim_Darmstadt,33.59682747370857,0.8,0.05,57.9,42.1
2021-01-17,Holstein Kiel,Karlsruhe,2,3,5,6,10,12,11,7,4,2,0,0,2.05,3.5,3.3,1.71,2.12,-0.25,1.89,1.96,2.24,3.45,3.42,,2. Bundesliga,,20210117_Holstein-Kiel_Karlsruhe,51.803369955835706,1.21,1.48,53.6,46.4
2021-01-17,Regensburg,Sandhausen,3,1,6,4,6,5,3,4,3,1,0,0,2.05,3.6,3.4,1.84,1.95,-0.25,1.93,1.92,2.26,3.38,3.46,,2. Bundesliga,,20210117_Regensburg_Sandhausen,26.9284538500699,2.3,0.97,48.8,51.2
2021-01-18,Hamburg,Osnabruck,5,0,5,2,2,9,9,6,0,1,0,0,1.55,4.0,5.75,1.63,2.25,-1.0,1.83,2.0,1.53,4.32,6.71,,2. Bundesliga,,20210118_Hamburg_Osnabruck,77.25319432582046,1.91,1.15,51.9,48.1
2021-01-22,Fortuna Dusseldorf,Greuther Furth,3,3,4,3,6,3,3,1,3,2,0,0,2.5,3.4,2.7,1.67,2.18,-0.25,2.0,1.85,2.36,3.58,3.09,,2. Bundesliga,,20210122_Fortuna-Dusseldorf_Greuther-Furth,69.70070667938398,1.29,1.5,54.9,45.1
2021-01-22,Osnabruck,Erzgebirge Aue,0,1,5,3,3,5,3,4,3,2,1,0,2.15,3.3,3.3,1.89,1.9,-0.25,1.97,1.88,2.28,3.53,3.27,,2. Bundesliga,,20210122_Osnabruck_Erzgebirge-Aue,-4.956467225958022,0.05,0.89,52.2,47.8
2021-01-23,Braunschweig,Hamburg,2,4,2,6,6,5,9,5,3,0,0,0,4.75,4.33,1.53,1.82,1.97,1.0,1.9,1.93,6.53,4.07,1.58,,2. Bundesliga,,20210123_Braunschweig_Hamburg,-145.00865731153226,0.4,1.85,40.8,59.2
2021-01-23,Karlsruhe,Heidenheim,1,1,3,3,9,8,5,6,1,1,0,0,2.3,3.3,3.0,1.82,1.98,0.0,1.79,2.05,2.53,3.44,2.93,,2. Bundesliga,,20210123_Karlsruhe_Heidenheim,-49.928528731407596,0.31,0.69,44.1,55.9
2021-01-23,Paderborn,Wurzburger Kickers,1,0,5,2,4,3,1,4,1,3,0,0,1.6,4.0,5.5,1.54,2.43,-1.0,2.04,1.8,1.64,4.11,5.59,,2. Bundesliga,,20210123_Paderborn_Wurzburger-Kickers,116.24992593720754,0.77,0.98,53.5,46.5
2021-01-24,Darmstadt,Holstein Kiel,0,2,6,5,10,10,8,7,5,0,0,0,2.8,3.5,2.37,1.76,2.06,0.0,1.94,1.9,2.72,3.47,2.69,,2. Bundesliga,,20210124_Darmstadt_Holstein-Kiel,-29.605923132786074,0.8,0.98,43.0,57.0
2021-01-24,Nurnberg,Hannover,2,5,8,7,10,4,5,3,2,1,0,0,2.55,3.3,2.62,1.83,1.96,0.0,1.79,2.06,2.52,3.45,2.94,,2. Bundesliga,,20210124_Nurnberg_Hannover,-28.527830959437324,0.95,1.19,52.5,47.5
2021-01-24,Sandhausen,Bochum,1,1,3,4,5,8,7,7,5,1,1,0,4.0,3.25,1.95,1.84,1.95,0.25,2.07,1.79,3.75,3.42,2.13,,2. Bundesliga,,20210124_Sandhausen_Bochum,-142.32578510023654,0.86,1.23,44.2,55.8
2021-01-24,St Pauli,Regensburg,2,0,3,3,5,8,2,7,3,3,0,0,2.3,3.4,3.0,1.71,2.12,-0.25,2.04,1.81,2.36,3.76,2.97,,2. Bundesliga,,20210124_St-Pauli_Regensburg,-47.88774896727864,0.93,0.09,46.9,53.1
2021-01-26,Braunschweig,Heidenheim,1,0,6,5,11,4,9,9,1,2,0,0,3.6,3.3,2.05,2.28,1.61,0.25,2.01,1.83,3.72,3.25,2.21,,2. Bundesliga,,20210126_Braunschweig_Heidenheim,-129.06203266289162,1.93,0.47,47.5,52.5
2021-01-26,Erzgebirge Aue,Wurzburger Kickers,2,1,4,6,12,6,6,3,2,4,0,0,2.05,3.4,3.5,1.87,1.92,-0.25,1.91,1.93,2.23,3.53,3.38,,2. Bundesliga,,20210126_Erzgebirge-Aue_Wurzburger-Kickers,87.84403764690956,1.56,1.06,48.7,51.3
2021-01-26,Fortuna Dusseldorf,Hamburg,0,0,4,0,8,8,3,4,3,3,0,0,3.0,3.3,2.3,1.83,1.96,0.0,1.94,1.89,2.73,3.42,2.72,,2. Bundesliga,,20210126_Fortuna-Dusseldorf_Hamburg,5.675895128450065,0.05,1.05,55.8,44.2
2021-01-26,Osnabruck,Greuther Furth,0,1,0,3,3,9,4,4,3,1,0,0,4.2,3.6,1.8,1.84,1.94,0.5,1.82,2.02,3.66,3.63,2.08,,2. Bundesliga,,20210126_Osnabruck_Greuther-Furth,-55.821634520912085,0.33,1.52,44.5,55.5
2021-01-27,Darmstadt,Sandhausen,2,1,5,4,12,7,6,10,1,4,0,0,1.95,3.5,3.6,1.83,1.98,-0.5,2.03,1.81,2.09,3.55,3.73,,2. Bundesliga,,20210127_Darmstadt_Sandhausen,50.427456737525745,1.15,1.47,49.8,50.2
2021-01-27,Karlsruhe,Hannover,1,0,3,4,6,11,6,4,1,1,0,0,2.45,3.3,2.8,1.66,2.2,0.0,2.02,1.82,2.8,3.6,2.55,,2. Bundesliga,,20210127_Karlsruhe_Hannover,-15.719219566180982,0.92,0.05,46.2,53.8
2021-01-27,Nurnberg,Regensburg,0,1,4,2,4,11,2,6,3,3,0,0,1.95,3.5,3.8,1.84,1.95,-0.25,1.96,1.88,2.36,3.4,3.22,,2. Bundesliga,,20210127_Nurnberg_Regensburg,2.862033831108647,0.05,0.53,48.5,51.5
2021-01-27,Paderborn,Holstein Kiel,1,1,2,3,8,6,5,2,1,2,0,0,2.3,3.5,2.9,1.65,2.22,-0.25,2.06,1.8,2.4,3.7,2.94,,2. Bundesliga,,20210127_Paderborn_Holstein-Kiel,1.639578811100364,0.66,0.61,53.1,46.9
2021-01-28,St Pauli,Bochum,2,3,3,5,3,13,1,5,0,1,0,0,3.25,3.25,2.2,1.72,2.11,0.25,1.84,2.0,3.14,3.49,2.36,,2. Bundesliga,,20210128_St-Pauli_Bochum,-122.83985653144259,2.4,1.76,46.4,53.6
2021-01-29,Greuther Furth,Erzgebirge Aue,3,0,6,2,6,5,2,4,3,2,0,0,1.5,4.5,5.25,1.62,2.28,-1.0,2.01,1.83,1.63,4.22,5.53,,2. Bundesliga,,20210129_Greuther-Furth_Erzgebirge-Aue,28.266920362575775,0.72,1.41,54.1,45.9
2021-01-29,Wurzburger Kickers,Fortuna Dusseldorf,2,1,2,3,8,7,5,9,4,2,0,0,4.5,3.8,1.72,1.82,1.96,0.75,1.87,1.97,4.67,3.89,1.79,,2. Bundesliga,,20210129_Wurzburger-Kickers_Fortuna-Dusseldorf,-188.83407634978198,1.57,1.25,43.8,56.2
2021-01-30,Hamburg,Paderborn,3,1,12,5,8,10,8,8,0,2,0,0,1.7,3.8,4.75,1.74,2.07,-0.5,1.89,1.94,1.95,3.75,4.01,,2. Bundesliga,,20210130_Hamburg_Paderborn,42.07133924799541,2.3,0.58,49.2,50.8
2021-01-30,Holstein Kiel,Braunschweig,3,1,5,1,7,5,8,2,2,3,0,1,1.57,4.0,5.5,1.91,1.88,-0.75,1.97,1.87,1.79,3.73,4.91,,2. Bundesliga,,20210130_Holstein-Kiel_Braunschweig,99.87062276717893,1.47,0.41,61.2,38.8
2021-01-30,Regensburg,Darmstadt,1,1,4,2,12,7,7,2,4,3,0,0,2.45,3.4,2.75,1.78,2.03,0.0,1.92,1.91,2.81,3.38,2.66,,2. Bundesliga,,20210130_Regensburg_Darmstadt,-17.82867482601978,1.52,0.51,41.4,58.6
2021-01-31,Bochum,Karlsruhe,1,2,6,6,8,9,8,7,6,1,0,0,2.05,3.5,3.6,1.66,2.21,-0.25,1.81,2.03,2.12,3.66,3.52,,2. Bundesliga,,20210131_Bochum_Karlsruhe,59.91794087335256,1.2,1.91,54.3,45.7
2021-01-31,Heidenheim,St Pauli,3,4,4,7,17,7,6,0,5,2,0,0,2.0,3.5,3.6,1.78,2.02,-0.5,1.9,1.93,1.92,3.47,4.54,,2. Bundesliga,,20210131_Heidenheim_St-Pauli,96.47044534770339,1.51,1.87,54.9,45.1
2021-01-31,Sandhausen,Nurnberg,2,0,3,5,6,14,6,10,3,0,0,0,2.8,3.5,2.3,1.93,1.87,0.25,1.84,2.0,3.32,3.22,2.4,,2. Bundesliga,,20210131_Sandhausen_Nurnberg,-31.803968908743173,0.47,1.27,46.6,53.4
2021-02-01,Hannover,Osnabruck,1,0,8,1,7,5,12,3,0,2,0,0,1.65,4.0,5.0,1.78,2.02,-1.0,2.05,1.79,1.63,4.18,5.69,,2. Bundesliga,,20210201_Hannover_Osnabruck,51.38364574239381,1.03,0.05,51.8,48.2
2021-02-05,Erzgebirge Aue,Hamburg,3,3,5,3,5,4,0,6,1,1,0,0,5.0,4.0,1.65,1.64,2.25,0.75,1.99,1.86,4.79,4.03,1.74,,2. Bundesliga,,20210205_Erzgebirge-Aue_Hamburg,-99.22796993331394,1.39,1.33,45.9,54.1
2021-02-05,St Pauli,Sandhausen,2,1,7,2,7,6,7,3,1,3,0,0,2.0,3.5,3.6,1.85,1.94,-0.25,1.8,2.05,2.13,3.55,3.61,,2. Bundesliga,,20210205_St-Pauli_Sandhausen,14.668068061731901,1.06,0.51,56.4,43.6
2021-02-06,Braunschweig,Hannover,1,2,6,7,8,6,7,3,2,4,0,0,3.8,3.6,1.83,2.02,1.78,0.5,2.0,1.84,4.31,3.69,1.9,,2. Bundesliga,,20210206_Braunschweig_Hannover,-88.35289535821721,1.8,0.69,40.2,59.8
2021-02-06,Darmstadt,Nurnberg,1,2,7,7,11,5,2,5,1,1,0,1,2.3,3.5,2.87,1.81,1.99,-0.25,1.98,1.87,2.32,3.54,3.19,,2. Bundesliga,,20210206_Darmstadt_Nurnberg,51.644510370620765,1.35,2.4,53.6,46.4
2021-02-06,Osnabruck,Bochum,1,2,5,11,8,3,5,7,2,6,0,0,3.8,3.5,1.95,1.9,1.89,0.5,1.82,2.03,3.74,3.53,2.09,,2. Bundesliga,,20210206_Osnabruck_Bochum,-116.85635401360264,1.3,1.86,45.0,55.0
2021-02-07,Greuther Furth,Wurzburger Kickers,4,1,7,9,5,5,11,6,3,3,0,0,1.5,4.0,7.0,1.69,2.15,-0.75,1.84,2.02,1.68,3.99,5.37,,2. Bundesliga,,20210207_Greuther-Furth_Wurzburger-Kickers,127.24716216123011,0.89,0.32,53.6,46.4
2021-02-07,Karlsruhe,Regensburg,0,0,7,3,8,11,7,4,2,5,0,1,1.95,3.5,3.75,1.78,2.02,-0.5,2.03,1.82,2.07,3.51,3.82,,2. Bundesliga,,20210207_Karlsruhe_Regensburg,51.582108931056155,0.96,1.45,57.9,42.1
2021-02-08,Fortuna Dusseldorf,Holstein Kiel,0,2,1,7,11,1,9,3,2,1,0,0,2.25,3.4,3.1,1.84,1.95,-0.25,1.96,1.89,2.34,3.36,3.31,,2. Bundesliga,,20210208_Fortuna-Dusseldorf_Holstein-Kiel,22.29128853093175,0.71,1.37,52.9,47.1
2021-02-12,Hannover,Paderborn,0,0,2,3,9,8,6,5,2,0,0,0,2.2,3.4,3.2,1.69,2.15,-0.25,1.9,1.95,2.22,3.71,3.25,,2. Bundesliga,,20210212_Hannover_Paderborn,-2.120117241754315,1.18,0.59,48.8,51.2
2021-02-12,Holstein Kiel,Wurzburger Kickers,1,0,7,1,9,7,3,2,2,0,0,0,1.57,3.75,6.0,1.65,2.21,-0.75,1.87,1.98,1.72,4.04,4.95,,2. Bundesliga,,20210212_Holstein-Kiel_Wurzburger-Kickers,151.20785947995319,0.63,0.05,53.3,46.7
2021-02-13,Hamburg,Greuther Furth,0,0,3,1,15,4,9,5,3,4,0,1,2.0,3.6,3.5,1.59,2.31,-0.5,1.95,1.88,1.96,3.79,3.91,,2. Bundesliga,,20210213_Hamburg_Greuther-Furth,37.78084354549719,0.69,1.45,44.2,55.8
2021-02-13,Heidenheim,Erzgebirge Aue,2,0,13,1,9,8,8,4,5,4,0,1,1.83,3.6,4.2,1.87,1.92,-0.5,1.84,2.0,1.86,3.7,4.49,,2. Bundesliga,,20210213_Heidenheim_Erzgebirge-Aue,23.155223129832848,0.41,0.73,45.9,54.1
2021-02-13,Regensburg,Fortuna Dusseldorf,1,1,4,5,7,10,6,1,1,2,0,0,3.0,3.3,2.3,1.89,1.89,0.25,1.83,2.03,3.17,3.49,2.35,,2. Bundesliga,,20210213_Regensburg_Fortuna-Dusseldorf,-74.96177155917758,1.26,1.08,40.8,59.2
2021-02-13,Sandhausen,Karlsruhe,2,3,8,5,6,11,2,6,1,2,0,0,3.25,3.3,2.2,1.79,2.01,0.25,1.93,1.92,3.33,3.56,2.24,,2. Bundesliga,,20210213_Sandhausen_Karlsruhe,-101.9666464560969,1.03,0.55,41.5,58.5
2021-02-14,Bochum,Braunschweig,2,0,6,2,8,6,7,2,0,2,0,0,1.57,3.8,6.0,1.86,1.93,-1.0,1.96,1.87,1.56,4.22,6.48,,2. Bundesliga,,20210214_Bochum_Braunschweig,150.47145980415007,0.96,1.56,52.3,47.7
2021-02-14,Darmstadt,Osnabruck,1,0,6,5,10,8,6,7,1,1,0,0,1.9,3.4,4.0,1.78,2.01,-0.75,1.85,2.0,1.68,3.91,5.58,,2. Bundesliga,,20210214_Darmstadt_Osnabruck,44.39174759092907,0.59,0.91,50.8,49.2
2021-02-14,Nurnberg,St Pauli,1,2,6,5,10,16,4,8,2,3,0,0,2.3,3.3,3.0,1.74,2.07,0.0,1.78,2.06,2.51,3.57,2.86,,2. Bundesliga,,20210214_Nurnberg_St-Pauli,-6.777891413054249,1.17,1.23,39.0,61.0
2021-02-19,Braunschweig,Regensburg,2,0,3,6,9,13,3,10,1,1,0,0,3.25,3.2,2.3,2.15,1.69,0.25,1.82,2.04,3.24,3.26,2.43,,2. Bundesliga,,20210219_Braunschweig_Regensburg,-70.38374413432553,1.83,0.94,47.9,52.1
2021-02-19,Erzgebirge Aue,Bochum,1,0,9,6,10,11,4,8,0,2,0,0,4.33,3.8,1.75,1.72,2.1,0.75,1.79,2.07,4.31,3.85,1.85,,2. Bundesliga,,20210219_Erzgebirge-Aue_Bochum,-92.9917326013474,1.05,1.37,48.6,51.4
2021-02-20,Osnabruck,Heidenheim,1,2,4,4,5,13,8,8,3,1,0,0,3.6,3.3,2.05,2.03,1.78,0.25,1.96,1.88,3.55,3.27,2.27,,2. Bundesliga,,20210220_Osnabruck_Heidenheim,-103.22199739104371,1.76,1.28,48.7,51.3
2021-02-20,Paderborn,Sandhausen,2,1,2,4,11,13,3,4,1,2,0,0,1.7,3.6,4.75,1.68,2.16,-0.75,1.93,1.92,1.76,3.98,4.77,,2. Bundesliga,,20210220_Paderborn_Sandhausen,110.19360879516853,1.68,0.8,58.8,41.2
2021-02-20,St Pauli,Darmstadt,3,2,6,5,9,11,2,4,2,2,0,0,2.3,3.4,3.0,1.57,2.36,0.0,1.81,2.04,2.54,3.57,2.82,,2. Bundesliga,,20210220_St-Pauli_Darmstadt,-16.03431024320321,1.03,0.83,44.9,55.1
2021-02-21,Fortuna Dusseldorf,Hannover,3,2,3,5,3,5,1,4,5,3,1,0,2.37,3.25,2.87,1.94,1.84,-0.25,1.95,1.9,2.28,3.5,3.29,,2. Bundesliga,,20210221_Fortuna-Dusseldorf_Hannover,26.689879261516808,1.15,0.61,53.1,46.9
2021-02-21,Karlsruhe,Nurnberg,0,1,5,4,6,8,7,2,1,2,0,0,2.0,3.4,3.6,1.64,2.22,-0.25,1.8,2.06,2.16,3.65,3.42,,2. Bundesliga,,20210221_Karlsruhe_Nurnberg,91.43097663116123,0.89,1.84,49.5,50.5
2021-02-21,Wurzburger Kickers,Hamburg,3,2,6,5,5,3,5,5,0,2,0,1,5.25,3.9,1.61,1.64,2.22,1.0,1.85,1.99,5.5,4.28,1.63,,2. Bundesliga,,20210221_Wurzburger-Kickers_Hamburg,-186.395307947746,1.71,1.46,41.0,59.0
2021-02-22,Greuther Furth,Holstein Kiel,2,1,1,5,12,11,5,6,0,1,0,0,2.37,3.5,2.8,1.76,2.05,0.0,1.96,1.88,2.84,3.37,2.64,,2. Bundesliga,,20210222_Greuther-Furth_Holstein-Kiel,-14.16181321452359,0.42,2.11,49.1,50.9
2021-02-23,Paderborn,Heidenheim,2,2,7,5,12,5,4,4,2,2,0,0,2.3,3.4,3.1,1.75,2.06,-0.25,1.98,1.87,2.32,3.52,3.2,,2. Bundesliga,,20210223_Paderborn_Heidenheim,-1.9375830874657822,1.16,2.04,47.1,52.9
2021-02-26,Darmstadt,Karlsruhe,0,1,4,5,8,8,2,6,1,3,0,0,2.5,3.4,2.7,1.59,2.32,0.0,1.84,2.0,2.57,3.54,2.81,,2. Bundesliga,,20210226_Darmstadt_Karlsruhe,-42.55334825145155,0.41,0.8,43.7,56.3
2021-02-26,Regensburg,Paderborn,1,0,1,7,2,10,1,4,2,1,0,0,2.75,3.2,2.55,1.8,1.99,0.25,1.81,2.05,3.08,3.51,2.39,,2. Bundesliga,,20210226_Regensburg_Paderborn,-67.92816633922052,0.85,1.44,55.2,44.8
2021-02-27,Bochum,Wurzburger Kickers,3,0,13,3,8,8,6,5,2,0,0,0,1.61,4.0,5.25,1.62,2.27,-1.0,2.06,1.78,1.64,4.09,5.64,,2. Bundesliga,,20210227_Bochum_Wurzburger-Kickers,143.91020371453033,1.95,1.84,54.0,46.0
2021-02-27,Hannover,Greuther Furth,2,2,4,4,1,5,1,7,4,2,0,0,2.4,3.5,2.87,1.73,2.09,0.0,1.76,2.09,2.52,3.31,3.04,,2. Bundesliga,,20210227_Hannover_Greuther-Furth,-48.97697106808937,0.63,1.72,51.5,48.5
2021-02-27,Holstein Kiel,Erzgebirge Aue,1,0,6,2,4,6,3,6,0,2,0,0,1.66,3.75,5.0,1.73,2.09,-0.75,1.83,2.02,1.68,4.07,5.28,,2. Bundesliga,,20210227_Holstein-Kiel_Erzgebirge-Aue,53.81008706132593,0.76,0.27,58.5,41.5
2021-02-28,Heidenheim,Fortuna Dusseldorf,3,2,4,8,5,9,4,6,1,1,0,0,2.62,3.3,2.62,2.01,1.79,0.0,1.87,1.97,2.69,3.31,2.83,,2. Bundesliga,,20210228_Heidenheim_Fortuna-Dusseldorf,-25.608794034104903,0.37,0.58,47.9,52.1
2021-02-28,Nurnberg,Braunschweig,0,0,1,0,8,9,3,4,1,3,0,0,1.85,3.5,4.0,2.0,1.8,-0.5,1.92,1.92,1.93,3.5,4.47,,2. Bundesliga,,20210228_Nurnberg_Braunschweig,33.71268847358124,1.92,1.16,53.6,46.4
2021-02-28,Sandhausen,Osnabruck,3,0,4,4,9,3,5,4,1,1,0,1,2.05,3.3,3.6,1.96,1.82,-0.25,1.83,2.02,2.15,3.37,3.74,,2. Bundesliga,,20210228_Sandhausen_Osnabruck,-8.470339243676563,1.88,0.53,44.5,55.5
2021-03-01,St Pauli,Hamburg,1,0,4,3,10,7,5,4,5,1,0,1,4.0,3.5,1.95,1.52,2.48,0.5,1.91,1.93,3.97,3.79,1.95,,2. Bundesliga,,20210301_St-Pauli_Hamburg,-80.37472421353914,0.74,0.24,40.9,59.1
2021-03-05,Paderborn,Darmstadt,2,3,2,8,15,10,7,4,3,5,0,0,2.0,3.5,3.6,1.77,2.04,-0.25,1.89,1.97,2.22,3.49,3.44,,2. Bundesliga,,20210305_Paderborn_Darmstadt,53.319905726538536,0.8,1.25,51.1,48.9
2021-03-05,Wurzburger Kickers,Heidenheim,1,2,3,3,9,13,6,6,0,1,0,0,3.4,3.4,2.05,1.92,1.87,0.25,1.81,2.06,2.99,3.25,2.59,,2. Bundesliga,,20210305_Wurzburger-Kickers_Heidenheim,-140.26148159371496,1.44,1.76,37.8,62.2
2021-03-06,Erzgebirge Aue,Hannover,1,1,3,4,4,8,4,8,0,2,0,0,3.5,3.4,2.05,1.86,1.93,0.25,1.94,1.91,3.34,3.36,2.32,,2. Bundesliga,,20210306_Erzgebirge-Aue_Hannover,-27.485697282547335,0.8,1.63,50.6,49.4
2021-03-06,Greuther Furth,Bochum,1,2,3,3,9,6,9,3,1,2,0,0,2.5,3.3,2.7,1.7,2.12,0.0,1.87,1.97,2.69,3.29,2.84,,2. Bundesliga,,20210306_Greuther-Furth_Bochum,-7.067236978480878,0.98,0.87,50.0,50.0
2021-03-06,Karlsruhe,St Pauli,0,0,3,4,9,7,5,2,1,1,0,0,2.15,3.5,3.2,1.59,2.31,-0.25,1.89,1.97,2.22,3.45,3.48,,2. Bundesliga,,20210306_Karlsruhe_St-Pauli,29.29083748029052,1.4,0.05,48.5,51.5
2021-03-07,Braunschweig,Sandhausen,1,0,5,0,7,11,6,3,3,3,0,1,2.62,3.25,2.62,2.17,1.67,0.0,1.99,1.86,2.95,3.03,2.79,,2. Bundesliga,,20210307_Braunschweig_Sandhausen,6.246837527875414,1.41,0.92,48.8,51.2
2021-03-07,Fortuna Dusseldorf,Nurnberg,3,1,6,8,11,9,6,5,2,1,0,0,1.9,3.5,3.75,1.89,1.9,-0.5,1.99,1.87,2.04,3.58,3.86,,2. Bundesliga,,20210307_Fortuna-Dusseldorf_Nurnberg,91.49311204530954,1.86,0.45,53.1,46.9
2021-03-08,Hamburg,Holstein Kiel,1,1,8,2,10,1,9,5,2,2,0,0,2.1,3.5,3.4,1.73,2.09,-0.25,1.87,2.0,2.14,3.59,3.54,,2. Bundesliga,,20210308_Hamburg_Holstein-Kiel,-9.259330016809827,1.11,0.86,54.1,45.9
2021-03-12,Bochum,Hamburg,0,2,1,3,6,5,10,1,2,3,1,0,2.8,3.4,2.4,1.69,2.15,0.0,2.04,1.82,2.87,3.42,2.58,,2. Bundesliga,,20210312_Bochum_Hamburg,26.742012940332188,1.92,1.03,53.1,46.9
2021-03-13,Darmstadt,Erzgebirge Aue,4,1,6,5,12,8,6,3,3,3,0,1,1.75,3.75,4.33,1.85,1.93,-0.5,2.03,1.83,2.09,3.21,4.19,,2. Bundesliga,,20210313_Darmstadt_Erzgebirge-Aue,-7.514182835529937,1.85,0.63,52.0,48.0
2021-03-13,Sandhausen,Fortuna Dusseldorf,0,0,0,8,4,11,4,12,4,2,0,0,3.6,3.6,1.9,1.94,1.85,0.5,1.86,2.0,3.89,3.56,2.04,,2. Bundesliga,,20210313_Sandhausen_Fortuna-Dusseldorf,-149.82641047779543,0.54,0.9,51.8,48.2
2021-03-14,Karlsruhe,Braunschweig,0,0,6,4,7,12,7,6,3,3,0,0,1.85,3.4,4.2,2.26,1.62,-0.5,1.95,1.9,1.99,3.48,4.18,,2. Bundesliga,,20210314_Karlsruhe_Braunschweig,91.55297054785933,1.15,0.42,51.8,48.2
2021-03-14,Nurnberg,Osnabruck,1,1,4,2,9,3,7,3,1,3,0,0,1.85,3.5,4.33,2.03,1.77,-0.5,1.93,1.93,1.97,3.39,4.4,,2. Bundesliga,,20210314_Nurnberg_Osnabruck,44.84165662061855,0.43,1.06,54.3,45.7
2021-03-15,St Pauli,Paderborn,0,2,3,7,14,4,7,4,2,2,0,0,2.37,3.4,2.9,1.65,2.22,0.0,1.86,1.98,2.59,3.57,2.77,,2. Bundesliga,,20210315_St-Pauli_Paderborn,-4.145704440559939,0.82,1.14,41.3,58.7
2021-03-17,Regensburg,Greuther Furth,1,2,3,8,5,8,2,7,0,1,0,0,3.75,3.4,2.0,1.9,1.88,0.5,1.86,2.0,3.96,3.57,2.02,,2. Bundesliga,,20210317_Regensburg_Greuther-Furth,-67.71470697582208,1.33,1.59,48.5,51.5
2021-03-19,Paderborn,Karlsruhe,2,2,5,6,6,13,2,4,3,1,1,0,2.2,3.4,3.2,1.71,2.1,-0.25,2.07,1.8,2.48,3.51,2.94,,2. Bundesliga,,20210319_Paderborn_Karlsruhe,-8.178840017773382,1.15,1.29,52.1,47.9
2021-03-20,Braunschweig,Darmstadt,1,1,5,6,6,6,2,9,6,4,0,0,3.3,3.4,2.2,2.01,1.78,0.25,1.88,1.98,3.55,3.1,2.36,,2. Bundesliga,,20210320_Braunschweig_Darmstadt,-51.929629569071494,0.94,0.3,48.8,51.2
2021-03-20,Erzgebirge Aue,Sandhausen,2,0,5,2,9,13,3,7,1,3,0,0,2.25,3.6,2.9,1.96,1.83,0.0,1.78,2.08,2.41,3.45,3.1,,2. Bundesliga,,20210320_Erzgebirge-Aue_Sandhausen,62.95487862710752,2.2,1.3,51.4,48.6
2021-03-20,Hamburg,Heidenheim,2,0,6,3,12,8,4,7,0,1,0,0,1.85,3.6,4.2,1.82,1.96,-0.5,1.97,1.89,1.99,3.52,4.14,,2. Bundesliga,,20210320_Hamburg_Heidenheim,8.772909460030633,2.32,0.53,58.6,41.4
2021-03-21,Greuther Furth,Nurnberg,2,2,4,8,7,12,9,4,5,4,0,0,1.75,3.6,4.5,1.8,1.99,-0.5,1.83,2.03,1.88,3.65,4.45,,2. Bundesliga,,20210321_Greuther-Furth_Nurnberg,111.20836356472614,0.68,1.09,52.5,47.5
2021-03-21,Osnabruck,St Pauli,1,2,3,4,10,10,3,6,1,1,0,0,3.4,3.5,2.05,1.87,1.91,0.25,2.01,1.86,3.56,3.58,2.13,,2. Bundesliga,,20210321_Osnabruck_St-Pauli,-85.02939780951397,0.98,1.28,41.7,58.3
2021-03-21,Wurzburger Kickers,Regensburg,1,1,4,7,2,13,3,9,1,4,0,0,2.75,3.3,2.55,1.85,1.94,0.0,2.08,1.78,3.08,3.25,2.53,,2. Bundesliga,,20210321_Wurzburger-Kickers_Regensburg,-69.67562531277349,1.51,1.44,43.5,56.5
2021-03-22,Fortuna Dusseldorf,Bochum,0,3,5,7,13,8,4,4,1,1,0,0,2.4,3.4,2.8,1.89,1.9,0.0,1.89,1.95,2.66,3.46,2.76,,2. Bundesliga,,20210322_Fortuna-Dusseldorf_Bochum,-13.196135134350698,1.19,1.79,50.6,49.4
2021-04-03,Bochum,Holstein Kiel,2,1,4,5,6,5,8,3,3,1,0,0,2.37,3.25,3.0,1.79,2.0,-0.25,1.97,1.89,2.33,3.44,3.25,,2. Bundesliga,,20210403_Bochum_Holstein-Kiel,16.744767337536132,1.12,1.0,54.4,45.6
2021-04-03,Heidenheim,Greuther Furth,0,1,0,5,5,7,4,4,3,4,0,0,2.7,3.3,2.55,1.81,1.98,0.0,1.99,1.86,2.77,3.51,2.62,,2. Bundesliga,,20210403_Heidenheim_Greuther-Furth,-9.686446651018741,0.59,1.33,47.2,52.8
2021-04-03,Karlsruhe,Osnabruck,0,1,4,2,9,5,9,1,1,1,0,0,1.75,3.75,4.5,1.98,1.81,-0.5,1.88,1.97,1.91,3.56,4.45,,2. Bundesliga,,20210403_Karlsruhe_Osnabruck,129.90559624976572,0.05,0.43,59.7,40.3
2021-04-04,Darmstadt,Fortuna Dusseldorf,1,2,8,4,8,5,5,4,1,1,0,0,2.9,3.25,2.4,1.77,2.02,0.0,1.91,1.94,2.67,3.47,2.75,,2. Bundesliga,,20210404_Darmstadt_Fortuna-Dusseldorf,-50.350170438649684,1.34,1.43,51.6,48.4
2021-04-04,Hannover,Hamburg,3,3,7,5,3,8,3,5,0,2,0,0,3.1,3.4,2.25,1.84,1.95,0.25,1.88,1.97,3.23,3.56,2.29,,2. Bundesliga,,20210404_Hannover_Hamburg,-63.26338152715857,1.49,1.64,55.0,45.0
2021-04-04,Nurnberg,Paderborn,2,1,5,5,11,4,6,4,2,4,0,0,2.6,3.2,2.7,1.68,2.17,0.0,1.88,1.97,2.59,3.66,2.71,,2. Bundesliga,,20210404_Nurnberg_Paderborn,-67.69499748289672,0.87,0.45,47.8,52.2
2021-04-04,Regensburg,Erzgebirge Aue,1,1,10,4,12,7,5,2,0,3,0,0,2.2,3.4,3.2,1.96,1.82,-0.25,1.94,1.92,2.28,3.36,3.44,,2. Bundesliga,,20210404_Regensburg_Erzgebirge-Aue,-16.971062806645023,1.18,0.27,46.7,53.3
2021-04-04,Sandhausen,Wurzburger Kickers,1,0,7,1,7,7,3,3,1,2,0,0,2.1,3.4,3.4,1.89,1.9,-0.5,1.95,1.9,1.98,3.59,4.08,,2. Bundesliga,,20210404_Sandhausen_Wurzburger-Kickers,-0.7559197673647304,1.27,0.61,53.3,46.7
2021-04-05,St Pauli,Braunschweig,2,0,7,0,7,7,4,5,2,1,0,0,1.8,3.75,4.2,1.85,1.94,-0.75,2.0,1.86,1.75,3.85,5.06,,2. Bundesliga,,20210405_St-Pauli_Braunschweig,56.673061270010294,2.23,0.68,56.0,44.0
2021-04-06,Heidenheim,Holstein Kiel,1,0,3,3,10,10,7,7,2,0,0,0,2.87,3.2,2.45,1.89,1.9,0.0,1.86,1.99,2.58,3.42,2.88,,2. Bundesliga,,20210406_Heidenheim_Holstein-Kiel,-16.41144612711878,0.91,0.97,49.4,50.6
2021-04-08,Hannover,Wurzburger Kickers,1,2,3,6,9,6,5,4,3,2,0,0,1.57,4.0,5.5,1.65,2.21,-1.0,1.8,2.05,1.49,4.6,6.96,,2. Bundesliga,,20210408_Hannover_Wurzburger-Kickers,124.0858724540667,1.02,1.4,49.5,50.5
2021-04-09,Hamburg,Darmstadt,1,2,8,7,12,7,9,5,4,3,0,0,1.6,4.33,4.75,1.56,2.38,-0.75,1.92,1.93,1.76,4.11,4.56,,2. Bundesliga,,20210409_Hamburg_Darmstadt,94.00125803254286,1.73,0.89,54.9,45.1
2021-04-10,Erzgebirge Aue,St Pauli,1,3,6,10,4,5,1,5,2,0,0,0,3.0,3.3,2.3,1.65,2.22,0.25,1.93,1.91,3.28,3.69,2.21,,2. Bundesliga,,20210410_Erzgebirge-Aue_St-Pauli,-24.324926702581024,0.71,0.59,50.6,49.4
2021-04-10,Paderborn,Bochum,3,0,11,2,3,14,0,5,0,1,0,0,3.0,3.3,2.25,1.65,2.21,0.25,1.93,1.92,3.22,3.64,2.26,,2. Bundesliga,,20210410_Paderborn_Bochum,-85.04079300475655,1.0,0.05,41.9,58.1
2021-04-11,Hannover,Heidenheim,1,3,5,4,4,4,4,3,0,0,0,0,2.37,3.3,2.87,1.91,1.88,-0.25,1.99,1.87,2.36,3.41,3.21,,2. Bundesliga,,20210411_Hannover_Heidenheim,-45.94842052814988,0.61,1.25,44.2,55.8
2021-04-11,Osnabruck,Braunschweig,0,4,1,5,7,5,5,5,0,2,0,0,2.37,3.3,2.9,2.32,1.59,-0.25,1.99,1.86,2.35,3.22,3.44,,2. Bundesliga,,20210411_Osnabruck_Braunschweig,-20.24871552357422,0.92,1.12,43.1,56.9
2021-04-11,Wurzburger Kickers,Nurnberg,1,1,4,6,10,7,3,6,3,4,0,0,3.8,3.4,1.95,1.75,2.05,0.5,1.88,1.97,3.93,3.78,1.96,,2. Bundesliga,,20210411_Wurzburger-Kickers_Nurnberg,-57.125644514830356,0.54,1.06,55.1,44.9
2021-04-14,Osnabruck,Regensburg,0,1,4,4,6,6,4,1,2,5,0,1,2.87,3.3,2.45,2.15,1.69,0.25,1.78,2.1,3.16,3.3,2.45,,2. Bundesliga,,20210414_Osnabruck_Regensburg,-68.21811957697105,1.13,0.38,51.3,48.7
2021-04-16,Braunschweig,Paderborn,0,0,0,3,4,8,4,12,1,3,0,0,3.25,3.4,2.15,1.86,1.92,0.25,1.98,1.87,3.5,3.56,2.17,,2. Bundesliga,,20210416_Braunschweig_Paderborn,-75.02368645395109,1.82,0.6,46.3,53.7
2021-04-16,Darmstadt,Greuther Furth,2,2,3,9,5,6,5,7,1,2,0,0,3.2,3.6,2.15,1.57,2.37,0.25,2.02,1.83,3.33,3.88,2.12,,2. Bundesliga,,20210416_Darmstadt_Greuther-Furth,-70.17769259167858,1.6,1.27,48.0,52.0
2021-04-17,St Pauli,Wurzburger Kickers,4,0,7,0,9,1,7,0,1,0,0,0,1.6,4.0,5.25,1.58,2.33,-0.75,1.85,2.01,1.75,4.09,4.67,,2. Bundesliga,,20210417_St-Pauli_Wurzburger-Kickers,110.75587357892164,1.41,0.05,57.6,42.4
2021-04-18,Bochum,Hannover,4,3,7,8,4,6,8,9,1,1,0,0,1.8,3.6,4.33,1.63,2.26,-0.5,1.9,1.95,1.96,3.91,3.79,,2. Bundesliga,,20210418_Bochum_Hannover,84.92469646638892,1.3,2.01,53.2,46.8
2021-04-18,Osnabruck,Fortuna Dusseldorf,0,3,3,9,8,9,3,6,2,0,0,0,3.8,3.5,1.9,2.01,1.79,0.5,1.99,1.86,4.35,3.74,1.88,,2. Bundesliga,,20210418_Osnabruck_Fortuna-Dusseldorf,-160.27569223578917,0.07,2.26,41.6,58.4
2021-04-18,Regensburg,Heidenheim,0,3,2,10,6,4,5,6,3,2,0,0,2.8,3.2,2.55,1.95,1.84,0.0,2.09,1.78,2.9,3.4,2.57,,2. Bundesliga,,20210418_Regensburg_Heidenheim,-77.13253142734493,1.15,1.08,43.9,56.1
2021-04-20,Erzgebirge Aue,Nurnberg,0,1,0,10,6,11,1,3,0,2,0,0,3.2,3.3,2.2,1.77,2.02,0.25,1.86,2.0,3.14,3.56,2.33,,2. Bundesliga,,20210420_Erzgebirge-Aue_Nurnberg,10.893788844791288,0.05,0.95,56.8,43.2
2021-04-20,Greuther Furth,Braunschweig,3,0,9,0,6,4,7,1,0,0,0,0,1.5,4.0,7.0,1.83,1.96,-1.0,1.83,2.01,1.49,4.5,7.17,,2. Bundesliga,,20210420_Greuther-Furth_Braunschweig,117.25853612319065,0.99,0.17,59.0,41.0
2021-04-20,Wurzburger Kickers,Darmstadt,1,3,7,3,6,10,10,3,5,1,1,0,3.5,3.6,2.0,1.55,2.42,0.5,1.9,1.94,3.71,3.97,1.97,,2. Bundesliga,,20210420_Wurzburger-Kickers_Darmstadt,-96.81801622423404,0.3,1.18,45.9,54.1
2021-04-21,Fortuna Dusseldorf,St Pauli,2,0,10,3,12,6,6,5,2,4,0,0,2.37,3.4,2.9,1.61,2.28,-0.25,2.03,1.83,2.4,3.59,3.0,,2. Bundesliga,,20210421_Fortuna-Dusseldorf_St-Pauli,29.625136770170684,1.01,0.87,54.9,45.1
2021-04-21,Hannover,Regensburg,3,1,8,5,7,9,2,6,2,2,0,0,1.95,3.3,4.0,1.8,1.99,-0.5,1.83,2.02,1.85,3.79,4.43,,2. Bundesliga,,20210421_Hannover_Regensburg,10.594738669239405,1.19,0.37,46.0,54.0
2021-04-21,Heidenheim,Bochum,0,2,3,3,12,8,4,2,1,0,0,0,2.87,3.4,2.37,1.77,2.03,0.0,1.84,2.0,2.6,3.4,2.87,,2. Bundesliga,,20210421_Heidenheim_Bochum,-17.876905027199655,0.36,1.22,52.3,47.7
2021-04-21,Paderborn,Osnabruck,2,2,6,2,7,3,4,1,2,4,0,0,1.61,3.8,5.5,1.8,1.99,-0.75,1.94,1.91,1.73,3.87,5.14,,2. Bundesliga,,20210421_Paderborn_Osnabruck,131.8233907070662,1.62,0.83,50.9,49.1
2021-04-22,Sandhausen,Hamburg,2,1,6,4,13,7,7,6,0,4,0,0,,,,1.65,2.21,1.0,1.79,2.05,5.46,4.15,1.65,,2. Bundesliga,,20210422_Sandhausen_Hamburg,-144.56082186778735,2.21,0.79,43.4,56.6
2021-04-23,Braunschweig,Erzgebirge Aue,0,2,3,3,4,4,2,1,2,3,0,0,2.25,3.3,3.25,2.01,1.79,-0.25,1.84,2.01,2.15,3.67,3.44,,2. Bundesliga,,20210423_Braunschweig_Erzgebirge-Aue,-23.174294434853664,0.05,1.65,54.8,45.2
2021-04-23,Karlsruhe,Wurzburger Kickers,2,2,4,3,9,6,3,2,0,0,0,0,1.66,4.2,4.5,1.62,2.27,-0.75,1.89,1.96,1.72,4.21,4.74,,2. Bundesliga,,20210423_Karlsruhe_Wurzburger-Kickers,116.92055579108842,2.15,0.68,53.3,46.7
2021-04-24,Nurnberg,Heidenheim,3,1,7,4,10,6,3,4,0,5,0,1,2.5,3.25,2.8,1.93,1.86,0.0,1.95,1.89,2.74,3.46,2.68,,2. Bundesliga,,20210424_Nurnberg_Heidenheim,-78.68113612802767,0.25,0.98,48.7,51.3
2021-04-24,Osnabruck,Holstein Kiel,1,3,2,3,7,5,6,3,2,3,0,0,4.5,3.75,1.75,1.88,1.91,0.75,1.84,2.01,4.59,3.86,1.81,,2. Bundesliga,,20210424_Osnabruck_Holstein-Kiel,-148.03414216120655,0.82,1.09,41.2,58.8
2021-04-24,Paderborn,Fortuna Dusseldorf,2,1,4,3,12,11,3,11,3,0,0,0,2.75,3.4,2.45,1.65,2.21,0.25,2.02,1.84,3.34,3.86,2.13,,2. Bundesliga,,20210424_Paderborn_Fortuna-Dusseldorf,-57.430342219762224,1.47,0.78,53.9,46.1
2021-04-25,Regensburg,Hamburg,1,1,4,10,5,7,6,7,2,2,0,0,5.0,3.75,1.66,1.73,2.09,0.75,1.97,1.87,4.89,4.17,1.7,,2. Bundesliga,,20210425_Regensburg_Hamburg,-84.9351358730089,0.05,0.63,45.5,54.5
2021-04-25,Sandhausen,Hannover,4,2,10,6,7,16,4,3,4,4,0,0,2.75,3.3,2.5,1.69,2.15,0.0,2.03,1.82,2.88,3.65,2.46,,2. Bundesliga,,20210425_Sandhausen_Hannover,-60.04185319608291,0.21,1.15,51.9,48.1
2021-04-25,St Pauli,Greuther Furth,2,1,7,3,7,12,4,4,0,2,0,0,3.1,3.25,2.3,1.52,2.47,0.25,1.93,1.92,3.06,3.94,2.23,,2. Bundesliga,,20210425_St-Pauli_Greuther-Furth,-53.93506667546512,1.72,1.16,44.3,55.7
2021-04-26,Darmstadt,Bochum,3,1,6,2,7,5,4,1,4,0,0,0,3.25,3.6,2.1,1.54,2.44,0.25,1.88,1.97,3.09,3.69,2.31,,2. Bundesliga,,20210426_Darmstadt_Bochum,-87.65625306246352,1.18,1.6,48.7,51.3
2021-04-26,Karlsruhe,Erzgebirge Aue,0,0,6,6,8,10,8,4,2,1,0,0,,,,1.77,2.04,-0.75,2.01,1.84,1.77,4.04,4.59,,2. Bundesliga,,20210426_Karlsruhe_Erzgebirge-Aue,33.055828753343576,0.48,1.2,57.7,42.3
2021-04-27,Nurnberg,Holstein Kiel,1,1,2,4,7,5,3,2,3,1,0,0,3.4,3.4,2.1,1.7,2.13,0.0,1.93,1.91,2.65,3.44,2.78,,2. Bundesliga,,20210427_Nurnberg_Holstein-Kiel,-54.0453428823032,0.31,1.14,56.3,43.7
2021-04-28,Greuther Furth,Sandhausen,3,2,4,7,14,4,3,6,3,2,0,0,1.55,4.0,6.0,1.61,2.28,-0.75,1.89,1.96,1.75,3.99,4.8,,2. Bundesliga,,20210428_Greuther-Furth_Sandhausen,112.15751525776545,1.46,1.04,54.5,45.5
2021-04-29,Hamburg,Karlsruhe,1,1,4,4,10,9,7,5,3,2,0,0,1.57,4.0,6.0,1.54,2.43,-1.25,2.07,1.79,1.49,4.67,6.81,,2. Bundesliga,,20210429_Hamburg_Karlsruhe,35.338611530192566,1.59,1.89,58.8,41.2
2021-05-03,Fortuna Dusseldorf,Karlsruhe,3,2,8,1,8,7,4,2,2,2,0,0,1.85,3.5,4.33,1.67,2.18,-0.75,1.95,1.9,1.76,3.93,4.8,,2. Bundesliga,,20210503_Fortuna-Dusseldorf_Karlsruhe,49.626646781674935,2.22,0.92,53.3,46.7
2021-05-04,Holstein Kiel,Sandhausen,2,0,5,3,11,7,2,7,0,1,0,0,1.8,3.6,4.5,1.67,2.19,-0.25,1.8,2.06,2.12,3.64,3.56,,2. Bundesliga,,20210504_Holstein-Kiel_Sandhausen,104.70659068128543,1.16,0.72,51.3,48.7
2021-05-07,Hannover,Darmstadt,1,2,2,3,4,7,2,10,3,2,0,0,2.55,3.75,2.45,1.49,2.56,0.0,1.98,1.86,2.76,3.73,2.51,,2. Bundesliga,,20210507_Hannover_Darmstadt,-44.28334335984982,1.52,1.18,53.9,46.1
2021-05-07,Holstein Kiel,St Pauli,4,0,6,3,4,10,3,7,2,0,0,0,2.3,3.6,2.9,1.59,2.34,-0.25,2.0,1.85,2.35,3.72,2.99,,2. Bundesliga,,20210507_Holstein-Kiel_St-Pauli,19.021897725202734,1.48,0.67,50.2,49.8
2021-05-08,Fortuna Dusseldorf,Braunschweig,2,2,5,6,5,7,4,5,1,3,0,0,1.53,4.0,6.5,1.82,1.98,-1.0,1.75,2.11,1.46,4.49,7.98,,2. Bundesliga,,20210508_Fortuna-Dusseldorf_Braunschweig,138.63392041147813,1.12,0.72,57.4,42.6
2021-05-08,Greuther Furth,Karlsruhe,2,2,5,3,10,3,8,2,2,3,0,0,1.57,4.0,5.5,1.52,2.47,-1.0,2.07,1.78,1.68,4.24,4.96,,2. Bundesliga,,20210508_Greuther-Furth_Karlsruhe,70.64865191019112,1.88,0.41,51.2,48.8
2021-05-08,Wurzburger Kickers,Osnabruck,1,3,1,6,8,12,4,6,1,2,0,0,2.62,3.5,2.45,1.79,2.0,0.25,1.87,1.99,3.18,3.65,2.27,,2. Bundesliga,,20210508_Wurzburger-Kickers_Osnabruck,14.930349190339484,1.21,1.85,49.3,50.7
2021-05-09,Bochum,Regensburg,5,1,8,2,5,1,5,1,1,1,0,1,1.6,4.2,5.25,1.54,2.43,-1.0,1.85,2.0,1.56,4.42,6.16,,2. Bundesliga,,20210509_Bochum_Regensburg,118.94305635575552,2.1,0.22,48.7,51.3
2021-05-09,Erzgebirge Aue,Paderborn,3,8,5,10,8,12,1,6,2,4,0,0,3.0,3.4,2.25,1.48,2.61,0.5,1.83,2.04,3.51,3.96,2.04,,2. Bundesliga,,20210509_Erzgebirge-Aue_Paderborn,-52.12334939326638,1.99,3.07,46.6,53.4
2021-05-09,Heidenheim,Sandhausen,2,1,6,2,4,13,9,4,3,2,0,0,2.0,3.5,3.6,1.74,2.08,0.0,1.87,1.98,2.69,3.47,2.72,,2. Bundesliga,,20210509_Heidenheim_Sandhausen,110.33929016652246,0.65,1.95,58.7,41.3
2021-05-10,Hamburg,Nurnberg,5,2,7,5,6,8,6,5,1,0,0,0,1.66,3.8,5.0,1.57,2.37,-1.0,2.04,1.81,1.66,4.12,5.38,,2. Bundesliga,,20210510_Hamburg_Nurnberg,46.85832115830726,1.96,2.01,54.8,45.2
2021-05-10,Holstein Kiel,Hannover,1,0,1,6,6,8,7,7,0,0,0,0,2.2,3.4,3.2,1.51,2.52,-1.0,2.07,1.79,1.62,4.53,5.2,,2. Bundesliga,,20210510_Holstein-Kiel_Hannover,94.82769518393457,1.11,1.27,58.2,41.8
2021-05-13,Holstein Kiel,Regensburg,3,2,6,2,3,14,3,2,2,2,0,0,1.53,4.0,6.0,1.66,2.2,-0.75,1.84,2.01,1.69,4.01,5.06,,2. Bundesliga,,20210513_Holstein-Kiel_Regensburg,118.13111788079755,1.25,1.08,57.7,42.3
2021-05-16,Braunschweig,Wurzburger Kickers,1,2,6,5,12,6,10,3,2,2,1,0,1.7,3.8,4.75,1.7,2.12,-0.75,1.82,2.04,1.66,4.14,5.23,,2. Bundesliga,,20210516_Braunschweig_Wurzburger-Kickers,47.568667502792096,0.05,1.94,52.1,47.9
2021-05-16,Darmstadt,Heidenheim,5,1,7,5,1,7,3,7,0,2,0,0,2.75,3.6,2.37,1.5,2.53,-0.25,2.03,1.83,2.29,3.7,3.04,,2. Bundesliga,,20210516_Darmstadt_Heidenheim,-15.209664523631773,1.81,1.16,51.7,48.3
2021-05-16,Fortuna Dusseldorf,Erzgebirge Aue,3,0,5,1,7,1,4,5,1,2,0,0,1.53,4.2,5.75,1.41,2.86,-1.25,1.99,1.86,1.5,4.87,6.14,,2. Bundesliga,,20210516_Fortuna-Dusseldorf_Erzgebirge-Aue,97.58358675228055,1.27,0.65,57.0,43.0
2021-05-16,Karlsruhe,Holstein Kiel,3,2,5,1,6,7,2,9,2,0,0,0,3.3,3.6,2.05,1.64,2.25,0.5,1.83,2.02,3.61,3.72,2.04,,2. Bundesliga,,20210516_Karlsruhe_Holstein-Kiel,-80.98669716682889,1.97,1.36,43.7,56.3
2021-05-16,Nurnberg,Bochum,1,1,7,2,5,6,10,4,1,2,0,0,3.6,3.75,1.9,1.54,2.43,0.5,1.88,1.96,3.57,3.81,2.03,,2. Bundesliga,,20210516_Nurnberg_Bochum,-106.2720390539937,0.17,1.29,41.5,58.5
2021-05-16,Osnabruck,Hamburg,3,2,5,10,5,14,5,7,2,0,0,0,5.0,4.0,1.61,1.52,2.51,1.0,1.91,1.92,5.47,4.33,1.61,,2. Bundesliga,,20210516_Osnabruck_Hamburg,-154.92593036978087,0.6,1.38,41.8,58.2
2021-05-16,Paderborn,Greuther Furth,2,4,2,5,4,7,5,4,2,0,0,0,3.3,3.75,2.0,1.41,2.87,0.5,1.9,1.94,3.41,4.15,1.99,,2. Bundesliga,,20210516_Paderborn_Greuther-Furth,-27.603279944733004,1.69,1.95,45.0,55.0
2021-05-16,Sandhausen,Regensburg,2,0,3,3,7,4,3,8,5,1,0,0,2.05,3.5,3.4,1.7,2.13,-0.5,2.02,1.83,2.02,3.72,3.66,,2. Bundesliga,,20210516_Sandhausen_Regensburg,-23.94329772472088,1.48,0.49,51.2,48.8
2021-05-16,St Pauli,Hannover,1,2,4,5,8,7,4,4,4,2,1,0,2.0,3.6,3.4,1.35,3.14,-0.25,2.02,1.83,2.4,3.86,2.77,,2. Bundesliga,,20210516_St-Pauli_Hannover,61.92221574280438,1.65,1.09,53.4,46.6
2021-05-23,Bochum,Sandhausen,3,1,6,5,8,6,3,6,1,1,0,0,1.72,4.2,4.0,1.48,2.6,-0.5,1.85,1.99,1.91,3.91,3.9,,2. Bundesliga,,20210523_Bochum_Sandhausen,150.66102665726635,1.72,0.14,59.8,40.2
2021-05-23,Erzgebirge Aue,Osnabruck,2,1,6,4,12,8,12,6,3,0,0,0,3.4,3.75,2.0,1.48,2.59,0.5,2.04,1.8,3.72,4.14,1.91,,2. Bundesliga,,20210523_Erzgebirge-Aue_Osnabruck,43.68207884218759,1.7,1.37,51.6,48.4
2021-05-23,Greuther Furth,Fortuna Dusseldorf,3,2,8,3,8,1,5,4,3,3,1,0,1.55,4.2,6.0,1.33,3.22,-1.0,1.9,1.94,1.57,4.69,5.38,,2. Bundesliga,,20210523_Greuther-Furth_Fortuna-Dusseldorf,4.902378492486832,1.0,1.38,57.6,42.4
2021-05-23,Hamburg,Braunschweig,4,0,7,4,6,11,4,4,0,0,0,0,1.65,4.0,4.75,1.35,3.1,-0.75,1.84,2.01,1.68,4.57,4.45,,2. Bundesliga,,20210523_Hamburg_Braunschweig,114.06800408404024,1.19,0.05,56.1,43.9
2021-05-23,Hannover,Nurnberg,1,2,7,8,11,5,10,2,0,1,0,0,2.3,3.6,2.8,1.33,3.23,-0.25,2.0,1.85,2.23,4.03,2.96,,2. Bundesliga,,20210523_Hannover_Nurnberg,-12.509211410841772,0.54,1.63,46.7,53.3
2021-05-23,Heidenheim,Karlsruhe,1,2,4,3,8,4,8,8,1,3,0,0,2.1,3.5,3.2,1.41,2.85,-0.25,1.86,1.98,2.15,3.9,3.2,,2. Bundesliga,,20210523_Heidenheim_Karlsruhe,22.462976011377577,1.12,2.13,51.9,48.1
2021-05-23,Holstein Kiel,Darmstadt,2,3,7,4,12,7,3,2,2,2,0,0,1.57,4.33,5.0,1.33,3.23,-1.0,1.89,1.96,1.6,4.61,5.13,,2. Bundesliga,,20210523_Holstein-Kiel_Darmstadt,19.188215336619805,1.98,1.99,46.7,53.3
2021-05-23,Regensburg,St Pauli,3,0,8,2,14,1,4,3,0,3,0,1,2.3,3.4,2.9,1.5,2.54,-0.25,1.99,1.86,2.35,3.45,3.15,,2. Bundesliga,,20210523_Regensburg_St-Pauli,-74.39763882358102,3.07,0.17,50.8,49.2
2021-05-23,Wurzburger Kickers,Paderborn,1,1,4,6,12,17,3,12,1,1,0,0,3.75,4.0,1.83,1.24,3.92,0.75,2.01,1.84,4.32,4.55,1.71,,2. Bundesliga,,20210523_Wurzburger-Kickers_Paderborn,-127.38852400597148,1.16,1.22,44.6,55.4
2021-07-23,Schalke 04,Hamburg,1,3,8,6,6,8,3,5,2,2,0,0,2.62,3.5,2.55,1.66,2.2,0.0,1.88,1.96,2.61,3.66,2.7,,2. Bundesliga,,20210723_Schalke-04_Hamburg,-46.876996271666485,0.72,2.45,50.3,49.7
2021-07-24,Darmstadt,Regensburg,0,2,0,6,9,9,1,5,2,0,0,0,2.05,3.6,3.4,1.91,1.88,0.0,1.81,2.04,2.57,3.26,2.97,,2. Bundesliga,,20210724_Darmstadt_Regensburg,111.29235584780804,1.58,1.74,56.6,43.4
2021-07-24,Dresden,Ingolstadt,3,0,8,1,9,8,5,0,0,2,0,0,2.3,3.4,2.9,1.97,1.82,-0.25,2.05,1.8,2.47,3.39,3.05,,2. Bundesliga,,20210724_Dresden_Ingolstadt,-35.75722677455542,1.83,0.43,45.9,54.1
2021-07-24,Hansa Rostock,Karlsruhe,1,3,5,5,4,7,6,3,3,2,0,0,2.7,3.4,2.5,2.1,1.72,0.0,1.97,1.87,2.82,3.31,2.7,,2. Bundesliga,,20210724_Hansa-Rostock_Karlsruhe,-32.038132018726174,0.96,1.48,50.1,49.9
2021-07-24,Heidenheim,Paderborn,0,0,5,3,9,5,4,5,3,3,0,0,2.2,3.5,3.1,1.71,2.11,-0.25,1.89,1.95,2.21,3.59,3.36,,2. Bundesliga,,20210724_Heidenheim_Paderborn,1.4658557743441634,0.74,0.92,51.8,48.2
2021-07-24,Werder Bremen,Hannover,1,1,3,4,6,9,7,5,1,1,0,0,1.95,3.6,3.6,1.69,2.16,-0.5,1.9,1.93,1.96,3.73,3.98,,2. Bundesliga,,20210724_Werder-Bremen_Hannover,32.45467018525051,1.26,0.97,54.5,45.5
2021-07-25,Nurnberg,Erzgebirge Aue,0,0,3,3,16,3,7,1,0,3,0,0,1.65,3.8,5.0,1.74,2.06,-1.0,1.95,1.89,1.56,4.33,6.23,,2. Bundesliga,,20210725_Nurnberg_Erzgebirge-Aue,31.209626088438426,0.58,0.9,56.3,43.7
2021-07-25,Sandhausen,Fortuna Dusseldorf,0,2,4,7,6,11,9,6,0,2,0,0,3.4,3.4,2.15,1.9,1.89,0.25,1.89,1.95,3.27,3.39,2.34,,2. Bundesliga,,20210725_Sandhausen_Fortuna-Dusseldorf,-131.6522654841756,0.93,1.09,45.1,54.9
2021-07-25,St Pauli,Holstein Kiel,3,0,3,2,9,10,4,3,0,1,0,0,2.45,3.5,2.7,1.77,2.03,0.0,1.87,1.97,2.56,3.63,2.77,,2. Bundesliga,,20210725_St-Pauli_Holstein-Kiel,-59.820874962411835,0.89,0.05,46.6,53.4
2021-07-30,Karlsruhe,Darmstadt,3,0,5,2,13,3,5,1,1,3,0,0,1.33,4.5,8.0,1.74,2.08,-1.0,1.95,1.89,1.59,4.19,6.12,,2. Bundesliga,,20210730_Karlsruhe_Darmstadt,-5.576408588911363,0.82,1.09,55.5,44.5
2021-07-30,Paderborn,Nurnberg,2,2,3,4,1,8,3,6,1,4,0,0,2.45,3.5,2.75,1.83,1.96,0.0,1.94,1.9,2.61,3.64,2.7,,2. Bundesliga,,20210730_Paderborn_Nurnberg,25.420595420803693,1.26,1.2,47.7,52.3
2021-07-31,Fortuna Dusseldorf,Werder Bremen,2,3,6,7,9,9,3,5,4,3,0,0,2.25,3.4,3.0,1.8,1.99,-0.25,1.94,1.9,2.27,3.65,3.2,,2. Bundesliga,,20210731_Fortuna-Dusseldorf_Werder-Bremen,73.44231132231243,1.33,1.59,49.6,50.4
2021-07-31,Hannover,Hansa Rostock,0,3,6,7,6,5,5,5,2,0,0,0,1.8,3.75,4.33,1.71,2.11,-0.75,1.86,1.98,1.68,4.16,5.13,,2. Bundesliga,,20210731_Hannover_Hansa-Rostock,-20.440406689851443,1.92,1.66,45.9,54.1
2021-07-31,Ingolstadt,Heidenheim,1,2,4,3,14,9,4,4,1,1,0,0,3.0,3.4,2.25,1.97,1.83,0.25,1.87,1.97,3.23,3.35,2.38,,2. Bundesliga,,20210731_Ingolstadt_Heidenheim,-80.31871156151533,1.28,0.65,49.1,50.9
2021-07-31,Regensburg,Sandhausen,3,0,13,4,14,11,5,8,1,3,0,1,2.2,3.4,3.3,2.04,1.77,-0.25,1.86,1.98,2.23,3.39,3.51,,2. Bundesliga,,20210731_Regensburg_Sandhausen,43.29904502426666,1.87,0.63,47.6,52.4
2021-08-01,Erzgebirge Aue,St Pauli,0,0,4,3,7,9,4,4,1,2,0,0,3.6,3.6,2.0,1.72,2.1,0.5,1.86,1.97,3.8,3.8,1.99,,2. Bundesliga,,20210801_Erzgebirge-Aue_St-Pauli,-39.2616577008248,0.05,1.39,43.1,56.9
2021-08-01,Hamburg,Dresden,1,1,8,3,9,4,8,3,4,2,0,0,1.61,3.8,5.5,1.65,2.22,-1.0,2.06,1.79,1.64,4.12,5.65,,2. Bundesliga,,20210801_Hamburg_Dresden,117.98132595656875,1.01,1.55,49.2,50.8
2021-08-01,Holstein Kiel,Schalke 04,0,3,4,5,17,5,8,3,3,3,0,0,2.37,3.5,2.9,1.76,2.05,-0.25,1.94,1.89,2.26,3.69,3.18,,2. Bundesliga,,20210801_Holstein-Kiel_Schalke-04,54.437523264811034,0.72,1.7,48.0,52.0
2021-08-13,Schalke 04,Erzgebirge Aue,1,1,3,5,11,5,3,1,1,2,0,0,1.57,3.8,6.5,1.71,2.12,-1.0,1.91,1.92,1.54,4.27,6.77,,2. Bundesliga,,20210813_Schalke-04_Erzgebirge-Aue,29.06774768942114,2.35,1.63,44.2,55.8
2021-08-13,St Pauli,Hamburg,3,2,4,2,11,7,3,3,2,3,0,0,3.0,3.6,2.2,1.58,2.35,0.25,1.89,1.96,3.14,3.75,2.26,,2. Bundesliga,,20210813_St-Pauli_Hamburg,-42.37488755346567,1.5,1.8,44.7,55.3
2021-08-14,Dresden,Hannover,2,0,6,2,7,12,4,6,2,3,0,0,2.9,3.4,2.4,1.83,1.97,0.0,2.01,1.83,2.87,3.58,2.5,,2. Bundesliga,,20210814_Dresden_Hannover,-14.156646367232497,0.97,1.31,50.4,49.6
2021-08-14,Holstein Kiel,Regensburg,0,3,2,4,8,7,4,2,1,3,0,0,2.0,3.6,3.6,1.83,1.97,-0.25,1.88,1.96,2.23,3.44,3.47,,2. Bundesliga,,20210814_Holstein-Kiel_Regensburg,51.01570226815966,0.05,1.28,54.1,45.9
2021-08-14,Nurnberg,Fortuna Dusseldorf,2,0,6,2,9,11,6,6,3,3,0,0,2.3,3.5,2.9,1.91,1.89,-0.25,1.98,1.87,2.36,3.51,3.13,,2. Bundesliga,,20210814_Nurnberg_Fortuna-Dusseldorf,-54.83293682999329,1.21,1.18,54.5,45.5
2021-08-14,Sandhausen,Karlsruhe,0,0,3,3,6,6,3,4,3,1,0,0,3.4,3.4,2.1,1.81,1.99,0.25,2.04,1.8,3.54,3.6,2.13,,2. Bundesliga,,20210814_Sandhausen_Karlsruhe,-140.28455513487984,0.93,1.11,49.3,50.7
2021-08-15,Darmstadt,Ingolstadt,6,1,9,2,11,4,5,1,2,3,0,0,3.0,3.4,2.37,1.81,1.99,0.0,1.91,1.93,2.68,3.53,2.7,,2. Bundesliga,,20210815_Darmstadt_Ingolstadt,97.01055798944844,0.83,1.72,54.5,45.5
2021-08-15,Heidenheim,Hansa Rostock,1,1,3,6,9,1,6,3,0,3,0,0,2.0,3.6,3.4,1.92,1.87,-0.5,1.95,1.89,1.96,3.6,4.14,,2. Bundesliga,,20210815_Heidenheim_Hansa-Rostock,37.77696587072455,1.13,0.63,49.0,51.0
2021-08-15,Werder Bremen,Paderborn,1,4,7,7,11,7,7,2,2,2,0,0,1.9,3.6,3.75,1.7,2.14,-0.5,1.9,1.94,1.95,3.69,4.07,,2. Bundesliga,,20210815_Werder-Bremen_Paderborn,-13.278124924423537,0.43,0.88,49.4,50.6
2021-08-20,Fortuna Dusseldorf,Holstein Kiel,2,2,4,5,15,4,9,2,1,3,0,0,1.8,3.8,4.0,1.72,2.1,-0.5,1.86,1.97,1.93,3.75,4.08,,2. Bundesliga,,20210820_Fortuna-Dusseldorf_Holstein-Kiel,27.514422391228436,2.42,0.66,42.4,57.6
2021-08-20,Hannover,Heidenheim,1,0,3,4,8,9,10,4,2,1,0,0,2.25,3.4,3.1,1.85,1.94,-0.25,1.91,1.93,2.16,3.68,3.4,,2. Bundesliga,,20210820_Hannover_Heidenheim,-91.99605638017374,0.91,0.93,43.4,56.6
2021-08-21,Hansa Rostock,Dresden,1,3,4,9,10,6,8,3,2,4,0,0,2.45,3.3,2.87,2.04,1.77,0.0,1.84,2.0,2.58,3.34,2.93,,2. Bundesliga,,20210821_Hansa-Rostock_Dresden,45.99767629820985,1.19,1.49,56.5,43.5
2021-08-21,Karlsruhe,Werder Bremen,0,0,2,4,6,14,5,8,3,3,1,0,2.1,3.5,3.4,1.74,2.08,-0.25,1.85,1.99,2.16,3.63,3.44,,2. Bundesliga,,20210821_Karlsruhe_Werder-Bremen,48.68904915322901,0.59,0.06,53.9,46.1
2021-08-21,Paderborn,St Pauli,3,1,5,4,14,6,4,4,1,1,0,1,2.4,3.4,2.87,1.5,2.51,-0.25,1.88,1.95,2.16,3.86,3.26,,2. Bundesliga,,20210821_Paderborn_St-Pauli,13.77758350369345,0.05,1.4,57.5,42.5
2021-08-21,Regensburg,Schalke 04,4,1,6,4,10,11,8,2,2,1,0,0,2.87,3.4,2.4,1.83,1.96,0.0,1.91,1.92,2.68,3.37,2.8,,2. Bundesliga,,20210821_Regensburg_Schalke-04,-9.557023274081985,1.84,0.06,45.6,54.4
2021-08-22,Erzgebirge Aue,Sandhausen,1,3,7,6,10,8,5,7,1,2,0,0,2.3,3.3,3.0,1.95,1.84,0.0,1.78,2.06,2.51,3.48,2.92,,2. Bundesliga,,20210822_Erzgebirge-Aue_Sandhausen,55.96738401063453,0.16,1.44,45.8,54.2
2021-08-22,Hamburg,Darmstadt,2,2,5,6,14,10,5,1,2,4,0,0,1.65,4.0,5.0,1.46,2.68,-0.75,1.86,1.98,1.7,4.35,4.73,,2. Bundesliga,,20210822_Hamburg_Darmstadt,-5.166228707586242,0.64,1.55,44.7,55.3
2021-08-22,Ingolstadt,Nurnberg,0,0,3,6,11,7,7,7,4,2,0,0,4.0,3.4,1.9,1.87,1.92,0.25,1.94,1.89,3.46,3.42,2.24,,2. Bundesliga,,20210822_Ingolstadt_Nurnberg,-86.29633500606724,0.3,0.8,47.7,52.3
2021-08-27,Nurnberg,Karlsruhe,2,1,6,5,8,10,3,7,1,2,0,0,2.05,3.4,3.5,2.02,1.79,-0.5,1.99,1.84,2.03,3.42,4.09,,2. Bundesliga,,20210827_Nurnberg_Karlsruhe,-34.908761894937925,1.25,0.05,50.0,50.0
2021-08-27,Sandhausen,Ingolstadt,0,2,2,5,10,5,4,4,2,3,0,0,2.45,3.3,2.8,1.84,1.96,0.0,1.78,2.06,2.48,3.47,2.97,,2. Bundesliga,,20210827_Sandhausen_Ingolstadt,-0.13761746919567486,0.56,1.82,48.2,51.8
2021-08-28,Darmstadt,Hannover,4,0,7,3,7,7,4,9,1,2,0,0,2.4,3.4,2.8,1.66,2.19,-0.25,2.04,1.8,2.33,3.7,3.04,,2. Bundesliga,,20210828_Darmstadt_Hannover,84.88920362984459,1.2,1.43,56.0,44.0
2021-08-28,Heidenheim,Hamburg,0,0,4,5,14,9,15,3,3,2,0,0,3.0,3.3,2.3,1.67,2.19,0.0,1.92,1.91,2.69,3.63,2.63,,2. Bundesliga,,20210828_Heidenheim_Hamburg,-18.294158771288494,1.07,0.5,46.3,53.7
2021-08-28,Holstein Kiel,Erzgebirge Aue,3,0,9,1,9,16,6,5,0,5,0,0,1.75,3.6,4.75,1.71,2.12,-0.75,1.88,1.95,1.73,3.84,5.2,,2. Bundesliga,,20210828_Holstein-Kiel_Erzgebirge-Aue,55.88906924378489,2.4,0.86,53.2,46.8
2021-08-28,Schalke 04,Fortuna Dusseldorf,3,1,11,6,7,11,10,7,2,3,0,0,2.25,3.6,2.9,1.76,2.04,0.0,1.78,2.07,2.53,3.5,2.88,,2. Bundesliga,,20210828_Schalke-04_Fortuna-Dusseldorf,-52.85584353455033,1.37,0.23,49.1,50.9
2021-08-29,Dresden,Paderborn,0,3,8,5,6,5,6,1,2,2,1,0,2.37,3.3,2.9,1.64,2.23,0.0,1.8,2.05,2.49,3.63,2.86,,2. Bundesliga,,20210829_Dresden_Paderborn,-80.44619927976782,0.39,0.5,45.7,54.3
2021-08-29,St Pauli,Regensburg,2,0,5,3,17,5,11,4,1,2,0,0,2.4,3.4,2.87,1.61,2.28,-0.25,1.92,1.92,2.24,3.67,3.23,,2. Bundesliga,,20210829_St-Pauli_Regensburg,7.653917884779958,1.03,0.75,52.1,47.9
2021-08-29,Werder Bremen,Hansa Rostock,3,0,7,2,14,2,8,0,0,4,0,0,1.75,3.6,4.75,1.8,2.0,-0.5,1.82,2.02,1.87,3.59,4.65,,2. Bundesliga,,20210829_Werder-Bremen_Hansa-Rostock,15.39249315265647,1.22,0.05,53.9,46.1
2021-09-11,Hamburg,Sandhausen,2,1,9,3,16,6,15,3,0,4,0,1,1.5,4.0,6.5,1.46,2.66,-1.25,1.91,1.93,1.42,5.25,7.28,,2. Bundesliga,,20210911_Hamburg_Sandhausen,118.07122258288564,1.44,1.07,53.3,46.7
2021-09-11,Hannover,St Pauli,1,0,5,3,9,6,6,5,3,3,0,0,2.37,3.5,2.9,1.58,2.33,0.0,1.98,1.86,2.8,3.68,2.5,,2. Bundesliga,,20210911_Hannover_St-Pauli,-73.77554624491927,1.69,0.05,50.4,49.6
2021-09-11,Ingolstadt,Werder Bremen,0,3,2,8,9,10,4,5,1,2,0,0,3.5,3.6,2.0,1.73,2.1,0.5,1.83,2.0,3.62,3.77,2.05,,2. Bundesliga,,20210911_Ingolstadt_Werder-Bremen,-69.48948125430229,0.21,1.31,48.6,51.4
2021-09-11,Karlsruhe,Holstein Kiel,2,2,7,5,15,9,6,5,2,0,0,0,2.37,3.5,2.8,1.74,2.08,-0.25,1.93,1.91,2.31,3.54,3.21,,2. Bundesliga,,20210911_Karlsruhe_Holstein-Kiel,8.189945537688573,0.47,1.75,50.5,49.5
2021-09-12,Erzgebirge Aue,Fortuna Dusseldorf,0,1,4,4,11,14,5,7,2,2,0,0,4.0,3.5,1.9,1.64,2.24,0.5,1.92,1.91,3.97,3.88,1.93,,2. Bundesliga,,20210912_Erzgebirge-Aue_Fortuna-Dusseldorf,-77.78134386284478,1.43,1.61,44.8,55.2
2021-09-12,Hansa Rostock,Darmstadt,2,1,5,5,8,7,7,4,2,4,0,0,2.87,3.4,2.4,1.66,2.2,0.25,1.83,2.02,3.03,3.69,2.34,,2. Bundesliga,,20210912_Hansa-Rostock_Darmstadt,-77.34921599238805,0.51,0.93,51.9,48.1
2021-09-12,Heidenheim,Dresden,2,1,6,2,15,12,10,6,2,1,0,0,2.1,3.4,3.4,1.97,1.83,-0.25,1.87,1.97,2.2,3.52,3.45,,2. Bundesliga,,20210912_Heidenheim_Dresden,62.39202603828994,1.29,0.31,55.4,44.6
2021-09-12,Paderborn,Schalke 04,0,1,3,8,11,9,5,4,2,1,0,0,2.5,3.5,2.62,1.66,2.2,0.0,1.82,2.02,2.55,3.52,2.84,,2. Bundesliga,,20210912_Paderborn_Schalke-04,55.04174103086598,1.03,0.97,61.5,38.5
2021-09-12,Regensburg,Nurnberg,2,2,6,5,9,9,5,3,4,3,0,1,2.62,3.4,2.55,1.97,1.83,0.0,1.94,1.89,2.76,3.37,2.71,,2. Bundesliga,,20210912_Regensburg_Nurnberg,-33.641439503002175,0.93,1.44,52.4,47.6
2021-09-17,Nurnberg,Hansa Rostock,1,0,4,4,6,11,6,4,0,4,0,0,1.8,3.6,4.2,1.88,1.91,-0.5,1.83,2.01,1.88,3.64,4.5,,2. Bundesliga,,20210917_Nurnberg_Hansa-Rostock,34.715095848176816,0.48,0.21,55.1,44.9
2021-09-17,Schalke 04,Karlsruhe,1,2,3,4,9,5,2,8,3,1,1,0,1.85,3.75,3.8,1.64,2.25,-0.75,2.02,1.83,1.79,4.13,4.36,,2. Bundesliga,,20210917_Schalke-04_Karlsruhe,-17.53440368343172,0.79,1.24,45.6,54.4
2021-09-18,Fortuna Dusseldorf,Regensburg,1,1,5,2,10,6,3,3,1,4,0,0,1.85,3.75,3.8,1.64,2.25,-0.5,1.84,2.0,1.83,4.07,4.22,,2. Bundesliga,,20210918_Fortuna-Dusseldorf_Regensburg,43.876131978695184,1.27,0.88,53.8,46.2
2021-09-18,Holstein Kiel,Hannover,0,3,3,4,5,13,3,4,0,1,1,0,2.25,3.5,2.9,1.76,2.06,-0.25,1.91,1.94,2.13,3.73,3.44,,2. Bundesliga,,20210918_Holstein-Kiel_Hannover,62.37950352525036,1.28,0.95,52.3,47.7
2021-09-18,Sandhausen,Heidenheim,1,3,2,7,7,10,6,7,1,0,0,0,3.1,3.3,2.1,1.82,1.98,0.5,1.84,2.01,3.9,3.77,1.97,,2. Bundesliga,,20210918_Sandhausen_Heidenheim,-118.97956343897295,0.7,1.13,47.4,52.6
2021-09-18,Werder Bremen,Hamburg,0,2,4,4,15,1,5,3,7,4,1,1,2.15,3.5,3.0,1.59,2.34,-0.25,1.83,2.02,2.15,3.82,3.32,,2. Bundesliga,,20210918_Werder-Bremen_Hamburg,-22.894237584259145,0.39,0.93,53.0,47.0
2021-09-19,Darmstadt,Dresden,1,0,5,3,8,6,3,6,2,6,1,1,2.05,3.6,3.25,1.67,2.19,-0.5,2.07,1.79,2.1,3.73,3.53,,2. Bundesliga,,20210919_Darmstadt_Dresden,89.22896652689815,1.46,1.01,52.3,47.7
2021-09-19,Erzgebirge Aue,Paderborn,1,4,5,7,9,8,3,3,0,0,0,0,3.6,3.6,2.0,1.71,2.13,0.5,1.94,1.9,3.98,3.84,1.93,,2. Bundesliga,,20210919_Erzgebirge-Aue_Paderborn,-103.062683264611,0.7,1.1,47.5,52.5
2021-09-19,St Pauli,Ingolstadt,4,1,10,1,10,8,8,3,0,1,0,0,1.6,4.2,5.0,1.64,2.26,-0.75,1.81,2.05,1.67,4.21,5.17,,2. Bundesliga,,20210919_St-Pauli_Ingolstadt,74.26601899684715,1.75,2.42,52.9,47.1
2021-09-24,Heidenheim,Darmstadt,2,1,4,6,14,9,11,7,2,2,0,0,2.0,3.6,3.5,1.65,2.22,-0.5,2.01,1.83,2.04,3.8,3.65,,2. Bundesliga,,20210924_Heidenheim_Darmstadt,-8.041208690064423,0.73,1.98,56.3,43.7
2021-09-24,Regensburg,Erzgebirge Aue,3,2,7,6,10,8,6,3,1,4,0,0,1.61,3.75,5.5,1.68,2.16,-0.75,1.83,2.02,1.67,4.1,5.29,,2. Bundesliga,,20210924_Regensburg_Erzgebirge-Aue,62.66889063690587,2.2,0.4,51.9,48.1
2021-09-25,Hansa Rostock,Schalke 04,0,2,3,6,11,8,3,5,3,2,0,0,4.2,3.6,1.83,1.81,1.98,0.25,1.83,2.02,3.05,3.47,2.43,,2. Bundesliga,,20210925_Hansa-Rostock_Schalke-04,-25.97168293452205,1.06,1.14,49.0,51.0
2021-09-25,Ingolstadt,Fortuna Dusseldorf,1,2,3,2,8,11,4,8,4,3,0,1,4.0,3.5,1.9,1.7,2.14,0.5,1.85,1.99,3.68,3.77,2.03,,2. Bundesliga,,20210925_Ingolstadt_Fortuna-Dusseldorf,-110.65156091407175,1.1,0.71,50.2,49.8
2021-09-25,Karlsruhe,St Pauli,1,3,5,6,12,9,7,1,6,2,0,0,2.87,3.4,2.4,1.63,2.26,0.0,1.8,2.04,2.45,3.63,2.91,,2. Bundesliga,,20210925_Karlsruhe_St-Pauli,27.170849875425347,1.06,1.92,49.7,50.3
2021-09-25,Paderborn,Holstein Kiel,1,2,5,6,7,16,3,11,5,2,1,0,1.95,3.6,3.6,1.53,2.43,-0.5,1.94,1.9,1.94,4.0,3.76,,2. Bundesliga,,20210925_Paderborn_Holstein-Kiel,40.03384791683857,0.97,0.93,58.7,41.3
2021-09-26,Dresden,Werder Bremen,3,0,5,3,7,11,4,8,1,3,0,0,3.5,3.6,2.0,1.91,1.88,0.5,1.83,2.02,3.89,3.6,2.03,,2. Bundesliga,,20210926_Dresden_Werder-Bremen,-72.24310166843247,1.33,0.25,42.5,57.5
2021-09-26,Hamburg,Nurnberg,2,2,6,3,10,5,12,3,3,2,0,0,1.9,3.6,3.8,1.66,2.2,-0.5,1.85,1.99,1.83,3.95,4.32,,2. Bundesliga,,20210926_Hamburg_Nurnberg,21.917650211984892,1.81,2.0,52.2,47.8
2021-09-26,Hannover,Sandhausen,1,2,7,4,11,6,4,3,3,2,0,0,1.6,3.75,6.0,1.57,2.36,-1.0,1.83,2.02,1.53,4.56,6.38,,2. Bundesliga,,20210926_Hannover_Sandhausen,74.2558799908279,1.43,1.24,59.7,40.3
2021-10-01,Erzgebirge Aue,Hamburg,1,1,3,2,7,7,3,7,2,3,1,0,6.0,4.33,1.53,1.46,2.65,1.0,1.99,1.86,5.88,4.8,1.53,,2. Bundesliga,,20211001_Erzgebirge-Aue_Hamburg,-134.3115417116362,1.66,0.44,44.2,55.8
2021-10-01,Werder Bremen,Heidenheim,3,0,4,3,7,6,9,2,0,0,0,0,2.0,3.75,3.6,1.73,2.1,-0.5,1.96,1.88,1.97,3.71,3.98,,2. Bundesliga,,20211001_Werder-Bremen_Heidenheim,-53.65049232417368,0.78,1.16,48.5,51.5
2021-10-02,Fortuna Dusseldorf,Paderborn,2,3,12,7,10,15,5,4,3,1,0,0,2.25,3.5,3.1,1.58,2.33,-0.25,1.89,1.96,2.21,3.69,3.28,,2. Bundesliga,,20211002_Fortuna-Dusseldorf_Paderborn,5.064130659243347,0.51,1.21,53.1,46.9
2021-10-02,Holstein Kiel,Hansa Rostock,0,2,5,3,7,4,9,1,4,4,0,0,1.95,3.5,4.0,1.75,2.07,-0.5,1.89,1.95,1.93,3.66,4.24,,2. Bundesliga,,20211002_Holstein-Kiel_Hansa-Rostock,57.626288633619424,0.51,1.28,52.2,47.8
2021-10-02,Nurnberg,Hannover,0,0,4,1,14,11,6,7,2,1,1,0,2.1,3.4,3.6,1.89,1.91,-0.25,2.03,1.84,2.46,3.36,3.09,,2. Bundesliga,,20211002_Nurnberg_Hannover,72.57854709169601,1.52,1.18,52.3,47.7
2021-10-02,Regensburg,Karlsruhe,2,2,6,4,9,10,0,5,1,3,0,0,2.25,3.3,3.3,1.8,2.0,-0.25,1.97,1.89,2.32,3.45,3.26,,2. Bundesliga,,20211002_Regensburg_Karlsruhe,-27.798005276923277,0.91,0.61,51.3,48.7
2021-10-03,Sandhausen,Darmstadt,1,6,3,9,3,8,3,1,3,1,0,0,3.5,3.75,2.0,1.62,2.28,0.25,1.89,1.96,3.11,3.73,2.28,,2. Bundesliga,,20211003_Sandhausen_Darmstadt,-116.30480646809224,0.88,2.2,37.5,62.5
2021-10-03,Schalke 04,Ingolstadt,3,0,5,0,6,9,3,1,1,1,0,0,1.53,4.33,6.0,1.61,2.29,-1.25,2.06,1.8,1.49,4.62,6.89,,2. Bundesliga,,20211003_Schalke-04_Ingolstadt,99.46633396702487,0.57,0.2,52.8,47.2
2021-10-03,St Pauli,Dresden,3,0,7,0,10,6,6,0,1,2,0,0,1.7,4.0,4.75,1.67,2.19,-0.75,2.0,1.85,1.79,3.97,4.56,,2. Bundesliga,,20211003_St-Pauli_Dresden,76.9172163456949,0.33,0.74,55.4,44.6
2021-10-15,Hannover,Schalke 04,0,1,0,6,1,16,2,8,2,2,0,0,2.62,3.4,2.62,1.84,1.96,0.0,1.94,1.91,2.69,3.42,2.76,,2. Bundesliga,,20211015_Hannover_Schalke-04,-58.758347385232355,1.03,0.86,49.0,51.0
2021-10-15,Paderborn,Regensburg,1,1,6,5,10,10,7,2,1,3,0,0,1.95,4.0,3.5,1.59,2.32,-0.5,1.89,1.95,1.91,4.06,3.85,,2. Bundesliga,,20211015_Paderborn_Regensburg,45.45772912891766,1.09,0.05,60.7,39.3
2021-10-16,Hamburg,Fortuna Dusseldorf,1,1,7,2,14,5,10,4,2,1,0,1,1.8,3.8,4.2,1.63,2.25,-0.5,1.97,1.87,1.99,3.71,3.88,,2. Bundesliga,,20211016_Hamburg_Fortuna-Dusseldorf,20.374292201202252,0.79,1.1,50.9,49.1
2021-10-16,Heidenheim,St Pauli,2,4,4,7,6,4,3,7,3,2,0,0,2.62,3.4,2.7,1.74,2.08,0.0,1.86,2.0,2.66,3.47,2.75,,2. Bundesliga,,20211016_Heidenheim_St-Pauli,-3.1676743182995324,0.47,1.19,49.7,50.3
2021-10-16,Ingolstadt,Holstein Kiel,1,1,3,1,12,5,5,3,4,2,0,0,3.25,3.5,2.2,1.83,1.97,0.0,2.08,1.79,2.92,3.47,2.52,,2. Bundesliga,,20211016_Ingolstadt_Holstein-Kiel,-103.59481016250311,1.33,0.56,45.7,54.3
2021-10-16,Karlsruhe,Erzgebirge Aue,2,1,3,4,8,9,3,5,1,4,1,0,1.65,3.75,5.5,1.71,2.13,-0.75,1.83,2.04,1.65,4.09,5.6,,2. Bundesliga,,20211016_Karlsruhe_Erzgebirge-Aue,104.80526783563437,1.0,0.51,57.7,42.3
2021-10-17,Darmstadt,Werder Bremen,3,0,5,3,5,11,3,3,4,3,0,0,2.87,3.4,2.45,1.55,2.41,0.25,1.84,2.02,3.03,3.71,2.33,,2. Bundesliga,,20211017_Darmstadt_Werder-Bremen,31.424488521919102,1.06,1.0,50.4,49.6
2021-10-17,Dresden,Nurnberg,0,1,5,3,10,6,4,5,2,4,0,0,2.8,3.4,2.5,2.13,1.7,0.0,2.03,1.83,2.93,3.27,2.63,,2. Bundesliga,,20211017_Dresden_Nurnberg,-88.8516684660292,0.45,0.05,43.8,56.2
2021-10-17,Hansa Rostock,Sandhausen,1,1,3,3,14,1,9,0,2,4,0,0,2.0,3.5,3.75,1.81,1.98,-0.5,1.92,1.92,1.93,3.62,4.24,,2. Bundesliga,,20211017_Hansa-Rostock_Sandhausen,71.69493622467508,0.57,1.97,47.2,52.8
2021-10-22,Erzgebirge Aue,Ingolstadt,1,0,5,2,14,7,7,3,3,2,1,0,2.37,3.3,3.0,1.85,1.94,-0.25,2.07,1.79,2.44,3.58,2.96,,2. Bundesliga,,20211022_Erzgebirge-Aue_Ingolstadt,6.67971616996374,0.77,1.32,56.0,44.0
2021-10-22,Paderborn,Hamburg,1,2,9,9,4,15,8,10,2,5,0,0,2.37,3.6,2.8,1.54,2.42,-0.25,2.09,1.78,2.42,3.84,2.83,,2. Bundesliga,,20211022_Paderborn_Hamburg,-1.9468885470821533,0.3,0.83,50.8,49.2
2021-10-23,Fortuna Dusseldorf,Karlsruhe,3,1,7,2,15,8,11,1,0,1,0,0,1.95,3.5,3.8,1.65,2.21,-0.5,1.97,1.87,1.99,3.79,3.8,,2. Bundesliga,,20211023_Fortuna-Dusseldorf_Karlsruhe,-7.4930055133525,1.47,1.68,45.7,54.3
2021-10-23,Holstein Kiel,Darmstadt,1,1,6,6,12,9,4,6,4,3,0,0,2.3,3.4,3.1,1.64,2.23,-0.25,2.05,1.81,2.37,3.79,2.93,,2. Bundesliga,,20211023_Holstein-Kiel_Darmstadt,-45.57456458595493,1.09,1.69,49.4,50.6
2021-10-23,Nurnberg,Heidenheim,4,0,4,3,6,7,5,5,0,3,0,0,2.25,3.25,3.4,2.11,1.72,-0.25,1.96,1.89,2.32,3.36,3.34,,2. Bundesliga,,20211023_Nurnberg_Heidenheim,17.217208253355466,2.18,1.18,57.7,42.3
2021-10-23,Schalke 04,Dresden,3,0,8,5,4,13,2,9,2,2,0,0,1.53,4.0,7.0,1.95,1.84,-1.0,2.02,1.83,1.61,3.9,6.5,,2. Bundesliga,,20211023_Schalke-04_Dresden,98.95939691033755,2.25,0.77,50.0,50.0
2021-10-24,Regensburg,Hannover,3,1,5,4,8,12,4,7,0,2,0,0,2.25,3.4,3.1,1.88,1.91,-0.25,1.99,1.87,2.41,3.5,3.06,,2. Bundesliga,,20211024_Regensburg_Hannover,51.09683999482081,1.13,1.57,49.8,50.2
2021-10-24,Sandhausen,Werder Bremen,2,2,4,7,8,11,0,7,5,4,0,0,4.5,4.0,1.72,1.62,2.26,1.0,1.81,2.05,5.55,4.26,1.62,,2. Bundesliga,,20211024_Sandhausen_Werder-Bremen,-87.77421231708558,1.4,0.8,52.9,47.1
2021-10-24,St Pauli,Hansa Rostock,4,0,10,1,7,4,6,0,0,2,0,0,1.53,4.33,6.0,1.67,2.18,-1.0,1.97,1.88,1.57,4.26,6.23,,2. Bundesliga,,20211024_St-Pauli_Hansa-Rostock,72.91215027676594,1.13,0.05,44.1,55.9
2021-10-29,Darmstadt,Nurnberg,2,0,2,4,10,11,4,4,2,3,0,0,2.0,3.6,3.6,1.75,2.05,-0.5,2.03,1.82,2.06,3.74,3.63,,2. Bundesliga,,20211029_Darmstadt_Nurnberg,-1.929112103095349,1.32,1.45,54.2,45.8
2021-10-29,Heidenheim,Schalke 04,1,0,4,5,13,7,13,4,3,1,0,0,2.8,3.3,2.5,1.91,1.88,0.0,1.99,1.87,2.71,3.44,2.72,,2. Bundesliga,,20211029_Heidenheim_Schalke-04,-29.409613633316212,0.95,1.52,51.2,48.8
2021-10-30,Dresden,Sandhausen,0,1,5,3,12,8,10,5,1,2,0,0,1.95,3.5,4.0,1.83,1.96,-0.5,1.94,1.91,1.98,3.6,4.05,,2. Bundesliga,,20211030_Dresden_Sandhausen,11.507322364355105,1.66,1.64,54.8,45.2
2021-10-30,Hamburg,Holstein Kiel,1,1,3,6,12,7,5,8,3,4,0,0,1.66,4.0,5.0,1.49,2.55,-0.75,1.88,1.98,1.73,4.19,4.7,,2. Bundesliga,,20211030_Hamburg_Holstein-Kiel,53.65677632691336,1.45,1.58,60.8,39.2
2021-10-30,Hannover,Erzgebirge Aue,1,1,5,3,6,15,5,7,4,2,0,0,1.66,3.8,5.25,1.7,2.12,-0.75,1.87,1.99,1.71,4.02,5.08,,2. Bundesliga,,20211030_Hannover_Erzgebirge-Aue,15.8566943180831,2.07,0.05,52.1,47.9
2021-10-30,Werder Bremen,St Pauli,1,1,2,3,11,12,7,2,4,2,0,0,2.3,3.6,3.0,1.5,2.53,-0.25,1.93,1.92,2.21,3.84,3.17,,2. Bundesliga,,20211030_Werder-Bremen_St-Pauli,-64.43623756284228,0.39,0.83,44.5,55.5
2021-10-31,Hansa Rostock,Fortuna Dusseldorf,2,1,7,3,4,4,4,2,1,1,0,0,3.2,3.5,2.2,1.9,1.89,0.25,1.86,2.0,3.18,3.52,2.33,,2. Bundesliga,,20211031_Hansa-Rostock_Fortuna-Dusseldorf,-74.74520138353887,1.72,0.77,45.0,55.0
2021-10-31,Ingolstadt,Regensburg,0,3,3,5,9,2,2,6,1,1,0,0,3.0,3.5,2.3,2.07,1.75,0.25,1.9,1.96,3.31,3.37,2.33,,2. Bundesliga,,20211031_Ingolstadt_Regensburg,-117.66747370295548,1.49,1.62,51.2,48.8
2021-10-31,Karlsruhe,Paderborn,2,4,8,8,11,3,5,3,5,0,0,0,2.7,3.6,2.5,1.62,2.27,0.0,1.92,1.93,2.62,3.7,2.66,,2. Bundesliga,,20211031_Karlsruhe_Paderborn,-9.85460454762574,1.79,2.39,56.2,43.8
2021-11-05,Holstein Kiel,Dresden,2,1,7,4,12,13,5,7,1,3,0,0,1.85,3.5,4.2,1.88,1.92,-0.5,1.94,1.9,1.94,3.65,4.15,,2. Bundesliga,,20211105_Holstein-Kiel_Dresden,96.78433654134483,1.47,1.64,55.4,44.6
2021-11-05,Nurnberg,Werder Bremen,1,2,2,8,6,10,2,9,5,3,0,0,2.8,3.3,2.5,1.94,1.85,0.0,2.08,1.78,2.98,3.35,2.54,,2. Bundesliga,,20211105_Nurnberg_Werder-Bremen,42.32536632934898,0.39,1.38,46.6,53.4
2021-11-06,Fortuna Dusseldorf,Hannover,1,1,4,5,12,6,8,5,1,1,0,0,1.85,3.6,4.33,1.8,2.0,-0.5,2.0,1.84,2.03,3.64,3.84,,2. Bundesliga,,20211106_Fortuna-Dusseldorf_Hannover,84.92198684323785,1.17,0.92,52.1,47.9
2021-11-06,Karlsruhe,Hamburg,1,1,7,3,15,11,9,3,3,1,0,0,3.3,3.5,2.15,1.65,2.21,0.25,1.94,1.91,3.24,3.66,2.24,,2. Bundesliga,,20211106_Karlsruhe_Hamburg,-45.48808851671379,1.76,0.41,45.1,54.9
2021-11-06,Paderborn,Ingolstadt,2,1,7,4,13,10,9,3,0,1,0,0,1.44,4.5,7.5,1.65,2.22,-1.0,2.02,1.83,1.65,4.13,5.46,,2. Bundesliga,,20211106_Paderborn_Ingolstadt,157.56654633703351,0.87,0.93,58.6,41.4
2021-11-06,Regensburg,Hansa Rostock,2,3,6,4,9,7,5,4,1,6,0,0,1.9,3.6,4.0,1.93,1.86,-0.5,1.99,1.85,2.03,3.53,3.98,,2. Bundesliga,,20211106_Regensburg_Hansa-Rostock,40.96240353395092,0.54,1.15,52.1,47.9
2021-11-07,Erzgebirge Aue,Heidenheim,2,0,5,5,7,7,3,7,1,3,0,0,3.6,3.4,2.05,1.89,1.9,0.25,1.99,1.87,3.59,3.48,2.16,,2. Bundesliga,,20211107_Erzgebirge-Aue_Heidenheim,-96.57024736838207,0.37,0.7,50.9,49.1
2021-11-07,Schalke 04,Darmstadt,2,4,8,6,11,11,9,4,2,2,0,0,1.83,3.6,4.33,1.66,2.21,-0.5,2.01,1.84,2.03,3.65,3.85,,2. Bundesliga,,20211107_Schalke-04_Darmstadt,-33.77011390254415,0.46,1.79,43.2,56.8
2021-11-19,Hannover,Paderborn,0,0,5,3,12,12,8,3,2,2,1,0,2.7,3.5,2.5,1.64,2.23,0.0,1.79,2.08,2.41,3.68,2.93,,2. Bundesliga,,20211119_Hannover_Paderborn,-107.98086588763636,2.16,1.46,40.7,59.3
2021-11-19,Sandhausen,Nurnberg,1,2,6,8,4,7,6,10,3,1,0,0,3.6,3.5,2.0,1.94,1.85,0.5,1.82,2.03,3.85,3.52,2.06,,2. Bundesliga,,20211119_Sandhausen_Nurnberg,-100.51053140512408,0.85,1.27,46.5,53.5
2021-11-20,Darmstadt,St Pauli,4,0,8,4,4,8,5,3,3,1,0,0,2.6,3.6,2.6,1.52,2.48,0.0,1.89,1.96,2.54,3.73,2.74,,2. Bundesliga,,20211120_Darmstadt_St-Pauli,15.331310856898654,1.32,0.71,38.5,61.5
2021-11-20,Hamburg,Regensburg,4,1,7,6,8,10,8,8,1,2,0,0,1.61,4.0,5.25,1.52,2.49,-0.75,1.92,1.93,1.75,4.06,4.69,,2. Bundesliga,,20211120_Hamburg_Regensburg,47.890229819469596,1.51,1.17,50.1,49.9
2021-11-20,Hansa Rostock,Erzgebirge Aue,1,2,6,2,11,6,6,3,5,2,0,0,2.0,3.5,3.75,2.01,1.8,-0.5,2.02,1.82,2.04,3.48,3.98,,2. Bundesliga,,20211120_Hansa-Rostock_Erzgebirge-Aue,52.180080421066805,0.95,1.7,58.0,42.0
2021-11-20,Werder Bremen,Schalke 04,1,1,4,3,11,12,4,8,1,4,0,0,2.25,3.5,3.1,1.87,1.92,-0.25,1.88,1.98,2.15,3.53,3.57,,2. Bundesliga,,20211120_Werder-Bremen_Schalke-04,-6.467439066847419,2.02,1.57,52.1,47.9
2021-11-21,Dresden,Fortuna Dusseldorf,1,0,3,2,4,8,4,5,3,2,0,0,3.2,3.4,2.25,2.04,1.77,0.0,2.1,1.78,2.98,3.33,2.55,,2. Bundesliga,,20211121_Dresden_Fortuna-Dusseldorf,-121.28246830018702,0.74,0.96,36.0,64.0
2021-11-21,Heidenheim,Holstein Kiel,2,1,5,4,9,13,5,3,1,2,0,0,2.1,3.5,3.5,1.73,2.09,-0.25,1.86,2.0,2.17,3.57,3.48,,2. Bundesliga,,20211121_Heidenheim_Holstein-Kiel,-8.473869682489294,2.15,0.14,46.9,53.1
2021-11-21,Ingolstadt,Karlsruhe,1,1,2,3,16,15,7,5,0,1,0,0,3.2,3.3,2.3,1.97,1.83,0.0,2.01,1.85,2.83,3.39,2.64,,2. Bundesliga,,20211121_Ingolstadt_Karlsruhe,-132.85728964506598,1.24,2.08,44.1,55.9
2021-11-24,St Pauli,Sandhausen,3,1,9,2,11,3,8,2,1,3,0,0,1.33,5.25,8.5,1.51,2.52,-1.25,1.95,1.9,1.44,4.94,7.32,,2. Bundesliga,,20211124_St-Pauli_Sandhausen,128.82670223183231,1.28,1.51,59.3,40.7
2021-11-26,Fortuna Dusseldorf,Heidenheim,0,1,4,5,11,12,11,5,3,0,0,0,2.2,3.5,3.2,1.96,1.84,-0.25,1.92,1.93,2.25,3.42,3.43,,2. Bundesliga,,20211126_Fortuna-Dusseldorf_Heidenheim,-12.829424914669744,1.48,1.16,48.2,51.8
2021-11-26,Regensburg,Dresden,3,1,6,5,10,9,4,5,2,3,0,0,2.15,3.4,3.4,1.91,1.88,-0.25,1.9,1.95,2.22,3.33,3.57,,2. Bundesliga,,20211126_Regensburg_Dresden,79.66942999654702,1.06,0.76,53.0,47.0
2021-11-27,Erzgebirge Aue,Darmstadt,1,2,5,7,4,10,1,7,0,1,0,0,4.0,3.8,1.85,1.6,2.31,0.5,1.94,1.91,3.99,4.1,1.87,,2. Bundesliga,,20211127_Erzgebirge-Aue_Darmstadt,-126.99046450296896,1.31,1.74,46.4,53.6
2021-11-27,Holstein Kiel,Werder Bremen,2,1,8,6,10,11,5,9,2,1,0,0,3.1,3.5,2.25,1.59,2.31,0.25,1.78,2.09,2.81,3.73,2.48,,2. Bundesliga,,20211127_Holstein-Kiel_Werder-Bremen,-5.372386105082569,1.47,0.15,46.0,54.0
2021-11-27,Karlsruhe,Hannover,4,0,9,2,5,11,5,5,1,2,0,0,2.37,3.5,2.9,1.84,1.95,-0.25,2.0,1.86,2.33,3.53,3.17,,2. Bundesliga,,20211127_Karlsruhe_Hannover,61.475059667148116,1.71,0.6,59.2,40.8
2021-11-27,Schalke 04,Sandhausen,5,2,9,3,17,4,9,2,1,1,0,0,1.44,4.75,7.0,1.58,2.34,-1.0,1.91,1.92,1.56,4.58,5.75,,2. Bundesliga,,20211127_Schalke-04_Sandhausen,107.70458217236842,1.58,1.74,52.1,47.9
2021-11-28,Hamburg,Ingolstadt,3,0,8,5,13,8,7,5,1,0,0,0,1.44,4.5,7.5,1.58,2.33,-1.25,1.99,1.86,1.5,4.6,7.02,,2. Bundesliga,,20211128_Hamburg_Ingolstadt,181.19991390991436,1.41,0.91,56.3,43.7
2021-11-28,Nurnberg,St Pauli,2,3,10,7,9,6,6,10,0,2,0,0,2.9,3.4,2.4,1.87,1.93,0.0,1.87,2.0,2.54,3.42,2.92,,2. Bundesliga,,20211128_Nurnberg_St-Pauli,-18.815553899537917,1.1,2.4,44.0,56.0
2021-11-28,Paderborn,Hansa Rostock,1,1,5,3,13,7,6,7,2,1,0,0,1.8,4.0,4.0,1.67,2.18,-0.5,1.87,1.97,1.92,3.8,4.09,,2. Bundesliga,,20211128_Paderborn_Hansa-Rostock,68.36175059166794,0.54,0.64,56.1,43.9
2021-12-03,Darmstadt,Fortuna Dusseldorf,1,3,8,3,12,6,6,4,2,1,0,0,1.85,4.0,3.8,1.67,2.19,-0.5,1.89,1.96,1.88,3.82,4.23,,2. Bundesliga,,20211203_Darmstadt_Fortuna-Dusseldorf,94.60643717001267,1.03,1.02,56.0,44.0
2021-12-03,Werder Bremen,Erzgebirge Aue,4,0,8,3,7,6,6,2,2,2,0,0,1.4,4.75,7.5,1.55,2.42,-1.25,1.95,1.9,1.46,4.65,7.56,,2. Bundesliga,,20211203_Werder-Bremen_Erzgebirge-Aue,49.44466600983969,1.73,1.45,46.5,53.5
2021-12-04,Hansa Rostock,Ingolstadt,1,1,5,3,16,3,6,0,3,2,0,0,1.83,3.4,4.75,1.9,1.91,-1.0,1.97,1.88,1.6,4.11,6.09,,2. Bundesliga,,20211204_Hansa-Rostock_Ingolstadt,103.60320811000975,0.55,1.05,56.4,43.6
2021-12-04,Nurnberg,Holstein Kiel,2,1,6,4,11,11,6,3,2,1,0,0,2.3,3.4,3.1,1.77,2.03,-0.25,1.93,1.92,2.25,3.61,3.26,,2. Bundesliga,,20211204_Nurnberg_Holstein-Kiel,5.650934168496178,0.61,0.78,53.8,46.2
2021-12-04,Sandhausen,Paderborn,1,1,4,2,11,6,4,1,3,4,0,0,3.5,3.75,2.0,1.64,2.24,0.25,1.8,2.07,2.98,3.64,2.4,,2. Bundesliga,,20211204_Sandhausen_Paderborn,-146.88082431816724,0.53,0.81,41.3,58.7
2021-12-04,St Pauli,Schalke 04,2,1,7,5,8,8,8,4,1,2,0,0,2.15,3.6,3.25,1.62,2.27,-0.5,2.0,1.83,2.05,3.87,3.55,,2. Bundesliga,,20211204_St-Pauli_Schalke-04,39.56567478736815,0.59,0.28,48.8,51.2
2021-12-05,Dresden,Karlsruhe,3,1,9,2,10,7,5,3,1,3,0,1,2.8,3.25,2.6,1.96,1.83,0.0,1.98,1.87,2.82,3.33,2.68,,2. Bundesliga,,20211205_Dresden_Karlsruhe,-110.36901769205838,0.63,2.14,40.9,59.1
2021-12-05,Hannover,Hamburg,1,0,2,3,5,7,4,4,2,2,0,0,3.8,3.6,1.95,1.65,2.2,0.5,1.9,1.92,3.81,3.79,1.99,,2. Bundesliga,,20211205_Hannover_Hamburg,-134.72451937323763,0.39,0.74,42.8,57.2
2021-12-05,Heidenheim,Regensburg,3,0,8,2,11,8,4,7,2,1,0,1,2.15,3.4,3.4,1.8,1.99,-0.5,2.06,1.78,2.12,3.64,3.55,,2. Bundesliga,,20211205_Heidenheim_Regensburg,24.65059618917121,1.74,1.5,48.3,51.7
2021-12-10,Regensburg,Werder Bremen,2,3,6,6,11,11,5,2,2,2,0,0,3.5,3.5,2.05,1.72,2.12,0.5,1.82,2.02,3.72,3.83,2.0,,2. Bundesliga,,20211210_Regensburg_Werder-Bremen,-11.622686856019527,1.02,2.25,45.6,54.4
2021-12-10,Schalke 04,Nurnberg,4,1,8,3,17,6,7,3,2,1,0,0,2.25,3.4,3.1,1.95,1.85,-0.25,1.83,2.02,2.15,3.52,3.58,,2. Bundesliga,,20211210_Schalke-04_Nurnberg,-20.492751898113966,1.44,2.34,48.6,51.4
2021-12-11,Fortuna Dusseldorf,St Pauli,1,1,3,7,4,6,4,6,2,1,0,0,3.0,3.4,2.3,1.68,2.17,0.25,1.81,2.05,3.01,3.6,2.39,,2. Bundesliga,,20211211_Fortuna-Dusseldorf_St-Pauli,-63.0788821095141,1.28,1.38,45.1,54.9
2021-12-11,Holstein Kiel,Sandhausen,2,2,8,2,11,5,6,3,2,5,0,0,1.61,4.0,5.5,1.48,2.6,-1.0,1.87,1.99,1.57,4.46,5.9,,2. Bundesliga,,20211211_Holstein-Kiel_Sandhausen,100.29592312667182,0.66,1.31,56.0,44.0
2021-12-11,Ingolstadt,Hannover,1,2,3,5,5,8,2,1,4,2,0,0,3.5,3.6,2.05,2.05,1.76,0.25,1.91,1.94,3.31,3.53,2.26,,2. Bundesliga,,20211211_Ingolstadt_Hannover,-71.93948552424513,0.99,0.94,51.5,48.5
2021-12-11,Paderborn,Darmstadt,0,1,2,4,7,13,3,8,2,4,0,0,2.55,3.4,2.8,1.55,2.42,0.0,1.91,1.94,2.59,3.7,2.69,,2. Bundesliga,,20211211_Paderborn_Darmstadt,-33.75854754301395,1.31,1.76,54.7,45.3
2021-12-12,Erzgebirge Aue,Dresden,0,1,9,3,9,7,5,6,1,1,0,0,2.7,3.4,2.6,1.98,1.81,0.0,1.97,1.87,2.92,3.25,2.65,,2. Bundesliga,,20211212_Erzgebirge-Aue_Dresden,12.992416382934152,0.44,0.72,53.5,46.5
2021-12-12,Hamburg,Hansa Rostock,3,0,10,6,7,7,10,3,4,4,0,0,1.61,4.2,5.0,1.59,2.34,-1.0,1.86,2.01,1.52,4.61,6.4,,2. Bundesliga,,20211212_Hamburg_Hansa-Rostock,77.14617931633984,0.78,1.21,50.2,49.8
2021-12-12,Karlsruhe,Heidenheim,3,2,4,7,8,12,5,4,1,2,0,0,2.5,3.3,2.9,1.94,1.86,0.0,2.14,1.75,2.6,3.47,2.81,,2. Bundesliga,,20211212_Karlsruhe_Heidenheim,-39.38089278595771,1.43,1.03,49.0,51.0
2021-12-17,Fortuna Dusseldorf,Sandhausen,0,1,3,1,11,3,10,3,0,0,0,0,1.65,4.0,5.0,1.62,2.27,-0.75,1.8,2.07,1.65,4.19,5.34,,2. Bundesliga,,20211217_Fortuna-Dusseldorf_Sandhausen,105.61329782998587,0.34,0.21,51.3,48.7
2021-12-17,Holstein Kiel,St Pauli,3,0,11,3,11,7,5,6,2,4,0,0,2.7,3.75,2.37,1.56,2.4,0.25,1.86,1.99,3.04,3.8,2.29,,2. Bundesliga,,20211217_Holstein-Kiel_St-Pauli,-70.82812822580354,1.15,0.86,43.9,56.1
2021-12-18,Erzgebirge Aue,Nurnberg,1,3,3,8,16,11,2,3,1,2,0,0,3.3,3.5,2.15,1.85,1.94,0.25,1.92,1.92,3.35,3.49,2.26,,2. Bundesliga,,20211218_Erzgebirge-Aue_Nurnberg,-95.94437302996653,0.95,1.82,46.2,53.8
2021-12-18,Hamburg,Schalke 04,1,1,3,7,5,23,6,13,2,5,0,0,1.9,3.75,3.8,1.63,2.25,-0.75,2.13,1.74,1.92,3.89,4.0,,2. Bundesliga,,20211218_Hamburg_Schalke-04,39.66823700783925,1.78,1.21,51.7,48.3
2021-12-18,Ingolstadt,Dresden,3,0,5,1,8,4,6,1,3,1,0,0,2.87,3.4,2.45,2.35,1.58,0.25,1.83,2.02,3.36,3.23,2.38,,2. Bundesliga,,20211218_Ingolstadt_Dresden,-64.0970309220736,1.66,1.17,51.8,48.2
2021-12-18,Paderborn,Heidenheim,1,2,3,6,9,13,3,11,3,3,0,0,2.37,3.6,2.8,1.76,2.05,-0.25,2.0,1.85,2.31,3.69,3.08,,2. Bundesliga,,20211218_Paderborn_Heidenheim,1.0818036101134112,0.8,1.74,49.5,50.5
2021-12-19,Hannover,Werder Bremen,1,4,7,6,1,13,5,5,1,3,0,0,3.4,3.6,2.05,1.79,1.99,0.5,1.83,2.01,3.65,3.66,2.08,,2. Bundesliga,,20211219_Hannover_Werder-Bremen,-55.25175001524099,0.62,1.06,47.7,52.3
2021-12-19,Karlsruhe,Hansa Rostock,2,2,4,7,5,11,0,6,1,2,0,0,2.0,3.8,3.4,1.75,2.04,-0.5,1.99,1.86,2.02,3.86,3.65,,2. Bundesliga,,20211219_Karlsruhe_Hansa-Rostock,47.171183101994075,0.93,0.18,54.8,45.2
2021-12-19,Regensburg,Darmstadt,0,2,5,3,9,9,3,2,1,2,0,0,2.87,3.75,2.3,1.51,2.48,0.25,1.82,2.02,2.96,3.72,2.38,,2. Bundesliga,,20211219_Regensburg_Darmstadt,-101.71069286498869,0.92,1.12,51.3,48.7
2022-01-14,Dresden,Hamburg,1,1,8,5,11,5,4,5,2,0,0,0,4.0,3.6,1.9,1.93,1.86,0.5,1.82,2.04,3.86,3.44,2.09,,2. Bundesliga,,20220114_Dresden_Hamburg,-141.45404258148346,1.34,1.46,45.6,54.4
2022-01-14,Hansa Rostock,Hannover,0,1,5,2,8,3,3,4,3,2,0,0,2.62,3.5,2.7,2.01,1.79,0.0,1.93,1.92,2.8,3.22,2.78,,2. Bundesliga,,20220114_Hansa-Rostock_Hannover,17.510184003386712,0.05,1.09,45.8,54.2
2022-01-15,Darmstadt,Karlsruhe,2,2,11,2,16,10,8,7,1,1,0,0,1.85,3.8,4.0,1.62,2.26,-0.75,1.96,1.88,1.77,4.31,4.31,,2. Bundesliga,,20220115_Darmstadt_Karlsruhe,79.39121608046958,1.83,1.87,55.5,44.5
2022-01-15,Nurnberg,Paderborn,1,2,5,5,9,11,3,6,2,3,0,0,2.3,3.5,3.0,1.6,2.3,-0.25,1.95,1.91,2.26,3.73,3.14,,2. Bundesliga,,20220115_Nurnberg_Paderborn,11.19373442292067,0.28,0.86,45.7,54.3
2022-01-15,St Pauli,Erzgebirge Aue,2,2,6,3,6,4,5,2,0,2,0,0,1.44,5.0,6.5,1.45,2.69,-1.25,1.78,2.08,1.38,5.64,7.82,,2. Bundesliga,,20220115_St-Pauli_Erzgebirge-Aue,141.20284331597895,1.0,0.77,55.1,44.9
2022-01-15,Werder Bremen,Fortuna Dusseldorf,3,0,8,0,10,4,10,3,1,0,0,1,1.75,4.0,4.33,1.67,2.17,-0.75,1.84,2.01,1.69,4.08,5.13,,2. Bundesliga,,20220115_Werder-Bremen_Fortuna-Dusseldorf,31.667188650151957,2.16,0.8,46.3,53.7
2022-01-16,Heidenheim,Ingolstadt,2,1,5,3,6,11,5,3,1,3,0,0,1.66,3.75,5.5,1.82,1.96,-0.75,1.86,1.97,1.71,3.92,5.24,,2. Bundesliga,,20220116_Heidenheim_Ingolstadt,154.51483170248616,2.02,0.22,59.1,40.9
2022-01-16,Sandhausen,Regensburg,0,3,1,6,5,9,0,9,2,2,0,0,2.87,3.6,2.3,1.73,2.06,0.25,1.83,2.01,3.04,3.55,2.4,,2. Bundesliga,,20220116_Sandhausen_Regensburg,-52.68989808620904,0.67,1.71,50.8,49.2
2022-01-16,Schalke 04,Holstein Kiel,1,1,4,5,17,5,6,4,0,0,0,0,1.83,4.0,3.9,1.65,2.21,-0.5,1.86,1.98,1.87,3.98,4.11,,2. Bundesliga,,20220116_Schalke-04_Holstein-Kiel,11.797002996900801,0.72,1.69,48.6,51.4
2022-01-21,Fortuna Dusseldorf,Nurnberg,0,1,5,7,15,8,7,6,4,1,0,0,2.4,3.3,3.0,1.91,1.88,-0.25,2.08,1.79,2.4,3.5,3.06,,2. Bundesliga,,20220121_Fortuna-Dusseldorf_Nurnberg,-30.695422195053197,0.58,1.84,47.1,52.9
2022-01-21,Hamburg,St Pauli,2,1,7,5,8,7,7,3,2,4,0,0,2.2,3.4,3.2,1.6,2.3,-0.25,1.82,2.04,2.07,3.89,3.45,,2. Bundesliga,,20220121_Hamburg_St-Pauli,6.727351404396131,1.42,1.98,49.3,50.7
2022-01-22,Erzgebirge Aue,Schalke 04,0,5,3,10,4,8,0,8,4,2,0,0,4.5,3.75,1.8,1.72,2.11,0.5,2.05,1.81,4.39,3.99,1.81,,2. Bundesliga,,20220122_Erzgebirge-Aue_Schalke-04,-105.96529708126968,1.59,1.78,46.1,53.9
2022-01-22,Hansa Rostock,Heidenheim,0,0,3,2,12,4,7,5,1,0,0,0,3.1,3.4,2.3,2.14,1.7,0.0,1.94,1.91,2.75,3.3,2.77,,2. Bundesliga,,20220122_Hansa-Rostock_Heidenheim,-89.85498222727574,0.46,0.07,47.8,52.2
2022-01-22,Ingolstadt,Darmstadt,0,2,3,10,6,23,1,6,2,3,0,0,4.2,3.75,1.85,1.81,1.99,0.75,1.84,2.01,4.67,3.91,1.79,,2. Bundesliga,,20220122_Ingolstadt_Darmstadt,-211.8712293658118,1.5,0.71,38.3,61.7
2022-01-22,Paderborn,Werder Bremen,3,4,8,8,8,11,3,12,3,2,0,0,3.3,3.4,2.2,1.58,2.34,0.5,1.85,2.0,3.72,3.89,1.99,,2. Bundesliga,,20220122_Paderborn_Werder-Bremen,-9.211078101780913,0.68,1.52,46.2,53.8
2022-01-23,Hannover,Dresden,0,0,6,1,10,5,6,5,2,3,0,1,2.15,3.25,3.6,2.06,1.74,-0.25,1.85,1.99,2.2,3.32,3.67,,2. Bundesliga,,20220123_Hannover_Dresden,38.99612378446636,0.52,1.62,59.2,40.8
2022-01-23,Regensburg,Holstein Kiel,1,2,5,4,13,12,9,3,2,3,0,0,2.37,3.4,3.0,1.69,2.15,-0.25,2.11,1.76,2.55,3.42,2.92,,2. Bundesliga,,20220123_Regensburg_Holstein-Kiel,-29.950970093671913,1.1,0.66,53.4,46.6
2022-02-04,Heidenheim,Hannover,3,1,6,1,9,6,8,2,1,2,0,0,2.25,3.4,3.25,1.9,1.89,0.0,1.73,2.15,2.36,3.53,3.11,,2. Bundesliga,,20220204_Heidenheim_Hannover,80.46178914156849,1.16,0.99,53.1,46.9
2022-02-04,Nurnberg,Ingolstadt,0,5,3,9,12,11,8,4,1,1,0,0,1.65,4.0,5.25,1.79,2.01,-0.75,1.98,1.87,1.83,3.71,4.69,,2. Bundesliga,,20220204_Nurnberg_Ingolstadt,153.73308380105436,1.33,1.68,60.1,39.9
2022-02-05,Sandhausen,Erzgebirge Aue,2,0,8,5,9,7,8,1,4,5,0,0,2.37,3.4,3.0,1.83,1.97,0.0,1.81,2.05,2.53,3.48,2.9,,2. Bundesliga,,20220205_Sandhausen_Erzgebirge-Aue,0.40356294723687824,0.84,0.36,51.5,48.5
2022-02-05,Schalke 04,Regensburg,2,1,6,2,5,11,4,6,2,3,0,0,1.61,4.0,5.25,1.62,2.27,-1.0,2.06,1.8,1.64,4.07,5.71,,2. Bundesliga,,20220205_Schalke-04_Regensburg,60.350964420405944,1.86,1.57,57.6,42.4
2022-02-05,St Pauli,Paderborn,2,2,3,5,5,9,2,4,1,1,0,0,1.72,4.0,4.33,1.54,2.41,-0.5,1.85,2.01,1.81,4.03,4.38,,2. Bundesliga,,20220205_St-Pauli_Paderborn,21.819009571390552,0.73,1.45,54.6,45.4
2022-02-05,Werder Bremen,Karlsruhe,2,1,7,3,14,9,3,5,0,2,0,0,1.5,4.5,6.0,1.55,2.41,-1.25,1.91,1.94,1.44,4.99,7.18,,2. Bundesliga,,20220205_Werder-Bremen_Karlsruhe,33.920056195316874,1.05,0.1,44.7,55.3
2022-02-06,Darmstadt,Hamburg,0,5,2,9,12,6,9,5,1,0,0,0,2.4,3.75,2.75,1.62,2.26,-0.25,2.06,1.79,2.46,3.52,2.97,,2. Bundesliga,,20220206_Darmstadt_Hamburg,26.045789418010827,0.58,1.54,51.6,48.4
2022-02-06,Dresden,Hansa Rostock,1,4,4,13,6,9,8,5,3,2,0,0,2.45,3.25,3.0,2.24,1.63,-0.25,2.09,1.77,2.54,3.16,3.15,,2. Bundesliga,,20220206_Dresden_Hansa-Rostock,-32.99260966359566,1.84,2.03,43.9,56.1
2022-02-06,Holstein Kiel,Fortuna Dusseldorf,1,0,3,2,5,9,4,3,1,2,0,0,2.2,3.5,3.2,1.76,2.04,-0.25,1.9,1.95,2.2,3.55,3.43,,2. Bundesliga,,20220206_Holstein-Kiel_Fortuna-Dusseldorf,51.1202794617343,0.85,1.31,53.2,46.8
2022-02-08,Karlsruhe,Sandhausen,0,2,0,6,15,6,2,0,0,3,0,0,1.83,3.75,4.2,1.64,2.24,-0.5,1.77,2.1,1.77,4.08,4.56,,2. Bundesliga,,20220208_Karlsruhe_Sandhausen,82.24860149464917,1.52,0.95,52.6,47.4
2022-02-11,Erzgebirge Aue,Holstein Kiel,2,3,5,4,7,8,5,3,4,3,1,0,3.5,3.4,2.1,1.8,2.0,0.5,1.91,1.93,4.03,3.65,1.97,,2. Bundesliga,,20220211_Erzgebirge-Aue_Holstein-Kiel,-136.63353710036836,0.57,0.66,45.7,54.3
2022-02-11,Hansa Rostock,Werder Bremen,1,2,4,3,9,9,4,3,5,4,0,0,4.0,3.4,1.9,1.76,2.06,0.5,1.83,2.02,3.89,3.51,2.05,,2. Bundesliga,,20220211_Hansa-Rostock_Werder-Bremen,-90.0844109261509,0.6,0.85,51.0,49.0
2022-02-12,Hamburg,Heidenheim,2,0,6,5,7,5,3,3,1,2,0,0,1.75,3.8,4.5,1.7,2.13,-0.75,1.9,1.95,1.72,4.01,4.96,,2. Bundesliga,,20220212_Hamburg_Heidenheim,29.468429122953694,2.15,0.12,54.6,45.4
2022-02-12,Karlsruhe,Nurnberg,4,1,7,4,13,10,12,7,2,4,0,0,2.6,3.4,2.7,1.68,2.15,-0.25,1.98,1.88,2.3,3.63,3.15,,2. Bundesliga,,20220212_Karlsruhe_Nurnberg,-19.023020002264275,2.29,0.89,52.1,47.9
2022-02-12,Paderborn,Dresden,0,0,4,2,14,9,8,8,2,1,0,0,1.9,3.5,4.0,1.79,2.01,-0.75,2.01,1.85,1.8,3.74,4.83,,2. Bundesliga,,20220212_Paderborn_Dresden,102.1503111197112,0.24,0.12,46.3,53.7
2022-02-12,Regensburg,St Pauli,2,3,8,6,14,6,7,3,1,2,0,0,2.87,3.5,2.37,1.79,2.01,0.0,1.87,1.97,2.62,3.41,2.84,,2. Bundesliga,,20220212_Regensburg_St-Pauli,-75.30481239346386,0.05,3.07,55.1,44.9
2022-02-13,Fortuna Dusseldorf,Schalke 04,2,1,6,4,15,7,8,2,2,0,0,0,3.2,3.4,2.25,1.95,1.85,0.25,1.85,2.0,3.24,3.33,2.39,,2. Bundesliga,,20220213_Fortuna-Dusseldorf_Schalke-04,-79.76737004697088,1.01,1.9,53.1,46.9
2022-02-13,Hannover,Darmstadt,2,2,5,4,12,12,7,4,2,5,0,0,3.1,3.5,2.25,1.72,2.11,0.25,1.9,1.95,3.25,3.56,2.28,,2. Bundesliga,,20220213_Hannover_Darmstadt,-128.7193668370303,1.17,1.94,37.6,62.4
2022-02-13,Ingolstadt,Sandhausen,0,0,1,4,6,7,2,2,5,2,1,0,2.25,3.5,3.1,1.96,1.83,-0.25,2.01,1.84,2.31,3.44,3.29,,2. Bundesliga,,20220213_Ingolstadt_Sandhausen,-48.06244750563951,1.17,1.76,50.4,49.6
2022-02-18,Dresden,Heidenheim,1,1,2,2,7,5,0,5,1,5,0,0,3.2,3.4,2.25,2.15,1.69,0.25,1.82,2.04,3.27,3.3,2.39,,2. Bundesliga,,20220218_Dresden_Heidenheim,-122.4943757428307,1.97,0.61,45.0,55.0
2022-02-18,Schalke 04,Paderborn,2,0,3,6,12,8,4,2,5,1,0,0,1.75,4.1,4.2,1.68,2.16,-0.5,2.0,1.85,2.04,3.71,3.73,,2. Bundesliga,,20220218_Schalke-04_Paderborn,13.954691240501006,1.57,1.15,51.8,48.2
2022-02-19,Holstein Kiel,Karlsruhe,0,2,2,7,8,8,9,2,2,0,0,0,1.95,3.6,3.8,1.6,2.28,-0.5,2.0,1.85,2.03,3.78,3.76,,2. Bundesliga,,20220219_Holstein-Kiel_Karlsruhe,39.65169908263124,0.49,1.21,56.2,43.8
2022-02-19,Nurnberg,Regensburg,2,0,11,3,10,15,6,4,3,2,0,0,2.37,3.5,2.9,1.79,2.01,0.0,1.92,1.92,2.65,3.49,2.75,,2. Bundesliga,,20220219_Nurnberg_Regensburg,43.07798035681503,0.89,0.12,55.0,45.0
2022-02-19,Sandhausen,Hamburg,1,1,1,2,3,8,4,3,3,1,0,0,5.5,3.8,1.65,1.7,2.12,0.75,2.01,1.84,5.24,3.99,1.69,,2. Bundesliga,,20220219_Sandhausen_Hamburg,-157.25075580139332,1.56,1.09,40.4,59.6
2022-02-19,Werder Bremen,Ingolstadt,1,1,9,1,13,12,12,7,0,1,0,0,1.33,5.5,8.5,1.61,2.28,-1.5,1.98,1.87,1.34,5.44,9.71,,2. Bundesliga,,20220219_Werder-Bremen_Ingolstadt,178.41352889380687,0.4,0.69,53.8,46.2
2022-02-20,Darmstadt,Hansa Rostock,1,1,3,3,18,2,5,2,2,3,0,0,1.7,4.0,4.5,1.81,1.99,-0.5,1.93,1.91,1.95,3.5,4.36,,2. Bundesliga,,20220220_Darmstadt_Hansa-Rostock,116.61041567984307,0.59,0.72,58.6,41.4
2022-02-20,Fortuna Dusseldorf,Erzgebirge Aue,3,1,7,2,11,3,6,0,3,1,0,0,1.57,4.0,5.75,1.74,2.08,-1.0,2.07,1.78,1.63,4.12,5.81,,2. Bundesliga,,20220220_Fortuna-Dusseldorf_Erzgebirge-Aue,87.23687945346887,1.95,1.12,54.7,45.3
2022-02-20,St Pauli,Hannover,0,3,3,9,8,8,7,13,1,2,0,0,1.72,3.8,4.75,1.67,2.18,-0.5,2.06,1.8,2.08,3.66,3.65,,2. Bundesliga,,20220220_St-Pauli_Hannover,89.74223331732765,0.06,1.02,49.0,51.0
2022-02-25,Hannover,Holstein Kiel,2,0,10,5,15,15,4,8,2,2,0,0,2.15,3.5,3.3,1.71,2.12,-0.25,1.85,1.99,2.18,3.64,3.39,,2. Bundesliga,,20220225_Hannover_Holstein-Kiel,-56.1826973578286,1.88,1.69,47.0,53.0
2022-02-25,Paderborn,Erzgebirge Aue,3,3,9,7,2,18,7,11,3,1,0,0,1.55,4.2,6.0,1.53,2.46,-1.0,1.93,1.91,1.61,4.3,5.68,,2. Bundesliga,,20220225_Paderborn_Erzgebirge-Aue,121.16466626597844,1.35,0.88,49.7,50.3
2022-02-26,Dresden,Darmstadt,0,1,3,9,10,14,7,5,3,1,0,0,3.6,3.6,2.0,1.8,2.0,0.5,1.88,1.96,3.91,3.66,2.0,,2. Bundesliga,,20220226_Dresden_Darmstadt,-150.99775909909386,0.44,0.94,42.9,57.1
2022-02-26,Hansa Rostock,Nurnberg,0,2,4,7,13,5,9,3,2,0,0,0,2.25,3.3,3.3,1.92,1.88,-0.25,1.84,2.02,2.16,3.54,3.54,,2. Bundesliga,,20220226_Hansa-Rostock_Nurnberg,-41.67118086585674,0.43,0.53,62.3,37.7
2022-02-26,Ingolstadt,St Pauli,1,3,3,5,7,7,4,2,3,2,0,0,4.0,3.6,1.9,1.73,2.1,0.25,1.77,2.1,2.89,3.47,2.54,,2. Bundesliga,,20220226_Ingolstadt_St-Pauli,-135.85077281534632,0.75,0.74,45.9,54.1
2022-02-26,Karlsruhe,Schalke 04,1,1,4,2,14,14,5,4,2,1,0,0,3.2,3.5,2.2,1.63,2.24,0.25,1.81,2.04,3.05,3.58,2.38,,2. Bundesliga,,20220226_Karlsruhe_Schalke-04,-23.74184244656908,1.16,0.59,39.8,60.2
2022-02-27,Hamburg,Werder Bremen,2,3,8,6,5,9,2,4,2,1,0,0,2.55,3.4,2.75,1.72,2.09,0.0,2.0,1.85,2.85,3.47,2.57,,2. Bundesliga,,20220227_Hamburg_Werder-Bremen,24.184365538342036,2.0,3.01,47.4,52.6
2022-02-27,Heidenheim,Sandhausen,1,1,1,6,17,3,11,4,0,2,0,0,1.72,3.6,5.0,1.98,1.81,-0.75,2.03,1.83,1.81,3.53,5.11,,2. Bundesliga,,20220227_Heidenheim_Sandhausen,96.66081692660941,0.05,0.59,53.5,46.5
2022-02-27,Regensburg,Fortuna Dusseldorf,0,0,3,4,6,6,0,6,1,1,0,0,2.5,3.4,2.8,1.82,1.97,0.0,2.01,1.84,2.82,3.41,2.63,,2. Bundesliga,,20220227_Regensburg_Fortuna-Dusseldorf,-44.17125253755307,1.39,1.17,45.4,54.6
2022-03-04,Darmstadt,Heidenheim,3,2,9,5,14,7,7,1,3,1,0,0,1.95,3.6,3.75,1.73,2.08,-0.5,1.9,1.94,1.9,3.85,4.11,,2. Bundesliga,,20220304_Darmstadt_Heidenheim,46.97601925369895,0.98,1.78,49.8,50.2
2022-03-04,Holstein Kiel,Paderborn,3,4,6,6,10,6,4,4,2,2,0,0,2.2,3.6,3.1,1.61,2.29,-0.25,1.99,1.86,2.36,3.72,2.99,,2. Bundesliga,,20220304_Holstein-Kiel_Paderborn,16.273246254525702,0.25,1.3,59.3,40.7
2022-03-05,Nurnberg,Hamburg,2,1,4,4,6,10,4,9,3,5,0,0,3.25,3.5,2.2,1.62,2.27,0.5,1.82,2.03,3.53,3.81,2.07,,2. Bundesliga,,20220305_Nurnberg_Hamburg,-57.554020089326286,0.98,1.13,42.0,58.0
2022-03-05,Sandhausen,Hannover,3,1,8,2,10,5,10,6,3,1,0,0,3.1,3.3,2.37,2.03,1.78,0.25,1.82,2.03,3.17,3.24,2.44,,2. Bundesliga,,20220305_Sandhausen_Hannover,-42.66245889323045,1.68,1.28,50.4,49.6
2022-03-05,Schalke 04,Hansa Rostock,3,4,10,4,16,5,4,2,0,1,0,0,1.66,4.33,4.5,1.76,2.05,-0.5,1.91,1.94,1.94,3.78,4.01,,2. Bundesliga,,20220305_Schalke-04_Hansa-Rostock,84.2954946651762,0.76,1.73,52.2,47.8
2022-03-05,St Pauli,Karlsruhe,3,1,5,2,10,9,6,5,4,2,0,0,1.83,3.9,4.0,1.49,2.57,-0.75,1.95,1.91,1.72,4.26,4.62,,2. Bundesliga,,20220305_St-Pauli_Karlsruhe,23.13362569343326,1.47,1.12,56.6,43.4
2022-03-06,Erzgebirge Aue,Regensburg,1,0,7,3,10,10,4,8,2,1,0,0,2.9,3.75,2.3,1.67,2.17,0.0,1.99,1.85,2.79,3.65,2.53,,2. Bundesliga,,20220306_Erzgebirge-Aue_Regensburg,-58.65740469735283,0.91,1.82,46.2,53.8
2022-03-06,Fortuna Dusseldorf,Ingolstadt,3,0,5,4,18,8,8,5,3,4,0,1,1.61,3.9,5.75,1.82,1.97,-1.0,1.99,1.85,1.58,4.17,6.32,,2. Bundesliga,,20220306_Fortuna-Dusseldorf_Ingolstadt,96.36763604168937,0.86,0.88,65.9,34.1
2022-03-06,Werder Bremen,Dresden,2,1,6,7,10,8,10,9,1,2,0,0,1.36,5.0,8.5,1.55,2.39,-1.75,2.0,1.86,1.28,5.9,11.58,,2. Bundesliga,,20220306_Werder-Bremen_Dresden,160.51943641367188,2.03,0.65,55.2,44.8
2022-03-11,Darmstadt,Sandhausen,1,1,7,4,11,5,4,1,3,3,0,0,1.5,5.0,5.5,1.75,2.07,-0.75,1.87,1.99,1.71,3.96,5.19,,2. Bundesliga,,20220311_Darmstadt_Sandhausen,134.04801864798264,1.2,0.68,59.5,40.5
2022-03-11,Hansa Rostock,Holstein Kiel,3,2,6,2,7,8,6,3,2,2,0,0,2.62,3.4,2.6,1.8,2.0,0.0,1.78,2.08,2.5,3.47,2.94,,2. Bundesliga,,20220311_Hansa-Rostock_Holstein-Kiel,-32.95584042351811,1.17,1.84,52.4,47.6
2022-03-12,Dresden,St Pauli,1,1,5,6,8,16,4,8,0,0,0,0,3.4,3.5,2.1,1.83,1.97,0.25,1.84,2.01,3.07,3.48,2.41,,2. Bundesliga,,20220312_Dresden_St-Pauli,-142.02177387519055,0.74,1.11,44.8,55.2
2022-03-12,Heidenheim,Werder Bremen,2,1,4,8,7,11,6,6,3,2,1,0,3.8,3.6,1.95,1.72,2.11,0.25,2.02,1.83,3.46,3.6,2.11,,2. Bundesliga,,20220312_Heidenheim_Werder-Bremen,-59.52427689814044,1.33,0.53,51.7,48.3
2022-03-12,Paderborn,Fortuna Dusseldorf,1,1,8,5,10,10,7,5,4,4,0,0,2.1,3.4,3.1,1.61,2.27,-0.5,2.0,1.85,2.09,3.66,3.63,,2. Bundesliga,,20220312_Paderborn_Fortuna-Dusseldorf,17.131994733359534,1.09,0.9,52.8,47.2
2022-03-13,Hannover,Nurnberg,0,3,4,5,9,14,2,5,0,1,0,0,2.3,3.4,3.1,1.9,1.9,-0.25,1.93,1.92,2.23,3.51,3.4,,2. Bundesliga,,20220313_Hannover_Nurnberg,-58.20444446179704,1.06,1.41,51.0,49.0
2022-03-13,Ingolstadt,Schalke 04,0,3,3,4,6,13,7,3,3,2,0,0,4.75,4.0,1.7,1.69,2.15,0.75,1.84,2.01,4.58,3.8,1.83,,2. Bundesliga,,20220313_Ingolstadt_Schalke-04,-143.78671422452248,0.05,1.04,38.6,61.4
2022-03-13,Karlsruhe,Regensburg,1,1,4,6,12,9,7,3,2,2,0,0,2.15,3.5,3.3,1.78,2.03,-0.25,1.88,1.97,2.18,3.61,3.43,,2. Bundesliga,,20220313_Karlsruhe_Regensburg,75.35707309358077,0.91,0.67,52.8,47.2
2022-03-18,Erzgebirge Aue,Karlsruhe,0,3,4,3,11,6,6,3,1,4,0,0,2.7,3.3,2.7,1.69,2.14,0.0,1.94,1.91,2.7,3.68,2.64,,2. Bundesliga,,20220318_Erzgebirge-Aue_Karlsruhe,-103.43795091481184,0.24,0.68,40.9,59.1
2022-03-18,St Pauli,Heidenheim,1,0,7,2,13,7,7,0,3,3,0,0,1.95,3.8,3.6,1.69,2.16,-0.5,1.91,1.94,1.83,3.97,4.33,,2. Bundesliga,,20220318_St-Pauli_Heidenheim,8.70279562462747,0.84,1.43,57.7,42.3
2022-03-19,Fortuna Dusseldorf,Hamburg,1,1,4,3,13,10,6,4,2,1,0,0,2.87,3.5,2.45,1.71,2.11,0.0,1.95,1.9,2.68,3.56,2.67,,2. Bundesliga,,20220319_Fortuna-Dusseldorf_Hamburg,-66.2697398388716,0.28,1.07,45.8,54.2
2022-03-19,Sandhausen,Hansa Rostock,0,1,2,3,14,5,14,5,4,1,0,0,2.55,3.3,2.8,2.06,1.74,0.0,1.93,1.92,2.76,3.32,2.75,,2. Bundesliga,,20220319_Sandhausen_Hansa-Rostock,-20.73586237014092,0.9,1.07,49.7,50.3
2022-03-19,Schalke 04,Hannover,2,1,9,4,9,4,12,2,1,2,0,0,1.85,3.6,4.2,1.62,2.26,-0.75,1.83,2.02,1.67,4.08,5.4,,2. Bundesliga,,20220319_Schalke-04_Hannover,68.17550009304091,1.91,1.15,58.8,41.2
2022-03-19,Werder Bremen,Darmstadt,1,0,10,3,16,9,6,1,2,1,0,1,2.0,3.6,3.6,1.57,2.35,-0.25,1.83,2.02,2.18,3.73,3.32,,2. Bundesliga,,20220319_Werder-Bremen_Darmstadt,-17.849372715064646,0.66,1.54,50.9,49.1
2022-03-20,Holstein Kiel,Ingolstadt,1,0,4,4,17,13,5,4,1,5,0,0,1.66,4.0,5.0,1.63,2.25,-0.75,1.91,1.94,1.72,4.04,4.96,,2. Bundesliga,,20220320_Holstein-Kiel_Ingolstadt,116.32264914074426,0.6,0.74,53.0,47.0
2022-03-20,Nurnberg,Dresden,1,1,6,1,13,10,11,2,2,1,0,0,1.9,3.6,4.0,1.9,1.89,-0.5,1.85,2.01,1.85,3.61,4.7,,2. Bundesliga,,20220320_Nurnberg_Dresden,127.63020383231105,1.16,1.22,57.3,42.7
2022-03-20,Regensburg,Paderborn,1,0,3,2,7,9,3,5,2,1,0,0,2.62,3.4,2.7,1.65,2.21,-0.25,2.01,1.84,2.33,3.69,3.06,,2. Bundesliga,,20220320_Regensburg_Paderborn,-77.87573010069787,1.02,0.77,44.0,56.0
2022-04-01,Dresden,Schalke 04,1,2,1,5,8,4,3,1,2,4,0,0,5.0,3.8,1.7,1.85,1.95,0.75,1.79,2.07,4.43,3.76,1.86,,2. Bundesliga,,20220401_Dresden_Schalke-04,-123.03969846541304,0.38,1.34,30.5,69.5
2022-04-01,Ingolstadt,Erzgebirge Aue,3,2,5,2,5,3,8,2,1,2,0,1,2.25,3.5,3.1,1.76,2.05,-0.25,2.08,1.78,2.49,3.58,2.88,,2. Bundesliga,,20220401_Ingolstadt_Erzgebirge-Aue,-26.23105684945517,0.76,0.62,46.7,53.3
2022-04-02,Darmstadt,Holstein Kiel,3,1,5,2,16,6,7,3,3,2,0,0,2.0,3.4,3.8,1.49,2.56,-1.0,1.99,1.86,1.64,4.66,5.28,,2. Bundesliga,,20220402_Darmstadt_Holstein-Kiel,77.057979957523,0.37,1.15,48.2,51.8
2022-04-02,Hamburg,Paderborn,1,2,6,2,7,2,5,0,0,1,0,0,1.65,3.8,5.25,1.51,2.5,-1.0,1.91,1.93,1.54,4.7,5.95,,2. Bundesliga,,20220402_Hamburg_Paderborn,62.70428193926159,0.79,0.52,59.2,40.8
2022-04-02,Hannover,Regensburg,1,1,5,5,13,6,5,6,2,2,0,1,2.15,3.4,3.4,1.91,1.88,-0.25,1.94,1.91,2.23,3.46,3.45,,2. Bundesliga,,20220402_Hannover_Regensburg,6.0482809274762985,1.45,0.05,45.6,54.4
2022-04-02,Hansa Rostock,St Pauli,1,0,6,2,16,9,2,6,2,0,0,0,3.0,3.4,2.37,1.9,1.89,0.0,1.96,1.89,2.87,3.31,2.65,,2. Bundesliga,,20220402_Hansa-Rostock_St-Pauli,-64.3020999691771,1.54,0.05,54.0,46.0
2022-04-03,Heidenheim,Nurnberg,3,1,5,5,13,6,5,9,0,1,0,0,2.3,3.5,3.1,1.91,1.88,-0.25,2.06,1.8,2.41,3.44,3.11,,2. Bundesliga,,20220403_Heidenheim_Nurnberg,-11.088951324044729,1.33,0.49,44.5,55.5
2022-04-03,Karlsruhe,Fortuna Dusseldorf,2,2,4,6,7,5,2,3,1,1,0,0,2.7,3.4,2.6,1.81,1.98,0.25,2.01,1.84,3.54,3.66,2.12,,2. Bundesliga,,20220403_Karlsruhe_Fortuna-Dusseldorf,14.573303501879536,0.66,0.6,49.4,50.6
2022-04-03,Werder Bremen,Sandhausen,1,1,8,1,13,2,5,1,1,2,0,0,1.4,4.75,7.0,1.53,2.46,-1.25,1.98,1.87,1.45,4.91,7.31,,2. Bundesliga,,20220403_Werder-Bremen_Sandhausen,131.27320581277422,0.59,0.68,58.7,41.3
2022-04-05,Hamburg,Erzgebirge Aue,4,0,8,6,12,1,9,2,0,1,0,0,1.33,5.0,9.0,1.49,2.55,-1.5,1.84,2.02,1.28,6.03,11.27,,2. Bundesliga,,20220405_Hamburg_Erzgebirge-Aue,166.43175161007844,1.94,0.22,63.5,36.5
2022-04-08,Fortuna Dusseldorf,Hansa Rostock,3,0,5,2,8,4,4,7,1,4,0,0,1.85,3.4,4.33,1.85,1.93,-0.5,1.86,1.98,1.83,3.71,4.29,,2. Bundesliga,,20220408_Fortuna-Dusseldorf_Hansa-Rostock,-10.585712989154217,0.95,0.81,43.5,56.5
2022-04-08,Regensburg,Ingolstadt,1,1,6,2,11,3,4,5,2,3,0,0,1.95,3.6,3.75,1.77,2.03,-0.5,2.03,1.82,2.15,3.47,3.65,,2. Bundesliga,,20220408_Regensburg_Ingolstadt,69.91680062668343,0.85,0.42,53.4,46.6
2022-04-09,Erzgebirge Aue,Hannover,1,3,4,6,9,6,7,4,3,1,0,0,2.9,3.5,2.37,1.8,2.0,0.25,2.05,1.81,3.66,3.66,2.07,,2. Bundesliga,,20220409_Erzgebirge-Aue_Hannover,-81.77922025691532,1.02,1.51,48.4,51.6
2022-04-09,Nurnberg,Darmstadt,3,1,4,5,10,13,4,4,3,0,0,0,3.0,3.4,2.37,1.59,2.33,0.25,1.84,2.0,3.0,3.69,2.36,,2. Bundesliga,,20220409_Nurnberg_Darmstadt,-59.06037439654256,0.72,0.68,44.4,55.6
2022-04-09,Schalke 04,Heidenheim,3,0,11,7,10,12,6,6,2,1,0,0,1.8,3.8,4.33,1.72,2.1,-0.5,1.86,1.98,1.93,3.63,4.29,,2. Bundesliga,,20220409_Schalke-04_Heidenheim,10.475211237043823,1.21,0.68,52.1,47.9
2022-04-09,St Pauli,Werder Bremen,1,1,4,2,7,13,5,4,1,0,0,0,2.87,3.5,2.45,1.53,2.47,0.25,2.04,1.82,3.58,3.81,2.05,,2. Bundesliga,,20220409_St-Pauli_Werder-Bremen,-33.53192228341754,0.29,0.61,46.6,53.4
2022-04-10,Holstein Kiel,Hamburg,1,0,1,6,3,10,1,5,2,3,0,0,3.6,3.75,1.95,1.52,2.47,0.75,1.81,2.04,3.95,4.21,1.85,,2. Bundesliga,,20220410_Holstein-Kiel_Hamburg,-63.21953738814818,1.22,0.34,47.5,52.5
2022-04-10,Paderborn,Karlsruhe,2,2,3,6,10,8,2,5,2,3,1,0,2.15,3.6,3.25,1.6,2.3,-0.5,1.99,1.85,2.0,3.9,3.68,,2. Bundesliga,,20220410_Paderborn_Karlsruhe,-0.8853113873999519,1.75,1.44,50.1,49.9
2022-04-10,Sandhausen,Dresden,2,1,6,3,4,7,5,7,6,3,0,0,2.3,3.3,3.2,2.16,1.68,-0.25,2.05,1.81,2.41,3.3,3.22,,2. Bundesliga,,20220410_Sandhausen_Dresden,44.84506213976192,1.37,0.18,53.6,46.4
2022-04-16,Dresden,Holstein Kiel,0,0,3,5,11,6,4,3,2,2,0,0,2.45,3.25,2.8,1.84,1.95,-0.25,1.85,2.0,2.21,3.46,3.5,,2. Bundesliga,,20220416_Dresden_Holstein-Kiel,-102.58592986279086,0.38,0.43,39.2,60.8
2022-04-16,Hamburg,Karlsruhe,3,0,6,1,18,2,6,2,0,3,0,1,1.5,4.5,5.5,1.42,2.8,-1.25,1.78,2.08,1.38,5.14,8.01,,2. Bundesliga,,20220416_Hamburg_Karlsruhe,26.059182924349898,1.42,0.89,49.7,50.3
2022-04-16,Hannover,Fortuna Dusseldorf,0,0,2,1,9,11,5,8,0,1,1,0,2.9,3.3,2.3,2.11,1.71,0.25,1.86,2.0,3.46,3.16,2.37,,2. Bundesliga,,20220416_Hannover_Fortuna-Dusseldorf,-47.34482782742839,0.65,0.05,45.1,54.9
2022-04-16,Sandhausen,St Pauli,1,1,2,3,5,3,9,4,1,0,0,0,3.1,3.4,2.2,1.71,2.12,0.25,1.95,1.89,3.36,3.57,2.22,,2. Bundesliga,,20220416_Sandhausen_St-Pauli,-79.7763889918051,0.39,0.48,48.7,51.3
2022-04-17,Darmstadt,Schalke 04,2,5,7,8,14,6,7,4,3,2,0,0,2.3,3.5,2.8,1.59,2.33,-0.25,1.91,1.93,2.24,3.61,3.3,,2. Bundesliga,,20220417_Darmstadt_Schalke-04,9.249619031296788,0.78,2.45,58.3,41.7
2022-04-17,Hansa Rostock,Regensburg,1,1,2,3,8,7,4,5,2,2,1,0,2.1,3.4,3.3,1.91,1.88,-0.25,1.85,2.0,2.23,3.37,3.54,,2. Bundesliga,,20220417_Hansa-Rostock_Regensburg,50.43929603408469,0.92,0.64,54.3,45.7
2022-04-17,Heidenheim,Erzgebirge Aue,0,2,2,3,6,7,6,7,0,1,0,0,1.5,4.2,6.0,1.55,2.41,-1.25,1.99,1.85,1.43,5.27,7.02,,2. Bundesliga,,20220417_Heidenheim_Erzgebirge-Aue,164.54621968591528,0.53,0.62,55.1,44.9
2022-04-17,Ingolstadt,Paderborn,0,1,3,5,5,10,2,5,4,1,0,0,3.0,3.5,2.2,1.7,2.12,0.0,1.88,1.96,2.59,3.47,2.83,,2. Bundesliga,,20220417_Ingolstadt_Paderborn,-130.0828337148737,1.06,1.42,43.5,56.5
2022-04-17,Werder Bremen,Nurnberg,1,1,6,5,10,2,8,2,2,1,0,0,1.55,4.0,5.5,1.46,2.66,-1.25,1.92,1.92,1.44,5.14,6.93,,2. Bundesliga,,20220417_Werder-Bremen_Nurnberg,37.556674406614775,0.05,0.69,50.9,49.1
2022-04-22,Fortuna Dusseldorf,Dresden,2,2,7,3,13,6,3,5,1,4,0,0,1.6,3.8,6.0,1.98,1.81,-1.0,2.01,1.84,1.55,4.27,6.56,,2. Bundesliga,,20220422_Fortuna-Dusseldorf_Dresden,105.18679867380479,1.32,2.1,53.7,46.3
2022-04-22,Karlsruhe,Ingolstadt,2,2,10,5,14,6,9,2,2,5,0,0,1.9,3.6,3.75,1.69,2.14,-0.5,1.92,1.92,1.95,3.62,4.14,,2. Bundesliga,,20220422_Karlsruhe_Ingolstadt,127.51125746466141,1.7,0.97,57.6,42.4
2022-04-23,Holstein Kiel,Heidenheim,1,1,6,4,3,9,8,10,1,3,0,0,2.5,3.4,2.8,1.73,2.1,0.0,1.91,1.94,2.67,3.49,2.73,,2. Bundesliga,,20220423_Holstein-Kiel_Heidenheim,-10.789393567392835,0.68,1.54,49.8,50.2
2022-04-23,Regensburg,Hamburg,2,4,11,8,8,9,4,4,6,2,0,0,4.2,3.75,1.85,1.71,2.11,0.75,1.87,1.98,4.8,3.84,1.78,,2. Bundesliga,,20220423_Regensburg_Hamburg,-101.18655507012045,1.13,0.84,45.7,54.3
2022-04-23,Schalke 04,Werder Bremen,1,4,3,7,15,8,5,2,2,3,0,0,2.8,3.4,2.5,1.48,2.58,0.0,2.03,1.82,2.77,3.71,2.52,,2. Bundesliga,,20220423_Schalke-04_Werder-Bremen,-2.175289726574647,1.66,1.57,45.7,54.3
2022-04-23,St Pauli,Darmstadt,1,2,8,4,14,5,5,2,3,4,0,0,2.3,3.75,2.87,1.45,2.67,0.0,1.92,1.93,2.6,3.78,2.65,,2. Bundesliga,,20220423_St-Pauli_Darmstadt,-15.074145624540506,1.43,0.27,51.0,49.0
2022-04-24,Erzgebirge Aue,Hansa Rostock,2,2,4,4,5,8,2,4,3,2,0,0,2.9,3.5,2.4,1.72,2.1,0.25,1.98,1.87,3.44,3.59,2.18,,2. Bundesliga,,20220424_Erzgebirge-Aue_Hansa-Rostock,-114.40847263453384,1.38,1.26,44.5,55.5
2022-04-24,Nurnberg,Sandhausen,2,4,8,5,11,4,12,6,0,3,0,0,1.83,3.8,4.2,1.81,1.98,-0.5,1.89,1.96,1.92,3.62,4.33,,2. Bundesliga,,20220424_Nurnberg_Sandhausen,72.0266768006802,0.72,0.93,52.1,47.9
2022-04-24,Paderborn,Hannover,3,0,5,4,10,13,4,10,1,1,0,0,2.3,3.75,2.9,1.6,2.31,-0.25,1.99,1.86,2.26,3.74,3.15,,2. Bundesliga,,20220424_Paderborn_Hannover,53.77250857648801,0.53,1.16,54.5,45.5
2022-04-29,Hannover,Karlsruhe,2,0,3,2,9,9,1,3,2,1,0,0,1.85,3.8,4.0,1.71,2.11,-0.75,1.84,2.02,1.69,4.11,5.14,,2. Bundesliga,,20220429_Hannover_Karlsruhe,-41.73013507142127,1.25,1.48,49.5,50.5
2022-04-29,Heidenheim,Fortuna Dusseldorf,1,3,3,8,11,5,9,2,1,1,0,0,2.9,3.2,2.5,1.92,1.87,0.0,1.82,2.04,2.47,3.36,3.08,,2. Bundesliga,,20220429_Heidenheim_Fortuna-Dusseldorf,4.454553380727475,0.69,1.98,43.3,56.7
2022-04-29,Sandhausen,Schalke 04,1,2,3,10,6,8,2,6,1,2,1,0,4.75,3.75,1.72,1.51,2.51,1.0,1.83,2.02,5.06,4.32,1.66,,2. Bundesliga,,20220429_Sandhausen_Schalke-04,-78.44624985277937,1.02,1.62,45.4,54.6
2022-04-29,St Pauli,Nurnberg,1,1,2,2,13,8,7,1,2,0,0,0,1.9,3.8,3.6,1.65,2.21,-0.25,1.9,1.95,2.28,3.75,3.1,,2. Bundesliga,,20220429_St-Pauli_Nurnberg,5.3067958448962145,0.62,1.78,57.2,42.8
2022-04-29,Werder Bremen,Holstein Kiel,2,3,7,5,13,5,5,2,2,4,0,0,1.3,5.75,9.0,1.3,3.41,-2.0,2.02,1.84,1.29,6.91,12.06,,2. Bundesliga,,20220429_Werder-Bremen_Holstein-Kiel,87.88150490439966,1.54,0.83,51.3,48.7
2022-04-30,Darmstadt,Erzgebirge Aue,6,0,9,0,10,3,12,2,0,0,0,0,1.36,5.25,8.5,1.33,3.23,-1.5,1.83,2.03,1.33,6.04,8.74,,2. Bundesliga,,20220430_Darmstadt_Erzgebirge-Aue,185.60005862138155,1.85,0.7,54.0,46.0
2022-04-30,Dresden,Regensburg,1,1,3,3,8,7,5,1,0,0,0,0,2.37,3.25,3.0,1.84,1.95,-0.25,2.02,1.84,2.44,3.47,3.03,,2. Bundesliga,,20220430_Dresden_Regensburg,-31.830708906863265,1.56,0.3,41.6,58.4
2022-04-30,Hansa Rostock,Paderborn,0,0,3,6,10,7,4,7,2,1,0,0,2.3,3.3,3.1,1.65,2.21,-0.25,1.93,1.92,2.25,3.65,3.24,,2. Bundesliga,,20220430_Hansa-Rostock_Paderborn,-37.900224527612636,0.62,0.29,45.3,54.7
2022-04-30,Ingolstadt,Hamburg,0,4,3,7,4,12,0,9,1,2,0,0,6.5,4.33,1.5,1.5,2.52,1.5,1.93,1.92,9.5,5.24,1.36,,2. Bundesliga,,20220430_Ingolstadt_Hamburg,-180.15796296819008,0.96,0.56,46.7,53.3
2022-05-06,Fortuna Dusseldorf,Darmstadt,2,1,5,7,3,12,1,8,1,5,1,1,3.25,3.75,2.1,1.48,2.56,0.25,2.0,1.86,3.32,3.85,2.14,,2. Bundesliga,,20220506_Fortuna-Dusseldorf_Darmstadt,-58.26521798094359,1.65,1.21,46.3,53.7
2022-05-06,Paderborn,Sandhausen,2,0,9,5,7,7,7,8,2,5,0,0,1.9,4.0,3.6,1.57,2.38,-0.5,1.98,1.87,1.96,4.0,3.71,,2. Bundesliga,,20220506_Paderborn_Sandhausen,53.57282378041759,0.62,0.68,53.5,46.5
2022-05-07,Hamburg,Hannover,2,1,6,3,15,6,3,8,1,3,0,0,1.33,5.5,8.5,1.32,3.29,-1.75,1.84,2.0,1.24,6.87,12.02,,2. Bundesliga,,20220507_Hamburg_Hannover,95.65649127820916,1.04,0.17,52.6,47.4
2022-05-07,Ingolstadt,Hansa Rostock,0,0,4,4,5,7,4,4,1,1,0,0,3.1,3.5,2.25,1.75,2.06,0.25,1.89,1.95,3.15,3.59,2.32,,2. Bundesliga,,20220507_Ingolstadt_Hansa-Rostock,-121.12043350653198,0.87,1.0,49.1,50.9
2022-05-07,Regensburg,Heidenheim,0,2,9,4,11,10,2,9,3,2,0,0,2.37,3.4,3.0,1.6,2.32,-0.25,2.02,1.83,2.33,3.69,3.05,,2. Bundesliga,,20220507_Regensburg_Heidenheim,-59.70122900648903,0.61,0.99,43.4,56.6
2022-05-07,Schalke 04,St Pauli,3,2,10,3,12,2,4,3,3,5,0,2,1.5,4.75,5.5,1.42,2.78,-1.0,1.84,2.0,1.54,4.68,5.32,,2. Bundesliga,,20220507_Schalke-04_St-Pauli,39.53709204039569,2.16,1.07,48.4,51.6
2022-05-08,Erzgebirge Aue,Werder Bremen,0,3,4,5,6,7,6,10,2,2,0,0,11.0,8.0,1.2,1.28,3.61,2.0,1.86,1.97,11.77,7.34,1.23,,2. Bundesliga,,20220508_Erzgebirge-Aue_Werder-Bremen,-194.77448407776956,0.91,1.89,36.7,63.3
2022-05-08,Holstein Kiel,Nurnberg,3,0,7,0,7,12,9,3,2,2,0,0,2.5,3.4,2.8,1.46,2.65,0.0,1.77,2.09,2.42,3.85,2.82,,2. Bundesliga,,20220508_Holstein-Kiel_Nurnberg,-11.742624619949083,1.38,1.06,53.8,46.2
2022-05-08,Karlsruhe,Dresden,2,2,7,5,7,9,6,7,1,5,0,0,2.05,3.5,3.6,1.66,2.2,-0.5,1.93,1.91,1.95,3.81,4.04,,2. Bundesliga,,20220508_Karlsruhe_Dresden,74.60833196150475,0.79,1.89,50.0,50.0
2022-05-15,Darmstadt,Paderborn,3,0,6,4,6,7,1,4,3,0,0,1,1.44,4.75,6.0,1.29,3.49,-1.5,2.02,1.83,1.44,5.55,6.34,,2. Bundesliga,,20220515_Darmstadt_Paderborn,24.20353237710492,1.53,0.78,52.3,47.7
2022-05-15,Dresden,Erzgebirge Aue,0,1,4,3,6,10,4,3,2,3,0,0,1.75,4.0,4.2,1.53,2.44,-0.5,1.8,2.05,1.76,4.24,4.41,,2. Bundesliga,,20220515_Dresden_Erzgebirge-Aue,38.85324507837959,0.56,1.2,51.0,49.0
2022-05-15,Hannover,Ingolstadt,3,2,6,4,6,13,6,3,1,4,0,0,1.66,3.8,4.75,1.49,2.56,-0.75,1.83,2.03,1.7,4.32,4.73,,2. Bundesliga,,20220515_Hannover_Ingolstadt,84.26490225955217,1.66,1.92,50.6,49.4
2022-05-15,Hansa Rostock,Hamburg,2,3,5,6,7,12,4,9,2,1,0,0,6.0,5.0,1.45,1.4,2.86,1.25,1.82,2.03,6.24,5.2,1.46,,2. Bundesliga,,20220515_Hansa-Rostock_Hamburg,-84.39876121960424,1.43,1.45,51.3,48.7
2022-05-15,Heidenheim,Karlsruhe,2,0,6,4,9,8,0,8,1,1,0,0,1.95,3.75,3.6,1.42,2.76,-1.0,1.97,1.89,1.6,4.73,5.17,,2. Bundesliga,,20220515_Heidenheim_Karlsruhe,27.22698862223183,0.87,0.05,50.4,49.6
2022-05-15,Nurnberg,Schalke 04,1,2,5,6,12,6,10,3,1,1,0,0,3.2,3.75,2.1,1.36,3.07,0.5,1.88,1.97,3.53,4.26,1.96,,2. Bundesliga,,20220515_Nurnberg_Schalke-04,-67.52305884960833,0.77,0.19,43.3,56.7
2022-05-15,Sandhausen,Holstein Kiel,3,1,7,3,9,8,3,3,3,1,0,0,2.6,3.6,2.5,1.51,2.49,0.0,2.06,1.8,2.91,3.74,2.4,,2. Bundesliga,,20220515_Sandhausen_Holstein-Kiel,-63.467266665275474,0.4,1.05,44.9,55.1
2022-05-15,St Pauli,Fortuna Dusseldorf,2,0,5,5,10,4,7,5,2,2,0,0,2.5,3.6,2.55,1.49,2.56,0.25,1.8,2.06,2.86,3.76,2.43,,2. Bundesliga,,20220515_St-Pauli_Fortuna-Dusseldorf,-10.722606947469558,1.53,0.3,53.3,46.7
2022-05-15,Werder Bremen,Regensburg,2,0,4,5,6,10,5,5,2,4,0,0,1.25,7.5,8.5,1.36,3.07,-1.75,1.82,2.04,1.26,6.64,11.01,,2. Bundesliga,,20220515_Werder-Bremen_Regensburg,150.5769785316279,0.49,0.56,56.3,43.7
2022-07-15,Kaiserslautern,Hannover,2,1,4,5,7,8,4,3,6,3,0,0,2.4,3.4,2.8,1.85,1.94,0.0,1.79,2.06,2.47,3.35,2.94,,2. Bundesliga,,20220715_Kaiserslautern_Hannover,-14.302852146251553,1.29,1.26,48.2,51.8
2022-07-16,Greuther Furth,Holstein Kiel,2,2,10,2,14,2,12,1,5,2,0,0,2.2,3.6,3.2,1.73,2.08,-0.25,1.87,1.97,2.15,3.59,3.32,,2. Bundesliga,,20220716_Greuther-Furth_Holstein-Kiel,73.2166011127174,2.1,1.04,53.7,46.3
2022-07-16,Magdeburg,Fortuna Dusseldorf,1,2,5,3,8,13,6,3,1,2,0,0,2.7,3.6,2.45,1.64,2.24,-0.25,2.03,1.82,2.27,3.78,2.94,,2. Bundesliga,,20220716_Magdeburg_Fortuna-Dusseldorf,-86.47716318105518,0.63,0.1,41.3,58.7
2022-07-16,Regensburg,Darmstadt,2,0,4,2,13,11,3,5,3,4,0,1,3.6,3.8,1.95,1.6,2.31,0.25,2.05,1.79,3.39,3.72,2.08,,2. Bundesliga,,20220716_Regensburg_Darmstadt,-152.0514128806483,1.48,0.84,35.3,64.7
2022-07-16,Sandhausen,Bielefeld,2,1,6,6,7,8,5,6,7,3,0,1,3.1,3.4,2.3,1.93,1.85,0.0,1.98,1.86,2.62,3.32,2.77,,2. Bundesliga,,20220716_Sandhausen_Bielefeld,-143.6718643504803,1.17,1.09,39.3,60.7
2022-07-16,St Pauli,Nurnberg,3,2,7,4,9,8,4,4,3,4,0,0,2.3,3.6,2.9,1.71,2.12,0.0,1.87,1.98,2.63,3.46,2.67,,2. Bundesliga,,20220716_St-Pauli_Nurnberg,28.772353947641022,1.21,1.43,55.1,44.9
2022-07-17,Braunschweig,Hamburg,0,2,8,6,16,9,9,4,0,2,0,0,5.25,4.2,1.61,1.74,2.07,0.75,1.91,1.93,4.79,3.89,1.71,,2. Bundesliga,,20220717_Braunschweig_Hamburg,-172.25921709955446,1.17,1.42,38.4,61.6
2022-07-17,Hansa Rostock,Heidenheim,0,1,4,3,8,6,2,4,2,1,0,0,2.37,3.4,3.0,1.92,1.86,-0.25,2.06,1.79,2.38,3.28,3.13,,2. Bundesliga,,20220717_Hansa-Rostock_Heidenheim,-39.71792634892495,0.72,1.67,53.7,46.3
2022-07-17,Paderborn,Karlsruhe,5,0,9,4,7,4,2,7,0,2,0,0,1.9,3.8,3.75,1.53,2.45,-0.75,1.92,1.91,1.71,4.13,4.5,,2. Bundesliga,,20220717_Paderborn_Karlsruhe,57.086153338642816,1.59,0.34,53.8,46.2
2022-07-22,Darmstadt,Sandhausen,2,1,2,4,8,3,8,3,2,3,0,0,1.8,4.0,4.0,1.59,2.33,-0.75,2.02,1.83,1.81,3.95,4.51,,2. Bundesliga,,20220722_Darmstadt_Sandhausen,61.464374089231114,1.53,0.91,54.4,45.6
2022-07-22,Fortuna Dusseldorf,Paderborn,2,1,4,4,2,7,3,1,2,2,0,0,2.4,3.6,2.75,1.64,2.23,-0.25,1.95,1.89,2.3,3.67,3.12,,2. Bundesliga,,20220722_Fortuna-Dusseldorf_Paderborn,-8.251511471425374,0.76,0.71,49.1,50.9
2022-07-23,Hannover,St Pauli,2,2,4,5,10,11,2,6,1,3,0,0,2.2,3.75,3.0,1.64,2.23,-0.25,2.01,1.83,2.36,3.68,3.02,,2. Bundesliga,,20220723_Hannover_St-Pauli,-88.22081137881673,1.17,0.86,46.6,53.4
2022-07-23,Heidenheim,Braunschweig,3,0,6,3,14,12,7,3,1,0,0,0,2.0,3.5,3.8,1.94,1.85,-0.25,1.8,2.05,2.17,3.44,3.6,,2. Bundesliga,,20220723_Heidenheim_Braunschweig,126.4248353119408,1.52,0.51,55.3,44.7
2022-07-23,Holstein Kiel,Kaiserslautern,2,2,2,5,9,8,3,4,1,1,0,0,2.2,3.4,3.3,1.74,2.08,-0.25,2.04,1.81,2.4,3.54,3.04,,2. Bundesliga,,20220723_Holstein-Kiel_Kaiserslautern,48.84434902557632,1.36,0.22,48.0,52.0
2022-07-23,Nurnberg,Greuther Furth,2,0,10,5,7,4,6,6,4,2,0,0,2.37,3.5,2.9,1.66,2.18,0.0,2.03,1.81,2.94,3.6,2.44,,2. Bundesliga,,20220723_Nurnberg_Greuther-Furth,-90.3300339889222,0.94,0.89,42.0,58.0
2022-07-24,Bielefeld,Regensburg,0,3,4,5,5,8,4,1,0,0,0,0,1.75,3.8,4.5,1.84,1.96,-0.25,1.88,1.96,2.26,3.48,3.36,,2. Bundesliga,,20220724_Bielefeld_Regensburg,166.9834534208453,0.94,1.4,65.9,34.1
2022-07-24,Hamburg,Hansa Rostock,0,1,2,2,15,10,5,7,1,5,0,0,1.53,4.5,5.5,1.63,2.25,-1.0,1.9,1.94,1.59,4.24,6.05,,2. Bundesliga,,20220724_Hamburg_Hansa-Rostock,119.80916065077827,0.51,1.11,52.8,47.2
2022-07-24,Karlsruhe,Magdeburg,2,3,8,4,19,11,9,4,2,3,0,0,2.9,3.5,2.37,1.56,2.39,0.0,2.03,1.81,2.86,3.6,2.5,,2. Bundesliga,,20220724_Karlsruhe_Magdeburg,35.697532153329576,2.26,1.54,40.9,59.1
2022-08-05,Greuther Furth,Karlsruhe,1,1,3,3,7,6,7,3,4,3,0,0,1.7,4.0,4.33,1.52,2.47,-0.5,1.95,1.9,1.96,4.05,3.69,,2. Bundesliga,,20220805_Greuther-Furth_Karlsruhe,122.59721622340885,1.36,0.74,59.1,40.9
2022-08-05,Sandhausen,Fortuna Dusseldorf,1,0,5,6,4,7,5,8,4,1,0,0,2.87,3.5,2.3,2.05,1.76,0.25,1.89,1.95,3.36,3.42,2.28,,2. Bundesliga,,20220805_Sandhausen_Fortuna-Dusseldorf,-55.848558951869336,0.85,0.05,49.7,50.3
2022-08-06,Hamburg,Heidenheim,1,0,4,3,8,12,2,15,1,2,0,0,1.7,4.0,4.75,1.65,2.22,-0.75,1.92,1.92,1.74,4.17,4.63,,2. Bundesliga,,20220806_Hamburg_Heidenheim,35.025004361817764,1.77,0.05,49.7,50.3
2022-08-06,Hansa Rostock,Bielefeld,2,1,4,4,13,10,7,7,1,0,0,0,2.45,3.3,2.9,1.98,1.82,-0.25,2.03,1.82,2.41,3.38,3.16,,2. Bundesliga,,20220806_Hansa-Rostock_Bielefeld,-103.15240640708134,0.82,1.51,51.5,48.5
2022-08-06,Paderborn,Hannover,4,2,11,8,18,10,3,3,2,4,0,0,2.05,3.6,3.4,1.53,2.44,-0.5,1.99,1.85,2.04,3.85,3.58,,2. Bundesliga,,20220806_Paderborn_Hannover,65.25120077951829,1.5,1.48,56.7,43.3
2022-08-06,Regensburg,Nurnberg,0,0,2,1,5,12,6,4,3,1,0,0,2.7,3.3,2.6,1.74,2.07,0.0,1.93,1.92,2.69,3.53,2.69,,2. Bundesliga,,20220806_Regensburg_Nurnberg,-53.22544035562623,0.39,1.77,51.4,48.6
2022-08-07,Braunschweig,Darmstadt,0,1,3,5,5,18,2,5,2,3,0,0,3.3,3.4,2.2,1.63,2.25,0.5,1.78,2.08,3.54,3.84,2.06,,2. Bundesliga,,20220807_Braunschweig_Darmstadt,-170.83632513628663,0.85,1.3,45.0,55.0
2022-08-07,Kaiserslautern,St Pauli,2,1,3,4,7,10,8,4,1,1,0,0,2.4,3.6,2.7,1.66,2.19,-0.25,2.03,1.82,2.33,3.7,3.04,,2. Bundesliga,,20220807_Kaiserslautern_St-Pauli,-72.87701972667537,1.97,1.53,42.2,57.8
2022-08-07,Magdeburg,Holstein Kiel,1,2,3,6,6,11,3,9,4,4,1,0,2.05,3.6,3.4,1.48,2.61,-0.5,1.98,1.86,2.01,4.1,3.48,,2. Bundesliga,,20220807_Magdeburg_Holstein-Kiel,-76.98039745836309,1.28,1.0,48.6,51.4
2022-08-12,Kaiserslautern,Paderborn,0,1,2,6,5,11,3,3,3,3,1,0,2.87,3.5,2.4,1.57,2.38,0.25,1.77,2.09,2.86,3.64,2.48,,2. Bundesliga,,20220812_Kaiserslautern_Paderborn,-51.16543249288088,0.05,1.0,41.1,58.9
2022-08-12,Nurnberg,Heidenheim,0,3,3,5,7,12,2,6,0,1,0,0,2.15,3.75,3.2,1.75,2.06,-0.5,1.95,1.89,2.03,3.61,3.85,,2. Bundesliga,,20220812_Nurnberg_Heidenheim,-19.73483057074759,1.59,2.29,51.5,48.5
2022-08-13,Bielefeld,Hamburg,0,2,5,10,9,5,6,4,4,1,0,0,3.75,3.75,1.95,1.63,2.26,0.25,2.03,1.81,3.42,3.73,2.14,,2. Bundesliga,,20220813_Bielefeld_Hamburg,-10.949790833824409,0.52,1.99,49.9,50.1
2022-08-13,Darmstadt,Hansa Rostock,4,0,8,1,5,7,3,2,3,3,0,0,1.75,3.75,4.5,1.65,2.24,-1.0,2.0,1.84,1.61,4.31,5.68,,2. Bundesliga,,20220813_Darmstadt_Hansa-Rostock,72.67125444706653,1.9,1.15,61.3,38.7
2022-08-13,Holstein Kiel,Braunschweig,3,0,7,6,9,12,4,4,2,2,0,0,2.15,3.5,3.25,1.64,2.24,-0.25,1.84,2.01,2.18,3.67,3.36,,2. Bundesliga,,20220813_Holstein-Kiel_Braunschweig,134.63977105078743,1.75,0.27,62.0,38.0
2022-08-13,Karlsruhe,Sandhausen,3,2,8,2,20,6,10,2,2,3,0,0,2.25,3.5,3.1,1.84,1.97,0.0,1.77,2.1,2.49,3.45,2.97,,2. Bundesliga,,20220813_Karlsruhe_Sandhausen,-48.436939957543245,1.08,1.46,42.9,57.1
2022-08-14,Fortuna Dusseldorf,Greuther Furth,2,2,4,4,10,3,5,2,3,4,0,0,2.1,3.5,3.5,1.74,2.08,-0.5,2.01,1.83,2.04,3.69,3.74,,2. Bundesliga,,20220814_Fortuna-Dusseldorf_Greuther-Furth,-38.00281619790712,1.46,1.55,54.0,46.0
2022-08-14,Hannover,Regensburg,1,0,6,7,9,8,5,3,3,2,0,0,2.1,3.6,3.4,1.64,2.24,-0.25,1.8,2.05,2.11,3.73,3.5,,2. Bundesliga,,20220814_Hannover_Regensburg,-7.870779913286242,1.03,0.57,48.8,51.2
2022-08-14,St Pauli,Magdeburg,3,0,8,1,11,6,7,3,3,0,0,0,2.0,3.8,3.3,1.36,3.08,-0.75,1.85,1.99,1.74,4.63,4.67,,2. Bundesliga,,20220814_St-Pauli_Magdeburg,99.26811858675069,0.53,1.37,56.4,43.6
2022-08-19,Hamburg,Darmstadt,1,2,5,7,10,15,6,7,3,5,2,1,2.15,3.8,3.1,1.5,2.55,-0.25,1.91,1.93,2.27,3.69,3.15,,2. Bundesliga,,20220819_Hamburg_Darmstadt,12.60359950845509,0.35,1.33,53.1,46.9
2022-08-19,Magdeburg,Hannover,0,4,5,9,16,7,6,4,3,4,0,0,2.62,3.75,2.45,1.46,2.66,0.0,1.87,1.97,2.52,3.82,2.71,,2. Bundesliga,,20220819_Magdeburg_Hannover,-42.65562703314117,0.62,2.27,44.4,55.6
2022-08-20,Braunschweig,Fortuna Dusseldorf,2,2,6,6,6,13,7,6,1,5,0,0,3.75,3.4,2.05,1.72,2.09,0.5,1.8,2.05,3.58,3.75,2.07,,2. Bundesliga,,20220820_Braunschweig_Fortuna-Dusseldorf,-146.91991062575744,0.64,1.14,43.7,56.3
2022-08-20,Paderborn,Holstein Kiel,7,2,9,6,8,10,2,9,1,4,0,0,1.72,4.2,4.33,1.35,3.17,-1.0,2.03,1.83,1.63,4.7,4.85,,2. Bundesliga,,20220820_Paderborn_Holstein-Kiel,13.446183828933727,1.52,0.54,49.0,51.0
2022-08-20,Regensburg,Karlsruhe,0,6,2,8,4,9,4,7,3,2,0,0,2.25,3.5,3.2,1.7,2.13,-0.25,1.98,1.87,2.35,3.6,3.09,,2. Bundesliga,,20220820_Regensburg_Karlsruhe,-19.032224983962806,1.37,2.09,48.7,51.3
2022-08-20,Sandhausen,Nurnberg,1,2,2,8,4,9,4,7,2,3,0,0,2.7,3.5,2.5,1.86,1.93,0.0,1.86,1.98,2.68,3.46,2.74,,2. Bundesliga,,20220820_Sandhausen_Nurnberg,-10.385168152903816,1.08,1.61,48.8,51.2
2022-08-21,Greuther Furth,Kaiserslautern,1,3,7,6,17,4,8,3,0,3,0,0,2.0,3.6,3.75,1.82,1.97,-0.25,1.94,1.9,2.29,3.53,3.25,,2. Bundesliga,,20220821_Greuther-Furth_Kaiserslautern,90.73980807514909,1.07,0.55,43.6,56.4
2022-08-21,Hansa Rostock,St Pauli,2,0,3,1,9,13,3,7,3,2,0,0,2.75,3.6,2.45,1.7,2.13,0.0,1.95,1.89,2.8,3.62,2.54,,2. Bundesliga,,20220821_Hansa-Rostock_St-Pauli,-45.11611802732659,1.83,0.79,45.9,54.1
2022-08-21,Heidenheim,Bielefeld,1,1,6,1,10,5,6,2,1,4,0,1,2.1,3.5,3.5,1.7,2.14,-0.75,1.97,1.88,1.77,4.04,4.59,,2. Bundesliga,,20220821_Heidenheim_Bielefeld,-22.722886755731224,0.5,1.06,57.6,42.4
2022-08-26,Bielefeld,Braunschweig,4,1,6,3,7,15,4,4,3,3,0,0,1.95,3.6,3.8,1.69,2.15,-0.5,2.03,1.81,2.09,3.68,3.6,,2. Bundesliga,,20220826_Bielefeld_Braunschweig,173.8320579713902,1.45,1.39,51.5,48.5
2022-08-26,Fortuna Dusseldorf,Regensburg,4,0,9,2,6,10,3,3,2,3,0,0,1.61,4.0,5.5,1.66,2.19,-0.75,1.85,2.0,1.69,4.1,5.14,,2. Bundesliga,,20220826_Fortuna-Dusseldorf_Regensburg,89.68905956333697,1.01,0.98,50.6,49.4
2022-08-27,Darmstadt,Heidenheim,2,2,6,4,10,4,12,2,2,6,0,0,1.8,3.8,4.33,1.59,2.34,-0.5,1.82,2.02,1.88,3.89,4.18,,2. Bundesliga,,20220827_Darmstadt_Heidenheim,55.96436208904197,1.35,0.39,48.8,51.2
2022-08-27,Karlsruhe,Hansa Rostock,2,0,10,3,11,7,8,2,2,4,0,0,2.2,3.5,3.2,1.71,2.11,-0.25,1.81,2.04,2.11,3.63,3.59,,2. Bundesliga,,20220827_Karlsruhe_Hansa-Rostock,-28.666715236402524,0.17,0.91,43.0,57.0
2022-08-27,Nurnberg,Hamburg,0,2,5,3,11,9,4,6,1,2,0,0,3.1,3.5,2.25,1.59,2.32,0.25,1.96,1.89,3.44,3.69,2.14,,2. Bundesliga,,20220827_Nurnberg_Hamburg,-75.21306631529683,0.16,1.61,47.0,53.0
2022-08-27,St Pauli,Paderborn,2,2,5,5,15,8,7,2,2,1,0,0,2.7,4.0,2.3,1.38,2.94,0.0,2.01,1.84,2.58,3.99,2.56,,2. Bundesliga,,20220827_St-Pauli_Paderborn,-33.919122708897476,0.92,0.51,49.1,50.9
2022-08-28,Hannover,Greuther Furth,2,1,6,5,5,11,2,5,4,0,0,0,2.2,3.5,3.25,1.62,2.26,-0.25,1.89,1.94,2.21,3.64,3.32,,2. Bundesliga,,20220828_Hannover_Greuther-Furth,-76.25440500325271,1.24,1.69,46.0,54.0
2022-08-28,Holstein Kiel,Sandhausen,1,0,3,3,5,8,7,5,2,2,0,0,2.1,3.8,3.2,1.7,2.13,-0.5,1.93,1.91,1.97,3.81,3.85,,2. Bundesliga,,20220828_Holstein-Kiel_Sandhausen,45.957205271813564,1.15,0.51,54.3,45.7
2022-08-28,Kaiserslautern,Magdeburg,4,4,4,5,8,8,5,5,1,3,0,0,1.9,4.0,3.6,1.5,2.54,-0.75,1.87,1.97,1.71,4.34,4.66,,2. Bundesliga,,20220828_Kaiserslautern_Magdeburg,79.36774625435669,1.91,2.73,52.2,47.8
2022-09-02,Braunschweig,Nurnberg,4,2,8,5,10,10,9,3,4,1,0,0,2.87,3.5,2.45,1.72,2.1,0.0,2.05,1.8,2.85,3.54,2.54,,2. Bundesliga,,20220902_Braunschweig_Nurnberg,-118.17065379777796,0.48,1.46,51.2,48.8
2022-09-02,Heidenheim,Fortuna Dusseldorf,2,1,3,4,12,11,8,5,1,4,0,0,2.62,3.4,2.7,1.81,1.98,0.0,1.87,1.97,2.66,3.33,2.85,,2. Bundesliga,,20220902_Heidenheim_Fortuna-Dusseldorf,8.288070067438184,1.58,0.05,48.9,51.1
2022-09-03,Greuther Furth,St Pauli,2,2,5,4,5,11,6,6,1,5,0,0,2.3,3.6,3.0,1.66,2.2,-0.25,2.05,1.8,2.49,3.55,2.91,,2. Bundesliga,,20220903_Greuther-Furth_St-Pauli,10.64199630193707,0.74,2.03,47.4,52.6
2022-09-03,Hamburg,Karlsruhe,1,0,5,7,11,4,5,4,1,2,0,0,1.61,4.2,5.0,1.47,2.64,-0.75,1.91,1.93,1.78,4.15,4.42,,2. Bundesliga,,20220903_Hamburg_Karlsruhe,103.46308176849993,1.59,1.42,46.3,53.7
2022-09-03,Paderborn,Magdeburg,1,0,13,2,13,4,8,2,2,4,0,1,1.44,5.0,6.0,1.26,3.72,-1.25,1.9,1.94,1.49,5.16,6.08,,2. Bundesliga,,20220903_Paderborn_Magdeburg,143.63289399417772,1.01,1.18,59.1,40.9
2022-09-03,Regensburg,Holstein Kiel,0,0,2,3,6,8,6,9,2,0,0,0,2.37,3.6,2.75,1.72,2.11,0.0,1.97,1.88,2.84,3.48,2.57,,2. Bundesliga,,20220903_Regensburg_Holstein-Kiel,-105.19502765135599,1.16,1.04,46.8,53.2
2022-09-04,Darmstadt,Bielefeld,1,1,2,5,12,7,9,4,0,3,0,0,1.61,4.2,5.0,1.49,2.57,-1.0,1.89,1.95,1.56,4.54,5.66,,2. Bundesliga,,20220904_Darmstadt_Bielefeld,26.440997001684536,1.41,1.02,51.7,48.3
2022-09-04,Hansa Rostock,Hannover,0,1,4,4,12,7,10,3,4,2,0,0,2.55,3.4,2.75,1.86,1.93,0.0,1.84,2.0,2.56,3.46,2.87,,2. Bundesliga,,20220904_Hansa-Rostock_Hannover,4.255224905308751,0.91,0.98,52.2,47.8
2022-09-04,Sandhausen,Kaiserslautern,0,0,3,2,8,9,2,7,3,3,0,0,2.62,3.4,2.7,2.02,1.78,0.25,1.83,2.02,3.02,3.31,2.54,,2. Bundesliga,,20220904_Sandhausen_Kaiserslautern,-22.07483385219757,1.28,0.31,51.3,48.7
2022-09-09,Holstein Kiel,Hamburg,2,3,9,7,13,5,10,4,0,2,0,0,3.6,3.75,1.9,1.61,2.28,0.5,1.86,1.98,3.8,3.75,2.0,,2. Bundesliga,,20220909_Holstein-Kiel_Hamburg,-73.99877351935038,1.03,1.53,41.5,58.5
2022-09-09,Nurnberg,Bielefeld,1,0,6,3,14,3,9,1,1,2,0,0,2.2,3.5,3.2,1.75,2.06,-0.25,2.0,1.84,2.37,3.54,3.1,,2. Bundesliga,,20220909_Nurnberg_Bielefeld,-85.40690731898485,1.19,1.26,46.5,53.5
2022-09-10,Fortuna Dusseldorf,Hansa Rostock,3,1,4,3,8,7,1,1,2,0,0,0,1.8,3.8,4.33,1.87,1.92,-0.5,1.83,2.01,1.86,3.65,4.56,,2. Bundesliga,,20220910_Fortuna-Dusseldorf_Hansa-Rostock,41.69382060457178,1.63,0.27,49.9,50.1
2022-09-10,Hannover,Braunschweig,1,1,4,6,7,8,5,4,3,5,0,0,1.72,4.0,4.5,1.67,2.17,-0.5,1.95,1.88,1.99,3.83,3.76,,2. Bundesliga,,20220910_Hannover_Braunschweig,103.45643894660361,0.63,1.0,49.7,50.3
2022-09-10,Karlsruhe,Heidenheim,0,0,3,1,10,9,6,7,1,1,0,0,2.3,3.6,2.9,1.71,2.12,-0.25,2.01,1.83,2.32,3.64,3.09,,2. Bundesliga,,20220910_Karlsruhe_Heidenheim,-72.48201302269104,0.88,0.7,45.2,54.8
2022-09-10,Paderborn,Regensburg,3,0,11,1,12,5,8,2,2,2,0,1,1.44,5.0,6.25,1.52,2.48,-1.0,1.87,1.97,1.58,4.62,5.49,,2. Bundesliga,,20220910_Paderborn_Regensburg,133.90057547962715,1.5,1.5,47.8,52.2
2022-09-11,Kaiserslautern,Darmstadt,3,3,8,4,6,4,3,0,1,3,0,0,3.4,3.6,2.1,1.65,2.2,0.5,1.81,2.03,3.65,3.71,2.06,,2. Bundesliga,,20220911_Kaiserslautern_Darmstadt,-107.42830240178546,1.13,0.57,56.6,43.4
2022-09-11,Magdeburg,Greuther Furth,2,1,5,2,8,3,6,3,0,4,0,0,3.0,3.8,2.2,1.47,2.63,0.25,1.87,1.97,2.98,3.86,2.31,,2. Bundesliga,,20220911_Magdeburg_Greuther-Furth,-129.62759773498829,1.6,0.84,45.8,54.2
2022-09-11,St Pauli,Sandhausen,1,1,5,3,17,3,11,1,0,2,0,0,1.66,4.0,5.0,1.77,2.03,-0.75,1.86,1.98,1.68,4.0,5.55,,2. Bundesliga,,20220911_St-Pauli_Sandhausen,59.75163834156274,0.49,1.65,52.8,47.2
2022-09-16,Braunschweig,Karlsruhe,2,1,10,2,5,6,4,2,3,1,0,0,3.0,3.6,2.2,1.68,2.16,0.25,1.88,1.95,3.13,3.64,2.31,,2. Bundesliga,,20220916_Braunschweig_Karlsruhe,-83.34168387530076,0.37,1.55,42.3,57.7
2022-09-16,Sandhausen,Hannover,2,3,10,6,10,8,9,2,2,2,0,0,2.9,3.4,2.37,1.92,1.87,0.25,1.82,2.02,3.11,3.42,2.42,,2. Bundesliga,,20220916_Sandhausen_Hannover,-29.588329626598806,1.61,1.16,37.5,62.5
2022-09-17,Bielefeld,Holstein Kiel,4,2,7,8,5,24,3,6,3,2,0,0,2.2,3.75,3.0,1.75,2.06,-0.25,2.02,1.82,2.42,3.55,3.01,,2. Bundesliga,,20220917_Bielefeld_Holstein-Kiel,35.43921087104354,1.65,1.29,51.3,48.7
2022-09-17,Darmstadt,Nurnberg,2,0,5,1,1,10,5,3,1,3,0,0,1.65,4.2,4.75,1.58,2.35,-0.75,1.88,1.96,1.75,4.17,4.59,,2. Bundesliga,,20220917_Darmstadt_Nurnberg,91.5365607855706,0.68,0.05,55.9,44.1
2022-09-17,Hamburg,Fortuna Dusseldorf,2,0,10,0,9,4,8,3,2,3,0,0,1.95,3.8,3.6,1.64,2.24,-0.5,2.03,1.81,2.07,3.68,3.7,,2. Bundesliga,,20220917_Hamburg_Fortuna-Dusseldorf,78.66909124738254,1.91,0.1,51.1,48.9
2022-09-17,Hansa Rostock,Magdeburg,3,1,7,5,10,12,5,9,2,2,0,0,2.1,3.75,3.25,1.66,2.21,-0.5,2.03,1.81,2.06,3.74,3.62,,2. Bundesliga,,20220917_Hansa-Rostock_Magdeburg,48.18618446774963,1.37,1.4,51.6,48.4
2022-09-18,Greuther Furth,Paderborn,2,1,4,5,6,11,5,4,5,4,0,0,3.2,4.0,2.05,1.53,2.47,0.5,1.79,2.06,3.44,3.95,2.06,,2. Bundesliga,,20220918_Greuther-Furth_Paderborn,-52.484344327642475,0.77,0.05,47.9,52.1
2022-09-18,Heidenheim,Kaiserslautern,2,2,6,3,6,6,5,3,1,2,0,1,1.95,3.8,3.7,1.88,1.91,-0.5,2.04,1.81,2.08,3.58,3.72,,2. Bundesliga,,20220918_Heidenheim_Kaiserslautern,61.85771424055224,1.83,1.25,55.6,44.4
2022-09-18,Regensburg,St Pauli,2,0,4,4,3,10,1,5,2,5,0,0,3.25,3.8,2.1,1.65,2.21,0.75,1.78,2.07,4.1,3.99,1.87,,2. Bundesliga,,20220918_Regensburg_St-Pauli,-100.92862999533918,0.92,0.19,41.9,58.1
2022-09-30,Hannover,Hamburg,1,2,4,7,4,11,5,5,3,4,0,0,3.6,3.5,2.0,1.6,2.31,0.25,2.05,1.8,3.48,3.74,2.11,,2. Bundesliga,,20220930_Hannover_Hamburg,-112.71014382871726,1.56,1.13,51.0,49.0
2022-09-30,Paderborn,Darmstadt,1,2,6,6,11,7,7,2,0,2,0,0,2.25,3.75,2.9,1.54,2.44,0.0,1.85,1.99,2.59,3.8,2.64,,2. Bundesliga,,20220930_Paderborn_Darmstadt,-41.229755984501935,2.17,1.41,41.9,58.1
2022-10-01,Fortuna Dusseldorf,Bielefeld,4,1,10,2,10,10,12,5,1,2,0,0,1.8,3.75,4.33,1.65,2.21,-0.75,1.91,1.93,1.72,4.02,4.83,,2. Bundesliga,,20221001_Fortuna-Dusseldorf_Bielefeld,-41.25383579356321,1.6,1.27,48.4,51.6
2022-10-01,Greuther Furth,Sandhausen,1,1,4,4,8,2,8,0,1,5,0,1,1.9,3.5,4.2,1.86,1.92,-0.5,1.9,1.94,1.9,3.6,4.29,,2. Bundesliga,,20221001_Greuther-Furth_Sandhausen,76.11431650664031,0.97,1.22,51.5,48.5
2022-10-01,Holstein Kiel,Hansa Rostock,1,1,7,4,8,9,12,4,2,3,0,0,2.05,3.6,3.5,1.72,2.1,-0.5,1.96,1.88,1.98,3.66,3.86,,2. Bundesliga,,20221001_Holstein-Kiel_Hansa-Rostock,27.407017695682043,1.25,1.12,52.8,47.2
2022-10-01,St Pauli,Heidenheim,0,0,5,5,6,3,2,5,2,5,0,0,2.2,3.5,3.2,1.86,1.93,-0.25,2.0,1.84,2.4,3.41,3.06,,2. Bundesliga,,20221001_St-Pauli_Heidenheim,-41.575167566701566,0.05,1.3,45.9,54.1
2022-10-02,Kaiserslautern,Braunschweig,1,1,10,3,9,7,9,8,2,1,0,0,1.85,3.6,4.33,1.65,2.21,-0.5,1.96,1.87,1.98,3.78,3.87,,2. Bundesliga,,20221002_Kaiserslautern_Braunschweig,76.320143933086,1.99,1.98,50.4,49.6
2022-10-02,Karlsruhe,Nurnberg,3,0,7,6,13,6,8,3,2,2,0,0,2.25,3.4,3.2,1.68,2.16,-0.25,1.87,1.97,2.18,3.68,3.36,,2. Bundesliga,,20221002_Karlsruhe_Nurnberg,-20.302394907749658,0.83,0.58,47.6,52.4
2022-10-02,Magdeburg,Regensburg,1,0,5,5,9,4,5,7,1,4,0,0,2.0,3.5,3.75,1.58,2.35,-0.75,1.94,1.9,1.75,4.08,4.71,,2. Bundesliga,,20221002_Magdeburg_Regensburg,-26.205232431482955,0.36,1.66,44.4,55.6
2022-10-07,Bielefeld,Karlsruhe,1,2,5,3,6,7,7,6,0,0,0,0,3.3,3.75,2.1,1.69,2.14,0.25,2.0,1.83,3.28,3.71,2.2,,2. Bundesliga,,20221007_Bielefeld_Karlsruhe,69.49682785650134,1.84,1.37,52.8,47.2
2022-10-07,Regensburg,Greuther Furth,2,2,3,3,10,6,8,2,1,3,0,0,3.0,3.5,2.25,2.0,1.8,0.25,1.86,1.98,3.24,3.4,2.35,,2. Bundesliga,,20221007_Regensburg_Greuther-Furth,-105.32272843310625,0.66,0.74,42.6,57.4
2022-10-08,Braunschweig,St Pauli,2,1,3,2,8,12,7,4,5,1,0,0,3.1,3.75,2.15,1.71,2.13,0.0,1.94,1.9,2.67,3.58,2.68,,2. Bundesliga,,20221008_Braunschweig_St-Pauli,-91.20902729427007,1.51,1.23,45.1,54.9
2022-10-08,Darmstadt,Fortuna Dusseldorf,1,0,5,1,6,10,6,2,6,4,0,0,1.95,3.8,3.5,1.73,2.09,-0.25,1.9,1.94,2.24,3.66,3.25,,2. Bundesliga,,20221008_Darmstadt_Fortuna-Dusseldorf,72.46099537277928,1.5,0.96,56.2,43.8
2022-10-08,Hamburg,Kaiserslautern,1,1,10,4,4,6,5,4,0,0,0,0,1.57,4.33,5.0,1.69,2.15,-0.75,1.85,1.99,1.68,4.05,5.26,,2. Bundesliga,,20221008_Hamburg_Kaiserslautern,139.89246422302313,0.97,1.94,60.5,39.5
2022-10-08,Hansa Rostock,Paderborn,0,3,2,5,6,9,6,8,2,1,0,0,3.5,3.75,2.0,1.75,2.06,0.25,1.96,1.88,3.36,3.73,2.16,,2. Bundesliga,,20221008_Hansa-Rostock_Paderborn,-65.6923418156648,0.93,0.53,46.2,53.8
2022-10-09,Heidenheim,Hannover,2,1,8,3,7,11,3,4,0,2,0,0,2.1,3.6,3.2,1.72,2.1,-0.5,1.88,1.96,1.89,3.81,4.18,,2. Bundesliga,,20221009_Heidenheim_Hannover,48.08861901177079,1.0,0.05,49.8,50.2
2022-10-09,Nurnberg,Holstein Kiel,2,3,9,4,15,8,6,3,1,4,0,0,2.2,3.75,3.0,1.69,2.15,-0.25,1.91,1.93,2.24,3.71,3.21,,2. Bundesliga,,20221009_Nurnberg_Holstein-Kiel,-30.069218716191244,1.18,2.77,55.1,44.9
2022-10-09,Sandhausen,Magdeburg,1,0,4,3,8,11,4,5,4,2,0,0,2.4,3.6,2.7,1.71,2.12,0.0,1.82,2.03,2.5,3.54,2.89,,2. Bundesliga,,20221009_Sandhausen_Magdeburg,34.782137029854084,0.05,0.69,56.2,43.8
2022-10-14,Greuther Furth,Hansa Rostock,2,2,5,6,16,7,8,4,0,6,0,1,2.2,3.4,3.3,1.91,1.88,-0.25,1.86,1.98,2.21,3.42,3.53,,2. Bundesliga,,20221014_Greuther-Furth_Hansa-Rostock,55.028637788901506,2.04,0.34,47.4,52.6
2022-10-14,St Pauli,Hamburg,3,0,7,2,16,5,7,2,3,1,0,1,3.1,3.5,2.25,1.71,2.12,0.25,1.82,2.02,2.9,3.52,2.51,,2. Bundesliga,,20221014_St-Pauli_Hamburg,-130.3080884506237,0.87,1.18,42.9,57.1
2022-10-15,Fortuna Dusseldorf,Nurnberg,0,1,1,5,15,5,7,4,2,7,0,0,1.9,3.8,3.75,1.81,1.99,-0.5,1.84,2.01,1.84,3.84,4.42,,2. Bundesliga,,20221015_Fortuna-Dusseldorf_Nurnberg,61.608918347613326,1.05,1.63,53.0,47.0
2022-10-15,Hannover,Bielefeld,2,0,3,3,7,14,1,5,2,3,0,0,1.9,3.75,4.0,1.73,2.1,-0.5,1.94,1.89,1.95,3.76,3.99,,2. Bundesliga,,20221015_Hannover_Bielefeld,-47.43890736222784,0.77,0.19,47.7,52.3
2022-10-15,Karlsruhe,Darmstadt,1,2,4,3,4,8,12,2,2,4,0,0,2.8,3.4,2.5,1.69,2.15,0.0,2.06,1.8,2.89,3.58,2.48,,2. Bundesliga,,20221015_Karlsruhe_Darmstadt,-122.70451029565652,0.3,1.06,44.9,55.1
2022-10-15,Magdeburg,Braunschweig,0,2,4,5,5,4,4,2,2,4,0,0,2.2,3.6,3.0,1.57,2.38,-0.25,2.01,1.83,2.43,3.76,2.85,,2. Bundesliga,,20221015_Magdeburg_Braunschweig,-19.550887385735223,0.53,0.81,45.9,54.1
2022-10-16,Holstein Kiel,Heidenheim,3,1,5,4,10,5,6,7,0,1,0,0,2.45,3.5,2.87,1.73,2.08,0.0,1.8,2.06,2.53,3.57,2.84,,2. Bundesliga,,20221016_Holstein-Kiel_Heidenheim,-40.54212131103645,0.8,2.31,54.1,45.9
2022-10-16,Kaiserslautern,Regensburg,0,3,4,8,13,9,11,5,1,3,0,0,1.75,3.8,4.75,1.94,1.85,-0.5,1.82,2.02,1.83,3.66,4.56,,2. Bundesliga,,20221016_Kaiserslautern_Regensburg,65.4575252906061,0.58,1.46,51.9,48.1
2022-10-16,Paderborn,Sandhausen,3,0,4,1,12,7,7,2,1,2,0,0,1.5,4.33,6.5,1.55,2.42,-1.25,1.9,1.94,1.42,4.88,8.07,,2. Bundesliga,,20221016_Paderborn_Sandhausen,86.78530595028246,2.28,1.88,48.7,51.3
2022-10-21,Darmstadt,Holstein Kiel,1,1,3,4,17,9,6,7,3,2,0,0,1.75,4.0,4.5,1.55,2.42,-0.75,1.99,1.84,1.79,4.02,4.52,,2. Bundesliga,,20221021_Darmstadt_Holstein-Kiel,95.67435592987567,0.8,1.11,48.8,51.2
2022-10-21,Hansa Rostock,Kaiserslautern,0,2,1,10,11,8,8,6,2,2,0,0,2.87,3.4,2.45,1.97,1.83,0.0,2.08,1.78,3.03,3.35,2.52,,2. Bundesliga,,20221021_Hansa-Rostock_Kaiserslautern,-6.104574030321828,1.55,2.13,51.1,48.9
2022-10-22,Bielefeld,St Pauli,2,0,3,6,7,4,2,3,1,2,0,0,3.0,3.5,2.3,1.73,2.09,0.25,1.93,1.91,3.44,3.59,2.18,,2. Bundesliga,,20221022_Bielefeld_St-Pauli,12.868133530673276,0.22,0.79,45.6,54.4
2022-10-22,Braunschweig,Paderborn,0,0,3,1,12,16,8,7,1,3,0,0,3.75,3.8,1.9,1.52,2.47,0.5,1.98,1.87,4.04,4.02,1.88,,2. Bundesliga,,20221022_Braunschweig_Paderborn,-121.35980263154715,0.58,1.54,47.4,52.6
2022-10-22,Nurnberg,Hannover,0,0,1,2,8,6,5,5,2,0,0,0,2.0,3.6,3.75,1.75,2.07,-0.5,2.01,1.83,2.04,3.62,3.81,,2. Bundesliga,,20221022_Nurnberg_Hannover,-23.27408087866411,0.98,0.77,44.3,55.7
2022-10-22,Regensburg,Sandhausen,2,1,4,3,6,4,3,1,2,1,0,0,2.2,3.4,3.3,2.04,1.77,-0.5,2.05,1.81,2.06,3.46,3.94,,2. Bundesliga,,20221022_Regensburg_Sandhausen,-18.358287804987413,1.84,0.33,49.5,50.5
2022-10-23,Hamburg,Magdeburg,2,3,3,4,20,4,11,1,1,2,0,0,1.5,4.75,6.0,1.42,2.83,-1.0,1.91,1.93,1.61,4.6,5.2,,2. Bundesliga,,20221023_Hamburg_Magdeburg,205.93292738525952,2.24,1.27,60.2,39.8
2022-10-23,Heidenheim,Greuther Furth,3,1,5,3,8,6,5,3,1,2,0,0,2.0,3.6,3.6,1.9,1.89,-0.25,1.85,1.98,2.16,3.45,3.62,,2. Bundesliga,,20221023_Heidenheim_Greuther-Furth,20.24389678594048,0.9,0.66,49.8,50.2
2022-10-23,Karlsruhe,Fortuna Dusseldorf,0,2,2,7,10,10,11,3,1,0,0,0,2.37,3.5,3.0,1.81,1.99,-0.25,1.9,1.94,2.22,3.61,3.32,,2. Bundesliga,,20221023_Karlsruhe_Fortuna-Dusseldorf,-25.001512534340463,1.36,1.21,55.7,44.3
2022-10-28,Greuther Furth,Bielefeld,1,0,7,1,10,8,6,3,2,2,0,0,2.05,3.6,3.5,1.75,2.08,-0.5,1.97,1.87,1.96,3.68,4.03,,2. Bundesliga,,20221028_Greuther-Furth_Bielefeld,-21.517901344656366,0.71,1.43,48.7,51.3
2022-10-28,Magdeburg,Heidenheim,1,1,2,4,13,8,7,4,2,1,0,0,2.8,3.6,2.3,1.74,2.08,0.25,1.78,2.07,2.81,3.62,2.49,,2. Bundesliga,,20221028_Magdeburg_Heidenheim,-135.59745826012522,1.06,1.65,43.9,56.1
2022-10-29,Holstein Kiel,Fortuna Dusseldorf,1,2,2,5,12,6,2,7,2,3,0,1,2.5,3.6,2.7,1.66,2.19,0.0,1.8,2.04,2.48,3.71,2.82,,2. Bundesliga,,20221029_Holstein-Kiel_Fortuna-Dusseldorf,9.973628449551597,0.74,0.69,55.1,44.9
2022-10-29,Kaiserslautern,Nurnberg,0,0,7,0,11,5,7,3,2,1,0,0,2.25,3.5,3.1,1.9,1.89,-0.25,1.88,1.96,2.19,3.5,3.51,,2. Bundesliga,,20221029_Kaiserslautern_Nurnberg,10.627910176190426,1.48,0.87,50.5,49.5
2022-10-29,Regensburg,Hansa Rostock,0,3,3,3,14,7,9,3,5,3,0,0,2.25,3.4,3.2,1.92,1.87,-0.25,2.03,1.82,2.49,3.46,2.99,,2. Bundesliga,,20221029_Regensburg_Hansa-Rostock,-6.461395274319784,0.18,1.65,57.1,42.9
2022-10-29,St Pauli,Darmstadt,1,1,7,6,16,9,6,6,3,1,0,0,2.6,3.5,2.6,1.78,2.03,0.0,1.91,1.93,2.64,3.55,2.73,,2. Bundesliga,,20221029_St-Pauli_Darmstadt,-124.70396271533218,0.75,1.04,49.2,50.8
2022-10-30,Hannover,Karlsruhe,1,0,7,3,11,14,6,1,1,3,0,1,2.4,3.5,2.87,1.83,1.97,0.0,1.82,2.03,2.6,3.46,2.86,,2. Bundesliga,,20221030_Hannover_Karlsruhe,25.213723666720625,1.13,0.97,55.4,44.6
2022-10-30,Paderborn,Hamburg,2,3,6,8,11,7,5,4,2,0,0,0,2.25,3.8,2.9,1.45,2.69,-0.25,1.92,1.92,2.23,4.01,3.03,,2. Bundesliga,,20221030_Paderborn_Hamburg,-28.018202339391337,0.91,1.03,47.0,53.0
2022-10-30,Sandhausen,Braunschweig,2,2,7,2,13,2,9,0,3,3,0,0,2.75,3.25,2.62,1.88,1.91,0.25,1.86,1.97,3.22,3.36,2.38,,2. Bundesliga,,20221030_Sandhausen_Braunschweig,-0.21478969027975836,1.43,0.32,47.2,52.8
2022-11-04,Darmstadt,Hannover,1,0,5,2,17,6,12,6,0,3,0,1,1.7,3.75,5.0,1.67,2.19,-0.75,2.02,1.82,1.85,3.79,4.42,,2. Bundesliga,,20221104_Darmstadt_Hannover,106.00299547435588,1.65,0.48,56.3,43.7
2022-11-04,Hansa Rostock,Sandhausen,0,1,7,6,10,10,8,2,4,1,0,0,1.9,3.5,4.0,2.15,1.69,-0.5,1.98,1.86,2.02,3.33,4.3,,2. Bundesliga,,20221104_Hansa-Rostock_Sandhausen,25.13951262546084,0.05,0.53,51.3,48.7
2022-11-05,Bielefeld,Kaiserslautern,2,3,7,6,8,5,3,7,4,1,1,0,2.8,3.4,2.55,1.95,1.85,0.25,1.81,2.04,3.2,3.49,2.34,,2. Bundesliga,,20221105_Bielefeld_Kaiserslautern,31.20613097607884,1.1,1.17,53.1,46.9
2022-11-05,Fortuna Dusseldorf,St Pauli,1,0,6,6,7,8,5,10,2,1,0,1,2.05,3.6,3.4,1.87,1.92,-0.25,2.02,1.83,2.44,3.45,3.05,,2. Bundesliga,,20221105_Fortuna-Dusseldorf_St-Pauli,33.71595325676253,1.21,1.04,53.4,46.6
2022-11-05,Heidenheim,Paderborn,3,0,3,0,12,6,9,4,1,2,0,0,2.8,3.4,2.5,1.92,1.88,0.0,2.06,1.79,2.85,3.36,2.64,,2. Bundesliga,,20221105_Heidenheim_Paderborn,1.0223050868487462,1.37,0.05,48.6,51.4
2022-11-05,Karlsruhe,Holstein Kiel,1,4,4,6,11,9,5,2,0,0,0,0,2.15,3.75,3.3,1.56,2.39,-0.25,2.07,1.77,2.45,3.81,2.8,,2. Bundesliga,,20221105_Karlsruhe_Holstein-Kiel,-56.03736462971551,0.68,2.0,47.3,52.7
2022-11-06,Braunschweig,Greuther Furth,0,1,2,2,4,5,5,4,2,2,0,0,2.62,3.3,2.62,1.88,1.91,0.0,1.84,2.0,2.66,3.42,2.78,,2. Bundesliga,,20221106_Braunschweig_Greuther-Furth,-77.65140687646954,0.16,1.11,48.1,51.9
2022-11-06,Hamburg,Regensburg,3,1,11,5,12,6,8,4,1,3,0,0,1.4,4.75,7.5,1.49,2.56,-1.25,1.93,1.91,1.47,4.74,7.1,,2. Bundesliga,,20221106_Hamburg_Regensburg,157.43720639480807,1.81,0.83,58.9,41.1
2022-11-06,Nurnberg,Magdeburg,1,2,1,7,11,14,5,5,4,4,0,0,1.9,3.5,4.2,1.72,2.11,-0.25,1.82,2.01,2.09,3.63,3.65,,2. Bundesliga,,20221106_Nurnberg_Magdeburg,55.96668014415059,0.75,1.48,50.8,49.2
2022-11-08,Hannover,Fortuna Dusseldorf,2,0,6,10,6,12,4,9,1,4,0,0,2.62,3.5,2.6,1.89,1.91,0.0,1.97,1.87,2.84,3.34,2.66,,2. Bundesliga,,20221108_Hannover_Fortuna-Dusseldorf,-42.56487561766221,1.4,1.25,44.6,55.4
2022-11-08,Kaiserslautern,Karlsruhe,2,0,5,5,3,14,2,8,1,3,0,0,2.25,3.5,3.1,1.9,1.9,0.0,1.76,2.09,2.56,3.39,2.93,,2. Bundesliga,,20221108_Kaiserslautern_Karlsruhe,48.09266355380964,0.66,1.07,53.4,46.6
2022-11-08,Paderborn,Bielefeld,0,2,4,5,7,13,7,2,2,6,1,1,1.5,4.75,5.75,1.56,2.4,-1.0,1.85,1.98,1.55,4.55,6.07,,2. Bundesliga,,20221108_Paderborn_Bielefeld,29.700138717690834,1.3,1.52,54.9,45.1
2022-11-08,St Pauli,Holstein Kiel,0,0,2,7,12,14,3,10,2,0,0,0,2.15,3.5,3.3,1.66,2.22,-0.25,1.91,1.93,2.29,3.57,3.22,,2. Bundesliga,,20221108_St-Pauli_Holstein-Kiel,-39.92109922719578,1.68,0.41,51.2,48.8
2022-11-09,Greuther Furth,Hamburg,1,0,4,2,4,10,5,4,4,6,1,0,3.4,3.6,2.1,1.7,2.14,0.25,1.93,1.91,3.22,3.7,2.24,,2. Bundesliga,,20221109_Greuther-Furth_Hamburg,-72.25472593709378,0.95,0.05,47.2,52.8
2022-11-09,Hansa Rostock,Nurnberg,1,1,5,4,13,4,4,9,3,3,0,0,2.4,3.4,2.9,2.22,1.65,-0.25,2.08,1.78,2.55,3.14,3.15,,2. Bundesliga,,20221109_Hansa-Rostock_Nurnberg,-6.595424781042993,1.39,1.54,45.1,54.9
2022-11-09,Regensburg,Braunschweig,1,1,3,1,14,6,8,5,0,3,0,0,2.4,3.4,2.9,1.93,1.87,0.0,1.91,1.93,2.72,3.37,2.75,,2. Bundesliga,,20221109_Regensburg_Braunschweig,-2.6200249622936553,0.58,1.41,46.1,53.9
2022-11-09,Sandhausen,Heidenheim,3,4,6,7,7,10,5,2,1,4,0,0,3.6,3.4,2.1,2.01,1.8,0.25,1.86,1.99,3.38,3.22,2.37,,2. Bundesliga,,20221109_Sandhausen_Heidenheim,-102.59487170727198,2.14,1.32,45.0,55.0
2022-11-10,Magdeburg,Darmstadt,0,1,1,6,9,14,2,6,3,4,1,0,3.3,3.6,2.1,1.59,2.34,0.25,2.0,1.85,3.43,3.75,2.13,,2. Bundesliga,,20221110_Magdeburg_Darmstadt,-188.9339948136228,0.91,0.5,33.5,66.5
2022-11-11,Fortuna Dusseldorf,Kaiserslautern,1,2,8,3,10,6,3,3,2,1,0,0,1.9,3.5,4.2,1.91,1.88,-0.5,1.97,1.88,2.05,3.54,4.11,,2. Bundesliga,,20221111_Fortuna-Dusseldorf_Kaiserslautern,19.76782546143818,0.7,0.85,52.3,47.7
2022-11-11,Holstein Kiel,Hannover,1,1,4,4,12,7,6,5,3,4,0,0,1.9,3.8,3.75,1.66,2.19,-0.5,1.95,1.89,1.88,3.88,4.16,,2. Bundesliga,,20221111_Holstein-Kiel_Hannover,12.256136344389006,0.87,0.32,50.0,50.0
2022-11-12,Braunschweig,Hansa Rostock,0,1,3,1,13,6,6,1,2,3,0,0,2.45,3.4,2.8,2.15,1.69,0.0,1.82,2.03,2.66,3.18,2.97,,2. Bundesliga,,20221112_Braunschweig_Hansa-Rostock,-21.752842899699772,1.04,0.46,47.5,52.5
2022-11-12,Hamburg,Sandhausen,4,2,6,4,12,5,4,0,1,4,0,0,1.4,5.25,7.0,1.54,2.45,-1.0,1.8,2.05,1.54,4.63,6.08,,2. Bundesliga,,20221112_Hamburg_Sandhausen,140.69690657082083,2.0,1.61,52.0,48.0
2022-11-12,Heidenheim,Regensburg,5,4,6,4,3,12,4,3,1,4,0,0,1.7,4.0,4.75,1.85,1.95,-0.75,2.0,1.84,1.78,3.79,4.91,,2. Bundesliga,,20221112_Heidenheim_Regensburg,135.70904989875226,1.68,1.72,50.0,50.0
2022-11-12,Karlsruhe,St Pauli,4,4,5,7,4,11,3,6,1,1,0,0,2.45,3.5,2.8,1.9,1.9,-0.25,1.93,1.91,2.29,3.48,3.29,,2. Bundesliga,,20221112_Karlsruhe_St-Pauli,-48.00081815157432,0.32,0.78,41.0,59.0
2022-11-13,Bielefeld,Magdeburg,3,1,4,9,14,12,3,13,2,1,0,0,2.25,3.5,3.1,1.54,2.45,0.0,1.81,2.04,2.45,3.83,2.78,,2. Bundesliga,,20221113_Bielefeld_Magdeburg,89.14843997055232,1.34,1.23,58.6,41.4
2022-11-13,Darmstadt,Greuther Furth,1,1,4,6,6,3,4,5,2,3,0,1,1.83,4.0,4.0,1.88,1.91,-0.25,1.8,2.04,2.1,3.55,3.68,,2. Bundesliga,,20221113_Darmstadt_Greuther-Furth,84.04477145699366,1.82,1.03,51.3,48.7
2022-11-13,Nurnberg,Paderborn,2,1,4,3,15,15,10,6,4,2,0,1,3.0,3.5,2.3,1.85,1.94,0.0,2.09,1.77,2.95,3.45,2.51,,2. Bundesliga,,20221113_Nurnberg_Paderborn,-58.84625452591695,1.07,1.15,56.7,43.3
2023-01-27,Fortuna Dusseldorf,Magdeburg,3,2,8,3,14,6,11,2,4,4,0,0,1.75,4.2,4.33,1.78,2.04,-0.75,1.89,1.96,1.72,4.04,4.96,,2. Bundesliga,,20230127_Fortuna-Dusseldorf_Magdeburg,97.49089264208078,1.22,0.51,53.9,46.1
2023-01-27,Karlsruhe,Paderborn,0,1,5,4,7,10,5,5,2,3,0,0,2.55,3.75,2.55,1.66,2.23,0.0,1.91,1.93,2.68,3.51,2.71,,2. Bundesliga,,20230127_Karlsruhe_Paderborn,-64.51453591152108,0.59,1.17,50.8,49.2
2023-01-28,Darmstadt,Regensburg,2,0,2,0,10,4,4,3,1,1,0,1,1.62,4.0,5.5,1.7,2.15,-1.0,1.93,1.9,1.58,4.21,6.2,,2. Bundesliga,,20230128_Darmstadt_Regensburg,202.09950312907222,1.23,0.21,55.8,44.2
2023-01-28,Hannover,Kaiserslautern,1,3,4,6,9,4,7,5,1,3,0,0,2.25,3.4,3.2,2.01,1.8,-0.25,1.93,1.91,2.3,3.21,3.56,,2. Bundesliga,,20230128_Hannover_Kaiserslautern,-8.130279486766767,0.51,0.98,44.8,55.2
2023-01-28,Heidenheim,Hansa Rostock,2,0,5,0,8,9,5,0,1,0,0,0,1.91,3.6,4.0,1.99,1.81,-0.5,1.89,1.94,1.92,3.57,4.38,,2. Bundesliga,,20230128_Heidenheim_Hansa-Rostock,107.80495037068863,1.02,1.24,63.1,36.9
2023-01-28,Holstein Kiel,Greuther Furth,2,1,6,4,12,10,12,6,1,1,0,0,2.38,3.4,2.9,1.88,1.92,0.0,1.87,1.97,2.76,3.34,2.74,,2. Bundesliga,,20230128_Holstein-Kiel_Greuther-Furth,-22.456231543839976,1.14,1.66,52.0,48.0
2023-01-29,Bielefeld,Sandhausen,1,2,6,4,12,2,3,4,2,3,0,0,2.0,3.8,3.5,2.08,1.74,-0.25,1.84,2.01,2.17,3.38,3.67,,2. Bundesliga,,20230129_Bielefeld_Sandhausen,85.89894569823309,1.32,0.67,55.9,44.1
2023-01-29,Hamburg,Braunschweig,4,2,5,4,11,7,8,7,1,0,0,0,1.53,4.5,5.5,1.51,2.53,-1.25,1.89,1.95,1.43,5.21,7.04,,2. Bundesliga,,20230129_Hamburg_Braunschweig,172.89945723317965,1.79,1.33,61.1,38.9
2023-01-29,Nurnberg,St Pauli,0,1,5,2,18,7,2,2,1,2,0,0,2.75,3.4,2.55,1.89,1.91,0.0,2.04,1.81,2.86,3.53,2.53,,2. Bundesliga,,20230129_Nurnberg_St-Pauli,-11.011169140316042,1.79,1.9,48.1,51.9
2023-02-03,Paderborn,Fortuna Dusseldorf,4,1,12,7,8,3,6,4,0,1,0,0,2.45,3.4,2.8,1.79,2.02,-0.25,2.06,1.79,2.48,3.43,3.01,,2. Bundesliga,,20230203_Paderborn_Fortuna-Dusseldorf,-8.636897233429409,1.66,0.94,53.6,46.4
2023-02-03,Sandhausen,Darmstadt,0,4,4,6,13,5,3,7,3,1,0,0,3.75,3.4,2.05,2.17,1.68,0.25,2.04,1.81,3.73,3.33,2.17,,2. Bundesliga,,20230203_Sandhausen_Darmstadt,-176.75517931197146,0.98,1.42,46.5,53.5
2023-02-04,Braunschweig,Heidenheim,2,0,3,6,6,11,3,6,0,1,0,0,3.1,3.3,2.3,2.08,1.74,0.25,1.8,2.03,3.18,3.28,2.45,,2. Bundesliga,,20230204_Braunschweig_Heidenheim,-166.92558269805295,0.93,1.19,46.6,53.4
2023-02-04,Greuther Furth,Nurnberg,1,0,6,3,13,5,4,3,1,3,0,0,2.1,3.4,3.6,2.24,1.63,-0.25,1.81,2.03,2.14,3.26,3.93,,2. Bundesliga,,20230204_Greuther-Furth_Nurnberg,70.71248744431523,0.92,1.32,57.5,42.5
2023-02-04,Kaiserslautern,Holstein Kiel,2,1,4,3,12,8,8,3,3,3,0,0,2.3,3.5,3.0,1.76,2.05,-0.25,2.05,1.8,2.46,3.48,3.03,,2. Bundesliga,,20230204_Kaiserslautern_Holstein-Kiel,-4.334875117538786,1.3,1.48,58.5,41.5
2023-02-04,Regensburg,Bielefeld,1,3,3,6,10,10,2,2,2,3,0,0,2.38,3.4,3.0,1.97,1.83,0.0,1.84,2.0,2.63,3.32,2.89,,2. Bundesliga,,20230204_Regensburg_Bielefeld,-92.85418807946644,1.26,1.66,45.9,54.1
2023-02-05,Hansa Rostock,Hamburg,0,2,4,7,7,12,3,7,3,4,1,0,3.75,3.75,1.91,1.71,2.12,0.5,1.95,1.9,4.21,3.74,1.91,,2. Bundesliga,,20230205_Hansa-Rostock_Hamburg,-143.51574935848475,0.05,1.63,52.1,47.9
2023-02-05,Magdeburg,Karlsruhe,1,1,5,5,16,5,8,4,1,2,0,0,2.63,3.5,2.55,1.7,2.14,0.0,2.0,1.83,2.82,3.51,2.58,,2. Bundesliga,,20230205_Magdeburg_Karlsruhe,-22.182365282692217,0.33,2.14,53.2,46.8
2023-02-05,St Pauli,Hannover,2,0,4,1,13,5,8,3,1,3,0,1,2.0,3.6,3.5,1.84,1.96,-0.5,1.93,1.9,1.97,3.64,4.06,,2. Bundesliga,,20230205_St-Pauli_Hannover,-3.650884534833949,1.48,1.57,44.7,55.3
2023-02-10,Bielefeld,Hansa Rostock,0,1,2,6,8,9,6,10,1,3,0,0,2.25,3.2,3.4,2.15,1.69,-0.25,1.95,1.89,2.35,3.19,3.46,,2. Bundesliga,,20230210_Bielefeld_Hansa-Rostock,68.72774232202664,0.83,1.17,53.9,46.1
2023-02-10,Karlsruhe,Greuther Furth,2,1,7,4,12,8,4,5,3,2,1,0,2.6,3.4,2.63,1.96,1.84,0.0,1.84,1.99,2.64,3.34,2.87,,2. Bundesliga,,20230210_Karlsruhe_Greuther-Furth,-112.94045077882265,1.44,0.59,46.0,54.0
2023-02-11,Hannover,Paderborn,3,4,6,9,4,4,4,1,3,4,0,0,3.0,3.4,2.38,1.74,2.08,0.25,1.86,1.97,3.15,3.56,2.33,,2. Bundesliga,,20230211_Hannover_Paderborn,-38.759207920467816,1.99,1.95,44.7,55.3
2023-02-11,Heidenheim,Hamburg,3,3,9,7,15,7,4,5,3,2,0,0,2.9,3.5,2.38,1.73,2.09,0.25,1.82,2.03,2.95,3.67,2.4,,2. Bundesliga,,20230211_Heidenheim_Hamburg,-43.593888552209364,2.71,0.73,50.5,49.5
2023-02-11,Holstein Kiel,Magdeburg,2,3,11,5,16,9,6,2,6,6,0,0,1.85,3.8,4.0,1.61,2.3,-0.5,1.82,2.01,1.88,3.93,4.13,,2. Bundesliga,,20230211_Holstein-Kiel_Magdeburg,114.94486055988978,1.38,1.87,53.2,46.8
2023-02-11,Nurnberg,Regensburg,1,0,4,1,3,8,3,4,3,2,0,0,2.0,3.4,3.8,2.12,1.71,-0.25,1.81,2.05,2.15,3.44,3.68,,2. Bundesliga,,20230211_Nurnberg_Regensburg,45.25227863617147,1.3,0.07,49.3,50.7
2023-02-12,Darmstadt,Braunschweig,2,1,6,4,15,5,8,1,5,7,0,1,1.53,4.2,6.0,1.68,2.18,-1.0,2.0,1.84,1.6,4.31,5.73,,2. Bundesliga,,20230212_Darmstadt_Braunschweig,204.57598739095988,1.32,1.0,56.6,43.4
2023-02-12,Fortuna Dusseldorf,Sandhausen,2,0,8,0,17,4,8,1,0,4,0,0,1.6,3.8,6.0,1.87,1.93,-0.75,1.81,2.04,1.64,3.99,5.87,,2. Bundesliga,,20230212_Fortuna-Dusseldorf_Sandhausen,64.15267618594112,2.38,0.35,59.3,40.7
2023-02-12,St Pauli,Kaiserslautern,1,0,3,1,14,8,4,4,5,6,0,0,2.0,3.6,3.6,1.95,1.84,-0.5,2.03,1.82,2.04,3.49,3.95,,2. Bundesliga,,20230212_St-Pauli_Kaiserslautern,-35.243267773039406,2.12,1.52,54.0,46.0
2023-02-17,Braunschweig,Holstein Kiel,2,3,6,5,13,5,12,3,3,3,0,0,3.0,3.5,2.3,1.76,2.06,0.25,1.78,2.07,3.03,3.53,2.41,,2. Bundesliga,,20230217_Braunschweig_Holstein-Kiel,-82.12922774359231,1.26,1.34,41.4,58.6
2023-02-17,Paderborn,Kaiserslautern,1,0,6,2,7,14,3,6,0,3,0,0,1.95,3.6,3.8,1.79,2.01,-0.5,1.98,1.86,1.97,3.64,4.03,,2. Bundesliga,,20230217_Paderborn_Kaiserslautern,6.794571478942316,1.2,1.04,41.0,59.0
2023-02-18,Greuther Furth,Fortuna Dusseldorf,2,1,4,3,10,12,5,4,1,5,0,1,2.3,3.3,3.2,1.98,1.82,-0.25,2.02,1.82,2.39,3.41,3.16,,2. Bundesliga,,20230218_Greuther-Furth_Fortuna-Dusseldorf,6.150052047733425,1.77,1.53,51.8,48.2
2023-02-18,Hansa Rostock,Darmstadt,0,1,0,7,14,10,9,5,0,1,0,0,3.5,3.4,2.1,2.11,1.72,0.25,1.83,2.02,3.23,3.28,2.42,,2. Bundesliga,,20230218_Hansa-Rostock_Darmstadt,-178.2130886901407,0.95,1.14,46.0,54.0
2023-02-18,Magdeburg,St Pauli,1,2,4,3,8,16,3,9,2,1,0,0,3.2,3.6,2.15,1.67,2.18,0.5,1.78,2.06,3.59,3.66,2.1,,2. Bundesliga,,20230218_Magdeburg_St-Pauli,-97.04796443884106,1.15,1.7,51.2,48.8
2023-02-18,Regensburg,Hannover,1,1,10,6,9,8,9,6,4,2,0,0,2.88,3.3,2.5,1.96,1.84,0.0,2.11,1.75,3.0,3.42,2.49,,2. Bundesliga,,20230218_Regensburg_Hannover,-80.3977102900958,0.3,0.73,46.6,53.4
2023-02-19,Hamburg,Bielefeld,2,1,4,5,6,6,2,4,2,3,0,0,1.5,4.33,6.5,1.51,2.53,-1.0,1.87,1.97,1.56,4.54,5.86,,2. Bundesliga,,20230219_Hamburg_Bielefeld,102.24760487666663,0.74,0.47,48.3,51.7
2023-02-19,Heidenheim,Nurnberg,5,0,7,2,10,4,5,5,0,1,0,1,1.85,3.5,4.33,2.14,1.7,-0.5,1.91,1.92,1.96,3.35,4.54,,2. Bundesliga,,20230219_Heidenheim_Nurnberg,102.19650449782671,1.96,0.52,49.4,50.6
2023-02-19,Sandhausen,Karlsruhe,0,3,0,8,7,9,4,6,0,2,0,0,3.25,3.3,2.25,1.91,1.89,0.25,1.94,1.9,3.47,3.42,2.23,,2. Bundesliga,,20230219_Sandhausen_Karlsruhe,-8.518442500810352,0.11,1.52,53.6,46.4
2023-02-24,Fortuna Dusseldorf,Braunschweig,3,1,7,4,6,14,6,3,3,4,0,0,1.62,4.0,5.5,1.66,2.21,-1.0,2.03,1.81,1.63,4.26,5.43,,2. Bundesliga,,20230224_Fortuna-Dusseldorf_Braunschweig,92.1166245193192,1.25,0.66,51.0,49.0
2023-02-24,Karlsruhe,Regensburg,1,0,4,4,12,11,2,4,2,5,0,0,1.8,3.75,4.33,1.78,2.03,-0.75,1.99,1.85,1.79,3.87,4.71,,2. Bundesliga,,20230224_Karlsruhe_Regensburg,57.39836033622419,0.77,0.08,50.4,49.6
2023-02-25,Darmstadt,Hamburg,1,1,6,2,6,11,6,5,1,5,0,0,2.55,3.75,2.5,1.67,2.2,0.0,1.86,1.97,2.55,3.68,2.75,,2. Bundesliga,,20230225_Darmstadt_Hamburg,33.69050370121022,0.05,0.54,43.0,57.0
2023-02-25,Holstein Kiel,Paderborn,1,1,6,3,12,4,4,3,1,2,0,0,2.8,3.8,2.3,1.62,2.28,0.0,1.93,1.91,2.66,3.77,2.59,,2. Bundesliga,,20230225_Holstein-Kiel_Paderborn,-31.927619207246607,0.9,0.54,45.2,54.8
2023-02-25,Kaiserslautern,Greuther Furth,3,1,6,2,8,12,2,7,3,3,0,1,2.5,3.2,2.88,2.21,1.66,-0.25,1.97,1.86,2.36,3.3,3.33,,2. Bundesliga,,20230225_Kaiserslautern_Greuther-Furth,-19.680246036091376,1.65,0.47,53.1,46.9
2023-02-25,Nurnberg,Sandhausen,1,0,4,1,3,7,1,2,1,3,0,0,1.95,3.5,4.0,2.14,1.7,-0.5,1.86,1.98,1.85,3.57,4.72,,2. Bundesliga,,20230225_Nurnberg_Sandhausen,29.378719224501765,1.9,1.52,49.5,50.5
2023-02-26,Bielefeld,Heidenheim,0,1,4,3,10,1,6,0,3,2,0,0,2.88,3.5,2.4,2.08,1.74,0.0,2.07,1.78,2.9,3.29,2.64,,2. Bundesliga,,20230226_Bielefeld_Heidenheim,-78.7850571376282,0.79,0.73,53.4,46.6
2023-02-26,Hannover,Magdeburg,1,2,6,6,12,11,8,6,5,3,1,0,2.0,4.0,3.4,1.52,2.49,-0.5,2.03,1.81,2.1,3.94,3.37,,2. Bundesliga,,20230226_Hannover_Magdeburg,58.571039509644834,1.63,0.66,51.9,48.1
2023-02-26,St Pauli,Hansa Rostock,1,0,7,2,9,8,4,4,2,5,0,0,1.8,3.6,4.75,2.07,1.74,-0.75,1.85,1.98,1.67,3.78,5.94,,2. Bundesliga,,20230226_St-Pauli_Hansa-Rostock,73.29490019894388,1.4,0.88,47.6,52.4
2023-03-03,Magdeburg,Kaiserslautern,2,0,10,5,11,7,4,2,4,4,0,0,2.8,3.5,2.4,1.69,2.16,0.0,2.05,1.79,2.84,3.61,2.51,,2. Bundesliga,,20230303_Magdeburg_Kaiserslautern,-101.50727841329444,1.06,1.27,42.3,57.7
2023-03-03,Paderborn,St Pauli,1,2,5,6,13,6,5,1,4,2,1,0,2.45,3.3,2.9,1.91,1.89,0.0,1.77,2.09,2.58,3.24,3.0,,2. Bundesliga,,20230303_Paderborn_St-Pauli,8.03934113778314,1.51,1.09,49.9,50.1
2023-03-04,Hamburg,Nurnberg,3,0,7,4,10,11,4,4,2,1,0,0,1.57,4.0,5.5,1.65,2.23,-1.0,1.86,1.98,1.51,4.47,6.83,,2. Bundesliga,,20230304_Hamburg_Nurnberg,150.10271283713246,1.85,0.37,48.0,52.0
2023-03-04,Heidenheim,Darmstadt,1,0,4,2,13,8,9,2,3,1,1,0,2.4,3.4,2.8,2.13,1.7,-0.25,2.02,1.82,2.43,3.32,3.2,,2. Bundesliga,,20230304_Heidenheim_Darmstadt,-63.80255973601447,0.98,1.0,47.2,52.8
2023-03-04,Regensburg,Fortuna Dusseldorf,0,1,4,3,6,12,4,3,2,1,0,0,3.3,3.5,2.15,1.89,1.91,0.25,1.97,1.86,3.37,3.48,2.25,,2. Bundesliga,,20230304_Regensburg_Fortuna-Dusseldorf,-128.08360916176707,0.91,2.43,49.4,50.6
2023-03-04,Sandhausen,Holstein Kiel,1,1,5,6,10,5,9,4,3,1,0,0,3.3,3.6,2.1,1.89,1.9,0.5,1.91,1.92,4.1,3.8,1.92,,2. Bundesliga,,20230304_Sandhausen_Holstein-Kiel,-104.2191205881536,1.0,0.58,43.7,56.3
2023-03-05,Braunschweig,Bielefeld,3,3,6,7,15,4,7,1,2,2,0,0,2.45,3.5,2.8,1.97,1.83,0.0,1.9,1.93,2.72,3.36,2.76,,2. Bundesliga,,20230305_Braunschweig_Bielefeld,-77.92136538397949,2.06,1.12,45.8,54.2
2023-03-05,Greuther Furth,Hannover,1,1,2,4,13,11,4,5,4,2,0,0,1.91,3.75,3.8,1.75,2.07,-0.75,2.05,1.81,1.85,3.74,4.54,,2. Bundesliga,,20230305_Greuther-Furth_Hannover,65.26652067056966,0.8,1.59,53.1,46.9
2023-03-05,Hansa Rostock,Karlsruhe,0,2,4,6,10,5,6,5,1,2,0,0,2.75,3.3,2.55,1.99,1.81,0.0,1.95,1.89,2.8,3.3,2.72,,2. Bundesliga,,20230305_Hansa-Rostock_Karlsruhe,-19.3507643494454,1.49,1.52,46.1,53.9
2023-03-10,Kaiserslautern,Sandhausen,2,2,5,2,5,5,8,5,1,3,0,0,1.7,3.8,4.75,1.96,1.83,-0.75,2.0,1.83,1.81,3.64,4.94,,2. Bundesliga,,20230310_Kaiserslautern_Sandhausen,98.49595730423243,1.8,0.58,55.0,45.0
2023-03-10,Nurnberg,Braunschweig,2,0,7,3,10,4,5,3,2,4,0,0,2.4,3.3,3.0,2.14,1.69,-0.25,1.98,1.86,2.36,3.24,3.39,,2. Bundesliga,,20230310_Nurnberg_Braunschweig,47.922005729104285,0.93,0.62,54.5,45.5
2023-03-11,Bielefeld,Darmstadt,3,1,9,4,11,8,6,4,0,0,0,0,3.25,3.4,2.25,1.93,1.86,0.25,1.87,1.97,3.17,3.49,2.35,,2. Bundesliga,,20230311_Bielefeld_Darmstadt,-149.70459449174336,1.53,1.54,41.3,58.7
2023-03-11,Fortuna Dusseldorf,Heidenheim,1,1,5,3,8,7,3,1,3,2,0,1,2.15,3.4,3.4,2.14,1.69,-0.25,1.82,2.03,2.17,3.4,3.46,,2. Bundesliga,,20230311_Fortuna-Dusseldorf_Heidenheim,-71.87007708021815,0.71,0.56,45.1,54.9
2023-03-11,Magdeburg,Paderborn,0,0,5,5,8,11,7,4,3,1,0,0,2.75,3.6,2.45,1.58,2.34,0.0,1.97,1.87,2.72,3.73,2.55,,2. Bundesliga,,20230311_Magdeburg_Paderborn,-90.36680933008415,0.79,0.6,46.3,53.7
2023-03-11,St Pauli,Greuther Furth,2,1,6,2,5,3,3,4,4,1,0,1,2.0,3.5,3.8,2.0,1.79,-0.25,1.86,1.97,2.21,3.43,3.52,,2. Bundesliga,,20230311_St-Pauli_Greuther-Furth,28.690748284251185,1.75,0.05,53.3,46.7
2023-03-12,Hannover,Hansa Rostock,1,1,6,7,4,13,5,6,1,3,0,0,2.1,3.5,3.5,1.95,1.84,-0.25,1.89,1.95,2.26,3.39,3.43,,2. Bundesliga,,20230312_Hannover_Hansa-Rostock,26.41450935219109,1.32,1.64,57.0,43.0
2023-03-12,Holstein Kiel,Regensburg,1,2,3,4,12,4,9,0,2,4,0,0,1.7,4.0,4.75,1.72,2.1,-0.5,1.84,2.0,1.89,3.85,4.15,,2. Bundesliga,,20230312_Holstein-Kiel_Regensburg,133.0058644019516,0.39,0.67,53.1,46.9
2023-03-12,Karlsruhe,Hamburg,4,2,8,3,7,12,5,2,2,2,0,1,3.1,3.5,2.25,1.49,2.53,0.25,1.88,1.95,3.03,3.84,2.28,,2. Bundesliga,,20230312_Karlsruhe_Hamburg,-144.2871006280368,1.22,0.17,54.2,45.8
2023-03-17,Bielefeld,Nurnberg,2,2,6,5,8,9,1,7,2,1,0,0,2.15,3.2,3.6,2.15,1.69,-0.25,1.8,2.04,2.14,3.34,3.83,,2. Bundesliga,,20230317_Bielefeld_Nurnberg,31.2226833680636,1.07,0.86,50.0,50.0
2023-03-17,Heidenheim,Karlsruhe,5,2,8,5,6,8,4,2,2,1,0,0,2.2,3.5,3.1,1.89,1.89,-0.25,1.94,1.9,2.27,3.45,3.37,,2. Bundesliga,,20230317_Heidenheim_Karlsruhe,99.75550299455563,2.46,0.05,54.6,45.4
2023-03-18,Darmstadt,Kaiserslautern,2,0,7,2,12,9,5,3,4,1,0,0,1.83,3.75,4.2,1.9,1.88,-0.5,1.93,1.9,1.96,3.61,4.15,,2. Bundesliga,,20230318_Darmstadt_Kaiserslautern,103.09770285550258,1.47,0.05,50.7,49.3
2023-03-18,Greuther Furth,Magdeburg,3,0,6,3,6,5,2,2,2,2,0,0,1.8,4.0,3.8,1.6,2.31,-0.5,2.01,1.85,2.02,3.86,3.65,,2. Bundesliga,,20230318_Greuther-Furth_Magdeburg,64.12802536979598,2.15,1.05,49.3,50.7
2023-03-18,Hamburg,Holstein Kiel,0,0,10,1,12,3,17,3,3,4,0,0,1.73,4.2,4.2,1.39,2.89,-0.75,1.84,2.0,1.69,4.47,4.61,,2. Bundesliga,,20230318_Hamburg_Holstein-Kiel,107.51529700862898,0.38,0.85,47.7,52.3
2023-03-18,Regensburg,Paderborn,1,0,2,1,6,9,4,7,1,0,0,0,3.1,3.5,2.25,1.9,1.89,0.25,1.95,1.88,3.29,3.64,2.22,,2. Bundesliga,,20230318_Regensburg_Paderborn,-134.51746054888213,0.83,1.21,42.6,57.4
2023-03-19,Braunschweig,Hannover,1,0,8,1,11,2,7,4,2,2,0,0,2.4,3.5,2.7,1.73,2.08,0.0,1.76,2.09,2.52,3.55,2.85,,2. Bundesliga,,20230319_Braunschweig_Hannover,-61.81296392826471,0.32,1.72,47.1,52.9
2023-03-19,Hansa Rostock,Fortuna Dusseldorf,2,5,4,8,5,4,3,2,1,2,0,0,3.1,3.4,2.25,2.01,1.79,0.25,1.93,1.91,3.46,3.43,2.24,,2. Bundesliga,,20230319_Hansa-Rostock_Fortuna-Dusseldorf,-90.60076200268668,1.36,1.99,42.2,57.8
2023-03-19,Sandhausen,St Pauli,0,5,0,8,3,8,3,9,2,0,1,0,3.8,3.6,1.91,1.95,1.84,0.5,1.93,1.9,4.31,3.61,1.92,,2. Bundesliga,,20230319_Sandhausen_St-Pauli,-142.3880096701198,0.41,1.43,57.1,42.9
2023-03-31,Fortuna Dusseldorf,Hamburg,2,2,5,4,12,6,4,1,4,4,0,1,2.5,3.6,2.7,1.57,2.35,0.0,1.77,2.07,2.41,3.71,2.91,,2. Bundesliga,,20230331_Fortuna-Dusseldorf_Hamburg,-65.53663493634804,0.99,1.38,50.7,49.3
2023-03-31,Nurnberg,Darmstadt,0,1,3,1,7,13,9,3,1,5,0,0,3.5,3.3,2.2,2.1,1.72,0.25,1.84,1.98,3.28,3.21,2.43,,2. Bundesliga,,20230331_Nurnberg_Darmstadt,-154.64642670394664,0.32,0.87,37.2,62.8
2023-04-01,Hannover,Sandhausen,3,1,6,5,8,12,7,9,4,2,0,0,1.91,3.6,4.0,1.84,1.95,-0.75,2.02,1.82,1.78,3.79,4.93,,2. Bundesliga,,20230401_Hannover_Sandhausen,34.19242849182319,1.76,1.47,55.6,44.4
2023-04-01,Kaiserslautern,Heidenheim,2,2,4,2,7,11,3,5,2,2,0,0,2.5,3.4,2.8,2.19,1.67,0.0,1.9,1.92,2.78,3.18,2.84,,2. Bundesliga,,20230401_Kaiserslautern_Heidenheim,-99.26512948771301,0.17,0.05,54.0,46.0
2023-04-01,Karlsruhe,Braunschweig,1,1,7,2,12,4,13,1,2,6,0,1,1.7,3.9,4.75,1.68,2.15,-0.75,1.99,1.84,1.83,3.89,4.38,,2. Bundesliga,,20230401_Karlsruhe_Braunschweig,72.28102151491385,0.8,0.82,61.6,38.4
2023-04-01,St Pauli,Regensburg,1,0,2,4,7,12,0,4,2,4,0,0,1.57,4.0,6.0,1.82,1.97,-1.0,1.85,1.97,1.5,4.34,7.36,,2. Bundesliga,,20230401_St-Pauli_Regensburg,156.0103563632333,0.92,0.7,48.5,51.5
2023-04-02,Holstein Kiel,Bielefeld,2,3,5,8,15,10,4,8,3,2,0,0,2.1,3.5,3.5,1.7,2.12,-0.25,1.82,2.01,2.12,3.66,3.54,,2. Bundesliga,,20230402_Holstein-Kiel_Bielefeld,3.200386094605392,1.82,2.42,46.7,53.3
2023-04-02,Magdeburg,Hansa Rostock,3,0,10,2,11,4,2,1,0,4,0,1,2.3,3.3,3.2,1.98,1.82,-0.25,1.91,1.91,2.28,3.38,3.41,,2. Bundesliga,,20230402_Magdeburg_Hansa-Rostock,10.304875503666153,1.18,0.78,58.1,41.9
2023-04-02,Paderborn,Greuther Furth,3,2,7,7,5,10,2,3,1,1,0,0,2.15,3.5,3.3,1.79,2.01,-0.25,1.76,2.08,2.06,3.62,3.76,,2. Bundesliga,,20230402_Paderborn_Greuther-Furth,-6.103427756391511,1.47,0.89,48.2,51.8
2023-04-08,Braunschweig,Kaiserslautern,1,0,5,4,11,4,9,3,1,2,0,0,2.63,3.4,2.63,1.99,1.8,-0.25,2.08,1.76,2.45,3.32,3.14,,2. Bundesliga,,20230408_Braunschweig_Kaiserslautern,-90.94090474700124,0.95,0.71,45.4,54.6
2023-04-08,Hamburg,Hannover,6,1,8,2,9,4,6,3,3,1,0,0,1.5,4.75,5.5,1.38,2.92,-1.25,1.75,2.11,1.36,5.56,8.42,,2. Bundesliga,,20230408_Hamburg_Hannover,141.53662475066812,1.89,1.37,55.3,44.7
2023-04-08,Heidenheim,St Pauli,0,1,1,4,10,6,5,3,2,2,0,0,2.4,3.3,3.0,2.11,1.7,-0.25,2.04,1.8,2.44,3.18,3.3,,2. Bundesliga,,20230408_Heidenheim_St-Pauli,22.58071573921302,0.57,0.84,47.2,52.8
2023-04-08,Nurnberg,Karlsruhe,1,1,8,1,11,8,10,2,2,6,0,1,2.8,3.3,2.5,2.0,1.79,0.25,1.84,1.99,3.23,3.32,2.4,,2. Bundesliga,,20230408_Nurnberg_Karlsruhe,-21.2101873730212,0.17,1.42,49.0,51.0
2023-04-09,Bielefeld,Fortuna Dusseldorf,2,2,4,6,7,10,3,3,3,1,0,0,2.8,3.4,2.5,1.75,2.05,0.0,1.93,1.9,2.61,3.44,2.82,,2. Bundesliga,,20230409_Bielefeld_Fortuna-Dusseldorf,-28.107034111814528,0.81,0.78,51.6,48.4
2023-04-09,Darmstadt,Paderborn,2,1,3,6,12,9,7,3,1,3,0,0,2.0,3.5,3.6,1.71,2.1,-0.25,1.86,1.98,2.14,3.78,3.37,,2. Bundesliga,,20230409_Darmstadt_Paderborn,102.90013416833767,1.42,0.83,53.4,46.6
2023-04-09,Hansa Rostock,Holstein Kiel,2,3,4,7,15,4,14,2,1,1,0,0,2.63,3.25,2.7,1.89,1.88,0.0,1.95,1.9,2.77,3.35,2.71,,2. Bundesliga,,20230409_Hansa-Rostock_Holstein-Kiel,-73.23394381899766,1.59,0.89,45.9,54.1
2023-04-09,Regensburg,Magdeburg,2,2,6,10,4,12,2,7,4,1,0,1,2.5,3.4,2.8,1.81,1.98,-0.25,1.94,1.89,2.3,3.5,3.25,,2. Bundesliga,,20230409_Regensburg_Magdeburg,-42.60989322078126,0.69,0.97,46.9,53.1
2023-04-09,Sandhausen,Greuther Furth,0,2,0,6,4,6,2,6,4,1,0,0,4.0,3.4,1.95,1.96,1.83,0.5,1.92,1.91,4.34,3.54,1.93,,2. Bundesliga,,20230409_Sandhausen_Greuther-Furth,-107.43672080845067,0.85,1.23,46.0,54.0
2023-04-14,Greuther Furth,Regensburg,2,1,4,4,5,10,5,4,2,1,0,0,1.8,3.6,4.5,2.06,1.74,-0.5,1.86,1.96,1.93,3.46,4.5,,2. Bundesliga,,20230414_Greuther-Furth_Regensburg,109.44159875118999,0.86,1.83,57.0,43.0
2023-04-14,Hannover,Heidenheim,0,3,6,4,8,8,6,8,3,1,0,0,3.25,3.5,2.2,1.89,1.89,0.25,1.93,1.89,3.26,3.53,2.28,,2. Bundesliga,,20230414_Hannover_Heidenheim,-136.16670398982023,0.81,1.19,52.6,47.4
2023-04-15,Holstein Kiel,Nurnberg,2,1,5,2,16,13,4,2,3,6,0,1,2.1,3.6,3.3,1.81,1.98,-0.25,1.96,1.86,2.42,3.55,3.0,,2. Bundesliga,,20230415_Holstein-Kiel_Nurnberg,35.92283065340098,1.95,1.38,50.0,50.0
2023-04-15,Kaiserslautern,Hamburg,2,0,6,1,7,7,4,4,3,1,0,0,3.8,3.75,1.91,1.59,2.3,0.5,1.91,1.91,3.81,3.71,2.01,,2. Bundesliga,,20230415_Kaiserslautern_Hamburg,-114.98129110825312,0.5,1.9,39.8,60.2
2023-04-15,Magdeburg,Sandhausen,1,2,6,5,11,3,5,6,2,5,0,0,1.73,3.8,4.75,1.64,2.22,-1.0,1.88,1.93,1.58,4.35,5.91,,2. Bundesliga,,20230415_Magdeburg_Sandhausen,54.48267177411367,0.22,0.94,53.7,46.3
2023-04-15,Paderborn,Hansa Rostock,3,0,6,0,23,1,11,4,1,1,0,1,1.65,4.2,4.75,1.82,1.95,-0.75,1.9,1.92,1.7,3.99,5.22,,2. Bundesliga,,20230415_Paderborn_Hansa-Rostock,112.76530958311582,1.58,0.52,56.1,43.9
2023-04-16,Fortuna Dusseldorf,Darmstadt,1,0,4,4,2,17,2,13,1,3,0,0,2.38,3.4,2.9,1.72,2.1,-0.25,2.01,1.82,2.42,3.53,3.02,,2. Bundesliga,,20230416_Fortuna-Dusseldorf_Darmstadt,-101.85775943784097,0.82,0.45,45.4,54.6
2023-04-16,Karlsruhe,Bielefeld,4,2,8,5,10,17,7,6,3,1,0,0,2.0,3.75,3.5,1.59,2.32,-0.25,1.88,1.94,2.18,3.88,3.21,,2. Bundesliga,,20230416_Karlsruhe_Bielefeld,-28.657930736454773,0.05,1.44,47.4,52.6
2023-04-16,St Pauli,Braunschweig,1,2,7,2,14,8,4,1,1,2,0,0,1.57,4.2,5.75,1.75,2.05,-0.75,1.8,2.03,1.62,4.25,5.59,,2. Bundesliga,,20230416_St-Pauli_Braunschweig,158.65665169658428,0.2,1.62,58.6,41.4
2023-04-21,Darmstadt,Karlsruhe,2,1,5,7,4,11,2,4,1,2,0,0,1.67,4.0,5.0,1.63,2.23,-0.75,1.93,1.89,1.76,3.87,4.88,,2. Bundesliga,,20230421_Darmstadt_Karlsruhe,128.27721193482648,1.62,1.18,54.6,45.4
2023-04-21,Hamburg,St Pauli,4,3,5,7,6,9,3,3,4,3,0,0,2.15,3.6,3.2,1.59,2.3,-0.25,1.82,2.0,2.15,3.7,3.42,,2. Bundesliga,,20230421_Hamburg_St-Pauli,18.419001185389106,1.21,2.48,44.0,56.0
2023-04-22,Bielefeld,Hannover,1,3,5,4,9,3,4,6,3,2,0,1,1.8,3.75,4.5,1.62,2.26,-0.75,2.01,1.82,1.84,3.91,4.34,,2. Bundesliga,,20230422_Bielefeld_Hannover,55.23716142188346,0.58,0.71,49.9,50.1
2023-04-22,Braunschweig,Magdeburg,1,2,7,3,10,7,4,1,4,3,0,0,2.3,3.5,3.0,1.63,2.24,0.0,1.82,2.02,2.48,3.6,2.89,,2. Bundesliga,,20230422_Braunschweig_Magdeburg,13.875170711345618,1.39,1.18,52.3,47.7
2023-04-22,Hansa Rostock,Greuther Furth,2,0,4,3,5,10,2,11,1,1,0,0,3.1,3.2,2.4,2.13,1.69,0.25,1.8,2.03,3.08,3.23,2.55,,2. Bundesliga,,20230422_Hansa-Rostock_Greuther-Furth,-127.97343968728774,1.71,0.68,44.1,55.9
2023-04-22,Nurnberg,Fortuna Dusseldorf,2,0,3,2,5,7,13,3,1,2,0,0,3.3,3.4,2.2,1.95,1.84,0.25,1.91,1.91,3.29,3.41,2.32,,2. Bundesliga,,20230422_Nurnberg_Fortuna-Dusseldorf,-100.75875357296377,2.25,1.64,47.3,52.7
2023-04-23,Heidenheim,Holstein Kiel,3,0,6,2,13,4,12,1,2,2,0,0,1.83,3.75,4.33,1.59,2.32,-1.0,2.07,1.78,1.64,4.28,5.34,,2. Bundesliga,,20230423_Heidenheim_Holstein-Kiel,84.70792917804556,0.4,0.93,54.4,45.6
2023-04-23,Regensburg,Kaiserslautern,0,0,4,2,6,7,4,3,0,4,1,0,2.55,3.4,2.75,2.2,1.65,-0.25,1.95,1.87,2.38,3.15,3.35,,2. Bundesliga,,20230423_Regensburg_Kaiserslautern,-107.53290268115461,0.14,1.27,49.2,50.8
2023-04-23,Sandhausen,Paderborn,2,2,3,3,3,9,3,3,1,1,0,0,4.2,3.75,1.85,1.69,2.15,1.0,1.77,2.08,5.42,4.31,1.63,,2. Bundesliga,,20230423_Sandhausen_Paderborn,-119.98166426914372,0.66,1.4,40.0,60.0
2023-04-28,Greuther Furth,Heidenheim,0,2,5,10,14,4,9,4,0,2,0,0,3.0,3.4,2.38,2.13,1.69,0.0,1.99,1.83,2.94,3.21,2.66,,2. Bundesliga,,20230428_Greuther-Furth_Heidenheim,-93.34470859083854,1.42,1.11,37.2,62.8
2023-04-28,Paderborn,Braunschweig,5,1,6,3,9,8,4,0,2,4,0,0,1.75,4.0,4.5,1.54,2.43,-0.75,1.79,2.03,1.66,4.18,5.33,,2. Bundesliga,,20230428_Paderborn_Braunschweig,87.84899678350689,1.68,1.17,50.8,49.2
2023-04-29,Hannover,Nurnberg,3,0,7,2,5,12,3,9,1,1,0,0,2.3,3.4,3.1,1.84,1.93,-0.25,2.02,1.82,2.34,3.53,3.16,,2. Bundesliga,,20230429_Hannover_Nurnberg,-10.550057620766893,1.24,0.77,43.9,56.1
2023-04-29,Kaiserslautern,Hansa Rostock,0,1,5,3,9,7,14,6,4,3,0,0,2.05,3.4,3.5,2.08,1.72,-0.25,1.84,1.99,2.27,3.4,3.41,,2. Bundesliga,,20230429_Kaiserslautern_Hansa-Rostock,89.55392693832027,0.86,1.88,54.3,45.7
2023-04-29,Magdeburg,Hamburg,3,2,4,7,7,6,2,12,2,3,0,0,3.4,4.0,1.95,1.43,2.75,0.25,1.97,1.85,3.1,3.98,2.2,,2. Bundesliga,,20230429_Magdeburg_Hamburg,-155.5798629659107,1.38,1.43,45.1,54.9
2023-04-29,St Pauli,Bielefeld,2,1,6,4,15,6,5,5,2,3,0,0,1.8,3.8,4.33,1.72,2.1,-0.5,1.93,1.88,2.07,3.62,3.71,,2. Bundesliga,,20230429_St-Pauli_Bielefeld,76.82957151696473,1.83,1.38,49.3,50.7
2023-04-30,Fortuna Dusseldorf,Karlsruhe,3,2,10,5,11,7,8,6,1,1,0,0,1.95,3.75,3.6,1.56,2.37,-0.25,1.92,1.9,2.27,3.74,3.12,,2. Bundesliga,,20230430_Fortuna-Dusseldorf_Karlsruhe,49.635336599458924,2.24,1.09,58.9,41.1
2023-04-30,Holstein Kiel,Darmstadt,0,3,5,5,6,11,4,4,1,1,0,0,3.1,3.6,2.2,1.49,2.56,0.5,1.85,1.98,3.65,4.1,1.95,,2. Bundesliga,,20230430_Holstein-Kiel_Darmstadt,-131.21643227469212,0.36,1.58,42.5,57.5
2023-04-30,Sandhausen,Regensburg,2,1,5,3,4,8,9,5,2,2,0,1,3.1,3.4,2.3,2.16,1.67,0.0,2.06,1.78,2.96,3.23,2.63,,2. Bundesliga,,20230430_Sandhausen_Regensburg,7.792212546757355,2.57,1.09,54.9,45.1
2023-05-05,Bielefeld,Greuther Furth,1,1,6,4,12,6,8,5,0,1,0,0,2.4,3.5,2.75,1.63,2.25,-0.25,1.98,1.84,2.42,3.61,2.96,,2. Bundesliga,,20230505_Bielefeld_Greuther-Furth,-26.19277429772501,1.32,0.3,54.5,45.5
2023-05-05,Hamburg,Paderborn,2,2,3,6,8,5,3,4,4,1,0,0,2.1,4.0,3.0,1.46,2.64,-0.5,1.97,1.86,2.02,3.97,3.56,,2. Bundesliga,,20230505_Hamburg_Paderborn,52.74377995587679,1.66,0.43,53.0,47.0
2023-05-06,Darmstadt,St Pauli,0,3,3,7,15,5,2,1,2,1,0,0,2.0,3.6,3.6,1.71,2.11,-0.5,1.95,1.87,2.03,3.7,3.77,,2. Bundesliga,,20230506_Darmstadt_St-Pauli,68.70011565451841,0.92,1.44,47.8,52.2
2023-05-06,Fortuna Dusseldorf,Holstein Kiel,3,0,8,6,6,8,4,3,0,1,0,0,1.73,4.0,4.5,1.41,2.83,-0.75,1.88,1.94,1.74,4.5,4.27,,2. Bundesliga,,20230506_Fortuna-Dusseldorf_Holstein-Kiel,55.02282494725182,2.45,0.85,48.5,51.5
2023-05-06,Hansa Rostock,Regensburg,2,0,4,0,4,8,2,3,1,2,0,0,2.3,3.3,3.25,2.16,1.68,-0.25,1.97,1.85,2.45,3.26,3.22,,2. Bundesliga,,20230506_Hansa-Rostock_Regensburg,37.53657138598987,1.34,0.11,55.5,44.5
2023-05-06,Karlsruhe,Hannover,2,1,5,4,5,14,4,6,1,0,0,0,1.7,4.0,4.5,1.4,2.86,-0.75,1.88,1.94,1.74,4.46,4.32,,2. Bundesliga,,20230506_Karlsruhe_Hannover,8.240585460819602,0.44,0.85,51.0,49.0
2023-05-07,Braunschweig,Sandhausen,2,1,6,5,6,5,3,12,1,0,0,0,1.95,3.5,4.0,1.92,1.85,-0.5,1.88,1.93,1.93,3.59,4.33,,2. Bundesliga,,20230507_Braunschweig_Sandhausen,3.3993372347908917,1.05,1.24,57.4,42.6
2023-05-07,Heidenheim,Magdeburg,0,0,7,2,12,9,8,3,2,2,0,0,1.67,4.0,5.0,1.6,2.28,-1.0,2.05,1.78,1.66,4.11,5.35,,2. Bundesliga,,20230507_Heidenheim_Magdeburg,148.41284940618038,0.5,0.99,57.7,42.3
2023-05-07,Nurnberg,Kaiserslautern,3,3,3,7,3,9,3,10,2,2,0,0,2.0,3.4,3.8,2.08,1.73,-0.25,1.78,2.05,2.15,3.36,3.76,,2. Bundesliga,,20230507_Nurnberg_Kaiserslautern,-33.93789551290956,1.23,1.81,47.4,52.6
2023-05-12,Magdeburg,Nurnberg,2,2,4,6,9,12,6,6,0,4,0,0,2.1,3.8,3.25,1.65,2.21,-0.25,1.91,1.9,2.22,3.81,3.16,,2. Bundesliga,,20230512_Magdeburg_Nurnberg,12.373081648033804,0.97,0.64,47.2,52.8
2023-05-12,Sandhausen,Hansa Rostock,1,2,2,4,14,6,7,5,3,2,0,0,2.75,3.4,2.5,2.18,1.66,0.0,1.94,1.87,2.85,3.2,2.75,,2. Bundesliga,,20230512_Sandhausen_Hansa-Rostock,-28.873683991405414,0.68,1.52,49.9,50.1
2023-05-13,Greuther Furth,Braunschweig,2,2,7,4,7,6,8,1,0,2,0,0,1.75,3.8,4.33,1.69,2.14,-0.75,1.98,1.84,1.81,3.88,4.57,,2. Bundesliga,,20230513_Greuther-Furth_Braunschweig,61.73247359686616,1.39,1.43,50.7,49.3
2023-05-13,Holstein Kiel,Karlsruhe,2,1,3,2,6,9,1,6,1,2,0,0,2.55,3.8,2.45,1.36,3.08,-0.25,1.99,1.84,2.15,4.09,3.14,,2. Bundesliga,,20230513_Holstein-Kiel_Karlsruhe,-6.623781472464998,1.94,2.6,47.3,52.7
2023-05-13,Kaiserslautern,Bielefeld,1,2,5,8,7,5,5,5,1,4,0,0,2.5,3.6,2.6,1.7,2.12,0.0,1.82,2.0,2.45,3.75,2.84,,2. Bundesliga,,20230513_Kaiserslautern_Bielefeld,11.987747531409013,1.45,1.36,49.4,50.6
2023-05-13,St Pauli,Fortuna Dusseldorf,0,0,2,0,18,2,7,0,1,4,0,0,2.0,3.6,3.5,1.56,2.38,-0.5,1.86,1.97,1.93,3.94,3.92,,2. Bundesliga,,20230513_St-Pauli_Fortuna-Dusseldorf,27.06415069867967,1.31,1.06,48.3,51.7
2023-05-14,Hannover,Darmstadt,2,1,4,1,7,11,2,7,2,5,0,2,4.2,4.0,1.8,1.65,2.22,0.5,1.94,1.88,3.83,3.86,1.96,,2. Bundesliga,,20230514_Hannover_Darmstadt,-167.38064246759131,1.8,0.91,46.3,53.7
2023-05-14,Paderborn,Heidenheim,3,2,8,3,8,10,5,3,2,1,0,0,2.25,3.5,3.1,1.62,2.27,-0.25,1.78,2.04,2.02,3.85,3.64,,2. Bundesliga,,20230514_Paderborn_Heidenheim,-73.01555218255157,0.67,1.36,47.3,52.7
2023-05-14,Regensburg,Hamburg,1,5,6,8,7,7,6,4,3,1,0,0,3.8,4.0,1.85,1.47,2.6,0.5,1.87,1.96,3.54,4.01,2.01,,2. Bundesliga,,20230514_Regensburg_Hamburg,-202.20457025936958,1.34,2.01,42.1,57.9
2023-05-19,Darmstadt,Magdeburg,1,0,5,4,10,7,5,4,2,3,0,0,1.44,5.0,6.5,1.41,2.82,-1.5,2.04,1.79,1.41,5.47,7.13,,2. Bundesliga,,20230519_Darmstadt_Magdeburg,139.3575025367545,1.34,0.75,49.8,50.2
2023-05-19,Holstein Kiel,St Pauli,3,4,7,5,7,7,9,5,4,2,0,1,3.1,3.8,2.15,1.45,2.67,0.25,1.9,1.92,3.04,4.11,2.19,,2. Bundesliga,,20230519_Holstein-Kiel_St-Pauli,-89.15596758759443,1.7,2.17,49.4,50.6
2023-05-20,Bielefeld,Paderborn,2,2,7,5,12,8,6,2,1,0,0,0,2.55,3.6,2.63,1.49,2.54,0.25,1.79,2.04,2.85,3.8,2.42,,2. Bundesliga,,20230520_Bielefeld_Paderborn,-60.55784294400405,1.32,1.07,47.0,53.0
2023-05-20,Braunschweig,Regensburg,1,2,6,5,9,11,8,5,2,5,0,1,1.95,3.6,4.0,1.77,2.03,-0.25,1.87,1.95,2.25,3.51,3.35,,2. Bundesliga,,20230520_Braunschweig_Regensburg,65.06519067964746,1.06,1.76,51.6,48.4
2023-05-20,Hamburg,Greuther Furth,2,1,3,3,10,13,1,7,5,2,1,1,1.5,4.5,6.0,1.38,2.94,-1.25,1.87,1.94,1.45,5.12,6.85,,2. Bundesliga,,20230520_Hamburg_Greuther-Furth,91.04824443964867,1.03,0.77,57.8,42.2
2023-05-20,Heidenheim,Sandhausen,1,0,6,0,14,3,13,1,2,3,0,0,1.3,5.5,10.0,1.58,2.33,-1.5,1.94,1.87,1.33,5.58,9.93,,2. Bundesliga,,20230520_Heidenheim_Sandhausen,192.53166820543242,1.37,0.05,60.7,39.3
2023-05-21,Fortuna Dusseldorf,Hannover,3,3,10,7,7,7,5,4,3,2,0,0,1.65,4.2,4.75,1.44,2.7,-0.75,2.02,1.81,1.86,4.15,3.96,,2. Bundesliga,,20230521_Fortuna-Dusseldorf_Hannover,83.86216438699535,1.63,0.97,60.4,39.6
2023-05-21,Karlsruhe,Kaiserslautern,2,0,4,4,4,12,1,8,3,3,0,0,1.95,3.8,3.6,1.55,2.4,-0.25,1.82,2.01,2.11,3.86,3.38,,2. Bundesliga,,20230521_Karlsruhe_Kaiserslautern,1.5502019349635248,1.86,1.33,49.1,50.9
2023-05-21,Nurnberg,Hansa Rostock,0,0,2,2,14,2,5,1,1,5,0,0,2.0,3.5,3.75,2.03,1.77,-0.25,1.78,2.06,2.15,3.33,3.8,,2. Bundesliga,,20230521_Nurnberg_Hansa-Rostock,5.445368472281189,0.06,1.16,47.1,52.9
2023-05-28,Greuther Furth,Darmstadt,4,0,7,0,3,3,5,3,0,3,0,1,2.7,3.2,2.6,1.57,2.34,0.25,1.82,2.0,3.1,3.68,2.31,,2. Bundesliga,,20230528_Greuther-Furth_Darmstadt,-125.76798743764175,0.77,1.33,41.6,58.4
2023-05-28,Hannover,Holstein Kiel,1,5,1,8,8,6,6,2,0,1,0,0,2.15,3.8,2.9,1.29,3.46,-0.25,1.84,1.98,2.01,4.55,3.21,,2. Bundesliga,,20230528_Hannover_Holstein-Kiel,-8.076550029382133,0.87,1.9,56.6,43.4
2023-05-28,Hansa Rostock,Braunschweig,2,1,3,2,18,6,8,6,2,3,0,1,2.63,3.5,2.55,1.88,1.9,0.25,1.77,2.06,3.02,3.46,2.46,,2. Bundesliga,,20230528_Hansa-Rostock_Braunschweig,25.013603814670887,2.05,1.28,57.5,42.5
2023-05-28,Kaiserslautern,Fortuna Dusseldorf,0,3,4,6,11,6,6,3,1,3,1,0,2.45,3.6,2.6,1.54,2.43,-0.25,1.93,1.88,2.21,3.97,3.08,,2. Bundesliga,,20230528_Kaiserslautern_Fortuna-Dusseldorf,-92.44642227409804,0.44,2.15,44.6,55.4
2023-05-28,Magdeburg,Bielefeld,4,0,8,2,9,4,7,4,2,1,0,0,3.0,4.2,2.05,1.31,3.35,0.5,1.86,1.95,3.22,4.62,1.99,,2. Bundesliga,,20230528_Magdeburg_Bielefeld,-29.581153481223737,2.27,0.8,47.4,52.6
2023-05-28,Paderborn,Nurnberg,0,1,5,4,18,8,6,1,2,2,0,0,1.91,4.0,3.6,1.47,2.63,-0.5,1.82,2.0,1.92,4.44,3.55,,2. Bundesliga,,20230528_Paderborn_Nurnberg,90.27517344798343,0.05,1.68,52.9,47.1
2023-05-28,Regensburg,Heidenheim,2,3,5,11,5,9,5,4,6,0,0,0,6.5,4.2,1.53,1.63,2.25,1.0,1.9,1.93,5.62,4.27,1.62,,2. Bundesliga,,20230528_Regensburg_Heidenheim,-209.05243881935712,1.03,1.02,42.6,57.4
2023-05-28,Sandhausen,Hamburg,0,1,1,3,7,8,2,8,1,3,0,0,7.0,5.25,1.36,1.32,3.28,1.5,2.01,1.82,8.67,5.82,1.34,,2. Bundesliga,,20230528_Sandhausen_Hamburg,-203.7221390089776,0.17,1.71,50.5,49.5
2023-05-28,St Pauli,Karlsruhe,1,1,7,2,7,5,4,4,3,3,0,0,1.85,4.0,3.75,1.39,2.9,-1.0,1.91,1.9,1.6,4.97,4.91,,2. Bundesliga,,20230528_St-Pauli_Karlsruhe,104.02974580319778,0.56,1.71,49.8,50.2
2023-07-28,Hamburg,Schalke 04,5,3,14,6,17,5,9,3,3,3,0,1,2.38,3.75,2.7,1.47,2.62,-0.25,2.07,1.75,2.47,3.77,2.8,,2. Bundesliga,,20230728_Hamburg_Schalke-04,18.39162612554651,1.98,0.94,54.8,45.2
2023-07-29,Fortuna Dusseldorf,Hertha,1,0,2,4,7,8,7,8,3,2,0,0,2.3,3.6,2.88,1.7,2.14,-0.25,1.82,2.0,2.15,3.74,3.39,,2. Bundesliga,,20230729_Fortuna-Dusseldorf_Hertha,77.75523519874855,1.89,0.67,48.9,51.1
2023-07-29,Hannover,Elversberg,2,2,4,9,6,14,3,6,3,4,0,0,2.1,3.6,3.3,1.56,2.39,-0.5,2.0,1.82,1.96,4.09,3.65,,2. Bundesliga,,20230729_Hannover_Elversberg,-21.025267348725947,1.31,1.49,41.2,58.8
2023-07-29,Kaiserslautern,St Pauli,1,2,3,5,7,9,3,5,2,1,0,0,3.1,3.5,2.25,2.23,1.66,0.25,1.77,2.05,3.27,3.12,2.5,,2. Bundesliga,,20230729_Kaiserslautern_St-Pauli,-134.86375825727782,1.76,1.06,40.2,59.8
2023-07-29,Osnabruck,Karlsruhe,2,3,7,8,11,6,4,9,3,2,1,0,2.8,3.75,2.3,1.58,2.33,0.25,1.9,1.9,3.19,3.84,2.2,,2. Bundesliga,,20230729_Osnabruck_Karlsruhe,-98.0602819396945,1.08,1.49,39.0,61.0
2023-07-29,Wehen,Magdeburg,1,1,1,3,8,8,3,2,2,3,1,0,2.88,3.75,2.25,1.63,2.25,0.25,1.86,1.94,3.09,3.75,2.28,,2. Bundesliga,,20230729_Wehen_Magdeburg,-46.56467922883735,0.05,0.59,44.5,55.5
2023-07-30,Braunschweig,Holstein Kiel,0,1,2,4,7,11,4,10,3,1,1,0,2.55,3.8,2.5,1.61,2.28,0.0,1.78,2.04,2.35,3.72,2.99,,2. Bundesliga,,20230730_Braunschweig_Holstein-Kiel,-82.28688682958409,0.58,1.19,52.6,47.4
2023-07-30,Greuther Furth,Paderborn,5,0,11,0,13,7,5,2,1,1,0,1,2.45,3.6,2.75,1.64,2.23,0.0,1.85,1.96,2.57,3.7,2.71,,2. Bundesliga,,20230730_Greuther-Furth_Paderborn,-26.33631474097774,1.87,1.64,47.7,52.3
2023-07-30,Hansa Rostock,Nurnberg,2,0,4,7,10,11,6,6,3,4,0,0,2.5,3.25,2.88,2.26,1.62,-0.25,2.04,1.79,2.35,3.25,3.39,,2. Bundesliga,,20230730_Hansa-Rostock_Nurnberg,-8.981366281132523,2.3,1.3,49.0,51.0
2023-08-04,Hertha,Wehen,0,1,8,5,13,7,6,4,2,3,0,0,1.57,4.33,5.25,1.65,2.2,-1.0,2.04,1.78,1.65,4.21,5.3,,2. Bundesliga,,20230804_Hertha_Wehen,48.883833371572564,0.76,1.02,51.2,48.8
2023-08-04,Paderborn,Osnabruck,1,1,5,5,10,10,7,7,1,0,0,0,1.6,4.2,5.25,1.44,2.71,-0.75,1.83,1.99,1.72,4.21,4.73,,2. Bundesliga,,20230804_Paderborn_Osnabruck,133.14412493435634,1.14,1.37,57.2,42.8
2023-08-05,Elversberg,Hansa Rostock,1,2,4,5,9,12,7,2,3,4,0,0,2.15,3.5,3.25,1.74,2.06,-0.5,2.02,1.79,2.08,3.69,3.61,,2. Bundesliga,,20230805_Elversberg_Hansa-Rostock,11.469269370704524,0.47,1.12,48.3,51.7
2023-08-05,Holstein Kiel,Greuther Furth,2,1,4,2,5,13,8,5,2,2,0,0,2.38,3.8,2.7,1.53,2.45,0.0,2.01,1.81,2.69,3.88,2.51,,2. Bundesliga,,20230805_Holstein-Kiel_Greuther-Furth,-11.52070170556567,0.98,0.98,50.9,49.1
2023-08-05,Schalke 04,Kaiserslautern,3,0,8,4,8,6,8,7,1,3,0,2,1.65,4.2,4.75,1.77,2.02,-0.75,2.08,1.76,1.95,3.75,4.14,,2. Bundesliga,,20230805_Schalke-04_Kaiserslautern,126.98171907241044,2.27,0.98,55.9,44.1
2023-08-05,St Pauli,Fortuna Dusseldorf,0,0,5,3,8,7,4,8,2,1,1,0,1.91,3.75,3.75,1.81,1.97,-0.5,1.94,1.88,1.96,3.74,3.97,,2. Bundesliga,,20230805_St-Pauli_Fortuna-Dusseldorf,22.860995511789042,1.12,1.22,52.8,47.2
2023-08-06,Karlsruhe,Hamburg,2,2,4,7,13,6,7,3,3,2,0,0,2.8,4.0,2.2,1.35,3.11,0.0,1.88,1.94,2.48,4.14,2.62,,2. Bundesliga,,20230806_Karlsruhe_Hamburg,-114.028365646044,1.18,1.75,41.7,58.3
2023-08-06,Magdeburg,Braunschweig,2,1,5,4,9,5,1,5,1,3,0,0,1.75,4.0,4.33,1.6,2.28,-0.75,1.94,1.88,1.78,4.02,4.53,,2. Bundesliga,,20230806_Magdeburg_Braunschweig,66.12830734350405,1.37,1.4,46.7,53.3
2023-08-06,Nurnberg,Hannover,2,2,3,6,5,13,5,7,6,2,0,0,2.3,3.6,2.88,1.92,1.86,-0.25,2.06,1.77,2.48,3.45,2.98,,2. Bundesliga,,20230806_Nurnberg_Hannover,-7.5335120636536885,0.28,1.71,52.9,47.1
2023-08-18,Kaiserslautern,Elversberg,3,2,8,9,12,12,4,6,3,1,0,0,2.25,3.5,3.1,1.64,2.22,-0.25,1.89,1.92,2.25,3.7,3.19,,2. Bundesliga,,20230818_Kaiserslautern_Elversberg,-34.692701346982176,1.15,0.38,48.8,51.2
2023-08-18,Wehen,Karlsruhe,1,0,4,7,7,8,2,7,3,1,0,0,3.1,3.5,2.25,1.57,2.36,0.0,2.05,1.78,2.83,3.65,2.5,,2. Bundesliga,,20230818_Wehen_Karlsruhe,-62.429025644431704,1.08,0.92,47.5,52.5
2023-08-19,Fortuna Dusseldorf,Paderborn,1,2,6,6,20,4,12,1,0,3,0,0,2.2,3.5,3.2,1.57,2.34,-0.5,1.97,1.85,2.05,3.93,3.49,,2. Bundesliga,,20230819_Fortuna-Dusseldorf_Paderborn,60.54346988068187,0.93,1.54,49.5,50.5
2023-08-19,Greuther Furth,St Pauli,0,0,2,1,14,5,2,1,1,5,0,0,2.6,3.3,2.7,1.76,2.02,0.0,1.79,2.04,2.56,3.5,2.84,,2. Bundesliga,,20230819_Greuther-Furth_St-Pauli,-90.35986424395219,0.51,0.05,46.6,53.4
2023-08-19,Hamburg,Hertha,3,0,7,2,20,9,4,2,2,2,0,0,1.83,3.9,4.0,1.35,3.07,-0.75,1.88,1.93,1.74,4.43,4.36,,2. Bundesliga,,20230819_Hamburg_Hertha,147.3225663950211,1.9,0.05,54.8,45.2
2023-08-19,Hansa Rostock,Hannover,1,2,2,2,8,6,4,5,3,1,0,0,2.63,3.3,2.7,1.86,1.92,0.0,1.78,2.05,2.52,3.5,2.91,,2. Bundesliga,,20230819_Hansa-Rostock_Hannover,20.76154251623143,1.44,1.25,54.9,45.1
2023-08-20,Braunschweig,Schalke 04,1,0,6,3,11,8,6,4,3,0,1,0,3.75,3.6,1.95,1.63,2.23,0.25,2.0,1.82,3.27,3.79,2.18,,2. Bundesliga,,20230820_Braunschweig_Schalke-04,-185.51339785481196,1.16,0.37,46.9,53.1
2023-08-20,Holstein Kiel,Magdeburg,2,4,8,10,9,8,6,3,1,2,0,0,2.45,3.5,2.8,1.47,2.59,0.0,1.76,2.08,2.43,3.84,2.81,,2. Bundesliga,,20230820_Holstein-Kiel_Magdeburg,37.23292233462348,2.01,0.75,47.4,52.6
2023-08-20,Osnabruck,Nurnberg,2,3,3,7,12,13,3,12,2,2,0,0,2.5,3.4,2.8,1.74,2.05,-0.25,1.92,1.89,2.25,3.57,3.29,,2. Bundesliga,,20230820_Osnabruck_Nurnberg,-69.44019586201853,1.23,1.21,45.4,54.6
2023-08-25,Paderborn,Kaiserslautern,1,2,5,3,10,9,1,2,2,5,0,0,2.2,3.75,3.1,1.69,2.15,-0.25,1.86,1.95,2.17,3.74,3.33,,2. Bundesliga,,20230825_Paderborn_Kaiserslautern,76.04850580468428,0.69,1.36,56.4,43.6
2023-08-25,Schalke 04,Holstein Kiel,0,2,4,5,9,9,3,7,1,1,1,0,1.85,4.0,3.5,1.41,2.84,-0.5,1.98,1.82,2.02,4.09,3.45,,2. Bundesliga,,20230825_Schalke-04_Holstein-Kiel,58.0861153910173,0.35,1.47,48.8,51.2
2023-08-26,Elversberg,Fortuna Dusseldorf,0,5,4,8,9,7,8,6,1,3,0,0,2.8,3.6,2.3,1.56,2.38,0.25,1.76,2.07,2.83,3.88,2.4,,2. Bundesliga,,20230826_Elversberg_Fortuna-Dusseldorf,-100.14745731397466,0.12,1.73,47.6,52.4
2023-08-26,Hannover,Hamburg,0,1,5,4,14,7,3,3,1,4,0,1,3.25,4.0,2.0,1.41,2.84,0.5,1.84,1.97,3.34,4.07,2.07,,2. Bundesliga,,20230826_Hannover_Hamburg,-139.3269197452662,1.07,0.37,48.4,51.6
2023-08-26,Hansa Rostock,Osnabruck,2,1,5,3,7,10,4,5,3,0,0,0,2.05,3.5,3.4,1.83,1.95,-0.25,1.83,1.99,2.2,3.54,3.44,,2. Bundesliga,,20230826_Hansa-Rostock_Osnabruck,94.13176310573226,0.83,1.58,57.4,42.6
2023-08-26,Hertha,Greuther Furth,5,0,7,6,7,11,5,8,1,1,0,0,2.4,3.5,2.75,1.74,2.07,-0.25,2.04,1.78,2.41,3.56,3.01,,2. Bundesliga,,20230826_Hertha_Greuther-Furth,-52.11059824256449,2.18,0.89,57.9,42.1
2023-08-27,Karlsruhe,Braunschweig,2,0,9,0,13,9,6,4,1,1,0,1,1.73,4.0,4.33,1.57,2.37,-0.5,1.8,2.02,1.83,4.16,4.08,,2. Bundesliga,,20230827_Karlsruhe_Braunschweig,76.61658285177214,0.78,0.05,53.6,46.4
2023-08-27,Nurnberg,Wehen,2,1,4,2,9,13,10,6,2,6,1,2,2.0,3.6,3.5,1.73,2.09,-0.5,1.99,1.83,2.01,3.76,3.78,,2. Bundesliga,,20230827_Nurnberg_Wehen,12.491305549592198,2.13,0.13,50.9,49.1
2023-08-27,St Pauli,Magdeburg,0,0,12,2,14,3,11,3,2,3,0,0,1.91,3.75,3.75,1.58,2.33,-0.5,1.82,2.0,1.85,4.05,4.11,,2. Bundesliga,,20230827_St-Pauli_Magdeburg,97.98447265295817,0.28,0.17,51.8,48.2
2023-09-01,Braunschweig,St Pauli,1,1,1,5,8,14,3,5,2,3,0,0,4.0,3.6,1.91,1.83,1.96,0.5,1.96,1.84,4.36,3.81,1.86,,2. Bundesliga,,20230901_Braunschweig_St-Pauli,-185.11803803174394,0.8,1.3,40.5,59.5
2023-09-01,Fortuna Dusseldorf,Karlsruhe,3,1,5,8,14,2,7,7,1,3,0,0,2.2,3.6,3.0,1.59,2.31,-0.25,2.02,1.8,2.38,3.75,2.93,,2. Bundesliga,,20230901_Fortuna-Dusseldorf_Karlsruhe,69.3389722541583,1.54,1.11,52.7,47.3
2023-09-02,Holstein Kiel,Paderborn,2,1,6,2,13,11,6,8,3,3,0,0,2.3,4.0,2.7,1.53,2.44,-0.25,1.94,1.87,2.4,3.78,2.89,,2. Bundesliga,,20230902_Holstein-Kiel_Paderborn,5.9644599244165875,1.86,0.08,51.4,48.6
2023-09-02,Kaiserslautern,Nurnberg,3,1,4,4,8,14,4,7,1,2,0,1,2.1,3.6,3.25,1.84,1.94,-0.25,1.8,2.01,2.14,3.51,3.63,,2. Bundesliga,,20230902_Kaiserslautern_Nurnberg,-13.66273892167942,1.07,0.46,51.0,49.0
2023-09-02,Magdeburg,Hertha,6,4,12,7,11,5,4,3,2,3,0,0,2.3,3.8,2.8,1.59,2.32,0.0,2.02,1.8,2.81,3.85,2.43,,2. Bundesliga,,20230902_Magdeburg_Hertha,27.892022578226943,2.17,1.81,54.5,45.5
2023-09-02,Wehen,Schalke 04,1,1,3,5,11,10,3,7,4,2,0,0,3.3,3.6,2.1,1.58,2.35,0.25,1.85,1.95,2.94,3.67,2.4,,2. Bundesliga,,20230902_Wehen_Schalke-04,-104.91874808971465,1.28,0.6,44.4,55.6
2023-09-03,Greuther Furth,Hannover,1,3,5,5,14,1,9,2,1,2,0,0,1.91,4.0,3.6,1.68,2.14,-0.5,1.94,1.86,2.03,3.76,3.7,,2. Bundesliga,,20230903_Greuther-Furth_Hannover,23.366334505504483,1.19,1.07,49.8,50.2
2023-09-03,Hamburg,Hansa Rostock,2,0,11,3,6,4,3,5,2,5,0,0,1.45,4.75,6.5,1.47,2.62,-1.25,1.97,1.84,1.47,4.91,6.7,,2. Bundesliga,,20230903_Hamburg_Hansa-Rostock,142.6019361072881,2.18,0.61,51.9,48.1
2023-09-03,Osnabruck,Elversberg,0,1,4,2,5,8,6,2,1,2,0,0,2.4,3.75,2.7,1.46,2.64,-0.25,1.98,1.83,2.32,4.01,2.88,,2. Bundesliga,,20230903_Osnabruck_Elversberg,-80.52333972033534,0.05,1.41,44.5,55.5
2023-09-15,Nurnberg,Greuther Furth,1,1,4,2,14,7,6,5,2,3,0,0,2.63,3.6,2.55,1.72,2.1,0.0,1.88,1.94,2.58,3.58,2.79,,2. Bundesliga,,20230915_Nurnberg_Greuther-Furth,-14.129579944946727,1.12,0.86,51.3,48.7
2023-09-15,Paderborn,Wehen,2,1,7,5,10,7,5,1,3,2,0,0,1.73,4.0,4.33,1.6,2.29,-0.75,2.07,1.76,2.08,3.66,3.64,,2. Bundesliga,,20230915_Paderborn_Wehen,53.53214664761913,1.58,1.1,51.7,48.3
2023-09-16,Elversberg,Hamburg,2,1,7,6,9,7,7,6,3,2,0,0,4.2,4.2,1.75,1.38,2.95,0.5,1.96,1.86,3.78,4.17,1.9,,2. Bundesliga,,20230916_Elversberg_Hamburg,-171.92879231047368,1.85,1.04,42.9,57.1
2023-09-16,Hansa Rostock,Fortuna Dusseldorf,1,3,4,5,19,15,10,8,2,2,0,0,3.3,3.4,2.2,1.92,1.86,0.25,1.88,1.92,3.37,3.45,2.26,,2. Bundesliga,,20230916_Hansa-Rostock_Fortuna-Dusseldorf,-103.12460044193813,0.26,1.94,40.7,59.3
2023-09-16,Karlsruhe,Kaiserslautern,1,1,6,7,13,7,9,3,0,1,0,0,2.0,3.75,3.5,1.72,2.11,-0.5,1.97,1.83,2.03,3.64,3.83,,2. Bundesliga,,20230916_Karlsruhe_Kaiserslautern,11.05285169542276,1.51,1.07,52.1,47.9
2023-09-16,Schalke 04,Magdeburg,4,3,9,6,10,6,9,4,4,4,0,1,2.1,3.75,3.2,1.44,2.7,-0.25,1.8,2.01,2.07,4.01,3.39,,2. Bundesliga,,20230916_Schalke-04_Magdeburg,36.915640899869004,2.53,1.59,49.7,50.3
2023-09-17,Hannover,Osnabruck,7,0,15,3,9,3,5,3,0,2,0,1,1.8,3.8,4.33,1.57,2.36,-0.5,1.82,1.98,1.83,4.06,4.19,,2. Bundesliga,,20230917_Hannover_Osnabruck,122.2719677313712,1.78,0.27,58.4,41.6
2023-09-17,Hertha,Braunschweig,3,0,8,4,7,10,4,9,2,0,0,0,1.6,4.33,5.25,1.55,2.4,-0.75,1.9,1.91,1.78,4.2,4.39,,2. Bundesliga,,20230917_Hertha_Braunschweig,48.947108461946755,1.55,1.12,51.0,49.0
2023-09-17,St Pauli,Holstein Kiel,5,1,7,4,11,9,3,1,3,3,0,0,1.85,3.8,4.0,1.62,2.27,-0.5,1.89,1.92,1.93,3.7,4.12,,2. Bundesliga,,20230917_St-Pauli_Holstein-Kiel,52.38431343248726,1.97,1.09,52.7,47.3
2023-09-22,Magdeburg,Paderborn,1,1,3,4,8,10,2,6,4,1,0,0,2.15,4.0,3.0,1.42,2.77,-0.25,1.87,1.94,2.17,4.0,3.14,,2. Bundesliga,,20230922_Magdeburg_Paderborn,-13.45932804237691,0.63,0.62,48.3,51.7
2023-09-22,Osnabruck,Hamburg,2,1,9,3,9,5,13,7,5,6,0,0,4.5,4.5,1.62,1.35,3.1,1.0,1.84,1.98,4.94,4.72,1.62,,2. Bundesliga,,20230922_Osnabruck_Hamburg,-261.43357946581,1.39,1.88,38.0,62.0
2023-09-23,Braunschweig,Nurnberg,2,2,5,5,9,6,2,3,2,2,0,0,2.88,3.5,2.4,1.72,2.1,0.0,1.94,1.87,2.69,3.59,2.65,,2. Bundesliga,,20230923_Braunschweig_Nurnberg,-68.39635672610348,0.98,0.75,52.1,47.9
2023-09-23,Greuther Furth,Karlsruhe,4,3,6,5,3,12,9,4,3,5,1,0,2.3,3.6,2.9,1.58,2.33,-0.25,2.02,1.79,2.4,3.74,2.91,,2. Bundesliga,,20230923_Greuther-Furth_Karlsruhe,-8.309961494707068,1.98,1.5,45.9,54.1
2023-09-23,St Pauli,Schalke 04,3,1,8,3,11,7,4,2,1,4,0,0,1.8,3.8,4.33,1.68,2.15,-0.5,1.84,1.96,1.87,3.72,4.45,,2. Bundesliga,,20230923_St-Pauli_Schalke-04,37.05971747414151,1.33,1.54,50.5,49.5
2023-09-23,Wehen,Elversberg,0,2,3,5,13,8,7,3,4,4,0,0,2.63,3.6,2.55,1.56,2.38,0.0,1.88,1.93,2.57,3.72,2.7,,2. Bundesliga,,20230923_Wehen_Elversberg,-40.46334636375559,0.95,1.61,52.6,47.4
2023-09-24,Fortuna Dusseldorf,Hannover,1,1,5,2,12,4,5,2,2,3,0,0,1.85,3.8,4.0,1.58,2.33,-0.5,1.93,1.87,1.98,3.87,3.78,,2. Bundesliga,,20230924_Fortuna-Dusseldorf_Hannover,95.16655226476769,1.13,1.15,50.0,50.0
2023-09-24,Holstein Kiel,Hertha,2,3,5,7,11,4,2,4,4,3,1,0,2.7,3.6,2.45,1.42,2.79,-0.25,1.96,1.85,2.29,3.94,2.97,,2. Bundesliga,,20230924_Holstein-Kiel_Hertha,51.56112258293956,0.58,1.88,58.0,42.0
2023-09-24,Kaiserslautern,Hansa Rostock,3,1,11,2,11,16,6,10,2,2,0,0,2.0,3.5,3.75,1.96,1.83,-0.25,1.78,2.05,2.11,3.37,3.88,,2. Bundesliga,,20230924_Kaiserslautern_Hansa-Rostock,12.380813265272991,2.39,0.34,48.5,51.5
2023-09-29,Hamburg,Fortuna Dusseldorf,1,0,4,2,6,6,8,3,3,6,0,1,2.1,4.0,3.2,1.41,2.81,-0.5,1.94,1.87,1.97,4.13,3.58,,2. Bundesliga,,20230929_Hamburg_Fortuna-Dusseldorf,11.676772101267943,0.61,0.81,57.0,43.0
2023-09-29,Paderborn,Schalke 04,3,1,6,2,5,11,2,10,1,3,0,0,2.2,4.0,2.9,1.49,2.53,-0.25,1.88,1.92,2.13,3.95,3.27,,2. Bundesliga,,20230929_Paderborn_Schalke-04,-34.65562488154137,1.76,1.95,46.9,53.1
2023-09-30,Hannover,Wehen,2,0,5,3,12,9,4,6,0,2,0,0,1.7,4.2,4.5,1.6,2.29,-0.75,1.86,1.94,1.78,4.17,4.4,,2. Bundesliga,,20230930_Hannover_Wehen,67.93899048850062,0.94,1.06,57.6,42.4
2023-09-30,Hansa Rostock,Braunschweig,1,0,6,0,13,20,7,5,3,1,0,0,2.0,3.75,3.5,1.82,1.96,-0.25,1.85,1.96,2.18,3.56,3.41,,2. Bundesliga,,20230930_Hansa-Rostock_Braunschweig,53.28514221643195,1.07,1.17,50.3,49.7
2023-09-30,Hertha,St Pauli,1,2,3,5,5,19,7,3,2,0,0,0,2.7,3.75,2.4,1.66,2.19,0.0,1.94,1.88,2.7,3.6,2.63,,2. Bundesliga,,20230930_Hertha_St-Pauli,-121.31096582172404,0.67,1.59,50.6,49.4
2023-09-30,Karlsruhe,Holstein Kiel,0,2,4,5,10,7,7,9,0,4,0,0,2.05,3.8,3.2,1.41,2.85,-0.75,2.02,1.81,1.82,4.27,4.05,,2. Bundesliga,,20230930_Karlsruhe_Holstein-Kiel,-29.807941205509223,0.05,2.11,49.9,50.1
2023-10-01,Elversberg,Greuther Furth,1,1,4,5,7,10,2,8,1,1,0,0,2.55,3.75,2.6,1.61,2.28,-0.25,2.06,1.76,2.48,3.64,2.86,,2. Bundesliga,,20231001_Elversberg_Greuther-Furth,-4.661943912130482,0.35,1.03,46.7,53.3
2023-10-01,Nurnberg,Magdeburg,1,0,6,1,10,12,7,3,6,5,0,0,2.6,3.75,2.5,1.52,2.5,-0.25,1.9,1.9,2.27,3.79,3.09,,2. Bundesliga,,20231001_Nurnberg_Magdeburg,-32.907869836554255,1.74,0.71,50.8,49.2
2023-10-01,Osnabruck,Kaiserslautern,2,2,4,13,5,19,4,13,4,3,0,0,2.75,3.6,2.45,1.69,2.14,0.0,1.92,1.89,2.62,3.59,2.73,,2. Bundesliga,,20231001_Osnabruck_Kaiserslautern,-117.43539448742604,0.18,0.68,50.2,49.8
2023-10-06,Fortuna Dusseldorf,Osnabruck,1,1,4,3,15,6,8,1,5,3,0,0,1.57,4.33,5.25,1.43,2.75,-1.0,1.92,1.89,1.61,4.51,5.32,,2. Bundesliga,,20231006_Fortuna-Dusseldorf_Osnabruck,194.97276900060274,0.27,0.69,56.5,43.5
2023-10-06,Kaiserslautern,Hannover,3,1,11,4,5,7,5,2,4,2,0,1,2.3,3.5,2.9,1.66,2.19,-0.25,1.93,1.86,2.28,3.54,3.25,,2. Bundesliga,,20231006_Kaiserslautern_Hannover,-17.881566042843588,1.17,0.57,49.7,50.3
2023-10-07,Greuther Furth,Hansa Rostock,1,0,4,2,5,6,8,2,1,7,0,0,1.8,4.0,4.2,1.69,2.12,-0.75,1.95,1.84,1.79,3.79,4.84,,2. Bundesliga,,20231007_Greuther-Furth_Hansa-Rostock,27.885081214327784,1.15,0.72,49.5,50.5
2023-10-07,Magdeburg,Karlsruhe,1,1,5,2,14,0,7,1,3,2,0,0,2.25,3.6,2.9,1.49,2.54,0.0,1.81,2.0,2.52,3.7,2.72,,2. Bundesliga,,20231007_Magdeburg_Karlsruhe,19.238290959215874,1.61,1.38,51.7,48.3
2023-10-07,St Pauli,Nurnberg,5,1,7,3,13,4,8,4,4,1,0,0,1.57,4.2,5.75,1.64,2.22,-1.0,1.89,1.91,1.57,4.41,5.9,,2. Bundesliga,,20231007_St-Pauli_Nurnberg,133.44215169865765,2.79,0.59,45.3,54.7
2023-10-07,Wehen,Hamburg,1,1,2,5,4,18,4,13,2,2,0,0,4.5,4.33,1.67,1.43,2.73,0.75,1.89,1.9,4.07,4.43,1.82,,2. Bundesliga,,20231007_Wehen_Hamburg,-189.64783940331176,0.9,1.11,37.3,62.7
2023-10-08,Braunschweig,Paderborn,1,3,4,6,20,5,13,4,3,0,0,0,3.1,3.6,2.2,1.6,2.29,0.25,1.78,2.02,2.89,3.59,2.48,,2. Bundesliga,,20231008_Braunschweig_Paderborn,-132.53663116189819,1.34,1.24,43.8,56.2
2023-10-08,Holstein Kiel,Elversberg,1,1,7,4,16,5,11,2,1,1,0,0,2.1,3.8,3.2,1.47,2.63,-0.25,1.86,1.94,2.1,3.93,3.36,,2. Bundesliga,,20231008_Holstein-Kiel_Elversberg,29.017904837236983,1.05,0.63,55.8,44.2
2023-10-08,Schalke 04,Hertha,1,2,6,4,10,12,11,5,2,3,1,0,2.3,3.8,2.8,1.48,2.57,-0.25,1.79,2.01,1.99,3.97,3.63,,2. Bundesliga,,20231008_Schalke-04_Hertha,57.58099355886338,0.99,0.98,54.2,45.8
2023-10-20,Elversberg,Braunschweig,3,0,7,4,6,3,6,1,0,1,0,0,1.91,3.8,3.75,1.53,2.45,-0.75,1.99,1.83,1.8,4.14,4.31,,2. Bundesliga,,20231020_Elversberg_Braunschweig,105.81018583306604,1.93,0.77,61.4,38.6
2023-10-20,Hannover,Magdeburg,2,1,4,8,10,5,6,9,2,3,0,0,2.15,3.75,3.1,1.49,2.55,-0.25,1.87,1.94,2.19,3.8,3.23,,2. Bundesliga,,20231020_Hannover_Magdeburg,7.324553271848572,1.54,0.75,59.8,40.2
2023-10-21,Fortuna Dusseldorf,Kaiserslautern,4,3,5,8,15,8,6,5,4,1,0,0,1.85,4.0,3.8,1.67,2.16,-0.5,1.9,1.91,1.91,3.84,4.07,,2. Bundesliga,,20231021_Fortuna-Dusseldorf_Kaiserslautern,66.63082263374758,1.7,1.86,53.6,46.4
2023-10-21,Hamburg,Greuther Furth,2,0,4,3,13,11,6,7,2,4,0,0,1.67,4.33,4.5,1.44,2.7,-0.75,1.81,2.0,1.69,4.46,4.62,,2. Bundesliga,,20231021_Hamburg_Greuther-Furth,96.77537844433732,1.55,1.24,55.3,44.7
2023-10-21,Osnabruck,Wehen,0,2,5,5,14,9,2,3,3,1,0,0,2.25,3.6,3.0,1.57,2.36,-0.25,1.8,2.02,2.1,3.81,3.44,,2. Bundesliga,,20231021_Osnabruck_Wehen,-40.05804660640047,0.17,1.48,54.3,45.7
2023-10-21,Paderborn,St Pauli,2,2,3,3,3,14,3,6,0,1,0,0,3.3,3.8,2.05,1.59,2.31,0.25,2.01,1.8,3.45,3.84,2.09,,2. Bundesliga,,20231021_Paderborn_St-Pauli,-87.9173221058245,1.37,1.41,50.9,49.1
2023-10-22,Hansa Rostock,Holstein Kiel,1,3,9,5,13,5,9,2,1,4,0,1,2.7,3.6,2.45,1.81,2.0,0.0,1.84,1.98,2.65,3.29,2.88,,2. Bundesliga,,20231022_Hansa-Rostock_Holstein-Kiel,-62.602085616687646,1.09,1.06,44.7,55.3
2023-10-22,Karlsruhe,Schalke 04,3,0,5,3,7,6,7,5,1,1,0,0,2.3,3.75,2.8,1.49,2.55,-0.25,2.01,1.81,2.37,3.84,2.9,,2. Bundesliga,,20231022_Karlsruhe_Schalke-04,-51.72961801399879,0.25,1.57,45.3,54.7
2023-10-22,Nurnberg,Hertha,3,1,7,6,11,8,11,5,3,2,1,1,2.8,3.6,2.38,1.58,2.33,0.0,1.84,1.97,2.56,3.55,2.82,,2. Bundesliga,,20231022_Nurnberg_Hertha,-17.762184856493377,2.4,1.01,50.6,49.4
2023-10-27,Braunschweig,Fortuna Dusseldorf,1,4,5,6,11,6,8,4,2,1,0,0,3.75,4.2,1.83,1.6,2.3,0.5,1.93,1.88,3.91,3.83,1.95,,2. Bundesliga,,20231027_Braunschweig_Fortuna-Dusseldorf,-200.13753846392638,0.76,2.21,43.3,56.7
2023-10-27,Greuther Furth,Osnabruck,4,0,6,2,7,3,10,1,0,3,0,0,1.75,4.2,4.2,1.6,2.29,-0.75,1.83,1.98,1.68,4.32,5.01,,2. Bundesliga,,20231027_Greuther-Furth_Osnabruck,122.87402221842558,1.3,1.02,54.0,46.0
2023-10-28,Hertha,Paderborn,3,1,5,6,6,10,3,9,5,1,1,0,2.2,3.75,3.1,1.5,2.51,-0.25,1.86,1.93,2.27,3.65,3.19,,2. Bundesliga,,20231028_Hertha_Paderborn,-58.5591202897715,1.91,1.0,48.7,51.3
2023-10-28,Kaiserslautern,Hamburg,3,3,5,9,8,11,3,4,1,4,0,0,3.0,3.8,2.2,1.52,2.47,0.0,2.06,1.77,2.76,3.88,2.46,,2. Bundesliga,,20231028_Kaiserslautern_Hamburg,-120.1064482522138,1.74,0.37,44.6,55.4
2023-10-28,Schalke 04,Hannover,3,2,6,3,5,11,4,5,4,1,0,0,2.3,3.75,2.8,1.58,2.31,-0.25,2.0,1.8,2.39,3.77,2.91,,2. Bundesliga,,20231028_Schalke-04_Hannover,0.9737036563017227,1.36,1.36,48.3,51.7
2023-10-28,St Pauli,Karlsruhe,2,1,9,3,11,3,7,3,1,2,0,0,1.65,4.2,4.75,1.58,2.32,-1.0,1.89,1.91,1.57,4.36,6.01,,2. Bundesliga,,20231028_St-Pauli_Karlsruhe,136.2333339724339,0.28,1.56,51.1,48.9
2023-10-29,Holstein Kiel,Nurnberg,0,2,1,5,13,16,7,3,2,4,0,0,2.05,3.8,3.25,1.59,2.31,-0.25,1.9,1.9,2.26,3.71,3.19,,2. Bundesliga,,20231029_Holstein-Kiel_Nurnberg,43.01018835288892,0.7,1.44,47.0,53.0
2023-10-29,Magdeburg,Elversberg,1,2,5,4,13,4,5,3,2,2,0,0,2.1,3.75,3.2,1.42,2.77,-0.25,1.81,1.99,2.08,3.87,3.46,,2. Bundesliga,,20231029_Magdeburg_Elversberg,-25.362877373024048,0.81,0.98,46.8,53.2
2023-10-29,Wehen,Hansa Rostock,1,0,6,4,10,12,9,11,1,0,0,0,2.3,3.5,3.0,1.79,1.99,-0.25,2.04,1.78,2.48,3.42,3.02,,2. Bundesliga,,20231029_Wehen_Hansa-Rostock,-10.488356785769838,1.73,0.87,52.6,47.4
2023-11-03,Elversberg,St Pauli,0,2,2,4,5,6,6,3,2,1,0,0,3.3,3.8,2.0,1.69,2.14,0.25,1.97,1.85,3.25,3.67,2.23,,2. Bundesliga,,20231103_Elversberg_St-Pauli,-114.87669610550961,0.82,1.42,52.2,47.8
2023-11-03,Fortuna Dusseldorf,Wehen,1,3,7,5,18,6,6,6,4,5,0,0,1.55,4.5,5.25,1.52,2.47,-1.0,1.86,1.96,1.55,4.66,5.83,,2. Bundesliga,,20231103_Fortuna-Dusseldorf_Wehen,135.20669887561417,0.05,0.94,53.3,46.7
2023-11-04,Hamburg,Magdeburg,2,0,7,4,9,9,4,6,1,2,0,1,1.57,4.75,4.75,1.28,3.53,-1.0,1.89,1.93,1.63,4.92,4.68,,2. Bundesliga,,20231104_Hamburg_Magdeburg,143.93909288000532,2.86,1.35,57.0,43.0
2023-11-04,Kaiserslautern,Greuther Furth,0,2,2,6,16,7,9,3,3,2,1,0,2.15,3.6,3.25,1.75,2.06,-0.25,1.91,1.9,2.32,3.58,3.16,,2. Bundesliga,,20231104_Kaiserslautern_Greuther-Furth,-9.782367349676406,0.52,1.63,47.3,52.7
2023-11-04,Nurnberg,Schalke 04,1,2,4,4,11,7,4,7,4,2,0,0,2.25,3.6,3.0,1.58,2.32,-0.25,1.84,1.96,2.11,3.8,3.43,,2. Bundesliga,,20231104_Nurnberg_Schalke-04,-19.50349659071776,1.08,0.83,48.3,51.7
2023-11-04,Osnabruck,Holstein Kiel,1,1,4,9,10,7,6,5,1,3,0,0,2.88,3.6,2.38,1.57,2.35,0.0,2.02,1.8,2.83,3.66,2.5,,2. Bundesliga,,20231104_Osnabruck_Holstein-Kiel,-148.56198892034604,0.95,1.28,41.8,58.2
2023-11-05,Hannover,Braunschweig,2,0,6,0,6,0,2,5,2,7,0,1,1.57,4.0,5.75,1.7,2.12,-1.0,1.87,1.96,1.55,4.36,6.53,,2. Bundesliga,,20231105_Hannover_Braunschweig,121.97099162715585,0.79,0.34,53.4,46.6
2023-11-05,Hansa Rostock,Hertha,0,0,2,2,6,14,7,5,2,2,0,0,3.0,3.6,2.25,1.63,2.26,0.0,2.04,1.8,2.86,3.58,2.51,,2. Bundesliga,,20231105_Hansa-Rostock_Hertha,-58.215749855582544,0.45,1.65,42.4,57.6
2023-11-05,Karlsruhe,Paderborn,0,3,7,5,9,6,2,3,4,1,0,0,2.1,3.6,3.3,1.5,2.53,-0.25,1.9,1.91,2.23,3.68,3.24,,2. Bundesliga,,20231105_Karlsruhe_Paderborn,-47.78096815307185,0.87,1.39,49.9,50.1
2023-11-10,Schalke 04,Elversberg,1,2,3,5,19,8,8,2,3,2,0,0,2.05,4.0,3.25,1.56,2.38,-0.5,1.98,1.83,2.05,3.96,3.48,,2. Bundesliga,,20231110_Schalke-04_Elversberg,26.768224428123858,0.8,1.55,48.8,51.2
2023-11-10,St Pauli,Hannover,0,0,2,0,11,2,7,1,2,4,0,0,1.62,4.0,5.25,1.74,2.07,-0.75,1.82,1.99,1.67,4.08,5.34,,2. Bundesliga,,20231110_St-Pauli_Hannover,132.73145095105747,1.49,0.05,56.3,43.7
2023-11-11,Braunschweig,Osnabruck,3,2,8,3,8,3,4,4,3,5,0,1,2.25,3.5,3.1,1.81,1.98,-0.25,1.98,1.82,2.45,3.38,3.09,,2. Bundesliga,,20231111_Braunschweig_Osnabruck,-7.658113282995146,1.12,1.67,43.8,56.2
2023-11-11,Hertha,Karlsruhe,2,2,3,4,7,8,6,9,0,2,0,0,1.91,4.0,3.6,1.54,2.42,-0.5,1.91,1.9,1.91,4.08,3.83,,2. Bundesliga,,20231111_Hertha_Karlsruhe,25.597031709357452,1.08,0.09,45.6,54.4
2023-11-11,Holstein Kiel,Hamburg,4,2,8,7,8,8,7,6,2,2,0,0,3.25,4.0,2.0,1.39,2.9,0.5,1.83,1.98,3.52,4.07,2.0,,2. Bundesliga,,20231111_Holstein-Kiel_Hamburg,-104.638476969051,1.39,1.04,44.5,55.5
2023-11-11,Paderborn,Nurnberg,1,3,9,8,15,4,12,2,2,1,0,1,2.05,3.8,3.3,1.54,2.42,-0.25,1.89,1.91,2.27,3.86,3.04,,2. Bundesliga,,20231111_Paderborn_Nurnberg,45.300913927386546,1.15,1.23,52.3,47.7
2023-11-12,Greuther Furth,Fortuna Dusseldorf,1,0,4,3,5,9,3,7,4,3,0,0,2.25,3.5,3.1,1.69,2.15,-0.25,1.93,1.88,2.25,3.7,3.28,,2. Bundesliga,,20231112_Greuther-Furth_Fortuna-Dusseldorf,-49.96355177259511,0.26,1.13,45.7,54.3
2023-11-12,Magdeburg,Hansa Rostock,1,2,8,5,8,11,13,2,3,2,0,0,1.8,4.0,4.2,1.52,2.47,-0.75,1.94,1.87,1.78,4.12,4.47,,2. Bundesliga,,20231112_Magdeburg_Hansa-Rostock,20.486244680494337,1.09,0.51,51.2,48.8
2023-11-12,Wehen,Kaiserslautern,2,1,6,1,6,4,5,2,0,2,0,0,2.9,3.75,2.3,1.61,2.29,0.0,1.93,1.88,2.66,3.63,2.66,,2. Bundesliga,,20231112_Wehen_Kaiserslautern,-19.241162423457354,1.09,1.41,50.1,49.9
2023-11-24,Hamburg,Braunschweig,2,1,5,3,11,11,7,4,1,2,0,0,1.3,6.0,9.0,1.34,3.15,-1.5,1.87,1.95,1.34,6.18,8.09,,2. Bundesliga,,20231124_Hamburg_Braunschweig,223.40604094670493,0.16,0.76,57.9,42.1
2023-11-24,Hannover,Hertha,2,2,6,4,12,4,9,1,0,1,0,0,2.2,3.4,3.25,1.71,2.11,-0.25,1.86,1.95,2.2,3.6,3.39,,2. Bundesliga,,20231124_Hannover_Hertha,16.735566893042005,1.78,2.12,55.2,44.8
2023-11-25,Elversberg,Paderborn,4,1,9,4,6,5,4,3,2,3,0,0,2.45,3.5,2.7,1.48,2.58,-0.25,2.02,1.81,2.35,3.75,2.98,,2. Bundesliga,,20231125_Elversberg_Paderborn,-3.432934097458883,1.11,1.19,50.0,50.0
2023-11-25,Fortuna Dusseldorf,Schalke 04,5,3,9,7,4,4,6,8,1,2,0,0,1.91,3.6,4.0,1.59,2.32,-0.5,2.02,1.79,2.12,3.64,3.55,,2. Bundesliga,,20231125_Fortuna-Dusseldorf_Schalke-04,36.21948109869345,1.95,1.35,52.0,48.0
2023-11-25,Hansa Rostock,St Pauli,2,3,4,9,12,9,2,1,2,1,0,0,4.75,3.8,1.67,1.98,1.82,0.75,1.92,1.89,5.28,3.83,1.72,,2. Bundesliga,,20231125_Hansa-Rostock_St-Pauli,-181.36204141040275,0.89,0.96,37.4,62.6
2023-11-25,Osnabruck,Magdeburg,0,2,3,6,9,7,5,8,2,2,0,0,3.1,3.5,2.25,1.58,2.33,0.25,1.99,1.83,3.46,3.87,2.08,,2. Bundesliga,,20231125_Osnabruck_Magdeburg,-84.55025929798808,0.05,1.05,42.8,57.2
2023-11-26,Greuther Furth,Wehen,2,0,7,6,16,8,7,6,3,5,0,0,1.73,3.8,4.75,1.67,2.16,-0.75,1.97,1.84,1.85,3.8,4.45,,2. Bundesliga,,20231126_Greuther-Furth_Wehen,53.39796029355239,1.08,0.33,48.1,51.9
2023-11-26,Kaiserslautern,Holstein Kiel,0,3,5,6,8,5,6,10,1,1,0,0,2.2,3.75,3.0,1.54,2.42,-0.25,1.97,1.84,2.37,3.64,3.01,,2. Bundesliga,,20231126_Kaiserslautern_Holstein-Kiel,-54.616170342485475,0.59,1.18,50.4,49.6
2023-11-26,Karlsruhe,Nurnberg,4,1,8,3,11,9,6,8,2,3,0,0,2.3,3.4,3.1,1.57,2.36,-0.25,1.86,1.96,2.13,3.75,3.43,,2. Bundesliga,,20231126_Karlsruhe_Nurnberg,-35.873451092165624,1.65,1.15,53.6,46.4
2023-12-01,Schalke 04,Osnabruck,4,0,5,2,9,6,3,0,2,2,0,0,1.53,4.33,5.75,1.55,2.4,-1.0,1.84,1.98,1.53,4.51,6.32,,2. Bundesliga,,20231201_Schalke-04_Osnabruck,156.22286816363953,1.16,0.05,57.4,42.6
2023-12-01,St Pauli,Hamburg,2,2,5,3,11,3,9,3,1,3,0,0,1.83,4.0,4.0,1.63,2.24,-0.5,1.85,1.95,1.87,3.88,4.21,,2. Bundesliga,,20231201_St-Pauli_Hamburg,31.615170073399213,1.64,1.42,50.6,49.4
2023-12-02,Braunschweig,Greuther Furth,0,1,6,1,7,6,2,5,4,3,0,0,3.75,3.6,1.95,1.8,1.99,0.25,1.98,1.83,3.49,3.51,2.19,,2. Bundesliga,,20231202_Braunschweig_Greuther-Furth,-170.0199440320041,0.34,0.77,48.3,51.7
2023-12-02,Holstein Kiel,Wehen,3,2,9,4,14,9,11,3,1,2,0,0,1.8,4.0,4.2,1.5,2.52,-0.75,2.03,1.78,1.88,4.09,3.93,,2. Bundesliga,,20231202_Holstein-Kiel_Wehen,68.828653318938,1.02,1.01,49.1,50.9
2023-12-02,Magdeburg,Kaiserslautern,4,1,11,5,7,14,6,2,3,1,0,0,2.0,3.75,3.5,1.57,2.36,-0.5,1.95,1.84,2.0,3.86,3.71,,2. Bundesliga,,20231202_Magdeburg_Kaiserslautern,-8.224150328158203,0.97,1.44,54.2,45.8
2023-12-02,Nurnberg,Fortuna Dusseldorf,0,5,1,7,3,7,2,5,2,3,0,0,2.8,3.5,2.4,1.57,2.36,0.0,1.97,1.84,2.74,3.66,2.57,,2. Bundesliga,,20231202_Nurnberg_Fortuna-Dusseldorf,-75.88676541849009,1.28,1.84,46.3,53.7
2023-12-03,Hertha,Elversberg,5,1,6,5,8,10,3,4,0,2,0,0,1.91,4.0,3.5,1.53,2.44,-0.5,1.92,1.88,1.93,4.08,3.76,,2. Bundesliga,,20231203_Hertha_Elversberg,-38.33871060857359,1.74,1.78,43.1,56.9
2023-12-03,Karlsruhe,Hansa Rostock,2,2,7,7,10,10,8,5,2,1,0,0,1.73,4.0,4.5,1.64,2.22,-0.75,1.7,2.15,1.55,4.36,6.31,,2. Bundesliga,,20231203_Karlsruhe_Hansa-Rostock,36.29399382055635,0.64,0.8,52.0,48.0
2023-12-03,Paderborn,Hannover,1,0,6,1,15,7,6,5,1,2,0,1,2.38,3.5,2.9,1.7,2.12,0.0,1.99,1.83,2.87,3.53,2.52,,2. Bundesliga,,20231203_Paderborn_Hannover,1.9541055734741803,0.36,1.61,52.2,47.8
2023-12-08,Hannover,Karlsruhe,2,2,7,7,11,8,5,4,1,0,0,0,2.05,3.6,3.4,1.77,2.03,-0.25,1.81,2.02,2.15,3.64,3.46,,2. Bundesliga,,20231208_Hannover_Karlsruhe,16.0718923384984,0.42,0.74,46.6,53.4
2023-12-08,Wehen,Braunschweig,1,3,2,8,8,5,4,7,2,1,0,0,1.91,3.75,3.6,1.8,1.99,-0.25,1.9,1.91,2.29,3.55,3.23,,2. Bundesliga,,20231208_Wehen_Braunschweig,93.18398334116296,1.39,0.64,53.5,46.5
2023-12-09,Greuther Furth,Magdeburg,1,1,6,8,10,3,7,3,1,4,0,0,1.91,3.75,3.75,1.68,2.16,-0.5,1.97,1.83,2.06,3.72,3.64,,2. Bundesliga,,20231209_Greuther-Furth_Magdeburg,82.27935143099285,0.77,1.03,66.1,33.9
2023-12-09,Hamburg,Paderborn,1,2,6,4,12,7,8,4,2,1,1,1,1.62,4.33,5.0,1.36,3.06,-1.0,2.05,1.79,1.68,4.6,4.62,,2. Bundesliga,,20231209_Hamburg_Paderborn,86.39797174692967,0.84,1.24,58.4,41.6
2023-12-09,Kaiserslautern,Hertha,1,2,4,5,8,5,9,6,1,3,1,0,2.4,3.75,2.8,1.6,2.29,-0.25,1.84,1.98,2.12,3.74,3.46,,2. Bundesliga,,20231209_Kaiserslautern_Hertha,-54.38977743809505,1.01,0.56,52.5,47.5
2023-12-09,Osnabruck,St Pauli,1,1,3,4,6,15,9,10,4,0,1,0,6.5,4.2,1.5,1.74,2.07,1.25,1.96,1.84,8.66,5.01,1.4,,2. Bundesliga,,20231209_Osnabruck_St-Pauli,-292.07644934985,0.93,0.57,40.5,59.5
2023-12-10,Elversberg,Nurnberg,0,1,3,3,16,7,9,4,3,4,0,0,1.95,3.75,3.6,1.56,2.39,-0.75,2.05,1.77,1.86,3.99,4.15,,2. Bundesliga,,20231210_Elversberg_Nurnberg,36.21056405147942,0.71,0.56,56.1,43.9
2023-12-10,Fortuna Dusseldorf,Holstein Kiel,0,1,2,6,13,6,9,3,2,0,0,0,1.91,3.75,3.75,1.55,2.4,-0.5,1.82,1.99,1.83,4.02,4.25,,2. Bundesliga,,20231210_Fortuna-Dusseldorf_Holstein-Kiel,27.79521991305228,0.56,0.18,52.9,47.1
2023-12-10,Hansa Rostock,Schalke 04,0,2,0,3,3,15,3,4,1,2,1,0,2.75,3.75,2.38,1.78,2.02,0.25,1.86,1.95,3.19,3.54,2.32,,2. Bundesliga,,20231210_Hansa-Rostock_Schalke-04,-69.55007514835756,0.33,1.42,47.1,52.9
2023-12-15,Paderborn,Hansa Rostock,3,0,11,1,13,7,12,2,4,3,0,1,1.62,4.2,5.0,1.59,2.33,-1.0,1.94,1.88,1.58,4.45,5.7,,2. Bundesliga,,20231215_Paderborn_Hansa-Rostock,100.24044864770212,1.29,0.95,52.1,47.9
2023-12-15,Schalke 04,Greuther Furth,2,2,8,8,4,3,2,3,4,1,1,0,2.15,3.75,3.1,1.73,2.08,-0.25,1.86,1.95,2.17,3.68,3.38,,2. Bundesliga,,20231215_Schalke-04_Greuther-Furth,-21.802862462810026,0.88,0.85,46.1,53.9
2023-12-16,Hertha,Osnabruck,0,0,6,2,6,6,4,7,3,3,1,0,1.44,4.75,6.5,1.46,2.64,-1.25,2.01,1.8,1.53,4.86,5.75,,2. Bundesliga,,20231216_Hertha_Osnabruck,161.99571562139022,0.8,0.05,58.4,41.6
2023-12-16,Holstein Kiel,Hannover,3,0,6,1,5,10,2,4,2,2,0,1,2.25,3.6,3.0,1.74,2.07,-0.25,1.92,1.89,2.27,3.66,3.18,,2. Bundesliga,,20231216_Holstein-Kiel_Hannover,65.60537531297564,1.54,0.49,46.0,54.0
2023-12-16,Magdeburg,Fortuna Dusseldorf,2,3,6,5,13,7,7,2,2,3,0,0,2.4,3.75,2.7,1.56,2.37,0.0,1.92,1.89,2.54,3.78,2.71,,2. Bundesliga,,20231216_Magdeburg_Fortuna-Dusseldorf,-92.51508609824805,1.04,2.2,48.4,51.6
2023-12-16,Nurnberg,Hamburg,0,2,2,4,10,10,4,6,1,5,0,0,3.2,3.8,2.1,1.44,2.71,0.5,1.85,1.96,3.36,4.07,2.06,,2. Bundesliga,,20231216_Nurnberg_Hamburg,-98.88545672851888,0.41,1.05,43.0,57.0
2023-12-17,Braunschweig,Kaiserslautern,2,1,6,0,11,11,4,6,1,3,0,0,2.88,3.4,2.5,1.86,1.92,0.0,2.02,1.8,2.91,3.42,2.55,,2. Bundesliga,,20231217_Braunschweig_Kaiserslautern,-59.2277205218229,0.65,0.42,47.0,53.0
2023-12-17,Karlsruhe,Elversberg,3,2,7,5,10,6,5,1,2,2,0,0,2.15,3.8,3.1,1.54,2.42,-0.25,2.0,1.81,2.37,3.83,2.9,,2. Bundesliga,,20231217_Karlsruhe_Elversberg,-23.643011850793982,2.42,0.29,44.6,55.4
2023-12-17,St Pauli,Wehen,1,1,5,2,23,3,12,2,2,3,0,0,1.33,5.25,9.0,1.49,2.54,-1.75,1.99,1.82,1.28,6.3,10.29,,2. Bundesliga,,20231217_St-Pauli_Wehen,184.6065724948328,1.6,1.09,57.2,42.8
2024-01-19,Holstein Kiel,Braunschweig,1,2,9,5,13,10,6,3,1,2,0,0,1.73,3.8,4.75,1.72,2.09,-0.75,1.95,1.85,1.83,3.78,4.58,,2. Bundesliga,,20240119_Holstein-Kiel_Braunschweig,174.8684404781343,1.16,0.38,52.5,47.5
2024-01-19,Karlsruhe,Osnabruck,2,1,4,4,12,10,7,2,1,2,0,0,1.57,4.33,5.5,1.57,2.36,-1.0,1.98,1.83,1.63,4.3,5.42,,2. Bundesliga,,20240119_Karlsruhe_Osnabruck,134.26422813018507,1.22,1.12,52.5,47.5
2024-01-20,Elversberg,Hannover,2,2,2,3,6,6,6,4,1,0,0,0,2.45,3.5,2.8,1.76,2.04,-0.5,2.0,1.82,2.02,3.69,3.82,,2. Bundesliga,,20240120_Elversberg_Hannover,5.625815916787133,0.67,1.19,51.1,48.9
2024-01-20,Nurnberg,Hansa Rostock,3,0,4,2,4,7,2,5,0,0,0,0,1.95,3.6,3.8,1.7,2.13,-0.5,1.89,1.91,1.92,3.72,4.19,,2. Bundesliga,,20240120_Nurnberg_Hansa-Rostock,57.861697570459455,1.4,1.33,55.3,44.7
2024-01-20,Schalke 04,Hamburg,0,2,4,6,23,2,11,5,3,2,0,0,2.63,3.75,2.45,1.47,2.59,0.0,1.98,1.85,2.68,3.83,2.54,,2. Bundesliga,,20240120_Schalke-04_Hamburg,-75.90331250335771,0.05,1.25,50.1,49.9
2024-01-20,St Pauli,Kaiserslautern,2,0,9,3,11,10,4,4,3,2,0,0,1.45,4.5,7.0,1.72,2.09,-1.0,1.78,2.06,1.49,4.65,6.89,,2. Bundesliga,,20240120_St-Pauli_Kaiserslautern,196.4651469919811,1.84,1.32,56.0,44.0
2024-01-21,Hertha,Fortuna Dusseldorf,2,2,4,2,6,7,1,4,6,1,0,0,2.45,3.6,2.75,1.59,2.3,0.0,2.03,1.8,2.83,3.69,2.48,,2. Bundesliga,,20240121_Hertha_Fortuna-Dusseldorf,-61.22254666818981,0.76,0.62,45.9,54.1
2024-01-21,Magdeburg,Wehen,1,0,3,3,9,6,9,1,3,5,0,1,1.67,4.33,4.5,1.5,2.5,-0.75,1.79,2.02,1.66,4.25,5.2,,2. Bundesliga,,20240121_Magdeburg_Wehen,10.88604229386101,1.47,0.65,46.5,53.5
2024-01-21,Paderborn,Greuther Furth,0,1,8,3,9,10,6,5,1,2,0,0,2.2,3.75,3.0,1.61,2.28,-0.25,2.0,1.82,2.41,3.66,2.95,,2. Bundesliga,,20240121_Paderborn_Greuther-Furth,-0.9884562312984144,0.81,1.18,50.8,49.2
2024-01-26,Hannover,Nurnberg,3,0,11,1,19,11,7,5,2,1,0,0,1.8,3.75,4.2,1.68,2.16,-0.5,1.85,1.96,1.87,3.69,4.46,,2. Bundesliga,,20240126_Hannover_Nurnberg,-9.874477371626199,1.48,0.05,50.8,49.2
2024-01-26,Kaiserslautern,Schalke 04,4,1,6,5,9,6,4,1,1,3,0,0,2.45,3.75,2.7,1.66,2.2,0.0,1.97,1.86,2.77,3.65,2.55,,2. Bundesliga,,20240126_Kaiserslautern_Schalke-04,-95.3815978699638,2.3,0.22,47.3,52.7
2024-01-27,Fortuna Dusseldorf,St Pauli,1,2,4,8,7,6,2,4,2,2,0,0,2.75,3.4,2.5,1.84,1.95,0.25,1.8,2.03,3.09,3.48,2.4,,2. Bundesliga,,20240127_Fortuna-Dusseldorf_St-Pauli,-59.724177621045555,1.45,1.77,46.5,53.5
2024-01-27,Hansa Rostock,Elversberg,2,1,4,2,7,19,2,11,2,3,0,1,3.0,3.6,2.3,1.89,1.9,0.25,1.89,1.92,3.31,3.48,2.29,,2. Bundesliga,,20240127_Hansa-Rostock_Elversberg,-73.26405483582016,1.47,0.24,43.2,56.8
2024-01-27,Osnabruck,Paderborn,0,0,2,2,15,6,11,6,3,4,0,1,3.3,3.8,2.05,1.58,2.33,0.5,1.81,2.02,3.6,3.88,2.03,,2. Bundesliga,,20240127_Osnabruck_Paderborn,-181.95469284120418,0.27,0.88,41.4,58.6
2024-01-27,Wehen,Hertha,3,1,7,7,10,8,3,10,0,2,0,0,3.0,3.6,2.25,1.79,2.02,0.0,2.02,1.81,2.81,3.48,2.6,,2. Bundesliga,,20240127_Wehen_Hertha,-73.65181249743387,1.34,1.85,44.1,55.9
2024-01-28,Braunschweig,Magdeburg,1,0,7,4,7,4,3,2,1,5,0,1,2.63,3.6,2.5,1.72,2.1,-0.25,2.05,1.78,2.49,3.54,2.92,,2. Bundesliga,,20240128_Braunschweig_Magdeburg,-59.64144834654394,0.56,2.11,51.8,48.2
2024-01-28,Greuther Furth,Holstein Kiel,2,1,6,2,16,9,10,5,3,5,0,0,2.05,3.75,3.4,1.65,2.21,-0.5,1.96,1.85,2.03,3.7,3.74,,2. Bundesliga,,20240128_Greuther-Furth_Holstein-Kiel,5.093603488640383,1.29,0.74,53.8,46.2
2024-01-28,Hamburg,Karlsruhe,3,4,10,6,8,7,11,2,1,2,0,0,1.65,4.2,4.75,1.36,3.05,-1.0,1.87,1.96,1.57,4.8,5.32,,2. Bundesliga,,20240128_Hamburg_Karlsruhe,110.50762882455251,1.37,2.14,52.4,47.6
2024-02-02,Karlsruhe,Wehen,2,2,4,7,7,15,4,3,1,2,0,0,1.67,4.2,4.75,1.51,2.5,-0.75,1.87,1.95,1.76,4.18,4.52,,2. Bundesliga,,20240202_Karlsruhe_Wehen,63.03875239628701,0.96,0.66,48.8,51.2
2024-02-02,Magdeburg,Holstein Kiel,1,1,9,3,12,5,12,4,2,3,0,0,2.55,3.6,2.6,1.56,2.39,-0.25,2.05,1.78,2.46,3.64,2.88,,2. Bundesliga,,20240202_Magdeburg_Holstein-Kiel,-82.28962472381477,1.41,0.31,39.2,60.8
2024-02-03,Hertha,Hamburg,1,2,3,5,4,11,4,6,5,2,0,0,3.25,3.6,2.1,1.45,2.68,0.25,1.81,2.02,2.91,3.8,2.38,,2. Bundesliga,,20240203_Hertha_Hamburg,-97.52120738558074,1.16,1.24,52.7,47.3
2024-02-03,Nurnberg,Osnabruck,2,2,8,7,7,13,5,6,3,2,0,0,1.8,4.0,4.2,1.66,2.21,-0.5,1.99,1.83,2.12,3.67,3.52,,2. Bundesliga,,20240203_Nurnberg_Osnabruck,126.19238695246759,0.44,1.4,58.3,41.7
2024-02-03,Schalke 04,Braunschweig,1,0,7,1,11,7,3,5,2,2,0,0,1.8,3.8,4.0,1.88,1.91,-0.5,1.87,1.96,1.87,3.71,4.42,,2. Bundesliga,,20240203_Schalke-04_Braunschweig,73.87092350738999,0.44,0.44,61.4,38.6
2024-02-03,St Pauli,Greuther Furth,3,2,13,3,6,4,7,3,1,2,0,0,1.73,4.0,4.5,1.83,1.97,-0.75,1.79,2.05,1.63,4.0,6.05,,2. Bundesliga,,20240203_St-Pauli_Greuther-Furth,69.2441871032463,1.19,1.4,52.7,47.3
2024-02-04,Elversberg,Kaiserslautern,2,1,4,3,4,10,3,4,3,1,0,0,2.15,3.6,3.25,1.65,2.22,-0.25,1.94,1.88,2.32,3.58,3.14,,2. Bundesliga,,20240204_Elversberg_Kaiserslautern,40.14581495039761,1.96,1.01,51.8,48.2
2024-02-04,Hannover,Hansa Rostock,2,1,5,4,10,6,6,6,4,2,1,0,1.57,4.0,6.0,1.71,2.13,-1.0,1.82,2.02,1.53,4.38,6.71,,2. Bundesliga,,20240204_Hannover_Hansa-Rostock,65.87418378335678,1.44,1.39,54.2,45.8
2024-02-04,Paderborn,Fortuna Dusseldorf,4,3,4,6,7,7,5,7,1,1,0,0,2.6,3.6,2.6,1.69,2.15,0.0,1.89,1.94,2.62,3.52,2.76,,2. Bundesliga,,20240204_Paderborn_Fortuna-Dusseldorf,-32.11638824965212,1.62,0.73,53.2,46.8
2024-02-09,Hamburg,Hannover,3,4,3,4,14,9,10,7,2,2,2,0,1.73,4.33,4.2,1.44,2.72,-0.75,1.86,1.95,1.7,4.36,4.7,,2. Bundesliga,,20240209_Hamburg_Hannover,96.4391213850713,1.94,1.5,53.9,46.1
2024-02-09,Wehen,Nurnberg,1,1,3,7,5,9,2,11,1,1,0,0,1.95,3.75,3.6,1.63,2.25,-0.5,1.89,1.93,1.93,3.85,4.01,,2. Bundesliga,,20240209_Wehen_Nurnberg,-23.54929353151124,1.78,0.56,51.0,49.0
2024-02-10,Braunschweig,Karlsruhe,2,0,8,7,5,8,5,11,2,2,0,0,2.5,3.8,2.6,1.66,2.19,-0.25,2.05,1.78,2.39,3.62,3.0,,2. Bundesliga,,20240210_Braunschweig_Karlsruhe,-96.34501311497638,0.91,0.77,42.2,57.8
2024-02-10,Fortuna Dusseldorf,Elversberg,1,1,4,3,9,6,5,2,2,1,0,0,1.8,4.0,4.2,1.64,2.23,-0.5,1.83,1.98,1.88,3.88,4.13,,2. Bundesliga,,20240210_Fortuna-Dusseldorf_Elversberg,59.40955771084191,0.93,0.68,48.3,51.7
2024-02-10,Kaiserslautern,Paderborn,1,2,3,2,9,6,4,2,3,2,0,0,2.25,3.8,3.0,1.58,2.33,-0.25,1.96,1.86,2.32,3.67,3.09,,2. Bundesliga,,20240210_Kaiserslautern_Paderborn,-114.89031031297623,1.28,0.05,39.9,60.1
2024-02-10,Magdeburg,St Pauli,1,0,5,4,4,7,2,4,1,2,0,0,4.75,3.75,1.75,1.7,2.12,0.5,1.97,1.84,4.07,3.75,1.93,,2. Bundesliga,,20240210_Magdeburg_St-Pauli,-187.12494496351405,0.19,0.74,41.7,58.3
2024-02-11,Greuther Furth,Hertha,1,2,7,7,9,6,2,3,2,4,0,1,1.95,3.8,3.6,1.65,2.21,-0.25,1.77,2.08,2.1,3.73,3.5,,2. Bundesliga,,20240211_Greuther-Furth_Hertha,71.05829256949278,0.63,1.25,54.3,45.7
2024-02-11,Holstein Kiel,Schalke 04,1,0,6,2,16,5,10,4,1,3,0,0,2.25,3.75,2.9,1.65,2.19,0.0,1.86,1.98,2.58,3.63,2.74,,2. Bundesliga,,20240211_Holstein-Kiel_Schalke-04,27.703705528560704,0.72,0.06,49.0,51.0
2024-02-11,Osnabruck,Hansa Rostock,0,0,7,1,18,7,9,2,3,2,0,0,2.25,3.5,3.1,1.83,1.96,-0.5,1.98,1.85,2.01,3.68,3.86,,2. Bundesliga,,20240211_Osnabruck_Hansa-Rostock,-61.19751391973796,1.1,0.3,48.0,52.0
2024-02-16,Hannover,Greuther Furth,2,1,3,5,6,9,7,5,2,1,0,0,2.15,3.5,3.3,1.66,2.2,-0.25,1.88,1.94,2.25,3.58,3.28,,2. Bundesliga,,20240216_Hannover_Greuther-Furth,-22.87271123726009,1.23,1.55,49.5,50.5
2024-02-16,Hertha,Magdeburg,3,2,12,7,10,7,9,4,2,4,0,1,2.3,3.75,2.88,1.53,2.45,-0.25,2.02,1.8,2.42,3.68,2.92,,2. Bundesliga,,20240216_Hertha_Magdeburg,24.06092412371254,1.05,0.96,51.2,48.8
2024-02-17,Hansa Rostock,Hamburg,2,2,7,4,3,9,1,1,4,2,0,0,4.75,4.33,1.65,1.47,2.61,1.0,1.86,1.97,4.96,4.61,1.63,,2. Bundesliga,,20240217_Hansa-Rostock_Hamburg,-168.6608273379327,1.77,1.04,39.2,60.8
2024-02-17,Karlsruhe,Fortuna Dusseldorf,2,2,2,3,8,6,7,4,2,2,0,0,2.7,3.5,2.55,1.72,2.11,0.0,2.07,1.77,2.86,3.53,2.53,,2. Bundesliga,,20240217_Karlsruhe_Fortuna-Dusseldorf,-45.44635667520515,1.47,1.43,46.9,53.1
2024-02-17,Paderborn,Holstein Kiel,0,4,3,6,7,6,6,6,3,3,1,0,2.38,3.75,2.75,1.52,2.46,-0.25,2.01,1.81,2.43,3.81,2.82,,2. Bundesliga,,20240217_Paderborn_Holstein-Kiel,-0.7476110512425294,1.39,1.13,46.0,54.0
2024-02-17,Schalke 04,Wehen,1,0,3,3,7,8,8,3,2,2,0,0,1.75,4.0,4.33,1.71,2.11,-0.75,1.91,1.9,1.72,3.94,5.09,,2. Bundesliga,,20240217_Schalke-04_Wehen,43.37267781678793,0.16,1.45,53.2,46.8
2024-02-18,Elversberg,Osnabruck,3,1,5,4,6,7,5,5,3,2,0,0,1.8,4.0,4.2,1.55,2.4,-0.5,1.95,1.87,2.02,3.87,3.64,,2. Bundesliga,,20240218_Elversberg_Osnabruck,125.78565441106889,1.98,0.43,49.1,50.9
2024-02-18,Nurnberg,Kaiserslautern,1,1,4,4,3,16,8,9,5,3,0,0,2.45,3.6,2.7,1.67,2.18,0.0,2.03,1.8,2.84,3.65,2.49,,2. Bundesliga,,20240218_Nurnberg_Kaiserslautern,60.73707019682365,0.69,0.05,46.3,53.7
2024-02-18,St Pauli,Braunschweig,1,0,4,2,6,7,5,4,3,2,1,0,1.36,4.75,8.5,1.64,2.22,-1.5,2.05,1.79,1.37,5.28,8.76,,2. Bundesliga,,20240218_St-Pauli_Braunschweig,197.8151432077916,1.01,1.25,53.0,47.0
2024-02-23,Holstein Kiel,St Pauli,3,4,6,5,6,6,3,1,1,1,0,0,3.0,3.5,2.25,1.86,1.93,0.25,1.77,2.05,3.02,3.42,2.48,,2. Bundesliga,,20240223_Holstein-Kiel_St-Pauli,-75.31469852607415,0.13,1.34,43.8,56.2
2024-02-23,Wehen,Paderborn,1,2,1,4,4,12,2,7,2,2,0,0,2.75,3.6,2.38,1.62,2.27,0.25,1.8,2.03,3.0,3.67,2.37,,2. Bundesliga,,20240223_Wehen_Paderborn,-90.954629670656,1.15,1.55,46.7,53.3
2024-02-24,Braunschweig,Hertha,1,1,3,2,6,10,5,4,2,0,1,0,2.45,3.6,2.7,1.71,2.11,-0.25,2.0,1.82,2.37,3.62,3.04,,2. Bundesliga,,20240224_Braunschweig_Hertha,-87.54882158960731,0.56,1.13,45.3,54.7
2024-02-24,Kaiserslautern,Karlsruhe,0,4,4,6,4,2,6,4,3,1,0,0,2.05,3.75,3.3,1.71,2.11,-0.25,1.88,1.93,2.19,3.66,3.33,,2. Bundesliga,,20240224_Kaiserslautern_Karlsruhe,-80.97046033810375,0.56,0.99,52.1,47.9
2024-02-24,Magdeburg,Schalke 04,3,0,4,4,13,11,4,4,0,0,0,0,2.15,3.75,3.1,1.61,2.28,-0.25,1.87,1.94,2.15,3.68,3.44,,2. Bundesliga,,20240224_Magdeburg_Schalke-04,-41.737299749913745,1.62,0.28,46.2,53.8
2024-02-24,Osnabruck,Hannover,1,0,4,6,5,10,3,8,2,3,0,0,3.8,3.8,1.91,1.62,2.26,0.25,2.0,1.82,3.4,3.67,2.17,,2. Bundesliga,,20240224_Osnabruck_Hannover,-180.3555674004774,0.74,0.73,40.1,59.9
2024-02-25,Fortuna Dusseldorf,Hansa Rostock,2,0,10,3,7,11,2,7,1,0,0,0,1.44,4.5,7.0,1.59,2.31,-1.25,1.9,1.91,1.4,5.24,8.04,,2. Bundesliga,,20240225_Fortuna-Dusseldorf_Hansa-Rostock,117.14966473247432,0.77,0.72,55.2,44.8
2024-02-25,Greuther Furth,Nurnberg,2,1,7,1,11,2,13,0,3,4,0,1,1.7,4.2,4.5,1.59,2.31,-1.0,2.02,1.81,1.62,4.27,5.58,,2. Bundesliga,,20240225_Greuther-Furth_Nurnberg,56.956125260153385,1.5,0.82,46.1,53.9
2024-02-25,Hamburg,Elversberg,1,0,7,4,9,8,5,5,2,1,0,0,1.6,4.33,5.0,1.32,3.26,-1.0,1.8,2.04,1.52,4.73,6.25,,2. Bundesliga,,20240225_Hamburg_Elversberg,86.64548999292333,1.44,0.45,60.5,39.5
2024-03-01,Hertha,Holstein Kiel,2,2,7,3,4,12,5,5,3,3,0,0,2.6,3.5,2.63,1.54,2.43,0.0,1.86,1.97,2.64,3.72,2.63,,2. Bundesliga,,20240301_Hertha_Holstein-Kiel,-40.11702099636477,1.48,1.02,48.9,51.1
2024-03-01,Schalke 04,St Pauli,3,1,6,4,8,3,6,4,3,0,0,0,3.8,3.5,1.95,1.86,1.93,0.5,1.79,2.03,3.63,3.53,2.13,,2. Bundesliga,,20240301_Schalke-04_St-Pauli,-149.44660615014732,1.62,0.33,43.3,56.7
2024-03-02,Hannover,Fortuna Dusseldorf,2,2,8,3,13,4,8,4,4,0,0,0,2.4,3.4,2.9,1.74,2.06,0.0,1.77,2.09,2.49,3.47,2.96,,2. Bundesliga,,20240302_Hannover_Fortuna-Dusseldorf,-32.87500185061867,1.54,1.05,51.6,48.4
2024-03-02,Hansa Rostock,Kaiserslautern,0,3,2,10,5,10,2,7,3,1,1,0,2.88,3.4,2.45,1.85,1.94,0.0,2.06,1.78,2.86,3.5,2.55,,2. Bundesliga,,20240302_Hansa-Rostock_Kaiserslautern,7.298077335698963,0.77,1.42,53.8,46.2
2024-03-02,Karlsruhe,Greuther Furth,4,0,8,5,11,6,5,4,3,1,0,0,2.25,3.5,3.2,1.68,2.15,-0.25,1.91,1.91,2.26,3.57,3.28,,2. Bundesliga,,20240302_Karlsruhe_Greuther-Furth,-33.36669604407257,1.52,0.94,52.0,48.0
2024-03-02,Nurnberg,Braunschweig,2,1,5,2,10,8,5,4,3,2,0,0,2.4,3.5,2.88,1.83,1.96,0.0,2.04,1.8,2.91,3.45,2.54,,2. Bundesliga,,20240302_Nurnberg_Braunschweig,35.838970158407164,1.3,0.31,51.9,48.1
2024-03-03,Elversberg,Wehen,0,3,3,5,7,9,8,4,3,2,0,0,1.8,4.0,4.2,1.55,2.41,-0.5,1.95,1.87,2.01,3.93,3.62,,2. Bundesliga,,20240303_Elversberg_Wehen,50.981534925222604,1.85,1.1,43.1,56.9
2024-03-03,Hamburg,Osnabruck,1,2,3,2,10,1,11,5,4,4,0,1,1.4,5.5,6.5,1.35,3.12,-1.25,1.86,1.96,1.46,5.4,6.26,,2. Bundesliga,,20240303_Hamburg_Osnabruck,219.44670596556216,0.85,1.06,57.8,42.2
2024-03-03,Paderborn,Magdeburg,0,0,5,1,11,3,13,3,1,1,0,1,2.2,3.6,3.1,1.44,2.73,-0.25,1.82,2.0,2.12,3.93,3.3,,2. Bundesliga,,20240303_Paderborn_Magdeburg,63.793590992095915,1.12,0.43,50.5,49.5
2024-03-08,Braunschweig,Hansa Rostock,0,1,3,2,9,13,4,4,4,3,0,0,1.7,3.6,5.0,1.82,1.97,-0.75,1.88,1.95,1.69,3.9,5.48,,2. Bundesliga,,20240308_Braunschweig_Hansa-Rostock,14.134864110259286,1.25,0.57,53.2,46.8
2024-03-08,Fortuna Dusseldorf,Hamburg,2,0,4,0,4,11,4,1,2,2,0,1,2.38,3.6,2.75,1.53,2.45,0.0,1.85,1.98,2.52,3.76,2.73,,2. Bundesliga,,20240308_Fortuna-Dusseldorf_Hamburg,-24.086451091027584,0.51,0.05,50.9,49.1
2024-03-09,Holstein Kiel,Karlsruhe,1,0,9,4,9,10,8,8,1,2,0,0,2.1,3.6,3.3,1.71,2.11,-0.25,1.9,1.93,2.26,3.68,3.19,,2. Bundesliga,,20240309_Holstein-Kiel_Karlsruhe,27.68575532580735,1.8,1.04,56.9,43.1
2024-03-09,Magdeburg,Nurnberg,0,1,4,1,9,5,8,2,1,1,0,0,1.67,4.33,4.5,1.51,2.52,-0.75,1.93,1.9,1.77,4.17,4.43,,2. Bundesliga,,20240309_Magdeburg_Nurnberg,7.193976284304426,1.51,0.99,45.1,54.9
2024-03-09,Schalke 04,Paderborn,3,3,5,6,12,9,7,4,2,1,0,0,2.25,3.5,3.1,1.65,2.22,-0.25,1.9,1.93,2.2,3.74,3.27,,2. Bundesliga,,20240309_Schalke-04_Paderborn,-29.881412760541707,1.0,1.67,56.6,43.4
2024-03-09,Wehen,Hannover,1,1,4,2,6,12,2,3,1,1,0,0,3.3,3.5,2.15,1.76,2.04,0.25,1.89,1.93,3.18,3.59,2.3,,2. Bundesliga,,20240309_Wehen_Hannover,-68.60725792608537,1.7,0.05,46.1,53.9
2024-03-10,Greuther Furth,Elversberg,1,4,3,12,4,7,2,2,4,2,1,0,1.83,4.0,3.8,1.57,2.37,-0.75,2.02,1.81,1.87,4.05,4.03,,2. Bundesliga,,20240310_Greuther-Furth_Elversberg,55.910688776237066,1.47,0.47,57.1,42.9
2024-03-10,Kaiserslautern,Osnabruck,3,2,9,4,4,2,11,6,2,2,0,0,1.8,4.0,4.0,1.54,2.43,-0.75,1.86,1.97,1.69,4.21,4.98,,2. Bundesliga,,20240310_Kaiserslautern_Osnabruck,30.67571607515174,2.37,0.98,52.5,47.5
2024-03-10,St Pauli,Hertha,2,0,3,0,12,4,7,6,1,1,0,0,1.67,4.0,5.0,1.63,2.26,-1.0,2.01,1.83,1.67,4.26,5.13,,2. Bundesliga,,20240310_St-Pauli_Hertha,116.06440522390608,0.1,0.32,50.0,50.0
2024-03-15,Osnabruck,Fortuna Dusseldorf,0,4,0,9,11,7,4,3,1,2,0,0,3.6,3.75,1.95,1.6,2.32,0.5,1.8,2.02,3.4,3.77,2.13,,2. Bundesliga,,20240315_Osnabruck_Fortuna-Dusseldorf,-181.71410969765452,0.19,0.56,43.4,56.6
2024-03-15,Paderborn,Braunschweig,1,2,6,3,15,8,10,1,1,2,0,0,1.85,3.75,4.0,1.74,2.07,-0.5,1.9,1.91,1.97,3.75,3.94,,2. Bundesliga,,20240315_Paderborn_Braunschweig,135.46017220666522,1.68,1.57,57.2,42.8
2024-03-16,Elversberg,Holstein Kiel,0,2,3,5,8,9,4,7,1,1,0,0,2.9,3.6,2.3,1.5,2.51,0.25,1.87,1.94,3.02,3.94,2.26,,2. Bundesliga,,20240316_Elversberg_Holstein-Kiel,-73.65877626433803,1.01,1.52,41.3,58.7
2024-03-16,Hannover,Kaiserslautern,1,1,2,6,7,1,3,3,3,2,0,0,1.91,3.75,3.8,1.74,2.07,-0.5,1.89,1.92,1.89,3.68,4.36,,2. Bundesliga,,20240316_Hannover_Kaiserslautern,83.37120728294349,0.53,1.98,59.1,40.9
2024-03-16,Hansa Rostock,Greuther Furth,1,0,4,4,9,12,3,8,1,1,0,0,3.25,3.4,2.2,1.75,2.05,0.25,1.8,2.03,2.99,3.55,2.43,,2. Bundesliga,,20240316_Hansa-Rostock_Greuther-Furth,-98.24554209934695,0.53,0.13,45.8,54.2
2024-03-16,Nurnberg,St Pauli,0,2,1,4,1,12,1,11,0,2,0,0,5.0,3.75,1.73,1.76,2.04,0.75,1.85,1.96,4.61,3.83,1.81,,2. Bundesliga,,20240316_Nurnberg_St-Pauli,-148.3499536013278,0.78,1.18,46.9,53.1
2024-03-17,Hamburg,Wehen,3,0,8,4,9,6,9,2,1,1,0,0,1.5,4.5,6.0,1.44,2.71,-1.0,1.79,2.04,1.51,4.91,5.99,,2. Bundesliga,,20240317_Hamburg_Wehen,108.13466917834967,1.36,0.93,58.2,41.8
2024-03-17,Hertha,Schalke 04,5,2,10,7,7,5,8,5,0,1,0,0,2.25,3.5,3.1,1.58,2.34,-0.25,2.02,1.8,2.36,3.71,2.99,,2. Bundesliga,,20240317_Hertha_Schalke-04,-9.511914926247982,2.76,1.56,50.3,49.7
2024-03-17,Karlsruhe,Magdeburg,7,0,11,2,13,6,9,4,0,1,0,0,1.85,3.75,4.0,1.5,2.52,-0.25,1.77,2.06,2.12,3.87,3.35,,2. Bundesliga,,20240317_Karlsruhe_Magdeburg,40.0809587709,3.41,1.16,53.7,46.3
2024-03-30,Braunschweig,Elversberg,5,0,11,2,10,12,6,4,4,1,0,0,2.3,3.75,2.88,1.71,2.11,-0.25,1.94,1.88,2.27,3.59,3.19,,2. Bundesliga,,20240330_Braunschweig_Elversberg,-55.05652943315977,2.65,1.6,49.7,50.3
2024-03-30,Hertha,Nurnberg,3,3,7,8,11,9,5,2,4,2,0,0,1.73,4.2,4.2,1.53,2.43,-0.75,1.84,1.97,1.7,4.22,4.74,,2. Bundesliga,,20240330_Hertha_Nurnberg,35.51235247304567,1.43,2.02,44.1,55.9
2024-03-30,Holstein Kiel,Hansa Rostock,2,0,4,2,7,11,7,4,6,4,0,0,1.57,4.5,5.25,1.52,2.49,-1.25,1.98,1.83,1.48,4.8,6.44,,2. Bundesliga,,20240330_Holstein-Kiel_Hansa-Rostock,138.0105254808816,1.28,1.31,54.5,45.5
2024-03-30,Kaiserslautern,Fortuna Dusseldorf,1,3,2,4,11,8,8,3,0,1,0,0,2.88,3.75,2.38,1.71,2.12,0.25,1.77,2.07,3.0,3.41,2.46,,2. Bundesliga,,20240330_Kaiserslautern_Fortuna-Dusseldorf,-132.56610789386446,1.8,1.32,43.1,56.9
2024-03-31,Greuther Furth,Hamburg,1,1,1,6,3,10,3,7,2,3,0,0,3.0,3.75,2.25,1.53,2.44,0.25,1.93,1.88,3.24,3.83,2.16,,2. Bundesliga,,20240331_Greuther-Furth_Hamburg,-68.67983707235226,1.42,1.74,47.7,52.3
2024-03-31,Magdeburg,Hannover,0,3,3,8,11,13,4,5,1,2,0,0,2.45,3.75,2.8,1.72,2.1,0.0,1.9,1.93,2.68,3.49,2.68,,2. Bundesliga,,20240331_Magdeburg_Hannover,-52.86422920011546,0.05,1.86,49.6,50.4
2024-03-31,Schalke 04,Karlsruhe,0,0,5,5,9,6,6,9,2,1,0,0,2.3,3.75,2.8,1.53,2.46,0.0,1.77,2.07,2.43,3.78,2.8,,2. Bundesliga,,20240331_Schalke-04_Karlsruhe,-20.198865896270718,0.85,1.01,44.6,55.4
2024-03-31,St Pauli,Paderborn,2,1,6,5,6,5,1,3,2,2,0,1,1.6,4.5,4.75,1.67,2.17,-0.75,1.86,1.96,1.71,4.12,4.76,,2. Bundesliga,,20240331_St-Pauli_Paderborn,118.61974699852931,2.61,0.95,49.0,51.0
2024-03-31,Wehen,Osnabruck,0,1,4,2,24,2,12,2,2,5,0,1,2.05,3.6,3.5,1.67,2.18,-0.5,1.92,1.89,1.94,3.84,3.84,,2. Bundesliga,,20240331_Wehen_Osnabruck,69.863172792775,1.19,1.06,45.6,54.4
2024-04-05,Hansa Rostock,Wehen,3,1,4,6,12,4,5,5,1,2,0,1,2.45,3.3,2.9,1.86,1.93,-0.25,2.08,1.77,2.48,3.29,3.08,,2. Bundesliga,,20240405_Hansa-Rostock_Wehen,-4.505049237716776,1.65,0.05,51.4,48.6
2024-04-05,Paderborn,Hertha,2,3,8,4,11,6,9,3,1,1,0,0,2.05,3.75,3.4,1.46,2.65,-0.25,1.81,2.01,2.11,3.86,3.31,,2. Bundesliga,,20240405_Paderborn_Hertha,1.7178600848792485,0.31,0.83,55.1,44.9
2024-04-06,Elversberg,Magdeburg,0,0,3,4,6,7,5,3,3,1,0,0,2.38,3.75,2.8,1.54,2.43,-0.25,1.92,1.89,2.23,3.7,3.17,,2. Bundesliga,,20240406_Elversberg_Magdeburg,13.630182428517855,1.02,0.2,49.2,50.8
2024-04-06,Hamburg,Kaiserslautern,2,1,6,4,9,16,7,6,1,1,0,0,1.65,4.33,4.75,1.53,2.45,-0.75,2.0,1.83,1.79,4.09,4.26,,2. Bundesliga,,20240406_Hamburg_Kaiserslautern,138.42254182046054,1.55,1.7,56.4,43.6
2024-04-06,Karlsruhe,St Pauli,2,1,5,3,6,8,4,8,4,2,0,1,2.9,3.5,2.4,1.81,1.98,0.0,2.04,1.81,2.8,3.45,2.59,,2. Bundesliga,,20240406_Karlsruhe_St-Pauli,-130.86851848027163,1.81,1.3,38.8,61.2
2024-04-06,Nurnberg,Holstein Kiel,0,4,1,7,5,12,4,9,4,1,1,0,3.3,3.6,2.15,1.58,2.35,0.25,2.0,1.82,3.55,3.68,2.08,,2. Bundesliga,,20240406_Nurnberg_Holstein-Kiel,-95.46198737954342,0.94,1.28,46.8,53.2
2024-04-07,Fortuna Dusseldorf,Braunschweig,2,0,3,5,9,9,3,6,3,1,0,0,1.7,3.8,5.0,1.63,2.23,-0.75,1.83,1.99,1.65,4.22,5.14,,2. Bundesliga,,20240407_Fortuna-Dusseldorf_Braunschweig,139.18425218635093,0.66,0.05,54.8,45.2
2024-04-07,Hannover,Schalke 04,1,1,3,5,3,6,8,4,3,1,0,0,1.95,3.8,3.5,1.59,2.32,-0.5,1.83,1.98,1.85,3.97,4.09,,2. Bundesliga,,20240407_Hannover_Schalke-04,21.22984969312961,1.46,0.75,51.1,48.9
2024-04-07,Osnabruck,Greuther Furth,2,0,3,3,4,10,5,8,0,3,0,0,3.0,3.5,2.3,1.71,2.11,0.0,1.97,1.87,2.68,3.51,2.66,,2. Bundesliga,,20240407_Osnabruck_Greuther-Furth,-114.04123679499821,0.94,1.82,47.4,52.6
2024-04-12,Greuther Furth,Kaiserslautern,2,1,4,3,5,7,2,4,2,4,0,0,2.75,3.5,2.5,1.55,2.4,0.25,1.77,2.06,2.84,3.79,2.4,,2. Bundesliga,,20240412_Greuther-Furth_Kaiserslautern,66.07979198428848,0.62,1.96,55.3,44.7
2024-04-12,Hertha,Hansa Rostock,4,0,8,3,8,9,5,1,1,2,0,0,1.73,3.8,4.75,1.56,2.4,-0.75,2.0,1.82,1.82,4.06,4.19,,2. Bundesliga,,20240412_Hertha_Hansa-Rostock,90.45827893184696,2.1,0.71,59.2,40.8
2024-04-13,Holstein Kiel,Osnabruck,4,0,7,2,5,5,4,5,2,4,0,0,1.5,4.75,5.75,1.41,2.85,-1.25,1.83,2.0,1.41,5.35,7.04,,2. Bundesliga,,20240413_Holstein-Kiel_Osnabruck,182.52509712789038,1.23,2.08,57.6,42.4
2024-04-13,Paderborn,Karlsruhe,1,1,3,5,9,7,8,2,2,1,0,0,2.38,3.6,2.88,1.5,2.53,-0.25,1.98,1.84,2.33,3.85,2.9,,2. Bundesliga,,20240413_Paderborn_Karlsruhe,-32.23854116131929,0.64,1.6,42.7,57.3
2024-04-13,Schalke 04,Nurnberg,2,0,7,7,12,10,7,6,4,4,0,0,1.67,4.0,5.0,1.52,2.48,-1.0,2.04,1.8,1.63,4.4,5.13,,2. Bundesliga,,20240413_Schalke-04_Nurnberg,29.35767309377411,0.71,0.8,51.3,48.7
2024-04-13,Wehen,Fortuna Dusseldorf,0,2,1,4,4,7,2,6,2,2,1,0,4.0,3.75,1.91,1.59,2.33,0.5,1.87,1.95,3.68,3.84,1.99,,2. Bundesliga,,20240413_Wehen_Fortuna-Dusseldorf,-165.93265066951085,1.54,0.26,40.8,59.2
2024-04-14,Braunschweig,Hannover,0,0,4,6,5,8,5,5,2,0,0,0,2.8,3.3,2.55,1.91,1.87,0.0,1.82,2.03,2.64,3.15,2.97,,2. Bundesliga,,20240414_Braunschweig_Hannover,-93.59717963587946,0.1,1.61,41.6,58.4
2024-04-14,Magdeburg,Hamburg,2,2,8,8,6,15,3,9,2,0,0,1,3.3,3.6,2.1,1.38,2.94,0.25,2.0,1.8,3.32,4.09,2.04,,2. Bundesliga,,20240414_Magdeburg_Hamburg,-123.10978021537244,1.23,1.35,43.3,56.7
2024-04-14,St Pauli,Elversberg,3,4,8,10,11,4,5,1,4,2,0,0,1.5,4.5,6.25,1.52,2.48,-1.5,2.01,1.83,1.35,5.42,8.73,,2. Bundesliga,,20240414_St-Pauli_Elversberg,172.2068387151794,1.48,2.39,53.4,46.6
2024-04-19,Elversberg,Schalke 04,1,1,5,5,9,10,3,7,0,0,0,0,2.5,3.6,2.55,1.55,2.4,0.0,1.97,1.87,2.77,3.44,2.63,,2. Bundesliga,,20240419_Elversberg_Schalke-04,-33.0674046997965,2.58,0.25,52.2,47.8
2024-04-19,Nurnberg,Paderborn,0,2,6,5,10,7,8,5,2,4,0,0,3.0,3.75,2.2,1.52,2.47,0.25,1.87,1.94,3.09,3.78,2.24,,2. Bundesliga,,20240419_Nurnberg_Paderborn,-43.60840446042994,0.51,1.74,44.2,55.8
2024-04-20,Fortuna Dusseldorf,Greuther Furth,1,0,4,4,5,8,3,4,1,2,0,0,1.6,4.2,5.25,1.54,2.42,-1.0,1.82,2.0,1.52,4.57,6.17,,2. Bundesliga,,20240420_Fortuna-Dusseldorf_Greuther-Furth,93.56368480826859,0.64,0.56,50.5,49.5
2024-04-20,Hamburg,Holstein Kiel,0,1,4,3,17,9,13,4,1,2,0,1,2.05,3.75,3.2,1.4,2.86,-0.25,1.83,1.97,2.19,3.93,3.1,,2. Bundesliga,,20240420_Hamburg_Holstein-Kiel,-23.13450879298466,0.76,1.17,49.6,50.4
2024-04-20,Kaiserslautern,Wehen,1,1,3,4,8,6,7,7,2,3,0,0,1.75,3.8,4.2,1.64,2.22,-0.75,1.96,1.85,1.76,3.96,4.67,,2. Bundesliga,,20240420_Kaiserslautern_Wehen,0.13602571604701552,0.83,0.74,47.5,52.5
2024-04-20,Osnabruck,Braunschweig,0,3,5,7,11,3,6,2,1,2,0,0,2.5,3.5,2.63,1.8,1.98,0.25,1.75,2.09,2.92,3.43,2.51,,2. Bundesliga,,20240420_Osnabruck_Braunschweig,-34.396885430518296,0.57,1.39,40.7,59.3
2024-04-21,Hannover,St Pauli,1,2,10,5,7,3,7,4,0,3,0,0,3.0,3.4,2.38,1.89,1.89,0.25,1.81,2.01,3.11,3.35,2.43,,2. Bundesliga,,20240421_Hannover_St-Pauli,-98.51086721730053,1.03,1.68,45.3,54.7
2024-04-21,Hansa Rostock,Magdeburg,0,2,3,3,7,8,6,1,4,3,0,0,2.88,3.5,2.4,1.67,2.16,0.0,2.04,1.8,2.88,3.43,2.54,,2. Bundesliga,,20240421_Hansa-Rostock_Magdeburg,-26.660107328701542,0.25,1.72,44.1,55.9
2024-04-21,Karlsruhe,Hertha,3,2,5,7,4,11,3,7,3,0,0,0,1.91,3.8,3.75,1.41,2.84,-0.25,1.82,1.99,2.1,3.87,3.34,,2. Bundesliga,,20240421_Karlsruhe_Hertha,-0.2169733652413015,1.39,0.46,52.2,47.8
2024-04-26,Hertha,Hannover,1,1,2,4,5,11,2,10,0,1,0,0,2.2,3.6,3.0,1.54,2.42,-0.25,1.96,1.84,2.32,3.73,2.99,,2. Bundesliga,,20240426_Hertha_Hannover,13.567194975817074,0.48,1.02,52.2,47.8
2024-04-26,St Pauli,Hansa Rostock,1,0,2,5,5,2,6,6,0,4,0,0,1.36,5.5,8.0,1.62,2.26,-1.5,1.93,1.88,1.33,5.45,9.81,,2. Bundesliga,,20240426_St-Pauli_Hansa-Rostock,209.73606949715372,1.34,1.14,58.2,41.8
2024-04-27,Braunschweig,Hamburg,0,4,2,6,3,11,1,6,0,1,0,0,3.0,3.75,2.2,1.54,2.43,0.25,1.87,1.94,3.05,3.81,2.25,,2. Bundesliga,,20240427_Braunschweig_Hamburg,-115.41208550772421,2.14,1.44,46.7,53.3
2024-04-27,Holstein Kiel,Kaiserslautern,1,3,10,9,4,6,6,4,4,0,0,0,1.75,4.2,4.2,1.56,2.39,-0.75,2.0,1.81,1.83,3.95,4.29,,2. Bundesliga,,20240427_Holstein-Kiel_Kaiserslautern,193.3399451196542,1.83,1.46,55.0,45.0
2024-04-27,Paderborn,Elversberg,3,1,5,2,11,7,5,1,1,4,0,0,1.91,4.0,3.5,1.36,3.09,-0.5,1.81,2.0,1.85,4.32,3.79,,2. Bundesliga,,20240427_Paderborn_Elversberg,34.70428695650139,0.71,1.39,45.4,54.6
2024-04-27,Schalke 04,Fortuna Dusseldorf,1,1,3,6,12,8,4,4,4,2,0,0,2.9,3.75,2.25,1.6,2.3,0.0,2.02,1.82,2.76,3.6,2.55,,2. Bundesliga,,20240427_Schalke-04_Fortuna-Dusseldorf,-85.88387722674725,0.14,1.28,44.0,56.0
2024-04-28,Magdeburg,Osnabruck,1,1,6,4,6,7,10,5,2,4,0,0,1.65,4.33,4.75,1.47,2.6,-1.0,1.97,1.85,1.62,4.37,5.24,,2. Bundesliga,,20240428_Magdeburg_Osnabruck,78.77922636013295,1.37,1.32,56.8,43.2
2024-04-28,Nurnberg,Karlsruhe,0,1,3,4,5,16,3,8,2,0,0,0,3.3,3.75,2.1,1.53,2.46,0.25,2.03,1.78,3.4,3.84,2.09,,2. Bundesliga,,20240428_Nurnberg_Karlsruhe,-96.13552852867383,0.25,0.31,54.5,45.5
2024-04-28,Wehen,Greuther Furth,3,5,10,7,8,9,8,5,3,4,0,0,2.4,3.4,2.9,1.67,2.16,-0.5,1.99,1.84,2.01,3.78,3.66,,2. Bundesliga,,20240428_Wehen_Greuther-Furth,-76.85640092517406,1.22,1.88,48.1,51.9
2024-05-03,Fortuna Dusseldorf,Nurnberg,3,1,10,4,25,11,5,7,0,2,0,0,1.36,5.25,8.0,1.45,2.66,-1.5,1.97,1.85,1.34,5.63,8.85,,2. Bundesliga,,20240503_Fortuna-Dusseldorf_Nurnberg,152.43588731288492,1.1,0.57,57.5,42.5
2024-05-03,Hamburg,St Pauli,1,0,6,4,9,10,5,1,2,3,0,1,2.38,3.6,2.88,1.54,2.44,-0.25,1.87,1.95,2.18,3.72,3.35,,2. Bundesliga,,20240503_Hamburg_St-Pauli,-65.6224525618693,1.21,0.44,50.9,49.1
2024-05-04,Greuther Furth,Braunschweig,3,3,8,3,10,3,12,2,1,2,0,1,2.4,3.75,2.75,1.66,2.17,0.0,1.82,2.01,2.55,3.45,2.85,,2. Bundesliga,,20240504_Greuther-Furth_Braunschweig,61.8828771330177,1.29,1.7,55.8,44.2
2024-05-04,Hansa Rostock,Karlsruhe,1,2,6,5,11,11,2,3,2,0,0,0,2.9,3.8,2.25,1.68,2.15,0.25,1.83,1.95,2.92,3.68,2.39,,2. Bundesliga,,20240504_Hansa-Rostock_Karlsruhe,-145.5045825449174,0.37,0.77,38.3,61.7
2024-05-04,Kaiserslautern,Magdeburg,4,1,6,5,5,6,3,8,3,2,0,0,2.1,3.75,3.3,1.58,2.34,-0.5,1.99,1.82,2.06,3.71,3.58,,2. Bundesliga,,20240504_Kaiserslautern_Magdeburg,-34.40017577670551,0.54,0.88,54.0,46.0
2024-05-05,Elversberg,Hertha,4,2,9,7,7,12,7,5,2,1,0,0,2.5,3.75,2.6,1.36,3.05,-0.25,1.91,1.88,2.19,3.94,3.1,,2. Bundesliga,,20240505_Elversberg_Hertha,-52.76700908706175,0.88,1.08,47.1,52.9
2024-05-05,Hannover,Paderborn,3,2,6,10,13,9,5,4,2,3,0,0,2.1,3.75,3.2,1.49,2.55,-0.5,2.01,1.81,2.07,3.93,3.4,,2. Bundesliga,,20240505_Hannover_Paderborn,-16.178414286880525,2.09,1.03,46.9,53.1
2024-05-05,Wehen,Holstein Kiel,0,1,6,3,7,7,4,2,1,2,0,0,3.4,3.75,2.05,1.64,2.22,0.5,1.81,1.99,3.47,3.76,2.08,,2. Bundesliga,,20240505_Wehen_Holstein-Kiel,-184.79020946768674,0.98,1.24,39.4,60.6
2024-05-07,Osnabruck,Schalke 04,0,4,4,9,10,13,2,5,1,1,0,0,4.0,3.8,1.85,1.57,2.36,0.25,2.01,1.8,3.36,3.7,2.15,,2. Bundesliga,,20240507_Osnabruck_Schalke-04,-125.96986106948634,0.05,2.13,49.3,50.7
2024-05-10,Magdeburg,Greuther Furth,0,0,2,5,8,4,1,2,2,1,0,0,1.91,3.6,3.6,1.51,2.49,-0.25,1.8,2.03,2.14,3.71,3.36,,2. Bundesliga,,20240510_Magdeburg_Greuther-Furth,-44.722463341425055,0.96,0.29,46.7,53.3
2024-05-10,Paderborn,Hamburg,1,0,3,2,12,8,4,9,3,2,0,0,3.6,4.2,1.83,1.25,3.79,0.75,1.83,1.99,3.6,4.69,1.84,,2. Bundesliga,,20240510_Paderborn_Hamburg,-65.93589436225875,0.65,0.47,42.2,57.8
2024-05-11,Hertha,Kaiserslautern,3,1,5,2,10,11,2,6,2,3,0,0,2.55,3.6,2.55,1.38,2.96,0.0,1.81,2.04,2.39,3.91,2.78,,2. Bundesliga,,20240511_Hertha_Kaiserslautern,68.21268245072315,1.73,0.91,55.7,44.3
2024-05-11,Holstein Kiel,Fortuna Dusseldorf,1,1,2,6,6,13,2,13,1,3,0,0,2.55,3.5,2.63,1.61,2.28,0.0,1.9,1.94,2.6,3.77,2.6,,2. Bundesliga,,20240511_Holstein-Kiel_Fortuna-Dusseldorf,-10.689607493066887,0.83,0.79,52.6,47.4
2024-05-11,Nurnberg,Elversberg,3,0,6,1,7,3,4,4,2,2,0,0,2.6,3.6,2.5,1.38,2.98,0.0,1.94,1.91,2.6,3.78,2.6,,2. Bundesliga,,20240511_Nurnberg_Elversberg,-48.72134003812357,1.63,0.58,49.1,50.9
2024-05-11,Schalke 04,Hansa Rostock,2,1,6,3,4,7,5,4,2,2,0,1,1.85,4.0,3.6,1.59,2.32,-0.5,1.95,1.86,2.0,4.1,3.46,,2. Bundesliga,,20240511_Schalke-04_Hansa-Rostock,119.29141856865317,0.61,0.58,56.5,43.5
2024-05-12,Braunschweig,Wehen,1,0,5,5,6,9,3,8,3,1,0,0,2.0,3.6,3.5,1.78,2.03,-0.25,1.88,1.94,2.25,3.37,3.42,,2. Bundesliga,,20240512_Braunschweig_Wehen,42.022746003757675,0.89,1.3,42.4,57.6
2024-05-12,Karlsruhe,Hannover,1,2,7,4,10,10,8,6,6,2,0,0,1.95,4.0,3.3,1.41,2.81,-0.25,1.87,1.93,2.2,4.04,3.01,,2. Bundesliga,,20240512_Karlsruhe_Hannover,40.34930735943635,0.79,0.92,49.8,50.2
2024-05-12,St Pauli,Osnabruck,3,1,7,1,12,2,4,3,2,0,0,0,1.2,6.5,13.0,1.4,2.87,-2.0,1.9,1.91,1.2,7.31,13.8,,2. Bundesliga,,20240512_St-Pauli_Osnabruck,236.13242945396246,1.44,0.92,56.9,43.1
2024-05-19,Elversberg,Karlsruhe,0,3,6,7,4,13,2,5,1,0,0,0,2.8,3.75,2.25,1.26,3.72,0.25,1.87,1.95,2.76,4.36,2.23,,2. Bundesliga,,20240519_Elversberg_Karlsruhe,-79.52003699106467,0.28,2.1,50.0,50.0
2024-05-19,Fortuna Dusseldorf,Magdeburg,3,2,7,8,11,3,6,11,4,2,0,0,1.8,4.0,3.75,1.39,2.91,-0.5,1.84,1.99,1.83,4.34,3.78,,2. Bundesliga,,20240519_Fortuna-Dusseldorf_Magdeburg,150.93806070383425,0.28,1.84,58.6,41.4
2024-05-19,Greuther Furth,Schalke 04,2,0,3,6,11,7,3,3,0,5,0,0,2.2,3.5,3.1,1.41,2.85,-0.5,1.93,1.89,1.92,3.98,3.72,,2. Bundesliga,,20240519_Greuther-Furth_Schalke-04,-38.403848259098595,1.32,0.38,44.6,55.4
2024-05-19,Hamburg,Nurnberg,4,1,5,2,7,14,4,6,2,2,0,0,1.36,5.75,6.5,1.19,4.52,-1.75,1.79,2.04,1.25,6.8,9.59,,2. Bundesliga,,20240519_Hamburg_Nurnberg,116.68294889306685,1.92,1.09,52.9,47.1
2024-05-19,Hannover,Holstein Kiel,1,2,7,8,19,4,10,3,2,2,0,0,2.25,3.6,2.88,1.4,2.86,-0.25,1.81,2.01,2.02,4.04,3.36,,2. Bundesliga,,20240519_Hannover_Holstein-Kiel,-55.21786055264192,0.73,0.78,48.7,51.3
2024-05-19,Hansa Rostock,Paderborn,1,2,5,7,11,6,1,6,1,1,0,0,2.3,3.5,2.9,1.45,2.7,-0.25,1.97,1.85,2.2,4.11,2.93,,2. Bundesliga,,20240519_Hansa-Rostock_Paderborn,-132.99979183605728,0.88,1.49,45.7,54.3
2024-05-19,Kaiserslautern,Braunschweig,5,0,6,5,6,9,3,6,1,2,1,0,1.85,3.5,4.1,1.46,2.63,-0.75,1.98,1.85,1.79,4.08,4.17,,2. Bundesliga,,20240519_Kaiserslautern_Braunschweig,-15.330748237308626,0.9,0.81,49.4,50.6
2024-05-19,Osnabruck,Hertha,2,1,4,5,10,10,7,5,1,4,0,0,3.5,3.6,2.0,1.29,3.48,0.75,1.86,1.97,3.81,4.54,1.79,,2. Bundesliga,,20240519_Osnabruck_Hertha,-142.83417495844128,1.78,1.32,42.7,57.3
2024-05-19,Wehen,St Pauli,1,2,5,9,8,12,8,8,1,2,0,0,3.0,3.5,2.25,1.56,2.38,0.25,1.91,1.91,3.04,3.98,2.21,,2. Bundesliga,,20240519_Wehen_St-Pauli,-238.47093158260827,0.44,0.62,38.7,61.3
2024-08-02,FC Koln,Hamburg,1,2,4,6,22,3,6,3,2,2,0,0,2.45,3.4,2.8,1.54,2.44,-0.25,1.8,2.04,2.1,3.76,3.43,,2. Bundesliga,,20240802_FC-Koln_Hamburg,-31.736632510406253,1.21,1.19,47.1,52.9
2024-08-03,Hannover,Regensburg,2,0,5,3,11,7,5,3,1,0,0,0,1.65,4.0,5.0,1.64,2.24,-1.0,1.88,1.95,1.54,4.42,6.22,,2. Bundesliga,,20240803_Hannover_Regensburg,140.3334303278466,0.54,0.09,55.2,44.8
2024-08-03,Hertha,Paderborn,1,2,3,5,7,6,1,8,2,1,0,0,2.0,3.6,3.5,1.43,2.79,-0.25,1.84,1.99,2.1,3.98,3.26,,2. Bundesliga,,20240803_Hertha_Paderborn,-33.66603192155503,1.0,1.32,52.7,47.3
2024-08-03,Karlsruhe,Nurnberg,3,2,5,5,10,9,7,3,2,4,0,0,1.91,3.6,3.7,1.42,2.81,-1.0,1.86,1.97,1.58,4.57,5.34,,2. Bundesliga,,20240803_Karlsruhe_Nurnberg,118.3130573981698,1.4,1.53,53.9,46.1
2024-08-03,Magdeburg,Elversberg,0,0,6,3,15,6,11,1,3,2,0,0,1.95,3.4,3.9,1.62,2.27,-0.25,1.92,1.91,2.27,3.66,3.14,,2. Bundesliga,,20240803_Magdeburg_Elversberg,-17.6145753468777,0.54,0.18,48.7,51.3
2024-08-03,Schalke 04,Braunschweig,5,1,8,5,6,5,3,3,2,2,0,0,1.75,3.5,4.75,1.65,2.22,-0.5,1.89,1.94,1.99,3.68,3.84,,2. Bundesliga,,20240803_Schalke-04_Braunschweig,83.1729549644981,1.86,1.96,48.6,51.4
2024-08-04,Darmstadt,Fortuna Dusseldorf,0,2,6,4,5,7,7,6,2,2,1,0,2.88,3.4,2.38,1.7,2.14,0.25,1.93,1.9,3.19,3.65,2.24,,2. Bundesliga,,20240804_Darmstadt_Fortuna-Dusseldorf,-8.126992416915755,0.05,0.42,53.5,46.5
2024-08-04,Greuther Furth,PreuÃen MÃ¼nster,3,1,9,5,13,10,6,5,1,2,0,0,1.83,3.5,4.33,1.46,2.69,-0.5,1.94,1.89,2.05,3.93,3.44,,2. Bundesliga,,20240804_Greuther-Furth_PreuÃen-MÃ¼nster,16.825323982121063,0.79,0.79,56.6,43.4
2024-08-04,Ulm,Kaiserslautern,1,2,3,4,9,9,6,7,2,3,0,0,2.88,3.4,2.38,1.75,2.06,0.0,2.07,1.79,2.82,3.51,2.54,,2. Bundesliga,,20240804_Ulm_Kaiserslautern,44.85829940200574,0.32,1.79,59.3,40.7
2024-08-09,Kaiserslautern,Greuther Furth,2,2,7,8,6,7,8,5,3,1,0,0,2.1,3.7,3.1,1.53,2.46,-0.5,2.0,1.84,2.0,3.79,3.69,,2. Bundesliga,,20240809_Kaiserslautern_Greuther-Furth,-59.56215259892679,1.95,1.7,50.4,49.6
2024-08-09,Regensburg,Ulm,1,0,1,5,7,6,5,4,3,2,0,0,2.5,3.4,2.7,2.05,1.75,0.0,1.81,2.06,2.56,3.3,2.95,,2. Bundesliga,,20240809_Regensburg_Ulm,-96.67892132046791,1.18,0.91,49.8,50.2
2024-08-10,Elversberg,FC Koln,2,2,3,9,7,14,4,13,3,2,0,0,3.4,3.6,2.05,1.48,2.58,0.5,1.99,1.83,3.94,4.11,1.85,,2. Bundesliga,,20240810_Elversberg_FC-Koln,-70.68495196926028,0.84,0.64,43.3,56.7
2024-08-10,Fortuna Dusseldorf,Karlsruhe,0,0,6,2,14,7,7,4,2,1,0,0,1.8,3.7,4.2,1.51,2.52,-0.5,1.9,1.91,1.97,3.82,3.76,,2. Bundesliga,,20240810_Fortuna-Dusseldorf_Karlsruhe,53.04083656557418,0.31,0.21,51.3,48.7
2024-08-10,Hamburg,Hertha,1,1,3,4,10,9,9,11,2,2,0,0,1.8,4.2,3.7,1.42,2.81,-0.75,1.82,2.01,1.68,4.38,4.71,,2. Bundesliga,,20240810_Hamburg_Hertha,93.34545210813621,1.62,0.53,62.6,37.4
2024-08-10,Nurnberg,Schalke 04,3,1,5,5,3,12,1,7,3,4,1,1,3.1,3.4,2.25,1.56,2.39,0.25,1.88,1.94,3.01,3.8,2.28,,2. Bundesliga,,20240810_Nurnberg_Schalke-04,-93.64771762126088,2.26,1.04,42.3,57.7
2024-08-11,Braunschweig,Magdeburg,1,3,8,6,12,5,10,2,0,1,0,0,2.55,3.3,2.7,1.59,2.3,0.0,1.86,2.0,2.54,3.61,2.75,,2. Bundesliga,,20240811_Braunschweig_Magdeburg,-19.137126292518133,1.15,1.16,54.2,45.8
2024-08-11,Paderborn,Darmstadt,3,1,5,7,13,8,7,6,1,1,0,0,1.85,3.9,3.75,1.53,2.47,-0.5,1.87,1.94,1.91,3.89,3.95,,2. Bundesliga,,20240811_Paderborn_Darmstadt,-42.030868630318764,2.6,0.68,47.2,52.8
2024-08-11,PreuÃen MÃ¼nster,Hannover,0,0,4,1,7,8,7,6,3,1,0,0,3.1,3.75,2.1,1.51,2.51,0.5,1.86,1.95,3.61,3.92,1.99,,2. Bundesliga,,20240811_PreuÃen-MÃ¼nster_Hannover,-56.334046894269704,0.96,0.96,48.2,51.8
2024-08-23,Hannover,Hamburg,1,0,3,1,6,7,1,3,4,4,0,1,2.3,3.6,2.8,1.61,2.29,0.0,1.92,1.93,2.65,3.69,2.6,,2. Bundesliga,,20240823_Hannover_Hamburg,-49.86999097394346,0.91,0.96,45.3,54.7
2024-08-23,Karlsruhe,Elversberg,3,2,8,3,3,8,7,3,2,0,0,0,1.62,4.1,5.0,1.42,2.82,-0.75,1.85,1.99,1.71,4.34,4.53,,2. Bundesliga,,20240823_Karlsruhe_Elversberg,106.20299914056159,1.73,1.19,51.4,48.6
2024-08-24,FC Koln,Braunschweig,5,0,13,3,9,3,8,2,2,1,0,0,1.48,4.5,6.0,1.41,2.87,-1.25,1.89,1.93,1.44,5.2,6.54,,2. Bundesliga,,20240824_FC-Koln_Braunschweig,115.1523813306078,1.88,1.04,59.2,40.8
2024-08-24,Greuther Furth,Paderborn,1,1,3,4,11,9,7,5,2,4,0,0,2.5,3.8,2.5,1.47,2.62,0.0,1.87,1.99,2.53,3.79,2.65,,2. Bundesliga,,20240824_Greuther-Furth_Paderborn,-45.244065596497876,1.11,0.4,50.0,50.0
2024-08-24,Hertha,Regensburg,2,0,2,2,9,11,8,2,4,2,0,1,1.55,4.2,5.5,1.63,2.25,-1.0,2.01,1.83,1.66,4.17,5.14,,2. Bundesliga,,20240824_Hertha_Regensburg,100.77184740724374,0.33,0.84,57.8,42.2
2024-08-24,PreuÃen MÃ¼nster,Kaiserslautern,0,1,7,5,7,3,4,2,4,4,0,0,2.88,3.6,2.3,1.59,2.32,0.0,2.03,1.84,2.74,3.63,2.54,,2. Bundesliga,,20240824_PreuÃen-MÃ¼nster_Kaiserslautern,19.789723965102212,0.05,1.0,49.5,50.5
2024-08-25,Darmstadt,Nurnberg,1,1,7,4,12,1,13,2,2,3,0,0,2.2,3.5,3.1,1.64,2.24,-0.5,2.0,1.82,2.07,3.61,3.66,,2. Bundesliga,,20240825_Darmstadt_Nurnberg,127.3143171514946,1.27,1.44,53.5,46.5
2024-08-25,Magdeburg,Schalke 04,2,2,8,7,6,6,9,4,4,2,0,0,2.45,3.6,2.63,1.56,2.38,-0.25,2.07,1.77,2.42,3.66,2.89,,2. Bundesliga,,20240825_Magdeburg_Schalke-04,-55.8996844166561,1.36,0.98,46.0,54.0
2024-08-25,Ulm,Fortuna Dusseldorf,1,2,8,5,13,7,6,5,2,5,0,0,3.9,3.6,1.85,1.97,1.82,0.25,2.01,1.82,3.6,3.41,2.16,,2. Bundesliga,,20240825_Ulm_Fortuna-Dusseldorf,-158.58185749935728,1.12,1.29,38.7,61.3
2024-08-30,Fortuna Dusseldorf,Hannover,1,0,5,2,18,12,8,2,3,5,0,0,2.3,3.5,2.9,1.8,2.0,-0.25,1.92,1.9,2.27,3.49,3.26,,2. Bundesliga,,20240830_Fortuna-Dusseldorf_Hannover,79.96279161979646,0.05,0.53,54.2,45.8
2024-08-30,Regensburg,Greuther Furth,0,4,7,9,10,12,7,4,3,2,0,0,2.7,3.4,2.5,1.78,2.02,0.25,1.79,2.05,3.0,3.4,2.46,,2. Bundesliga,,20240830_Regensburg_Greuther-Furth,-131.33930179195931,0.2,1.08,36.4,63.6
2024-08-31,Elversberg,Darmstadt,4,0,4,5,13,8,8,11,2,3,0,0,2.3,3.7,2.8,1.58,2.35,0.0,1.95,1.89,2.67,3.7,2.58,,2. Bundesliga,,20240831_Elversberg_Darmstadt,-116.64713866396642,1.98,1.21,52.3,47.7
2024-08-31,Hamburg,PreuÃen MÃ¼nster,4,1,7,7,3,8,7,10,0,0,0,0,1.38,4.75,7.0,1.43,2.75,-1.25,2.0,1.83,1.49,4.87,6.16,,2. Bundesliga,,20240831_Hamburg_PreuÃen-MÃ¼nster,101.31842559445431,1.62,1.0,51.9,48.1
2024-08-31,Kaiserslautern,Hertha,3,4,9,8,15,9,11,7,1,1,0,0,2.3,3.6,2.88,1.59,2.31,-0.25,1.94,1.88,2.27,3.77,3.04,,2. Bundesliga,,20240831_Kaiserslautern_Hertha,-31.01903255411935,2.31,1.93,42.8,57.2
2024-08-31,Nurnberg,Magdeburg,0,4,3,7,4,7,3,9,0,1,0,0,2.63,3.4,2.55,1.66,2.19,0.0,1.79,2.08,2.51,3.53,2.85,,2. Bundesliga,,20240831_Nurnberg_Magdeburg,-5.13504598911868,1.05,2.44,46.0,54.0
2024-09-01,Braunschweig,Karlsruhe,1,2,1,3,6,8,1,6,2,1,0,0,3.4,3.9,1.95,1.54,2.42,0.25,1.85,1.96,3.0,3.81,2.35,,2. Bundesliga,,20240901_Braunschweig_Karlsruhe,-172.09119618091472,1.32,1.74,42.0,58.0
2024-09-01,Paderborn,Ulm,0,0,1,3,17,8,4,4,3,3,0,0,1.5,4.5,6.0,1.65,2.21,-1.0,1.88,1.94,1.59,4.46,5.43,,2. Bundesliga,,20240901_Paderborn_Ulm,105.56781213035765,0.69,0.05,55.2,44.8
2024-09-01,Schalke 04,FC Koln,1,3,7,6,8,5,6,3,2,4,0,0,3.2,3.5,2.15,1.47,2.64,0.25,1.99,1.83,3.3,3.78,2.14,,2. Bundesliga,,20240901_Schalke-04_FC-Koln,-27.512681700832445,1.35,1.33,49.0,51.0
2024-09-13,Karlsruhe,Schalke 04,2,0,4,2,10,6,4,3,4,1,0,0,1.83,3.9,3.75,1.5,2.54,-0.5,1.99,1.83,2.05,3.83,3.44,,2. Bundesliga,,20240913_Karlsruhe_Schalke-04,85.67753079370254,1.22,1.08,56.3,43.7
2024-09-13,PreuÃen MÃ¼nster,Paderborn,3,3,4,9,7,11,7,6,2,3,0,0,3.2,3.9,2.05,1.56,2.41,0.25,2.0,1.83,3.27,3.8,2.13,,2. Bundesliga,,20240913_PreuÃen-MÃ¼nster_Paderborn,-97.12935246585448,1.24,1.69,52.5,47.5
2024-09-14,Darmstadt,Braunschweig,1,1,3,3,12,11,2,10,1,7,0,0,1.8,3.9,4.1,1.7,2.13,-0.5,1.98,1.85,2.0,3.66,3.8,,2. Bundesliga,,20240914_Darmstadt_Braunschweig,156.2661851347284,1.17,0.34,60.0,40.0
2024-09-14,FC Koln,Magdeburg,1,2,13,4,20,7,10,2,4,3,0,0,1.5,5.0,5.25,1.39,2.92,-1.25,1.87,1.96,1.43,5.24,6.72,,2. Bundesliga,,20240914_FC-Koln_Magdeburg,78.81300275458375,0.85,0.64,52.0,48.0
2024-09-14,Hannover,Kaiserslautern,3,1,9,4,9,10,10,3,5,3,0,0,1.85,4.0,3.6,1.67,2.17,-0.5,1.97,1.86,2.02,3.71,3.69,,2. Bundesliga,,20240914_Hannover_Kaiserslautern,74.93958367998152,1.25,0.05,47.4,52.6
2024-09-14,Ulm,Nurnberg,1,2,3,8,9,7,2,6,5,6,0,1,2.3,3.5,2.9,1.88,1.92,-0.25,1.88,1.94,2.23,3.42,3.41,,2. Bundesliga,,20240914_Ulm_Nurnberg,16.201178806883718,1.53,1.51,49.8,50.2
2024-09-15,Greuther Furth,Elversberg,0,0,2,6,8,9,8,6,3,1,0,0,1.9,3.9,3.7,1.44,2.73,-0.5,1.93,1.89,2.01,4.01,3.47,,2. Bundesliga,,20240915_Greuther-Furth_Elversberg,53.810009404951415,0.14,0.05,51.0,49.0
2024-09-15,Hamburg,Regensburg,5,0,8,1,8,3,5,4,4,5,0,0,1.33,5.5,8.5,1.53,2.47,-1.25,1.88,1.95,1.43,5.08,7.02,,2. Bundesliga,,20240915_Hamburg_Regensburg,198.98782210245054,2.63,0.2,59.1,40.9
2024-09-15,Hertha,Fortuna Dusseldorf,0,2,5,7,7,4,6,4,4,3,0,0,2.5,3.6,2.6,1.55,2.4,0.0,1.81,2.05,2.44,3.7,2.83,,2. Bundesliga,,20240915_Hertha_Fortuna-Dusseldorf,-120.59225791686117,1.25,0.24,39.1,60.9
2024-09-20,Paderborn,Hannover,2,1,5,9,9,8,5,11,2,2,0,0,2.15,3.75,3.0,1.64,2.21,-0.25,1.93,1.89,2.28,3.67,3.1,,2. Bundesliga,,20240920_Paderborn_Hannover,6.227833594286949,0.4,1.25,48.8,51.2
2024-09-20,Schalke 04,Darmstadt,3,5,7,9,11,2,3,3,4,7,0,0,1.91,3.8,3.6,1.57,2.37,-0.5,1.86,1.96,1.88,3.91,4.03,,2. Bundesliga,,20240920_Schalke-04_Darmstadt,-60.89361605695285,0.58,1.83,43.2,56.8
2024-09-21,Braunschweig,Greuther Furth,2,0,11,1,9,8,8,1,3,6,0,0,2.88,3.6,2.3,1.59,2.31,-0.25,1.88,1.95,2.16,3.64,3.38,,2. Bundesliga,,20240921_Braunschweig_Greuther-Furth,-118.2927217593865,1.55,0.83,41.9,58.1
2024-09-21,Fortuna Dusseldorf,FC Koln,2,2,5,13,4,11,4,8,2,2,0,0,3.0,3.6,2.2,1.56,2.38,0.25,1.89,1.93,3.2,3.71,2.21,,2. Bundesliga,,20240921_Fortuna-Dusseldorf_FC-Koln,109.35628239166704,1.34,1.03,52.2,47.8
2024-09-21,Kaiserslautern,Hamburg,2,2,4,8,6,9,3,10,2,3,0,0,3.1,3.75,2.15,1.52,2.48,0.25,1.95,1.87,3.15,3.82,2.2,,2. Bundesliga,,20240921_Kaiserslautern_Hamburg,-130.51332162874724,0.05,1.27,43.4,56.6
2024-09-21,Nurnberg,Hertha,0,2,3,9,4,10,7,4,2,3,0,0,3.2,3.7,2.1,1.55,2.42,0.25,1.94,1.89,3.21,3.8,2.18,,2. Bundesliga,,20240921_Nurnberg_Hertha,-53.132930039221264,1.28,0.73,45.7,54.3
2024-09-22,Elversberg,Ulm,1,3,4,4,15,14,9,8,3,2,0,0,1.83,3.8,4.0,1.73,2.09,-0.75,2.04,1.81,1.81,3.77,4.61,,2. Bundesliga,,20240922_Elversberg_Ulm,28.154656073238357,1.27,0.96,52.0,48.0
2024-09-22,Magdeburg,Karlsruhe,2,2,4,3,9,4,2,5,3,3,0,0,2.88,3.6,2.3,1.41,2.83,0.0,1.91,1.95,2.57,3.8,2.62,,2. Bundesliga,,20240922_Magdeburg_Karlsruhe,-109.2974058471832,0.96,0.2,39.8,60.2
2024-09-22,Regensburg,PreuÃen MÃ¼nster,0,3,3,7,17,4,7,4,3,1,0,0,2.3,3.4,3.0,1.73,2.09,-0.25,1.97,1.86,2.34,3.56,3.08,,2. Bundesliga,,20240922_Regensburg_PreuÃen-MÃ¼nster,-89.5379728628343,1.02,0.96,57.9,42.1
2024-09-27,Greuther Furth,Fortuna Dusseldorf,1,2,1,3,14,9,6,0,1,1,0,0,3.1,3.5,2.2,1.6,2.32,0.25,1.79,2.04,2.78,3.54,2.55,,2. Bundesliga,,20240927_Greuther-Furth_Fortuna-Dusseldorf,-132.63197917467915,1.96,1.18,51.5,48.5
2024-09-27,Ulm,Braunschweig,3,1,6,1,12,8,3,5,2,5,0,1,2.38,3.3,2.9,1.9,1.88,0.0,1.91,1.94,2.74,3.29,2.73,,2. Bundesliga,,20240927_Ulm_Braunschweig,37.05118227763933,1.81,1.17,47.2,52.8
2024-09-28,Darmstadt,Magdeburg,1,2,7,3,10,8,8,4,4,5,0,1,2.2,3.7,3.0,1.63,2.25,-0.25,2.01,1.82,2.35,3.62,3.02,,2. Bundesliga,,20240928_Darmstadt_Magdeburg,72.57763732289709,1.43,0.19,51.0,49.0
2024-09-28,Hamburg,Paderborn,2,2,7,6,10,6,7,3,3,3,0,0,1.75,4.0,4.2,1.43,2.73,-0.5,1.87,1.95,1.89,3.99,3.85,,2. Bundesliga,,20240928_Hamburg_Paderborn,14.351753882670437,0.3,1.0,42.6,57.4
2024-09-28,PreuÃen MÃ¼nster,Schalke 04,1,2,4,4,15,10,7,4,3,3,0,0,2.8,3.8,2.25,1.54,2.43,0.0,1.9,1.96,2.57,3.71,2.67,,2. Bundesliga,,20240928_PreuÃen-MÃ¼nster_Schalke-04,-9.151930959866831,0.66,1.73,53.8,46.2
2024-09-28,Regensburg,Kaiserslautern,0,0,2,4,5,5,4,4,2,4,0,0,3.2,3.5,2.15,1.63,2.23,0.25,2.01,1.82,3.39,3.7,2.13,,2. Bundesliga,,20240928_Regensburg_Kaiserslautern,-93.33899476430133,1.02,1.71,43.9,56.1
2024-09-29,FC Koln,Karlsruhe,4,4,5,7,11,12,3,8,0,3,0,0,1.57,4.2,5.25,1.32,3.29,-1.25,1.96,1.86,1.51,4.9,6.0,,2. Bundesliga,,20240929_FC-Koln_Karlsruhe,-52.524848348125715,1.97,1.62,47.6,52.4
2024-09-29,Hannover,Nurnberg,2,0,6,4,7,6,7,4,2,2,0,0,1.55,4.1,5.75,1.5,2.55,-1.25,1.97,1.86,1.46,4.89,6.74,,2. Bundesliga,,20240929_Hannover_Nurnberg,91.03018255562392,1.31,0.68,45.1,54.9
2024-09-29,Hertha,Elversberg,1,4,4,9,7,2,7,7,3,5,0,0,1.75,4.0,4.2,1.42,2.82,-0.5,1.8,2.05,1.86,4.08,3.96,,2. Bundesliga,,20240929_Hertha_Elversberg,57.044754231258594,0.62,1.52,45.7,54.3
2024-10-04,Karlsruhe,Darmstadt,3,3,5,9,8,9,3,6,4,1,0,0,1.67,3.9,4.75,1.51,2.51,-0.75,1.89,1.94,1.72,4.1,4.75,,2. Bundesliga,,20241004_Karlsruhe_Darmstadt,42.07980512385711,1.57,1.41,51.7,48.3
2024-10-04,Paderborn,Regensburg,3,0,9,1,13,9,9,6,2,3,0,0,1.4,5.0,7.0,1.38,2.96,-1.5,1.97,1.86,1.38,5.53,7.56,,2. Bundesliga,,20241004_Paderborn_Regensburg,198.2334210655265,1.33,0.5,46.6,53.4
2024-10-05,Elversberg,Kaiserslautern,1,0,3,3,10,13,6,5,3,2,0,0,2.3,3.6,2.88,1.5,2.53,-0.25,1.9,1.94,2.22,3.79,3.13,,2. Bundesliga,,20241005_Elversberg_Kaiserslautern,20.266992579438238,0.06,0.23,49.4,50.6
2024-10-05,FC Koln,Ulm,2,0,4,0,17,3,7,4,4,1,0,1,1.27,6.0,9.0,1.39,2.91,-1.5,1.81,2.03,1.31,5.79,9.35,,2. Bundesliga,,20241005_FC-Koln_Ulm,71.03706015734133,1.51,0.9,50.4,49.6
2024-10-05,Nurnberg,PreuÃen MÃ¼nster,3,2,7,4,10,11,7,3,1,3,0,0,2.45,3.6,2.7,1.61,2.29,0.0,1.98,1.88,2.73,3.57,2.58,,2. Bundesliga,,20241005_Nurnberg_PreuÃen-MÃ¼nster,-24.669683090711032,1.0,1.3,50.5,49.5
2024-10-05,Schalke 04,Hertha,2,2,3,5,11,12,2,6,4,4,0,0,2.3,3.75,2.75,1.5,2.54,-0.25,2.06,1.79,2.34,3.82,2.91,,2. Bundesliga,,20241005_Schalke-04_Hertha,-11.274627784737504,1.11,0.9,59.9,40.1
2024-10-06,Braunschweig,Hannover,2,0,12,1,10,16,6,8,2,4,0,0,3.1,3.5,2.2,1.8,2.0,0.25,1.95,1.89,3.27,3.45,2.29,,2. Bundesliga,,20241006_Braunschweig_Hannover,-133.50025886421827,1.99,0.09,47.7,52.3
2024-10-06,Fortuna Dusseldorf,Hamburg,0,3,7,5,15,13,10,3,2,2,1,0,2.45,3.5,2.7,1.62,2.26,0.0,2.02,1.84,2.86,3.52,2.5,,2. Bundesliga,,20241006_Fortuna-Dusseldorf_Hamburg,69.18122271035827,1.44,0.71,53.2,46.8
2024-10-06,Magdeburg,Greuther Furth,2,2,6,3,9,15,5,7,3,0,0,0,1.95,3.8,3.5,1.47,2.62,-0.5,1.95,1.87,1.97,3.97,3.64,,2. Bundesliga,,20241006_Magdeburg_Greuther-Furth,3.22790727294273,0.99,2.15,46.2,53.8
2024-10-18,Darmstadt,FC Koln,5,1,6,6,5,9,3,6,2,3,0,0,4.0,3.9,1.8,1.47,2.62,0.5,1.91,1.91,3.64,4.0,1.96,,2. Bundesliga,,20241018_Darmstadt_FC-Koln,-1.289627870363347,2.09,1.05,49.9,50.1
2024-10-18,Hertha,Braunschweig,3,1,7,2,9,3,7,5,4,1,0,1,1.85,3.9,3.7,1.52,2.46,-0.5,1.87,1.96,1.91,3.9,3.93,,2. Bundesliga,,20241018_Hertha_Braunschweig,76.29643892496301,2.2,1.39,53.1,46.9
2024-10-19,Hannover,Schalke 04,1,0,3,2,12,5,7,2,0,4,0,0,1.9,3.75,3.6,1.65,2.21,-0.5,1.83,1.99,1.83,3.87,4.4,,2. Bundesliga,,20241019_Hannover_Schalke-04,34.90658525730851,1.23,0.93,49.3,50.7
2024-10-19,Kaiserslautern,Paderborn,3,0,8,2,5,11,5,5,3,3,0,1,2.8,3.6,2.25,1.57,2.37,0.25,1.88,1.94,3.13,3.65,2.27,,2. Bundesliga,,20241019_Kaiserslautern_Paderborn,-128.3028268127573,0.05,1.27,43.6,56.4
2024-10-19,PreuÃen MÃ¼nster,Elversberg,1,1,1,4,4,13,3,8,4,2,0,0,2.4,3.5,2.75,1.49,2.57,0.0,1.96,1.9,2.64,3.71,2.59,,2. Bundesliga,,20241019_PreuÃen-MÃ¼nster_Elversberg,-38.80666573863277,1.23,0.2,45.0,55.0
2024-10-19,Regensburg,Fortuna Dusseldorf,0,3,5,4,5,11,4,8,4,1,2,0,4.33,3.8,1.75,1.69,2.15,0.75,1.87,1.96,4.64,3.9,1.78,,2. Bundesliga,,20241019_Regensburg_Fortuna-Dusseldorf,-272.2279690116775,1.06,1.02,38.2,61.8
2024-10-20,Greuther Furth,Nurnberg,0,4,4,7,5,6,3,3,3,2,0,0,1.83,4.0,3.75,1.74,2.07,-0.25,1.81,2.04,2.2,3.5,3.42,,2. Bundesliga,,20241020_Greuther-Furth_Nurnberg,52.16158707041791,0.98,1.92,51.3,48.7
2024-10-20,Hamburg,Magdeburg,3,1,5,3,8,11,4,7,2,2,1,0,1.62,4.2,4.75,1.35,3.11,-0.75,1.84,2.0,1.7,4.25,4.69,,2. Bundesliga,,20241020_Hamburg_Magdeburg,89.95134493904834,1.19,0.71,55.8,44.2
2024-10-20,Ulm,Karlsruhe,0,1,2,3,9,13,5,12,3,3,0,0,3.25,3.6,2.05,1.7,2.13,0.5,1.85,1.98,3.79,3.65,2.01,,2. Bundesliga,,20241020_Ulm_Karlsruhe,-128.0947858547397,0.69,1.31,44.3,55.7
2024-10-25,FC Koln,Paderborn,1,2,3,4,9,5,6,3,1,4,0,0,1.65,4.1,4.5,1.37,3.03,-1.0,1.84,1.99,1.51,4.69,6.27,,2. Bundesliga,,20241025_FC-Koln_Paderborn,-17.363691018023246,0.73,1.52,43.2,56.8
2024-10-25,Nurnberg,Regensburg,8,3,12,7,8,9,3,3,0,3,0,0,1.67,4.0,4.5,1.75,2.06,-0.75,1.8,2.04,1.64,4.1,5.46,,2. Bundesliga,,20241025_Nurnberg_Regensburg,104.576982958705,3.27,1.63,49.6,50.4
2024-10-26,Elversberg,Hamburg,4,2,10,4,8,5,6,3,0,0,0,0,3.6,3.8,1.91,1.46,2.66,0.0,2.08,1.79,2.72,3.72,2.52,,2. Bundesliga,,20241026_Elversberg_Hamburg,-117.63836737592828,1.72,1.19,53.6,46.4
2024-10-26,Fortuna Dusseldorf,Kaiserslautern,3,4,7,6,7,6,4,3,2,3,0,0,1.7,4.0,4.33,1.67,2.18,-0.75,1.92,1.91,1.74,3.98,4.76,,2. Bundesliga,,20241026_Fortuna-Dusseldorf_Kaiserslautern,178.57872508762944,0.45,1.79,57.3,42.7
2024-10-26,Karlsruhe,Hertha,1,3,4,8,9,2,7,2,6,4,0,0,2.05,3.8,3.2,1.44,2.74,-0.25,1.91,1.92,2.21,3.89,3.08,,2. Bundesliga,,20241026_Karlsruhe_Hertha,82.68255353838936,0.18,1.72,51.9,48.1
2024-10-26,Schalke 04,Greuther Furth,3,4,6,7,15,11,6,5,6,3,1,0,1.95,3.6,3.6,1.68,2.17,-0.5,1.93,1.9,1.96,3.7,3.94,,2. Bundesliga,,20241026_Schalke-04_Greuther-Furth,-4.443603382762831,1.47,1.3,50.7,49.3
2024-10-27,Braunschweig,PreuÃen MÃ¼nster,1,1,2,4,7,4,2,4,2,2,0,0,2.05,3.4,3.5,1.61,2.28,-0.5,1.89,1.93,1.93,3.75,4.03,,2. Bundesliga,,20241027_Braunschweig_PreuÃen-MÃ¼nster,-30.781731493583266,2.55,1.15,44.8,55.2
2024-10-27,Darmstadt,Ulm,1,1,5,3,10,2,4,2,2,3,0,0,1.75,3.75,4.5,1.79,2.01,-0.75,1.82,2.01,1.65,3.99,5.51,,2. Bundesliga,,20241027_Darmstadt_Ulm,108.71805592488295,1.42,0.31,47.2,52.8
2024-10-27,Magdeburg,Hannover,0,3,5,6,15,6,10,3,3,3,0,0,2.7,3.5,2.45,1.66,2.19,0.0,1.88,1.98,2.58,3.47,2.79,,2. Bundesliga,,20241027_Magdeburg_Hannover,-44.22747547634708,0.79,1.36,51.1,48.9
2024-11-01,PreuÃen MÃ¼nster,Fortuna Dusseldorf,1,0,4,2,2,9,3,11,0,2,0,0,3.2,3.6,2.1,1.69,2.15,0.5,1.86,1.97,3.79,3.65,2.01,,2. Bundesliga,,20241101_PreuÃen-MÃ¼nster_Fortuna-Dusseldorf,-172.80621816887674,0.5,1.07,39.4,60.6
2024-11-01,Ulm,Schalke 04,0,0,5,2,12,8,2,3,2,3,0,0,2.63,3.25,2.63,2.0,1.79,0.0,1.92,1.93,2.75,3.21,2.79,,2. Bundesliga,,20241101_Ulm_Schalke-04,-14.759580591362464,0.84,0.82,47.0,53.0
2024-11-02,Greuther Furth,Darmstadt,1,5,6,9,15,9,0,3,1,0,0,0,2.3,3.75,2.75,1.58,2.34,0.0,2.03,1.82,2.8,3.72,2.45,,2. Bundesliga,,20241102_Greuther-Furth_Darmstadt,-58.547713098744,0.05,2.49,52.7,47.3
2024-11-02,Hannover,Karlsruhe,2,1,9,4,7,5,6,5,3,2,0,0,2.0,3.6,3.5,1.67,2.18,-0.5,1.95,1.87,1.97,3.71,3.89,,2. Bundesliga,,20241102_Hannover_Karlsruhe,-31.596336348856767,1.29,0.59,49.7,50.3
2024-11-02,Hertha,FC Koln,0,1,4,2,6,10,6,3,4,2,0,0,2.9,3.9,2.15,1.55,2.41,0.0,2.06,1.8,2.76,3.69,2.5,,2. Bundesliga,,20241102_Hertha_FC-Koln,1.2292344868917553,0.05,0.87,47.5,52.5
2024-11-02,Regensburg,Elversberg,1,0,2,5,7,9,6,10,1,2,1,0,3.8,3.5,1.95,1.67,2.18,0.75,1.81,2.05,4.44,3.85,1.82,,2. Bundesliga,,20241102_Regensburg_Elversberg,-151.6370245179221,0.62,0.44,43.5,56.5
2024-11-03,Hamburg,Nurnberg,1,1,4,11,8,7,5,11,1,3,0,0,1.55,4.75,5.0,1.49,2.58,-0.75,1.85,1.97,1.7,4.29,4.52,,2. Bundesliga,,20241103_Hamburg_Nurnberg,115.88255523260841,2.52,0.87,52.5,47.5
2024-11-03,Kaiserslautern,Magdeburg,2,2,6,4,16,3,11,1,2,5,0,2,2.3,3.6,2.88,1.61,2.29,-0.25,2.01,1.82,2.4,3.56,2.98,,2. Bundesliga,,20241103_Kaiserslautern_Magdeburg,-6.901610977581413,1.61,1.93,53.4,46.6
2024-11-03,Paderborn,Braunschweig,0,0,2,3,7,15,8,6,0,2,1,0,1.67,4.0,4.75,1.74,2.07,-0.75,1.99,1.83,1.81,3.82,4.55,,2. Bundesliga,,20241103_Paderborn_Braunschweig,147.78784308987952,0.68,0.84,54.8,45.2
2024-11-08,Braunschweig,Hamburg,3,1,4,7,14,17,3,7,3,2,0,0,3.1,3.5,2.2,1.64,2.23,0.25,1.99,1.84,3.27,3.68,2.19,,2. Bundesliga,,20241108_Braunschweig_Hamburg,-158.90452186377593,0.37,1.23,45.8,54.2
2024-11-08,Nurnberg,Kaiserslautern,0,0,5,2,8,10,12,1,1,3,0,0,2.1,3.6,3.3,1.6,2.29,-0.25,1.87,1.95,2.21,3.67,3.25,,2. Bundesliga,,20241108_Nurnberg_Kaiserslautern,-2.9199957251803426,0.83,0.74,51.4,48.6
2024-11-09,Darmstadt,Hertha,3,1,3,6,10,6,1,9,5,3,0,0,2.2,3.6,3.0,1.45,2.7,-0.25,1.8,2.03,2.07,3.98,3.34,,2. Bundesliga,,20241109_Darmstadt_Hertha,51.37316790984414,1.4,1.19,44.1,55.9
2024-11-09,FC Koln,Greuther Furth,1,0,2,1,21,3,10,4,2,4,0,0,1.38,5.0,7.0,1.36,3.05,-1.5,1.96,1.87,1.36,5.77,7.74,,2. Bundesliga,,20241109_FC-Koln_Greuther-Furth,50.02374241914231,0.65,1.42,49.7,50.3
2024-11-09,Fortuna Dusseldorf,Paderborn,1,1,3,3,8,5,5,4,2,0,0,0,2.2,3.4,3.2,1.81,1.98,-0.25,1.89,1.93,2.19,3.53,3.42,,2. Bundesliga,,20241109_Fortuna-Dusseldorf_Paderborn,40.97602344491156,1.01,1.27,58.4,41.6
2024-11-09,Magdeburg,Ulm,0,0,8,1,12,5,14,1,2,4,0,1,1.85,3.8,3.9,1.89,1.9,-0.5,1.87,1.96,1.99,3.5,4.04,,2. Bundesliga,,20241109_Magdeburg_Ulm,27.653592774639492,0.35,1.37,43.2,56.8
2024-11-10,Elversberg,Hannover,3,1,9,2,13,5,15,2,1,1,0,0,2.7,3.6,2.45,1.81,1.98,0.0,2.04,1.81,2.84,3.39,2.59,,2. Bundesliga,,20241110_Elversberg_Hannover,-78.57555785364457,1.88,1.03,48.2,51.8
2024-11-10,Karlsruhe,PreuÃen MÃ¼nster,1,1,2,6,11,8,8,7,1,3,0,0,1.67,4.0,4.75,1.58,2.34,-0.75,1.94,1.88,1.78,4.05,4.4,,2. Bundesliga,,20241110_Karlsruhe_PreuÃen-MÃ¼nster,102.65844386584422,1.99,1.35,60.2,39.8
2024-11-10,Schalke 04,Regensburg,2,0,4,1,11,7,6,2,1,3,0,0,1.57,4.2,5.25,1.58,2.32,-1.0,1.91,1.91,1.58,4.22,5.95,,2. Bundesliga,,20241110_Schalke-04_Regensburg,103.92756967940227,1.11,0.6,57.4,42.6
2024-11-22,Paderborn,Nurnberg,3,2,6,4,5,8,7,5,0,0,0,0,1.91,3.75,3.75,1.59,2.35,-0.5,1.93,1.88,2.0,3.86,3.65,,2. Bundesliga,,20241122_Paderborn_Nurnberg,88.71845330962356,1.3,1.48,50.2,49.8
2024-11-22,PreuÃen MÃ¼nster,FC Koln,0,1,1,4,8,7,3,5,3,1,0,0,4.33,3.9,1.73,1.66,2.21,0.75,1.85,1.96,4.47,4.02,1.78,,2. Bundesliga,,20241122_PreuÃen-MÃ¼nster_FC-Koln,-80.32157657610833,0.05,0.75,46.1,53.9
2024-11-23,Fortuna Dusseldorf,Elversberg,0,2,6,5,16,6,12,6,2,1,0,0,2.0,3.5,3.5,1.73,2.09,-0.25,1.83,2.0,2.16,3.62,3.4,,2. Bundesliga,,20241123_Fortuna-Dusseldorf_Elversberg,103.02454113636236,0.05,1.99,54.1,45.9
2024-11-23,Greuther Furth,Karlsruhe,2,3,5,3,8,11,7,5,2,2,0,0,2.63,3.5,2.5,1.52,2.49,0.25,1.87,1.95,3.1,3.75,2.25,,2. Bundesliga,,20241123_Greuther-Furth_Karlsruhe,-86.03679063471509,0.71,1.88,47.6,52.4
2024-11-23,Hamburg,Schalke 04,2,2,6,2,13,5,2,4,2,2,0,0,1.62,4.1,5.0,1.51,2.53,-0.75,1.91,1.91,1.69,4.13,4.72,,2. Bundesliga,,20241123_Hamburg_Schalke-04,87.08087154221448,0.75,1.69,48.8,51.2
2024-11-23,Hannover,Darmstadt,1,2,8,8,12,6,5,4,1,3,0,0,1.95,3.6,3.6,1.58,2.35,-0.25,1.78,2.04,2.05,3.74,3.58,,2. Bundesliga,,20241123_Hannover_Darmstadt,-29.669282390705348,1.15,0.69,56.0,44.0
2024-11-23,Hertha,Ulm,2,2,6,5,8,8,4,5,0,0,0,0,1.62,3.8,5.5,1.65,2.22,-1.0,1.89,1.93,1.54,4.41,6.28,,2. Bundesliga,,20241123_Hertha_Ulm,48.366518638834805,0.94,1.7,50.1,49.9
2024-11-24,Kaiserslautern,Braunschweig,3,2,7,6,7,4,7,6,1,4,0,0,2.15,3.4,3.3,1.69,2.16,-0.25,2.04,1.8,2.43,3.6,2.9,,2. Bundesliga,,20241124_Kaiserslautern_Braunschweig,36.42659542233673,1.18,1.18,54.5,45.5
2024-11-24,Regensburg,Magdeburg,0,1,1,3,10,6,7,4,4,4,0,0,3.6,3.6,1.95,1.75,2.08,0.5,1.83,2.0,3.88,3.7,1.98,,2. Bundesliga,,20241124_Regensburg_Magdeburg,-125.40124683856516,0.95,2.07,44.5,55.5
2024-11-29,Magdeburg,Hertha,1,3,2,7,10,5,5,1,3,3,0,0,2.3,3.7,2.75,1.52,2.48,0.0,1.93,1.92,2.6,3.69,2.64,,2. Bundesliga,,20241129_Magdeburg_Hertha,-13.111768024473577,1.45,2.19,57.1,42.9
2024-11-29,Schalke 04,Kaiserslautern,0,3,6,9,10,7,7,3,1,4,0,0,2.15,3.6,3.2,1.63,2.25,-0.25,1.82,2.0,2.12,3.63,3.49,,2. Bundesliga,,20241129_Schalke-04_Kaiserslautern,-6.673575478108205,0.93,2.03,51.1,48.9
2024-11-30,Braunschweig,Regensburg,0,0,1,5,7,13,2,10,3,3,0,0,1.62,4.0,5.0,1.78,2.01,-0.75,1.83,2.0,1.67,4.01,5.37,,2. Bundesliga,,20241130_Braunschweig_Regensburg,80.50308770789093,0.65,0.57,51.3,48.7
2024-11-30,Darmstadt,PreuÃen MÃ¼nster,0,0,2,2,13,2,6,1,3,4,0,0,1.75,3.75,4.5,1.63,2.25,-0.75,1.88,1.93,1.76,3.94,4.7,,2. Bundesliga,,20241130_Darmstadt_PreuÃen-MÃ¼nster,129.04536115787755,0.11,1.15,66.8,33.2
2024-11-30,Elversberg,Paderborn,1,3,2,6,4,11,1,6,0,0,0,0,2.5,3.6,2.6,1.64,2.23,-0.25,2.04,1.8,2.38,3.59,2.99,,2. Bundesliga,,20241130_Elversberg_Paderborn,-58.409081756771684,2.17,1.35,45.7,54.3
2024-11-30,FC Koln,Hannover,2,2,3,3,12,2,10,4,1,1,0,1,1.73,3.8,4.5,1.8,2.0,-0.75,1.97,1.85,1.79,3.76,4.79,,2. Bundesliga,,20241130_FC-Koln_Hannover,21.44934438785367,1.54,0.94,51.9,48.1
2024-12-01,Karlsruhe,Hamburg,1,3,4,8,14,11,7,7,4,4,0,0,2.5,3.5,2.63,1.44,2.72,-0.25,2.05,1.8,2.34,3.8,2.92,,2. Bundesliga,,20241201_Karlsruhe_Hamburg,10.841296554204291,0.8,1.26,49.8,50.2
2024-12-01,Nurnberg,Fortuna Dusseldorf,2,2,5,6,9,9,12,5,2,5,0,0,2.6,3.4,2.6,1.8,2.0,-0.25,1.94,1.87,2.31,3.43,3.24,,2. Bundesliga,,20241201_Nurnberg_Fortuna-Dusseldorf,-120.42009617068015,0.25,0.63,38.5,61.5
2024-12-01,Ulm,Greuther Furth,1,1,5,2,3,12,4,3,5,4,0,0,2.45,3.25,2.88,1.9,1.89,0.0,1.94,1.9,2.72,3.4,2.68,,2. Bundesliga,,20241201_Ulm_Greuther-Furth,-10.405330058134723,1.73,0.05,47.1,52.9
2024-12-06,Elversberg,Nurnberg,2,1,5,6,15,8,8,8,2,3,0,0,2.45,3.5,2.7,1.65,2.2,-0.25,2.07,1.76,2.45,3.53,2.92,,2. Bundesliga,,20241206_Elversberg_Nurnberg,34.3090711268992,2.05,1.69,58.0,42.0
2024-12-06,Paderborn,Schalke 04,2,4,4,10,1,15,2,9,1,3,0,0,1.7,3.9,4.75,1.57,2.37,-0.75,1.91,1.9,1.76,4.02,4.57,,2. Bundesliga,,20241206_Paderborn_Schalke-04,112.69890229502198,0.96,1.5,61.6,38.4
2024-12-07,Greuther Furth,Hertha,2,1,5,3,9,10,6,10,4,3,1,0,2.7,3.6,2.4,1.52,2.49,0.25,1.9,1.91,3.14,3.75,2.23,,2. Bundesliga,,20241207_Greuther-Furth_Hertha,-46.548194729260786,1.1,0.66,49.3,50.7
2024-12-07,Hannover,Ulm,3,2,8,3,15,5,7,2,3,2,0,0,1.57,3.8,6.0,1.84,1.95,-1.0,2.01,1.82,1.61,4.04,5.94,,2. Bundesliga,,20241207_Hannover_Ulm,78.29036938387503,0.79,0.05,53.4,46.6
2024-12-07,Kaiserslautern,Karlsruhe,3,1,5,1,4,8,3,3,5,1,0,0,2.2,3.6,3.0,1.58,2.33,0.0,1.9,1.94,2.65,3.54,2.67,,2. Bundesliga,,20241207_Kaiserslautern_Karlsruhe,-61.21227841149266,1.25,0.92,46.2,53.8
2024-12-07,PreuÃen MÃ¼nster,Magdeburg,1,2,4,5,11,10,3,5,3,3,0,0,2.6,3.3,2.6,1.88,1.91,0.0,2.06,1.8,2.91,3.3,2.58,,2. Bundesliga,,20241207_PreuÃen-MÃ¼nster_Magdeburg,-15.635790780667094,1.62,0.4,40.1,59.9
2024-12-08,Fortuna Dusseldorf,Braunschweig,5,0,7,5,12,9,7,5,1,4,0,0,1.75,3.6,4.5,1.78,2.01,-0.75,2.01,1.81,1.79,3.75,4.76,,2. Bundesliga,,20241208_Fortuna-Dusseldorf_Braunschweig,154.60569152318408,1.5,1.31,59.5,40.5
2024-12-08,Hamburg,Darmstadt,2,2,7,6,9,13,2,8,2,4,0,0,1.95,3.7,3.5,1.48,2.58,-0.5,1.91,1.9,1.99,3.88,3.66,,2. Bundesliga,,20241208_Hamburg_Darmstadt,-9.121187014661245,1.71,0.57,48.9,51.1
2024-12-08,Regensburg,FC Koln,0,1,2,3,9,10,4,6,1,3,0,0,6.25,4.33,1.48,1.69,2.14,1.0,2.04,1.81,6.4,4.6,1.51,,2. Bundesliga,,20241208_Regensburg_FC-Koln,-205.04868996197433,0.99,1.29,43.7,56.3
2024-12-13,Hertha,PreuÃen MÃ¼nster,1,2,4,3,9,9,9,2,2,4,0,0,1.57,4.33,5.25,1.73,2.07,-0.75,1.84,1.99,1.66,4.1,5.3,,2. Bundesliga,,20241213_Hertha_PreuÃen-MÃ¼nster,49.704415992378244,1.24,1.77,53.2,46.8
2024-12-13,Karlsruhe,Regensburg,4,2,8,5,8,9,4,0,4,2,0,0,1.5,4.33,6.0,1.6,2.29,-1.25,1.96,1.87,1.44,4.77,7.3,,2. Bundesliga,,20241213_Karlsruhe_Regensburg,200.2197776206758,0.64,1.3,49.7,50.3
2024-12-14,Darmstadt,Kaiserslautern,5,1,11,3,5,7,3,4,1,2,0,0,1.9,3.8,3.6,1.59,2.3,-0.5,1.89,1.92,1.93,3.79,3.96,,2. Bundesliga,,20241214_Darmstadt_Kaiserslautern,69.83326366130655,1.53,1.1,56.0,44.0
2024-12-14,Magdeburg,Paderborn,1,1,4,6,9,7,7,7,5,1,0,0,2.8,3.6,2.3,1.77,2.02,0.0,1.81,2.04,2.49,3.43,2.94,,2. Bundesliga,,20241214_Magdeburg_Paderborn,-75.90757614351264,0.28,1.05,46.5,53.5
2024-12-14,Schalke 04,Fortuna Dusseldorf,1,1,10,3,7,4,6,2,1,4,0,0,2.63,3.4,2.55,1.62,2.24,0.0,1.85,2.0,2.5,3.57,2.83,,2. Bundesliga,,20241214_Schalke-04_Fortuna-Dusseldorf,-103.62277094591263,0.76,0.86,44.2,55.8
2024-12-14,Ulm,Hamburg,1,1,5,2,10,4,5,2,3,6,0,1,4.0,3.8,1.8,1.65,2.2,0.5,1.98,1.84,4.17,3.76,1.89,,2. Bundesliga,,20241214_Ulm_Hamburg,-125.446999201464,1.86,0.99,46.3,53.7
2024-12-15,Braunschweig,Elversberg,0,3,3,8,6,9,6,5,4,3,0,0,2.9,3.5,2.3,1.66,2.18,0.25,1.92,1.9,3.3,3.62,2.2,,2. Bundesliga,,20241215_Braunschweig_Elversberg,-94.30073270263847,1.21,1.34,46.6,53.4
2024-12-15,FC Koln,Nurnberg,3,1,5,4,9,13,3,4,4,2,0,0,1.62,4.0,5.0,1.45,2.69,-1.0,1.93,1.89,1.58,4.51,5.56,,2. Bundesliga,,20241215_FC-Koln_Nurnberg,104.28160281334794,1.15,1.26,68.4,31.6
2024-12-15,Greuther Furth,Hannover,1,0,2,2,8,6,4,4,2,1,0,0,2.88,3.6,2.3,1.62,2.25,0.25,1.98,1.84,3.43,3.62,2.15,,2. Bundesliga,,20241215_Greuther-Furth_Hannover,-64.34623592159483,1.59,1.61,46.7,53.3
2024-12-20,Elversberg,Schalke 04,1,4,5,6,11,8,4,1,3,1,0,0,2.15,3.6,3.1,1.55,2.38,-0.25,1.84,1.97,2.15,3.73,3.32,,2. Bundesliga,,20241220_Elversberg_Schalke-04,34.688493716115545,1.62,1.64,55.2,44.8
2024-12-20,Fortuna Dusseldorf,Magdeburg,2,5,6,11,7,5,4,1,3,3,1,0,2.1,3.7,3.2,1.53,2.43,-0.25,1.83,1.99,2.18,3.68,3.31,,2. Bundesliga,,20241220_Fortuna-Dusseldorf_Magdeburg,92.29704310662396,0.77,2.01,59.3,40.7
2024-12-21,Hamburg,Greuther Furth,5,0,9,3,5,2,3,4,2,1,0,0,1.57,4.33,5.0,1.34,3.15,-1.0,1.81,2.05,1.53,4.94,5.63,,2. Bundesliga,,20241221_Hamburg_Greuther-Furth,74.47005816310252,2.11,0.32,59.1,40.9
2024-12-21,Nurnberg,Braunschweig,1,0,5,2,10,7,7,3,1,3,0,1,1.8,3.8,4.2,1.52,2.45,-0.75,1.84,1.97,1.67,4.24,4.98,,2. Bundesliga,,20241221_Nurnberg_Braunschweig,38.67199522251644,0.05,0.95,49.4,50.6
2024-12-21,Paderborn,Karlsruhe,1,2,9,5,13,3,10,2,2,3,0,0,1.95,3.75,3.5,1.58,2.32,-0.25,1.83,1.99,2.16,3.66,3.36,,2. Bundesliga,,20241221_Paderborn_Karlsruhe,11.263748432949342,0.19,1.09,56.1,43.9
2024-12-21,PreuÃen MÃ¼nster,Ulm,0,0,1,4,5,9,1,3,4,1,0,0,2.15,3.3,3.4,2.07,1.74,-0.25,1.86,1.95,2.25,3.25,3.55,,2. Bundesliga,,20241221_PreuÃen-MÃ¼nster_Ulm,11.824472213037552,0.05,0.4,52.1,47.9
2024-12-22,Hannover,Hertha,0,0,1,4,6,13,7,5,3,4,1,1,2.1,3.5,3.4,1.6,2.29,-0.25,1.86,1.95,2.14,3.6,3.45,,2. Bundesliga,,20241222_Hannover_Hertha,44.50211405504524,0.69,1.18,44.9,55.1
2024-12-22,Kaiserslautern,FC Koln,0,1,4,7,6,5,10,5,2,3,0,0,4.0,3.8,1.8,1.57,2.35,0.5,1.83,1.98,3.55,3.77,2.06,,2. Bundesliga,,20241222_Kaiserslautern_FC-Koln,-67.25809871934916,0.45,0.53,49.3,50.7
2024-12-22,Regensburg,Darmstadt,2,1,5,6,9,15,6,9,5,2,0,0,4.0,4.2,1.75,1.71,2.11,0.75,1.9,1.91,4.84,4.04,1.72,,2. Bundesliga,,20241222_Regensburg_Darmstadt,-252.40648526271912,0.95,1.91,41.0,59.0
2025-01-17,Fortuna Dusseldorf,Darmstadt,2,2,7,5,9,10,7,5,4,1,0,0,2.3,3.5,2.8,1.64,2.2,-0.25,2.03,1.79,2.46,3.56,2.89,,2. Bundesliga,,20250117_Fortuna-Dusseldorf_Darmstadt,-3.5147618602600232,0.93,1.57,54.7,45.3
2025-01-17,Regensburg,Hannover,0,1,1,3,8,8,4,8,1,1,0,0,4.1,3.75,1.8,1.98,1.8,0.5,1.88,1.92,4.11,3.44,2.0,,2. Bundesliga,,20250117_Regensburg_Hannover,-170.6432029769776,1.0,1.32,41.9,58.1
2025-01-18,Braunschweig,Schalke 04,0,0,1,1,3,17,0,5,4,4,1,0,2.9,3.9,2.1,1.64,2.21,0.25,1.96,1.85,3.31,3.63,2.19,,2. Bundesliga,,20250118_Braunschweig_Schalke-04,-101.11749670515223,1.53,1.81,47.9,52.1
2025-01-18,Hamburg,FC Koln,1,0,5,1,9,6,6,6,3,4,0,0,2.55,3.75,2.45,1.51,2.47,-0.25,2.03,1.78,2.38,3.71,2.91,,2. Bundesliga,,20250118_Hamburg_FC-Koln,-0.6889182007594172,1.04,1.44,46.3,53.7
2025-01-18,Kaiserslautern,Ulm,2,1,8,7,14,8,7,5,2,3,0,0,1.85,3.6,3.9,1.85,1.93,-0.5,2.01,1.79,2.02,3.54,3.72,,2. Bundesliga,,20250118_Kaiserslautern_Ulm,40.217340399742625,0.83,0.05,45.8,54.2
2025-01-18,PreuÃen MÃ¼nster,Greuther Furth,2,1,4,3,11,11,4,3,3,5,0,1,2.45,3.4,2.8,1.99,1.8,-0.25,1.97,1.84,2.32,3.33,3.31,,2. Bundesliga,,20250118_PreuÃen-MÃ¼nster_Greuther-Furth,-21.78648691120611,0.72,0.98,47.0,53.0
2025-01-19,Elversberg,Magdeburg,2,5,4,10,5,11,6,3,2,2,1,0,2.15,3.6,3.1,1.51,2.49,-0.25,1.94,1.86,2.27,3.75,3.07,,2. Bundesliga,,20250119_Elversberg_Magdeburg,2.006791653204573,1.93,2.31,52.0,48.0
2025-01-19,Nurnberg,Karlsruhe,2,1,8,2,8,2,9,2,3,5,0,0,2.2,3.75,2.9,1.52,2.47,-0.5,1.9,1.9,1.9,3.91,3.96,,2. Bundesliga,,20250119_Nurnberg_Karlsruhe,-104.15551657171568,1.44,1.3,44.8,55.2
2025-01-19,Paderborn,Hertha,1,2,5,4,16,6,7,4,1,4,0,0,2.25,3.6,2.9,1.56,2.37,-0.25,1.89,1.92,2.23,3.69,3.18,,2. Bundesliga,,20250119_Paderborn_Hertha,61.96629181419917,1.52,0.45,47.0,53.0
2025-01-24,Greuther Furth,Kaiserslautern,2,4,2,7,9,8,2,4,1,5,1,1,2.35,3.5,2.88,1.6,2.29,-0.25,2.0,1.82,2.34,3.66,3.0,,2. Bundesliga,,20250124_Greuther-Furth_Kaiserslautern,-30.791478809641376,0.89,1.76,45.1,54.9
2025-01-24,Magdeburg,Braunschweig,1,1,4,2,11,6,10,6,0,0,0,0,1.55,4.33,5.5,1.51,2.51,-1.25,2.05,1.79,1.52,4.51,6.49,,2. Bundesliga,,20250124_Magdeburg_Braunschweig,116.08314826250853,1.1,2.15,44.5,55.5
2025-01-25,FC Koln,Elversberg,1,0,3,1,11,5,6,6,1,6,0,1,1.7,4.5,4.1,1.57,2.35,-0.75,1.96,1.86,1.83,4.01,4.22,,2. Bundesliga,,20250125_FC-Koln_Elversberg,70.96205126928498,1.06,0.18,43.2,56.8
2025-01-25,Hertha,Hamburg,2,3,4,5,8,5,8,4,1,4,0,0,2.6,3.8,2.4,1.48,2.58,0.25,1.76,2.08,2.83,3.81,2.39,,2. Bundesliga,,20250125_Hertha_Hamburg,-88.86452404282545,0.88,1.3,47.8,52.2
2025-01-25,Karlsruhe,Fortuna Dusseldorf,2,3,5,5,8,9,6,9,3,3,0,0,2.38,3.8,2.63,1.57,2.35,0.0,1.87,1.98,2.54,3.65,2.73,,2. Bundesliga,,20250125_Karlsruhe_Fortuna-Dusseldorf,-20.925829408243317,1.48,2.15,51.9,48.1
2025-01-25,Schalke 04,Nurnberg,3,1,4,6,8,10,1,5,0,0,0,0,2.25,3.75,2.8,1.64,2.21,-0.25,1.96,1.86,2.3,3.63,3.08,,2. Bundesliga,,20250125_Schalke-04_Nurnberg,22.215419004052364,2.03,1.01,52.6,47.4
2025-01-26,Darmstadt,Paderborn,0,1,5,4,8,7,3,11,2,6,0,0,2.15,3.6,3.2,1.53,2.46,-0.25,1.9,1.91,2.23,3.71,3.18,,2. Bundesliga,,20250126_Darmstadt_Paderborn,36.33631544175614,1.44,0.99,53.7,46.3
2025-01-26,Hannover,PreuÃen MÃ¼nster,2,2,5,4,13,7,6,1,4,1,0,0,1.67,3.9,4.75,1.84,1.94,-0.75,1.83,1.99,1.67,3.95,5.49,,2. Bundesliga,,20250126_Hannover_PreuÃen-MÃ¼nster,59.46280746434445,1.46,0.78,48.1,51.9
2025-01-26,Ulm,Regensburg,5,1,8,1,9,4,9,0,0,0,0,0,1.91,3.4,4.0,2.2,1.65,-0.5,2.05,1.77,2.12,3.23,3.96,,2. Bundesliga,,20250126_Ulm_Regensburg,89.88070604144195,2.56,0.81,59.3,40.7
2025-01-31,Elversberg,Karlsruhe,2,2,5,5,8,8,7,7,1,0,0,0,2.0,3.75,3.4,1.54,2.41,-0.25,1.8,2.04,2.12,3.78,3.37,,2. Bundesliga,,20250131_Elversberg_Karlsruhe,-49.62979330889311,0.72,0.72,48.3,51.7
2025-01-31,Nurnberg,Darmstadt,1,0,5,1,8,10,6,1,3,1,0,0,2.3,3.6,2.88,1.59,2.33,0.0,1.82,2.04,2.54,3.48,2.84,,2. Bundesliga,,20250131_Nurnberg_Darmstadt,-95.34986829373611,1.09,0.89,50.4,49.6
2025-02-01,Braunschweig,FC Koln,1,2,4,6,10,8,10,4,4,2,0,0,4.5,4.0,1.67,1.91,1.88,0.5,1.99,1.85,4.37,3.64,1.88,,2. Bundesliga,,20250201_Braunschweig_FC-Koln,-170.6293959815962,1.29,1.0,43.0,57.0
2025-02-01,Fortuna Dusseldorf,Ulm,3,2,3,7,7,14,0,4,4,4,0,0,1.7,3.8,4.75,1.61,2.29,-0.75,1.97,1.86,1.79,3.94,4.47,,2. Bundesliga,,20250201_Fortuna-Dusseldorf_Ulm,129.0840667207317,1.0,1.23,52.7,47.3
2025-02-01,Regensburg,Hertha,2,0,3,3,8,10,4,12,0,0,0,0,4.33,3.75,1.8,1.74,2.07,0.75,1.81,2.02,4.52,3.79,1.82,,2. Bundesliga,,20250201_Regensburg_Hertha,-149.82189118493852,1.17,0.73,43.1,56.9
2025-02-01,Schalke 04,Magdeburg,2,5,9,11,9,7,5,6,4,1,0,0,2.3,3.6,2.8,1.58,2.34,-0.25,2.03,1.81,2.41,3.52,2.99,,2. Bundesliga,,20250201_Schalke-04_Magdeburg,-6.659540919874871,1.51,2.41,48.0,52.0
2025-02-02,Hamburg,Hannover,2,2,4,4,15,12,6,3,4,2,0,0,1.91,3.7,3.75,1.62,2.26,-0.25,1.94,1.9,2.29,3.59,3.15,,2. Bundesliga,,20250202_Hamburg_Hannover,66.0290908900165,0.83,2.15,46.1,53.9
2025-02-02,Kaiserslautern,PreuÃen MÃ¼nster,2,1,4,5,10,13,4,4,1,6,0,0,1.83,3.7,4.0,1.78,2.02,-0.5,1.87,1.94,1.9,3.67,4.25,,2. Bundesliga,,20250202_Kaiserslautern_PreuÃen-MÃ¼nster,35.980301550300965,2.25,0.84,45.4,54.6
2025-02-02,Paderborn,Greuther Furth,1,2,6,6,10,4,6,6,3,2,1,0,1.73,4.1,4.2,1.63,2.25,-0.75,1.89,1.94,1.72,4.07,4.76,,2. Bundesliga,,20250202_Paderborn_Greuther-Furth,87.23433181141309,0.16,1.2,55.3,44.7
2025-02-07,Greuther Furth,Regensburg,2,1,4,2,15,10,9,3,1,3,0,0,1.85,3.5,4.1,1.85,1.95,-0.5,1.88,1.93,1.92,3.6,4.28,,2. Bundesliga,,20250207_Greuther-Furth_Regensburg,116.639701352359,0.96,0.72,59.7,40.3
2025-02-07,PreuÃen MÃ¼nster,Hamburg,1,2,2,7,3,7,3,7,3,2,0,0,3.6,3.75,1.95,1.75,2.06,0.25,2.01,1.81,3.46,3.6,2.14,,2. Bundesliga,,20250207_PreuÃen-MÃ¼nster_Hamburg,-129.9322035670648,0.59,2.66,50.5,49.5
2025-02-08,Darmstadt,Elversberg,0,3,2,4,11,8,2,5,2,3,1,0,2.15,3.2,3.4,1.63,2.26,-0.25,1.95,1.86,2.34,3.49,3.14,,2. Bundesliga,,20250208_Darmstadt_Elversberg,54.9396725990116,0.05,1.15,54.1,45.9
2025-02-08,Hertha,Kaiserslautern,0,1,4,5,12,8,6,7,0,0,0,0,2.0,3.8,3.4,1.5,2.55,-0.5,1.87,1.93,1.88,4.04,3.9,,2. Bundesliga,,20250208_Hertha_Kaiserslautern,-49.05054874103439,0.98,1.62,44.7,55.3
2025-02-08,Magdeburg,Nurnberg,3,4,8,5,14,5,10,2,1,3,0,0,2.1,3.8,3.1,1.46,2.65,-0.25,1.78,2.05,2.1,3.85,3.36,,2. Bundesliga,,20250208_Magdeburg_Nurnberg,47.899471330453935,1.97,1.79,43.0,57.0
2025-02-08,Ulm,Paderborn,0,2,3,5,4,4,4,5,1,4,1,0,2.88,3.6,2.25,1.84,1.96,0.25,1.91,1.91,3.4,3.48,2.21,,2. Bundesliga,,20250208_Ulm_Paderborn,-90.77686515569962,0.69,1.88,45.3,54.7
2025-02-09,FC Koln,Schalke 04,1,0,3,2,9,9,4,4,3,0,0,0,1.73,4.1,4.1,1.65,2.21,-0.5,1.83,1.98,1.89,3.76,4.17,,2. Bundesliga,,20250209_FC-Koln_Schalke-04,87.24773640442731,0.44,0.1,54.7,45.3
2025-02-09,Hannover,Fortuna Dusseldorf,1,1,3,2,13,3,6,1,1,3,0,0,2.0,3.6,3.3,1.61,2.29,-0.5,1.97,1.84,1.99,3.73,3.79,,2. Bundesliga,,20250209_Hannover_Fortuna-Dusseldorf,-51.7242107584525,0.8,0.71,57.9,42.1
2025-02-09,Karlsruhe,Braunschweig,0,2,4,6,24,6,10,5,0,0,0,0,1.8,4.33,3.75,1.56,2.39,-0.75,1.97,1.84,1.81,4.11,4.18,,2. Bundesliga,,20250209_Karlsruhe_Braunschweig,134.96821908272,1.12,1.83,65.5,34.5
2025-02-14,Magdeburg,FC Koln,3,0,5,5,5,9,3,14,0,2,0,0,2.2,3.6,3.0,1.59,2.33,-0.25,1.95,1.87,2.27,3.63,3.15,,2. Bundesliga,,20250214_Magdeburg_FC-Koln,-79.74050557643591,1.69,0.78,43.1,56.9
2025-02-14,Paderborn,PreuÃen MÃ¼nster,2,0,5,2,10,8,9,1,1,3,0,0,1.62,3.9,5.25,1.78,2.03,-1.0,2.05,1.78,1.64,3.99,5.7,,2. Bundesliga,,20250214_Paderborn_PreuÃen-MÃ¼nster,82.99966464505655,1.13,1.27,50.4,49.6
2025-02-15,Braunschweig,Darmstadt,1,0,9,1,3,11,3,1,3,7,0,1,2.9,3.6,2.25,1.74,2.08,0.0,1.92,1.91,2.67,3.57,2.63,,2. Bundesliga,,20250215_Braunschweig_Darmstadt,-113.36090063265237,1.4,1.92,46.4,53.6
2025-02-15,Elversberg,Greuther Furth,2,0,5,2,5,7,6,3,2,2,1,0,1.85,3.9,3.75,1.53,2.46,-0.75,1.85,1.98,1.67,4.16,5.05,,2. Bundesliga,,20250215_Elversberg_Greuther-Furth,17.731506820996174,0.65,1.01,47.3,52.7
2025-02-15,Fortuna Dusseldorf,Hertha,2,1,4,3,5,18,4,7,1,0,0,0,2.15,3.7,3.0,1.54,2.45,-0.25,1.98,1.84,2.34,3.68,3.0,,2. Bundesliga,,20250215_Fortuna-Dusseldorf_Hertha,120.2247639081254,1.01,0.05,60.3,39.7
2025-02-15,Kaiserslautern,Hannover,0,0,5,7,12,17,2,9,2,2,0,0,2.8,3.6,2.3,1.65,2.22,0.0,2.06,1.78,2.88,3.55,2.47,,2. Bundesliga,,20250215_Kaiserslautern_Hannover,-2.36278030397807,0.86,0.29,54.5,45.5
2025-02-16,Nurnberg,Ulm,2,0,6,1,12,6,11,5,0,0,0,0,1.75,4.1,4.0,1.79,2.03,-0.5,1.94,1.85,2.01,3.62,3.84,,2. Bundesliga,,20250216_Nurnberg_Ulm,58.0047294426015,1.72,1.92,57.2,42.8
2025-02-16,Regensburg,Hamburg,1,1,4,6,11,8,9,7,1,5,0,1,5.0,4.0,1.62,1.63,2.26,1.0,1.84,1.98,5.72,4.31,1.59,,2. Bundesliga,,20250216_Regensburg_Hamburg,-253.3753816174194,0.54,1.45,44.6,55.4
2025-02-16,Schalke 04,Karlsruhe,2,1,4,4,16,10,7,4,1,1,0,0,2.05,3.7,3.3,1.54,2.43,-0.5,1.95,1.85,1.93,3.83,3.92,,2. Bundesliga,,20250216_Schalke-04_Karlsruhe,-31.11677557926896,0.84,1.19,44.0,56.0
2025-02-21,Hamburg,Kaiserslautern,3,0,8,2,7,11,11,2,1,1,0,0,1.58,3.9,5.25,1.49,2.58,-0.75,1.86,1.96,1.72,3.93,4.99,,2. Bundesliga,,20250221_Hamburg_Kaiserslautern,62.268851000352015,1.51,1.4,53.7,46.3
2025-02-21,Hertha,Nurnberg,0,0,3,3,13,1,6,4,2,2,0,0,2.05,3.75,3.2,1.57,2.39,-0.5,1.97,1.84,1.93,3.8,3.96,,2. Bundesliga,,20250221_Hertha_Nurnberg,-44.53343540905644,0.9,0.68,48.4,51.6
2025-02-22,Hannover,Paderborn,1,1,1,6,6,11,4,6,3,0,1,0,2.2,3.6,3.0,1.78,2.02,-0.25,1.87,1.94,2.18,3.54,3.43,,2. Bundesliga,,20250222_Hannover_Paderborn,-14.373926499620438,0.46,1.42,50.4,49.6
2025-02-22,Karlsruhe,Magdeburg,3,1,4,4,3,10,3,6,1,4,0,1,2.88,3.6,2.3,1.44,2.72,0.25,1.87,1.95,3.02,3.78,2.28,,2. Bundesliga,,20250222_Karlsruhe_Magdeburg,-22.2658148633966,1.81,0.46,43.2,56.8
2025-02-22,PreuÃen MÃ¼nster,Regensburg,2,0,4,2,10,6,4,3,6,3,0,0,2.15,3.2,3.5,2.08,1.74,-0.25,1.94,1.88,2.33,3.21,3.43,,2. Bundesliga,,20250222_PreuÃen-MÃ¼nster_Regensburg,91.36425118107013,0.86,1.16,54.8,45.2
2025-02-22,Ulm,Elversberg,0,0,1,5,13,6,4,4,4,3,0,0,3.1,3.25,2.3,1.89,1.91,0.25,1.81,2.02,3.14,3.42,2.37,,2. Bundesliga,,20250222_Ulm_Elversberg,-89.62991969823383,1.32,1.1,46.9,53.1
2025-02-23,Darmstadt,Schalke 04,2,0,3,2,9,3,3,11,4,5,0,1,2.3,3.5,2.9,1.72,2.11,-0.25,1.93,1.89,2.25,3.56,3.25,,2. Bundesliga,,20250223_Darmstadt_Schalke-04,13.536473698141208,1.93,1.05,48.1,51.9
2025-02-23,FC Koln,Fortuna Dusseldorf,1,1,4,3,12,7,7,0,2,4,0,0,1.85,3.6,4.0,1.69,2.16,-0.5,1.92,1.89,1.96,3.58,4.08,,2. Bundesliga,,20250223_FC-Koln_Fortuna-Dusseldorf,-16.07259780524373,0.93,1.12,45.1,54.9
2025-02-23,Greuther Furth,Braunschweig,3,0,7,2,12,6,3,5,4,3,0,0,2.15,3.4,3.25,1.79,2.01,-0.5,2.04,1.78,2.05,3.62,3.72,,2. Bundesliga,,20250223_Greuther-Furth_Braunschweig,41.28331504178118,1.55,0.48,48.3,51.7
2025-02-28,Fortuna Dusseldorf,Greuther Furth,1,2,3,5,5,6,6,4,3,1,0,0,1.9,4.0,3.6,1.65,2.22,-0.5,1.92,1.89,1.94,3.76,3.95,,2. Bundesliga,,20250228_Fortuna-Dusseldorf_Greuther-Furth,109.4798187968081,0.64,1.15,49.9,50.1
2025-02-28,Schalke 04,PreuÃen MÃ¼nster,1,0,6,5,10,8,10,7,1,1,0,0,1.75,3.8,4.2,1.95,1.84,-0.5,1.9,1.9,1.93,3.52,4.3,,2. Bundesliga,,20250228_Schalke-04_PreuÃen-MÃ¼nster,29.177437610398783,1.13,0.72,47.4,52.6
2025-03-01,Braunschweig,Ulm,1,1,2,4,16,7,8,4,2,4,0,0,2.4,3.3,2.9,2.06,1.75,-0.25,2.03,1.79,2.47,3.3,3.08,,2. Bundesliga,,20250301_Braunschweig_Ulm,-5.770726460822289,1.18,1.54,46.6,53.4
2025-03-01,Kaiserslautern,Regensburg,3,0,11,5,7,12,7,7,1,4,0,0,1.7,4.0,4.5,1.67,2.18,-1.0,2.01,1.81,1.61,4.07,5.86,,2. Bundesliga,,20250301_Kaiserslautern_Regensburg,175.20676844620698,1.96,0.24,58.6,41.4
2025-03-01,Karlsruhe,FC Koln,1,0,1,5,5,6,3,2,4,3,0,0,3.0,3.6,2.2,1.81,2.0,0.5,1.79,2.03,3.63,3.61,2.08,,2. Bundesliga,,20250301_Karlsruhe_FC-Koln,-60.37951270552094,1.13,1.01,51.2,48.8
2025-03-01,Nurnberg,Hannover,1,2,1,5,8,7,4,2,2,5,0,0,2.6,3.3,2.63,1.76,2.05,-0.25,2.03,1.79,2.36,3.48,3.1,,2. Bundesliga,,20250301_Nurnberg_Hannover,-37.464014570432255,1.15,0.95,47.0,53.0
2025-03-02,Elversberg,Hertha,4,0,5,3,6,4,7,6,0,1,0,0,2.38,3.6,2.7,1.67,2.19,-0.25,1.99,1.84,2.4,3.52,3.01,,2. Bundesliga,,20250302_Elversberg_Hertha,51.57005874078618,2.14,0.59,52.3,47.7
2025-03-02,Magdeburg,Darmstadt,4,1,10,6,7,8,12,4,1,4,0,0,1.95,3.9,3.4,1.59,2.34,-0.5,1.95,1.85,1.96,3.86,3.77,,2. Bundesliga,,20250302_Magdeburg_Darmstadt,-10.59831131085366,2.14,0.41,46.4,53.6
2025-03-02,Paderborn,Hamburg,2,0,5,4,10,11,9,3,2,1,0,0,2.55,3.5,2.6,1.63,2.25,-0.25,2.01,1.81,2.31,3.65,3.05,,2. Bundesliga,,20250302_Paderborn_Hamburg,-56.063577199944575,1.07,1.05,47.3,52.7
2025-03-07,Darmstadt,Karlsruhe,3,0,12,2,12,5,2,3,0,2,0,0,2.0,3.4,3.7,1.69,2.14,-0.5,1.99,1.81,2.07,3.63,3.63,,2. Bundesliga,,20250307_Darmstadt_Karlsruhe,-19.102469388932604,1.31,0.14,53.0,47.0
2025-03-07,Kaiserslautern,Elversberg,1,1,4,6,8,8,7,3,4,2,0,0,2.5,3.6,2.6,1.63,2.24,0.25,1.78,2.05,3.0,3.65,2.34,,2. Bundesliga,,20250307_Kaiserslautern_Elversberg,10.982509117088739,0.98,0.05,55.8,44.2
2025-03-08,Greuther Furth,Magdeburg,1,1,2,3,7,9,1,9,2,2,0,0,2.7,3.6,2.4,1.61,2.29,0.25,1.84,1.97,3.13,3.6,2.29,,2. Bundesliga,,20250308_Greuther-Furth_Magdeburg,-27.5720357221644,0.45,0.82,49.7,50.3
2025-03-08,Hamburg,Fortuna Dusseldorf,4,1,9,1,9,8,8,3,1,4,0,0,1.73,4.0,4.2,1.55,2.41,-0.75,1.88,1.93,1.7,4.1,4.88,,2. Bundesliga,,20250308_Hamburg_Fortuna-Dusseldorf,15.972503153003345,1.55,0.94,47.8,52.2
2025-03-08,Hertha,Schalke 04,1,2,5,3,10,5,3,5,2,3,0,0,2.0,3.6,3.4,1.65,2.2,-0.5,1.85,1.95,1.85,3.85,4.3,,2. Bundesliga,,20250308_Hertha_Schalke-04,-50.76181186349595,0.41,1.73,51.1,48.9
2025-03-08,Ulm,FC Koln,0,1,1,3,14,10,3,7,0,1,0,0,3.75,3.4,2.0,2.09,1.73,0.25,2.0,1.82,3.61,3.33,2.19,,2. Bundesliga,,20250308_Ulm_FC-Koln,-137.3254743847308,0.52,1.92,49.3,50.7
2025-03-09,Hannover,Braunschweig,1,1,3,7,12,6,5,10,2,3,0,0,1.67,4.0,4.75,1.87,1.92,-0.75,1.99,1.83,1.79,3.82,4.67,,2. Bundesliga,,20250309_Hannover_Braunschweig,127.22262223707389,1.9,0.97,61.6,38.4
2025-03-09,PreuÃen MÃ¼nster,Nurnberg,0,1,5,6,17,8,5,3,4,1,0,0,2.8,3.4,2.4,1.87,1.92,0.0,1.95,1.86,2.82,3.34,2.63,,2. Bundesliga,,20250309_PreuÃen-MÃ¼nster_Nurnberg,-41.39952540709896,1.08,1.83,51.6,48.4
2025-03-09,Regensburg,Paderborn,0,0,0,3,5,10,3,10,3,2,0,0,4.75,3.7,1.7,1.85,1.95,0.75,2.0,1.82,5.47,3.91,1.68,,2. Bundesliga,,20250309_Regensburg_Paderborn,-221.49009689105924,0.46,0.79,40.1,59.9
2025-03-14,Magdeburg,Hamburg,0,3,2,6,14,8,3,3,1,2,0,0,2.45,3.6,2.7,1.53,2.44,0.0,1.84,1.97,2.53,3.72,2.71,,2. Bundesliga,,20250314_Magdeburg_Hamburg,-78.95746366245021,0.29,1.59,54.0,46.0
2025-03-14,Schalke 04,Hannover,1,2,4,4,6,8,5,7,2,3,0,0,2.5,3.5,2.63,1.75,2.05,-0.25,1.94,1.87,2.25,3.59,3.22,,2. Bundesliga,,20250314_Schalke-04_Hannover,-34.65211605773402,1.04,2.25,57.5,42.5
2025-03-15,Elversberg,PreuÃen MÃ¼nster,0,1,4,1,13,5,4,2,0,3,0,0,1.67,3.8,4.75,1.67,2.17,-0.75,1.79,2.02,1.63,4.22,5.41,,2. Bundesliga,,20250315_Elversberg_PreuÃen-MÃ¼nster,83.39453908223459,0.51,0.05,51.7,48.3
2025-03-15,FC Koln,Darmstadt,2,1,6,5,14,4,6,3,1,3,0,1,2.0,3.5,3.6,1.89,1.9,-0.5,1.86,1.94,1.89,3.62,4.37,,2. Bundesliga,,20250315_FC-Koln_Darmstadt,46.18291455634176,1.69,0.58,52.8,47.2
2025-03-15,Fortuna Dusseldorf,Regensburg,1,0,8,0,9,10,5,4,1,1,0,0,1.6,4.5,4.5,1.7,2.11,-1.0,2.04,1.79,1.65,4.29,5.04,,2. Bundesliga,,20250315_Fortuna-Dusseldorf_Regensburg,215.53464831397514,1.22,0.32,50.1,49.9
2025-03-15,Paderborn,Kaiserslautern,5,3,7,5,5,9,4,5,3,2,0,0,1.75,3.7,4.5,1.6,2.31,-0.75,1.87,1.94,1.75,4.05,4.62,,2. Bundesliga,,20250315_Paderborn_Kaiserslautern,27.075728864264192,2.52,1.17,51.8,48.2
2025-03-16,Braunschweig,Hertha,1,5,3,12,11,2,4,3,0,1,0,0,3.2,3.5,2.15,1.89,1.89,0.25,1.9,1.91,3.33,3.33,2.31,,2. Bundesliga,,20250316_Braunschweig_Hertha,-12.87503669163857,1.06,1.83,48.7,51.3
2025-03-16,Karlsruhe,Ulm,0,0,5,3,12,11,4,2,1,3,0,0,2.1,3.6,3.2,1.9,1.88,-0.5,2.05,1.77,2.08,3.56,3.67,,2. Bundesliga,,20250316_Karlsruhe_Ulm,99.90565628041304,0.23,0.24,51.3,48.7
2025-03-16,Nurnberg,Greuther Furth,3,0,5,1,1,6,1,6,3,2,0,0,2.1,3.5,3.25,1.86,1.93,-0.25,1.91,1.9,2.26,3.38,3.4,,2. Bundesliga,,20250316_Nurnberg_Greuther-Furth,0.05653613505501198,1.0,0.32,50.7,49.3
2025-03-28,Hamburg,Elversberg,0,0,3,3,12,11,8,4,0,3,0,0,1.73,4.0,4.2,1.51,2.5,-0.75,2.0,1.81,1.85,3.96,4.12,,2. Bundesliga,,20250328_Hamburg_Elversberg,107.87618850410718,1.03,0.73,54.7,45.3
2025-03-28,Ulm,Darmstadt,2,1,4,7,8,12,5,4,5,1,0,0,2.8,3.1,2.6,1.89,1.89,0.25,1.88,1.94,3.32,3.29,2.34,,2. Bundesliga,,20250328_Ulm_Darmstadt,-92.34862635967738,1.95,0.88,39.5,60.5
2025-03-29,Hannover,Magdeburg,0,0,3,4,11,9,12,4,0,2,0,0,2.3,3.5,2.88,1.52,2.46,0.0,1.79,2.04,2.51,3.76,2.71,,2. Bundesliga,,20250329_Hannover_Magdeburg,38.61266135891469,1.23,0.25,48.0,52.0
2025-03-29,Hertha,Karlsruhe,3,1,4,2,10,10,4,5,3,5,0,0,1.75,4.0,4.1,1.68,2.14,-0.75,1.85,1.97,1.68,3.96,5.35,,2. Bundesliga,,20250329_Hertha_Karlsruhe,-65.79154716146309,0.63,0.59,43.0,57.0
2025-03-29,Kaiserslautern,Fortuna Dusseldorf,3,1,7,4,6,4,5,5,2,5,0,0,2.35,3.3,2.9,1.64,2.22,-0.25,1.98,1.84,2.32,3.64,3.06,,2. Bundesliga,,20250329_Kaiserslautern_Fortuna-Dusseldorf,-51.08714858282474,0.42,0.42,53.8,46.2
2025-03-29,Paderborn,FC Koln,1,2,8,7,15,11,6,6,3,1,0,0,2.25,3.3,3.2,1.78,2.01,-0.5,2.02,1.79,2.06,3.5,3.8,,2. Bundesliga,,20250329_Paderborn_FC-Koln,-12.479971198013118,0.97,1.4,50.0,50.0
2025-03-30,Greuther Furth,Schalke 04,3,3,8,5,5,7,4,6,2,3,0,0,2.55,3.5,2.55,1.85,1.94,0.0,1.94,1.88,2.69,3.43,2.69,,2. Bundesliga,,20250330_Greuther-Furth_Schalke-04,-10.696881891087969,1.27,1.22,53.2,46.8
2025-03-30,PreuÃen MÃ¼nster,Braunschweig,1,1,2,2,12,7,4,3,4,2,0,0,2.25,3.2,3.2,1.86,1.93,-0.5,2.03,1.79,2.06,3.46,3.86,,2. Bundesliga,,20250330_PreuÃen-MÃ¼nster_Braunschweig,38.53426121562529,1.16,1.33,56.9,43.1
2025-03-30,Regensburg,Nurnberg,2,1,3,4,5,9,3,6,3,3,0,0,3.4,3.4,2.1,1.91,1.88,0.25,2.07,1.76,3.66,3.59,2.07,,2. Bundesliga,,20250330_Regensburg_Nurnberg,-167.213759489214,1.87,0.15,39.9,60.1
2025-04-04,Braunschweig,Paderborn,3,2,5,6,5,14,0,4,1,2,0,0,4.2,3.8,1.8,1.68,2.14,0.75,1.81,2.01,4.41,3.81,1.83,,2. Bundesliga,,20250404_Braunschweig_Paderborn,-142.57445880966793,1.57,1.2,43.6,56.4
2025-04-04,Karlsruhe,Hannover,1,0,4,1,9,16,5,6,4,1,0,0,3.2,3.4,2.2,1.68,2.15,0.25,1.83,1.99,3.01,3.51,2.4,,2. Bundesliga,,20250404_Karlsruhe_Hannover,-52.309625967970305,0.82,1.13,44.6,55.4
2025-04-05,Darmstadt,Greuther Furth,1,0,4,1,10,4,6,3,0,1,0,0,1.85,3.5,4.2,1.67,2.16,-0.75,1.97,1.85,1.74,3.95,4.86,,2. Bundesliga,,20250405_Darmstadt_Greuther-Furth,11.245192677069781,0.6,0.69,44.4,55.6
2025-04-05,FC Koln,Hertha,0,1,4,5,11,12,7,5,1,4,0,0,2.05,3.6,3.4,1.63,2.24,-0.25,1.83,1.99,2.13,3.75,3.37,,2. Bundesliga,,20250405_FC-Koln_Hertha,129.28656037195924,1.22,1.24,54.6,45.4
2025-04-05,Fortuna Dusseldorf,PreuÃen MÃ¼nster,1,0,4,4,7,20,5,7,2,1,1,0,1.95,3.6,3.7,1.63,2.23,-0.5,1.97,1.84,1.95,3.73,3.94,,2. Bundesliga,,20250405_Fortuna-Dusseldorf_PreuÃen-MÃ¼nster,106.3864189972669,0.05,0.09,48.2,51.8
2025-04-05,Nurnberg,Hamburg,0,3,3,8,6,16,7,7,4,2,1,0,3.1,3.75,2.1,1.5,2.52,0.5,2.0,1.81,4.19,4.05,1.85,,2. Bundesliga,,20250405_Nurnberg_Hamburg,-115.64979337395812,0.48,0.85,47.5,52.5
2025-04-06,Elversberg,Regensburg,6,0,7,4,7,7,0,4,2,3,0,0,1.45,4.33,6.5,1.66,2.19,-1.5,2.03,1.79,1.36,5.21,9.4,,2. Bundesliga,,20250406_Elversberg_Regensburg,147.47417597197182,1.34,0.29,54.6,45.4
2025-04-06,Magdeburg,Kaiserslautern,2,0,4,2,3,15,3,5,3,1,0,0,1.85,4.5,3.3,1.41,2.83,-0.75,1.94,1.87,1.75,4.44,4.15,,2. Bundesliga,,20250406_Magdeburg_Kaiserslautern,-16.126458319185303,0.88,1.27,43.1,56.9
2025-04-06,Schalke 04,Ulm,2,1,4,5,13,8,4,2,3,0,1,0,1.9,4.0,3.5,1.79,2.0,-0.5,1.85,1.96,1.88,3.82,4.13,,2. Bundesliga,,20250406_Schalke-04_Ulm,60.82852053647139,2.1,1.07,51.9,48.1
2025-04-11,Greuther Furth,FC Koln,1,1,7,5,9,9,5,5,1,6,0,0,3.75,3.4,2.0,1.71,2.12,0.5,1.8,2.0,3.63,3.74,2.04,,2. Bundesliga,,20250411_Greuther-Furth_FC-Koln,-100.28390105678977,0.66,1.86,46.4,53.6
2025-04-11,Hamburg,Braunschweig,2,4,5,5,6,11,5,4,3,4,0,0,1.4,4.75,7.0,1.39,2.89,-1.5,1.99,1.82,1.39,5.36,7.84,,2. Bundesliga,,20250411_Hamburg_Braunschweig,186.6978244530817,0.98,1.2,56.4,43.6
2025-04-12,Hannover,Elversberg,1,3,3,5,8,17,5,5,1,3,0,0,2.25,3.6,2.9,1.73,2.09,0.0,1.79,2.04,2.47,3.58,2.86,,2. Bundesliga,,20250412_Hannover_Elversberg,22.96982565780968,0.44,1.45,49.2,50.8
2025-04-12,Hertha,Darmstadt,1,1,1,4,7,8,6,5,2,3,0,0,2.0,3.5,3.5,1.68,2.16,-0.5,2.01,1.79,2.08,3.74,3.52,,2. Bundesliga,,20250412_Hertha_Darmstadt,-30.93113142651964,1.37,0.08,50.4,49.6
2025-04-12,Kaiserslautern,Nurnberg,1,2,12,3,13,2,12,2,2,5,0,0,2.05,3.7,3.25,1.55,2.4,-0.75,1.98,1.84,1.79,4.16,4.23,,2. Bundesliga,,20250412_Kaiserslautern_Nurnberg,34.71005166185023,1.31,1.7,54.3,45.7
2025-04-12,Ulm,Magdeburg,1,0,4,3,3,11,5,3,3,2,0,0,3.5,3.4,2.05,1.69,2.14,0.25,1.97,1.85,3.28,3.61,2.21,,2. Bundesliga,,20250412_Ulm_Magdeburg,-102.6565605365438,0.69,0.2,45.4,54.6
2025-04-13,Paderborn,Fortuna Dusseldorf,1,2,7,4,16,4,4,2,2,3,1,0,1.75,3.9,4.33,1.58,2.34,-0.75,1.79,2.02,1.65,4.16,5.27,,2. Bundesliga,,20250413_Paderborn_Fortuna-Dusseldorf,-24.796827390703356,0.84,0.22,52.0,48.0
2025-04-13,PreuÃen MÃ¼nster,Karlsruhe,1,1,5,6,6,6,8,6,5,1,0,0,2.3,3.4,3.0,1.72,2.09,-0.25,1.86,1.96,2.15,3.56,3.46,,2. Bundesliga,,20250413_PreuÃen-MÃ¼nster_Karlsruhe,-72.55268263178505,0.19,0.95,53.3,46.7
2025-04-13,Regensburg,Schalke 04,2,0,6,1,4,11,4,8,2,4,0,0,4.0,3.5,1.9,1.71,2.11,0.5,1.98,1.83,4.16,3.81,1.88,,2. Bundesliga,,20250413_Regensburg_Schalke-04,-153.2334960456501,1.03,1.23,48.2,51.8
2025-04-19,Braunschweig,Kaiserslautern,2,0,5,2,14,11,6,3,5,3,0,0,2.63,3.4,2.55,1.63,2.24,0.0,1.94,1.88,2.66,3.53,2.66,,2. Bundesliga,,20250419_Braunschweig_Kaiserslautern,-58.37763919189297,2.12,0.82,42.1,57.9
2025-04-19,Elversberg,Fortuna Dusseldorf,1,1,6,2,19,3,7,0,0,1,0,0,1.75,3.7,4.5,1.58,2.34,-0.5,1.86,1.95,1.89,3.94,3.97,,2. Bundesliga,,20250419_Elversberg_Fortuna-Dusseldorf,-47.305571269439724,1.19,1.22,52.7,47.3
2025-04-19,Nurnberg,Paderborn,2,3,2,6,1,10,3,7,3,4,0,0,3.6,3.6,1.95,1.57,2.36,0.5,1.84,1.96,3.55,3.91,2.01,,2. Bundesliga,,20250419_Nurnberg_Paderborn,-30.149566396737782,0.76,0.94,41.4,58.6
2025-04-19,Schalke 04,Hamburg,2,2,3,12,9,14,4,2,3,3,1,0,3.4,3.7,2.0,1.45,2.71,0.25,1.9,1.91,3.07,3.84,2.24,,2. Bundesliga,,20250419_Schalke-04_Hamburg,-109.31651779368008,0.51,0.69,48.0,52.0
2025-04-20,Darmstadt,Hannover,3,1,7,5,5,8,4,8,2,4,0,0,2.15,3.5,3.2,1.69,2.14,-0.25,1.85,1.96,2.2,3.65,3.28,,2. Bundesliga,,20250420_Darmstadt_Hannover,-16.88890867815212,1.01,1.27,48.1,51.9
2025-04-20,FC Koln,PreuÃen MÃ¼nster,3,1,7,4,12,5,5,12,1,1,0,0,1.6,4.0,5.25,1.47,2.61,-1.25,1.87,1.95,1.43,5.13,6.97,,2. Bundesliga,,20250420_FC-Koln_PreuÃen-MÃ¼nster,128.63490405435573,1.63,0.98,58.8,41.2
2025-04-20,Karlsruhe,Greuther Furth,1,0,4,2,4,11,4,5,3,2,0,0,2.25,3.4,3.1,1.65,2.2,0.0,1.78,2.05,2.5,3.52,2.87,,2. Bundesliga,,20250420_Karlsruhe_Greuther-Furth,32.520330763077254,0.73,0.64,54.9,45.1
2025-04-20,Magdeburg,Regensburg,3,0,6,5,6,10,5,6,1,3,0,0,1.38,4.75,7.5,1.49,2.56,-1.5,2.03,1.79,1.38,5.44,7.7,,2. Bundesliga,,20250420_Magdeburg_Regensburg,142.80098884516656,1.43,0.86,50.9,49.1
2025-04-20,Ulm,Hertha,2,3,3,4,7,9,10,3,2,3,0,0,3.25,3.3,2.2,1.9,1.9,0.25,1.92,1.89,3.26,3.44,2.29,,2. Bundesliga,,20250420_Ulm_Hertha,-38.33596319710182,0.53,0.56,50.7,49.3
2025-04-25,Greuther Furth,Ulm,0,1,5,3,10,11,7,4,2,2,0,0,2.1,3.3,3.4,1.97,1.82,-0.25,1.8,2.02,2.14,3.45,3.63,,2. Bundesliga,,20250425_Greuther-Furth_Ulm,36.90471919853621,1.45,1.26,52.9,47.1
2025-04-25,Hertha,Magdeburg,1,1,5,6,6,13,4,4,3,2,0,0,2.2,3.9,2.88,1.38,2.95,-0.25,2.02,1.8,2.35,3.97,2.81,,2. Bundesliga,,20250425_Hertha_Magdeburg,-30.075460922136244,1.54,1.33,51.1,48.9
2025-04-26,Fortuna Dusseldorf,Nurnberg,3,3,10,4,13,4,7,0,1,3,0,0,1.8,3.9,4.2,1.71,2.11,-0.75,1.94,1.87,1.76,3.97,4.59,,2. Bundesliga,,20250426_Fortuna-Dusseldorf_Nurnberg,86.57381470723863,2.02,1.11,50.7,49.3
2025-04-26,Paderborn,Elversberg,1,1,2,4,6,11,2,7,1,2,0,0,2.05,3.7,3.25,1.6,2.3,-0.25,1.91,1.9,2.26,3.69,3.12,,2. Bundesliga,,20250426_Paderborn_Elversberg,9.55616811469531,0.05,1.64,53.2,46.8
2025-04-26,PreuÃen MÃ¼nster,Darmstadt,1,1,3,4,10,7,2,5,4,3,0,0,2.7,3.5,2.45,1.53,2.45,0.25,1.84,1.97,2.98,3.76,2.31,,2. Bundesliga,,20250426_PreuÃen-MÃ¼nster_Darmstadt,-85.45719367336551,0.91,0.39,47.3,52.7
2025-04-26,Regensburg,Braunschweig,1,1,4,4,3,4,7,1,1,2,0,0,2.9,3.5,2.3,1.92,1.88,0.0,2.01,1.81,2.85,3.46,2.54,,2. Bundesliga,,20250426_Regensburg_Braunschweig,-99.01321922292641,0.65,0.36,43.1,56.9
2025-04-27,Hamburg,Karlsruhe,1,2,5,4,8,7,4,1,1,5,0,0,1.5,4.75,5.25,1.34,3.15,-1.25,2.01,1.81,1.52,4.92,5.71,,2. Bundesliga,,20250427_Hamburg_Karlsruhe,73.40584445025502,0.74,1.25,57.5,42.5
2025-04-27,Hannover,FC Koln,1,0,6,1,11,9,5,4,5,4,0,1,3.3,3.4,2.15,1.56,2.39,0.5,1.84,1.97,3.78,3.86,1.96,,2. Bundesliga,,20250427_Hannover_FC-Koln,-66.95366794139818,0.38,1.2,46.4,53.6
2025-04-27,Kaiserslautern,Schalke 04,2,1,9,4,10,7,5,8,1,1,0,0,2.1,3.5,3.25,1.48,2.6,-0.5,1.85,1.96,1.84,4.08,4.06,,2. Bundesliga,,20250427_Kaiserslautern_Schalke-04,-0.8733268250803121,1.78,1.08,51.8,48.2
2025-05-02,Magdeburg,PreuÃen MÃ¼nster,0,5,3,8,7,6,7,3,4,2,0,0,1.57,4.5,4.75,1.43,2.75,-1.25,1.94,1.86,1.46,4.9,6.79,,2. Bundesliga,,20250502_Magdeburg_PreuÃen-MÃ¼nster,80.9012970538704,1.53,1.55,52.1,47.9
2025-05-02,Schalke 04,Paderborn,0,2,4,8,9,10,6,8,2,0,0,0,3.75,3.75,1.85,1.48,2.59,0.75,1.78,2.04,4.14,4.12,1.82,,2. Bundesliga,,20250502_Schalke-04_Paderborn,-57.61492278094988,0.94,1.07,48.4,51.6
2025-05-03,Braunschweig,Fortuna Dusseldorf,2,2,5,5,8,5,4,3,1,2,0,0,2.75,3.4,2.45,1.69,2.13,0.25,1.77,2.05,2.92,3.54,2.45,,2. Bundesliga,,20250503_Braunschweig_Fortuna-Dusseldorf,-112.07269737248089,0.5,2.28,46.0,54.0
2025-05-03,Darmstadt,Hamburg,0,4,2,6,19,4,4,5,3,3,0,0,2.87,3.6,2.25,1.41,2.82,0.25,1.98,1.84,3.23,3.85,2.15,,2. Bundesliga,,20250503_Darmstadt_Hamburg,-62.585984298661515,1.21,2.1,48.7,51.3
2025-05-03,FC Koln,Regensburg,1,1,5,4,17,1,8,1,0,1,0,0,1.27,5.75,8.5,1.41,2.8,-2.0,1.98,1.83,1.2,7.18,14.23,,2. Bundesliga,,20250503_FC-Koln_Regensburg,199.14565919601955,0.6,1.02,51.0,49.0
2025-05-03,Ulm,Hannover,1,2,5,2,16,7,7,1,3,2,0,1,2.7,3.4,2.45,1.79,2.0,0.0,1.94,1.88,2.64,3.57,2.66,,2. Bundesliga,,20250503_Ulm_Hannover,-83.13780961823,0.87,2.11,43.0,57.0
2025-05-04,Hertha,Greuther Furth,1,0,3,1,8,12,8,3,2,1,0,0,1.7,3.75,3.8,1.57,2.36,-0.5,1.9,1.91,1.94,4.02,3.69,,2. Bundesliga,,20250504_Hertha_Greuther-Furth,37.09983867227311,0.67,1.35,56.3,43.7
2025-05-04,Karlsruhe,Kaiserslautern,2,2,8,8,10,7,8,5,1,1,0,0,2.4,3.5,2.75,1.52,2.48,0.0,1.85,1.97,2.55,3.74,2.67,,2. Bundesliga,,20250504_Karlsruhe_Kaiserslautern,31.940502884404395,0.85,1.27,50.1,49.9
2025-05-04,Nurnberg,Elversberg,1,3,2,5,10,5,2,4,5,1,0,0,3.9,3.6,1.85,1.55,2.39,0.75,1.96,1.86,4.69,4.36,1.68,,2. Bundesliga,,20250504_Nurnberg_Elversberg,-39.91616080759968,1.49,1.22,42.6,57.4
2025-05-09,Nurnberg,FC Koln,1,2,1,4,4,19,0,8,4,1,0,0,5.25,4.33,1.54,1.48,2.6,1.25,1.9,1.91,7.35,5.0,1.43,,2. Bundesliga,,20250509_Nurnberg_FC-Koln,-79.84930367217044,0.05,0.38,44.6,55.4
2025-05-09,PreuÃen MÃ¼nster,Hertha,2,0,3,1,9,7,2,7,4,1,0,1,2.35,4.0,2.6,1.56,2.39,0.0,1.99,1.83,2.74,3.88,2.43,,2. Bundesliga,,20250509_PreuÃen-MÃ¼nster_Hertha,-48.87686460888426,0.73,0.96,51.2,48.8
2025-05-10,Elversberg,Braunschweig,3,0,8,0,12,7,8,1,0,2,0,0,1.5,4.75,5.25,1.53,2.44,-1.25,2.03,1.79,1.51,4.59,6.51,,2. Bundesliga,,20250510_Elversberg_Braunschweig,78.15999569281257,1.43,1.29,50.0,50.0
2025-05-10,Fortuna Dusseldorf,Schalke 04,2,0,8,2,4,6,5,4,2,1,0,0,1.8,4.33,3.6,1.43,2.74,-0.5,1.82,1.99,1.85,4.24,3.9,,2. Bundesliga,,20250510_Fortuna-Dusseldorf_Schalke-04,95.8029604900139,1.28,1.02,58.5,41.5
2025-05-10,Hamburg,Ulm,6,1,10,4,5,13,3,6,3,1,0,0,1.4,5.0,6.5,1.32,3.32,-1.5,1.91,1.91,1.37,5.68,7.71,,2. Bundesliga,,20250510_Hamburg_Ulm,155.86639074951927,2.33,1.18,49.5,50.5
2025-05-10,Paderborn,Magdeburg,2,1,4,3,17,6,6,6,0,2,0,0,2.05,3.8,3.2,1.41,2.82,-0.75,2.0,1.81,1.83,4.14,4.03,,2. Bundesliga,,20250510_Paderborn_Magdeburg,44.205980662382444,1.15,1.99,53.1,46.9
2025-05-11,Hannover,Greuther Furth,1,1,7,3,10,11,5,4,5,1,0,0,2.0,4.0,3.2,1.62,2.27,-0.25,1.87,1.94,2.2,3.77,3.18,,2. Bundesliga,,20250511_Hannover_Greuther-Furth,92.67840017680533,1.29,0.34,55.1,44.9
2025-05-11,Kaiserslautern,Darmstadt,2,1,6,4,11,10,3,11,2,3,0,0,1.95,3.8,3.4,1.4,2.86,-0.5,1.96,1.84,2.0,4.16,3.42,,2. Bundesliga,,20250511_Kaiserslautern_Darmstadt,-2.802266700431119,0.99,1.24,45.2,54.8
2025-05-11,Regensburg,Karlsruhe,2,2,3,6,17,13,5,3,0,3,0,0,3.1,3.9,2.05,1.78,2.02,0.5,1.85,1.95,3.76,3.76,1.95,,2. Bundesliga,,20250511_Regensburg_Karlsruhe,-162.72389612313395,1.69,2.67,39.3,60.7
2025-05-18,Braunschweig,Nurnberg,1,4,2,9,10,8,6,7,1,1,0,0,1.7,4.1,4.33,1.57,2.36,-0.75,1.95,1.86,1.8,4.09,4.15,,2. Bundesliga,,20250518_Braunschweig_Nurnberg,-17.04450842307142,0.91,2.75,45.3,54.7
2025-05-18,Darmstadt,Regensburg,3,1,5,4,10,13,6,7,2,0,0,0,1.42,4.75,6.5,1.45,2.69,-1.25,1.84,1.97,1.37,5.38,7.65,,2. Bundesliga,,20250518_Darmstadt_Regensburg,118.44660179078869,1.58,0.91,53.5,46.5
2025-05-18,FC Koln,Kaiserslautern,4,0,10,4,10,4,6,5,0,2,0,0,1.48,4.75,5.75,1.38,2.96,-1.25,1.91,1.91,1.48,4.92,5.98,,2. Bundesliga,,20250518_FC-Koln_Kaiserslautern,50.930250894984056,1.94,0.71,53.4,46.6
2025-05-18,Greuther Furth,Hamburg,3,2,4,5,8,10,4,7,4,1,0,0,2.8,3.8,2.2,1.39,2.91,0.0,1.92,1.9,2.53,4.07,2.52,,2. Bundesliga,,20250518_Greuther-Furth_Hamburg,-150.8664389405974,1.31,2.28,41.9,58.1
2025-05-18,Hertha,Hannover,1,1,6,5,12,7,12,3,1,2,0,0,1.9,3.8,3.6,1.44,2.7,-0.25,1.82,2.0,2.11,4.0,3.17,,2. Bundesliga,,20250518_Hertha_Hannover,-44.68155324687541,1.04,0.96,52.2,47.8
2025-05-18,Karlsruhe,Paderborn,3,0,6,2,3,15,2,4,0,2,0,0,4.2,4.5,1.65,1.47,2.62,0.75,1.96,1.86,4.69,4.11,1.7,,2. Bundesliga,,20250518_Karlsruhe_Paderborn,-29.339417402208255,0.18,1.01,48.6,51.4
2025-05-18,Magdeburg,Fortuna Dusseldorf,4,2,7,4,7,5,1,3,2,3,0,0,2.25,3.8,2.75,1.36,3.06,0.0,1.79,2.04,2.34,4.11,2.71,,2. Bundesliga,,20250518_Magdeburg_Fortuna-Dusseldorf,-81.5916694745315,1.48,1.41,41.0,59.0
2025-05-18,Schalke 04,Elversberg,1,2,2,2,12,5,7,1,2,2,0,0,4.75,4.2,1.62,1.38,2.96,1.0,1.85,1.97,4.7,4.58,1.64,,2. Bundesliga,,20250518_Schalke-04_Elversberg,-87.49173480195236,0.05,1.43,44.4,55.6
2025-05-18,Ulm,PreuÃen MÃ¼nster,2,2,3,7,4,5,0,6,1,5,0,0,3.7,3.5,1.91,1.8,2.0,0.25,2.02,1.8,3.65,3.65,2.03,,2. Bundesliga,,20250518_Ulm_PreuÃen-MÃ¼nster,-39.12145171285738,0.76,0.57,48.7,51.3
2025-08-01,Schalke 04,Hertha,2,1,6,3,8,6,5,10,7,1,1,0,2.9,3.5,2.3,1.59,2.23,0.25,1.75,1.92,3.08,3.6,2.32,,2. Bundesliga,,20250801_Schalke-04_Hertha,-36.60090787515651,0.44,0.3,47.9,52.1
2025-08-02,Bielefeld,Fortuna Dusseldorf,5,1,9,3,6,8,8,3,4,4,0,1,2.3,3.6,2.88,1.57,2.27,0.0,1.88,1.86,2.7,3.61,2.59,,2. Bundesliga,,20250802_Bielefeld_Fortuna-Dusseldorf,-84.38786930261722,2.31,1.19,47.0,53.0
2025-08-02,Darmstadt,Bochum,4,1,7,3,13,7,5,8,2,3,0,0,2.2,3.6,3.0,1.59,2.23,-0.25,1.89,1.78,2.33,3.56,3.1,,2. Bundesliga,,20250802_Darmstadt_Bochum,-79.94674806759758,0.84,1.65,41.4,58.6
2025-08-02,Elversberg,Nurnberg,1,0,4,4,8,7,2,4,2,3,0,0,2.1,3.8,3.1,1.61,2.2,-0.5,1.95,1.79,2.02,3.83,3.6,,2. Bundesliga,,20250802_Elversberg_Nurnberg,77.43432235460523,1.51,1.35,65.5,34.5
2025-08-02,Karlsruhe,PreuÃen MÃ¼nster,3,2,4,3,9,8,6,5,3,3,0,1,1.9,3.7,3.7,1.72,2.03,-0.25,1.74,1.94,2.02,3.97,3.48,,2. Bundesliga,,20250802_Karlsruhe_PreuÃen-MÃ¼nster,77.43899449131527,0.43,1.13,52.5,47.5
2025-08-02,Paderborn,Holstein Kiel,2,1,3,2,6,4,3,0,1,3,0,0,2.15,3.8,3.0,1.68,2.09,-0.25,1.86,1.8,2.24,3.71,3.16,,2. Bundesliga,,20250802_Paderborn_Holstein-Kiel,-52.96178138824962,0.58,0.17,42.0,58.0
2025-08-03,Greuther Furth,Dresden,3,2,5,4,5,17,4,10,1,0,0,0,2.2,3.7,2.9,1.72,2.02,-0.25,1.97,1.72,2.42,3.55,2.96,,2. Bundesliga,,20250803_Greuther-Furth_Dresden,72.70687123961898,0.93,2.13,47.0,53.0
2025-08-03,Hannover,Kaiserslautern,1,0,5,0,9,9,5,5,2,3,0,0,1.91,3.9,3.5,1.57,2.26,-0.25,1.79,1.88,2.06,3.74,3.56,,2. Bundesliga,,20250803_Hannover_Kaiserslautern,24.241418619938713,1.39,0.8,53.1,46.9
2025-08-03,Magdeburg,Braunschweig,0,1,3,4,16,5,12,2,4,1,0,1,1.8,3.8,4.0,1.51,2.43,-0.75,1.81,1.86,1.68,4.13,5.0,,2. Bundesliga,,20250803_Magdeburg_Braunschweig,67.29383212915513,0.05,0.93,58.0,42.0
2025-08-08,Nurnberg,Darmstadt,0,1,3,5,9,9,4,5,2,2,0,0,2.88,3.7,2.25,1.57,2.27,0.0,1.98,1.77,2.76,3.71,2.49,,2. Bundesliga,,20250808_Nurnberg_Darmstadt,-46.838210531409686,0.05,0.45,41.7,58.3
2025-08-08,PreuÃen MÃ¼nster,Paderborn,1,1,3,8,4,8,5,5,0,0,0,0,3.3,3.2,2.25,1.83,1.88,0.25,1.84,1.83,3.36,3.37,2.28,,2. Bundesliga,,20250808_PreuÃen-MÃ¼nster_Paderborn,-103.94049777092368,0.83,0.66,52.2,47.8
2025-08-09,Braunschweig,Greuther Furth,3,2,4,4,5,16,3,9,2,3,0,0,2.35,3.3,3.0,1.66,2.1,0.0,1.73,2.03,2.4,3.53,3.0,,2. Bundesliga,,20250809_Braunschweig_Greuther-Furth,-17.18878522951377,0.88,1.26,52.8,47.2
2025-08-09,Dresden,Magdeburg,1,2,2,6,21,3,6,5,1,3,0,0,2.45,3.6,2.63,1.54,2.33,0.25,1.72,1.96,2.65,3.69,2.6,,2. Bundesliga,,20250809_Dresden_Magdeburg,-113.27033513786864,0.76,0.95,41.0,59.0
2025-08-09,Fortuna Dusseldorf,Hannover,0,2,1,3,8,7,5,2,6,4,0,0,2.5,3.6,2.6,1.57,2.28,0.0,1.83,1.91,2.47,3.76,2.76,,2. Bundesliga,,20250809_Fortuna-Dusseldorf_Hannover,3.3853364296830932,0.8,2.59,56.6,43.4
2025-08-09,Kaiserslautern,Schalke 04,1,0,2,4,9,5,5,3,4,4,0,0,2.38,3.5,2.8,1.67,2.09,0.0,1.81,1.94,2.52,3.64,2.76,,2. Bundesliga,,20250809_Kaiserslautern_Schalke-04,29.54787219710738,1.12,0.81,53.4,46.6
2025-08-10,Bochum,Elversberg,2,0,6,1,10,2,10,0,8,5,0,1,1.95,3.8,3.5,1.67,2.09,0.0,1.75,2.0,2.0,3.79,3.69,,2. Bundesliga,,20250810_Bochum_Elversberg,1.1856915941018542,1.14,0.36,51.2,48.8
2025-08-10,Hertha,Karlsruhe,0,0,4,2,11,17,5,10,0,1,0,0,1.8,3.8,4.1,1.53,2.37,-0.5,1.76,1.98,1.85,4.05,4.06,,2. Bundesliga,,20250810_Hertha_Karlsruhe,-75.66428160164946,0.81,0.23,44.7,55.3
2025-08-10,Holstein Kiel,Bielefeld,0,2,7,4,8,8,9,7,0,6,0,1,2.15,3.6,3.1,1.65,2.12,-0.25,1.95,1.72,2.28,3.75,3.06,,2. Bundesliga,,20250810_Holstein-Kiel_Bielefeld,94.0092807636197,1.07,1.17,51.0,49.0
2025-08-22,Elversberg,Kaiserslautern,2,1,5,4,6,7,4,8,3,2,0,0,1.95,3.6,3.6,1.78,1.94,-0.25,1.75,1.96,2.14,3.61,3.46,,2. Bundesliga,,20250822_Elversberg_Kaiserslautern,49.193225523699766,2.34,1.17,55.6,44.4
2025-08-22,PreuÃen MÃ¼nster,Nurnberg,2,1,6,3,6,5,1,7,3,6,0,0,2.35,3.4,2.9,1.91,1.81,-0.25,1.84,1.86,2.23,3.48,3.36,,2. Bundesliga,,20250822_PreuÃen-MÃ¼nster_Nurnberg,-2.0616443188228004,1.26,1.32,44.6,55.4
2025-08-23,Hannover,Magdeburg,3,1,8,6,15,8,4,2,3,4,0,0,1.95,3.6,3.75,1.62,2.17,-0.25,1.79,1.91,2.02,3.63,3.78,,2. Bundesliga,,20250823_Hannover_Magdeburg,52.004691458663046,1.05,1.32,58.3,41.7
2025-08-23,Karlsruhe,Braunschweig,2,0,5,2,4,7,5,2,3,4,0,1,1.85,3.8,3.9,1.54,2.33,-0.75,1.96,1.76,1.86,4.01,4.05,,2. Bundesliga,,20250823_Karlsruhe_Braunschweig,81.2738505454713,0.94,0.47,52.3,47.7
2025-08-23,Paderborn,Fortuna Dusseldorf,1,2,4,6,13,8,9,7,2,2,1,0,1.8,3.8,4.1,1.51,2.39,-0.75,1.82,1.9,1.77,4.03,4.49,,2. Bundesliga,,20250823_Paderborn_Fortuna-Dusseldorf,22.63768574881442,1.2,1.08,54.3,45.7
2025-08-23,Schalke 04,Bochum,2,1,8,3,7,11,8,9,0,3,0,0,2.4,3.6,2.75,1.72,2.02,-0.25,1.88,1.82,2.26,3.65,3.15,,2. Bundesliga,,20250823_Schalke-04_Bochum,-125.80869697598109,0.21,1.78,54.6,45.4
2025-08-24,Bielefeld,Dresden,1,2,2,7,10,14,4,5,3,3,1,0,1.9,3.3,4.2,1.59,2.24,-0.5,1.9,1.83,1.93,3.67,4.1,,2. Bundesliga,,20250824_Bielefeld_Dresden,133.48434470936513,0.53,0.9,55.6,44.4
2025-08-24,Darmstadt,Hertha,0,0,4,1,10,14,7,2,1,1,0,0,2.1,3.3,3.6,1.58,2.25,-0.5,1.91,1.81,2.21,3.63,3.28,,2. Bundesliga,,20250824_Darmstadt_Hertha,50.08534345674434,1.75,0.54,53.3,46.7
2025-08-24,Greuther Furth,Holstein Kiel,0,2,2,4,13,13,6,3,3,8,0,0,2.7,3.4,2.5,1.61,2.19,0.25,1.74,1.98,2.73,3.6,2.57,,2. Bundesliga,,20250824_Greuther-Furth_Holstein-Kiel,-109.76961401791232,1.16,2.13,49.5,50.5
2025-08-29,Hertha,Elversberg,0,2,2,6,5,10,4,4,6,2,1,0,2.2,3.4,3.2,1.64,2.15,-0.25,1.7,2.01,2.29,3.47,3.25,,2. Bundesliga,,20250829_Hertha_Elversberg,-85.66246778590698,1.0,1.04,48.6,51.4
2025-08-29,Nurnberg,Paderborn,0,0,3,3,11,12,7,5,3,4,0,0,3.0,3.75,2.15,1.6,2.21,0.25,1.92,1.78,3.16,3.8,2.2,,2. Bundesliga,,20250829_Nurnberg_Paderborn,-94.19613137867304,0.55,0.75,46.0,54.0
2025-08-30,Bochum,PreuÃen MÃ¼nster,1,2,4,2,12,3,6,4,3,3,0,0,2.0,3.6,3.5,1.79,1.93,-0.25,1.74,1.96,2.0,3.58,3.7,,2. Bundesliga,,20250830_Bochum_PreuÃen-MÃ¼nster,93.53454474807586,1.44,0.74,54.2,45.8
2025-08-30,Braunschweig,Bielefeld,1,1,3,6,5,7,3,7,3,3,0,0,2.8,3.6,2.3,1.59,2.22,0.0,1.97,1.78,2.96,3.57,2.41,,2. Bundesliga,,20250830_Braunschweig_Bielefeld,-30.949510360008617,1.46,0.05,44.1,55.9
2025-08-30,Fortuna Dusseldorf,Karlsruhe,0,0,2,2,14,7,4,2,1,3,0,0,2.25,3.7,2.88,1.59,2.23,-0.25,1.88,1.81,2.24,3.76,3.1,,2. Bundesliga,,20250830_Fortuna-Dusseldorf_Karlsruhe,-12.249747672469539,1.81,0.48,53.1,46.9
2025-08-30,Holstein Kiel,Hannover,1,2,3,4,6,8,1,5,2,3,0,0,2.55,3.7,2.45,1.66,2.11,0.0,1.79,1.96,2.68,3.64,2.59,,2. Bundesliga,,20250830_Holstein-Kiel_Hannover,13.550047732488565,0.74,0.81,46.9,53.1
2025-08-31,Dresden,Schalke 04,0,1,3,5,3,11,1,6,1,4,0,0,2.38,3.5,2.8,1.76,1.98,-0.25,1.77,1.92,2.15,3.42,3.62,,2. Bundesliga,,20250831_Dresden_Schalke-04,-82.26884898310664,1.46,1.3,45.0,55.0
2025-08-31,Kaiserslautern,Darmstadt,3,1,8,5,9,12,3,5,2,2,0,0,2.6,3.3,2.63,1.72,2.02,0.25,1.81,1.87,3.21,3.5,2.29,,2. Bundesliga,,20250831_Kaiserslautern_Darmstadt,-30.804476823085906,1.47,1.22,42.8,57.2
2025-08-31,Magdeburg,Greuther Furth,4,5,7,7,12,6,2,3,5,4,1,0,1.83,3.8,3.9,1.46,2.57,-0.5,1.87,1.84,1.98,4.02,3.56,,2. Bundesliga,,20250831_Magdeburg_Greuther-Furth,40.44064052220142,1.19,1.83,53.6,46.4
2025-09-12,Bielefeld,Magdeburg,2,0,5,3,8,14,5,5,1,2,0,0,2.1,3.7,3.1,1.49,2.49,-0.25,1.79,1.94,2.08,3.8,3.46,,2. Bundesliga,,20250912_Bielefeld_Magdeburg,9.917825584577713,0.55,0.55,52.9,47.1
2025-09-12,Paderborn,Bochum,1,0,5,4,15,11,3,7,1,4,0,0,1.85,3.7,3.9,1.56,2.3,-0.5,1.79,1.94,1.85,3.83,4.31,,2. Bundesliga,,20250912_Paderborn_Bochum,-9.440441189944067,1.1,1.21,47.3,52.7
2025-09-13,Darmstadt,Braunschweig,2,1,4,5,6,8,2,5,2,2,0,1,1.62,4.0,5.0,1.47,2.54,-1.0,1.9,1.83,1.61,4.27,5.62,,2. Bundesliga,,20250913_Darmstadt_Braunschweig,54.23821837587229,0.83,1.11,50.5,49.5
2025-09-13,Hannover,Hertha,0,3,3,3,18,6,15,0,2,5,0,0,1.8,3.8,4.0,1.56,2.3,-0.75,1.81,1.91,1.81,4.09,4.21,,2. Bundesliga,,20250913_Hannover_Hertha,105.64639541832958,1.29,1.04,52.2,47.8
2025-09-13,Karlsruhe,Nurnberg,2,1,7,10,3,14,6,10,2,1,0,0,1.91,3.7,3.75,1.58,2.26,-0.5,1.97,1.77,1.99,3.79,3.74,,2. Bundesliga,,20250913_Karlsruhe_Nurnberg,105.77084315410843,1.29,1.15,58.4,41.6
2025-09-13,Schalke 04,Holstein Kiel,0,1,4,5,8,5,8,3,0,3,0,0,2.2,3.5,3.1,1.65,2.13,-0.25,1.87,1.86,2.27,3.53,3.23,,2. Bundesliga,,20250913_Schalke-04_Holstein-Kiel,-85.1403979887175,0.64,0.05,46.5,53.5
2025-09-14,Elversberg,Dresden,2,2,7,4,16,7,7,5,0,4,0,0,2.0,3.7,3.4,1.65,2.13,-0.5,1.91,1.82,1.99,3.75,3.79,,2. Bundesliga,,20250914_Elversberg_Dresden,195.4314596207987,1.3,1.37,65.2,34.8
2025-09-14,Greuther Furth,Kaiserslautern,0,3,3,6,5,8,4,5,1,6,1,0,2.35,3.4,2.88,1.58,2.26,0.0,1.72,2.03,2.48,3.53,2.88,,2. Bundesliga,,20250914_Greuther-Furth_Kaiserslautern,-44.31632372118497,0.52,1.32,50.1,49.9
2025-09-14,PreuÃen MÃ¼nster,Fortuna Dusseldorf,1,2,6,2,15,8,8,2,3,2,0,0,2.6,3.25,2.7,1.89,1.85,0.0,1.73,2.03,2.49,3.33,3.02,,2. Bundesliga,,20250914_PreuÃen-MÃ¼nster_Fortuna-Dusseldorf,-60.30742073046963,0.72,1.48,49.2,50.8
2025-09-19,Bielefeld,Greuther Furth,1,3,5,7,10,4,6,3,2,1,0,0,1.75,3.6,4.5,1.43,2.66,-0.75,1.85,1.86,1.76,3.92,4.73,,2. Bundesliga,,20250919_Bielefeld_Greuther-Furth,45.712632762221574,0.79,1.48,54.9,45.1
2025-09-19,Kaiserslautern,PreuÃen MÃ¼nster,4,1,6,6,9,8,4,0,3,4,0,0,2.3,3.3,3.1,1.76,1.96,-0.5,1.96,1.77,2.13,3.52,3.57,,2. Bundesliga,,20250919_Kaiserslautern_PreuÃen-MÃ¼nster,43.41195103790233,2.02,1.55,50.5,49.5
2025-09-20,Braunschweig,Elversberg,1,4,2,8,8,14,4,9,4,6,1,0,3.0,3.5,2.2,1.67,2.1,0.5,1.76,1.97,3.47,3.68,2.11,,2. Bundesliga,,20250920_Braunschweig_Elversberg,-119.43618647880453,0.82,1.29,46.7,53.3
2025-09-20,Hertha,Paderborn,0,2,3,6,6,11,7,4,4,1,0,0,2.55,3.6,2.45,1.63,2.15,0.0,1.83,1.9,2.6,3.6,2.69,,2. Bundesliga,,20250920_Hertha_Paderborn,-65.57947376807988,0.67,1.44,48.6,51.4
2025-09-20,Magdeburg,Schalke 04,0,2,2,2,6,8,3,2,2,1,0,0,2.3,3.3,3.1,1.58,2.24,0.0,1.7,2.03,2.47,3.6,2.86,,2. Bundesliga,,20250920_Magdeburg_Schalke-04,-4.3120115802805685,1.16,0.5,51.4,48.6
2025-09-20,Nurnberg,Bochum,2,1,8,1,12,12,8,5,1,5,0,0,2.3,3.8,2.63,1.62,2.17,-0.25,1.84,1.88,2.2,3.77,3.18,,2. Bundesliga,,20250920_Nurnberg_Bochum,-93.41426037252995,1.03,1.52,43.3,56.7
2025-09-21,Dresden,Hannover,2,2,4,6,4,11,5,8,3,1,1,0,3.0,3.6,2.2,1.55,2.31,0.0,1.98,1.75,2.99,3.56,2.39,,2. Bundesliga,,20250921_Dresden_Hannover,-175.55730270539857,0.66,1.53,49.6,50.4
2025-09-21,Fortuna Dusseldorf,Darmstadt,0,3,1,10,10,8,6,6,0,0,0,0,2.5,3.5,2.7,1.55,2.34,0.0,1.86,1.85,2.81,3.59,2.51,,2. Bundesliga,,20250921_Fortuna-Dusseldorf_Darmstadt,32.42465045446397,1.25,0.77,46.5,53.5
2025-09-21,Holstein Kiel,Karlsruhe,3,0,4,4,7,9,4,5,5,3,0,0,1.95,3.6,3.6,1.7,2.05,-0.5,1.93,1.79,2.01,3.76,3.69,,2. Bundesliga,,20250921_Holstein-Kiel_Karlsruhe,8.201508489928074,1.4,1.4,45.6,54.4
2025-09-26,Darmstadt,Dresden,2,0,4,0,7,12,6,4,2,1,0,0,1.62,4.1,4.0,1.49,2.48,-0.75,1.8,1.91,1.71,4.47,4.4,,2. Bundesliga,,20250926_Darmstadt_Dresden,145.80254243679087,2.04,0.08,55.2,44.8
2025-09-26,Schalke 04,Greuther Furth,1,0,7,2,17,5,10,6,2,2,0,0,1.85,3.9,3.6,1.65,2.13,-0.75,1.93,1.78,1.87,3.91,4.11,,2. Bundesliga,,20250926_Schalke-04_Greuther-Furth,15.072997421542368,1.32,0.89,51.9,48.1
2025-09-27,Bochum,Fortuna Dusseldorf,0,1,4,3,19,4,4,3,5,3,0,0,2.15,3.5,3.1,1.63,2.16,-0.25,1.85,1.86,2.29,3.76,3.02,,2. Bundesliga,,20250927_Bochum_Fortuna-Dusseldorf,-21.38020863365955,0.7,0.05,50.2,49.8
2025-09-27,Elversberg,Holstein Kiel,1,0,4,3,15,9,9,4,4,2,0,0,2.1,3.8,3.0,1.67,2.09,-0.25,1.8,1.92,1.94,3.9,3.8,,2. Bundesliga,,20250927_Elversberg_Holstein-Kiel,-9.320305683547076,0.94,0.75,46.8,53.2
2025-09-27,Karlsruhe,Magdeburg,1,0,6,6,10,15,8,5,1,6,0,0,2.15,3.6,3.1,1.49,2.48,0.0,1.75,2.0,2.27,3.8,3.03,,2. Bundesliga,,20250927_Karlsruhe_Magdeburg,99.61886996697672,0.96,0.46,58.9,41.1
2025-09-27,Paderborn,Kaiserslautern,2,0,11,3,14,6,8,2,2,0,0,1,1.9,3.9,3.6,1.67,2.1,-0.5,1.99,1.75,2.03,3.83,3.58,,2. Bundesliga,,20250927_Paderborn_Kaiserslautern,31.889546265607123,1.15,0.69,55.8,44.2
2025-09-28,Hannover,Bielefeld,3,1,4,1,9,10,4,2,2,1,0,0,1.83,3.75,3.9,1.59,2.24,-0.5,1.81,1.91,1.88,3.91,4.06,,2. Bundesliga,,20250928_Hannover_Bielefeld,69.15593169710337,1.53,0.85,53.9,46.1
2025-09-28,Nurnberg,Hertha,0,3,4,4,8,10,6,1,2,3,0,0,2.25,3.5,3.0,1.59,2.23,-0.25,1.94,1.77,2.28,3.73,3.07,,2. Bundesliga,,20250928_Nurnberg_Hertha,-18.13396823775588,0.05,2.23,43.6,56.4
2025-09-28,PreuÃen MÃ¼nster,Braunschweig,3,1,4,5,7,7,3,9,3,4,0,0,1.95,3.6,3.6,1.81,1.9,-0.25,1.77,1.94,2.19,3.42,3.52,,2. Bundesliga,,20250928_PreuÃen-MÃ¼nster_Braunschweig,24.28512255716055,1.58,0.78,53.7,46.3
2025-10-03,Braunschweig,Paderborn,1,2,2,3,5,13,4,4,3,2,0,0,4.0,3.7,1.85,1.6,2.22,0.5,1.85,1.87,4.13,3.85,1.88,,2. Bundesliga,,20251003_Braunschweig_Paderborn,-142.6675794569378,1.1,0.81,43.5,56.5
2025-10-03,Fortuna Dusseldorf,Nurnberg,2,3,7,7,5,10,1,2,3,2,0,0,2.38,3.7,2.7,1.66,2.11,0.0,1.76,1.98,2.45,3.72,2.81,,2. Bundesliga,,20251003_Fortuna-Dusseldorf_Nurnberg,107.12949114050639,0.4,1.98,47.0,53.0
2025-10-04,Dresden,Karlsruhe,3,3,4,6,9,16,3,7,1,1,0,0,2.15,3.75,3.0,1.63,2.17,-0.25,1.87,1.84,2.25,3.6,3.21,,2. Bundesliga,,20251004_Dresden_Karlsruhe,-179.20647615467215,2.18,1.21,38.6,61.4
2025-10-04,Hertha,PreuÃen MÃ¼nster,2,1,7,6,10,11,5,4,4,3,0,0,2.0,3.75,3.4,1.7,2.06,-0.5,1.88,1.83,1.96,3.77,3.86,,2. Bundesliga,,20251004_Hertha_PreuÃen-MÃ¼nster,11.427426340637112,1.69,1.04,54.5,45.5
2025-10-04,Holstein Kiel,Darmstadt,1,1,7,1,15,7,5,0,1,1,0,0,2.4,3.5,2.75,1.61,2.19,-0.25,2.03,1.7,2.34,3.63,3.02,,2. Bundesliga,,20251004_Holstein-Kiel_Darmstadt,29.585920657458928,0.73,0.05,52.6,47.4
2025-10-04,Kaiserslautern,Bochum,3,2,10,2,12,8,11,2,2,5,0,0,2.05,3.7,3.2,1.59,2.23,-0.5,1.94,1.79,2.03,3.86,3.53,,2. Bundesliga,,20251004_Kaiserslautern_Bochum,8.59514173522416,1.97,1.63,51.9,48.1
2025-10-05,Bielefeld,Schalke 04,1,2,4,4,7,7,6,2,3,2,0,0,2.3,3.8,2.75,1.83,1.89,0.0,1.91,1.81,2.66,3.6,2.64,,2. Bundesliga,,20251005_Bielefeld_Schalke-04,-17.622200428580527,0.75,0.76,53.1,46.9
2025-10-05,Greuther Furth,Hannover,2,2,5,6,7,4,3,6,2,1,0,0,3.5,3.8,1.95,1.53,2.36,0.75,1.76,1.96,3.7,4.01,1.94,,2. Bundesliga,,20251005_Greuther-Furth_Hannover,-108.85115833780901,1.65,1.44,50.1,49.9
2025-10-05,Magdeburg,Elversberg,0,4,5,8,10,12,7,13,1,2,0,0,2.6,3.6,2.5,1.45,2.57,0.0,1.85,1.87,2.61,3.73,2.62,,2. Bundesliga,,20251005_Magdeburg_Elversberg,-142.90604709893887,1.65,1.58,43.4,56.6
2025-10-17,Fortuna Dusseldorf,Braunschweig,1,2,5,5,9,9,9,2,1,2,0,0,1.85,3.6,4.0,1.68,2.08,-0.5,1.81,1.9,1.93,3.71,4.04,,2. Bundesliga,,20251017_Fortuna-Dusseldorf_Braunschweig,116.02951080701109,1.2,1.0,58.7,41.3
2025-10-17,Hannover,Schalke 04,0,3,3,5,10,11,9,7,0,2,0,0,1.95,3.5,3.8,1.74,1.99,-0.5,1.88,1.83,2.05,3.49,3.84,,2. Bundesliga,,20251017_Hannover_Schalke-04,55.785619709167804,0.75,0.3,55.9,44.1
2025-10-18,Bochum,Hertha,3,2,3,6,7,7,1,6,3,3,0,0,2.35,3.4,2.9,1.55,2.32,0.0,1.88,1.84,2.61,3.62,2.67,,2. Bundesliga,,20251018_Bochum_Hertha,-0.9667885729020327,1.2,0.28,44.9,55.1
2025-10-18,Karlsruhe,Kaiserslautern,2,3,10,4,8,8,7,1,6,4,0,0,2.5,3.5,2.63,1.56,2.3,0.0,1.82,1.9,2.49,3.69,2.77,,2. Bundesliga,,20251018_Karlsruhe_Kaiserslautern,26.62323452694045,1.65,0.94,45.1,54.9
2025-10-18,Paderborn,Bielefeld,4,3,9,4,11,12,8,5,5,3,0,0,1.75,3.6,4.5,1.59,2.24,-0.75,1.82,1.89,1.71,3.81,5.3,,2. Bundesliga,,20251018_Paderborn_Bielefeld,114.79456549679776,2.2,1.73,67.1,32.9
2025-10-18,PreuÃen MÃ¼nster,Dresden,2,2,3,6,9,8,4,3,2,3,0,1,2.3,3.7,2.8,1.63,2.16,-0.25,1.95,1.75,2.39,3.78,2.86,,2. Bundesliga,,20251018_PreuÃen-MÃ¼nster_Dresden,75.52336263144957,0.66,0.23,57.1,42.9
2025-10-19,Darmstadt,Magdeburg,0,0,6,2,5,11,1,5,2,1,1,0,1.8,3.6,4.5,1.5,2.45,-0.5,1.74,1.98,1.81,3.95,4.41,,2. Bundesliga,,20251019_Darmstadt_Magdeburg,106.34108037185842,0.72,1.25,57.9,42.1
2025-10-19,Elversberg,Greuther Furth,6,0,8,5,10,5,6,3,1,3,0,0,1.57,4.33,5.0,1.44,2.6,-1.25,1.98,1.74,1.56,4.65,5.56,,2. Bundesliga,,20251019_Elversberg_Greuther-Furth,136.4777268490268,2.16,0.69,60.3,39.7
2025-10-19,Nurnberg,Holstein Kiel,1,1,6,4,10,8,3,7,3,1,0,0,2.6,3.25,2.7,1.68,2.07,0.0,1.8,1.93,2.56,3.51,2.79,,2. Bundesliga,,20251019_Nurnberg_Holstein-Kiel,-109.89540028732313,0.73,0.75,42.9,57.1
2025-10-24,Greuther Furth,Karlsruhe,1,4,5,8,11,5,9,5,0,3,0,0,2.8,3.6,2.3,1.49,2.45,0.5,1.75,1.98,2.78,3.74,2.37,,2. Bundesliga,,20251024_Greuther-Furth_Karlsruhe,-92.07023102569997,1.2,1.51,52.0,48.0
2025-10-24,Schalke 04,Darmstadt,1,0,2,1,8,6,6,4,5,1,0,0,2.1,3.6,3.2,1.73,2.01,-0.5,1.87,1.84,2.25,3.63,3.04,,2. Bundesliga,,20251024_Schalke-04_Darmstadt,-22.00711152518238,1.51,0.52,49.4,50.6
2025-10-25,Bielefeld,Elversberg,2,0,2,2,8,14,3,6,2,2,0,0,2.9,3.7,2.25,1.53,2.36,0.25,1.84,1.87,2.98,3.72,2.25,,2. Bundesliga,,20251025_Bielefeld_Elversberg,-146.78854973902685,1.46,0.51,46.1,53.9
2025-10-25,Dresden,Paderborn,1,2,3,4,5,8,10,4,2,2,0,0,3.2,3.9,2.05,1.57,2.28,0.5,1.79,1.92,3.19,3.71,2.14,,2. Bundesliga,,20251025_Dresden_Paderborn,-196.12322898569732,1.34,1.51,43.8,56.2
2025-10-25,Hertha,Fortuna Dusseldorf,1,0,4,4,7,14,6,7,2,2,0,0,1.85,3.8,3.75,1.54,2.33,-0.75,1.95,1.76,1.94,3.87,3.61,,2. Bundesliga,,20251025_Hertha_Fortuna-Dusseldorf,-35.22293172416266,0.91,1.22,44.4,55.6
2025-10-25,Holstein Kiel,Bochum,1,1,8,2,11,10,9,7,1,5,0,0,1.91,4.1,3.4,1.59,2.24,-0.5,1.82,1.89,1.88,4.16,3.61,,2. Bundesliga,,20251025_Holstein-Kiel_Bochum,58.25410376167224,0.6,0.78,52.6,47.4
2025-10-26,Braunschweig,Hannover,0,3,3,12,5,12,2,5,2,5,1,0,3.8,3.6,1.9,1.8,1.92,0.5,1.8,1.91,3.79,3.75,1.93,,2. Bundesliga,,20251026_Braunschweig_Hannover,-108.95312292004974,0.73,1.43,44.0,56.0
2025-10-26,Kaiserslautern,Nurnberg,1,1,7,4,7,7,4,8,3,3,0,0,2.0,3.75,3.4,1.56,2.3,-0.25,1.93,1.78,2.08,3.7,3.34,,2. Bundesliga,,20251026_Kaiserslautern_Nurnberg,77.17929835123937,1.55,0.32,50.2,49.8
2025-10-26,Magdeburg,PreuÃen MÃ¼nster,2,0,5,4,7,6,2,5,1,4,0,0,1.91,3.9,3.6,1.53,2.36,-0.5,1.84,1.87,2.02,3.7,3.51,,2. Bundesliga,,20251026_Magdeburg_PreuÃen-MÃ¼nster,-20.124726999894847,0.51,1.39,56.1,43.9
2025-10-31,Elversberg,Hannover,2,2,7,2,6,8,5,4,3,2,0,0,2.25,3.75,2.88,1.53,2.36,-0.25,1.97,1.75,,,,,2. Bundesliga,,20251031_Elversberg_Hannover,31.190075089206857,0.97,0.23,56.5,43.5
2025-10-31,PreuÃen MÃ¼nster,Holstein Kiel,2,1,5,4,7,13,4,7,5,4,0,0,3.25,3.5,2.15,1.75,1.99,0.25,1.91,1.81,,,,,2. Bundesliga,,20251031_PreuÃen-MÃ¼nster_Holstein-Kiel,-117.22812730733062,0.25,1.7,45.4,54.6
2025-11-01,Darmstadt,Bielefeld,2,2,8,3,11,7,9,9,4,1,0,0,1.85,4.1,3.5,1.61,2.19,-0.5,1.95,1.77,,,,,2. Bundesliga,,20251101_Darmstadt_Bielefeld,54.94940476532997,0.58,1.33,53.1,46.9
2025-11-01,Hertha,Dresden,2,0,6,4,5,9,3,5,0,0,0,0,1.95,3.4,3.9,1.49,2.45,-0.75,1.82,1.89,,,,,2. Bundesliga,,20251101_Hertha_Dresden,114.63695047263013,0.23,0.72,55.4,44.6
2025-11-01,Karlsruhe,Schalke 04,2,1,3,4,5,7,2,7,4,5,0,0,2.8,3.1,2.6,1.71,2.04,0.25,1.77,1.94,,,,,2. Bundesliga,,20251101_Karlsruhe_Schalke-04,20.9954945947718,0.44,0.54,51.8,48.2
2025-11-01,Nurnberg,Braunschweig,2,1,2,4,3,8,1,9,2,3,0,1,1.73,3.8,4.5,1.63,2.15,-0.75,1.82,1.88,,,,,2. Bundesliga,,20251101_Nurnberg_Braunschweig,38.86163092384231,0.86,0.76,51.4,48.6
2025-11-02,Bochum,Magdeburg,2,0,9,6,15,9,8,7,2,4,0,0,2.3,3.6,2.88,1.53,2.36,-0.25,1.92,1.79,,,,,2. Bundesliga,,20251102_Bochum_Magdeburg,57.69689736540613,0.05,1.45,51.9,48.1
2025-11-02,Fortuna Dusseldorf,Kaiserslautern,1,1,2,8,9,8,2,4,4,2,0,0,2.45,3.5,2.7,1.56,2.3,0.0,1.85,1.87,,,,,2. Bundesliga,,20251102_Fortuna-Dusseldorf_Kaiserslautern,-31.352667242377493,0.5,0.49,52.1,47.9
2025-11-02,Paderborn,Greuther Furth,2,1,6,7,8,12,5,5,1,3,0,0,1.4,4.75,7.0,1.4,2.76,-1.5,1.85,1.86,,,,,2. Bundesliga,,20251102_Paderborn_Greuther-Furth,150.61650230483906,1.25,2.01,56.1,43.9
2025-11-07,Dresden,Nurnberg,1,2,1,4,8,5,5,5,3,3,0,0,2.5,3.6,2.6,1.65,2.12,0.0,1.83,1.89,,,,,2. Bundesliga,,20251107_Dresden_Nurnberg,-101.69540729793312,0.68,0.6,49.1,50.9
2025-11-07,Greuther Furth,PreuÃen MÃ¼nster,1,0,2,3,5,9,4,7,1,4,0,0,2.55,3.3,2.7,1.67,2.09,0.0,1.88,1.84,,,,,2. Bundesliga,,20251107_Greuther-Furth_PreuÃen-MÃ¼nster,-29.324560207124705,1.05,0.89,47.4,52.6
2025-11-08,Bielefeld,Karlsruhe,4,0,6,2,13,6,3,5,0,2,0,0,2.2,3.6,3.0,1.53,2.36,-0.5,1.97,1.75,,,,,2. Bundesliga,,20251108_Bielefeld_Karlsruhe,-88.84946054613056,2.05,1.31,40.2,59.8
2025-11-08,Hannover,Darmstadt,2,3,10,8,10,8,5,5,2,1,0,0,2.0,3.5,3.5,1.64,2.14,-0.25,1.78,1.93,,,,,2. Bundesliga,,20251108_Hannover_Darmstadt,30.029016329037177,0.96,1.76,49.6,50.4
2025-11-08,Kaiserslautern,Hertha,0,1,9,3,7,6,7,4,2,3,0,0,2.25,3.6,2.88,1.62,2.18,-0.25,1.94,1.77,,,,,2. Bundesliga,,20251108_Kaiserslautern_Hertha,30.892561907126492,0.58,0.68,51.6,48.4
2025-11-08,Schalke 04,Elversberg,1,0,2,0,5,6,1,5,4,2,0,0,2.25,3.3,3.2,1.9,1.82,0.0,1.83,1.89,,,,,2. Bundesliga,,20251108_Schalke-04_Elversberg,-64.95277568193455,0.81,0.93,43.5,56.5
2025-11-09,Braunschweig,Bochum,0,2,6,4,17,9,10,9,3,3,0,0,2.9,3.6,2.25,1.65,2.12,0.25,1.82,1.89,,,,,2. Bundesliga,,20251109_Braunschweig_Bochum,-103.21442661492256,1.22,1.4,46.1,53.9
2025-11-09,Holstein Kiel,Fortuna Dusseldorf,1,0,4,6,9,11,3,5,1,3,0,0,1.9,3.7,3.7,1.59,2.24,-0.75,1.92,1.8,,,,,2. Bundesliga,,20251109_Holstein-Kiel_Fortuna-Dusseldorf,40.36828461924188,1.37,1.29,53.3,46.7
2025-11-09,Magdeburg,Paderborn,0,1,3,6,14,6,3,5,4,4,0,0,3.4,3.7,2.0,1.52,2.38,0.5,1.87,1.84,,,,,2. Bundesliga,,20251109_Magdeburg_Paderborn,-156.15735374279961,1.11,1.16,44.0,56.0
2025-11-21,Bochum,Dresden,1,2,4,4,19,6,13,8,0,3,0,0,1.95,3.75,3.6,1.62,2.17,-0.5,1.84,1.85,,,,,2. Bundesliga,,20251121_Bochum_Dresden,161.84247915367905,0.96,1.11,57.2,42.8
2025-11-21,Hertha,Braunschweig,1,0,5,3,10,12,6,5,1,3,0,0,1.62,4.0,5.0,1.77,1.95,-1.0,1.94,1.77,,,,,2. Bundesliga,,20251121_Hertha_Braunschweig,111.08697635086378,0.84,0.61,57.4,42.6
2025-11-22,Darmstadt,Greuther Furth,4,2,9,8,9,6,5,2,2,3,0,0,1.55,4.2,5.5,1.5,2.45,-1.0,1.8,1.91,,,,,2. Bundesliga,,20251122_Darmstadt_Greuther-Furth,90.59144336693316,1.79,1.58,57.6,42.4
2025-11-22,Fortuna Dusseldorf,Magdeburg,2,1,5,9,6,16,3,11,4,1,0,0,2.25,3.8,2.88,1.48,2.48,-0.25,1.83,1.85,,,,,2. Bundesliga,,20251122_Fortuna-Dusseldorf_Magdeburg,62.049939305993576,0.59,0.98,54.7,45.3
2025-11-22,Paderborn,Hannover,0,2,4,9,12,6,11,4,0,1,0,0,2.15,3.6,3.1,1.59,2.21,-0.25,1.83,1.86,,,,,2. Bundesliga,,20251122_Paderborn_Hannover,64.19936240488687,0.13,1.28,49.4,50.6
2025-11-22,PreuÃen MÃ¼nster,Schalke 04,0,0,2,6,3,8,4,6,1,5,1,0,3.4,3.3,2.15,2.0,1.73,0.25,1.86,1.83,,,,,2. Bundesliga,,20251122_PreuÃen-MÃ¼nster_Schalke-04,-82.58833007040971,1.11,0.05,55.2,44.8
2025-11-23,Kaiserslautern,Holstein Kiel,4,1,9,2,19,6,10,3,2,5,0,1,2.25,3.5,3.0,1.67,2.08,-0.25,1.96,1.74,,,,,2. Bundesliga,,20251123_Kaiserslautern_Holstein-Kiel,-34.85168076489731,2.29,0.59,43.2,56.8
2025-11-23,Karlsruhe,Elversberg,2,3,4,8,7,18,4,9,3,1,0,0,3.1,3.6,2.15,1.69,2.05,0.25,1.86,1.82,,,,,2. Bundesliga,,20251123_Karlsruhe_Elversberg,-22.191781689026584,1.17,1.7,48.2,51.8
2025-11-23,Nurnberg,Bielefeld,2,0,6,1,5,15,6,13,3,3,0,0,2.3,3.6,2.88,1.6,2.2,-0.25,1.93,1.77,,,,,2. Bundesliga,,20251123_Nurnberg_Bielefeld,-2.418721713891955,0.4,1.3,45.8,54.2
2025-11-28,Hannover,Karlsruhe,3,0,7,2,11,7,4,1,2,1,0,0,1.45,4.75,5.75,1.4,2.75,-1.25,1.85,1.84,,,,,2. Bundesliga,,20251128_Hannover_Karlsruhe,19.760529622566764,1.5,0.94,54.0,46.0
2025-11-28,Schalke 04,Paderborn,2,1,5,1,9,7,3,3,2,4,0,0,2.6,2.9,3.0,1.99,1.74,0.0,1.74,1.99,,,,,2. Bundesliga,,20251128_Schalke-04_Paderborn,-61.46611215596204,1.37,1.53,45.8,54.2
2025-11-29,Braunschweig,Kaiserslautern,2,0,6,5,10,5,5,6,2,5,0,0,3.0,3.5,2.25,1.68,2.07,0.25,1.83,1.85,,,,,2. Bundesliga,,20251129_Braunschweig_Kaiserslautern,-137.3396780670987,1.19,0.26,44.1,55.9
2025-11-29,Greuther Furth,Bochum,0,3,1,6,9,8,6,9,2,0,0,0,3.0,3.6,2.2,1.57,2.26,0.25,1.86,1.83,,,,,2. Bundesliga,,20251129_Greuther-Furth_Bochum,-73.65701368719442,0.83,0.48,47.2,52.8
2025-11-29,Holstein Kiel,Hertha,0,1,0,2,9,8,8,3,2,6,0,0,2.5,3.5,2.63,1.66,2.1,-0.25,1.96,1.74,,,,,2. Bundesliga,,20251129_Holstein-Kiel_Hertha,18.12734982908796,0.12,0.51,52.4,47.6
2025-11-29,Magdeburg,Nurnberg,3,0,8,1,11,6,6,5,3,3,0,1,2.3,3.5,2.88,1.53,2.35,-0.25,1.84,1.85,,,,,2. Bundesliga,,20251129_Magdeburg_Nurnberg,-72.21148129119638,1.21,0.41,42.7,57.3
2025-11-30,Bielefeld,PreuÃen MÃ¼nster,1,2,2,6,15,6,13,2,3,6,0,0,1.8,3.8,4.0,1.67,2.08,-0.75,1.85,1.83,,,,,2. Bundesliga,,20251130_Bielefeld_PreuÃen-MÃ¼nster,23.188257289756848,1.23,1.28,54.4,45.6
2025-11-30,Dresden,Fortuna Dusseldorf,2,1,4,2,12,11,4,0,1,2,0,0,2.35,3.6,2.8,1.7,2.04,-0.25,1.93,1.77,,,,,2. Bundesliga,,20251130_Dresden_Fortuna-Dusseldorf,-123.32745660994874,0.84,0.23,49.0,51.0
2025-11-30,Elversberg,Darmstadt,0,0,3,2,11,9,6,5,0,1,0,0,2.15,3.5,3.2,1.6,2.2,-0.5,1.82,1.88,,,,,2. Bundesliga,,20251130_Elversberg_Darmstadt,34.112571257048785,0.4,1.02,46.3,53.7
2025-12-05,Fortuna Dusseldorf,Schalke 04,0,2,1,7,13,7,1,4,7,1,1,0,3.25,3.4,2.15,1.84,1.86,0.25,1.85,1.84,,,,,2. Bundesliga,,20251205_Fortuna-Dusseldorf_Schalke-04,-52.64494625518182,0.83,0.94,47.7,52.3
2025-12-05,PreuÃen MÃ¼nster,Hannover,2,2,4,2,15,3,5,2,4,3,0,0,4.2,4.0,1.75,1.63,2.14,0.5,2.0,1.72,,,,,2. Bundesliga,,20251205_PreuÃen-MÃ¼nster_Hannover,-101.15862509046588,1.47,1.31,52.9,47.1
2025-12-06,Bochum,Bielefeld,1,0,6,6,7,9,4,5,5,2,0,0,2.25,3.5,3.0,1.65,2.11,0.0,1.82,1.9,,,,,2. Bundesliga,,20251206_Bochum_Bielefeld,57.71811874426362,0.75,0.05,49.1,50.9
2025-12-06,Darmstadt,Karlsruhe,3,2,10,3,15,7,8,9,1,2,0,0,1.73,4.1,4.33,1.55,2.3,-0.75,1.84,1.85,,,,,2. Bundesliga,,20251206_Darmstadt_Karlsruhe,23.041003237684436,2.09,1.38,46.4,53.6
2025-12-06,Kaiserslautern,Dresden,3,1,3,2,9,7,7,3,3,4,0,0,1.9,3.9,3.5,1.6,2.2,-0.5,1.96,1.75,,,,,2. Bundesliga,,20251206_Kaiserslautern_Dresden,120.78809067319162,1.66,1.35,55.1,44.9
2025-12-06,Paderborn,Elversberg,1,2,3,5,6,11,3,10,4,1,1,0,2.3,3.6,2.88,1.69,2.06,0.0,1.84,1.88,,,,,2. Bundesliga,,20251206_Paderborn_Elversberg,-2.0126133726669195,1.37,1.78,49.3,50.7
2025-12-07,Braunschweig,Holstein Kiel,1,1,3,2,17,9,2,4,1,5,1,1,2.7,3.8,2.3,1.87,1.84,0.0,1.85,1.87,,,,,2. Bundesliga,,20251207_Braunschweig_Holstein-Kiel,-116.65540775710201,0.76,0.05,42.9,57.1
2025-12-07,Hertha,Magdeburg,0,2,5,5,14,13,7,5,0,3,0,0,1.83,3.7,4.0,1.48,2.48,-0.75,1.86,1.82,,,,,2. Bundesliga,,20251207_Hertha_Magdeburg,100.36120553352453,0.31,1.12,53.5,46.5
2025-12-07,Nurnberg,Greuther Furth,2,2,3,5,10,4,5,3,2,3,0,0,1.75,4.0,4.1,1.61,2.18,-0.75,1.88,1.81,,,,,2. Bundesliga,,20251207_Nurnberg_Greuther-Furth,55.01499907176799,1.08,1.09,48.6,51.4
2025-12-12,Dresden,Braunschweig,2,3,8,5,2,12,7,8,3,4,0,0,2.25,3.1,3.4,1.94,1.78,-0.25,1.83,1.86,,,,,2. Bundesliga,,20251212_Dresden_Braunschweig,-28.34311773287118,1.55,0.84,42.5,57.5
2025-12-12,Greuther Furth,Hertha,3,3,6,7,8,10,2,4,2,3,0,0,3.75,3.7,1.9,1.65,2.1,0.5,1.91,1.8,,,,,2. Bundesliga,,20251212_Greuther-Furth_Hertha,-94.82482823619966,0.37,1.52,42.6,57.4
2025-12-13,Bielefeld,Kaiserslautern,0,0,3,1,13,3,10,4,1,1,0,0,2.2,3.4,3.25,1.62,2.15,-0.5,1.99,1.73,,,,,2. Bundesliga,,20251213_Bielefeld_Kaiserslautern,-75.7082326764521,0.09,0.44,51.2,48.8
2025-12-13,Hannover,Bochum,0,0,7,3,13,5,7,0,0,4,0,0,1.73,3.6,5.0,1.67,2.08,-0.5,1.76,1.95,,,,,2. Bundesliga,,20251213_Hannover_Bochum,32.42863487200884,0.81,0.81,57.3,42.7
2025-12-13,Karlsruhe,Paderborn,0,4,1,11,5,16,1,6,5,2,2,0,3.5,3.6,2.05,1.63,2.14,0.5,1.76,1.96,,,,,2. Bundesliga,,20251213_Karlsruhe_Paderborn,-52.066960063417355,0.05,1.63,42.6,57.4
2025-12-13,Magdeburg,Holstein Kiel,3,3,8,6,10,8,6,4,2,3,0,0,2.25,3.4,3.0,1.56,2.26,-0.5,2.0,1.72,,,,,2. Bundesliga,,20251213_Magdeburg_Holstein-Kiel,-73.98018839163342,2.12,1.53,50.7,49.3
2025-12-14,Darmstadt,PreuÃen MÃ¼nster,1,0,4,1,11,14,7,4,2,2,0,0,1.67,3.6,5.25,1.67,2.08,-0.5,1.78,1.92,,,,,2. Bundesliga,,20251214_Darmstadt_PreuÃen-MÃ¼nster,89.60959168372347,1.07,0.51,59.8,40.2
2025-12-14,Elversberg,Fortuna Dusseldorf,1,0,3,5,12,12,8,6,1,3,0,0,1.53,4.33,5.5,1.5,2.4,-1.0,1.84,1.86,,,,,2. Bundesliga,,20251214_Elversberg_Fortuna-Dusseldorf,110.04747723493824,1.17,1.47,51.6,48.4
2025-12-14,Schalke 04,Nurnberg,1,0,3,3,4,2,0,7,3,3,0,0,1.75,3.8,4.33,1.8,1.9,-0.5,1.8,1.9,,,,,2. Bundesliga,,20251214_Schalke-04_Nurnberg,72.69160466110566,2.03,0.95,52.9,47.1
2025-12-19,Hertha,Bielefeld,1,1,2,6,8,5,3,4,3,2,1,0,1.95,3.5,3.9,1.82,1.87,-0.5,1.92,1.78,,,,,2. Bundesliga,,20251219_Hertha_Bielefeld,66.03773292131723,1.01,1.31,54.5,45.5
2025-12-19,Paderborn,Darmstadt,2,2,7,2,11,7,7,3,2,1,0,0,2.1,3.5,3.25,1.63,2.14,-0.5,1.98,1.74,,,,,2. Bundesliga,,20251219_Paderborn_Darmstadt,7.8584132140463225,1.32,1.23,54.8,45.2
2025-12-20,Bochum,Karlsruhe,2,2,4,6,7,5,3,3,2,0,0,0,1.73,4.0,4.33,1.55,2.3,-0.75,1.76,1.93,,,,,2. Bundesliga,,20251220_Bochum_Karlsruhe,29.10712718380023,0.68,0.44,49.9,50.1
2025-12-20,Fortuna Dusseldorf,Greuther Furth,2,1,7,3,8,7,6,4,4,2,0,0,1.91,3.6,3.9,1.53,2.33,-0.5,1.73,1.98,,,,,2. Bundesliga,,20251220_Fortuna-Dusseldorf_Greuther-Furth,39.384341806295424,0.84,0.17,53.1,46.9
2025-12-20,Holstein Kiel,Dresden,2,1,4,8,8,11,7,9,0,1,0,0,1.91,3.75,3.75,1.74,1.97,-0.5,1.92,1.79,,,,,2. Bundesliga,,20251220_Holstein-Kiel_Dresden,145.7359876929038,0.89,1.35,57.6,42.4
2025-12-20,Kaiserslautern,Magdeburg,2,3,4,10,11,10,4,4,6,5,0,0,2.15,3.75,3.0,1.52,2.36,-0.25,1.94,1.76,,,,,2. Bundesliga,,20251220_Kaiserslautern_Magdeburg,68.42367128079263,1.51,0.59,54.6,45.4
2025-12-21,Braunschweig,Schalke 04,2,1,5,3,8,7,3,4,0,1,0,0,3.3,3.3,2.2,1.91,1.8,0.25,1.77,1.92,,,,,2. Bundesliga,,20251221_Braunschweig_Schalke-04,-132.1368235711725,1.07,0.34,45.1,54.9
2025-12-21,Nurnberg,Hannover,2,1,5,8,5,7,3,6,4,2,0,0,3.25,3.6,2.05,1.7,2.04,0.5,1.76,1.96,,,,,2. Bundesliga,,20251221_Nurnberg_Hannover,-90.37505823276524,1.07,0.88,52.3,47.7
2025-12-21,PreuÃen MÃ¼nster,Elversberg,1,1,7,5,12,5,5,6,2,2,0,0,3.3,3.5,2.05,1.79,1.92,0.25,1.84,1.85,,,,,2. Bundesliga,,20251221_PreuÃen-MÃ¼nster_Elversberg,-139.39157019001618,1.36,0.89,47.0,53.0
2026-01-16,Braunschweig,Magdeburg,0,3,2,8,4,13,1,9,3,3,0,0,2.63,3.6,2.4,1.58,2.24,0.25,1.8,1.91,,,,,2. Bundesliga,,20260116_Braunschweig_Magdeburg,-24.378089802626846,0.81,1.05,52.4,47.6
2026-01-16,Fortuna Dusseldorf,Bielefeld,1,0,3,1,9,5,2,2,0,0,0,0,2.55,3.5,2.63,1.74,1.97,0.0,1.78,1.94,,,,,2. Bundesliga,,20260116_Fortuna-Dusseldorf_Bielefeld,25.381298767548287,1.0,1.01,55.9,44.1
2026-01-17,Dresden,Greuther Furth,2,0,4,0,8,9,7,3,3,3,0,0,1.85,3.9,3.75,1.63,2.13,-0.5,1.86,1.84,,,,,2. Bundesliga,,20260117_Dresden_Greuther-Furth,-48.85625632949427,0.85,1.05,41.7,58.3
2026-01-17,Hertha,Schalke 04,0,0,6,0,5,6,6,3,4,2,0,0,2.63,3.2,2.75,1.96,1.75,0.0,1.76,1.97,,,,,2. Bundesliga,,20260117_Hertha_Schalke-04,-27.73236932133932,1.43,0.71,52.9,47.1
2026-01-17,Nurnberg,Elversberg,3,2,12,7,15,6,7,3,5,1,0,0,2.9,3.6,2.25,1.82,1.88,0.0,1.81,1.91,,,,,2. Bundesliga,,20260117_Nurnberg_Elversberg,-107.92515649420034,1.52,1.08,42.7,57.3
2026-01-17,PreuÃen MÃ¼nster,Karlsruhe,0,2,7,2,9,12,7,9,0,3,1,0,1.95,3.5,3.8,1.64,2.13,-0.5,1.84,1.87,,,,,2. Bundesliga,,20260117_PreuÃen-MÃ¼nster_Karlsruhe,-39.345969707070026,0.05,1.16,50.0,50.0
2026-01-18,Bochum,Darmstadt,3,3,6,3,14,5,8,6,1,2,0,0,2.35,3.5,2.88,1.77,1.94,0.0,1.76,1.96,,,,,2. Bundesliga,,20260118_Bochum_Darmstadt,-36.80579952135645,1.58,1.43,47.5,52.5
2026-01-18,Holstein Kiel,Paderborn,2,0,3,6,4,12,1,11,3,3,0,0,2.75,3.5,2.4,1.78,1.93,0.25,1.77,1.94,,,,,2. Bundesliga,,20260118_Holstein-Kiel_Paderborn,-41.10439908859689,1.29,0.31,45.1,54.9
2026-01-18,Kaiserslautern,Hannover,3,1,8,2,8,9,5,6,1,2,0,1,3.3,3.5,2.1,1.63,2.14,0.25,1.83,1.88,,,,,2. Bundesliga,,20260118_Kaiserslautern_Hannover,-35.22550805767992,0.59,0.99,55.3,44.7
2026-01-23,Bielefeld,Holstein Kiel,2,2,5,1,9,7,5,6,1,3,0,1,2.15,3.25,3.5,1.96,1.75,-0.25,1.93,1.78,,,,,2. Bundesliga,,20260123_Bielefeld_Holstein-Kiel,-100.60824663777748,0.92,1.32,37.3,62.7
2026-01-23,Darmstadt,Nurnberg,2,0,5,5,5,13,3,6,1,0,0,0,2.0,3.7,3.6,1.73,1.99,-0.5,1.89,1.82,,,,,2. Bundesliga,,20260123_Darmstadt_Nurnberg,64.05130147583623,0.99,0.44,52.6,47.4
2026-01-24,Greuther Furth,Braunschweig,0,0,0,2,4,17,2,10,3,2,1,0,2.55,3.5,2.63,1.86,1.84,0.0,1.99,1.75,,,,,2. Bundesliga,,20260124_Greuther-Furth_Braunschweig,-27.648434017050477,0.95,0.58,55.4,44.6
2026-01-24,Hannover,Fortuna Dusseldorf,2,1,4,2,6,5,5,2,2,4,0,1,1.65,4.0,5.0,1.62,2.15,-0.75,1.89,1.82,,,,,2. Bundesliga,,20260124_Hannover_Fortuna-Dusseldorf,39.47955316419848,1.08,0.17,56.0,44.0
2026-01-24,Karlsruhe,Hertha,2,2,6,6,8,12,3,5,3,2,0,0,3.5,3.6,2.0,1.54,2.32,0.5,1.78,1.92,,,,,2. Bundesliga,,20260124_Karlsruhe_Hertha,-5.887169126059462,2.05,0.92,54.5,45.5
2026-01-24,Magdeburg,Dresden,1,2,5,3,16,10,10,5,2,0,0,0,1.8,4.0,4.0,1.59,2.22,-0.75,1.82,1.88,,,,,2. Bundesliga,,20260124_Magdeburg_Dresden,95.8487590561972,1.39,1.67,52.9,47.1
2026-01-25,Elversberg,Bochum,1,1,6,3,16,4,9,2,0,0,0,0,2.0,3.6,3.4,1.64,2.12,-0.5,1.86,1.85,,,,,2. Bundesliga,,20260125_Elversberg_Bochum,46.9223473651673,1.09,1.22,58.8,41.2
2026-01-25,Paderborn,PreuÃen MÃ¼nster,2,1,8,2,20,6,7,6,1,3,0,1,1.7,3.6,5.0,1.67,2.08,-0.75,1.81,1.91,,,,,2. Bundesliga,,20260125_Paderborn_PreuÃen-MÃ¼nster,107.80231330306492,1.5,0.38,54.0,46.0
2026-01-25,Schalke 04,Kaiserslautern,2,2,5,3,12,5,10,2,1,1,0,0,1.95,3.3,3.9,1.88,1.83,-0.5,1.92,1.78,,,,,2. Bundesliga,,20260125_Schalke-04_Kaiserslautern,21.121466593205696,0.85,0.79,45.9,54.1
2026-01-30,Magdeburg,Hannover,1,2,4,3,9,9,6,3,1,4,0,0,2.35,3.6,2.8,1.61,2.19,0.0,1.86,1.86,,,,,2. Bundesliga,,20260130_Magdeburg_Hannover,-76.48218705576869,0.46,1.28,41.9,58.1
2026-01-30,Nurnberg,PreuÃen MÃ¼nster,1,1,5,4,12,6,7,2,2,4,0,0,1.91,3.4,4.0,1.81,1.9,-0.25,1.77,1.94,,,,,2. Bundesliga,,20260130_Nurnberg_PreuÃen-MÃ¼nster,47.16118742104595,0.78,1.53,51.1,48.9
2026-01-31,Bochum,Schalke 04,2,0,6,2,4,10,2,4,4,0,0,0,2.5,3.3,2.75,2.0,1.73,-0.25,1.91,1.79,,,,,2. Bundesliga,,20260131_Bochum_Schalke-04,-11.647597615276936,1.72,0.19,43.2,56.8
2026-01-31,Braunschweig,Karlsruhe,1,0,5,0,9,9,6,4,4,5,0,0,2.25,3.4,3.1,1.64,2.14,-0.25,1.76,1.96,,,,,2. Bundesliga,,20260131_Braunschweig_Karlsruhe,-79.07708097670388,1.51,0.06,48.1,51.9
2026-01-31,Holstein Kiel,Greuther Furth,1,2,3,2,10,3,6,2,4,1,0,0,1.67,3.75,5.0,1.65,2.11,-0.75,1.79,1.92,,,,,2. Bundesliga,,20260131_Holstein-Kiel_Greuther-Furth,134.11994981815883,1.08,1.96,51.2,48.8
2026-01-31,Kaiserslautern,Elversberg,1,3,1,9,5,9,2,2,4,3,1,0,2.7,3.5,2.45,1.62,2.16,0.25,1.76,1.96,,,,,2. Bundesliga,,20260131_Kaiserslautern_Elversberg,-51.717274551629544,1.28,1.34,42.0,58.0
2026-02-01,Dresden,Bielefeld,1,1,5,6,7,11,3,5,2,3,1,0,2.45,3.3,2.8,1.86,1.85,0.0,1.87,1.85,,,,,2. Bundesliga,,20260201_Dresden_Bielefeld,-47.50091633563943,0.66,0.49,51.4,48.6
2026-02-01,Fortuna Dusseldorf,Paderborn,2,1,5,4,3,6,7,1,2,3,0,1,3.1,3.6,2.15,1.71,2.02,0.25,1.76,1.95,,,,,2. Bundesliga,,20260201_Fortuna-Dusseldorf_Paderborn,-86.28925667528983,1.84,0.67,53.1,46.9
2026-02-01,Hertha,Darmstadt,2,2,6,4,7,11,4,6,0,4,1,0,2.2,3.5,3.1,1.65,2.11,-0.25,1.81,1.9,,,,,2. Bundesliga,,20260201_Hertha_Darmstadt,-56.1222767330396,0.28,1.55,45.2,54.8
2026-02-06,Greuther Furth,Magdeburg,4,5,5,7,9,6,9,1,1,2,0,0,3.9,3.75,1.85,1.53,2.35,0.75,1.83,1.89,,,,,2. Bundesliga,,20260206_Greuther-Furth_Magdeburg,-32.34794433608181,0.19,1.81,52.1,47.9
2026-02-06,PreuÃen MÃ¼nster,Bochum,1,1,3,7,6,8,3,6,2,2,0,0,2.55,3.4,2.63,1.88,1.83,0.0,1.84,1.88,,,,,2. Bundesliga,,20260206_PreuÃen-MÃ¼nster_Bochum,-99.14619157703805,0.28,0.9,44.1,55.9
2026-02-07,Darmstadt,Kaiserslautern,4,0,9,2,6,14,6,6,1,2,0,0,1.85,3.6,4.1,1.66,2.11,-0.5,1.96,1.75,,,,,2. Bundesliga,,20260207_Darmstadt_Kaiserslautern,58.79618798252204,1.81,0.32,50.7,49.3
2026-02-07,Elversberg,Hertha,0,3,4,5,16,1,7,5,1,2,0,0,2.1,3.75,3.1,1.65,2.11,-0.25,1.8,1.91,,,,,2. Bundesliga,,20260207_Elversberg_Hertha,65.65359586266686,1.21,1.96,51.3,48.7
2026-02-07,Paderborn,Nurnberg,2,1,7,3,8,4,6,5,2,3,0,1,1.85,3.75,3.8,1.62,2.16,-0.5,1.88,1.83,,,,,2. Bundesliga,,20260207_Paderborn_Nurnberg,64.12295906476061,1.68,0.94,61.4,38.6
2026-02-07,Schalke 04,Dresden,2,2,5,2,11,7,7,1,2,2,0,0,1.73,3.75,4.5,1.84,1.86,-0.5,1.77,1.95,,,,,2. Bundesliga,,20260207_Schalke-04_Dresden,128.79040697343453,2.11,0.63,50.2,49.8
2026-02-08,Bielefeld,Braunschweig,3,2,8,4,12,6,9,1,1,3,0,0,2.0,3.4,3.75,1.84,1.85,-0.5,1.82,1.89,,,,,2. Bundesliga,,20260208_Bielefeld_Braunschweig,-1.7845444233864782,1.35,0.62,51.5,48.5
2026-02-08,Hannover,Holstein Kiel,3,1,8,4,12,4,10,4,0,3,0,0,1.75,3.5,4.75,1.75,1.97,-1.0,1.97,1.76,,,,,2. Bundesliga,,20260208_Hannover_Holstein-Kiel,26.341044146093054,1.79,1.2,42.1,57.9
2026-02-08,Karlsruhe,Fortuna Dusseldorf,1,1,2,5,4,14,3,3,1,2,0,0,2.8,3.6,2.35,1.6,2.21,0.5,1.71,2.04,,,,,2. Bundesliga,,20260208_Karlsruhe_Fortuna-Dusseldorf,1.33262403501044,1.25,0.5,48.6,51.4
2026-02-13,Fortuna Dusseldorf,PreuÃen MÃ¼nster,0,0,3,2,9,4,2,2,3,4,0,0,2.0,3.5,3.5,1.82,1.88,-0.5,1.82,1.89,,,,,2. Bundesliga,,20260213_Fortuna-Dusseldorf_PreuÃen-MÃ¼nster,48.30967798242227,0.75,1.6,55.0,45.0
2026-02-13,Nurnberg,Karlsruhe,5,1,8,2,4,10,4,6,1,3,0,0,1.73,4.0,4.2,1.56,2.28,-0.75,1.88,1.84,,,,,2. Bundesliga,,20260213_Nurnberg_Karlsruhe,-18.771423580537885,1.67,0.43,46.8,53.2
2026-02-14,Braunschweig,Darmstadt,2,2,6,5,9,7,6,7,1,1,0,0,3.0,3.5,2.25,1.87,1.84,0.25,1.89,1.81,,,,,2. Bundesliga,,20260214_Braunschweig_Darmstadt,-146.1232172768689,1.35,1.18,49.4,50.6
2026-02-14,Dresden,Elversberg,1,2,4,5,10,7,5,6,3,3,0,0,3.1,3.4,2.25,1.71,2.02,0.25,1.88,1.83,,,,,2. Bundesliga,,20260214_Dresden_Elversberg,-164.97629760559403,0.7,0.78,45.3,54.7
2026-02-14,Hertha,Hannover,2,3,7,7,8,5,5,6,1,0,0,0,2.6,3.6,2.5,1.64,2.11,0.25,1.74,1.98,,,,,2. Bundesliga,,20260214_Hertha_Hannover,-28.6748908041684,1.41,1.15,48.1,51.9
2026-02-14,Kaiserslautern,Greuther Furth,1,0,3,2,10,12,1,6,2,3,0,0,1.62,4.0,5.0,1.56,2.28,-0.75,1.79,1.92,,,,,2. Bundesliga,,20260214_Kaiserslautern_Greuther-Furth,90.18693311248626,0.91,1.22,45.2,54.8
2026-02-15,Bochum,Paderborn,0,0,9,3,13,4,4,6,2,3,0,0,2.5,3.5,2.63,1.78,1.94,0.0,1.93,1.79,,,,,2. Bundesliga,,20260215_Bochum_Paderborn,-22.04448388793594,1.28,0.64,50.6,49.4
2026-02-15,Holstein Kiel,Schalke 04,1,2,4,8,6,13,9,6,3,1,0,0,2.8,3.25,2.5,2.05,1.69,0.25,1.71,2.01,,,,,2. Bundesliga,,20260215_Holstein-Kiel_Schalke-04,-12.325540634464232,1.51,1.34,47.8,52.2
2026-02-15,Magdeburg,Bielefeld,0,2,3,4,16,10,4,4,2,2,0,0,2.05,3.75,3.25,1.58,2.23,-0.25,1.77,1.95,,,,,2. Bundesliga,,20260215_Magdeburg_Bielefeld,8.944395726356333,1.19,1.51,46.4,53.6
2026-02-20,Bochum,Nurnberg,1,1,3,4,5,5,3,3,1,3,0,0,2.1,3.5,3.3,1.68,2.07,-0.25,1.81,1.9,,,,,2. Bundesliga,,20260220_Bochum_Nurnberg,49.81129271243776,0.46,0.71,52.7,47.3
2026-02-20,Greuther Furth,Bielefeld,2,1,3,3,2,12,0,10,2,3,0,0,3.8,3.75,1.9,1.71,2.02,0.5,1.85,1.88,,,,,2. Bundesliga,,20260220_Greuther-Furth_Bielefeld,-66.43750736570405,1.11,1.81,48.6,51.4
2026-02-21,Darmstadt,Fortuna Dusseldorf,2,1,4,9,10,9,4,11,4,0,0,1,1.91,3.6,3.75,1.66,2.09,-0.5,1.95,1.76,,,,,2. Bundesliga,,20260221_Darmstadt_Fortuna-Dusseldorf,82.5300354763117,0.93,1.29,55.5,44.5
2026-02-21,Elversberg,Braunschweig,3,1,4,4,8,3,4,0,1,1,0,0,1.57,3.9,5.75,1.65,2.11,-1.0,1.94,1.77,,,,,2. Bundesliga,,20260221_Elversberg_Braunschweig,137.19434275054368,1.22,1.43,55.1,44.9
2026-02-21,Karlsruhe,Holstein Kiel,3,1,7,4,7,11,3,4,5,5,0,0,2.63,3.4,2.55,1.73,2.0,0.0,1.77,1.95,,,,,2. Bundesliga,,20260221_Karlsruhe_Holstein-Kiel,-17.597464356081446,2.12,0.34,47.3,52.7
2026-02-21,Schalke 04,Magdeburg,5,3,13,4,9,11,4,2,2,0,0,0,2.2,3.4,3.1,1.66,2.09,-0.25,1.75,1.96,,,,,2. Bundesliga,,20260221_Schalke-04_Magdeburg,83.17261715262043,2.12,2.58,51.6,48.4
2026-02-22,Hannover,Dresden,0,0,3,2,9,4,9,2,2,3,0,0,1.53,4.1,6.0,1.51,2.37,-1.25,1.96,1.75,,,,,2. Bundesliga,,20260222_Hannover_Dresden,174.18618890310336,1.14,0.97,52.8,47.2
2026-02-22,Paderborn,Hertha,5,2,9,3,8,5,4,7,0,1,0,0,2.25,3.5,3.0,1.64,2.11,-0.25,1.87,1.84,,,,,2. Bundesliga,,20260222_Paderborn_Hertha,38.84889441923406,1.65,1.28,49.8,50.2
2026-02-22,PreuÃen MÃ¼nster,Kaiserslautern,2,3,8,7,12,10,6,5,3,3,0,0,2.38,3.4,2.88,1.89,1.82,0.0,1.71,2.03,,,,,2. Bundesliga,,20260222_PreuÃen-MÃ¼nster_Kaiserslautern,-62.47308891388025,1.01,1.78,47.3,52.7
2026-02-27,Dresden,Darmstadt,3,1,7,7,12,10,1,8,3,1,1,1,2.75,3.5,2.35,1.77,1.96,0.0,1.75,1.97,,,,,2. Bundesliga,,20260227_Dresden_Darmstadt,-181.40057430576667,0.66,0.85,38.4,61.6
2026-02-27,Fortuna Dusseldorf,Bochum,2,1,9,3,11,7,10,3,1,1,0,0,2.2,3.6,2.9,1.66,2.1,-0.25,1.81,1.89,,,,,2. Bundesliga,,20260227_Fortuna-Dusseldorf_Bochum,-54.07925167684016,1.61,1.39,47.1,52.9
2026-02-28,Bielefeld,Hannover,0,1,7,1,15,5,9,3,3,4,0,0,2.75,3.7,2.3,1.66,2.1,0.0,1.93,1.79,,,,,2. Bundesliga,,20260228_Bielefeld_Hannover,-111.84506027194038,1.61,0.57,54.1,45.9
2026-02-28,Greuther Furth,Schalke 04,1,1,1,4,5,12,4,5,2,4,0,0,4.33,3.9,1.7,1.72,2.0,0.75,1.84,1.87,,,,,2. Bundesliga,,20260228_Greuther-Furth_Schalke-04,-128.85066105593205,0.92,1.17,44.0,56.0
2026-02-28,Holstein Kiel,Elversberg,1,1,3,3,7,4,5,7,2,2,0,0,3.1,3.5,2.15,1.66,2.1,0.25,1.89,1.81,,,,,2. Bundesliga,,20260228_Holstein-Kiel_Elversberg,-95.39152516042623,1.84,1.71,45.9,54.1
2026-02-28,Kaiserslautern,Paderborn,1,2,2,5,8,10,3,2,2,3,0,0,2.88,3.75,2.2,1.65,2.12,0.5,1.75,1.97,,,,,2. Bundesliga,,20260228_Kaiserslautern_Paderborn,-50.42915570231435,0.1,0.7,51.2,48.8
2026-03-01,Braunschweig,PreuÃen MÃ¼nster,1,2,3,3,8,5,7,0,2,3,0,1,2.35,3.3,2.9,1.89,1.83,0.0,1.79,1.93,,,,,2. Bundesliga,,20260301_Braunschweig_PreuÃen-MÃ¼nster,-6.689395512335523,0.67,0.05,48.2,51.8
2026-03-01,Hertha,Nurnberg,2,1,5,1,9,4,3,6,0,2,0,0,2.0,3.6,3.4,1.64,2.13,-0.25,1.82,1.89,,,,,2. Bundesliga,,20260301_Hertha_Nurnberg,19.113642639783848,1.59,0.39,50.5,49.5
2026-03-01,Magdeburg,Karlsruhe,1,3,9,7,14,1,6,2,2,4,0,0,1.7,4.2,4.1,1.42,2.68,-0.75,1.82,1.88,,,,,2. Bundesliga,,20260301_Magdeburg_Karlsruhe,-51.888914666339815,1.17,1.66,46.3,53.7
2026-03-06,Elversberg,Magdeburg,1,0,4,3,11,11,11,5,0,2,0,0,1.91,4.0,3.6,1.4,2.7,-0.5,1.8,1.91,,,,,2. Bundesliga,,20260306_Elversberg_Magdeburg,146.6700390645849,1.22,0.38,51.6,48.4
2026-03-06,Schalke 04,Bielefeld,1,0,8,3,16,9,9,2,0,2,0,0,1.85,3.5,4.1,1.81,1.89,-0.5,1.85,1.85,,,,,2. Bundesliga,,20260306_Schalke-04_Bielefeld,94.95555683194561,1.94,0.23,56.8,43.2
2026-03-07,Bochum,Kaiserslautern,3,2,9,2,8,7,5,6,3,4,0,0,1.95,3.75,3.5,1.54,2.32,-0.75,1.92,1.79,,,,,2. Bundesliga,,20260307_Bochum_Kaiserslautern,13.950386439067188,1.77,1.0,51.6,48.4
2026-03-07,Darmstadt,Holstein Kiel,2,0,3,1,12,6,1,5,4,2,0,1,1.95,3.7,3.6,1.62,2.16,-0.5,1.84,1.85,,,,,2. Bundesliga,,20260307_Darmstadt_Holstein-Kiel,75.5247563576902,1.74,0.3,58.0,42.0
2026-03-07,Nurnberg,Fortuna Dusseldorf,0,1,2,7,7,10,3,5,1,2,0,0,2.2,3.5,3.0,1.71,2.02,-0.25,1.96,1.76,,,,,2. Bundesliga,,20260307_Nurnberg_Fortuna-Dusseldorf,-17.507976405082672,1.58,1.0,40.6,59.4
2026-03-07,Paderborn,Braunschweig,1,1,5,3,13,3,9,5,1,2,0,1,1.48,4.5,6.0,1.59,2.22,-1.0,1.87,1.84,,,,,2. Bundesliga,,20260307_Paderborn_Braunschweig,161.36142129948212,0.37,0.83,52.7,47.3
2026-03-08,Hannover,Greuther Furth,1,2,9,7,15,7,17,5,2,1,0,0,1.4,4.75,7.0,1.44,2.62,-1.5,1.86,1.84,,,,,2. Bundesliga,,20260308_Hannover_Greuther-Furth,153.75655349202862,0.21,0.85,55.4,44.6
2026-03-08,Karlsruhe,Dresden,3,3,6,6,16,6,7,5,2,0,0,0,2.5,3.4,2.63,1.68,2.07,0.25,1.75,1.97,,,,,2. Bundesliga,,20260308_Karlsruhe_Dresden,84.99569403488431,1.7,1.71,54.8,45.2
2026-03-08,PreuÃen MÃ¼nster,Hertha,1,2,4,5,7,10,4,8,2,2,0,0,3.1,3.6,2.15,1.71,2.03,0.0,2.03,1.71,,,,,2. Bundesliga,,20260308_PreuÃen-MÃ¼nster_Hertha,-72.02775472600956,0.64,1.32,49.0,51.0
2026-03-13,Greuther Furth,Elversberg,2,0,4,4,4,9,2,6,1,2,0,0,4.33,4.0,1.7,1.56,2.3,0.75,1.87,1.83,,,,,2. Bundesliga,,20260313_Greuther-Furth_Elversberg,-149.73425337452932,1.87,1.29,46.4,53.6
2026-03-13,Magdeburg,Darmstadt,1,1,4,3,13,7,8,1,3,1,0,0,2.4,3.8,2.6,1.42,2.67,-0.25,1.94,1.77,,,,,2. Bundesliga,,20260313_Magdeburg_Darmstadt,-149.8788600561295,0.89,0.05,42.1,57.9
2026-03-14,Bielefeld,Paderborn,2,2,9,4,17,3,4,1,3,2,0,0,2.63,3.5,2.5,1.68,2.07,0.25,1.78,1.93,,,,,2. Bundesliga,,20260314_Bielefeld_Paderborn,-138.34810271299466,1.4,1.84,43.0,57.0
2026-03-14,Braunschweig,Fortuna Dusseldorf,1,0,5,2,11,7,4,5,2,3,0,0,3.2,3.4,2.2,1.81,1.91,0.25,1.76,1.95,,,,,2. Bundesliga,,20260314_Braunschweig_Fortuna-Dusseldorf,-84.15994620950983,0.99,0.64,50.4,49.6
2026-03-14,Hertha,Bochum,1,1,2,2,9,6,5,6,2,3,0,0,2.05,3.8,3.2,1.69,2.05,-0.25,1.83,1.87,,,,,2. Bundesliga,,20260314_Hertha_Bochum,-4.057938025225894,1.58,0.98,56.4,43.6
2026-03-14,Holstein Kiel,Nurnberg,2,3,7,5,14,4,7,1,3,5,0,0,2.35,3.6,2.88,1.84,1.87,-0.25,1.97,1.76,,,,,2. Bundesliga,,20260314_Holstein-Kiel_Nurnberg,13.276318108340092,1.45,1.12,54.0,46.0
2026-03-15,Dresden,PreuÃen MÃ¼nster,6,0,8,3,10,10,5,4,1,2,0,0,2.05,3.6,3.25,1.94,1.78,-0.25,1.79,1.92,,,,,2. Bundesliga,,20260315_Dresden_PreuÃen-MÃ¼nster,-16.400772562016982,1.18,0.34,36.9,63.1
2026-03-15,Kaiserslautern,Karlsruhe,3,0,8,2,10,11,5,2,1,3,0,0,1.95,3.8,3.5,1.54,2.33,-0.5,1.96,1.76,,,,,2. Bundesliga,,20260315_Kaiserslautern_Karlsruhe,-4.644994879437718,1.47,0.59,46.0,54.0
2026-03-15,Schalke 04,Hannover,2,2,4,6,6,4,4,2,1,2,1,0,2.3,3.5,2.88,1.61,2.19,-0.5,1.99,1.72,,,,,2. Bundesliga,,20260315_Schalke-04_Hannover,-7.631102521384491,0.76,0.6,55.6,44.4
2026-03-20,Hannover,Braunschweig,1,0,3,4,7,12,10,6,3,3,0,0,1.5,4.5,5.75,1.64,2.13,-1.0,1.89,1.82,,,,,2. Bundesliga,,20260320_Hannover_Braunschweig,117.67588465779568,1.55,0.51,61.0,39.0
2026-03-20,Karlsruhe,Greuther Furth,3,1,4,2,8,8,3,4,4,1,0,0,2.15,3.5,3.1,1.53,2.36,-0.25,1.85,1.86,,,,,2. Bundesliga,,20260320_Karlsruhe_Greuther-Furth,36.26761535923947,1.01,0.4,54.7,45.3
2026-03-21,Darmstadt,Schalke 04,1,1,4,7,6,9,11,5,1,2,0,0,2.6,3.4,2.6,1.79,1.93,0.0,1.81,1.9,,,,,2. Bundesliga,,20260321_Darmstadt_Schalke-04,21.22419940495365,1.53,1.49,51.9,48.1
2026-03-21,Elversberg,Bielefeld,3,1,10,2,18,2,9,1,0,0,0,1,1.91,3.8,3.6,1.59,2.21,-0.5,1.89,1.81,,,,,2. Bundesliga,,20260321_Elversberg_Bielefeld,128.72727313828182,1.14,0.17,51.0,49.0
2026-03-21,Nurnberg,Kaiserslautern,3,0,5,2,16,4,11,1,1,3,0,0,2.15,3.6,3.1,1.58,2.24,-0.25,1.8,1.92,,,,,2. Bundesliga,,20260321_Nurnberg_Kaiserslautern,-29.510534539191895,2.63,1.24,46.3,53.7
2026-03-21,Paderborn,Dresden,2,1,4,8,18,8,4,5,1,1,0,0,1.75,3.75,4.33,1.64,2.14,-0.5,1.72,2.0,,,,,2. Bundesliga,,20260321_Paderborn_Dresden,134.77089392182006,1.26,0.96,53.7,46.3
2026-03-22,Bochum,Holstein Kiel,2,3,10,4,10,6,2,3,4,5,1,1,2.0,3.5,3.6,1.6,2.21,-0.5,1.76,1.96,,,,,2. Bundesliga,,20260322_Bochum_Holstein-Kiel,65.83753858396972,0.94,1.0,56.1,43.9
2026-03-22,Fortuna Dusseldorf,Hertha,2,5,5,9,11,3,6,1,3,2,0,0,2.25,3.5,3.0,1.61,2.19,-0.25,1.99,1.74,,,,,2. Bundesliga,,20260322_Fortuna-Dusseldorf_Hertha,-37.42953468645237,0.71,2.01,46.9,53.1
2026-03-22,PreuÃen MÃ¼nster,Magdeburg,1,3,2,6,12,2,6,3,2,2,0,0,3.0,3.6,2.2,1.61,2.2,0.25,1.86,1.85,,,,,2. Bundesliga,,20260322_PreuÃen-MÃ¼nster_Magdeburg,-3.61417454896673,1.1,1.64,47.1,52.9
2026-04-04,Bielefeld,Darmstadt,2,1,8,2,17,5,8,4,2,5,0,0,2.25,3.75,2.88,1.62,2.18,0.0,1.74,2.0,,,,,2. Bundesliga,,20260404_Bielefeld_Darmstadt,-136.51632649716066,0.65,0.59,46.3,53.7
2026-04-04,Dresden,Hertha,0,1,5,5,8,5,6,3,2,2,0,1,2.63,3.5,2.55,1.57,2.27,0.0,1.85,1.86,,,,,2. Bundesliga,,20260404_Dresden_Hertha,-113.37481719068296,0.62,1.76,45.1,54.9
2026-04-04,Kaiserslautern,Fortuna Dusseldorf,3,0,9,0,14,9,9,6,0,0,0,1,2.5,3.6,2.63,1.48,2.5,0.0,1.94,1.78,,,,,2. Bundesliga,,20260404_Kaiserslautern_Fortuna-Dusseldorf,14.215894493477208,0.92,0.24,52.8,47.2
2026-04-04,Magdeburg,Bochum,4,1,6,6,6,12,4,3,2,3,0,0,2.1,3.6,3.25,1.52,2.4,-0.25,1.82,1.89,,,,,2. Bundesliga,,20260404_Magdeburg_Bochum,-77.86969435884248,2.03,1.3,50.5,49.5
2026-04-05,Braunschweig,Nurnberg,1,1,5,1,11,9,9,4,1,2,0,0,2.5,3.6,2.63,1.72,2.02,0.0,1.98,1.75,,,,,2. Bundesliga,,20260405_Braunschweig_Nurnberg,-62.568482859865526,1.1,0.75,52.8,47.2
2026-04-05,Greuther Furth,Paderborn,0,2,4,4,12,11,3,4,1,3,0,0,4.0,3.75,1.85,1.55,2.32,0.75,1.78,1.94,,,,,2. Bundesliga,,20260405_Greuther-Furth_Paderborn,-134.8434763845696,1.63,1.62,46.6,53.4
2026-04-05,Hannover,Elversberg,1,1,6,4,5,8,10,4,3,3,0,0,2.2,3.5,3.1,1.59,2.24,-0.25,1.93,1.79,,,,,2. Bundesliga,,20260405_Hannover_Elversberg,-13.00828835737434,1.0,0.05,53.4,46.6
2026-04-05,Holstein Kiel,PreuÃen MÃ¼nster,0,0,0,1,13,5,11,3,3,3,0,0,1.85,3.8,3.8,1.83,1.89,-0.5,1.94,1.77,,,,,2. Bundesliga,,20260405_Holstein-Kiel_PreuÃen-MÃ¼nster,67.89091152645665,1.17,1.03,53.2,46.8
2026-04-05,Schalke 04,Karlsruhe,1,0,5,1,19,3,2,3,3,1,0,0,1.5,4.5,5.75,1.54,2.35,-1.0,1.74,1.99,,,,,2. Bundesliga,,20260405_Schalke-04_Karlsruhe,49.249959911812766,0.77,0.93,56.8,43.2
2026-04-10,Fortuna Dusseldorf,Holstein Kiel,1,2,5,3,9,8,7,3,2,4,0,0,2.1,3.6,3.2,1.63,2.14,-0.5,1.98,1.73,,,,,2. Bundesliga,,20260410_Fortuna-Dusseldorf_Holstein-Kiel,-9.522758885368148,1.48,2.14,50.2,49.8
2026-04-10,Karlsruhe,Bielefeld,4,1,6,5,6,17,4,13,2,1,0,0,3.25,3.6,2.05,1.55,2.29,0.5,1.71,2.0,,,,,2. Bundesliga,,20260410_Karlsruhe_Bielefeld,40.709637529931115,1.73,0.94,54.6,45.4
2026-04-11,Darmstadt,Hannover,0,2,3,6,13,5,2,6,0,2,0,0,2.7,3.6,2.45,1.61,2.17,0.0,1.97,1.74,,,,,2. Bundesliga,,20260411_Darmstadt_Hannover,-11.631854170268298,0.68,1.74,47.4,52.6
2026-04-11,Hertha,Kaiserslautern,0,1,6,4,13,7,5,5,2,0,0,0,1.75,4.2,4.0,1.43,2.61,-0.75,1.88,1.83,,,,,2. Bundesliga,,20260411_Hertha_Kaiserslautern,41.34626972005594,0.05,1.74,52.8,47.2
2026-04-11,Nurnberg,Dresden,0,2,2,2,14,7,5,4,1,1,0,0,2.1,3.6,3.25,1.57,2.26,-0.5,1.83,1.86,,,,,2. Bundesliga,,20260411_Nurnberg_Dresden,71.33936591107476,0.86,0.61,53.3,46.7
2026-04-11,PreuÃen MÃ¼nster,Greuther Furth,0,0,3,5,9,1,6,4,0,0,0,0,2.2,3.4,3.2,1.88,1.83,-0.5,2.0,1.71,,,,,2. Bundesliga,,20260411_PreuÃen-MÃ¼nster_Greuther-Furth,-18.22059628313673,1.19,1.84,43.9,56.1
2026-04-12,Bochum,Braunschweig,4,1,6,2,9,13,2,5,6,1,0,0,1.73,3.9,4.33,1.67,2.1,-0.5,1.75,1.96,,,,,2. Bundesliga,,20260412_Bochum_Braunschweig,72.71840827043752,2.12,1.16,52.3,47.7
2026-04-12,Elversberg,Schalke 04,1,2,5,3,6,6,8,2,1,3,0,1,2.0,3.6,3.5,1.78,1.94,-0.25,1.77,1.94,,,,,2. Bundesliga,,20260412_Elversberg_Schalke-04,16.705061721608217,1.33,0.94,49.1,50.9
2026-04-12,Paderborn,Magdeburg,4,3,5,9,5,7,4,7,2,1,0,0,1.83,4.0,3.8,1.44,2.63,-0.5,1.78,1.93,,,,,2. Bundesliga,,20260412_Paderborn_Magdeburg,128.49611516062896,2.39,2.07,51.0,49.0
2026-04-17,Elversberg,Karlsruhe,3,0,10,2,5,8,2,1,0,1,0,0,1.44,5.0,6.0,1.36,2.92,-1.25,1.87,1.83,,,,,2. Bundesliga,,20260417_Elversberg_Karlsruhe,63.39869344054523,0.66,0.62,57.0,43.0
2026-04-17,Holstein Kiel,Kaiserslautern,3,0,5,2,10,4,5,0,2,1,0,0,2.15,3.8,3.0,1.61,2.19,-0.25,1.94,1.77,,,,,2. Bundesliga,,20260417_Holstein-Kiel_Kaiserslautern,-29.461852350699246,1.63,0.74,54.4,45.6
2026-04-18,Bielefeld,Nurnberg,1,1,2,3,8,6,2,2,2,1,0,0,1.95,3.6,3.7,1.64,2.13,-0.75,2.15,1.61,,,,,2. Bundesliga,,20260418_Bielefeld_Nurnberg,-37.482587180617884,0.6,1.31,48.8,51.2
2026-04-18,Dresden,Bochum,2,0,6,5,3,8,4,5,0,2,0,0,2.3,3.8,2.7,1.6,2.2,-0.25,1.94,1.77,,,,,2. Bundesliga,,20260418_Dresden_Bochum,-80.85976183880098,1.87,1.05,51.3,48.7
2026-04-18,Hannover,Paderborn,1,1,2,6,3,10,5,3,3,1,0,0,2.15,3.8,3.0,1.58,2.25,-0.25,1.93,1.77,,,,,2. Bundesliga,,20260418_Hannover_Paderborn,-16.63551377195995,0.41,0.05,46.2,53.8
2026-04-18,Magdeburg,Fortuna Dusseldorf,2,0,5,4,6,7,7,6,1,3,0,0,2.0,3.8,3.3,1.52,2.38,-0.5,1.79,1.91,,,,,2. Bundesliga,,20260418_Magdeburg_Fortuna-Dusseldorf,-10.125362728455457,1.83,0.79,51.6,48.4
2026-04-19,Braunschweig,Hertha,1,1,4,2,12,8,8,2,4,3,0,1,3.2,3.6,2.1,1.63,2.15,0.25,1.85,1.85,,,,,2. Bundesliga,,20260419_Braunschweig_Hertha,-112.86605023065863,1.35,1.24,40.7,59.3
2026-04-19,Greuther Furth,Darmstadt,3,2,7,3,13,9,5,3,2,2,0,0,3.1,4.0,2.05,1.55,2.32,0.25,1.94,1.78,,,,,2. Bundesliga,,20260419_Greuther-Furth_Darmstadt,-106.88828332456092,1.32,0.81,43.3,56.7
2026-04-19,Schalke 04,PreuÃen MÃ¼nster,4,1,9,2,15,2,7,2,1,2,0,0,1.57,4.0,5.5,1.83,1.88,-1.0,1.89,1.81,,,,,2. Bundesliga,,20260419_Schalke-04_PreuÃen-MÃ¼nster,155.06324594368334,0.92,1.45,61.0,39.0
2026-04-24,Fortuna Dusseldorf,Dresden,3,1,6,5,3,12,3,6,0,0,0,0,2.15,3.4,2.8,1.66,2.1,-0.25,2.0,1.72,,,,,2. Bundesliga,,20260424_Fortuna-Dusseldorf_Dresden,-1.96507924951311,1.44,1.38,54.3,45.7
2026-04-24,Kaiserslautern,Braunschweig,0,2,3,3,10,5,12,1,2,1,0,0,2.25,3.6,3.0,1.55,2.31,-0.25,1.89,1.81,,,,,2. Bundesliga,,20260424_Kaiserslautern_Braunschweig,81.58065026031431,1.11,1.18,50.8,49.2
2026-04-25,Darmstadt,Elversberg,3,3,4,4,9,13,5,7,2,2,1,0,2.8,3.8,2.25,1.51,2.39,0.25,1.8,1.9,,,,,2. Bundesliga,,20260425_Darmstadt_Elversberg,-48.177688449245125,2.07,1.29,49.2,50.8
2026-04-25,Hertha,Holstein Kiel,0,1,3,1,20,5,5,3,4,4,0,0,2.05,3.9,3.2,1.56,2.3,-0.75,1.86,1.84,,,,,2. Bundesliga,,20260425_Hertha_Holstein-Kiel,27.183607031083284,0.78,1.23,48.8,51.2
2026-04-25,Karlsruhe,Hannover,1,3,2,6,6,4,3,2,1,1,0,0,3.9,4.1,1.8,1.49,2.46,0.75,1.8,1.9,,,,,2. Bundesliga,,20260425_Karlsruhe_Hannover,-85.87189730357454,1.74,0.44,56.2,43.8
2026-04-25,PreuÃen MÃ¼nster,Bielefeld,2,3,5,4,12,8,7,1,3,0,0,0,3.1,3.6,2.15,1.82,1.89,0.25,1.91,1.8,,,,,2. Bundesliga,,20260425_PreuÃen-MÃ¼nster_Bielefeld,-29.569534258201656,1.32,0.94,39.7,60.3
2026-04-26,Bochum,Greuther Furth,2,1,4,4,13,10,5,5,0,0,0,0,1.67,4.2,4.5,1.66,2.1,-0.75,1.85,1.85,,,,,2. Bundesliga,,20260426_Bochum_Greuther-Furth,49.8829468833876,1.39,0.06,53.3,46.7
2026-04-26,Nurnberg,Magdeburg,1,0,6,1,8,5,3,5,1,3,0,0,2.45,3.6,2.7,1.55,2.31,0.0,1.74,1.98,,,,,2. Bundesliga,,20260426_Nurnberg_Magdeburg,13.837682977298755,0.9,1.01,47.7,52.3
2026-04-26,Paderborn,Schalke 04,2,3,4,7,10,4,7,2,0,1,0,0,2.3,3.3,3.1,1.7,2.04,0.0,1.76,1.95,,,,,2. Bundesliga,,20260426_Paderborn_Schalke-04,12.704500902497557,1.53,1.02,55.4,44.6
2026-05-02,Bielefeld,Bochum,1,1,3,2,5,4,8,2,0,2,0,0,1.95,3.8,3.4,1.6,2.21,-0.5,1.9,1.8,,,,,2. Bundesliga,,20260502_Bielefeld_Bochum,-59.137461128178074,0.84,1.05,49.2,50.8
2026-05-02,Dresden,Kaiserslautern,1,0,4,0,11,5,7,4,3,3,0,0,1.75,4.0,4.0,1.53,2.36,-1.0,1.86,1.84,,,,,2. Bundesliga,,20260502_Dresden_Kaiserslautern,-56.9972042609088,0.07,0.7,43.5,56.5
2026-05-02,Holstein Kiel,Braunschweig,2,0,4,3,8,6,4,5,3,2,0,0,2.15,3.6,3.1,1.84,1.87,0.0,1.78,1.93,,,,,2. Bundesliga,,20260502_Holstein-Kiel_Braunschweig,76.3190352685815,0.76,0.43,56.2,43.8
2026-05-02,Schalke 04,Fortuna Dusseldorf,1,0,6,2,8,4,4,1,2,3,0,0,1.55,4.33,5.25,1.62,2.18,-1.0,1.82,1.89,,,,,2. Bundesliga,,20260502_Schalke-04_Fortuna-Dusseldorf,133.31999569888285,0.36,0.44,56.4,43.6
2026-05-03,Elversberg,Paderborn,5,1,5,6,3,5,2,6,3,5,0,1,2.1,3.9,3.0,1.58,2.23,-0.25,1.83,1.88,,,,,2. Bundesliga,,20260503_Elversberg_Paderborn,-7.5067237915232,2.63,1.17,59.1,40.9
2026-05-03,Greuther Furth,Nurnberg,1,1,6,6,7,14,4,5,2,2,0,0,2.6,3.75,2.45,1.62,2.15,0.0,1.85,1.85,,,,,2. Bundesliga,,20260503_Greuther-Furth_Nurnberg,-46.76771014095857,0.97,0.34,46.6,53.4
2026-05-03,Hannover,PreuÃen MÃ¼nster,3,3,7,8,12,8,10,6,0,6,0,0,1.4,5.25,6.0,1.53,2.35,-1.25,1.94,1.76,,,,,2. Bundesliga,,20260503_Hannover_PreuÃen-MÃ¼nster,186.3020777211948,1.77,2.07,49.3,50.7
2026-05-03,Karlsruhe,Darmstadt,2,1,8,3,14,11,5,3,1,2,0,0,2.7,3.8,2.1,1.4,2.71,0.0,1.87,1.83,,,,,2. Bundesliga,,20260503_Karlsruhe_Darmstadt,-45.63600522411525,0.12,1.27,47.3,52.7
2026-05-03,Magdeburg,Hertha,1,0,1,2,6,12,1,7,2,4,0,0,2.1,3.8,3.1,1.38,2.8,-0.5,1.91,1.79,,,,,2. Bundesliga,,20260503_Magdeburg_Hertha,-69.42494861505543,0.9,0.05,43.0,57.0
2026-05-08,Kaiserslautern,Bielefeld,2,0,6,5,6,14,4,6,5,0,0,0,3.2,3.5,2.1,1.55,2.29,0.5,1.95,1.76,,,,,2. Bundesliga,,20260508_Kaiserslautern_Bielefeld,26.430894786704357,0.6,0.72,54.7,45.3
2026-05-08,Paderborn,Karlsruhe,2,2,6,4,13,4,4,1,0,5,0,0,1.38,5.5,6.25,1.33,3.06,-1.5,1.92,1.78,,,,,2. Bundesliga,,20260508_Paderborn_Karlsruhe,72.18714676015247,0.46,1.05,48.5,51.5
2026-05-09,Bochum,Hannover,1,1,2,1,8,9,4,4,3,2,0,0,3.0,4.0,2.1,1.52,2.38,0.5,1.85,1.84,,,,,2. Bundesliga,,20260509_Bochum_Hannover,-71.77433178783645,1.25,1.65,43.5,56.5
2026-05-09,Braunschweig,Dresden,2,1,2,4,7,10,5,9,2,2,0,0,2.63,3.4,2.63,1.81,1.9,0.0,1.78,1.91,,,,,2. Bundesliga,,20260509_Braunschweig_Dresden,-18.406158611373712,1.45,0.55,53.2,46.8
2026-05-09,Holstein Kiel,Magdeburg,1,3,5,7,8,7,10,6,2,2,0,0,3.0,4.0,2.1,1.46,2.55,0.25,1.85,1.84,,,,,2. Bundesliga,,20260509_Holstein-Kiel_Magdeburg,63.154484463209656,1.48,2.49,57.7,42.3
2026-05-09,Nurnberg,Schalke 04,3,0,5,2,10,14,5,5,2,2,0,0,1.91,3.8,3.5,1.52,2.37,0.0,1.79,1.91,,,,,2. Bundesliga,,20260509_Nurnberg_Schalke-04,-114.66834179598891,0.26,0.38,51.9,48.1
2026-05-10,Fortuna Dusseldorf,Elversberg,3,1,2,2,7,14,2,5,3,0,0,0,3.1,3.9,2.1,1.56,2.28,0.25,1.9,1.8,,,,,2. Bundesliga,,20260510_Fortuna-Dusseldorf_Elversberg,-133.50853591805662,0.05,0.63,51.3,48.7
2026-05-10,Hertha,Greuther Furth,2,1,5,3,3,26,2,18,3,1,1,0,1.83,4.2,3.5,1.44,2.6,-0.75,1.93,1.78,,,,,2. Bundesliga,,20260510_Hertha_Greuther-Furth,63.33829015771698,0.79,1.23,58.0,42.0
2026-05-10,PreuÃen MÃ¼nster,Darmstadt,1,1,4,7,6,15,5,7,3,1,1,0,2.2,4.0,2.75,1.48,2.48,-0.25,1.89,1.81,,,,,2. Bundesliga,,20260510_PreuÃen-MÃ¼nster_Darmstadt,-108.43143006194259,0.25,0.56,43.3,56.7
2026-05-17,Bielefeld,Hertha,6,1,12,3,15,6,9,2,3,0,0,0,1.73,3.9,4.33,1.53,2.36,-0.75,1.78,1.93,,,,,2. Bundesliga,,20260517_Bielefeld_Hertha,-72.52284646907992,2.69,1.16,45.8,54.2
2026-05-17,Darmstadt,Paderborn,0,2,8,5,15,2,5,2,2,2,0,0,3.25,4.1,1.83,1.4,2.76,0.5,1.86,1.83,,,,,2. Bundesliga,,20260517_Darmstadt_Paderborn,-54.855627266552574,1.05,1.58,42.2,57.8
2026-05-17,Dresden,Holstein Kiel,2,1,2,3,8,6,3,9,2,3,0,0,1.67,4.1,4.2,1.49,2.45,-0.75,1.91,1.8,,,,,2. Bundesliga,,20260517_Dresden_Holstein-Kiel,-75.20169775336672,0.59,2.06,42.7,57.3
2026-05-17,Elversberg,PreuÃen MÃ¼nster,3,0,5,2,6,3,6,2,1,1,0,0,1.22,6.0,10.0,1.31,3.19,-2.0,1.92,1.79,,,,,2. Bundesliga,,20260517_Elversberg_PreuÃen-MÃ¼nster,159.10377272238043,1.16,0.62,56.1,43.9
2026-05-17,Greuther Furth,Fortuna Dusseldorf,3,0,8,0,5,12,2,3,4,5,0,0,2.5,3.6,2.5,1.49,2.44,-0.5,1.98,1.73,,,,,2. Bundesliga,,20260517_Greuther-Furth_Fortuna-Dusseldorf,-35.920551678229,0.47,0.29,48.2,51.8
2026-05-17,Hannover,Nurnberg,3,3,9,6,14,12,8,7,3,5,0,0,1.44,4.75,5.75,1.46,2.53,-1.25,1.96,1.75,,,,,2. Bundesliga,,20260517_Hannover_Nurnberg,76.78281062528572,0.4,1.42,49.9,50.1
2026-05-17,Karlsruhe,Bochum,1,2,6,4,10,7,11,2,2,4,0,0,2.45,3.9,2.38,1.33,3.06,0.0,1.85,1.84,,,,,2. Bundesliga,,20260517_Karlsruhe_Bochum,-12.821319264051226,0.41,1.03,50.7,49.3
2026-05-17,Magdeburg,Kaiserslautern,0,1,4,4,9,4,3,0,2,2,0,0,1.67,4.1,4.2,1.33,3.08,-1.25,1.94,1.77,,,,,2. Bundesliga,,20260517_Magdeburg_Kaiserslautern,-12.456570963305012,0.86,0.9,49.2,50.8
2026-05-17,Schalke 04,Braunschweig,1,0,4,1,9,5,3,4,1,1,0,0,1.9,3.6,3.7,1.51,2.4,-0.75,1.85,1.86,,,,,2. Bundesliga,,20260517_Schalke-04_Braunschweig,139.096575789157,0.78,0.81,55.4,44.6
2026-08-07,Bochum,Hertha,0,1,3,2,10,9,5,2,2,5,0,0,2.25,3.5,3.0,1.66,2.11,-0.25,1.89,1.83,,,,,2. Bundesliga,,20260807_Bochum_Hertha,22.128194713092626,1.19,0.72,53.4,46.6
2026-08-08,Darmstadt,Holstein Kiel,2,2,3,6,11,5,8,4,2,3,0,0,2.2,3.5,3.1,1.6,2.21,-0.25,1.94,1.78,,,,,2. Bundesliga,,20260808_Darmstadt_Holstein-Kiel,1.6640159751068495,0.33,1.6,47.4,52.6
2026-08-08,Heidenheim,Osnabruck,4,3,6,6,14,20,4,6,1,2,0,0,1.62,3.9,5.0,1.63,2.14,-0.75,1.78,1.95,,,,,2. Bundesliga,,20260808_Heidenheim_Osnabruck,213.3033260714276,1.41,1.75,56.7,43.3
2026-08-08,Karlsruhe,Bielefeld,2,1,7,5,17,6,6,6,2,1,0,0,2.7,3.6,2.45,1.52,2.38,0.25,1.81,1.92,,,,,2. Bundesliga,,20260808_Karlsruhe_Bielefeld,29.776798402238,2.27,0.43,43.3,56.7
2026-08-08,Magdeburg,Braunschweig,1,6,3,13,7,11,5,5,4,1,1,0,1.75,3.8,4.33,1.62,2.17,-0.75,1.95,1.77,,,,,2. Bundesliga,,20260808_Magdeburg_Braunschweig,29.36529094095522,2.04,2.64,50.2,49.8
2026-08-08,Wolfsburg,Kaiserslautern,0,0,5,3,14,5,9,2,0,1,0,0,1.57,4.2,5.0,1.42,2.67,-1.0,1.9,1.82,,,,,2. Bundesliga,,20260808_Wolfsburg_Kaiserslautern,-25.034944473663245,0.43,0.93,44.7,55.3
2026-08-09,Cottbus,Hannover,3,1,4,10,8,17,2,6,0,2,0,0,3.25,3.5,2.1,1.52,2.37,0.25,1.9,1.83,,,,,2. Bundesliga,,20260809_Cottbus_Hannover,-97.75699352562901,1.81,2.52,52.4,47.6
2026-08-09,Nurnberg,Dresden,3,0,7,1,9,8,5,5,0,2,0,0,2.25,3.3,3.1,1.73,2.0,0.0,1.8,1.93,,,,,2. Bundesliga,,20260809_Nurnberg_Dresden,50.98982260949356,1.86,1.1,53.9,46.1
2026-08-09,St Pauli,Greuther Furth,1,1,6,7,12,8,9,2,1,0,0,0,1.85,3.8,3.8,1.58,2.23,-0.75,1.78,1.95,,,,,2. Bundesliga,,20260809_St-Pauli_Greuther-Furth,170.52785854007038,1.06,0.78,53.6,46.4
2026-08-14,Braunschweig,Bochum,0,1,3,4,14,9,5,6,2,3,0,0,2.3,3.5,2.9,1.63,2.16,0.0,1.84,1.88,,,,,2. Bundesliga,,20260814_Braunschweig_Bochum,-59.19004985992865,0.69,1.05,38.8,61.2
2026-08-14,Holstein Kiel,St Pauli,2,2,6,6,13,7,5,5,3,3,0,0,2.4,3.4,2.8,1.67,2.08,0.0,1.89,1.82,,,,,2. Bundesliga,,20260814_Holstein-Kiel_St-Pauli,-111.32637520564731,1.26,2.19,43.7,56.3
2026-08-15,Greuther Furth,Nurnberg,2,4,6,9,8,6,5,3,1,4,0,0,3.1,3.5,2.2,1.62,2.18,0.25,1.87,1.86,,,,,2. Bundesliga,,20260815_Greuther-Furth_Nurnberg,-63.38188037457212,0.5,0.83,49.7,50.3
2026-08-15,Hertha,Heidenheim,4,1,9,3,10,8,5,3,1,2,1,0,2.2,3.5,3.1,1.52,2.38,0.0,1.87,1.87,,,,,2. Bundesliga,,20260815_Hertha_Heidenheim,-87.07893170985244,0.89,2.5,53.6,46.4
2026-08-15,Kaiserslautern,Karlsruhe,0,0,3,8,8,5,4,11,3,3,0,0,1.85,3.9,3.75,1.53,2.37,-0.5,1.92,1.78,,,,,2. Bundesliga,,20260815_Kaiserslautern_Karlsruhe,4.095445350990758,1.07,1.18,55.4,44.6
2026-08-15,Osnabruck,Magdeburg,0,3,4,6,7,13,3,10,1,1,0,0,2.55,3.5,2.6,1.53,2.37,0.0,1.79,1.93,,,,,2. Bundesliga,,20260815_Osnabruck_Magdeburg,-77.85225715391857,1.7,2.51,50.7,49.3
2026-08-16,Bielefeld,Cottbus,3,0,5,0,12,10,7,10,2,2,0,0,1.7,4.0,4.5,1.48,2.48,-1.0,1.88,1.84,,,,,2. Bundesliga,,20260816_Bielefeld_Cottbus,-46.93863558228668,1.38,0.22,46.5,53.5
2026-08-16,Dresden,Darmstadt,1,0,6,1,6,9,7,5,1,3,0,1,2.05,3.7,3.3,1.59,2.24,-0.5,1.93,1.78,,,,,2. Bundesliga,,20260816_Dresden_Darmstadt,-57.94453402270756,1.56,1.53,44.0,56.0
2026-08-16,Hannover,Wolfsburg,0,1,2,7,12,11,8,6,1,2,0,0,2.5,3.5,2.63,1.46,2.56,-0.25,1.91,1.81,,,,,2. Bundesliga,,20260816_Hannover_Wolfsburg,81.60377028466473,1.03,0.27,59.1,40.9
