event_id,fecha,inicio,temporada,tipo,semana,neutral,home,away,pts_home,pts_away,home_primeros_downs,home_jugadas,home_yardas,home_yardas_jugada,home_drives,home_yardas_pase,home_yardas_carrera,home_acarreos,home_yardas_acarreo,home_yardas_pase_int,home_pases_comp,home_pases_int,home_conv3,home_int3,home_conv4,home_int4,home_rz_conv,home_rz_int,home_sacks_sufridos,home_penalizaciones,home_yardas_penal,home_perdidas,home_balones_sueltos,home_intercepciones,home_posesion_s,away_primeros_downs,away_jugadas,away_yardas,away_yardas_jugada,away_drives,away_yardas_pase,away_yardas_carrera,away_acarreos,away_yardas_acarreo,away_yardas_pase_int,away_pases_comp,away_pases_int,away_conv3,away_int3,away_conv4,away_int4,away_rz_conv,away_rz_int,away_sacks_sufridos,away_penalizaciones,away_yardas_penal,away_perdidas,away_balones_sueltos,away_intercepciones,away_posesion_s,casa_cierre,ml_home,ml_away,hcp_home,hcp_away,hcp_cuota_home,hcp_cuota_away,total,total_over,total_under
401437933,2023-01-01,2023-01-01T18:00Z,2022,regular,17,False,ATL,ARI,20.0,19.0,20.0,61.0,298.0,4.9,10.0,166.0,132.0,34.0,3.9,6.1,19.0,26.0,5.0,11.0,1.0,2.0,2.0,5.0,1.0,5.0,70.0,1.0,1.0,0.0,1944.0,22.0,69.0,339.0,4.9,9.0,213.0,126.0,27.0,4.7,5.1,24.0,40.0,4.0,11.0,0.0,1.0,1.0,4.0,2.0,8.0,50.0,0.0,0.0,0.0,1656.0,ESPN BET,1.36,3.1,-115.0,115.0,1.87,1.95,41.5,,
401437935,2023-01-01,2023-01-01T18:00Z,2022,regular,17,False,DET,CHI,41.0,10.0,26.0,70.0,504.0,7.2,12.0,239.0,265.0,39.0,6.8,7.7,21.0,29.0,4.0,12.0,0.0,1.0,4.0,6.0,2.0,6.0,42.0,0.0,0.0,0.0,2143.0,9.0,50.0,230.0,4.6,12.0,30.0,200.0,22.0,9.1,1.1,7.0,21.0,3.0,13.0,0.0,1.0,1.0,2.0,7.0,3.0,49.0,2.0,1.0,1.0,1457.0,ESPN BET,1.53,2.5,-110.0,110.0,1.91,1.83,52.5,,
401437936,2023-01-01,2023-01-01T18:00Z,2022,regular,17,False,HOU,JAX,3.0,31.0,13.0,67.0,277.0,4.1,13.0,193.0,84.0,21.0,4.0,4.2,25.0,44.0,6.0,17.0,0.0,4.0,0.0,1.0,2.0,7.0,45.0,1.0,1.0,0.0,1830.0,20.0,60.0,337.0,5.6,12.0,168.0,169.0,29.0,5.8,5.4,22.0,29.0,4.0,12.0,0.0,0.0,2.0,2.0,2.0,2.0,30.0,2.0,0.0,2.0,1770.0,ESPN BET,2.4,1.56,-110.0,110.0,1.91,1.83,42.5,,
401437937,2023-01-01,2023-01-01T18:00Z,2022,regular,17,False,KC,DEN,27.0,24.0,22.0,58.0,374.0,6.4,12.0,328.0,46.0,16.0,2.9,7.8,29.0,42.0,2.0,9.0,1.0,1.0,4.0,5.0,0.0,5.0,31.0,2.0,1.0,1.0,1614.0,21.0,66.0,307.0,4.7,12.0,190.0,117.0,24.0,4.9,4.5,26.0,38.0,3.0,12.0,1.0,2.0,2.0,2.0,4.0,3.0,23.0,2.0,1.0,1.0,1986.0,ESPN BET,1.11,6.0,-110.0,110.0,1.91,1.83,46.5,,
401437938,2023-01-01,2023-01-01T18:00Z,2022,regular,17,False,NE,MIA,23.0,21.0,14.0,57.0,249.0,4.4,11.0,173.0,76.0,21.0,3.6,4.8,20.0,33.0,5.0,13.0,0.0,1.0,2.0,2.0,3.0,6.0,39.0,0.0,0.0,0.0,1572.0,21.0,69.0,333.0,4.8,11.0,247.0,86.0,27.0,3.2,5.9,24.0,40.0,4.0,14.0,2.0,3.0,3.0,3.0,2.0,9.0,71.0,2.0,0.0,2.0,2028.0,ESPN BET,1.69,2.25,,,2.0,1.77,41.5,,
401437939,2023-01-01,2023-01-01T18:00Z,2022,regular,17,False,NYG,IND,38.0,10.0,26.0,61.0,394.0,6.5,8.0,177.0,217.0,37.0,5.9,7.4,19.0,24.0,4.0,7.0,0.0,1.0,4.0,5.0,0.0,3.0,20.0,1.0,1.0,0.0,1896.0,14.0,56.0,252.0,4.5,9.0,124.0,128.0,27.0,4.7,4.3,17.0,27.0,3.0,12.0,2.0,2.0,1.0,2.0,2.0,7.0,60.0,1.0,0.0,1.0,1704.0,ESPN BET,1.42,2.8,-120.0,120.0,1.83,1.91,38.5,,
401437940,2023-01-01,2023-01-01T18:00Z,2022,regular,17,False,PHI,NO,10.0,20.0,11.0,53.0,313.0,5.9,12.0,246.0,67.0,15.0,4.5,6.5,18.0,32.0,3.0,12.0,0.0,2.0,0.0,0.0,6.0,8.0,49.0,1.0,0.0,1.0,1376.0,19.0,66.0,313.0,4.7,11.0,184.0,129.0,35.0,3.7,5.9,20.0,24.0,7.0,16.0,1.0,1.0,1.0,3.0,7.0,3.0,20.0,1.0,0.0,1.0,2224.0,ESPN BET,1.42,2.8,-115.0,115.0,1.87,1.87,41.5,,
401437941,2023-01-01,2023-01-01T18:00Z,2022,regular,17,False,TB,CAR,30.0,24.0,25.0,73.0,478.0,6.5,13.0,411.0,67.0,25.0,2.7,8.6,34.0,45.0,4.0,15.0,2.0,2.0,1.0,3.0,3.0,8.0,51.0,1.0,1.0,0.0,1990.0,22.0,61.0,400.0,6.6,14.0,326.0,74.0,22.0,3.4,8.4,23.0,37.0,4.0,11.0,1.0,2.0,2.0,2.0,2.0,8.0,58.0,3.0,2.0,1.0,1610.0,ESPN BET,1.56,2.4,-115.0,115.0,1.87,1.87,40.5,,
401437942,2023-01-01,2023-01-01T18:00Z,2022,regular,17,False,WSH,CLE,10.0,24.0,17.0,68.0,260.0,3.8,10.0,124.0,136.0,37.0,3.7,4.0,16.0,28.0,7.0,16.0,2.0,4.0,1.0,1.0,3.0,5.0,24.0,3.0,0.0,3.0,2012.0,16.0,53.0,301.0,5.7,10.0,155.0,146.0,30.0,4.9,6.7,9.0,18.0,4.0,11.0,1.0,2.0,1.0,3.0,5.0,3.0,20.0,0.0,0.0,0.0,1588.0,ESPN BET,1.83,2.0,-105.0,105.0,1.95,1.87,41.5,,
401437943,2023-01-01,2023-01-01T21:05Z,2022,regular,17,False,LV,SF,34.0,37.0,29.0,66.0,500.0,7.6,11.0,365.0,135.0,32.0,4.2,10.7,23.0,34.0,4.0,10.0,0.0,1.0,2.0,4.0,0.0,6.0,49.0,2.0,0.0,2.0,1920.0,27.0,62.0,454.0,7.3,12.0,284.0,170.0,27.0,6.3,8.1,22.0,35.0,4.0,8.0,0.0,0.0,4.0,6.0,0.0,9.0,71.0,1.0,0.0,1.0,1867.0,ESPN BET,4.4,1.2,-120.0,120.0,1.83,1.91,41.5,,
401437944,2023-01-01,2023-01-01T21:05Z,2022,regular,17,False,SEA,NYJ,23.0,6.0,20.0,71.0,346.0,4.9,11.0,148.0,198.0,38.0,5.2,4.5,18.0,29.0,5.0,15.0,1.0,2.0,2.0,5.0,4.0,5.0,25.0,0.0,0.0,0.0,2018.0,20.0,67.0,279.0,4.2,12.0,204.0,75.0,17.0,4.4,4.1,23.0,46.0,4.0,13.0,0.0,2.0,0.0,1.0,4.0,2.0,10.0,3.0,1.0,2.0,1582.0,ESPN BET,2.0,1.77,-115.0,115.0,1.87,1.87,43.5,,
401437945,2023-01-01,2023-01-01T21:25Z,2022,regular,17,False,GB,MIN,41.0,17.0,20.0,61.0,315.0,5.2,11.0,152.0,163.0,33.0,4.9,5.4,17.0,27.0,7.0,12.0,0.0,1.0,2.0,3.0,1.0,3.0,30.0,0.0,0.0,0.0,2044.0,18.0,57.0,346.0,6.1,11.0,244.0,102.0,20.0,5.1,6.6,22.0,35.0,5.0,12.0,1.0,2.0,1.0,3.0,2.0,6.0,35.0,4.0,1.0,3.0,1556.0,ESPN BET,1.57,2.5,-105.0,105.0,1.95,1.8,47.5,,
401437946,2023-01-01,2023-01-01T21:25Z,2022,regular,17,False,LAC,LAR,31.0,10.0,22.0,62.0,431.0,7.0,9.0,239.0,192.0,31.0,6.2,7.7,24.0,31.0,8.0,13.0,0.0,0.0,3.0,3.0,0.0,2.0,19.0,0.0,0.0,0.0,1912.0,12.0,48.0,277.0,5.8,10.0,111.0,166.0,26.0,6.4,5.0,11.0,19.0,4.0,11.0,0.0,0.0,0.0,1.0,3.0,3.0,22.0,1.0,1.0,0.0,1688.0,ESPN BET,1.36,3.1,-120.0,120.0,1.83,1.91,41.5,,
401437934,2023-01-02,2023-01-02T01:20Z,2022,regular,17,False,BAL,PIT,13.0,16.0,15.0,50.0,240.0,4.8,8.0,120.0,120.0,28.0,4.3,5.5,14.0,21.0,5.0,12.0,0.0,0.0,1.0,2.0,1.0,4.0,30.0,1.0,0.0,1.0,1546.0,22.0,70.0,351.0,5.0,9.0,153.0,198.0,41.0,4.8,5.3,15.0,27.0,10.0,16.0,0.0,0.0,1.0,3.0,2.0,6.0,43.0,0.0,0.0,0.0,2054.0,ESPN BET,1.8,2.05,-105.0,105.0,1.95,1.87,35.5,,
401437961,2023-01-07,2023-01-07T21:30Z,2022,regular,18,False,LV,KC,13.0,31.0,21.0,67.0,279.0,4.2,9.0,180.0,99.0,25.0,4.0,4.3,22.0,36.0,8.0,16.0,0.0,2.0,1.0,3.0,6.0,6.0,47.0,2.0,1.0,1.0,2053.0,21.0,56.0,349.0,6.2,10.0,181.0,168.0,28.0,6.0,6.5,18.0,26.0,5.0,9.0,0.0,0.0,4.0,5.0,2.0,5.0,43.0,0.0,0.0,0.0,1547.0,ESPN BET,4.0,1.22,-120.0,120.0,1.83,1.91,51.5,,
401437948,2023-01-08,2023-01-08T18:00Z,2022,regular,18,False,ATL,TB,30.0,17.0,22.0,67.0,382.0,5.7,11.0,208.0,174.0,35.0,5.0,6.5,19.0,30.0,6.0,15.0,3.0,3.0,3.0,4.0,2.0,2.0,18.0,1.0,1.0,0.0,2089.0,12.0,54.0,222.0,4.1,11.0,136.0,86.0,20.0,4.3,4.0,22.0,34.0,6.0,13.0,0.0,1.0,2.0,3.0,0.0,3.0,30.0,1.0,1.0,0.0,1511.0,ESPN BET,1.45,2.7,-115.0,115.0,1.87,1.87,39.5,,
401437949,2023-01-08,2023-01-08T18:00Z,2022,regular,18,False,BUF,NE,35.0,23.0,18.0,58.0,327.0,5.6,11.0,237.0,90.0,25.0,3.6,7.2,19.0,31.0,7.0,12.0,0.0,0.0,1.0,2.0,2.0,2.0,20.0,3.0,2.0,1.0,1643.0,20.0,64.0,341.0,5.3,12.0,234.0,107.0,23.0,4.7,5.7,26.0,40.0,4.0,13.0,2.0,2.0,2.0,4.0,1.0,2.0,20.0,3.0,0.0,3.0,1957.0,ESPN BET,1.26,4.0,-115.0,115.0,1.87,1.87,43.5,,
401437950,2023-01-08,2023-01-08T18:00Z,2022,regular,18,False,CHI,MIN,13.0,29.0,13.0,50.0,259.0,5.2,10.0,141.0,118.0,22.0,5.4,5.0,13.0,27.0,2.0,9.0,0.0,3.0,1.0,1.0,1.0,2.0,20.0,2.0,0.0,2.0,1404.0,28.0,71.0,482.0,6.8,10.0,341.0,141.0,38.0,3.7,10.3,28.0,33.0,6.0,11.0,0.0,0.0,3.0,5.0,0.0,8.0,36.0,2.0,1.0,1.0,2196.0,ESPN BET,3.45,1.33,-125.0,125.0,1.8,1.95,41.5,,
401437951,2023-01-08,2023-01-08T18:00Z,2022,regular,18,False,CIN,BAL,27.0,16.0,15.0,64.0,257.0,4.0,13.0,202.0,55.0,20.0,2.8,4.6,25.0,42.0,5.0,15.0,0.0,1.0,1.0,3.0,2.0,3.0,35.0,1.0,1.0,0.0,1879.0,20.0,75.0,386.0,5.1,15.0,276.0,110.0,27.0,4.1,5.8,19.0,44.0,6.0,16.0,0.0,2.0,1.0,3.0,4.0,5.0,22.0,4.0,2.0,2.0,1721.0,ESPN BET,1.15,5.75,-115.0,115.0,1.87,1.87,38.5,,
401437953,2023-01-08,2023-01-08T18:00Z,2022,regular,18,False,IND,HOU,31.0,32.0,25.0,70.0,398.0,5.7,12.0,202.0,196.0,33.0,5.9,5.5,23.0,35.0,4.0,13.0,2.0,3.0,3.0,5.0,2.0,2.0,10.0,3.0,1.0,2.0,2033.0,18.0,64.0,360.0,5.6,11.0,301.0,59.0,23.0,2.6,7.3,24.0,40.0,5.0,14.0,2.0,2.0,3.0,4.0,1.0,7.0,41.0,3.0,1.0,2.0,1567.0,ESPN BET,1.71,2.1,-115.0,115.0,1.87,1.87,36.5,,
401437954,2023-01-08,2023-01-08T01:15Z,2022,regular,18,False,JAX,TEN,20.0,16.0,13.0,47.0,222.0,4.7,9.0,203.0,19.0,14.0,1.4,6.2,20.0,32.0,5.0,11.0,0.0,0.0,0.0,2.0,1.0,4.0,25.0,1.0,1.0,0.0,1428.0,19.0,72.0,312.0,4.3,10.0,165.0,147.0,39.0,3.8,5.0,20.0,29.0,6.0,17.0,2.0,3.0,0.0,1.0,4.0,6.0,40.0,2.0,1.0,1.0,2172.0,ESPN BET,1.38,3.2,-120.0,120.0,1.83,1.91,39.5,,
401437955,2023-01-08,2023-01-08T18:00Z,2022,regular,18,False,MIA,NYJ,11.0,6.0,17.0,64.0,302.0,4.7,9.0,140.0,162.0,32.0,5.1,4.4,20.0,31.0,4.0,13.0,1.0,2.0,0.0,2.0,1.0,5.0,47.0,0.0,0.0,0.0,2125.0,11.0,53.0,187.0,3.5,9.0,149.0,38.0,20.0,1.9,4.5,18.0,33.0,7.0,16.0,0.0,0.0,0.0,2.0,0.0,6.0,54.0,0.0,0.0,0.0,1475.0,ESPN BET,1.5,2.6,-120.0,120.0,1.83,1.91,35.5,,
401437956,2023-01-08,2023-01-08T18:00Z,2022,regular,18,False,NO,CAR,7.0,10.0,16.0,58.0,304.0,5.2,10.0,161.0,143.0,32.0,4.5,6.2,15.0,25.0,4.0,13.0,0.0,1.0,0.0,0.0,1.0,2.0,15.0,1.0,1.0,0.0,1745.0,14.0,58.0,203.0,3.5,11.0,32.0,171.0,41.0,4.2,1.9,5.0,15.0,8.0,14.0,0.0,0.0,1.0,1.0,2.0,2.0,20.0,2.0,0.0,2.0,1855.0,ESPN BET,1.56,2.4,-125.0,125.0,1.8,1.95,40.5,,
401437957,2023-01-08,2023-01-08T21:25Z,2022,regular,18,False,PHI,NYG,22.0,16.0,23.0,72.0,342.0,4.8,11.0,207.0,135.0,34.0,4.0,5.4,20.0,35.0,5.0,14.0,0.0,0.0,1.0,5.0,3.0,4.0,30.0,1.0,0.0,1.0,1886.0,18.0,63.0,284.0,4.5,10.0,155.0,129.0,21.0,6.1,3.7,23.0,40.0,4.0,14.0,2.0,3.0,1.0,2.0,2.0,8.0,66.0,0.0,0.0,0.0,1714.0,ESPN BET,1.07,10.0,-125.0,125.0,1.8,1.95,42.5,,
401437958,2023-01-08,2023-01-08T18:00Z,2022,regular,18,False,PIT,CLE,28.0,14.0,23.0,67.0,333.0,5.0,9.0,189.0,144.0,37.0,3.9,6.3,13.0,29.0,9.0,15.0,0.0,0.0,2.0,4.0,1.0,4.0,20.0,1.0,1.0,0.0,1856.0,18.0,58.0,307.0,5.3,10.0,173.0,134.0,22.0,6.1,4.8,19.0,29.0,5.0,12.0,1.0,2.0,2.0,2.0,7.0,9.0,65.0,2.0,0.0,2.0,1744.0,ESPN BET,1.69,2.25,-120.0,120.0,1.83,1.91,38.5,,
401437959,2023-01-08,2023-01-08T21:25Z,2022,regular,18,False,WSH,DAL,26.0,6.0,16.0,63.0,309.0,4.9,15.0,158.0,151.0,41.0,3.7,7.2,11.0,19.0,3.0,14.0,0.0,0.0,2.0,6.0,3.0,2.0,10.0,1.0,0.0,1.0,2172.0,10.0,66.0,182.0,2.8,15.0,118.0,64.0,27.0,2.4,3.0,14.0,38.0,4.0,18.0,1.0,3.0,1.0,1.0,1.0,6.0,74.0,2.0,1.0,1.0,1428.0,ESPN BET,3.6,1.31,-120.0,120.0,1.83,1.91,39.5,,
401437960,2023-01-08,2023-01-08T21:25Z,2022,regular,18,False,DEN,LAC,31.0,28.0,22.0,62.0,471.0,7.6,12.0,266.0,205.0,36.0,5.7,10.2,13.0,24.0,5.0,12.0,1.0,1.0,2.0,3.0,2.0,3.0,36.0,2.0,1.0,1.0,1863.0,21.0,67.0,352.0,5.3,13.0,293.0,59.0,22.0,2.7,6.5,30.0,44.0,7.0,14.0,0.0,0.0,3.0,4.0,1.0,5.0,34.0,2.0,2.0,0.0,1737.0,ESPN BET,1.38,3.0,,,2.0,1.83,38.5,,
401437962,2023-01-08,2023-01-08T21:25Z,2022,regular,18,False,SF,ARI,38.0,13.0,21.0,61.0,311.0,5.1,12.0,142.0,169.0,37.0,4.6,5.9,15.0,20.0,6.0,13.0,0.0,1.0,4.0,6.0,4.0,2.0,10.0,0.0,0.0,0.0,2054.0,11.0,50.0,255.0,5.1,13.0,194.0,61.0,20.0,3.1,6.5,20.0,27.0,4.0,10.0,0.0,2.0,1.0,1.0,3.0,7.0,50.0,4.0,1.0,3.0,1546.0,ESPN BET,1.09,8.0,-125.0,125.0,1.8,1.95,39.5,,
401437963,2023-01-08,2023-01-08T21:25Z,2022,regular,18,False,SEA,LAR,19.0,16.0,22.0,70.0,402.0,5.7,13.0,205.0,197.0,36.0,5.5,6.0,19.0,31.0,1.0,11.0,1.0,1.0,0.0,4.0,3.0,4.0,20.0,2.0,0.0,2.0,2131.0,14.0,59.0,269.0,4.6,12.0,123.0,146.0,28.0,5.2,4.0,13.0,26.0,4.0,14.0,1.0,1.0,1.0,3.0,5.0,3.0,35.0,1.0,0.0,1.0,1795.0,ESPN BET,1.42,3.0,-115.0,115.0,1.87,1.87,42.5,,
401437952,2023-01-09,2023-01-09T01:20Z,2022,regular,18,False,GB,DET,16.0,20.0,17.0,57.0,291.0,5.1,9.0,188.0,103.0,28.0,3.7,6.5,17.0,27.0,4.0,12.0,1.0,2.0,1.0,2.0,2.0,4.0,35.0,2.0,1.0,1.0,1935.0,21.0,60.0,323.0,5.4,10.0,219.0,104.0,25.0,4.2,6.3,23.0,34.0,4.0,12.0,2.0,2.0,2.0,5.0,1.0,5.0,75.0,0.0,0.0,0.0,1665.0,ESPN BET,1.4,3.1,105.0,-105.0,2.05,1.8,48.5,,
401438000,2023-01-14,2023-01-14T21:30Z,2022,playoffs,1,False,SF,SEA,41.0,23.0,24.0,64.0,505.0,7.9,10.0,324.0,181.0,33.0,5.5,10.5,18.0,30.0,6.0,11.0,0.0,0.0,3.0,6.0,1.0,3.0,28.0,0.0,0.0,0.0,1966.0,22.0,63.0,332.0,5.3,10.0,228.0,104.0,25.0,4.2,6.0,25.0,35.0,6.0,13.0,1.0,1.0,2.0,3.0,3.0,5.0,30.0,2.0,1.0,1.0,1634.0,ESPN BET,1.21,4.75,-120.0,120.0,1.83,1.91,42.5,,
401437998,2023-01-15,2023-01-15T01:15Z,2022,playoffs,1,False,JAX,LAC,31.0,30.0,24.0,70.0,390.0,5.6,12.0,273.0,117.0,21.0,5.6,5.6,28.0,47.0,2.0,10.0,2.0,3.0,3.0,4.0,2.0,3.0,30.0,5.0,1.0,4.0,1641.0,18.0,69.0,320.0,4.6,13.0,253.0,67.0,23.0,2.9,5.5,25.0,43.0,8.0,17.0,0.0,0.0,3.0,5.0,3.0,7.0,42.0,0.0,0.0,0.0,1959.0,ESPN BET,2.15,1.74,-120.0,120.0,1.83,1.91,46.5,,
401438001,2023-01-15,2023-01-15T21:50Z,2022,playoffs,1,False,MIN,NYG,24.0,31.0,21.0,56.0,332.0,5.9,8.0,271.0,61.0,16.0,3.8,6.8,32.0,40.0,4.0,10.0,1.0,2.0,3.0,4.0,0.0,3.0,12.0,0.0,0.0,0.0,1584.0,28.0,68.0,431.0,6.3,9.0,289.0,142.0,30.0,4.7,7.6,24.0,35.0,7.0,13.0,2.0,2.0,3.0,4.0,3.0,5.0,45.0,0.0,0.0,0.0,2016.0,ESPN BET,1.67,2.3,-125.0,125.0,1.8,2.05,47.5,,
401438002,2023-01-15,2023-01-15T18:00Z,2022,playoffs,1,False,BUF,MIA,34.0,31.0,25.0,72.0,423.0,5.9,16.0,316.0,107.0,26.0,4.1,6.9,23.0,39.0,9.0,16.0,0.0,1.0,3.0,4.0,7.0,2.0,13.0,3.0,1.0,2.0,1933.0,16.0,69.0,231.0,3.3,15.0,189.0,42.0,20.0,2.1,3.9,18.0,45.0,4.0,16.0,1.0,2.0,2.0,4.0,4.0,7.0,34.0,2.0,0.0,2.0,1667.0,ESPN BET,1.09,8.5,-120.0,120.0,1.83,1.91,44.5,,
401437999,2023-01-16,2023-01-16T01:15Z,2022,playoffs,1,False,CIN,BAL,24.0,17.0,18.0,54.0,234.0,4.3,8.0,183.0,51.0,18.0,2.8,5.1,23.0,32.0,7.0,13.0,0.0,0.0,2.0,2.0,4.0,7.0,42.0,1.0,1.0,0.0,1654.0,23.0,66.0,364.0,5.5,9.0,209.0,155.0,35.0,4.4,6.7,17.0,29.0,3.0,11.0,2.0,3.0,1.0,4.0,2.0,4.0,36.0,2.0,1.0,1.0,1946.0,ESPN BET,1.25,4.2,-120.0,120.0,1.83,1.91,40.5,,
401438003,2023-01-17,2023-01-17T01:15Z,2022,playoffs,1,False,TB,DAL,14.0,31.0,24.0,80.0,386.0,4.8,11.0,334.0,52.0,12.0,4.3,4.9,35.0,66.0,10.0,18.0,1.0,3.0,1.0,3.0,2.0,3.0,34.0,1.0,0.0,1.0,1526.0,26.0,69.0,425.0,6.2,10.0,297.0,128.0,35.0,3.7,8.7,25.0,33.0,7.0,13.0,2.0,2.0,4.0,4.0,1.0,2.0,15.0,0.0,0.0,0.0,2074.0,ESPN BET,2.2,1.71,105.0,-105.0,2.05,1.8,45.5,,
401438005,2023-01-21,2023-01-21T21:30Z,2022,playoffs,2,False,KC,JAX,27.0,20.0,23.0,67.0,362.0,5.4,11.0,218.0,144.0,30.0,4.8,5.9,27.0,37.0,6.0,12.0,0.0,0.0,3.0,3.0,0.0,3.0,30.0,0.0,0.0,0.0,2101.0,20.0,60.0,349.0,5.8,10.0,205.0,144.0,19.0,7.6,5.0,24.0,39.0,7.0,13.0,0.0,0.0,2.0,3.0,2.0,5.0,40.0,2.0,1.0,1.0,1499.0,ESPN BET,1.19,5.0,-110.0,110.0,1.91,1.83,52.5,,
401438004,2023-01-22,2023-01-22T01:15Z,2022,playoffs,2,False,PHI,NYG,38.0,7.0,26.0,69.0,416.0,6.0,10.0,148.0,268.0,44.0,6.1,5.9,16.0,24.0,10.0,14.0,0.0,0.0,4.0,5.0,1.0,5.0,25.0,0.0,0.0,0.0,2143.0,13.0,52.0,227.0,4.4,10.0,109.0,118.0,20.0,5.9,3.4,15.0,27.0,5.0,13.0,1.0,3.0,1.0,1.0,5.0,1.0,5.0,1.0,0.0,1.0,1457.0,ESPN BET,1.27,4.0,-120.0,120.0,1.83,1.91,48.5,,
401438006,2023-01-22,2023-01-22T23:30Z,2022,playoffs,2,False,SF,DAL,19.0,12.0,21.0,63.0,312.0,5.0,9.0,199.0,113.0,32.0,3.5,6.4,19.0,29.0,7.0,14.0,0.0,0.0,1.0,3.0,2.0,3.0,30.0,1.0,1.0,0.0,1973.0,15.0,60.0,282.0,4.7,10.0,206.0,76.0,22.0,3.5,5.4,23.0,37.0,5.0,15.0,2.0,2.0,1.0,3.0,1.0,7.0,50.0,2.0,0.0,2.0,1627.0,ESPN BET,1.54,2.55,-110.0,110.0,1.91,1.83,46.5,,
401438007,2023-01-22,2023-01-22T20:00Z,2022,playoffs,2,False,BUF,CIN,10.0,27.0,19.0,62.0,325.0,5.2,8.0,261.0,64.0,19.0,3.4,6.1,25.0,42.0,5.0,12.0,1.0,2.0,1.0,3.0,1.0,8.0,60.0,1.0,0.0,1.0,1566.0,30.0,71.0,412.0,5.8,9.0,240.0,172.0,34.0,5.1,6.5,23.0,36.0,6.0,10.0,0.0,0.0,2.0,4.0,1.0,2.0,9.0,0.0,0.0,0.0,2034.0,ESPN BET,1.4,3.0,-110.0,110.0,1.91,1.83,48.5,,
401438008,2023-01-29,2023-01-29T23:30Z,2022,playoffs,3,False,KC,CIN,23.0,20.0,23.0,66.0,357.0,5.4,10.0,315.0,42.0,20.0,2.1,6.8,29.0,43.0,7.0,14.0,1.0,1.0,2.0,3.0,3.0,4.0,55.0,1.0,1.0,0.0,1971.0,18.0,63.0,309.0,4.9,11.0,238.0,71.0,17.0,4.2,5.2,26.0,41.0,6.0,14.0,1.0,1.0,1.0,3.0,5.0,9.0,71.0,2.0,0.0,2.0,1629.0,ESPN BET,1.74,2.15,-120.0,120.0,1.83,1.91,47.5,,
401438009,2023-01-29,2023-01-29T20:00Z,2022,playoffs,3,False,PHI,SF,31.0,7.0,25.0,70.0,269.0,3.8,10.0,121.0,148.0,44.0,3.4,4.7,15.0,25.0,5.0,15.0,3.0,3.0,4.0,6.0,1.0,4.0,34.0,0.0,0.0,0.0,2246.0,11.0,45.0,164.0,3.6,10.0,83.0,81.0,24.0,3.4,4.0,11.0,18.0,2.0,8.0,0.0,2.0,0.0,0.0,3.0,11.0,81.0,3.0,3.0,0.0,1354.0,ESPN BET,1.65,2.35,-130.0,130.0,1.77,2.1,44.5,,
401438030,2023-02-12,2023-02-12T23:30Z,2022,playoffs,5,True,PHI,KC,35.0,38.0,25.0,72.0,417.0,5.8,10.0,302.0,115.0,32.0,3.6,7.6,27.0,38.0,11.0,18.0,2.0,2.0,3.0,5.0,2.0,6.0,33.0,1.0,1.0,0.0,2147.0,21.0,53.0,340.0,6.4,8.0,182.0,158.0,26.0,6.1,6.7,21.0,27.0,4.0,8.0,0.0,0.0,4.0,5.0,0.0,3.0,14.0,0.0,0.0,0.0,1453.0,ESPN BET,1.87,1.95,-110.0,110.0,1.91,1.87,51.5,,
401547654,2023-08-04,2023-08-04T00:00Z,2023,pretemporada,1,True,CLE,NYJ,21.0,16.0,23.0,64.0,339.0,5.3,11.0,167.0,172.0,33.0,5.2,5.4,21.0,30.0,7.0,13.0,1.0,1.0,2.0,2.0,1.0,10.0,103.0,2.0,1.0,1.0,2154.0,9.0,47.0,188.0,4.0,11.0,135.0,53.0,23.0,2.3,5.6,10.0,23.0,2.0,12.0,0.0,2.0,1.0,1.0,1.0,12.0,80.0,1.0,0.0,1.0,1446.0,ESPN BET,2.15,1.74,-110.0,110.0,1.91,1.91,33.5,,
401548631,2023-08-10,2023-08-10T23:00Z,2023,pretemporada,2,False,NE,HOU,9.0,20.0,9.0,49.0,164.0,3.3,10.0,86.0,78.0,25.0,3.1,3.6,16.0,21.0,3.0,12.0,1.0,2.0,1.0,2.0,3.0,5.0,41.0,0.0,0.0,0.0,1652.0,17.0,61.0,265.0,4.3,10.0,176.0,89.0,30.0,3.0,5.7,20.0,30.0,7.0,15.0,1.0,1.0,3.0,3.0,1.0,3.0,30.0,2.0,1.0,1.0,1948.0,ESPN BET,2.45,1.57,-125.0,125.0,1.8,2.05,36.5,,
401548624,2023-08-11,2023-08-11T23:00Z,2023,pretemporada,2,False,CIN,GB,19.0,36.0,12.0,63.0,274.0,4.3,13.0,208.0,66.0,17.0,3.9,4.5,25.0,45.0,4.0,15.0,0.0,1.0,0.0,1.0,1.0,10.0,95.0,2.0,0.0,2.0,1750.0,21.0,63.0,437.0,6.9,14.0,254.0,183.0,26.0,7.0,6.9,27.0,36.0,5.0,13.0,0.0,1.0,4.0,4.0,1.0,7.0,70.0,3.0,1.0,2.0,1850.0,ESPN BET,2.6,1.51,-115.0,115.0,1.87,1.87,34.5,,
401548626,2023-08-11,2023-08-11T23:00Z,2023,pretemporada,2,False,MIA,ATL,3.0,19.0,20.0,61.0,317.0,5.2,10.0,149.0,168.0,26.0,6.5,4.3,19.0,30.0,3.0,10.0,0.0,2.0,0.0,3.0,5.0,8.0,72.0,4.0,1.0,3.0,1918.0,13.0,53.0,227.0,4.3,9.0,125.0,102.0,26.0,3.9,4.6,14.0,23.0,3.0,12.0,1.0,2.0,1.0,2.0,4.0,6.0,50.0,0.0,0.0,0.0,1682.0,ESPN BET,1.69,2.2,-115.0,115.0,1.87,1.95,37.5,,
401549309,2023-08-11,2023-08-11T23:30Z,2023,pretemporada,2,False,CLE,WSH,15.0,17.0,23.0,72.0,374.0,5.2,11.0,257.0,117.0,30.0,3.9,6.1,27.0,41.0,7.0,14.0,1.0,2.0,1.0,2.0,1.0,5.0,39.0,2.0,1.0,1.0,1895.0,17.0,58.0,276.0,4.8,11.0,165.0,111.0,27.0,4.1,5.3,20.0,29.0,3.0,11.0,1.0,1.0,1.0,2.0,2.0,7.0,55.0,2.0,0.0,2.0,1705.0,ESPN BET,1.61,2.35,-120.0,120.0,1.83,2.0,37.5,,
401550178,2023-08-11,2023-08-11T23:00Z,2023,pretemporada,2,False,TB,PIT,17.0,27.0,18.0,66.0,322.0,4.9,12.0,256.0,66.0,26.0,2.5,6.4,24.0,36.0,4.0,14.0,0.0,2.0,2.0,3.0,4.0,12.0,127.0,2.0,1.0,1.0,1923.0,19.0,60.0,306.0,5.1,14.0,214.0,92.0,26.0,3.5,6.3,19.0,31.0,4.0,12.0,0.0,0.0,1.0,2.0,3.0,6.0,46.0,2.0,0.0,2.0,1677.0,ESPN BET,2.35,1.63,-110.0,110.0,1.91,1.91,39.5,,
401550739,2023-08-11,2023-08-11T23:00Z,2023,pretemporada,2,False,DET,NYG,21.0,16.0,19.0,69.0,327.0,4.7,11.0,230.0,97.0,33.0,2.9,6.4,19.0,35.0,7.0,15.0,1.0,3.0,1.0,3.0,1.0,6.0,45.0,2.0,0.0,2.0,1992.0,13.0,55.0,216.0,3.9,12.0,135.0,81.0,22.0,3.7,4.1,18.0,28.0,2.0,13.0,0.0,2.0,1.0,2.0,5.0,8.0,80.0,1.0,0.0,1.0,1608.0,ESPN BET,2.0,1.83,-115.0,115.0,1.87,1.87,35.5,,
401550740,2023-08-11,2023-08-11T02:00Z,2023,pretemporada,2,False,SEA,MIN,24.0,13.0,15.0,55.0,332.0,6.0,12.0,226.0,106.0,26.0,4.1,7.8,21.0,28.0,4.0,11.0,0.0,0.0,2.0,3.0,1.0,9.0,65.0,1.0,0.0,1.0,1837.0,16.0,62.0,248.0,4.0,10.0,165.0,83.0,26.0,3.2,4.6,20.0,34.0,4.0,14.0,1.0,3.0,1.0,2.0,2.0,5.0,34.0,1.0,1.0,0.0,1763.0,ESPN BET,1.57,2.45,-110.0,110.0,1.91,1.83,37.5,,
401547659,2023-08-12,2023-08-12T23:00Z,2023,pretemporada,2,False,BAL,PHI,20.0,19.0,18.0,60.0,272.0,4.5,11.0,139.0,133.0,28.0,4.8,4.3,19.0,31.0,8.0,14.0,0.0,0.0,2.0,3.0,1.0,4.0,35.0,2.0,1.0,1.0,1478.0,20.0,73.0,335.0,4.6,10.0,181.0,154.0,34.0,4.5,4.6,18.0,35.0,8.0,18.0,2.0,4.0,1.0,2.0,4.0,7.0,40.0,1.0,1.0,0.0,2122.0,ESPN BET,1.34,3.3,-115.0,115.0,1.87,1.95,35.5,,
401547663,2023-08-12,2023-08-12T17:00Z,2023,pretemporada,2,False,BUF,IND,23.0,19.0,20.0,59.0,348.0,5.9,10.0,266.0,82.0,26.0,3.2,8.1,22.0,30.0,6.0,12.0,1.0,1.0,2.0,3.0,3.0,8.0,59.0,2.0,1.0,1.0,1829.0,23.0,61.0,289.0,4.7,8.0,193.0,96.0,31.0,3.1,6.4,21.0,27.0,5.0,10.0,0.0,2.0,2.0,3.0,3.0,4.0,48.0,1.0,0.0,1.0,1771.0,ESPN BET,2.5,1.56,-110.0,110.0,1.91,1.83,36.5,,
401548411,2023-08-12,2023-08-12T17:00Z,2023,pretemporada,2,False,CHI,TEN,23.0,17.0,13.0,53.0,337.0,6.4,12.0,237.0,100.0,29.0,3.4,9.9,15.0,22.0,4.0,12.0,1.0,1.0,0.0,3.0,2.0,7.0,55.0,3.0,2.0,1.0,1628.0,20.0,72.0,372.0,5.2,13.0,246.0,126.0,25.0,5.0,5.2,25.0,39.0,5.0,15.0,1.0,2.0,2.0,3.0,8.0,7.0,44.0,4.0,2.0,2.0,1972.0,ESPN BET,1.54,2.55,,,2.0,1.83,37.5,,
401548496,2023-08-12,2023-08-12T02:00Z,2023,pretemporada,2,False,ARI,DEN,18.0,17.0,20.0,73.0,309.0,4.2,11.0,208.0,101.0,27.0,3.7,4.5,25.0,41.0,9.0,18.0,1.0,1.0,2.0,3.0,5.0,4.0,52.0,1.0,0.0,1.0,2110.0,20.0,61.0,312.0,5.1,11.0,190.0,122.0,22.0,5.5,4.9,19.0,37.0,5.0,14.0,1.0,1.0,1.0,2.0,2.0,6.0,46.0,1.0,0.0,1.0,1490.0,ESPN BET,3.0,1.4,-105.0,105.0,1.95,1.8,37.5,,
401548620,2023-08-12,2023-08-12T21:00Z,2023,pretemporada,2,False,DAL,JAX,23.0,28.0,22.0,69.0,340.0,4.9,11.0,246.0,94.0,22.0,4.3,5.2,32.0,43.0,5.0,15.0,3.0,3.0,3.0,4.0,4.0,6.0,45.0,3.0,2.0,1.0,1658.0,21.0,72.0,414.0,5.8,13.0,269.0,145.0,36.0,4.0,7.5,20.0,36.0,10.0,17.0,1.0,3.0,4.0,5.0,0.0,13.0,86.0,2.0,1.0,1.0,1942.0,ESPN BET,2.55,1.54,-110.0,110.0,1.91,1.83,37.5,,
401550833,2023-08-12,2023-08-12T20:00Z,2023,pretemporada,2,False,CAR,NYJ,0.0,27.0,10.0,48.0,165.0,3.4,10.0,113.0,52.0,15.0,3.5,3.4,19.0,28.0,3.0,11.0,0.0,2.0,0.0,0.0,5.0,5.0,35.0,2.0,1.0,1.0,1450.0,21.0,68.0,333.0,4.9,9.0,192.0,141.0,37.0,3.8,6.2,23.0,30.0,7.0,15.0,2.0,2.0,3.0,4.0,1.0,3.0,35.0,1.0,0.0,1.0,2150.0,ESPN BET,1.63,2.35,115.0,-115.0,2.15,1.74,35.5,,
401547666,2023-08-13,2023-08-13T01:00Z,2023,pretemporada,2,False,LAR,LAC,17.0,34.0,21.0,63.0,263.0,4.2,11.0,164.0,99.0,24.0,4.1,4.2,20.0,35.0,4.0,13.0,0.0,0.0,2.0,3.0,4.0,9.0,111.0,0.0,0.0,0.0,1902.0,20.0,58.0,319.0,5.5,10.0,105.0,214.0,31.0,6.9,3.9,16.0,24.0,4.0,10.0,0.0,0.0,1.0,2.0,3.0,11.0,106.0,0.0,0.0,0.0,1698.0,ESPN BET,1.71,2.2,-120.0,120.0,1.83,1.91,33.5,,
401548628,2023-08-13,2023-08-13T17:00Z,2023,pretemporada,2,False,NO,KC,26.0,24.0,21.0,69.0,334.0,4.8,13.0,239.0,95.0,28.0,3.4,5.8,27.0,38.0,7.0,16.0,0.0,0.0,2.0,4.0,3.0,9.0,81.0,1.0,0.0,1.0,1994.0,17.0,59.0,346.0,5.9,13.0,263.0,83.0,17.0,4.9,6.3,22.0,40.0,5.0,13.0,0.0,1.0,3.0,4.0,2.0,7.0,61.0,2.0,0.0,2.0,1606.0,ESPN BET,1.77,2.0,-110.0,110.0,1.91,1.91,38.5,,
401550918,2023-08-13,2023-08-13T20:00Z,2023,pretemporada,2,False,LV,SF,34.0,7.0,19.0,59.0,266.0,4.5,12.0,146.0,120.0,35.0,3.4,6.1,18.0,23.0,5.0,13.0,0.0,1.0,4.0,4.0,1.0,3.0,27.0,0.0,0.0,0.0,1897.0,16.0,58.0,283.0,4.9,13.0,214.0,69.0,23.0,3.0,6.1,20.0,31.0,2.0,10.0,0.0,2.0,1.0,1.0,4.0,7.0,55.0,2.0,1.0,1.0,1703.0,ESPN BET,2.65,1.5,-115.0,115.0,1.87,1.95,37.5,,
401547661,2023-08-17,2023-08-17T23:30Z,2023,pretemporada,3,False,PHI,CLE,18.0,18.0,16.0,60.0,315.0,5.2,13.0,205.0,110.0,19.0,5.8,5.0,19.0,35.0,2.0,10.0,1.0,2.0,0.0,1.0,6.0,11.0,55.0,2.0,1.0,1.0,1283.0,21.0,83.0,399.0,4.8,13.0,289.0,110.0,33.0,3.3,5.8,25.0,49.0,10.0,22.0,2.0,2.0,0.0,2.0,1.0,8.0,76.0,1.0,1.0,0.0,2317.0,ESPN BET,1.54,2.55,-120.0,120.0,1.83,1.91,36.5,,
401548625,2023-08-18,2023-08-18T23:30Z,2023,pretemporada,3,False,ATL,CIN,13.0,13.0,21.0,67.0,391.0,5.8,9.0,275.0,116.0,27.0,4.3,6.9,24.0,36.0,6.0,15.0,0.0,2.0,1.0,3.0,4.0,13.0,102.0,1.0,0.0,1.0,1990.0,20.0,57.0,280.0,4.9,10.0,197.0,83.0,20.0,4.2,5.3,23.0,36.0,5.0,12.0,0.0,2.0,1.0,2.0,1.0,7.0,55.0,1.0,0.0,1.0,1610.0,ESPN BET,1.42,3.0,,,2.0,1.83,38.5,,
401550834,2023-08-18,2023-08-18T23:00Z,2023,pretemporada,3,False,NYG,CAR,21.0,19.0,17.0,60.0,290.0,4.8,10.0,230.0,60.0,25.0,2.4,6.6,26.0,33.0,5.0,12.0,1.0,3.0,2.0,2.0,2.0,10.0,82.0,0.0,0.0,0.0,1736.0,15.0,56.0,235.0,4.2,9.0,134.0,101.0,28.0,3.6,4.8,14.0,26.0,5.0,12.0,0.0,2.0,1.0,2.0,2.0,8.0,64.0,0.0,0.0,0.0,1864.0,ESPN BET,1.59,2.45,-105.0,105.0,1.95,1.87,37.5,,
401547662,2023-08-19,2023-08-19T22:30Z,2023,pretemporada,3,False,PIT,BUF,27.0,15.0,17.0,60.0,265.0,4.4,12.0,144.0,121.0,33.0,3.7,5.3,18.0,24.0,7.0,15.0,0.0,0.0,1.0,3.0,3.0,4.0,26.0,1.0,1.0,0.0,1867.0,20.0,58.0,339.0,5.8,12.0,267.0,72.0,20.0,3.6,7.0,26.0,37.0,3.0,8.0,0.0,0.0,2.0,3.0,1.0,13.0,93.0,4.0,1.0,3.0,1733.0,ESPN BET,2.0,1.83,-110.0,110.0,1.91,1.83,41.5,,
401547664,2023-08-19,2023-08-19T23:00Z,2023,pretemporada,3,False,IND,CHI,24.0,17.0,21.0,61.0,343.0,5.6,10.0,220.0,123.0,31.0,4.0,7.3,22.0,29.0,4.0,11.0,0.0,2.0,3.0,4.0,1.0,7.0,62.0,0.0,0.0,0.0,1814.0,18.0,66.0,309.0,4.7,11.0,176.0,133.0,30.0,4.4,4.9,20.0,32.0,5.0,14.0,1.0,2.0,1.0,1.0,4.0,8.0,59.0,1.0,1.0,0.0,1786.0,ESPN BET,1.48,2.8,-105.0,105.0,1.95,1.87,37.5,,
401547665,2023-08-19,2023-08-19T20:00Z,2023,pretemporada,3,False,HOU,MIA,3.0,28.0,10.0,48.0,186.0,3.9,10.0,154.0,32.0,14.0,2.3,4.5,17.0,34.0,2.0,12.0,1.0,3.0,0.0,2.0,0.0,7.0,35.0,0.0,0.0,0.0,1278.0,23.0,69.0,398.0,5.8,10.0,193.0,205.0,38.0,5.4,6.2,20.0,29.0,9.0,15.0,2.0,2.0,4.0,4.0,2.0,6.0,34.0,1.0,0.0,1.0,2322.0,ESPN BET,1.8,2.0,-105.0,105.0,1.95,1.87,39.5,,
401548621,2023-08-19,2023-08-19T17:00Z,2023,pretemporada,3,False,DET,JAX,7.0,25.0,9.0,50.0,131.0,2.6,12.0,96.0,35.0,19.0,1.8,3.1,14.0,29.0,1.0,12.0,2.0,2.0,1.0,1.0,2.0,5.0,40.0,2.0,1.0,1.0,1348.0,22.0,70.0,399.0,5.7,12.0,254.0,145.0,35.0,4.1,7.3,22.0,32.0,5.0,13.0,0.0,1.0,3.0,4.0,3.0,4.0,31.0,1.0,0.0,1.0,2252.0,ESPN BET,2.2,1.69,,,2.0,1.83,38.5,,
401550836,2023-08-19,2023-08-19T23:30Z,2023,pretemporada,3,False,NYJ,TB,6.0,13.0,14.0,53.0,281.0,5.3,10.0,176.0,105.0,16.0,6.6,4.8,22.0,37.0,4.0,12.0,0.0,1.0,0.0,3.0,0.0,8.0,75.0,3.0,2.0,1.0,1572.0,17.0,67.0,331.0,4.9,11.0,259.0,72.0,32.0,2.3,7.4,24.0,32.0,5.0,16.0,2.0,2.0,0.0,2.0,3.0,7.0,67.0,0.0,0.0,0.0,2028.0,ESPN BET,1.69,2.25,110.0,-110.0,2.1,1.74,37.5,,
401547667,2023-08-20,2023-08-20T23:05Z,2023,pretemporada,3,False,LAC,NO,17.0,22.0,19.0,68.0,309.0,4.5,13.0,189.0,120.0,22.0,5.5,4.1,21.0,41.0,3.0,15.0,2.0,5.0,2.0,3.0,5.0,5.0,26.0,3.0,1.0,2.0,1546.0,13.0,66.0,339.0,5.1,14.0,278.0,61.0,26.0,2.3,7.0,24.0,38.0,5.0,17.0,1.0,1.0,1.0,5.0,2.0,14.0,141.0,0.0,0.0,0.0,2054.0,ESPN BET,2.35,1.65,-115.0,115.0,1.87,1.95,36.5,,
401547668,2023-08-20,2023-08-20T01:00Z,2023,pretemporada,3,False,LAR,LV,17.0,34.0,13.0,50.0,224.0,4.5,10.0,148.0,76.0,21.0,3.6,5.1,19.0,28.0,3.0,11.0,0.0,0.0,1.0,2.0,1.0,6.0,61.0,1.0,0.0,1.0,1701.0,25.0,70.0,440.0,6.3,11.0,342.0,98.0,25.0,3.9,7.6,27.0,44.0,7.0,13.0,0.0,1.0,3.0,4.0,1.0,7.0,50.0,1.0,0.0,1.0,1899.0,ESPN BET,2.75,1.48,-120.0,120.0,1.83,1.91,40.5,,
401548497,2023-08-20,2023-08-20T00:00Z,2023,pretemporada,3,False,ARI,KC,10.0,38.0,21.0,65.0,286.0,4.4,9.0,184.0,102.0,27.0,3.8,4.8,20.0,36.0,3.0,13.0,1.0,2.0,1.0,3.0,2.0,8.0,82.0,0.0,0.0,0.0,1761.0,27.0,58.0,504.0,8.7,9.0,393.0,111.0,20.0,5.6,10.3,31.0,38.0,6.0,9.0,0.0,0.0,5.0,6.0,0.0,8.0,94.0,0.0,0.0,0.0,1839.0,ESPN BET,3.55,1.32,-110.0,110.0,1.91,1.91,41.5,,
401548507,2023-08-20,2023-08-20T00:00Z,2023,pretemporada,3,False,MIN,TEN,16.0,24.0,15.0,58.0,262.0,4.5,11.0,171.0,91.0,25.0,3.6,5.2,17.0,30.0,3.0,13.0,0.0,1.0,1.0,3.0,3.0,6.0,35.0,0.0,0.0,0.0,1657.0,19.0,59.0,352.0,6.0,11.0,71.0,281.0,40.0,7.0,3.7,10.0,17.0,7.0,13.0,0.0,0.0,2.0,3.0,2.0,4.0,38.0,2.0,1.0,1.0,1943.0,ESPN BET,2.25,1.69,-105.0,105.0,1.95,1.8,38.5,,
401548509,2023-08-20,2023-08-20T00:30Z,2023,pretemporada,3,False,SF,DEN,21.0,20.0,24.0,65.0,422.0,6.5,10.0,323.0,99.0,25.0,4.0,8.1,27.0,37.0,4.0,11.0,0.0,0.0,1.0,3.0,3.0,9.0,76.0,3.0,1.0,2.0,1995.0,13.0,57.0,322.0,5.6,11.0,157.0,165.0,25.0,6.6,4.9,18.0,30.0,5.0,13.0,0.0,2.0,2.0,4.0,2.0,9.0,74.0,0.0,0.0,0.0,1605.0,ESPN BET,2.35,1.63,-115.0,115.0,1.87,1.87,39.5,,
401549211,2023-08-20,2023-08-20T00:00Z,2023,pretemporada,3,False,GB,NE,17.0,21.0,23.0,56.0,340.0,6.1,8.0,221.0,119.0,29.0,4.1,8.2,18.0,27.0,4.0,10.0,1.0,1.0,2.0,2.0,0.0,11.0,85.0,1.0,1.0,0.0,1562.0,19.0,54.0,245.0,4.5,8.0,149.0,96.0,21.0,4.6,4.5,16.0,31.0,5.0,9.0,1.0,1.0,2.0,2.0,2.0,7.0,75.0,1.0,1.0,0.0,1409.0,ESPN BET,1.69,2.2,-120.0,120.0,1.83,2.0,37.5,,
401550161,2023-08-20,2023-08-20T02:00Z,2023,pretemporada,3,False,SEA,DAL,22.0,14.0,17.0,58.0,358.0,6.2,10.0,217.0,141.0,31.0,4.5,8.0,17.0,25.0,4.0,12.0,0.0,1.0,2.0,3.0,2.0,8.0,61.0,0.0,0.0,0.0,1820.0,19.0,62.0,293.0,4.7,10.0,199.0,94.0,26.0,3.6,5.5,22.0,32.0,6.0,13.0,1.0,2.0,2.0,3.0,4.0,6.0,60.0,1.0,0.0,1.0,1780.0,ESPN BET,1.38,3.15,-120.0,120.0,1.83,1.91,40.5,,
401547655,2023-08-22,2023-08-22T00:00Z,2023,pretemporada,3,False,WSH,BAL,29.0,28.0,29.0,81.0,426.0,5.3,11.0,297.0,129.0,26.0,5.0,5.4,36.0,52.0,8.0,16.0,1.0,1.0,3.0,4.0,3.0,5.0,58.0,2.0,1.0,1.0,2150.0,20.0,49.0,334.0,6.8,11.0,185.0,149.0,27.0,5.5,8.4,16.0,22.0,4.0,9.0,0.0,0.0,3.0,3.0,0.0,6.0,36.0,2.0,0.0,2.0,1450.0,ESPN BET,2.05,1.8,-110.0,110.0,1.91,1.91,37.5,,
401548627,2023-08-24,2023-08-24T23:30Z,2023,pretemporada,4,False,ATL,PIT,0.0,24.0,14.0,57.0,199.0,3.5,11.0,159.0,40.0,19.0,2.1,4.2,24.0,33.0,6.0,13.0,0.0,1.0,0.0,1.0,5.0,7.0,72.0,2.0,2.0,0.0,1571.0,21.0,66.0,311.0,4.7,10.0,136.0,175.0,40.0,4.4,5.2,15.0,24.0,6.0,14.0,1.0,2.0,3.0,5.0,2.0,5.0,37.0,0.0,0.0,0.0,2029.0,ESPN BET,3.2,1.37,-110.0,110.0,1.91,1.91,38.5,,
401547656,2023-08-25,2023-08-25T00:00Z,2023,pretemporada,4,False,PHI,IND,13.0,27.0,17.0,75.0,278.0,3.7,11.0,236.0,42.0,21.0,2.0,4.4,31.0,51.0,6.0,17.0,2.0,5.0,1.0,2.0,3.0,8.0,55.0,1.0,1.0,0.0,1655.0,27.0,68.0,393.0,5.8,10.0,266.0,127.0,31.0,4.1,7.2,21.0,36.0,5.0,12.0,1.0,2.0,3.0,4.0,1.0,5.0,42.0,1.0,0.0,1.0,1945.0,ESPN BET,3.2,1.37,-115.0,115.0,1.87,1.87,37.5,,
401547657,2023-08-26,2023-08-26T00:00Z,2023,pretemporada,4,False,CAR,DET,17.0,26.0,22.0,74.0,341.0,4.6,13.0,229.0,112.0,24.0,4.7,4.6,23.0,47.0,7.0,16.0,0.0,0.0,2.0,5.0,3.0,4.0,56.0,4.0,2.0,2.0,1856.0,15.0,66.0,315.0,4.8,13.0,232.0,83.0,26.0,3.2,5.8,20.0,38.0,6.0,17.0,0.0,0.0,1.0,3.0,2.0,6.0,41.0,0.0,0.0,0.0,1744.0,ESPN BET,1.48,2.75,-115.0,115.0,1.87,1.87,37.5,,
401547660,2023-08-26,2023-08-26T23:00Z,2023,pretemporada,4,False,TB,BAL,26.0,20.0,23.0,71.0,385.0,5.4,12.0,227.0,158.0,33.0,4.8,6.0,25.0,37.0,7.0,15.0,0.0,0.0,2.0,4.0,1.0,4.0,23.0,0.0,0.0,0.0,2035.0,18.0,58.0,382.0,6.6,11.0,245.0,137.0,23.0,6.0,7.0,18.0,30.0,4.0,12.0,0.0,1.0,1.0,2.0,5.0,3.0,25.0,1.0,1.0,0.0,1565.0,ESPN BET,1.77,2.0,-115.0,115.0,1.87,1.95,35.5,,
401548412,2023-08-26,2023-08-26T17:00Z,2023,pretemporada,4,False,CHI,BUF,21.0,24.0,16.0,59.0,259.0,4.4,12.0,152.0,107.0,26.0,4.1,4.6,15.0,31.0,4.0,13.0,1.0,2.0,2.0,3.0,2.0,7.0,57.0,1.0,0.0,1.0,1661.0,24.0,76.0,382.0,5.0,12.0,209.0,173.0,34.0,5.1,5.0,23.0,41.0,9.0,18.0,2.0,2.0,2.0,3.0,1.0,2.0,20.0,2.0,1.0,1.0,1939.0,ESPN BET,2.6,1.53,-105.0,105.0,1.95,1.8,38.5,,
401548498,2023-08-26,2023-08-26T17:00Z,2023,pretemporada,4,False,MIN,ARI,17.0,18.0,17.0,60.0,249.0,4.2,12.0,144.0,105.0,27.0,3.9,4.4,16.0,27.0,2.0,12.0,0.0,1.0,2.0,3.0,6.0,6.0,45.0,1.0,0.0,1.0,1620.0,18.0,69.0,297.0,4.3,13.0,158.0,139.0,33.0,4.2,4.4,20.0,34.0,4.0,15.0,1.0,1.0,1.0,3.0,2.0,5.0,45.0,1.0,1.0,0.0,1980.0,ESPN BET,2.15,1.74,-105.0,105.0,1.95,1.87,39.5,,
401548508,2023-08-26,2023-08-26T00:15Z,2023,pretemporada,4,False,TEN,NE,23.0,7.0,20.0,65.0,368.0,5.7,11.0,205.0,163.0,43.0,3.8,9.3,15.0,20.0,7.0,14.0,0.0,0.0,1.0,4.0,2.0,8.0,46.0,2.0,0.0,2.0,2318.0,8.0,42.0,79.0,1.9,11.0,24.0,55.0,18.0,3.1,1.0,8.0,18.0,3.0,11.0,0.0,1.0,1.0,1.0,6.0,3.0,42.0,1.0,1.0,0.0,1282.0,ESPN BET,1.69,2.25,-120.0,120.0,1.83,1.91,37.5,,
401548510,2023-08-26,2023-08-26T02:00Z,2023,pretemporada,4,False,SF,LAC,12.0,23.0,14.0,50.0,310.0,6.2,10.0,185.0,125.0,24.0,5.2,7.1,13.0,26.0,4.0,9.0,0.0,0.0,2.0,3.0,0.0,6.0,55.0,2.0,1.0,1.0,1484.0,19.0,63.0,305.0,4.8,10.0,38.0,267.0,41.0,6.5,1.7,13.0,20.0,5.0,14.0,2.0,2.0,1.0,4.0,2.0,1.0,10.0,0.0,0.0,0.0,2116.0,ESPN BET,1.28,3.8,-120.0,120.0,1.83,1.91,38.5,,
401548622,2023-08-26,2023-08-26T23:00Z,2023,pretemporada,4,False,JAX,MIA,31.0,18.0,25.0,54.0,413.0,7.6,8.0,283.0,130.0,26.0,5.0,10.1,20.0,26.0,3.0,6.0,1.0,1.0,3.0,5.0,2.0,5.0,45.0,1.0,1.0,0.0,1567.0,21.0,56.0,348.0,6.2,8.0,224.0,124.0,24.0,5.2,7.0,21.0,32.0,2.0,9.0,3.0,3.0,2.0,4.0,0.0,5.0,33.0,2.0,0.0,2.0,1521.0,ESPN BET,1.43,2.9,-115.0,115.0,1.87,1.87,42.5,,
401548623,2023-08-26,2023-08-26T22:05Z,2023,pretemporada,4,False,WSH,CIN,21.0,19.0,22.0,61.0,374.0,6.1,10.0,224.0,150.0,25.0,6.0,6.2,23.0,33.0,6.0,11.0,0.0,1.0,2.0,2.0,3.0,2.0,21.0,0.0,0.0,0.0,1808.0,20.0,66.0,336.0,5.1,9.0,247.0,89.0,25.0,3.6,6.0,26.0,40.0,6.0,12.0,0.0,1.0,1.0,2.0,1.0,5.0,50.0,1.0,0.0,1.0,1792.0,ESPN BET,1.65,2.35,-105.0,105.0,1.95,1.87,34.5,,
401548629,2023-08-26,2023-08-26T17:00Z,2023,pretemporada,4,False,KC,CLE,33.0,32.0,23.0,71.0,392.0,5.5,15.0,304.0,88.0,24.0,3.7,6.5,25.0,44.0,4.0,13.0,0.0,0.0,3.0,4.0,3.0,8.0,64.0,3.0,0.0,3.0,1901.0,18.0,63.0,298.0,4.7,12.0,256.0,42.0,20.0,2.1,6.0,22.0,41.0,5.0,14.0,0.0,0.0,2.0,2.0,2.0,6.0,63.0,2.0,1.0,1.0,1699.0,ESPN BET,2.7,1.5,-110.0,110.0,1.91,1.83,41.5,,
401549212,2023-08-26,2023-08-26T17:00Z,2023,pretemporada,4,False,GB,SEA,19.0,15.0,23.0,77.0,342.0,4.4,11.0,178.0,164.0,45.0,3.6,5.6,21.0,32.0,9.0,18.0,1.0,3.0,2.0,3.0,0.0,5.0,26.0,0.0,0.0,0.0,2244.0,14.0,54.0,279.0,5.2,11.0,205.0,74.0,19.0,3.9,5.9,21.0,35.0,6.0,14.0,0.0,0.0,2.0,3.0,0.0,5.0,49.0,1.0,0.0,1.0,1356.0,ESPN BET,1.61,2.4,-105.0,105.0,1.95,1.87,37.5,,
401550835,2023-08-26,2023-08-26T22:00Z,2023,pretemporada,4,False,NYG,NYJ,24.0,32.0,22.0,70.0,321.0,4.6,11.0,196.0,125.0,32.0,3.9,5.2,21.0,33.0,7.0,16.0,1.0,1.0,1.0,1.0,5.0,5.0,57.0,1.0,0.0,1.0,1928.0,19.0,57.0,302.0,5.3,11.0,261.0,41.0,19.0,2.2,6.9,25.0,37.0,5.0,11.0,0.0,0.0,3.0,4.0,1.0,4.0,46.0,0.0,0.0,0.0,1672.0,ESPN BET,3.0,1.4,-110.0,110.0,1.91,1.83,37.5,,
401547669,2023-08-27,2023-08-27T01:00Z,2023,pretemporada,4,False,DEN,LAR,41.0,0.0,33.0,80.0,494.0,6.2,10.0,342.0,152.0,35.0,4.3,7.6,28.0,43.0,8.0,15.0,3.0,3.0,5.0,6.0,2.0,8.0,80.0,0.0,0.0,0.0,2174.0,11.0,47.0,159.0,3.4,9.0,88.0,71.0,18.0,3.9,3.0,14.0,27.0,1.0,10.0,0.0,0.0,0.0,0.0,2.0,8.0,43.0,2.0,0.0,2.0,1426.0,ESPN BET,1.42,3.0,-105.0,105.0,1.95,1.8,37.5,,
401550167,2023-08-27,2023-08-27T00:00Z,2023,pretemporada,4,False,DAL,LV,31.0,16.0,28.0,71.0,457.0,6.4,7.0,304.0,153.0,35.0,4.4,8.4,29.0,35.0,8.0,14.0,3.0,3.0,4.0,4.0,1.0,4.0,30.0,0.0,0.0,0.0,2140.0,16.0,50.0,321.0,6.4,7.0,224.0,97.0,18.0,5.4,7.0,22.0,32.0,2.0,9.0,1.0,3.0,0.0,2.0,0.0,4.0,23.0,0.0,0.0,0.0,1460.0,ESPN BET,2.8,1.48,-120.0,120.0,1.83,1.91,38.5,,
401547658,2023-08-28,2023-08-28T00:00Z,2023,pretemporada,4,False,NO,HOU,13.0,17.0,18.0,77.0,348.0,4.5,14.0,257.0,91.0,21.0,4.3,4.6,28.0,54.0,8.0,20.0,0.0,2.0,1.0,1.0,2.0,2.0,15.0,2.0,0.0,2.0,1809.0,11.0,61.0,235.0,3.9,15.0,104.0,131.0,31.0,4.2,3.5,15.0,27.0,5.0,16.0,0.0,1.0,2.0,3.0,3.0,5.0,45.0,0.0,0.0,0.0,1791.0,ESPN BET,1.87,1.95,-105.0,105.0,1.95,1.87,37.5,,
401547353,2023-09-08,2023-09-08T00:20Z,2023,regular,1,False,KC,DET,20.0,21.0,17.0,62.0,316.0,5.1,11.0,226.0,90.0,23.0,3.9,5.8,21.0,39.0,5.0,14.0,0.0,1.0,2.0,3.0,0.0,3.0,25.0,1.0,0.0,1.0,1642.0,19.0,70.0,368.0,5.3,11.0,250.0,118.0,34.0,3.5,6.9,22.0,35.0,5.0,15.0,1.0,3.0,2.0,3.0,1.0,4.0,63.0,1.0,1.0,0.0,1958.0,ESPN BET,1.48,2.75,-115.0,115.0,1.87,1.87,51.5,,
401547396,2023-09-10,2023-09-10T17:00Z,2023,regular,1,False,BAL,HOU,25.0,9.0,18.0,58.0,265.0,4.6,11.0,155.0,110.0,32.0,3.4,6.0,17.0,22.0,8.0,15.0,0.0,0.0,3.0,5.0,4.0,13.0,106.0,2.0,1.0,1.0,1855.0,18.0,72.0,268.0,3.7,12.0,196.0,72.0,23.0,3.1,4.0,28.0,44.0,7.0,18.0,1.0,4.0,0.0,2.0,5.0,9.0,88.0,1.0,1.0,0.0,1745.0,ESPN BET,1.2,4.8,-115.0,115.0,1.87,1.87,42.5,,
401547397,2023-09-10,2023-09-10T17:00Z,2023,regular,1,False,CLE,CIN,24.0,3.0,21.0,72.0,350.0,4.9,14.0,144.0,206.0,40.0,5.2,4.5,16.0,29.0,4.0,14.0,0.0,0.0,2.0,3.0,3.0,5.0,43.0,2.0,1.0,1.0,2150.0,6.0,54.0,142.0,2.6,15.0,67.0,75.0,20.0,3.8,2.0,14.0,32.0,2.0,15.0,0.0,1.0,0.0,0.0,2.0,4.0,20.0,0.0,0.0,0.0,1450.0,ESPN BET,1.95,1.8,105.0,-105.0,2.05,1.74,46.5,,
401547398,2023-09-10,2023-09-10T17:00Z,2023,regular,1,False,MIN,TB,17.0,20.0,18.0,63.0,369.0,5.9,11.0,328.0,41.0,17.0,2.4,7.1,33.0,44.0,6.0,14.0,0.0,0.0,1.0,3.0,2.0,6.0,45.0,3.0,2.0,1.0,1761.0,16.0,68.0,242.0,3.6,12.0,169.0,73.0,33.0,2.2,4.8,21.0,34.0,6.0,17.0,1.0,1.0,1.0,2.0,1.0,3.0,19.0,0.0,0.0,0.0,1839.0,ESPN BET,1.5,2.7,-120.0,120.0,1.83,1.91,43.5,,
401547399,2023-09-10,2023-09-10T17:00Z,2023,regular,1,False,NO,TEN,16.0,15.0,15.0,64.0,351.0,5.5,12.0,282.0,69.0,27.0,2.6,7.6,23.0,33.0,7.0,16.0,0.0,0.0,1.0,4.0,4.0,7.0,45.0,2.0,1.0,1.0,1720.0,16.0,59.0,285.0,4.8,12.0,181.0,104.0,22.0,4.7,4.9,16.0,34.0,2.0,12.0,0.0,0.0,0.0,3.0,3.0,6.0,45.0,3.0,0.0,3.0,1880.0,ESPN BET,1.67,2.3,-130.0,130.0,1.77,2.0,40.5,,
401547400,2023-09-10,2023-09-10T20:25Z,2023,regular,1,False,DEN,LV,16.0,17.0,22.0,58.0,260.0,4.5,6.0,166.0,94.0,22.0,4.3,4.6,27.0,34.0,5.0,11.0,0.0,0.0,2.0,3.0,2.0,10.0,83.0,0.0,0.0,0.0,1928.0,22.0,55.0,261.0,4.7,7.0,200.0,61.0,29.0,2.1,7.7,20.0,26.0,5.0,11.0,1.0,1.0,2.0,4.0,0.0,10.0,97.0,1.0,0.0,1.0,1672.0,ESPN BET,1.61,2.4,-130.0,130.0,1.77,2.0,42.5,,
401547401,2023-09-10,2023-09-10T20:25Z,2023,regular,1,False,LAC,MIA,34.0,36.0,30.0,76.0,433.0,5.7,10.0,200.0,233.0,40.0,5.8,5.6,23.0,33.0,9.0,15.0,0.0,1.0,4.0,5.0,3.0,6.0,70.0,0.0,0.0,0.0,1961.0,30.0,65.0,536.0,8.2,11.0,466.0,70.0,20.0,3.5,10.4,28.0,45.0,4.0,9.0,1.0,1.0,3.0,5.0,0.0,6.0,38.0,2.0,1.0,1.0,1639.0,ESPN BET,1.71,2.1,,,2.0,1.77,49.5,,
401547402,2023-09-10,2023-09-10T20:25Z,2023,regular,1,False,NE,PHI,20.0,25.0,24.0,78.0,382.0,4.9,13.0,306.0,76.0,22.0,3.5,5.5,35.0,54.0,5.0,15.0,1.0,4.0,3.0,5.0,2.0,7.0,50.0,2.0,1.0,1.0,1752.0,17.0,61.0,251.0,4.1,13.0,154.0,97.0,25.0,3.9,4.3,22.0,33.0,4.0,13.0,0.0,1.0,1.0,2.0,3.0,5.0,49.0,1.0,1.0,0.0,1848.0,ESPN BET,2.6,1.53,-120.0,120.0,1.83,1.91,43.5,,
401547403,2023-09-10,2023-09-10T17:00Z,2023,regular,1,False,ATL,CAR,24.0,10.0,13.0,48.0,221.0,4.6,13.0,91.0,130.0,26.0,5.0,4.1,15.0,18.0,2.0,10.0,0.0,0.0,3.0,3.0,4.0,6.0,43.0,0.0,0.0,0.0,1519.0,20.0,72.0,281.0,3.9,12.0,127.0,154.0,32.0,4.8,3.2,20.0,38.0,5.0,14.0,0.0,2.0,1.0,2.0,2.0,9.0,66.0,3.0,1.0,2.0,2081.0,ESPN BET,1.57,2.5,-110.0,110.0,1.91,1.83,39.5,,
401547404,2023-09-10,2023-09-10T17:00Z,2023,regular,1,False,IND,JAX,21.0,31.0,18.0,69.0,280.0,4.1,14.0,215.0,65.0,26.0,2.5,5.0,24.0,39.0,2.0,12.0,1.0,5.0,1.0,3.0,4.0,4.0,35.0,3.0,2.0,1.0,1583.0,20.0,69.0,342.0,5.0,15.0,237.0,105.0,35.0,3.0,7.0,24.0,32.0,3.0,12.0,1.0,3.0,3.0,3.0,2.0,4.0,45.0,2.0,1.0,1.0,2017.0,ESPN BET,2.7,1.5,-125.0,125.0,1.8,1.95,44.5,,
401547405,2023-09-10,2023-09-10T17:00Z,2023,regular,1,False,PIT,SF,7.0,30.0,15.0,61.0,239.0,3.9,11.0,198.0,41.0,10.0,4.1,3.9,31.0,46.0,5.0,15.0,1.0,3.0,1.0,2.0,5.0,6.0,60.0,2.0,0.0,2.0,1357.0,22.0,66.0,391.0,5.9,12.0,203.0,188.0,34.0,5.5,6.3,19.0,29.0,6.0,13.0,1.0,1.0,2.0,3.0,3.0,11.0,85.0,1.0,1.0,0.0,2243.0,ESPN BET,1.95,1.87,-120.0,120.0,1.83,1.91,40.5,,
401547406,2023-09-10,2023-09-10T17:00Z,2023,regular,1,False,WSH,ARI,20.0,16.0,21.0,65.0,248.0,3.8,13.0,156.0,92.0,28.0,3.3,4.2,19.0,31.0,4.0,12.0,0.0,0.0,2.0,5.0,6.0,8.0,70.0,3.0,2.0,1.0,1884.0,13.0,58.0,210.0,3.6,11.0,114.0,96.0,25.0,3.8,3.5,21.0,30.0,4.0,14.0,0.0,1.0,0.0,2.0,3.0,9.0,122.0,2.0,2.0,0.0,1716.0,ESPN BET,1.29,3.7,-125.0,125.0,1.8,1.95,37.5,,
401547407,2023-09-10,2023-09-10T20:25Z,2023,regular,1,False,CHI,GB,20.0,38.0,22.0,70.0,311.0,4.4,12.0,189.0,122.0,29.0,4.2,4.6,24.0,37.0,3.0,13.0,1.0,2.0,1.0,2.0,4.0,7.0,61.0,2.0,1.0,1.0,1843.0,15.0,60.0,329.0,5.5,11.0,237.0,92.0,32.0,2.9,8.5,15.0,27.0,9.0,16.0,1.0,2.0,3.0,3.0,1.0,9.0,90.0,0.0,0.0,0.0,1757.0,ESPN BET,1.74,2.05,-110.0,110.0,1.91,1.83,40.5,,
401547408,2023-09-10,2023-09-10T20:25Z,2023,regular,1,False,SEA,LAR,13.0,30.0,13.0,46.0,180.0,3.9,9.0,95.0,85.0,18.0,4.7,3.4,16.0,26.0,2.0,9.0,0.0,0.0,1.0,2.0,2.0,7.0,55.0,0.0,0.0,0.0,1237.0,27.0,78.0,426.0,5.5,9.0,334.0,92.0,40.0,2.3,8.8,24.0,38.0,11.0,17.0,1.0,1.0,3.0,3.0,0.0,7.0,53.0,0.0,0.0,0.0,2363.0,ESPN BET,1.47,2.85,-110.0,110.0,1.91,1.83,44.5,,
401547409,2023-09-11,2023-09-11T00:20Z,2023,regular,1,False,NYG,DAL,0.0,40.0,14.0,65.0,171.0,2.6,12.0,63.0,108.0,28.0,3.9,1.7,17.0,30.0,5.0,16.0,3.0,5.0,0.0,2.0,7.0,6.0,72.0,3.0,1.0,2.0,2008.0,18.0,55.0,265.0,4.8,9.0,143.0,122.0,30.0,4.1,5.7,13.0,25.0,6.0,13.0,1.0,2.0,3.0,4.0,0.0,5.0,35.0,0.0,0.0,0.0,1592.0,ESPN BET,2.5,1.57,-130.0,130.0,1.77,2.0,44.5,,
401547352,2023-09-12,2023-09-12T00:15Z,2023,regular,1,False,NYJ,BUF,22.0,16.0,13.0,53.0,289.0,5.5,11.0,117.0,172.0,28.0,6.1,4.7,14.0,22.0,5.0,13.0,1.0,1.0,1.0,3.0,3.0,2.0,10.0,1.0,0.0,1.0,1670.0,19.0,68.0,314.0,4.6,11.0,217.0,97.0,22.0,4.4,4.7,29.0,41.0,5.0,13.0,0.0,0.0,1.0,2.0,5.0,5.0,40.0,4.0,1.0,3.0,1988.0,ESPN BET,2.25,1.69,-105.0,105.0,1.95,1.8,44.5,,
401547410,2023-09-15,2023-09-15T00:15Z,2023,regular,2,False,PHI,MIN,34.0,28.0,24.0,75.0,430.0,5.7,12.0,171.0,259.0,48.0,5.4,6.3,18.0,23.0,6.0,14.0,1.0,1.0,3.0,4.0,4.0,7.0,45.0,1.0,0.0,1.0,2368.0,19.0,55.0,374.0,6.8,11.0,346.0,28.0,9.0,3.1,7.5,31.0,44.0,6.0,10.0,1.0,1.0,3.0,3.0,2.0,2.0,15.0,4.0,4.0,0.0,1232.0,ESPN BET,1.42,3.0,-125.0,125.0,1.8,1.95,48.5,,
401547411,2023-09-17,2023-09-17T17:00Z,2023,regular,2,False,BUF,LV,38.0,10.0,29.0,74.0,450.0,6.1,9.0,267.0,183.0,35.0,5.2,6.8,31.0,37.0,7.0,13.0,3.0,4.0,5.0,7.0,2.0,4.0,30.0,0.0,0.0,0.0,2404.0,13.0,39.0,240.0,6.2,9.0,185.0,55.0,15.0,3.7,7.7,16.0,24.0,3.0,7.0,0.0,0.0,1.0,2.0,0.0,2.0,30.0,3.0,1.0,2.0,1196.0,ESPN BET,1.26,4.0,-105.0,105.0,1.95,1.8,45.5,,
401547412,2023-09-17,2023-09-17T17:00Z,2023,regular,2,False,CIN,BAL,24.0,27.0,19.0,57.0,282.0,4.9,7.0,216.0,66.0,15.0,4.4,5.1,27.0,41.0,10.0,15.0,1.0,1.0,2.0,4.0,1.0,5.0,30.0,1.0,0.0,1.0,1616.0,26.0,70.0,415.0,5.9,9.0,237.0,178.0,37.0,4.8,7.2,24.0,33.0,9.0,14.0,0.0,0.0,3.0,4.0,0.0,6.0,56.0,0.0,0.0,0.0,1984.0,ESPN BET,1.57,2.5,-110.0,110.0,1.91,1.83,44.5,,
401547413,2023-09-17,2023-09-17T17:00Z,2023,regular,2,False,JAX,KC,9.0,17.0,18.0,64.0,271.0,4.2,11.0,197.0,74.0,18.0,4.1,4.3,23.0,42.0,3.0,12.0,0.0,2.0,0.0,3.0,4.0,2.0,10.0,1.0,1.0,0.0,1691.0,19.0,64.0,399.0,6.2,10.0,298.0,101.0,22.0,4.6,7.1,29.0,41.0,4.0,13.0,2.0,2.0,2.0,4.0,1.0,12.0,94.0,3.0,2.0,1.0,1909.0,ESPN BET,2.4,1.61,,,2.0,1.77,49.5,,
401547414,2023-09-17,2023-09-17T17:00Z,2023,regular,2,False,TEN,LAC,27.0,24.0,22.0,63.0,341.0,5.4,11.0,200.0,141.0,34.0,4.1,6.9,20.0,24.0,6.0,13.0,0.0,1.0,3.0,4.0,5.0,7.0,45.0,0.0,0.0,0.0,2209.0,19.0,65.0,342.0,5.3,11.0,281.0,61.0,21.0,2.9,6.4,27.0,41.0,2.0,14.0,3.0,3.0,2.0,5.0,3.0,4.0,43.0,0.0,0.0,0.0,1689.0,ESPN BET,2.25,1.69,,,2.0,1.77,44.5,,
401547415,2023-09-17,2023-09-17T20:25Z,2023,regular,2,False,DAL,NYJ,30.0,10.0,26.0,83.0,382.0,4.6,12.0,248.0,134.0,44.0,3.0,6.4,31.0,38.0,9.0,18.0,0.0,0.0,2.0,6.0,1.0,6.0,38.0,0.0,0.0,0.0,2535.0,12.0,46.0,215.0,4.7,11.0,151.0,64.0,16.0,4.0,5.0,12.0,27.0,1.0,10.0,1.0,1.0,0.0,1.0,3.0,5.0,29.0,4.0,1.0,3.0,1065.0,ESPN BET,1.23,4.2,-115.0,115.0,1.87,1.87,37.5,,
401547416,2023-09-17,2023-09-17T20:25Z,2023,regular,2,False,DEN,WSH,33.0,35.0,21.0,62.0,399.0,6.4,11.0,277.0,122.0,23.0,5.3,7.1,18.0,32.0,4.0,12.0,2.0,2.0,2.0,4.0,7.0,9.0,58.0,2.0,1.0,1.0,1575.0,26.0,66.0,388.0,5.9,11.0,266.0,122.0,23.0,5.3,6.2,27.0,39.0,3.0,10.0,1.0,1.0,3.0,3.0,4.0,8.0,71.0,0.0,0.0,0.0,2025.0,ESPN BET,1.5,2.7,-120.0,120.0,1.83,1.91,38.5,,
401547417,2023-09-17,2023-09-17T17:00Z,2023,regular,2,False,ATL,GB,25.0,24.0,27.0,78.0,446.0,5.7,10.0,235.0,211.0,45.0,4.7,7.1,19.0,32.0,6.0,15.0,3.0,4.0,2.0,5.0,1.0,6.0,110.0,1.0,0.0,1.0,2175.0,17.0,47.0,224.0,4.8,10.0,140.0,84.0,21.0,4.0,5.4,14.0,25.0,3.0,9.0,0.0,1.0,2.0,3.0,1.0,7.0,40.0,0.0,0.0,0.0,1425.0,ESPN BET,1.65,2.35,-120.0,120.0,1.83,1.91,39.5,,
401547418,2023-09-17,2023-09-17T17:00Z,2023,regular,2,False,DET,SEA,31.0,37.0,25.0,64.0,418.0,6.5,11.0,316.0,102.0,27.0,3.8,8.5,28.0,35.0,6.0,11.0,1.0,3.0,2.0,2.0,2.0,4.0,24.0,3.0,2.0,1.0,1848.0,28.0,67.0,393.0,5.9,10.0,311.0,82.0,25.0,3.3,7.4,32.0,41.0,5.0,11.0,1.0,1.0,4.0,5.0,1.0,9.0,80.0,0.0,0.0,0.0,2011.0,ESPN BET,1.44,2.85,-115.0,115.0,1.87,1.87,46.5,,
401547419,2023-09-17,2023-09-17T17:00Z,2023,regular,2,False,HOU,IND,20.0,31.0,24.0,79.0,389.0,4.9,11.0,337.0,52.0,26.0,2.0,6.4,30.0,47.0,9.0,19.0,2.0,2.0,1.0,4.0,6.0,3.0,20.0,1.0,1.0,0.0,2098.0,19.0,56.0,353.0,6.3,10.0,227.0,126.0,23.0,5.5,6.9,25.0,33.0,6.0,12.0,0.0,0.0,4.0,4.0,0.0,8.0,42.0,0.0,0.0,0.0,1502.0,ESPN BET,1.87,1.87,105.0,-105.0,2.05,1.74,39.5,,
401547420,2023-09-17,2023-09-17T17:00Z,2023,regular,2,False,TB,CHI,27.0,17.0,19.0,68.0,437.0,6.4,10.0,317.0,120.0,34.0,3.5,9.3,26.0,34.0,8.0,15.0,1.0,1.0,1.0,4.0,0.0,7.0,54.0,0.0,0.0,0.0,2156.0,14.0,51.0,236.0,4.6,10.0,169.0,67.0,16.0,4.2,4.8,16.0,29.0,6.0,13.0,0.0,0.0,1.0,1.0,6.0,5.0,28.0,2.0,0.0,2.0,1444.0,ESPN BET,1.74,2.15,-125.0,125.0,1.8,1.95,39.5,,
401547421,2023-09-17,2023-09-17T20:05Z,2023,regular,2,False,ARI,NYG,28.0,31.0,24.0,60.0,379.0,6.3,10.0,228.0,151.0,29.0,5.2,7.4,21.0,31.0,4.0,10.0,0.0,0.0,2.0,3.0,0.0,8.0,57.0,0.0,0.0,0.0,1837.0,26.0,67.0,439.0,6.6,10.0,312.0,127.0,27.0,4.7,7.8,26.0,37.0,7.0,12.0,1.0,1.0,4.0,5.0,3.0,9.0,75.0,1.0,0.0,1.0,1763.0,ESPN BET,2.6,1.5,-115.0,115.0,1.87,1.87,39.5,,
401547422,2023-09-17,2023-09-17T20:05Z,2023,regular,2,False,LAR,SF,23.0,30.0,28.0,78.0,386.0,4.9,10.0,297.0,89.0,22.0,4.0,5.3,34.0,55.0,7.0,14.0,1.0,2.0,2.0,3.0,1.0,6.0,55.0,2.0,0.0,2.0,1991.0,21.0,54.0,365.0,6.8,10.0,206.0,159.0,28.0,5.7,7.9,17.0,25.0,2.0,9.0,0.0,0.0,3.0,5.0,1.0,6.0,57.0,0.0,0.0,0.0,1609.0,ESPN BET,3.8,1.29,-120.0,120.0,1.83,1.91,44.5,,
401547423,2023-09-18,2023-09-18T00:20Z,2023,regular,2,False,NE,MIA,17.0,24.0,23.0,71.0,288.0,4.1,11.0,200.0,88.0,25.0,3.5,4.3,31.0,42.0,7.0,15.0,1.0,2.0,2.0,2.0,4.0,5.0,45.0,2.0,1.0,1.0,1781.0,22.0,61.0,389.0,6.4,11.0,244.0,145.0,30.0,4.8,7.9,21.0,30.0,4.0,10.0,0.0,0.0,2.0,3.0,1.0,6.0,46.0,1.0,0.0,1.0,1819.0,ESPN BET,2.1,1.77,-110.0,110.0,1.91,1.83,45.5,,
401547425,2023-09-18,2023-09-18T23:15Z,2023,regular,2,False,CAR,NO,17.0,20.0,14.0,56.0,239.0,4.3,11.0,139.0,100.0,19.0,5.3,3.8,22.0,33.0,4.0,14.0,1.0,1.0,1.0,3.0,4.0,6.0,35.0,1.0,1.0,0.0,1631.0,23.0,74.0,341.0,4.6,11.0,207.0,134.0,33.0,4.1,5.0,22.0,37.0,7.0,16.0,0.0,0.0,2.0,4.0,4.0,3.0,32.0,1.0,0.0,1.0,1969.0,ESPN BET,2.5,1.57,-125.0,125.0,1.8,1.95,39.5,,
401547424,2023-09-19,2023-09-19T00:15Z,2023,regular,2,False,PIT,CLE,26.0,22.0,9.0,53.0,255.0,4.8,14.0,200.0,55.0,21.0,2.6,6.3,15.0,30.0,4.0,14.0,0.0,0.0,0.0,0.0,2.0,5.0,31.0,2.0,1.0,1.0,1472.0,20.0,81.0,408.0,5.0,15.0,210.0,198.0,35.0,5.7,4.6,22.0,40.0,5.0,16.0,0.0,2.0,2.0,3.0,6.0,8.0,81.0,4.0,3.0,1.0,2128.0,ESPN BET,2.05,1.74,-105.0,105.0,1.95,1.8,39.5,,
401547426,2023-09-22,2023-09-22T00:15Z,2023,regular,3,False,SF,NYG,30.0,12.0,26.0,78.0,441.0,5.7,11.0,300.0,141.0,39.0,3.6,7.7,25.0,37.0,9.0,16.0,0.0,0.0,2.0,5.0,2.0,6.0,71.0,0.0,0.0,0.0,2350.0,10.0,46.0,150.0,3.3,10.0,121.0,29.0,11.0,2.6,3.5,22.0,33.0,3.0,12.0,0.0,0.0,1.0,1.0,2.0,6.0,37.0,1.0,0.0,1.0,1250.0,ESPN BET,1.17,5.5,-110.0,110.0,1.91,1.83,43.5,,
401547427,2023-09-24,2023-09-24T17:00Z,2023,regular,3,False,BAL,IND,19.0,22.0,20.0,72.0,364.0,5.1,15.0,178.0,186.0,37.0,5.0,5.1,22.0,31.0,6.0,16.0,0.0,1.0,2.0,2.0,4.0,1.0,5.0,2.0,2.0,0.0,1938.0,19.0,84.0,327.0,3.9,16.0,188.0,139.0,35.0,4.0,3.8,27.0,44.0,8.0,22.0,0.0,1.0,1.0,2.0,5.0,6.0,31.0,0.0,0.0,0.0,2193.0,ESPN BET,1.26,4.0,-105.0,105.0,1.95,1.8,42.5,,
401547428,2023-09-24,2023-09-24T17:00Z,2023,regular,3,False,CLE,TEN,27.0,3.0,23.0,67.0,341.0,5.1,9.0,263.0,78.0,31.0,2.5,7.3,27.0,33.0,6.0,13.0,1.0,1.0,2.0,2.0,3.0,5.0,46.0,1.0,1.0,0.0,2309.0,6.0,45.0,94.0,2.1,10.0,68.0,26.0,15.0,1.7,2.3,13.0,25.0,2.0,12.0,1.0,1.0,0.0,2.0,5.0,8.0,80.0,0.0,0.0,0.0,1291.0,ESPN BET,1.54,2.55,-125.0,125.0,1.8,1.95,37.5,,
401547429,2023-09-24,2023-09-24T17:00Z,2023,regular,3,False,MIA,DEN,70.0,20.0,30.0,71.0,726.0,10.2,14.0,376.0,350.0,43.0,8.1,13.4,25.0,28.0,5.0,9.0,1.0,3.0,6.0,6.0,0.0,6.0,55.0,0.0,0.0,0.0,2001.0,16.0,59.0,363.0,6.2,14.0,294.0,69.0,20.0,3.5,7.5,23.0,38.0,3.0,12.0,0.0,1.0,1.0,4.0,1.0,7.0,46.0,3.0,2.0,1.0,1599.0,ESPN BET,1.38,3.15,-125.0,125.0,1.8,1.95,47.5,,
401547430,2023-09-24,2023-09-24T17:00Z,2023,regular,3,False,NYJ,NE,10.0,15.0,12.0,61.0,171.0,2.8,13.0,133.0,38.0,22.0,1.7,3.4,18.0,36.0,2.0,14.0,1.0,2.0,1.0,1.0,3.0,3.0,15.0,0.0,0.0,0.0,1688.0,17.0,69.0,358.0,5.2,13.0,201.0,157.0,40.0,3.9,6.9,15.0,29.0,8.0,19.0,0.0,0.0,0.0,0.0,0.0,6.0,43.0,0.0,0.0,0.0,1912.0,ESPN BET,2.2,1.71,-105.0,105.0,1.95,1.8,34.5,,
401547431,2023-09-24,2023-09-24T17:00Z,2023,regular,3,False,WSH,BUF,3.0,37.0,15.0,51.0,230.0,4.5,11.0,125.0,105.0,13.0,8.1,3.3,19.0,29.0,1.0,9.0,0.0,1.0,0.0,2.0,9.0,2.0,15.0,5.0,1.0,4.0,1521.0,20.0,65.0,386.0,5.9,10.0,218.0,168.0,33.0,5.1,6.8,20.0,32.0,9.0,15.0,0.0,1.0,2.0,4.0,0.0,6.0,45.0,1.0,0.0,1.0,2079.0,ESPN BET,2.8,1.42,-105.0,105.0,1.95,1.8,43.5,,
401547432,2023-09-24,2023-09-24T20:05Z,2023,regular,3,False,SEA,CAR,37.0,27.0,27.0,71.0,425.0,6.0,13.0,279.0,146.0,33.0,4.4,7.3,23.0,36.0,3.0,13.0,1.0,1.0,3.0,6.0,2.0,8.0,82.0,1.0,0.0,1.0,1828.0,23.0,75.0,378.0,5.0,12.0,334.0,44.0,14.0,3.1,5.5,34.0,58.0,10.0,19.0,0.0,1.0,2.0,2.0,3.0,13.0,82.0,0.0,0.0,0.0,1772.0,ESPN BET,1.45,2.85,-115.0,115.0,1.87,1.87,43.5,,
401547433,2023-09-24,2023-09-24T17:00Z,2023,regular,3,False,DET,ATL,20.0,6.0,18.0,64.0,358.0,5.6,12.0,243.0,115.0,31.0,3.7,7.4,22.0,33.0,4.0,14.0,0.0,0.0,1.0,4.0,0.0,10.0,119.0,1.0,0.0,1.0,1977.0,16.0,65.0,183.0,2.8,12.0,139.0,44.0,20.0,2.2,3.1,21.0,38.0,4.0,14.0,0.0,1.0,0.0,1.0,7.0,4.0,24.0,1.0,1.0,0.0,1623.0,ESPN BET,1.57,2.5,-120.0,120.0,1.83,1.91,47.5,,
401547434,2023-09-24,2023-09-24T17:00Z,2023,regular,3,False,GB,NO,18.0,17.0,21.0,71.0,340.0,4.8,12.0,245.0,95.0,26.0,3.7,5.4,22.0,44.0,8.0,18.0,1.0,3.0,2.0,3.0,1.0,11.0,90.0,1.0,0.0,1.0,1955.0,15.0,60.0,252.0,4.2,10.0,175.0,77.0,22.0,3.5,4.6,23.0,34.0,4.0,14.0,1.0,1.0,1.0,2.0,4.0,7.0,102.0,0.0,0.0,0.0,1645.0,ESPN BET,1.95,1.8,-115.0,115.0,1.87,1.87,42.5,,
401547435,2023-09-24,2023-09-24T17:00Z,2023,regular,3,False,JAX,HOU,17.0,37.0,22.0,69.0,404.0,5.9,11.0,288.0,116.0,27.0,4.3,6.9,29.0,42.0,5.0,13.0,0.0,1.0,1.0,2.0,0.0,6.0,49.0,2.0,1.0,1.0,1923.0,15.0,56.0,366.0,6.5,11.0,280.0,86.0,26.0,3.3,9.3,20.0,30.0,9.0,15.0,0.0,0.0,2.0,5.0,0.0,8.0,75.0,0.0,0.0,0.0,1677.0,ESPN BET,1.32,3.25,,,2.0,1.77,42.5,,
401547436,2023-09-24,2023-09-24T17:00Z,2023,regular,3,False,MIN,LAC,24.0,28.0,29.0,78.0,475.0,6.1,11.0,345.0,130.0,24.0,5.4,6.4,32.0,50.0,4.0,14.0,2.0,3.0,1.0,4.0,4.0,6.0,45.0,2.0,1.0,1.0,1993.0,24.0,64.0,475.0,7.4,11.0,445.0,30.0,15.0,2.0,9.1,41.0,48.0,5.0,11.0,1.0,2.0,2.0,2.0,1.0,12.0,94.0,1.0,1.0,0.0,1607.0,ESPN BET,1.95,1.8,-135.0,135.0,1.74,2.05,51.5,,
401547437,2023-09-24,2023-09-24T20:25Z,2023,regular,3,False,ARI,DAL,28.0,16.0,20.0,53.0,400.0,7.5,9.0,178.0,222.0,30.0,7.4,7.7,17.0,21.0,5.0,10.0,0.0,0.0,2.0,2.0,2.0,8.0,69.0,0.0,0.0,0.0,1527.0,26.0,75.0,416.0,5.5,8.0,231.0,185.0,33.0,5.6,5.5,25.0,40.0,9.0,16.0,0.0,1.0,1.0,5.0,2.0,13.0,107.0,1.0,0.0,1.0,2073.0,ESPN BET,6.25,1.13,-120.0,120.0,1.83,1.91,44.5,,
401547438,2023-09-24,2023-09-24T20:25Z,2023,regular,3,False,KC,CHI,41.0,10.0,31.0,75.0,456.0,6.1,11.0,303.0,153.0,37.0,4.1,8.0,27.0,38.0,10.0,14.0,0.0,0.0,5.0,5.0,0.0,3.0,15.0,2.0,0.0,2.0,2173.0,11.0,51.0,203.0,4.0,10.0,87.0,116.0,26.0,4.5,3.5,11.0,22.0,4.0,12.0,1.0,2.0,1.0,2.0,3.0,6.0,32.0,2.0,1.0,1.0,1427.0,ESPN BET,1.13,6.5,-120.0,120.0,1.83,1.91,48.5,,
401547439,2023-09-25,2023-09-25T00:20Z,2023,regular,3,False,LV,PIT,18.0,23.0,19.0,67.0,362.0,5.4,12.0,293.0,69.0,19.0,3.6,6.1,28.0,44.0,4.0,13.0,1.0,2.0,1.0,2.0,4.0,7.0,60.0,3.0,0.0,3.0,1797.0,17.0,60.0,333.0,5.6,13.0,228.0,105.0,31.0,3.4,7.9,16.0,28.0,6.0,15.0,0.0,0.0,1.0,1.0,1.0,6.0,45.0,0.0,0.0,0.0,1803.0,ESPN BET,1.65,2.35,-130.0,130.0,1.77,2.05,42.5,,
401547440,2023-09-25,2023-09-25T23:15Z,2023,regular,3,False,TB,PHI,11.0,25.0,12.0,44.0,174.0,4.0,9.0,133.0,41.0,17.0,2.4,4.9,15.0,25.0,5.0,10.0,0.0,0.0,1.0,2.0,2.0,4.0,20.0,2.0,1.0,1.0,1265.0,27.0,78.0,472.0,6.1,10.0,271.0,201.0,40.0,5.0,7.1,23.0,37.0,10.0,16.0,2.0,3.0,1.0,5.0,1.0,3.0,20.0,2.0,0.0,2.0,2335.0,ESPN BET,2.8,1.42,-110.0,110.0,1.91,1.83,43.5,,
401547441,2023-09-26,2023-09-26T00:15Z,2023,regular,3,False,CIN,LAR,19.0,16.0,19.0,74.0,309.0,4.2,13.0,242.0,67.0,23.0,2.9,4.7,26.0,49.0,5.0,17.0,1.0,1.0,1.0,1.0,2.0,7.0,49.0,1.0,0.0,1.0,2160.0,15.0,52.0,292.0,5.6,12.0,221.0,71.0,13.0,5.5,5.7,18.0,33.0,1.0,11.0,1.0,1.0,1.0,4.0,6.0,4.0,28.0,2.0,0.0,2.0,1440.0,ESPN BET,1.61,2.4,-130.0,130.0,1.77,2.0,45.5,,
401547442,2023-09-29,2023-09-29T00:15Z,2023,regular,4,False,GB,DET,20.0,34.0,15.0,53.0,230.0,4.3,12.0,203.0,27.0,12.0,2.3,5.0,23.0,36.0,3.0,11.0,1.0,1.0,2.0,4.0,5.0,4.0,31.0,2.0,0.0,2.0,1322.0,25.0,73.0,401.0,5.5,12.0,190.0,211.0,43.0,4.9,6.3,19.0,28.0,7.0,17.0,2.0,2.0,3.0,6.0,2.0,8.0,70.0,1.0,0.0,1.0,2278.0,ESPN BET,2.2,1.71,2.5,-2.5,2.0,1.77,44.5,,
401547227,2023-10-01,2023-10-01T13:30Z,2023,regular,4,True,JAX,ATL,23.0,7.0,16.0,64.0,300.0,4.7,10.0,195.0,105.0,32.0,3.3,6.1,23.0,30.0,5.0,14.0,1.0,2.0,0.0,1.0,2.0,3.0,25.0,0.0,0.0,0.0,1971.0,17.0,57.0,287.0,5.0,10.0,160.0,127.0,22.0,5.8,4.6,19.0,31.0,6.0,12.0,0.0,1.0,1.0,2.0,4.0,3.0,50.0,3.0,1.0,2.0,1629.0,ESPN BET,1.5,2.65,-3.5,3.5,1.91,1.83,41.5,,
401547443,2023-10-01,2023-10-01T17:00Z,2023,regular,4,False,BUF,MIA,48.0,20.0,24.0,56.0,414.0,7.4,12.0,310.0,104.0,29.0,3.6,11.5,21.0,25.0,5.0,10.0,0.0,0.0,5.0,6.0,2.0,4.0,20.0,0.0,0.0,0.0,1822.0,20.0,58.0,393.0,6.8,11.0,251.0,142.0,19.0,7.5,6.4,25.0,35.0,3.0,10.0,0.0,3.0,3.0,4.0,4.0,8.0,98.0,2.0,1.0,1.0,1778.0,ESPN BET,1.69,2.25,-3.5,3.5,2.0,1.77,51.5,,
401547444,2023-10-01,2023-10-01T17:00Z,2023,regular,4,False,CHI,DEN,28.0,31.0,26.0,70.0,471.0,6.7,10.0,300.0,171.0,31.0,5.5,7.7,28.0,35.0,6.0,12.0,1.0,3.0,2.0,3.0,4.0,10.0,91.0,2.0,1.0,1.0,2029.0,17.0,48.0,311.0,6.5,9.0,214.0,97.0,19.0,5.1,7.4,21.0,28.0,6.0,11.0,0.0,0.0,3.0,3.0,1.0,7.0,39.0,0.0,0.0,0.0,1571.0,ESPN BET,2.35,1.65,2.5,-2.5,1.91,1.83,46.5,,
401547445,2023-10-01,2023-10-01T17:00Z,2023,regular,4,False,CLE,BAL,3.0,28.0,13.0,65.0,166.0,2.6,13.0,73.0,93.0,25.0,3.7,1.8,19.0,36.0,4.0,16.0,1.0,1.0,0.0,2.0,4.0,7.0,42.0,3.0,0.0,3.0,1810.0,16.0,55.0,296.0,5.4,12.0,165.0,131.0,33.0,4.0,7.5,15.0,19.0,4.0,12.0,1.0,1.0,4.0,4.0,3.0,8.0,92.0,1.0,1.0,0.0,1790.0,ESPN BET,2.05,1.74,2.5,-2.5,1.87,1.87,37.5,,
401547446,2023-10-01,2023-10-01T17:00Z,2023,regular,4,False,HOU,PIT,30.0,6.0,24.0,69.0,451.0,6.5,10.0,312.0,139.0,38.0,3.7,10.1,17.0,31.0,6.0,12.0,0.0,1.0,2.0,3.0,0.0,8.0,63.0,0.0,0.0,0.0,1955.0,12.0,56.0,225.0,4.0,10.0,111.0,114.0,25.0,4.6,3.6,18.0,28.0,6.0,14.0,0.0,1.0,0.0,2.0,3.0,2.0,18.0,1.0,0.0,1.0,1645.0,ESPN BET,2.35,1.65,2.5,-2.5,2.0,1.77,40.5,,
401547447,2023-10-01,2023-10-01T20:05Z,2023,regular,4,False,LAC,LV,24.0,17.0,16.0,63.0,305.0,4.8,12.0,150.0,155.0,37.0,4.2,5.8,13.0,24.0,5.0,14.0,1.0,2.0,3.0,4.0,2.0,4.0,34.0,1.0,0.0,1.0,1629.0,22.0,69.0,264.0,3.8,11.0,188.0,76.0,23.0,3.3,4.1,24.0,39.0,1.0,11.0,3.0,3.0,2.0,5.0,7.0,9.0,80.0,3.0,2.0,1.0,1971.0,ESPN BET,1.33,3.4,-7.5,7.5,1.95,1.8,47.5,,
401547448,2023-10-01,2023-10-01T17:00Z,2023,regular,4,False,CAR,MIN,13.0,21.0,20.0,68.0,232.0,3.4,9.0,149.0,83.0,31.0,2.7,4.0,25.0,32.0,5.0,14.0,2.0,3.0,0.0,2.0,5.0,6.0,80.0,1.0,1.0,0.0,2309.0,14.0,44.0,265.0,6.0,9.0,130.0,135.0,23.0,5.9,6.2,12.0,19.0,1.0,8.0,1.0,2.0,1.0,2.0,2.0,7.0,37.0,2.0,0.0,2.0,1291.0,ESPN BET,2.7,1.45,4.5,-4.5,1.91,1.83,45.5,,
401547449,2023-10-01,2023-10-01T17:00Z,2023,regular,4,False,IND,LAR,23.0,29.0,19.0,58.0,329.0,5.7,11.0,196.0,133.0,31.0,4.3,7.3,11.0,25.0,3.0,10.0,1.0,2.0,2.0,2.0,2.0,8.0,80.0,1.0,1.0,0.0,1465.0,27.0,78.0,467.0,6.0,12.0,303.0,164.0,36.0,4.6,7.2,27.0,40.0,6.0,15.0,1.0,1.0,2.0,3.0,2.0,8.0,85.0,1.0,0.0,1.0,2386.0,ESPN BET,1.95,1.8,2.5,-2.5,1.83,1.91,44.5,,
401547450,2023-10-01,2023-10-01T17:00Z,2023,regular,4,False,NO,TB,9.0,26.0,16.0,61.0,197.0,3.2,11.0,127.0,70.0,19.0,3.7,3.0,24.0,39.0,5.0,14.0,1.0,2.0,0.0,2.0,3.0,7.0,58.0,3.0,2.0,1.0,1729.0,21.0,67.0,353.0,5.3,11.0,239.0,114.0,33.0,3.5,7.0,25.0,33.0,8.0,15.0,0.0,0.0,3.0,4.0,1.0,11.0,91.0,1.0,0.0,1.0,1871.0,ESPN BET,1.5,2.6,-4.5,4.5,1.83,1.91,40.5,,
401547451,2023-10-01,2023-10-01T17:00Z,2023,regular,4,False,PHI,WSH,34.0,31.0,23.0,67.0,415.0,6.2,10.0,311.0,104.0,27.0,3.9,7.8,25.0,37.0,4.0,12.0,2.0,2.0,1.0,2.0,3.0,11.0,80.0,0.0,0.0,0.0,1855.0,26.0,74.0,365.0,4.9,10.0,258.0,107.0,28.0,3.8,5.6,29.0,41.0,8.0,17.0,2.0,2.0,4.0,5.0,5.0,7.0,41.0,0.0,0.0,0.0,2107.0,ESPN BET,1.26,3.7,-8.5,8.5,1.87,1.87,40.5,,
401547452,2023-10-01,2023-10-01T17:00Z,2023,regular,4,False,TEN,CIN,27.0,3.0,23.0,62.0,400.0,6.5,9.0,227.0,173.0,33.0,5.2,7.8,19.0,26.0,8.0,13.0,1.0,1.0,2.0,4.0,3.0,5.0,27.0,1.0,0.0,1.0,2085.0,14.0,51.0,211.0,4.1,9.0,139.0,72.0,18.0,4.0,4.2,20.0,30.0,2.0,9.0,0.0,1.0,0.0,1.0,3.0,5.0,40.0,1.0,1.0,0.0,1515.0,ESPN BET,2.25,1.69,3.5,-3.5,1.74,2.05,41.5,,
401547453,2023-10-01,2023-10-01T20:25Z,2023,regular,4,False,DAL,NE,38.0,3.0,22.0,69.0,377.0,5.5,10.0,253.0,124.0,30.0,4.1,6.5,30.0,36.0,8.0,15.0,0.0,1.0,1.0,4.0,3.0,5.0,32.0,0.0,0.0,0.0,2109.0,10.0,55.0,253.0,4.6,11.0,200.0,53.0,23.0,2.3,6.3,16.0,30.0,4.0,13.0,0.0,2.0,0.0,1.0,2.0,6.0,50.0,3.0,1.0,2.0,1491.0,ESPN BET,1.36,3.3,-5.5,5.5,1.83,1.91,43.5,,
401547454,2023-10-01,2023-10-01T20:25Z,2023,regular,4,False,SF,ARI,35.0,16.0,30.0,53.0,395.0,7.5,8.0,271.0,124.0,31.0,4.0,12.3,20.0,21.0,3.0,5.0,1.0,1.0,5.0,5.0,1.0,4.0,21.0,0.0,0.0,0.0,1754.0,23.0,67.0,362.0,5.4,7.0,257.0,105.0,25.0,4.2,6.1,28.0,41.0,8.0,15.0,2.0,3.0,2.0,3.0,1.0,9.0,55.0,0.0,0.0,0.0,1846.0,ESPN BET,1.1,8.0,-13.5,13.5,1.8,1.95,43.5,,
401547455,2023-10-02,2023-10-02T00:20Z,2023,regular,4,False,NYJ,KC,20.0,23.0,18.0,57.0,336.0,5.9,11.0,228.0,108.0,16.0,6.8,5.6,28.0,39.0,5.0,12.0,0.0,0.0,2.0,3.0,2.0,7.0,42.0,1.0,1.0,0.0,1671.0,24.0,66.0,401.0,6.1,11.0,197.0,204.0,35.0,5.8,6.4,18.0,30.0,7.0,12.0,0.0,0.0,0.0,4.0,1.0,5.0,46.0,2.0,0.0,2.0,1929.0,ESPN BET,4.2,1.25,8.5,-8.5,1.87,1.87,41.5,,
401547456,2023-10-03,2023-10-03T00:15Z,2023,regular,4,False,NYG,SEA,3.0,24.0,17.0,74.0,248.0,3.4,12.0,136.0,112.0,29.0,3.9,3.0,27.0,34.0,6.0,16.0,2.0,4.0,0.0,1.0,11.0,6.0,45.0,3.0,1.0,2.0,2160.0,13.0,51.0,281.0,5.5,11.0,160.0,121.0,23.0,5.3,5.7,15.0,26.0,3.0,12.0,0.0,2.0,2.0,4.0,2.0,8.0,74.0,0.0,0.0,0.0,1440.0,ESPN BET,2.2,1.71,1.5,-1.5,1.87,1.87,45.5,,
401547457,2023-10-06,2023-10-06T00:15Z,2023,regular,5,False,WSH,CHI,20.0,40.0,23.0,66.0,388.0,5.9,12.0,359.0,29.0,10.0,2.9,6.4,37.0,51.0,6.0,12.0,0.0,1.0,2.0,3.0,5.0,1.0,5.0,2.0,1.0,1.0,1796.0,18.0,64.0,451.0,7.0,11.0,273.0,178.0,32.0,5.6,8.5,15.0,29.0,7.0,15.0,1.0,1.0,3.0,6.0,3.0,3.0,35.0,0.0,0.0,0.0,1804.0,ESPN BET,1.38,3.15,-4.5,4.5,1.83,1.91,44.5,,
401547228,2023-10-08,2023-10-08T13:30Z,2023,regular,5,True,BUF,JAX,20.0,25.0,18.0,54.0,388.0,7.2,12.0,359.0,29.0,14.0,2.1,9.0,27.0,40.0,5.0,12.0,0.0,0.0,3.0,3.0,0.0,11.0,109.0,2.0,1.0,1.0,1308.0,29.0,82.0,474.0,5.8,12.0,278.0,196.0,40.0,4.9,6.6,25.0,37.0,10.0,18.0,0.0,0.0,2.0,4.0,5.0,8.0,56.0,2.0,2.0,0.0,2292.0,ESPN BET,1.42,3.0,-5.5,5.5,1.83,1.91,48.5,,
401547458,2023-10-08,2023-10-08T17:00Z,2023,regular,5,False,IND,TEN,23.0,16.0,21.0,61.0,429.0,7.0,8.0,236.0,193.0,34.0,5.7,8.7,20.0,26.0,8.0,13.0,0.0,1.0,1.0,5.0,1.0,8.0,55.0,0.0,0.0,0.0,1863.0,19.0,58.0,348.0,6.0,8.0,259.0,89.0,22.0,4.0,7.2,23.0,35.0,5.0,12.0,1.0,2.0,1.0,4.0,1.0,4.0,58.0,1.0,0.0,1.0,1737.0,ESPN BET,2.2,1.71,2.5,-2.5,1.91,1.83,43.5,,
401547459,2023-10-08,2023-10-08T17:00Z,2023,regular,5,False,NE,NO,0.0,34.0,8.0,51.0,156.0,3.1,14.0,111.0,45.0,18.0,2.5,3.4,15.0,31.0,1.0,14.0,0.0,2.0,0.0,0.0,2.0,5.0,30.0,3.0,1.0,2.0,1226.0,17.0,70.0,304.0,4.3,14.0,168.0,136.0,42.0,3.2,6.0,18.0,26.0,5.0,15.0,0.0,0.0,3.0,4.0,2.0,12.0,86.0,0.0,0.0,0.0,2374.0,ESPN BET,1.77,2.1,-1.5,1.5,1.91,1.83,37.5,,
401547460,2023-10-08,2023-10-08T17:00Z,2023,regular,5,False,PIT,BAL,17.0,10.0,17.0,65.0,289.0,4.4,12.0,202.0,87.0,30.0,2.9,5.8,18.0,32.0,6.0,15.0,0.0,0.0,0.0,2.0,3.0,3.0,30.0,1.0,1.0,0.0,1786.0,19.0,67.0,335.0,5.0,12.0,210.0,125.0,25.0,5.0,5.0,22.0,38.0,5.0,14.0,0.0,2.0,1.0,3.0,4.0,2.0,20.0,3.0,2.0,1.0,1814.0,ESPN BET,2.9,1.44,4.5,-4.5,1.91,1.83,37.5,,
401547461,2023-10-08,2023-10-08T20:25Z,2023,regular,5,False,DEN,NYJ,21.0,31.0,18.0,57.0,308.0,5.4,12.0,169.0,139.0,22.0,6.3,4.8,20.0,31.0,4.0,10.0,0.0,0.0,2.0,4.0,4.0,4.0,31.0,3.0,3.0,0.0,1524.0,18.0,62.0,407.0,6.6,11.0,173.0,234.0,32.0,7.3,5.8,19.0,26.0,3.0,12.0,0.0,0.0,0.0,5.0,4.0,9.0,71.0,2.0,1.0,1.0,2076.0,ESPN BET,1.74,2.15,-2.5,2.5,1.87,1.87,42.5,,
401547462,2023-10-08,2023-10-08T20:25Z,2023,regular,5,False,MIN,KC,20.0,27.0,24.0,68.0,329.0,4.8,8.0,259.0,70.0,18.0,3.9,5.2,29.0,47.0,6.0,14.0,4.0,5.0,2.0,4.0,3.0,4.0,51.0,1.0,1.0,0.0,1681.0,21.0,64.0,333.0,5.2,8.0,266.0,67.0,21.0,3.2,6.2,31.0,41.0,9.0,15.0,0.0,0.0,3.0,3.0,2.0,10.0,86.0,0.0,0.0,0.0,1919.0,ESPN BET,2.55,1.54,3.5,-3.5,1.77,2.0,51.5,,
401547463,2023-10-08,2023-10-08T17:00Z,2023,regular,5,False,ATL,HOU,21.0,19.0,26.0,74.0,447.0,6.0,12.0,351.0,96.0,36.0,2.7,9.2,29.0,38.0,7.0,14.0,0.0,0.0,2.0,4.0,0.0,7.0,55.0,2.0,2.0,0.0,2132.0,17.0,58.0,313.0,5.4,11.0,249.0,64.0,23.0,2.8,7.1,20.0,35.0,4.0,13.0,0.0,0.0,1.0,3.0,0.0,5.0,25.0,0.0,0.0,0.0,1468.0,ESPN BET,1.74,2.15,-2.5,2.5,1.77,2.0,41.5,,
401547464,2023-10-08,2023-10-08T17:00Z,2023,regular,5,False,DET,CAR,42.0,24.0,23.0,60.0,377.0,6.3,11.0,218.0,159.0,30.0,5.3,7.3,20.0,28.0,4.0,10.0,1.0,2.0,4.0,4.0,2.0,5.0,35.0,0.0,0.0,0.0,1875.0,26.0,65.0,342.0,5.3,10.0,243.0,99.0,23.0,4.3,5.8,25.0,41.0,5.0,10.0,1.0,1.0,3.0,4.0,1.0,7.0,45.0,3.0,1.0,2.0,1725.0,ESPN BET,1.22,4.6,-8.5,8.5,1.87,1.87,42.5,,
401547465,2023-10-08,2023-10-08T17:00Z,2023,regular,5,False,MIA,NYG,31.0,16.0,22.0,54.0,524.0,9.7,11.0,302.0,222.0,23.0,9.7,9.7,22.0,30.0,3.0,8.0,0.0,0.0,2.0,3.0,1.0,6.0,43.0,3.0,1.0,2.0,1441.0,15.0,68.0,268.0,3.9,9.0,183.0,85.0,29.0,2.9,4.7,23.0,32.0,5.0,17.0,1.0,2.0,0.0,2.0,7.0,6.0,43.0,0.0,0.0,0.0,2159.0,ESPN BET,1.13,6.25,-13.5,13.5,1.95,1.8,47.5,,
401547466,2023-10-08,2023-10-08T20:05Z,2023,regular,5,False,ARI,CIN,20.0,34.0,15.0,57.0,294.0,5.2,13.0,152.0,142.0,22.0,6.5,4.3,15.0,32.0,4.0,11.0,0.0,3.0,2.0,3.0,3.0,2.0,16.0,3.0,1.0,2.0,1310.0,27.0,79.0,380.0,4.8,12.0,287.0,93.0,30.0,3.1,5.9,36.0,46.0,5.0,14.0,0.0,3.0,2.0,5.0,3.0,4.0,40.0,1.0,0.0,1.0,2290.0,ESPN BET,2.45,1.59,3.5,-3.5,1.8,1.95,45.5,,
401547467,2023-10-08,2023-10-08T20:05Z,2023,regular,5,False,LAR,PHI,14.0,23.0,17.0,55.0,249.0,4.5,8.0,195.0,54.0,14.0,3.9,4.8,21.0,37.0,6.0,14.0,2.0,3.0,1.0,1.0,4.0,5.0,48.0,0.0,0.0,0.0,1325.0,28.0,78.0,454.0,5.8,8.0,295.0,159.0,39.0,4.1,7.6,25.0,38.0,13.0,18.0,0.0,1.0,2.0,6.0,1.0,3.0,35.0,1.0,0.0,1.0,2275.0,ESPN BET,2.65,1.51,3.5,-3.5,1.87,1.87,49.5,,
401547354,2023-10-09,2023-10-09T00:20Z,2023,regular,5,False,SF,DAL,42.0,10.0,25.0,67.0,421.0,6.3,13.0,251.0,170.0,41.0,4.1,9.7,18.0,25.0,6.0,11.0,0.0,1.0,4.0,5.0,1.0,6.0,45.0,1.0,1.0,0.0,2225.0,8.0,49.0,197.0,4.0,13.0,140.0,57.0,19.0,3.0,4.7,16.0,26.0,4.0,11.0,0.0,1.0,0.0,0.0,4.0,6.0,60.0,4.0,1.0,3.0,1375.0,ESPN BET,1.54,2.55,-3.5,3.5,1.91,1.83,44.5,,
401547468,2023-10-10,2023-10-10T00:15Z,2023,regular,5,False,LV,GB,17.0,13.0,19.0,64.0,279.0,4.4,11.0,183.0,96.0,29.0,3.3,5.2,22.0,31.0,5.0,13.0,1.0,1.0,2.0,3.0,4.0,4.0,28.0,1.0,0.0,1.0,1954.0,18.0,57.0,285.0,5.0,11.0,175.0,110.0,25.0,4.4,5.5,16.0,30.0,4.0,12.0,1.0,1.0,1.0,3.0,2.0,3.0,18.0,3.0,0.0,3.0,1646.0,ESPN BET,1.83,2.0,-1.5,1.5,1.91,1.83,44.5,,
401547469,2023-10-13,2023-10-13T00:15Z,2023,regular,6,False,KC,DEN,19.0,8.0,22.0,70.0,389.0,5.6,11.0,293.0,96.0,27.0,3.6,6.8,30.0,41.0,4.0,13.0,0.0,1.0,1.0,5.0,2.0,7.0,84.0,1.0,0.0,1.0,2149.0,14.0,49.0,197.0,4.0,10.0,82.0,115.0,23.0,5.0,3.2,13.0,22.0,4.0,10.0,0.0,1.0,1.0,1.0,4.0,3.0,34.0,3.0,1.0,2.0,1451.0,ESPN BET,1.15,5.75,-9.5,9.5,1.8,1.95,48.5,,
401547229,2023-10-15,2023-10-15T13:30Z,2023,regular,6,True,TEN,BAL,16.0,24.0,17.0,46.0,233.0,5.1,10.0,104.0,129.0,19.0,6.8,3.9,12.0,21.0,1.0,9.0,0.0,0.0,1.0,4.0,6.0,6.0,45.0,2.0,1.0,1.0,1458.0,20.0,70.0,360.0,5.1,12.0,221.0,139.0,39.0,3.6,7.1,21.0,30.0,8.0,16.0,0.0,0.0,1.0,6.0,1.0,9.0,88.0,1.0,0.0,1.0,2142.0,ESPN BET,3.0,1.4,5.5,-5.5,1.91,1.83,41.5,,
401547470,2023-10-15,2023-10-15T17:00Z,2023,regular,6,False,ATL,WSH,16.0,24.0,25.0,79.0,402.0,5.1,11.0,296.0,106.0,29.0,3.7,5.9,28.0,47.0,5.0,15.0,1.0,3.0,2.0,3.0,3.0,4.0,31.0,3.0,0.0,3.0,2183.0,13.0,50.0,193.0,3.9,12.0,121.0,72.0,22.0,3.3,4.3,14.0,23.0,2.0,10.0,1.0,1.0,2.0,3.0,5.0,6.0,40.0,0.0,0.0,0.0,1417.0,ESPN BET,1.69,2.15,-2.5,2.5,1.8,1.95,41.5,,
401547471,2023-10-15,2023-10-15T17:00Z,2023,regular,6,False,CIN,SEA,17.0,13.0,15.0,53.0,214.0,4.0,11.0,168.0,46.0,15.0,3.1,4.4,24.0,35.0,3.0,11.0,0.0,0.0,2.0,2.0,3.0,5.0,43.0,1.0,0.0,1.0,1559.0,24.0,70.0,384.0,5.5,11.0,297.0,87.0,25.0,3.5,6.6,27.0,41.0,5.0,12.0,0.0,2.0,1.0,5.0,4.0,7.0,64.0,2.0,0.0,2.0,2041.0,ESPN BET,1.67,2.3,-1.5,1.5,1.8,1.95,45.5,,
401547472,2023-10-15,2023-10-15T17:00Z,2023,regular,6,False,JAX,IND,37.0,20.0,17.0,62.0,233.0,3.8,14.0,148.0,85.0,29.0,2.9,4.5,20.0,30.0,4.0,14.0,1.0,1.0,2.0,3.0,3.0,5.0,25.0,1.0,0.0,1.0,1721.0,18.0,75.0,354.0,4.7,13.0,310.0,44.0,17.0,2.6,5.3,33.0,55.0,6.0,17.0,3.0,6.0,2.0,4.0,3.0,6.0,46.0,4.0,1.0,3.0,1879.0,ESPN BET,1.5,2.7,-3.5,3.5,1.87,1.87,43.5,,
401547473,2023-10-15,2023-10-15T17:00Z,2023,regular,6,False,MIA,CAR,42.0,21.0,23.0,65.0,424.0,6.5,12.0,262.0,162.0,33.0,4.9,8.2,21.0,32.0,7.0,13.0,0.0,0.0,5.0,5.0,0.0,3.0,25.0,1.0,0.0,1.0,1756.0,21.0,68.0,296.0,4.4,11.0,188.0,108.0,25.0,4.3,4.4,24.0,39.0,5.0,14.0,0.0,4.0,2.0,2.0,4.0,3.0,11.0,0.0,0.0,0.0,1844.0,ESPN BET,1.11,6.0,-13.5,13.5,1.87,1.87,46.5,,
401547474,2023-10-15,2023-10-15T20:05Z,2023,regular,6,False,LV,NE,21.0,17.0,19.0,65.0,348.0,5.4,9.0,264.0,84.0,33.0,2.5,8.3,20.0,32.0,8.0,16.0,0.0,0.0,1.0,6.0,0.0,6.0,42.0,1.0,0.0,1.0,1932.0,17.0,56.0,259.0,4.6,9.0,176.0,83.0,19.0,4.4,4.8,24.0,33.0,6.0,12.0,0.0,0.0,2.0,2.0,4.0,10.0,79.0,1.0,0.0,1.0,1668.0,ESPN BET,1.67,2.3,-3.5,3.5,1.95,1.8,40.5,,
401547475,2023-10-15,2023-10-15T17:00Z,2023,regular,6,False,CHI,MIN,13.0,19.0,18.0,65.0,275.0,4.2,12.0,113.0,162.0,36.0,4.5,3.9,16.0,24.0,6.0,14.0,0.0,1.0,1.0,2.0,5.0,5.0,29.0,3.0,1.0,2.0,2111.0,12.0,55.0,220.0,4.0,11.0,174.0,46.0,22.0,2.1,5.3,21.0,31.0,2.0,13.0,1.0,2.0,1.0,1.0,2.0,5.0,63.0,1.0,1.0,0.0,1489.0,ESPN BET,2.4,1.61,3.5,-3.5,1.83,1.91,43.5,,
401547476,2023-10-15,2023-10-15T17:00Z,2023,regular,6,False,CLE,SF,19.0,17.0,18.0,70.0,334.0,4.8,13.0,174.0,160.0,34.0,4.7,4.8,18.0,34.0,3.0,13.0,1.0,1.0,1.0,2.0,2.0,13.0,119.0,2.0,0.0,2.0,1983.0,15.0,55.0,215.0,3.9,13.0,107.0,108.0,25.0,4.3,3.6,12.0,27.0,3.0,12.0,0.0,0.0,2.0,3.0,3.0,12.0,105.0,1.0,0.0,1.0,1617.0,ESPN BET,4.8,1.2,9.5,-9.5,1.91,1.83,35.5,,
401547477,2023-10-15,2023-10-15T17:00Z,2023,regular,6,False,HOU,NO,20.0,13.0,19.0,60.0,297.0,5.0,12.0,177.0,120.0,31.0,3.9,6.1,13.0,27.0,4.0,11.0,0.0,0.0,2.0,4.0,2.0,3.0,29.0,1.0,0.0,1.0,1707.0,24.0,78.0,430.0,5.5,10.0,341.0,89.0,25.0,3.6,6.4,33.0,51.0,6.0,15.0,0.0,2.0,0.0,3.0,2.0,7.0,83.0,2.0,1.0,1.0,1893.0,ESPN BET,2.05,1.8,2.5,-2.5,1.87,1.87,41.5,,
401547478,2023-10-15,2023-10-15T20:25Z,2023,regular,6,False,TB,DET,6.0,20.0,13.0,54.0,251.0,4.6,10.0,205.0,46.0,16.0,2.9,5.4,19.0,37.0,2.0,12.0,1.0,2.0,0.0,2.0,1.0,5.0,33.0,1.0,0.0,1.0,1410.0,19.0,69.0,380.0,5.5,11.0,340.0,40.0,22.0,1.8,7.2,30.0,44.0,9.0,16.0,0.0,0.0,0.0,2.0,3.0,5.0,35.0,0.0,0.0,0.0,2190.0,ESPN BET,2.25,1.63,3.5,-3.5,1.77,2.0,42.5,,
401547479,2023-10-15,2023-10-15T20:25Z,2023,regular,6,False,LAR,ARI,26.0,9.0,17.0,55.0,382.0,6.9,10.0,203.0,179.0,28.0,6.4,7.5,15.0,24.0,4.0,12.0,0.0,0.0,2.0,5.0,3.0,6.0,59.0,1.0,1.0,0.0,1770.0,20.0,73.0,345.0,4.7,12.0,215.0,130.0,30.0,4.3,5.0,21.0,41.0,6.0,16.0,2.0,4.0,0.0,3.0,2.0,5.0,36.0,2.0,1.0,1.0,1830.0,ESPN BET,1.29,3.8,-7.5,7.5,1.87,1.87,47.5,,
401547480,2023-10-15,2023-10-15T20:25Z,2023,regular,6,False,NYJ,PHI,20.0,14.0,17.0,59.0,244.0,4.1,11.0,155.0,89.0,21.0,4.2,4.1,19.0,33.0,2.0,11.0,0.0,1.0,1.0,4.0,5.0,9.0,68.0,0.0,0.0,0.0,1756.0,24.0,69.0,348.0,5.0,10.0,268.0,80.0,22.0,3.6,5.7,28.0,45.0,7.0,14.0,1.0,2.0,2.0,3.0,2.0,5.0,46.0,4.0,1.0,3.0,1844.0,ESPN BET,3.5,1.33,5.5,-5.5,1.95,1.8,41.5,,
401547481,2023-10-16,2023-10-16T00:20Z,2023,regular,6,False,BUF,NYG,14.0,9.0,22.0,59.0,297.0,5.0,9.0,169.0,128.0,29.0,4.4,5.6,19.0,30.0,6.0,12.0,0.0,0.0,2.0,2.0,0.0,7.0,51.0,2.0,1.0,1.0,1716.0,20.0,73.0,317.0,4.3,10.0,185.0,132.0,34.0,3.9,4.7,24.0,36.0,10.0,19.0,1.0,2.0,0.0,5.0,3.0,9.0,65.0,0.0,0.0,0.0,1884.0,ESPN BET,1.07,9.0,-15.5,15.5,1.87,1.95,42.5,,
401547482,2023-10-17,2023-10-17T00:15Z,2023,regular,6,False,LAC,DAL,17.0,20.0,18.0,61.0,272.0,4.5,10.0,219.0,53.0,23.0,2.3,5.8,22.0,37.0,5.0,14.0,1.0,2.0,2.0,4.0,1.0,9.0,79.0,1.0,0.0,1.0,1808.0,20.0,61.0,342.0,5.6,10.0,246.0,96.0,26.0,3.7,7.0,21.0,30.0,5.0,13.0,1.0,2.0,2.0,4.0,5.0,11.0,85.0,1.0,1.0,0.0,1792.0,ESPN BET,2.0,1.77,1.5,-1.5,1.91,1.83,49.5,,
401547483,2023-10-20,2023-10-20T00:15Z,2023,regular,7,False,NO,JAX,24.0,31.0,25.0,87.0,407.0,4.7,14.0,295.0,112.0,31.0,3.6,5.3,33.0,55.0,3.0,18.0,4.0,6.0,2.0,5.0,1.0,3.0,34.0,1.0,0.0,1.0,2170.0,18.0,56.0,330.0,5.9,12.0,217.0,113.0,26.0,4.3,7.2,21.0,30.0,2.0,11.0,1.0,2.0,2.0,2.0,0.0,5.0,42.0,2.0,2.0,0.0,1430.0,ESPN BET,1.69,2.25,-1.5,1.5,1.83,1.91,40.5,,
401547484,2023-10-22,2023-10-22T17:00Z,2023,regular,7,False,IND,CLE,38.0,39.0,20.0,67.0,456.0,6.8,16.0,288.0,168.0,40.0,4.2,10.7,15.0,23.0,7.0,15.0,0.0,0.0,3.0,4.0,4.0,8.0,67.0,4.0,3.0,1.0,1951.0,18.0,72.0,316.0,4.4,16.0,166.0,150.0,33.0,4.5,4.3,16.0,37.0,4.0,16.0,1.0,2.0,2.0,2.0,2.0,4.0,20.0,2.0,0.0,2.0,1649.0,ESPN BET,2.6,1.5,3.5,-3.5,1.91,1.83,40.5,,
401547485,2023-10-22,2023-10-22T17:00Z,2023,regular,7,False,NE,BUF,29.0,25.0,21.0,55.0,364.0,6.6,9.0,268.0,96.0,24.0,4.0,8.6,25.0,30.0,4.0,9.0,0.0,0.0,3.0,5.0,1.0,8.0,59.0,1.0,1.0,0.0,1666.0,24.0,66.0,339.0,5.1,10.0,258.0,81.0,24.0,3.4,6.1,27.0,41.0,5.0,12.0,2.0,3.0,2.0,4.0,1.0,9.0,46.0,2.0,1.0,1.0,1934.0,ESPN BET,4.2,1.25,7.5,-7.5,1.8,1.95,39.5,,
401547486,2023-10-22,2023-10-22T17:00Z,2023,regular,7,False,NYG,WSH,14.0,7.0,16.0,65.0,356.0,5.5,14.0,250.0,106.0,32.0,3.3,7.6,18.0,29.0,5.0,16.0,0.0,0.0,1.0,2.0,4.0,4.0,40.0,2.0,2.0,0.0,1726.0,14.0,67.0,273.0,4.1,14.0,197.0,76.0,19.0,4.0,4.1,22.0,42.0,1.0,15.0,2.0,3.0,1.0,3.0,6.0,10.0,75.0,1.0,0.0,1.0,1874.0,ESPN BET,2.25,1.63,3.5,-3.5,1.77,2.0,36.5,,
401547487,2023-10-22,2023-10-22T20:25Z,2023,regular,7,False,DEN,GB,19.0,17.0,18.0,55.0,339.0,6.2,9.0,194.0,145.0,25.0,5.8,6.5,20.0,29.0,5.0,12.0,0.0,1.0,1.0,4.0,1.0,8.0,60.0,0.0,0.0,0.0,1703.0,20.0,61.0,331.0,5.4,9.0,194.0,137.0,29.0,4.7,6.1,22.0,32.0,6.0,14.0,2.0,2.0,2.0,3.0,0.0,7.0,56.0,1.0,0.0,1.0,1897.0,ESPN BET,1.71,2.1,-2.5,2.5,1.87,1.87,43.5,,
401547488,2023-10-22,2023-10-22T20:25Z,2023,regular,7,False,KC,LAC,31.0,17.0,25.0,64.0,483.0,7.5,11.0,415.0,68.0,21.0,3.2,9.7,32.0,42.0,6.0,11.0,0.0,0.0,3.0,4.0,1.0,6.0,43.0,2.0,1.0,1.0,1900.0,16.0,61.0,358.0,5.9,11.0,219.0,139.0,26.0,5.3,6.3,17.0,30.0,6.0,14.0,1.0,1.0,1.0,2.0,5.0,4.0,43.0,2.0,0.0,2.0,1700.0,ESPN BET,1.38,3.15,-5.5,5.5,1.83,1.91,47.5,,
401547489,2023-10-22,2023-10-22T17:00Z,2023,regular,7,False,BAL,DET,38.0,6.0,23.0,55.0,503.0,9.1,10.0,357.0,146.0,27.0,5.4,12.8,21.0,28.0,4.0,8.0,1.0,1.0,5.0,6.0,0.0,4.0,45.0,1.0,1.0,0.0,1822.0,18.0,72.0,337.0,4.7,10.0,253.0,84.0,14.0,6.0,4.4,33.0,53.0,5.0,16.0,2.0,6.0,0.0,1.0,5.0,5.0,57.0,1.0,0.0,1.0,1778.0,ESPN BET,1.59,2.35,-3.5,3.5,1.95,1.8,43.5,,
401547490,2023-10-22,2023-10-22T17:00Z,2023,regular,7,False,CHI,LV,30.0,12.0,23.0,69.0,323.0,4.7,9.0,150.0,173.0,38.0,4.6,4.8,21.0,29.0,8.0,13.0,0.0,1.0,3.0,3.0,2.0,9.0,110.0,0.0,0.0,0.0,2046.0,20.0,60.0,235.0,3.9,9.0,196.0,39.0,14.0,2.8,4.3,27.0,45.0,2.0,9.0,2.0,2.0,1.0,2.0,1.0,2.0,15.0,3.0,0.0,3.0,1554.0,ESPN BET,2.15,1.74,1.5,-1.5,1.91,1.83,37.5,,
401547491,2023-10-22,2023-10-22T17:00Z,2023,regular,7,False,TB,ATL,13.0,16.0,21.0,65.0,329.0,5.1,10.0,256.0,73.0,20.0,3.7,5.7,27.0,42.0,6.0,12.0,0.0,1.0,0.0,2.0,3.0,9.0,66.0,2.0,1.0,1.0,1801.0,20.0,64.0,401.0,6.3,10.0,245.0,156.0,38.0,4.1,9.4,19.0,25.0,7.0,13.0,0.0,0.0,1.0,5.0,1.0,9.0,60.0,3.0,3.0,0.0,1799.0,ESPN BET,1.69,2.25,-2.5,2.5,1.8,1.95,37.5,,
401547492,2023-10-22,2023-10-22T20:05Z,2023,regular,7,False,LAR,PIT,17.0,24.0,19.0,62.0,354.0,5.7,10.0,219.0,135.0,31.0,4.4,7.1,14.0,29.0,9.0,16.0,0.0,0.0,1.0,1.0,2.0,5.0,40.0,1.0,0.0,1.0,1906.0,17.0,56.0,300.0,5.4,11.0,214.0,86.0,29.0,3.0,7.9,17.0,25.0,4.0,12.0,1.0,1.0,3.0,3.0,2.0,8.0,76.0,0.0,0.0,0.0,1694.0,ESPN BET,1.59,2.35,-3.5,3.5,1.95,1.8,43.5,,
401547493,2023-10-22,2023-10-22T20:05Z,2023,regular,7,False,SEA,ARI,20.0,10.0,18.0,58.0,318.0,5.5,10.0,203.0,115.0,32.0,3.6,7.8,18.0,24.0,7.0,13.0,0.0,0.0,1.0,3.0,2.0,5.0,32.0,3.0,2.0,1.0,1832.0,15.0,63.0,249.0,4.0,11.0,122.0,127.0,25.0,5.1,3.2,20.0,34.0,5.0,15.0,0.0,3.0,0.0,1.0,4.0,7.0,59.0,0.0,0.0,0.0,1768.0,ESPN BET,1.2,4.4,-9.5,9.5,1.87,1.87,43.5,,
401547494,2023-10-23,2023-10-23T00:20Z,2023,regular,7,False,PHI,MIA,31.0,17.0,26.0,68.0,355.0,5.2,10.0,256.0,99.0,34.0,2.9,7.5,23.0,31.0,4.0,12.0,4.0,4.0,4.0,6.0,3.0,0.0,0.0,2.0,1.0,1.0,2203.0,12.0,48.0,244.0,5.1,8.0,199.0,45.0,12.0,3.8,5.5,23.0,32.0,4.0,11.0,0.0,2.0,0.0,1.0,4.0,10.0,70.0,1.0,0.0,1.0,1397.0,ESPN BET,1.67,2.3,-3.5,3.5,2.0,1.77,51.5,,
401547495,2023-10-24,2023-10-24T00:15Z,2023,regular,7,False,MIN,SF,22.0,17.0,24.0,66.0,452.0,6.8,9.0,378.0,74.0,21.0,3.5,8.4,35.0,45.0,8.0,13.0,0.0,0.0,0.0,2.0,0.0,5.0,35.0,1.0,0.0,1.0,2096.0,19.0,53.0,325.0,6.1,9.0,260.0,65.0,22.0,3.0,8.4,21.0,30.0,5.0,9.0,1.0,1.0,1.0,2.0,1.0,5.0,37.0,3.0,1.0,2.0,1504.0,ESPN BET,3.2,1.33,6.5,-6.5,1.91,1.83,44.5,,
401547496,2023-10-27,2023-10-27T00:15Z,2023,regular,8,False,BUF,TB,24.0,18.0,25.0,68.0,427.0,6.3,11.0,312.0,115.0,26.0,4.4,7.4,31.0,40.0,7.0,13.0,0.0,1.0,2.0,4.0,2.0,9.0,86.0,1.0,0.0,1.0,1917.0,17.0,62.0,302.0,4.9,11.0,224.0,78.0,17.0,4.6,5.0,25.0,42.0,4.0,15.0,1.0,1.0,1.0,1.0,3.0,11.0,74.0,0.0,0.0,0.0,1683.0,ESPN BET,1.21,4.2,-9.5,9.5,1.91,1.83,42.5,,
401547497,2023-10-29,2023-10-29T17:00Z,2023,regular,8,False,MIA,NE,31.0,17.0,24.0,73.0,390.0,5.3,11.0,312.0,78.0,26.0,3.0,6.6,30.0,45.0,5.0,14.0,3.0,3.0,2.0,4.0,2.0,3.0,25.0,2.0,1.0,1.0,2155.0,13.0,51.0,218.0,4.3,11.0,141.0,77.0,19.0,4.1,4.4,19.0,29.0,1.0,9.0,1.0,2.0,1.0,2.0,3.0,7.0,45.0,1.0,0.0,1.0,1445.0,ESPN BET,1.27,3.6,-7.5,7.5,1.87,1.87,45.5,,
401547498,2023-10-29,2023-10-29T17:00Z,2023,regular,8,False,NYG,NYJ,10.0,13.0,12.0,70.0,194.0,2.8,17.0,-9.0,203.0,52.0,3.9,-0.5,6.0,14.0,2.0,19.0,0.0,0.0,1.0,3.0,4.0,6.0,73.0,0.0,0.0,0.0,2293.0,12.0,62.0,251.0,4.0,17.0,193.0,58.0,22.0,2.6,4.8,17.0,36.0,2.0,15.0,0.0,1.0,0.0,2.0,4.0,9.0,85.0,2.0,2.0,0.0,1538.0,ESPN BET,2.35,1.59,3.5,-3.5,1.74,2.05,33.5,,
401547499,2023-10-29,2023-10-29T17:00Z,2023,regular,8,False,PIT,JAX,10.0,20.0,17.0,64.0,261.0,4.1,12.0,191.0,70.0,18.0,3.9,4.2,25.0,43.0,3.0,12.0,0.0,2.0,0.0,1.0,3.0,6.0,52.0,2.0,0.0,2.0,1544.0,20.0,65.0,377.0,5.8,11.0,271.0,106.0,30.0,3.5,7.7,24.0,32.0,6.0,13.0,0.0,0.0,0.0,3.0,3.0,6.0,72.0,3.0,2.0,1.0,2056.0,ESPN BET,2.15,1.74,2.5,-2.5,2.0,1.77,42.5,,
401547500,2023-10-29,2023-10-29T17:00Z,2023,regular,8,False,TEN,ATL,28.0,23.0,17.0,67.0,375.0,5.6,14.0,226.0,149.0,36.0,4.1,7.3,19.0,29.0,5.0,15.0,1.0,1.0,1.0,1.0,2.0,6.0,53.0,1.0,1.0,0.0,1979.0,17.0,66.0,342.0,5.2,14.0,202.0,140.0,26.0,5.4,5.1,20.0,34.0,4.0,15.0,1.0,2.0,2.0,3.0,6.0,3.0,15.0,1.0,1.0,0.0,1621.0,ESPN BET,2.2,1.71,1.5,-1.5,1.91,1.83,34.5,,
401547501,2023-10-29,2023-10-29T20:25Z,2023,regular,8,False,ARI,BAL,24.0,31.0,22.0,71.0,310.0,4.4,13.0,181.0,129.0,32.0,4.0,4.6,25.0,37.0,5.0,12.0,0.0,2.0,3.0,3.0,2.0,6.0,70.0,2.0,0.0,2.0,1821.0,21.0,60.0,268.0,4.5,12.0,138.0,130.0,29.0,4.5,4.5,18.0,27.0,4.0,11.0,0.0,0.0,4.0,4.0,4.0,6.0,45.0,0.0,0.0,0.0,1779.0,ESPN BET,4.4,1.2,10.5,-10.5,1.8,1.95,43.5,,
401547502,2023-10-29,2023-10-29T20:25Z,2023,regular,8,False,DEN,KC,24.0,9.0,19.0,65.0,240.0,3.7,11.0,87.0,153.0,40.0,3.8,3.5,12.0,19.0,6.0,14.0,0.0,1.0,3.0,5.0,6.0,6.0,35.0,1.0,1.0,0.0,2027.0,18.0,57.0,274.0,4.8,11.0,212.0,62.0,16.0,3.9,5.2,24.0,38.0,3.0,10.0,1.0,3.0,0.0,3.0,3.0,5.0,38.0,5.0,3.0,2.0,1573.0,ESPN BET,3.6,1.31,7.5,-7.5,1.8,1.95,45.5,,
401547503,2023-10-29,2023-10-29T20:25Z,2023,regular,8,False,SF,CIN,17.0,31.0,24.0,56.0,460.0,8.2,11.0,347.0,113.0,23.0,4.9,10.5,22.0,31.0,5.0,9.0,0.0,0.0,2.0,4.0,2.0,5.0,54.0,3.0,1.0,2.0,1717.0,29.0,62.0,400.0,6.5,10.0,266.0,134.0,27.0,5.0,7.6,28.0,32.0,3.0,8.0,0.0,0.0,4.0,5.0,3.0,1.0,15.0,1.0,1.0,0.0,1883.0,ESPN BET,1.45,2.7,-4.5,4.5,1.83,1.91,43.5,,
401547504,2023-10-29,2023-10-29T17:00Z,2023,regular,8,False,CAR,HOU,15.0,13.0,20.0,61.0,224.0,3.7,10.0,180.0,44.0,24.0,1.8,4.9,22.0,31.0,5.0,14.0,1.0,2.0,1.0,4.0,6.0,3.0,20.0,0.0,0.0,0.0,1829.0,16.0,56.0,229.0,4.1,9.0,119.0,110.0,30.0,3.7,4.6,16.0,24.0,5.0,12.0,1.0,1.0,2.0,2.0,2.0,10.0,70.0,1.0,1.0,0.0,1771.0,ESPN BET,2.5,1.57,3.5,-3.5,1.77,2.0,41.5,,
401547505,2023-10-29,2023-10-29T17:00Z,2023,regular,8,False,DAL,LAR,43.0,20.0,24.0,63.0,387.0,6.1,11.0,285.0,102.0,26.0,3.9,7.7,27.0,34.0,6.0,12.0,1.0,1.0,2.0,4.0,3.0,4.0,21.0,1.0,0.0,1.0,2128.0,15.0,58.0,280.0,4.8,11.0,188.0,92.0,24.0,3.8,5.5,18.0,32.0,4.0,13.0,1.0,2.0,1.0,2.0,2.0,4.0,25.0,1.0,0.0,1.0,1472.0,ESPN BET,1.32,3.25,-7.5,7.5,1.95,1.8,44.5,,
401547506,2023-10-29,2023-10-29T17:00Z,2023,regular,8,False,GB,MIN,10.0,24.0,16.0,62.0,270.0,4.4,10.0,196.0,74.0,17.0,4.4,4.4,24.0,41.0,5.0,14.0,1.0,4.0,1.0,4.0,4.0,11.0,99.0,1.0,0.0,1.0,1418.0,24.0,69.0,346.0,5.0,10.0,284.0,62.0,31.0,2.0,7.5,26.0,35.0,10.0,18.0,1.0,1.0,2.0,4.0,3.0,7.0,35.0,1.0,1.0,0.0,2182.0,ESPN BET,1.83,1.91,-0.5,0.5,1.83,1.91,40.5,,
401547507,2023-10-29,2023-10-29T17:00Z,2023,regular,8,False,IND,NO,27.0,38.0,19.0,67.0,371.0,5.5,12.0,207.0,164.0,24.0,6.8,4.8,23.0,41.0,7.0,16.0,1.0,1.0,2.0,3.0,2.0,6.0,30.0,1.0,0.0,1.0,1791.0,24.0,66.0,511.0,7.7,12.0,350.0,161.0,36.0,4.5,11.7,20.0,29.0,6.0,12.0,0.0,0.0,3.0,4.0,1.0,8.0,73.0,1.0,1.0,0.0,1809.0,ESPN BET,2.0,1.77,2.5,-2.5,1.83,1.91,43.5,,
401547508,2023-10-29,2023-10-29T17:00Z,2023,regular,8,False,WSH,PHI,31.0,38.0,26.0,69.0,472.0,6.8,11.0,388.0,84.0,16.0,5.3,7.3,39.0,52.0,7.0,12.0,0.0,3.0,2.0,2.0,1.0,7.0,79.0,1.0,0.0,1.0,1889.0,21.0,62.0,374.0,6.0,12.0,315.0,59.0,22.0,2.7,7.9,29.0,38.0,8.0,13.0,1.0,1.0,3.0,5.0,2.0,3.0,14.0,2.0,2.0,0.0,1711.0,ESPN BET,3.3,1.31,7.5,-7.5,1.83,1.91,42.5,,
401547509,2023-10-29,2023-10-29T20:05Z,2023,regular,8,False,SEA,CLE,24.0,20.0,17.0,55.0,362.0,6.6,12.0,248.0,114.0,17.0,6.7,6.5,23.0,37.0,4.0,12.0,1.0,1.0,3.0,5.0,1.0,7.0,43.0,2.0,0.0,2.0,1400.0,23.0,75.0,385.0,5.1,12.0,230.0,155.0,40.0,3.9,6.6,16.0,32.0,6.0,15.0,0.0,1.0,2.0,4.0,3.0,4.0,25.0,3.0,1.0,2.0,2200.0,ESPN BET,1.53,2.5,-3.5,3.5,1.91,1.83,39.5,,
401547510,2023-10-30,2023-10-30T00:20Z,2023,regular,8,False,LAC,CHI,30.0,13.0,20.0,65.0,352.0,5.4,10.0,298.0,54.0,25.0,2.2,7.5,31.0,40.0,7.0,13.0,0.0,1.0,2.0,2.0,0.0,2.0,15.0,1.0,1.0,0.0,1888.0,17.0,63.0,295.0,4.7,11.0,222.0,73.0,25.0,2.9,5.8,25.0,37.0,6.0,14.0,1.0,4.0,2.0,2.0,1.0,7.0,53.0,2.0,0.0,2.0,1712.0,ESPN BET,1.22,4.6,-9.5,9.5,1.83,1.91,44.5,,
401547511,2023-10-31,2023-10-31T00:15Z,2023,regular,8,False,DET,LV,26.0,14.0,29.0,81.0,486.0,6.0,12.0,264.0,222.0,43.0,5.2,6.9,26.0,37.0,6.0,14.0,1.0,1.0,1.0,5.0,1.0,5.0,55.0,3.0,2.0,1.0,2373.0,12.0,45.0,157.0,3.5,11.0,77.0,80.0,18.0,4.4,2.9,10.0,21.0,1.0,9.0,0.0,3.0,1.0,1.0,6.0,4.0,40.0,1.0,0.0,1.0,1227.0,ESPN BET,1.26,3.7,-6.5,6.5,1.8,1.95,44.5,,
401547512,2023-11-03,2023-11-03T00:15Z,2023,regular,9,False,PIT,TEN,20.0,16.0,22.0,60.0,326.0,5.4,9.0,160.0,166.0,30.0,5.5,5.3,19.0,30.0,6.0,12.0,0.0,0.0,2.0,4.0,0.0,10.0,80.0,0.0,0.0,0.0,1731.0,23.0,68.0,340.0,5.0,9.0,235.0,105.0,25.0,4.2,5.5,22.0,39.0,3.0,13.0,1.0,2.0,1.0,4.0,4.0,7.0,51.0,1.0,0.0,1.0,1869.0,ESPN BET,1.59,2.45,-3.5,3.5,1.91,1.83,36.5,,
401547230,2023-11-05,2023-11-05T14:30Z,2023,regular,9,True,KC,MIA,21.0,14.0,16.0,56.0,267.0,4.8,11.0,174.0,93.0,24.0,3.9,5.4,20.0,30.0,3.0,10.0,0.0,0.0,2.0,2.0,2.0,9.0,69.0,1.0,1.0,0.0,1776.0,20.0,58.0,292.0,5.0,11.0,175.0,117.0,21.0,5.6,4.7,21.0,34.0,3.0,12.0,0.0,1.0,1.0,1.0,3.0,6.0,45.0,1.0,1.0,0.0,1824.0,ESPN BET,1.91,1.91,-1.5,1.5,1.95,1.87,50.5,,
401547513,2023-11-05,2023-11-05T18:00Z,2023,regular,9,False,BAL,SEA,37.0,3.0,29.0,75.0,515.0,6.9,12.0,217.0,298.0,41.0,7.3,6.4,26.0,33.0,6.0,13.0,1.0,2.0,3.0,6.0,1.0,3.0,11.0,2.0,2.0,0.0,2404.0,6.0,47.0,151.0,3.2,13.0,123.0,28.0,15.0,1.9,3.8,13.0,28.0,1.0,12.0,0.0,1.0,0.0,1.0,4.0,5.0,29.0,2.0,1.0,1.0,1196.0,ESPN BET,1.37,3.2,-5.5,5.5,1.87,1.95,44.5,,
401547514,2023-11-05,2023-11-05T18:00Z,2023,regular,9,False,CLE,ARI,27.0,0.0,17.0,71.0,326.0,4.6,14.0,213.0,113.0,40.0,2.8,6.9,19.0,30.0,6.0,17.0,1.0,2.0,3.0,4.0,1.0,6.0,65.0,0.0,0.0,0.0,2185.0,7.0,48.0,58.0,1.2,14.0,17.0,41.0,21.0,2.0,0.6,11.0,20.0,1.0,12.0,0.0,1.0,0.0,0.0,7.0,4.0,40.0,3.0,1.0,2.0,1415.0,ESPN BET,1.13,6.5,-13.5,13.5,1.87,1.95,38.5,,
401547515,2023-11-05,2023-11-05T18:00Z,2023,regular,9,False,HOU,TB,39.0,37.0,26.0,62.0,496.0,8.0,12.0,443.0,53.0,17.0,3.1,9.8,30.0,42.0,3.0,11.0,1.0,1.0,3.0,4.0,3.0,9.0,115.0,1.0,1.0,0.0,1720.0,21.0,63.0,332.0,5.3,12.0,251.0,81.0,31.0,2.6,7.8,21.0,30.0,3.0,13.0,2.0,2.0,4.0,5.0,2.0,9.0,90.0,1.0,1.0,0.0,1880.0,ESPN BET,1.69,2.25,-2.5,2.5,1.8,2.02,40.5,,
401547516,2023-11-05,2023-11-05T18:00Z,2023,regular,9,False,NO,CHI,24.0,17.0,18.0,62.0,301.0,4.9,12.0,214.0,87.0,27.0,3.2,6.1,26.0,35.0,7.0,14.0,0.0,1.0,3.0,5.0,0.0,1.0,5.0,0.0,0.0,0.0,1760.0,20.0,64.0,368.0,5.8,11.0,212.0,156.0,32.0,4.9,6.6,18.0,30.0,6.0,12.0,1.0,1.0,2.0,4.0,2.0,8.0,71.0,5.0,2.0,3.0,1840.0,ESPN BET,1.24,4.4,-10.5,10.5,2.1,1.77,42.5,,
401547517,2023-11-05,2023-11-05T21:05Z,2023,regular,9,False,CAR,IND,13.0,27.0,17.0,71.0,275.0,3.9,12.0,137.0,138.0,28.0,4.9,3.2,24.0,39.0,7.0,16.0,2.0,3.0,1.0,2.0,4.0,10.0,81.0,3.0,0.0,3.0,1869.0,17.0,57.0,198.0,3.5,9.0,120.0,78.0,30.0,2.6,4.4,17.0,26.0,4.0,13.0,0.0,0.0,1.0,2.0,1.0,5.0,25.0,1.0,1.0,0.0,1731.0,ESPN BET,2.05,1.8,1.5,-1.5,1.95,1.87,45.5,,
401547518,2023-11-05,2023-11-05T18:00Z,2023,regular,9,False,ATL,MIN,28.0,31.0,18.0,67.0,370.0,5.5,13.0,260.0,110.0,28.0,3.9,6.7,21.0,38.0,10.0,18.0,0.0,0.0,1.0,2.0,1.0,8.0,62.0,2.0,1.0,1.0,1708.0,23.0,73.0,363.0,5.0,13.0,217.0,146.0,33.0,4.4,5.4,25.0,36.0,7.0,16.0,1.0,1.0,3.0,6.0,4.0,1.0,4.0,2.0,2.0,0.0,1892.0,ESPN BET,1.53,2.6,-3.5,3.5,1.91,1.91,38.5,,
401547519,2023-11-05,2023-11-05T18:00Z,2023,regular,9,False,GB,LAR,20.0,3.0,21.0,68.0,391.0,5.8,12.0,207.0,184.0,38.0,4.8,6.9,20.0,26.0,7.0,14.0,1.0,1.0,1.0,4.0,4.0,8.0,57.0,2.0,2.0,0.0,2116.0,10.0,55.0,187.0,3.4,11.0,119.0,68.0,26.0,2.6,4.1,13.0,28.0,5.0,14.0,0.0,2.0,0.0,0.0,1.0,5.0,36.0,2.0,1.0,1.0,1484.0,ESPN BET,1.51,2.65,-3.5,3.5,1.87,1.95,38.5,,
401547520,2023-11-05,2023-11-05T18:00Z,2023,regular,9,False,NE,WSH,17.0,20.0,18.0,63.0,327.0,5.2,12.0,220.0,107.0,19.0,5.6,5.0,24.0,44.0,3.0,12.0,1.0,2.0,1.0,1.0,0.0,4.0,30.0,1.0,0.0,1.0,1370.0,23.0,77.0,432.0,5.6,12.0,308.0,124.0,29.0,4.3,6.4,29.0,45.0,9.0,17.0,0.0,0.0,1.0,4.0,3.0,4.0,30.0,2.0,1.0,1.0,2230.0,ESPN BET,1.67,2.3,-2.5,2.5,1.8,2.02,40.5,,
401547521,2023-11-05,2023-11-05T21:25Z,2023,regular,9,False,LV,NYG,30.0,6.0,15.0,59.0,334.0,5.7,12.0,209.0,125.0,34.0,3.7,8.4,16.0,25.0,5.0,14.0,0.0,1.0,3.0,4.0,0.0,4.0,30.0,0.0,0.0,0.0,1736.0,15.0,62.0,277.0,4.5,13.0,154.0,123.0,25.0,4.9,4.2,19.0,29.0,3.0,12.0,1.0,5.0,1.0,1.0,8.0,3.0,8.0,2.0,0.0,2.0,1864.0,ESPN BET,1.8,2.05,-1.5,1.5,1.87,1.95,37.5,,
401547522,2023-11-05,2023-11-05T21:25Z,2023,regular,9,False,PHI,DAL,28.0,23.0,20.0,59.0,292.0,4.9,9.0,183.0,109.0,33.0,3.3,7.0,17.0,23.0,7.0,14.0,2.0,2.0,3.0,3.0,3.0,10.0,98.0,0.0,0.0,0.0,1818.0,27.0,70.0,406.0,5.8,10.0,333.0,73.0,21.0,3.5,6.8,29.0,44.0,6.0,15.0,3.0,5.0,3.0,5.0,5.0,10.0,83.0,1.0,1.0,0.0,1782.0,ESPN BET,1.61,2.4,-3.5,3.5,2.0,1.83,46.5,,
401547523,2023-11-06,2023-11-06T01:20Z,2023,regular,9,False,CIN,BUF,24.0,18.0,23.0,67.0,397.0,5.9,9.0,343.0,54.0,22.0,2.5,7.6,31.0,44.0,8.0,15.0,1.0,2.0,2.0,3.0,1.0,6.0,49.0,0.0,0.0,0.0,2198.0,21.0,55.0,317.0,5.8,9.0,249.0,68.0,16.0,4.3,6.4,26.0,38.0,7.0,12.0,0.0,0.0,2.0,3.0,1.0,5.0,49.0,2.0,1.0,1.0,1402.0,ESPN BET,1.8,2.05,-1.5,1.5,1.91,1.91,51.5,,
401547524,2023-11-07,2023-11-07T01:15Z,2023,regular,9,False,NYJ,LAC,6.0,27.0,17.0,77.0,270.0,3.5,13.0,206.0,64.0,20.0,3.2,3.6,33.0,49.0,3.0,17.0,3.0,4.0,0.0,2.0,8.0,8.0,40.0,3.0,3.0,0.0,2067.0,14.0,56.0,191.0,3.4,13.0,107.0,84.0,21.0,4.0,3.1,16.0,30.0,7.0,16.0,0.0,0.0,2.0,2.0,5.0,4.0,39.0,0.0,0.0,0.0,1533.0,ESPN BET,2.45,1.59,3.0,-3.0,2.0,1.83,41.5,,
401547525,2023-11-10,2023-11-10T01:15Z,2023,regular,10,False,CHI,CAR,16.0,13.0,21.0,70.0,295.0,4.2,11.0,162.0,133.0,37.0,3.6,4.9,20.0,33.0,6.0,15.0,1.0,1.0,1.0,2.0,0.0,7.0,44.0,0.0,0.0,0.0,2011.0,12.0,57.0,213.0,3.7,9.0,170.0,43.0,16.0,2.7,4.1,21.0,38.0,3.0,15.0,3.0,3.0,0.0,1.0,3.0,5.0,45.0,0.0,0.0,0.0,1589.0,ESPN BET,1.57,2.5,-3.5,3.5,2.02,1.8,39.5,,
401547231,2023-11-12,2023-11-12T14:30Z,2023,regular,10,True,NE,IND,6.0,10.0,21.0,68.0,340.0,5.0,10.0,173.0,167.0,36.0,4.6,5.4,18.0,27.0,6.0,14.0,1.0,1.0,0.0,4.0,5.0,5.0,34.0,2.0,0.0,2.0,2065.0,14.0,54.0,264.0,4.9,10.0,194.0,70.0,26.0,2.7,6.9,18.0,28.0,5.0,13.0,2.0,2.0,1.0,1.0,0.0,4.0,34.0,1.0,0.0,1.0,1535.0,ESPN BET,2.05,1.8,2.0,-2.0,1.91,1.91,42.5,,
401547526,2023-11-12,2023-11-12T18:00Z,2023,regular,10,False,CIN,HOU,27.0,30.0,20.0,60.0,380.0,6.3,13.0,314.0,66.0,16.0,4.1,7.1,27.0,40.0,6.0,14.0,1.0,1.0,1.0,3.0,4.0,4.0,63.0,2.0,0.0,2.0,1710.0,28.0,74.0,544.0,7.4,13.0,356.0,188.0,34.0,5.5,8.9,23.0,39.0,4.0,13.0,0.0,1.0,3.0,5.0,1.0,7.0,50.0,3.0,2.0,1.0,1890.0,ESPN BET,1.4,3.1,-5.5,5.5,1.95,1.87,45.5,,
401547527,2023-11-12,2023-11-12T18:00Z,2023,regular,10,False,PIT,GB,23.0,19.0,21.0,60.0,324.0,5.4,10.0,119.0,205.0,36.0,5.7,5.0,14.0,23.0,4.0,13.0,1.0,1.0,2.0,3.0,1.0,3.0,27.0,0.0,0.0,0.0,1833.0,17.0,65.0,399.0,6.1,11.0,283.0,116.0,24.0,4.8,6.9,21.0,40.0,8.0,16.0,2.0,2.0,1.0,5.0,1.0,5.0,32.0,2.0,0.0,2.0,1767.0,ESPN BET,1.54,2.55,-3.5,3.5,1.91,1.91,37.5,,
401547528,2023-11-12,2023-11-12T18:00Z,2023,regular,10,False,TB,TEN,20.0,6.0,19.0,61.0,340.0,5.6,11.0,263.0,77.0,29.0,2.7,8.2,18.0,29.0,7.0,15.0,0.0,0.0,0.0,2.0,3.0,7.0,50.0,1.0,0.0,1.0,1900.0,14.0,59.0,209.0,3.5,11.0,167.0,42.0,16.0,2.6,3.9,19.0,39.0,6.0,15.0,0.0,2.0,0.0,2.0,4.0,5.0,35.0,1.0,0.0,1.0,1700.0,ESPN BET,1.71,2.2,-2.5,2.5,1.87,1.95,39.5,,
401547529,2023-11-12,2023-11-12T21:05Z,2023,regular,10,False,ARI,ATL,25.0,23.0,20.0,60.0,352.0,5.9,10.0,230.0,122.0,26.0,4.7,6.8,19.0,32.0,3.0,11.0,1.0,1.0,2.0,4.0,2.0,11.0,112.0,1.0,0.0,1.0,1698.0,20.0,65.0,254.0,3.9,10.0,70.0,184.0,41.0,4.5,2.9,12.0,21.0,7.0,14.0,1.0,2.0,3.0,4.0,3.0,4.0,43.0,0.0,0.0,0.0,1902.0,ESPN BET,2.15,1.74,2.5,-2.5,1.91,1.91,43.5,,
401547530,2023-11-12,2023-11-12T21:05Z,2023,regular,10,False,LAC,DET,38.0,41.0,24.0,68.0,421.0,6.2,9.0,323.0,98.0,28.0,3.5,8.1,27.0,40.0,7.0,14.0,3.0,3.0,3.0,3.0,0.0,3.0,36.0,1.0,0.0,1.0,1766.0,23.0,64.0,533.0,8.3,10.0,333.0,200.0,31.0,6.5,10.1,23.0,33.0,4.0,13.0,4.0,5.0,2.0,4.0,0.0,4.0,44.0,0.0,0.0,0.0,1834.0,ESPN BET,2.2,1.71,2.5,-2.5,1.91,1.91,49.5,,
401547531,2023-11-12,2023-11-12T18:00Z,2023,regular,10,False,BAL,CLE,31.0,33.0,17.0,50.0,306.0,6.1,10.0,200.0,106.0,24.0,4.4,7.7,13.0,23.0,2.0,8.0,0.0,0.0,1.0,2.0,3.0,7.0,64.0,2.0,0.0,2.0,1545.0,24.0,75.0,373.0,5.0,10.0,195.0,178.0,36.0,4.9,5.0,20.0,35.0,8.0,16.0,1.0,2.0,2.0,5.0,4.0,10.0,55.0,2.0,1.0,1.0,2055.0,ESPN BET,1.37,3.2,-6.5,6.5,1.95,1.87,38.5,,
401547532,2023-11-12,2023-11-12T18:00Z,2023,regular,10,False,JAX,SF,3.0,34.0,12.0,54.0,221.0,4.1,10.0,162.0,59.0,17.0,3.5,4.4,18.0,32.0,4.0,12.0,0.0,1.0,0.0,2.0,5.0,5.0,39.0,4.0,2.0,2.0,1609.0,20.0,60.0,437.0,7.3,11.0,293.0,144.0,30.0,4.8,9.8,20.0,28.0,4.0,12.0,1.0,2.0,1.0,4.0,2.0,7.0,90.0,0.0,0.0,0.0,1991.0,ESPN BET,2.45,1.59,3.5,-3.5,1.83,2.0,44.5,,
401547533,2023-11-12,2023-11-12T18:00Z,2023,regular,10,False,MIN,NO,27.0,19.0,23.0,68.0,388.0,5.7,12.0,263.0,125.0,33.0,3.8,7.5,23.0,34.0,6.0,15.0,0.0,0.0,2.0,3.0,1.0,5.0,35.0,0.0,0.0,0.0,1986.0,16.0,61.0,280.0,4.6,13.0,215.0,65.0,15.0,4.3,4.7,26.0,43.0,4.0,14.0,2.0,2.0,2.0,2.0,3.0,9.0,74.0,2.0,0.0,2.0,1614.0,ESPN BET,2.3,1.67,2.5,-2.5,2.02,1.8,41.5,,
401547534,2023-11-12,2023-11-12T21:25Z,2023,regular,10,False,DAL,NYG,49.0,17.0,32.0,77.0,640.0,8.3,13.0,472.0,168.0,33.0,5.1,10.7,33.0,44.0,6.0,12.0,1.0,2.0,6.0,7.0,0.0,9.0,83.0,2.0,0.0,2.0,2241.0,16.0,55.0,172.0,3.1,13.0,61.0,111.0,23.0,4.8,1.9,14.0,27.0,0.0,12.0,2.0,3.0,2.0,4.0,5.0,2.0,5.0,1.0,0.0,1.0,1359.0,ESPN BET,1.04,13.0,-17.5,17.5,1.87,1.95,39.5,,
401547535,2023-11-12,2023-11-12T21:25Z,2023,regular,10,False,SEA,WSH,29.0,26.0,27.0,74.0,489.0,6.6,12.0,369.0,120.0,26.0,4.6,7.7,31.0,47.0,4.0,14.0,1.0,1.0,1.0,2.0,1.0,8.0,50.0,0.0,0.0,0.0,1827.0,16.0,61.0,356.0,5.8,11.0,288.0,68.0,14.0,4.9,6.1,29.0,44.0,7.0,15.0,1.0,1.0,1.0,1.0,3.0,6.0,39.0,1.0,1.0,0.0,1773.0,ESPN BET,1.44,2.9,-5.5,5.5,1.87,1.95,43.5,,
401547536,2023-11-13,2023-11-13T01:20Z,2023,regular,10,False,LV,NYJ,16.0,12.0,15.0,62.0,274.0,4.4,11.0,126.0,148.0,32.0,4.6,4.2,16.0,27.0,5.0,15.0,2.0,2.0,1.0,1.0,3.0,3.0,25.0,2.0,1.0,1.0,1818.0,14.0,63.0,365.0,5.8,11.0,257.0,108.0,21.0,5.1,6.1,23.0,40.0,7.0,16.0,0.0,0.0,0.0,1.0,2.0,8.0,83.0,1.0,0.0,1.0,1782.0,ESPN BET,2.0,1.83,1.5,-1.5,1.87,1.95,35.5,,
401547537,2023-11-14,2023-11-14T01:15Z,2023,regular,10,False,BUF,DEN,22.0,24.0,18.0,52.0,369.0,7.1,11.0,177.0,192.0,26.0,7.4,6.8,15.0,26.0,3.0,8.0,0.0,1.0,2.0,2.0,0.0,5.0,63.0,4.0,2.0,2.0,1359.0,19.0,71.0,300.0,4.2,12.0,178.0,122.0,38.0,3.2,5.4,24.0,29.0,8.0,19.0,1.0,1.0,2.0,4.0,4.0,10.0,61.0,1.0,1.0,0.0,2241.0,ESPN BET,1.26,4.0,-7.5,7.5,1.95,1.87,47.5,,
401547538,2023-11-17,2023-11-17T01:15Z,2023,regular,11,False,BAL,CIN,34.0,20.0,22.0,60.0,405.0,6.8,11.0,248.0,157.0,31.0,5.1,8.6,16.0,26.0,6.0,12.0,0.0,0.0,3.0,4.0,3.0,9.0,110.0,0.0,0.0,0.0,1837.0,20.0,59.0,272.0,4.6,11.0,136.0,136.0,23.0,5.9,3.8,19.0,31.0,2.0,11.0,1.0,1.0,2.0,3.0,5.0,9.0,78.0,0.0,0.0,0.0,1763.0,ESPN BET,1.51,2.65,-4.5,4.5,1.95,1.87,45.5,,
401547539,2023-11-19,2023-11-19T18:00Z,2023,regular,11,False,CLE,PIT,13.0,10.0,20.0,73.0,259.0,3.5,12.0,163.0,96.0,29.0,3.3,3.7,24.0,43.0,4.0,17.0,1.0,1.0,1.0,3.0,1.0,1.0,10.0,1.0,0.0,1.0,1887.0,12.0,57.0,249.0,4.4,13.0,77.0,172.0,26.0,6.6,2.5,15.0,28.0,3.0,14.0,1.0,1.0,0.0,1.0,3.0,6.0,46.0,0.0,0.0,0.0,1713.0,ESPN BET,1.74,2.15,-2.5,2.5,1.91,1.91,34.5,,
401547540,2023-11-19,2023-11-19T18:00Z,2023,regular,11,False,HOU,ARI,21.0,16.0,22.0,67.0,419.0,6.3,11.0,308.0,111.0,25.0,4.4,7.3,28.0,38.0,9.0,13.0,0.0,1.0,1.0,4.0,4.0,3.0,19.0,3.0,0.0,3.0,1875.0,20.0,58.0,319.0,5.5,10.0,196.0,123.0,25.0,4.9,5.9,20.0,30.0,3.0,10.0,1.0,4.0,1.0,1.0,3.0,5.0,50.0,2.0,1.0,1.0,1725.0,ESPN BET,1.42,3.0,-5.5,5.5,1.87,1.95,48.5,,
401547541,2023-11-19,2023-11-19T18:00Z,2023,regular,11,False,JAX,TEN,34.0,14.0,24.0,69.0,389.0,5.6,9.0,261.0,128.0,36.0,3.6,7.9,24.0,32.0,4.0,12.0,3.0,4.0,3.0,5.0,1.0,4.0,29.0,0.0,0.0,0.0,2186.0,12.0,38.0,235.0,6.2,9.0,143.0,92.0,19.0,4.8,7.5,13.0,17.0,2.0,7.0,1.0,1.0,1.0,1.0,2.0,7.0,66.0,2.0,2.0,0.0,1414.0,ESPN BET,1.34,3.4,-6.5,6.5,1.87,1.95,40.5,,
401547542,2023-11-19,2023-11-19T18:00Z,2023,regular,11,False,MIA,LV,20.0,13.0,21.0,68.0,422.0,6.2,14.0,323.0,99.0,28.0,3.5,8.1,28.0,39.0,3.0,11.0,0.0,1.0,1.0,2.0,1.0,5.0,44.0,3.0,2.0,1.0,1935.0,12.0,59.0,296.0,5.0,13.0,260.0,36.0,16.0,2.3,6.0,24.0,41.0,4.0,14.0,0.0,2.0,0.0,1.0,2.0,5.0,41.0,3.0,0.0,3.0,1665.0,ESPN BET,1.09,8.0,-14.5,14.5,1.87,1.95,44.5,,
401547543,2023-11-19,2023-11-19T21:25Z,2023,regular,11,False,BUF,NYJ,32.0,6.0,22.0,71.0,393.0,5.5,12.0,263.0,130.0,38.0,3.4,8.0,20.0,32.0,5.0,13.0,1.0,1.0,1.0,4.0,1.0,8.0,77.0,1.0,0.0,1.0,2211.0,14.0,54.0,155.0,2.9,11.0,92.0,63.0,18.0,3.5,2.6,15.0,30.0,0.0,11.0,4.0,5.0,1.0,1.0,6.0,5.0,35.0,4.0,2.0,2.0,1389.0,ESPN BET,1.24,4.3,-8.5,8.5,1.87,1.95,39.5,,
401547544,2023-11-19,2023-11-19T21:25Z,2023,regular,11,False,LAR,SEA,17.0,16.0,20.0,59.0,267.0,4.5,11.0,185.0,82.0,27.0,3.0,5.8,17.0,31.0,2.0,9.0,0.0,1.0,2.0,4.0,1.0,9.0,92.0,1.0,0.0,1.0,1674.0,16.0,63.0,291.0,4.6,11.0,223.0,68.0,21.0,3.2,5.3,24.0,40.0,5.0,15.0,2.0,2.0,1.0,2.0,2.0,12.0,130.0,1.0,0.0,1.0,1926.0,ESPN BET,1.77,2.1,-2.5,2.5,1.91,1.91,44.5,,
401547545,2023-11-19,2023-11-19T18:00Z,2023,regular,11,False,CAR,DAL,10.0,33.0,13.0,59.0,187.0,3.2,10.0,77.0,110.0,23.0,4.8,2.1,16.0,29.0,5.0,15.0,3.0,3.0,1.0,2.0,7.0,8.0,90.0,2.0,1.0,1.0,1719.0,23.0,68.0,311.0,4.6,9.0,204.0,107.0,27.0,4.0,5.0,27.0,41.0,7.0,16.0,0.0,0.0,2.0,4.0,0.0,5.0,45.0,0.0,0.0,0.0,1881.0,ESPN BET,5.5,1.17,10.5,-10.5,1.95,1.87,43.5,,
401547546,2023-11-19,2023-11-19T18:00Z,2023,regular,11,False,DET,CHI,31.0,26.0,23.0,59.0,338.0,5.7,11.0,223.0,115.0,22.0,5.2,6.0,23.0,35.0,8.0,11.0,0.0,0.0,3.0,3.0,2.0,5.0,25.0,4.0,1.0,3.0,1176.0,25.0,71.0,334.0,4.7,11.0,151.0,183.0,46.0,4.0,6.0,16.0,23.0,5.0,13.0,2.0,2.0,1.0,2.0,2.0,6.0,69.0,1.0,1.0,0.0,2424.0,ESPN BET,1.25,4.2,-7.5,7.5,1.87,1.95,47.5,,
401547547,2023-11-19,2023-11-19T18:00Z,2023,regular,11,False,GB,LAC,23.0,20.0,23.0,71.0,397.0,5.6,11.0,295.0,102.0,28.0,3.6,6.9,27.0,40.0,7.0,14.0,0.0,1.0,1.0,2.0,3.0,7.0,46.0,0.0,0.0,0.0,1918.0,17.0,62.0,394.0,6.4,11.0,244.0,150.0,24.0,6.3,6.4,21.0,36.0,7.0,14.0,0.0,2.0,1.0,4.0,2.0,4.0,54.0,1.0,1.0,0.0,1682.0,ESPN BET,2.35,1.65,2.5,-2.5,2.05,1.77,44.5,,
401547548,2023-11-19,2023-11-19T18:00Z,2023,regular,11,False,WSH,NYG,19.0,31.0,28.0,77.0,404.0,5.2,14.0,230.0,174.0,28.0,6.2,4.7,31.0,45.0,5.0,13.0,1.0,1.0,2.0,3.0,4.0,1.0,5.0,6.0,3.0,3.0,2091.0,13.0,54.0,292.0,5.4,12.0,201.0,91.0,19.0,4.8,5.7,18.0,26.0,5.0,14.0,0.0,1.0,1.0,2.0,9.0,5.0,33.0,0.0,0.0,0.0,1509.0,ESPN BET,1.25,4.2,-7.5,7.5,1.87,1.95,39.5,,
401547549,2023-11-19,2023-11-19T21:05Z,2023,regular,11,False,SF,TB,27.0,14.0,22.0,59.0,420.0,7.1,10.0,305.0,115.0,30.0,3.8,10.5,21.0,25.0,4.0,10.0,0.0,1.0,2.0,4.0,4.0,7.0,66.0,0.0,0.0,0.0,1851.0,22.0,67.0,287.0,4.3,10.0,221.0,66.0,18.0,3.7,4.5,29.0,45.0,7.0,14.0,1.0,3.0,2.0,4.0,4.0,3.0,19.0,2.0,1.0,1.0,1749.0,ESPN BET,1.11,7.0,-13.5,13.5,1.91,1.91,42.5,,
401547550,2023-11-20,2023-11-20T01:20Z,2023,regular,11,False,DEN,MIN,21.0,20.0,13.0,52.0,295.0,5.7,11.0,249.0,46.0,15.0,3.1,6.7,27.0,35.0,2.0,12.0,1.0,1.0,1.0,5.0,2.0,4.0,48.0,0.0,0.0,0.0,1502.0,19.0,70.0,385.0,5.5,10.0,210.0,175.0,36.0,4.9,6.2,20.0,32.0,6.0,15.0,3.0,4.0,2.0,4.0,2.0,6.0,55.0,3.0,2.0,1.0,2098.0,ESPN BET,1.69,2.25,-2.5,2.5,1.91,1.91,42.5,,
401547345,2023-11-21,2023-11-21T01:15Z,2023,regular,11,False,KC,PHI,17.0,21.0,23.0,74.0,336.0,4.5,12.0,168.0,168.0,30.0,5.6,3.8,24.0,43.0,8.0,17.0,2.0,3.0,2.0,4.0,1.0,7.0,55.0,2.0,1.0,1.0,1921.0,16.0,54.0,238.0,4.4,12.0,124.0,114.0,27.0,4.2,4.6,14.0,22.0,3.0,11.0,0.0,0.0,3.0,3.0,5.0,7.0,61.0,1.0,0.0,1.0,1679.0,ESPN BET,1.69,2.25,-2.5,2.5,1.83,2.0,45.5,,
401547551,2023-11-23,2023-11-23T21:30Z,2023,regular,12,False,DAL,WSH,45.0,10.0,21.0,50.0,431.0,8.6,9.0,331.0,100.0,18.0,5.6,10.3,22.0,32.0,6.0,10.0,0.0,0.0,3.0,3.0,0.0,7.0,48.0,0.0,0.0,0.0,1386.0,23.0,75.0,376.0,5.0,11.0,268.0,108.0,27.0,4.0,5.6,28.0,44.0,7.0,15.0,0.0,3.0,1.0,2.0,4.0,4.0,25.0,1.0,0.0,1.0,2214.0,ESPN BET,1.13,6.5,-13.5,13.5,1.95,1.87,48.5,,
401547552,2023-11-23,2023-11-23T17:30Z,2023,regular,12,False,DET,GB,22.0,29.0,25.0,78.0,464.0,5.9,11.0,324.0,140.0,31.0,4.5,6.9,29.0,44.0,7.0,15.0,1.0,5.0,3.0,4.0,3.0,7.0,51.0,3.0,3.0,0.0,1916.0,17.0,54.0,377.0,7.0,11.0,268.0,109.0,22.0,5.0,8.4,22.0,32.0,5.0,11.0,0.0,1.0,3.0,4.0,0.0,7.0,60.0,0.0,0.0,0.0,1684.0,ESPN BET,1.25,4.2,-8.5,8.5,1.91,1.91,47.5,,
401547242,2023-11-24,2023-11-24T20:00Z,2023,regular,12,False,NYJ,MIA,13.0,34.0,12.0,55.0,159.0,2.9,10.0,130.0,29.0,10.0,2.9,2.9,27.0,38.0,5.0,14.0,2.0,3.0,1.0,2.0,7.0,6.0,60.0,2.0,0.0,2.0,1459.0,22.0,69.0,395.0,5.7,11.0,228.0,167.0,37.0,4.5,7.1,21.0,30.0,11.0,16.0,0.0,1.0,2.0,3.0,2.0,6.0,38.0,3.0,1.0,2.0,2141.0,ESPN BET,4.8,1.2,9.5,-9.5,1.91,1.91,40.5,,
401547553,2023-11-24,2023-11-24T01:20Z,2023,regular,12,False,SEA,SF,13.0,31.0,14.0,54.0,220.0,4.1,10.0,132.0,88.0,21.0,4.2,4.0,18.0,27.0,3.0,11.0,0.0,1.0,0.0,1.0,6.0,5.0,39.0,2.0,1.0,1.0,1470.0,23.0,65.0,377.0,5.8,12.0,208.0,169.0,33.0,5.1,6.5,21.0,31.0,5.0,11.0,0.0,0.0,3.0,4.0,1.0,3.0,20.0,1.0,0.0,1.0,2130.0,ESPN BET,3.7,1.29,7.5,-7.5,1.83,2.0,43.5,,
401547554,2023-11-26,2023-11-26T18:00Z,2023,regular,12,False,CIN,PIT,10.0,16.0,10.0,41.0,222.0,5.4,10.0,197.0,25.0,11.0,2.3,6.6,19.0,26.0,2.0,10.0,0.0,0.0,1.0,2.0,4.0,5.0,36.0,1.0,0.0,1.0,1363.0,22.0,68.0,421.0,6.2,10.0,268.0,153.0,33.0,4.6,7.7,24.0,33.0,8.0,17.0,0.0,0.0,1.0,4.0,2.0,5.0,55.0,1.0,1.0,0.0,2237.0,ESPN BET,2.15,1.74,2.5,-2.5,1.87,1.95,36.5,,
401547555,2023-11-26,2023-11-26T18:00Z,2023,regular,12,False,HOU,JAX,21.0,24.0,19.0,58.0,352.0,6.1,10.0,261.0,91.0,18.0,5.1,6.5,26.0,36.0,6.0,13.0,0.0,1.0,3.0,3.0,4.0,7.0,49.0,0.0,0.0,0.0,1566.0,22.0,68.0,445.0,6.5,11.0,364.0,81.0,30.0,2.7,9.6,23.0,38.0,7.0,13.0,0.0,0.0,2.0,3.0,0.0,6.0,35.0,1.0,0.0,1.0,2034.0,ESPN BET,2.0,1.83,1.5,-1.5,1.91,1.91,47.5,,
401547556,2023-11-26,2023-11-26T18:00Z,2023,regular,12,False,IND,TB,27.0,20.0,26.0,70.0,394.0,5.6,11.0,239.0,155.0,27.0,5.7,5.6,24.0,41.0,2.0,11.0,3.0,4.0,3.0,5.0,2.0,5.0,40.0,1.0,0.0,1.0,1881.0,17.0,56.0,298.0,5.3,10.0,173.0,125.0,19.0,6.6,4.7,20.0,31.0,5.0,13.0,1.0,1.0,1.0,3.0,6.0,4.0,24.0,2.0,1.0,1.0,1719.0,ESPN BET,1.69,2.25,-2.5,2.5,1.87,1.95,44.5,,
401547557,2023-11-26,2023-11-26T21:25Z,2023,regular,12,False,LV,KC,17.0,31.0,16.0,58.0,358.0,6.2,10.0,235.0,123.0,23.0,5.3,6.7,23.0,34.0,7.0,14.0,0.0,2.0,1.0,3.0,1.0,0.0,0.0,0.0,0.0,0.0,1755.0,23.0,58.0,360.0,6.2,10.0,291.0,69.0,23.0,3.0,8.3,27.0,34.0,5.0,11.0,0.0,0.0,3.0,4.0,1.0,4.0,40.0,0.0,0.0,0.0,1845.0,ESPN BET,4.7,1.21,9.5,-9.5,1.95,1.87,42.5,,
401547558,2023-11-26,2023-11-26T21:25Z,2023,regular,12,False,PHI,BUF,37.0,34.0,24.0,65.0,378.0,5.8,14.0,193.0,185.0,32.0,5.8,5.8,18.0,31.0,4.0,11.0,0.0,0.0,4.0,4.0,2.0,4.0,30.0,2.0,1.0,1.0,1613.0,29.0,92.0,505.0,5.5,14.0,332.0,173.0,40.0,4.3,6.4,29.0,51.0,13.0,22.0,1.0,1.0,4.0,5.0,1.0,11.0,80.0,1.0,0.0,1.0,2430.0,ESPN BET,1.67,2.3,-2.5,2.5,1.8,2.02,48.5,,
401547559,2023-11-26,2023-11-26T18:00Z,2023,regular,12,False,ATL,NO,24.0,15.0,25.0,62.0,396.0,6.4,9.0,168.0,228.0,41.0,5.6,8.0,13.0,21.0,4.0,8.0,0.0,1.0,1.0,2.0,0.0,5.0,35.0,2.0,0.0,2.0,1706.0,22.0,67.0,444.0,6.6,10.0,296.0,148.0,28.0,5.3,7.6,24.0,38.0,6.0,14.0,0.0,0.0,0.0,5.0,1.0,6.0,50.0,2.0,1.0,1.0,1894.0,ESPN BET,2.05,1.8,1.5,-1.5,1.95,1.87,42.5,,
401547560,2023-11-26,2023-11-26T18:00Z,2023,regular,12,False,NYG,NE,10.0,7.0,10.0,50.0,220.0,4.4,12.0,162.0,58.0,19.0,3.1,5.2,17.0,25.0,4.0,13.0,0.0,0.0,1.0,2.0,6.0,4.0,37.0,1.0,1.0,0.0,1554.0,18.0,68.0,283.0,4.2,12.0,136.0,147.0,31.0,4.7,3.7,21.0,35.0,4.0,14.0,2.0,2.0,1.0,2.0,2.0,2.0,13.0,3.0,0.0,3.0,2046.0,ESPN BET,2.75,1.48,4.5,-4.5,1.87,1.95,34.5,,
401547561,2023-11-26,2023-11-26T18:00Z,2023,regular,12,False,TEN,CAR,17.0,10.0,15.0,53.0,264.0,5.0,11.0,184.0,80.0,24.0,3.3,6.3,18.0,28.0,2.0,11.0,1.0,1.0,2.0,2.0,1.0,8.0,53.0,0.0,0.0,0.0,1571.0,19.0,67.0,258.0,3.9,10.0,162.0,96.0,32.0,3.0,4.6,18.0,31.0,6.0,16.0,2.0,3.0,1.0,1.0,4.0,4.0,35.0,1.0,1.0,0.0,2029.0,ESPN BET,1.54,2.55,-3.5,3.5,1.91,1.91,36.5,,
401547562,2023-11-26,2023-11-26T21:05Z,2023,regular,12,False,ARI,LAR,14.0,37.0,19.0,64.0,292.0,4.6,11.0,219.0,73.0,15.0,4.9,4.5,27.0,45.0,6.0,17.0,2.0,3.0,2.0,2.0,4.0,5.0,34.0,0.0,0.0,0.0,1508.0,25.0,66.0,457.0,6.9,10.0,229.0,228.0,33.0,6.9,6.9,25.0,33.0,6.0,12.0,2.0,2.0,4.0,5.0,0.0,5.0,23.0,1.0,0.0,1.0,2092.0,ESPN BET,2.3,1.67,3.5,-3.5,1.74,2.1,45.5,,
401547563,2023-11-26,2023-11-26T21:05Z,2023,regular,12,False,DEN,CLE,29.0,12.0,17.0,62.0,294.0,4.7,12.0,125.0,169.0,39.0,4.3,5.4,13.0,22.0,6.0,14.0,0.0,1.0,3.0,5.0,1.0,8.0,71.0,1.0,1.0,0.0,1968.0,19.0,70.0,269.0,3.8,12.0,162.0,107.0,24.0,4.5,3.5,20.0,42.0,2.0,13.0,2.0,5.0,1.0,3.0,4.0,8.0,66.0,3.0,3.0,0.0,1632.0,ESPN BET,1.8,2.05,-1.5,1.5,1.87,1.95,37.5,,
401547564,2023-11-27,2023-11-27T01:20Z,2023,regular,12,False,LAC,BAL,10.0,20.0,16.0,66.0,279.0,4.2,11.0,193.0,86.0,19.0,4.5,4.1,29.0,44.0,7.0,15.0,1.0,3.0,1.0,3.0,3.0,5.0,41.0,4.0,3.0,1.0,1597.0,20.0,69.0,361.0,5.2,11.0,164.0,197.0,35.0,5.6,4.8,18.0,32.0,4.0,13.0,1.0,3.0,1.0,2.0,2.0,5.0,42.0,0.0,0.0,0.0,2003.0,ESPN BET,2.4,1.61,3.5,-3.5,1.8,2.02,49.5,,
401547565,2023-11-28,2023-11-28T01:15Z,2023,regular,12,False,MIN,CHI,10.0,12.0,15.0,51.0,242.0,4.7,11.0,169.0,73.0,17.0,4.3,5.0,22.0,32.0,2.0,9.0,0.0,2.0,1.0,2.0,2.0,4.0,24.0,4.0,0.0,4.0,1450.0,18.0,68.0,317.0,4.7,10.0,199.0,118.0,28.0,4.2,5.0,27.0,37.0,8.0,18.0,1.0,1.0,0.0,2.0,3.0,7.0,76.0,2.0,2.0,0.0,2150.0,ESPN BET,1.61,2.4,-3.5,3.5,2.02,1.8,43.5,,
401547566,2023-12-01,2023-12-01T01:15Z,2023,regular,13,False,DAL,SEA,41.0,35.0,33.0,79.0,411.0,5.2,11.0,275.0,136.0,34.0,4.0,6.1,29.0,41.0,8.0,14.0,1.0,2.0,4.0,8.0,4.0,9.0,127.0,0.0,0.0,0.0,2187.0,25.0,64.0,406.0,6.3,10.0,334.0,72.0,22.0,3.3,8.0,23.0,41.0,9.0,14.0,0.0,3.0,4.0,5.0,1.0,10.0,130.0,1.0,0.0,1.0,1413.0,ESPN BET,1.21,4.75,-9.5,9.5,1.83,2.0,47.5,,
401547276,2023-12-03,2023-12-03T21:25Z,2023,regular,13,False,PHI,SF,19.0,42.0,23.0,69.0,333.0,4.8,9.0,287.0,46.0,18.0,2.6,5.6,28.0,48.0,8.0,15.0,1.0,2.0,2.0,4.0,3.0,7.0,47.0,0.0,0.0,0.0,1899.0,24.0,57.0,456.0,8.0,9.0,310.0,146.0,28.0,5.2,10.7,19.0,27.0,8.0,11.0,1.0,1.0,4.0,4.0,2.0,5.0,47.0,0.0,0.0,0.0,1701.0,ESPN BET,2.3,1.67,3.5,-3.5,1.8,2.02,47.5,,
401547567,2023-12-03,2023-12-03T18:00Z,2023,regular,13,False,NE,LAC,0.0,6.0,13.0,62.0,257.0,4.1,11.0,109.0,148.0,32.0,4.6,3.6,13.0,25.0,4.0,14.0,1.0,3.0,0.0,0.0,5.0,3.0,14.0,1.0,1.0,0.0,1870.0,13.0,61.0,241.0,4.0,11.0,212.0,29.0,24.0,1.2,5.7,22.0,37.0,5.0,15.0,0.0,0.0,0.0,0.0,0.0,4.0,20.0,0.0,0.0,0.0,1730.0,ESPN BET,2.75,1.48,4.5,-4.5,1.91,1.91,38.5,,
401547568,2023-12-03,2023-12-03T18:00Z,2023,regular,13,False,PIT,ARI,10.0,24.0,18.0,58.0,317.0,5.5,10.0,187.0,130.0,31.0,4.2,6.9,18.0,27.0,4.0,11.0,0.0,1.0,1.0,3.0,0.0,9.0,77.0,1.0,1.0,0.0,1843.0,18.0,63.0,282.0,4.5,10.0,132.0,150.0,38.0,3.9,5.3,13.0,23.0,10.0,17.0,0.0,0.0,3.0,3.0,2.0,6.0,51.0,0.0,0.0,0.0,1757.0,ESPN BET,1.36,3.3,-6.5,6.5,1.95,1.87,40.5,,
401547569,2023-12-03,2023-12-03T21:05Z,2023,regular,13,False,TB,CAR,21.0,18.0,15.0,58.0,322.0,5.6,13.0,194.0,128.0,28.0,4.6,6.5,14.0,29.0,6.0,15.0,0.0,0.0,2.0,3.0,1.0,5.0,36.0,1.0,0.0,1.0,1578.0,15.0,69.0,282.0,4.1,13.0,149.0,133.0,34.0,3.9,4.3,15.0,31.0,3.0,15.0,1.0,3.0,2.0,3.0,4.0,7.0,62.0,1.0,0.0,1.0,2022.0,ESPN BET,1.53,2.6,-3.5,3.5,1.87,1.95,37.5,,
401547570,2023-12-03,2023-12-03T18:00Z,2023,regular,13,False,TEN,IND,28.0,31.0,25.0,81.0,381.0,4.7,15.0,204.0,177.0,42.0,4.2,5.2,16.0,33.0,6.0,17.0,0.0,1.0,2.0,3.0,6.0,9.0,74.0,2.0,2.0,0.0,2306.0,19.0,68.0,355.0,5.2,13.0,300.0,55.0,23.0,2.4,6.7,26.0,42.0,3.0,14.0,1.0,1.0,1.0,5.0,3.0,4.0,29.0,2.0,2.0,0.0,1743.0,ESPN BET,2.05,1.8,1.5,-1.5,1.95,1.87,42.5,,
401547571,2023-12-03,2023-12-03T18:00Z,2023,regular,13,False,HOU,DEN,22.0,17.0,14.0,63.0,353.0,5.6,13.0,264.0,89.0,30.0,3.0,8.0,17.0,28.0,4.0,16.0,1.0,1.0,2.0,3.0,5.0,8.0,81.0,0.0,0.0,0.0,1984.0,16.0,59.0,282.0,4.8,13.0,164.0,118.0,30.0,3.9,5.7,15.0,26.0,0.0,11.0,3.0,3.0,1.0,3.0,3.0,2.0,8.0,3.0,0.0,3.0,1616.0,ESPN BET,1.65,2.35,-3.5,3.5,2.0,1.83,47.5,,
401547572,2023-12-03,2023-12-03T18:00Z,2023,regular,13,False,NO,DET,28.0,33.0,23.0,67.0,362.0,5.4,12.0,249.0,113.0,36.0,3.1,8.0,19.0,29.0,6.0,12.0,0.0,1.0,4.0,4.0,2.0,6.0,50.0,2.0,1.0,1.0,1930.0,18.0,56.0,347.0,6.2,12.0,205.0,142.0,30.0,4.7,7.9,16.0,25.0,6.0,13.0,0.0,0.0,3.0,5.0,1.0,6.0,45.0,0.0,0.0,0.0,1670.0,ESPN BET,2.55,1.54,3.5,-3.5,1.95,1.87,48.5,,
401547573,2023-12-03,2023-12-03T18:00Z,2023,regular,13,False,NYJ,ATL,8.0,13.0,14.0,67.0,259.0,3.9,13.0,197.0,62.0,25.0,2.5,4.7,19.0,38.0,2.0,15.0,2.0,3.0,0.0,1.0,4.0,11.0,71.0,3.0,2.0,1.0,1826.0,15.0,64.0,194.0,3.0,14.0,104.0,90.0,34.0,2.6,3.5,12.0,27.0,4.0,14.0,0.0,0.0,0.0,1.0,3.0,6.0,55.0,0.0,0.0,0.0,1774.0,ESPN BET,2.15,1.74,2.5,-2.5,1.87,1.95,34.5,,
401547574,2023-12-03,2023-12-03T18:00Z,2023,regular,13,False,WSH,MIA,15.0,45.0,11.0,54.0,245.0,4.5,11.0,107.0,138.0,28.0,4.9,4.1,12.0,23.0,6.0,14.0,1.0,1.0,2.0,2.0,3.0,3.0,31.0,1.0,0.0,1.0,1664.0,20.0,59.0,406.0,6.9,9.0,283.0,123.0,34.0,3.6,11.3,19.0,25.0,7.0,13.0,2.0,2.0,3.0,3.0,0.0,2.0,15.0,0.0,0.0,0.0,1936.0,ESPN BET,4.6,1.22,8.5,-8.5,1.91,1.91,49.5,,
401547575,2023-12-03,2023-12-03T21:25Z,2023,regular,13,False,LAR,CLE,36.0,19.0,20.0,62.0,399.0,6.4,13.0,279.0,120.0,25.0,4.8,7.5,22.0,37.0,4.0,12.0,0.0,0.0,3.0,4.0,0.0,7.0,45.0,0.0,0.0,0.0,1557.0,20.0,69.0,327.0,4.7,12.0,240.0,87.0,23.0,3.8,5.2,23.0,44.0,7.0,16.0,0.0,2.0,1.0,2.0,2.0,7.0,86.0,1.0,0.0,1.0,2043.0,ESPN BET,1.54,2.55,-3.5,3.5,1.87,1.95,39.5,,
401547576,2023-12-04,2023-12-04T01:20Z,2023,regular,13,False,GB,KC,27.0,19.0,24.0,63.0,382.0,6.1,7.0,253.0,129.0,25.0,5.2,6.7,25.0,36.0,5.0,10.0,1.0,1.0,3.0,4.0,2.0,7.0,63.0,0.0,0.0,0.0,1832.0,25.0,61.0,337.0,5.5,8.0,189.0,148.0,25.0,5.9,5.3,21.0,33.0,7.0,11.0,0.0,1.0,2.0,4.0,3.0,5.0,50.0,1.0,0.0,1.0,1768.0,ESPN BET,3.1,1.4,5.5,-5.5,1.91,1.91,43.5,,
401547577,2023-12-05,2023-12-05T01:15Z,2023,regular,13,False,JAX,CIN,31.0,34.0,23.0,68.0,376.0,5.5,11.0,305.0,71.0,25.0,2.8,7.1,31.0,39.0,6.0,15.0,2.0,2.0,3.0,3.0,4.0,7.0,55.0,0.0,0.0,0.0,2052.0,27.0,72.0,491.0,6.8,12.0,335.0,156.0,31.0,5.0,8.2,33.0,39.0,8.0,14.0,1.0,2.0,3.0,3.0,2.0,6.0,35.0,1.0,0.0,1.0,2043.0,ESPN BET,1.19,5.0,-10.0,10.0,1.91,1.91,41.5,,
401547578,2023-12-08,2023-12-08T01:15Z,2023,regular,14,False,PIT,NE,18.0,21.0,18.0,66.0,264.0,4.0,14.0,182.0,82.0,28.0,2.9,4.8,22.0,36.0,3.0,14.0,1.0,3.0,1.0,2.0,2.0,1.0,5.0,1.0,0.0,1.0,1939.0,14.0,55.0,303.0,5.5,13.0,222.0,81.0,25.0,3.2,7.4,19.0,28.0,4.0,13.0,0.0,0.0,2.0,2.0,2.0,7.0,59.0,1.0,0.0,1.0,1661.0,ESPN BET,1.37,3.2,-5.5,5.5,1.87,1.95,30.5,,
401547579,2023-12-10,2023-12-10T18:00Z,2023,regular,14,False,ATL,TB,25.0,29.0,23.0,69.0,434.0,6.3,13.0,338.0,96.0,26.0,3.7,7.9,26.0,40.0,5.0,13.0,1.0,1.0,2.0,3.0,3.0,2.0,10.0,1.0,0.0,1.0,1700.0,16.0,67.0,290.0,4.3,12.0,142.0,148.0,37.0,4.0,4.7,14.0,29.0,6.0,16.0,1.0,2.0,2.0,2.0,1.0,4.0,26.0,0.0,0.0,0.0,1900.0,ESPN BET,1.77,2.1,-2.5,2.5,1.91,1.91,41.5,,
401547580,2023-12-10,2023-12-10T18:00Z,2023,regular,14,False,CIN,IND,34.0,14.0,19.0,57.0,385.0,6.8,11.0,274.0,111.0,32.0,3.5,11.0,19.0,25.0,3.0,11.0,1.0,1.0,3.0,5.0,0.0,5.0,40.0,1.0,0.0,1.0,1912.0,19.0,60.0,272.0,4.5,10.0,226.0,46.0,18.0,2.6,5.4,26.0,39.0,3.0,11.0,1.0,2.0,1.0,3.0,3.0,9.0,66.0,2.0,1.0,1.0,1688.0,ESPN BET,1.67,2.3,-2.5,2.5,1.8,2.02,45.5,,
401547581,2023-12-10,2023-12-10T18:00Z,2023,regular,14,False,CLE,JAX,31.0,27.0,16.0,74.0,389.0,5.3,17.0,307.0,82.0,28.0,2.9,6.7,26.0,45.0,4.0,18.0,3.0,3.0,1.0,1.0,1.0,8.0,75.0,3.0,2.0,1.0,1909.0,20.0,74.0,293.0,4.0,17.0,235.0,58.0,20.0,2.9,4.4,28.0,50.0,7.0,17.0,0.0,1.0,4.0,4.0,4.0,7.0,40.0,4.0,1.0,3.0,1691.0,ESPN BET,1.74,2.15,-2.5,2.5,1.83,2.0,36.5,,
401547582,2023-12-10,2023-12-10T18:00Z,2023,regular,14,False,NYJ,HOU,30.0,6.0,20.0,66.0,347.0,5.3,13.0,268.0,79.0,26.0,3.0,6.7,27.0,36.0,6.0,15.0,1.0,1.0,3.0,3.0,4.0,8.0,52.0,1.0,1.0,0.0,2225.0,10.0,52.0,135.0,2.6,13.0,54.0,81.0,19.0,4.3,1.6,11.0,28.0,1.0,12.0,0.0,3.0,1.0,1.0,5.0,4.0,35.0,0.0,0.0,0.0,1375.0,ESPN BET,2.35,1.65,3.5,-3.5,1.8,2.02,33.5,,
401547583,2023-12-10,2023-12-10T21:25Z,2023,regular,14,False,KC,BUF,17.0,20.0,21.0,62.0,346.0,5.6,10.0,264.0,82.0,18.0,4.6,6.0,25.0,43.0,6.0,12.0,0.0,1.0,2.0,3.0,1.0,7.0,45.0,2.0,1.0,1.0,1479.0,21.0,73.0,327.0,4.5,11.0,209.0,118.0,28.0,4.2,4.6,23.0,42.0,6.0,15.0,1.0,1.0,1.0,2.0,3.0,4.0,35.0,1.0,0.0,1.0,2121.0,ESPN BET,1.83,2.0,-1.5,1.5,1.91,1.91,49.5,,
401547584,2023-12-10,2023-12-10T21:25Z,2023,regular,14,False,LAC,DEN,7.0,24.0,17.0,67.0,283.0,4.2,13.0,207.0,76.0,19.0,4.0,4.3,22.0,42.0,0.0,12.0,1.0,6.0,1.0,2.0,6.0,2.0,10.0,2.0,1.0,1.0,1591.0,19.0,66.0,322.0,4.9,13.0,216.0,106.0,31.0,3.4,6.2,21.0,33.0,8.0,17.0,0.0,0.0,2.0,4.0,2.0,4.0,26.0,1.0,0.0,1.0,2009.0,ESPN BET,1.61,2.4,-3.5,3.5,2.02,1.8,45.5,,
401547585,2023-12-10,2023-12-10T18:00Z,2023,regular,14,False,BAL,LAR,37.0,31.0,23.0,71.0,449.0,6.3,13.0,310.0,139.0,26.0,5.3,6.9,24.0,43.0,4.0,12.0,0.0,0.0,1.0,3.0,2.0,7.0,79.0,1.0,0.0,1.0,1663.0,24.0,73.0,410.0,5.6,13.0,282.0,128.0,30.0,4.3,6.6,23.0,41.0,6.0,16.0,0.0,0.0,3.0,5.0,2.0,5.0,34.0,0.0,0.0,0.0,2075.0,ESPN BET,1.28,3.9,-7.5,7.5,1.95,1.87,42.5,,
401547586,2023-12-10,2023-12-10T18:00Z,2023,regular,14,False,CHI,DET,28.0,13.0,20.0,66.0,336.0,5.1,12.0,194.0,142.0,30.0,4.7,5.4,19.0,33.0,6.0,14.0,1.0,2.0,2.0,5.0,3.0,4.0,35.0,0.0,0.0,0.0,1999.0,13.0,63.0,267.0,4.2,11.0,127.0,140.0,24.0,5.8,3.3,20.0,35.0,6.0,15.0,1.0,5.0,2.0,2.0,4.0,8.0,59.0,3.0,1.0,2.0,1601.0,ESPN BET,2.4,1.61,3.5,-3.5,1.91,1.91,44.5,,
401547587,2023-12-10,2023-12-10T18:00Z,2023,regular,14,False,NO,CAR,28.0,6.0,14.0,52.0,207.0,4.0,11.0,110.0,97.0,25.0,3.9,4.1,18.0,26.0,3.0,10.0,0.0,0.0,3.0,4.0,1.0,3.0,30.0,1.0,0.0,1.0,1510.0,16.0,79.0,303.0,3.8,12.0,99.0,204.0,39.0,5.2,2.5,13.0,36.0,8.0,20.0,1.0,7.0,0.0,2.0,4.0,4.0,27.0,2.0,2.0,0.0,2090.0,ESPN BET,1.44,2.9,-5.5,5.5,1.91,1.91,39.5,,
401547588,2023-12-10,2023-12-10T21:05Z,2023,regular,14,False,LV,MIN,0.0,3.0,8.0,53.0,202.0,3.8,12.0,146.0,56.0,17.0,3.3,4.1,21.0,32.0,3.0,14.0,2.0,2.0,0.0,1.0,4.0,4.0,37.0,3.0,2.0,1.0,1669.0,16.0,71.0,231.0,3.3,11.0,99.0,132.0,30.0,4.4,2.4,19.0,36.0,8.0,20.0,1.0,1.0,0.0,1.0,5.0,5.0,36.0,0.0,0.0,0.0,1931.0,ESPN BET,2.4,1.61,3.5,-3.5,1.83,2.0,40.5,,
401547589,2023-12-10,2023-12-10T21:05Z,2023,regular,14,False,SF,SEA,28.0,16.0,19.0,53.0,527.0,9.9,12.0,354.0,173.0,23.0,7.5,11.8,19.0,27.0,6.0,11.0,0.0,0.0,2.0,2.0,3.0,5.0,30.0,2.0,1.0,1.0,1755.0,17.0,55.0,324.0,5.9,12.0,254.0,70.0,20.0,3.5,7.3,22.0,31.0,2.0,11.0,0.0,1.0,0.0,1.0,4.0,5.0,39.0,2.0,0.0,2.0,1845.0,ESPN BET,1.11,7.0,-14.5,14.5,1.87,1.95,44.5,,
401547590,2023-12-11,2023-12-11T01:20Z,2023,regular,14,False,DAL,PHI,33.0,13.0,24.0,74.0,394.0,5.3,9.0,256.0,138.0,32.0,4.3,6.1,24.0,39.0,9.0,16.0,1.0,1.0,3.0,3.0,3.0,7.0,60.0,1.0,1.0,0.0,2196.0,17.0,52.0,324.0,6.2,9.0,218.0,106.0,23.0,4.6,7.5,19.0,28.0,4.0,9.0,1.0,2.0,0.0,1.0,1.0,10.0,95.0,3.0,3.0,0.0,1404.0,ESPN BET,1.53,2.6,-3.5,3.5,1.95,1.87,52.5,,
401547591,2023-12-12,2023-12-12T01:15Z,2023,regular,14,False,NYG,GB,24.0,22.0,18.0,55.0,367.0,6.7,12.0,158.0,209.0,34.0,6.1,7.5,17.0,21.0,3.0,10.0,0.0,1.0,3.0,4.0,0.0,5.0,47.0,2.0,2.0,0.0,1734.0,19.0,66.0,326.0,4.9,11.0,203.0,123.0,25.0,4.9,5.0,25.0,39.0,5.0,14.0,1.0,1.0,2.0,5.0,2.0,4.0,39.0,3.0,2.0,1.0,1866.0,ESPN BET,2.95,1.43,5.5,-5.5,1.87,1.95,37.5,,
401547592,2023-12-12,2023-12-12T01:15Z,2023,regular,14,False,MIA,TEN,27.0,28.0,20.0,69.0,366.0,5.3,12.0,208.0,158.0,31.0,5.1,5.5,23.0,33.0,4.0,13.0,0.0,1.0,2.0,5.0,5.0,7.0,61.0,1.0,1.0,0.0,1944.0,22.0,68.0,403.0,5.9,13.0,320.0,83.0,29.0,2.9,8.2,23.0,38.0,5.0,13.0,0.0,0.0,3.0,5.0,1.0,9.0,59.0,3.0,2.0,1.0,1656.0,ESPN BET,1.11,7.0,-13.5,13.5,1.87,1.95,44.5,,
401547593,2023-12-15,2023-12-15T01:15Z,2023,regular,15,False,LV,LAC,63.0,21.0,20.0,63.0,378.0,6.0,13.0,254.0,124.0,26.0,4.8,6.9,22.0,36.0,9.0,16.0,0.0,0.0,3.0,3.0,1.0,4.0,30.0,0.0,0.0,0.0,1791.0,18.0,63.0,326.0,5.2,15.0,234.0,92.0,28.0,3.3,6.7,23.0,32.0,6.0,12.0,0.0,1.0,2.0,2.0,3.0,6.0,65.0,5.0,4.0,1.0,1809.0,ESPN BET,1.65,2.35,-3.5,3.5,2.1,1.74,36.5,,
401547604,2023-12-16,2023-12-16T18:00Z,2023,regular,15,False,CIN,MIN,27.0,24.0,22.0,69.0,378.0,5.5,12.0,298.0,80.0,22.0,3.6,6.3,29.0,42.0,6.0,13.0,1.0,1.0,2.0,4.0,5.0,3.0,26.0,1.0,0.0,1.0,1988.0,24.0,67.0,424.0,6.3,10.0,281.0,143.0,30.0,4.8,7.6,26.0,34.0,5.0,12.0,0.0,1.0,2.0,5.0,3.0,4.0,22.0,2.0,0.0,2.0,2021.0,ESPN BET,1.61,2.4,-3.5,3.5,2.0,1.83,41.5,,
401547607,2023-12-16,2023-12-16T21:30Z,2023,regular,15,False,IND,PIT,30.0,13.0,19.0,65.0,372.0,5.7,11.0,202.0,170.0,34.0,5.0,6.5,18.0,28.0,6.0,15.0,1.0,2.0,3.0,6.0,3.0,2.0,10.0,0.0,0.0,0.0,2000.0,13.0,54.0,216.0,4.0,12.0,142.0,74.0,24.0,3.1,4.7,18.0,26.0,4.0,12.0,2.0,3.0,2.0,2.0,4.0,8.0,101.0,3.0,1.0,2.0,1600.0,ESPN BET,1.83,2.0,-1.5,1.5,1.95,1.87,41.5,,
401547594,2023-12-17,2023-12-17T18:00Z,2023,regular,15,False,MIA,NYJ,30.0,0.0,16.0,57.0,290.0,5.1,10.0,213.0,77.0,28.0,2.8,7.3,23.0,26.0,6.0,15.0,2.0,2.0,2.0,5.0,3.0,9.0,65.0,0.0,0.0,0.0,2181.0,11.0,55.0,103.0,1.9,11.0,80.0,23.0,12.0,1.9,1.9,18.0,37.0,5.0,13.0,0.0,2.0,0.0,0.0,6.0,7.0,55.0,4.0,2.0,2.0,1419.0,ESPN BET,1.29,3.8,-7.5,7.5,2.0,1.83,36.5,,
401547595,2023-12-17,2023-12-17T18:00Z,2023,regular,15,False,TEN,HOU,16.0,19.0,14.0,63.0,204.0,3.2,11.0,138.0,66.0,30.0,2.2,4.2,17.0,26.0,5.0,15.0,1.0,1.0,1.0,2.0,7.0,5.0,50.0,1.0,0.0,1.0,2008.0,21.0,72.0,340.0,4.7,13.0,192.0,148.0,32.0,4.6,4.8,23.0,36.0,4.0,15.0,1.0,1.0,1.0,3.0,4.0,8.0,67.0,1.0,0.0,1.0,2192.0,ESPN BET,1.59,2.45,-3.5,3.5,1.95,1.87,38.5,,
401547596,2023-12-17,2023-12-17T21:05Z,2023,regular,15,False,ARI,SF,29.0,45.0,22.0,72.0,436.0,6.1,10.0,202.0,234.0,30.0,7.8,4.8,26.0,39.0,7.0,16.0,3.0,4.0,2.0,3.0,3.0,4.0,28.0,2.0,0.0,2.0,2051.0,24.0,54.0,406.0,7.5,10.0,262.0,144.0,26.0,5.5,9.4,18.0,28.0,4.0,7.0,0.0,0.0,4.0,4.0,0.0,1.0,5.0,0.0,0.0,0.0,1549.0,ESPN BET,6.0,1.14,13.5,-13.5,1.95,1.87,48.5,,
401547597,2023-12-17,2023-12-17T21:05Z,2023,regular,15,False,LAR,WSH,28.0,20.0,23.0,73.0,445.0,6.1,12.0,249.0,196.0,37.0,5.3,6.9,25.0,33.0,9.0,16.0,0.0,0.0,1.0,3.0,3.0,5.0,36.0,2.0,2.0,0.0,2153.0,14.0,58.0,297.0,5.1,12.0,218.0,79.0,21.0,3.8,5.9,19.0,36.0,3.0,14.0,3.0,5.0,2.0,3.0,1.0,3.0,28.0,1.0,0.0,1.0,1447.0,ESPN BET,1.33,3.5,-6.5,6.5,1.83,2.0,48.5,,
401547598,2023-12-17,2023-12-17T18:00Z,2023,regular,15,False,GB,TB,20.0,34.0,18.0,58.0,321.0,5.5,9.0,261.0,60.0,17.0,3.5,6.4,29.0,39.0,6.0,12.0,0.0,2.0,2.0,5.0,2.0,4.0,31.0,1.0,1.0,0.0,1853.0,22.0,60.0,452.0,7.5,9.0,353.0,99.0,27.0,3.7,10.7,22.0,28.0,7.0,11.0,1.0,1.0,2.0,4.0,5.0,4.0,52.0,1.0,1.0,0.0,1747.0,ESPN BET,1.51,2.65,-3.5,3.5,1.91,1.91,41.5,,
401547599,2023-12-17,2023-12-17T18:00Z,2023,regular,15,False,NO,NYG,24.0,6.0,20.0,58.0,296.0,5.1,9.0,209.0,87.0,28.0,3.1,7.0,23.0,29.0,6.0,12.0,0.0,0.0,2.0,2.0,1.0,6.0,58.0,0.0,0.0,0.0,2007.0,12.0,61.0,193.0,3.2,9.0,133.0,60.0,16.0,3.8,3.0,22.0,38.0,2.0,16.0,3.0,5.0,0.0,0.0,7.0,5.0,32.0,0.0,0.0,0.0,1593.0,ESPN BET,1.37,3.2,-6.5,6.5,1.95,1.87,39.5,,
401547600,2023-12-17,2023-12-17T21:25Z,2023,regular,15,False,BUF,DAL,31.0,10.0,28.0,65.0,351.0,5.4,9.0,85.0,266.0,49.0,5.4,5.3,7.0,15.0,5.0,9.0,0.0,0.0,3.0,4.0,1.0,1.0,15.0,0.0,0.0,0.0,2105.0,14.0,57.0,195.0,3.4,8.0,106.0,89.0,20.0,4.5,2.9,21.0,34.0,5.0,13.0,1.0,2.0,1.0,2.0,3.0,5.0,48.0,1.0,0.0,1.0,1495.0,ESPN BET,1.74,2.15,-2.5,2.5,1.87,1.95,49.5,,
401547603,2023-12-17,2023-12-17T18:00Z,2023,regular,15,False,CAR,ATL,9.0,7.0,17.0,63.0,283.0,4.5,10.0,154.0,129.0,36.0,3.6,5.7,18.0,24.0,5.0,15.0,0.0,2.0,0.0,3.0,3.0,4.0,35.0,0.0,0.0,0.0,2036.0,12.0,51.0,204.0,4.0,10.0,152.0,52.0,31.0,1.7,7.6,12.0,20.0,6.0,13.0,0.0,1.0,1.0,2.0,0.0,4.0,25.0,2.0,1.0,1.0,1564.0,ESPN BET,2.3,1.67,2.5,-2.5,1.95,1.87,32.5,,
401547605,2023-12-17,2023-12-17T18:00Z,2023,regular,15,False,CLE,CHI,20.0,17.0,14.0,67.0,377.0,5.6,16.0,348.0,29.0,18.0,1.6,7.1,29.0,45.0,4.0,16.0,1.0,1.0,1.0,3.0,4.0,9.0,48.0,3.0,0.0,3.0,1860.0,12.0,70.0,236.0,3.4,15.0,148.0,88.0,27.0,3.3,3.4,19.0,40.0,4.0,18.0,0.0,2.0,1.0,1.0,3.0,4.0,19.0,3.0,1.0,2.0,1740.0,ESPN BET,1.69,2.25,-2.5,2.5,1.8,2.02,37.5,,
401547606,2023-12-17,2023-12-17T01:15Z,2023,regular,15,False,DET,DEN,42.0,17.0,29.0,64.0,448.0,7.0,10.0,263.0,185.0,28.0,6.6,7.3,24.0,34.0,5.0,10.0,1.0,1.0,6.0,6.0,2.0,2.0,54.0,0.0,0.0,0.0,1878.0,20.0,62.0,287.0,4.6,11.0,204.0,83.0,28.0,3.0,6.0,18.0,32.0,5.0,13.0,2.0,2.0,2.0,3.0,2.0,4.0,40.0,1.0,1.0,0.0,1722.0,ESPN BET,1.43,2.95,-5.5,5.5,1.87,1.95,49.5,,
401547608,2023-12-17,2023-12-17T18:00Z,2023,regular,15,False,NE,KC,17.0,27.0,10.0,51.0,206.0,4.0,14.0,154.0,52.0,16.0,3.3,4.4,23.0,31.0,2.0,12.0,1.0,2.0,2.0,4.0,4.0,5.0,45.0,1.0,0.0,1.0,1726.0,19.0,61.0,326.0,5.3,13.0,283.0,43.0,20.0,2.2,6.9,28.0,38.0,5.0,13.0,0.0,1.0,3.0,5.0,3.0,2.0,15.0,2.0,0.0,2.0,1874.0,ESPN BET,4.8,1.2,10.5,-10.5,1.91,1.91,39.5,,
401547602,2023-12-18,2023-12-18T01:20Z,2023,regular,15,False,JAX,BAL,7.0,23.0,16.0,61.0,333.0,5.5,10.0,258.0,75.0,17.0,4.4,5.9,25.0,43.0,3.0,13.0,2.0,3.0,0.0,3.0,1.0,6.0,47.0,2.0,2.0,0.0,1541.0,25.0,69.0,396.0,5.7,10.0,145.0,251.0,42.0,6.0,5.4,14.0,24.0,5.0,12.0,1.0,1.0,2.0,5.0,3.0,6.0,54.0,1.0,0.0,1.0,2059.0,ESPN BET,2.8,1.47,4.0,-4.0,1.91,1.91,41.5,,
401547601,2023-12-19,2023-12-19T01:15Z,2023,regular,15,False,SEA,PHI,20.0,17.0,16.0,59.0,297.0,5.0,10.0,197.0,100.0,24.0,4.2,5.6,22.0,33.0,6.0,14.0,0.0,0.0,0.0,2.0,2.0,5.0,35.0,0.0,0.0,0.0,1622.0,23.0,69.0,321.0,4.7,10.0,143.0,178.0,38.0,4.7,4.6,17.0,31.0,9.0,16.0,1.0,1.0,2.0,3.0,0.0,5.0,40.0,2.0,0.0,2.0,1978.0,ESPN BET,3.05,1.41,4.5,-4.5,2.0,1.83,47.5,,
401547609,2023-12-22,2023-12-22T01:15Z,2023,regular,16,False,LAR,NO,30.0,22.0,23.0,67.0,458.0,6.8,10.0,325.0,133.0,32.0,4.2,9.3,24.0,34.0,4.0,12.0,1.0,1.0,3.0,6.0,1.0,3.0,25.0,0.0,0.0,0.0,2058.0,18.0,58.0,339.0,5.8,10.0,304.0,35.0,16.0,2.2,7.2,27.0,40.0,5.0,11.0,0.0,3.0,1.0,1.0,2.0,3.0,20.0,1.0,0.0,1.0,1542.0,ESPN BET,1.48,2.75,-4.5,4.5,1.91,1.91,46.5,,
401547610,2023-12-23,2023-12-23T21:30Z,2023,regular,16,False,PIT,CIN,34.0,11.0,16.0,58.0,397.0,6.8,11.0,284.0,113.0,30.0,3.8,10.1,17.0,27.0,7.0,14.0,0.0,0.0,2.0,3.0,1.0,2.0,15.0,0.0,0.0,0.0,1691.0,17.0,61.0,368.0,6.0,11.0,309.0,59.0,16.0,3.7,6.9,28.0,42.0,6.0,13.0,0.0,2.0,0.0,3.0,3.0,3.0,20.0,3.0,0.0,3.0,1909.0,ESPN BET,2.3,1.67,2.5,-2.5,2.05,1.77,39.5,,
401547611,2023-12-24,2023-12-24T01:00Z,2023,regular,16,False,LAC,BUF,22.0,24.0,18.0,65.0,273.0,4.2,12.0,175.0,98.0,27.0,3.6,4.6,23.0,33.0,4.0,14.0,0.0,0.0,1.0,3.0,5.0,6.0,29.0,0.0,0.0,0.0,1984.0,16.0,52.0,335.0,6.4,10.0,230.0,105.0,30.0,3.5,10.5,15.0,21.0,5.0,10.0,0.0,0.0,2.0,3.0,1.0,7.0,64.0,3.0,2.0,1.0,1616.0,ESPN BET,6.5,1.13,12.5,-12.5,1.87,1.95,45.5,,
401547612,2023-12-24,2023-12-24T18:00Z,2023,regular,16,False,HOU,CLE,22.0,36.0,20.0,68.0,250.0,3.7,13.0,178.0,72.0,16.0,4.5,3.4,26.0,49.0,5.0,15.0,1.0,3.0,2.0,2.0,3.0,10.0,76.0,2.0,0.0,2.0,1586.0,26.0,75.0,418.0,5.6,13.0,364.0,54.0,30.0,1.8,8.1,28.0,44.0,6.0,16.0,4.0,6.0,4.0,6.0,1.0,9.0,55.0,2.0,0.0,2.0,2014.0,ESPN BET,2.35,1.65,3.5,-3.5,1.77,2.05,39.5,,
401547613,2023-12-24,2023-12-24T18:00Z,2023,regular,16,False,NYJ,WSH,30.0,28.0,26.0,85.0,381.0,4.5,16.0,217.0,164.0,36.0,4.6,4.4,27.0,49.0,4.0,16.0,1.0,2.0,2.0,5.0,0.0,14.0,150.0,2.0,1.0,1.0,2176.0,18.0,58.0,245.0,4.2,15.0,143.0,102.0,22.0,4.6,4.0,16.0,35.0,3.0,12.0,1.0,1.0,4.0,4.0,1.0,8.0,68.0,3.0,1.0,2.0,1424.0,ESPN BET,1.65,2.35,-2.5,2.5,1.77,2.05,36.5,,
401547614,2023-12-24,2023-12-24T18:00Z,2023,regular,16,False,TEN,SEA,17.0,20.0,23.0,64.0,287.0,4.5,8.0,125.0,162.0,31.0,5.2,3.8,19.0,27.0,6.0,12.0,1.0,1.0,2.0,3.0,6.0,10.0,97.0,0.0,0.0,0.0,2031.0,21.0,59.0,273.0,4.6,7.0,215.0,58.0,20.0,2.9,5.5,25.0,36.0,7.0,13.0,0.0,0.0,2.0,4.0,3.0,6.0,47.0,0.0,0.0,0.0,1569.0,ESPN BET,2.35,1.65,2.5,-2.5,2.05,1.77,42.5,,
401547615,2023-12-24,2023-12-24T21:05Z,2023,regular,16,False,TB,JAX,30.0,12.0,22.0,73.0,335.0,4.6,11.0,265.0,70.0,36.0,1.9,7.2,26.0,35.0,10.0,19.0,1.0,2.0,2.0,5.0,2.0,6.0,44.0,0.0,0.0,0.0,2227.0,23.0,61.0,305.0,5.0,10.0,268.0,37.0,13.0,2.8,5.6,28.0,44.0,3.0,9.0,1.0,3.0,2.0,3.0,4.0,2.0,20.0,4.0,2.0,2.0,1373.0,ESPN BET,2.1,1.77,1.5,-1.5,1.95,1.87,43.5,,
401547616,2023-12-24,2023-12-24T18:00Z,2023,regular,16,False,ATL,IND,29.0,10.0,23.0,64.0,406.0,6.3,10.0,229.0,177.0,30.0,5.9,6.7,23.0,33.0,5.0,13.0,1.0,1.0,0.0,3.0,1.0,4.0,35.0,0.0,0.0,0.0,1764.0,20.0,68.0,262.0,3.9,11.0,170.0,92.0,25.0,3.7,4.0,20.0,37.0,5.0,14.0,1.0,3.0,1.0,2.0,6.0,4.0,29.0,1.0,0.0,1.0,1836.0,ESPN BET,1.67,2.3,-2.5,2.5,1.83,2.0,44.5,,
401547617,2023-12-24,2023-12-24T18:00Z,2023,regular,16,False,CAR,GB,30.0,33.0,26.0,63.0,394.0,6.3,10.0,298.0,96.0,25.0,3.8,7.8,23.0,36.0,6.0,13.0,1.0,2.0,3.0,3.0,2.0,8.0,87.0,0.0,0.0,0.0,1881.0,25.0,63.0,369.0,5.9,10.0,207.0,162.0,34.0,4.8,7.1,17.0,28.0,8.0,14.0,0.0,0.0,3.0,4.0,1.0,6.0,67.0,0.0,0.0,0.0,1719.0,ESPN BET,2.6,1.53,3.5,-3.5,1.83,2.0,39.5,,
401547618,2023-12-24,2023-12-24T18:00Z,2023,regular,16,False,MIN,DET,24.0,30.0,19.0,51.0,390.0,7.6,10.0,373.0,17.0,11.0,1.5,9.3,22.0,36.0,3.0,9.0,0.0,1.0,2.0,3.0,4.0,8.0,64.0,4.0,0.0,4.0,1298.0,28.0,77.0,389.0,5.1,11.0,246.0,143.0,36.0,4.0,6.0,30.0,40.0,6.0,12.0,2.0,2.0,4.0,5.0,1.0,9.0,52.0,1.0,1.0,0.0,2302.0,ESPN BET,2.25,1.69,2.5,-2.5,1.95,1.87,47.5,,
401547619,2023-12-24,2023-12-24T21:25Z,2023,regular,16,False,CHI,ARI,27.0,16.0,22.0,67.0,420.0,6.3,11.0,170.0,250.0,39.0,6.4,6.1,15.0,27.0,8.0,15.0,0.0,0.0,3.0,5.0,1.0,5.0,35.0,1.0,0.0,1.0,2072.0,16.0,60.0,306.0,5.1,12.0,213.0,93.0,20.0,4.7,5.3,24.0,38.0,7.0,16.0,0.0,1.0,1.0,1.0,2.0,2.0,8.0,0.0,0.0,0.0,1528.0,ESPN BET,1.47,2.8,-5.5,5.5,1.91,1.91,42.5,,
401547620,2023-12-24,2023-12-24T21:25Z,2023,regular,16,False,MIA,DAL,22.0,20.0,22.0,64.0,375.0,5.9,9.0,284.0,91.0,26.0,3.5,7.5,24.0,37.0,6.0,13.0,0.0,1.0,1.0,4.0,1.0,5.0,33.0,0.0,0.0,0.0,1738.0,19.0,61.0,339.0,5.6,9.0,242.0,97.0,25.0,3.9,6.7,20.0,32.0,4.0,12.0,2.0,2.0,1.0,3.0,4.0,6.0,38.0,1.0,1.0,0.0,1862.0,ESPN BET,1.8,2.05,-1.5,1.5,1.87,1.95,49.5,,
401547241,2023-12-25,2023-12-25T21:30Z,2023,regular,16,False,PHI,NYG,33.0,25.0,28.0,74.0,465.0,6.3,11.0,295.0,170.0,35.0,4.9,7.6,24.0,38.0,8.0,15.0,2.0,2.0,2.0,5.0,1.0,9.0,65.0,2.0,1.0,1.0,2078.0,14.0,59.0,292.0,4.9,10.0,186.0,106.0,26.0,4.1,5.6,16.0,32.0,4.0,14.0,3.0,5.0,1.0,1.0,1.0,3.0,13.0,1.0,0.0,1.0,1522.0,ESPN BET,1.11,7.0,-13.5,13.5,1.87,1.95,41.5,,
401547351,2023-12-25,2023-12-25T18:00Z,2023,regular,16,False,KC,LV,14.0,20.0,19.0,74.0,308.0,4.2,11.0,223.0,85.0,25.0,3.4,4.6,28.0,45.0,5.0,16.0,3.0,5.0,2.0,4.0,4.0,5.0,44.0,2.0,1.0,1.0,2058.0,12.0,52.0,205.0,3.9,10.0,48.0,157.0,29.0,5.4,2.1,9.0,21.0,3.0,12.0,0.0,0.0,0.0,3.0,2.0,4.0,20.0,0.0,0.0,0.0,1542.0,ESPN BET,1.15,5.75,-11.5,11.5,1.95,1.87,40.5,,
401547621,2023-12-25,2023-12-25T01:15Z,2023,regular,16,False,DEN,NE,23.0,26.0,19.0,65.0,276.0,4.2,15.0,193.0,83.0,23.0,3.6,4.6,25.0,37.0,4.0,13.0,1.0,2.0,2.0,3.0,5.0,2.0,25.0,2.0,2.0,0.0,1878.0,12.0,56.0,289.0,5.2,13.0,230.0,59.0,21.0,2.8,6.6,25.0,33.0,3.0,13.0,0.0,0.0,2.0,3.0,2.0,3.0,25.0,1.0,1.0,0.0,1722.0,ESPN BET,1.29,3.7,-7.5,7.5,1.91,1.91,37.5,,
401547622,2023-12-26,2023-12-26T01:15Z,2023,regular,16,False,SF,BAL,19.0,33.0,21.0,68.0,429.0,6.3,11.0,308.0,121.0,18.0,6.7,6.2,26.0,46.0,6.0,14.0,1.0,3.0,2.0,4.0,4.0,10.0,102.0,5.0,0.0,5.0,1726.0,23.0,63.0,343.0,5.4,12.0,241.0,102.0,26.0,3.9,6.5,23.0,35.0,4.0,11.0,1.0,1.0,3.0,6.0,2.0,6.0,67.0,0.0,0.0,0.0,1874.0,ESPN BET,1.34,3.4,-6.5,6.5,1.95,1.87,47.5,,
401547623,2023-12-29,2023-12-29T01:15Z,2023,regular,17,False,CLE,NYJ,37.0,20.0,20.0,58.0,428.0,7.4,12.0,301.0,127.0,28.0,4.5,10.0,19.0,29.0,5.0,10.0,0.0,1.0,3.0,5.0,1.0,4.0,26.0,3.0,2.0,1.0,1689.0,17.0,68.0,360.0,5.3,13.0,253.0,107.0,21.0,5.1,5.4,32.0,45.0,6.0,16.0,1.0,2.0,0.0,1.0,2.0,12.0,74.0,2.0,1.0,1.0,1911.0,ESPN BET,1.29,3.7,-6.5,6.5,1.83,2.0,33.5,,
401547235,2023-12-31,2023-12-31T21:25Z,2023,regular,17,False,KC,CIN,25.0,17.0,15.0,53.0,373.0,7.0,10.0,241.0,132.0,22.0,6.0,7.8,21.0,29.0,3.0,12.0,1.0,1.0,1.0,3.0,2.0,3.0,39.0,1.0,1.0,0.0,1543.0,20.0,71.0,263.0,3.7,10.0,159.0,104.0,32.0,3.3,4.1,19.0,33.0,8.0,16.0,1.0,3.0,2.0,4.0,6.0,3.0,20.0,0.0,0.0,0.0,2057.0,ESPN BET,1.34,3.4,-7.5,7.5,2.0,1.83,45.5,,
401547624,2023-12-31,2023-12-31T01:15Z,2023,regular,17,False,DAL,DET,20.0,19.0,17.0,62.0,384.0,6.2,12.0,323.0,61.0,21.0,2.9,7.9,26.0,38.0,7.0,14.0,0.0,0.0,1.0,2.0,3.0,5.0,34.0,2.0,1.0,1.0,1764.0,21.0,67.0,420.0,6.3,11.0,295.0,125.0,31.0,4.0,8.2,20.0,35.0,4.0,13.0,2.0,3.0,2.0,4.0,1.0,6.0,35.0,2.0,0.0,2.0,1836.0,ESPN BET,1.44,2.9,-4.5,4.5,1.95,1.87,52.5,,
401547625,2023-12-31,2023-12-31T18:00Z,2023,regular,17,False,BAL,MIA,56.0,19.0,24.0,55.0,491.0,8.9,13.0,331.0,160.0,32.0,5.0,14.4,19.0,22.0,4.0,7.0,1.0,1.0,5.0,5.0,1.0,7.0,45.0,1.0,1.0,0.0,1823.0,20.0,66.0,375.0,5.7,12.0,221.0,154.0,25.0,6.2,5.4,22.0,38.0,6.0,15.0,2.0,4.0,2.0,3.0,3.0,5.0,37.0,3.0,1.0,2.0,1777.0,ESPN BET,1.65,2.35,-3.5,3.5,2.0,1.83,47.5,,
401547626,2023-12-31,2023-12-31T18:00Z,2023,regular,17,False,BUF,NE,27.0,21.0,19.0,68.0,281.0,4.1,12.0,154.0,127.0,37.0,3.4,5.0,15.0,30.0,7.0,15.0,0.0,0.0,2.0,5.0,1.0,4.0,32.0,1.0,0.0,1.0,1972.0,16.0,53.0,294.0,5.5,13.0,191.0,103.0,24.0,4.3,6.6,16.0,26.0,4.0,10.0,0.0,0.0,2.0,2.0,3.0,2.0,20.0,4.0,1.0,3.0,1628.0,ESPN BET,1.1,8.0,-15.5,15.5,1.91,1.91,40.5,,
401547627,2023-12-31,2023-12-31T18:00Z,2023,regular,17,False,CHI,ATL,37.0,17.0,22.0,72.0,432.0,6.0,13.0,240.0,192.0,37.0,5.2,6.9,20.0,32.0,6.0,16.0,1.0,2.0,4.0,5.0,3.0,5.0,55.0,0.0,0.0,0.0,2234.0,15.0,59.0,307.0,5.2,13.0,173.0,134.0,24.0,5.6,4.9,13.0,33.0,4.0,13.0,0.0,1.0,0.0,1.0,2.0,1.0,15.0,4.0,0.0,4.0,1366.0,ESPN BET,1.67,2.3,-2.5,2.5,1.83,2.0,39.5,,
401547628,2023-12-31,2023-12-31T18:00Z,2023,regular,17,False,IND,LV,23.0,20.0,16.0,53.0,349.0,6.6,10.0,215.0,134.0,29.0,4.6,9.0,15.0,23.0,6.0,13.0,1.0,1.0,1.0,3.0,1.0,5.0,52.0,0.0,0.0,0.0,1576.0,26.0,74.0,370.0,5.0,9.0,286.0,84.0,25.0,3.4,5.8,30.0,47.0,5.0,15.0,2.0,2.0,2.0,3.0,2.0,7.0,54.0,0.0,0.0,0.0,2024.0,ESPN BET,1.57,2.5,-3.5,3.5,1.91,1.91,42.5,,
401547629,2023-12-31,2023-12-31T18:00Z,2023,regular,17,False,JAX,CAR,26.0,0.0,16.0,62.0,317.0,5.1,11.0,162.0,155.0,35.0,4.4,6.0,17.0,24.0,7.0,16.0,1.0,1.0,1.0,5.0,3.0,1.0,15.0,0.0,0.0,0.0,2009.0,7.0,53.0,124.0,2.3,10.0,67.0,57.0,15.0,3.8,1.8,19.0,32.0,1.0,13.0,3.0,6.0,0.0,0.0,6.0,3.0,24.0,1.0,0.0,1.0,1591.0,ESPN BET,1.54,2.55,-3.5,3.5,1.91,1.91,37.5,,
401547630,2023-12-31,2023-12-31T21:25Z,2023,regular,17,False,DEN,LAC,16.0,9.0,16.0,67.0,313.0,4.7,11.0,212.0,101.0,33.0,3.1,6.2,20.0,32.0,7.0,17.0,1.0,1.0,0.0,2.0,2.0,7.0,49.0,0.0,0.0,0.0,2026.0,17.0,63.0,301.0,4.8,10.0,215.0,86.0,24.0,3.6,5.5,24.0,38.0,2.0,11.0,1.0,2.0,0.0,1.0,1.0,3.0,48.0,1.0,1.0,0.0,1574.0,ESPN BET,1.57,2.5,-3.5,3.5,2.0,1.83,38.5,,
401547631,2023-12-31,2023-12-31T18:00Z,2023,regular,17,False,HOU,TEN,26.0,3.0,20.0,61.0,312.0,5.1,8.0,201.0,111.0,28.0,4.0,6.1,24.0,32.0,3.0,11.0,0.0,0.0,1.0,3.0,1.0,1.0,6.0,0.0,0.0,0.0,1991.0,11.0,53.0,187.0,3.5,10.0,134.0,53.0,21.0,2.5,4.2,18.0,26.0,1.0,12.0,2.0,4.0,0.0,1.0,6.0,3.0,15.0,1.0,1.0,0.0,1609.0,ESPN BET,1.47,2.8,-5.5,5.5,1.91,1.91,43.5,,
401547632,2023-12-31,2023-12-31T18:00Z,2023,regular,17,False,NYG,LAR,25.0,26.0,17.0,67.0,389.0,5.8,13.0,284.0,105.0,20.0,5.3,6.0,27.0,41.0,5.0,16.0,1.0,3.0,0.0,2.0,6.0,7.0,65.0,1.0,0.0,1.0,1789.0,22.0,61.0,391.0,6.4,14.0,286.0,105.0,23.0,4.6,7.5,24.0,34.0,2.0,8.0,0.0,1.0,3.0,3.0,4.0,3.0,28.0,3.0,1.0,2.0,1811.0,ESPN BET,3.25,1.36,6.5,-6.5,1.91,1.91,42.5,,
401547633,2023-12-31,2023-12-31T18:00Z,2023,regular,17,False,PHI,ARI,31.0,35.0,17.0,47.0,275.0,5.9,7.0,184.0,91.0,23.0,4.0,7.7,19.0,24.0,4.0,9.0,1.0,1.0,2.0,2.0,0.0,4.0,49.0,1.0,0.0,1.0,1221.0,32.0,72.0,449.0,6.2,8.0,228.0,221.0,40.0,5.5,7.1,25.0,31.0,5.0,10.0,2.0,2.0,4.0,6.0,1.0,5.0,25.0,1.0,0.0,1.0,2379.0,ESPN BET,1.14,6.0,-12.5,12.5,1.95,1.87,47.5,,
401547634,2023-12-31,2023-12-31T18:00Z,2023,regular,17,False,TB,NO,13.0,23.0,13.0,50.0,349.0,7.0,12.0,292.0,57.0,15.0,3.8,8.3,22.0,33.0,2.0,8.0,1.0,1.0,0.0,0.0,2.0,5.0,38.0,4.0,2.0,2.0,1402.0,20.0,70.0,310.0,4.4,12.0,202.0,108.0,35.0,3.1,5.8,25.0,34.0,8.0,18.0,0.0,0.0,1.0,3.0,1.0,5.0,31.0,0.0,0.0,0.0,2198.0,ESPN BET,1.71,2.2,-2.5,2.5,1.83,2.0,42.5,,
401547635,2023-12-31,2023-12-31T18:00Z,2023,regular,17,False,WSH,SF,10.0,27.0,12.0,43.0,225.0,5.2,9.0,163.0,62.0,14.0,4.4,5.6,17.0,28.0,3.0,9.0,0.0,1.0,1.0,2.0,1.0,5.0,40.0,2.0,0.0,2.0,1307.0,28.0,68.0,408.0,6.0,9.0,224.0,184.0,39.0,4.7,7.7,22.0,28.0,4.0,9.0,0.0,1.0,3.0,6.0,1.0,3.0,20.0,0.0,0.0,0.0,2293.0,ESPN BET,7.0,1.11,14.5,-14.5,1.87,1.95,49.5,,
401547636,2023-12-31,2023-12-31T21:05Z,2023,regular,17,False,SEA,PIT,23.0,30.0,17.0,49.0,369.0,7.5,9.0,281.0,88.0,15.0,5.9,8.3,23.0,33.0,3.0,9.0,0.0,0.0,2.0,3.0,1.0,4.0,25.0,1.0,1.0,0.0,1347.0,25.0,71.0,468.0,6.6,10.0,266.0,202.0,46.0,4.4,10.6,18.0,24.0,6.0,13.0,2.0,3.0,3.0,7.0,1.0,2.0,10.0,0.0,0.0,0.0,2253.0,ESPN BET,1.47,2.8,-4.5,4.5,1.91,1.91,40.5,,
401547637,2024-01-01,2024-01-01T01:20Z,2023,regular,17,False,MIN,GB,10.0,33.0,13.0,52.0,211.0,4.1,11.0,144.0,67.0,16.0,4.2,4.0,18.0,32.0,3.0,10.0,0.0,2.0,1.0,3.0,4.0,6.0,27.0,2.0,1.0,1.0,1348.0,28.0,73.0,470.0,6.4,10.0,293.0,177.0,39.0,4.5,8.6,25.0,34.0,9.0,14.0,0.0,1.0,2.0,4.0,0.0,4.0,32.0,1.0,1.0,0.0,2252.0,ESPN BET,1.95,1.87,0.5,-0.5,1.95,1.87,42.5,,
401547639,2024-01-06,2024-01-06T21:30Z,2023,regular,18,False,BAL,PIT,10.0,17.0,13.0,57.0,224.0,3.9,12.0,118.0,106.0,25.0,4.2,3.7,15.0,28.0,4.0,13.0,1.0,1.0,0.0,1.0,4.0,3.0,26.0,2.0,2.0,0.0,1506.0,16.0,62.0,289.0,4.7,12.0,134.0,155.0,39.0,4.0,5.8,18.0,20.0,6.0,15.0,0.0,0.0,1.0,2.0,3.0,4.0,25.0,2.0,2.0,0.0,2094.0,ESPN BET,2.4,1.61,3.5,-3.5,1.77,2.1,34.5,,
401547638,2024-01-07,2024-01-07T21:25Z,2023,regular,18,False,ARI,SEA,20.0,21.0,24.0,69.0,466.0,6.8,9.0,260.0,206.0,38.0,5.4,8.4,22.0,30.0,5.0,13.0,2.0,2.0,1.0,3.0,1.0,5.0,27.0,0.0,0.0,0.0,2163.0,18.0,53.0,327.0,6.2,9.0,189.0,138.0,25.0,5.5,6.8,16.0,28.0,6.0,12.0,0.0,0.0,1.0,3.0,0.0,0.0,0.0,0.0,0.0,0.0,1437.0,ESPN BET,2.2,1.71,2.5,-2.5,2.02,1.8,48.5,,
401547640,2024-01-07,2024-01-07T18:00Z,2023,regular,18,False,CAR,TB,0.0,9.0,11.0,50.0,199.0,4.0,9.0,68.0,131.0,29.0,4.5,3.2,11.0,18.0,2.0,12.0,2.0,2.0,0.0,0.0,3.0,3.0,20.0,2.0,2.0,0.0,1716.0,14.0,64.0,228.0,3.6,10.0,115.0,113.0,29.0,3.9,3.3,20.0,32.0,6.0,16.0,0.0,0.0,0.0,3.0,3.0,3.0,15.0,0.0,0.0,0.0,1884.0,ESPN BET,3.0,1.42,5.5,-5.5,1.95,1.87,36.5,,
401547641,2024-01-07,2024-01-07T18:00Z,2023,regular,18,False,CIN,CLE,31.0,14.0,22.0,61.0,328.0,5.4,12.0,145.0,183.0,30.0,6.1,4.7,21.0,28.0,3.0,12.0,0.0,0.0,4.0,4.0,3.0,1.0,10.0,1.0,0.0,1.0,2146.0,13.0,53.0,244.0,4.6,13.0,140.0,104.0,24.0,4.3,4.8,13.0,26.0,2.0,11.0,1.0,1.0,0.0,0.0,3.0,7.0,35.0,2.0,0.0,2.0,1454.0,ESPN BET,1.29,3.7,-7.5,7.5,1.91,1.91,37.5,,
401547642,2024-01-07,2024-01-07T18:00Z,2023,regular,18,False,DET,MIN,30.0,20.0,19.0,56.0,381.0,6.8,11.0,311.0,70.0,23.0,3.0,9.4,23.0,32.0,1.0,9.0,2.0,2.0,3.0,4.0,1.0,4.0,20.0,0.0,0.0,0.0,1501.0,24.0,70.0,448.0,6.4,11.0,359.0,89.0,22.0,4.0,7.5,30.0,44.0,2.0,13.0,2.0,3.0,0.0,1.0,4.0,8.0,77.0,2.0,0.0,2.0,2099.0,ESPN BET,1.53,2.6,-3.5,3.5,1.91,1.91,47.5,,
401547643,2024-01-07,2024-01-07T21:25Z,2023,regular,18,False,GB,CHI,17.0,9.0,24.0,60.0,432.0,7.2,7.0,308.0,124.0,27.0,4.6,9.3,27.0,32.0,7.0,10.0,0.0,0.0,2.0,4.0,1.0,1.0,5.0,1.0,1.0,0.0,1884.0,13.0,46.0,192.0,4.2,6.0,117.0,75.0,25.0,3.0,5.6,11.0,16.0,3.0,11.0,1.0,1.0,0.0,2.0,5.0,1.0,10.0,0.0,0.0,0.0,1716.0,ESPN BET,1.67,2.3,-2.5,2.5,1.8,2.02,45.5,,
401547644,2024-01-07,2024-01-07T01:15Z,2023,regular,18,False,IND,HOU,19.0,23.0,21.0,62.0,360.0,5.8,12.0,133.0,227.0,37.0,6.1,5.3,13.0,24.0,1.0,11.0,0.0,1.0,0.0,3.0,1.0,3.0,14.0,1.0,1.0,0.0,1842.0,16.0,56.0,306.0,5.5,11.0,246.0,60.0,28.0,2.1,8.8,20.0,26.0,5.0,13.0,0.0,1.0,2.0,2.0,2.0,11.0,69.0,0.0,0.0,0.0,1758.0,ESPN BET,2.0,1.83,1.5,-1.5,1.87,1.95,47.5,,
401547645,2024-01-07,2024-01-07T21:25Z,2023,regular,18,False,LAC,KC,12.0,13.0,22.0,80.0,353.0,4.4,11.0,235.0,118.0,30.0,3.9,4.7,28.0,47.0,7.0,19.0,2.0,3.0,0.0,3.0,3.0,1.0,5.0,1.0,1.0,0.0,1975.0,12.0,59.0,268.0,4.5,10.0,145.0,123.0,28.0,4.4,4.7,15.0,30.0,6.0,16.0,1.0,1.0,0.0,1.0,1.0,3.0,57.0,1.0,0.0,1.0,1625.0,ESPN BET,1.59,2.45,-3.5,3.5,2.0,1.83,36.5,,
401547646,2024-01-07,2024-01-07T21:25Z,2023,regular,18,False,LV,DEN,27.0,14.0,22.0,66.0,359.0,5.4,10.0,230.0,129.0,31.0,4.2,6.6,20.0,32.0,7.0,13.0,0.0,0.0,2.0,3.0,3.0,0.0,0.0,0.0,0.0,0.0,1836.0,17.0,59.0,286.0,4.8,10.0,238.0,48.0,20.0,2.4,6.1,20.0,34.0,4.0,12.0,2.0,3.0,2.0,2.0,5.0,4.0,35.0,1.0,0.0,1.0,1764.0,ESPN BET,1.61,2.4,-3.5,3.5,1.91,1.91,37.5,,
401547648,2024-01-07,2024-01-07T18:00Z,2023,regular,18,False,NE,NYJ,3.0,17.0,6.0,58.0,119.0,2.1,15.0,31.0,88.0,21.0,4.2,0.8,12.0,30.0,1.0,14.0,0.0,3.0,0.0,1.0,7.0,4.0,35.0,2.0,0.0,2.0,1578.0,13.0,63.0,254.0,4.0,14.0,69.0,185.0,42.0,4.4,3.3,8.0,20.0,3.0,15.0,0.0,1.0,0.0,2.0,1.0,1.0,5.0,1.0,1.0,0.0,2022.0,ESPN BET,1.71,2.2,-2.5,2.5,1.87,1.95,28.5,,
401547649,2024-01-07,2024-01-07T18:00Z,2023,regular,18,False,NO,ATL,48.0,17.0,27.0,66.0,400.0,6.1,12.0,246.0,154.0,35.0,4.4,7.9,22.0,28.0,3.0,10.0,1.0,1.0,4.0,6.0,3.0,3.0,15.0,0.0,0.0,0.0,2030.0,14.0,60.0,389.0,6.5,13.0,311.0,78.0,25.0,3.1,8.9,25.0,34.0,4.0,11.0,0.0,1.0,1.0,3.0,1.0,8.0,75.0,3.0,1.0,2.0,1570.0,ESPN BET,1.61,2.4,-3.5,3.5,2.0,1.83,41.5,,
401547650,2024-01-07,2024-01-07T21:25Z,2023,regular,18,False,NYG,PHI,27.0,10.0,22.0,66.0,415.0,6.3,12.0,306.0,109.0,30.0,3.6,8.5,25.0,34.0,6.0,14.0,0.0,0.0,3.0,6.0,2.0,3.0,21.0,1.0,0.0,1.0,1977.0,19.0,65.0,299.0,4.6,13.0,166.0,133.0,24.0,5.5,4.0,20.0,36.0,5.0,13.0,0.0,1.0,1.0,2.0,5.0,2.0,10.0,4.0,2.0,2.0,1623.0,ESPN BET,2.9,1.44,4.5,-4.5,1.95,1.87,43.5,,
401547651,2024-01-07,2024-01-07T21:25Z,2023,regular,18,False,SF,LAR,20.0,21.0,20.0,58.0,300.0,5.2,8.0,175.0,125.0,29.0,4.3,6.0,16.0,26.0,5.0,10.0,1.0,1.0,3.0,3.0,3.0,5.0,78.0,1.0,1.0,0.0,1740.0,19.0,62.0,258.0,4.2,9.0,149.0,109.0,36.0,3.0,5.7,17.0,24.0,9.0,15.0,3.0,4.0,3.0,3.0,2.0,2.0,8.0,1.0,0.0,1.0,1860.0,ESPN BET,1.4,3.1,-5.5,5.5,1.87,1.95,40.5,,
401547652,2024-01-07,2024-01-07T18:00Z,2023,regular,18,False,TEN,JAX,28.0,20.0,19.0,55.0,327.0,5.9,10.0,152.0,175.0,26.0,6.7,5.2,17.0,27.0,6.0,11.0,0.0,1.0,3.0,3.0,2.0,5.0,29.0,1.0,0.0,1.0,1663.0,20.0,66.0,362.0,5.5,10.0,280.0,82.0,23.0,3.6,6.5,29.0,43.0,8.0,14.0,0.0,3.0,1.0,3.0,0.0,6.0,40.0,2.0,0.0,2.0,1937.0,ESPN BET,2.55,1.54,3.5,-3.5,1.83,2.0,41.5,,
401547653,2024-01-07,2024-01-07T21:25Z,2023,regular,18,False,WSH,DAL,10.0,38.0,12.0,49.0,180.0,3.7,10.0,130.0,50.0,17.0,2.9,4.1,20.0,28.0,2.0,10.0,3.0,4.0,1.0,2.0,4.0,4.0,39.0,3.0,1.0,2.0,1565.0,31.0,69.0,440.0,6.4,9.0,309.0,131.0,29.0,4.5,7.7,34.0,40.0,6.0,10.0,1.0,1.0,5.0,7.0,0.0,2.0,20.0,1.0,0.0,1.0,2035.0,ESPN BET,7.0,1.11,13.5,-13.5,1.87,1.95,46.5,,
401547647,2024-01-08,2024-01-08T01:20Z,2023,regular,18,False,MIA,BUF,14.0,21.0,16.0,48.0,275.0,5.7,9.0,167.0,108.0,20.0,5.4,6.0,17.0,27.0,4.0,10.0,0.0,0.0,1.0,1.0,1.0,4.0,29.0,2.0,0.0,2.0,1313.0,26.0,77.0,473.0,6.1,9.0,345.0,128.0,36.0,3.6,8.4,30.0,38.0,9.0,15.0,1.0,3.0,2.0,5.0,3.0,6.0,41.0,3.0,1.0,2.0,2287.0,ESPN BET,2.25,1.69,2.5,-2.5,2.02,1.8,48.5,,
401547749,2024-01-13,2024-01-13T21:30Z,2023,playoffs,1,False,HOU,CLE,45.0,14.0,14.0,44.0,356.0,8.1,10.0,280.0,76.0,22.0,3.5,12.7,17.0,22.0,2.0,8.0,0.0,0.0,2.0,3.0,0.0,3.0,20.0,0.0,0.0,0.0,1474.0,18.0,70.0,324.0,4.6,12.0,268.0,56.0,20.0,2.8,5.4,34.0,46.0,7.0,15.0,0.0,4.0,2.0,2.0,4.0,4.0,32.0,2.0,0.0,2.0,2126.0,ESPN BET,2.1,1.77,2.5,-2.5,1.95,1.87,44.5,,
401547750,2024-01-14,2024-01-14T01:00Z,2023,playoffs,1,False,KC,MIA,26.0,7.0,25.0,75.0,409.0,5.5,10.0,262.0,147.0,34.0,4.3,6.4,23.0,41.0,6.0,15.0,1.0,1.0,2.0,6.0,0.0,5.0,45.0,1.0,1.0,0.0,2045.0,13.0,59.0,264.0,4.5,11.0,188.0,76.0,18.0,4.2,4.6,20.0,39.0,1.0,12.0,3.0,6.0,0.0,0.0,2.0,8.0,62.0,1.0,0.0,1.0,1555.0,ESPN BET,1.44,2.9,-4.5,4.5,1.87,1.95,43.5,,
401547752,2024-01-14,2024-01-14T21:30Z,2023,playoffs,1,False,DAL,GB,32.0,48.0,37.0,89.0,510.0,5.7,11.0,387.0,123.0,25.0,4.9,6.0,41.0,60.0,10.0,16.0,0.0,2.0,4.0,5.0,4.0,6.0,48.0,2.0,0.0,2.0,1865.0,22.0,54.0,415.0,7.7,10.0,272.0,143.0,33.0,4.3,13.0,16.0,21.0,6.0,10.0,1.0,1.0,4.0,4.0,0.0,7.0,66.0,0.0,0.0,0.0,1735.0,ESPN BET,1.26,4.0,-7.5,7.5,2.0,1.83,52.5,,
401547751,2024-01-15,2024-01-15T21:30Z,2023,playoffs,1,False,BUF,PIT,31.0,17.0,24.0,66.0,368.0,5.6,11.0,189.0,179.0,34.0,5.3,5.9,21.0,30.0,5.0,12.0,1.0,1.0,2.0,3.0,2.0,2.0,24.0,0.0,0.0,0.0,1999.0,22.0,63.0,324.0,5.1,11.0,218.0,106.0,23.0,4.6,5.5,22.0,39.0,5.0,11.0,0.0,1.0,2.0,3.0,1.0,6.0,50.0,2.0,1.0,1.0,1601.0,ESPN BET,1.19,5.0,-12.5,12.5,2.25,1.63,39.5,,
401547753,2024-01-15,2024-01-15T01:15Z,2023,playoffs,1,False,DET,LAR,24.0,23.0,23.0,55.0,334.0,6.1,8.0,255.0,79.0,25.0,3.2,8.5,22.0,27.0,3.0,9.0,1.0,1.0,3.0,3.0,3.0,5.0,34.0,0.0,0.0,0.0,1795.0,22.0,55.0,425.0,7.7,8.0,357.0,68.0,17.0,4.0,9.4,25.0,36.0,3.0,9.0,1.0,1.0,0.0,3.0,2.0,4.0,36.0,0.0,0.0,0.0,1805.0,ESPN BET,1.63,2.38,-3.5,3.5,2.02,1.8,53.5,,
401547754,2024-01-16,2024-01-16T01:15Z,2023,playoffs,1,False,TB,PHI,32.0,9.0,23.0,69.0,426.0,6.2,10.0,307.0,119.0,29.0,4.1,7.7,22.0,36.0,6.0,14.0,1.0,2.0,0.0,1.0,4.0,5.0,25.0,0.0,0.0,0.0,2043.0,13.0,53.0,276.0,5.2,11.0,234.0,42.0,15.0,2.8,6.2,25.0,35.0,0.0,9.0,0.0,2.0,1.0,2.0,3.0,6.0,54.0,0.0,0.0,0.0,1557.0,ESPN BET,2.25,1.69,3.5,-3.5,1.8,2.02,43.5,,
401547755,2024-01-20,2024-01-20T21:30Z,2023,playoffs,2,False,BAL,HOU,34.0,10.0,22.0,67.0,352.0,5.3,10.0,123.0,229.0,42.0,5.5,4.9,16.0,22.0,4.0,12.0,2.0,2.0,4.0,5.0,3.0,3.0,15.0,0.0,0.0,0.0,2255.0,10.0,47.0,213.0,4.5,10.0,175.0,38.0,14.0,2.7,5.3,19.0,33.0,4.0,12.0,0.0,1.0,0.0,0.0,0.0,11.0,70.0,0.0,0.0,0.0,1345.0,ESPN BET,1.23,4.5,-9.5,9.5,1.91,1.91,43.5,,
401547756,2024-01-21,2024-01-21T01:15Z,2023,playoffs,2,False,SF,GB,24.0,21.0,19.0,64.0,356.0,5.6,10.0,245.0,111.0,24.0,4.6,6.1,23.0,39.0,10.0,16.0,0.0,0.0,1.0,1.0,1.0,6.0,83.0,0.0,0.0,0.0,1781.0,20.0,62.0,330.0,5.3,10.0,194.0,136.0,28.0,4.9,5.7,21.0,34.0,7.0,13.0,0.0,1.0,2.0,5.0,0.0,1.0,5.0,2.0,0.0,2.0,1819.0,ESPN BET,1.2,4.8,-10.5,10.5,1.95,1.87,50.5,,
401547757,2024-01-21,2024-01-21T20:00Z,2023,playoffs,2,False,DET,TB,31.0,23.0,26.0,71.0,391.0,5.5,12.0,277.0,114.0,26.0,4.4,6.2,30.0,43.0,6.0,14.0,1.0,1.0,3.0,4.0,2.0,3.0,17.0,0.0,0.0,0.0,1920.0,23.0,60.0,408.0,6.8,11.0,319.0,89.0,15.0,5.9,7.1,26.0,41.0,4.0,12.0,1.0,1.0,3.0,3.0,4.0,5.0,33.0,2.0,0.0,2.0,1680.0,ESPN BET,1.34,3.4,-6.5,6.5,1.95,1.87,49.5,,
401547758,2024-01-21,2024-01-21T23:30Z,2023,playoffs,2,False,BUF,KC,24.0,27.0,27.0,78.0,368.0,4.7,8.0,186.0,182.0,39.0,4.7,4.8,26.0,39.0,7.0,14.0,2.0,3.0,3.0,4.0,0.0,5.0,28.0,0.0,0.0,0.0,2223.0,21.0,47.0,361.0,7.7,9.0,215.0,146.0,24.0,6.1,9.3,17.0,23.0,1.0,5.0,0.0,0.0,2.0,4.0,0.0,2.0,15.0,1.0,1.0,0.0,1377.0,ESPN BET,1.67,2.3,-2.5,2.5,1.83,2.0,45.5,,
401547379,2024-01-28,2024-01-28T20:00Z,2023,playoffs,3,False,BAL,KC,10.0,17.0,16.0,57.0,336.0,5.9,11.0,255.0,81.0,16.0,5.1,6.2,20.0,37.0,3.0,11.0,2.0,2.0,0.0,1.0,4.0,8.0,95.0,3.0,2.0,1.0,1350.0,22.0,73.0,319.0,4.4,11.0,230.0,89.0,32.0,2.8,5.6,30.0,39.0,8.0,18.0,1.0,2.0,2.0,3.0,2.0,3.0,30.0,0.0,0.0,0.0,2250.0,ESPN BET,1.44,2.9,-4.5,4.5,1.91,1.91,43.5,,
401547380,2024-01-28,2024-01-28T23:30Z,2023,playoffs,3,False,SF,DET,34.0,31.0,23.0,66.0,413.0,6.3,11.0,258.0,155.0,33.0,4.7,7.8,20.0,31.0,6.0,12.0,0.0,1.0,4.0,5.0,2.0,3.0,20.0,1.0,0.0,1.0,1932.0,28.0,72.0,442.0,6.1,10.0,260.0,182.0,29.0,6.3,6.0,25.0,41.0,6.0,12.0,1.0,3.0,3.0,4.0,2.0,2.0,15.0,1.0,1.0,0.0,1668.0,ESPN BET,1.29,3.8,-7.5,7.5,1.95,1.87,53.5,,
401547378,2024-02-11,2024-02-11T23:30Z,2023,playoffs,5,True,KC,SF,25.0,22.0,24.0,79.0,455.0,5.8,13.0,325.0,130.0,30.0,4.3,6.6,34.0,46.0,9.0,19.0,1.0,1.0,2.0,6.0,3.0,6.0,55.0,2.0,1.0,1.0,2186.0,23.0,71.0,382.0,5.4,13.0,272.0,110.0,31.0,3.5,6.8,24.0,39.0,3.0,12.0,1.0,1.0,1.0,2.0,1.0,6.0,40.0,2.0,2.0,0.0,2311.0,ESPN BET,2.0,1.83,1.5,-1.5,1.87,1.95,46.5,,
401671610,2024-08-02,2024-08-02T00:00Z,2024,pretemporada,1,True,CHI,HOU,21.0,17.0,13.0,35.0,278.0,7.9,6.0,192.0,86.0,15.0,5.7,9.6,15.0,20.0,3.0,6.0,0.0,0.0,1.0,1.0,0.0,3.0,15.0,1.0,1.0,0.0,1015.0,15.0,49.0,244.0,5.0,8.0,190.0,54.0,21.0,2.6,6.8,19.0,27.0,2.0,8.0,1.0,1.0,2.0,3.0,1.0,4.0,30.0,0.0,0.0,0.0,1474.0,ESPN BET,2.35,1.645,2.5,-2.5,2.0,1.833,32.5,,
401671918,2024-08-08,2024-08-08T23:00Z,2024,pretemporada,2,False,NE,CAR,17.0,3.0,16.0,64.0,274.0,4.3,12.0,161.0,113.0,30.0,3.8,4.7,18.0,32.0,5.0,15.0,0.0,0.0,1.0,1.0,2.0,6.0,45.0,0.0,0.0,0.0,1917.0,7.0,52.0,151.0,2.9,12.0,89.0,62.0,17.0,3.6,2.5,18.0,30.0,2.0,14.0,1.0,1.0,0.0,0.0,5.0,9.0,61.0,0.0,0.0,0.0,1683.0,ESPN BET,1.37,3.2,-6.5,6.5,1.952,1.87,34.5,,
401673457,2024-08-08,2024-08-08T23:00Z,2024,pretemporada,2,False,NYG,DET,14.0,3.0,14.0,54.0,250.0,4.6,11.0,95.0,155.0,27.0,5.7,3.5,12.0,25.0,2.0,11.0,1.0,1.0,1.0,1.0,2.0,10.0,100.0,2.0,1.0,1.0,1691.0,15.0,67.0,228.0,3.4,12.0,110.0,118.0,30.0,3.9,3.0,18.0,33.0,5.0,17.0,0.0,4.0,0.0,3.0,4.0,7.0,41.0,1.0,0.0,1.0,1909.0,ESPN BET,1.541,2.55,-3.5,3.5,2.0,1.833,35.5,,
401671897,2024-08-09,2024-08-09T23:30Z,2024,pretemporada,2,False,BAL,PHI,13.0,16.0,11.0,48.0,164.0,3.4,10.0,82.0,82.0,23.0,3.6,3.3,10.0,22.0,2.0,12.0,2.0,2.0,1.0,2.0,3.0,4.0,25.0,1.0,1.0,0.0,1359.0,24.0,78.0,259.0,3.3,11.0,113.0,146.0,38.0,3.8,2.8,20.0,38.0,5.0,15.0,3.0,4.0,2.0,2.0,2.0,8.0,55.0,0.0,0.0,0.0,2241.0,ESPN BET,2.05,1.8,2.5,-2.5,1.87,1.952,36.5,,
401671905,2024-08-09,2024-08-09T23:00Z,2024,pretemporada,2,False,PIT,HOU,12.0,20.0,19.0,57.0,344.0,6.0,10.0,235.0,109.0,25.0,4.4,7.3,22.0,29.0,2.0,9.0,0.0,1.0,2.0,3.0,3.0,6.0,59.0,2.0,1.0,1.0,1892.0,17.0,61.0,255.0,4.2,11.0,175.0,80.0,27.0,3.0,5.1,19.0,31.0,5.0,13.0,1.0,1.0,1.0,3.0,3.0,3.0,10.0,0.0,0.0,0.0,1708.0,ESPN BET,2.4,1.606,3.5,-3.5,1.8,2.05,38.5,,
401671915,2024-08-09,2024-08-09T23:00Z,2024,pretemporada,2,False,MIA,ATL,20.0,13.0,13.0,68.0,265.0,3.9,16.0,121.0,144.0,35.0,4.1,3.7,12.0,33.0,5.0,17.0,0.0,2.0,2.0,3.0,0.0,4.0,25.0,2.0,1.0,1.0,1783.0,10.0,71.0,226.0,3.2,17.0,145.0,81.0,30.0,2.7,3.5,16.0,40.0,2.0,17.0,2.0,4.0,1.0,3.0,1.0,8.0,65.0,2.0,2.0,0.0,1817.0,ESPN BET,2.25,1.69,2.5,-2.5,1.952,1.87,37.5,,
401671615,2024-08-10,2024-08-10T17:00Z,2024,pretemporada,2,False,BUF,CHI,6.0,33.0,13.0,65.0,200.0,3.1,11.0,123.0,77.0,26.0,3.0,3.2,18.0,31.0,6.0,17.0,1.0,2.0,0.0,2.0,8.0,11.0,75.0,1.0,0.0,1.0,1928.0,19.0,52.0,340.0,6.5,10.0,199.0,141.0,30.0,4.7,9.0,12.0,21.0,3.0,9.0,0.0,0.0,3.0,5.0,1.0,8.0,55.0,0.0,0.0,0.0,1672.0,ESPN BET,1.606,2.4,-3.5,3.5,2.05,1.8,37.5,,
401671900,2024-08-10,2024-08-10T23:00Z,2024,pretemporada,2,False,CIN,TB,14.0,17.0,12.0,50.0,288.0,5.8,11.0,252.0,36.0,13.0,2.8,6.8,23.0,37.0,3.0,11.0,1.0,2.0,1.0,1.0,0.0,8.0,61.0,1.0,0.0,1.0,1414.0,22.0,73.0,390.0,5.3,11.0,254.0,136.0,32.0,4.3,6.2,24.0,38.0,6.0,17.0,1.0,2.0,2.0,4.0,3.0,3.0,32.0,1.0,0.0,1.0,2186.0,ESPN BET,1.435,2.95,-5.5,5.5,1.833,2.0,38.5,,
401671902,2024-08-10,2024-08-10T20:25Z,2024,pretemporada,2,False,CLE,GB,10.0,23.0,16.0,56.0,244.0,4.4,8.0,188.0,56.0,21.0,2.7,5.4,24.0,32.0,6.0,13.0,1.0,3.0,1.0,2.0,3.0,4.0,25.0,1.0,1.0,0.0,1827.0,18.0,63.0,375.0,6.0,9.0,220.0,155.0,34.0,4.6,7.6,17.0,28.0,8.0,14.0,1.0,2.0,1.0,4.0,1.0,3.0,11.0,0.0,0.0,0.0,1773.0,ESPN BET,1.476,2.75,-4.5,4.5,1.952,1.87,39.5,,
401671907,2024-08-10,2024-08-10T23:05Z,2024,pretemporada,2,False,LAC,SEA,3.0,16.0,9.0,53.0,198.0,3.7,12.0,121.0,77.0,18.0,4.3,3.5,14.0,32.0,2.0,13.0,0.0,2.0,0.0,1.0,3.0,3.0,20.0,1.0,0.0,1.0,1251.0,20.0,79.0,325.0,4.1,13.0,168.0,157.0,39.0,4.0,4.2,20.0,37.0,11.0,20.0,0.0,1.0,2.0,3.0,3.0,6.0,28.0,0.0,0.0,0.0,2349.0,ESPN BET,2.45,1.588,3.5,-3.5,1.8,2.05,34.5,,
401671910,2024-08-10,2024-08-10T23:00Z,2024,pretemporada,2,False,JAX,KC,26.0,13.0,18.0,56.0,348.0,6.2,10.0,246.0,102.0,25.0,4.1,7.9,19.0,29.0,3.0,11.0,1.0,2.0,1.0,2.0,2.0,3.0,29.0,0.0,0.0,0.0,1625.0,16.0,59.0,264.0,4.5,9.0,158.0,106.0,27.0,3.9,4.9,22.0,27.0,2.0,13.0,3.0,4.0,1.0,2.0,5.0,6.0,30.0,0.0,0.0,0.0,1975.0,ESPN BET,1.69,2.25,-1.5,1.5,1.87,1.952,39.5,,
401672005,2024-08-10,2024-08-10T20:00Z,2024,pretemporada,2,False,MIN,LV,24.0,23.0,18.0,63.0,452.0,7.2,12.0,310.0,142.0,22.0,6.5,7.6,22.0,41.0,5.0,15.0,1.0,2.0,0.0,2.0,0.0,4.0,30.0,1.0,0.0,1.0,1521.0,16.0,65.0,308.0,4.7,12.0,188.0,120.0,37.0,3.2,6.7,14.0,24.0,5.0,16.0,1.0,1.0,1.0,3.0,4.0,6.0,35.0,0.0,0.0,0.0,2079.0,ESPN BET,2.45,1.588,3.0,-3.0,1.909,1.909,39.5,,
401673171,2024-08-10,2024-08-10T16:00Z,2024,pretemporada,2,False,NYJ,WSH,20.0,17.0,13.0,53.0,292.0,5.5,10.0,174.0,118.0,29.0,4.1,7.3,15.0,23.0,7.0,14.0,0.0,0.0,2.0,3.0,1.0,6.0,34.0,0.0,0.0,0.0,1636.0,17.0,67.0,331.0,4.9,10.0,212.0,119.0,34.0,3.5,6.4,18.0,32.0,9.0,17.0,0.0,1.0,2.0,2.0,1.0,8.0,65.0,0.0,0.0,0.0,1964.0,ESPN BET,2.35,1.645,3.5,-3.5,1.8,2.05,33.5,,
401673472,2024-08-10,2024-08-10T23:00Z,2024,pretemporada,2,False,TEN,SF,17.0,13.0,19.0,68.0,336.0,4.9,9.0,198.0,138.0,38.0,3.6,6.6,19.0,29.0,9.0,17.0,0.0,2.0,2.0,4.0,1.0,3.0,15.0,1.0,1.0,0.0,2119.0,16.0,54.0,286.0,5.3,9.0,219.0,67.0,19.0,3.5,6.3,21.0,33.0,4.0,11.0,0.0,2.0,2.0,2.0,2.0,8.0,48.0,1.0,0.0,1.0,1481.0,ESPN BET,1.417,3.0,-5.5,5.5,1.909,1.909,38.5,,
401671913,2024-08-11,2024-08-11T20:30Z,2024,pretemporada,2,False,LAR,DAL,13.0,12.0,21.0,68.0,316.0,4.6,9.0,215.0,101.0,28.0,3.6,5.4,24.0,38.0,4.0,14.0,4.0,4.0,1.0,3.0,2.0,7.0,65.0,4.0,0.0,4.0,1737.0,19.0,70.0,309.0,4.4,10.0,216.0,93.0,23.0,4.0,4.6,27.0,44.0,6.0,16.0,2.0,5.0,0.0,3.0,3.0,5.0,50.0,0.0,0.0,0.0,1863.0,ESPN BET,3.0,1.417,5.5,-5.5,1.952,1.87,34.5,,
401671920,2024-08-11,2024-08-11T17:00Z,2024,pretemporada,2,False,IND,DEN,30.0,34.0,17.0,51.0,283.0,5.5,11.0,219.0,64.0,23.0,2.8,7.8,17.0,26.0,4.0,10.0,1.0,1.0,3.0,5.0,2.0,7.0,79.0,2.0,1.0,1.0,1318.0,32.0,79.0,410.0,5.2,12.0,279.0,131.0,38.0,3.4,6.8,29.0,41.0,7.0,13.0,2.0,2.0,4.0,6.0,0.0,6.0,60.0,3.0,2.0,1.0,2282.0,ESPN BET,1.769,2.1,-1.5,1.5,1.909,1.909,39.5,,
401673456,2024-08-11,2024-08-11T00:00Z,2024,pretemporada,2,False,ARI,NO,14.0,16.0,17.0,68.0,328.0,4.8,11.0,183.0,145.0,31.0,4.7,4.9,19.0,33.0,6.0,14.0,0.0,3.0,2.0,3.0,4.0,7.0,84.0,0.0,0.0,0.0,1870.0,17.0,66.0,286.0,4.3,11.0,185.0,101.0,29.0,3.5,5.0,20.0,36.0,5.0,15.0,2.0,2.0,1.0,4.0,1.0,9.0,63.0,0.0,0.0,0.0,1730.0,ESPN BET,2.35,1.645,2.5,-2.5,2.05,1.8,38.5,,
401671919,2024-08-15,2024-08-15T23:00Z,2024,pretemporada,3,False,NE,PHI,13.0,14.0,11.0,55.0,159.0,2.9,11.0,90.0,69.0,23.0,3.0,2.8,14.0,29.0,6.0,15.0,0.0,0.0,1.0,2.0,3.0,1.0,5.0,2.0,1.0,1.0,1524.0,16.0,67.0,283.0,4.2,12.0,210.0,73.0,25.0,2.9,5.0,29.0,37.0,5.0,16.0,0.0,3.0,1.0,2.0,5.0,4.0,40.0,0.0,0.0,0.0,2076.0,ESPN BET,1.588,2.45,-2.5,2.5,1.714,2.2,32.5,,
401671898,2024-08-17,2024-08-17T16:00Z,2024,pretemporada,3,False,BAL,ATL,13.0,12.0,15.0,57.0,301.0,5.3,10.0,230.0,71.0,30.0,2.4,8.5,21.0,25.0,7.0,15.0,1.0,1.0,1.0,1.0,2.0,3.0,15.0,1.0,1.0,0.0,1905.0,20.0,64.0,343.0,5.4,9.0,192.0,151.0,31.0,4.9,5.8,17.0,33.0,4.0,13.0,1.0,1.0,1.0,2.0,0.0,3.0,15.0,0.0,0.0,0.0,1695.0,ESPN BET,1.667,2.3,-2.5,2.5,1.87,1.952,34.5,,
401671901,2024-08-17,2024-08-17T17:00Z,2024,pretemporada,3,False,CHI,CIN,27.0,3.0,15.0,50.0,299.0,6.0,10.0,209.0,90.0,24.0,3.8,8.0,16.0,25.0,2.0,10.0,1.0,1.0,2.0,4.0,1.0,4.0,38.0,0.0,0.0,0.0,1589.0,15.0,60.0,226.0,3.8,10.0,144.0,82.0,25.0,3.3,4.1,21.0,33.0,7.0,15.0,1.0,1.0,0.0,0.0,2.0,11.0,123.0,3.0,1.0,2.0,2011.0,ESPN BET,1.333,3.5,-6.5,6.5,1.8,2.05,36.5,,
401671903,2024-08-17,2024-08-17T20:25Z,2024,pretemporada,3,False,CLE,MIN,12.0,27.0,17.0,63.0,288.0,4.6,11.0,232.0,56.0,23.0,2.4,5.8,27.0,37.0,5.0,14.0,2.0,2.0,1.0,3.0,3.0,4.0,40.0,3.0,0.0,3.0,2010.0,16.0,58.0,303.0,5.2,12.0,190.0,113.0,27.0,4.2,6.1,15.0,26.0,6.0,13.0,0.0,0.0,2.0,3.0,5.0,6.0,53.0,0.0,0.0,0.0,1590.0,ESPN BET,1.645,2.35,-2.5,2.5,1.87,1.952,33.5,,
401671906,2024-08-17,2024-08-17T23:00Z,2024,pretemporada,3,False,PIT,BUF,3.0,9.0,13.0,58.0,219.0,3.8,10.0,113.0,106.0,27.0,3.9,3.6,19.0,27.0,4.0,13.0,0.0,3.0,0.0,2.0,4.0,6.0,50.0,0.0,0.0,0.0,1832.0,14.0,55.0,245.0,4.5,11.0,78.0,167.0,34.0,4.9,3.7,12.0,18.0,2.0,10.0,0.0,0.0,0.0,3.0,3.0,8.0,50.0,1.0,0.0,1.0,1768.0,ESPN BET,1.645,2.35,-2.5,2.5,1.833,2.0,37.5,,
401671908,2024-08-17,2024-08-17T23:05Z,2024,pretemporada,3,False,LAC,LAR,9.0,13.0,15.0,62.0,259.0,4.2,11.0,160.0,99.0,27.0,3.7,4.6,21.0,33.0,6.0,15.0,0.0,1.0,0.0,3.0,2.0,7.0,66.0,3.0,2.0,1.0,1928.0,16.0,62.0,338.0,5.5,11.0,213.0,125.0,30.0,4.2,6.7,17.0,31.0,7.0,15.0,0.0,2.0,0.0,1.0,1.0,5.0,30.0,2.0,1.0,1.0,1672.0,ESPN BET,1.541,2.55,-3.5,3.5,2.0,1.833,32.5,,
401671911,2024-08-17,2024-08-17T20:00Z,2024,pretemporada,3,False,KC,DET,23.0,24.0,13.0,56.0,276.0,4.9,13.0,202.0,74.0,18.0,4.1,5.3,21.0,35.0,4.0,14.0,0.0,0.0,0.0,2.0,3.0,7.0,55.0,1.0,1.0,0.0,1680.0,24.0,74.0,459.0,6.2,13.0,342.0,117.0,31.0,3.8,8.0,26.0,42.0,7.0,16.0,0.0,0.0,1.0,5.0,1.0,6.0,40.0,3.0,2.0,1.0,1920.0,ESPN BET,1.222,4.6,-9.5,9.5,1.87,1.952,37.5,,
401671916,2024-08-17,2024-08-17T23:00Z,2024,pretemporada,3,False,MIA,WSH,13.0,6.0,12.0,62.0,288.0,4.6,13.0,202.0,86.0,18.0,4.8,4.6,24.0,40.0,4.0,15.0,2.0,2.0,1.0,3.0,4.0,6.0,55.0,2.0,2.0,0.0,1706.0,17.0,74.0,340.0,4.6,13.0,229.0,111.0,22.0,5.0,4.4,32.0,48.0,5.0,18.0,1.0,2.0,0.0,2.0,4.0,7.0,64.0,2.0,1.0,1.0,1894.0,ESPN BET,1.476,2.75,-4.5,4.5,1.87,1.952,36.5,,
401671924,2024-08-17,2024-08-17T17:00Z,2024,pretemporada,3,False,HOU,NYG,28.0,10.0,25.0,70.0,369.0,5.3,11.0,255.0,114.0,32.0,3.6,6.7,24.0,38.0,7.0,13.0,0.0,1.0,3.0,4.0,0.0,9.0,65.0,0.0,0.0,0.0,2070.0,16.0,60.0,279.0,4.6,11.0,205.0,74.0,22.0,3.4,5.4,21.0,37.0,6.0,12.0,0.0,0.0,1.0,2.0,1.0,6.0,45.0,5.0,3.0,2.0,1530.0,ESPN BET,1.769,2.1,-2.5,2.5,2.0,1.833,39.5,,
401671925,2024-08-17,2024-08-17T23:30Z,2024,pretemporada,3,False,JAX,TB,20.0,7.0,21.0,73.0,339.0,4.6,10.0,199.0,140.0,38.0,3.7,5.7,21.0,30.0,9.0,17.0,2.0,2.0,1.0,2.0,5.0,9.0,77.0,1.0,1.0,0.0,2295.0,15.0,52.0,207.0,4.0,10.0,131.0,76.0,16.0,4.8,3.6,19.0,33.0,2.0,11.0,0.0,0.0,1.0,2.0,3.0,5.0,43.0,0.0,0.0,0.0,1305.0,ESPN BET,1.513,2.65,-3.5,3.5,1.909,1.909,37.5,,
401671936,2024-08-17,2024-08-17T23:00Z,2024,pretemporada,3,False,IND,ARI,21.0,13.0,24.0,68.0,356.0,5.2,10.0,190.0,166.0,37.0,4.5,6.1,19.0,27.0,7.0,12.0,1.0,1.0,3.0,4.0,4.0,3.0,28.0,2.0,1.0,1.0,2040.0,13.0,49.0,232.0,4.7,10.0,132.0,100.0,26.0,3.8,5.7,14.0,20.0,4.0,12.0,0.0,0.0,1.0,3.0,3.0,11.0,82.0,0.0,0.0,0.0,1560.0,ESPN BET,2.15,1.741,2.5,-2.5,2.0,1.833,35.5,,
401673562,2024-08-17,2024-08-17T23:00Z,2024,pretemporada,3,False,TEN,SEA,16.0,15.0,23.0,69.0,338.0,4.9,9.0,222.0,116.0,33.0,3.5,6.2,22.0,33.0,5.0,15.0,1.0,1.0,1.0,2.0,3.0,10.0,90.0,1.0,0.0,1.0,2269.0,12.0,43.0,239.0,5.6,9.0,175.0,64.0,18.0,3.6,7.0,15.0,22.0,2.0,9.0,0.0,0.0,0.0,1.0,3.0,7.0,38.0,0.0,0.0,0.0,1331.0,ESPN BET,2.05,1.8,1.5,-1.5,1.952,1.87,35.5,,
401676591,2024-08-17,2024-08-17T23:00Z,2024,pretemporada,3,False,CAR,NYJ,12.0,15.0,12.0,47.0,156.0,3.3,10.0,56.0,100.0,26.0,3.8,2.7,13.0,20.0,3.0,11.0,0.0,0.0,1.0,3.0,1.0,10.0,84.0,0.0,0.0,0.0,1682.0,14.0,57.0,202.0,3.5,9.0,85.0,117.0,28.0,4.2,2.9,14.0,28.0,4.0,14.0,1.0,2.0,0.0,2.0,1.0,7.0,70.0,1.0,0.0,1.0,1918.0,ESPN BET,1.714,2.2,-2.5,2.5,1.909,1.909,31.5,,
401672897,2024-08-18,2024-08-18T02:00Z,2024,pretemporada,3,False,LV,DAL,12.0,27.0,17.0,71.0,315.0,4.4,11.0,247.0,68.0,17.0,4.0,4.6,32.0,54.0,7.0,17.0,1.0,4.0,1.0,4.0,0.0,8.0,75.0,1.0,0.0,1.0,1955.0,18.0,57.0,294.0,5.2,10.0,157.0,137.0,31.0,4.4,6.0,16.0,26.0,2.0,9.0,1.0,1.0,2.0,2.0,0.0,9.0,83.0,1.0,1.0,0.0,1645.0,ESPN BET,1.345,3.4,-7.5,7.5,2.0,1.833,40.5,,
401671611,2024-08-19,2024-08-19T00:00Z,2024,pretemporada,3,False,SF,NO,16.0,10.0,20.0,66.0,315.0,4.8,10.0,222.0,93.0,21.0,4.4,4.9,25.0,43.0,5.0,15.0,1.0,1.0,1.0,3.0,2.0,7.0,48.0,0.0,0.0,0.0,1831.0,19.0,66.0,271.0,4.1,10.0,137.0,134.0,34.0,3.9,4.3,18.0,30.0,1.0,11.0,3.0,4.0,1.0,1.0,2.0,5.0,39.0,1.0,1.0,0.0,1769.0,ESPN BET,2.0,1.833,1.5,-1.5,1.909,1.909,37.5,,
401671921,2024-08-19,2024-08-19T00:00Z,2024,pretemporada,3,False,DEN,GB,27.0,2.0,16.0,56.0,263.0,4.7,11.0,154.0,109.0,27.0,4.0,5.3,17.0,26.0,7.0,13.0,0.0,0.0,3.0,4.0,3.0,13.0,120.0,1.0,0.0,1.0,1816.0,10.0,54.0,168.0,3.1,12.0,80.0,88.0,26.0,3.4,2.9,16.0,26.0,3.0,13.0,0.0,3.0,0.0,0.0,2.0,4.0,40.0,2.0,1.0,1.0,1784.0,ESPN BET,1.357,3.3,-6.5,6.5,1.87,1.952,38.5,,
401671612,2024-08-23,2024-08-23T00:00Z,2024,pretemporada,4,False,CIN,IND,14.0,27.0,11.0,43.0,158.0,3.7,10.0,80.0,78.0,20.0,3.9,3.5,16.0,21.0,3.0,10.0,0.0,0.0,1.0,1.0,2.0,1.0,5.0,1.0,1.0,0.0,1443.0,25.0,75.0,392.0,5.2,10.0,209.0,183.0,37.0,4.9,5.5,25.0,37.0,10.0,16.0,0.0,1.0,2.0,3.0,1.0,3.0,40.0,1.0,0.0,1.0,2157.0,ESPN BET,3.4,1.345,6.5,-6.5,2.0,1.833,33.5,,
401671912,2024-08-23,2024-08-23T00:20Z,2024,pretemporada,4,False,KC,CHI,21.0,34.0,15.0,53.0,271.0,5.1,13.0,136.0,135.0,27.0,5.0,5.2,15.0,25.0,1.0,8.0,0.0,2.0,3.0,5.0,1.0,8.0,86.0,2.0,0.0,2.0,1625.0,18.0,62.0,390.0,6.3,11.0,226.0,164.0,33.0,5.0,7.8,20.0,29.0,5.0,13.0,1.0,2.0,2.0,4.0,0.0,6.0,38.0,2.0,2.0,0.0,1975.0,ESPN BET,2.2,1.714,2.5,-2.5,1.909,1.909,32.5,,
401671917,2024-08-23,2024-08-23T23:30Z,2024,pretemporada,4,False,TB,MIA,24.0,14.0,15.0,53.0,290.0,5.5,11.0,195.0,95.0,26.0,3.7,7.2,20.0,27.0,1.0,10.0,3.0,3.0,3.0,3.0,0.0,5.0,35.0,0.0,0.0,0.0,1581.0,15.0,59.0,320.0,5.4,10.0,218.0,102.0,22.0,4.6,5.9,24.0,36.0,3.0,12.0,1.0,4.0,2.0,2.0,1.0,8.0,60.0,1.0,0.0,1.0,2019.0,ESPN BET,1.606,2.4,-3.5,3.5,2.0,1.833,37.5,,
401671922,2024-08-23,2024-08-23T23:00Z,2024,pretemporada,4,False,ATL,JAX,0.0,31.0,8.0,44.0,158.0,3.6,9.0,81.0,77.0,23.0,3.3,3.9,9.0,20.0,1.0,10.0,1.0,4.0,0.0,0.0,1.0,4.0,33.0,0.0,0.0,0.0,1267.0,30.0,75.0,412.0,5.5,9.0,204.0,208.0,44.0,4.7,6.6,23.0,30.0,8.0,14.0,1.0,1.0,4.0,4.0,1.0,5.0,37.0,0.0,0.0,0.0,2333.0,ESPN BET,3.9,1.278,8.5,-8.5,1.833,2.0,35.5,,
401671896,2024-08-24,2024-08-24T17:00Z,2024,pretemporada,4,False,BUF,CAR,26.0,31.0,21.0,57.0,320.0,5.6,8.0,156.0,164.0,27.0,6.1,5.2,22.0,27.0,7.0,12.0,0.0,0.0,3.0,4.0,3.0,3.0,20.0,0.0,0.0,0.0,1840.0,22.0,65.0,414.0,6.4,9.0,340.0,74.0,26.0,2.8,8.7,27.0,37.0,8.0,13.0,2.0,4.0,3.0,3.0,2.0,5.0,21.0,0.0,0.0,0.0,1760.0,ESPN BET,3.0,1.417,5.5,-5.5,1.909,1.909,30.5,,
401671899,2024-08-24,2024-08-24T17:00Z,2024,pretemporada,4,False,GB,BAL,30.0,7.0,20.0,65.0,326.0,5.0,10.0,133.0,193.0,39.0,4.9,5.1,14.0,26.0,6.0,14.0,1.0,1.0,2.0,5.0,0.0,5.0,45.0,1.0,0.0,1.0,2042.0,9.0,51.0,177.0,3.5,12.0,79.0,98.0,29.0,3.4,3.6,12.0,21.0,2.0,10.0,1.0,2.0,0.0,0.0,1.0,6.0,45.0,4.0,2.0,2.0,1558.0,ESPN BET,1.606,2.4,-2.5,2.5,1.87,1.952,32.5,,
401671909,2024-08-24,2024-08-24T20:00Z,2024,pretemporada,4,False,DAL,LAC,19.0,26.0,31.0,93.0,558.0,6.0,13.0,312.0,246.0,41.0,6.0,6.0,33.0,49.0,8.0,17.0,2.0,2.0,1.0,4.0,3.0,8.0,55.0,6.0,1.0,5.0,2457.0,11.0,49.0,308.0,6.3,11.0,170.0,138.0,18.0,7.7,5.5,12.0,29.0,5.0,13.0,0.0,0.0,0.0,1.0,2.0,5.0,33.0,1.0,0.0,1.0,1143.0,ESPN BET,1.465,2.8,-4.5,4.5,1.87,1.952,33.5,,
401671914,2024-08-24,2024-08-24T17:00Z,2024,pretemporada,4,False,HOU,LAR,17.0,15.0,18.0,63.0,329.0,5.2,10.0,174.0,155.0,27.0,5.7,4.8,23.0,36.0,3.0,13.0,2.0,3.0,2.0,3.0,0.0,9.0,85.0,1.0,1.0,0.0,1882.0,13.0,50.0,193.0,3.9,11.0,72.0,121.0,34.0,3.6,4.5,9.0,16.0,4.0,12.0,0.0,0.0,2.0,3.0,0.0,6.0,64.0,0.0,0.0,0.0,1718.0,ESPN BET,1.465,2.8,-4.5,4.5,1.909,1.909,33.5,,
401672006,2024-08-24,2024-08-24T17:00Z,2024,pretemporada,4,False,PHI,MIN,3.0,26.0,15.0,60.0,253.0,4.2,11.0,181.0,72.0,22.0,3.3,4.8,23.0,36.0,4.0,12.0,0.0,6.0,0.0,3.0,2.0,7.0,46.0,3.0,2.0,1.0,1445.0,19.0,68.0,293.0,4.3,11.0,174.0,119.0,33.0,3.6,5.0,21.0,31.0,9.0,18.0,0.0,0.0,2.0,5.0,4.0,8.0,67.0,0.0,0.0,0.0,2155.0,ESPN BET,1.645,2.35,-3.0,3.0,1.952,1.87,34.5,,
401672898,2024-08-24,2024-08-24T02:00Z,2024,pretemporada,4,False,LV,SF,24.0,24.0,19.0,56.0,332.0,5.9,11.0,272.0,60.0,15.0,4.0,6.6,21.0,40.0,2.0,10.0,0.0,1.0,1.0,2.0,1.0,6.0,50.0,2.0,1.0,1.0,1285.0,25.0,74.0,399.0,5.4,13.0,268.0,131.0,38.0,3.4,7.4,24.0,33.0,5.0,14.0,1.0,2.0,3.0,5.0,3.0,6.0,30.0,2.0,1.0,1.0,2315.0,ESPN BET,4.0,1.263,9.5,-9.5,2.0,1.833,33.5,,
401673172,2024-08-24,2024-08-24T23:30Z,2024,pretemporada,4,False,NYJ,NYG,10.0,6.0,16.0,66.0,288.0,4.4,12.0,153.0,135.0,32.0,4.2,4.5,17.0,31.0,8.0,17.0,0.0,1.0,0.0,2.0,3.0,5.0,35.0,0.0,0.0,0.0,1863.0,17.0,63.0,199.0,3.2,11.0,56.0,143.0,28.0,5.1,1.6,14.0,27.0,3.0,14.0,1.0,3.0,0.0,2.0,8.0,3.0,25.0,1.0,1.0,0.0,1737.0,ESPN BET,2.45,1.588,3.5,-3.5,1.8,2.05,31.5,,
401673458,2024-08-24,2024-08-24T17:00Z,2024,pretemporada,4,False,DET,PIT,24.0,17.0,28.0,74.0,361.0,4.9,11.0,174.0,187.0,41.0,4.6,5.3,18.0,28.0,6.0,12.0,0.0,0.0,3.0,4.0,5.0,10.0,45.0,2.0,1.0,1.0,2131.0,11.0,42.0,219.0,5.2,11.0,141.0,78.0,24.0,3.3,7.8,11.0,15.0,3.0,10.0,0.0,0.0,1.0,2.0,3.0,7.0,54.0,1.0,1.0,0.0,1469.0,ESPN BET,3.6,1.313,7.0,-7.0,1.87,1.952,35.5,,
401671613,2024-08-25,2024-08-25T20:30Z,2024,pretemporada,4,False,DEN,ARI,38.0,12.0,23.0,62.0,377.0,6.1,9.0,258.0,119.0,29.0,4.1,7.8,18.0,29.0,3.0,10.0,2.0,2.0,3.0,4.0,4.0,8.0,75.0,0.0,0.0,0.0,1852.0,23.0,66.0,332.0,5.0,11.0,210.0,122.0,29.0,4.2,5.7,22.0,34.0,5.0,12.0,0.0,0.0,1.0,4.0,3.0,6.0,42.0,2.0,1.0,1.0,1748.0,ESPN BET,1.667,2.3,-3.5,3.5,2.05,1.8,34.5,,
401671904,2024-08-25,2024-08-25T02:00Z,2024,pretemporada,4,False,SEA,CLE,37.0,33.0,16.0,45.0,278.0,6.2,11.0,151.0,127.0,19.0,6.7,5.8,17.0,24.0,0.0,7.0,0.0,1.0,1.0,1.0,2.0,9.0,85.0,0.0,0.0,0.0,1469.0,24.0,76.0,395.0,5.2,12.0,292.0,103.0,21.0,4.9,5.3,34.0,51.0,5.0,16.0,2.0,4.0,3.0,5.0,4.0,8.0,98.0,0.0,0.0,0.0,2131.0,ESPN BET,1.526,2.6,-4.5,4.5,1.909,1.909,35.5,,
401673561,2024-08-25,2024-08-25T18:00Z,2024,pretemporada,4,False,NO,TEN,27.0,30.0,22.0,55.0,300.0,5.5,10.0,176.0,124.0,24.0,5.2,5.7,15.0,30.0,3.0,10.0,0.0,1.0,3.0,4.0,1.0,6.0,42.0,0.0,0.0,0.0,1449.0,26.0,68.0,445.0,6.5,10.0,274.0,171.0,39.0,4.4,9.4,21.0,27.0,5.0,12.0,2.0,2.0,2.0,4.0,2.0,8.0,67.0,1.0,1.0,0.0,2151.0,ESPN BET,3.0,1.417,5.5,-5.5,1.909,1.909,37.5,,
401671614,2024-08-26,2024-08-26T00:00Z,2024,pretemporada,4,False,WSH,NE,20.0,10.0,22.0,68.0,311.0,4.6,10.0,197.0,114.0,28.0,4.1,4.9,24.0,39.0,7.0,15.0,1.0,1.0,2.0,4.0,1.0,9.0,53.0,1.0,0.0,1.0,1768.0,20.0,70.0,355.0,5.1,11.0,216.0,139.0,27.0,5.1,5.0,20.0,42.0,8.0,17.0,0.0,1.0,1.0,2.0,1.0,10.0,157.0,0.0,0.0,0.0,1832.0,ESPN BET,3.7,1.294,6.5,-6.5,1.952,1.87,36.5,,
401671789,2024-09-06,2024-09-06T00:40Z,2024,regular,1,False,KC,BAL,27.0,20.0,21.0,50.0,353.0,7.1,10.0,281.0,72.0,20.0,3.6,9.4,20.0,28.0,4.0,9.0,0.0,0.0,1.0,3.0,2.0,6.0,45.0,1.0,0.0,1.0,1577.0,25.0,74.0,452.0,6.1,10.0,267.0,185.0,32.0,5.8,6.4,26.0,41.0,7.0,14.0,1.0,2.0,1.0,4.0,1.0,7.0,64.0,1.0,1.0,0.0,2023.0,ESPN BET,1.714,2.2,-2.5,2.5,1.833,2.0,45.5,,
401671805,2024-09-07,2024-09-07T00:15Z,2024,regular,1,True,PHI,GB,34.0,29.0,25.0,74.0,410.0,5.5,11.0,266.0,144.0,38.0,3.8,7.4,20.0,34.0,4.0,14.0,1.0,1.0,3.0,6.0,2.0,7.0,57.0,3.0,1.0,2.0,1967.0,19.0,58.0,414.0,7.1,11.0,251.0,163.0,21.0,7.8,6.8,17.0,35.0,3.0,11.0,1.0,1.0,1.0,4.0,2.0,10.0,71.0,1.0,0.0,1.0,1633.0,ESPN BET,1.833,2.0,-1.5,1.5,1.952,1.87,49.5,,
401671617,2024-09-08,2024-09-08T17:00Z,2024,regular,1,False,BUF,ARI,34.0,28.0,23.0,58.0,352.0,6.1,10.0,222.0,130.0,33.0,3.9,8.9,18.0,23.0,3.0,9.0,2.0,2.0,4.0,6.0,2.0,9.0,65.0,1.0,1.0,0.0,1830.0,18.0,60.0,270.0,4.5,10.0,146.0,124.0,25.0,5.0,4.2,21.0,31.0,7.0,13.0,0.0,1.0,2.0,4.0,4.0,5.0,31.0,1.0,1.0,0.0,1770.0,ESPN BET,1.313,3.6,-6.5,6.5,1.833,2.0,45.5,,
401671628,2024-09-08,2024-09-08T17:00Z,2024,regular,1,False,CIN,NE,10.0,16.0,13.0,48.0,224.0,4.7,8.0,154.0,70.0,16.0,4.4,4.8,21.0,29.0,4.0,11.0,0.0,1.0,1.0,2.0,3.0,2.0,10.0,2.0,2.0,0.0,1557.0,17.0,64.0,290.0,4.5,10.0,120.0,170.0,39.0,4.4,4.8,15.0,24.0,6.0,15.0,0.0,0.0,1.0,4.0,1.0,5.0,40.0,0.0,0.0,0.0,2043.0,ESPN BET,1.278,3.9,-7.5,7.5,1.87,1.952,40.5,,
401671659,2024-09-08,2024-09-08T20:05Z,2024,regular,1,False,LAC,LV,22.0,10.0,11.0,54.0,316.0,5.9,13.0,140.0,176.0,27.0,6.5,5.2,17.0,26.0,4.0,15.0,0.0,0.0,2.0,4.0,1.0,7.0,50.0,0.0,0.0,0.0,1696.0,14.0,59.0,296.0,5.0,13.0,225.0,71.0,22.0,3.2,6.1,25.0,33.0,5.0,14.0,0.0,1.0,0.0,1.0,4.0,2.0,15.0,3.0,2.0,1.0,1904.0,ESPN BET,1.645,2.35,-3.0,3.0,1.952,1.87,40.5,,
401671664,2024-09-08,2024-09-08T20:05Z,2024,regular,1,False,SEA,DEN,26.0,20.0,19.0,60.0,304.0,5.1,15.0,158.0,146.0,33.0,4.4,5.9,18.0,25.0,4.0,12.0,0.0,0.0,0.0,1.0,2.0,6.0,41.0,2.0,1.0,1.0,1726.0,13.0,69.0,231.0,3.3,15.0,132.0,99.0,25.0,4.0,3.0,26.0,42.0,5.0,18.0,1.0,1.0,1.0,4.0,2.0,8.0,60.0,3.0,1.0,2.0,1874.0,ESPN BET,1.345,3.4,-6.5,6.5,1.909,1.909,42.5,,
401671712,2024-09-08,2024-09-08T17:00Z,2024,regular,1,False,NYG,MIN,6.0,28.0,14.0,68.0,240.0,3.5,11.0,166.0,74.0,21.0,3.5,3.5,22.0,42.0,7.0,18.0,1.0,3.0,0.0,3.0,5.0,9.0,95.0,2.0,0.0,2.0,1946.0,17.0,51.0,312.0,6.1,10.0,201.0,111.0,26.0,4.3,8.0,19.0,24.0,3.0,10.0,1.0,1.0,2.0,2.0,1.0,7.0,63.0,2.0,1.0,1.0,1654.0,ESPN BET,1.952,1.87,-2.5,2.5,2.15,1.69,41.5,,
401671719,2024-09-08,2024-09-08T17:00Z,2024,regular,1,False,CHI,TEN,24.0,17.0,11.0,53.0,148.0,2.8,10.0,64.0,84.0,22.0,3.8,2.1,14.0,29.0,2.0,13.0,2.0,2.0,0.0,1.0,2.0,7.0,55.0,1.0,1.0,0.0,1506.0,16.0,61.0,244.0,4.0,13.0,104.0,140.0,26.0,5.4,3.0,19.0,32.0,3.0,14.0,1.0,2.0,1.0,2.0,3.0,8.0,50.0,3.0,1.0,2.0,2094.0,ESPN BET,1.476,2.75,-4.5,4.5,1.952,1.87,42.5,,
401671734,2024-09-08,2024-09-08T17:00Z,2024,regular,1,False,NO,CAR,47.0,10.0,22.0,62.0,379.0,6.1,11.0,199.0,180.0,37.0,4.9,8.0,19.0,24.0,7.0,13.0,0.0,0.0,4.0,4.0,1.0,10.0,95.0,1.0,1.0,0.0,2199.0,11.0,55.0,193.0,3.5,13.0,135.0,58.0,20.0,2.9,3.9,13.0,31.0,1.0,10.0,1.0,3.0,1.0,2.0,4.0,6.0,80.0,3.0,1.0,2.0,1401.0,ESPN BET,1.541,2.55,-3.5,3.5,1.909,1.909,41.5,,
401671744,2024-09-08,2024-09-08T17:00Z,2024,regular,1,False,ATL,PIT,10.0,18.0,15.0,50.0,226.0,4.5,10.0,137.0,89.0,22.0,4.0,4.9,16.0,26.0,2.0,9.0,1.0,1.0,1.0,2.0,2.0,5.0,34.0,3.0,1.0,2.0,1464.0,16.0,66.0,270.0,4.1,10.0,133.0,137.0,41.0,3.3,5.3,17.0,23.0,8.0,17.0,0.0,1.0,0.0,2.0,2.0,9.0,60.0,0.0,0.0,0.0,2136.0,ESPN BET,1.5,2.7,-4.5,4.5,2.0,1.833,43.5,,
401671761,2024-09-08,2024-09-08T20:25Z,2024,regular,1,False,CLE,DAL,17.0,33.0,15.0,70.0,230.0,3.3,14.0,137.0,93.0,19.0,4.9,2.7,24.0,45.0,2.0,15.0,3.0,5.0,2.0,2.0,6.0,11.0,64.0,2.0,0.0,2.0,1854.0,15.0,60.0,265.0,4.4,14.0,163.0,102.0,25.0,4.1,4.7,19.0,32.0,4.0,14.0,0.0,0.0,1.0,1.0,3.0,11.0,85.0,0.0,0.0,0.0,1746.0,ESPN BET,1.769,2.1,-2.0,2.0,1.909,1.909,42.5,,
401671770,2024-09-08,2024-09-08T20:25Z,2024,regular,1,False,TB,WSH,37.0,20.0,22.0,61.0,392.0,6.4,9.0,280.0,112.0,30.0,3.7,9.0,24.0,30.0,9.0,13.0,0.0,0.0,3.0,5.0,1.0,7.0,46.0,0.0,0.0,0.0,2021.0,22.0,56.0,299.0,5.3,9.0,161.0,138.0,30.0,4.6,6.2,17.0,24.0,2.0,8.0,1.0,1.0,3.0,3.0,2.0,7.0,51.0,0.0,0.0,0.0,1579.0,ESPN BET,1.5,2.7,-3.5,3.5,1.87,1.952,41.5,,
401671849,2024-09-08,2024-09-08T17:00Z,2024,regular,1,False,MIA,JAX,20.0,17.0,18.0,65.0,400.0,6.2,11.0,319.0,81.0,25.0,3.2,8.0,23.0,37.0,8.0,16.0,0.0,2.0,1.0,2.0,3.0,9.0,103.0,0.0,0.0,0.0,1990.0,17.0,50.0,267.0,5.3,11.0,139.0,128.0,26.0,4.9,5.8,12.0,21.0,2.0,10.0,0.0,1.0,2.0,3.0,3.0,8.0,71.0,1.0,1.0,0.0,1610.0,ESPN BET,1.526,2.6,-3.5,3.5,2.0,1.833,49.5,,
401671861,2024-09-08,2024-09-08T17:00Z,2024,regular,1,False,IND,HOU,27.0,29.0,14.0,43.0,303.0,7.0,9.0,199.0,104.0,22.0,4.7,9.5,9.0,19.0,5.0,10.0,1.0,2.0,2.0,3.0,2.0,4.0,20.0,1.0,0.0,1.0,1200.0,26.0,76.0,417.0,5.5,10.0,204.0,213.0,40.0,5.3,5.7,24.0,32.0,7.0,14.0,2.0,2.0,3.0,3.0,4.0,5.0,30.0,0.0,0.0,0.0,2400.0,ESPN BET,2.5,1.571,3.5,-3.5,1.769,2.05,48.5,,
401671792,2024-09-09,2024-09-09T00:20Z,2024,regular,1,False,DET,LAR,26.0,20.0,21.0,61.0,363.0,6.0,11.0,200.0,163.0,31.0,5.3,6.7,18.0,28.0,6.0,13.0,1.0,1.0,2.0,4.0,2.0,6.0,56.0,1.0,0.0,1.0,1785.0,26.0,74.0,387.0,5.2,10.0,304.0,83.0,23.0,3.6,6.0,34.0,49.0,5.0,12.0,1.0,2.0,2.0,5.0,2.0,6.0,50.0,1.0,0.0,1.0,2096.0,ESPN BET,1.4,3.1,-5.5,5.5,1.87,1.952,53.5,,
401671696,2024-09-10,2024-09-10T00:15Z,2024,regular,1,False,SF,NYJ,32.0,19.0,24.0,70.0,401.0,5.7,10.0,221.0,180.0,38.0,4.7,6.9,19.0,29.0,6.0,13.0,0.0,0.0,2.0,5.0,3.0,4.0,40.0,0.0,0.0,0.0,2320.0,14.0,49.0,266.0,5.4,10.0,198.0,68.0,19.0,3.6,6.6,19.0,29.0,6.0,10.0,0.0,1.0,2.0,2.0,1.0,3.0,10.0,2.0,1.0,1.0,1280.0,ESPN BET,1.526,2.6,-3.5,3.5,1.909,1.909,43.5,,
401671807,2024-09-13,2024-09-13T00:15Z,2024,regular,2,False,MIA,BUF,10.0,31.0,20.0,75.0,351.0,4.7,10.0,212.0,139.0,34.0,4.1,5.2,25.0,39.0,7.0,15.0,1.0,5.0,1.0,4.0,2.0,7.0,50.0,3.0,0.0,3.0,2179.0,13.0,45.0,247.0,5.5,10.0,139.0,108.0,26.0,4.2,7.3,13.0,19.0,3.0,9.0,1.0,1.0,2.0,2.0,0.0,1.0,5.0,0.0,0.0,0.0,1421.0,ESPN BET,1.69,2.25,-2.5,2.5,1.833,2.0,49.5,,
401671624,2024-09-15,2024-09-15T17:00Z,2024,regular,2,False,BAL,LV,23.0,26.0,21.0,63.0,383.0,6.1,12.0,232.0,151.0,27.0,5.6,6.4,21.0,34.0,3.0,11.0,1.0,1.0,2.0,3.0,2.0,11.0,109.0,1.0,0.0,1.0,1757.0,18.0,60.0,260.0,4.3,12.0,233.0,27.0,17.0,1.6,5.4,30.0,38.0,4.0,12.0,0.0,1.0,2.0,3.0,5.0,3.0,15.0,1.0,0.0,1.0,1843.0,ESPN BET,1.25,4.2,-8.5,8.5,1.909,1.909,42.5,,
401671635,2024-09-15,2024-09-15T17:00Z,2024,regular,2,False,JAX,CLE,13.0,18.0,18.0,55.0,323.0,5.9,10.0,196.0,127.0,21.0,6.0,5.8,14.0,30.0,3.0,9.0,0.0,0.0,1.0,4.0,4.0,6.0,52.0,0.0,0.0,0.0,1537.0,17.0,65.0,297.0,4.6,9.0,172.0,125.0,29.0,4.3,4.8,22.0,34.0,2.0,14.0,3.0,3.0,1.0,1.0,2.0,13.0,100.0,0.0,0.0,0.0,2063.0,ESPN BET,1.571,2.5,-3.5,3.5,1.952,1.87,41.5,,
401671636,2024-09-15,2024-09-15T17:00Z,2024,regular,2,False,TEN,NYJ,17.0,24.0,20.0,60.0,300.0,5.0,11.0,170.0,130.0,28.0,4.6,5.3,19.0,28.0,5.0,12.0,0.0,1.0,1.0,4.0,4.0,5.0,45.0,2.0,1.0,1.0,1797.0,16.0,56.0,265.0,4.7,11.0,164.0,101.0,24.0,4.2,5.1,18.0,30.0,5.0,12.0,0.0,0.0,1.0,2.0,2.0,7.0,70.0,0.0,0.0,0.0,1803.0,ESPN BET,2.55,1.541,3.5,-3.5,1.952,1.87,42.5,,
401671645,2024-09-15,2024-09-15T17:00Z,2024,regular,2,False,MIN,SF,23.0,17.0,17.0,54.0,403.0,7.5,11.0,257.0,146.0,24.0,6.1,8.6,17.0,26.0,7.0,12.0,0.0,0.0,1.0,3.0,4.0,7.0,53.0,2.0,1.0,1.0,1512.0,24.0,67.0,396.0,5.9,10.0,294.0,102.0,25.0,4.1,7.0,28.0,36.0,2.0,10.0,1.0,3.0,2.0,4.0,6.0,4.0,30.0,2.0,1.0,1.0,2088.0,ESPN BET,2.8,1.465,3.5,-3.5,2.0,1.833,46.5,,
401671652,2024-09-15,2024-09-15T17:00Z,2024,regular,2,False,CAR,LAC,3.0,26.0,7.0,46.0,159.0,3.5,11.0,69.0,90.0,18.0,5.0,2.5,18.0,26.0,1.0,12.0,1.0,3.0,0.0,0.0,2.0,9.0,90.0,1.0,0.0,1.0,1422.0,21.0,65.0,349.0,5.4,12.0,130.0,219.0,44.0,5.0,6.2,14.0,20.0,9.0,16.0,0.0,0.0,1.0,2.0,1.0,3.0,15.0,2.0,1.0,1.0,2178.0,ESPN BET,2.75,1.476,4.5,-4.5,1.952,1.87,38.5,,
401671668,2024-09-15,2024-09-15T20:25Z,2024,regular,2,False,DEN,PIT,6.0,13.0,13.0,56.0,295.0,5.3,11.0,231.0,64.0,19.0,3.4,6.2,20.0,35.0,2.0,12.0,1.0,2.0,0.0,3.0,2.0,9.0,124.0,2.0,0.0,2.0,1661.0,16.0,58.0,251.0,4.3,11.0,110.0,141.0,36.0,3.9,5.0,13.0,20.0,4.0,13.0,0.0,0.0,1.0,2.0,2.0,10.0,78.0,0.0,0.0,0.0,1939.0,ESPN Bet - Live Odds,,,3.5,,,,18.5,,
401671670,2024-09-15,2024-09-15T20:25Z,2024,regular,2,False,KC,CIN,26.0,25.0,19.0,59.0,286.0,4.8,9.0,137.0,149.0,32.0,4.7,5.1,18.0,25.0,1.0,8.0,2.0,2.0,1.0,2.0,2.0,4.0,44.0,3.0,1.0,2.0,1711.0,18.0,61.0,320.0,5.2,10.0,246.0,74.0,22.0,3.4,6.3,23.0,36.0,4.0,13.0,2.0,2.0,2.0,4.0,3.0,8.0,79.0,1.0,1.0,0.0,1889.0,ESPN BET,1.357,3.3,-6.5,6.5,1.87,1.952,47.5,,
401671702,2024-09-15,2024-09-15T17:00Z,2024,regular,2,False,NE,SEA,20.0,23.0,19.0,66.0,310.0,4.7,11.0,125.0,185.0,36.0,5.1,4.2,15.0,27.0,6.0,16.0,0.0,0.0,2.0,4.0,3.0,3.0,42.0,0.0,0.0,0.0,2142.0,18.0,66.0,358.0,5.4,12.0,312.0,46.0,19.0,2.4,6.6,33.0,44.0,7.0,15.0,1.0,2.0,1.0,3.0,3.0,6.0,50.0,0.0,0.0,0.0,1781.0,ESPN BET,2.4,1.606,3.5,-3.5,1.8,2.02,39.5,,
401671709,2024-09-15,2024-09-15T17:00Z,2024,regular,2,False,DAL,NO,19.0,44.0,20.0,66.0,353.0,5.3,10.0,285.0,68.0,21.0,3.2,6.3,28.0,42.0,6.0,13.0,1.0,3.0,0.0,3.0,3.0,4.0,26.0,2.0,0.0,2.0,1769.0,24.0,56.0,432.0,7.7,10.0,242.0,190.0,39.0,4.9,14.2,11.0,16.0,5.0,8.0,0.0,0.0,4.0,5.0,1.0,5.0,40.0,1.0,0.0,1.0,1831.0,ESPN BET,1.345,3.4,-6.5,6.5,2.0,1.833,47.5,,
401671716,2024-09-15,2024-09-15T17:00Z,2024,regular,2,False,WSH,NYG,21.0,18.0,22.0,69.0,425.0,6.2,8.0,210.0,215.0,35.0,6.1,6.2,23.0,29.0,7.0,14.0,1.0,1.0,0.0,6.0,5.0,10.0,69.0,0.0,0.0,0.0,2252.0,18.0,51.0,304.0,6.0,7.0,175.0,129.0,22.0,5.9,6.0,16.0,28.0,4.0,8.0,1.0,2.0,3.0,3.0,1.0,5.0,20.0,1.0,1.0,0.0,1348.0,ESPN BET,1.741,2.05,-1.5,1.5,1.87,1.952,42.5,,
401671721,2024-09-15,2024-09-15T17:00Z,2024,regular,2,False,DET,TB,16.0,20.0,26.0,83.0,463.0,5.6,11.0,324.0,139.0,27.0,5.1,5.8,35.0,56.0,7.0,17.0,3.0,5.0,1.0,7.0,0.0,4.0,71.0,2.0,0.0,2.0,2033.0,14.0,47.0,216.0,4.6,11.0,146.0,70.0,23.0,3.0,6.1,12.0,19.0,2.0,10.0,0.0,0.0,1.0,2.0,5.0,4.0,35.0,1.0,0.0,1.0,1567.0,ESPN BET,1.286,3.8,-7.5,7.5,1.952,1.87,51.5,,
401671723,2024-09-15,2024-09-15T17:00Z,2024,regular,2,False,GB,IND,16.0,10.0,19.0,67.0,383.0,5.7,10.0,122.0,261.0,53.0,4.9,8.7,12.0,14.0,10.0,17.0,0.0,0.0,1.0,3.0,0.0,6.0,50.0,1.0,1.0,0.0,2411.0,19.0,53.0,338.0,6.4,10.0,198.0,140.0,18.0,7.8,5.7,17.0,34.0,2.0,9.0,1.0,2.0,1.0,2.0,1.0,3.0,20.0,3.0,0.0,3.0,1189.0,ESPN BET,2.25,1.69,2.5,-2.5,1.952,1.87,41.5,,
401671754,2024-09-15,2024-09-15T20:05Z,2024,regular,2,False,ARI,LAR,41.0,10.0,24.0,62.0,489.0,7.9,9.0,258.0,231.0,40.0,5.8,11.7,17.0,21.0,7.0,11.0,0.0,0.0,3.0,4.0,1.0,5.0,52.0,1.0,1.0,0.0,2214.0,14.0,52.0,245.0,4.7,10.0,192.0,53.0,20.0,2.7,6.0,19.0,27.0,2.0,11.0,1.0,3.0,1.0,3.0,5.0,2.0,10.0,1.0,1.0,0.0,1386.0,ESPN BET,1.909,1.909,-1.5,1.5,2.02,1.8,47.5,,
401671786,2024-09-16,2024-09-16T00:20Z,2024,regular,2,False,HOU,CHI,19.0,13.0,15.0,61.0,310.0,5.1,13.0,235.0,75.0,22.0,3.4,6.0,23.0,36.0,4.0,14.0,1.0,1.0,1.0,2.0,3.0,12.0,115.0,1.0,1.0,0.0,1727.0,15.0,66.0,205.0,3.1,13.0,134.0,71.0,22.0,3.2,3.0,23.0,37.0,6.0,17.0,1.0,2.0,1.0,1.0,7.0,9.0,60.0,2.0,0.0,2.0,1873.0,ESPN BET,1.364,3.25,-6.5,6.5,1.952,1.87,45.5,,
401671691,2024-09-17,2024-09-17T00:15Z,2024,regular,2,False,PHI,ATL,21.0,22.0,22.0,68.0,365.0,5.4,9.0,179.0,186.0,37.0,5.0,5.8,23.0,30.0,6.0,13.0,2.0,3.0,2.0,5.0,1.0,9.0,53.0,1.0,0.0,1.0,2139.0,22.0,58.0,385.0,6.6,9.0,233.0,152.0,28.0,5.4,7.8,20.0,29.0,2.0,9.0,1.0,2.0,1.0,3.0,1.0,3.0,40.0,0.0,0.0,0.0,1461.0,ESPN BET,1.4,3.1,-5.5,5.5,1.909,1.909,46.5,,
401671808,2024-09-20,2024-09-20T00:15Z,2024,regular,3,False,NYJ,NE,24.0,3.0,27.0,70.0,400.0,5.7,8.0,267.0,133.0,33.0,4.0,7.2,27.0,35.0,10.0,15.0,0.0,0.0,3.0,4.0,2.0,8.0,106.0,0.0,0.0,0.0,2404.0,11.0,48.0,139.0,2.9,9.0,61.0,78.0,15.0,5.2,1.8,16.0,26.0,2.0,11.0,3.0,3.0,0.0,1.0,7.0,5.0,70.0,1.0,1.0,0.0,1196.0,ESPN BET,1.333,3.5,-6.5,6.5,1.87,1.952,39.5,,
401671632,2024-09-22,2024-09-22T17:00Z,2024,regular,3,False,PIT,LAC,20.0,10.0,20.0,65.0,346.0,5.3,10.0,232.0,114.0,31.0,3.7,6.8,25.0,32.0,7.0,14.0,0.0,0.0,1.0,4.0,2.0,3.0,15.0,1.0,0.0,1.0,2031.0,10.0,45.0,166.0,3.7,10.0,105.0,61.0,20.0,3.1,4.2,14.0,20.0,3.0,11.0,0.0,0.0,0.0,1.0,5.0,7.0,69.0,0.0,0.0,0.0,1569.0,ESPN BET,1.69,2.25,-2.5,2.5,1.87,1.952,35.5,,
401671646,2024-09-22,2024-09-22T17:00Z,2024,regular,3,False,MIN,HOU,34.0,7.0,19.0,60.0,274.0,4.6,11.0,156.0,118.0,28.0,4.2,4.9,17.0,28.0,6.0,13.0,1.0,1.0,4.0,5.0,4.0,5.0,30.0,0.0,0.0,0.0,1758.0,17.0,63.0,296.0,4.7,11.0,258.0,38.0,14.0,2.7,5.3,28.0,44.0,4.0,14.0,2.0,4.0,1.0,2.0,5.0,11.0,88.0,2.0,0.0,2.0,1842.0,ESPN BET,2.0,1.833,2.0,-2.0,1.87,1.952,46.5,,
401671658,2024-09-22,2024-09-22T20:05Z,2024,regular,3,False,LV,CAR,22.0,36.0,20.0,59.0,331.0,5.6,12.0,276.0,55.0,16.0,3.4,6.4,27.0,40.0,3.0,11.0,1.0,3.0,3.0,3.0,3.0,6.0,54.0,1.0,0.0,1.0,1438.0,24.0,70.0,437.0,6.2,12.0,306.0,131.0,31.0,4.2,7.8,26.0,37.0,5.0,12.0,0.0,0.0,3.0,5.0,2.0,7.0,51.0,0.0,0.0,0.0,2162.0,ESPN BET,1.4,3.1,-5.5,5.5,1.87,1.952,40.5,,
401671662,2024-09-22,2024-09-22T20:05Z,2024,regular,3,False,SEA,MIA,24.0,3.0,21.0,60.0,370.0,6.2,12.0,270.0,100.0,23.0,4.3,7.3,26.0,34.0,3.0,11.0,0.0,0.0,2.0,2.0,3.0,11.0,92.0,2.0,0.0,2.0,1888.0,13.0,56.0,205.0,3.7,12.0,140.0,65.0,18.0,3.6,3.7,20.0,32.0,1.0,12.0,0.0,3.0,0.0,2.0,6.0,11.0,85.0,0.0,0.0,0.0,1712.0,ESPN BET,1.476,2.75,-4.5,4.5,1.952,1.87,41.5,,
401671736,2024-09-22,2024-09-22T17:00Z,2024,regular,3,False,NO,PHI,12.0,15.0,12.0,55.0,219.0,4.0,10.0,130.0,89.0,29.0,3.1,5.0,14.0,25.0,6.0,13.0,0.0,1.0,1.0,3.0,1.0,3.0,25.0,1.0,0.0,1.0,1665.0,20.0,67.0,460.0,6.9,10.0,288.0,172.0,25.0,6.9,6.9,29.0,38.0,6.0,14.0,1.0,3.0,1.0,3.0,4.0,7.0,45.0,2.0,1.0,1.0,1935.0,ESPN BET,1.69,2.25,-2.5,2.5,1.833,2.0,48.5,,
401671741,2024-09-22,2024-09-22T17:00Z,2024,regular,3,False,TB,DEN,7.0,26.0,17.0,56.0,223.0,4.0,11.0,132.0,91.0,16.0,5.7,3.3,25.0,33.0,3.0,11.0,0.0,2.0,1.0,2.0,7.0,5.0,19.0,2.0,1.0,1.0,1672.0,18.0,64.0,352.0,5.5,10.0,216.0,136.0,28.0,4.9,6.0,25.0,36.0,4.0,13.0,2.0,3.0,2.0,4.0,0.0,5.0,51.0,1.0,1.0,0.0,1928.0,ESPN BET,1.4,3.1,-5.5,5.5,1.87,1.952,40.5,,
401671763,2024-09-22,2024-09-22T20:25Z,2024,regular,3,False,DAL,BAL,25.0,28.0,26.0,70.0,412.0,5.9,11.0,361.0,51.0,16.0,3.2,6.7,28.0,51.0,7.0,13.0,0.0,1.0,3.0,4.0,3.0,6.0,44.0,1.0,1.0,0.0,1515.0,24.0,60.0,456.0,7.6,11.0,182.0,274.0,45.0,6.1,12.1,12.0,15.0,4.0,9.0,0.0,0.0,3.0,3.0,0.0,13.0,105.0,0.0,0.0,0.0,2085.0,ESPN BET,2.05,1.8,1.5,-1.5,1.87,1.952,47.5,,
401671771,2024-09-22,2024-09-22T20:25Z,2024,regular,3,False,ARI,DET,13.0,20.0,17.0,53.0,277.0,5.2,11.0,200.0,77.0,18.0,4.3,5.7,21.0,34.0,1.0,9.0,0.0,2.0,1.0,1.0,1.0,4.0,30.0,1.0,0.0,1.0,1391.0,23.0,68.0,373.0,5.5,11.0,186.0,187.0,43.0,4.3,7.4,18.0,23.0,6.0,12.0,0.0,1.0,2.0,2.0,2.0,9.0,79.0,1.0,0.0,1.0,2209.0,ESPN BET,2.3,1.667,2.5,-2.5,2.05,1.769,51.5,,
401671772,2024-09-22,2024-09-22T20:25Z,2024,regular,3,False,LAR,SF,27.0,24.0,19.0,55.0,296.0,5.4,9.0,198.0,98.0,26.0,3.8,6.8,16.0,26.0,5.0,12.0,2.0,2.0,3.0,5.0,3.0,8.0,75.0,0.0,0.0,0.0,1593.0,25.0,65.0,425.0,6.5,9.0,288.0,137.0,34.0,4.0,9.3,22.0,30.0,6.0,11.0,1.0,1.0,2.0,3.0,1.0,7.0,111.0,1.0,1.0,0.0,2007.0,ESPN BET,3.2,1.37,6.5,-6.5,1.87,1.952,44.5,,
401671823,2024-09-22,2024-09-22T17:00Z,2024,regular,3,False,TEN,GB,14.0,30.0,18.0,53.0,237.0,4.5,11.0,204.0,33.0,11.0,3.0,4.9,26.0,34.0,3.0,9.0,0.0,1.0,2.0,2.0,8.0,2.0,15.0,3.0,1.0,2.0,1652.0,16.0,59.0,378.0,6.4,10.0,190.0,188.0,37.0,5.1,8.6,13.0,19.0,5.0,14.0,0.0,0.0,1.0,3.0,3.0,10.0,75.0,0.0,0.0,0.0,1948.0,ESPN BET,1.667,2.3,-2.5,2.5,1.833,2.0,36.5,,
401671855,2024-09-22,2024-09-22T17:00Z,2024,regular,3,False,CLE,NYG,15.0,21.0,16.0,63.0,217.0,3.4,14.0,148.0,69.0,18.0,3.8,3.3,21.0,37.0,4.0,14.0,1.0,3.0,1.0,1.0,8.0,5.0,48.0,2.0,2.0,0.0,1564.0,21.0,69.0,340.0,4.9,14.0,228.0,112.0,32.0,3.5,6.2,24.0,35.0,4.0,14.0,1.0,1.0,3.0,4.0,2.0,9.0,68.0,2.0,2.0,0.0,2036.0,ESPN BET,1.37,3.2,-6.5,6.5,1.952,1.87,37.5,,
401671865,2024-09-22,2024-09-22T17:00Z,2024,regular,3,False,IND,CHI,21.0,16.0,15.0,54.0,306.0,5.7,12.0,156.0,150.0,33.0,4.5,7.4,10.0,20.0,3.0,12.0,0.0,1.0,2.0,3.0,1.0,9.0,78.0,2.0,0.0,2.0,1499.0,26.0,84.0,395.0,4.7,12.0,332.0,63.0,28.0,2.3,5.9,33.0,52.0,9.0,21.0,4.0,5.0,2.0,3.0,4.0,4.0,25.0,3.0,1.0,2.0,2101.0,ESPN BET,1.714,2.2,-2.5,2.5,1.87,1.952,43.5,,
401671682,2024-09-23,2024-09-23T23:30Z,2024,regular,3,False,BUF,JAX,47.0,10.0,25.0,60.0,388.0,6.5,10.0,266.0,122.0,29.0,4.2,8.6,24.0,31.0,6.0,11.0,2.0,2.0,4.0,5.0,0.0,6.0,47.0,0.0,0.0,0.0,1900.0,19.0,68.0,239.0,3.5,10.0,147.0,92.0,17.0,5.4,2.9,26.0,46.0,2.0,13.0,4.0,8.0,1.0,4.0,5.0,7.0,45.0,2.0,1.0,1.0,1700.0,ESPN BET,1.465,2.8,-4.5,4.5,1.909,1.909,46.5,,
401671793,2024-09-23,2024-09-23T00:20Z,2024,regular,3,False,ATL,KC,17.0,22.0,19.0,56.0,311.0,5.6,10.0,229.0,82.0,25.0,3.3,7.4,20.0,29.0,2.0,9.0,1.0,3.0,2.0,4.0,2.0,6.0,44.0,1.0,0.0,1.0,1503.0,22.0,72.0,345.0,4.8,10.0,217.0,128.0,33.0,3.9,5.6,26.0,39.0,6.0,14.0,1.0,1.0,2.0,4.0,0.0,6.0,61.0,1.0,0.0,1.0,2097.0,ESPN BET,2.45,1.588,3.5,-3.5,1.8,2.02,46.5,,
401671490,2024-09-24,2024-09-24T00:15Z,2024,regular,3,False,CIN,WSH,33.0,38.0,30.0,60.0,436.0,7.3,7.0,312.0,124.0,20.0,6.2,7.8,29.0,38.0,6.0,10.0,1.0,1.0,2.0,4.0,2.0,5.0,16.0,0.0,0.0,0.0,1614.0,22.0,57.0,356.0,6.2,8.0,248.0,108.0,32.0,3.4,9.9,21.0,23.0,5.0,9.0,3.0,3.0,3.0,3.0,2.0,3.0,28.0,0.0,0.0,0.0,1986.0,ESPN BET,1.25,4.2,-7.5,7.5,2.0,1.833,46.5,,
401671812,2024-09-27,2024-09-27T00:15Z,2024,regular,4,False,NYG,DAL,15.0,20.0,16.0,65.0,303.0,4.7,9.0,277.0,26.0,24.0,1.1,6.8,29.0,40.0,5.0,16.0,3.0,4.0,0.0,2.0,1.0,4.0,35.0,1.0,0.0,1.0,2137.0,14.0,51.0,293.0,5.7,9.0,213.0,80.0,23.0,3.5,7.6,22.0,27.0,3.0,10.0,1.0,1.0,1.0,1.0,1.0,11.0,89.0,0.0,0.0,0.0,1463.0,ESPN BET,3.2,1.37,5.5,-5.5,1.909,1.909,44.5,,
401671622,2024-09-29,2024-09-29T17:00Z,2024,regular,4,False,NYJ,DEN,9.0,10.0,16.0,70.0,248.0,3.5,13.0,184.0,64.0,23.0,2.8,3.9,24.0,42.0,4.0,17.0,0.0,1.0,0.0,2.0,5.0,13.0,90.0,1.0,1.0,0.0,1904.0,12.0,56.0,186.0,3.3,13.0,60.0,126.0,31.0,4.1,2.4,12.0,25.0,3.0,14.0,0.0,0.0,1.0,1.0,0.0,5.0,74.0,1.0,1.0,0.0,1696.0,ESPN BET,1.278,3.9,-8.5,8.5,1.952,1.87,39.5,,
401671643,2024-09-29,2024-09-29T17:00Z,2024,regular,4,False,GB,MIN,29.0,31.0,24.0,74.0,465.0,6.3,15.0,379.0,86.0,19.0,4.5,6.9,32.0,54.0,4.0,12.0,0.0,2.0,4.0,5.0,1.0,8.0,68.0,4.0,1.0,3.0,1665.0,22.0,64.0,374.0,5.8,15.0,254.0,120.0,34.0,3.5,8.5,20.0,28.0,4.0,11.0,0.0,1.0,3.0,5.0,2.0,7.0,55.0,3.0,2.0,1.0,1935.0,ESPN BET,1.69,2.25,-2.5,2.5,1.909,1.909,44.5,,
401671672,2024-09-29,2024-09-29T20:25Z,2024,regular,4,False,LV,CLE,20.0,16.0,17.0,55.0,268.0,4.9,11.0,116.0,152.0,29.0,5.2,4.5,14.0,24.0,4.0,12.0,0.0,0.0,2.0,3.0,2.0,6.0,49.0,1.0,1.0,0.0,1758.0,16.0,57.0,241.0,4.2,9.0,149.0,92.0,22.0,4.2,4.3,24.0,32.0,3.0,10.0,0.0,1.0,1.0,2.0,3.0,5.0,38.0,1.0,0.0,1.0,1842.0,ESPN BET,2.35,1.645,2.5,-2.5,2.0,1.833,38.5,,
401671674,2024-09-29,2024-09-29T20:25Z,2024,regular,4,False,LAC,KC,10.0,17.0,12.0,53.0,224.0,4.2,10.0,169.0,55.0,24.0,2.3,5.8,16.0,27.0,4.0,13.0,0.0,1.0,1.0,2.0,2.0,9.0,51.0,0.0,0.0,0.0,1852.0,16.0,58.0,329.0,5.7,11.0,228.0,101.0,26.0,3.9,7.1,19.0,29.0,9.0,16.0,0.0,0.0,1.0,2.0,3.0,5.0,40.0,2.0,1.0,1.0,1748.0,ESPN BET,3.5,1.333,7.5,-7.5,1.769,2.05,41.5,,
401671727,2024-09-29,2024-09-29T17:00Z,2024,regular,4,False,ATL,NO,26.0,24.0,14.0,51.0,315.0,6.2,9.0,227.0,88.0,15.0,5.9,6.3,21.0,35.0,4.0,11.0,0.0,0.0,0.0,1.0,1.0,9.0,76.0,1.0,0.0,1.0,1458.0,25.0,70.0,366.0,5.2,10.0,235.0,131.0,33.0,4.0,6.4,28.0,36.0,7.0,13.0,1.0,2.0,3.0,4.0,1.0,6.0,60.0,2.0,1.0,1.0,2142.0,ESPN BET,1.714,2.2,-2.5,2.5,1.87,1.952,42.5,,
401671740,2024-09-29,2024-09-29T17:00Z,2024,regular,4,False,TB,PHI,33.0,16.0,29.0,74.0,445.0,6.0,11.0,334.0,111.0,25.0,4.4,6.8,30.0,47.0,6.0,13.0,1.0,1.0,4.0,6.0,2.0,3.0,20.0,0.0,0.0,0.0,2177.0,16.0,56.0,227.0,4.1,10.0,114.0,113.0,20.0,5.7,3.2,18.0,30.0,6.0,13.0,1.0,2.0,2.0,3.0,6.0,5.0,41.0,2.0,2.0,0.0,1423.0,ESPN BET,2.0,1.833,0.5,-0.5,1.952,1.87,43.5,,
401671745,2024-09-29,2024-09-29T17:00Z,2024,regular,4,False,CAR,CIN,24.0,34.0,24.0,70.0,375.0,5.4,11.0,220.0,155.0,29.0,5.3,5.4,25.0,41.0,7.0,14.0,1.0,3.0,2.0,3.0,0.0,6.0,37.0,1.0,0.0,1.0,1862.0,24.0,62.0,373.0,6.0,10.0,232.0,141.0,31.0,4.5,7.5,22.0,31.0,7.0,13.0,0.0,0.0,3.0,3.0,0.0,5.0,39.0,1.0,0.0,1.0,1738.0,ESPN BET,2.8,1.465,5.5,-5.5,1.87,1.952,47.5,,
401671755,2024-09-29,2024-09-29T20:05Z,2024,regular,4,False,ARI,WSH,14.0,42.0,17.0,58.0,296.0,5.1,9.0,115.0,181.0,32.0,5.7,4.4,16.0,22.0,4.0,11.0,2.0,3.0,2.0,2.0,4.0,4.0,82.0,1.0,1.0,0.0,1598.0,29.0,67.0,449.0,6.7,9.0,233.0,216.0,37.0,5.8,7.8,26.0,30.0,9.0,12.0,1.0,1.0,4.0,5.0,0.0,5.0,49.0,1.0,0.0,1.0,2002.0,ESPN BET,1.588,2.45,-3.5,3.5,2.0,1.833,48.5,,
401671758,2024-09-29,2024-09-29T20:05Z,2024,regular,4,False,SF,NE,30.0,13.0,19.0,60.0,431.0,7.2,11.0,283.0,148.0,32.0,4.6,10.1,15.0,27.0,7.0,13.0,0.0,0.0,2.0,4.0,1.0,6.0,43.0,2.0,1.0,1.0,1895.0,12.0,62.0,216.0,3.5,12.0,143.0,73.0,24.0,3.0,3.8,19.0,32.0,5.0,16.0,1.0,3.0,1.0,2.0,6.0,3.0,20.0,3.0,2.0,1.0,1705.0,ESPN BET,1.167,5.5,-10.5,10.5,1.952,1.87,41.5,,
401671857,2024-09-29,2024-09-29T17:00Z,2024,regular,4,False,HOU,JAX,24.0,20.0,26.0,68.0,435.0,6.4,10.0,334.0,101.0,26.0,3.9,8.0,27.0,40.0,7.0,13.0,0.0,0.0,3.0,4.0,2.0,12.0,93.0,1.0,1.0,0.0,1997.0,17.0,58.0,313.0,5.4,12.0,155.0,158.0,24.0,6.6,4.6,18.0,33.0,4.0,12.0,0.0,1.0,2.0,3.0,1.0,6.0,44.0,0.0,0.0,0.0,1603.0,ESPN BET,1.364,3.25,-5.5,5.5,1.833,2.0,46.5,,
401671867,2024-09-29,2024-09-29T17:00Z,2024,regular,4,False,IND,PIT,27.0,24.0,22.0,64.0,358.0,5.6,11.0,225.0,133.0,32.0,4.2,7.0,19.0,30.0,8.0,15.0,0.0,0.0,3.0,5.0,2.0,4.0,38.0,0.0,0.0,0.0,1733.0,23.0,68.0,404.0,5.9,11.0,282.0,122.0,30.0,4.1,7.4,22.0,34.0,6.0,13.0,0.0,2.0,3.0,4.0,4.0,6.0,53.0,2.0,2.0,0.0,1867.0,ESPN BET,2.25,1.69,2.5,-2.5,1.952,1.87,40.5,,
401671871,2024-09-29,2024-09-29T17:00Z,2024,regular,4,False,CHI,LAR,24.0,18.0,17.0,54.0,264.0,4.9,10.0,133.0,131.0,28.0,4.7,5.1,17.0,23.0,3.0,9.0,0.0,0.0,2.0,4.0,3.0,10.0,84.0,0.0,0.0,0.0,1738.0,21.0,58.0,322.0,5.6,10.0,203.0,119.0,26.0,4.6,6.3,20.0,29.0,5.0,11.0,0.0,0.0,1.0,4.0,3.0,6.0,44.0,2.0,1.0,1.0,1862.0,ESPN BET,1.606,2.4,-3.5,3.5,2.0,1.833,40.5,,
401671683,2024-09-30,2024-09-30T23:30Z,2024,regular,4,False,MIA,TEN,12.0,31.0,13.0,54.0,184.0,3.4,13.0,78.0,106.0,30.0,3.5,3.3,14.0,22.0,2.0,12.0,1.0,3.0,1.0,1.0,2.0,10.0,98.0,1.0,1.0,0.0,1508.0,16.0,62.0,244.0,3.9,13.0,102.0,142.0,40.0,3.6,4.6,12.0,21.0,2.0,12.0,1.0,1.0,2.0,3.0,1.0,8.0,69.0,1.0,0.0,1.0,2092.0,ESPN BET,1.645,2.35,-2.5,2.5,1.8,2.02,37.5,,
401671783,2024-09-30,2024-09-30T00:20Z,2024,regular,4,False,BAL,BUF,35.0,10.0,22.0,54.0,427.0,7.9,11.0,156.0,271.0,34.0,8.0,7.8,14.0,19.0,5.0,9.0,0.0,0.0,4.0,4.0,1.0,8.0,79.0,1.0,1.0,0.0,1863.0,12.0,57.0,236.0,4.1,11.0,155.0,81.0,23.0,3.5,4.6,17.0,31.0,3.0,13.0,1.0,1.0,1.0,2.0,3.0,4.0,38.0,1.0,1.0,0.0,1737.0,ESPN BET,1.667,2.3,-2.5,2.5,1.833,2.0,47.5,,
401671491,2024-10-01,2024-10-01T00:15Z,2024,regular,4,False,DET,SEA,42.0,29.0,21.0,50.0,389.0,7.8,11.0,273.0,116.0,28.0,4.1,12.4,19.0,19.0,3.0,6.0,0.0,0.0,5.0,5.0,3.0,12.0,101.0,0.0,0.0,0.0,1556.0,38.0,78.0,516.0,6.6,11.0,383.0,133.0,19.0,7.0,6.5,38.0,56.0,5.0,10.0,1.0,2.0,3.0,4.0,3.0,8.0,70.0,2.0,1.0,1.0,2044.0,ESPN BET,1.465,2.8,-4.5,4.5,1.952,1.87,47.5,,
401671815,2024-10-04,2024-10-04T00:15Z,2024,regular,5,False,ATL,TB,36.0,30.0,28.0,81.0,550.0,6.8,11.0,477.0,73.0,18.0,4.1,7.6,42.0,59.0,6.0,14.0,2.0,3.0,2.0,4.0,4.0,8.0,74.0,1.0,0.0,1.0,2017.0,21.0,51.0,333.0,6.5,10.0,173.0,160.0,26.0,6.2,6.9,19.0,24.0,6.0,11.0,0.0,0.0,2.0,3.0,1.0,5.0,47.0,1.0,1.0,0.0,1658.0,ESPN BET,1.69,2.25,-2.5,2.5,1.87,1.952,43.5,,
401671626,2024-10-06,2024-10-06T17:00Z,2024,regular,5,False,CIN,BAL,38.0,41.0,23.0,65.0,442.0,6.8,12.0,371.0,71.0,23.0,3.1,8.8,30.0,39.0,8.0,14.0,0.0,0.0,3.0,3.0,3.0,4.0,24.0,1.0,0.0,1.0,1962.0,30.0,77.0,520.0,6.8,13.0,345.0,175.0,34.0,5.1,8.0,26.0,42.0,10.0,15.0,1.0,1.0,5.0,6.0,1.0,5.0,21.0,1.0,1.0,0.0,2025.0,ESPN BET,2.2,1.714,2.5,-2.5,1.87,1.952,47.5,,
401671633,2024-10-06,2024-10-06T17:00Z,2024,regular,5,False,JAX,IND,37.0,34.0,20.0,57.0,497.0,8.7,12.0,371.0,126.0,23.0,5.5,10.9,28.0,34.0,3.0,10.0,1.0,2.0,2.0,4.0,0.0,3.0,25.0,2.0,1.0,1.0,1708.0,25.0,69.0,447.0,6.5,13.0,348.0,99.0,20.0,5.0,7.1,34.0,45.0,7.0,14.0,1.0,1.0,3.0,5.0,4.0,5.0,34.0,1.0,1.0,0.0,1892.0,ESPN BET,1.5,2.7,-3.5,3.5,1.909,1.909,44.5,,
401671679,2024-10-06,2024-10-06T20:25Z,2024,regular,5,False,LAR,GB,19.0,24.0,24.0,76.0,370.0,4.9,9.0,236.0,134.0,28.0,4.8,4.9,29.0,45.0,8.0,16.0,2.0,4.0,2.0,3.0,3.0,5.0,30.0,2.0,1.0,1.0,1961.0,19.0,58.0,328.0,5.7,11.0,202.0,126.0,30.0,4.2,7.2,15.0,26.0,1.0,8.0,0.0,0.0,2.0,3.0,2.0,7.0,39.0,1.0,0.0,1.0,1639.0,ESPN BET,2.25,1.69,2.5,-2.5,2.02,1.8,49.5,,
401671680,2024-10-06,2024-10-06T20:25Z,2024,regular,5,False,SEA,NYG,20.0,29.0,17.0,58.0,333.0,5.7,11.0,231.0,102.0,11.0,9.3,4.9,28.0,40.0,3.0,11.0,0.0,2.0,1.0,1.0,7.0,6.0,30.0,1.0,1.0,0.0,1358.0,24.0,71.0,420.0,5.9,12.0,245.0,175.0,34.0,5.1,6.6,23.0,34.0,7.0,16.0,0.0,1.0,1.0,4.0,3.0,2.0,20.0,1.0,1.0,0.0,2242.0,ESPN BET,1.286,3.8,-7.5,7.5,2.02,1.8,41.5,,
401671700,2024-10-06,2024-10-06T17:00Z,2024,regular,5,False,NE,MIA,10.0,15.0,15.0,55.0,299.0,5.4,11.0,148.0,151.0,19.0,7.9,4.1,18.0,34.0,4.0,13.0,0.0,1.0,0.0,2.0,2.0,12.0,105.0,0.0,0.0,0.0,1540.0,24.0,75.0,372.0,5.0,11.0,179.0,193.0,41.0,4.7,5.3,18.0,31.0,2.0,11.0,0.0,1.0,1.0,2.0,3.0,6.0,54.0,2.0,1.0,1.0,2060.0,ESPN BET,2.1,1.769,2.5,-2.5,1.87,1.952,36.5,,
401671718,2024-10-06,2024-10-06T17:00Z,2024,regular,5,False,WSH,CLE,34.0,13.0,19.0,65.0,434.0,6.7,12.0,219.0,215.0,34.0,6.3,7.1,15.0,28.0,8.0,17.0,2.0,2.0,3.0,6.0,3.0,5.0,31.0,2.0,1.0,1.0,1878.0,12.0,59.0,212.0,3.6,13.0,108.0,104.0,23.0,4.5,3.0,16.0,29.0,1.0,13.0,2.0,3.0,1.0,2.0,7.0,9.0,52.0,1.0,1.0,0.0,1722.0,ESPN BET,1.645,2.35,-3.5,3.5,2.05,1.769,43.5,,
401671747,2024-10-06,2024-10-06T20:05Z,2024,regular,5,False,DEN,LV,34.0,18.0,18.0,58.0,289.0,5.0,12.0,180.0,109.0,28.0,3.9,6.0,19.0,27.0,3.0,12.0,1.0,1.0,3.0,4.0,3.0,9.0,44.0,0.0,0.0,0.0,1717.0,20.0,65.0,330.0,5.1,12.0,215.0,115.0,25.0,4.6,5.4,22.0,37.0,7.0,15.0,0.0,1.0,1.0,2.0,3.0,11.0,79.0,3.0,0.0,3.0,1883.0,ESPN BET,1.667,2.3,-2.5,2.5,1.833,2.0,35.5,,
401671756,2024-10-06,2024-10-06T20:05Z,2024,regular,5,False,SF,ARI,23.0,24.0,22.0,63.0,384.0,6.1,9.0,231.0,153.0,26.0,5.9,6.2,19.0,35.0,6.0,11.0,0.0,1.0,1.0,6.0,2.0,4.0,21.0,3.0,1.0,2.0,1978.0,19.0,57.0,358.0,6.3,10.0,189.0,169.0,26.0,6.5,6.1,19.0,30.0,3.0,10.0,1.0,1.0,1.0,3.0,1.0,1.0,5.0,1.0,0.0,1.0,1622.0,ESPN BET,1.313,3.6,-7.5,7.5,1.952,1.87,48.5,,
401671804,2024-10-06,2024-10-06T13:30Z,2024,regular,5,True,MIN,NYJ,23.0,17.0,17.0,66.0,253.0,3.8,13.0,171.0,82.0,30.0,2.7,4.8,15.0,32.0,4.0,13.0,0.0,1.0,1.0,1.0,4.0,11.0,80.0,2.0,1.0,1.0,1837.0,17.0,71.0,254.0,3.6,13.0,218.0,36.0,14.0,2.6,3.8,29.0,54.0,5.0,17.0,0.0,1.0,2.0,3.0,3.0,8.0,76.0,3.0,0.0,3.0,1763.0,ESPN BET,1.714,2.2,-2.5,2.5,1.952,1.87,42.5,,
401671859,2024-10-06,2024-10-06T17:00Z,2024,regular,5,False,HOU,BUF,23.0,20.0,18.0,67.0,425.0,6.3,13.0,331.0,94.0,28.0,3.4,8.5,28.0,38.0,8.0,16.0,0.0,1.0,1.0,2.0,1.0,7.0,65.0,2.0,1.0,1.0,1990.0,16.0,59.0,276.0,4.7,12.0,126.0,150.0,28.0,5.4,4.1,9.0,30.0,3.0,14.0,1.0,1.0,1.0,3.0,1.0,4.0,25.0,0.0,0.0,0.0,1610.0,ESPN BET,1.813,2.03,-1.5,1.5,1.909,1.909,47.5,,
401671872,2024-10-06,2024-10-06T17:00Z,2024,regular,5,False,CHI,CAR,36.0,10.0,24.0,69.0,424.0,6.1,12.0,296.0,128.0,39.0,3.3,9.9,20.0,29.0,4.0,11.0,0.0,1.0,3.0,4.0,1.0,5.0,46.0,0.0,0.0,0.0,2028.0,14.0,58.0,292.0,5.0,12.0,172.0,120.0,19.0,6.3,4.4,22.0,35.0,3.0,12.0,1.0,3.0,0.0,2.0,4.0,4.0,18.0,3.0,2.0,1.0,1572.0,ESPN BET,1.5,2.7,-3.5,3.5,1.87,1.952,39.5,,
401671784,2024-10-07,2024-10-07T01:45Z,2024,regular,5,False,PIT,DAL,17.0,20.0,17.0,57.0,226.0,4.0,10.0,134.0,92.0,26.0,3.5,4.3,16.0,28.0,3.0,12.0,2.0,2.0,2.0,2.0,3.0,8.0,50.0,1.0,1.0,0.0,1651.0,25.0,75.0,445.0,5.9,9.0,336.0,109.0,31.0,3.5,7.6,29.0,42.0,9.0,15.0,1.0,1.0,1.0,4.0,2.0,11.0,87.0,3.0,1.0,2.0,1949.0,ESPN BET,1.714,2.2,-2.5,2.5,1.87,1.952,44.5,,
401671687,2024-10-08,2024-10-08T00:15Z,2024,regular,5,False,KC,NO,26.0,13.0,28.0,80.0,460.0,5.8,10.0,321.0,139.0,39.0,3.6,7.8,28.0,39.0,6.0,14.0,1.0,1.0,2.0,7.0,2.0,6.0,55.0,1.0,0.0,1.0,2396.0,14.0,51.0,220.0,4.3,10.0,174.0,46.0,15.0,3.1,4.8,20.0,35.0,4.0,10.0,0.0,2.0,1.0,1.0,1.0,5.0,70.0,1.0,0.0,1.0,1204.0,ESPN BET,1.435,2.95,-5.5,5.5,2.0,1.833,43.5,,
401671819,2024-10-11,2024-10-11T00:15Z,2024,regular,6,False,SEA,SF,24.0,36.0,22.0,73.0,358.0,4.9,12.0,306.0,52.0,20.0,2.6,5.8,30.0,52.0,7.0,16.0,2.0,3.0,2.0,3.0,1.0,9.0,69.0,3.0,1.0,2.0,1617.0,21.0,61.0,483.0,7.9,12.0,255.0,228.0,33.0,6.9,9.1,18.0,28.0,5.0,12.0,0.0,0.0,3.0,5.0,0.0,5.0,34.0,0.0,0.0,0.0,1983.0,ESPN BET,2.65,1.513,3.5,-3.5,1.952,1.87,48.5,,
401671619,2024-10-13,2024-10-13T17:00Z,2024,regular,6,False,NE,HOU,21.0,41.0,17.0,63.0,291.0,4.6,14.0,209.0,82.0,26.0,3.2,5.6,20.0,33.0,3.0,13.0,2.0,2.0,1.0,1.0,4.0,9.0,50.0,4.0,2.0,2.0,1753.0,20.0,62.0,368.0,5.9,14.0,176.0,192.0,28.0,6.9,5.2,20.0,32.0,4.0,11.0,0.0,0.0,3.0,3.0,2.0,4.0,38.0,1.0,0.0,1.0,1847.0,ESPN BET,3.1,1.4,6.5,-6.5,1.952,1.87,39.5,,
401671625,2024-10-13,2024-10-13T17:00Z,2024,regular,6,False,BAL,WSH,30.0,23.0,28.0,65.0,484.0,7.4,9.0,308.0,176.0,37.0,4.8,11.0,20.0,26.0,6.0,10.0,0.0,0.0,3.0,4.0,2.0,3.0,33.0,1.0,0.0,1.0,2168.0,18.0,56.0,305.0,5.4,9.0,253.0,52.0,18.0,2.9,6.7,24.0,35.0,4.0,12.0,1.0,1.0,2.0,3.0,3.0,6.0,46.0,0.0,0.0,0.0,1432.0,ESPN BET,1.286,3.8,-7.5,7.5,1.952,1.87,50.5,,
401671655,2024-10-13,2024-10-13T20:05Z,2024,regular,6,False,DEN,LAC,16.0,23.0,17.0,53.0,316.0,6.0,10.0,206.0,110.0,18.0,6.1,5.9,19.0,33.0,3.0,11.0,2.0,2.0,2.0,2.0,2.0,7.0,37.0,2.0,1.0,1.0,1357.0,22.0,75.0,350.0,4.7,11.0,222.0,128.0,38.0,3.4,6.0,21.0,34.0,11.0,18.0,0.0,0.0,1.0,3.0,3.0,3.0,20.0,0.0,0.0,0.0,2243.0,ESPN BET,2.3,1.667,2.5,-2.5,2.0,1.833,37.5,,
401671657,2024-10-13,2024-10-13T20:05Z,2024,regular,6,False,LV,PIT,13.0,32.0,16.0,60.0,275.0,4.6,11.0,218.0,57.0,19.0,3.0,5.3,27.0,40.0,2.0,11.0,1.0,3.0,2.0,3.0,1.0,4.0,42.0,3.0,2.0,1.0,1689.0,18.0,62.0,293.0,4.7,11.0,110.0,183.0,35.0,5.2,4.1,14.0,24.0,4.0,13.0,1.0,1.0,2.0,4.0,3.0,7.0,50.0,0.0,0.0,0.0,1911.0,ESPN BET,2.45,1.588,3.5,-3.5,1.833,2.0,36.5,,
401671714,2024-10-13,2024-10-13T17:00Z,2024,regular,6,False,PHI,CLE,20.0,16.0,19.0,62.0,372.0,6.0,10.0,256.0,116.0,36.0,3.2,9.8,16.0,25.0,5.0,14.0,2.0,2.0,0.0,1.0,1.0,5.0,40.0,0.0,0.0,0.0,1713.0,14.0,53.0,244.0,4.6,8.0,144.0,100.0,25.0,4.0,5.1,16.0,23.0,3.0,12.0,1.0,1.0,0.0,1.0,5.0,7.0,55.0,0.0,0.0,0.0,1887.0,ESPN BET,1.235,4.4,-8.5,8.5,1.952,1.87,42.5,,
401671722,2024-10-13,2024-10-13T17:00Z,2024,regular,6,False,GB,ARI,34.0,13.0,27.0,70.0,437.0,6.2,11.0,258.0,179.0,38.0,4.7,8.1,22.0,32.0,7.0,12.0,1.0,1.0,2.0,4.0,0.0,5.0,40.0,1.0,0.0,1.0,2195.0,16.0,55.0,303.0,5.5,10.0,214.0,89.0,23.0,3.9,6.7,22.0,32.0,4.0,10.0,0.0,0.0,1.0,3.0,0.0,13.0,100.0,3.0,3.0,0.0,1405.0,ESPN BET,1.357,3.3,-6.5,6.5,1.952,1.87,46.5,,
401671735,2024-10-13,2024-10-13T17:00Z,2024,regular,6,False,NO,TB,27.0,51.0,19.0,66.0,303.0,4.6,14.0,222.0,81.0,21.0,3.9,4.9,22.0,40.0,4.0,13.0,1.0,1.0,2.0,4.0,5.0,7.0,70.0,3.0,1.0,2.0,1558.0,31.0,72.0,594.0,8.2,14.0,317.0,277.0,35.0,7.9,8.6,24.0,36.0,6.0,10.0,0.0,0.0,4.0,5.0,1.0,12.0,86.0,3.0,0.0,3.0,2042.0,ESPN BET,2.55,1.541,3.5,-3.5,1.909,1.909,42.5,,
401671764,2024-10-13,2024-10-13T20:25Z,2024,regular,6,False,DAL,DET,9.0,47.0,16.0,65.0,251.0,3.9,11.0,198.0,53.0,17.0,3.1,4.1,25.0,44.0,3.0,13.0,1.0,4.0,0.0,3.0,4.0,4.0,30.0,5.0,2.0,3.0,1517.0,27.0,66.0,492.0,7.5,12.0,308.0,184.0,36.0,5.1,10.3,19.0,27.0,4.0,10.0,1.0,2.0,3.0,5.0,3.0,8.0,63.0,0.0,0.0,0.0,2083.0,ESPN BET,2.6,1.526,3.5,-3.5,1.909,1.909,52.5,,
401671769,2024-10-13,2024-10-13T20:25Z,2024,regular,6,False,CAR,ATL,20.0,38.0,21.0,62.0,335.0,5.4,10.0,221.0,114.0,24.0,4.8,5.8,26.0,38.0,5.0,11.0,0.0,1.0,2.0,3.0,0.0,10.0,74.0,2.0,0.0,2.0,1760.0,25.0,68.0,423.0,6.2,11.0,225.0,198.0,38.0,5.2,7.5,19.0,30.0,6.0,12.0,0.0,0.0,4.0,8.0,0.0,5.0,45.0,1.0,1.0,0.0,1840.0,ESPN BET,3.2,1.37,6.5,-6.5,1.833,2.0,45.5,,
401671802,2024-10-13,2024-10-13T13:30Z,2024,regular,6,True,CHI,JAX,35.0,16.0,25.0,61.0,373.0,6.1,10.0,221.0,152.0,29.0,5.2,6.9,23.0,29.0,5.0,11.0,1.0,1.0,4.0,4.0,3.0,2.0,10.0,1.0,0.0,1.0,1840.0,17.0,60.0,278.0,4.6,10.0,210.0,68.0,20.0,3.4,5.3,24.0,36.0,7.0,15.0,2.0,2.0,2.0,3.0,4.0,8.0,43.0,2.0,1.0,1.0,1760.0,ESPN BET,2.05,1.8,1.5,-1.5,1.952,1.87,44.5,,
401671820,2024-10-13,2024-10-13T17:00Z,2024,regular,6,False,TEN,IND,17.0,20.0,16.0,55.0,241.0,4.4,11.0,95.0,146.0,28.0,5.2,3.5,16.0,27.0,4.0,11.0,1.0,1.0,2.0,2.0,0.0,11.0,113.0,1.0,0.0,1.0,1832.0,20.0,66.0,269.0,4.1,10.0,189.0,80.0,28.0,2.9,5.0,22.0,38.0,7.0,15.0,1.0,1.0,1.0,3.0,0.0,5.0,40.0,1.0,0.0,1.0,1768.0,ESPN BET,1.714,2.2,-2.5,2.5,1.909,1.909,41.5,,
401671791,2024-10-14,2024-10-14T00:20Z,2024,regular,6,False,NYG,CIN,7.0,17.0,24.0,74.0,309.0,4.2,11.0,190.0,119.0,31.0,3.8,4.4,22.0,41.0,5.0,15.0,3.0,5.0,1.0,2.0,2.0,2.0,9.0,1.0,0.0,1.0,2047.0,13.0,52.0,304.0,5.8,11.0,183.0,121.0,20.0,6.1,5.7,19.0,28.0,4.0,11.0,0.0,0.0,0.0,1.0,4.0,6.0,67.0,1.0,1.0,0.0,1553.0,ESPN BET,2.7,1.5,4.5,-4.5,1.87,1.952,45.5,,
401671684,2024-10-15,2024-10-15T00:15Z,2024,regular,6,False,NYJ,BUF,20.0,23.0,20.0,59.0,393.0,6.7,9.0,272.0,121.0,21.0,5.8,7.2,23.0,35.0,4.0,12.0,0.0,0.0,1.0,4.0,3.0,11.0,110.0,1.0,0.0,1.0,1826.0,24.0,60.0,359.0,6.0,9.0,210.0,149.0,33.0,4.5,7.8,19.0,25.0,5.0,11.0,0.0,0.0,3.0,4.0,2.0,11.0,94.0,0.0,0.0,0.0,1774.0,ESPN BET,2.0,1.833,1.5,-1.5,1.87,1.952,42.5,,
401671816,2024-10-18,2024-10-18T00:15Z,2024,regular,7,False,NO,DEN,10.0,33.0,15.0,66.0,271.0,4.1,12.0,174.0,97.0,21.0,4.6,3.9,28.0,39.0,5.0,17.0,3.0,4.0,1.0,2.0,6.0,5.0,35.0,2.0,2.0,0.0,1604.0,22.0,61.0,389.0,6.4,11.0,164.0,225.0,35.0,6.4,6.3,16.0,26.0,4.0,11.0,0.0,0.0,2.0,3.0,0.0,7.0,47.0,1.0,1.0,0.0,1996.0,ESPN BET,2.25,1.69,2.5,-2.5,2.02,1.8,37.5,,
401671616,2024-10-20,2024-10-20T17:00Z,2024,regular,7,False,BUF,TEN,34.0,10.0,18.0,54.0,389.0,7.2,11.0,315.0,74.0,20.0,3.7,9.3,21.0,33.0,3.0,10.0,0.0,0.0,4.0,6.0,1.0,5.0,40.0,0.0,0.0,0.0,1634.0,18.0,67.0,289.0,4.3,12.0,200.0,89.0,24.0,3.7,4.7,25.0,40.0,6.0,16.0,1.0,2.0,1.0,3.0,3.0,8.0,52.0,2.0,1.0,1.0,1966.0,ESPN BET,1.2,4.8,-9.5,9.5,1.909,1.909,41.5,,
401671640,2024-10-20,2024-10-20T20:05Z,2024,regular,7,False,WSH,CAR,40.0,7.0,26.0,63.0,421.0,6.7,9.0,207.0,214.0,37.0,5.8,8.0,20.0,25.0,5.0,10.0,0.0,0.0,3.0,6.0,1.0,8.0,55.0,0.0,0.0,0.0,2105.0,10.0,43.0,180.0,4.2,10.0,85.0,95.0,23.0,4.1,4.3,13.0,18.0,3.0,10.0,0.0,1.0,1.0,1.0,2.0,6.0,59.0,2.0,0.0,2.0,1495.0,ESPN BET,1.167,5.5,-10.5,10.5,1.952,1.87,50.5,,
401671644,2024-10-20,2024-10-20T17:00Z,2024,regular,7,False,GB,HOU,24.0,22.0,18.0,56.0,277.0,4.9,11.0,195.0,82.0,20.0,4.1,5.4,24.0,33.0,4.0,10.0,0.0,0.0,2.0,2.0,3.0,8.0,55.0,3.0,1.0,2.0,1723.0,15.0,58.0,197.0,3.4,12.0,55.0,142.0,33.0,4.3,2.2,10.0,21.0,4.0,13.0,0.0,0.0,2.0,4.0,4.0,5.0,55.0,0.0,0.0,0.0,1877.0,ESPN BET,1.541,2.55,-3.5,3.5,2.0,1.833,47.5,,
401671663,2024-10-20,2024-10-20T20:05Z,2024,regular,7,False,LAR,LV,20.0,15.0,15.0,52.0,259.0,5.0,12.0,144.0,115.0,28.0,4.1,6.0,14.0,23.0,2.0,10.0,0.0,1.0,2.0,3.0,1.0,3.0,28.0,1.0,0.0,1.0,1572.0,20.0,75.0,317.0,4.2,13.0,195.0,122.0,29.0,4.2,4.2,21.0,44.0,3.0,15.0,1.0,1.0,0.0,2.0,2.0,10.0,80.0,4.0,1.0,3.0,2028.0,ESPN BET,1.313,3.6,-7.5,7.5,1.952,1.87,43.5,,
401671710,2024-10-20,2024-10-20T17:00Z,2024,regular,7,False,NYG,PHI,3.0,28.0,10.0,55.0,119.0,2.2,13.0,43.0,76.0,18.0,4.2,1.2,17.0,29.0,3.0,14.0,0.0,0.0,0.0,1.0,8.0,5.0,35.0,0.0,0.0,0.0,1480.0,20.0,65.0,339.0,5.2,13.0,70.0,269.0,45.0,6.0,3.5,10.0,15.0,1.0,13.0,3.0,3.0,3.0,3.0,5.0,6.0,35.0,0.0,0.0,0.0,2120.0,ESPN BET,2.5,1.571,3.5,-3.5,1.87,1.952,42.5,,
401671724,2024-10-20,2024-10-20T17:00Z,2024,regular,7,False,MIN,DET,29.0,31.0,16.0,52.0,383.0,7.4,11.0,244.0,139.0,21.0,6.6,7.9,22.0,27.0,4.0,10.0,0.0,0.0,0.0,0.0,4.0,8.0,59.0,1.0,0.0,1.0,1857.0,19.0,56.0,391.0,7.0,11.0,247.0,144.0,27.0,5.3,8.5,22.0,25.0,4.0,10.0,0.0,1.0,1.0,1.0,4.0,8.0,49.0,1.0,1.0,0.0,1743.0,ESPN BET,1.8,2.05,-1.5,1.5,1.87,1.952,50.5,,
401671730,2024-10-20,2024-10-20T17:00Z,2024,regular,7,False,ATL,SEA,14.0,34.0,22.0,71.0,369.0,5.2,11.0,214.0,155.0,32.0,4.8,5.5,25.0,36.0,8.0,15.0,2.0,2.0,2.0,2.0,3.0,9.0,72.0,3.0,1.0,2.0,1868.0,20.0,56.0,339.0,6.1,9.0,236.0,103.0,26.0,4.0,7.9,19.0,29.0,4.0,11.0,1.0,1.0,1.0,2.0,1.0,5.0,42.0,0.0,0.0,0.0,1732.0,ESPN BET,1.588,2.45,-2.5,2.5,1.769,2.05,51.5,,
401671777,2024-10-20,2024-10-20T20:25Z,2024,regular,7,False,SF,KC,18.0,28.0,19.0,56.0,310.0,5.5,11.0,209.0,101.0,24.0,4.2,6.5,17.0,31.0,2.0,11.0,1.0,1.0,2.0,4.0,1.0,6.0,40.0,3.0,0.0,3.0,1496.0,22.0,68.0,329.0,4.8,11.0,145.0,184.0,39.0,4.7,5.0,16.0,27.0,8.0,14.0,1.0,2.0,4.0,5.0,2.0,4.0,48.0,2.0,0.0,2.0,2104.0,ESPN BET,1.741,2.15,-2.5,2.5,1.87,1.952,47.5,,
401671801,2024-10-20,2024-10-20T13:30Z,2024,regular,7,True,JAX,NE,32.0,16.0,23.0,59.0,364.0,6.2,8.0,193.0,171.0,39.0,4.4,9.7,15.0,20.0,6.0,10.0,0.0,1.0,3.0,5.0,0.0,4.0,24.0,0.0,0.0,0.0,1995.0,17.0,54.0,295.0,5.5,9.0,257.0,38.0,15.0,2.5,6.6,26.0,37.0,6.0,12.0,0.0,1.0,2.0,2.0,2.0,7.0,35.0,0.0,0.0,0.0,1605.0,ESPN BET,1.294,3.7,-6.5,6.5,1.833,2.0,41.5,,
401671853,2024-10-20,2024-10-20T17:00Z,2024,regular,7,False,CLE,CIN,14.0,21.0,18.0,77.0,336.0,4.4,14.0,259.0,77.0,21.0,3.7,4.6,31.0,52.0,8.0,19.0,1.0,2.0,2.0,2.0,4.0,10.0,80.0,2.0,0.0,2.0,2069.0,12.0,53.0,223.0,4.2,14.0,164.0,59.0,25.0,2.4,5.9,15.0,25.0,2.0,13.0,0.0,1.0,1.0,1.0,3.0,3.0,37.0,0.0,0.0,0.0,1531.0,ESPN BET,2.95,1.435,5.5,-5.5,1.909,1.909,42.5,,
401671864,2024-10-20,2024-10-20T17:00Z,2024,regular,7,False,IND,MIA,16.0,10.0,16.0,61.0,284.0,4.7,13.0,129.0,155.0,37.0,4.2,5.4,10.0,24.0,4.0,13.0,0.0,0.0,1.0,3.0,0.0,4.0,25.0,1.0,1.0,0.0,1729.0,18.0,68.0,337.0,5.0,12.0,149.0,188.0,40.0,4.7,5.3,15.0,26.0,6.0,15.0,0.0,1.0,1.0,3.0,2.0,6.0,50.0,2.0,2.0,0.0,1871.0,ESPN BET,1.667,2.3,-3.5,3.5,2.15,1.69,43.5,,
401671785,2024-10-21,2024-10-21T00:20Z,2024,regular,7,False,PIT,NYJ,37.0,15.0,21.0,66.0,409.0,6.2,11.0,260.0,149.0,36.0,4.1,8.7,16.0,29.0,5.0,14.0,2.0,2.0,4.0,6.0,1.0,4.0,36.0,0.0,0.0,0.0,1929.0,17.0,55.0,323.0,5.9,12.0,269.0,54.0,15.0,3.6,6.7,24.0,39.0,3.0,10.0,1.0,2.0,2.0,3.0,1.0,5.0,50.0,2.0,0.0,2.0,1671.0,ESPN BET,2.35,1.645,2.5,-2.5,2.02,1.8,40.5,,
401671695,2024-10-22,2024-10-22T00:15Z,2024,regular,7,False,TB,BAL,31.0,41.0,28.0,78.0,481.0,6.2,12.0,356.0,125.0,30.0,4.2,7.4,31.0,45.0,11.0,17.0,1.0,1.0,3.0,5.0,3.0,8.0,75.0,2.0,0.0,2.0,2105.0,22.0,54.0,508.0,9.4,10.0,264.0,244.0,30.0,8.1,11.0,17.0,22.0,3.0,8.0,1.0,1.0,4.0,5.0,2.0,9.0,85.0,1.0,1.0,0.0,1495.0,ESPN BET,2.9,1.444,4.5,-4.5,1.909,1.909,50.5,,
401671699,2024-10-22,2024-10-22T01:00Z,2024,regular,7,False,ARI,LAC,17.0,15.0,22.0,55.0,326.0,5.9,9.0,145.0,181.0,29.0,6.2,5.6,14.0,26.0,2.0,7.0,0.0,1.0,1.0,2.0,0.0,3.0,15.0,1.0,0.0,1.0,1546.0,20.0,64.0,395.0,6.2,8.0,336.0,59.0,22.0,2.7,8.0,27.0,39.0,6.0,14.0,1.0,1.0,0.0,1.0,3.0,5.0,57.0,2.0,2.0,0.0,2054.0,ESPN BET,2.0,1.833,1.5,-1.5,1.87,1.952,44.5,,
401671817,2024-10-25,2024-10-25T00:15Z,2024,regular,8,False,LAR,MIN,30.0,20.0,26.0,66.0,386.0,5.8,9.0,279.0,107.0,32.0,3.3,8.2,25.0,34.0,4.0,10.0,1.0,1.0,3.0,3.0,0.0,6.0,40.0,1.0,0.0,1.0,2017.0,17.0,50.0,276.0,5.5,9.0,212.0,64.0,22.0,2.9,7.6,18.0,25.0,2.0,7.0,0.0,0.0,2.0,4.0,3.0,9.0,50.0,0.0,0.0,0.0,1583.0,ESPN BET,2.3,1.667,2.5,-2.5,2.0,1.833,46.5,,
401671599,2024-10-27,2024-10-27T20:25Z,2024,regular,8,False,WSH,CHI,18.0,15.0,23.0,72.0,481.0,6.7,12.0,313.0,168.0,32.0,5.3,7.8,21.0,38.0,5.0,15.0,0.0,0.0,0.0,3.0,2.0,5.0,30.0,0.0,0.0,0.0,1936.0,15.0,60.0,307.0,5.1,11.0,105.0,202.0,33.0,6.1,3.9,10.0,24.0,2.0,12.0,0.0,1.0,1.0,2.0,3.0,8.0,60.0,1.0,1.0,0.0,1664.0,ESPN BET,1.833,2.0,-1.5,1.5,1.952,1.87,46.5,,
401671600,2024-10-27,2024-10-27T20:25Z,2024,regular,8,False,DEN,CAR,28.0,14.0,23.0,73.0,400.0,5.5,12.0,298.0,102.0,32.0,3.2,7.3,30.0,39.0,11.0,17.0,1.0,2.0,4.0,5.0,2.0,4.0,43.0,2.0,2.0,0.0,1990.0,16.0,60.0,284.0,4.7,11.0,215.0,69.0,20.0,3.5,5.4,24.0,38.0,5.0,14.0,1.0,4.0,2.0,3.0,2.0,8.0,49.0,2.0,0.0,2.0,1610.0,ESPN BET,1.154,5.25,-12.5,12.5,1.87,1.952,40.5,,
401671618,2024-10-27,2024-10-27T17:00Z,2024,regular,8,False,NE,NYJ,25.0,22.0,19.0,63.0,248.0,3.9,10.0,136.0,112.0,31.0,3.6,4.3,18.0,30.0,7.0,15.0,1.0,1.0,3.0,4.0,2.0,5.0,50.0,0.0,0.0,0.0,1826.0,22.0,57.0,336.0,5.9,10.0,224.0,112.0,28.0,4.0,7.7,17.0,28.0,4.0,10.0,0.0,0.0,3.0,5.0,1.0,8.0,55.0,0.0,0.0,0.0,1774.0,ESPN BET,3.7,1.294,7.5,-7.5,1.909,1.909,41.5,,
401671667,2024-10-27,2024-10-27T17:00Z,2024,regular,8,False,CIN,PHI,17.0,37.0,18.0,58.0,280.0,4.8,9.0,222.0,58.0,20.0,2.9,5.8,26.0,37.0,10.0,13.0,0.0,1.0,2.0,3.0,1.0,1.0,3.0,2.0,1.0,1.0,1692.0,24.0,59.0,397.0,6.7,8.0,236.0,161.0,39.0,4.1,11.8,16.0,20.0,6.0,11.0,1.0,1.0,3.0,5.0,0.0,4.0,40.0,0.0,0.0,0.0,1908.0,ESPN BET,1.667,2.3,-2.5,2.5,1.833,2.0,47.5,,
401671671,2024-10-27,2024-10-27T20:25Z,2024,regular,8,False,LV,KC,20.0,27.0,15.0,56.0,228.0,4.1,9.0,195.0,33.0,21.0,1.6,5.6,24.0,30.0,6.0,13.0,1.0,2.0,2.0,4.0,5.0,5.0,32.0,1.0,1.0,0.0,1650.0,23.0,68.0,334.0,4.9,9.0,252.0,82.0,29.0,2.8,6.5,27.0,38.0,12.0,16.0,0.0,0.0,3.0,4.0,1.0,8.0,55.0,1.0,0.0,1.0,1950.0,ESPN BET,4.2,1.235,8.5,-8.5,1.909,1.909,42.5,,
401671707,2024-10-27,2024-10-27T17:00Z,2024,regular,8,False,JAX,GB,27.0,30.0,19.0,56.0,390.0,7.0,12.0,299.0,91.0,23.0,4.0,9.1,21.0,32.0,1.0,9.0,1.0,1.0,3.0,3.0,1.0,8.0,59.0,2.0,1.0,1.0,1551.0,22.0,67.0,422.0,6.3,13.0,252.0,170.0,39.0,4.4,9.0,18.0,27.0,3.0,11.0,0.0,0.0,2.0,6.0,1.0,3.0,20.0,1.0,0.0,1.0,2049.0,ESPN BET,2.55,1.541,3.5,-3.5,1.952,1.87,49.5,,
401671720,2024-10-27,2024-10-27T17:00Z,2024,regular,8,False,DET,TEN,52.0,14.0,17.0,47.0,225.0,4.8,13.0,61.0,164.0,24.0,6.8,2.7,15.0,19.0,3.0,9.0,0.0,0.0,5.0,5.0,4.0,3.0,29.0,0.0,0.0,0.0,1463.0,23.0,71.0,416.0,5.9,14.0,258.0,158.0,32.0,4.9,6.6,22.0,38.0,3.0,11.0,1.0,2.0,2.0,4.0,1.0,8.0,60.0,4.0,2.0,2.0,2137.0,ESPN BET,1.154,5.25,-12.5,12.5,1.909,1.909,46.5,,
401671739,2024-10-27,2024-10-27T17:00Z,2024,regular,8,False,TB,ATL,26.0,31.0,24.0,72.0,432.0,6.0,11.0,330.0,102.0,22.0,4.6,6.6,37.0,50.0,9.0,14.0,1.0,2.0,3.0,3.0,0.0,6.0,45.0,3.0,1.0,2.0,1954.0,20.0,60.0,394.0,6.6,10.0,265.0,129.0,29.0,4.4,8.5,23.0,29.0,6.0,12.0,2.0,2.0,1.0,1.0,2.0,4.0,43.0,0.0,0.0,0.0,1646.0,ESPN BET,2.0,1.833,0.5,-0.5,1.909,1.909,47.5,,
401671750,2024-10-27,2024-10-27T20:05Z,2024,regular,8,False,LAC,NO,26.0,8.0,19.0,64.0,378.0,5.9,13.0,256.0,122.0,29.0,4.2,7.3,20.0,32.0,3.0,12.0,0.0,1.0,2.0,3.0,3.0,4.0,34.0,0.0,0.0,0.0,1868.0,15.0,68.0,366.0,5.4,13.0,249.0,117.0,21.0,5.6,5.3,22.0,42.0,2.0,16.0,1.0,1.0,0.0,1.0,5.0,7.0,66.0,0.0,0.0,0.0,1732.0,ESPN BET,1.263,3.9,-7.5,7.5,2.0,1.833,41.5,,
401671760,2024-10-27,2024-10-27T20:05Z,2024,regular,8,False,SEA,BUF,10.0,31.0,17.0,47.0,233.0,5.0,9.0,201.0,32.0,17.0,1.9,6.7,21.0,29.0,1.0,7.0,0.0,1.0,1.0,3.0,1.0,11.0,82.0,2.0,1.0,1.0,1317.0,29.0,69.0,445.0,6.4,10.0,281.0,164.0,34.0,4.8,8.0,24.0,34.0,8.0,15.0,1.0,1.0,4.0,6.0,1.0,13.0,85.0,1.0,0.0,1.0,2283.0,ESPN BET,2.45,1.588,3.5,-3.5,1.8,2.02,45.5,,
401671850,2024-10-27,2024-10-27T17:00Z,2024,regular,8,False,MIA,ARI,27.0,28.0,22.0,64.0,377.0,5.9,8.0,227.0,150.0,25.0,6.0,5.8,28.0,38.0,11.0,15.0,0.0,0.0,3.0,4.0,1.0,2.0,15.0,0.0,0.0,0.0,1831.0,22.0,62.0,389.0,6.3,9.0,307.0,82.0,26.0,3.2,8.5,26.0,36.0,7.0,13.0,0.0,0.0,2.0,3.0,0.0,4.0,29.0,0.0,0.0,0.0,1769.0,ESPN BET,1.444,2.9,-4.5,4.5,1.909,1.909,46.5,,
401671852,2024-10-27,2024-10-27T17:00Z,2024,regular,8,False,CLE,BAL,29.0,24.0,22.0,66.0,401.0,6.1,11.0,321.0,80.0,23.0,3.5,7.5,27.0,41.0,8.0,15.0,0.0,0.0,0.0,2.0,2.0,7.0,74.0,1.0,1.0,0.0,1866.0,22.0,62.0,387.0,6.2,11.0,263.0,124.0,21.0,5.9,6.4,23.0,38.0,2.0,10.0,0.0,2.0,3.0,4.0,3.0,7.0,53.0,0.0,0.0,0.0,1734.0,ESPN BET,3.6,1.313,7.5,-7.5,1.833,2.0,44.5,,
401671856,2024-10-27,2024-10-27T17:00Z,2024,regular,8,False,HOU,IND,23.0,20.0,21.0,68.0,363.0,5.3,12.0,267.0,96.0,29.0,3.3,6.8,25.0,37.0,4.0,13.0,0.0,0.0,2.0,6.0,2.0,5.0,30.0,1.0,1.0,0.0,2120.0,17.0,63.0,303.0,4.8,13.0,140.0,163.0,26.0,6.3,3.8,10.0,32.0,2.0,13.0,2.0,2.0,1.0,2.0,5.0,9.0,57.0,2.0,1.0,1.0,1480.0,ESPN BET,1.476,2.75,-4.5,4.5,1.952,1.87,45.5,,
401671795,2024-10-28,2024-10-28T00:20Z,2024,regular,8,False,SF,DAL,30.0,24.0,19.0,64.0,469.0,7.3,12.0,246.0,223.0,36.0,6.2,8.8,18.0,26.0,8.0,16.0,0.0,1.0,3.0,4.0,2.0,9.0,73.0,0.0,0.0,0.0,1992.0,18.0,59.0,292.0,4.9,12.0,236.0,56.0,19.0,2.9,5.9,25.0,38.0,4.0,12.0,1.0,2.0,2.0,3.0,2.0,6.0,30.0,2.0,0.0,2.0,1608.0,ESPN BET,1.417,3.0,-5.5,5.5,1.952,1.87,47.5,,
401671685,2024-10-29,2024-10-29T00:15Z,2024,regular,8,False,PIT,NYG,26.0,18.0,20.0,63.0,426.0,6.8,11.0,259.0,167.0,31.0,5.4,8.1,20.0,28.0,6.0,13.0,0.0,0.0,0.0,4.0,4.0,5.0,50.0,1.0,1.0,0.0,1758.0,17.0,67.0,394.0,5.9,11.0,237.0,157.0,25.0,6.3,5.6,24.0,38.0,5.0,15.0,1.0,1.0,0.0,3.0,4.0,11.0,65.0,2.0,1.0,1.0,1842.0,ESPN BET,1.37,3.2,-6.5,6.5,1.952,1.87,37.5,,
401671809,2024-11-01,2024-11-01T00:15Z,2024,regular,9,False,NYJ,HOU,21.0,13.0,17.0,55.0,293.0,5.3,10.0,193.0,100.0,21.0,4.8,5.7,22.0,32.0,5.0,12.0,1.0,1.0,2.0,3.0,2.0,9.0,83.0,1.0,1.0,0.0,1578.0,21.0,75.0,322.0,4.3,10.0,135.0,187.0,36.0,5.2,3.5,11.0,31.0,6.0,17.0,2.0,2.0,1.0,4.0,8.0,7.0,60.0,1.0,1.0,0.0,2022.0,ESPN BET,1.69,2.25,-2.5,2.5,1.909,1.909,43.5,,
401671493,2024-11-03,2024-11-03T18:00Z,2024,regular,9,False,BUF,MIA,30.0,27.0,24.0,59.0,325.0,5.5,8.0,231.0,94.0,19.0,4.9,5.8,25.0,39.0,5.0,10.0,1.0,1.0,2.0,5.0,1.0,4.0,40.0,1.0,0.0,1.0,1687.0,26.0,60.0,373.0,6.2,9.0,224.0,149.0,31.0,4.8,7.7,25.0,28.0,4.0,8.0,1.0,1.0,3.0,4.0,1.0,8.0,57.0,1.0,1.0,0.0,1913.0,ESPN BET,1.37,3.2,-6.5,6.5,1.952,1.87,49.5,,
401671623,2024-11-03,2024-11-03T18:00Z,2024,regular,9,False,BAL,DEN,41.0,10.0,25.0,54.0,396.0,7.3,10.0,269.0,127.0,34.0,3.7,13.5,16.0,19.0,3.0,8.0,0.0,0.0,4.0,6.0,1.0,6.0,53.0,0.0,0.0,0.0,1911.0,20.0,68.0,319.0,4.7,10.0,197.0,122.0,30.0,4.1,5.2,20.0,34.0,6.0,14.0,1.0,5.0,1.0,4.0,4.0,9.0,71.0,1.0,0.0,1.0,1689.0,ESPN BET,1.25,4.0,-8.5,8.5,1.909,1.909,46.5,,
401671629,2024-11-03,2024-11-03T18:00Z,2024,regular,9,False,CLE,LAC,10.0,27.0,21.0,76.0,292.0,3.8,13.0,213.0,79.0,24.0,3.3,4.1,26.0,46.0,6.0,17.0,2.0,3.0,1.0,3.0,6.0,4.0,25.0,3.0,0.0,3.0,2049.0,13.0,56.0,342.0,6.1,14.0,246.0,96.0,23.0,4.2,7.5,18.0,27.0,5.0,14.0,1.0,1.0,3.0,3.0,6.0,5.0,35.0,0.0,0.0,0.0,1551.0,ESPN BET,2.05,1.8,1.5,-1.5,1.952,1.87,41.5,,
401671650,2024-11-03,2024-11-03T18:00Z,2024,regular,9,False,CAR,NO,23.0,22.0,15.0,50.0,246.0,4.9,11.0,166.0,80.0,23.0,3.5,6.1,16.0,26.0,4.0,10.0,0.0,0.0,3.0,3.0,1.0,6.0,55.0,1.0,0.0,1.0,1541.0,25.0,74.0,427.0,5.8,11.0,230.0,197.0,41.0,4.8,7.0,18.0,32.0,5.0,15.0,2.0,3.0,2.0,4.0,1.0,10.0,109.0,0.0,0.0,0.0,2059.0,ESPN BET,3.5,1.333,7.5,-7.5,1.833,2.0,43.5,,
401671661,2024-11-03,2024-11-03T21:05Z,2024,regular,9,False,ARI,CHI,29.0,9.0,18.0,57.0,350.0,6.1,11.0,137.0,213.0,34.0,6.3,6.0,13.0,20.0,5.0,13.0,0.0,1.0,2.0,3.0,3.0,2.0,15.0,2.0,2.0,0.0,1739.0,16.0,70.0,241.0,3.4,12.0,172.0,69.0,23.0,3.0,3.7,22.0,41.0,3.0,14.0,2.0,4.0,0.0,1.0,6.0,6.0,33.0,0.0,0.0,0.0,1861.0,ESPN BET,1.8,2.05,-1.5,1.5,1.909,1.909,44.5,,
401671704,2024-11-03,2024-11-03T18:00Z,2024,regular,9,False,CIN,LV,41.0,24.0,26.0,71.0,373.0,5.3,13.0,243.0,130.0,31.0,4.2,6.1,27.0,39.0,8.0,15.0,1.0,1.0,4.0,5.0,1.0,7.0,60.0,1.0,0.0,1.0,2114.0,16.0,59.0,217.0,3.7,11.0,157.0,60.0,21.0,2.9,4.1,21.0,33.0,5.0,13.0,0.0,1.0,1.0,1.0,5.0,6.0,51.0,2.0,2.0,0.0,1486.0,ESPN BET,1.263,3.9,-7.5,7.5,1.909,1.909,44.5,,
401671711,2024-11-03,2024-11-03T18:00Z,2024,regular,9,False,NYG,WSH,22.0,27.0,25.0,59.0,326.0,5.5,8.0,162.0,164.0,31.0,5.3,5.8,20.0,26.0,6.0,11.0,2.0,2.0,2.0,3.0,2.0,4.0,51.0,1.0,1.0,0.0,1920.0,21.0,60.0,358.0,6.0,8.0,209.0,149.0,38.0,3.9,9.5,15.0,22.0,5.0,12.0,2.0,2.0,3.0,6.0,0.0,5.0,52.0,0.0,0.0,0.0,1680.0,ESPN BET,2.7,1.5,3.5,-3.5,1.909,1.909,42.5,,
401671728,2024-11-03,2024-11-03T18:00Z,2024,regular,9,False,ATL,DAL,27.0,21.0,17.0,56.0,310.0,5.5,11.0,210.0,100.0,30.0,3.3,8.1,19.0,24.0,4.0,13.0,2.0,2.0,3.0,3.0,2.0,4.0,26.0,1.0,1.0,0.0,1760.0,23.0,74.0,378.0,5.1,11.0,241.0,137.0,21.0,6.5,4.5,31.0,50.0,3.0,13.0,1.0,5.0,2.0,3.0,3.0,9.0,55.0,0.0,0.0,0.0,1840.0,ESPN BET,1.588,2.45,-3.5,3.5,2.05,1.769,51.5,,
401671767,2024-11-03,2024-11-03T21:25Z,2024,regular,9,False,GB,DET,14.0,24.0,20.0,62.0,411.0,6.6,9.0,273.0,138.0,23.0,6.0,7.0,23.0,39.0,3.0,12.0,2.0,3.0,1.0,4.0,0.0,10.0,67.0,1.0,0.0,1.0,1729.0,17.0,55.0,261.0,4.7,8.0,137.0,124.0,32.0,3.9,6.0,18.0,22.0,4.0,12.0,2.0,2.0,2.0,4.0,1.0,5.0,51.0,0.0,0.0,0.0,1871.0,ESPN BET,2.3,1.667,2.5,-2.5,2.02,1.8,48.5,,
401671776,2024-11-03,2024-11-03T21:25Z,2024,regular,9,False,SEA,LAR,20.0,26.0,20.0,74.0,424.0,5.7,15.0,317.0,107.0,33.0,3.2,7.7,21.0,34.0,4.0,15.0,2.0,3.0,1.0,4.0,7.0,12.0,95.0,3.0,0.0,3.0,1973.0,22.0,68.0,366.0,5.4,14.0,298.0,68.0,24.0,2.8,6.8,25.0,44.0,3.0,13.0,0.0,0.0,1.0,3.0,0.0,8.0,83.0,1.0,0.0,1.0,1930.0,ESPN BET,2.1,1.8,2.0,-2.0,1.909,1.909,48.5,,
401671797,2024-11-03,2024-11-03T21:05Z,2024,regular,9,False,PHI,JAX,28.0,23.0,21.0,73.0,447.0,6.1,13.0,210.0,237.0,46.0,5.2,7.8,18.0,24.0,9.0,17.0,0.0,2.0,3.0,4.0,3.0,8.0,67.0,1.0,1.0,0.0,2292.0,14.0,51.0,215.0,4.2,11.0,155.0,60.0,18.0,3.3,4.7,16.0,31.0,3.0,10.0,1.0,2.0,2.0,3.0,2.0,4.0,17.0,3.0,1.0,2.0,1308.0,ESPN BET,1.345,3.4,-7.5,7.5,1.952,1.87,46.5,,
401671822,2024-11-03,2024-11-03T18:00Z,2024,regular,9,False,TEN,NE,20.0,17.0,24.0,73.0,400.0,5.5,11.0,233.0,167.0,39.0,4.3,6.9,20.0,33.0,7.0,16.0,0.0,1.0,2.0,5.0,1.0,10.0,67.0,1.0,0.0,1.0,2324.0,20.0,65.0,295.0,4.5,11.0,185.0,110.0,20.0,5.5,4.1,29.0,41.0,3.0,11.0,1.0,1.0,2.0,2.0,4.0,8.0,58.0,3.0,1.0,2.0,1749.0,ESPN BET,1.541,2.55,-3.5,3.5,2.0,1.833,38.5,,
401671647,2024-11-04,2024-11-04T01:20Z,2024,regular,9,False,MIN,IND,21.0,13.0,29.0,71.0,415.0,5.8,11.0,282.0,133.0,32.0,4.2,7.2,29.0,35.0,6.0,12.0,1.0,1.0,3.0,5.0,4.0,3.0,41.0,3.0,1.0,2.0,2214.0,13.0,49.0,227.0,4.6,10.0,159.0,68.0,19.0,3.6,5.3,16.0,27.0,3.0,11.0,1.0,2.0,0.0,0.0,3.0,7.0,50.0,2.0,1.0,1.0,1386.0,ESPN BET,1.385,3.15,-5.5,5.5,1.833,2.0,46.5,,
401671688,2024-11-05,2024-11-05T01:15Z,2024,regular,9,False,KC,TB,30.0,24.0,28.0,83.0,384.0,4.6,11.0,260.0,124.0,35.0,3.5,5.4,34.0,44.0,12.0,18.0,1.0,1.0,4.0,4.0,4.0,3.0,30.0,1.0,1.0,0.0,2442.0,17.0,52.0,284.0,5.5,9.0,189.0,95.0,19.0,5.0,5.7,23.0,31.0,5.0,11.0,0.0,0.0,3.0,3.0,2.0,6.0,50.0,0.0,0.0,0.0,1510.0,ESPN BET,1.222,4.4,-8.5,8.5,1.952,1.87,45.5,,
401671810,2024-11-08,2024-11-08T01:15Z,2024,regular,10,False,BAL,CIN,35.0,34.0,20.0,58.0,389.0,6.7,12.0,290.0,99.0,25.0,4.0,8.8,25.0,33.0,7.0,12.0,0.0,0.0,4.0,4.0,0.0,11.0,81.0,0.0,0.0,0.0,1705.0,27.0,75.0,470.0,6.3,11.0,421.0,49.0,16.0,3.1,7.1,34.0,56.0,8.0,16.0,2.0,4.0,3.0,3.0,3.0,3.0,23.0,1.0,1.0,0.0,1895.0,ESPN BET,1.357,3.3,-5.5,5.5,1.833,2.0,52.5,,
401671637,2024-11-10,2024-11-10T18:00Z,2024,regular,10,False,KC,DEN,16.0,14.0,19.0,65.0,300.0,4.6,8.0,243.0,57.0,19.0,3.0,5.3,28.0,42.0,7.0,16.0,2.0,2.0,1.0,4.0,4.0,3.0,10.0,0.0,0.0,0.0,2001.0,16.0,55.0,260.0,4.7,9.0,182.0,78.0,23.0,3.4,5.7,22.0,30.0,7.0,13.0,0.0,0.0,1.0,2.0,2.0,6.0,35.0,0.0,0.0,0.0,1599.0,ESPN BET,1.263,3.9,-7.5,7.5,2.0,1.833,41.5,,
401671641,2024-11-10,2024-11-10T18:00Z,2024,regular,10,False,WSH,PIT,27.0,28.0,19.0,59.0,242.0,4.1,12.0,182.0,60.0,22.0,2.7,4.9,17.0,34.0,5.0,14.0,0.0,1.0,3.0,3.0,3.0,5.0,41.0,1.0,1.0,0.0,1429.0,21.0,75.0,312.0,4.2,14.0,172.0,140.0,43.0,3.3,5.4,14.0,29.0,7.0,16.0,1.0,2.0,3.0,4.0,3.0,5.0,49.0,2.0,1.0,1.0,2171.0,ESPN BET,1.769,2.1,-1.5,1.5,1.87,1.952,45.5,,
401671676,2024-11-10,2024-11-10T21:25Z,2024,regular,10,False,DAL,PHI,6.0,34.0,11.0,56.0,146.0,2.6,13.0,49.0,97.0,24.0,4.0,1.5,17.0,29.0,3.0,14.0,2.0,2.0,0.0,2.0,3.0,5.0,40.0,5.0,4.0,1.0,1559.0,24.0,65.0,348.0,5.4,14.0,161.0,187.0,38.0,4.9,6.0,15.0,22.0,4.0,11.0,1.0,1.0,4.0,5.0,5.0,7.0,49.0,2.0,1.0,1.0,2041.0,ESPN BET,3.4,1.345,7.5,-7.5,1.8,2.02,44.5,,
401671678,2024-11-10,2024-11-10T21:25Z,2024,regular,10,False,ARI,NYJ,31.0,6.0,28.0,57.0,406.0,7.1,7.0,259.0,147.0,32.0,4.6,10.4,22.0,24.0,5.0,7.0,1.0,1.0,4.0,5.0,1.0,5.0,58.0,0.0,0.0,0.0,1962.0,17.0,55.0,207.0,3.8,6.0,128.0,79.0,17.0,4.6,3.4,22.0,35.0,6.0,13.0,1.0,3.0,0.0,3.0,3.0,3.0,25.0,1.0,1.0,0.0,1638.0,ESPN BET,2.1,1.769,1.5,-1.5,1.909,1.909,46.5,,
401671708,2024-11-10,2024-11-10T18:00Z,2024,regular,10,False,JAX,MIN,7.0,12.0,10.0,43.0,143.0,3.3,10.0,87.0,56.0,18.0,3.1,3.5,14.0,22.0,5.0,11.0,0.0,0.0,1.0,1.0,3.0,3.0,25.0,3.0,1.0,2.0,1061.0,28.0,82.0,402.0,4.9,10.0,233.0,169.0,43.0,3.9,6.0,24.0,38.0,5.0,14.0,1.0,1.0,0.0,5.0,1.0,6.0,40.0,3.0,0.0,3.0,2539.0,ESPN BET,3.5,1.333,7.5,-7.5,1.87,1.952,42.5,,
401671733,2024-11-10,2024-11-10T18:00Z,2024,regular,10,False,NO,ATL,20.0,17.0,14.0,52.0,365.0,7.0,11.0,269.0,96.0,27.0,3.6,10.8,16.0,25.0,5.0,13.0,0.0,1.0,1.0,3.0,0.0,8.0,76.0,0.0,0.0,0.0,1493.0,25.0,73.0,468.0,6.4,11.0,287.0,181.0,32.0,5.7,7.0,23.0,38.0,5.0,14.0,1.0,2.0,1.0,3.0,3.0,6.0,45.0,1.0,0.0,1.0,2107.0,ESPN BET,2.6,1.526,4.5,-4.5,1.833,2.0,47.5,,
401671742,2024-11-10,2024-11-10T18:00Z,2024,regular,10,False,TB,SF,20.0,23.0,18.0,58.0,215.0,3.7,10.0,105.0,110.0,27.0,4.1,3.4,18.0,29.0,5.0,14.0,1.0,1.0,2.0,4.0,2.0,5.0,42.0,0.0,0.0,0.0,1692.0,24.0,61.0,413.0,6.8,10.0,338.0,75.0,22.0,3.4,8.7,25.0,36.0,5.0,11.0,0.0,0.0,1.0,3.0,3.0,6.0,49.0,1.0,1.0,0.0,1908.0,ESPN BET,3.5,1.333,6.5,-6.5,1.909,1.909,50.5,,
401671751,2024-11-10,2024-11-10T21:05Z,2024,regular,10,False,LAC,TEN,27.0,17.0,23.0,57.0,309.0,5.4,9.0,164.0,145.0,39.0,3.7,9.1,14.0,18.0,4.0,10.0,1.0,1.0,3.0,5.0,0.0,5.0,30.0,0.0,0.0,0.0,1859.0,19.0,51.0,289.0,5.7,9.0,157.0,132.0,21.0,6.3,5.2,18.0,23.0,3.0,9.0,0.0,0.0,1.0,3.0,7.0,9.0,68.0,0.0,0.0,0.0,1741.0,ESPN BET,1.263,3.9,-8.5,8.5,1.952,1.87,40.5,,
401671803,2024-11-10,2024-11-10T14:30Z,2024,regular,10,True,CAR,NYG,20.0,17.0,15.0,58.0,306.0,5.3,13.0,118.0,188.0,32.0,5.9,4.5,15.0,25.0,6.0,15.0,0.0,0.0,2.0,3.0,1.0,10.0,87.0,1.0,1.0,0.0,1658.0,24.0,73.0,342.0,4.7,13.0,175.0,167.0,34.0,4.9,4.5,22.0,37.0,7.0,15.0,0.0,0.0,1.0,3.0,2.0,3.0,15.0,3.0,1.0,2.0,2069.0,ESPN BET,3.1,1.37,6.5,-6.5,1.909,1.909,40.5,,
401671863,2024-11-10,2024-11-10T18:00Z,2024,regular,10,False,IND,BUF,20.0,30.0,19.0,61.0,361.0,5.9,11.0,240.0,121.0,22.0,5.5,6.2,26.0,35.0,4.0,11.0,2.0,3.0,2.0,4.0,4.0,5.0,25.0,4.0,1.0,3.0,1672.0,21.0,70.0,415.0,5.9,11.0,280.0,135.0,31.0,4.4,7.2,22.0,37.0,7.0,14.0,2.0,3.0,2.0,4.0,2.0,8.0,54.0,2.0,0.0,2.0,1928.0,ESPN BET,2.9,1.444,4.5,-4.5,1.87,1.952,46.5,,
401671873,2024-11-10,2024-11-10T18:00Z,2024,regular,10,False,CHI,NE,3.0,19.0,11.0,59.0,142.0,2.4,11.0,69.0,73.0,20.0,3.7,1.8,16.0,30.0,1.0,14.0,2.0,4.0,0.0,1.0,9.0,5.0,25.0,0.0,0.0,0.0,1652.0,16.0,61.0,328.0,5.4,12.0,184.0,144.0,35.0,4.1,7.1,15.0,25.0,5.0,14.0,1.0,1.0,1.0,5.0,1.0,7.0,40.0,1.0,0.0,1.0,1948.0,ESPN BET,1.364,3.25,-6.5,6.5,2.0,1.833,37.5,,
401671787,2024-11-11,2024-11-11T01:20Z,2024,regular,10,False,HOU,DET,23.0,26.0,16.0,65.0,248.0,3.8,13.0,192.0,56.0,28.0,2.0,5.2,19.0,33.0,6.0,15.0,0.0,0.0,2.0,4.0,4.0,4.0,30.0,2.0,0.0,2.0,1948.0,19.0,62.0,345.0,5.6,14.0,240.0,105.0,32.0,3.3,8.0,15.0,30.0,7.0,12.0,0.0,0.0,2.0,3.0,0.0,4.0,61.0,5.0,0.0,5.0,1652.0,ESPN BET,2.95,1.435,4.5,-4.5,1.87,1.952,49.5,,
401671693,2024-11-12,2024-11-12T01:15Z,2024,regular,10,False,LAR,MIA,15.0,23.0,20.0,68.0,327.0,4.8,11.0,257.0,70.0,18.0,3.9,5.1,32.0,46.0,3.0,12.0,0.0,0.0,0.0,3.0,4.0,6.0,64.0,2.0,1.0,1.0,1812.0,15.0,53.0,238.0,4.5,11.0,171.0,67.0,22.0,3.0,5.5,20.0,28.0,6.0,13.0,0.0,0.0,2.0,3.0,3.0,1.0,15.0,2.0,1.0,1.0,1788.0,ESPN BET,1.741,2.15,-2.5,2.5,1.952,1.87,50.5,,
401671813,2024-11-15,2024-11-15T01:15Z,2024,regular,11,False,PHI,WSH,26.0,18.0,23.0,70.0,434.0,6.2,11.0,206.0,228.0,40.0,5.7,6.9,18.0,28.0,9.0,16.0,0.0,0.0,1.0,3.0,2.0,4.0,49.0,0.0,0.0,0.0,1984.0,18.0,63.0,264.0,4.2,11.0,171.0,93.0,28.0,3.3,4.9,22.0,32.0,3.0,12.0,1.0,2.0,2.0,2.0,3.0,4.0,25.0,1.0,0.0,1.0,1616.0,ESPN BET,1.444,2.9,-4.5,4.5,1.909,1.909,49.5,,
401671630,2024-11-17,2024-11-17T18:00Z,2024,regular,11,False,PIT,BAL,18.0,16.0,18.0,74.0,303.0,4.1,13.0,181.0,122.0,34.0,3.6,4.5,23.0,36.0,4.0,16.0,0.0,1.0,0.0,4.0,4.0,7.0,45.0,1.0,0.0,1.0,2182.0,16.0,54.0,329.0,6.1,13.0,205.0,124.0,19.0,6.5,5.9,16.0,33.0,4.0,11.0,0.0,0.0,2.0,2.0,2.0,12.0,80.0,3.0,2.0,1.0,1418.0,ESPN BET,2.4,1.606,3.5,-3.5,1.833,2.0,49.5,,
401671642,2024-11-17,2024-11-17T18:00Z,2024,regular,11,False,DET,JAX,52.0,6.0,38.0,76.0,645.0,8.5,9.0,449.0,196.0,43.0,4.6,13.6,27.0,33.0,6.0,10.0,3.0,3.0,5.0,5.0,0.0,4.0,46.0,0.0,0.0,0.0,2346.0,10.0,47.0,170.0,3.6,9.0,129.0,41.0,17.0,2.4,4.3,17.0,29.0,2.0,10.0,1.0,2.0,0.0,1.0,1.0,6.0,40.0,1.0,0.0,1.0,1254.0,ESPN BET,1.125,6.0,-14.5,14.5,2.0,1.833,47.5,,
401671665,2024-11-17,2024-11-17T21:25Z,2024,regular,11,False,BUF,KC,30.0,21.0,24.0,71.0,366.0,5.2,10.0,262.0,104.0,31.0,3.4,6.6,27.0,40.0,9.0,15.0,1.0,2.0,3.0,4.0,0.0,3.0,24.0,1.0,0.0,1.0,2043.0,19.0,52.0,259.0,5.0,9.0,181.0,78.0,17.0,4.6,5.2,23.0,33.0,5.0,10.0,0.0,1.0,3.0,3.0,2.0,6.0,57.0,2.0,0.0,2.0,1557.0,ESPN BET,1.645,2.35,-2.5,2.5,1.8,2.02,47.5,,
401671701,2024-11-17,2024-11-17T18:00Z,2024,regular,11,False,NE,LAR,22.0,28.0,26.0,72.0,382.0,5.3,9.0,257.0,125.0,30.0,4.2,6.1,29.0,39.0,6.0,14.0,0.0,0.0,2.0,5.0,3.0,7.0,45.0,2.0,1.0,1.0,2240.0,19.0,51.0,402.0,7.9,10.0,295.0,107.0,24.0,4.5,10.9,18.0,27.0,2.0,8.0,1.0,1.0,3.0,4.0,0.0,7.0,66.0,0.0,0.0,0.0,1360.0,ESPN BET,2.65,1.513,4.5,-4.5,1.87,1.952,42.5,,
401671746,2024-11-17,2024-11-17T18:00Z,2024,regular,11,False,NO,CLE,35.0,14.0,19.0,58.0,473.0,8.2,11.0,259.0,214.0,28.0,7.6,8.6,22.0,29.0,5.0,10.0,1.0,1.0,2.0,3.0,1.0,5.0,41.0,2.0,1.0,1.0,1838.0,22.0,70.0,443.0,6.3,11.0,377.0,66.0,20.0,3.3,7.5,30.0,47.0,3.0,13.0,1.0,3.0,0.0,1.0,3.0,3.0,14.0,0.0,0.0,0.0,1762.0,ESPN BET,2.05,1.8,1.5,-1.5,1.909,1.909,43.5,,
401671748,2024-11-17,2024-11-17T21:05Z,2024,regular,11,False,DEN,ATL,38.0,6.0,22.0,60.0,400.0,6.7,9.0,295.0,105.0,26.0,4.0,8.7,28.0,33.0,6.0,11.0,1.0,1.0,4.0,4.0,1.0,4.0,45.0,0.0,0.0,0.0,1805.0,13.0,56.0,226.0,4.0,10.0,176.0,50.0,21.0,2.4,5.0,20.0,31.0,4.0,13.0,2.0,2.0,0.0,1.0,4.0,6.0,52.0,1.0,0.0,1.0,1795.0,ESPN BET,1.769,2.1,-1.5,1.5,1.87,1.952,44.5,,
401671757,2024-11-17,2024-11-17T21:05Z,2024,regular,11,False,SF,SEA,17.0,20.0,21.0,57.0,277.0,4.9,9.0,146.0,131.0,27.0,4.9,4.9,21.0,28.0,7.0,11.0,0.0,0.0,2.0,3.0,2.0,9.0,54.0,1.0,0.0,1.0,2005.0,19.0,59.0,289.0,4.9,8.0,195.0,94.0,23.0,4.1,5.4,25.0,32.0,6.0,13.0,1.0,2.0,2.0,2.0,4.0,4.0,20.0,1.0,0.0,1.0,1595.0,ESPN BET,1.364,3.25,-6.5,6.5,1.87,1.952,48.5,,
401671782,2024-11-17,2024-11-17T18:00Z,2024,regular,11,False,NYJ,IND,27.0,28.0,10.0,52.0,253.0,4.9,12.0,162.0,91.0,20.0,4.6,5.1,22.0,29.0,4.0,13.0,0.0,1.0,2.0,3.0,3.0,2.0,14.0,0.0,0.0,0.0,1543.0,18.0,67.0,332.0,5.0,12.0,241.0,91.0,35.0,2.6,7.5,20.0,30.0,6.0,15.0,1.0,2.0,3.0,4.0,2.0,5.0,40.0,1.0,1.0,0.0,2057.0,ESPN BET,1.5,2.7,-4.5,4.5,1.909,1.909,43.5,,
401671824,2024-11-17,2024-11-17T18:00Z,2024,regular,11,False,TEN,MIN,13.0,23.0,11.0,55.0,294.0,5.3,11.0,261.0,33.0,19.0,1.7,7.3,17.0,31.0,6.0,15.0,0.0,2.0,0.0,1.0,5.0,13.0,91.0,1.0,0.0,1.0,1649.0,24.0,67.0,318.0,4.7,12.0,236.0,82.0,33.0,2.5,6.9,20.0,32.0,5.0,14.0,0.0,0.0,2.0,2.0,2.0,3.0,35.0,1.0,1.0,0.0,1951.0,ESPN BET,3.0,1.417,5.5,-5.5,2.0,1.833,40.5,,
401671851,2024-11-17,2024-11-17T18:00Z,2024,regular,11,False,MIA,LV,34.0,19.0,25.0,64.0,353.0,5.5,7.0,271.0,82.0,26.0,3.2,7.1,28.0,36.0,8.0,12.0,2.0,2.0,3.0,4.0,2.0,4.0,23.0,0.0,0.0,0.0,1992.0,22.0,62.0,328.0,5.3,7.0,268.0,60.0,16.0,3.8,5.8,30.0,43.0,8.0,14.0,2.0,2.0,1.0,3.0,3.0,7.0,49.0,1.0,0.0,1.0,1608.0,ESPN BET,1.222,4.4,-8.5,8.5,1.952,1.87,43.5,,
401671869,2024-11-17,2024-11-17T18:00Z,2024,regular,11,False,CHI,GB,19.0,20.0,23.0,68.0,391.0,5.8,7.0,212.0,179.0,34.0,5.3,6.2,23.0,31.0,9.0,16.0,3.0,3.0,1.0,2.0,3.0,7.0,50.0,0.0,0.0,0.0,2181.0,19.0,43.0,366.0,8.5,7.0,260.0,106.0,25.0,4.2,14.4,13.0,17.0,1.0,5.0,0.0,1.0,3.0,5.0,1.0,3.0,25.0,1.0,0.0,1.0,1419.0,ESPN BET,3.3,1.357,6.5,-6.5,1.87,1.952,41.5,,
401671675,2024-11-18,2024-11-18T01:20Z,2024,regular,11,False,LAC,CIN,34.0,27.0,24.0,63.0,435.0,6.9,13.0,280.0,155.0,25.0,6.2,7.4,17.0,36.0,3.0,11.0,1.0,1.0,1.0,2.0,2.0,5.0,50.0,1.0,1.0,0.0,1552.0,24.0,78.0,452.0,5.8,13.0,342.0,110.0,25.0,4.4,6.5,28.0,50.0,5.0,17.0,3.0,3.0,2.0,4.0,3.0,8.0,56.0,0.0,0.0,0.0,2048.0,ESPN BET,1.87,1.952,-0.5,0.5,1.87,1.952,48.5,,
401671694,2024-11-19,2024-11-19T01:15Z,2024,regular,11,False,DAL,HOU,10.0,34.0,24.0,79.0,388.0,4.9,12.0,324.0,64.0,18.0,3.6,5.3,33.0,56.0,5.0,15.0,0.0,4.0,0.0,1.0,5.0,9.0,66.0,2.0,1.0,1.0,1763.0,21.0,60.0,391.0,6.5,10.0,250.0,141.0,25.0,5.6,7.1,23.0,34.0,4.0,12.0,1.0,2.0,2.0,4.0,1.0,9.0,69.0,1.0,0.0,1.0,1837.0,ESPN BET,3.7,1.294,7.5,-7.5,1.833,2.0,41.5,,
401671875,2024-11-22,2024-11-22T01:15Z,2024,regular,12,False,CLE,PIT,24.0,19.0,17.0,55.0,304.0,5.5,10.0,219.0,85.0,27.0,3.1,7.8,18.0,27.0,1.0,10.0,4.0,4.0,3.0,4.0,1.0,8.0,48.0,3.0,2.0,1.0,1498.0,17.0,67.0,368.0,5.5,11.0,248.0,120.0,34.0,3.5,7.5,21.0,29.0,7.0,16.0,1.0,3.0,1.0,2.0,4.0,6.0,39.0,1.0,1.0,0.0,2102.0,ESPN BET,2.75,1.476,3.5,-3.5,1.952,1.87,36.5,,
401671638,2024-11-24,2024-11-24T18:00Z,2024,regular,12,False,NYG,TB,7.0,30.0,17.0,56.0,245.0,4.4,10.0,169.0,76.0,20.0,3.8,4.7,22.0,32.0,5.0,11.0,0.0,2.0,1.0,3.0,4.0,4.0,42.0,1.0,1.0,0.0,1561.0,24.0,62.0,451.0,7.3,9.0,294.0,157.0,32.0,4.9,9.8,24.0,30.0,6.0,11.0,1.0,2.0,4.0,5.0,0.0,4.0,29.0,1.0,1.0,0.0,2039.0,ESPN BET,3.15,1.385,6.5,-6.5,1.87,1.952,40.5,,
401671651,2024-11-24,2024-11-24T18:00Z,2024,regular,12,False,CAR,KC,27.0,30.0,21.0,58.0,334.0,5.8,8.0,249.0,85.0,21.0,4.0,6.7,21.0,35.0,5.0,13.0,2.0,2.0,2.0,6.0,2.0,9.0,53.0,0.0,0.0,0.0,1664.0,27.0,68.0,391.0,5.8,8.0,226.0,165.0,26.0,6.3,5.4,27.0,37.0,8.0,13.0,1.0,1.0,2.0,5.0,5.0,10.0,91.0,0.0,0.0,0.0,1936.0,ESPN BET,5.25,1.154,11.5,-11.5,1.87,1.952,42.5,,
401671656,2024-11-24,2024-11-24T21:05Z,2024,regular,12,False,LV,DEN,19.0,29.0,21.0,74.0,369.0,5.0,12.0,300.0,69.0,16.0,4.3,5.2,31.0,53.0,4.0,14.0,2.0,2.0,1.0,5.0,5.0,4.0,44.0,2.0,1.0,1.0,1729.0,19.0,65.0,325.0,5.0,11.0,262.0,63.0,22.0,2.9,6.1,25.0,42.0,6.0,15.0,0.0,0.0,2.0,4.0,1.0,6.0,58.0,0.0,0.0,0.0,1871.0,ESPN BET,3.0,1.417,5.5,-5.5,1.909,1.909,41.5,,
401671715,2024-11-24,2024-11-24T18:00Z,2024,regular,12,False,WSH,DAL,26.0,34.0,19.0,67.0,412.0,6.1,16.0,267.0,145.0,25.0,5.8,6.4,25.0,38.0,4.0,12.0,0.0,0.0,2.0,2.0,4.0,8.0,78.0,3.0,1.0,2.0,1488.0,19.0,61.0,332.0,5.4,15.0,241.0,91.0,28.0,3.3,7.3,24.0,32.0,2.0,11.0,0.0,0.0,2.0,3.0,1.0,4.0,20.0,1.0,1.0,0.0,2112.0,ESPN BET,1.154,5.25,-10.5,10.5,1.952,1.87,44.5,,
401671768,2024-11-24,2024-11-24T21:25Z,2024,regular,12,False,GB,SF,38.0,10.0,22.0,67.0,325.0,4.9,11.0,156.0,169.0,42.0,4.0,6.2,13.0,23.0,6.0,13.0,1.0,2.0,5.0,5.0,2.0,5.0,40.0,0.0,0.0,0.0,2203.0,11.0,47.0,241.0,5.1,12.0,197.0,44.0,16.0,2.8,6.4,17.0,29.0,3.0,10.0,0.0,2.0,1.0,1.0,2.0,9.0,77.0,3.0,2.0,1.0,1397.0,ESPN BET,1.313,3.6,-6.5,6.5,1.952,1.87,44.5,,
401671775,2024-11-24,2024-11-24T21:25Z,2024,regular,12,False,SEA,ARI,16.0,6.0,17.0,61.0,285.0,4.7,10.0,220.0,65.0,25.0,2.6,6.1,22.0,31.0,7.0,14.0,0.0,0.0,1.0,2.0,5.0,5.0,51.0,1.0,0.0,1.0,1993.0,15.0,56.0,298.0,5.3,10.0,249.0,49.0,14.0,3.5,5.9,24.0,37.0,3.0,12.0,0.0,1.0,0.0,2.0,5.0,5.0,60.0,1.0,0.0,1.0,1607.0,ESPN BET,2.1,1.769,1.5,-1.5,1.952,1.87,46.5,,
401671847,2024-11-24,2024-11-24T18:00Z,2024,regular,12,False,MIA,NE,34.0,15.0,23.0,66.0,373.0,5.7,13.0,308.0,65.0,24.0,2.7,7.3,29.0,40.0,4.0,12.0,0.0,0.0,3.0,4.0,2.0,3.0,17.0,1.0,1.0,0.0,1924.0,14.0,63.0,268.0,4.3,12.0,182.0,86.0,21.0,4.0,4.3,22.0,38.0,3.0,14.0,1.0,3.0,0.0,0.0,4.0,10.0,75.0,2.0,1.0,1.0,1676.0,ESPN BET,1.222,4.4,-7.5,7.5,1.952,1.87,45.5,,
401671858,2024-11-24,2024-11-24T18:00Z,2024,regular,12,False,HOU,TEN,27.0,32.0,12.0,54.0,260.0,4.8,13.0,220.0,40.0,17.0,2.4,5.9,20.0,33.0,3.0,13.0,0.0,0.0,2.0,4.0,4.0,11.0,81.0,2.0,0.0,2.0,1531.0,19.0,66.0,369.0,5.6,14.0,237.0,132.0,33.0,4.0,7.2,18.0,25.0,4.0,14.0,1.0,1.0,1.0,1.0,8.0,6.0,35.0,3.0,2.0,1.0,2069.0,ESPN BET,1.278,3.8,-7.5,7.5,1.909,1.909,40.5,,
401671866,2024-11-24,2024-11-24T18:00Z,2024,regular,12,False,IND,DET,6.0,24.0,11.0,49.0,268.0,5.5,10.0,172.0,96.0,21.0,4.6,6.1,11.0,28.0,3.0,12.0,0.0,1.0,0.0,2.0,0.0,10.0,75.0,0.0,0.0,0.0,1379.0,26.0,72.0,390.0,5.4,10.0,253.0,137.0,33.0,4.2,6.5,26.0,36.0,9.0,15.0,0.0,1.0,3.0,4.0,3.0,5.0,45.0,0.0,0.0,0.0,2221.0,ESPN BET,4.2,1.235,6.5,-6.5,2.02,1.8,49.5,,
401671870,2024-11-24,2024-11-24T18:00Z,2024,regular,12,False,CHI,MIN,27.0,30.0,20.0,73.0,398.0,5.5,13.0,320.0,78.0,22.0,3.5,6.3,32.0,48.0,6.0,17.0,2.0,3.0,3.0,3.0,3.0,7.0,80.0,1.0,1.0,0.0,2064.0,22.0,65.0,452.0,7.0,12.0,328.0,124.0,27.0,4.6,8.6,23.0,35.0,6.0,13.0,0.0,1.0,3.0,7.0,3.0,5.0,45.0,1.0,1.0,0.0,2006.0,ESPN BET,2.35,1.645,2.5,-2.5,2.05,1.769,39.5,,
401671794,2024-11-25,2024-11-25T01:20Z,2024,regular,12,False,LAR,PHI,20.0,37.0,23.0,59.0,290.0,4.9,10.0,198.0,92.0,18.0,5.1,4.8,24.0,36.0,0.0,8.0,3.0,3.0,2.0,4.0,5.0,4.0,38.0,1.0,1.0,0.0,1579.0,24.0,68.0,481.0,7.1,10.0,167.0,314.0,45.0,7.0,7.3,15.0,22.0,9.0,15.0,0.0,1.0,2.0,5.0,1.0,4.0,52.0,0.0,0.0,0.0,2021.0,ESPN BET,2.25,1.69,2.5,-2.5,1.952,1.87,47.5,,
401671689,2024-11-26,2024-11-26T01:15Z,2024,regular,12,False,LAC,BAL,23.0,30.0,19.0,60.0,285.0,4.8,9.0,202.0,83.0,20.0,4.2,5.1,21.0,36.0,5.0,14.0,2.0,2.0,2.0,2.0,4.0,7.0,62.0,0.0,0.0,0.0,1743.0,19.0,60.0,389.0,6.5,9.0,177.0,212.0,37.0,5.7,7.7,16.0,22.0,8.0,15.0,3.0,3.0,2.0,2.0,1.0,9.0,102.0,0.0,0.0,0.0,1857.0,ESPN BET,2.4,1.606,2.5,-2.5,2.05,1.769,50.5,,
401671492,2024-11-28,2024-11-28T17:30Z,2024,regular,13,False,DET,CHI,23.0,20.0,25.0,69.0,405.0,5.9,9.0,211.0,194.0,33.0,5.9,5.9,21.0,34.0,5.0,14.0,1.0,1.0,2.0,5.0,2.0,6.0,79.0,1.0,1.0,0.0,2114.0,17.0,59.0,301.0,5.1,10.0,223.0,78.0,15.0,5.2,5.1,20.0,39.0,7.0,15.0,0.0,2.0,1.0,1.0,5.0,8.0,78.0,0.0,0.0,0.0,1486.0,ESPN BET,1.182,4.8,-10.0,10.0,2.0,1.833,48.5,,
401671779,2024-11-28,2024-11-28T21:30Z,2024,regular,13,False,DAL,NYG,27.0,20.0,21.0,68.0,317.0,4.7,11.0,195.0,122.0,32.0,3.8,5.4,21.0,36.0,7.0,15.0,0.0,1.0,2.0,4.0,0.0,6.0,48.0,0.0,0.0,0.0,1896.0,17.0,59.0,247.0,4.2,12.0,131.0,116.0,21.0,5.5,3.4,21.0,32.0,3.0,12.0,1.0,1.0,2.0,2.0,6.0,13.0,98.0,2.0,1.0,1.0,1704.0,ESPN BET,1.465,2.8,-4.5,4.5,1.952,1.87,39.5,,
401671798,2024-11-29,2024-11-29T01:20Z,2024,regular,13,False,GB,MIA,30.0,17.0,19.0,53.0,388.0,7.3,10.0,274.0,114.0,25.0,4.6,9.8,21.0,28.0,5.0,11.0,0.0,0.0,3.0,5.0,0.0,7.0,44.0,0.0,0.0,0.0,1616.0,21.0,65.0,375.0,5.8,9.0,336.0,39.0,14.0,2.8,6.6,37.0,46.0,4.0,14.0,3.0,5.0,2.0,4.0,5.0,10.0,75.0,1.0,1.0,0.0,1984.0,ESPN BET,1.526,2.6,-3.5,3.5,1.952,1.87,47.5,,
401671806,2024-11-29,2024-11-29T20:00Z,2024,regular,13,False,KC,LV,19.0,17.0,18.0,67.0,329.0,4.9,12.0,266.0,63.0,16.0,3.9,5.2,26.0,46.0,7.0,16.0,0.0,0.0,1.0,5.0,5.0,7.0,40.0,0.0,0.0,0.0,1728.0,20.0,63.0,434.0,6.9,11.0,318.0,116.0,25.0,4.6,8.4,23.0,35.0,3.0,12.0,0.0,1.0,0.0,1.0,3.0,9.0,101.0,1.0,1.0,0.0,1872.0,ESPN BET,1.111,6.5,-13.5,13.5,1.87,1.952,41.5,,
401671620,2024-12-01,2024-12-01T18:00Z,2024,regular,13,False,NE,IND,24.0,25.0,23.0,65.0,422.0,6.5,9.0,222.0,200.0,31.0,6.5,6.5,24.0,30.0,6.0,11.0,0.0,0.0,2.0,6.0,4.0,7.0,88.0,1.0,0.0,1.0,2052.0,20.0,58.0,253.0,4.4,9.0,109.0,144.0,34.0,4.2,4.5,12.0,24.0,5.0,11.0,3.0,3.0,3.0,4.0,0.0,2.0,15.0,2.0,0.0,2.0,1548.0,ESPN BET,2.2,1.714,2.5,-2.5,1.909,1.909,41.5,,
401671627,2024-12-01,2024-12-01T18:00Z,2024,regular,13,False,CIN,PIT,38.0,44.0,25.0,57.0,375.0,6.6,10.0,282.0,93.0,15.0,6.2,6.7,28.0,38.0,4.0,8.0,0.0,0.0,4.0,5.0,4.0,11.0,101.0,3.0,2.0,1.0,1731.0,28.0,66.0,520.0,7.9,11.0,410.0,110.0,26.0,4.2,10.3,29.0,38.0,4.0,9.0,0.0,0.0,2.0,4.0,2.0,9.0,103.0,1.0,0.0,1.0,1869.0,ESPN BET,1.571,2.5,-3.5,3.5,2.02,1.8,46.5,,
401671649,2024-12-01,2024-12-01T18:00Z,2024,regular,13,False,ATL,LAC,13.0,17.0,24.0,77.0,350.0,4.5,10.0,234.0,116.0,37.0,3.1,5.9,24.0,39.0,3.0,14.0,2.0,4.0,1.0,4.0,1.0,2.0,10.0,4.0,0.0,4.0,2155.0,10.0,46.0,187.0,4.1,10.0,131.0,56.0,17.0,3.3,4.5,17.0,24.0,3.0,11.0,0.0,1.0,0.0,2.0,5.0,7.0,33.0,1.0,1.0,0.0,1445.0,ESPN BET,1.952,1.87,0.5,-0.5,1.952,1.87,47.5,,
401671666,2024-12-01,2024-12-01T21:25Z,2024,regular,13,False,BAL,PHI,19.0,24.0,24.0,71.0,372.0,5.2,11.0,206.0,166.0,32.0,5.2,5.3,23.0,36.0,6.0,15.0,1.0,2.0,2.0,5.0,3.0,4.0,20.0,0.0,0.0,0.0,2031.0,17.0,54.0,252.0,4.7,12.0,112.0,140.0,33.0,4.2,5.3,11.0,19.0,4.0,12.0,1.0,1.0,2.0,3.0,2.0,8.0,55.0,0.0,0.0,0.0,1569.0,ESPN BET,1.588,2.45,-3.5,3.5,2.0,1.833,51.5,,
401671703,2024-12-01,2024-12-01T18:00Z,2024,regular,13,False,NYJ,SEA,21.0,26.0,17.0,62.0,258.0,4.2,12.0,169.0,89.0,21.0,4.2,4.1,21.0,39.0,5.0,13.0,1.0,3.0,2.0,3.0,2.0,12.0,83.0,2.0,1.0,1.0,1719.0,16.0,57.0,259.0,4.5,11.0,175.0,84.0,23.0,3.7,5.1,20.0,31.0,4.0,13.0,1.0,2.0,2.0,3.0,3.0,5.0,50.0,2.0,2.0,0.0,1881.0,ESPN BET,1.781,2.08,-1.5,1.5,1.909,1.909,41.5,,
401671705,2024-12-01,2024-12-01T18:00Z,2024,regular,13,False,JAX,HOU,20.0,23.0,19.0,67.0,373.0,5.6,10.0,276.0,97.0,25.0,3.9,6.6,24.0,42.0,5.0,15.0,2.0,2.0,2.0,4.0,0.0,4.0,30.0,1.0,0.0,1.0,1663.0,20.0,61.0,326.0,5.3,11.0,218.0,108.0,25.0,4.3,6.1,22.0,34.0,5.0,13.0,1.0,1.0,1.0,3.0,2.0,3.0,15.0,0.0,0.0,0.0,1937.0,ESPN BET,2.45,1.588,3.5,-3.5,1.833,2.0,44.5,,
401671726,2024-12-01,2024-12-01T18:00Z,2024,regular,13,False,MIN,ARI,23.0,22.0,19.0,51.0,273.0,5.4,10.0,205.0,68.0,15.0,4.5,5.7,21.0,31.0,1.0,8.0,1.0,1.0,2.0,4.0,5.0,3.0,56.0,1.0,1.0,0.0,1451.0,25.0,77.0,406.0,5.3,10.0,252.0,154.0,31.0,5.0,5.5,31.0,45.0,5.0,13.0,0.0,1.0,1.0,6.0,1.0,10.0,96.0,2.0,0.0,2.0,2149.0,ESPN BET,1.571,2.5,-3.5,3.5,1.952,1.87,45.5,,
401671743,2024-12-01,2024-12-01T18:00Z,2024,regular,13,False,WSH,TEN,42.0,19.0,29.0,77.0,463.0,6.0,12.0,196.0,267.0,45.0,5.9,6.1,25.0,30.0,9.0,14.0,1.0,1.0,5.0,7.0,2.0,7.0,65.0,1.0,0.0,1.0,2413.0,12.0,50.0,245.0,4.9,11.0,210.0,35.0,11.0,3.2,5.4,18.0,37.0,5.0,12.0,0.0,1.0,1.0,2.0,2.0,12.0,93.0,2.0,2.0,0.0,1187.0,ESPN BET,1.417,3.0,-5.5,5.5,1.909,1.909,45.5,,
401671752,2024-12-01,2024-12-01T21:05Z,2024,regular,13,False,CAR,TB,23.0,26.0,19.0,68.0,367.0,5.4,13.0,289.0,78.0,21.0,3.7,6.1,26.0,46.0,6.0,16.0,0.0,0.0,1.0,4.0,1.0,7.0,62.0,1.0,1.0,0.0,1659.0,27.0,77.0,445.0,5.8,15.0,209.0,236.0,39.0,6.1,5.5,22.0,34.0,2.0,12.0,1.0,1.0,2.0,5.0,4.0,7.0,54.0,2.0,0.0,2.0,2371.0,ESPN BET,3.4,1.345,6.5,-6.5,2.0,1.833,46.5,,
401671753,2024-12-01,2024-12-01T21:05Z,2024,regular,13,False,NO,LAR,14.0,21.0,19.0,68.0,327.0,4.8,8.0,184.0,143.0,31.0,4.6,5.0,24.0,37.0,5.0,15.0,2.0,3.0,0.0,2.0,0.0,4.0,38.0,0.0,0.0,0.0,1957.0,22.0,55.0,322.0,5.9,9.0,166.0,156.0,29.0,5.4,6.4,14.0,24.0,4.0,9.0,1.0,2.0,3.0,3.0,2.0,3.0,30.0,0.0,0.0,0.0,1643.0,ESPN BET,2.35,1.645,2.5,-2.5,2.0,1.833,48.5,,
401671781,2024-12-02,2024-12-02T01:20Z,2024,regular,13,False,BUF,SF,35.0,10.0,20.0,56.0,372.0,6.6,10.0,152.0,220.0,38.0,5.8,8.4,14.0,18.0,6.0,12.0,1.0,1.0,4.0,4.0,0.0,5.0,35.0,0.0,0.0,0.0,2007.0,15.0,47.0,239.0,5.1,10.0,86.0,153.0,27.0,5.7,4.3,11.0,18.0,3.0,10.0,1.0,1.0,1.0,3.0,2.0,2.0,10.0,3.0,3.0,0.0,1593.0,ESPN BET,1.345,3.4,-6.5,6.5,1.909,1.909,44.5,,
401671686,2024-12-03,2024-12-03T01:15Z,2024,regular,13,False,DEN,CLE,41.0,32.0,19.0,61.0,400.0,6.6,14.0,294.0,106.0,26.0,4.1,8.4,18.0,35.0,6.0,13.0,0.0,0.0,2.0,4.0,0.0,4.0,57.0,2.0,0.0,2.0,1670.0,28.0,84.0,552.0,6.6,15.0,475.0,77.0,23.0,3.3,7.8,34.0,58.0,9.0,19.0,2.0,2.0,3.0,4.0,3.0,5.0,46.0,3.0,0.0,3.0,1930.0,ESPN BET,1.357,3.3,-6.5,6.5,1.952,1.87,41.5,,
401671814,2024-12-06,2024-12-06T01:15Z,2024,regular,14,False,DET,GB,34.0,31.0,27.0,76.0,391.0,5.1,10.0,280.0,111.0,34.0,3.3,6.7,32.0,41.0,7.0,15.0,4.0,5.0,4.0,5.0,1.0,7.0,56.0,1.0,0.0,1.0,2166.0,17.0,45.0,298.0,6.6,10.0,199.0,99.0,24.0,4.1,9.5,12.0,20.0,1.0,5.0,0.0,0.0,4.0,5.0,1.0,7.0,59.0,1.0,1.0,0.0,1434.0,ESPN BET,1.541,2.55,-3.5,3.5,2.02,1.8,53.5,,
401671601,2024-12-08,2024-12-08T18:00Z,2024,regular,14,False,NYG,NO,11.0,14.0,16.0,74.0,325.0,4.4,13.0,213.0,112.0,23.0,4.9,4.2,21.0,49.0,5.0,19.0,2.0,4.0,1.0,3.0,2.0,12.0,112.0,1.0,0.0,1.0,1691.0,18.0,66.0,292.0,4.4,14.0,200.0,92.0,33.0,2.8,6.1,20.0,31.0,5.0,15.0,0.0,1.0,2.0,2.0,2.0,6.0,40.0,1.0,0.0,1.0,1909.0,ESPN BET,3.25,1.364,5.5,-5.5,1.952,1.87,41.5,,
401671631,2024-12-08,2024-12-08T18:00Z,2024,regular,14,False,PIT,CLE,27.0,14.0,15.0,62.0,267.0,4.3,14.0,147.0,120.0,35.0,3.4,5.4,15.0,26.0,6.0,14.0,0.0,0.0,2.0,4.0,1.0,6.0,61.0,1.0,1.0,0.0,1800.0,20.0,69.0,300.0,4.3,12.0,196.0,104.0,25.0,4.2,4.5,24.0,41.0,2.0,13.0,3.0,4.0,1.0,3.0,3.0,9.0,81.0,3.0,1.0,2.0,1800.0,ESPN BET,1.345,3.4,-6.5,6.5,1.833,2.0,42.5,,
401671648,2024-12-08,2024-12-08T18:00Z,2024,regular,14,False,MIN,ATL,42.0,21.0,23.0,56.0,433.0,7.7,11.0,318.0,115.0,24.0,4.8,9.9,22.0,28.0,8.0,12.0,0.0,0.0,4.0,4.0,4.0,6.0,35.0,0.0,0.0,0.0,1705.0,25.0,70.0,496.0,7.1,10.0,338.0,158.0,32.0,4.9,8.9,23.0,37.0,7.0,13.0,1.0,3.0,2.0,5.0,1.0,12.0,127.0,3.0,1.0,2.0,1895.0,ESPN BET,1.4,3.1,-5.5,5.5,1.87,1.952,46.5,,
401671654,2024-12-08,2024-12-08T18:00Z,2024,regular,14,False,TB,LV,28.0,13.0,21.0,59.0,420.0,7.1,10.0,268.0,152.0,26.0,5.8,8.1,18.0,29.0,5.0,12.0,1.0,1.0,3.0,3.0,4.0,5.0,31.0,3.0,1.0,2.0,1710.0,16.0,64.0,286.0,4.5,11.0,195.0,91.0,25.0,3.6,5.0,23.0,37.0,4.0,13.0,3.0,3.0,1.0,4.0,2.0,3.0,31.0,2.0,1.0,1.0,1890.0,ESPN BET,1.323,3.55,-6.5,6.5,1.833,2.0,47.5,,
401671660,2024-12-08,2024-12-08T21:05Z,2024,regular,14,False,ARI,SEA,18.0,30.0,21.0,63.0,356.0,5.7,12.0,235.0,121.0,23.0,5.3,5.9,25.0,38.0,4.0,12.0,1.0,1.0,1.0,3.0,2.0,6.0,49.0,2.0,0.0,2.0,1618.0,18.0,61.0,409.0,6.7,11.0,233.0,176.0,31.0,5.7,7.8,24.0,30.0,7.0,15.0,0.0,0.0,2.0,5.0,0.0,9.0,62.0,0.0,0.0,0.0,1982.0,ESPN BET,1.571,2.5,-3.5,3.5,2.05,1.769,45.5,,
401671713,2024-12-08,2024-12-08T18:00Z,2024,regular,14,False,PHI,CAR,22.0,16.0,18.0,56.0,292.0,5.2,9.0,83.0,209.0,31.0,6.7,3.3,14.0,21.0,7.0,12.0,0.0,0.0,3.0,3.0,4.0,7.0,40.0,0.0,0.0,0.0,1587.0,20.0,69.0,302.0,4.4,9.0,184.0,118.0,34.0,3.5,5.3,19.0,34.0,7.0,16.0,3.0,5.0,2.0,2.0,1.0,7.0,43.0,1.0,0.0,1.0,2013.0,ESPN BET,1.1,7.0,-13.5,13.5,1.833,2.0,44.5,,
401671773,2024-12-08,2024-12-08T21:25Z,2024,regular,14,False,LAR,BUF,44.0,42.0,28.0,72.0,457.0,6.3,9.0,320.0,137.0,42.0,3.3,10.7,23.0,30.0,11.0,15.0,1.0,1.0,5.0,6.0,0.0,9.0,99.0,0.0,0.0,0.0,2310.0,25.0,54.0,445.0,8.2,9.0,342.0,103.0,17.0,6.1,9.2,22.0,37.0,5.0,9.0,0.0,0.0,3.0,3.0,0.0,7.0,59.0,0.0,0.0,0.0,1290.0,ESPN BET,2.5,1.571,3.5,-3.5,1.8,2.02,50.5,,
401671774,2024-12-08,2024-12-08T21:25Z,2024,regular,14,False,SF,CHI,38.0,13.0,22.0,61.0,452.0,7.4,10.0,321.0,131.0,34.0,3.9,11.9,20.0,26.0,6.0,12.0,2.0,2.0,5.0,6.0,1.0,7.0,31.0,1.0,0.0,1.0,1908.0,14.0,52.0,162.0,3.1,10.0,94.0,68.0,21.0,3.2,3.0,18.0,24.0,4.0,10.0,0.0,0.0,2.0,2.0,7.0,2.0,30.0,1.0,1.0,0.0,1692.0,ESPN BET,1.645,2.35,-3.5,3.5,2.02,1.8,43.5,,
401671821,2024-12-08,2024-12-08T18:00Z,2024,regular,14,False,TEN,JAX,6.0,10.0,17.0,62.0,272.0,4.4,9.0,146.0,126.0,28.0,4.5,4.3,19.0,32.0,8.0,16.0,0.0,3.0,0.0,2.0,2.0,4.0,25.0,0.0,0.0,0.0,1904.0,16.0,58.0,291.0,5.0,9.0,220.0,71.0,26.0,2.7,6.9,23.0,31.0,6.0,13.0,1.0,1.0,1.0,2.0,1.0,5.0,39.0,2.0,0.0,2.0,1696.0,ESPN BET,1.645,2.35,-3.5,3.5,2.02,1.8,40.5,,
401671848,2024-12-08,2024-12-08T18:00Z,2024,regular,14,False,MIA,NYJ,32.0,26.0,28.0,66.0,375.0,5.7,10.0,331.0,44.0,19.0,2.3,7.0,33.0,47.0,1.0,9.0,2.0,2.0,3.0,4.0,0.0,8.0,49.0,0.0,0.0,0.0,1973.0,23.0,63.0,402.0,6.4,10.0,319.0,83.0,21.0,4.0,7.6,27.0,39.0,4.0,12.0,2.0,2.0,2.0,5.0,3.0,10.0,83.0,0.0,0.0,0.0,1862.0,ESPN BET,1.345,3.4,-6.5,6.5,1.909,1.909,45.5,,
401671788,2024-12-09,2024-12-09T01:20Z,2024,regular,14,False,KC,LAC,19.0,17.0,20.0,65.0,298.0,4.6,9.0,202.0,96.0,25.0,3.8,5.1,24.0,37.0,8.0,15.0,0.0,0.0,1.0,3.0,3.0,8.0,98.0,0.0,0.0,0.0,1747.0,20.0,57.0,288.0,5.1,9.0,194.0,94.0,24.0,3.9,5.9,21.0,30.0,6.0,13.0,1.0,1.0,2.0,3.0,3.0,7.0,50.0,0.0,0.0,0.0,1853.0,ESPN BET,1.417,3.0,-5.5,5.5,2.0,1.833,43.5,,
401671690,2024-12-10,2024-12-10T01:15Z,2024,regular,14,False,DAL,CIN,20.0,27.0,17.0,59.0,322.0,5.5,10.0,166.0,156.0,25.0,6.2,4.9,16.0,31.0,4.0,12.0,1.0,2.0,2.0,4.0,3.0,4.0,36.0,2.0,1.0,1.0,1609.0,23.0,65.0,433.0,6.7,12.0,359.0,74.0,19.0,3.9,7.8,33.0,44.0,4.0,10.0,0.0,1.0,2.0,4.0,2.0,10.0,77.0,1.0,0.0,1.0,1991.0,ESPN BET,2.9,1.444,4.5,-4.5,1.909,1.909,50.5,,
401671818,2024-12-13,2024-12-13T01:15Z,2024,regular,15,False,SF,LAR,6.0,12.0,11.0,53.0,191.0,3.6,11.0,128.0,63.0,19.0,3.3,3.8,14.0,31.0,3.0,12.0,0.0,0.0,0.0,0.0,3.0,4.0,25.0,1.0,0.0,1.0,1496.0,14.0,65.0,302.0,4.6,11.0,160.0,142.0,38.0,3.7,5.9,16.0,27.0,4.0,15.0,1.0,1.0,0.0,3.0,0.0,4.0,40.0,0.0,0.0,0.0,2104.0,ESPN BET,1.645,2.35,-2.5,2.5,1.8,2.02,48.5,,
401671639,2024-12-15,2024-12-15T18:00Z,2024,regular,15,False,NYG,BAL,14.0,35.0,19.0,60.0,236.0,3.9,9.0,181.0,55.0,20.0,2.8,4.5,22.0,37.0,2.0,12.0,3.0,5.0,1.0,2.0,3.0,6.0,44.0,1.0,0.0,1.0,1862.0,25.0,59.0,445.0,7.5,9.0,275.0,170.0,31.0,5.5,9.8,21.0,25.0,9.0,11.0,0.0,0.0,1.0,2.0,3.0,12.0,112.0,1.0,1.0,0.0,1738.0,ESPN BET,11.0,1.05,16.5,-16.5,2.0,1.833,43.5,,
401671669,2024-12-15,2024-12-15T21:25Z,2024,regular,15,False,DEN,IND,31.0,13.0,13.0,61.0,193.0,3.2,15.0,121.0,72.0,27.0,2.7,3.6,20.0,33.0,6.0,17.0,0.0,0.0,2.0,2.0,1.0,6.0,58.0,3.0,0.0,3.0,1708.0,18.0,72.0,310.0,4.3,15.0,161.0,149.0,32.0,4.7,4.0,17.0,38.0,4.0,15.0,2.0,4.0,0.0,1.0,2.0,8.0,69.0,5.0,3.0,2.0,1892.0,ESPN BET,1.5,2.7,-3.5,3.5,1.87,1.952,43.5,,
401671677,2024-12-15,2024-12-15T21:25Z,2024,regular,15,False,ARI,NE,30.0,17.0,21.0,64.0,395.0,6.2,9.0,232.0,163.0,32.0,5.1,7.3,25.0,32.0,10.0,15.0,0.0,0.0,3.0,4.0,0.0,4.0,35.0,0.0,0.0,0.0,2048.0,17.0,49.0,311.0,6.3,9.0,195.0,116.0,24.0,4.8,7.8,19.0,23.0,0.0,6.0,1.0,2.0,2.0,3.0,2.0,4.0,45.0,1.0,0.0,1.0,1552.0,ESPN BET,1.364,3.25,-5.5,5.5,1.833,2.0,46.5,,
401671681,2024-12-15,2024-12-15T21:25Z,2024,regular,15,False,DET,BUF,42.0,48.0,30.0,77.0,521.0,6.8,11.0,473.0,48.0,15.0,3.2,7.6,38.0,59.0,6.0,13.0,3.0,3.0,5.0,5.0,3.0,5.0,41.0,1.0,1.0,0.0,1638.0,28.0,68.0,559.0,8.2,12.0,362.0,197.0,34.0,5.8,10.6,23.0,34.0,5.0,10.0,1.0,1.0,5.0,7.0,0.0,6.0,49.0,0.0,0.0,0.0,1962.0,ESPN BET,1.714,2.2,-2.5,2.5,1.909,1.909,55.5,,
401671706,2024-12-15,2024-12-15T18:00Z,2024,regular,15,False,JAX,NYJ,25.0,32.0,27.0,77.0,421.0,5.5,10.0,285.0,136.0,29.0,4.7,5.9,31.0,46.0,8.0,15.0,0.0,0.0,2.0,4.0,2.0,8.0,106.0,2.0,0.0,2.0,2064.0,22.0,54.0,400.0,7.4,10.0,275.0,125.0,23.0,5.4,8.9,16.0,30.0,4.0,10.0,1.0,1.0,2.0,3.0,1.0,8.0,62.0,0.0,0.0,0.0,1536.0,ESPN BET,2.55,1.541,3.5,-3.5,1.909,1.909,41.5,,
401671731,2024-12-15,2024-12-15T18:00Z,2024,regular,15,False,CAR,DAL,14.0,30.0,16.0,50.0,235.0,4.7,10.0,175.0,60.0,16.0,3.8,5.1,19.0,28.0,3.0,11.0,1.0,1.0,1.0,2.0,6.0,8.0,65.0,4.0,2.0,2.0,1574.0,24.0,70.0,410.0,5.9,11.0,199.0,211.0,40.0,5.3,6.6,18.0,29.0,6.0,12.0,0.0,0.0,3.0,4.0,1.0,14.0,99.0,1.0,1.0,0.0,2026.0,ESPN BET,1.69,2.25,-2.5,2.5,1.87,1.952,41.5,,
401671737,2024-12-15,2024-12-15T18:00Z,2024,regular,15,False,NO,WSH,19.0,20.0,17.0,51.0,245.0,4.8,9.0,176.0,69.0,16.0,4.3,5.0,15.0,32.0,3.0,11.0,1.0,1.0,1.0,2.0,3.0,4.0,36.0,1.0,0.0,1.0,1150.0,23.0,74.0,326.0,4.4,9.0,189.0,137.0,35.0,3.9,4.8,25.0,31.0,9.0,17.0,1.0,1.0,2.0,3.0,8.0,9.0,84.0,0.0,0.0,0.0,2450.0,ESPN BET,3.9,1.263,7.5,-7.5,1.909,1.909,44.5,,
401671762,2024-12-15,2024-12-15T21:25Z,2024,regular,15,False,LAC,TB,17.0,40.0,14.0,48.0,206.0,4.3,11.0,174.0,32.0,11.0,2.9,4.7,22.0,34.0,0.0,6.0,0.0,2.0,2.0,3.0,3.0,7.0,60.0,2.0,1.0,1.0,1392.0,24.0,67.0,506.0,7.6,11.0,283.0,223.0,39.0,5.7,10.1,22.0,27.0,9.0,15.0,1.0,1.0,1.0,4.0,1.0,8.0,83.0,2.0,1.0,1.0,2208.0,ESPN BET,1.606,2.4,-3.0,3.0,1.909,1.909,45.5,,
401671766,2024-12-15,2024-12-15T21:25Z,2024,regular,15,False,PHI,PIT,27.0,13.0,26.0,77.0,401.0,5.2,9.0,270.0,131.0,42.0,3.1,7.7,25.0,32.0,10.0,17.0,1.0,1.0,3.0,6.0,3.0,7.0,54.0,2.0,2.0,0.0,2392.0,10.0,41.0,163.0,4.0,9.0,107.0,56.0,17.0,3.3,4.5,14.0,22.0,3.0,10.0,0.0,0.0,1.0,2.0,2.0,5.0,60.0,1.0,1.0,0.0,1208.0,ESPN BET,1.4,3.1,-5.5,5.5,1.909,1.909,43.5,,
401671825,2024-12-15,2024-12-15T18:00Z,2024,regular,15,False,TEN,CIN,27.0,37.0,25.0,65.0,374.0,5.8,12.0,291.0,83.0,26.0,3.2,7.5,29.0,38.0,5.0,8.0,0.0,0.0,4.0,4.0,1.0,12.0,110.0,6.0,2.0,4.0,1889.0,24.0,64.0,370.0,5.8,9.0,269.0,101.0,26.0,3.9,7.1,26.0,37.0,10.0,13.0,0.0,0.0,3.0,5.0,1.0,14.0,113.0,4.0,2.0,2.0,1711.0,ESPN BET,3.15,1.385,6.5,-6.5,1.87,1.952,46.5,,
401671854,2024-12-15,2024-12-15T18:00Z,2024,regular,15,False,CLE,KC,7.0,21.0,16.0,60.0,266.0,4.4,14.0,127.0,139.0,21.0,6.6,3.3,20.0,34.0,4.0,12.0,0.0,1.0,0.0,0.0,5.0,6.0,45.0,6.0,2.0,4.0,1703.0,18.0,75.0,311.0,4.1,15.0,179.0,132.0,35.0,3.8,4.5,21.0,40.0,7.0,18.0,0.0,1.0,2.0,4.0,0.0,4.0,30.0,0.0,0.0,0.0,1897.0,ESPN BET,2.9,1.444,3.5,-3.5,2.0,1.833,41.5,,
401671860,2024-12-15,2024-12-15T18:00Z,2024,regular,15,False,HOU,MIA,20.0,12.0,12.0,50.0,181.0,3.6,11.0,104.0,77.0,20.0,3.9,3.5,18.0,26.0,5.0,13.0,1.0,1.0,2.0,3.0,4.0,7.0,70.0,1.0,1.0,0.0,1596.0,18.0,62.0,224.0,3.6,10.0,172.0,52.0,19.0,2.7,4.0,29.0,40.0,4.0,13.0,2.0,2.0,1.0,2.0,3.0,8.0,64.0,4.0,1.0,3.0,2004.0,ESPN BET,1.667,2.3,-2.5,2.5,1.8,2.02,46.5,,
401671796,2024-12-16,2024-12-16T01:20Z,2024,regular,15,False,SEA,GB,13.0,30.0,14.0,56.0,208.0,3.7,12.0,128.0,80.0,16.0,5.0,3.2,20.0,33.0,4.0,13.0,0.0,0.0,0.0,1.0,7.0,5.0,108.0,2.0,0.0,2.0,1622.0,21.0,61.0,369.0,6.0,12.0,229.0,140.0,34.0,4.1,8.5,20.0,27.0,5.0,12.0,0.0,1.0,2.0,4.0,0.0,5.0,27.0,1.0,1.0,0.0,1978.0,ESPN BET,2.4,1.606,2.5,-2.5,2.02,1.8,48.5,,
401671489,2024-12-17,2024-12-17T01:00Z,2024,regular,15,False,MIN,CHI,30.0,12.0,24.0,71.0,329.0,4.6,10.0,215.0,114.0,29.0,3.9,5.1,24.0,40.0,7.0,14.0,0.0,1.0,3.0,4.0,2.0,10.0,56.0,1.0,0.0,1.0,1794.0,16.0,63.0,284.0,4.5,11.0,171.0,113.0,29.0,3.9,5.0,19.0,32.0,1.0,12.0,1.0,3.0,1.0,3.0,2.0,9.0,93.0,1.0,1.0,0.0,1806.0,ESPN BET,1.313,3.6,-6.5,6.5,1.833,2.0,43.5,,
401671697,2024-12-17,2024-12-17T01:30Z,2024,regular,15,False,LV,ATL,9.0,15.0,16.0,65.0,249.0,3.8,12.0,184.0,65.0,22.0,3.0,4.3,23.0,39.0,4.0,14.0,2.0,2.0,1.0,1.0,4.0,7.0,55.0,3.0,1.0,2.0,1568.0,14.0,57.0,261.0,4.6,11.0,93.0,168.0,37.0,4.5,4.7,11.0,17.0,4.0,13.0,0.0,0.0,0.0,0.0,3.0,6.0,30.0,1.0,0.0,1.0,2032.0,ESPN BET,3.4,1.345,5.5,-5.5,2.0,1.833,43.5,,
401671749,2024-12-20,2024-12-20T01:15Z,2024,regular,16,False,LAC,DEN,34.0,27.0,23.0,61.0,380.0,6.2,11.0,263.0,117.0,28.0,4.2,8.0,23.0,31.0,6.0,12.0,0.0,1.0,3.0,4.0,2.0,2.0,8.0,1.0,0.0,1.0,1657.0,22.0,63.0,355.0,5.6,10.0,245.0,110.0,21.0,5.2,5.8,29.0,40.0,5.0,13.0,2.0,2.0,3.0,3.0,2.0,7.0,61.0,0.0,0.0,0.0,1943.0,ESPN BET,1.645,2.35,-2.5,2.5,1.8,2.02,41.5,,
401671778,2024-12-21,2024-12-21T21:30Z,2024,regular,16,False,BAL,PIT,34.0,17.0,25.0,62.0,418.0,6.7,10.0,198.0,220.0,38.0,5.8,8.3,15.0,23.0,4.0,10.0,0.0,0.0,3.0,5.0,1.0,2.0,10.0,1.0,0.0,1.0,1945.0,19.0,60.0,315.0,5.2,11.0,198.0,117.0,24.0,4.9,5.5,22.0,33.0,4.0,10.0,0.0,1.0,2.0,2.0,3.0,5.0,29.0,2.0,1.0,1.0,1655.0,ESPN BET,1.333,3.5,-7.5,7.5,1.952,1.87,45.5,,
401671780,2024-12-21,2024-12-21T18:00Z,2024,regular,16,False,KC,HOU,27.0,19.0,25.0,70.0,375.0,5.4,9.0,251.0,124.0,28.0,4.4,6.0,28.0,41.0,7.0,13.0,1.0,2.0,3.0,5.0,1.0,2.0,20.0,0.0,0.0,0.0,2032.0,20.0,58.0,311.0,5.4,9.0,227.0,84.0,17.0,4.9,5.5,23.0,39.0,7.0,13.0,0.0,0.0,1.0,3.0,2.0,6.0,45.0,2.0,0.0,2.0,1568.0,ESPN BET,1.526,2.6,-3.5,3.5,2.0,1.833,42.5,,
401671494,2024-12-22,2024-12-22T21:25Z,2024,regular,16,False,BUF,NE,24.0,21.0,19.0,58.0,324.0,5.6,9.0,152.0,172.0,28.0,6.1,5.1,16.0,29.0,4.0,11.0,1.0,1.0,1.0,1.0,1.0,13.0,78.0,1.0,0.0,1.0,1743.0,28.0,68.0,379.0,5.6,10.0,253.0,126.0,30.0,4.2,6.7,22.0,36.0,7.0,12.0,2.0,2.0,2.0,3.0,2.0,5.0,34.0,3.0,2.0,1.0,1857.0,ESPN BET,1.1,7.0,-14.5,14.5,2.0,1.833,47.5,,
401671621,2024-12-22,2024-12-22T18:00Z,2024,regular,16,False,NYJ,LAR,9.0,19.0,17.0,63.0,321.0,5.1,7.0,246.0,75.0,20.0,3.8,5.7,28.0,42.0,5.0,13.0,2.0,5.0,1.0,3.0,1.0,8.0,62.0,2.0,2.0,0.0,1925.0,17.0,50.0,242.0,4.8,8.0,110.0,132.0,31.0,4.3,5.8,14.0,19.0,5.0,10.0,0.0,0.0,2.0,5.0,0.0,5.0,45.0,1.0,0.0,1.0,1675.0,ESPN BET,2.37,1.625,2.5,-2.5,2.02,1.8,46.5,,
401671673,2024-12-22,2024-12-22T21:25Z,2024,regular,16,False,LV,JAX,19.0,14.0,21.0,67.0,314.0,4.7,13.0,245.0,69.0,27.0,2.6,6.1,24.0,38.0,4.0,14.0,0.0,0.0,2.0,3.0,2.0,7.0,62.0,0.0,0.0,0.0,2058.0,15.0,61.0,308.0,5.0,12.0,236.0,72.0,21.0,3.4,5.9,25.0,39.0,6.0,15.0,1.0,2.0,1.0,1.0,1.0,8.0,60.0,2.0,2.0,0.0,1542.0,ESPN BET,1.741,2.15,-2.5,2.5,1.87,1.952,41.5,,
401671717,2024-12-22,2024-12-22T18:00Z,2024,regular,16,False,WSH,PHI,36.0,33.0,23.0,64.0,368.0,5.8,13.0,255.0,113.0,24.0,4.7,6.4,24.0,39.0,7.0,13.0,2.0,3.0,3.0,4.0,1.0,6.0,93.0,5.0,3.0,2.0,1422.0,20.0,71.0,338.0,4.8,14.0,127.0,211.0,39.0,5.4,4.0,15.0,28.0,3.0,16.0,3.0,3.0,2.0,4.0,4.0,10.0,91.0,2.0,1.0,1.0,2178.0,ESPN BET,2.8,1.465,4.5,-4.5,1.87,1.952,47.5,,
401671729,2024-12-22,2024-12-22T18:00Z,2024,regular,16,False,ATL,NYG,34.0,7.0,22.0,65.0,329.0,5.1,9.0,202.0,127.0,38.0,3.3,7.5,18.0,27.0,8.0,14.0,0.0,0.0,2.0,4.0,0.0,3.0,30.0,1.0,0.0,1.0,2068.0,14.0,55.0,234.0,4.3,11.0,189.0,45.0,13.0,3.5,4.5,22.0,39.0,3.0,9.0,0.0,1.0,1.0,2.0,3.0,10.0,85.0,3.0,1.0,2.0,1532.0,ESPN BET,1.182,4.8,-9.5,9.5,1.909,1.909,43.5,,
401671732,2024-12-22,2024-12-22T18:00Z,2024,regular,16,False,CAR,ARI,36.0,30.0,22.0,65.0,392.0,6.0,12.0,149.0,243.0,36.0,6.8,5.1,17.0,26.0,6.0,14.0,2.0,2.0,3.0,4.0,3.0,9.0,64.0,0.0,0.0,0.0,1998.0,23.0,64.0,382.0,6.0,11.0,176.0,206.0,29.0,7.1,5.0,20.0,32.0,6.0,13.0,1.0,1.0,3.0,4.0,3.0,11.0,82.0,2.0,1.0,1.0,2004.0,ESPN BET,3.0,1.417,5.5,-5.5,2.0,1.833,47.5,,
401671759,2024-12-22,2024-12-22T21:05Z,2024,regular,16,False,SEA,MIN,24.0,27.0,23.0,60.0,361.0,6.0,12.0,302.0,59.0,15.0,3.9,6.7,31.0,43.0,2.0,10.0,1.0,1.0,2.0,2.0,2.0,11.0,77.0,2.0,0.0,2.0,1759.0,19.0,62.0,298.0,4.8,13.0,217.0,81.0,24.0,3.4,5.7,22.0,35.0,3.0,12.0,1.0,1.0,2.0,2.0,3.0,7.0,70.0,0.0,0.0,0.0,1841.0,ESPN BET,2.2,1.714,2.5,-2.5,1.909,1.909,43.5,,
401671811,2024-12-22,2024-12-22T18:00Z,2024,regular,16,False,CIN,CLE,24.0,6.0,21.0,56.0,326.0,5.8,11.0,210.0,116.0,22.0,5.3,6.2,23.0,30.0,4.0,11.0,0.0,0.0,2.0,3.0,4.0,5.0,35.0,1.0,1.0,0.0,1848.0,18.0,63.0,273.0,4.3,10.0,125.0,148.0,24.0,6.2,3.2,20.0,34.0,3.0,12.0,1.0,3.0,1.0,3.0,5.0,5.0,41.0,3.0,1.0,2.0,1752.0,ESPN BET,1.167,5.0,-10.5,10.5,1.952,1.87,46.5,,
401671862,2024-12-22,2024-12-22T18:00Z,2024,regular,16,False,IND,TEN,38.0,30.0,19.0,62.0,458.0,7.4,12.0,123.0,335.0,50.0,6.7,10.3,7.0,11.0,8.0,15.0,1.0,1.0,2.0,3.0,1.0,7.0,62.0,1.0,0.0,1.0,1981.0,18.0,57.0,307.0,5.4,13.0,242.0,65.0,22.0,3.0,6.9,23.0,34.0,5.0,11.0,0.0,0.0,3.0,3.0,1.0,4.0,35.0,3.0,0.0,3.0,1619.0,ESPN BET,1.513,2.65,-4.5,4.5,2.0,1.833,43.5,,
401671868,2024-12-22,2024-12-22T18:00Z,2024,regular,16,False,CHI,DET,17.0,34.0,19.0,59.0,382.0,6.5,9.0,323.0,59.0,17.0,3.5,7.7,26.0,40.0,2.0,10.0,3.0,4.0,1.0,3.0,2.0,10.0,70.0,2.0,2.0,0.0,1711.0,27.0,65.0,475.0,7.3,10.0,329.0,146.0,32.0,4.6,10.0,23.0,32.0,7.0,12.0,0.0,1.0,2.0,5.0,1.0,7.0,55.0,0.0,0.0,0.0,1889.0,ESPN BET,3.4,1.345,6.5,-6.5,1.952,1.87,47.5,,
401671874,2024-12-22,2024-12-22T21:25Z,2024,regular,16,False,MIA,SF,29.0,17.0,22.0,64.0,381.0,6.0,11.0,215.0,166.0,30.0,5.5,6.3,22.0,34.0,4.0,12.0,0.0,0.0,1.0,3.0,0.0,6.0,45.0,0.0,0.0,0.0,1986.0,20.0,61.0,374.0,6.1,10.0,293.0,81.0,18.0,4.5,6.8,26.0,40.0,5.0,13.0,0.0,1.0,2.0,5.0,3.0,11.0,90.0,1.0,0.0,1.0,1614.0,ESPN BET,2.05,1.8,1.5,-1.5,1.909,1.909,44.5,,
401671790,2024-12-23,2024-12-23T01:20Z,2024,regular,16,False,DAL,TB,26.0,24.0,15.0,56.0,317.0,5.7,12.0,286.0,31.0,20.0,1.6,7.9,26.0,35.0,5.0,15.0,0.0,0.0,2.0,2.0,1.0,5.0,30.0,0.0,0.0,0.0,1632.0,25.0,70.0,410.0,5.9,11.0,276.0,134.0,23.0,5.8,5.9,31.0,43.0,6.0,12.0,0.0,1.0,3.0,3.0,4.0,6.0,47.0,2.0,1.0,1.0,1968.0,ESPN BET,2.8,1.465,4.5,-4.5,1.952,1.87,47.5,,
401671692,2024-12-24,2024-12-24T01:15Z,2024,regular,16,False,GB,NO,34.0,0.0,24.0,69.0,404.0,5.9,9.0,216.0,188.0,39.0,4.8,7.2,17.0,30.0,6.0,13.0,3.0,3.0,4.0,4.0,0.0,6.0,60.0,0.0,0.0,0.0,2233.0,14.0,53.0,196.0,3.7,9.0,129.0,67.0,20.0,3.4,3.9,15.0,30.0,4.0,11.0,0.0,2.0,0.0,0.0,3.0,7.0,40.0,2.0,1.0,1.0,1367.0,ESPN BET,1.083,8.0,-14.5,14.5,2.02,1.8,43.5,,
401671799,2024-12-25,2024-12-25T18:00Z,2024,regular,17,False,PIT,KC,10.0,29.0,23.0,73.0,364.0,5.0,11.0,162.0,202.0,31.0,6.5,3.9,23.0,37.0,8.0,16.0,0.0,1.0,1.0,4.0,5.0,4.0,25.0,2.0,1.0,1.0,1882.0,20.0,58.0,389.0,6.7,10.0,320.0,69.0,20.0,3.5,8.4,29.0,38.0,3.0,10.0,1.0,1.0,4.0,5.0,0.0,9.0,90.0,0.0,0.0,0.0,1718.0,ESPN BET,2.15,1.741,1.5,-1.5,1.952,1.87,45.5,,
401671800,2024-12-25,2024-12-25T21:30Z,2024,regular,17,False,HOU,BAL,2.0,31.0,10.0,54.0,211.0,3.9,11.0,153.0,58.0,17.0,3.4,4.1,18.0,32.0,4.0,15.0,0.0,2.0,0.0,2.0,5.0,5.0,49.0,1.0,0.0,1.0,1479.0,25.0,61.0,432.0,7.1,10.0,181.0,251.0,43.0,5.8,10.1,11.0,17.0,4.0,9.0,0.0,0.0,3.0,3.0,1.0,3.0,30.0,0.0,0.0,0.0,2121.0,ESPN BET,3.6,1.313,6.5,-6.5,1.952,1.87,47.5,,
401671876,2024-12-27,2024-12-27T01:15Z,2024,regular,17,False,CHI,SEA,3.0,6.0,11.0,58.0,179.0,3.1,10.0,76.0,103.0,23.0,4.5,2.2,16.0,28.0,5.0,15.0,1.0,2.0,0.0,1.0,7.0,4.0,23.0,1.0,0.0,1.0,1820.0,12.0,51.0,265.0,5.2,10.0,143.0,122.0,25.0,4.9,5.5,17.0,23.0,5.0,13.0,0.0,0.0,0.0,1.0,3.0,3.0,25.0,1.0,1.0,0.0,1780.0,ESPN BET,2.8,1.465,4.5,-4.5,1.909,1.909,42.5,,
401671832,2024-12-28,2024-12-28T18:00Z,2024,regular,17,False,NE,LAC,7.0,40.0,11.0,48.0,181.0,3.8,11.0,85.0,96.0,20.0,4.8,3.0,13.0,24.0,2.0,10.0,0.0,3.0,0.0,0.0,4.0,7.0,60.0,1.0,1.0,0.0,1166.0,29.0,77.0,428.0,5.6,10.0,281.0,147.0,37.0,4.0,7.0,26.0,40.0,10.0,17.0,2.0,2.0,2.0,4.0,0.0,6.0,54.0,0.0,0.0,0.0,2434.0,ESPN BET,3.3,1.357,5.5,-5.5,2.0,1.833,41.5,,
401671835,2024-12-28,2024-12-28T21:30Z,2024,regular,17,False,CIN,DEN,30.0,24.0,34.0,84.0,499.0,5.9,11.0,384.0,115.0,28.0,4.1,6.9,39.0,49.0,7.0,13.0,1.0,3.0,4.0,7.0,7.0,3.0,15.0,1.0,1.0,0.0,2516.0,19.0,60.0,329.0,5.5,10.0,206.0,123.0,27.0,4.6,6.2,24.0,31.0,4.0,12.0,1.0,1.0,1.0,2.0,2.0,7.0,35.0,1.0,0.0,1.0,1617.0,ESPN BET,1.588,2.45,-3.5,3.5,2.05,1.769,50.5,,
401671495,2024-12-29,2024-12-29T18:00Z,2024,regular,17,False,BUF,NYJ,40.0,14.0,23.0,62.0,348.0,5.6,11.0,251.0,97.0,34.0,2.9,9.0,17.0,28.0,8.0,14.0,0.0,1.0,3.0,3.0,0.0,7.0,60.0,0.0,0.0,0.0,1877.0,20.0,57.0,281.0,4.9,10.0,169.0,112.0,21.0,5.3,4.7,23.0,32.0,4.0,9.0,0.0,1.0,1.0,2.0,4.0,16.0,120.0,3.0,1.0,2.0,1723.0,ESPN BET,1.154,5.25,-10.5,10.5,2.02,1.8,44.5,,
401671634,2024-12-29,2024-12-29T18:00Z,2024,regular,17,False,JAX,TEN,20.0,13.0,18.0,57.0,295.0,5.2,8.0,173.0,122.0,33.0,3.7,7.2,15.0,22.0,8.0,13.0,0.0,0.0,2.0,2.0,2.0,7.0,50.0,0.0,0.0,0.0,1760.0,23.0,64.0,337.0,5.3,8.0,178.0,159.0,30.0,5.3,5.2,19.0,31.0,7.0,14.0,1.0,2.0,1.0,2.0,3.0,5.0,34.0,1.0,0.0,1.0,1840.0,ESPN BET,2.0,1.833,1.5,-1.5,1.87,1.952,38.5,,
401671653,2024-12-29,2024-12-29T18:00Z,2024,regular,17,False,TB,CAR,48.0,14.0,33.0,74.0,551.0,7.4,9.0,349.0,202.0,40.0,5.1,10.3,27.0,32.0,10.0,14.0,0.0,0.0,5.0,8.0,2.0,5.0,40.0,0.0,0.0,0.0,2471.0,13.0,46.0,204.0,4.4,10.0,165.0,39.0,13.0,3.0,5.0,15.0,28.0,2.0,9.0,0.0,1.0,1.0,1.0,5.0,4.0,30.0,0.0,0.0,0.0,1129.0,ESPN BET,1.182,4.8,-9.5,9.5,1.909,1.909,47.5,,
401671725,2024-12-29,2024-12-29T21:25Z,2024,regular,17,False,MIN,GB,27.0,25.0,26.0,70.0,441.0,6.3,11.0,372.0,69.0,26.0,2.7,8.5,33.0,43.0,6.0,12.0,0.0,0.0,2.0,4.0,1.0,7.0,47.0,1.0,0.0,1.0,2130.0,17.0,57.0,271.0,4.8,10.0,167.0,104.0,24.0,4.3,5.1,19.0,30.0,8.0,14.0,0.0,1.0,3.0,4.0,3.0,7.0,51.0,1.0,1.0,0.0,1470.0,ESPN BET,1.909,1.909,0.5,-0.5,1.909,1.909,48.5,,
401671738,2024-12-29,2024-12-29T18:00Z,2024,regular,17,False,NO,LV,10.0,25.0,13.0,53.0,269.0,5.1,11.0,188.0,81.0,13.0,6.2,4.7,20.0,36.0,1.0,10.0,1.0,1.0,0.0,1.0,4.0,10.0,85.0,2.0,0.0,2.0,1330.0,22.0,74.0,388.0,5.2,11.0,232.0,156.0,38.0,4.1,6.4,20.0,35.0,10.0,18.0,0.0,0.0,2.0,4.0,1.0,3.0,20.0,0.0,0.0,0.0,2270.0,ESPN BET,2.1,1.769,2.5,-2.5,1.87,1.952,37.5,,
401671765,2024-12-29,2024-12-29T18:00Z,2024,regular,17,False,PHI,DAL,41.0,7.0,20.0,61.0,376.0,6.2,10.0,197.0,179.0,42.0,4.3,10.4,13.0,19.0,6.0,13.0,1.0,1.0,3.0,5.0,0.0,4.0,25.0,0.0,0.0,0.0,1969.0,16.0,60.0,268.0,4.5,10.0,141.0,127.0,30.0,4.2,4.7,16.0,29.0,6.0,14.0,0.0,0.0,1.0,2.0,1.0,8.0,69.0,4.0,2.0,2.0,1631.0,ESPN BET,1.278,3.8,-7.5,7.5,1.952,1.87,37.5,,
401671829,2024-12-29,2024-12-29T01:00Z,2024,regular,17,False,LAR,ARI,13.0,9.0,12.0,54.0,257.0,4.8,10.0,189.0,68.0,22.0,3.1,5.9,17.0,32.0,6.0,15.0,0.0,0.0,1.0,2.0,0.0,7.0,46.0,0.0,0.0,0.0,1385.0,24.0,74.0,396.0,5.4,10.0,283.0,113.0,22.0,5.1,5.4,33.0,48.0,6.0,13.0,0.0,2.0,1.0,4.0,4.0,9.0,62.0,2.0,0.0,2.0,2215.0,ESPN BET,1.294,3.7,-6.5,6.5,1.909,1.909,48.5,,
401671846,2024-12-29,2024-12-29T18:00Z,2024,regular,17,False,NYG,IND,45.0,33.0,15.0,53.0,389.0,7.3,13.0,309.0,80.0,30.0,2.7,13.4,17.0,23.0,7.0,13.0,0.0,1.0,2.0,3.0,0.0,7.0,94.0,0.0,0.0,0.0,1597.0,25.0,73.0,446.0,6.1,12.0,320.0,126.0,33.0,3.8,8.0,26.0,38.0,7.0,13.0,1.0,2.0,3.0,5.0,2.0,3.0,21.0,3.0,1.0,2.0,2003.0,ESPN BET,3.9,1.263,7.5,-7.5,1.87,1.952,40.5,,
401671877,2024-12-29,2024-12-29T21:05Z,2024,regular,17,False,CLE,MIA,3.0,20.0,18.0,76.0,276.0,3.6,12.0,162.0,114.0,28.0,4.1,3.4,24.0,47.0,7.0,17.0,0.0,4.0,0.0,3.0,1.0,9.0,84.0,2.0,1.0,1.0,1759.0,18.0,57.0,280.0,4.9,13.0,206.0,74.0,27.0,2.7,6.9,22.0,26.0,2.0,11.0,0.0,1.0,2.0,2.0,4.0,11.0,94.0,0.0,0.0,0.0,1841.0,ESPN BET,2.55,1.541,3.5,-3.5,1.833,2.0,32.5,,
401671842,2024-12-30,2024-12-30T01:20Z,2024,regular,17,False,WSH,ATL,30.0,24.0,29.0,77.0,412.0,5.4,10.0,196.0,216.0,36.0,6.0,4.8,24.0,36.0,6.0,13.0,3.0,3.0,4.0,6.0,5.0,13.0,108.0,1.0,0.0,1.0,2492.0,23.0,60.0,337.0,5.6,9.0,211.0,126.0,23.0,5.5,5.7,19.0,35.0,2.0,10.0,2.0,2.0,3.0,3.0,2.0,4.0,25.0,1.0,0.0,1.0,1546.0,ESPN BET,1.526,2.6,-3.5,3.5,1.952,1.87,46.5,,
401671698,2024-12-31,2024-12-31T01:15Z,2024,regular,17,False,SF,DET,34.0,40.0,29.0,60.0,475.0,7.9,9.0,400.0,75.0,18.0,4.2,9.5,30.0,40.0,5.0,8.0,1.0,1.0,5.0,5.0,2.0,5.0,30.0,2.0,0.0,2.0,1508.0,23.0,69.0,439.0,6.4,10.0,287.0,152.0,33.0,4.6,8.0,26.0,34.0,9.0,14.0,2.0,3.0,3.0,4.0,2.0,6.0,57.0,0.0,0.0,0.0,2092.0,ESPN BET,2.9,1.444,3.5,-3.5,1.909,1.909,50.5,,
401671834,2025-01-04,2025-01-04T21:30Z,2024,regular,18,False,BAL,CLE,35.0,10.0,20.0,67.0,437.0,6.5,11.0,217.0,220.0,35.0,6.3,6.8,16.0,32.0,7.0,14.0,0.0,3.0,3.0,4.0,0.0,10.0,83.0,0.0,0.0,0.0,1900.0,13.0,55.0,230.0,4.2,12.0,174.0,56.0,19.0,2.9,4.8,18.0,34.0,4.0,12.0,0.0,2.0,1.0,3.0,2.0,3.0,20.0,2.0,0.0,2.0,1700.0,ESPN BET,1.04,12.0,-20.5,20.5,2.02,1.8,41.5,,
401671826,2025-01-05,2025-01-05T18:00Z,2024,regular,18,False,TEN,HOU,14.0,23.0,14.0,60.0,314.0,5.2,10.0,229.0,85.0,32.0,2.7,8.2,16.0,26.0,5.0,15.0,2.0,3.0,0.0,2.0,2.0,7.0,68.0,1.0,1.0,0.0,1799.0,18.0,58.0,374.0,6.4,10.0,167.0,207.0,29.0,7.1,5.8,18.0,28.0,5.0,12.0,1.0,2.0,1.0,4.0,1.0,6.0,48.0,1.0,1.0,0.0,1801.0,ESPN BET,1.667,2.3,-2.5,2.5,1.8,2.02,36.5,,
401671827,2025-01-05,2025-01-05T18:00Z,2024,regular,18,False,ATL,CAR,38.0,44.0,31.0,77.0,537.0,7.0,10.0,310.0,227.0,38.0,6.0,7.9,21.0,38.0,9.0,14.0,2.0,3.0,4.0,5.0,1.0,7.0,55.0,1.0,0.0,1.0,1961.0,25.0,65.0,425.0,6.5,11.0,270.0,155.0,30.0,5.2,7.7,26.0,35.0,7.0,12.0,1.0,1.0,5.0,6.0,0.0,2.0,30.0,0.0,0.0,0.0,2045.0,ESPN BET,1.25,4.0,-7.5,7.5,1.87,1.952,48.5,,
401671828,2025-01-05,2025-01-05T18:00Z,2024,regular,18,False,TB,NO,27.0,19.0,20.0,64.0,395.0,6.2,10.0,216.0,179.0,31.0,5.8,6.5,21.0,32.0,10.0,16.0,1.0,1.0,2.0,3.0,1.0,12.0,90.0,1.0,0.0,1.0,1936.0,19.0,63.0,292.0,4.6,9.0,228.0,64.0,19.0,3.4,5.2,26.0,42.0,3.0,13.0,2.0,3.0,1.0,2.0,2.0,8.0,77.0,0.0,0.0,0.0,1664.0,ESPN BET,1.071,8.5,-14.5,14.5,2.0,1.833,44.5,,
401671830,2025-01-05,2025-01-05T21:25Z,2024,regular,18,False,LAR,SEA,25.0,30.0,20.0,65.0,403.0,6.2,10.0,319.0,84.0,21.0,4.0,7.3,27.0,41.0,5.0,14.0,2.0,3.0,2.0,4.0,3.0,2.0,10.0,1.0,0.0,1.0,1870.0,18.0,53.0,336.0,6.3,10.0,210.0,126.0,24.0,5.3,7.2,20.0,27.0,6.0,11.0,0.0,0.0,3.0,3.0,2.0,3.0,23.0,0.0,0.0,0.0,1730.0,ESPN BET,3.7,1.294,7.5,-7.5,1.833,2.0,38.5,,
401671831,2025-01-05,2025-01-05T18:00Z,2024,regular,18,False,NE,BUF,23.0,16.0,19.0,61.0,309.0,5.1,10.0,232.0,77.0,30.0,2.6,7.5,22.0,30.0,4.0,12.0,1.0,1.0,1.0,3.0,1.0,7.0,59.0,1.0,1.0,0.0,1874.0,16.0,65.0,259.0,4.0,10.0,129.0,130.0,33.0,3.9,4.0,18.0,32.0,6.0,15.0,1.0,4.0,2.0,2.0,0.0,6.0,35.0,0.0,0.0,0.0,1726.0,ESPN BET,2.45,1.588,3.5,-3.5,1.8,2.02,36.5,,
401671833,2025-01-05,2025-01-05T21:25Z,2024,regular,18,False,NYJ,MIA,32.0,20.0,22.0,62.0,375.0,6.0,12.0,257.0,118.0,22.0,5.4,6.4,23.0,37.0,5.0,12.0,1.0,2.0,4.0,5.0,3.0,6.0,35.0,1.0,0.0,1.0,1676.0,21.0,68.0,334.0,4.9,12.0,199.0,135.0,23.0,5.9,4.4,25.0,41.0,3.0,12.0,3.0,3.0,2.0,5.0,4.0,4.0,32.0,4.0,2.0,2.0,1924.0,ESPN BET,1.741,2.15,-2.5,2.5,1.909,1.909,39.5,,
401671836,2025-01-05,2025-01-05T01:00Z,2024,regular,18,False,PIT,CIN,17.0,19.0,16.0,58.0,193.0,3.3,11.0,119.0,74.0,23.0,3.2,3.4,17.0,31.0,4.0,12.0,0.0,2.0,2.0,2.0,4.0,3.0,20.0,1.0,1.0,0.0,1320.0,21.0,71.0,314.0,4.4,11.0,246.0,68.0,21.0,3.2,4.9,37.0,46.0,5.0,13.0,0.0,1.0,1.0,4.0,4.0,6.0,25.0,2.0,1.0,1.0,2280.0,ESPN BET,2.2,1.714,2.5,-2.5,2.0,1.833,48.5,,
401671837,2025-01-05,2025-01-05T18:00Z,2024,regular,18,False,IND,JAX,26.0,23.0,24.0,77.0,429.0,5.6,12.0,252.0,177.0,34.0,5.2,5.9,23.0,40.0,5.0,15.0,0.0,1.0,1.0,3.0,3.0,3.0,15.0,0.0,0.0,0.0,2158.0,19.0,68.0,319.0,4.7,13.0,206.0,113.0,34.0,3.3,6.1,20.0,32.0,5.0,14.0,0.0,1.0,2.0,3.0,2.0,4.0,57.0,1.0,0.0,1.0,1851.0,ESPN BET,1.571,2.5,-3.5,3.5,1.909,1.909,45.5,,
401671838,2025-01-05,2025-01-05T21:25Z,2024,regular,18,False,DEN,KC,38.0,0.0,29.0,72.0,479.0,6.7,8.0,321.0,158.0,43.0,3.7,11.1,26.0,29.0,10.0,14.0,2.0,2.0,4.0,5.0,0.0,5.0,41.0,0.0,0.0,0.0,2509.0,5.0,33.0,98.0,3.0,9.0,71.0,27.0,11.0,2.5,3.2,10.0,17.0,1.0,9.0,1.0,2.0,0.0,0.0,5.0,3.0,15.0,0.0,0.0,0.0,1091.0,ESPN BET,1.143,5.5,-11.5,11.5,1.952,1.87,40.5,,
401671839,2025-01-05,2025-01-05T21:25Z,2024,regular,18,False,LV,LAC,20.0,34.0,16.0,48.0,264.0,5.5,10.0,225.0,39.0,12.0,3.3,6.3,25.0,36.0,2.0,9.0,1.0,2.0,1.0,2.0,0.0,3.0,28.0,1.0,0.0,1.0,1262.0,26.0,72.0,473.0,6.6,10.0,336.0,137.0,35.0,3.9,9.1,28.0,36.0,7.0,14.0,1.0,1.0,3.0,6.0,1.0,7.0,40.0,0.0,0.0,0.0,2338.0,ESPN BET,3.5,1.333,6.5,-6.5,2.0,1.833,41.5,,
401671840,2025-01-05,2025-01-05T18:00Z,2024,regular,18,False,DAL,WSH,19.0,23.0,23.0,75.0,378.0,5.0,11.0,228.0,150.0,39.0,3.8,6.3,20.0,34.0,7.0,17.0,1.0,2.0,1.0,6.0,2.0,11.0,67.0,0.0,0.0,0.0,2223.0,18.0,55.0,269.0,4.9,10.0,156.0,113.0,18.0,6.3,4.2,21.0,31.0,6.0,13.0,1.0,1.0,3.0,3.0,6.0,5.0,55.0,1.0,1.0,0.0,1377.0,ESPN BET,3.5,1.333,7.5,-7.5,1.8,2.02,43.5,,
401671841,2025-01-05,2025-01-05T18:00Z,2024,regular,18,False,PHI,NYG,20.0,13.0,21.0,68.0,303.0,4.5,10.0,252.0,51.0,25.0,2.0,5.9,27.0,41.0,3.0,14.0,1.0,2.0,2.0,4.0,2.0,1.0,0.0,0.0,0.0,0.0,1788.0,10.0,54.0,238.0,4.4,9.0,138.0,100.0,25.0,4.0,4.8,22.0,29.0,4.0,14.0,2.0,4.0,0.0,1.0,0.0,6.0,40.0,1.0,0.0,1.0,1812.0,ESPN BET,1.588,2.45,-2.5,2.5,1.769,2.05,35.5,,
401671844,2025-01-05,2025-01-05T18:00Z,2024,regular,18,False,GB,CHI,22.0,24.0,20.0,61.0,367.0,6.0,12.0,184.0,183.0,33.0,5.5,6.6,17.0,25.0,3.0,10.0,0.0,1.0,1.0,3.0,3.0,5.0,45.0,2.0,2.0,0.0,1856.0,16.0,57.0,224.0,3.9,11.0,141.0,83.0,26.0,3.2,4.5,21.0,30.0,7.0,14.0,1.0,1.0,1.0,1.0,1.0,7.0,45.0,2.0,1.0,1.0,1744.0,ESPN BET,1.2,4.6,-10.5,10.5,2.0,1.833,41.5,,
401671845,2025-01-05,2025-01-05T21:25Z,2024,regular,18,False,ARI,SF,47.0,24.0,26.0,62.0,393.0,6.3,12.0,242.0,151.0,27.0,5.6,6.9,25.0,35.0,4.0,11.0,2.0,2.0,4.0,4.0,0.0,1.0,5.0,0.0,0.0,0.0,1689.0,26.0,73.0,436.0,6.0,12.0,298.0,138.0,28.0,4.9,6.6,29.0,43.0,5.0,13.0,1.0,2.0,2.0,2.0,2.0,13.0,85.0,3.0,1.0,2.0,1911.0,ESPN BET,1.476,2.75,-4.5,4.5,1.87,1.952,42.5,,
401671843,2025-01-06,2025-01-06T01:20Z,2024,regular,18,False,DET,MIN,31.0,9.0,24.0,66.0,394.0,6.0,11.0,216.0,178.0,31.0,5.7,6.2,27.0,33.0,5.0,12.0,2.0,4.0,3.0,3.0,2.0,8.0,49.0,2.0,0.0,2.0,2172.0,14.0,62.0,262.0,4.2,11.0,142.0,120.0,19.0,6.3,3.3,18.0,41.0,3.0,13.0,0.0,3.0,0.0,4.0,2.0,6.0,30.0,0.0,0.0,0.0,1428.0,ESPN BET,1.625,2.37,-2.5,2.5,1.8,2.02,56.5,,
401671878,2025-01-11,2025-01-11T21:30Z,2024,playoffs,1,False,HOU,LAC,32.0,12.0,20.0,70.0,429.0,6.1,13.0,261.0,168.0,34.0,4.9,7.3,22.0,33.0,5.0,14.0,2.0,2.0,2.0,4.0,3.0,8.0,86.0,3.0,2.0,1.0,2065.0,15.0,54.0,261.0,4.8,14.0,211.0,50.0,18.0,2.8,5.9,14.0,32.0,3.0,11.0,0.0,1.0,0.0,1.0,4.0,2.0,10.0,4.0,0.0,4.0,1535.0,ESPN BET,2.38,1.617,2.5,-2.5,2.05,1.769,41.5,,
401671879,2025-01-12,2025-01-12T01:00Z,2024,playoffs,1,False,BAL,PIT,28.0,14.0,29.0,72.0,464.0,6.4,9.0,165.0,299.0,50.0,6.0,7.5,16.0,21.0,10.0,15.0,0.0,0.0,3.0,4.0,1.0,3.0,14.0,0.0,0.0,0.0,2373.0,11.0,45.0,280.0,6.2,9.0,251.0,29.0,11.0,2.6,7.4,20.0,30.0,5.0,11.0,0.0,1.0,0.0,0.0,4.0,7.0,41.0,0.0,0.0,0.0,1227.0,ESPN BET,1.2,4.6,-9.5,9.5,2.0,1.833,44.5,,
401671880,2025-01-12,2025-01-12T21:30Z,2024,playoffs,1,False,PHI,GB,22.0,10.0,16.0,57.0,290.0,5.1,11.0,121.0,169.0,34.0,5.0,5.3,13.0,21.0,2.0,11.0,1.0,1.0,1.0,4.0,2.0,7.0,64.0,0.0,0.0,0.0,1833.0,17.0,60.0,302.0,5.0,11.0,195.0,107.0,25.0,4.3,5.6,20.0,33.0,7.0,13.0,1.0,2.0,1.0,3.0,2.0,8.0,85.0,4.0,1.0,3.0,1767.0,ESPN BET,1.37,3.2,-5.5,5.5,1.909,1.909,45.5,,
401671881,2025-01-12,2025-01-12T18:00Z,2024,playoffs,1,False,BUF,DEN,31.0,7.0,26.0,72.0,471.0,6.5,8.0,261.0,210.0,44.0,4.8,9.3,20.0,26.0,8.0,15.0,2.0,2.0,1.0,5.0,2.0,7.0,45.0,0.0,0.0,0.0,2503.0,13.0,42.0,224.0,5.3,8.0,145.0,79.0,17.0,4.6,5.8,14.0,23.0,2.0,9.0,1.0,3.0,0.0,1.0,2.0,3.0,27.0,0.0,0.0,0.0,1097.0,ESPN BET,1.235,4.2,-7.5,7.5,1.909,1.909,48.5,,
401671883,2025-01-13,2025-01-13T01:00Z,2024,playoffs,1,False,TB,WSH,20.0,23.0,19.0,44.0,284.0,6.5,7.0,183.0,101.0,25.0,4.0,9.6,15.0,18.0,5.0,9.0,0.0,0.0,2.0,3.0,1.0,7.0,65.0,1.0,1.0,0.0,1474.0,22.0,69.0,350.0,5.1,8.0,268.0,82.0,33.0,2.5,7.4,24.0,35.0,8.0,15.0,3.0,5.0,2.0,5.0,1.0,5.0,39.0,0.0,0.0,0.0,2126.0,ESPN BET,1.588,2.45,-3.5,3.5,2.05,1.769,51.5,,
401671882,2025-01-14,2025-01-14T01:00Z,2024,playoffs,1,False,LAR,MIN,27.0,9.0,16.0,51.0,292.0,5.7,10.0,202.0,90.0,22.0,4.1,7.0,19.0,27.0,2.0,10.0,0.0,0.0,2.0,4.0,2.0,10.0,95.0,0.0,0.0,0.0,1662.0,20.0,71.0,269.0,3.8,11.0,163.0,106.0,22.0,4.8,3.3,25.0,40.0,6.0,17.0,1.0,4.0,0.0,1.0,9.0,2.0,20.0,2.0,1.0,1.0,1938.0,ESPN BET,2.15,1.741,2.5,-2.5,1.952,1.87,47.5,,
401671884,2025-01-18,2025-01-18T21:30Z,2024,playoffs,2,False,KC,HOU,23.0,14.0,14.0,50.0,212.0,4.2,9.0,162.0,50.0,22.0,2.3,5.8,16.0,25.0,4.0,11.0,1.0,2.0,2.0,5.0,3.0,4.0,29.0,0.0,0.0,0.0,1594.0,18.0,65.0,336.0,5.2,9.0,187.0,149.0,29.0,5.1,5.2,19.0,28.0,10.0,17.0,0.0,1.0,1.0,3.0,8.0,8.0,82.0,0.0,0.0,0.0,2006.0,ESPN BET,1.167,5.0,-9.5,9.5,1.909,1.909,41.5,,
401671885,2025-01-19,2025-01-19T01:00Z,2024,playoffs,2,False,DET,WSH,31.0,45.0,30.0,68.0,521.0,7.7,11.0,320.0,201.0,23.0,8.7,7.1,25.0,43.0,3.0,9.0,2.0,2.0,3.0,6.0,2.0,5.0,30.0,5.0,1.0,4.0,1561.0,27.0,73.0,481.0,6.6,11.0,299.0,182.0,42.0,4.3,9.6,22.0,31.0,4.0,12.0,3.0,4.0,4.0,4.0,0.0,4.0,25.0,0.0,0.0,0.0,2039.0,ESPN BET,1.2,4.6,-8.5,8.5,1.952,1.87,55.5,,
401671886,2025-01-19,2025-01-19T23:30Z,2024,playoffs,2,False,BUF,BAL,27.0,25.0,20.0,59.0,273.0,4.6,9.0,126.0,147.0,36.0,4.1,5.5,16.0,22.0,5.0,11.0,1.0,1.0,3.0,4.0,1.0,1.0,10.0,0.0,0.0,0.0,1904.0,23.0,57.0,416.0,7.3,9.0,240.0,176.0,30.0,5.9,8.9,18.0,25.0,7.0,10.0,1.0,1.0,2.0,3.0,2.0,5.0,43.0,3.0,2.0,1.0,1696.0,ESPN BET,2.05,1.8,1.5,-1.5,1.909,1.909,51.5,,
401671937,2025-01-19,2025-01-19T20:00Z,2024,playoffs,2,False,PHI,LAR,28.0,22.0,16.0,61.0,350.0,5.7,13.0,65.0,285.0,34.0,8.4,2.4,15.0,20.0,6.0,15.0,1.0,1.0,0.0,2.0,7.0,3.0,14.0,0.0,0.0,0.0,1854.0,18.0,70.0,402.0,5.7,12.0,291.0,111.0,21.0,5.3,5.9,26.0,44.0,6.0,16.0,1.0,2.0,2.0,5.0,5.0,3.0,30.0,2.0,2.0,0.0,1746.0,ESPN BET,1.25,4.0,-7.5,7.5,2.0,1.833,43.5,,
401671887,2025-01-26,2025-01-26T23:30Z,2024,playoffs,3,False,KC,BUF,32.0,29.0,28.0,63.0,368.0,5.8,10.0,233.0,135.0,35.0,3.9,8.3,18.0,26.0,5.0,9.0,1.0,1.0,4.0,6.0,2.0,5.0,21.0,1.0,1.0,0.0,1768.0,22.0,68.0,374.0,5.5,9.0,227.0,147.0,32.0,4.6,6.3,22.0,34.0,5.0,14.0,4.0,6.0,3.0,3.0,2.0,6.0,48.0,0.0,0.0,0.0,1832.0,ESPN BET,1.862,1.962,-2.5,2.5,2.05,1.769,49.5,,
401671888,2025-01-26,2025-01-26T20:00Z,2024,playoffs,3,False,PHI,WSH,55.0,23.0,28.0,66.0,459.0,7.0,13.0,230.0,229.0,36.0,6.4,7.7,20.0,28.0,5.0,10.0,1.0,1.0,7.0,7.0,2.0,5.0,30.0,0.0,0.0,0.0,1831.0,22.0,77.0,350.0,4.5,12.0,251.0,99.0,25.0,4.0,4.8,30.0,49.0,7.0,17.0,4.0,6.0,1.0,2.0,3.0,9.0,47.0,4.0,3.0,1.0,1769.0,ESPN BET,1.357,3.3,-6.5,6.5,2.0,1.833,47.5,,
401671889,2025-02-09,2025-02-09T23:30Z,2024,playoffs,5,True,PHI,KC,40.0,22.0,21.0,70.0,345.0,4.9,13.0,210.0,135.0,45.0,3.0,8.4,17.0,23.0,3.0,12.0,0.0,1.0,2.0,3.0,2.0,8.0,59.0,1.0,0.0,1.0,2218.0,12.0,49.0,275.0,5.6,13.0,226.0,49.0,11.0,4.5,5.9,21.0,32.0,3.0,11.0,0.0,1.0,1.0,1.0,6.0,7.0,75.0,3.0,1.0,2.0,1382.0,ESPN BET,1.99,1.84,1.5,-1.5,1.87,1.952,48.5,,
401772971,2025-08-01,2025-08-01T00:00Z,2025,pretemporada,1,True,DET,LAC,7.0,34.0,12.0,50.0,197.0,3.9,10.0,104.0,93.0,28.0,3.3,4.7,12.0,20.0,1.0,11.0,2.0,4.0,1.0,1.0,2.0,8.0,68.0,5.0,2.0,3.0,1667.0,16.0,59.0,261.0,4.4,12.0,140.0,121.0,35.0,3.5,5.8,15.0,23.0,4.0,13.0,2.0,2.0,4.0,6.0,1.0,3.0,25.0,0.0,0.0,0.0,1933.0,ESPN BET,1.833,2.0,-1.5,1.5,1.909,1.909,33.5,,
401773001,2025-08-07,2025-08-07T23:00Z,2025,pretemporada,2,False,BAL,IND,24.0,16.0,15.0,60.0,226.0,3.8,13.0,49.0,177.0,42.0,4.2,2.7,5.0,16.0,5.0,14.0,1.0,1.0,1.0,2.0,2.0,7.0,43.0,2.0,0.0,2.0,1641.0,19.0,78.0,366.0,4.7,13.0,240.0,126.0,28.0,4.5,4.8,24.0,48.0,6.0,19.0,1.0,2.0,1.0,3.0,2.0,9.0,107.0,1.0,0.0,1.0,1959.0,ESPN BET,3.25,1.364,6.5,-6.5,1.952,1.87,35.5,,
401773005,2025-08-07,2025-08-07T23:30Z,2025,pretemporada,2,False,PHI,CIN,34.0,27.0,23.0,73.0,432.0,5.9,13.0,300.0,132.0,33.0,4.0,7.5,26.0,38.0,3.0,15.0,2.0,3.0,3.0,4.0,2.0,10.0,80.0,1.0,0.0,1.0,1976.0,19.0,60.0,325.0,5.4,13.0,268.0,57.0,19.0,3.0,6.5,22.0,40.0,3.0,12.0,1.0,2.0,2.0,3.0,1.0,8.0,68.0,1.0,0.0,1.0,1624.0,ESPN BET,3.15,1.385,6.5,-6.5,1.8,2.05,37.5,,
401772996,2025-08-08,2025-08-08T23:30Z,2025,pretemporada,2,False,NE,WSH,48.0,18.0,23.0,61.0,327.0,5.4,11.0,174.0,153.0,31.0,4.9,5.8,17.0,29.0,7.0,14.0,2.0,2.0,5.0,6.0,1.0,2.0,15.0,1.0,1.0,0.0,1761.0,20.0,66.0,338.0,5.1,11.0,237.0,101.0,25.0,4.0,5.8,24.0,41.0,5.0,13.0,0.0,0.0,2.0,3.0,0.0,13.0,98.0,2.0,0.0,2.0,1839.0,ESPN BET,1.417,3.0,-6.5,6.5,1.952,1.87,37.5,,
401773016,2025-08-08,2025-08-08T23:00Z,2025,pretemporada,2,False,ATL,DET,10.0,17.0,9.0,36.0,207.0,5.8,8.0,185.0,22.0,11.0,2.0,7.4,19.0,23.0,1.0,7.0,0.0,1.0,1.0,1.0,2.0,4.0,43.0,0.0,0.0,0.0,1731.0,14.0,46.0,246.0,5.3,8.0,146.0,100.0,25.0,4.0,7.0,14.0,18.0,3.0,9.0,2.0,2.0,2.0,3.0,3.0,5.0,50.0,2.0,2.0,0.0,1490.0,,,,,,,,,,
401773018,2025-08-08,2025-08-08T23:00Z,2025,pretemporada,2,False,CAR,CLE,10.0,30.0,13.0,53.0,251.0,4.7,11.0,211.0,40.0,14.0,2.9,5.4,23.0,35.0,3.0,12.0,0.0,1.0,1.0,2.0,4.0,6.0,60.0,2.0,1.0,1.0,1532.0,20.0,66.0,308.0,4.7,13.0,183.0,125.0,32.0,3.9,5.4,20.0,31.0,6.0,15.0,1.0,2.0,4.0,5.0,3.0,6.0,34.0,0.0,0.0,0.0,2068.0,ESPN BET,1.417,3.0,-5.5,5.5,1.833,2.0,33.5,,
401774568,2025-08-08,2025-08-08T02:00Z,2025,pretemporada,2,False,SEA,LV,23.0,23.0,23.0,65.0,368.0,5.7,10.0,198.0,170.0,32.0,5.3,6.0,18.0,32.0,8.0,15.0,0.0,1.0,2.0,2.0,1.0,9.0,78.0,1.0,0.0,1.0,1868.0,21.0,67.0,392.0,5.9,11.0,288.0,104.0,26.0,4.0,7.0,25.0,40.0,5.0,14.0,2.0,2.0,1.0,2.0,1.0,10.0,80.0,2.0,0.0,2.0,1732.0,ESPN BET,2.8,1.465,5.5,-5.5,1.769,2.1,35.5,,
401773002,2025-08-09,2025-08-09T23:00Z,2025,pretemporada,2,False,JAX,PIT,25.0,31.0,21.0,61.0,339.0,5.6,10.0,273.0,66.0,17.0,3.9,6.2,31.0,44.0,3.0,10.0,1.0,1.0,2.0,3.0,0.0,8.0,49.0,0.0,0.0,0.0,1756.0,25.0,65.0,367.0,5.6,9.0,301.0,66.0,25.0,2.6,7.5,29.0,38.0,8.0,13.0,0.0,1.0,3.0,4.0,2.0,6.0,60.0,0.0,0.0,0.0,1844.0,ESPN BET,1.4,3.1,-5.5,5.5,1.87,1.952,38.5,,
401773012,2025-08-09,2025-08-09T20:00Z,2025,pretemporada,2,False,MIN,HOU,20.0,10.0,20.0,64.0,261.0,4.1,10.0,175.0,86.0,30.0,2.9,5.1,21.0,32.0,5.0,13.0,2.0,2.0,2.0,3.0,2.0,4.0,47.0,1.0,1.0,0.0,2017.0,13.0,53.0,194.0,3.7,9.0,129.0,65.0,17.0,3.8,3.6,22.0,34.0,6.0,14.0,1.0,1.0,1.0,1.0,2.0,8.0,49.0,3.0,0.0,3.0,1583.0,ESPN BET,1.435,2.95,-5.5,5.5,1.87,1.952,39.5,,
401773020,2025-08-09,2025-08-09T23:00Z,2025,pretemporada,2,False,LAR,DAL,31.0,21.0,22.0,63.0,364.0,5.8,9.0,183.0,181.0,38.0,4.8,7.3,16.0,24.0,5.0,11.0,2.0,2.0,4.0,5.0,1.0,8.0,104.0,1.0,0.0,1.0,2000.0,19.0,60.0,297.0,5.0,9.0,149.0,148.0,27.0,5.5,4.5,19.0,32.0,4.0,11.0,1.0,2.0,2.0,4.0,1.0,11.0,83.0,1.0,0.0,1.0,1600.0,ESPN BET,2.15,1.741,1.5,-1.5,1.909,1.909,34.5,,
401774029,2025-08-09,2025-08-09T23:30Z,2025,pretemporada,2,False,TB,TEN,29.0,7.0,20.0,67.0,348.0,5.2,9.0,170.0,178.0,41.0,4.3,6.5,18.0,25.0,7.0,16.0,1.0,1.0,2.0,5.0,1.0,5.0,45.0,1.0,1.0,0.0,2099.0,11.0,56.0,201.0,3.6,11.0,135.0,66.0,21.0,3.1,3.9,15.0,33.0,5.0,13.0,1.0,3.0,1.0,2.0,2.0,7.0,61.0,3.0,0.0,3.0,1501.0,ESPN BET,2.65,1.513,3.5,-3.5,1.952,1.87,33.5,,
401776263,2025-08-09,2025-08-09T17:00Z,2025,pretemporada,2,False,BUF,NYG,25.0,34.0,20.0,55.0,389.0,7.1,12.0,331.0,58.0,15.0,3.9,8.3,27.0,38.0,1.0,9.0,1.0,2.0,2.0,4.0,2.0,4.0,25.0,1.0,1.0,0.0,1421.0,21.0,76.0,396.0,5.2,13.0,317.0,79.0,25.0,3.2,6.2,35.0,51.0,9.0,19.0,2.0,2.0,2.0,2.0,0.0,10.0,70.0,0.0,0.0,0.0,2179.0,ESPN BET,1.8,2.05,-1.5,1.5,1.87,1.952,36.5,,
401773010,2025-08-10,2025-08-10T00:00Z,2025,pretemporada,2,False,GB,NYJ,10.0,30.0,12.0,47.0,188.0,4.0,10.0,64.0,124.0,21.0,5.9,2.5,10.0,22.0,1.0,10.0,1.0,1.0,0.0,0.0,4.0,7.0,64.0,2.0,2.0,0.0,1279.0,21.0,68.0,403.0,5.9,10.0,256.0,147.0,40.0,3.7,9.1,20.0,28.0,8.0,15.0,0.0,1.0,1.0,3.0,0.0,10.0,91.0,0.0,0.0,0.0,2321.0,ESPN BET,1.541,2.55,-3.5,3.5,1.909,1.909,37.5,,
401773026,2025-08-10,2025-08-10T20:00Z,2025,pretemporada,2,False,LAC,NO,27.0,13.0,15.0,57.0,248.0,4.4,12.0,100.0,148.0,34.0,4.4,4.3,9.0,20.0,6.0,14.0,0.0,0.0,2.0,3.0,3.0,4.0,18.0,1.0,1.0,0.0,1732.0,17.0,66.0,300.0,4.5,13.0,239.0,61.0,20.0,3.1,5.2,27.0,41.0,3.0,13.0,0.0,1.0,0.0,2.0,5.0,7.0,56.0,3.0,1.0,2.0,1868.0,ESPN BET,1.69,2.25,-2.5,2.5,1.87,1.952,37.5,,
401774636,2025-08-10,2025-08-10T00:00Z,2025,pretemporada,2,False,ARI,KC,20.0,17.0,24.0,61.0,355.0,5.8,11.0,215.0,140.0,35.0,4.0,8.3,17.0,25.0,4.0,9.0,0.0,0.0,1.0,3.0,1.0,5.0,47.0,3.0,1.0,2.0,1824.0,17.0,62.0,249.0,4.0,11.0,157.0,92.0,21.0,4.4,3.8,21.0,40.0,5.0,13.0,1.0,1.0,2.0,2.0,1.0,11.0,113.0,2.0,0.0,2.0,1776.0,ESPN BET,2.1,1.769,2.5,-2.5,1.87,1.952,39.5,,
401776564,2025-08-10,2025-08-10T17:00Z,2025,pretemporada,2,False,CHI,MIA,24.0,24.0,22.0,66.0,295.0,4.5,11.0,205.0,90.0,24.0,3.8,4.9,26.0,39.0,6.0,14.0,1.0,4.0,3.0,4.0,3.0,7.0,41.0,1.0,0.0,1.0,1990.0,16.0,65.0,272.0,4.2,11.0,171.0,101.0,26.0,3.9,4.4,15.0,33.0,7.0,16.0,2.0,5.0,3.0,4.0,6.0,10.0,68.0,2.0,2.0,0.0,1610.0,ESPN BET,1.741,2.15,0.0,-0.0,1.909,1.909,37.5,,
401776566,2025-08-10,2025-08-10T00:30Z,2025,pretemporada,2,False,SF,DEN,9.0,30.0,11.0,53.0,203.0,3.8,12.0,107.0,96.0,23.0,4.2,3.6,13.0,27.0,1.0,12.0,1.0,2.0,1.0,1.0,3.0,9.0,67.0,4.0,1.0,3.0,1382.0,20.0,72.0,368.0,5.1,12.0,215.0,153.0,34.0,4.5,5.7,26.0,36.0,6.0,16.0,1.0,2.0,2.0,3.0,2.0,11.0,87.0,0.0,0.0,0.0,2218.0,ESPN BET,3.3,1.357,6.5,-6.5,1.952,1.87,37.5,,
401773017,2025-08-15,2025-08-15T23:00Z,2025,pretemporada,3,False,ATL,TEN,20.0,23.0,13.0,64.0,289.0,4.5,13.0,174.0,115.0,25.0,4.6,4.5,21.0,37.0,5.0,15.0,0.0,2.0,0.0,0.0,2.0,10.0,63.0,1.0,0.0,1.0,1771.0,19.0,61.0,313.0,5.1,12.0,195.0,118.0,32.0,3.7,6.7,17.0,28.0,5.0,13.0,1.0,1.0,1.0,2.0,1.0,6.0,65.0,2.0,1.0,1.0,1829.0,ESPN BET,2.2,1.714,2.5,-2.5,2.05,1.8,36.5,,
401773000,2025-08-16,2025-08-16T23:00Z,2025,pretemporada,3,False,PIT,TB,14.0,17.0,16.0,59.0,316.0,5.4,14.0,186.0,130.0,26.0,5.0,5.6,17.0,29.0,2.0,12.0,1.0,2.0,2.0,4.0,4.0,7.0,53.0,3.0,0.0,3.0,1771.0,13.0,64.0,240.0,3.8,13.0,199.0,41.0,24.0,1.7,5.0,23.0,39.0,6.0,18.0,1.0,2.0,2.0,3.0,1.0,7.0,54.0,2.0,2.0,0.0,1829.0,ESPN BET,2.05,1.8,1.5,-1.5,1.909,1.909,37.5,,
401773003,2025-08-16,2025-08-16T17:00Z,2025,pretemporada,3,False,IND,GB,19.0,23.0,22.0,62.0,360.0,5.8,9.0,267.0,93.0,20.0,4.7,6.4,23.0,41.0,3.0,11.0,0.0,1.0,1.0,4.0,1.0,11.0,103.0,0.0,0.0,0.0,1662.0,24.0,70.0,356.0,5.1,10.0,197.0,159.0,40.0,4.0,6.6,14.0,29.0,8.0,16.0,4.0,4.0,3.0,3.0,1.0,12.0,95.0,1.0,1.0,0.0,1938.0,ESPN BET,1.465,2.8,-5.5,5.5,1.909,1.909,32.5,,
401773006,2025-08-16,2025-08-16T17:00Z,2025,pretemporada,3,False,PHI,CLE,13.0,22.0,8.0,44.0,88.0,2.0,10.0,55.0,33.0,19.0,1.7,2.2,13.0,24.0,4.0,12.0,0.0,1.0,1.0,1.0,1.0,5.0,30.0,1.0,0.0,1.0,1443.0,15.0,63.0,331.0,5.3,11.0,199.0,132.0,29.0,4.6,5.9,23.0,31.0,9.0,16.0,0.0,1.0,1.0,3.0,3.0,6.0,36.0,2.0,1.0,1.0,2157.0,ESPN BET,1.714,2.2,-2.5,2.5,1.833,2.0,36.5,,
401773007,2025-08-16,2025-08-16T23:00Z,2025,pretemporada,3,False,DAL,BAL,13.0,31.0,7.0,47.0,176.0,3.7,12.0,125.0,51.0,20.0,2.6,4.6,10.0,23.0,2.0,11.0,0.0,2.0,0.0,2.0,4.0,7.0,59.0,2.0,1.0,1.0,1189.0,26.0,79.0,399.0,5.1,12.0,251.0,148.0,39.0,3.8,6.3,25.0,40.0,8.0,17.0,1.0,1.0,2.0,4.0,0.0,10.0,56.0,2.0,0.0,2.0,2411.0,ESPN BET,1.833,2.0,-1.5,1.5,1.952,1.87,36.5,,
401773009,2025-08-16,2025-08-16T23:00Z,2025,pretemporada,3,False,NYG,NYJ,31.0,12.0,27.0,61.0,478.0,7.8,10.0,398.0,80.0,21.0,3.8,10.0,27.0,38.0,5.0,9.0,0.0,0.0,3.0,4.0,2.0,5.0,22.0,2.0,0.0,2.0,1610.0,18.0,70.0,333.0,4.8,11.0,192.0,141.0,33.0,4.3,5.2,19.0,37.0,8.0,17.0,1.0,1.0,1.0,2.0,0.0,7.0,65.0,1.0,0.0,1.0,1990.0,ESPN BET,1.588,2.45,-3.5,3.5,1.952,1.87,38.5,,
401773013,2025-08-16,2025-08-16T17:00Z,2025,pretemporada,3,False,MIN,NE,12.0,20.0,15.0,63.0,273.0,4.3,11.0,219.0,54.0,16.0,3.4,4.7,23.0,43.0,5.0,15.0,1.0,2.0,0.0,4.0,4.0,10.0,64.0,2.0,0.0,2.0,1550.0,19.0,70.0,314.0,4.5,11.0,207.0,107.0,34.0,3.1,5.8,22.0,36.0,12.0,20.0,0.0,1.0,2.0,4.0,0.0,7.0,40.0,0.0,0.0,0.0,2050.0,ESPN BET,1.833,2.0,-0.5,0.5,1.87,1.952,37.5,,
401773021,2025-08-16,2025-08-16T23:00Z,2025,pretemporada,3,False,LAR,LAC,23.0,22.0,26.0,76.0,458.0,6.0,11.0,324.0,134.0,35.0,3.8,7.9,28.0,40.0,5.0,13.0,2.0,4.0,2.0,4.0,1.0,7.0,49.0,1.0,0.0,1.0,2157.0,16.0,56.0,291.0,5.2,10.0,208.0,83.0,23.0,3.6,6.3,15.0,31.0,5.0,13.0,0.0,0.0,1.0,4.0,2.0,6.0,35.0,0.0,0.0,0.0,1443.0,ESPN BET,3.9,1.263,8.5,-8.5,1.87,1.952,39.5,,
401773027,2025-08-16,2025-08-16T17:00Z,2025,pretemporada,3,False,HOU,CAR,20.0,3.0,18.0,65.0,266.0,4.1,10.0,157.0,109.0,28.0,3.9,4.2,21.0,36.0,5.0,14.0,2.0,3.0,2.0,4.0,1.0,7.0,56.0,0.0,0.0,0.0,1853.0,11.0,46.0,164.0,3.6,9.0,86.0,78.0,23.0,3.4,3.7,12.0,20.0,1.0,10.0,0.0,0.0,0.0,0.0,3.0,7.0,58.0,2.0,0.0,2.0,1747.0,ESPN BET,1.588,2.45,-3.5,3.5,1.952,1.87,39.5,,
401774569,2025-08-16,2025-08-16T20:05Z,2025,pretemporada,3,False,LV,SF,19.0,22.0,18.0,60.0,271.0,4.5,8.0,194.0,77.0,19.0,4.1,4.7,23.0,37.0,9.0,16.0,0.0,0.0,1.0,3.0,4.0,7.0,64.0,2.0,0.0,2.0,1656.0,24.0,66.0,348.0,5.3,9.0,284.0,64.0,28.0,2.3,7.5,26.0,36.0,3.0,11.0,3.0,3.0,1.0,4.0,2.0,5.0,30.0,1.0,0.0,1.0,1944.0,ESPN BET,1.465,2.8,-4.5,4.5,1.909,1.909,40.5,,
401774591,2025-08-16,2025-08-16T02:00Z,2025,pretemporada,3,False,SEA,KC,33.0,16.0,29.0,69.0,477.0,6.9,9.0,209.0,268.0,48.0,5.6,10.0,17.0,21.0,7.0,12.0,0.0,1.0,4.0,6.0,0.0,7.0,65.0,0.0,0.0,0.0,2318.0,9.0,39.0,156.0,4.0,9.0,88.0,68.0,17.0,4.0,4.0,14.0,20.0,4.0,9.0,0.0,1.0,1.0,3.0,2.0,3.0,15.0,0.0,0.0,0.0,1282.0,ESPN BET,1.435,2.95,-5.5,5.5,1.909,1.909,38.5,,
401776264,2025-08-16,2025-08-16T17:00Z,2025,pretemporada,3,False,DET,MIA,17.0,24.0,18.0,63.0,274.0,4.3,11.0,170.0,104.0,30.0,3.5,5.2,20.0,30.0,1.0,12.0,3.0,3.0,2.0,4.0,3.0,13.0,86.0,1.0,0.0,1.0,1781.0,21.0,61.0,356.0,5.8,11.0,259.0,97.0,20.0,4.9,6.3,26.0,40.0,7.0,13.0,0.0,1.0,3.0,5.0,1.0,9.0,60.0,1.0,1.0,0.0,1819.0,ESPN BET,1.952,1.87,-2.5,2.5,2.2,1.714,37.5,,
401773014,2025-08-17,2025-08-17T17:00Z,2025,pretemporada,3,False,NO,JAX,17.0,17.0,18.0,59.0,335.0,5.7,9.0,248.0,87.0,21.0,4.1,6.5,27.0,36.0,4.0,13.0,1.0,1.0,1.0,3.0,2.0,6.0,57.0,1.0,0.0,1.0,1872.0,21.0,63.0,337.0,5.3,10.0,241.0,96.0,26.0,3.7,6.5,26.0,37.0,6.0,12.0,1.0,1.0,2.0,3.0,0.0,4.0,61.0,3.0,1.0,2.0,1728.0,ESPN BET,2.1,1.769,,,,,40.5,,
401774637,2025-08-17,2025-08-17T01:30Z,2025,pretemporada,3,False,DEN,ARI,27.0,7.0,27.0,72.0,562.0,7.8,11.0,395.0,167.0,32.0,5.2,9.9,30.0,39.0,5.0,11.0,1.0,2.0,2.0,6.0,1.0,11.0,75.0,1.0,1.0,0.0,2104.0,8.0,47.0,135.0,2.9,10.0,99.0,36.0,17.0,2.1,3.3,19.0,28.0,2.0,13.0,1.0,1.0,1.0,1.0,2.0,7.0,81.0,0.0,0.0,0.0,1496.0,ESPN BET,1.69,2.25,-3.5,3.5,2.0,1.833,36.5,,
401772972,2025-08-18,2025-08-18T00:00Z,2025,pretemporada,3,False,CHI,BUF,38.0,0.0,31.0,83.0,528.0,6.4,10.0,357.0,171.0,43.0,4.0,8.9,25.0,39.0,9.0,16.0,2.0,3.0,4.0,5.0,1.0,5.0,63.0,0.0,0.0,0.0,2352.0,12.0,43.0,180.0,4.2,10.0,103.0,77.0,13.0,5.9,3.4,12.0,28.0,0.0,8.0,0.0,2.0,0.0,0.0,2.0,10.0,96.0,1.0,1.0,0.0,1248.0,ESPN BET,1.714,2.2,-2.5,2.5,1.909,1.909,39.5,,
401772973,2025-08-19,2025-08-19T00:00Z,2025,pretemporada,3,False,WSH,CIN,17.0,31.0,14.0,49.0,270.0,5.5,10.0,85.0,185.0,30.0,6.2,4.5,10.0,19.0,4.0,10.0,1.0,1.0,1.0,2.0,0.0,7.0,74.0,2.0,0.0,2.0,1361.0,24.0,71.0,293.0,4.1,10.0,206.0,87.0,29.0,3.0,4.9,26.0,40.0,6.0,15.0,3.0,3.0,3.0,3.0,2.0,9.0,56.0,0.0,0.0,0.0,2239.0,ESPN BET,2.6,1.526,3.5,-3.5,1.87,1.952,42.5,,
401773019,2025-08-21,2025-08-21T23:00Z,2025,pretemporada,4,False,CAR,PIT,10.0,19.0,21.0,63.0,255.0,4.0,8.0,84.0,171.0,35.0,4.9,3.0,17.0,25.0,9.0,16.0,0.0,0.0,1.0,2.0,3.0,7.0,73.0,2.0,1.0,1.0,2098.0,15.0,45.0,325.0,7.2,8.0,226.0,99.0,18.0,5.5,8.4,21.0,27.0,4.0,9.0,0.0,0.0,0.0,2.0,0.0,13.0,104.0,1.0,0.0,1.0,1502.0,ESPN BET,3.25,1.364,6.5,-6.5,1.952,1.87,34.5,,
401772974,2025-08-22,2025-08-22T00:00Z,2025,pretemporada,4,False,NYG,NE,42.0,10.0,25.0,65.0,431.0,6.6,10.0,320.0,111.0,24.0,4.6,7.8,27.0,40.0,8.0,14.0,1.0,2.0,3.0,4.0,1.0,3.0,25.0,2.0,1.0,1.0,1872.0,12.0,56.0,191.0,3.4,12.0,81.0,110.0,35.0,3.1,3.9,10.0,20.0,5.0,14.0,0.0,0.0,1.0,2.0,1.0,7.0,56.0,1.0,0.0,1.0,1728.0,ESPN BET,1.444,2.9,-4.5,4.5,1.909,1.909,36.5,,
401772997,2025-08-22,2025-08-22T23:30Z,2025,pretemporada,4,False,NYJ,PHI,17.0,19.0,18.0,61.0,309.0,5.1,13.0,180.0,129.0,26.0,5.0,5.1,20.0,33.0,3.0,12.0,0.0,1.0,2.0,2.0,2.0,10.0,78.0,3.0,1.0,2.0,1815.0,16.0,65.0,199.0,3.1,13.0,120.0,79.0,28.0,2.8,3.2,15.0,35.0,6.0,16.0,0.0,0.0,1.0,2.0,2.0,7.0,43.0,1.0,0.0,1.0,1785.0,ESPN BET,1.541,2.55,-3.5,3.5,1.909,1.909,34.5,,
401772975,2025-08-23,2025-08-23T00:00Z,2025,pretemporada,4,False,TEN,MIN,23.0,13.0,16.0,56.0,325.0,5.8,9.0,188.0,137.0,30.0,4.6,7.2,16.0,23.0,4.0,12.0,1.0,2.0,1.0,2.0,3.0,7.0,55.0,0.0,0.0,0.0,1896.0,16.0,60.0,317.0,5.3,10.0,217.0,100.0,22.0,4.5,5.7,22.0,37.0,6.0,15.0,0.0,1.0,0.0,1.0,1.0,6.0,50.0,1.0,0.0,1.0,1704.0,ESPN BET,1.571,2.5,-3.5,3.5,1.909,1.909,37.5,,
401772998,2025-08-23,2025-08-23T17:00Z,2025,pretemporada,4,False,CIN,IND,14.0,41.0,14.0,53.0,228.0,4.3,10.0,96.0,132.0,23.0,5.7,3.2,12.0,27.0,2.0,11.0,1.0,1.0,2.0,2.0,3.0,6.0,55.0,2.0,1.0,1.0,1396.0,26.0,75.0,472.0,6.3,10.0,275.0,197.0,35.0,5.6,6.9,26.0,37.0,8.0,15.0,2.0,2.0,3.0,4.0,3.0,8.0,36.0,1.0,0.0,1.0,2204.0,ESPN BET,1.769,2.1,-1.5,1.5,2.0,1.833,36.5,,
401772999,2025-08-23,2025-08-23T17:00Z,2025,pretemporada,4,False,CLE,LAR,19.0,17.0,22.0,64.0,256.0,4.0,11.0,171.0,85.0,22.0,3.9,4.1,25.0,36.0,5.0,13.0,0.0,0.0,2.0,4.0,6.0,5.0,35.0,0.0,0.0,0.0,1861.0,14.0,55.0,268.0,4.9,11.0,169.0,99.0,28.0,3.5,6.3,15.0,23.0,1.0,12.0,2.0,2.0,2.0,2.0,4.0,12.0,64.0,0.0,0.0,0.0,1739.0,ESPN BET,1.167,5.0,-10.5,10.5,2.05,1.8,36.5,,
401773004,2025-08-23,2025-08-23T00:20Z,2025,pretemporada,4,False,KC,CHI,27.0,29.0,23.0,53.0,357.0,6.7,10.0,255.0,102.0,21.0,4.9,8.0,17.0,31.0,5.0,9.0,0.0,0.0,3.0,5.0,1.0,8.0,59.0,1.0,1.0,0.0,1404.0,29.0,75.0,424.0,5.7,9.0,310.0,114.0,30.0,3.8,6.9,31.0,43.0,7.0,14.0,2.0,3.0,4.0,5.0,2.0,8.0,80.0,0.0,0.0,0.0,2196.0,ESPN BET,2.2,1.714,2.5,-2.5,1.952,1.87,42.5,,
401773008,2025-08-23,2025-08-23T00:00Z,2025,pretemporada,4,False,DAL,ATL,31.0,13.0,20.0,54.0,285.0,5.3,11.0,163.0,122.0,29.0,4.2,6.5,14.0,24.0,4.0,11.0,1.0,1.0,3.0,3.0,1.0,11.0,85.0,0.0,0.0,0.0,1592.0,19.0,63.0,332.0,5.3,10.0,185.0,147.0,31.0,4.7,5.8,20.0,30.0,7.0,14.0,0.0,1.0,0.0,3.0,2.0,8.0,77.0,2.0,0.0,2.0,2008.0,ESPN BET,1.69,2.25,-2.5,2.5,1.833,2.0,34.5,,
401773011,2025-08-23,2025-08-23T20:00Z,2025,pretemporada,4,False,GB,SEA,20.0,7.0,13.0,66.0,206.0,3.1,14.0,70.0,136.0,39.0,3.5,2.6,15.0,23.0,6.0,18.0,1.0,2.0,2.0,2.0,4.0,4.0,35.0,1.0,0.0,1.0,2143.0,9.0,53.0,253.0,4.8,12.0,123.0,130.0,24.0,5.4,4.2,13.0,24.0,2.0,13.0,1.0,4.0,1.0,2.0,5.0,5.0,26.0,4.0,4.0,0.0,1457.0,ESPN BET,1.667,2.3,-2.5,2.5,1.8,2.05,38.5,,
401773015,2025-08-23,2025-08-23T17:00Z,2025,pretemporada,4,False,NO,DEN,19.0,28.0,16.0,58.0,236.0,4.1,10.0,160.0,76.0,17.0,4.5,3.9,22.0,37.0,5.0,13.0,0.0,2.0,1.0,1.0,4.0,3.0,40.0,1.0,1.0,0.0,1389.0,22.0,75.0,396.0,5.3,10.0,293.0,103.0,27.0,3.8,6.1,32.0,45.0,7.0,16.0,3.0,4.0,3.0,6.0,3.0,6.0,35.0,1.0,0.0,1.0,2211.0,ESPN BET,2.25,1.69,3.5,-3.5,1.833,2.0,38.5,,
401774030,2025-08-23,2025-08-23T23:30Z,2025,pretemporada,4,False,TB,BUF,19.0,23.0,18.0,55.0,241.0,4.4,8.0,196.0,45.0,17.0,2.6,5.2,25.0,36.0,8.0,13.0,0.0,0.0,2.0,3.0,2.0,4.0,31.0,1.0,1.0,0.0,1462.0,25.0,63.0,375.0,6.0,9.0,270.0,105.0,31.0,3.4,8.4,25.0,30.0,3.0,9.0,1.0,1.0,2.0,5.0,2.0,2.0,10.0,0.0,0.0,0.0,2138.0,ESPN BET,2.05,1.8,1.5,-1.5,1.87,1.952,37.5,,
401776265,2025-08-23,2025-08-23T17:00Z,2025,pretemporada,4,False,DET,HOU,7.0,26.0,9.0,36.0,186.0,5.2,8.0,114.0,72.0,17.0,4.2,6.0,11.0,16.0,1.0,7.0,0.0,2.0,0.0,0.0,3.0,5.0,47.0,1.0,0.0,1.0,1185.0,28.0,71.0,399.0,5.6,9.0,249.0,150.0,38.0,3.9,7.5,25.0,32.0,9.0,12.0,0.0,0.0,3.0,4.0,1.0,8.0,59.0,1.0,0.0,1.0,2415.0,ESPN BET,1.87,1.952,,,,,34.5,,
401776565,2025-08-23,2025-08-23T23:00Z,2025,pretemporada,4,False,MIA,JAX,14.0,6.0,16.0,55.0,239.0,4.3,8.0,152.0,87.0,20.0,4.4,4.3,20.0,29.0,4.0,12.0,3.0,3.0,1.0,2.0,6.0,4.0,18.0,0.0,0.0,0.0,1753.0,12.0,53.0,207.0,3.9,8.0,86.0,121.0,24.0,5.0,3.0,18.0,26.0,5.0,14.0,1.0,1.0,0.0,0.0,3.0,8.0,60.0,1.0,0.0,1.0,1847.0,ESPN BET,1.333,3.5,-7.5,7.5,2.0,1.833,38.5,,
401777124,2025-08-23,2025-08-23T16:00Z,2025,pretemporada,4,False,WSH,BAL,3.0,30.0,14.0,58.0,242.0,4.2,10.0,157.0,85.0,26.0,3.3,4.9,19.0,30.0,7.0,14.0,1.0,2.0,0.0,1.0,2.0,4.0,29.0,4.0,1.0,3.0,1456.0,19.0,62.0,232.0,3.7,9.0,130.0,102.0,34.0,3.0,4.6,22.0,28.0,10.0,16.0,0.0,0.0,2.0,2.0,0.0,6.0,30.0,0.0,0.0,0.0,2144.0,ESPN BET,2.35,1.645,3.5,-3.5,1.8,2.05,36.5,,
401774590,2025-08-24,2025-08-24T02:00Z,2025,pretemporada,4,False,ARI,LV,20.0,10.0,12.0,53.0,269.0,5.1,11.0,59.0,210.0,28.0,7.5,2.4,12.0,20.0,4.0,14.0,1.0,1.0,1.0,3.0,5.0,4.0,46.0,0.0,0.0,0.0,1793.0,17.0,67.0,241.0,3.6,12.0,138.0,103.0,31.0,3.3,3.8,17.0,31.0,4.0,14.0,1.0,2.0,1.0,1.0,5.0,9.0,77.0,1.0,1.0,0.0,1807.0,ESPN BET,2.45,1.588,2.5,-2.5,2.1,1.769,37.5,,
401776567,2025-08-24,2025-08-24T00:30Z,2025,pretemporada,4,False,SF,LAC,30.0,23.0,15.0,62.0,238.0,3.8,15.0,155.0,83.0,33.0,2.5,5.3,18.0,27.0,3.0,13.0,0.0,1.0,2.0,2.0,2.0,12.0,67.0,2.0,2.0,0.0,1797.0,21.0,68.0,321.0,4.7,14.0,239.0,82.0,24.0,3.4,5.4,24.0,44.0,3.0,13.0,1.0,1.0,1.0,3.0,0.0,11.0,74.0,4.0,3.0,1.0,1803.0,ESPN BET,2.3,1.667,3.5,-3.5,1.8,2.05,35.5,,
401772510,2025-09-05,2025-09-05T00:20Z,2025,regular,1,False,PHI,DAL,24.0,20.0,20.0,62.0,302.0,4.9,8.0,144.0,158.0,38.0,4.2,6.0,19.0,23.0,8.0,13.0,0.0,0.0,3.0,3.0,1.0,9.0,110.0,0.0,0.0,0.0,2092.0,22.0,56.0,307.0,5.5,8.0,188.0,119.0,22.0,5.4,5.5,21.0,34.0,7.0,11.0,0.0,1.0,2.0,3.0,0.0,4.0,42.0,1.0,1.0,0.0,1508.0,ESPN BET,1.25,4.0,-7.5,7.5,1.909,1.909,47.5,,
401772714,2025-09-06,2025-09-06T00:00Z,2025,regular,1,True,LAC,KC,27.0,21.0,22.0,62.0,394.0,6.4,8.0,304.0,90.0,25.0,3.6,8.2,25.0,34.0,7.0,13.0,1.0,1.0,2.0,4.0,3.0,6.0,49.0,0.0,0.0,0.0,1964.0,18.0,58.0,347.0,6.0,8.0,249.0,98.0,17.0,5.8,6.1,24.0,39.0,5.0,14.0,3.0,3.0,1.0,3.0,2.0,10.0,71.0,0.0,0.0,0.0,1636.0,ESPN BET,2.5,1.571,3.5,-3.5,1.8,2.05,47.5,,
401772718,2025-09-07,2025-09-07T17:00Z,2025,regular,1,False,NO,ARI,13.0,20.0,21.0,69.0,315.0,4.6,10.0,208.0,107.0,22.0,4.9,4.4,27.0,46.0,5.0,14.0,1.0,2.0,1.0,4.0,1.0,13.0,89.0,0.0,0.0,0.0,1574.0,19.0,61.0,276.0,4.5,9.0,130.0,146.0,27.0,5.4,3.8,21.0,29.0,6.0,13.0,0.0,0.0,2.0,3.0,5.0,9.0,54.0,0.0,0.0,0.0,2026.0,ESPN BET,3.1,1.4,5.5,-5.5,1.909,1.909,44.5,,
401772719,2025-09-07,2025-09-07T17:00Z,2025,regular,1,False,IND,MIA,33.0,8.0,27.0,70.0,418.0,6.0,7.0,262.0,156.0,40.0,3.9,8.7,22.0,29.0,7.0,15.0,3.0,3.0,3.0,6.0,1.0,4.0,45.0,0.0,0.0,0.0,2323.0,12.0,46.0,211.0,4.6,7.0,133.0,78.0,12.0,6.5,3.9,19.0,31.0,5.0,10.0,1.0,2.0,1.0,1.0,3.0,3.0,15.0,3.0,1.0,2.0,1277.0,ESPN BET,1.833,2.0,-1.5,1.5,1.952,1.87,47.5,,
401772720,2025-09-07,2025-09-07T17:00Z,2025,regular,1,False,NE,LV,13.0,20.0,18.0,68.0,336.0,4.9,11.0,276.0,60.0,18.0,3.3,5.5,30.0,46.0,4.0,14.0,1.0,1.0,1.0,3.0,4.0,8.0,70.0,1.0,0.0,1.0,1805.0,21.0,62.0,389.0,6.3,12.0,333.0,56.0,24.0,2.3,8.8,24.0,34.0,5.0,13.0,1.0,1.0,1.0,1.0,4.0,9.0,77.0,1.0,0.0,1.0,1795.0,ESPN BET,1.69,2.25,-2.5,2.5,1.8,2.05,44.5,,
401772721,2025-09-07,2025-09-07T17:00Z,2025,regular,1,False,NYJ,PIT,32.0,34.0,23.0,62.0,394.0,6.4,11.0,212.0,182.0,39.0,4.7,9.2,16.0,22.0,7.0,14.0,1.0,2.0,3.0,4.0,1.0,7.0,74.0,1.0,1.0,0.0,2083.0,19.0,54.0,271.0,5.0,11.0,218.0,53.0,20.0,2.7,6.4,22.0,30.0,4.0,10.0,0.0,0.0,3.0,3.0,4.0,4.0,26.0,0.0,0.0,0.0,1517.0,ESPN BET,2.4,1.606,2.5,-2.5,2.1,1.769,38.5,,
401772722,2025-09-07,2025-09-07T20:25Z,2025,regular,1,False,GB,DET,27.0,13.0,14.0,47.0,266.0,5.7,9.0,188.0,78.0,25.0,3.1,8.5,16.0,22.0,4.0,10.0,1.0,1.0,3.0,5.0,0.0,4.0,40.0,0.0,0.0,0.0,1475.0,16.0,65.0,246.0,3.8,9.0,200.0,46.0,22.0,2.1,4.7,31.0,39.0,5.0,15.0,3.0,4.0,1.0,4.0,4.0,7.0,40.0,1.0,0.0,1.0,2125.0,ESPN BET,1.87,1.952,-1.5,1.5,2.05,1.8,48.5,,
401772723,2025-09-07,2025-09-07T20:25Z,2025,regular,1,False,LAR,HOU,14.0,9.0,18.0,57.0,296.0,5.2,9.0,224.0,72.0,25.0,2.9,7.0,21.0,29.0,7.0,13.0,1.0,1.0,2.0,3.0,3.0,7.0,60.0,1.0,1.0,0.0,1715.0,18.0,57.0,265.0,4.6,9.0,151.0,114.0,27.0,4.2,5.0,19.0,27.0,2.0,9.0,1.0,1.0,0.0,1.0,3.0,11.0,80.0,2.0,1.0,1.0,1885.0,ESPN BET,1.606,2.4,-3.5,3.5,2.0,1.833,43.5,,
401772827,2025-09-07,2025-09-07T17:00Z,2025,regular,1,False,WSH,NYG,21.0,6.0,25.0,65.0,432.0,6.6,10.0,212.0,220.0,32.0,6.9,6.4,19.0,30.0,4.0,11.0,0.0,0.0,3.0,4.0,3.0,12.0,89.0,0.0,0.0,0.0,1768.0,17.0,62.0,231.0,3.7,9.0,157.0,74.0,23.0,3.2,4.0,17.0,37.0,4.0,16.0,1.0,2.0,0.0,2.0,2.0,6.0,35.0,0.0,0.0,0.0,1832.0,ESPN BET,1.37,3.2,-5.5,5.5,1.833,2.0,45.5,,
401772828,2025-09-07,2025-09-07T17:00Z,2025,regular,1,False,JAX,CAR,26.0,10.0,19.0,63.0,378.0,6.0,10.0,178.0,200.0,32.0,6.3,5.7,19.0,31.0,5.0,12.0,2.0,2.0,2.0,5.0,0.0,11.0,93.0,1.0,0.0,1.0,1860.0,15.0,61.0,255.0,4.2,10.0,142.0,113.0,25.0,4.5,3.9,18.0,35.0,8.0,15.0,0.0,2.0,0.0,1.0,1.0,4.0,35.0,3.0,1.0,2.0,1740.0,ESPN BET,1.476,2.75,-4.5,4.5,1.952,1.87,44.5,,
401772829,2025-09-07,2025-09-07T17:00Z,2025,regular,1,False,CLE,CIN,16.0,17.0,22.0,71.0,327.0,4.6,10.0,278.0,49.0,24.0,2.0,5.9,31.0,45.0,9.0,16.0,2.0,3.0,2.0,3.0,2.0,7.0,53.0,2.0,0.0,2.0,2149.0,11.0,49.0,141.0,2.9,10.0,95.0,46.0,23.0,2.0,3.7,14.0,23.0,7.0,14.0,0.0,0.0,2.0,3.0,3.0,7.0,33.0,0.0,0.0,0.0,1451.0,ESPN BET,2.8,1.465,5.5,-5.5,1.909,1.909,47.5,,
401772830,2025-09-07,2025-09-07T17:00Z,2025,regular,1,False,ATL,TB,20.0,23.0,23.0,71.0,358.0,5.0,10.0,289.0,69.0,28.0,2.5,6.7,27.0,42.0,6.0,15.0,3.0,4.0,1.0,2.0,1.0,8.0,55.0,0.0,0.0,0.0,2112.0,16.0,56.0,260.0,4.6,10.0,159.0,101.0,23.0,4.4,4.8,17.0,32.0,7.0,14.0,1.0,1.0,1.0,1.0,1.0,5.0,60.0,0.0,0.0,0.0,1488.0,ESPN BET,1.909,1.909,-1.5,1.5,2.0,1.833,47.5,,
401772831,2025-09-07,2025-09-07T20:05Z,2025,regular,1,False,SEA,SF,13.0,17.0,14.0,50.0,230.0,4.6,10.0,146.0,84.0,26.0,3.2,6.1,16.0,23.0,3.0,10.0,0.0,0.0,1.0,3.0,1.0,4.0,30.0,2.0,2.0,0.0,1322.0,24.0,72.0,384.0,5.3,11.0,265.0,119.0,36.0,3.3,7.4,26.0,35.0,7.0,14.0,2.0,2.0,2.0,5.0,1.0,9.0,61.0,2.0,0.0,2.0,2278.0,ESPN BET,2.05,1.8,1.5,-1.5,1.952,1.87,44.5,,
401772832,2025-09-07,2025-09-07T20:05Z,2025,regular,1,False,DEN,TEN,20.0,12.0,20.0,71.0,317.0,4.5,14.0,166.0,151.0,30.0,5.0,4.0,25.0,40.0,6.0,15.0,0.0,2.0,1.0,3.0,1.0,6.0,45.0,4.0,2.0,2.0,1916.0,7.0,55.0,133.0,2.4,14.0,62.0,71.0,21.0,3.4,1.8,12.0,28.0,2.0,14.0,0.0,1.0,0.0,2.0,6.0,13.0,131.0,2.0,2.0,0.0,1684.0,ESPN BET,1.2,4.6,-9.5,9.5,1.909,1.909,43.5,,
401772918,2025-09-08,2025-09-08T00:20Z,2025,regular,1,False,BUF,BAL,41.0,40.0,29.0,78.0,497.0,6.4,12.0,389.0,108.0,31.0,3.5,8.3,33.0,46.0,7.0,15.0,1.0,1.0,5.0,7.0,1.0,5.0,38.0,0.0,0.0,0.0,2089.0,19.0,50.0,432.0,8.6,11.0,194.0,238.0,29.0,8.2,9.2,14.0,19.0,6.0,11.0,0.0,0.0,1.0,3.0,2.0,7.0,51.0,1.0,1.0,0.0,1511.0,ESPN BET,2.0,1.833,1.5,-1.5,1.87,1.952,51.5,,
401772810,2025-09-09,2025-09-09T00:15Z,2025,regular,1,False,CHI,MIN,24.0,27.0,20.0,63.0,317.0,5.0,13.0,198.0,119.0,26.0,4.6,5.4,21.0,35.0,3.0,12.0,0.0,1.0,2.0,2.0,2.0,12.0,127.0,1.0,1.0,0.0,1973.0,14.0,49.0,254.0,5.2,13.0,134.0,120.0,26.0,4.6,5.8,13.0,20.0,3.0,12.0,0.0,0.0,2.0,3.0,3.0,8.0,50.0,1.0,0.0,1.0,1627.0,ESPN BET,1.909,1.909,-1.5,1.5,2.0,1.833,43.5,,
401772936,2025-09-12,2025-09-12T00:15Z,2025,regular,2,False,GB,WSH,27.0,18.0,22.0,63.0,404.0,6.4,12.0,269.0,135.0,30.0,4.5,8.2,19.0,31.0,5.0,12.0,0.0,1.0,3.0,4.0,2.0,10.0,77.0,0.0,0.0,0.0,1946.0,15.0,65.0,230.0,3.5,11.0,179.0,51.0,19.0,2.7,3.9,24.0,42.0,5.0,16.0,1.0,3.0,1.0,1.0,4.0,5.0,30.0,0.0,0.0,0.0,1654.0,ESPN BET,1.571,2.5,-3.5,3.5,2.12,1.741,47.5,,
401772724,2025-09-14,2025-09-14T17:00Z,2025,regular,2,False,TEN,LAR,19.0,33.0,18.0,64.0,252.0,3.9,11.0,143.0,109.0,26.0,4.2,3.8,19.0,33.0,6.0,15.0,1.0,1.0,1.0,3.0,5.0,10.0,62.0,1.0,1.0,0.0,1807.0,22.0,59.0,439.0,7.4,11.0,290.0,149.0,25.0,6.0,8.5,23.0,33.0,5.0,12.0,1.0,1.0,3.0,6.0,1.0,4.0,29.0,1.0,0.0,1.0,1793.0,ESPN BET,3.0,1.417,5.5,-5.5,1.87,1.952,40.5,,
401772725,2025-09-14,2025-09-14T17:00Z,2025,regular,2,False,CIN,JAX,31.0,27.0,24.0,65.0,350.0,5.4,11.0,302.0,48.0,17.0,2.8,6.3,28.0,45.0,6.0,14.0,1.0,1.0,3.0,4.0,3.0,3.0,29.0,3.0,0.0,3.0,1609.0,21.0,70.0,400.0,5.7,12.0,261.0,139.0,27.0,5.1,6.1,24.0,42.0,6.0,13.0,0.0,1.0,3.0,6.0,1.0,6.0,55.0,2.0,0.0,2.0,1991.0,ESPN BET,1.5,2.7,-3.5,3.5,1.87,1.952,50.5,,
401772726,2025-09-14,2025-09-14T17:00Z,2025,regular,2,False,BAL,CLE,41.0,17.0,14.0,53.0,242.0,4.6,12.0,197.0,45.0,21.0,2.1,6.2,19.0,29.0,3.0,12.0,1.0,1.0,3.0,4.0,3.0,6.0,28.0,0.0,0.0,0.0,1691.0,17.0,72.0,323.0,4.5,12.0,208.0,115.0,22.0,5.2,4.2,28.0,48.0,7.0,18.0,1.0,3.0,2.0,2.0,2.0,6.0,42.0,2.0,1.0,1.0,1909.0,ESPN BET,1.125,6.0,-12.5,12.5,1.909,1.909,46.5,,
401772727,2025-09-14,2025-09-14T17:00Z,2025,regular,2,False,NYJ,BUF,10.0,30.0,11.0,47.0,154.0,3.3,10.0,54.0,100.0,21.0,4.8,2.1,10.0,22.0,0.0,11.0,3.0,3.0,1.0,1.0,4.0,5.0,35.0,1.0,1.0,0.0,1299.0,25.0,71.0,403.0,5.7,11.0,179.0,224.0,43.0,5.2,6.4,15.0,27.0,5.0,14.0,2.0,2.0,2.0,4.0,1.0,6.0,69.0,0.0,0.0,0.0,2301.0,ESPN BET,3.2,1.37,5.5,-5.5,1.909,1.909,46.5,,
401772728,2025-09-14,2025-09-14T17:00Z,2025,regular,2,False,MIA,NE,27.0,33.0,16.0,52.0,358.0,6.9,8.0,297.0,61.0,15.0,4.1,8.0,26.0,32.0,4.0,10.0,0.0,2.0,1.0,2.0,5.0,10.0,65.0,1.0,0.0,1.0,1575.0,18.0,55.0,333.0,6.1,10.0,211.0,122.0,29.0,4.2,8.1,19.0,23.0,7.0,12.0,1.0,1.0,3.0,4.0,3.0,12.0,75.0,0.0,0.0,0.0,2025.0,ESPN BET,1.741,2.15,-2.5,2.5,2.0,1.833,42.5,,
401772729,2025-09-14,2025-09-14T20:05Z,2025,regular,2,False,IND,DEN,29.0,28.0,26.0,67.0,473.0,7.1,10.0,306.0,167.0,32.0,5.2,8.7,23.0,34.0,6.0,13.0,0.0,2.0,2.0,6.0,1.0,11.0,68.0,0.0,0.0,0.0,1927.0,23.0,54.0,324.0,6.0,9.0,206.0,118.0,24.0,4.9,6.9,22.0,30.0,4.0,9.0,0.0,0.0,3.0,3.0,0.0,8.0,83.0,1.0,0.0,1.0,1673.0,ESPN BET,2.1,1.769,1.5,-1.5,1.909,1.909,43.5,,
401772730,2025-09-14,2025-09-14T20:05Z,2025,regular,2,False,ARI,CAR,27.0,22.0,16.0,48.0,293.0,6.1,8.0,211.0,82.0,22.0,3.7,8.1,17.0,25.0,3.0,9.0,1.0,1.0,2.0,4.0,1.0,12.0,96.0,1.0,0.0,1.0,1605.0,26.0,77.0,352.0,4.6,10.0,303.0,49.0,19.0,2.6,5.2,35.0,55.0,5.0,15.0,3.0,4.0,3.0,4.0,3.0,7.0,83.0,2.0,1.0,1.0,1995.0,ESPN BET,1.294,3.7,-6.5,6.5,1.8,2.05,45.5,,
401772833,2025-09-14,2025-09-14T17:00Z,2025,regular,2,False,NO,SF,21.0,26.0,21.0,67.0,307.0,4.6,11.0,186.0,121.0,30.0,4.0,5.0,25.0,34.0,4.0,11.0,1.0,2.0,3.0,3.0,3.0,7.0,45.0,1.0,1.0,0.0,1755.0,23.0,68.0,344.0,5.1,11.0,267.0,77.0,26.0,3.0,6.4,26.0,39.0,8.0,15.0,0.0,0.0,2.0,2.0,3.0,5.0,40.0,1.0,1.0,0.0,1845.0,ESPN BET,2.35,1.645,2.5,-2.5,2.1,1.769,40.5,,
401772834,2025-09-14,2025-09-14T17:00Z,2025,regular,2,False,DAL,NYG,40.0,37.0,32.0,83.0,478.0,5.8,14.0,343.0,135.0,28.0,4.8,6.2,38.0,52.0,6.0,14.0,1.0,1.0,3.0,3.0,3.0,12.0,106.0,1.0,0.0,1.0,2241.0,22.0,65.0,506.0,7.8,12.0,422.0,84.0,21.0,4.0,9.6,30.0,41.0,6.0,14.0,1.0,2.0,1.0,5.0,3.0,14.0,160.0,1.0,0.0,1.0,1959.0,ESPN BET,1.476,2.75,-4.5,4.5,1.909,1.909,44.5,,
401772835,2025-09-14,2025-09-14T17:00Z,2025,regular,2,False,DET,CHI,52.0,21.0,25.0,58.0,511.0,8.8,12.0,334.0,177.0,30.0,5.9,11.9,23.0,28.0,4.0,10.0,1.0,1.0,6.0,7.0,0.0,3.0,28.0,0.0,0.0,0.0,1820.0,19.0,64.0,339.0,5.3,13.0,205.0,134.0,27.0,5.0,5.5,21.0,33.0,7.0,13.0,0.0,2.0,2.0,2.0,4.0,8.0,50.0,2.0,1.0,1.0,1780.0,ESPN BET,1.357,3.3,-6.5,6.5,1.909,1.909,45.5,,
401772836,2025-09-14,2025-09-14T17:00Z,2025,regular,2,False,PIT,SEA,17.0,31.0,13.0,59.0,267.0,4.5,12.0,195.0,72.0,21.0,3.4,5.1,20.0,35.0,5.0,15.0,1.0,2.0,1.0,2.0,3.0,2.0,15.0,2.0,0.0,2.0,1723.0,21.0,64.0,395.0,6.2,12.0,278.0,117.0,29.0,4.0,7.9,22.0,33.0,6.0,14.0,1.0,2.0,2.0,3.0,2.0,2.0,10.0,2.0,0.0,2.0,1877.0,ESPN BET,1.5,2.7,-3.5,3.5,1.87,1.952,40.5,,
401772837,2025-09-14,2025-09-14T20:25Z,2025,regular,2,False,KC,PHI,17.0,20.0,17.0,57.0,294.0,5.2,9.0,173.0,121.0,26.0,4.7,5.6,16.0,29.0,4.0,12.0,2.0,3.0,1.0,2.0,2.0,6.0,45.0,1.0,0.0,1.0,1646.0,16.0,58.0,216.0,3.7,10.0,94.0,122.0,34.0,3.6,3.9,15.0,22.0,5.0,14.0,1.0,1.0,2.0,2.0,2.0,6.0,48.0,0.0,0.0,0.0,1954.0,ESPN BET,1.909,1.909,1.5,-1.5,1.833,2.0,46.5,,
401772715,2025-09-15,2025-09-15T23:00Z,2025,regular,2,False,HOU,TB,19.0,20.0,12.0,46.0,266.0,5.8,11.0,182.0,84.0,19.0,4.4,6.7,13.0,24.0,2.0,9.0,0.0,1.0,0.0,2.0,3.0,6.0,45.0,0.0,0.0,0.0,1371.0,25.0,72.0,360.0,5.0,10.0,191.0,169.0,30.0,5.6,4.5,25.0,38.0,6.0,14.0,1.0,1.0,2.0,3.0,4.0,7.0,45.0,0.0,0.0,0.0,2229.0,ESPN BET,1.645,2.35,-2.5,2.5,1.8,2.05,42.5,,
401772919,2025-09-15,2025-09-15T00:20Z,2025,regular,2,False,MIN,ATL,6.0,22.0,10.0,46.0,198.0,4.3,10.0,120.0,78.0,19.0,4.1,4.4,11.0,21.0,4.0,11.0,1.0,2.0,0.0,1.0,6.0,8.0,50.0,4.0,2.0,2.0,1408.0,19.0,63.0,326.0,5.2,11.0,108.0,218.0,39.0,5.6,4.5,13.0,21.0,6.0,15.0,0.0,0.0,1.0,5.0,3.0,5.0,29.0,1.0,1.0,0.0,2192.0,ESPN BET,1.588,2.45,-3.5,3.5,2.1,1.769,44.5,,
401772811,2025-09-16,2025-09-16T02:00Z,2025,regular,2,False,LV,LAC,9.0,20.0,15.0,65.0,218.0,3.4,10.0,150.0,68.0,19.0,3.6,3.3,24.0,43.0,9.0,18.0,0.0,2.0,0.0,3.0,3.0,5.0,47.0,3.0,0.0,3.0,1903.0,15.0,55.0,317.0,5.8,11.0,236.0,81.0,26.0,3.1,8.1,19.0,27.0,4.0,11.0,1.0,2.0,1.0,3.0,2.0,6.0,33.0,1.0,1.0,0.0,1697.0,ESPN BET,2.6,1.526,3.5,-3.5,1.833,2.0,46.5,,
401772937,2025-09-19,2025-09-19T00:15Z,2025,regular,3,False,BUF,MIA,31.0,21.0,23.0,57.0,360.0,6.3,9.0,203.0,157.0,27.0,5.8,6.8,22.0,28.0,6.0,11.0,0.0,0.0,3.0,4.0,2.0,3.0,35.0,0.0,0.0,0.0,1907.0,19.0,59.0,276.0,4.7,9.0,146.0,130.0,25.0,5.2,4.3,22.0,34.0,10.0,15.0,1.0,1.0,3.0,3.0,0.0,6.0,57.0,1.0,0.0,1.0,1693.0,ESPN BET,1.133,5.75,-11.5,11.5,1.909,1.909,50.5,,
401772731,2025-09-21,2025-09-21T17:00Z,2025,regular,3,False,MIN,CIN,48.0,10.0,22.0,58.0,352.0,6.1,12.0,183.0,169.0,31.0,5.5,6.8,16.0,24.0,4.0,12.0,1.0,1.0,4.0,5.0,3.0,13.0,105.0,0.0,0.0,0.0,1856.0,12.0,52.0,171.0,3.3,13.0,118.0,53.0,21.0,2.5,3.8,19.0,27.0,3.0,11.0,0.0,0.0,1.0,1.0,4.0,4.0,45.0,5.0,3.0,2.0,1744.0,ESPN BET,1.588,2.45,-3.5,3.5,1.952,1.87,42.5,,
401772732,2025-09-21,2025-09-21T17:00Z,2025,regular,3,False,NE,PIT,14.0,21.0,26.0,71.0,369.0,5.2,9.0,250.0,119.0,29.0,4.1,6.0,28.0,37.0,6.0,13.0,4.0,5.0,2.0,4.0,5.0,7.0,54.0,5.0,4.0,1.0,2000.0,17.0,49.0,203.0,4.1,10.0,139.0,64.0,26.0,2.5,6.0,16.0,23.0,4.0,9.0,0.0,0.0,3.0,3.0,0.0,8.0,59.0,1.0,0.0,1.0,1600.0,ESPN BET,1.909,1.909,1.5,-1.5,1.8,2.05,44.5,,
401772733,2025-09-21,2025-09-21T17:00Z,2025,regular,3,False,TEN,IND,20.0,41.0,21.0,65.0,282.0,4.3,9.0,196.0,86.0,23.0,3.7,4.7,23.0,38.0,5.0,14.0,1.0,2.0,2.0,2.0,4.0,8.0,68.0,1.0,0.0,1.0,1879.0,22.0,53.0,365.0,6.9,9.0,228.0,137.0,28.0,4.9,9.1,18.0,25.0,2.0,8.0,2.0,2.0,2.0,4.0,0.0,4.0,23.0,0.0,0.0,0.0,1721.0,ESPN BET,3.1,1.4,5.5,-5.5,1.952,1.87,42.5,,
401772734,2025-09-21,2025-09-21T17:00Z,2025,regular,3,False,JAX,HOU,17.0,10.0,17.0,66.0,291.0,4.4,13.0,205.0,86.0,24.0,3.6,4.9,20.0,40.0,4.0,15.0,0.0,1.0,2.0,3.0,2.0,9.0,70.0,1.0,0.0,1.0,1878.0,13.0,59.0,271.0,4.6,13.0,184.0,87.0,19.0,4.6,4.6,25.0,38.0,4.0,15.0,1.0,1.0,0.0,1.0,2.0,7.0,66.0,3.0,1.0,2.0,1722.0,ESPN BET,1.8,2.05,-1.5,1.5,1.952,1.87,42.5,,
401772735,2025-09-21,2025-09-21T20:05Z,2025,regular,3,False,LAC,DEN,23.0,20.0,29.0,80.0,376.0,4.7,12.0,270.0,106.0,28.0,3.8,5.2,28.0,47.0,8.0,17.0,0.0,0.0,1.0,3.0,5.0,3.0,25.0,2.0,1.0,1.0,2180.0,9.0,48.0,265.0,5.5,12.0,147.0,118.0,21.0,5.6,5.4,14.0,25.0,2.0,13.0,2.0,2.0,1.0,2.0,2.0,10.0,90.0,0.0,0.0,0.0,1420.0,ESPN BET,1.645,2.35,-2.5,2.5,1.8,2.05,45.5,,
401772736,2025-09-21,2025-09-21T20:05Z,2025,regular,3,False,SEA,NO,44.0,13.0,22.0,54.0,320.0,5.9,11.0,233.0,87.0,33.0,2.6,11.1,16.0,21.0,3.0,9.0,0.0,0.0,4.0,5.0,0.0,8.0,70.0,1.0,1.0,0.0,1664.0,21.0,70.0,284.0,4.1,12.0,205.0,79.0,27.0,2.9,4.8,28.0,41.0,5.0,15.0,0.0,2.0,1.0,3.0,2.0,11.0,77.0,1.0,0.0,1.0,1936.0,ESPN BET,1.278,3.8,-6.5,6.5,1.833,2.0,41.5,,
401772838,2025-09-21,2025-09-21T17:00Z,2025,regular,3,False,CAR,ATL,30.0,0.0,15.0,55.0,224.0,4.1,9.0,114.0,110.0,30.0,3.7,4.6,16.0,24.0,3.0,11.0,2.0,2.0,2.0,3.0,1.0,6.0,55.0,1.0,1.0,0.0,1918.0,17.0,66.0,332.0,5.0,11.0,201.0,131.0,23.0,5.7,4.7,23.0,43.0,5.0,13.0,0.0,3.0,0.0,0.0,0.0,3.0,23.0,3.0,1.0,2.0,1682.0,ESPN BET,2.8,1.465,4.5,-4.5,1.87,1.952,43.5,,
401772839,2025-09-21,2025-09-21T17:00Z,2025,regular,3,False,PHI,LAR,33.0,26.0,19.0,63.0,288.0,4.6,11.0,202.0,86.0,27.0,3.2,5.6,21.0,32.0,5.0,14.0,4.0,5.0,3.0,3.0,4.0,5.0,50.0,1.0,1.0,0.0,1835.0,22.0,66.0,356.0,5.4,11.0,196.0,160.0,31.0,5.2,5.6,19.0,34.0,3.0,10.0,0.0,1.0,1.0,4.0,1.0,4.0,41.0,1.0,0.0,1.0,1765.0,ESPN BET,1.5,2.7,-3.5,3.5,1.833,2.0,45.5,,
401772840,2025-09-21,2025-09-21T17:00Z,2025,regular,3,False,TB,NYJ,29.0,27.0,19.0,64.0,347.0,5.4,11.0,225.0,122.0,34.0,3.6,7.5,19.0,29.0,4.0,13.0,0.0,0.0,1.0,5.0,1.0,14.0,124.0,0.0,0.0,0.0,1931.0,21.0,63.0,267.0,4.2,11.0,168.0,99.0,23.0,4.3,4.2,26.0,36.0,3.0,11.0,1.0,3.0,2.0,3.0,4.0,7.0,81.0,2.0,1.0,1.0,1669.0,ESPN BET,1.345,3.4,-6.5,6.5,2.0,1.833,42.5,,
401772841,2025-09-21,2025-09-21T17:00Z,2025,regular,3,False,WSH,LV,41.0,24.0,17.0,54.0,400.0,7.4,11.0,199.0,201.0,32.0,6.3,9.0,15.0,21.0,5.0,10.0,0.0,0.0,2.0,3.0,1.0,7.0,54.0,1.0,1.0,0.0,1687.0,17.0,62.0,354.0,5.7,12.0,261.0,93.0,28.0,3.3,7.7,19.0,29.0,3.0,14.0,2.0,3.0,2.0,3.0,5.0,6.0,54.0,0.0,0.0,0.0,1913.0,ESPN BET,1.667,2.3,-2.5,2.5,1.8,2.05,44.5,,
401772842,2025-09-21,2025-09-21T17:00Z,2025,regular,3,False,CLE,GB,13.0,10.0,15.0,57.0,221.0,3.9,10.0,125.0,96.0,19.0,5.1,3.3,21.0,36.0,4.0,13.0,1.0,2.0,1.0,2.0,2.0,8.0,90.0,1.0,0.0,1.0,1546.0,14.0,61.0,230.0,3.8,10.0,149.0,81.0,31.0,2.6,5.0,18.0,25.0,10.0,18.0,0.0,0.0,1.0,2.0,5.0,14.0,75.0,1.0,0.0,1.0,2054.0,ESPN BET,4.2,1.235,7.5,-7.5,1.833,2.0,40.5,,
401772843,2025-09-21,2025-09-21T20:25Z,2025,regular,3,False,SF,ARI,16.0,15.0,19.0,62.0,355.0,5.7,10.0,282.0,73.0,20.0,3.7,6.7,27.0,41.0,2.0,10.0,1.0,2.0,1.0,4.0,1.0,5.0,69.0,1.0,0.0,1.0,1521.0,16.0,64.0,260.0,4.1,10.0,154.0,106.0,28.0,3.8,4.3,22.0,35.0,5.0,15.0,2.0,2.0,1.0,3.0,1.0,5.0,30.0,0.0,0.0,0.0,2079.0,ESPN BET,1.8,2.05,-1.5,1.5,1.909,1.909,43.5,,
401772844,2025-09-21,2025-09-21T20:25Z,2025,regular,3,False,CHI,DAL,31.0,14.0,19.0,57.0,385.0,6.8,10.0,298.0,87.0,29.0,3.0,10.6,19.0,28.0,8.0,14.0,1.0,1.0,2.0,3.0,0.0,6.0,41.0,0.0,0.0,0.0,1622.0,23.0,67.0,396.0,5.9,10.0,275.0,121.0,20.0,6.1,5.9,34.0,45.0,3.0,11.0,2.0,3.0,1.0,4.0,2.0,4.0,25.0,4.0,1.0,3.0,1978.0,ESPN BET,2.05,1.8,1.5,-1.5,1.909,1.909,50.5,,
401772920,2025-09-22,2025-09-22T00:20Z,2025,regular,3,False,NYG,KC,9.0,22.0,19.0,61.0,281.0,4.6,9.0,151.0,130.0,27.0,4.8,4.4,18.0,32.0,1.0,10.0,1.0,4.0,1.0,3.0,2.0,7.0,82.0,2.0,0.0,2.0,1690.0,22.0,67.0,306.0,4.6,10.0,201.0,105.0,28.0,3.8,5.2,22.0,37.0,8.0,15.0,0.0,0.0,2.0,3.0,2.0,8.0,85.0,0.0,0.0,0.0,1910.0,ESPN BET,3.3,1.357,5.5,-5.5,2.0,1.833,44.5,,
401772812,2025-09-23,2025-09-23T00:15Z,2025,regular,3,False,BAL,DET,30.0,38.0,21.0,54.0,318.0,5.9,10.0,233.0,85.0,19.0,4.5,6.7,21.0,28.0,6.0,11.0,0.0,1.0,2.0,4.0,7.0,3.0,10.0,1.0,1.0,0.0,1602.0,24.0,66.0,426.0,6.5,11.0,202.0,224.0,38.0,5.9,7.2,20.0,28.0,7.0,14.0,3.0,3.0,4.0,5.0,0.0,8.0,68.0,0.0,0.0,0.0,1998.0,ESPN BET,1.417,3.0,-4.5,4.5,1.87,1.952,53.5,,
401772938,2025-09-26,2025-09-26T00:15Z,2025,regular,4,False,ARI,SEA,20.0,23.0,18.0,64.0,253.0,4.0,11.0,164.0,89.0,17.0,5.2,3.5,27.0,41.0,6.0,15.0,1.0,1.0,2.0,3.0,6.0,7.0,46.0,2.0,0.0,2.0,1656.0,20.0,64.0,384.0,6.0,10.0,229.0,155.0,35.0,4.4,7.9,18.0,26.0,6.0,13.0,0.0,1.0,2.0,3.0,3.0,6.0,74.0,1.0,1.0,0.0,1944.0,ESPN BET,2.1,1.769,1.5,-1.5,1.952,1.87,43.5,,
401772632,2025-09-28,2025-09-28T13:30Z,2025,regular,4,True,PIT,MIN,24.0,21.0,19.0,53.0,313.0,5.9,11.0,182.0,131.0,29.0,4.5,7.6,18.0,22.0,4.0,10.0,0.0,1.0,2.0,5.0,2.0,5.0,35.0,0.0,0.0,0.0,1586.0,23.0,72.0,372.0,5.2,10.0,302.0,70.0,20.0,3.5,5.8,30.0,46.0,4.0,14.0,2.0,3.0,2.0,4.0,6.0,8.0,82.0,2.0,0.0,2.0,2014.0,ESPN BET,2.15,1.741,2.5,-2.5,1.87,1.952,41.5,,
401772737,2025-09-28,2025-09-28T17:00Z,2025,regular,4,False,NYG,LAC,21.0,18.0,20.0,69.0,250.0,3.6,11.0,89.0,161.0,42.0,3.8,3.3,14.0,21.0,7.0,15.0,0.0,1.0,2.0,5.0,6.0,8.0,43.0,0.0,0.0,0.0,2128.0,17.0,56.0,338.0,6.0,11.0,186.0,152.0,13.0,11.7,4.3,23.0,41.0,4.0,12.0,0.0,0.0,0.0,1.0,2.0,14.0,107.0,2.0,0.0,2.0,1472.0,ESPN BET,3.2,1.37,5.5,-5.5,2.0,1.833,43.5,,
401772738,2025-09-28,2025-09-28T17:00Z,2025,regular,4,False,HOU,TEN,26.0,0.0,20.0,65.0,353.0,5.4,9.0,224.0,129.0,35.0,3.7,7.5,22.0,28.0,6.0,15.0,3.0,3.0,2.0,2.0,2.0,6.0,50.0,0.0,0.0,0.0,2301.0,10.0,46.0,175.0,3.8,10.0,93.0,82.0,18.0,4.6,3.3,10.0,26.0,2.0,11.0,0.0,1.0,0.0,0.0,2.0,4.0,35.0,1.0,0.0,1.0,1299.0,ESPN BET,1.235,4.2,-7.5,7.5,2.0,1.833,39.5,,
401772739,2025-09-28,2025-09-28T17:00Z,2025,regular,4,False,ATL,WSH,34.0,27.0,24.0,64.0,435.0,6.8,10.0,307.0,128.0,37.0,3.5,11.4,20.0,26.0,6.0,12.0,1.0,1.0,4.0,6.0,1.0,5.0,45.0,1.0,0.0,1.0,2055.0,17.0,51.0,294.0,5.8,9.0,147.0,147.0,22.0,6.7,5.1,16.0,27.0,1.0,8.0,2.0,2.0,1.0,1.0,2.0,6.0,50.0,1.0,0.0,1.0,1545.0,ESPN BET,1.69,2.25,-2.5,2.5,1.833,2.0,44.5,,
401772740,2025-09-28,2025-09-28T17:00Z,2025,regular,4,False,BUF,NO,31.0,19.0,20.0,57.0,356.0,6.2,11.0,191.0,165.0,32.0,5.2,7.6,16.0,22.0,3.0,10.0,0.0,1.0,2.0,3.0,3.0,11.0,55.0,1.0,0.0,1.0,1881.0,22.0,65.0,298.0,4.6,10.0,109.0,189.0,34.0,5.6,3.5,18.0,28.0,5.0,13.0,0.0,2.0,2.0,4.0,3.0,4.0,41.0,1.0,0.0,1.0,1719.0,ESPN BET,1.063,9.0,-14.5,14.5,1.952,1.87,48.5,,
401772741,2025-09-28,2025-09-28T20:25Z,2025,regular,4,False,KC,BAL,37.0,20.0,24.0,70.0,382.0,5.5,10.0,264.0,118.0,32.0,3.7,6.9,25.0,37.0,5.0,15.0,4.0,4.0,4.0,6.0,1.0,5.0,40.0,0.0,0.0,0.0,2085.0,18.0,53.0,360.0,6.8,10.0,194.0,166.0,17.0,9.8,5.4,23.0,33.0,3.0,10.0,1.0,4.0,1.0,2.0,3.0,6.0,56.0,2.0,1.0,1.0,1515.0,ESPN BET,2.25,1.69,2.5,-2.5,2.05,1.8,49.5,,
401772742,2025-09-28,2025-09-28T20:25Z,2025,regular,4,False,LV,CHI,24.0,25.0,17.0,52.0,357.0,6.9,11.0,117.0,240.0,31.0,7.7,5.6,14.0,21.0,2.0,8.0,0.0,1.0,2.0,3.0,0.0,5.0,36.0,4.0,1.0,3.0,1610.0,16.0,64.0,271.0,4.2,11.0,202.0,69.0,26.0,2.7,5.3,22.0,37.0,7.0,16.0,1.0,1.0,1.0,4.0,1.0,8.0,60.0,1.0,0.0,1.0,1990.0,ESPN BET,1.714,2.2,-2.5,2.5,1.87,1.952,46.5,,
401772845,2025-09-28,2025-09-28T17:00Z,2025,regular,4,False,TB,PHI,25.0,31.0,18.0,68.0,376.0,5.5,13.0,272.0,104.0,26.0,4.0,6.5,22.0,40.0,3.0,13.0,1.0,3.0,0.0,2.0,2.0,5.0,40.0,2.0,1.0,1.0,1912.0,16.0,58.0,200.0,3.4,12.0,112.0,88.0,32.0,2.8,4.3,15.0,24.0,5.0,14.0,0.0,1.0,3.0,3.0,2.0,8.0,83.0,0.0,0.0,0.0,1688.0,ESPN BET,2.5,1.571,3.5,-3.5,1.8,2.05,43.5,,
401772846,2025-09-28,2025-09-28T17:00Z,2025,regular,4,False,DET,CLE,34.0,10.0,16.0,56.0,277.0,4.9,13.0,168.0,109.0,29.0,3.8,6.2,16.0,27.0,6.0,14.0,0.0,1.0,3.0,3.0,0.0,6.0,35.0,1.0,0.0,1.0,1696.0,16.0,65.0,249.0,3.8,14.0,170.0,79.0,27.0,2.9,4.5,16.0,35.0,3.0,14.0,1.0,1.0,1.0,2.0,3.0,6.0,44.0,3.0,1.0,2.0,1904.0,ESPN BET,1.167,5.0,-10.5,10.5,2.05,1.8,44.5,,
401772847,2025-09-28,2025-09-28T17:00Z,2025,regular,4,False,NE,CAR,42.0,13.0,16.0,48.0,307.0,6.4,10.0,203.0,104.0,29.0,3.6,10.7,14.0,18.0,3.0,9.0,1.0,1.0,4.0,4.0,1.0,7.0,54.0,0.0,0.0,0.0,1486.0,21.0,65.0,326.0,5.0,11.0,197.0,129.0,28.0,4.6,5.3,23.0,36.0,5.0,14.0,1.0,3.0,2.0,2.0,1.0,5.0,29.0,0.0,0.0,0.0,2114.0,ESPN BET,1.417,3.0,-3.0,3.0,1.571,2.35,42.5,,
401772848,2025-09-28,2025-09-28T20:05Z,2025,regular,4,False,SF,JAX,21.0,26.0,22.0,63.0,389.0,6.2,11.0,306.0,83.0,24.0,3.5,7.8,22.0,38.0,8.0,13.0,0.0,1.0,1.0,3.0,1.0,5.0,54.0,4.0,2.0,2.0,1649.0,18.0,63.0,325.0,5.2,11.0,174.0,151.0,32.0,4.7,5.6,21.0,31.0,4.0,14.0,1.0,1.0,1.0,2.0,0.0,12.0,90.0,0.0,0.0,0.0,1951.0,ESPN BET,1.588,2.45,-3.5,3.5,2.12,1.741,46.5,,
401772849,2025-09-28,2025-09-28T20:05Z,2025,regular,4,False,LAR,IND,27.0,20.0,24.0,70.0,462.0,6.6,12.0,360.0,102.0,26.0,3.9,8.2,29.0,41.0,4.0,12.0,1.0,2.0,2.0,3.0,3.0,7.0,63.0,1.0,1.0,0.0,1904.0,17.0,56.0,333.0,5.9,12.0,248.0,85.0,21.0,4.0,7.1,24.0,33.0,4.0,12.0,1.0,1.0,2.0,3.0,2.0,11.0,88.0,3.0,1.0,2.0,1696.0,ESPN BET,1.526,2.6,-3.5,3.5,1.952,1.87,49.5,,
401772813,2025-09-29,2025-09-29T23:15Z,2025,regular,4,False,MIA,NYJ,27.0,21.0,19.0,56.0,300.0,5.4,9.0,177.0,123.0,31.0,4.0,7.1,17.0,25.0,4.0,12.0,1.0,1.0,3.0,4.0,0.0,6.0,40.0,0.0,0.0,0.0,1848.0,23.0,57.0,404.0,7.1,10.0,207.0,197.0,28.0,7.0,7.1,20.0,27.0,4.0,9.0,1.0,2.0,0.0,2.0,2.0,13.0,101.0,3.0,3.0,0.0,1752.0,ESPN BET,1.667,2.3,-2.5,2.5,1.8,2.05,43.5,,
401772921,2025-09-29,2025-09-29T00:20Z,2025,regular,4,False,DAL,GB,40.0,40.0,26.0,67.0,436.0,6.5,10.0,319.0,117.0,26.0,4.5,7.8,31.0,40.0,4.0,11.0,1.0,1.0,4.0,5.0,1.0,11.0,95.0,0.0,0.0,0.0,2067.0,32.0,79.0,489.0,6.2,11.0,325.0,164.0,35.0,4.7,7.4,31.0,43.0,10.0,14.0,1.0,1.0,5.0,6.0,1.0,7.0,53.0,1.0,1.0,0.0,2133.0,ESPN BET,3.5,1.333,6.5,-6.5,1.87,1.952,46.5,,
401772716,2025-09-30,2025-09-30T00:15Z,2025,regular,4,False,DEN,CIN,28.0,3.0,29.0,80.0,512.0,6.4,10.0,326.0,186.0,38.0,4.9,7.8,29.0,42.0,8.0,14.0,0.0,1.0,3.0,4.0,0.0,7.0,72.0,1.0,0.0,1.0,2278.0,9.0,43.0,159.0,3.7,10.0,106.0,53.0,15.0,3.5,3.8,14.0,25.0,2.0,11.0,0.0,0.0,0.0,1.0,3.0,11.0,65.0,0.0,0.0,0.0,1322.0,ESPN BET,1.235,4.2,-7.5,7.5,2.0,1.833,44.5,,
401772939,2025-10-03,2025-10-03T00:15Z,2025,regular,5,False,LAR,SF,23.0,26.0,27.0,64.0,456.0,7.1,10.0,378.0,78.0,16.0,4.9,7.9,30.0,47.0,4.0,10.0,2.0,3.0,3.0,5.0,1.0,5.0,36.0,2.0,2.0,0.0,1580.0,27.0,83.0,407.0,4.9,11.0,333.0,74.0,33.0,2.2,6.7,33.0,49.0,7.0,18.0,3.0,3.0,2.0,5.0,1.0,8.0,44.0,0.0,0.0,0.0,2404.0,ESPN BET,1.222,4.4,-8.5,8.5,1.909,1.909,43.5,,
401772633,2025-10-05,2025-10-05T13:30Z,2025,regular,5,True,CLE,MIN,17.0,21.0,17.0,67.0,322.0,4.8,12.0,182.0,140.0,32.0,4.4,5.2,19.0,33.0,3.0,15.0,3.0,3.0,2.0,3.0,2.0,10.0,78.0,0.0,0.0,0.0,1829.0,20.0,61.0,349.0,5.7,12.0,252.0,97.0,23.0,4.2,6.6,26.0,35.0,3.0,9.0,0.0,0.0,2.0,2.0,3.0,7.0,50.0,2.0,2.0,0.0,1771.0,ESPN BET,2.7,1.5,3.5,-3.5,1.952,1.87,35.5,,
401772743,2025-10-05,2025-10-05T17:00Z,2025,regular,5,False,BAL,HOU,10.0,44.0,12.0,40.0,207.0,5.2,10.0,163.0,44.0,19.0,2.3,7.8,14.0,20.0,3.0,8.0,0.0,0.0,1.0,2.0,1.0,9.0,49.0,3.0,0.0,3.0,1407.0,27.0,66.0,417.0,6.3,10.0,250.0,167.0,33.0,5.1,7.6,25.0,31.0,7.0,12.0,1.0,1.0,4.0,5.0,2.0,4.0,26.0,0.0,0.0,0.0,2193.0,ESPN BET,2.25,1.69,2.5,-2.5,1.909,1.909,41.5,,
401772744,2025-10-05,2025-10-05T17:00Z,2025,regular,5,False,NO,NYG,26.0,14.0,18.0,62.0,332.0,5.4,10.0,244.0,88.0,30.0,2.9,7.6,22.0,32.0,7.0,15.0,1.0,1.0,0.0,3.0,0.0,7.0,43.0,0.0,0.0,0.0,1690.0,23.0,70.0,335.0,4.8,10.0,199.0,136.0,29.0,4.7,4.9,26.0,40.0,3.0,10.0,3.0,5.0,2.0,4.0,1.0,8.0,95.0,5.0,3.0,2.0,1910.0,ESPN BET,1.741,2.15,-2.5,2.5,1.909,1.909,42.5,,
401772745,2025-10-05,2025-10-05T17:00Z,2025,regular,5,False,PHI,DEN,17.0,21.0,16.0,55.0,302.0,5.5,12.0,257.0,45.0,11.0,4.1,5.8,23.0,38.0,2.0,11.0,0.0,0.0,1.0,2.0,6.0,9.0,55.0,0.0,0.0,0.0,1543.0,23.0,70.0,358.0,5.1,11.0,228.0,130.0,29.0,4.5,5.6,24.0,39.0,5.0,16.0,0.0,0.0,2.0,3.0,2.0,12.0,121.0,0.0,0.0,0.0,2057.0,ESPN BET,1.435,2.95,-4.5,4.5,1.952,1.87,44.5,,
401772746,2025-10-05,2025-10-05T20:05Z,2025,regular,5,False,SEA,TB,35.0,38.0,27.0,54.0,463.0,8.6,9.0,341.0,122.0,20.0,6.1,10.0,28.0,34.0,6.0,9.0,1.0,1.0,4.0,4.0,0.0,7.0,56.0,2.0,1.0,1.0,1608.0,25.0,58.0,426.0,7.3,10.0,370.0,56.0,24.0,2.3,10.9,29.0,33.0,7.0,11.0,0.0,0.0,4.0,6.0,1.0,4.0,37.0,0.0,0.0,0.0,1992.0,ESPN BET,1.5,2.7,-3.5,3.5,1.87,1.952,45.5,,
401772747,2025-10-05,2025-10-05T20:05Z,2025,regular,5,False,ARI,TEN,21.0,22.0,16.0,64.0,360.0,5.6,12.0,192.0,168.0,29.0,5.8,5.5,23.0,32.0,7.0,16.0,0.0,0.0,3.0,4.0,3.0,8.0,47.0,3.0,3.0,0.0,1960.0,20.0,65.0,327.0,5.0,13.0,249.0,78.0,24.0,3.3,6.1,21.0,39.0,5.0,15.0,0.0,1.0,1.0,2.0,2.0,6.0,35.0,2.0,1.0,1.0,1640.0,ESPN BET,1.222,4.4,-7.5,7.5,1.87,1.952,41.5,,
401772850,2025-10-05,2025-10-05T17:00Z,2025,regular,5,False,NYJ,DAL,22.0,37.0,25.0,73.0,378.0,5.2,12.0,234.0,144.0,22.0,6.5,4.6,32.0,46.0,7.0,16.0,1.0,3.0,2.0,3.0,5.0,10.0,61.0,1.0,1.0,0.0,2076.0,22.0,59.0,416.0,7.1,12.0,236.0,180.0,29.0,6.2,7.9,18.0,29.0,6.0,13.0,0.0,0.0,3.0,4.0,1.0,11.0,91.0,0.0,0.0,0.0,1524.0,ESPN BET,1.769,2.1,-2.5,2.5,1.952,1.87,47.5,,
401772851,2025-10-05,2025-10-05T17:00Z,2025,regular,5,False,IND,LV,40.0,6.0,24.0,57.0,317.0,5.6,8.0,221.0,96.0,25.0,3.8,6.9,21.0,32.0,8.0,10.0,0.0,0.0,6.0,6.0,0.0,9.0,77.0,0.0,0.0,0.0,1595.0,22.0,65.0,296.0,4.6,9.0,190.0,106.0,25.0,4.2,4.8,25.0,36.0,8.0,14.0,1.0,2.0,0.0,4.0,4.0,6.0,65.0,2.0,0.0,2.0,2005.0,ESPN BET,1.263,3.9,-7.5,7.5,2.0,1.833,46.5,,
401772852,2025-10-05,2025-10-05T17:00Z,2025,regular,5,False,CAR,MIA,27.0,24.0,26.0,65.0,418.0,6.4,11.0,179.0,239.0,32.0,7.5,5.4,19.0,30.0,5.0,11.0,2.0,2.0,3.0,5.0,3.0,8.0,46.0,2.0,1.0,1.0,1874.0,15.0,53.0,248.0,4.7,10.0,229.0,19.0,14.0,1.4,5.9,27.0,36.0,5.0,13.0,1.0,1.0,2.0,3.0,3.0,9.0,64.0,0.0,0.0,0.0,1726.0,ESPN BET,1.952,1.87,1.5,-1.5,1.8,2.05,44.5,,
401772853,2025-10-05,2025-10-05T20:25Z,2025,regular,5,False,LAC,WSH,10.0,27.0,18.0,65.0,336.0,5.2,9.0,181.0,155.0,27.0,5.7,4.8,25.0,33.0,9.0,16.0,1.0,2.0,1.0,2.0,5.0,10.0,85.0,2.0,1.0,1.0,2059.0,22.0,55.0,389.0,7.1,8.0,226.0,163.0,28.0,5.8,8.4,15.0,26.0,2.0,7.0,1.0,1.0,3.0,5.0,1.0,7.0,48.0,1.0,1.0,0.0,1541.0,ESPN BET,1.571,2.5,-3.5,3.5,2.05,1.8,48.5,,
401772854,2025-10-05,2025-10-05T20:25Z,2025,regular,5,False,CIN,DET,24.0,37.0,21.0,58.0,322.0,5.6,12.0,237.0,85.0,16.0,5.3,5.6,26.0,40.0,4.0,11.0,0.0,0.0,2.0,2.0,2.0,6.0,30.0,3.0,0.0,3.0,1539.0,23.0,61.0,365.0,6.0,12.0,247.0,118.0,33.0,3.6,8.8,20.0,24.0,2.0,8.0,0.0,0.0,5.0,6.0,4.0,8.0,56.0,1.0,1.0,0.0,2061.0,ESPN BET,5.0,1.167,9.5,-9.5,2.0,1.833,48.5,,
401772922,2025-10-06,2025-10-06T00:20Z,2025,regular,5,False,BUF,NE,20.0,23.0,25.0,61.0,363.0,6.0,10.0,245.0,118.0,29.0,4.1,7.7,22.0,31.0,5.0,9.0,0.0,0.0,2.0,4.0,1.0,11.0,90.0,3.0,2.0,1.0,2071.0,21.0,56.0,338.0,6.0,10.0,267.0,71.0,22.0,3.2,7.9,22.0,30.0,3.0,9.0,0.0,0.0,2.0,4.0,4.0,8.0,93.0,1.0,1.0,0.0,1529.0,ESPN BET,1.235,4.2,-7.5,7.5,1.87,1.952,48.5,,
401772814,2025-10-07,2025-10-07T00:15Z,2025,regular,5,False,JAX,KC,31.0,28.0,21.0,54.0,319.0,5.9,9.0,210.0,109.0,26.0,4.2,7.5,18.0,25.0,5.0,9.0,0.0,1.0,3.0,4.0,3.0,4.0,25.0,2.0,1.0,1.0,1681.0,26.0,63.0,476.0,7.6,10.0,318.0,158.0,22.0,7.2,7.8,29.0,41.0,5.0,9.0,0.0,0.0,4.0,5.0,0.0,13.0,109.0,1.0,0.0,1.0,1919.0,ESPN BET,2.55,1.541,3.5,-3.5,1.833,2.0,45.5,,
401772940,2025-10-10,2025-10-10T00:15Z,2025,regular,6,False,NYG,PHI,34.0,17.0,25.0,67.0,366.0,5.5,10.0,194.0,172.0,39.0,4.4,6.9,17.0,26.0,11.0,16.0,0.0,0.0,3.0,3.0,2.0,6.0,55.0,0.0,0.0,0.0,1859.0,20.0,56.0,339.0,6.1,10.0,266.0,73.0,20.0,3.7,7.4,24.0,33.0,1.0,9.0,2.0,2.0,2.0,3.0,3.0,4.0,46.0,2.0,1.0,1.0,1741.0,ESPN BET,4.0,1.25,7.5,-7.5,1.833,2.0,41.5,,
401772634,2025-10-12,2025-10-12T13:30Z,2025,regular,6,True,NYJ,DEN,11.0,13.0,8.0,57.0,82.0,1.4,12.0,-10.0,92.0,31.0,3.0,-0.4,9.0,17.0,2.0,15.0,1.0,2.0,0.0,0.0,9.0,2.0,15.0,0.0,0.0,0.0,1732.0,12.0,57.0,246.0,4.3,12.0,168.0,78.0,26.0,3.0,5.4,19.0,30.0,5.0,15.0,1.0,1.0,1.0,2.0,1.0,6.0,37.0,1.0,1.0,0.0,1868.0,ESPN BET,3.7,1.294,6.5,-6.5,2.05,1.8,43.5,,
401772748,2025-10-12,2025-10-12T17:00Z,2025,regular,6,False,PIT,CLE,23.0,9.0,19.0,58.0,335.0,5.8,9.0,235.0,100.0,28.0,3.6,7.8,21.0,30.0,5.0,13.0,0.0,0.0,1.0,1.0,0.0,10.0,59.0,0.0,0.0,0.0,1912.0,20.0,75.0,248.0,3.3,9.0,183.0,65.0,17.0,3.8,3.2,29.0,52.0,6.0,17.0,2.0,4.0,0.0,3.0,6.0,6.0,44.0,0.0,0.0,0.0,1688.0,ESPN BET,1.333,3.5,-6.5,6.5,1.909,1.909,37.5,,
401772749,2025-10-12,2025-10-12T20:25Z,2025,regular,6,False,TB,SF,30.0,19.0,19.0,50.0,352.0,7.0,11.0,248.0,104.0,26.0,4.0,10.3,17.0,23.0,3.0,8.0,0.0,0.0,2.0,2.0,1.0,5.0,31.0,0.0,0.0,0.0,1645.0,17.0,67.0,363.0,5.4,10.0,296.0,67.0,22.0,3.0,6.6,27.0,39.0,7.0,16.0,0.0,2.0,1.0,2.0,6.0,9.0,65.0,2.0,0.0,2.0,1955.0,ESPN BET,1.526,2.6,-3.5,3.5,1.952,1.87,46.5,,
401772750,2025-10-12,2025-10-12T17:00Z,2025,regular,6,False,MIA,LAC,27.0,29.0,19.0,56.0,341.0,6.1,11.0,204.0,137.0,21.0,6.5,5.8,22.0,33.0,5.0,11.0,0.0,0.0,2.0,3.0,2.0,4.0,45.0,3.0,0.0,3.0,1541.0,20.0,64.0,403.0,6.3,10.0,263.0,140.0,25.0,5.6,6.7,29.0,38.0,6.0,15.0,1.0,1.0,2.0,7.0,1.0,7.0,45.0,1.0,1.0,0.0,2059.0,ESPN BET,2.6,1.526,3.5,-3.5,1.87,1.952,45.5,,
401772751,2025-10-12,2025-10-12T17:00Z,2025,regular,6,False,NO,NE,19.0,25.0,17.0,51.0,296.0,5.8,9.0,223.0,73.0,23.0,3.2,8.0,20.0,26.0,3.0,9.0,0.0,0.0,1.0,2.0,2.0,8.0,67.0,1.0,1.0,0.0,1696.0,19.0,58.0,333.0,5.7,9.0,260.0,73.0,31.0,2.4,9.6,18.0,26.0,6.0,13.0,1.0,2.0,0.0,1.0,1.0,11.0,65.0,0.0,0.0,0.0,1904.0,ESPN BET,2.65,1.513,3.5,-3.5,1.87,1.952,46.5,,
401772752,2025-10-12,2025-10-12T20:25Z,2025,regular,6,False,GB,CIN,27.0,18.0,24.0,60.0,409.0,6.8,9.0,256.0,153.0,33.0,4.6,9.5,19.0,26.0,5.0,11.0,1.0,1.0,3.0,4.0,1.0,5.0,40.0,1.0,0.0,1.0,1964.0,20.0,62.0,268.0,4.3,9.0,213.0,55.0,16.0,3.4,4.6,29.0,45.0,6.0,15.0,2.0,2.0,2.0,2.0,1.0,3.0,17.0,0.0,0.0,0.0,1636.0,ESPN BET,1.1,7.0,-13.5,13.5,1.8,2.05,44.5,,
401772855,2025-10-12,2025-10-12T17:00Z,2025,regular,6,False,BAL,LAR,3.0,17.0,19.0,75.0,296.0,3.9,9.0,117.0,179.0,37.0,4.8,3.1,21.0,34.0,7.0,17.0,2.0,6.0,0.0,3.0,4.0,7.0,80.0,3.0,2.0,1.0,2275.0,15.0,51.0,241.0,4.7,10.0,167.0,74.0,23.0,3.2,6.0,17.0,26.0,4.0,10.0,1.0,2.0,2.0,5.0,2.0,6.0,40.0,1.0,1.0,0.0,1325.0,ESPN BET,3.3,1.357,6.5,-6.5,1.833,2.0,44.5,,
401772856,2025-10-12,2025-10-12T17:00Z,2025,regular,6,False,IND,ARI,31.0,27.0,25.0,58.0,355.0,6.1,10.0,205.0,150.0,27.0,5.6,6.6,22.0,30.0,4.0,8.0,0.0,0.0,4.0,4.0,1.0,5.0,40.0,1.0,0.0,1.0,1675.0,25.0,70.0,400.0,5.7,10.0,312.0,88.0,24.0,3.7,6.8,27.0,44.0,9.0,14.0,0.0,1.0,3.0,6.0,2.0,7.0,65.0,1.0,0.0,1.0,1925.0,ESPN BET,1.235,4.2,-8.5,8.5,1.952,1.87,46.5,,
401772857,2025-10-12,2025-10-12T17:00Z,2025,regular,6,False,JAX,SEA,12.0,20.0,17.0,68.0,273.0,4.0,12.0,214.0,59.0,19.0,3.1,4.4,27.0,42.0,4.0,16.0,3.0,3.0,0.0,0.0,7.0,10.0,76.0,0.0,0.0,0.0,2001.0,13.0,54.0,346.0,6.4,12.0,286.0,60.0,26.0,2.3,10.2,16.0,27.0,1.0,12.0,0.0,0.0,1.0,3.0,1.0,7.0,56.0,0.0,0.0,0.0,1599.0,ESPN BET,2.0,1.833,1.5,-1.5,1.833,2.0,47.5,,
401772858,2025-10-12,2025-10-12T17:00Z,2025,regular,6,False,CAR,DAL,30.0,27.0,27.0,64.0,410.0,6.4,9.0,194.0,216.0,38.0,5.7,7.5,17.0,25.0,3.0,8.0,1.0,1.0,2.0,4.0,1.0,6.0,57.0,1.0,0.0,1.0,1922.0,15.0,53.0,292.0,5.5,9.0,261.0,31.0,19.0,1.6,7.7,25.0,34.0,5.0,12.0,2.0,2.0,2.0,4.0,0.0,6.0,37.0,0.0,0.0,0.0,1678.0,ESPN BET,2.35,1.645,2.5,-2.5,2.05,1.8,45.5,,
401772859,2025-10-12,2025-10-12T20:05Z,2025,regular,6,False,LV,TEN,20.0,10.0,16.0,57.0,226.0,4.0,11.0,158.0,68.0,32.0,2.1,6.3,17.0,23.0,6.0,13.0,1.0,1.0,2.0,4.0,2.0,6.0,27.0,1.0,0.0,1.0,1946.0,15.0,59.0,225.0,3.8,10.0,160.0,65.0,15.0,4.3,3.6,26.0,38.0,3.0,13.0,2.0,2.0,1.0,2.0,6.0,7.0,34.0,3.0,2.0,1.0,1654.0,ESPN BET,1.5,2.7,-4.5,4.5,2.0,1.833,41.5,,
401772815,2025-10-13,2025-10-13T23:15Z,2025,regular,6,False,ATL,BUF,24.0,14.0,22.0,66.0,443.0,6.7,12.0,233.0,210.0,32.0,6.6,6.9,20.0,32.0,5.0,12.0,0.0,1.0,1.0,3.0,2.0,6.0,35.0,0.0,0.0,0.0,1899.0,17.0,54.0,291.0,5.4,11.0,157.0,134.0,24.0,5.6,5.2,15.0,26.0,2.0,9.0,0.0,1.0,2.0,3.0,4.0,8.0,64.0,2.0,0.0,2.0,1701.0,ESPN BET,2.7,1.5,3.5,-3.5,1.87,1.952,49.5,,
401772923,2025-10-13,2025-10-13T00:20Z,2025,regular,6,False,KC,DET,30.0,17.0,26.0,62.0,355.0,5.7,9.0,243.0,112.0,29.0,3.9,7.4,22.0,30.0,4.0,10.0,2.0,3.0,4.0,6.0,3.0,0.0,0.0,0.0,0.0,0.0,1837.0,18.0,53.0,297.0,5.6,8.0,199.0,98.0,23.0,4.3,6.6,23.0,29.0,5.0,11.0,0.0,2.0,1.0,2.0,1.0,4.0,38.0,0.0,0.0,0.0,1763.0,ESPN BET,1.69,2.25,-2.5,2.5,1.833,2.0,51.5,,
401772717,2025-10-14,2025-10-14T00:15Z,2025,regular,6,False,WSH,CHI,24.0,25.0,22.0,60.0,329.0,5.5,10.0,205.0,124.0,31.0,4.0,7.1,19.0,26.0,3.0,8.0,1.0,1.0,1.0,1.0,3.0,5.0,40.0,3.0,2.0,1.0,1894.0,19.0,59.0,386.0,6.5,10.0,236.0,150.0,27.0,5.4,7.4,17.0,29.0,3.0,10.0,0.0,1.0,1.0,3.0,3.0,9.0,84.0,0.0,0.0,0.0,1706.0,ESPN BET,1.417,3.0,-5.5,5.5,1.909,1.909,48.5,,
401772941,2025-10-17,2025-10-17T00:15Z,2025,regular,7,False,CIN,PIT,33.0,31.0,27.0,72.0,470.0,6.5,10.0,328.0,142.0,23.0,6.2,6.7,31.0,47.0,7.0,14.0,1.0,1.0,2.0,5.0,2.0,4.0,35.0,0.0,0.0,0.0,2072.0,19.0,54.0,396.0,7.3,10.0,249.0,147.0,20.0,7.4,7.3,23.0,34.0,7.0,10.0,0.0,0.0,3.0,4.0,0.0,7.0,59.0,2.0,0.0,2.0,1528.0,ESPN BET,3.0,1.417,5.5,-5.5,1.909,1.909,44.5,,
401772635,2025-10-19,2025-10-19T13:30Z,2025,regular,7,True,JAX,LAR,7.0,35.0,21.0,74.0,358.0,4.8,11.0,264.0,94.0,19.0,4.9,4.8,23.0,48.0,3.0,15.0,2.0,6.0,0.0,2.0,7.0,13.0,119.0,0.0,0.0,0.0,1694.0,26.0,62.0,271.0,4.4,12.0,182.0,89.0,29.0,3.1,5.5,21.0,33.0,2.0,10.0,2.0,2.0,4.0,4.0,0.0,5.0,45.0,0.0,0.0,0.0,1906.0,ESPN BET,2.5,1.571,3.5,-3.5,1.833,2.0,43.5,,
401772753,2025-10-19,2025-10-19T17:00Z,2025,regular,7,False,KC,LV,31.0,0.0,30.0,77.0,434.0,5.6,9.0,282.0,152.0,41.0,3.7,7.8,26.0,35.0,9.0,15.0,1.0,2.0,4.0,5.0,1.0,5.0,38.0,0.0,0.0,0.0,2528.0,3.0,30.0,95.0,3.2,10.0,70.0,25.0,11.0,2.3,3.7,12.0,18.0,0.0,7.0,0.0,1.0,0.0,0.0,1.0,8.0,58.0,1.0,1.0,0.0,1072.0,ESPN BET,1.1,7.0,-13.5,13.5,1.909,1.909,45.5,,
401772754,2025-10-19,2025-10-19T17:00Z,2025,regular,7,False,CLE,MIA,31.0,6.0,15.0,53.0,206.0,3.9,11.0,102.0,104.0,33.0,3.2,5.1,13.0,18.0,4.0,11.0,0.0,0.0,2.0,3.0,2.0,5.0,37.0,0.0,0.0,0.0,1905.0,12.0,57.0,219.0,3.8,12.0,120.0,99.0,22.0,4.5,3.4,17.0,31.0,1.0,13.0,2.0,4.0,0.0,2.0,4.0,11.0,103.0,4.0,1.0,3.0,1695.0,ESPN BET,1.714,2.2,-2.5,2.5,1.952,1.87,35.5,,
401772755,2025-10-19,2025-10-19T17:00Z,2025,regular,7,False,TEN,NE,13.0,31.0,16.0,51.0,255.0,5.0,10.0,216.0,39.0,12.0,3.3,5.5,25.0,34.0,3.0,10.0,0.0,2.0,0.0,0.0,5.0,3.0,15.0,2.0,1.0,1.0,1368.0,22.0,64.0,387.0,6.0,9.0,212.0,175.0,36.0,4.9,7.6,22.0,24.0,5.0,12.0,2.0,2.0,2.0,3.0,4.0,5.0,36.0,0.0,0.0,0.0,2232.0,ESPN BET,3.3,1.357,6.5,-6.5,1.87,1.952,41.5,,
401772756,2025-10-19,2025-10-19T20:05Z,2025,regular,7,False,LAC,IND,24.0,38.0,25.0,74.0,445.0,6.0,8.0,391.0,54.0,16.0,3.4,6.7,37.0,55.0,8.0,16.0,3.0,4.0,3.0,4.0,3.0,6.0,35.0,2.0,0.0,2.0,2067.0,24.0,58.0,401.0,6.9,9.0,281.0,120.0,23.0,5.2,8.0,23.0,34.0,5.0,11.0,3.0,3.0,4.0,5.0,1.0,3.0,42.0,0.0,0.0,0.0,1533.0,ESPN BET,1.714,2.2,-2.5,2.5,1.833,2.0,48.5,,
401772757,2025-10-19,2025-10-19T20:05Z,2025,regular,7,False,DEN,NYG,33.0,32.0,25.0,76.0,407.0,5.4,13.0,265.0,142.0,24.0,5.9,5.1,27.0,50.0,4.0,13.0,1.0,2.0,4.0,5.0,2.0,12.0,127.0,0.0,0.0,0.0,1789.0,26.0,69.0,387.0,5.6,12.0,268.0,119.0,32.0,3.7,7.2,15.0,33.0,6.0,15.0,2.0,2.0,2.0,2.0,4.0,8.0,36.0,1.0,0.0,1.0,1811.0,ESPN BET,1.263,3.9,-7.5,7.5,1.909,1.909,40.5,,
401772860,2025-10-19,2025-10-19T17:00Z,2025,regular,7,False,NYJ,CAR,6.0,13.0,12.0,60.0,220.0,3.7,11.0,139.0,81.0,20.0,4.1,3.5,16.0,34.0,7.0,15.0,0.0,1.0,0.0,1.0,6.0,5.0,26.0,2.0,0.0,2.0,1495.0,17.0,70.0,302.0,4.3,11.0,177.0,125.0,36.0,3.5,5.2,19.0,32.0,5.0,17.0,3.0,4.0,1.0,3.0,2.0,6.0,45.0,0.0,0.0,0.0,2105.0,ESPN BET,1.952,1.87,-1.5,1.5,2.05,1.8,39.5,,
401772861,2025-10-19,2025-10-19T17:00Z,2025,regular,7,False,CHI,NO,26.0,14.0,23.0,67.0,386.0,5.8,12.0,164.0,222.0,40.0,5.6,6.1,15.0,26.0,3.0,12.0,1.0,1.0,2.0,6.0,1.0,10.0,92.0,1.0,0.0,1.0,2179.0,16.0,53.0,253.0,4.8,11.0,209.0,44.0,17.0,2.6,5.8,20.0,32.0,3.0,10.0,0.0,2.0,1.0,1.0,4.0,5.0,30.0,4.0,1.0,3.0,1421.0,ESPN BET,1.5,2.7,-3.5,3.5,1.87,1.952,43.5,,
401772862,2025-10-19,2025-10-19T17:00Z,2025,regular,7,False,MIN,PHI,22.0,28.0,21.0,67.0,387.0,5.8,9.0,298.0,89.0,23.0,3.9,6.8,26.0,42.0,7.0,15.0,1.0,1.0,1.0,6.0,2.0,3.0,30.0,2.0,0.0,2.0,2042.0,13.0,49.0,361.0,7.4,9.0,316.0,45.0,23.0,2.0,12.2,19.0,23.0,3.0,10.0,2.0,3.0,0.0,1.0,3.0,8.0,64.0,0.0,0.0,0.0,1558.0,ESPN BET,2.2,1.714,2.5,-2.5,1.909,1.909,44.5,,
401772863,2025-10-19,2025-10-19T20:25Z,2025,regular,7,False,ARI,GB,23.0,27.0,23.0,70.0,330.0,4.7,9.0,236.0,94.0,28.0,3.4,5.6,25.0,36.0,7.0,14.0,0.0,2.0,2.0,4.0,6.0,6.0,55.0,1.0,1.0,0.0,2050.0,19.0,53.0,262.0,4.9,10.0,168.0,94.0,23.0,4.1,5.6,19.0,29.0,3.0,10.0,2.0,3.0,3.0,4.0,1.0,10.0,94.0,0.0,0.0,0.0,1550.0,ESPN BET,3.6,1.313,6.5,-6.5,1.909,1.909,44.5,,
401772864,2025-10-19,2025-10-19T20:25Z,2025,regular,7,False,DAL,WSH,44.0,22.0,21.0,62.0,409.0,6.6,12.0,257.0,152.0,31.0,4.9,8.3,21.0,30.0,6.0,12.0,0.0,0.0,3.0,4.0,1.0,10.0,79.0,0.0,0.0,0.0,1881.0,18.0,64.0,341.0,5.3,13.0,205.0,136.0,28.0,4.9,5.7,16.0,32.0,7.0,16.0,0.0,2.0,3.0,3.0,4.0,11.0,118.0,2.0,1.0,1.0,1719.0,ESPN BET,1.769,2.1,-2.5,2.5,1.952,1.87,54.5,,
401772816,2025-10-20,2025-10-20T23:00Z,2025,regular,7,False,DET,TB,24.0,9.0,17.0,65.0,379.0,5.8,13.0,215.0,164.0,32.0,5.1,6.5,20.0,29.0,3.0,13.0,1.0,2.0,1.0,2.0,4.0,6.0,50.0,2.0,1.0,1.0,1899.0,15.0,66.0,251.0,3.8,14.0,210.0,41.0,12.0,3.4,3.9,28.0,50.0,4.0,16.0,2.0,5.0,0.0,1.0,4.0,6.0,35.0,2.0,1.0,1.0,1701.0,ESPN BET,1.345,3.4,-6.5,6.5,1.909,1.909,54.5,,
401772924,2025-10-20,2025-10-20T00:20Z,2025,regular,7,False,SF,ATL,20.0,10.0,23.0,66.0,324.0,4.9,9.0,150.0,174.0,39.0,4.5,5.6,17.0,26.0,9.0,15.0,0.0,0.0,2.0,2.0,1.0,3.0,25.0,1.0,0.0,1.0,1930.0,19.0,60.0,292.0,4.9,9.0,230.0,62.0,20.0,3.1,5.8,21.0,38.0,5.0,11.0,0.0,2.0,1.0,2.0,2.0,6.0,43.0,1.0,1.0,0.0,1670.0,ESPN BET,2.05,1.8,1.5,-1.5,1.952,1.87,46.5,,
401772826,2025-10-21,2025-10-21T02:00Z,2025,regular,7,False,SEA,HOU,27.0,19.0,19.0,67.0,316.0,4.7,15.0,198.0,118.0,33.0,3.6,5.8,17.0,32.0,2.0,14.0,2.0,2.0,3.0,4.0,2.0,12.0,93.0,4.0,2.0,2.0,1937.0,18.0,69.0,254.0,3.7,14.0,198.0,56.0,17.0,3.3,3.8,23.0,49.0,2.0,15.0,1.0,4.0,1.0,3.0,3.0,10.0,105.0,1.0,0.0,1.0,1663.0,ESPN BET,1.645,2.35,-3.5,3.5,2.05,1.8,41.5,,
401772942,2025-10-24,2025-10-24T00:15Z,2025,regular,8,False,LAC,MIN,37.0,10.0,29.0,70.0,419.0,6.0,9.0,212.0,207.0,43.0,4.8,7.9,18.0,25.0,9.0,13.0,0.0,0.0,3.0,4.0,2.0,8.0,46.0,1.0,0.0,1.0,2344.0,12.0,47.0,164.0,3.5,10.0,130.0,34.0,11.0,3.1,3.6,18.0,31.0,3.0,11.0,0.0,1.0,1.0,1.0,5.0,8.0,66.0,1.0,0.0,1.0,1256.0,ESPN BET,1.588,2.45,-3.5,3.5,1.952,1.87,44.5,,
401772758,2025-10-26,2025-10-26T17:00Z,2025,regular,8,False,CIN,NYJ,38.0,39.0,24.0,58.0,398.0,6.9,10.0,217.0,181.0,23.0,7.9,6.2,21.0,34.0,4.0,9.0,0.0,1.0,3.0,4.0,1.0,2.0,15.0,0.0,0.0,0.0,1580.0,25.0,70.0,502.0,7.2,11.0,248.0,254.0,37.0,6.9,7.5,22.0,33.0,7.0,15.0,2.0,3.0,3.0,5.0,0.0,4.0,25.0,0.0,0.0,0.0,2020.0,ESPN BET,1.4,3.1,-5.5,5.5,1.909,1.909,43.5,,
401772759,2025-10-26,2025-10-26T17:00Z,2025,regular,8,False,BAL,CHI,30.0,16.0,24.0,59.0,355.0,6.0,9.0,178.0,177.0,35.0,5.1,7.4,17.0,22.0,4.0,10.0,1.0,1.0,3.0,6.0,2.0,6.0,45.0,0.0,0.0,0.0,1830.0,19.0,62.0,372.0,6.0,9.0,276.0,96.0,23.0,4.2,7.1,25.0,38.0,6.0,13.0,0.0,1.0,1.0,3.0,1.0,11.0,79.0,1.0,0.0,1.0,1770.0,ESPN BET,1.69,2.25,-2.5,2.5,1.833,2.0,44.5,,
401772760,2025-10-26,2025-10-26T17:00Z,2025,regular,8,False,ATL,MIA,10.0,34.0,11.0,49.0,213.0,4.3,11.0,168.0,45.0,17.0,2.6,5.3,21.0,31.0,2.0,11.0,2.0,4.0,1.0,2.0,1.0,8.0,76.0,1.0,1.0,0.0,1322.0,24.0,65.0,338.0,5.2,10.0,197.0,141.0,37.0,3.8,7.0,21.0,27.0,6.0,13.0,1.0,2.0,3.0,5.0,1.0,4.0,54.0,0.0,0.0,0.0,2278.0,ESPN BET,1.294,3.7,-6.5,6.5,1.833,2.0,43.5,,
401772761,2025-10-26,2025-10-26T20:25Z,2025,regular,8,False,IND,TEN,38.0,14.0,21.0,52.0,420.0,8.1,11.0,256.0,164.0,18.0,9.1,7.5,21.0,31.0,3.0,9.0,1.0,1.0,3.0,4.0,3.0,3.0,32.0,0.0,0.0,0.0,1539.0,20.0,67.0,341.0,5.1,11.0,228.0,113.0,25.0,4.5,5.4,22.0,38.0,6.0,15.0,1.0,3.0,2.0,3.0,4.0,3.0,34.0,1.0,0.0,1.0,2061.0,ESPN BET,1.071,8.5,-14.5,14.5,1.909,1.909,47.5,,
401772762,2025-10-26,2025-10-26T20:25Z,2025,regular,8,False,DEN,DAL,44.0,24.0,25.0,57.0,426.0,7.5,12.0,247.0,179.0,28.0,6.4,8.5,19.0,29.0,5.0,8.0,0.0,0.0,4.0,5.0,0.0,7.0,42.0,1.0,0.0,1.0,1588.0,24.0,68.0,339.0,5.0,11.0,231.0,108.0,31.0,3.5,6.2,22.0,35.0,4.0,11.0,1.0,1.0,2.0,4.0,2.0,9.0,80.0,2.0,0.0,2.0,2012.0,ESPN BET,1.476,2.75,-4.5,4.5,1.952,1.87,51.5,,
401772865,2025-10-26,2025-10-26T17:00Z,2025,regular,8,False,CAR,BUF,9.0,40.0,19.0,59.0,244.0,4.1,11.0,130.0,114.0,28.0,4.1,4.2,16.0,24.0,4.0,11.0,1.0,1.0,1.0,2.0,7.0,4.0,20.0,3.0,2.0,1.0,1588.0,23.0,60.0,410.0,6.8,10.0,165.0,245.0,35.0,7.0,6.6,14.0,23.0,7.0,12.0,0.0,0.0,2.0,3.0,2.0,7.0,60.0,0.0,0.0,0.0,2012.0,ESPN BET,4.0,1.25,7.5,-7.5,1.8,2.05,48.5,,
401772866,2025-10-26,2025-10-26T17:00Z,2025,regular,8,False,HOU,SF,26.0,15.0,23.0,75.0,475.0,6.3,10.0,318.0,157.0,36.0,4.4,8.2,30.0,39.0,9.0,16.0,1.0,1.0,1.0,5.0,0.0,8.0,55.0,1.0,0.0,1.0,2482.0,12.0,44.0,223.0,5.1,9.0,175.0,48.0,10.0,4.8,5.1,19.0,32.0,3.0,9.0,0.0,1.0,2.0,2.0,2.0,4.0,30.0,1.0,0.0,1.0,1118.0,ESPN BET,1.606,2.4,-3.5,3.5,2.1,1.769,41.5,,
401772867,2025-10-26,2025-10-26T17:00Z,2025,regular,8,False,PHI,NYG,38.0,20.0,23.0,57.0,427.0,7.5,9.0,151.0,276.0,33.0,8.4,6.3,15.0,20.0,2.0,8.0,2.0,2.0,3.0,3.0,4.0,5.0,30.0,0.0,0.0,0.0,1995.0,13.0,50.0,246.0,4.9,9.0,178.0,68.0,21.0,3.2,6.1,14.0,24.0,5.0,12.0,1.0,1.0,2.0,3.0,5.0,7.0,54.0,0.0,0.0,0.0,1605.0,ESPN BET,1.235,4.2,-7.5,7.5,2.0,1.833,43.5,,
401772868,2025-10-26,2025-10-26T17:00Z,2025,regular,8,False,NE,CLE,32.0,13.0,23.0,65.0,422.0,6.5,12.0,245.0,177.0,35.0,5.1,8.2,18.0,24.0,3.0,11.0,0.0,0.0,2.0,6.0,6.0,7.0,54.0,2.0,1.0,1.0,2172.0,12.0,52.0,213.0,4.1,12.0,145.0,68.0,16.0,4.3,4.0,21.0,35.0,2.0,11.0,1.0,3.0,2.0,3.0,1.0,5.0,31.0,2.0,0.0,2.0,1428.0,ESPN BET,1.313,3.6,-6.5,6.5,1.833,2.0,40.5,,
401772869,2025-10-26,2025-10-26T20:05Z,2025,regular,8,False,NO,TB,3.0,23.0,17.0,71.0,275.0,3.9,11.0,227.0,48.0,15.0,3.2,4.1,32.0,51.0,8.0,16.0,2.0,4.0,0.0,1.0,5.0,8.0,40.0,4.0,2.0,2.0,1624.0,14.0,56.0,212.0,3.8,10.0,124.0,88.0,29.0,3.0,4.6,15.0,24.0,3.0,13.0,1.0,2.0,1.0,2.0,3.0,4.0,25.0,1.0,1.0,0.0,1976.0,ESPN BET,2.75,1.476,3.5,-3.5,1.952,1.87,45.5,,
401772925,2025-10-27,2025-10-27T00:20Z,2025,regular,8,False,PIT,GB,25.0,35.0,16.0,57.0,295.0,5.2,11.0,202.0,93.0,18.0,5.2,5.2,24.0,36.0,1.0,10.0,1.0,1.0,1.0,1.0,3.0,6.0,65.0,1.0,1.0,0.0,1692.0,22.0,63.0,454.0,7.2,12.0,360.0,94.0,26.0,3.6,9.7,29.0,37.0,5.0,12.0,1.0,1.0,3.0,5.0,0.0,5.0,47.0,0.0,0.0,0.0,1908.0,ESPN BET,2.3,1.667,2.5,-2.5,2.0,1.833,45.5,,
401772817,2025-10-28,2025-10-28T00:15Z,2025,regular,8,False,KC,WSH,28.0,7.0,26.0,67.0,432.0,6.4,9.0,284.0,148.0,30.0,4.9,7.7,25.0,34.0,4.0,10.0,2.0,2.0,4.0,4.0,3.0,9.0,95.0,2.0,0.0,2.0,2043.0,14.0,52.0,260.0,5.0,8.0,200.0,60.0,20.0,3.0,6.3,21.0,30.0,7.0,12.0,0.0,2.0,1.0,2.0,2.0,3.0,35.0,2.0,0.0,2.0,1557.0,ESPN BET,1.167,5.0,-11.5,11.5,2.05,1.8,48.5,,
401772943,2025-10-31,2025-10-31T00:15Z,2025,regular,9,False,MIA,BAL,6.0,28.0,17.0,62.0,332.0,5.4,11.0,245.0,87.0,20.0,4.4,5.8,25.0,40.0,2.0,12.0,2.0,3.0,0.0,3.0,2.0,5.0,45.0,3.0,2.0,1.0,1697.0,18.0,56.0,338.0,6.0,11.0,188.0,150.0,31.0,4.8,7.5,18.0,23.0,5.0,13.0,1.0,1.0,3.0,3.0,2.0,5.0,56.0,0.0,0.0,0.0,1903.0,ESPN BET,4.6,1.2,7.5,-7.5,1.952,1.87,51.5,,
401772763,2025-11-02,2025-11-02T18:00Z,2025,regular,9,False,NE,ATL,24.0,23.0,23.0,68.0,331.0,4.9,11.0,221.0,110.0,33.0,3.3,6.3,19.0,29.0,8.0,12.0,0.0,0.0,3.0,4.0,6.0,2.0,15.0,2.0,1.0,1.0,2045.0,17.0,54.0,288.0,5.3,10.0,217.0,71.0,16.0,4.4,5.7,22.0,37.0,1.0,10.0,2.0,3.0,3.0,3.0,1.0,5.0,40.0,0.0,0.0,0.0,1555.0,ESPN BET,1.417,3.0,-5.5,5.5,1.952,1.87,45.5,,
401772764,2025-11-02,2025-11-02T18:00Z,2025,regular,9,False,TEN,LAC,20.0,27.0,10.0,44.0,206.0,4.7,9.0,118.0,88.0,19.0,4.6,4.7,12.0,21.0,1.0,9.0,0.0,1.0,0.0,2.0,4.0,7.0,60.0,0.0,0.0,0.0,1540.0,21.0,65.0,343.0,5.3,11.0,212.0,131.0,30.0,4.4,6.1,19.0,29.0,7.0,13.0,0.0,0.0,3.0,4.0,6.0,3.0,20.0,1.0,0.0,1.0,2060.0,ESPN BET,5.25,1.154,9.5,-9.5,1.952,1.87,44.5,,
401772765,2025-11-02,2025-11-02T18:00Z,2025,regular,9,False,CIN,CHI,42.0,47.0,26.0,65.0,495.0,7.6,13.0,449.0,46.0,15.0,3.1,9.0,31.0,47.0,5.0,10.0,1.0,1.0,2.0,4.0,3.0,7.0,49.0,3.0,1.0,2.0,1530.0,30.0,76.0,576.0,7.6,11.0,293.0,283.0,37.0,7.6,7.5,22.0,37.0,8.0,15.0,2.0,2.0,4.0,6.0,2.0,7.0,43.0,0.0,0.0,0.0,2070.0,ESPN BET,2.4,1.606,2.5,-2.5,2.05,1.8,51.5,,
401772766,2025-11-02,2025-11-02T18:00Z,2025,regular,9,False,PIT,IND,27.0,20.0,17.0,61.0,225.0,3.7,13.0,187.0,38.0,23.0,1.7,4.9,25.0,35.0,4.0,12.0,1.0,2.0,3.0,6.0,3.0,8.0,46.0,1.0,1.0,0.0,1685.0,26.0,74.0,368.0,5.0,11.0,313.0,55.0,19.0,2.9,5.7,31.0,50.0,6.0,14.0,5.0,5.0,2.0,2.0,5.0,5.0,53.0,6.0,3.0,3.0,1915.0,ESPN BET,2.45,1.588,3.5,-3.5,1.769,2.1,51.5,,
401772767,2025-11-02,2025-11-02T18:00Z,2025,regular,9,False,NYG,SF,24.0,34.0,19.0,56.0,296.0,5.3,10.0,179.0,117.0,21.0,5.6,5.1,24.0,33.0,5.0,12.0,0.0,0.0,2.0,3.0,2.0,5.0,23.0,0.0,0.0,0.0,1609.0,25.0,65.0,380.0,5.8,11.0,221.0,159.0,39.0,4.1,8.5,19.0,24.0,6.0,11.0,1.0,1.0,4.0,5.0,2.0,6.0,34.0,1.0,1.0,0.0,1991.0,ESPN BET,2.2,1.714,2.5,-2.5,1.952,1.87,47.5,,
401772768,2025-11-02,2025-11-02T21:25Z,2025,regular,9,False,BUF,KC,28.0,21.0,23.0,64.0,404.0,6.3,10.0,263.0,141.0,35.0,4.0,9.1,23.0,26.0,7.0,12.0,0.0,1.0,3.0,3.0,3.0,4.0,40.0,0.0,0.0,0.0,2085.0,16.0,57.0,305.0,5.4,10.0,226.0,79.0,20.0,4.0,6.1,15.0,34.0,3.0,13.0,2.0,3.0,2.0,3.0,3.0,3.0,25.0,1.0,0.0,1.0,1515.0,ESPN BET,2.19,1.741,2.5,-2.5,1.962,1.909,53.5,,
401772870,2025-11-02,2025-11-02T18:00Z,2025,regular,9,False,HOU,DEN,15.0,18.0,15.0,72.0,268.0,3.7,14.0,191.0,77.0,28.0,2.8,4.3,23.0,40.0,3.0,17.0,1.0,1.0,0.0,3.0,4.0,4.0,29.0,0.0,0.0,0.0,2076.0,15.0,61.0,271.0,4.4,13.0,171.0,100.0,23.0,4.3,4.5,18.0,37.0,6.0,15.0,0.0,0.0,0.0,1.0,1.0,4.0,41.0,2.0,1.0,1.0,1524.0,ESPN BET,1.741,2.15,-2.5,2.5,2.0,1.833,41.5,,
401772871,2025-11-02,2025-11-02T18:00Z,2025,regular,9,False,DET,MIN,24.0,27.0,15.0,62.0,305.0,4.9,11.0,240.0,65.0,20.0,3.3,5.7,25.0,37.0,5.0,17.0,3.0,3.0,1.0,3.0,5.0,10.0,76.0,1.0,1.0,0.0,1868.0,20.0,59.0,258.0,4.4,12.0,116.0,142.0,29.0,4.9,3.9,14.0,25.0,4.0,12.0,0.0,0.0,3.0,5.0,5.0,7.0,56.0,1.0,0.0,1.0,1732.0,ESPN BET,1.167,5.0,-9.5,9.5,1.909,1.909,47.5,,
401772872,2025-11-02,2025-11-02T18:00Z,2025,regular,9,False,GB,CAR,13.0,16.0,20.0,63.0,369.0,5.9,7.0,265.0,104.0,25.0,4.2,7.0,26.0,37.0,7.0,13.0,2.0,3.0,1.0,5.0,1.0,7.0,42.0,2.0,1.0,1.0,1810.0,19.0,54.0,265.0,4.9,7.0,102.0,163.0,33.0,4.9,4.9,11.0,20.0,4.0,10.0,2.0,2.0,2.0,3.0,1.0,5.0,39.0,1.0,0.0,1.0,1790.0,ESPN BET,1.1,7.0,-13.5,13.5,1.952,1.87,43.5,,
401772873,2025-11-02,2025-11-02T21:05Z,2025,regular,9,False,LV,JAX,29.0,30.0,26.0,60.0,331.0,5.5,9.0,274.0,57.0,19.0,3.0,6.7,29.0,39.0,7.0,10.0,0.0,1.0,3.0,4.0,2.0,7.0,55.0,1.0,0.0,1.0,1607.0,26.0,77.0,367.0,4.8,9.0,216.0,151.0,42.0,3.6,6.2,23.0,34.0,9.0,16.0,3.0,3.0,3.0,5.0,1.0,9.0,80.0,1.0,0.0,1.0,2577.0,ESPN BET,2.1,1.769,1.5,-1.5,1.87,1.952,44.5,,
401772874,2025-11-02,2025-11-02T21:05Z,2025,regular,9,False,LAR,NO,34.0,10.0,30.0,77.0,438.0,5.7,10.0,267.0,171.0,43.0,4.0,7.9,24.0,32.0,7.0,14.0,2.0,2.0,4.0,5.0,2.0,3.0,32.0,0.0,0.0,0.0,2633.0,10.0,40.0,224.0,5.6,9.0,167.0,57.0,14.0,4.1,6.4,15.0,25.0,2.0,9.0,0.0,2.0,1.0,3.0,1.0,5.0,33.0,2.0,1.0,1.0,967.0,ESPN BET,1.063,9.0,-14.5,14.5,1.909,1.909,45.5,,
401772926,2025-11-03,2025-11-03T01:20Z,2025,regular,9,False,WSH,SEA,14.0,38.0,19.0,62.0,290.0,4.7,10.0,133.0,157.0,36.0,4.4,5.1,16.0,22.0,6.0,13.0,1.0,2.0,2.0,2.0,4.0,8.0,87.0,2.0,1.0,1.0,1962.0,21.0,48.0,418.0,8.7,10.0,330.0,88.0,24.0,3.7,13.8,21.0,24.0,7.0,11.0,0.0,0.0,2.0,2.0,0.0,5.0,44.0,1.0,0.0,1.0,1638.0,ESPN BET,2.3,1.68,2.5,-2.5,2.03,1.84,47.5,,
401772818,2025-11-04,2025-11-04T01:15Z,2025,regular,9,False,DAL,ARI,17.0,27.0,22.0,65.0,333.0,5.1,9.0,210.0,123.0,21.0,5.9,4.8,24.0,39.0,5.0,12.0,0.0,3.0,1.0,3.0,5.0,6.0,55.0,3.0,2.0,1.0,1600.0,23.0,65.0,340.0,5.2,10.0,221.0,119.0,29.0,4.1,6.1,21.0,31.0,7.0,13.0,0.0,1.0,3.0,4.0,5.0,2.0,10.0,0.0,0.0,0.0,2000.0,ESPN BET,1.541,2.55,-3.5,3.5,1.952,1.87,53.5,,
401772944,2025-11-07,2025-11-07T01:15Z,2025,regular,10,False,DEN,LV,10.0,7.0,10.0,57.0,220.0,3.9,13.0,136.0,84.0,27.0,3.1,4.5,16.0,28.0,5.0,15.0,0.0,0.0,1.0,3.0,2.0,11.0,78.0,2.0,0.0,2.0,1846.0,10.0,58.0,188.0,3.2,13.0,114.0,74.0,25.0,3.0,3.5,16.0,27.0,4.0,15.0,0.0,1.0,1.0,1.0,6.0,11.0,83.0,1.0,0.0,1.0,1754.0,ESPN BET,1.222,4.4,-9.5,9.5,1.971,1.901,41.5,,
401772636,2025-11-09,2025-11-09T14:30Z,2025,regular,10,True,IND,ATL,31.0,25.0,25.0,74.0,519.0,7.0,12.0,196.0,323.0,41.0,7.9,5.9,19.0,26.0,2.0,12.0,2.0,4.0,2.0,4.0,7.0,7.0,56.0,2.0,1.0,1.0,2420.0,22.0,60.0,290.0,4.8,13.0,150.0,140.0,29.0,4.8,4.8,12.0,28.0,0.0,8.0,0.0,0.0,3.0,3.0,3.0,3.0,35.0,1.0,1.0,0.0,1569.0,ESPN BET,1.37,3.2,-5.5,5.5,1.87,1.952,48.5,,
401772769,2025-11-09,2025-11-09T18:00Z,2025,regular,10,False,NYJ,CLE,27.0,20.0,12.0,47.0,169.0,3.6,11.0,42.0,127.0,33.0,3.8,3.0,6.0,11.0,3.0,11.0,0.0,0.0,0.0,2.0,3.0,7.0,61.0,1.0,0.0,1.0,1556.0,23.0,70.0,278.0,4.0,12.0,120.0,158.0,32.0,4.9,3.2,17.0,32.0,6.0,16.0,0.0,1.0,1.0,2.0,6.0,10.0,78.0,0.0,0.0,0.0,2044.0,ESPN BET,2.1,1.769,2.5,-2.5,1.87,1.952,37.5,,
401772770,2025-11-09,2025-11-09T18:00Z,2025,regular,10,False,HOU,JAX,36.0,29.0,27.0,69.0,412.0,6.0,11.0,282.0,130.0,22.0,5.9,6.0,27.0,45.0,10.0,15.0,1.0,2.0,4.0,5.0,2.0,11.0,80.0,2.0,1.0,1.0,1860.0,19.0,55.0,213.0,3.9,10.0,119.0,94.0,27.0,3.5,4.3,13.0,23.0,4.0,11.0,0.0,0.0,2.0,4.0,5.0,9.0,90.0,2.0,1.0,1.0,1740.0,ESPN BET,1.769,2.1,-2.5,2.5,1.952,1.87,38.5,,
401772771,2025-11-09,2025-11-09T18:00Z,2025,regular,10,False,MIA,BUF,30.0,13.0,19.0,53.0,370.0,7.0,11.0,173.0,197.0,32.0,6.2,8.2,15.0,21.0,3.0,9.0,0.0,0.0,1.0,1.0,0.0,5.0,35.0,2.0,0.0,2.0,1717.0,20.0,65.0,376.0,5.8,11.0,289.0,87.0,22.0,4.0,6.7,28.0,40.0,5.0,15.0,1.0,2.0,0.0,1.0,3.0,6.0,67.0,3.0,2.0,1.0,1883.0,ESPN BET,4.6,1.2,8.5,-8.5,1.833,2.0,50.5,,
401772772,2025-11-09,2025-11-09T18:00Z,2025,regular,10,False,TB,NE,23.0,28.0,24.0,66.0,371.0,5.6,11.0,258.0,113.0,21.0,5.4,5.7,28.0,43.0,5.0,13.0,0.0,1.0,2.0,3.0,2.0,6.0,40.0,0.0,0.0,0.0,1945.0,16.0,59.0,435.0,7.4,12.0,269.0,166.0,27.0,6.1,8.4,16.0,31.0,5.0,14.0,2.0,3.0,1.0,2.0,1.0,5.0,49.0,1.0,0.0,1.0,1655.0,ESPN BET,1.645,2.35,-2.5,2.5,1.769,2.1,48.5,,
401772773,2025-11-09,2025-11-09T21:05Z,2025,regular,10,False,SEA,ARI,44.0,22.0,22.0,59.0,372.0,6.3,11.0,174.0,198.0,46.0,4.3,13.4,10.0,12.0,6.0,10.0,0.0,0.0,2.0,4.0,1.0,3.0,20.0,3.0,2.0,1.0,2020.0,21.0,73.0,335.0,4.6,12.0,206.0,129.0,23.0,5.6,4.1,22.0,45.0,6.0,16.0,2.0,5.0,3.0,6.0,5.0,5.0,37.0,2.0,2.0,0.0,1580.0,ESPN BET,1.294,3.8,-7.5,7.5,2.0,1.87,44.5,,
401772875,2025-11-09,2025-11-09T18:00Z,2025,regular,10,False,CHI,NYG,24.0,20.0,23.0,64.0,391.0,6.1,12.0,220.0,171.0,28.0,6.1,6.1,20.0,36.0,3.0,11.0,1.0,4.0,3.0,4.0,0.0,3.0,25.0,0.0,0.0,0.0,1722.0,21.0,70.0,431.0,6.2,11.0,262.0,169.0,30.0,5.6,6.6,22.0,36.0,5.0,14.0,1.0,4.0,1.0,4.0,4.0,10.0,69.0,1.0,1.0,0.0,1878.0,ESPN BET,1.444,2.9,-4.5,4.5,1.833,2.0,44.5,,
401772876,2025-11-09,2025-11-09T18:00Z,2025,regular,10,False,MIN,BAL,19.0,27.0,18.0,61.0,365.0,6.0,13.0,245.0,120.0,18.0,6.7,5.7,20.0,42.0,3.0,14.0,2.0,5.0,2.0,3.0,1.0,13.0,102.0,3.0,1.0,2.0,1645.0,23.0,66.0,321.0,4.9,13.0,169.0,152.0,36.0,4.2,5.6,17.0,29.0,6.0,15.0,0.0,0.0,2.0,5.0,1.0,5.0,62.0,0.0,0.0,0.0,1955.0,ESPN BET,2.95,1.435,4.5,-4.5,1.909,1.909,49.5,,
401772877,2025-11-09,2025-11-09T18:00Z,2025,regular,10,False,CAR,NO,7.0,17.0,13.0,50.0,175.0,3.5,11.0,102.0,73.0,23.0,3.2,3.8,17.0,25.0,3.0,9.0,0.0,1.0,1.0,2.0,2.0,1.0,5.0,2.0,1.0,1.0,1599.0,17.0,67.0,388.0,5.8,8.0,266.0,122.0,37.0,3.3,8.9,19.0,28.0,8.0,17.0,2.0,3.0,0.0,2.0,2.0,6.0,60.0,1.0,1.0,0.0,2001.0,ESPN BET,1.4,3.1,-5.5,5.5,1.952,1.87,38.5,,
401772878,2025-11-09,2025-11-09T21:25Z,2025,regular,10,False,WSH,DET,22.0,44.0,14.0,51.0,288.0,5.6,9.0,195.0,93.0,27.0,3.4,8.1,16.0,22.0,2.0,10.0,3.0,3.0,3.0,3.0,2.0,8.0,61.0,0.0,0.0,0.0,1644.0,30.0,68.0,546.0,8.0,9.0,320.0,226.0,33.0,6.8,9.1,25.0,35.0,5.0,10.0,2.0,2.0,4.0,6.0,0.0,3.0,1.0,0.0,0.0,0.0,1956.0,ESPN BET,4.25,1.25,7.5,-7.5,1.98,1.893,48.5,,
401772879,2025-11-09,2025-11-09T21:25Z,2025,regular,10,False,SF,LAR,26.0,42.0,24.0,60.0,393.0,6.6,9.0,319.0,74.0,21.0,3.5,8.2,33.0,39.0,3.0,8.0,1.0,3.0,4.0,5.0,0.0,7.0,45.0,2.0,1.0,1.0,1648.0,31.0,67.0,401.0,6.0,10.0,275.0,126.0,30.0,4.2,7.4,24.0,36.0,5.0,9.0,1.0,1.0,5.0,6.0,1.0,0.0,0.0,0.0,0.0,0.0,1952.0,ESPN BET,3.1,1.4,6.5,-6.5,1.833,2.0,49.5,,
401772927,2025-11-10,2025-11-10T01:20Z,2025,regular,10,False,LAC,PIT,25.0,10.0,18.0,69.0,314.0,4.6,13.0,199.0,115.0,31.0,3.7,5.2,20.0,33.0,6.0,17.0,1.0,1.0,2.0,3.0,5.0,8.0,55.0,0.0,0.0,0.0,2255.0,11.0,50.0,221.0,4.4,12.0,148.0,73.0,16.0,4.6,4.4,16.0,31.0,2.0,11.0,0.0,1.0,0.0,1.0,3.0,4.0,29.0,3.0,1.0,2.0,1345.0,ESPN BET,1.538,2.59,-3.5,3.5,1.98,1.893,45.5,,
401772630,2025-11-11,2025-11-11T01:15Z,2025,regular,10,False,GB,PHI,7.0,10.0,18.0,66.0,261.0,4.0,10.0,157.0,104.0,27.0,3.9,4.0,20.0,36.0,5.0,13.0,1.0,3.0,1.0,1.0,3.0,4.0,20.0,2.0,2.0,0.0,1675.0,13.0,60.0,294.0,4.9,10.0,183.0,111.0,34.0,3.3,7.0,15.0,26.0,7.0,16.0,0.0,2.0,0.0,1.0,0.0,7.0,61.0,1.0,1.0,0.0,1925.0,ESPN BET,1.909,1.962,-1.5,1.5,2.0,1.87,44.5,,
401772945,2025-11-14,2025-11-14T01:15Z,2025,regular,11,False,NE,NYJ,27.0,14.0,23.0,62.0,336.0,5.4,10.0,271.0,65.0,27.0,2.4,7.7,25.0,34.0,6.0,12.0,1.0,1.0,3.0,5.0,1.0,2.0,20.0,0.0,0.0,0.0,1916.0,15.0,57.0,245.0,4.3,9.0,105.0,140.0,28.0,5.0,3.6,15.0,27.0,8.0,14.0,0.0,1.0,1.0,2.0,2.0,7.0,62.0,1.0,1.0,0.0,1684.0,ESPN BET,1.083,8.0,-12.5,12.5,1.893,1.98,42.5,,
401772631,2025-11-16,2025-11-16T14:30Z,2025,regular,11,True,MIA,WSH,16.0,13.0,19.0,54.0,311.0,5.8,9.0,142.0,169.0,31.0,5.5,6.2,14.0,20.0,3.0,9.0,0.0,2.0,1.0,5.0,3.0,4.0,39.0,0.0,0.0,0.0,1791.0,22.0,64.0,379.0,5.9,8.0,207.0,172.0,33.0,5.2,6.7,20.0,30.0,6.0,13.0,1.0,2.0,0.0,3.0,1.0,6.0,31.0,2.0,1.0,1.0,1956.0,ESPN BET,1.741,2.15,-2.5,2.5,1.952,1.87,46.5,,
401772774,2025-11-16,2025-11-16T18:00Z,2025,regular,11,False,PIT,CIN,34.0,12.0,22.0,60.0,343.0,5.7,8.0,232.0,111.0,28.0,4.0,7.3,21.0,31.0,7.0,13.0,1.0,1.0,2.0,4.0,1.0,8.0,76.0,0.0,0.0,0.0,1805.0,17.0,63.0,297.0,4.7,10.0,192.0,105.0,22.0,4.8,4.7,23.0,40.0,7.0,15.0,0.0,1.0,0.0,2.0,1.0,8.0,67.0,2.0,1.0,1.0,1795.0,ESPN BET,1.385,3.15,-5.5,5.5,1.87,1.952,47.5,,
401772775,2025-11-16,2025-11-16T18:00Z,2025,regular,11,False,JAX,LAC,35.0,6.0,30.0,69.0,345.0,5.0,10.0,153.0,192.0,47.0,4.1,7.0,14.0,22.0,5.0,10.0,3.0,5.0,5.0,6.0,0.0,1.0,5.0,1.0,0.0,1.0,2275.0,8.0,45.0,135.0,3.0,9.0,93.0,42.0,16.0,2.6,3.2,13.0,26.0,3.0,12.0,1.0,3.0,0.0,1.0,3.0,5.0,71.0,1.0,0.0,1.0,1325.0,ESPN BET,2.25,1.69,2.5,-2.5,1.952,1.87,42.5,,
401772776,2025-11-16,2025-11-16T18:00Z,2025,regular,11,False,BUF,TB,44.0,32.0,19.0,53.0,414.0,7.8,11.0,317.0,97.0,23.0,4.2,10.6,19.0,30.0,6.0,11.0,1.0,2.0,3.0,4.0,0.0,7.0,45.0,3.0,1.0,2.0,1493.0,21.0,68.0,367.0,5.4,13.0,165.0,202.0,39.0,5.2,5.7,16.0,28.0,9.0,16.0,1.0,1.0,2.0,4.0,1.0,2.0,30.0,2.0,1.0,1.0,2107.0,ESPN BET,1.444,2.9,-6.5,6.5,1.952,1.87,44.5,,
401772777,2025-11-16,2025-11-16T21:25Z,2025,regular,11,False,CLE,BAL,16.0,23.0,10.0,54.0,187.0,3.5,12.0,81.0,106.0,25.0,4.2,2.8,11.0,26.0,2.0,14.0,0.0,1.0,0.0,2.0,3.0,5.0,41.0,1.0,0.0,1.0,1621.0,17.0,60.0,351.0,5.8,12.0,167.0,184.0,30.0,6.1,5.6,14.0,25.0,5.0,13.0,1.0,1.0,1.0,4.0,5.0,4.0,26.0,3.0,1.0,2.0,1979.0,ESPN BET,4.2,1.235,7.5,-7.5,1.82,2.02,37.5,,
401772778,2025-11-16,2025-11-16T21:25Z,2025,regular,11,False,DEN,KC,22.0,19.0,16.0,61.0,342.0,5.6,10.0,283.0,59.0,21.0,2.8,7.1,24.0,38.0,7.0,15.0,0.0,0.0,1.0,5.0,2.0,10.0,147.0,0.0,0.0,0.0,1769.0,19.0,62.0,311.0,5.0,10.0,249.0,62.0,14.0,4.4,5.2,29.0,45.0,5.0,13.0,0.0,1.0,1.0,4.0,3.0,10.0,69.0,1.0,0.0,1.0,1831.0,ESPN BET,2.9,1.444,4.5,-4.5,1.87,2.0,45.5,,
401772880,2025-11-16,2025-11-16T18:00Z,2025,regular,11,False,MIN,CHI,17.0,19.0,15.0,54.0,265.0,4.9,12.0,150.0,115.0,22.0,5.2,4.7,16.0,32.0,3.0,11.0,1.0,1.0,2.0,3.0,0.0,2.0,15.0,2.0,0.0,2.0,1381.0,19.0,73.0,320.0,4.4,12.0,180.0,140.0,39.0,3.6,5.3,16.0,32.0,7.0,18.0,0.0,0.0,1.0,2.0,2.0,6.0,40.0,0.0,0.0,0.0,2219.0,ESPN BET,1.645,2.35,-3.0,3.0,1.952,1.87,47.5,,
401772881,2025-11-16,2025-11-16T18:00Z,2025,regular,11,False,TEN,HOU,13.0,16.0,14.0,57.0,229.0,4.0,10.0,171.0,58.0,17.0,3.4,4.3,24.0,37.0,6.0,15.0,0.0,0.0,1.0,1.0,3.0,9.0,62.0,1.0,1.0,0.0,1737.0,20.0,68.0,315.0,4.6,11.0,240.0,75.0,23.0,3.3,5.3,26.0,41.0,4.0,13.0,0.0,1.0,1.0,3.0,4.0,5.0,53.0,0.0,0.0,0.0,1863.0,ESPN BET,3.0,1.417,5.5,-5.5,1.909,1.909,37.5,,
401772882,2025-11-16,2025-11-16T18:00Z,2025,regular,11,False,ATL,CAR,27.0,30.0,23.0,58.0,348.0,6.0,12.0,223.0,125.0,28.0,4.5,7.4,19.0,30.0,4.0,11.0,0.0,0.0,3.0,3.0,0.0,6.0,44.0,1.0,1.0,0.0,1663.0,22.0,75.0,486.0,6.5,12.0,419.0,67.0,25.0,2.7,8.4,31.0,45.0,6.0,17.0,3.0,5.0,2.0,6.0,5.0,8.0,49.0,0.0,0.0,0.0,2227.0,ESPN BET,1.444,2.9,-4.5,4.5,1.909,1.909,41.5,,
401772883,2025-11-16,2025-11-16T18:00Z,2025,regular,11,False,NYG,GB,20.0,27.0,22.0,69.0,336.0,4.9,9.0,194.0,142.0,38.0,3.7,6.3,19.0,29.0,7.0,14.0,3.0,4.0,3.0,5.0,2.0,6.0,77.0,2.0,1.0,1.0,2156.0,19.0,51.0,296.0,5.8,8.0,168.0,128.0,23.0,5.6,6.0,15.0,26.0,7.0,11.0,0.0,0.0,4.0,4.0,2.0,5.0,48.0,0.0,0.0,0.0,1444.0,ESPN BET,4.0,1.25,7.5,-7.5,1.909,1.909,42.5,,
401772884,2025-11-16,2025-11-16T21:05Z,2025,regular,11,False,LAR,SEA,21.0,19.0,12.0,50.0,249.0,5.0,11.0,130.0,119.0,22.0,5.4,4.6,15.0,28.0,2.0,11.0,2.0,3.0,3.0,4.0,0.0,6.0,43.0,1.0,1.0,0.0,1331.0,26.0,79.0,414.0,5.2,12.0,279.0,135.0,35.0,3.9,6.3,29.0,44.0,7.0,16.0,1.0,1.0,1.0,4.0,0.0,6.0,47.0,4.0,0.0,4.0,2269.0,ESPN BET,1.581,2.48,-3.5,3.5,2.04,1.833,49.5,,
401772885,2025-11-16,2025-11-16T21:05Z,2025,regular,11,False,ARI,SF,22.0,41.0,24.0,71.0,488.0,6.9,11.0,452.0,36.0,14.0,2.6,7.9,47.0,57.0,6.0,14.0,0.0,0.0,3.0,5.0,0.0,17.0,130.0,3.0,1.0,2.0,2055.0,24.0,52.0,281.0,5.4,12.0,186.0,95.0,25.0,3.8,6.9,19.0,26.0,3.0,9.0,0.0,0.0,4.0,5.0,1.0,1.0,15.0,0.0,0.0,0.0,1545.0,ESPN BET,2.8,1.465,3.5,-3.5,2.03,1.82,48.5,,
401772928,2025-11-17,2025-11-17T01:20Z,2025,regular,11,False,PHI,DET,16.0,9.0,16.0,69.0,272.0,3.9,13.0,124.0,148.0,40.0,3.7,4.3,14.0,28.0,4.0,15.0,0.0,1.0,1.0,3.0,1.0,9.0,78.0,0.0,0.0,0.0,2148.0,13.0,60.0,317.0,5.3,13.0,243.0,74.0,21.0,3.5,6.2,14.0,37.0,3.0,13.0,0.0,5.0,0.0,1.0,2.0,5.0,48.0,1.0,0.0,1.0,1452.0,ESPN BET,1.699,2.25,-2.5,2.5,1.877,2.0,45.5,,
401772819,2025-11-18,2025-11-18T01:15Z,2025,regular,11,False,LV,DAL,16.0,33.0,17.0,58.0,236.0,4.1,11.0,209.0,27.0,12.0,2.3,4.5,27.0,42.0,3.0,12.0,2.0,3.0,1.0,3.0,4.0,6.0,40.0,1.0,0.0,1.0,1584.0,24.0,65.0,381.0,5.9,10.0,267.0,114.0,31.0,3.7,7.9,25.0,33.0,4.0,10.0,1.0,3.0,3.0,5.0,1.0,6.0,50.0,1.0,1.0,0.0,2016.0,ESPN BET,2.7,1.516,3.5,-3.5,1.909,1.962,48.5,,
401772946,2025-11-21,2025-11-21T01:15Z,2025,regular,12,False,HOU,BUF,23.0,19.0,15.0,56.0,261.0,4.7,12.0,153.0,108.0,26.0,4.2,5.1,16.0,30.0,2.0,12.0,1.0,1.0,2.0,4.0,0.0,5.0,40.0,0.0,0.0,0.0,1658.0,14.0,66.0,326.0,4.9,12.0,183.0,143.0,24.0,6.0,4.4,24.0,34.0,5.0,16.0,3.0,5.0,0.0,2.0,8.0,6.0,54.0,3.0,1.0,2.0,1942.0,ESPN BET,3.05,1.408,4.5,-4.5,1.952,1.917,44.5,,
401772779,2025-11-23,2025-11-23T18:00Z,2025,regular,12,False,KC,IND,23.0,20.0,33.0,91.0,494.0,5.4,11.0,346.0,148.0,41.0,3.6,6.9,29.0,46.0,7.0,16.0,2.0,2.0,1.0,6.0,4.0,7.0,57.0,2.0,1.0,1.0,2555.0,10.0,50.0,255.0,5.1,11.0,181.0,74.0,19.0,3.9,5.8,19.0,31.0,5.0,13.0,0.0,0.0,2.0,4.0,0.0,11.0,83.0,0.0,0.0,0.0,1528.0,ESPN BET,1.435,2.95,-4.5,4.5,1.971,1.901,49.5,,
401772780,2025-11-23,2025-11-23T18:00Z,2025,regular,12,False,CHI,PIT,31.0,28.0,19.0,61.0,328.0,5.4,12.0,229.0,99.0,25.0,4.0,6.4,19.0,35.0,7.0,13.0,1.0,1.0,3.0,3.0,1.0,7.0,83.0,2.0,2.0,0.0,1611.0,22.0,69.0,345.0,5.0,10.0,159.0,186.0,36.0,5.2,4.8,24.0,31.0,8.0,14.0,1.0,3.0,3.0,3.0,2.0,6.0,41.0,2.0,1.0,1.0,1989.0,ESPN BET,1.714,2.2,-2.5,2.5,1.87,1.952,47.5,,
401772781,2025-11-23,2025-11-23T18:00Z,2025,regular,12,False,CIN,NE,20.0,26.0,20.0,62.0,307.0,5.0,10.0,187.0,120.0,23.0,5.2,4.8,20.0,38.0,3.0,13.0,2.0,3.0,1.0,1.0,1.0,6.0,65.0,1.0,0.0,1.0,1606.0,21.0,67.0,392.0,5.9,10.0,285.0,107.0,31.0,3.5,7.9,22.0,35.0,5.0,13.0,0.0,1.0,0.0,2.0,1.0,4.0,52.0,1.0,0.0,1.0,1994.0,ESPN BET,4.0,1.25,7.5,-7.5,1.87,1.952,50.5,,
401772782,2025-11-23,2025-11-23T18:00Z,2025,regular,12,False,BAL,NYJ,23.0,10.0,16.0,58.0,241.0,4.2,11.0,143.0,98.0,34.0,2.9,6.0,13.0,23.0,2.0,11.0,2.0,2.0,2.0,5.0,1.0,5.0,30.0,0.0,0.0,0.0,1907.0,15.0,57.0,282.0,4.9,10.0,204.0,78.0,26.0,3.0,6.6,17.0,28.0,4.0,11.0,0.0,2.0,1.0,2.0,3.0,6.0,81.0,2.0,1.0,1.0,1693.0,ESPN BET,1.063,9.0,-14.5,14.5,1.952,1.87,44.5,,
401772783,2025-11-23,2025-11-23T21:05Z,2025,regular,12,False,ARI,JAX,24.0,27.0,25.0,76.0,326.0,4.3,12.0,271.0,55.0,20.0,2.8,4.8,34.0,50.0,5.0,16.0,1.0,3.0,1.0,3.0,6.0,7.0,53.0,0.0,0.0,0.0,2246.0,18.0,61.0,371.0,6.1,14.0,237.0,134.0,28.0,4.8,7.2,18.0,30.0,3.0,11.0,0.0,1.0,3.0,5.0,3.0,7.0,60.0,4.0,1.0,3.0,1713.0,ESPN BET,2.1,1.769,1.5,-1.5,1.952,1.87,46.5,,
401772784,2025-11-23,2025-11-23T21:05Z,2025,regular,12,False,LV,CLE,10.0,24.0,19.0,75.0,268.0,3.6,15.0,208.0,60.0,21.0,2.9,3.9,30.0,44.0,4.0,17.0,1.0,3.0,1.0,1.0,10.0,13.0,109.0,1.0,1.0,0.0,2186.0,11.0,48.0,270.0,5.6,15.0,206.0,64.0,27.0,2.4,9.8,11.0,20.0,3.0,12.0,0.0,0.0,2.0,3.0,1.0,8.0,77.0,2.0,1.0,1.0,1414.0,ESPN BET,1.606,2.4,-3.5,3.5,2.05,1.8,36.5,,
401772886,2025-11-23,2025-11-23T18:00Z,2025,regular,12,False,TEN,SEA,24.0,30.0,18.0,68.0,296.0,4.4,8.0,232.0,64.0,22.0,2.9,5.0,28.0,42.0,6.0,17.0,5.0,7.0,2.0,3.0,4.0,10.0,63.0,0.0,0.0,0.0,2245.0,19.0,47.0,353.0,7.5,10.0,239.0,114.0,20.0,5.7,8.9,16.0,26.0,2.0,7.0,0.0,1.0,2.0,4.0,1.0,11.0,69.0,0.0,0.0,0.0,1355.0,ESPN BET,5.25,1.154,11.5,-11.5,1.952,1.87,41.5,,
401772887,2025-11-23,2025-11-23T18:00Z,2025,regular,12,False,GB,MIN,23.0,6.0,22.0,65.0,288.0,4.4,11.0,142.0,146.0,42.0,3.5,6.2,15.0,22.0,7.0,14.0,0.0,0.0,2.0,4.0,1.0,2.0,10.0,0.0,0.0,0.0,2235.0,10.0,44.0,145.0,3.3,9.0,52.0,93.0,20.0,4.7,2.2,12.0,19.0,2.0,9.0,0.0,1.0,0.0,1.0,5.0,2.0,29.0,3.0,1.0,2.0,1365.0,ESPN BET,1.345,3.4,-6.5,6.5,1.952,1.87,41.5,,
401772888,2025-11-23,2025-11-23T18:00Z,2025,regular,12,False,DET,NYG,34.0,27.0,23.0,65.0,494.0,7.6,12.0,257.0,237.0,20.0,11.9,5.7,28.0,42.0,5.0,12.0,0.0,0.0,2.0,4.0,3.0,9.0,81.0,1.0,0.0,1.0,1710.0,25.0,77.0,517.0,6.7,12.0,395.0,122.0,39.0,3.1,10.4,19.0,37.0,8.0,16.0,1.0,3.0,1.0,3.0,1.0,7.0,59.0,1.0,0.0,1.0,2231.0,ESPN BET,1.071,8.5,-14.5,14.5,2.0,1.833,50.5,,
401772889,2025-11-23,2025-11-23T21:25Z,2025,regular,12,False,NO,ATL,10.0,24.0,21.0,78.0,293.0,3.8,10.0,214.0,79.0,28.0,2.8,4.3,30.0,45.0,5.0,16.0,2.0,5.0,0.0,3.0,5.0,4.0,36.0,2.0,1.0,1.0,1971.0,13.0,55.0,302.0,5.5,12.0,181.0,121.0,29.0,4.2,7.0,16.0,23.0,3.0,12.0,1.0,1.0,1.0,2.0,3.0,9.0,82.0,1.0,0.0,1.0,1629.0,ESPN BET,1.8,2.05,-1.5,1.5,1.909,1.909,40.5,,
401772890,2025-11-23,2025-11-23T21:25Z,2025,regular,12,False,DAL,PHI,24.0,21.0,25.0,68.0,473.0,7.0,12.0,348.0,125.0,31.0,4.0,9.4,23.0,36.0,5.0,12.0,0.0,2.0,3.0,5.0,1.0,8.0,69.0,2.0,1.0,1.0,1742.0,19.0,58.0,339.0,5.8,11.0,276.0,63.0,18.0,3.5,6.9,27.0,39.0,5.0,12.0,0.0,0.0,3.0,3.0,1.0,14.0,96.0,2.0,2.0,0.0,1858.0,ESPN BET,2.3,1.667,2.5,-2.5,1.99,1.885,48.5,,
401772929,2025-11-24,2025-11-24T01:20Z,2025,regular,12,False,LAR,TB,34.0,7.0,20.0,55.0,333.0,6.1,9.0,263.0,70.0,19.0,3.7,7.3,25.0,35.0,4.0,10.0,0.0,1.0,2.0,2.0,1.0,4.0,32.0,0.0,0.0,0.0,1692.0,14.0,67.0,193.0,2.9,11.0,70.0,123.0,29.0,4.2,1.8,17.0,34.0,7.0,17.0,1.0,5.0,1.0,3.0,4.0,2.0,10.0,2.0,0.0,2.0,1908.0,ESPN BET,1.278,3.9,-7.5,7.5,2.04,1.848,50.5,,
401772820,2025-11-25,2025-11-25T01:15Z,2025,regular,12,False,SF,CAR,20.0,9.0,23.0,70.0,340.0,4.9,10.0,193.0,147.0,38.0,3.9,6.0,23.0,32.0,7.0,13.0,2.0,2.0,2.0,3.0,0.0,2.0,6.0,3.0,0.0,3.0,2262.0,12.0,43.0,230.0,5.3,9.0,161.0,69.0,13.0,5.3,5.4,18.0,29.0,1.0,7.0,0.0,0.0,0.0,2.0,1.0,4.0,30.0,2.0,0.0,2.0,1338.0,ESPN BET,1.278,4.0,-7.5,7.5,1.98,1.893,49.5,,
401772694,2025-11-27,2025-11-27T21:30Z,2025,regular,13,False,DAL,KC,31.0,28.0,23.0,65.0,457.0,7.0,10.0,320.0,137.0,26.0,5.3,8.2,27.0,39.0,9.0,16.0,1.0,1.0,2.0,4.0,0.0,7.0,50.0,1.0,0.0,1.0,1854.0,19.0,60.0,362.0,6.0,9.0,243.0,119.0,23.0,5.2,6.6,23.0,34.0,5.0,13.0,3.0,3.0,3.0,3.0,3.0,10.0,119.0,0.0,0.0,0.0,1746.0,ESPN BET,2.6,1.544,3.5,-3.5,1.855,2.02,52.5,,
401772891,2025-11-27,2025-11-27T18:00Z,2025,regular,13,False,DET,GB,24.0,31.0,20.0,60.0,352.0,5.9,8.0,233.0,119.0,30.0,4.0,7.8,20.0,27.0,8.0,13.0,0.0,2.0,2.0,3.0,3.0,5.0,22.0,0.0,0.0,0.0,1866.0,18.0,60.0,359.0,6.0,9.0,234.0,125.0,30.0,4.2,7.8,18.0,30.0,6.0,12.0,3.0,3.0,2.0,2.0,0.0,3.0,20.0,0.0,0.0,0.0,1734.0,ESPN BET,1.602,2.44,-3.0,3.0,1.926,1.943,47.5,,
401772621,2025-11-28,2025-11-28T20:00Z,2025,regular,13,False,PHI,CHI,15.0,24.0,14.0,51.0,317.0,6.2,11.0,230.0,87.0,17.0,5.1,6.8,19.0,34.0,4.0,12.0,0.0,0.0,1.0,2.0,0.0,7.0,44.0,2.0,1.0,1.0,1242.0,28.0,85.0,425.0,5.0,12.0,144.0,281.0,47.0,6.0,3.8,17.0,36.0,10.0,17.0,1.0,3.0,2.0,3.0,2.0,4.0,35.0,1.0,0.0,1.0,2358.0,ESPN BET,1.282,3.95,-7.0,7.0,1.848,2.03,42.5,,
401772930,2025-11-28,2025-11-28T01:20Z,2025,regular,13,False,BAL,CIN,14.0,32.0,16.0,57.0,346.0,6.1,13.0,223.0,123.0,22.0,5.6,6.4,17.0,32.0,3.0,10.0,1.0,2.0,1.0,2.0,3.0,7.0,53.0,5.0,4.0,1.0,1274.0,22.0,80.0,382.0,4.8,12.0,254.0,128.0,33.0,3.9,5.4,24.0,46.0,8.0,19.0,1.0,2.0,1.0,6.0,1.0,6.0,35.0,1.0,1.0,0.0,2326.0,ESPN BET,1.25,4.25,-7.5,7.5,1.848,2.03,52.5,,
401772785,2025-11-30,2025-11-30T18:00Z,2025,regular,13,False,CLE,SF,8.0,26.0,15.0,60.0,253.0,4.2,9.0,115.0,138.0,31.0,4.5,4.0,17.0,26.0,3.0,11.0,0.0,4.0,0.0,0.0,3.0,4.0,25.0,2.0,2.0,0.0,1790.0,19.0,64.0,252.0,3.9,11.0,161.0,91.0,33.0,2.8,5.2,16.0,30.0,11.0,17.0,0.0,0.0,3.0,5.0,1.0,3.0,11.0,0.0,0.0,0.0,1810.0,ESPN BET,3.1,1.4,5.5,-5.5,1.909,1.909,35.5,,
401772786,2025-11-30,2025-11-30T18:00Z,2025,regular,13,False,TEN,JAX,3.0,25.0,11.0,55.0,188.0,3.4,11.0,121.0,67.0,14.0,4.8,3.0,24.0,38.0,2.0,12.0,1.0,4.0,0.0,1.0,3.0,10.0,86.0,2.0,2.0,0.0,1714.0,20.0,57.0,272.0,4.8,12.0,202.0,70.0,27.0,2.6,6.7,16.0,27.0,3.0,13.0,1.0,1.0,2.0,2.0,3.0,13.0,98.0,0.0,0.0,0.0,1886.0,ESPN BET,3.25,1.364,5.5,-5.5,1.952,1.87,42.5,,
401772787,2025-11-30,2025-11-30T18:00Z,2025,regular,13,False,IND,HOU,16.0,20.0,17.0,51.0,281.0,5.5,9.0,195.0,86.0,23.0,3.7,7.0,14.0,27.0,3.0,10.0,0.0,2.0,2.0,4.0,1.0,5.0,33.0,0.0,0.0,0.0,1502.0,24.0,71.0,364.0,5.1,10.0,256.0,108.0,34.0,3.2,6.9,22.0,35.0,6.0,13.0,0.0,2.0,2.0,5.0,2.0,9.0,85.0,1.0,0.0,1.0,2098.0,ESPN BET,1.588,2.45,-3.5,3.5,2.0,1.833,43.5,,
401772788,2025-11-30,2025-11-30T21:25Z,2025,regular,13,False,LAC,LV,31.0,14.0,22.0,67.0,341.0,5.1,10.0,149.0,192.0,43.0,4.5,6.2,16.0,21.0,12.0,17.0,0.0,1.0,3.0,5.0,3.0,4.0,27.0,1.0,0.0,1.0,2148.0,12.0,46.0,156.0,3.4,10.0,125.0,31.0,18.0,1.7,4.5,18.0,23.0,2.0,8.0,0.0,2.0,2.0,2.0,5.0,4.0,50.0,1.0,0.0,1.0,1452.0,ESPN BET,1.167,5.0,-9.5,9.5,1.909,1.909,40.5,,
401772789,2025-11-30,2025-11-30T21:25Z,2025,regular,13,False,PIT,BUF,7.0,26.0,10.0,43.0,166.0,3.9,10.0,108.0,58.0,18.0,3.2,4.3,10.0,24.0,3.0,9.0,0.0,1.0,1.0,2.0,1.0,5.0,67.0,2.0,1.0,1.0,1081.0,26.0,74.0,372.0,5.0,8.0,123.0,249.0,51.0,4.9,5.3,15.0,23.0,8.0,15.0,2.0,2.0,2.0,4.0,0.0,7.0,45.0,2.0,1.0,1.0,2519.0,ESPN BET,2.45,1.588,3.0,-3.0,1.909,1.909,44.5,,
401772892,2025-11-30,2025-11-30T18:00Z,2025,regular,13,False,MIA,NO,21.0,17.0,16.0,59.0,298.0,5.1,12.0,134.0,164.0,32.0,5.1,5.0,12.0,23.0,4.0,12.0,0.0,1.0,0.0,2.0,4.0,3.0,15.0,1.0,0.0,1.0,1808.0,20.0,69.0,294.0,4.3,12.0,213.0,81.0,27.0,3.0,5.1,26.0,38.0,4.0,12.0,0.0,1.0,2.0,2.0,4.0,6.0,45.0,2.0,1.0,1.0,1792.0,ESPN BET,1.385,3.15,-5.5,5.5,1.909,1.909,41.5,,
401772893,2025-11-30,2025-11-30T18:00Z,2025,regular,13,False,NYJ,ATL,27.0,24.0,16.0,63.0,269.0,4.3,13.0,159.0,110.0,28.0,3.9,4.5,19.0,33.0,7.0,16.0,1.0,1.0,2.0,3.0,2.0,9.0,59.0,0.0,0.0,0.0,1625.0,25.0,67.0,389.0,5.8,11.0,222.0,167.0,32.0,5.2,6.3,21.0,33.0,4.0,12.0,0.0,0.0,3.0,3.0,2.0,1.0,27.0,1.0,1.0,0.0,1975.0,ESPN BET,2.35,1.645,2.5,-2.5,2.05,1.8,38.5,,
401772894,2025-11-30,2025-11-30T18:00Z,2025,regular,13,False,CAR,LAR,31.0,28.0,17.0,62.0,358.0,5.8,8.0,194.0,164.0,40.0,4.1,8.8,15.0,20.0,7.0,15.0,3.0,3.0,0.0,1.0,2.0,7.0,70.0,0.0,0.0,0.0,2116.0,22.0,51.0,379.0,7.4,9.0,227.0,152.0,21.0,7.2,7.6,18.0,28.0,2.0,5.0,0.0,0.0,4.0,6.0,2.0,1.0,5.0,3.0,1.0,2.0,1484.0,ESPN BET,5.0,1.167,9.5,-9.5,2.0,1.833,44.5,,
401772895,2025-11-30,2025-11-30T18:00Z,2025,regular,13,False,TB,ARI,20.0,17.0,13.0,57.0,279.0,4.9,10.0,184.0,95.0,27.0,3.5,6.1,18.0,28.0,7.0,16.0,1.0,1.0,2.0,4.0,2.0,5.0,40.0,0.0,0.0,0.0,1826.0,22.0,61.0,386.0,6.3,10.0,291.0,95.0,19.0,5.0,6.9,29.0,40.0,3.0,8.0,0.0,2.0,2.0,2.0,2.0,4.0,33.0,2.0,1.0,1.0,1774.0,ESPN BET,1.476,2.75,-4.5,4.5,1.952,1.87,45.5,,
401772896,2025-11-30,2025-11-30T21:05Z,2025,regular,13,False,SEA,MIN,26.0,0.0,17.0,62.0,219.0,3.5,10.0,94.0,125.0,32.0,3.9,3.1,14.0,26.0,6.0,15.0,1.0,1.0,1.0,2.0,4.0,4.0,25.0,2.0,2.0,0.0,2061.0,11.0,50.0,162.0,3.2,13.0,96.0,66.0,16.0,4.1,2.8,19.0,30.0,2.0,10.0,0.0,2.0,0.0,1.0,4.0,10.0,80.0,5.0,1.0,4.0,1539.0,ESPN BET,1.083,8.0,-12.5,12.5,1.87,1.952,42.5,,
401772931,2025-12-01,2025-12-01T01:20Z,2025,regular,13,False,WSH,DEN,26.0,27.0,30.0,85.0,419.0,4.9,11.0,276.0,143.0,33.0,4.3,5.3,28.0,50.0,8.0,17.0,3.0,3.0,3.0,5.0,2.0,5.0,35.0,1.0,0.0,1.0,2100.0,23.0,69.0,402.0,5.8,10.0,315.0,87.0,23.0,3.8,6.8,29.0,45.0,7.0,15.0,1.0,1.0,3.0,5.0,1.0,5.0,33.0,1.0,0.0,1.0,1933.0,ESPN BET,3.3,1.37,6.5,-6.5,1.877,2.0,43.5,,
401772821,2025-12-02,2025-12-02T01:15Z,2025,regular,13,False,NE,NYG,33.0,15.0,21.0,63.0,395.0,6.3,10.0,276.0,119.0,29.0,4.1,8.1,24.0,31.0,6.0,13.0,1.0,1.0,1.0,5.0,3.0,3.0,30.0,0.0,0.0,0.0,2006.0,14.0,53.0,239.0,4.5,10.0,128.0,111.0,27.0,4.1,4.9,17.0,24.0,4.0,11.0,0.0,3.0,0.0,0.0,2.0,4.0,30.0,1.0,1.0,0.0,1594.0,DraftKings,1.27,3.85,-7.0,7.0,1.86,1.95,46.5,,
401772947,2025-12-05,2025-12-05T01:15Z,2025,regular,14,False,DET,DAL,44.0,30.0,20.0,57.0,408.0,7.2,12.0,299.0,109.0,22.0,5.0,8.5,25.0,34.0,3.0,8.0,0.0,0.0,4.0,5.0,1.0,8.0,50.0,0.0,0.0,0.0,1717.0,25.0,76.0,417.0,5.5,11.0,326.0,91.0,24.0,3.8,6.3,31.0,47.0,6.0,15.0,2.0,2.0,1.0,3.0,5.0,7.0,76.0,3.0,1.0,2.0,1883.0,DraftKings,1.54,2.54,-3.5,3.5,1.9,1.9,55.5,,
401772790,2025-12-07,2025-12-07T18:00Z,2025,regular,14,False,NYJ,MIA,10.0,34.0,12.0,57.0,207.0,3.6,12.0,142.0,65.0,17.0,3.8,3.6,15.0,34.0,1.0,12.0,1.0,2.0,0.0,3.0,6.0,6.0,50.0,3.0,0.0,3.0,1433.0,23.0,63.0,358.0,5.7,13.0,119.0,239.0,41.0,5.8,5.4,13.0,21.0,2.0,10.0,0.0,0.0,4.0,4.0,1.0,5.0,54.0,0.0,0.0,0.0,2167.0,DraftKings,2.24,1.67,2.5,-2.5,1.95,1.86,41.5,,
401772791,2025-12-07,2025-12-07T18:00Z,2025,regular,14,False,BAL,PIT,22.0,27.0,22.0,77.0,420.0,5.5,10.0,203.0,217.0,40.0,5.4,5.5,19.0,35.0,7.0,18.0,3.0,4.0,2.0,6.0,2.0,5.0,39.0,1.0,0.0,1.0,2024.0,13.0,51.0,318.0,6.2,10.0,284.0,34.0,17.0,2.0,8.4,23.0,34.0,6.0,14.0,1.0,1.0,2.0,4.0,0.0,7.0,33.0,0.0,0.0,0.0,1576.0,DraftKings,1.35,3.25,-5.5,5.5,1.83,2.0,43.5,,
401772792,2025-12-07,2025-12-07T18:00Z,2025,regular,14,False,TB,NO,20.0,24.0,19.0,69.0,301.0,4.4,11.0,122.0,179.0,39.0,4.6,4.1,14.0,30.0,3.0,13.0,2.0,7.0,1.0,2.0,0.0,7.0,49.0,1.0,0.0,1.0,1932.0,16.0,55.0,260.0,4.7,11.0,121.0,139.0,32.0,4.3,5.3,13.0,20.0,5.0,11.0,0.0,1.0,2.0,3.0,3.0,10.0,82.0,1.0,0.0,1.0,1668.0,DraftKings,1.23,4.3,-7.5,7.5,1.84,1.98,41.5,,
401772793,2025-12-07,2025-12-07T18:00Z,2025,regular,14,False,JAX,IND,36.0,19.0,18.0,63.0,350.0,5.6,12.0,247.0,103.0,32.0,3.2,8.0,18.0,31.0,7.0,15.0,1.0,2.0,3.0,5.0,0.0,8.0,64.0,1.0,1.0,0.0,1805.0,20.0,63.0,285.0,4.5,12.0,196.0,89.0,26.0,3.4,5.3,23.0,36.0,6.0,11.0,0.0,1.0,2.0,4.0,1.0,5.0,45.0,3.0,1.0,2.0,1795.0,DraftKings,2.14,1.74,2.5,-2.5,1.92,1.89,44.5,,
401772794,2025-12-07,2025-12-07T21:05Z,2025,regular,14,False,LV,DEN,17.0,24.0,16.0,48.0,229.0,4.8,8.0,189.0,40.0,12.0,3.3,5.3,21.0,32.0,3.0,9.0,1.0,3.0,1.0,2.0,4.0,3.0,25.0,0.0,0.0,0.0,1257.0,27.0,72.0,356.0,4.9,7.0,204.0,152.0,31.0,4.9,5.0,31.0,38.0,7.0,12.0,1.0,3.0,2.0,3.0,3.0,8.0,50.0,0.0,0.0,0.0,2343.0,DraftKings,4.6,1.21,8.5,-8.5,1.9,1.9,40.5,,
401772897,2025-12-07,2025-12-07T21:25Z,2025,regular,14,False,GB,CHI,28.0,21.0,17.0,52.0,337.0,6.5,9.0,220.0,117.0,26.0,4.5,8.5,17.0,25.0,8.0,12.0,0.0,0.0,1.0,1.0,1.0,6.0,55.0,1.0,0.0,1.0,1591.0,21.0,68.0,315.0,4.6,9.0,177.0,138.0,32.0,4.3,4.9,19.0,35.0,8.0,16.0,1.0,2.0,2.0,4.0,1.0,4.0,17.0,1.0,0.0,1.0,2009.0,DraftKings,1.32,3.45,-6.5,6.5,1.86,1.95,44.5,,
401772898,2025-12-07,2025-12-07T18:00Z,2025,regular,14,False,CLE,TEN,29.0,31.0,22.0,64.0,412.0,6.4,15.0,351.0,61.0,20.0,3.1,8.0,23.0,42.0,6.0,14.0,0.0,0.0,3.0,3.0,2.0,7.0,50.0,2.0,1.0,1.0,1684.0,13.0,64.0,292.0,4.6,15.0,108.0,184.0,35.0,5.3,3.7,14.0,28.0,6.0,17.0,0.0,0.0,2.0,2.0,1.0,11.0,85.0,1.0,0.0,1.0,1916.0,DraftKings,1.48,2.7,-4.5,4.5,2.0,1.83,33.5,,
401772899,2025-12-07,2025-12-07T18:00Z,2025,regular,14,False,MIN,WSH,31.0,0.0,25.0,61.0,313.0,5.1,8.0,151.0,162.0,34.0,4.8,5.6,16.0,23.0,6.0,11.0,2.0,2.0,4.0,4.0,4.0,3.0,24.0,0.0,0.0,0.0,2092.0,12.0,49.0,206.0,4.2,7.0,99.0,107.0,23.0,4.7,3.8,11.0,24.0,3.0,10.0,1.0,3.0,0.0,2.0,2.0,4.0,34.0,3.0,1.0,2.0,1508.0,DraftKings,1.86,1.95,-1.5,1.5,1.98,1.84,43.5,,
401772900,2025-12-07,2025-12-07T18:00Z,2025,regular,14,False,ATL,SEA,9.0,37.0,15.0,62.0,274.0,4.4,11.0,154.0,120.0,31.0,3.9,5.0,15.0,30.0,1.0,13.0,1.0,2.0,0.0,4.0,1.0,8.0,56.0,3.0,1.0,2.0,1720.0,20.0,58.0,365.0,6.3,11.0,236.0,129.0,26.0,5.0,7.4,20.0,30.0,6.0,13.0,0.0,0.0,2.0,4.0,2.0,6.0,60.0,1.0,0.0,1.0,1880.0,DraftKings,3.85,1.27,7.0,-7.0,1.83,2.0,44.5,,
401772901,2025-12-07,2025-12-07T21:25Z,2025,regular,14,False,ARI,LAR,17.0,45.0,17.0,61.0,314.0,5.1,11.0,263.0,51.0,14.0,3.6,5.6,25.0,44.0,4.0,12.0,0.0,1.0,2.0,4.0,3.0,7.0,42.0,1.0,0.0,1.0,1496.0,30.0,67.0,530.0,7.9,11.0,281.0,249.0,36.0,6.9,9.1,22.0,31.0,3.0,8.0,0.0,0.0,3.0,4.0,0.0,5.0,30.0,0.0,0.0,0.0,2104.0,DraftKings,4.7,1.2,9.5,-9.5,1.9,1.9,49.5,,
401772902,2025-12-07,2025-12-07T18:00Z,2025,regular,14,False,BUF,CIN,39.0,34.0,22.0,60.0,416.0,6.9,9.0,233.0,183.0,29.0,6.3,7.5,22.0,28.0,6.0,11.0,3.0,4.0,3.0,5.0,3.0,6.0,68.0,1.0,1.0,0.0,1908.0,25.0,56.0,338.0,6.0,9.0,276.0,62.0,19.0,3.3,7.5,25.0,36.0,10.0,12.0,0.0,0.0,3.0,3.0,1.0,4.0,30.0,2.0,0.0,2.0,1692.0,DraftKings,1.35,3.3,-6.0,6.0,1.89,1.92,54.5,,
401772932,2025-12-08,2025-12-08T01:20Z,2025,regular,14,False,KC,HOU,10.0,20.0,15.0,64.0,274.0,4.3,13.0,148.0,126.0,29.0,4.3,4.2,14.0,33.0,4.0,14.0,1.0,3.0,1.0,2.0,2.0,5.0,20.0,3.0,0.0,3.0,1682.0,14.0,65.0,268.0,4.1,13.0,186.0,82.0,31.0,2.6,5.5,15.0,31.0,8.0,18.0,0.0,0.0,2.0,4.0,3.0,8.0,59.0,0.0,0.0,0.0,1918.0,DraftKings,1.45,2.8,-4.5,4.5,1.95,1.86,41.5,,
401772822,2025-12-09,2025-12-09T01:15Z,2025,regular,14,False,LAC,PHI,22.0,19.0,16.0,71.0,275.0,3.9,13.0,106.0,169.0,38.0,4.4,3.2,12.0,26.0,7.0,19.0,0.0,0.0,1.0,3.0,7.0,7.0,55.0,3.0,2.0,1.0,2285.0,19.0,66.0,365.0,5.5,14.0,231.0,134.0,25.0,5.4,5.6,21.0,40.0,4.0,13.0,0.0,0.0,0.0,2.0,1.0,6.0,53.0,5.0,1.0,4.0,1766.0,DraftKings,2.0,1.83,1.5,-1.5,1.86,1.95,41.5,,
401772948,2025-12-12,2025-12-12T01:15Z,2025,regular,15,False,TB,ATL,28.0,29.0,28.0,61.0,338.0,5.5,10.0,250.0,88.0,22.0,4.0,6.4,19.0,34.0,4.0,9.0,0.0,0.0,3.0,3.0,5.0,4.0,25.0,1.0,0.0,1.0,1689.0,27.0,66.0,476.0,7.2,10.0,365.0,111.0,21.0,5.3,8.1,30.0,44.0,5.0,11.0,1.0,1.0,4.0,4.0,1.0,19.0,125.0,1.0,1.0,0.0,1911.0,DraftKings,1.35,3.3,-6.0,6.0,1.89,1.92,43.5,,
401772795,2025-12-14,2025-12-14T18:00Z,2025,regular,15,False,NE,BUF,31.0,35.0,19.0,51.0,385.0,7.5,10.0,139.0,246.0,25.0,9.8,5.3,14.0,23.0,5.0,10.0,0.0,1.0,2.0,3.0,3.0,7.0,65.0,1.0,0.0,1.0,1479.0,22.0,67.0,349.0,5.2,10.0,181.0,168.0,37.0,4.5,6.0,19.0,28.0,8.0,14.0,1.0,1.0,5.0,6.0,2.0,2.0,15.0,0.0,0.0,0.0,2121.0,DraftKings,2.2,1.7,2.5,-2.5,1.9,1.9,49.5,,
401772796,2025-12-14,2025-12-14T18:00Z,2025,regular,15,False,CIN,BAL,0.0,24.0,18.0,71.0,298.0,4.2,9.0,198.0,100.0,29.0,3.4,4.7,25.0,39.0,3.0,15.0,3.0,5.0,0.0,1.0,3.0,4.0,30.0,2.0,0.0,2.0,2359.0,15.0,40.0,317.0,7.9,8.0,128.0,189.0,24.0,7.9,8.0,8.0,12.0,2.0,7.0,0.0,0.0,0.0,1.0,4.0,2.0,10.0,1.0,0.0,1.0,1241.0,DraftKings,2.36,1.61,2.5,-2.5,2.05,1.8,51.5,,
401772797,2025-12-14,2025-12-14T18:00Z,2025,regular,15,False,JAX,NYJ,48.0,20.0,24.0,59.0,438.0,7.4,12.0,330.0,108.0,27.0,4.0,10.3,20.0,32.0,4.0,9.0,0.0,0.0,4.0,6.0,0.0,5.0,60.0,1.0,1.0,0.0,1613.0,19.0,68.0,284.0,4.2,12.0,154.0,130.0,32.0,4.1,4.3,22.0,33.0,8.0,15.0,1.0,3.0,1.0,2.0,3.0,6.0,44.0,3.0,0.0,3.0,1987.0,DraftKings,1.1,7.5,-13.5,13.5,1.86,1.95,40.5,,
401772798,2025-12-14,2025-12-14T18:00Z,2025,regular,15,False,KC,LAC,13.0,16.0,17.0,59.0,239.0,4.1,10.0,190.0,49.0,21.0,2.3,5.0,19.0,33.0,6.0,13.0,0.0,0.0,1.0,3.0,5.0,9.0,64.0,2.0,0.0,2.0,1518.0,18.0,62.0,295.0,4.8,10.0,201.0,94.0,29.0,3.2,6.1,19.0,29.0,5.0,14.0,0.0,0.0,1.0,2.0,4.0,5.0,50.0,1.0,0.0,1.0,2082.0,DraftKings,1.38,3.1,-5.5,5.5,1.83,2.0,41.5,,
401772799,2025-12-14,2025-12-14T21:25Z,2025,regular,15,False,SEA,IND,18.0,16.0,15.0,59.0,314.0,5.3,11.0,264.0,50.0,22.0,2.3,7.1,22.0,36.0,2.0,13.0,1.0,1.0,0.0,2.0,1.0,5.0,34.0,0.0,0.0,0.0,1735.0,14.0,58.0,220.0,3.8,10.0,118.0,102.0,30.0,3.2,4.2,18.0,27.0,5.0,13.0,0.0,0.0,1.0,1.0,1.0,3.0,14.0,1.0,0.0,1.0,1865.0,DraftKings,1.1,7.25,-12.5,12.5,1.84,1.98,41.5,,
401772800,2025-12-14,2025-12-14T21:25Z,2025,regular,15,False,DEN,GB,34.0,26.0,21.0,65.0,391.0,6.0,12.0,302.0,89.0,31.0,2.9,8.9,23.0,34.0,4.0,11.0,2.0,4.0,4.0,4.0,0.0,6.0,60.0,1.0,1.0,0.0,1832.0,19.0,63.0,362.0,5.7,11.0,247.0,115.0,20.0,5.8,5.7,24.0,40.0,6.0,13.0,1.0,3.0,1.0,4.0,3.0,10.0,72.0,2.0,0.0,2.0,1768.0,DraftKings,2.02,1.81,1.5,-1.5,1.92,1.89,42.5,,
401772903,2025-12-14,2025-12-14T18:00Z,2025,regular,15,False,HOU,ARI,40.0,20.0,23.0,63.0,399.0,6.3,11.0,256.0,143.0,33.0,4.3,8.5,22.0,29.0,7.0,13.0,0.0,0.0,3.0,6.0,1.0,5.0,40.0,0.0,0.0,0.0,1938.0,22.0,63.0,307.0,4.9,10.0,235.0,72.0,21.0,3.4,5.6,27.0,40.0,5.0,12.0,1.0,3.0,2.0,3.0,2.0,2.0,34.0,2.0,1.0,1.0,1662.0,DraftKings,1.16,5.55,-10.5,10.5,1.9,1.9,42.5,,
401772904,2025-12-14,2025-12-14T18:00Z,2025,regular,15,False,CHI,CLE,31.0,3.0,21.0,64.0,361.0,5.6,13.0,219.0,142.0,33.0,4.3,7.1,17.0,28.0,5.0,13.0,1.0,2.0,3.0,4.0,3.0,4.0,25.0,0.0,0.0,0.0,1972.0,9.0,56.0,192.0,3.4,12.0,142.0,50.0,16.0,3.1,3.6,18.0,35.0,4.0,14.0,0.0,1.0,0.0,1.0,5.0,6.0,21.0,3.0,0.0,3.0,1628.0,DraftKings,1.26,3.95,-7.5,7.5,1.92,1.89,38.5,,
401772905,2025-12-14,2025-12-14T18:00Z,2025,regular,15,False,NYG,WSH,21.0,29.0,22.0,67.0,384.0,5.7,12.0,238.0,146.0,29.0,5.0,6.3,20.0,37.0,2.0,12.0,2.0,4.0,3.0,4.0,1.0,6.0,62.0,1.0,0.0,1.0,1752.0,19.0,58.0,340.0,5.9,12.0,195.0,145.0,37.0,3.9,9.3,10.0,19.0,3.0,11.0,0.0,0.0,1.0,1.0,2.0,11.0,67.0,2.0,2.0,0.0,1848.0,DraftKings,1.64,2.3,-3.0,3.0,1.95,1.86,45.5,,
401772906,2025-12-14,2025-12-14T18:00Z,2025,regular,15,False,PHI,LV,31.0,0.0,27.0,66.0,387.0,5.9,8.0,204.0,183.0,47.0,3.9,10.7,15.0,18.0,10.0,13.0,0.0,1.0,3.0,5.0,1.0,3.0,35.0,0.0,0.0,0.0,2365.0,7.0,42.0,75.0,1.8,8.0,29.0,46.0,13.0,3.5,1.0,15.0,25.0,3.0,12.0,0.0,1.0,0.0,0.0,4.0,3.0,39.0,1.0,0.0,1.0,1235.0,DraftKings,1.1,7.25,-12.5,12.5,1.89,1.92,36.5,,
401772907,2025-12-14,2025-12-14T21:25Z,2025,regular,15,False,SF,TEN,37.0,24.0,28.0,70.0,430.0,6.1,8.0,292.0,138.0,38.0,3.6,9.1,23.0,30.0,9.0,15.0,1.0,1.0,4.0,6.0,2.0,6.0,30.0,1.0,1.0,0.0,2225.0,18.0,49.0,306.0,6.2,9.0,170.0,136.0,20.0,6.8,5.9,18.0,29.0,3.0,9.0,2.0,2.0,2.0,3.0,0.0,7.0,57.0,0.0,0.0,0.0,1375.0,DraftKings,1.1,7.25,-12.5,12.5,1.89,1.92,44.5,,
401772908,2025-12-14,2025-12-14T21:25Z,2025,regular,15,False,NO,CAR,20.0,17.0,27.0,63.0,337.0,5.3,8.0,256.0,81.0,25.0,3.2,6.7,24.0,33.0,6.0,11.0,1.0,2.0,2.0,3.0,5.0,9.0,78.0,0.0,0.0,0.0,1904.0,15.0,56.0,281.0,5.0,8.0,154.0,127.0,31.0,4.1,6.2,15.0,24.0,7.0,14.0,2.0,3.0,1.0,1.0,1.0,11.0,103.0,1.0,1.0,0.0,1696.0,DraftKings,2.24,1.67,2.5,-2.5,1.95,1.86,41.5,,
401772909,2025-12-14,2025-12-14T21:25Z,2025,regular,15,False,LAR,DET,41.0,34.0,30.0,69.0,519.0,7.5,11.0,360.0,159.0,29.0,5.5,9.0,24.0,38.0,2.0,9.0,3.0,3.0,4.0,6.0,2.0,2.0,8.0,1.0,0.0,1.0,2015.0,21.0,62.0,396.0,6.4,11.0,326.0,70.0,20.0,3.5,7.8,25.0,41.0,5.0,14.0,2.0,2.0,3.0,4.0,1.0,4.0,25.0,0.0,0.0,0.0,1585.0,DraftKings,1.4,3.0,-5.5,5.5,1.86,1.95,54.5,,
401772933,2025-12-15,2025-12-15T01:20Z,2025,regular,15,False,DAL,MIN,26.0,34.0,25.0,69.0,423.0,6.1,10.0,285.0,138.0,29.0,4.8,7.1,23.0,38.0,2.0,12.0,3.0,4.0,2.0,5.0,2.0,7.0,58.0,0.0,0.0,0.0,1956.0,21.0,52.0,327.0,6.3,11.0,250.0,77.0,28.0,2.8,10.4,15.0,24.0,2.0,9.0,3.0,3.0,3.0,4.0,0.0,3.0,17.0,1.0,0.0,1.0,1644.0,DraftKings,1.37,3.15,-5.5,5.5,1.9,1.9,47.5,,
401772823,2025-12-16,2025-12-16T01:15Z,2025,regular,15,False,PIT,MIA,28.0,15.0,22.0,62.0,336.0,5.4,9.0,201.0,135.0,32.0,4.2,6.7,23.0,27.0,4.0,13.0,3.0,3.0,3.0,3.0,3.0,4.0,25.0,0.0,0.0,0.0,2013.0,16.0,48.0,285.0,5.9,10.0,222.0,63.0,16.0,3.9,6.9,22.0,28.0,2.0,8.0,1.0,1.0,2.0,2.0,4.0,6.0,31.0,1.0,0.0,1.0,1587.0,DraftKings,1.54,2.54,-3.0,3.0,1.83,2.0,43.5,,
401772949,2025-12-19,2025-12-19T01:15Z,2025,regular,16,False,SEA,LAR,38.0,37.0,22.0,63.0,415.0,6.6,13.0,244.0,171.0,25.0,6.8,6.4,22.0,34.0,4.0,11.0,0.0,0.0,2.0,3.0,4.0,5.0,40.0,3.0,1.0,2.0,1574.0,26.0,88.0,581.0,6.6,14.0,457.0,124.0,39.0,3.2,9.3,29.0,49.0,8.0,20.0,2.0,3.0,3.0,6.0,0.0,8.0,54.0,0.0,0.0,0.0,2433.0,DraftKings,1.76,2.1,-1.5,1.5,1.89,1.92,42.5,,
401772612,2025-12-20,2025-12-20T22:00Z,2025,regular,16,False,WSH,PHI,18.0,29.0,15.0,51.0,220.0,4.3,10.0,130.0,90.0,26.0,3.5,5.2,12.0,23.0,2.0,10.0,1.0,1.0,2.0,3.0,2.0,5.0,44.0,1.0,0.0,1.0,1553.0,26.0,66.0,385.0,5.8,10.0,178.0,207.0,34.0,6.1,5.6,22.0,30.0,4.0,9.0,0.0,0.0,3.0,3.0,2.0,5.0,61.0,1.0,1.0,0.0,2047.0,DraftKings,4.0,1.26,7.0,-7.0,2.0,1.83,43.5,,
401772613,2025-12-21,2025-12-21T01:20Z,2025,regular,16,False,CHI,GB,22.0,16.0,20.0,60.0,400.0,6.7,9.0,250.0,150.0,26.0,5.8,7.4,19.0,34.0,2.0,11.0,2.0,3.0,1.0,2.0,0.0,10.0,105.0,0.0,0.0,0.0,1573.0,24.0,70.0,384.0,5.5,9.0,192.0,192.0,44.0,4.4,7.4,17.0,24.0,6.0,12.0,1.0,3.0,0.0,5.0,2.0,4.0,40.0,1.0,1.0,0.0,2337.0,DraftKings,1.84,1.98,-1.5,1.5,1.95,1.86,44.5,,
401772801,2025-12-21,2025-12-21T18:00Z,2025,regular,16,False,NO,NYJ,29.0,6.0,23.0,78.0,412.0,5.3,11.0,328.0,84.0,25.0,3.4,6.2,33.0,50.0,8.0,17.0,1.0,2.0,0.0,3.0,3.0,3.0,30.0,1.0,1.0,0.0,1878.0,12.0,63.0,195.0,3.1,11.0,131.0,64.0,20.0,3.2,3.0,22.0,35.0,2.0,15.0,2.0,4.0,0.0,2.0,8.0,7.0,54.0,2.0,1.0,1.0,1722.0,DraftKings,1.3,3.6,-7.0,7.0,1.92,1.89,39.5,,
401772802,2025-12-21,2025-12-21T18:00Z,2025,regular,16,False,CLE,BUF,20.0,23.0,22.0,64.0,294.0,4.6,10.0,134.0,160.0,31.0,5.2,4.1,20.0,30.0,8.0,14.0,0.0,1.0,2.0,4.0,3.0,5.0,44.0,2.0,0.0,2.0,2123.0,16.0,50.0,259.0,5.2,10.0,95.0,164.0,29.0,5.7,4.5,12.0,19.0,2.0,8.0,0.0,2.0,2.0,3.0,2.0,5.0,35.0,0.0,0.0,0.0,1477.0,DraftKings,5.4,1.16,10.5,-10.5,1.9,1.9,41.5,,
401772803,2025-12-21,2025-12-21T18:00Z,2025,regular,16,False,TEN,KC,26.0,9.0,22.0,70.0,376.0,5.4,11.0,212.0,164.0,40.0,4.1,7.1,21.0,28.0,9.0,17.0,0.0,2.0,3.0,4.0,2.0,12.0,82.0,0.0,0.0,0.0,2281.0,9.0,43.0,133.0,3.1,10.0,82.0,51.0,15.0,3.4,2.9,14.0,24.0,1.0,9.0,0.0,0.0,0.0,1.0,4.0,10.0,59.0,0.0,0.0,0.0,1319.0,DraftKings,2.54,1.54,3.5,-3.5,1.86,1.95,37.5,,
401772805,2025-12-21,2025-12-21T21:25Z,2025,regular,16,False,HOU,LV,23.0,21.0,16.0,61.0,270.0,4.4,11.0,187.0,83.0,26.0,3.2,5.3,23.0,35.0,7.0,15.0,0.0,0.0,1.0,2.0,0.0,4.0,29.0,0.0,0.0,0.0,1906.0,12.0,53.0,315.0,5.9,11.0,170.0,145.0,27.0,5.4,6.5,16.0,23.0,6.0,14.0,0.0,0.0,1.0,1.0,3.0,9.0,85.0,1.0,0.0,1.0,1694.0,DraftKings,1.06,9.5,-14.5,14.5,1.98,1.84,39.5,,
401772806,2025-12-21,2025-12-21T21:25Z,2025,regular,16,False,DET,PIT,24.0,29.0,23.0,69.0,361.0,5.2,11.0,346.0,15.0,12.0,1.3,6.1,34.0,54.0,6.0,15.0,1.0,2.0,1.0,4.0,3.0,7.0,40.0,0.0,0.0,0.0,1554.0,23.0,70.0,481.0,6.9,10.0,251.0,230.0,27.0,8.5,5.8,27.0,41.0,8.0,16.0,2.0,2.0,0.0,3.0,2.0,8.0,89.0,1.0,1.0,0.0,2046.0,DraftKings,1.23,4.3,-7.5,7.5,1.86,1.95,52.5,,
401772910,2025-12-21,2025-12-21T18:00Z,2025,regular,16,False,DAL,LAC,17.0,34.0,18.0,56.0,340.0,6.1,9.0,249.0,91.0,23.0,4.0,7.5,23.0,32.0,4.0,9.0,1.0,3.0,1.0,3.0,1.0,5.0,40.0,1.0,1.0,0.0,1533.0,24.0,62.0,452.0,7.3,8.0,300.0,152.0,33.0,4.6,10.3,23.0,29.0,7.0,11.0,0.0,1.0,2.0,4.0,0.0,4.0,34.0,0.0,0.0,0.0,2067.0,DraftKings,1.84,1.98,-1.5,1.5,1.95,1.86,50.5,,
401772911,2025-12-21,2025-12-21T18:00Z,2025,regular,16,False,NYG,MIN,13.0,16.0,12.0,48.0,141.0,2.9,7.0,13.0,128.0,30.0,4.3,0.7,7.0,13.0,2.0,10.0,1.0,3.0,0.0,3.0,5.0,11.0,74.0,1.0,0.0,1.0,1739.0,17.0,58.0,240.0,4.1,9.0,126.0,114.0,31.0,3.7,4.7,16.0,23.0,7.0,12.0,1.0,1.0,1.0,3.0,4.0,11.0,90.0,2.0,1.0,1.0,1861.0,DraftKings,2.24,1.67,2.5,-2.5,1.98,1.84,41.5,,
401772912,2025-12-21,2025-12-21T18:00Z,2025,regular,16,False,CAR,TB,23.0,20.0,16.0,54.0,275.0,5.1,9.0,174.0,101.0,20.0,5.1,5.1,21.0,32.0,6.0,12.0,0.0,0.0,1.0,2.0,2.0,5.0,30.0,0.0,0.0,0.0,1524.0,20.0,61.0,296.0,4.9,9.0,127.0,169.0,33.0,5.1,4.5,18.0,26.0,8.0,14.0,0.0,0.0,2.0,3.0,2.0,8.0,56.0,1.0,0.0,1.0,2076.0,DraftKings,2.3,1.64,3.0,-3.0,1.86,1.95,44.5,,
401772913,2025-12-21,2025-12-21T21:05Z,2025,regular,16,False,DEN,JAX,20.0,34.0,21.0,65.0,445.0,6.8,12.0,344.0,101.0,17.0,5.9,7.2,28.0,47.0,5.0,14.0,1.0,3.0,1.0,2.0,1.0,6.0,61.0,2.0,1.0,1.0,1607.0,22.0,68.0,346.0,5.1,12.0,265.0,81.0,27.0,3.0,6.5,23.0,36.0,8.0,15.0,0.0,0.0,4.0,5.0,5.0,2.0,20.0,0.0,0.0,0.0,1993.0,DraftKings,1.57,2.45,-3.5,3.5,2.0,1.83,46.5,,
401772914,2025-12-21,2025-12-21T21:05Z,2025,regular,16,False,ARI,ATL,19.0,26.0,16.0,56.0,320.0,5.7,9.0,188.0,132.0,23.0,5.7,5.7,16.0,31.0,7.0,13.0,0.0,0.0,0.0,2.0,2.0,5.0,14.0,1.0,0.0,1.0,1466.0,24.0,73.0,342.0,4.7,9.0,190.0,152.0,37.0,4.1,5.3,21.0,35.0,7.0,14.0,2.0,5.0,3.0,3.0,1.0,4.0,20.0,2.0,1.0,1.0,2134.0,DraftKings,2.2,1.7,2.5,-2.5,1.92,1.89,48.5,,
401772934,2025-12-21,2025-12-21T18:00Z,2025,regular,16,False,MIA,CIN,21.0,45.0,19.0,58.0,389.0,6.7,12.0,260.0,129.0,28.0,4.6,8.7,20.0,30.0,2.0,10.0,1.0,2.0,2.0,2.0,0.0,3.0,20.0,3.0,1.0,2.0,1708.0,23.0,61.0,407.0,6.7,12.0,302.0,105.0,26.0,4.0,8.6,26.0,33.0,6.0,12.0,1.0,1.0,6.0,6.0,2.0,2.0,10.0,0.0,0.0,0.0,1892.0,DraftKings,2.7,1.48,3.5,-3.5,1.95,1.86,48.5,,
401772804,2025-12-22,2025-12-22T01:20Z,2025,regular,16,False,BAL,NE,24.0,28.0,18.0,54.0,330.0,6.1,10.0,159.0,171.0,33.0,5.2,7.6,16.0,20.0,7.0,11.0,0.0,0.0,2.0,3.0,1.0,7.0,28.0,2.0,2.0,0.0,1691.0,24.0,71.0,453.0,6.4,10.0,374.0,79.0,23.0,3.4,7.8,31.0,44.0,4.0,12.0,2.0,3.0,1.0,3.0,4.0,5.0,50.0,2.0,1.0,1.0,1909.0,DraftKings,1.48,2.7,-3.5,3.5,1.84,1.98,47.5,,
401772824,2025-12-23,2025-12-23T01:15Z,2025,regular,16,False,IND,SF,27.0,48.0,19.0,58.0,312.0,5.4,10.0,254.0,58.0,20.0,2.9,6.7,23.0,36.0,5.0,10.0,0.0,1.0,2.0,2.0,2.0,6.0,45.0,2.0,1.0,1.0,1615.0,28.0,66.0,440.0,6.7,10.0,295.0,145.0,31.0,4.7,8.4,25.0,34.0,7.0,11.0,1.0,1.0,4.0,6.0,1.0,2.0,36.0,1.0,0.0,1.0,1985.0,DraftKings,2.85,1.44,4.5,-4.5,1.86,1.95,46.5,,
401772710,2025-12-25,2025-12-25T18:00Z,2025,regular,17,False,WSH,DAL,23.0,30.0,17.0,41.0,328.0,8.0,9.0,190.0,138.0,16.0,8.6,7.6,15.0,23.0,1.0,6.0,0.0,0.0,1.0,3.0,2.0,10.0,71.0,0.0,0.0,0.0,1276.0,28.0,87.0,480.0,5.5,9.0,269.0,211.0,44.0,4.8,6.3,19.0,37.0,8.0,20.0,6.0,6.0,2.0,2.0,6.0,11.0,89.0,0.0,0.0,0.0,2324.0,DraftKings,5.0,1.18,8.5,-8.5,2.0,1.83,50.5,,
401772711,2025-12-25,2025-12-25T21:30Z,2025,regular,17,False,MIN,DET,23.0,10.0,11.0,51.0,161.0,3.2,12.0,3.0,158.0,28.0,5.6,0.1,9.0,16.0,3.0,13.0,0.0,0.0,1.0,1.0,7.0,3.0,20.0,0.0,0.0,0.0,1650.0,16.0,64.0,231.0,3.6,13.0,163.0,68.0,30.0,2.3,4.8,18.0,29.0,5.0,14.0,2.0,2.0,1.0,1.0,5.0,5.0,25.0,6.0,4.0,2.0,1950.0,DraftKings,3.85,1.27,7.5,-7.5,1.83,2.0,45.5,,
401772622,2025-12-26,2025-12-26T01:15Z,2025,regular,17,False,KC,DEN,13.0,20.0,10.0,42.0,139.0,3.3,8.0,57.0,82.0,19.0,4.3,2.5,13.0,22.0,4.0,11.0,1.0,2.0,1.0,1.0,1.0,2.0,10.0,0.0,0.0,0.0,1232.0,22.0,71.0,303.0,4.3,8.0,175.0,128.0,32.0,4.0,4.5,26.0,38.0,11.0,18.0,1.0,1.0,2.0,4.0,1.0,5.0,57.0,1.0,0.0,1.0,2368.0,DraftKings,8.5,1.08,13.5,-13.5,1.9,1.9,37.5,,
401772951,2025-12-27,2025-12-27T21:30Z,2025,regular,17,False,LAC,HOU,16.0,20.0,16.0,59.0,275.0,4.7,12.0,201.0,74.0,22.0,3.4,5.4,21.0,32.0,6.0,15.0,0.0,0.0,2.0,5.0,5.0,3.0,25.0,1.0,0.0,1.0,1779.0,16.0,62.0,362.0,5.8,13.0,244.0,118.0,34.0,3.5,8.7,16.0,28.0,3.0,11.0,0.0,0.0,0.0,0.0,0.0,8.0,70.0,2.0,0.0,2.0,1821.0,DraftKings,1.84,1.98,-1.5,1.5,1.95,1.86,40.5,,
401772807,2025-12-28,2025-12-28T18:00Z,2025,regular,17,False,CLE,PIT,13.0,6.0,11.0,50.0,262.0,5.2,11.0,184.0,78.0,25.0,3.1,7.4,17.0,23.0,4.0,11.0,0.0,1.0,0.0,1.0,2.0,6.0,45.0,2.0,0.0,2.0,1761.0,15.0,65.0,291.0,4.5,11.0,160.0,131.0,24.0,5.5,3.9,21.0,39.0,3.0,15.0,0.0,3.0,0.0,2.0,2.0,4.0,34.0,0.0,0.0,0.0,1839.0,DraftKings,2.7,1.48,3.5,-3.5,1.95,1.86,34.5,,
401772808,2025-12-28,2025-12-28T18:00Z,2025,regular,17,False,NYJ,NE,10.0,42.0,14.0,63.0,307.0,4.9,10.0,143.0,164.0,28.0,5.9,4.1,20.0,34.0,5.0,16.0,2.0,6.0,0.0,2.0,1.0,5.0,53.0,1.0,0.0,1.0,1685.0,28.0,62.0,440.0,7.1,10.0,285.0,155.0,36.0,4.3,11.0,22.0,25.0,4.0,9.0,2.0,2.0,5.0,5.0,1.0,2.0,20.0,0.0,0.0,0.0,1915.0,DraftKings,7.5,1.1,12.5,-12.5,2.0,1.83,42.5,,
401772809,2025-12-28,2025-12-28T18:00Z,2025,regular,17,False,TEN,NO,26.0,34.0,18.0,72.0,336.0,4.7,12.0,228.0,108.0,28.0,3.9,5.2,21.0,40.0,5.0,15.0,2.0,3.0,1.0,2.0,4.0,4.0,35.0,1.0,1.0,0.0,1901.0,16.0,52.0,423.0,8.1,11.0,320.0,103.0,23.0,4.5,11.0,22.0,27.0,5.0,11.0,0.0,0.0,2.0,2.0,2.0,6.0,84.0,1.0,1.0,0.0,1699.0,DraftKings,1.9,1.9,1.5,-1.5,1.81,2.02,38.5,,
401772915,2025-12-28,2025-12-28T18:00Z,2025,regular,17,False,IND,JAX,17.0,23.0,16.0,55.0,204.0,3.7,11.0,135.0,69.0,22.0,3.1,4.1,17.0,31.0,4.0,11.0,0.0,1.0,2.0,3.0,2.0,5.0,45.0,2.0,0.0,2.0,1661.0,21.0,68.0,370.0,5.4,10.0,249.0,121.0,29.0,4.2,6.4,23.0,37.0,7.0,14.0,1.0,2.0,2.0,5.0,2.0,6.0,55.0,2.0,1.0,1.0,1939.0,DraftKings,2.9,1.43,4.5,-4.5,1.89,1.92,48.5,,
401772916,2025-12-28,2025-12-28T18:00Z,2025,regular,17,False,MIA,TB,20.0,17.0,13.0,54.0,298.0,5.5,11.0,153.0,145.0,30.0,4.8,6.4,14.0,22.0,4.0,12.0,0.0,0.0,1.0,3.0,2.0,10.0,77.0,0.0,0.0,0.0,1674.0,21.0,63.0,380.0,6.0,10.0,327.0,53.0,16.0,3.3,7.0,33.0,44.0,6.0,13.0,2.0,2.0,2.0,3.0,3.0,5.0,45.0,3.0,1.0,2.0,1926.0,DraftKings,3.15,1.37,5.5,-5.5,1.98,1.84,44.5,,
401772917,2025-12-28,2025-12-28T21:25Z,2025,regular,17,False,BUF,PHI,12.0,13.0,20.0,73.0,331.0,4.5,11.0,211.0,120.0,33.0,3.6,5.3,23.0,35.0,6.0,15.0,2.0,3.0,2.0,3.0,5.0,4.0,40.0,1.0,1.0,0.0,2115.0,11.0,54.0,190.0,3.5,11.0,108.0,82.0,26.0,3.2,3.9,13.0,27.0,3.0,13.0,0.0,0.0,1.0,2.0,1.0,3.0,36.0,0.0,0.0,0.0,1485.0,DraftKings,1.58,2.42,-3.5,3.5,1.98,1.84,45.5,,
401772950,2025-12-28,2025-12-28T21:05Z,2025,regular,17,False,LV,NYG,10.0,34.0,14.0,54.0,231.0,4.3,8.0,168.0,63.0,20.0,3.2,4.9,22.0,30.0,3.0,13.0,4.0,5.0,1.0,2.0,4.0,5.0,41.0,2.0,0.0,2.0,1752.0,22.0,63.0,343.0,5.4,9.0,188.0,155.0,31.0,5.0,5.9,22.0,30.0,6.0,13.0,1.0,1.0,3.0,5.0,2.0,8.0,58.0,0.0,0.0,0.0,1848.0,DraftKings,2.36,1.61,3.0,-3.0,1.84,1.98,40.5,,
401772952,2025-12-28,2025-12-28T18:00Z,2025,regular,17,False,CAR,SEA,10.0,27.0,10.0,52.0,139.0,2.7,11.0,40.0,99.0,26.0,3.8,1.5,14.0,24.0,1.0,11.0,2.0,5.0,1.0,2.0,2.0,3.0,20.0,2.0,1.0,1.0,1542.0,19.0,66.0,288.0,4.4,11.0,125.0,163.0,36.0,4.5,4.2,18.0,27.0,9.0,16.0,0.0,1.0,3.0,6.0,3.0,4.0,40.0,2.0,1.0,1.0,2058.0,DraftKings,3.45,1.32,6.5,-6.5,1.98,1.84,42.5,,
401772953,2025-12-28,2025-12-28T01:00Z,2025,regular,17,False,GB,BAL,24.0,41.0,18.0,44.0,363.0,8.2,9.0,284.0,79.0,17.0,4.6,10.5,19.0,25.0,3.0,6.0,0.0,2.0,1.0,2.0,2.0,5.0,38.0,2.0,1.0,1.0,1184.0,30.0,74.0,414.0,5.6,9.0,107.0,307.0,53.0,5.8,5.1,16.0,20.0,10.0,14.0,0.0,0.0,4.0,6.0,1.0,6.0,45.0,0.0,0.0,0.0,2416.0,DraftKings,1.7,2.2,-2.5,2.5,1.89,1.92,37.5,,
401772954,2025-12-28,2025-12-28T18:00Z,2025,regular,17,False,CIN,ARI,37.0,14.0,29.0,74.0,429.0,5.8,10.0,309.0,120.0,35.0,3.4,7.9,27.0,36.0,10.0,15.0,1.0,1.0,5.0,5.0,3.0,5.0,38.0,0.0,0.0,0.0,2456.0,12.0,54.0,233.0,4.3,9.0,191.0,42.0,13.0,3.2,4.7,21.0,37.0,3.0,13.0,3.0,4.0,1.0,2.0,4.0,6.0,51.0,0.0,0.0,0.0,1144.0,DraftKings,1.28,3.75,-7.0,7.0,1.9,1.9,53.5,,
401772935,2025-12-29,2025-12-29T01:20Z,2025,regular,17,False,SF,CHI,42.0,38.0,32.0,68.0,496.0,7.3,10.0,296.0,200.0,34.0,5.9,8.7,24.0,33.0,7.0,10.0,1.0,1.0,5.0,5.0,1.0,5.0,55.0,1.0,0.0,1.0,2013.0,26.0,64.0,440.0,6.9,9.0,330.0,110.0,22.0,5.0,7.9,25.0,42.0,6.0,12.0,2.0,2.0,1.0,3.0,0.0,7.0,39.0,0.0,0.0,0.0,1587.0,DraftKings,1.44,2.85,-4.5,4.5,1.95,1.86,51.5,,
401772825,2025-12-30,2025-12-30T01:15Z,2025,regular,17,False,ATL,LAR,27.0,24.0,15.0,53.0,345.0,6.5,10.0,126.0,219.0,33.0,6.6,6.3,13.0,20.0,5.0,13.0,0.0,0.0,1.0,2.0,0.0,7.0,42.0,0.0,0.0,0.0,1785.0,16.0,61.0,363.0,6.0,11.0,248.0,115.0,20.0,5.8,6.0,22.0,38.0,5.0,13.0,1.0,4.0,1.0,3.0,3.0,4.0,35.0,3.0,0.0,3.0,1815.0,DraftKings,3.95,1.26,7.5,-7.5,1.84,1.98,48.5,,
401772969,2026-01-03,2026-01-03T21:30Z,2025,regular,18,False,TB,CAR,16.0,14.0,21.0,66.0,338.0,5.1,9.0,198.0,140.0,42.0,3.3,8.3,16.0,22.0,8.0,15.0,0.0,0.0,1.0,3.0,2.0,6.0,45.0,1.0,0.0,1.0,2245.0,16.0,49.0,285.0,5.8,10.0,266.0,19.0,14.0,1.4,7.6,24.0,35.0,1.0,8.0,2.0,2.0,2.0,2.0,0.0,5.0,46.0,3.0,2.0,1.0,1355.0,DraftKings,1.64,2.3,-3.0,3.0,1.92,1.89,42.5,,
401772955,2026-01-04,2026-01-04T21:25Z,2025,regular,18,False,LAR,ARI,37.0,20.0,25.0,72.0,395.0,5.5,10.0,252.0,143.0,31.0,4.6,6.1,25.0,40.0,9.0,16.0,1.0,1.0,2.0,4.0,1.0,4.0,20.0,0.0,0.0,0.0,1931.0,17.0,53.0,317.0,6.0,9.0,238.0,79.0,15.0,5.3,6.3,23.0,32.0,4.0,11.0,1.0,2.0,1.0,3.0,6.0,6.0,45.0,2.0,1.0,1.0,1669.0,DraftKings,1.07,9.0,-14.5,14.5,1.95,1.86,49.5,,
401772956,2026-01-04,2026-01-04T21:25Z,2025,regular,18,False,DEN,LAC,19.0,3.0,13.0,58.0,240.0,4.1,12.0,124.0,116.0,31.0,3.7,4.6,14.0,23.0,5.0,15.0,0.0,0.0,0.0,3.0,4.0,1.0,5.0,0.0,0.0,0.0,2041.0,13.0,69.0,217.0,3.1,12.0,104.0,113.0,21.0,5.4,2.2,20.0,44.0,7.0,20.0,3.0,5.0,0.0,2.0,4.0,5.0,25.0,2.0,1.0,1.0,1559.0,DraftKings,1.06,10.5,-15.5,15.5,1.89,1.92,37.5,,
401772957,2026-01-04,2026-01-04T21:25Z,2025,regular,18,False,LV,KC,14.0,12.0,12.0,61.0,204.0,3.3,14.0,86.0,118.0,32.0,3.7,3.0,11.0,26.0,4.0,16.0,0.0,2.0,0.0,2.0,3.0,2.0,10.0,2.0,1.0,1.0,1844.0,10.0,62.0,168.0,2.7,15.0,84.0,84.0,23.0,3.7,2.2,18.0,31.0,3.0,17.0,1.0,1.0,0.0,2.0,8.0,7.0,45.0,2.0,2.0,0.0,1756.0,DraftKings,2.8,1.45,3.5,-3.5,1.84,1.98,35.5,,
401772958,2026-01-04,2026-01-04T21:25Z,2025,regular,18,False,NE,MIA,38.0,10.0,22.0,56.0,457.0,8.2,12.0,214.0,243.0,34.0,7.1,9.7,17.0,22.0,5.0,10.0,0.0,1.0,4.0,5.0,0.0,4.0,52.0,0.0,0.0,0.0,1849.0,13.0,54.0,180.0,3.3,11.0,117.0,63.0,25.0,2.5,4.0,16.0,25.0,5.0,13.0,0.0,1.0,1.0,3.0,4.0,7.0,52.0,2.0,1.0,1.0,1751.0,DraftKings,1.07,9.0,-14.5,14.5,1.89,1.92,43.5,,
401772959,2026-01-04,2026-01-04T21:25Z,2025,regular,18,False,PHI,WSH,17.0,24.0,18.0,62.0,307.0,5.0,10.0,227.0,80.0,19.0,4.2,5.3,21.0,40.0,6.0,14.0,0.0,3.0,2.0,3.0,3.0,9.0,123.0,1.0,0.0,1.0,1551.0,25.0,63.0,274.0,4.3,11.0,131.0,143.0,41.0,3.5,6.0,14.0,22.0,6.0,11.0,1.0,1.0,3.0,4.0,0.0,4.0,19.0,2.0,1.0,1.0,2049.0,DraftKings,1.55,2.5,-3.0,3.0,1.84,1.98,38.5,,
401772961,2026-01-04,2026-01-04T01:00Z,2025,regular,18,False,SF,SEA,3.0,13.0,9.0,42.0,173.0,4.1,8.0,120.0,53.0,12.0,4.4,4.0,19.0,27.0,2.0,9.0,0.0,2.0,0.0,1.0,3.0,3.0,31.0,1.0,0.0,1.0,1332.0,23.0,67.0,361.0,5.4,9.0,181.0,180.0,39.0,4.6,6.5,20.0,26.0,6.0,13.0,0.0,1.0,0.0,3.0,2.0,5.0,25.0,0.0,0.0,0.0,2268.0,DraftKings,2.3,1.64,2.5,-2.5,2.0,1.83,48.5,,
401772962,2026-01-04,2026-01-04T18:00Z,2025,regular,18,False,HOU,IND,38.0,30.0,22.0,64.0,339.0,5.3,11.0,205.0,134.0,32.0,4.2,6.4,17.0,32.0,4.0,13.0,0.0,0.0,2.0,3.0,0.0,7.0,77.0,0.0,0.0,0.0,1695.0,19.0,64.0,354.0,5.5,11.0,278.0,76.0,28.0,2.7,7.7,22.0,35.0,8.0,15.0,1.0,1.0,2.0,4.0,1.0,7.0,81.0,3.0,2.0,1.0,1905.0,DraftKings,1.19,4.9,-9.5,9.5,1.9,1.9,37.5,,
401772963,2026-01-04,2026-01-04T18:00Z,2025,regular,18,False,NYG,DAL,34.0,17.0,25.0,69.0,380.0,5.5,10.0,219.0,161.0,32.0,5.0,5.9,22.0,33.0,8.0,14.0,0.0,0.0,2.0,5.0,4.0,7.0,63.0,1.0,1.0,0.0,1987.0,18.0,54.0,286.0,5.3,11.0,143.0,143.0,30.0,4.8,6.0,14.0,24.0,2.0,8.0,1.0,2.0,2.0,4.0,0.0,9.0,94.0,2.0,1.0,1.0,1613.0,DraftKings,2.4,1.6,3.0,-3.0,1.95,1.86,50.5,,
401772964,2026-01-04,2026-01-04T18:00Z,2025,regular,18,False,CIN,CLE,18.0,20.0,24.0,66.0,364.0,5.5,10.0,222.0,142.0,25.0,5.7,5.4,29.0,39.0,5.0,11.0,1.0,1.0,3.0,4.0,2.0,6.0,40.0,2.0,1.0,1.0,2134.0,11.0,52.0,200.0,3.8,9.0,82.0,118.0,24.0,4.9,2.9,11.0,22.0,5.0,14.0,1.0,1.0,0.0,1.0,6.0,4.0,40.0,1.0,1.0,0.0,1466.0,DraftKings,1.22,4.4,-8.5,8.5,1.86,1.95,47.5,,
401772965,2026-01-04,2026-01-04T21:25Z,2025,regular,18,False,CHI,DET,16.0,19.0,16.0,52.0,270.0,5.2,8.0,205.0,65.0,18.0,3.6,6.0,20.0,33.0,4.0,11.0,1.0,2.0,1.0,1.0,1.0,4.0,25.0,1.0,0.0,1.0,1455.0,26.0,72.0,433.0,6.0,9.0,311.0,122.0,27.0,4.5,6.9,27.0,42.0,6.0,13.0,0.0,0.0,1.0,4.0,3.0,6.0,35.0,1.0,0.0,1.0,2145.0,DraftKings,1.58,2.42,-3.0,3.0,1.89,1.92,51.5,,
401772966,2026-01-04,2026-01-04T18:00Z,2025,regular,18,False,ATL,NO,19.0,17.0,14.0,61.0,208.0,3.4,12.0,159.0,49.0,25.0,2.0,4.4,18.0,32.0,4.0,14.0,1.0,1.0,1.0,3.0,4.0,5.0,42.0,1.0,0.0,1.0,1721.0,16.0,65.0,340.0,5.2,11.0,232.0,108.0,26.0,4.2,5.9,23.0,35.0,5.0,16.0,3.0,3.0,2.0,3.0,4.0,6.0,40.0,2.0,1.0,1.0,1879.0,DraftKings,1.52,2.6,-3.5,3.5,1.83,2.0,43.5,,
401772967,2026-01-04,2026-01-04T21:25Z,2025,regular,18,False,BUF,NYJ,35.0,8.0,30.0,72.0,470.0,6.5,9.0,259.0,211.0,43.0,4.9,8.9,22.0,29.0,6.0,13.0,3.0,5.0,5.0,6.0,0.0,3.0,28.0,0.0,0.0,0.0,2300.0,9.0,46.0,122.0,2.7,8.0,53.0,69.0,23.0,3.0,2.3,11.0,22.0,5.0,13.0,1.0,3.0,1.0,1.0,1.0,4.0,27.0,0.0,0.0,0.0,1300.0,DraftKings,1.12,6.5,-13.5,13.5,1.95,1.86,39.5,,
401772968,2026-01-04,2026-01-04T18:00Z,2025,regular,18,False,MIN,GB,16.0,3.0,23.0,64.0,363.0,5.7,9.0,226.0,137.0,31.0,4.4,6.8,21.0,31.0,2.0,10.0,1.0,1.0,1.0,4.0,2.0,2.0,20.0,1.0,1.0,0.0,2010.0,12.0,50.0,121.0,2.4,10.0,-7.0,128.0,35.0,3.7,-0.5,6.0,11.0,3.0,12.0,0.0,0.0,0.0,1.0,4.0,4.0,47.0,0.0,0.0,0.0,1590.0,DraftKings,1.13,6.25,-13.5,13.5,1.95,1.86,37.5,,
401772970,2026-01-04,2026-01-04T18:00Z,2025,regular,18,False,JAX,TEN,41.0,7.0,24.0,58.0,319.0,5.5,10.0,255.0,64.0,24.0,2.7,7.5,24.0,32.0,4.0,9.0,0.0,0.0,3.0,3.0,2.0,3.0,20.0,0.0,0.0,0.0,1983.0,10.0,53.0,194.0,3.7,10.0,117.0,77.0,19.0,4.1,3.4,20.0,33.0,4.0,14.0,1.0,3.0,1.0,1.0,1.0,6.0,67.0,1.0,0.0,1.0,1617.0,DraftKings,1.11,6.75,-13.5,13.5,1.95,1.86,46.5,,
401772960,2026-01-05,2026-01-05T01:20Z,2025,regular,18,False,PIT,BAL,26.0,24.0,24.0,73.0,390.0,5.3,10.0,290.0,100.0,24.0,4.2,5.9,31.0,47.0,9.0,16.0,1.0,2.0,2.0,4.0,2.0,5.0,45.0,0.0,0.0,0.0,2051.0,12.0,48.0,359.0,7.5,10.0,222.0,137.0,27.0,5.1,10.6,11.0,18.0,4.0,12.0,2.0,2.0,0.0,0.0,3.0,9.0,78.0,1.0,0.0,1.0,1549.0,DraftKings,2.7,1.48,4.5,-4.5,1.86,1.95,41.5,,
401772979,2026-01-10,2026-01-10T21:30Z,2025,playoffs,1,False,CAR,LAR,31.0,34.0,21.0,64.0,333.0,5.2,13.0,250.0,83.0,22.0,3.8,6.0,21.0,40.0,5.0,12.0,0.0,3.0,4.0,4.0,2.0,4.0,35.0,2.0,1.0,1.0,1694.0,21.0,72.0,411.0,5.7,14.0,295.0,116.0,29.0,4.0,6.9,24.0,42.0,3.0,13.0,1.0,2.0,4.0,5.0,1.0,9.0,83.0,1.0,0.0,1.0,1906.0,DraftKings,5.1,1.18,10.0,-10.0,1.98,1.84,44.5,,
401772977,2026-01-11,2026-01-11T18:00Z,2025,playoffs,1,False,JAX,BUF,24.0,27.0,20.0,54.0,359.0,6.6,10.0,205.0,154.0,23.0,6.7,6.6,18.0,30.0,5.0,9.0,0.0,1.0,3.0,4.0,1.0,2.0,10.0,2.0,0.0,2.0,1571.0,20.0,62.0,340.0,5.5,10.0,261.0,79.0,26.0,3.0,7.3,28.0,35.0,7.0,14.0,2.0,2.0,3.0,3.0,1.0,7.0,39.0,1.0,1.0,0.0,2029.0,DraftKings,1.81,2.02,-1.5,1.5,1.9,1.9,51.5,,
401772980,2026-01-11,2026-01-11T21:30Z,2025,playoffs,1,False,PHI,SF,19.0,23.0,19.0,72.0,307.0,4.3,10.0,167.0,140.0,36.0,3.9,4.6,20.0,35.0,5.0,16.0,3.0,5.0,2.0,3.0,1.0,7.0,48.0,0.0,0.0,0.0,2139.0,20.0,58.0,361.0,6.2,11.0,286.0,75.0,25.0,3.0,8.7,19.0,32.0,6.0,11.0,0.0,0.0,2.0,3.0,1.0,1.0,15.0,2.0,0.0,2.0,1461.0,DraftKings,1.4,3.05,-5.5,5.5,1.9,1.9,44.5,,
401772981,2026-01-11,2026-01-11T01:00Z,2025,playoffs,1,False,CHI,GB,31.0,27.0,24.0,77.0,445.0,5.8,10.0,352.0,93.0,28.0,3.3,7.2,24.0,48.0,10.0,19.0,2.0,6.0,2.0,5.0,1.0,2.0,5.0,2.0,0.0,2.0,1961.0,21.0,70.0,421.0,6.0,11.0,322.0,99.0,23.0,4.3,6.9,24.0,46.0,6.0,15.0,3.0,3.0,3.0,3.0,1.0,7.0,65.0,0.0,0.0,0.0,1639.0,DraftKings,2.1,1.76,1.5,-1.5,1.95,1.86,46.5,,
401772978,2026-01-12,2026-01-12T01:15Z,2025,playoffs,1,False,NE,LAC,16.0,3.0,19.0,64.0,381.0,6.0,10.0,235.0,146.0,29.0,5.0,6.7,17.0,30.0,4.0,11.0,1.0,1.0,0.0,3.0,5.0,2.0,35.0,2.0,1.0,1.0,1935.0,17.0,59.0,207.0,3.5,10.0,120.0,87.0,22.0,4.0,3.2,19.0,31.0,1.0,10.0,1.0,3.0,0.0,2.0,6.0,4.0,20.0,1.0,1.0,0.0,1665.0,DraftKings,1.45,2.8,-3.5,3.5,1.86,1.95,45.5,,
401772976,2026-01-13,2026-01-13T01:15Z,2025,playoffs,1,False,PIT,HOU,6.0,30.0,13.0,56.0,175.0,3.1,11.0,112.0,63.0,18.0,3.5,2.9,18.0,34.0,2.0,14.0,2.0,3.0,0.0,2.0,4.0,3.0,24.0,2.0,1.0,1.0,1658.0,21.0,66.0,408.0,6.2,9.0,244.0,164.0,31.0,5.3,7.0,21.0,32.0,10.0,15.0,0.0,0.0,2.0,3.0,3.0,6.0,44.0,3.0,2.0,1.0,1942.0,DraftKings,2.3,1.64,3.0,-3.0,1.86,1.95,38.5,,
401772982,2026-01-17,2026-01-17T21:30Z,2025,playoffs,2,False,DEN,BUF,33.0,30.0,22.0,68.0,349.0,5.1,13.0,279.0,70.0,22.0,3.2,6.1,26.0,46.0,8.0,16.0,1.0,1.0,1.0,4.0,0.0,3.0,20.0,1.0,0.0,1.0,1758.0,28.0,78.0,449.0,5.8,11.0,266.0,183.0,36.0,5.1,6.3,25.0,39.0,10.0,15.0,1.0,1.0,3.0,5.0,3.0,5.0,68.0,5.0,3.0,2.0,2458.0,DraftKings,1.8,2.05,-1.5,1.5,1.89,1.92,45.5,,
401772983,2026-01-18,2026-01-18T20:00Z,2025,playoffs,2,False,NE,HOU,28.0,16.0,13.0,64.0,248.0,3.9,15.0,143.0,105.0,32.0,3.3,4.5,16.0,27.0,3.0,14.0,1.0,2.0,1.0,1.0,5.0,3.0,48.0,3.0,2.0,1.0,1929.0,16.0,72.0,241.0,3.3,15.0,193.0,48.0,22.0,2.2,3.9,20.0,47.0,7.0,17.0,1.0,2.0,1.0,4.0,3.0,4.0,32.0,5.0,1.0,4.0,1671.0,DraftKings,1.55,2.5,-3.0,3.0,1.8,2.05,40.5,,
401772984,2026-01-18,2026-01-18T01:00Z,2025,playoffs,2,False,SEA,SF,41.0,6.0,19.0,52.0,281.0,5.4,10.0,106.0,175.0,33.0,5.3,5.6,12.0,17.0,4.0,10.0,0.0,0.0,4.0,6.0,2.0,2.0,5.0,0.0,0.0,0.0,1871.0,15.0,60.0,236.0,3.9,11.0,128.0,108.0,27.0,4.0,3.9,17.0,31.0,6.0,12.0,0.0,3.0,0.0,0.0,2.0,3.0,36.0,3.0,2.0,1.0,1729.0,DraftKings,1.29,3.7,-7.0,7.0,1.92,1.89,44.5,,
401772985,2026-01-18,2026-01-18T23:30Z,2025,playoffs,2,False,CHI,LAR,17.0,20.0,23.0,81.0,417.0,5.1,11.0,257.0,160.0,39.0,4.1,6.1,23.0,42.0,9.0,19.0,3.0,6.0,2.0,3.0,0.0,3.0,24.0,3.0,0.0,3.0,2355.0,22.0,77.0,340.0,4.4,13.0,229.0,111.0,31.0,3.6,5.0,20.0,42.0,5.0,16.0,1.0,1.0,2.0,3.0,4.0,1.0,5.0,0.0,0.0,0.0,1946.0,DraftKings,2.6,1.52,3.5,-3.5,2.0,1.83,49.5,,
401772986,2026-01-25,2026-01-25T20:00Z,2025,playoffs,3,False,DEN,NE,7.0,10.0,11.0,58.0,181.0,3.1,12.0,102.0,79.0,24.0,3.3,3.0,17.0,31.0,4.0,14.0,0.0,1.0,1.0,2.0,3.0,2.0,5.0,2.0,1.0,1.0,1611.0,12.0,64.0,206.0,3.2,13.0,65.0,141.0,38.0,3.7,2.5,10.0,21.0,6.0,18.0,1.0,1.0,1.0,2.0,5.0,1.0,5.0,0.0,0.0,0.0,1989.0,DraftKings,2.7,1.48,3.5,-3.5,1.95,1.86,43.5,,
401772987,2026-01-25,2026-01-25T23:30Z,2025,playoffs,3,False,SEA,LAR,31.0,27.0,24.0,65.0,396.0,6.1,10.0,321.0,75.0,26.0,2.9,8.2,25.0,36.0,7.0,13.0,0.0,0.0,4.0,5.0,3.0,6.0,50.0,0.0,0.0,0.0,1910.0,26.0,58.0,479.0,8.3,10.0,365.0,114.0,22.0,5.2,10.1,22.0,35.0,1.0,8.0,1.0,2.0,2.0,3.0,1.0,4.0,30.0,1.0,1.0,0.0,1690.0,DraftKings,1.7,2.2,-2.5,2.5,1.95,1.86,45.5,,
401772988,2026-02-08,2026-02-08T23:30Z,2025,playoffs,5,True,NE,SEA,13.0,29.0,18.0,67.0,331.0,4.9,15.0,252.0,79.0,18.0,4.4,5.1,27.0,43.0,6.0,15.0,0.0,0.0,1.0,1.0,6.0,3.0,25.0,3.0,1.0,2.0,1609.0,20.0,71.0,335.0,4.7,13.0,194.0,141.0,32.0,4.4,5.0,19.0,38.0,4.0,16.0,0.0,0.0,1.0,4.0,1.0,4.0,25.0,0.0,0.0,0.0,1991.0,DraftKings,2.9,1.43,4.5,-4.5,1.92,1.89,45.5,,
401873271,2026-08-07,2026-08-07T00:00Z,2026,pretemporada,1,True,ARI,CAR,30.0,33.0,23.0,65.0,425.0,6.5,9.0,282.0,143.0,34.0,4.2,9.1,24.0,29.0,7.0,12.0,0.0,1.0,3.0,6.0,2.0,7.0,78.0,0.0,0.0,0.0,2061.0,25.0,68.0,378.0,5.6,9.0,237.0,141.0,22.0,6.4,5.2,29.0,45.0,9.0,14.0,1.0,1.0,4.0,6.0,1.0,5.0,20.0,1.0,1.0,0.0,1539.0,DraftKings,2.1,1.76,1.5,-1.5,1.9,1.9,34.5,,
401873272,2026-08-13,2026-08-13T23:00Z,2026,pretemporada,2,False,CIN,DET,16.0,14.0,15.0,69.0,256.0,3.7,12.0,159.0,97.0,31.0,3.1,4.2,21.0,36.0,7.0,18.0,1.0,2.0,1.0,3.0,2.0,10.0,83.0,1.0,1.0,0.0,2009.0,16.0,58.0,274.0,4.7,12.0,145.0,129.0,26.0,5.0,4.5,17.0,30.0,4.0,11.0,0.0,1.0,0.0,0.0,2.0,9.0,84.0,3.0,1.0,2.0,1591.0,DraftKings,1.35,3.3,-6.5,6.5,1.83,2.0,37.5,,
401873273,2026-08-13,2026-08-13T23:30Z,2026,pretemporada,2,False,NE,IND,13.0,13.0,16.0,69.0,275.0,4.0,12.0,192.0,83.0,32.0,2.6,5.2,20.0,35.0,5.0,18.0,2.0,2.0,1.0,1.0,2.0,5.0,35.0,0.0,0.0,0.0,1927.0,21.0,63.0,355.0,5.6,13.0,222.0,133.0,27.0,4.9,6.2,21.0,35.0,1.0,8.0,0.0,1.0,1.0,3.0,1.0,6.0,60.0,4.0,2.0,2.0,1673.0,DraftKings,2.4,1.6,3.0,-3.0,1.95,1.86,37.5,,
401873275,2026-08-13,2026-08-13T23:00Z,2026,pretemporada,2,False,PIT,GB,28.0,9.0,25.0,64.0,385.0,6.0,9.0,313.0,72.0,28.0,2.6,8.7,27.0,33.0,7.0,13.0,1.0,2.0,4.0,5.0,3.0,11.0,134.0,0.0,0.0,0.0,1844.0,17.0,59.0,160.0,2.7,9.0,97.0,63.0,24.0,2.6,2.8,19.0,30.0,6.0,15.0,0.0,0.0,0.0,1.0,5.0,9.0,76.0,0.0,0.0,0.0,1756.0,DraftKings,2.36,1.61,3.0,-3.0,1.86,1.95,38.5,,
401873274,2026-08-14,2026-08-14T00:00Z,2026,pretemporada,2,False,HOU,LAC,7.0,27.0,10.0,52.0,209.0,4.0,11.0,98.0,111.0,28.0,4.0,4.1,13.0,22.0,4.0,13.0,0.0,2.0,1.0,2.0,2.0,10.0,71.0,1.0,1.0,0.0,1665.0,23.0,60.0,379.0,6.3,10.0,275.0,104.0,29.0,3.6,8.9,18.0,29.0,6.0,12.0,0.0,0.0,3.0,4.0,2.0,6.0,49.0,2.0,1.0,1.0,1935.0,DraftKings,1.84,1.98,-1.5,1.5,2.05,1.8,38.5,,
401873276,2026-08-14,2026-08-14T23:00Z,2026,pretemporada,2,False,NYJ,TB,16.0,24.0,15.0,57.0,284.0,5.0,11.0,193.0,91.0,21.0,4.3,5.4,20.0,32.0,5.0,13.0,0.0,1.0,0.0,1.0,4.0,6.0,42.0,2.0,0.0,2.0,1694.0,17.0,61.0,245.0,4.0,9.0,176.0,69.0,25.0,2.8,4.9,22.0,35.0,6.0,14.0,1.0,1.0,2.0,3.0,1.0,6.0,37.0,0.0,0.0,0.0,1906.0,DraftKings,1.43,2.9,-5.5,5.5,1.9,1.9,35.5,,
401873277,2026-08-14,2026-08-14T23:00Z,2026,pretemporada,2,False,WSH,MIA,20.0,7.0,21.0,71.0,334.0,4.7,12.0,160.0,174.0,41.0,4.2,5.3,15.0,27.0,8.0,17.0,0.0,0.0,1.0,3.0,3.0,7.0,47.0,1.0,0.0,1.0,2123.0,10.0,53.0,226.0,4.3,12.0,109.0,117.0,28.0,4.2,4.4,8.0,24.0,3.0,12.0,0.0,1.0,1.0,1.0,1.0,7.0,66.0,3.0,0.0,3.0,1477.0,DraftKings,2.42,1.58,3.5,-3.5,1.9,1.9,36.5,,
401873278,2026-08-14,2026-08-14T23:00Z,2026,pretemporada,2,False,ATL,DEN,7.0,27.0,11.0,60.0,192.0,3.2,12.0,133.0,59.0,23.0,2.6,3.6,16.0,36.0,4.0,15.0,1.0,2.0,1.0,2.0,1.0,9.0,78.0,2.0,0.0,2.0,1420.0,24.0,69.0,359.0,5.2,11.0,197.0,162.0,39.0,4.2,6.6,19.0,29.0,5.0,14.0,0.0,1.0,2.0,2.0,1.0,8.0,64.0,1.0,1.0,0.0,2180.0,DraftKings,2.4,1.6,3.0,-3.0,1.92,1.89,39.5,,
401873640,2026-08-14,2026-08-14T00:00Z,2026,pretemporada,2,False,LV,ARI,14.0,27.0,16.0,56.0,317.0,5.7,9.0,214.0,103.0,19.0,5.4,5.8,19.0,35.0,7.0,14.0,1.0,3.0,2.0,3.0,2.0,8.0,75.0,0.0,0.0,0.0,1535.0,23.0,68.0,368.0,5.4,9.0,212.0,156.0,36.0,4.3,6.6,26.0,30.0,8.0,15.0,1.0,1.0,3.0,4.0,2.0,4.0,25.0,0.0,0.0,0.0,2065.0,DraftKings,1.64,2.3,-2.5,2.5,1.83,2.0,41.5,,
401874392,2026-08-14,2026-08-14T01:00Z,2026,pretemporada,2,False,SF,TEN,13.0,19.0,22.0,74.0,322.0,4.4,10.0,238.0,84.0,28.0,3.0,5.2,28.0,44.0,9.0,19.0,2.0,4.0,1.0,2.0,2.0,7.0,48.0,0.0,0.0,0.0,1968.0,18.0,60.0,279.0,4.6,11.0,112.0,167.0,31.0,5.4,3.9,12.0,26.0,4.0,12.0,0.0,0.0,1.0,1.0,3.0,9.0,67.0,0.0,0.0,0.0,1632.0,DraftKings,3.3,1.35,6.5,-6.5,2.02,1.81,39.5,,
