date,home_team,away_team,home_goals,away_goals,home_shots_on,away_shots_on,home_shots_off,away_shots_off,home_corners,away_corners,home_yellow,away_yellow,home_red,away_red,odd_home,odd_draw,odd_away,odd_over25,odd_under25,ah_linea,odd_ah_home,odd_ah_away,odd_home_pin,odd_draw_pin,odd_away_pin,referee,tournament,stadium,MATCH_ID,elo_diff,home_xg,away_xg,home_possession,away_possession
2017-07-28,Brest,Chateauroux,2.0,3.0,5.0,6.0,11.0,3.0,9.0,6.0,1.0,2.0,0.0,0.0,2.0,3.1,4.2,,,,,,1.91,3.27,5.13,,Ligue 2,,20170728_Brest_Chateauroux,0.0,1.38,1.92,55.2,44.8
2017-07-28,Nimes,Reims,0.0,1.0,4.0,6.0,7.0,5.0,6.0,4.0,0.0,2.0,0.0,0.0,2.2,3.0,3.6,,,,,,2.34,3.12,3.62,,Ligue 2,,20170728_Nimes_Reims,0.0,0.43,1.32,49.3,50.7
2017-07-28,Niort,Ajaccio,0.0,0.0,10.0,4.0,4.0,6.0,5.0,3.0,3.0,3.0,0.0,0.0,2.15,3.2,3.5,,,,,,2.4,3.17,3.41,,Ligue 2,,20170728_Niort_Ajaccio,0.0,0.22,2.11,48.7,51.3
2017-07-28,Orleans,Nancy,3.0,1.0,4.0,2.0,6.0,6.0,1.0,1.0,2.0,2.0,0.0,0.0,3.0,2.9,2.6,,,,,,3.29,2.86,2.69,,Ligue 2,,20170728_Orleans_Nancy,0.0,1.22,1.17,48.8,51.2
2017-07-28,Paris FC,Clermont,0.0,0.0,7.0,2.0,12.0,4.0,8.0,6.0,2.0,0.0,0.0,0.0,2.75,3.1,2.63,,,,,,3.02,3.0,2.77,,Ligue 2,,20170728_Paris-FC_Clermont,0.0,0.84,0.59,52.3,47.7
2017-07-28,Sochaux,Bourg Peronnas,2.0,0.0,3.0,1.0,11.0,3.0,6.0,6.0,1.0,3.0,0.0,0.0,2.0,3.2,4.0,,,,,,1.99,3.22,4.7,,Ligue 2,,20170728_Sochaux_Bourg-Peronnas,0.0,1.46,1.91,49.5,50.5
2017-07-28,Tours,Le Havre,0.0,3.0,1.0,9.0,3.0,7.0,3.0,4.0,2.0,2.0,0.0,0.0,2.55,3.0,2.9,,,,,,2.81,3.06,2.92,,Ligue 2,,20170728_Tours_Le-Havre,0.0,0.99,2.2,52.1,47.9
2017-07-28,Valenciennes,Ajaccio GFCO,1.0,1.0,3.0,10.0,5.0,6.0,5.0,4.0,0.0,2.0,0.0,0.0,2.7,2.9,2.9,,,,,,2.84,2.96,2.99,,Ligue 2,,20170728_Valenciennes_Ajaccio-GFCO,0.0,0.74,1.45,47.1,52.9
2017-07-29,Lorient,Quevilly Rouen,1.0,1.0,9.0,3.0,14.0,6.0,10.0,1.0,3.0,1.0,0.0,0.0,1.7,3.5,5.25,,,,,,1.63,3.91,6.41,,Ligue 2,,20170729_Lorient_Quevilly-Rouen,0.0,1.36,1.13,48.4,51.6
2017-07-31,Auxerre,Lens,1.0,0.0,6.0,5.0,6.0,8.0,2.0,6.0,3.0,2.0,0.0,0.0,2.9,3.0,2.6,,,,,,2.45,3.06,3.45,,Ligue 2,,20170731_Auxerre_Lens,0.0,0.75,0.21,56.6,43.4
2017-08-04,Ajaccio GFCO,Lorient,0.0,0.0,2.0,5.0,5.0,8.0,4.0,7.0,1.0,2.0,0.0,0.0,2.45,3.0,3.1,,,,,,3.02,3.12,2.68,,Ligue 2,,20170804_Ajaccio-GFCO_Lorient,0.0,0.9,1.05,49.5,50.5
2017-08-04,Ajaccio,Brest,2.0,1.0,7.0,2.0,4.0,2.0,3.0,5.0,2.0,3.0,0.0,1.0,2.6,2.9,3.0,,,,,,2.67,3.0,3.15,,Ligue 2,,20170804_Ajaccio_Brest,12.0,1.31,0.5,51.1,48.9
2017-08-04,Bourg Peronnas,Paris FC,1.0,2.0,2.0,5.0,4.0,8.0,2.0,8.0,3.0,2.0,1.0,0.0,2.4,3.0,3.2,,,,,,2.86,2.92,3.01,,Ligue 2,,20170804_Bourg-Peronnas_Paris-FC,-12.0,0.46,0.86,51.0,49.0
2017-08-04,Chateauroux,Valenciennes,0.0,1.0,6.0,4.0,4.0,6.0,4.0,7.0,1.0,1.0,0.0,0.0,2.05,3.0,4.1,,,,,,2.1,3.13,4.35,,Ligue 2,,20170804_Chateauroux_Valenciennes,12.0,0.78,1.27,50.0,50.0
2017-08-04,Clermont,Tours,2.0,0.0,8.0,5.0,7.0,6.0,4.0,6.0,2.0,0.0,0.0,0.0,2.05,3.1,3.9,,,,,,2.35,3.15,3.54,,Ligue 2,,20170804_Clermont_Tours,12.0,2.75,1.46,53.6,46.4
2017-08-04,Le Havre,Auxerre,4.0,1.0,4.0,3.0,9.0,3.0,5.0,1.0,1.0,6.0,0.0,2.0,1.8,3.2,5.0,,,,,,2.04,3.16,4.55,,Ligue 2,,20170804_Le-Havre_Auxerre,0.0,0.07,1.31,53.6,46.4
2017-08-04,Lens,Nimes,1.0,2.0,4.0,7.0,3.0,10.0,2.0,4.0,4.0,2.0,0.0,0.0,2.0,3.1,4.2,,,,,,2.14,3.35,3.85,,Ligue 2,,20170804_Lens_Nimes,0.0,0.3,1.81,50.0,50.0
2017-08-04,Nancy,Niort,0.0,0.0,1.0,2.0,3.0,5.0,6.0,3.0,1.0,2.0,1.0,0.0,1.8,3.3,4.75,,,,,,1.78,3.49,5.62,,Ligue 2,,20170804_Nancy_Niort,-12.0,1.48,1.11,48.9,51.1
2017-08-04,Quevilly Rouen,Sochaux,1.0,1.0,8.0,5.0,3.0,9.0,11.0,6.0,0.0,1.0,0.0,0.0,3.25,2.9,2.4,,,,,,3.57,3.01,2.42,,Ligue 2,,20170804_Quevilly-Rouen_Sochaux,-12.0,1.15,0.89,45.7,54.3
2017-08-05,Reims,Orleans,2.0,0.0,5.0,2.0,5.0,2.0,4.0,3.0,3.0,3.0,0.0,0.0,1.8,3.3,4.75,,,,,,1.69,3.77,5.87,,Ligue 2,,20170805_Reims_Orleans,0.0,1.25,0.05,55.8,44.2
2017-08-11,Brest,Ajaccio GFCO,0.0,0.0,4.0,3.0,8.0,1.0,7.0,2.0,2.0,3.0,0.0,0.0,2.0,3.2,4.0,,,,,,2.1,3.17,4.19,,Ligue 2,,20170811_Brest_Ajaccio-GFCO,-23.585699413622933,0.81,0.55,47.7,52.3
2017-08-11,Niort,Auxerre,2.0,0.0,2.0,3.0,5.0,5.0,4.0,6.0,1.0,2.0,0.0,0.0,2.25,3.2,3.3,,,,,,2.5,3.14,3.26,,Ligue 2,,20170811_Niort_Auxerre,-0.4143005863770668,1.83,0.44,57.9,42.1
2017-08-11,Orleans,Ajaccio,0.0,0.0,6.0,1.0,9.0,4.0,8.0,2.0,2.0,5.0,0.0,0.0,2.15,3.0,3.8,,,,,,2.34,3.24,3.46,,Ligue 2,,20170811_Orleans_Ajaccio,-11.585699413622933,0.37,1.0,53.7,46.3
2017-08-11,Paris FC,Le Havre,0.0,3.0,4.0,6.0,4.0,5.0,9.0,4.0,0.0,0.0,0.0,0.0,3.4,2.88,2.38,,,,,,3.4,3.1,2.45,,Ligue 2,,20170811_Paris-FC_Le-Havre,-12.414300586377067,1.13,1.37,46.4,53.6
2017-08-11,Quevilly Rouen,Bourg Peronnas,1.0,4.0,8.0,6.0,4.0,2.0,6.0,1.0,4.0,2.0,0.0,0.0,2.38,2.9,3.4,,,,,,2.38,3.31,3.31,,Ligue 2,,20170811_Quevilly-Rouen_Bourg-Peronnas,24.0,0.85,1.7,53.8,46.2
2017-08-11,Tours,Reims,0.0,1.0,4.0,8.0,0.0,5.0,2.0,10.0,1.0,2.0,0.0,0.0,3.4,2.88,2.38,,,,,,3.78,3.16,2.25,,Ligue 2,,20170811_Tours_Reims,-47.58569941362293,0.05,0.61,52.7,47.3
2017-08-11,Valenciennes,Clermont,0.0,0.0,4.0,3.0,7.0,13.0,2.0,3.0,1.0,2.0,0.0,0.0,2.5,2.88,3.2,,,,,,2.5,3.13,3.28,,Ligue 2,,20170811_Valenciennes_Clermont,0.8286011727541336,1.26,0.73,51.1,48.9
2017-08-12,Sochaux,Lens,3.0,2.0,9.0,11.0,8.0,8.0,2.0,4.0,4.0,2.0,0.0,0.0,2.25,3.1,3.4,,,,,,2.39,3.17,3.43,,Ligue 2,,20170812_Sochaux_Lens,35.58569941362293,0.79,1.12,57.8,42.2
2017-08-14,Lorient,Chateauroux,3.0,0.0,4.0,6.0,10.0,7.0,8.0,11.0,0.0,2.0,0.0,0.0,1.67,3.5,5.5,,,,,,1.54,4.06,7.73,,Ligue 2,,20170814_Lorient_Chateauroux,0.4143005863770668,2.19,1.42,50.6,49.4
2017-08-14,Nimes,Nancy,0.0,0.0,6.0,1.0,13.0,4.0,3.0,3.0,2.0,2.0,0.0,0.0,2.4,2.88,3.3,,,,,,2.16,3.36,3.77,,Ligue 2,,20170814_Nimes_Nancy,11.585699413622933,1.71,1.1,52.6,47.4
2017-08-18,Ajaccio GFCO,Quevilly Rouen,1.0,0.0,6.0,1.0,9.0,1.0,6.0,0.0,1.0,2.0,0.0,0.0,1.75,3.4,5.0,,,,,,1.93,3.37,4.77,,Ligue 2,,20170818_Ajaccio-GFCO_Quevilly-Rouen,11.599941949677941,0.35,0.31,53.8,46.2
2017-08-18,Ajaccio,Paris FC,2.0,0.0,3.0,6.0,2.0,2.0,0.0,7.0,1.0,4.0,0.0,1.0,2.0,3.1,4.2,,,,,,2.15,3.05,4.32,,Ligue 2,,20170818_Ajaccio_Paris-FC,11.171400004064935,0.72,1.51,53.6,46.4
2017-08-18,Auxerre,Orleans,1.0,3.0,5.0,8.0,9.0,2.0,8.0,5.0,0.0,2.0,0.0,0.0,2.1,3.1,3.8,,,,,,2.25,3.17,3.78,,Ligue 2,,20170818_Auxerre_Orleans,-12.414317054481671,1.06,0.83,45.5,54.5
2017-08-18,Clermont,Lorient,0.0,2.0,7.0,6.0,7.0,4.0,9.0,5.0,2.0,3.0,0.0,0.0,3.6,3.2,2.1,,,,,,3.44,3.36,2.29,,Ligue 2,,20170818_Clermont_Lorient,-0.3713723414789456,0.05,2.12,44.0,56.0
2017-08-18,Le Havre,Valenciennes,1.0,0.0,3.0,1.0,11.0,2.0,10.0,5.0,1.0,4.0,0.0,0.0,1.67,3.6,5.5,,,,,,1.66,3.7,6.6,,Ligue 2,,20170818_Le-Havre_Valenciennes,23.18572586000596,0.24,0.5,51.0,49.0
2017-08-18,Nancy,Sochaux,2.0,2.0,3.0,6.0,4.0,3.0,3.0,8.0,0.0,3.0,0.0,0.0,2.3,3.0,3.4,,,,,,2.41,3.05,3.55,,Ligue 2,,20170818_Nancy_Sochaux,-33.54658469956257,1.51,0.19,51.2,48.8
2017-08-18,Niort,Tours,2.0,1.0,5.0,3.0,4.0,4.0,7.0,2.0,4.0,3.0,0.0,0.0,2.25,3.1,3.4,,,,,,2.3,3.18,3.62,,Ligue 2,,20170818_Niort_Tours,45.55235689428446,1.12,1.63,49.7,50.3
2017-08-18,Reims,Bourg Peronnas,3.0,0.0,7.0,2.0,7.0,3.0,8.0,7.0,2.0,0.0,0.0,0.0,1.55,3.75,6.5,,,,,,1.53,4.3,7.82,,Ligue 2,,20170818_Reims_Bourg-Peronnas,45.12473337868664,1.42,0.47,48.0,52.0
2017-08-19,Lens,Brest,2.0,4.0,7.0,8.0,4.0,4.0,1.0,9.0,0.0,1.0,0.0,0.0,2.2,3.0,3.6,,,,,,2.05,3.56,3.9,,Ligue 2,,20170819_Lens_Brest,-12.002866222033617,0.9,1.13,43.4,56.6
2017-08-21,Chateauroux,Nimes,1.0,0.0,6.0,2.0,6.0,10.0,3.0,6.0,6.0,2.0,1.0,0.0,2.9,3.1,2.5,,,,,,3.95,3.45,2.07,,Ligue 2,,20170821_Chateauroux_Nimes,-11.999983531895396,1.29,0.99,46.9,53.1
2017-08-25,Bourg Peronnas,Ajaccio GFCO,2.0,0.0,4.0,3.0,7.0,8.0,3.0,3.0,1.0,3.0,0.0,0.0,3.0,3.0,2.5,,,,,,3.67,3.13,2.28,,Ligue 2,,20170825_Bourg-Peronnas_Ajaccio-GFCO,-31.99436536706571,1.92,0.57,52.1,47.9
2017-08-25,Brest,Nancy,2.0,1.0,5.0,3.0,7.0,9.0,14.0,2.0,1.0,4.0,0.0,1.0,2.25,3.2,3.3,,,,,,2.42,3.1,3.44,,Ligue 2,,20170825_Brest_Nancy,-1.1561056579985234,1.7,0.05,53.3,46.7
2017-08-25,Nimes,Le Havre,1.0,0.0,4.0,1.0,6.0,6.0,6.0,2.0,1.0,3.0,0.0,0.0,2.25,3.4,3.25,,,,,,2.4,3.37,3.22,,Ligue 2,,20170825_Nimes_Le-Havre,-59.586095333066396,1.73,0.87,47.5,52.5
2017-08-25,Paris FC,Auxerre,2.0,1.0,3.0,4.0,5.0,3.0,5.0,3.0,2.0,2.0,0.0,0.0,2.5,2.9,3.1,,,,,,2.8,2.84,3.16,,Ligue 2,,20170825_Paris-FC_Auxerre,11.985721843907868,0.71,1.35,52.0,48.0
2017-08-25,Quevilly Rouen,Clermont,0.0,2.0,4.0,8.0,4.0,4.0,6.0,8.0,2.0,2.0,0.0,0.0,3.0,2.9,2.6,,,,,,3.45,3.16,2.39,,Ligue 2,,20170825_Quevilly-Rouen_Clermont,-23.639960059984787,0.12,1.05,54.2,45.8
2017-08-25,Sochaux,Chateauroux,1.0,5.0,1.0,10.0,5.0,5.0,9.0,6.0,2.0,2.0,1.0,0.0,1.67,3.5,5.5,,,,,,1.8,3.54,5.35,,Ligue 2,,20170825_Sochaux_Chateauroux,21.191513346183,1.4,1.05,50.7,49.3
2017-08-25,Tours,Ajaccio,1.0,3.0,11.0,6.0,12.0,4.0,13.0,4.0,2.0,2.0,0.0,0.0,2.3,3.0,3.4,,,,,,2.51,3.11,3.27,,Ligue 2,,20170825_Tours_Ajaccio,-67.18795712338783,0.96,0.32,48.3,51.7
2017-08-25,Valenciennes,Niort,4.0,1.0,7.0,10.0,7.0,5.0,2.0,11.0,0.0,2.0,0.0,0.0,2.45,2.9,3.2,,,,,,2.34,3.14,3.57,,Ligue 2,,20170825_Valenciennes_Niort,-20.85033798437871,1.05,0.41,51.8,48.2
2017-08-26,Lorient,Reims,2.0,1.0,7.0,3.0,6.0,10.0,11.0,4.0,1.0,2.0,0.0,0.0,2.0,3.1,4.2,,,,,,2.19,3.15,3.98,,Ligue 2,,20170826_Lorient_Reims,-20.84393657113992,0.4,0.71,47.0,53.0
2017-08-28,Orleans,Lens,2.0,0.0,2.0,2.0,4.0,6.0,3.0,4.0,1.0,1.0,0.0,0.0,2.55,2.88,3.1,,,,,,2.75,3.15,2.9,,Ligue 2,,20170828_Orleans_Lens,58.332208722021505,0.69,0.58,46.6,53.4
2017-09-08,Ajaccio GFCO,Sochaux,0.0,1.0,3.0,7.0,7.0,11.0,4.0,4.0,1.0,3.0,0.0,0.0,2.25,3.0,3.5,,,,,,2.38,2.96,3.74,,Ligue 2,,20170908_Ajaccio-GFCO_Sochaux,-10.790603887192901,0.14,0.68,42.7,57.3
2017-09-08,Ajaccio,Nimes,1.0,4.0,5.0,7.0,4.0,2.0,6.0,6.0,2.0,3.0,0.0,0.0,2.5,3.1,2.9,,,,,,2.77,3.03,3.0,,Ligue 2,,20170908_Ajaccio_Nimes,31.284109585834813,1.03,1.28,45.2,54.8
2017-09-08,Auxerre,Tours,1.0,1.0,4.0,5.0,6.0,3.0,6.0,2.0,1.0,4.0,0.0,1.0,2.0,3.0,4.5,,,,,,2.04,3.15,4.6,,Ligue 2,,20170908_Auxerre_Tours,18.923981878010636,1.27,1.17,42.1,57.9
2017-09-08,Chateauroux,Quevilly Rouen,3.0,2.0,10.0,9.0,1.0,3.0,3.0,10.0,0.0,1.0,0.0,0.0,1.91,3.25,4.33,,,,,,2.06,3.27,4.3,,Ligue 2,,20170908_Chateauroux_Quevilly-Rouen,47.94290897516248,1.97,0.79,49.4,50.6
2017-09-08,Clermont,Bourg Peronnas,4.0,1.0,10.0,5.0,7.0,2.0,6.0,4.0,1.0,3.0,0.0,0.0,1.73,3.5,5.0,,,,,,1.81,3.83,4.74,,Ligue 2,,20170908_Clermont_Bourg-Peronnas,18.918210695670496,1.67,0.71,47.2,52.8
2017-09-08,Le Havre,Orleans,1.0,1.0,2.0,4.0,6.0,6.0,6.0,10.0,1.0,2.0,0.0,0.0,1.75,3.5,4.75,,,,,,1.78,3.62,5.34,,Ligue 2,,20170908_Le-Havre_Orleans,10.758288926332625,0.97,1.42,48.3,51.7
2017-09-08,Nancy,Valenciennes,3.0,0.0,6.0,5.0,5.0,5.0,5.0,6.0,1.0,3.0,0.0,0.0,1.73,3.5,5.0,,,,,,1.72,3.53,6.19,,Ligue 2,,20170908_Nancy_Valenciennes,-35.975135003312516,1.5,0.1,54.6,45.4
2017-09-08,Niort,Paris FC,0.0,2.0,2.0,6.0,4.0,10.0,2.0,6.0,2.0,1.0,1.0,0.0,2.2,3.0,3.6,,,,,,2.64,2.93,3.28,,Ligue 2,,20170908_Niort_Paris-FC,9.330160483277723,0.05,1.31,51.2,48.8
2017-09-09,Lens,Lorient,2.0,3.0,5.0,7.0,1.0,2.0,7.0,4.0,5.0,4.0,1.0,0.0,3.0,3.0,2.5,,,,,,2.95,3.22,2.66,,Ligue 2,,20170909_Lens_Lorient,-93.05671580253897,0.53,1.38,49.6,50.4
2017-09-11,Reims,Brest,0.0,1.0,6.0,1.0,10.0,1.0,7.0,1.0,0.0,3.0,0.0,0.0,1.85,3.3,4.5,,,,,,1.92,3.54,4.52,,Ligue 2,,20170911_Reims_Brest,31.244535234727437,0.73,1.54,55.7,44.3
2017-09-15,Ajaccio GFCO,Clermont,2.0,1.0,4.0,4.0,9.0,5.0,5.0,5.0,3.0,2.0,1.0,2.0,2.3,3.1,3.25,,,,,,2.57,3.09,3.21,,Ligue 2,,20170915_Ajaccio-GFCO_Clermont,-36.102370364625585,0.91,0.74,47.8,52.2
2017-09-15,Bourg Peronnas,Chateauroux,3.0,0.0,6.0,7.0,2.0,8.0,7.0,6.0,2.0,0.0,0.0,0.0,2.5,3.1,2.9,,,,,,2.95,3.19,2.68,,Ligue 2,,20170915_Bourg-Peronnas_Chateauroux,-42.55340930362513,1.54,0.05,51.9,48.1
2017-09-15,Brest,Le Havre,1.0,0.0,6.0,0.0,8.0,11.0,11.0,2.0,1.0,0.0,0.0,0.0,2.5,3.1,2.9,,,,,,2.71,3.14,2.96,,Ligue 2,,20170915_Brest_Le-Havre,-18.432788672368588,2.03,0.6,50.2,49.8
2017-09-15,Lorient,Ajaccio,2.0,0.0,5.0,2.0,4.0,4.0,4.0,4.0,2.0,1.0,0.0,0.0,1.5,3.9,7.0,,,,,,1.55,4.19,6.8,,Ligue 2,,20170915_Lorient_Ajaccio,26.12228805481186,1.05,0.84,51.1,48.9
2017-09-15,Nimes,Auxerre,3.0,0.0,10.0,1.0,3.0,2.0,6.0,3.0,2.0,4.0,0.0,1.0,1.83,3.2,4.75,,,,,,1.99,3.27,4.6,,Ligue 2,,20170915_Nimes_Auxerre,50.12625825564919,1.1,1.25,45.4,54.6
2017-09-15,Orleans,Niort,3.0,1.0,5.0,3.0,1.0,8.0,4.0,8.0,1.0,2.0,0.0,0.0,1.91,3.2,4.33,,,,,,2.03,3.26,4.42,,Ligue 2,,20170915_Orleans_Niort,25.35268753983246,1.61,1.15,55.8,44.2
2017-09-15,Paris FC,Tours,2.0,0.0,3.0,3.0,2.0,4.0,6.0,4.0,1.0,1.0,0.0,0.0,2.1,3.1,3.75,,,,,,2.36,2.99,3.74,,Ligue 2,,20170915_Paris-FC_Tours,65.75129697478337,0.7,0.39,53.3,46.7
2017-09-15,Quevilly Rouen,Nancy,2.0,0.0,4.0,6.0,3.0,1.0,5.0,5.0,2.0,1.0,0.0,0.0,3.8,3.2,2.05,,,,,,3.88,3.2,2.2,,Ligue 2,,20170915_Quevilly-Rouen_Nancy,-36.71968288229505,0.74,1.02,57.9,42.1
2017-09-15,Valenciennes,Lens,1.0,0.0,1.0,1.0,5.0,4.0,6.0,5.0,3.0,3.0,0.0,0.0,3.1,3.1,2.38,,,,,,3.18,3.32,2.44,,Ligue 2,,20170915_Valenciennes_Lens,65.89190667893013,0.94,0.6,47.2,52.8
2017-09-16,Sochaux,Reims,2.0,4.0,4.0,6.0,4.0,7.0,2.0,6.0,3.0,3.0,1.0,0.0,2.7,3.0,2.8,,,,,,3.03,3.06,2.72,,Ligue 2,,20170916_Sochaux_Reims,1.0807345778123363,1.53,1.84,51.2,48.8
2017-09-18,Lens,Quevilly Rouen,2.0,0.0,4.0,3.0,2.0,4.0,6.0,5.0,4.0,3.0,1.0,0.0,1.73,3.5,5.0,,,,,,1.63,4.06,6.04,,Ligue 2,,20170918_Lens_Quevilly-Rouen,-42.687944409727606,0.84,0.71,50.2,49.8
2017-09-19,Ajaccio,Valenciennes,3.0,0.0,12.0,2.0,1.0,3.0,4.0,4.0,1.0,3.0,0.0,0.0,2.05,3.1,4.0,,,,,,1.96,3.25,4.82,,Ligue 2,,20170919_Ajaccio_Valenciennes,-2.086719802954349,0.96,0.8,46.4,53.6
2017-09-19,Auxerre,Lorient,1.0,0.0,7.0,5.0,5.0,1.0,8.0,10.0,1.0,2.0,0.0,1.0,3.5,3.2,2.15,,,,,,3.31,3.19,2.45,,Ligue 2,,20170919_Auxerre_Lorient,-102.75752569556084,0.47,1.48,49.0,51.0
2017-09-19,Chateauroux,Clermont,0.0,2.0,3.0,6.0,7.0,7.0,4.0,4.0,2.0,1.0,0.0,0.0,2.5,3.1,2.9,,,,,,2.62,3.27,2.97,,Ligue 2,,20170919_Chateauroux_Clermont,0.7207580638930722,0.4,2.04,55.3,44.7
2017-09-19,Le Havre,Sochaux,1.0,0.0,3.0,5.0,13.0,12.0,5.0,11.0,3.0,2.0,0.0,0.0,1.73,3.3,5.5,,,,,,1.69,3.8,5.87,,Ligue 2,,20170919_Le-Havre_Sochaux,11.661293258867317,0.29,1.26,52.7,47.3
2017-09-19,Nancy,Bourg Peronnas,2.0,1.0,5.0,2.0,11.0,2.0,6.0,6.0,2.0,3.0,0.0,0.0,1.62,3.4,6.5,,,,,,1.86,3.45,5.0,,Ligue 2,,20170919_Nancy_Bourg-Peronnas,-16.10488860172245,0.93,1.06,46.4,53.6
2017-09-19,Niort,Brest,0.0,2.0,4.0,3.0,9.0,5.0,7.0,2.0,3.0,5.0,0.0,0.0,2.9,3.1,2.5,,,,,,3.01,3.17,2.66,,Ligue 2,,20170919_Niort_Brest,-40.69721836202348,1.2,0.98,52.1,47.9
2017-09-19,Paris FC,Orleans,1.0,0.0,5.0,0.0,12.0,1.0,8.0,2.0,2.0,3.0,0.0,0.0,2.3,3.0,3.4,,,,,,2.28,3.08,3.83,,Ligue 2,,20170919_Paris-FC_Orleans,-11.408639256616198,0.47,1.39,50.0,50.0
2017-09-19,Reims,Ajaccio GFCO,5.0,0.0,8.0,2.0,7.0,8.0,4.0,4.0,1.0,3.0,0.0,0.0,1.65,3.5,6.0,,,,,,1.65,3.86,6.28,,Ligue 2,,20170919_Reims_Ajaccio-GFCO,31.759584416527105,1.12,1.67,53.4,46.6
2017-09-19,Tours,Nimes,0.0,4.0,3.0,7.0,8.0,9.0,6.0,5.0,2.0,3.0,0.0,0.0,3.3,3.25,2.2,,,,,,3.02,3.39,2.5,,Ligue 2,,20170919_Tours_Nimes,-87.78068174243276,1.48,1.19,48.6,51.4
2017-09-22,Ajaccio GFCO,Chateauroux,2.0,1.0,5.0,4.0,4.0,6.0,8.0,1.0,1.0,2.0,0.0,0.0,1.85,3.3,4.5,,,,,,1.89,3.31,5.14,,Ligue 2,,20170922_Ajaccio-GFCO_Chateauroux,-9.219416183868134,0.89,0.37,55.5,44.5
2017-09-22,Bourg Peronnas,Le Havre,2.0,1.0,3.0,4.0,9.0,5.0,6.0,4.0,1.0,2.0,0.0,0.0,3.75,3.25,2.05,,,,,,3.8,3.25,2.2,,Ligue 2,,20170922_Bourg-Peronnas_Le-Havre,-49.87051987369205,1.07,0.63,54.4,45.6
2017-09-22,Brest,Paris FC,1.0,1.0,4.0,3.0,4.0,6.0,6.0,4.0,1.0,2.0,0.0,0.0,1.95,3.0,4.5,,,,,,2.04,3.25,4.4,,Ligue 2,,20170922_Brest_Paris-FC,2.7082326111526527,0.8,1.12,46.1,53.9
2017-09-22,Nimes,Niort,1.0,5.0,10.0,7.0,7.0,2.0,8.0,6.0,3.0,3.0,0.0,0.0,1.53,4.0,6.25,,,,,,1.56,4.48,6.29,,Ligue 2,,20170922_Nimes_Niort,58.34554464577968,1.43,0.93,49.5,50.5
2017-09-22,Orleans,Tours,1.0,1.0,2.0,4.0,5.0,3.0,5.0,8.0,1.0,0.0,0.0,0.0,1.91,3.1,4.5,,,,,,2.22,3.31,3.68,,Ligue 2,,20170922_Orleans_Tours,93.30862353293764,0.79,0.77,51.7,48.3
2017-09-22,Quevilly Rouen,Reims,1.0,2.0,4.0,6.0,6.0,7.0,9.0,5.0,3.0,1.0,0.0,0.0,5.5,3.6,1.65,,,,,,6.4,3.88,1.64,,Ligue 2,,20170922_Quevilly-Rouen_Reims,-87.7205073990865,0.95,2.39,48.1,51.9
2017-09-22,Sochaux,Ajaccio,1.0,6.0,4.0,11.0,2.0,4.0,1.0,0.0,1.0,0.0,2.0,1.0,2.05,3.2,3.8,,,,,,2.23,3.18,3.83,,Ligue 2,,20170922_Sochaux_Ajaccio,-23.935379419526953,1.23,1.86,48.1,51.9
2017-09-22,Valenciennes,Auxerre,0.0,2.0,1.0,7.0,6.0,4.0,6.0,5.0,1.0,1.0,0.0,0.0,3.2,2.9,2.4,,,,,,3.01,3.15,2.66,,Ligue 2,,20170922_Valenciennes_Auxerre,29.00182564759666,1.26,0.77,52.8,47.2
2017-09-23,Lorient,Nancy,0.0,0.0,2.0,3.0,2.0,4.0,4.0,4.0,2.0,4.0,0.0,0.0,1.75,3.5,4.75,,,,,,1.75,3.74,5.37,,Ligue 2,,20170923_Lorient_Nancy,50.74304948673125,0.71,0.05,50.3,49.7
2017-09-25,Clermont,Lens,1.0,0.0,4.0,9.0,4.0,6.0,4.0,9.0,3.0,2.0,0.0,0.0,2.38,3.2,3.0,,,,,,2.33,3.43,3.29,,Ligue 2,,20170925_Clermont_Lens,82.45106812695872,1.18,0.34,60.5,39.5
2017-09-29,Ajaccio,Bourg Peronnas,2.0,0.0,4.0,3.0,5.0,4.0,5.0,3.0,2.0,2.0,0.0,0.0,1.8,3.6,4.33,,,,,,1.83,3.73,4.76,,Ligue 2,,20170929_Ajaccio_Bourg-Peronnas,36.41371008358533,1.18,0.8,49.5,50.5
2017-09-29,Auxerre,Sochaux,2.0,0.0,9.0,3.0,3.0,6.0,6.0,2.0,3.0,0.0,0.0,0.0,1.91,3.1,4.5,,,,,,2.02,3.31,4.37,,Ligue 2,,20170929_Auxerre_Sochaux,-2.9498960512191843,1.61,1.12,47.2,52.8
2017-09-29,Lens,Ajaccio GFCO,2.0,0.0,8.0,1.0,10.0,7.0,4.0,0.0,0.0,2.0,0.0,0.0,1.85,3.2,4.75,,,,,,1.96,3.45,4.44,,Ligue 2,,20170929_Lens_Ajaccio-GFCO,-71.42549768918184,1.61,1.75,46.1,53.9
2017-09-29,Nancy,Chateauroux,4.0,1.0,10.0,2.0,6.0,2.0,5.0,3.0,1.0,3.0,0.0,2.0,1.75,3.3,5.25,,,,,,1.88,3.36,5.08,,Ligue 2,,20170929_Nancy_Chateauroux,6.905915386248353,2.66,1.19,50.1,49.9
2017-09-29,Niort,Quevilly Rouen,2.0,1.0,5.0,3.0,5.0,3.0,8.0,4.0,3.0,3.0,0.0,0.0,1.83,3.25,4.5,,,,,,1.89,3.72,4.37,,Ligue 2,,20170929_Niort_Quevilly-Rouen,44.05257366882279,1.68,1.1,48.5,51.5
2017-09-29,Orleans,Valenciennes,3.0,4.0,9.0,8.0,0.0,3.0,9.0,7.0,4.0,2.0,0.0,0.0,1.75,3.3,5.25,,,,,,1.9,3.59,4.51,,Ligue 2,,20170929_Orleans_Valenciennes,32.58531471473589,2.1,1.93,55.5,44.5
2017-09-29,Paris FC,Nimes,2.0,1.0,4.0,5.0,0.0,6.0,1.0,5.0,4.0,2.0,0.0,0.0,3.2,3.0,2.38,,,,,,2.91,3.1,2.78,,Ligue 2,,20170929_Paris-FC_Nimes,14.93495296557171,2.06,1.74,51.8,48.2
2017-09-29,Tours,Brest,1.0,2.0,6.0,6.0,2.0,1.0,6.0,6.0,1.0,2.0,0.0,0.0,2.6,3.1,2.8,,,,,,3.2,3.24,2.47,,Ligue 2,,20170929_Tours_Brest,-106.1550220967581,1.06,2.08,53.1,46.9
2017-09-30,Reims,Clermont,1.0,0.0,3.0,5.0,5.0,11.0,6.0,5.0,1.0,2.0,0.0,0.0,1.67,3.75,5.0,,,,,,1.76,3.63,5.53,,Ligue 2,,20170930_Reims_Clermont,20.8518501660335,0.2,0.46,58.7,41.3
2017-10-02,Le Havre,Lorient,3.0,2.0,7.0,6.0,4.0,9.0,7.0,11.0,3.0,0.0,0.0,0.0,2.55,2.88,3.1,,,,,,2.69,3.21,2.93,,Ligue 2,,20171002_Le-Havre_Lorient,-21.849818204429084,2.02,1.75,40.1,59.9
2017-10-13,Ajaccio GFCO,Nancy,2.0,1.0,2.0,5.0,3.0,5.0,1.0,1.0,3.0,3.0,0.0,0.0,2.5,3.0,3.0,,,,,,2.81,3.04,2.95,,Ligue 2,,20171013_Ajaccio-GFCO_Nancy,-17.682909390290206,1.57,1.07,45.5,54.5
2017-10-13,Bourg Peronnas,Lens,0.0,6.0,7.0,8.0,4.0,7.0,6.0,4.0,1.0,0.0,0.0,0.0,3.4,3.3,2.15,,,,,,3.91,3.58,2.05,,Ligue 2,,20171013_Bourg-Peronnas_Lens,40.69813595332016,0.84,1.18,43.2,56.8
2017-10-13,Brest,Auxerre,1.0,1.0,3.0,2.0,9.0,3.0,11.0,0.0,0.0,1.0,0.0,0.0,2.05,3.1,4.2,,,,,,2.25,3.21,3.72,,Ligue 2,,20171013_Brest_Auxerre,51.071354469544985,2.38,2.02,54.6,45.4
2017-10-13,Chateauroux,Reims,3.0,1.0,8.0,8.0,1.0,11.0,0.0,5.0,5.0,2.0,1.0,0.0,4.33,3.2,1.91,,,,,,4.36,3.51,1.96,,Ligue 2,,20171013_Chateauroux_Reims,-88.74593166444015,1.36,0.45,46.4,53.6
2017-10-13,Nimes,Orleans,4.0,1.0,10.0,5.0,7.0,4.0,6.0,4.0,1.0,5.0,0.0,0.0,1.7,3.5,5.25,,,,,,1.83,3.69,4.83,,Ligue 2,,20171013_Nimes_Orleans,3.322884140447968,0.88,0.24,42.3,57.7
2017-10-13,Quevilly Rouen,Ajaccio,0.0,1.0,2.0,5.0,7.0,1.0,5.0,2.0,2.0,2.0,0.0,0.0,3.3,3.2,2.25,,,,,,3.49,3.3,2.3,,Ligue 2,,20171013_Quevilly-Rouen_Ajaccio,-107.59958005430212,0.25,2.28,54.9,45.1
2017-10-13,Sochaux,Paris FC,1.0,0.0,4.0,1.0,6.0,4.0,3.0,4.0,3.0,2.0,0.0,0.0,2.3,3.1,3.2,,,,,,2.32,3.12,3.64,,Ligue 2,,20171013_Sochaux_Paris-FC,-72.84502622448144,0.95,0.56,42.1,57.9
2017-10-13,Valenciennes,Tours,2.0,0.0,4.0,3.0,5.0,2.0,5.0,2.0,2.0,3.0,0.0,0.0,2.38,3.0,3.2,,,,,,2.76,3.28,2.8,,Ligue 2,,20171013_Valenciennes_Tours,75.99408964069517,0.18,1.16,55.4,44.6
2017-10-14,Clermont,Le Havre,3.0,0.0,5.0,8.0,5.0,5.0,4.0,5.0,3.0,1.0,0.0,0.0,2.45,3.1,3.0,,,,,,2.25,3.35,3.55,,Ligue 2,,20171014_Clermont_Le-Havre,-11.501085806851052,1.17,1.07,43.3,56.7
2017-10-16,Lorient,Niort,0.0,0.0,5.0,6.0,12.0,3.0,5.0,2.0,1.0,3.0,0.0,0.0,1.44,4.2,7.5,,,,,,1.52,4.51,6.96,,Ligue 2,,20171016_Lorient_Niort,26.958435039608275,0.77,0.61,57.0,43.0
2017-10-20,Auxerre,Quevilly Rouen,2.0,1.0,7.0,3.0,6.0,5.0,6.0,3.0,4.0,3.0,0.0,0.0,1.72,3.5,5.0,,,,,,1.83,3.59,4.99,,Ligue 2,,20171020_Auxerre_Quevilly-Rouen,69.86948939457625,0.61,0.64,50.8,49.2
2017-10-20,Le Havre,Chateauroux,1.0,1.0,7.0,5.0,5.0,2.0,9.0,4.0,2.0,1.0,0.0,1.0,1.66,3.6,5.25,,,,,,1.81,3.78,4.79,,Ligue 2,,20171020_Le-Havre_Chateauroux,29.43653849125485,1.02,0.63,45.0,55.0
2017-10-20,Nancy,Clermont,2.0,2.0,6.0,6.0,10.0,7.0,7.0,6.0,3.0,2.0,0.0,0.0,2.2,3.0,3.6,,,,,,2.15,3.1,4.21,,Ligue 2,,20171020_Nancy_Clermont,-39.91112252836615,1.43,0.46,43.6,56.4
2017-10-20,Nimes,Brest,4.0,0.0,7.0,2.0,11.0,1.0,10.0,3.0,1.0,3.0,0.0,2.0,1.9,3.39,4.0,,,,,,1.99,3.61,4.06,,Ligue 2,,20171020_Nimes_Brest,-23.747535583374656,2.19,0.94,46.4,53.6
2017-10-20,Niort,Bourg Peronnas,2.0,0.0,7.0,3.0,6.0,8.0,4.0,4.0,2.0,1.0,0.0,0.0,1.75,3.75,4.33,,,,,,1.76,3.87,5.07,,Ligue 2,,20171020_Niort_Bourg-Peronnas,29.66217944767436,0.93,0.47,49.5,50.5
2017-10-20,Orleans,Lorient,1.0,2.0,4.0,7.0,2.0,10.0,4.0,8.0,4.0,2.0,0.0,0.0,3.39,3.2,2.2,,,,,,4.11,3.38,2.06,,Ligue 2,,20171020_Orleans_Lorient,-32.85572748615709,1.81,1.87,47.9,52.1
2017-10-20,Paris FC,Valenciennes,3.0,2.0,5.0,3.0,5.0,4.0,6.0,2.0,1.0,2.0,0.0,0.0,1.9,3.25,4.33,,,,,,1.96,3.3,4.59,,Ligue 2,,20171020_Paris-FC_Valenciennes,23.67170247511376,1.69,1.47,46.4,53.6
2017-10-20,Tours,Sochaux,0.0,1.0,1.0,5.0,5.0,8.0,4.0,10.0,4.0,2.0,1.0,0.0,2.39,3.2,3.0,,,,,,2.74,3.2,2.87,,Ligue 2,,20171020_Tours_Sochaux,-74.6129203225928,1.3,0.63,52.8,47.2
2017-10-21,Lens,Reims,0.0,1.0,7.0,2.0,3.0,4.0,9.0,1.0,1.0,1.0,0.0,0.0,2.62,3.25,2.62,,,,,,2.6,3.33,2.94,,Ligue 2,,20171021_Lens_Reims,-90.16037925596402,0.45,0.41,45.5,54.5
2017-10-23,Ajaccio,Ajaccio GFCO,2.0,0.0,2.0,4.0,5.0,5.0,5.0,1.0,3.0,1.0,0.0,0.0,2.14,3.2,3.5,,,,,,2.42,3.21,3.33,,Ligue 2,,20171023_Ajaccio_Ajaccio-GFCO,51.833544531227744,0.7,0.44,48.6,51.4
2017-10-27,Ajaccio GFCO,Paris FC,0.0,0.0,4.0,6.0,2.0,4.0,4.0,5.0,2.0,3.0,0.0,0.0,2.45,2.89,3.29,,,,,,2.45,2.99,3.53,,Ligue 2,,20171027_Ajaccio-GFCO_Paris-FC,-54.07394706756418,0.41,1.44,47.3,52.7
2017-10-27,Bourg Peronnas,Auxerre,1.0,1.0,5.0,4.0,0.0,5.0,5.0,8.0,3.0,1.0,0.0,0.0,3.25,3.0,2.37,,,,,,3.09,3.36,2.48,,Ligue 2,,20171027_Bourg-Peronnas_Auxerre,-45.775413551778456,1.39,0.89,47.4,52.6
2017-10-27,Brest,Orleans,0.0,1.0,7.0,1.0,7.0,1.0,8.0,2.0,3.0,5.0,0.0,0.0,1.8,3.5,4.5,,,,,,1.81,3.57,5.18,,Ligue 2,,20171027_Brest_Orleans,48.890528184921095,0.71,0.84,48.9,51.1
2017-10-27,Quevilly Rouen,Le Havre,0.0,2.0,5.0,5.0,8.0,1.0,11.0,2.0,3.0,2.0,0.0,0.0,3.39,3.29,2.14,,,,,,3.34,3.43,2.3,,Ligue 2,,20171027_Quevilly-Rouen_Le-Havre,-100.2472055535045,0.15,1.26,41.7,58.3
2017-10-27,Sochaux,Niort,2.0,1.0,5.0,4.0,8.0,7.0,5.0,10.0,2.0,1.0,0.0,0.0,2.1,3.2,3.6,,,,,,1.98,3.54,4.19,,Ligue 2,,20171027_Sochaux_Niort,-14.525153950848335,1.22,0.71,46.5,53.5
2017-10-28,Clermont,Ajaccio,1.0,1.0,5.0,6.0,6.0,1.0,2.0,5.0,0.0,1.0,1.0,0.0,2.1,3.1,3.79,,,,,,2.2,3.38,3.63,,Ligue 2,,20171028_Clermont_Ajaccio,-31.055298641708305,1.91,0.8,47.1,52.9
2017-10-28,Lorient,Tours,2.0,0.0,10.0,4.0,10.0,3.0,7.0,3.0,0.0,3.0,0.0,1.0,1.44,4.2,7.5,,,,,,1.5,4.42,7.47,,Ligue 2,,20171028_Lorient_Tours,133.05232316609477,1.31,0.65,52.6,47.4
2017-10-28,Reims,Nancy,3.0,0.0,7.0,0.0,6.0,3.0,9.0,3.0,2.0,3.0,0.0,0.0,1.8,3.2,5.0,,,,,,2.08,3.22,4.27,,Ligue 2,,20171028_Reims_Nancy,63.50859747778509,1.18,0.36,47.6,52.4
2017-10-28,Valenciennes,Nimes,1.0,2.0,5.0,7.0,6.0,7.0,5.0,9.0,2.0,4.0,0.0,0.0,3.39,3.39,2.1,,,,,,4.61,3.67,1.86,,Ligue 2,,20171028_Valenciennes_Nimes,-36.13537478665057,1.15,0.83,53.2,46.8
2017-10-30,Chateauroux,Lens,0.0,0.0,2.0,5.0,6.0,5.0,4.0,7.0,0.0,2.0,0.0,0.0,3.29,3.2,2.25,,,,,,3.66,3.57,2.12,,Ligue 2,,20171030_Chateauroux_Lens,41.38317937770762,0.33,0.09,51.6,48.4
2017-11-03,Ajaccio,Chateauroux,1.0,2.0,6.0,6.0,5.0,7.0,5.0,2.0,4.0,1.0,1.0,0.0,1.6,3.79,5.5,,,,,,1.76,3.68,5.42,,Ligue 2,,20171103_Ajaccio_Chateauroux,71.75104071535952,0.72,1.81,49.5,50.5
2017-11-03,Auxerre,Ajaccio GFCO,0.0,1.0,2.0,4.0,7.0,5.0,3.0,3.0,2.0,3.0,0.0,0.0,2.14,3.0,3.75,,,,,,2.34,2.99,3.79,,Ligue 2,,20171103_Auxerre_Ajaccio-GFCO,13.724366958899509,0.86,0.86,46.7,53.3
2017-11-03,Nimes,Quevilly Rouen,4.0,1.0,10.0,6.0,9.0,5.0,6.0,2.0,1.0,1.0,0.0,0.0,1.39,4.5,8.0,,,,,,1.41,5.25,8.11,,Ligue 2,,20171103_Nimes_Quevilly-Rouen,135.51534133528367,2.35,0.68,61.7,38.3
2017-11-03,Niort,Clermont,1.0,1.0,9.0,4.0,1.0,8.0,5.0,5.0,3.0,2.0,0.0,0.0,2.62,3.2,2.7,,,,,,2.46,3.36,3.12,,Ligue 2,,20171103_Niort_Clermont,-31.80343478787063,0.92,1.75,43.8,56.2
2017-11-03,Orleans,Sochaux,3.0,3.0,4.0,9.0,5.0,6.0,3.0,5.0,3.0,4.0,0.0,0.0,2.62,3.0,2.87,,,,,,2.7,3.22,2.9,,Ligue 2,,20171103_Orleans_Sochaux,-13.901021696145335,0.46,1.61,47.9,52.1
2017-11-03,Paris FC,Lorient,1.0,1.0,3.0,5.0,6.0,3.0,3.0,5.0,1.0,1.0,0.0,0.0,3.6,3.1,2.14,,,,,,3.65,3.21,2.28,,Ligue 2,,20171103_Paris-FC_Lorient,-3.377798558955419,0.91,1.08,52.9,47.1
2017-11-03,Tours,Bourg Peronnas,3.0,2.0,9.0,3.0,5.0,5.0,6.0,3.0,0.0,2.0,0.0,0.0,2.0,3.39,3.75,,,,,,2.04,3.46,4.08,,Ligue 2,,20171103_Tours_Bourg-Peronnas,-65.63232885014736,1.23,1.17,55.6,44.4
2017-11-03,Valenciennes,Brest,0.0,0.0,4.0,3.0,5.0,11.0,5.0,4.0,2.0,3.0,1.0,0.0,3.0,3.2,2.39,,,,,,3.37,3.29,2.36,,Ligue 2,,20171103_Valenciennes_Brest,-31.323886975301093,0.6,1.59,46.3,53.7
2017-11-04,Nancy,Lens,1.0,1.0,6.0,3.0,3.0,5.0,2.0,3.0,3.0,2.0,0.0,0.0,2.37,3.1,3.2,,,,,,2.82,3.24,2.77,,Ligue 2,,20171104_Nancy_Lens,33.30665749975515,0.69,1.15,59.2,40.8
2017-11-06,Le Havre,Reims,0.0,0.0,4.0,10.0,4.0,7.0,5.0,9.0,1.0,2.0,0.0,1.0,2.6,3.1,2.79,,,,,,2.65,3.32,2.89,,Ligue 2,,20171106_Le-Havre_Reims,-40.47731771835561,1.44,1.24,49.6,50.4
2017-11-17,Ajaccio GFCO,Le Havre,1.0,1.0,3.0,5.0,4.0,4.0,8.0,4.0,2.0,1.0,0.0,0.0,2.79,3.0,2.7,,,,,,3.06,3.1,2.66,,Ligue 2,,20171117_Ajaccio-GFCO_Le-Havre,-23.984954302160986,0.05,1.17,52.1,47.9
2017-11-17,Bourg Peronnas,Valenciennes,1.0,3.0,3.0,8.0,1.0,3.0,1.0,4.0,2.0,1.0,0.0,0.0,2.35,3.25,3.0,,,,,,2.29,3.41,3.38,,Ligue 2,,20171117_Bourg-Peronnas_Valenciennes,-39.652185956611675,0.41,1.33,50.9,49.1
2017-11-17,Chateauroux,Tours,1.0,0.0,2.0,2.0,6.0,7.0,6.0,2.0,2.0,2.0,0.0,0.0,2.2,3.25,3.29,,,,,,2.4,3.25,3.33,,Ligue 2,,20171117_Chateauroux_Tours,92.34859214803373,0.53,2.03,52.0,48.0
2017-11-17,Clermont,Auxerre,1.0,0.0,6.0,5.0,4.0,5.0,5.0,8.0,0.0,0.0,0.0,0.0,1.9,3.2,4.33,,,,,,2.04,3.36,4.23,,Ligue 2,,20171117_Clermont_Auxerre,38.09510890448837,0.64,0.8,54.3,45.7
2017-11-17,Nancy,Ajaccio,2.0,2.0,5.0,2.0,0.0,3.0,3.0,4.0,2.0,3.0,0.0,0.0,2.14,3.1,3.7,,,,,,2.3,3.11,3.73,,Ligue 2,,20171117_Nancy_Ajaccio,-63.68566328103839,1.96,2.16,49.1,50.9
2017-11-17,Quevilly Rouen,Orleans,1.0,0.0,8.0,1.0,7.0,5.0,7.0,6.0,2.0,2.0,0.0,0.0,2.39,3.39,2.79,,,,,,2.28,3.55,3.28,,Ligue 2,,20171117_Quevilly-Rouen_Orleans,-95.67871360968934,0.78,0.05,41.6,58.4
2017-11-17,Reims,Paris FC,1.0,1.0,1.0,4.0,7.0,5.0,6.0,2.0,2.0,3.0,0.0,0.0,1.72,3.39,5.25,,,,,,1.74,3.55,5.97,,Ligue 2,,20171117_Reims_Paris-FC,23.667373348266437,0.99,1.16,49.6,50.4
2017-11-17,Sochaux,Nimes,2.0,1.0,4.0,6.0,2.0,1.0,6.0,3.0,3.0,1.0,0.0,0.0,2.62,3.29,2.6,,,,,,2.54,3.47,2.92,,Ligue 2,,20171117_Sochaux_Nimes,-41.98177622703179,0.24,0.91,50.1,49.9
2017-11-18,Lorient,Brest,4.0,2.0,8.0,6.0,9.0,7.0,6.0,3.0,0.0,2.0,0.0,0.0,1.75,3.5,4.75,,,,,,1.85,3.8,4.55,,Ligue 2,,20171118_Lorient_Brest,27.95895839676291,2.04,1.23,48.1,51.9
2017-11-20,Lens,Niort,3.0,1.0,11.0,3.0,3.0,6.0,4.0,3.0,2.0,2.0,0.0,0.0,1.7,3.5,5.25,,,,,,1.64,4.1,5.85,,Ligue 2,,20171120_Lens_Niort,-49.51834333660531,1.36,0.93,46.4,53.6
2017-11-24,Ajaccio,Reims,0.0,1.0,2.0,3.0,4.0,3.0,4.0,2.0,4.0,1.0,0.0,0.0,2.7,3.2,2.6,,,,,,3.3,3.3,2.39,,Ligue 2,,20171124_Ajaccio_Reims,-20.59838272037905,1.12,0.88,49.8,50.2
2017-11-24,Auxerre,Nancy,1.0,1.0,6.0,5.0,8.0,3.0,4.0,4.0,0.0,0.0,0.0,0.0,2.5,2.89,3.1,,,,,,2.54,2.98,3.38,,Ligue 2,,20171124_Auxerre_Nancy,-2.8418610293060738,1.16,1.47,50.2,49.8
2017-11-24,Brest,Sochaux,1.0,0.0,8.0,10.0,5.0,7.0,3.0,13.0,2.0,2.0,1.0,0.0,1.95,3.5,3.75,,,,,,2.13,3.52,3.69,,Ligue 2,,20171124_Brest_Sochaux,-17.444107825484707,1.51,0.05,52.5,47.5
2017-11-24,Nimes,Bourg Peronnas,4.0,0.0,9.0,2.0,6.0,5.0,3.0,4.0,2.0,4.0,0.0,0.0,1.33,5.0,8.5,,,,,,1.35,5.68,9.43,,Ligue 2,,20171124_Nimes_Bourg-Peronnas,100.958023342861,1.11,0.7,51.2,48.8
2017-11-24,Niort,Chateauroux,2.0,1.0,6.0,4.0,7.0,5.0,9.0,3.0,3.0,1.0,0.0,0.0,1.95,3.29,4.0,,,,,,2.02,3.52,4.08,,Ligue 2,,20171124_Niort_Chateauroux,-24.898582613266854,0.98,0.69,43.7,56.3
2017-11-24,Orleans,Clermont,1.0,2.0,8.0,4.0,3.0,7.0,4.0,4.0,1.0,3.0,0.0,0.0,2.89,3.1,2.5,,,,,,3.05,3.28,2.55,,Ligue 2,,20171124_Orleans_Clermont,-59.56460599535558,0.98,2.14,44.9,55.1
2017-11-24,Paris FC,Quevilly Rouen,2.0,0.0,5.0,3.0,4.0,6.0,5.0,5.0,2.0,2.0,0.0,1.0,1.72,3.5,5.0,,,,,,1.88,3.41,4.95,,Ligue 2,,20171124_Paris-FC_Quevilly-Rouen,126.06240111633838,2.16,0.68,49.1,50.9
2017-11-24,Tours,Ajaccio GFCO,1.0,2.0,9.0,3.0,10.0,3.0,7.0,1.0,2.0,2.0,0.0,0.0,2.14,3.1,3.6,,,,,,2.22,3.24,3.75,,Ligue 2,,20171124_Tours_Ajaccio-GFCO,-102.48353474216356,1.17,1.26,44.3,55.7
2017-11-24,Valenciennes,Lorient,4.0,2.0,7.0,9.0,3.0,4.0,3.0,6.0,2.0,1.0,0.0,0.0,3.75,3.6,1.9,,,,,,4.19,3.44,2.02,,Ligue 2,,20171124_Valenciennes_Lorient,-57.524945077314214,1.97,1.76,41.9,58.1
2017-11-25,Le Havre,Lens,1.0,0.0,5.0,1.0,5.0,4.0,5.0,3.0,2.0,0.0,0.0,0.0,2.25,3.2,3.29,,,,,,2.4,3.34,3.23,,Ligue 2,,20171125_Le-Havre_Lens,61.71810846990866,1.3,0.7,55.1,44.9
2017-11-27,Reims,Auxerre,2.0,0.0,2.0,4.0,5.0,4.0,5.0,4.0,1.0,2.0,0.0,0.0,1.57,3.79,6.0,,,,,,1.6,4.05,6.57,,Ligue 2,,20171127_Reims_Auxerre,93.96651227660004,1.76,1.06,55.4,44.6
2017-11-28,Ajaccio GFCO,Niort,0.0,2.0,2.0,6.0,10.0,1.0,8.0,3.0,4.0,3.0,0.0,0.0,2.0,3.29,3.75,,,,,,2.14,3.37,3.81,,Ligue 2,,20171128_Ajaccio-GFCO_Niort,12.967691912226655,1.16,1.82,51.5,48.5
2017-11-28,Bourg Peronnas,Orleans,4.0,0.0,6.0,3.0,6.0,4.0,3.0,7.0,4.0,3.0,0.0,1.0,2.35,3.2,3.1,,,,,,2.4,3.49,3.1,,Ligue 2,,20171128_Bourg-Peronnas_Orleans,-42.89973669619326,1.87,0.05,46.3,53.7
2017-11-28,Chateauroux,Paris FC,0.0,0.0,5.0,2.0,5.0,3.0,3.0,4.0,2.0,1.0,0.0,0.0,2.87,2.87,2.75,,,,,,2.95,3.08,2.77,,Ligue 2,,20171128_Chateauroux_Paris-FC,-51.054517718584975,0.57,0.42,42.8,57.2
2017-11-28,Clermont,Brest,1.0,2.0,8.0,6.0,7.0,5.0,13.0,3.0,4.0,3.0,0.0,0.0,2.1,3.1,3.79,,,,,,2.33,3.49,3.22,,Ligue 2,,20171128_Clermont_Brest,32.76153964343166,1.22,0.79,52.8,47.2
2017-11-28,Lens,Ajaccio,2.0,0.0,8.0,3.0,4.0,4.0,5.0,5.0,2.0,1.0,0.0,0.0,1.75,3.6,4.75,,,,,,1.87,3.51,4.89,,Ligue 2,,20171128_Lens_Ajaccio,-77.42555406631072,0.56,1.21,54.4,45.6
2017-11-28,Lorient,Nimes,1.0,2.0,3.0,6.0,6.0,7.0,3.0,6.0,2.0,3.0,0.0,0.0,1.95,3.39,3.89,,,,,,2.15,3.63,3.53,,Ligue 2,,20171128_Lorient_Nimes,-5.0849915022081404,1.81,1.67,48.8,51.2
2017-11-28,Nancy,Le Havre,0.0,3.0,3.0,6.0,9.0,3.0,7.0,1.0,1.0,2.0,0.0,0.0,2.29,3.0,3.39,,,,,,2.34,3.14,3.57,,Ligue 2,,20171128_Nancy_Le-Havre,-52.21729771844139,0.42,1.52,47.5,52.5
2017-11-28,Quevilly Rouen,Tours,4.0,0.0,11.0,4.0,2.0,2.0,2.0,4.0,4.0,3.0,0.0,0.0,2.6,3.0,2.87,,,,,,2.59,3.39,2.91,,Ligue 2,,20171128_Quevilly-Rouen_Tours,15.153698483938115,1.87,0.5,39.0,61.0
2017-11-28,Sochaux,Valenciennes,3.0,1.0,7.0,3.0,8.0,3.0,2.0,4.0,1.0,0.0,0.0,0.0,1.85,3.39,4.33,,,,,,1.79,3.85,4.81,,Ligue 2,,20171128_Sochaux_Valenciennes,-1.63360237408574,1.42,0.39,54.2,45.8
2017-12-08,Auxerre,Chateauroux,1.0,2.0,8.0,6.0,6.0,5.0,13.0,4.0,2.0,2.0,0.0,0.0,2.0,3.2,4.0,,,,,,2.01,3.11,4.86,,Ligue 2,,20171208_Auxerre_Chateauroux,-27.997241180219817,1.27,2.12,47.5,52.5
2017-12-08,Brest,Bourg Peronnas,3.0,0.0,11.0,0.0,4.0,7.0,6.0,4.0,4.0,1.0,0.0,0.0,1.5,4.0,7.0,,,,,,1.52,4.62,6.58,,Ligue 2,,20171208_Brest_Bourg-Peronnas,89.28205092605799,2.96,1.6,49.4,50.6
2017-12-08,Lorient,Sochaux,2.0,1.0,6.0,3.0,4.0,5.0,5.0,3.0,2.0,0.0,0.0,1.0,1.66,4.0,4.75,,,,,,1.81,4.0,4.5,,Ligue 2,,20171208_Lorient_Sochaux,7.339976655384362,0.05,1.14,42.1,57.9
2017-12-08,Niort,Reims,1.0,2.0,4.0,3.0,3.0,5.0,5.0,10.0,1.0,3.0,0.0,0.0,3.79,3.1,2.1,,,,,,3.54,3.32,2.27,,Ligue 2,,20171208_Niort_Reims,-72.11674683181013,0.97,0.61,50.0,50.0
2017-12-08,Paris FC,Lens,2.0,2.0,5.0,2.0,6.0,3.0,4.0,4.0,1.0,4.0,0.0,1.0,3.0,2.87,2.6,,,,,,2.84,3.02,2.93,,Ligue 2,,20171208_Paris-FC_Lens,78.72423479170584,0.41,1.03,55.5,44.5
2017-12-08,Tours,Nancy,1.0,2.0,4.0,4.0,7.0,2.0,1.0,4.0,5.0,2.0,0.0,0.0,3.0,3.1,2.45,,,,,,2.88,3.28,2.68,,Ligue 2,,20171208_Tours_Nancy,-92.31402851169787,1.32,1.19,39.9,60.1
2017-12-08,Valenciennes,Quevilly Rouen,1.0,1.0,6.0,9.0,8.0,1.0,5.0,5.0,2.0,5.0,1.0,0.0,2.04,3.39,3.5,,,,,,2.36,3.48,3.19,,Ligue 2,,20171208_Valenciennes_Quevilly-Rouen,80.1651584944625,1.76,1.61,51.2,48.8
2017-12-09,Ajaccio,Le Havre,1.0,0.0,1.0,5.0,5.0,3.0,7.0,7.0,1.0,2.0,0.0,0.0,2.89,3.0,2.6,,,,,,2.42,3.26,3.28,,Ligue 2,,20171209_Ajaccio_Le-Havre,-28.914217833332486,0.66,0.86,49.5,50.5
2017-12-11,Nimes,Clermont,3.0,1.0,9.0,3.0,9.0,3.0,10.0,3.0,1.0,3.0,0.0,2.0,1.85,3.29,4.5,,,,,,1.65,3.92,6.12,,Ligue 2,,20171211_Nimes_Clermont,20.736941736757444,1.27,1.82,50.4,49.6
2017-12-12,Orleans,Ajaccio GFCO,2.0,0.0,4.0,1.0,5.0,1.0,3.0,5.0,1.0,3.0,0.0,1.0,2.45,3.0,3.1,,,,,,2.73,3.21,2.88,,Ligue 2,,20171212_Orleans_Ajaccio-GFCO,-42.37901636250331,0.91,0.4,44.7,55.3
2017-12-15,Ajaccio,Auxerre,3.0,1.0,4.0,2.0,1.0,6.0,1.0,4.0,1.0,0.0,0.0,0.0,1.8,3.39,4.75,,,,,,1.96,3.33,4.67,,Ligue 2,,20171215_Ajaccio_Auxerre,69.02142812080274,1.2,0.65,53.3,46.7
2017-12-15,Bourg Peronnas,Lorient,2.0,2.0,6.0,5.0,8.0,4.0,2.0,5.0,0.0,0.0,0.0,0.0,4.5,3.79,1.72,,,,,,4.79,4.27,1.72,,Ligue 2,,20171215_Bourg-Peronnas_Lorient,-108.51933413595975,1.77,1.32,41.4,58.6
2017-12-15,Chateauroux,Orleans,0.0,0.0,4.0,5.0,3.0,6.0,3.0,6.0,0.0,1.0,0.0,0.0,2.14,3.25,3.39,,,,,,2.28,3.34,3.48,,Ligue 2,,20171215_Chateauroux_Orleans,40.36996364093852,1.53,1.38,50.2,49.8
2017-12-15,Clermont,Sochaux,0.0,2.0,7.0,11.0,5.0,1.0,8.0,3.0,3.0,1.0,0.0,0.0,1.95,3.29,4.0,,,,,,2.01,3.59,4.02,,Ligue 2,,20171215_Clermont_Sochaux,15.798695936781542,1.49,1.93,55.5,44.5
2017-12-15,Le Havre,Niort,2.0,1.0,5.0,7.0,11.0,3.0,6.0,5.0,2.0,4.0,0.0,1.0,1.66,3.6,5.25,,,,,,1.78,3.85,4.96,,Ligue 2,,20171215_Le-Havre_Niort,30.939608975100555,1.0,0.81,52.1,47.9
2017-12-15,Nancy,Paris FC,0.0,1.0,3.0,3.0,4.0,2.0,9.0,1.0,1.0,2.0,0.0,0.0,2.14,3.0,3.79,,,,,,2.31,3.03,3.82,,Ligue 2,,20171215_Nancy_Paris-FC,-62.72518976634092,0.86,0.34,41.9,58.1
2017-12-15,Quevilly Rouen,Brest,1.0,4.0,5.0,10.0,5.0,3.0,7.0,3.0,1.0,1.0,0.0,0.0,3.2,3.39,2.2,,,,,,3.15,3.47,2.39,,Ligue 2,,20171215_Quevilly-Rouen_Brest,-117.7378004944917,0.46,1.31,46.7,53.3
2017-12-16,Reims,Valenciennes,5.0,1.0,8.0,4.0,4.0,5.0,6.0,4.0,1.0,2.0,0.0,0.0,1.5,3.75,7.5,,,,,,1.5,4.36,7.83,,Ligue 2,,20171216_Reims_Valenciennes,96.66861372068502,2.24,0.54,52.6,47.4
2017-12-18,Lens,Tours,2.0,0.0,8.0,2.0,6.0,7.0,4.0,1.0,0.0,1.0,0.0,0.0,1.57,3.75,6.25,,,,,,1.42,4.88,8.69,,Ligue 2,,20171218_Lens_Tours,99.43098181899131,1.58,1.13,50.3,49.7
2018-01-12,Auxerre,Le Havre,1.0,1.0,3.0,4.0,7.0,3.0,6.0,7.0,1.0,1.0,0.0,0.0,2.5,3.0,3.0,,,,,,2.34,3.2,3.5,,Ligue 2,,20180112_Auxerre_Le-Havre,-92.52407843491551,0.53,1.34,45.1,54.9
2018-01-12,Brest,Ajaccio,2.0,3.0,4.0,5.0,7.0,4.0,4.0,0.0,2.0,3.0,0.0,0.0,1.9,3.2,4.33,,,,,,1.96,3.55,4.31,,Ligue 2,,20180112_Brest_Ajaccio,7.968086332586836,0.82,1.66,52.0,48.0
2018-01-12,Nimes,Lens,0.0,1.0,9.0,3.0,8.0,6.0,6.0,3.0,0.0,4.0,0.0,1.0,1.83,3.6,4.33,,,,,,1.87,3.78,4.43,,Ligue 2,,20180112_Nimes_Lens,88.90735337472165,0.87,1.97,47.5,52.5
2018-01-12,Niort,Nancy,0.0,0.0,2.0,2.0,5.0,8.0,2.0,4.0,2.0,1.0,0.0,0.0,2.54,3.0,3.0,,,,,,2.57,3.3,3.01,,Ligue 2,,20180112_Niort_Nancy,18.739225160443084,1.11,0.64,55.4,44.6
2018-01-12,Orleans,Reims,0.0,2.0,3.0,3.0,5.0,7.0,8.0,4.0,2.0,0.0,0.0,0.0,4.0,3.39,1.9,,,,,,4.15,3.32,2.07,,Ligue 2,,20180112_Orleans_Reims,-129.86793814517728,0.61,1.95,43.9,56.1
2018-01-12,Paris FC,Bourg Peronnas,2.0,0.0,10.0,2.0,9.0,6.0,9.0,0.0,1.0,2.0,0.0,0.0,1.75,3.39,5.0,,,,,,1.86,3.54,4.84,,Ligue 2,,20180112_Paris-FC_Bourg-Peronnas,118.83059733152368,1.03,1.74,57.9,42.1
2018-01-12,Sochaux,Quevilly Rouen,0.0,1.0,8.0,1.0,6.0,5.0,8.0,2.0,1.0,2.0,0.0,0.0,1.55,4.0,6.0,,,,,,1.82,3.79,4.74,,Ligue 2,,20180112_Sochaux_Quevilly-Rouen,108.80478353520493,0.05,1.59,50.8,49.2
2018-01-12,Tours,Clermont,0.0,0.0,3.0,3.0,5.0,5.0,6.0,6.0,2.0,2.0,0.0,0.0,2.79,3.1,2.6,,,,,,2.83,3.36,2.67,,Ligue 2,,20180112_Tours_Clermont,-149.7999787413164,0.67,0.12,48.8,51.2
2018-01-12,Valenciennes,Chateauroux,1.0,2.0,4.0,4.0,11.0,4.0,5.0,5.0,1.0,2.0,0.0,0.0,2.1,3.39,3.39,,,,,,2.22,3.45,3.51,,Ligue 2,,20180112_Valenciennes_Chateauroux,-21.883973625685258,0.28,0.51,51.3,48.7
2018-01-13,Lorient,Ajaccio GFCO,4.0,1.0,8.0,2.0,4.0,4.0,7.0,3.0,0.0,2.0,0.0,0.0,1.5,4.0,7.0,,,,,,1.53,4.22,7.14,,Ligue 2,,20180113_Lorient_Ajaccio-GFCO,51.03227156506955,1.83,0.05,51.2,48.8
2018-01-16,Ajaccio GFCO,Brest,1.0,1.0,12.0,4.0,8.0,6.0,8.0,4.0,2.0,0.0,0.0,0.0,3.0,3.1,2.45,,,,,,3.24,3.21,2.44,,Ligue 2,,20180116_Ajaccio-GFCO_Brest,-59.44780565943529,1.29,1.65,49.0,51.0
2018-01-16,Ajaccio,Orleans,1.0,1.0,1.0,3.0,6.0,1.0,7.0,2.0,2.0,6.0,0.0,0.0,1.72,3.39,5.25,,,,,,1.94,3.38,4.44,,Ligue 2,,20180116_Ajaccio_Orleans,87.57035833547593,1.99,1.4,53.5,46.5
2018-01-16,Auxerre,Niort,5.0,0.0,8.0,5.0,5.0,5.0,4.0,4.0,0.0,2.0,0.0,0.0,1.85,3.29,4.5,,,,,,1.83,3.53,5.01,,Ligue 2,,20180116_Auxerre_Niort,-35.94725983882631,2.45,0.79,49.1,50.9
2018-01-16,Bourg Peronnas,Quevilly Rouen,3.0,5.0,6.0,8.0,3.0,7.0,7.0,6.0,3.0,2.0,0.0,0.0,2.25,3.29,3.2,,,,,,2.58,3.42,2.85,,Ligue 2,,20180116_Bourg-Peronnas_Quevilly-Rouen,-1.4843965060385926,0.87,2.35,43.8,56.2
2018-01-16,Chateauroux,Lorient,3.0,1.0,9.0,4.0,4.0,8.0,6.0,11.0,1.0,2.0,0.0,0.0,4.5,3.5,1.8,,,,,,4.58,3.67,1.88,,Ligue 2,,20180116_Chateauroux_Lorient,-26.521228681994216,1.47,0.7,51.3,48.7
2018-01-16,Clermont,Valenciennes,3.0,0.0,9.0,6.0,5.0,1.0,4.0,3.0,0.0,1.0,0.0,0.0,1.75,3.39,5.0,,,,,,1.72,3.87,5.23,,Ligue 2,,20180116_Clermont_Valenciennes,31.82125172323481,2.41,0.47,55.5,44.5
2018-01-16,Le Havre,Paris FC,1.0,1.0,2.0,3.0,4.0,1.0,1.0,10.0,0.0,2.0,0.0,0.0,2.14,3.1,3.6,,,,,,2.29,3.02,3.81,,Ligue 2,,20180116_Le-Havre_Paris-FC,-22.06235503195785,1.39,0.51,51.0,49.0
2018-01-16,Nancy,Nimes,0.0,2.0,3.0,5.0,6.0,4.0,3.0,5.0,2.0,1.0,0.0,0.0,2.6,3.2,2.75,,,,,,2.5,3.2,3.14,,Ligue 2,,20180116_Nancy_Nimes,-81.1164971287235,0.46,1.02,43.8,56.2
2018-01-16,Reims,Tours,1.0,0.0,6.0,4.0,7.0,6.0,6.0,6.0,2.0,2.0,0.0,0.0,1.39,4.33,8.0,,,,,,1.38,5.07,9.39,,Ligue 2,,20180116_Reims_Tours,241.34342887078424,1.84,0.58,56.2,43.8
2018-01-19,Bourg Peronnas,Reims,0.0,2.0,2.0,6.0,5.0,6.0,7.0,6.0,2.0,2.0,0.0,0.0,4.75,3.75,1.7,,,,,,5.17,4.11,1.68,,Ligue 2,,20180119_Bourg-Peronnas_Reims,-198.51370740716948,1.89,1.63,43.2,56.8
2018-01-19,Brest,Lens,1.0,1.0,4.0,3.0,1.0,4.0,7.0,5.0,1.0,1.0,0.0,0.0,2.37,3.1,3.1,,,,,,2.51,3.35,3.02,,Ligue 2,,20180119_Brest_Lens,38.13136104628438,0.05,0.93,50.7,49.3
2018-01-19,Lorient,Clermont,1.0,1.0,3.0,2.0,4.0,9.0,3.0,5.0,1.0,1.0,0.0,0.0,1.64,3.75,5.25,,,,,,1.75,4.04,4.73,,Ligue 2,,20180119_Lorient_Clermont,15.256023661474046,0.83,1.51,53.0,47.0
2018-01-19,Orleans,Auxerre,2.0,3.0,8.0,7.0,2.0,4.0,1.0,3.0,2.0,4.0,0.0,0.0,3.2,3.0,2.39,,,,,,3.13,3.11,2.57,,Ligue 2,,20180119_Orleans_Auxerre,-0.3771135758775017,1.18,1.87,49.9,50.1
2018-01-19,Quevilly Rouen,Ajaccio GFCO,0.0,2.0,6.0,4.0,6.0,3.0,9.0,2.0,2.0,2.0,0.0,1.0,2.25,3.1,3.29,,,,,,2.32,3.25,3.44,,Ligue 2,,20180119_Quevilly-Rouen_Ajaccio-GFCO,-36.62440602269612,0.68,0.66,50.5,49.5
2018-01-19,Sochaux,Nancy,1.0,0.0,5.0,0.0,8.0,6.0,3.0,0.0,2.0,4.0,0.0,0.0,2.1,3.2,3.7,,,,,,2.16,3.25,3.84,,Ligue 2,,20180119_Sochaux_Nancy,43.17073157051345,0.05,0.51,47.5,52.5
2018-01-19,Tours,Niort,2.0,1.0,4.0,7.0,4.0,5.0,6.0,6.0,2.0,1.0,0.0,0.0,2.25,3.25,3.25,,,,,,2.33,3.36,3.29,,Ligue 2,,20180119_Tours_Niort,-113.65143328561498,0.05,0.2,47.2,52.8
2018-01-19,Valenciennes,Le Havre,1.0,1.0,5.0,4.0,4.0,5.0,4.0,4.0,3.0,2.0,0.0,0.0,2.75,3.2,2.6,,,,,,3.25,3.24,2.41,,Ligue 2,,20180119_Valenciennes_Le-Havre,-75.86967130095513,1.07,0.22,55.2,44.8
2018-01-20,Nimes,Chateauroux,3.0,0.0,9.0,1.0,9.0,2.0,8.0,4.0,1.0,3.0,0.0,1.0,1.5,4.0,7.0,,,,,,1.65,4.04,5.75,,Ligue 2,,20180120_Nimes_Chateauroux,29.50240650957676,1.03,1.11,44.9,55.1
2018-01-22,Paris FC,Ajaccio,2.0,1.0,4.0,3.0,2.0,6.0,3.0,4.0,1.0,4.0,0.0,0.0,2.29,2.89,3.5,,,,,,2.46,2.97,3.5,,Ligue 2,,20180122_Paris-FC_Ajaccio,13.07484945238889,0.99,0.89,59.7,40.3
2018-01-23,Ajaccio GFCO,Nimes,2.0,0.0,6.0,6.0,2.0,10.0,4.0,13.0,5.0,1.0,0.0,0.0,4.0,3.2,2.0,,,,,,4.91,3.43,1.86,,Ligue 2,,20180123_Ajaccio-GFCO_Nimes,-85.63794892519513,2.25,0.35,47.1,52.9
2018-01-26,Ajaccio GFCO,Bourg Peronnas,1.0,2.0,2.0,4.0,9.0,3.0,4.0,3.0,0.0,1.0,0.0,0.0,1.57,3.79,6.0,,,,,,1.69,4.1,5.1,,Ligue 2,,20180126_Ajaccio-GFCO_Bourg-Peronnas,93.44895454272546,1.57,1.92,56.2,43.8
2018-01-26,Auxerre,Paris FC,1.0,1.0,2.0,2.0,5.0,1.0,10.0,5.0,2.0,2.0,0.0,1.0,2.5,2.89,3.1,,,,,,2.4,3.13,3.41,,Ligue 2,,20180126_Auxerre_Paris-FC,-93.905520313941,1.06,0.91,43.3,56.7
2018-01-26,Chateauroux,Sochaux,1.0,1.0,4.0,4.0,9.0,4.0,8.0,5.0,2.0,1.0,0.0,0.0,2.89,3.29,2.37,,,,,,3.24,3.27,2.41,,Ligue 2,,20180126_Chateauroux_Sochaux,5.439641570432968,0.69,1.16,46.8,53.2
2018-01-26,Clermont,Quevilly Rouen,1.0,1.0,7.0,7.0,8.0,2.0,8.0,3.0,2.0,4.0,0.0,0.0,1.66,3.6,5.25,,,,,,1.72,3.93,5.16,,Ligue 2,,20180126_Clermont_Quevilly-Rouen,89.2192079382412,1.47,1.79,56.9,43.1
2018-01-26,Lens,Orleans,0.0,1.0,2.0,5.0,7.0,0.0,9.0,2.0,1.0,5.0,0.0,1.0,1.55,3.79,6.5,,,,,,1.62,3.99,6.23,,Ligue 2,,20180126_Lens_Orleans,41.15992698809259,0.8,0.94,52.2,47.8
2018-01-26,Nancy,Brest,2.0,2.0,4.0,4.0,6.0,4.0,9.0,6.0,1.0,3.0,0.0,0.0,2.5,3.1,2.89,,,,,,2.37,3.26,3.25,,Ligue 2,,20180126_Nancy_Brest,-78.80434305671952,1.66,0.87,44.5,55.5
2018-01-26,Niort,Valenciennes,1.0,2.0,6.0,2.0,5.0,3.0,3.0,4.0,4.0,1.0,0.0,0.0,2.0,3.29,3.75,,,,,,2.09,3.49,3.76,,Ligue 2,,20180126_Niort_Valenciennes,-6.831566575629267,0.51,0.63,49.3,50.7
2018-01-27,Ajaccio,Tours,2.0,1.0,3.0,3.0,3.0,5.0,2.0,3.0,1.0,1.0,0.0,0.0,1.7,3.6,5.0,,,,,,1.93,3.46,4.47,,Ligue 2,,20180127_Ajaccio_Tours,158.10778316159826,0.97,1.17,55.3,44.7
2018-01-27,Le Havre,Nimes,2.0,1.0,4.0,3.0,4.0,4.0,5.0,7.0,4.0,4.0,0.0,1.0,2.75,3.0,2.75,,,,,,3.05,3.09,2.64,,Ligue 2,,20180127_Le-Havre_Nimes,-20.48893307972844,0.05,0.98,47.2,52.8
2018-01-29,Reims,Lorient,0.0,1.0,0.0,3.0,10.0,5.0,7.0,4.0,2.0,3.0,0.0,0.0,2.0,3.1,4.2,,,,,,2.0,3.6,4.0,,Ligue 2,,20180129_Reims_Lorient,86.25312950023431,1.3,0.95,52.0,48.0
2018-01-30,Lens,Sochaux,0.0,1.0,2.0,3.0,9.0,8.0,10.0,6.0,2.0,2.0,0.0,0.0,1.85,3.5,3.75,,,,,,2.1,3.45,3.79,,Ligue 2,,20180130_Lens_Sochaux,-34.51024155326627,0.43,0.08,53.3,46.7
2018-02-02,Bourg Peronnas,Clermont,0.0,2.0,4.0,4.0,4.0,5.0,2.0,7.0,0.0,1.0,1.0,1.0,3.75,3.6,1.95,,,,,,4.45,3.7,1.87,,Ligue 2,,20180202_Bourg-Peronnas_Clermont,-91.49750593787667,0.58,1.01,40.1,59.9
2018-02-02,Nimes,Ajaccio,1.0,1.0,7.0,2.0,3.0,4.0,7.0,1.0,2.0,4.0,0.0,1.0,1.8,3.5,4.5,,,,,,1.84,3.52,4.93,,Ligue 2,,20180202_Nimes_Ajaccio,2.3983027524352565,0.76,0.97,55.0,45.0
2018-02-02,Orleans,Le Havre,2.0,1.0,5.0,6.0,0.0,4.0,6.0,3.0,1.0,1.0,0.0,0.0,3.25,3.0,2.37,,,,,,3.29,3.05,2.51,,Ligue 2,,20180202_Orleans_Le-Havre,-82.87984432011717,1.58,1.65,45.1,54.9
2018-02-02,Paris FC,Niort,0.0,1.0,2.0,3.0,6.0,3.0,3.0,4.0,2.0,4.0,0.0,1.0,1.75,3.6,4.75,,,,,,1.83,3.46,5.1,,Ligue 2,,20180202_Paris-FC_Niort,120.80810773115127,1.34,0.43,58.7,41.3
2018-02-02,Quevilly Rouen,Chateauroux,0.0,1.0,7.0,5.0,8.0,2.0,10.0,5.0,1.0,2.0,0.0,0.0,2.39,3.29,2.89,,,,,,2.42,3.35,3.14,,Ligue 2,,20180202_Quevilly-Rouen_Chateauroux,-89.06903253516748,0.64,0.3,51.1,48.9
2018-02-02,Sochaux,Ajaccio GFCO,4.0,1.0,3.0,11.0,5.0,5.0,8.0,5.0,1.0,2.0,0.0,0.0,1.75,3.5,4.75,,,,,,1.78,3.57,5.38,,Ligue 2,,20180202_Sochaux_Ajaccio-GFCO,39.98141581815139,1.34,0.9,44.1,55.9
2018-02-02,Tours,Auxerre,0.0,2.0,7.0,5.0,5.0,2.0,3.0,4.0,3.0,1.0,0.0,0.0,2.89,3.25,2.45,,,,,,3.08,3.24,2.52,,Ligue 2,,20180202_Tours_Auxerre,-110.428305236283,0.62,1.41,44.1,55.9
2018-02-02,Valenciennes,Nancy,0.0,1.0,1.0,6.0,6.0,8.0,2.0,6.0,0.0,2.0,0.0,0.0,2.6,3.0,2.89,,,,,,2.93,3.19,2.67,,Ligue 2,,20180202_Valenciennes_Nancy,24.102030903522063,1.58,0.65,54.4,45.6
2018-02-03,Lorient,Lens,1.0,1.0,7.0,2.0,2.0,2.0,3.0,4.0,2.0,2.0,0.0,0.0,1.9,3.39,4.0,,,,,,1.84,3.72,4.58,,Ligue 2,,20180203_Lorient_Lens,76.64296733290621,1.74,0.22,51.2,48.8
2018-02-05,Brest,Reims,0.0,0.0,2.0,2.0,6.0,4.0,8.0,4.0,2.0,1.0,0.0,0.0,3.0,3.2,2.39,,,,,,2.55,3.25,3.07,,Ligue 2,,20180205_Brest_Reims,-75.99864354917395,0.57,1.3,51.3,48.7
2018-02-09,Ajaccio,Lorient,3.0,2.0,7.0,3.0,6.0,6.0,4.0,2.0,1.0,2.0,0.0,0.0,2.89,3.2,2.45,,,,,,2.68,3.28,2.84,,Ligue 2,,20180209_Ajaccio_Lorient,-1.9162756171078854,1.94,0.91,52.4,47.6
2018-02-09,Chateauroux,Bourg Peronnas,3.0,1.0,5.0,5.0,7.0,6.0,1.0,4.0,0.0,1.0,0.0,0.0,1.66,3.5,5.5,,,,,,1.68,4.11,5.2,,Ligue 2,,20180209_Chateauroux_Bourg-Peronnas,115.27859224577946,1.59,0.05,57.0,43.0
2018-02-09,Clermont,Ajaccio GFCO,1.0,0.0,4.0,3.0,2.0,2.0,3.0,3.0,0.0,2.0,0.0,0.0,1.75,3.75,4.5,,,,,,1.78,3.73,4.98,,Ligue 2,,20180209_Clermont_Ajaccio-GFCO,47.888516538381054,1.74,0.9,48.4,51.6
2018-02-09,Le Havre,Brest,1.0,0.0,2.0,2.0,3.0,5.0,2.0,6.0,2.0,2.0,0.0,0.0,2.5,3.0,3.0,,,,,,2.1,3.46,3.77,,Ligue 2,,20180209_Le-Havre_Brest,4.90982409857088,2.05,0.57,53.2,46.8
2018-02-09,Nancy,Quevilly Rouen,1.0,2.0,9.0,6.0,7.0,5.0,6.0,6.0,1.0,4.0,0.0,1.0,1.66,3.6,5.25,,,,,,1.86,3.6,4.65,,Ligue 2,,20180209_Nancy_Quevilly-Rouen,44.109923114129515,1.33,1.26,48.8,51.2
2018-02-09,Niort,Orleans,2.0,3.0,5.0,5.0,7.0,3.0,4.0,4.0,1.0,2.0,0.0,0.0,2.14,3.2,3.5,,,,,,2.46,3.11,3.31,,Ligue 2,,20180209_Niort_Orleans,-17.93049060907765,1.27,0.65,46.9,53.1
2018-02-09,Reims,Sochaux,3.0,0.0,11.0,7.0,4.0,8.0,3.0,8.0,0.0,1.0,0.0,0.0,1.66,3.6,5.25,,,,,,1.75,3.76,5.22,,Ligue 2,,20180209_Reims_Sochaux,63.71425781085077,1.3,1.26,57.0,43.0
2018-02-09,Tours,Paris FC,1.0,2.0,4.0,7.0,3.0,1.0,4.0,5.0,2.0,3.0,0.0,0.0,3.1,3.0,2.45,,,,,,3.1,3.15,2.57,,Ligue 2,,20180209_Tours_Paris-FC,-190.29776911924068,1.18,1.66,44.9,55.1
2018-02-10,Lens,Valenciennes,1.0,1.0,4.0,1.0,5.0,3.0,5.0,6.0,2.0,4.0,0.0,0.0,1.57,3.79,6.0,,,,,,1.67,3.9,5.73,,Ligue 2,,20180210_Lens_Valenciennes,7.727569520328871,0.77,0.05,52.4,47.6
2018-02-12,Auxerre,Nimes,0.0,0.0,1.0,5.0,2.0,5.0,2.0,6.0,3.0,4.0,0.0,0.0,3.2,3.0,2.39,,,,,,3.27,3.38,2.33,,Ligue 2,,20180212_Auxerre_Nimes,-55.46016030182909,1.21,0.47,60.3,39.7
2018-02-16,Ajaccio GFCO,Reims,1.0,2.0,8.0,4.0,4.0,1.0,10.0,4.0,3.0,0.0,0.0,0.0,3.5,3.1,2.2,,,,,,3.7,3.13,2.27,,Ligue 2,,20180216_Ajaccio-GFCO_Reims,-145.12609564538047,1.85,1.32,36.3,63.7
2018-02-16,Bourg Peronnas,Nancy,3.0,2.0,4.0,3.0,2.0,7.0,1.0,5.0,2.0,1.0,1.0,0.0,3.89,3.25,2.0,,,,,,3.77,3.59,2.06,,Ligue 2,,20180216_Bourg-Peronnas_Nancy,-46.983818517735926,1.67,0.92,55.0,45.0
2018-02-16,Brest,Niort,2.0,0.0,10.0,7.0,7.0,4.0,9.0,3.0,1.0,1.0,0.0,0.0,1.66,3.6,5.25,,,,,,1.75,4.09,4.66,,Ligue 2,,20180216_Brest_Niort,65.83237386465908,0.65,0.74,54.9,45.1
2018-02-16,Clermont,Chateauroux,1.0,1.0,8.0,5.0,6.0,5.0,8.0,1.0,0.0,1.0,0.0,0.0,1.8,3.39,4.75,,,,,,1.85,3.54,4.78,,Ligue 2,,20180216_Clermont_Chateauroux,-3.761323006028988,1.66,1.29,53.5,46.5
2018-02-16,Nimes,Tours,2.0,2.0,3.0,4.0,5.0,5.0,5.0,2.0,2.0,2.0,0.0,0.0,1.36,4.75,8.0,,,,,,1.44,4.92,7.68,,Ligue 2,,20180216_Nimes_Tours,186.62210063736097,0.66,0.96,58.5,41.5
2018-02-16,Orleans,Paris FC,1.0,1.0,5.0,3.0,3.0,0.0,4.0,1.0,4.0,4.0,1.0,0.0,2.89,3.0,2.6,,,,,,3.29,3.11,2.48,,Ligue 2,,20180216_Orleans_Paris-FC,-65.48632986280427,1.44,1.54,47.2,52.8
2018-02-16,Sochaux,Le Havre,3.0,2.0,13.0,5.0,11.0,5.0,8.0,1.0,0.0,2.0,0.0,0.0,2.45,3.1,3.0,,,,,,2.49,3.23,3.14,,Ligue 2,,20180216_Sochaux_Le-Havre,-19.44724090435534,1.44,0.92,52.7,47.3
2018-02-16,Valenciennes,Ajaccio,2.0,0.0,5.0,3.0,6.0,6.0,2.0,7.0,3.0,4.0,0.0,0.0,3.1,3.1,2.37,,,,,,3.35,3.14,2.42,,Ligue 2,,20180216_Valenciennes_Ajaccio,-89.04352004038947,1.41,2.28,44.6,55.4
2018-02-17,Lorient,Auxerre,1.0,3.0,3.0,5.0,7.0,4.0,5.0,4.0,3.0,2.0,0.0,0.0,1.75,3.5,4.75,,,,,,1.74,4.05,4.8,,Ligue 2,,20180217_Lorient_Auxerre,41.17819380121932,1.41,2.12,49.5,50.5
2018-02-19,Quevilly Rouen,Lens,1.0,2.0,6.0,6.0,4.0,2.0,2.0,9.0,2.0,4.0,0.0,0.0,2.89,3.1,2.5,,,,,,3.52,3.42,2.21,,Ligue 2,,20180219_Quevilly-Rouen_Lens,-36.49505333022171,0.85,1.6,48.2,51.8
2018-02-23,Ajaccio,Sochaux,3.0,2.0,5.0,2.0,2.0,5.0,4.0,0.0,2.0,2.0,1.0,0.0,2.1,3.0,4.0,,,,,,2.06,3.39,4.0,,Ligue 2,,20180223_Ajaccio_Sochaux,-0.42857627108992347,1.19,2.65,51.3,48.7
2018-02-23,Auxerre,Valenciennes,2.0,0.0,8.0,4.0,7.0,2.0,12.0,2.0,1.0,1.0,0.0,0.0,1.7,3.6,5.0,,,,,,1.65,3.75,6.4,,Ligue 2,,20180223_Auxerre_Valenciennes,24.055011694311588,0.05,0.91,48.0,52.0
2018-02-23,Chateauroux,Ajaccio GFCO,4.0,1.0,6.0,6.0,6.0,4.0,5.0,6.0,1.0,0.0,0.0,0.0,2.04,3.2,3.79,,,,,,2.33,3.26,3.41,,Ligue 2,,20180223_Chateauroux_Ajaccio-GFCO,79.49274441869329,1.51,1.2,59.0,41.0
2018-02-23,Le Havre,Bourg Peronnas,0.0,0.0,3.0,4.0,6.0,5.0,3.0,3.0,1.0,1.0,0.0,0.0,1.44,4.5,6.5,,,,,,1.47,4.8,7.2,,Ligue 2,,20180223_Le-Havre_Bourg-Peronnas,114.16041724876322,1.39,0.48,49.3,50.7
2018-02-23,Lens,Clermont,0.0,1.0,5.0,11.0,3.0,7.0,5.0,10.0,0.0,2.0,0.0,0.0,1.95,3.2,4.33,,,,,,2.29,3.21,3.55,,Ligue 2,,20180223_Lens_Clermont,-50.820106134853404,0.88,0.17,52.6,47.4
2018-02-23,Niort,Nimes,1.0,4.0,1.0,15.0,0.0,5.0,1.0,4.0,3.0,1.0,2.0,0.0,4.5,3.29,1.85,,,,,,4.5,3.82,1.83,,Ligue 2,,20180223_Niort_Nimes,-94.338303380664,1.11,1.74,43.2,56.8
2018-02-23,Reims,Quevilly Rouen,2.0,1.0,8.0,4.0,2.0,11.0,2.0,7.0,2.0,1.0,0.0,0.0,1.44,4.33,7.0,,,,,,1.47,4.59,7.73,,Ligue 2,,20180223_Reims_Quevilly-Rouen,192.4583468629719,1.83,0.05,52.5,47.5
2018-02-23,Tours,Orleans,1.0,1.0,6.0,6.0,1.0,1.0,1.0,5.0,2.0,1.0,0.0,0.0,2.39,3.0,3.2,,,,,,2.4,3.22,3.31,,Ligue 2,,20180223_Tours_Orleans,-133.1855479648841,1.28,1.48,48.7,51.3
2018-02-24,Paris FC,Brest,0.0,1.0,2.0,1.0,5.0,3.0,4.0,2.0,0.0,1.0,0.0,0.0,2.2,3.0,3.6,,,,,,2.35,3.2,3.42,,Ligue 2,,20180224_Paris-FC_Brest,28.358485687389475,0.05,1.6,51.5,48.5
2018-02-26,Nancy,Lorient,0.0,2.0,1.0,4.0,5.0,2.0,3.0,4.0,3.0,2.0,0.0,0.0,3.1,3.1,2.37,,,,,,2.52,3.27,3.06,,Ligue 2,,20180226_Nancy_Lorient,-79.24676033128753,0.52,1.52,47.3,52.7
2018-03-02,Ajaccio GFCO,Lens,1.0,1.0,2.0,5.0,2.0,5.0,3.0,7.0,4.0,0.0,0.0,0.0,2.87,3.0,2.62,,,,,,2.73,3.05,2.98,,Ligue 2,,20180302_Ajaccio-GFCO_Lens,-24.21532512302838,0.46,0.75,50.8,49.2
2018-03-02,Bourg Peronnas,Ajaccio,5.0,4.0,6.0,4.0,4.0,1.0,4.0,2.0,4.0,4.0,1.0,0.0,3.29,3.29,2.2,,,,,,3.46,3.41,2.23,,Ligue 2,,20180302_Bourg-Peronnas_Ajaccio,-127.83443696802851,1.4,0.44,43.2,56.8
2018-03-02,Brest,Tours,1.0,3.0,2.0,3.0,11.0,3.0,4.0,2.0,3.0,2.0,0.0,0.0,1.7,3.6,5.0,,,,,,1.76,3.83,4.98,,Ligue 2,,20180302_Brest_Tours,174.43263166375937,1.92,1.51,49.9,50.1
2018-03-02,Chateauroux,Nancy,1.0,0.0,12.0,6.0,2.0,8.0,5.0,8.0,4.0,1.0,0.0,0.0,2.45,3.0,3.1,,,,,,2.67,3.11,3.02,,Ligue 2,,20180302_Chateauroux_Nancy,116.70530759473581,2.25,1.38,55.3,44.7
2018-03-02,Clermont,Reims,2.0,1.0,7.0,5.0,7.0,4.0,2.0,3.0,2.0,3.0,0.0,0.0,2.62,2.87,3.0,,,,,,2.56,3.22,3.05,,Ligue 2,,20180302_Clermont_Reims,-79.3561925726267,0.79,0.24,48.5,51.5
2018-03-02,Quevilly Rouen,Niort,1.0,2.0,4.0,3.0,3.0,3.0,12.0,4.0,2.0,2.0,1.0,0.0,2.0,3.29,3.6,,,,,,2.03,3.71,3.73,,Ligue 2,,20180302_Quevilly-Rouen_Niort,-14.266653555316225,1.3,1.18,54.3,45.7
2018-03-02,Valenciennes,Orleans,0.0,1.0,9.0,2.0,8.0,2.0,6.0,5.0,2.0,0.0,0.0,0.0,2.54,3.1,2.87,,,,,,2.52,3.16,3.15,,Ligue 2,,20180302_Valenciennes_Orleans,-21.53726267410707,0.67,0.63,47.1,52.9
2018-03-03,Nimes,Paris FC,2.0,1.0,4.0,1.0,5.0,3.0,5.0,3.0,3.0,4.0,0.0,0.0,1.7,3.25,6.0,,,,,,1.79,3.46,5.49,,Ligue 2,,20180303_Nimes_Paris-FC,2.4380813008701807,1.73,1.13,54.9,45.1
2018-03-05,Lorient,Le Havre,1.0,0.0,6.0,3.0,5.0,4.0,3.0,6.0,0.0,2.0,0.0,0.0,1.85,3.39,4.33,,,,,,1.93,3.44,4.53,,Ligue 2,,20180305_Lorient_Le-Havre,-2.0393807774585184,0.44,1.39,45.6,54.4
2018-03-09,Ajaccio,Quevilly Rouen,2.0,0.0,4.0,3.0,4.0,1.0,2.0,5.0,1.0,1.0,0.0,0.0,1.61,3.75,5.5,,,,,,1.72,3.65,5.73,,Ligue 2,,20180309_Ajaccio_Quevilly-Rouen,127.3334862748352,1.85,0.44,43.5,56.5
2018-03-09,Auxerre,Brest,1.0,2.0,6.0,4.0,6.0,5.0,1.0,4.0,2.0,1.0,0.0,0.0,2.1,3.2,3.6,,,,,,2.29,3.16,3.62,,Ligue 2,,20180309_Auxerre_Brest,-7.598026085131323,0.05,1.35,46.4,53.6
2018-03-09,Le Havre,Clermont,2.0,1.0,3.0,4.0,6.0,3.0,3.0,5.0,3.0,1.0,0.0,0.0,2.5,3.0,3.0,,,,,,2.85,3.12,2.79,,Ligue 2,,20180309_Le-Havre_Clermont,-41.0192485363159,0.96,0.32,49.6,50.4
2018-03-09,Nancy,Ajaccio GFCO,1.0,0.0,4.0,2.0,3.0,6.0,3.0,1.0,1.0,3.0,0.0,0.0,1.75,3.39,5.0,,,,,,1.87,3.4,4.97,,Ligue 2,,20180309_Nancy_Ajaccio-GFCO,-27.55909109550271,0.98,0.3,51.8,48.2
2018-03-09,Niort,Lorient,1.0,2.0,6.0,3.0,6.0,6.0,0.0,3.0,2.0,3.0,0.0,0.0,4.59,3.39,1.8,,,,,,4.58,3.73,1.84,,Ligue 2,,20180309_Niort_Lorient,-95.02118851904424,1.21,1.14,48.7,51.3
2018-03-09,Orleans,Nimes,1.0,4.0,7.0,11.0,1.0,4.0,3.0,9.0,2.0,0.0,0.0,0.0,3.79,3.29,2.0,,,,,,4.41,3.38,1.95,,Ligue 2,,20180309_Orleans_Nimes,-55.522251633907445,0.47,1.6,48.8,51.2
2018-03-09,Reims,Chateauroux,4.0,0.0,7.0,3.0,4.0,3.0,4.0,3.0,1.0,1.0,0.0,0.0,1.61,3.79,5.5,,,,,,1.7,3.68,5.87,,Ligue 2,,20180309_Reims_Chateauroux,54.00210696312615,1.64,1.24,56.0,44.0
2018-03-10,Paris FC,Sochaux,2.0,0.0,5.0,3.0,8.0,6.0,6.0,7.0,0.0,3.0,0.0,0.0,2.1,3.2,3.6,,,,,,2.21,3.25,3.7,,Ligue 2,,20180310_Paris-FC_Sochaux,3.438823517549963,1.99,0.08,49.8,50.2
2018-03-12,Lens,Bourg Peronnas,0.0,1.0,1.0,4.0,5.0,4.0,2.0,3.0,3.0,4.0,0.0,0.0,1.44,4.33,7.0,,,,,,1.5,4.54,7.04,,Ligue 2,,20180312_Lens_Bourg-Peronnas,32.40553787142335,1.44,1.87,50.7,49.3
2018-03-13,Sochaux,Auxerre,0.0,4.0,5.0,10.0,9.0,7.0,12.0,6.0,1.0,1.0,1.0,0.0,2.37,3.1,3.1,,,,,,2.43,3.27,3.19,,Ligue 2,,20180313_Sochaux_Auxerre,12.068487858356775,0.38,1.49,53.9,46.1
2018-03-16,Ajaccio GFCO,Ajaccio,0.0,1.0,2.0,3.0,6.0,3.0,4.0,2.0,4.0,3.0,0.0,0.0,3.0,3.0,2.5,,,,,,3.04,2.87,2.83,,Ligue 2,,20180316_Ajaccio-GFCO_Ajaccio,-106.2605264100007,0.05,0.37,47.5,52.5
2018-03-16,Bourg Peronnas,Niort,0.0,1.0,2.0,3.0,6.0,7.0,7.0,2.0,3.0,2.0,1.0,0.0,2.2,3.39,3.2,,,,,,2.34,3.48,3.17,,Ligue 2,,20180316_Bourg-Peronnas_Niort,16.58336017908664,0.43,0.44,56.3,43.7
2018-03-16,Chateauroux,Le Havre,2.0,1.0,4.0,3.0,8.0,8.0,8.0,9.0,0.0,3.0,1.0,0.0,2.62,3.1,2.75,,,,,,2.67,3.19,2.93,,Ligue 2,,20180316_Chateauroux_Le-Havre,13.425062036882991,1.21,1.53,50.2,49.8
2018-03-16,Clermont,Nancy,2.0,0.0,7.0,7.0,11.0,1.0,2.0,0.0,2.0,3.0,0.0,0.0,1.83,3.29,4.75,,,,,,1.86,3.53,4.79,,Ligue 2,,20180316_Clermont_Nancy,110.60790437887954,0.66,1.2,56.1,43.9
2018-03-16,Lorient,Orleans,3.0,1.0,6.0,1.0,6.0,4.0,6.0,6.0,0.0,5.0,0.0,1.0,1.5,3.75,7.5,,,,,,1.51,4.3,7.3,,Ligue 2,,20180316_Lorient_Orleans,57.05398566900726,1.46,1.24,57.8,42.2
2018-03-16,Quevilly Rouen,Auxerre,4.0,1.0,8.0,2.0,4.0,3.0,4.0,6.0,2.0,1.0,0.0,2.0,3.5,3.39,2.04,,,,,,3.24,3.51,2.26,,Ligue 2,,20180316_Quevilly-Rouen_Auxerre,-116.21456565108201,2.06,1.31,41.1,58.9
2018-03-16,Sochaux,Tours,0.0,0.0,2.0,0.0,5.0,0.0,6.0,4.0,1.0,1.0,0.0,0.0,1.8,3.39,4.75,,,,,,2.11,3.46,3.76,,Ligue 2,,20180316_Sochaux_Tours,119.61920580939386,0.86,0.65,58.7,41.3
2018-03-16,Valenciennes,Paris FC,2.0,4.0,5.0,12.0,6.0,2.0,3.0,4.0,3.0,1.0,2.0,2.0,3.5,3.0,2.25,,,,,,3.66,3.08,2.31,,Ligue 2,,20180316_Valenciennes_Paris-FC,-85.18523936060001,1.18,1.78,49.4,50.6
2018-03-17,Reims,Lens,3.0,1.0,6.0,4.0,6.0,7.0,5.0,11.0,1.0,1.0,0.0,0.0,1.83,3.39,4.5,,,,,,2.12,3.2,4.07,,Ligue 2,,20180317_Reims_Lens,160.09715606215605,1.53,0.32,55.4,44.6
2018-03-19,Brest,Nimes,0.0,2.0,4.0,3.0,6.0,4.0,1.0,6.0,4.0,2.0,1.0,0.0,3.0,3.1,2.45,,,,,,2.81,3.37,2.55,,Ligue 2,,20180319_Brest_Nimes,-32.68344193778262,0.76,1.53,48.0,52.0
2018-03-30,Ajaccio,Clermont,2.0,1.0,5.0,6.0,6.0,1.0,4.0,2.0,4.0,1.0,0.0,0.0,2.37,3.0,3.25,,,,,,2.61,3.09,3.09,,Ligue 2,,20180330_Ajaccio_Clermont,-2.5515928786428503,0.81,0.44,46.7,53.3
2018-03-30,Auxerre,Bourg Peronnas,3.0,1.0,8.0,3.0,2.0,5.0,7.0,2.0,2.0,1.0,0.0,0.0,1.66,3.5,5.5,,,,,,1.91,3.66,4.27,,Ligue 2,,20180330_Auxerre_Bourg-Peronnas,60.05982246290955,1.65,1.88,46.7,53.3
2018-03-30,Le Havre,Quevilly Rouen,0.0,2.0,3.0,5.0,10.0,1.0,8.0,4.0,1.0,2.0,0.0,0.0,1.7,3.6,5.0,,,,,,1.78,3.77,4.93,,Ligue 2,,20180330_Le-Havre_Quevilly-Rouen,103.99337280602322,1.29,2.43,45.6,54.4
2018-03-30,Nimes,Valenciennes,1.0,0.0,4.0,6.0,5.0,6.0,5.0,3.0,1.0,3.0,0.0,0.0,1.3,5.0,10.0,,,,,,1.3,5.87,11.05,,Ligue 2,,20180330_Nimes_Valenciennes,129.66201472518514,0.38,0.05,48.7,51.3
2018-03-30,Niort,Sochaux,1.0,1.0,3.0,2.0,3.0,8.0,2.0,6.0,1.0,1.0,0.0,0.0,2.5,3.1,2.89,,,,,,2.19,3.5,3.45,,Ligue 2,,20180330_Niort_Sochaux,-50.628652665778645,1.51,1.69,51.1,48.9
2018-03-30,Orleans,Brest,1.0,1.0,7.0,6.0,1.0,2.0,4.0,4.0,1.0,3.0,0.0,0.0,3.1,3.1,2.37,,,,,,3.04,3.36,2.48,,Ligue 2,,20180330_Orleans_Brest,-42.20826449257265,0.38,1.17,51.2,48.8
2018-03-30,Paris FC,Ajaccio GFCO,0.0,0.0,2.0,0.0,4.0,5.0,6.0,5.0,1.0,4.0,0.0,0.0,1.9,3.2,4.33,,,,,,1.75,3.35,6.27,,Ligue 2,,20180330_Paris-FC_Ajaccio-GFCO,123.97243000809613,1.05,0.05,65.8,34.2
2018-03-30,Tours,Lorient,3.0,1.0,7.0,3.0,1.0,4.0,5.0,2.0,3.0,1.0,0.0,0.0,4.75,3.29,1.8,,,,,,4.26,3.66,1.92,,Ligue 2,,20180330_Tours_Lorient,-171.13014371956388,1.95,1.23,42.6,57.4
2018-03-31,Nancy,Reims,0.0,2.0,3.0,5.0,2.0,3.0,7.0,3.0,1.0,2.0,0.0,0.0,2.89,3.1,2.5,,,,,,2.96,3.13,2.68,,Ligue 2,,20180331_Nancy_Reims,-199.27063502615783,0.74,1.36,38.2,61.8
2018-04-02,Lens,Chateauroux,2.0,1.0,7.0,3.0,6.0,4.0,6.0,3.0,2.0,1.0,0.0,0.0,1.8,3.5,4.5,,,,,,1.92,3.56,4.39,,Ligue 2,,20180402_Lens_Chateauroux,-104.16337601444297,1.16,0.87,48.5,51.5
2018-04-03,Tours,Valenciennes,1.0,2.0,4.0,4.0,2.0,1.0,6.0,2.0,1.0,4.0,0.0,1.0,1.83,3.39,4.5,,,,,,2.0,3.41,4.22,,Ligue 2,,20180403_Tours_Valenciennes,-35.767440916677515,0.35,0.65,42.9,57.1
2018-04-06,Ajaccio GFCO,Auxerre,3.0,1.0,5.0,4.0,3.0,5.0,3.0,6.0,1.0,2.0,0.0,0.0,2.7,3.0,2.79,,,,,,2.47,3.15,3.25,,Ligue 2,,20180406_Ajaccio-GFCO_Auxerre,-77.97041454218584,0.65,0.87,49.2,50.8
2018-04-06,Bourg Peronnas,Tours,1.0,1.0,10.0,2.0,11.0,0.0,11.0,1.0,2.0,3.0,1.0,1.0,2.39,3.25,3.0,,,,,,2.43,3.43,3.06,,Ligue 2,,20180406_Bourg-Peronnas_Tours,35.82604056939317,2.27,1.79,51.0,49.0
2018-04-06,Brest,Valenciennes,3.0,1.0,9.0,3.0,4.0,6.0,8.0,7.0,1.0,2.0,0.0,0.0,1.53,3.79,6.5,,,,,,1.52,4.39,6.92,,Ligue 2,,20180406_Brest_Valenciennes,70.72853264560285,1.67,0.96,56.6,43.4
2018-04-06,Chateauroux,Ajaccio,0.0,2.0,4.0,6.0,7.0,5.0,7.0,3.0,1.0,1.0,0.0,0.0,2.62,3.0,2.87,,,,,,2.74,3.13,2.89,,Ligue 2,,20180406_Chateauroux_Ajaccio,-22.57115605865374,0.71,0.82,52.2,47.8
2018-04-06,Clermont,Niort,2.0,2.0,9.0,9.0,5.0,5.0,11.0,4.0,3.0,2.0,1.0,0.0,1.55,3.6,7.0,,,,,,1.62,4.15,5.8,,Ligue 2,,20180406_Clermont_Niort,91.23320416082493,1.49,0.89,42.1,57.9
2018-04-06,Lorient,Paris FC,2.0,0.0,10.0,0.0,3.0,2.0,6.0,0.0,3.0,3.0,0.0,1.0,1.75,3.5,4.75,,,,,,1.83,3.46,5.13,,Ligue 2,,20180406_Lorient_Paris-FC,-6.612690484603263,0.77,1.44,49.9,50.1
2018-04-06,Quevilly Rouen,Nimes,1.0,3.0,5.0,8.0,9.0,4.0,2.0,6.0,4.0,2.0,0.0,0.0,4.75,3.5,1.75,,,,,,4.56,3.83,1.82,,Ligue 2,,20180406_Quevilly-Rouen_Nimes,-154.78878242416567,0.97,0.95,43.2,56.8
2018-04-06,Sochaux,Orleans,3.0,2.0,6.0,4.0,2.0,5.0,0.0,3.0,1.0,1.0,0.0,0.0,1.9,3.25,4.33,,,,,,1.97,3.51,4.2,,Ligue 2,,20180406_Sochaux_Orleans,14.498591801878547,2.13,0.78,46.5,53.5
2018-04-09,Lens,Nancy,1.0,1.0,5.0,3.0,6.0,3.0,7.0,4.0,2.0,2.0,0.0,0.0,1.83,3.2,4.75,,,,,,2.23,3.15,3.8,,Ligue 2,,20180409_Lens_Nancy,46.789188555874034,0.81,0.8,43.0,57.0
2018-04-13,Ajaccio,Nancy,2.0,0.0,4.0,1.0,3.0,4.0,4.0,7.0,3.0,3.0,0.0,1.0,2.04,3.2,3.75,,,,,,2.02,3.29,4.35,,Ligue 2,,20180413_Ajaccio_Nancy,152.15164516420873,1.15,0.44,52.6,47.4
2018-04-13,Auxerre,Clermont,1.0,2.0,3.0,5.0,4.0,6.0,7.0,3.0,0.0,0.0,0.0,0.0,3.2,3.1,2.37,,,,,,2.97,3.35,2.53,,Ligue 2,,20180413_Auxerre_Clermont,-43.09312866129858,1.55,1.54,47.8,52.2
2018-04-13,Le Havre,Ajaccio GFCO,2.0,1.0,9.0,3.0,5.0,6.0,5.0,2.0,1.0,1.0,0.0,0.0,1.9,3.25,4.2,,,,,,1.8,3.46,5.36,,Ligue 2,,20180413_Le-Havre_Ajaccio-GFCO,57.4074990150541,0.91,1.58,51.8,48.2
2018-04-13,Nimes,Sochaux,0.0,2.0,7.0,7.0,7.0,5.0,3.0,4.0,2.0,3.0,0.0,0.0,1.44,4.2,7.5,,,,,,1.46,4.79,7.36,,Ligue 2,,20180413_Nimes_Sochaux,83.89192426355316,1.3,1.31,58.2,41.8
2018-04-13,Niort,Lens,2.0,2.0,3.0,11.0,2.0,5.0,2.0,10.0,1.0,1.0,0.0,0.0,3.2,2.87,2.5,,,,,,3.22,3.1,2.52,,Ligue 2,,20180413_Niort_Lens,-12.423639376175743,0.36,1.2,55.5,44.5
2018-04-13,Orleans,Quevilly Rouen,2.0,1.0,6.0,5.0,3.0,3.0,2.0,4.0,2.0,2.0,0.0,0.0,2.29,3.1,3.29,,,,,,2.2,3.42,3.55,,Ligue 2,,20180413_Orleans_Quevilly-Rouen,47.36222588091687,1.58,2.13,47.0,53.0
2018-04-13,Tours,Chateauroux,0.0,1.0,5.0,3.0,2.0,2.0,2.0,3.0,1.0,2.0,0.0,0.0,2.75,3.1,2.62,,,,,,2.83,3.38,2.62,,Ligue 2,,20180413_Tours_Chateauroux,-133.9019283706184,0.49,0.82,44.4,55.6
2018-04-13,Valenciennes,Bourg Peronnas,2.0,2.0,5.0,3.0,7.0,4.0,5.0,4.0,2.0,1.0,0.0,0.0,2.2,3.2,3.39,,,,,,2.36,3.3,3.27,,Ligue 2,,20180413_Valenciennes_Bourg-Peronnas,13.122066310530272,1.16,0.51,51.9,48.1
2018-04-14,Paris FC,Reims,0.0,3.0,2.0,3.0,3.0,5.0,7.0,2.0,0.0,0.0,0.0,0.0,3.1,2.89,2.5,,,,,,3.12,3.04,2.62,,Ligue 2,,20180414_Paris-FC_Reims,-95.8970585250413,1.02,0.76,45.5,54.5
2018-04-16,Brest,Lorient,3.0,0.0,8.0,0.0,3.0,0.0,4.0,3.0,3.0,3.0,0.0,2.0,2.6,3.1,2.79,,,,,,2.6,3.36,2.87,,Ligue 2,,20180416_Brest_Lorient,-21.553483404557483,1.6,0.91,47.5,52.5
2018-04-20,Ajaccio GFCO,Tours,3.0,2.0,6.0,4.0,4.0,4.0,7.0,1.0,1.0,1.0,0.0,0.0,1.8,3.39,4.75,,,,,,2.01,3.34,4.31,,Ligue 2,,20180420_Ajaccio-GFCO_Tours,48.77943951643874,1.09,0.78,46.2,53.8
2018-04-20,Bourg Peronnas,Nimes,2.0,2.0,3.0,4.0,6.0,5.0,1.0,5.0,2.0,0.0,0.0,0.0,4.33,3.79,1.75,,,,,,4.54,3.9,1.81,,Ligue 2,,20180420_Bourg-Peronnas_Nimes,-148.72857971882377,1.45,0.92,48.8,51.2
2018-04-20,Chateauroux,Niort,2.0,1.0,6.0,2.0,10.0,5.0,16.0,0.0,0.0,3.0,0.0,0.0,1.66,3.75,5.0,,,,,,1.81,3.97,4.42,,Ligue 2,,20180420_Chateauroux_Niort,83.14701841431383,1.35,1.19,54.8,45.2
2018-04-20,Clermont,Orleans,4.0,2.0,10.0,8.0,3.0,5.0,4.0,4.0,1.0,4.0,0.0,2.0,1.5,3.79,7.5,,,,,,1.57,4.22,6.43,,Ligue 2,,20180420_Clermont_Orleans,67.13980402778452,1.27,0.72,54.0,46.0
2018-04-20,Lens,Le Havre,3.0,3.0,6.0,7.0,6.0,5.0,7.0,6.0,3.0,0.0,0.0,0.0,2.2,3.1,3.5,,,,,,2.44,3.32,3.14,,Ligue 2,,20180420_Lens_Le-Havre,-48.75367124123841,2.14,1.43,47.2,52.8
2018-04-20,Lorient,Valenciennes,0.0,1.0,1.0,5.0,6.0,4.0,8.0,4.0,4.0,1.0,0.0,0.0,1.36,4.75,8.0,,,,,,1.53,4.5,6.52,,Ligue 2,,20180420_Lorient_Valenciennes,99.17218086204457,1.2,0.11,48.1,51.9
2018-04-20,Quevilly Rouen,Paris FC,0.0,4.0,5.0,9.0,4.0,2.0,4.0,5.0,2.0,2.0,0.0,0.0,2.87,3.2,2.5,,,,,,2.75,3.31,2.75,,Ligue 2,,20180420_Quevilly-Rouen_Paris-FC,-113.07315972406718,0.62,1.42,47.9,52.1
2018-04-20,Reims,Ajaccio,1.0,0.0,2.0,2.0,4.0,3.0,8.0,5.0,1.0,0.0,0.0,0.0,1.66,3.5,5.75,,,,,,1.75,3.64,5.45,,Ligue 2,,20180420_Reims_Ajaccio,58.79418090631657,0.05,0.9,52.7,47.3
2018-04-20,Sochaux,Brest,1.0,1.0,6.0,7.0,6.0,6.0,4.0,6.0,2.0,1.0,0.0,0.0,2.6,3.25,2.7,,,,,,2.76,3.41,2.67,,Ligue 2,,20180420_Sochaux_Brest,-20.800062054891896,1.02,0.43,50.7,49.3
2018-04-21,Nancy,Auxerre,2.0,1.0,8.0,2.0,3.0,4.0,5.0,0.0,1.0,2.0,0.0,0.0,1.72,3.39,5.25,,,,,,2.16,3.23,3.89,,Ligue 2,,20180421_Nancy_Auxerre,-69.66943549193729,0.85,1.04,47.8,52.2
2018-04-23,Ajaccio,Lens,2.0,0.0,5.0,3.0,2.0,2.0,2.0,4.0,1.0,1.0,0.0,0.0,1.75,3.39,5.0,,,,,,1.93,3.35,4.7,,Ligue 2,,20180423_Ajaccio_Lens,104.39954174663762,0.97,0.38,52.0,48.0
2018-04-24,Auxerre,Reims,1.0,4.0,4.0,7.0,2.0,5.0,3.0,6.0,1.0,1.0,0.0,0.0,3.25,3.1,2.29,,,,,,3.43,3.48,2.21,,Ligue 2,,20180424_Auxerre_Reims,-179.75322619280178,2.09,1.57,45.2,54.8
2018-04-24,Brest,Clermont,1.0,0.0,6.0,5.0,11.0,5.0,8.0,7.0,1.0,2.0,0.0,0.0,2.1,3.25,3.5,,,,,,2.29,3.44,3.3,,Ligue 2,,20180424_Brest_Clermont,-14.80089101989256,1.46,0.89,43.7,56.3
2018-04-24,Le Havre,Nancy,3.0,0.0,5.0,1.0,6.0,3.0,3.0,7.0,0.0,0.0,0.0,0.0,2.25,3.2,3.29,,,,,,2.2,3.29,3.68,,Ligue 2,,20180424_Le-Havre_Nancy,82.91067766825404,0.93,0.8,53.0,47.0
2018-04-24,Nimes,Lorient,1.0,0.0,12.0,1.0,9.0,1.0,7.0,2.0,3.0,2.0,1.0,2.0,1.75,3.6,4.75,,,,,,1.76,4.0,4.76,,Ligue 2,,20180424_Nimes_Lorient,47.8309980053923,1.01,1.76,46.0,54.0
2018-04-24,Niort,Ajaccio GFCO,4.0,1.0,6.0,3.0,6.0,6.0,4.0,6.0,0.0,3.0,0.0,0.0,2.6,2.6,3.29,,,,,,2.72,2.61,3.46,,Ligue 2,,20180424_Niort_Ajaccio-GFCO,-2.3498553524275394,1.34,1.1,44.3,55.7
2018-04-24,Orleans,Bourg Peronnas,5.0,1.0,8.0,4.0,1.0,7.0,3.0,3.0,1.0,0.0,1.0,0.0,2.04,3.39,3.39,,,,,,2.33,3.65,3.06,,Ligue 2,,20180424_Orleans_Bourg-Peronnas,38.001678334643884,1.46,1.39,55.7,44.3
2018-04-24,Paris FC,Chateauroux,0.0,0.0,7.0,3.0,7.0,2.0,8.0,1.0,1.0,2.0,0.0,0.0,2.1,3.1,3.79,,,,,,2.21,3.32,3.62,,Ligue 2,,20180424_Paris-FC_Chateauroux,-11.116974219909935,0.47,0.38,57.5,42.5
2018-04-24,Tours,Quevilly Rouen,2.0,2.0,9.0,8.0,2.0,4.0,5.0,8.0,2.0,1.0,0.0,0.0,2.89,3.29,2.37,,,,,,2.82,3.53,2.55,,Ligue 2,,20180424_Tours_Quevilly-Rouen,-27.94872447423063,1.14,0.79,49.9,50.1
2018-04-24,Valenciennes,Sochaux,2.0,2.0,8.0,5.0,4.0,9.0,6.0,3.0,0.0,1.0,0.0,0.0,2.54,3.2,2.75,,,,,,2.57,3.49,2.83,,Ligue 2,,20180424_Valenciennes_Sochaux,-67.6879476529025,0.75,1.06,53.8,46.2
2018-04-27,Ajaccio GFCO,Orleans,1.0,0.0,8.0,2.0,7.0,6.0,5.0,6.0,2.0,2.0,0.0,0.0,2.1,3.39,3.29,,,,,,2.13,3.43,3.75,,Ligue 2,,20180427_Ajaccio-GFCO_Orleans,-47.91875597168678,0.48,0.82,47.5,52.5
2018-04-27,Bourg Peronnas,Brest,2.0,4.0,2.0,5.0,10.0,9.0,0.0,7.0,3.0,0.0,0.0,0.0,3.39,3.2,2.25,,,,,,3.28,3.7,2.2,,Ligue 2,,20180427_Bourg-Peronnas_Brest,-132.96319263826558,1.69,1.81,39.0,61.0
2018-04-27,Chateauroux,Auxerre,1.0,2.0,4.0,5.0,8.0,1.0,7.0,5.0,0.0,0.0,0.0,0.0,1.61,3.79,5.5,,,,,,1.68,4.15,5.13,,Ligue 2,,20180427_Chateauroux_Auxerre,81.58075603621091,2.12,1.84,54.3,45.7
2018-04-27,Le Havre,Ajaccio,2.0,0.0,8.0,5.0,7.0,5.0,2.0,12.0,0.0,2.0,1.0,1.0,2.29,2.89,3.5,,,,,,2.15,3.33,3.81,,Ligue 2,,20180427_Le-Havre_Ajaccio,-58.301119603503594,1.82,0.59,46.7,53.3
2018-04-27,Nancy,Tours,3.0,1.0,8.0,2.0,8.0,2.0,6.0,2.0,2.0,3.0,0.0,0.0,1.44,4.2,8.0,,,,,,1.47,4.46,8.04,,Ligue 2,,20180427_Nancy_Tours,41.84691269818563,0.83,1.25,51.7,48.3
2018-04-27,Quevilly Rouen,Valenciennes,2.0,2.0,4.0,2.0,6.0,2.0,2.0,7.0,1.0,2.0,0.0,0.0,1.75,3.5,4.75,,,,,,1.9,3.8,4.14,,Ligue 2,,20180427_Quevilly-Rouen_Valenciennes,-54.60503127396851,1.03,2.3,47.8,52.2
2018-04-27,Reims,Niort,3.0,1.0,8.0,5.0,10.0,4.0,5.0,4.0,0.0,0.0,0.0,0.0,1.39,4.33,8.5,,,,,,1.39,5.1,8.95,,Ligue 2,,20180427_Reims_Niort,199.80204655131797,1.45,1.0,59.1,40.9
2018-04-27,Sochaux,Lorient,0.0,2.0,1.0,6.0,3.0,5.0,9.0,2.0,1.0,2.0,0.0,0.0,2.5,3.29,2.75,,,,,,2.62,3.49,2.77,,Ligue 2,,20180427_Sochaux_Lorient,7.235766425630118,0.42,0.26,47.2,52.8
2018-04-28,Clermont,Nimes,1.0,1.0,3.0,5.0,4.0,4.0,2.0,7.0,2.0,1.0,0.0,0.0,3.29,3.25,2.2,,,,,,2.42,3.56,2.97,,Ligue 2,,20180428_Clermont_Nimes,-37.348222607281514,1.32,0.05,51.5,48.5
2018-04-30,Lens,Paris FC,1.0,0.0,4.0,3.0,8.0,1.0,8.0,3.0,2.0,2.0,0.0,1.0,2.2,3.2,3.39,,,,,,2.31,3.28,3.42,,Ligue 2,,20180430_Lens_Paris-FC,-76.85585643364789,0.05,0.8,40.4,59.6
2018-04-30,Reims,Le Havre,0.0,1.0,2.0,5.0,6.0,5.0,9.0,4.0,1.0,1.0,0.0,0.0,1.8,3.29,4.75,,,,,,2.04,3.52,3.93,,Ligue 2,,20180430_Reims_Le-Havre,126.64144254947746,0.14,0.45,54.4,45.6
2018-05-04,Auxerre,Ajaccio,1.0,1.0,3.0,2.0,5.0,5.0,5.0,2.0,2.0,1.0,0.0,0.0,3.5,3.2,2.14,,,,,,3.26,3.44,2.24,,Ligue 2,,20180504_Auxerre_Ajaccio,-87.01097079443616,1.32,0.77,48.0,52.0
2018-05-04,Brest,Quevilly Rouen,2.0,0.0,5.0,3.0,2.0,5.0,7.0,8.0,0.0,2.0,0.0,0.0,1.5,4.33,6.0,,,,,,1.52,4.88,5.49,,Ligue 2,,20180504_Brest_Quevilly-Rouen,157.6089087549783,1.12,1.19,63.5,36.5
2018-05-04,Lorient,Bourg Peronnas,6.0,0.0,13.0,1.0,10.0,5.0,13.0,3.0,0.0,2.0,0.0,0.0,1.39,4.75,7.0,,,,,,1.48,4.96,6.03,,Ligue 2,,20180504_Lorient_Bourg-Peronnas,111.41213975768096,1.65,1.28,50.7,49.3
2018-05-04,Nimes,Ajaccio GFCO,4.0,0.0,14.0,2.0,7.0,1.0,8.0,2.0,1.0,4.0,0.0,0.0,1.22,6.0,12.0,,,,,,1.22,6.96,12.76,,Ligue 2,,20180504_Nimes_Ajaccio-GFCO,133.69258096845442,2.45,1.4,54.9,45.1
2018-05-04,Niort,Le Havre,0.0,1.0,4.0,4.0,2.0,10.0,6.0,3.0,2.0,2.0,0.0,0.0,5.5,4.0,1.57,,,,,,5.2,4.83,1.55,,Ligue 2,,20180504_Niort_Le-Havre,-100.89283284406747,0.05,0.62,39.6,60.4
2018-05-04,Orleans,Chateauroux,1.0,1.0,9.0,8.0,2.0,4.0,9.0,6.0,0.0,1.0,0.0,0.0,2.62,3.29,2.62,,,,,,2.64,3.56,2.61,,Ligue 2,,20180504_Orleans_Chateauroux,-61.81694137466479,2.02,0.88,45.2,54.8
2018-05-04,Paris FC,Nancy,2.0,1.0,3.0,5.0,5.0,1.0,2.0,8.0,1.0,2.0,0.0,0.0,2.39,3.2,3.0,,,,,,2.56,3.19,2.94,,Ligue 2,,20180504_Paris-FC_Nancy,89.87566999808041,1.33,0.95,59.7,40.3
2018-05-04,Sochaux,Clermont,1.0,3.0,3.0,6.0,5.0,1.0,4.0,4.0,1.0,0.0,0.0,0.0,3.79,3.39,2.0,,,,,,3.73,4.1,1.88,,Ligue 2,,20180504_Sochaux_Clermont,-37.498571565736256,0.05,2.01,47.7,52.3
2018-05-04,Tours,Lens,4.0,2.0,5.0,5.0,1.0,4.0,2.0,8.0,0.0,2.0,0.0,0.0,3.29,3.39,2.14,,,,,,2.83,3.61,2.42,,Ligue 2,,20180504_Tours_Lens,-105.21402220254686,2.01,1.67,47.3,52.7
2018-05-04,Valenciennes,Reims,1.0,3.0,3.0,9.0,6.0,6.0,3.0,5.0,0.0,1.0,0.0,0.0,4.2,4.0,1.72,,,,,,3.94,3.84,1.89,,Ligue 2,,20180504_Valenciennes_Reims,-188.82626209621026,1.59,0.23,45.9,54.1
2018-05-11,Ajaccio GFCO,Valenciennes,3.0,4.0,10.0,8.0,6.0,0.0,6.0,4.0,4.0,1.0,0.0,0.0,2.1,3.29,3.5,,,,,,2.35,3.54,3.01,,Ligue 2,,20180511_Ajaccio-GFCO_Valenciennes,-10.269639103903273,1.8,1.59,56.1,43.9
2018-05-11,Ajaccio,Niort,2.0,2.0,7.0,3.0,7.0,5.0,5.0,6.0,0.0,0.0,0.0,0.0,1.44,4.33,8.0,,,,,,1.48,4.34,7.37,,Ligue 2,,20180511_Ajaccio_Niort,120.68002105660798,1.15,0.84,59.0,41.0
2018-05-11,Bourg Peronnas,Sochaux,2.0,1.0,7.0,4.0,7.0,7.0,7.0,3.0,0.0,0.0,0.0,0.0,1.75,3.75,4.33,,,,,,1.77,4.47,3.98,,Ligue 2,,20180511_Bourg-Peronnas_Sochaux,-91.7169480639377,1.19,0.89,42.9,57.1
2018-05-11,Chateauroux,Brest,2.0,2.0,6.0,7.0,11.0,5.0,7.0,4.0,0.0,1.0,0.0,0.0,5.5,3.79,1.61,,,,,,5.69,4.21,1.6,,Ligue 2,,20180511_Chateauroux_Brest,-42.037515667097296,0.84,1.31,48.6,51.4
2018-05-11,Clermont,Paris FC,2.0,2.0,7.0,6.0,7.0,1.0,12.0,1.0,3.0,5.0,1.0,2.0,1.57,4.0,6.5,,,,,,1.7,3.88,5.1,,Ligue 2,,20180511_Clermont_Paris-FC,28.40889434974997,1.76,1.54,57.0,43.0
2018-05-11,Le Havre,Tours,2.0,0.0,7.0,1.0,5.0,4.0,8.0,2.0,1.0,3.0,0.0,0.0,1.19,6.0,15.0,,,,,,1.19,7.01,16.94,,Ligue 2,,20180511_Le-Havre_Tours,176.96651809379955,1.35,0.05,56.0,44.0
2018-05-11,Lens,Auxerre,2.0,1.0,4.0,4.0,5.0,5.0,7.0,5.0,1.0,1.0,0.0,0.0,1.8,3.5,4.5,,,,,,1.76,4.09,4.39,,Ligue 2,,20180511_Lens_Auxerre,-24.25016282636534,0.09,0.09,50.6,49.4
2018-05-11,Nancy,Orleans,3.0,0.0,4.0,1.0,6.0,2.0,2.0,3.0,1.0,3.0,0.0,0.0,1.66,3.6,5.25,,,,,,1.88,3.21,5.03,,Ligue 2,,20180511_Nancy_Orleans,-49.329113785659274,0.54,0.58,51.9,48.1
2018-05-11,Quevilly Rouen,Lorient,3.0,0.0,3.0,1.0,5.0,4.0,3.0,6.0,1.0,0.0,0.0,0.0,4.2,3.75,1.8,,,,,,3.81,4.07,1.88,,Ligue 2,,20180511_Quevilly-Rouen_Lorient,-135.9990925263055,0.82,0.45,43.6,56.4
2018-05-11,Reims,Nimes,2.0,2.0,6.0,7.0,7.0,5.0,3.0,4.0,1.0,0.0,0.0,0.0,2.0,3.6,3.5,,,,,,2.08,4.0,3.24,,Ligue 2,,20180511_Reims_Nimes,62.31320481223065,1.07,1.18,44.2,55.8
2018-07-27,Ajaccio GFCO,Paris FC,1.0,1.0,8.0,4.0,4.0,9.0,6.0,5.0,3.0,2.0,1.0,0.0,3.2,2.87,2.5,,,,,,3.38,3.06,2.43,,Ligue 2,,20180727_Ajaccio-GFCO_Paris-FC,-101.43737124887411,1.04,0.74,43.9,56.1
2018-07-27,Ajaccio,Troyes,0.0,1.0,4.0,5.0,5.0,3.0,4.0,1.0,1.0,1.0,0.0,0.0,2.14,3.1,3.6,,,,,,2.19,3.27,3.69,,Ligue 2,,20180727_Ajaccio_Troyes,61.718308621345386,1.29,1.07,53.1,46.9
2018-07-27,Clermont,Chateauroux,0.0,0.0,7.0,3.0,12.0,8.0,3.0,5.0,0.0,1.0,0.0,0.0,1.8,3.3,4.75,,,,,,1.9,3.49,4.52,,Ligue 2,,20180727_Clermont_Chateauroux,26.8667495052714,1.02,0.96,56.9,43.1
2018-07-27,Grenoble,Sochaux,1.0,0.0,3.0,2.0,7.0,4.0,5.0,8.0,1.0,2.0,0.0,0.0,2.2,3.0,3.6,,,,,,2.24,3.21,3.64,,Ligue 2,,20180727_Grenoble_Sochaux,13.130433708376358,0.27,0.45,52.4,47.6
2018-07-27,Nancy,Beziers,0.0,2.0,1.0,2.0,6.0,3.0,1.0,0.0,2.0,1.0,1.0,0.0,1.9,3.25,3.8,,,,,,2.13,3.02,4.31,,Ligue 2,,20180727_Nancy_Beziers,-61.634594498875,0.56,0.93,46.6,53.4
2018-07-27,Orleans,Lens,0.0,2.0,3.0,7.0,4.0,6.0,9.0,4.0,2.0,1.0,0.0,0.0,3.3,3.0,2.37,,,,,,3.18,3.37,2.37,,Ligue 2,,20180727_Orleans_Lens,-12.87983796844992,0.64,1.17,50.5,49.5
2018-07-27,Red Star,Niort,1.0,2.0,7.0,7.0,4.0,3.0,3.0,6.0,2.0,1.0,0.0,0.0,2.1,3.1,3.75,,,,,,2.15,3.24,3.86,,Ligue 2,,20180727_Red-Star_Niort,50.94525946175645,1.34,0.05,48.1,51.9
2018-07-27,Valenciennes,Auxerre,3.0,1.0,7.0,5.0,4.0,3.0,3.0,5.0,3.0,3.0,0.0,0.0,3.0,2.9,2.6,,,,,,3.04,3.2,2.55,,Ligue 2,,20180727_Valenciennes_Auxerre,-6.19002518794332,1.1,1.3,50.4,49.6
2018-07-28,Lorient,Le Havre,0.0,0.0,4.0,8.0,10.0,14.0,8.0,10.0,2.0,2.0,0.0,0.0,1.95,3.1,4.33,,,,,,2.25,3.05,3.83,,Ligue 2,,20180728_Lorient_Le-Havre,-47.779084856737654,0.05,0.32,55.1,44.9
2018-07-30,Brest,Metz,0.0,1.0,1.0,6.0,3.0,7.0,2.0,5.0,1.0,0.0,0.0,0.0,2.14,3.1,3.6,,,,,,2.17,3.24,3.79,,Ligue 2,,20180730_Brest_Metz,72.18601897502731,0.13,2.39,49.7,50.3
2018-08-03,Auxerre,Ajaccio GFCO,2.0,3.0,7.0,4.0,5.0,0.0,6.0,2.0,1.0,2.0,0.0,0.0,1.9,3.2,4.33,,,,,,1.7,3.73,5.59,,Ligue 2,,20180803_Auxerre_Ajaccio-GFCO,24.129439971731244,0.45,1.29,43.5,56.5
2018-08-03,Le Havre,Grenoble,1.0,1.0,5.0,5.0,5.0,5.0,4.0,5.0,1.0,0.0,0.0,0.0,1.95,3.3,4.0,,,,,,2.01,3.0,4.94,,Ligue 2,,20180803_Le-Havre_Grenoble,56.33955130005438,1.39,1.07,49.5,50.5
2018-08-03,Metz,Orleans,5.0,1.0,9.0,1.0,1.0,4.0,3.0,4.0,1.0,2.0,0.0,1.0,1.61,3.8,5.5,,,,,,1.71,3.47,6.26,,Ligue 2,,20180803_Metz_Orleans,65.7036014401549,1.27,1.61,55.6,44.4
2018-08-03,Niort,Clermont,4.0,2.0,4.0,6.0,6.0,4.0,5.0,8.0,1.0,0.0,0.0,0.0,3.25,3.0,2.37,,,,,,3.51,3.35,2.23,,Ligue 2,,20180803_Niort_Clermont,-96.1770902713256,1.42,0.81,43.2,56.8
2018-08-03,Paris FC,Nancy,2.0,0.0,3.0,0.0,2.0,3.0,5.0,1.0,0.0,1.0,0.0,0.0,2.1,3.0,4.0,,,,,,2.41,2.92,3.63,,Ligue 2,,20180803_Paris-FC_Nancy,101.57478298912224,0.99,0.99,49.4,50.6
2018-08-03,Sochaux,Valenciennes,0.0,1.0,5.0,4.0,8.0,2.0,3.0,2.0,2.0,2.0,0.0,0.0,2.04,3.3,3.6,,,,,,2.13,3.26,3.91,,Ligue 2,,20180803_Sochaux_Valenciennes,-2.4681609479539475,2.22,1.39,45.2,54.8
2018-08-03,Troyes,Brest,1.0,2.0,6.0,3.0,4.0,3.0,4.0,9.0,2.0,0.0,0.0,0.0,2.25,3.0,3.5,,,,,,2.47,3.04,3.35,,Ligue 2,,20180803_Troyes_Brest,-43.61853668680442,0.66,0.17,56.3,43.7
2018-08-04,Beziers,Ajaccio,0.0,1.0,2.0,2.0,6.0,4.0,4.0,4.0,0.0,3.0,0.0,0.0,2.5,3.0,3.0,,,,,,2.61,2.87,3.32,,Ligue 2,,20180804_Beziers_Ajaccio,-37.7155064736487,0.05,1.44,44.9,55.1
2018-08-04,Lens,Red Star,1.0,0.0,2.0,1.0,6.0,4.0,4.0,6.0,0.0,0.0,0.0,0.0,1.61,3.6,6.0,,,,,,1.79,3.33,5.78,,Ligue 2,,20180804_Lens_Red-Star,-1.5080301128955398,1.7,0.77,48.7,51.3
2018-08-06,Chateauroux,Lorient,1.0,2.0,4.0,5.0,6.0,4.0,2.0,4.0,2.0,3.0,0.0,0.0,3.0,3.25,2.37,,,,,,2.82,3.18,2.75,,Ligue 2,,20180806_Chateauroux_Lorient,10.577377730437775,0.76,0.05,49.0,51.0
2018-08-10,Ajaccio GFCO,Lorient,1.0,3.0,7.0,6.0,6.0,4.0,5.0,5.0,3.0,3.0,0.0,0.0,3.3,3.2,2.25,,,,,,3.31,3.08,2.46,,Ligue 2,,20180810_Ajaccio-GFCO_Lorient,-87.49607958774732,0.05,2.04,45.5,54.5
2018-08-10,Ajaccio,Sochaux,2.0,3.0,5.0,4.0,5.0,6.0,6.0,2.0,3.0,5.0,0.0,0.0,2.0,3.1,4.2,,,,,,2.32,3.06,3.64,,Ligue 2,,20180810_Ajaccio_Sochaux,94.90311644684266,1.52,1.91,60.4,39.6
2018-08-10,Brest,Paris FC,1.0,1.0,1.0,2.0,7.0,5.0,10.0,2.0,1.0,0.0,0.0,0.0,2.1,3.1,3.75,,,,,,2.4,2.9,3.67,,Ligue 2,,20180810_Brest_Paris-FC,29.59410381327507,1.18,1.04,54.3,45.7
2018-08-10,Grenoble,Niort,1.0,0.0,3.0,1.0,10.0,7.0,5.0,8.0,1.0,4.0,0.0,0.0,1.83,3.25,5.0,,,,,,1.8,3.5,5.23,,Ligue 2,,20180810_Grenoble_Niort,35.43439177964024,0.33,0.05,49.4,50.6
2018-08-10,Nancy,Lens,0.0,3.0,3.0,4.0,4.0,2.0,2.0,4.0,1.0,1.0,0.0,0.0,3.2,3.0,2.4,,,,,,3.1,3.02,2.63,,Ligue 2,,20180810_Nancy_Lens,-76.91321722767157,0.76,0.92,50.8,49.2
2018-08-10,Orleans,Auxerre,0.0,3.0,1.0,4.0,2.0,3.0,1.0,4.0,2.0,1.0,0.0,0.0,3.0,3.1,2.45,,,,,,2.77,3.43,2.63,,Ligue 2,,20180810_Orleans_Auxerre,-7.724435288346513,0.73,1.85,52.4,47.6
2018-08-10,Red Star,Le Havre,0.0,1.0,5.0,1.0,8.0,3.0,8.0,1.0,4.0,1.0,1.0,0.0,3.3,3.0,2.3,,,,,,3.58,3.13,2.3,,Ligue 2,,20180810_Red-Star_Le-Havre,-91.75640597189545,0.66,1.1,56.1,43.9
2018-08-10,Troyes,Beziers,0.0,1.0,4.0,4.0,4.0,3.0,3.0,2.0,2.0,1.0,0.0,0.0,1.83,3.25,4.75,,,,,,2.14,3.06,4.18,,Ligue 2,,20180810_Troyes_Beziers,4.417372795257052,1.06,0.69,56.2,43.8
2018-08-10,Valenciennes,Chateauroux,1.0,1.0,1.0,3.0,5.0,4.0,2.0,3.0,2.0,4.0,0.0,0.0,2.2,3.1,3.5,,,,,,2.51,3.17,3.14,,Ligue 2,,20180810_Valenciennes_Chateauroux,-31.893372080234712,0.05,0.8,53.7,46.3
2018-08-11,Clermont,Metz,2.0,3.0,6.0,4.0,2.0,5.0,4.0,6.0,0.0,2.0,1.0,0.0,2.4,3.2,3.0,,,,,,2.84,3.1,2.79,,Ligue 2,,20180811_Clermont_Metz,19.524103656696298,1.62,2.04,54.3,45.7
2018-08-17,Ajaccio GFCO,Grenoble,2.0,0.0,5.0,2.0,7.0,5.0,8.0,3.0,2.0,1.0,0.0,0.0,2.9,3.0,2.6,,,,,,3.0,3.13,2.63,,Ligue 2,,20180817_Ajaccio-GFCO_Grenoble,-85.04026734928698,0.05,0.89,45.1,54.9
2018-08-17,Auxerre,Nancy,1.0,0.0,6.0,1.0,5.0,7.0,7.0,8.0,1.0,1.0,0.0,0.0,1.8,3.5,4.5,,,,,,1.93,3.63,4.21,,Ligue 2,,20180817_Auxerre_Nancy,47.95700475818444,1.49,0.1,51.6,48.4
2018-08-17,Chateauroux,Red Star,1.0,1.0,2.0,4.0,8.0,7.0,6.0,4.0,0.0,1.0,1.0,0.0,2.1,3.2,3.6,,,,,,2.6,3.03,3.14,,Ligue 2,,20180817_Chateauroux_Red-Star,55.202367496492116,0.98,1.17,52.5,47.5
2018-08-17,Le Havre,Clermont,0.0,0.0,4.0,2.0,4.0,10.0,4.0,7.0,1.0,0.0,0.0,0.0,2.0,3.1,4.2,,,,,,2.09,3.17,4.21,,Ligue 2,,20180817_Le-Havre_Clermont,43.79399060033893,0.98,0.5,46.7,53.3
2018-08-17,Lorient,Valenciennes,3.0,1.0,3.0,1.0,4.0,1.0,7.0,1.0,3.0,3.0,0.0,1.0,1.85,3.4,4.33,,,,,,2.01,3.42,4.14,,Ligue 2,,20180817_Lorient_Valenciennes,53.988251713279396,0.84,0.67,52.8,47.2
2018-08-17,Niort,Orleans,1.0,1.0,6.0,5.0,3.0,4.0,9.0,4.0,3.0,3.0,0.0,0.0,2.04,3.3,3.6,,,,,,2.07,3.61,3.67,,Ligue 2,,20180817_Niort_Orleans,39.997221786126374,1.53,0.19,52.0,48.0
2018-08-17,Paris FC,Beziers,1.0,0.0,6.0,1.0,4.0,2.0,2.0,3.0,3.0,1.0,0.0,0.0,2.0,3.1,4.2,,,,,,2.13,3.0,4.31,,Ligue 2,,20180817_Paris-FC_Beziers,28.311591542897077,1.64,0.77,51.8,48.2
2018-08-17,Sochaux,Brest,2.0,0.0,5.0,2.0,7.0,6.0,5.0,5.0,3.0,2.0,0.0,0.0,2.45,3.0,3.1,,,,,,2.57,3.17,3.04,,Ligue 2,,20180817_Sochaux_Brest,-88.60294201451529,1.65,1.07,48.2,51.8
2018-08-18,Lens,Troyes,2.0,0.0,6.0,1.0,4.0,5.0,15.0,4.0,1.0,2.0,0.0,0.0,1.75,3.4,5.0,,,,,,1.83,3.54,4.93,,Ligue 2,,20180818_Lens_Troyes,14.727408993031531,1.83,1.2,48.2,51.8
2018-08-20,Metz,Ajaccio,3.0,1.0,8.0,6.0,9.0,2.0,9.0,5.0,2.0,3.0,0.0,0.0,1.8,3.4,4.75,,,,,,1.82,3.37,5.35,,Ligue 2,,20180820_Metz_Ajaccio,-6.223616528133562,1.55,0.63,53.2,46.8
2018-08-24,Ajaccio,Lorient,0.0,0.0,1.0,3.0,3.0,3.0,3.0,3.0,3.0,3.0,0.0,0.0,2.7,3.2,2.62,,,,,,3.11,3.23,2.48,,Ligue 2,,20180824_Ajaccio_Lorient,-24.04506524565977,0.59,1.44,47.8,52.2
2018-08-24,Brest,Le Havre,1.0,0.0,6.0,6.0,7.0,4.0,8.0,5.0,2.0,1.0,0.0,0.0,2.5,2.75,3.3,,,,,,2.65,2.93,3.18,,Ligue 2,,20180824_Brest_Le-Havre,-21.14098687493174,0.24,0.72,50.4,49.6
2018-08-24,Clermont,Sochaux,1.0,0.0,7.0,2.0,5.0,6.0,6.0,3.0,2.0,4.0,0.0,0.0,2.1,3.1,3.8,,,,,,2.3,3.2,3.48,,Ligue 2,,20180824_Clermont_Sochaux,38.96804376619457,1.22,0.68,53.7,46.3
2018-08-24,Grenoble,Chateauroux,0.0,0.0,3.0,3.0,10.0,6.0,5.0,5.0,1.0,3.0,0.0,1.0,1.85,3.0,5.0,,,,,,2.1,3.1,4.26,,Ligue 2,,20180824_Grenoble_Chateauroux,-9.233744547618016,0.05,0.32,55.7,44.3
2018-08-24,Nancy,Niort,0.0,1.0,2.0,4.0,3.0,2.0,2.0,3.0,1.0,3.0,0.0,0.0,2.04,3.2,3.8,,,,,,2.11,3.29,3.92,,Ligue 2,,20180824_Nancy_Niort,-65.74196756442825,0.86,2.0,48.3,51.7
2018-08-24,Orleans,Paris FC,4.0,0.0,5.0,4.0,7.0,3.0,2.0,1.0,1.0,1.0,0.0,0.0,3.25,2.9,2.4,,,,,,3.38,3.08,2.42,,Ligue 2,,20180824_Orleans_Paris-FC,-122.04015659480024,1.06,0.45,47.6,52.4
2018-08-24,Red Star,Auxerre,1.0,0.0,3.0,8.0,5.0,6.0,3.0,10.0,0.0,2.0,0.0,0.0,2.87,3.0,2.62,,,,,,2.86,3.37,2.58,,Ligue 2,,20180824_Red-Star_Auxerre,-1.6197065477692831,0.77,0.5,49.3,50.7
2018-08-24,Troyes,Metz,0.0,1.0,4.0,4.0,4.0,6.0,1.0,1.0,1.0,1.0,0.0,0.0,3.3,3.3,2.2,,,,,,3.34,3.3,2.32,,Ligue 2,,20180824_Troyes_Metz,-69.13986456336897,0.9,1.68,47.2,52.8
2018-08-27,Valenciennes,Ajaccio GFCO,0.0,0.0,7.0,2.0,5.0,5.0,12.0,2.0,5.0,4.0,2.0,1.0,2.1,3.1,3.75,,,,,,2.09,3.55,3.62,,Ligue 2,,20180827_Valenciennes_Ajaccio-GFCO,26.558343750396034,0.19,0.31,52.9,47.1
2018-08-31,Ajaccio GFCO,Red Star,2.0,1.0,6.0,2.0,1.0,5.0,2.0,4.0,3.0,2.0,1.0,0.0,2.87,3.0,2.62,,,,,,3.24,2.96,2.58,,Ligue 2,,20180831_Ajaccio-GFCO_Red-Star,-24.23374717282786,1.61,1.39,51.1,48.9
2018-08-31,Auxerre,Brest,0.0,2.0,5.0,7.0,9.0,3.0,3.0,5.0,2.0,3.0,0.0,0.0,2.04,3.2,3.8,,,,,,2.37,3.02,3.57,,Ligue 2,,20180831_Auxerre_Brest,-108.19062219721582,0.26,2.25,48.7,51.3
2018-08-31,Chateauroux,Nancy,1.0,0.0,3.0,7.0,4.0,6.0,4.0,11.0,1.0,1.0,0.0,0.0,2.0,3.0,4.33,,,,,,2.14,3.2,3.94,,Ligue 2,,20180831_Chateauroux_Nancy,127.90353848609902,1.58,0.95,57.5,42.5
2018-08-31,Le Havre,Orleans,3.0,1.0,4.0,4.0,8.0,10.0,3.0,6.0,3.0,2.0,0.0,0.0,1.7,3.6,5.0,,,,,,1.63,3.78,6.44,,Ligue 2,,20180831_Le-Havre_Orleans,115.93680809662169,2.13,0.65,49.3,50.7
2018-08-31,Niort,Ajaccio,2.0,0.0,3.0,3.0,8.0,2.0,3.0,4.0,1.0,1.0,0.0,0.0,2.25,3.2,3.2,,,,,,2.45,3.39,3.03,,Ligue 2,,20180831_Niort_Ajaccio,-56.085120143567565,1.33,0.35,47.3,52.7
2018-08-31,Paris FC,Troyes,2.0,0.0,7.0,3.0,2.0,4.0,1.0,8.0,1.0,3.0,0.0,1.0,2.2,3.1,3.5,,,,,,2.22,3.01,4.0,,Ligue 2,,20180831_Paris-FC_Troyes,64.30840914878195,1.34,0.65,48.1,51.9
2018-08-31,Sochaux,Beziers,1.0,0.0,5.0,3.0,0.0,5.0,1.0,7.0,3.0,4.0,0.0,0.0,2.14,3.0,3.8,,,,,,2.16,3.11,4.01,,Ligue 2,,20180831_Sochaux_Beziers,-17.37642335926398,0.58,0.77,50.7,49.3
2018-08-31,Valenciennes,Clermont,0.0,4.0,5.0,10.0,3.0,0.0,10.0,3.0,0.0,0.0,0.0,0.0,2.54,3.1,2.87,,,,,,2.69,3.09,2.96,,Ligue 2,,20180831_Valenciennes_Clermont,-63.49154831694159,0.82,1.24,46.8,53.2
2018-09-01,Metz,Lens,2.0,0.0,5.0,0.0,5.0,3.0,6.0,5.0,1.0,1.0,0.0,1.0,2.1,3.1,3.8,,,,,,2.25,3.18,3.66,,Ligue 2,,20180901_Metz_Lens,41.072204926848144,0.94,0.83,52.1,47.9
2018-09-03,Lorient,Grenoble,1.0,0.0,3.0,4.0,5.0,6.0,4.0,8.0,3.0,4.0,0.0,0.0,1.83,3.4,4.5,,,,,,1.96,3.29,4.56,,Ligue 2,,20180903_Lorient_Grenoble,44.418477272470454,0.71,0.91,52.8,47.2
2018-09-14,Ajaccio,Paris FC,0.0,0.0,3.0,1.0,2.0,1.0,7.0,3.0,2.0,2.0,0.0,1.0,2.62,2.87,3.0,,,,,,2.52,2.85,3.53,,Ligue 2,,20180914_Ajaccio_Paris-FC,-26.626953372596063,1.32,0.37,50.6,49.4
2018-09-14,Brest,Ajaccio GFCO,4.0,1.0,5.0,3.0,7.0,7.0,3.0,6.0,0.0,2.0,0.0,1.0,1.64,3.4,6.0,,,,,,1.8,3.53,5.11,,Ligue 2,,20180914_Brest_Ajaccio-GFCO,105.47604552009011,1.74,1.27,57.9,42.1
2018-09-14,Clermont,Auxerre,2.0,0.0,3.0,1.0,5.0,5.0,4.0,3.0,0.0,3.0,0.0,0.0,2.25,3.2,3.3,,,,,,2.49,3.27,3.1,,Ligue 2,,20180914_Clermont_Auxerre,104.68797471168864,0.58,0.59,61.6,38.4
2018-09-14,Grenoble,Valenciennes,4.0,2.0,12.0,4.0,14.0,3.0,6.0,3.0,1.0,2.0,0.0,0.0,1.85,3.2,4.75,,,,,,1.99,3.09,4.83,,Ligue 2,,20180914_Grenoble_Valenciennes,29.31349879309937,1.61,0.46,51.3,48.7
2018-09-14,Nancy,Le Havre,0.0,1.0,2.0,3.0,6.0,13.0,3.0,4.0,3.0,3.0,1.0,0.0,3.2,3.0,2.45,,,,,,3.15,3.1,2.56,,Ligue 2,,20180914_Nancy_Le-Havre,-186.14795680005727,0.86,0.05,40.7,59.3
2018-09-14,Orleans,Chateauroux,2.0,0.0,4.0,1.0,6.0,11.0,2.0,8.0,2.0,2.0,0.0,0.0,2.37,3.1,3.1,,,,,,2.49,3.04,3.33,,Ligue 2,,20180914_Orleans_Chateauroux,-89.51170149916084,2.03,0.05,45.6,54.4
2018-09-14,Red Star,Lorient,0.0,3.0,1.0,5.0,3.0,6.0,5.0,3.0,3.0,0.0,0.0,0.0,3.5,3.0,2.25,,,,,,3.64,3.1,2.3,,Ligue 2,,20180914_Red-Star_Lorient,-98.17832133338061,1.01,1.82,53.6,46.4
2018-09-14,Troyes,Niort,2.0,0.0,4.0,1.0,8.0,8.0,4.0,8.0,4.0,4.0,0.0,1.0,2.25,2.8,3.8,,,,,,2.37,3.09,3.51,,Ligue 2,,20180914_Troyes_Niort,-29.04503106281436,1.22,0.4,44.3,55.7
2018-09-15,Lens,Sochaux,2.0,0.0,6.0,0.0,8.0,2.0,5.0,1.0,2.0,2.0,0.0,0.0,1.9,3.1,4.5,,,,,,1.99,3.23,4.51,,Ligue 2,,20180915_Lens_Sochaux,11.544380705451886,1.08,1.09,52.5,47.5
2018-09-17,Beziers,Metz,1.0,3.0,5.0,6.0,4.0,4.0,4.0,7.0,1.0,2.0,0.0,0.0,4.5,3.1,1.9,,,,,,4.17,3.05,2.15,,Ligue 2,,20180917_Beziers_Metz,-81.61545874426315,0.05,1.06,45.2,54.8
2018-09-21,Ajaccio GFCO,Nancy,0.0,1.0,1.0,5.0,4.0,8.0,3.0,4.0,5.0,6.0,0.0,0.0,2.14,3.2,3.5,,,,,,2.39,3.07,3.41,,Ligue 2,,20180921_Ajaccio-GFCO_Nancy,82.88867601839615,0.3,0.98,56.1,43.9
2018-09-21,Auxerre,Ajaccio,0.0,0.0,1.0,1.0,12.0,2.0,5.0,2.0,1.0,2.0,0.0,0.0,1.9,3.1,4.5,,,,,,1.97,3.16,4.68,,Ligue 2,,20180921_Auxerre_Ajaccio,-78.84067849485427,1.47,0.92,49.0,51.0
2018-09-21,Chateauroux,Beziers,2.0,0.0,4.0,2.0,10.0,2.0,4.0,3.0,3.0,4.0,0.0,1.0,2.2,3.1,3.5,,,,,,2.31,3.16,3.49,,Ligue 2,,20180921_Chateauroux_Beziers,32.55019159330618,0.58,0.26,52.9,47.1
2018-09-21,Grenoble,Brest,1.0,2.0,2.0,4.0,6.0,3.0,5.0,3.0,2.0,1.0,0.0,0.0,2.3,3.0,3.4,,,,,,2.26,3.31,3.42,,Ligue 2,,20180921_Grenoble_Brest,-71.57702488940458,0.71,0.63,44.7,55.3
2018-09-21,Le Havre,Troyes,1.0,1.0,4.0,2.0,9.0,6.0,8.0,6.0,0.0,1.0,0.0,0.0,1.8,3.4,4.75,,,,,,1.72,3.41,6.16,,Ligue 2,,20180921_Le-Havre_Troyes,101.3684792133613,0.32,0.73,54.5,45.5
2018-09-21,Lorient,Clermont,0.0,0.0,3.0,1.0,10.0,10.0,8.0,4.0,2.0,2.0,0.0,0.0,1.72,3.4,5.25,,,,,,1.68,3.75,5.77,,Ligue 2,,20180921_Lorient_Clermont,11.733084676478484,1.65,0.63,58.8,41.2
2018-09-21,Sochaux,Orleans,0.0,1.0,4.0,2.0,8.0,4.0,11.0,1.0,1.0,3.0,0.0,0.0,1.95,3.3,4.0,,,,,,2.06,3.48,3.8,,Ligue 2,,20180921_Sochaux_Orleans,32.36484267804531,1.35,1.26,52.7,47.3
2018-09-21,Valenciennes,Red Star,4.0,1.0,6.0,2.0,6.0,3.0,0.0,4.0,0.0,2.0,0.0,0.0,2.4,3.1,3.1,,,,,,2.74,3.07,2.89,,Ligue 2,,20180921_Valenciennes_Red-Star,1.2046193068506454,2.36,0.72,48.5,51.5
2018-09-22,Paris FC,Metz,2.0,1.0,3.0,4.0,4.0,12.0,2.0,4.0,0.0,2.0,1.0,0.0,3.4,3.0,2.3,,,,,,3.63,3.06,2.3,,Ligue 2,,20180922_Paris-FC_Metz,-35.05130335978356,1.89,0.06,47.5,52.5
2018-09-24,Niort,Lens,1.0,2.0,2.0,8.0,4.0,7.0,2.0,7.0,1.0,1.0,0.0,0.0,3.4,3.0,2.3,,,,,,3.71,3.3,2.16,,Ligue 2,,20180924_Niort_Lens,-42.12684655280714,1.72,0.95,46.3,53.7
2018-09-28,Ajaccio,Valenciennes,3.0,1.0,6.0,4.0,5.0,8.0,5.0,5.0,3.0,2.0,0.0,0.0,1.85,3.1,5.0,,,,,,1.93,3.51,4.37,,Ligue 2,,20180928_Ajaccio_Valenciennes,45.171075137927346,2.16,0.44,54.4,45.6
2018-09-28,Beziers,Niort,1.0,1.0,2.0,5.0,5.0,7.0,0.0,3.0,2.0,4.0,0.0,1.0,2.3,2.9,3.5,,,,,,2.29,3.2,3.54,,Ligue 2,,20180928_Beziers_Niort,1.5993622312773823,0.32,0.05,50.3,49.7
2018-09-28,Brest,Chateauroux,5.0,1.0,7.0,2.0,5.0,7.0,3.0,4.0,2.0,3.0,0.0,2.0,1.66,3.6,5.25,,,,,,1.65,4.05,5.49,,Ligue 2,,20180928_Brest_Chateauroux,69.43326035269797,1.84,0.71,51.6,48.4
2018-09-28,Clermont,Ajaccio GFCO,1.0,1.0,5.0,1.0,12.0,2.0,5.0,2.0,1.0,4.0,0.0,1.0,1.64,3.5,6.0,,,,,,1.69,3.75,5.59,,Ligue 2,,20180928_Clermont_Ajaccio-GFCO,117.3839770802922,0.05,2.1,48.0,52.0
2018-09-28,Lens,Paris FC,0.0,0.0,1.0,1.0,15.0,5.0,7.0,4.0,2.0,3.0,0.0,0.0,1.72,3.25,5.5,,,,,,1.8,3.37,5.5,,Ligue 2,,20180928_Lens_Paris-FC,-27.481751816554834,0.68,0.59,48.0,52.0
2018-09-28,Nancy,Sochaux,0.0,0.0,2.0,1.0,2.0,8.0,1.0,5.0,2.0,2.0,0.0,0.0,2.25,3.0,3.5,,,,,,2.39,2.92,3.72,,Ligue 2,,20180928_Nancy_Sochaux,-79.52322340883416,0.63,0.53,46.0,54.0
2018-09-28,Orleans,Lorient,2.0,0.0,3.0,2.0,2.0,1.0,2.0,5.0,3.0,3.0,0.0,0.0,3.5,3.1,2.2,,,,,,3.56,3.35,2.21,,Ligue 2,,20180928_Orleans_Lorient,-108.18839886872274,1.18,0.73,36.4,63.6
2018-09-28,Red Star,Grenoble,2.0,3.0,5.0,7.0,5.0,7.0,3.0,5.0,2.0,1.0,0.0,0.0,2.87,3.0,2.6,,,,,,3.24,3.06,2.53,,Ligue 2,,20180928_Red-Star_Grenoble,-54.89419010307347,1.12,1.63,43.6,56.4
2018-09-29,Metz,Le Havre,0.0,1.0,2.0,1.0,8.0,5.0,6.0,2.0,1.0,2.0,0.0,0.0,1.9,3.1,4.5,,,,,,1.95,3.37,4.47,,Ligue 2,,20180929_Metz_Le-Havre,-6.121174993665591,1.17,0.27,54.9,45.1
2018-10-01,Troyes,Auxerre,1.0,0.0,3.0,4.0,5.0,8.0,5.0,12.0,1.0,4.0,0.0,0.0,2.62,3.0,2.87,,,,,,2.75,3.3,2.75,,Ligue 2,,20181001_Troyes_Auxerre,34.36223321809803,0.14,0.47,55.7,44.3
2018-10-02,Beziers,Lens,0.0,0.0,2.0,3.0,3.0,14.0,1.0,12.0,2.0,3.0,0.0,0.0,4.0,3.2,2.0,,,,,,4.4,3.28,1.99,,Ligue 2,,20181002_Beziers_Lens,-62.634093368548974,0.98,0.34,42.8,57.2
2018-10-05,Ajaccio GFCO,Orleans,0.0,2.0,3.0,3.0,8.0,13.0,6.0,6.0,1.0,5.0,0.0,0.0,2.3,3.2,3.1,,,,,,2.69,3.13,2.94,,Ligue 2,,20181005_Ajaccio-GFCO_Orleans,-31.832137058806666,0.93,1.05,50.3,49.7
2018-10-05,Chateauroux,Troyes,0.0,3.0,6.0,5.0,8.0,6.0,4.0,6.0,3.0,1.0,0.0,0.0,2.45,2.9,3.25,,,,,,2.53,3.2,3.1,,Ligue 2,,20181005_Chateauroux_Troyes,24.543497708732502,0.69,1.67,55.5,44.5
2018-10-05,Grenoble,Clermont,1.0,0.0,2.0,2.0,10.0,6.0,2.0,7.0,1.0,2.0,0.0,1.0,2.2,3.1,3.5,,,,,,2.29,3.07,3.72,,Ligue 2,,20181005_Grenoble_Clermont,-47.281134468011714,0.33,0.88,43.6,56.4
2018-10-05,Le Havre,Beziers,2.0,3.0,4.0,5.0,16.0,2.0,11.0,6.0,3.0,2.0,0.0,0.0,1.55,3.5,7.5,,,,,,1.56,3.63,8.15,,Ligue 2,,20181005_Le-Havre_Beziers,113.57646857185,0.64,1.24,57.5,42.5
2018-10-05,Lorient,Nancy,4.0,1.0,7.0,2.0,8.0,12.0,5.0,2.0,1.0,3.0,0.0,0.0,1.57,3.5,7.0,,,,,,1.55,3.88,7.38,,Ligue 2,,20181005_Lorient_Nancy,163.255937838745,2.35,0.05,51.8,48.2
2018-10-05,Niort,Paris FC,1.0,0.0,1.0,2.0,2.0,6.0,5.0,4.0,1.0,1.0,0.0,0.0,3.25,2.87,2.45,,,,,,3.08,3.02,2.68,,Ligue 2,,20181005_Niort_Paris-FC,-89.71030525782066,1.02,0.77,44.6,55.4
2018-10-05,Red Star,Ajaccio,2.0,0.0,6.0,5.0,5.0,10.0,2.0,6.0,2.0,3.0,0.0,0.0,2.6,3.0,2.87,,,,,,2.75,3.04,2.95,,Ligue 2,,20181005_Red-Star_Ajaccio,-90.86070311066851,1.0,0.74,46.1,53.9
2018-10-05,Valenciennes,Brest,1.0,3.0,3.0,5.0,10.0,8.0,6.0,2.0,0.0,2.0,0.0,0.0,3.3,3.1,2.3,,,,,,2.98,3.38,2.51,,Ligue 2,,20181005_Valenciennes_Brest,-140.55608615299434,0.05,0.48,43.7,56.3
2018-10-06,Auxerre,Lens,1.0,2.0,2.0,2.0,5.0,10.0,3.0,4.0,2.0,1.0,0.0,0.0,2.87,2.8,2.75,,,,,,2.9,3.15,2.72,,Ligue 2,,20181006_Auxerre_Lens,-96.30348898177135,1.0,1.64,51.1,48.9
2018-10-08,Sochaux,Metz,1.0,2.0,2.0,5.0,7.0,10.0,6.0,1.0,1.0,3.0,1.0,0.0,3.4,3.1,2.25,,,,,,3.89,3.4,2.08,,Ligue 2,,20181008_Sochaux_Metz,-85.44494412199833,0.05,1.69,42.7,57.3
2018-10-19,Ajaccio,Le Havre,3.0,2.0,9.0,4.0,6.0,4.0,8.0,3.0,1.0,2.0,0.0,0.0,2.9,2.87,2.7,,,,,,2.98,2.96,2.8,,Ligue 2,,20181019_Ajaccio_Le-Havre,-56.05424649118436,2.26,0.95,46.1,53.9
2018-10-19,Auxerre,Beziers,2.0,0.0,4.0,2.0,6.0,7.0,6.0,4.0,2.0,3.0,0.0,0.0,1.75,3.4,5.0,,,,,,1.81,3.53,5.0,,Ligue 2,,20181019_Auxerre_Beziers,-62.49496132336776,0.05,1.18,49.1,50.9
2018-10-19,Clermont,Red Star,0.0,0.0,3.0,2.0,4.0,3.0,2.0,7.0,4.0,2.0,0.0,0.0,1.95,3.2,4.2,,,,,,1.98,3.14,4.79,,Ligue 2,,20181019_Clermont_Red-Star,93.72300476886949,0.19,0.64,49.1,50.9
2018-10-19,Metz,Niort,3.0,0.0,8.0,1.0,17.0,5.0,7.0,2.0,2.0,4.0,0.0,0.0,1.44,4.0,9.0,,,,,,1.4,4.5,9.33,,Ligue 2,,20181019_Metz_Niort,81.58265458386222,0.62,0.77,57.7,42.3
2018-10-19,Nancy,Grenoble,1.0,2.0,4.0,5.0,12.0,6.0,5.0,5.0,1.0,1.0,1.0,0.0,3.2,2.87,2.5,,,,,,3.1,2.96,2.7,,Ligue 2,,20181019_Nancy_Grenoble,-137.13127890169608,0.83,1.5,39.4,60.6
2018-10-19,Orleans,Valenciennes,1.0,0.0,6.0,0.0,11.0,4.0,7.0,5.0,1.0,1.0,0.0,0.0,2.25,3.3,3.2,,,,,,2.31,3.41,3.28,,Ligue 2,,20181019_Orleans_Valenciennes,38.18140166213561,0.54,1.16,52.5,47.5
2018-10-19,Paris FC,Chateauroux,0.0,0.0,1.0,1.0,7.0,5.0,6.0,5.0,0.0,1.0,0.0,0.0,1.85,3.3,4.5,,,,,,2.0,3.24,4.45,,Ligue 2,,20181019_Paris-FC_Chateauroux,41.30608937548482,0.94,0.85,52.4,47.6
2018-10-19,Troyes,Sochaux,1.0,2.0,2.0,6.0,4.0,8.0,0.0,7.0,2.0,1.0,0.0,0.0,2.1,3.1,3.75,,,,,,2.13,3.16,4.07,,Ligue 2,,20181019_Troyes_Sochaux,41.56662907333407,1.27,0.67,51.7,48.3
2018-10-20,Brest,Lorient,3.0,2.0,6.0,5.0,8.0,3.0,2.0,3.0,4.0,3.0,0.0,0.0,2.45,3.0,3.1,,,,,,2.5,3.03,3.32,,Ligue 2,,20181020_Brest_Lorient,44.37596247252236,1.62,0.05,52.7,47.3
2018-10-22,Lens,Ajaccio GFCO,5.0,0.0,4.0,1.0,2.0,6.0,5.0,1.0,2.0,3.0,0.0,0.0,1.36,4.5,9.0,,,,,,1.35,4.79,10.67,,Ligue 2,,20181022_Lens_Ajaccio-GFCO,99.22833394074132,2.55,0.38,51.5,48.5
2018-10-26,Ajaccio GFCO,Beziers,0.0,1.0,2.0,3.0,11.0,8.0,6.0,0.0,4.0,2.0,0.0,0.0,2.3,3.1,3.25,,,,,,2.42,3.12,3.37,,Ligue 2,,20181026_Ajaccio-GFCO_Beziers,-42.43442227285391,1.36,1.15,45.6,54.4
2018-10-26,Auxerre,Paris FC,0.0,2.0,2.0,4.0,4.0,6.0,2.0,2.0,2.0,0.0,0.0,0.0,2.04,3.0,4.2,,,,,,2.15,3.07,4.14,,Ligue 2,,20181026_Auxerre_Paris-FC,-102.20052155364692,2.12,1.33,41.3,58.7
2018-10-26,Chateauroux,Ajaccio,2.0,2.0,4.0,2.0,11.0,3.0,5.0,4.0,3.0,0.0,1.0,0.0,2.5,3.1,3.0,,,,,,2.73,3.13,2.89,,Ligue 2,,20181026_Chateauroux_Ajaccio,-24.489130869236533,0.82,0.74,45.5,54.5
2018-10-26,Grenoble,Troyes,0.0,2.0,2.0,4.0,11.0,7.0,5.0,5.0,2.0,1.0,0.0,0.0,2.0,3.0,4.33,,,,,,2.08,3.28,4.06,,Ligue 2,,20181026_Grenoble_Troyes,44.729009480588275,1.34,0.19,51.2,48.8
2018-10-26,Lorient,Metz,0.0,0.0,2.0,1.0,9.0,4.0,2.0,3.0,2.0,1.0,0.0,1.0,2.62,3.1,2.75,,,,,,2.82,3.1,2.83,,Ligue 2,,20181026_Lorient_Metz,-18.3856528607364,0.83,0.6,51.1,48.9
2018-10-26,Red Star,Orleans,0.0,4.0,2.0,4.0,11.0,6.0,5.0,1.0,1.0,2.0,0.0,0.0,2.75,2.87,2.87,,,,,,2.66,3.12,2.99,,Ligue 2,,20181026_Red-Star_Orleans,-48.0371146020118,1.85,3.4,43.5,56.5
2018-10-26,Sochaux,Niort,0.0,3.0,1.0,7.0,5.0,12.0,8.0,7.0,3.0,1.0,1.0,0.0,1.8,3.3,4.75,,,,,,1.85,3.51,4.78,,Ligue 2,,20181026_Sochaux_Niort,0.5856094447431133,0.8,1.48,36.2,63.8
2018-10-26,Valenciennes,Nancy,1.0,1.0,6.0,5.0,10.0,8.0,3.0,5.0,1.0,2.0,0.0,0.0,2.37,3.0,3.25,,,,,,2.46,3.16,3.25,,Ligue 2,,20181026_Valenciennes_Nancy,62.58194652482143,1.39,2.22,46.4,53.6
2018-10-27,Le Havre,Lens,2.0,1.0,4.0,2.0,5.0,9.0,3.0,7.0,1.0,2.0,1.0,0.0,2.7,2.9,2.9,,,,,,2.9,3.06,2.79,,Ligue 2,,20181027_Le-Havre_Lens,8.095054946898244,1.0,0.64,48.5,51.5
2018-10-29,Clermont,Brest,2.0,2.0,8.0,3.0,17.0,9.0,9.0,7.0,1.0,2.0,0.0,0.0,2.5,3.1,2.9,,,,,,2.65,3.3,2.86,,Ligue 2,,20181029_Clermont_Brest,-77.58728766129639,1.44,0.05,52.1,47.9
2018-11-02,Ajaccio,Ajaccio GFCO,1.0,2.0,4.0,2.0,5.0,7.0,4.0,6.0,4.0,3.0,0.0,0.0,1.85,3.3,4.5,,,,,,1.81,3.66,4.76,,Ligue 2,,20181102_Ajaccio_Ajaccio-GFCO,106.13119948829717,1.15,1.14,54.3,45.7
2018-11-02,Brest,Red Star,1.0,1.0,3.0,1.0,21.0,6.0,8.0,1.0,3.0,5.0,0.0,1.0,1.55,3.6,7.0,,,,,,1.56,3.87,7.06,,Ligue 2,,20181102_Brest_Red-Star,172.7039886591606,1.58,1.53,60.6,39.4
2018-11-02,Nancy,Clermont,0.0,1.0,2.0,5.0,6.0,8.0,2.0,4.0,2.0,3.0,0.0,0.0,2.8,2.87,2.8,,,,,,2.98,3.02,2.75,,Ligue 2,,20181102_Nancy_Clermont,-161.9984377905589,0.05,0.83,44.9,55.1
2018-11-02,Paris FC,Sochaux,0.0,0.0,3.0,1.0,4.0,3.0,4.0,6.0,1.0,1.0,0.0,0.0,1.9,3.0,4.75,,,,,,2.19,3.02,4.12,,Ligue 2,,20181102_Paris-FC_Sochaux,87.46355036261843,0.56,1.09,52.0,48.0
2018-11-03,Beziers,Lorient,0.0,1.0,2.0,3.0,12.0,1.0,9.0,3.0,2.0,3.0,0.0,0.0,4.0,3.0,2.1,,,,,,4.22,3.15,2.09,,Ligue 2,,20181103_Beziers_Lorient,-72.27181524082653,1.37,0.1,50.9,49.1
2018-11-03,Lens,Chateauroux,0.0,1.0,4.0,3.0,8.0,3.0,8.0,3.0,4.0,4.0,0.0,0.0,1.44,4.0,8.0,,,,,,1.49,4.15,7.85,,Ligue 2,,20181103_Lens_Chateauroux,32.044598536774174,0.28,1.04,56.1,43.9
2018-11-03,Niort,Le Havre,1.0,0.0,7.0,3.0,11.0,4.0,5.0,5.0,3.0,2.0,0.0,0.0,3.0,2.87,2.62,,,,,,3.48,3.12,2.36,,Ligue 2,,20181103_Niort_Le-Havre,-81.39904260093522,0.79,0.7,43.1,56.9
2018-11-03,Orleans,Grenoble,0.0,3.0,3.0,5.0,7.0,9.0,1.0,7.0,3.0,2.0,0.0,0.0,2.37,3.0,3.2,,,,,,2.59,3.18,3.03,,Ligue 2,,20181103_Orleans_Grenoble,-6.09745925143784,1.06,1.33,45.9,54.1
2018-11-03,Troyes,Valenciennes,4.0,2.0,8.0,4.0,8.0,3.0,4.0,2.0,2.0,3.0,0.0,1.0,1.9,3.2,4.33,,,,,,1.81,3.81,4.58,,Ligue 2,,20181103_Troyes_Valenciennes,60.48552841596984,1.75,1.1,58.1,41.9
2018-11-05,Metz,Auxerre,0.0,1.0,1.0,6.0,5.0,7.0,2.0,10.0,1.0,1.0,0.0,0.0,1.6,3.5,6.5,,,,,,1.59,3.97,6.32,,Ligue 2,,20181105_Metz_Auxerre,142.72268010450898,0.43,0.65,54.9,45.1
2018-11-09,Ajaccio GFCO,Troyes,2.0,1.0,5.0,2.0,10.0,2.0,7.0,4.0,1.0,1.0,0.0,0.0,3.2,3.1,2.37,,,,,,3.13,3.19,2.52,,Ligue 2,,20181109_Ajaccio-GFCO_Troyes,-76.69919654325349,1.33,0.94,47.4,52.6
2018-11-09,Auxerre,Niort,0.0,0.0,2.0,4.0,15.0,5.0,2.0,1.0,0.0,2.0,0.0,0.0,1.83,3.3,4.75,,,,,,1.93,3.17,4.94,,Ligue 2,,20181109_Auxerre_Niort,-53.42024697536476,0.37,0.26,48.0,52.0
2018-11-09,Chateauroux,Metz,1.0,2.0,3.0,5.0,3.0,6.0,7.0,4.0,1.0,4.0,1.0,0.0,3.8,3.3,2.0,,,,,,3.82,3.41,2.1,,Ligue 2,,20181109_Chateauroux_Metz,-39.801978366565436,0.34,0.63,51.4,48.6
2018-11-09,Clermont,Orleans,3.0,0.0,8.0,1.0,7.0,10.0,7.0,3.0,0.0,3.0,0.0,1.0,1.85,3.3,4.5,,,,,,1.78,3.7,4.97,,Ligue 2,,20181109_Clermont_Orleans,50.21634381317813,1.32,1.28,51.4,48.6
2018-11-09,Grenoble,Ajaccio,2.0,0.0,6.0,1.0,10.0,7.0,2.0,5.0,1.0,3.0,0.0,0.0,1.9,3.2,4.4,,,,,,1.79,3.47,5.32,,Ligue 2,,20181109_Grenoble_Ajaccio,21.193312877492644,0.6,0.65,50.5,49.5
2018-11-09,Le Havre,Sochaux,3.0,2.0,5.0,7.0,13.0,3.0,5.0,7.0,4.0,2.0,0.0,0.0,1.83,3.3,4.6,,,,,,1.83,3.47,5.05,,Ligue 2,,20181109_Le-Havre_Sochaux,87.13414985666714,1.28,0.81,51.9,48.1
2018-11-09,Lorient,Paris FC,2.0,1.0,4.0,1.0,8.0,5.0,3.0,2.0,5.0,3.0,0.0,1.0,2.0,3.1,4.33,,,,,,2.13,2.98,4.4,,Ligue 2,,20181109_Lorient_Paris-FC,18.766163492998658,0.42,1.05,48.3,51.7
2018-11-09,Red Star,Beziers,0.0,3.0,2.0,7.0,10.0,7.0,3.0,4.0,4.0,2.0,0.0,0.0,2.37,3.0,3.2,,,,,,2.67,2.86,3.27,,Ligue 2,,20181109_Red-Star_Beziers,-23.318511874182832,0.52,1.31,44.4,55.6
2018-11-10,Valenciennes,Lens,4.0,2.0,6.0,5.0,10.0,3.0,6.0,3.0,5.0,2.0,1.0,1.0,4.5,3.4,1.8,,,,,,5.06,3.84,1.74,,Ligue 2,,20181110_Valenciennes_Lens,-90.36598523111729,1.44,0.96,41.8,58.2
2018-11-12,Brest,Nancy,2.0,1.0,7.0,4.0,8.0,3.0,6.0,0.0,3.0,2.0,0.0,0.0,1.55,3.8,6.5,,,,,,1.6,3.75,6.84,,Ligue 2,,20181112_Brest_Nancy,235.57354699615894,1.91,0.36,57.6,42.4
2018-11-23,Ajaccio,Clermont,0.0,0.0,2.0,1.0,2.0,7.0,0.0,4.0,2.0,1.0,0.0,0.0,3.1,2.9,2.5,,,,,,3.08,3.07,2.63,,Ligue 2,,20181123_Ajaccio_Clermont,-63.27983343854862,0.79,0.33,48.5,51.5
2018-11-23,Beziers,Valenciennes,1.0,1.0,6.0,3.0,7.0,1.0,5.0,1.0,2.0,1.0,0.0,0.0,2.0,3.1,4.2,,,,,,2.06,3.32,4.07,,Ligue 2,,20181123_Beziers_Valenciennes,38.215763021334624,1.69,1.66,47.7,52.3
2018-11-23,Nancy,Red Star,1.0,0.0,5.0,1.0,11.0,5.0,7.0,3.0,1.0,3.0,0.0,1.0,2.14,3.0,3.75,,,,,,2.27,2.93,4.02,,Ligue 2,,20181123_Nancy_Red-Star,-67.62651902342554,1.03,0.07,48.6,51.4
2018-11-23,Niort,Chateauroux,0.0,1.0,4.0,2.0,9.0,10.0,6.0,4.0,4.0,3.0,0.0,0.0,2.14,3.2,3.6,,,,,,2.46,3.1,3.31,,Ligue 2,,20181123_Niort_Chateauroux,-7.3604348476822,0.5,0.47,50.8,49.2
2018-11-23,Orleans,Brest,0.0,0.0,5.0,1.0,13.0,5.0,10.0,5.0,1.0,1.0,0.0,0.0,3.3,3.25,2.2,,,,,,3.31,3.37,2.31,,Ligue 2,,20181123_Orleans_Brest,-125.43044768172035,0.31,1.28,36.2,63.8
2018-11-23,Paris FC,Le Havre,1.0,0.0,4.0,4.0,8.0,9.0,2.0,7.0,2.0,0.0,0.0,1.0,2.54,2.8,3.2,,,,,,2.61,2.8,3.44,,Ligue 2,,20181123_Paris-FC_Le-Havre,-25.992403587124045,1.12,1.67,47.2,52.8
2018-11-23,Sochaux,Auxerre,1.0,4.0,3.0,8.0,4.0,5.0,5.0,6.0,1.0,5.0,0.0,0.0,2.62,3.0,2.87,,,,,,2.87,2.97,2.9,,Ligue 2,,20181123_Sochaux_Auxerre,7.280254329778018,0.6,1.59,49.8,50.2
2018-11-23,Troyes,Lorient,2.0,0.0,2.0,4.0,7.0,13.0,4.0,8.0,3.0,2.0,0.0,0.0,2.6,2.9,3.0,,,,,,2.64,2.98,3.16,,Ligue 2,,20181123_Troyes_Lorient,-79.03310302480531,1.75,1.13,46.1,53.9
2018-11-24,Lens,Grenoble,0.0,0.0,3.0,1.0,11.0,9.0,6.0,3.0,3.0,2.0,0.0,0.0,2.0,3.2,4.0,,,,,,2.21,3.11,3.88,,Ligue 2,,20181124_Lens_Grenoble,-35.81843828997148,0.05,1.37,45.8,54.2
2018-11-26,Metz,Ajaccio GFCO,1.0,0.0,2.0,2.0,10.0,7.0,5.0,5.0,1.0,4.0,0.0,0.0,1.4,4.33,8.5,,,,,,1.43,4.64,7.93,,Ligue 2,,20181126_Metz_Ajaccio-GFCO,116.70521294321043,0.57,1.29,56.3,43.7
2018-11-30,Ajaccio GFCO,Niort,0.0,1.0,5.0,4.0,7.0,6.0,4.0,2.0,5.0,4.0,1.0,1.0,2.14,3.1,3.6,,,,,,2.39,3.07,3.47,,Ligue 2,,20181130_Ajaccio-GFCO_Niort,-44.64864485703333,1.0,1.13,48.7,51.3
2018-11-30,Brest,Ajaccio,2.0,0.0,6.0,1.0,2.0,4.0,2.0,4.0,1.0,0.0,0.0,1.0,1.7,3.6,5.0,,,,,,1.75,3.53,5.54,,Ligue 2,,20181130_Brest_Ajaccio,111.62372476369706,0.29,1.05,51.4,48.6
2018-11-30,Chateauroux,Sochaux,1.0,0.0,2.0,2.0,10.0,4.0,4.0,9.0,2.0,2.0,0.0,0.0,2.2,3.0,3.6,,,,,,2.35,3.08,3.55,,Ligue 2,,20181130_Chateauroux_Sochaux,73.8363264316747,1.03,0.26,59.1,40.9
2018-11-30,Clermont,Beziers,2.0,0.0,12.0,0.0,12.0,2.0,2.0,1.0,0.0,2.0,0.0,0.0,1.8,3.3,4.75,,,,,,1.72,3.35,6.32,,Ligue 2,,20181130_Clermont_Beziers,76.56501388910078,1.95,0.76,52.2,47.8
2018-11-30,Le Havre,Auxerre,1.0,1.0,7.0,3.0,10.0,9.0,7.0,9.0,2.0,2.0,0.0,0.0,2.14,3.2,3.5,,,,,,2.27,3.13,3.68,,Ligue 2,,20181130_Le-Havre_Auxerre,87.3709974861938,0.47,1.46,60.8,39.2
2018-11-30,Lorient,Lens,2.0,2.0,4.0,4.0,2.0,9.0,6.0,4.0,4.0,4.0,0.0,0.0,2.3,3.0,3.3,,,,,,2.18,3.14,3.92,,Ligue 2,,20181130_Lorient_Lens,53.54553861723525,1.5,0.49,51.5,48.5
2018-11-30,Orleans,Nancy,1.0,2.0,5.0,5.0,6.0,4.0,9.0,3.0,3.0,2.0,0.0,0.0,2.0,3.1,4.2,,,,,,2.23,3.1,3.85,,Ligue 2,,20181130_Orleans_Nancy,109.82396913761795,0.73,0.92,50.9,49.1
2018-11-30,Red Star,Troyes,0.0,3.0,4.0,3.0,7.0,11.0,5.0,4.0,2.0,0.0,0.0,0.0,3.1,3.1,2.37,,,,,,3.32,3.15,2.42,,Ligue 2,,20181130_Red-Star_Troyes,-87.17418751425612,1.08,2.03,46.3,53.7
2018-11-30,Valenciennes,Paris FC,0.0,0.0,3.0,3.0,3.0,3.0,3.0,2.0,2.0,1.0,0.0,0.0,3.0,3.0,2.5,,,,,,2.91,2.99,2.84,,Ligue 2,,20181130_Valenciennes_Paris-FC,-99.8329996035502,0.2,1.23,39.5,60.5
2018-12-01,Grenoble,Metz,1.0,1.0,2.0,3.0,6.0,5.0,4.0,4.0,0.0,3.0,0.0,0.0,2.5,3.0,3.0,,,,,,2.55,3.2,3.06,,Ligue 2,,20181201_Grenoble_Metz,-33.17708823768544,1.14,1.89,41.2,58.8
2018-12-03,Auxerre,Lorient,0.0,0.0,2.0,1.0,5.0,6.0,7.0,4.0,1.0,1.0,0.0,0.0,2.45,3.1,3.0,,,,,,2.43,3.2,3.26,,Ligue 2,,20181203_Auxerre_Lorient,-96.27165516919695,1.26,1.13,43.0,57.0
2018-12-04,Ajaccio,Nancy,1.0,1.0,5.0,2.0,5.0,7.0,7.0,3.0,3.0,4.0,0.0,0.0,2.1,3.0,4.0,,,,,,2.05,3.19,4.32,,Ligue 2,,20181204_Ajaccio_Nancy,91.38029772472782,0.97,0.79,57.2,42.8
2018-12-04,Beziers,Grenoble,0.0,3.0,0.0,10.0,9.0,6.0,2.0,5.0,2.0,0.0,0.0,0.0,3.4,3.0,2.3,,,,,,3.58,3.09,2.33,,Ligue 2,,20181204_Beziers_Grenoble,-68.48527695453345,0.05,1.19,53.6,46.4
2018-12-04,Le Havre,Chateauroux,2.0,1.0,6.0,3.0,12.0,5.0,3.0,1.0,0.0,2.0,0.0,0.0,1.75,3.4,5.0,,,,,,1.77,3.57,5.24,,Ligue 2,,20181204_Le-Havre_Chateauroux,18.314105898349,1.0,0.1,50.0,50.0
2018-12-04,Lens,Brest,2.0,1.0,4.0,2.0,7.0,6.0,3.0,9.0,3.0,2.0,0.0,0.0,2.1,3.25,3.5,,,,,,2.32,3.31,3.36,,Ligue 2,,20181204_Lens_Brest,-111.07716819690654,0.64,0.96,39.5,60.5
2018-12-04,Metz,Red Star,2.0,0.0,5.0,1.0,8.0,6.0,2.0,2.0,1.0,1.0,0.0,0.0,1.36,4.5,9.0,,,,,,1.42,4.21,10.22,,Ligue 2,,20181204_Metz_Red-Star,157.7329166705697,0.33,0.92,55.3,44.7
2018-12-04,Niort,Valenciennes,1.0,0.0,6.0,2.0,11.0,5.0,5.0,7.0,2.0,3.0,0.0,0.0,2.04,3.4,3.5,,,,,,2.13,3.38,3.76,,Ligue 2,,20181204_Niort_Valenciennes,45.53401834339161,1.25,0.25,49.6,50.4
2018-12-04,Paris FC,Clermont,3.0,0.0,5.0,2.0,4.0,4.0,1.0,4.0,1.0,2.0,0.0,0.0,2.8,3.0,2.8,,,,,,3.22,2.89,2.68,,Ligue 2,,20181204_Paris-FC_Clermont,-25.07229565558123,1.76,1.39,53.8,46.2
2018-12-04,Sochaux,Ajaccio GFCO,2.0,0.0,2.0,2.0,1.0,7.0,2.0,2.0,4.0,3.0,0.0,1.0,1.95,3.2,4.2,,,,,,2.02,3.28,4.3,,Ligue 2,,20181204_Sochaux_Ajaccio-GFCO,2.6432172529125637,1.34,1.36,50.8,49.2
2018-12-04,Troyes,Orleans,3.0,2.0,4.0,5.0,3.0,5.0,1.0,5.0,1.0,2.0,0.0,1.0,1.83,3.4,4.5,,,,,,1.88,3.38,4.81,,Ligue 2,,20181204_Troyes_Orleans,41.085821781927734,0.81,1.78,55.3,44.7
2018-12-14,Ajaccio GFCO,Le Havre,1.0,1.0,4.0,2.0,17.0,4.0,12.0,2.0,2.0,0.0,0.0,0.0,3.6,3.0,2.2,,,,,,3.56,2.96,2.42,,Ligue 2,,20181214_Ajaccio-GFCO_Le-Havre,-137.0453864218132,0.09,1.92,42.0,58.0
2018-12-14,Brest,Beziers,3.0,0.0,8.0,1.0,12.0,3.0,8.0,0.0,2.0,3.0,0.0,1.0,1.5,3.75,7.5,,,,,,1.53,4.05,7.16,,Ligue 2,,20181214_Brest_Beziers,140.85587445768897,1.1,0.28,49.1,50.9
2018-12-14,Chateauroux,Auxerre,0.0,0.0,3.0,3.0,8.0,8.0,0.0,9.0,0.0,1.0,0.0,0.0,2.9,3.0,2.6,,,,,,3.28,2.92,2.61,,Ligue 2,,20181214_Chateauroux_Auxerre,48.53502512969044,1.2,0.08,52.4,47.6
2018-12-14,Grenoble,Paris FC,0.0,1.0,7.0,3.0,10.0,6.0,5.0,4.0,1.0,3.0,0.0,0.0,2.1,2.9,4.2,,,,,,2.26,2.89,4.11,,Ligue 2,,20181214_Grenoble_Paris-FC,-5.002200044897563,0.89,1.11,42.8,57.2
2018-12-14,Lorient,Niort,1.0,1.0,6.0,1.0,9.0,4.0,4.0,5.0,2.0,5.0,0.0,0.0,1.55,3.6,6.5,,,,,,1.65,3.82,5.95,,Ligue 2,,20181214_Lorient_Niort,49.320500572405535,1.55,1.61,43.4,56.6
2018-12-14,Nancy,Troyes,1.0,1.0,3.0,6.0,6.0,4.0,5.0,1.0,3.0,2.0,0.0,0.0,2.5,3.0,3.0,,,,,,2.67,3.29,2.84,,Ligue 2,,20181214_Nancy_Troyes,-127.06856500703725,0.8,1.03,43.3,56.7
2018-12-14,Orleans,Ajaccio,1.0,3.0,3.0,7.0,5.0,9.0,6.0,4.0,3.0,1.0,1.0,1.0,2.3,3.0,3.4,,,,,,2.45,3.01,3.44,,Ligue 2,,20181214_Orleans_Ajaccio,-20.401911400934296,1.08,1.3,46.9,53.1
2018-12-14,Red Star,Sochaux,3.0,0.0,9.0,0.0,6.0,4.0,1.0,3.0,4.0,1.0,0.0,2.0,2.8,3.0,2.7,,,,,,3.2,2.83,2.74,,Ligue 2,,20181214_Red-Star_Sochaux,-36.925225349807306,1.39,0.23,47.6,52.4
2018-12-15,Clermont,Lens,0.0,0.0,6.0,1.0,7.0,1.0,8.0,2.0,1.0,1.0,0.0,0.0,2.5,3.1,2.9,,,,,,2.35,3.01,3.65,,Ligue 2,,20181215_Clermont_Lens,30.959891511329488,1.3,0.25,58.2,41.8
2018-12-17,Valenciennes,Metz,0.0,2.0,2.0,6.0,5.0,10.0,5.0,7.0,1.0,1.0,0.0,0.0,5.0,3.25,1.8,,,,,,5.49,3.55,1.75,,Ligue 2,,20181217_Valenciennes_Metz,-139.544401927943,1.45,1.83,37.1,62.9
2018-12-21,Auxerre,Grenoble,4.0,0.0,5.0,7.0,3.0,8.0,4.0,11.0,2.0,2.0,0.0,0.0,2.25,3.0,3.5,,,,,,2.31,2.98,3.81,,Ligue 2,,20181221_Auxerre_Grenoble,-71.9858194471451,1.3,1.03,35.0,65.0
2018-12-21,Beziers,Orleans,1.0,2.0,5.0,4.0,8.0,5.0,12.0,3.0,3.0,5.0,0.0,0.0,3.0,3.0,2.5,,,,,,3.13,3.11,2.57,,Ligue 2,,20181221_Beziers_Orleans,-1.0006596484581678,1.23,0.43,51.4,48.6
2018-12-21,Chateauroux,Ajaccio GFCO,0.0,1.0,4.0,3.0,10.0,3.0,10.0,4.0,3.0,2.0,0.0,0.0,2.04,3.2,3.75,,,,,,2.16,3.12,4.02,,Ligue 2,,20181221_Chateauroux_Ajaccio-GFCO,89.82741836581408,0.16,0.47,55.3,44.7
2018-12-21,Niort,Brest,1.0,1.0,5.0,2.0,10.0,6.0,9.0,10.0,2.0,1.0,0.0,0.0,3.2,3.2,2.25,,,,,,3.59,3.18,2.28,,Ligue 2,,20181221_Niort_Brest,-103.7465658973315,1.22,0.72,50.1,49.9
2018-12-21,Paris FC,Red Star,1.0,1.0,5.0,5.0,5.0,5.0,1.0,4.0,1.0,3.0,0.0,1.0,1.83,3.1,5.0,,,,,,1.89,2.93,6.1,,Ligue 2,,20181221_Paris-FC_Red-Star,146.96222230559601,1.67,1.63,55.6,44.4
2018-12-21,Troyes,Clermont,0.0,1.0,2.0,4.0,7.0,7.0,5.0,3.0,2.0,1.0,0.0,0.0,2.6,3.0,2.9,,,,,,2.89,3.05,2.8,,Ligue 2,,20181221_Troyes_Clermont,-28.124364379181316,0.28,0.7,48.3,51.7
2018-12-22,Lens,Ajaccio,1.0,2.0,4.0,2.0,11.0,5.0,3.0,2.0,2.0,2.0,0.0,0.0,1.66,3.4,6.0,,,,,,1.71,3.46,6.18,,Ligue 2,,20181222_Lens_Ajaccio,25.657227589309514,1.8,0.72,48.7,51.3
2018-12-22,Sochaux,Lorient,1.0,0.0,1.0,2.0,6.0,9.0,3.0,5.0,1.0,3.0,0.0,0.0,3.6,3.1,2.14,,,,,,4.29,3.23,2.04,,Ligue 2,,20181222_Sochaux_Lorient,-122.3645741742605,1.21,0.92,38.9,61.1
2019-01-11,Ajaccio GFCO,Auxerre,0.0,4.0,3.0,9.0,7.0,7.0,2.0,4.0,0.0,3.0,0.0,0.0,3.2,3.0,2.4,,,,,,3.39,3.08,2.43,,Ligue 2,,20190111_Ajaccio-GFCO_Auxerre,-44.03955970006177,1.48,1.23,43.9,56.1
2019-01-11,Ajaccio,Beziers,2.0,1.0,9.0,2.0,2.0,2.0,8.0,2.0,3.0,0.0,0.0,1.0,2.05,3.1,4.0,,,,,,1.98,3.2,4.65,,Ligue 2,,20190111_Ajaccio_Beziers,68.84487497169403,1.09,1.83,53.4,46.6
2019-01-11,Clermont,Niort,3.0,2.0,8.0,4.0,10.0,4.0,4.0,1.0,3.0,2.0,0.0,0.0,1.61,3.5,6.5,,,,,,1.55,3.88,7.29,,Ligue 2,,20190111_Clermont_Niort,54.1497465669097,0.87,1.03,52.2,47.8
2019-01-11,Lorient,Chateauroux,2.0,1.0,3.0,5.0,6.0,4.0,6.0,5.0,0.0,4.0,0.0,1.0,1.61,3.6,6.0,,,,,,1.8,3.2,6.0,,Ligue 2,,20190111_Lorient_Chateauroux,40.20031844945879,0.77,1.06,49.8,50.2
2019-01-11,Nancy,Paris FC,1.0,2.0,4.0,4.0,7.0,3.0,2.0,1.0,2.0,0.0,0.0,0.0,3.0,2.87,2.62,,,,,,3.25,2.8,2.73,,Ligue 2,,20190111_Nancy_Paris-FC,-155.54384954496186,1.03,1.46,42.3,57.7
2019-01-11,Orleans,Metz,0.0,1.0,2.0,1.0,7.0,6.0,2.0,4.0,1.0,1.0,0.0,0.0,4.5,3.25,1.85,,,,,,4.73,3.31,1.93,,Ligue 2,,20190111_Orleans_Metz,-117.78298039691686,0.05,1.34,44.4,55.6
2019-01-11,Valenciennes,Sochaux,1.0,0.0,3.0,1.0,6.0,5.0,3.0,2.0,0.0,2.0,0.0,0.0,2.4,3.1,3.1,,,,,,2.51,3.15,3.18,,Ligue 2,,20190111_Valenciennes_Sochaux,-15.153939487037633,1.0,0.32,51.2,48.8
2019-01-12,Brest,Troyes,1.0,1.0,4.0,5.0,11.0,5.0,6.0,5.0,4.0,3.0,1.0,1.0,1.83,3.5,4.33,,,,,,1.77,3.66,5.07,,Ligue 2,,20190112_Brest_Troyes,92.82176667523731,0.92,0.05,51.4,48.6
2019-01-12,Grenoble,Le Havre,0.0,0.0,3.0,2.0,7.0,11.0,3.0,2.0,4.0,4.0,0.0,0.0,2.2,3.2,3.4,,,,,,2.44,2.99,3.48,,Ligue 2,,20190112_Grenoble_Le-Havre,-25.8829279290444,0.31,1.11,50.9,49.1
2019-01-14,Red Star,Lens,1.0,0.0,1.0,5.0,4.0,15.0,4.0,5.0,0.0,3.0,0.0,0.0,4.2,3.2,1.95,,,,,,3.77,3.25,2.18,,Ligue 2,,20190114_Red-Star_Lens,-86.90701615333182,1.0,1.13,37.5,62.5
2019-01-15,Le Havre,Valenciennes,4.0,3.0,5.0,4.0,7.0,5.0,1.0,2.0,4.0,2.0,0.0,1.0,1.57,3.75,6.0,,,,,,1.62,3.97,5.98,,Ligue 2,,20190115_Le-Havre_Valenciennes,105.03178403529819,0.37,1.52,46.6,53.4
2019-01-18,Auxerre,Orleans,3.0,0.0,11.0,1.0,6.0,6.0,4.0,0.0,1.0,3.0,0.0,0.0,1.72,3.6,5.0,,,,,,1.82,3.3,5.46,,Ligue 2,,20190118_Auxerre_Orleans,31.440038686293065,1.64,0.31,55.3,44.7
2019-01-18,Beziers,Troyes,0.0,0.0,6.0,0.0,9.0,4.0,5.0,4.0,1.0,3.0,0.0,1.0,3.4,3.1,2.2,,,,,,3.25,3.41,2.33,,Ligue 2,,20190118_Beziers_Troyes,-84.073955025636,1.36,1.24,47.3,52.7
2019-01-18,Chateauroux,Valenciennes,1.0,1.0,6.0,3.0,11.0,6.0,10.0,3.0,1.0,1.0,0.0,0.0,2.0,3.4,3.75,,,,,,2.1,3.28,3.98,,Ligue 2,,20190118_Chateauroux_Valenciennes,50.53671228115013,0.61,0.97,43.7,56.3
2019-01-18,Lorient,Ajaccio GFCO,0.0,1.0,3.0,1.0,13.0,2.0,10.0,0.0,1.0,2.0,1.0,1.0,1.45,3.8,9.0,,,,,,1.47,4.22,8.01,,Ligue 2,,20190118_Lorient_Ajaccio-GFCO,121.0620535998521,0.05,0.35,54.9,45.1
2019-01-18,Metz,Clermont,1.0,2.0,4.0,3.0,11.0,4.0,9.0,3.0,1.0,2.0,0.0,0.0,2.05,3.1,4.0,,,,,,2.37,2.84,3.88,,Ligue 2,,20190118_Metz_Clermont,19.17552527738826,1.55,1.43,50.3,49.7
2019-01-18,Sochaux,Ajaccio,0.0,0.0,1.0,3.0,7.0,2.0,7.0,0.0,0.0,0.0,0.0,0.0,2.5,2.9,3.1,,,,,,2.85,2.76,3.14,,Ligue 2,,20190118_Sochaux_Ajaccio,-87.54425511292197,0.75,0.89,48.6,51.4
2019-01-19,Lens,Nancy,2.0,1.0,9.0,5.0,9.0,4.0,4.0,3.0,1.0,3.0,0.0,1.0,1.55,3.7,6.5,,,,,,1.92,3.11,5.21,,Ligue 2,,20190119_Lens_Nancy,97.09480370852634,1.08,1.49,48.2,51.8
2019-01-19,Niort,Grenoble,1.0,1.0,6.0,1.0,10.0,7.0,3.0,1.0,0.0,2.0,0.0,0.0,3.0,3.0,2.5,,,,,,3.62,2.99,2.38,,Ligue 2,,20190119_Niort_Grenoble,-24.598423295124803,1.04,1.19,53.2,46.8
2019-01-21,Le Havre,Red Star,1.0,0.0,4.0,2.0,8.0,8.0,5.0,4.0,0.0,1.0,0.0,0.0,1.61,3.6,6.0,,,,,,1.66,3.55,6.59,,Ligue 2,,20190121_Le-Havre_Red-Star,117.58981578004295,1.63,0.3,50.4,49.6
2019-01-21,Paris FC,Brest,0.0,1.0,1.0,4.0,6.0,9.0,4.0,5.0,2.0,3.0,0.0,0.0,2.75,3.0,2.75,,,,,,2.63,2.76,3.46,,Ligue 2,,20190121_Paris-FC_Brest,-34.81786260788908,0.31,0.46,52.9,47.1
2019-01-25,Ajaccio,Metz,0.0,0.0,2.0,3.0,4.0,6.0,3.0,5.0,0.0,1.0,0.0,0.0,4.0,2.9,2.15,,,,,,3.61,2.95,2.41,,Ligue 2,,20190125_Ajaccio_Metz,-62.59737368372498,1.07,0.3,44.2,55.8
2019-01-25,Grenoble,Ajaccio GFCO,1.0,1.0,6.0,1.0,4.0,9.0,6.0,1.0,1.0,2.0,0.0,0.0,1.75,3.4,5.0,,,,,,1.95,3.11,5.0,,Ligue 2,,20190125_Grenoble_Ajaccio-GFCO,81.63393809686022,0.87,1.07,58.9,41.1
2019-01-25,Nancy,Auxerre,1.0,0.0,3.0,3.0,3.0,12.0,3.0,3.0,0.0,4.0,0.0,0.0,4.33,3.0,2.0,,,,,,4.14,3.43,2.0,,Ligue 2,,20190125_Nancy_Auxerre,-111.24124676102338,1.16,1.0,41.1,58.9
2019-01-25,Red Star,Chateauroux,1.0,3.0,4.0,6.0,6.0,14.0,7.0,5.0,1.0,2.0,0.0,0.0,2.45,2.8,3.3,,,,,,2.75,2.93,3.07,,Ligue 2,,20190125_Red-Star_Chateauroux,-52.490463070807664,0.56,1.84,51.2,48.8
2019-01-25,Valenciennes,Lorient,1.0,2.0,4.0,3.0,7.0,10.0,7.0,3.0,2.0,4.0,1.0,1.0,4.2,3.1,2.0,,,,,,4.14,3.56,1.95,,Ligue 2,,20190125_Valenciennes_Lorient,-94.21920303530374,1.04,1.48,45.1,54.9
2019-01-26,Brest,Sochaux,1.0,0.0,2.0,2.0,9.0,8.0,10.0,5.0,0.0,0.0,0.0,0.0,1.53,3.4,8.5,,,,,,1.53,3.94,7.69,,Ligue 2,,20190126_Brest_Sochaux,177.8660543016913,1.19,0.54,54.8,45.2
2019-01-26,Orleans,Niort,1.0,0.0,3.0,1.0,13.0,10.0,3.0,4.0,3.0,2.0,0.0,0.0,2.15,3.0,3.8,,,,,,2.33,3.1,3.56,,Ligue 2,,20190126_Orleans_Niort,-52.095314320243915,0.19,1.05,50.8,49.2
2019-01-28,Beziers,Paris FC,0.0,1.0,3.0,7.0,5.0,10.0,2.0,5.0,3.0,1.0,1.0,0.0,3.3,2.75,2.5,,,,,,3.16,2.7,2.91,,Ligue 2,,20190128_Beziers_Paris-FC,-122.16440434743367,1.04,0.51,47.5,52.5
2019-01-28,Clermont,Le Havre,0.0,0.0,5.0,2.0,12.0,3.0,7.0,1.0,1.0,1.0,0.0,0.0,2.0,3.1,4.33,,,,,,1.95,3.1,5.03,,Ligue 2,,20190128_Clermont_Le-Havre,21.83829355185094,1.24,1.12,52.9,47.1
2019-01-28,Troyes,Lens,1.0,0.0,3.0,3.0,5.0,8.0,4.0,10.0,0.0,5.0,0.0,0.0,2.5,2.9,3.1,,,,,,3.04,3.28,2.52,,Ligue 2,,20190128_Troyes_Lens,9.049188165976148,0.83,0.32,44.0,56.0
2019-01-29,Metz,Nancy,3.0,0.0,7.0,1.0,10.0,1.0,11.0,2.0,2.0,0.0,0.0,1.0,1.61,3.5,6.5,,,,,,1.67,3.56,6.39,,Ligue 2,,20190129_Metz_Nancy,172.31238251868172,1.18,0.26,57.6,42.4
2019-02-01,Auxerre,Red Star,0.0,0.0,3.0,3.0,18.0,5.0,13.0,3.0,0.0,4.0,0.0,0.0,1.57,3.6,6.5,,,,,,1.55,3.87,7.5,,Ligue 2,,20190201_Auxerre_Red-Star,65.01273922325709,0.52,0.05,52.0,48.0
2019-02-01,Chateauroux,Grenoble,2.0,2.0,9.0,4.0,9.0,12.0,7.0,7.0,1.0,3.0,0.0,0.0,2.7,3.0,2.75,,,,,,2.86,2.86,3.03,,Ligue 2,,20190201_Chateauroux_Grenoble,-26.791320552985553,2.44,1.34,44.4,55.6
2019-02-01,Le Havre,Brest,1.0,1.0,3.0,3.0,6.0,10.0,2.0,10.0,2.0,2.0,1.0,1.0,2.87,3.0,2.62,,,,,,2.96,2.95,2.83,,Ligue 2,,20190201_Le-Havre_Brest,-54.92678121904214,1.57,1.05,48.5,51.5
2019-02-01,Lorient,Ajaccio,1.0,0.0,3.0,1.0,3.0,7.0,2.0,2.0,1.0,2.0,1.0,0.0,1.8,3.3,4.75,,,,,,1.85,3.16,5.57,,Ligue 2,,20190201_Lorient_Ajaccio,19.46706753331273,1.68,1.65,47.7,52.3
2019-02-01,Metz,Troyes,1.0,1.0,4.0,2.0,21.0,4.0,14.0,4.0,4.0,3.0,0.0,0.0,1.55,3.6,7.0,,,,,,1.66,3.63,6.34,,Ligue 2,,20190201_Metz_Troyes,59.22747766485463,1.24,1.38,52.7,47.3
2019-02-01,Niort,Nancy,1.0,1.0,5.0,4.0,7.0,10.0,3.0,9.0,0.0,2.0,1.0,0.0,2.15,3.1,3.6,,,,,,2.5,3.02,3.34,,Ligue 2,,20190201_Niort_Nancy,87.05329607895487,1.24,0.57,58.8,41.2
2019-02-01,Paris FC,Orleans,0.0,0.0,3.0,1.0,6.0,2.0,4.0,1.0,0.0,3.0,0.0,1.0,2.0,2.9,4.5,,,,,,2.09,2.93,4.71,,Ligue 2,,20190201_Paris-FC_Orleans,103.58679111547758,0.6,0.75,57.0,43.0
2019-02-01,Sochaux,Clermont,2.0,1.0,4.0,1.0,6.0,12.0,4.0,6.0,4.0,3.0,0.0,0.0,4.0,3.2,2.0,,,,,,4.12,3.13,2.13,,Ligue 2,,20190201_Sochaux_Clermont,-155.95609171497472,2.18,0.42,42.4,57.6
2019-02-04,Ajaccio GFCO,Valenciennes,0.0,0.0,2.0,0.0,12.0,5.0,6.0,3.0,1.0,0.0,0.0,0.0,2.1,3.1,3.8,,,,,,2.47,3.1,3.3,,Ligue 2,,20190204_Ajaccio-GFCO_Valenciennes,16.789088666902217,0.99,0.75,39.1,60.9
2019-02-04,Lens,Beziers,3.0,0.0,5.0,1.0,2.0,5.0,3.0,7.0,0.0,2.0,0.0,0.0,1.53,3.5,8.0,,,,,,1.52,3.9,8.04,,Ligue 2,,20190204_Lens_Beziers,65.58667509778911,0.5,1.0,54.7,45.3
2019-02-08,Ajaccio,Niort,1.0,0.0,2.0,0.0,4.0,10.0,4.0,7.0,2.0,2.0,0.0,0.0,1.9,3.2,4.33,,,,,,1.97,2.98,5.26,,Ligue 2,,20190208_Ajaccio_Niort,25.049438759594523,1.52,0.6,45.7,54.3
2019-02-08,Beziers,Sochaux,0.0,0.0,4.0,1.0,7.0,4.0,9.0,3.0,3.0,2.0,0.0,0.0,3.4,2.8,2.4,,,,,,3.12,2.97,2.67,,Ligue 2,,20190208_Beziers_Sochaux,-29.135809458926587,0.24,1.33,50.9,49.1
2019-02-08,Clermont,Valenciennes,0.0,1.0,2.0,1.0,19.0,3.0,9.0,3.0,1.0,2.0,0.0,1.0,1.4,4.2,9.0,,,,,,1.46,4.46,7.53,,Ligue 2,,20190208_Clermont_Valenciennes,140.6204402927774,1.4,0.87,54.6,45.4
2019-02-08,Grenoble,Lorient,0.0,1.0,4.0,3.0,12.0,2.0,8.0,2.0,0.0,3.0,0.0,0.0,2.6,2.8,3.1,,,,,,2.68,2.74,3.41,,Ligue 2,,20190208_Grenoble_Lorient,-31.23211858122272,0.26,0.95,49.1,50.9
2019-02-08,Nancy,Chateauroux,0.0,1.0,5.0,5.0,5.0,8.0,3.0,6.0,1.0,1.0,1.0,0.0,2.5,3.0,3.1,,,,,,2.61,3.03,3.15,,Ligue 2,,20190208_Nancy_Chateauroux,-92.15938142051823,0.62,1.43,44.9,55.1
2019-02-08,Orleans,Le Havre,1.0,1.0,4.0,2.0,7.0,9.0,4.0,6.0,2.0,2.0,0.0,0.0,3.1,2.9,2.55,,,,,,3.14,2.91,2.72,,Ligue 2,,20190208_Orleans_Le-Havre,-101.88307455465974,1.34,0.45,51.4,48.6
2019-02-08,Red Star,Ajaccio GFCO,1.0,1.0,2.0,4.0,7.0,11.0,5.0,7.0,0.0,0.0,0.0,0.0,2.37,2.9,3.3,,,,,,2.58,2.71,3.66,,Ligue 2,,20190208_Red-Star_Ajaccio-GFCO,-20.787774695096687,1.43,0.69,47.2,52.8
2019-02-08,Troyes,Paris FC,0.0,1.0,3.0,3.0,4.0,12.0,5.0,2.0,2.0,2.0,0.0,0.0,2.62,2.87,3.0,,,,,,3.1,2.66,3.0,,Ligue 2,,20190208_Troyes_Paris-FC,-34.54463000004807,1.16,1.23,50.9,49.1
2019-02-09,Lens,Metz,0.0,0.0,2.0,0.0,5.0,5.0,5.0,3.0,2.0,4.0,0.0,0.0,2.6,2.9,3.0,,,,,,2.59,2.88,3.36,,Ligue 2,,20190209_Lens_Metz,-79.86440813287686,1.5,1.48,47.1,52.9
2019-02-11,Brest,Auxerre,1.0,0.0,4.0,4.0,7.0,12.0,2.0,5.0,2.0,0.0,0.0,0.0,1.9,3.0,4.75,,,,,,2.33,3.23,3.42,,Ligue 2,,20190211_Brest_Auxerre,134.96976053828348,0.05,0.21,53.5,46.5
2019-02-15,Ajaccio GFCO,Brest,1.0,1.0,2.0,4.0,7.0,4.0,3.0,6.0,3.0,3.0,1.0,0.0,3.6,3.0,2.2,,,,,,3.54,3.13,2.33,,Ligue 2,,20190215_Ajaccio-GFCO_Brest,-183.03209564086728,0.4,1.82,42.8,57.2
2019-02-15,Auxerre,Clermont,1.0,0.0,6.0,3.0,9.0,9.0,6.0,5.0,2.0,2.0,0.0,1.0,2.5,3.1,2.9,,,,,,2.82,2.77,3.17,,Ligue 2,,20190215_Auxerre_Clermont,-76.15598449985578,1.17,0.89,49.8,50.2
2019-02-15,Chateauroux,Orleans,1.0,2.0,3.0,5.0,11.0,7.0,9.0,3.0,1.0,3.0,0.0,1.0,2.2,3.0,3.6,,,,,,2.44,2.89,3.63,,Ligue 2,,20190215_Chateauroux_Orleans,34.567592801652154,1.23,0.7,52.7,47.3
2019-02-15,Le Havre,Nancy,0.0,2.0,3.0,5.0,15.0,7.0,8.0,4.0,4.0,3.0,0.0,0.0,1.66,3.4,5.75,,,,,,1.76,3.39,5.79,,Ligue 2,,20190215_Le-Havre_Nancy,170.41113403879376,0.19,1.88,59.6,40.4
2019-02-15,Lorient,Red Star,2.0,1.0,2.0,2.0,8.0,4.0,4.0,3.0,0.0,1.0,0.0,0.0,1.53,3.75,7.0,,,,,,1.64,3.54,6.98,,Ligue 2,,20190215_Lorient_Red-Star,137.97925132357977,1.19,2.22,46.0,54.0
2019-02-15,Niort,Troyes,1.0,1.0,3.0,1.0,7.0,8.0,1.0,4.0,1.0,4.0,0.0,0.0,2.8,3.0,2.7,,,,,,3.01,2.92,2.81,,Ligue 2,,20190215_Niort_Troyes,-44.314213142580456,1.58,1.19,52.1,47.9
2019-02-15,Paris FC,Ajaccio,1.0,1.0,6.0,2.0,6.0,8.0,4.0,2.0,2.0,3.0,0.0,0.0,2.0,3.1,4.2,,,,,,2.13,2.88,4.62,,Ligue 2,,20190215_Paris-FC_Ajaccio,53.15834022631566,1.99,1.05,58.2,41.8
2019-02-15,Valenciennes,Grenoble,3.0,2.0,5.0,5.0,4.0,10.0,1.0,6.0,2.0,3.0,0.0,1.0,3.1,3.0,2.45,,,,,,3.03,3.12,2.63,,Ligue 2,,20190215_Valenciennes_Grenoble,-63.85042433312401,1.41,0.58,41.4,58.6
2019-02-17,Sochaux,Lens,0.0,1.0,4.0,2.0,8.0,7.0,3.0,5.0,3.0,3.0,0.0,0.0,3.0,3.0,2.5,,,,,,3.64,3.0,2.36,,Ligue 2,,20190217_Sochaux_Lens,-59.68816150783914,0.56,0.66,41.4,58.6
2019-02-18,Metz,Beziers,1.0,0.0,4.0,2.0,9.0,12.0,2.0,3.0,6.0,3.0,1.0,1.0,1.36,4.33,10.0,,,,,,1.46,3.88,10.27,,Ligue 2,,20190218_Metz_Beziers,161.25877356224828,1.58,0.69,58.5,41.5
2019-02-22,Ajaccio,Auxerre,2.0,1.0,5.0,3.0,6.0,6.0,5.0,4.0,2.0,1.0,0.0,0.0,2.9,2.9,2.62,,,,,,3.35,2.66,2.81,,Ligue 2,,20190222_Ajaccio_Auxerre,31.003574162798714,1.54,0.53,57.4,42.6
2019-02-22,Beziers,Chateauroux,1.0,1.0,4.0,4.0,8.0,7.0,2.0,3.0,1.0,1.0,0.0,0.0,2.9,2.9,2.6,,,,,,3.1,2.98,2.68,,Ligue 2,,20190222_Beziers_Chateauroux,-78.30043415470573,0.42,1.35,47.8,52.2
2019-02-22,Brest,Grenoble,3.0,1.0,7.0,4.0,4.0,7.0,6.0,4.0,0.0,1.0,0.0,0.0,1.75,3.3,5.25,,,,,,1.84,3.51,4.84,,Ligue 2,,20190222_Brest_Grenoble,125.87239887873056,1.11,1.57,58.8,41.2
2019-02-22,Clermont,Lorient,0.0,1.0,4.0,3.0,8.0,8.0,5.0,3.0,2.0,3.0,1.0,0.0,2.15,3.0,3.8,,,,,,2.09,3.03,4.46,,Ligue 2,,20190222_Clermont_Lorient,-31.58540771714206,0.72,1.25,47.8,52.2
2019-02-22,Metz,Paris FC,2.0,0.0,4.0,1.0,5.0,9.0,3.0,7.0,1.0,3.0,0.0,0.0,2.0,3.1,4.2,,,,,,2.13,2.84,4.76,,Ligue 2,,20190222_Metz_Paris-FC,15.729508008272887,1.9,0.52,53.6,46.4
2019-02-22,Nancy,Ajaccio GFCO,3.0,1.0,5.0,1.0,12.0,6.0,5.0,4.0,1.0,4.0,0.0,0.0,2.2,2.9,3.8,,,,,,2.36,3.01,3.65,,Ligue 2,,20190222_Nancy_Ajaccio-GFCO,-37.86384471894689,1.22,1.38,46.7,53.3
2019-02-22,Orleans,Sochaux,2.0,0.0,5.0,1.0,6.0,3.0,2.0,4.0,1.0,3.0,0.0,0.0,2.3,3.0,3.4,,,,,,2.69,2.94,3.14,,Ligue 2,,20190222_Orleans_Sochaux,46.14487277380431,1.44,0.76,56.8,43.2
2019-02-22,Red Star,Valenciennes,1.0,0.0,6.0,1.0,2.0,10.0,3.0,6.0,4.0,2.0,1.0,0.0,2.5,2.9,3.1,,,,,,2.48,3.11,3.26,,Ligue 2,,20190222_Red-Star_Valenciennes,-42.699222194297136,1.8,0.93,46.4,53.6
2019-02-22,Troyes,Le Havre,2.0,1.0,2.0,2.0,5.0,17.0,1.0,6.0,1.0,2.0,0.0,0.0,2.7,2.87,2.9,,,,,,3.29,2.8,2.71,,Ligue 2,,20190222_Troyes_Le-Havre,-31.248193190870325,0.48,0.86,46.3,53.7
2019-02-25,Lens,Niort,4.0,1.0,5.0,1.0,3.0,10.0,3.0,2.0,1.0,0.0,0.0,0.0,1.57,3.6,6.5,,,,,,1.58,3.9,6.63,,Ligue 2,,20190225_Lens_Niort,41.58297246444772,1.96,1.49,47.7,52.3
2019-03-01,Ajaccio GFCO,Clermont,0.0,3.0,7.0,8.0,7.0,11.0,8.0,4.0,1.0,1.0,0.0,0.0,3.8,3.0,2.15,,,,,,3.53,3.05,2.38,,Ligue 2,,20190301_Ajaccio-GFCO_Clermont,-91.10566452555508,1.63,0.5,43.0,57.0
2019-03-01,Auxerre,Troyes,0.0,2.0,2.0,5.0,12.0,3.0,2.0,4.0,1.0,1.0,0.0,0.0,1.85,3.3,4.5,,,,,,1.94,3.49,4.3,,Ligue 2,,20190301_Auxerre_Troyes,-48.659949252013575,1.28,1.71,46.3,53.7
2019-03-01,Chateauroux,Brest,2.0,2.0,6.0,4.0,6.0,5.0,7.0,7.0,1.0,2.0,0.0,0.0,3.75,3.0,2.2,,,,,,3.48,3.12,2.36,,Ligue 2,,20190301_Chateauroux_Brest,-140.50493662318922,1.96,1.57,44.8,55.2
2019-03-01,Grenoble,Red Star,2.0,0.0,4.0,3.0,8.0,6.0,8.0,1.0,2.0,2.0,0.0,0.0,1.75,3.25,5.25,,,,,,1.88,3.27,5.1,,Ligue 2,,20190301_Grenoble_Red-Star,56.88736291064265,1.32,0.6,51.1,48.9
2019-03-01,Niort,Beziers,0.0,0.0,3.0,3.0,11.0,5.0,4.0,6.0,1.0,5.0,0.0,0.0,1.9,3.25,4.33,,,,,,1.98,3.34,4.37,,Ligue 2,,20190301_Niort_Beziers,48.76001146828207,0.64,0.46,52.4,47.6
2019-03-01,Sochaux,Nancy,0.0,4.0,2.0,7.0,4.0,8.0,6.0,7.0,2.0,2.0,1.0,0.0,2.4,2.8,3.4,,,,,,2.56,2.83,3.49,,Ligue 2,,20190301_Sochaux_Nancy,1.2426631729081237,1.42,1.39,51.5,48.5
2019-03-01,Valenciennes,Ajaccio,4.0,0.0,7.0,1.0,5.0,1.0,3.0,1.0,2.0,1.0,0.0,0.0,2.7,3.0,2.8,,,,,,2.59,2.89,3.34,,Ligue 2,,20190301_Valenciennes_Ajaccio,-87.05972055758684,1.15,0.93,53.5,46.5
2019-03-02,Lorient,Orleans,1.0,3.0,5.0,4.0,5.0,5.0,5.0,7.0,2.0,2.0,0.0,0.0,1.83,3.25,4.75,,,,,,1.91,3.18,5.11,,Ligue 2,,20190302_Lorient_Orleans,87.55525662963623,1.22,0.92,55.5,44.5
2019-03-03,Paris FC,Lens,2.0,0.0,2.0,1.0,9.0,8.0,3.0,3.0,2.0,4.0,0.0,0.0,2.55,2.87,3.1,,,,,,2.81,2.69,3.29,,Ligue 2,,20190303_Paris-FC_Lens,33.52561530180992,1.93,0.41,49.0,51.0
2019-03-04,Le Havre,Metz,2.0,2.0,6.0,7.0,7.0,8.0,8.0,4.0,3.0,2.0,0.0,0.0,3.0,2.8,2.7,,,,,,2.99,2.88,2.86,,Ligue 2,,20190304_Le-Havre_Metz,-64.88146777527618,0.86,0.99,47.4,52.6
2019-03-08,Ajaccio,Red Star,0.0,0.0,6.0,2.0,10.0,2.0,5.0,2.0,3.0,4.0,0.0,0.0,2.0,2.9,4.5,,,,,,2.09,3.03,4.47,,Ligue 2,,20190308_Ajaccio_Red-Star,97.93115485219505,1.18,0.89,61.4,38.6
2019-03-08,Beziers,Le Havre,1.0,1.0,4.0,6.0,11.0,9.0,9.0,4.0,3.0,1.0,0.0,0.0,4.33,3.0,2.0,,,,,,3.98,3.06,2.2,,Ligue 2,,20190308_Beziers_Le-Havre,-119.3141073116085,0.41,0.47,48.7,51.3
2019-03-08,Brest,Valenciennes,2.0,5.0,6.0,5.0,10.0,5.0,7.0,3.0,5.0,2.0,0.0,0.0,1.5,4.0,7.0,,,,,,1.61,3.94,6.23,,Ligue 2,,20190308_Brest_Valenciennes,163.11173890711575,0.6,1.74,52.9,47.1
2019-03-08,Clermont,Grenoble,1.0,1.0,3.0,1.0,11.0,4.0,5.0,1.0,1.0,2.0,0.0,0.0,1.9,3.1,4.5,,,,,,1.97,3.13,4.85,,Ligue 2,,20190308_Clermont_Grenoble,38.938068349754985,0.81,2.51,46.2,53.8
2019-03-08,Nancy,Lorient,3.0,2.0,3.0,2.0,4.0,7.0,4.0,4.0,2.0,3.0,0.0,0.0,3.2,3.0,2.5,,,,,,2.86,3.03,2.84,,Ligue 2,,20190308_Nancy_Lorient,-128.76928789710246,0.89,1.69,38.8,61.2
2019-03-08,Orleans,Ajaccio GFCO,2.0,2.0,3.0,3.0,7.0,5.0,6.0,5.0,1.0,2.0,0.0,0.0,1.85,3.2,4.75,,,,,,1.81,3.61,4.85,,Ligue 2,,20190308_Orleans_Ajaccio-GFCO,80.84510013843737,1.21,0.87,49.7,50.3
2019-03-08,Paris FC,Niort,0.0,0.0,3.0,3.0,9.0,4.0,9.0,2.0,1.0,0.0,0.0,0.0,1.8,3.1,5.5,,,,,,1.96,3.0,5.26,,Ligue 2,,20190308_Paris-FC_Niort,108.76856284447808,1.26,1.03,50.8,49.2
2019-03-08,Troyes,Chateauroux,1.0,0.0,8.0,1.0,2.0,12.0,3.0,2.0,1.0,2.0,0.0,0.0,2.05,3.1,4.0,,,,,,2.1,3.37,3.86,,Ligue 2,,20190308_Troyes_Chateauroux,46.42088668481733,0.97,0.39,50.4,49.6
2019-03-09,Lens,Auxerre,2.0,0.0,6.0,3.0,6.0,9.0,1.0,6.0,2.0,3.0,0.0,0.0,2.15,3.0,3.8,,,,,,2.13,3.17,4.03,,Ligue 2,,20190309_Lens_Auxerre,45.95215519850126,1.2,2.11,49.4,50.6
2019-03-11,Metz,Sochaux,1.0,1.0,9.0,2.0,12.0,5.0,4.0,5.0,2.0,5.0,0.0,1.0,1.5,3.75,7.5,,,,,,1.6,3.65,7.28,,Ligue 2,,20190311_Metz_Sochaux,182.58824508717043,1.23,0.1,62.9,37.1
2019-03-15,Beziers,Auxerre,1.0,0.0,4.0,5.0,8.0,14.0,2.0,5.0,2.0,2.0,0.0,1.0,4.75,2.8,2.0,,,,,,4.35,3.09,2.09,,Ligue 2,,20190315_Beziers_Auxerre,-38.62491146621551,1.51,0.71,49.9,50.1
2019-03-15,Chateauroux,Paris FC,0.0,1.0,0.0,3.0,8.0,7.0,7.0,0.0,3.0,1.0,0.0,0.0,3.5,2.7,2.45,,,,,,3.7,2.68,2.57,,Ligue 2,,20190315_Chateauroux_Paris-FC,-85.03702579255105,0.69,0.91,41.1,58.9
2019-03-15,Grenoble,Nancy,1.0,0.0,4.0,3.0,1.0,17.0,6.0,11.0,2.0,3.0,0.0,0.0,2.2,2.8,4.0,,,,,,2.33,3.17,3.5,,Ligue 2,,20190315_Grenoble_Nancy,45.39158188537681,1.07,1.02,52.8,47.2
2019-03-15,Le Havre,Ajaccio,3.0,1.0,9.0,1.0,6.0,5.0,7.0,1.0,2.0,1.0,0.0,1.0,1.95,3.2,4.2,,,,,,2.13,3.14,4.07,,Ligue 2,,20190315_Le-Havre_Ajaccio,17.377928615963356,1.56,0.51,52.9,47.1
2019-03-15,Niort,Metz,0.0,3.0,2.0,6.0,6.0,13.0,1.0,8.0,2.0,1.0,0.0,0.0,4.2,3.0,2.05,,,,,,4.16,3.21,2.08,,Ligue 2,,20190315_Niort_Metz,-124.92924998756916,0.35,2.26,44.7,55.3
2019-03-15,Red Star,Clermont,0.0,4.0,7.0,7.0,5.0,8.0,9.0,11.0,3.0,3.0,0.0,0.0,4.33,3.0,2.0,,,,,,4.32,3.33,1.99,,Ligue 2,,20190315_Red-Star_Clermont,-111.29566228513704,0.05,1.94,47.9,52.1
2019-03-15,Sochaux,Troyes,0.0,0.0,0.0,1.0,4.0,4.0,6.0,4.0,3.0,2.0,0.0,0.0,2.87,2.87,2.75,,,,,,2.87,3.0,2.87,,Ligue 2,,20190315_Sochaux_Troyes,-129.7794745696683,1.0,0.05,44.0,56.0
2019-03-15,Valenciennes,Orleans,1.0,4.0,6.0,5.0,9.0,11.0,3.0,2.0,0.0,1.0,0.0,0.0,2.25,3.0,3.6,,,,,,2.22,3.45,3.44,,Ligue 2,,20190315_Valenciennes_Orleans,-27.064174416217156,0.68,2.69,41.6,58.4
2019-03-16,Lorient,Brest,1.0,1.0,5.0,5.0,3.0,5.0,3.0,6.0,2.0,1.0,0.0,0.0,2.37,2.9,3.3,,,,,,2.45,3.07,3.35,,Ligue 2,,20190316_Lorient_Brest,-57.42050882058402,0.84,1.15,48.9,51.1
2019-03-18,Ajaccio GFCO,Lens,1.0,0.0,3.0,2.0,2.0,13.0,3.0,5.0,2.0,4.0,0.0,0.0,4.33,2.87,2.05,,,,,,4.81,3.21,1.94,,Ligue 2,,20190318_Ajaccio-GFCO_Lens,-96.33227002647777,1.14,0.51,43.9,56.1
2019-03-29,Ajaccio,Chateauroux,1.0,1.0,5.0,4.0,2.0,6.0,2.0,1.0,1.0,1.0,0.0,0.0,2.1,3.0,4.0,,,,,,2.08,3.01,4.57,,Ligue 2,,20190329_Ajaccio_Chateauroux,30.18320000670974,1.34,0.57,51.2,48.8
2019-03-29,Beziers,Ajaccio GFCO,0.0,0.0,2.0,1.0,9.0,6.0,1.0,2.0,2.0,2.0,0.0,0.0,2.55,2.87,3.1,,,,,,2.68,2.97,3.12,,Ligue 2,,20190329_Beziers_Ajaccio-GFCO,-11.004806441134633,0.85,0.29,59.0,41.0
2019-03-29,Brest,Clermont,0.0,0.0,3.0,2.0,8.0,8.0,7.0,3.0,2.0,2.0,0.0,0.0,2.37,3.1,3.2,,,,,,2.58,3.12,3.1,,Ligue 2,,20190329_Brest_Clermont,61.78205194844418,1.42,0.57,49.7,50.3
2019-03-29,Nancy,Valenciennes,0.0,2.0,2.0,4.0,14.0,8.0,7.0,4.0,1.0,1.0,0.0,0.0,1.9,3.4,4.0,,,,,,2.06,3.48,3.86,,Ligue 2,,20190329_Nancy_Valenciennes,-24.449615692980387,0.38,1.5,49.6,50.4
2019-03-29,Niort,Sochaux,0.0,1.0,3.0,6.0,6.0,6.0,9.0,5.0,2.0,0.0,0.0,0.0,2.37,3.0,3.25,,,,,,2.46,2.97,3.48,,Ligue 2,,20190329_Niort_Sochaux,33.94512618263366,0.89,0.61,51.3,48.7
2019-03-29,Orleans,Red Star,2.0,2.0,4.0,4.0,14.0,1.0,3.0,2.0,1.0,2.0,0.0,1.0,1.66,3.6,5.25,,,,,,1.72,3.63,5.58,,Ligue 2,,20190329_Orleans_Red-Star,101.13378513031148,2.56,1.25,53.8,46.2
2019-03-29,Paris FC,Auxerre,3.0,0.0,6.0,4.0,1.0,5.0,2.0,3.0,0.0,0.0,0.0,0.0,2.05,3.0,4.0,,,,,,2.4,2.85,3.78,,Ligue 2,,20190329_Paris-FC_Auxerre,130.40128188738572,1.67,1.47,48.4,51.6
2019-03-29,Troyes,Grenoble,2.0,1.0,5.0,6.0,5.0,4.0,2.0,3.0,3.0,1.0,0.0,0.0,2.2,3.25,3.3,,,,,,2.34,3.12,3.53,,Ligue 2,,20190329_Troyes_Grenoble,36.34766824466578,1.06,1.43,49.1,50.9
2019-03-31,Metz,Lorient,2.0,1.0,3.0,3.0,2.0,1.0,2.0,2.0,1.0,4.0,1.0,0.0,1.9,3.25,4.33,,,,,,1.89,3.38,4.76,,Ligue 2,,20190331_Metz_Lorient,47.34332548629368,0.88,1.89,48.7,51.3
2019-04-01,Lens,Le Havre,0.0,0.0,6.0,3.0,9.0,9.0,8.0,5.0,2.0,3.0,0.0,1.0,2.1,3.0,4.0,,,,,,1.96,3.4,4.36,,Ligue 2,,20190401_Lens_Le-Havre,-32.60517415100867,1.18,0.79,51.7,48.3
2019-04-05,Ajaccio GFCO,Ajaccio,1.0,0.0,5.0,3.0,10.0,3.0,4.0,5.0,3.0,1.0,0.0,0.0,2.87,2.8,2.75,,,,,,3.23,2.78,2.76,,Ligue 2,,20190405_Ajaccio-GFCO_Ajaccio,-57.61006956787401,1.58,0.26,49.8,50.2
2019-04-05,Clermont,Nancy,2.0,3.0,10.0,4.0,11.0,7.0,7.0,1.0,2.0,1.0,0.0,0.0,1.8,3.25,5.0,,,,,,1.88,3.44,4.75,,Ligue 2,,20190405_Clermont_Nancy,113.64308161714598,0.43,0.41,58.3,41.7
2019-04-05,Grenoble,Orleans,0.0,4.0,3.0,7.0,15.0,3.0,8.0,5.0,0.0,0.0,0.0,0.0,2.37,3.0,3.2,,,,,,2.39,3.09,3.47,,Ligue 2,,20190405_Grenoble_Orleans,-14.725816520792705,0.11,1.55,44.6,55.4
2019-04-05,Le Havre,Niort,0.0,0.0,1.0,2.0,9.0,8.0,7.0,4.0,1.0,5.0,0.0,0.0,1.66,3.3,6.0,,,,,,1.62,3.92,6.07,,Ligue 2,,20190405_Le-Havre_Niort,97.60355492331064,1.41,0.93,51.0,49.0
2019-04-05,Lorient,Beziers,3.0,1.0,4.0,4.0,16.0,7.0,7.0,6.0,3.0,0.0,0.0,0.0,1.55,3.75,6.5,,,,,,1.52,4.02,7.59,,Ligue 2,,20190405_Lorient_Beziers,106.45053017814189,1.87,1.12,61.0,39.0
2019-04-05,Red Star,Brest,0.0,2.0,0.0,3.0,12.0,3.0,8.0,2.0,1.0,1.0,0.0,0.0,5.25,3.4,1.72,,,,,,5.45,3.58,1.75,,Ligue 2,,20190405_Red-Star_Brest,-184.1330072359615,0.64,0.5,42.3,57.7
2019-04-05,Sochaux,Paris FC,1.0,0.0,3.0,2.0,2.0,10.0,2.0,3.0,7.0,3.0,1.0,0.0,3.5,2.9,2.3,,,,,,3.4,2.79,2.64,,Ligue 2,,20190405_Sochaux_Paris-FC,-146.94615406480762,1.09,0.84,42.1,57.9
2019-04-05,Valenciennes,Troyes,0.0,1.0,3.0,1.0,4.0,4.0,3.0,3.0,3.0,1.0,1.0,0.0,2.75,3.2,2.6,,,,,,3.03,3.18,2.59,,Ligue 2,,20190405_Valenciennes_Troyes,-77.7640386636424,0.05,1.19,52.1,47.9
2019-04-06,Auxerre,Metz,0.0,0.0,3.0,1.0,6.0,8.0,5.0,6.0,1.0,1.0,0.0,0.0,3.5,3.0,2.25,,,,,,3.65,3.03,2.34,,Ligue 2,,20190406_Auxerre_Metz,-170.65212937504975,0.35,0.91,34.9,65.1
2019-04-08,Chateauroux,Lens,0.0,0.0,5.0,6.0,3.0,9.0,5.0,10.0,1.0,3.0,0.0,1.0,3.4,3.1,2.25,,,,,,3.71,3.11,2.27,,Ligue 2,,20190408_Chateauroux_Lens,-37.83950213927892,0.85,0.81,50.9,49.1
2019-04-12,Ajaccio,Grenoble,1.0,2.0,2.0,5.0,15.0,10.0,7.0,5.0,1.0,1.0,0.0,0.0,2.2,3.0,3.6,,,,,,2.16,2.94,4.38,,Ligue 2,,20190412_Ajaccio_Grenoble,1.6916658110583285,0.72,0.89,50.7,49.3
2019-04-12,Beziers,Red Star,1.0,3.0,1.0,4.0,5.0,6.0,8.0,3.0,3.0,2.0,0.0,0.0,2.25,3.0,3.5,,,,,,2.51,2.91,3.46,,Ligue 2,,20190412_Beziers_Red-Star,13.670932092821886,0.8,0.58,52.7,47.3
2019-04-12,Lens,Valenciennes,0.0,0.0,9.0,1.0,14.0,6.0,9.0,2.0,2.0,4.0,0.0,0.0,1.55,3.75,6.5,,,,,,1.61,3.99,6.06,,Ligue 2,,20190412_Lens_Valenciennes,41.88213770452694,1.92,0.26,56.6,43.4
2019-04-12,Metz,Chateauroux,2.0,1.0,5.0,3.0,8.0,8.0,7.0,2.0,1.0,0.0,0.0,0.0,1.45,4.0,8.0,,,,,,1.57,3.86,6.92,,Ligue 2,,20190412_Metz_Chateauroux,128.02850794374604,1.08,0.41,57.1,42.9
2019-04-12,Nancy,Brest,2.0,3.0,6.0,3.0,15.0,4.0,2.0,2.0,0.0,6.0,0.0,0.0,2.87,3.1,2.55,,,,,,3.21,3.26,2.42,,Ligue 2,,20190412_Nancy_Brest,-161.58658184972683,1.93,1.0,46.5,53.5
2019-04-12,Niort,Auxerre,0.0,0.0,2.0,5.0,6.0,12.0,0.0,10.0,1.0,2.0,0.0,0.0,3.75,3.0,2.15,,,,,,3.77,3.08,2.26,,Ligue 2,,20190412_Niort_Auxerre,4.278807873349933,1.46,0.81,45.4,54.6
2019-04-12,Orleans,Clermont,2.0,1.0,6.0,1.0,5.0,8.0,3.0,3.0,1.0,0.0,0.0,0.0,2.7,3.0,2.8,,,,,,3.04,3.18,2.58,,Ligue 2,,20190412_Orleans_Clermont,-4.953180831776081,1.02,1.4,47.7,52.3
2019-04-12,Sochaux,Le Havre,1.0,3.0,3.0,6.0,9.0,6.0,7.0,6.0,2.0,1.0,0.0,0.0,2.8,2.9,2.8,,,,,,2.84,2.81,3.09,,Ligue 2,,20190412_Sochaux_Le-Havre,-85.13322635322993,0.94,1.56,51.1,48.9
2019-04-12,Troyes,Ajaccio GFCO,1.0,0.0,2.0,1.0,5.0,7.0,6.0,2.0,0.0,3.0,0.0,0.0,1.7,3.25,6.0,,,,,,1.91,3.26,4.91,,Ligue 2,,20190412_Troyes_Ajaccio-GFCO,106.67068519973964,1.1,0.05,45.7,54.3
2019-04-15,Paris FC,Lorient,2.0,2.0,5.0,3.0,7.0,8.0,3.0,2.0,2.0,2.0,0.0,0.0,2.4,2.7,3.6,,,,,,2.49,2.85,3.59,,Ligue 2,,20190415_Paris-FC_Lorient,18.007714784651398,1.58,0.73,53.6,46.4
2019-04-19,Ajaccio GFCO,Metz,0.0,2.0,2.0,2.0,11.0,6.0,9.0,1.0,1.0,1.0,0.0,0.0,5.0,3.1,1.83,,,,,,4.86,3.02,2.01,,Ligue 2,,20190419_Ajaccio-GFCO_Metz,-161.06035521714261,0.48,1.53,48.0,52.0
2019-04-19,Auxerre,Sochaux,1.0,0.0,5.0,4.0,8.0,7.0,2.0,8.0,0.0,2.0,0.0,0.0,1.95,3.2,4.2,,,,,,2.0,3.23,4.45,,Ligue 2,,20190419_Auxerre_Sochaux,-0.9140110698310764,0.83,1.05,54.7,45.3
2019-04-19,Brest,Orleans,3.0,1.0,7.0,3.0,7.0,10.0,6.0,4.0,1.0,3.0,0.0,0.0,1.75,3.4,5.0,,,,,,1.83,3.66,4.63,,Ligue 2,,20190419_Brest_Orleans,79.09670485670608,0.8,1.72,53.2,46.8
2019-04-19,Chateauroux,Niort,2.0,1.0,4.0,3.0,6.0,2.0,8.0,4.0,4.0,1.0,0.0,0.0,2.0,3.0,4.33,,,,,,1.93,3.49,4.39,,Ligue 2,,20190419_Chateauroux_Niort,19.80110375380241,0.85,0.77,52.8,47.2
2019-04-19,Clermont,Ajaccio,0.0,0.0,0.0,3.0,5.0,0.0,1.0,3.0,4.0,2.0,1.0,0.0,1.75,3.25,5.25,,,,,,2.08,3.18,4.19,,Ligue 2,,20190419_Clermont_Ajaccio,40.858079248886725,0.59,0.38,52.7,47.3
2019-04-19,Le Havre,Paris FC,2.0,1.0,10.0,1.0,6.0,5.0,10.0,1.0,2.0,1.0,0.0,1.0,2.5,2.8,3.1,,,,,,2.56,2.83,3.49,,Ligue 2,,20190419_Le-Havre_Paris-FC,-18.488643159083722,0.06,0.92,50.9,49.1
2019-04-19,Lorient,Troyes,0.0,3.0,5.0,4.0,11.0,4.0,4.0,5.0,3.0,2.0,0.0,0.0,2.0,3.0,4.33,,,,,,2.04,3.18,4.38,,Ligue 2,,20190419_Lorient_Troyes,-23.808434770966414,0.39,2.09,45.4,54.6
2019-04-19,Red Star,Nancy,1.0,1.0,2.0,8.0,5.0,5.0,6.0,5.0,0.0,2.0,0.0,0.0,3.5,2.87,2.3,,,,,,3.1,3.37,2.43,,Ligue 2,,20190419_Red-Star_Nancy,-15.63638077710516,0.94,0.75,49.3,50.7
2019-04-19,Valenciennes,Beziers,5.0,6.0,9.0,8.0,6.0,6.0,6.0,2.0,0.0,4.0,0.0,0.0,1.8,3.1,5.0,,,,,,1.74,3.82,5.08,,Ligue 2,,20190419_Valenciennes_Beziers,56.75281512011452,1.48,1.58,54.8,45.2
2019-04-20,Grenoble,Lens,0.0,2.0,2.0,7.0,10.0,4.0,6.0,6.0,2.0,2.0,0.0,0.0,3.25,3.0,2.37,,,,,,4.47,3.37,1.95,,Ligue 2,,20190420_Grenoble_Lens,-10.599657548772711,1.84,1.59,54.0,46.0
2019-04-22,Paris FC,Valenciennes,0.0,0.0,4.0,3.0,15.0,4.0,10.0,5.0,1.0,1.0,0.0,0.0,1.72,3.25,5.5,,,,,,1.88,3.43,4.7,,Ligue 2,,20190422_Paris-FC_Valenciennes,97.729336118412,0.7,1.35,54.2,45.8
2019-04-23,Ajaccio,Brest,0.0,2.0,4.0,5.0,6.0,6.0,5.0,6.0,0.0,1.0,0.0,0.0,3.25,3.1,2.3,,,,,,2.62,2.9,3.28,,Ligue 2,,20190423_Ajaccio_Brest,-147.25335022704508,0.69,1.03,49.2,50.8
2019-04-23,Auxerre,Le Havre,0.0,1.0,2.0,4.0,16.0,9.0,9.0,8.0,0.0,0.0,0.0,0.0,2.3,3.0,3.4,,,,,,2.71,2.95,3.1,,Ligue 2,,20190423_Auxerre_Le-Havre,-104.88778388058381,0.63,1.32,46.8,53.2
2019-04-23,Beziers,Clermont,1.0,1.0,6.0,5.0,9.0,13.0,3.0,1.0,2.0,3.0,0.0,0.0,3.75,3.0,2.15,,,,,,3.8,3.54,2.05,,Ligue 2,,20190423_Beziers_Clermont,-88.24136101213526,1.75,0.81,50.8,49.2
2019-04-23,Lens,Lorient,0.0,1.0,2.0,2.0,8.0,5.0,8.0,1.0,4.0,3.0,0.0,0.0,2.05,3.1,4.0,,,,,,2.12,3.32,3.86,,Ligue 2,,20190423_Lens_Lorient,-17.8435479997554,1.12,1.97,52.5,47.5
2019-04-23,Metz,Grenoble,1.0,1.0,5.0,3.0,8.0,4.0,5.0,4.0,0.0,2.0,0.0,0.0,1.57,3.6,6.5,,,,,,1.51,4.41,6.61,,Ligue 2,,20190423_Metz_Grenoble,131.0378784677498,1.34,1.57,56.4,43.6
2019-04-23,Nancy,Orleans,1.0,0.0,4.0,7.0,10.0,6.0,5.0,3.0,1.0,3.0,0.0,0.0,2.5,3.2,2.8,,,,,,2.5,3.35,3.02,,Ligue 2,,20190423_Nancy_Orleans,-87.29399786020326,0.83,0.99,44.8,55.2
2019-04-23,Niort,Ajaccio GFCO,1.0,1.0,2.0,4.0,4.0,6.0,2.0,5.0,3.0,3.0,0.0,0.0,2.3,3.1,3.3,,,,,,2.79,2.83,3.13,,Ligue 2,,20190423_Niort_Ajaccio-GFCO,-6.817748145664609,0.05,1.9,52.4,47.6
2019-04-23,Sochaux,Chateauroux,0.0,0.0,2.0,2.0,12.0,7.0,4.0,4.0,0.0,3.0,0.0,0.0,2.15,3.0,3.75,,,,,,2.45,3.04,3.4,,Ligue 2,,20190423_Sochaux_Chateauroux,-46.21874828430941,0.05,2.24,47.6,52.4
2019-04-23,Troyes,Red Star,2.0,0.0,6.0,3.0,5.0,10.0,7.0,6.0,3.0,2.0,0.0,0.0,1.66,3.5,5.5,,,,,,1.72,3.59,5.62,,Ligue 2,,20190423_Troyes_Red-Star,159.58707566950693,1.27,0.05,59.9,40.1
2019-04-26,Ajaccio GFCO,Sochaux,0.0,2.0,4.0,5.0,15.0,7.0,10.0,4.0,2.0,1.0,1.0,0.0,2.45,3.0,3.1,,,,,,2.49,2.92,3.49,,Ligue 2,,20190426_Ajaccio-GFCO_Sochaux,8.779290348024688,0.49,1.59,55.8,44.2
2019-04-26,Chateauroux,Le Havre,1.0,0.0,2.0,3.0,5.0,10.0,2.0,11.0,2.0,1.0,1.0,1.0,3.2,3.1,2.3,,,,,,3.39,3.07,2.44,,Ligue 2,,20190426_Chateauroux_Le-Havre,-91.8886411024389,1.89,0.57,46.0,54.0
2019-04-26,Clermont,Paris FC,1.0,1.0,4.0,2.0,9.0,4.0,6.0,3.0,2.0,1.0,0.0,1.0,2.62,2.87,3.0,,,,,,2.87,2.85,3.02,,Ligue 2,,20190426_Clermont_Paris-FC,-38.04965227169123,1.25,1.49,47.0,53.0
2019-04-26,Grenoble,Beziers,4.0,2.0,10.0,5.0,10.0,7.0,10.0,6.0,4.0,3.0,1.0,0.0,1.9,3.4,4.0,,,,,,2.06,3.55,3.77,,Ligue 2,,20190426_Grenoble_Beziers,60.91814564212359,1.56,1.62,55.4,44.6
2019-04-26,Nancy,Ajaccio,1.0,0.0,3.0,0.0,6.0,1.0,5.0,2.0,2.0,2.0,0.0,0.0,2.1,3.1,3.8,,,,,,2.17,3.26,3.78,,Ligue 2,,20190426_Nancy_Ajaccio,-15.61469359285934,1.18,0.5,43.1,56.9
2019-04-26,Orleans,Troyes,0.0,1.0,3.0,5.0,7.0,5.0,4.0,4.0,5.0,3.0,1.0,0.0,2.55,3.2,2.87,,,,,,2.34,3.13,3.53,,Ligue 2,,20190426_Orleans_Troyes,-79.53479591460587,0.26,1.51,45.7,54.3
2019-04-26,Red Star,Metz,1.0,2.0,6.0,4.0,12.0,8.0,8.0,4.0,3.0,0.0,0.0,0.0,4.75,3.6,1.72,,,,,,6.87,3.86,1.58,,Ligue 2,,20190426_Red-Star_Metz,-195.2700678995327,0.56,0.53,43.7,56.3
2019-04-26,Valenciennes,Niort,1.0,2.0,4.0,3.0,7.0,7.0,5.0,3.0,1.0,4.0,0.0,0.0,1.9,3.4,4.2,,,,,,1.93,3.44,4.41,,Ligue 2,,20190426_Valenciennes_Niort,22.790004363880144,1.64,1.82,63.1,36.9
2019-04-27,Brest,Lens,2.0,0.0,5.0,7.0,5.0,14.0,6.0,13.0,1.0,0.0,0.0,0.0,2.15,3.1,3.75,,,,,,2.48,3.17,3.19,,Ligue 2,,20190427_Brest_Lens,122.58163729791272,1.16,0.88,59.9,40.1
2019-04-29,Lorient,Auxerre,2.0,2.0,5.0,3.0,5.0,8.0,7.0,2.0,1.0,1.0,0.0,0.0,1.95,3.3,4.0,,,,,,2.31,3.22,3.47,,Ligue 2,,20190429_Lorient_Auxerre,102.66232226339457,0.81,1.51,54.9,45.1
2019-05-03,Ajaccio,Orleans,1.0,0.0,4.0,0.0,7.0,1.0,3.0,2.0,0.0,3.0,0.0,0.0,2.0,3.2,4.0,,,,,,2.08,3.38,3.89,,Ligue 2,,20190503_Ajaccio_Orleans,-45.01199594356399,0.05,0.55,47.5,52.5
2019-05-03,Auxerre,Chateauroux,1.0,2.0,7.0,4.0,10.0,7.0,9.0,4.0,2.0,3.0,0.0,0.0,1.9,3.25,4.33,,,,,,1.84,3.41,5.06,,Ligue 2,,20190503_Auxerre_Chateauroux,-41.62174547511677,1.29,0.53,49.2,50.8
2019-05-03,Beziers,Brest,1.0,0.0,4.0,7.0,4.0,11.0,1.0,9.0,0.0,1.0,0.0,0.0,4.33,3.6,1.8,,,,,,4.21,3.93,1.84,,Ligue 2,,20190503_Beziers_Brest,-219.51117759720682,0.84,0.89,38.6,61.4
2019-05-03,Le Havre,Ajaccio GFCO,2.0,2.0,3.0,4.0,7.0,11.0,3.0,3.0,3.0,5.0,0.0,1.0,1.6,3.75,5.75,,,,,,1.61,4.08,5.92,,Ligue 2,,20190503_Le-Havre_Ajaccio-GFCO,123.35554696851227,1.38,1.45,56.3,43.7
2019-05-03,Metz,Valenciennes,3.0,0.0,10.0,3.0,9.0,6.0,7.0,5.0,1.0,1.0,0.0,0.0,1.55,3.8,6.5,,,,,,1.61,4.19,5.69,,Ligue 2,,20190503_Metz_Valenciennes,172.81029821636685,2.25,0.05,48.2,51.8
2019-05-03,Paris FC,Grenoble,1.0,0.0,5.0,1.0,7.0,2.0,7.0,2.0,2.0,2.0,0.0,0.0,1.72,3.4,5.25,,,,,,1.83,3.34,5.31,,Ligue 2,,20190503_Paris-FC_Grenoble,48.17891792144087,1.16,0.39,43.9,56.1
2019-05-03,Sochaux,Red Star,1.0,2.0,6.0,3.0,9.0,7.0,8.0,3.0,2.0,3.0,0.0,0.0,1.53,3.8,6.5,,,,,,1.59,3.97,6.41,,Ligue 2,,20190503_Sochaux_Red-Star,34.098890889893255,1.35,0.79,46.3,53.7
2019-05-03,Troyes,Nancy,2.0,1.0,6.0,8.0,3.0,6.0,6.0,7.0,1.0,3.0,0.0,0.0,2.15,3.2,3.5,,,,,,2.39,3.15,3.39,,Ligue 2,,20190503_Troyes_Nancy,133.68351796470847,1.78,1.22,57.1,42.9
2019-05-04,Lens,Clermont,1.0,0.0,4.0,3.0,2.0,15.0,3.0,8.0,1.0,3.0,1.0,0.0,1.75,3.6,4.75,,,,,,1.92,3.26,4.87,,Ligue 2,,20190504_Lens_Clermont,-12.43737036775451,0.6,1.8,55.8,44.2
2019-05-06,Niort,Lorient,2.0,2.0,5.0,5.0,3.0,11.0,3.0,5.0,3.0,3.0,0.0,0.0,4.33,3.5,1.83,,,,,,4.5,3.46,1.92,,Ligue 2,,20190506_Niort_Lorient,-97.07640828354124,1.82,1.13,48.9,51.1
2019-05-10,Ajaccio GFCO,Chateauroux,1.0,2.0,8.0,2.0,24.0,3.0,8.0,2.0,0.0,0.0,0.0,0.0,1.65,3.25,6.5,,,,,,1.74,3.57,5.54,,Ligue 2,,20190510_Ajaccio-GFCO_Chateauroux,-68.14953819546554,0.08,0.8,45.6,54.4
2019-05-10,Ajaccio,Lens,0.0,2.0,0.0,5.0,6.0,5.0,6.0,6.0,3.0,2.0,0.0,0.0,3.1,2.9,2.5,,,,,,3.07,3.05,2.65,,Ligue 2,,20190510_Ajaccio_Lens,-42.55686840543217,1.58,0.94,54.5,45.5
2019-05-10,Brest,Niort,3.0,0.0,8.0,1.0,9.0,6.0,14.0,2.0,0.0,0.0,0.0,0.0,1.3,5.0,11.0,,,,,,1.32,5.34,10.44,,Ligue 2,,20190510_Brest_Niort,168.44584027181236,1.53,0.47,57.4,42.6
2019-05-10,Clermont,Troyes,2.0,4.0,7.0,5.0,10.0,3.0,8.0,6.0,3.0,1.0,0.0,0.0,2.7,3.0,2.75,,,,,,2.39,3.31,3.21,,Ligue 2,,20190510_Clermont_Troyes,-107.06310705223132,0.94,0.71,42.1,57.9
2019-05-10,Grenoble,Auxerre,0.0,0.0,2.0,3.0,10.0,9.0,2.0,6.0,0.0,2.0,0.0,0.0,3.2,3.1,2.37,,,,,,3.23,3.29,2.39,,Ligue 2,,20190510_Grenoble_Auxerre,50.58355248500038,1.63,0.14,52.9,47.1
2019-05-10,Lorient,Sochaux,0.0,0.0,4.0,3.0,9.0,6.0,2.0,6.0,2.0,5.0,0.0,0.0,1.75,3.4,5.0,,,,,,1.81,3.61,4.88,,Ligue 2,,20190510_Lorient_Sochaux,109.89737185321883,1.4,0.91,57.3,42.7
2019-05-10,Nancy,Metz,1.0,0.0,8.0,1.0,11.0,6.0,2.0,6.0,0.0,4.0,0.0,0.0,2.6,3.1,2.8,,,,,,2.8,3.23,2.75,,Ligue 2,,20190510_Nancy_Metz,-166.33876010773747,0.2,1.52,45.8,54.2
2019-05-10,Orleans,Beziers,0.0,0.0,6.0,6.0,13.0,4.0,8.0,5.0,2.0,1.0,0.0,0.0,2.3,3.1,3.25,,,,,,2.28,3.54,3.23,,Ligue 2,,20190510_Orleans_Beziers,50.14344231047812,0.56,0.05,50.7,49.3
2019-05-10,Red Star,Paris FC,0.0,1.0,6.0,1.0,9.0,6.0,9.0,2.0,2.0,0.0,0.0,0.0,4.33,3.25,1.9,,,,,,5.02,3.33,1.87,,Ligue 2,,20190510_Red-Star_Paris-FC,-134.03280873870017,0.32,0.05,44.3,55.7
2019-05-10,Valenciennes,Le Havre,1.0,0.0,2.0,0.0,10.0,7.0,12.0,2.0,2.0,5.0,0.0,0.0,2.5,3.25,2.87,,,,,,2.62,3.33,2.87,,Ligue 2,,20190510_Valenciennes_Le-Havre,-109.78440870077429,0.09,0.41,37.9,62.1
2019-05-17,Auxerre,Valenciennes,1.0,1.0,3.0,2.0,7.0,5.0,5.0,3.0,1.0,1.0,0.0,0.0,1.53,3.75,7.0,,,,,,1.46,4.47,7.57,,Ligue 2,,20190517_Auxerre_Valenciennes,-13.937275580317646,1.04,0.54,49.3,50.7
2019-05-17,Beziers,Nancy,3.0,0.0,5.0,7.0,4.0,14.0,4.0,4.0,0.0,1.0,1.0,0.0,2.25,3.2,3.2,,,,,,2.52,3.6,2.8,,Ligue 2,,20190517_Beziers_Nancy,-36.16585201692669,1.14,1.22,43.0,57.0
2019-05-17,Chateauroux,Clermont,2.0,2.0,5.0,9.0,6.0,16.0,1.0,5.0,0.0,0.0,0.0,0.0,3.8,3.5,1.95,,,,,,4.0,3.94,1.88,,Ligue 2,,20190517_Chateauroux_Clermont,19.603264059840967,0.99,1.48,51.8,48.2
2019-05-17,Le Havre,Lorient,2.0,3.0,6.0,9.0,7.0,6.0,4.0,7.0,0.0,1.0,0.0,0.0,3.6,3.2,2.1,,,,,,3.16,3.58,2.3,,Ligue 2,,20190517_Le-Havre_Lorient,-5.281467760509486,0.05,1.56,46.2,53.8
2019-05-17,Lens,Orleans,5.0,2.0,8.0,2.0,11.0,4.0,7.0,3.0,0.0,1.0,0.0,0.0,1.33,5.0,9.0,,,,,,1.36,5.08,9.02,,Ligue 2,,20190517_Lens_Orleans,36.89432352233234,1.29,1.32,52.9,47.1
2019-05-17,Metz,Brest,1.0,0.0,5.0,1.0,8.0,5.0,5.0,4.0,0.0,0.0,0.0,0.0,1.85,3.4,4.33,,,,,,1.81,3.98,4.35,,Ligue 2,,20190517_Metz_Brest,-19.148385987997244,1.3,0.81,53.8,46.2
2019-05-17,Niort,Red Star,1.0,0.0,4.0,4.0,10.0,6.0,6.0,1.0,3.0,2.0,0.0,0.0,2.05,3.3,3.6,,,,,,2.25,3.42,3.4,,Ligue 2,,20190517_Niort_Red-Star,28.09713096672158,0.77,0.48,58.5,41.5
2019-05-17,Paris FC,Ajaccio GFCO,1.0,0.0,2.0,3.0,10.0,8.0,2.0,7.0,0.0,3.0,0.0,0.0,1.83,3.4,4.5,,,,,,1.93,3.23,4.84,,Ligue 2,,20190517_Paris-FC_Ajaccio-GFCO,142.10816050614926,1.85,0.05,51.8,48.2
2019-05-17,Sochaux,Grenoble,3.0,1.0,6.0,3.0,7.0,2.0,6.0,1.0,0.0,0.0,0.0,0.0,1.55,4.0,6.0,,,,,,1.73,3.61,5.55,,Ligue 2,,20190517_Sochaux_Grenoble,-52.00099279049573,2.22,1.02,45.1,54.9
2019-05-17,Troyes,Ajaccio,0.0,0.0,0.0,2.0,2.0,1.0,4.0,3.0,1.0,0.0,0.0,0.0,2.7,3.2,2.7,,,,,,2.87,3.2,2.71,,Ligue 2,,20190517_Troyes_Ajaccio,156.15095056511495,0.98,0.79,52.1,47.9
2019-07-26,Ajaccio,Le Havre,2.0,2.0,4.0,3.0,8.0,9.0,5.0,8.0,4.0,5.0,0.0,1.0,2.9,3.0,2.55,2.73,1.44,0.0,2.03,1.82,3.05,2.91,2.75,,Ligue 2,,20190726_Ajaccio_Le-Havre,-56.66577760237578,1.72,1.06,49.5,50.5
2019-07-26,Chambly,Valenciennes,1.0,0.0,5.0,0.0,9.0,9.0,2.0,5.0,2.0,2.0,0.0,0.0,2.5,3.0,2.8,2.27,1.62,-0.25,2.08,1.78,2.48,3.05,3.3,,Ligue 2,,20190726_Chambly_Valenciennes,43.36462389374833,0.05,0.28,44.5,55.5
2019-07-26,Clermont,Chateauroux,3.0,0.0,7.0,5.0,4.0,6.0,8.0,3.0,1.0,3.0,0.0,1.0,1.75,3.5,4.75,2.24,1.63,-0.75,1.88,1.96,1.66,3.83,5.7,,Ligue 2,,20190726_Clermont_Chateauroux,-18.25055370946893,2.31,0.05,48.9,51.1
2019-07-26,Guingamp,Grenoble,3.0,3.0,8.0,3.0,14.0,2.0,8.0,1.0,1.0,2.0,0.0,0.0,1.66,3.6,5.25,2.39,1.56,-0.5,1.91,1.92,1.93,3.28,4.8,,Ligue 2,,20190726_Guingamp_Grenoble,23.489694049924083,1.85,1.5,47.1,52.9
2019-07-26,Nancy,Orleans,0.0,0.0,1.0,3.0,7.0,3.0,6.0,2.0,1.0,1.0,0.0,0.0,2.1,3.2,3.6,2.27,1.61,-0.25,1.94,1.9,2.31,3.15,3.53,,Ligue 2,,20190726_Nancy_Orleans,-13.05180363280624,0.85,1.49,53.0,47.0
2019-07-26,Niort,Troyes,0.0,2.0,2.0,5.0,2.0,9.0,1.0,5.0,2.0,1.0,0.0,0.0,3.25,3.0,2.37,2.35,1.57,0.25,1.85,1.99,3.34,3.17,2.38,,Ligue 2,,20190726_Niort_Troyes,-154.7045658652048,0.05,1.22,41.5,58.5
2019-07-26,Rodez,Auxerre,2.0,0.0,3.0,4.0,7.0,13.0,4.0,3.0,1.0,2.0,0.0,0.0,2.7,3.0,2.8,2.51,1.5,0.0,2.01,1.84,3.04,2.92,2.75,,Ligue 2,,20190726_Rodez_Auxerre,56.33966266949756,1.07,0.13,55.0,45.0
2019-07-26,Sochaux,Caen,0.0,0.0,0.0,0.0,11.0,3.0,3.0,5.0,1.0,3.0,0.0,0.0,2.75,3.0,2.5,3.02,1.36,0.0,1.95,1.89,2.93,2.87,2.9,,Ligue 2,,20190726_Sochaux_Caen,-47.92516999905706,1.15,0.44,39.9,60.1
2019-07-27,Le Mans,Lens,1.0,2.0,4.0,5.0,17.0,9.0,5.0,2.0,1.0,0.0,0.0,0.0,3.0,3.2,2.37,2.18,1.67,0.25,2.01,1.83,3.61,3.4,2.16,,Ligue 2,,20190727_Le-Mans_Lens,-36.38159273096812,0.15,0.71,48.4,51.6
2019-07-29,Lorient,Paris FC,3.0,0.0,4.0,2.0,9.0,1.0,8.0,2.0,0.0,4.0,0.0,1.0,2.0,3.2,4.0,2.76,1.42,-0.5,1.93,1.91,1.95,3.26,4.67,,Ligue 2,,20190729_Lorient_Paris-FC,-23.17662508605349,2.35,0.13,42.5,57.5
2019-08-02,Auxerre,Le Mans,2.0,0.0,6.0,3.0,14.0,3.0,2.0,4.0,1.0,2.0,0.0,0.0,1.75,3.4,5.0,2.16,1.67,-0.75,1.96,1.9,1.69,3.76,5.53,,Ligue 2,,20190802_Auxerre_Le-Mans,-55.66264115450872,1.51,0.22,44.8,55.2
2019-08-02,Chateauroux,Rodez,0.0,0.0,2.0,0.0,8.0,10.0,1.0,3.0,2.0,2.0,0.0,0.0,3.0,3.0,2.5,2.53,1.5,0.25,1.81,2.04,3.38,3.0,2.46,,Ligue 2,,20190802_Chateauroux_Rodez,-9.496517089319013,2.13,0.61,50.9,49.1
2019-08-02,Grenoble,Ajaccio,0.0,1.0,0.0,5.0,7.0,6.0,3.0,2.0,4.0,3.0,0.0,0.0,2.05,3.1,4.0,2.44,1.53,-0.25,1.89,1.96,2.26,3.16,3.62,,Ligue 2,,20190802_Grenoble_Ajaccio,8.303782436609481,0.31,1.72,52.0,48.0
2019-08-02,Le Havre,Niort,1.0,1.0,4.0,2.0,10.0,6.0,5.0,3.0,1.0,2.0,0.0,0.0,1.72,3.4,5.25,2.15,1.68,-0.75,1.97,1.88,1.75,3.42,5.76,,Ligue 2,,20190802_Le-Havre_Niort,70.37780193801518,0.34,1.93,54.7,45.3
2019-08-02,Orleans,Chambly,0.0,1.0,4.0,2.0,11.0,7.0,7.0,4.0,0.0,2.0,1.0,1.0,2.1,3.1,3.75,2.36,1.57,-0.25,2.04,1.81,2.41,3.07,3.41,,Ligue 2,,20190802_Orleans_Chambly,-32.93424751292105,0.75,1.69,48.1,51.9
2019-08-02,Paris FC,Sochaux,1.0,1.0,2.0,1.0,7.0,5.0,7.0,1.0,1.0,2.0,0.0,0.0,2.2,2.7,4.2,3.41,1.3,-0.25,1.85,2.0,2.26,2.79,4.28,,Ligue 2,,20190802_Paris-FC_Sochaux,109.31667278058512,1.69,1.58,46.5,53.5
2019-08-02,Troyes,Clermont,1.0,2.0,3.0,5.0,7.0,2.0,1.0,4.0,3.0,1.0,1.0,0.0,2.5,3.0,3.0,2.48,1.52,0.0,1.96,1.89,2.93,3.02,2.76,,Ligue 2,,20190802_Troyes_Clermont,112.51350948620961,1.75,1.63,52.6,47.4
2019-08-02,Valenciennes,Nancy,1.0,1.0,1.0,8.0,6.0,11.0,2.0,5.0,1.0,0.0,0.0,0.0,2.7,3.0,2.8,2.3,1.59,0.0,2.12,1.75,3.16,3.12,2.52,,Ligue 2,,20190802_Valenciennes_Nancy,-19.299672250235517,1.16,0.62,52.5,47.5
2019-08-03,Lens,Guingamp,2.0,0.0,6.0,2.0,8.0,10.0,2.0,8.0,2.0,3.0,0.0,0.0,2.15,3.0,3.8,2.45,1.53,-0.25,1.95,1.9,2.31,3.11,3.58,,Ligue 2,,20190803_Lens_Guingamp,47.939661230811225,1.56,0.46,54.2,45.8
2019-08-05,Caen,Lorient,1.0,2.0,4.0,2.0,3.0,4.0,5.0,2.0,4.0,2.0,0.0,0.0,2.2,3.0,3.6,2.94,1.39,0.25,1.81,2.05,3.67,2.9,2.4,,Ligue 2,,20190805_Caen_Lorient,-67.10320671536738,0.35,1.53,42.8,57.2
2019-08-09,Ajaccio,Caen,1.0,2.0,7.0,4.0,16.0,2.0,13.0,7.0,4.0,1.0,1.0,1.0,2.6,3.0,2.9,3.23,1.33,-0.25,1.88,1.98,2.26,2.92,4.01,,Ligue 2,,20190809_Ajaccio_Caen,-7.341067741379447,1.19,1.25,51.1,48.9
2019-08-09,Chambly,Grenoble,0.0,0.0,1.0,2.0,4.0,5.0,7.0,1.0,3.0,1.0,0.0,0.0,2.45,3.0,3.1,2.51,1.5,-0.25,1.85,2.01,2.19,3.06,3.97,,Ligue 2,,20190809_Chambly_Grenoble,56.342225147730005,0.23,0.05,56.4,43.6
2019-08-09,Guingamp,Orleans,1.0,0.0,5.0,4.0,6.0,4.0,3.0,5.0,1.0,3.0,0.0,0.0,1.8,3.0,5.0,2.28,1.6,-0.75,2.05,1.81,1.76,3.49,5.47,,Ligue 2,,20190809_Guingamp_Orleans,22.125442609839865,0.29,1.07,54.1,45.9
2019-08-09,Le Mans,Valenciennes,1.0,2.0,7.0,5.0,14.0,7.0,12.0,2.0,1.0,2.0,0.0,0.0,2.3,2.8,3.3,1.97,1.83,-0.25,1.86,1.99,2.19,3.3,3.62,,Ligue 2,,20190809_Le-Mans_Valenciennes,28.55445479959667,0.05,0.88,50.0,50.0
2019-08-09,Nancy,Lorient,1.0,1.0,2.0,2.0,5.0,7.0,3.0,7.0,3.0,5.0,0.0,1.0,3.2,3.0,2.25,2.31,1.59,0.25,1.84,2.01,3.31,3.14,2.41,,Ligue 2,,20190809_Nancy_Lorient,-110.40990345083901,0.78,1.46,44.1,55.9
2019-08-09,Niort,Chateauroux,3.0,0.0,11.0,0.0,6.0,8.0,3.0,4.0,1.0,1.0,0.0,1.0,2.05,2.9,3.9,2.52,1.5,-0.25,2.04,1.82,2.51,2.94,3.37,,Ligue 2,,20190809_Niort_Chateauroux,-47.079741394194116,1.38,1.33,46.2,53.8
2019-08-09,Rodez,Paris FC,2.0,1.0,5.0,3.0,3.0,4.0,6.0,2.0,2.0,3.0,0.0,1.0,2.5,2.75,3.0,3.22,1.33,-0.25,2.12,1.76,2.59,2.74,3.52,,Ligue 2,,20190809_Rodez_Paris-FC,-49.6374870573577,1.24,0.57,51.6,48.4
2019-08-09,Sochaux,Auxerre,1.0,0.0,3.0,0.0,5.0,6.0,3.0,5.0,1.0,3.0,0.0,0.0,2.75,2.9,2.6,2.71,1.44,0.25,2.12,1.75,4.22,3.15,2.08,,Ligue 2,,20190809_Sochaux_Auxerre,9.879901751509806,1.34,1.42,57.1,42.9
2019-08-09,Troyes,Le Havre,1.0,2.0,5.0,5.0,10.0,6.0,10.0,5.0,0.0,3.0,0.0,1.0,2.1,3.0,3.5,2.5,1.51,-0.25,1.81,2.04,2.13,3.18,3.96,,Ligue 2,,20190809_Troyes_Le-Havre,84.93693298421886,0.16,1.42,53.8,46.2
2019-08-10,Clermont,Lens,1.0,1.0,4.0,6.0,7.0,7.0,5.0,3.0,2.0,2.0,0.0,0.0,2.37,2.9,3.3,2.31,1.59,-0.25,2.05,1.81,2.48,3.04,3.31,,Ligue 2,,20190810_Clermont_Lens,-34.14509291272657,0.05,0.75,50.1,49.9
2019-08-16,Caen,Chambly,0.0,0.0,1.0,2.0,8.0,6.0,8.0,1.0,2.0,4.0,0.0,0.0,2.4,3.0,3.2,3.03,1.37,0.0,1.9,1.95,2.91,2.78,3.02,,Ligue 2,,20190816_Caen_Chambly,-19.055847203250778,0.22,1.3,46.7,53.3
2019-08-16,Chateauroux,Ajaccio,0.0,1.0,5.0,1.0,8.0,2.0,6.0,2.0,1.0,1.0,1.0,0.0,3.25,2.8,2.5,2.66,1.45,0.25,1.83,2.03,3.26,3.04,2.5,,Ligue 2,,20190816_Chateauroux_Ajaccio,17.729321781648423,1.2,0.68,56.6,43.4
2019-08-16,Grenoble,Troyes,1.0,1.0,3.0,3.0,9.0,5.0,10.0,5.0,3.0,1.0,0.0,0.0,2.6,2.8,3.1,2.55,1.49,0.0,1.99,1.86,3.02,3.01,2.69,,Ligue 2,,20190816_Grenoble_Troyes,-122.50198163103005,0.73,1.28,43.8,56.2
2019-08-16,Lorient,Sochaux,1.0,0.0,2.0,0.0,9.0,8.0,6.0,3.0,0.0,4.0,0.0,0.0,1.61,3.4,6.5,2.64,1.47,-0.75,1.98,1.87,1.74,3.31,6.27,,Ligue 2,,20190816_Lorient_Sochaux,102.44469184866102,0.33,0.75,54.5,45.5
2019-08-16,Nancy,Le Mans,2.0,1.0,4.0,3.0,7.0,6.0,5.0,4.0,5.0,2.0,2.0,1.0,1.9,3.25,4.33,2.08,1.73,-0.5,1.9,1.94,1.93,3.36,4.61,,Ligue 2,,20190816_Nancy_Le-Mans,6.087469765657033,0.84,1.86,50.4,49.6
2019-08-16,Orleans,Clermont,0.0,1.0,2.0,3.0,10.0,2.0,9.0,2.0,2.0,3.0,0.0,0.0,3.4,2.8,2.4,2.37,1.56,0.25,1.83,2.02,3.41,2.99,2.46,,Ligue 2,,20190816_Orleans_Clermont,-69.0417068614679,1.12,1.7,51.5,48.5
2019-08-16,Paris FC,Niort,0.0,1.0,4.0,3.0,13.0,7.0,12.0,3.0,3.0,3.0,0.0,0.0,2.05,2.8,4.5,2.91,1.39,-0.5,1.98,1.87,2.01,3.1,4.71,,Ligue 2,,20190816_Paris-FC_Niort,78.23886812604701,0.75,0.74,50.7,49.3
2019-08-16,Valenciennes,Rodez,1.0,0.0,6.0,4.0,11.0,9.0,5.0,5.0,2.0,2.0,0.0,0.0,3.25,2.87,2.45,2.26,1.61,0.0,2.1,1.77,3.13,3.17,2.5,,Ligue 2,,20190816_Valenciennes_Rodez,-63.670575770063124,1.29,1.02,57.7,42.3
2019-08-17,Lens,Le Havre,1.0,3.0,4.0,4.0,8.0,7.0,5.0,3.0,4.0,2.0,0.0,0.0,2.0,3.0,4.33,2.19,1.65,-0.5,1.9,1.95,1.93,3.35,4.63,,Ligue 2,,20190817_Lens_Le-Havre,22.027825743612766,0.99,0.95,55.2,44.8
2019-08-19,Auxerre,Guingamp,2.0,2.0,6.0,5.0,11.0,5.0,8.0,4.0,2.0,1.0,0.0,0.0,2.4,2.8,3.5,2.36,1.57,-0.25,1.86,1.99,2.22,3.14,3.74,,Ligue 2,,20190819_Auxerre_Guingamp,-64.23537526015548,0.95,1.12,46.4,53.6
2019-08-23,Ajaccio,Paris FC,1.0,0.0,5.0,3.0,6.0,4.0,1.0,3.0,2.0,2.0,0.0,0.0,2.2,3.0,3.6,3.38,1.3,-0.25,1.94,1.92,2.34,2.83,3.93,,Ligue 2,,20190823_Ajaccio_Paris-FC,-48.85151859622238,0.05,0.97,48.0,52.0
2019-08-23,Chambly,Chateauroux,0.0,0.0,1.0,2.0,10.0,6.0,5.0,0.0,2.0,3.0,0.0,0.0,1.85,3.3,4.5,2.49,1.51,-0.5,1.9,1.95,1.93,3.14,5.12,,Ligue 2,,20190823_Chambly_Chateauroux,44.114877268894816,1.91,1.51,47.0,53.0
2019-08-23,Clermont,Auxerre,1.0,1.0,4.0,3.0,5.0,7.0,4.0,1.0,0.0,3.0,0.0,0.0,2.2,3.0,3.3,2.41,1.55,-0.25,1.86,1.99,2.2,3.25,3.67,,Ligue 2,,20190823_Clermont_Auxerre,96.13055954901643,0.2,0.19,58.1,41.9
2019-08-23,Le Havre,Grenoble,3.0,1.0,6.0,4.0,3.0,9.0,2.0,6.0,0.0,4.0,0.0,0.0,1.9,3.1,4.5,2.25,1.62,-0.75,2.03,1.83,1.76,3.48,5.46,,Ligue 2,,20190823_Le-Havre_Grenoble,76.01388855726145,1.25,2.24,57.5,42.5
2019-08-23,Le Mans,Lorient,1.0,2.0,3.0,4.0,12.0,5.0,12.0,4.0,1.0,2.0,0.0,0.0,3.75,3.2,2.1,2.08,1.73,0.5,1.86,1.99,4.12,3.4,2.01,,Ligue 2,,20190823_Le-Mans_Lorient,-129.46785362236392,0.71,2.13,44.4,55.6
2019-08-23,Niort,Caen,1.0,1.0,3.0,4.0,8.0,8.0,5.0,3.0,0.0,1.0,0.0,0.0,2.4,3.1,3.1,2.79,1.42,-0.25,2.1,1.77,2.55,2.96,3.28,,Ligue 2,,20190823_Niort_Caen,-18.95206825253581,0.28,1.22,48.6,51.4
2019-08-23,Rodez,Orleans,3.0,3.0,6.0,10.0,8.0,7.0,3.0,6.0,4.0,3.0,1.0,0.0,2.15,3.2,3.6,2.35,1.57,-0.25,2.14,1.73,2.56,3.04,3.18,,Ligue 2,,20190823_Rodez_Orleans,63.444390712184486,1.6,0.66,47.2,52.8
2019-08-23,Sochaux,Nancy,3.0,0.0,4.0,0.0,6.0,5.0,2.0,2.0,3.0,4.0,0.0,0.0,2.55,3.0,3.0,3.0,1.37,0.0,1.83,2.03,2.85,2.75,3.12,,Ligue 2,,20190823_Sochaux_Nancy,-19.765410848862757,1.33,1.31,52.9,47.1
2019-08-24,Troyes,Lens,2.0,0.0,6.0,1.0,6.0,6.0,9.0,5.0,4.0,1.0,0.0,0.0,2.87,2.9,2.5,2.3,1.59,0.25,1.78,2.08,3.35,2.96,2.51,,Ligue 2,,20190824_Troyes_Lens,41.851788690340754,0.97,1.02,56.0,44.0
2019-08-26,Guingamp,Valenciennes,0.0,1.0,6.0,3.0,8.0,6.0,9.0,9.0,3.0,2.0,0.0,0.0,1.75,3.4,5.0,1.79,2.0,-1.0,2.13,1.74,1.64,3.8,6.02,,Ligue 2,,20190826_Guingamp_Valenciennes,23.928306247468072,0.54,1.06,47.2,52.8
2019-08-30,Auxerre,Ajaccio,3.0,1.0,8.0,2.0,10.0,7.0,7.0,3.0,3.0,1.0,0.0,0.0,1.95,3.2,4.2,2.46,1.53,-0.5,1.96,1.89,1.99,3.22,4.55,,Ligue 2,,20190830_Auxerre_Ajaccio,-54.57647219431624,2.61,1.23,44.9,55.1
2019-08-30,Caen,Le Havre,0.0,3.0,2.0,4.0,11.0,8.0,10.0,2.0,0.0,2.0,0.0,0.0,2.87,3.0,2.62,2.73,1.44,0.0,2.08,1.78,3.2,2.87,2.68,,Ligue 2,,20190830_Caen_Le-Havre,-56.06187088551587,1.4,1.41,46.7,53.3
2019-08-30,Chateauroux,Troyes,0.0,1.0,5.0,8.0,9.0,8.0,6.0,5.0,3.0,3.0,0.0,0.0,3.6,3.0,2.2,2.43,1.54,0.25,1.99,1.87,3.88,3.04,2.23,,Ligue 2,,20190830_Chateauroux_Troyes,-119.77222946303391,0.43,1.42,50.9,49.1
2019-08-30,Le Mans,Sochaux,2.0,0.0,3.0,3.0,6.0,3.0,6.0,2.0,2.0,2.0,0.0,0.0,2.8,2.9,2.75,2.51,1.51,0.0,1.9,1.96,2.88,2.87,2.95,,Ligue 2,,20190830_Le-Mans_Sochaux,-30.307963600834682,0.92,0.05,41.7,58.3
2019-08-30,Nancy,Rodez,1.0,1.0,1.0,3.0,10.0,7.0,4.0,4.0,2.0,2.0,0.0,0.0,2.2,3.0,3.6,2.39,1.56,-0.25,1.92,1.93,2.29,3.08,3.64,,Ligue 2,,20190830_Nancy_Rodez,-39.546796203889926,0.38,0.62,52.2,47.8
2019-08-30,Orleans,Niort,0.0,1.0,5.0,7.0,8.0,11.0,8.0,11.0,1.0,1.0,0.0,0.0,1.9,3.0,4.75,2.03,1.78,-0.5,1.93,1.92,1.94,3.34,4.56,,Ligue 2,,20190830_Orleans_Niort,-34.756307757700824,1.4,0.97,55.7,44.3
2019-08-30,Valenciennes,Clermont,1.0,0.0,8.0,5.0,8.0,10.0,4.0,7.0,5.0,3.0,0.0,0.0,3.1,3.1,2.37,2.13,1.7,0.25,2.08,1.79,3.84,3.33,2.11,,Ligue 2,,20190830_Valenciennes_Clermont,-44.14766519842624,1.32,0.75,44.1,55.9
2019-08-31,Lorient,Guingamp,0.0,1.0,3.0,4.0,9.0,11.0,5.0,8.0,1.0,2.0,0.0,0.0,2.05,3.1,4.0,2.38,1.56,-0.5,1.89,1.95,1.93,3.41,4.53,,Ligue 2,,20190831_Lorient_Guingamp,102.71096144816079,0.6,0.76,57.1,42.9
2019-09-02,Grenoble,Lens,2.0,2.0,4.0,4.0,5.0,7.0,2.0,7.0,2.0,2.0,0.0,0.0,3.5,3.25,2.1,2.37,1.57,0.25,1.88,1.97,3.5,3.2,2.29,,Ligue 2,,20190902_Grenoble_Lens,-71.37635685157215,0.19,0.41,41.9,58.1
2019-09-02,Paris FC,Chambly,0.0,3.0,2.0,5.0,6.0,5.0,2.0,4.0,4.0,1.0,1.0,0.0,2.3,2.87,3.5,3.35,1.31,0.0,1.74,2.13,2.7,2.76,3.31,,Ligue 2,,20190902_Paris-FC_Chambly,0.07025409212269551,1.14,1.79,45.4,54.6
2019-09-13,Ajaccio,Orleans,0.0,0.0,1.0,1.0,6.0,5.0,2.0,4.0,2.0,2.0,0.0,0.0,2.0,3.2,4.0,2.32,1.58,-0.25,1.79,2.07,2.13,3.18,3.99,,Ligue 2,,20190913_Ajaccio_Orleans,44.78485081016288,0.9,0.29,57.0,43.0
2019-09-13,Chambly,Auxerre,1.0,4.0,8.0,5.0,10.0,3.0,6.0,1.0,1.0,1.0,0.0,0.0,2.7,2.9,2.87,2.63,1.47,0.0,1.95,1.9,2.93,2.92,2.84,,Ligue 2,,20190913_Chambly_Auxerre,74.13803191561806,0.34,1.61,56.9,43.1
2019-09-13,Guingamp,Nancy,1.0,1.0,2.0,6.0,12.0,3.0,4.0,4.0,3.0,2.0,0.0,0.0,2.0,3.1,4.2,2.3,1.6,-0.5,1.99,1.86,2.0,3.33,4.27,,Ligue 2,,20190913_Guingamp_Nancy,31.583882291415875,0.83,1.64,56.7,43.3
2019-09-13,Le Havre,Paris FC,0.0,0.0,2.0,1.0,11.0,5.0,7.0,4.0,2.0,4.0,1.0,1.0,1.72,3.25,5.75,2.5,1.51,-0.75,1.93,1.92,1.7,3.47,6.17,,Ligue 2,,20190913_Le-Havre_Paris-FC,61.19513775387031,1.14,1.26,50.3,49.7
2019-09-13,Niort,Grenoble,0.0,1.0,1.0,7.0,8.0,10.0,2.0,10.0,4.0,1.0,0.0,0.0,2.37,3.0,3.2,2.4,1.55,-0.25,2.11,1.76,2.56,3.02,3.2,,Ligue 2,,20190913_Niort_Grenoble,29.511571095695444,0.89,1.23,54.8,45.2
2019-09-13,Rodez,Le Mans,4.0,1.0,6.0,3.0,7.0,5.0,5.0,2.0,1.0,3.0,0.0,1.0,2.15,3.1,3.6,2.09,1.72,-0.5,2.05,1.8,2.07,3.36,3.92,,Ligue 2,,20190913_Rodez_Le-Mans,49.85211324051011,1.12,0.45,49.7,50.3
2019-09-13,Sochaux,Valenciennes,0.0,0.0,2.0,2.0,15.0,4.0,6.0,4.0,1.0,1.0,0.0,0.0,2.15,3.1,3.6,2.59,1.48,-0.25,1.96,1.89,2.36,3.0,3.6,,Ligue 2,,20190913_Sochaux_Valenciennes,-40.18059112174842,1.55,0.05,47.7,52.3
2019-09-13,Troyes,Caen,2.0,1.0,7.0,2.0,9.0,1.0,5.0,3.0,2.0,1.0,0.0,0.0,1.9,3.2,4.33,2.76,1.43,-0.75,2.09,1.77,1.83,3.28,5.38,,Ligue 2,,20190913_Troyes_Caen,113.66763440496038,0.23,1.24,57.3,42.7
2019-09-14,Clermont,Lorient,0.0,2.0,6.0,3.0,14.0,2.0,6.0,3.0,2.0,2.0,0.0,1.0,2.5,2.9,3.1,2.49,1.52,0.0,1.83,2.02,2.75,2.87,3.09,,Ligue 2,,20190914_Clermont_Lorient,-54.910298858414535,1.43,1.26,55.8,44.2
2019-09-16,Lens,Chateauroux,1.0,0.0,6.0,5.0,8.0,5.0,2.0,6.0,1.0,5.0,0.0,1.0,1.5,3.5,9.0,2.09,1.72,-1.25,2.01,1.85,1.41,4.21,10.65,,Ligue 2,,20190916_Lens_Chateauroux,62.386064989789475,1.1,0.56,52.1,47.9
2019-09-20,Auxerre,Troyes,1.0,2.0,2.0,7.0,8.0,9.0,5.0,6.0,1.0,5.0,1.0,0.0,2.45,2.9,3.2,2.34,1.57,-0.25,2.02,1.82,2.41,3.15,3.31,,Ligue 2,,20190920_Auxerre_Troyes,-142.52960241242363,0.58,2.01,37.3,62.7
2019-09-20,Chateauroux,Grenoble,1.0,1.0,9.0,4.0,9.0,8.0,7.0,3.0,1.0,2.0,0.0,0.0,2.9,3.1,2.5,2.4,1.55,0.0,2.09,1.78,3.1,3.06,2.59,,Ligue 2,,20190920_Chateauroux_Grenoble,-18.756974114895684,0.53,1.19,52.4,47.6
2019-09-20,Le Mans,Ajaccio,2.0,4.0,5.0,5.0,12.0,8.0,3.0,3.0,2.0,2.0,0.0,0.0,2.45,3.2,2.9,2.32,1.59,-0.25,2.03,1.82,2.43,3.14,3.29,,Ligue 2,,20190920_Le-Mans_Ajaccio,-34.835151332096984,1.36,1.2,44.8,55.2
2019-09-20,Nancy,Chambly,3.0,0.0,10.0,0.0,7.0,8.0,11.0,5.0,2.0,4.0,0.0,0.0,2.4,3.0,3.2,2.7,1.45,-0.25,1.94,1.91,2.26,2.99,3.88,,Ligue 2,,20190920_Nancy_Chambly,-44.748712621353434,0.97,0.63,46.8,53.2
2019-09-20,Orleans,Le Havre,2.0,2.0,5.0,3.0,12.0,5.0,4.0,4.0,0.0,2.0,0.0,0.0,3.0,3.1,2.45,1.86,1.93,0.0,2.14,1.73,3.05,3.34,2.45,,Ligue 2,,20190920_Orleans_Le-Havre,-125.715933224109,0.67,1.89,39.2,60.8
2019-09-20,Paris FC,Clermont,0.0,2.0,3.0,7.0,4.0,9.0,3.0,7.0,2.0,0.0,0.0,0.0,3.2,3.0,2.37,3.11,1.35,0.25,1.79,2.08,3.43,2.85,2.55,,Ligue 2,,20190920_Paris-FC_Clermont,0.14633672053514601,0.35,2.25,52.8,47.2
2019-09-20,Sochaux,Guingamp,3.0,1.0,6.0,1.0,7.0,8.0,4.0,3.0,0.0,3.0,0.0,1.0,3.0,2.9,2.6,2.91,1.38,0.0,1.78,2.08,2.7,2.88,3.16,,Ligue 2,,20190920_Sochaux_Guingamp,-37.92009228682332,0.89,1.19,37.8,62.2
2019-09-20,Valenciennes,Niort,1.0,1.0,4.0,2.0,17.0,5.0,2.0,2.0,2.0,5.0,0.0,2.0,2.0,3.2,3.9,2.06,1.74,-0.5,2.06,1.79,2.09,3.44,3.77,,Ligue 2,,20190920_Valenciennes_Niort,18.373345119915257,0.77,0.82,53.1,46.9
2019-09-21,Caen,Lens,0.0,2.0,1.0,1.0,12.0,8.0,6.0,4.0,4.0,1.0,0.0,0.0,3.75,3.1,2.1,2.87,1.4,0.25,1.97,1.87,3.84,3.06,2.23,,Ligue 2,,20190921_Caen_Lens,-58.31866916977947,0.88,0.87,47.0,53.0
2019-09-23,Lorient,Rodez,2.0,1.0,4.0,3.0,13.0,11.0,6.0,8.0,2.0,1.0,0.0,0.0,2.0,3.1,4.2,2.18,1.67,-0.75,2.06,1.8,1.81,3.48,5.04,,Ligue 2,,20190923_Lorient_Rodez,66.40200599468835,0.77,0.9,65.9,34.1
2019-09-27,Ajaccio,Valenciennes,2.0,0.0,4.0,3.0,8.0,8.0,5.0,3.0,1.0,1.0,0.0,0.0,2.05,3.0,4.0,2.33,1.58,-0.25,1.76,2.09,2.12,3.18,4.01,,Ligue 2,,20190927_Ajaccio_Valenciennes,-7.038498500982769,1.11,1.23,52.4,47.6
2019-09-27,Chambly,Lorient,0.0,1.0,2.0,4.0,5.0,13.0,3.0,4.0,2.0,1.0,0.0,0.0,3.5,3.0,2.25,2.47,1.52,0.25,1.93,1.91,3.67,3.06,2.29,,Ligue 2,,20190927_Chambly_Lorient,-90.95319990808639,0.96,1.0,44.8,55.2
2019-09-27,Clermont,Nancy,2.0,2.0,3.0,2.0,6.0,6.0,8.0,1.0,2.0,3.0,0.0,0.0,2.05,3.2,3.75,2.49,1.52,-0.25,1.92,1.92,2.36,2.99,3.61,,Ligue 2,,20190927_Clermont_Nancy,35.750238509730934,1.02,0.52,52.6,47.4
2019-09-27,Grenoble,Caen,1.0,0.0,3.0,3.0,6.0,6.0,6.0,7.0,1.0,2.0,0.0,0.0,1.95,3.2,3.75,2.57,1.49,-0.5,2.0,1.84,2.07,3.11,4.35,,Ligue 2,,20190927_Grenoble_Caen,4.310565549334797,0.09,0.19,53.0,47.0
2019-09-27,Le Havre,Chateauroux,0.0,1.0,5.0,5.0,10.0,8.0,5.0,3.0,1.0,5.0,1.0,1.0,1.53,3.8,6.5,1.97,1.82,-0.75,1.82,2.04,1.65,3.74,6.01,,Ligue 2,,20190927_Le-Havre_Chateauroux,101.33331459703481,0.1,0.27,54.5,45.5
2019-09-27,Niort,Auxerre,2.0,2.0,6.0,4.0,4.0,11.0,4.0,4.0,1.0,0.0,0.0,0.0,3.75,3.1,2.1,2.21,1.65,0.5,1.83,2.03,3.95,3.48,2.03,,Ligue 2,,20190927_Niort_Auxerre,18.846360025106833,1.2,1.35,49.6,50.4
2019-09-27,Rodez,Sochaux,0.0,2.0,4.0,6.0,7.0,12.0,3.0,6.0,3.0,3.0,0.0,0.0,2.37,3.1,3.1,2.93,1.39,-0.25,2.03,1.82,2.48,2.84,3.59,,Ligue 2,,20190927_Rodez_Sochaux,31.502094012032558,0.05,1.03,52.0,48.0
2019-09-27,Troyes,Orleans,1.0,2.0,5.0,5.0,14.0,8.0,7.0,3.0,1.0,3.0,0.0,1.0,1.7,3.3,6.0,2.06,1.75,-0.75,2.02,1.83,1.79,3.63,4.97,,Ligue 2,,20190927_Troyes_Orleans,176.63540022895586,1.16,0.55,51.4,48.6
2019-09-28,Lens,Paris FC,2.0,1.0,6.0,3.0,8.0,7.0,5.0,5.0,2.0,2.0,0.0,0.0,1.53,3.8,6.5,2.55,1.5,-0.75,1.92,1.92,1.71,3.39,6.31,,Ligue 2,,20190928_Lens_Paris-FC,55.00039653658541,1.16,1.63,53.2,46.8
2019-09-30,Guingamp,Le Mans,3.0,0.0,7.0,2.0,14.0,8.0,3.0,1.0,2.0,2.0,0.0,0.0,1.72,3.5,5.25,1.97,1.82,-0.5,1.79,2.06,1.79,3.66,4.87,,Ligue 2,,20190930_Guingamp_Le-Mans,51.307587924582776,1.31,1.05,47.8,52.2
2019-10-04,Caen,Chateauroux,1.0,1.0,5.0,6.0,12.0,7.0,3.0,2.0,1.0,0.0,0.0,0.0,2.05,3.0,4.2,2.56,1.49,-0.25,1.78,2.08,2.16,3.03,4.15,,Ligue 2,,20191004_Caen_Chateauroux,-14.103097466628924,0.66,1.02,47.1,52.9
2019-10-04,Guingamp,Rodez,4.0,1.0,9.0,1.0,11.0,9.0,10.0,3.0,1.0,2.0,0.0,0.0,2.0,3.1,4.2,2.14,1.69,-0.5,1.98,1.86,2.01,3.32,4.27,,Ligue 2,,20191004_Guingamp_Rodez,3.134663955873748,1.54,0.96,51.3,48.7
2019-10-04,Le Mans,Chambly,1.0,0.0,4.0,1.0,10.0,3.0,4.0,2.0,2.0,2.0,0.0,0.0,2.7,2.87,2.9,2.14,1.69,0.0,1.8,2.06,2.64,3.02,3.09,,Ligue 2,,20191004_Le-Mans_Chambly,-67.72786158562758,0.62,1.04,43.0,57.0
2019-10-04,Lorient,Ajaccio,0.0,0.0,3.0,4.0,16.0,2.0,5.0,1.0,1.0,2.0,0.0,0.0,1.72,3.4,5.25,2.34,1.58,-0.75,1.92,1.92,1.68,3.6,6.12,,Ligue 2,,20191004_Lorient_Ajaccio,97.61733913892704,0.38,0.44,54.7,45.3
2019-10-04,Nancy,Niort,2.0,1.0,5.0,1.0,13.0,2.0,7.0,2.0,3.0,1.0,0.0,1.0,1.85,3.1,5.0,2.3,1.6,-0.75,1.95,1.9,1.69,3.66,5.71,,Ligue 2,,20191004_Nancy_Niort,4.25177619169699,1.79,1.66,47.2,52.8
2019-10-04,Paris FC,Troyes,1.0,0.0,1.0,2.0,4.0,11.0,3.0,6.0,3.0,2.0,0.0,0.0,3.25,3.0,2.37,2.69,1.45,0.25,1.81,2.04,3.34,3.04,2.46,,Ligue 2,,20191004_Paris-FC_Troyes,-116.58934266627307,0.77,1.11,50.1,49.9
2019-10-04,Sochaux,Clermont,4.0,0.0,6.0,4.0,6.0,13.0,3.0,3.0,3.0,2.0,0.0,0.0,2.9,2.87,2.8,3.0,1.37,0.0,1.97,1.88,2.98,2.86,2.86,,Ligue 2,,20191004_Sochaux_Clermont,-30.17923188453733,0.51,0.54,46.5,53.5
2019-10-04,Valenciennes,Grenoble,0.0,2.0,3.0,4.0,7.0,8.0,3.0,2.0,4.0,2.0,0.0,0.0,2.45,3.1,3.0,2.15,1.69,0.0,1.89,1.96,2.81,3.15,2.77,,Ligue 2,,20191004_Valenciennes_Grenoble,-2.229763743766398,0.72,1.12,43.4,56.6
2019-10-05,Auxerre,Le Havre,2.0,0.0,3.0,0.0,4.0,10.0,5.0,5.0,3.0,2.0,0.0,0.0,2.45,3.0,3.1,2.18,1.67,-0.25,2.09,1.78,2.51,3.08,3.2,,Ligue 2,,20191005_Auxerre_Le-Havre,-81.9037961049728,1.41,0.05,49.0,51.0
2019-10-07,Orleans,Lens,1.0,4.0,1.0,7.0,2.0,2.0,1.0,6.0,2.0,1.0,0.0,0.0,3.75,3.2,2.05,2.13,1.7,0.25,1.84,2.01,3.25,3.25,2.39,,Ligue 2,,20191007_Orleans_Lens,-100.02988629740844,1.48,2.31,41.3,58.7
2019-10-18,Ajaccio,Nancy,0.0,0.0,1.0,2.0,7.0,7.0,3.0,9.0,1.0,1.0,0.0,0.0,2.5,2.9,3.1,2.86,1.41,0.0,1.83,2.02,2.81,2.84,3.06,,Ligue 2,,20191018_Ajaccio_Nancy,10.140849619838491,1.34,1.13,51.3,48.7
2019-10-18,Caen,Valenciennes,0.0,0.0,1.0,0.0,10.0,3.0,8.0,2.0,2.0,3.0,0.0,0.0,2.1,3.1,3.75,2.47,1.52,-0.25,1.76,2.09,2.1,3.12,4.21,,Ligue 2,,20191018_Caen_Valenciennes,-13.373229646418395,0.85,1.02,36.6,63.4
2019-10-18,Chambly,Sochaux,0.0,0.0,2.0,2.0,4.0,2.0,3.0,3.0,2.0,0.0,0.0,0.0,2.8,2.87,2.75,2.9,1.39,0.0,2.04,1.81,3.17,2.83,2.73,,Ligue 2,,20191018_Chambly_Sochaux,-22.94424129807976,0.9,0.75,46.7,53.3
2019-10-18,Chateauroux,Paris FC,0.0,1.0,5.0,2.0,11.0,8.0,8.0,2.0,3.0,6.0,0.0,0.0,2.5,2.8,3.3,2.78,1.42,0.0,1.72,2.15,2.63,2.85,3.28,,Ligue 2,,20191018_Chateauroux_Paris-FC,-27.328187962913944,1.39,0.05,46.4,53.6
2019-10-18,Clermont,Rodez,0.0,1.0,7.0,3.0,7.0,4.0,3.0,4.0,3.0,1.0,1.0,0.0,1.8,3.3,4.75,2.13,1.7,-0.75,1.94,1.9,1.69,3.75,5.51,,Ligue 2,,20191018_Clermont_Rodez,23.69927711877517,0.81,1.3,51.7,48.3
2019-10-18,Grenoble,Orleans,0.0,0.0,3.0,1.0,7.0,2.0,6.0,1.0,1.0,1.0,0.0,0.0,2.05,3.25,3.75,2.09,1.72,-0.5,2.04,1.8,2.06,3.42,3.91,,Ligue 2,,20191018_Grenoble_Orleans,48.30841848393197,1.01,0.99,48.3,51.7
2019-10-18,Niort,Guingamp,0.0,0.0,1.0,2.0,3.0,10.0,3.0,2.0,2.0,2.0,0.0,0.0,3.75,3.1,2.1,2.0,1.79,0.25,2.0,1.84,3.64,3.38,2.15,,Ligue 2,,20191018_Niort_Guingamp,-39.57342861357506,0.05,0.95,46.3,53.7
2019-10-18,Troyes,Le Mans,2.0,1.0,7.0,6.0,2.0,4.0,5.0,5.0,2.0,3.0,0.0,0.0,1.55,3.6,7.0,1.87,1.91,-1.0,2.03,1.81,1.6,3.92,6.28,,Ligue 2,,20191018_Troyes_Le-Mans,147.14921699476645,1.32,0.71,55.5,44.5
2019-10-19,Le Havre,Lorient,2.0,2.0,3.0,4.0,16.0,6.0,5.0,1.0,4.0,3.0,0.0,0.0,2.6,3.2,2.75,2.33,1.59,-0.25,2.03,1.82,2.42,3.13,3.3,,Ligue 2,,20191019_Le-Havre_Lorient,-67.71153619055758,2.0,0.87,42.0,58.0
2019-10-21,Lens,Auxerre,0.0,0.0,2.0,2.0,11.0,8.0,5.0,3.0,1.0,2.0,0.0,0.0,1.95,3.2,4.2,2.09,1.72,-0.5,1.85,1.99,1.88,3.47,4.66,,Ligue 2,,20191021_Lens_Auxerre,91.42994376275237,1.25,0.49,48.6,51.4
2019-10-25,Auxerre,Grenoble,0.0,1.0,1.0,3.0,9.0,4.0,8.0,3.0,3.0,1.0,1.0,0.0,2.05,3.1,4.0,2.38,1.56,-0.25,1.79,2.06,2.15,3.06,4.11,,Ligue 2,,20191025_Auxerre_Grenoble,-17.688707806442608,0.3,0.21,60.9,39.1
2019-10-25,Guingamp,Clermont,1.0,2.0,3.0,5.0,14.0,13.0,7.0,2.0,2.0,0.0,0.0,0.0,2.2,3.1,3.5,2.23,1.63,-0.25,1.89,1.95,2.25,3.11,3.7,,Ligue 2,,20191025_Guingamp_Clermont,14.675197170444108,0.7,1.29,55.0,45.0
2019-10-25,Le Mans,Niort,1.0,0.0,4.0,4.0,3.0,6.0,1.0,5.0,0.0,2.0,0.0,0.0,2.15,3.2,3.5,1.91,1.88,-0.25,1.88,1.97,2.22,3.35,3.5,,Ligue 2,,20191025_Le-Mans_Niort,-38.359324286763695,0.1,1.17,47.4,52.6
2019-10-25,Nancy,Lens,0.0,0.0,5.0,1.0,16.0,4.0,12.0,1.0,2.0,2.0,0.0,0.0,3.0,2.87,2.6,2.37,1.56,0.0,1.97,1.88,2.91,3.04,2.76,,Ligue 2,,20191025_Nancy_Lens,-69.11973047764263,0.07,1.47,47.1,52.9
2019-10-25,Orleans,Chateauroux,1.0,1.0,4.0,5.0,13.0,13.0,9.0,7.0,2.0,2.0,0.0,0.0,2.05,3.0,4.2,2.35,1.58,-0.25,1.87,1.97,2.26,3.0,3.85,,Ligue 2,,20191025_Orleans_Chateauroux,-9.272970971866016,1.21,0.77,48.0,52.0
2019-10-25,Paris FC,Caen,2.0,4.0,4.0,7.0,7.0,4.0,6.0,2.0,3.0,2.0,0.0,0.0,2.3,2.9,3.5,3.32,1.31,-0.25,1.97,1.87,2.39,2.87,3.73,,Ligue 2,,20191025_Paris-FC_Caen,51.05400526425592,2.6,0.98,49.9,50.1
2019-10-25,Rodez,Chambly,2.0,0.0,5.0,2.0,8.0,4.0,5.0,2.0,1.0,2.0,0.0,0.0,2.1,2.9,4.0,2.68,1.45,-0.25,1.82,2.02,2.19,3.04,4.0,,Ligue 2,,20191025_Rodez_Chambly,15.370676798952218,0.85,0.36,60.4,39.6
2019-10-25,Sochaux,Ajaccio,0.0,2.0,2.0,5.0,5.0,9.0,7.0,5.0,3.0,3.0,0.0,0.0,2.2,2.9,3.75,3.04,1.36,-0.25,1.91,1.93,2.31,2.84,4.01,,Ligue 2,,20191025_Sochaux_Ajaccio,-6.285282030839198,1.03,1.5,48.9,51.1
2019-10-26,Lorient,Troyes,0.0,1.0,4.0,5.0,4.0,1.0,6.0,1.0,1.0,2.0,0.0,0.0,2.1,2.9,4.1,2.44,1.53,-0.5,2.12,1.74,2.16,3.04,4.12,,Ligue 2,,20191026_Lorient_Troyes,2.2823738064212193,0.77,0.27,52.7,47.3
2019-10-28,Valenciennes,Le Havre,0.0,0.0,0.0,4.0,9.0,15.0,4.0,6.0,3.0,0.0,0.0,1.0,3.4,3.0,2.3,2.15,1.69,0.25,2.05,1.81,3.85,3.33,2.1,,Ligue 2,,20191028_Valenciennes_Le-Havre,-58.762023617756995,0.42,0.13,51.6,48.4
2019-11-01,Ajaccio,Rodez,1.0,0.0,2.0,1.0,6.0,5.0,7.0,3.0,0.0,0.0,0.0,0.0,1.9,3.1,4.5,2.55,1.49,-0.5,1.98,1.86,2.03,3.0,4.79,,Ligue 2,,20191101_Ajaccio_Rodez,12.58969052575776,0.29,0.29,49.3,50.7
2019-11-01,Caen,Orleans,2.0,1.0,4.0,5.0,7.0,10.0,5.0,3.0,2.0,3.0,0.0,0.0,2.05,3.3,3.6,2.46,1.53,-0.25,1.79,2.07,2.16,2.96,4.25,,Ligue 2,,20191101_Caen_Orleans,21.09383145271454,1.43,1.49,54.6,45.4
2019-11-01,Chambly,Guingamp,1.0,5.0,4.0,7.0,10.0,9.0,5.0,4.0,3.0,3.0,0.0,0.0,3.4,3.0,2.3,2.5,1.51,0.25,1.82,2.02,3.61,2.82,2.48,,Ligue 2,,20191101_Chambly_Guingamp,-27.0734969357693,0.36,0.98,48.7,51.3
2019-11-01,Chateauroux,Auxerre,1.0,0.0,3.0,3.0,7.0,12.0,6.0,7.0,2.0,2.0,0.0,1.0,3.6,2.9,2.25,2.46,1.53,0.25,1.8,2.04,3.47,2.87,2.51,,Ligue 2,,20191101_Chateauroux_Auxerre,-6.961672221610343,0.34,1.27,54.8,45.2
2019-11-01,Troyes,Valenciennes,1.0,0.0,8.0,3.0,9.0,6.0,7.0,7.0,3.0,3.0,1.0,0.0,1.57,3.8,6.0,2.1,1.72,-1.0,2.04,1.81,1.56,3.82,7.44,,Ligue 2,,20191101_Troyes_Valenciennes,129.6405649477524,1.19,1.0,59.3,40.7
2019-11-02,Clermont,Le Mans,0.0,1.0,3.0,2.0,11.0,6.0,7.0,1.0,2.0,4.0,1.0,0.0,1.61,3.6,5.75,1.91,1.88,-0.75,1.85,2.0,1.68,3.59,6.16,,Ligue 2,,20191102_Clermont_Le-Mans,59.72271595954635,1.77,1.74,51.5,48.5
2019-11-02,Grenoble,Paris FC,0.0,0.0,4.0,5.0,3.0,7.0,3.0,1.0,2.0,2.0,2.0,0.0,1.9,3.1,4.5,2.71,1.44,-0.5,2.05,1.8,2.07,2.95,4.67,,Ligue 2,,20191102_Grenoble_Paris-FC,11.41579348468008,0.41,0.74,53.3,46.7
2019-11-02,Lens,Lorient,1.0,0.0,4.0,3.0,6.0,4.0,6.0,3.0,5.0,3.0,0.0,0.0,2.3,2.87,3.5,2.36,1.57,-0.25,2.06,1.8,2.55,2.98,3.25,,Ligue 2,,20191102_Lens_Lorient,-19.685117133129324,0.8,0.85,49.2,50.8
2019-11-02,Niort,Sochaux,0.0,2.0,1.0,6.0,8.0,9.0,5.0,7.0,3.0,1.0,0.0,0.0,3.1,2.87,2.5,2.86,1.4,0.0,1.98,1.87,2.99,2.84,2.87,,Ligue 2,,20191102_Niort_Sochaux,-31.639154747178054,0.76,1.11,49.0,51.0
2019-11-04,Le Havre,Nancy,1.0,1.0,7.0,4.0,5.0,9.0,5.0,3.0,2.0,3.0,0.0,0.0,2.2,3.1,3.5,2.47,1.52,-0.25,2.12,1.76,2.59,2.94,3.25,,Ligue 2,,20191104_Le-Havre_Nancy,31.068107467531945,1.0,1.52,46.6,53.4
2019-11-08,Auxerre,Caen,1.0,1.0,3.0,2.0,9.0,3.0,6.0,6.0,3.0,2.0,1.0,0.0,2.0,3.0,4.5,2.72,1.44,-0.25,1.8,2.05,2.19,2.91,4.25,,Ligue 2,,20191108_Auxerre_Caen,-29.012344532379984,0.38,1.86,50.6,49.4
2019-11-08,Chambly,Clermont,0.0,1.0,2.0,2.0,8.0,10.0,6.0,4.0,3.0,1.0,0.0,0.0,4.33,2.9,2.05,2.67,1.46,0.5,1.79,2.06,4.5,3.0,2.09,,Ligue 2,,20191108_Chambly_Clermont,-34.435556642261645,0.5,0.72,40.5,59.5
2019-11-08,Le Mans,Grenoble,0.0,0.0,0.0,4.0,7.0,7.0,3.0,2.0,0.0,2.0,0.0,0.0,2.8,3.0,2.7,2.25,1.63,0.0,1.88,1.97,2.77,3.04,2.91,,Ligue 2,,20191108_Le-Mans_Grenoble,-50.49225492313985,1.11,0.32,47.4,52.6
2019-11-08,Lorient,Niort,4.0,1.0,8.0,2.0,14.0,5.0,4.0,6.0,1.0,2.0,0.0,0.0,1.45,4.2,7.5,2.04,1.76,-1.0,1.8,2.05,1.46,4.22,8.45,,Ligue 2,,20191108_Lorient_Niort,124.9464319576091,1.09,0.53,55.4,44.6
2019-11-08,Nancy,Troyes,0.0,0.0,1.0,3.0,6.0,7.0,7.0,5.0,2.0,1.0,0.0,0.0,2.25,2.87,3.75,2.6,1.48,-0.25,1.87,1.97,2.21,3.07,3.89,,Ligue 2,,20191108_Nancy_Troyes,-112.61654035137258,1.26,1.46,50.0,50.0
2019-11-08,Orleans,Paris FC,0.0,1.0,3.0,3.0,16.0,1.0,17.0,3.0,2.0,1.0,0.0,0.0,2.3,2.8,3.6,2.61,1.47,-0.25,1.94,1.9,2.33,2.96,3.74,,Ligue 2,,20191108_Orleans_Paris-FC,-56.312801852367556,1.51,1.73,46.3,53.7
2019-11-08,Sochaux,Le Havre,2.0,0.0,5.0,7.0,4.0,9.0,4.0,6.0,1.0,1.0,0.0,0.0,2.87,2.75,2.87,2.97,1.38,0.0,1.93,1.92,2.98,2.8,2.93,,Ligue 2,,20191108_Sochaux_Le-Havre,-30.071653885310752,0.35,1.01,52.2,47.8
2019-11-08,Valenciennes,Chateauroux,0.0,1.0,4.0,9.0,13.0,11.0,5.0,3.0,2.0,1.0,3.0,1.0,2.15,3.0,3.75,2.26,1.62,-0.25,1.93,1.92,2.28,3.1,3.64,,Ligue 2,,20191108_Valenciennes_Chateauroux,-6.7888062444931165,0.42,1.37,51.0,49.0
2019-11-09,Guingamp,Ajaccio,1.0,1.0,5.0,1.0,11.0,5.0,8.0,4.0,1.0,2.0,0.0,0.0,2.05,3.1,4.0,2.28,1.61,-0.25,1.77,2.1,2.12,3.12,4.14,,Ligue 2,,20191109_Guingamp_Ajaccio,-24.324348916884446,2.13,1.23,46.1,53.9
2019-11-11,Rodez,Lens,1.0,2.0,3.0,6.0,2.0,8.0,2.0,10.0,2.0,2.0,0.0,0.0,3.5,3.1,2.05,2.45,1.53,0.25,1.79,2.06,3.36,3.0,2.48,,Ligue 2,,20191111_Rodez_Lens,-82.37416430198027,0.42,1.29,47.0,53.0
2019-11-22,Ajaccio,Clermont,1.0,1.0,3.0,4.0,9.0,7.0,2.0,6.0,2.0,3.0,0.0,0.0,2.75,2.87,2.87,2.82,1.41,0.0,1.91,1.94,3.01,2.73,2.97,,Ligue 2,,20191122_Ajaccio_Clermont,27.44261381622323,1.82,1.01,58.0,42.0
2019-11-22,Caen,Le Mans,3.0,3.0,6.0,5.0,7.0,7.0,8.0,3.0,3.0,1.0,0.0,0.0,1.95,3.1,4.33,2.43,1.54,-0.5,2.05,1.79,2.07,3.13,4.32,,Ligue 2,,20191122_Caen_Le-Mans,24.45896561946688,1.96,1.99,51.7,48.3
2019-11-22,Chateauroux,Lorient,1.0,3.0,3.0,10.0,7.0,11.0,3.0,11.0,2.0,1.0,0.0,0.0,5.25,3.3,1.75,2.34,1.58,0.5,2.01,1.83,5.13,3.39,1.83,,Ligue 2,,20191122_Chateauroux_Lorient,-92.11237106563112,1.17,2.73,46.3,53.7
2019-11-22,Grenoble,Nancy,1.0,1.0,5.0,2.0,8.0,6.0,2.0,7.0,2.0,0.0,0.0,0.0,2.7,2.87,2.9,2.83,1.41,0.0,1.99,1.85,3.11,2.77,2.84,,Ligue 2,,20191122_Grenoble_Nancy,3.6306394913228814,1.15,1.07,48.0,52.0
2019-11-22,Niort,Rodez,2.0,1.0,6.0,3.0,9.0,7.0,4.0,10.0,0.0,1.0,0.0,0.0,2.7,3.0,2.8,2.35,1.58,0.0,1.99,1.85,2.96,3.03,2.73,,Ligue 2,,20191122_Niort_Rodez,-46.89986030050591,1.45,1.14,55.7,44.3
2019-11-22,Orleans,Valenciennes,0.0,1.0,3.0,2.0,11.0,4.0,6.0,2.0,4.0,1.0,0.0,0.0,2.0,3.1,4.2,2.04,1.77,-0.5,2.02,1.82,2.04,3.37,4.04,,Ligue 2,,20191122_Orleans_Valenciennes,-23.66284341045548,0.96,1.4,45.6,54.4
2019-11-22,Paris FC,Auxerre,2.0,0.0,5.0,6.0,7.0,11.0,1.0,8.0,2.0,0.0,0.0,0.0,3.2,2.87,2.45,2.81,1.41,0.25,1.77,2.09,3.4,2.91,2.52,,Ligue 2,,20191122_Paris-FC_Auxerre,50.75878857950397,1.22,0.75,51.1,48.9
2019-11-22,Troyes,Chambly,0.0,4.0,0.0,6.0,13.0,1.0,6.0,2.0,2.0,0.0,0.0,0.0,1.6,3.75,6.0,2.41,1.55,-0.75,1.93,1.92,1.7,3.49,6.11,,Ligue 2,,20191122_Troyes_Chambly,163.84127196484224,0.92,0.87,56.7,43.3
2019-11-23,Lens,Sochaux,4.0,0.0,6.0,1.0,5.0,4.0,6.0,2.0,5.0,4.0,0.0,1.0,1.95,3.1,4.33,2.73,1.44,-0.75,2.04,1.81,1.79,3.26,5.77,,Ligue 2,,20191123_Lens_Sochaux,73.33102358174256,2.21,1.52,54.7,45.3
2019-11-25,Le Havre,Guingamp,4.0,0.0,7.0,2.0,11.0,8.0,7.0,9.0,2.0,0.0,0.0,0.0,2.25,3.2,3.3,2.17,1.68,0.0,1.8,2.05,2.6,3.18,2.97,,Ligue 2,,20191125_Le-Havre_Guingamp,10.01490513038766,1.69,0.13,49.1,50.9
2019-11-29,Auxerre,Orleans,2.0,2.0,3.0,3.0,10.0,6.0,4.0,1.0,1.0,3.0,0.0,0.0,1.95,3.1,4.33,2.1,1.72,-0.5,1.97,1.86,2.0,3.33,4.26,,Ligue 2,,20191129_Auxerre_Orleans,26.622526705229802,1.9,1.75,58.7,41.3
2019-11-29,Chambly,Ajaccio,0.0,2.0,2.0,7.0,10.0,11.0,3.0,7.0,4.0,3.0,1.0,0.0,3.3,2.8,2.45,2.81,1.41,0.0,2.14,1.74,3.31,2.83,2.64,,Ligue 2,,20191129_Chambly_Ajaccio,-65.28770345613702,0.86,1.13,48.3,51.7
2019-11-29,Clermont,Niort,1.0,0.0,5.0,3.0,7.0,7.0,5.0,2.0,0.0,0.0,0.0,1.0,1.44,3.75,9.0,2.01,1.79,-1.0,1.81,2.03,1.47,4.1,8.62,,Ligue 2,,20191129_Clermont_Niort,50.88169660757262,1.73,0.47,42.6,57.4
2019-11-29,Guingamp,Caen,1.0,1.0,1.0,5.0,11.0,4.0,2.0,4.0,1.0,1.0,1.0,0.0,1.95,3.1,4.33,2.38,1.57,-0.25,1.79,2.06,2.15,3.07,4.09,,Ligue 2,,20191129_Guingamp_Caen,10.24614985080916,1.39,0.96,54.9,45.1
2019-11-29,Le Mans,Chateauroux,1.0,2.0,4.0,6.0,15.0,10.0,6.0,4.0,1.0,2.0,0.0,0.0,2.1,3.1,3.8,2.12,1.7,-0.25,1.78,2.07,2.11,3.28,3.9,,Ligue 2,,20191129_Le-Mans_Chateauroux,-15.996616994259057,1.06,0.91,51.7,48.3
2019-11-29,Lorient,Grenoble,2.0,1.0,4.0,4.0,7.0,9.0,4.0,7.0,1.0,0.0,0.0,0.0,1.55,3.6,7.0,2.16,1.67,-1.0,2.06,1.79,1.57,3.91,6.81,,Ligue 2,,20191129_Lorient_Grenoble,79.83115619340583,0.41,0.36,58.1,41.9
2019-11-29,Nancy,Paris FC,2.0,0.0,8.0,5.0,11.0,5.0,9.0,2.0,1.0,2.0,0.0,0.0,1.7,3.4,5.5,2.52,1.5,-0.75,2.03,1.81,1.78,3.33,5.72,,Ligue 2,,20191129_Nancy_Paris-FC,-14.940610478966619,0.87,1.05,47.2,52.8
2019-11-29,Rodez,Le Havre,1.0,2.0,3.0,4.0,5.0,7.0,6.0,4.0,5.0,3.0,0.0,0.0,3.5,3.1,2.2,2.17,1.67,0.25,1.86,1.98,3.44,3.14,2.35,,Ligue 2,,20191129_Rodez_Le-Havre,-56.72104993298808,1.24,1.17,43.1,56.9
2019-11-29,Valenciennes,Lens,2.0,0.0,6.0,4.0,6.0,6.0,1.0,4.0,5.0,3.0,0.0,2.0,4.75,3.25,1.85,2.33,1.59,0.5,1.96,1.87,4.81,3.35,1.89,,Ligue 2,,20191129_Valenciennes_Lens,-127.77136092323235,0.84,1.48,48.1,51.9
2019-11-30,Sochaux,Troyes,0.0,1.0,2.0,1.0,5.0,4.0,8.0,1.0,3.0,1.0,1.0,0.0,2.7,2.8,3.0,2.79,1.43,0.0,1.84,1.99,2.81,2.78,3.13,,Ligue 2,,20191130_Sochaux_Troyes,-89.19608752089516,1.61,0.99,43.2,56.8
2019-12-02,Caen,Nancy,1.0,0.0,2.0,3.0,8.0,1.0,5.0,3.0,3.0,2.0,0.0,0.0,2.5,2.87,3.2,2.72,1.45,0.0,1.78,2.07,2.73,2.79,3.23,,Ligue 2,,20191202_Caen_Nancy,-32.069826655255156,0.61,0.88,44.9,55.1
2019-12-03,Auxerre,Valenciennes,1.0,1.0,2.0,4.0,9.0,5.0,4.0,8.0,2.0,1.0,0.0,0.0,1.83,3.25,4.75,2.3,1.6,-0.5,1.89,1.94,1.93,3.2,4.92,,Ligue 2,,20191203_Auxerre_Valenciennes,-36.55030551713071,0.7,1.18,49.8,50.2
2019-12-03,Chateauroux,Sochaux,1.0,1.0,5.0,3.0,8.0,7.0,8.0,4.0,2.0,1.0,0.0,0.0,2.7,2.8,2.9,2.79,1.42,0.0,1.83,2.02,2.85,2.78,3.09,,Ligue 2,,20191203_Chateauroux_Sochaux,-4.753972912898234,1.6,1.21,48.5,51.5
2019-12-03,Grenoble,Clermont,1.0,1.0,3.0,3.0,9.0,9.0,4.0,9.0,1.0,3.0,0.0,0.0,3.0,2.87,2.62,2.57,1.49,0.0,1.82,2.04,2.71,2.87,3.16,,Ligue 2,,20191203_Grenoble_Clermont,-14.307981157467566,0.7,0.49,54.8,45.2
2019-12-03,Le Havre,Le Mans,2.0,0.0,6.0,3.0,10.0,11.0,4.0,3.0,1.0,2.0,0.0,0.0,1.61,3.4,6.5,1.79,2.01,-1.0,2.03,1.82,1.6,3.96,6.22,,Ligue 2,,20191203_Le-Havre_Le-Mans,87.84765923418468,1.46,0.05,53.8,46.2
2019-12-03,Lens,Chambly,3.0,0.0,4.0,2.0,5.0,3.0,1.0,1.0,1.0,2.0,0.0,0.0,1.53,3.6,7.5,2.24,1.63,-1.0,1.87,1.97,1.49,4.14,7.96,,Ligue 2,,20191203_Lens_Chambly,125.98420759842156,1.27,1.02,55.7,44.3
2019-12-03,Niort,Ajaccio,0.0,1.0,1.0,5.0,6.0,8.0,3.0,8.0,3.0,1.0,0.0,0.0,3.4,3.0,2.3,2.62,1.47,0.25,1.87,1.97,3.68,2.89,2.4,,Ligue 2,,20191203_Niort_Ajaccio,-96.45885453093638,0.31,0.66,42.6,57.4
2019-12-03,Orleans,Lorient,0.0,4.0,4.0,8.0,6.0,7.0,3.0,3.0,1.0,0.0,0.0,0.0,4.5,3.3,1.85,2.09,1.73,0.5,1.92,1.91,4.41,3.36,1.96,,Ligue 2,,20191203_Orleans_Lorient,-174.54269179855464,0.48,2.01,47.0,53.0
2019-12-03,Paris FC,Guingamp,0.0,3.0,2.0,5.0,8.0,5.0,4.0,5.0,5.0,1.0,0.0,0.0,3.25,2.87,2.45,2.43,1.54,0.25,1.76,2.09,3.23,3.04,2.52,,Ligue 2,,20191203_Paris-FC_Guingamp,12.440436014438546,1.86,0.95,57.1,42.9
2019-12-03,Troyes,Rodez,1.0,0.0,4.0,1.0,6.0,9.0,0.0,5.0,1.0,2.0,0.0,0.0,1.72,3.3,5.5,2.34,1.58,-0.75,1.8,2.05,1.61,3.73,6.63,,Ligue 2,,20191203_Troyes_Rodez,139.80257334786393,1.52,0.45,54.1,45.9
2019-12-13,Chambly,Niort,3.0,2.0,5.0,4.0,6.0,10.0,3.0,2.0,3.0,4.0,0.0,0.0,2.25,2.8,3.8,2.41,1.55,-0.25,1.95,1.88,2.38,2.81,3.79,,Ligue 2,,20191213_Chambly_Niort,12.55033817465096,1.32,1.26,48.9,51.1
2019-12-13,Clermont,Le Havre,2.0,1.0,2.0,3.0,6.0,11.0,6.0,3.0,0.0,1.0,0.0,0.0,2.4,3.0,3.2,2.36,1.57,0.0,1.76,2.09,2.62,3.0,3.08,,Ligue 2,,20191213_Clermont_Le-Havre,-34.844899238481275,0.4,2.07,49.7,50.3
2019-12-13,Le Mans,Orleans,3.0,2.0,5.0,3.0,7.0,9.0,3.0,1.0,2.0,2.0,0.0,0.0,2.5,3.1,2.9,1.76,2.04,0.0,1.88,1.96,2.7,3.27,2.75,,Ligue 2,,20191213_Le-Mans_Orleans,25.31677505920402,1.77,1.98,51.0,49.0
2019-12-13,Lorient,Auxerre,1.0,0.0,5.0,2.0,7.0,11.0,7.0,4.0,3.0,1.0,0.0,0.0,1.5,3.75,7.0,2.09,1.72,-0.75,1.86,1.97,1.68,3.59,6.0,,Ligue 2,,20191213_Lorient_Auxerre,154.93003896188338,1.43,0.99,51.1,48.9
2019-12-13,Nancy,Chateauroux,2.0,1.0,12.0,4.0,10.0,6.0,7.0,3.0,0.0,2.0,0.0,0.0,1.72,3.3,5.5,2.4,1.55,-0.75,1.95,1.88,1.76,3.31,5.87,,Ligue 2,,20191213_Nancy_Chateauroux,14.48259217942541,1.57,1.24,49.8,50.2
2019-12-13,Rodez,Caen,2.0,1.0,5.0,4.0,7.0,3.0,5.0,2.0,1.0,4.0,0.0,0.0,3.2,3.0,2.4,2.45,1.53,0.0,2.07,1.78,3.13,2.89,2.67,,Ligue 2,,20191213_Rodez_Caen,-44.08421353720655,1.62,0.05,49.4,50.6
2019-12-13,Sochaux,Grenoble,1.0,1.0,2.0,5.0,6.0,10.0,2.0,6.0,1.0,3.0,0.0,0.0,2.4,2.87,3.3,3.01,1.37,0.0,1.71,2.16,2.72,2.76,3.24,,Ligue 2,,20191213_Sochaux_Grenoble,-5.229300430601143,1.28,0.89,55.3,44.7
2019-12-13,Valenciennes,Paris FC,1.0,0.0,5.0,1.0,13.0,7.0,10.0,0.0,2.0,1.0,0.0,0.0,2.35,2.9,3.4,2.52,1.5,-0.25,1.97,1.86,2.4,2.85,3.68,,Ligue 2,,20191213_Valenciennes_Paris-FC,-11.957198937384192,1.6,1.19,49.6,50.4
2019-12-14,Ajaccio,Lens,1.0,2.0,2.0,5.0,4.0,7.0,1.0,9.0,2.0,1.0,0.0,0.0,2.87,3.0,2.62,2.6,1.47,0.0,2.02,1.81,3.12,2.78,2.78,,Ligue 2,,20191214_Ajaccio_Lens,-40.2324576213,0.66,2.11,44.1,55.9
2019-12-16,Guingamp,Troyes,0.0,1.0,1.0,3.0,19.0,7.0,10.0,2.0,2.0,2.0,1.0,0.0,2.45,3.0,3.1,2.51,1.5,-0.25,1.91,1.92,2.26,3.04,3.72,,Ligue 2,,20191216_Guingamp_Troyes,-101.68711735074862,0.17,0.27,49.6,50.4
2019-12-20,Auxerre,Nancy,0.0,0.0,5.0,0.0,15.0,4.0,9.0,4.0,3.0,3.0,0.0,1.0,2.55,2.87,3.1,2.48,1.52,-0.25,2.08,1.77,2.51,2.95,3.32,,Ligue 2,,20191220_Auxerre_Nancy,-73.88532315352313,1.03,1.03,41.4,58.6
2019-12-20,Caen,Clermont,0.0,0.0,3.0,1.0,12.0,11.0,7.0,0.0,2.0,1.0,0.0,1.0,3.0,2.87,2.7,2.86,1.41,0.25,1.76,2.08,3.53,2.73,2.57,,Ligue 2,,20191220_Caen_Clermont,-41.06725682296883,1.06,1.23,48.9,51.1
2019-12-20,Chateauroux,Guingamp,1.0,5.0,5.0,10.0,13.0,10.0,6.0,3.0,1.0,1.0,0.0,0.0,3.4,3.3,2.15,2.08,1.73,0.25,1.88,1.94,3.47,3.07,2.35,,Ligue 2,,20191220_Chateauroux_Guingamp,-20.400616335629593,0.68,1.12,49.9,50.1
2019-12-20,Grenoble,Rodez,2.0,1.0,3.0,3.0,4.0,10.0,6.0,8.0,3.0,5.0,0.0,1.0,2.05,2.87,4.33,2.54,1.49,-0.5,2.07,1.76,2.13,2.81,4.69,,Ligue 2,,20191220_Grenoble_Rodez,31.422218196838912,0.39,1.18,52.0,48.0
2019-12-20,Le Havre,Chambly,1.0,1.0,1.0,3.0,6.0,10.0,3.0,4.0,3.0,3.0,0.0,0.0,1.44,4.0,8.0,2.07,1.73,-1.0,1.89,1.93,1.52,4.0,7.47,,Ligue 2,,20191220_Le-Havre_Chambly,77.17775904296627,1.2,0.1,53.6,46.4
2019-12-20,Orleans,Sochaux,1.0,0.0,5.0,1.0,7.0,13.0,5.0,6.0,1.0,2.0,0.0,0.0,2.55,3.0,3.0,2.45,1.53,-0.25,2.12,1.74,2.58,2.9,3.26,,Ligue 2,,20191220_Orleans_Sochaux,-89.1355820819308,1.22,0.8,47.2,52.8
2019-12-20,Valenciennes,Lorient,3.0,0.0,4.0,5.0,4.0,15.0,2.0,6.0,3.0,3.0,1.0,1.0,4.0,3.3,1.95,2.15,1.68,0.5,1.85,1.97,4.15,3.31,2.02,,Ligue 2,,20191220_Valenciennes_Lorient,-115.45992379298059,1.45,1.01,46.4,53.6
2019-12-21,Lens,Niort,1.0,0.0,5.0,1.0,6.0,5.0,5.0,5.0,1.0,3.0,1.0,0.0,1.4,4.2,9.5,1.81,1.98,-1.5,1.93,1.9,1.29,5.36,12.03,,Ligue 2,,20191221_Lens_Niort,176.37756109801603,1.15,1.09,53.8,46.2
2019-12-21,Paris FC,Le Mans,0.0,3.0,3.0,4.0,6.0,6.0,4.0,2.0,3.0,3.0,1.0,0.0,2.25,3.0,3.5,2.22,1.64,0.0,1.75,2.12,2.62,2.91,3.19,,Ligue 2,,20191221_Paris-FC_Le-Mans,29.612315717092088,0.62,0.34,57.5,42.5
2019-12-21,Troyes,Ajaccio,2.0,1.0,8.0,3.0,6.0,5.0,8.0,7.0,2.0,5.0,0.0,0.0,2.1,3.0,4.0,2.84,1.41,-0.25,1.99,1.84,2.53,2.61,3.84,,Ligue 2,,20191221_Troyes_Ajaccio,81.08640730667071,1.25,1.67,44.3,55.7
2020-01-10,Ajaccio,Grenoble,3.0,1.0,6.0,7.0,6.0,1.0,3.0,3.0,2.0,1.0,0.0,0.0,2.0,3.1,4.2,2.49,1.51,-0.5,1.96,1.86,1.98,3.22,4.48,,Ligue 2,,20200110_Ajaccio_Grenoble,17.02977303048965,1.45,0.54,47.9,52.1
2020-01-10,Chambly,Orleans,1.0,0.0,2.0,4.0,9.0,8.0,4.0,5.0,3.0,3.0,0.0,0.0,2.8,3.0,2.7,2.25,1.62,0.0,2.07,1.77,3.13,3.01,2.58,,Ligue 2,,20200110_Chambly_Orleans,39.58192857706376,0.99,0.05,50.8,49.2
2020-01-10,Clermont,Troyes,3.0,2.0,6.0,5.0,7.0,10.0,5.0,7.0,4.0,4.0,0.0,0.0,2.3,2.87,3.5,2.61,1.47,-0.25,2.03,1.81,2.45,2.94,3.43,,Ligue 2,,20200110_Clermont_Troyes,-102.24370723839434,1.88,1.87,43.6,56.4
2020-01-10,Le Mans,Auxerre,0.0,1.0,4.0,7.0,8.0,8.0,5.0,2.0,3.0,2.0,1.0,0.0,3.0,3.2,2.4,2.14,1.69,0.25,1.78,2.06,3.12,3.19,2.47,,Ligue 2,,20200110_Le-Mans_Auxerre,21.45049460498035,0.21,1.72,46.5,53.5
2020-01-10,Nancy,Valenciennes,1.0,0.0,2.0,1.0,4.0,5.0,5.0,4.0,1.0,3.0,0.0,0.0,1.83,3.4,4.5,2.3,1.59,-0.5,1.96,1.86,2.0,3.21,4.43,,Ligue 2,,20200110_Nancy_Valenciennes,2.098871159354303,1.23,1.09,46.2,53.8
2020-01-10,Niort,Le Havre,0.0,1.0,1.0,1.0,7.0,5.0,5.0,5.0,3.0,1.0,0.0,0.0,4.33,3.5,1.83,2.16,1.67,0.25,2.06,1.78,3.77,3.3,2.12,,Ligue 2,,20200110_Niort_Le-Havre,-116.62150106448485,1.72,1.3,42.4,57.6
2020-01-10,Rodez,Chateauroux,1.0,2.0,3.0,5.0,2.0,6.0,5.0,1.0,1.0,5.0,1.0,0.0,2.0,3.2,4.2,2.19,1.66,-0.5,1.96,1.87,1.95,3.41,4.31,,Ligue 2,,20200110_Rodez_Chateauroux,-10.069306733890471,1.12,2.15,49.4,50.6
2020-01-10,Sochaux,Paris FC,1.0,1.0,5.0,5.0,4.0,6.0,3.0,3.0,1.0,4.0,0.0,0.0,1.75,3.25,5.25,2.81,1.41,-0.5,1.87,1.96,1.88,3.16,5.23,,Ligue 2,,20200110_Sochaux_Paris-FC,9.959705717883708,0.05,0.97,58.7,41.3
2020-01-13,Lorient,Caen,2.0,1.0,7.0,4.0,14.0,1.0,8.0,5.0,2.0,1.0,0.0,1.0,1.72,3.5,5.0,2.29,1.61,-0.75,1.92,1.91,1.7,3.47,6.05,,Ligue 2,,20200113_Lorient_Caen,108.61595135829543,1.24,0.53,55.8,44.2
2020-01-18,Guingamp,Lens,1.0,1.0,4.0,2.0,10.0,5.0,7.0,2.0,3.0,2.0,0.0,0.0,2.6,3.2,2.75,2.32,1.59,0.25,1.74,2.12,3.18,3.0,2.55,,Ligue 2,,20200118_Guingamp_Lens,-94.32240074024048,1.72,1.54,44.3,55.7
2020-01-24,Auxerre,Sochaux,2.0,1.0,4.0,4.0,8.0,3.0,9.0,2.0,3.0,2.0,1.0,0.0,2.0,2.8,4.75,2.97,1.38,-0.25,1.79,2.04,2.19,2.8,4.44,,Ligue 2,,20200124_Auxerre_Sochaux,-21.898072791642562,0.51,0.95,58.8,41.2
2020-01-24,Caen,Ajaccio,0.0,1.0,4.0,5.0,3.0,11.0,3.0,9.0,4.0,2.0,1.0,0.0,3.0,2.8,2.7,2.86,1.4,0.0,1.96,1.87,3.08,2.76,2.84,,Ligue 2,,20200124_Caen_Ajaccio,-60.68102837524589,0.94,1.1,45.4,54.6
2020-01-24,Chateauroux,Niort,1.0,1.0,6.0,2.0,11.0,5.0,11.0,3.0,2.0,3.0,0.0,1.0,2.1,3.2,3.6,2.17,1.67,-0.25,1.9,1.93,2.27,3.12,3.6,,Ligue 2,,20200124_Chateauroux_Niort,71.59646595117965,0.17,0.1,58.8,41.2
2020-01-24,Grenoble,Chambly,0.0,0.0,2.0,1.0,7.0,8.0,5.0,5.0,2.0,2.0,0.0,0.0,1.9,3.1,4.5,2.67,1.46,-0.5,2.03,1.8,2.08,2.96,4.53,,Ligue 2,,20200124_Grenoble_Chambly,28.275541030592194,0.92,0.37,46.3,53.7
2020-01-24,Lorient,Nancy,2.0,1.0,5.0,1.0,5.0,3.0,10.0,3.0,0.0,3.0,0.0,0.0,1.57,3.6,6.5,2.25,1.62,-1.0,2.09,1.76,1.58,3.85,6.71,,Ligue 2,,20200124_Lorient_Nancy,78.1051987780586,1.37,0.93,51.9,48.1
2020-01-24,Orleans,Guingamp,2.0,0.0,2.0,3.0,11.0,6.0,6.0,9.0,1.0,1.0,0.0,0.0,3.1,3.2,2.37,1.97,1.82,0.25,1.93,1.89,3.57,3.24,2.22,,Ligue 2,,20200124_Orleans_Guingamp,-103.53210300959631,1.18,1.46,52.5,47.5
2020-01-24,Paris FC,Rodez,0.0,0.0,2.0,1.0,14.0,7.0,10.0,6.0,4.0,4.0,1.0,0.0,2.45,2.75,3.4,2.59,1.48,0.0,1.8,2.03,2.73,2.88,3.06,,Ligue 2,,20200124_Paris-FC_Rodez,24.49547258549751,0.82,0.7,45.4,54.6
2020-01-24,Valenciennes,Le Mans,1.0,0.0,4.0,3.0,12.0,9.0,4.0,3.0,2.0,2.0,0.0,0.0,1.9,3.4,4.2,2.02,1.77,-0.5,1.95,1.87,1.98,3.4,4.17,,Ligue 2,,20200124_Valenciennes_Le-Mans,46.12013693404651,0.92,0.68,47.2,52.8
2020-01-25,Lens,Clermont,1.0,1.0,5.0,5.0,8.0,3.0,4.0,3.0,2.0,2.0,0.0,0.0,1.95,3.1,4.33,2.37,1.57,-0.5,1.84,1.99,1.85,3.36,4.96,,Ligue 2,,20200125_Lens_Clermont,61.14353731173651,0.21,1.87,60.9,39.1
2020-01-27,Le Havre,Troyes,1.0,0.0,3.0,3.0,2.0,10.0,2.0,7.0,2.0,4.0,0.0,0.0,2.3,3.1,3.3,2.32,1.59,-0.5,2.05,1.78,2.07,3.19,4.13,,Ligue 2,,20200127_Le-Havre_Troyes,-71.45891985240928,1.14,1.61,49.7,50.3
2020-01-31,Ajaccio,Chateauroux,0.0,1.0,3.0,2.0,13.0,6.0,8.0,2.0,1.0,2.0,0.0,0.0,1.6,3.6,6.0,2.18,1.66,-1.0,2.03,1.81,1.56,3.78,7.29,,Ligue 2,,20200131_Ajaccio_Chateauroux,72.34162117282744,0.46,1.41,52.7,47.3
2020-01-31,Chambly,Caen,0.0,1.0,1.0,4.0,7.0,7.0,3.0,2.0,1.0,4.0,0.0,0.0,2.75,2.9,2.75,3.07,1.36,0.0,2.02,1.81,3.26,2.68,2.77,,Ligue 2,,20200131_Chambly_Caen,3.450805640181443,0.88,0.9,48.4,51.6
2020-01-31,Clermont,Orleans,3.0,1.0,7.0,6.0,9.0,6.0,4.0,1.0,2.0,4.0,0.0,2.0,1.72,3.5,5.25,2.1,1.71,-0.75,2.01,1.82,1.78,3.5,5.25,,Ligue 2,,20200131_Clermont_Orleans,116.96752403624146,1.24,0.33,53.0,47.0
2020-01-31,Guingamp,Auxerre,1.0,0.0,4.0,2.0,8.0,7.0,6.0,7.0,1.0,2.0,0.0,0.0,2.1,3.25,3.5,2.3,1.6,-0.25,1.88,1.95,2.29,3.0,3.71,,Ligue 2,,20200131_Guingamp_Auxerre,27.796375035014535,0.4,0.31,47.8,52.2
2020-01-31,Le Havre,Lens,0.0,0.0,3.0,2.0,9.0,7.0,7.0,7.0,2.0,1.0,0.0,0.0,2.62,3.1,2.75,2.26,1.61,0.0,1.9,1.92,2.85,2.94,2.87,,Ligue 2,,20200131_Le-Havre_Lens,-44.70026880929572,0.46,0.41,51.5,48.5
2020-01-31,Le Mans,Nancy,1.0,1.0,3.0,4.0,4.0,11.0,3.0,5.0,2.0,2.0,0.0,0.0,2.9,3.2,2.45,2.17,1.66,0.0,1.97,1.86,2.91,2.99,2.77,,Ligue 2,,20200131_Le-Mans_Nancy,-73.143496986444,1.81,0.65,49.3,50.7
2020-01-31,Niort,Paris FC,4.0,4.0,8.0,6.0,5.0,11.0,2.0,7.0,3.0,2.0,0.0,0.0,2.6,2.9,3.0,2.76,1.43,0.0,1.72,2.15,2.51,2.91,3.37,,Ligue 2,,20200131_Niort_Paris-FC,-59.43492026119793,2.12,2.02,42.2,57.8
2020-01-31,Rodez,Valenciennes,1.0,1.0,5.0,2.0,13.0,5.0,3.0,5.0,1.0,0.0,0.0,0.0,2.3,3.2,3.2,2.33,1.58,0.0,1.76,2.09,2.61,3.06,3.03,,Ligue 2,,20200131_Rodez_Valenciennes,-63.53177871662115,1.27,1.12,48.5,51.5
2020-01-31,Troyes,Grenoble,1.0,2.0,2.0,4.0,10.0,6.0,8.0,4.0,5.0,1.0,0.0,0.0,2.0,3.3,4.0,2.52,1.5,-0.5,2.0,1.82,2.04,3.16,4.33,,Ligue 2,,20200131_Troyes_Grenoble,99.13447064109096,0.83,0.05,52.6,47.4
2020-02-01,Sochaux,Lorient,0.0,4.0,2.0,6.0,18.0,4.0,10.0,5.0,4.0,1.0,0.0,0.0,3.6,2.9,2.25,2.51,1.51,0.25,1.86,1.96,3.49,2.95,2.41,,Ligue 2,,20200201_Sochaux_Lorient,-146.35399624737806,0.05,1.96,45.5,54.5
2020-02-03,Grenoble,Le Havre,1.0,1.0,3.0,4.0,5.0,7.0,3.0,4.0,0.0,1.0,0.0,0.0,3.1,2.8,2.55,2.75,1.43,0.0,1.95,1.86,3.04,2.68,2.96,,Ligue 2,,20200203_Grenoble_Le-Havre,-42.744749332807714,0.89,2.13,42.3,57.7
2020-02-04,Auxerre,Clermont,0.0,0.0,3.0,1.0,8.0,10.0,7.0,4.0,2.0,3.0,0.0,0.0,2.7,2.9,2.87,2.54,1.5,0.0,2.0,1.83,2.97,2.93,2.77,,Ligue 2,,20200204_Auxerre_Clermont,-91.32719910331639,0.47,1.38,45.3,54.7
2020-02-04,Caen,Niort,4.0,3.0,4.0,4.0,6.0,7.0,6.0,4.0,2.0,3.0,0.0,1.0,1.85,3.2,4.75,2.35,1.57,-0.75,2.05,1.78,1.79,3.44,5.19,,Ligue 2,,20200204_Caen_Niort,68.61594365355813,1.14,0.84,49.6,50.4
2020-02-04,Chateauroux,Chambly,0.0,3.0,3.0,5.0,7.0,5.0,8.0,4.0,2.0,2.0,1.0,0.0,2.5,2.8,3.25,2.67,1.45,0.0,1.72,2.13,2.72,2.6,3.47,,Ligue 2,,20200204_Chateauroux_Chambly,31.321293403672826,1.38,2.26,58.9,41.1
2020-02-04,Lens,Troyes,1.0,0.0,2.0,2.0,12.0,7.0,8.0,1.0,2.0,3.0,0.0,1.0,1.72,3.25,5.5,2.42,1.54,-0.75,1.99,1.83,1.77,3.35,5.68,,Ligue 2,,20200204_Lens_Troyes,15.907672201534751,0.66,0.5,60.6,39.4
2020-02-04,Lorient,Le Mans,4.0,2.0,11.0,2.0,7.0,3.0,8.0,0.0,1.0,3.0,0.0,0.0,1.36,4.33,10.0,1.7,2.11,-1.25,1.93,1.9,1.42,4.39,8.97,,Ligue 2,,20200204_Lorient_Le-Mans,174.67715115343094,1.96,0.85,49.8,50.2
2020-02-04,Nancy,Sochaux,1.0,1.0,2.0,3.0,6.0,10.0,2.0,6.0,4.0,2.0,0.0,0.0,2.1,2.8,4.2,2.75,1.43,-0.25,1.81,2.02,2.21,2.77,4.43,,Ligue 2,,20200204_Nancy_Sochaux,54.28970961327286,1.19,0.99,54.2,45.8
2020-02-04,Orleans,Rodez,1.0,2.0,7.0,3.0,9.0,5.0,5.0,8.0,1.0,4.0,0.0,0.0,2.37,2.9,3.3,2.17,1.66,-0.25,1.85,1.98,2.21,3.15,3.7,,Ligue 2,,20200204_Orleans_Rodez,-31.284693400477636,0.74,0.97,46.6,53.4
2020-02-04,Paris FC,Ajaccio,2.0,3.0,3.0,5.0,6.0,3.0,3.0,0.0,2.0,2.0,0.0,0.0,3.8,2.9,2.2,2.63,1.47,0.25,1.87,1.95,3.6,2.98,2.35,,Ligue 2,,20200204_Paris-FC_Ajaccio,-67.19621418654037,1.39,0.98,45.6,54.4
2020-02-04,Valenciennes,Guingamp,0.0,0.0,0.0,3.0,7.0,11.0,4.0,8.0,3.0,1.0,1.0,0.0,2.8,3.0,2.62,2.26,1.62,0.0,2.04,1.8,3.08,3.0,2.62,,Ligue 2,,20200204_Valenciennes_Guingamp,-1.2567518220594138,0.29,0.54,57.2,42.8
2020-02-07,Ajaccio,Auxerre,2.0,3.0,5.0,5.0,9.0,5.0,6.0,2.0,1.0,1.0,0.0,0.0,2.1,2.87,4.2,2.65,1.46,-0.25,1.88,1.94,2.29,2.93,3.82,,Ligue 2,,20200207_Ajaccio_Auxerre,81.85538537010507,1.49,0.89,56.2,43.8
2020-02-07,Chambly,Paris FC,1.0,2.0,4.0,6.0,4.0,6.0,0.0,6.0,3.0,2.0,0.0,0.0,3.3,2.8,2.5,2.78,1.42,0.25,1.78,2.06,3.61,2.9,2.39,,Ligue 2,,20200207_Chambly_Paris-FC,15.246011476056765,0.97,1.35,55.6,44.4
2020-02-07,Clermont,Valenciennes,3.0,1.0,3.0,4.0,14.0,9.0,7.0,6.0,2.0,3.0,0.0,0.0,1.72,3.4,5.5,2.18,1.66,-0.75,1.94,1.89,1.69,3.59,5.79,,Ligue 2,,20200207_Clermont_Valenciennes,39.57655606157982,1.06,1.11,50.9,49.1
2020-02-07,Le Havre,Caen,1.0,1.0,4.0,2.0,6.0,7.0,5.0,3.0,3.0,2.0,1.0,1.0,2.1,3.1,4.0,2.79,1.42,-0.25,1.89,1.93,2.29,2.93,3.82,,Ligue 2,,20200207_Le-Havre_Caen,64.60762646622925,2.05,0.48,51.8,48.2
2020-02-07,Niort,Orleans,2.0,0.0,3.0,1.0,8.0,11.0,2.0,3.0,1.0,2.0,0.0,0.0,2.87,3.2,2.45,2.04,1.75,0.0,2.06,1.77,3.02,3.08,2.6,,Ligue 2,,20200207_Niort_Orleans,-4.219253812098032,0.34,0.68,51.9,48.1
2020-02-07,Rodez,Nancy,1.0,1.0,2.0,2.0,13.0,4.0,6.0,1.0,2.0,3.0,0.0,0.0,2.5,3.0,2.8,2.45,1.53,0.0,1.9,1.92,2.89,2.86,2.91,,Ligue 2,,20200207_Rodez_Nancy,-52.28027056804672,0.34,0.72,43.5,56.5
2020-02-07,Sochaux,Le Mans,1.0,0.0,4.0,1.0,5.0,7.0,5.0,2.0,1.0,3.0,1.0,0.0,1.83,3.25,4.75,2.35,1.57,-0.5,1.87,1.94,1.9,3.28,4.82,,Ligue 2,,20200207_Sochaux_Le-Mans,22.163112401910666,1.07,0.61,53.8,46.2
2020-02-07,Troyes,Chateauroux,2.0,0.0,4.0,2.0,7.0,11.0,4.0,3.0,3.0,1.0,0.0,0.0,1.75,3.4,5.0,2.28,1.6,-0.75,2.03,1.8,1.8,3.28,5.56,,Ligue 2,,20200207_Troyes_Chateauroux,92.5529301778547,0.99,0.41,59.3,40.7
2020-02-08,Guingamp,Lorient,2.0,1.0,7.0,8.0,11.0,8.0,6.0,6.0,2.0,0.0,0.0,0.0,3.1,3.0,2.4,2.18,1.66,0.25,1.79,2.05,3.32,3.01,2.47,,Ligue 2,,20200208_Guingamp_Lorient,-117.59931180989292,0.81,1.55,51.4,48.6
2020-02-10,Lens,Grenoble,0.0,0.0,2.0,2.0,3.0,6.0,6.0,2.0,2.0,2.0,0.0,0.0,1.66,3.5,5.5,2.41,1.54,-0.75,1.92,1.91,1.72,3.26,6.48,,Ligue 2,,20200210_Lens_Grenoble,94.35616278187831,0.39,0.28,52.3,47.7
2020-02-14,Auxerre,Chambly,0.0,0.0,3.0,1.0,2.0,7.0,3.0,3.0,2.0,3.0,0.0,0.0,1.72,3.1,6.0,2.61,1.47,-0.75,2.01,1.81,1.77,3.09,6.62,,Ligue 2,,20200214_Auxerre_Chambly,16.81234294890146,0.27,0.93,53.5,46.5
2020-02-14,Caen,Troyes,0.0,1.0,3.0,4.0,9.0,10.0,5.0,3.0,0.0,1.0,0.0,0.0,2.62,2.87,3.1,2.63,1.47,0.0,1.85,1.98,2.93,2.67,3.09,,Ligue 2,,20200214_Caen_Troyes,-87.01812368856508,0.35,1.13,46.2,53.8
2020-02-14,Grenoble,Niort,3.0,1.0,6.0,4.0,7.0,6.0,4.0,5.0,1.0,2.0,0.0,0.0,1.72,3.2,5.75,2.36,1.57,-0.75,2.03,1.81,1.79,3.33,5.53,,Ligue 2,,20200214_Grenoble_Niort,103.7729701728158,2.76,1.13,54.7,45.3
2020-02-14,Le Mans,Rodez,0.0,0.0,2.0,0.0,14.0,6.0,1.0,4.0,1.0,2.0,0.0,0.0,2.5,3.0,3.0,2.23,1.63,0.0,1.79,2.05,2.75,2.9,3.02,,Ligue 2,,20200214_Le-Mans_Rodez,-33.480318602512625,1.23,1.28,52.5,47.5
2020-02-14,Orleans,Ajaccio,0.0,3.0,1.0,4.0,6.0,5.0,2.0,3.0,1.0,1.0,0.0,0.0,3.6,2.9,2.25,2.22,1.63,0.25,1.74,2.12,2.95,3.13,2.63,,Ligue 2,,20200214_Orleans_Ajaccio,-135.08362092949233,0.36,0.79,47.4,52.6
2020-02-14,Paris FC,Le Havre,1.0,0.0,2.0,4.0,2.0,7.0,2.0,4.0,0.0,3.0,0.0,0.0,3.5,2.87,2.3,2.62,1.47,0.25,1.79,2.04,3.46,2.9,2.46,,Ligue 2,,20200214_Paris-FC_Le-Havre,-82.4904080816707,1.72,0.57,52.3,47.7
2020-02-14,Valenciennes,Sochaux,3.0,2.0,7.0,5.0,5.0,5.0,7.0,4.0,3.0,1.0,0.0,0.0,2.5,3.0,3.0,2.66,1.46,0.0,1.76,2.1,2.71,2.87,3.1,,Ligue 2,,20200214_Valenciennes_Sochaux,24.727419138857385,1.54,0.93,52.3,47.7
2020-02-15,Lorient,Clermont,0.0,1.0,4.0,2.0,7.0,9.0,12.0,3.0,5.0,5.0,1.0,0.0,1.9,3.0,4.75,2.15,1.68,-0.5,1.8,2.03,1.82,3.36,5.19,,Ligue 2,,20200215_Lorient_Clermont,52.640323151332495,0.8,1.34,57.2,42.8
2020-02-15,Nancy,Guingamp,0.0,1.0,1.0,6.0,9.0,7.0,7.0,4.0,3.0,2.0,0.0,0.0,2.5,3.0,3.0,2.42,1.54,0.0,1.87,1.95,2.9,2.73,3.05,,Ligue 2,,20200215_Nancy_Guingamp,-14.907732997108269,1.04,1.55,48.5,51.5
2020-02-17,Chateauroux,Lens,3.0,2.0,4.0,8.0,2.0,13.0,3.0,6.0,4.0,1.0,0.0,0.0,5.5,3.2,1.75,2.41,1.54,0.75,1.87,1.95,5.82,3.2,1.8,,Ligue 2,,20200217_Chateauroux_Lens,-137.05824975580026,1.9,1.99,46.4,53.6
2020-02-21,Ajaccio,Le Mans,2.0,0.0,4.0,1.0,7.0,4.0,3.0,1.0,1.0,2.0,0.0,0.0,1.57,3.75,7.0,2.16,1.67,-0.75,1.78,2.06,1.61,3.65,6.81,,Ligue 2,,20200221_Ajaccio_Le-Mans,107.89985735649816,0.87,1.07,52.4,47.6
2020-02-21,Chambly,Nancy,2.0,1.0,8.0,1.0,10.0,8.0,6.0,3.0,2.0,1.0,0.0,0.0,3.25,2.62,2.62,2.93,1.38,0.0,2.08,1.77,3.3,2.62,2.81,,Ligue 2,,20200221_Chambly_Nancy,-37.72968474502295,1.44,1.51,56.9,43.1
2020-02-21,Clermont,Paris FC,0.0,1.0,4.0,2.0,10.0,10.0,5.0,3.0,2.0,1.0,0.0,0.0,1.75,3.3,5.25,2.26,1.61,-0.75,2.0,1.83,1.75,3.39,5.79,,Ligue 2,,20200221_Clermont_Paris-FC,87.0363358820332,2.04,1.27,55.1,44.9
2020-02-21,Grenoble,Chateauroux,0.0,1.0,5.0,3.0,12.0,4.0,11.0,1.0,0.0,2.0,0.0,0.0,1.85,3.0,5.5,2.32,1.58,-0.5,1.91,1.91,1.95,3.04,5.09,,Ligue 2,,20200221_Grenoble_Chateauroux,41.08040219550821,0.2,1.06,51.5,48.5
2020-02-21,Guingamp,Sochaux,1.0,1.0,5.0,2.0,6.0,4.0,5.0,2.0,3.0,0.0,0.0,0.0,1.83,3.2,5.0,2.42,1.54,-0.5,1.9,1.92,1.95,3.13,4.89,,Ligue 2,,20200221_Guingamp_Sochaux,75.08253466746146,0.53,0.19,50.9,49.1
2020-02-21,Le Havre,Orleans,1.0,2.0,7.0,5.0,6.0,7.0,9.0,5.0,0.0,3.0,0.0,0.0,1.66,3.5,5.75,2.22,1.63,-0.75,1.96,1.87,1.75,3.49,5.46,,Ligue 2,,20200221_Le-Havre_Orleans,151.0241090883544,0.94,1.0,54.3,45.7
2020-02-21,Niort,Valenciennes,1.0,0.0,5.0,2.0,11.0,4.0,2.0,6.0,1.0,2.0,0.0,0.0,2.87,2.87,2.75,2.15,1.68,0.0,1.94,1.88,2.87,2.99,2.81,,Ligue 2,,20200221_Niort_Valenciennes,-102.54258671092907,0.84,1.35,50.5,49.5
2020-02-21,Rodez,Lorient,0.0,1.0,1.0,2.0,9.0,8.0,5.0,4.0,1.0,2.0,0.0,0.0,4.5,3.25,1.85,2.08,1.73,0.5,1.86,1.96,4.23,3.28,2.01,,Ligue 2,,20200221_Rodez_Lorient,-136.72455990492722,1.45,0.55,45.2,54.8
2020-02-22,Lens,Caen,1.0,4.0,1.0,7.0,9.0,1.0,2.0,2.0,5.0,2.0,1.0,0.0,1.57,3.5,7.0,2.38,1.56,-0.75,1.79,2.06,1.61,3.51,7.41,,Ligue 2,,20200222_Lens_Caen,106.32287645746942,1.9,1.1,55.5,44.5
2020-02-24,Troyes,Auxerre,3.0,1.0,7.0,6.0,11.0,12.0,5.0,8.0,2.0,2.0,0.0,1.0,2.25,2.9,3.6,2.75,1.43,-0.25,2.07,1.77,2.56,2.84,3.36,,Ligue 2,,20200224_Troyes_Auxerre,111.94326089960305,1.3,1.23,49.7,50.3
2020-02-28,Auxerre,Niort,3.0,1.0,6.0,1.0,11.0,6.0,1.0,4.0,1.0,2.0,0.0,0.0,1.66,3.4,6.0,2.13,1.7,-0.75,1.99,1.85,1.77,3.42,5.45,,Ligue 2,,20200228_Auxerre_Niort,46.94217029937772,2.4,0.63,50.5,49.5
2020-02-28,Caen,Grenoble,2.0,0.0,5.0,3.0,8.0,15.0,2.0,9.0,1.0,2.0,0.0,0.0,2.62,2.87,3.0,2.48,1.52,0.0,1.75,2.11,2.63,2.83,3.27,,Ligue 2,,20200228_Caen_Grenoble,-14.376266379573053,1.3,1.56,48.8,51.2
2020-02-28,Chateauroux,Le Havre,0.0,3.0,3.0,7.0,8.0,4.0,9.0,1.0,1.0,1.0,0.0,0.0,4.2,3.1,2.0,2.3,1.6,0.5,1.81,2.02,4.15,3.25,2.04,,Ligue 2,,20200228_Chateauroux_Le-Havre,-21.861540256866874,1.69,1.95,44.7,55.3
2020-02-28,Le Mans,Guingamp,2.0,1.0,5.0,4.0,15.0,12.0,6.0,5.0,2.0,0.0,0.0,0.0,3.8,3.2,2.05,2.16,1.68,0.25,2.03,1.8,3.77,3.25,2.14,,Ligue 2,,20200228_Le-Mans_Guingamp,-113.25156406471888,0.52,1.07,52.8,47.2
2020-02-28,Nancy,Clermont,1.0,2.0,2.0,4.0,12.0,7.0,4.0,6.0,4.0,2.0,1.0,1.0,2.9,2.87,2.7,2.46,1.53,0.0,2.04,1.8,3.07,2.89,2.72,,Ligue 2,,20200228_Nancy_Clermont,-71.68291270981513,0.28,1.09,45.5,54.5
2020-02-28,Orleans,Troyes,0.0,2.0,4.0,5.0,13.0,4.0,6.0,4.0,1.0,2.0,0.0,0.0,3.4,2.9,2.3,2.27,1.62,0.0,1.99,1.84,2.84,3.18,2.67,,Ligue 2,,20200228_Orleans_Troyes,-193.05072531950486,0.05,2.08,44.9,55.1
2020-02-28,Sochaux,Rodez,1.0,1.0,4.0,3.0,8.0,3.0,2.0,1.0,2.0,2.0,0.0,0.0,2.15,2.9,4.0,2.79,1.42,-0.25,1.91,1.92,2.34,2.85,3.83,,Ligue 2,,20200228_Sochaux_Rodez,11.220201235000786,0.98,0.89,50.9,49.1
2020-02-28,Valenciennes,Ajaccio,0.0,0.0,4.0,6.0,10.0,11.0,10.0,5.0,2.0,1.0,0.0,0.0,3.2,2.9,2.45,2.45,1.53,0.25,1.81,2.03,3.45,2.95,2.44,,Ligue 2,,20200228_Valenciennes_Ajaccio,-52.37459864949915,0.37,1.62,38.7,61.3
2020-02-29,Lorient,Chambly,1.0,2.0,4.0,2.0,3.0,4.0,1.0,0.0,1.0,1.0,0.0,0.0,1.5,3.75,8.5,2.09,1.72,-1.0,1.82,2.01,1.48,3.97,8.86,,Ligue 2,,20200229_Lorient_Chambly,130.30019331707672,0.7,1.89,50.0,50.0
2020-03-02,Paris FC,Lens,0.0,2.0,0.0,5.0,2.0,6.0,1.0,2.0,2.0,3.0,0.0,0.0,4.0,3.0,2.1,2.55,1.49,0.25,2.01,1.83,3.85,3.04,2.22,,Ligue 2,,20200302_Paris-FC_Lens,-74.25873705904951,0.66,0.6,49.7,50.3
2020-03-06,Chambly,Le Mans,2.0,2.0,5.0,6.0,2.0,6.0,2.0,7.0,2.0,4.0,1.0,1.0,2.2,3.0,3.6,2.26,1.62,-0.25,1.97,1.86,2.31,3.16,3.44,,Ligue 2,,20200306_Chambly_Le-Mans,54.01694064782964,0.56,1.18,55.9,44.1
2020-03-06,Chateauroux,Caen,2.0,1.0,7.0,6.0,9.0,5.0,3.0,6.0,2.0,1.0,0.0,0.0,3.4,2.9,2.37,2.34,1.58,0.25,1.89,1.93,3.62,2.97,2.34,,Ligue 2,,20200306_Chateauroux_Caen,-23.621732419803266,0.77,0.65,42.5,57.5
2020-03-06,Clermont,Sochaux,2.0,0.0,3.0,3.0,3.0,11.0,4.0,6.0,1.0,1.0,0.0,0.0,1.83,3.25,4.75,2.77,1.43,-0.5,2.05,1.78,2.1,3.04,4.25,,Ligue 2,,20200306_Clermont_Sochaux,102.981304174358,2.16,0.64,52.1,47.9
2020-03-06,Grenoble,Valenciennes,1.0,3.0,5.0,8.0,13.0,1.0,11.0,1.0,2.0,1.0,0.0,0.0,2.05,3.0,4.1,2.38,1.56,-0.25,1.76,2.09,2.1,3.09,4.18,,Ligue 2,,20200306_Grenoble_Valenciennes,6.00622300038367,0.81,1.11,47.2,52.8
2020-03-06,Le Havre,Auxerre,1.0,0.0,1.0,1.0,9.0,8.0,7.0,4.0,1.0,1.0,0.0,1.0,2.15,3.1,3.8,2.4,1.55,-0.25,1.84,1.98,2.22,3.01,3.9,,Ligue 2,,20200306_Le-Havre_Auxerre,53.476807366935645,1.27,0.74,48.4,51.6
2020-03-06,Niort,Nancy,1.0,1.0,4.0,1.0,7.0,3.0,5.0,5.0,2.0,3.0,0.0,0.0,2.87,2.9,2.75,2.28,1.61,0.0,2.05,1.79,3.07,2.93,2.69,,Ligue 2,,20200306_Niort_Nancy,-64.8137673625688,1.09,1.26,43.5,56.5
2020-03-06,Rodez,Guingamp,2.0,1.0,5.0,8.0,2.0,16.0,6.0,10.0,4.0,1.0,0.0,0.0,3.0,3.0,2.5,2.26,1.61,0.0,2.08,1.77,3.1,3.1,2.53,,Ligue 2,,20200306_Rodez_Guingamp,-65.02940217990727,1.23,0.93,43.5,56.5
2020-03-06,Troyes,Paris FC,1.0,1.0,5.0,3.0,6.0,3.0,7.0,3.0,2.0,3.0,0.0,1.0,1.61,3.6,6.0,2.46,1.53,-0.75,1.97,1.86,1.74,3.46,5.69,,Ligue 2,,20200306_Troyes_Paris-FC,112.3061231245556,0.46,1.01,56.4,43.6
2020-03-07,Ajaccio,Lorient,1.0,0.0,5.0,1.0,3.0,5.0,4.0,4.0,2.0,0.0,0.0,0.0,3.1,3.0,2.45,2.3,1.6,0.0,2.11,1.75,3.14,2.95,2.61,,Ligue 2,,20200307_Ajaccio_Lorient,-44.612770211074576,0.66,0.74,44.4,55.6
2020-03-09,Lens,Orleans,1.0,0.0,3.0,2.0,4.0,3.0,6.0,1.0,1.0,2.0,0.0,0.0,1.53,3.8,6.5,1.95,1.83,-1.0,1.95,1.87,1.55,4.08,6.63,,Ligue 2,,20200309_Lens_Orleans,185.83670540830212,1.14,0.09,55.2,44.8
2020-08-22,Ajaccio,Chateauroux,0.0,1.0,1.0,1.0,7.0,3.0,2.0,2.0,0.0,1.0,0.0,0.0,1.65,3.6,5.25,2.36,1.57,-0.75,1.98,1.86,1.78,3.29,5.53,,Ligue 2,,20200822_Ajaccio_Chateauroux,56.50095892502782,0.86,0.28,50.4,49.6
2020-08-22,Amiens,Nancy,1.0,0.0,6.0,0.0,7.0,7.0,4.0,3.0,2.0,3.0,1.0,0.0,2.1,3.4,3.4,2.36,1.57,-0.25,2.01,1.83,2.42,3.03,3.3,,Ligue 2,,20200822_Amiens_Nancy,27.43258429431353,2.33,1.09,56.8,43.2
2020-08-22,Auxerre,Sochaux,0.0,2.0,1.0,4.0,2.0,11.0,4.0,6.0,2.0,1.0,1.0,0.0,2.0,3.2,4.0,3.16,1.34,-0.5,2.09,1.76,2.09,2.92,4.44,,Ligue 2,,20200822_Auxerre_Sochaux,13.462681947844885,0.98,0.66,55.9,44.1
2020-08-22,Chambly,Paris FC,0.0,3.0,0.0,8.0,6.0,2.0,1.0,2.0,2.0,2.0,0.0,1.0,2.7,3.0,2.8,2.8,1.41,0.0,1.74,2.11,2.62,2.81,3.25,,Ligue 2,,20200822_Chambly_Paris-FC,-5.495584850219302,0.58,1.81,48.1,51.9
2020-08-22,Clermont,Caen,0.0,0.0,3.0,4.0,9.0,5.0,6.0,7.0,0.0,0.0,0.0,0.0,2.15,3.1,3.6,2.44,1.54,-0.5,2.04,1.8,2.04,3.18,4.15,,Ligue 2,,20200822_Clermont_Caen,76.50821561928728,0.7,0.66,54.6,45.4
2020-08-22,Guingamp,Niort,0.0,1.0,3.0,4.0,8.0,10.0,5.0,4.0,1.0,2.0,0.0,0.0,1.53,3.8,6.5,2.07,1.74,-0.75,1.87,1.96,1.68,3.64,5.6,,Ligue 2,,20200822_Guingamp_Niort,90.78362927819876,0.8,1.04,68.1,31.9
2020-08-22,Rodez,Grenoble,1.0,0.0,4.0,4.0,2.0,10.0,5.0,3.0,3.0,2.0,0.0,0.0,2.25,3.0,3.5,2.51,1.51,0.0,2.06,1.79,3.12,2.96,2.58,,Ligue 2,,20200822_Rodez_Grenoble,-21.23304391583588,0.66,1.24,48.0,52.0
2020-08-22,Toulouse,Dunkerque,0.0,1.0,2.0,5.0,12.0,5.0,8.0,2.0,1.0,1.0,0.0,0.0,1.65,3.4,6.0,2.25,1.62,-0.25,1.76,2.09,2.09,3.21,3.91,,Ligue 2,,20200822_Toulouse_Dunkerque,0.0,0.57,0.2,42.9,57.1
2020-08-22,Valenciennes,Pau FC,3.0,0.0,6.0,4.0,8.0,8.0,4.0,2.0,2.0,2.0,0.0,1.0,1.9,3.3,4.33,2.4,1.56,0.0,1.78,2.08,2.6,3.09,2.96,,Ligue 2,,20200822_Valenciennes_Pau-FC,6.015844132881057,0.56,1.19,44.4,55.6
2020-08-24,Troyes,Le Havre,2.0,0.0,8.0,0.0,9.0,1.0,2.0,1.0,1.0,2.0,0.0,2.0,2.05,3.2,3.8,2.5,1.51,-0.25,1.96,1.88,2.32,2.99,3.5,,Ligue 2,,20200824_Troyes_Le-Havre,56.62861226100267,1.88,1.91,57.7,42.3
2020-08-29,Caen,Ajaccio,1.0,0.0,3.0,3.0,3.0,4.0,4.0,1.0,0.0,4.0,0.0,0.0,2.45,2.9,3.1,2.99,1.37,-0.25,1.93,1.91,2.28,2.9,3.72,,Ligue 2,,20200829_Caen_Ajaccio,-41.973397797933785,0.05,0.89,38.2,61.8
2020-08-29,Chateauroux,Auxerre,1.0,2.0,3.0,8.0,10.0,12.0,3.0,7.0,0.0,1.0,0.0,0.0,3.2,3.0,2.37,2.38,1.56,0.0,2.08,1.78,2.87,3.0,2.7,,Ligue 2,,20200829_Chateauroux_Auxerre,58.504658417057044,2.11,1.37,49.3,50.7
2020-08-29,Dunkerque,Clermont,1.0,1.0,2.0,4.0,2.0,13.0,2.0,10.0,1.0,2.0,0.0,0.0,2.87,3.0,2.6,2.47,1.52,0.0,1.99,1.85,2.95,2.86,2.75,,Ligue 2,,20200829_Dunkerque_Clermont,-59.52388984047457,0.86,1.45,38.7,61.3
2020-08-29,Grenoble,Toulouse,5.0,3.0,8.0,7.0,6.0,11.0,7.0,3.0,1.0,3.0,0.0,0.0,2.25,3.0,3.5,2.35,1.57,-0.25,1.9,1.94,2.26,3.03,3.58,,Ligue 2,,20200829_Grenoble_Toulouse,-13.125238438893348,2.59,0.71,56.9,43.1
2020-08-29,Le Havre,Amiens,1.0,0.0,1.0,5.0,2.0,8.0,3.0,4.0,3.0,4.0,1.0,1.0,2.2,3.1,3.5,2.47,1.52,0.0,1.71,2.17,2.51,2.93,3.2,,Ligue 2,,20200829_Le-Havre_Amiens,20.214235262660623,0.38,0.54,50.3,49.7
2020-08-29,Nancy,Guingamp,2.0,2.0,4.0,3.0,8.0,6.0,7.0,8.0,4.0,1.0,0.0,0.0,2.8,2.87,2.8,2.44,1.54,0.0,1.88,1.95,2.81,2.91,2.83,,Ligue 2,,20200829_Nancy_Guingamp,-26.384200246114915,0.47,0.69,44.1,55.9
2020-08-29,Niort,Chambly,1.0,1.0,5.0,1.0,11.0,2.0,4.0,1.0,2.0,2.0,0.0,0.0,2.3,2.9,3.5,2.64,1.46,-0.25,1.96,1.87,2.35,2.94,3.49,,Ligue 2,,20200829_Niort_Chambly,-48.5994442299027,0.98,0.31,47.9,52.1
2020-08-29,Paris FC,Valenciennes,1.0,0.0,3.0,2.0,12.0,5.0,5.0,2.0,3.0,2.0,0.0,0.0,2.3,3.1,3.25,2.19,1.66,-0.25,1.92,1.92,2.24,3.08,3.55,,Ligue 2,,20200829_Paris-FC_Valenciennes,-12.846953016670795,0.4,1.53,54.5,45.5
2020-08-29,Pau FC,Rodez,1.0,1.0,4.0,3.0,10.0,3.0,8.0,3.0,2.0,3.0,0.0,0.0,2.45,3.0,3.1,2.53,1.51,-0.25,1.99,1.85,2.36,2.96,3.44,,Ligue 2,,20200829_Pau-FC_Rodez,9.10113806496156,0.05,0.14,44.0,56.0
2020-08-29,Sochaux,Troyes,2.0,1.0,3.0,5.0,3.0,11.0,7.0,6.0,1.0,2.0,0.0,0.0,2.8,3.0,2.7,2.86,1.41,0.0,1.95,1.88,2.96,2.74,2.87,,Ligue 2,,20200829_Sochaux_Troyes,-141.49945542473142,0.86,1.42,49.6,50.4
2020-09-12,Amiens,Paris FC,1.0,2.0,1.0,6.0,8.0,3.0,3.0,4.0,3.0,3.0,0.0,0.0,2.2,3.1,3.5,2.34,1.58,-0.25,1.97,1.87,2.36,3.19,3.37,,Ligue 2,,20200912_Amiens_Paris-FC,-17.652783506358446,0.66,1.23,49.5,50.5
2020-09-12,Auxerre,Clermont,0.0,1.0,1.0,3.0,7.0,11.0,4.0,3.0,0.0,2.0,0.0,0.0,2.5,3.1,2.9,2.52,1.5,0.0,1.85,1.98,2.77,2.9,3.06,,Ligue 2,,20200912_Auxerre_Clermont,-100.43253826073465,0.55,0.9,47.6,52.4
2020-09-12,Chambly,Grenoble,1.0,2.0,3.0,3.0,4.0,9.0,3.0,5.0,0.0,1.0,0.0,0.0,3.1,3.1,2.37,2.55,1.5,0.25,1.84,2.0,3.54,2.89,2.47,,Ligue 2,,20200912_Chambly_Grenoble,-13.150441120611049,1.42,1.01,49.2,50.8
2020-09-12,Guingamp,Le Havre,1.0,3.0,4.0,3.0,16.0,1.0,5.0,2.0,3.0,5.0,0.0,0.0,2.05,3.2,3.8,2.38,1.56,-0.25,1.82,2.03,2.18,3.04,3.96,,Ligue 2,,20200912_Guingamp_Le-Havre,-55.58371370670875,0.6,1.71,52.4,47.6
2020-09-12,Niort,Nancy,1.0,0.0,4.0,2.0,8.0,7.0,0.0,4.0,4.0,2.0,0.0,0.0,2.7,3.2,2.62,2.46,1.53,0.0,2.0,1.83,3.12,2.87,2.75,,Ligue 2,,20200912_Niort_Nancy,-33.509074580330434,1.63,1.42,45.3,54.7
2020-09-12,Rodez,Caen,0.0,3.0,1.0,8.0,8.0,4.0,6.0,3.0,2.0,3.0,1.0,0.0,2.8,3.2,2.5,2.53,1.5,0.0,1.94,1.89,2.96,2.83,2.93,,Ligue 2,,20200912_Rodez_Caen,-34.238679976363755,1.14,2.09,48.6,51.4
2020-09-12,Troyes,Pau FC,2.0,0.0,7.0,1.0,7.0,8.0,10.0,0.0,2.0,4.0,0.0,1.0,1.83,3.25,4.75,2.38,1.56,-0.5,1.92,1.91,1.93,3.34,4.6,,Ligue 2,,20200912_Troyes_Pau-FC,103.49253661079206,1.22,0.72,54.6,45.4
2020-09-12,Valenciennes,Chateauroux,1.0,0.0,4.0,1.0,12.0,8.0,6.0,3.0,1.0,3.0,0.0,1.0,2.15,3.1,3.6,2.15,1.68,-0.25,1.79,2.06,2.14,3.31,3.79,,Ligue 2,,20200912_Valenciennes_Chateauroux,5.808149356183776,0.4,0.73,49.3,50.7
2020-09-14,Toulouse,Sochaux,0.0,0.0,3.0,1.0,12.0,4.0,3.0,7.0,3.0,5.0,0.0,0.0,2.2,3.2,3.3,2.48,1.52,-0.25,2.06,1.79,2.44,3.0,3.45,,Ligue 2,,20200914_Toulouse_Sochaux,-7.607299909230733,1.45,0.6,47.5,52.5
2020-09-19,Caen,Chambly,0.0,0.0,1.0,2.0,5.0,7.0,3.0,4.0,5.0,3.0,1.0,0.0,1.8,3.0,4.75,2.33,1.59,-0.75,1.87,1.96,1.66,3.78,5.9,,Ligue 2,,20200919_Caen_Chambly,61.8494046012313,0.2,0.14,49.7,50.3
2020-09-19,Chateauroux,Amiens,0.0,0.0,1.0,3.0,1.0,7.0,0.0,8.0,0.0,3.0,1.0,0.0,3.1,2.8,2.37,2.38,1.57,0.25,1.85,1.99,3.52,2.99,2.41,,Ligue 2,,20200919_Chateauroux_Amiens,-0.6040384154614458,0.59,0.69,54.3,45.7
2020-09-19,Clermont,Toulouse,1.0,1.0,4.0,5.0,8.0,6.0,8.0,1.0,2.0,1.0,1.0,1.0,2.0,3.0,4.0,2.31,1.6,-0.5,1.95,1.88,1.98,3.39,4.24,,Ligue 2,,20200919_Clermont_Toulouse,102.30297580955562,1.5,1.05,52.2,47.8
2020-09-19,Dunkerque,Valenciennes,1.0,0.0,2.0,2.0,4.0,4.0,2.0,6.0,1.0,4.0,0.0,0.0,3.6,2.9,2.25,2.42,1.55,0.0,1.83,2.0,2.68,2.99,3.08,,Ligue 2,,20200919_Dunkerque_Valenciennes,-3.127980265360293,1.53,0.47,52.8,47.2
2020-09-19,Grenoble,Ajaccio,2.0,0.0,2.0,3.0,6.0,8.0,1.0,4.0,0.0,0.0,0.0,0.0,2.15,2.9,3.4,2.43,1.54,-0.25,1.81,2.04,2.16,3.28,3.77,,Ligue 2,,20200919_Grenoble_Ajaccio,-29.873680866978475,0.95,0.27,46.9,53.1
2020-09-19,Le Havre,Niort,0.0,1.0,4.0,3.0,8.0,11.0,5.0,3.0,2.0,3.0,1.0,0.0,1.8,3.4,4.0,2.35,1.58,-0.5,2.02,1.82,2.06,3.18,4.26,,Ligue 2,,20200919_Le-Havre_Niort,110.60056010868266,1.43,0.62,58.3,41.7
2020-09-19,Paris FC,Nancy,0.0,2.0,3.0,5.0,10.0,5.0,6.0,0.0,2.0,4.0,0.0,0.0,2.05,2.87,3.75,2.47,1.53,-0.25,1.92,1.92,2.33,3.17,3.48,,Ligue 2,,20200919_Paris-FC_Nancy,79.52678379831377,0.24,2.11,52.7,47.3
2020-09-19,Pau FC,Guingamp,0.0,1.0,1.0,4.0,10.0,7.0,5.0,8.0,6.0,1.0,0.0,0.0,3.6,2.87,2.15,2.39,1.56,0.0,2.12,1.74,3.14,2.99,2.63,,Ligue 2,,20200919_Pau-FC_Guingamp,2.4747046864624735,1.04,0.86,50.5,49.5
2020-09-19,Sochaux,Rodez,2.0,2.0,5.0,2.0,10.0,6.0,6.0,1.0,2.0,1.0,0.0,0.0,2.05,2.9,3.8,2.93,1.39,-0.25,2.06,1.79,2.72,2.78,3.27,,Ligue 2,,20200919_Sochaux_Rodez,14.291840772327078,0.71,0.79,48.6,51.4
2020-09-21,Auxerre,Troyes,2.0,1.0,3.0,5.0,6.0,14.0,3.0,6.0,1.0,3.0,0.0,0.0,2.62,2.87,2.75,2.69,1.45,0.0,1.87,1.96,2.87,2.8,3.05,,Ligue 2,,20200921_Auxerre_Troyes,-139.48294674797785,1.25,1.15,48.2,51.8
2020-09-26,Ajaccio,Sochaux,1.0,1.0,5.0,3.0,8.0,6.0,3.0,4.0,2.0,1.0,0.0,0.0,2.25,2.75,4.0,3.0,1.37,-0.25,1.97,1.86,2.49,2.57,4.13,,Ligue 2,,20200926_Ajaccio_Sochaux,33.32017161432714,0.73,0.69,47.0,53.0
2020-09-26,Amiens,Pau FC,0.0,0.0,2.0,2.0,9.0,4.0,4.0,3.0,3.0,4.0,0.0,0.0,1.85,3.1,4.75,2.58,1.48,-0.5,1.95,1.88,2.01,3.14,4.55,,Ligue 2,,20200926_Amiens_Pau-FC,21.05976003284877,0.51,1.57,52.4,47.6
2020-09-26,Chambly,Chateauroux,2.0,1.0,6.0,5.0,3.0,10.0,1.0,3.0,0.0,3.0,1.0,0.0,2.25,2.87,3.75,2.65,1.46,-0.25,2.0,1.83,2.43,2.81,3.75,,Ligue 2,,20200926_Chambly_Chateauroux,-23.032532440103296,1.91,1.47,48.3,51.7
2020-09-26,Guingamp,Grenoble,1.0,0.0,3.0,2.0,8.0,7.0,4.0,3.0,1.0,2.0,0.0,0.0,2.3,2.75,3.6,2.11,1.72,-0.5,2.01,1.82,2.04,3.33,4.12,,Ligue 2,,20200926_Guingamp_Grenoble,-22.926495437164704,1.06,0.88,50.9,49.1
2020-09-26,Nancy,Le Havre,0.0,1.0,2.0,3.0,9.0,8.0,5.0,3.0,2.0,2.0,0.0,0.0,2.3,2.87,3.6,2.47,1.53,-0.25,2.07,1.78,2.57,2.94,3.3,,Ligue 2,,20200926_Nancy_Le-Havre,-73.00329150046537,0.6,1.27,46.7,53.3
2020-09-26,Niort,Paris FC,2.0,2.0,4.0,5.0,5.0,10.0,1.0,5.0,4.0,2.0,1.0,1.0,2.62,2.8,3.0,2.44,1.54,0.0,2.09,1.76,3.21,2.97,2.6,,Ligue 2,,20200926_Niort_Paris-FC,-56.332515783191866,0.32,1.34,43.7,56.3
2020-09-26,Rodez,Dunkerque,2.0,1.0,7.0,2.0,6.0,4.0,1.0,2.0,3.0,2.0,0.0,0.0,2.6,2.75,3.1,2.58,1.48,-0.25,2.1,1.76,2.6,2.8,3.43,,Ligue 2,,20200926_Rodez_Dunkerque,-57.051050215221494,0.64,1.8,46.8,53.2
2020-09-26,Toulouse,Auxerre,3.0,1.0,7.0,4.0,9.0,14.0,5.0,5.0,2.0,1.0,0.0,0.0,2.3,2.75,3.6,2.53,1.5,-0.25,2.1,1.75,2.63,2.96,3.17,,Ligue 2,,20200926_Toulouse_Auxerre,2.2392281947365973,1.96,0.68,50.3,49.7
2020-09-26,Valenciennes,Caen,1.0,0.0,2.0,1.0,5.0,9.0,6.0,5.0,4.0,2.0,0.0,0.0,2.5,2.9,3.1,2.59,1.48,0.25,1.76,2.1,3.5,2.81,2.55,,Ligue 2,,20200926_Valenciennes_Caen,-17.310955116702416,1.19,0.05,54.6,45.4
2020-09-28,Troyes,Clermont,1.0,0.0,5.0,4.0,10.0,5.0,8.0,2.0,3.0,1.0,0.0,0.0,2.3,2.8,3.5,2.48,1.52,0.0,1.78,2.06,2.62,3.0,3.15,,Ligue 2,,20200928_Troyes_Clermont,8.661363025367564,1.11,1.15,51.4,48.6
2020-09-30,Ajaccio,Dunkerque,1.0,0.0,7.0,1.0,8.0,5.0,7.0,1.0,3.0,4.0,0.0,1.0,2.0,3.2,3.6,2.5,1.51,-0.25,1.8,2.05,2.16,3.03,4.15,,Ligue 2,,20200930_Ajaccio_Dunkerque,2.3799026402807613,0.95,1.63,51.3,48.7
2020-10-03,Auxerre,Ajaccio,5.0,1.0,8.0,2.0,4.0,10.0,5.0,11.0,3.0,1.0,0.0,0.0,2.25,3.0,3.5,2.53,1.51,-0.25,1.93,1.9,2.33,2.93,3.82,,Ligue 2,,20201003_Auxerre_Ajaccio,-61.406362987585,3.07,0.83,45.4,54.6
2020-10-03,Caen,Amiens,1.0,0.0,2.0,6.0,9.0,9.0,6.0,5.0,1.0,3.0,0.0,0.0,2.4,3.0,3.2,2.76,1.43,0.0,1.84,2.0,2.77,2.74,3.25,,Ligue 2,,20201003_Caen_Amiens,22.15580360152262,1.12,0.7,52.2,47.8
2020-10-03,Chateauroux,Niort,2.0,0.0,9.0,1.0,10.0,9.0,9.0,5.0,3.0,1.0,0.0,0.0,2.5,3.1,2.9,2.01,1.77,-0.25,1.94,1.9,2.31,3.27,3.39,,Ligue 2,,20201003_Chateauroux_Niort,15.291554749178431,1.6,0.05,45.9,54.1
2020-10-03,Clermont,Rodez,3.0,0.0,8.0,3.0,11.0,10.0,3.0,12.0,2.0,5.0,0.0,0.0,1.9,3.2,4.33,2.32,1.59,-0.75,2.09,1.77,1.82,3.39,5.22,,Ligue 2,,20201003_Clermont_Rodez,79.93099764829776,2.72,1.63,50.1,49.9
2020-10-03,Dunkerque,Guingamp,1.0,0.0,2.0,0.0,6.0,7.0,1.0,4.0,1.0,2.0,0.0,0.0,3.2,3.1,2.3,2.23,1.64,0.25,1.89,1.94,3.46,3.23,2.3,,Ligue 2,,20201003_Dunkerque_Guingamp,-1.494087359245441,0.05,0.54,51.1,48.9
2020-10-03,Grenoble,Valenciennes,2.0,0.0,3.0,4.0,13.0,7.0,6.0,1.0,2.0,3.0,0.0,0.0,2.1,3.1,3.8,2.19,1.66,-0.25,1.89,1.94,2.26,3.11,3.7,,Ligue 2,,20201003_Grenoble_Valenciennes,-18.54090091771741,1.22,0.06,47.9,52.1
2020-10-03,Paris FC,Le Havre,3.0,0.0,3.0,2.0,7.0,3.0,4.0,3.0,0.0,1.0,0.0,0.0,2.5,3.0,3.0,2.52,1.5,-0.25,2.13,1.73,2.69,2.79,3.31,,Ligue 2,,20201003_Paris-FC_Le-Havre,-34.31985405573869,0.66,0.25,48.5,51.5
2020-10-03,Pau FC,Nancy,1.0,1.0,1.0,2.0,10.0,7.0,7.0,6.0,3.0,1.0,0.0,1.0,2.7,3.0,2.8,2.49,1.52,-0.25,2.05,1.8,2.49,2.84,3.58,,Ligue 2,,20201003_Pau-FC_Nancy,13.553477314445445,1.24,2.71,47.9,52.1
2020-10-03,Sochaux,Chambly,3.0,2.0,3.0,5.0,6.0,8.0,5.0,6.0,2.0,3.0,0.0,0.0,1.8,3.3,4.75,3.07,1.36,-0.5,2.05,1.79,2.14,2.77,4.86,,Ligue 2,,20201003_Sochaux_Chambly,6.005769236206788,0.78,1.57,46.5,53.5
2020-10-03,Toulouse,Troyes,0.0,0.0,2.0,5.0,6.0,9.0,4.0,7.0,5.0,1.0,1.0,0.0,2.62,3.1,2.75,2.14,1.69,0.0,2.01,1.82,3.07,2.96,2.7,,Ligue 2,,20201003_Toulouse_Troyes,-103.87314073028983,0.47,0.77,41.6,58.4
2020-10-16,Chambly,Clermont,0.0,3.0,1.0,9.0,8.0,9.0,5.0,3.0,1.0,1.0,0.0,0.0,4.33,3.0,2.0,2.5,1.51,0.5,2.0,1.84,4.69,3.46,1.88,,Ligue 2,,20201016_Chambly_Clermont,-106.51681081205766,1.4,1.26,50.6,49.4
2020-10-17,Ajaccio,Toulouse,0.0,1.0,1.0,2.0,14.0,4.0,9.0,5.0,6.0,3.0,1.0,1.0,2.1,3.1,3.8,2.17,1.67,-0.25,1.81,2.05,2.13,3.16,4.02,,Ligue 2,,20201017_Ajaccio_Toulouse,17.7382767891786,0.88,0.57,41.3,58.7
2020-10-17,Amiens,Grenoble,1.0,0.0,2.0,4.0,8.0,3.0,4.0,1.0,2.0,2.0,0.0,0.0,2.3,3.1,3.2,2.57,1.49,-0.25,2.01,1.84,2.55,2.88,3.41,,Ligue 2,,20201017_Amiens_Grenoble,-35.374331515754875,0.69,1.53,44.1,55.9
2020-10-17,Le Havre,Chateauroux,1.0,1.0,5.0,4.0,9.0,9.0,3.0,3.0,2.0,2.0,0.0,0.0,1.85,3.25,4.5,2.41,1.55,-0.25,1.77,2.09,2.12,3.08,4.21,,Ligue 2,,20201017_Le-Havre_Chateauroux,46.84953269481207,0.84,0.78,50.2,49.8
2020-10-17,Nancy,Dunkerque,2.0,1.0,7.0,3.0,9.0,10.0,2.0,3.0,2.0,1.0,0.0,0.0,2.1,3.1,3.4,2.57,1.48,-0.5,2.07,1.78,2.13,3.07,4.18,,Ligue 2,,20201017_Nancy_Dunkerque,-57.40356628390168,1.3,1.65,46.1,53.9
2020-10-17,Niort,Caen,3.0,0.0,7.0,2.0,11.0,6.0,2.0,1.0,2.0,0.0,0.0,0.0,2.8,2.9,2.6,2.22,1.64,0.0,2.11,1.76,3.14,2.89,2.72,,Ligue 2,,20201017_Niort_Caen,-72.78552509802034,1.43,1.19,42.0,58.0
2020-10-17,Paris FC,Pau FC,1.0,0.0,5.0,3.0,6.0,1.0,3.0,6.0,3.0,2.0,0.0,0.0,1.9,3.25,4.33,2.51,1.51,-0.5,2.02,1.82,2.05,3.17,4.31,,Ligue 2,,20201017_Paris-FC_Pau-FC,57.80940774821079,1.19,0.69,56.1,43.9
2020-10-17,Rodez,Troyes,0.0,1.0,2.0,2.0,6.0,6.0,2.0,5.0,1.0,2.0,0.0,0.0,3.1,3.1,2.4,2.32,1.59,0.25,2.05,1.8,3.89,3.17,2.17,,Ligue 2,,20201017_Rodez_Troyes,-117.79670937384503,0.8,0.3,42.3,57.7
2020-10-17,Valenciennes,Sochaux,0.0,0.0,1.0,5.0,9.0,11.0,4.0,7.0,4.0,4.0,0.0,0.0,2.45,3.1,3.0,2.81,1.41,0.25,1.8,2.06,3.76,2.74,2.49,,Ligue 2,,20201017_Valenciennes_Sochaux,9.675531969845224,0.81,1.19,52.0,48.0
2020-10-19,Guingamp,Auxerre,2.0,0.0,7.0,1.0,3.0,10.0,8.0,5.0,1.0,2.0,0.0,0.0,2.25,3.1,3.4,2.22,1.64,-0.25,1.88,1.97,2.22,3.17,3.75,,Ligue 2,,20201019_Guingamp_Auxerre,10.534250192704121,0.53,0.7,49.7,50.3
2020-10-24,Auxerre,Chambly,4.0,0.0,5.0,6.0,5.0,5.0,5.0,6.0,1.0,0.0,0.0,0.0,1.75,3.2,5.25,2.08,1.73,-0.75,2.02,1.83,1.77,3.6,5.2,,Ligue 2,,20201024_Auxerre_Chambly,10.23026993087069,1.29,0.58,56.7,43.3
2020-10-24,Caen,Guingamp,1.0,0.0,6.0,3.0,13.0,4.0,10.0,3.0,2.0,2.0,0.0,0.0,2.75,3.1,2.6,2.53,1.5,0.25,1.79,2.06,3.48,2.82,2.56,,Ligue 2,,20201024_Caen_Guingamp,5.175482974487295,0.83,1.2,55.2,44.8
2020-10-24,Chateauroux,Paris FC,1.0,2.0,2.0,4.0,9.0,8.0,0.0,5.0,4.0,2.0,0.0,0.0,3.2,3.0,2.4,2.27,1.62,0.25,1.85,1.99,3.49,3.05,2.39,,Ligue 2,,20201024_Chateauroux_Paris-FC,-47.30589837955404,0.59,1.68,47.1,52.9
2020-10-24,Clermont,Ajaccio,0.0,2.0,4.0,3.0,11.0,2.0,6.0,3.0,2.0,2.0,0.0,0.0,1.85,3.5,4.0,2.29,1.61,-0.5,1.79,2.05,1.75,3.56,5.49,,Ligue 2,,20201024_Clermont_Ajaccio,80.91846836001218,1.51,2.15,59.8,40.2
2020-10-24,Dunkerque,Le Havre,0.0,1.0,0.0,5.0,10.0,5.0,4.0,4.0,2.0,2.0,0.0,0.0,2.6,3.0,2.9,2.77,1.43,0.0,1.94,1.9,2.99,2.71,3.04,,Ligue 2,,20201024_Dunkerque_Le-Havre,-33.3367698791144,0.58,1.28,60.7,39.3
2020-10-24,Pau FC,Niort,4.0,1.0,14.0,6.0,9.0,9.0,5.0,5.0,3.0,1.0,0.0,1.0,2.5,2.87,3.2,2.42,1.54,-0.25,2.11,1.76,2.49,3.02,3.33,,Ligue 2,,20201024_Pau-FC_Niort,-5.180084114437932,2.58,1.11,49.6,50.4
2020-10-24,Toulouse,Rodez,3.0,0.0,5.0,2.0,3.0,14.0,0.0,7.0,2.0,2.0,0.0,0.0,2.0,3.2,4.0,2.37,1.56,-0.25,1.8,2.06,2.14,3.19,3.94,,Ligue 2,,20201024_Toulouse_Rodez,41.58508224664024,1.79,1.3,47.4,52.6
2020-10-24,Troyes,Valenciennes,1.0,1.0,3.0,2.0,7.0,2.0,1.0,1.0,3.0,1.0,1.0,0.0,1.7,3.4,5.25,2.37,1.56,-0.75,1.95,1.9,1.74,3.51,5.73,,Ligue 2,,20201024_Troyes_Valenciennes,94.95667600725801,0.96,0.79,58.7,41.3
2020-10-26,Sochaux,Amiens,0.0,2.0,1.0,6.0,10.0,10.0,4.0,5.0,6.0,2.0,1.0,0.0,2.25,2.75,3.8,3.12,1.35,0.0,1.75,2.13,2.76,2.67,3.37,,Ligue 2,,20201026_Sochaux_Amiens,6.07666776477754,0.05,1.62,47.7,52.3
2020-10-31,Ajaccio,Troyes,0.0,4.0,4.0,9.0,6.0,3.0,4.0,0.0,1.0,1.0,0.0,0.0,2.9,3.0,2.6,2.47,1.53,0.0,2.03,1.82,3.07,2.88,2.77,,Ligue 2,,20201031_Ajaccio_Troyes,-81.91283000863427,1.23,1.7,49.2,50.8
2020-10-31,Chambly,Dunkerque,0.0,1.0,0.0,1.0,4.0,3.0,2.0,2.0,2.0,4.0,1.0,0.0,2.9,3.0,2.55,2.56,1.49,0.0,1.99,1.85,3.12,2.68,2.94,,Ligue 2,,20201031_Chambly_Dunkerque,-41.83976006414218,0.41,1.38,49.3,50.7
2020-10-31,Guingamp,Sochaux,0.0,0.0,1.0,3.0,9.0,1.0,3.0,4.0,1.0,0.0,0.0,1.0,2.0,3.1,4.2,2.6,1.47,-0.5,2.05,1.79,2.06,3.06,4.48,,Ligue 2,,20201031_Guingamp_Sochaux,6.068493884403324,0.92,0.42,50.7,49.3
2020-10-31,Le Havre,Pau FC,1.0,0.0,5.0,2.0,5.0,15.0,7.0,13.0,2.0,4.0,0.0,1.0,2.15,3.1,3.6,2.62,1.46,-0.25,2.1,1.76,2.56,2.96,3.28,,Ligue 2,,20201031_Le-Havre_Pau-FC,72.85258907417528,0.88,0.92,54.1,45.9
2020-10-31,Nancy,Chateauroux,2.0,1.0,2.0,5.0,11.0,7.0,3.0,3.0,2.0,1.0,0.0,0.0,1.9,3.1,4.5,2.3,1.59,-0.5,1.89,1.94,1.9,3.34,4.78,,Ligue 2,,20201031_Nancy_Chateauroux,-8.80184065378262,1.8,1.23,48.3,51.7
2020-10-31,Paris FC,Caen,3.0,1.0,5.0,5.0,8.0,7.0,7.0,6.0,2.0,7.0,0.0,1.0,2.3,3.0,3.3,2.6,1.48,-0.25,1.96,1.88,2.37,2.99,3.6,,Ligue 2,,20201031_Paris-FC_Caen,27.39735227000574,0.56,1.67,50.8,49.2
2020-10-31,Rodez,Auxerre,2.0,2.0,5.0,4.0,9.0,7.0,8.0,4.0,2.0,2.0,0.0,0.0,3.25,3.0,2.4,2.22,1.64,0.25,1.88,1.96,3.49,3.14,2.34,,Ligue 2,,20201031_Rodez_Auxerre,-24.084059387502975,1.6,0.6,51.7,48.3
2020-10-31,Valenciennes,Clermont,1.0,3.0,6.0,8.0,10.0,14.0,4.0,4.0,3.0,0.0,0.0,0.0,3.8,3.0,2.15,2.37,1.57,0.5,1.88,1.94,4.23,3.38,1.99,,Ligue 2,,20201031_Valenciennes_Clermont,-58.07079611971085,0.9,0.52,44.9,55.1
2020-11-02,Amiens,Toulouse,0.0,1.0,4.0,6.0,10.0,7.0,7.0,5.0,3.0,2.0,1.0,0.0,2.25,2.9,3.5,2.49,1.52,-0.25,1.82,2.03,2.17,3.03,4.11,,Ligue 2,,20201102_Amiens_Toulouse,-16.02873632433375,0.99,0.96,45.4,54.6
2020-11-07,Auxerre,Amiens,2.0,1.0,8.0,2.0,10.0,7.0,2.0,11.0,3.0,2.0,0.0,0.0,2.3,2.9,3.0,2.39,1.55,0.0,1.77,2.07,2.67,3.04,3.03,,Ligue 2,,20201107_Auxerre_Amiens,-11.997054948780715,1.2,0.76,48.5,51.5
2020-11-07,Caen,Nancy,2.0,1.0,3.0,5.0,6.0,8.0,6.0,1.0,6.0,1.0,1.0,0.0,2.1,2.8,3.5,2.55,1.49,-0.25,1.97,1.86,2.44,3.0,3.46,,Ligue 2,,20201107_Caen_Nancy,26.10303072286888,1.28,0.58,44.6,55.4
2020-11-07,Chateauroux,Pau FC,0.0,3.0,5.0,4.0,9.0,6.0,7.0,3.0,2.0,3.0,1.0,0.0,2.5,3.0,2.62,2.35,1.57,0.0,1.91,1.91,2.86,3.05,2.81,,Ligue 2,,20201107_Chateauroux_Pau-FC,5.207652450563728,0.05,1.17,39.5,60.5
2020-11-07,Clermont,Guingamp,0.0,0.0,3.0,3.0,11.0,5.0,8.0,5.0,2.0,2.0,0.0,0.0,2.15,3.2,3.2,2.34,1.58,-0.5,1.92,1.89,1.93,3.38,4.51,,Ligue 2,,20201107_Clermont_Guingamp,86.64225262337459,1.21,0.64,50.3,49.7
2020-11-07,Dunkerque,Paris FC,0.0,1.0,2.0,4.0,5.0,9.0,4.0,2.0,1.0,2.0,0.0,1.0,3.2,2.9,2.3,2.59,1.48,0.5,1.77,2.06,4.02,3.14,2.14,,Ligue 2,,20201107_Dunkerque_Paris-FC,-58.73199171483793,1.19,1.26,53.4,46.6
2020-11-07,Grenoble,Le Havre,2.0,1.0,3.0,2.0,9.0,7.0,2.0,1.0,1.0,3.0,0.0,0.0,2.1,3.0,3.25,2.5,1.51,-0.25,1.85,1.99,2.23,2.98,3.99,,Ligue 2,,20201107_Grenoble_Le-Havre,-53.53431922852519,0.58,1.13,51.7,48.3
2020-11-07,Rodez,Ajaccio,0.0,1.0,3.0,2.0,10.0,2.0,7.0,2.0,2.0,2.0,0.0,1.0,2.8,2.9,2.4,2.57,1.49,0.0,2.02,1.81,3.03,2.93,2.77,,Ligue 2,,20201107_Rodez_Ajaccio,-49.362377037888336,1.1,1.14,45.4,54.6
2020-11-07,Sochaux,Niort,3.0,4.0,5.0,6.0,12.0,9.0,7.0,1.0,1.0,2.0,0.0,0.0,1.95,3.0,4.0,2.5,1.51,-0.25,1.83,2.01,2.19,3.1,3.92,,Ligue 2,,20201107_Sochaux_Niort,33.15320607237595,1.13,2.18,51.7,48.3
2020-11-07,Toulouse,Valenciennes,4.0,5.0,5.0,6.0,8.0,8.0,3.0,6.0,3.0,3.0,0.0,0.0,1.75,3.1,4.5,2.16,1.67,-0.5,1.92,1.9,1.95,3.42,4.32,,Ligue 2,,20201107_Toulouse_Valenciennes,31.41374630092014,1.23,2.18,42.0,58.0
2020-11-07,Troyes,Chambly,2.0,2.0,4.0,4.0,13.0,4.0,8.0,2.0,3.0,3.0,0.0,1.0,1.5,3.5,6.0,2.25,1.63,-0.75,1.91,1.92,1.68,3.63,6.09,,Ligue 2,,20201107_Troyes_Chambly,170.5515165527329,0.25,1.8,52.7,47.3
2020-11-21,Amiens,Clermont,1.0,1.0,4.0,5.0,8.0,8.0,4.0,6.0,1.0,2.0,0.0,0.0,2.9,3.1,2.5,2.49,1.51,0.25,1.84,1.99,3.46,3.09,2.38,,Ligue 2,,20201121_Amiens_Clermont,-95.08710806134059,0.42,1.47,52.4,47.6
2020-11-21,Chambly,Toulouse,1.0,1.0,5.0,4.0,8.0,5.0,6.0,2.0,1.0,4.0,0.0,0.0,3.8,3.3,2.0,2.17,1.67,0.25,2.01,1.82,3.76,3.31,2.14,,Ligue 2,,20201121_Chambly_Toulouse,-75.63340488525955,1.99,0.31,54.1,45.9
2020-11-21,Chateauroux,Sochaux,2.0,1.0,7.0,3.0,6.0,6.0,7.0,5.0,2.0,1.0,0.0,0.0,2.9,2.9,2.7,2.63,1.46,0.25,1.75,2.1,3.42,2.82,2.59,,Ligue 2,,20201121_Chateauroux_Sochaux,-17.326082739134108,1.36,0.77,49.4,50.6
2020-11-21,Le Havre,Caen,1.0,2.0,2.0,3.0,3.0,5.0,1.0,4.0,2.0,3.0,0.0,0.0,2.62,2.9,3.0,2.71,1.44,0.0,2.0,1.84,3.1,2.79,2.84,,Ligue 2,,20201121_Le-Havre_Caen,19.84123043475006,0.81,1.57,51.2,48.8
2020-11-21,Niort,Dunkerque,1.0,2.0,6.0,4.0,9.0,5.0,6.0,5.0,2.0,1.0,0.0,0.0,2.3,3.2,3.2,2.28,1.61,-0.25,1.84,2.0,2.12,3.24,3.93,,Ligue 2,,20201121_Niort_Dunkerque,-24.418987427810862,0.78,2.15,58.2,41.8
2020-11-21,Paris FC,Auxerre,0.0,3.0,1.0,7.0,8.0,5.0,6.0,1.0,4.0,1.0,0.0,0.0,2.2,3.0,3.5,2.02,1.77,-0.25,1.98,1.86,2.31,3.29,3.38,,Ligue 2,,20201121_Paris-FC_Auxerre,76.01668898583512,1.02,1.65,53.7,46.3
2020-11-21,Pau FC,Grenoble,0.0,2.0,3.0,4.0,7.0,14.0,2.0,7.0,3.0,2.0,0.0,0.0,3.1,2.7,2.7,2.24,1.63,0.0,2.1,1.76,3.12,3.0,2.64,,Ligue 2,,20201121_Pau-FC_Grenoble,-40.012935600385845,1.19,1.01,50.4,49.6
2020-11-21,Valenciennes,Rodez,1.0,1.0,3.0,5.0,3.0,14.0,4.0,4.0,1.0,0.0,0.0,0.0,2.05,3.2,3.75,2.27,1.62,-0.25,2.02,1.83,2.38,3.21,3.31,,Ligue 2,,20201121_Valenciennes_Rodez,65.31716412543801,1.87,1.1,54.0,46.0
2020-11-23,Guingamp,Ajaccio,2.0,2.0,5.0,7.0,12.0,11.0,3.0,5.0,1.0,1.0,0.0,0.0,2.25,3.1,3.3,2.28,1.61,-0.5,2.07,1.77,2.08,3.25,4.06,,Ligue 2,,20201123_Guingamp_Ajaccio,-23.35409993598614,1.26,2.36,50.9,49.1
2020-11-24,Grenoble,Nancy,1.0,0.0,4.0,2.0,4.0,5.0,3.0,5.0,0.0,3.0,0.0,1.0,1.9,3.2,4.33,2.34,1.58,-0.5,2.02,1.82,2.05,3.16,4.35,,Ligue 2,,20201124_Grenoble_Nancy,52.90330235321426,1.19,1.36,52.8,47.2
2020-11-28,Ajaccio,Chambly,0.0,0.0,4.0,2.0,2.0,4.0,6.0,2.0,4.0,1.0,0.0,1.0,1.83,3.2,4.75,2.27,1.62,-0.5,1.86,1.97,1.83,3.4,5.12,,Ligue 2,,20201128_Ajaccio_Chambly,71.66469208731678,0.48,0.05,57.0,43.0
2020-11-28,Auxerre,Valenciennes,1.0,1.0,5.0,4.0,12.0,5.0,7.0,5.0,5.0,1.0,0.0,0.0,1.75,3.3,5.5,1.9,1.88,-0.5,1.82,2.01,1.8,3.74,4.69,,Ligue 2,,20201128_Auxerre_Valenciennes,-3.3592675503268765,0.6,0.96,48.9,51.1
2020-11-28,Caen,Chateauroux,1.0,1.0,6.0,3.0,6.0,4.0,5.0,4.0,1.0,1.0,0.0,0.0,1.75,3.3,4.5,2.42,1.55,-0.5,1.95,1.87,1.92,3.34,4.67,,Ligue 2,,20201128_Caen_Chateauroux,65.27566957122917,1.85,1.05,52.9,47.1
2020-11-28,Clermont,Nancy,2.0,0.0,4.0,1.0,9.0,1.0,3.0,2.0,0.0,0.0,0.0,0.0,1.72,3.3,5.25,2.22,1.64,-0.75,2.0,1.84,1.75,3.45,5.68,,Ligue 2,,20201128_Clermont_Nancy,109.92372627108739,1.85,0.5,57.5,42.5
2020-11-28,Dunkerque,Pau FC,2.0,2.0,4.0,6.0,1.0,6.0,2.0,1.0,0.0,2.0,0.0,0.0,2.62,2.9,2.87,2.57,1.49,0.0,1.93,1.9,2.88,2.92,2.91,,Ligue 2,,20201128_Dunkerque_Pau-FC,37.50509215306761,1.6,1.1,42.9,57.1
2020-11-28,Grenoble,Paris FC,0.0,0.0,1.0,1.0,4.0,10.0,2.0,10.0,2.0,5.0,0.0,0.0,2.4,3.0,3.2,2.38,1.56,0.0,1.77,2.09,2.66,2.98,3.11,,Ligue 2,,20201128_Grenoble_Paris-FC,-19.027958542725173,0.05,1.62,53.9,46.1
2020-11-28,Rodez,Guingamp,1.0,1.0,3.0,6.0,5.0,11.0,4.0,4.0,4.0,3.0,0.0,0.0,3.1,2.87,2.37,2.5,1.52,0.25,1.94,1.89,3.71,3.0,2.32,,Ligue 2,,20201128_Rodez_Guingamp,-45.196846218836754,1.19,1.91,48.3,51.7
2020-11-28,Sochaux,Le Havre,4.0,0.0,6.0,3.0,9.0,12.0,4.0,2.0,1.0,0.0,0.0,0.0,2.3,2.87,3.2,2.84,1.41,-0.25,2.06,1.78,2.54,2.77,3.58,,Ligue 2,,20201128_Sochaux_Le-Havre,-67.61757388883893,1.03,0.42,44.7,55.3
2020-11-28,Toulouse,Niort,2.0,1.0,4.0,2.0,5.0,8.0,2.0,5.0,1.0,1.0,0.0,0.0,1.95,3.2,4.0,1.9,1.87,-0.5,1.99,1.83,2.03,3.47,3.94,,Ligue 2,,20201128_Toulouse_Niort,61.124737897983096,0.92,0.65,57.0,43.0
2020-11-28,Troyes,Amiens,2.0,1.0,6.0,3.0,10.0,5.0,7.0,2.0,2.0,2.0,0.0,1.0,2.0,3.25,3.9,2.41,1.55,-0.25,1.79,2.06,2.08,3.19,4.15,,Ligue 2,,20201128_Troyes_Amiens,119.0499032103587,0.99,0.26,55.0,45.0
2020-12-01,Amiens,Dunkerque,1.0,0.0,4.0,3.0,0.0,7.0,2.0,7.0,2.0,4.0,0.0,0.0,2.0,3.0,3.8,2.53,1.5,-0.5,1.96,1.86,1.99,3.17,4.62,,Ligue 2,,20201201_Amiens_Dunkerque,-24.83980008282606,1.53,0.49,47.8,52.2
2020-12-01,Chambly,Rodez,1.0,0.0,2.0,3.0,4.0,12.0,0.0,7.0,2.0,4.0,0.0,1.0,2.75,2.87,2.62,2.53,1.5,0.0,1.99,1.84,3.04,2.91,2.78,,Ligue 2,,20201201_Chambly_Rodez,-3.8361675985702277,1.08,1.21,42.9,57.1
2020-12-01,Chateauroux,Grenoble,0.0,1.0,2.0,3.0,9.0,10.0,4.0,5.0,2.0,2.0,1.0,0.0,3.5,2.9,2.05,2.08,1.73,0.25,2.0,1.83,3.71,3.27,2.18,,Ligue 2,,20201201_Chateauroux_Grenoble,-65.8060807007032,1.54,1.32,42.5,57.5
2020-12-01,Guingamp,Troyes,1.0,2.0,4.0,4.0,4.0,12.0,7.0,6.0,2.0,3.0,0.0,0.0,2.7,2.87,2.6,2.35,1.57,0.0,2.12,1.75,3.09,3.12,2.57,,Ligue 2,,20201201_Guingamp_Troyes,-116.73440890369238,1.69,1.91,41.4,58.6
2020-12-01,Le Havre,Auxerre,1.0,1.0,2.0,2.0,4.0,4.0,0.0,9.0,4.0,2.0,1.0,0.0,2.87,3.2,2.3,2.12,1.71,0.0,2.04,1.8,2.92,3.25,2.61,,Ligue 2,,20201201_Le-Havre_Auxerre,5.767382315271107,1.13,0.83,52.0,48.0
2020-12-01,Nancy,Toulouse,1.0,3.0,3.0,6.0,10.0,6.0,1.0,1.0,2.0,1.0,0.0,1.0,2.5,3.0,2.62,2.29,1.61,0.0,1.88,1.94,2.83,2.98,2.91,,Ligue 2,,20201201_Nancy_Toulouse,-71.95937478012365,1.25,1.13,49.9,50.1
2020-12-01,Niort,Clermont,1.0,0.0,4.0,2.0,7.0,9.0,3.0,3.0,2.0,2.0,0.0,1.0,3.5,3.1,2.0,1.95,1.83,0.25,2.06,1.78,3.86,3.29,2.12,,Ligue 2,,20201201_Niort_Clermont,-135.56012279243168,0.39,0.71,43.3,56.7
2020-12-01,Paris FC,Sochaux,0.0,0.0,0.0,0.0,7.0,5.0,3.0,2.0,1.0,1.0,0.0,0.0,2.15,3.1,3.3,2.58,1.49,0.0,1.77,2.08,2.63,2.99,3.14,,Ligue 2,,20201201_Paris-FC_Sochaux,79.31271810942872,0.96,0.05,54.2,45.8
2020-12-01,Pau FC,Caen,1.0,0.0,2.0,1.0,1.0,10.0,4.0,2.0,2.0,2.0,0.0,0.0,3.0,2.9,2.6,2.61,1.47,0.0,1.83,2.01,2.71,2.98,3.05,,Ligue 2,,20201201_Pau-FC_Caen,-65.82686752044447,1.59,1.47,43.6,56.4
2020-12-01,Valenciennes,Ajaccio,1.0,1.0,1.0,3.0,12.0,6.0,6.0,4.0,2.0,0.0,0.0,0.0,2.75,2.87,2.5,2.44,1.54,0.0,2.03,1.81,2.99,3.07,2.68,,Ligue 2,,20201201_Valenciennes_Ajaccio,-3.7578254173879486,0.05,0.87,50.7,49.3
2020-12-05,Auxerre,Niort,6.0,0.0,12.0,3.0,4.0,7.0,5.0,4.0,1.0,1.0,0.0,0.0,2.0,3.25,3.75,1.93,1.85,-0.5,1.93,1.88,1.94,3.55,4.18,,Ligue 2,,20201205_Auxerre_Niort,46.62526182607144,2.41,0.09,52.2,47.8
2020-12-05,Caen,Grenoble,1.0,1.0,2.0,2.0,4.0,6.0,4.0,1.0,3.0,5.0,0.0,0.0,2.6,2.8,3.0,2.53,1.5,0.0,1.81,2.01,2.74,2.98,3.01,,Ligue 2,,20201205_Caen_Grenoble,-28.987871609553622,1.49,0.78,49.8,50.2
2020-12-05,Chambly,Valenciennes,1.0,2.0,2.0,5.0,7.0,10.0,1.0,5.0,1.0,1.0,0.0,0.0,3.1,2.8,2.55,2.26,1.62,0.0,2.03,1.81,3.02,2.98,2.73,,Ligue 2,,20201205_Chambly_Valenciennes,-51.02277238766624,1.58,0.95,45.6,54.4
2020-12-05,Clermont,Pau FC,3.0,0.0,10.0,0.0,13.0,2.0,9.0,2.0,3.0,1.0,0.0,1.0,1.61,3.5,6.0,2.17,1.66,-0.75,1.99,1.84,1.79,3.48,5.31,,Ligue 2,,20201205_Clermont_Pau-FC,84.42467011530266,1.54,0.67,58.1,41.9
2020-12-05,Dunkerque,Chateauroux,2.0,0.0,6.0,2.0,8.0,14.0,4.0,4.0,2.0,3.0,0.0,0.0,2.3,2.9,3.5,2.38,1.56,-0.25,2.08,1.76,2.5,3.04,3.29,,Ligue 2,,20201205_Dunkerque_Chateauroux,26.81383874901053,1.38,1.49,49.6,50.4
2020-12-05,Rodez,Amiens,1.0,2.0,3.0,7.0,7.0,6.0,4.0,3.0,1.0,2.0,0.0,0.0,3.5,2.75,2.4,2.54,1.49,0.25,1.77,2.09,3.29,3.02,2.51,,Ligue 2,,20201205_Rodez_Amiens,-48.68198120351235,0.86,1.59,53.3,46.7
2020-12-05,Sochaux,Nancy,1.0,1.0,1.0,3.0,3.0,7.0,4.0,3.0,0.0,2.0,1.0,0.0,2.2,2.9,3.75,2.74,1.43,-0.25,1.96,1.87,2.4,2.9,3.68,,Ligue 2,,20201205_Sochaux_Nancy,32.90302647208523,0.53,1.35,48.4,51.6
2020-12-05,Toulouse,Guingamp,2.0,2.0,9.0,4.0,15.0,3.0,8.0,4.0,2.0,4.0,0.0,0.0,2.3,3.2,3.1,2.09,1.73,0.0,1.81,2.02,2.62,3.3,2.87,,Ligue 2,,20201205_Toulouse_Guingamp,49.693908715056295,1.38,0.43,53.9,46.1
2020-12-05,Troyes,Paris FC,2.0,1.0,4.0,4.0,10.0,5.0,3.0,5.0,1.0,3.0,0.0,0.0,1.95,3.1,4.33,2.13,1.69,-0.25,1.83,2.01,2.22,3.22,3.67,,Ligue 2,,20201205_Troyes_Paris-FC,67.4953367694136,1.2,1.1,49.0,51.0
2020-12-07,Ajaccio,Le Havre,1.0,1.0,3.0,7.0,4.0,3.0,7.0,2.0,4.0,2.0,0.0,1.0,2.25,3.0,3.4,2.65,1.46,-0.25,1.89,1.94,2.3,3.01,3.76,,Ligue 2,,20201207_Ajaccio_Le-Havre,1.1870623042007082,1.22,0.06,42.0,58.0
2020-12-12,Amiens,Chambly,1.0,1.0,6.0,2.0,3.0,4.0,3.0,2.0,1.0,2.0,0.0,0.0,1.83,3.1,5.25,2.45,1.53,-0.5,1.84,1.98,1.9,3.19,5.12,,Ligue 2,,20201212_Amiens_Chambly,48.832964632078074,0.67,1.64,52.6,47.4
2020-12-12,Caen,Troyes,0.0,0.0,3.0,3.0,4.0,13.0,3.0,10.0,1.0,2.0,0.0,0.0,3.1,3.0,2.45,2.43,1.54,0.25,1.98,1.85,3.69,3.18,2.23,,Ligue 2,,20201212_Caen_Troyes,-110.45018550344389,0.11,0.7,37.8,62.2
2020-12-12,Chateauroux,Toulouse,0.0,3.0,5.0,9.0,12.0,10.0,6.0,8.0,4.0,1.0,0.0,0.0,3.8,3.2,2.05,2.0,1.79,0.5,1.85,1.97,4.04,3.57,1.97,,Ligue 2,,20201212_Chateauroux_Toulouse,-84.18132193143879,0.57,2.35,49.8,50.2
2020-12-12,Grenoble,Dunkerque,4.0,0.0,5.0,0.0,9.0,8.0,4.0,2.0,2.0,2.0,0.0,0.0,1.75,3.1,5.5,2.34,1.58,-0.5,1.91,1.91,1.93,3.28,4.74,,Ligue 2,,20201212_Grenoble_Dunkerque,46.425502258199,1.54,0.45,49.8,50.2
2020-12-12,Guingamp,Valenciennes,1.0,1.0,3.0,2.0,11.0,11.0,4.0,5.0,2.0,2.0,0.0,0.0,1.95,3.3,4.2,2.1,1.71,-0.25,1.85,1.99,2.24,3.17,3.67,,Ligue 2,,20201212_Guingamp_Valenciennes,-33.885684736921576,0.68,1.34,57.8,42.2
2020-12-12,Nancy,Auxerre,2.0,2.0,4.0,7.0,9.0,9.0,3.0,7.0,1.0,3.0,0.0,0.0,3.2,2.9,2.45,2.22,1.63,0.0,2.13,1.73,3.16,3.1,2.54,,Ligue 2,,20201212_Nancy_Auxerre,-72.91305599383668,1.69,1.72,38.1,61.9
2020-12-12,Niort,Ajaccio,2.0,0.0,4.0,0.0,9.0,8.0,6.0,1.0,0.0,0.0,0.0,0.0,2.9,2.87,2.7,2.4,1.55,0.0,2.07,1.78,3.17,2.96,2.63,,Ligue 2,,20201212_Niort_Ajaccio,-63.53956543608979,1.69,0.31,40.8,59.2
2020-12-12,Paris FC,Rodez,1.0,1.0,5.0,4.0,18.0,3.0,2.0,0.0,3.0,3.0,0.0,0.0,1.95,3.25,4.0,2.57,1.49,-0.5,1.9,1.91,1.94,3.25,4.71,,Ligue 2,,20201212_Paris-FC_Rodez,112.20893457078046,1.07,0.95,58.9,41.1
2020-12-14,Le Havre,Clermont,0.0,0.0,3.0,0.0,7.0,7.0,1.0,5.0,0.0,0.0,0.0,0.0,3.6,3.1,2.15,2.25,1.62,0.5,1.85,1.97,4.32,3.28,2.01,,Ligue 2,,20201214_Le-Havre_Clermont,-59.74874886888256,0.33,1.05,50.6,49.4
2020-12-15,Nancy,Troyes,2.0,3.0,2.0,4.0,0.0,6.0,0.0,3.0,1.0,2.0,0.0,0.0,3.8,3.0,2.15,2.15,1.68,0.5,1.84,1.98,3.94,3.5,2.02,,Ligue 2,,20201215_Nancy_Troyes,-176.716925530362,0.64,1.65,45.3,54.7
2020-12-15,Niort,Grenoble,0.0,0.0,2.0,1.0,2.0,18.0,2.0,13.0,1.0,0.0,1.0,0.0,3.0,3.0,2.5,2.17,1.67,0.0,1.91,1.91,2.76,3.22,2.78,,Ligue 2,,20201215_Niort_Grenoble,-90.17632977349103,1.33,1.09,49.0,51.0
2020-12-15,Pau FC,Sochaux,0.0,0.0,1.0,1.0,7.0,10.0,5.0,5.0,1.0,1.0,0.0,0.0,2.87,2.75,2.87,2.78,1.42,0.0,2.02,1.82,3.2,2.84,2.72,,Ligue 2,,20201215_Pau-FC_Sochaux,-5.669283538218679,1.02,0.87,54.9,45.1
2020-12-18,Ajaccio,Nancy,1.0,0.0,2.0,1.0,6.0,3.0,3.0,8.0,2.0,1.0,0.0,0.0,2.5,3.0,3.25,3.03,1.37,-0.25,2.04,1.8,2.51,2.82,3.56,,Ligue 2,,20201218_Ajaccio_Nancy,58.74994425679756,1.33,1.35,53.4,46.6
2020-12-18,Auxerre,Pau FC,2.0,1.0,10.0,3.0,10.0,1.0,10.0,6.0,3.0,3.0,0.0,1.0,1.8,3.8,4.33,2.05,1.75,-0.75,1.92,1.91,1.75,3.56,5.41,,Ligue 2,,20201218_Auxerre_Pau-FC,45.26761306875301,1.55,0.05,49.7,50.3
2020-12-18,Chambly,Guingamp,3.0,0.0,6.0,3.0,8.0,5.0,2.0,4.0,2.0,3.0,1.0,0.0,3.5,3.1,2.15,2.35,1.58,0.25,1.92,1.91,3.55,3.16,2.3,,Ligue 2,,20201218_Chambly_Guingamp,-37.12874171363637,0.9,1.39,50.3,49.7
2020-12-18,Dunkerque,Caen,2.0,3.0,2.0,6.0,2.0,4.0,3.0,2.0,3.0,2.0,0.0,0.0,3.1,3.0,2.45,2.73,1.43,0.0,2.13,1.74,3.17,2.89,2.69,,Ligue 2,,20201218_Dunkerque_Caen,-33.53269935897697,0.45,1.84,45.0,55.0
2020-12-18,Rodez,Chateauroux,1.0,1.0,4.0,4.0,13.0,8.0,3.0,7.0,2.0,3.0,0.0,0.0,2.05,3.1,3.8,2.23,1.64,-0.25,1.89,1.95,2.29,3.14,3.6,,Ligue 2,,20201218_Rodez_Chateauroux,-7.3544945026662845,0.14,1.5,47.8,52.2
2020-12-18,Sochaux,Grenoble,1.0,1.0,3.0,6.0,7.0,4.0,5.0,6.0,4.0,3.0,1.0,0.0,3.0,3.0,2.55,2.64,1.46,0.0,1.79,2.05,2.58,3.01,3.2,,Ligue 2,,20201218_Sochaux_Grenoble,-76.34850213978598,0.67,0.85,42.6,57.4
2020-12-18,Troyes,Niort,1.0,0.0,7.0,2.0,16.0,3.0,7.0,1.0,1.0,3.0,0.0,0.0,1.57,4.0,5.5,1.76,2.04,-1.0,1.98,1.85,1.61,4.04,5.99,,Ligue 2,,20201218_Troyes_Niort,162.86610857935716,0.18,1.5,62.9,37.1
2020-12-18,Valenciennes,Amiens,0.0,2.0,1.0,4.0,8.0,11.0,4.0,7.0,3.0,4.0,0.0,1.0,2.9,2.9,2.5,2.11,1.71,0.0,2.03,1.81,3.0,3.18,2.59,,Ligue 2,,20201218_Valenciennes_Amiens,23.19933829483807,0.25,1.17,51.9,48.1
2020-12-19,Clermont,Paris FC,3.0,2.0,5.0,3.0,6.0,11.0,4.0,9.0,1.0,2.0,0.0,0.0,2.1,3.1,3.75,2.34,1.58,-0.25,1.84,2.01,2.17,3.18,3.88,,Ligue 2,,20201219_Clermont_Paris-FC,33.375758069881385,2.44,0.43,57.7,42.3
2020-12-19,Toulouse,Le Havre,4.0,3.0,8.0,5.0,9.0,8.0,4.0,2.0,2.0,3.0,0.0,0.0,2.0,3.3,3.75,2.07,1.73,-0.5,1.91,1.91,1.93,3.67,4.09,,Ligue 2,,20201219_Toulouse_Le-Havre,27.401342179224912,2.09,1.01,54.7,45.3
2020-12-22,Amiens,Ajaccio,0.0,0.0,1.0,2.0,8.0,5.0,3.0,5.0,2.0,2.0,0.0,0.0,2.15,3.0,3.75,2.58,1.48,-0.25,2.12,1.74,2.54,2.96,3.32,,Ligue 2,,20201222_Amiens_Ajaccio,-0.5924168407755133,0.7,1.38,50.4,49.6
2020-12-22,Caen,Sochaux,1.0,4.0,2.0,8.0,8.0,10.0,3.0,4.0,4.0,1.0,0.0,0.0,2.45,2.8,3.3,3.03,1.36,0.0,1.75,2.11,2.71,2.83,3.23,,Ligue 2,,20201222_Caen_Sochaux,53.940246696914755,0.61,1.44,46.8,53.2
2020-12-22,Chateauroux,Clermont,0.0,1.0,2.0,6.0,5.0,7.0,1.0,1.0,1.0,1.0,0.0,0.0,6.5,3.6,1.57,2.05,1.76,1.0,1.81,2.03,6.35,4.01,1.58,,Ligue 2,,20201222_Chateauroux_Clermont,-141.84253766883285,0.8,0.58,48.3,51.7
2020-12-22,Dunkerque,Auxerre,0.0,1.0,2.0,3.0,6.0,8.0,3.0,1.0,2.0,1.0,0.0,0.0,4.2,3.1,1.95,1.97,1.82,0.5,1.88,1.94,4.18,3.54,1.94,,Ligue 2,,20201222_Dunkerque_Auxerre,-49.1231341691398,0.38,1.14,43.3,56.7
2020-12-22,Grenoble,Troyes,2.0,0.0,7.0,2.0,4.0,3.0,3.0,3.0,2.0,3.0,0.0,1.0,3.2,2.9,2.37,2.25,1.63,0.0,2.04,1.8,3.01,3.02,2.71,,Ligue 2,,20201222_Grenoble_Troyes,-88.13164935359896,1.38,0.63,49.7,50.3
2020-12-22,Le Havre,Rodez,1.0,1.0,2.0,3.0,7.0,5.0,2.0,3.0,0.0,0.0,0.0,0.0,2.25,3.0,3.5,2.6,1.48,-0.25,1.99,1.85,2.37,3.04,3.54,,Ligue 2,,20201222_Le-Havre_Rodez,71.1210912647773,0.44,0.97,61.6,38.4
2020-12-22,Nancy,Chambly,3.0,3.0,4.0,6.0,4.0,8.0,6.0,5.0,2.0,2.0,0.0,0.0,2.1,3.0,3.75,2.68,1.46,-0.25,1.84,2.0,2.19,3.02,4.06,,Ligue 2,,20201222_Nancy_Chambly,-33.13316003975615,1.56,2.62,46.4,53.6
2020-12-22,Niort,Valenciennes,0.0,3.0,5.0,5.0,13.0,12.0,2.0,5.0,0.0,0.0,0.0,0.0,2.55,3.1,2.75,2.03,1.76,0.0,1.92,1.92,2.77,3.19,2.79,,Ligue 2,,20201222_Niort_Valenciennes,-45.902509912402365,1.5,1.83,50.6,49.4
2020-12-22,Paris FC,Guingamp,3.0,2.0,5.0,4.0,5.0,7.0,3.0,3.0,1.0,2.0,0.0,0.0,1.9,3.3,4.2,2.05,1.76,-0.5,1.95,1.87,1.97,3.63,3.96,,Ligue 2,,20201222_Paris-FC_Guingamp,51.577101270052026,0.05,1.94,45.0,55.0
2020-12-22,Pau FC,Toulouse,0.0,3.0,1.0,9.0,7.0,11.0,4.0,7.0,1.0,1.0,0.0,0.0,3.75,3.1,2.1,1.95,1.84,0.5,1.85,1.98,4.01,3.5,2.0,,Ligue 2,,20201222_Pau-FC_Toulouse,-93.70614683285294,1.49,1.37,50.4,49.6
2021-01-05,Ajaccio,Pau FC,4.0,1.0,4.0,2.0,11.0,7.0,5.0,1.0,0.0,2.0,0.0,0.0,1.85,3.1,4.33,2.61,1.47,-0.5,1.9,1.92,1.93,3.15,5.04,,Ligue 2,,20210105_Ajaccio_Pau-FC,58.949612859866875,1.51,0.18,60.5,39.5
2021-01-05,Auxerre,Caen,1.0,1.0,7.0,4.0,13.0,2.0,10.0,4.0,1.0,1.0,1.0,0.0,1.95,3.5,4.0,2.02,1.78,-0.5,1.83,2.0,1.85,3.49,4.75,,Ligue 2,,20210105_Auxerre_Caen,18.06239358228231,1.31,1.62,53.8,46.2
2021-01-05,Chambly,Le Havre,0.0,1.0,2.0,5.0,11.0,3.0,9.0,2.0,2.0,1.0,0.0,0.0,2.9,3.1,2.5,2.79,1.42,0.0,2.09,1.77,3.18,2.98,2.61,,Ligue 2,,20210105_Chambly_Le-Havre,-38.37835332758209,0.48,0.49,52.6,47.4
2021-01-05,Clermont,Grenoble,3.0,0.0,8.0,2.0,5.0,4.0,5.0,5.0,2.0,4.0,0.0,0.0,2.1,3.0,4.0,2.36,1.57,-0.25,1.84,2.0,2.2,3.15,3.82,,Ligue 2,,20210105_Clermont_Grenoble,24.661340152564435,2.23,1.37,51.5,48.5
2021-01-05,Guingamp,Amiens,2.0,2.0,4.0,5.0,5.0,7.0,2.0,5.0,1.0,4.0,0.0,0.0,2.7,2.87,2.9,2.39,1.56,0.0,2.03,1.81,3.04,2.97,2.72,,Ligue 2,,20210105_Guingamp_Amiens,-44.682632959339344,0.76,1.08,51.1,48.9
2021-01-05,Rodez,Niort,1.0,1.0,3.0,5.0,7.0,5.0,6.0,1.0,2.0,3.0,0.0,1.0,2.45,2.87,3.25,2.53,1.5,-0.25,2.03,1.82,2.46,3.05,3.35,,Ligue 2,,20210105_Rodez_Niort,-15.315496232687565,0.84,0.18,50.8,49.2
2021-01-05,Sochaux,Dunkerque,1.0,0.0,5.0,2.0,12.0,8.0,2.0,3.0,2.0,3.0,0.0,0.0,1.95,3.1,4.5,2.62,1.47,-0.5,1.81,2.02,1.84,3.3,5.29,,Ligue 2,,20210105_Sochaux_Dunkerque,25.446029177328,1.37,0.43,51.5,48.5
2021-01-05,Toulouse,Paris FC,1.0,0.0,6.0,6.0,5.0,6.0,5.0,2.0,4.0,1.0,1.0,1.0,2.2,3.2,3.4,1.74,2.07,-0.25,2.0,1.84,2.37,3.42,3.13,,Ligue 2,,20210105_Toulouse_Paris-FC,25.62996243817952,0.79,1.4,51.5,48.5
2021-01-05,Troyes,Chateauroux,2.0,0.0,4.0,1.0,12.0,5.0,7.0,3.0,1.0,3.0,0.0,1.0,1.33,4.75,9.5,1.83,1.96,-1.25,2.03,1.81,1.44,4.7,7.63,,Ligue 2,,20210105_Troyes_Chateauroux,190.06445510464982,0.7,0.05,57.6,42.4
2021-01-05,Valenciennes,Nancy,2.0,3.0,7.0,6.0,3.0,8.0,6.0,3.0,1.0,0.0,1.0,1.0,2.7,2.9,2.7,2.35,1.57,0.0,1.76,2.1,2.59,3.01,3.18,,Ligue 2,,20210105_Valenciennes_Nancy,85.01945213102408,1.48,0.96,50.1,49.9
2021-01-08,Chateauroux,Guingamp,2.0,3.0,3.0,6.0,7.0,6.0,8.0,3.0,2.0,2.0,0.0,0.0,3.3,3.1,2.3,2.13,1.7,0.25,1.79,2.06,3.12,3.22,2.49,,Ligue 2,,20210108_Chateauroux_Guingamp,-39.867843568646094,0.6,1.3,45.9,54.1
2021-01-08,Dunkerque,Troyes,0.0,0.0,1.0,7.0,8.0,19.0,5.0,12.0,4.0,1.0,0.0,0.0,6.0,3.75,1.61,1.96,1.83,1.0,1.79,2.05,6.5,3.67,1.64,,Ligue 2,,20210108_Dunkerque_Troyes,-173.05000953758326,1.39,1.24,49.5,50.5
2021-01-08,Le Havre,Valenciennes,0.0,2.0,1.0,2.0,9.0,5.0,4.0,2.0,3.0,1.0,0.0,0.0,2.15,3.0,3.75,2.2,1.65,-0.25,1.88,1.95,2.22,3.17,3.74,,Ligue 2,,20210108_Le-Havre_Valenciennes,9.769266402941412,1.2,1.66,49.0,51.0
2021-01-08,Nancy,Rodez,2.0,2.0,4.0,4.0,5.0,4.0,3.0,5.0,1.0,3.0,0.0,0.0,2.2,2.8,3.8,2.57,1.49,-0.25,1.89,1.96,2.25,2.99,3.92,,Ligue 2,,20210108_Nancy_Rodez,11.396631872549051,1.76,1.47,54.1,45.9
2021-01-08,Niort,Amiens,0.0,2.0,0.0,7.0,15.0,5.0,8.0,7.0,1.0,4.0,0.0,0.0,3.3,3.0,2.37,2.38,1.56,0.0,2.09,1.77,2.96,3.15,2.64,,Ligue 2,,20210108_Niort_Amiens,-57.74135831737931,0.38,1.85,52.3,47.7
2021-01-08,Paris FC,Ajaccio,1.0,1.0,4.0,4.0,6.0,4.0,2.0,8.0,2.0,0.0,0.0,0.0,2.1,2.9,4.2,2.47,1.52,-0.25,1.96,1.87,2.36,3.04,3.55,,Ligue 2,,20210108_Paris-FC_Ajaccio,5.706454754849574,1.49,1.76,50.9,49.1
2021-01-08,Pau FC,Chambly,1.0,3.0,3.0,6.0,7.0,7.0,8.0,3.0,2.0,0.0,0.0,0.0,2.5,2.9,2.9,2.39,1.56,0.0,1.95,1.89,2.91,2.97,2.84,,Ligue 2,,20210108_Pau-FC_Chambly,-11.535871533418913,0.79,0.72,46.1,53.9
2021-01-08,Sochaux,Clermont,0.0,0.0,4.0,2.0,4.0,9.0,6.0,2.0,1.0,2.0,0.0,0.0,3.4,3.0,2.37,2.39,1.55,0.25,1.82,2.02,3.46,2.96,2.46,,Ligue 2,,20210108_Sochaux_Clermont,-96.97822491590819,0.42,0.57,48.3,51.7
2021-01-09,Grenoble,Auxerre,2.0,2.0,8.0,7.0,8.0,4.0,5.0,2.0,0.0,2.0,0.0,1.0,2.4,2.9,3.2,2.14,1.69,0.0,1.87,1.94,2.75,3.15,2.84,,Ligue 2,,20210109_Grenoble_Auxerre,17.457328422867022,1.79,0.74,55.8,44.2
2021-01-11,Caen,Toulouse,2.0,2.0,3.0,5.0,6.0,8.0,2.0,8.0,2.0,2.0,0.0,0.0,3.4,3.0,2.3,2.08,1.73,0.25,1.85,1.98,3.31,3.23,2.37,,Ligue 2,,20210111_Caen_Toulouse,-54.628611642647456,0.05,0.25,43.9,56.1
2021-01-16,Ajaccio,Caen,1.0,0.0,6.0,7.0,8.0,6.0,9.0,6.0,1.0,1.0,0.0,0.0,2.3,3.0,3.4,2.67,1.45,-0.5,1.98,1.85,2.01,3.15,4.52,,Ligue 2,,20210116_Ajaccio_Caen,-0.6148875863773355,1.38,0.84,49.3,50.7
2021-01-16,Amiens,Le Havre,0.0,0.0,1.0,3.0,7.0,4.0,4.0,2.0,0.0,1.0,0.0,0.0,2.05,3.0,4.2,2.61,1.47,-0.25,1.86,1.99,2.26,3.04,3.83,,Ligue 2,,20210116_Amiens_Le-Havre,17.933857690909235,0.35,1.33,44.3,55.7
2021-01-16,Auxerre,Chateauroux,4.0,1.0,4.0,3.0,5.0,8.0,6.0,4.0,0.0,0.0,0.0,0.0,1.45,4.0,7.0,1.84,1.95,-1.0,2.0,1.83,1.59,4.0,6.31,,Ligue 2,,20210116_Auxerre_Chateauroux,120.53824682111463,1.35,1.02,51.0,49.0
2021-01-16,Clermont,Dunkerque,5.0,0.0,8.0,2.0,9.0,7.0,4.0,2.0,1.0,0.0,0.0,0.0,1.5,3.8,7.0,1.86,1.93,-1.25,1.85,2.0,1.37,4.81,9.93,,Ligue 2,,20210116_Clermont_Dunkerque,135.87724078812448,1.29,0.05,58.1,41.9
2021-01-16,Guingamp,Nancy,0.0,0.0,1.0,1.0,4.0,6.0,2.0,1.0,1.0,3.0,0.0,1.0,2.15,3.0,3.8,2.2,1.66,-0.25,1.8,2.05,2.19,3.19,3.78,,Ligue 2,,20210116_Guingamp_Nancy,30.012489350379155,0.51,0.47,56.5,43.5
2021-01-16,Rodez,Pau FC,1.0,0.0,2.0,1.0,13.0,4.0,5.0,1.0,2.0,3.0,0.0,0.0,2.15,3.0,3.8,2.48,1.52,-0.25,1.84,2.0,2.22,3.1,3.82,,Ligue 2,,20210116_Rodez_Pau-FC,6.842169690370156,0.55,0.85,53.7,46.3
2021-01-16,Toulouse,Grenoble,2.0,0.0,3.0,2.0,7.0,9.0,5.0,3.0,1.0,3.0,0.0,0.0,2.1,3.1,3.6,2.05,1.75,-0.5,2.06,1.77,2.13,3.32,3.81,,Ligue 2,,20210116_Toulouse_Grenoble,19.08651176431181,1.28,0.96,56.6,43.4
2021-01-16,Troyes,Sochaux,2.0,1.0,8.0,6.0,10.0,6.0,3.0,4.0,2.0,3.0,0.0,0.0,1.75,3.2,5.5,2.34,1.58,-0.5,1.95,1.87,1.98,3.31,4.38,,Ligue 2,,20210116_Troyes_Sochaux,116.56619360962259,1.24,0.05,56.1,43.9
2021-01-23,Caen,Rodez,1.0,2.0,1.0,7.0,4.0,1.0,2.0,6.0,2.0,2.0,0.0,0.0,2.15,2.87,3.5,2.58,1.49,-0.25,2.12,1.75,2.44,3.01,3.43,,Ligue 2,,20210123_Caen_Rodez,60.702706850567665,0.7,2.1,54.6,45.4
2021-01-23,Chateauroux,Valenciennes,3.0,3.0,5.0,5.0,12.0,1.0,3.0,0.0,5.0,1.0,0.0,0.0,2.9,3.1,2.3,2.12,1.71,0.0,2.01,1.82,2.92,3.23,2.63,,Ligue 2,,20210123_Chateauroux_Valenciennes,-107.10134453074261,1.21,1.51,47.8,52.2
2021-01-23,Clermont,Auxerre,1.0,0.0,7.0,3.0,15.0,8.0,7.0,4.0,1.0,2.0,0.0,0.0,1.95,3.0,4.0,1.81,1.98,-0.5,1.88,1.94,1.92,3.62,4.22,,Ligue 2,,20210123_Clermont_Auxerre,60.08670285366338,1.2,0.05,58.3,41.7
2021-01-23,Dunkerque,Ajaccio,3.0,1.0,4.0,4.0,7.0,4.0,5.0,1.0,2.0,1.0,0.0,1.0,3.75,3.2,1.95,2.23,1.63,0.5,1.91,1.91,4.34,3.44,1.94,,Ligue 2,,20210123_Dunkerque_Ajaccio,-78.7188049913234,1.94,1.38,48.7,51.3
2021-01-23,Grenoble,Chambly,2.0,0.0,4.0,3.0,7.0,8.0,5.0,2.0,2.0,3.0,0.0,0.0,1.8,3.2,4.33,2.15,1.68,-0.5,1.81,2.02,1.84,3.44,4.97,,Ligue 2,,20210123_Grenoble_Chambly,77.04837455001643,2.88,0.89,48.4,51.6
2021-01-23,Le Havre,Guingamp,1.0,1.0,3.0,2.0,5.0,4.0,8.0,0.0,1.0,1.0,0.0,0.0,2.45,3.0,2.9,2.24,1.63,0.0,1.83,2.01,2.7,3.05,2.99,,Ligue 2,,20210123_Le-Havre_Guingamp,24.72682051342281,0.42,0.8,48.5,51.5
2021-01-23,Nancy,Niort,2.0,2.0,2.0,4.0,6.0,5.0,6.0,2.0,1.0,5.0,0.0,1.0,2.1,3.2,3.3,2.28,1.61,-0.25,1.82,2.02,2.16,3.2,3.88,,Ligue 2,,20210123_Nancy_Niort,7.80279187415249,0.95,1.07,50.4,49.6
2021-01-23,Paris FC,Amiens,4.0,2.0,6.0,4.0,6.0,4.0,3.0,7.0,1.0,2.0,0.0,0.0,2.2,3.0,3.3,2.4,1.56,-0.25,2.01,1.84,2.42,2.96,3.54,,Ligue 2,,20210123_Paris-FC_Amiens,8.173991033731227,3.12,1.22,53.2,46.8
2021-01-23,Pau FC,Troyes,0.0,1.0,2.0,4.0,5.0,8.0,5.0,6.0,2.0,2.0,0.0,0.0,5.5,3.5,1.6,1.8,1.99,1.0,1.77,2.06,5.6,3.91,1.66,,Ligue 2,,20210123_Pau-FC_Troyes,-213.4275360652507,1.38,1.61,45.2,54.8
2021-01-25,Sochaux,Toulouse,0.0,1.0,6.0,7.0,10.0,7.0,2.0,5.0,3.0,2.0,0.0,0.0,3.25,3.0,2.25,2.21,1.65,0.25,1.79,2.05,3.26,3.06,2.5,,Ligue 2,,20210125_Sochaux_Toulouse,-84.69642982403002,1.14,2.21,47.1,52.9
2021-01-26,Valenciennes,Paris FC,2.0,0.0,5.0,7.0,3.0,10.0,1.0,4.0,1.0,3.0,0.0,0.0,3.3,3.2,2.3,1.98,1.81,0.5,1.83,2.0,4.1,3.34,2.04,,Ligue 2,,20210126_Valenciennes_Paris-FC,-25.887591063207992,1.9,1.17,45.9,54.1
2021-01-27,Chambly,Niort,1.0,1.0,2.0,2.0,13.0,3.0,9.0,3.0,1.0,2.0,0.0,1.0,2.37,2.9,3.0,2.13,1.7,0.0,2.01,1.82,2.92,3.2,2.65,,Ligue 2,,20210127_Chambly_Niort,14.40515020128646,0.6,0.53,53.4,46.6
2021-01-30,Ajaccio,Grenoble,2.0,1.0,3.0,4.0,10.0,6.0,2.0,4.0,2.0,3.0,0.0,0.0,2.45,3.0,3.1,2.44,1.54,0.0,1.74,2.11,2.53,3.05,3.22,,Ligue 2,,20210130_Ajaccio_Grenoble,-33.10638455448111,0.73,0.26,50.7,49.3
2021-01-30,Amiens,Chateauroux,1.0,0.0,2.0,3.0,4.0,9.0,4.0,8.0,2.0,3.0,0.0,0.0,1.75,3.4,5.0,2.23,1.64,-0.5,1.86,1.96,1.87,3.48,4.71,,Ligue 2,,20210130_Amiens_Chateauroux,94.2069463138032,1.01,0.05,51.4,48.6
2021-01-30,Chambly,Caen,4.0,2.0,5.0,6.0,2.0,11.0,0.0,4.0,3.0,0.0,1.0,1.0,2.9,3.1,2.55,2.23,1.64,0.0,1.83,2.0,2.64,3.12,3.0,,Ligue 2,,20210130_Chambly_Caen,-40.37264896843908,2.46,1.46,50.1,49.9
2021-01-30,Guingamp,Pau FC,2.0,3.0,7.0,6.0,8.0,8.0,7.0,5.0,1.0,2.0,0.0,0.0,1.95,3.3,4.0,2.13,1.69,-0.5,1.87,1.95,1.92,3.37,4.62,,Ligue 2,,20210130_Guingamp_Pau-FC,64.48089237155546,1.23,0.85,59.6,40.4
2021-01-30,Nancy,Paris FC,1.0,1.0,2.0,1.0,7.0,2.0,9.0,3.0,1.0,3.0,0.0,0.0,2.9,3.2,2.5,2.11,1.71,0.25,1.91,1.92,3.54,3.31,2.22,,Ligue 2,,20210130_Nancy_Paris-FC,-76.63609400886162,0.85,1.01,47.9,52.1
2021-01-30,Niort,Le Havre,0.0,0.0,2.0,2.0,11.0,5.0,5.0,2.0,2.0,1.0,0.0,1.0,2.75,3.0,2.75,2.32,1.58,0.0,1.92,1.9,2.91,3.05,2.77,,Ligue 2,,20210130_Niort_Le-Havre,-58.854753727021716,0.72,1.74,50.3,49.7
2021-01-30,Rodez,Sochaux,1.0,1.0,5.0,4.0,10.0,6.0,3.0,2.0,0.0,2.0,0.0,1.0,2.8,3.0,2.7,2.64,1.46,0.25,1.75,2.1,3.29,2.93,2.58,,Ligue 2,,20210130_Rodez_Sochaux,-27.04793395555339,2.28,0.6,51.5,48.5
2021-01-30,Toulouse,Clermont,3.0,2.0,4.0,5.0,10.0,10.0,3.0,4.0,3.0,1.0,0.0,0.0,2.87,3.2,2.55,1.85,1.93,0.25,1.88,1.95,3.26,3.38,2.32,,Ligue 2,,20210130_Toulouse_Clermont,-22.216279005254364,1.7,0.39,54.9,45.1
2021-01-30,Troyes,Auxerre,3.0,1.0,3.0,6.0,12.0,10.0,4.0,7.0,2.0,1.0,0.0,0.0,2.0,3.1,4.2,1.81,1.98,-0.5,2.0,1.82,2.03,3.56,3.84,,Ligue 2,,20210130_Troyes_Auxerre,102.17044123673963,0.6,1.14,51.0,49.0
2021-01-30,Valenciennes,Dunkerque,1.0,0.0,1.0,6.0,5.0,8.0,2.0,5.0,2.0,3.0,0.0,0.0,2.05,3.0,4.0,2.06,1.75,-0.5,2.04,1.79,2.06,3.36,3.97,,Ligue 2,,20210130_Valenciennes_Dunkerque,56.059222353591394,0.85,0.97,48.5,51.5
2021-02-02,Auxerre,Toulouse,3.0,1.0,5.0,7.0,5.0,9.0,1.0,4.0,1.0,2.0,0.0,0.0,2.4,3.2,3.0,1.71,2.11,0.0,1.79,2.05,2.53,3.39,2.92,,Ligue 2,,20210202_Auxerre_Toulouse,-79.09643228207256,1.29,1.66,41.4,58.6
2021-02-02,Caen,Valenciennes,1.0,1.0,6.0,1.0,9.0,5.0,8.0,4.0,1.0,4.0,0.0,0.0,2.45,3.0,3.1,2.2,1.65,-0.25,1.99,1.85,2.34,3.19,3.42,,Ligue 2,,20210202_Caen_Valenciennes,-52.985381221956004,1.53,0.59,51.7,48.3
2021-02-02,Chateauroux,Chambly,4.0,0.0,10.0,0.0,11.0,5.0,12.0,1.0,2.0,2.0,0.0,1.0,2.45,3.0,3.2,2.21,1.65,0.0,1.75,2.1,2.54,3.13,3.12,,Ligue 2,,20210202_Chateauroux_Chambly,-65.14369877084118,1.72,1.0,42.5,57.5
2021-02-02,Clermont,Troyes,2.0,1.0,4.0,5.0,6.0,9.0,2.0,7.0,3.0,5.0,0.0,0.0,2.2,3.1,3.5,1.91,1.87,-0.25,1.89,1.94,2.22,3.37,3.48,,Ligue 2,,20210202_Clermont_Troyes,-43.529247663916976,0.3,0.24,43.7,56.3
2021-02-02,Dunkerque,Rodez,0.0,0.0,0.0,0.0,8.0,5.0,2.0,2.0,0.0,5.0,0.0,0.0,3.0,3.1,2.45,2.28,1.6,0.0,2.08,1.77,3.05,3.04,2.66,,Ligue 2,,20210202_Dunkerque_Rodez,-5.00350075526535,0.66,0.77,54.4,45.6
2021-02-02,Grenoble,Guingamp,2.0,1.0,5.0,4.0,7.0,4.0,4.0,4.0,2.0,1.0,0.0,0.0,2.2,3.2,3.4,2.13,1.7,-0.25,2.02,1.82,2.42,3.29,3.16,,Ligue 2,,20210202_Grenoble_Guingamp,74.94826521215145,0.52,1.36,52.9,47.1
2021-02-02,Le Havre,Nancy,1.0,1.0,2.0,3.0,9.0,2.0,6.0,6.0,2.0,3.0,0.0,0.0,2.45,2.9,3.2,2.82,1.41,0.0,1.75,2.11,2.69,2.79,3.31,,Ligue 2,,20210202_Le-Havre_Nancy,47.469763848098864,0.37,0.44,48.7,51.3
2021-02-02,Paris FC,Niort,3.0,3.0,9.0,3.0,9.0,4.0,5.0,3.0,1.0,4.0,0.0,1.0,1.75,3.6,4.75,1.97,1.82,-0.75,2.03,1.81,1.82,3.65,4.69,,Ligue 2,,20210202_Paris-FC_Niort,78.78437081948437,1.15,1.75,55.8,44.2
2021-02-02,Pau FC,Amiens,2.0,0.0,2.0,2.0,1.0,4.0,3.0,4.0,2.0,3.0,0.0,0.0,3.4,3.2,2.2,2.39,1.56,0.25,1.83,2.0,3.34,3.14,2.41,,Ligue 2,,20210202_Pau-FC_Amiens,-87.95531827375703,1.62,1.14,44.8,55.2
2021-02-02,Sochaux,Ajaccio,0.0,2.0,3.0,5.0,6.0,4.0,4.0,3.0,0.0,1.0,1.0,0.0,2.55,3.1,2.87,2.77,1.43,0.0,1.87,1.95,2.9,2.8,3.01,,Ligue 2,,20210202_Sochaux_Ajaccio,-42.40590116741964,0.15,1.32,47.6,52.4
2021-02-05,Ajaccio,Auxerre,0.0,0.0,3.0,2.0,9.0,7.0,11.0,2.0,2.0,2.0,0.0,1.0,2.4,3.1,3.1,2.09,1.72,0.0,1.81,2.03,2.69,3.11,2.95,,Ligue 2,,20210205_Ajaccio_Auxerre,0.7016486952911691,0.69,1.9,49.2,50.8
2021-02-05,Amiens,Caen,0.0,0.0,2.0,1.0,4.0,5.0,4.0,4.0,0.0,3.0,0.0,0.0,2.2,3.0,3.5,2.6,1.47,-0.25,1.88,1.94,2.27,3.07,3.74,,Ligue 2,,20210205_Amiens_Caen,16.3237135515933,1.05,1.2,44.4,55.6
2021-02-05,Chambly,Sochaux,1.0,4.0,2.0,6.0,9.0,2.0,6.0,3.0,2.0,2.0,0.0,0.0,3.4,2.8,2.15,2.51,1.51,0.25,1.87,1.96,3.54,3.06,2.36,,Ligue 2,,20210205_Chambly_Sochaux,-24.229819601866666,0.74,1.21,52.8,47.2
2021-02-05,Guingamp,Dunkerque,0.0,0.0,2.0,4.0,9.0,8.0,8.0,4.0,2.0,4.0,0.0,1.0,1.75,3.2,4.33,2.19,1.66,-0.5,1.82,2.01,1.88,3.47,4.61,,Ligue 2,,20210205_Guingamp_Dunkerque,-5.152797187818351,0.05,0.89,50.3,49.7
2021-02-05,Nancy,Pau FC,1.0,0.0,3.0,4.0,5.0,12.0,1.0,5.0,3.0,3.0,1.0,0.0,2.0,3.0,3.6,2.22,1.64,-0.25,1.95,1.88,2.35,3.1,3.5,,Ligue 2,,20210205_Nancy_Pau-FC,10.472169497889581,1.18,0.05,54.0,46.0
2021-02-05,Niort,Chateauroux,1.0,1.0,6.0,6.0,8.0,5.0,9.0,4.0,1.0,3.0,0.0,0.0,2.9,3.1,2.5,2.02,1.77,0.25,1.77,2.08,3.14,3.29,2.44,,Ligue 2,,20210205_Niort_Chateauroux,28.809852907143522,0.28,0.87,46.7,53.3
2021-02-05,Rodez,Clermont,2.0,0.0,3.0,2.0,5.0,7.0,1.0,5.0,0.0,1.0,0.0,0.0,5.25,3.6,1.66,2.07,1.74,0.75,1.93,1.9,5.22,3.66,1.75,,Ligue 2,,20210205_Rodez_Clermont,-152.1930584770996,1.27,0.34,39.7,60.3
2021-02-05,Valenciennes,Grenoble,0.0,1.0,2.0,4.0,8.0,9.0,2.0,9.0,3.0,3.0,0.0,0.0,3.1,3.0,2.25,2.04,1.76,0.25,1.75,2.1,3.07,3.29,2.48,,Ligue 2,,20210205_Valenciennes_Grenoble,-14.465813673943558,0.34,0.71,49.5,50.5
2021-02-06,Le Havre,Paris FC,1.0,0.0,2.0,0.0,4.0,7.0,3.0,4.0,0.0,2.0,0.0,0.0,3.2,3.0,2.2,2.36,1.57,0.0,2.01,1.82,2.87,3.05,2.8,,Ligue 2,,20210206_Le-Havre_Paris-FC,-22.910718500299254,0.63,0.85,50.2,49.8
2021-02-06,Troyes,Toulouse,1.0,1.0,10.0,5.0,7.0,3.0,9.0,0.0,3.0,3.0,0.0,0.0,2.05,3.4,3.5,1.69,2.14,-0.25,1.93,1.9,2.31,3.38,3.28,,Ligue 2,,20210206_Troyes_Toulouse,41.40299517143717,2.57,0.93,51.1,48.9
2021-02-13,Auxerre,Guingamp,1.0,1.0,7.0,3.0,7.0,7.0,4.0,3.0,2.0,0.0,0.0,0.0,1.9,3.4,4.0,1.98,1.8,-0.5,1.99,1.83,2.08,3.34,3.94,,Ligue 2,,20210213_Auxerre_Guingamp,87.25989971032845,1.25,1.79,57.4,42.6
2021-02-13,Caen,Niort,1.0,0.0,3.0,1.0,9.0,6.0,3.0,2.0,2.0,2.0,0.0,0.0,2.15,3.2,3.6,2.12,1.7,-0.25,1.89,1.94,2.25,3.25,3.55,,Ligue 2,,20210213_Caen_Niort,39.07831624495748,0.85,0.34,58.1,41.9
2021-02-13,Chateauroux,Le Havre,0.0,1.0,3.0,4.0,7.0,8.0,4.0,2.0,2.0,2.0,0.0,0.0,2.55,3.0,2.9,2.52,1.5,0.0,1.84,1.98,2.83,2.84,3.05,,Ligue 2,,20210213_Chateauroux_Le-Havre,-91.13005450526339,0.92,0.71,50.8,49.2
2021-02-13,Clermont,Chambly,1.0,0.0,4.0,1.0,11.0,2.0,6.0,3.0,2.0,3.0,0.0,1.0,,,,1.65,2.21,-2.0,2.07,1.75,1.22,6.37,15.65,,Ligue 2,,20210213_Clermont_Chambly,155.82955876450455,0.88,0.43,58.9,41.1
2021-02-13,Dunkerque,Nancy,1.0,2.0,2.0,5.0,8.0,11.0,4.0,2.0,1.0,3.0,0.0,0.0,2.8,2.87,2.8,2.76,1.43,0.0,2.0,1.81,3.06,2.84,2.82,,Ligue 2,,20210213_Dunkerque_Nancy,-5.483981200430435,0.58,1.29,63.1,36.9
2021-02-13,Grenoble,Amiens,0.0,0.0,1.0,1.0,4.0,3.0,6.0,2.0,3.0,1.0,1.0,0.0,2.2,3.0,3.6,2.54,1.5,-0.25,1.96,1.86,2.41,2.92,3.63,,Ligue 2,,20210213_Grenoble_Amiens,59.55953794080551,1.02,0.92,50.9,49.1
2021-02-13,Pau FC,Paris FC,1.0,1.0,2.0,6.0,0.0,9.0,3.0,7.0,3.0,2.0,0.0,0.0,3.8,3.0,2.1,2.14,1.68,0.25,2.03,1.8,4.0,3.17,2.13,,Ligue 2,,20210213_Pau-FC_Paris-FC,-76.44206002505985,1.45,0.58,51.0,49.0
2021-02-13,Troyes,Rodez,2.0,1.0,4.0,1.0,8.0,5.0,4.0,4.0,3.0,4.0,0.0,1.0,1.6,3.6,6.0,2.03,1.76,-1.0,2.06,1.76,1.61,3.7,6.81,,Ligue 2,,20210213_Troyes_Rodez,150.36347922427672,1.07,1.22,53.5,46.5
2021-02-15,Sochaux,Valenciennes,2.0,0.0,8.0,2.0,8.0,2.0,3.0,3.0,2.0,1.0,0.0,0.0,2.1,3.1,3.75,2.22,1.64,-0.5,1.99,1.83,2.05,3.17,4.33,,Ligue 2,,20210215_Sochaux_Valenciennes,-32.09469816064757,0.3,0.17,47.8,52.2
2021-02-15,Toulouse,Ajaccio,3.0,0.0,6.0,0.0,8.0,8.0,9.0,5.0,2.0,1.0,0.0,0.0,1.8,3.2,4.75,2.02,1.78,-0.5,1.99,1.83,1.99,3.45,4.13,,Ligue 2,,20210215_Toulouse_Ajaccio,50.47098346077291,1.64,0.68,53.0,47.0
2021-02-20,Ajaccio,Clermont,0.0,2.0,4.0,9.0,7.0,4.0,2.0,5.0,1.0,1.0,0.0,0.0,3.9,3.0,2.1,2.26,1.62,0.25,2.06,1.78,4.08,3.11,2.14,,Ligue 2,,20210220_Ajaccio_Clermont,-74.189259389565,0.2,0.34,47.5,52.5
2021-02-20,Amiens,Sochaux,0.0,1.0,1.0,2.0,5.0,6.0,1.0,2.0,2.0,2.0,0.0,0.0,2.7,2.8,3.1,2.87,1.4,0.0,2.05,1.79,3.18,2.8,2.77,,Ligue 2,,20210220_Amiens_Sochaux,-1.065884419678241,0.05,1.67,46.3,53.7
2021-02-20,Chambly,Auxerre,0.0,1.0,2.0,4.0,6.0,9.0,2.0,2.0,4.0,3.0,0.0,0.0,5.75,3.75,1.61,1.82,1.96,1.0,1.8,2.02,5.55,3.94,1.66,,Ligue 2,,20210220_Chambly_Auxerre,-102.20780005655342,0.16,2.05,45.7,54.3
2021-02-20,Le Havre,Dunkerque,1.0,1.0,9.0,2.0,5.0,6.0,4.0,2.0,0.0,3.0,0.0,0.0,1.65,3.6,5.5,2.47,1.52,-0.5,1.93,1.89,1.97,3.18,4.67,,Ligue 2,,20210220_Le-Havre_Dunkerque,71.57998594542141,0.68,0.05,50.8,49.2
2021-02-20,Nancy,Grenoble,1.0,2.0,2.0,6.0,10.0,5.0,2.0,4.0,1.0,1.0,0.0,0.0,2.75,3.1,2.62,2.37,1.56,0.0,1.87,1.95,2.84,2.98,2.9,,Ligue 2,,20210220_Nancy_Grenoble,-81.04389625203316,0.87,1.46,44.0,56.0
2021-02-20,Niort,Pau FC,2.0,1.0,3.0,3.0,7.0,11.0,3.0,8.0,2.0,1.0,0.0,0.0,2.45,2.62,3.5,2.18,1.66,-0.25,2.0,1.84,2.36,3.21,3.35,,Ligue 2,,20210220_Niort_Pau-FC,1.5515332829145336,0.77,0.13,56.8,43.2
2021-02-20,Paris FC,Chateauroux,1.0,0.0,5.0,0.0,8.0,4.0,5.0,2.0,2.0,3.0,0.0,1.0,1.95,3.4,3.8,2.03,1.76,-0.5,1.94,1.88,1.99,3.46,4.11,,Ligue 2,,20210220_Paris-FC_Chateauroux,94.7847524689837,0.71,1.0,47.0,53.0
2021-02-20,Rodez,Toulouse,1.0,0.0,2.0,1.0,7.0,5.0,8.0,1.0,3.0,3.0,0.0,0.0,3.8,3.3,2.0,2.16,1.67,0.25,2.02,1.82,3.74,3.28,2.17,,Ligue 2,,20210220_Rodez_Toulouse,-129.18428072431084,1.13,0.63,50.5,49.5
2021-02-20,Valenciennes,Troyes,2.0,2.0,5.0,4.0,7.0,7.0,4.0,5.0,1.0,4.0,0.0,0.0,4.5,3.3,1.85,1.69,2.13,0.75,1.82,2.02,4.8,3.9,1.75,,Ligue 2,,20210220_Valenciennes_Troyes,-129.4487267840534,1.59,1.5,38.7,61.3
2021-02-22,Guingamp,Caen,2.0,2.0,6.0,3.0,9.0,3.0,6.0,3.0,2.0,1.0,0.0,0.0,2.2,3.2,3.25,2.22,1.63,-0.25,1.9,1.93,2.28,3.08,3.71,,Ligue 2,,20210222_Guingamp_Caen,-38.119988693712685,1.76,0.82,39.0,61.0
2021-02-27,Auxerre,Rodez,0.0,1.0,2.0,7.0,11.0,12.0,8.0,3.0,3.0,0.0,0.0,0.0,1.9,3.4,4.2,2.26,1.61,-0.5,1.94,1.87,1.95,3.3,4.55,,Ligue 2,,20210227_Auxerre_Rodez,57.14040365657365,0.78,1.25,46.9,53.1
2021-02-27,Caen,Paris FC,0.0,2.0,4.0,4.0,7.0,5.0,2.0,0.0,2.0,1.0,0.0,0.0,3.25,3.0,2.37,2.25,1.62,0.25,2.06,1.78,3.98,3.29,2.09,,Ligue 2,,20210227_Caen_Paris-FC,-19.419956431154333,1.08,0.73,50.0,50.0
2021-02-27,Chateauroux,Nancy,1.0,4.0,3.0,5.0,7.0,8.0,4.0,4.0,3.0,1.0,0.0,0.0,2.5,3.1,2.87,2.41,1.54,0.0,1.87,1.95,2.77,3.12,2.85,,Ligue 2,,20210227_Chateauroux_Nancy,-66.05530738645552,1.04,1.44,54.0,46.0
2021-02-27,Clermont,Valenciennes,4.0,0.0,11.0,2.0,11.0,3.0,6.0,4.0,1.0,0.0,0.0,1.0,1.44,3.75,9.5,1.67,2.17,-1.25,1.89,1.94,1.43,4.38,8.82,,Ligue 2,,20210227_Clermont_Valenciennes,102.4341728962213,1.87,0.05,54.6,45.4
2021-02-27,Dunkerque,Chambly,1.0,1.0,7.0,4.0,13.0,3.0,5.0,2.0,0.0,2.0,0.0,0.0,2.3,3.1,3.3,2.3,1.6,-0.25,1.98,1.86,2.39,3.06,3.47,,Ligue 2,,20210227_Dunkerque_Chambly,21.892399552886673,1.26,1.24,60.3,39.7
2021-02-27,Grenoble,Niort,1.0,1.0,4.0,2.0,10.0,3.0,6.0,2.0,3.0,1.0,0.0,0.0,1.8,3.4,4.75,2.04,1.76,-0.25,1.8,2.04,2.11,3.36,3.81,,Ligue 2,,20210227_Grenoble_Niort,119.75766194332618,1.28,0.49,52.8,47.2
2021-02-27,Pau FC,Le Havre,2.0,0.0,5.0,3.0,3.0,14.0,3.0,1.0,2.0,1.0,0.0,0.0,2.75,3.0,2.7,2.59,1.48,0.25,1.75,2.11,3.25,3.01,2.55,,Ligue 2,,20210227_Pau-FC_Le-Havre,-94.94449646650173,0.19,0.38,44.0,56.0
2021-02-27,Sochaux,Guingamp,0.0,0.0,4.0,3.0,4.0,3.0,1.0,4.0,0.0,2.0,0.0,0.0,2.0,3.1,4.2,2.35,1.57,-0.25,1.94,1.89,2.34,2.97,3.72,,Ligue 2,,20210227_Sochaux_Guingamp,56.415890374895525,0.78,0.05,57.5,42.5
2021-02-27,Toulouse,Amiens,3.0,0.0,6.0,2.0,7.0,10.0,7.0,3.0,1.0,2.0,0.0,0.0,1.85,3.4,4.33,2.23,1.63,-0.5,1.86,1.96,1.9,3.37,4.67,,Ligue 2,,20210227_Toulouse_Amiens,96.69896818145185,1.52,0.86,50.1,49.9
2021-02-27,Troyes,Ajaccio,1.0,0.0,4.0,2.0,10.0,6.0,7.0,4.0,0.0,2.0,0.0,0.0,1.75,3.4,5.0,2.04,1.75,-0.75,1.99,1.85,1.78,3.58,5.16,,Ligue 2,,20210227_Troyes_Ajaccio,111.60551412211203,0.88,0.09,49.9,50.1
2021-03-02,Ajaccio,Rodez,1.0,0.0,4.0,2.0,5.0,12.0,4.0,4.0,3.0,3.0,0.0,0.0,2.25,2.8,3.75,2.73,1.43,-0.25,1.86,1.96,2.26,2.91,4.02,,Ligue 2,,20210302_Ajaccio_Rodez,10.20396305468853,0.94,0.28,49.0,51.0
2021-03-02,Amiens,Auxerre,1.0,1.0,7.0,3.0,8.0,8.0,6.0,9.0,1.0,0.0,0.0,0.0,3.2,3.0,2.45,2.37,1.56,0.0,2.02,1.81,3.0,3.04,2.7,,Ligue 2,,20210302_Amiens_Auxerre,-51.97694869215093,1.22,1.0,47.5,52.5
2021-03-02,Chambly,Troyes,0.0,3.0,0.0,7.0,2.0,5.0,0.0,6.0,1.0,3.0,1.0,0.0,7.0,4.33,1.45,1.84,1.94,1.0,1.95,1.87,6.6,4.25,1.53,,Ligue 2,,20210302_Chambly_Troyes,-213.75951039886854,0.05,1.07,38.3,61.7
2021-03-02,Guingamp,Clermont,0.0,5.0,0.0,7.0,5.0,12.0,1.0,7.0,0.0,1.0,1.0,0.0,4.2,3.5,1.85,1.92,1.86,0.5,1.97,1.85,4.26,3.64,1.9,,Ligue 2,,20210302_Guingamp_Clermont,-163.6753568838185,0.86,1.24,39.6,60.4
2021-03-02,Le Havre,Grenoble,0.0,2.0,5.0,5.0,7.0,10.0,3.0,4.0,3.0,0.0,0.0,0.0,2.5,3.1,3.0,2.68,1.45,-0.25,1.93,1.9,2.34,2.97,3.71,,Ligue 2,,20210302_Le-Havre_Grenoble,-61.47762898839733,1.62,0.4,48.0,52.0
2021-03-02,Nancy,Caen,1.0,0.0,2.0,2.0,5.0,7.0,7.0,4.0,1.0,3.0,0.0,0.0,2.25,2.8,3.8,2.46,1.53,-0.25,1.95,1.88,2.34,2.94,3.74,,Ligue 2,,20210302_Nancy_Caen,-5.844147598918653,0.05,0.83,50.9,49.1
2021-03-02,Niort,Sochaux,1.0,3.0,3.0,5.0,3.0,9.0,0.0,7.0,2.0,2.0,1.0,0.0,3.0,3.0,2.5,2.29,1.6,0.0,2.11,1.75,3.17,3.07,2.55,,Ligue 2,,20210302_Niort_Sochaux,-62.139569597261925,1.56,1.95,48.2,51.8
2021-03-02,Paris FC,Dunkerque,1.0,0.0,3.0,1.0,12.0,5.0,9.0,3.0,3.0,2.0,0.0,0.0,1.57,3.6,6.5,2.06,1.74,-0.75,1.87,1.97,1.68,3.64,5.97,,Ligue 2,,20210302_Paris-FC_Dunkerque,75.84155395678408,0.86,0.05,50.9,49.1
2021-03-02,Pau FC,Chateauroux,1.0,0.0,3.0,3.0,7.0,10.0,3.0,5.0,3.0,3.0,0.0,0.0,2.15,3.1,3.5,2.22,1.64,-0.25,1.94,1.89,2.29,3.29,3.41,,Ligue 2,,20210302_Pau-FC_Chateauroux,45.34387739266322,1.13,0.12,56.4,43.6
2021-03-02,Valenciennes,Toulouse,1.0,0.0,1.0,7.0,4.0,16.0,1.0,8.0,1.0,1.0,0.0,0.0,5.0,3.75,1.66,1.69,2.12,0.75,2.0,1.84,5.2,3.98,1.68,,Ligue 2,,20210302_Valenciennes_Toulouse,-90.81584763650153,1.78,2.18,42.8,57.2
2021-03-13,Ajaccio,Guingamp,0.0,2.0,6.0,5.0,4.0,4.0,8.0,7.0,3.0,3.0,0.0,0.0,2.05,3.0,4.2,2.37,1.56,-0.25,1.88,1.96,2.3,2.99,3.77,,Ligue 2,,20210313_Ajaccio_Guingamp,72.07934225531085,1.45,1.22,56.1,43.9
2021-03-13,Auxerre,Paris FC,0.0,0.0,2.0,2.0,10.0,8.0,4.0,6.0,1.0,1.0,0.0,0.0,2.5,3.0,3.0,1.93,1.84,0.0,1.75,2.1,2.49,3.26,3.08,,Ligue 2,,20210313_Auxerre_Paris-FC,-2.793682248154255,1.26,0.43,43.5,56.5
2021-03-13,Dunkerque,Niort,2.0,0.0,4.0,3.0,7.0,4.0,5.0,1.0,2.0,2.0,0.0,1.0,2.55,2.9,3.0,2.28,1.6,-0.25,2.09,1.77,2.53,3.08,3.2,,Ligue 2,,20210313_Dunkerque_Niort,-1.4840872186664456,1.61,0.63,54.0,46.0
2021-03-13,Grenoble,Pau FC,1.0,1.0,2.0,3.0,5.0,6.0,7.0,2.0,3.0,1.0,0.0,0.0,1.83,3.4,4.75,2.13,1.69,-0.25,1.79,2.06,2.09,3.29,3.97,,Ligue 2,,20210313_Grenoble_Pau-FC,125.47793224349789,0.59,1.01,61.8,38.2
2021-03-13,Rodez,Valenciennes,3.0,0.0,6.0,1.0,5.0,1.0,5.0,1.0,1.0,4.0,0.0,0.0,2.0,3.1,3.8,2.3,1.6,-0.5,1.9,1.92,1.93,3.23,4.83,,Ligue 2,,20210313_Rodez_Valenciennes,-27.337030705099778,1.73,1.2,46.8,53.2
2021-03-13,Sochaux,Chateauroux,0.0,0.0,2.0,2.0,9.0,12.0,9.0,8.0,1.0,3.0,0.0,0.0,1.6,3.75,6.0,2.4,1.54,-0.75,1.89,1.95,1.71,3.57,5.75,,Ligue 2,,20210313_Sochaux_Chateauroux,142.02677963567135,1.41,0.74,55.1,44.9
2021-03-13,Toulouse,Chambly,4.0,0.0,8.0,1.0,10.0,8.0,8.0,2.0,1.0,1.0,0.0,0.0,,,,1.73,2.08,-1.5,1.96,1.87,1.33,4.95,12.18,,Ligue 2,,20210313_Toulouse_Chambly,157.20201202165185,1.87,0.92,56.6,43.4
2021-03-13,Troyes,Nancy,1.0,5.0,4.0,7.0,16.0,2.0,7.0,2.0,3.0,1.0,0.0,0.0,1.61,3.5,6.0,2.07,1.74,-0.75,1.97,1.87,1.77,3.48,5.43,,Ligue 2,,20210313_Troyes_Nancy,158.68427745687518,0.62,1.62,52.2,47.8
2021-03-15,Caen,Le Havre,0.0,2.0,7.0,7.0,12.0,4.0,5.0,1.0,2.0,2.0,0.0,0.0,2.5,3.0,3.0,2.94,1.38,0.0,2.06,1.78,3.18,2.79,2.77,,Ligue 2,,20210315_Caen_Le-Havre,-20.80096065885573,0.05,1.37,48.2,51.8
2021-03-19,Chambly,Ajaccio,2.0,1.0,3.0,4.0,3.0,12.0,3.0,1.0,0.0,1.0,0.0,0.0,5.0,3.1,1.9,2.45,1.53,0.5,1.88,1.95,4.69,3.08,2.01,,Ligue 2,,20210319_Chambly_Ajaccio,-95.14121158521561,1.95,1.92,40.0,60.0
2021-03-20,Amiens,Troyes,3.0,1.0,6.0,2.0,2.0,8.0,2.0,1.0,2.0,3.0,0.0,1.0,4.0,3.25,1.95,2.18,1.66,0.25,2.02,1.82,3.76,3.19,2.2,,Ligue 2,,20210320_Amiens_Troyes,-147.61849188232804,0.52,0.55,43.7,56.3
2021-03-20,Chateauroux,Caen,2.0,2.0,7.0,3.0,11.0,0.0,10.0,0.0,4.0,5.0,0.0,0.0,2.7,3.0,2.8,2.45,1.52,0.0,1.82,2.01,2.78,2.92,3.03,,Ligue 2,,20210320_Chateauroux_Caen,-73.69987616180447,0.95,0.66,43.4,56.6
2021-03-20,Guingamp,Rodez,1.0,1.0,3.0,1.0,5.0,5.0,4.0,1.0,2.0,2.0,0.0,0.0,2.4,2.9,3.2,2.55,1.49,-0.25,2.06,1.8,2.48,2.88,3.54,,Ligue 2,,20210320_Guingamp_Rodez,-37.067865249572606,1.73,0.85,52.4,47.6
2021-03-20,Le Havre,Sochaux,0.0,2.0,3.0,4.0,9.0,5.0,3.0,4.0,2.0,2.0,0.0,0.0,2.8,3.0,2.8,2.88,1.39,0.0,2.02,1.82,3.15,2.82,2.77,,Ligue 2,,20210320_Le-Havre_Sochaux,-15.66251571934481,1.0,0.87,40.7,59.3
2021-03-20,Nancy,Clermont,1.0,0.0,2.0,2.0,3.0,12.0,2.0,4.0,3.0,1.0,0.0,0.0,4.5,3.1,1.9,2.16,1.67,0.5,2.0,1.83,5.08,3.22,1.89,,Ligue 2,,20210320_Nancy_Clermont,-124.68395673621421,0.05,0.67,45.3,54.7
2021-03-20,Niort,Toulouse,1.0,0.0,2.0,2.0,11.0,8.0,2.0,5.0,3.0,0.0,0.0,1.0,5.25,3.6,1.65,1.89,1.89,1.0,1.77,2.08,5.71,3.98,1.64,,Ligue 2,,20210320_Niort_Toulouse,-158.2950871392104,0.74,1.71,40.2,59.8
2021-03-20,Paris FC,Grenoble,2.0,0.0,6.0,0.0,9.0,5.0,2.0,0.0,2.0,0.0,1.0,0.0,2.05,3.2,3.6,2.24,1.62,-0.25,1.88,1.96,2.25,3.15,3.68,,Ligue 2,,20210320_Paris-FC_Grenoble,-34.31430767192683,1.23,1.2,45.8,54.2
2021-03-20,Pau FC,Dunkerque,3.0,1.0,5.0,3.0,6.0,8.0,7.0,4.0,0.0,1.0,0.0,0.0,2.2,3.0,3.6,2.52,1.5,-0.25,1.86,1.99,2.24,3.0,3.93,,Ligue 2,,20210320_Pau-FC_Dunkerque,-0.31757611103535055,1.09,0.05,53.2,46.8
2021-03-20,Valenciennes,Auxerre,2.0,2.0,4.0,3.0,8.0,6.0,3.0,3.0,3.0,1.0,0.0,0.0,4.5,3.0,2.0,1.76,2.02,0.5,1.94,1.89,4.19,3.65,1.92,,Ligue 2,,20210320_Valenciennes_Auxerre,-24.795915144771698,0.81,2.33,44.7,55.3
2021-04-03,Ajaccio,Valenciennes,3.0,0.0,6.0,2.0,6.0,2.0,4.0,1.0,2.0,4.0,0.0,2.0,1.83,3.4,4.33,1.94,1.84,-1.0,2.08,1.77,1.61,3.87,6.35,,Ligue 2,,20210403_Ajaccio_Valenciennes,-11.411189860383956,0.87,0.45,48.2,51.8
2021-04-03,Caen,Pau FC,1.0,1.0,3.0,3.0,8.0,7.0,7.0,6.0,0.0,2.0,0.0,0.0,2.45,3.2,2.9,2.43,1.53,0.0,2.04,1.8,3.05,2.96,2.72,,Ligue 2,,20210403_Caen_Pau-FC,-6.5538581887249165,0.82,0.69,49.4,50.6
2021-04-03,Clermont,Niort,0.0,0.0,4.0,0.0,16.0,7.0,11.0,0.0,1.0,4.0,0.0,0.0,1.3,5.25,10.0,1.6,2.28,-1.5,1.89,1.94,1.3,5.46,11.39,,Ligue 2,,20210403_Clermont_Niort,168.6722295814168,1.02,0.12,43.5,56.5
2021-04-03,Grenoble,Chateauroux,2.0,2.0,4.0,3.0,9.0,6.0,4.0,5.0,5.0,0.0,1.0,1.0,1.95,3.3,3.8,2.04,1.76,-0.5,2.03,1.8,2.03,3.36,4.1,,Ligue 2,,20210403_Grenoble_Chateauroux,167.21383217401376,1.19,1.85,48.6,51.4
2021-04-03,Rodez,Chambly,2.0,2.0,5.0,3.0,10.0,6.0,4.0,3.0,1.0,2.0,0.0,0.0,1.75,3.5,4.75,2.45,1.53,-0.5,1.88,1.95,1.92,3.17,5.05,,Ligue 2,,20210403_Rodez_Chambly,72.55681737507257,1.09,0.71,47.2,52.8
2021-04-03,Sochaux,Paris FC,1.0,2.0,5.0,6.0,7.0,12.0,5.0,5.0,4.0,2.0,0.0,1.0,2.5,3.1,3.0,2.5,1.51,0.0,1.73,2.13,2.59,2.97,3.23,,Ligue 2,,20210403_Sochaux_Paris-FC,-17.582604600784407,0.31,1.85,44.7,55.3
2021-04-03,Toulouse,Nancy,4.0,1.0,6.0,2.0,9.0,3.0,4.0,7.0,3.0,1.0,0.0,0.0,1.8,3.6,4.33,2.0,1.79,-0.75,1.9,1.94,1.69,3.71,5.63,,Ligue 2,,20210403_Toulouse_Nancy,47.809604532212234,0.95,0.79,52.2,47.8
2021-04-03,Troyes,Guingamp,1.0,0.0,4.0,4.0,7.0,1.0,4.0,2.0,1.0,1.0,0.0,0.0,1.7,3.6,4.75,1.88,1.9,-0.75,1.94,1.9,1.76,3.7,5.09,,Ligue 2,,20210403_Troyes_Guingamp,144.33742283393758,1.87,1.37,56.2,43.8
2021-04-05,Auxerre,Le Havre,1.0,1.0,4.0,1.0,9.0,15.0,2.0,6.0,3.0,0.0,0.0,0.0,2.37,3.2,3.1,2.15,1.68,-0.5,1.96,1.86,1.98,3.33,4.37,,Ligue 2,,20210405_Auxerre_Le-Havre,39.52691361454663,0.15,1.28,55.6,44.4
2021-04-10,Chateauroux,Dunkerque,1.0,2.0,1.0,4.0,14.0,6.0,6.0,4.0,1.0,1.0,0.0,0.0,2.2,3.2,3.3,2.11,1.7,-0.25,1.86,1.98,2.2,3.25,3.68,,Ligue 2,,20210410_Chateauroux_Dunkerque,-46.1661579087704,1.15,1.81,45.7,54.3
2021-04-10,Grenoble,Caen,3.0,1.0,6.0,6.0,10.0,5.0,5.0,5.0,0.0,2.0,0.0,0.0,1.95,3.3,4.0,2.06,1.74,-0.5,2.0,1.82,2.0,3.44,4.1,,Ligue 2,,20210410_Grenoble_Caen,92.93639872703625,2.04,1.89,59.5,40.5
2021-04-10,Le Havre,Ajaccio,1.0,1.0,3.0,5.0,3.0,11.0,5.0,6.0,2.0,3.0,0.0,0.0,2.7,3.0,2.75,2.48,1.51,0.0,1.77,2.08,2.6,2.89,3.31,,Ligue 2,,20210410_Le-Havre_Ajaccio,-16.06438288926165,0.68,0.63,43.4,56.6
2021-04-10,Nancy,Sochaux,0.0,0.0,4.0,1.0,4.0,9.0,5.0,4.0,1.0,1.0,0.0,0.0,3.4,2.75,2.45,2.58,1.49,0.25,1.75,2.1,3.33,2.95,2.54,,Ligue 2,,20210410_Nancy_Sochaux,-6.352008393379947,0.36,0.63,47.7,52.3
2021-04-10,Niort,Auxerre,0.0,4.0,3.0,9.0,11.0,7.0,5.0,9.0,0.0,0.0,0.0,0.0,3.8,3.25,2.0,1.84,1.94,0.25,2.05,1.8,3.59,3.53,2.12,,Ligue 2,,20210410_Niort_Auxerre,-77.81448739074358,0.05,0.79,45.7,54.3
2021-04-10,Paris FC,Troyes,1.0,1.0,6.0,4.0,5.0,6.0,5.0,6.0,0.0,1.0,1.0,1.0,2.8,3.2,2.5,1.86,1.92,0.0,1.91,1.92,2.71,3.31,2.76,,Ligue 2,,20210410_Paris-FC_Troyes,-62.40431740621921,0.05,0.72,45.4,54.6
2021-04-10,Pau FC,Clermont,2.0,1.0,6.0,5.0,7.0,10.0,7.0,5.0,4.0,3.0,0.0,0.0,5.5,3.75,1.61,1.99,1.79,1.0,1.8,2.04,5.95,4.08,1.6,,Ligue 2,,20210410_Pau-FC_Clermont,-146.29729860755424,1.23,0.73,45.9,54.1
2021-04-10,Valenciennes,Chambly,2.0,1.0,7.0,2.0,10.0,8.0,6.0,2.0,1.0,5.0,0.0,2.0,2.5,3.1,2.9,2.03,1.77,-0.25,2.1,1.76,2.47,3.35,3.03,,Ligue 2,,20210410_Valenciennes_Chambly,61.2755686831797,1.11,1.86,57.7,42.3
2021-04-11,Amiens,Rodez,1.0,0.0,1.0,5.0,4.0,6.0,2.0,3.0,4.0,3.0,0.0,1.0,2.45,2.87,3.2,2.99,1.37,0.0,1.72,2.15,2.7,2.78,3.31,,Ligue 2,,20210411_Amiens_Rodez,-1.7030214469084513,0.59,1.54,48.9,51.1
2021-04-12,Guingamp,Toulouse,1.0,1.0,2.0,2.0,9.0,11.0,3.0,10.0,3.0,2.0,0.0,0.0,3.8,3.1,2.05,2.02,1.77,0.25,1.92,1.91,3.52,3.22,2.28,,Ligue 2,,20210412_Guingamp_Toulouse,-118.30584736693072,0.88,1.16,47.4,52.6
2021-04-14,Clermont,Amiens,3.0,0.0,4.0,1.0,6.0,6.0,3.0,7.0,1.0,0.0,0.0,0.0,,,,2.17,1.66,-1.0,2.03,1.81,1.58,3.75,7.21,,Ligue 2,,20210414_Clermont_Amiens,80.69281317114564,1.0,0.47,47.7,52.3
2021-04-17,Ajaccio,Niort,3.0,0.0,5.0,1.0,7.0,8.0,8.0,2.0,1.0,1.0,0.0,0.0,1.75,3.5,5.0,2.09,1.71,-0.75,1.95,1.89,1.73,3.51,5.77,,Ligue 2,,20210417_Ajaccio_Niort,65.87264828617458,2.15,0.56,50.0,50.0
2021-04-17,Auxerre,Nancy,3.0,2.0,8.0,3.0,15.0,4.0,8.0,3.0,2.0,2.0,0.0,0.0,1.95,3.2,4.2,2.0,1.8,-0.5,1.84,1.99,1.83,3.74,4.53,,Ligue 2,,20210417_Auxerre_Nancy,26.46855833544373,2.07,1.59,49.8,50.2
2021-04-17,Chambly,Amiens,2.0,0.0,4.0,1.0,7.0,5.0,3.0,2.0,3.0,3.0,0.0,0.0,3.3,3.1,2.3,2.43,1.54,0.25,1.89,1.94,3.54,3.08,2.34,,Ligue 2,,20210417_Chambly_Amiens,-78.61544899519504,0.93,0.47,46.2,53.8
2021-04-17,Clermont,Le Havre,1.0,1.0,4.0,5.0,4.0,7.0,3.0,3.0,1.0,1.0,1.0,0.0,1.53,3.6,7.5,2.1,1.72,-1.0,1.93,1.9,1.53,3.98,7.55,,Ligue 2,,20210417_Clermont_Le-Havre,108.78459867588822,0.96,0.68,51.7,48.3
2021-04-17,Dunkerque,Grenoble,1.0,1.0,6.0,2.0,10.0,6.0,9.0,6.0,2.0,2.0,0.0,2.0,3.0,3.0,2.5,2.3,1.6,0.25,1.82,2.02,3.39,3.17,2.37,,Ligue 2,,20210417_Dunkerque_Grenoble,-108.76296088350068,0.26,1.48,46.7,53.3
2021-04-17,Rodez,Paris FC,2.0,2.0,3.0,8.0,7.0,7.0,3.0,5.0,2.0,0.0,0.0,0.0,3.1,2.9,2.5,2.36,1.57,0.25,1.79,2.06,3.32,3.04,2.48,,Ligue 2,,20210417_Rodez_Paris-FC,-71.36070122021397,1.65,0.84,53.2,46.8
2021-04-17,Sochaux,Pau FC,1.0,1.0,1.0,6.0,5.0,6.0,4.0,2.0,2.0,0.0,0.0,0.0,2.0,3.2,4.0,2.39,1.55,-0.25,1.93,1.9,2.3,3.06,3.68,,Ligue 2,,20210417_Sochaux_Pau-FC,38.28153332360648,0.95,1.38,52.1,47.9
2021-04-17,Toulouse,Chateauroux,1.0,0.0,8.0,2.0,17.0,10.0,5.0,10.0,1.0,2.0,0.0,0.0,1.44,4.33,7.0,1.8,1.99,-1.25,2.02,1.83,1.42,4.69,8.3,,Ligue 2,,20210417_Toulouse_Chateauroux,193.57443819826312,1.1,0.57,58.4,41.6
2021-04-17,Troyes,Caen,1.0,0.0,3.0,4.0,11.0,6.0,4.0,8.0,2.0,1.0,0.0,0.0,1.6,3.6,6.0,1.87,1.92,-1.25,2.01,1.83,1.45,4.41,8.23,,Ligue 2,,20210417_Troyes_Caen,170.88156842843796,1.32,0.88,56.3,43.7
2021-04-17,Valenciennes,Guingamp,0.0,1.0,2.0,3.0,12.0,7.0,3.0,3.0,1.0,4.0,0.0,0.0,3.8,3.2,2.0,2.03,1.76,0.5,1.89,1.93,4.15,3.47,1.98,,Ligue 2,,20210417_Valenciennes_Guingamp,38.95908163375748,1.27,0.77,49.7,50.3
2021-04-20,Amiens,Valenciennes,3.0,1.0,6.0,2.0,8.0,6.0,4.0,5.0,2.0,3.0,0.0,0.0,1.9,3.4,4.0,2.12,1.7,-0.5,1.96,1.86,2.0,3.34,4.25,,Ligue 2,,20210420_Amiens_Valenciennes,-3.8005836838756295,1.39,1.23,56.3,43.7
2021-04-20,Caen,Dunkerque,1.0,1.0,1.0,4.0,5.0,7.0,3.0,4.0,5.0,1.0,1.0,0.0,2.3,3.0,3.4,2.52,1.51,-0.25,2.01,1.83,2.45,2.9,3.59,,Ligue 2,,20210420_Caen_Dunkerque,-12.072857693462083,1.34,0.67,53.8,46.2
2021-04-20,Chateauroux,Rodez,1.0,1.0,1.0,3.0,10.0,6.0,4.0,3.0,2.0,0.0,0.0,0.0,3.1,3.0,2.45,2.42,1.54,0.0,2.06,1.78,3.09,2.98,2.68,,Ligue 2,,20210420_Chateauroux_Rodez,-114.8350859341117,0.26,1.27,46.4,53.6
2021-04-20,Grenoble,Sochaux,2.0,0.0,4.0,1.0,4.0,5.0,6.0,4.0,3.0,2.0,0.0,0.0,2.3,3.1,3.1,2.36,1.57,-0.25,2.11,1.75,2.61,2.91,3.27,,Ligue 2,,20210420_Grenoble_Sochaux,38.322561062684144,1.49,0.56,55.6,44.4
2021-04-20,Guingamp,Chambly,1.0,0.0,4.0,2.0,9.0,2.0,4.0,3.0,1.0,1.0,0.0,0.0,1.8,3.5,4.5,2.2,1.65,-0.5,1.81,2.02,1.86,3.41,4.87,,Ligue 2,,20210420_Guingamp_Chambly,40.7971845492832,1.42,1.37,55.1,44.9
2021-04-20,Nancy,Ajaccio,2.0,0.0,4.0,2.0,7.0,7.0,6.0,7.0,0.0,0.0,0.0,0.0,3.0,3.0,2.55,2.36,1.56,0.0,1.86,1.96,2.79,2.93,3.0,,Ligue 2,,20210420_Nancy_Ajaccio,-16.653131591356214,1.18,0.45,48.2,51.8
2021-04-20,Niort,Troyes,0.0,3.0,0.0,7.0,7.0,10.0,3.0,7.0,4.0,1.0,0.0,0.0,4.75,3.4,1.72,1.82,1.97,0.75,1.89,1.94,4.62,3.96,1.76,,Ligue 2,,20210420_Niort_Troyes,-193.11599414786292,0.05,1.46,41.5,58.5
2021-04-20,Paris FC,Clermont,0.0,1.0,1.0,2.0,7.0,4.0,5.0,6.0,4.0,1.0,1.0,0.0,3.2,3.1,2.37,2.03,1.76,0.25,1.95,1.88,3.4,3.4,2.25,,Ligue 2,,20210420_Paris-FC_Clermont,-39.80024565991857,0.77,0.4,54.1,45.9
2021-04-20,Pau FC,Auxerre,3.0,0.0,5.0,2.0,5.0,17.0,5.0,11.0,1.0,2.0,0.0,0.0,3.2,3.3,2.2,1.89,1.9,0.25,1.83,2.01,3.12,3.41,2.38,,Ligue 2,,20210420_Pau-FC_Auxerre,-68.60751591477083,0.05,1.4,49.5,50.5
2021-04-24,Ajaccio,Amiens,2.0,2.0,3.0,3.0,4.0,5.0,3.0,4.0,3.0,1.0,1.0,0.0,2.0,3.0,4.33,2.45,1.53,-0.5,1.91,1.9,1.94,3.21,4.78,,Ligue 2,,20210424_Ajaccio_Amiens,5.103329211530763,0.05,0.68,53.3,46.7
2021-04-24,Auxerre,Dunkerque,2.0,1.0,4.0,2.0,12.0,6.0,3.0,4.0,2.0,3.0,1.0,0.0,1.57,4.0,5.75,1.96,1.83,-0.75,1.86,1.98,1.68,3.8,5.6,,Ligue 2,,20210424_Auxerre_Dunkerque,82.20073676771176,2.07,1.21,54.1,45.9
2021-04-24,Chambly,Nancy,1.0,1.0,5.0,2.0,10.0,8.0,5.0,0.0,2.0,2.0,0.0,0.0,3.3,3.2,2.25,2.1,1.72,0.0,1.88,1.95,2.73,3.2,2.82,,Ligue 2,,20210424_Chambly_Nancy,-85.60400090272992,0.37,1.58,46.4,53.6
2021-04-24,Guingamp,Paris FC,0.0,0.0,0.0,3.0,4.0,8.0,5.0,7.0,4.0,2.0,0.0,0.0,3.2,3.0,2.4,2.31,1.59,0.25,1.75,2.11,3.18,3.03,2.57,,Ligue 2,,20210424_Guingamp_Paris-FC,-57.69718635862637,0.73,1.17,49.3,50.7
2021-04-24,Rodez,Le Havre,1.0,1.0,3.0,7.0,8.0,4.0,3.0,2.0,2.0,0.0,0.0,0.0,2.37,3.0,3.4,2.5,1.51,0.0,1.75,2.11,2.73,2.82,3.21,,Ligue 2,,20210424_Rodez_Le-Havre,-8.621239049571159,0.88,1.51,50.0,50.0
2021-04-24,Sochaux,Caen,1.0,0.0,5.0,2.0,7.0,10.0,5.0,7.0,2.0,3.0,0.0,0.0,2.0,3.0,4.33,2.62,1.47,-0.25,1.92,1.92,2.3,3.01,3.75,,Ligue 2,,20210424_Sochaux_Caen,64.13780380957292,1.74,2.03,53.2,46.8
2021-04-24,Troyes,Grenoble,3.0,1.0,5.0,3.0,6.0,4.0,3.0,3.0,4.0,2.0,0.0,0.0,1.75,3.3,5.25,1.99,1.8,-0.75,1.97,1.86,1.75,3.65,5.2,,Ligue 2,,20210424_Troyes_Grenoble,65.64623778712962,1.32,0.97,49.3,50.7
2021-04-24,Valenciennes,Niort,1.0,1.0,3.0,4.0,4.0,7.0,4.0,5.0,2.0,1.0,1.0,0.0,2.45,3.1,3.0,1.89,1.9,0.0,2.03,1.81,2.93,3.19,2.64,,Ligue 2,,20210424_Valenciennes_Niort,53.17752333187536,0.64,1.45,51.1,48.9
2021-04-26,Clermont,Chateauroux,2.0,1.0,6.0,5.0,6.0,5.0,6.0,1.0,0.0,0.0,0.0,0.0,1.3,5.0,9.5,1.62,2.26,-1.75,1.88,1.96,1.2,6.72,15.59,,Ligue 2,,20210426_Clermont_Chateauroux,227.93823146268664,1.16,1.92,54.8,45.2
2021-04-28,Dunkerque,Amiens,1.0,1.0,3.0,3.0,7.0,3.0,2.0,1.0,1.0,0.0,0.0,0.0,2.6,3.0,2.87,2.61,1.47,-0.25,2.01,1.84,2.39,3.03,3.51,,Ligue 2,,20210428_Dunkerque_Amiens,-56.260340371517714,0.05,0.54,53.8,46.2
2021-05-01,Amiens,Guingamp,0.0,3.0,2.0,3.0,14.0,10.0,7.0,2.0,1.0,0.0,0.0,0.0,3.5,3.0,2.25,2.48,1.52,0.25,1.97,1.86,3.93,3.0,2.24,,Ligue 2,,20210501_Amiens_Guingamp,6.287652945738728,0.33,1.76,45.6,54.4
2021-05-01,Caen,Auxerre,0.0,0.0,5.0,4.0,14.0,9.0,6.0,7.0,3.0,3.0,0.0,0.0,4.2,3.4,1.85,1.85,1.93,0.25,1.9,1.94,3.22,3.42,2.32,,Ligue 2,,20210501_Caen_Auxerre,-112.46225233054088,0.72,0.86,46.6,53.4
2021-05-01,Chateauroux,Troyes,1.0,2.0,1.0,8.0,6.0,8.0,5.0,6.0,4.0,0.0,1.0,0.0,5.5,4.33,1.53,1.67,2.16,1.25,1.93,1.9,8.2,4.81,1.41,,Ligue 2,,20210501_Chateauroux_Troyes,-265.40045286655413,2.17,1.39,36.8,63.2
2021-05-01,Dunkerque,Sochaux,1.0,0.0,7.0,4.0,6.0,3.0,2.0,6.0,1.0,2.0,0.0,1.0,2.9,3.0,2.6,2.57,1.49,0.0,1.8,2.03,2.72,2.98,3.03,,Ligue 2,,20210501_Dunkerque_Sochaux,-69.99450450112363,2.08,0.96,43.5,56.5
2021-05-01,Le Havre,Chambly,2.0,4.0,6.0,6.0,7.0,4.0,4.0,3.0,4.0,3.0,0.0,0.0,1.95,3.2,4.2,2.28,1.61,-0.5,1.93,1.9,1.95,3.43,4.35,,Ligue 2,,20210501_Le-Havre_Chambly,65.4183777864821,0.88,2.1,49.1,50.9
2021-05-01,Nancy,Valenciennes,1.0,3.0,5.0,6.0,13.0,8.0,6.0,4.0,0.0,2.0,0.0,0.0,1.9,3.5,4.0,1.75,2.04,-1.0,2.08,1.77,1.65,4.12,5.3,,Ligue 2,,20210501_Nancy_Valenciennes,32.985847840869155,1.83,1.76,56.5,43.5
2021-05-01,Niort,Rodez,1.0,1.0,5.0,4.0,8.0,5.0,3.0,3.0,0.0,0.0,0.0,0.0,2.9,3.1,2.5,2.4,1.56,0.0,1.97,1.86,2.98,2.92,2.82,,Ligue 2,,20210501_Niort_Rodez,-60.10345704796919,0.73,1.24,47.8,52.2
2021-05-01,Paris FC,Toulouse,3.0,1.0,3.0,1.0,8.0,7.0,4.0,4.0,1.0,3.0,0.0,0.0,2.45,3.1,3.0,1.98,1.81,-0.25,2.08,1.77,2.44,3.34,3.08,,Ligue 2,,20210501_Paris-FC_Toulouse,-36.7052359012489,2.14,1.32,52.7,47.3
2021-05-01,Pau FC,Ajaccio,0.0,0.0,0.0,2.0,11.0,9.0,7.0,3.0,1.0,1.0,0.0,0.0,2.4,3.1,3.0,2.15,1.68,-0.25,1.93,1.9,2.29,3.18,3.55,,Ligue 2,,20210501_Pau-FC_Ajaccio,-9.526662139747486,0.56,0.35,49.7,50.3
2021-05-03,Grenoble,Clermont,1.0,2.0,3.0,6.0,8.0,5.0,6.0,6.0,1.0,2.0,0.0,0.0,4.0,3.3,2.0,2.08,1.73,0.5,2.03,1.8,4.92,3.49,1.83,,Ligue 2,,20210503_Grenoble_Clermont,-57.88490570701151,0.05,1.51,55.9,44.1
2021-05-04,Le Havre,Toulouse,0.0,1.0,2.0,3.0,6.0,5.0,5.0,2.0,4.0,4.0,1.0,0.0,4.0,3.2,2.0,2.14,1.69,0.5,1.84,1.99,4.25,3.3,2.02,,Ligue 2,,20210504_Le-Havre_Toulouse,-87.07310852110095,0.1,1.41,44.5,55.5
2021-05-08,Ajaccio,Paris FC,1.0,1.0,3.0,1.0,4.0,4.0,5.0,0.0,2.0,0.0,0.0,1.0,3.6,3.2,2.1,2.28,1.61,0.25,2.04,1.8,3.92,3.23,2.13,,Ligue 2,,20210508_Ajaccio_Paris-FC,-54.375021922934366,1.0,1.36,52.5,47.5
2021-05-08,Amiens,Niort,0.0,0.0,3.0,1.0,3.0,6.0,2.0,2.0,2.0,1.0,1.0,0.0,2.87,3.3,2.45,2.22,1.64,0.0,2.02,1.82,2.77,3.13,2.84,,Ligue 2,,20210508_Amiens_Niort,55.79430046906077,0.36,0.09,47.0,53.0
2021-05-08,Auxerre,Grenoble,1.0,1.0,5.0,1.0,12.0,8.0,6.0,0.0,0.0,3.0,0.0,0.0,2.15,3.1,3.5,1.83,1.95,-0.5,2.02,1.81,2.06,3.47,3.84,,Ligue 2,,20210508_Auxerre_Grenoble,-5.146970666539346,1.42,1.5,47.6,52.4
2021-05-08,Chambly,Pau FC,1.0,0.0,4.0,1.0,4.0,7.0,4.0,5.0,1.0,3.0,0.0,0.0,3.1,3.1,2.4,1.93,1.86,0.25,1.84,2.01,3.21,3.42,2.33,,Ligue 2,,20210508_Chambly_Pau-FC,-50.602311784159156,0.72,0.11,57.1,42.9
2021-05-08,Clermont,Sochaux,3.0,1.0,6.0,2.0,8.0,8.0,3.0,5.0,0.0,2.0,0.0,0.0,1.44,4.2,8.0,1.84,1.94,-1.25,1.85,1.99,1.36,4.84,10.6,,Ligue 2,,20210508_Clermont_Sochaux,122.40643864057688,2.47,1.33,52.4,47.6
2021-05-08,Guingamp,Chateauroux,2.0,0.0,8.0,1.0,9.0,6.0,2.0,0.0,1.0,1.0,0.0,0.0,1.44,4.0,8.0,1.95,1.84,-1.0,1.91,1.92,1.54,3.99,7.31,,Ligue 2,,20210508_Guingamp_Chateauroux,132.74083099711038,1.47,0.48,59.8,40.2
2021-05-08,Rodez,Nancy,1.0,1.0,3.0,7.0,8.0,3.0,7.0,4.0,2.0,1.0,0.0,0.0,2.4,3.1,3.0,2.17,1.67,-0.25,2.04,1.81,2.47,3.15,3.23,,Ligue 2,,20210508_Rodez_Nancy,-11.334516345301154,0.76,0.99,49.6,50.4
2021-05-08,Toulouse,Caen,3.0,0.0,6.0,6.0,11.0,9.0,5.0,7.0,0.0,4.0,0.0,1.0,1.57,3.4,7.5,1.95,1.84,-1.25,2.03,1.81,1.45,4.36,8.35,,Ligue 2,,20210508_Toulouse_Caen,142.37238737940038,1.17,0.4,51.4,48.6
2021-05-08,Troyes,Dunkerque,2.0,0.0,5.0,3.0,4.0,4.0,4.0,2.0,2.0,1.0,0.0,0.0,1.57,3.4,7.5,2.01,1.78,-0.75,1.85,1.99,1.69,3.45,6.41,,Ligue 2,,20210508_Troyes_Dunkerque,185.17078652705254,1.97,0.21,66.2,33.8
2021-05-08,Valenciennes,Le Havre,3.0,5.0,6.0,10.0,3.0,4.0,2.0,3.0,3.0,0.0,0.0,0.0,4.0,3.2,2.0,2.01,1.79,0.5,2.01,1.82,4.65,3.68,1.82,,Ligue 2,,20210508_Valenciennes_Le-Havre,17.82632923773781,1.46,1.96,47.1,52.9
2021-05-12,Toulouse,Pau FC,2.0,2.0,2.0,3.0,14.0,6.0,5.0,10.0,2.0,3.0,0.0,0.0,1.53,3.75,7.0,1.8,1.99,-0.75,1.79,2.05,1.66,3.75,5.74,,Ligue 2,,20210512_Toulouse_Pau-FC,103.55296253501638,1.06,2.05,55.2,44.8
2021-05-15,Caen,Clermont,2.0,1.0,3.0,7.0,1.0,12.0,2.0,5.0,1.0,0.0,1.0,0.0,3.4,3.4,2.15,1.72,2.09,0.5,1.78,2.06,3.99,3.64,1.93,,Ligue 2,,20210515_Caen_Clermont,-203.30341797538267,1.09,0.73,43.5,56.5
2021-05-15,Chateauroux,Ajaccio,0.0,0.0,3.0,6.0,10.0,9.0,3.0,3.0,1.0,1.0,0.0,0.0,3.25,3.0,2.37,1.67,2.17,0.25,2.06,1.77,3.74,3.57,2.02,,Ligue 2,,20210515_Chateauroux_Ajaccio,-142.64850043994102,0.92,1.34,41.9,58.1
2021-05-15,Dunkerque,Toulouse,3.0,3.0,5.0,4.0,7.0,7.0,6.0,1.0,1.0,1.0,0.0,1.0,2.55,3.0,3.0,1.97,1.82,-0.25,1.93,1.9,2.37,3.03,3.44,,Ligue 2,,20210515_Dunkerque_Toulouse,-127.99319862225116,1.87,1.35,41.1,58.9
2021-05-15,Grenoble,Rodez,1.0,0.0,5.0,1.0,13.0,5.0,6.0,3.0,1.0,2.0,0.0,0.0,1.55,3.6,7.0,1.84,1.95,-1.25,2.1,1.75,1.45,4.21,8.79,,Ligue 2,,20210515_Grenoble_Rodez,59.13478702884231,1.37,1.01,57.2,42.8
2021-05-15,Le Havre,Troyes,3.0,2.0,4.0,15.0,3.0,7.0,1.0,8.0,1.0,2.0,0.0,0.0,4.6,3.25,1.85,1.59,2.32,1.25,1.84,1.99,7.09,4.53,1.47,,Ligue 2,,20210515_Le-Havre_Troyes,-165.90637434109954,1.85,0.38,36.1,63.9
2021-05-15,Nancy,Amiens,2.0,2.0,5.0,3.0,8.0,2.0,9.0,1.0,0.0,1.0,0.0,0.0,2.0,3.2,4.0,1.78,2.02,-0.5,2.0,1.82,2.07,3.37,3.78,,Ligue 2,,20210515_Nancy_Amiens,13.052128011897821,0.52,1.61,50.6,49.4
2021-05-15,Niort,Guingamp,0.0,2.0,1.0,4.0,15.0,5.0,3.0,1.0,2.0,1.0,1.0,0.0,2.4,3.1,3.1,1.88,1.9,-0.25,2.01,1.83,2.42,3.03,3.34,,Ligue 2,,20210515_Niort_Guingamp,-79.65633615757679,0.51,1.7,48.1,51.9
2021-05-15,Paris FC,Chambly,3.0,0.0,6.0,1.0,4.0,5.0,4.0,4.0,3.0,3.0,0.0,1.0,1.5,3.8,7.0,1.67,2.15,-1.0,1.99,1.84,1.62,3.98,5.77,,Ligue 2,,20210515_Paris-FC_Chambly,98.2477321368167,0.36,1.08,50.7,49.3
2021-05-15,Pau FC,Valenciennes,4.0,3.0,5.0,7.0,5.0,9.0,3.0,6.0,3.0,3.0,0.0,0.0,1.72,3.5,5.0,1.47,2.62,-1.0,2.03,1.8,1.65,4.19,5.07,,Ligue 2,,20210515_Pau-FC_Valenciennes,7.231902222710005,1.02,1.83,57.8,42.2
2021-05-15,Sochaux,Auxerre,2.0,3.0,8.0,9.0,8.0,13.0,2.0,5.0,0.0,0.0,0.0,0.0,4.5,3.0,1.95,1.7,2.12,0.75,1.95,1.88,4.84,3.93,1.71,,Ligue 2,,20210515_Sochaux_Auxerre,-47.45316249629218,1.06,0.84,52.9,47.1
2021-07-24,Amiens,Auxerre,1.0,2.0,4.0,5.0,6.0,7.0,9.0,5.0,2.0,3.0,0.0,0.0,2.7,3.1,2.8,2.34,1.58,0.25,1.77,2.07,3.28,3.07,2.49,,Ligue 2,,20210724_Amiens_Auxerre,-66.7641743116842,0.91,1.98,36.0,64.0
2021-07-24,Bastia,Nimes,1.0,1.0,4.0,6.0,6.0,3.0,4.0,2.0,2.0,2.0,0.0,0.0,3.0,3.2,2.4,2.31,1.59,-0.25,2.02,1.81,2.39,3.22,3.29,,Ligue 2,,20210724_Bastia_Nimes,-94.67941327308313,0.78,1.51,40.3,59.7
2021-07-24,Caen,Rodez,4.0,0.0,5.0,7.0,8.0,8.0,2.0,8.0,1.0,2.0,0.0,0.0,2.37,3.1,3.1,2.59,1.48,-0.25,2.07,1.77,2.49,2.97,3.38,,Ligue 2,,20210724_Caen_Rodez,-29.835166874809374,2.09,1.8,49.4,50.6
2021-07-24,Dunkerque,Quevilly Rouen,1.0,1.0,3.0,3.0,4.0,2.0,6.0,5.0,3.0,1.0,0.0,0.0,2.2,3.2,3.4,2.51,1.51,-0.5,1.84,1.97,1.89,3.27,4.98,,Ligue 2,,20210724_Dunkerque_Quevilly-Rouen,36.678875794137184,0.54,0.58,50.1,49.9
2021-07-24,Grenoble,Paris FC,0.0,4.0,0.0,11.0,2.0,8.0,5.0,10.0,2.0,0.0,0.0,0.0,2.7,3.1,2.75,2.2,1.66,0.0,2.1,1.76,2.98,3.13,2.64,,Ligue 2,,20210724_Grenoble_Paris-FC,-10.070356998810212,0.89,1.69,42.1,57.9
2021-07-24,Le Havre,Guingamp,0.0,0.0,4.0,3.0,11.0,12.0,4.0,5.0,1.0,2.0,0.0,0.0,2.4,3.2,3.0,2.28,1.61,-0.25,2.08,1.76,2.49,3.09,3.26,,Ligue 2,,20210724_Le-Havre_Guingamp,-18.130111375292017,2.05,0.05,44.3,55.7
2021-07-24,Pau FC,Nancy,2.0,1.0,8.0,2.0,6.0,9.0,2.0,5.0,2.0,3.0,0.0,1.0,2.5,3.0,3.0,2.34,1.58,0.0,1.75,2.12,2.6,2.98,3.19,,Ligue 2,,20210724_Pau-FC_Nancy,0.49484362784460245,1.28,1.44,47.1,52.9
2021-07-24,Toulouse,Ajaccio,2.0,2.0,5.0,6.0,12.0,5.0,10.0,6.0,1.0,6.0,1.0,1.0,2.0,3.1,4.2,2.28,1.61,-0.5,1.89,1.93,1.9,3.3,4.84,,Ligue 2,,20210724_Toulouse_Ajaccio,76.04804486974717,0.84,0.95,50.5,49.5
2021-07-24,Valenciennes,Niort,0.0,0.0,1.0,3.0,11.0,9.0,6.0,7.0,2.0,3.0,0.0,0.0,2.15,3.0,3.75,1.9,1.88,-0.25,1.96,1.86,2.33,3.32,3.3,,Ligue 2,,20210724_Valenciennes_Niort,43.63290730013614,0.49,0.23,52.2,47.8
2021-07-26,Dijon,Sochaux,1.0,3.0,1.0,5.0,8.0,8.0,2.0,2.0,2.0,2.0,0.0,0.0,2.15,3.4,3.25,2.57,1.49,0.5,1.8,2.02,3.93,3.24,2.12,,Ligue 2,,20210726_Dijon_Sochaux,19.79974371669209,0.84,0.97,50.4,49.6
2021-07-31,Ajaccio,Amiens,3.0,1.0,3.0,1.0,13.0,5.0,7.0,2.0,2.0,4.0,0.0,0.0,1.9,3.25,4.2,2.41,1.55,-0.5,1.95,1.86,1.96,3.24,4.64,,Ligue 2,,20210731_Ajaccio_Amiens,29.52824391009176,1.95,1.95,49.6,50.4
2021-07-31,Guingamp,Valenciennes,1.0,1.0,2.0,2.0,9.0,5.0,5.0,3.0,4.0,2.0,0.0,0.0,1.85,3.4,4.5,1.97,1.82,-0.75,1.94,1.89,1.75,3.64,5.27,,Ligue 2,,20210731_Guingamp_Valenciennes,55.48892050490258,1.31,0.99,54.6,45.4
2021-07-31,Nancy,Toulouse,0.0,4.0,3.0,8.0,10.0,4.0,7.0,4.0,0.0,2.0,0.0,0.0,3.6,3.4,2.05,1.96,1.82,0.5,1.87,1.94,4.09,3.47,1.99,,Ligue 2,,20210731_Nancy_Toulouse,-90.51534106481313,1.06,1.8,44.5,55.5
2021-07-31,Nimes,Dijon,2.0,1.0,7.0,3.0,8.0,8.0,9.0,2.0,2.0,2.0,0.0,1.0,2.0,3.4,3.8,2.29,1.61,-0.5,1.99,1.83,2.0,3.29,4.32,,Ligue 2,,20210731_Nimes_Dijon,104.17103497329254,1.21,1.63,55.6,44.4
2021-07-31,Niort,Caen,0.0,1.0,3.0,3.0,3.0,6.0,6.0,3.0,2.0,2.0,1.0,0.0,2.6,3.2,2.7,2.39,1.56,0.25,1.79,2.05,3.22,3.14,2.48,,Ligue 2,,20210731_Niort_Caen,-35.4858052752586,0.6,0.89,50.5,49.5
2021-07-31,Paris FC,Dunkerque,2.0,1.0,7.0,2.0,5.0,6.0,9.0,3.0,0.0,1.0,0.0,0.0,1.61,3.75,6.0,2.06,1.74,-1.0,2.04,1.8,1.59,3.83,6.81,,Ligue 2,,20210731_Paris-FC_Dunkerque,120.40864404551189,0.76,1.09,53.1,46.9
2021-07-31,Rodez,Pau FC,1.0,0.0,5.0,2.0,2.0,4.0,5.0,3.0,2.0,2.0,1.0,1.0,2.5,3.2,2.9,2.33,1.58,0.0,1.76,2.09,2.58,3.03,3.17,,Ligue 2,,20210731_Rodez_Pau-FC,-45.583991400926834,1.23,0.68,55.6,44.4
2021-07-31,Sochaux,Le Havre,0.0,2.0,3.0,4.0,9.0,6.0,8.0,3.0,3.0,0.0,0.0,0.0,2.25,3.3,3.2,2.3,1.59,-0.5,2.04,1.78,2.07,3.25,4.12,,Ligue 2,,20210731_Sochaux_Le-Havre,-7.772429552451058,0.6,0.05,52.2,47.8
2021-08-02,Auxerre,Grenoble,3.0,0.0,5.0,1.0,10.0,6.0,1.0,3.0,0.0,1.0,0.0,0.0,1.95,3.4,3.8,1.89,1.89,-0.5,1.88,1.93,1.93,3.45,4.44,,Ligue 2,,20210802_Auxerre_Grenoble,16.9769287851193,1.67,0.99,49.1,50.9
2021-08-07,Amiens,Quevilly Rouen,1.0,3.0,3.0,5.0,8.0,6.0,6.0,1.0,0.0,2.0,0.0,1.0,2.0,3.4,3.75,2.38,1.56,-0.5,1.91,1.9,1.95,3.47,4.28,,Ligue 2,,20210807_Amiens_Quevilly-Rouen,40.974427795089696,1.24,0.94,47.0,53.0
2021-08-07,Auxerre,Ajaccio,0.0,0.0,2.0,1.0,6.0,4.0,6.0,2.0,3.0,4.0,0.0,0.0,2.25,3.1,3.4,2.04,1.76,-0.5,2.01,1.81,2.04,3.32,4.11,,Ligue 2,,20210807_Auxerre_Ajaccio,57.11149050980839,1.09,0.71,57.5,42.5
2021-08-07,Caen,Sochaux,1.0,2.0,5.0,7.0,10.0,10.0,3.0,7.0,0.0,1.0,1.0,0.0,2.5,3.1,3.0,2.61,1.47,0.0,2.0,1.82,3.0,2.95,2.77,,Ligue 2,,20210807_Caen_Sochaux,-13.476219204536164,1.27,0.5,48.4,51.6
2021-08-07,Dijon,Rodez,1.0,1.0,4.0,2.0,3.0,11.0,2.0,4.0,3.0,1.0,0.0,0.0,2.25,3.2,3.2,2.42,1.54,-0.25,2.06,1.79,2.37,3.13,3.43,,Ligue 2,,20210807_Dijon_Rodez,4.56907168263956,1.0,1.05,50.4,49.6
2021-08-07,Dunkerque,Niort,1.0,2.0,2.0,3.0,7.0,1.0,5.0,4.0,1.0,0.0,0.0,0.0,2.37,3.1,3.1,2.44,1.54,-0.25,1.87,1.95,2.28,2.94,3.92,,Ligue 2,,20210807_Dunkerque_Niort,35.474419139519114,0.45,0.9,47.3,52.7
2021-08-07,Grenoble,Guingamp,0.0,0.0,4.0,1.0,5.0,7.0,3.0,3.0,2.0,4.0,0.0,1.0,2.5,3.2,2.87,2.5,1.51,0.0,2.08,1.77,3.0,3.12,2.64,,Ligue 2,,20210807_Grenoble_Guingamp,14.09240755257838,1.52,0.75,54.1,45.9
2021-08-07,Le Havre,Paris FC,1.0,2.0,3.0,2.0,8.0,7.0,6.0,2.0,0.0,1.0,1.0,0.0,3.0,3.3,2.35,1.99,1.8,0.25,1.9,1.92,3.4,3.44,2.23,,Ligue 2,,20210807_Le-Havre_Paris-FC,-70.12841022347288,1.5,1.77,45.2,54.8
2021-08-07,Pau FC,Toulouse,0.0,1.0,4.0,2.0,10.0,2.0,4.0,1.0,1.0,1.0,0.0,0.0,4.2,3.1,2.0,2.03,1.77,0.5,1.83,1.98,4.09,3.33,2.04,,Ligue 2,,20210807_Pau-FC_Toulouse,-88.56269514437099,1.26,1.45,49.4,50.6
2021-08-07,Valenciennes,Nimes,0.0,3.0,2.0,3.0,12.0,4.0,5.0,3.0,2.0,2.0,0.0,0.0,2.6,3.1,2.8,2.02,1.78,0.25,1.78,2.05,3.09,3.31,2.45,,Ligue 2,,20210807_Valenciennes_Nimes,-136.04791226811108,0.1,1.56,42.9,57.1
2021-08-11,Bastia,Nancy,1.0,1.0,1.0,4.0,3.0,1.0,3.0,3.0,2.0,1.0,0.0,0.0,2.15,3.3,3.4,2.0,1.79,-0.5,1.94,1.87,2.0,3.47,4.07,,Ligue 2,,20210811_Bastia_Nancy,30.334507774905887,0.98,1.02,61.7,38.3
2021-08-14,Guingamp,Amiens,0.0,2.0,5.0,2.0,8.0,7.0,16.0,4.0,3.0,2.0,0.0,0.0,1.85,3.3,4.33,2.51,1.51,-0.5,1.92,1.9,1.93,3.2,4.93,,Ligue 2,,20210814_Guingamp_Amiens,68.60249802665271,0.72,2.12,47.6,52.4
2021-08-14,Nancy,Valenciennes,0.0,1.0,2.0,5.0,9.0,10.0,4.0,5.0,3.0,3.0,1.0,0.0,2.2,3.25,3.3,1.82,1.96,-0.5,2.05,1.77,2.06,3.56,3.73,,Ligue 2,,20210814_Nancy_Valenciennes,17.483284533694132,1.22,0.62,49.0,51.0
2021-08-14,Nimes,Pau FC,0.0,0.0,3.0,1.0,10.0,10.0,9.0,5.0,0.0,0.0,0.0,0.0,1.85,3.4,4.5,2.34,1.58,-0.25,1.82,2.02,2.2,3.07,3.93,,Ligue 2,,20210814_Nimes_Pau-FC,123.83236380221024,1.51,1.51,56.0,44.0
2021-08-14,Niort,Grenoble,1.0,0.0,4.0,1.0,7.0,11.0,5.0,6.0,3.0,3.0,0.0,1.0,2.37,3.3,3.0,2.28,1.6,-0.25,2.02,1.82,2.48,3.2,3.14,,Ligue 2,,20210814_Niort_Grenoble,-105.38667546425336,1.77,0.27,45.6,54.4
2021-08-14,Quevilly Rouen,Dijon,2.0,1.0,5.0,5.0,13.0,6.0,2.0,6.0,1.0,3.0,0.0,0.0,2.7,3.2,2.4,2.19,1.65,0.0,1.84,1.99,2.68,3.11,2.97,,Ligue 2,,20210814_Quevilly-Rouen_Dijon,-45.29176031539782,0.8,0.05,59.4,40.6
2021-08-14,Rodez,Le Havre,0.0,0.0,2.0,0.0,8.0,4.0,3.0,1.0,1.0,1.0,0.0,0.0,2.9,3.1,2.5,2.27,1.62,-0.25,1.8,2.04,2.12,3.26,3.89,,Ligue 2,,20210814_Rodez_Le-Havre,-28.377706691094318,1.71,0.4,48.2,51.8
2021-08-14,Sochaux,Dunkerque,1.0,0.0,3.0,2.0,8.0,11.0,4.0,10.0,2.0,3.0,0.0,0.0,1.65,3.6,6.0,2.27,1.61,-0.75,1.94,1.9,1.68,3.63,6.03,,Ligue 2,,20210814_Sochaux_Dunkerque,59.800605185729864,1.45,0.55,49.8,50.2
2021-08-14,Toulouse,Bastia,1.0,0.0,3.0,3.0,11.0,4.0,2.0,2.0,0.0,2.0,0.0,0.0,,,,1.94,1.85,-0.75,1.92,1.9,1.75,3.67,5.21,,Ligue 2,,20210814_Toulouse_Bastia,88.11676552451786,1.8,0.65,51.0,49.0
2021-08-16,Paris FC,Auxerre,1.0,1.0,5.0,5.0,11.0,4.0,7.0,6.0,3.0,2.0,0.0,0.0,,,,1.83,1.96,-0.25,1.94,1.89,2.35,3.32,3.27,,Ligue 2,,20210816_Paris-FC_Auxerre,24.549187982883495,1.64,2.04,50.0,50.0
2021-08-18,Quevilly Rouen,Bastia,1.0,2.0,3.0,6.0,11.0,3.0,5.0,4.0,2.0,2.0,0.0,0.0,3.0,3.1,2.45,2.12,1.7,0.25,1.86,1.97,3.33,3.26,2.34,,Ligue 2,,20210818_Quevilly-Rouen_Bastia,-46.209556239651874,0.79,1.7,51.8,48.2
2021-08-21,Amiens,Sochaux,0.0,0.0,2.0,3.0,6.0,10.0,5.0,7.0,2.0,5.0,1.0,1.0,3.0,3.2,2.45,2.56,1.49,0.25,1.8,2.02,3.45,3.0,2.44,,Ligue 2,,20210821_Amiens_Sochaux,-40.78390513665181,0.56,1.08,46.0,54.0
2021-08-21,Caen,Nancy,1.0,0.0,4.0,3.0,7.0,8.0,5.0,4.0,0.0,1.0,0.0,0.0,2.1,3.2,3.6,2.07,1.74,-0.5,2.01,1.81,2.05,3.42,3.93,,Ligue 2,,20210821_Caen_Nancy,-5.157929721220626,0.09,1.94,46.8,53.2
2021-08-21,Dijon,Toulouse,2.0,4.0,4.0,7.0,12.0,8.0,5.0,3.0,3.0,3.0,0.0,0.0,4.0,3.5,1.9,1.9,1.89,0.5,2.01,1.8,4.48,3.79,1.83,,Ligue 2,,20210821_Dijon_Toulouse,-134.18594900919834,1.07,1.91,45.6,54.4
2021-08-21,Dunkerque,Nimes,0.0,2.0,2.0,7.0,6.0,2.0,5.0,4.0,1.0,2.0,0.0,0.0,3.3,3.1,2.25,2.21,1.64,0.0,2.11,1.75,3.08,3.1,2.59,,Ligue 2,,20210821_Dunkerque_Nimes,-180.48551637738,0.66,0.74,46.4,53.6
2021-08-21,Grenoble,Quevilly Rouen,2.0,0.0,4.0,1.0,9.0,6.0,5.0,6.0,0.0,1.0,0.0,0.0,2.05,3.3,3.6,2.09,1.73,-0.5,1.94,1.87,1.98,3.42,4.22,,Ligue 2,,20210821_Grenoble_Quevilly-Rouen,77.20458261075919,2.06,0.35,48.3,51.7
2021-08-21,Le Havre,Niort,2.0,1.0,5.0,3.0,9.0,5.0,6.0,1.0,3.0,3.0,0.0,0.0,2.0,3.4,3.8,2.12,1.7,-0.5,2.07,1.77,2.13,3.22,3.95,,Ligue 2,,20210821_Le-Havre_Niort,62.41342680691446,1.64,2.62,48.6,51.4
2021-08-21,Pau FC,Bastia,2.0,0.0,5.0,1.0,11.0,10.0,6.0,8.0,2.0,2.0,0.0,1.0,2.37,3.1,3.1,2.41,1.55,-0.25,2.08,1.77,2.47,3.02,3.36,,Ligue 2,,20210821_Pau-FC_Bastia,-15.745868778876229,1.31,1.96,48.3,51.7
2021-08-21,Valenciennes,Rodez,1.0,4.0,3.0,9.0,7.0,4.0,5.0,7.0,2.0,3.0,1.0,0.0,2.4,3.2,3.0,2.36,1.58,0.0,1.96,1.86,2.98,3.03,2.72,,Ligue 2,,20210821_Valenciennes_Rodez,-6.355323184586041,0.76,1.59,48.2,51.8
2021-08-23,Auxerre,Guingamp,1.0,2.0,4.0,2.0,10.0,5.0,7.0,2.0,2.0,1.0,0.0,0.0,2.0,3.4,3.75,2.12,1.7,-0.5,1.89,1.93,1.91,3.43,4.56,,Ligue 2,,20210823_Auxerre_Guingamp,66.64170854087774,0.41,0.69,50.7,49.3
2021-08-25,Ajaccio,Caen,2.0,0.0,5.0,1.0,6.0,6.0,2.0,1.0,2.0,2.0,0.0,1.0,2.3,3.1,3.2,2.44,1.54,-0.25,1.87,1.96,2.23,3.05,3.88,,Ligue 2,,20210825_Ajaccio_Caen,46.056401054964454,0.88,0.42,43.7,56.3
2021-08-28,Bastia,Le Havre,0.0,0.0,4.0,2.0,13.0,4.0,7.0,2.0,2.0,2.0,0.0,0.0,2.25,3.2,3.25,2.18,1.66,-0.5,2.04,1.79,2.08,3.31,3.99,,Ligue 2,,20210828_Bastia_Le-Havre,-20.670320406852625,1.64,0.87,43.6,56.4
2021-08-28,Guingamp,Ajaccio,1.0,1.0,3.0,4.0,5.0,4.0,8.0,5.0,0.0,0.0,0.0,0.0,2.37,3.1,3.1,2.49,1.51,0.0,1.73,2.13,2.69,2.85,3.21,,Ligue 2,,20210828_Guingamp_Ajaccio,-8.738312018613897,1.05,0.49,51.7,48.3
2021-08-28,Nancy,Auxerre,1.0,4.0,3.0,8.0,14.0,9.0,7.0,7.0,1.0,2.0,0.0,0.0,3.3,3.3,2.15,2.02,1.77,0.25,1.82,2.01,3.21,3.26,2.41,,Ligue 2,,20210828_Nancy_Auxerre,-105.02885036498651,1.05,1.91,40.4,59.6
2021-08-28,Nimes,Caen,0.0,0.0,2.0,1.0,7.0,8.0,6.0,2.0,2.0,2.0,0.0,0.0,2.0,3.4,3.8,2.26,1.62,-0.5,1.98,1.83,2.03,3.19,4.36,,Ligue 2,,20210828_Nimes_Caen,151.7887859449802,0.05,1.61,62.6,37.4
2021-08-28,Niort,Amiens,0.0,0.0,6.0,0.0,11.0,7.0,6.0,6.0,2.0,1.0,0.0,0.0,2.55,3.1,2.9,2.43,1.53,0.0,1.84,1.99,2.74,2.96,3.03,,Ligue 2,,20210828_Niort_Amiens,-33.74097804897974,1.28,0.76,55.7,44.3
2021-08-28,Pau FC,Dijon,2.0,0.0,5.0,6.0,1.0,7.0,3.0,3.0,1.0,1.0,0.0,0.0,2.05,3.3,3.6,2.21,1.64,-0.5,2.04,1.78,2.1,3.29,3.92,,Ligue 2,,20210828_Pau-FC_Dijon,42.8226176779724,0.96,1.16,53.0,47.0
2021-08-28,Quevilly Rouen,Paris FC,0.0,1.0,2.0,7.0,8.0,17.0,3.0,7.0,3.0,2.0,1.0,0.0,4.0,3.4,1.9,1.81,1.97,0.5,1.97,1.85,4.2,3.83,1.87,,Ligue 2,,20210828_Quevilly-Rouen_Paris-FC,-164.15264272881018,0.05,1.1,44.9,55.1
2021-08-28,Rodez,Dunkerque,2.0,2.0,4.0,2.0,7.0,6.0,4.0,1.0,2.0,3.0,0.0,0.0,2.0,3.3,3.8,2.53,1.5,-0.5,1.85,1.96,1.88,3.2,5.2,,Ligue 2,,20210828_Rodez_Dunkerque,70.49913911213321,1.01,1.35,51.8,48.2
2021-08-28,Sochaux,Grenoble,1.0,0.0,3.0,0.0,7.0,5.0,4.0,0.0,2.0,1.0,0.0,0.0,1.8,3.5,4.5,2.34,1.58,-0.75,2.05,1.79,1.78,3.57,5.14,,Ligue 2,,20210828_Sochaux_Grenoble,-21.845364828034917,0.1,1.37,52.0,48.0
2021-08-28,Toulouse,Valenciennes,1.0,0.0,4.0,4.0,11.0,8.0,7.0,5.0,3.0,0.0,0.0,0.0,1.45,4.33,7.5,1.6,2.27,-1.0,1.78,2.06,1.52,4.37,6.58,,Ligue 2,,20210828_Toulouse_Valenciennes,149.6246382253089,1.16,0.26,57.9,42.1
2021-09-11,Ajaccio,Sochaux,1.0,0.0,5.0,1.0,6.0,6.0,5.0,6.0,5.0,2.0,0.0,0.0,2.55,3.0,3.0,2.68,1.45,-0.25,2.09,1.76,2.56,2.96,3.28,,Ligue 2,,20210911_Ajaccio_Sochaux,10.499483299932763,1.31,0.38,43.4,56.6
2021-09-11,Amiens,Rodez,0.0,1.0,1.0,5.0,12.0,9.0,1.0,4.0,2.0,2.0,0.0,0.0,2.5,2.9,3.1,2.69,1.45,0.0,1.83,2.0,2.85,2.81,3.07,,Ligue 2,,20210911_Amiens_Rodez,-22.658031539839612,1.26,1.34,50.3,49.7
2021-09-11,Auxerre,Niort,4.0,0.0,6.0,5.0,7.0,9.0,6.0,2.0,0.0,0.0,0.0,0.0,1.65,3.75,5.5,1.76,2.04,-0.75,1.69,2.19,1.56,4.15,6.41,,Ligue 2,,20210911_Auxerre_Niort,131.94815159579343,1.93,0.37,45.9,54.1
2021-09-11,Caen,Pau FC,1.0,2.0,6.0,5.0,10.0,5.0,5.0,6.0,1.0,2.0,0.0,0.0,2.15,3.1,3.5,2.48,1.52,-0.25,2.0,1.83,2.47,2.91,3.51,,Ligue 2,,20210911_Caen_Pau-FC,-48.032503820637885,0.41,0.99,53.0,47.0
2021-09-11,Dijon,Bastia,2.0,1.0,3.0,5.0,5.0,7.0,6.0,4.0,3.0,3.0,0.0,0.0,2.7,3.0,2.8,2.22,1.64,0.0,1.95,1.88,2.82,3.22,2.71,,Ligue 2,,20210911_Dijon_Bastia,-44.72303439944608,0.64,1.89,46.5,53.5
2021-09-11,Dunkerque,Nancy,0.0,0.0,3.0,6.0,16.0,6.0,6.0,3.0,3.0,2.0,0.0,1.0,2.3,3.1,3.25,2.08,1.74,-0.25,2.09,1.77,2.42,3.21,3.24,,Ligue 2,,20210911_Dunkerque_Nancy,-21.58064757606303,1.06,0.99,53.2,46.8
2021-09-11,Grenoble,Nimes,2.0,1.0,2.0,3.0,14.0,5.0,12.0,3.0,4.0,4.0,0.0,0.0,3.1,3.1,2.45,2.27,1.62,0.0,1.81,2.03,2.59,3.11,3.07,,Ligue 2,,20210911_Grenoble_Nimes,-94.42555573413756,0.65,0.05,49.7,50.3
2021-09-11,Paris FC,Guingamp,0.0,1.0,11.0,2.0,7.0,3.0,8.0,1.0,0.0,0.0,0.0,0.0,1.8,3.4,4.75,2.18,1.66,-0.5,1.81,2.01,1.88,3.24,5.07,,Ligue 2,,20210911_Paris-FC_Guingamp,81.6399560507889,1.01,0.32,58.9,41.1
2021-09-11,Valenciennes,Quevilly Rouen,1.0,2.0,1.0,3.0,6.0,10.0,4.0,5.0,2.0,3.0,0.0,0.0,2.0,3.2,4.0,1.96,1.83,-0.25,1.81,2.03,2.16,3.32,3.72,,Ligue 2,,20210911_Valenciennes_Quevilly-Rouen,29.70280517861147,0.39,0.88,61.7,38.3
2021-09-13,Le Havre,Toulouse,1.0,1.0,4.0,2.0,5.0,7.0,9.0,6.0,1.0,4.0,1.0,0.0,3.8,3.2,2.05,2.06,1.75,0.25,1.87,1.95,3.4,3.17,2.36,,Ligue 2,,20210913_Le-Havre_Toulouse,-103.0424649145416,0.94,0.68,42.9,57.1
2021-09-14,Ajaccio,Paris FC,1.0,0.0,3.0,3.0,8.0,4.0,2.0,4.0,0.0,1.0,0.0,1.0,3.1,3.1,2.37,2.44,1.54,-0.25,2.0,1.83,2.4,3.22,3.26,,Ligue 2,,20210914_Ajaccio_Paris-FC,-47.098698988521164,0.69,0.72,55.6,44.4
2021-09-18,Bastia,Caen,1.0,1.0,3.0,3.0,1.0,8.0,1.0,6.0,2.0,1.0,0.0,0.0,2.25,3.1,3.3,2.19,1.66,-0.5,2.03,1.81,2.05,3.38,4.0,,Ligue 2,,20210918_Bastia_Caen,25.691415184017615,1.09,0.91,57.8,42.2
2021-09-18,Dijon,Dunkerque,2.0,0.0,5.0,3.0,9.0,6.0,8.0,4.0,2.0,3.0,0.0,0.0,2.05,3.25,3.75,2.21,1.65,-0.5,1.84,1.99,1.86,3.46,4.77,,Ligue 2,,20210918_Dijon_Dunkerque,40.71706725039712,1.57,0.65,45.3,54.7
2021-09-18,Nancy,Le Havre,1.0,1.0,5.0,5.0,8.0,3.0,4.0,3.0,4.0,2.0,1.0,0.0,2.75,3.3,2.55,2.11,1.7,0.0,1.94,1.89,2.81,3.24,2.71,,Ligue 2,,20210918_Nancy_Le-Havre,-74.51437967668085,0.83,1.37,47.9,52.1
2021-09-18,Nimes,Amiens,3.0,3.0,6.0,7.0,6.0,9.0,3.0,6.0,4.0,3.0,0.0,0.0,1.9,3.3,4.2,2.35,1.57,-0.5,1.98,1.85,2.01,3.14,4.45,,Ligue 2,,20210918_Nimes_Amiens,138.69382351624427,0.71,1.44,52.7,47.3
2021-09-18,Niort,Guingamp,2.0,0.0,4.0,3.0,6.0,7.0,3.0,5.0,2.0,3.0,0.0,0.0,2.7,3.1,2.7,2.33,1.59,0.0,2.04,1.8,2.96,3.08,2.71,,Ligue 2,,20210918_Niort_Guingamp,-108.09576159860285,0.05,1.11,45.1,54.9
2021-09-18,Pau FC,Valenciennes,1.0,1.0,3.0,4.0,3.0,11.0,6.0,5.0,4.0,2.0,0.0,0.0,2.0,3.2,4.0,1.93,1.86,-0.5,1.91,1.91,1.92,3.53,4.32,,Ligue 2,,20210918_Pau-FC_Valenciennes,84.12849583501338,1.18,0.5,59.0,41.0
2021-09-18,Quevilly Rouen,Auxerre,0.0,0.0,4.0,3.0,4.0,8.0,1.0,4.0,2.0,1.0,0.0,1.0,3.8,3.5,1.95,1.72,2.09,0.75,1.81,2.02,4.36,3.83,1.83,,Ligue 2,,20210918_Quevilly-Rouen_Auxerre,-136.8456858217021,1.54,0.55,47.0,53.0
2021-09-18,Rodez,Ajaccio,0.0,2.0,7.0,3.0,8.0,3.0,5.0,3.0,0.0,3.0,0.0,0.0,2.45,3.2,2.9,2.9,1.39,0.0,1.83,2.01,2.76,2.85,3.13,,Ligue 2,,20210918_Rodez_Ajaccio,-53.77199890635552,0.05,2.13,43.9,56.1
2021-09-18,Sochaux,Paris FC,2.0,0.0,4.0,2.0,8.0,4.0,3.0,3.0,1.0,2.0,0.0,0.0,2.45,3.2,3.0,2.36,1.57,-0.25,2.02,1.83,2.42,3.07,3.4,,Ligue 2,,20210918_Sochaux_Paris-FC,-67.25628493281965,0.71,0.05,45.5,54.5
2021-09-18,Toulouse,Grenoble,4.0,1.0,10.0,2.0,7.0,6.0,4.0,2.0,2.0,0.0,0.0,0.0,1.61,3.75,5.75,1.9,1.88,-1.0,1.94,1.9,1.53,4.15,6.94,,Ligue 2,,20210918_Toulouse_Grenoble,85.02337318743935,1.0,1.84,49.7,50.3
2021-09-21,Ajaccio,Niort,0.0,0.0,6.0,1.0,6.0,2.0,5.0,1.0,3.0,3.0,0.0,0.0,1.7,3.5,5.25,2.28,1.61,-1.0,2.05,1.79,1.6,3.7,6.96,,Ligue 2,,20210921_Ajaccio_Niort,121.25587298118307,0.05,0.24,53.8,46.2
2021-09-21,Amiens,Pau FC,2.0,2.0,4.0,5.0,6.0,6.0,7.0,7.0,0.0,2.0,0.0,0.0,2.37,3.1,3.1,2.49,1.52,-0.25,1.87,1.96,2.22,3.08,3.87,,Ligue 2,,20210921_Amiens_Pau-FC,-62.936473358789954,1.33,1.21,50.4,49.6
2021-09-21,Auxerre,Rodez,1.0,0.0,8.0,2.0,8.0,8.0,8.0,2.0,0.0,0.0,0.0,0.0,1.85,3.5,4.2,1.98,1.81,-0.75,1.99,1.85,1.76,3.69,5.06,,Ligue 2,,20210921_Auxerre_Rodez,79.96502278810567,1.38,0.05,54.1,45.9
2021-09-21,Caen,Dijon,0.0,1.0,5.0,2.0,10.0,8.0,3.0,3.0,2.0,3.0,1.0,0.0,2.05,3.3,3.6,2.19,1.66,-0.25,1.94,1.89,2.31,3.11,3.58,,Ligue 2,,20210921_Caen_Dijon,-17.755136819240533,0.75,1.23,48.7,51.3
2021-09-21,Dunkerque,Toulouse,0.0,2.0,1.0,5.0,6.0,8.0,1.0,2.0,2.0,2.0,0.0,0.0,5.25,3.75,1.66,2.03,1.76,0.75,1.89,1.94,5.21,3.58,1.77,,Ligue 2,,20210921_Dunkerque_Toulouse,-210.45308516312116,0.05,1.67,41.5,58.5
2021-09-21,Grenoble,Nancy,4.0,1.0,8.0,2.0,4.0,15.0,3.0,4.0,1.0,3.0,1.0,0.0,2.0,3.3,3.75,1.94,1.84,-0.25,1.98,1.85,2.43,3.17,3.26,,Ligue 2,,20210921_Grenoble_Nancy,73.96162177206588,2.49,0.69,54.4,45.6
2021-09-21,Guingamp,Sochaux,1.0,2.0,3.0,2.0,14.0,3.0,5.0,2.0,5.0,5.0,0.0,0.0,3.1,3.1,2.3,2.72,1.44,0.0,2.13,1.74,3.09,2.95,2.7,,Ligue 2,,20210921_Guingamp_Sochaux,-1.1407763092422556,0.65,1.1,48.0,52.0
2021-09-21,Le Havre,Quevilly Rouen,1.0,0.0,2.0,3.0,9.0,6.0,0.0,7.0,1.0,2.0,0.0,0.0,2.0,3.5,3.75,2.12,1.7,-0.25,1.83,2.01,2.21,3.23,3.67,,Ligue 2,,20210921_Le-Havre_Quevilly-Rouen,73.94767217513458,0.97,0.24,57.2,42.8
2021-09-21,Paris FC,Nimes,2.0,0.0,6.0,2.0,7.0,5.0,3.0,3.0,1.0,2.0,0.0,0.0,1.95,3.4,4.0,2.14,1.69,-0.25,2.0,1.84,2.41,3.09,3.39,,Ligue 2,,20210921_Paris-FC_Nimes,-29.704983462661403,1.77,0.71,50.3,49.7
2021-09-21,Valenciennes,Bastia,2.0,1.0,5.0,3.0,4.0,7.0,6.0,6.0,3.0,2.0,0.0,0.0,2.8,3.2,2.5,2.03,1.77,0.0,2.01,1.82,2.91,3.14,2.7,,Ligue 2,,20210921_Valenciennes_Bastia,-37.34845370008156,2.06,0.64,46.8,53.2
2021-09-24,Dijon,Valenciennes,0.0,1.0,5.0,3.0,14.0,3.0,12.0,1.0,2.0,4.0,0.0,0.0,1.75,4.0,4.5,1.8,1.99,-0.5,1.89,1.93,1.9,3.69,4.21,,Ligue 2,,20210924_Dijon_Valenciennes,29.285916472411145,1.3,0.4,56.5,43.5
2021-09-24,Nancy,Amiens,1.0,1.0,3.0,2.0,12.0,4.0,9.0,1.0,1.0,3.0,0.0,2.0,2.55,3.3,2.55,2.14,1.69,0.0,1.84,1.99,2.66,3.2,2.9,,Ligue 2,,20210924_Nancy_Amiens,-24.632039600231565,0.68,1.47,48.7,51.3
2021-09-24,Nimes,Le Havre,0.0,1.0,3.0,5.0,7.0,7.0,7.0,2.0,1.0,2.0,0.0,0.0,2.0,3.2,4.2,2.11,1.71,-0.5,1.99,1.83,2.03,3.21,4.34,,Ligue 2,,20210924_Nimes_Le-Havre,50.63812631422911,0.58,0.52,50.4,49.6
2021-09-24,Niort,Paris FC,4.0,1.0,5.0,9.0,5.0,14.0,0.0,9.0,1.0,2.0,0.0,0.0,3.75,2.87,2.1,2.11,1.71,0.5,1.81,2.03,3.97,3.47,2.02,,Ligue 2,,20210924_Niort_Paris-FC,-125.66665596634311,1.39,1.67,43.4,56.6
2021-09-24,Pau FC,Dunkerque,1.0,2.0,9.0,3.0,16.0,3.0,5.0,1.0,3.0,4.0,1.0,1.0,1.75,3.4,4.75,2.22,1.64,-0.75,1.96,1.87,1.79,3.27,5.78,,Ligue 2,,20210924_Pau-FC_Dunkerque,112.517996619629,0.09,1.47,56.2,43.8
2021-09-24,Quevilly Rouen,Guingamp,2.0,2.0,3.0,4.0,5.0,9.0,3.0,9.0,3.0,3.0,0.0,0.0,2.6,3.0,2.8,2.27,1.62,0.0,1.9,1.93,2.82,3.03,2.87,,Ligue 2,,20210924_Quevilly-Rouen_Guingamp,-75.10299683203857,1.07,1.02,48.9,51.1
2021-09-24,Rodez,Grenoble,1.0,1.0,5.0,1.0,13.0,3.0,7.0,2.0,2.0,1.0,0.0,0.0,2.05,3.0,4.0,2.52,1.51,-0.25,1.81,2.03,2.2,2.96,4.12,,Ligue 2,,20210924_Rodez_Grenoble,-49.34592216812689,1.25,1.35,49.4,50.6
2021-09-24,Sochaux,Auxerre,0.0,0.0,4.0,1.0,8.0,5.0,4.0,5.0,0.0,2.0,0.0,0.0,2.45,3.0,3.2,2.1,1.72,0.0,1.77,2.08,2.63,3.1,3.03,,Ligue 2,,20210924_Sochaux_Auxerre,-46.45772079947051,0.37,1.23,50.4,49.6
2021-09-25,Bastia,Ajaccio,2.0,0.0,4.0,0.0,1.0,6.0,0.0,2.0,1.0,3.0,0.0,0.0,2.62,3.0,2.62,2.92,1.39,0.0,1.97,1.86,3.0,2.83,2.9,,Ligue 2,,20210925_Bastia_Ajaccio,-91.87574686186099,1.15,0.77,38.6,61.4
2021-09-27,Toulouse,Caen,2.0,3.0,5.0,4.0,15.0,6.0,6.0,3.0,3.0,1.0,0.0,0.0,1.53,4.0,6.0,1.79,2.0,-0.75,1.89,1.96,1.72,3.72,5.33,,Ligue 2,,20210927_Toulouse_Caen,183.18488164029122,1.45,1.94,59.5,40.5
2021-10-02,Ajaccio,Quevilly Rouen,0.0,1.0,1.0,3.0,10.0,1.0,6.0,2.0,2.0,5.0,0.0,1.0,1.66,3.5,4.5,2.32,1.59,-0.75,1.96,1.87,1.72,3.59,5.64,,Ligue 2,,20211002_Ajaccio_Quevilly-Rouen,109.77723211138391,0.59,1.58,50.4,49.6
2021-10-02,Amiens,Toulouse,0.0,0.0,0.0,2.0,4.0,9.0,2.0,12.0,1.0,2.0,0.0,0.0,4.5,3.5,1.8,1.88,1.89,0.5,1.86,1.98,4.01,3.5,2.0,,Ligue 2,,20211002_Amiens_Toulouse,-150.6342490852726,0.09,0.38,43.1,56.9
2021-10-02,Auxerre,Nimes,2.0,2.0,3.0,5.0,7.0,6.0,1.0,3.0,2.0,3.0,0.0,0.0,1.72,3.6,4.33,1.73,2.08,-0.75,1.93,1.91,1.72,3.93,4.94,,Ligue 2,,20211002_Auxerre_Nimes,15.210858977481848,0.98,1.39,48.3,51.7
2021-10-02,Caen,Valenciennes,1.0,2.0,4.0,7.0,14.0,6.0,9.0,3.0,1.0,2.0,0.0,0.0,2.0,3.3,3.6,2.1,1.72,-0.5,1.92,1.9,1.93,3.5,4.34,,Ligue 2,,20211002_Caen_Valenciennes,-6.453616408844255,1.04,0.69,53.5,46.5
2021-10-02,Dunkerque,Bastia,2.0,0.0,6.0,1.0,3.0,6.0,4.0,3.0,1.0,1.0,0.0,0.0,3.1,2.8,2.4,2.53,1.5,0.25,1.85,1.98,3.68,2.91,2.39,,Ligue 2,,20211002_Dunkerque_Bastia,-59.64910763896319,1.36,0.47,47.8,52.2
2021-10-02,Grenoble,Pau FC,2.0,0.0,2.0,1.0,4.0,8.0,4.0,3.0,0.0,2.0,0.0,0.0,2.3,3.2,3.0,2.17,1.67,0.0,1.81,2.04,2.72,3.06,2.96,,Ligue 2,,20211002_Grenoble_Pau-FC,23.72324355566184,0.36,0.45,55.2,44.8
2021-10-02,Guingamp,Rodez,2.0,1.0,5.0,1.0,6.0,7.0,3.0,1.0,3.0,1.0,0.0,0.0,2.3,3.0,3.0,2.5,1.51,-0.25,1.95,1.88,2.28,3.09,3.68,,Ligue 2,,20211002_Guingamp_Rodez,22.769769034654473,0.96,0.69,50.9,49.1
2021-10-02,Le Havre,Dijon,2.0,0.0,4.0,4.0,5.0,8.0,3.0,4.0,2.0,0.0,0.0,0.0,2.3,3.25,2.87,2.29,1.6,-0.25,2.04,1.81,2.44,3.06,3.38,,Ligue 2,,20211002_Le-Havre_Dijon,65.59649780082327,0.6,0.54,55.3,44.7
2021-10-02,Paris FC,Nancy,1.0,1.0,2.0,2.0,6.0,6.0,8.0,1.0,1.0,2.0,0.0,0.0,1.66,3.75,4.75,1.91,1.87,-0.75,1.79,2.07,1.61,3.85,6.37,,Ligue 2,,20211002_Paris-FC_Nancy,118.38204360195846,0.36,0.61,55.9,44.1
2021-10-02,Sochaux,Niort,1.0,0.0,1.0,3.0,8.0,3.0,3.0,4.0,3.0,1.0,0.0,0.0,1.66,3.5,4.75,2.26,1.62,-0.75,1.82,2.02,1.63,3.78,6.34,,Ligue 2,,20211002_Sochaux_Niort,71.37080847627658,1.62,0.46,50.7,49.3
2021-10-16,Bastia,Grenoble,0.0,0.0,2.0,4.0,13.0,5.0,7.0,4.0,0.0,2.0,0.0,0.0,2.0,3.1,4.33,2.38,1.55,-0.5,1.93,1.91,1.97,3.19,4.69,,Ligue 2,,20211016_Bastia_Grenoble,-70.3025569358565,0.49,0.11,43.5,56.5
2021-10-16,Caen,Le Havre,2.0,2.0,3.0,2.0,6.0,5.0,5.0,5.0,1.0,3.0,0.0,0.0,2.45,2.9,3.2,2.32,1.58,-0.25,2.0,1.84,2.34,3.15,3.47,,Ligue 2,,20211016_Caen_Le-Havre,-96.85585356920933,1.67,0.85,41.7,58.3
2021-10-16,Dijon,Amiens,1.0,0.0,3.0,0.0,6.0,12.0,2.0,3.0,1.0,0.0,1.0,0.0,2.05,3.3,3.6,2.19,1.66,-0.5,2.09,1.77,2.03,3.26,4.24,,Ligue 2,,20211016_Dijon_Amiens,-1.8911486207061898,0.57,0.42,52.9,47.1
2021-10-16,Nancy,Guingamp,2.0,1.0,5.0,3.0,11.0,3.0,7.0,5.0,1.0,4.0,1.0,0.0,2.6,3.1,2.8,2.18,1.65,-0.25,2.09,1.78,2.47,3.22,3.14,,Ligue 2,,20211016_Nancy_Guingamp,-74.4729519749319,1.49,0.41,52.8,47.2
2021-10-16,Pau FC,Paris FC,1.0,0.0,4.0,3.0,7.0,8.0,1.0,3.0,0.0,0.0,0.0,0.0,2.87,3.25,2.5,1.88,1.9,0.0,1.93,1.9,2.85,3.42,2.56,,Ligue 2,,20211016_Pau-FC_Paris-FC,-58.963609579351896,1.01,1.83,53.5,46.5
2021-10-16,Quevilly Rouen,Niort,0.0,3.0,2.0,5.0,4.0,6.0,3.0,3.0,1.0,3.0,0.0,0.0,2.15,3.0,3.75,2.24,1.62,-0.25,2.06,1.8,2.52,2.95,3.36,,Ligue 2,,20211016_Quevilly-Rouen_Niort,-2.5956793150035082,1.28,1.42,55.6,44.4
2021-10-16,Rodez,Sochaux,0.0,1.0,1.0,1.0,4.0,6.0,1.0,3.0,3.0,1.0,0.0,0.0,3.2,3.0,2.37,2.62,1.46,0.0,1.88,1.96,2.78,2.96,2.98,,Ligue 2,,20211016_Rodez_Sochaux,-72.76486696216989,0.72,1.66,55.1,44.9
2021-10-16,Toulouse,Auxerre,6.0,0.0,7.0,1.0,8.0,4.0,8.0,2.0,1.0,0.0,0.0,1.0,2.05,3.3,3.6,1.74,2.05,-0.25,1.76,2.08,1.98,3.55,4.03,,Ligue 2,,20211016_Toulouse_Auxerre,29.518406470918308,2.75,0.45,55.1,44.9
2021-10-16,Valenciennes,Dunkerque,1.0,3.0,3.0,6.0,14.0,2.0,9.0,2.0,3.0,4.0,0.0,0.0,2.05,3.3,3.8,2.09,1.71,-0.25,1.78,2.06,2.09,3.28,3.98,,Ligue 2,,20211016_Valenciennes_Dunkerque,44.515416457403035,1.61,1.61,57.6,42.4
2021-10-18,Nimes,Ajaccio,0.0,2.0,2.0,6.0,6.0,6.0,8.0,4.0,2.0,2.0,0.0,0.0,2.2,3.1,3.5,2.72,1.43,-0.25,2.11,1.76,2.6,2.88,3.32,,Ligue 2,,20211018_Nimes_Ajaccio,33.680467604030355,1.99,1.07,53.9,46.1
2021-10-23,Ajaccio,Nancy,2.0,0.0,4.0,1.0,8.0,5.0,5.0,2.0,1.0,1.0,0.0,0.0,1.8,3.3,4.5,2.64,1.46,-0.75,2.02,1.82,1.77,3.44,5.56,,Ligue 2,,20211023_Ajaccio_Nancy,85.99700324993933,1.13,1.18,41.5,58.5
2021-10-23,Amiens,Valenciennes,3.0,0.0,3.0,2.0,2.0,9.0,4.0,4.0,3.0,1.0,0.0,0.0,2.15,3.0,3.6,2.3,1.59,-0.25,2.06,1.8,2.54,2.97,3.31,,Ligue 2,,20211023_Amiens_Valenciennes,-14.915369205537445,0.99,1.05,52.5,47.5
2021-10-23,Dunkerque,Caen,1.0,1.0,3.0,4.0,9.0,6.0,6.0,6.0,0.0,0.0,0.0,0.0,3.0,3.0,2.45,2.34,1.58,0.25,1.83,2.02,3.43,3.06,2.41,,Ligue 2,,20211023_Dunkerque_Caen,-4.239634442683837,2.86,0.92,45.9,54.1
2021-10-23,Grenoble,Dijon,1.0,2.0,1.0,8.0,5.0,16.0,5.0,5.0,2.0,2.0,0.0,0.0,2.37,3.0,3.0,2.42,1.53,0.0,1.83,2.02,2.76,2.9,3.07,,Ligue 2,,20211023_Grenoble_Dijon,61.16532003595762,0.7,1.44,51.2,48.8
2021-10-23,Guingamp,Nimes,3.0,1.0,8.0,1.0,15.0,5.0,8.0,6.0,1.0,4.0,0.0,0.0,2.55,3.0,2.8,2.2,1.64,0.0,1.8,2.06,2.62,3.04,3.11,,Ligue 2,,20211023_Guingamp_Nimes,-47.95225754277976,1.98,1.6,52.1,47.9
2021-10-23,Le Havre,Pau FC,1.0,0.0,2.0,6.0,9.0,4.0,3.0,11.0,1.0,2.0,0.0,0.0,2.37,3.0,3.25,2.3,1.59,-0.25,2.01,1.83,2.39,3.07,3.46,,Ligue 2,,20211023_Le-Havre_Pau-FC,38.30074540265241,1.43,0.7,51.5,48.5
2021-10-23,Niort,Rodez,0.0,2.0,1.0,7.0,8.0,6.0,4.0,6.0,0.0,2.0,0.0,0.0,2.75,2.8,2.75,2.82,1.4,0.0,1.96,1.88,2.93,2.84,2.95,,Ligue 2,,20211023_Niort_Rodez,3.6892354466742745,0.05,1.86,57.4,42.6
2021-10-23,Paris FC,Toulouse,2.0,2.0,2.0,3.0,6.0,12.0,6.0,10.0,2.0,1.0,0.0,0.0,3.25,3.2,2.3,2.03,1.76,0.25,1.81,2.05,3.25,3.22,2.41,,Ligue 2,,20211023_Paris-FC_Toulouse,-79.22373636749353,1.85,1.74,45.8,54.2
2021-10-23,Sochaux,Quevilly Rouen,1.0,1.0,4.0,3.0,5.0,4.0,7.0,0.0,2.0,2.0,0.0,0.0,1.65,3.4,5.0,2.24,1.62,-1.0,1.99,1.85,1.57,3.83,7.2,,Ligue 2,,20211023_Sochaux_Quevilly-Rouen,114.53781583383375,1.38,0.91,57.6,42.4
2021-10-25,Auxerre,Bastia,1.0,0.0,4.0,3.0,2.0,6.0,1.0,3.0,2.0,1.0,0.0,0.0,1.75,3.4,4.5,1.93,1.85,-0.5,1.99,1.83,2.01,3.39,4.12,,Ligue 2,,20211025_Auxerre_Bastia,94.50586161147885,1.83,0.09,52.6,47.4
2021-10-30,Bastia,Amiens,0.0,0.0,4.0,3.0,11.0,7.0,3.0,3.0,2.0,3.0,0.0,0.0,2.0,3.3,3.8,2.53,1.49,-0.5,1.89,1.94,1.9,3.25,4.99,,Ligue 2,,20211030_Bastia_Amiens,-3.4355496753810257,0.07,0.65,54.0,46.0
2021-10-30,Caen,Grenoble,0.0,1.0,3.0,5.0,8.0,6.0,5.0,1.0,1.0,2.0,0.0,0.0,2.0,3.3,3.4,2.3,1.59,-0.5,1.9,1.93,1.91,3.29,4.84,,Ligue 2,,20211030_Caen_Grenoble,-67.76232666053352,1.39,0.94,48.2,51.8
2021-10-30,Dijon,Paris FC,0.0,1.0,3.0,2.0,19.0,6.0,13.0,7.0,1.0,3.0,0.0,0.0,2.4,3.0,2.87,2.08,1.73,-0.25,1.97,1.89,2.22,3.29,3.57,,Ligue 2,,20211030_Dijon_Paris-FC,-51.019059122913404,0.05,0.97,49.1,50.9
2021-10-30,Dunkerque,Le Havre,1.0,0.0,6.0,1.0,6.0,10.0,4.0,3.0,2.0,2.0,0.0,0.0,2.87,2.9,2.5,2.55,1.48,0.0,2.12,1.76,3.25,2.96,2.59,,Ligue 2,,20211030_Dunkerque_Le-Havre,-105.10906500833471,1.38,0.75,49.1,50.9
2021-10-30,Nancy,Sochaux,0.0,0.0,3.0,2.0,6.0,11.0,5.0,5.0,1.0,2.0,0.0,0.0,3.25,3.1,2.15,2.41,1.54,0.25,1.95,1.89,3.76,3.09,2.25,,Ligue 2,,20211030_Nancy_Sochaux,-102.29838794573993,1.03,0.62,45.8,54.2
2021-10-30,Nimes,Niort,1.0,2.0,2.0,3.0,7.0,4.0,9.0,2.0,2.0,1.0,0.0,0.0,1.9,3.1,4.0,2.09,1.72,-0.75,1.96,1.89,1.74,3.69,5.27,,Ligue 2,,20211030_Nimes_Niort,82.93318186393776,1.14,1.95,55.0,45.0
2021-10-30,Pau FC,Ajaccio,1.0,0.0,1.0,1.0,8.0,8.0,1.0,2.0,2.0,4.0,0.0,0.0,2.45,3.1,2.75,2.87,1.39,0.0,2.11,1.76,3.35,2.77,2.68,,Ligue 2,,20211030_Pau-FC_Ajaccio,-54.74145105704952,1.39,1.53,41.1,58.9
2021-10-30,Rodez,Quevilly Rouen,3.0,0.0,5.0,3.0,5.0,7.0,9.0,4.0,3.0,2.0,0.0,0.0,1.72,3.3,4.75,2.41,1.54,-0.5,2.01,1.83,2.04,3.1,4.49,,Ligue 2,,20211030_Rodez_Quevilly-Rouen,31.035909741495743,2.22,1.35,53.0,47.0
2021-10-30,Toulouse,Guingamp,2.0,2.0,3.0,4.0,9.0,8.0,13.0,1.0,2.0,2.0,0.0,0.0,1.57,3.6,5.5,1.79,1.98,-1.0,1.9,1.94,1.53,4.23,6.68,,Ligue 2,,20211030_Toulouse_Guingamp,99.43842524862453,0.87,2.22,51.6,48.4
2021-11-01,Valenciennes,Auxerre,1.0,2.0,5.0,9.0,6.0,9.0,5.0,5.0,0.0,0.0,0.0,0.0,3.2,3.2,2.25,1.83,1.95,0.0,1.79,2.06,2.61,3.28,2.89,,Ligue 2,,20211101_Valenciennes_Auxerre,-118.81277372629393,0.89,1.11,45.1,54.9
2021-11-06,Ajaccio,Dijon,1.0,0.0,6.0,1.0,11.0,3.0,8.0,4.0,5.0,3.0,0.0,0.0,2.05,3.1,4.0,2.56,1.49,-0.25,1.82,2.03,2.18,2.92,4.29,,Ligue 2,,20211106_Ajaccio_Dijon,57.83421016246393,1.88,0.21,52.6,47.4
2021-11-06,Amiens,Caen,0.0,0.0,3.0,1.0,3.0,3.0,0.0,2.0,2.0,4.0,0.0,0.0,2.8,2.9,2.6,2.47,1.52,-0.25,2.11,1.76,2.54,2.97,3.31,,Ligue 2,,20211106_Amiens_Caen,20.533527995608893,0.05,0.65,53.1,46.9
2021-11-06,Auxerre,Pau FC,4.0,1.0,7.0,5.0,9.0,1.0,5.0,1.0,2.0,1.0,0.0,1.0,1.83,3.5,4.33,1.98,1.8,-0.5,1.99,1.84,2.04,3.36,4.05,,Ligue 2,,20211106_Auxerre_Pau-FC,72.33921029947464,1.8,0.51,60.4,39.6
2021-11-06,Grenoble,Dunkerque,1.0,0.0,9.0,0.0,4.0,2.0,4.0,0.0,3.0,2.0,0.0,1.0,2.0,3.1,3.8,2.36,1.57,-0.5,1.96,1.87,2.0,3.26,4.42,,Ligue 2,,20211106_Grenoble_Dunkerque,65.87442056897453,0.66,0.84,48.7,51.3
2021-11-06,Guingamp,Bastia,2.0,3.0,3.0,3.0,15.0,4.0,10.0,2.0,1.0,3.0,0.0,0.0,2.25,3.1,3.25,2.36,1.56,-0.25,2.05,1.81,2.49,3.04,3.3,,Ligue 2,,20211106_Guingamp_Bastia,55.90093844383273,1.79,0.37,51.6,48.4
2021-11-06,Le Havre,Valenciennes,0.0,0.0,2.0,3.0,9.0,2.0,9.0,4.0,0.0,1.0,0.0,0.0,2.0,3.25,3.75,2.2,1.65,-0.25,1.94,1.9,2.42,3.03,3.46,,Ligue 2,,20211106_Le-Havre_Valenciennes,92.8388929166149,0.49,0.8,53.8,46.2
2021-11-06,Niort,Nancy,1.0,3.0,5.0,5.0,8.0,3.0,8.0,5.0,1.0,2.0,0.0,0.0,2.37,3.1,3.0,2.26,1.62,0.0,1.75,2.12,2.54,3.08,3.18,,Ligue 2,,20211106_Niort_Nancy,17.244827877877697,1.31,1.79,48.3,51.7
2021-11-06,Paris FC,Rodez,1.0,0.0,2.0,2.0,6.0,5.0,0.0,6.0,1.0,2.0,0.0,1.0,1.9,3.2,4.33,2.26,1.62,-0.5,1.98,1.85,2.06,3.17,4.28,,Ligue 2,,20211106_Paris-FC_Rodez,66.62075249679401,0.71,1.68,54.7,45.3
2021-11-06,Quevilly Rouen,Toulouse,0.0,0.0,0.0,8.0,5.0,10.0,1.0,11.0,1.0,1.0,0.0,0.0,5.5,3.6,1.65,1.94,1.84,1.0,1.79,2.06,5.97,3.94,1.63,,Ligue 2,,20211106_Quevilly-Rouen_Toulouse,-179.76843387556846,1.15,0.05,46.4,53.6
2021-11-06,Sochaux,Nimes,0.0,1.0,7.0,2.0,12.0,6.0,7.0,2.0,0.0,1.0,0.0,0.0,1.75,3.5,4.5,2.36,1.57,-0.5,1.95,1.88,1.96,3.2,4.68,,Ligue 2,,20211106_Sochaux_Nimes,24.87366220830131,1.78,0.43,46.5,53.5
2021-11-20,Bastia,Niort,2.0,0.0,4.0,5.0,4.0,5.0,3.0,3.0,3.0,3.0,0.0,0.0,1.85,3.4,4.5,2.31,1.59,-0.75,1.82,2.06,1.6,3.82,6.6,,Ligue 2,,20211120_Bastia_Niort,21.41338166493597,0.82,0.28,56.5,43.5
2021-11-20,Caen,Paris FC,0.0,1.0,2.0,4.0,7.0,7.0,6.0,2.0,2.0,2.0,0.0,0.0,2.7,3.1,2.8,2.31,1.59,0.0,1.96,1.88,2.9,3.06,2.77,,Ligue 2,,20211120_Caen_Paris-FC,-114.75574060619465,0.05,0.93,41.5,58.5
2021-11-20,Dunkerque,Ajaccio,0.0,1.0,3.0,1.0,6.0,6.0,3.0,0.0,2.0,2.0,0.0,0.0,3.6,3.0,2.25,2.83,1.4,0.25,2.09,1.77,4.27,2.93,2.18,,Ligue 2,,20211120_Dunkerque_Ajaccio,-90.55850126606992,1.27,1.38,45.1,54.9
2021-11-20,Le Havre,Amiens,1.0,1.0,3.0,4.0,6.0,7.0,2.0,2.0,0.0,3.0,0.0,0.0,2.0,3.25,3.8,2.71,1.44,-0.25,1.79,2.06,2.12,3.08,4.19,,Ligue 2,,20211120_Le-Havre_Amiens,72.37009623124436,1.13,0.51,52.0,48.0
2021-11-20,Nancy,Rodez,0.0,2.0,10.0,9.0,7.0,5.0,5.0,3.0,1.0,1.0,0.0,0.0,2.7,3.1,2.75,2.51,1.5,0.0,1.81,2.04,2.73,2.88,3.14,,Ligue 2,,20211120_Nancy_Rodez,-11.608186586835927,1.22,1.31,51.6,48.4
2021-11-20,Nimes,Quevilly Rouen,2.0,1.0,6.0,18.0,5.0,16.0,4.0,9.0,4.0,1.0,0.0,0.0,2.0,3.25,4.2,2.1,1.71,-0.5,1.97,1.86,2.01,3.33,4.22,,Ligue 2,,20211120_Nimes_Quevilly-Rouen,96.6723838639814,1.36,0.83,55.8,44.2
2021-11-20,Pau FC,Guingamp,2.0,0.0,7.0,9.0,7.0,12.0,4.0,5.0,3.0,2.0,0.0,0.0,2.2,3.2,3.5,2.13,1.7,-0.25,2.06,1.8,2.46,3.13,3.24,,Ligue 2,,20211120_Pau-FC_Guingamp,-3.798344741345545,1.44,0.64,51.4,48.6
2021-11-20,Toulouse,Sochaux,4.0,1.0,6.0,7.0,6.0,6.0,8.0,4.0,1.0,3.0,0.0,0.0,1.75,3.75,4.5,2.24,1.63,-0.5,1.91,1.92,1.91,3.5,4.43,,Ligue 2,,20211120_Toulouse_Sochaux,72.52080874340959,1.21,0.53,48.2,51.8
2021-11-20,Valenciennes,Grenoble,1.0,0.0,5.0,4.0,8.0,2.0,6.0,1.0,2.0,1.0,0.0,1.0,2.5,3.1,3.0,2.28,1.61,-0.25,1.99,1.86,2.28,3.32,3.41,,Ligue 2,,20211120_Valenciennes_Grenoble,-91.27055126357959,0.36,0.65,43.5,56.5
2021-11-22,Dijon,Auxerre,3.0,1.0,7.0,7.0,13.0,3.0,5.0,6.0,1.0,3.0,0.0,0.0,2.7,3.2,2.6,1.93,1.86,0.0,1.94,1.89,2.77,3.25,2.75,,Ligue 2,,20211122_Dijon_Auxerre,-122.74009764863808,1.22,0.17,46.1,53.9
2021-12-03,Ajaccio,Valenciennes,0.0,0.0,3.0,0.0,9.0,1.0,5.0,0.0,1.0,3.0,0.0,0.0,1.75,3.1,5.75,2.58,1.48,-0.75,2.05,1.8,1.75,3.36,6.0,,Ligue 2,,20211203_Ajaccio_Valenciennes,90.31069362514518,0.35,0.3,59.0,41.0
2021-12-03,Amiens,Dunkerque,3.0,0.0,9.0,3.0,8.0,2.0,11.0,4.0,2.0,2.0,0.0,0.0,2.05,3.0,4.0,2.59,1.47,-0.5,1.99,1.84,1.98,3.19,4.59,,Ligue 2,,20211203_Amiens_Dunkerque,19.716511325635793,1.06,0.39,49.6,50.4
2021-12-03,Grenoble,Le Havre,1.0,2.0,3.0,6.0,9.0,3.0,4.0,1.0,2.0,2.0,0.0,0.0,2.6,2.9,3.0,2.87,1.4,0.0,1.79,2.06,2.75,2.78,3.23,,Ligue 2,,20211203_Grenoble_Le-Havre,-7.92142179830239,0.17,0.91,48.8,51.2
2021-12-03,Guingamp,Dijon,3.0,2.0,6.0,4.0,3.0,4.0,4.0,3.0,3.0,5.0,0.0,0.0,2.37,3.2,3.0,2.13,1.69,-0.25,1.94,1.89,2.3,3.22,3.48,,Ligue 2,,20211203_Guingamp_Dijon,6.922769842158459,1.57,0.83,49.0,51.0
2021-12-03,Paris FC,Bastia,1.0,0.0,6.0,3.0,8.0,7.0,4.0,4.0,1.0,2.0,0.0,0.0,2.2,3.0,3.6,2.38,1.56,-0.25,1.83,2.01,2.1,3.2,4.06,,Ligue 2,,20211203_Paris-FC_Bastia,81.12781150448313,0.97,0.05,48.3,51.7
2021-12-03,Quevilly Rouen,Nancy,2.0,1.0,3.0,3.0,9.0,12.0,5.0,6.0,2.0,3.0,0.0,1.0,2.8,3.0,2.7,2.43,1.54,0.0,1.9,1.93,2.79,3.01,2.92,,Ligue 2,,20211203_Quevilly-Rouen_Nancy,-22.99971688904884,1.03,1.6,57.4,42.6
2021-12-03,Rodez,Nimes,1.0,0.0,6.0,0.0,7.0,6.0,2.0,5.0,2.0,2.0,0.0,0.0,2.2,3.1,3.5,2.48,1.52,-0.25,1.83,2.01,2.2,3.04,3.96,,Ligue 2,,20211203_Rodez_Nimes,-56.355316158133746,1.53,1.27,50.5,49.5
2021-12-03,Sochaux,Pau FC,2.0,1.0,6.0,2.0,8.0,4.0,10.0,3.0,1.0,3.0,0.0,1.0,2.0,3.1,4.0,2.25,1.61,-0.5,1.82,2.01,1.89,3.21,5.08,,Ligue 2,,20211203_Sochaux_Pau-FC,10.5722760442452,0.57,0.88,45.7,54.3
2021-12-04,Auxerre,Caen,2.0,2.0,5.0,3.0,5.0,9.0,5.0,9.0,0.0,1.0,1.0,0.0,1.75,3.4,5.0,2.0,1.79,-0.5,1.92,1.9,1.94,3.41,4.41,,Ligue 2,,20211204_Auxerre_Caen,138.33168852183599,2.14,1.63,58.5,41.5
2021-12-06,Niort,Toulouse,2.0,1.0,5.0,8.0,9.0,15.0,3.0,7.0,1.0,2.0,0.0,0.0,4.75,3.5,1.72,1.94,1.84,0.75,1.81,2.03,5.01,3.69,1.77,,Ligue 2,,20211206_Niort_Toulouse,-171.2350158955951,1.16,0.89,46.0,54.0
2021-12-11,Amiens,Grenoble,4.0,1.0,7.0,1.0,3.0,9.0,3.0,1.0,0.0,2.0,0.0,0.0,2.25,3.1,3.3,2.62,1.46,-0.5,2.04,1.8,2.03,3.24,4.28,,Ligue 2,,20211211_Amiens_Grenoble,-36.47439610470633,1.38,0.81,42.7,57.3
2021-12-11,Bastia,Sochaux,2.0,2.0,3.0,4.0,8.0,10.0,7.0,7.0,2.0,1.0,0.0,0.0,2.7,3.0,2.8,3.08,1.34,0.0,1.8,2.06,2.76,2.82,3.16,,Ligue 2,,20211211_Bastia_Sochaux,-56.59893557421992,0.61,0.32,53.3,46.7
2021-12-11,Caen,Guingamp,2.0,0.0,4.0,3.0,6.0,10.0,5.0,3.0,1.0,5.0,0.0,2.0,2.55,3.1,2.8,2.45,1.53,0.0,1.76,2.12,2.66,2.88,3.23,,Ligue 2,,20211211_Caen_Guingamp,-61.87753297974882,0.43,0.49,49.9,50.1
2021-12-11,Dijon,Niort,2.0,2.0,7.0,2.0,6.0,6.0,11.0,2.0,4.0,3.0,0.0,0.0,1.75,3.4,4.75,2.15,1.68,-0.75,1.91,1.93,1.72,3.57,5.75,,Ligue 2,,20211211_Dijon_Niort,12.454516642198541,0.72,1.12,43.1,56.9
2021-12-11,Dunkerque,Auxerre,0.0,2.0,1.0,7.0,2.0,3.0,1.0,2.0,1.0,0.0,0.0,0.0,3.75,3.4,2.0,2.05,1.75,0.5,1.86,1.98,4.02,3.54,1.99,,Ligue 2,,20211211_Dunkerque_Auxerre,-135.07216310797048,1.78,2.05,46.0,54.0
2021-12-11,Le Havre,Ajaccio,0.0,1.0,4.0,4.0,6.0,1.0,3.0,4.0,1.0,0.0,0.0,0.0,3.4,2.9,2.37,3.25,1.32,0.25,1.89,1.95,3.75,2.88,2.38,,Ligue 2,,20211211_Le-Havre_Ajaccio,-6.505062307247044,1.04,0.88,48.8,51.2
2021-12-11,Nimes,Nancy,2.0,1.0,5.0,6.0,7.0,8.0,5.0,2.0,3.0,3.0,0.0,1.0,1.9,3.25,4.2,2.3,1.59,-0.25,1.99,1.86,2.31,3.18,3.49,,Ligue 2,,20211211_Nimes_Nancy,90.02560848660733,0.68,1.39,47.8,52.2
2021-12-11,Pau FC,Quevilly Rouen,1.0,2.0,5.0,6.0,15.0,3.0,6.0,0.0,1.0,1.0,0.0,0.0,1.9,3.2,4.5,2.18,1.66,-0.5,1.92,1.92,1.92,3.36,4.62,,Ligue 2,,20211211_Pau-FC_Quevilly-Rouen,60.04396550552883,1.0,1.89,48.2,51.8
2021-12-11,Valenciennes,Paris FC,1.0,4.0,5.0,8.0,6.0,3.0,6.0,4.0,4.0,2.0,0.0,0.0,3.5,3.2,2.15,2.13,1.69,0.0,2.12,1.76,3.01,3.27,2.53,,Ligue 2,,20211211_Valenciennes_Paris-FC,-109.1328289134367,1.33,2.11,41.8,58.2
2021-12-13,Toulouse,Rodez,1.0,1.0,1.0,0.0,12.0,7.0,7.0,0.0,3.0,3.0,0.0,0.0,1.6,3.75,6.0,2.07,1.74,-1.0,2.03,1.81,1.6,3.84,6.66,,Ligue 2,,20211213_Toulouse_Rodez,97.41354917701278,1.02,1.08,49.0,51.0
2021-12-21,Ajaccio,Grenoble,1.0,0.0,4.0,2.0,7.0,1.0,3.0,1.0,1.0,4.0,0.0,0.0,1.61,3.3,5.5,2.82,1.41,-0.75,2.03,1.81,1.78,3.2,6.25,,Ligue 2,,20211221_Ajaccio_Grenoble,62.90990906317688,0.82,1.14,49.9,50.1
2021-12-21,Auxerre,Le Havre,2.0,3.0,7.0,5.0,7.0,4.0,7.0,4.0,5.0,4.0,1.0,1.0,1.75,3.3,4.2,2.14,1.69,-0.5,1.9,1.91,1.94,3.32,4.58,,Ligue 2,,20211221_Auxerre_Le-Havre,44.19920763062191,1.87,0.74,43.6,56.4
2021-12-21,Guingamp,Dunkerque,2.0,1.0,5.0,1.0,10.0,9.0,6.0,1.0,2.0,3.0,0.0,0.0,1.75,3.3,4.0,2.14,1.69,-0.75,1.91,1.93,1.8,3.43,5.28,,Ligue 2,,20211221_Guingamp_Dunkerque,61.14033551628518,1.55,0.56,52.1,47.9
2021-12-21,Nancy,Dijon,0.0,3.0,6.0,7.0,6.0,6.0,4.0,2.0,1.0,2.0,0.0,0.0,2.6,3.0,2.55,2.31,1.59,0.0,1.85,1.98,2.75,3.02,2.95,,Ligue 2,,20211221_Nancy_Dijon,-43.64634734816491,1.08,0.22,48.5,51.5
2021-12-21,Nimes,Toulouse,1.0,2.0,5.0,5.0,5.0,6.0,1.0,3.0,4.0,3.0,0.0,0.0,4.0,3.5,1.75,1.82,1.97,0.5,1.94,1.88,4.24,3.57,1.93,,Ligue 2,,20211221_Nimes_Toulouse,-56.67987400365496,0.96,0.86,49.1,50.9
2021-12-21,Niort,Pau FC,3.0,0.0,4.0,1.0,6.0,5.0,3.0,4.0,0.0,3.0,0.0,0.0,2.62,3.0,2.62,2.24,1.63,0.0,1.92,1.9,2.79,3.1,2.84,,Ligue 2,,20211221_Niort_Pau-FC,-25.483858127940948,2.19,0.05,46.0,54.0
2021-12-21,Paris FC,Amiens,1.0,0.0,2.0,3.0,3.0,9.0,3.0,1.0,1.0,1.0,0.0,0.0,1.83,3.25,4.0,2.17,1.67,-0.5,2.0,1.83,1.99,3.43,4.14,,Ligue 2,,20211221_Paris-FC_Amiens,94.37232712777814,1.37,0.16,49.1,50.9
2021-12-21,Quevilly Rouen,Caen,2.0,2.0,5.0,2.0,8.0,8.0,4.0,3.0,1.0,1.0,0.0,1.0,2.8,2.87,2.45,2.53,1.5,0.25,1.88,1.95,3.67,3.12,2.27,,Ligue 2,,20211221_Quevilly-Rouen_Caen,-1.1597129119936653,1.69,1.86,53.2,46.8
2021-12-21,Rodez,Bastia,0.0,0.0,2.0,3.0,3.0,6.0,2.0,4.0,2.0,3.0,0.0,0.0,2.3,2.87,3.0,2.78,1.41,-0.25,2.02,1.82,2.47,2.82,3.65,,Ligue 2,,20211221_Rodez_Bastia,22.996759536720447,0.05,0.05,46.9,53.1
2021-12-21,Sochaux,Valenciennes,1.0,1.0,6.0,2.0,8.0,4.0,6.0,8.0,2.0,3.0,0.0,1.0,1.8,3.2,4.2,2.28,1.61,-0.5,1.85,1.96,1.85,3.39,4.96,,Ligue 2,,20211221_Sochaux_Valenciennes,72.52058384348584,0.24,1.03,52.1,47.9
2022-01-08,Bastia,Quevilly Rouen,3.0,0.0,7.0,1.0,8.0,3.0,4.0,1.0,1.0,1.0,0.0,0.0,1.8,3.25,4.0,2.22,1.65,-0.75,1.82,2.03,1.6,3.85,6.52,,Ligue 2,,20220108_Bastia_Quevilly-Rouen,25.924596010926052,1.38,1.21,53.5,46.5
2022-01-08,Dijon,Nimes,1.0,2.0,3.0,5.0,16.0,3.0,10.0,7.0,3.0,3.0,0.0,1.0,2.05,3.3,3.25,2.08,1.73,-0.25,1.83,2.01,2.21,3.35,3.53,,Ligue 2,,20220108_Dijon_Nimes,-43.73613034718255,0.99,0.63,49.8,50.2
2022-01-08,Grenoble,Auxerre,0.0,1.0,0.0,5.0,8.0,6.0,3.0,2.0,1.0,3.0,0.0,0.0,2.9,3.0,2.37,1.96,1.82,0.25,1.82,2.01,3.06,3.24,2.51,,Ligue 2,,20220108_Grenoble_Auxerre,-73.38555906524152,0.29,0.58,46.3,53.7
2022-01-08,Le Havre,Sochaux,0.0,1.0,3.0,2.0,6.0,4.0,9.0,3.0,1.0,2.0,0.0,0.0,2.55,3.0,2.55,2.75,1.43,0.0,2.1,1.75,3.26,2.87,2.65,,Ligue 2,,20220108_Le-Havre_Sochaux,17.74543303291398,0.95,0.76,40.7,59.3
2022-01-08,Pau FC,Rodez,4.0,0.0,5.0,1.0,11.0,8.0,6.0,4.0,3.0,2.0,0.0,0.0,1.9,3.2,3.75,2.84,1.4,-0.25,1.96,1.87,2.52,2.77,3.64,,Ligue 2,,20220108_Pau-FC_Rodez,-28.316691866555857,1.03,0.83,52.3,47.7
2022-01-08,Valenciennes,Guingamp,1.0,1.0,1.0,3.0,5.0,9.0,4.0,6.0,0.0,3.0,1.0,0.0,2.87,3.0,2.3,2.18,1.66,0.0,1.86,1.96,2.66,3.03,3.05,,Ligue 2,,20220108_Valenciennes_Guingamp,-36.87393737827506,0.25,2.02,51.2,48.8
2022-01-15,Guingamp,Grenoble,0.0,0.0,3.0,3.0,9.0,4.0,1.0,5.0,3.0,1.0,0.0,0.0,1.85,3.3,4.0,2.6,1.48,-0.5,1.86,1.96,1.9,3.15,5.21,,Ligue 2,,20220115_Guingamp_Grenoble,16.002682979753217,0.88,0.56,44.9,55.1
2022-01-15,Nancy,Bastia,2.0,1.0,3.0,1.0,4.0,7.0,10.0,6.0,2.0,1.0,0.0,0.0,2.7,3.1,2.5,2.38,1.55,0.0,2.03,1.81,2.94,3.08,2.72,,Ligue 2,,20220115_Nancy_Bastia,-73.16986143260328,1.84,1.3,42.3,57.7
2022-01-15,Rodez,Dijon,0.0,2.0,1.0,5.0,16.0,4.0,6.0,4.0,4.0,1.0,1.0,0.0,2.25,3.1,3.1,2.82,1.41,-0.25,2.0,1.83,2.46,2.76,3.78,,Ligue 2,,20220115_Rodez_Dijon,16.348469790031686,2.33,2.26,44.1,55.9
2022-01-15,Sochaux,Caen,3.0,2.0,7.0,2.0,12.0,3.0,4.0,1.0,7.0,5.0,0.0,1.0,1.66,3.3,5.25,2.37,1.55,-0.5,1.96,1.86,2.01,3.07,4.71,,Ligue 2,,20220115_Sochaux_Caen,86.91866707121585,1.22,1.58,50.4,49.6
2022-01-15,Toulouse,Pau FC,1.0,1.0,6.0,3.0,19.0,4.0,10.0,1.0,3.0,3.0,0.0,0.0,1.45,3.8,6.5,1.79,2.0,-1.0,1.84,1.98,1.53,4.22,6.94,,Ligue 2,,20220115_Toulouse_Pau-FC,117.04889583820136,0.83,0.64,56.3,43.7
2022-01-17,Paris FC,Le Havre,2.0,2.0,3.0,6.0,4.0,11.0,5.0,1.0,1.0,0.0,0.0,0.0,1.9,3.25,3.8,2.45,1.52,-0.25,2.01,1.82,2.53,2.93,3.37,,Ligue 2,,20220117_Paris-FC_Le-Havre,59.46645899904206,0.91,1.29,52.2,47.8
2022-01-19,Amiens,Ajaccio,0.0,1.0,5.0,3.0,8.0,5.0,6.0,4.0,3.0,2.0,0.0,0.0,3.0,3.0,2.3,3.07,1.36,0.0,1.95,1.88,3.09,2.67,2.99,,Ligue 2,,20220119_Amiens_Ajaccio,-91.54292687791644,0.05,0.87,40.6,59.4
2022-01-19,Toulouse,Nancy,4.0,0.0,8.0,3.0,5.0,6.0,3.0,4.0,2.0,2.0,0.0,1.0,1.36,4.75,7.0,1.69,2.13,-1.25,1.93,1.91,1.42,4.73,8.09,,Ligue 2,,20220119_Toulouse_Nancy,166.79528645760934,1.76,0.46,54.6,45.4
2022-01-22,Amiens,Guingamp,3.0,0.0,4.0,2.0,7.0,18.0,3.0,5.0,0.0,1.0,0.0,0.0,2.4,3.0,2.8,2.12,1.7,-0.75,1.8,2.04,1.65,3.54,6.31,,Ligue 2,,20220122_Amiens_Guingamp,-23.78918694828758,1.38,0.45,51.7,48.3
2022-01-22,Bastia,Toulouse,0.0,0.0,2.0,4.0,4.0,12.0,3.0,8.0,3.0,3.0,1.0,1.0,3.5,3.1,2.05,2.17,1.67,0.25,1.77,2.08,3.15,3.05,2.58,,Ligue 2,,20220122_Bastia_Toulouse,-129.25074949702048,0.39,1.17,41.6,58.4
2022-01-22,Dijon,Quevilly Rouen,1.0,0.0,5.0,1.0,12.0,6.0,4.0,3.0,2.0,1.0,0.0,0.0,1.9,3.3,3.75,2.09,1.72,-0.75,1.93,1.91,1.74,3.66,5.29,,Ligue 2,,20220122_Dijon_Quevilly-Rouen,41.68127165068631,0.08,0.51,55.4,44.6
2022-01-22,Dunkerque,Sochaux,0.0,0.0,0.0,3.0,4.0,11.0,2.0,3.0,5.0,1.0,0.0,0.0,3.6,3.2,1.95,2.44,1.53,0.5,2.03,1.79,5.03,3.49,1.82,,Ligue 2,,20220122_Dunkerque_Sochaux,-133.3399915938778,1.42,1.17,43.1,56.9
2022-01-22,Le Havre,Rodez,0.0,0.0,3.0,1.0,11.0,2.0,4.0,1.0,4.0,3.0,0.0,0.0,2.25,3.0,3.0,2.77,1.42,-0.25,1.73,2.13,2.04,3.16,4.39,,Ligue 2,,20220122_Le-Havre_Rodez,60.75802384997928,1.31,0.61,58.9,41.1
2022-01-24,Caen,Ajaccio,2.0,0.0,4.0,1.0,1.0,6.0,2.0,6.0,2.0,0.0,0.0,0.0,2.62,2.9,2.62,3.1,1.35,0.0,2.08,1.77,3.3,2.76,2.73,,Ligue 2,,20220124_Caen_Ajaccio,-136.4081363965165,1.19,0.57,38.4,61.6
2022-01-26,Quevilly Rouen,Amiens,1.0,1.0,2.0,4.0,11.0,5.0,6.0,2.0,3.0,1.0,0.0,0.0,2.75,3.0,2.45,2.22,1.64,0.25,2.02,1.82,3.91,3.22,2.14,,Ligue 2,,20220126_Quevilly-Rouen_Amiens,-53.56082705406243,0.96,0.19,42.1,57.9
2022-01-28,Ajaccio,Auxerre,0.0,0.0,4.0,0.0,6.0,6.0,5.0,7.0,3.0,3.0,1.0,0.0,2.25,3.1,3.0,2.62,1.47,-0.25,2.05,1.8,2.52,2.86,3.49,,Ligue 2,,20220128_Ajaccio_Auxerre,-7.850751298959949,0.57,0.05,46.8,53.2
2022-01-28,Caen,Niort,0.0,2.0,2.0,4.0,12.0,1.0,14.0,0.0,3.0,2.0,1.0,0.0,2.0,3.0,3.8,2.49,1.52,-0.5,2.05,1.78,2.09,3.05,4.37,,Ligue 2,,20220128_Caen_Niort,-10.787866051647597,0.85,1.08,51.2,48.8
2022-01-28,Dunkerque,Paris FC,1.0,1.0,2.0,6.0,5.0,5.0,6.0,1.0,2.0,3.0,0.0,0.0,3.75,3.2,1.85,2.23,1.64,0.5,2.04,1.79,4.96,3.47,1.83,,Ligue 2,,20220128_Dunkerque_Paris-FC,-169.84216435816552,1.05,1.07,41.1,58.9
2022-01-28,Nimes,Valenciennes,2.0,1.0,6.0,4.0,8.0,11.0,3.0,6.0,1.0,2.0,0.0,0.0,2.15,3.1,3.25,2.1,1.71,-0.25,1.86,1.98,2.2,3.2,3.75,,Ligue 2,,20220128_Nimes_Valenciennes,73.66941013696783,0.45,0.69,49.2,50.8
2022-02-01,Auxerre,Paris FC,1.0,2.0,5.0,4.0,13.0,6.0,6.0,2.0,1.0,2.0,0.0,0.0,2.1,3.5,3.0,1.96,1.83,-0.25,1.76,2.1,2.08,3.53,3.72,,Ligue 2,,20220201_Auxerre_Paris-FC,-12.98674433597489,0.92,1.37,43.6,56.4
2022-02-01,Niort,Dunkerque,2.0,0.0,5.0,1.0,8.0,10.0,3.0,6.0,0.0,1.0,0.0,0.0,1.85,3.4,3.5,2.34,1.58,-0.5,1.9,1.92,1.92,3.32,4.72,,Ligue 2,,20220201_Niort_Dunkerque,57.370525622982086,1.45,0.05,49.3,50.7
2022-02-01,Pau FC,Nimes,0.0,3.0,6.0,8.0,15.0,7.0,5.0,3.0,1.0,2.0,0.0,0.0,2.25,2.9,3.1,2.15,1.68,-0.25,1.87,1.98,2.23,3.16,3.72,,Ligue 2,,20220201_Pau-FC_Nimes,-56.34388726246743,0.81,0.98,45.9,54.1
2022-02-01,Valenciennes,Nancy,6.0,1.0,9.0,2.0,8.0,5.0,2.0,3.0,2.0,5.0,0.0,1.0,2.3,3.2,3.1,2.11,1.71,-0.25,1.95,1.89,2.3,3.22,3.42,,Ligue 2,,20220201_Valenciennes_Nancy,27.872039512159972,3.17,0.83,51.9,48.1
2022-02-05,Bastia,Pau FC,1.0,1.0,8.0,1.0,9.0,6.0,7.0,3.0,3.0,1.0,0.0,0.0,2.0,3.3,3.8,2.42,1.54,-0.5,1.84,1.98,1.87,3.32,5.03,,Ligue 2,,20220205_Bastia_Pau-FC,0.9895160697617484,0.53,0.68,51.9,48.1
2022-02-05,Guingamp,Auxerre,1.0,1.0,4.0,3.0,8.0,5.0,6.0,3.0,1.0,1.0,0.0,0.0,2.6,3.3,2.62,2.03,1.77,0.0,1.8,2.04,2.5,3.2,3.11,,Ligue 2,,20220205_Guingamp_Auxerre,-77.93756582337687,1.4,0.26,41.0,59.0
2022-02-05,Nancy,Caen,1.0,1.0,5.0,5.0,8.0,5.0,10.0,9.0,1.0,2.0,0.0,0.0,2.55,3.3,2.7,2.36,1.57,0.0,1.89,1.93,2.78,3.1,2.86,,Ligue 2,,20220205_Nancy_Caen,-36.20865822460337,1.18,0.11,48.6,51.4
2022-02-05,Nimes,Dunkerque,0.0,1.0,3.0,1.0,7.0,7.0,6.0,7.0,4.0,4.0,1.0,0.0,1.83,3.4,4.5,2.07,1.74,-0.75,1.78,2.07,1.6,3.93,6.39,,Ligue 2,,20220205_Nimes_Dunkerque,138.79296162933792,1.41,0.08,53.2,46.8
2022-02-05,Niort,Le Havre,0.0,0.0,2.0,3.0,5.0,10.0,4.0,5.0,0.0,1.0,0.0,0.0,2.5,3.2,2.87,2.71,1.44,0.0,1.98,1.85,3.09,2.84,2.8,,Ligue 2,,20220205_Niort_Le-Havre,-39.520055569675606,0.82,1.12,46.4,53.6
2022-02-05,Quevilly Rouen,Grenoble,1.0,0.0,2.0,4.0,5.0,8.0,3.0,5.0,2.0,4.0,0.0,0.0,2.5,3.1,2.9,2.61,1.47,0.0,1.82,2.02,2.76,2.94,3.02,,Ligue 2,,20220205_Quevilly-Rouen_Grenoble,-47.796199728524016,1.18,1.04,48.7,51.3
2022-02-05,Rodez,Valenciennes,0.0,0.0,5.0,1.0,10.0,10.0,1.0,7.0,2.0,0.0,0.0,0.0,2.1,3.2,3.75,2.43,1.54,-0.25,1.96,1.88,2.33,3.09,3.58,,Ligue 2,,20220205_Rodez_Valenciennes,13.253825584570677,0.8,1.05,55.3,44.7
2022-02-05,Sochaux,Amiens,1.0,1.0,6.0,3.0,7.0,4.0,10.0,1.0,0.0,5.0,0.0,1.0,1.8,3.4,4.75,2.68,1.45,-0.5,2.04,1.8,2.06,3.1,4.43,,Ligue 2,,20220205_Sochaux_Amiens,62.61352559034299,1.39,1.07,53.5,46.5
2022-02-05,Toulouse,Dijon,4.0,1.0,5.0,4.0,10.0,8.0,4.0,5.0,1.0,2.0,0.0,0.0,1.65,4.2,4.5,1.98,1.81,-0.75,2.01,1.83,1.77,3.5,5.41,,Ligue 2,,20220205_Toulouse_Dijon,106.37982881376183,1.56,0.87,47.7,52.3
2022-02-07,Paris FC,Ajaccio,2.0,0.0,2.0,4.0,6.0,5.0,3.0,7.0,1.0,2.0,0.0,0.0,2.3,3.1,3.2,3.07,1.35,0.0,1.84,1.99,2.82,2.68,3.27,,Ligue 2,,20220207_Paris-FC_Ajaccio,31.846939752965227,0.99,0.95,57.9,42.1
2022-02-12,Ajaccio,Guingamp,0.0,1.0,1.0,4.0,3.0,6.0,0.0,6.0,1.0,6.0,1.0,1.0,2.0,3.1,3.8,3.13,1.34,-0.25,1.83,2.01,2.27,2.87,4.09,,Ligue 2,,20220212_Ajaccio_Guingamp,68.62997268609638,0.69,1.02,60.3,39.7
2022-02-12,Amiens,Niort,3.0,1.0,5.0,5.0,3.0,10.0,2.0,3.0,2.0,0.0,0.0,0.0,1.85,3.25,4.2,2.44,1.54,-0.5,1.92,1.9,1.94,3.29,4.61,,Ligue 2,,20220212_Amiens_Niort,-10.123319341282695,0.52,0.57,47.8,52.2
2022-02-12,Auxerre,Nancy,1.0,1.0,3.0,4.0,12.0,5.0,6.0,5.0,3.0,1.0,0.0,0.0,1.66,3.6,4.5,1.84,1.95,-0.75,1.86,1.99,1.65,3.92,5.66,,Ligue 2,,20220212_Auxerre_Nancy,143.41191201891115,1.63,1.54,47.7,52.3
2022-02-12,Caen,Nimes,4.0,0.0,9.0,2.0,9.0,5.0,8.0,2.0,1.0,1.0,0.0,1.0,2.25,3.0,3.25,2.32,1.58,-0.25,1.85,2.0,2.19,3.11,3.9,,Ligue 2,,20220212_Caen_Nimes,-90.12109979662091,2.42,0.67,42.9,57.1
2022-02-12,Dijon,Pau FC,0.0,1.0,4.0,3.0,13.0,9.0,7.0,1.0,2.0,6.0,0.0,0.0,1.95,3.2,3.75,2.17,1.67,-0.5,2.02,1.81,2.16,3.21,3.86,,Ligue 2,,20220212_Dijon_Pau-FC,6.851777545397226,1.21,1.61,44.8,55.2
2022-02-12,Dunkerque,Rodez,2.0,0.0,2.0,4.0,3.0,7.0,2.0,3.0,1.0,2.0,0.0,0.0,3.0,2.8,2.55,3.32,1.31,0.0,2.01,1.83,3.28,2.72,2.78,,Ligue 2,,20220212_Dunkerque_Rodez,-43.348342940445264,1.56,0.1,48.3,51.7
2022-02-12,Grenoble,Sochaux,1.0,3.0,4.0,5.0,11.0,8.0,5.0,8.0,3.0,2.0,0.0,1.0,3.4,3.0,2.15,2.68,1.45,0.5,1.76,2.09,4.43,3.13,2.04,,Ligue 2,,20220212_Grenoble_Sochaux,-76.20833952408725,0.57,2.44,42.9,57.1
2022-02-12,Paris FC,Quevilly Rouen,3.0,0.0,5.0,3.0,4.0,5.0,4.0,7.0,2.0,0.0,0.0,0.0,1.5,3.8,6.0,2.16,1.68,-0.75,1.91,1.92,1.77,3.48,5.48,,Ligue 2,,20220212_Paris-FC_Quevilly-Rouen,161.16413449152355,1.96,0.25,55.4,44.6
2022-02-12,Valenciennes,Toulouse,1.0,3.0,3.0,5.0,4.0,12.0,4.0,4.0,3.0,0.0,0.0,0.0,4.33,3.5,1.75,1.93,1.86,0.5,1.9,1.92,4.3,3.45,1.95,,Ligue 2,,20220212_Valenciennes_Toulouse,-144.8824294782537,0.98,0.71,49.0,51.0
2022-02-14,Le Havre,Bastia,2.0,4.0,4.0,7.0,9.0,4.0,7.0,3.0,1.0,3.0,0.0,0.0,2.5,2.87,2.9,2.9,1.39,-0.25,2.12,1.75,2.61,2.97,3.2,,Ligue 2,,20220214_Le-Havre_Bastia,52.3413315807436,0.81,1.36,54.2,45.8
2022-02-15,Grenoble,Niort,1.0,0.0,3.0,2.0,6.0,13.0,9.0,5.0,4.0,1.0,0.0,0.0,2.4,2.9,3.0,2.47,1.52,0.0,2.03,1.82,3.11,3.06,2.6,,Ligue 2,,20220215_Grenoble_Niort,-25.05682350363054,1.63,0.59,51.7,48.3
2022-02-19,Bastia,Dijon,0.0,0.0,1.0,2.0,7.0,9.0,8.0,4.0,2.0,0.0,0.0,0.0,2.37,3.0,2.9,2.46,1.52,-0.25,1.93,1.91,2.26,2.92,4.01,,Ligue 2,,20220219_Bastia_Dijon,20.10025888589348,2.32,0.79,45.8,54.2
2022-02-19,Guingamp,Paris FC,1.0,1.0,2.0,2.0,7.0,9.0,3.0,0.0,2.0,1.0,0.0,0.0,2.8,3.1,2.4,2.33,1.58,0.0,1.91,1.92,2.83,3.07,2.83,,Ligue 2,,20220219_Guingamp_Paris-FC,-114.74433118410798,1.38,1.43,38.2,61.8
2022-02-19,Nancy,Dunkerque,2.0,0.0,9.0,1.0,5.0,9.0,4.0,4.0,1.0,3.0,0.0,0.0,2.05,3.1,3.4,2.46,1.52,-0.5,1.89,1.93,1.83,3.41,5.1,,Ligue 2,,20220219_Nancy_Dunkerque,-26.952251265444374,1.51,0.71,48.6,51.4
2022-02-19,Nimes,Grenoble,3.0,1.0,11.0,2.0,9.0,5.0,7.0,3.0,3.0,2.0,0.0,1.0,1.95,3.1,3.75,2.39,1.56,-0.5,2.02,1.81,2.03,3.09,4.57,,Ligue 2,,20220219_Nimes_Grenoble,52.93441905739951,1.62,0.35,52.4,47.6
2022-02-19,Niort,Auxerre,0.0,1.0,4.0,3.0,11.0,8.0,2.0,4.0,1.0,2.0,0.0,0.0,2.8,3.2,2.37,2.09,1.72,0.25,1.83,2.01,3.23,3.26,2.4,,Ligue 2,,20220219_Niort_Auxerre,-83.53460744347308,0.65,1.06,48.5,51.5
2022-02-19,Pau FC,Caen,1.0,0.0,3.0,3.0,3.0,15.0,4.0,8.0,1.0,4.0,0.0,0.0,2.2,3.0,3.2,2.39,1.55,0.0,1.94,1.89,2.79,2.96,2.96,,Ligue 2,,20220219_Pau-FC_Caen,27.415681276236228,0.05,1.2,52.4,47.6
2022-02-19,Quevilly Rouen,Valenciennes,1.0,1.0,2.0,7.0,2.0,8.0,6.0,8.0,2.0,4.0,0.0,0.0,2.3,3.1,2.87,2.32,1.57,0.0,1.82,2.02,2.74,2.98,3.01,,Ligue 2,,20220219_Quevilly-Rouen_Valenciennes,-16.807790167544226,0.67,0.51,47.6,52.4
2022-02-19,Rodez,Amiens,1.0,1.0,4.0,5.0,5.0,6.0,2.0,4.0,1.0,5.0,0.0,0.0,2.5,3.0,2.75,2.81,1.41,0.0,1.94,1.89,3.01,2.84,2.87,,Ligue 2,,20220219_Rodez_Amiens,-34.615592904165396,1.18,0.54,44.9,55.1
2022-02-19,Sochaux,Ajaccio,0.0,1.0,5.0,3.0,6.0,4.0,13.0,5.0,3.0,2.0,0.0,1.0,2.2,3.0,3.4,2.92,1.38,-0.25,1.83,2.01,2.2,2.85,4.35,,Ligue 2,,20220219_Sochaux_Ajaccio,12.961915297153837,1.33,0.85,40.7,59.3
2022-02-21,Toulouse,Le Havre,4.0,0.0,6.0,1.0,5.0,5.0,2.0,4.0,2.0,2.0,0.0,0.0,1.57,3.6,5.75,2.1,1.71,-1.0,2.02,1.82,1.57,3.91,7.36,,Ligue 2,,20220221_Toulouse_Le-Havre,97.90339457137543,2.08,0.05,52.0,48.0
2022-02-26,Ajaccio,Rodez,2.0,1.0,5.0,2.0,3.0,6.0,8.0,3.0,2.0,3.0,0.0,0.0,1.75,3.1,5.5,3.43,1.3,-0.5,1.88,1.93,1.88,2.94,6.12,,Ligue 2,,20220226_Ajaccio_Rodez,88.30380423055544,0.97,0.92,53.5,46.5
2022-02-26,Amiens,Nimes,3.0,0.0,5.0,5.0,6.0,8.0,2.0,10.0,2.0,2.0,0.0,0.0,2.15,3.1,3.4,2.13,1.69,-0.25,1.89,1.94,2.21,3.25,3.66,,Ligue 2,,20220226_Amiens_Nimes,-37.54311960076075,1.41,0.41,48.8,51.2
2022-02-26,Auxerre,Quevilly Rouen,1.0,0.0,4.0,2.0,8.0,7.0,3.0,3.0,1.0,1.0,0.0,0.0,1.61,3.75,5.0,2.07,1.73,-0.75,1.78,2.07,1.67,3.73,5.92,,Ligue 2,,20220226_Auxerre_Quevilly-Rouen,122.22376295266463,0.82,0.05,53.5,46.5
2022-02-26,Caen,Bastia,2.0,1.0,2.0,3.0,10.0,8.0,4.0,3.0,1.0,4.0,0.0,0.0,2.37,2.9,3.0,2.61,1.48,-0.25,1.89,1.94,2.3,3.0,3.77,,Ligue 2,,20220226_Caen_Bastia,-40.256066542182,1.3,0.81,48.3,51.7
2022-02-26,Dunkerque,Dijon,2.0,1.0,3.0,4.0,3.0,12.0,3.0,6.0,1.0,2.0,0.0,0.0,3.25,3.1,2.15,2.58,1.49,0.25,1.99,1.84,3.98,3.0,2.23,,Ligue 2,,20220226_Dunkerque_Dijon,-40.53573267681509,2.39,1.17,47.7,52.3
2022-02-26,Guingamp,Niort,1.0,0.0,6.0,2.0,6.0,4.0,5.0,6.0,1.0,1.0,0.0,0.0,2.0,3.1,3.6,2.36,1.57,-0.5,2.0,1.82,2.04,3.1,4.52,,Ligue 2,,20220226_Guingamp_Niort,42.916402645257676,1.31,0.28,45.4,54.6
2022-02-26,Le Havre,Nancy,1.0,0.0,5.0,2.0,11.0,5.0,6.0,3.0,1.0,3.0,0.0,0.0,1.85,3.2,3.8,2.4,1.55,-0.25,1.9,1.93,2.37,2.98,3.63,,Ligue 2,,20220226_Le-Havre_Nancy,77.08425150033167,1.24,1.22,49.1,50.9
2022-02-26,Paris FC,Sochaux,3.0,1.0,4.0,5.0,5.0,1.0,7.0,6.0,1.0,1.0,0.0,0.0,2.55,3.0,2.87,2.34,1.58,-0.25,2.02,1.82,2.43,3.08,3.36,,Ligue 2,,20220226_Paris-FC_Sochaux,70.45494111731705,2.05,1.03,57.9,42.1
2022-02-26,Valenciennes,Pau FC,1.0,0.0,9.0,3.0,7.0,5.0,4.0,2.0,3.0,1.0,0.0,0.0,2.2,3.3,3.1,2.39,1.55,-0.25,2.1,1.76,2.57,2.91,3.32,,Ligue 2,,20220226_Valenciennes_Pau-FC,-45.91683182622546,1.55,0.49,57.3,42.7
2022-02-28,Grenoble,Toulouse,0.0,2.0,1.0,4.0,12.0,5.0,11.0,5.0,2.0,2.0,0.0,0.0,3.8,3.4,1.85,2.02,1.77,1.0,1.88,1.95,6.49,4.07,1.56,,Ligue 2,,20220228_Grenoble_Toulouse,-164.34440965584804,0.65,1.21,48.2,51.8
2022-03-05,Bastia,Valenciennes,1.0,1.0,2.0,2.0,12.0,4.0,8.0,0.0,4.0,3.0,0.0,0.0,1.95,3.1,4.75,2.5,1.51,-0.5,1.95,1.88,1.92,3.24,4.87,,Ligue 2,,20220305_Bastia_Valenciennes,9.68615585386351,1.81,0.5,55.4,44.6
2022-03-05,Dijon,Caen,1.0,0.0,4.0,3.0,3.0,6.0,7.0,4.0,1.0,1.0,0.0,0.0,2.25,3.2,3.25,2.62,1.47,-0.25,1.97,1.87,2.33,2.95,3.78,,Ligue 2,,20220305_Dijon_Caen,-5.235205559911265,0.27,0.93,48.5,51.5
2022-03-05,Nancy,Grenoble,0.0,1.0,5.0,2.0,14.0,2.0,4.0,2.0,3.0,2.0,1.0,0.0,2.15,3.1,3.75,2.32,1.59,-0.5,1.94,1.88,1.88,3.37,4.85,,Ligue 2,,20220305_Nancy_Grenoble,-30.721896347900838,1.27,1.49,42.5,57.5
2022-03-05,Nimes,Paris FC,1.0,1.0,4.0,4.0,4.0,7.0,2.0,5.0,1.0,1.0,0.0,0.0,3.0,3.2,2.4,2.09,1.72,0.0,1.98,1.85,2.86,3.2,2.69,,Ligue 2,,20220305_Nimes_Paris-FC,-99.94132433880054,0.83,1.21,49.7,50.3
2022-03-05,Niort,Ajaccio,0.0,1.0,2.0,2.0,1.0,9.0,1.0,3.0,0.0,1.0,0.0,0.0,3.0,2.9,2.6,2.96,1.37,0.25,2.1,1.75,4.53,2.98,2.09,,Ligue 2,,20220305_Niort_Ajaccio,-111.0280441261068,0.59,0.84,43.9,56.1
2022-03-05,Pau FC,Amiens,2.0,1.0,3.0,3.0,9.0,5.0,4.0,4.0,2.0,2.0,0.0,1.0,2.55,3.0,3.0,2.29,1.6,-0.25,2.13,1.74,2.54,2.94,3.26,,Ligue 2,,20220305_Pau-FC_Amiens,-21.07199754933822,1.12,1.21,44.6,55.4
2022-03-05,Quevilly Rouen,Le Havre,0.0,2.0,1.0,4.0,7.0,5.0,2.0,2.0,2.0,0.0,0.0,0.0,3.1,2.9,2.55,2.87,1.4,0.25,1.87,1.96,3.73,2.83,2.43,,Ligue 2,,20220305_Quevilly-Rouen_Le-Havre,-86.36068652430049,0.88,1.72,47.1,52.9
2022-03-05,Rodez,Auxerre,1.0,3.0,3.0,6.0,7.0,8.0,4.0,2.0,2.0,1.0,0.0,0.0,3.0,2.9,2.6,2.66,1.46,0.0,2.07,1.78,3.05,2.9,2.78,,Ligue 2,,20220305_Rodez_Auxerre,-115.64659067475486,1.51,1.31,41.3,58.7
2022-03-05,Sochaux,Guingamp,1.0,0.0,5.0,3.0,12.0,13.0,9.0,3.0,0.0,0.0,0.0,0.0,1.9,3.3,4.2,2.62,1.47,-0.5,2.03,1.8,2.08,3.08,4.37,,Ligue 2,,20220305_Sochaux_Guingamp,16.514667370584675,1.54,1.01,50.2,49.8
2022-03-07,Toulouse,Dunkerque,2.0,0.0,7.0,3.0,4.0,7.0,6.0,4.0,0.0,2.0,0.0,1.0,1.33,4.75,11.0,1.98,1.85,-1.75,1.98,1.85,1.25,5.8,15.08,,Ligue 2,,20220307_Toulouse_Dunkerque,184.62264973805236,1.69,0.27,54.9,45.1
2022-03-12,Ajaccio,Bastia,0.0,1.0,2.0,1.0,8.0,2.0,5.0,1.0,0.0,5.0,0.0,0.0,2.05,3.25,3.6,3.45,1.29,-0.5,1.9,1.92,1.85,3.1,5.81,,Ligue 2,,20220312_Ajaccio_Bastia,90.56822832620537,1.09,1.17,47.0,53.0
2022-03-12,Amiens,Nancy,1.0,0.0,4.0,1.0,13.0,7.0,6.0,3.0,2.0,1.0,0.0,0.0,2.05,3.4,3.6,2.01,1.79,-0.5,1.99,1.84,1.99,3.61,3.91,,Ligue 2,,20220312_Amiens_Nancy,84.70342262569488,1.11,0.65,48.1,51.9
2022-03-12,Auxerre,Sochaux,3.0,2.0,4.0,4.0,8.0,9.0,5.0,7.0,1.0,2.0,0.0,0.0,2.62,3.1,2.8,2.18,1.66,-0.25,1.9,1.93,2.25,3.24,3.58,,Ligue 2,,20220312_Auxerre_Sochaux,36.57804308228492,1.5,1.11,54.9,45.1
2022-03-12,Caen,Toulouse,4.0,1.0,7.0,5.0,7.0,2.0,5.0,1.0,0.0,1.0,0.0,0.0,4.0,3.25,1.95,2.16,1.68,0.25,1.98,1.86,3.65,3.17,2.25,,Ligue 2,,20220312_Caen_Toulouse,-183.98270369026227,1.27,2.15,54.7,45.3
2022-03-12,Dunkerque,Pau FC,1.0,0.0,5.0,2.0,6.0,4.0,7.0,7.0,0.0,5.0,0.0,0.0,2.8,2.9,2.75,2.74,1.44,0.0,2.08,1.77,3.27,2.83,2.67,,Ligue 2,,20220312_Dunkerque_Pau-FC,-60.43793626688989,0.5,0.89,49.5,50.5
2022-03-12,Grenoble,Rodez,0.0,0.0,1.0,2.0,7.0,5.0,4.0,1.0,1.0,5.0,0.0,0.0,2.87,2.75,2.8,2.96,1.38,0.0,1.86,1.98,2.82,2.78,3.14,,Ligue 2,,20220312_Grenoble_Rodez,17.85994567131752,0.76,1.63,47.2,52.8
2022-03-12,Guingamp,Quevilly Rouen,1.0,1.0,2.0,1.0,6.0,6.0,5.0,2.0,3.0,3.0,0.0,0.0,1.83,3.5,4.2,2.23,1.63,-0.75,1.84,2.0,1.69,3.73,5.62,,Ligue 2,,20220312_Guingamp_Quevilly-Rouen,79.38405770946883,1.28,0.55,61.3,38.7
2022-03-12,Le Havre,Nimes,0.0,1.0,11.0,2.0,10.0,1.0,6.0,1.0,0.0,2.0,0.0,0.0,2.25,3.1,3.4,2.3,1.6,-0.5,2.05,1.79,2.08,3.22,4.12,,Ligue 2,,20220312_Le-Havre_Nimes,4.114156348212646,0.63,0.27,48.1,51.9
2022-03-12,Paris FC,Niort,2.0,0.0,3.0,1.0,4.0,4.0,2.0,4.0,0.0,1.0,0.0,0.0,1.66,3.4,5.75,2.11,1.71,-0.75,1.78,2.07,1.63,3.76,6.33,,Ligue 2,,20220312_Paris-FC_Niort,175.0661664149302,1.92,0.89,57.0,43.0
2022-03-12,Valenciennes,Dijon,0.0,0.0,2.0,1.0,6.0,3.0,3.0,0.0,5.0,2.0,0.0,1.0,2.62,3.2,2.62,2.28,1.61,0.0,1.79,2.04,2.64,3.06,3.06,,Ligue 2,,20220312_Valenciennes_Dijon,-2.809639332228926,0.8,0.93,51.6,48.4
2022-03-15,Bastia,Dunkerque,1.0,0.0,4.0,0.0,5.0,5.0,2.0,6.0,4.0,1.0,0.0,0.0,1.8,3.3,4.75,2.65,1.46,-0.5,1.86,1.95,1.92,3.09,5.3,,Ligue 2,,20220315_Bastia_Dunkerque,39.291860529857104,1.77,0.54,50.6,49.4
2022-03-15,Dijon,Le Havre,2.0,0.0,5.0,3.0,4.0,3.0,7.0,2.0,0.0,1.0,0.0,1.0,2.1,3.1,3.5,2.71,1.45,-0.25,1.96,1.87,2.31,2.95,3.84,,Ligue 2,,20220315_Dijon_Le-Havre,-43.07982120063775,1.51,0.15,57.7,42.3
2022-03-15,Nancy,Paris FC,3.0,0.0,6.0,3.0,7.0,12.0,4.0,7.0,1.0,2.0,0.0,0.0,3.3,3.3,2.15,2.22,1.64,0.25,1.78,2.07,3.16,3.15,2.52,,Ligue 2,,20220315_Nancy_Paris-FC,-220.5208416793912,1.55,1.07,40.4,59.6
2022-03-15,Nimes,Auxerre,1.0,2.0,1.0,5.0,2.0,13.0,7.0,3.0,0.0,2.0,0.0,1.0,3.1,3.2,2.37,2.02,1.77,0.0,2.16,1.71,2.94,3.25,2.6,,Ligue 2,,20220315_Nimes_Auxerre,-53.53518431556745,1.59,1.4,56.3,43.7
2022-03-15,Niort,Sochaux,1.0,1.0,3.0,2.0,7.0,5.0,1.0,2.0,2.0,4.0,0.0,0.0,3.4,3.1,2.25,2.52,1.5,0.25,1.97,1.86,3.82,2.97,2.3,,Ligue 2,,20220315_Niort_Sochaux,-95.8789209708641,0.49,1.61,52.8,47.2
2022-03-15,Pau FC,Grenoble,0.0,1.0,2.0,2.0,14.0,3.0,6.0,2.0,5.0,6.0,0.0,1.0,2.0,3.2,3.8,2.56,1.49,-0.5,2.04,1.79,2.15,3.01,4.2,,Ligue 2,,20220315_Pau-FC_Grenoble,23.02969743814424,0.52,1.51,46.5,53.5
2022-03-15,Quevilly Rouen,Ajaccio,0.0,0.0,0.0,1.0,7.0,7.0,1.0,4.0,1.0,2.0,0.0,0.0,4.0,3.0,2.05,3.08,1.36,0.5,1.8,2.02,4.58,3.04,2.05,,Ligue 2,,20220315_Quevilly-Rouen_Ajaccio,-128.41172281198214,1.28,0.39,44.0,56.0
2022-03-15,Rodez,Guingamp,1.0,1.0,8.0,1.0,15.0,6.0,6.0,3.0,3.0,5.0,1.0,1.0,3.0,2.87,2.55,3.23,1.33,0.0,2.13,1.73,3.28,2.78,2.69,,Ligue 2,,20220315_Rodez_Guingamp,-52.67633807399466,1.15,0.47,49.1,50.9
2022-03-15,Toulouse,Amiens,6.0,0.0,14.0,1.0,11.0,9.0,4.0,4.0,2.0,3.0,0.0,1.0,1.55,4.0,5.75,1.75,2.05,-1.25,1.98,1.86,1.45,4.5,8.01,,Ligue 2,,20220315_Toulouse_Amiens,113.94050679410066,1.91,0.05,52.7,47.3
2022-03-15,Valenciennes,Caen,1.0,1.0,5.0,6.0,3.0,8.0,2.0,5.0,4.0,2.0,0.0,0.0,2.62,3.2,2.62,2.68,1.45,0.0,1.98,1.85,2.93,2.91,2.88,,Ligue 2,,20220315_Valenciennes_Caen,-1.4065942547938448,0.05,1.12,48.5,51.5
2022-03-19,Ajaccio,Nimes,1.0,0.0,9.0,1.0,14.0,2.0,11.0,2.0,1.0,1.0,0.0,0.0,1.9,3.0,4.33,2.55,1.49,-0.75,1.82,2.01,1.63,3.58,7.01,,Ligue 2,,20220319_Ajaccio_Nimes,24.485647174022006,0.05,0.05,57.5,42.5
2022-03-19,Amiens,Dijon,1.0,1.0,4.0,2.0,11.0,5.0,10.0,4.0,1.0,1.0,0.0,0.0,2.5,2.9,2.9,2.35,1.57,0.0,1.8,2.04,2.67,2.98,3.1,,Ligue 2,,20220319_Amiens_Dijon,11.51219171100297,0.35,1.41,53.0,47.0
2022-03-19,Auxerre,Toulouse,1.0,2.0,5.0,3.0,3.0,13.0,2.0,5.0,1.0,1.0,1.0,0.0,2.8,3.1,2.4,1.79,2.0,0.25,1.86,1.96,3.24,3.53,2.27,,Ligue 2,,20220319_Auxerre_Toulouse,-28.382356349908605,1.12,0.89,44.1,55.9
2022-03-19,Dunkerque,Valenciennes,1.0,2.0,2.0,4.0,10.0,0.0,6.0,3.0,0.0,0.0,0.0,0.0,2.55,2.9,2.7,3.21,1.33,0.0,2.07,1.77,3.26,2.76,2.75,,Ligue 2,,20220319_Dunkerque_Valenciennes,-26.009775759550166,1.19,1.63,45.7,54.3
2022-03-19,Grenoble,Bastia,1.0,1.0,4.0,2.0,6.0,6.0,1.0,6.0,1.0,2.0,0.0,0.0,2.87,2.87,2.5,2.88,1.4,0.25,1.83,2.0,3.65,2.81,2.48,,Ligue 2,,20220319_Grenoble_Bastia,-27.871327584180563,0.7,1.19,53.1,46.9
2022-03-19,Guingamp,Nancy,3.0,1.0,5.0,4.0,9.0,10.0,11.0,6.0,1.0,1.0,0.0,0.0,1.85,3.2,4.0,2.26,1.62,-0.5,1.99,1.83,2.04,3.24,4.25,,Ligue 2,,20220319_Guingamp_Nancy,76.62798511213305,1.64,1.15,49.9,50.1
2022-03-19,Le Havre,Caen,2.0,4.0,6.0,6.0,7.0,8.0,7.0,4.0,9.0,5.0,1.0,0.0,2.5,2.8,2.87,2.7,1.44,0.0,2.05,1.78,3.17,2.83,2.74,,Ligue 2,,20220319_Le-Havre_Caen,30.85702369508863,2.01,1.89,54.8,45.2
2022-03-19,Niort,Quevilly Rouen,2.0,0.0,4.0,1.0,7.0,6.0,1.0,5.0,0.0,2.0,0.0,1.0,1.95,3.1,3.75,2.68,1.45,-0.5,2.03,1.8,2.07,3.11,4.37,,Ligue 2,,20220319_Niort_Quevilly-Rouen,8.429766768567333,0.84,0.67,51.3,48.7
2022-03-19,Paris FC,Pau FC,1.0,1.0,2.0,3.0,11.0,3.0,4.0,3.0,2.0,2.0,0.0,0.0,1.7,3.3,4.33,2.22,1.64,-0.5,1.8,2.03,1.83,3.46,4.96,,Ligue 2,,20220319_Paris-FC_Pau-FC,130.4299939854891,1.36,0.36,52.7,47.3
2022-03-19,Sochaux,Rodez,2.0,0.0,7.0,4.0,11.0,0.0,5.0,3.0,4.0,4.0,0.0,0.0,1.75,3.1,4.75,2.81,1.42,-0.75,2.01,1.84,1.72,3.39,6.23,,Ligue 2,,20220319_Sochaux_Rodez,78.96935171101995,1.34,0.05,57.3,42.7
2022-04-02,Bastia,Auxerre,1.0,1.0,2.0,6.0,8.0,4.0,2.0,7.0,1.0,1.0,0.0,0.0,2.6,3.0,2.62,2.39,1.55,0.0,1.91,1.91,2.91,2.97,2.84,,Ligue 2,,20220402_Bastia_Auxerre,-84.87675434338439,0.57,1.72,46.6,53.4
2022-04-02,Caen,Dunkerque,2.0,1.0,5.0,1.0,5.0,3.0,1.0,1.0,2.0,2.0,0.0,0.0,1.6,3.6,5.5,2.39,1.56,-0.75,1.91,1.93,1.75,3.35,6.0,,Ligue 2,,20220402_Caen_Dunkerque,51.48550554042731,0.05,1.59,59.4,40.6
2022-04-02,Dijon,Grenoble,1.0,0.0,5.0,0.0,9.0,1.0,10.0,1.0,0.0,2.0,0.0,1.0,1.75,3.3,4.75,2.66,1.46,-0.5,1.8,2.02,1.82,3.21,5.74,,Ligue 2,,20220402_Dijon_Grenoble,8.77613018944453,0.05,1.27,45.8,54.2
2022-04-02,Nimes,Guingamp,0.0,2.0,1.0,6.0,7.0,11.0,5.0,7.0,1.0,0.0,0.0,0.0,2.6,2.8,2.9,2.31,1.59,0.0,1.96,1.87,2.85,3.12,2.76,,Ligue 2,,20220402_Nimes_Guingamp,6.94292373649796,0.76,1.59,53.5,46.5
2022-04-02,Pau FC,Le Havre,2.0,1.0,4.0,4.0,5.0,8.0,0.0,5.0,1.0,1.0,0.0,0.0,2.6,2.87,2.9,2.3,1.59,-0.25,2.07,1.79,2.35,3.11,3.5,,Ligue 2,,20220402_Pau-FC_Le-Havre,-10.64965975279938,1.16,1.4,50.3,49.7
2022-04-02,Quevilly Rouen,Sochaux,0.0,2.0,2.0,4.0,9.0,7.0,9.0,3.0,2.0,0.0,0.0,0.0,4.2,3.0,1.95,2.58,1.49,0.25,1.95,1.89,3.96,2.9,2.29,,Ligue 2,,20220402_Quevilly-Rouen_Sochaux,-118.8761817687705,1.75,1.32,40.6,59.4
2022-04-02,Rodez,Niort,1.0,1.0,2.0,6.0,5.0,3.0,5.0,8.0,1.0,1.0,0.0,0.0,2.4,2.9,3.0,2.72,1.43,-0.25,2.1,1.76,2.6,2.91,3.28,,Ligue 2,,20220402_Rodez_Niort,-10.577770607911134,1.31,1.32,55.0,45.0
2022-04-02,Toulouse,Paris FC,2.0,1.0,6.0,2.0,5.0,4.0,6.0,3.0,0.0,0.0,0.0,0.0,1.75,3.25,4.5,1.81,1.98,-0.75,1.81,2.03,1.68,3.85,5.51,,Ligue 2,,20220402_Toulouse_Paris-FC,38.64699251867569,0.74,0.36,60.4,39.6
2022-04-02,Valenciennes,Amiens,0.0,2.0,5.0,4.0,11.0,5.0,6.0,1.0,2.0,0.0,0.0,0.0,2.45,3.0,2.87,2.3,1.6,0.0,1.88,1.96,2.81,2.97,2.95,,Ligue 2,,20220402_Valenciennes_Amiens,-16.05871587612637,1.28,0.05,45.9,54.1
2022-04-04,Nancy,Ajaccio,0.0,2.0,1.0,4.0,6.0,9.0,0.0,6.0,1.0,4.0,1.0,0.0,3.8,2.7,2.2,3.02,1.36,0.25,1.82,2.02,3.73,2.83,2.42,,Ligue 2,,20220404_Nancy_Ajaccio,-149.15885879265102,2.19,0.61,46.6,53.4
2022-04-09,Ajaccio,Pau FC,2.0,1.0,9.0,2.0,14.0,3.0,4.0,2.0,1.0,2.0,0.0,0.0,1.8,3.1,5.0,3.0,1.38,-0.75,2.02,1.81,1.72,3.29,6.63,,Ligue 2,,20220409_Ajaccio_Pau-FC,77.61420364422861,0.13,0.97,52.2,47.8
2022-04-09,Amiens,Bastia,0.0,0.0,4.0,2.0,4.0,2.0,2.0,1.0,2.0,1.0,0.0,0.0,2.5,2.8,2.9,2.67,1.45,-0.25,2.07,1.78,2.43,2.94,3.56,,Ligue 2,,20220409_Amiens_Bastia,2.114380760624954,0.12,0.05,47.9,52.1
2022-04-09,Auxerre,Valenciennes,1.0,0.0,5.0,0.0,9.0,5.0,6.0,2.0,1.0,3.0,0.0,0.0,1.75,3.4,4.5,2.17,1.67,-0.5,1.96,1.85,2.0,3.37,4.23,,Ligue 2,,20220409_Auxerre_Valenciennes,115.96342099839444,2.0,1.07,50.5,49.5
2022-04-09,Grenoble,Caen,0.0,2.0,2.0,5.0,3.0,3.0,4.0,0.0,1.0,2.0,0.0,0.0,,,,2.51,1.5,0.5,1.79,2.03,4.28,3.14,2.07,,Ligue 2,,20220409_Grenoble_Caen,-28.635339818172042,0.71,1.33,48.3,51.7
2022-04-09,Guingamp,Toulouse,2.0,4.0,6.0,6.0,10.0,8.0,7.0,2.0,3.0,3.0,0.0,0.0,3.6,3.3,1.95,2.09,1.72,0.5,1.87,1.95,4.39,3.35,1.97,,Ligue 2,,20220409_Guingamp_Toulouse,-129.7998432901054,0.53,1.7,37.8,62.2
2022-04-09,Le Havre,Dunkerque,2.0,1.0,6.0,7.0,4.0,11.0,3.0,8.0,3.0,2.0,0.0,0.0,1.95,3.0,4.2,2.64,1.46,-0.5,2.03,1.79,2.1,2.85,4.84,,Ligue 2,,20220409_Le-Havre_Dunkerque,54.08353400938722,1.11,1.63,51.3,48.7
2022-04-09,Niort,Nimes,0.0,0.0,0.0,0.0,12.0,5.0,8.0,2.0,1.0,2.0,0.0,0.0,2.2,3.1,3.25,2.21,1.65,-0.25,1.94,1.89,2.32,3.14,3.52,,Ligue 2,,20220409_Niort_Nimes,-52.269800240477025,0.09,1.19,46.7,53.3
2022-04-09,Quevilly Rouen,Rodez,2.0,0.0,3.0,8.0,10.0,10.0,2.0,3.0,3.0,3.0,0.0,0.0,2.62,2.8,2.9,3.02,1.36,0.0,1.9,1.92,2.95,2.74,3.04,,Ligue 2,,20220409_Quevilly-Rouen_Rodez,-29.682253734787082,1.92,0.96,54.2,45.8
2022-04-09,Sochaux,Nancy,1.0,0.0,3.0,3.0,6.0,11.0,6.0,6.0,2.0,1.0,0.0,1.0,1.7,3.5,4.75,2.14,1.69,-0.75,1.8,2.04,1.6,3.88,6.39,,Ligue 2,,20220409_Sochaux_Nancy,140.4363452350508,0.8,1.16,59.9,40.1
2022-04-11,Paris FC,Dijon,2.0,2.0,4.0,4.0,6.0,4.0,4.0,4.0,2.0,1.0,0.0,0.0,1.9,3.4,3.8,2.29,1.6,-0.5,1.9,1.91,1.96,3.27,4.57,,Ligue 2,,20220411_Paris-FC_Dijon,91.46231165399172,1.78,1.34,56.9,43.1
2022-04-16,Bastia,Guingamp,1.0,2.0,2.0,4.0,6.0,5.0,6.0,1.0,2.0,1.0,0.0,0.0,2.7,2.8,2.8,2.78,1.42,-0.25,1.99,1.84,2.43,2.79,3.8,,Ligue 2,,20220416_Bastia_Guingamp,-5.511659913697031,0.71,2.06,44.8,55.2
2022-04-16,Caen,Amiens,1.0,1.0,6.0,3.0,8.0,3.0,3.0,3.0,0.0,4.0,0.0,1.0,1.9,3.3,4.0,2.14,1.69,-0.75,2.05,1.79,1.83,3.61,4.75,,Ligue 2,,20220416_Caen_Amiens,-2.9145018309691295,1.18,1.44,49.9,50.1
2022-04-16,Dijon,Ajaccio,0.0,3.0,0.0,5.0,7.0,2.0,5.0,3.0,0.0,2.0,0.0,0.0,2.9,2.9,2.55,2.94,1.39,0.25,1.86,1.95,3.76,2.84,2.41,,Ligue 2,,20220416_Dijon_Ajaccio,-76.56902483768067,1.47,1.3,50.7,49.3
2022-04-16,Dunkerque,Grenoble,0.0,3.0,2.0,5.0,2.0,6.0,4.0,7.0,0.0,1.0,0.0,0.0,2.15,2.87,3.6,2.87,1.4,-0.25,1.84,1.98,2.3,2.91,4.3,,Ligue 2,,20220416_Dunkerque_Grenoble,-42.45323952643707,0.83,1.53,43.7,56.3
2022-04-16,Nancy,Niort,0.0,2.0,1.0,6.0,9.0,5.0,2.0,5.0,0.0,1.0,0.0,0.0,2.2,3.1,3.25,2.34,1.58,-0.25,1.95,1.88,2.25,3.2,3.6,,Ligue 2,,20220416_Nancy_Niort,-54.1845948944806,1.1,0.31,53.2,46.8
2022-04-16,Nimes,Sochaux,1.0,3.0,4.0,6.0,5.0,6.0,4.0,2.0,1.0,2.0,0.0,0.0,3.1,3.0,2.37,2.05,1.75,0.5,1.85,1.96,4.02,3.36,2.05,,Ligue 2,,20220416_Nimes_Sochaux,-52.360568250494225,1.25,1.99,44.7,55.3
2022-04-16,Pau FC,Auxerre,1.0,4.0,3.0,11.0,4.0,15.0,4.0,3.0,3.0,1.0,2.0,0.0,3.1,3.2,2.25,1.97,1.81,0.25,1.91,1.92,3.18,3.36,2.37,,Ligue 2,,20220416_Pau-FC_Auxerre,-112.2996426433458,2.0,1.81,40.5,59.5
2022-04-16,Rodez,Paris FC,0.0,1.0,2.0,2.0,7.0,4.0,3.0,6.0,0.0,0.0,0.0,0.0,3.2,3.1,2.25,2.49,1.52,0.25,2.03,1.81,3.72,3.2,2.21,,Ligue 2,,20220416_Rodez_Paris-FC,-159.3999676856638,0.77,1.03,40.3,59.7
2022-04-16,Toulouse,Quevilly Rouen,2.0,0.0,7.0,4.0,12.0,9.0,12.0,2.0,1.0,2.0,0.0,0.0,1.25,5.0,11.0,1.56,2.38,-1.75,1.95,1.88,1.25,6.03,13.39,,Ligue 2,,20220416_Toulouse_Quevilly-Rouen,233.82754197921827,1.14,0.34,60.6,39.4
2022-04-16,Valenciennes,Le Havre,0.0,1.0,1.0,3.0,11.0,8.0,6.0,6.0,3.0,2.0,0.0,0.0,2.3,2.87,3.3,2.36,1.57,-0.25,1.79,2.05,2.16,2.96,4.29,,Ligue 2,,20220416_Valenciennes_Le-Havre,-25.36230884757674,0.05,1.9,49.7,50.3
2022-04-19,Ajaccio,Dunkerque,2.0,1.0,8.0,1.0,6.0,1.0,6.0,2.0,0.0,2.0,0.0,0.0,1.4,3.8,8.5,2.43,1.53,-1.25,1.97,1.86,1.37,4.45,11.75,,Ligue 2,,20220419_Ajaccio_Dunkerque,185.23185441389296,1.65,1.71,55.5,44.5
2022-04-19,Amiens,Le Havre,0.0,2.0,1.0,3.0,10.0,7.0,4.0,2.0,3.0,2.0,0.0,0.0,2.05,3.2,3.4,2.04,1.76,-0.25,1.81,2.04,2.14,3.27,3.83,,Ligue 2,,20220419_Amiens_Le-Havre,10.425796017351331,0.47,1.53,52.1,47.9
2022-04-19,Auxerre,Dijon,2.0,1.0,7.0,1.0,9.0,7.0,5.0,2.0,1.0,2.0,0.0,0.0,1.85,3.3,4.0,2.0,1.79,-0.75,1.88,1.96,1.65,3.95,5.58,,Ligue 2,,20220419_Auxerre_Dijon,110.17678840320241,2.15,0.72,51.4,48.6
2022-04-19,Grenoble,Valenciennes,3.0,0.0,4.0,4.0,4.0,3.0,1.0,5.0,4.0,2.0,0.0,0.0,2.8,2.8,2.6,2.81,1.42,0.0,1.98,1.86,2.98,2.67,3.1,,Ligue 2,,20220419_Grenoble_Valenciennes,15.104626854144271,1.0,0.05,51.1,48.9
2022-04-19,Guingamp,Pau FC,3.0,0.0,6.0,0.0,8.0,11.0,4.0,7.0,3.0,2.0,0.0,0.0,1.85,3.3,4.0,1.86,1.92,-0.75,1.92,1.92,1.68,4.06,5.13,,Ligue 2,,20220419_Guingamp_Pau-FC,50.68019831205993,0.68,1.33,49.6,50.4
2022-04-19,Niort,Bastia,1.0,1.0,3.0,4.0,4.0,7.0,2.0,5.0,2.0,4.0,0.0,0.0,2.5,2.8,2.9,2.85,1.4,0.0,1.89,1.94,2.95,2.79,2.98,,Ligue 2,,20220419_Niort_Bastia,-32.83528511598229,0.84,1.56,51.0,49.0
2022-04-19,Paris FC,Caen,1.0,0.0,2.0,4.0,3.0,5.0,3.0,6.0,2.0,3.0,0.0,0.0,2.25,3.1,3.1,2.21,1.64,-0.25,1.91,1.92,2.3,3.19,3.52,,Ligue 2,,20220419_Paris-FC_Caen,87.64597178689223,1.31,0.76,53.0,47.0
2022-04-19,Quevilly Rouen,Nimes,0.0,1.0,2.0,4.0,14.0,2.0,3.0,0.0,1.0,4.0,0.0,0.0,2.45,3.0,3.0,2.3,1.59,-0.25,1.83,2.01,2.05,3.29,4.14,,Ligue 2,,20220419_Quevilly-Rouen_Nimes,-71.73625234444239,0.43,0.63,50.1,49.9
2022-04-19,Rodez,Nancy,1.0,1.0,2.0,5.0,12.0,7.0,6.0,5.0,1.0,1.0,0.0,0.0,2.05,3.0,3.6,2.32,1.58,-0.25,1.88,1.95,2.23,3.13,3.75,,Ligue 2,,20220419_Rodez_Nancy,32.81547359786009,0.57,0.09,50.0,50.0
2022-04-19,Sochaux,Toulouse,1.0,1.0,3.0,6.0,7.0,12.0,5.0,4.0,4.0,2.0,0.0,0.0,3.3,3.1,2.15,2.03,1.76,0.0,1.96,1.87,2.91,3.18,2.67,,Ligue 2,,20220419_Sochaux_Toulouse,-99.23357566176196,1.89,1.17,46.1,53.9
2022-04-22,Bastia,Paris FC,2.0,1.0,4.0,8.0,8.0,10.0,3.0,8.0,1.0,2.0,0.0,0.0,2.75,2.8,2.55,2.54,1.49,0.0,1.86,1.97,2.77,2.92,3.03,,Ligue 2,,20220422_Bastia_Paris-FC,-108.7762696791558,0.05,1.01,46.3,53.7
2022-04-22,Dijon,Guingamp,3.0,3.0,4.0,6.0,10.0,19.0,3.0,10.0,1.0,1.0,0.0,0.0,2.6,3.1,2.6,1.99,1.8,-0.25,1.95,1.89,2.29,3.35,3.35,,Ligue 2,,20220422_Dijon_Guingamp,-50.63454617603725,1.78,0.76,44.5,55.5
2022-04-22,Dunkerque,Amiens,0.0,0.0,2.0,4.0,7.0,6.0,1.0,8.0,1.0,0.0,0.0,0.0,2.6,3.0,2.6,2.33,1.57,0.0,1.85,1.99,2.78,2.97,2.97,,Ligue 2,,20220422_Dunkerque_Amiens,-100.25647960016772,0.3,0.05,52.7,47.3
2022-04-22,Le Havre,Grenoble,0.0,1.0,4.0,3.0,11.0,6.0,5.0,3.0,0.0,0.0,0.0,0.0,2.0,3.1,3.75,2.38,1.55,-0.5,1.99,1.83,1.99,3.31,4.33,,Ligue 2,,20220422_Le-Havre_Grenoble,33.39017419614015,0.38,1.51,48.9,51.1
2022-04-22,Nancy,Quevilly Rouen,0.0,3.0,0.0,3.0,0.0,6.0,2.0,4.0,1.0,1.0,0.0,0.0,2.15,3.1,3.2,2.2,1.65,-0.25,1.98,1.85,2.53,3.12,3.15,,Ligue 2,,20220422_Nancy_Quevilly-Rouen,-20.38594371065119,0.05,0.76,44.1,55.9
2022-04-22,Nimes,Rodez,3.0,2.0,5.0,5.0,1.0,11.0,1.0,7.0,0.0,2.0,0.0,0.0,2.87,2.9,2.45,2.44,1.53,0.25,1.84,2.0,3.35,3.0,2.49,,Ligue 2,,20220422_Nimes_Rodez,80.68069108205441,1.34,0.18,49.2,50.8
2022-04-22,Pau FC,Sochaux,0.0,1.0,2.0,2.0,10.0,4.0,4.0,3.0,1.0,1.0,0.0,0.0,4.75,3.4,1.66,2.04,1.75,0.5,2.0,1.82,4.57,3.57,1.87,,Ligue 2,,20220422_Pau-FC_Sochaux,-103.42121883894788,0.62,0.35,48.5,51.5
2022-04-22,Valenciennes,Ajaccio,0.0,0.0,1.0,1.0,3.0,9.0,5.0,3.0,2.0,3.0,0.0,0.0,4.2,2.8,2.0,2.87,1.39,0.5,1.84,1.98,4.72,2.96,2.06,,Ligue 2,,20220422_Valenciennes_Ajaccio,-154.42659935516554,1.04,0.05,33.1,66.9
2022-04-23,Caen,Auxerre,1.0,1.0,2.0,5.0,14.0,3.0,7.0,4.0,3.0,2.0,0.0,1.0,2.62,3.0,2.55,2.06,1.74,0.25,1.75,2.1,3.0,3.29,2.53,,Ligue 2,,20220423_Caen_Auxerre,-113.64089366656299,0.05,1.47,46.2,53.8
2022-04-25,Toulouse,Niort,2.0,0.0,8.0,2.0,12.0,3.0,7.0,2.0,0.0,2.0,0.0,0.0,1.33,4.5,7.5,1.76,2.04,-1.5,2.01,1.82,1.34,5.22,9.85,,Ligue 2,,20220425_Toulouse_Niort,195.873934930308,1.57,0.52,53.9,46.1
2022-04-30,Ajaccio,Le Havre,2.0,1.0,5.0,3.0,5.0,6.0,6.0,1.0,2.0,1.0,0.0,0.0,1.5,3.75,6.0,1.92,1.86,-1.5,2.04,1.8,1.32,4.94,11.5,,Ligue 2,,20220430_Ajaccio_Le-Havre,91.11608302589661,0.84,0.86,49.5,50.5
2022-04-30,Auxerre,Dunkerque,1.0,0.0,4.0,4.0,15.0,2.0,11.0,3.0,2.0,2.0,0.0,0.0,1.44,4.0,7.0,1.92,1.86,-1.25,2.02,1.82,1.41,4.62,8.91,,Ligue 2,,20220430_Auxerre_Dunkerque,207.34823480698515,1.39,0.83,55.1,44.9
2022-04-30,Grenoble,Amiens,1.0,1.0,2.0,2.0,11.0,5.0,6.0,10.0,1.0,3.0,0.0,0.0,2.25,3.1,2.9,2.33,1.58,0.0,1.89,1.95,2.87,2.99,2.86,,Ligue 2,,20220430_Grenoble_Amiens,-2.5765578847754114,0.68,0.53,43.2,56.8
2022-04-30,Guingamp,Caen,2.0,1.0,9.0,6.0,16.0,2.0,6.0,3.0,1.0,3.0,0.0,0.0,2.25,3.1,2.9,1.97,1.82,-0.25,1.93,1.91,2.22,3.37,3.5,,Ligue 2,,20220430_Guingamp_Caen,31.93677438798909,1.27,1.29,52.5,47.5
2022-04-30,Nancy,Nimes,1.0,3.0,10.0,7.0,15.0,5.0,9.0,7.0,1.0,2.0,0.0,0.0,2.75,3.25,2.37,1.85,1.93,-0.5,1.92,1.91,1.95,3.55,4.17,,Ligue 2,,20220430_Nancy_Nimes,-131.79518985624713,1.15,1.34,50.7,49.3
2022-04-30,Niort,Dijon,1.0,3.0,4.0,9.0,6.0,11.0,4.0,6.0,0.0,1.0,0.0,0.0,2.4,3.1,2.75,2.21,1.64,0.0,1.79,2.04,2.63,3.19,2.95,,Ligue 2,,20220430_Niort_Dijon,-28.070193381789068,2.0,1.48,48.0,52.0
2022-04-30,Paris FC,Valenciennes,1.0,1.0,3.0,8.0,9.0,7.0,8.0,2.0,4.0,1.0,0.0,0.0,1.65,3.3,4.75,2.18,1.66,-0.5,1.89,1.94,2.0,3.27,4.38,,Ligue 2,,20220430_Paris-FC_Valenciennes,142.83906437326414,0.05,0.87,57.8,42.2
2022-04-30,Quevilly Rouen,Pau FC,1.0,2.0,4.0,3.0,5.0,7.0,3.0,4.0,1.0,0.0,0.0,0.0,2.0,3.0,3.5,2.24,1.63,-0.25,1.86,1.98,2.21,3.21,3.72,,Ligue 2,,20220430_Quevilly-Rouen_Pau-FC,-34.153333083000916,0.92,1.06,51.8,48.2
2022-04-30,Sochaux,Bastia,2.0,1.0,3.0,0.0,6.0,4.0,5.0,1.0,2.0,3.0,0.0,0.0,1.7,3.4,4.33,2.31,1.58,-0.75,1.87,1.97,1.7,3.52,6.09,,Ligue 2,,20220430_Sochaux_Bastia,65.63180573194768,0.84,0.27,51.0,49.0
2022-05-02,Rodez,Toulouse,1.0,0.0,3.0,3.0,7.0,12.0,8.0,6.0,1.0,1.0,0.0,0.0,4.75,3.3,1.66,2.12,1.7,0.5,1.94,1.87,4.9,3.36,1.87,,Ligue 2,,20220502_Rodez_Toulouse,-254.92412842906356,0.78,2.0,45.7,54.3
2022-05-07,Amiens,Paris FC,1.0,2.0,5.0,5.0,8.0,9.0,3.0,4.0,1.0,3.0,0.0,0.0,2.55,3.1,2.62,1.93,1.85,0.0,1.96,1.88,2.75,3.37,2.68,,Ligue 2,,20220507_Amiens_Paris-FC,-89.47493364528395,1.41,0.27,46.8,53.2
2022-05-07,Bastia,Rodez,0.0,1.0,4.0,3.0,3.0,7.0,2.0,7.0,1.0,2.0,0.0,0.0,2.25,3.2,3.1,2.4,1.55,-0.25,1.99,1.86,2.59,2.96,3.24,,Ligue 2,,20220507_Bastia_Rodez,70.12828449726294,0.05,0.97,56.8,43.2
2022-05-07,Caen,Quevilly Rouen,2.0,0.0,5.0,4.0,4.0,5.0,7.0,4.0,4.0,2.0,0.0,0.0,1.9,3.3,3.8,1.94,1.85,-0.5,1.94,1.88,2.0,3.58,3.93,,Ligue 2,,20220507_Caen_Quevilly-Rouen,80.13791824955024,1.81,1.01,48.7,51.3
2022-05-07,Dijon,Nancy,2.0,3.0,6.0,4.0,8.0,6.0,9.0,3.0,0.0,0.0,0.0,0.0,1.83,3.5,3.8,1.67,2.16,-0.75,2.01,1.83,1.81,3.97,4.31,,Ligue 2,,20220507_Dijon_Nancy,126.65553207484663,1.29,1.71,55.6,44.4
2022-05-07,Dunkerque,Guingamp,1.0,3.0,4.0,5.0,13.0,6.0,3.0,8.0,2.0,1.0,0.0,0.0,2.8,3.2,2.3,1.86,1.92,0.25,1.91,1.93,3.43,3.77,2.09,,Ligue 2,,20220507_Dunkerque_Guingamp,-149.70853765497645,2.19,0.91,43.4,56.6
2022-05-07,Grenoble,Ajaccio,1.0,1.0,1.0,9.0,3.0,4.0,2.0,6.0,3.0,0.0,1.0,0.0,5.0,3.3,1.7,2.25,1.62,0.75,2.03,1.81,5.91,3.79,1.65,,Ligue 2,,20220507_Grenoble_Ajaccio,-107.04100966055967,1.52,0.81,43.6,56.4
2022-05-07,Le Havre,Auxerre,1.0,2.0,3.0,7.0,7.0,13.0,4.0,3.0,2.0,3.0,0.0,1.0,3.8,3.4,1.85,1.74,2.06,0.75,1.91,1.93,4.89,4.05,1.71,,Ligue 2,,20220507_Le-Havre_Auxerre,-123.82300669526558,0.47,1.22,45.9,54.1
2022-05-07,Pau FC,Niort,2.0,2.0,3.0,3.0,11.0,6.0,11.0,2.0,0.0,0.0,0.0,0.0,2.25,3.3,2.87,1.92,1.86,-0.25,1.95,1.89,2.26,3.5,3.28,,Ligue 2,,20220507_Pau-FC_Niort,19.091120024319707,0.86,0.89,50.6,49.4
2022-05-07,Toulouse,Nimes,2.0,1.0,7.0,4.0,18.0,2.0,15.0,2.0,1.0,1.0,0.0,0.0,1.3,4.75,9.0,1.35,3.1,-2.0,1.99,1.82,1.22,7.5,11.29,,Ligue 2,,20220507_Toulouse_Nimes,128.56006823055714,1.71,0.11,53.9,46.1
2022-05-07,Valenciennes,Sochaux,1.0,0.0,1.0,4.0,5.0,10.0,2.0,4.0,3.0,3.0,0.0,0.0,3.0,3.2,2.25,2.44,1.53,0.0,2.1,1.75,3.2,3.07,2.53,,Ligue 2,,20220507_Valenciennes_Sochaux,-136.0589711471207,1.15,1.6,43.9,56.1
2022-05-14,Ajaccio,Toulouse,1.0,0.0,9.0,1.0,6.0,4.0,2.0,4.0,0.0,1.0,0.0,0.0,1.57,4.0,5.5,1.93,1.86,-1.0,2.09,1.76,1.59,4.01,6.25,,Ligue 2,,20220514_Ajaccio_Toulouse,-59.371182137403366,1.01,0.34,44.4,55.6
2022-05-14,Auxerre,Amiens,2.0,1.0,8.0,4.0,11.0,4.0,6.0,0.0,0.0,1.0,0.0,0.0,1.44,4.5,6.5,1.45,2.65,-1.5,2.0,1.84,1.36,5.61,8.03,,Ligue 2,,20220514_Auxerre_Amiens,136.37481968465522,1.07,1.32,58.2,41.8
2022-05-14,Guingamp,Le Havre,2.0,1.0,9.0,5.0,13.0,9.0,2.0,6.0,0.0,0.0,0.0,0.0,1.95,3.75,3.2,1.43,2.73,-1.0,1.98,1.85,1.57,4.86,5.11,,Ligue 2,,20220514_Guingamp_Le-Havre,70.04047782628527,1.54,1.96,47.3,52.7
2022-05-14,Nancy,Pau FC,2.0,3.0,4.0,5.0,8.0,4.0,5.0,5.0,1.0,1.0,0.0,0.0,2.37,3.5,2.75,1.53,2.43,-0.25,1.88,1.95,2.16,3.95,3.14,,Ligue 2,,20220514_Nancy_Pau-FC,-78.76202812479823,0.91,1.34,46.1,53.9
2022-05-14,Nimes,Bastia,0.0,2.0,1.0,4.0,5.0,8.0,5.0,4.0,1.0,1.0,0.0,0.0,2.75,3.25,2.5,1.69,2.12,0.0,2.07,1.78,2.9,3.89,2.32,,Ligue 2,,20220514_Nimes_Bastia,23.86550601990666,1.73,1.7,48.9,51.1
2022-05-14,Niort,Valenciennes,1.0,2.0,2.0,4.0,6.0,5.0,4.0,3.0,0.0,0.0,0.0,0.0,2.5,3.25,2.7,1.79,2.0,-0.25,1.95,1.89,2.23,3.55,3.29,,Ligue 2,,20220514_Niort_Valenciennes,-18.262880298276514,1.71,1.88,53.4,46.6
2022-05-14,Paris FC,Grenoble,2.0,0.0,4.0,4.0,10.0,4.0,4.0,4.0,0.0,3.0,0.0,0.0,1.61,3.6,5.25,1.7,2.12,-1.25,2.02,1.82,1.45,5.02,6.68,,Ligue 2,,20220514_Paris-FC_Grenoble,97.26534286188394,1.02,0.05,49.5,50.5
2022-05-14,Quevilly Rouen,Dunkerque,3.0,1.0,5.0,3.0,8.0,1.0,2.0,4.0,1.0,1.0,0.0,0.0,1.8,3.6,4.0,1.61,2.28,-0.5,1.81,2.01,1.89,3.96,3.93,,Ligue 2,,20220514_Quevilly-Rouen_Dunkerque,13.680733394322715,1.82,1.01,50.3,49.7
2022-05-14,Rodez,Caen,2.0,0.0,3.0,5.0,6.0,5.0,9.0,4.0,1.0,1.0,0.0,0.0,2.4,3.3,2.7,1.91,1.87,-0.25,1.93,1.91,2.35,3.39,3.2,,Ligue 2,,20220514_Rodez_Caen,-55.089744489666145,1.13,0.78,40.9,59.1
2022-05-14,Sochaux,Dijon,2.0,2.0,9.0,2.0,6.0,7.0,7.0,2.0,0.0,1.0,0.0,0.0,1.65,3.75,5.0,1.62,2.25,-0.75,1.84,2.0,1.67,4.25,4.91,,Ligue 2,,20220514_Sochaux_Dijon,88.08979309101187,0.74,2.03,57.5,42.5
2022-07-30,Annecy,Niort,1.0,2.0,2.0,4.0,7.0,3.0,5.0,1.0,2.0,2.0,0.0,0.0,2.3,3.2,2.9,2.43,1.54,-0.25,2.07,1.77,2.52,2.99,3.31,,Ligue 2,,20220730_Annecy_Niort,65.7789077041275,1.17,1.0,45.7,54.3
2022-07-30,Bastia,Laval,0.0,2.0,4.0,5.0,12.0,6.0,5.0,3.0,2.0,2.0,1.0,1.0,2.0,3.1,3.75,2.84,1.41,-0.25,1.83,1.99,2.17,2.94,4.28,,Ligue 2,,20220730_Bastia_Laval,-3.2782905839599152,0.47,1.29,40.8,59.2
2022-07-30,Bordeaux,Valenciennes,0.0,0.0,2.0,0.0,7.0,5.0,4.0,4.0,4.0,2.0,0.0,0.0,2.5,3.1,2.75,2.12,1.7,0.0,2.02,1.82,2.85,3.18,2.72,,Ligue 2,,20220730_Bordeaux_Valenciennes,24.776421850016277,1.08,1.59,50.1,49.9
2022-07-30,Dijon,St Etienne,2.0,1.0,5.0,3.0,7.0,12.0,6.0,9.0,5.0,3.0,0.0,1.0,2.87,3.2,2.37,2.03,1.77,0.25,2.03,1.79,3.87,3.29,2.12,,Ligue 2,,20220730_Dijon_St-Etienne,-18.144014147885173,1.19,1.32,53.0,47.0
2022-07-30,Guingamp,Pau FC,4.0,0.0,7.0,5.0,4.0,5.0,2.0,3.0,1.0,5.0,0.0,0.0,1.65,3.5,5.0,2.08,1.73,-0.75,2.08,1.76,1.84,3.63,4.6,,Ligue 2,,20220730_Guingamp_Pau-FC,86.14679806939284,0.75,0.05,52.8,47.2
2022-07-30,Le Havre,Grenoble,0.0,0.0,1.0,4.0,4.0,3.0,2.0,3.0,2.0,4.0,0.0,1.0,2.15,3.2,3.2,2.49,1.52,-0.25,2.0,1.83,2.44,3.0,3.46,,Ligue 2,,20220730_Le-Havre_Grenoble,-14.288886167399369,1.31,1.26,47.8,52.2
2022-07-30,Metz,Amiens,3.0,0.0,4.0,4.0,12.0,14.0,6.0,8.0,4.0,1.0,1.0,0.0,1.85,3.2,4.33,2.29,1.61,-0.5,1.96,1.85,2.01,3.23,4.4,,Ligue 2,,20220730_Metz_Amiens,147.62769629710988,1.13,0.42,47.7,52.3
2022-07-30,Nimes,Caen,0.0,1.0,2.0,3.0,3.0,16.0,3.0,6.0,3.0,2.0,0.0,0.0,2.7,3.25,2.37,2.31,1.59,0.25,1.88,1.94,3.47,3.15,2.34,,Ligue 2,,20220730_Nimes_Caen,11.188442844133078,0.45,0.93,50.0,50.0
2022-07-30,Quevilly Rouen,Rodez,0.0,0.0,1.0,4.0,9.0,4.0,4.0,5.0,2.0,3.0,0.0,0.0,2.55,3.1,2.7,2.93,1.39,-0.25,2.07,1.77,2.56,2.83,3.46,,Ligue 2,,20220730_Quevilly-Rouen_Rodez,-45.96778486577159,0.4,1.62,44.1,55.9
2022-08-01,Sochaux,Paris FC,0.0,0.0,1.0,0.0,9.0,2.0,5.0,2.0,2.0,3.0,0.0,2.0,2.0,3.2,3.6,2.2,1.65,-0.25,1.93,1.9,2.27,3.2,3.65,,Ligue 2,,20220801_Sochaux_Paris-FC,-34.587638693470126,1.29,0.73,38.1,61.9
2022-08-06,Amiens,Annecy,1.0,0.0,2.0,4.0,4.0,6.0,2.0,2.0,1.0,5.0,0.0,0.0,2.2,3.0,3.25,2.3,1.59,-0.25,2.09,1.75,2.49,3.2,3.14,,Ligue 2,,20220806_Amiens_Annecy,-18.0373070068822,1.0,0.25,52.8,47.2
2022-08-06,Grenoble,Sochaux,1.0,0.0,5.0,5.0,8.0,10.0,4.0,6.0,2.0,3.0,0.0,0.0,3.5,3.0,2.15,2.65,1.46,0.25,2.0,1.83,3.85,3.08,2.23,,Ligue 2,,20220806_Grenoble_Sochaux,-81.81297137841375,0.05,1.06,43.6,56.4
2022-08-06,Laval,Guingamp,1.0,2.0,4.0,2.0,7.0,8.0,7.0,3.0,1.0,1.0,0.0,0.0,2.7,3.0,2.55,2.15,1.68,0.0,1.85,1.97,2.7,3.17,2.91,,Ligue 2,,20220806_Laval_Guingamp,-56.03402078826525,0.77,0.74,50.7,49.3
2022-08-06,Niort,Bastia,1.0,4.0,8.0,9.0,10.0,7.0,6.0,5.0,1.0,2.0,0.0,0.0,2.5,2.8,3.0,2.82,1.41,0.0,1.82,2.01,2.86,2.85,3.01,,Ligue 2,,20220806_Niort_Bastia,-36.36868073016717,0.94,2.46,49.6,50.4
2022-08-06,Paris FC,Quevilly Rouen,2.0,1.0,4.0,5.0,5.0,6.0,4.0,6.0,2.0,1.0,0.0,0.0,1.66,3.3,5.0,1.99,1.8,-0.75,1.91,1.92,1.76,3.63,5.2,,Ligue 2,,20220806_Paris-FC_Quevilly-Rouen,185.3372061680202,1.55,1.44,56.6,43.4
2022-08-06,Pau FC,Dijon,0.0,0.0,2.0,5.0,5.0,9.0,4.0,5.0,3.0,3.0,0.0,0.0,2.55,3.2,2.62,2.01,1.78,0.0,1.96,1.87,2.95,3.25,2.59,,Ligue 2,,20220806_Pau-FC_Dijon,-30.876305497644353,0.05,0.64,49.6,50.4
2022-08-06,Rodez,Bordeaux,0.0,3.0,1.0,4.0,5.0,8.0,5.0,3.0,4.0,1.0,1.0,0.0,2.1,3.0,3.6,2.46,1.53,-0.25,2.04,1.8,2.43,3.04,3.41,,Ligue 2,,20220806_Rodez_Bordeaux,-44.287236118196006,1.48,1.37,44.9,55.1
2022-08-06,St Etienne,Nimes,1.0,1.0,6.0,1.0,7.0,5.0,12.0,1.0,2.0,0.0,0.0,0.0,1.66,3.6,4.5,1.86,1.92,-0.5,1.83,1.98,1.88,3.66,4.32,,Ligue 2,,20220806_St-Etienne_Nimes,4.818965959949082,1.3,0.91,47.9,52.1
2022-08-06,Valenciennes,Le Havre,1.0,0.0,3.0,1.0,3.0,19.0,2.0,9.0,2.0,0.0,0.0,0.0,2.2,3.1,3.25,2.38,1.56,-0.5,2.02,1.8,2.03,3.28,4.22,,Ligue 2,,20220806_Valenciennes_Le-Havre,6.014692520180915,2.0,0.67,48.8,51.2
2022-08-08,Caen,Metz,1.0,0.0,3.0,5.0,10.0,12.0,1.0,4.0,1.0,4.0,0.0,0.0,2.62,3.0,2.6,2.35,1.57,-0.25,1.96,1.87,2.36,3.08,3.5,,Ligue 2,,20220808_Caen_Metz,-133.58079350940488,0.51,1.39,45.6,54.4
2022-08-13,Annecy,Laval,0.0,1.0,1.0,2.0,10.0,3.0,6.0,2.0,1.0,3.0,0.0,0.0,2.25,3.1,3.25,2.52,1.51,0.0,1.88,1.94,2.76,2.97,2.99,,Ligue 2,,20220813_Annecy_Laval,-28.673103071712376,1.59,1.56,57.1,42.9
2022-08-13,Bastia,Grenoble,3.0,0.0,7.0,2.0,7.0,3.0,2.0,3.0,3.0,2.0,0.0,0.0,2.05,3.1,3.8,2.73,1.44,-0.25,1.85,1.97,2.26,2.93,4.02,,Ligue 2,,20220813_Bastia_Grenoble,-2.556838714420337,1.48,0.84,54.1,45.9
2022-08-13,Bordeaux,Niort,1.0,0.0,3.0,4.0,12.0,8.0,3.0,7.0,2.0,0.0,0.0,0.0,1.75,3.6,4.0,2.13,1.7,-0.25,1.8,2.03,2.13,3.35,3.75,,Ligue 2,,20220813_Bordeaux_Niort,71.9064893033692,0.62,0.46,52.3,47.7
2022-08-13,Dijon,Caen,2.0,2.0,4.0,5.0,9.0,7.0,5.0,3.0,3.0,2.0,0.0,0.0,2.55,3.1,2.8,2.24,1.63,-0.25,2.11,1.74,2.6,3.07,3.09,,Ligue 2,,20220813_Dijon_Caen,-19.119697763477916,0.54,0.73,53.1,46.9
2022-08-13,Guingamp,Paris FC,0.0,0.0,2.0,3.0,7.0,5.0,6.0,1.0,3.0,1.0,0.0,1.0,2.4,3.1,3.0,2.09,1.72,0.0,1.79,2.05,2.56,3.18,3.05,,Ligue 2,,20220813_Guingamp_Paris-FC,-25.526666027168858,0.23,1.05,52.4,47.6
2022-08-13,Le Havre,Pau FC,1.0,1.0,5.0,2.0,5.0,4.0,8.0,2.0,2.0,3.0,0.0,0.0,2.1,3.25,3.5,2.25,1.63,-0.5,1.98,1.82,2.06,3.26,4.14,,Ligue 2,,20220813_Le-Havre_Pau-FC,-6.398509908952519,1.51,1.36,52.0,48.0
2022-08-13,Metz,Valenciennes,2.0,0.0,5.0,2.0,16.0,7.0,7.0,4.0,1.0,2.0,0.0,0.0,1.9,3.4,3.8,2.29,1.61,-0.5,1.9,1.91,1.98,3.17,4.65,,Ligue 2,,20220813_Metz_Valenciennes,125.45066253707978,0.38,0.36,60.3,39.7
2022-08-13,Nimes,Rodez,1.0,0.0,5.0,3.0,10.0,11.0,3.0,4.0,1.0,2.0,0.0,0.0,2.15,3.1,3.4,2.54,1.5,-0.25,2.07,1.78,2.48,3.07,3.28,,Ligue 2,,20220813_Nimes_Rodez,38.341501501330185,1.13,0.05,42.8,57.2
2022-08-13,Sochaux,Amiens,0.0,1.0,4.0,4.0,11.0,3.0,4.0,3.0,2.0,8.0,0.0,1.0,1.9,3.3,4.0,2.24,1.63,-0.5,1.88,1.93,1.92,3.31,4.68,,Ligue 2,,20220813_Sochaux_Amiens,70.0639735153452,0.69,2.04,55.0,45.0
2022-08-15,Quevilly Rouen,St Etienne,2.0,2.0,6.0,6.0,3.0,5.0,3.0,3.0,4.0,3.0,0.0,1.0,3.6,3.4,2.0,2.24,1.63,0.25,1.97,1.84,3.69,3.28,2.18,,Ligue 2,,20220815_Quevilly-Rouen_St-Etienne,-81.30373844529458,1.52,1.64,43.3,56.7
2022-08-20,Amiens,Bastia,3.0,1.0,4.0,5.0,7.0,8.0,5.0,4.0,3.0,3.0,0.0,0.0,2.4,3.0,3.1,2.29,1.6,-0.25,1.97,1.86,2.34,3.13,3.49,,Ligue 2,,20220820_Amiens_Bastia,-12.944076368698916,0.84,0.05,46.1,53.9
2022-08-20,Caen,Guingamp,4.0,1.0,9.0,7.0,10.0,6.0,6.0,5.0,3.0,4.0,0.0,1.0,2.3,3.0,3.3,2.29,1.6,-0.25,1.93,1.89,2.26,3.12,3.7,,Ligue 2,,20220820_Caen_Guingamp,-67.0036832943531,2.43,0.89,52.0,48.0
2022-08-20,Dijon,Nimes,2.0,1.0,2.0,6.0,9.0,5.0,3.0,3.0,0.0,2.0,0.0,0.0,1.85,3.3,4.2,1.8,1.99,-0.75,1.78,2.05,1.66,3.96,5.6,,Ligue 2,,20220820_Dijon_Nimes,0.6757200006013591,1.06,1.13,46.7,53.3
2022-08-20,Laval,Metz,3.0,3.0,8.0,6.0,11.0,5.0,8.0,3.0,1.0,4.0,0.0,2.0,2.75,3.2,2.55,2.18,1.66,0.0,1.76,2.08,2.54,3.18,3.07,,Ligue 2,,20220820_Laval_Metz,-108.34946037068221,2.72,2.43,41.5,58.5
2022-08-20,Niort,Paris FC,2.0,1.0,3.0,4.0,3.0,14.0,1.0,7.0,5.0,0.0,0.0,0.0,3.3,3.1,2.25,2.25,1.62,0.0,2.1,1.75,3.06,3.18,2.55,,Ligue 2,,20220820_Niort_Paris-FC,-174.4821315566278,2.43,1.01,50.9,49.1
2022-08-20,Pau FC,Sochaux,0.0,3.0,2.0,5.0,13.0,4.0,7.0,4.0,2.0,2.0,0.0,0.0,3.4,3.1,2.2,2.4,1.55,0.25,2.0,1.82,3.66,3.18,2.24,,Ligue 2,,20220820_Pau-FC_Sochaux,-71.56784465453325,0.93,1.7,41.7,58.3
2022-08-20,Rodez,Annecy,2.0,2.0,6.0,2.0,11.0,3.0,3.0,2.0,3.0,3.0,0.0,1.0,2.45,2.8,3.2,3.15,1.34,0.0,2.02,1.8,3.18,2.69,2.88,,Ligue 2,,20220820_Rodez_Annecy,-28.42172420931729,0.57,0.94,41.1,58.9
2022-08-20,St Etienne,Le Havre,0.0,6.0,1.0,8.0,5.0,8.0,5.0,8.0,4.0,2.0,3.0,0.0,1.85,3.4,4.0,2.23,1.63,-0.25,1.79,2.05,2.17,3.15,3.92,,Ligue 2,,20220820_St-Etienne_Le-Havre,25.957618894317875,0.94,2.49,51.9,48.1
2022-08-20,Valenciennes,Quevilly Rouen,0.0,0.0,3.0,5.0,8.0,7.0,3.0,6.0,1.0,1.0,0.0,0.0,2.0,3.0,4.2,2.5,1.51,-0.25,1.97,1.85,2.44,2.98,3.48,,Ligue 2,,20220820_Valenciennes_Quevilly-Rouen,71.36239683521603,1.09,1.58,52.8,47.2
2022-08-22,Grenoble,Bordeaux,0.0,0.0,0.0,1.0,9.0,11.0,5.0,3.0,5.0,1.0,1.0,1.0,3.2,2.9,2.37,2.44,1.54,-0.25,2.09,1.75,2.52,3.05,3.25,,Ligue 2,,20220822_Grenoble_Bordeaux,-33.123702778783354,1.17,0.31,47.4,52.6
2022-08-27,Annecy,Grenoble,0.0,0.0,5.0,2.0,5.0,2.0,4.0,1.0,1.0,1.0,0.0,0.0,2.45,2.9,3.1,2.74,1.43,-0.25,2.03,1.8,2.47,2.87,3.59,,Ligue 2,,20220827_Annecy_Grenoble,-26.051465788897076,0.78,1.31,49.2,50.8
2022-08-27,Bastia,Rodez,0.0,2.0,6.0,6.0,13.0,6.0,4.0,5.0,3.0,4.0,0.0,0.0,1.9,3.1,4.2,2.64,1.45,-0.5,1.91,1.9,1.97,3.25,5.2,,Ligue 2,,20220827_Bastia_Rodez,60.54656850362926,0.52,0.84,48.6,51.4
2022-08-27,Bordeaux,Guingamp,0.0,1.0,3.0,2.0,10.0,3.0,3.0,1.0,5.0,4.0,0.0,0.0,2.3,3.2,3.0,2.09,1.72,0.0,1.95,1.87,2.88,3.19,2.69,,Ligue 2,,20220827_Bordeaux_Guingamp,-46.56117109421962,0.28,0.82,49.4,50.6
2022-08-27,Le Havre,Amiens,1.0,1.0,5.0,4.0,12.0,0.0,11.0,1.0,1.0,4.0,0.0,0.0,2.2,3.2,3.25,2.39,1.55,-0.25,1.93,1.89,2.34,3.01,3.64,,Ligue 2,,20220827_Le-Havre_Amiens,-35.78771403841802,1.17,1.49,45.1,54.9
2022-08-27,Metz,Dijon,1.0,2.0,5.0,4.0,14.0,3.0,6.0,4.0,4.0,5.0,0.0,1.0,2.15,3.25,3.25,1.93,1.84,-0.25,1.86,1.96,2.17,3.44,3.54,,Ligue 2,,20220827_Metz_Dijon,111.48657629777972,0.1,0.96,58.8,41.2
2022-08-27,Nimes,Laval,1.0,0.0,3.0,3.0,12.0,3.0,2.0,4.0,3.0,4.0,0.0,0.0,2.75,3.0,2.62,2.01,1.79,0.0,2.07,1.78,2.93,3.23,2.62,,Ligue 2,,20220827_Nimes_Laval,-35.01712411707922,0.75,0.36,47.8,52.2
2022-08-27,Paris FC,Caen,1.0,1.0,8.0,4.0,6.0,9.0,4.0,6.0,3.0,2.0,0.0,0.0,2.3,3.1,3.2,2.28,1.61,-0.25,2.08,1.76,2.58,3.14,3.06,,Ligue 2,,20220827_Paris-FC_Caen,58.918093703701516,0.71,0.81,52.5,47.5
2022-08-27,Quevilly Rouen,Pau FC,2.0,1.0,6.0,2.0,9.0,1.0,4.0,2.0,1.0,0.0,0.0,0.0,2.2,3.1,3.4,2.33,1.58,-0.5,2.03,1.8,2.06,3.2,4.23,,Ligue 2,,20220827_Quevilly-Rouen_Pau-FC,-43.793547441404826,2.01,1.4,48.4,51.6
2022-08-27,Sochaux,Niort,3.0,0.0,4.0,3.0,11.0,6.0,3.0,5.0,1.0,3.0,0.0,0.0,1.7,3.6,4.75,2.21,1.64,-0.75,1.82,2.01,1.61,3.83,6.54,,Ligue 2,,20220827_Sochaux_Niort,99.84613901236662,2.19,0.59,52.6,47.4
2022-08-27,Valenciennes,St Etienne,2.0,2.0,3.0,7.0,10.0,7.0,3.0,1.0,3.0,5.0,0.0,0.0,2.62,3.0,2.7,2.34,1.58,0.0,1.87,1.95,2.79,3.03,2.91,,Ligue 2,,20220827_Valenciennes_St-Etienne,6.038797275707793,1.29,1.25,52.1,47.9
2022-08-30,Amiens,Paris FC,1.0,1.0,1.0,4.0,9.0,4.0,3.0,4.0,2.0,3.0,0.0,0.0,2.75,3.0,2.62,2.14,1.69,0.25,1.83,2.0,3.21,3.22,2.43,,Ligue 2,,20220830_Amiens_Paris-FC,-77.12406589677062,1.4,1.05,47.6,52.4
2022-08-30,Bordeaux,Quevilly Rouen,4.0,0.0,6.0,0.0,11.0,6.0,5.0,2.0,0.0,1.0,0.0,1.0,2.0,3.25,3.6,2.31,1.59,-0.25,1.76,2.07,2.13,3.23,3.92,,Ligue 2,,20220830_Bordeaux_Quevilly-Rouen,83.03661561220997,1.3,1.33,52.6,47.4
2022-08-30,Caen,Pau FC,1.0,1.0,3.0,2.0,15.0,4.0,6.0,6.0,3.0,3.0,1.0,0.0,1.61,3.75,5.75,2.16,1.67,-1.0,1.87,1.96,1.52,3.91,7.92,,Ligue 2,,20220830_Caen_Pau-FC,86.79876488865852,0.7,1.13,53.4,46.6
2022-08-30,Dijon,Annecy,0.0,2.0,3.0,2.0,7.0,4.0,2.0,2.0,3.0,8.0,0.0,2.0,1.85,3.25,4.33,2.27,1.61,-0.25,1.82,2.01,2.11,3.25,3.96,,Ligue 2,,20220830_Dijon_Annecy,59.739359648803884,1.8,1.41,50.2,49.8
2022-08-30,Grenoble,Nimes,3.0,2.0,5.0,4.0,5.0,12.0,3.0,5.0,0.0,2.0,0.0,0.0,2.3,2.87,3.4,2.25,1.62,-0.25,1.79,2.04,2.18,3.13,3.91,,Ligue 2,,20220830_Grenoble_Nimes,-8.336753340527366,2.54,1.51,47.4,52.6
2022-08-30,Guingamp,Sochaux,1.0,2.0,7.0,5.0,8.0,4.0,4.0,2.0,2.0,4.0,0.0,0.0,2.45,3.2,2.87,2.42,1.54,0.0,1.76,2.09,2.68,2.96,3.11,,Ligue 2,,20220830_Guingamp_Sochaux,20.775433204066076,0.52,1.07,47.5,52.5
2022-08-30,Laval,Le Havre,1.0,3.0,2.0,9.0,9.0,8.0,4.0,6.0,3.0,3.0,0.0,0.0,2.55,3.2,2.7,2.3,1.6,0.0,1.93,1.89,2.83,3.11,2.79,,Ligue 2,,20220830_Laval_Le-Havre,30.61906839772155,0.05,1.65,47.9,52.1
2022-08-30,Niort,Valenciennes,0.0,1.0,4.0,7.0,4.0,5.0,1.0,3.0,1.0,0.0,0.0,0.0,2.55,3.0,2.87,2.43,1.53,-0.25,1.94,1.88,2.36,3.08,3.51,,Ligue 2,,20220830_Niort_Valenciennes,-40.295537767752194,1.42,1.23,50.4,49.6
2022-08-30,Rodez,Metz,1.0,4.0,2.0,8.0,5.0,5.0,2.0,1.0,1.0,4.0,0.0,0.0,3.8,3.0,2.15,2.16,1.67,0.25,1.93,1.89,3.6,3.39,2.17,,Ligue 2,,20220830_Rodez_Metz,-153.06919085735944,1.04,1.33,44.4,55.6
2022-08-30,St Etienne,Bastia,5.0,0.0,6.0,1.0,3.0,6.0,8.0,6.0,2.0,2.0,0.0,0.0,2.3,3.1,3.25,2.3,1.59,-0.25,2.04,1.79,2.47,3.12,3.25,,Ligue 2,,20220830_St-Etienne_Bastia,-9.391358976799893,1.5,0.43,50.8,49.2
2022-09-02,Amiens,Grenoble,1.0,0.0,8.0,2.0,8.0,3.0,6.0,4.0,3.0,4.0,0.0,0.0,2.2,3.1,3.25,2.33,1.58,-0.25,1.89,1.93,2.26,3.13,3.67,,Ligue 2,,20220902_Amiens_Grenoble,9.981339168548175,0.36,1.03,50.7,49.3
2022-09-02,Bastia,Dijon,1.0,0.0,5.0,2.0,7.0,1.0,10.0,1.0,6.0,4.0,0.0,1.0,2.3,3.1,3.0,2.24,1.63,-0.25,2.02,1.81,2.47,3.09,3.27,,Ligue 2,,20220902_Bastia_Dijon,-38.90503122668042,0.25,0.93,48.5,51.5
2022-09-02,Le Havre,Caen,2.0,1.0,3.0,1.0,7.0,4.0,3.0,3.0,3.0,2.0,0.0,0.0,2.25,3.1,3.2,2.61,1.47,-0.25,2.06,1.77,2.48,3.06,3.3,,Ligue 2,,20220902_Le-Havre_Caen,-39.56972539609569,0.68,1.89,52.1,47.9
2022-09-02,Metz,Annecy,0.0,0.0,4.0,0.0,8.0,4.0,9.0,4.0,2.0,3.0,0.0,1.0,1.7,3.5,5.0,2.06,1.74,-0.75,2.03,1.8,1.83,3.6,4.72,,Ligue 2,,20220902_Metz_Annecy,132.76597260286758,1.43,0.05,58.7,41.3
2022-09-02,Quevilly Rouen,Niort,3.0,3.0,4.0,6.0,4.0,9.0,0.0,6.0,2.0,1.0,2.0,0.0,2.25,3.2,3.0,2.27,1.61,-0.25,2.03,1.8,2.45,3.09,3.32,,Ligue 2,,20220902_Quevilly-Rouen_Niort,-11.063280441789175,1.4,1.08,49.0,51.0
2022-09-02,Sochaux,Laval,4.0,1.0,7.0,4.0,16.0,8.0,11.0,6.0,2.0,3.0,0.0,1.0,1.9,3.2,4.2,2.14,1.69,-0.5,1.87,1.93,1.85,3.43,4.9,,Ligue 2,,20220902_Sochaux_Laval,76.75612197737019,2.17,0.13,64.5,35.5
2022-09-02,Valenciennes,Nimes,3.0,2.0,4.0,9.0,7.0,10.0,6.0,3.0,2.0,2.0,0.0,0.0,2.15,3.1,3.3,2.23,1.63,-0.25,1.96,1.86,2.34,3.2,3.42,,Ligue 2,,20220902_Valenciennes_Nimes,5.656043995569689,2.09,1.02,52.4,47.6
2022-09-03,Paris FC,Bordeaux,1.0,3.0,2.0,5.0,12.0,9.0,4.0,6.0,4.0,1.0,0.0,0.0,1.9,3.2,4.0,2.1,1.71,-0.25,1.84,1.99,2.25,3.16,3.66,,Ligue 2,,20220903_Paris-FC_Bordeaux,63.62694384105748,1.01,0.87,50.9,49.1
2022-09-05,Pau FC,St Etienne,2.0,2.0,2.0,2.0,6.0,3.0,5.0,0.0,2.0,5.0,0.0,1.0,2.8,3.1,2.5,2.03,1.76,0.5,1.86,1.96,4.21,3.62,1.92,,Ligue 2,,20220905_Pau-FC_St-Etienne,-39.769067514046355,1.8,2.09,47.3,52.7
2022-09-10,Annecy,Quevilly Rouen,1.0,0.0,3.0,1.0,3.0,7.0,5.0,2.0,2.0,2.0,0.0,0.0,2.2,3.2,3.25,2.51,1.5,-0.25,1.93,1.89,2.36,3.02,3.6,,Ligue 2,,20220910_Annecy_Quevilly-Rouen,64.66347164222589,1.32,0.52,54.4,45.6
2022-09-10,Caen,Amiens,3.0,1.0,6.0,2.0,12.0,6.0,7.0,4.0,2.0,1.0,0.0,0.0,1.9,3.3,3.8,2.16,1.67,-0.5,1.91,1.9,1.93,3.5,4.29,,Ligue 2,,20220910_Caen_Amiens,-8.33677767722429,1.93,1.35,54.5,45.5
2022-09-10,Dijon,Sochaux,0.0,2.0,3.0,6.0,14.0,8.0,6.0,2.0,2.0,3.0,0.0,0.0,2.62,3.1,2.55,2.3,1.59,0.0,1.95,1.87,2.99,3.06,2.69,,Ligue 2,,20220910_Dijon_Sochaux,-81.9329569018173,0.68,2.11,46.5,53.5
2022-09-10,Grenoble,Paris FC,1.0,2.0,4.0,6.0,4.0,8.0,5.0,2.0,3.0,1.0,0.0,0.0,2.87,3.1,2.37,2.52,1.5,0.25,1.76,2.07,3.17,3.06,2.56,,Ligue 2,,20220910_Grenoble_Paris-FC,-79.3456751862318,1.34,1.04,44.9,55.1
2022-09-10,Laval,Pau FC,0.0,1.0,2.0,3.0,7.0,11.0,3.0,12.0,1.0,4.0,0.0,0.0,1.9,3.25,3.8,2.13,1.69,-0.25,1.82,2.01,2.21,3.28,3.63,,Ligue 2,,20220910_Laval_Pau-FC,35.1054844744674,1.03,1.74,51.0,49.0
2022-09-10,Nimes,Bastia,0.0,0.0,3.0,2.0,3.0,6.0,3.0,1.0,2.0,3.0,1.0,2.0,2.6,3.1,2.6,2.43,1.53,0.0,2.02,1.8,3.0,3.03,2.71,,Ligue 2,,20220910_Nimes_Bastia,-11.629781853279837,0.05,1.19,49.4,50.6
2022-09-10,Niort,Le Havre,0.0,1.0,1.0,2.0,8.0,4.0,6.0,4.0,3.0,3.0,0.0,0.0,2.9,3.1,2.4,2.17,1.66,0.5,1.82,1.99,4.3,3.15,2.06,,Ligue 2,,20220910_Niort_Le-Havre,-72.94120239641143,0.05,0.35,38.4,61.6
2022-09-10,Rodez,Valenciennes,1.0,1.0,5.0,4.0,17.0,10.0,6.0,4.0,3.0,2.0,1.0,0.0,2.55,3.0,2.7,2.45,1.53,0.0,1.88,1.95,2.68,3.0,2.91,,Ligue 2,,20220910_Rodez_Valenciennes,-58.08605074901766,1.13,1.33,41.3,58.7
2022-09-10,St Etienne,Bordeaux,2.0,0.0,7.0,4.0,9.0,5.0,1.0,4.0,3.0,2.0,0.0,0.0,2.05,3.4,3.3,1.96,1.82,0.0,1.89,1.93,2.58,3.46,2.8,,Ligue 2,,20220910_St-Etienne_Bordeaux,-48.2725259509034,0.63,1.08,48.7,51.3
2022-09-12,Metz,Guingamp,3.0,6.0,2.0,9.0,3.0,9.0,0.0,4.0,2.0,2.0,3.0,0.0,2.1,3.1,3.4,2.15,1.67,-0.25,1.79,2.03,2.14,3.25,3.86,,Ligue 2,,20220912_Metz_Guingamp,42.19279038307718,1.7,2.35,45.0,55.0
2022-09-17,Amiens,Niort,3.0,0.0,5.0,0.0,12.0,5.0,9.0,3.0,0.0,2.0,0.0,1.0,1.85,3.3,4.0,2.15,1.68,-0.5,1.86,1.95,1.88,3.52,4.51,,Ligue 2,,20220917_Amiens_Niort,91.35526830059416,1.25,0.42,57.1,42.9
2022-09-17,Bastia,Metz,1.0,0.0,6.0,3.0,8.0,12.0,5.0,6.0,1.0,2.0,0.0,0.0,2.37,3.2,2.75,2.34,1.57,0.0,1.89,1.92,2.72,3.12,2.9,,Ligue 2,,20220917_Bastia_Metz,-109.2566375790052,0.95,0.05,49.2,50.8
2022-09-17,Bordeaux,Dijon,2.0,1.0,7.0,4.0,8.0,8.0,4.0,2.0,2.0,1.0,0.0,0.0,1.95,3.3,3.5,2.04,1.76,-0.5,1.91,1.9,1.94,3.43,4.36,,Ligue 2,,20220917_Bordeaux_Dijon,32.16007157417357,1.59,1.04,53.7,46.3
2022-09-17,Grenoble,Caen,1.0,0.0,2.0,4.0,6.0,11.0,4.0,6.0,3.0,1.0,1.0,0.0,3.2,3.1,2.2,2.6,1.47,0.25,1.83,1.99,3.61,2.88,2.44,,Ligue 2,,20220917_Grenoble_Caen,-46.54931939854623,0.98,0.05,45.7,54.3
2022-09-17,Guingamp,St Etienne,2.0,1.0,7.0,3.0,8.0,11.0,5.0,4.0,2.0,3.0,0.0,0.0,2.2,3.2,3.0,1.99,1.8,-0.25,2.05,1.79,2.47,3.29,3.08,,Ligue 2,,20220917_Guingamp_St-Etienne,79.35455780110897,1.8,0.5,47.2,52.8
2022-09-17,Le Havre,Annecy,2.0,0.0,5.0,0.0,7.0,4.0,2.0,5.0,2.0,5.0,0.0,1.0,1.83,3.3,4.0,2.26,1.61,-0.75,1.79,2.04,1.61,3.79,6.59,,Ligue 2,,20220917_Le-Havre_Annecy,18.302078956165587,0.6,0.52,46.2,53.8
2022-09-17,Paris FC,Rodez,1.0,2.0,2.0,2.0,2.0,5.0,5.0,9.0,2.0,2.0,0.0,0.0,1.7,3.4,4.75,1.91,1.87,-0.75,1.87,1.95,1.68,3.88,5.41,,Ligue 2,,20220917_Paris-FC_Rodez,131.87311665398556,0.23,0.37,57.0,43.0
2022-09-17,Pau FC,Valenciennes,1.0,0.0,4.0,3.0,10.0,6.0,5.0,1.0,3.0,3.0,0.0,1.0,2.5,3.1,2.62,2.3,1.59,0.0,1.76,2.08,2.6,3.1,3.07,,Ligue 2,,20220917_Pau-FC_Valenciennes,-38.92185304577674,1.5,0.4,43.8,56.2
2022-09-17,Quevilly Rouen,Laval,1.0,3.0,5.0,3.0,8.0,3.0,0.0,2.0,1.0,6.0,1.0,0.0,2.25,3.3,2.87,2.28,1.6,0.0,1.74,2.1,2.55,3.0,3.23,,Ligue 2,,20220917_Quevilly-Rouen_Laval,-61.5815481682132,0.74,2.13,44.3,55.7
2022-09-17,Sochaux,Nimes,3.0,1.0,9.0,3.0,7.0,10.0,6.0,1.0,1.0,1.0,0.0,0.0,1.6,3.75,5.0,2.04,1.75,-0.75,1.83,2.0,1.68,3.76,5.64,,Ligue 2,,20220917_Sochaux_Nimes,114.611406644196,1.75,1.07,60.6,39.4
2022-10-01,Annecy,Bastia,0.0,2.0,1.0,2.0,7.0,2.0,3.0,4.0,0.0,1.0,0.0,0.0,2.7,3.0,2.7,2.54,1.5,0.0,2.05,1.79,3.03,2.95,2.72,,Ligue 2,,20221001_Annecy_Bastia,-18.540152485562203,0.42,0.79,46.3,53.7
2022-10-01,Caen,Quevilly Rouen,0.0,1.0,4.0,2.0,9.0,0.0,5.0,1.0,2.0,3.0,0.0,0.0,1.7,3.5,5.25,2.16,1.67,-0.5,1.8,2.01,1.84,3.46,4.88,,Ligue 2,,20221001_Caen_Quevilly-Rouen,114.46538546241777,1.17,0.17,59.1,40.9
2022-10-01,Dijon,Le Havre,0.0,0.0,0.0,3.0,4.0,10.0,1.0,5.0,4.0,3.0,0.0,0.0,2.8,3.1,2.6,2.24,1.63,0.0,1.99,1.83,2.92,3.06,2.72,,Ligue 2,,20221001_Dijon_Le-Havre,-45.636337512475166,0.95,0.6,53.9,46.1
2022-10-01,Metz,Pau FC,1.0,0.0,2.0,2.0,10.0,8.0,3.0,5.0,0.0,1.0,0.0,0.0,1.6,3.6,5.75,1.97,1.81,-0.75,1.83,1.99,1.65,3.91,5.73,,Ligue 2,,20221001_Metz_Pau-FC,103.13645656356152,1.13,0.05,52.9,47.1
2022-10-01,Nimes,Paris FC,0.0,1.0,3.0,5.0,8.0,10.0,3.0,11.0,0.0,2.0,0.0,0.0,3.2,3.3,2.2,2.09,1.71,0.25,1.76,2.07,3.01,3.26,2.51,,Ligue 2,,20221001_Nimes_Paris-FC,-96.46979330229169,0.26,1.17,40.7,59.3
2022-10-01,Niort,Guingamp,0.0,0.0,2.0,2.0,6.0,4.0,4.0,3.0,3.0,2.0,0.0,0.0,3.3,3.3,2.15,2.06,1.74,0.25,1.83,1.99,3.42,3.29,2.27,,Ligue 2,,20221001_Niort_Guingamp,-177.3765511814206,1.14,0.08,46.4,53.6
2022-10-01,Rodez,Amiens,0.0,1.0,3.0,1.0,8.0,10.0,8.0,2.0,1.0,2.0,0.0,0.0,2.87,3.1,2.55,2.34,1.57,0.0,1.86,1.96,2.81,2.99,2.89,,Ligue 2,,20221001_Rodez_Amiens,-56.79297339550658,0.85,0.71,52.3,47.7
2022-10-01,St Etienne,Grenoble,2.0,2.0,9.0,2.0,17.0,2.0,10.0,4.0,2.0,2.0,0.0,0.0,1.85,3.4,4.33,2.17,1.66,-0.75,1.86,1.95,1.69,3.71,5.71,,Ligue 2,,20221001_St-Etienne_Grenoble,-4.148371643532528,1.42,0.58,55.7,44.3
2022-10-01,Valenciennes,Sochaux,2.0,1.0,6.0,7.0,3.0,14.0,2.0,7.0,4.0,2.0,0.0,0.0,3.5,3.0,2.25,2.17,1.66,0.25,1.95,1.86,3.66,3.11,2.26,,Ligue 2,,20221001_Valenciennes_Sochaux,-109.25308044663734,1.17,0.44,47.0,53.0
2022-10-03,Laval,Bordeaux,1.0,2.0,3.0,6.0,13.0,7.0,7.0,4.0,3.0,2.0,0.0,0.0,3.3,3.25,2.2,1.98,1.8,0.25,1.9,1.91,3.39,3.42,2.27,,Ligue 2,,20221003_Laval_Bordeaux,-50.75000388321223,1.03,0.65,47.2,52.8
2022-10-04,Guingamp,Rodez,0.0,0.0,7.0,0.0,9.0,4.0,6.0,2.0,1.0,3.0,0.0,0.0,1.8,3.6,4.2,2.21,1.64,-0.5,1.82,1.99,1.85,3.48,4.83,,Ligue 2,,20221004_Guingamp_Rodez,129.3947555373186,1.38,0.13,50.5,49.5
2022-10-08,Amiens,Dijon,2.0,1.0,3.0,3.0,14.0,10.0,4.0,2.0,2.0,4.0,1.0,0.0,2.1,3.5,3.2,2.26,1.61,-0.25,1.88,1.94,2.25,3.12,3.71,,Ligue 2,,20221008_Amiens_Dijon,51.05177458253297,0.97,0.95,58.4,41.6
2022-10-08,Bordeaux,Metz,2.0,0.0,4.0,3.0,8.0,8.0,2.0,2.0,2.0,1.0,0.0,0.0,2.2,3.3,3.1,1.99,1.79,-0.25,1.8,2.02,2.1,3.41,3.78,,Ligue 2,,20221008_Bordeaux_Metz,-45.4207699691965,0.9,1.21,44.3,55.7
2022-10-08,Caen,Niort,1.0,0.0,3.0,2.0,6.0,4.0,4.0,1.0,4.0,1.0,0.0,0.0,1.6,3.75,6.0,2.26,1.61,-0.75,1.84,1.98,1.69,3.55,6.17,,Ligue 2,,20221008_Caen_Niort,81.4508148253833,0.67,1.72,51.2,48.8
2022-10-08,Grenoble,Laval,3.0,2.0,6.0,7.0,3.0,7.0,2.0,6.0,0.0,1.0,0.0,0.0,2.37,3.2,2.9,2.42,1.54,0.0,1.84,1.98,2.75,3.0,2.98,,Ligue 2,,20221008_Grenoble_Laval,23.857081522722865,1.34,0.23,52.2,47.8
2022-10-08,Guingamp,Annecy,0.0,4.0,3.0,9.0,8.0,7.0,1.0,4.0,2.0,4.0,0.0,0.0,1.8,3.5,4.5,2.2,1.65,-0.5,1.82,1.98,1.86,3.37,4.93,,Ligue 2,,20221008_Guingamp_Annecy,107.59885955529808,0.91,1.37,52.9,47.1
2022-10-08,Le Havre,Bastia,3.0,0.0,7.0,2.0,5.0,3.0,5.0,2.0,3.0,3.0,0.0,0.0,1.95,3.3,3.8,2.54,1.49,-0.5,1.91,1.89,1.94,3.24,4.69,,Ligue 2,,20221008_Le-Havre_Bastia,9.571358463143497,1.41,1.67,50.7,49.3
2022-10-08,Paris FC,Valenciennes,0.0,1.0,4.0,1.0,12.0,4.0,3.0,1.0,2.0,2.0,1.0,0.0,1.8,3.6,4.5,2.06,1.74,-0.5,1.92,1.88,1.94,3.45,4.48,,Ligue 2,,20221008_Paris-FC_Valenciennes,67.85063419276253,1.51,1.22,50.7,49.3
2022-10-08,Pau FC,Rodez,2.0,2.0,4.0,3.0,8.0,5.0,4.0,2.0,2.0,1.0,0.0,0.0,2.45,3.1,3.0,2.49,1.51,-0.25,1.87,1.95,2.19,3.0,4.09,,Ligue 2,,20221008_Pau-FC_Rodez,9.423022546095353,0.88,1.45,47.6,52.4
2022-10-08,Quevilly Rouen,Nimes,3.0,1.0,5.0,5.0,7.0,12.0,5.0,2.0,0.0,2.0,0.0,0.0,2.3,3.2,3.1,2.29,1.6,-0.25,1.93,1.88,2.33,3.15,3.48,,Ligue 2,,20221008_Quevilly-Rouen_Nimes,-42.087050920835736,0.82,1.38,45.5,54.5
2022-10-10,Sochaux,St Etienne,2.0,1.0,5.0,5.0,2.0,11.0,2.0,4.0,4.0,2.0,0.0,1.0,1.9,3.4,4.0,1.86,1.92,-0.25,1.97,1.85,2.32,3.45,3.19,,Ligue 2,,20221010_Sochaux_St-Etienne,90.86290844398354,0.86,1.33,59.9,40.1
2022-10-15,Annecy,Pau FC,0.0,2.0,2.0,4.0,12.0,6.0,4.0,1.0,4.0,2.0,0.0,0.0,2.25,3.1,3.3,2.28,1.6,0.0,1.8,2.03,2.69,3.03,3.01,,Ligue 2,,20221015_Annecy_Pau-FC,19.753434054948684,1.0,1.11,51.7,48.3
2022-10-15,Dijon,Quevilly Rouen,0.0,0.0,2.0,1.0,4.0,5.0,5.0,8.0,2.0,1.0,0.0,0.0,2.1,3.2,3.6,2.3,1.59,-0.5,1.93,1.87,1.97,3.27,4.51,,Ligue 2,,20221015_Dijon_Quevilly-Rouen,40.231723392261074,1.34,1.24,47.1,52.9
2022-10-15,Laval,Caen,4.0,0.0,9.0,0.0,4.0,9.0,4.0,3.0,1.0,2.0,0.0,0.0,3.0,3.25,2.37,2.35,1.57,0.25,1.78,2.05,3.24,3.14,2.46,,Ligue 2,,20221015_Laval_Caen,-47.95137686958469,2.36,0.8,43.5,56.5
2022-10-15,Metz,Sochaux,0.0,0.0,6.0,3.0,18.0,16.0,7.0,7.0,1.0,1.0,0.0,0.0,2.62,3.2,2.7,2.01,1.78,0.0,1.76,2.07,2.49,3.31,3.03,,Ligue 2,,20221015_Metz_Sochaux,-16.659605085303156,0.11,0.72,50.2,49.8
2022-10-15,Nimes,Amiens,2.0,0.0,5.0,6.0,8.0,8.0,3.0,8.0,1.0,0.0,0.0,0.0,3.0,3.2,2.4,2.01,1.78,0.25,1.77,2.07,3.05,3.35,2.46,,Ligue 2,,20221015_Nimes_Amiens,-96.58821160291745,0.54,0.11,52.1,47.9
2022-10-15,Niort,Grenoble,0.0,3.0,1.0,7.0,5.0,7.0,3.0,3.0,3.0,1.0,1.0,0.0,2.5,3.0,3.0,2.75,1.43,-0.25,1.97,1.85,2.39,2.94,3.64,,Ligue 2,,20221015_Niort_Grenoble,-98.1855512918919,0.73,0.68,43.4,56.6
2022-10-15,Rodez,Le Havre,1.0,1.0,1.0,5.0,3.0,12.0,2.0,5.0,4.0,4.0,0.0,0.0,3.8,3.2,2.0,2.45,1.52,0.5,1.84,1.97,4.6,3.13,2.01,,Ligue 2,,20221015_Rodez_Le-Havre,-75.42530545483851,1.1,0.93,43.4,56.6
2022-10-15,St Etienne,Paris FC,0.0,2.0,4.0,2.0,8.0,6.0,8.0,6.0,2.0,4.0,0.0,1.0,2.25,3.25,3.2,1.91,1.87,-0.5,1.98,1.83,2.02,3.56,3.87,,Ligue 2,,20221015_St-Etienne_Paris-FC,-75.38532104857336,0.83,1.27,48.2,51.8
2022-10-15,Valenciennes,Guingamp,1.0,0.0,6.0,3.0,4.0,13.0,2.0,9.0,1.0,1.0,0.0,0.0,2.8,3.2,2.5,2.18,1.66,0.25,1.75,2.09,3.03,3.19,2.57,,Ligue 2,,20221015_Valenciennes_Guingamp,-45.07185733197343,0.55,1.33,48.5,51.5
2022-10-17,Bastia,Bordeaux,1.0,1.0,4.0,2.0,7.0,2.0,7.0,5.0,3.0,1.0,0.0,0.0,2.87,3.2,2.5,2.43,1.54,0.0,1.99,1.83,2.98,3.09,2.68,,Ligue 2,,20221017_Bastia_Bordeaux,-54.93601687351247,1.13,0.98,48.7,51.3
2022-10-22,Amiens,St Etienne,0.0,1.0,2.0,1.0,11.0,10.0,6.0,3.0,2.0,2.0,0.0,0.0,2.5,3.3,2.8,2.0,1.79,-0.25,1.99,1.83,2.34,3.31,3.07,,Ligue 2,,20221022_Amiens_St-Etienne,53.05278682458993,0.34,0.37,54.7,45.3
2022-10-22,Bordeaux,Annecy,1.0,0.0,7.0,2.0,9.0,10.0,3.0,4.0,3.0,2.0,0.0,0.0,1.7,3.6,5.0,1.98,1.81,-1.0,2.03,1.79,1.61,3.92,6.22,,Ligue 2,,20221022_Bordeaux_Annecy,79.7250245560424,1.48,0.93,56.9,43.1
2022-10-22,Caen,Rodez,2.0,0.0,6.0,1.0,13.0,4.0,8.0,2.0,3.0,0.0,0.0,1.0,1.72,3.6,5.0,2.17,1.67,-0.75,1.8,2.03,1.63,3.78,6.38,,Ligue 2,,20221022_Caen_Rodez,33.18542464352345,1.6,0.64,53.9,46.1
2022-10-22,Grenoble,Valenciennes,1.0,0.0,4.0,2.0,8.0,8.0,3.0,4.0,2.0,0.0,0.0,0.0,2.37,3.2,3.0,2.38,1.56,-0.25,1.95,1.87,2.35,3.03,3.6,,Ligue 2,,20221022_Grenoble_Valenciennes,-17.044257475792165,0.96,0.83,51.7,48.3
2022-10-22,Guingamp,Bastia,1.0,1.0,2.0,4.0,11.0,6.0,3.0,5.0,0.0,3.0,0.0,1.0,2.25,3.1,3.4,2.29,1.6,-0.25,1.79,2.04,2.17,3.15,3.91,,Ligue 2,,20221022_Guingamp_Bastia,46.975974002259136,1.72,1.57,47.6,52.4
2022-10-22,Niort,Dijon,2.0,1.0,5.0,3.0,6.0,6.0,5.0,6.0,4.0,0.0,0.0,1.0,2.62,3.25,2.62,2.4,1.54,0.25,1.86,1.96,3.5,3.05,2.38,,Ligue 2,,20221022_Niort_Dijon,-68.84664059629063,2.2,1.78,45.6,54.4
2022-10-22,Paris FC,Laval,0.0,0.0,1.0,3.0,7.0,3.0,7.0,1.0,0.0,1.0,0.0,0.0,1.83,3.5,4.33,1.97,1.81,-0.25,1.78,2.04,2.05,3.46,3.89,,Ligue 2,,20221022_Paris-FC_Laval,93.41716779147669,1.51,0.05,46.6,53.4
2022-10-22,Pau FC,Nimes,1.0,0.0,6.0,4.0,5.0,3.0,4.0,2.0,2.0,3.0,0.0,1.0,2.2,3.2,3.4,2.07,1.73,-0.25,1.88,1.93,2.2,3.38,3.54,,Ligue 2,,20221022_Pau-FC_Nimes,20.23432911567602,0.77,1.09,50.1,49.9
2022-10-22,Sochaux,Quevilly Rouen,2.0,2.0,5.0,4.0,5.0,8.0,2.0,2.0,2.0,3.0,0.0,0.0,1.7,3.6,5.0,2.05,1.75,-0.75,1.82,2.01,1.65,3.84,5.87,,Ligue 2,,20221022_Sochaux_Quevilly-Rouen,159.6803275253285,1.02,0.57,50.1,49.9
2022-10-24,Le Havre,Metz,2.0,0.0,4.0,0.0,5.0,9.0,4.0,5.0,2.0,2.0,0.0,0.0,1.95,3.4,4.0,2.18,1.66,-0.5,1.82,1.99,1.85,3.55,4.65,,Ligue 2,,20221024_Le-Havre_Metz,-43.46651620029547,0.73,1.48,44.8,55.2
2022-11-05,Annecy,Sochaux,2.0,1.0,6.0,6.0,5.0,3.0,5.0,2.0,0.0,3.0,0.0,0.0,3.5,3.4,2.05,1.99,1.8,0.25,2.02,1.81,3.47,3.48,2.18,,Ligue 2,,20221105_Annecy_Sochaux,-120.12906307285562,0.59,0.32,44.0,56.0
2022-11-05,Bastia,Paris FC,0.0,1.0,3.0,6.0,9.0,3.0,7.0,3.0,3.0,1.0,0.0,0.0,2.5,3.1,2.9,2.42,1.54,0.0,1.96,1.86,2.92,3.0,2.8,,Ligue 2,,20221105_Bastia_Paris-FC,-59.34730071264971,1.59,0.05,49.2,50.8
2022-11-05,Dijon,Guingamp,1.0,1.0,5.0,4.0,6.0,6.0,6.0,6.0,2.0,4.0,0.0,0.0,2.45,3.25,2.9,2.25,1.62,0.0,1.8,2.03,2.71,2.96,3.07,,Ligue 2,,20221105_Dijon_Guingamp,-94.48603017606001,1.24,1.59,50.8,49.2
2022-11-05,Laval,Niort,2.0,1.0,6.0,2.0,4.0,3.0,4.0,3.0,0.0,0.0,0.0,0.0,1.9,3.6,4.0,2.15,1.68,-0.5,1.79,2.01,1.79,3.57,5.06,,Ligue 2,,20221105_Laval_Niort,63.11960365955815,2.0,1.31,56.3,43.7
2022-11-05,Nimes,Bordeaux,1.0,0.0,1.0,3.0,7.0,11.0,4.0,9.0,2.0,2.0,0.0,0.0,3.4,3.4,2.1,2.09,1.71,0.25,1.99,1.83,3.71,3.33,2.16,,Ligue 2,,20221105_Nimes_Bordeaux,-114.9453862902626,0.69,0.05,45.0,55.0
2022-11-05,Pau FC,Amiens,2.0,1.0,2.0,8.0,8.0,21.0,4.0,13.0,0.0,0.0,0.0,0.0,2.7,3.25,2.62,2.27,1.62,-0.25,2.1,1.75,2.52,3.15,3.13,,Ligue 2,,20221105_Pau-FC_Amiens,-20.728349911573105,1.8,1.16,46.7,53.3
2022-11-05,Quevilly Rouen,Le Havre,0.0,1.0,4.0,1.0,7.0,5.0,4.0,2.0,2.0,6.0,0.0,0.0,3.8,3.3,2.0,2.6,1.48,0.5,1.8,2.02,4.22,3.11,2.1,,Ligue 2,,20221105_Quevilly-Rouen_Le-Havre,-109.0405586365016,1.13,1.81,45.0,55.0
2022-11-05,Rodez,Grenoble,0.0,1.0,0.0,2.0,4.0,7.0,2.0,7.0,0.0,3.0,0.0,0.0,2.4,3.25,3.0,2.83,1.41,0.25,1.83,2.0,3.6,2.87,2.45,,Ligue 2,,20221105_Rodez_Grenoble,-77.23325147689638,0.55,0.07,50.1,49.9
2022-11-05,Valenciennes,Caen,1.0,1.0,1.0,2.0,5.0,6.0,4.0,2.0,2.0,4.0,0.0,0.0,3.0,3.3,2.3,2.25,1.62,0.25,1.87,1.95,3.43,3.21,2.32,,Ligue 2,,20221105_Valenciennes_Caen,14.20107434583565,0.63,1.01,52.8,47.2
2022-11-07,Metz,St Etienne,3.0,2.0,6.0,4.0,8.0,15.0,3.0,10.0,1.0,2.0,0.0,0.0,2.15,3.5,3.25,1.91,1.86,-0.25,1.91,1.91,2.27,3.48,3.27,,Ligue 2,,20221107_Metz_St-Etienne,74.76558764281208,1.98,1.48,52.4,47.6
2022-11-12,Amiens,Quevilly Rouen,0.0,2.0,7.0,6.0,10.0,6.0,9.0,8.0,2.0,1.0,0.0,0.0,1.85,3.25,4.2,2.35,1.57,-0.5,2.05,1.78,2.1,3.18,4.12,,Ligue 2,,20221112_Amiens_Quevilly-Rouen,71.80850051469861,0.8,1.28,53.0,47.0
2022-11-12,Bordeaux,Pau FC,1.0,1.0,8.0,2.0,27.0,1.0,9.0,0.0,2.0,1.0,0.0,0.0,1.61,3.75,5.25,2.01,1.78,-0.75,1.91,1.91,1.72,3.75,5.32,,Ligue 2,,20221112_Bordeaux_Pau-FC,43.56083542661668,1.95,0.46,56.8,43.2
2022-11-12,Caen,Annecy,0.0,0.0,5.0,1.0,6.0,4.0,5.0,1.0,3.0,6.0,0.0,0.0,1.8,3.3,4.5,2.42,1.54,-0.5,1.78,2.03,1.75,3.5,5.56,,Ligue 2,,20221112_Caen_Annecy,24.556104448242877,0.46,0.05,49.2,50.8
2022-11-12,Grenoble,Dijon,0.0,0.0,3.0,3.0,5.0,6.0,6.0,6.0,1.0,2.0,0.0,0.0,2.55,3.0,2.8,2.64,1.46,-0.25,2.04,1.79,2.41,2.94,3.59,,Ligue 2,,20221112_Grenoble_Dijon,79.85716892014875,0.88,0.17,61.0,39.0
2022-11-12,Guingamp,Le Havre,0.0,1.0,2.0,4.0,8.0,9.0,3.0,7.0,3.0,1.0,0.0,0.0,2.8,3.1,2.5,2.31,1.59,0.25,1.76,2.08,3.17,3.09,2.54,,Ligue 2,,20221112_Guingamp_Le-Havre,-8.131992891504524,0.44,0.78,49.6,50.4
2022-11-12,Laval,Valenciennes,1.0,0.0,3.0,3.0,15.0,16.0,4.0,2.0,1.0,1.0,2.0,0.0,2.1,3.2,3.4,2.23,1.63,-0.25,1.83,2.0,2.19,3.16,3.82,,Ligue 2,,20221112_Laval_Valenciennes,-32.23348985134294,0.87,0.55,46.6,53.4
2022-11-12,Niort,Nimes,1.0,1.0,2.0,2.0,12.0,6.0,7.0,4.0,1.0,3.0,0.0,1.0,2.5,3.2,2.7,2.24,1.62,-0.25,1.97,1.85,2.41,3.07,3.41,,Ligue 2,,20221112_Niort_Nimes,-60.47062342383879,0.88,0.92,46.4,53.6
2022-11-12,Paris FC,Metz,1.0,4.0,3.0,11.0,5.0,8.0,6.0,8.0,1.0,1.0,1.0,0.0,2.2,3.25,3.1,2.05,1.75,-0.5,2.04,1.78,2.09,3.45,3.76,,Ligue 2,,20221112_Paris-FC_Metz,3.036394380635784,1.27,0.88,44.9,55.1
2022-11-12,Sochaux,Bastia,1.0,0.0,4.0,5.0,8.0,8.0,7.0,4.0,3.0,4.0,0.0,0.0,1.9,3.2,4.0,2.16,1.67,-0.5,1.86,1.94,1.87,3.47,4.7,,Ligue 2,,20221112_Sochaux_Bastia,74.64872762064783,0.86,1.0,47.8,52.2
2022-11-12,St Etienne,Rodez,0.0,2.0,2.0,3.0,10.0,11.0,5.0,7.0,4.0,3.0,1.0,0.0,1.6,3.6,5.75,1.88,1.89,-1.0,1.85,1.96,1.52,4.24,6.99,,Ligue 2,,20221112_St-Etienne_Rodez,36.27888852553451,1.55,0.78,55.4,44.6
2022-12-26,Annecy,St Etienne,2.0,1.0,5.0,6.0,5.0,11.0,4.0,7.0,3.0,3.0,0.0,0.0,3.0,3.3,2.2,2.05,1.75,0.25,1.82,2.02,3.21,3.29,2.39,,Ligue 2,,20221226_Annecy_St-Etienne,18.025992391388627,1.11,1.37,54.8,45.2
2022-12-26,Bastia,Caen,1.0,0.0,3.0,2.0,4.0,4.0,6.0,2.0,3.0,0.0,1.0,0.0,2.8,3.0,2.6,2.63,1.47,0.0,2.08,1.76,3.21,2.88,2.67,,Ligue 2,,20221226_Bastia_Caen,-19.672342050208044,2.25,1.22,49.5,50.5
2022-12-26,Dijon,Laval,5.0,0.0,6.0,1.0,3.0,5.0,0.0,5.0,3.0,3.0,0.0,0.0,,,,2.28,1.61,-0.5,2.06,1.77,2.12,3.11,4.17,,Ligue 2,,20221226_Dijon_Laval,-40.02526372310081,0.76,1.29,50.9,49.1
2022-12-26,Le Havre,Bordeaux,1.0,0.0,2.0,0.0,7.0,9.0,2.0,7.0,4.0,2.0,1.0,0.0,2.2,3.1,3.3,2.37,1.56,-0.25,1.96,1.87,2.36,3.07,3.52,,Ligue 2,,20221226_Le-Havre_Bordeaux,18.890970273010907,0.37,0.05,54.3,45.7
2022-12-26,Metz,Niort,0.0,0.0,5.0,3.0,11.0,7.0,6.0,4.0,1.0,1.0,0.0,0.0,1.73,3.5,4.75,1.97,1.82,-0.75,1.77,2.06,1.6,3.99,6.12,,Ligue 2,,20221226_Metz_Niort,177.04913237545088,1.19,0.26,58.7,41.3
2022-12-26,Nimes,Guingamp,1.0,2.0,3.0,4.0,8.0,5.0,1.0,3.0,2.0,1.0,0.0,0.0,2.8,3.2,2.4,2.17,1.67,0.25,1.8,2.03,3.27,3.14,2.44,,Ligue 2,,20221226_Nimes_Guingamp,-71.17444391158187,1.57,0.45,48.2,51.8
2022-12-26,Pau FC,Paris FC,0.0,1.0,4.0,4.0,6.0,3.0,5.0,4.0,0.0,0.0,0.0,0.0,3.1,3.2,2.25,2.11,1.71,0.0,1.89,1.92,2.79,3.18,2.78,,Ligue 2,,20221226_Pau-FC_Paris-FC,-56.25424748534556,0.05,1.74,47.4,52.6
2022-12-26,Quevilly Rouen,Grenoble,2.0,0.0,6.0,3.0,12.0,2.0,4.0,3.0,1.0,2.0,0.0,0.0,2.5,3.0,2.88,2.76,1.43,-0.25,2.0,1.83,2.44,2.87,3.63,,Ligue 2,,20221226_Quevilly-Rouen_Grenoble,-92.19990586364952,1.94,0.22,45.4,54.6
2022-12-26,Sochaux,Rodez,1.0,0.0,6.0,2.0,6.0,7.0,6.0,6.0,1.0,1.0,0.0,0.0,1.53,3.8,5.75,1.95,1.84,-1.0,1.88,1.94,1.53,4.11,7.03,,Ligue 2,,20221226_Sochaux_Rodez,124.56828393559704,0.57,0.89,53.8,46.2
2022-12-26,Valenciennes,Amiens,1.0,1.0,7.0,3.0,5.0,10.0,1.0,4.0,0.0,2.0,0.0,0.0,2.4,3.0,3.0,2.16,1.68,0.0,1.99,1.83,2.96,3.05,2.72,,Ligue 2,,20221226_Valenciennes_Amiens,20.884862025322036,1.06,0.58,45.4,54.6
2022-12-30,Annecy,Nimes,0.0,0.0,1.0,1.0,7.0,7.0,4.0,4.0,1.0,1.0,0.0,0.0,2.3,3.1,3.0,2.2,1.65,-0.25,1.95,1.87,2.32,3.2,3.45,,Ligue 2,,20221230_Annecy_Nimes,40.66089418429533,1.09,0.92,55.6,44.4
2022-12-30,Bastia,Valenciennes,1.0,0.0,6.0,2.0,13.0,3.0,8.0,6.0,2.0,2.0,0.0,0.0,2.15,3.0,3.4,2.5,1.51,-0.5,2.05,1.76,2.14,3.06,4.15,,Ligue 2,,20221230_Bastia_Valenciennes,-7.2303896945595625,1.05,0.14,51.9,48.1
2022-12-30,Bordeaux,Sochaux,2.0,1.0,4.0,5.0,7.0,10.0,4.0,4.0,1.0,3.0,1.0,0.0,2.1,3.3,3.3,2.09,1.72,-0.5,1.95,1.85,2.02,3.35,4.15,,Ligue 2,,20221230_Bordeaux_Sochaux,-51.8350312338398,0.43,0.85,47.4,52.6
2022-12-30,Grenoble,Metz,0.0,1.0,2.0,2.0,8.0,7.0,6.0,2.0,1.0,0.0,0.0,0.0,2.63,3.0,2.6,2.45,1.53,0.25,1.75,2.1,3.18,2.99,2.61,,Ligue 2,,20221230_Grenoble_Metz,-58.26552791364202,1.45,1.8,50.8,49.2
2022-12-30,Guingamp,Quevilly Rouen,0.0,2.0,4.0,4.0,5.0,0.0,3.0,4.0,1.0,2.0,0.0,0.0,1.91,3.4,3.6,2.24,1.63,-0.25,1.92,1.91,2.3,3.21,3.48,,Ligue 2,,20221230_Guingamp_Quevilly-Rouen,85.9133832439943,1.8,1.17,53.2,46.8
2022-12-30,Laval,Amiens,0.0,3.0,2.0,4.0,10.0,5.0,9.0,5.0,1.0,1.0,0.0,0.0,2.6,3.1,2.6,2.07,1.74,0.25,1.82,2.01,3.28,3.18,2.41,,Ligue 2,,20221230_Laval_Amiens,0.7748060074065961,0.83,1.12,51.7,48.3
2022-12-30,Niort,Pau FC,2.0,1.0,7.0,2.0,8.0,10.0,5.0,7.0,1.0,2.0,0.0,0.0,2.3,3.0,2.9,2.34,1.57,0.0,1.73,2.12,2.56,2.96,3.28,,Ligue 2,,20221230_Niort_Pau-FC,-83.91219537896018,0.55,1.1,43.6,56.4
2022-12-30,Paris FC,Le Havre,0.0,0.0,4.0,3.0,3.0,3.0,3.0,8.0,0.0,1.0,0.0,0.0,2.7,3.0,2.55,2.32,1.59,0.25,1.77,2.07,3.27,3.04,2.51,,Ligue 2,,20221230_Paris-FC_Le-Havre,-4.478472659267709,0.14,0.78,51.4,48.6
2022-12-30,Rodez,Dijon,2.0,1.0,3.0,3.0,6.0,2.0,6.0,9.0,1.0,2.0,0.0,0.0,3.0,3.0,2.38,2.63,1.47,0.0,2.1,1.74,3.27,2.77,2.73,,Ligue 2,,20221230_Rodez_Dijon,-26.838532548221337,1.02,0.83,41.3,58.7
2022-12-30,St Etienne,Caen,1.0,1.0,4.0,2.0,11.0,6.0,6.0,4.0,4.0,3.0,0.0,0.0,2.45,3.1,2.8,2.15,1.68,-0.25,2.04,1.79,2.47,3.15,3.23,,Ligue 2,,20221230_St-Etienne_Caen,-39.58786901500412,2.03,1.41,45.3,54.7
2023-01-10,Amiens,Guingamp,1.0,1.0,4.0,2.0,13.0,5.0,8.0,2.0,1.0,1.0,0.0,0.0,2.25,3.1,3.3,2.17,1.67,-0.25,1.81,2.02,2.15,3.25,3.82,,Ligue 2,,20230110_Amiens_Guingamp,-30.452023563357443,0.05,0.05,52.2,47.8
2023-01-10,Caen,Bordeaux,2.0,2.0,7.0,6.0,15.0,7.0,10.0,2.0,2.0,6.0,1.0,1.0,2.45,2.9,3.25,2.45,1.53,-0.25,2.11,1.74,2.59,3.0,3.18,,Ligue 2,,20230110_Caen_Bordeaux,-57.752938156386335,1.16,0.65,44.2,55.8
2023-01-10,Le Havre,Sochaux,1.0,0.0,3.0,4.0,5.0,1.0,3.0,4.0,1.0,5.0,0.0,0.0,2.15,3.0,3.8,2.49,1.52,-0.5,1.95,1.86,1.99,3.17,4.6,,Ligue 2,,20230110_Le-Havre_Sochaux,3.3747615194947684,0.43,1.81,51.1,48.9
2023-01-10,Nimes,Metz,1.0,4.0,5.0,8.0,7.0,6.0,2.0,5.0,1.0,2.0,0.0,0.0,3.1,3.2,2.38,2.16,1.68,0.25,1.86,1.96,3.42,3.17,2.35,,Ligue 2,,20230110_Nimes_Metz,-133.26228150736483,0.7,1.73,45.6,54.4
2023-01-10,Paris FC,Dijon,2.0,1.0,6.0,2.0,6.0,9.0,6.0,7.0,1.0,1.0,0.0,1.0,2.1,3.1,3.6,2.34,1.58,-0.25,1.81,2.03,2.19,3.07,3.98,,Ligue 2,,20230110_Paris-FC_Dijon,111.82918360151484,1.6,0.78,55.0,45.0
2023-01-10,Pau FC,Grenoble,0.0,0.0,3.0,1.0,8.0,8.0,6.0,4.0,2.0,3.0,0.0,0.0,2.4,3.1,3.1,3.02,1.36,0.0,1.84,1.98,2.84,2.78,3.12,,Ligue 2,,20230110_Pau-FC_Grenoble,-28.437344093344336,0.68,1.21,58.9,41.1
2023-01-10,Quevilly Rouen,Bastia,1.0,1.0,5.0,7.0,6.0,7.0,2.0,6.0,2.0,4.0,1.0,0.0,2.3,3.2,3.2,2.59,1.48,-0.25,1.99,1.83,2.43,2.99,3.48,,Ligue 2,,20230110_Quevilly-Rouen_Bastia,-38.08121273265692,0.87,0.41,50.2,49.8
2023-01-10,Rodez,Niort,1.0,1.0,5.0,2.0,6.0,4.0,7.0,4.0,2.0,1.0,0.0,0.0,2.4,3.1,3.1,2.59,1.48,-0.25,1.92,1.91,2.31,2.98,3.77,,Ligue 2,,20230110_Rodez_Niort,32.80820296326465,0.31,0.93,49.5,50.5
2023-01-10,St Etienne,Laval,1.0,0.0,2.0,0.0,11.0,4.0,4.0,7.0,2.0,1.0,0.0,0.0,1.91,3.6,3.8,1.77,2.03,-0.75,1.79,2.05,1.65,4.12,5.3,,Ligue 2,,20230110_St-Etienne_Laval,-20.446076902992445,1.14,1.06,55.1,44.9
2023-01-10,Valenciennes,Annecy,2.0,2.0,5.0,5.0,5.0,10.0,2.0,6.0,1.0,1.0,0.0,0.0,2.25,2.9,3.5,2.31,1.59,-0.25,2.04,1.79,2.49,3.06,3.28,,Ligue 2,,20230110_Valenciennes_Annecy,0.8697745764952742,0.88,0.33,55.2,44.8
2023-01-13,Annecy,Paris FC,2.0,0.0,4.0,2.0,4.0,3.0,1.0,4.0,1.0,2.0,0.0,0.0,2.8,3.2,2.55,2.38,1.56,0.0,1.99,1.83,3.01,3.02,2.76,,Ligue 2,,20230113_Annecy_Paris-FC,-88.31741577857724,1.05,1.16,39.6,60.4
2023-01-13,Bastia,Pau FC,1.0,0.0,6.0,2.0,8.0,4.0,7.0,2.0,2.0,3.0,0.0,0.0,2.05,3.3,3.6,2.53,1.5,-0.5,1.91,1.89,1.95,3.13,4.92,,Ligue 2,,20230113_Bastia_Pau-FC,27.166684779214165,0.66,0.05,45.1,54.9
2023-01-13,Bordeaux,Amiens,1.0,1.0,4.0,3.0,5.0,10.0,5.0,4.0,1.0,1.0,0.0,0.0,1.85,3.5,4.2,2.06,1.75,-0.5,2.01,1.81,2.03,3.36,4.09,,Ligue 2,,20230113_Bordeaux_Amiens,47.86751992495965,1.1,1.25,51.3,48.7
2023-01-13,Dijon,Valenciennes,2.0,1.0,2.0,3.0,7.0,8.0,2.0,8.0,0.0,1.0,0.0,0.0,1.95,3.3,4.0,2.51,1.51,-0.5,2.01,1.8,2.04,3.12,4.47,,Ligue 2,,20230113_Dijon_Valenciennes,-40.85273157591564,0.1,1.15,48.0,52.0
2023-01-13,Guingamp,Grenoble,2.0,4.0,4.0,4.0,6.0,10.0,2.0,5.0,3.0,3.0,0.0,0.0,2.15,3.25,3.4,2.66,1.45,-0.25,1.79,2.04,2.14,3.01,4.23,,Ligue 2,,20230113_Guingamp_Grenoble,18.965853202827475,0.86,1.78,44.3,55.7
2023-01-13,Laval,Rodez,3.0,1.0,4.0,4.0,2.0,7.0,2.0,5.0,1.0,3.0,1.0,1.0,2.1,3.3,3.6,2.44,1.53,-0.25,1.86,1.97,2.23,3.03,3.92,,Ligue 2,,20230113_Laval_Rodez,3.5836548238883097,0.67,1.0,52.7,47.3
2023-01-13,Le Havre,Nimes,3.0,1.0,3.0,3.0,5.0,7.0,4.0,2.0,2.0,3.0,0.0,0.0,1.6,3.8,5.5,2.3,1.6,-1.0,1.92,1.9,1.53,3.86,7.82,,Ligue 2,,20230113_Le-Havre_Nimes,141.60974691222964,1.5,0.92,54.7,45.3
2023-01-13,Metz,Quevilly Rouen,2.0,0.0,6.0,1.0,7.0,3.0,6.0,3.0,0.0,1.0,0.0,0.0,2.05,3.4,3.75,2.27,1.61,-0.25,1.78,2.06,2.2,3.17,3.8,,Ligue 2,,20230113_Metz_Quevilly-Rouen,121.64025655164278,1.63,0.05,64.5,35.5
2023-01-16,Niort,St Etienne,0.0,1.0,7.0,7.0,4.0,8.0,4.0,4.0,1.0,2.0,0.0,0.0,3.2,3.4,2.2,1.95,1.84,0.5,1.88,1.93,4.22,3.59,1.93,,Ligue 2,,20230116_Niort_St-Etienne,-39.09691956448364,0.94,0.31,48.0,52.0
2023-01-20,Sochaux,Caen,1.0,2.0,3.0,2.0,8.0,8.0,3.0,4.0,2.0,1.0,0.0,0.0,2.38,3.1,3.1,2.35,1.57,-0.25,1.94,1.89,2.28,3.12,3.64,,Ligue 2,,20230120_Sochaux_Caen,68.17367649709945,0.14,1.62,57.7,42.3
2023-01-28,Amiens,Le Havre,1.0,1.0,3.0,1.0,12.0,8.0,3.0,8.0,1.0,0.0,0.0,0.0,2.7,3.1,2.75,2.52,1.5,0.0,1.86,1.95,2.82,2.96,2.94,,Ligue 2,,20230128_Amiens_Le-Havre,-95.10304336697573,0.59,1.06,47.5,52.5
2023-01-28,Caen,Laval,0.0,0.0,3.0,3.0,15.0,1.0,3.0,7.0,0.0,1.0,0.0,0.0,1.67,3.6,5.25,2.26,1.61,-0.75,2.02,1.81,1.79,3.42,5.39,,Ligue 2,,20230128_Caen_Laval,33.54949016361115,0.1,0.68,52.6,47.4
2023-01-28,Dijon,Bordeaux,0.0,3.0,3.0,3.0,6.0,4.0,3.0,0.0,2.0,0.0,0.0,0.0,3.0,3.2,2.38,2.27,1.61,0.25,1.83,2.0,3.4,3.06,2.43,,Ligue 2,,20230128_Dijon_Bordeaux,-79.58447450298013,0.2,1.26,46.3,53.7
2023-01-28,Grenoble,Bastia,0.0,1.0,2.0,2.0,7.0,7.0,3.0,9.0,1.0,1.0,0.0,0.0,2.5,2.88,3.2,2.84,1.4,0.0,1.74,2.11,2.67,2.8,3.32,,Ligue 2,,20230128_Grenoble_Bastia,0.9014560482553406,1.78,1.33,52.9,47.1
2023-01-28,Nimes,Niort,3.0,2.0,4.0,4.0,5.0,12.0,2.0,4.0,1.0,2.0,0.0,0.0,2.25,3.25,3.25,2.2,1.65,-0.25,1.91,1.92,2.32,3.12,3.55,,Ligue 2,,20230128_Nimes_Niort,22.231043367334905,1.14,1.12,43.7,56.3
2023-01-28,Pau FC,Annecy,2.0,2.0,9.0,2.0,10.0,3.0,9.0,3.0,1.0,2.0,0.0,0.0,2.4,3.1,3.1,2.31,1.59,0.0,1.77,2.06,2.67,2.99,3.09,,Ligue 2,,20230128_Pau-FC_Annecy,-36.41792412768268,1.55,1.22,57.0,43.0
2023-01-28,Quevilly Rouen,Paris FC,3.0,1.0,5.0,3.0,4.0,8.0,4.0,4.0,2.0,3.0,0.0,0.0,2.75,3.1,2.63,2.4,1.54,0.0,1.87,1.95,2.86,2.94,2.92,,Ligue 2,,20230128_Quevilly-Rouen_Paris-FC,-99.95586926377655,1.14,0.49,41.8,58.2
2023-01-28,Rodez,Guingamp,0.0,1.0,5.0,3.0,8.0,2.0,7.0,0.0,3.0,1.0,0.0,0.0,2.9,3.0,2.55,2.38,1.55,0.0,1.94,1.88,2.92,2.94,2.86,,Ligue 2,,20230128_Rodez_Guingamp,-68.19249367596899,1.23,1.19,47.9,52.1
2023-01-28,St Etienne,Sochaux,2.0,3.0,5.0,6.0,9.0,6.0,8.0,2.0,2.0,4.0,0.0,0.0,2.1,3.3,3.4,1.95,1.83,-0.5,2.03,1.79,2.06,3.42,3.89,,Ligue 2,,20230128_St-Etienne_Sochaux,-69.3296764480167,1.53,1.95,43.3,56.7
2023-01-28,Valenciennes,Metz,1.0,1.0,1.0,5.0,6.0,15.0,2.0,6.0,2.0,3.0,0.0,0.0,3.3,3.1,2.25,2.14,1.68,0.5,1.94,1.86,4.67,3.36,1.91,,Ligue 2,,20230128_Valenciennes_Metz,-123.53498909400128,1.85,0.92,49.5,50.5
2023-01-31,Annecy,Caen,2.0,0.0,3.0,1.0,6.0,10.0,3.0,3.0,2.0,4.0,0.0,0.0,3.25,3.1,2.2,2.47,1.52,0.25,1.92,1.89,3.74,3.1,2.25,,Ligue 2,,20230131_Annecy_Caen,-0.2256459659711254,1.29,0.66,52.4,47.6
2023-01-31,Bastia,St Etienne,2.0,0.0,4.0,3.0,9.0,8.0,12.0,3.0,2.0,1.0,0.0,0.0,3.1,3.0,2.4,2.17,1.67,0.0,1.94,1.87,2.84,3.17,2.74,,Ligue 2,,20230131_Bastia_St-Etienne,64.22200165044114,0.42,1.82,55.5,44.5
2023-01-31,Bordeaux,Le Havre,1.0,2.0,4.0,3.0,8.0,2.0,5.0,3.0,3.0,3.0,0.0,0.0,2.38,3.0,3.25,2.56,1.49,-0.25,2.07,1.77,2.55,2.87,3.35,,Ligue 2,,20230131_Bordeaux_Le-Havre,-38.01790375797805,0.93,1.06,48.9,51.1
2023-01-31,Grenoble,Quevilly Rouen,1.0,0.0,4.0,6.0,5.0,8.0,3.0,3.0,2.0,4.0,0.0,0.0,2.55,2.8,3.2,2.81,1.41,0.0,1.85,1.96,2.86,2.83,3.04,,Ligue 2,,20230131_Grenoble_Quevilly-Rouen,27.997244279059487,0.93,1.06,47.4,52.6
2023-01-31,Guingamp,Nimes,1.0,2.0,3.0,4.0,9.0,4.0,5.0,4.0,2.0,2.0,0.0,0.0,1.91,3.5,3.8,2.17,1.67,-0.5,1.99,1.81,2.05,3.32,4.1,,Ligue 2,,20230131_Guingamp_Nimes,73.73042439575192,1.06,0.75,56.2,43.8
2023-01-31,Laval,Dijon,1.0,0.0,7.0,2.0,11.0,7.0,5.0,5.0,1.0,3.0,0.0,0.0,2.8,2.9,2.75,2.59,1.48,0.0,1.76,2.08,2.66,2.89,3.22,,Ligue 2,,20230131_Laval_Dijon,18.65642009525891,1.13,0.66,51.4,48.6
2023-01-31,Metz,Rodez,1.0,1.0,3.0,5.0,14.0,7.0,7.0,3.0,4.0,3.0,0.0,1.0,1.62,3.75,5.75,2.26,1.61,-0.75,1.81,2.02,1.64,3.67,6.54,,Ligue 2,,20230131_Metz_Rodez,162.2907584506463,1.39,1.12,51.6,48.4
2023-01-31,Niort,Amiens,1.0,3.0,3.0,10.0,13.0,13.0,4.0,7.0,2.0,1.0,1.0,0.0,3.4,3.1,2.2,2.17,1.67,0.25,1.74,2.11,3.08,3.13,2.57,,Ligue 2,,20230131_Niort_Amiens,-97.90195264788917,0.61,1.75,46.2,53.8
2023-01-31,Paris FC,Pau FC,0.0,1.0,5.0,3.0,14.0,3.0,8.0,0.0,1.0,1.0,0.0,0.0,1.91,3.4,4.33,2.19,1.66,-0.5,1.79,2.02,1.83,3.48,4.93,,Ligue 2,,20230131_Paris-FC_Pau-FC,78.14928304352406,0.34,1.18,56.5,43.5
2023-01-31,Sochaux,Valenciennes,4.0,0.0,4.0,3.0,8.0,8.0,5.0,2.0,1.0,2.0,0.0,0.0,1.65,3.75,5.25,1.89,1.88,-1.0,1.84,1.97,1.54,4.24,6.63,,Ligue 2,,20230131_Sochaux_Valenciennes,72.77380471278025,1.89,0.57,55.9,44.1
2023-02-03,Caen,Bastia,3.0,1.0,6.0,2.0,6.0,6.0,4.0,1.0,2.0,3.0,0.0,0.0,2.1,3.0,3.8,2.69,1.45,-0.25,1.83,1.99,2.23,2.94,4.06,,Ligue 2,,20230203_Caen_Bastia,-47.749267791462216,1.73,0.76,56.1,43.9
2023-02-03,Dijon,Niort,0.0,1.0,5.0,4.0,12.0,4.0,6.0,1.0,0.0,3.0,0.0,0.0,1.95,3.3,4.0,2.36,1.57,-0.5,2.02,1.79,2.09,3.2,4.11,,Ligue 2,,20230203_Dijon_Niort,47.74484474216615,1.15,1.05,46.7,53.3
2023-02-03,Le Havre,Paris FC,0.0,0.0,3.0,2.0,5.0,5.0,3.0,1.0,1.0,1.0,0.0,0.0,1.91,3.1,4.5,2.65,1.46,-0.5,1.98,1.83,2.05,3.06,4.57,,Ligue 2,,20230203_Le-Havre_Paris-FC,67.6379673556687,0.96,0.92,50.6,49.4
2023-02-03,Nimes,Grenoble,0.0,2.0,5.0,3.0,6.0,6.0,4.0,2.0,1.0,1.0,0.0,0.0,2.5,2.9,3.1,2.76,1.43,0.0,1.81,2.01,2.78,2.8,3.16,,Ligue 2,,20230203_Nimes_Grenoble,-54.89384045378938,0.64,0.91,48.3,51.7
2023-02-03,Pau FC,Bordeaux,0.0,2.0,2.0,7.0,10.0,4.0,5.0,3.0,1.0,2.0,0.0,0.0,4.5,3.1,1.85,2.13,1.7,0.5,1.91,1.9,4.43,3.33,1.96,,Ligue 2,,20230203_Pau-FC_Bordeaux,-57.07597398570215,0.25,1.62,42.4,57.6
2023-02-03,Quevilly Rouen,Guingamp,2.0,0.0,3.0,3.0,6.0,6.0,4.0,4.0,1.0,2.0,0.0,0.0,2.25,3.0,3.4,2.44,1.53,-0.25,1.94,1.88,2.35,3.03,3.61,,Ligue 2,,20230203_Quevilly-Rouen_Guingamp,-39.88600775906025,1.09,0.42,56.2,43.8
2023-02-03,Rodez,Sochaux,1.0,2.0,2.0,3.0,12.0,13.0,5.0,7.0,1.0,1.0,0.0,0.0,3.6,3.4,2.05,2.23,1.64,0.25,1.93,1.89,3.51,3.27,2.26,,Ligue 2,,20230203_Rodez_Sochaux,-124.01302275207308,1.54,1.13,49.5,50.5
2023-02-03,Valenciennes,Laval,3.0,1.0,10.0,3.0,2.0,7.0,4.0,3.0,0.0,3.0,0.0,0.0,2.63,3.1,2.75,2.34,1.57,0.0,1.88,1.93,2.85,2.97,2.9,,Ligue 2,,20230203_Valenciennes_Laval,-12.097689430208675,1.37,0.45,46.0,54.0
2023-02-04,St Etienne,Annecy,3.0,2.0,6.0,6.0,9.0,5.0,5.0,5.0,1.0,1.0,0.0,0.0,1.8,3.5,4.5,1.87,1.91,-0.75,1.85,1.98,1.72,3.74,5.26,,Ligue 2,,20230204_St-Etienne_Annecy,-59.87622154737733,1.84,1.79,49.6,50.4
2023-02-06,Amiens,Metz,0.0,2.0,2.0,4.0,7.0,6.0,2.0,1.0,1.0,1.0,0.0,0.0,2.55,3.25,2.75,2.0,1.79,0.0,1.94,1.88,2.71,3.25,2.8,,Ligue 2,,20230206_Amiens_Metz,-81.33953666193406,0.05,0.88,38.7,61.3
2023-02-11,Bastia,Quevilly Rouen,0.0,1.0,3.0,4.0,4.0,5.0,3.0,3.0,3.0,2.0,1.0,0.0,2.15,3.0,3.5,2.76,1.43,-0.25,1.96,1.86,2.4,2.92,3.64,,Ligue 2,,20230211_Bastia_Quevilly-Rouen,44.98943941347761,1.77,1.01,53.7,46.3
2023-02-11,Grenoble,Pau FC,1.0,1.0,9.0,3.0,8.0,8.0,6.0,4.0,1.0,2.0,0.0,0.0,2.15,3.0,3.5,2.48,1.51,-0.25,1.84,1.98,2.25,3.01,3.9,,Ligue 2,,20230211_Grenoble_Pau-FC,53.45736777955949,0.81,0.95,51.3,48.7
2023-02-11,Guingamp,Valenciennes,3.0,1.0,8.0,4.0,6.0,5.0,7.0,6.0,1.0,0.0,0.0,0.0,1.91,3.2,4.0,2.4,1.55,-0.25,1.85,1.97,2.25,3.09,3.76,,Ligue 2,,20230211_Guingamp_Valenciennes,9.818879571525258,1.21,0.61,50.2,49.8
2023-02-11,Laval,Annecy,1.0,1.0,4.0,3.0,4.0,2.0,2.0,9.0,2.0,2.0,0.0,0.0,2.15,3.2,3.4,2.27,1.61,-0.25,1.82,2.01,2.18,3.17,3.87,,Ligue 2,,20230211_Laval_Annecy,-30.0349015044917,1.18,1.58,46.1,53.9
2023-02-11,Niort,Bordeaux,3.0,1.0,6.0,7.0,7.0,9.0,3.0,8.0,2.0,1.0,0.0,0.0,4.5,3.3,1.8,2.09,1.72,0.75,1.85,1.98,5.15,3.64,1.76,,Ligue 2,,20230211_Niort_Bordeaux,-142.99758187850375,1.23,0.23,38.2,61.8
2023-02-11,Rodez,Nimes,1.0,1.0,5.0,7.0,8.0,11.0,3.0,7.0,1.0,2.0,0.0,0.0,2.5,3.0,2.88,2.46,1.52,-0.25,2.06,1.78,2.52,2.93,3.39,,Ligue 2,,20230211_Rodez_Nimes,-20.859913002620942,0.99,1.33,48.1,51.9
2023-02-11,Sochaux,Le Havre,1.0,1.0,8.0,2.0,6.0,7.0,3.0,4.0,2.0,3.0,0.0,0.0,2.5,3.0,2.88,2.52,1.5,-0.25,2.05,1.78,2.47,2.92,3.5,,Ligue 2,,20230211_Sochaux_Le-Havre,-26.960288666337192,0.23,0.87,50.2,49.8
2023-02-11,St Etienne,Dijon,2.0,0.0,2.0,3.0,6.0,6.0,6.0,7.0,1.0,1.0,0.0,0.0,1.85,3.3,4.0,2.02,1.77,-0.75,2.01,1.82,1.79,3.74,4.78,,Ligue 2,,20230211_St-Etienne_Dijon,40.84430848089028,1.81,1.48,47.2,52.8
2023-02-13,Metz,Caen,0.0,0.0,1.0,2.0,9.0,3.0,8.0,4.0,0.0,0.0,0.0,0.0,,,,2.28,1.61,-0.25,1.82,2.01,2.19,3.19,3.78,,Ligue 2,,20230213_Metz_Caen,95.26524101140149,0.71,0.29,59.0,41.0
2023-02-18,Annecy,Amiens,2.0,0.0,7.0,4.0,16.0,8.0,10.0,8.0,0.0,1.0,0.0,0.0,2.7,3.25,2.4,2.0,1.8,0.25,1.83,2.0,3.21,3.35,2.36,,Ligue 2,,20230218_Annecy_Amiens,-0.3755539449718981,0.69,0.97,41.7,58.3
2023-02-18,Bastia,Guingamp,1.0,1.0,7.0,3.0,9.0,3.0,7.0,1.0,1.0,1.0,0.0,0.0,2.25,3.0,3.2,2.52,1.5,0.0,1.76,2.09,2.63,2.94,3.2,,Ligue 2,,20230218_Bastia_Guingamp,6.640407697070259,0.65,1.72,48.9,51.1
2023-02-18,Bordeaux,Paris FC,2.0,1.0,4.0,4.0,8.0,10.0,3.0,2.0,0.0,5.0,0.0,0.0,1.91,3.4,3.6,2.22,1.64,-0.5,1.94,1.86,1.98,3.32,4.37,,Ligue 2,,20230218_Bordeaux_Paris-FC,-0.7027973128799658,1.53,1.1,50.1,49.9
2023-02-18,Caen,Grenoble,2.0,1.0,6.0,2.0,10.0,4.0,9.0,1.0,1.0,1.0,0.0,0.0,1.8,3.2,4.5,2.65,1.45,-0.5,1.97,1.84,2.02,3.08,4.64,,Ligue 2,,20230218_Caen_Grenoble,-17.255325256764763,1.1,1.04,50.0,50.0
2023-02-18,Dijon,Metz,0.0,0.0,2.0,2.0,5.0,8.0,3.0,5.0,2.0,3.0,0.0,0.0,3.2,3.1,2.2,2.41,1.55,0.25,1.92,1.9,3.63,3.06,2.32,,Ligue 2,,20230218_Dijon_Metz,-179.1723664743322,1.25,1.29,37.8,62.2
2023-02-18,Le Havre,Niort,1.0,0.0,6.0,1.0,7.0,4.0,10.0,1.0,2.0,1.0,0.0,0.0,1.65,3.6,4.75,2.34,1.58,-0.75,1.78,2.05,1.61,3.72,6.82,,Ligue 2,,20230218_Le-Havre_Niort,172.4393899448835,0.39,0.21,57.5,42.5
2023-02-18,Pau FC,Laval,0.0,1.0,3.0,1.0,8.0,5.0,4.0,1.0,3.0,2.0,0.0,0.0,2.4,3.0,2.9,2.27,1.6,0.0,1.87,1.94,2.76,3.06,2.91,,Ligue 2,,20230218_Pau-FC_Laval,3.5689686795856232,0.69,0.07,46.1,53.9
2023-02-18,Quevilly Rouen,Sochaux,0.0,0.0,5.0,3.0,9.0,6.0,4.0,4.0,3.0,2.0,0.0,1.0,2.7,3.1,2.63,2.47,1.52,0.0,1.84,1.98,2.76,2.94,3.04,,Ligue 2,,20230218_Quevilly-Rouen_Sochaux,-77.99917560439599,1.31,1.19,40.3,59.7
2023-02-18,Valenciennes,Rodez,0.0,0.0,2.0,1.0,6.0,6.0,2.0,5.0,0.0,2.0,0.0,0.0,2.25,3.2,2.9,2.44,1.53,-0.25,1.98,1.84,2.38,3.03,3.54,,Ligue 2,,20230218_Valenciennes_Rodez,40.12093434704411,0.13,0.75,50.0,50.0
2023-02-20,Nimes,St Etienne,1.0,2.0,5.0,5.0,8.0,9.0,9.0,6.0,1.0,3.0,0.0,0.0,3.4,3.3,2.0,2.09,1.72,0.25,2.02,1.81,3.67,3.37,2.15,,Ligue 2,,20230220_Nimes_St-Etienne,-28.473616884479725,1.78,0.93,55.9,44.1
2023-02-25,Grenoble,Le Havre,0.0,0.0,0.0,1.0,3.0,4.0,3.0,7.0,2.0,3.0,0.0,0.0,3.5,2.88,2.3,2.84,1.4,0.25,1.84,1.98,3.68,2.83,2.45,,Ligue 2,,20230225_Grenoble_Le-Havre,-90.74738173248807,1.17,0.45,43.0,57.0
2023-02-25,Guingamp,Caen,1.0,2.0,3.0,2.0,9.0,3.0,2.0,2.0,2.0,2.0,0.0,0.0,2.6,3.1,2.88,2.33,1.58,0.25,1.78,2.06,3.33,2.96,2.53,,Ligue 2,,20230225_Guingamp_Caen,-15.29064119764189,1.14,1.3,53.2,46.8
2023-02-25,Laval,Quevilly Rouen,0.0,1.0,1.0,5.0,6.0,7.0,3.0,3.0,4.0,2.0,0.0,0.0,2.88,2.88,2.75,2.73,1.44,0.0,1.87,1.96,2.86,2.79,3.09,,Ligue 2,,20230225_Laval_Quevilly-Rouen,-12.450539197288435,0.7,0.73,43.0,57.0
2023-02-25,Metz,Nimes,2.0,0.0,4.0,1.0,9.0,3.0,6.0,1.0,0.0,2.0,0.0,0.0,1.67,3.75,5.25,2.12,1.7,-0.75,1.82,2.01,1.67,3.75,5.89,,Ligue 2,,20230225_Metz_Nimes,150.93643661297324,1.81,1.82,60.3,39.7
2023-02-25,Paris FC,Niort,3.0,0.0,8.0,4.0,8.0,3.0,5.0,4.0,0.0,1.0,0.0,0.0,1.8,3.5,4.5,2.13,1.69,-0.75,1.92,1.9,1.71,3.6,5.75,,Ligue 2,,20230225_Paris-FC_Niort,104.80995919379257,1.28,1.21,57.8,42.2
2023-02-25,Rodez,Bastia,0.0,2.0,5.0,4.0,6.0,11.0,3.0,4.0,1.0,3.0,0.0,0.0,2.55,3.0,2.88,2.58,1.48,0.25,1.78,2.06,3.36,3.0,2.48,,Ligue 2,,20230225_Rodez_Bastia,-78.29321323362137,0.45,0.89,47.7,52.3
2023-02-25,Sochaux,Annecy,5.0,1.0,7.0,2.0,4.0,5.0,2.0,2.0,0.0,1.0,0.0,0.0,1.67,3.4,5.75,2.04,1.76,-0.75,1.92,1.9,1.74,3.71,5.26,,Ligue 2,,20230225_Sochaux_Annecy,57.29542813497619,1.86,1.68,52.2,47.8
2023-02-25,St Etienne,Pau FC,2.0,0.0,8.0,1.0,11.0,6.0,5.0,1.0,0.0,1.0,0.0,0.0,1.62,3.6,6.0,1.85,1.94,-1.0,1.88,1.94,1.52,4.25,6.85,,Ligue 2,,20230225_St-Etienne_Pau-FC,27.388320777143917,1.3,0.66,50.6,49.4
2023-02-25,Valenciennes,Dijon,2.0,2.0,5.0,5.0,7.0,6.0,3.0,5.0,1.0,2.0,0.0,0.0,2.45,3.1,3.1,2.67,1.45,0.0,1.95,1.86,2.99,2.82,2.91,,Ligue 2,,20230225_Valenciennes_Dijon,47.19034690132321,1.43,2.15,46.8,53.2
2023-02-27,Amiens,Bordeaux,1.0,2.0,1.0,5.0,8.0,10.0,4.0,2.0,1.0,1.0,0.0,0.0,2.7,3.5,2.38,1.95,1.84,0.0,2.03,1.79,2.89,3.41,2.54,,Ligue 2,,20230227_Amiens_Bordeaux,-57.924055609805464,0.99,0.84,48.6,51.4
2023-03-04,Amiens,Pau FC,1.0,0.0,2.0,4.0,5.0,4.0,6.0,5.0,0.0,2.0,0.0,0.0,1.73,3.5,5.0,2.0,1.79,-0.75,1.95,1.87,1.75,3.73,5.12,,Ligue 2,,20230304_Amiens_Pau-FC,25.920483839274993,0.28,0.05,52.3,47.7
2023-03-04,Annecy,Metz,0.0,3.0,1.0,4.0,8.0,9.0,6.0,4.0,1.0,1.0,0.0,0.0,3.8,3.2,2.05,2.21,1.65,0.25,2.04,1.8,3.83,3.25,2.15,,Ligue 2,,20230304_Annecy_Metz,-96.41168347287999,1.3,1.21,46.8,53.2
2023-03-04,Bastia,Nimes,4.0,2.0,8.0,5.0,13.0,6.0,2.0,1.0,3.0,2.0,0.0,0.0,1.85,3.1,4.75,2.36,1.56,-0.5,1.85,1.96,1.88,3.33,4.96,,Ligue 2,,20230304_Bastia_Nimes,87.70338403044207,2.08,0.83,52.4,47.6
2023-03-04,Bordeaux,St Etienne,1.0,1.0,7.0,1.0,1.0,8.0,3.0,1.0,0.0,3.0,0.0,0.0,2.15,3.2,3.6,1.86,1.93,-0.25,1.91,1.9,2.25,3.55,3.26,,Ligue 2,,20230304_Bordeaux_St-Etienne,54.37963990582216,1.09,1.07,53.9,46.1
2023-03-04,Dijon,Grenoble,1.0,0.0,3.0,2.0,7.0,6.0,6.0,6.0,2.0,3.0,0.0,0.0,2.38,3.0,3.2,2.78,1.42,-0.25,1.9,1.93,2.33,2.8,4.07,,Ligue 2,,20230304_Dijon_Grenoble,-90.7400310344849,1.03,0.88,49.8,50.2
2023-03-04,Le Havre,Laval,2.0,1.0,4.0,1.0,8.0,4.0,2.0,4.0,3.0,3.0,0.0,0.0,1.67,3.5,5.5,2.89,1.4,-0.75,1.94,1.88,1.72,3.25,6.71,,Ligue 2,,20230304_Le-Havre_Laval,127.89636566615786,1.98,0.59,57.2,42.8
2023-03-04,Niort,Rodez,2.0,3.0,6.0,6.0,12.0,7.0,6.0,3.0,0.0,3.0,0.0,0.0,2.4,3.0,3.2,2.34,1.57,-0.25,1.85,1.97,2.25,3.15,3.68,,Ligue 2,,20230304_Niort_Rodez,-14.349559644437022,0.94,1.58,48.6,51.4
2023-03-04,Paris FC,Guingamp,1.0,2.0,8.0,5.0,10.0,5.0,5.0,2.0,2.0,0.0,0.0,0.0,1.95,3.25,4.2,2.42,1.54,-0.5,2.01,1.81,2.03,3.31,4.18,,Ligue 2,,20230304_Paris-FC_Guingamp,37.452352680844115,0.28,0.79,48.9,51.1
2023-03-04,Quevilly Rouen,Valenciennes,1.0,1.0,2.0,2.0,7.0,5.0,11.0,1.0,0.0,4.0,0.0,0.0,1.85,3.0,5.0,2.5,1.51,-0.5,1.8,2.02,1.8,3.37,5.43,,Ligue 2,,20230304_Quevilly-Rouen_Valenciennes,39.10160734076317,1.14,2.28,51.4,48.6
2023-03-06,Caen,Sochaux,0.0,0.0,6.0,1.0,10.0,4.0,5.0,0.0,2.0,1.0,0.0,0.0,2.4,3.2,3.0,2.33,1.58,-0.25,1.95,1.87,2.38,2.96,3.63,,Ligue 2,,20230306_Caen_Sochaux,-47.1376654280275,1.7,0.48,52.7,47.3
2023-03-11,Grenoble,Annecy,2.0,1.0,5.0,6.0,6.0,3.0,0.0,5.0,1.0,4.0,1.0,1.0,2.2,3.1,3.5,2.5,1.5,-0.25,1.97,1.85,2.41,3.05,3.44,,Ligue 2,,20230311_Grenoble_Annecy,7.580769702082534,1.29,0.73,49.7,50.3
2023-03-11,Guingamp,Dijon,2.0,0.0,5.0,1.0,4.0,3.0,3.0,4.0,2.0,3.0,0.0,1.0,2.25,3.2,3.3,2.48,1.52,-0.25,1.9,1.92,2.31,2.96,3.79,,Ligue 2,,20230311_Guingamp_Dijon,67.07178720633192,1.72,1.46,45.3,54.7
2023-03-11,Laval,Paris FC,1.0,2.0,1.0,2.0,5.0,3.0,3.0,1.0,1.0,1.0,0.0,0.0,2.88,3.0,2.7,2.37,1.55,0.25,1.8,2.04,3.3,3.01,2.51,,Ligue 2,,20230311_Laval_Paris-FC,-53.32237042866063,1.46,2.02,48.9,51.1
2023-03-11,Nimes,Quevilly Rouen,2.0,0.0,7.0,3.0,8.0,7.0,2.0,5.0,1.0,2.0,0.0,0.0,3.0,3.0,2.55,2.44,1.53,0.25,1.79,2.05,3.23,3.04,2.54,,Ligue 2,,20230311_Nimes_Quevilly-Rouen,-82.60157880237057,0.84,0.44,48.7,51.3
2023-03-11,Pau FC,Niort,1.0,0.0,8.0,3.0,4.0,6.0,5.0,5.0,2.0,3.0,0.0,0.0,2.2,3.25,3.3,2.33,1.57,-0.25,1.91,1.91,2.31,3.03,3.69,,Ligue 2,,20230311_Pau-FC_Niort,43.17768137741132,1.75,0.85,59.7,40.3
2023-03-11,Rodez,Caen,3.0,2.0,5.0,5.0,5.0,8.0,2.0,8.0,3.0,1.0,0.0,0.0,3.5,3.1,2.2,2.29,1.6,0.5,1.91,1.9,4.62,3.34,1.93,,Ligue 2,,20230311_Rodez_Caen,-98.32852032616643,0.96,1.01,50.2,49.8
2023-03-11,Sochaux,Bordeaux,1.0,1.0,3.0,3.0,6.0,9.0,3.0,2.0,2.0,2.0,0.0,0.0,2.5,3.2,2.9,2.1,1.7,-0.25,2.03,1.8,2.41,3.15,3.32,,Ligue 2,,20230311_Sochaux_Bordeaux,23.28774374052,1.02,1.69,49.0,51.0
2023-03-11,St Etienne,Amiens,1.0,1.0,3.0,6.0,14.0,5.0,11.0,4.0,3.0,1.0,0.0,0.0,1.83,3.75,4.0,1.81,1.97,-0.75,1.8,2.04,1.67,3.96,5.44,,Ligue 2,,20230311_St-Etienne_Amiens,14.336450274104664,0.15,0.41,52.9,47.1
2023-03-11,Valenciennes,Bastia,2.0,2.0,4.0,6.0,5.0,15.0,1.0,6.0,3.0,0.0,0.0,0.0,3.1,3.1,2.4,2.51,1.49,0.25,1.82,2.01,3.45,2.95,2.46,,Ligue 2,,20230311_Valenciennes_Bastia,-59.58086451361123,0.67,0.08,47.8,52.2
2023-03-13,Metz,Le Havre,1.0,1.0,4.0,3.0,9.0,6.0,3.0,3.0,0.0,5.0,0.0,0.0,2.25,3.1,3.3,2.86,1.4,-0.25,1.93,1.89,2.37,2.89,3.77,,Ligue 2,,20230313_Metz_Le-Havre,-1.1172488539921233,0.68,0.83,48.0,52.0
2023-03-14,Paris FC,Amiens,3.0,0.0,5.0,6.0,7.0,9.0,4.0,8.0,0.0,0.0,0.0,0.0,2.1,3.6,3.3,2.09,1.71,-0.5,2.04,1.79,2.05,3.33,3.93,,Ligue 2,,20230314_Paris-FC_Amiens,38.3647455438379,1.77,0.66,56.2,43.8
2023-03-18,Amiens,Rodez,1.0,3.0,7.0,6.0,4.0,8.0,5.0,3.0,1.0,1.0,0.0,0.0,1.83,3.4,4.5,1.89,1.89,-0.75,2.05,1.78,1.83,3.72,4.58,,Ligue 2,,20230318_Amiens_Rodez,28.458372268545872,1.77,0.87,49.2,50.8
2023-03-18,Annecy,Guingamp,1.0,1.0,3.0,5.0,8.0,1.0,9.0,1.0,0.0,0.0,1.0,0.0,2.45,3.2,2.88,2.29,1.59,0.0,1.94,1.88,2.91,3.0,2.81,,Ligue 2,,20230318_Annecy_Guingamp,-35.49188173142193,0.54,0.9,42.4,57.6
2023-03-18,Bordeaux,Nimes,1.0,0.0,8.0,1.0,6.0,6.0,5.0,2.0,1.0,1.0,0.0,0.0,1.53,4.0,6.0,1.91,1.86,-1.0,1.87,1.94,1.51,4.23,7.14,,Ligue 2,,20230318_Bordeaux_Nimes,116.21184571419167,1.25,0.16,56.1,43.9
2023-03-18,Caen,Valenciennes,2.0,1.0,4.0,4.0,11.0,7.0,5.0,7.0,3.0,0.0,0.0,0.0,1.65,3.6,5.25,2.1,1.71,-1.0,1.97,1.85,1.57,3.95,6.69,,Ligue 2,,20230318_Caen_Valenciennes,46.05964182474759,1.64,1.68,48.7,51.3
2023-03-18,Dijon,Pau FC,0.0,1.0,5.0,3.0,6.0,4.0,13.0,4.0,1.0,4.0,1.0,0.0,2.15,3.0,3.8,2.42,1.54,-0.25,1.74,2.1,2.1,3.1,4.25,,Ligue 2,,20230318_Dijon_Pau-FC,-21.35483370161478,1.08,1.28,43.7,56.3
2023-03-18,Le Havre,St Etienne,2.0,2.0,2.0,5.0,7.0,9.0,2.0,9.0,3.0,2.0,0.0,1.0,2.3,3.1,3.3,2.39,1.55,-0.25,1.88,1.93,2.24,3.1,3.78,,Ligue 2,,20230318_Le-Havre_St-Etienne,104.92462119942411,0.23,0.14,55.1,44.9
2023-03-18,Niort,Laval,3.0,2.0,6.0,6.0,1.0,10.0,1.0,3.0,3.0,3.0,0.0,1.0,2.7,3.0,2.75,2.38,1.55,0.0,2.03,1.79,3.13,2.98,2.65,,Ligue 2,,20230318_Niort_Laval,-67.01926889085644,0.82,0.72,51.1,48.9
2023-03-18,Paris FC,Bastia,0.0,1.0,3.0,5.0,6.0,9.0,5.0,4.0,1.0,2.0,0.0,0.0,2.15,3.1,3.5,2.44,1.52,-0.25,2.0,1.83,2.47,2.96,3.43,,Ligue 2,,20230318_Paris-FC_Bastia,11.026351613322277,0.41,0.86,49.3,50.7
2023-03-18,Quevilly Rouen,Metz,1.0,2.0,6.0,4.0,9.0,5.0,4.0,5.0,0.0,3.0,0.0,0.0,3.0,3.0,2.5,2.57,1.48,0.25,1.79,2.04,3.34,3.02,2.48,,Ligue 2,,20230318_Quevilly-Rouen_Metz,-115.14398650605494,0.94,0.69,47.5,52.5
2023-03-18,Sochaux,Grenoble,1.0,0.0,4.0,3.0,14.0,4.0,9.0,1.0,2.0,4.0,0.0,0.0,1.73,3.4,5.5,2.34,1.57,-0.5,1.82,1.99,1.85,3.36,5.05,,Ligue 2,,20230318_Sochaux_Grenoble,64.38580041658679,0.42,0.28,55.4,44.6
2023-04-01,Bastia,Sochaux,3.0,2.0,6.0,4.0,8.0,11.0,12.0,4.0,4.0,0.0,0.0,0.0,2.55,3.2,2.75,2.22,1.63,-0.25,1.89,1.92,2.29,3.19,3.53,,Ligue 2,,20230401_Bastia_Sochaux,-46.38170226860075,1.26,1.67,44.1,55.9
2023-04-01,Caen,Dijon,2.0,1.0,5.0,2.0,9.0,5.0,4.0,4.0,1.0,2.0,0.0,0.0,1.85,3.5,4.0,2.43,1.54,-0.5,1.96,1.84,2.02,3.19,4.41,,Ligue 2,,20230401_Caen_Dijon,109.72171749802646,0.47,1.38,55.7,44.3
2023-04-01,Grenoble,Amiens,2.0,1.0,5.0,1.0,8.0,5.0,3.0,4.0,2.0,1.0,0.0,0.0,2.7,3.1,2.63,2.21,1.64,-0.25,1.99,1.83,2.43,3.03,3.44,,Ligue 2,,20230401_Grenoble_Amiens,36.45369521836915,1.52,0.89,57.2,42.8
2023-04-01,Metz,Laval,1.0,0.0,5.0,4.0,10.0,8.0,5.0,9.0,1.0,2.0,0.0,0.0,1.7,3.4,5.75,2.2,1.64,-1.0,1.99,1.81,1.55,3.96,7.08,,Ligue 2,,20230401_Metz_Laval,174.98314721902625,1.15,0.94,60.6,39.4
2023-04-01,Nimes,Annecy,4.0,0.0,8.0,2.0,6.0,5.0,2.0,2.0,0.0,0.0,0.0,0.0,2.1,3.2,3.5,2.17,1.66,-0.25,1.96,1.86,2.41,3.08,3.39,,Ligue 2,,20230401_Nimes_Annecy,-51.80140633556721,2.24,1.37,47.7,52.3
2023-04-01,Pau FC,Le Havre,0.0,1.0,2.0,1.0,11.0,5.0,5.0,0.0,1.0,3.0,0.0,0.0,3.75,3.1,2.1,2.6,1.46,0.25,1.79,2.03,3.32,3.07,2.46,,Ligue 2,,20230401_Pau-FC_Le-Havre,-141.60210753843262,0.05,0.55,44.0,56.0
2023-04-01,Rodez,Quevilly Rouen,1.0,0.0,6.0,2.0,4.0,6.0,0.0,4.0,3.0,1.0,0.0,0.0,3.1,3.1,2.3,2.42,1.53,0.0,1.91,1.89,2.83,2.94,2.95,,Ligue 2,,20230401_Rodez_Quevilly-Rouen,-20.08263977180036,0.86,1.64,51.9,48.1
2023-04-01,St Etienne,Niort,2.0,0.0,8.0,1.0,14.0,7.0,1.0,4.0,0.0,1.0,0.0,0.0,1.44,4.0,7.5,1.57,2.35,-1.75,2.06,1.76,1.31,5.61,10.56,,Ligue 2,,20230401_St-Etienne_Niort,104.90004816445321,0.71,0.32,52.4,47.6
2023-04-01,Valenciennes,Paris FC,4.0,5.0,7.0,10.0,1.0,10.0,4.0,5.0,2.0,1.0,0.0,0.0,3.2,3.3,2.25,2.31,1.59,0.25,1.87,1.93,3.67,3.13,2.26,,Ligue 2,,20230401_Valenciennes_Paris-FC,-64.56909362910028,1.87,1.37,42.2,57.8
2023-04-03,Guingamp,Bordeaux,0.0,1.0,1.0,2.0,7.0,6.0,3.0,4.0,1.0,3.0,0.0,0.0,3.1,3.3,2.25,2.08,1.72,0.25,1.93,1.88,3.36,3.41,2.26,,Ligue 2,,20230403_Guingamp_Bordeaux,-47.62068697731843,0.79,1.19,53.1,46.9
2023-04-08,Amiens,Nimes,1.0,0.0,3.0,3.0,7.0,9.0,5.0,5.0,0.0,2.0,0.0,0.0,2.0,3.4,3.75,1.96,1.81,-0.5,1.87,1.93,1.89,3.64,4.3,,Ligue 2,,20230408_Amiens_Nimes,10.860447276666036,1.08,1.26,48.9,51.1
2023-04-08,Bordeaux,Bastia,2.0,0.0,3.0,4.0,8.0,7.0,2.0,5.0,4.0,3.0,1.0,1.0,1.91,3.4,4.0,2.18,1.65,-0.5,2.01,1.79,2.03,3.31,4.18,,Ligue 2,,20230408_Bordeaux_Bastia,19.801318148018254,1.02,0.38,53.9,46.1
2023-04-08,Dijon,Rodez,1.0,0.0,4.0,2.0,7.0,5.0,7.0,3.0,1.0,0.0,0.0,0.0,1.95,3.4,3.8,2.26,1.6,-0.5,1.94,1.86,1.99,3.31,4.36,,Ligue 2,,20230408_Dijon_Rodez,-65.5964448610057,0.79,0.27,51.5,48.5
2023-04-08,Laval,Grenoble,0.0,1.0,4.0,2.0,17.0,8.0,10.0,1.0,2.0,2.0,0.0,0.0,2.4,3.0,3.1,2.58,1.47,-0.25,1.92,1.89,2.31,3.09,3.6,,Ligue 2,,20230408_Laval_Grenoble,-79.54786753250119,1.23,1.69,51.6,48.4
2023-04-08,Le Havre,Guingamp,0.0,0.0,1.0,1.0,9.0,6.0,5.0,1.0,3.0,1.0,0.0,0.0,1.85,3.1,5.0,2.42,1.54,-0.5,1.9,1.89,1.94,3.19,4.85,,Ligue 2,,20230408_Le-Havre_Guingamp,106.67519438889826,0.65,0.76,52.3,47.7
2023-04-08,Niort,Sochaux,0.0,3.0,2.0,4.0,17.0,9.0,5.0,4.0,1.0,1.0,0.0,0.0,4.0,3.6,1.91,1.95,1.82,0.75,2.04,1.78,5.93,3.93,1.63,,Ligue 2,,20230408_Niort_Sochaux,-179.70736879639594,0.87,1.54,48.7,51.3
2023-04-08,Paris FC,St Etienne,2.0,4.0,6.0,9.0,7.0,8.0,2.0,3.0,2.0,3.0,0.0,0.0,2.8,3.3,2.45,1.87,1.9,0.0,2.07,1.76,2.94,3.38,2.52,,Ligue 2,,20230408_Paris-FC_St-Etienne,21.11205161934663,0.92,1.89,55.6,44.4
2023-04-08,Pau FC,Metz,1.0,1.0,2.0,2.0,5.0,7.0,1.0,1.0,2.0,2.0,0.0,0.0,4.2,3.2,1.95,2.28,1.6,0.25,1.95,1.87,3.71,3.12,2.25,,Ligue 2,,20230408_Pau-FC_Metz,-166.02570776934044,0.51,0.65,43.2,56.8
2023-04-08,Quevilly Rouen,Caen,2.0,1.0,4.0,8.0,6.0,10.0,4.0,8.0,3.0,3.0,1.0,0.0,2.75,3.1,2.63,2.61,1.47,0.0,1.9,1.9,2.89,2.86,2.98,,Ligue 2,,20230408_Quevilly-Rouen_Caen,-66.09134776768474,1.4,0.8,50.3,49.7
2023-04-10,Annecy,Valenciennes,2.0,1.0,4.0,6.0,5.0,1.0,2.0,5.0,3.0,2.0,1.0,0.0,2.2,3.3,3.25,2.16,1.67,-0.25,1.84,1.97,2.23,3.17,3.72,,Ligue 2,,20230410_Annecy_Valenciennes,16.682335570776786,1.15,0.36,43.1,56.9
2023-04-15,Bastia,Annecy,3.0,0.0,6.0,0.0,8.0,3.0,3.0,5.0,0.0,2.0,0.0,0.0,1.73,3.4,5.0,2.1,1.7,-1.0,2.1,1.73,1.63,3.8,6.19,,Ligue 2,,20230415_Bastia_Annecy,62.26844888732671,1.24,0.42,50.5,49.5
2023-04-15,Caen,Paris FC,3.0,1.0,3.0,3.0,4.0,10.0,4.0,4.0,0.0,2.0,0.0,0.0,2.1,3.2,3.75,2.04,1.75,-0.25,1.82,1.99,2.14,3.3,3.79,,Ligue 2,,20230415_Caen_Paris-FC,-0.6636033073632461,1.39,1.61,50.5,49.5
2023-04-15,Guingamp,Amiens,3.0,1.0,4.0,3.0,3.0,5.0,5.0,1.0,0.0,2.0,0.0,0.0,2.25,3.2,3.4,2.12,1.7,-0.25,2.06,1.77,2.47,3.24,3.14,,Ligue 2,,20230415_Guingamp_Amiens,41.79600412127911,1.88,0.68,45.8,54.2
2023-04-15,Metz,Bordeaux,3.0,0.0,7.0,0.0,7.0,4.0,7.0,3.0,1.0,0.0,0.0,1.0,2.3,3.2,3.1,2.15,1.67,-0.25,1.96,1.85,2.38,3.08,3.45,,Ligue 2,,20230415_Metz_Bordeaux,31.369663551724216,1.88,0.05,55.5,44.5
2023-04-15,Nimes,Le Havre,0.0,1.0,2.0,4.0,6.0,7.0,0.0,4.0,2.0,0.0,0.0,0.0,3.4,3.0,2.3,2.57,1.48,0.25,1.85,1.96,3.37,3.06,2.44,,Ligue 2,,20230415_Nimes_Le-Havre,-175.43596156423405,0.96,0.96,47.7,52.3
2023-04-15,Quevilly Rouen,Dijon,2.0,2.0,4.0,4.0,4.0,3.0,4.0,2.0,3.0,1.0,0.0,0.0,2.3,3.0,3.4,2.69,1.44,-0.25,1.88,1.93,2.31,2.96,3.8,,Ligue 2,,20230415_Quevilly-Rouen_Dijon,60.30986179281672,1.19,1.37,49.1,50.9
2023-04-15,Rodez,Laval,1.0,0.0,4.0,3.0,5.0,7.0,4.0,7.0,2.0,3.0,0.0,0.0,2.7,3.0,2.8,2.32,1.58,0.0,2.01,1.79,2.99,3.04,2.71,,Ligue 2,,20230415_Rodez_Laval,37.605032624475825,1.16,0.7,56.3,43.7
2023-04-15,Sochaux,Pau FC,2.0,3.0,5.0,5.0,16.0,5.0,11.0,2.0,4.0,2.0,0.0,0.0,1.57,3.75,6.5,1.97,1.8,-1.0,1.92,1.88,1.53,4.05,7.33,,Ligue 2,,20230415_Sochaux_Pau-FC,118.35908467829358,1.22,1.2,54.1,45.9
2023-04-15,Valenciennes,Niort,0.0,0.0,4.0,1.0,9.0,10.0,1.0,4.0,2.0,0.0,0.0,0.0,2.15,3.2,3.5,2.11,1.7,-0.5,1.96,1.83,2.02,3.3,4.23,,Ligue 2,,20230415_Valenciennes_Niort,53.68778351687524,0.34,0.05,54.6,45.4
2023-04-17,Grenoble,St Etienne,0.0,2.0,4.0,6.0,4.0,11.0,5.0,9.0,1.0,1.0,0.0,0.0,3.4,3.2,2.15,2.03,1.75,0.25,1.94,1.87,3.43,3.36,2.23,,Ligue 2,,20230417_Grenoble_St-Etienne,-5.237995889688136,0.05,1.06,47.2,52.8
2023-04-22,Amiens,Valenciennes,0.0,2.0,3.0,6.0,10.0,5.0,8.0,2.0,2.0,2.0,0.0,0.0,1.85,3.5,4.33,1.93,1.84,-0.5,1.92,1.87,1.96,3.5,4.18,,Ligue 2,,20230422_Amiens_Valenciennes,17.619029994533093,0.05,1.02,48.2,51.8
2023-04-22,Annecy,Rodez,0.0,3.0,0.0,3.0,2.0,8.0,8.0,3.0,1.0,0.0,0.0,0.0,2.1,3.2,3.5,2.26,1.61,-0.25,1.99,1.82,2.36,3.11,3.47,,Ligue 2,,20230422_Annecy_Rodez,-2.467485570783083,0.64,2.17,44.2,55.8
2023-04-22,Dijon,Bastia,1.0,1.0,4.0,1.0,11.0,5.0,10.0,1.0,2.0,4.0,0.0,0.0,2.8,3.1,2.6,2.56,1.48,0.0,1.92,1.88,2.9,2.9,2.92,,Ligue 2,,20230422_Dijon_Bastia,-125.30722858498552,1.52,0.43,44.2,55.8
2023-04-22,Laval,Sochaux,2.0,1.0,8.0,6.0,2.0,19.0,0.0,10.0,1.0,2.0,0.0,0.0,3.4,3.2,2.2,2.17,1.66,0.25,1.8,2.01,3.11,3.25,2.48,,Ligue 2,,20230422_Laval_Sochaux,-149.56033208183317,1.36,1.32,42.5,57.5
2023-04-22,Le Havre,Quevilly Rouen,0.0,0.0,1.0,4.0,11.0,6.0,4.0,3.0,1.0,1.0,0.0,0.0,2.0,3.1,4.0,2.83,1.4,-0.5,1.8,2.0,1.85,3.14,5.62,,Ligue 2,,20230422_Le-Havre_Quevilly-Rouen,131.52691897619638,0.78,0.16,61.3,38.7
2023-04-22,Niort,Caen,1.0,2.0,3.0,6.0,5.0,6.0,5.0,4.0,0.0,1.0,0.0,0.0,5.25,3.4,1.73,2.09,1.71,0.5,1.81,1.99,3.89,3.47,2.05,,Ligue 2,,20230422_Niort_Caen,-146.06284525217097,0.78,1.11,38.0,62.0
2023-04-22,Paris FC,Nimes,3.0,0.0,7.0,4.0,10.0,6.0,7.0,12.0,0.0,0.0,0.0,0.0,1.75,3.4,5.0,2.0,1.78,-0.5,1.81,1.99,1.87,3.53,4.62,,Ligue 2,,20230422_Paris-FC_Nimes,85.0083444939794,0.79,2.44,49.0,51.0
2023-04-22,Pau FC,Guingamp,2.0,1.0,4.0,2.0,8.0,3.0,6.0,2.0,0.0,2.0,0.0,1.0,2.7,3.1,2.75,2.31,1.58,0.0,1.75,2.07,2.6,2.99,3.19,,Ligue 2,,20230422_Pau-FC_Guingamp,-42.51827210637521,0.26,1.43,49.0,51.0
2023-04-22,St Etienne,Metz,1.0,3.0,5.0,6.0,16.0,4.0,2.0,6.0,2.0,2.0,0.0,1.0,2.15,3.4,3.4,1.88,1.89,-0.25,1.95,1.86,2.34,3.44,3.17,,Ligue 2,,20230422_St-Etienne_Metz,-87.50433289657485,0.27,0.57,44.5,55.5
2023-04-24,Bordeaux,Grenoble,3.0,0.0,10.0,6.0,9.0,12.0,6.0,5.0,0.0,1.0,0.0,0.0,1.62,3.6,6.0,1.98,1.79,-1.0,2.03,1.78,1.61,3.88,6.32,,Ligue 2,,20230424_Bordeaux_Grenoble,63.171935044395696,1.0,0.57,54.0,46.0
2023-04-29,Bastia,Amiens,1.0,1.0,5.0,1.0,11.0,4.0,6.0,1.0,1.0,1.0,0.0,0.0,1.91,3.4,4.0,2.08,1.72,-0.5,1.84,1.96,1.86,3.47,4.73,,Ligue 2,,20230429_Bastia_Amiens,104.35045607064376,0.68,0.33,55.8,44.2
2023-04-29,Caen,Le Havre,1.0,2.0,3.0,6.0,12.0,6.0,8.0,11.0,0.0,1.0,0.0,1.0,2.4,3.0,3.2,2.68,1.44,0.0,1.76,2.05,2.71,2.83,3.21,,Ligue 2,,20230429_Caen_Le-Havre,-68.29115006720963,0.23,1.8,51.8,48.2
2023-04-29,Grenoble,Niort,2.0,0.0,8.0,4.0,9.0,4.0,5.0,6.0,0.0,1.0,0.0,0.0,1.85,3.4,4.33,2.11,1.69,-0.75,1.98,1.83,1.78,3.66,4.96,,Ligue 2,,20230429_Grenoble_Niort,119.38187357164679,1.13,0.26,52.1,47.9
2023-04-29,Guingamp,Laval,3.0,1.0,6.0,4.0,5.0,8.0,1.0,11.0,3.0,1.0,0.0,0.0,2.2,3.2,3.2,2.26,1.61,-0.25,1.89,1.91,2.23,3.26,3.58,,Ligue 2,,20230429_Guingamp_Laval,75.26341632638514,1.74,0.84,47.2,52.8
2023-04-29,Metz,Paris FC,1.0,1.0,8.0,2.0,9.0,2.0,6.0,0.0,0.0,3.0,0.0,0.0,1.73,3.6,4.75,1.92,1.85,-0.75,1.92,1.89,1.74,3.73,5.19,,Ligue 2,,20230429_Metz_Paris-FC,115.6097720462626,0.6,0.16,52.2,47.8
2023-04-29,Nimes,Pau FC,3.0,2.0,8.0,3.0,12.0,9.0,8.0,2.0,3.0,4.0,0.0,0.0,2.38,3.25,3.0,2.04,1.74,-0.25,2.04,1.78,2.44,3.32,3.11,,Ligue 2,,20230429_Nimes_Pau-FC,-72.94195910742224,1.71,0.89,46.6,53.4
2023-04-29,Quevilly Rouen,Annecy,2.0,2.0,3.0,3.0,4.0,4.0,5.0,4.0,1.0,2.0,0.0,0.0,1.85,3.4,4.2,2.25,1.62,-0.5,1.97,1.83,2.13,3.19,3.98,,Ligue 2,,20230429_Quevilly-Rouen_Annecy,29.14279202080047,1.69,1.15,55.5,44.5
2023-04-29,Rodez,St Etienne,1.0,1.0,5.0,4.0,16.0,10.0,4.0,4.0,1.0,2.0,0.0,0.0,4.2,3.75,1.75,1.81,1.96,0.5,1.95,1.84,4.01,3.83,1.91,,Ligue 2,,20230429_Rodez_St-Etienne,-45.9379807767732,1.24,0.45,50.7,49.3
2023-04-29,Valenciennes,Bordeaux,0.0,2.0,0.0,3.0,7.0,9.0,3.0,3.0,1.0,1.0,0.0,0.0,4.75,3.4,1.8,2.04,1.75,0.5,1.88,1.92,4.2,3.31,2.02,,Ligue 2,,20230429_Valenciennes_Bordeaux,-132.38832129295065,0.6,0.63,43.0,57.0
2023-05-01,Sochaux,Dijon,0.0,2.0,2.0,6.0,2.0,11.0,3.0,6.0,3.0,2.0,1.0,0.0,1.8,3.4,4.75,2.18,1.66,-0.25,1.9,1.91,2.32,3.26,3.38,,Ligue 2,,20230501_Sochaux_Dijon,115.28687620211213,0.61,1.16,55.0,45.0
2023-05-06,Amiens,Sochaux,1.0,0.0,6.0,3.0,7.0,3.0,6.0,5.0,2.0,1.0,0.0,0.0,2.8,3.2,2.5,1.85,1.92,0.0,1.92,1.88,2.75,3.53,2.59,,Ligue 2,,20230506_Amiens_Sochaux,-83.2878332542573,0.8,1.73,51.8,48.2
2023-05-06,Annecy,Dijon,1.0,1.0,5.0,5.0,5.0,7.0,6.0,6.0,3.0,2.0,0.0,0.0,3.4,3.1,2.25,2.33,1.58,0.25,1.93,1.87,3.62,3.13,2.28,,Ligue 2,,20230506_Annecy_Dijon,12.392622653821718,0.85,1.57,38.4,61.6
2023-05-06,Bordeaux,Caen,1.0,0.0,2.0,2.0,2.0,13.0,1.0,5.0,0.0,3.0,0.0,0.0,1.95,3.3,3.8,1.9,1.87,-0.75,1.89,1.92,1.68,3.72,5.77,,Ligue 2,,20230506_Bordeaux_Caen,59.01698527236431,0.63,0.78,52.4,47.6
2023-05-06,Laval,Bastia,2.0,1.0,3.0,3.0,4.0,9.0,2.0,8.0,2.0,5.0,0.0,1.0,2.75,3.0,2.75,2.44,1.53,-0.25,1.9,1.91,2.24,3.05,3.83,,Ligue 2,,20230506_Laval_Bastia,-123.48527950756215,2.22,1.95,46.1,53.9
2023-05-06,Nimes,Valenciennes,3.0,3.0,6.0,4.0,9.0,4.0,7.0,1.0,2.0,2.0,0.0,0.0,2.2,3.2,3.25,2.15,1.68,-0.25,1.8,2.01,2.13,3.27,3.88,,Ligue 2,,20230506_Nimes_Valenciennes,-11.945707124868022,1.26,1.4,50.1,49.9
2023-05-06,Niort,Metz,1.0,3.0,3.0,7.0,8.0,12.0,4.0,6.0,0.0,2.0,0.0,0.0,5.75,3.8,1.55,1.67,2.16,1.25,1.97,1.84,8.88,4.95,1.38,,Ligue 2,,20230506_Niort_Metz,-258.824045062795,0.22,1.8,43.6,56.4
2023-05-06,Paris FC,Grenoble,1.0,0.0,5.0,0.0,9.0,7.0,2.0,5.0,0.0,0.0,0.0,0.0,1.91,3.4,3.8,1.85,1.92,-0.75,2.0,1.82,1.79,3.78,4.73,,Ligue 2,,20230506_Paris-FC_Grenoble,15.472871592550291,1.32,0.05,52.0,48.0
2023-05-06,Pau FC,Quevilly Rouen,3.0,4.0,7.0,7.0,6.0,6.0,3.0,2.0,2.0,2.0,0.0,0.0,2.63,3.0,2.75,2.28,1.6,-0.25,2.04,1.78,2.47,3.04,3.31,,Ligue 2,,20230506_Pau-FC_Quevilly-Rouen,-10.720556762774322,0.7,2.48,52.6,47.4
2023-05-06,St Etienne,Guingamp,3.0,2.0,9.0,4.0,5.0,11.0,4.0,4.0,2.0,2.0,0.0,0.0,1.6,3.8,5.25,1.53,2.44,-1.0,1.87,1.93,1.56,4.68,5.52,,Ligue 2,,20230506_St-Etienne_Guingamp,13.720380381070981,1.49,2.21,55.6,44.4
2023-05-08,Le Havre,Rodez,1.0,0.0,6.0,3.0,19.0,2.0,6.0,3.0,0.0,1.0,0.0,0.0,1.6,3.6,5.75,2.35,1.57,-0.75,1.9,1.91,1.76,3.34,5.93,,Ligue 2,,20230508_Le-Havre_Rodez,133.79137910521695,1.34,1.44,44.2,55.8
2023-05-13,Bastia,Niort,2.0,1.0,6.0,2.0,14.0,10.0,4.0,2.0,2.0,2.0,0.0,0.0,1.5,4.0,6.5,1.74,2.05,-1.25,1.99,1.82,1.44,4.7,7.57,,Ligue 2,,20230513_Bastia_Niort,159.45512330485553,0.96,1.49,55.2,44.8
2023-05-13,Caen,Nimes,4.0,2.0,6.0,4.0,10.0,5.0,3.0,4.0,1.0,2.0,0.0,0.0,1.8,3.5,4.33,1.89,1.88,-0.5,1.83,1.96,1.88,3.68,4.28,,Ligue 2,,20230513_Caen_Nimes,90.19687335242133,1.46,1.53,59.0,41.0
2023-05-13,Dijon,Amiens,3.0,0.0,8.0,3.0,10.0,4.0,3.0,3.0,1.0,2.0,0.0,0.0,1.83,3.2,4.33,2.14,1.68,-0.5,1.91,1.88,1.93,3.38,4.54,,Ligue 2,,20230513_Dijon_Amiens,-14.710218331224723,1.49,0.05,50.4,49.6
2023-05-13,Laval,St Etienne,2.0,1.0,9.0,4.0,8.0,14.0,4.0,9.0,1.0,1.0,0.0,0.0,2.75,3.3,2.38,1.77,2.02,0.25,1.78,2.04,2.93,3.63,2.4,,Ligue 2,,20230513_Laval_St-Etienne,-103.29689771712742,1.09,0.78,50.5,49.5
2023-05-13,Metz,Grenoble,1.0,0.0,4.0,2.0,15.0,2.0,3.0,2.0,0.0,3.0,0.0,1.0,1.45,4.2,6.5,1.83,1.94,-1.5,1.96,1.84,1.31,5.3,11.52,,Ligue 2,,20230513_Metz_Grenoble,139.2592382596922,0.97,0.54,53.5,46.5
2023-05-13,Quevilly Rouen,Bordeaux,0.0,0.0,5.0,3.0,5.0,6.0,6.0,5.0,2.0,1.0,0.0,0.0,4.5,3.3,1.8,2.08,1.72,0.25,1.97,1.84,3.71,3.04,2.3,,Ligue 2,,20230513_Quevilly-Rouen_Bordeaux,-103.2618474302933,0.13,0.75,42.9,57.1
2023-05-13,Rodez,Paris FC,0.0,0.0,2.0,1.0,4.0,4.0,6.0,5.0,1.0,1.0,0.0,0.0,2.88,3.25,2.3,1.96,1.82,0.0,1.98,1.82,2.84,3.34,2.62,,Ligue 2,,20230513_Rodez_Paris-FC,-57.24761597168117,0.8,0.5,44.9,55.1
2023-05-13,Sochaux,Guingamp,0.0,1.0,6.0,3.0,3.0,7.0,5.0,5.0,2.0,2.0,0.0,0.0,1.95,3.25,3.8,1.89,1.88,0.0,1.83,1.97,2.6,3.35,2.86,,Ligue 2,,20230513_Sochaux_Guingamp,11.981068071874233,0.92,1.28,53.2,46.8
2023-05-13,Valenciennes,Pau FC,1.0,1.0,4.0,3.0,10.0,5.0,6.0,2.0,2.0,3.0,0.0,0.0,2.25,3.0,3.2,2.21,1.64,-0.25,1.95,1.86,2.39,3.2,3.32,,Ligue 2,,20230513_Valenciennes_Pau-FC,-20.812931278523365,1.57,0.24,52.4,47.6
2023-05-15,Annecy,Le Havre,1.0,0.0,2.0,5.0,3.0,8.0,3.0,4.0,3.0,5.0,0.0,1.0,3.75,3.1,2.05,2.4,1.55,0.5,1.94,1.85,4.93,3.23,1.91,,Ligue 2,,20230515_Annecy_Le-Havre,-168.6841632775695,2.03,0.6,39.6,60.4
2023-05-19,Grenoble,Rodez,1.0,1.0,4.0,5.0,11.0,4.0,4.0,6.0,1.0,0.0,0.0,0.0,2.63,3.2,2.75,2.15,1.68,0.0,2.02,1.8,2.88,3.19,2.68,,Ligue 2,,20230519_Grenoble_Rodez,9.451113252695677,1.2,1.03,48.5,51.5
2023-05-20,Amiens,Caen,1.0,3.0,4.0,6.0,8.0,9.0,2.0,6.0,1.0,1.0,0.0,0.0,2.7,3.2,2.63,1.99,1.79,0.0,1.99,1.82,2.86,3.34,2.6,,Ligue 2,,20230520_Amiens_Caen,-81.76226723927311,1.46,1.95,47.5,52.5
2023-05-20,Bordeaux,Laval,3.0,0.0,4.0,2.0,8.0,11.0,1.0,8.0,1.0,2.0,0.0,0.0,1.7,3.8,4.5,1.86,1.91,-1.0,2.01,1.8,1.58,4.07,6.27,,Ligue 2,,20230520_Bordeaux_Laval,145.21193705074802,1.23,0.81,55.3,44.7
2023-05-20,Guingamp,Metz,1.0,1.0,5.0,3.0,11.0,5.0,5.0,3.0,0.0,2.0,0.0,0.0,4.75,3.5,1.75,1.93,1.84,0.75,1.95,1.86,5.29,3.97,1.68,,Ligue 2,,20230520_Guingamp_Metz,-127.98968853875908,0.05,0.94,44.7,55.3
2023-05-20,Nimes,Dijon,1.0,2.0,4.0,9.0,7.0,5.0,4.0,5.0,1.0,2.0,0.0,0.0,3.25,3.25,2.2,2.01,1.77,0.5,1.94,1.84,4.48,3.54,1.89,,Ligue 2,,20230520_Nimes_Dijon,-36.645646523920504,2.1,1.5,45.0,55.0
2023-05-20,Niort,Annecy,2.0,2.0,3.0,6.0,7.0,9.0,6.0,8.0,1.0,2.0,0.0,0.0,3.6,3.4,2.05,2.04,1.75,0.25,1.84,1.98,3.28,3.4,2.3,,Ligue 2,,20230520_Niort_Annecy,-114.10436515773335,1.21,1.03,49.6,50.4
2023-05-20,Paris FC,Sochaux,2.0,1.0,4.0,4.0,5.0,6.0,5.0,3.0,1.0,1.0,0.0,0.0,2.1,3.4,3.4,1.8,1.97,-0.5,1.9,1.89,1.96,3.69,3.93,,Ligue 2,,20230520_Paris-FC_Sochaux,30.589673522689736,1.44,0.51,48.7,51.3
2023-05-20,Pau FC,Bastia,2.0,6.0,4.0,9.0,4.0,4.0,4.0,5.0,2.0,1.0,0.0,0.0,2.25,3.25,3.2,2.01,1.77,0.0,1.92,1.88,2.71,3.36,2.73,,Ligue 2,,20230520_Pau-FC_Bastia,-71.9632375238391,1.06,2.67,49.6,50.4
2023-05-20,St Etienne,Quevilly Rouen,4.0,2.0,8.0,7.0,10.0,8.0,8.0,5.0,1.0,3.0,0.0,0.0,1.62,4.0,5.0,1.59,2.3,-1.0,2.04,1.78,1.65,4.39,4.87,,Ligue 2,,20230520_St-Etienne_Quevilly-Rouen,23.48417249288059,1.46,1.19,48.6,51.4
2023-05-22,Le Havre,Valenciennes,0.0,2.0,2.0,3.0,18.0,3.0,8.0,1.0,2.0,2.0,0.0,0.0,1.6,3.75,5.5,2.06,1.73,-0.75,1.8,2.03,1.7,3.55,6.03,,Ligue 2,,20230522_Le-Havre_Valenciennes,166.15950162987474,0.62,1.17,54.5,45.5
2023-05-26,Annecy,Bordeaux,1.0,0.0,5.0,3.0,2.0,11.0,1.0,6.0,3.0,3.0,0.0,0.0,4.33,3.3,1.75,1.95,1.83,0.75,1.91,1.9,5.28,3.66,1.74,,Ligue 2,,20230526_Annecy_Bordeaux,-132.6437828610001,0.88,1.12,41.2,58.8
2023-05-26,Bastia,Le Havre,1.0,1.0,2.0,2.0,7.0,3.0,7.0,4.0,4.0,5.0,0.0,0.0,2.8,3.1,2.45,2.28,1.61,0.25,1.77,2.05,3.15,3.05,2.58,,Ligue 2,,20230526_Bastia_Le-Havre,-47.931850799366885,1.0,0.98,38.7,61.3
2023-05-26,Caen,St Etienne,2.0,2.0,3.0,6.0,11.0,7.0,6.0,3.0,1.0,2.0,0.0,0.0,2.25,3.5,2.7,1.46,2.62,-0.25,2.03,1.79,2.38,3.96,2.77,,Ligue 2,,20230526_Caen_St-Etienne,4.323345877591009,0.05,1.51,53.5,46.5
2023-05-26,Dijon,Paris FC,1.0,1.0,2.0,2.0,5.0,7.0,5.0,6.0,1.0,0.0,0.0,0.0,1.75,3.5,4.2,1.94,1.84,-0.75,1.87,1.94,1.69,3.74,5.59,,Ligue 2,,20230526_Dijon_Paris-FC,-74.2279349779626,0.46,0.83,37.8,62.2
2023-05-26,Guingamp,Niort,2.0,0.0,5.0,3.0,11.0,6.0,5.0,4.0,1.0,0.0,0.0,0.0,1.5,4.2,5.25,1.53,2.43,-1.25,1.96,1.84,1.49,4.85,6.29,,Ligue 2,,20230526_Guingamp_Niort,154.3704463187796,1.02,1.08,50.6,49.4
2023-05-26,Laval,Nimes,2.0,0.0,5.0,2.0,3.0,4.0,5.0,2.0,2.0,2.0,0.0,0.0,1.45,4.33,7.0,1.54,2.41,-1.25,1.82,2.0,1.38,5.33,8.03,,Ligue 2,,20230526_Laval_Nimes,32.933128291946105,1.68,0.5,56.4,43.6
2023-05-26,Quevilly Rouen,Amiens,1.0,3.0,7.0,5.0,12.0,6.0,10.0,4.0,1.0,1.0,0.0,0.0,2.3,3.4,2.8,1.86,1.92,-0.25,1.97,1.84,2.34,3.36,3.24,,Ligue 2,,20230526_Quevilly-Rouen_Amiens,50.028577622287,0.05,1.3,56.1,43.9
2023-05-26,Rodez,Pau FC,2.0,3.0,7.0,5.0,8.0,2.0,6.0,0.0,2.0,2.0,0.0,1.0,2.15,3.3,3.1,2.04,1.75,-0.25,1.97,1.84,2.35,3.19,3.4,,Ligue 2,,20230526_Rodez_Pau-FC,27.044995794971783,2.0,0.77,58.7,41.3
2023-05-26,Sochaux,Metz,0.0,1.0,3.0,9.0,6.0,5.0,3.0,5.0,2.0,0.0,1.0,0.0,5.25,4.0,1.55,1.61,2.25,1.0,2.04,1.79,6.46,4.6,1.5,,Ligue 2,,20230526_Sochaux_Metz,-147.55117888754535,0.45,1.43,43.0,57.0
2023-05-26,Valenciennes,Grenoble,1.0,0.0,5.0,4.0,13.0,12.0,5.0,5.0,0.0,1.0,0.0,0.0,1.91,3.4,3.75,1.86,1.92,-0.5,1.99,1.82,1.92,3.6,4.26,,Ligue 2,,20230526_Valenciennes_Grenoble,-28.332881373069768,0.99,1.84,48.1,51.9
2023-06-02,Amiens,Laval,1.0,2.0,3.0,7.0,4.0,11.0,1.0,7.0,1.0,2.0,0.0,0.0,3.6,3.6,1.91,1.64,2.2,0.5,1.95,1.85,3.82,3.82,1.95,,Ligue 2,,20230602_Amiens_Laval,-2.2307012665726234,0.8,1.25,56.2,43.8
2023-06-02,Bordeaux,Rodez,0.0,1.0,0.0,5.0,0.0,10.0,3.0,3.0,2.0,3.0,0.0,0.0,1.33,5.0,8.5,1.54,2.41,-1.25,1.83,1.98,1.39,5.11,8.22,,Ligue 2,,20230602_Bordeaux_Rodez,120.81814296060816,0.05,1.77,56.6,43.4
2023-06-02,Grenoble,Guingamp,0.0,2.0,5.0,5.0,9.0,7.0,5.0,1.0,2.0,1.0,0.0,0.0,2.88,3.3,2.25,1.65,2.19,0.0,2.04,1.78,2.83,3.72,2.43,,Ligue 2,,20230602_Grenoble_Guingamp,-50.66106611500118,0.19,1.63,52.4,47.6
2023-06-02,Le Havre,Dijon,1.0,0.0,3.0,2.0,5.0,8.0,2.0,5.0,3.0,1.0,0.0,0.0,2.1,3.2,3.5,2.5,1.5,-0.5,1.96,1.83,2.03,3.2,4.32,,Ligue 2,,20230602_Le-Havre_Dijon,118.05801727597986,1.22,0.05,61.2,38.8
2023-06-02,Metz,Bastia,3.0,2.0,6.0,4.0,8.0,8.0,3.0,4.0,0.0,2.0,0.0,0.0,1.36,4.75,8.0,1.49,2.52,-1.5,1.98,1.83,1.39,5.4,7.5,,Ligue 2,,20230602_Metz_Bastia,100.54483444686639,0.5,0.52,56.8,43.2
2023-06-02,Nimes,Sochaux,3.0,1.0,5.0,6.0,4.0,9.0,3.0,5.0,2.0,2.0,0.0,0.0,3.25,3.2,2.3,1.51,2.47,0.0,1.89,1.91,2.6,3.72,2.64,,Ligue 2,,20230602_Nimes_Sochaux,-83.54585688149564,1.83,0.69,46.3,53.7
2023-06-02,Niort,Quevilly Rouen,3.0,3.0,4.0,8.0,4.0,9.0,5.0,2.0,0.0,1.0,0.0,0.0,3.4,3.8,1.95,1.44,2.72,0.5,1.91,1.88,3.53,4.25,1.93,,Ligue 2,,20230602_Niort_Quevilly-Rouen,-117.63582114556039,0.82,1.04,42.6,57.4
2023-06-02,Paris FC,Annecy,1.0,0.0,4.0,4.0,4.0,4.0,1.0,5.0,0.0,1.0,0.0,0.0,1.91,3.5,3.8,1.95,1.83,-0.5,1.86,1.93,1.88,3.69,4.27,,Ligue 2,,20230602_Paris-FC_Annecy,53.438716333046386,0.95,0.26,53.1,46.9
2023-06-02,Pau FC,Caen,1.0,0.0,6.0,1.0,7.0,6.0,4.0,6.0,2.0,2.0,1.0,0.0,2.3,3.6,2.88,1.81,1.95,-0.25,1.84,1.97,2.18,3.6,3.36,,Ligue 2,,20230602_Pau-FC_Caen,-73.62886550795952,1.38,1.13,46.9,53.1
2023-06-02,St Etienne,Valenciennes,2.0,0.0,6.0,2.0,7.0,4.0,6.0,5.0,2.0,2.0,0.0,0.0,1.62,4.2,4.5,1.41,2.78,-1.0,1.84,1.97,1.57,4.6,5.45,,Ligue 2,,20230602_St-Etienne_Valenciennes,62.04942086934602,0.67,0.52,47.0,53.0
2023-08-05,Ajaccio,Rodez,1.0,1.0,6.0,3.0,13.0,5.0,7.0,4.0,1.0,3.0,0.0,0.0,1.85,3.1,4.33,2.68,1.44,-0.5,2.03,1.77,2.15,3.07,4.12,,Ligue 2,,20230805_Ajaccio_Rodez,123.62233686988998,0.45,1.14,50.8,49.2
2023-08-05,Amiens,Quevilly Rouen,1.0,0.0,2.0,2.0,3.0,4.0,9.0,2.0,1.0,1.0,0.0,0.0,2.6,3.2,2.63,1.96,1.81,0.0,1.82,1.99,2.61,3.3,2.88,,Ligue 2,,20230805_Amiens_Quevilly-Rouen,-30.60482721409926,0.82,0.97,45.1,54.9
2023-08-05,Annecy,Guingamp,1.0,4.0,4.0,8.0,7.0,7.0,3.0,2.0,2.0,0.0,0.0,0.0,,,,2.66,1.45,0.5,1.82,2.0,4.51,3.06,2.06,,Ligue 2,,20230805_Annecy_Guingamp,-58.93011096348755,0.36,0.88,54.9,45.1
2023-08-05,Concarneau,Bastia,0.0,0.0,3.0,1.0,10.0,7.0,5.0,6.0,0.0,3.0,0.0,0.0,2.88,3.2,2.4,2.42,1.53,0.25,1.75,2.06,3.25,2.97,2.57,,Ligue 2,,20230805_Concarneau_Bastia,-36.82613153516968,2.56,0.78,54.6,45.4
2023-08-05,Dunkerque,Troyes,2.0,2.0,5.0,7.0,11.0,7.0,4.0,4.0,2.0,1.0,0.0,0.0,2.63,3.2,2.63,1.91,1.85,0.0,1.95,1.85,2.84,3.32,2.63,,Ligue 2,,20230805_Dunkerque_Troyes,-257.5415274899665,1.21,1.79,46.1,53.9
2023-08-05,Laval,Angers,1.0,0.0,5.0,2.0,8.0,4.0,3.0,4.0,1.0,3.0,0.0,0.0,2.55,3.2,2.7,2.34,1.57,0.0,1.86,1.94,2.78,3.0,2.93,,Ligue 2,,20230805_Laval_Angers,-32.89612325224016,1.39,1.21,50.8,49.2
2023-08-05,Paris FC,Caen,0.0,2.0,0.0,5.0,2.0,7.0,2.0,6.0,2.0,2.0,1.0,0.0,2.63,3.25,2.6,2.02,1.75,0.25,1.95,1.84,3.63,3.29,2.2,,Ligue 2,,20230805_Paris-FC_Caen,26.58117668762452,0.42,0.72,53.4,46.6
2023-08-05,St Etienne,Grenoble,0.0,1.0,4.0,5.0,13.0,8.0,6.0,1.0,2.0,1.0,0.0,0.0,1.6,3.75,5.25,1.71,2.1,-1.0,1.88,1.92,1.53,4.2,6.74,,Ligue 2,,20230805_St-Etienne_Grenoble,79.81129091470848,0.51,1.44,55.0,45.0
2023-08-05,Valenciennes,Auxerre,1.0,4.0,5.0,6.0,7.0,13.0,6.0,7.0,1.0,1.0,0.0,0.0,3.4,3.25,2.05,2.1,1.7,0.5,1.84,1.94,4.05,3.52,1.99,,Ligue 2,,20230805_Valenciennes_Auxerre,-162.9673465224571,2.11,1.2,51.2,48.8
2023-08-07,Pau FC,Bordeaux,3.0,0.0,4.0,6.0,3.0,9.0,2.0,8.0,2.0,0.0,0.0,0.0,3.8,3.25,1.95,2.11,1.7,0.5,1.88,1.91,4.3,3.47,1.94,,Ligue 2,,20230807_Pau-FC_Bordeaux,-91.48058388957088,0.53,1.33,41.0,59.0
2023-08-12,Angers,Annecy,0.0,0.0,1.0,2.0,11.0,3.0,8.0,3.0,2.0,2.0,0.0,0.0,1.67,3.5,5.0,2.16,1.67,-0.75,1.83,1.97,1.69,3.77,5.49,,Ligue 2,,20230812_Angers_Annecy,19.250571304301275,0.45,0.84,46.1,53.9
2023-08-12,Auxerre,Amiens,0.0,1.0,0.0,1.0,15.0,6.0,6.0,5.0,0.0,1.0,0.0,0.0,1.67,3.6,4.75,1.87,1.89,-0.75,1.9,1.9,1.74,3.75,5.16,,Ligue 2,,20230812_Auxerre_Amiens,178.98413505253484,0.56,1.0,55.0,45.0
2023-08-12,Bastia,Valenciennes,3.0,0.0,7.0,1.0,8.0,2.0,5.0,5.0,0.0,2.0,0.0,0.0,1.73,3.5,4.5,2.26,1.61,-0.75,1.9,1.9,1.74,3.53,5.59,,Ligue 2,,20230812_Bastia_Valenciennes,78.96205910219078,0.64,1.51,51.0,49.0
2023-08-12,Caen,Pau FC,2.0,0.0,5.0,2.0,18.0,5.0,8.0,3.0,0.0,2.0,0.0,1.0,1.65,3.5,5.25,1.97,1.8,-0.75,1.81,2.0,1.64,3.85,5.96,,Ligue 2,,20230812_Caen_Pau-FC,42.44527424415719,1.44,0.05,54.3,45.7
2023-08-12,Grenoble,Paris FC,2.0,0.0,7.0,3.0,4.0,0.0,5.0,6.0,1.0,2.0,0.0,1.0,2.38,3.2,2.8,2.07,1.72,-0.25,1.87,1.93,2.23,3.34,3.5,,Ligue 2,,20230812_Grenoble_Paris-FC,-58.40674991299102,1.1,0.52,47.0,53.0
2023-08-12,Guingamp,Dunkerque,0.0,1.0,3.0,5.0,13.0,4.0,7.0,1.0,4.0,3.0,0.0,0.0,1.75,3.5,4.33,1.99,1.78,-0.5,1.89,1.89,1.94,3.54,4.18,,Ligue 2,,20230812_Guingamp_Dunkerque,165.22271577025617,1.24,1.15,60.6,39.4
2023-08-12,Quevilly Rouen,Ajaccio,0.0,1.0,2.0,3.0,2.0,0.0,3.0,0.0,2.0,1.0,0.0,0.0,2.4,3.0,2.88,2.66,1.45,-0.25,1.93,1.87,2.36,2.99,3.62,,Ligue 2,,20230812_Quevilly-Rouen_Ajaccio,-143.81162955521927,0.35,1.34,44.2,55.8
2023-08-12,Rodez,St Etienne,2.0,1.0,7.0,8.0,14.0,7.0,10.0,2.0,0.0,2.0,0.0,0.0,3.6,3.5,1.91,1.82,1.95,0.25,2.05,1.77,3.64,3.41,2.15,,Ligue 2,,20230812_Rodez_St-Etienne,-43.48316076671972,1.47,1.18,48.1,51.9
2023-08-12,Troyes,Laval,3.0,1.0,6.0,3.0,3.0,16.0,5.0,7.0,1.0,1.0,0.0,0.0,1.91,3.3,3.75,2.07,1.73,-0.25,1.91,1.89,2.29,3.32,3.37,,Ligue 2,,20230812_Troyes_Laval,143.47890340432286,1.42,0.18,51.0,49.0
2023-08-14,Bordeaux,Concarneau,1.0,0.0,5.0,4.0,11.0,6.0,8.0,5.0,2.0,1.0,0.0,0.0,1.62,3.6,5.0,1.97,1.81,-1.0,2.03,1.78,1.69,3.86,5.37,,Ligue 2,,20230814_Bordeaux_Concarneau,55.30275945574408,2.06,0.96,53.9,46.1
2023-08-19,Amiens,Bastia,2.0,1.0,6.0,4.0,11.0,7.0,12.0,2.0,3.0,2.0,0.0,1.0,2.5,3.2,2.8,2.22,1.63,-0.25,1.98,1.83,2.44,3.11,3.31,,Ligue 2,,20230819_Amiens_Bastia,-73.10865510304006,0.71,0.77,47.6,52.4
2023-08-19,Angers,Auxerre,2.0,2.0,5.0,5.0,7.0,8.0,3.0,3.0,3.0,0.0,0.0,1.0,2.75,3.25,2.5,2.11,1.7,0.0,1.86,1.94,2.62,3.21,2.94,,Ligue 2,,20230819_Angers_Auxerre,-129.1752984330119,0.87,1.14,43.7,56.3
2023-08-19,Annecy,Dunkerque,3.0,0.0,4.0,2.0,7.0,2.0,4.0,3.0,3.0,1.0,0.0,0.0,2.7,3.2,2.63,2.25,1.61,0.0,1.91,1.89,2.82,3.09,2.82,,Ligue 2,,20230819_Annecy_Dunkerque,69.67690655674073,0.5,0.47,46.9,53.1
2023-08-19,Concarneau,Caen,0.0,2.0,4.0,3.0,10.0,8.0,2.0,2.0,1.0,1.0,0.0,0.0,3.2,3.3,2.2,2.05,1.74,0.25,2.03,1.78,3.82,3.53,2.04,,Ligue 2,,20230819_Concarneau_Caen,-57.09173221064975,0.37,1.94,47.2,52.8
2023-08-19,Grenoble,Troyes,0.0,0.0,7.0,1.0,11.0,5.0,14.0,5.0,1.0,1.0,0.0,1.0,2.3,3.3,3.0,1.89,1.87,-0.25,1.87,1.93,2.21,3.53,3.36,,Ligue 2,,20230819_Grenoble_Troyes,-136.97159347989918,1.43,1.45,40.9,59.1
2023-08-19,Laval,Rodez,1.0,0.0,4.0,1.0,5.0,6.0,2.0,3.0,2.0,0.0,0.0,0.0,2.0,3.3,3.75,2.19,1.64,-0.25,1.83,1.98,2.2,3.29,3.63,,Ligue 2,,20230819_Laval_Rodez,-27.52909238194229,0.05,1.07,43.7,56.3
2023-08-19,Pau FC,Paris FC,2.0,0.0,3.0,5.0,6.0,9.0,1.0,2.0,2.0,1.0,0.0,0.0,2.45,3.2,2.9,2.2,1.64,0.0,1.79,2.01,2.66,3.06,3.03,,Ligue 2,,20230819_Pau-FC_Paris-FC,-39.73659777585908,1.3,0.05,39.8,60.2
2023-08-19,St Etienne,Quevilly Rouen,2.0,1.0,2.0,1.0,3.0,9.0,3.0,5.0,0.0,3.0,0.0,0.0,1.7,3.75,5.0,1.86,1.9,-0.5,1.88,1.91,1.93,3.57,4.21,,Ligue 2,,20230819_St-Etienne_Quevilly-Rouen,65.67331790814546,1.58,1.02,59.0,41.0
2023-08-19,Valenciennes,Guingamp,0.0,0.0,3.0,3.0,6.0,3.0,3.0,7.0,3.0,2.0,0.0,0.0,3.4,3.3,2.15,2.34,1.57,0.25,1.83,1.98,3.46,2.95,2.47,,Ligue 2,,20230819_Valenciennes_Guingamp,-81.92437978475164,0.31,1.13,47.0,53.0
2023-08-21,Ajaccio,Bordeaux,0.0,0.0,2.0,4.0,7.0,11.0,1.0,4.0,4.0,3.0,1.0,0.0,2.7,3.0,2.8,2.22,1.63,0.25,1.82,1.99,3.22,3.19,2.44,,Ligue 2,,20230821_Ajaccio_Bordeaux,43.011982380077825,0.62,0.56,52.8,47.2
2023-08-26,Auxerre,Grenoble,0.0,0.0,2.0,4.0,13.0,3.0,4.0,3.0,2.0,2.0,0.0,0.0,1.83,3.5,4.2,1.87,1.91,-0.75,2.01,1.8,1.81,3.73,4.63,,Ligue 2,,20230826_Auxerre_Grenoble,112.55931662984949,1.25,0.37,51.1,48.9
2023-08-26,Bastia,Troyes,3.0,2.0,6.0,6.0,18.0,3.0,6.0,2.0,2.0,1.0,1.0,1.0,2.05,3.4,3.6,1.88,1.9,-0.5,1.92,1.87,1.97,3.62,3.98,,Ligue 2,,20230826_Bastia_Troyes,-96.13442763850799,1.36,0.51,40.9,59.1
2023-08-26,Bordeaux,Amiens,2.0,0.0,7.0,2.0,10.0,10.0,6.0,5.0,5.0,1.0,0.0,0.0,1.73,3.6,4.5,1.77,2.02,-0.75,1.89,1.91,1.73,3.9,4.94,,Ligue 2,,20230826_Bordeaux_Amiens,81.89636011963808,0.26,0.83,47.1,52.9
2023-08-26,Caen,Ajaccio,3.0,0.0,4.0,2.0,6.0,3.0,7.0,4.0,1.0,2.0,0.0,0.0,1.75,3.25,5.25,2.21,1.64,-0.5,1.81,1.98,1.84,3.45,4.94,,Ligue 2,,20230826_Caen_Ajaccio,-49.911051671293535,0.65,0.25,49.7,50.3
2023-08-26,Dunkerque,Angers,0.0,1.0,9.0,3.0,5.0,4.0,3.0,4.0,3.0,2.0,0.0,0.0,2.7,3.2,2.6,2.08,1.73,0.0,2.03,1.78,2.96,3.28,2.56,,Ligue 2,,20230826_Dunkerque_Angers,-101.49099577264519,0.88,1.42,49.5,50.5
2023-08-26,Guingamp,Pau FC,4.0,0.0,9.0,6.0,14.0,7.0,6.0,2.0,3.0,2.0,0.0,0.0,1.85,3.4,4.33,2.1,1.71,-0.75,1.96,1.85,1.75,3.66,5.18,,Ligue 2,,20230826_Guingamp_Pau-FC,28.33246354113271,1.28,1.2,41.3,58.7
2023-08-26,Paris FC,Concarneau,3.0,0.0,6.0,4.0,7.0,9.0,3.0,8.0,1.0,0.0,0.0,0.0,2.25,3.4,3.1,2.16,1.67,0.0,1.77,2.05,2.48,3.27,3.08,,Ligue 2,,20230826_Paris-FC_Concarneau,29.979751070727843,0.56,1.44,53.3,46.7
2023-08-26,Quevilly Rouen,Laval,0.0,0.0,2.0,2.0,5.0,9.0,4.0,6.0,1.0,1.0,0.0,0.0,2.2,3.3,3.2,2.5,1.51,-0.5,2.01,1.79,2.07,3.1,4.39,,Ligue 2,,20230826_Quevilly-Rouen_Laval,-44.35638432999349,0.76,1.13,44.7,55.3
2023-08-26,Rodez,Valenciennes,0.0,1.0,7.0,4.0,12.0,6.0,7.0,1.0,2.0,3.0,0.0,0.0,1.95,3.4,4.0,2.41,1.55,-0.5,1.96,1.83,2.01,3.21,4.45,,Ligue 2,,20230826_Rodez_Valenciennes,37.45239559825541,0.75,0.7,50.4,49.6
2023-08-28,Annecy,St Etienne,1.0,1.0,5.0,4.0,12.0,6.0,3.0,3.0,2.0,2.0,0.0,0.0,3.75,3.4,2.05,1.91,1.85,0.25,1.88,1.91,3.25,3.53,2.26,,Ligue 2,,20230828_Annecy_St-Etienne,-48.80499610517086,0.51,0.66,57.0,43.0
2023-09-02,Ajaccio,Dunkerque,2.0,2.0,3.0,4.0,7.0,6.0,2.0,5.0,3.0,1.0,1.0,0.0,1.83,3.4,4.5,2.4,1.55,-0.5,1.94,1.84,2.0,3.19,4.5,,Ligue 2,,20230902_Ajaccio_Dunkerque,214.10997944083078,0.7,0.93,56.9,43.1
2023-09-02,Amiens,Guingamp,4.0,1.0,7.0,4.0,4.0,8.0,2.0,4.0,1.0,4.0,0.0,0.0,2.3,3.4,3.1,2.18,1.66,-0.25,1.97,1.84,2.4,3.12,3.37,,Ligue 2,,20230902_Amiens_Guingamp,-60.41298364227214,1.45,1.24,45.0,55.0
2023-09-02,Angers,Paris FC,2.0,0.0,4.0,3.0,7.0,6.0,5.0,4.0,1.0,2.0,0.0,0.0,1.95,3.5,3.8,2.25,1.62,-0.5,1.94,1.85,1.99,3.35,4.27,,Ligue 2,,20230902_Angers_Paris-FC,-23.001711860498972,0.5,0.09,45.3,54.7
2023-09-02,Bordeaux,Auxerre,2.0,4.0,9.0,6.0,11.0,9.0,3.0,11.0,2.0,2.0,0.0,0.0,1.91,3.5,3.8,1.85,1.92,-0.25,1.82,1.98,2.19,3.53,3.4,,Ligue 2,,20230902_Bordeaux_Auxerre,-29.97789439275266,0.81,1.65,50.6,49.4
2023-09-02,Concarneau,Annecy,1.0,1.0,2.0,7.0,8.0,10.0,4.0,1.0,5.0,4.0,0.0,1.0,2.15,3.3,3.4,2.14,1.68,-0.25,1.93,1.87,2.32,3.35,3.29,,Ligue 2,,20230902_Concarneau_Annecy,-9.432163996514646,1.36,1.05,49.9,50.1
2023-09-02,Grenoble,Bastia,0.0,0.0,3.0,1.0,19.0,10.0,8.0,3.0,0.0,1.0,0.0,0.0,2.3,3.2,3.2,2.22,1.63,-0.25,1.82,1.98,2.17,3.27,3.75,,Ligue 2,,20230902_Grenoble_Bastia,-43.31803623385326,0.73,1.18,49.5,50.5
2023-09-02,Laval,Caen,2.0,1.0,3.0,2.0,6.0,3.0,3.0,2.0,2.0,3.0,0.0,0.0,3.3,3.25,2.2,2.24,1.62,0.25,1.82,1.99,3.27,3.19,2.42,,Ligue 2,,20230902_Laval_Caen,-87.65719610220572,0.36,0.73,45.9,54.1
2023-09-02,Pau FC,Rodez,2.0,2.0,3.0,8.0,7.0,9.0,4.0,5.0,4.0,3.0,0.0,0.0,2.63,3.25,2.6,2.19,1.65,0.0,1.99,1.81,2.97,3.1,2.68,,Ligue 2,,20230902_Pau-FC_Rodez,12.847964931085244,0.67,0.71,57.4,42.6
2023-09-02,St Etienne,Valenciennes,0.0,0.0,1.0,3.0,10.0,6.0,4.0,4.0,7.0,3.0,0.0,0.0,1.6,3.8,5.75,1.77,2.01,-1.0,1.84,1.96,1.52,4.38,6.63,,Ligue 2,,20230902_St-Etienne_Valenciennes,61.69138915802341,1.06,0.76,51.1,48.9
2023-09-02,Troyes,Quevilly Rouen,2.0,2.0,4.0,3.0,6.0,7.0,5.0,7.0,2.0,1.0,0.0,0.0,2.25,3.3,3.0,2.03,1.75,0.0,2.02,1.79,2.97,3.2,2.61,,Ligue 2,,20230902_Troyes_Quevilly-Rouen,168.24077996749793,1.2,1.22,53.4,46.6
2023-09-16,Annecy,Troyes,0.0,0.0,0.0,3.0,15.0,4.0,10.0,4.0,1.0,0.0,0.0,0.0,2.38,3.3,3.0,1.98,1.8,-0.25,1.91,1.88,2.27,3.39,3.36,,Ligue 2,,20230916_Annecy_Troyes,-126.6349634741789,0.73,0.34,47.5,52.5
2023-09-16,Auxerre,Pau FC,2.0,2.0,6.0,4.0,18.0,2.0,13.0,4.0,2.0,3.0,0.0,0.0,1.5,4.2,6.5,1.67,2.16,-1.25,1.93,1.88,1.43,4.73,7.97,,Ligue 2,,20230916_Auxerre_Pau-FC,131.69693503744816,0.85,0.66,54.8,45.2
2023-09-16,Bastia,Laval,0.0,3.0,3.0,4.0,5.0,5.0,5.0,6.0,2.0,2.0,0.0,0.0,2.1,3.1,3.75,2.32,1.58,-0.25,2.02,1.8,2.42,3.1,3.36,,Ligue 2,,20230916_Bastia_Laval,44.82037502638855,0.83,1.63,50.1,49.9
2023-09-16,Caen,St Etienne,1.0,2.0,6.0,3.0,8.0,5.0,3.0,1.0,3.0,1.0,0.0,0.0,1.91,3.6,3.8,1.9,1.87,-0.5,2.0,1.78,2.06,3.49,3.8,,Ligue 2,,20230916_Caen_St-Etienne,34.11816784202688,0.79,0.88,62.9,37.1
2023-09-16,Dunkerque,Grenoble,0.0,0.0,4.0,5.0,1.0,13.0,3.0,6.0,2.0,2.0,1.0,0.0,2.63,3.25,2.63,2.15,1.67,0.0,1.84,1.97,2.7,3.11,2.93,,Ligue 2,,20230916_Dunkerque_Grenoble,-116.82789583107888,1.02,1.6,50.1,49.9
2023-09-16,Paris FC,Amiens,3.0,0.0,3.0,3.0,9.0,10.0,3.0,8.0,2.0,2.0,0.0,0.0,2.7,3.2,2.63,2.14,1.68,0.0,1.88,1.93,2.77,3.2,2.78,,Ligue 2,,20230916_Paris-FC_Amiens,18.16851608312345,1.97,0.31,52.1,47.9
2023-09-16,Quevilly Rouen,Concarneau,2.0,3.0,8.0,6.0,15.0,3.0,7.0,1.0,1.0,1.0,0.0,0.0,1.91,3.3,4.2,2.19,1.65,-0.5,1.85,1.94,1.93,3.37,4.54,,Ligue 2,,20230916_Quevilly-Rouen_Concarneau,-22.033933538827796,0.24,1.51,44.8,55.2
2023-09-16,Rodez,Angers,4.0,1.0,5.0,3.0,8.0,6.0,3.0,4.0,2.0,2.0,0.0,0.0,2.88,3.2,2.5,2.23,1.63,0.0,1.99,1.82,2.97,3.01,2.75,,Ligue 2,,20230916_Rodez_Angers,-37.190284757539985,1.09,0.5,37.6,62.4
2023-09-16,Valenciennes,Bordeaux,1.0,2.0,3.0,5.0,8.0,8.0,3.0,5.0,3.0,2.0,0.0,0.0,4.2,3.4,1.91,2.11,1.69,0.25,2.04,1.78,3.78,3.27,2.16,,Ligue 2,,20230916_Valenciennes_Bordeaux,-100.95574995251081,0.46,1.01,47.8,52.2
2023-09-18,Guingamp,Ajaccio,3.0,0.0,5.0,4.0,7.0,11.0,3.0,6.0,0.0,1.0,0.0,0.0,2.3,3.1,3.3,2.55,1.49,-0.25,1.83,1.98,2.21,3.02,4.0,,Ligue 2,,20230918_Guingamp_Ajaccio,-64.53343117013173,1.76,0.69,44.0,56.0
2023-09-23,Ajaccio,Paris FC,2.0,1.0,4.0,1.0,7.0,5.0,4.0,4.0,2.0,2.0,0.0,0.0,1.91,3.4,4.2,2.39,1.55,-0.25,1.78,2.03,2.14,3.16,3.99,,Ligue 2,,20230923_Ajaccio_Paris-FC,53.0695989088631,0.38,0.84,51.0,49.0
2023-09-23,Amiens,Valenciennes,0.0,0.0,4.0,3.0,8.0,5.0,4.0,5.0,3.0,3.0,0.0,0.0,1.65,3.75,5.25,2.05,1.75,-0.5,1.8,2.0,1.81,3.53,4.98,,Ligue 2,,20230923_Amiens_Valenciennes,22.882056416466867,1.22,0.17,49.8,50.2
2023-09-23,Angers,Bastia,2.0,0.0,7.0,3.0,3.0,6.0,9.0,3.0,1.0,3.0,0.0,1.0,2.0,3.4,4.0,2.15,1.67,-0.5,1.99,1.8,2.02,3.3,4.24,,Ligue 2,,20230923_Angers_Bastia,-32.024987499049075,0.69,0.31,56.8,43.2
2023-09-23,Concarneau,St Etienne,0.0,1.0,3.0,4.0,6.0,12.0,5.0,9.0,1.0,1.0,0.0,0.0,3.2,3.2,2.25,1.85,1.92,0.25,1.96,1.84,3.36,3.52,2.21,,Ligue 2,,20230923_Concarneau_St-Etienne,-54.3881381049257,0.58,2.54,46.9,53.1
2023-09-23,Dunkerque,Rodez,1.0,2.0,3.0,5.0,12.0,9.0,6.0,2.0,1.0,2.0,0.0,0.0,2.45,3.1,3.1,2.14,1.67,-0.25,2.01,1.8,2.44,3.11,3.32,,Ligue 2,,20230923_Dunkerque_Rodez,-97.0839132918843,0.98,1.5,50.0,50.0
2023-09-23,Grenoble,Quevilly Rouen,2.0,1.0,4.0,5.0,6.0,6.0,4.0,1.0,1.0,2.0,0.0,0.0,2.5,3.2,2.8,2.34,1.58,-0.25,1.92,1.88,2.3,3.14,3.57,,Ligue 2,,20230923_Grenoble_Quevilly-Rouen,62.70790459128034,0.89,1.3,59.7,40.3
2023-09-23,Laval,Guingamp,2.0,1.0,6.0,6.0,9.0,7.0,6.0,3.0,1.0,2.0,0.0,0.0,2.5,3.1,2.9,2.41,1.54,-0.25,1.97,1.84,2.39,3.02,3.53,,Ligue 2,,20230923_Laval_Guingamp,-24.727582534614612,0.91,1.44,45.7,54.3
2023-09-23,Pau FC,Annecy,0.0,3.0,4.0,5.0,8.0,4.0,7.0,4.0,5.0,1.0,0.0,0.0,2.7,3.4,2.5,2.21,1.64,0.0,1.86,1.94,2.68,3.16,2.91,,Ligue 2,,20230923_Pau-FC_Annecy,7.522370449838718,0.61,0.75,51.0,49.0
2023-09-23,Troyes,Auxerre,1.0,2.0,4.0,5.0,6.0,14.0,3.0,14.0,2.0,2.0,0.0,0.0,3.25,3.5,2.1,1.71,2.1,0.5,1.93,1.86,4.19,3.92,1.85,,Ligue 2,,20230923_Troyes_Auxerre,-12.27887753633172,1.03,1.6,47.7,52.3
2023-09-26,Amiens,Ajaccio,0.0,0.0,0.0,2.0,7.0,4.0,3.0,3.0,2.0,5.0,0.0,0.0,2.05,3.3,3.6,2.5,1.51,-0.25,1.93,1.85,2.38,3.01,3.57,,Ligue 2,,20230926_Amiens_Ajaccio,-104.95456308233724,0.05,1.19,45.8,54.2
2023-09-26,Auxerre,Annecy,4.0,0.0,5.0,1.0,6.0,4.0,3.0,5.0,0.0,1.0,0.0,0.0,1.55,4.2,5.5,1.68,2.14,-1.25,1.98,1.82,1.46,4.63,7.22,,Ligue 2,,20230926_Auxerre_Annecy,129.85035115870164,2.06,0.31,59.7,40.3
2023-09-26,Bastia,Pau FC,1.0,4.0,2.0,10.0,8.0,7.0,10.0,3.0,2.0,3.0,1.0,0.0,1.73,3.75,4.75,1.99,1.79,-0.75,1.99,1.81,1.79,3.7,4.79,,Ligue 2,,20230926_Bastia_Pau-FC,38.78894636274549,1.76,1.4,51.1,48.9
2023-09-26,Caen,Grenoble,1.0,2.0,1.0,4.0,9.0,6.0,3.0,3.0,0.0,3.0,0.0,0.0,1.91,3.4,4.0,2.14,1.69,-0.5,1.83,1.96,1.85,3.54,4.67,,Ligue 2,,20230926_Caen_Grenoble,34.10570758074414,1.88,0.61,51.2,48.8
2023-09-26,Guingamp,Bordeaux,0.0,0.0,2.0,3.0,9.0,11.0,2.0,4.0,1.0,1.0,0.0,0.0,2.75,3.2,2.63,2.08,1.72,0.0,1.93,1.86,2.83,3.2,2.72,,Ligue 2,,20230926_Guingamp_Bordeaux,-50.28436771537122,0.63,0.8,39.9,60.1
2023-09-26,Paris FC,Laval,0.0,1.0,4.0,2.0,11.0,9.0,9.0,3.0,1.0,1.0,0.0,0.0,2.8,3.0,2.75,2.26,1.61,0.0,1.77,2.05,2.7,2.98,3.05,,Ligue 2,,20230926_Paris-FC_Laval,-15.249615112081756,0.9,0.67,44.5,55.5
2023-09-26,Quevilly Rouen,Angers,0.0,1.0,1.0,3.0,11.0,3.0,2.0,5.0,3.0,4.0,1.0,0.0,2.7,3.1,2.75,2.34,1.58,0.0,1.97,1.83,2.96,3.05,2.72,,Ligue 2,,20230926_Quevilly-Rouen_Angers,-84.33447996136556,0.72,1.18,40.1,59.9
2023-09-26,Rodez,Troyes,2.0,1.0,5.0,3.0,14.0,4.0,8.0,3.0,1.0,2.0,0.0,0.0,1.91,3.6,3.75,1.84,1.93,-0.25,1.84,1.95,2.15,3.58,3.46,,Ligue 2,,20230926_Rodez_Troyes,-93.44911712581097,0.84,2.15,41.4,58.6
2023-09-26,Valenciennes,Concarneau,0.0,1.0,2.0,3.0,17.0,6.0,4.0,8.0,3.0,4.0,0.0,0.0,2.25,3.2,3.1,2.27,1.61,-0.25,1.93,1.87,2.29,3.2,3.51,,Ligue 2,,20230926_Valenciennes_Concarneau,-13.942785710474027,0.17,0.83,48.8,51.2
2023-09-30,Angers,Concarneau,2.0,0.0,7.0,6.0,7.0,5.0,12.0,5.0,1.0,2.0,0.0,0.0,1.75,3.5,4.75,2.05,1.75,-0.75,1.83,1.98,1.66,3.78,5.84,,Ligue 2,,20230930_Angers_Concarneau,37.72428291859433,1.2,0.05,46.2,53.8
2023-09-30,Annecy,Paris FC,2.0,2.0,5.0,2.0,4.0,9.0,7.0,6.0,4.0,2.0,0.0,0.0,2.3,3.25,3.1,2.18,1.66,0.0,1.95,1.85,2.88,3.14,2.72,,Ligue 2,,20230930_Annecy_Paris-FC,-10.99567192464383,0.05,0.59,48.6,51.4
2023-09-30,Auxerre,Rodez,3.0,1.0,4.0,1.0,11.0,6.0,5.0,7.0,1.0,3.0,0.0,0.0,1.53,3.8,6.5,1.65,2.19,-1.0,1.95,1.85,1.61,4.24,5.61,,Ligue 2,,20230930_Auxerre_Rodez,121.4410814637422,1.84,0.91,59.4,40.6
2023-09-30,Caen,Guingamp,0.0,1.0,1.0,7.0,6.0,7.0,6.0,5.0,1.0,2.0,0.0,0.0,1.95,3.3,4.0,2.27,1.61,-0.5,2.0,1.8,2.06,3.27,4.13,,Ligue 2,,20230930_Caen_Guingamp,4.239307779425644,0.58,1.23,49.1,50.9
2023-09-30,Dunkerque,Quevilly Rouen,0.0,1.0,3.0,6.0,8.0,10.0,9.0,12.0,0.0,0.0,0.0,0.0,2.38,3.3,3.0,2.21,1.64,0.0,1.8,2.0,2.7,3.08,2.97,,Ligue 2,,20230930_Dunkerque_Quevilly-Rouen,-36.071843461812705,0.72,2.09,50.2,49.8
2023-09-30,Grenoble,Bordeaux,2.0,0.0,8.0,4.0,2.0,11.0,2.0,8.0,2.0,2.0,0.0,0.0,2.63,3.2,2.7,2.11,1.7,0.0,1.97,1.83,2.87,3.2,2.69,,Ligue 2,,20230930_Grenoble_Bordeaux,-50.35289754111204,1.63,0.8,52.5,47.5
2023-09-30,Laval,Valenciennes,1.0,0.0,8.0,2.0,9.0,5.0,4.0,4.0,1.0,1.0,0.0,0.0,1.73,3.4,5.0,2.38,1.56,-0.5,1.8,1.99,1.85,3.35,5.07,,Ligue 2,,20230930_Laval_Valenciennes,91.06827827573238,1.65,0.35,61.0,39.0
2023-09-30,Pau FC,Amiens,1.0,0.0,6.0,7.0,9.0,7.0,4.0,3.0,2.0,0.0,0.0,0.0,2.88,3.1,2.5,2.08,1.73,0.25,1.79,2.02,3.17,3.23,2.45,,Ligue 2,,20230930_Pau-FC_Amiens,9.584621630469655,0.52,0.53,49.0,51.0
2023-09-30,Troyes,St Etienne,0.0,1.0,4.0,5.0,16.0,6.0,11.0,4.0,1.0,1.0,0.0,0.0,3.3,3.5,2.1,1.67,2.15,0.25,2.02,1.79,3.43,3.68,2.12,,Ligue 2,,20230930_Troyes_St-Etienne,28.732958668185574,0.96,1.14,56.6,43.4
2023-10-02,Ajaccio,Bastia,2.0,0.0,3.0,2.0,8.0,5.0,4.0,3.0,0.0,1.0,0.0,1.0,2.25,3.0,3.3,2.85,1.4,-0.25,1.92,1.87,2.42,2.75,3.91,,Ligue 2,,20231002_Ajaccio_Bastia,76.21212762268533,0.66,0.05,54.4,45.6
2023-10-03,Bordeaux,Caen,1.0,1.0,8.0,2.0,11.0,5.0,4.0,4.0,3.0,1.0,0.0,0.0,2.15,3.3,3.3,2.03,1.75,-0.5,2.01,1.78,2.06,3.37,3.97,,Ligue 2,,20231003_Bordeaux_Caen,41.01495089976538,0.88,0.81,45.3,54.7
2023-10-04,St Etienne,Dunkerque,2.0,0.0,4.0,4.0,16.0,11.0,9.0,6.0,1.0,3.0,0.0,0.0,1.67,3.75,5.0,1.67,2.16,-1.0,1.96,1.83,1.61,4.19,5.65,,Ligue 2,,20231004_St-Etienne_Dunkerque,187.85976510288788,1.56,1.99,47.5,52.5
2023-10-07,Amiens,Angers,1.0,4.0,7.0,6.0,10.0,9.0,11.0,3.0,4.0,4.0,1.0,1.0,2.38,3.2,3.0,2.35,1.57,0.0,1.85,1.94,2.79,3.03,2.9,,Ligue 2,,20231007_Amiens_Angers,-60.734629611344644,1.03,1.73,49.8,50.2
2023-10-07,Bastia,Annecy,2.0,1.0,2.0,2.0,4.0,7.0,4.0,4.0,3.0,3.0,0.0,0.0,1.95,3.4,4.0,2.2,1.65,-0.25,1.83,1.97,2.21,3.31,3.6,,Ligue 2,,20231007_Bastia_Annecy,6.381690393535564,0.68,0.7,50.6,49.4
2023-10-07,Bordeaux,Laval,0.0,1.0,5.0,3.0,13.0,4.0,7.0,4.0,1.0,3.0,0.0,0.0,1.85,3.5,4.2,2.07,1.73,-0.5,1.88,1.9,1.92,3.59,4.26,,Ligue 2,,20231007_Bordeaux_Laval,12.046501901782676,1.0,0.91,53.4,46.6
2023-10-07,Concarneau,Dunkerque,4.0,3.0,6.0,3.0,7.0,9.0,3.0,2.0,2.0,4.0,0.0,0.0,2.3,3.25,3.0,2.01,1.78,-0.25,2.02,1.78,2.47,3.31,3.06,,Ligue 2,,20231007_Concarneau_Dunkerque,107.10238942704086,1.3,0.39,52.9,47.1
2023-10-07,Guingamp,Grenoble,2.0,2.0,8.0,2.0,5.0,4.0,6.0,3.0,0.0,1.0,0.0,0.0,2.2,3.2,3.3,2.22,1.63,-0.25,1.91,1.88,2.34,3.1,3.53,,Ligue 2,,20231007_Guingamp_Grenoble,1.937359854264514,1.96,0.84,54.2,45.8
2023-10-07,Paris FC,Auxerre,0.0,2.0,3.0,4.0,15.0,3.0,10.0,2.0,2.0,0.0,0.0,0.0,3.75,3.5,1.95,1.76,2.04,0.5,1.8,1.99,3.69,3.74,2.02,,Ligue 2,,20231007_Paris-FC_Auxerre,-142.62857121985985,0.8,0.77,45.1,54.9
2023-10-07,Quevilly Rouen,Pau FC,2.0,2.0,4.0,2.0,15.0,2.0,3.0,0.0,1.0,3.0,0.0,1.0,1.83,3.5,4.2,2.03,1.75,-0.5,1.88,1.9,1.96,3.51,4.16,,Ligue 2,,20231007_Quevilly-Rouen_Pau-FC,-74.7522851430931,1.45,1.44,48.3,51.7
2023-10-07,Rodez,Caen,5.0,3.0,8.0,4.0,11.0,7.0,6.0,7.0,3.0,3.0,0.0,0.0,2.8,3.2,2.55,2.14,1.68,0.0,1.77,2.03,2.58,3.18,3.01,,Ligue 2,,20231007_Rodez_Caen,-16.102316412685013,1.68,2.08,50.9,49.1
2023-10-07,St Etienne,Ajaccio,0.0,0.0,1.0,2.0,7.0,3.0,4.0,3.0,2.0,2.0,0.0,0.0,2.05,3.3,3.8,2.39,1.55,-0.25,1.79,2.01,2.14,3.15,4.01,,Ligue 2,,20231007_St-Etienne_Ajaccio,-24.476581796712253,1.35,0.97,58.4,41.6
2023-10-07,Valenciennes,Troyes,1.0,1.0,7.0,2.0,14.0,2.0,7.0,2.0,3.0,3.0,0.0,0.0,2.45,3.4,2.8,2.04,1.75,-0.25,1.96,1.83,2.41,3.21,3.25,,Ligue 2,,20231007_Valenciennes_Troyes,-124.79054174047678,1.62,2.01,42.1,57.9
2023-10-21,Ajaccio,Pau FC,2.0,0.0,3.0,1.0,8.0,3.0,1.0,4.0,0.0,2.0,0.0,0.0,1.8,3.3,4.75,2.5,1.51,-0.5,1.79,2.01,1.83,3.36,5.21,,Ligue 2,,20231021_Ajaccio_Pau-FC,87.77155333796372,1.46,0.97,51.5,48.5
2023-10-21,Angers,Bordeaux,2.0,0.0,4.0,5.0,5.0,11.0,2.0,6.0,0.0,0.0,0.0,0.0,2.38,3.3,2.9,2.07,1.73,0.0,2.0,1.81,2.98,3.15,2.63,,Ligue 2,,20231021_Angers_Bordeaux,-4.293589661081569,1.96,1.22,50.1,49.9
2023-10-21,Annecy,Amiens,1.0,1.0,3.0,5.0,5.0,5.0,1.0,2.0,2.0,2.0,0.0,0.0,2.7,3.2,2.63,2.26,1.62,0.0,1.83,1.98,2.75,3.01,2.96,,Ligue 2,,20231021_Annecy_Amiens,15.72720410105012,0.67,1.73,49.8,50.2
2023-10-21,Caen,Auxerre,1.0,1.0,1.0,6.0,8.0,9.0,3.0,8.0,1.0,1.0,0.0,0.0,3.2,3.4,2.2,1.79,1.99,0.25,1.95,1.85,3.48,3.6,2.13,,Ligue 2,,20231021_Caen_Auxerre,-141.16444664735604,0.41,1.27,49.6,50.4
2023-10-21,Dunkerque,Paris FC,1.0,3.0,4.0,5.0,9.0,10.0,7.0,3.0,2.0,0.0,0.0,0.0,2.5,3.25,2.88,2.11,1.71,0.0,1.88,1.92,2.71,3.26,2.8,,Ligue 2,,20231021_Dunkerque_Paris-FC,-134.39675904687147,0.05,1.48,46.6,53.4
2023-10-21,Grenoble,Valenciennes,3.0,3.0,7.0,7.0,6.0,3.0,2.0,2.0,2.0,3.0,0.0,0.0,2.0,3.25,4.0,2.08,1.72,-0.75,1.87,1.94,1.68,3.76,5.77,,Ligue 2,,20231021_Grenoble_Valenciennes,95.4085491014946,1.43,0.88,51.8,48.2
2023-10-21,Guingamp,Quevilly Rouen,2.0,2.0,4.0,5.0,4.0,8.0,3.0,7.0,1.0,1.0,0.0,0.0,1.91,3.5,3.8,2.35,1.57,-0.25,1.86,1.95,2.26,3.15,3.64,,Ligue 2,,20231021_Guingamp_Quevilly-Rouen,107.03609041493269,1.48,1.42,54.0,46.0
2023-10-21,Rodez,Bastia,1.0,1.0,8.0,1.0,18.0,5.0,10.0,6.0,1.0,2.0,0.0,0.0,1.83,3.6,4.0,2.03,1.75,-0.5,1.88,1.91,1.91,3.43,4.55,,Ligue 2,,20231021_Rodez_Bastia,9.881443641960914,1.14,0.25,55.3,44.7
2023-10-21,Troyes,Concarneau,0.0,0.0,3.0,5.0,5.0,16.0,1.0,6.0,2.0,2.0,1.0,0.0,2.05,3.4,3.4,1.79,1.99,-0.25,1.76,2.06,2.05,3.67,3.66,,Ligue 2,,20231021_Troyes_Concarneau,77.0402401171425,0.98,1.27,43.8,56.2
2023-10-23,Laval,St Etienne,0.0,1.0,1.0,2.0,12.0,4.0,4.0,6.0,1.0,1.0,0.0,0.0,2.6,3.25,2.75,2.24,1.62,0.0,1.79,2.02,2.68,3.08,2.98,,Ligue 2,,20231023_Laval_St-Etienne,-7.625995925428924,0.68,0.63,55.7,44.3
2023-10-28,Amiens,Laval,0.0,0.0,4.0,5.0,4.0,5.0,2.0,5.0,2.0,1.0,0.0,0.0,2.4,3.2,2.9,2.36,1.56,-0.25,2.09,1.72,2.59,2.9,3.3,,Ligue 2,,20231028_Amiens_Laval,-85.38086825680807,1.38,2.19,54.6,45.4
2023-10-28,Auxerre,Dunkerque,0.0,1.0,6.0,2.0,18.0,6.0,12.0,6.0,1.0,3.0,0.0,0.0,1.44,5.0,6.5,1.54,2.4,-1.5,1.99,1.81,1.34,5.34,8.86,,Ligue 2,,20231028_Auxerre_Dunkerque,294.64403482874104,1.45,1.17,53.4,46.6
2023-10-28,Bastia,Guingamp,0.0,0.0,1.0,2.0,5.0,8.0,8.0,3.0,1.0,4.0,0.0,1.0,2.88,3.2,2.5,2.36,1.56,0.0,1.95,1.84,2.92,2.96,2.84,,Ligue 2,,20231028_Bastia_Guingamp,-28.079131777203884,1.19,1.41,47.6,52.4
2023-10-28,Bordeaux,Rodez,2.0,2.0,6.0,3.0,5.0,6.0,3.0,4.0,4.0,2.0,1.0,1.0,1.7,3.75,4.75,1.74,2.06,-0.75,1.86,1.92,1.71,4.02,4.89,,Ligue 2,,20231028_Bordeaux_Rodez,17.518395032040644,0.82,1.2,54.5,45.5
2023-10-28,Concarneau,Ajaccio,2.0,1.0,2.0,5.0,2.0,11.0,5.0,7.0,0.0,1.0,0.0,0.0,2.9,3.1,2.5,2.65,1.45,0.0,2.05,1.76,3.18,2.81,2.75,,Ligue 2,,20231028_Concarneau_Ajaccio,-114.54502541711304,0.78,1.47,47.9,52.1
2023-10-28,Paris FC,Troyes,2.0,2.0,3.0,3.0,12.0,5.0,6.0,3.0,1.0,0.0,0.0,0.0,1.95,3.5,3.8,1.8,1.97,-0.5,1.87,1.9,1.95,3.66,4.01,,Ligue 2,,20231028_Paris-FC_Troyes,-56.378603217701084,1.3,1.26,47.2,52.8
2023-10-28,Pau FC,Grenoble,3.0,2.0,7.0,4.0,8.0,3.0,5.0,4.0,2.0,2.0,0.0,0.0,3.2,3.2,2.25,2.1,1.7,0.25,1.91,1.87,3.54,3.23,2.27,,Ligue 2,,20231028_Pau-FC_Grenoble,-41.382223936415585,2.46,1.53,55.7,44.3
2023-10-28,Quevilly Rouen,Annecy,1.0,2.0,6.0,3.0,13.0,5.0,6.0,8.0,2.0,2.0,0.0,0.0,2.0,3.4,3.6,2.31,1.59,-0.5,1.98,1.8,2.04,3.24,4.23,,Ligue 2,,20231028_Quevilly-Rouen_Annecy,-40.963593417040784,0.27,1.26,45.0,55.0
2023-10-28,Valenciennes,Caen,2.0,2.0,4.0,4.0,5.0,10.0,5.0,7.0,0.0,2.0,0.0,0.0,2.9,3.2,2.45,2.14,1.68,0.0,1.97,1.83,2.91,3.09,2.74,,Ligue 2,,20231028_Valenciennes_Caen,-67.48885443260997,1.36,1.13,47.7,52.3
2023-10-30,St Etienne,Angers,2.0,0.0,10.0,3.0,10.0,11.0,5.0,11.0,2.0,1.0,0.0,0.0,2.38,3.5,2.8,2.09,1.71,0.0,1.77,2.03,2.6,3.16,3.02,,Ligue 2,,20231030_St-Etienne_Angers,24.293255189229285,1.28,0.72,50.3,49.7
2023-11-04,Angers,Valenciennes,2.0,0.0,6.0,2.0,3.0,3.0,8.0,1.0,5.0,3.0,0.0,0.0,1.6,3.75,6.0,2.09,1.72,-0.75,1.8,2.01,1.65,3.78,6.05,,Ligue 2,,20231104_Angers_Valenciennes,95.58986633298923,1.05,0.05,60.6,39.4
2023-11-04,Annecy,Laval,1.0,3.0,1.0,3.0,4.0,6.0,4.0,8.0,0.0,2.0,1.0,1.0,2.88,3.2,2.55,2.51,1.51,0.0,2.07,1.75,3.16,2.91,2.68,,Ligue 2,,20231104_Annecy_Laval,-57.25664515921699,0.85,1.47,55.3,44.7
2023-11-04,Bastia,Bordeaux,3.0,1.0,7.0,2.0,9.0,8.0,1.0,5.0,3.0,1.0,0.0,0.0,3.5,3.3,2.05,2.06,1.74,0.5,1.77,2.03,3.79,3.39,2.1,,Ligue 2,,20231104_Bastia_Bordeaux,-25.14517216347508,1.76,1.08,46.3,53.7
2023-11-04,Dunkerque,Amiens,0.0,1.0,5.0,2.0,13.0,3.0,7.0,5.0,0.0,4.0,0.0,0.0,2.9,3.1,2.55,2.05,1.74,0.25,1.79,2.02,3.19,3.28,2.41,,Ligue 2,,20231104_Dunkerque_Amiens,-94.7163863147689,0.76,0.53,48.9,51.1
2023-11-04,Grenoble,Ajaccio,0.0,3.0,5.0,3.0,7.0,3.0,5.0,0.0,1.0,3.0,0.0,0.0,2.1,3.1,3.8,2.7,1.44,-0.25,1.98,1.82,2.41,2.9,3.67,,Ligue 2,,20231104_Grenoble_Ajaccio,-62.05575294906794,0.83,1.83,52.4,47.6
2023-11-04,Quevilly Rouen,Rodez,3.0,1.0,4.0,3.0,8.0,2.0,6.0,4.0,2.0,0.0,0.0,0.0,2.38,3.2,3.0,1.98,1.81,-0.25,1.85,1.95,2.23,3.37,3.46,,Ligue 2,,20231104_Quevilly-Rouen_Rodez,-92.18381108633412,1.49,0.8,48.4,51.6
2023-11-04,St Etienne,Paris FC,0.0,1.0,1.0,5.0,10.0,10.0,9.0,8.0,0.0,3.0,0.0,0.0,1.91,3.4,4.0,1.9,1.87,-0.75,2.01,1.8,1.81,3.81,4.52,,Ligue 2,,20231104_St-Etienne_Paris-FC,88.26826643729851,0.59,0.76,50.9,49.1
2023-11-04,Troyes,Caen,2.0,1.0,4.0,5.0,4.0,17.0,0.0,11.0,4.0,1.0,0.0,0.0,2.8,3.3,2.45,1.82,1.96,0.0,1.94,1.86,2.71,3.51,2.63,,Ligue 2,,20231104_Troyes_Caen,43.572746240125525,0.84,0.44,54.6,45.4
2023-11-06,Guingamp,Auxerre,2.0,1.0,1.0,4.0,7.0,10.0,4.0,4.0,6.0,3.0,1.0,1.0,3.25,3.25,2.25,1.99,1.79,0.25,1.84,1.95,3.34,3.22,2.36,,Ligue 2,,20231106_Guingamp_Auxerre,-89.67949942612768,0.77,0.2,42.4,57.6
2023-11-11,Ajaccio,Troyes,1.0,0.0,3.0,1.0,4.0,2.0,1.0,2.0,2.0,1.0,0.0,0.0,1.85,3.25,4.33,2.27,1.61,-0.75,2.03,1.8,1.81,3.42,5.24,,Ligue 2,,20231111_Ajaccio_Troyes,28.22874103872755,1.06,1.4,49.7,50.3
2023-11-11,Amiens,Grenoble,1.0,2.0,4.0,4.0,6.0,2.0,1.0,4.0,1.0,2.0,0.0,0.0,2.45,3.2,2.88,2.27,1.61,-0.25,2.01,1.8,2.42,3.05,3.39,,Ligue 2,,20231111_Amiens_Grenoble,-37.11136328762723,1.16,0.42,47.1,52.9
2023-11-11,Auxerre,St Etienne,5.0,2.0,7.0,8.0,7.0,6.0,1.0,2.0,1.0,2.0,0.0,0.0,1.75,3.5,4.2,1.62,2.24,-0.75,1.94,1.86,1.78,4.0,4.41,,Ligue 2,,20231111_Auxerre_St-Etienne,34.56925471327895,1.57,0.91,51.9,48.1
2023-11-11,Bordeaux,Annecy,3.0,1.0,7.0,3.0,4.0,6.0,3.0,5.0,1.0,2.0,0.0,0.0,1.57,4.0,5.0,1.86,1.92,-1.0,1.91,1.89,1.55,4.3,6.24,,Ligue 2,,20231111_Bordeaux_Annecy,43.51930027494245,0.9,0.63,43.8,56.2
2023-11-11,Caen,Quevilly Rouen,3.0,3.0,5.0,6.0,11.0,3.0,4.0,3.0,1.0,2.0,0.0,1.0,2.25,3.3,2.9,2.11,1.7,-0.25,1.93,1.87,2.29,3.36,3.34,,Ligue 2,,20231111_Caen_Quevilly-Rouen,59.61898307902311,1.76,1.73,52.1,47.9
2023-11-11,Laval,Concarneau,0.0,3.0,5.0,6.0,5.0,4.0,7.0,3.0,4.0,1.0,1.0,0.0,1.73,3.5,4.5,2.23,1.62,-0.75,2.01,1.81,1.78,3.53,5.28,,Ligue 2,,20231111_Laval_Concarneau,54.692698381008995,1.14,0.56,53.6,46.4
2023-11-11,Paris FC,Bastia,1.0,0.0,3.0,4.0,8.0,7.0,5.0,5.0,1.0,1.0,0.0,1.0,1.95,3.4,3.6,2.07,1.73,-0.5,1.86,1.93,1.93,3.46,4.37,,Ligue 2,,20231111_Paris-FC_Bastia,-4.942230122209821,1.36,1.13,48.5,51.5
2023-11-11,Pau FC,Angers,4.0,4.0,6.0,5.0,6.0,2.0,6.0,7.0,3.0,0.0,0.0,0.0,3.25,3.3,2.1,2.07,1.73,0.25,1.97,1.82,3.66,3.33,2.17,,Ligue 2,,20231111_Pau-FC_Angers,-45.65214569704199,1.72,1.71,49.0,51.0
2023-11-11,Rodez,Guingamp,0.0,0.0,0.0,2.0,6.0,11.0,6.0,7.0,0.0,1.0,0.0,0.0,2.4,3.25,2.8,2.13,1.69,-0.25,1.93,1.87,2.39,3.15,3.37,,Ligue 2,,20231111_Rodez_Guingamp,-47.44948996878725,1.26,0.59,50.6,49.4
2023-11-11,Valenciennes,Dunkerque,0.0,1.0,4.0,3.0,9.0,8.0,4.0,7.0,4.0,3.0,0.0,0.0,2.25,3.25,3.0,2.16,1.66,-0.25,2.0,1.8,2.42,3.1,3.37,,Ligue 2,,20231111_Valenciennes_Dunkerque,77.28815048191677,0.96,1.86,59.6,40.4
2023-11-25,Amiens,Concarneau,1.0,1.0,6.0,1.0,13.0,5.0,6.0,2.0,2.0,0.0,0.0,0.0,1.85,3.25,3.8,2.13,1.69,-0.5,1.99,1.81,2.04,3.43,3.96,,Ligue 2,,20231125_Amiens_Concarneau,-50.73565587701205,1.24,1.15,48.4,51.6
2023-11-25,Annecy,Ajaccio,2.0,0.0,6.0,2.0,13.0,4.0,6.0,3.0,4.0,2.0,0.0,0.0,2.88,2.9,2.5,2.9,1.39,0.25,1.76,2.07,3.61,2.71,2.58,,Ligue 2,,20231125_Annecy_Ajaccio,-136.962531094038,0.91,0.71,43.0,57.0
2023-11-25,Bastia,Auxerre,0.0,0.0,1.0,7.0,5.0,13.0,1.0,7.0,1.0,2.0,0.0,0.0,4.5,3.6,1.7,1.81,1.98,0.75,1.81,2.0,4.33,3.84,1.8,,Ligue 2,,20231125_Bastia_Auxerre,-110.9064504020339,1.06,1.47,46.8,53.2
2023-11-25,Dunkerque,Laval,0.0,2.0,3.0,3.0,8.0,2.0,6.0,2.0,1.0,4.0,0.0,0.0,3.2,3.2,2.2,2.35,1.57,0.25,1.78,2.04,3.27,3.08,2.42,,Ligue 2,,20231125_Dunkerque_Laval,-164.66290329753429,0.63,1.42,41.3,58.7
2023-11-25,Grenoble,Rodez,2.0,1.0,6.0,4.0,3.0,7.0,6.0,5.0,1.0,3.0,0.0,0.0,2.0,3.3,3.75,2.01,1.78,-0.5,2.0,1.8,2.03,3.31,3.98,,Ligue 2,,20231125_Grenoble_Rodez,17.74517231612117,0.56,1.13,51.3,48.7
2023-11-25,Paris FC,Bordeaux,1.0,2.0,2.0,5.0,10.0,6.0,9.0,3.0,0.0,0.0,0.0,0.0,3.0,3.4,2.2,2.0,1.79,0.0,1.89,1.91,2.66,3.31,2.74,,Ligue 2,,20231125_Paris-FC_Bordeaux,-2.687483314989322,0.37,1.25,53.9,46.1
2023-11-25,Quevilly Rouen,Valenciennes,0.0,0.0,4.0,2.0,13.0,4.0,6.0,1.0,2.0,3.0,0.0,1.0,1.67,3.5,4.75,2.17,1.67,-0.75,1.98,1.82,1.76,3.5,5.14,,Ligue 2,,20231125_Quevilly-Rouen_Valenciennes,18.207530811620927,0.28,0.68,50.0,50.0
2023-11-25,St Etienne,Pau FC,1.0,2.0,3.0,4.0,11.0,7.0,9.0,5.0,3.0,3.0,0.0,0.0,1.62,3.75,4.75,1.76,2.03,-0.75,1.81,2.01,1.63,4.05,5.27,,Ligue 2,,20231125_St-Etienne_Pau-FC,56.128272741186265,1.54,1.79,50.0,50.0
2023-11-25,Troyes,Guingamp,0.0,1.0,2.0,4.0,5.0,10.0,5.0,8.0,1.0,1.0,0.0,0.0,3.2,3.3,2.1,2.13,1.69,0.25,1.77,2.05,3.15,3.16,2.44,,Ligue 2,,20231125_Troyes_Guingamp,5.38828687464752,0.05,0.71,53.3,46.7
2023-11-27,Angers,Caen,3.0,0.0,6.0,2.0,5.0,8.0,2.0,6.0,1.0,5.0,0.0,1.0,2.2,3.1,3.25,2.13,1.7,-0.5,1.86,1.94,1.88,3.39,4.76,,Ligue 2,,20231127_Angers_Caen,52.4588387635863,1.12,0.79,57.4,42.6
2023-11-28,Concarneau,Pau FC,1.0,2.0,6.0,2.0,11.0,8.0,5.0,2.0,4.0,2.0,1.0,1.0,2.15,3.25,3.4,1.9,1.87,-0.25,1.98,1.82,2.37,3.47,3.09,,Ligue 2,,20231128_Concarneau_Pau-FC,-9.670536475142171,0.16,1.28,48.2,51.8
2023-12-02,Ajaccio,Angers,1.0,1.0,5.0,2.0,8.0,3.0,3.0,3.0,3.0,1.0,0.0,0.0,2.55,3.0,3.0,2.83,1.4,0.0,2.03,1.78,3.18,2.83,2.74,,Ligue 2,,20231202_Ajaccio_Angers,26.71318975314989,1.25,1.46,54.4,45.6
2023-12-02,Amiens,St Etienne,1.0,0.0,3.0,5.0,4.0,10.0,2.0,1.0,3.0,1.0,0.0,0.0,2.75,3.2,2.63,2.09,1.72,0.0,1.81,1.99,2.69,3.07,2.98,,Ligue 2,,20231202_Amiens_St-Etienne,-85.21064888895648,1.0,0.73,42.4,57.6
2023-12-02,Auxerre,Quevilly Rouen,3.0,2.0,3.0,6.0,14.0,9.0,3.0,3.0,1.0,1.0,0.0,0.0,1.6,4.0,5.5,1.85,1.92,-0.75,1.82,1.99,1.67,4.01,5.35,,Ligue 2,,20231202_Auxerre_Quevilly-Rouen,174.7229592430865,1.78,0.91,54.7,45.3
2023-12-02,Bordeaux,Troyes,0.0,1.0,4.0,3.0,20.0,9.0,10.0,5.0,3.0,5.0,1.0,0.0,1.44,4.5,7.0,1.67,2.16,-1.25,1.98,1.82,1.44,4.7,7.51,,Ligue 2,,20231202_Bordeaux_Troyes,1.9425041570045778,1.53,1.18,47.4,52.6
2023-12-02,Caen,Bastia,1.0,0.0,3.0,5.0,6.0,5.0,5.0,4.0,1.0,3.0,0.0,0.0,1.85,3.4,4.2,2.16,1.67,-0.5,1.87,1.91,1.9,3.51,4.47,,Ligue 2,,20231202_Caen_Bastia,-25.260511091871876,1.29,0.77,50.4,49.6
2023-12-02,Guingamp,Paris FC,0.0,1.0,3.0,1.0,4.0,3.0,4.0,2.0,2.0,3.0,0.0,0.0,2.15,3.2,3.4,2.2,1.65,-0.25,1.81,1.99,2.13,3.26,3.89,,Ligue 2,,20231202_Guingamp_Paris-FC,43.54323104776472,0.58,0.05,48.2,51.8
2023-12-02,Laval,Grenoble,1.0,1.0,5.0,2.0,4.0,5.0,2.0,5.0,4.0,1.0,0.0,0.0,2.3,3.1,3.4,2.37,1.56,-0.25,2.05,1.76,2.64,2.99,3.13,,Ligue 2,,20231202_Laval_Grenoble,14.439568026088637,1.04,0.39,47.8,52.2
2023-12-02,Pau FC,Dunkerque,1.0,1.0,5.0,4.0,5.0,4.0,3.0,3.0,2.0,2.0,0.0,0.0,2.25,3.2,3.3,1.98,1.8,-0.25,1.88,1.92,2.23,3.29,3.56,,Ligue 2,,20231202_Pau-FC_Dunkerque,164.01745193289435,1.09,1.68,51.6,48.4
2023-12-02,Rodez,Concarneau,2.0,0.0,5.0,2.0,11.0,6.0,9.0,4.0,2.0,4.0,0.0,0.0,1.8,3.5,4.2,1.96,1.82,-0.5,1.85,1.93,1.88,3.57,4.5,,Ligue 2,,20231202_Rodez_Concarneau,-7.904882983981452,0.76,0.69,58.0,42.0
2023-12-02,Valenciennes,Annecy,0.0,0.0,6.0,2.0,8.0,16.0,4.0,5.0,1.0,2.0,0.0,1.0,2.55,3.1,2.8,2.33,1.58,0.0,1.81,1.99,2.75,2.99,2.99,,Ligue 2,,20231202_Valenciennes_Annecy,-58.530730750297835,0.88,0.47,47.9,52.1
2023-12-05,Ajaccio,Laval,2.0,0.0,4.0,1.0,4.0,5.0,2.0,3.0,1.0,2.0,0.0,0.0,2.45,2.75,3.3,3.39,1.3,0.0,1.8,2.02,2.91,2.66,3.2,,Ligue 2,,20231205_Ajaccio_Laval,39.36878647715935,2.28,1.12,49.7,50.3
2023-12-05,Angers,Grenoble,1.0,0.0,1.0,5.0,6.0,10.0,3.0,10.0,0.0,0.0,0.0,0.0,2.0,3.4,3.75,2.19,1.66,-0.5,1.96,1.83,2.02,3.21,4.37,,Ligue 2,,20231205_Angers_Grenoble,27.939942800637482,0.81,0.45,54.3,45.7
2023-12-05,Concarneau,Auxerre,1.0,2.0,4.0,7.0,9.0,9.0,6.0,5.0,1.0,2.0,0.0,0.0,5.0,3.6,1.67,1.74,2.06,0.75,1.95,1.85,4.84,4.05,1.71,,Ligue 2,,20231205_Concarneau_Auxerre,-134.72686814614212,0.22,0.45,44.5,55.5
2023-12-05,Dunkerque,Bastia,0.0,5.0,2.0,8.0,6.0,6.0,3.0,6.0,3.0,1.0,0.0,0.0,2.3,3.1,3.4,2.51,1.51,-0.25,1.87,1.93,2.3,2.98,3.79,,Ligue 2,,20231205_Dunkerque_Bastia,-125.39651136958719,0.25,1.63,49.3,50.7
2023-12-05,Paris FC,Rodez,2.0,0.0,2.0,5.0,7.0,7.0,2.0,8.0,2.0,1.0,0.0,0.0,2.05,3.5,3.5,2.05,1.75,-0.25,1.86,1.95,2.28,3.24,3.5,,Ligue 2,,20231205_Paris-FC_Rodez,25.44564427814953,0.58,0.76,53.4,46.6
2023-12-05,Pau FC,Valenciennes,3.0,1.0,6.0,7.0,8.0,7.0,5.0,3.0,0.0,0.0,0.0,0.0,1.91,3.4,4.0,2.2,1.64,-0.25,1.82,2.0,2.25,3.18,3.63,,Ligue 2,,20231205_Pau-FC_Valenciennes,101.36882524520706,0.96,1.19,48.0,52.0
2023-12-05,Quevilly Rouen,Bordeaux,3.0,2.0,9.0,6.0,15.0,20.0,4.0,6.0,1.0,1.0,0.0,1.0,2.45,3.3,2.8,2.09,1.72,0.0,1.81,2.0,2.64,3.22,2.91,,Ligue 2,,20231205_Quevilly-Rouen_Bordeaux,-95.87610910411286,1.34,1.41,58.0,42.0
2023-12-05,St Etienne,Guingamp,1.0,3.0,3.0,6.0,7.0,8.0,6.0,10.0,2.0,0.0,0.0,0.0,2.25,3.1,3.25,2.27,1.61,-0.25,2.01,1.8,2.45,3.09,3.32,,Ligue 2,,20231205_St-Etienne_Guingamp,-11.62914424974224,0.51,2.02,43.1,56.9
2023-12-05,Troyes,Amiens,2.0,0.0,3.0,3.0,6.0,15.0,5.0,9.0,2.0,3.0,0.0,0.0,2.7,3.3,2.55,2.17,1.66,0.25,1.74,2.08,3.22,3.07,2.52,,Ligue 2,,20231205_Troyes_Amiens,73.64819918874286,1.28,0.05,51.7,48.3
2023-12-06,Annecy,Caen,1.0,2.0,5.0,9.0,10.0,4.0,5.0,7.0,2.0,1.0,0.0,0.0,2.75,3.3,2.5,2.1,1.71,0.0,1.77,2.05,2.68,3.06,3.01,,Ligue 2,,20231206_Annecy_Caen,-19.260933583753285,0.49,0.27,47.3,52.7
2023-12-16,Auxerre,Ajaccio,2.0,0.0,3.0,0.0,9.0,1.0,6.0,2.0,0.0,3.0,0.0,1.0,1.65,3.5,5.0,2.14,1.69,-1.0,1.99,1.81,1.56,4.0,6.82,,Ligue 2,,20231216_Auxerre_Ajaccio,33.4490857427852,1.29,0.05,49.1,50.9
2023-12-16,Bastia,Quevilly Rouen,0.0,0.0,1.0,3.0,3.0,10.0,2.0,6.0,0.0,3.0,0.0,0.0,2.7,3.0,2.6,2.4,1.55,0.0,1.92,1.89,2.77,3.11,2.85,,Ligue 2,,20231216_Bastia_Quevilly-Rouen,57.401854527103296,0.56,0.42,47.3,52.7
2023-12-16,Bordeaux,St Etienne,0.0,0.0,4.0,1.0,16.0,9.0,9.0,6.0,0.0,3.0,0.0,0.0,2.0,3.4,3.3,1.78,2.01,-0.5,1.93,1.86,1.97,3.71,3.88,,Ligue 2,,20231216_Bordeaux_St-Etienne,-7.614608416486135,0.32,1.8,49.1,50.9
2023-12-16,Caen,Dunkerque,1.0,0.0,6.0,4.0,7.0,9.0,6.0,7.0,2.0,2.0,0.0,0.0,1.8,3.5,4.0,1.88,1.9,-0.5,1.94,1.84,1.98,3.62,3.95,,Ligue 2,,20231216_Caen_Dunkerque,145.06100653713315,1.18,1.35,56.5,43.5
2023-12-16,Grenoble,Annecy,1.0,0.0,5.0,3.0,11.0,3.0,8.0,4.0,1.0,0.0,0.0,0.0,1.85,3.3,4.0,2.12,1.7,-0.5,1.99,1.8,2.04,3.41,3.97,,Ligue 2,,20231216_Grenoble_Annecy,52.53165210882571,0.15,1.28,50.8,49.2
2023-12-16,Guingamp,Concarneau,0.0,1.0,2.0,1.0,16.0,3.0,4.0,3.0,3.0,2.0,0.0,0.0,1.62,3.6,5.25,2.04,1.75,-0.75,1.74,2.08,1.59,3.95,6.45,,Ligue 2,,20231216_Guingamp_Concarneau,77.80294469483192,0.6,0.62,58.3,41.7
2023-12-16,Laval,Pau FC,1.0,1.0,5.0,5.0,10.0,6.0,11.0,4.0,2.0,1.0,0.0,0.0,1.75,3.5,4.33,2.23,1.63,-0.5,1.87,1.92,1.93,3.37,4.59,,Ligue 2,,20231216_Laval_Pau-FC,-0.40841953325821123,0.97,1.69,45.6,54.4
2023-12-16,Rodez,Amiens,2.0,2.0,5.0,4.0,14.0,4.0,10.0,3.0,3.0,1.0,0.0,0.0,2.25,3.0,3.25,2.17,1.67,-0.25,1.86,1.94,2.33,3.17,3.48,,Ligue 2,,20231216_Rodez_Amiens,23.44323285749101,1.85,0.91,53.0,47.0
2023-12-16,Troyes,Angers,1.0,4.0,2.0,5.0,6.0,8.0,7.0,3.0,1.0,1.0,0.0,0.0,3.8,3.4,1.85,1.91,1.87,0.5,1.96,1.83,4.13,3.73,1.91,,Ligue 2,,20231216_Troyes_Angers,-9.65323342699844,0.61,1.53,48.8,51.2
2023-12-16,Valenciennes,Paris FC,0.0,1.0,1.0,3.0,6.0,4.0,6.0,5.0,0.0,0.0,0.0,0.0,3.0,3.1,2.3,2.23,1.63,0.5,1.8,2.0,4.04,3.27,2.08,,Ligue 2,,20231216_Valenciennes_Paris-FC,-123.17604207236423,0.8,0.82,41.5,58.5
2023-12-19,Ajaccio,Valenciennes,2.0,1.0,3.0,2.0,3.0,2.0,3.0,1.0,1.0,1.0,0.0,0.0,1.91,3.0,4.75,3.14,1.34,-0.5,1.96,1.82,2.02,2.92,5.05,,Ligue 2,,20231219_Ajaccio_Valenciennes,175.8782151828259,1.1,0.05,60.2,39.8
2023-12-19,Amiens,Caen,0.0,0.0,3.0,3.0,11.0,7.0,3.0,2.0,2.0,1.0,0.0,0.0,2.38,3.25,3.0,2.29,1.6,-0.25,2.06,1.75,2.52,3.01,3.29,,Ligue 2,,20231219_Amiens_Caen,-48.128390249131144,1.64,1.44,54.8,45.2
2023-12-19,Angers,Guingamp,1.0,0.0,2.0,5.0,5.0,16.0,2.0,6.0,1.0,3.0,0.0,0.0,2.25,3.2,3.3,2.51,1.51,-0.25,1.93,1.86,2.4,3.02,3.49,,Ligue 2,,20231219_Angers_Guingamp,40.43760960419513,1.11,1.03,47.1,52.9
2023-12-19,Annecy,Rodez,1.0,2.0,7.0,6.0,9.0,10.0,5.0,2.0,2.0,4.0,0.0,0.0,2.7,3.3,2.55,2.13,1.69,0.0,2.01,1.79,2.89,3.18,2.69,,Ligue 2,,20231219_Annecy_Rodez,-33.090952647167114,1.6,1.38,44.8,55.2
2023-12-19,Concarneau,Grenoble,0.0,3.0,6.0,6.0,13.0,5.0,6.0,1.0,0.0,0.0,0.0,0.0,3.2,3.2,2.25,2.07,1.73,0.25,1.93,1.86,3.58,3.23,2.25,,Ligue 2,,20231219_Concarneau_Grenoble,-37.472765392130896,1.33,1.95,48.5,51.5
2023-12-19,Dunkerque,Bordeaux,0.0,2.0,3.0,2.0,11.0,7.0,3.0,3.0,3.0,2.0,0.0,0.0,3.5,3.5,2.05,1.84,1.93,0.5,1.87,1.92,4.12,3.66,1.93,,Ligue 2,,20231219_Dunkerque_Bordeaux,-156.63133679389284,0.52,1.38,34.9,65.1
2023-12-19,Laval,Auxerre,1.0,3.0,3.0,5.0,2.0,8.0,3.0,6.0,1.0,2.0,0.0,0.0,3.3,3.3,2.2,2.12,1.69,0.5,1.78,2.0,3.98,3.33,2.07,,Ligue 2,,20231219_Laval_Auxerre,-104.9441119009307,1.9,2.07,43.0,57.0
2023-12-19,Paris FC,Quevilly Rouen,2.0,2.0,4.0,5.0,6.0,8.0,3.0,2.0,4.0,2.0,0.0,0.0,2.15,3.3,3.25,2.1,1.71,-0.25,1.95,1.84,2.38,3.35,3.18,,Ligue 2,,20231219_Paris-FC_Quevilly-Rouen,96.78091950844191,0.76,0.68,56.2,43.8
2023-12-19,Pau FC,Troyes,1.0,1.0,5.0,6.0,14.0,5.0,6.0,2.0,3.0,3.0,0.0,0.0,2.05,3.5,3.6,1.72,2.09,-0.25,1.8,2.02,2.15,3.66,3.4,,Ligue 2,,20231219_Pau-FC_Troyes,-14.46613294364056,1.0,1.48,48.1,51.9
2023-12-19,St Etienne,Bastia,3.0,2.0,5.0,5.0,7.0,6.0,2.0,6.0,2.0,2.0,0.0,0.0,1.8,3.5,4.5,2.07,1.73,-0.5,1.81,1.97,1.82,3.47,5.03,,Ligue 2,,20231219_St-Etienne_Bastia,17.33090860907805,1.4,0.66,53.8,46.2
2024-01-13,Bastia,Angers,2.0,0.0,5.0,0.0,9.0,1.0,8.0,4.0,1.0,0.0,0.0,0.0,3.25,3.0,2.2,2.52,1.5,0.0,1.79,2.03,2.7,3.0,3.04,,Ligue 2,,20240113_Bastia_Angers,-100.22593819362874,0.92,0.05,45.8,54.2
2024-01-13,Caen,Concarneau,1.0,0.0,2.0,2.0,7.0,4.0,4.0,3.0,1.0,2.0,0.0,0.0,1.8,3.3,4.0,1.92,1.86,-0.5,1.94,1.85,1.99,3.52,4.04,,Ligue 2,,20240113_Caen_Concarneau,32.99451543613554,1.88,0.86,53.7,46.3
2024-01-13,Grenoble,Dunkerque,2.0,2.0,4.0,7.0,6.0,3.0,6.0,3.0,0.0,0.0,0.0,0.0,1.62,3.75,4.75,1.94,1.83,-0.75,1.83,1.97,1.66,3.86,5.67,,Ligue 2,,20240113_Grenoble_Dunkerque,190.76196919892664,0.98,0.7,54.9,45.1
2024-01-13,Paris FC,Annecy,2.0,1.0,5.0,3.0,12.0,4.0,6.0,4.0,1.0,3.0,0.0,1.0,1.83,3.3,4.0,2.13,1.69,-0.5,1.9,1.89,1.95,3.46,4.28,,Ligue 2,,20240113_Paris-FC_Annecy,97.10753536994821,1.31,0.05,58.5,41.5
2024-01-13,Quevilly Rouen,Guingamp,0.0,1.0,2.0,5.0,8.0,5.0,6.0,1.0,2.0,1.0,0.0,0.0,2.55,3.0,2.75,2.5,1.51,0.0,2.03,1.79,3.2,2.89,2.68,,Ligue 2,,20240113_Quevilly-Rouen_Guingamp,-77.38073231989915,0.43,1.38,46.6,53.4
2024-01-13,Rodez,Pau FC,2.0,1.0,4.0,5.0,7.0,7.0,3.0,8.0,3.0,2.0,1.0,0.0,1.8,3.6,4.0,1.71,2.1,-0.5,1.81,1.99,1.86,3.78,4.28,,Ligue 2,,20240113_Rodez_Pau-FC,-33.506881307743924,2.21,1.85,48.5,51.5
2024-01-13,St Etienne,Laval,0.0,0.0,4.0,3.0,10.0,6.0,4.0,6.0,0.0,0.0,0.0,0.0,2.1,3.1,3.3,2.18,1.66,-0.25,1.81,2.0,2.15,3.27,3.81,,Ligue 2,,20240113_St-Etienne_Laval,6.8330278292714866,0.79,1.29,43.4,56.6
2024-01-13,Troyes,Ajaccio,3.0,1.0,4.0,3.0,8.0,6.0,3.0,1.0,1.0,1.0,0.0,0.0,2.63,3.0,2.6,2.68,1.45,0.0,1.95,1.86,3.04,2.77,2.91,,Ligue 2,,20240113_Troyes_Ajaccio,-41.84758851253832,1.54,0.35,53.2,46.8
2024-01-13,Valenciennes,Amiens,0.0,1.0,2.0,4.0,9.0,9.0,8.0,5.0,4.0,1.0,0.0,0.0,3.1,2.88,2.4,2.63,1.46,0.25,1.77,2.05,3.48,2.87,2.51,,Ligue 2,,20240113_Valenciennes_Amiens,-68.81341632805265,0.71,1.88,47.3,52.7
2024-01-15,Auxerre,Bordeaux,3.0,1.0,10.0,5.0,8.0,7.0,7.0,5.0,0.0,3.0,0.0,0.0,1.7,3.75,4.33,1.72,2.09,-0.5,1.84,1.95,1.92,3.7,4.11,,Ligue 2,,20240115_Auxerre_Bordeaux,126.6359957840425,1.53,1.11,55.7,44.3
2024-01-23,Amiens,Annecy,1.0,0.0,2.0,2.0,12.0,4.0,5.0,3.0,0.0,2.0,0.0,0.0,1.95,3.3,3.5,2.3,1.6,-0.5,2.02,1.77,2.08,3.17,4.2,,Ligue 2,,20240123_Amiens_Annecy,42.16151690238439,1.0,0.05,51.2,48.8
2024-01-23,Angers,Quevilly Rouen,3.0,2.0,3.0,5.0,9.0,4.0,4.0,5.0,1.0,1.0,0.0,0.0,2.05,3.3,3.4,2.15,1.68,-0.5,2.05,1.75,2.16,3.29,3.74,,Ligue 2,,20240123_Angers_Quevilly-Rouen,133.0395018510078,1.03,0.95,57.3,42.7
2024-01-23,Bastia,Caen,1.0,2.0,3.0,5.0,6.0,6.0,2.0,4.0,2.0,4.0,1.0,0.0,2.3,3.0,3.1,2.38,1.55,-0.25,1.83,1.97,2.28,2.97,3.86,,Ligue 2,,20240123_Bastia_Caen,-18.440999940675965,0.6,1.94,41.9,58.1
2024-01-23,Bordeaux,Valenciennes,3.0,1.0,10.0,4.0,8.0,9.0,6.0,2.0,2.0,1.0,0.0,0.0,1.45,4.0,7.0,1.9,1.87,-1.0,1.96,1.84,1.58,4.11,6.17,,Ligue 2,,20240123_Bordeaux_Valenciennes,121.10942449642721,1.28,0.05,57.0,43.0
2024-01-23,Concarneau,Troyes,1.0,0.0,2.0,3.0,5.0,6.0,3.0,2.0,1.0,1.0,0.0,0.0,2.3,3.1,2.9,1.98,1.8,-0.25,1.98,1.82,2.4,3.22,3.27,,Ligue 2,,20240123_Concarneau_Troyes,-90.48122138308122,1.3,0.07,48.0,52.0
2024-01-23,Dunkerque,Ajaccio,2.0,0.0,4.0,1.0,3.0,7.0,5.0,3.0,2.0,3.0,0.0,0.0,2.63,2.9,2.55,3.16,1.34,0.0,1.81,2.0,2.86,2.68,3.23,,Ligue 2,,20240123_Dunkerque_Ajaccio,-220.45813782990012,0.69,0.4,39.4,60.6
2024-01-23,Grenoble,Auxerre,1.0,1.0,6.0,3.0,12.0,11.0,4.0,4.0,2.0,1.0,0.0,0.0,3.1,3.3,2.1,1.92,1.86,0.25,1.83,1.97,3.27,3.24,2.39,,Ligue 2,,20240123_Grenoble_Auxerre,-120.17142052763825,0.77,0.83,41.2,58.8
2024-01-23,Guingamp,Rodez,3.0,3.0,5.0,5.0,11.0,4.0,5.0,4.0,1.0,1.0,0.0,0.0,1.91,3.0,4.0,2.1,1.71,-0.5,1.78,2.01,1.81,3.58,4.92,,Ligue 2,,20240123_Guingamp_Rodez,25.630010549111148,1.51,1.57,58.9,41.1
2024-01-23,Laval,Paris FC,1.0,1.0,3.0,3.0,8.0,10.0,3.0,4.0,3.0,2.0,1.0,0.0,2.3,3.0,3.0,2.65,1.46,-0.25,1.9,1.89,2.32,2.94,3.83,,Ligue 2,,20240123_Laval_Paris-FC,-26.644671230847052,0.62,1.28,49.5,50.5
2024-01-23,Pau FC,St Etienne,0.0,1.0,0.0,9.0,8.0,10.0,3.0,8.0,3.0,0.0,0.0,0.0,2.7,3.25,2.4,1.84,1.93,0.25,1.77,2.04,3.08,3.53,2.35,,Ligue 2,,20240123_Pau-FC_St-Etienne,-10.389492920989142,0.97,0.05,43.0,57.0
2024-01-27,Ajaccio,Concarneau,1.0,0.0,3.0,1.0,6.0,6.0,1.0,1.0,1.0,1.0,0.0,0.0,1.95,3.2,4.2,3.4,1.3,-0.5,1.94,1.85,2.01,2.82,5.48,,Ligue 2,,20240127_Ajaccio_Concarneau,71.66169411485293,0.71,0.85,53.5,46.5
2024-01-27,Annecy,Pau FC,0.0,0.0,1.0,2.0,6.0,9.0,2.0,0.0,2.0,2.0,0.0,0.0,2.05,3.4,3.5,1.99,1.8,-0.25,1.84,1.97,2.21,3.35,3.53,,Ligue 2,,20240127_Annecy_Pau-FC,-82.80551477557492,0.92,1.96,41.3,58.7
2024-01-27,Auxerre,Guingamp,1.0,1.0,3.0,2.0,5.0,5.0,2.0,3.0,1.0,2.0,0.0,0.0,1.8,3.5,4.2,2.06,1.74,-0.5,2.01,1.79,2.07,3.42,3.87,,Ligue 2,,20240127_Auxerre_Guingamp,111.97050702679076,2.09,0.85,55.1,44.9
2024-01-27,Caen,Troyes,0.0,0.0,6.0,0.0,13.0,6.0,10.0,4.0,2.0,1.0,0.0,0.0,1.85,3.5,4.2,2.03,1.76,-0.5,1.85,1.94,1.88,3.61,4.4,,Ligue 2,,20240127_Caen_Troyes,-9.339065414527568,1.05,0.38,42.7,57.3
2024-01-27,Paris FC,Dunkerque,1.0,2.0,4.0,2.0,15.0,10.0,9.0,4.0,2.0,2.0,1.0,0.0,1.75,3.5,5.0,2.01,1.78,-0.75,1.92,1.88,1.74,3.7,5.23,,Ligue 2,,20240127_Paris-FC_Dunkerque,176.44847829969785,0.15,1.07,58.5,41.5
2024-01-27,Quevilly Rouen,Grenoble,1.0,1.0,6.0,3.0,11.0,4.0,6.0,5.0,1.0,1.0,0.0,0.0,2.5,3.1,2.9,2.24,1.62,0.0,1.79,2.03,2.69,3.0,3.05,,Ligue 2,,20240127_Quevilly-Rouen_Grenoble,-102.63993643458116,0.19,0.96,45.3,54.7
2024-01-27,Rodez,Laval,1.0,2.0,3.0,7.0,14.0,4.0,5.0,5.0,2.0,4.0,0.0,0.0,2.1,3.2,3.5,2.23,1.63,-0.25,1.88,1.92,2.27,3.16,3.63,,Ligue 2,,20240127_Rodez_Laval,-11.26271773838539,0.98,1.28,50.0,50.0
2024-01-27,St Etienne,Amiens,0.0,1.0,2.0,3.0,16.0,0.0,10.0,4.0,1.0,3.0,0.0,0.0,1.95,3.25,4.2,2.13,1.69,-0.5,1.91,1.88,1.93,3.46,4.36,,Ligue 2,,20240127_St-Etienne_Amiens,53.21422597048104,0.92,1.77,48.0,52.0
2024-01-27,Valenciennes,Bastia,3.0,1.0,6.0,4.0,5.0,6.0,6.0,2.0,2.0,3.0,0.0,0.0,2.7,3.0,2.75,2.61,1.46,0.25,1.7,2.15,3.23,2.97,2.59,,Ligue 2,,20240127_Valenciennes_Bastia,-112.32994353209779,1.06,0.73,49.5,50.5
2024-01-29,Bordeaux,Angers,1.0,0.0,2.0,8.0,9.0,14.0,4.0,7.0,3.0,3.0,1.0,0.0,2.05,3.4,3.5,1.94,1.84,-0.25,1.79,2.02,2.13,3.45,3.66,,Ligue 2,,20240129_Bordeaux_Angers,-63.732548442726284,1.94,1.25,45.7,54.3
2024-02-03,Amiens,Paris FC,1.0,1.0,2.0,7.0,10.0,15.0,0.0,13.0,2.0,0.0,0.0,0.0,2.6,3.0,2.88,2.7,1.44,0.0,2.02,1.8,3.11,2.89,2.74,,Ligue 2,,20240203_Amiens_Paris-FC,-29.49505123222957,0.3,1.17,51.4,48.6
2024-02-03,Angers,Rodez,2.0,1.0,3.0,4.0,13.0,6.0,6.0,8.0,2.0,3.0,0.0,0.0,1.95,3.5,3.6,1.95,1.83,-0.25,1.81,2.01,2.21,3.31,3.59,,Ligue 2,,20240203_Angers_Rodez,66.71514352242525,2.11,0.59,51.0,49.0
2024-02-03,Concarneau,Valenciennes,1.0,0.0,5.0,1.0,4.0,5.0,7.0,0.0,0.0,0.0,0.0,0.0,2.3,3.2,3.2,2.57,1.49,-0.25,1.83,1.99,2.19,3.05,4.0,,Ligue 2,,20240203_Concarneau_Valenciennes,77.15939231831612,0.73,0.1,52.4,47.6
2024-02-03,Dunkerque,St Etienne,1.0,0.0,4.0,2.0,3.0,10.0,1.0,4.0,1.0,2.0,0.0,0.0,3.4,3.2,2.2,1.92,1.87,0.25,1.97,1.85,3.45,3.53,2.17,,Ligue 2,,20240203_Dunkerque_St-Etienne,-137.28160275719506,0.82,0.91,47.6,52.4
2024-02-03,Grenoble,Caen,5.0,1.0,7.0,8.0,2.0,3.0,2.0,3.0,1.0,1.0,0.0,1.0,1.95,3.4,3.8,2.16,1.68,-0.25,1.95,1.86,2.41,3.13,3.34,,Ligue 2,,20240203_Grenoble_Caen,-2.100810430485353,2.01,1.49,51.0,49.0
2024-02-03,Guingamp,Annecy,1.0,4.0,6.0,4.0,10.0,4.0,3.0,2.0,1.0,4.0,2.0,0.0,1.55,3.8,6.0,2.12,1.71,-1.0,1.79,2.03,1.48,4.09,8.64,,Ligue 2,,20240203_Guingamp_Annecy,112.92542836603138,1.12,0.95,58.6,41.4
2024-02-03,Laval,Quevilly Rouen,2.0,4.0,3.0,10.0,4.0,3.0,3.0,5.0,3.0,2.0,1.0,0.0,2.25,3.25,3.1,2.62,1.46,-0.25,1.91,1.89,2.33,3.0,3.68,,Ligue 2,,20240203_Laval_Quevilly-Rouen,98.42131718086671,1.17,1.01,54.5,45.5
2024-02-03,Pau FC,Auxerre,2.0,2.0,5.0,6.0,7.0,8.0,3.0,4.0,1.0,2.0,0.0,0.0,4.33,3.75,1.75,1.75,2.05,0.5,2.0,1.81,4.42,3.66,1.86,,Ligue 2,,20240203_Pau-FC_Auxerre,-140.22697953181387,1.43,1.36,48.4,51.6
2024-02-03,Troyes,Bordeaux,2.0,1.0,3.0,6.0,9.0,11.0,3.0,5.0,3.0,1.0,0.0,0.0,3.6,3.5,1.95,1.89,1.89,0.25,1.94,1.88,3.3,3.45,2.27,,Ligue 2,,20240203_Troyes_Bordeaux,11.271350675384838,0.67,1.35,50.1,49.9
2024-02-05,Bastia,Ajaccio,1.0,0.0,1.0,0.0,3.0,7.0,3.0,3.0,2.0,2.0,0.0,0.0,2.3,3.1,3.1,3.41,1.3,-0.25,2.13,1.72,2.72,2.61,3.54,,Ligue 2,,20240205_Bastia_Ajaccio,-87.10990901387368,1.6,0.05,44.4,55.6
2024-02-10,Ajaccio,Guingamp,3.0,0.0,3.0,0.0,2.0,5.0,2.0,4.0,3.0,1.0,0.0,1.0,2.88,3.0,2.5,3.28,1.31,0.0,2.04,1.79,3.2,2.73,2.82,,Ligue 2,,20240210_Ajaccio_Guingamp,25.391412010251088,2.67,0.9,56.4,43.6
2024-02-10,Annecy,Concarneau,0.0,3.0,1.0,6.0,6.0,7.0,4.0,3.0,4.0,0.0,1.0,0.0,2.15,3.0,3.6,2.38,1.55,-0.25,1.84,1.96,2.23,3.02,3.93,,Ligue 2,,20240210_Annecy_Concarneau,-40.324429164400954,0.05,1.51,49.8,50.2
2024-02-10,Auxerre,Angers,1.0,0.0,2.0,2.0,6.0,5.0,9.0,3.0,2.0,2.0,1.0,0.0,1.8,3.5,4.5,1.82,1.96,-0.75,1.92,1.88,1.73,3.8,5.11,,Ligue 2,,20240210_Auxerre_Angers,62.67047463370318,1.51,0.93,43.9,56.1
2024-02-10,Bordeaux,Grenoble,1.0,0.0,6.0,6.0,8.0,11.0,9.0,8.0,2.0,3.0,0.0,0.0,2.15,3.5,3.1,1.94,1.84,-0.25,1.83,1.97,2.12,3.47,3.63,,Ligue 2,,20240210_Bordeaux_Grenoble,-24.159835678151012,0.84,1.72,54.4,45.6
2024-02-10,Caen,Amiens,2.0,0.0,2.0,0.0,11.0,8.0,2.0,4.0,2.0,2.0,0.0,0.0,2.05,3.25,3.6,2.31,1.59,-0.25,1.78,2.04,2.17,3.11,3.98,,Ligue 2,,20240210_Caen_Amiens,20.257552571043107,0.99,0.85,54.6,45.4
2024-02-10,Paris FC,Pau FC,1.0,1.0,6.0,5.0,7.0,8.0,7.0,5.0,2.0,1.0,0.0,0.0,1.85,3.4,4.2,2.0,1.79,-0.75,1.94,1.88,1.76,3.65,5.19,,Ligue 2,,20240210_Paris-FC_Pau-FC,20.970977382587535,0.97,0.51,48.2,51.8
2024-02-10,Quevilly Rouen,Bastia,0.0,1.0,3.0,3.0,2.0,10.0,7.0,4.0,4.0,3.0,1.0,0.0,1.95,3.25,4.0,2.28,1.6,-0.5,1.97,1.83,2.02,3.19,4.44,,Ligue 2,,20240210_Quevilly-Rouen_Bastia,-40.24506372218798,0.59,1.27,48.7,51.3
2024-02-10,Rodez,Dunkerque,0.0,0.0,1.0,2.0,7.0,7.0,5.0,3.0,2.0,1.0,1.0,0.0,1.7,3.6,5.0,1.99,1.8,-0.5,1.89,1.9,1.97,3.51,4.11,,Ligue 2,,20240210_Rodez_Dunkerque,84.91466965562745,1.12,1.98,55.7,44.3
2024-02-10,Valenciennes,Laval,1.0,1.0,3.0,2.0,3.0,5.0,4.0,2.0,2.0,3.0,0.0,0.0,3.25,2.9,2.3,2.8,1.41,0.0,2.14,1.75,2.95,2.83,2.93,,Ligue 2,,20240210_Valenciennes_Laval,-132.70888873649687,0.6,0.74,40.2,59.8
2024-02-12,St Etienne,Troyes,5.0,0.0,11.0,1.0,7.0,8.0,4.0,3.0,5.0,1.0,0.0,0.0,1.7,3.6,4.75,1.93,1.85,-0.75,1.96,1.85,1.76,3.69,5.06,,Ligue 2,,20240212_St-Etienne_Troyes,-44.5938114851067,1.8,0.61,47.6,52.4
2024-02-17,Angers,St Etienne,0.0,3.0,0.0,5.0,6.0,8.0,5.0,7.0,3.0,1.0,0.0,0.0,2.2,3.2,3.2,2.08,1.72,-0.25,1.87,1.93,2.22,3.25,3.63,,Ligue 2,,20240217_Angers_St-Etienne,43.42363111267514,0.59,0.99,58.5,41.5
2024-02-17,Annecy,Auxerre,0.0,2.0,3.0,2.0,8.0,4.0,8.0,2.0,2.0,2.0,0.0,1.0,4.33,3.5,1.75,1.86,1.92,0.75,1.99,1.81,5.66,3.84,1.67,,Ligue 2,,20240217_Annecy_Auxerre,-217.52558163893536,0.99,1.83,41.6,58.4
2024-02-17,Bastia,Rodez,0.0,2.0,4.0,6.0,12.0,5.0,11.0,4.0,2.0,0.0,0.0,0.0,2.38,3.1,2.9,2.15,1.68,-0.25,1.89,1.91,2.21,3.22,3.69,,Ligue 2,,20240217_Bastia_Rodez,14.835618467908489,1.19,1.02,50.9,49.1
2024-02-17,Concarneau,Paris FC,2.0,2.0,4.0,5.0,5.0,4.0,6.0,4.0,2.0,1.0,0.0,0.0,3.1,2.9,2.38,2.29,1.6,0.25,2.03,1.78,4.09,3.1,2.14,,Ligue 2,,20240217_Concarneau_Paris-FC,-35.32889363821664,1.21,2.26,53.2,46.8
2024-02-17,Dunkerque,Valenciennes,2.0,1.0,5.0,2.0,7.0,4.0,5.0,6.0,1.0,2.0,0.0,0.0,2.1,3.1,3.4,2.43,1.53,-0.25,1.95,1.85,2.42,2.93,3.45,,Ligue 2,,20240217_Dunkerque_Valenciennes,17.399671429917817,2.48,0.75,52.3,47.7
2024-02-17,Guingamp,Caen,1.0,0.0,1.0,3.0,6.0,4.0,3.0,9.0,2.0,3.0,0.0,0.0,1.8,3.4,4.0,2.25,1.61,-0.25,1.81,2.0,2.19,3.28,3.66,,Ligue 2,,20240217_Guingamp_Caen,-20.8226030958333,1.25,0.43,58.1,41.9
2024-02-17,Laval,Ajaccio,1.0,1.0,3.0,2.0,3.0,11.0,5.0,2.0,2.0,1.0,0.0,0.0,2.38,2.75,3.4,3.72,1.26,-0.25,2.03,1.79,2.61,2.64,3.7,,Ligue 2,,20240217_Laval_Ajaccio,-45.15935218199775,1.18,1.29,51.1,48.9
2024-02-17,Pau FC,Quevilly Rouen,0.0,2.0,6.0,3.0,9.0,6.0,9.0,3.0,1.0,2.0,0.0,0.0,2.45,3.2,2.7,2.1,1.71,0.0,1.94,1.86,2.97,3.09,2.68,,Ligue 2,,20240217_Pau-FC_Quevilly-Rouen,68.03968701296367,0.05,0.98,54.3,45.7
2024-02-17,Troyes,Grenoble,3.0,1.0,5.0,2.0,6.0,7.0,4.0,4.0,1.0,2.0,0.0,0.0,3.1,3.25,2.2,2.06,1.74,0.0,2.03,1.79,2.93,3.23,2.62,,Ligue 2,,20240217_Troyes_Grenoble,9.634486294824228,1.99,2.41,47.0,53.0
2024-02-19,Amiens,Bordeaux,1.0,1.0,7.0,6.0,7.0,3.0,7.0,6.0,1.0,2.0,0.0,0.0,2.8,3.0,2.5,2.21,1.64,0.0,1.97,1.84,2.89,3.1,2.75,,Ligue 2,,20240219_Amiens_Bordeaux,-42.27625301348189,0.34,1.62,41.6,58.4
2024-02-24,Ajaccio,Amiens,0.0,0.0,1.0,1.0,9.0,6.0,2.0,3.0,2.0,3.0,0.0,0.0,2.25,2.88,3.4,3.44,1.29,-0.25,1.88,1.93,2.34,2.72,4.19,,Ligue 2,,20240224_Ajaccio_Amiens,66.67371241300452,0.46,0.84,60.0,40.0
2024-02-24,Auxerre,Bastia,1.0,1.0,4.0,5.0,11.0,5.0,10.0,1.0,0.0,2.0,0.0,0.0,1.53,4.0,5.75,1.9,1.87,-1.0,1.91,1.89,1.53,4.25,6.69,,Ligue 2,,20240224_Auxerre_Bastia,164.57958138859044,0.93,1.39,54.1,45.9
2024-02-24,Bordeaux,Guingamp,1.0,0.0,5.0,2.0,5.0,11.0,4.0,4.0,1.0,5.0,0.0,0.0,2.2,3.2,3.2,2.05,1.74,-0.25,1.86,1.94,2.29,3.22,3.49,,Ligue 2,,20240224_Bordeaux_Guingamp,6.067728792910202,0.74,0.9,46.8,53.2
2024-02-24,Concarneau,Laval,1.0,3.0,2.0,8.0,8.0,7.0,4.0,5.0,1.0,3.0,0.0,0.0,2.88,3.0,2.5,2.77,1.42,0.0,1.81,2.01,2.74,2.83,3.18,,Ligue 2,,20240224_Concarneau_Laval,-22.142106339309976,0.51,0.51,52.4,47.6
2024-02-24,Grenoble,Pau FC,0.0,1.0,3.0,4.0,11.0,6.0,3.0,1.0,1.0,2.0,0.0,0.0,1.8,3.4,4.33,1.9,1.88,-0.5,1.82,1.98,1.87,3.53,4.59,,Ligue 2,,20240224_Grenoble_Pau-FC,24.906906266481883,2.04,1.94,50.3,49.7
2024-02-24,Quevilly Rouen,Paris FC,0.0,0.0,3.0,2.0,9.0,4.0,3.0,3.0,0.0,1.0,0.0,0.0,2.4,3.1,2.9,2.25,1.61,0.0,1.77,2.05,2.65,3.05,3.06,,Ligue 2,,20240224_Quevilly-Rouen_Paris-FC,-72.02734910836034,0.84,1.14,39.4,60.6
2024-02-24,St Etienne,Annecy,2.0,1.0,4.0,5.0,3.0,10.0,1.0,7.0,3.0,0.0,0.0,0.0,1.6,3.8,5.25,1.87,1.91,-1.0,1.96,1.85,1.59,3.9,6.54,,Ligue 2,,20240224_St-Etienne_Annecy,110.54204870707213,1.39,0.05,58.4,41.6
2024-02-24,Troyes,Dunkerque,1.0,2.0,3.0,2.0,8.0,2.0,3.0,4.0,1.0,1.0,0.0,0.0,2.05,3.4,3.3,2.08,1.72,-0.25,1.83,1.98,2.16,3.26,3.78,,Ligue 2,,20240224_Troyes_Dunkerque,132.71702292760892,0.58,1.0,57.1,42.9
2024-02-24,Valenciennes,Rodez,0.0,2.0,4.0,7.0,4.0,7.0,4.0,3.0,1.0,0.0,0.0,0.0,3.0,3.2,2.3,2.12,1.7,0.25,1.79,2.02,3.1,3.26,2.48,,Ligue 2,,20240224_Valenciennes_Rodez,-120.47434286199905,0.05,2.07,40.7,59.3
2024-02-26,Caen,Angers,2.0,0.0,5.0,2.0,7.0,12.0,3.0,8.0,1.0,1.0,0.0,0.0,2.38,3.2,3.1,2.3,1.59,-0.25,2.11,1.73,2.59,3.02,3.17,,Ligue 2,,20240226_Caen_Angers,-32.66429862978339,1.75,1.05,48.5,51.5
2024-03-02,Annecy,Quevilly Rouen,0.0,0.0,4.0,3.0,3.0,4.0,10.0,0.0,1.0,1.0,0.0,0.0,2.8,3.1,2.55,2.59,1.47,0.0,2.01,1.81,3.04,2.8,2.89,,Ligue 2,,20240302_Annecy_Quevilly-Rouen,-39.731165299625445,0.41,1.07,45.5,54.5
2024-03-02,Auxerre,Valenciennes,0.0,0.0,3.0,2.0,14.0,3.0,12.0,3.0,2.0,4.0,0.0,0.0,1.3,5.25,9.0,1.77,2.01,-1.5,2.01,1.8,1.34,5.0,10.92,,Ligue 2,,20240302_Auxerre_Valenciennes,277.56925327796625,0.29,1.24,61.5,38.5
2024-03-02,Bastia,Grenoble,1.0,0.0,4.0,2.0,10.0,5.0,4.0,5.0,4.0,1.0,0.0,0.0,2.45,3.1,2.9,2.32,1.58,0.0,1.78,2.04,2.66,3.01,3.07,,Ligue 2,,20240302_Bastia_Grenoble,-11.507892731596712,0.07,0.48,53.7,46.3
2024-03-02,Dunkerque,Concarneau,2.0,2.0,4.0,7.0,4.0,7.0,2.0,5.0,2.0,3.0,0.0,0.0,2.3,3.1,3.2,2.32,1.58,-0.25,1.91,1.89,2.29,3.09,3.67,,Ligue 2,,20240302_Dunkerque_Concarneau,-46.963162764086974,0.78,0.88,45.9,54.1
2024-03-02,Guingamp,Troyes,0.0,0.0,4.0,1.0,11.0,4.0,7.0,5.0,2.0,2.0,0.0,0.0,1.8,3.4,4.75,2.15,1.67,-0.75,2.08,1.75,1.88,3.35,4.82,,Ligue 2,,20240302_Guingamp_Troyes,-22.733394290464503,0.79,1.14,49.1,50.9
2024-03-02,Laval,Amiens,1.0,1.0,4.0,4.0,11.0,4.0,7.0,6.0,0.0,1.0,0.0,0.0,2.0,3.2,4.0,2.75,1.42,-0.25,1.87,1.93,2.29,2.9,3.94,,Ligue 2,,20240302_Laval_Amiens,33.57771024085355,1.65,1.61,43.6,56.4
2024-03-02,Paris FC,St Etienne,0.0,0.0,3.0,3.0,4.0,8.0,6.0,6.0,1.0,2.0,0.0,0.0,2.45,3.2,2.88,2.11,1.7,-0.25,2.06,1.76,2.5,3.15,3.18,,Ligue 2,,20240302_Paris-FC_St-Etienne,-20.300597911713567,0.51,0.05,52.7,47.3
2024-03-02,Pau FC,Caen,2.0,3.0,8.0,3.0,11.0,4.0,8.0,1.0,1.0,1.0,0.0,0.0,2.88,3.2,2.45,2.16,1.67,0.25,1.73,2.12,3.14,3.09,2.56,,Ligue 2,,20240302_Pau-FC_Caen,-26.21191282328482,1.1,1.34,55.7,44.3
2024-03-02,Rodez,Bordeaux,2.0,2.0,3.0,3.0,10.0,5.0,7.0,6.0,0.0,1.0,0.0,0.0,2.55,3.4,2.63,1.79,1.98,0.0,1.8,2.01,2.56,3.43,2.85,,Ligue 2,,20240302_Rodez_Bordeaux,-34.98535962634833,0.71,1.04,53.0,47.0
2024-03-04,Angers,Ajaccio,3.0,1.0,6.0,8.0,6.0,5.0,4.0,3.0,1.0,2.0,0.0,0.0,2.2,3.0,3.5,3.21,1.33,-0.5,2.02,1.79,2.08,2.92,4.73,,Ligue 2,,20240304_Angers_Ajaccio,-16.170855420528824,1.73,0.91,46.2,53.8
2024-03-09,Ajaccio,Annecy,1.0,3.0,7.0,6.0,4.0,15.0,3.0,5.0,2.0,2.0,0.0,0.0,2.05,3.0,4.2,3.47,1.29,-0.5,2.03,1.79,2.06,2.84,5.07,,Ligue 2,,20240309_Ajaccio_Annecy,124.40898480738792,0.14,1.04,54.1,45.9
2024-03-09,Amiens,Rodez,1.0,1.0,3.0,2.0,13.0,7.0,7.0,4.0,3.0,2.0,0.0,1.0,2.5,3.0,3.0,2.22,1.63,0.0,1.81,2.01,2.69,2.99,3.06,,Ligue 2,,20240309_Amiens_Rodez,-13.948508668307113,0.78,0.54,48.6,51.4
2024-03-09,Bordeaux,Quevilly Rouen,0.0,0.0,4.0,1.0,10.0,5.0,7.0,3.0,1.0,1.0,0.0,0.0,1.91,3.5,4.0,2.06,1.74,-0.25,1.87,1.94,2.24,3.27,3.57,,Ligue 2,,20240309_Bordeaux_Quevilly-Rouen,85.52623298988033,0.19,1.31,48.5,51.5
2024-03-09,Caen,Paris FC,0.0,1.0,1.0,2.0,8.0,14.0,2.0,5.0,0.0,2.0,0.0,0.0,2.38,2.9,3.3,2.31,1.59,-0.25,2.03,1.79,2.55,3.06,3.19,,Ligue 2,,20240309_Caen_Paris-FC,19.29091957715309,1.7,0.79,46.6,53.4
2024-03-09,Concarneau,Guingamp,2.0,3.0,6.0,7.0,2.0,10.0,3.0,6.0,0.0,3.0,0.0,0.0,3.4,3.1,2.2,2.64,1.46,0.25,1.89,1.92,3.71,2.95,2.35,,Ligue 2,,20240309_Concarneau_Guingamp,-32.670341489716066,1.07,2.29,43.5,56.5
2024-03-09,Dunkerque,Pau FC,1.0,0.0,6.0,2.0,6.0,3.0,7.0,2.0,1.0,2.0,0.0,0.0,2.3,3.1,3.2,2.13,1.7,-0.25,1.92,1.89,2.4,3.2,3.29,,Ligue 2,,20240309_Dunkerque_Pau-FC,-58.61792455973523,1.33,0.53,42.3,57.7
2024-03-09,St Etienne,Auxerre,1.0,0.0,6.0,3.0,8.0,8.0,6.0,9.0,2.0,3.0,0.0,0.0,3.0,3.25,2.38,1.96,1.82,0.0,1.87,1.94,2.71,3.24,2.82,,Ligue 2,,20240309_St-Etienne_Auxerre,-96.79427949152773,0.63,1.06,50.6,49.4
2024-03-09,Troyes,Bastia,2.0,0.0,5.0,3.0,5.0,9.0,2.0,3.0,3.0,1.0,0.0,1.0,2.63,3.0,2.88,2.2,1.65,0.0,1.84,1.98,2.75,3.12,2.87,,Ligue 2,,20240309_Troyes_Bastia,27.78120186975707,1.33,0.93,47.0,53.0
2024-03-09,Valenciennes,Angers,0.0,0.0,2.0,5.0,3.0,8.0,1.0,6.0,2.0,1.0,0.0,0.0,3.8,3.2,2.05,2.65,1.46,0.5,1.87,1.93,4.63,3.2,1.97,,Ligue 2,,20240309_Valenciennes_Angers,-173.12007570923856,0.88,1.78,46.3,53.7
2024-03-11,Grenoble,Laval,0.0,2.0,1.0,6.0,3.0,9.0,4.0,7.0,3.0,3.0,0.0,0.0,2.3,3.0,3.4,2.69,1.44,-0.25,1.95,1.86,2.4,2.87,3.72,,Ligue 2,,20240311_Grenoble_Laval,-32.303108183704126,1.62,0.91,48.8,51.2
2024-03-16,Angers,Amiens,1.0,3.0,3.0,6.0,8.0,8.0,3.0,5.0,0.0,2.0,0.0,0.0,1.85,3.25,4.5,2.3,1.59,-0.5,1.79,2.01,1.82,3.44,5.12,,Ligue 2,,20240316_Angers_Amiens,51.34423612642149,0.82,1.05,62.0,38.0
2024-03-16,Annecy,Bordeaux,3.0,1.0,5.0,3.0,6.0,8.0,11.0,4.0,2.0,2.0,0.0,0.0,3.2,3.3,2.25,2.04,1.75,0.0,1.9,1.91,2.73,3.25,2.78,,Ligue 2,,20240316_Annecy_Bordeaux,-103.5068141255399,1.66,2.1,44.4,55.6
2024-03-16,Auxerre,Caen,2.0,1.0,6.0,3.0,17.0,7.0,15.0,5.0,1.0,1.0,0.0,0.0,1.65,3.8,5.0,1.92,1.85,-0.75,1.95,1.86,1.74,3.81,5.12,,Ligue 2,,20240316_Auxerre_Caen,93.80957131541186,1.98,1.59,52.1,47.9
2024-03-16,Bastia,St Etienne,0.0,4.0,3.0,9.0,7.0,5.0,4.0,5.0,2.0,1.0,0.0,0.0,2.7,3.1,2.63,2.17,1.66,0.5,1.79,2.03,4.18,3.28,2.04,,Ligue 2,,20240316_Bastia_St-Etienne,-63.14026216836987,0.72,1.88,48.6,51.4
2024-03-16,Guingamp,Valenciennes,3.0,0.0,8.0,0.0,6.0,5.0,4.0,3.0,1.0,1.0,0.0,0.0,1.55,3.8,6.5,2.41,1.54,-1.0,1.88,1.93,1.46,4.12,9.0,,Ligue 2,,20240316_Guingamp_Valenciennes,139.9759616677934,1.58,0.27,59.2,40.8
2024-03-16,Laval,Dunkerque,1.0,2.0,6.0,4.0,7.0,7.0,7.0,4.0,1.0,4.0,0.0,0.0,1.95,3.2,4.2,2.88,1.39,-0.5,1.96,1.84,1.99,3.1,4.75,,Ligue 2,,20240316_Laval_Dunkerque,85.69133168116491,1.46,0.96,57.0,43.0
2024-03-16,Paris FC,Ajaccio,2.0,0.0,4.0,5.0,6.0,7.0,5.0,3.0,2.0,1.0,0.0,0.0,2.2,2.9,3.75,3.16,1.34,-0.25,1.79,2.03,2.22,2.83,4.32,,Ligue 2,,20240316_Paris-FC_Ajaccio,10.566015399209846,0.81,1.02,46.7,53.3
2024-03-16,Pau FC,Concarneau,2.0,0.0,4.0,0.0,11.0,10.0,9.0,2.0,1.0,3.0,0.0,0.0,2.15,3.3,3.4,2.11,1.7,-0.5,2.02,1.8,2.08,3.31,4.0,,Ligue 2,,20240316_Pau-FC_Concarneau,11.74857056341034,1.31,1.63,45.6,54.4
2024-03-16,Quevilly Rouen,Troyes,1.0,1.0,3.0,1.0,6.0,4.0,1.0,1.0,5.0,1.0,0.0,0.0,1.95,3.25,4.0,2.31,1.59,-0.5,2.0,1.8,2.09,3.13,4.22,,Ligue 2,,20240316_Quevilly-Rouen_Troyes,-87.1780137625035,1.02,1.4,53.3,46.7
2024-03-16,Rodez,Grenoble,3.0,1.0,5.0,4.0,8.0,5.0,5.0,6.0,2.0,3.0,0.0,0.0,2.2,3.25,3.3,1.95,1.83,-0.25,1.79,2.02,2.18,3.26,3.74,,Ligue 2,,20240316_Rodez_Grenoble,25.392166414230815,1.73,1.42,45.2,54.8
2024-03-30,Amiens,Pau FC,2.0,3.0,4.0,6.0,6.0,8.0,1.0,5.0,3.0,3.0,0.0,0.0,2.05,3.3,3.6,2.27,1.61,-0.5,1.95,1.84,1.96,3.24,4.51,,Ligue 2,,20240330_Amiens_Pau-FC,15.579371279175348,0.62,1.42,48.5,51.5
2024-03-30,Bordeaux,Paris FC,3.0,3.0,7.0,7.0,9.0,5.0,3.0,3.0,3.0,4.0,0.0,0.0,2.3,3.25,3.1,1.95,1.83,-0.25,1.95,1.85,2.35,3.27,3.25,,Ligue 2,,20240330_Bordeaux_Paris-FC,-26.331743428010896,1.55,1.39,46.5,53.5
2024-03-30,Concarneau,Angers,2.0,4.0,5.0,9.0,5.0,8.0,4.0,2.0,1.0,1.0,0.0,0.0,2.88,3.2,2.45,2.21,1.64,0.5,1.79,2.02,3.92,3.33,2.06,,Ligue 2,,20240330_Concarneau_Angers,-74.33978606664209,1.21,0.33,48.8,51.2
2024-03-30,Dunkerque,Annecy,0.0,2.0,1.0,6.0,6.0,10.0,2.0,7.0,2.0,3.0,0.0,0.0,2.38,3.1,3.1,2.3,1.59,0.0,1.74,2.1,2.64,2.93,3.14,,Ligue 2,,20240330_Dunkerque_Annecy,15.767058327129917,0.82,0.45,45.0,55.0
2024-03-30,Grenoble,Guingamp,0.0,0.0,3.0,0.0,7.0,10.0,10.0,0.0,3.0,1.0,0.0,0.0,2.8,3.0,2.7,2.47,1.51,0.0,2.04,1.79,3.11,2.85,2.73,,Ligue 2,,20240330_Grenoble_Guingamp,-60.200690758612154,0.79,0.74,52.0,48.0
2024-03-30,Laval,Bastia,1.0,2.0,10.0,3.0,8.0,3.0,6.0,4.0,3.0,3.0,0.0,0.0,2.1,3.0,4.0,2.64,1.46,-0.5,2.05,1.78,2.1,3.01,4.33,,Ligue 2,,20240330_Laval_Bastia,35.888181539794004,1.11,2.2,51.3,48.7
2024-03-30,Quevilly Rouen,Caen,1.0,2.0,6.0,4.0,9.0,2.0,10.0,3.0,2.0,3.0,0.0,0.0,2.3,3.1,3.2,2.35,1.57,-0.25,2.01,1.8,2.52,2.84,3.45,,Ligue 2,,20240330_Quevilly-Rouen_Caen,-61.13240792301485,0.48,1.68,51.4,48.6
2024-03-30,Troyes,Rodez,2.0,3.0,5.0,7.0,11.0,10.0,6.0,8.0,0.0,1.0,0.0,0.0,2.7,3.3,2.55,1.93,1.84,0.0,2.04,1.79,3.01,3.3,2.48,,Ligue 2,,20240330_Troyes_Rodez,23.53186809223098,1.29,1.37,56.5,43.5
2024-03-30,Valenciennes,St Etienne,0.0,2.0,5.0,3.0,7.0,5.0,3.0,4.0,0.0,2.0,0.0,0.0,5.5,3.6,1.65,1.84,1.94,1.0,2.04,1.78,7.64,4.19,1.48,,Ligue 2,,20240330_Valenciennes_St-Etienne,-191.83680355206002,0.05,1.57,41.6,58.4
2024-04-01,Ajaccio,Auxerre,0.0,1.0,7.0,2.0,7.0,6.0,5.0,4.0,3.0,2.0,0.0,0.0,3.8,3.1,2.1,2.57,1.48,0.5,1.76,2.06,4.34,3.06,2.07,,Ligue 2,,20240401_Ajaccio_Auxerre,-118.80691857517809,0.22,1.56,43.4,56.6
2024-04-06,Angers,Laval,1.0,1.0,3.0,3.0,5.0,7.0,8.0,2.0,2.0,2.0,0.0,1.0,2.0,3.2,4.33,2.38,1.55,-0.25,1.82,1.99,2.2,3.12,3.8,,Ligue 2,,20240406_Angers_Laval,33.51934312835533,1.12,0.64,52.0,48.0
2024-04-06,Annecy,Valenciennes,2.0,1.0,12.0,1.0,4.0,5.0,4.0,2.0,2.0,0.0,0.0,0.0,1.65,3.6,5.5,2.24,1.63,-1.0,2.02,1.8,1.59,3.82,6.55,,Ligue 2,,20240406_Annecy_Valenciennes,91.76132555701474,1.38,1.36,55.1,44.9
2024-04-06,Bastia,Dunkerque,1.0,1.0,4.0,3.0,2.0,7.0,2.0,3.0,2.0,1.0,0.0,0.0,2.05,3.25,3.8,2.3,1.6,-0.5,2.05,1.75,2.14,3.16,3.91,,Ligue 2,,20240406_Bastia_Dunkerque,45.7803244399272,0.71,0.62,43.9,56.1
2024-04-06,Caen,Bordeaux,0.0,1.0,3.0,3.0,13.0,8.0,7.0,2.0,3.0,2.0,0.0,0.0,2.3,3.25,3.1,1.91,1.85,-0.25,1.93,1.88,2.2,3.45,3.4,,Ligue 2,,20240406_Caen_Bordeaux,8.822202858945502,1.93,1.05,55.3,44.7
2024-04-06,Guingamp,Amiens,0.0,0.0,6.0,5.0,17.0,5.0,13.0,4.0,1.0,1.0,0.0,0.0,1.91,3.3,4.2,2.47,1.52,-0.5,2.0,1.8,2.1,3.04,4.28,,Ligue 2,,20240406_Guingamp_Amiens,33.38794392053296,0.21,0.4,52.3,47.7
2024-04-06,Paris FC,Grenoble,2.0,1.0,3.0,1.0,15.0,6.0,3.0,4.0,0.0,2.0,0.0,0.0,1.95,3.2,4.2,2.23,1.63,-0.5,1.94,1.85,1.96,3.15,4.68,,Ligue 2,,20240406_Paris-FC_Grenoble,74.57175193118724,0.52,0.87,62.2,37.8
2024-04-06,Pau FC,Ajaccio,1.0,1.0,6.0,1.0,10.0,2.0,6.0,2.0,1.0,2.0,0.0,0.0,2.55,3.0,3.0,2.92,1.38,-0.25,2.13,1.72,2.72,2.79,3.2,,Ligue 2,,20240406_Pau-FC_Ajaccio,-1.4023149864401603,1.12,1.05,49.7,50.3
2024-04-06,Rodez,Quevilly Rouen,3.0,3.0,7.0,10.0,5.0,3.0,6.0,7.0,3.0,3.0,1.0,0.0,2.2,3.25,3.3,2.1,1.71,-0.25,1.91,1.89,2.33,3.15,3.42,,Ligue 2,,20240406_Rodez_Quevilly-Rouen,80.4689869362112,1.46,1.54,48.5,51.5
2024-04-06,St Etienne,Concarneau,1.0,0.0,4.0,6.0,5.0,4.0,7.0,3.0,1.0,1.0,0.0,0.0,1.44,4.2,7.0,1.76,2.04,-1.25,2.0,1.81,1.41,4.71,8.04,,Ligue 2,,20240406_St-Etienne_Concarneau,125.9096654384798,0.46,0.8,53.1,46.9
2024-04-08,Auxerre,Troyes,2.0,0.0,4.0,0.0,9.0,7.0,6.0,3.0,2.0,2.0,0.0,0.0,1.44,4.75,6.0,1.54,2.42,-1.25,1.92,1.87,1.44,4.72,7.33,,Ligue 2,,20240408_Auxerre_Troyes,112.1964828199823,1.57,0.97,53.8,46.2
2024-04-13,Ajaccio,St Etienne,2.0,0.0,4.0,2.0,4.0,6.0,3.0,7.0,1.0,2.0,0.0,1.0,4.0,3.0,2.05,2.61,1.47,0.25,2.09,1.75,4.12,3.18,2.07,,Ligue 2,,20240413_Ajaccio_St-Etienne,-75.44197647670148,1.39,0.65,40.9,59.1
2024-04-13,Bordeaux,Bastia,2.0,3.0,5.0,4.0,12.0,1.0,10.0,0.0,2.0,1.0,0.0,0.0,2.0,3.3,3.75,1.92,1.85,-0.5,1.88,1.91,1.92,3.57,4.19,,Ligue 2,,20240413_Bordeaux_Bastia,38.342396853327955,0.99,1.72,55.4,44.6
2024-04-13,Caen,Rodez,1.0,0.0,2.0,1.0,6.0,13.0,3.0,3.0,2.0,0.0,0.0,0.0,2.2,3.25,3.25,1.75,2.05,-0.25,1.85,1.95,2.11,3.35,3.75,,Ligue 2,,20240413_Caen_Rodez,-9.090404462829156,0.88,0.86,57.7,42.3
2024-04-13,Concarneau,Amiens,0.0,0.0,2.0,2.0,7.0,7.0,3.0,6.0,4.0,3.0,0.0,1.0,2.8,3.0,2.63,2.44,1.52,0.0,1.99,1.85,2.93,2.97,2.78,,Ligue 2,,20240413_Concarneau_Amiens,-56.43158690067935,1.5,0.05,56.6,43.4
2024-04-13,Dunkerque,Guingamp,0.0,1.0,0.0,6.0,10.0,8.0,1.0,4.0,3.0,2.0,1.0,0.0,3.5,3.1,2.15,2.41,1.54,0.25,1.91,1.89,3.66,2.98,2.32,,Ligue 2,,20240413_Dunkerque_Guingamp,-73.55205130029867,0.84,1.03,56.4,43.6
2024-04-13,Laval,Annecy,0.0,3.0,1.0,5.0,10.0,8.0,7.0,4.0,1.0,1.0,0.0,0.0,2.2,3.1,3.4,2.41,1.54,-0.25,1.91,1.89,2.3,2.98,3.72,,Ligue 2,,20240413_Laval_Annecy,38.12864416376374,1.62,2.37,49.6,50.4
2024-04-13,Quevilly Rouen,Auxerre,4.0,3.0,7.0,8.0,11.0,10.0,6.0,8.0,2.0,2.0,0.0,1.0,3.75,3.25,2.0,1.94,1.83,0.25,1.89,1.91,3.33,3.39,2.26,,Ligue 2,,20240413_Quevilly-Rouen_Auxerre,-196.09782893994748,0.89,1.6,39.0,61.0
2024-04-13,Troyes,Paris FC,1.0,2.0,4.0,4.0,10.0,6.0,5.0,2.0,1.0,3.0,0.0,0.0,3.3,3.0,2.3,2.17,1.66,0.25,1.82,1.99,3.27,3.0,2.5,,Ligue 2,,20240413_Troyes_Paris-FC,-35.98624823076102,0.24,0.74,45.6,54.4
2024-04-13,Valenciennes,Pau FC,1.0,4.0,3.0,6.0,9.0,8.0,0.0,6.0,1.0,2.0,0.0,0.0,3.0,3.1,2.38,2.17,1.66,0.25,1.87,1.93,3.39,3.12,2.37,,Ligue 2,,20240413_Valenciennes_Pau-FC,-143.77273344233322,1.06,1.72,40.6,59.4
2024-04-15,Grenoble,Angers,0.0,0.0,2.0,2.0,10.0,7.0,2.0,6.0,2.0,2.0,0.0,0.0,2.8,3.0,2.55,2.19,1.65,0.25,1.91,1.89,3.56,3.12,2.29,,Ligue 2,,20240415_Grenoble_Angers,-76.83613705256948,0.8,1.37,44.2,55.8
2024-04-20,Ajaccio,Caen,2.0,1.0,5.0,3.0,2.0,7.0,2.0,2.0,2.0,0.0,0.0,0.0,2.55,2.8,3.0,2.94,1.38,-0.25,2.02,1.79,2.54,2.75,3.54,,Ligue 2,,20240420_Ajaccio_Caen,-10.776119416727852,0.55,1.28,48.1,51.9
2024-04-20,Amiens,Dunkerque,0.0,1.0,4.0,7.0,4.0,6.0,3.0,1.0,2.0,2.0,0.0,0.0,2.05,3.25,3.5,2.44,1.53,-0.25,1.9,1.9,2.27,2.98,3.79,,Ligue 2,,20240420_Amiens_Dunkerque,50.028158918295276,1.21,1.07,46.4,53.6
2024-04-20,Angers,Troyes,2.0,1.0,4.0,4.0,2.0,5.0,4.0,4.0,1.0,2.0,0.0,0.0,1.62,3.5,5.25,1.9,1.87,-0.75,1.98,1.83,1.78,3.66,4.68,,Ligue 2,,20240420_Angers_Troyes,27.474309296665297,0.84,1.21,53.9,46.1
2024-04-20,Annecy,Grenoble,0.0,1.0,4.0,2.0,10.0,6.0,5.0,5.0,1.0,1.0,0.0,0.0,1.85,3.1,4.33,1.95,1.82,-0.5,2.02,1.79,2.06,3.43,3.81,,Ligue 2,,20240420_Annecy_Grenoble,18.19669066077813,0.2,1.05,51.5,48.5
2024-04-20,Concarneau,Quevilly Rouen,0.0,0.0,3.0,0.0,9.0,7.0,2.0,0.0,0.0,3.0,0.0,0.0,3.4,3.1,2.15,2.23,1.62,0.25,1.81,2.0,3.4,2.91,2.5,,Ligue 2,,20240420_Concarneau_Quevilly-Rouen,-29.445163049804478,0.28,1.05,52.3,47.7
2024-04-20,Guingamp,Bastia,0.0,1.0,6.0,2.0,12.0,3.0,9.0,2.0,1.0,1.0,0.0,0.0,1.7,3.4,5.0,2.41,1.54,-0.5,1.8,2.01,1.81,3.27,5.39,,Ligue 2,,20240420_Guingamp_Bastia,27.093879082567582,0.73,1.3,51.1,48.9
2024-04-20,Paris FC,Valenciennes,2.0,1.0,7.0,1.0,9.0,2.0,3.0,0.0,1.0,1.0,0.0,0.0,1.36,4.33,8.0,1.95,1.82,-1.25,1.84,1.96,1.35,4.72,10.7,,Ligue 2,,20240420_Paris-FC_Valenciennes,213.6288812447699,0.52,0.3,55.1,44.9
2024-04-20,Pau FC,Laval,3.0,0.0,7.0,3.0,7.0,12.0,8.0,6.0,1.0,2.0,0.0,0.0,2.55,3.0,2.88,2.2,1.65,-0.25,1.97,1.83,2.34,3.25,3.3,,Ligue 2,,20240420_Pau-FC_Laval,16.689236504136943,2.06,0.56,55.8,44.2
2024-04-20,Rodez,Auxerre,2.0,0.0,3.0,3.0,11.0,14.0,4.0,4.0,2.0,0.0,0.0,0.0,3.1,3.3,2.15,1.62,2.25,0.25,1.78,2.02,2.92,3.58,2.4,,Ligue 2,,20240420_Rodez_Auxerre,-115.26908829447098,0.45,1.35,39.9,60.1
2024-04-20,St Etienne,Bordeaux,2.0,1.0,7.0,5.0,17.0,9.0,8.0,10.0,5.0,4.0,1.0,0.0,1.67,3.8,4.33,1.7,2.11,-0.5,1.86,1.93,1.92,3.64,4.11,,Ligue 2,,20240420_St-Etienne_Bordeaux,45.38066517421453,0.67,0.86,53.3,46.7
2024-04-23,Auxerre,Laval,4.0,0.0,7.0,3.0,5.0,1.0,3.0,4.0,1.0,0.0,0.0,1.0,1.53,4.0,6.0,1.74,2.06,-1.0,1.89,1.91,1.54,4.22,6.36,,Ligue 2,,20240423_Auxerre_Laval,131.35110403567546,1.34,0.81,62.1,37.9
2024-04-23,Bastia,Concarneau,2.0,0.0,5.0,3.0,17.0,3.0,4.0,3.0,1.0,1.0,0.0,1.0,2.3,3.1,3.2,2.32,1.58,-0.25,1.86,1.95,2.28,3.1,3.6,,Ligue 2,,20240423_Bastia_Concarneau,79.91046049421107,0.89,0.84,55.7,44.3
2024-04-23,Bordeaux,Dunkerque,2.0,0.0,8.0,1.0,6.0,7.0,10.0,4.0,1.0,2.0,0.0,0.0,1.67,3.6,5.0,1.81,1.96,-0.75,1.93,1.87,1.78,3.48,5.2,,Ligue 2,,20240423_Bordeaux_Dunkerque,52.99891196568797,0.89,0.15,58.3,41.7
2024-04-23,Caen,Annecy,2.0,1.0,4.0,3.0,8.0,3.0,14.0,0.0,1.0,1.0,0.0,1.0,2.3,3.2,3.1,1.89,1.88,0.0,1.81,2.03,2.59,3.35,2.82,,Ligue 2,,20240423_Caen_Annecy,47.79790565265125,1.68,1.59,53.1,46.9
2024-04-23,Grenoble,St Etienne,0.0,2.0,3.0,5.0,10.0,8.0,9.0,5.0,1.0,1.0,0.0,0.0,3.6,3.3,2.0,1.91,1.87,0.5,1.8,2.0,3.9,3.43,2.03,,Ligue 2,,20240423_Grenoble_St-Etienne,-99.08719506119155,0.12,0.92,43.4,56.6
2024-04-23,Guingamp,Angers,1.0,2.0,3.0,3.0,9.0,6.0,3.0,5.0,2.0,1.0,0.0,0.0,2.25,3.1,3.4,2.41,1.54,-0.25,1.96,1.85,2.35,3.11,3.44,,Ligue 2,,20240423_Guingamp_Angers,-24.31792757615358,1.05,1.44,52.0,48.0
2024-04-23,Quevilly Rouen,Amiens,3.0,3.0,8.0,3.0,11.0,7.0,7.0,0.0,1.0,1.0,0.0,0.0,2.15,3.2,3.5,2.38,1.55,-0.25,1.95,1.85,2.42,3.08,3.33,,Ligue 2,,20240423_Quevilly-Rouen_Amiens,-10.420693944031882,1.24,0.93,43.7,56.3
2024-04-23,Rodez,Paris FC,1.0,0.0,4.0,6.0,4.0,14.0,3.0,9.0,1.0,0.0,0.0,0.0,2.4,3.3,2.8,2.07,1.73,0.0,1.78,2.07,2.61,3.11,3.01,,Ligue 2,,20240423_Rodez_Paris-FC,-41.03502703756226,1.0,0.11,49.5,50.5
2024-04-23,Troyes,Pau FC,2.0,2.0,6.0,5.0,8.0,6.0,6.0,2.0,3.0,0.0,0.0,0.0,2.38,3.3,2.88,1.89,1.88,-0.25,1.93,1.87,2.3,3.17,3.45,,Ligue 2,,20240423_Troyes_Pau-FC,-24.729277005643098,1.26,1.03,42.8,57.2
2024-04-23,Valenciennes,Ajaccio,1.0,0.0,3.0,4.0,10.0,11.0,4.0,3.0,2.0,5.0,1.0,1.0,5.0,2.9,1.91,3.57,1.28,0.5,1.79,2.01,5.22,2.8,2.03,,Ligue 2,,20240423_Valenciennes_Ajaccio,-184.74470574586962,1.32,0.96,47.5,52.5
2024-04-27,Ajaccio,Quevilly Rouen,1.0,1.0,4.0,4.0,7.0,6.0,8.0,1.0,0.0,2.0,0.0,0.0,2.6,2.9,3.0,2.86,1.4,0.0,2.01,1.83,3.08,2.86,2.75,,Ligue 2,,20240427_Ajaccio_Quevilly-Rouen,44.50645226692495,0.98,1.24,51.8,48.2
2024-04-27,Amiens,Troyes,0.0,0.0,2.0,1.0,6.0,12.0,3.0,6.0,2.0,1.0,0.0,0.0,2.2,3.3,3.2,2.18,1.66,0.0,1.79,2.07,2.6,3.2,2.94,,Ligue 2,,20240427_Amiens_Troyes,-19.249852293063213,0.45,1.24,50.6,49.4
2024-04-27,Annecy,Bastia,3.0,2.0,4.0,3.0,8.0,3.0,6.0,2.0,4.0,3.0,1.0,0.0,1.91,3.3,4.33,2.04,1.76,-0.5,1.83,1.97,1.87,3.6,4.38,,Ligue 2,,20240427_Annecy_Bastia,-71.20071889438918,1.95,2.01,39.8,60.2
2024-04-27,Concarneau,Rodez,1.0,2.0,4.0,4.0,8.0,8.0,4.0,6.0,1.0,1.0,0.0,0.0,2.7,3.25,2.55,1.88,1.89,0.25,1.88,1.92,3.43,3.24,2.28,,Ligue 2,,20240427_Concarneau_Rodez,-111.52916538342242,0.9,1.42,45.0,55.0
2024-04-27,Laval,Bordeaux,1.0,0.0,7.0,1.0,3.0,5.0,4.0,4.0,3.0,3.0,0.0,1.0,2.75,3.3,2.5,1.95,1.83,0.0,2.0,1.84,2.8,3.33,2.63,,Ligue 2,,20240427_Laval_Bordeaux,-45.02482284876828,0.93,0.7,46.7,53.3
2024-04-27,Paris FC,Angers,3.0,1.0,7.0,4.0,8.0,6.0,3.0,8.0,2.0,0.0,0.0,0.0,2.15,3.3,3.25,2.19,1.65,-0.25,1.99,1.82,2.21,3.23,3.62,,Ligue 2,,20240427_Paris-FC_Angers,-0.1608805686219057,1.34,0.97,54.5,45.5
2024-04-27,Pau FC,Guingamp,1.0,2.0,3.0,3.0,8.0,12.0,8.0,3.0,3.0,2.0,0.0,0.0,3.1,3.2,2.38,2.14,1.69,0.0,1.96,1.87,2.76,3.25,2.71,,Ligue 2,,20240427_Pau-FC_Guingamp,9.775585173845911,1.02,1.38,47.4,52.6
2024-04-27,St Etienne,Caen,1.0,0.0,5.0,3.0,6.0,17.0,4.0,6.0,0.0,3.0,0.0,1.0,1.7,3.75,4.75,1.69,2.12,-1.0,2.04,1.78,1.61,4.24,5.41,,Ligue 2,,20240427_St-Etienne_Caen,56.656492332678,1.17,2.07,54.3,45.7
2024-04-27,Valenciennes,Grenoble,2.0,0.0,6.0,1.0,8.0,14.0,2.0,5.0,2.0,2.0,0.0,0.0,3.8,3.25,2.05,2.06,1.73,0.25,1.89,1.92,3.13,3.27,2.42,,Ligue 2,,20240427_Valenciennes_Grenoble,-103.52989768392877,0.85,1.59,40.3,59.7
2024-04-29,Dunkerque,Auxerre,1.0,3.0,1.0,8.0,4.0,15.0,0.0,9.0,0.0,0.0,0.0,0.0,4.33,3.6,1.8,1.73,2.06,0.75,1.79,2.02,4.28,3.8,1.84,,Ligue 2,,20240429_Dunkerque_Auxerre,-175.02780042902305,1.72,1.54,42.1,57.9
2024-05-03,Angers,Pau FC,2.0,1.0,7.0,3.0,15.0,6.0,7.0,6.0,1.0,4.0,0.0,0.0,1.73,3.75,4.5,1.57,2.33,-1.0,2.05,1.77,1.64,4.27,5.05,,Ligue 2,,20240503_Angers_Pau-FC,37.19724830767814,1.68,1.52,52.0,48.0
2024-05-03,Bastia,Amiens,1.0,2.0,6.0,6.0,6.0,6.0,1.0,3.0,5.0,2.0,1.0,0.0,2.4,3.0,3.25,2.32,1.58,-0.25,2.05,1.76,2.53,3.0,3.22,,Ligue 2,,20240503_Bastia_Amiens,36.63169341944081,1.2,1.78,54.9,45.1
2024-05-03,Bordeaux,Ajaccio,4.0,0.0,6.0,1.0,12.0,4.0,5.0,4.0,0.0,2.0,0.0,0.0,1.95,3.1,4.33,2.13,1.68,-0.5,1.95,1.84,1.98,3.32,4.26,,Ligue 2,,20240503_Bordeaux_Ajaccio,-5.8767404318773515,1.62,0.95,50.9,49.1
2024-05-03,Caen,Laval,1.0,0.0,7.0,2.0,9.0,4.0,4.0,8.0,1.0,1.0,0.0,0.0,2.0,3.2,3.8,2.18,1.65,-0.25,1.81,2.0,2.19,3.25,3.64,,Ligue 2,,20240503_Caen_Laval,29.50910934386161,1.91,0.69,55.6,44.4
2024-05-03,Grenoble,Concarneau,2.0,1.0,6.0,2.0,3.0,7.0,6.0,7.0,2.0,1.0,0.0,0.0,2.15,3.3,3.25,1.78,2.0,-0.25,1.87,1.94,2.2,3.53,3.32,,Ligue 2,,20240503_Grenoble_Concarneau,28.837536762911213,1.63,0.76,55.3,44.7
2024-05-03,Quevilly Rouen,Dunkerque,1.0,2.0,2.0,6.0,9.0,7.0,7.0,3.0,2.0,2.0,0.0,0.0,1.95,3.5,3.6,1.86,1.91,-0.5,2.02,1.78,2.09,3.32,3.83,,Ligue 2,,20240503_Quevilly-Rouen_Dunkerque,30.666607421783965,0.9,0.89,52.9,47.1
2024-05-03,Rodez,Annecy,1.0,3.0,5.0,6.0,7.0,6.0,9.0,3.0,0.0,1.0,0.0,0.0,2.25,3.75,2.88,1.63,2.21,-0.5,1.99,1.81,2.03,3.8,3.52,,Ligue 2,,20240503_Rodez_Annecy,78.09379097501142,1.05,0.21,52.3,47.7
2024-05-04,Auxerre,Paris FC,2.0,0.0,5.0,2.0,8.0,4.0,5.0,2.0,0.0,3.0,0.0,0.0,1.75,3.75,4.2,1.69,2.12,-0.5,1.86,1.92,1.93,3.65,4.03,,Ligue 2,,20240504_Auxerre_Paris-FC,58.043405794358705,1.22,0.51,52.6,47.4
2024-05-04,Guingamp,St Etienne,2.0,2.0,6.0,5.0,9.0,8.0,6.0,5.0,2.0,3.0,1.0,0.0,2.8,3.2,2.6,1.83,1.94,0.25,1.77,2.04,3.01,3.35,2.45,,Ligue 2,,20240504_Guingamp_St-Etienne,-70.918383075762,1.01,1.42,39.5,60.5
2024-05-10,Ajaccio,Grenoble,1.0,2.0,4.0,5.0,12.0,8.0,9.0,4.0,1.0,0.0,0.0,0.0,2.1,3.1,3.6,2.33,1.57,-0.25,1.91,1.89,2.35,2.98,3.6,,Ligue 2,,20240510_Ajaccio_Grenoble,36.269323409913795,0.81,1.02,52.1,47.9
2024-05-10,Amiens,Auxerre,0.0,0.0,7.0,2.0,7.0,7.0,4.0,4.0,1.0,2.0,0.0,0.0,4.0,3.6,1.85,1.56,2.37,0.5,1.88,1.91,3.76,3.78,1.96,,Ligue 2,,20240510_Amiens_Auxerre,-145.11607269356796,0.15,1.7,44.6,55.4
2024-05-10,Annecy,Angers,1.0,2.0,4.0,4.0,8.0,7.0,3.0,2.0,1.0,2.0,0.0,0.0,3.3,3.6,2.0,1.74,2.06,0.25,2.04,1.77,3.57,3.68,2.05,,Ligue 2,,20240510_Annecy_Angers,-68.25505279044705,1.04,1.38,47.4,52.6
2024-05-10,Concarneau,Bordeaux,4.0,2.0,10.0,4.0,8.0,5.0,5.0,4.0,0.0,0.0,0.0,1.0,2.9,3.4,2.3,1.7,2.12,0.25,1.8,2.02,2.91,3.69,2.36,,Ligue 2,,20240510_Concarneau_Bordeaux,-105.64856731758687,2.38,1.7,48.5,51.5
2024-05-10,Dunkerque,Caen,2.0,2.0,6.0,3.0,7.0,12.0,7.0,5.0,2.0,1.0,0.0,0.0,3.4,3.5,2.05,1.89,1.89,0.5,1.82,1.97,3.74,3.54,2.04,,Ligue 2,,20240510_Dunkerque_Caen,-75.74261578829805,1.06,1.05,45.4,54.6
2024-05-10,Laval,Troyes,1.0,2.0,9.0,3.0,14.0,5.0,10.0,2.0,5.0,1.0,0.0,0.0,2.05,3.5,3.4,1.89,1.88,-0.25,1.86,1.93,2.16,3.54,3.4,,Ligue 2,,20240510_Laval_Troyes,-20.10102054635695,1.58,1.28,43.1,56.9
2024-05-10,Paris FC,Guingamp,2.0,1.0,7.0,3.0,4.0,7.0,7.0,3.0,1.0,1.0,0.0,0.0,2.38,3.1,3.0,2.02,1.78,-0.25,1.97,1.84,2.35,3.31,3.22,,Ligue 2,,20240510_Paris-FC_Guingamp,33.71830081798453,2.05,1.56,52.9,47.1
2024-05-10,Pau FC,Bastia,1.0,2.0,1.0,6.0,5.0,7.0,6.0,6.0,3.0,2.0,0.0,0.0,1.91,3.5,4.0,1.64,2.22,-0.75,1.96,1.85,1.75,3.98,4.54,,Ligue 2,,20240510_Pau-FC_Bastia,-4.819250207987352,1.03,1.68,53.1,46.9
2024-05-10,St Etienne,Rodez,1.0,1.0,4.0,1.0,9.0,11.0,8.0,6.0,3.0,2.0,0.0,0.0,1.67,4.2,4.33,1.47,2.6,-0.75,1.85,1.95,1.71,4.17,4.6,,Ligue 2,,20240510_St-Etienne_Rodez,54.95127340631484,1.39,1.85,53.7,46.3
2024-05-10,Valenciennes,Quevilly Rouen,2.0,1.0,2.0,8.0,2.0,10.0,2.0,8.0,1.0,1.0,0.0,0.0,3.25,3.3,2.15,2.04,1.76,0.25,1.87,1.93,3.19,3.38,2.33,,Ligue 2,,20240510_Valenciennes_Quevilly-Rouen,-77.55606082082568,0.59,1.46,44.6,55.4
2024-05-17,Angers,Dunkerque,0.0,0.0,3.0,2.0,9.0,2.0,12.0,1.0,0.0,1.0,0.0,0.0,1.42,4.5,6.5,1.57,2.35,-1.25,2.0,1.81,1.45,4.63,6.56,,Ligue 2,,20240517_Angers_Dunkerque,110.73303511846166,1.0,0.33,65.0,35.0
2024-05-17,Auxerre,Concarneau,4.0,1.0,10.0,3.0,9.0,5.0,2.0,1.0,0.0,0.0,0.0,0.0,1.3,5.5,7.0,1.32,3.24,-1.5,1.95,1.85,1.37,5.47,6.8,,Ligue 2,,20240517_Auxerre_Concarneau,204.80644389238182,2.25,0.85,52.4,47.6
2024-05-17,Bastia,Paris FC,1.0,1.0,4.0,3.0,12.0,4.0,7.0,3.0,2.0,1.0,0.0,0.0,3.6,3.9,1.8,1.85,1.93,0.5,2.0,1.8,4.4,3.6,1.83,,Ligue 2,,20240517_Bastia_Paris-FC,-55.94016702505337,1.48,1.14,42.4,57.6
2024-05-17,Bordeaux,Pau FC,3.0,2.0,7.0,5.0,7.0,3.0,5.0,4.0,1.0,4.0,0.0,0.0,1.67,4.0,4.33,1.34,3.17,-0.75,1.9,1.9,1.75,4.34,3.99,,Ligue 2,,20240517_Bordeaux_Pau-FC,16.679711064113008,1.55,1.46,58.8,41.2
2024-05-17,Caen,Valenciennes,3.0,0.0,9.0,4.0,9.0,11.0,5.0,5.0,0.0,1.0,0.0,0.0,1.3,5.0,8.5,1.51,2.48,-1.5,1.98,1.83,1.32,5.31,8.74,,Ligue 2,,20240517_Caen_Valenciennes,131.53450410215964,1.31,0.67,61.3,38.7
2024-05-17,Grenoble,Amiens,1.0,3.0,3.0,8.0,11.0,10.0,4.0,5.0,1.0,0.0,0.0,0.0,2.3,3.4,2.88,1.82,1.95,-0.25,1.97,1.84,2.27,3.2,3.37,,Ligue 2,,20240517_Grenoble_Amiens,-20.611977700308216,1.08,1.05,50.1,49.9
2024-05-17,Guingamp,Laval,0.0,1.0,4.0,2.0,15.0,6.0,12.0,1.0,0.0,2.0,0.0,0.0,1.75,3.6,4.1,1.79,2.01,-0.75,1.92,1.88,1.75,3.52,5.03,,Ligue 2,,20240517_Guingamp_Laval,49.234516460169516,0.73,0.87,54.6,45.4
2024-05-17,Quevilly Rouen,St Etienne,2.0,1.0,3.0,7.0,8.0,21.0,4.0,8.0,2.0,0.0,0.0,0.0,4.75,4.1,1.57,1.43,2.73,1.0,1.89,1.92,4.96,4.29,1.61,,Ligue 2,,20240517_Quevilly-Rouen_St-Etienne,-147.3196041056167,2.35,0.29,47.4,52.6
2024-05-17,Rodez,Ajaccio,2.0,0.0,5.0,3.0,8.0,1.0,7.0,4.0,0.0,1.0,0.0,0.0,1.5,4.2,5.75,1.72,2.1,-1.25,1.93,1.87,1.41,4.63,7.46,,Ligue 2,,20240517_Rodez_Ajaccio,52.44373940086234,1.51,0.82,50.0,50.0
2024-05-17,Troyes,Annecy,1.0,1.0,6.0,6.0,16.0,5.0,8.0,5.0,3.0,3.0,0.0,0.0,2.45,3.75,2.45,1.55,2.37,0.0,1.92,1.91,2.59,3.82,2.49,,Ligue 2,,20240517_Troyes_Annecy,29.966038268352122,0.39,1.02,49.8,50.2
2024-08-16,Ajaccio,Rodez,1.0,0.0,4.0,0.0,4.0,5.0,3.0,4.0,2.0,0.0,0.0,0.0,2.2,3.1,3.1,2.41,1.54,0.0,1.96,1.89,2.86,3.04,2.79,,Ligue 2,,20240816_Ajaccio_Rodez,-72.84831940151298,0.65,0.84,57.4,42.6
2024-08-16,Amiens,Red Star,3.0,0.0,6.0,3.0,11.0,10.0,6.0,3.0,1.0,0.0,0.0,0.0,2.2,3.0,3.2,2.46,1.52,-0.25,2.07,1.76,2.58,2.91,3.25,,Ligue 2,,20240816_Amiens_Red-Star,109.15366668259776,2.17,1.18,51.8,48.2
2024-08-16,Clermont,Pau FC,2.0,2.0,5.0,4.0,8.0,7.0,4.0,6.0,1.0,3.0,0.0,1.0,1.85,3.3,3.9,2.15,1.68,-0.25,1.8,2.02,2.17,3.3,3.63,,Ligue 2,,20240816_Clermont_Pau-FC,127.13224847810284,0.51,2.07,46.1,53.9
2024-08-16,Dunkerque,Annecy,0.0,2.0,6.0,4.0,6.0,9.0,8.0,2.0,1.0,2.0,0.0,0.0,2.63,3.1,2.6,2.2,1.65,0.25,1.72,2.13,2.99,3.23,2.54,,Ligue 2,,20240816_Dunkerque_Annecy,-20.46543426865651,1.21,2.01,45.9,54.1
2024-08-16,Grenoble,Laval,2.0,1.0,4.0,1.0,2.0,8.0,4.0,4.0,2.0,0.0,0.0,0.0,2.15,3.0,3.4,2.4,1.55,-0.25,1.97,1.84,2.37,3.11,3.39,,Ligue 2,,20240816_Grenoble_Laval,-14.103843965516262,1.32,1.1,52.2,47.8
2024-08-16,Guingamp,Troyes,4.0,0.0,5.0,3.0,11.0,7.0,3.0,5.0,0.0,4.0,0.0,0.0,1.75,3.4,4.33,2.2,1.65,-0.75,1.84,1.98,1.65,3.56,6.41,,Ligue 2,,20240816_Guingamp_Troyes,-6.136298379573873,0.16,0.94,46.3,53.7
2024-08-17,Caen,Paris FC,0.0,2.0,5.0,5.0,4.0,8.0,9.0,3.0,3.0,1.0,0.0,0.0,2.4,3.2,2.8,2.13,1.69,0.0,1.97,1.88,2.81,3.13,2.76,,Ligue 2,,20240817_Caen_Paris-FC,-34.8463961010134,0.42,0.9,55.1,44.9
2024-08-19,Martigues,Lorient,0.0,1.0,1.0,7.0,2.0,11.0,1.0,11.0,0.0,0.0,0.0,0.0,3.6,3.3,1.95,2.09,1.72,0.75,1.85,1.98,5.1,3.63,1.75,,Ligue 2,,20240819_Martigues_Lorient,-73.67257777070745,0.62,1.76,47.9,52.1
2024-08-19,Metz,Bastia,1.0,1.0,5.0,3.0,13.0,4.0,9.0,1.0,1.0,3.0,0.0,0.0,1.85,3.3,3.9,2.39,1.56,-0.25,1.88,1.94,2.24,3.15,3.64,,Ligue 2,,20240819_Metz_Bastia,129.38034204051792,1.49,0.43,54.5,45.5
2024-08-23,Annecy,Martigues,2.0,4.0,7.0,5.0,18.0,5.0,19.0,3.0,3.0,1.0,0.0,0.0,1.67,3.5,4.75,2.18,1.66,-0.75,1.97,1.85,1.75,3.56,5.25,,Ligue 2,,20240823_Annecy_Martigues,9.193799131406422,1.56,2.47,51.9,48.1
2024-08-23,Bastia,Amiens,1.0,0.0,4.0,3.0,11.0,6.0,6.0,4.0,2.0,5.0,0.0,1.0,2.4,2.9,3.0,2.61,1.47,-0.25,1.97,1.84,2.35,2.94,3.66,,Ligue 2,,20240823_Bastia_Amiens,3.7547884067171253,1.28,0.05,43.5,56.5
2024-08-23,Laval,Guingamp,0.0,1.0,3.0,4.0,13.0,11.0,8.0,5.0,2.0,2.0,0.0,0.0,3.2,3.0,2.25,2.53,1.5,0.25,1.84,1.98,3.45,3.01,2.4,,Ligue 2,,20240823_Laval_Guingamp,-46.55488092009091,0.16,0.44,46.7,53.3
2024-08-23,Paris FC,Dunkerque,3.0,2.0,4.0,2.0,5.0,4.0,7.0,1.0,1.0,2.0,0.0,0.0,1.65,3.5,4.75,1.89,1.89,-0.75,1.94,1.88,1.74,3.73,5.03,,Ligue 2,,20240823_Paris-FC_Dunkerque,131.4947797093048,1.71,0.05,66.7,33.3
2024-08-23,Pau FC,Caen,1.0,0.0,2.0,4.0,5.0,18.0,0.0,7.0,1.0,2.0,2.0,0.0,2.63,3.2,2.55,1.89,1.89,0.0,2.0,1.86,2.82,3.31,2.62,,Ligue 2,,20240823_Pau-FC_Caen,-44.08346567637682,0.92,1.48,48.4,51.6
2024-08-23,Rodez,Metz,1.0,3.0,4.0,4.0,12.0,7.0,7.0,3.0,3.0,4.0,1.0,0.0,2.63,3.1,2.55,2.05,1.74,0.25,1.75,2.09,3.02,3.2,2.53,,Ligue 2,,20240823_Rodez_Metz,-106.90030400294268,0.97,1.19,41.6,58.4
2024-08-23,Troyes,Clermont,0.0,1.0,5.0,1.0,11.0,4.0,15.0,3.0,0.0,1.0,0.0,0.0,3.3,3.0,2.2,2.06,1.74,0.25,2.01,1.82,3.64,3.33,2.15,,Ligue 2,,20240823_Troyes_Clermont,-102.23763023391393,0.85,1.5,46.5,53.5
2024-08-24,Lorient,Grenoble,2.0,0.0,5.0,3.0,7.0,10.0,9.0,7.0,1.0,2.0,0.0,0.0,1.62,3.5,5.25,1.64,2.21,-1.0,1.86,2.0,1.47,4.74,6.56,,Ligue 2,,20240824_Lorient_Grenoble,96.46675627115337,1.47,0.34,53.8,46.2
2024-08-26,Red Star,Ajaccio,1.0,0.0,2.0,2.0,3.0,17.0,2.0,8.0,2.0,3.0,0.0,0.0,2.35,3.0,3.1,2.52,1.51,-0.5,1.86,1.94,1.85,3.27,5.11,,Ligue 2,,20240826_Red-Star_Ajaccio,-99.65261729285362,0.09,0.8,46.7,53.3
2024-08-30,Ajaccio,Troyes,2.0,1.0,5.0,4.0,18.0,4.0,7.0,3.0,7.0,0.0,0.0,1.0,2.0,3.0,3.8,2.61,1.47,-0.5,2.07,1.75,2.13,3.01,4.19,,Ligue 2,,20240830_Ajaccio_Troyes,-11.32799874818329,0.88,0.05,50.4,49.6
2024-08-30,Caen,Annecy,1.0,1.0,1.0,4.0,11.0,4.0,6.0,0.0,1.0,2.0,0.0,0.0,2.05,3.1,3.5,2.06,1.74,-0.5,1.95,1.85,1.96,3.44,4.14,,Ligue 2,,20240830_Caen_Annecy,30.797081568209478,1.86,0.6,48.2,51.8
2024-08-30,Clermont,Paris FC,0.0,1.0,2.0,3.0,4.0,3.0,4.0,4.0,0.0,1.0,1.0,0.0,3.25,3.1,2.15,2.01,1.78,0.25,1.85,1.97,3.19,3.35,2.34,,Ligue 2,,20240830_Clermont_Paris-FC,19.095417374962608,1.68,1.28,50.4,49.6
2024-08-30,Dunkerque,Rodez,1.0,0.0,3.0,1.0,10.0,12.0,3.0,9.0,2.0,2.0,0.0,0.0,2.45,3.2,2.7,1.96,1.82,0.0,1.89,1.97,2.7,3.24,2.78,,Ligue 2,,20240830_Dunkerque_Rodez,-86.03579552296014,0.78,0.64,50.7,49.3
2024-08-30,Grenoble,Pau FC,1.0,1.0,4.0,5.0,3.0,7.0,5.0,11.0,3.0,2.0,0.0,0.0,2.35,3.25,2.8,1.94,1.84,-0.25,1.96,1.85,2.33,3.3,3.26,,Ligue 2,,20240830_Grenoble_Pau-FC,-23.178474176864256,0.35,1.61,45.4,54.6
2024-08-30,Guingamp,Red Star,3.0,4.0,7.0,7.0,14.0,11.0,8.0,4.0,0.0,1.0,0.0,0.0,1.85,3.1,4.33,2.36,1.57,-0.5,1.81,1.99,1.84,3.3,5.14,,Ligue 2,,20240830_Guingamp_Red-Star,117.53610881511918,1.04,0.64,52.2,47.8
2024-08-30,Martigues,Bastia,0.0,1.0,1.0,4.0,12.0,5.0,8.0,3.0,2.0,2.0,0.0,0.0,3.3,2.9,2.2,2.35,1.57,0.25,1.94,1.87,3.73,3.05,2.26,,Ligue 2,,20240830_Martigues_Bastia,-38.551520245358006,0.38,1.54,46.3,53.7
2024-08-31,Amiens,Lorient,1.0,0.0,7.0,9.0,7.0,10.0,9.0,12.0,0.0,0.0,0.0,0.0,3.7,3.2,1.95,1.92,1.85,0.75,1.83,1.99,4.84,3.67,1.78,,Ligue 2,,20240831_Amiens_Lorient,-78.03603763867886,1.3,1.83,42.6,57.4
2024-08-31,Metz,Laval,1.0,1.0,3.0,4.0,17.0,3.0,4.0,3.0,1.0,1.0,0.0,0.0,1.7,3.2,5.0,2.21,1.64,-0.75,1.87,1.94,1.66,3.61,6.12,,Ligue 2,,20240831_Metz_Laval,193.33306903777498,1.42,0.12,53.2,46.8
2024-09-13,Annecy,Amiens,3.0,0.0,5.0,4.0,4.0,8.0,6.0,7.0,3.0,2.0,0.0,0.0,2.15,3.1,3.25,2.36,1.57,-0.25,1.95,1.86,2.37,3.1,3.34,,Ligue 2,,20240913_Annecy_Amiens,-40.08715692919645,1.79,0.97,47.5,52.5
2024-09-13,Bastia,Troyes,0.0,0.0,3.0,2.0,9.0,6.0,5.0,6.0,3.0,5.0,0.0,0.0,1.65,3.6,4.75,2.17,1.67,-0.75,2.02,1.8,1.83,3.43,4.87,,Ligue 2,,20240913_Bastia_Troyes,68.91227903022286,1.03,1.03,53.9,46.1
2024-09-13,Clermont,Dunkerque,0.0,1.0,1.0,4.0,5.0,4.0,3.0,3.0,2.0,2.0,0.0,0.0,1.95,3.0,3.9,2.09,1.72,-0.5,1.93,1.87,1.93,3.4,4.34,,Ligue 2,,20240913_Clermont_Dunkerque,138.3459207501437,0.39,1.49,55.4,44.6
2024-09-13,Laval,Ajaccio,1.0,1.0,1.0,2.0,0.0,0.0,6.0,5.0,4.0,5.0,0.0,0.0,2.45,2.8,3.1,2.96,1.38,-0.25,2.05,1.78,2.49,2.81,3.51,,Ligue 2,,20240913_Laval_Ajaccio,-25.100587986236405,1.63,0.05,40.2,59.8
2024-09-13,Lorient,Red Star,2.0,1.0,7.0,3.0,7.0,2.0,13.0,3.0,2.0,1.0,0.0,1.0,1.62,3.8,4.75,1.69,2.13,-0.75,1.82,2.0,1.66,4.15,4.91,,Ligue 2,,20240913_Lorient_Red-Star,146.1051663436117,2.03,1.51,56.8,43.2
2024-09-13,Pau FC,Martigues,3.0,0.0,9.0,3.0,10.0,5.0,5.0,3.0,1.0,2.0,0.0,0.0,2.15,3.0,3.4,2.07,1.73,-0.25,1.89,1.92,2.27,3.16,3.49,,Ligue 2,,20240913_Pau-FC_Martigues,8.175963899363069,2.28,0.05,53.0,47.0
2024-09-13,Rodez,Guingamp,1.0,2.0,2.0,3.0,2.0,0.0,5.0,5.0,2.0,0.0,0.0,0.0,2.63,3.2,2.45,2.11,1.7,0.25,1.98,1.84,3.73,3.22,2.15,,Ligue 2,,20240913_Rodez_Guingamp,3.2337355398694854,1.24,1.82,49.5,50.5
2024-09-14,Paris FC,Metz,1.0,2.0,7.0,5.0,6.0,2.0,5.0,2.0,1.0,3.0,0.0,0.0,2.25,3.0,3.1,2.14,1.68,-0.25,1.93,1.88,2.31,3.11,3.51,,Ligue 2,,20240914_Paris-FC_Metz,-44.231558919346526,0.26,1.48,48.8,51.2
2024-09-16,Grenoble,Caen,3.0,1.0,5.0,4.0,7.0,2.0,9.0,5.0,1.0,4.0,0.0,0.0,2.63,3.2,2.5,2.09,1.72,0.0,2.09,1.78,3.0,3.16,2.58,,Ligue 2,,20240916_Grenoble_Caen,-38.37271203284399,2.21,1.26,40.6,59.4
2024-09-20,Amiens,Clermont,1.0,0.0,6.0,3.0,6.0,13.0,5.0,8.0,0.0,0.0,0.0,0.0,2.5,2.9,2.88,2.44,1.53,-0.25,2.13,1.72,2.63,2.92,3.17,,Ligue 2,,20240920_Amiens_Clermont,-70.54844054468117,1.59,0.37,53.4,46.6
2024-09-20,Bastia,Paris FC,2.0,1.0,5.0,5.0,10.0,8.0,3.0,6.0,3.0,4.0,1.0,2.0,3.2,3.0,2.25,2.35,1.57,0.25,1.76,2.08,3.11,3.06,2.56,,Ligue 2,,20240920_Bastia_Paris-FC,-48.28353809189639,0.44,1.07,48.3,51.7
2024-09-20,Caen,Ajaccio,1.0,0.0,8.0,2.0,11.0,1.0,10.0,1.0,1.0,3.0,0.0,0.0,1.95,3.4,3.4,2.4,1.55,-0.25,1.78,2.07,2.09,3.36,3.78,,Ligue 2,,20240920_Caen_Ajaccio,8.073090857254101,1.52,0.88,52.6,47.4
2024-09-20,Dunkerque,Pau FC,3.0,2.0,6.0,4.0,8.0,12.0,5.0,5.0,4.0,5.0,0.0,0.0,2.6,3.0,2.63,2.08,1.72,0.25,1.73,2.1,2.95,3.17,2.6,,Ligue 2,,20240920_Dunkerque_Pau-FC,-31.607094463144676,1.46,0.96,48.4,51.6
2024-09-20,Guingamp,Annecy,2.0,2.0,8.0,4.0,6.0,4.0,6.0,4.0,1.0,2.0,0.0,0.0,1.7,3.5,4.5,1.99,1.79,-0.75,2.03,1.8,1.8,3.73,4.57,,Ligue 2,,20240920_Guingamp_Annecy,27.162759646851782,1.69,1.71,46.4,53.6
2024-09-20,Martigues,Grenoble,0.0,4.0,6.0,5.0,6.0,14.0,2.0,5.0,0.0,2.0,1.0,0.0,2.88,3.0,2.45,2.7,1.44,0.25,1.81,2.01,3.54,2.81,2.5,,Ligue 2,,20240920_Martigues_Grenoble,-11.633878955681439,0.58,0.83,50.6,49.4
2024-09-20,Red Star,Laval,0.0,3.0,2.0,5.0,10.0,9.0,2.0,5.0,2.0,1.0,0.0,0.0,2.25,3.2,3.1,2.19,1.66,0.0,1.82,2.04,2.58,3.17,2.98,,Ligue 2,,20240920_Red-Star_Laval,-48.427653028031045,1.13,1.32,57.0,43.0
2024-09-20,Troyes,Rodez,0.0,3.0,2.0,5.0,12.0,12.0,4.0,4.0,2.0,1.0,0.0,0.0,2.5,3.3,2.5,1.93,1.85,0.0,1.79,2.07,2.48,3.27,3.03,,Ligue 2,,20240920_Troyes_Rodez,-22.508777864655485,0.56,1.64,54.4,45.6
2024-09-21,Metz,Lorient,1.0,1.0,1.0,5.0,6.0,11.0,1.0,10.0,2.0,2.0,0.0,0.0,2.45,3.25,2.63,1.98,1.81,0.0,1.84,2.02,2.66,3.19,2.86,,Ligue 2,,20240921_Metz_Lorient,78.67928586891117,1.55,1.16,60.8,39.2
2024-09-24,Ajaccio,Grenoble,2.0,0.0,3.0,1.0,9.0,6.0,6.0,3.0,4.0,1.0,0.0,0.0,2.63,3.0,2.8,2.69,1.45,0.0,1.87,1.99,2.79,2.94,2.95,,Ligue 2,,20240924_Ajaccio_Grenoble,-19.659891945699428,1.81,1.08,48.6,51.4
2024-09-24,Annecy,Troyes,1.0,0.0,2.0,3.0,7.0,15.0,3.0,7.0,3.0,1.0,0.0,0.0,1.7,3.6,4.75,1.89,1.88,-0.75,2.0,1.82,1.76,3.64,4.96,,Ligue 2,,20240924_Annecy_Troyes,28.49557666778378,0.05,0.82,55.2,44.8
2024-09-24,Caen,Amiens,2.0,1.0,3.0,4.0,12.0,3.0,10.0,2.0,3.0,2.0,0.0,0.0,1.95,3.4,3.75,2.13,1.69,-0.5,1.98,1.82,1.99,3.43,4.06,,Ligue 2,,20240924_Caen_Amiens,-14.035937690359106,1.12,1.5,47.7,52.3
2024-09-24,Clermont,Red Star,1.0,1.0,4.0,3.0,7.0,3.0,6.0,4.0,2.0,1.0,0.0,0.0,2.1,3.2,3.5,1.96,1.82,-0.5,1.93,1.87,1.98,3.5,4.02,,Ligue 2,,20240924_Clermont_Red-Star,157.7067429863189,1.21,0.91,56.4,43.6
2024-09-24,Dunkerque,Bastia,2.0,1.0,3.0,4.0,9.0,7.0,5.0,2.0,0.0,2.0,0.0,0.0,3.1,3.0,2.4,2.44,1.53,0.0,2.1,1.78,3.13,2.97,2.61,,Ligue 2,,20240924_Dunkerque_Bastia,-69.83173271899136,1.35,1.26,57.1,42.9
2024-09-24,Metz,Martigues,6.0,0.0,9.0,5.0,9.0,7.0,5.0,5.0,1.0,2.0,0.0,0.0,1.36,4.5,8.0,1.85,1.93,-1.25,1.85,1.97,1.36,4.6,11.11,,Ligue 2,,20240924_Metz_Martigues,191.67005228426888,1.96,1.61,54.6,45.4
2024-09-24,Paris FC,Guingamp,2.0,0.0,8.0,5.0,2.0,4.0,2.0,2.0,1.0,2.0,0.0,0.0,2.5,3.1,2.88,2.2,1.65,-0.25,1.94,1.87,2.33,3.16,3.42,,Ligue 2,,20240924_Paris-FC_Guingamp,56.27782983396628,1.24,1.02,56.0,44.0
2024-09-24,Pau FC,Lorient,1.0,0.0,7.0,2.0,12.0,4.0,7.0,1.0,1.0,1.0,0.0,1.0,3.6,3.7,1.95,1.62,2.26,0.5,1.83,1.97,3.45,3.89,2.03,,Ligue 2,,20240924_Pau-FC_Lorient,-88.21374505368567,1.22,0.9,48.0,52.0
2024-09-24,Rodez,Laval,1.0,3.0,2.0,6.0,12.0,4.0,3.0,9.0,2.0,1.0,0.0,0.0,2.25,3.25,3.2,2.08,1.72,-0.25,1.92,1.89,2.26,3.21,3.49,,Ligue 2,,20240924_Rodez_Laval,36.52465316140456,0.61,1.14,48.5,51.5
2024-09-27,Amiens,Rodez,2.0,1.0,11.0,3.0,9.0,9.0,5.0,4.0,2.0,4.0,0.0,1.0,2.3,3.25,2.88,2.07,1.73,-0.25,2.08,1.76,2.55,3.11,3.08,,Ligue 2,,20240927_Amiens_Rodez,11.109554665287988,1.22,1.77,46.2,53.8
2024-09-27,Bastia,Annecy,2.0,2.0,10.0,2.0,10.0,7.0,3.0,3.0,1.0,4.0,0.0,0.0,2.3,2.88,3.25,2.29,1.6,-0.5,2.07,1.76,2.11,3.12,4.08,,Ligue 2,,20240927_Bastia_Annecy,35.20059053324235,0.76,0.08,49.9,50.1
2024-09-27,Grenoble,Clermont,3.0,0.0,5.0,3.0,5.0,4.0,5.0,8.0,1.0,1.0,0.0,1.0,2.35,3.25,2.8,2.03,1.76,-0.25,2.0,1.82,2.38,3.25,3.23,,Ligue 2,,20240927_Grenoble_Clermont,-75.20953388135376,1.21,1.5,47.8,52.2
2024-09-27,Laval,Pau FC,3.0,1.0,5.0,2.0,2.0,5.0,3.0,4.0,2.0,6.0,0.0,0.0,2.38,3.0,3.0,2.25,1.62,-0.25,2.08,1.76,2.51,3.03,3.23,,Ligue 2,,20240927_Laval_Pau-FC,-17.986764972663423,1.26,0.69,51.3,48.7
2024-09-27,Lorient,Ajaccio,3.0,0.0,10.0,3.0,17.0,4.0,8.0,3.0,2.0,2.0,0.0,1.0,1.48,4.1,5.5,2.03,1.76,-1.0,1.84,1.98,1.49,4.31,7.08,,Ligue 2,,20240927_Lorient_Ajaccio,75.50277729874938,1.42,0.81,56.7,43.3
2024-09-27,Martigues,Dunkerque,1.0,1.0,1.0,7.0,4.0,11.0,7.0,10.0,1.0,3.0,1.0,0.0,3.25,2.9,2.3,2.29,1.6,0.25,1.83,1.99,3.38,3.0,2.45,,Ligue 2,,20240927_Martigues_Dunkerque,-45.0498811784762,1.21,0.24,50.3,49.7
2024-09-28,Red Star,Paris FC,1.0,3.0,4.0,6.0,8.0,5.0,6.0,7.0,3.0,2.0,0.0,0.0,3.6,3.25,2.0,2.01,1.78,0.5,1.82,1.99,3.84,3.6,1.99,,Ligue 2,,20240928_Red-Star_Paris-FC,-175.70778388651138,1.0,1.97,40.4,59.6
2024-09-28,Troyes,Metz,2.0,1.0,5.0,2.0,1.0,10.0,1.0,2.0,3.0,2.0,0.0,0.0,3.5,3.4,1.95,1.99,1.79,0.5,1.99,1.81,4.44,3.62,1.85,,Ligue 2,,20240928_Troyes_Metz,-203.23797105599306,1.02,1.26,41.4,58.6
2024-09-30,Guingamp,Caen,3.0,1.0,9.0,2.0,4.0,4.0,7.0,6.0,2.0,3.0,0.0,0.0,2.0,3.3,3.6,2.04,1.75,-0.25,1.93,1.89,2.28,3.32,3.34,,Ligue 2,,20240930_Guingamp_Caen,-10.029109486533798,1.49,0.05,46.8,53.2
2024-10-04,Annecy,Red Star,1.0,0.0,4.0,0.0,9.0,9.0,3.0,5.0,0.0,2.0,0.0,0.0,2.05,3.4,3.6,1.95,1.83,-0.25,1.85,1.96,2.21,3.47,3.35,,Ligue 2,,20241004_Annecy_Red-Star,102.69698608194335,0.92,0.6,60.2,39.8
2024-10-04,Dunkerque,Troyes,2.0,1.0,7.0,11.0,5.0,11.0,5.0,8.0,1.0,3.0,0.0,1.0,2.15,3.3,3.4,2.08,1.72,-0.25,1.87,1.95,2.23,3.27,3.51,,Ligue 2,,20241004_Dunkerque_Troyes,24.79782209835048,0.83,0.66,46.8,53.2
2024-10-04,Paris FC,Laval,1.0,0.0,8.0,1.0,13.0,5.0,11.0,4.0,0.0,1.0,0.0,0.0,1.75,3.7,4.5,1.99,1.8,-0.75,1.87,1.94,1.68,3.65,5.72,,Ligue 2,,20241004_Paris-FC_Laval,92.22836062642591,0.91,1.17,51.8,48.2
2024-10-04,Rodez,Grenoble,2.0,1.0,6.0,2.0,6.0,2.0,6.0,0.0,3.0,3.0,0.0,0.0,2.4,3.4,2.8,1.86,1.92,-0.25,2.07,1.77,2.5,3.22,3.04,,Ligue 2,,20241004_Rodez_Grenoble,-11.1984400268625,0.84,0.91,47.5,52.5
2024-10-05,Ajaccio,Martigues,1.0,1.0,3.0,2.0,4.0,6.0,1.0,0.0,3.0,4.0,2.0,0.0,1.9,3.1,4.5,2.71,1.43,-0.5,1.91,1.89,1.93,3.18,4.82,,Ligue 2,,20241005_Ajaccio_Martigues,22.847873084741877,0.86,0.05,55.5,44.5
2024-10-05,Caen,Lorient,1.0,2.0,1.0,5.0,3.0,9.0,0.0,4.0,2.0,0.0,0.0,0.0,3.2,3.8,2.05,1.81,1.97,0.25,1.95,1.86,3.32,3.54,2.2,,Ligue 2,,20241005_Caen_Lorient,-65.9598534334873,0.8,1.63,53.3,46.7
2024-10-05,Clermont,Guingamp,4.0,1.0,6.0,7.0,3.0,16.0,3.0,10.0,4.0,3.0,0.0,0.0,2.6,3.3,2.63,2.25,1.62,0.25,1.9,1.92,3.54,3.17,2.28,,Ligue 2,,20241005_Clermont_Guingamp,21.31607422693355,2.54,0.05,41.6,58.4
2024-10-05,Metz,Amiens,3.0,2.0,7.0,4.0,8.0,2.0,2.0,1.0,3.0,2.0,0.0,0.0,1.67,3.7,5.25,2.21,1.63,-0.75,1.95,1.86,1.73,3.6,5.39,,Ligue 2,,20241005_Metz_Amiens,119.47960478429104,1.75,0.72,56.2,43.8
2024-10-18,Bastia,Clermont,0.0,0.0,4.0,2.0,16.0,4.0,11.0,5.0,2.0,4.0,0.0,1.0,2.15,3.0,3.1,2.54,1.49,-0.25,1.77,2.05,2.12,3.06,4.14,,Ligue 2,,20241018_Bastia_Clermont,-15.13729590771436,0.07,1.12,50.9,49.1
2024-10-18,Grenoble,Metz,2.0,0.0,5.0,7.0,8.0,6.0,3.0,10.0,0.0,2.0,0.0,0.0,3.2,3.2,2.05,2.15,1.67,0.5,1.81,2.0,4.06,3.28,2.05,,Ligue 2,,20241018_Grenoble_Metz,-163.03885764895654,1.35,1.37,43.9,56.1
2024-10-18,Guingamp,Pau FC,0.0,1.0,6.0,7.0,9.0,6.0,6.0,5.0,2.0,3.0,0.0,0.0,1.8,3.4,3.75,1.84,1.93,-0.5,1.83,1.97,1.88,3.62,4.33,,Ligue 2,,20241018_Guingamp_Pau-FC,17.739948896431997,0.89,2.13,51.1,48.9
2024-10-18,Laval,Dunkerque,3.0,2.0,3.0,7.0,0.0,7.0,0.0,3.0,1.0,2.0,0.0,0.0,2.1,3.1,3.3,2.14,1.68,-0.25,1.86,1.96,2.21,3.16,3.7,,Ligue 2,,20241018_Laval_Dunkerque,-17.818268501636794,1.17,1.51,55.8,44.2
2024-10-18,Martigues,Rodez,0.0,2.0,6.0,6.0,6.0,6.0,4.0,4.0,2.0,1.0,0.0,0.0,3.2,3.25,2.05,1.95,1.83,0.75,1.89,1.94,5.4,3.7,1.7,,Ligue 2,,20241018_Martigues_Rodez,-41.54169358364766,0.05,1.5,46.7,53.3
2024-10-18,Red Star,Caen,2.0,2.0,10.0,2.0,7.0,8.0,10.0,7.0,2.0,1.0,0.0,0.0,2.5,3.1,2.6,1.9,1.88,-0.25,2.07,1.75,2.5,3.26,3.02,,Ligue 2,,20241018_Red-Star_Caen,-102.1713163894899,0.83,0.16,45.0,55.0
2024-10-19,Amiens,Ajaccio,3.0,1.0,9.0,4.0,6.0,10.0,4.0,4.0,1.0,2.0,0.0,0.0,2.1,2.9,3.4,2.61,1.47,-0.5,1.87,1.93,1.88,3.11,5.25,,Ligue 2,,20241019_Amiens_Ajaccio,34.19692209639379,1.23,0.95,48.4,51.6
2024-10-19,Lorient,Annecy,4.0,2.0,9.0,4.0,10.0,5.0,6.0,1.0,1.0,2.0,0.0,0.0,1.48,4.0,5.5,1.66,2.17,-1.25,2.03,1.8,1.47,4.61,6.84,,Ligue 2,,20241019_Lorient_Annecy,67.82622647899552,1.1,1.16,50.7,49.3
2024-10-21,Troyes,Paris FC,0.0,3.0,3.0,6.0,8.0,5.0,6.0,3.0,1.0,3.0,0.0,0.0,3.8,3.3,1.83,1.91,1.87,0.5,2.01,1.79,4.56,3.67,1.82,,Ligue 2,,20241021_Troyes_Paris-FC,-139.27247820219782,0.48,1.36,56.2,43.8
2024-10-22,Pau FC,Bastia,1.0,1.0,4.0,4.0,4.0,6.0,6.0,3.0,2.0,2.0,0.0,0.0,2.25,3.1,3.2,2.27,1.61,-0.25,1.87,1.95,2.18,3.16,3.79,,Ligue 2,,20241022_Pau-FC_Bastia,-34.35841861678591,1.07,1.15,40.2,59.8
2024-10-25,Annecy,Laval,2.0,0.0,4.0,2.0,10.0,11.0,6.0,5.0,3.0,2.0,0.0,0.0,2.35,3.0,3.2,2.38,1.56,-0.25,1.91,1.9,2.3,3.09,3.57,,Ligue 2,,20241025_Annecy_Laval,1.5547398635758327,1.29,0.86,45.8,54.2
2024-10-25,Clermont,Martigues,0.0,1.0,2.0,4.0,8.0,6.0,4.0,3.0,2.0,4.0,0.0,0.0,1.73,3.7,4.5,2.05,1.74,-0.75,1.97,1.84,1.76,3.59,5.12,,Ligue 2,,20241025_Clermont_Martigues,107.76158453619564,0.47,0.86,55.8,44.2
2024-10-25,Dunkerque,Red Star,2.0,0.0,6.0,1.0,7.0,6.0,5.0,5.0,0.0,2.0,0.0,0.0,2.38,3.4,2.88,1.9,1.87,-0.25,2.03,1.79,2.46,3.4,2.96,,Ligue 2,,20241025_Dunkerque_Red-Star,97.71909859463904,1.28,0.8,53.1,46.9
2024-10-25,Metz,Guingamp,1.0,0.0,7.0,3.0,7.0,7.0,3.0,8.0,0.0,0.0,0.0,0.0,1.9,3.3,4.1,2.06,1.73,-0.5,1.89,1.91,1.93,3.44,4.32,,Ligue 2,,20241025_Metz_Guingamp,132.50001166251855,0.88,0.23,49.1,50.9
2024-10-25,Pau FC,Amiens,0.0,2.0,3.0,4.0,8.0,6.0,5.0,2.0,1.0,0.0,0.0,0.0,2.15,3.2,3.4,2.0,1.78,-0.25,2.05,1.78,2.53,3.21,3.02,,Ligue 2,,20241025_Pau-FC_Amiens,-16.369769428418522,1.22,0.11,57.7,42.3
2024-10-25,Rodez,Lorient,3.0,3.0,5.0,4.0,10.0,9.0,5.0,6.0,0.0,2.0,0.0,0.0,3.75,3.5,1.91,1.71,2.09,0.5,1.89,1.91,4.06,3.59,1.94,,Ligue 2,,20241025_Rodez_Lorient,-83.74947575008264,1.7,1.23,42.4,57.6
2024-10-26,Caen,Troyes,0.0,1.0,4.0,5.0,10.0,5.0,4.0,2.0,2.0,2.0,0.0,1.0,1.73,3.6,4.75,1.92,1.85,-0.5,1.95,1.85,1.97,3.6,3.91,,Ligue 2,,20241026_Caen_Troyes,39.49579328679397,1.12,0.57,59.6,40.4
2024-10-26,Paris FC,Grenoble,2.0,1.0,9.0,3.0,9.0,5.0,6.0,5.0,2.0,3.0,0.0,0.0,1.67,3.7,5.0,1.89,1.89,-1.0,1.96,1.86,1.57,3.93,6.55,,Ligue 2,,20241026_Paris-FC_Grenoble,106.71067013662037,1.02,1.22,50.4,49.6
2024-10-29,Amiens,Paris FC,0.0,0.0,3.0,4.0,12.0,10.0,6.0,2.0,1.0,2.0,0.0,0.0,3.4,3.0,2.25,2.28,1.6,0.25,1.9,1.91,3.57,3.03,2.33,,Ligue 2,,20241029_Amiens_Paris-FC,-82.62828843241914,0.5,1.05,44.7,55.3
2024-10-29,Bastia,Rodez,2.0,2.0,6.0,3.0,11.0,11.0,4.0,7.0,2.0,2.0,0.0,0.0,2.0,3.2,3.8,2.2,1.64,-0.25,1.86,1.96,2.25,3.22,3.53,,Ligue 2,,20241029_Bastia_Rodez,26.962886992433596,1.12,1.7,54.1,45.9
2024-10-29,Grenoble,Annecy,0.0,0.0,2.0,6.0,5.0,10.0,2.0,3.0,0.0,2.0,0.0,0.0,2.3,3.1,3.1,1.96,1.82,-0.5,1.9,1.89,1.91,3.53,4.28,,Ligue 2,,20241029_Grenoble_Annecy,-23.817823403521288,0.83,0.41,50.3,49.7
2024-10-29,Guingamp,Ajaccio,1.0,0.0,5.0,4.0,6.0,2.0,2.0,2.0,1.0,1.0,0.0,0.0,1.7,3.4,5.5,2.21,1.64,-0.75,1.91,1.9,1.69,3.67,5.52,,Ligue 2,,20241029_Guingamp_Ajaccio,23.171962785507276,0.95,0.85,50.9,49.1
2024-10-29,Laval,Clermont,1.0,2.0,4.0,4.0,10.0,5.0,3.0,4.0,1.0,2.0,0.0,0.0,2.38,3.0,3.1,2.32,1.58,-0.25,2.11,1.73,2.63,3.0,3.07,,Ligue 2,,20241029_Laval_Clermont,-46.420018885888794,0.37,1.98,45.6,54.4
2024-10-29,Lorient,Dunkerque,4.0,2.0,5.0,4.0,6.0,5.0,4.0,1.0,0.0,3.0,0.0,1.0,1.42,4.5,6.25,1.55,2.38,-1.25,1.84,1.97,1.42,4.84,7.56,,Ligue 2,,20241029_Lorient_Dunkerque,84.61679692313078,1.03,0.75,52.5,47.5
2024-10-29,Martigues,Caen,0.0,3.0,1.0,7.0,9.0,8.0,7.0,4.0,2.0,3.0,1.0,0.0,3.5,3.4,2.05,2.04,1.75,0.5,1.95,1.85,4.41,3.61,1.86,,Ligue 2,,20241029_Martigues_Caen,-18.89515872185393,0.24,1.58,57.4,42.6
2024-10-29,Red Star,Metz,1.0,0.0,2.0,1.0,4.0,15.0,0.0,13.0,2.0,1.0,0.0,0.0,3.6,3.4,2.0,1.98,1.8,0.5,1.8,2.0,3.8,3.48,2.04,,Ligue 2,,20241029_Red-Star_Metz,-248.12065309115474,1.89,1.24,43.4,56.6
2024-10-29,Troyes,Pau FC,3.0,0.0,10.0,2.0,8.0,7.0,2.0,5.0,1.0,3.0,0.0,0.0,2.5,3.25,2.8,1.94,1.83,0.0,1.99,1.87,2.83,3.29,2.62,,Ligue 2,,20241029_Troyes_Pau-FC,-27.335705968210732,2.14,0.62,56.9,43.1
2024-11-01,Annecy,Pau FC,2.0,0.0,5.0,2.0,3.0,7.0,2.0,10.0,5.0,5.0,1.0,0.0,2.25,3.3,3.1,2.04,1.75,-0.25,2.11,1.74,2.55,3.21,2.98,,Ligue 2,,20241101_Annecy_Pau-FC,34.244058401659686,0.48,0.19,53.1,46.9
2024-11-01,Clermont,Lorient,2.0,1.0,4.0,2.0,8.0,7.0,2.0,8.0,3.0,3.0,0.0,0.0,4.0,3.4,1.9,1.92,1.86,0.25,1.98,1.85,3.38,3.5,2.19,,Ligue 2,,20241101_Clermont_Lorient,-50.1704564910101,0.62,0.27,49.9,50.1
2024-11-01,Dunkerque,Amiens,3.0,1.0,8.0,6.0,7.0,6.0,3.0,1.0,4.0,1.0,0.0,0.0,2.35,3.1,3.0,2.16,1.67,-0.25,2.06,1.78,2.48,3.1,3.19,,Ligue 2,,20241101_Dunkerque_Amiens,-41.253126150692424,1.96,1.6,50.9,49.1
2024-11-01,Martigues,Red Star,0.0,1.0,0.0,6.0,7.0,12.0,5.0,11.0,3.0,1.0,1.0,0.0,3.3,3.2,2.2,2.08,1.72,0.25,1.97,1.85,3.53,3.32,2.2,,Ligue 2,,20241101_Martigues_Red-Star,41.060653598470935,0.61,0.64,48.9,51.1
2024-11-01,Paris FC,Rodez,3.0,3.0,7.0,6.0,6.0,6.0,6.0,3.0,1.0,3.0,0.0,0.0,1.65,3.7,5.25,1.77,2.02,-0.75,1.89,1.94,1.71,3.85,5.05,,Ligue 2,,20241101_Paris-FC_Rodez,101.67257616179359,1.04,1.48,57.5,42.5
2024-11-01,Troyes,Laval,0.0,0.0,5.0,1.0,4.0,8.0,5.0,5.0,3.0,2.0,0.0,0.0,2.15,3.1,3.5,2.17,1.67,-0.5,2.02,1.8,2.04,3.27,4.1,,Ligue 2,,20241101_Troyes_Laval,-0.663194870248617,0.16,1.0,47.8,52.2
2024-11-02,Caen,Bastia,2.0,0.0,2.0,1.0,1.0,16.0,1.0,11.0,1.0,1.0,0.0,0.0,2.2,3.2,3.3,2.26,1.62,-0.25,1.92,1.89,2.28,3.25,3.42,,Ligue 2,,20241102_Caen_Bastia,-45.70682267212851,0.71,0.93,43.6,56.4
2024-11-02,Guingamp,Grenoble,3.0,0.0,8.0,5.0,10.0,11.0,4.0,8.0,1.0,3.0,0.0,0.0,1.8,3.6,4.33,1.97,1.82,-0.75,1.93,1.89,1.71,3.79,5.1,,Ligue 2,,20241102_Guingamp_Grenoble,7.208589488321422,0.53,0.05,49.5,50.5
2024-11-04,Ajaccio,Metz,0.0,1.0,4.0,6.0,12.0,4.0,6.0,7.0,1.0,0.0,0.0,0.0,4.33,3.1,1.95,2.38,1.56,0.5,1.85,1.95,4.43,3.2,1.99,,Ligue 2,,20241104_Ajaccio_Metz,-162.78013705615035,1.2,1.71,46.8,53.2
2024-11-08,Ajaccio,Clermont,2.0,0.0,6.0,4.0,8.0,9.0,3.0,4.0,3.0,2.0,0.0,0.0,2.75,2.88,2.88,2.69,1.44,0.0,2.08,1.78,3.08,2.86,2.75,,Ligue 2,,20241108_Ajaccio_Clermont,-113.2172683412748,2.16,1.31,50.7,49.3
2024-11-08,Amiens,Martigues,1.0,1.0,10.0,4.0,16.0,4.0,10.0,0.0,1.0,2.0,0.0,0.0,1.5,4.0,6.5,1.94,1.84,-1.25,2.02,1.81,1.44,4.44,7.95,,Ligue 2,,20241108_Amiens_Martigues,86.83421076272975,1.21,0.74,50.5,49.5
2024-11-08,Grenoble,Dunkerque,0.0,1.0,0.0,4.0,11.0,5.0,2.0,1.0,1.0,3.0,0.0,0.0,2.63,3.2,2.63,2.13,1.69,0.0,1.92,1.92,2.76,3.18,2.77,,Ligue 2,,20241108_Grenoble_Dunkerque,-26.83045366058991,1.34,0.8,43.3,56.7
2024-11-08,Laval,Bastia,2.0,2.0,5.0,7.0,8.0,8.0,7.0,4.0,5.0,1.0,0.0,0.0,3.7,3.1,2.15,2.46,1.51,0.25,1.88,1.93,3.6,3.02,2.33,,Ligue 2,,20241108_Laval_Bastia,-42.681961317565765,1.26,1.47,50.2,49.8
2024-11-08,Red Star,Troyes,0.0,3.0,2.0,5.0,5.0,3.0,5.0,7.0,3.0,2.0,0.0,0.0,2.2,3.5,3.1,2.01,1.78,-0.25,2.05,1.78,2.43,3.41,3.0,,Ligue 2,,20241108_Red-Star_Troyes,-58.078112554597965,0.05,1.88,43.4,56.6
2024-11-08,Rodez,Annecy,5.0,1.0,9.0,4.0,6.0,5.0,3.0,4.0,0.0,1.0,0.0,0.0,1.95,3.5,3.7,1.81,1.98,-0.25,1.78,2.05,2.09,3.58,3.54,,Ligue 2,,20241108_Rodez_Annecy,-11.313934662774955,2.08,0.94,45.5,54.5
2024-11-09,Lorient,Guingamp,3.0,1.0,3.0,2.0,10.0,6.0,6.0,3.0,0.0,0.0,0.0,0.0,1.85,3.75,3.9,1.68,2.15,-0.5,1.82,1.98,1.86,3.72,4.24,,Ligue 2,,20241109_Lorient_Guingamp,71.86525457031712,1.91,1.33,55.7,44.3
2024-11-09,Metz,Caen,1.0,0.0,1.0,2.0,14.0,12.0,5.0,5.0,2.0,0.0,0.0,0.0,1.75,3.6,4.75,1.82,1.95,-1.0,1.99,1.82,1.58,4.13,5.94,,Ligue 2,,20241109_Metz_Caen,119.93662951911574,0.88,0.72,58.8,41.2
2024-11-09,Pau FC,Paris FC,0.0,0.0,2.0,5.0,9.0,11.0,3.0,8.0,1.0,2.0,0.0,0.0,3.3,3.5,2.1,1.8,1.98,0.25,1.83,1.99,2.99,3.49,2.39,,Ligue 2,,20241109_Pau-FC_Paris-FC,-139.41538769625208,0.05,0.86,49.6,50.4
2024-11-22,Caen,Rodez,3.0,3.0,5.0,4.0,0.0,2.0,10.0,8.0,0.0,2.0,0.0,0.0,2.2,3.5,3.1,1.7,2.11,-0.25,2.03,1.8,2.38,3.57,2.96,,Ligue 2,,20241122_Caen_Rodez,-30.853078339273907,1.48,1.92,48.0,52.0
2024-11-22,Clermont,Metz,1.0,1.0,4.0,4.0,8.0,6.0,7.0,2.0,2.0,1.0,0.0,0.0,3.6,3.1,2.2,2.22,1.64,0.25,1.88,1.93,3.51,3.16,2.28,,Ligue 2,,20241122_Clermont_Metz,-86.86703602833268,1.17,1.25,52.7,47.3
2024-11-22,Guingamp,Amiens,3.0,0.0,5.0,0.0,6.0,3.0,2.0,6.0,0.0,3.0,1.0,0.0,1.8,3.6,4.5,1.98,1.8,-0.5,1.98,1.83,2.06,3.37,3.89,,Ligue 2,,20241122_Guingamp_Amiens,-17.15096558552159,1.21,0.05,47.1,52.9
2024-11-22,Martigues,Laval,0.0,3.0,3.0,8.0,7.0,7.0,7.0,11.0,2.0,0.0,0.0,0.0,3.3,3.2,2.25,2.2,1.65,0.5,1.77,2.05,3.87,3.27,2.1,,Ligue 2,,20241122_Martigues_Laval,-42.98666837801625,0.71,1.07,46.3,53.7
2024-11-22,Pau FC,Red Star,4.0,1.0,6.0,3.0,19.0,4.0,6.0,2.0,1.0,1.0,0.0,0.0,1.91,3.4,3.9,1.93,1.85,-0.5,1.87,1.93,1.9,3.57,4.27,,Ligue 2,,20241122_Pau-FC_Red-Star,63.27039771307682,0.75,1.52,54.2,45.8
2024-11-22,Troyes,Grenoble,0.0,0.0,2.0,5.0,8.0,5.0,5.0,4.0,2.0,2.0,0.0,0.0,2.2,3.2,3.3,2.19,1.65,-0.25,1.86,1.95,2.21,3.22,3.62,,Ligue 2,,20241122_Troyes_Grenoble,19.341394778133463,0.4,0.58,46.0,54.0
2024-11-23,Bastia,Lorient,0.0,0.0,1.0,8.0,5.0,8.0,6.0,6.0,4.0,3.0,2.0,0.0,3.1,3.5,2.15,2.01,1.77,0.25,1.86,1.95,3.24,3.34,2.32,,Ligue 2,,20241123_Bastia_Lorient,-72.04237908878622,0.72,1.87,41.6,58.4
2024-11-23,Paris FC,Annecy,0.0,0.0,0.0,3.0,3.0,13.0,3.0,7.0,3.0,5.0,0.0,1.0,1.65,3.9,5.0,1.84,1.94,-1.0,2.02,1.8,1.6,4.12,5.71,,Ligue 2,,20241123_Paris-FC_Annecy,91.34740765428546,1.38,0.15,57.6,42.4
2024-11-25,Dunkerque,Ajaccio,1.0,0.0,6.0,0.0,16.0,1.0,6.0,2.0,2.0,3.0,0.0,1.0,2.05,3.2,3.9,2.44,1.53,-0.5,1.85,1.95,1.88,3.24,5.01,,Ligue 2,,20241125_Dunkerque_Ajaccio,55.49798808769992,1.2,0.61,53.0,47.0
2024-12-03,Ajaccio,Bastia,0.0,0.0,2.0,0.0,2.0,5.0,2.0,5.0,5.0,1.0,1.0,0.0,2.88,2.9,2.65,2.96,1.37,0.25,1.8,2.02,3.55,2.79,2.51,,Ligue 2,,20241203_Ajaccio_Bastia,-70.23114076110869,1.37,0.72,38.8,61.2
2024-12-06,Annecy,Clermont,2.0,0.0,8.0,3.0,10.0,12.0,4.0,5.0,2.0,4.0,0.0,0.0,2.25,3.3,2.7,2.27,1.6,-0.25,1.97,1.85,2.38,3.01,3.51,,Ligue 2,,20241206_Annecy_Clermont,-31.56804893109097,1.2,0.06,45.6,54.4
2024-12-06,Laval,Caen,1.0,0.0,3.0,4.0,4.0,5.0,4.0,3.0,2.0,1.0,0.0,0.0,2.15,3.5,2.75,1.91,1.86,-0.25,2.01,1.81,2.39,3.32,3.14,,Ligue 2,,20241206_Laval_Caen,-5.172965207982543,0.66,0.28,53.4,46.6
2024-12-06,Lorient,Troyes,2.0,0.0,6.0,1.0,7.0,6.0,2.0,5.0,0.0,0.0,0.0,0.0,1.42,4.75,5.75,1.61,2.26,-1.0,1.76,2.07,1.48,4.61,6.53,,Ligue 2,,20241206_Lorient_Troyes,102.0765235525148,1.78,1.13,57.3,42.7
2024-12-06,Martigues,Guingamp,0.0,1.0,3.0,2.0,9.0,12.0,8.0,4.0,2.0,1.0,1.0,0.0,4.75,4.1,1.5,1.65,2.2,1.0,1.9,1.91,5.65,4.34,1.57,,Ligue 2,,20241206_Martigues_Guingamp,-86.92151584363,0.77,1.97,56.2,43.8
2024-12-06,Red Star,Bastia,0.0,0.0,0.0,11.0,5.0,9.0,2.0,11.0,5.0,3.0,0.0,0.0,2.7,3.2,2.35,2.35,1.57,0.25,2.01,1.81,3.94,3.17,2.12,,Ligue 2,,20241206_Red-Star_Bastia,-119.82174180460947,1.3,1.63,41.8,58.2
2024-12-06,Rodez,Pau FC,1.0,0.0,6.0,4.0,15.0,11.0,12.0,4.0,0.0,0.0,0.0,0.0,2.1,3.4,3.0,1.67,2.16,0.0,1.85,2.0,2.57,3.54,2.72,,Ligue 2,,20241206_Rodez_Pau-FC,41.489077383190306,1.08,1.58,56.7,43.3
2024-12-07,Ajaccio,Paris FC,0.0,2.0,4.0,6.0,6.0,8.0,3.0,5.0,2.0,1.0,0.0,0.0,3.75,3.3,1.85,2.4,1.54,0.5,1.89,1.91,4.61,3.22,1.94,,Ligue 2,,20241207_Ajaccio_Paris-FC,-145.91824129576617,0.17,1.4,36.0,64.0
2024-12-07,Grenoble,Amiens,0.0,2.0,3.0,7.0,5.0,12.0,2.0,6.0,2.0,1.0,1.0,0.0,2.3,3.3,2.7,2.09,1.71,-0.25,1.84,1.98,2.22,3.14,3.69,,Ligue 2,,20241207_Grenoble_Amiens,-36.12492418240345,1.38,1.6,43.9,56.1
2024-12-09,Metz,Dunkerque,2.0,0.0,6.0,1.0,6.0,10.0,5.0,1.0,1.0,4.0,0.0,0.0,1.7,3.75,4.0,2.11,1.71,-0.5,1.86,1.97,1.89,3.42,4.55,,Ligue 2,,20241209_Metz_Dunkerque,99.99250165509466,0.75,0.1,59.9,40.1
2024-12-13,Amiens,Laval,1.0,3.0,5.0,3.0,8.0,4.0,3.0,5.0,4.0,1.0,1.0,0.0,2.25,3.1,3.1,2.26,1.62,-0.25,1.82,2.0,2.14,3.15,3.93,,Ligue 2,,20241213_Amiens_Laval,13.434493449165302,0.58,0.87,50.4,49.6
2024-12-13,Bastia,Guingamp,3.0,1.0,7.0,3.0,11.0,2.0,8.0,4.0,2.0,4.0,0.0,0.0,2.3,3.0,3.5,2.23,1.64,0.0,1.78,2.08,2.62,2.96,3.14,,Ligue 2,,20241213_Bastia_Guingamp,-6.644490014426765,2.26,0.54,47.2,52.8
2024-12-13,Clermont,Rodez,1.0,1.0,7.0,6.0,11.0,7.0,4.0,10.0,0.0,2.0,0.0,0.0,2.55,3.4,2.63,1.82,1.96,0.0,1.83,2.02,2.6,3.27,2.87,,Ligue 2,,20241213_Clermont_Rodez,-1.4132814423737727,1.05,0.51,51.6,48.4
2024-12-13,Pau FC,Ajaccio,1.0,0.0,7.0,3.0,16.0,7.0,4.0,4.0,0.0,3.0,0.0,1.0,1.62,3.9,5.5,2.07,1.73,-1.0,2.01,1.82,1.57,3.86,6.66,,Ligue 2,,20241213_Pau-FC_Ajaccio,25.233714570222674,0.49,1.17,45.2,54.8
2024-12-13,Troyes,Martigues,4.0,0.0,16.0,1.0,6.0,6.0,5.0,2.0,0.0,1.0,0.0,0.0,1.45,4.1,6.5,1.89,1.9,-1.25,2.01,1.83,1.45,4.45,7.69,,Ligue 2,,20241213_Troyes_Martigues,61.25697322611654,1.32,0.35,44.3,55.7
2024-12-14,Annecy,Metz,0.0,0.0,5.0,2.0,5.0,7.0,6.0,2.0,1.0,0.0,0.0,0.0,3.4,3.3,2.1,2.1,1.72,0.25,1.91,1.92,3.43,3.19,2.3,,Ligue 2,,20241214_Annecy_Metz,-108.10785594189656,1.11,0.62,48.7,51.3
2024-12-14,Lorient,Paris FC,2.0,0.0,3.0,4.0,18.0,6.0,8.0,1.0,2.0,4.0,0.0,1.0,1.91,3.5,3.4,1.96,1.83,-0.25,1.79,2.04,2.16,3.15,3.87,,Ligue 2,,20241214_Lorient_Paris-FC,-9.608817932737793,2.18,0.33,44.4,55.6
2024-12-14,Red Star,Grenoble,3.0,1.0,3.0,7.0,12.0,13.0,4.0,7.0,2.0,1.0,0.0,0.0,2.55,3.2,2.55,2.08,1.73,0.0,1.89,1.96,2.71,3.1,2.88,,Ligue 2,,20241214_Red-Star_Grenoble,-54.52904212431599,1.24,1.08,45.0,55.0
2024-12-16,Dunkerque,Caen,3.0,1.0,8.0,2.0,10.0,3.0,9.0,0.0,1.0,4.0,0.0,0.0,2.05,3.2,3.4,1.91,1.87,-0.5,2.03,1.8,2.09,3.58,3.56,,Ligue 2,,20241216_Dunkerque_Caen,35.51118243175097,1.23,0.86,55.6,44.4
2025-01-03,Ajaccio,Annecy,1.0,2.0,4.0,6.0,14.0,4.0,4.0,3.0,2.0,1.0,0.0,0.0,3.0,2.9,2.45,2.67,1.45,0.0,1.99,1.85,3.02,2.78,2.87,,Ligue 2,,20250103_Ajaccio_Annecy,-95.81159131949744,0.12,1.61,47.9,52.1
2025-01-03,Amiens,Troyes,0.0,3.0,5.0,6.0,7.0,4.0,4.0,3.0,2.0,1.0,0.0,0.0,2.63,3.1,2.7,2.25,1.62,0.0,2.04,1.81,2.97,2.94,2.77,,Ligue 2,,20250103_Amiens_Troyes,15.077739334630905,1.68,1.13,53.3,46.7
2025-01-03,Caen,Clermont,0.0,1.0,6.0,6.0,4.0,6.0,4.0,4.0,2.0,2.0,0.0,0.0,2.25,3.3,3.0,2.01,1.77,-0.25,1.88,1.93,2.22,3.34,3.45,,Ligue 2,,20250103_Caen_Clermont,-60.89312511836306,1.12,0.05,43.9,56.1
2025-01-03,Grenoble,Bastia,3.0,2.0,6.0,6.0,7.0,5.0,4.0,4.0,3.0,3.0,0.0,0.0,3.0,2.88,2.4,2.45,1.52,0.25,1.93,1.88,3.78,3.04,2.24,,Ligue 2,,20250103_Grenoble_Bastia,-83.42648114339704,1.99,1.62,46.6,53.4
2025-01-03,Paris FC,Martigues,1.0,2.0,7.0,5.0,19.0,3.0,5.0,0.0,3.0,3.0,0.0,0.0,1.18,6.5,13.0,1.54,2.41,-1.75,1.87,1.95,1.23,6.43,12.81,,Ligue 2,,20250103_Paris-FC_Martigues,187.66135314687358,1.77,1.46,64.8,35.2
2025-01-03,Rodez,Red Star,0.0,2.0,5.0,4.0,8.0,8.0,5.0,5.0,1.0,1.0,0.0,0.0,1.65,4.1,4.33,1.56,2.35,-0.75,1.88,1.94,1.74,4.0,4.65,,Ligue 2,,20250103_Rodez_Red-Star,117.11164858362599,0.61,0.95,58.9,41.1
2025-01-04,Guingamp,Dunkerque,1.0,1.0,2.0,5.0,3.0,5.0,3.0,2.0,1.0,3.0,0.0,0.0,2.0,3.5,3.4,2.0,1.78,-0.25,1.89,1.92,2.22,3.24,3.58,,Ligue 2,,20250104_Guingamp_Dunkerque,-19.56455334333782,1.35,0.17,54.0,46.0
2025-01-04,Laval,Lorient,2.0,0.0,4.0,5.0,5.0,9.0,6.0,2.0,1.0,1.0,0.0,0.0,4.33,3.4,1.8,1.85,1.92,0.75,1.83,1.99,4.51,3.81,1.79,,Ligue 2,,20250104_Laval_Lorient,-95.0765147186105,1.04,1.29,50.1,49.9
2025-01-04,Metz,Pau FC,0.0,0.0,6.0,3.0,15.0,12.0,6.0,6.0,1.0,2.0,0.0,0.0,1.73,3.5,4.75,1.98,1.8,-0.5,1.83,1.98,1.87,3.54,4.48,,Ligue 2,,20250104_Metz_Pau-FC,149.18996155740524,0.62,0.05,60.6,39.4
2025-01-10,Annecy,Guingamp,1.0,4.0,3.0,7.0,7.0,8.0,4.0,1.0,4.0,1.0,0.0,0.0,2.55,3.1,2.75,2.05,1.74,0.0,1.8,2.04,2.65,3.13,2.92,,Ligue 2,,20250110_Annecy_Guingamp,29.66388717560517,1.11,1.42,45.4,54.6
2025-01-10,Laval,Red Star,1.0,1.0,6.0,4.0,3.0,5.0,9.0,5.0,1.0,1.0,0.0,0.0,1.95,3.25,3.6,2.05,1.74,-0.25,1.84,1.97,2.21,3.26,3.58,,Ligue 2,,20250110_Laval_Red-Star,96.63461449485726,0.4,1.02,44.4,55.6
2025-01-10,Martigues,Clermont,0.0,1.0,0.0,8.0,9.0,7.0,4.0,6.0,1.0,2.0,0.0,0.0,4.75,3.4,1.73,1.96,1.82,0.75,1.9,1.91,5.08,3.78,1.72,,Ligue 2,,20250110_Martigues_Clermont,-118.10790330337818,0.05,0.17,43.5,56.5
2025-01-10,Pau FC,Dunkerque,1.0,1.0,3.0,4.0,10.0,10.0,4.0,1.0,2.0,2.0,0.0,0.0,2.5,3.25,2.7,2.0,1.78,0.0,1.89,1.94,2.81,3.3,2.63,,Ligue 2,,20250110_Pau-FC_Dunkerque,-40.78284915837639,1.31,2.12,46.3,53.7
2025-01-10,Rodez,Troyes,2.0,1.0,4.0,1.0,6.0,11.0,3.0,4.0,2.0,5.0,1.0,1.0,2.35,3.3,2.8,1.83,1.94,0.0,1.77,2.09,2.5,3.31,2.98,,Ligue 2,,20250110_Rodez_Troyes,17.9349254452261,1.67,1.17,52.4,47.6
2025-01-11,Bastia,Ajaccio,4.0,0.0,6.0,3.0,7.0,4.0,2.0,2.0,2.0,2.0,0.0,1.0,1.67,3.3,5.75,2.42,1.53,-0.75,1.87,1.98,1.67,3.48,6.35,,Ligue 2,,20250111_Bastia_Ajaccio,86.00419501515194,1.76,1.05,50.6,49.4
2025-01-11,Caen,Grenoble,0.0,1.0,3.0,11.0,4.0,13.0,8.0,7.0,3.0,3.0,2.0,1.0,2.1,3.25,3.4,1.98,1.8,-0.5,2.05,1.78,2.08,3.46,3.72,,Ligue 2,,20250111_Caen_Grenoble,3.364515307816646,1.59,0.56,57.4,42.6
2025-01-11,Lorient,Metz,0.0,0.0,1.0,0.0,5.0,4.0,3.0,3.0,4.0,1.0,0.0,0.0,1.85,3.5,4.0,2.02,1.77,-0.5,1.99,1.82,2.04,3.31,4.03,,Ligue 2,,20250111_Lorient_Metz,-32.78487447600514,0.44,0.85,48.9,51.1
2025-01-11,Paris FC,Amiens,1.0,0.0,5.0,4.0,15.0,6.0,13.0,2.0,4.0,4.0,0.0,0.0,1.62,3.7,5.25,2.04,1.74,-0.75,1.82,2.0,1.7,3.72,5.38,,Ligue 2,,20250111_Paris-FC_Amiens,86.11819267666897,1.15,1.09,60.6,39.4
2025-01-17,Ajaccio,Caen,2.0,1.0,4.0,2.0,13.0,3.0,10.0,1.0,3.0,2.0,0.0,0.0,2.4,3.0,3.1,2.29,1.6,-0.25,2.02,1.8,2.47,3.02,3.31,,Ligue 2,,20250117_Ajaccio_Caen,-32.56940324706761,0.38,1.41,55.6,44.4
2025-01-17,Amiens,Bastia,1.0,0.0,3.0,3.0,3.0,14.0,0.0,1.0,3.0,4.0,0.0,0.0,3.2,3.0,2.3,2.34,1.57,0.25,1.86,1.95,3.49,3.13,2.31,,Ligue 2,,20250117_Amiens_Bastia,-40.25065298166214,1.0,0.25,49.9,50.1
2025-01-17,Grenoble,Martigues,1.0,0.0,3.0,4.0,8.0,8.0,5.0,6.0,1.0,0.0,0.0,0.0,1.36,4.75,8.0,1.66,2.17,-1.25,1.82,1.99,1.39,4.85,8.17,,Ligue 2,,20250117_Grenoble_Martigues,54.2011605558705,1.94,1.03,47.7,52.3
2025-01-17,Guingamp,Rodez,3.0,0.0,5.0,5.0,7.0,10.0,4.0,9.0,1.0,1.0,0.0,0.0,2.25,3.4,3.0,1.83,1.94,-0.25,1.85,1.97,2.13,3.57,3.44,,Ligue 2,,20250117_Guingamp_Rodez,-6.492319126843768,0.69,0.44,50.4,49.6
2025-01-17,Red Star,Pau FC,1.0,3.0,7.0,8.0,16.0,10.0,7.0,5.0,2.0,2.0,0.0,0.0,2.8,3.2,2.45,1.91,1.86,0.0,1.99,1.85,2.86,3.2,2.66,,Ligue 2,,20250117_Red-Star_Pau-FC,-52.76130125178929,0.94,0.73,45.8,54.2
2025-01-18,Clermont,Laval,1.0,1.0,5.0,2.0,5.0,10.0,4.0,4.0,2.0,2.0,0.0,0.0,2.15,3.3,3.3,2.2,1.64,-0.5,1.9,1.91,1.89,3.34,4.67,,Ligue 2,,20250118_Clermont_Laval,24.50617188641968,0.58,0.91,56.0,44.0
2025-01-18,Dunkerque,Lorient,0.0,1.0,2.0,7.0,6.0,6.0,3.0,7.0,1.0,4.0,0.0,0.0,2.9,2.9,2.55,2.03,1.75,0.0,2.02,1.82,2.92,3.26,2.57,,Ligue 2,,20250118_Dunkerque_Lorient,-68.43765511812762,0.69,0.47,47.9,52.1
2025-01-18,Metz,Paris FC,3.0,1.0,6.0,6.0,4.0,5.0,4.0,7.0,3.0,2.0,0.0,0.0,2.4,3.0,3.1,2.11,1.7,-0.25,1.94,1.87,2.32,3.12,3.47,,Ligue 2,,20250118_Metz_Paris-FC,40.33842606233816,1.38,0.89,48.4,51.6
2025-01-20,Troyes,Annecy,0.0,1.0,4.0,5.0,21.0,2.0,10.0,3.0,1.0,3.0,0.0,0.0,2.0,3.3,3.75,2.17,1.66,-0.25,1.83,1.99,2.24,3.07,3.75,,Ligue 2,,20250120_Troyes_Annecy,-37.82454789855751,0.16,0.82,51.5,48.5
2025-01-24,Bastia,Pau FC,1.0,1.0,5.0,4.0,12.0,3.0,8.0,3.0,1.0,7.0,0.0,0.0,1.9,3.4,4.1,2.07,1.73,-0.5,1.92,1.9,1.95,3.38,4.26,,Ligue 2,,20250124_Bastia_Pau-FC,8.99143532235371,0.82,1.38,48.6,51.4
2025-01-24,Caen,Guingamp,0.0,1.0,4.0,1.0,7.0,8.0,3.0,3.0,2.0,2.0,0.0,0.0,3.0,3.3,2.35,1.98,1.81,0.25,1.83,1.99,3.1,3.36,2.39,,Ligue 2,,20250124_Caen_Guingamp,-98.57934100153557,1.24,0.99,48.3,51.7
2025-01-24,Laval,Troyes,1.0,0.0,3.0,3.0,11.0,14.0,3.0,8.0,1.0,1.0,0.0,0.0,2.6,2.88,2.63,2.34,1.57,0.0,2.01,1.84,2.94,3.07,2.68,,Ligue 2,,20250124_Laval_Troyes,48.925282716009406,1.08,0.53,52.8,47.2
2025-01-24,Martigues,Amiens,3.0,0.0,5.0,4.0,10.0,6.0,4.0,3.0,2.0,4.0,0.0,0.0,3.9,3.5,1.9,1.98,1.81,0.5,1.81,2.01,3.84,3.36,2.08,,Ligue 2,,20250124_Martigues_Amiens,-88.22191451905951,2.07,0.6,45.5,54.5
2025-01-24,Metz,Grenoble,3.0,0.0,10.0,0.0,12.0,10.0,4.0,2.0,1.0,1.0,0.0,0.0,1.6,3.7,5.75,1.99,1.8,-1.0,1.98,1.86,1.56,3.87,6.87,,Ligue 2,,20250124_Metz_Grenoble,155.5904144474962,0.87,0.66,49.9,50.1
2025-01-24,Rodez,Ajaccio,1.0,2.0,5.0,2.0,16.0,3.0,11.0,3.0,3.0,2.0,0.0,0.0,1.72,3.6,4.5,2.07,1.73,-0.75,2.03,1.81,1.79,3.48,5.06,,Ligue 2,,20250124_Rodez_Ajaccio,86.94939446386093,1.09,1.54,55.8,44.2
2025-01-25,Lorient,Clermont,3.0,2.0,5.0,5.0,10.0,7.0,9.0,2.0,0.0,3.0,0.0,0.0,1.65,3.9,5.0,1.93,1.86,-0.75,1.84,1.99,1.65,3.93,5.47,,Ligue 2,,20250125_Lorient_Clermont,55.05638601487203,2.48,1.28,48.6,51.4
2025-01-25,Paris FC,Red Star,4.0,1.0,6.0,3.0,9.0,9.0,4.0,6.0,1.0,0.0,0.0,0.0,1.55,4.0,5.75,1.8,2.0,-1.0,2.01,1.83,1.57,4.15,6.07,,Ligue 2,,20250125_Paris-FC_Red-Star,148.9445242589734,3.4,1.37,49.9,50.1
2025-01-27,Annecy,Dunkerque,0.0,2.0,1.0,6.0,5.0,8.0,6.0,8.0,3.0,1.0,0.0,0.0,2.55,2.9,2.63,2.26,1.62,0.25,1.78,2.06,3.18,3.16,2.45,,Ligue 2,,20250127_Annecy_Dunkerque,20.19453746906288,1.8,1.73,46.5,53.5
2025-01-31,Amiens,Annecy,1.0,0.0,3.0,2.0,6.0,9.0,6.0,4.0,3.0,2.0,0.0,1.0,2.2,3.3,2.88,2.13,1.7,-0.25,1.81,2.02,2.12,3.23,3.88,,Ligue 2,,20250131_Amiens_Annecy,-45.09285171295687,0.42,0.76,46.4,53.6
2025-01-31,Bastia,Metz,1.0,1.0,5.0,2.0,17.0,3.0,4.0,3.0,6.0,1.0,1.0,0.0,2.88,3.0,2.4,2.38,1.56,0.25,1.81,2.03,3.32,3.12,2.4,,Ligue 2,,20250131_Bastia_Metz,-135.64221616732698,0.34,1.99,42.0,58.0
2025-01-31,Clermont,Ajaccio,0.0,1.0,3.0,5.0,14.0,1.0,7.0,2.0,1.0,2.0,1.0,0.0,1.75,3.2,5.0,2.41,1.54,-0.5,1.85,1.97,1.87,3.14,5.31,,Ligue 2,,20250131_Clermont_Ajaccio,94.46304736454317,1.17,1.36,58.1,41.9
2025-01-31,Dunkerque,Martigues,0.0,1.0,3.0,2.0,9.0,7.0,6.0,6.0,0.0,0.0,0.0,0.0,1.44,4.0,7.0,1.79,1.99,-1.0,1.8,2.04,1.53,3.95,7.28,,Ligue 2,,20250131_Dunkerque_Martigues,108.54718053343186,0.6,0.53,49.4,50.6
2025-01-31,Grenoble,Rodez,2.0,1.0,5.0,7.0,10.0,5.0,3.0,9.0,0.0,0.0,0.0,0.0,2.9,3.3,2.25,1.92,1.87,0.25,1.87,1.95,3.39,3.35,2.25,,Ligue 2,,20250131_Grenoble_Rodez,-28.507448375422427,1.01,0.99,48.5,51.5
2025-01-31,Pau FC,Laval,1.0,1.0,8.0,5.0,16.0,4.0,8.0,4.0,2.0,3.0,0.0,0.0,2.15,3.2,3.1,2.03,1.77,-0.25,1.85,1.98,2.15,3.4,3.57,,Ligue 2,,20250131_Pau-FC_Laval,-38.0292205308574,0.79,0.05,48.9,51.1
2025-02-01,Guingamp,Paris FC,0.0,1.0,1.0,2.0,3.0,10.0,4.0,3.0,0.0,0.0,0.0,0.0,2.6,3.2,2.5,2.13,1.69,0.25,1.88,1.94,3.42,3.17,2.32,,Ligue 2,,20250201_Guingamp_Paris-FC,-38.04469742175206,0.52,1.35,55.0,45.0
2025-02-01,Red Star,Lorient,1.0,2.0,1.0,5.0,4.0,9.0,2.0,3.0,0.0,1.0,0.0,0.0,4.2,3.75,1.7,1.82,1.97,0.75,1.83,2.01,4.89,3.77,1.75,,Ligue 2,,20250201_Red-Star_Lorient,-196.2988143906232,0.8,0.86,47.9,52.1
2025-02-01,Troyes,Caen,3.0,0.0,5.0,5.0,11.0,6.0,3.0,3.0,1.0,2.0,0.0,0.0,2.0,3.4,3.3,2.04,1.76,-0.25,1.79,2.03,2.12,3.2,3.91,,Ligue 2,,20250201_Troyes_Caen,39.81404881847061,1.28,0.05,52.5,47.5
2025-02-07,Grenoble,Red Star,0.0,0.0,3.0,1.0,7.0,9.0,4.0,4.0,1.0,1.0,0.0,0.0,2.3,3.25,3.0,2.01,1.78,-0.25,1.99,1.82,2.39,3.27,3.19,,Ligue 2,,20250207_Grenoble_Red-Star,73.95137977593708,1.45,1.25,57.5,42.5
2025-02-07,Laval,Annecy,0.0,1.0,2.0,3.0,7.0,4.0,5.0,2.0,2.0,3.0,0.0,0.0,1.95,3.4,3.9,2.08,1.73,-0.25,1.82,1.98,2.14,3.35,3.66,,Ligue 2,,20250207_Laval_Annecy,24.961763835941838,1.23,1.39,51.7,48.3
2025-02-07,Martigues,Troyes,1.0,2.0,4.0,9.0,4.0,7.0,1.0,5.0,2.0,3.0,1.0,0.0,3.6,3.4,2.05,2.21,1.65,0.5,1.78,2.01,4.16,3.25,2.03,,Ligue 2,,20250207_Martigues_Troyes,-41.500923059312754,1.81,0.94,50.9,49.1
2025-02-07,Paris FC,Pau FC,3.0,1.0,6.0,4.0,2.0,9.0,4.0,6.0,2.0,2.0,0.0,0.0,1.65,3.9,5.0,1.67,2.15,-1.0,1.96,1.85,1.57,4.25,5.8,,Ligue 2,,20250207_Paris-FC_Pau-FC,92.02176804409896,1.97,1.01,55.4,44.6
2025-02-07,Rodez,Bastia,0.0,2.0,2.0,6.0,7.0,7.0,9.0,2.0,5.0,2.0,0.0,0.0,2.45,3.25,2.88,2.0,1.79,-0.25,2.09,1.74,2.49,3.22,3.06,,Ligue 2,,20250207_Rodez_Bastia,-22.801086420870433,0.61,0.34,45.6,54.4
2025-02-08,Ajaccio,Guingamp,0.0,3.0,0.0,4.0,8.0,9.0,4.0,5.0,1.0,1.0,0.0,0.0,2.88,3.0,2.63,2.6,1.47,0.25,1.82,1.99,3.61,2.86,2.43,,Ligue 2,,20250208_Ajaccio_Guingamp,-72.7714817712706,0.06,1.35,48.6,51.4
2025-02-08,Lorient,Amiens,3.0,1.0,10.0,2.0,14.0,1.0,9.0,1.0,1.0,1.0,0.0,0.0,1.44,4.2,7.5,1.76,2.03,-1.25,1.82,1.98,1.36,4.89,9.48,,Ligue 2,,20250208_Lorient_Amiens,127.79072121247964,1.41,0.4,59.9,40.1
2025-02-08,Metz,Clermont,3.0,1.0,7.0,4.0,11.0,8.0,6.0,3.0,0.0,1.0,0.0,0.0,1.8,3.5,4.5,2.01,1.78,-1.0,2.0,1.8,1.58,3.9,6.5,,Ligue 2,,20250208_Metz_Clermont,114.32674877708791,1.8,1.48,52.5,47.5
2025-02-10,Caen,Dunkerque,0.0,2.0,0.0,8.0,4.0,12.0,0.0,3.0,5.0,4.0,1.0,0.0,2.9,3.4,2.3,2.24,1.62,0.0,1.98,1.84,2.83,3.15,2.72,,Ligue 2,,20250210_Caen_Dunkerque,-96.8586505177393,0.35,2.7,48.0,52.0
2025-02-14,Ajaccio,Laval,3.0,0.0,4.0,2.0,5.0,10.0,4.0,5.0,2.0,3.0,0.0,0.0,2.45,2.75,3.4,2.9,1.39,0.0,1.75,2.09,2.72,2.79,3.21,,Ligue 2,,20250214_Ajaccio_Laval,-72.25154163025968,1.69,0.05,39.2,60.8
2025-02-14,Amiens,Grenoble,1.0,4.0,8.0,8.0,8.0,5.0,8.0,5.0,0.0,0.0,0.0,0.0,2.3,2.7,3.7,2.38,1.56,-0.25,2.0,1.82,2.54,3.1,3.11,,Ligue 2,,20250214_Amiens_Grenoble,1.0177765129369618,1.06,1.24,51.9,48.1
2025-02-14,Clermont,Bastia,1.0,1.0,2.0,4.0,12.0,7.0,7.0,3.0,0.0,0.0,0.0,0.0,3.0,2.9,2.55,2.49,1.51,0.25,1.74,2.09,3.39,2.96,2.47,,Ligue 2,,20250214_Clermont_Bastia,-7.007162058027461,0.84,1.56,52.0,48.0
2025-02-14,Pau FC,Rodez,0.0,5.0,4.0,9.0,12.0,7.0,5.0,3.0,2.0,2.0,0.0,0.0,2.63,3.0,2.8,1.67,2.17,-0.25,2.09,1.75,2.41,3.38,3.05,,Ligue 2,,20250214_Pau-FC_Rodez,13.597954405013297,0.25,1.42,54.8,45.2
2025-02-14,Red Star,Martigues,1.0,0.0,10.0,3.0,8.0,7.0,3.0,4.0,2.0,2.0,0.0,0.0,1.75,3.6,4.33,1.82,1.96,-0.75,1.87,1.94,1.61,4.03,5.68,,Ligue 2,,20250214_Red-Star_Martigues,-10.965726989143604,0.34,0.05,55.2,44.8
2025-02-14,Troyes,Lorient,0.0,1.0,5.0,5.0,6.0,4.0,4.0,4.0,1.0,0.0,0.0,0.0,3.9,2.9,2.1,2.29,1.6,0.5,1.72,2.1,4.19,3.28,2.01,,Ligue 2,,20250214_Troyes_Lorient,-139.66402564501163,1.38,0.65,46.2,53.8
2025-02-15,Dunkerque,Paris FC,1.0,0.0,2.0,1.0,4.0,6.0,5.0,3.0,1.0,2.0,0.0,0.0,2.9,3.2,2.5,2.22,1.63,0.0,2.08,1.77,3.11,3.04,2.58,,Ligue 2,,20250215_Dunkerque_Paris-FC,-78.61017271623405,1.43,0.34,46.1,53.9
2025-02-15,Guingamp,Metz,0.0,3.0,6.0,7.0,9.0,7.0,9.0,2.0,1.0,1.0,0.0,0.0,3.2,3.1,2.4,2.25,1.62,0.0,2.05,1.79,3.01,2.97,2.7,,Ligue 2,,20250215_Guingamp_Metz,-104.31442795188946,1.19,0.83,45.1,54.9
2025-02-17,Annecy,Caen,1.0,0.0,6.0,2.0,7.0,4.0,7.0,9.0,2.0,0.0,0.0,0.0,2.35,3.25,3.0,2.18,1.67,-0.25,2.02,1.79,2.44,3.14,3.23,,Ligue 2,,20250217_Annecy_Caen,115.34203314740171,0.05,0.14,51.9,48.1
2025-02-21,Bastia,Red Star,1.0,0.0,8.0,1.0,7.0,4.0,1.0,2.0,4.0,1.0,0.0,0.0,1.73,3.5,4.5,2.39,1.55,-0.5,1.89,1.9,1.95,3.23,4.57,,Ligue 2,,20250221_Bastia_Red-Star,95.37179680820645,0.97,0.7,54.5,45.5
2025-02-21,Dunkerque,Clermont,3.0,0.0,9.0,4.0,6.0,3.0,9.0,4.0,2.0,1.0,0.0,0.0,1.8,3.2,4.5,2.1,1.71,-0.75,2.02,1.8,1.78,3.64,4.93,,Ligue 2,,20250221_Dunkerque_Clermont,21.004069580022133,1.68,0.22,48.3,51.7
2025-02-21,Grenoble,Guingamp,1.0,1.0,7.0,10.0,2.0,14.0,1.0,6.0,1.0,1.0,0.0,0.0,2.9,3.1,2.35,2.12,1.7,0.25,1.77,2.04,3.22,3.05,2.5,,Ligue 2,,20250221_Grenoble_Guingamp,-37.91783684125767,1.62,0.89,56.7,43.3
2025-02-21,Martigues,Annecy,2.0,0.0,4.0,4.0,8.0,8.0,2.0,1.0,3.0,1.0,0.0,0.0,3.3,3.3,2.05,2.11,1.71,0.25,1.99,1.82,3.78,3.24,2.14,,Ligue 2,,20250221_Martigues_Annecy,-118.13692131572816,1.25,0.66,48.7,51.3
2025-02-21,Paris FC,Troyes,1.0,0.0,1.0,2.0,8.0,9.0,3.0,5.0,4.0,1.0,0.0,0.0,1.73,3.5,4.75,2.21,1.65,-0.5,1.82,1.97,1.83,3.35,5.1,,Ligue 2,,20250221_Paris-FC_Troyes,105.30888879979307,1.55,0.6,52.0,48.0
2025-02-21,Rodez,Amiens,1.0,1.0,3.0,2.0,14.0,3.0,13.0,3.0,2.0,4.0,0.0,0.0,1.63,3.75,4.75,1.68,2.14,-1.0,1.84,1.96,1.52,4.18,6.83,,Ligue 2,,20250221_Rodez_Amiens,17.332121347212023,0.05,0.68,52.7,47.3
2025-02-22,Caen,Pau FC,2.0,2.0,6.0,3.0,6.0,7.0,5.0,2.0,5.0,4.0,1.0,1.0,2.2,3.2,3.25,1.79,2.0,-0.25,1.89,1.92,2.21,3.53,3.3,,Ligue 2,,20250222_Caen_Pau-FC,-78.82344541602924,0.7,0.9,45.2,54.8
2025-02-22,Lorient,Laval,0.0,1.0,5.0,3.0,12.0,4.0,4.0,3.0,2.0,4.0,0.0,0.0,1.45,4.1,6.5,1.94,1.84,-1.25,1.93,1.87,1.39,4.66,8.9,,Ligue 2,,20250222_Lorient_Laval,127.34975669002847,0.05,0.77,62.8,37.2
2025-02-22,Metz,Ajaccio,0.0,1.0,4.0,2.0,14.0,4.0,4.0,2.0,4.0,1.0,0.0,0.0,1.44,4.2,6.5,2.1,1.71,-1.25,2.01,1.8,1.42,4.43,8.62,,Ligue 2,,20250222_Metz_Ajaccio,190.17276045656763,0.94,0.92,55.1,44.9
2025-02-28,Annecy,Paris FC,2.0,3.0,3.0,6.0,2.0,9.0,1.0,5.0,2.0,1.0,2.0,0.0,3.8,3.1,2.1,2.23,1.63,0.5,1.77,2.03,4.04,3.26,2.06,,Ligue 2,,20250228_Annecy_Paris-FC,-79.17824041255585,0.47,0.89,48.9,51.1
2025-02-28,Clermont,Caen,0.0,1.0,2.0,5.0,4.0,11.0,4.0,5.0,1.0,2.0,0.0,0.0,2.2,3.0,3.3,2.06,1.74,0.0,1.79,2.04,2.54,3.37,2.88,,Ligue 2,,20250228_Clermont_Caen,102.20590671477817,1.2,1.34,43.8,56.2
2025-02-28,Laval,Martigues,0.0,1.0,3.0,2.0,8.0,6.0,4.0,4.0,2.0,2.0,0.0,0.0,1.73,3.6,4.75,2.1,1.71,-0.75,1.85,1.96,1.67,3.38,6.7,,Ligue 2,,20250228_Laval_Martigues,95.04238668056337,1.21,0.98,55.8,44.2
2025-02-28,Pau FC,Grenoble,1.0,0.0,4.0,0.0,18.0,7.0,15.0,4.0,1.0,0.0,0.0,1.0,1.91,3.5,3.7,1.94,1.85,-0.25,1.81,2.0,2.13,3.5,3.53,,Ligue 2,,20250228_Pau-FC_Grenoble,-21.04244601079813,0.5,0.38,45.7,54.3
2025-02-28,Troyes,Bastia,2.0,0.0,5.0,4.0,8.0,7.0,4.0,6.0,3.0,3.0,0.0,0.0,2.7,2.75,2.9,2.89,1.39,0.0,2.02,1.81,3.2,2.82,2.69,,Ligue 2,,20250228_Troyes_Bastia,-58.81372258989745,1.61,0.91,50.2,49.8
2025-03-01,Amiens,Metz,1.0,2.0,6.0,6.0,7.0,11.0,5.0,8.0,0.0,1.0,0.0,0.0,5.0,3.6,1.7,1.98,1.81,1.0,1.82,1.98,6.33,4.12,1.56,,Ligue 2,,20250301_Amiens_Metz,-163.70738413093204,0.29,2.04,42.1,57.9
2025-03-01,Lorient,Rodez,3.0,1.0,7.0,3.0,16.0,3.0,10.0,5.0,0.0,2.0,0.0,0.0,1.65,4.0,4.5,1.71,2.1,-1.0,2.0,1.81,1.58,4.23,5.68,,Ligue 2,,20250301_Lorient_Rodez,129.8507502329212,1.11,0.29,55.1,44.9
2025-03-01,Red Star,Guingamp,3.0,1.0,9.0,4.0,1.0,4.0,2.0,5.0,2.0,1.0,0.0,0.0,3.0,3.4,2.25,2.1,1.71,0.0,2.02,1.81,2.84,3.32,2.59,,Ligue 2,,20250301_Red-Star_Guingamp,-113.9749743068976,1.55,0.96,40.7,59.3
2025-03-03,Ajaccio,Dunkerque,1.0,2.0,3.0,3.0,8.0,6.0,4.0,3.0,4.0,0.0,1.0,0.0,3.4,2.9,2.3,2.59,1.48,0.25,2.06,1.76,4.33,2.93,2.14,,Ligue 2,,20250303_Ajaccio_Dunkerque,-65.5076110118332,0.82,0.99,50.4,49.6
2025-03-07,Bastia,Martigues,1.0,0.0,8.0,3.0,10.0,3.0,7.0,1.0,3.0,2.0,0.0,0.0,1.42,4.0,7.5,1.96,1.82,-1.25,1.91,1.88,1.4,4.24,10.61,,Ligue 2,,20250307_Bastia_Martigues,72.80427940069535,0.59,1.52,50.0,50.0
2025-03-07,Caen,Laval,0.0,1.0,4.0,1.0,7.0,9.0,0.0,1.0,3.0,2.0,0.0,0.0,2.0,3.3,3.7,2.25,1.62,-0.5,1.96,1.82,1.96,3.34,4.34,,Ligue 2,,20250307_Caen_Laval,-91.1788184350828,0.88,1.2,46.2,53.8
2025-03-07,Grenoble,Ajaccio,2.0,2.0,7.0,3.0,9.0,6.0,10.0,5.0,3.0,1.0,0.0,0.0,2.2,3.1,3.4,2.49,1.51,-0.25,1.9,1.89,2.26,3.07,3.68,,Ligue 2,,20250307_Grenoble_Ajaccio,11.29726406584632,1.66,1.36,47.0,53.0
2025-03-07,Guingamp,Clermont,3.0,1.0,12.0,2.0,6.0,2.0,10.0,0.0,2.0,4.0,0.0,0.0,1.8,3.6,4.0,1.81,1.97,-1.0,1.99,1.8,1.55,4.19,6.23,,Ligue 2,,20250307_Guingamp_Clermont,27.24597785383753,1.13,0.97,51.4,48.6
2025-03-07,Pau FC,Troyes,0.0,2.0,4.0,8.0,5.0,6.0,1.0,6.0,3.0,1.0,0.0,0.0,2.38,3.2,2.9,2.18,1.66,0.25,1.7,2.13,3.01,3.12,2.59,,Ligue 2,,20250307_Pau-FC_Troyes,2.2066783203531486,1.34,1.33,46.2,53.8
2025-03-07,Red Star,Amiens,2.0,0.0,5.0,0.0,13.0,6.0,5.0,5.0,2.0,2.0,0.0,0.0,1.85,3.4,4.2,2.01,1.77,-0.5,1.81,1.96,1.81,3.65,4.67,,Ligue 2,,20250307_Red-Star_Amiens,-32.37593444438107,1.39,0.42,44.3,55.7
2025-03-08,Metz,Annecy,5.0,1.0,5.0,2.0,5.0,6.0,4.0,3.0,2.0,2.0,0.0,0.0,1.42,4.75,6.5,1.79,1.99,-1.25,2.02,1.78,1.48,4.34,7.18,,Ligue 2,,20250308_Metz_Annecy,137.454641328555,2.23,2.06,60.0,40.0
2025-03-08,Paris FC,Lorient,3.0,2.0,5.0,7.0,6.0,8.0,1.0,7.0,4.0,2.0,0.0,0.0,2.6,3.1,2.75,2.34,1.57,0.0,1.84,1.98,2.73,2.9,3.06,,Ligue 2,,20250308_Paris-FC_Lorient,-22.91509178895967,1.86,1.94,47.3,52.7
2025-03-10,Rodez,Dunkerque,5.0,1.0,9.0,1.0,9.0,9.0,4.0,3.0,1.0,2.0,0.0,1.0,2.45,3.4,2.8,1.92,1.86,0.25,1.76,2.07,2.98,3.4,2.45,,Ligue 2,,20250310_Rodez_Dunkerque,-76.3481113192945,2.14,0.62,49.6,50.4
2025-03-14,Ajaccio,Red Star,2.0,1.0,5.0,4.0,9.0,5.0,6.0,7.0,1.0,2.0,0.0,0.0,2.6,2.88,2.8,2.75,1.42,0.0,1.77,2.06,2.68,2.86,3.17,,Ligue 2,,20250314_Ajaccio_Red-Star,26.116787609900257,0.5,0.94,47.5,52.5
2025-03-14,Amiens,Caen,2.0,1.0,3.0,5.0,6.0,6.0,2.0,4.0,3.0,1.0,0.0,0.0,3.2,3.2,2.15,2.17,1.66,0.25,1.79,2.01,3.14,3.23,2.43,,Ligue 2,,20250314_Amiens_Caen,44.39805127893487,1.38,1.93,49.9,50.1
2025-03-14,Annecy,Rodez,1.0,1.0,3.0,4.0,7.0,4.0,3.0,2.0,1.0,3.0,0.0,0.0,2.88,3.3,2.3,1.94,1.83,0.25,1.98,1.82,3.59,3.38,2.15,,Ligue 2,,20250314_Annecy_Rodez,2.478954302955117,0.05,0.08,50.4,49.6
2025-03-14,Clermont,Grenoble,0.0,0.0,5.0,5.0,13.0,8.0,1.0,2.0,2.0,3.0,0.0,0.0,2.35,3.1,3.0,2.07,1.72,-0.25,1.89,1.91,2.16,3.36,3.59,,Ligue 2,,20250314_Clermont_Grenoble,-5.683165805097815,1.42,1.07,55.8,44.2
2025-03-14,Martigues,Pau FC,2.0,2.0,4.0,7.0,6.0,7.0,4.0,3.0,0.0,4.0,0.0,0.0,3.4,3.2,2.05,1.91,1.86,0.25,1.96,1.84,3.53,3.44,2.15,,Ligue 2,,20250314_Martigues_Pau-FC,-41.66696074324477,0.16,1.75,47.3,52.7
2025-03-14,Troyes,Guingamp,0.0,1.0,3.0,4.0,12.0,3.0,5.0,3.0,2.0,0.0,0.0,0.0,2.5,3.1,2.7,2.26,1.61,0.0,1.79,2.03,2.56,3.15,3.03,,Ligue 2,,20250314_Troyes_Guingamp,-29.01564238456217,0.63,0.88,48.2,51.8
2025-03-15,Dunkerque,Metz,2.0,3.0,5.0,6.0,7.0,4.0,8.0,6.0,2.0,2.0,0.0,0.0,2.8,3.2,2.35,2.11,1.69,0.25,1.89,1.91,3.56,3.17,2.26,,Ligue 2,,20250315_Dunkerque_Metz,-107.7473322552787,2.3,1.2,41.8,58.2
2025-03-15,Laval,Paris FC,3.0,0.0,8.0,5.0,6.0,11.0,5.0,8.0,2.0,2.0,0.0,0.0,3.6,3.2,2.0,2.22,1.63,0.5,1.9,1.88,4.72,3.36,1.88,,Ligue 2,,20250315_Laval_Paris-FC,-98.79673740245153,0.74,0.96,44.5,55.5
2025-03-15,Lorient,Bastia,4.0,0.0,6.0,4.0,4.0,5.0,2.0,1.0,3.0,1.0,0.0,0.0,1.67,3.4,5.0,2.27,1.61,-0.75,2.01,1.79,1.79,3.52,5.05,,Ligue 2,,20250315_Lorient_Bastia,87.36257534412948,1.28,0.76,61.9,38.1
2025-03-28,Bastia,Dunkerque,2.0,0.0,8.0,1.0,6.0,10.0,3.0,4.0,3.0,3.0,0.0,0.0,2.05,3.1,3.4,2.38,1.56,-0.25,1.89,1.9,2.3,3.07,3.6,,Ligue 2,,20250328_Bastia_Dunkerque,-17.280343873817174,2.0,0.27,43.1,56.9
2025-03-28,Clermont,Amiens,1.0,1.0,3.0,6.0,8.0,11.0,5.0,9.0,3.0,2.0,1.0,0.0,1.95,3.2,3.5,2.09,1.71,-0.5,1.94,1.85,2.06,3.28,3.99,,Ligue 2,,20250328_Clermont_Amiens,14.526271940232618,0.58,1.05,45.8,54.2
2025-03-28,Martigues,Ajaccio,2.0,0.0,4.0,4.0,6.0,14.0,0.0,10.0,1.0,2.0,0.0,0.0,3.0,3.0,2.25,2.43,1.53,0.25,1.75,2.06,3.12,3.11,2.52,,Ligue 2,,20250328_Martigues_Ajaccio,-48.094015261267714,0.79,0.83,43.8,56.2
2025-03-28,Metz,Troyes,2.0,1.0,3.0,3.0,5.0,7.0,5.0,1.0,2.0,0.0,1.0,0.0,1.62,3.3,5.25,2.1,1.71,-0.75,1.87,1.93,1.7,3.52,5.89,,Ligue 2,,20250328_Metz_Troyes,172.0048227742027,2.47,1.33,60.7,39.3
2025-03-28,Pau FC,Annecy,1.0,0.0,4.0,3.0,1.0,4.0,2.0,6.0,1.0,4.0,0.0,0.0,2.1,3.2,3.3,1.95,1.83,-0.5,2.05,1.75,2.08,3.37,3.82,,Ligue 2,,20250328_Pau-FC_Annecy,-23.477805913086968,0.17,0.67,51.1,48.9
2025-03-28,Red Star,Rodez,1.0,1.0,3.0,5.0,7.0,7.0,2.0,8.0,1.0,2.0,0.0,0.0,2.7,3.1,2.5,1.87,1.9,0.0,1.91,1.89,2.7,3.41,2.66,,Ligue 2,,20250328_Red-Star_Rodez,-60.19459671251457,0.61,0.05,49.5,50.5
2025-03-29,Grenoble,Lorient,1.0,2.0,2.0,5.0,2.0,15.0,2.0,5.0,0.0,0.0,0.0,0.0,4.33,3.3,1.75,1.84,1.94,1.0,1.79,2.02,5.72,4.08,1.6,,Ligue 2,,20250329_Grenoble_Lorient,-139.50717469120332,0.72,2.02,43.4,56.6
2025-03-29,Guingamp,Laval,2.0,0.0,9.0,3.0,12.0,3.0,8.0,3.0,0.0,4.0,0.0,1.0,1.7,3.4,4.5,2.04,1.75,-0.75,1.87,1.93,1.68,3.88,5.21,,Ligue 2,,20250329_Guingamp_Laval,5.226437161217973,0.73,1.64,53.0,47.0
2025-03-31,Paris FC,Caen,4.0,2.0,7.0,4.0,9.0,12.0,2.0,3.0,1.0,3.0,0.0,0.0,1.53,3.6,6.0,1.66,2.17,-1.25,1.99,1.81,1.46,4.55,7.16,,Ligue 2,,20250331_Paris-FC_Caen,202.96947787175918,1.96,1.01,57.2,42.8
2025-04-04,Ajaccio,Amiens,2.0,1.0,4.0,1.0,11.0,8.0,8.0,3.0,2.0,3.0,0.0,0.0,2.1,3.0,3.9,2.56,1.48,-0.25,1.81,2.01,2.16,2.96,4.16,,Ligue 2,,20250404_Ajaccio_Amiens,6.443660545365219,1.21,0.93,42.9,57.1
2025-04-04,Annecy,Bastia,1.0,1.0,4.0,3.0,4.0,8.0,3.0,13.0,3.0,1.0,1.0,0.0,3.5,3.0,2.2,2.46,1.52,0.25,1.94,1.87,3.68,3.12,2.23,,Ligue 2,,20250404_Annecy_Bastia,-44.4963610287748,0.05,0.78,46.4,53.6
2025-04-04,Laval,Grenoble,1.0,2.0,5.0,3.0,5.0,9.0,6.0,5.0,1.0,0.0,1.0,0.0,2.25,2.9,3.5,2.14,1.69,-0.25,1.82,1.99,2.2,3.21,3.66,,Ligue 2,,20250404_Laval_Grenoble,45.25994168650186,0.62,2.19,48.2,51.8
2025-04-04,Paris FC,Clermont,2.0,0.0,5.0,0.0,8.0,4.0,8.0,4.0,1.0,2.0,0.0,1.0,1.45,4.1,8.0,1.67,2.17,-1.25,1.84,1.97,1.38,4.95,8.52,,Ligue 2,,20250404_Paris-FC_Clermont,129.28842857577,1.13,0.73,55.4,44.6
2025-04-04,Rodez,Martigues,1.0,0.0,6.0,0.0,5.0,8.0,5.0,3.0,0.0,1.0,0.0,1.0,1.44,4.75,6.25,1.58,2.33,-1.5,2.01,1.79,1.38,5.09,7.91,,Ligue 2,,20250404_Rodez_Martigues,44.263446248846094,0.74,0.81,55.9,44.1
2025-04-05,Caen,Metz,2.0,2.0,5.0,3.0,5.0,9.0,6.0,8.0,3.0,1.0,0.0,0.0,4.1,3.6,1.8,1.87,1.92,0.75,1.85,1.95,4.72,3.88,1.75,,Ligue 2,,20250405_Caen_Metz,-273.2272433894966,1.1,1.74,42.9,57.1
2025-04-05,Lorient,Pau FC,5.0,0.0,5.0,0.0,0.0,0.0,0.0,1.0,0.0,1.0,0.0,0.0,1.42,4.5,7.0,1.56,2.37,-1.75,1.96,1.84,1.26,6.13,10.62,,Ligue 2,,20250405_Lorient_Pau-FC,142.63519635316698,1.7,0.78,48.1,51.9
2025-04-05,Troyes,Red Star,2.0,2.0,4.0,4.0,5.0,7.0,6.0,6.0,2.0,0.0,0.0,0.0,1.95,3.4,4.0,2.18,1.66,-0.75,2.03,1.79,1.78,3.49,5.17,,Ligue 2,,20250405_Troyes_Red-Star,42.84264518656096,0.91,0.28,47.7,52.3
2025-04-07,Dunkerque,Guingamp,3.0,1.0,6.0,4.0,6.0,4.0,2.0,4.0,2.0,2.0,0.0,1.0,2.38,3.25,3.0,1.9,1.88,0.0,2.01,1.8,2.91,3.23,2.59,,Ligue 2,,20250407_Dunkerque_Guingamp,-27.961169722363366,1.78,0.05,47.2,52.8
2025-04-11,Amiens,Dunkerque,1.0,0.0,2.0,1.0,2.0,17.0,1.0,9.0,1.0,0.0,1.0,0.0,3.75,3.5,1.83,2.1,1.72,0.5,1.93,1.87,4.34,3.52,1.9,,Ligue 2,,20250411_Amiens_Dunkerque,-82.7959354741306,0.31,1.11,39.0,61.0
2025-04-11,Martigues,Metz,1.0,4.0,4.0,8.0,10.0,6.0,1.0,5.0,3.0,1.0,0.0,0.0,7.0,5.0,1.4,1.78,2.02,1.25,1.81,2.0,7.73,4.41,1.45,,Ligue 2,,20250411_Martigues_Metz,-218.63871893136593,0.48,1.51,40.6,59.4
2025-04-11,Pau FC,Clermont,2.0,2.0,11.0,3.0,11.0,4.0,7.0,5.0,1.0,3.0,0.0,0.0,2.0,3.4,3.6,1.76,2.04,-0.5,1.96,1.84,1.99,3.68,3.76,,Ligue 2,,20250411_Pau-FC_Clermont,10.485885801017048,1.29,0.83,57.7,42.3
2025-04-11,Red Star,Annecy,0.0,1.0,1.0,3.0,8.0,2.0,3.0,2.0,2.0,2.0,0.0,0.0,2.1,3.2,3.7,2.14,1.69,-0.5,2.01,1.79,2.04,3.36,3.97,,Ligue 2,,20250411_Red-Star_Annecy,-47.690383173968485,0.57,1.29,48.4,51.6
2025-04-11,Rodez,Caen,2.0,2.0,6.0,6.0,8.0,4.0,2.0,3.0,2.0,1.0,0.0,1.0,1.9,3.7,3.7,1.75,2.06,-0.5,1.85,1.94,1.88,3.86,4.0,,Ligue 2,,20250411_Rodez_Caen,104.05788732956171,0.58,1.51,53.6,46.4
2025-04-11,Troyes,Ajaccio,0.0,0.0,5.0,1.0,7.0,5.0,5.0,4.0,1.0,2.0,0.0,0.0,1.85,3.3,4.5,2.51,1.5,-0.5,1.81,1.99,1.82,3.31,5.25,,Ligue 2,,20250411_Troyes_Ajaccio,-3.0141246429896,0.3,0.05,46.5,53.5
2025-04-12,Grenoble,Paris FC,1.0,2.0,3.0,7.0,4.0,11.0,3.0,9.0,0.0,4.0,0.0,0.0,4.33,3.9,1.7,1.88,1.9,0.5,1.99,1.81,4.49,3.64,1.84,,Ligue 2,,20250412_Grenoble_Paris-FC,-125.09665418389477,2.42,0.73,39.7,60.3
2025-04-12,Guingamp,Lorient,1.0,2.0,4.0,6.0,7.0,7.0,7.0,2.0,1.0,3.0,0.0,0.0,3.25,3.5,2.0,1.82,1.97,0.5,1.94,1.86,4.14,3.76,1.88,,Ligue 2,,20250412_Guingamp_Lorient,-100.52806316440478,1.41,0.71,51.8,48.2
2025-04-14,Bastia,Laval,5.0,2.0,6.0,4.0,8.0,4.0,6.0,3.0,0.0,4.0,0.0,0.0,1.62,3.25,6.0,2.05,1.75,-0.75,1.83,1.97,1.67,3.86,5.4,,Ligue 2,,20250414_Bastia_Laval,20.84255980192438,2.35,1.35,51.1,48.9
2025-04-18,Ajaccio,Pau FC,1.0,1.0,6.0,3.0,9.0,10.0,9.0,3.0,0.0,2.0,0.0,0.0,2.5,3.1,2.9,2.19,1.66,-0.25,2.1,1.74,2.56,3.11,3.07,,Ligue 2,,20250418_Ajaccio_Pau-FC,2.199628362313433,1.47,0.37,44.7,55.3
2025-04-18,Amiens,Guingamp,3.0,2.0,4.0,6.0,7.0,11.0,2.0,6.0,1.0,0.0,0.0,0.0,4.1,3.5,1.83,1.95,1.85,0.75,1.81,2.0,4.66,3.78,1.78,,Ligue 2,,20250418_Amiens_Guingamp,-61.401396361769,1.46,1.67,44.8,55.2
2025-04-18,Caen,Martigues,0.0,3.0,3.0,6.0,16.0,4.0,10.0,2.0,1.0,2.0,0.0,0.0,1.57,3.75,5.75,1.61,2.26,-1.0,1.91,1.9,1.56,4.55,5.44,,Ligue 2,,20250418_Caen_Martigues,-30.036107537233192,0.05,1.75,51.8,48.2
2025-04-18,Clermont,Troyes,0.0,2.0,5.0,4.0,11.0,10.0,6.0,1.0,1.0,2.0,0.0,0.0,3.2,3.2,2.2,2.09,1.72,0.25,1.92,1.89,3.46,3.39,2.2,,Ligue 2,,20250418_Clermont_Troyes,-9.155473170181494,0.89,2.08,48.6,51.4
2025-04-18,Dunkerque,Grenoble,2.0,0.0,9.0,1.0,5.0,3.0,7.0,4.0,0.0,1.0,0.0,0.0,1.73,3.6,4.75,1.77,2.03,-1.0,1.94,1.86,1.54,4.39,5.94,,Ligue 2,,20250418_Dunkerque_Grenoble,38.62352063166054,1.21,0.05,45.9,54.1
2025-04-18,Laval,Rodez,2.0,1.0,3.0,4.0,5.0,10.0,1.0,11.0,2.0,1.0,0.0,0.0,2.9,3.3,2.35,1.89,1.9,0.25,1.76,2.06,2.9,3.51,2.45,,Ligue 2,,20250418_Laval_Rodez,-4.588263497174694,1.06,1.59,49.2,50.8
2025-04-19,Metz,Red Star,2.0,2.0,7.0,3.0,7.0,3.0,6.0,1.0,3.0,5.0,0.0,0.0,1.48,4.33,6.5,1.72,2.1,-1.25,1.99,1.83,1.47,4.65,6.75,,Ligue 2,,20250419_Metz_Red-Star,234.1735136311163,0.73,0.65,66.2,33.8
2025-04-19,Paris FC,Bastia,1.0,0.0,4.0,4.0,7.0,5.0,4.0,5.0,2.0,4.0,0.0,1.0,1.83,3.4,4.2,2.14,1.69,-0.5,2.05,1.75,2.09,3.31,3.88,,Ligue 2,,20250419_Paris-FC_Bastia,82.67887488197584,0.62,0.32,51.1,48.9
2025-04-21,Annecy,Lorient,0.0,0.0,2.0,2.0,4.0,10.0,8.0,4.0,4.0,2.0,0.0,0.0,5.25,4.0,1.6,1.96,1.83,1.0,1.86,1.94,6.36,4.04,1.56,,Ligue 2,,20250421_Annecy_Lorient,-148.83960979677704,2.18,1.01,51.6,48.4
2025-04-25,Annecy,Ajaccio,2.0,0.0,4.0,1.0,7.0,4.0,8.0,1.0,0.0,4.0,0.0,0.0,2.0,3.4,3.75,2.46,1.52,-0.25,1.79,2.02,2.13,3.16,3.93,,Ligue 2,,20250425_Annecy_Ajaccio,20.16908979202458,1.1,0.98,46.2,53.8
2025-04-25,Bastia,Grenoble,2.0,3.0,8.0,6.0,15.0,6.0,5.0,5.0,2.0,2.0,0.0,0.0,1.53,4.33,5.75,1.77,2.02,-1.25,1.97,1.84,1.44,4.61,7.6,,Ligue 2,,20250425_Bastia_Grenoble,59.605811127062225,0.68,0.26,50.1,49.9
2025-04-25,Guingamp,Martigues,2.0,1.0,2.0,6.0,12.0,8.0,6.0,3.0,1.0,2.0,0.0,0.0,1.44,4.33,7.5,1.6,2.29,-1.25,1.83,1.98,1.39,5.19,7.69,,Ligue 2,,20250425_Guingamp_Martigues,69.50440484886599,1.59,1.17,55.2,44.8
2025-04-25,Laval,Amiens,1.0,0.0,2.0,3.0,16.0,7.0,12.0,4.0,0.0,2.0,0.0,0.0,1.57,4.0,5.75,1.98,1.81,-1.0,2.02,1.79,1.58,4.01,6.2,,Ligue 2,,20250425_Laval_Amiens,27.34538129026737,0.06,0.78,44.5,55.5
2025-04-25,Red Star,Clermont,1.0,1.0,1.0,2.0,6.0,7.0,3.0,1.0,2.0,1.0,0.0,0.0,2.5,3.25,2.8,1.89,1.9,0.0,1.75,2.1,2.45,3.47,2.93,,Ligue 2,,20250425_Red-Star_Clermont,-22.47466110074538,0.42,0.72,49.5,50.5
2025-04-25,Troyes,Dunkerque,1.0,0.0,2.0,4.0,3.0,8.0,1.0,4.0,0.0,2.0,0.0,0.0,2.7,3.0,2.75,2.18,1.66,0.0,1.92,1.89,2.81,3.15,2.73,,Ligue 2,,20250425_Troyes_Dunkerque,-39.88822499007142,0.56,0.05,45.5,54.5
2025-04-26,Lorient,Caen,4.0,0.0,6.0,2.0,16.0,7.0,12.0,1.0,1.0,1.0,0.0,0.0,1.25,6.0,13.0,1.56,2.37,-1.75,1.83,1.98,1.21,6.66,14.14,,Ligue 2,,20250426_Lorient_Caen,248.4933629122513,0.92,1.23,59.3,40.7
2025-04-26,Pau FC,Metz,2.0,1.0,5.0,5.0,13.0,12.0,6.0,6.0,1.0,5.0,0.0,0.0,4.33,3.8,1.73,1.55,2.41,0.75,1.96,1.86,4.4,4.33,1.71,,Ligue 2,,20250426_Pau-FC_Metz,-176.07465508287532,1.6,0.4,44.8,55.2
2025-04-26,Rodez,Paris FC,1.0,1.0,3.0,2.0,16.0,7.0,6.0,3.0,3.0,3.0,0.0,1.0,3.0,3.25,2.38,1.85,1.94,0.25,1.86,1.95,3.18,3.32,2.36,,Ligue 2,,20250426_Rodez_Paris-FC,-142.85068972907948,0.98,1.02,49.9,50.1
2025-05-02,Ajaccio,Lorient,2.0,1.0,3.0,5.0,2.0,14.0,0.0,6.0,1.0,3.0,0.0,0.0,6.0,3.9,1.55,1.97,1.82,0.75,1.92,1.88,4.99,3.83,1.68,,Ligue 2,,20250502_Ajaccio_Lorient,-175.2500828357538,1.68,0.75,44.2,55.8
2025-05-02,Amiens,Pau FC,4.0,2.0,7.0,7.0,1.0,11.0,4.0,5.0,1.0,1.0,0.0,0.0,3.1,3.5,2.2,1.65,2.2,0.0,1.98,1.83,2.65,3.74,2.47,,Ligue 2,,20250502_Amiens_Pau-FC,-27.53187241115029,1.12,1.07,49.2,50.8
2025-05-02,Caen,Red Star,1.0,1.0,4.0,3.0,10.0,6.0,4.0,2.0,0.0,2.0,0.0,0.0,2.63,3.4,2.55,1.92,1.87,0.0,2.07,1.76,2.96,3.14,2.54,,Ligue 2,,20250502_Caen_Red-Star,-48.544099324175704,1.64,1.13,45.1,54.9
2025-05-02,Clermont,Annecy,3.0,2.0,3.0,1.0,2.0,9.0,0.0,5.0,3.0,2.0,0.0,0.0,2.25,3.2,3.2,2.08,1.73,-0.25,1.87,1.93,2.14,3.31,3.56,,Ligue 2,,20250502_Clermont_Annecy,-55.817699518558356,1.26,0.67,53.0,47.0
2025-05-02,Dunkerque,Laval,0.0,0.0,4.0,4.0,8.0,9.0,6.0,4.0,1.0,2.0,0.0,0.0,1.8,3.5,4.33,1.9,1.88,-0.5,1.81,1.99,1.83,3.67,4.26,,Ligue 2,,20250502_Dunkerque_Laval,-2.019526375767555,0.48,1.37,51.1,48.9
2025-05-02,Grenoble,Troyes,3.0,1.0,4.0,4.0,11.0,13.0,4.0,9.0,1.0,0.0,0.0,0.0,3.2,3.25,2.25,1.89,1.89,0.25,1.89,1.91,3.2,3.42,2.25,,Ligue 2,,20250502_Grenoble_Troyes,-19.411134122928388,0.8,1.48,56.5,43.5
2025-05-02,Guingamp,Bastia,2.0,2.0,10.0,4.0,10.0,9.0,12.0,6.0,2.0,5.0,0.0,0.0,2.1,3.2,3.7,1.97,1.81,-0.5,1.78,2.01,1.71,3.55,5.29,,Ligue 2,,20250502_Guingamp_Bastia,7.47885621924479,1.3,1.1,47.9,52.1
2025-05-02,Martigues,Paris FC,1.0,1.0,4.0,7.0,8.0,9.0,2.0,1.0,2.0,1.0,0.0,0.0,5.0,3.75,1.67,1.63,2.23,0.75,1.88,1.92,4.8,3.81,1.71,,Ligue 2,,20250502_Martigues_Paris-FC,-191.72572444675052,1.32,0.51,41.1,58.9
2025-05-02,Metz,Rodez,3.0,3.0,8.0,7.0,8.0,9.0,5.0,8.0,1.0,3.0,0.0,0.0,1.57,4.2,5.0,1.49,2.52,-1.0,1.95,1.85,1.6,4.16,5.3,,Ligue 2,,20250502_Metz_Rodez,145.04043352051508,1.77,0.55,55.1,44.9
2025-05-10,Annecy,Grenoble,3.0,1.0,3.0,1.0,4.0,6.0,7.0,3.0,1.0,2.0,0.0,0.0,1.95,3.4,3.8,1.76,2.04,-0.25,1.81,2.0,2.12,3.5,3.4,,Ligue 2,,20250510_Annecy_Grenoble,1.9776179995776602,1.33,1.51,55.8,44.2
2025-05-10,Bastia,Caen,2.0,1.0,11.0,2.0,16.0,2.0,12.0,1.0,0.0,2.0,0.0,0.0,1.48,4.33,5.75,1.55,2.38,-1.25,1.92,1.88,1.42,4.78,6.99,,Ligue 2,,20250510_Bastia_Caen,126.84806692783445,1.29,0.14,57.2,42.8
2025-05-10,Laval,Metz,2.0,3.0,8.0,5.0,11.0,6.0,7.0,2.0,2.0,1.0,0.0,0.0,2.15,3.8,2.9,1.63,2.21,-0.5,1.81,1.99,1.85,4.05,3.77,,Ligue 2,,20250510_Laval_Metz,-114.26004942402506,0.52,1.64,41.3,58.7
2025-05-10,Lorient,Martigues,5.0,1.0,10.0,4.0,13.0,2.0,6.0,3.0,2.0,1.0,0.0,0.0,1.57,4.1,5.5,1.37,2.98,-1.75,2.03,1.77,1.31,5.03,9.13,,Ligue 2,,20250510_Lorient_Martigues,187.18092046529864,0.91,0.2,57.8,42.2
2025-05-10,Paris FC,Ajaccio,2.0,0.0,6.0,1.0,13.0,9.0,3.0,3.0,0.0,1.0,0.0,0.0,1.48,4.1,6.5,1.6,2.29,-1.5,1.99,1.81,1.3,5.33,9.82,,Ligue 2,,20250510_Paris-FC_Ajaccio,132.57561198339,0.75,0.96,53.7,46.3
2025-05-10,Pau FC,Guingamp,1.0,3.0,2.0,8.0,6.0,6.0,5.0,5.0,3.0,2.0,1.0,0.0,3.0,3.7,2.1,1.57,2.33,0.5,1.95,1.83,3.81,3.99,1.85,,Ligue 2,,20250510_Pau-FC_Guingamp,-39.05073105393717,0.54,2.63,42.3,57.7
2025-05-10,Red Star,Dunkerque,1.0,1.0,5.0,2.0,5.0,8.0,1.0,3.0,2.0,1.0,0.0,1.0,4.0,3.2,2.0,1.87,1.92,0.0,2.04,1.78,2.9,3.4,2.51,,Ligue 2,,20250510_Red-Star_Dunkerque,-82.4748112876764,0.91,0.75,46.6,53.4
2025-05-10,Rodez,Clermont,1.0,1.0,2.0,2.0,9.0,6.0,2.0,12.0,1.0,2.0,0.0,0.0,2.75,3.5,2.4,1.54,2.39,-0.25,1.91,1.87,2.18,3.89,2.99,,Ligue 2,,20250510_Rodez_Clermont,26.547758611671952,1.07,1.62,47.1,52.9
2025-05-10,Troyes,Amiens,1.0,0.0,7.0,2.0,14.0,14.0,9.0,2.0,0.0,2.0,0.0,0.0,1.55,4.1,5.5,1.62,2.24,-1.0,1.74,2.08,1.47,4.76,6.06,,Ligue 2,,20250510_Troyes_Amiens,8.677235321624948,0.71,0.5,55.6,44.4
2025-08-09,Dunkerque,Clermont,2.0,2.0,4.0,4.0,11.0,2.0,9.0,2.0,2.0,1.0,0.0,0.0,2.1,3.1,3.2,2.15,1.64,-0.25,1.77,1.89,2.1,3.22,3.63,,Ligue 2,,20250809_Dunkerque_Clermont,42.26179798522844,0.78,0.6,45.0,55.0
2025-08-09,Guingamp,Le Mans,3.0,3.0,7.0,3.0,7.0,7.0,10.0,5.0,3.0,3.0,0.0,1.0,1.67,3.5,4.5,1.97,1.75,-0.5,1.86,1.86,2.0,3.44,4.03,,Ligue 2,,20250809_Guingamp_Le-Mans,110.34811228818717,1.9,2.15,49.3,50.7
2025-08-09,Laval,St Etienne,3.0,3.0,4.0,6.0,6.0,4.0,4.0,7.0,3.0,0.0,1.0,0.0,2.8,3.3,2.2,2.06,1.69,0.0,1.97,1.76,3.25,3.38,2.3,,Ligue 2,,20250809_Laval_St-Etienne,-57.502353592704594,2.02,1.98,43.5,56.5
2025-08-09,Montpellier,Red Star,1.0,1.0,2.0,3.0,4.0,4.0,1.0,2.0,0.0,2.0,0.0,0.0,1.85,3.3,3.7,1.97,1.75,-0.5,1.77,1.95,1.81,3.59,4.75,,Ligue 2,,20250809_Montpellier_Red-Star,48.770477421670876,0.82,1.38,48.8,51.2
2025-08-09,Pau FC,Annecy,2.0,0.0,3.0,1.0,6.0,3.0,5.0,5.0,2.0,2.0,0.0,1.0,2.3,3.2,2.75,2.0,1.73,-0.25,1.91,1.75,2.42,3.21,3.19,,Ligue 2,,20250809_Pau-FC_Annecy,-37.53777342815192,1.09,0.59,43.9,56.1
2025-08-09,Rodez,Nancy,0.0,0.0,5.0,2.0,6.0,10.0,4.0,9.0,1.0,2.0,0.0,0.0,2.05,3.25,3.25,1.97,1.75,0.0,1.77,1.96,2.18,3.32,3.6,,Ligue 2,,20250809_Rodez_Nancy,135.29026919690023,0.77,0.64,54.5,45.5
2025-08-09,Troyes,Grenoble,2.0,1.0,9.0,5.0,12.0,0.0,3.0,1.0,1.0,1.0,0.0,1.0,1.7,3.4,4.33,2.09,1.67,-0.5,1.84,1.88,1.83,3.51,4.78,,Ligue 2,,20250809_Troyes_Grenoble,17.703711326736993,1.21,0.88,53.5,46.5
2025-08-11,Amiens,Reims,2.0,2.0,2.0,4.0,8.0,6.0,8.0,7.0,1.0,1.0,0.0,0.0,4.33,3.3,1.73,1.87,1.85,1.0,1.75,1.93,6.01,3.82,1.63,,Ligue 2,,20250811_Amiens_Reims,-168.08763483947132,1.05,1.32,36.8,63.2
2025-08-15,Bastia,Pau FC,1.0,1.0,5.0,3.0,8.0,6.0,6.0,11.0,2.0,3.0,1.0,1.0,1.73,3.3,4.33,1.75,1.98,-0.75,1.8,1.86,1.68,3.94,5.12,,Ligue 2,,20250815_Bastia_Pau-FC,37.25745572220444,0.5,1.11,49.1,50.9
2025-08-15,Clermont,Troyes,0.0,0.0,1.0,2.0,3.0,9.0,3.0,3.0,2.0,3.0,0.0,0.0,2.5,3.2,2.5,2.05,1.69,0.25,1.68,2.01,3.03,3.23,2.5,,Ligue 2,,20250815_Clermont_Troyes,-40.810583844512394,0.05,0.6,42.8,57.2
2025-08-15,Grenoble,Laval,1.0,1.0,2.0,3.0,12.0,4.0,7.0,4.0,0.0,0.0,0.0,0.0,2.38,3.25,2.6,2.15,1.63,0.0,1.9,1.83,2.78,3.21,2.72,,Ligue 2,,20250815_Grenoble_Laval,-38.93496632107144,0.05,1.69,46.4,53.6
2025-08-15,Nancy,Boulogne,1.0,0.0,3.0,3.0,5.0,7.0,4.0,2.0,4.0,2.0,0.0,0.0,1.73,3.5,4.0,2.13,1.64,-0.75,1.89,1.77,1.7,3.68,5.49,,Ligue 2,,20250815_Nancy_Boulogne,-120.27269281424878,1.54,0.81,42.5,57.5
2025-08-15,Red Star,Amiens,1.0,3.0,7.0,5.0,19.0,5.0,13.0,2.0,2.0,3.0,0.0,0.0,1.83,3.4,3.6,2.05,1.69,-0.5,1.79,1.92,1.88,3.59,4.37,,Ligue 2,,20250815_Red-Star_Amiens,-37.13442325047504,0.12,0.91,47.3,52.7
2025-08-16,Annecy,Dunkerque,2.0,2.0,3.0,2.0,5.0,3.0,3.0,5.0,4.0,1.0,0.0,0.0,2.8,3.25,2.2,2.21,1.6,0.25,1.7,1.98,3.27,3.14,2.41,,Ligue 2,,20250816_Annecy_Dunkerque,-15.089438567101297,1.49,1.94,56.3,43.7
2025-08-16,Reims,Guingamp,1.0,0.0,6.0,3.0,10.0,5.0,4.0,3.0,2.0,1.0,0.0,0.0,1.95,3.3,3.5,1.99,1.74,-0.5,2.0,1.74,2.09,3.29,3.88,,Ligue 2,,20250816_Reims_Guingamp,103.34241608597881,1.1,1.49,51.6,48.4
2025-08-16,St Etienne,Rodez,4.0,0.0,7.0,1.0,12.0,4.0,5.0,5.0,2.0,2.0,0.0,0.0,1.73,3.6,3.75,1.57,2.27,-0.75,1.75,1.92,1.69,4.14,4.8,,Ligue 2,,20250816_St-Etienne_Rodez,74.01494626461272,1.46,0.71,59.2,40.8
2025-08-18,Le Mans,Montpellier,1.0,2.0,3.0,3.0,8.0,9.0,5.0,9.0,3.0,2.0,0.0,0.0,2.35,3.4,2.55,1.95,1.76,0.0,1.74,1.99,2.51,3.27,2.98,,Ligue 2,,20250818_Le-Mans_Montpellier,-57.29841908661638,0.72,1.77,47.6,52.4
2025-08-22,Amiens,Annecy,0.0,1.0,3.0,2.0,7.0,7.0,5.0,3.0,3.0,4.0,0.0,0.0,2.55,3.0,2.8,2.21,1.6,0.0,1.92,1.8,2.68,3.23,2.82,,Ligue 2,,20250822_Amiens_Annecy,-11.330994666781407,0.64,1.31,51.1,48.9
2025-08-22,Clermont,Grenoble,2.0,1.0,6.0,2.0,8.0,11.0,5.0,3.0,1.0,0.0,0.0,0.0,2.15,3.2,3.25,1.98,1.75,-0.25,1.74,1.92,2.2,3.37,3.46,,Ligue 2,,20250822_Clermont_Grenoble,-0.26480863296228563,0.66,0.68,53.6,46.4
2025-08-22,Dunkerque,Nancy,1.0,3.0,7.0,4.0,5.0,14.0,6.0,6.0,2.0,2.0,0.0,0.0,2.1,3.1,3.2,2.3,1.55,-0.25,1.97,1.7,2.36,3.25,3.25,,Ligue 2,,20250822_Dunkerque_Nancy,130.41544205013065,0.84,0.83,54.5,45.5
2025-08-22,Le Mans,Bastia,1.0,0.0,3.0,3.0,10.0,10.0,9.0,5.0,4.0,2.0,0.0,0.0,2.5,3.2,2.45,2.31,1.55,0.0,1.9,1.82,2.8,3.19,2.72,,Ligue 2,,20250822_Le-Mans_Bastia,-105.6012625267258,0.62,0.05,47.2,52.8
2025-08-22,Rodez,Laval,1.0,1.0,6.0,4.0,15.0,4.0,5.0,9.0,2.0,1.0,0.0,0.0,2.2,3.25,2.9,1.91,1.81,0.0,1.88,1.85,2.58,3.47,2.76,,Ligue 2,,20250822_Rodez_Laval,-28.591271486910045,0.93,0.81,44.2,55.8
2025-08-23,Boulogne,St Etienne,0.0,1.0,0.0,3.0,4.0,8.0,3.0,5.0,5.0,3.0,0.0,0.0,,,,1.88,1.83,0.75,1.86,1.8,4.93,3.83,1.73,,Ligue 2,,20250823_Boulogne_St-Etienne,-105.60968189740561,1.6,0.69,44.4,55.6
2025-08-23,Guingamp,Red Star,0.0,4.0,6.0,8.0,6.0,5.0,8.0,2.0,1.0,3.0,0.0,0.0,1.8,3.5,4.0,1.93,1.79,-0.5,2.03,1.71,2.02,3.64,3.71,,Ligue 2,,20250823_Guingamp_Red-Star,93.28691290463689,0.94,0.36,50.3,49.7
2025-08-23,Troyes,Montpellier,1.0,0.0,4.0,0.0,10.0,7.0,6.0,4.0,3.0,1.0,0.0,1.0,2.2,3.4,2.7,2.1,1.66,-0.25,1.87,1.8,2.35,3.29,3.23,,Ligue 2,,20250823_Troyes_Montpellier,18.344792299943038,2.26,0.95,52.0,48.0
2025-08-25,Pau FC,Reims,2.0,0.0,5.0,1.0,2.0,6.0,5.0,4.0,3.0,2.0,0.0,0.0,2.88,3.3,2.15,1.75,1.97,0.25,1.84,1.86,2.98,3.59,2.35,,Ligue 2,,20250825_Pau-FC_Reims,-153.97775849084292,1.37,2.1,43.3,56.7
2025-08-29,Dunkerque,Troyes,2.0,0.0,4.0,3.0,2.0,8.0,2.0,11.0,1.0,1.0,0.0,0.0,2.9,3.25,2.25,1.94,1.77,0.0,1.79,1.94,2.93,3.46,2.45,,Ligue 2,,20250829_Dunkerque_Troyes,-28.24265245586912,1.92,1.45,48.8,51.2
2025-08-29,Laval,Clermont,0.0,0.0,6.0,0.0,4.0,11.0,13.0,5.0,2.0,0.0,0.0,0.0,2.05,3.25,3.4,1.97,1.75,-0.5,1.98,1.74,2.11,3.3,3.82,,Ligue 2,,20250829_Laval_Clermont,23.527014569451467,0.27,1.04,51.1,48.9
2025-08-29,Montpellier,Amiens,1.0,1.0,4.0,2.0,16.0,4.0,3.0,1.0,3.0,3.0,0.0,0.0,1.5,4.2,5.5,1.94,1.77,-0.75,1.73,1.96,1.6,4.09,5.8,,Ligue 2,,20250829_Montpellier_Amiens,7.847309495266245,0.74,0.32,51.4,48.6
2025-08-29,Nancy,Pau FC,2.0,2.0,6.0,4.0,9.0,11.0,11.0,3.0,1.0,1.0,0.0,0.0,1.95,3.25,3.6,2.11,1.66,-0.5,1.94,1.78,2.02,3.48,3.88,,Ligue 2,,20250829_Nancy_Pau-FC,-106.86520904266285,0.81,1.28,47.7,52.3
2025-08-29,Red Star,Annecy,1.0,0.0,1.0,0.0,4.0,5.0,2.0,4.0,0.0,1.0,0.0,0.0,1.8,3.3,4.2,2.17,1.62,-0.5,1.78,1.93,1.85,3.47,4.7,,Ligue 2,,20250829_Red-Star_Annecy,-66.3720091032178,0.62,1.29,55.0,45.0
2025-08-29,Rodez,Boulogne,1.0,0.0,4.0,7.0,8.0,14.0,4.0,4.0,2.0,1.0,0.0,1.0,1.75,3.3,4.33,2.14,1.64,-0.5,1.86,1.84,1.85,3.54,4.58,,Ligue 2,,20250829_Rodez_Boulogne,22.077538317602603,0.66,1.17,47.6,52.4
2025-08-30,Bastia,Guingamp,1.0,3.0,2.0,6.0,8.0,6.0,6.0,3.0,4.0,2.0,0.0,0.0,2.1,3.25,3.25,1.93,1.79,-0.75,1.94,1.74,2.03,3.53,3.78,,Ligue 2,,20250830_Bastia_Guingamp,0.730704839334976,0.78,1.54,42.5,57.5
2025-08-30,Reims,Le Mans,1.0,0.0,3.0,0.0,9.0,5.0,5.0,4.0,0.0,2.0,0.0,0.0,1.8,3.25,4.33,2.06,1.69,-0.25,1.69,2.01,1.95,3.43,4.22,,Ligue 2,,20250830_Reims_Le-Mans,192.35101833728504,1.47,0.05,53.6,46.4
2025-08-30,St Etienne,Grenoble,1.0,1.0,6.0,2.0,14.0,5.0,9.0,1.0,2.0,4.0,0.0,1.0,1.5,3.8,6.0,1.66,2.09,-1.25,1.89,1.79,1.44,4.8,7.06,,Ligue 2,,20250830_St-Etienne_Grenoble,121.11336316127336,1.09,0.9,59.5,40.5
2025-09-12,Amiens,Bastia,0.0,0.0,1.0,1.0,3.0,6.0,5.0,3.0,0.0,1.0,0.0,0.0,3.5,3.2,2.0,2.09,1.67,0.5,1.78,1.95,3.91,3.44,2.03,,Ligue 2,,20250912_Amiens_Bastia,-19.604421081410237,0.96,0.76,47.4,52.6
2025-09-12,Boulogne,Laval,1.0,2.0,3.0,4.0,8.0,3.0,3.0,2.0,1.0,0.0,0.0,0.0,3.1,3.2,2.15,2.21,1.61,0.25,1.83,1.89,3.27,3.29,2.33,,Ligue 2,,20250912_Boulogne_Laval,-59.12537997381742,1.16,1.27,46.9,53.1
2025-09-12,Le Mans,Rodez,0.0,1.0,3.0,5.0,17.0,7.0,5.0,3.0,2.0,2.0,0.0,0.0,2.0,3.4,3.3,1.9,1.82,-0.25,1.79,1.93,2.17,3.54,3.38,,Ligue 2,,20250912_Le-Mans_Rodez,-68.29238338028563,0.58,1.86,47.9,52.1
2025-09-12,Pau FC,Red Star,0.0,3.0,3.0,6.0,10.0,10.0,2.0,2.0,1.0,2.0,2.0,0.0,2.8,3.0,2.55,1.94,1.79,0.0,1.96,1.79,2.97,3.19,2.58,,Ligue 2,,20250912_Pau-FC_Red-Star,43.721101828364,1.07,1.44,43.7,56.3
2025-09-12,Troyes,Nancy,3.0,0.0,11.0,3.0,11.0,4.0,7.0,3.0,1.0,0.0,0.0,0.0,2.1,3.0,3.5,2.11,1.66,-0.25,1.86,1.85,2.29,3.12,3.55,,Ligue 2,,20250912_Troyes_Nancy,109.49770431684101,1.69,0.05,50.8,49.2
2025-09-13,Annecy,Reims,1.0,1.0,2.0,7.0,4.0,8.0,5.0,7.0,3.0,5.0,0.0,0.0,3.1,3.25,2.15,2.21,1.6,0.5,1.74,1.99,3.77,3.07,2.23,,Ligue 2,,20250913_Annecy_Reims,-135.4059809148971,1.51,1.09,55.8,44.2
2025-09-13,Clermont,St Etienne,1.0,2.0,2.0,6.0,10.0,10.0,2.0,5.0,1.0,1.0,0.0,0.0,3.6,3.5,1.9,1.76,1.97,0.5,1.96,1.77,4.16,3.63,1.91,,Ligue 2,,20250913_Clermont_St-Etienne,-92.52700675243068,1.65,1.06,47.1,52.9
2025-09-13,Grenoble,Dunkerque,1.0,0.0,2.0,5.0,10.0,8.0,6.0,7.0,2.0,1.0,0.0,0.0,2.7,3.3,2.4,2.05,1.7,0.0,2.08,1.68,3.23,3.22,2.39,,Ligue 2,,20250913_Grenoble_Dunkerque,-41.82485490799354,1.43,0.45,48.3,51.7
2025-09-15,Guingamp,Montpellier,1.0,0.0,4.0,1.0,7.0,13.0,5.0,6.0,1.0,3.0,0.0,0.0,2.38,3.25,2.75,1.9,1.82,0.0,1.94,1.78,2.71,3.33,2.71,,Ligue 2,,20250915_Guingamp_Montpellier,35.61886275076699,1.12,0.35,49.2,50.8
2025-09-16,Boulogne,Bastia,1.0,0.0,2.0,6.0,4.0,5.0,2.0,4.0,3.0,4.0,0.0,0.0,3.75,3.2,2.0,2.49,1.49,0.25,1.87,1.84,3.81,3.04,2.23,,Ligue 2,,20250916_Boulogne_Bastia,-54.0222590572921,1.22,1.31,50.9,49.1
2025-09-19,Boulogne,Pau FC,0.0,3.0,2.0,3.0,3.0,7.0,6.0,0.0,3.0,2.0,0.0,0.0,2.63,3.3,2.5,2.25,1.58,0.0,1.82,1.9,2.64,3.21,2.87,,Ligue 2,,20250919_Boulogne_Pau-FC,-33.63269024585702,0.61,0.53,44.9,55.1
2025-09-19,Dunkerque,Le Mans,2.0,2.0,5.0,5.0,9.0,3.0,7.0,3.0,1.0,3.0,1.0,1.0,2.05,3.3,3.5,2.04,1.71,-0.5,1.85,1.86,1.95,3.48,4.15,,Ligue 2,,20250919_Dunkerque_Le-Mans,78.47400600625292,2.01,1.5,50.2,49.8
2025-09-19,Grenoble,Annecy,1.0,3.0,3.0,7.0,2.0,5.0,4.0,10.0,0.0,1.0,0.0,0.0,2.15,3.1,3.3,2.34,1.54,-0.25,1.96,1.76,2.53,3.16,3.06,,Ligue 2,,20250919_Grenoble_Annecy,-19.46763602703186,0.37,1.93,56.1,43.9
2025-09-19,Laval,Amiens,0.0,3.0,3.0,6.0,14.0,8.0,8.0,6.0,2.0,2.0,0.0,0.0,1.7,3.9,4.33,2.39,1.53,-0.5,1.83,1.89,1.81,3.45,4.99,,Ligue 2,,20250919_Laval_Amiens,43.30949055798919,0.05,1.25,57.3,42.7
2025-09-19,Nancy,Red Star,0.0,1.0,0.0,6.0,4.0,9.0,3.0,4.0,2.0,3.0,1.0,0.0,2.4,3.2,2.9,2.21,1.61,0.0,1.69,2.07,2.43,3.15,3.22,,Ligue 2,,20250919_Nancy_Red-Star,-77.82709874920351,0.98,0.83,52.5,47.5
2025-09-19,Rodez,Clermont,0.0,1.0,3.0,3.0,17.0,4.0,7.0,2.0,2.0,1.0,0.0,1.0,2.1,3.4,3.3,1.83,1.89,-0.25,1.81,1.9,2.36,3.32,3.18,,Ligue 2,,20250919_Rodez_Clermont,25.882329229433708,1.66,1.53,53.4,46.6
2025-09-20,Montpellier,Bastia,2.0,0.0,4.0,4.0,4.0,9.0,2.0,9.0,3.0,3.0,0.0,0.0,2.2,3.1,3.2,2.3,1.56,-0.5,1.98,1.75,2.49,3.09,3.19,,Ligue 2,,20250920_Montpellier_Bastia,-8.545787436670935,1.58,0.18,52.5,47.5
2025-09-20,St Etienne,Reims,3.0,2.0,10.0,7.0,6.0,10.0,1.0,6.0,0.0,4.0,0.0,0.0,1.9,3.6,3.8,1.76,1.97,-0.5,1.89,1.82,2.03,3.72,3.58,,Ligue 2,,20250920_St-Etienne_Reims,-37.45618003403911,2.56,0.84,50.3,49.7
2025-09-20,Troyes,Guingamp,5.0,2.0,11.0,4.0,7.0,4.0,1.0,3.0,0.0,0.0,0.0,0.0,1.83,3.5,3.8,1.7,2.05,-0.75,1.99,1.74,1.84,3.86,4.2,,Ligue 2,,20250920_Troyes_Guingamp,-9.677986319289403,2.06,1.69,46.3,53.7
2025-09-23,Amiens,St Etienne,0.0,1.0,2.0,4.0,8.0,19.0,3.0,9.0,2.0,2.0,0.0,0.0,5.0,3.9,1.57,1.73,2.01,0.75,1.93,1.79,5.15,4.29,1.63,,Ligue 2,,20250923_Amiens_St-Etienne,-112.6330659255052,0.22,0.93,43.5,56.5
2025-09-23,Annecy,Nancy,1.0,2.0,2.0,6.0,9.0,6.0,4.0,3.0,4.0,3.0,0.0,0.0,2.45,3.1,2.7,2.29,1.56,0.0,1.76,1.97,2.64,3.17,2.91,,Ligue 2,,20250923_Annecy_Nancy,127.30497397293175,1.23,1.34,53.8,46.2
2025-09-23,Bastia,Rodez,2.0,3.0,9.0,3.0,11.0,7.0,7.0,6.0,1.0,1.0,0.0,0.0,1.85,3.4,3.75,1.94,1.79,-0.5,1.88,1.84,1.97,3.63,3.87,,Ligue 2,,20250923_Bastia_Rodez,-23.434593107407863,0.3,1.59,52.1,47.9
2025-09-23,Guingamp,Dunkerque,2.0,1.0,3.0,4.0,7.0,9.0,4.0,4.0,2.0,3.0,0.0,0.0,2.45,3.4,2.6,1.84,1.87,-0.25,2.02,1.71,2.54,3.44,2.83,,Ligue 2,,20250923_Guingamp_Dunkerque,24.08119467878919,1.68,1.19,51.5,48.5
2025-09-23,Le Mans,Grenoble,1.0,0.0,2.0,1.0,5.0,10.0,5.0,5.0,4.0,2.0,1.0,0.0,1.95,3.2,3.6,2.17,1.63,-0.5,1.91,1.81,2.03,3.5,3.8,,Ligue 2,,20250923_Le-Mans_Grenoble,-49.530892548522615,1.65,0.72,56.3,43.7
2025-09-23,Montpellier,Boulogne,1.0,3.0,2.0,10.0,4.0,14.0,4.0,5.0,0.0,3.0,1.0,0.0,1.55,3.7,5.75,2.07,1.68,-1.0,1.98,1.76,1.62,3.87,6.02,,Ligue 2,,20250923_Montpellier_Boulogne,40.911616219007556,1.64,1.14,57.4,42.6
2025-09-23,Pau FC,Laval,1.0,0.0,4.0,2.0,13.0,3.0,4.0,4.0,3.0,1.0,0.0,0.0,2.1,3.4,3.1,2.08,1.68,-0.25,1.86,1.84,2.3,3.21,3.41,,Ligue 2,,20250923_Pau-FC_Laval,-7.266318707673008,0.81,0.05,43.4,56.6
2025-09-23,Red Star,Troyes,1.0,3.0,4.0,8.0,8.0,7.0,2.0,4.0,0.0,3.0,0.0,0.0,2.4,3.2,2.7,2.0,1.74,0.0,1.88,1.84,2.72,3.17,2.81,,Ligue 2,,20250923_Red-Star_Troyes,-51.325790898263904,0.84,1.31,46.7,53.3
2025-09-23,Reims,Clermont,4.0,1.0,5.0,3.0,13.0,4.0,3.0,1.0,3.0,0.0,0.0,1.0,1.4,4.33,6.5,1.67,2.09,-1.0,1.75,1.98,1.5,4.46,6.51,,Ligue 2,,20250923_Reims_Clermont,121.55758753483224,1.93,1.09,44.7,55.3
2025-09-26,Clermont,Le Mans,1.0,1.0,2.0,7.0,6.0,17.0,2.0,13.0,2.0,2.0,0.0,0.0,2.75,3.1,2.5,2.2,1.61,0.0,1.86,1.87,2.79,3.23,2.7,,Ligue 2,,20250926_Clermont_Le-Mans,50.31537316597655,0.64,0.41,56.9,43.1
2025-09-26,Grenoble,Bastia,0.0,0.0,3.0,1.0,7.0,4.0,5.0,2.0,3.0,2.0,0.0,1.0,2.9,3.1,2.45,2.25,1.58,0.25,1.75,1.97,3.01,3.25,2.51,,Ligue 2,,20250926_Grenoble_Bastia,-1.6191542588994707,0.42,1.63,52.0,48.0
2025-09-26,Nancy,Reims,0.0,1.0,2.0,2.0,17.0,6.0,8.0,1.0,4.0,1.0,0.0,0.0,3.25,3.3,2.1,1.92,1.8,0.25,1.97,1.75,3.34,3.59,2.17,,Ligue 2,,20250926_Nancy_Reims,-220.94154872894,1.16,1.55,41.6,58.4
2025-09-26,Rodez,Pau FC,1.0,2.0,2.0,6.0,8.0,16.0,3.0,10.0,1.0,3.0,0.0,0.0,2.4,3.25,2.8,1.83,1.88,-0.25,2.0,1.73,2.46,3.46,2.92,,Ligue 2,,20250926_Rodez_Pau-FC,-8.073972531922891,1.11,1.67,51.5,48.5
2025-09-26,Troyes,Annecy,3.0,1.0,3.0,6.0,6.0,6.0,2.0,2.0,2.0,1.0,0.0,0.0,1.53,3.9,6.25,2.09,1.67,-1.0,1.89,1.82,1.52,4.04,7.24,,Ligue 2,,20250926_Troyes_Annecy,47.010220496387774,1.35,0.05,54.3,45.7
2025-09-27,Dunkerque,Amiens,6.0,2.0,12.0,2.0,6.0,4.0,5.0,2.0,3.0,1.0,0.0,0.0,1.7,3.6,4.75,1.9,1.82,-0.75,1.91,1.79,1.76,3.82,4.72,,Ligue 2,,20250927_Dunkerque_Amiens,0.18930867753988423,1.82,1.01,45.3,54.7
2025-09-27,Laval,Montpellier,0.0,1.0,7.0,4.0,11.0,7.0,11.0,5.0,0.0,5.0,0.0,0.0,2.88,3.0,2.5,2.18,1.63,-0.25,1.92,1.79,2.82,3.01,2.84,,Ligue 2,,20250927_Laval_Montpellier,22.82696766671984,0.87,0.05,43.1,56.9
2025-09-27,St Etienne,Guingamp,2.0,3.0,2.0,7.0,11.0,5.0,5.0,4.0,3.0,2.0,1.0,0.0,1.62,4.33,4.2,1.53,2.38,-1.0,1.77,1.95,1.57,4.58,5.3,,Ligue 2,,20250927_St-Etienne_Guingamp,82.50452852561011,0.94,2.36,55.5,44.5
2025-09-29,Boulogne,Red Star,1.0,2.0,6.0,5.0,10.0,3.0,7.0,3.0,1.0,0.0,0.0,0.0,3.25,3.2,2.2,2.29,1.57,0.25,1.84,1.87,3.53,3.24,2.24,,Ligue 2,,20250929_Boulogne_Red-Star,-13.46730334032054,1.35,0.43,51.1,48.9
2025-10-03,Amiens,Boulogne,0.0,1.0,1.0,6.0,3.0,13.0,5.0,4.0,2.0,1.0,1.0,0.0,2.7,3.1,2.6,2.23,1.59,0.0,1.93,1.79,2.87,3.17,2.67,,Ligue 2,,20251003_Amiens_Boulogne,24.144305304994532,0.68,0.48,51.8,48.2
2025-10-03,Annecy,Laval,0.0,0.0,2.0,1.0,6.0,2.0,5.0,0.0,3.0,2.0,0.0,1.0,2.6,3.1,2.7,2.4,1.52,0.0,1.78,1.95,2.79,3.05,2.83,,Ligue 2,,20251003_Annecy_Laval,3.7386043855158277,1.52,0.05,48.0,52.0
2025-10-03,Bastia,Dunkerque,0.0,0.0,2.0,1.0,13.0,5.0,6.0,3.0,1.0,3.0,0.0,1.0,2.25,3.2,3.1,2.18,1.62,-0.25,1.95,1.77,2.47,3.15,3.15,,Ligue 2,,20251003_Bastia_Dunkerque,-36.57253626333954,1.62,0.05,52.8,47.2
2025-10-03,Guingamp,Nancy,2.0,2.0,5.0,3.0,10.0,4.0,5.0,2.0,2.0,4.0,0.0,2.0,2.45,3.3,2.7,1.88,1.84,-0.25,1.95,1.77,2.54,3.48,2.79,,Ligue 2,,20251003_Guingamp_Nancy,147.88578751164528,0.05,0.9,52.6,47.4
2025-10-03,Le Mans,Troyes,2.0,2.0,6.0,3.0,7.0,5.0,1.0,6.0,1.0,3.0,0.0,0.0,3.2,3.25,2.2,2.04,1.71,0.25,1.77,1.95,3.2,3.33,2.35,,Ligue 2,,20251003_Le-Mans_Troyes,-117.41631079003082,1.36,1.27,49.0,51.0
2025-10-03,Pau FC,Clermont,3.0,1.0,4.0,2.0,3.0,8.0,5.0,6.0,0.0,0.0,0.0,0.0,1.65,3.7,5.0,1.75,1.98,-0.75,1.79,1.93,1.71,3.85,5.0,,Ligue 2,,20251003_Pau-FC_Clermont,40.77537329244774,1.84,0.39,46.5,53.5
2025-10-04,Montpellier,St Etienne,0.0,2.0,4.0,4.0,14.0,4.0,8.0,3.0,4.0,4.0,0.0,0.0,3.0,3.5,2.25,1.7,2.05,0.5,1.77,1.96,3.73,3.77,1.97,,Ligue 2,,20251004_Montpellier_St-Etienne,-112.0338609227324,1.46,1.95,49.4,50.6
2025-10-04,Red Star,Rodez,1.0,1.0,4.0,3.0,12.0,4.0,5.0,2.0,2.0,4.0,0.0,0.0,1.95,3.4,3.8,1.77,1.96,-0.5,1.85,1.87,1.89,3.7,4.11,,Ligue 2,,20251004_Red-Star_Rodez,-9.36349750204863,1.5,1.42,52.7,47.3
2025-10-04,Reims,Grenoble,2.0,4.0,8.0,4.0,13.0,2.0,7.0,0.0,1.0,0.0,0.0,0.0,1.5,3.75,6.25,1.81,1.9,-1.0,1.86,1.87,1.55,3.97,6.84,,Ligue 2,,20251004_Reims_Grenoble,170.8689724860792,1.11,2.23,60.6,39.4
2025-10-17,Boulogne,Guingamp,2.0,2.0,3.0,3.0,5.0,5.0,2.0,2.0,5.0,1.0,0.0,0.0,2.6,3.2,2.63,2.16,1.63,0.0,1.97,1.76,2.76,3.3,2.68,,Ligue 2,,20251017_Boulogne_Guingamp,-79.89195720712382,1.74,0.78,45.0,55.0
2025-10-17,Clermont,Annecy,0.0,1.0,2.0,4.0,8.0,5.0,6.0,3.0,2.0,1.0,0.0,0.0,2.63,3.1,2.63,2.4,1.51,0.0,1.83,1.88,2.81,3.13,2.75,,Ligue 2,,20251017_Clermont_Annecy,-13.23893910332572,0.73,1.39,53.4,46.6
2025-10-17,Grenoble,Pau FC,1.0,1.0,5.0,6.0,7.0,18.0,3.0,5.0,1.0,2.0,0.0,0.0,3.0,2.88,2.6,1.94,1.78,0.25,1.73,1.99,3.02,3.24,2.5,,Ligue 2,,20251017_Grenoble_Pau-FC,-60.30699592053202,0.71,0.76,50.4,49.6
2025-10-17,Rodez,Reims,2.0,2.0,3.0,5.0,10.0,8.0,2.0,10.0,2.0,4.0,0.0,0.0,3.2,3.5,2.15,1.74,1.99,0.5,1.72,1.99,3.48,3.58,2.11,,Ligue 2,,20251017_Rodez_Reims,-118.06428175589849,0.32,1.33,41.9,58.1
2025-10-17,Troyes,Bastia,1.0,0.0,4.0,3.0,6.0,14.0,2.0,5.0,4.0,3.0,1.0,0.0,1.75,3.5,4.5,2.13,1.65,-0.75,1.96,1.75,1.77,3.53,4.63,,Ligue 2,,20251017_Troyes_Bastia,90.28015951419138,1.33,0.36,54.8,45.2
2025-10-18,Dunkerque,Montpellier,0.0,1.0,3.0,3.0,7.0,5.0,6.0,4.0,2.0,2.0,0.0,0.0,2.15,3.3,3.3,1.94,1.78,-0.25,1.79,1.91,2.25,3.39,3.33,,Ligue 2,,20251018_Dunkerque_Montpellier,16.900359813236264,1.13,1.47,50.8,49.2
2025-10-18,Laval,Red Star,0.0,1.0,1.0,3.0,8.0,7.0,6.0,5.0,1.0,2.0,0.0,0.0,2.5,3.1,2.75,2.14,1.64,0.0,2.04,1.7,2.71,3.07,2.91,,Ligue 2,,20251018_Laval_Red-Star,-1.0583792261493272,0.05,0.62,46.0,54.0
2025-10-18,St Etienne,Le Mans,2.0,3.0,4.0,7.0,8.0,7.0,4.0,3.0,2.0,3.0,0.0,0.0,1.53,4.2,5.0,1.65,2.12,-1.0,1.94,1.79,1.54,4.48,5.8,,Ligue 2,,20251018_St-Etienne_Le-Mans,165.0281087925389,1.75,1.11,51.1,48.9
2025-10-20,Nancy,Amiens,0.0,1.0,3.0,3.0,20.0,2.0,7.0,4.0,1.0,3.0,0.0,0.0,1.7,3.6,4.75,1.93,1.78,-0.75,1.79,1.91,1.65,4.03,5.35,,Ligue 2,,20251020_Nancy_Amiens,-56.83268627345137,0.41,0.7,52.4,47.6
2025-10-24,Guingamp,Clermont,0.0,1.0,3.0,1.0,18.0,3.0,6.0,1.0,2.0,3.0,0.0,0.0,1.7,3.7,4.75,1.76,1.96,-0.75,1.73,1.99,1.68,3.8,4.91,,Ligue 2,,20251024_Guingamp_Clermont,75.51190527909262,0.84,1.02,49.5,50.5
2025-10-24,Le Mans,Boulogne,1.0,0.0,6.0,1.0,9.0,3.0,10.0,3.0,2.0,2.0,0.0,0.0,1.95,3.4,3.9,2.36,1.58,-0.5,1.89,1.85,1.99,3.33,3.95,,Ligue 2,,20251024_Le-Mans_Boulogne,-4.55175138758068,0.93,0.9,49.3,50.7
2025-10-24,Pau FC,Dunkerque,0.0,3.0,0.0,4.0,15.0,7.0,8.0,1.0,2.0,0.0,1.0,0.0,2.15,3.5,3.2,1.81,1.91,-0.25,1.96,1.75,2.1,3.57,3.33,,Ligue 2,,20251024_Pau-FC_Dunkerque,51.47440630215533,0.93,1.61,53.6,46.4
2025-10-24,Red Star,Grenoble,1.0,0.0,5.0,5.0,10.0,6.0,9.0,4.0,1.0,1.0,0.0,0.0,1.75,3.7,4.75,1.96,1.76,-0.5,1.76,1.96,1.76,3.74,4.46,,Ligue 2,,20251024_Red-Star_Grenoble,19.053567278131368,1.09,1.31,51.1,48.9
2025-10-24,Reims,Troyes,0.0,0.0,4.0,5.0,8.0,9.0,7.0,1.0,1.0,2.0,0.0,0.0,2.1,3.4,3.4,1.88,1.84,-0.25,1.8,1.9,2.02,3.5,3.61,,Ligue 2,,20251024_Reims_Troyes,47.4773187823987,0.55,1.15,53.9,46.1
2025-10-25,Amiens,Rodez,2.0,1.0,4.0,7.0,3.0,7.0,1.0,4.0,1.0,2.0,0.0,0.0,3.0,3.25,2.38,1.83,1.88,0.25,1.77,1.93,3.0,3.39,2.35,,Ligue 2,,20251025_Amiens_Rodez,-28.13929214411064,0.93,0.57,46.3,53.7
2025-10-25,Annecy,St Etienne,4.0,0.0,8.0,2.0,5.0,4.0,4.0,4.0,2.0,0.0,0.0,1.0,3.2,3.5,2.1,1.82,1.89,0.5,1.93,1.78,4.11,3.8,1.81,,Ligue 2,,20251025_Annecy_St-Etienne,-90.58160548822957,2.14,0.75,42.8,57.2
2025-10-25,Montpellier,Nancy,4.0,1.0,9.0,3.0,10.0,4.0,9.0,1.0,1.0,2.0,0.0,1.0,1.95,3.4,3.7,1.97,1.77,-0.25,1.74,1.98,2.05,3.35,3.69,,Ligue 2,,20251025_Montpellier_Nancy,98.32025619254841,2.34,1.36,53.9,46.1
2025-10-28,Boulogne,Reims,2.0,6.0,2.0,7.0,8.0,8.0,1.0,3.0,2.0,1.0,0.0,0.0,3.7,3.4,1.91,2.08,1.68,0.5,1.84,1.86,,,,,Ligue 2,,20251028_Boulogne_Reims,-154.69738150702324,1.15,1.24,42.9,57.1
2025-10-28,Clermont,Montpellier,1.0,1.0,6.0,4.0,7.0,12.0,4.0,10.0,0.0,3.0,0.0,0.0,3.1,3.4,2.15,2.09,1.67,0.25,1.87,1.82,,,,,Ligue 2,,20251028_Clermont_Montpellier,-22.368216829290986,0.76,1.07,56.3,43.7
2025-10-28,Dunkerque,Red Star,3.0,0.0,4.0,2.0,5.0,5.0,3.0,3.0,1.0,4.0,0.0,0.0,2.55,3.2,2.8,1.99,1.74,-0.25,1.88,1.83,,,,,Ligue 2,,20251028_Dunkerque_Red-Star,-11.923101408159255,1.69,0.28,48.5,51.5
2025-10-28,Grenoble,Guingamp,0.0,0.0,1.0,1.0,3.0,5.0,3.0,2.0,1.0,2.0,0.0,0.0,2.9,3.2,2.38,1.94,1.79,0.0,1.99,1.74,,,,,Ligue 2,,20251028_Grenoble_Guingamp,-57.01689346682451,0.05,1.01,50.7,49.3
2025-10-28,Laval,Le Mans,1.0,1.0,7.0,3.0,2.0,3.0,6.0,6.0,3.0,3.0,0.0,0.0,2.63,3.0,2.75,2.46,1.49,0.0,2.05,1.7,,,,,Ligue 2,,20251028_Laval_Le-Mans,0.6892125523083905,0.71,2.12,49.4,50.6
2025-10-28,Nancy,Bastia,2.0,0.0,5.0,2.0,4.0,4.0,2.0,4.0,1.0,2.0,0.0,0.0,2.4,2.9,3.1,2.38,1.52,-0.25,2.0,1.72,,,,,Ligue 2,,20251028_Nancy_Bastia,-68.32368017205454,1.83,0.75,46.5,53.5
2025-10-28,Rodez,Annecy,2.0,1.0,4.0,3.0,1.0,5.0,4.0,4.0,2.0,3.0,0.0,0.0,2.2,3.3,3.25,2.06,1.69,-0.5,1.99,1.74,,,,,Ligue 2,,20251028_Rodez_Annecy,-29.349683769546118,2.38,0.7,52.4,47.6
2025-10-28,St Etienne,Pau FC,6.0,0.0,8.0,4.0,8.0,7.0,4.0,4.0,2.0,1.0,0.0,1.0,1.7,3.7,4.5,1.52,2.39,-0.75,1.8,1.91,,,,,Ligue 2,,20251028_St-Etienne_Pau-FC,54.15959781104061,0.99,0.4,45.3,54.7
2025-10-28,Troyes,Amiens,3.0,1.0,4.0,2.0,13.0,2.0,4.0,1.0,3.0,2.0,0.0,0.0,1.42,4.75,6.25,1.73,2.01,-1.25,1.89,1.81,,,,,Ligue 2,,20251028_Troyes_Amiens,79.53063349478339,2.11,2.0,52.6,47.4
2025-10-31,Annecy,Boulogne,1.0,1.0,2.0,5.0,6.0,6.0,6.0,1.0,2.0,3.0,0.0,1.0,2.15,3.0,3.7,2.48,1.49,-0.5,1.94,1.78,,,,,Ligue 2,,20251031_Annecy_Boulogne,56.47101910140145,1.15,0.86,48.6,51.4
2025-10-31,Bastia,Clermont,1.0,0.0,4.0,1.0,9.0,8.0,2.0,6.0,4.0,3.0,0.0,0.0,1.8,3.4,4.75,2.25,1.58,-0.5,1.9,1.81,,,,,Ligue 2,,20251031_Bastia_Clermont,-40.11367595590923,1.23,1.34,48.0,52.0
2025-10-31,Guingamp,Laval,2.0,0.0,4.0,2.0,7.0,11.0,5.0,4.0,2.0,1.0,0.0,0.0,1.85,3.4,4.2,2.22,1.59,-0.5,1.73,1.99,,,,,Ligue 2,,20251031_Guingamp_Laval,49.6780243549365,1.37,0.6,50.3,49.7
2025-10-31,Le Mans,Nancy,1.0,0.0,2.0,1.0,7.0,6.0,7.0,3.0,5.0,2.0,0.0,0.0,2.0,3.25,3.7,2.16,1.63,-0.5,1.95,1.76,,,,,Ligue 2,,20251031_Le-Mans_Nancy,73.11103624416546,0.46,1.47,46.4,53.6
2025-10-31,Montpellier,Rodez,2.0,0.0,5.0,3.0,21.0,6.0,8.0,2.0,2.0,2.0,0.0,1.0,1.85,3.4,4.1,1.7,2.05,-0.75,1.97,1.75,,,,,Ligue 2,,20251031_Montpellier_Rodez,1.1184457489550823,0.85,0.2,51.2,48.8
2025-11-01,Amiens,Grenoble,2.0,3.0,8.0,9.0,7.0,9.0,6.0,5.0,2.0,4.0,0.0,0.0,2.8,3.2,2.55,2.09,1.67,0.25,1.71,2.02,,,,,Ligue 2,,20251101_Amiens_Grenoble,4.655880894110396,1.47,1.02,50.9,49.1
2025-11-01,Red Star,St Etienne,2.0,1.0,3.0,6.0,8.0,9.0,0.0,5.0,1.0,1.0,0.0,0.0,2.88,3.3,2.38,1.78,1.94,0.25,1.81,1.9,,,,,Ligue 2,,20251101_Red-Star_St-Etienne,-88.73701375521341,1.39,1.11,45.5,54.5
2025-11-01,Reims,Dunkerque,1.0,2.0,4.0,4.0,6.0,1.0,3.0,0.0,4.0,2.0,0.0,0.0,2.1,3.2,3.6,1.9,1.82,-0.25,1.75,1.96,,,,,Ligue 2,,20251101_Reims_Dunkerque,104.41323854987672,2.01,2.05,45.4,54.6
2025-11-03,Pau FC,Troyes,1.0,1.0,6.0,4.0,12.0,5.0,9.0,1.0,2.0,1.0,0.0,1.0,2.9,3.3,2.35,1.88,1.83,0.25,1.82,1.88,,,,,Ligue 2,,20251103_Pau-FC_Troyes,-61.12284243155432,0.76,1.18,47.9,52.1
2025-11-07,Bastia,Reims,1.0,3.0,2.0,5.0,15.0,4.0,2.0,4.0,4.0,4.0,0.0,0.0,3.25,3.0,2.35,2.33,1.54,0.25,1.74,1.97,,,,,Ligue 2,,20251107_Bastia_Reims,-146.46123605029857,1.02,1.27,45.0,55.0
2025-11-07,Clermont,Amiens,2.0,1.0,5.0,4.0,12.0,5.0,11.0,4.0,2.0,5.0,0.0,0.0,1.8,3.4,4.5,2.0,1.73,-0.5,1.9,1.8,,,,,Ligue 2,,20251107_Clermont_Amiens,3.585822251418449,1.37,0.95,45.5,54.5
2025-11-07,Dunkerque,Boulogne,1.0,1.0,4.0,4.0,8.0,7.0,3.0,7.0,4.0,1.0,0.0,0.0,1.62,3.7,5.75,1.99,1.74,-0.75,1.8,1.91,,,,,Ligue 2,,20251107_Dunkerque_Boulogne,77.82044331796465,0.36,0.9,55.4,44.6
2025-11-07,Grenoble,Rodez,2.0,1.0,6.0,4.0,8.0,10.0,5.0,8.0,5.0,2.0,0.0,0.0,2.25,3.2,3.2,1.93,1.79,-0.25,1.97,1.73,,,,,Ligue 2,,20251107_Grenoble_Rodez,-5.04484954809277,1.75,2.24,48.4,51.6
2025-11-07,Montpellier,Annecy,1.0,0.0,5.0,4.0,9.0,4.0,11.0,3.0,3.0,2.0,0.0,0.0,1.7,3.7,5.0,2.11,1.66,-0.5,1.76,1.95,,,,,Ligue 2,,20251107_Montpellier_Annecy,11.686171664148105,0.92,0.57,53.5,46.5
2025-11-07,Nancy,Laval,0.0,2.0,3.0,3.0,11.0,6.0,10.0,3.0,1.0,3.0,0.0,0.0,2.15,3.1,3.5,2.22,1.59,-0.5,1.89,1.82,,,,,Ligue 2,,20251107_Nancy_Laval,-72.96831763307068,0.34,1.75,46.1,53.9
2025-11-08,Guingamp,Pau FC,2.0,2.0,4.0,5.0,5.0,4.0,6.0,2.0,2.0,5.0,0.0,0.0,2.1,3.4,3.3,1.83,1.88,-0.5,1.91,1.8,,,,,Ligue 2,,20251108_Guingamp_Pau-FC,19.65559488153417,0.79,1.78,55.2,44.8
2025-11-08,Le Mans,Red Star,0.0,0.0,3.0,2.0,6.0,6.0,5.0,6.0,0.0,0.0,0.0,0.0,2.2,3.2,3.4,2.22,1.6,-0.25,1.96,1.75,,,,,Ligue 2,,20251108_Le-Mans_Red-Star,-30.07006303308799,0.05,1.12,43.8,56.2
2025-11-08,Troyes,St Etienne,2.0,3.0,8.0,5.0,13.0,2.0,6.0,0.0,4.0,1.0,0.0,0.0,2.2,3.4,3.0,1.78,1.93,0.0,1.81,1.9,,,,,Ligue 2,,20251108_Troyes_St-Etienne,-0.41523025445053463,0.92,1.02,55.8,44.2
2025-11-21,Annecy,Bastia,1.0,0.0,3.0,3.0,15.0,0.0,9.0,2.0,2.0,2.0,0.0,1.0,2.25,2.8,3.4,2.85,1.38,-0.25,1.99,1.71,,,,,Ligue 2,,20251121_Annecy_Bastia,43.459383124018586,1.33,0.55,50.6,49.4
2025-11-21,Boulogne,Grenoble,3.0,1.0,8.0,7.0,12.0,6.0,6.0,6.0,4.0,3.0,1.0,0.0,2.5,3.0,2.63,2.55,1.49,-0.25,1.92,1.79,,,,,Ligue 2,,20251121_Boulogne_Grenoble,-43.734739632312994,1.78,0.64,46.7,53.3
2025-11-21,Laval,Troyes,0.0,1.0,3.0,5.0,9.0,10.0,3.0,7.0,4.0,3.0,0.0,0.0,3.3,3.0,2.05,2.27,1.57,0.25,1.86,1.82,,,,,Ligue 2,,20251121_Laval_Troyes,-86.05580793115928,1.97,0.39,42.2,57.8
2025-11-21,Pau FC,Le Mans,1.0,2.0,2.0,2.0,10.0,2.0,7.0,2.0,3.0,3.0,0.0,0.0,2.5,3.0,2.55,2.0,1.73,0.25,1.71,2.0,,,,,Ligue 2,,20251121_Pau-FC_Le-Mans,31.090514236356057,1.16,1.28,48.3,51.7
2025-11-21,Rodez,Dunkerque,1.0,1.0,3.0,3.0,8.0,3.0,6.0,5.0,2.0,0.0,0.0,0.0,2.55,3.1,2.55,1.92,1.79,0.0,1.85,1.86,,,,,Ligue 2,,20251121_Rodez_Dunkerque,-48.1017992085051,0.42,0.71,44.1,55.9
2025-11-22,Amiens,Guingamp,1.0,2.0,4.0,3.0,10.0,14.0,8.0,9.0,4.0,2.0,0.0,0.0,3.8,3.2,1.83,1.93,1.79,0.5,1.86,1.84,,,,,Ligue 2,,20251122_Amiens_Guingamp,-82.11198203781692,1.18,1.37,48.5,51.5
2025-11-22,Red Star,Clermont,2.0,2.0,3.0,3.0,11.0,4.0,2.0,3.0,3.0,2.0,0.0,0.0,1.67,3.3,4.75,2.01,1.72,-0.75,1.85,1.84,,,,,Ligue 2,,20251122_Red-Star_Clermont,33.38212304343847,0.96,0.33,51.3,48.7
2025-11-22,St Etienne,Nancy,2.0,1.0,2.0,3.0,7.0,8.0,4.0,2.0,2.0,3.0,0.0,0.0,1.6,3.6,4.75,1.73,2.0,-1.0,1.92,1.78,,,,,Ligue 2,,20251122_St-Etienne_Nancy,202.44302419059,0.67,1.72,55.2,44.8
2025-11-24,Reims,Montpellier,2.0,0.0,5.0,4.0,10.0,8.0,5.0,4.0,2.0,3.0,0.0,0.0,1.95,3.2,3.5,1.95,1.76,-0.25,1.75,1.94,,,,,Ligue 2,,20251124_Reims_Montpellier,82.56499269903861,1.97,0.23,52.7,47.3
2025-11-25,Bastia,Laval,0.0,2.0,2.0,7.0,7.0,5.0,6.0,2.0,3.0,3.0,0.0,0.0,2.05,2.9,3.5,2.54,1.46,-0.25,1.86,1.83,2.24,2.97,3.68,,Ligue 2,,20251125_Bastia_Laval,-28.57058511805849,0.11,1.26,44.3,55.7
2025-12-05,Clermont,Boulogne,1.0,1.0,2.0,5.0,9.0,12.0,3.0,8.0,2.0,1.0,0.0,0.0,2.25,3.3,3.2,2.28,1.56,-0.25,1.94,1.76,,,,,Ligue 2,,20251205_Clermont_Boulogne,15.00359552040004,1.0,1.36,52.6,47.4
2025-12-05,Grenoble,Nancy,1.0,0.0,5.0,0.0,10.0,9.0,7.0,1.0,3.0,1.0,0.0,1.0,2.8,3.3,2.45,2.08,1.67,0.25,1.71,2.0,,,,,Ligue 2,,20251205_Grenoble_Nancy,105.88211629742432,2.06,0.13,54.0,46.0
2025-12-05,Guingamp,Annecy,0.0,3.0,2.0,6.0,8.0,9.0,10.0,5.0,0.0,2.0,0.0,0.0,1.95,3.5,3.8,2.14,1.64,-0.25,1.79,1.9,,,,,Ligue 2,,20251205_Guingamp_Annecy,42.47562818600318,0.81,0.91,51.3,48.7
2025-12-05,Le Mans,Amiens,1.0,0.0,3.0,1.0,11.0,2.0,6.0,3.0,1.0,0.0,0.0,0.0,1.4,4.5,7.5,1.79,1.92,-1.5,1.97,1.74,,,,,Ligue 2,,20251205_Le-Mans_Amiens,55.008759554715425,1.13,1.39,50.9,49.1
2025-12-06,Dunkerque,St Etienne,1.0,0.0,2.0,5.0,4.0,8.0,4.0,3.0,2.0,2.0,0.0,0.0,2.35,3.5,2.88,1.72,2.0,0.0,1.8,1.91,,,,,Ligue 2,,20251206_Dunkerque_St-Etienne,-67.32033057011813,1.15,0.72,46.2,53.8
2025-12-06,Montpellier,Pau FC,0.0,1.0,5.0,4.0,8.0,4.0,13.0,4.0,2.0,5.0,0.0,0.0,1.9,3.7,3.8,1.65,2.12,-0.5,1.76,1.95,,,,,Ligue 2,,20251206_Montpellier_Pau-FC,13.281901455917932,1.45,1.32,57.0,43.0
2025-12-06,Troyes,Rodez,1.0,1.0,6.0,1.0,13.0,7.0,7.0,4.0,2.0,1.0,0.0,0.0,1.62,3.9,5.25,1.74,1.98,-0.75,1.9,1.78,,,,,Ligue 2,,20251206_Troyes_Rodez,91.11626954274311,0.86,1.23,46.7,53.3
2025-12-08,Reims,Laval,4.0,0.0,5.0,0.0,6.0,3.0,5.0,2.0,1.0,2.0,0.0,0.0,1.62,3.75,5.25,2.03,1.71,-0.75,1.81,1.87,,,,,Ligue 2,,20251208_Reims_Laval,141.02513751000197,0.17,1.23,53.5,46.5
2025-12-12,Annecy,Le Mans,1.0,2.0,2.0,3.0,5.0,4.0,5.0,5.0,2.0,3.0,0.0,0.0,2.7,2.75,2.7,2.43,1.49,-0.25,2.04,1.68,,,,,Ligue 2,,20251212_Annecy_Le-Mans,6.402805597092311,1.6,0.76,47.4,52.6
2025-12-12,Laval,Dunkerque,1.0,2.0,3.0,5.0,1.0,5.0,2.0,7.0,4.0,4.0,1.0,0.0,3.2,3.0,2.15,2.5,1.47,0.25,1.8,1.88,,,,,Ligue 2,,20251212_Laval_Dunkerque,-68.57498800702297,0.25,0.77,52.4,47.6
2025-12-12,Nancy,Clermont,1.0,0.0,6.0,3.0,14.0,13.0,7.0,4.0,1.0,2.0,0.0,0.0,1.85,3.2,3.7,1.95,1.76,-0.5,1.92,1.78,,,,,Ligue 2,,20251212_Nancy_Clermont,-112.09044364502483,1.18,1.23,46.3,53.7
2025-12-12,Pau FC,Amiens,1.0,2.0,4.0,6.0,12.0,3.0,8.0,2.0,5.0,2.0,0.0,0.0,1.44,3.8,6.0,1.58,2.22,-1.0,1.82,1.88,,,,,Ligue 2,,20251212_Pau-FC_Amiens,82.53163158221582,1.39,1.09,51.8,48.2
2025-12-12,Rodez,Guingamp,2.0,1.0,5.0,3.0,11.0,10.0,6.0,10.0,4.0,4.0,0.0,1.0,2.1,3.25,3.0,1.8,1.92,-0.25,2.04,1.68,,,,,Ligue 2,,20251212_Rodez_Guingamp,-48.72763255483892,1.17,1.25,54.2,45.8
2025-12-13,Grenoble,Montpellier,1.0,1.0,5.0,5.0,9.0,6.0,7.0,5.0,0.0,1.0,0.0,0.0,2.9,3.1,2.2,1.84,1.85,0.25,1.95,1.75,,,,,Ligue 2,,20251213_Grenoble_Montpellier,-12.899505247966772,1.22,2.24,50.0,50.0
2025-12-13,Red Star,Reims,0.0,0.0,2.0,4.0,3.0,9.0,4.0,4.0,1.0,2.0,0.0,0.0,2.7,3.0,2.35,1.98,1.74,0.25,1.84,1.85,,,,,Ligue 2,,20251213_Red-Star_Reims,-112.79955575790518,0.35,0.91,41.7,58.3
2025-12-13,St Etienne,Bastia,2.0,2.0,10.0,2.0,6.0,4.0,5.0,3.0,2.0,5.0,0.0,0.0,1.67,3.4,4.75,1.79,1.91,-1.0,1.99,1.72,,,,,Ligue 2,,20251213_St-Etienne_Bastia,150.52362827839556,1.57,2.08,55.9,44.1
2025-12-15,Boulogne,Troyes,1.0,2.0,2.0,2.0,6.0,9.0,7.0,4.0,1.0,3.0,0.0,1.0,3.6,3.0,1.95,2.1,1.66,0.5,1.75,1.97,,,,,Ligue 2,,20251215_Boulogne_Troyes,-100.10091274718911,1.31,1.01,43.6,56.4
2026-01-03,Amiens,Nancy,1.0,2.0,5.0,6.0,9.0,3.0,9.0,3.0,0.0,3.0,0.0,0.0,3.4,3.5,1.95,2.14,1.64,0.25,1.87,1.81,,,,,Ligue 2,,20260103_Amiens_Nancy,63.844964898933085,0.79,0.99,55.6,44.4
2026-01-03,Bastia,Grenoble,1.0,0.0,4.0,6.0,7.0,11.0,1.0,4.0,4.0,3.0,0.0,0.0,2.1,3.2,3.3,2.31,1.54,-0.25,1.76,1.93,,,,,Ligue 2,,20260103_Bastia_Grenoble,-60.850958210777435,0.64,0.05,44.3,55.7
2026-01-03,Clermont,Laval,4.0,1.0,7.0,1.0,6.0,7.0,1.0,4.0,0.0,2.0,0.0,0.0,2.5,3.1,2.75,2.48,1.47,0.0,1.79,1.93,,,,,Ligue 2,,20260103_Clermont_Laval,5.304014326657807,2.84,1.15,55.9,44.1
2026-01-03,Guingamp,Boulogne,3.0,0.0,7.0,2.0,11.0,6.0,11.0,2.0,2.0,2.0,0.0,0.0,1.85,3.25,4.1,2.08,1.67,-0.5,1.84,1.86,,,,,Ligue 2,,20260103_Guingamp_Boulogne,58.82911486859007,1.3,1.18,50.6,49.4
2026-01-03,Le Mans,St Etienne,0.0,0.0,4.0,3.0,6.0,10.0,5.0,10.0,2.0,1.0,0.0,0.0,2.75,3.4,2.3,1.8,1.91,0.0,1.81,1.91,,,,,Ligue 2,,20260103_Le-Mans_St-Etienne,-50.860898803661485,1.23,1.45,55.8,44.2
2026-01-03,Pau FC,Rodez,3.0,3.0,12.0,3.0,12.0,2.0,9.0,4.0,2.0,2.0,0.0,1.0,2.1,3.5,3.1,1.65,2.11,-0.5,1.98,1.73,,,,,Ligue 2,,20260103_Pau-FC_Rodez,5.589934034834641,1.23,1.56,53.2,46.8
2026-01-03,Reims,Annecy,2.0,1.0,4.0,1.0,3.0,9.0,2.0,4.0,2.0,3.0,0.0,1.0,1.75,3.5,4.2,2.1,1.65,-0.75,1.81,1.87,,,,,Ligue 2,,20260103_Reims_Annecy,118.51513314662088,0.8,1.62,51.9,48.1
2026-01-03,Troyes,Red Star,1.0,0.0,6.0,1.0,12.0,13.0,6.0,4.0,1.0,2.0,0.0,0.0,1.8,3.4,4.0,2.09,1.65,-0.5,1.81,1.9,,,,,Ligue 2,,20260103_Troyes_Red-Star,59.402584182577584,0.84,1.13,53.8,46.2
2026-01-05,Montpellier,Dunkerque,1.0,3.0,4.0,11.0,6.0,5.0,3.0,6.0,1.0,2.0,0.0,0.0,2.25,3.2,3.0,2.24,1.58,-0.25,2.0,1.7,,,,,Ligue 2,,20260105_Montpellier_Dunkerque,-43.70194266186331,1.39,1.65,48.7,51.3
2026-01-16,Annecy,Amiens,2.0,0.0,2.0,5.0,8.0,6.0,5.0,6.0,2.0,2.0,0.0,0.0,1.8,3.1,4.33,2.14,1.63,-0.75,1.93,1.78,,,,,Ligue 2,,20260116_Annecy_Amiens,60.74619791767941,1.12,0.75,58.1,41.9
2026-01-16,Boulogne,Montpellier,1.0,0.0,1.0,2.0,5.0,5.0,5.0,2.0,3.0,1.0,0.0,0.0,2.8,3.0,2.3,2.19,1.6,0.25,1.78,1.93,,,,,Ligue 2,,20260116_Boulogne_Montpellier,-45.2419651472178,0.78,0.58,51.8,48.2
2026-01-16,Dunkerque,Pau FC,3.0,1.0,3.0,3.0,4.0,12.0,0.0,8.0,2.0,3.0,0.0,0.0,1.75,3.4,4.0,1.84,1.86,-0.5,1.74,1.97,,,,,Ligue 2,,20260116_Dunkerque_Pau-FC,57.11114088228305,1.42,1.15,51.3,48.7
2026-01-16,Laval,Bastia,0.0,2.0,2.0,5.0,2.0,6.0,6.0,3.0,6.0,3.0,0.0,0.0,2.35,2.75,3.0,2.77,1.39,-0.25,2.04,1.69,,,,,Ligue 2,,20260116_Laval_Bastia,2.7658764348675504,1.58,1.46,52.4,47.6
2026-01-16,Rodez,Le Mans,1.0,1.0,1.0,4.0,4.0,6.0,4.0,8.0,1.0,2.0,0.0,0.0,2.45,3.1,2.55,1.95,1.77,0.0,1.95,1.78,,,,,Ligue 2,,20260116_Rodez_Le-Mans,-26.869034600608074,1.22,0.83,48.6,51.4
2026-01-17,Grenoble,Red Star,0.0,3.0,3.0,5.0,3.0,1.0,2.0,3.0,3.0,0.0,1.0,0.0,2.35,3.1,2.75,2.22,1.59,0.25,1.71,2.03,,,,,Ligue 2,,20260117_Grenoble_Red-Star,-28.336901902570162,0.29,1.25,50.1,49.9
2026-01-17,St Etienne,Clermont,1.0,0.0,6.0,5.0,11.0,7.0,6.0,4.0,1.0,0.0,0.0,0.0,1.53,3.8,5.0,1.51,2.39,-1.25,1.95,1.76,,,,,Ligue 2,,20260117_St-Etienne_Clermont,93.20273031908528,1.79,0.85,49.4,50.6
2026-01-17,Troyes,Reims,2.0,1.0,3.0,4.0,9.0,11.0,3.0,9.0,2.0,3.0,1.0,0.0,2.2,3.0,3.0,2.13,1.64,-0.25,2.02,1.71,,,,,Ligue 2,,20260117_Troyes_Reims,-43.958029089837964,0.71,0.99,50.8,49.2
2026-01-19,Nancy,Guingamp,0.0,3.0,0.0,4.0,6.0,2.0,2.0,0.0,1.0,1.0,0.0,1.0,2.5,3.1,2.6,2.08,1.67,0.0,1.87,1.84,,,,,Ligue 2,,20260119_Nancy_Guingamp,-128.38066598294176,1.67,0.99,33.8,66.2
2026-01-23,Amiens,Laval,0.0,0.0,3.0,2.0,5.0,9.0,4.0,5.0,1.0,3.0,0.0,0.0,2.9,2.88,2.45,2.59,1.44,0.0,1.78,1.94,,,,,Ligue 2,,20260123_Amiens_Laval,-11.647750306235366,0.72,0.53,49.9,50.1
2026-01-23,Annecy,Clermont,2.0,1.0,7.0,1.0,4.0,7.0,5.0,3.0,3.0,0.0,0.0,0.0,2.05,3.1,3.6,2.17,1.61,-0.5,1.91,1.79,,,,,Ligue 2,,20260123_Annecy_Clermont,36.767259409152075,1.82,0.95,53.1,46.9
2026-01-23,Bastia,Montpellier,0.0,2.0,4.0,5.0,11.0,4.0,6.0,1.0,3.0,4.0,1.0,0.0,2.8,3.0,2.4,2.36,1.52,0.0,1.84,1.88,,,,,Ligue 2,,20260123_Bastia_Montpellier,-22.63146213892901,1.23,0.67,42.9,57.1
2026-01-23,Nancy,Rodez,1.0,3.0,7.0,4.0,14.0,4.0,7.0,2.0,3.0,0.0,0.0,0.0,1.95,3.2,3.4,1.91,1.79,-0.25,1.75,1.96,,,,,Ligue 2,,20260123_Nancy_Rodez,-105.88629115692356,0.67,0.49,46.3,53.7
2026-01-23,Pau FC,Grenoble,2.0,2.0,5.0,5.0,14.0,6.0,9.0,5.0,1.0,2.0,0.0,0.0,1.75,3.4,4.33,1.82,1.87,-0.75,1.92,1.79,,,,,Ligue 2,,20260123_Pau-FC_Grenoble,24.15705168278805,1.18,1.18,50.2,49.8
2026-01-24,Guingamp,Troyes,1.0,0.0,1.0,0.0,12.0,9.0,3.0,4.0,3.0,5.0,1.0,0.0,2.55,3.1,2.55,2.04,1.7,0.0,1.81,1.91,,,,,Ligue 2,,20260124_Guingamp_Troyes,-64.27596577560894,1.11,0.46,50.8,49.2
2026-01-24,Red Star,Boulogne,2.0,2.0,5.0,5.0,4.0,7.0,8.0,3.0,4.0,2.0,1.0,0.0,1.8,3.25,4.2,2.44,1.5,-0.5,1.86,1.84,,,,,Ligue 2,,20260124_Red-Star_Boulogne,55.45764262857051,1.15,2.37,55.2,44.8
2026-01-24,Reims,St Etienne,1.0,0.0,3.0,5.0,9.0,10.0,5.0,2.0,3.0,3.0,1.0,0.0,1.95,3.4,3.5,1.77,1.95,-0.25,1.76,1.96,,,,,Ligue 2,,20260124_Reims_St-Etienne,37.05121527781375,0.05,1.01,50.4,49.6
2026-01-26,Le Mans,Dunkerque,1.0,0.0,4.0,3.0,6.0,11.0,1.0,2.0,4.0,2.0,0.0,0.0,2.4,3.0,2.88,2.23,1.59,0.0,1.76,1.97,,,,,Ligue 2,,20260126_Le-Mans_Dunkerque,-46.417140106723764,1.19,1.18,46.2,53.8
2026-01-30,Bastia,Nancy,0.0,0.0,2.0,1.0,10.0,7.0,8.0,1.0,3.0,2.0,0.0,0.0,2.05,2.9,3.5,2.44,1.5,-0.25,1.78,1.93,,,,,Ligue 2,,20260130_Bastia_Nancy,63.62340127992161,0.42,0.98,52.4,47.6
2026-01-30,Clermont,Reims,0.0,1.0,1.0,6.0,7.0,4.0,2.0,5.0,1.0,3.0,1.0,1.0,3.75,3.3,1.85,1.98,1.75,0.5,1.9,1.81,,,,,Ligue 2,,20260130_Clermont_Reims,-169.4257956792792,1.04,1.2,48.6,51.4
2026-01-30,Grenoble,Amiens,2.0,1.0,7.0,3.0,12.0,11.0,6.0,7.0,3.0,2.0,0.0,0.0,1.95,3.0,3.6,2.14,1.64,-0.5,1.93,1.78,,,,,Ligue 2,,20260130_Grenoble_Amiens,43.07480635037746,0.96,0.19,60.7,39.3
2026-01-30,Laval,Pau FC,0.0,1.0,1.0,2.0,8.0,4.0,8.0,2.0,2.0,1.0,0.0,0.0,3.25,3.0,2.1,2.0,1.73,0.25,1.86,1.84,,,,,Ligue 2,,20260130_Laval_Pau-FC,-54.72237836169688,0.63,0.86,37.0,63.0
2026-01-30,Montpellier,Guingamp,3.0,1.0,7.0,2.0,5.0,7.0,3.0,6.0,3.0,6.0,0.0,0.0,2.5,2.88,2.7,2.24,1.58,-0.25,2.01,1.72,,,,,Ligue 2,,20260130_Montpellier_Guingamp,-57.848443455077586,1.36,0.87,45.2,54.8
2026-01-30,Rodez,Red Star,1.0,1.0,4.0,4.0,4.0,6.0,5.0,2.0,2.0,0.0,0.0,0.0,2.63,3.2,2.35,1.87,1.84,0.0,1.97,1.76,,,,,Ligue 2,,20260130_Rodez_Red-Star,-10.108031088881717,1.65,1.12,54.7,45.3
2026-01-31,Dunkerque,Annecy,0.0,1.0,2.0,3.0,6.0,5.0,5.0,5.0,1.0,2.0,0.0,0.0,1.9,3.0,3.8,2.25,1.58,-0.5,1.97,1.75,,,,,Ligue 2,,20260131_Dunkerque_Annecy,39.0814041686499,0.93,1.09,53.0,47.0
2026-01-31,St Etienne,Boulogne,0.0,1.0,0.0,6.0,4.0,12.0,2.0,7.0,3.0,2.0,1.0,0.0,1.53,4.0,5.25,1.59,2.23,-1.25,1.98,1.73,,,,,Ligue 2,,20260131_St-Etienne_Boulogne,104.54506656793478,0.33,1.66,49.0,51.0
2026-01-31,Troyes,Le Mans,0.0,2.0,2.0,3.0,10.0,2.0,3.0,3.0,3.0,6.0,0.0,1.0,1.95,3.1,3.5,2.04,1.69,-0.25,1.76,1.95,,,,,Ligue 2,,20260131_Troyes_Le-Mans,49.47941563241989,0.33,1.33,49.8,50.2
2026-02-06,Annecy,Grenoble,1.0,1.0,2.0,3.0,12.0,3.0,7.0,0.0,4.0,2.0,0.0,1.0,1.83,3.0,4.1,2.13,1.64,-0.5,1.83,1.87,,,,,Ligue 2,,20260206_Annecy_Grenoble,50.674444363088014,0.09,2.08,52.6,47.4
2026-02-06,Boulogne,Rodez,1.0,2.0,4.0,2.0,6.0,6.0,4.0,2.0,4.0,2.0,0.0,0.0,2.2,3.1,2.9,2.1,1.66,-0.25,1.97,1.75,,,,,Ligue 2,,20260206_Boulogne_Rodez,-26.394274801065194,1.03,1.39,49.1,50.9
2026-02-06,Dunkerque,Guingamp,0.0,0.0,2.0,5.0,12.0,12.0,5.0,4.0,1.0,2.0,1.0,0.0,2.1,3.0,3.25,2.01,1.72,-0.25,1.85,1.85,,,,,Ligue 2,,20260206_Dunkerque_Guingamp,6.271786779440163,0.98,1.21,47.2,52.8
2026-02-06,Red Star,Pau FC,0.0,3.0,2.0,4.0,16.0,5.0,8.0,1.0,3.0,2.0,0.0,0.0,2.15,3.1,3.0,1.91,1.8,-0.25,1.88,1.82,,,,,Ligue 2,,20260206_Red-Star_Pau-FC,14.685960536341554,0.61,1.36,44.0,56.0
2026-02-06,Reims,Bastia,0.0,0.0,1.0,1.0,12.0,4.0,7.0,2.0,1.0,3.0,0.0,0.0,1.67,3.25,4.75,2.21,1.59,-0.75,1.9,1.81,,,,,Ligue 2,,20260206_Reims_Bastia,189.40754228888704,0.33,0.79,60.1,39.9
2026-02-07,Le Mans,Laval,1.0,1.0,5.0,3.0,4.0,5.0,10.0,4.0,3.0,3.0,0.0,0.0,1.73,3.0,5.0,2.64,1.43,-0.5,1.78,1.92,,,,,Ligue 2,,20260207_Le-Mans_Laval,123.75609729970051,1.95,0.09,48.7,51.3
2026-02-07,Nancy,Troyes,2.0,1.0,4.0,7.0,6.0,5.0,4.0,7.0,3.0,2.0,0.0,0.0,3.25,3.0,2.1,1.96,1.77,0.25,1.82,1.88,,,,,Ligue 2,,20260207_Nancy_Troyes,-186.55736331058029,1.39,0.07,50.1,49.9
2026-02-07,St Etienne,Montpellier,1.0,0.0,2.0,1.0,8.0,4.0,3.0,6.0,1.0,2.0,0.0,0.0,1.83,3.4,3.6,1.71,2.02,-0.25,1.72,2.02,,,,,Ligue 2,,20260207_St-Etienne_Montpellier,47.60521617879249,0.56,1.62,54.0,46.0
2026-02-09,Amiens,Clermont,4.0,3.0,6.0,6.0,3.0,14.0,7.0,4.0,2.0,1.0,0.0,0.0,2.6,3.0,2.5,2.01,1.72,0.0,1.88,1.84,,,,,Ligue 2,,20260209_Amiens_Clermont,-36.63599472586293,2.53,1.82,44.6,55.4
2026-02-13,Amiens,Dunkerque,1.0,4.0,3.0,8.0,11.0,5.0,5.0,4.0,1.0,1.0,0.0,0.0,3.9,3.4,1.83,1.9,1.82,0.5,1.81,1.89,,,,,Ligue 2,,20260213_Amiens_Dunkerque,-113.70469629473314,1.36,0.95,47.5,52.5
2026-02-13,Clermont,Rodez,1.0,2.0,7.0,2.0,8.0,5.0,3.0,5.0,2.0,3.0,0.0,0.0,2.38,3.2,2.8,1.83,1.88,0.0,1.7,2.04,,,,,Ligue 2,,20260213_Clermont_Rodez,-79.20188127394408,0.05,1.93,40.1,59.9
2026-02-13,Laval,Annecy,2.0,2.0,3.0,4.0,6.0,8.0,4.0,6.0,3.0,1.0,0.0,0.0,3.3,3.0,2.3,2.71,1.41,0.25,1.7,2.02,,,,,Ligue 2,,20260213_Laval_Annecy,-97.7107904485838,0.05,1.3,50.8,49.2
2026-02-13,Pau FC,Boulogne,1.0,2.0,4.0,4.0,6.0,5.0,5.0,3.0,1.0,4.0,1.0,0.0,1.91,3.4,4.0,1.92,1.8,-0.5,1.79,1.92,,,,,Ligue 2,,20260213_Pau-FC_Boulogne,44.71536121331792,0.67,0.05,53.7,46.3
2026-02-13,Red Star,Nancy,2.0,1.0,3.0,1.0,13.0,3.0,8.0,2.0,3.0,1.0,0.0,0.0,1.91,3.3,4.1,2.11,1.65,-0.5,1.89,1.81,,,,,Ligue 2,,20260213_Red-Star_Nancy,99.98095806180095,2.23,1.8,59.6,40.4
2026-02-14,Grenoble,Reims,0.0,0.0,2.0,8.0,8.0,17.0,3.0,12.0,1.0,2.0,0.0,0.0,4.2,3.3,1.9,1.93,1.78,0.5,1.9,1.8,,,,,Ligue 2,,20260214_Grenoble_Reims,-147.39049256865997,0.26,0.96,43.4,56.6
2026-02-14,Guingamp,St Etienne,1.0,2.0,4.0,6.0,8.0,6.0,6.0,3.0,2.0,1.0,0.0,0.0,2.5,3.6,2.55,1.72,2.02,0.0,1.79,1.93,,,,,Ligue 2,,20260214_Guingamp_St-Etienne,-27.865670464151208,0.43,0.91,44.0,56.0
2026-02-14,Montpellier,Le Mans,4.0,2.0,4.0,8.0,3.0,5.0,4.0,6.0,0.0,2.0,0.0,0.0,2.2,3.1,3.25,2.28,1.56,-0.25,1.96,1.76,,,,,Ligue 2,,20260214_Montpellier_Le-Mans,-50.236332510561624,0.96,0.91,47.9,52.1
2026-02-16,Bastia,Troyes,0.0,0.0,5.0,0.0,11.0,3.0,5.0,2.0,2.0,3.0,0.0,0.0,3.1,3.0,2.25,2.42,1.5,0.0,1.91,1.81,,,,,Ligue 2,,20260216_Bastia_Troyes,-103.42968140283801,1.25,0.65,41.8,58.2
2026-02-20,Annecy,Red Star,2.0,1.0,8.0,4.0,8.0,7.0,2.0,4.0,3.0,2.0,0.0,0.0,2.3,2.9,3.1,2.46,1.49,-0.25,2.0,1.73,,,,,Ligue 2,,20260220_Annecy_Red-Star,12.733247448936481,0.7,0.6,57.2,42.8
2026-02-20,Boulogne,Clermont,0.0,2.0,1.0,5.0,5.0,4.0,7.0,4.0,3.0,3.0,0.0,0.0,2.38,2.9,2.8,2.35,1.53,-0.25,1.99,1.73,,,,,Ligue 2,,20260220_Boulogne_Clermont,53.474186281550374,0.98,0.78,54.5,45.5
2026-02-20,Dunkerque,Bastia,1.0,1.0,2.0,5.0,6.0,8.0,3.0,5.0,3.0,1.0,0.0,0.0,2.0,3.0,3.6,2.38,1.52,-0.25,1.73,2.0,,,,,Ligue 2,,20260220_Dunkerque_Bastia,95.94167688549305,0.89,1.07,54.2,45.8
2026-02-20,Nancy,Grenoble,0.0,0.0,2.0,2.0,14.0,7.0,12.0,3.0,1.0,1.0,0.0,1.0,1.95,3.0,3.5,2.08,1.67,-0.5,1.91,1.79,,,,,Ligue 2,,20260220_Nancy_Grenoble,-90.88806664387994,1.29,1.08,42.7,57.3
2026-02-20,Rodez,Montpellier,1.0,0.0,8.0,3.0,6.0,9.0,6.0,6.0,1.0,3.0,0.0,0.0,2.75,3.1,2.3,1.86,1.84,0.0,2.02,1.72,,,,,Ligue 2,,20260220_Rodez_Montpellier,17.509681630726163,1.95,0.58,52.2,47.8
2026-02-21,Reims,Amiens,0.0,0.0,4.0,2.0,14.0,11.0,8.0,3.0,1.0,3.0,0.0,0.0,1.42,4.5,6.5,1.67,2.09,-1.5,2.01,1.72,,,,,Ligue 2,,20260221_Reims_Amiens,203.383617475213,1.17,1.18,59.9,40.1
2026-02-21,St Etienne,Laval,2.0,1.0,4.0,2.0,15.0,4.0,10.0,2.0,3.0,1.0,0.0,0.0,1.55,3.5,5.25,1.81,1.88,-1.0,1.78,1.92,,,,,Ligue 2,,20260221_St-Etienne_Laval,141.4033306197216,1.18,1.45,54.9,45.1
2026-02-21,Troyes,Pau FC,4.0,3.0,8.0,5.0,14.0,6.0,5.0,2.0,5.0,3.0,0.0,0.0,1.85,3.5,3.7,1.74,1.98,-0.5,1.85,1.86,,,,,Ligue 2,,20260221_Troyes_Pau-FC,50.53771131273675,1.79,1.3,52.5,47.5
2026-02-23,Le Mans,Guingamp,1.0,1.0,4.0,6.0,5.0,8.0,3.0,4.0,3.0,1.0,0.0,0.0,2.3,3.2,2.75,2.11,1.65,0.0,1.92,1.8,,,,,Ligue 2,,20260223_Le-Mans_Guingamp,7.0813150105304885,1.19,0.53,51.9,48.1
2026-02-27,Bastia,Annecy,0.0,2.0,1.0,4.0,7.0,4.0,3.0,5.0,1.0,3.0,1.0,0.0,2.4,2.8,3.0,2.68,1.42,-0.25,1.98,1.74,,,,,Ligue 2,,20260227_Bastia_Annecy,-78.85990107844054,0.79,1.17,48.0,52.0
2026-02-27,Clermont,Dunkerque,2.0,1.0,5.0,2.0,5.0,7.0,7.0,7.0,1.0,4.0,0.0,0.0,2.8,2.9,2.55,1.97,1.75,0.0,1.93,1.79,,,,,Ligue 2,,20260227_Clermont_Dunkerque,-104.04374441229493,2.02,1.18,43.2,56.8
2026-02-27,Grenoble,Boulogne,0.0,0.0,0.0,0.0,7.0,6.0,4.0,4.0,2.0,1.0,0.0,0.0,2.55,2.88,2.63,2.44,1.49,0.0,1.96,1.76,,,,,Ligue 2,,20260227_Grenoble_Boulogne,13.88259855661613,0.61,1.16,54.7,45.3
2026-02-27,Laval,Nancy,1.0,1.0,5.0,5.0,3.0,11.0,2.0,10.0,2.0,1.0,0.0,0.0,2.63,2.8,2.63,2.47,1.49,-0.25,2.08,1.66,,,,,Ligue 2,,20260227_Laval_Nancy,28.420156083274378,0.75,0.82,46.1,53.9
2026-02-27,Montpellier,Reims,0.0,0.0,2.0,4.0,8.0,11.0,3.0,4.0,1.0,0.0,0.0,0.0,3.0,3.1,2.15,2.02,1.72,0.25,1.77,1.95,,,,,Ligue 2,,20260227_Montpellier_Reims,-119.13562316535103,0.15,0.59,43.9,56.1
2026-02-28,Guingamp,Rodez,0.0,0.0,1.0,2.0,8.0,8.0,5.0,6.0,0.0,3.0,0.0,0.0,1.7,3.5,4.1,1.67,2.08,-0.75,1.93,1.78,,,,,Ligue 2,,20260228_Guingamp_Rodez,-12.952086399372547,0.62,0.3,49.5,50.5
2026-02-28,Pau FC,St Etienne,0.0,3.0,4.0,6.0,5.0,4.0,5.0,4.0,2.0,1.0,0.0,0.0,2.7,3.5,2.2,1.62,2.16,0.25,1.88,1.82,,,,,Ligue 2,,20260228_Pau-FC_St-Etienne,-92.48571346774429,0.05,1.41,51.1,48.9
2026-02-28,Red Star,Le Mans,0.0,0.0,0.0,2.0,7.0,4.0,6.0,4.0,2.0,3.0,0.0,0.0,2.3,3.0,2.88,2.11,1.66,-0.25,1.89,1.81,,,,,Ligue 2,,20260228_Red-Star_Le-Mans,-31.455196397358122,1.33,0.21,45.3,54.7
2026-03-02,Amiens,Troyes,0.0,2.0,4.0,6.0,10.0,7.0,8.0,4.0,1.0,1.0,0.0,0.0,4.1,3.3,1.75,1.69,2.06,0.5,1.95,1.76,,,,,Ligue 2,,20260302_Amiens_Troyes,-134.6142021213234,0.42,2.05,50.3,49.7
2026-03-06,Boulogne,Amiens,4.0,2.0,6.0,6.0,7.0,7.0,6.0,5.0,3.0,2.0,0.0,1.0,2.0,2.9,3.5,2.22,1.59,-0.25,1.77,1.93,,,,,Ligue 2,,20260306_Boulogne_Amiens,50.38313901760648,3.03,0.92,50.2,49.8
2026-03-06,Laval,Guingamp,2.0,2.0,11.0,8.0,8.0,10.0,6.0,7.0,1.0,2.0,0.0,0.0,3.4,3.1,2.2,2.17,1.62,0.25,1.9,1.81,,,,,Ligue 2,,20260306_Laval_Guingamp,-100.49855518443496,2.17,0.91,45.1,54.9
2026-03-06,Nancy,Montpellier,0.0,3.0,2.0,4.0,9.0,4.0,4.0,6.0,2.0,3.0,1.0,1.0,2.7,3.2,2.45,1.99,1.74,0.0,1.98,1.75,,,,,Ligue 2,,20260306_Nancy_Montpellier,-103.12441508987808,0.53,1.81,48.1,51.9
2026-03-06,Pau FC,Bastia,2.0,2.0,2.0,5.0,5.0,11.0,4.0,5.0,1.0,3.0,0.0,0.0,2.25,3.2,3.1,2.06,1.69,-0.25,1.99,1.73,,,,,Ligue 2,,20260306_Pau-FC_Bastia,32.89554540730546,1.44,0.77,51.5,48.5
2026-03-06,Rodez,Grenoble,1.0,0.0,4.0,2.0,8.0,3.0,7.0,1.0,3.0,2.0,0.0,0.0,1.9,3.5,3.75,1.79,1.92,-0.5,1.96,1.75,,,,,Ligue 2,,20260306_Rodez_Grenoble,55.727190945644224,0.66,0.38,48.3,51.7
2026-03-07,Le Mans,Annecy,3.0,0.0,6.0,3.0,10.0,7.0,6.0,5.0,4.0,0.0,0.0,0.0,2.25,3.1,3.1,2.28,1.56,-0.25,1.96,1.75,,,,,Ligue 2,,20260307_Le-Mans_Annecy,-14.804433866553836,1.04,0.31,52.0,48.0
2026-03-07,St Etienne,Red Star,2.0,0.0,4.0,2.0,8.0,6.0,8.0,7.0,1.0,1.0,0.0,0.0,1.7,3.6,4.5,1.82,1.88,-0.75,1.92,1.78,,,,,Ligue 2,,20260307_St-Etienne_Red-Star,89.72790247792614,0.79,0.99,54.6,45.4
2026-03-07,Troyes,Clermont,2.0,1.0,5.0,2.0,8.0,3.0,6.0,1.0,1.0,2.0,0.0,0.0,1.62,3.5,5.0,1.69,2.05,-0.75,1.81,1.89,,,,,Ligue 2,,20260307_Troyes_Clermont,110.16981568751271,0.79,0.56,57.8,42.2
2026-03-09,Dunkerque,Reims,1.0,1.0,4.0,3.0,3.0,10.0,4.0,4.0,2.0,2.0,0.0,0.0,3.0,3.1,2.1,2.03,1.7,0.25,1.75,1.97,,,,,Ligue 2,,20260309_Dunkerque_Reims,-81.70668888903401,1.23,2.11,40.0,60.0
2026-03-13,Bastia,Boulogne,0.0,1.0,4.0,1.0,9.0,3.0,8.0,2.0,3.0,1.0,0.0,0.0,1.95,2.88,4.0,2.64,1.43,-0.5,1.9,1.8,,,,,Ligue 2,,20260313_Bastia_Boulogne,-30.183676769626572,0.1,1.83,54.2,45.8
2026-03-13,Clermont,Pau FC,0.0,1.0,3.0,3.0,7.0,5.0,5.0,0.0,2.0,2.0,0.0,0.0,2.3,3.1,2.8,1.77,1.95,0.0,1.73,2.0,,,,,Ligue 2,,20260313_Clermont_Pau-FC,-29.83429458221758,0.05,1.34,47.2,52.8
2026-03-13,Guingamp,Amiens,1.0,0.0,5.0,3.0,8.0,5.0,6.0,4.0,1.0,3.0,0.0,0.0,1.5,3.75,5.25,1.63,2.16,-1.0,1.84,1.87,,,,,Ligue 2,,20260313_Guingamp_Amiens,113.87116299235208,1.53,0.5,56.2,43.8
2026-03-13,Montpellier,Laval,2.0,0.0,7.0,1.0,10.0,6.0,5.0,3.0,0.0,2.0,0.0,0.0,1.8,3.1,4.2,2.04,1.71,-0.5,1.79,1.91,,,,,Ligue 2,,20260313_Montpellier_Laval,81.82491234087547,1.01,1.0,57.4,42.6
2026-03-13,Nancy,Le Mans,2.0,4.0,4.0,5.0,4.0,6.0,4.0,7.0,1.0,1.0,0.0,0.0,2.75,3.1,2.3,2.15,1.63,0.25,1.76,1.95,,,,,Ligue 2,,20260313_Nancy_Le-Mans,-153.07176398274896,1.49,1.42,48.7,51.3
2026-03-14,Grenoble,St Etienne,0.0,0.0,4.0,2.0,11.0,4.0,5.0,4.0,1.0,2.0,0.0,0.0,4.33,3.5,1.65,1.75,1.97,0.75,1.82,1.9,,,,,Ligue 2,,20260314_Grenoble_St-Etienne,-128.23024793298032,1.12,0.05,46.7,53.3
2026-03-14,Red Star,Dunkerque,1.0,0.0,3.0,1.0,8.0,6.0,3.0,0.0,1.0,1.0,0.0,0.0,2.25,3.1,2.88,2.05,1.7,-0.25,2.01,1.72,,,,,Ligue 2,,20260314_Red-Star_Dunkerque,-41.63775256164149,1.18,1.35,44.9,55.1
2026-03-14,Reims,Rodez,1.0,2.0,8.0,5.0,10.0,8.0,6.0,5.0,2.0,2.0,1.0,0.0,1.55,3.5,5.25,1.65,2.13,-1.0,1.94,1.77,,,,,Ligue 2,,20260314_Reims_Rodez,62.45808186224804,0.05,0.53,48.9,51.1
2026-03-16,Annecy,Troyes,1.0,2.0,2.0,3.0,5.0,6.0,2.0,1.0,5.0,1.0,1.0,0.0,2.7,3.1,2.4,1.96,1.77,0.0,1.89,1.83,,,,,Ligue 2,,20260316_Annecy_Troyes,-43.74013201916455,0.09,2.14,43.4,56.6
2026-03-20,Amiens,Le Mans,3.0,4.0,5.0,8.0,4.0,10.0,1.0,7.0,5.0,4.0,1.0,0.0,3.4,3.1,1.95,1.91,1.81,0.5,1.76,1.95,,,,,Ligue 2,,20260320_Amiens_Le-Mans,-150.0538123348249,1.12,0.86,39.4,60.6
2026-03-20,Boulogne,Nancy,0.0,0.0,1.0,3.0,3.0,9.0,2.0,6.0,2.0,3.0,0.0,0.0,2.25,3.0,3.0,2.38,1.52,0.0,1.76,1.96,,,,,Ligue 2,,20260320_Boulogne_Nancy,107.16818057979481,0.23,0.95,55.8,44.2
2026-03-20,Clermont,Red Star,0.0,1.0,3.0,4.0,6.0,5.0,1.0,9.0,1.0,3.0,0.0,0.0,2.7,3.0,2.45,2.13,1.65,0.25,1.74,1.99,,,,,Ligue 2,,20260320_Clermont_Red-Star,-66.91828892477793,0.05,1.4,47.1,52.9
2026-03-20,Laval,Grenoble,3.0,2.0,5.0,6.0,7.0,5.0,7.0,5.0,3.0,2.0,0.0,0.0,2.3,2.88,3.0,2.31,1.56,0.0,1.79,1.93,,,,,Ligue 2,,20260320_Laval_Grenoble,-56.823342773233435,1.11,1.89,43.8,56.2
2026-03-20,Pau FC,Montpellier,0.0,0.0,2.0,1.0,16.0,3.0,4.0,3.0,2.0,1.0,0.0,1.0,2.55,3.1,2.45,1.69,2.05,0.25,1.76,1.97,,,,,Ligue 2,,20260320_Pau-FC_Montpellier,-28.83198477747328,0.43,0.43,45.2,54.8
2026-03-20,Rodez,Bastia,1.0,1.0,3.0,6.0,9.0,7.0,9.0,2.0,1.0,2.0,0.0,0.0,2.5,3.0,2.63,2.2,1.61,-0.25,1.99,1.74,,,,,Ligue 2,,20260320_Rodez_Bastia,123.74905633629669,1.15,0.94,51.6,48.4
2026-03-21,Guingamp,Reims,0.0,2.0,5.0,4.0,11.0,7.0,6.0,6.0,5.0,2.0,0.0,0.0,2.63,3.2,2.38,1.87,1.83,0.0,1.86,1.85,,,,,Ligue 2,,20260321_Guingamp_Reims,-65.64855550655489,1.54,0.7,47.8,52.2
2026-03-21,St Etienne,Annecy,4.0,0.0,6.0,2.0,10.0,1.0,6.0,2.0,1.0,1.0,0.0,0.0,1.7,3.4,4.33,1.78,1.93,-0.75,1.84,1.88,,,,,Ligue 2,,20260321_St-Etienne_Annecy,73.37323721299526,2.05,0.77,52.0,48.0
2026-03-21,Troyes,Dunkerque,5.0,1.0,8.0,3.0,10.0,5.0,6.0,3.0,0.0,2.0,0.0,1.0,1.83,3.3,3.75,1.74,1.98,-0.75,1.92,1.81,,,,,Ligue 2,,20260321_Troyes_Dunkerque,66.58055136565577,2.04,1.28,54.0,46.0
2026-04-03,Annecy,Guingamp,1.0,0.0,6.0,2.0,6.0,11.0,4.0,7.0,3.0,2.0,1.0,0.0,2.75,3.1,2.3,1.96,1.77,0.0,1.87,1.83,,,,,Ligue 2,,20260403_Annecy_Guingamp,-7.710411303894261,0.19,0.51,45.3,54.7
2026-04-03,Bastia,Amiens,1.0,1.0,9.0,3.0,9.0,6.0,2.0,7.0,2.0,1.0,0.0,0.0,1.85,3.1,3.8,2.09,1.67,-0.75,1.92,1.79,,,,,Ligue 2,,20260403_Bastia_Amiens,49.2045889481783,0.79,1.16,51.8,48.2
2026-04-03,Dunkerque,Rodez,1.0,1.0,3.0,2.0,10.0,4.0,9.0,0.0,2.0,3.0,0.0,0.0,1.95,3.4,3.2,1.66,2.12,-0.25,1.86,1.84,,,,,Ligue 2,,20260403_Dunkerque_Rodez,-46.897872888340316,1.79,0.05,51.8,48.2
2026-04-03,Grenoble,Clermont,2.0,2.0,2.0,6.0,7.0,8.0,3.0,4.0,2.0,2.0,0.0,0.0,2.5,3.0,2.63,2.09,1.67,0.0,1.76,1.96,,,,,Ligue 2,,20260403_Grenoble_Clermont,32.93050292232988,0.93,1.27,50.0,50.0
2026-04-03,Red Star,Laval,0.0,0.0,5.0,2.0,15.0,1.0,7.0,3.0,2.0,3.0,0.0,0.0,1.65,3.3,4.75,2.14,1.64,-0.75,1.91,1.79,,,,,Ligue 2,,20260403_Red-Star_Laval,82.35431313360596,1.04,0.77,58.2,41.8
2026-04-04,Montpellier,Troyes,2.0,2.0,5.0,4.0,9.0,11.0,5.0,9.0,2.0,2.0,0.0,0.0,2.63,3.2,2.38,1.81,1.92,0.25,1.75,1.96,,,,,Ligue 2,,20260404_Montpellier_Troyes,-78.3852738431392,1.52,0.33,45.9,54.1
2026-04-04,Nancy,St Etienne,1.0,1.0,2.0,5.0,4.0,9.0,2.0,4.0,1.0,2.0,0.0,0.0,3.6,3.25,1.85,1.78,1.93,0.5,1.86,1.84,,,,,Ligue 2,,20260404_Nancy_St-Etienne,-218.6751620942464,0.33,1.53,34.7,65.3
2026-04-04,Reims,Boulogne,0.0,0.0,5.0,1.0,13.0,9.0,7.0,3.0,1.0,1.0,0.0,0.0,1.5,3.6,5.75,1.95,1.78,-1.0,1.89,1.81,,,,,Ligue 2,,20260404_Reims_Boulogne,119.18223082866007,2.23,0.99,50.8,49.2
2026-04-06,Le Mans,Pau FC,4.0,0.0,9.0,2.0,7.0,3.0,6.0,3.0,1.0,3.0,0.0,0.0,1.9,3.3,3.5,1.71,2.04,-0.75,1.81,1.89,,,,,Ligue 2,,20260406_Le-Mans_Pau-FC,65.63006048272564,1.16,0.38,54.4,45.6
2026-04-10,Amiens,Pau FC,0.0,1.0,1.0,4.0,3.0,6.0,7.0,4.0,1.0,2.0,1.0,0.0,2.4,3.25,2.5,1.65,2.13,-0.25,1.97,1.75,,,,,Ligue 2,,20260410_Amiens_Pau-FC,-87.21017471600294,0.81,1.16,46.2,53.8
2026-04-10,Annecy,Montpellier,0.0,0.0,3.0,0.0,6.0,4.0,3.0,5.0,1.0,1.0,0.0,0.0,2.4,3.0,2.63,2.12,1.65,0.0,1.84,1.87,,,,,Ligue 2,,20260410_Annecy_Montpellier,4.023767707130446,0.78,0.78,47.2,52.8
2026-04-10,Clermont,Nancy,2.0,2.0,6.0,2.0,10.0,3.0,6.0,1.0,5.0,2.0,0.0,0.0,2.15,3.0,3.1,2.15,1.63,0.0,1.71,2.01,,,,,Ligue 2,,20260410_Clermont_Nancy,36.98506546798535,1.16,0.47,49.3,50.7
2026-04-10,Guingamp,Grenoble,1.0,1.0,4.0,2.0,18.0,4.0,5.0,1.0,2.0,3.0,0.0,0.0,1.65,3.5,4.5,1.82,1.9,-0.75,1.86,1.85,,,,,Ligue 2,,20260410_Guingamp_Grenoble,47.401240817818234,0.66,1.04,57.7,42.3
2026-04-10,Laval,Reims,2.0,2.0,4.0,6.0,8.0,6.0,8.0,4.0,1.0,2.0,0.0,0.0,4.1,3.25,1.75,2.01,1.72,0.5,1.94,1.77,,,,,Ligue 2,,20260410_Laval_Reims,-165.87867940462752,1.17,1.33,48.6,51.4
2026-04-11,Boulogne,Le Mans,0.0,0.0,2.0,3.0,0.0,10.0,2.0,7.0,0.0,0.0,0.0,0.0,3.2,3.0,2.15,2.25,1.58,0.5,1.74,1.97,,,,,Ligue 2,,20260411_Boulogne_Le-Mans,-76.46783949940641,1.08,0.71,41.4,58.6
2026-04-11,Red Star,Bastia,4.0,3.0,8.0,7.0,10.0,5.0,4.0,2.0,2.0,1.0,0.0,0.0,2.15,2.8,3.3,2.38,1.52,-0.5,1.84,1.85,,,,,Ligue 2,,20260411_Red-Star_Bastia,72.21262835264247,0.76,1.1,54.6,45.4
2026-04-11,St Etienne,Dunkerque,2.0,1.0,7.0,2.0,13.0,4.0,6.0,2.0,1.0,2.0,0.0,0.0,1.62,3.6,4.5,1.57,2.25,-1.0,1.77,1.93,,,,,Ligue 2,,20260411_St-Etienne_Dunkerque,86.14850340148655,1.54,0.9,51.3,48.7
2026-04-13,Rodez,Troyes,2.0,1.0,7.0,7.0,13.0,7.0,3.0,3.0,2.0,4.0,0.0,1.0,3.2,3.5,1.95,1.61,2.2,0.5,1.73,1.99,,,,,Ligue 2,,20260413_Rodez_Troyes,-38.086657544044556,0.47,1.27,49.2,50.8
2026-04-17,Le Mans,Clermont,1.0,0.0,6.0,1.0,7.0,9.0,6.0,4.0,1.0,1.0,0.0,0.0,1.57,3.5,5.0,1.79,1.93,-1.0,1.98,1.74,,,,,Ligue 2,,20260417_Le-Mans_Clermont,135.4181139851985,1.03,0.05,57.7,42.3
2026-04-17,Montpellier,Grenoble,2.0,1.0,6.0,4.0,5.0,8.0,4.0,1.0,1.0,1.0,0.0,0.0,1.62,3.5,4.75,1.87,1.85,-0.75,1.82,1.88,,,,,Ligue 2,,20260417_Montpellier_Grenoble,58.71146256117436,1.46,0.05,60.3,39.7
2026-04-17,Nancy,Annecy,1.0,5.0,1.0,8.0,7.0,8.0,1.0,3.0,0.0,1.0,0.0,0.0,2.4,3.0,2.7,2.2,1.61,0.0,1.74,1.97,,,,,Ligue 2,,20260417_Nancy_Annecy,-130.45937042179344,0.64,1.67,40.9,59.1
2026-04-17,Pau FC,Guingamp,2.0,1.0,3.0,1.0,6.0,4.0,7.0,1.0,4.0,1.0,0.0,0.0,2.88,3.3,2.15,1.84,1.88,0.25,1.76,1.95,,,,,Ligue 2,,20260417_Pau-FC_Guingamp,-15.791992686749836,2.26,1.23,45.7,54.3
2026-04-17,Rodez,Amiens,3.0,2.0,6.0,4.0,7.0,9.0,7.0,4.0,2.0,2.0,0.0,0.0,1.57,3.7,4.75,1.54,2.34,-0.75,1.79,1.92,,,,,Ligue 2,,20260417_Rodez_Amiens,183.81097560131684,0.85,0.87,59.8,40.2
2026-04-18,Bastia,St Etienne,2.0,0.0,4.0,2.0,6.0,8.0,2.0,6.0,4.0,2.0,0.0,0.0,3.5,3.2,2.0,1.89,1.83,0.5,1.98,1.74,,,,,Ligue 2,,20260418_Bastia_St-Etienne,-176.71888855940438,0.39,1.24,46.9,53.1
2026-04-18,Reims,Red Star,3.0,2.0,6.0,4.0,5.0,8.0,6.0,5.0,5.0,2.0,0.0,0.0,1.83,3.3,3.9,1.98,1.75,-0.5,1.82,1.88,,,,,Ligue 2,,20260418_Reims_Red-Star,74.23756350379517,1.4,1.17,51.9,48.1
2026-04-18,Troyes,Boulogne,1.0,0.0,5.0,1.0,6.0,4.0,8.0,1.0,1.0,1.0,0.0,0.0,1.45,3.75,6.25,1.68,2.08,-1.25,1.88,1.82,,,,,Ligue 2,,20260418_Troyes_Boulogne,87.73634764744725,1.4,0.75,48.4,51.6
2026-04-20,Dunkerque,Laval,0.0,2.0,3.0,7.0,11.0,4.0,5.0,2.0,1.0,3.0,0.0,0.0,1.85,3.1,3.75,1.91,1.81,-0.25,1.78,1.92,,,,,Ligue 2,,20260420_Dunkerque_Laval,62.08789872474972,0.92,0.49,42.6,57.4
2026-04-24,Amiens,Montpellier,0.0,2.0,5.0,9.0,17.0,6.0,8.0,7.0,3.0,1.0,0.0,0.0,3.6,3.5,1.9,1.71,2.02,0.5,1.76,1.95,,,,,Ligue 2,,20260424_Amiens_Montpellier,-151.8411354964544,0.67,1.04,42.0,58.0
2026-04-24,Annecy,Pau FC,5.0,1.0,6.0,4.0,6.0,2.0,1.0,3.0,1.0,0.0,0.0,0.0,2.0,3.4,3.4,1.83,1.88,-0.5,1.79,1.91,,,,,Ligue 2,,20260424_Annecy_Pau-FC,29.25174136452324,1.21,1.17,57.8,42.2
2026-04-24,Clermont,Bastia,1.0,1.0,2.0,3.0,7.0,12.0,5.0,12.0,1.0,1.0,1.0,1.0,2.5,3.2,2.63,2.15,1.63,0.0,1.93,1.78,,,,,Ligue 2,,20260424_Clermont_Bastia,-27.117289362201745,1.03,0.05,47.7,52.3
2026-04-24,Laval,Rodez,0.0,0.0,3.0,1.0,2.0,11.0,2.0,6.0,1.0,2.0,0.0,0.0,2.63,3.2,2.5,1.7,2.04,0.0,1.93,1.77,,,,,Ligue 2,,20260424_Laval_Rodez,-120.22222877743434,1.3,0.62,48.4,51.6
2026-04-24,Red Star,Guingamp,3.0,2.0,5.0,6.0,3.0,7.0,0.0,8.0,2.0,1.0,0.0,0.0,1.85,3.6,3.6,1.78,1.93,-0.75,1.87,1.83,,,,,Ligue 2,,20260424_Red-Star_Guingamp,18.601069000756297,0.49,2.07,46.4,53.6
2026-04-25,Grenoble,Le Mans,1.0,1.0,2.0,4.0,4.0,5.0,1.0,4.0,3.0,1.0,0.0,0.0,3.9,3.3,1.85,1.88,1.82,0.5,1.93,1.77,,,,,Ligue 2,,20260425_Grenoble_Le-Mans,-119.39324294555058,0.5,1.65,48.0,52.0
2026-04-25,Reims,Nancy,1.0,1.0,4.0,1.0,8.0,6.0,4.0,0.0,3.0,7.0,0.0,1.0,1.53,4.0,5.5,1.78,1.92,-1.0,1.73,1.98,,,,,Ligue 2,,20260425_Reims_Nancy,219.08575517325198,1.42,0.77,60.6,39.4
2026-04-25,St Etienne,Troyes,0.0,3.0,3.0,4.0,10.0,12.0,9.0,3.0,2.0,4.0,0.0,0.0,1.91,3.5,3.6,1.66,2.09,-0.5,1.88,1.81,,,,,Ligue 2,,20260425_St-Etienne_Troyes,0.11920046362320136,0.05,0.52,50.2,49.8
2026-04-27,Boulogne,Dunkerque,2.0,6.0,4.0,8.0,5.0,2.0,5.0,3.0,1.0,1.0,1.0,0.0,2.7,3.0,2.45,2.0,1.73,0.0,2.02,1.71,,,,,Ligue 2,,20260427_Boulogne_Dunkerque,-5.108649961831588,0.58,2.64,52.8,47.2
2026-05-02,Amiens,Red Star,1.0,3.0,4.0,8.0,7.0,8.0,2.0,8.0,2.0,0.0,0.0,0.0,4.2,3.6,1.7,1.71,2.03,0.75,1.82,1.88,,,,,Ligue 2,,20260502_Amiens_Red-Star,-151.76542467238073,1.44,1.44,43.7,56.3
2026-05-02,Boulogne,Annecy,1.0,2.0,3.0,3.0,4.0,8.0,4.0,4.0,0.0,2.0,0.0,0.0,3.7,3.3,1.95,2.02,1.72,0.5,1.76,1.95,,,,,Ligue 2,,20260502_Boulogne_Annecy,-71.41341695225856,0.65,1.25,45.4,54.6
2026-05-02,Dunkerque,Grenoble,0.0,1.0,7.0,2.0,7.0,4.0,8.0,0.0,2.0,2.0,0.0,1.0,1.91,3.2,3.5,1.78,1.94,-0.5,1.98,1.74,,,,,Ligue 2,,20260502_Dunkerque_Grenoble,44.50885044537176,0.82,0.89,52.1,47.9
2026-05-02,Guingamp,Bastia,0.0,1.0,0.0,6.0,9.0,6.0,2.0,5.0,0.0,0.0,0.0,0.0,2.2,3.0,3.0,1.95,1.77,-0.25,1.87,1.84,,,,,Ligue 2,,20260502_Guingamp_Bastia,35.169597803540455,1.0,0.93,53.6,46.4
2026-05-02,Le Mans,Reims,1.0,1.0,8.0,3.0,9.0,5.0,3.0,2.0,0.0,1.0,0.0,0.0,2.4,3.1,2.7,1.93,1.79,0.0,1.8,1.9,,,,,Ligue 2,,20260502_Le-Mans_Reims,-31.254410109811033,0.42,1.74,54.2,45.8
2026-05-02,Montpellier,Clermont,1.0,2.0,6.0,3.0,9.0,4.0,11.0,2.0,2.0,2.0,1.0,0.0,1.65,3.5,4.5,1.62,2.18,-0.75,1.73,1.98,,,,,Ligue 2,,20260502_Montpellier_Clermont,115.9421869965804,1.16,1.81,56.2,43.8
2026-05-02,Pau FC,Nancy,1.0,3.0,4.0,6.0,12.0,3.0,5.0,6.0,2.0,2.0,0.0,0.0,2.3,3.1,2.88,1.92,1.8,0.0,1.82,1.88,,,,,Ligue 2,,20260502_Pau-FC_Nancy,98.9032819660199,0.37,1.31,54.9,45.1
2026-05-02,Rodez,St Etienne,2.0,1.0,5.0,6.0,12.0,5.0,2.0,7.0,2.0,2.0,0.0,0.0,3.1,3.4,2.05,1.55,2.32,0.25,1.84,1.86,,,,,Ligue 2,,20260502_Rodez_St-Etienne,-6.423834055636007,0.72,0.52,46.4,53.6
2026-05-02,Troyes,Laval,4.0,0.0,9.0,1.0,9.0,5.0,4.0,3.0,1.0,1.0,0.0,0.0,1.5,4.33,4.5,1.63,2.17,-1.0,1.91,1.79,,,,,Ligue 2,,20260502_Troyes_Laval,142.54675084335054,1.64,1.34,59.3,40.7
2026-05-09,Annecy,Rodez,1.0,2.0,2.0,2.0,5.0,10.0,9.0,4.0,0.0,0.0,0.0,0.0,2.1,3.4,2.9,1.7,2.04,-0.25,1.96,1.76,,,,,Ligue 2,,20260509_Annecy_Rodez,-30.55697688404348,1.31,1.27,54.5,45.5
2026-05-09,Bastia,Le Mans,0.0,2.0,2.0,5.0,6.0,3.0,2.0,3.0,4.0,2.0,0.0,0.0,2.7,3.0,2.45,1.89,1.82,0.25,1.84,1.86,,,,,Ligue 2,,20260509_Bastia_Le-Mans,-108.22506073069167,0.15,1.01,50.1,49.9
2026-05-09,Clermont,Guingamp,1.0,0.0,6.0,5.0,13.0,12.0,4.0,3.0,0.0,1.0,0.0,0.0,3.1,3.4,2.0,1.69,2.05,0.0,1.86,1.83,,,,,Ligue 2,,20260509_Clermont_Guingamp,-31.3447144440961,1.69,1.0,45.5,54.5
2026-05-09,Grenoble,Troyes,1.0,0.0,3.0,3.0,4.0,8.0,2.0,10.0,1.0,0.0,0.0,0.0,3.5,3.6,1.8,1.62,2.17,0.5,1.81,1.89,,,,,Ligue 2,,20260509_Grenoble_Troyes,-139.18863304651586,1.36,0.62,42.0,58.0
2026-05-09,Laval,Boulogne,2.0,1.0,6.0,4.0,8.0,3.0,11.0,3.0,1.0,2.0,0.0,0.0,1.6,3.4,5.25,1.88,1.83,-0.75,1.97,1.75,,,,,Ligue 2,,20260509_Laval_Boulogne,-10.685531759285368,0.53,1.44,50.4,49.6
2026-05-09,Nancy,Dunkerque,3.0,2.0,7.0,7.0,13.0,15.0,3.0,5.0,0.0,2.0,0.0,0.0,2.63,3.1,2.4,1.66,2.09,0.0,1.95,1.76,,,,,Ligue 2,,20260509_Nancy_Dunkerque,-78.62596209328308,1.16,1.73,46.2,53.8
2026-05-09,Red Star,Montpellier,1.0,1.0,5.0,5.0,12.0,3.0,3.0,3.0,1.0,1.0,0.0,0.0,1.8,3.4,3.75,1.75,1.97,-0.75,1.92,1.78,,,,,Ligue 2,,20260509_Red-Star_Montpellier,8.722844748549278,1.09,1.76,43.6,56.4
2026-05-09,Reims,Pau FC,5.0,3.0,9.0,5.0,4.0,6.0,4.0,3.0,2.0,0.0,0.0,0.0,1.36,4.33,7.0,1.44,2.61,-1.5,1.85,1.85,,,,,Ligue 2,,20260509_Reims_Pau-FC,121.02968231718364,2.19,2.6,54.9,45.1
2026-05-09,St Etienne,Amiens,5.0,0.0,9.0,1.0,10.0,13.0,3.0,6.0,1.0,1.0,0.0,0.0,1.2,5.75,11.0,1.31,3.21,-2.25,1.98,1.74,,,,,Ligue 2,,20260509_St-Etienne_Amiens,200.52085624655592,2.44,0.06,54.7,45.3
2026-08-08,Boulogne,Nancy,0.0,0.0,1.0,2.0,3.0,10.0,1.0,6.0,1.0,0.0,0.0,0.0,2.4,3.2,2.75,2.18,1.62,0.0,1.8,1.92,,,,,Ligue 2,,20260808_Boulogne_Nancy,26.79231495203885,0.69,0.88,49.6,50.4
2026-08-08,Clermont,Reims,0.0,0.0,0.0,0.0,3.0,9.0,3.0,2.0,1.0,1.0,0.0,0.0,3.6,3.4,1.95,2.04,1.69,0.5,1.8,1.9,,,,,Ligue 2,,20260808_Clermont_Reims,-154.82394716469366,1.55,0.89,46.5,53.5
2026-08-08,Dunkerque,Grenoble,4.0,2.0,6.0,2.0,11.0,7.0,10.0,2.0,2.0,3.0,0.0,0.0,1.9,3.4,3.7,1.92,1.79,-0.5,1.93,1.78,,,,,Ligue 2,,20260808_Dunkerque_Grenoble,-13.784940415484243,1.97,2.0,51.9,48.1
2026-08-08,Metz,Guingamp,2.0,1.0,7.0,7.0,8.0,5.0,5.0,3.0,2.0,1.0,0.0,0.0,2.0,3.4,3.3,1.91,1.8,-0.5,1.93,1.78,,,,,Ligue 2,,20260808_Metz_Guingamp,192.0282740841542,0.84,0.46,57.5,42.5
2026-08-08,Montpellier,Dijon,1.0,1.0,6.0,4.0,21.0,8.0,4.0,0.0,3.0,3.0,0.0,0.0,1.85,3.25,4.0,2.0,1.73,-0.5,1.83,1.87,,,,,Ligue 2,,20260808_Montpellier_Dijon,65.50537220619958,0.5,0.52,50.5,49.5
2026-08-08,Nantes,Red Star,0.0,1.0,2.0,3.0,8.0,10.0,4.0,8.0,2.0,3.0,0.0,0.0,1.85,3.3,4.0,1.94,1.77,-0.75,1.87,1.86,,,,,Ligue 2,,20260808_Nantes_Red-Star,-37.584262037814824,0.05,1.64,45.6,54.4
2026-08-08,Pau FC,Annecy,0.0,1.0,2.0,3.0,15.0,6.0,6.0,4.0,3.0,0.0,0.0,1.0,2.5,3.4,2.5,1.93,1.78,0.0,1.88,1.84,,,,,Ligue 2,,20260808_Pau-FC_Annecy,-73.16384795137742,0.87,0.83,52.6,47.4
2026-08-08,Rodez,Laval,3.0,1.0,9.0,1.0,11.0,5.0,8.0,4.0,1.0,1.0,0.0,1.0,1.95,3.3,3.5,1.89,1.83,-0.25,1.78,1.95,,,,,Ligue 2,,20260808_Rodez_Laval,130.36954209937335,0.3,1.36,60.3,39.7
2026-08-08,Sochaux,St Etienne,0.0,3.0,2.0,7.0,12.0,7.0,6.0,1.0,0.0,1.0,0.0,0.0,3.6,3.4,1.91,1.92,1.8,0.5,1.82,1.89,,,,,Ligue 2,,20260808_Sochaux_St-Etienne,-109.02730848992769,0.96,1.97,49.3,50.7
2026-08-14,Annecy,Rodez,2.0,0.0,6.0,3.0,6.0,8.0,8.0,7.0,2.0,0.0,0.0,0.0,2.15,3.4,3.25,1.84,1.88,0.0,1.78,1.96,,,,,Ligue 2,,20260814_Annecy_Rodez,-50.63915608716093,0.21,0.05,53.1,46.9
2026-08-14,Dijon,Pau FC,0.0,1.0,9.0,3.0,7.0,3.0,6.0,2.0,0.0,2.0,0.0,0.0,2.2,3.1,3.2,2.0,1.73,-0.5,1.95,1.77,,,,,Ligue 2,,20260814_Dijon_Pau-FC,-0.15244336726505026,0.05,1.08,53.8,46.2
2026-08-14,Grenoble,Metz,0.0,0.0,2.0,1.0,7.0,8.0,1.0,5.0,2.0,2.0,0.0,0.0,3.7,3.2,1.95,2.13,1.65,0.25,1.77,1.97,,,,,Ligue 2,,20260814_Grenoble_Metz,-180.35511720093245,0.84,1.58,42.5,57.5
2026-08-14,Guingamp,Boulogne,1.0,0.0,3.0,2.0,11.0,10.0,3.0,4.0,1.0,2.0,0.0,0.0,1.75,3.5,4.75,2.11,1.66,-0.5,1.77,1.95,,,,,Ligue 2,,20260814_Guingamp_Boulogne,1.1136955779381879,1.21,0.85,51.6,48.4
2026-08-14,Laval,Nantes,2.0,1.0,5.0,3.0,4.0,13.0,2.0,7.0,1.0,0.0,0.0,0.0,3.7,3.3,1.9,1.98,1.76,0.5,1.76,1.95,,,,,Ligue 2,,20260814_Laval_Nantes,-25.887764259272444,1.46,1.04,45.9,54.1
2026-08-14,Nancy,Montpellier,0.0,1.0,5.0,4.0,11.0,9.0,6.0,6.0,2.0,5.0,0.0,0.0,2.75,3.25,2.55,2.01,1.73,0.0,1.87,1.85,,,,,Ligue 2,,20260814_Nancy_Montpellier,-96.04636030227584,0.73,0.84,41.9,58.1
2026-08-14,Red Star,Sochaux,0.0,0.0,5.0,2.0,15.0,4.0,12.0,1.0,2.0,0.0,0.0,0.0,1.9,3.4,3.7,1.97,1.75,-0.5,1.88,1.83,,,,,Ligue 2,,20260814_Red-Star_Sochaux,87.41385275344555,0.87,0.92,53.1,46.9
2026-08-14,Reims,Dunkerque,3.0,3.0,4.0,9.0,5.0,6.0,2.0,9.0,2.0,4.0,1.0,0.0,1.8,3.6,4.33,1.79,1.93,-0.75,1.9,1.83,,,,,Ligue 2,,20260814_Reims_Dunkerque,115.8096600679039,1.41,1.9,50.8,49.2
2026-08-14,St Etienne,Clermont,3.0,1.0,4.0,2.0,18.0,4.0,7.0,6.0,1.0,1.0,0.0,0.0,1.45,4.2,7.0,1.7,2.04,-1.25,1.94,1.78,,,,,Ligue 2,,20260814_St-Etienne_Clermont,123.56715720043212,0.87,1.54,53.7,46.3
2026-08-21,Boulogne,Red Star,1.0,1.0,5.0,1.0,11.0,0.0,5.0,2.0,1.0,4.0,0.0,0.0,,,,,,,,,,,,,Ligue 2,,20260821_Boulogne_Red-Star,-101.16901989719327,1.65,1.23,41.9,58.1
2026-08-21,Clermont,Dijon,1.0,1.0,3.0,1.0,7.0,3.0,6.0,3.0,1.0,1.0,0.0,0.0,,,,,,,,,,,,,Ligue 2,,20260821_Clermont_Dijon,0.940788484382665,0.9,0.05,53.0,47.0
2026-08-21,Dunkerque,Montpellier,0.0,1.0,2.0,6.0,6.0,14.0,4.0,4.0,2.0,2.0,0.0,0.0,,,,,,,,,,,,,Ligue 2,,20260821_Dunkerque_Montpellier,-40.11509879144705,0.5,1.47,47.0,53.0
2026-08-21,Pau FC,Nancy,0.0,1.0,0.0,5.0,4.0,10.0,2.0,4.0,0.0,4.0,0.0,0.0,,,,,,,,,,,,,Ligue 2,,20260821_Pau-FC_Nancy,55.924927260592995,0.18,1.72,55.0,45.0
2026-08-21,Sochaux,Guingamp,1.0,0.0,3.0,0.0,8.0,0.0,4.0,4.0,2.0,0.0,0.0,1.0,,,,,,,,,,,,,Ligue 2,,20260821_Sochaux_Guingamp,-5.367528061677376,1.11,0.05,45.6,54.4
