date,home_team,away_team,home_goals,away_goals,home_shots_on,away_shots_on,home_shots_off,away_shots_off,home_corners,away_corners,home_yellow,away_yellow,home_red,away_red,odd_home,odd_draw,odd_away,odd_over25,odd_under25,ah_linea,odd_ah_home,odd_ah_away,odd_home_pin,odd_draw_pin,odd_away_pin,referee,tournament,stadium,MATCH_ID,elo_diff,home_xg,away_xg,home_possession,away_possession
2021-07-31,Dundee,St Mirren,2.0,2.0,4.0,5.0,7.0,9.0,8.0,11.0,2.0,2.0,1.0,0.0,2.55,3.2,2.75,2.25,1.64,0.0,1.85,1.99,2.65,3.26,2.91,C Napier,Scottish Premiership,,20210731_Dundee_St-Mirren,0.0,0.96,0.86,46.8,53.2
2021-07-31,Hearts,Celtic,2.0,1.0,4.0,7.0,7.0,12.0,6.0,5.0,0.0,0.0,0.0,0.0,4.5,4.0,1.7,1.76,2.06,0.5,1.94,1.88,4.13,3.85,1.89,B Madden,Scottish Premiership,,20210731_Hearts_Celtic,0.0,0.99,0.79,51.4,48.6
2021-07-31,Rangers,Livingston,3.0,0.0,8.0,0.0,10.0,2.0,7.0,1.0,0.0,5.0,0.0,0.0,1.18,6.5,17.0,1.66,2.19,-2.0,2.01,1.81,1.16,7.87,21.44,J Beaton,Scottish Premiership,,20210731_Rangers_Livingston,0.0,0.62,0.75,52.4,47.6
2021-07-31,Ross County,St Johnstone,0.0,0.0,0.0,2.0,4.0,8.0,0.0,4.0,4.0,1.0,0.0,0.0,3.8,3.3,2.0,2.51,1.52,0.5,1.81,2.02,4.32,3.19,2.07,C Steven,Scottish Premiership,,20210731_Ross-County_St-Johnstone,0.0,0.77,1.48,51.1,48.9
2021-08-01,Aberdeen,Dundee United,2.0,0.0,3.0,1.0,4.0,4.0,5.0,4.0,1.0,3.0,0.0,0.0,1.7,3.5,5.25,2.34,1.59,-0.75,1.96,1.86,1.76,3.48,5.65,A Muir,Scottish Premiership,,20210801_Aberdeen_Dundee-United,0.0,1.5,0.07,43.6,56.4
2021-08-01,Motherwell,Hibernian,2.0,3.0,5.0,5.0,4.0,9.0,2.0,4.0,5.0,3.0,0.0,0.0,3.3,3.4,2.15,2.16,1.68,0.25,1.92,1.9,3.47,3.34,2.27,D Munro,Scottish Premiership,,20210801_Motherwell_Hibernian,0.0,0.9,1.48,47.7,52.3
2021-08-07,Dundee United,Rangers,1.0,0.0,2.0,2.0,7.0,12.0,5.0,8.0,4.0,1.0,0.0,0.0,12.0,6.5,1.18,1.87,1.93,1.5,1.85,1.98,11.62,5.43,1.31,D Robertson,Scottish Premiership,,20210807_Dundee-United_Rangers,-24.0,0.87,0.47,47.8,52.2
2021-08-07,St Mirren,Hearts,1.0,2.0,3.0,4.0,7.0,7.0,4.0,0.0,1.0,2.0,1.0,0.0,2.9,3.2,2.37,2.13,1.71,0.25,1.77,2.06,3.11,3.3,2.48,G Duncan,Scottish Premiership,,20210807_St-Mirren_Hearts,-12.0,1.24,0.75,48.3,51.7
2021-08-08,Celtic,Dundee,6.0,0.0,15.0,0.0,16.0,3.0,11.0,3.0,0.0,1.0,0.0,1.0,1.18,6.5,11.0,1.44,2.73,-1.75,1.82,2.0,1.22,7.12,13.32,E Anderson,Scottish Premiership,,20210808_Celtic_Dundee,-12.0,2.76,0.54,47.8,52.2
2021-08-08,Hibernian,Ross County,3.0,0.0,6.0,0.0,12.0,8.0,11.0,4.0,0.0,2.0,0.0,0.0,1.5,4.0,5.75,1.98,1.83,-1.0,1.93,1.88,1.56,4.03,7.09,G Irvine,Scottish Premiership,,20210808_Hibernian_Ross-County,12.0,0.48,0.95,54.0,46.0
2021-08-08,Livingston,Aberdeen,1.0,2.0,5.0,3.0,8.0,8.0,6.0,2.0,5.0,0.0,0.0,0.0,2.7,3.0,2.6,2.71,1.45,0.0,1.88,1.94,2.77,2.99,3.01,K Clancy,Scottish Premiership,,20210808_Livingston_Aberdeen,-24.0,1.7,1.43,39.7,60.3
2021-08-08,St Johnstone,Motherwell,1.0,1.0,4.0,5.0,8.0,5.0,8.0,6.0,2.0,2.0,0.0,0.0,1.95,3.1,3.8,2.46,1.54,-0.5,1.89,1.92,1.94,3.35,4.62,N Walsh,Scottish Premiership,,20210808_St-Johnstone_Motherwell,12.0,2.01,0.84,56.6,43.4
2021-08-21,Celtic,St Mirren,6.0,0.0,12.0,1.0,25.0,2.0,15.0,0.0,1.0,2.0,0.0,1.0,1.3,5.75,10.0,1.45,2.71,-2.0,1.96,1.85,1.2,7.15,15.8,W Collum,Scottish Premiership,,20210821_Celtic_St-Mirren,12.0,1.39,0.93,51.3,48.7
2021-08-21,Livingston,Motherwell,1.0,2.0,3.0,6.0,10.0,9.0,4.0,8.0,1.0,1.0,0.0,0.0,2.25,3.3,3.2,2.29,1.62,-0.5,1.97,1.85,2.03,3.43,4.11,C Napier,Scottish Premiership,,20210821_Livingston_Motherwell,-11.586685912933035,1.2,1.55,41.5,58.5
2021-08-22,Dundee,Hibernian,2.0,2.0,8.0,7.0,3.0,8.0,4.0,6.0,5.0,3.0,0.0,0.0,4.2,3.75,1.8,2.02,1.79,0.25,1.89,1.93,3.3,3.37,2.34,A Muir,Scottish Premiership,,20210822_Dundee_Hibernian,-36.0,0.87,0.68,52.1,47.9
2021-08-22,Hearts,Aberdeen,1.0,1.0,2.0,4.0,5.0,2.0,3.0,3.0,3.0,2.0,0.0,0.0,2.05,3.2,3.8,2.15,1.7,-0.5,1.9,1.92,1.93,3.52,4.36,B Madden,Scottish Premiership,,20210822_Hearts_Aberdeen,0.41331408706696493,1.12,1.54,46.9,53.1
2021-08-22,Ross County,Rangers,2.0,4.0,5.0,11.0,4.0,10.0,2.0,11.0,2.0,2.0,0.0,0.0,11.0,6.0,1.25,1.65,2.21,1.75,1.89,1.92,13.34,6.43,1.24,D Munro,Scottish Premiership,,20210822_Ross-County_Rangers,-10.758084740178901,1.18,1.82,56.5,43.5
2021-08-22,St Johnstone,Dundee United,0.0,1.0,2.0,5.0,13.0,4.0,7.0,4.0,1.0,2.0,0.0,1.0,2.3,3.1,3.25,2.46,1.54,-0.5,1.92,1.9,1.94,3.39,4.57,D Robertson,Scottish Premiership,,20210822_St-Johnstone_Dundee-United,-1.2419152598210985,0.87,1.17,49.9,50.1
2021-08-28,Dundee United,Hearts,0.0,2.0,7.0,3.0,1.0,8.0,5.0,4.0,2.0,2.0,0.0,0.0,3.5,3.4,2.05,2.15,1.69,0.25,1.94,1.88,3.46,3.52,2.2,G Aitken,Scottish Premiership,,20210828_Dundee-United_Hearts,-10.786703434851006,1.12,1.75,47.3,52.7
2021-08-28,Hibernian,Livingston,2.0,0.0,3.0,0.0,12.0,7.0,3.0,5.0,0.0,1.0,0.0,0.0,1.72,3.5,5.0,2.01,1.8,-0.75,1.9,1.92,1.71,3.8,5.42,S McLean,Scottish Premiership,,20210828_Hibernian_Livingston,57.119077944148785,0.34,0.11,51.2,48.8
2021-08-28,Motherwell,Dundee,1.0,0.0,3.0,2.0,1.0,13.0,3.0,4.0,2.0,1.0,1.0,0.0,2.37,3.3,3.0,1.95,1.85,-0.25,1.9,1.92,2.24,3.47,3.4,W Collum,Scottish Premiership,,20210828_Motherwell_Dundee,11.189594376724017,2.28,0.05,53.7,46.3
2021-08-29,Aberdeen,Ross County,1.0,1.0,5.0,5.0,18.0,3.0,12.0,7.0,2.0,3.0,0.0,0.0,1.57,3.75,5.5,2.11,1.72,-1.0,2.01,1.81,1.6,4.0,6.43,N Walsh,Scottish Premiership,,20210829_Aberdeen_Ross-County,46.40090771976088,0.72,0.88,47.8,52.2
2021-08-29,Rangers,Celtic,1.0,0.0,4.0,3.0,11.0,7.0,4.0,4.0,0.0,2.0,0.0,0.0,2.6,3.4,2.4,1.77,2.04,-0.25,2.08,1.76,2.5,3.52,2.9,K Clancy,Scottish Premiership,,20210829_Rangers_Celtic,-1.1990670499619682,0.6,0.56,47.1,52.9
2021-08-29,St Mirren,St Johnstone,0.0,0.0,3.0,6.0,7.0,9.0,2.0,4.0,1.0,3.0,1.0,0.0,2.8,3.2,2.5,2.72,1.45,0.0,1.91,1.92,2.86,3.03,2.88,D Dickinson,Scottish Premiership,,20210829_St-Mirren_St-Johnstone,-10.79999229164082,0.91,0.73,48.6,51.4
2021-09-11,Celtic,Ross County,3.0,0.0,8.0,2.0,13.0,3.0,7.0,0.0,0.0,1.0,0.0,0.0,1.12,7.5,15.0,1.3,3.44,-2.5,1.81,2.01,1.09,11.57,28.38,D Robertson,Scottish Premiership,,20210911_Celtic_Ross-County,21.579663148066857,0.66,1.15,50.9,49.1
2021-09-11,Dundee,Livingston,0.0,0.0,8.0,4.0,13.0,8.0,9.0,8.0,1.0,4.0,0.0,0.0,2.2,3.2,3.3,2.27,1.63,0.0,1.77,2.09,2.61,3.18,3.04,A Muir,Scottish Premiership,,20210911_Dundee_Livingston,22.028110223361182,0.28,0.54,53.0,47.0
2021-09-11,Motherwell,Aberdeen,2.0,0.0,2.0,7.0,4.0,13.0,1.0,6.0,5.0,4.0,0.0,0.0,2.9,3.2,2.4,2.38,1.57,0.25,1.87,1.95,3.52,3.27,2.29,J Beaton,Scottish Premiership,,20210911_Motherwell_Aberdeen,-9.965573342984044,1.07,1.26,51.1,48.9
2021-09-11,St Johnstone,Rangers,1.0,2.0,1.0,4.0,4.0,6.0,6.0,7.0,3.0,3.0,0.0,0.0,7.5,4.6,1.4,2.02,1.79,1.25,1.85,1.97,8.87,4.61,1.42,W Collum,Scottish Premiership,,20210911_St-Johnstone_Rangers,-35.586652049707936,0.66,1.28,47.3,52.7
2021-09-11,St Mirren,Dundee United,0.0,0.0,1.0,3.0,14.0,6.0,6.0,3.0,2.0,1.0,0.0,0.0,2.25,3.2,3.2,2.34,1.59,-0.25,1.85,1.97,2.18,3.34,3.7,C Steven,Scottish Premiership,,20210911_St-Mirren_Dundee-United,-23.955660911733503,0.84,1.16,48.6,51.4
2021-09-12,Hearts,Hibernian,0.0,0.0,4.0,6.0,12.0,8.0,11.0,4.0,1.0,1.0,0.0,0.0,2.45,3.2,2.9,2.13,1.7,-0.25,1.84,1.98,2.17,3.44,3.61,N Walsh,Scottish Premiership,,20210912_Hearts_Hibernian,2.8074892203728723,1.12,0.39,51.1,48.9
2021-09-18,Aberdeen,St Johnstone,0.0,1.0,3.0,1.0,7.0,8.0,6.0,3.0,1.0,3.0,0.0,0.0,2.05,3.2,3.8,2.65,1.47,-0.25,1.82,2.01,2.21,3.07,4.0,B Madden,Scottish Premiership,,20210918_Aberdeen_St-Johnstone,32.76885248496569,1.87,1.16,51.9,48.1
2021-09-18,Hibernian,St Mirren,2.0,2.0,2.0,4.0,14.0,8.0,8.0,6.0,1.0,1.0,0.0,0.0,1.57,4.0,6.0,2.0,1.81,-0.75,1.9,1.93,1.72,3.77,5.43,K Clancy,Scottish Premiership,,20210918_Hibernian_St-Mirren,54.46086996850613,1.43,1.7,47.2,52.8
2021-09-18,Ross County,Hearts,2.0,2.0,4.0,5.0,4.0,12.0,3.0,9.0,2.0,1.0,0.0,0.0,4.5,4.0,1.7,1.88,1.93,0.75,2.01,1.82,5.18,4.11,1.68,D Dickinson,Scottish Premiership,,20210918_Ross-County_Hearts,-67.97871815308054,1.12,0.46,41.1,58.9
2021-09-19,Dundee United,Dundee,1.0,0.0,6.0,3.0,10.0,7.0,4.0,3.0,4.0,2.0,0.0,0.0,2.37,3.2,3.0,2.32,1.61,0.0,1.78,2.07,2.63,3.17,3.02,J Beaton,Scottish Premiership,,20210919_Dundee-United_Dundee,23.879870250985277,1.21,1.39,57.7,42.3
2021-09-19,Livingston,Celtic,1.0,0.0,4.0,5.0,3.0,11.0,3.0,10.0,3.0,2.0,0.0,0.0,7.0,4.33,1.45,1.81,2.0,1.25,1.94,1.9,8.36,4.8,1.42,E Anderson,Scottish Premiership,,20210919_Livingston_Celtic,-55.271505862642016,1.35,0.74,54.9,45.1
2021-09-19,Rangers,Motherwell,1.0,1.0,7.0,1.0,17.0,4.0,13.0,3.0,1.0,3.0,0.0,0.0,1.28,5.25,10.0,1.61,2.31,-2.0,2.03,1.81,1.19,7.29,16.98,S McLean,Scottish Premiership,,20210919_Rangers_Motherwell,9.645486091082375,1.76,0.83,55.7,44.3
2021-09-25,Dundee,Rangers,0.0,1.0,6.0,3.0,8.0,16.0,5.0,9.0,1.0,3.0,0.0,0.0,12.0,5.75,1.25,1.69,2.15,1.5,1.93,1.91,11.92,5.82,1.29,B Madden,Scottish Premiership,,20210925_Dundee_Rangers,-68.00976540309193,0.39,1.16,43.7,56.3
2021-09-25,Hearts,Livingston,3.0,0.0,6.0,1.0,8.0,2.0,4.0,1.0,0.0,3.0,0.0,0.0,1.57,3.6,7.5,2.17,1.68,-1.0,2.06,1.79,1.57,3.87,7.28,G Duncan,Scottish Premiership,,20210925_Hearts_Livingston,62.94785739268809,1.86,1.22,51.7,48.3
2021-09-25,Motherwell,Ross County,2.0,1.0,5.0,6.0,7.0,12.0,0.0,3.0,3.0,4.0,0.0,0.0,1.72,3.75,4.75,1.96,1.84,-0.75,2.01,1.82,1.83,3.74,4.67,C Napier,Scottish Premiership,,20210925_Motherwell_Ross-County,54.86338622167136,0.48,0.79,59.5,40.5
2021-09-26,Celtic,Dundee United,1.0,1.0,7.0,4.0,15.0,8.0,9.0,2.0,0.0,2.0,0.0,0.0,1.16,7.5,15.0,1.49,2.58,-2.0,1.79,2.05,1.15,8.45,22.0,K Clancy,Scottish Premiership,,20210926_Celtic_Dundee-United,-14.186444415450524,0.06,0.78,43.8,56.2
2021-09-26,Hibernian,St Johnstone,1.0,0.0,7.0,3.0,9.0,3.0,9.0,5.0,4.0,2.0,0.0,1.0,1.83,3.6,4.33,2.39,1.57,-0.5,2.02,1.82,2.06,3.3,4.17,J Beaton,Scottish Premiership,,20210926_Hibernian_St-Johnstone,41.01371830280959,0.43,1.32,43.5,56.5
2021-09-26,St Mirren,Aberdeen,3.0,2.0,4.0,3.0,9.0,10.0,8.0,3.0,1.0,4.0,0.0,1.0,2.9,3.1,2.55,2.46,1.54,0.0,2.0,1.85,2.98,3.05,2.74,W Collum,Scottish Premiership,,20210926_St-Mirren_Aberdeen,-16.227588794194162,1.49,1.58,41.5,58.5
2021-10-02,Dundee United,Ross County,1.0,0.0,4.0,5.0,9.0,8.0,8.0,5.0,2.0,1.0,0.0,0.0,2.1,3.2,3.75,2.27,1.63,-0.5,2.05,1.79,2.09,3.36,3.98,D Robertson,Scottish Premiership,,20211002_Dundee-United_Ross-County,51.69686145312335,0.83,1.53,57.9,42.1
2021-10-02,Hearts,Motherwell,2.0,0.0,5.0,7.0,5.0,13.0,7.0,8.0,3.0,3.0,0.0,0.0,1.57,3.8,6.0,1.92,1.89,-1.0,1.92,1.91,1.54,4.25,6.76,D Munro,Scottish Premiership,,20211002_Hearts_Motherwell,8.20720538923888,0.45,0.05,51.5,48.5
2021-10-02,Livingston,St Mirren,0.0,1.0,6.0,4.0,7.0,3.0,8.0,1.0,2.0,0.0,0.0,0.0,2.45,3.0,3.2,2.51,1.52,0.0,2.02,1.83,2.93,3.21,2.67,G Irvine,Scottish Premiership,,20211002_Livingston_St-Mirren,-32.46698954657404,0.52,0.44,55.0,45.0
2021-10-02,St Johnstone,Dundee,3.0,1.0,5.0,3.0,6.0,5.0,3.0,4.0,3.0,1.0,0.0,0.0,2.0,3.1,4.33,2.54,1.51,-0.5,2.01,1.82,2.04,3.31,4.25,G Aitken,Scottish Premiership,,20211002_St-Johnstone_Dundee,23.424896471719194,1.79,0.66,55.6,44.4
2021-10-03,Aberdeen,Celtic,1.0,2.0,5.0,2.0,6.0,5.0,6.0,8.0,0.0,3.0,0.0,0.0,6.5,4.0,1.55,1.89,1.92,0.75,1.99,1.84,5.5,3.98,1.68,B Madden,Scottish Premiership,,20211003_Aberdeen_Celtic,-14.249989926511944,1.45,0.47,49.8,50.2
2021-10-03,Rangers,Hibernian,2.0,1.0,3.0,1.0,17.0,3.0,12.0,1.0,3.0,3.0,0.0,1.0,1.36,5.0,7.5,1.82,1.98,-1.25,1.95,1.88,1.43,4.68,8.52,N Walsh,Scottish Premiership,,20211003_Rangers_Hibernian,1.7523412128082327,2.04,1.38,45.9,54.1
2021-10-16,Dundee,Aberdeen,2.0,1.0,3.0,7.0,6.0,10.0,3.0,8.0,4.0,3.0,0.0,0.0,2.9,3.3,2.45,2.28,1.63,0.0,2.11,1.76,3.06,3.29,2.52,C Steven,Scottish Premiership,,20211016_Dundee_Aberdeen,-27.650808893221438,1.44,1.82,52.6,47.4
2021-10-16,Hibernian,Dundee United,0.0,3.0,3.0,6.0,5.0,3.0,6.0,8.0,1.0,2.0,0.0,0.0,1.66,3.8,5.0,2.02,1.79,-0.75,1.81,2.03,1.65,4.01,5.77,A Muir,Scottish Premiership,,20211016_Hibernian_Dundee-United,8.027817565244504,1.28,1.82,52.8,47.2
2021-10-16,Motherwell,Celtic,0.0,2.0,0.0,7.0,5.0,11.0,4.0,8.0,1.0,1.0,0.0,0.0,6.5,4.33,1.5,1.64,2.25,1.5,1.81,2.01,9.46,4.94,1.38,W Collum,Scottish Premiership,,20211016_Motherwell_Celtic,13.390224916439593,0.28,0.91,52.2,47.8
2021-10-16,Rangers,Hearts,1.0,1.0,10.0,4.0,17.0,1.0,6.0,4.0,4.0,4.0,0.0,0.0,1.55,4.1,6.0,1.82,1.99,-1.25,2.01,1.83,1.45,4.69,7.73,D Robertson,Scottish Premiership,,20211016_Rangers_Hearts,0.5549509089441926,0.88,0.86,45.7,54.3
2021-10-16,Ross County,St Mirren,2.0,3.0,5.0,4.0,15.0,10.0,5.0,3.0,1.0,1.0,0.0,0.0,3.3,3.3,2.25,2.1,1.73,0.0,2.09,1.78,2.96,3.32,2.58,D Munro,Scottish Premiership,,20211016_Ross-County_St-Mirren,-54.241804668522036,1.86,1.54,47.8,52.2
2021-10-16,St Johnstone,Livingston,0.0,3.0,2.0,4.0,14.0,7.0,12.0,2.0,2.0,3.0,0.0,0.0,1.85,3.3,4.75,2.74,1.44,-0.5,1.83,2.0,1.85,3.36,5.21,G Irvine,Scottish Premiership,,20211016_St-Johnstone_Livingston,41.10661519726909,0.92,0.29,48.8,51.2
2021-10-23,Aberdeen,Hibernian,1.0,0.0,2.0,0.0,4.0,5.0,0.0,4.0,4.0,2.0,0.0,1.0,2.55,3.2,2.87,2.21,1.65,-0.25,1.81,2.04,2.14,3.33,3.85,G Aitken,Scottish Premiership,,20211023_Aberdeen_Hibernian,-57.89623748308554,1.27,1.24,49.7,50.3
2021-10-23,Celtic,St Johnstone,2.0,0.0,5.0,0.0,15.0,4.0,7.0,3.0,1.0,5.0,0.0,0.0,1.25,6.0,13.0,1.66,2.18,-1.75,2.0,1.83,1.24,6.41,13.17,N Walsh,Scottish Premiership,,20211023_Celtic_St-Johnstone,44.98322401946257,0.45,1.47,58.8,41.2
2021-10-23,Dundee United,Motherwell,2.0,1.0,4.0,5.0,6.0,6.0,4.0,11.0,2.0,4.0,0.0,0.0,2.3,3.2,3.3,2.38,1.57,-0.25,1.96,1.88,2.35,3.18,3.48,K Clancy,Scottish Premiership,,20211023_Dundee-United_Motherwell,23.275690502319776,0.92,1.25,55.7,44.3
2021-10-23,Hearts,Dundee,1.0,1.0,4.0,3.0,17.0,3.0,5.0,3.0,2.0,5.0,0.0,0.0,1.5,4.0,7.0,1.84,1.96,-1.0,1.93,1.91,1.55,4.27,6.61,G Duncan,Scottish Premiership,,20211023_Hearts_Dundee,97.01375148493071,1.95,1.17,53.7,46.3
2021-10-23,Ross County,Livingston,2.0,3.0,5.0,3.0,7.0,3.0,7.0,0.0,1.0,3.0,0.0,0.0,2.75,3.2,2.6,2.27,1.62,-0.25,2.03,1.82,2.38,3.29,3.3,E Anderson,Scottish Premiership,,20211023_Ross-County_Livingston,-23.56586247954897,2.03,0.54,48.1,51.9
2021-10-24,St Mirren,Rangers,1.0,2.0,2.0,7.0,2.0,12.0,4.0,7.0,1.0,2.0,0.0,0.0,9.0,4.33,1.4,1.83,1.96,1.25,1.95,1.89,8.89,4.94,1.4,S McLean,Scottish Premiership,,20211024_St-Mirren_Rangers,-41.40840426661339,0.8,1.79,55.9,44.1
2021-10-27,Dundee,Ross County,0.0,5.0,3.0,7.0,4.0,7.0,6.0,6.0,2.0,2.0,0.0,0.0,2.1,3.25,3.75,2.01,1.79,-0.25,1.84,2.0,2.1,3.65,3.6,D Dickinson,Scottish Premiership,,20211027_Dundee_Ross-County,32.85669311319998,0.73,1.41,53.9,46.1
2021-10-27,Hibernian,Celtic,1.0,3.0,4.0,8.0,5.0,11.0,4.0,8.0,2.0,1.0,0.0,0.0,5.5,4.0,1.61,1.67,2.18,1.0,1.84,2.0,5.58,4.42,1.6,D Robertson,Scottish Premiership,,20211027_Hibernian_Celtic,-29.221533950679714,0.05,1.59,52.9,47.1
2021-10-27,Livingston,Dundee United,1.0,1.0,1.0,3.0,8.0,12.0,4.0,4.0,1.0,4.0,1.0,0.0,2.6,3.1,2.9,2.48,1.53,-0.25,2.09,1.77,2.46,3.19,3.25,C Steven,Scottish Premiership,,20211027_Livingston_Dundee-United,-71.01485657014587,0.86,1.22,48.3,51.7
2021-10-27,Motherwell,St Mirren,2.0,2.0,4.0,10.0,4.0,13.0,4.0,8.0,1.0,2.0,0.0,0.0,2.5,3.25,2.9,2.27,1.62,-0.25,2.0,1.84,2.36,3.34,3.29,B Madden,Scottish Premiership,,20211027_Motherwell_St-Mirren,-3.8507583621819776,2.1,0.84,55.0,45.0
2021-10-27,Rangers,Aberdeen,2.0,2.0,4.0,3.0,15.0,3.0,14.0,2.0,1.0,4.0,0.0,0.0,1.28,5.5,11.0,1.74,2.08,-1.5,1.86,1.98,1.26,6.18,12.82,J Beaton,Scottish Premiership,,20211027_Rangers_Aberdeen,92.38076525291808,1.55,0.32,52.2,47.8
2021-10-27,St Johnstone,Hearts,1.0,1.0,4.0,4.0,5.0,14.0,6.0,6.0,4.0,2.0,0.0,0.0,3.25,3.25,2.3,2.5,1.52,0.25,1.88,1.95,3.49,3.21,2.33,S McLean,Scottish Premiership,,20211027_St-Johnstone_Hearts,-84.75941293922301,0.05,1.19,52.4,47.6
2021-10-30,Aberdeen,Hearts,2.0,1.0,5.0,1.0,12.0,4.0,5.0,5.0,2.0,2.0,0.0,1.0,2.7,3.3,2.62,2.21,1.65,0.0,1.92,1.93,2.83,3.2,2.77,K Clancy,Scottish Premiership,,20211030_Aberdeen_Hearts,-72.03297365143226,1.11,0.58,46.2,53.8
2021-10-30,Celtic,Livingston,0.0,0.0,2.0,0.0,14.0,2.0,6.0,3.0,0.0,0.0,0.0,1.0,1.2,7.0,13.0,1.47,2.61,-2.25,2.02,1.82,1.15,8.61,20.93,B Madden,Scottish Premiership,,20211030_Celtic_Livingston,67.10504574546007,0.05,1.75,56.3,43.7
2021-10-30,Dundee United,St Johnstone,0.0,1.0,7.0,2.0,12.0,4.0,8.0,3.0,1.0,1.0,0.0,0.0,2.7,3.2,2.7,2.82,1.42,0.0,1.85,2.0,2.85,2.9,3.02,G Irvine,Scottish Premiership,,20211030_Dundee-United_St-Johnstone,73.08694777099163,0.34,0.93,53.8,46.2
2021-10-30,St Mirren,Dundee,0.0,1.0,7.0,5.0,9.0,3.0,8.0,4.0,1.0,2.0,0.0,0.0,2.05,3.5,3.5,2.06,1.75,-0.5,1.95,1.89,1.98,3.72,3.91,J Beaton,Scottish Premiership,,20211030_St-Mirren_Dundee,55.27760418412208,0.05,0.67,49.7,50.3
2021-10-31,Motherwell,Rangers,1.0,6.0,2.0,12.0,1.0,18.0,2.0,12.0,1.0,0.0,1.0,0.0,9.0,4.75,1.36,1.71,2.11,1.5,1.92,1.92,12.4,5.6,1.29,N Walsh,Scottish Premiership,,20211031_Motherwell_Rangers,-63.161651260643566,0.57,2.5,44.7,55.3
2021-11-06,Aberdeen,Motherwell,0.0,2.0,8.0,2.0,10.0,0.0,13.0,2.0,3.0,5.0,0.0,0.0,1.75,3.5,5.25,2.09,1.73,-1.0,2.0,1.84,1.55,4.18,6.74,D Robertson,Scottish Premiership,,20211106_Aberdeen_Motherwell,1.3111485956717388,1.75,1.08,48.5,51.5
2021-11-06,Hearts,Dundee United,5.0,2.0,12.0,6.0,10.0,6.0,8.0,6.0,0.0,3.0,0.0,0.0,1.72,3.5,5.5,2.25,1.63,-0.75,1.93,1.9,1.72,3.64,5.69,J Beaton,Scottish Premiership,,20211106_Hearts_Dundee-United,5.965805624619861,1.85,1.99,45.9,54.1
2021-11-06,St Johnstone,St Mirren,0.0,0.0,2.0,3.0,4.0,11.0,1.0,4.0,3.0,3.0,1.0,0.0,2.3,3.2,3.3,2.65,1.47,-0.25,2.09,1.76,2.57,3.02,3.26,G Aitken,Scottish Premiership,,20211106_St-Johnstone_St-Mirren,-5.1725990235891,1.1,0.05,58.1,41.9
2021-11-07,Dundee,Celtic,2.0,4.0,4.0,7.0,1.0,17.0,2.0,13.0,5.0,2.0,0.0,0.0,11.0,5.5,1.28,1.58,2.36,1.5,2.0,1.85,11.94,5.9,1.28,A Muir,Scottish Premiership,,20211107_Dundee_Celtic,-79.5568620692352,1.48,0.69,49.2,50.8
2021-11-07,Rangers,Ross County,4.0,2.0,9.0,2.0,10.0,3.0,9.0,1.0,1.0,2.0,0.0,0.0,1.11,9.0,26.0,1.54,2.41,-2.0,2.0,1.83,1.18,7.79,17.69,D Munro,Scottish Premiership,,20211107_Rangers_Ross-County,131.2904550677531,2.42,0.6,58.3,41.7
2021-11-20,Dundee United,Aberdeen,1.0,0.0,2.0,4.0,6.0,8.0,4.0,3.0,1.0,1.0,1.0,1.0,3.2,3.1,2.3,2.51,1.51,0.25,1.72,2.15,3.02,3.15,2.64,B Madden,Scottish Premiership,,20211120_Dundee-United_Aberdeen,37.412713573224664,0.65,1.04,44.0,56.0
2021-11-20,Motherwell,Hearts,2.0,0.0,7.0,4.0,13.0,2.0,9.0,4.0,1.0,0.0,0.0,1.0,3.75,3.5,2.0,1.94,1.86,0.75,1.83,2.0,4.69,3.93,1.78,W Collum,Scottish Premiership,,20211120_Motherwell_Hearts,-44.187034531197014,0.86,0.61,50.4,49.6
2021-11-20,St Mirren,Livingston,1.0,1.0,4.0,5.0,7.0,4.0,7.0,3.0,1.0,0.0,0.0,0.0,1.83,3.4,4.75,2.55,1.5,-0.5,2.0,1.84,2.01,3.2,4.6,S McLean,Scottish Premiership,,20211120_St-Mirren_Livingston,10.281941964101179,1.37,0.95,56.2,43.8
2021-11-24,Ross County,Hibernian,1.0,0.0,5.0,4.0,5.0,2.0,6.0,3.0,2.0,1.0,0.0,2.0,3.2,3.5,2.2,1.94,1.86,0.25,1.88,1.96,3.23,3.45,2.33,G Duncan,Scottish Premiership,,20211124_Ross-County_Hibernian,-58.795086626266766,1.02,1.04,46.5,53.5
2021-11-27,Dundee,Motherwell,3.0,0.0,6.0,3.0,6.0,7.0,5.0,4.0,3.0,3.0,0.0,0.0,2.5,3.3,2.8,2.18,1.67,-0.25,2.03,1.83,2.4,3.38,3.16,C Napier,Scottish Premiership,,20211127_Dundee_Motherwell,-62.81988849518916,1.51,0.44,49.4,50.6
2021-11-27,Hearts,St Mirren,2.0,0.0,7.0,7.0,9.0,12.0,5.0,7.0,2.0,2.0,0.0,1.0,1.72,3.75,5.0,1.98,1.81,-0.75,1.95,1.89,1.74,3.91,5.03,A Muir,Scottish Premiership,,20211127_Hearts_St-Mirren,43.71430502397993,0.85,0.88,50.7,49.3
2021-11-27,Ross County,Dundee United,1.0,1.0,5.0,4.0,4.0,4.0,5.0,2.0,1.0,2.0,1.0,0.0,2.75,3.3,2.6,2.15,1.68,-0.25,1.89,1.94,2.22,3.37,3.56,G Aitken,Scottish Premiership,,20211127_Ross-County_Dundee-United,-79.49380782171511,1.16,0.65,43.7,56.3
2021-11-27,St Johnstone,Hibernian,1.0,2.0,0.0,4.0,2.0,16.0,1.0,11.0,2.0,1.0,1.0,0.0,2.7,3.1,2.7,2.97,1.39,0.25,1.75,2.11,3.29,2.95,2.6,E Anderson,Scottish Premiership,,20211127_St-Johnstone_Hibernian,5.870183771409302,0.05,1.15,56.8,43.2
2021-11-28,Celtic,Aberdeen,2.0,1.0,5.0,2.0,15.0,2.0,14.0,3.0,2.0,1.0,0.0,0.0,1.28,5.75,10.0,1.76,2.04,-1.25,1.89,1.95,1.4,5.01,8.28,K Clancy,Scottish Premiership,,20211128_Celtic_Aberdeen,82.34565270352664,0.89,1.07,49.3,50.7
2021-11-28,Livingston,Rangers,1.0,3.0,4.0,8.0,3.0,12.0,3.0,7.0,3.0,1.0,0.0,0.0,9.0,5.25,1.33,1.83,1.96,1.5,1.85,1.98,11.73,5.33,1.32,D Munro,Scottish Premiership,,20211128_Livingston_Rangers,-101.08748597083377,0.81,1.57,49.1,50.9
2021-11-30,Motherwell,Dundee United,1.0,0.0,2.0,2.0,18.0,5.0,3.0,5.0,2.0,2.0,1.0,0.0,2.5,3.1,3.0,2.23,1.64,-0.25,1.93,1.9,2.24,3.33,3.55,S McLean,Scottish Premiership,,20211130_Motherwell_Dundee-United,-23.27577602908991,1.4,0.32,42.4,57.6
2021-12-01,Aberdeen,Livingston,2.0,0.0,6.0,0.0,12.0,3.0,4.0,1.0,0.0,0.0,0.0,1.0,1.75,3.5,5.0,2.65,1.47,-0.75,2.0,1.83,1.74,3.47,5.97,C Napier,Scottish Premiership,,20211201_Aberdeen_Livingston,-11.47915449214247,1.93,1.32,58.6,41.4
2021-12-01,Dundee,St Johnstone,1.0,0.0,4.0,2.0,16.0,8.0,6.0,5.0,0.0,1.0,0.0,0.0,2.62,3.25,2.7,2.71,1.45,0.0,1.89,1.94,2.79,3.0,2.98,A Dallas,Scottish Premiership,,20211201_Dundee_St-Johnstone,-5.447231666719063,0.23,1.31,48.5,51.5
2021-12-01,Hibernian,Rangers,0.0,1.0,1.0,4.0,3.0,10.0,6.0,6.0,2.0,1.0,0.0,0.0,6.5,4.5,1.45,1.87,1.92,1.0,1.83,2.01,6.15,4.06,1.61,J Beaton,Scottish Premiership,,20211201_Hibernian_Rangers,-98.24719257943343,1.41,0.39,50.6,49.4
2021-12-01,St Mirren,Ross County,0.0,0.0,11.0,7.0,16.0,5.0,13.0,3.0,5.0,4.0,0.0,0.0,2.05,3.3,3.8,2.18,1.66,-0.25,1.9,1.93,2.25,3.31,3.55,D Dickinson,Scottish Premiership,,20211201_St-Mirren_Ross-County,27.905704454762372,0.05,0.05,49.7,50.3
2021-12-02,Celtic,Hearts,1.0,0.0,5.0,2.0,20.0,7.0,13.0,6.0,1.0,0.0,0.0,0.0,1.36,4.75,9.0,1.45,2.7,-1.75,1.95,1.88,1.29,6.1,10.31,B Madden,Scottish Premiership,,20211202_Celtic_Hearts,16.894292864770932,0.35,0.08,43.9,56.1
2021-12-04,Aberdeen,St Mirren,4.0,1.0,11.0,6.0,13.0,5.0,6.0,9.0,0.0,1.0,0.0,0.0,1.95,3.3,4.33,2.25,1.64,-0.5,1.92,1.91,1.94,3.46,4.42,W Collum,Scottish Premiership,,20211204_Aberdeen_St-Mirren,-5.798737950867235,2.11,0.83,50.4,49.6
2021-12-04,Hibernian,Motherwell,1.0,1.0,4.0,5.0,13.0,7.0,8.0,0.0,2.0,3.0,0.0,0.0,1.75,3.8,4.33,1.92,1.87,-0.75,1.83,2.0,1.63,4.09,5.72,C Steven,Scottish Premiership,,20211204_Hibernian_Motherwell,-32.04163948071891,0.79,0.81,48.3,51.7
2021-12-04,Rangers,Dundee,3.0,0.0,14.0,2.0,12.0,3.0,11.0,4.0,1.0,3.0,0.0,0.0,1.16,7.0,19.0,1.43,2.76,-2.25,2.01,1.83,1.15,8.47,21.6,A Muir,Scottish Premiership,,20211204_Rangers_Dundee,118.73588209968761,0.98,1.53,54.7,45.3
2021-12-05,Dundee United,Celtic,0.0,3.0,2.0,10.0,4.0,14.0,1.0,12.0,1.0,1.0,0.0,0.0,9.5,5.0,1.33,1.6,2.31,1.5,1.89,1.94,9.9,5.49,1.34,D Robertson,Scottish Premiership,,20211205_Dundee-United_Celtic,-59.63369929344799,0.56,1.94,44.1,55.9
2021-12-05,Livingston,Hearts,0.0,1.0,6.0,4.0,8.0,7.0,2.0,3.0,3.0,4.0,0.0,0.0,3.6,3.6,2.0,2.24,1.64,0.5,1.81,2.03,3.94,3.35,2.1,K Clancy,Scottish Premiership,,20211205_Livingston_Hearts,-73.36751934360359,0.69,0.79,49.7,50.3
2021-12-08,Livingston,Hibernian,1.0,0.0,4.0,3.0,6.0,12.0,4.0,5.0,3.0,1.0,0.0,2.0,3.3,3.25,2.25,2.51,1.52,0.25,2.06,1.78,3.85,3.29,2.15,D Robertson,Scottish Premiership,,20211208_Livingston_Hibernian,-34.35656633716121,1.3,1.04,50.6,49.4
2021-12-11,Dundee United,Livingston,0.0,1.0,3.0,2.0,13.0,7.0,3.0,1.0,3.0,3.0,0.0,0.0,2.3,3.2,3.3,2.71,1.45,-0.25,2.1,1.75,2.61,3.06,3.16,G Duncan,Scottish Premiership,,20211211_Dundee-United_Livingston,39.821900493137264,1.8,1.34,55.9,44.1
2021-12-11,Ross County,Dundee,3.0,2.0,5.0,5.0,2.0,9.0,4.0,6.0,1.0,3.0,0.0,0.0,2.2,3.3,3.4,1.96,1.83,-0.25,1.89,1.94,2.23,3.51,3.39,B Madden,Scottish Premiership,,20211211_Ross-County_Dundee,-19.468351270415496,0.48,0.92,53.8,46.2
2021-12-11,St Johnstone,Aberdeen,0.0,1.0,3.0,5.0,5.0,9.0,4.0,4.0,3.0,3.0,0.0,0.0,3.25,3.0,2.45,2.81,1.42,0.25,1.93,1.9,3.92,3.02,2.26,G Aitken,Scottish Premiership,,20211211_St-Johnstone_Aberdeen,-23.792832503655973,0.72,0.7,47.4,52.6
2021-12-11,St Mirren,Hibernian,1.0,1.0,3.0,5.0,4.0,5.0,4.0,5.0,4.0,4.0,0.0,0.0,2.87,3.2,2.6,2.05,1.76,0.0,2.0,1.84,2.87,3.31,2.65,K Clancy,Scottish Premiership,,20211211_St-Mirren_Hibernian,-4.758819449385328,2.12,1.63,41.7,58.3
2021-12-12,Celtic,Motherwell,1.0,0.0,7.0,1.0,19.0,8.0,10.0,2.0,0.0,2.0,0.0,0.0,1.16,7.0,19.0,1.45,2.69,-2.0,1.85,1.99,1.17,7.73,19.8,E Anderson,Scottish Premiership,,20211212_Celtic_Motherwell,68.36791046516873,0.41,0.92,45.4,54.6
2021-12-12,Hearts,Rangers,0.0,2.0,8.0,6.0,8.0,6.0,10.0,5.0,4.0,5.0,1.0,0.0,5.5,4.33,1.57,1.66,2.2,1.0,1.89,1.94,5.95,4.39,1.57,N Walsh,Scottish Premiership,,20211212_Hearts_Rangers,-64.5668804150398,0.76,1.77,48.0,52.0
2021-12-14,Hibernian,Dundee,1.0,0.0,3.0,1.0,8.0,3.0,5.0,2.0,0.0,1.0,0.0,1.0,1.7,3.8,4.75,1.93,1.86,-0.75,1.86,1.97,1.69,3.91,5.45,G Duncan,Scottish Premiership,,20211214_Hibernian_Dundee,11.579743310139975,0.88,0.82,48.5,51.5
2021-12-15,Rangers,St Johnstone,2.0,0.0,8.0,1.0,19.0,4.0,7.0,3.0,1.0,3.0,0.0,0.0,1.16,8.0,15.0,1.64,2.22,-2.0,2.05,1.79,1.18,7.75,18.52,E Anderson,Scottish Premiership,,20211215_Rangers_St-Johnstone,166.69121068192703,1.63,0.89,55.0,45.0
2021-12-15,Ross County,Celtic,1.0,2.0,2.0,8.0,5.0,17.0,4.0,7.0,3.0,1.0,0.0,1.0,9.0,5.25,1.33,1.61,2.25,1.5,1.93,1.89,10.29,5.65,1.32,A Muir,Scottish Premiership,,20211215_Ross-County_Celtic,-126.9229241677458,0.57,1.12,44.1,55.9
2021-12-18,Dundee,Hearts,0.0,1.0,1.0,1.0,3.0,12.0,3.0,9.0,4.0,2.0,0.0,0.0,4.33,3.5,1.85,1.89,1.9,0.5,2.0,1.82,4.57,3.81,1.83,W Collum,Scottish Premiership,,20211218_Dundee_Hearts,-84.74873040380066,0.65,0.52,45.1,54.9
2021-12-18,Livingston,Ross County,1.0,1.0,2.0,4.0,12.0,9.0,7.0,4.0,2.0,4.0,0.0,0.0,2.3,3.5,3.0,2.19,1.66,-0.25,1.94,1.89,2.34,3.3,3.37,G Irvine,Scottish Premiership,,20211218_Livingston_Ross-County,19.048803017307364,1.09,1.45,50.8,49.2
2021-12-18,Motherwell,St Johnstone,2.0,0.0,2.0,1.0,5.0,8.0,7.0,4.0,1.0,0.0,0.0,0.0,2.25,3.2,3.4,2.68,1.46,-0.25,2.0,1.82,2.44,3.0,3.51,N Walsh,Scottish Premiership,,20211218_Motherwell_St-Johnstone,61.125248593240485,1.49,1.02,52.4,47.6
2021-12-18,Rangers,Dundee United,1.0,0.0,5.0,1.0,11.0,4.0,6.0,2.0,1.0,3.0,0.0,0.0,1.11,9.0,23.0,1.33,3.24,-3.0,1.98,1.83,1.06,14.87,49.66,A Muir,Scottish Premiership,,20211218_Rangers_Dundee-United,133.7475823385539,1.24,0.16,61.0,39.0
2021-12-22,Hibernian,Aberdeen,1.0,0.0,3.0,2.0,3.0,8.0,4.0,5.0,2.0,2.0,0.0,0.0,2.62,3.3,2.7,2.28,1.62,-0.25,1.9,1.92,2.26,3.34,3.49,A Muir,Scottish Premiership,,20211222_Hibernian_Aberdeen,-13.586630593843438,1.86,1.08,47.2,52.8
2021-12-22,St Johnstone,Ross County,1.0,2.0,3.0,4.0,6.0,16.0,4.0,6.0,3.0,2.0,0.0,0.0,2.45,3.2,3.0,2.63,1.47,-0.25,2.11,1.75,2.56,3.02,3.28,W Collum,Scottish Premiership,,20211222_St-Johnstone_Ross-County,-24.67379155361118,1.8,1.26,42.9,57.1
2021-12-22,St Mirren,Celtic,0.0,0.0,1.0,8.0,3.0,23.0,3.0,16.0,2.0,2.0,0.0,0.0,17.0,6.5,1.2,1.46,2.64,2.25,1.76,2.08,19.19,7.95,1.16,D Munro,Scottish Premiership,,20211222_St-Mirren_Celtic,-133.44973350220152,0.53,0.39,44.5,55.5
2021-12-26,Aberdeen,Dundee,2.0,1.0,3.0,2.0,16.0,0.0,9.0,2.0,0.0,3.0,0.0,0.0,1.6,3.75,6.0,2.05,1.76,-1.0,1.8,2.02,1.5,4.42,6.32,N Walsh,Scottish Premiership,,20211226_Aberdeen_Dundee,45.02733104151616,0.85,0.85,53.1,46.9
2021-12-26,Dundee United,Hibernian,1.0,3.0,3.0,5.0,5.0,12.0,6.0,6.0,2.0,2.0,0.0,0.0,3.75,3.3,2.05,2.19,1.67,0.75,1.82,2.01,5.16,3.7,1.77,W Collum,Scottish Premiership,,20211226_Dundee-United_Hibernian,-13.039333405296475,0.45,1.44,47.7,52.3
2021-12-26,Hearts,Ross County,2.0,1.0,5.0,5.0,12.0,8.0,5.0,5.0,1.0,3.0,0.0,0.0,1.61,4.2,5.0,1.77,2.03,-0.75,1.78,2.06,1.63,4.16,5.71,D Munro,Scottish Premiership,,20211226_Hearts_Ross-County,72.3979315405195,0.05,1.23,58.1,41.9
2021-12-26,Motherwell,Livingston,2.0,1.0,5.0,4.0,6.0,4.0,5.0,1.0,0.0,3.0,0.0,0.0,2.3,3.25,3.2,2.6,1.48,-0.25,1.97,1.85,2.39,3.1,3.48,D Robertson,Scottish Premiership,,20211226_Motherwell_Livingston,38.53783068163489,1.11,1.44,56.4,43.6
2021-12-26,Rangers,St Mirren,2.0,0.0,7.0,0.0,18.0,1.0,7.0,1.0,1.0,2.0,0.0,0.0,1.11,8.5,21.0,1.46,2.64,-2.0,1.88,1.95,1.16,8.1,20.37,S McLean,Scottish Premiership,,20211226_Rangers_St-Mirren,160.00434136416015,0.81,2.04,52.4,47.6
2021-12-26,St Johnstone,Celtic,1.0,3.0,1.0,10.0,4.0,15.0,3.0,9.0,2.0,1.0,0.0,0.0,10.0,6.5,1.25,1.96,1.83,1.25,2.0,1.83,10.54,4.92,1.36,B Madden,Scottish Premiership,,20211226_St-Johnstone_Celtic,-173.2962763199091,1.77,0.93,37.6,62.4
2022-01-17,Celtic,Hibernian,2.0,0.0,5.0,0.0,16.0,5.0,8.0,1.0,1.0,2.0,0.0,0.0,1.33,4.75,10.0,1.55,2.4,-1.5,1.87,1.96,1.3,6.06,10.23,W Collum,Scottish Premiership,,20220117_Celtic_Hibernian,95.47145303389084,0.62,1.23,55.2,44.8
2022-01-18,Aberdeen,Rangers,1.0,1.0,3.0,4.0,12.0,3.0,6.0,4.0,4.0,3.0,0.0,1.0,6.5,4.0,1.53,2.26,1.63,0.5,2.02,1.81,5.24,3.37,1.85,K Clancy,Scottish Premiership,,20220118_Aberdeen_Rangers,-143.631924053607,1.41,0.39,41.3,58.7
2022-01-18,Dundee United,St Mirren,1.0,2.0,4.0,3.0,12.0,8.0,8.0,8.0,3.0,1.0,0.0,0.0,2.7,3.25,2.62,2.42,1.55,-0.25,2.08,1.77,2.5,3.2,3.18,A Muir,Scottish Premiership,,20220118_Dundee-United_St-Mirren,6.348821392778291,0.74,1.24,48.5,51.5
2022-01-18,Hearts,St Johnstone,2.0,0.0,8.0,6.0,8.0,8.0,4.0,2.0,2.0,3.0,0.0,0.0,1.57,3.8,6.5,2.18,1.67,-0.75,1.79,2.05,1.63,3.85,6.37,N Walsh,Scottish Premiership,,20220118_Hearts_St-Johnstone,135.37126620455524,0.82,1.13,54.5,45.5
2022-01-18,Livingston,Dundee,2.0,0.0,5.0,4.0,8.0,5.0,4.0,9.0,3.0,3.0,0.0,0.0,2.25,3.3,3.25,2.4,1.56,-0.25,1.93,1.9,2.33,3.09,3.64,D Dickinson,Scottish Premiership,,20220118_Livingston_Dundee,36.974100108140874,1.02,0.05,54.6,45.4
2022-01-18,Ross County,Motherwell,3.0,1.0,2.0,3.0,3.0,10.0,5.0,6.0,1.0,2.0,1.0,0.0,2.5,3.25,2.9,2.06,1.75,-0.25,1.96,1.87,2.31,3.43,3.29,J Beaton,Scottish Premiership,,20220118_Ross-County_Motherwell,-65.33229978042937,0.58,1.03,50.9,49.1
2022-01-25,St Mirren,Aberdeen,1.0,0.0,1.0,0.0,3.0,11.0,4.0,4.0,1.0,1.0,0.0,0.0,3.25,3.2,2.3,2.44,1.54,0.25,1.83,2.0,3.39,3.08,2.45,G Irvine,Scottish Premiership,,20220125_St-Mirren_Aberdeen,-22.51711404360435,1.75,0.27,44.2,55.8
2022-01-26,Dundee United,Ross County,2.0,1.0,5.0,5.0,19.0,11.0,6.0,6.0,1.0,4.0,0.0,0.0,2.4,3.25,3.1,2.12,1.71,0.0,1.78,2.06,2.52,3.29,3.06,D Munro,Scottish Premiership,,20220126_Dundee-United_Ross-County,-15.734893220994536,0.65,1.38,41.1,58.9
2022-01-26,Hearts,Celtic,1.0,2.0,1.0,8.0,7.0,12.0,4.0,10.0,3.0,3.0,0.0,0.0,5.0,3.8,1.7,1.69,2.15,0.75,1.94,1.88,4.88,4.1,1.72,J Beaton,Scottish Premiership,,20220126_Hearts_Celtic,-52.09269962889084,0.95,1.72,45.4,54.6
2022-01-26,Motherwell,Hibernian,0.0,0.0,2.0,0.0,7.0,4.0,4.0,5.0,2.0,2.0,1.0,0.0,3.3,3.25,2.25,2.29,1.61,0.25,1.8,2.03,3.25,3.24,2.43,A Dallas,Scottish Premiership,,20220126_Motherwell_Hibernian,13.031458001905548,0.78,0.25,49.4,50.6
2022-01-26,Rangers,Livingston,1.0,0.0,6.0,2.0,12.0,4.0,10.0,4.0,1.0,2.0,0.0,0.0,1.16,8.0,15.0,1.95,1.84,-1.5,2.03,1.8,1.29,5.47,13.4,D Robertson,Scottish Premiership,,20220126_Rangers_Livingston,157.16798661770645,1.21,1.48,57.7,42.3
2022-01-26,St Johnstone,Dundee,0.0,0.0,4.0,2.0,5.0,8.0,8.0,2.0,1.0,1.0,0.0,0.0,2.25,3.2,3.4,2.78,1.43,-0.25,1.95,1.87,2.38,3.0,3.64,B Madden,Scottish Premiership,,20220126_St-Johnstone_Dundee,-9.194609738471627,0.05,1.26,52.2,47.8
2022-01-29,Celtic,Dundee United,1.0,0.0,8.0,0.0,13.0,7.0,14.0,2.0,1.0,2.0,1.0,0.0,1.14,8.5,17.0,1.4,2.84,-2.25,1.95,1.88,1.13,9.68,19.99,E Anderson,Scottish Premiership,,20220129_Celtic_Dundee-United,150.2838879316705,1.29,1.6,48.9,51.1
2022-01-29,Hearts,Motherwell,2.0,0.0,5.0,2.0,6.0,6.0,5.0,2.0,1.0,2.0,0.0,0.0,1.66,3.8,5.25,2.06,1.75,-0.75,1.76,2.08,1.59,4.08,6.36,C Napier,Scottish Premiership,,20220129_Hearts_Motherwell,38.14922389119465,0.88,0.67,49.8,50.2
2022-01-29,Hibernian,Livingston,2.0,3.0,5.0,9.0,6.0,10.0,4.0,4.0,1.0,1.0,0.0,0.0,1.75,3.6,5.0,2.71,1.45,-0.5,1.97,1.85,1.98,3.15,4.82,G Irvine,Scottish Premiership,,20220129_Hibernian_Livingston,29.260884891942396,1.29,1.48,47.1,52.9
2022-01-29,Ross County,Rangers,3.0,3.0,4.0,12.0,2.0,14.0,4.0,8.0,3.0,0.0,0.0,0.0,9.0,5.0,1.36,1.68,2.17,1.25,1.96,1.87,9.39,5.12,1.37,N Walsh,Scottish Premiership,,20220129_Ross-County_Rangers,-178.5681686813798,2.12,1.2,39.9,60.1
2022-02-01,Dundee,Dundee United,0.0,0.0,5.0,0.0,7.0,11.0,11.0,6.0,1.0,0.0,0.0,0.0,2.45,3.2,2.9,2.35,1.58,-0.25,1.94,1.89,2.26,3.34,3.5,J Beaton,Scottish Premiership,,20220201_Dundee_Dundee-United,-46.50154350024627,0.81,0.16,49.4,50.6
2022-02-01,Hibernian,Hearts,0.0,0.0,2.0,4.0,9.0,8.0,3.0,5.0,2.0,3.0,0.0,0.0,2.8,3.1,2.7,2.19,1.66,0.0,2.03,1.81,2.99,3.17,2.62,D Robertson,Scottish Premiership,,20220201_Hibernian_Hearts,-73.97681743696421,0.85,1.44,53.5,46.5
2022-02-01,Livingston,St Johnstone,1.0,2.0,2.0,5.0,11.0,5.0,4.0,6.0,3.0,2.0,1.0,0.0,2.2,3.0,3.75,2.94,1.39,-0.25,1.85,1.97,2.27,2.89,4.15,C Napier,Scottish Premiership,,20220201_Livingston_St-Johnstone,73.4010851847188,0.76,0.68,48.5,51.5
2022-02-01,Ross County,Aberdeen,1.0,1.0,2.0,7.0,3.0,12.0,2.0,5.0,5.0,3.0,0.0,0.0,3.4,3.2,2.2,2.15,1.68,0.25,2.02,1.81,3.8,3.47,2.1,A Muir,Scottish Premiership,,20220201_Ross-County_Aberdeen,-18.96207445087248,1.83,0.98,46.1,53.9
2022-02-01,St Mirren,Motherwell,1.0,1.0,3.0,7.0,4.0,7.0,6.0,1.0,0.0,1.0,0.0,0.0,2.4,2.9,3.4,2.47,1.53,-0.25,1.94,1.88,2.35,3.03,3.68,E Anderson,Scottish Premiership,,20220201_St-Mirren_Motherwell,-10.602808992907057,0.53,0.73,47.4,52.6
2022-02-02,Celtic,Rangers,3.0,0.0,7.0,2.0,4.0,7.0,10.0,2.0,2.0,3.0,0.0,0.0,2.15,3.25,3.6,1.93,1.87,-0.25,1.9,1.93,2.27,3.4,3.4,B Madden,Scottish Premiership,,20220202_Celtic_Rangers,-6.1461052968595595,1.5,0.94,43.9,56.1
2022-02-05,Dundee,Ross County,1.0,2.0,3.0,6.0,8.0,4.0,7.0,6.0,2.0,4.0,1.0,0.0,2.3,3.5,3.0,2.1,1.72,-0.25,2.1,1.75,2.52,3.33,3.03,D Robertson,Scottish Premiership,,20220205_Dundee_Ross-County,-48.994827749005935,1.2,0.77,47.5,52.5
2022-02-05,Hibernian,St Mirren,0.0,1.0,6.0,4.0,11.0,5.0,8.0,2.0,2.0,1.0,0.0,0.0,1.85,3.5,4.2,2.25,1.64,-0.5,2.05,1.78,2.09,3.34,3.98,G Aitken,Scottish Premiership,,20220205_Hibernian_St-Mirren,-1.6984499327820686,0.44,1.62,43.5,56.5
2022-02-05,Livingston,Aberdeen,2.0,1.0,4.0,6.0,4.0,8.0,7.0,5.0,6.0,4.0,1.0,0.0,3.3,3.0,2.37,2.61,1.47,0.25,1.89,1.93,3.76,3.04,2.31,K Clancy,Scottish Premiership,,20220205_Livingston_Aberdeen,-17.90159078521492,0.48,1.79,45.2,54.8
2022-02-05,St Johnstone,Dundee United,0.0,0.0,2.0,3.0,5.0,11.0,7.0,13.0,1.0,2.0,1.0,0.0,2.4,2.87,3.5,3.02,1.36,-0.25,1.92,1.91,2.41,2.84,3.84,C Steven,Scottish Premiership,,20220205_St-Johnstone_Dundee-United,-38.96644869043848,0.05,2.08,48.5,51.5
2022-02-06,Motherwell,Celtic,0.0,4.0,1.0,10.0,6.0,8.0,4.0,10.0,3.0,1.0,0.0,0.0,9.0,5.5,1.33,1.65,2.22,1.5,1.85,1.97,10.54,5.36,1.34,J Beaton,Scottish Premiership,,20220206_Motherwell_Celtic,-141.04678536838924,1.01,2.07,44.5,55.5
2022-02-06,Rangers,Hearts,5.0,0.0,11.0,3.0,11.0,6.0,4.0,3.0,2.0,2.0,0.0,0.0,1.4,4.75,7.5,1.7,2.13,-1.25,1.92,1.91,1.42,4.82,8.22,W Collum,Scottish Premiership,,20220206_Rangers_Hearts,65.39491809172114,1.88,1.19,58.7,41.3
2022-02-09,Aberdeen,Celtic,2.0,3.0,4.0,5.0,4.0,7.0,1.0,3.0,2.0,1.0,0.0,0.0,6.5,4.0,1.53,1.96,1.83,1.0,1.91,1.91,7.17,4.05,1.55,W Collum,Scottish Premiership,,20220209_Aberdeen_Celtic,-174.97117094466284,1.0,1.89,39.1,60.9
2022-02-09,Dundee United,Motherwell,2.0,0.0,2.0,2.0,6.0,15.0,3.0,5.0,0.0,2.0,0.0,0.0,2.4,3.2,3.1,2.62,1.48,0.0,1.76,2.09,2.65,3.05,3.11,A Muir,Scottish Premiership,,20220209_Dundee-United_Motherwell,-31.227839853839214,1.62,0.08,44.0,56.0
2022-02-09,Hearts,Dundee,1.0,2.0,9.0,3.0,8.0,9.0,9.0,4.0,0.0,3.0,0.0,0.0,1.53,4.0,6.5,1.88,1.91,-1.0,1.87,1.95,1.52,4.42,6.86,C Steven,Scottish Premiership,,20220209_Hearts_Dundee,138.50020501203107,1.25,0.69,52.9,47.1
2022-02-09,Rangers,Hibernian,2.0,0.0,4.0,4.0,14.0,8.0,7.0,8.0,3.0,2.0,0.0,0.0,1.3,5.5,10.0,1.71,2.12,-1.5,1.87,1.96,1.29,5.87,11.72,N Walsh,Scottish Premiership,,20220209_Rangers_Hibernian,156.0464249692509,1.49,1.54,55.5,44.5
2022-02-09,Ross County,Livingston,1.0,1.0,4.0,4.0,5.0,13.0,8.0,6.0,2.0,3.0,0.0,0.0,2.37,3.1,3.3,2.11,1.71,0.0,1.76,2.1,2.52,3.22,3.13,D Munro,Scottish Premiership,,20220209_Ross-County_Livingston,-2.050774055605416,2.24,0.05,49.2,50.8
2022-02-09,St Mirren,St Johnstone,2.0,1.0,4.0,4.0,9.0,5.0,5.0,5.0,2.0,3.0,0.0,0.0,2.25,3.0,3.6,3.05,1.36,-0.25,1.93,1.9,2.36,2.9,3.85,D Dickinson,Scottish Premiership,,20220209_St-Mirren_St-Johnstone,76.96403119171259,0.37,1.76,50.6,49.4
2022-02-15,Aberdeen,St Johnstone,1.0,1.0,9.0,2.0,11.0,5.0,7.0,4.0,1.0,2.0,0.0,0.0,1.7,3.6,6.0,2.91,1.4,-0.5,1.83,2.0,1.85,3.17,5.72,G Duncan,Scottish Premiership,,20220215_Aberdeen_St-Johnstone,51.312225181551185,0.92,2.06,47.0,53.0
2022-02-19,Hibernian,Ross County,2.0,0.0,6.0,3.0,9.0,1.0,7.0,4.0,3.0,4.0,0.0,0.0,1.83,3.6,4.5,1.94,1.85,-0.75,2.01,1.82,1.78,3.76,4.95,S McLean,Scottish Premiership,,20220219_Hibernian_Ross-County,-9.265215902443515,0.69,0.34,46.1,53.9
2022-02-19,Livingston,St Mirren,1.0,1.0,2.0,1.0,12.0,3.0,5.0,1.0,2.0,0.0,0.0,1.0,2.3,3.2,3.25,2.52,1.5,-0.25,1.86,1.96,2.25,3.08,3.88,W Collum,Scottish Premiership,,20220219_Livingston_St-Mirren,-30.736918363605355,0.73,1.87,52.6,47.4
2022-02-19,Motherwell,Aberdeen,1.0,1.0,4.0,5.0,16.0,1.0,9.0,3.0,4.0,3.0,0.0,0.0,3.2,3.2,2.37,2.58,1.49,0.25,1.79,2.05,3.36,3.01,2.52,N Walsh,Scottish Premiership,,20220219_Motherwell_Aberdeen,14.269797894523663,0.73,2.1,46.6,53.4
2022-02-19,St Johnstone,Hearts,2.0,1.0,4.0,5.0,10.0,8.0,6.0,8.0,2.0,0.0,0.0,0.0,4.75,3.4,1.85,2.46,1.53,0.5,1.82,2.01,4.2,3.27,2.06,G Irvine,Scottish Premiership,,20220219_St-Johnstone_Hearts,-113.57867437618825,1.65,0.74,42.0,58.0
2022-02-20,Celtic,Dundee,3.0,2.0,6.0,2.0,13.0,2.0,11.0,2.0,1.0,1.0,0.0,0.0,1.12,9.0,19.0,1.37,2.99,-2.5,2.01,1.81,1.11,10.55,27.52,G Duncan,Scottish Premiership,,20220220_Celtic_Dundee,229.1959073907135,1.5,0.88,51.1,48.9
2022-02-20,Dundee United,Rangers,1.0,1.0,2.0,3.0,3.0,26.0,6.0,11.0,3.0,1.0,0.0,0.0,10.0,5.5,1.3,1.69,2.14,1.5,1.84,1.98,10.2,5.46,1.33,B Madden,Scottish Premiership,,20220220_Dundee-United_Rangers,-165.01340312744037,0.51,0.95,44.5,55.5
2022-02-26,Aberdeen,Dundee United,1.0,1.0,5.0,3.0,8.0,3.0,3.0,3.0,2.0,2.0,0.0,0.0,1.75,3.5,5.0,2.4,1.55,-0.5,1.93,1.9,1.96,3.23,4.73,D Munro,Scottish Premiership,,20220226_Aberdeen_Dundee-United,-14.00697646312915,0.67,0.7,50.2,49.8
2022-02-26,Dundee,Livingston,0.0,4.0,1.0,6.0,8.0,11.0,5.0,4.0,2.0,0.0,0.0,0.0,3.0,3.0,2.6,2.55,1.5,0.25,1.78,2.05,3.42,2.94,2.53,B Madden,Scottish Premiership,,20220226_Dundee_Livingston,-61.188273500276864,0.76,1.52,47.6,52.4
2022-02-26,Ross County,St Johnstone,3.0,1.0,3.0,3.0,3.0,12.0,5.0,8.0,1.0,2.0,0.0,0.0,2.4,3.1,3.2,2.47,1.53,-0.25,1.96,1.86,2.37,3.05,3.59,N Walsh,Scottish Premiership,,20220226_Ross-County_St-Johnstone,33.2185281633424,1.01,0.69,43.3,56.7
2022-02-26,St Mirren,Hearts,0.0,2.0,0.0,9.0,6.0,10.0,8.0,9.0,2.0,4.0,1.0,0.0,3.1,3.2,2.4,2.23,1.64,0.25,1.93,1.9,3.68,3.22,2.24,G Aitken,Scottish Premiership,,20220226_St-Mirren_Hearts,-4.875331502361632,1.1,0.95,53.7,46.3
2022-02-27,Hibernian,Celtic,0.0,0.0,0.0,3.0,2.0,10.0,3.0,9.0,5.0,2.0,0.0,0.0,6.0,4.75,1.45,1.69,2.14,1.25,1.88,1.95,7.85,4.97,1.42,K Clancy,Scottish Premiership,,20220227_Hibernian_Celtic,-178.04529266443615,0.29,1.19,46.9,53.1
2022-02-27,Rangers,Motherwell,2.0,2.0,10.0,3.0,20.0,2.0,15.0,1.0,2.0,3.0,0.0,0.0,1.22,6.0,13.0,1.5,2.53,-2.0,1.9,1.91,1.18,7.76,17.77,D Robertson,Scottish Premiership,,20220227_Rangers_Motherwell,155.12325000904843,0.71,0.88,52.8,47.2
2022-03-02,Celtic,St Mirren,2.0,0.0,6.0,1.0,15.0,3.0,9.0,0.0,2.0,2.0,0.0,0.0,1.12,9.0,19.0,1.48,2.59,-2.25,1.97,1.86,1.13,9.38,22.8,E Anderson,Scottish Premiership,,20220302_Celtic_St-Mirren,155.68218140221848,1.11,0.81,64.2,35.8
2022-03-02,Dundee,Hibernian,0.0,0.0,1.0,4.0,4.0,8.0,3.0,8.0,2.0,3.0,0.0,1.0,3.7,3.3,2.1,2.43,1.55,0.25,1.83,2.0,3.47,3.16,2.36,D Munro,Scottish Premiership,,20220302_Dundee_Hibernian,-76.84551163133051,0.88,0.9,41.0,59.0
2022-03-02,Hearts,Aberdeen,2.0,0.0,4.0,4.0,9.0,3.0,6.0,1.0,1.0,1.0,0.0,0.0,2.2,3.2,3.5,2.09,1.73,-0.5,1.96,1.86,1.98,3.49,4.2,S McLean,Scottish Premiership,,20220302_Hearts_Aberdeen,60.85208872024964,1.38,0.05,44.1,55.9
2022-03-02,Livingston,Dundee United,2.0,1.0,5.0,2.0,16.0,6.0,3.0,2.0,0.0,1.0,0.0,0.0,2.2,3.1,3.6,2.41,1.55,-0.5,1.94,1.88,1.96,3.3,4.63,C Steven,Scottish Premiership,,20220302_Livingston_Dundee-United,12.394205990522323,0.05,0.7,44.8,55.2
2022-03-02,Motherwell,Ross County,0.0,1.0,4.0,3.0,13.0,3.0,6.0,1.0,0.0,1.0,0.0,0.0,2.25,3.25,3.4,2.02,1.77,-0.25,2.0,1.83,2.37,3.33,3.27,J Beaton,Scottish Premiership,,20220302_Motherwell_Ross-County,6.734948638038304,0.55,0.05,42.4,57.6
2022-03-02,St Johnstone,Rangers,0.0,1.0,1.0,3.0,2.0,9.0,2.0,1.0,1.0,1.0,0.0,0.0,11.0,5.5,1.28,1.86,1.93,1.5,1.92,1.9,13.64,5.6,1.28,W Collum,Scottish Premiership,,20220302_St-Johnstone_Rangers,-206.73299639932793,0.32,1.57,40.9,59.1
2022-03-05,Dundee United,Hearts,2.0,2.0,2.0,3.0,6.0,11.0,2.0,5.0,4.0,2.0,0.0,0.0,3.75,3.3,2.1,2.02,1.78,0.5,2.05,1.79,4.75,3.82,1.79,W Collum,Scottish Premiership,,20220305_Dundee-United_Hearts,-69.30373102126418,0.99,1.5,47.2,52.8
2022-03-05,Hibernian,St Johnstone,0.0,0.0,3.0,0.0,10.0,5.0,9.0,3.0,3.0,3.0,0.0,0.0,1.8,3.4,5.0,2.67,1.46,-0.5,1.96,1.87,1.98,3.15,4.82,C Napier,Scottish Premiership,,20220305_Hibernian_St-Johnstone,68.09790638798881,0.1,0.59,53.5,46.5
2022-03-05,Motherwell,Dundee,1.0,1.0,5.0,3.0,11.0,8.0,3.0,3.0,0.0,2.0,0.0,0.0,2.05,3.3,3.8,2.3,1.6,-0.5,1.89,1.92,1.9,3.31,5.0,A Dallas,Scottish Premiership,,20220305_Motherwell_Dundee,58.55540298632627,1.09,0.95,55.5,44.5
2022-03-05,Rangers,Aberdeen,1.0,0.0,2.0,0.0,18.0,2.0,11.0,2.0,1.0,3.0,0.0,0.0,1.3,5.25,11.0,1.81,1.98,-1.5,1.94,1.89,1.28,5.57,13.6,J Beaton,Scottish Premiership,,20220305_Rangers_Aberdeen,178.41380661419726,1.77,1.65,59.4,40.6
2022-03-05,Ross County,St Mirren,1.0,0.0,2.0,2.0,5.0,6.0,2.0,3.0,0.0,1.0,0.0,0.0,2.4,3.3,3.1,2.33,1.59,-0.25,1.94,1.89,2.36,3.09,3.58,D Dickinson,Scottish Premiership,,20220305_Ross-County_St-Mirren,-2.030669665764435,0.45,1.49,52.8,47.2
2022-03-06,Livingston,Celtic,1.0,3.0,3.0,7.0,3.0,17.0,5.0,8.0,3.0,1.0,0.0,0.0,9.0,4.75,1.36,1.81,1.97,1.25,1.97,1.86,9.43,4.92,1.38,N Walsh,Scottish Premiership,,20220306_Livingston_Celtic,-157.94552695696348,0.89,2.17,40.7,59.3
2022-03-09,Dundee,St Mirren,0.0,1.0,1.0,3.0,6.0,9.0,5.0,4.0,0.0,2.0,0.0,0.0,3.0,3.1,2.5,2.51,1.51,0.0,1.96,1.86,2.98,2.98,2.81,J Beaton,Scottish Premiership,,20220309_Dundee_St-Mirren,-64.24266505662968,0.46,1.01,47.4,52.6
2022-03-19,Aberdeen,Hibernian,3.0,1.0,5.0,2.0,9.0,5.0,4.0,5.0,2.0,4.0,0.0,1.0,2.37,3.2,3.2,2.8,1.42,-0.25,1.89,1.93,2.24,3.01,4.0,A Muir,Scottish Premiership,,20220319_Aberdeen_Hibernian,-32.5882044615596,1.42,0.27,40.0,60.0
2022-03-19,Celtic,Ross County,4.0,0.0,10.0,1.0,14.0,2.0,16.0,5.0,0.0,1.0,0.0,1.0,1.14,8.0,19.0,1.41,2.84,-2.5,2.02,1.79,1.13,9.66,24.45,D Robertson,Scottish Premiership,,20220319_Celtic_Ross-County,166.44675149757063,2.26,0.14,58.5,41.5
2022-03-19,Hearts,Livingston,2.0,0.0,5.0,2.0,9.0,4.0,6.0,5.0,0.0,4.0,0.0,0.0,1.66,3.8,5.25,2.11,1.71,-0.5,1.91,1.9,1.95,3.41,4.49,E Anderson,Scottish Premiership,,20220319_Hearts_Livingston,38.29479606002201,1.08,2.01,56.7,43.3
2022-03-19,St Johnstone,Motherwell,2.0,1.0,2.0,4.0,6.0,3.0,3.0,6.0,3.0,2.0,0.0,0.0,2.6,2.9,3.0,3.08,1.36,-0.25,2.08,1.78,2.45,2.93,3.59,D Munro,Scottish Premiership,,20220319_St-Johnstone_Motherwell,-50.70534383982067,0.95,0.77,61.0,39.0
2022-03-19,St Mirren,Dundee United,1.0,2.0,1.0,5.0,9.0,9.0,11.0,9.0,3.0,0.0,1.0,0.0,2.2,3.1,3.6,2.59,1.49,-0.25,1.83,2.0,2.19,3.15,3.95,N Walsh,Scottish Premiership,,20220319_St-Mirren_Dundee-United,19.26313665845987,1.22,0.88,53.1,46.9
2022-03-20,Dundee,Rangers,1.0,2.0,1.0,8.0,2.0,11.0,1.0,8.0,3.0,1.0,0.0,0.0,11.0,5.5,1.28,1.65,2.21,1.75,1.96,1.87,15.06,6.82,1.21,B Madden,Scottish Premiership,,20220320_Dundee_Rangers,-235.58361584127988,0.77,1.85,47.0,53.0
2022-04-02,Dundee,Aberdeen,2.0,2.0,5.0,8.0,8.0,13.0,2.0,7.0,1.0,1.0,0.0,0.0,4.0,3.2,2.05,2.55,1.5,0.5,1.83,1.99,4.36,3.28,2.02,J Beaton,Scottish Premiership,,20220402_Dundee_Aberdeen,-62.553291271946364,0.59,1.18,47.5,52.5
2022-04-02,Hibernian,Dundee United,1.0,1.0,4.0,1.0,17.0,5.0,7.0,4.0,1.0,2.0,0.0,0.0,1.8,3.6,4.5,2.41,1.55,-0.5,1.95,1.87,1.97,3.25,4.7,D Robertson,Scottish Premiership,,20220402_Hibernian_Dundee-United,-13.276265406205084,0.41,0.05,49.7,50.3
2022-04-02,Motherwell,St Mirren,4.0,2.0,6.0,4.0,7.0,6.0,8.0,6.0,0.0,1.0,0.0,0.0,2.2,3.3,3.4,2.3,1.6,-0.25,1.93,1.89,2.35,3.22,3.43,C Napier,Scottish Premiership,,20220402_Motherwell_St-Mirren,-20.574670003185247,0.75,0.57,43.1,56.9
2022-04-02,Ross County,Hearts,1.0,1.0,5.0,4.0,13.0,15.0,6.0,4.0,3.0,1.0,0.0,0.0,4.2,3.4,1.9,2.05,1.76,0.25,2.01,1.82,3.62,3.36,2.2,G Duncan,Scottish Premiership,,20220402_Ross-County_Hearts,-50.34891453413093,1.36,0.84,45.3,54.7
2022-04-02,St Johnstone,Livingston,1.0,0.0,3.0,4.0,3.0,7.0,1.0,6.0,2.0,3.0,0.0,0.0,2.6,3.1,2.9,3.02,1.37,0.0,1.76,2.09,2.69,2.86,3.27,K Clancy,Scottish Premiership,,20220402_St-Johnstone_Livingston,-52.80500562577117,1.52,0.05,46.0,54.0
2022-04-03,Rangers,Celtic,1.0,2.0,6.0,5.0,10.0,6.0,4.0,4.0,1.0,4.0,0.0,0.0,2.55,3.25,2.8,2.2,1.66,0.0,1.89,1.94,2.76,3.17,2.86,W Collum,Scottish Premiership,,20220403_Rangers_Celtic,-28.758596308621463,1.58,2.42,50.4,49.6
2022-04-09,Aberdeen,Ross County,0.0,1.0,2.0,1.0,13.0,3.0,3.0,1.0,2.0,3.0,0.0,0.0,1.8,3.5,5.0,2.18,1.67,-0.75,1.95,1.87,1.72,3.69,5.57,G Aitken,Scottish Premiership,,20220409_Aberdeen_Ross-County,-35.732336219825584,1.01,0.84,48.7,51.3
2022-04-09,Celtic,St Johnstone,7.0,0.0,10.0,0.0,13.0,1.0,7.0,2.0,0.0,0.0,0.0,0.0,1.14,8.0,19.0,1.61,2.29,-2.0,1.79,2.03,1.14,8.51,24.97,A Dallas,Scottish Premiership,,20220409_Celtic_St-Johnstone,239.07005088610185,2.01,1.23,63.7,36.3
2022-04-09,Dundee United,Dundee,2.0,2.0,3.0,7.0,8.0,6.0,1.0,5.0,3.0,2.0,0.0,0.0,2.2,3.3,3.4,2.31,1.6,-0.25,1.97,1.86,2.31,3.25,3.47,S McLean,Scottish Premiership,,20220409_Dundee-United_Dundee,79.57743500765991,1.22,1.39,48.5,51.5
2022-04-09,Hearts,Hibernian,3.0,1.0,4.0,1.0,11.0,7.0,5.0,1.0,1.0,3.0,0.0,0.0,1.95,3.5,4.0,2.2,1.66,-0.5,1.95,1.86,1.99,3.44,4.26,N Walsh,Scottish Premiership,,20220409_Hearts_Hibernian,73.68795406699701,2.0,0.21,51.2,48.8
2022-04-09,Livingston,Motherwell,2.0,2.0,4.0,2.0,8.0,4.0,6.0,6.0,1.0,2.0,0.0,0.0,2.1,3.2,3.75,2.31,1.6,-0.25,1.87,1.95,2.23,3.16,3.79,D Robertson,Scottish Premiership,,20220409_Livingston_Motherwell,3.057905458742198,1.19,1.09,54.9,45.1
2022-04-10,St Mirren,Rangers,0.0,4.0,3.0,8.0,4.0,14.0,4.0,5.0,1.0,0.0,0.0,0.0,10.0,5.0,1.33,1.76,2.05,1.5,1.88,1.94,11.97,5.54,1.3,J Beaton,Scottish Premiership,,20220410_St-Mirren_Rangers,-171.01113356965948,0.92,1.7,40.0,60.0
2022-04-23,Aberdeen,Livingston,1.0,2.0,5.0,4.0,13.0,5.0,12.0,6.0,3.0,2.0,1.0,0.0,2.0,3.3,3.8,2.54,1.5,-0.5,2.03,1.81,2.09,3.1,4.64,G Irvine,Scottish Premiership,,20220423_Aberdeen_Livingston,-21.548849360308623,1.12,0.22,44.4,55.6
2022-04-23,Dundee,St Johnstone,1.0,1.0,1.0,5.0,9.0,13.0,4.0,7.0,1.0,2.0,0.0,0.0,2.55,3.1,2.87,2.69,1.45,0.0,1.8,2.03,2.76,2.99,3.03,B Madden,Scottish Premiership,,20220423_Dundee_St-Johnstone,-36.43712142090908,0.45,0.39,46.9,53.1
2022-04-23,Motherwell,Rangers,1.0,3.0,2.0,5.0,6.0,4.0,5.0,2.0,3.0,1.0,0.0,1.0,10.0,4.75,1.33,1.7,2.13,1.25,1.91,1.91,8.28,4.71,1.41,N Walsh,Scottish Premiership,,20220423_Motherwell_Rangers,-172.5889802533777,0.38,2.16,42.8,57.2
2022-04-23,St Mirren,Hibernian,0.0,1.0,2.0,2.0,9.0,5.0,5.0,3.0,1.0,2.0,0.0,0.0,3.1,3.2,2.4,2.7,1.45,0.0,1.96,1.86,3.0,2.91,2.85,E Anderson,Scottish Premiership,,20220423_St-Mirren_Hibernian,-2.993987396450848,0.46,1.16,46.4,53.6
2022-04-24,Dundee United,Hearts,2.0,3.0,6.0,7.0,5.0,13.0,5.0,9.0,2.0,4.0,0.0,0.0,3.8,3.5,2.0,1.96,1.83,0.25,1.86,1.96,3.04,3.44,2.45,C Steven,Scottish Premiership,,20220424_Dundee-United_Hearts,-73.52216219901243,1.1,2.06,48.4,51.6
2022-04-24,Ross County,Celtic,0.0,2.0,1.0,5.0,5.0,17.0,2.0,11.0,2.0,0.0,0.0,0.0,13.0,5.5,1.25,1.53,2.45,1.75,1.92,1.9,13.21,6.45,1.25,K Clancy,Scottish Premiership,,20220424_Ross-County_Celtic,-183.10550796184998,1.3,1.99,44.3,55.7
2022-04-30,Aberdeen,Dundee,1.0,0.0,5.0,4.0,14.0,7.0,6.0,6.0,1.0,1.0,0.0,0.0,1.65,3.5,6.0,2.03,1.77,-1.0,1.93,1.89,1.49,4.38,7.51,W Collum,Scottish Premiership,,20220430_Aberdeen_Dundee,32.29615881441896,0.18,1.21,53.5,46.5
2022-04-30,Dundee United,Motherwell,1.0,0.0,3.0,2.0,5.0,10.0,8.0,4.0,3.0,3.0,0.0,0.0,2.62,3.1,2.9,2.26,1.62,0.0,1.83,2.01,2.84,3.13,2.82,K Clancy,Scottish Premiership,,20220430_Dundee-United_Motherwell,7.653088492283359,1.28,1.0,45.4,54.6
2022-04-30,Hearts,Ross County,0.0,0.0,3.0,3.0,14.0,3.0,7.0,1.0,0.0,4.0,0.0,0.0,1.65,3.8,5.5,1.76,2.04,-0.75,1.8,2.03,1.71,3.95,5.19,S McLean,Scottish Premiership,,20220430_Hearts_Ross-County,61.31796575622616,1.05,1.29,56.2,43.8
2022-04-30,Livingston,Hibernian,1.0,0.0,3.0,0.0,6.0,18.0,5.0,9.0,3.0,2.0,0.0,0.0,2.7,3.1,2.8,2.63,1.47,0.0,1.94,1.88,2.94,3.03,2.8,C Graham,Scottish Premiership,,20220430_Livingston_Hibernian,10.6916904648549,0.81,0.67,44.8,55.2
2022-04-30,St Johnstone,St Mirren,0.0,1.0,0.0,3.0,5.0,9.0,6.0,5.0,1.0,2.0,0.0,0.0,2.4,3.0,3.3,2.65,1.46,-0.25,2.05,1.79,2.52,2.98,3.39,A Dallas,Scottish Premiership,,20220430_St-Johnstone_St-Mirren,-4.950184864075254,0.89,1.05,48.3,51.7
2022-05-01,Celtic,Rangers,1.0,1.0,1.0,5.0,8.0,9.0,2.0,7.0,3.0,4.0,0.0,0.0,1.85,3.6,4.2,1.91,1.88,-0.5,1.87,1.95,1.92,3.66,4.25,J Beaton,Scottish Premiership,,20220501_Celtic_Rangers,48.804555924320084,0.95,1.34,50.0,50.0
2022-05-07,Celtic,Hearts,4.0,1.0,12.0,3.0,9.0,3.0,3.0,3.0,0.0,2.0,0.0,0.0,1.28,5.5,11.0,1.39,2.91,-1.75,1.92,1.91,1.29,6.21,10.77,D Robertson,Scottish Premiership,,20220507_Celtic_Hearts,134.61462498481387,2.34,1.08,61.4,38.6
2022-05-07,Hibernian,Aberdeen,1.0,1.0,5.0,2.0,12.0,6.0,10.0,4.0,0.0,1.0,0.0,0.0,2.55,3.2,2.8,2.78,1.43,0.0,1.85,1.98,2.72,2.87,3.2,B Madden,Scottish Premiership,,20220507_Hibernian_Aberdeen,10.851952303445614,0.42,1.65,54.6,45.4
2022-05-07,Livingston,St Johnstone,1.0,1.0,3.0,5.0,8.0,3.0,3.0,2.0,1.0,2.0,0.0,0.0,2.2,3.3,3.3,2.59,1.48,-0.25,1.98,1.85,2.47,3.07,3.37,W Collum,Scottish Premiership,,20220507_Livingston_St-Johnstone,65.88892737902415,0.39,1.09,50.5,49.5
2022-05-07,Ross County,Motherwell,0.0,1.0,4.0,2.0,10.0,7.0,13.0,5.0,2.0,3.0,0.0,0.0,2.3,3.3,3.2,2.17,1.68,-0.25,1.95,1.88,2.31,3.26,3.47,D Munro,Scottish Premiership,,20220507_Ross-County_Motherwell,52.684873110028775,1.62,0.6,49.6,50.4
2022-05-07,St Mirren,Dundee,2.0,0.0,5.0,1.0,9.0,11.0,11.0,6.0,4.0,1.0,0.0,0.0,2.1,3.25,3.8,2.28,1.62,-0.25,1.84,1.99,2.2,3.26,3.74,D Dickinson,Scottish Premiership,,20220507_St-Mirren_Dundee,61.596276723357505,1.12,0.95,49.5,50.5
2022-05-08,Rangers,Dundee United,2.0,0.0,5.0,0.0,15.0,3.0,8.0,1.0,1.0,2.0,0.0,0.0,1.18,7.5,13.0,1.57,2.35,-1.75,1.9,1.92,1.24,6.26,14.01,S McLean,Scottish Premiership,,20220508_Rangers_Dundee-United,167.84543064207696,0.6,1.5,50.9,49.1
2022-05-10,Dundee,Hibernian,3.0,1.0,9.0,6.0,5.0,10.0,4.0,6.0,2.0,3.0,0.0,0.0,3.4,3.2,2.2,2.2,1.66,0.5,1.83,2.0,4.23,3.43,2.0,C Napier,Scottish Premiership,,20220510_Dundee_Hibernian,-74.443436511845,1.1,1.58,49.5,50.5
2022-05-11,Dundee United,Celtic,1.0,1.0,2.0,2.0,8.0,11.0,1.0,10.0,0.0,1.0,0.0,0.0,15.0,7.0,1.16,1.56,2.39,2.0,1.92,1.9,16.71,7.55,1.19,N Walsh,Scottish Premiership,,20220511_Dundee-United_Celtic,-227.48609399100724,0.49,1.14,37.6,62.4
2022-05-11,Motherwell,Hearts,2.0,1.0,3.0,5.0,5.0,10.0,3.0,6.0,1.0,0.0,0.0,0.0,2.87,3.5,2.37,2.02,1.78,0.0,2.0,1.84,2.79,3.37,2.68,M MacDermid,Scottish Premiership,,20220511_Motherwell_Hearts,-88.43466841394365,0.69,0.42,55.6,44.4
2022-05-11,Rangers,Ross County,4.0,1.0,8.0,1.0,25.0,2.0,8.0,1.0,0.0,3.0,0.0,0.0,1.22,7.0,11.0,1.62,2.25,-1.75,1.88,1.93,1.23,6.85,12.94,A Dallas,Scottish Premiership,,20220511_Rangers_Ross-County,166.70627060539118,1.42,0.05,53.3,46.7
2022-05-11,St Johnstone,Aberdeen,1.0,0.0,2.0,2.0,7.0,7.0,6.0,3.0,5.0,2.0,0.0,0.0,3.3,2.9,2.4,3.07,1.36,0.0,1.72,2.14,2.65,2.72,3.54,D Munro,Scottish Premiership,,20220511_St-Johnstone_Aberdeen,-19.20947080583437,0.85,0.98,52.7,47.3
2022-05-11,St Mirren,Livingston,0.0,0.0,1.0,3.0,9.0,7.0,6.0,4.0,1.0,3.0,0.0,0.0,2.55,3.0,3.1,2.7,1.44,-0.25,2.12,1.73,2.64,2.87,3.34,K Clancy,Scottish Premiership,,20220511_St-Mirren_Livingston,-25.13728538403643,1.02,1.23,44.7,55.3
2022-05-14,Celtic,Motherwell,6.0,0.0,8.0,1.0,7.0,5.0,15.0,3.0,0.0,1.0,0.0,0.0,1.16,7.5,17.0,1.33,3.19,-2.0,1.8,2.04,1.17,8.45,16.25,A Muir,Scottish Premiership,,20220514_Celtic_Motherwell,216.30091969195746,3.11,1.14,58.7,41.3
2022-05-14,Hearts,Rangers,1.0,3.0,3.0,6.0,6.0,6.0,6.0,3.0,1.0,2.0,0.0,0.0,3.2,3.75,2.1,1.7,2.13,0.0,2.03,1.8,2.87,3.55,2.52,K Clancy,Scottish Premiership,,20220514_Hearts_Rangers,-124.98171547677771,0.73,1.32,49.9,50.1
2022-05-14,Ross County,Dundee United,1.0,2.0,4.0,4.0,6.0,12.0,2.0,5.0,1.0,0.0,0.0,0.0,2.25,3.2,3.4,1.96,1.83,0.25,1.83,2.0,3.28,3.31,2.38,N Walsh,Scottish Premiership,,20220514_Ross-County_Dundee-United,0.8246672907164339,1.03,1.57,44.0,56.0
2022-05-15,Aberdeen,St Mirren,0.0,0.0,5.0,1.0,13.0,5.0,11.0,1.0,1.0,2.0,0.0,0.0,1.9,3.3,4.5,2.01,1.78,-0.5,1.82,2.01,1.83,3.6,4.84,D Robertson,Scottish Premiership,,20220515_Aberdeen_St-Mirren,-30.574011120226032,1.07,1.18,48.1,51.9
2022-05-15,Hibernian,St Johnstone,4.0,0.0,6.0,4.0,8.0,7.0,4.0,6.0,1.0,2.0,0.0,0.0,1.9,3.25,4.5,2.43,1.54,-0.75,1.88,1.94,1.65,3.83,6.12,D Dickinson,Scottish Premiership,,20220515_Hibernian_St-Johnstone,2.1166969263711053,1.57,0.52,56.5,43.5
2022-05-15,Livingston,Dundee,2.0,1.0,5.0,4.0,13.0,15.0,10.0,8.0,1.0,2.0,0.0,0.0,1.85,3.4,4.75,2.03,1.76,-0.5,2.0,1.82,2.03,3.37,4.16,J Beaton,Scottish Premiership,,20220515_Livingston_Dundee,91.12342115323031,1.77,0.79,46.1,53.9
2022-07-30,Hearts,Ross County,2.0,1.0,4.0,3.0,11.0,9.0,4.0,2.0,1.0,2.0,0.0,0.0,1.55,4.0,6.0,1.81,1.98,-1.0,1.91,1.9,1.55,4.16,6.8,D Dickinson,Scottish Premiership,,20220730_Hearts_Ross-County,59.18634158282998,1.51,1.17,50.2,49.8
2022-07-30,Kilmarnock,Dundee United,1.0,1.0,5.0,5.0,13.0,2.0,4.0,4.0,2.0,0.0,0.0,1.0,2.4,3.3,3.0,2.27,1.62,-0.25,2.03,1.8,2.37,3.25,3.36,W Collum,Scottish Premiership,,20220730_Kilmarnock_Dundee-United,8.225742141747787,1.11,1.38,54.1,45.9
2022-07-30,Livingston,Rangers,1.0,2.0,2.0,6.0,3.0,15.0,0.0,8.0,3.0,4.0,0.0,0.0,8.0,5.0,1.36,1.82,1.96,1.25,2.03,1.8,9.0,5.44,1.36,D Robertson,Scottish Premiership,,20220730_Livingston_Rangers,-170.3298022612314,0.66,1.06,39.9,60.1
2022-07-30,St Johnstone,Hibernian,0.0,1.0,1.0,1.0,3.0,13.0,3.0,9.0,2.0,4.0,1.0,0.0,3.2,3.2,2.37,2.55,1.5,0.25,1.84,1.97,3.52,3.13,2.36,E Anderson,Scottish Premiership,,20220730_St-Johnstone_Hibernian,-25.970482491691882,1.28,1.76,49.6,50.4
2022-07-31,Celtic,Aberdeen,2.0,0.0,9.0,3.0,12.0,2.0,9.0,3.0,1.0,2.0,0.0,0.0,1.25,6.0,11.0,1.45,2.66,-2.0,1.95,1.86,1.19,7.8,14.95,N Walsh,Scottish Premiership,,20220731_Celtic_Aberdeen,262.5469066785681,1.76,0.52,61.0,39.0
2022-07-31,St Mirren,Motherwell,0.0,1.0,6.0,2.0,13.0,7.0,8.0,2.0,4.0,4.0,0.0,1.0,2.55,3.3,2.8,2.44,1.54,-0.25,2.04,1.79,2.45,3.18,3.29,J Beaton,Scottish Premiership,,20220731_St-Mirren_Motherwell,-7.048377547897644,1.14,0.91,46.6,53.4
2022-08-06,Aberdeen,St Mirren,4.0,1.0,10.0,1.0,13.0,5.0,4.0,4.0,1.0,2.0,0.0,1.0,1.95,3.3,4.0,2.28,1.61,-0.75,2.07,1.77,1.85,3.53,4.87,A Muir,Scottish Premiership,,20220806_Aberdeen_St-Mirren,-21.04863865847983,0.98,0.66,51.6,48.4
2022-08-06,Motherwell,St Johnstone,1.0,2.0,2.0,3.0,10.0,7.0,4.0,6.0,1.0,3.0,0.0,0.0,2.2,3.1,3.6,2.54,1.5,-0.25,1.89,1.92,2.29,3.08,3.76,W Collum,Scottish Premiership,,20220806_Motherwell_St-Johnstone,65.24115719767042,1.16,0.68,48.6,51.4
2022-08-06,Rangers,Kilmarnock,2.0,0.0,4.0,0.0,14.0,4.0,8.0,3.0,0.0,6.0,0.0,0.0,1.22,7.0,11.0,1.51,2.47,-2.0,1.91,1.9,1.18,7.58,17.22,K Clancy,Scottish Premiership,,20220806_Rangers_Kilmarnock,175.26175569500333,1.44,0.05,65.0,35.0
2022-08-06,Ross County,Celtic,1.0,3.0,2.0,7.0,3.0,16.0,3.0,12.0,4.0,2.0,0.0,0.0,12.0,6.5,1.22,1.48,2.57,2.0,1.84,1.97,13.83,7.2,1.21,D Robertson,Scottish Premiership,,20220806_Ross-County_Celtic,-244.5713285350514,1.32,0.74,40.3,59.7
2022-08-07,Dundee United,Livingston,0.0,1.0,3.0,4.0,7.0,7.0,9.0,4.0,2.0,3.0,0.0,0.0,2.4,3.1,3.2,2.33,1.58,-0.25,2.07,1.77,2.46,3.19,3.24,S McLean,Scottish Premiership,,20220807_Dundee-United_Livingston,0.5044835022060852,0.74,0.45,58.2,41.8
2022-08-07,Hibernian,Hearts,1.0,1.0,3.0,6.0,9.0,6.0,7.0,9.0,3.0,1.0,0.0,0.0,2.8,3.2,2.6,2.13,1.69,0.0,1.86,1.95,2.71,3.2,2.89,J Beaton,Scottish Premiership,,20220807_Hibernian_Hearts,-71.23921034474824,0.97,1.08,37.7,62.3
2022-08-13,Aberdeen,Motherwell,2.0,3.0,3.0,6.0,11.0,13.0,5.0,12.0,1.0,2.0,0.0,0.0,1.8,3.5,4.75,2.12,1.7,-0.75,1.91,1.91,1.7,3.79,5.6,C Graham,Scottish Premiership,,20220813_Aberdeen_Motherwell,-24.65685930003292,1.34,1.2,46.1,53.9
2022-08-13,Livingston,Hibernian,2.0,1.0,6.0,5.0,6.0,18.0,3.0,14.0,1.0,2.0,0.0,0.0,3.2,3.1,2.37,2.34,1.58,0.25,1.82,2.01,3.35,3.16,2.42,C Napier,Scottish Premiership,,20220813_Livingston_Hibernian,34.680235270052435,1.02,0.28,45.5,54.5
2022-08-13,Rangers,St Johnstone,4.0,0.0,8.0,1.0,16.0,3.0,9.0,1.0,1.0,2.0,0.0,0.0,1.18,7.0,17.0,1.61,2.27,-2.0,1.84,1.98,1.16,7.91,21.23,N Walsh,Scottish Premiership,,20220813_Rangers_St-Johnstone,248.87863532099186,0.96,0.09,62.1,37.9
2022-08-13,St Mirren,Ross County,1.0,0.0,2.0,1.0,6.0,4.0,6.0,5.0,1.0,1.0,0.0,0.0,2.4,3.2,3.1,2.2,1.65,-0.25,2.03,1.8,2.49,3.18,3.21,G Irvine,Scottish Premiership,,20220813_St-Mirren_Ross-County,-13.610867278049682,1.58,0.85,45.5,54.5
2022-08-14,Hearts,Dundee United,4.0,1.0,12.0,2.0,1.0,8.0,3.0,2.0,0.0,4.0,0.0,0.0,1.6,3.75,6.5,1.85,1.93,-1.0,1.85,1.96,1.52,4.28,7.06,C Steven,Scottish Premiership,,20220814_Hearts_Dundee-United,55.236133658409244,1.93,1.28,49.2,50.8
2022-08-14,Kilmarnock,Celtic,0.0,5.0,3.0,11.0,9.0,9.0,2.0,8.0,4.0,2.0,0.0,0.0,17.0,6.5,1.2,1.42,2.81,2.0,2.01,1.81,15.87,8.26,1.17,D Dickinson,Scottish Premiership,,20220814_Kilmarnock_Celtic,-214.55246160920865,0.68,1.92,40.4,59.6
2022-08-20,Dundee United,St Mirren,0.0,3.0,3.0,5.0,10.0,7.0,6.0,7.0,3.0,2.0,0.0,0.0,2.45,3.0,3.2,2.36,1.57,-0.25,2.0,1.82,2.39,3.2,3.37,M MacDermid,Scottish Premiership,,20220820_Dundee-United_St-Mirren,17.224834562956858,1.18,1.08,54.4,45.6
2022-08-20,Hibernian,Rangers,2.0,2.0,5.0,2.0,9.0,7.0,5.0,3.0,4.0,2.0,0.0,2.0,5.5,4.0,1.6,1.87,1.91,1.0,1.81,2.01,6.01,4.37,1.57,W Collum,Scottish Premiership,,20220820_Hibernian_Rangers,-227.93000296179957,0.42,1.11,48.2,51.8
2022-08-20,Motherwell,Livingston,1.0,0.0,2.0,1.0,11.0,4.0,2.0,1.0,1.0,0.0,0.0,1.0,2.37,3.0,3.3,2.3,1.6,-0.25,2.03,1.79,2.5,2.95,3.47,N Walsh,Scottish Premiership,,20220820_Motherwell_Livingston,-33.929093468029805,1.33,1.55,41.7,58.3
2022-08-20,Ross County,Kilmarnock,1.0,0.0,5.0,2.0,3.0,12.0,1.0,7.0,3.0,4.0,1.0,0.0,2.37,3.2,3.1,2.23,1.64,-0.25,1.91,1.9,2.23,3.29,3.62,D Munro,Scottish Premiership,,20220820_Ross-County_Kilmarnock,-46.51701744667389,0.43,0.69,48.0,52.0
2022-08-20,St Johnstone,Aberdeen,0.0,1.0,1.0,4.0,6.0,11.0,5.0,5.0,5.0,0.0,0.0,0.0,3.6,3.1,2.2,2.39,1.56,0.25,1.92,1.89,3.75,3.21,2.22,C Napier,Scottish Premiership,,20220820_St-Johnstone_Aberdeen,-5.604450307410843,0.06,0.74,47.4,52.6
2022-08-21,Celtic,Hearts,2.0,0.0,7.0,0.0,8.0,4.0,4.0,6.0,0.0,3.0,0.0,2.0,1.2,7.0,13.0,1.29,3.45,-2.25,1.85,1.97,1.14,9.2,20.09,K Clancy,Scottish Premiership,,20220821_Celtic_Hearts,167.87763574848532,0.59,0.44,53.4,46.6
2022-08-27,Aberdeen,Livingston,5.0,0.0,6.0,3.0,14.0,4.0,8.0,3.0,0.0,4.0,0.0,1.0,1.72,3.6,5.0,2.19,1.66,-0.5,1.81,2.01,1.85,3.53,4.85,C Steven,Scottish Premiership,,20220827_Aberdeen_Livingston,-55.91096673162224,1.44,1.0,50.9,49.1
2022-08-27,Kilmarnock,Motherwell,2.0,1.0,4.0,6.0,17.0,4.0,8.0,4.0,2.0,1.0,0.0,0.0,2.62,3.25,2.75,2.19,1.66,0.0,1.94,1.87,2.89,3.19,2.72,E Anderson,Scottish Premiership,,20220827_Kilmarnock_Motherwell,-19.317487040246306,1.15,1.82,57.6,42.4
2022-08-27,Rangers,Ross County,4.0,0.0,13.0,0.0,18.0,4.0,7.0,1.0,2.0,2.0,0.0,0.0,1.14,8.5,17.0,1.41,2.84,-2.25,1.82,2.0,1.12,10.35,26.15,D Robertson,Scottish Premiership,,20220827_Rangers_Ross-County,224.13006370777975,2.03,0.09,57.8,42.2
2022-08-27,St Mirren,Hibernian,1.0,0.0,2.0,1.0,12.0,13.0,4.0,10.0,1.0,3.0,0.0,0.0,3.5,3.1,2.25,2.31,1.59,0.25,1.87,1.94,3.43,3.12,2.4,G Grainger,Scottish Premiership,,20220827_St-Mirren_Hibernian,0.30887263075783267,1.86,1.45,47.4,52.6
2022-08-28,Dundee United,Celtic,0.0,9.0,2.0,13.0,4.0,17.0,2.0,11.0,1.0,0.0,0.0,0.0,15.0,8.0,1.16,1.34,3.2,2.5,1.89,1.93,28.74,10.78,1.11,S McLean,Scottish Premiership,,20220828_Dundee-United_Celtic,-262.53891195596316,0.73,2.87,44.9,55.1
2022-08-28,Hearts,St Johnstone,3.0,2.0,6.0,5.0,21.0,4.0,3.0,4.0,0.0,4.0,0.0,0.0,1.65,3.75,5.75,2.16,1.67,-0.5,1.81,2.01,1.84,3.46,5.09,J Beaton,Scottish Premiership,,20220828_Hearts_St-Johnstone,122.68975375015907,1.86,1.06,61.5,38.5
2022-09-03,Celtic,Rangers,4.0,0.0,6.0,2.0,9.0,9.0,3.0,4.0,3.0,3.0,0.0,0.0,1.85,3.75,4.0,1.71,2.12,-0.75,1.97,1.86,1.79,3.81,4.76,N Walsh,Scottish Premiership,,20220903_Celtic_Rangers,39.92924870886691,2.14,1.69,52.1,47.9
2022-09-03,Hibernian,Kilmarnock,1.0,0.0,8.0,1.0,17.0,6.0,7.0,3.0,2.0,3.0,0.0,1.0,1.7,3.6,5.25,2.06,1.74,-0.75,1.85,1.96,1.68,3.72,5.99,J Beaton,Scottish Premiership,,20220903_Hibernian_Kilmarnock,-33.96133330305315,1.06,0.05,50.7,49.3
2022-09-03,Livingston,Hearts,1.0,0.0,6.0,0.0,6.0,6.0,3.0,3.0,4.0,2.0,0.0,0.0,3.4,3.25,2.2,1.92,1.86,0.25,1.96,1.85,3.43,3.55,2.2,W Collum,Scottish Premiership,,20220903_Livingston_Hearts,-59.406266203002815,0.97,0.73,52.6,47.4
2022-09-03,Motherwell,Dundee United,0.0,0.0,5.0,3.0,16.0,8.0,3.0,6.0,2.0,1.0,0.0,0.0,1.95,3.3,4.2,2.14,1.69,-0.5,1.96,1.86,2.02,3.41,4.17,C Napier,Scottish Premiership,,20220903_Motherwell_Dundee-United,27.94955063141333,0.29,1.4,50.6,49.4
2022-09-03,Ross County,Aberdeen,1.0,1.0,2.0,5.0,9.0,6.0,3.0,13.0,0.0,2.0,0.0,0.0,4.0,3.3,2.0,2.25,1.63,0.25,1.93,1.88,3.58,3.3,2.24,K Clancy,Scottish Premiership,,20220903_Ross-County_Aberdeen,-9.41636369396042,0.91,0.27,52.7,47.3
2022-09-03,St Johnstone,St Mirren,3.0,0.0,4.0,2.0,5.0,8.0,1.0,9.0,2.0,5.0,0.0,0.0,2.5,3.1,3.0,2.62,1.47,0.0,1.99,1.83,3.02,3.01,2.75,C Steven,Scottish Premiership,,20220903_St-Johnstone_St-Mirren,-69.14098763847437,2.15,0.42,50.0,50.0
2022-09-17,Hibernian,Aberdeen,3.0,1.0,8.0,1.0,17.0,4.0,10.0,2.0,2.0,4.0,0.0,1.0,2.25,3.25,3.4,2.12,1.7,-0.25,1.92,1.89,2.33,3.29,3.4,D Dickinson,Scottish Premiership,,20220917_Hibernian_Aberdeen,7.285698967220924,1.83,0.44,54.4,45.6
2022-09-17,Livingston,Kilmarnock,1.0,0.0,1.0,1.0,8.0,2.0,5.0,4.0,1.0,2.0,0.0,0.0,2.0,3.3,4.0,2.27,1.62,-0.25,1.77,2.05,2.1,3.24,4.1,G Irvine,Scottish Premiership,,20220917_Livingston_Kilmarnock,27.530467210542383,1.08,1.28,44.2,55.8
2022-09-17,Rangers,Dundee United,2.0,1.0,6.0,5.0,11.0,5.0,7.0,4.0,3.0,2.0,0.0,0.0,1.11,9.0,21.0,1.41,2.82,-2.25,1.93,1.88,1.15,8.91,20.06,K Clancy,Scottish Premiership,,20220917_Rangers_Dundee-United,219.69531505722807,1.57,1.2,51.2,48.8
2022-09-17,St Johnstone,Ross County,0.0,0.0,1.0,1.0,14.0,8.0,5.0,3.0,4.0,2.0,0.0,0.0,2.37,3.2,3.2,2.6,1.48,0.0,1.74,2.11,2.55,2.99,3.32,M MacDermid,Scottish Premiership,,20220917_St-Johnstone_Ross-County,-27.613937478322214,0.21,0.72,45.0,55.0
2022-09-18,Motherwell,Hearts,0.0,3.0,5.0,6.0,20.0,4.0,6.0,2.0,3.0,2.0,0.0,0.0,2.75,3.5,2.5,1.98,1.81,0.0,1.85,1.98,2.68,3.33,2.83,N Walsh,Scottish Premiership,,20220918_Motherwell_Hearts,-52.68217222151952,0.54,1.4,49.8,50.2
2022-09-18,St Mirren,Celtic,2.0,0.0,2.0,4.0,2.0,14.0,6.0,7.0,3.0,2.0,0.0,0.0,17.0,7.5,1.16,1.53,2.47,1.75,1.94,1.87,14.63,6.31,1.23,D Robertson,Scottish Premiership,,20220918_St-Mirren_Celtic,-271.9074091292084,0.63,1.34,44.2,55.8
2022-10-01,Aberdeen,Kilmarnock,4.0,1.0,8.0,3.0,8.0,4.0,5.0,5.0,1.0,2.0,0.0,0.0,1.66,3.6,5.75,2.02,1.77,-0.75,1.91,1.9,1.76,3.71,5.0,K Clancy,Scottish Premiership,,20221001_Aberdeen_Kilmarnock,-15.60579103615828,1.84,1.03,55.6,44.4
2022-10-01,Celtic,Motherwell,2.0,1.0,6.0,2.0,11.0,5.0,7.0,4.0,1.0,4.0,1.0,0.0,1.11,10.0,17.0,1.3,3.41,-2.5,1.84,1.97,1.11,10.89,24.44,J Beaton,Scottish Premiership,,20221001_Celtic_Motherwell,245.19920752092685,1.27,1.2,56.3,43.7
2022-10-01,Dundee United,St Johnstone,1.0,2.0,6.0,3.0,13.0,9.0,9.0,0.0,5.0,3.0,0.0,0.0,2.4,3.2,3.1,2.55,1.5,-0.25,1.96,1.84,2.39,3.06,3.43,D Munro,Scottish Premiership,,20221001_Dundee-United_St-Johnstone,25.22008165292823,0.76,0.73,48.6,51.4
2022-10-01,Hearts,Rangers,0.0,4.0,1.0,7.0,6.0,13.0,5.0,7.0,1.0,2.0,1.0,0.0,5.0,4.0,1.7,1.61,2.27,1.0,1.95,1.87,5.8,4.46,1.56,S McLean,Scottish Premiership,,20221001_Hearts_Rangers,-136.07999755762853,0.5,1.91,35.2,64.8
2022-10-01,Ross County,Hibernian,0.0,2.0,2.0,9.0,7.0,15.0,6.0,11.0,1.0,0.0,0.0,0.0,3.75,3.3,2.05,2.17,1.67,0.5,1.9,1.91,4.3,3.5,1.93,A Muir,Scottish Premiership,,20221001_Ross-County_Hibernian,-28.75190867245169,0.43,1.6,54.9,45.1
2022-10-01,St Mirren,Livingston,2.0,1.0,3.0,3.0,5.0,7.0,6.0,7.0,3.0,1.0,1.0,0.0,2.3,3.2,3.3,2.45,1.53,-0.25,1.88,1.93,2.22,3.03,3.92,C Napier,Scottish Premiership,,20221001_St-Mirren_Livingston,-29.592688263113814,0.99,0.54,44.7,55.3
2022-10-04,Ross County,Motherwell,0.0,5.0,1.0,6.0,8.0,5.0,4.0,3.0,3.0,2.0,0.0,0.0,2.87,3.3,2.45,2.22,1.64,0.25,1.76,2.09,3.11,3.23,2.52,C Graham,Scottish Premiership,,20221004_Ross-County_Motherwell,-26.927719824636824,1.05,1.21,52.9,47.1
2022-10-05,Kilmarnock,St Johnstone,2.0,1.0,2.0,5.0,9.0,10.0,5.0,5.0,0.0,3.0,0.0,0.0,2.3,3.2,3.3,2.36,1.57,-0.25,1.87,1.95,2.25,3.2,3.7,A Muir,Scottish Premiership,,20221005_Kilmarnock_St-Johnstone,13.877459148965727,0.67,1.21,46.1,53.9
2022-10-08,Dundee United,Aberdeen,4.0,0.0,8.0,1.0,6.0,13.0,5.0,1.0,2.0,1.0,0.0,0.0,3.6,3.3,2.05,2.04,1.76,0.5,1.89,1.94,4.08,3.69,1.95,W Collum,Scottish Premiership,,20221008_Dundee-United_Aberdeen,-23.867959983282617,2.05,0.91,46.8,53.2
2022-10-08,Hibernian,Motherwell,1.0,0.0,5.0,1.0,9.0,8.0,3.0,7.0,2.0,4.0,0.0,1.0,1.75,3.6,4.75,1.94,1.84,-0.75,1.96,1.87,1.75,3.82,5.06,G Irvine,Scottish Premiership,,20221008_Hibernian_Motherwell,12.770791539860738,1.72,0.61,52.5,47.5
2022-10-08,Livingston,Ross County,0.0,1.0,3.0,1.0,19.0,4.0,9.0,2.0,0.0,3.0,0.0,0.0,1.9,3.4,4.2,2.25,1.63,-0.5,1.91,1.92,1.9,3.42,4.74,G Grainger,Scottish Premiership,,20221008_Livingston_Ross-County,72.26928694937874,1.04,1.47,53.2,46.8
2022-10-08,Rangers,St Mirren,4.0,0.0,8.0,3.0,11.0,6.0,8.0,5.0,0.0,2.0,0.0,0.0,1.2,6.0,15.0,1.5,2.53,-2.0,2.03,1.8,1.21,6.82,15.73,N Walsh,Scottish Premiership,,20221008_Rangers_St-Mirren,190.66474934498115,1.81,1.18,50.8,49.2
2022-10-08,St Johnstone,Celtic,1.0,2.0,3.0,4.0,5.0,7.0,2.0,8.0,3.0,3.0,0.0,0.0,13.0,7.0,1.2,1.52,2.47,2.0,1.83,2.0,15.17,7.21,1.2,E Anderson,Scottish Premiership,,20221008_St-Johnstone_Celtic,-294.887597388067,1.18,1.82,42.5,57.5
2022-10-09,Kilmarnock,Hearts,2.0,2.0,6.0,5.0,8.0,6.0,6.0,3.0,2.0,1.0,0.0,0.0,3.25,3.4,2.2,1.87,1.91,0.25,2.02,1.8,3.5,3.68,2.12,M MacDermid,Scottish Premiership,,20221009_Kilmarnock_Hearts,-73.60926367720208,0.93,0.56,45.3,54.7
2022-10-11,Dundee United,Hibernian,1.0,0.0,1.0,7.0,8.0,11.0,5.0,10.0,5.0,2.0,0.0,0.0,4.0,3.6,1.9,1.93,1.85,0.5,1.98,1.84,4.42,3.75,1.88,E Anderson,Scottish Premiership,,20221011_Dundee-United_Hibernian,-51.85705199346967,1.71,1.34,45.8,54.2
2022-10-15,Celtic,Hibernian,6.0,1.0,9.0,5.0,11.0,4.0,7.0,2.0,1.0,0.0,0.0,0.0,1.25,6.0,13.0,1.54,2.41,-1.5,1.97,1.85,1.36,5.17,9.6,S McLean,Scottish Premiership,,20221015_Celtic_Hibernian,236.69840784915846,1.54,1.92,51.6,48.4
2022-10-15,Livingston,St Johnstone,1.0,0.0,4.0,3.0,10.0,7.0,8.0,2.0,3.0,3.0,0.0,0.0,2.0,3.25,4.2,2.45,1.53,-0.5,1.93,1.89,1.98,3.22,4.67,K Clancy,Scottish Premiership,,20221015_Livingston_St-Johnstone,63.80438995523923,0.24,0.72,46.6,53.4
2022-10-15,Ross County,Dundee United,1.0,1.0,1.0,3.0,5.0,11.0,4.0,10.0,1.0,0.0,0.0,0.0,2.37,3.25,3.1,2.19,1.65,0.0,2.01,1.82,2.97,3.29,2.58,C Napier,Scottish Premiership,,20221015_Ross-County_Dundee-United,-20.861375877103455,0.51,0.38,46.2,53.8
2022-10-15,St Mirren,Kilmarnock,0.0,0.0,3.0,4.0,11.0,10.0,6.0,8.0,3.0,2.0,0.0,0.0,2.05,3.25,3.8,2.24,1.63,-0.5,1.87,1.95,1.9,3.43,4.74,C Graham,Scottish Premiership,,20221015_St-Mirren_Kilmarnock,25.567574659079128,0.78,0.31,58.1,41.9
2022-10-16,Aberdeen,Hearts,2.0,0.0,5.0,3.0,11.0,10.0,4.0,1.0,3.0,3.0,0.0,0.0,2.3,3.3,3.2,1.83,1.95,-0.25,1.8,2.03,2.15,3.55,3.56,D Robertson,Scottish Premiership,,20221016_Aberdeen_Hearts,-85.97678405471265,1.14,0.45,45.7,54.3
2022-10-16,Motherwell,Rangers,1.0,2.0,2.0,4.0,3.0,3.0,3.0,3.0,3.0,4.0,0.0,0.0,8.5,4.75,1.4,1.69,2.14,1.0,2.06,1.77,7.19,4.45,1.5,D Dickinson,Scottish Premiership,,20221016_Motherwell_Rangers,-227.87314732007144,0.08,1.25,39.7,60.3
2022-10-21,Hibernian,St Johnstone,1.0,2.0,5.0,5.0,10.0,2.0,1.0,1.0,4.0,1.0,1.0,0.0,1.65,3.8,5.75,2.09,1.72,-1.0,2.03,1.79,1.6,3.9,6.72,K Clancy,Scottish Premiership,,20221021_Hibernian_St-Johnstone,70.54802195384423,1.79,0.72,52.7,47.3
2022-10-22,Hearts,Celtic,3.0,4.0,7.0,6.0,8.0,5.0,3.0,6.0,2.0,1.0,0.0,0.0,9.5,5.5,1.3,1.42,2.8,1.75,1.76,2.08,10.47,6.01,1.29,N Walsh,Scottish Premiership,,20221022_Hearts_Celtic,-210.3811831015571,1.92,2.0,42.5,57.5
2022-10-22,Kilmarnock,Ross County,1.0,0.0,6.0,4.0,5.0,6.0,5.0,7.0,2.0,2.0,0.0,0.0,2.0,3.25,4.2,2.29,1.6,-0.5,1.94,1.89,1.95,3.33,4.61,C Steven,Scottish Premiership,,20221022_Kilmarnock_Ross-County,22.84463925598766,0.46,0.35,45.5,54.5
2022-10-22,Motherwell,Aberdeen,1.0,2.0,4.0,3.0,8.0,4.0,4.0,0.0,3.0,2.0,0.0,0.0,2.75,3.25,2.62,2.05,1.75,0.0,1.83,2.0,2.63,3.26,2.94,E Anderson,Scottish Premiership,,20221022_Motherwell_Aberdeen,-2.2568234149018735,0.25,1.91,41.4,58.6
2022-10-22,Rangers,Livingston,1.0,1.0,3.0,1.0,21.0,4.0,14.0,1.0,2.0,2.0,0.0,1.0,1.16,8.0,15.0,1.59,2.3,-1.75,1.9,1.91,1.23,6.51,13.68,D Munro,Scottish Premiership,,20221022_Rangers_Livingston,202.8487574399246,1.17,0.97,57.5,42.5
2022-10-22,St Mirren,Dundee United,2.0,1.0,2.0,3.0,13.0,7.0,6.0,6.0,1.0,1.0,0.0,0.0,2.05,3.2,3.8,2.15,1.68,-0.5,2.03,1.81,2.06,3.43,3.98,G Irvine,Scottish Premiership,,20221022_St-Mirren_Dundee-United,27.227197280802102,0.97,0.7,52.3,47.7
2022-10-29,Dundee United,Motherwell,0.0,1.0,3.0,2.0,7.0,7.0,10.0,5.0,0.0,1.0,1.0,0.0,2.62,3.2,2.8,2.14,1.69,0.0,2.07,1.77,3.03,3.26,2.56,J Beaton,Scottish Premiership,,20221029_Dundee-United_Motherwell,3.043409710076048,0.45,0.84,48.7,51.3
2022-10-29,Hibernian,St Mirren,3.0,0.0,4.0,3.0,12.0,8.0,6.0,6.0,2.0,3.0,0.0,0.0,1.72,3.6,5.0,2.01,1.78,-0.5,1.84,1.98,1.86,3.63,4.59,D Robertson,Scottish Premiership,,20221029_Hibernian_St-Mirren,-32.56334526297269,1.4,0.48,48.7,51.3
2022-10-29,Rangers,Aberdeen,4.0,1.0,13.0,1.0,23.0,4.0,13.0,4.0,0.0,3.0,0.0,0.0,1.36,5.5,7.0,1.56,2.36,-1.5,2.01,1.81,1.38,5.42,8.13,N Walsh,Scottish Premiership,,20221029_Rangers_Aberdeen,217.5741850513898,1.37,1.16,53.1,46.9
2022-10-29,St Johnstone,Kilmarnock,1.0,0.0,2.0,2.0,6.0,5.0,3.0,6.0,5.0,1.0,0.0,0.0,2.45,3.0,3.2,2.61,1.48,-0.25,2.0,1.82,2.46,2.99,3.49,C Napier,Scottish Premiership,,20221029_St-Johnstone_Kilmarnock,-50.649944963333155,1.47,0.94,51.3,48.7
2022-10-30,Livingston,Celtic,0.0,3.0,2.0,6.0,2.0,10.0,0.0,4.0,2.0,3.0,0.0,0.0,11.0,6.0,1.25,1.54,2.42,1.75,1.93,1.89,14.24,6.26,1.26,W Collum,Scottish Premiership,,20221030_Livingston_Celtic,-232.78719663542938,0.37,1.21,43.4,56.6
2022-10-30,Ross County,Hearts,1.0,2.0,7.0,3.0,8.0,9.0,6.0,1.0,3.0,2.0,0.0,0.0,4.0,3.5,1.95,1.97,1.82,0.25,1.91,1.91,3.42,3.4,2.26,D Dickinson,Scottish Premiership,,20221030_Ross-County_Hearts,-81.35579138354296,2.37,0.83,46.8,53.2
2022-11-04,Aberdeen,Hibernian,4.0,1.0,6.0,6.0,1.0,11.0,5.0,4.0,2.0,2.0,0.0,0.0,2.62,3.3,2.62,2.1,1.71,-0.25,2.09,1.75,2.55,3.3,3.01,D Munro,Scottish Premiership,,20221104_Aberdeen_Hibernian,-12.18540067751701,1.99,0.85,45.3,54.7
2022-11-04,Kilmarnock,Livingston,2.0,3.0,4.0,4.0,9.0,6.0,5.0,4.0,3.0,3.0,0.0,0.0,2.7,2.9,3.0,2.5,1.51,-0.25,2.06,1.78,2.47,3.06,3.38,C Steven,Scottish Premiership,,20221104_Kilmarnock_Livingston,-33.4546220801376,0.71,0.68,50.7,49.3
2022-11-05,Celtic,Dundee United,4.0,2.0,12.0,3.0,12.0,3.0,11.0,2.0,3.0,2.0,0.0,0.0,1.1,10.0,23.0,1.25,3.83,-2.75,1.88,1.94,1.08,12.53,34.39,D Dickinson,Scottish Premiership,,20221105_Celtic_Dundee-United,300.2662949170822,2.15,0.71,59.4,40.6
2022-11-05,Ross County,St Mirren,3.0,2.0,4.0,4.0,6.0,7.0,7.0,5.0,2.0,3.0,0.0,0.0,3.1,3.2,2.45,2.44,1.54,0.25,1.85,1.97,3.43,3.17,2.37,J Beaton,Scottish Premiership,,20221105_Ross-County_St-Mirren,-65.0417946891821,1.13,0.05,46.0,54.0
2022-11-06,Hearts,Motherwell,3.0,2.0,7.0,5.0,8.0,13.0,6.0,11.0,2.0,3.0,1.0,0.0,1.95,3.6,3.8,1.85,1.94,-0.25,1.86,1.96,2.2,3.53,3.45,K Clancy,Scottish Premiership,,20221106_Hearts_Motherwell,61.961778708523525,0.82,0.94,50.2,49.8
2022-11-06,St Johnstone,Rangers,2.0,1.0,3.0,7.0,8.0,22.0,0.0,20.0,2.0,0.0,0.0,0.0,10.0,5.5,1.3,1.6,2.3,1.5,1.95,1.87,10.64,5.84,1.3,S McLean,Scottish Premiership,,20221106_St-Johnstone_Rangers,-257.18292884572725,0.23,2.22,43.7,56.3
2022-11-08,Hibernian,Ross County,0.0,2.0,4.0,3.0,17.0,3.0,4.0,3.0,1.0,3.0,0.0,0.0,1.53,4.2,6.0,1.91,1.87,-1.25,1.94,1.89,1.41,4.68,9.25,A Muir,Scottish Premiership,,20221108_Hibernian_Ross-County,32.08000217830795,0.15,1.45,46.3,53.7
2022-11-08,Livingston,Aberdeen,2.0,1.0,3.0,10.0,5.0,14.0,7.0,8.0,4.0,3.0,0.0,0.0,2.75,3.25,2.62,2.11,1.7,0.0,1.8,2.04,2.54,3.3,3.03,N Walsh,Scottish Premiership,,20221108_Livingston_Aberdeen,26.118205412032694,0.87,0.71,51.3,48.7
2022-11-09,Dundee United,Kilmarnock,4.0,0.0,6.0,0.0,1.0,16.0,3.0,4.0,0.0,1.0,0.0,0.0,2.45,3.25,3.0,2.15,1.68,-0.25,1.81,2.01,2.17,3.37,3.7,G Irvine,Scottish Premiership,,20221109_Dundee-United_Kilmarnock,-16.834956441575514,2.18,0.34,46.2,53.8
2022-11-09,Motherwell,Celtic,1.0,2.0,2.0,3.0,5.0,13.0,5.0,10.0,2.0,1.0,0.0,0.0,11.0,5.75,1.28,1.43,2.73,1.75,1.96,1.86,12.26,6.84,1.24,W Collum,Scottish Premiership,,20221109_Motherwell_Celtic,-292.6005943432949,1.15,0.92,40.0,60.0
2022-11-09,Rangers,Hearts,1.0,0.0,6.0,0.0,11.0,7.0,7.0,5.0,3.0,1.0,0.0,0.0,1.25,6.5,9.5,1.35,3.12,-2.0,1.87,1.95,1.2,7.56,13.63,J Beaton,Scottish Premiership,,20221109_Rangers_Hearts,145.50907976779627,0.9,0.37,59.5,40.5
2022-11-09,St Mirren,St Johnstone,2.0,2.0,4.0,2.0,7.0,6.0,6.0,3.0,4.0,3.0,0.0,1.0,2.0,3.3,4.0,2.37,1.57,-0.25,1.83,1.99,2.2,3.19,3.85,E Anderson,Scottish Premiership,,20221109_St-Mirren_St-Johnstone,13.67345019135314,0.07,0.89,51.5,48.5
2022-11-12,Aberdeen,Dundee United,1.0,0.0,2.0,2.0,7.0,4.0,3.0,3.0,1.0,0.0,0.0,0.0,1.72,3.6,5.0,1.77,2.02,-0.75,1.99,1.83,1.81,3.85,4.62,W Collum,Scottish Premiership,,20221112_Aberdeen_Dundee-United,22.186916796444848,1.12,0.55,58.7,41.3
2022-11-12,Celtic,Ross County,2.0,1.0,7.0,2.0,15.0,0.0,9.0,0.0,1.0,4.0,0.0,0.0,1.1,12.0,19.0,1.23,3.94,-3.0,2.0,1.82,1.07,14.57,38.56,D Munro,Scottish Premiership,,20221112_Celtic_Ross-County,297.02399483397517,2.93,0.82,58.9,41.1
2022-11-12,Hearts,Livingston,1.0,1.0,6.0,7.0,9.0,11.0,11.0,6.0,1.0,1.0,1.0,0.0,1.95,3.4,4.0,1.98,1.81,-0.5,1.81,2.0,1.81,3.81,4.65,C Napier,Scottish Premiership,,20221112_Hearts_Livingston,6.295492188788103,2.0,0.91,49.4,50.6
2022-11-12,Kilmarnock,Hibernian,1.0,0.0,1.0,1.0,5.0,14.0,0.0,5.0,2.0,3.0,0.0,0.0,3.25,3.3,2.3,2.12,1.69,0.25,2.04,1.79,3.86,3.42,2.1,D Dickinson,Scottish Premiership,,20221112_Kilmarnock_Hibernian,-15.852715295648977,1.01,1.46,41.9,58.1
2022-11-12,St Johnstone,Motherwell,1.0,1.0,3.0,3.0,7.0,9.0,8.0,4.0,2.0,4.0,0.0,0.0,2.55,3.2,2.9,2.26,1.61,0.0,1.96,1.87,3.0,3.17,2.65,N Walsh,Scottish Premiership,,20221112_St-Johnstone_Motherwell,13.383941824232352,1.5,0.44,53.8,46.2
2022-11-12,St Mirren,Rangers,1.0,1.0,3.0,4.0,7.0,10.0,6.0,5.0,2.0,1.0,0.0,0.0,7.5,4.75,1.4,1.68,2.14,1.25,1.95,1.87,8.18,4.95,1.41,K Clancy,Scottish Premiership,,20221112_St-Mirren_Rangers,-212.12753497807466,0.37,1.5,45.3,54.7
2022-12-15,Rangers,Hibernian,3.0,2.0,9.0,5.0,13.0,3.0,8.0,4.0,1.0,3.0,0.0,0.0,1.3,5.25,9.0,1.58,2.32,-1.5,1.98,1.84,1.36,5.34,9.25,N Walsh,Scottish Premiership,,20221215_Rangers_Hibernian,235.29397162834584,1.26,1.1,53.8,46.2
2022-12-17,Aberdeen,Celtic,0.0,1.0,0.0,10.0,2.0,23.0,0.0,7.0,1.0,0.0,0.0,0.0,7.0,5.0,1.4,1.43,2.73,1.5,2.0,1.84,9.41,6.04,1.32,S McLean,Scottish Premiership,,20221217_Aberdeen_Celtic,-268.9342684613746,1.64,1.98,42.7,57.3
2022-12-17,Hearts,Kilmarnock,3.0,1.0,5.0,5.0,8.0,9.0,7.0,2.0,1.0,1.0,0.0,0.0,1.8,3.6,4.75,1.83,1.95,-0.75,1.85,1.97,1.66,4.08,5.47,W Collum,Scottish Premiership,,20221217_Hearts_Kilmarnock,72.36230693252901,0.58,1.71,54.5,45.5
2022-12-17,Ross County,St Johnstone,1.0,2.0,1.0,7.0,2.0,14.0,0.0,6.0,1.0,1.0,1.0,0.0,2.7,3.2,2.7,2.46,1.53,-0.25,2.09,1.76,2.54,3.11,3.21,G Grainger,Scottish Premiership,,20221217_Ross-County_St-Johnstone,-13.508823591859027,0.05,0.91,50.1,49.9
2022-12-20,Aberdeen,Rangers,2.0,3.0,2.0,8.0,6.0,6.0,3.0,5.0,5.0,5.0,0.0,0.0,6.0,4.2,1.53,1.66,2.18,1.0,1.97,1.85,6.23,4.44,1.55,W Collum,Scottish Premiership,,20221220_Aberdeen_Rangers,-205.98286735060174,1.18,1.54,44.3,55.7
2022-12-21,Celtic,Livingston,2.0,1.0,10.0,2.0,13.0,1.0,10.0,1.0,2.0,3.0,0.0,0.0,1.11,10.0,21.0,1.27,3.56,-2.5,1.83,2.01,1.11,11.03,26.03,E Anderson,Scottish Premiership,,20221221_Celtic_Livingston,235.84279558475077,0.05,0.91,62.5,37.5
2022-12-23,Motherwell,Kilmarnock,2.0,2.0,4.0,2.0,11.0,1.0,13.0,1.0,2.0,0.0,0.0,1.0,1.95,3.5,3.8,2.14,1.69,-0.5,1.96,1.86,1.99,3.53,4.11,J Beaton,Scottish Premiership,,20221223_Motherwell_Kilmarnock,4.343934755961982,0.9,2.41,46.7,53.3
2022-12-23,Ross County,Rangers,0.0,1.0,1.0,6.0,5.0,11.0,0.0,4.0,2.0,1.0,0.0,0.0,10.0,6.5,1.25,1.56,2.37,1.75,1.84,1.98,11.1,6.19,1.27,D Robertson,Scottish Premiership,,20221223_Ross-County_Rangers,-254.36723367297827,0.33,0.21,46.9,53.1
2022-12-24,Celtic,St Johnstone,4.0,1.0,10.0,3.0,10.0,4.0,9.0,1.0,2.0,1.0,1.0,0.0,1.13,9.0,21.0,1.26,3.67,-2.75,1.91,1.9,1.09,11.37,32.17,K Clancy,Scottish Premiership,,20221224_Celtic_St-Johnstone,288.4542528383331,2.36,0.55,55.1,44.9
2022-12-24,Dundee United,Hearts,2.0,2.0,6.0,3.0,5.0,11.0,6.0,9.0,4.0,2.0,0.0,0.0,3.0,3.5,2.3,1.76,2.03,0.25,1.95,1.87,3.4,3.7,2.16,C Steven,Scottish Premiership,,20221224_Dundee-United_Hearts,-97.35335687094675,1.14,0.54,38.5,61.5
2022-12-24,Hibernian,Livingston,4.0,0.0,11.0,3.0,16.0,5.0,9.0,1.0,2.0,4.0,0.0,1.0,1.8,3.6,4.5,1.91,1.88,-0.75,1.89,1.93,1.7,3.9,5.08,C Napier,Scottish Premiership,,20221224_Hibernian_Livingston,-75.75558858685304,1.73,1.01,41.8,58.2
2022-12-24,St Mirren,Aberdeen,3.0,1.0,4.0,5.0,12.0,6.0,8.0,5.0,4.0,1.0,0.0,1.0,2.75,3.25,2.63,2.2,1.65,0.0,1.85,1.97,2.7,3.23,2.88,N Walsh,Scottish Premiership,,20221224_St-Mirren_Aberdeen,7.616851524501271,2.28,0.94,46.7,53.3
2022-12-28,Dundee United,Ross County,3.0,0.0,6.0,0.0,5.0,8.0,3.0,2.0,2.0,0.0,0.0,1.0,1.95,3.5,4.0,2.14,1.69,-0.5,1.91,1.9,1.93,3.49,4.45,C Graham,Scottish Premiership,,20221228_Dundee-United_Ross-County,10.104819547777424,1.52,0.89,52.8,47.2
2022-12-28,Hibernian,Celtic,0.0,4.0,1.0,7.0,5.0,13.0,5.0,14.0,0.0,0.0,0.0,0.0,7.0,5.0,1.4,1.44,2.73,1.5,1.97,1.85,9.56,6.03,1.31,A Muir,Scottish Premiership,,20221228_Hibernian_Celtic,-310.677436784621,0.05,1.2,41.3,58.7
2022-12-28,Kilmarnock,Aberdeen,2.0,1.0,4.0,2.0,13.0,7.0,2.0,6.0,2.0,2.0,0.0,0.0,3.0,3.5,2.3,1.93,1.86,0.25,1.85,1.98,3.33,3.44,2.29,D Robertson,Scottish Premiership,,20221228_Kilmarnock_Aberdeen,-17.025593522381314,1.28,0.34,45.5,54.5
2022-12-28,Livingston,St Mirren,1.0,1.0,3.0,4.0,5.0,12.0,4.0,5.0,1.0,2.0,1.0,1.0,2.38,3.4,3.0,2.19,1.66,0.0,1.97,1.85,2.95,3.23,2.64,S McLean,Scottish Premiership,,20221228_Livingston_St-Mirren,8.284588889248198,1.98,2.23,47.6,52.4
2022-12-28,Rangers,Motherwell,3.0,0.0,10.0,2.0,9.0,4.0,7.0,7.0,2.0,3.0,0.0,0.0,1.22,6.5,13.0,1.47,2.61,-2.0,1.93,1.88,1.17,7.98,17.62,D Dickinson,Scottish Premiership,,20221228_Rangers_Motherwell,246.4422643218154,1.35,0.59,65.7,34.3
2022-12-28,St Johnstone,Hearts,2.0,3.0,3.0,3.0,12.0,13.0,4.0,11.0,4.0,1.0,0.0,0.0,3.0,3.4,2.3,1.91,1.87,0.25,1.9,1.92,3.26,3.64,2.24,W Collum,Scottish Premiership,,20221228_St-Johnstone_Hearts,-63.65289176650276,0.67,0.9,48.2,51.8
2023-01-02,Aberdeen,Ross County,0.0,0.0,6.0,1.0,16.0,6.0,11.0,1.0,0.0,4.0,0.0,0.0,1.65,3.75,5.5,1.81,1.98,-1.0,1.94,1.88,1.54,4.3,6.62,M MacDermid,Scottish Premiership,,20230102_Aberdeen_Ross-County,28.985429582528468,0.81,0.05,53.5,46.5
2023-01-02,Hearts,Hibernian,3.0,0.0,5.0,4.0,4.0,10.0,3.0,4.0,2.0,3.0,0.0,0.0,2.15,3.5,3.3,1.66,2.19,-0.25,1.94,1.89,2.29,3.57,3.21,K Clancy,Scottish Premiership,,20230102_Hearts_Hibernian,91.47479306930518,1.85,0.97,52.4,47.6
2023-01-02,Kilmarnock,St Mirren,0.0,0.0,3.0,0.0,9.0,6.0,6.0,4.0,2.0,3.0,0.0,1.0,2.63,3.4,2.63,2.27,1.62,0.0,1.91,1.92,2.8,3.14,2.84,G Irvine,Scottish Premiership,,20230102_Kilmarnock_St-Mirren,-35.814888285313145,1.3,0.46,45.0,55.0
2023-01-02,Livingston,Motherwell,1.0,1.0,6.0,5.0,5.0,11.0,5.0,4.0,3.0,2.0,0.0,0.0,2.63,3.4,2.63,2.11,1.72,0.0,2.06,1.78,3.0,3.32,2.54,D Munro,Scottish Premiership,,20230102_Livingston_Motherwell,56.74801060425784,0.55,1.67,61.1,38.9
2023-01-02,Rangers,Celtic,2.0,2.0,5.0,2.0,10.0,6.0,5.0,4.0,1.0,1.0,0.0,0.0,3.2,3.6,2.15,1.66,2.2,0.25,1.87,1.95,3.13,3.68,2.33,J Beaton,Scottish Premiership,,20230102_Rangers_Celtic,-68.74972839518614,1.76,0.59,46.8,53.2
2023-01-02,St Johnstone,Dundee United,0.0,1.0,2.0,2.0,6.0,8.0,3.0,2.0,3.0,1.0,0.0,0.0,2.25,3.3,3.25,2.22,1.64,-0.25,2.04,1.8,2.52,3.28,3.07,G Grainger,Scottish Premiership,,20230102_St-Johnstone_Dundee-United,5.669310089201872,0.05,0.89,51.1,48.9
2023-01-07,Aberdeen,St Johnstone,2.0,0.0,7.0,1.0,9.0,9.0,9.0,2.0,0.0,3.0,0.0,0.0,1.67,3.6,5.25,2.01,1.79,-0.75,1.86,1.97,1.68,3.84,5.7,E Anderson,Scottish Premiership,,20230107_Aberdeen_St-Johnstone,1.1061079526186859,0.05,0.49,45.3,54.7
2023-01-07,Celtic,Kilmarnock,2.0,0.0,10.0,0.0,14.0,2.0,4.0,3.0,0.0,0.0,0.0,0.0,1.08,12.0,23.0,1.25,3.74,-2.75,1.93,1.9,1.09,11.8,31.12,N Walsh,Scottish Premiership,,20230107_Celtic_Kilmarnock,307.748658306316,0.57,1.11,53.5,46.5
2023-01-07,Ross County,Livingston,0.0,2.0,2.0,5.0,8.0,7.0,4.0,4.0,0.0,1.0,0.0,0.0,2.7,3.2,2.7,2.55,1.5,0.0,1.87,1.96,2.81,3.01,2.94,W Collum,Scottish Premiership,,20230107_Ross-County_Livingston,-77.7207220836126,0.6,1.33,49.7,50.3
2023-01-07,St Mirren,Hearts,1.0,1.0,5.0,3.0,8.0,7.0,3.0,4.0,2.0,2.0,1.0,0.0,2.88,3.3,2.5,1.83,1.96,0.0,1.95,1.89,2.75,3.57,2.6,C Graham,Scottish Premiership,,20230107_St-Mirren_Hearts,-59.57513532451139,0.93,1.0,45.8,54.2
2023-01-08,Dundee United,Rangers,0.0,2.0,1.0,10.0,5.0,10.0,1.0,7.0,1.0,0.0,0.0,0.0,9.5,5.0,1.33,1.62,2.27,1.5,1.93,1.89,10.55,5.77,1.31,S McLean,Scottish Premiership,,20230108_Dundee-United_Rangers,-236.4517920674689,0.97,1.39,47.3,52.7
2023-01-08,Motherwell,Hibernian,2.0,3.0,3.0,4.0,10.0,6.0,5.0,2.0,2.0,1.0,0.0,0.0,2.88,3.3,2.5,2.09,1.73,0.0,2.04,1.8,2.97,3.34,2.56,D Munro,Scottish Premiership,,20230108_Motherwell_Hibernian,3.862679397487682,0.52,1.26,46.0,54.0
2023-01-13,Hearts,St Mirren,1.0,0.0,3.0,4.0,9.0,15.0,5.0,5.0,2.0,4.0,0.0,0.0,1.83,3.5,4.5,1.8,2.0,-0.75,1.84,1.99,1.7,3.93,5.31,D Munro,Scottish Premiership,,20230113_Hearts_St-Mirren,55.499695148627325,0.75,0.96,58.6,41.4
2023-01-14,Hibernian,Dundee United,2.0,2.0,6.0,4.0,10.0,8.0,3.0,6.0,2.0,3.0,0.0,0.0,1.7,3.75,5.0,1.91,1.88,-0.75,1.93,1.89,1.76,3.77,5.08,C Steven,Scottish Premiership,,20230114_Hibernian_Dundee-United,-6.577650557650259,1.67,0.37,47.5,52.5
2023-01-14,Motherwell,Ross County,1.0,1.0,3.0,5.0,8.0,7.0,7.0,3.0,2.0,3.0,0.0,0.0,1.75,3.6,4.5,2.05,1.76,-0.75,2.0,1.84,1.75,3.73,5.23,D Dickinson,Scottish Premiership,,20230114_Motherwell_Ross-County,22.084346271662525,0.54,0.37,47.8,52.2
2023-01-14,St Johnstone,Livingston,2.0,4.0,5.0,5.0,10.0,6.0,5.0,3.0,1.0,1.0,0.0,0.0,2.4,3.1,3.2,2.51,1.51,-0.25,2.03,1.8,2.47,3.01,3.44,J Beaton,Scottish Premiership,,20230114_St-Johnstone_Livingston,-73.16032631489657,1.6,1.38,42.0,58.0
2023-01-18,Celtic,St Mirren,4.0,0.0,6.0,3.0,11.0,6.0,8.0,2.0,0.0,0.0,0.0,0.0,1.11,9.0,21.0,1.35,3.09,-2.25,1.91,1.92,1.15,9.16,18.54,S McLean,Scottish Premiership,,20230118_Celtic_St-Mirren,285.94898811675193,2.53,0.53,60.5,39.5
2023-01-18,Hearts,Aberdeen,5.0,0.0,6.0,2.0,6.0,7.0,3.0,8.0,1.0,1.0,0.0,0.0,2.15,3.4,3.4,1.69,2.14,-0.25,1.82,2.0,2.12,3.6,3.58,W Collum,Scottish Premiership,,20230118_Hearts_Aberdeen,99.40547329798119,1.36,0.67,54.6,45.4
2023-01-18,Kilmarnock,Rangers,2.0,3.0,5.0,7.0,5.0,6.0,3.0,4.0,1.0,2.0,1.0,0.0,8.0,5.5,1.33,1.71,2.12,1.5,1.89,1.93,10.26,5.53,1.33,K Clancy,Scottish Premiership,,20230118_Kilmarnock_Rangers,-252.07275247465736,1.66,1.61,40.8,59.2
2023-01-28,Hibernian,Aberdeen,6.0,0.0,8.0,0.0,4.0,11.0,6.0,9.0,2.0,3.0,0.0,1.0,2.25,3.6,3.0,1.89,1.89,-0.25,2.01,1.82,2.39,3.47,3.11,C Napier,Scottish Premiership,,20230128_Hibernian_Aberdeen,3.0638740841475283,2.59,1.1,52.6,47.4
2023-01-28,Rangers,St Johnstone,2.0,0.0,11.0,1.0,9.0,3.0,9.0,3.0,3.0,3.0,0.0,1.0,1.17,7.0,19.0,1.48,2.6,-2.25,1.95,1.88,1.14,8.94,24.55,W Collum,Scottish Premiership,,20230128_Rangers_St-Johnstone,286.09924163877827,1.42,1.55,57.5,42.5
2023-01-28,Ross County,Kilmarnock,3.0,0.0,5.0,3.0,5.0,15.0,0.0,5.0,1.0,1.0,0.0,0.0,2.8,3.1,2.7,2.43,1.54,0.0,1.93,1.9,2.91,3.01,2.85,C Graham,Scottish Premiership,,20230128_Ross-County_Kilmarnock,-37.922013453743375,0.77,0.72,53.4,46.6
2023-01-28,St Mirren,Motherwell,1.0,0.0,2.0,2.0,7.0,6.0,6.0,5.0,3.0,2.0,0.0,0.0,2.4,3.2,3.1,2.41,1.55,-0.25,2.03,1.81,2.47,3.08,3.35,J Beaton,Scottish Premiership,,20230128_St-Mirren_Motherwell,46.814381833866946,1.11,0.82,56.1,43.9
2023-01-29,Dundee United,Celtic,0.0,2.0,2.0,6.0,2.0,12.0,1.0,3.0,2.0,0.0,0.0,0.0,13.0,6.0,1.22,1.44,2.71,2.0,1.82,2.0,14.78,7.53,1.2,D Robertson,Scottish Premiership,,20230129_Dundee-United_Celtic,-313.0058598819537,0.46,1.54,40.2,59.8
2023-01-29,Livingston,Hearts,0.0,0.0,4.0,5.0,1.0,3.0,1.0,5.0,0.0,2.0,0.0,0.0,3.4,3.5,2.1,1.92,1.87,0.25,1.82,2.01,3.08,3.49,2.4,A Muir,Scottish Premiership,,20230129_Livingston_Hearts,-50.4223910418516,0.05,1.2,44.8,55.2
2023-01-31,Ross County,Hibernian,1.0,1.0,2.0,3.0,9.0,9.0,3.0,3.0,3.0,4.0,0.0,0.0,3.5,3.6,2.1,2.12,1.7,0.5,1.81,2.01,3.98,3.43,2.06,G Grainger,Scottish Premiership,,20230131_Ross-County_Hibernian,-40.54347347713292,1.77,0.83,46.3,53.7
2023-02-01,Aberdeen,St Mirren,1.0,3.0,2.0,6.0,4.0,16.0,2.0,11.0,4.0,2.0,1.0,0.0,2.0,3.4,3.8,2.19,1.67,-0.5,2.05,1.79,2.1,3.37,3.93,G Irvine,Scottish Premiership,,20230201_Aberdeen_St-Mirren,-50.77220792328353,0.97,0.52,44.4,55.6
2023-02-01,Celtic,Livingston,3.0,0.0,5.0,0.0,10.0,6.0,8.0,0.0,1.0,1.0,0.0,0.0,1.11,10.0,21.0,1.31,3.33,-2.5,1.96,1.86,1.13,9.75,23.82,N Walsh,Scottish Premiership,,20230201_Celtic_Livingston,257.5649926254878,1.43,1.17,59.2,40.8
2023-02-01,Hearts,Rangers,0.0,3.0,2.0,9.0,4.0,11.0,1.0,7.0,3.0,3.0,0.0,0.0,5.75,4.33,1.55,1.58,2.34,1.0,2.02,1.81,6.19,4.71,1.52,J Beaton,Scottish Premiership,,20230201_Hearts_Rangers,-149.10288674885783,0.27,1.66,45.9,54.1
2023-02-01,Kilmarnock,Dundee United,1.0,0.0,5.0,3.0,21.0,4.0,7.0,2.0,1.0,3.0,0.0,0.0,2.4,3.2,3.1,2.33,1.59,-0.25,1.91,1.91,2.27,3.21,3.63,M MacDermid,Scottish Premiership,,20230201_Kilmarnock_Dundee-United,-20.060672131683305,1.32,1.44,48.3,51.7
2023-02-01,Motherwell,St Johnstone,0.0,2.0,1.0,4.0,4.0,8.0,1.0,3.0,2.0,1.0,0.0,0.0,2.1,3.2,3.8,2.2,1.66,-0.5,1.93,1.9,1.96,3.38,4.5,D Robertson,Scottish Premiership,,20230201_Motherwell_St-Johnstone,1.036814042283595,0.05,0.61,45.4,54.6
2023-02-04,Aberdeen,Motherwell,3.0,1.0,7.0,1.0,5.0,3.0,9.0,2.0,4.0,3.0,0.0,0.0,2.0,3.3,3.6,1.93,1.86,-0.5,1.85,1.98,1.88,3.76,4.34,K Clancy,Scottish Premiership,,20230204_Aberdeen_Motherwell,18.60482346763274,1.03,0.57,56.2,43.8
2023-02-04,Hearts,Dundee United,3.0,1.0,7.0,2.0,12.0,8.0,10.0,3.0,3.0,2.0,1.0,1.0,1.7,3.75,5.25,1.74,2.08,-0.75,1.87,1.96,1.7,4.02,5.18,N Walsh,Scottish Premiership,,20230204_Hearts_Dundee-United,114.75021084873742,1.56,0.24,55.8,44.2
2023-02-04,Livingston,Kilmarnock,3.0,1.0,7.0,3.0,5.0,6.0,5.0,5.0,2.0,2.0,0.0,0.0,2.2,3.3,3.3,2.41,1.55,-0.25,1.97,1.85,2.37,3.19,3.42,C Steven,Scottish Premiership,,20230204_Livingston_Kilmarnock,65.16712781694969,1.19,0.77,45.8,54.2
2023-02-04,Rangers,Ross County,2.0,1.0,7.0,3.0,19.0,7.0,4.0,6.0,4.0,2.0,0.0,0.0,1.13,10.0,12.0,1.4,2.84,-2.25,1.81,2.02,1.12,9.95,25.79,E Anderson,Scottish Premiership,,20230204_Rangers_Ross-County,295.42976500855934,1.96,1.53,53.8,46.2
2023-02-04,St Mirren,Hibernian,0.0,1.0,3.0,3.0,5.0,6.0,5.0,4.0,1.0,2.0,0.0,0.0,2.7,3.2,2.6,2.19,1.66,0.0,1.76,2.08,2.59,3.23,3.02,M MacDermid,Scottish Premiership,,20230204_St-Mirren_Hibernian,35.57274067899402,2.42,0.78,45.4,54.6
2023-02-05,St Johnstone,Celtic,1.0,4.0,2.0,4.0,4.0,8.0,3.0,4.0,2.0,2.0,1.0,0.0,15.0,7.0,1.2,1.5,2.5,2.0,1.9,1.92,18.8,7.25,1.18,D Dickinson,Scottish Premiership,,20230205_St-Johnstone_Celtic,-347.75579814298385,1.31,0.61,39.8,60.2
2023-02-15,Motherwell,St Mirren,2.0,1.0,4.0,4.0,3.0,6.0,3.0,2.0,2.0,4.0,0.0,0.0,2.55,3.2,3.0,2.38,1.57,0.25,1.75,2.11,3.22,3.08,2.55,J Beaton,Scottish Premiership,,20230215_Motherwell_St-Mirren,-88.02822795195402,0.96,1.9,45.8,54.2
2023-02-18,Celtic,Aberdeen,4.0,0.0,10.0,0.0,10.0,5.0,8.0,0.0,0.0,0.0,0.0,0.0,1.17,7.5,17.0,1.35,3.09,-2.25,1.96,1.87,1.15,8.92,20.89,W Collum,Scottish Premiership,,20230218_Celtic_Aberdeen,343.6839839086565,0.84,1.37,62.3,37.7
2023-02-18,Dundee United,St Johnstone,1.0,2.0,4.0,5.0,15.0,4.0,11.0,6.0,2.0,2.0,0.0,0.0,2.25,3.3,3.3,2.35,1.58,-0.25,2.03,1.8,2.46,3.12,3.32,K Clancy,Scottish Premiership,,20230218_Dundee-United_St-Johnstone,5.500393850962155,1.62,1.05,45.2,54.8
2023-02-18,Hibernian,Kilmarnock,2.0,0.0,11.0,3.0,9.0,6.0,8.0,4.0,1.0,0.0,0.0,1.0,1.73,4.0,4.5,2.1,1.72,-0.5,1.91,1.91,1.96,3.46,4.34,J Beaton,Scottish Premiership,,20230218_Hibernian_Kilmarnock,38.14416394403406,1.08,0.8,50.1,49.9
2023-02-18,Livingston,Rangers,0.0,3.0,1.0,8.0,5.0,5.0,2.0,9.0,2.0,1.0,1.0,0.0,8.0,5.0,1.36,1.7,2.14,1.5,1.81,2.02,9.78,5.23,1.35,D Dickinson,Scottish Premiership,,20230218_Livingston_Rangers,-201.58168310093902,0.05,0.85,44.3,55.7
2023-02-18,St Mirren,Ross County,1.0,0.0,5.0,2.0,14.0,8.0,10.0,8.0,0.0,1.0,0.0,1.0,1.95,3.3,4.2,2.39,1.56,-0.25,1.79,2.05,2.15,3.08,4.18,G Grainger,Scottish Premiership,,20230218_St-Mirren_Ross-County,48.832083745110594,1.57,0.72,48.9,51.1
2023-02-19,Motherwell,Hearts,2.0,0.0,3.0,3.0,10.0,10.0,5.0,9.0,1.0,1.0,0.0,0.0,3.1,3.4,2.3,1.93,1.86,0.25,1.93,1.89,3.38,3.52,2.23,D Robertson,Scottish Premiership,,20230219_Motherwell_Hearts,-153.15976513854912,1.3,0.53,46.8,53.2
2023-02-25,Aberdeen,Livingston,1.0,0.0,2.0,1.0,10.0,5.0,8.0,8.0,0.0,3.0,0.0,0.0,1.85,3.6,4.2,2.31,1.6,-0.5,2.0,1.83,2.03,3.39,4.15,D Munro,Scottish Premiership,,20230225_Aberdeen_Livingston,-81.34623139386986,0.05,1.45,54.6,45.4
2023-02-25,Kilmarnock,Motherwell,1.0,1.0,3.0,7.0,5.0,6.0,4.0,6.0,3.0,3.0,0.0,0.0,2.4,3.3,2.9,2.27,1.62,-0.25,1.89,1.93,2.28,3.19,3.64,A Muir,Scottish Premiership,,20230225_Kilmarnock_Motherwell,-1.8767005208078444,0.76,0.49,45.4,54.6
2023-02-25,Ross County,Dundee United,4.0,0.0,11.0,3.0,11.0,6.0,3.0,2.0,2.0,2.0,0.0,0.0,2.55,3.2,2.88,2.21,1.65,0.0,1.75,2.09,2.56,3.2,3.08,S McLean,Scottish Premiership,,20230225_Ross-County_Dundee-United,-10.952267629212201,1.27,2.22,42.7,57.3
2023-02-25,St Johnstone,St Mirren,1.0,1.0,2.0,5.0,5.0,16.0,5.0,2.0,1.0,0.0,1.0,0.0,2.8,3.1,2.63,2.81,1.42,0.0,1.79,2.05,2.71,2.94,3.15,C Napier,Scottish Premiership,,20230225_St-Johnstone_St-Mirren,-39.64912475278106,1.92,1.69,48.2,51.8
2023-03-04,Dundee United,Aberdeen,1.0,3.0,6.0,4.0,18.0,5.0,10.0,5.0,2.0,3.0,0.0,0.0,3.2,3.5,2.2,2.2,1.66,0.0,2.1,1.76,2.96,3.32,2.57,J Beaton,Scottish Premiership,,20230304_Dundee-United_Aberdeen,-40.695614878451124,1.41,0.98,47.0,53.0
2023-03-04,Hearts,St Johnstone,3.0,0.0,7.0,5.0,5.0,10.0,8.0,7.0,0.0,0.0,0.0,0.0,1.7,3.75,5.0,1.85,1.94,-0.75,1.87,1.95,1.68,4.02,5.3,S McLean,Scottish Premiership,,20230304_Hearts_St-Johnstone,106.07466091159768,1.26,0.93,48.0,52.0
2023-03-04,Livingston,Hibernian,1.0,4.0,1.0,7.0,8.0,5.0,4.0,3.0,3.0,3.0,1.0,0.0,3.0,3.2,2.45,2.42,1.55,0.25,1.76,2.08,3.19,3.12,2.54,C Graham,Scottish Premiership,,20230304_Livingston_Hibernian,15.399977608532254,0.54,1.54,48.5,51.5
2023-03-04,Rangers,Kilmarnock,3.0,1.0,8.0,2.0,13.0,1.0,7.0,4.0,1.0,2.0,0.0,0.0,1.17,7.0,17.0,1.51,2.5,-1.75,1.76,2.08,1.17,7.92,17.8,W Collum,Scottish Premiership,,20230304_Rangers_Kilmarnock,302.64856146636566,1.76,0.61,64.8,35.2
2023-03-04,Ross County,Motherwell,0.0,2.0,6.0,3.0,11.0,10.0,9.0,4.0,0.0,2.0,1.0,0.0,2.55,3.3,2.8,2.45,1.54,0.0,1.78,2.05,2.68,3.1,3.01,D Robertson,Scottish Premiership,,20230304_Ross-County_Motherwell,-5.611196314765948,0.98,0.99,46.3,53.7
2023-03-05,St Mirren,Celtic,1.0,5.0,1.0,8.0,0.0,8.0,0.0,6.0,1.0,0.0,1.0,0.0,13.0,6.0,1.22,1.54,2.41,1.75,1.89,1.94,13.07,6.53,1.24,D Dickinson,Scottish Premiership,,20230305_St-Mirren_Celtic,-305.9084254799493,0.81,2.41,39.8,60.2
2023-03-08,Celtic,Hearts,3.0,1.0,3.0,3.0,8.0,2.0,7.0,3.0,0.0,2.0,0.0,0.0,1.18,8.0,13.0,1.31,3.33,-2.5,1.99,1.83,1.14,9.15,22.2,A Muir,Scottish Premiership,,20230308_Celtic_Hearts,231.82991002119616,1.76,1.27,54.1,45.9
2023-03-08,Hibernian,Rangers,1.0,4.0,1.0,11.0,3.0,20.0,3.0,7.0,2.0,0.0,0.0,0.0,6.0,4.33,1.53,1.79,2.0,1.0,1.81,2.02,5.73,4.19,1.62,D Robertson,Scottish Premiership,,20230308_Hibernian_Rangers,-234.23889150070158,1.78,2.36,43.7,56.3
2023-03-08,Livingston,Dundee United,1.0,1.0,4.0,1.0,13.0,5.0,4.0,6.0,1.0,6.0,0.0,0.0,2.2,3.3,3.4,2.28,1.6,-0.25,1.96,1.86,2.39,3.18,3.4,M MacDermid,Scottish Premiership,,20230308_Livingston_Dundee-United,90.59239147081098,0.89,0.77,57.9,42.1
2023-03-18,Aberdeen,Hearts,3.0,0.0,6.0,0.0,16.0,8.0,7.0,7.0,3.0,3.0,0.0,0.0,2.55,3.3,2.8,1.82,1.96,-0.25,1.92,1.9,2.26,3.48,3.36,D Dickinson,Scottish Premiership,,20230318_Aberdeen_Hearts,-90.84358034512161,1.63,0.42,49.0,51.0
2023-03-18,Celtic,Hibernian,3.0,1.0,9.0,1.0,26.0,2.0,15.0,0.0,1.0,3.0,0.0,1.0,1.18,6.5,15.0,1.33,3.18,-2.5,1.91,1.9,1.11,10.74,26.88,S McLean,Scottish Premiership,,20230318_Celtic_Hibernian,299.2662534107144,0.88,0.05,58.8,41.2
2023-03-18,Dundee United,St Mirren,1.0,1.0,2.0,3.0,9.0,13.0,1.0,4.0,1.0,1.0,0.0,0.0,2.63,3.3,2.7,2.28,1.61,0.0,1.9,1.92,2.77,3.24,2.8,C Napier,Scottish Premiership,,20230318_Dundee-United_St-Mirren,-73.5640749773745,0.65,0.47,45.3,54.7
2023-03-18,Kilmarnock,St Johnstone,1.0,1.0,4.0,2.0,10.0,7.0,9.0,5.0,3.0,5.0,0.0,0.0,2.15,3.3,3.5,2.32,1.59,-0.25,1.83,2.0,2.21,3.18,3.82,C Graham,Scottish Premiership,,20230318_Kilmarnock_St-Johnstone,-10.083828106432293,1.0,1.15,52.1,47.9
2023-03-18,Livingston,Ross County,2.0,1.0,7.0,1.0,6.0,10.0,8.0,6.0,3.0,1.0,0.0,0.0,2.1,3.2,3.75,2.28,1.61,-0.25,1.82,2.01,2.13,3.27,3.94,W Collum,Scottish Premiership,,20230318_Livingston_Ross-County,74.93383414255686,0.86,0.66,56.9,43.1
2023-03-18,Motherwell,Rangers,2.0,4.0,2.0,10.0,1.0,18.0,1.0,3.0,1.0,1.0,1.0,0.0,8.0,4.75,1.4,1.6,2.29,1.5,1.96,1.86,11.39,5.84,1.29,N Walsh,Scottish Premiership,,20230318_Motherwell_Rangers,-297.61935784390334,1.49,1.17,39.0,61.0
2023-04-01,Hibernian,Motherwell,1.0,3.0,3.0,5.0,8.0,12.0,6.0,5.0,3.0,1.0,0.0,0.0,1.8,3.6,4.5,2.04,1.76,-0.5,1.84,1.97,1.86,3.57,4.69,G Grainger,Scottish Premiership,,20230401_Hibernian_Motherwell,53.515376424292526,1.28,1.16,53.8,46.2
2023-04-01,Kilmarnock,Hearts,2.0,1.0,4.0,3.0,13.0,7.0,2.0,5.0,2.0,2.0,1.0,0.0,2.9,3.5,2.38,1.92,1.87,0.0,1.9,1.91,2.66,3.52,2.72,E Anderson,Scottish Premiership,,20230401_Kilmarnock_Hearts,-112.63248366313951,1.29,0.83,48.3,51.7
2023-04-01,Rangers,Dundee United,2.0,0.0,7.0,4.0,21.0,5.0,10.0,2.0,1.0,1.0,0.0,0.0,1.13,8.0,19.0,1.34,3.15,-2.5,1.94,1.86,1.11,10.4,28.0,D Robertson,Scottish Premiership,,20230401_Rangers_Dundee-United,337.54406331538826,1.14,0.5,59.5,40.5
2023-04-01,St Johnstone,Aberdeen,0.0,1.0,6.0,3.0,8.0,9.0,7.0,7.0,3.0,2.0,1.0,1.0,2.9,3.2,2.45,2.26,1.62,0.25,1.88,1.93,3.53,3.19,2.32,C Steven,Scottish Premiership,,20230401_St-Johnstone_Aberdeen,-42.53749889465644,0.09,1.42,46.9,53.1
2023-04-01,St Mirren,Livingston,3.0,0.0,7.0,3.0,8.0,10.0,4.0,9.0,1.0,3.0,0.0,0.0,2.05,3.3,3.75,2.54,1.5,-0.25,1.77,2.05,2.16,3.11,4.12,J Beaton,Scottish Premiership,,20230401_St-Mirren_Livingston,-22.863270522958373,1.12,1.4,46.4,53.6
2023-04-02,Ross County,Celtic,0.0,2.0,2.0,9.0,6.0,19.0,2.0,9.0,0.0,0.0,0.0,0.0,17.0,7.0,1.14,1.37,3.03,2.25,1.86,1.96,18.65,9.21,1.15,W Collum,Scottish Premiership,,20230402_Ross-County_Celtic,-395.0637009256832,1.23,0.05,30.5,69.5
2023-04-08,Aberdeen,Kilmarnock,2.0,0.0,3.0,2.0,10.0,14.0,5.0,8.0,1.0,1.0,0.0,0.0,1.8,3.5,4.75,2.11,1.72,-0.5,1.89,1.92,1.88,3.55,4.61,D Robertson,Scottish Premiership,,20230408_Aberdeen_Kilmarnock,46.70365586483672,2.1,0.97,53.7,46.3
2023-04-08,Celtic,Rangers,3.0,2.0,7.0,3.0,2.0,5.0,4.0,3.0,4.0,2.0,0.0,0.0,1.7,4.0,4.75,1.61,2.28,-0.75,1.87,1.94,1.67,4.25,4.74,K Clancy,Scottish Premiership,,20230408_Celtic_Rangers,54.33492406911,1.31,0.67,54.6,45.4
2023-04-08,Hearts,St Mirren,0.0,2.0,2.0,3.0,14.0,12.0,6.0,8.0,2.0,3.0,1.0,0.0,2.1,3.5,3.5,1.99,1.81,-0.25,1.88,1.93,2.25,3.37,3.41,M MacDermid,Scottish Premiership,,20230408_Hearts_St-Mirren,35.004386224784184,0.33,1.45,57.5,42.5
2023-04-08,Motherwell,Livingston,3.0,0.0,6.0,2.0,5.0,9.0,4.0,2.0,1.0,1.0,0.0,0.0,2.1,3.3,3.6,2.3,1.6,-0.25,1.9,1.91,2.36,3.21,3.42,G Irvine,Scottish Premiership,,20230408_Motherwell_Livingston,-32.204950160664566,1.24,0.06,53.6,46.4
2023-04-08,St Johnstone,Ross County,0.0,2.0,2.0,4.0,13.0,9.0,7.0,5.0,2.0,3.0,0.0,0.0,2.3,3.2,3.3,2.35,1.57,-0.25,2.01,1.82,2.36,3.27,3.35,A Muir,Scottish Premiership,,20230408_St-Johnstone_Ross-County,22.981143051913023,1.15,0.56,53.7,46.3
2023-04-09,Dundee United,Hibernian,2.0,1.0,3.0,3.0,7.0,11.0,0.0,4.0,0.0,2.0,0.0,0.0,3.4,3.4,2.15,1.96,1.83,0.25,1.92,1.89,3.4,3.57,2.2,D Munro,Scottish Premiership,,20230409_Dundee-United_Hibernian,-75.28195445673123,0.48,0.55,47.0,53.0
2023-04-14,Ross County,Aberdeen,0.0,1.0,4.0,1.0,10.0,10.0,10.0,2.0,1.0,2.0,0.0,1.0,3.3,3.4,2.2,2.1,1.72,0.25,1.97,1.84,3.63,3.43,2.17,E Anderson,Scottish Premiership,,20230414_Ross-County_Aberdeen,-84.19882424879074,0.39,1.68,50.8,49.2
2023-04-15,Hibernian,Hearts,1.0,0.0,3.0,4.0,8.0,7.0,5.0,7.0,6.0,4.0,0.0,0.0,2.3,3.3,3.25,1.85,1.93,-0.25,1.97,1.84,2.31,3.53,3.2,J Beaton,Scottish Premiership,,20230415_Hibernian_Hearts,-45.43077351304214,0.85,0.65,49.6,50.4
2023-04-15,Livingston,St Johnstone,2.0,0.0,5.0,2.0,7.0,9.0,2.0,3.0,2.0,1.0,0.0,0.0,2.2,3.3,3.4,2.44,1.53,-0.25,1.82,1.99,2.08,3.31,4.08,D Munro,Scottish Premiership,,20230415_Livingston_St-Johnstone,59.98898723355751,0.05,1.31,54.3,45.7
2023-04-15,Motherwell,Dundee United,1.0,2.0,8.0,6.0,14.0,4.0,6.0,6.0,3.0,4.0,0.0,0.0,1.95,3.3,4.2,2.05,1.75,-0.5,1.93,1.87,1.98,3.47,4.24,N Walsh,Scottish Premiership,,20230415_Motherwell_Dundee-United,47.983269408415936,0.32,1.21,52.0,48.0
2023-04-15,Rangers,St Mirren,5.0,2.0,11.0,4.0,12.0,1.0,6.0,4.0,2.0,1.0,0.0,0.0,1.18,6.5,17.0,1.64,2.22,-1.75,1.94,1.87,1.24,6.41,13.27,S McLean,Scottish Premiership,,20230415_Rangers_St-Mirren,235.86254797150377,1.71,1.23,54.3,45.7
2023-04-16,Kilmarnock,Celtic,1.0,4.0,5.0,6.0,9.0,10.0,4.0,5.0,0.0,2.0,0.0,0.0,15.0,7.0,1.2,1.46,2.65,2.0,1.75,2.09,11.91,6.66,1.25,D Dickinson,Scottish Premiership,,20230416_Kilmarnock_Celtic,-380.1852328472237,1.12,1.16,38.7,61.3
2023-04-22,Celtic,Motherwell,1.0,1.0,5.0,3.0,11.0,3.0,13.0,3.0,1.0,3.0,0.0,0.0,1.09,10.0,26.0,1.27,3.65,-2.5,1.89,1.91,1.12,10.52,23.29,J Beaton,Scottish Premiership,,20230422_Celtic_Motherwell,361.55467240985445,1.0,2.07,58.6,41.4
2023-04-22,Dundee United,Livingston,2.0,0.0,3.0,1.0,4.0,7.0,6.0,3.0,3.0,2.0,0.0,0.0,2.4,3.3,3.1,2.1,1.71,0.0,1.85,1.96,2.6,3.28,2.95,K Clancy,Scottish Premiership,,20230422_Dundee-United_Livingston,-50.27150452599767,0.74,1.53,43.9,56.1
2023-04-22,Hearts,Ross County,6.0,1.0,12.0,1.0,18.0,6.0,8.0,5.0,1.0,3.0,0.0,0.0,1.7,3.8,5.0,1.73,2.07,-0.75,1.9,1.92,1.78,3.97,4.63,D Robertson,Scottish Premiership,,20230422_Hearts_Ross-County,90.5946094053752,1.85,0.47,55.7,44.3
2023-04-22,St Johnstone,Hibernian,1.0,1.0,7.0,3.0,7.0,3.0,8.0,1.0,2.0,2.0,0.0,1.0,3.4,3.3,2.2,2.11,1.71,0.5,1.77,2.05,3.88,3.45,2.08,C Napier,Scottish Premiership,,20230422_St-Johnstone_Hibernian,-75.68924469754052,1.51,0.48,49.5,50.5
2023-04-22,St Mirren,Kilmarnock,0.0,2.0,1.0,6.0,5.0,10.0,5.0,1.0,1.0,1.0,1.0,0.0,2.0,3.5,3.75,2.4,1.55,-0.25,1.88,1.93,2.25,3.11,3.82,W Collum,Scottish Premiership,,20230422_St-Mirren_Kilmarnock,67.21903272163968,0.35,1.27,43.7,56.3
2023-04-23,Aberdeen,Rangers,2.0,0.0,4.0,3.0,7.0,17.0,3.0,7.0,2.0,1.0,0.0,0.0,6.5,4.0,1.53,1.64,2.21,1.0,1.92,1.9,5.94,4.46,1.56,N Walsh,Scottish Premiership,,20230423_Aberdeen_Rangers,-233.83966676514638,1.16,1.76,39.1,60.9
2023-05-06,Hibernian,St Mirren,2.0,1.0,6.0,4.0,7.0,9.0,3.0,5.0,2.0,1.0,0.0,0.0,2.0,3.4,3.8,2.16,1.67,-0.5,2.03,1.79,2.07,3.38,4.02,M MacDermid,Scottish Premiership,,20230506_Hibernian_St-Mirren,-6.645908454984237,1.17,1.25,49.5,50.5
2023-05-06,Motherwell,Kilmarnock,2.0,0.0,6.0,1.0,11.0,7.0,8.0,1.0,2.0,2.0,0.0,0.0,2.2,3.4,3.25,2.0,1.78,-0.25,1.94,1.86,2.36,3.42,3.21,K Clancy,Scottish Premiership,,20230506_Motherwell_Kilmarnock,18.51284199317024,1.18,0.66,42.9,57.1
2023-05-06,Ross County,Livingston,2.0,0.0,2.0,0.0,4.0,10.0,5.0,3.0,2.0,2.0,0.0,1.0,2.5,3.25,2.88,2.19,1.66,-0.25,1.84,1.97,2.21,3.3,3.66,D Dickinson,Scottish Premiership,,20230506_Ross-County_Livingston,-71.69657465983937,1.08,0.89,52.3,47.7
2023-05-06,St Johnstone,Dundee United,1.0,0.0,6.0,2.0,11.0,10.0,9.0,2.0,2.0,3.0,0.0,1.0,2.4,3.2,3.0,2.34,1.58,-0.25,2.01,1.8,2.45,3.17,3.29,A Muir,Scottish Premiership,,20230506_St-Johnstone_Dundee-United,-40.76495620116316,1.43,0.71,41.0,59.0
2023-05-07,Hearts,Celtic,0.0,2.0,0.0,3.0,7.0,9.0,6.0,5.0,0.0,1.0,1.0,0.0,8.5,5.5,1.33,1.38,2.94,1.75,1.86,1.96,9.77,6.16,1.29,N Walsh,Scottish Premiership,,20230507_Hearts_Celtic,-299.58134674749545,0.22,0.77,42.6,57.4
2023-05-07,Rangers,Aberdeen,1.0,0.0,7.0,4.0,12.0,7.0,12.0,6.0,1.0,2.0,0.0,0.0,1.25,5.75,12.0,1.51,2.51,-1.5,1.95,1.86,1.37,5.54,8.21,J Beaton,Scottish Premiership,,20230507_Rangers_Aberdeen,195.75216857609576,1.28,0.62,60.0,40.0
2023-05-13,Aberdeen,Hibernian,0.0,0.0,2.0,5.0,6.0,12.0,3.0,8.0,2.0,5.0,0.0,0.0,2.05,3.5,3.4,1.9,1.88,-0.25,1.82,2.0,2.17,3.49,3.57,N Walsh,Scottish Premiership,,20230513_Aberdeen_Hibernian,33.723498704186795,0.43,1.02,54.1,45.9
2023-05-13,Dundee United,Ross County,1.0,3.0,7.0,8.0,9.0,2.0,6.0,5.0,2.0,5.0,0.0,0.0,2.3,3.2,3.1,2.02,1.77,-0.25,1.92,1.89,2.3,3.46,3.3,J Beaton,Scottish Premiership,,20230513_Dundee-United_Ross-County,21.030373353434243,0.9,0.76,52.7,47.3
2023-05-13,Kilmarnock,Livingston,2.0,0.0,6.0,2.0,5.0,5.0,2.0,5.0,1.0,3.0,0.0,0.0,2.0,3.5,3.6,2.2,1.64,-0.5,1.8,2.02,1.83,3.65,4.81,D Munro,Scottish Premiership,,20230513_Kilmarnock_Livingston,-21.952195303269036,0.38,1.68,49.1,50.9
2023-05-13,Rangers,Celtic,3.0,0.0,8.0,1.0,8.0,7.0,5.0,5.0,1.0,1.0,0.0,0.0,2.8,3.6,2.3,1.6,2.3,0.0,1.93,1.87,2.66,3.81,2.57,S McLean,Scottish Premiership,,20230513_Rangers_Celtic,-79.58328033708449,1.17,0.15,51.2,48.8
2023-05-13,St Johnstone,Motherwell,0.0,2.0,1.0,4.0,10.0,4.0,6.0,4.0,0.0,1.0,0.0,0.0,2.7,3.1,2.7,2.23,1.64,0.0,1.97,1.83,2.96,3.11,2.72,G Irvine,Scottish Premiership,,20230513_St-Johnstone_Motherwell,-55.02759907382119,1.0,1.08,53.5,46.5
2023-05-13,St Mirren,Hearts,2.0,2.0,7.0,6.0,6.0,5.0,7.0,4.0,2.0,4.0,0.0,1.0,2.63,3.25,2.7,2.04,1.76,0.0,1.98,1.82,2.91,3.33,2.61,D Dickinson,Scottish Premiership,,20230513_St-Mirren_Hearts,-31.776607040443878,2.09,1.11,49.1,50.9
2023-05-20,Celtic,St Mirren,2.0,2.0,6.0,2.0,15.0,8.0,14.0,2.0,0.0,0.0,0.0,0.0,1.13,9.0,21.0,1.43,2.77,-2.25,2.0,1.81,1.16,9.28,16.79,D Munro,Scottish Premiership,,20230520_Celtic_St-Mirren,322.8237142105363,0.85,1.59,58.7,41.3
2023-05-20,Hearts,Aberdeen,2.0,1.0,8.0,4.0,22.0,5.0,5.0,2.0,1.0,4.0,0.0,0.0,2.25,3.4,3.2,1.69,2.14,-0.5,1.95,1.85,1.96,3.9,3.81,K Clancy,Scottish Premiership,,20230520_Hearts_Aberdeen,-19.693361190068117,1.44,0.99,41.8,58.2
2023-05-20,Kilmarnock,St Johnstone,0.0,1.0,1.0,7.0,9.0,10.0,3.0,8.0,1.0,3.0,1.0,0.0,2.0,3.3,4.0,2.25,1.63,-0.5,1.94,1.87,1.97,3.41,4.39,J Beaton,Scottish Premiership,,20230520_Kilmarnock_St-Johnstone,36.66471282414341,0.46,0.05,53.5,46.5
2023-05-20,Livingston,Dundee United,2.0,1.0,7.0,4.0,7.0,13.0,1.0,12.0,2.0,1.0,0.0,1.0,2.3,3.2,3.25,2.15,1.68,0.0,1.82,1.99,2.62,3.35,2.88,D Robertson,Scottish Premiership,,20230520_Livingston_Dundee-United,21.750984250335932,1.62,0.61,56.4,43.6
2023-05-20,Motherwell,Ross County,1.0,0.0,6.0,1.0,10.0,5.0,4.0,4.0,3.0,0.0,0.0,1.0,2.1,3.4,3.6,1.91,1.87,-0.5,1.94,1.86,1.96,3.64,4.08,E Anderson,Scottish Premiership,,20230520_Motherwell_Ross-County,59.48577911449888,0.77,0.86,56.0,44.0
2023-05-21,Hibernian,Rangers,1.0,3.0,2.0,7.0,12.0,13.0,7.0,5.0,2.0,1.0,0.0,0.0,6.0,4.2,1.53,1.61,2.29,0.75,1.85,1.96,4.59,4.12,1.75,A Muir,Scottish Premiership,,20230521_Hibernian_Rangers,-254.763913920679,0.68,1.83,43.9,56.1
2023-05-24,Aberdeen,St Mirren,3.0,0.0,6.0,4.0,9.0,2.0,2.0,2.0,0.0,1.0,0.0,1.0,1.91,3.5,4.2,1.98,1.81,-0.5,1.82,1.98,1.88,3.58,4.54,D Robertson,Scottish Premiership,,20230524_Aberdeen_St-Mirren,27.839129269683554,1.42,0.82,51.5,48.5
2023-05-24,Dundee United,Kilmarnock,0.0,3.0,2.0,4.0,8.0,7.0,3.0,5.0,1.0,1.0,0.0,0.0,2.5,3.3,2.88,2.14,1.69,0.0,1.77,2.06,2.57,3.27,3.0,A Muir,Scottish Premiership,,20230524_Dundee-United_Kilmarnock,-23.30123147887639,0.59,1.49,45.6,54.4
2023-05-24,Hibernian,Celtic,4.0,2.0,8.0,4.0,7.0,14.0,8.0,10.0,2.0,1.0,0.0,1.0,6.5,5.0,1.44,1.62,2.25,1.0,1.73,2.11,5.05,4.24,1.68,K Clancy,Scottish Premiership,,20230524_Hibernian_Celtic,-300.68077650396117,0.62,1.54,46.2,53.8
2023-05-24,Livingston,Motherwell,1.0,1.0,2.0,1.0,6.0,5.0,1.0,11.0,2.0,1.0,1.0,0.0,3.1,3.1,2.45,2.16,1.68,0.25,1.89,1.93,3.32,3.41,2.31,C Graham,Scottish Premiership,,20230524_Livingston_Motherwell,-40.87092636869056,0.94,0.2,46.0,54.0
2023-05-24,Rangers,Hearts,2.0,2.0,8.0,3.0,11.0,5.0,9.0,2.0,3.0,4.0,0.0,0.0,1.33,5.25,8.5,1.44,2.7,-1.5,1.97,1.84,1.36,5.64,8.5,J Beaton,Scottish Premiership,,20230524_Rangers_Hearts,234.87582951552963,0.94,1.5,54.9,45.1
2023-05-24,Ross County,St Johnstone,3.0,3.0,8.0,5.0,6.0,6.0,6.0,4.0,2.0,0.0,0.0,0.0,2.15,3.4,3.4,2.15,1.68,-0.5,1.93,1.87,1.96,3.47,4.34,N Walsh,Scottish Premiership,,20230524_Ross-County_St-Johnstone,-7.454835175459721,1.66,1.36,49.3,50.7
2023-05-27,Celtic,Aberdeen,5.0,0.0,8.0,0.0,12.0,0.0,10.0,2.0,1.0,2.0,0.0,0.0,1.2,6.5,13.0,1.26,3.77,-2.25,1.95,1.86,1.17,9.05,14.1,A Muir,Scottish Premiership,,20230527_Celtic_Aberdeen,246.0306680973415,1.75,0.73,54.2,45.8
2023-05-27,Hearts,Hibernian,1.0,1.0,1.0,6.0,2.0,11.0,4.0,9.0,3.0,5.0,1.0,0.0,2.1,3.5,3.4,1.69,2.15,-0.25,1.88,1.93,2.22,3.7,3.26,D Robertson,Scottish Premiership,,20230527_Hearts_Hibernian,15.56524312225406,1.7,0.7,53.7,46.3
2023-05-27,St Mirren,Rangers,0.0,3.0,1.0,3.0,7.0,6.0,5.0,3.0,2.0,1.0,0.0,0.0,7.0,4.5,1.44,1.55,2.43,1.5,1.79,2.04,8.76,5.48,1.36,M MacDermid,Scottish Premiership,,20230527_St-Mirren_Rangers,-272.3538695034813,0.7,1.2,43.9,56.1
2023-05-28,Kilmarnock,Ross County,3.0,1.0,4.0,1.0,6.0,6.0,5.0,3.0,4.0,1.0,0.0,0.0,2.05,3.5,3.5,1.95,1.84,-0.5,1.9,1.9,1.93,3.61,4.26,K Clancy,Scottish Premiership,,20230528_Kilmarnock_Ross-County,28.535166550833083,1.06,0.9,48.3,51.7
2023-05-28,Motherwell,Dundee United,3.0,2.0,6.0,7.0,17.0,3.0,9.0,0.0,2.0,0.0,0.0,0.0,1.91,3.75,3.8,1.65,2.21,-0.75,1.96,1.84,1.78,4.08,4.5,S McLean,Scottish Premiership,,20230528_Motherwell_Dundee-United,94.912618010816,1.18,1.31,50.8,49.2
2023-05-28,St Johnstone,Livingston,2.0,0.0,3.0,4.0,6.0,5.0,4.0,2.0,0.0,3.0,0.0,0.0,2.2,3.25,3.4,2.23,1.63,-0.5,1.97,1.83,2.01,3.41,4.19,G Grainger,Scottish Premiership,,20230528_St-Johnstone_Livingston,-32.75316969261257,1.2,1.03,39.5,60.5
2023-08-05,Celtic,Ross County,4.0,2.0,12.0,2.0,6.0,5.0,4.0,8.0,0.0,4.0,0.0,0.0,1.1,10.0,21.0,1.22,4.18,-3.0,1.97,1.84,1.09,15.85,26.14,N Walsh,Scottish Premiership,,20230805_Celtic_Ross-County,366.0775142426701,1.53,1.47,57.9,42.1
2023-08-05,Dundee,Motherwell,1.0,1.0,2.0,3.0,15.0,10.0,7.0,12.0,0.0,2.0,0.0,0.0,2.55,3.3,2.75,2.19,1.66,-0.25,1.97,1.85,2.39,3.29,3.28,D Dickinson,Scottish Premiership,,20230805_Dundee_Motherwell,-109.31289776667586,0.05,0.56,48.6,51.4
2023-08-05,Kilmarnock,Rangers,1.0,0.0,3.0,4.0,7.0,14.0,2.0,8.0,0.0,0.0,0.0,0.0,7.0,5.0,1.4,1.64,2.21,1.25,1.97,1.84,9.01,5.06,1.38,W Collum,Scottish Premiership,,20230805_Kilmarnock_Rangers,-291.36689477417667,0.16,1.29,46.2,53.8
2023-08-05,Livingston,Aberdeen,0.0,0.0,2.0,0.0,10.0,11.0,7.0,7.0,3.0,4.0,0.0,0.0,2.8,3.25,2.55,2.13,1.69,0.0,1.97,1.85,2.89,3.23,2.69,J Beaton,Scottish Premiership,,20230805_Livingston_Aberdeen,-73.09311562025528,1.34,1.02,51.7,48.3
2023-08-05,St Johnstone,Hearts,0.0,2.0,3.0,9.0,6.0,7.0,6.0,9.0,2.0,3.0,0.0,0.0,3.25,3.5,2.2,2.09,1.73,0.25,2.01,1.8,3.54,3.48,2.19,S McLean,Scottish Premiership,,20230805_St-Johnstone_Hearts,-85.4313468856792,0.75,1.49,48.1,51.9
2023-08-06,Hibernian,St Mirren,2.0,3.0,7.0,4.0,7.0,4.0,2.0,7.0,2.0,2.0,0.0,0.0,1.91,3.4,4.2,2.06,1.74,-0.5,1.99,1.82,2.04,3.44,4.01,E Anderson,Scottish Premiership,,20230806_Hibernian_St-Mirren,40.72511598093729,1.14,1.45,55.5,44.5
2023-08-12,Rangers,Livingston,4.0,0.0,9.0,2.0,12.0,4.0,5.0,4.0,1.0,1.0,0.0,0.0,1.3,6.0,8.0,1.4,2.87,-2.0,1.8,2.02,1.17,8.36,15.52,D Robertson,Scottish Premiership,,20230812_Rangers_Livingston,281.6446073064724,1.96,1.0,67.9,32.1
2023-08-12,Ross County,St Johnstone,2.0,0.0,8.0,3.0,11.0,9.0,6.0,7.0,2.0,2.0,0.0,0.0,2.05,3.3,3.8,2.11,1.71,-0.5,1.87,1.94,1.91,3.59,4.41,W Collum,Scottish Premiership,,20230812_Ross-County_St-Johnstone,-24.578454082873805,2.25,0.55,53.3,46.7
2023-08-12,St Mirren,Dundee,2.0,1.0,2.0,4.0,13.0,3.0,4.0,3.0,2.0,3.0,0.0,0.0,2.0,3.4,3.8,2.16,1.67,-0.25,1.92,1.89,2.34,3.3,3.37,C Steven,Scottish Premiership,,20230812_St-Mirren_Dundee,82.78598145477645,2.03,0.66,58.0,42.0
2023-08-13,Aberdeen,Celtic,1.0,3.0,2.0,10.0,9.0,5.0,9.0,9.0,0.0,2.0,0.0,0.0,7.5,5.5,1.33,1.44,2.74,1.75,1.84,1.97,10.56,6.21,1.28,K Clancy,Scottish Premiership,,20230813_Aberdeen_Celtic,-260.49181783212157,0.15,1.43,40.9,59.1
2023-08-13,Hearts,Kilmarnock,0.0,0.0,1.0,5.0,7.0,10.0,6.0,5.0,3.0,4.0,0.0,0.0,1.83,3.5,4.5,1.86,1.92,-0.5,1.87,1.94,1.88,3.75,4.3,D Dickinson,Scottish Premiership,,20230813_Hearts_Kilmarnock,54.83384050268728,1.32,1.27,56.2,43.8
2023-08-13,Motherwell,Hibernian,2.0,1.0,3.0,1.0,7.0,3.0,5.0,2.0,1.0,4.0,0.0,0.0,2.63,3.4,2.63,2.05,1.76,0.0,1.93,1.88,2.83,3.28,2.71,M MacDermid,Scottish Premiership,,20230813_Motherwell_Hibernian,5.290786431710785,0.96,1.01,46.1,53.9
2023-08-26,Celtic,St Johnstone,0.0,0.0,5.0,2.0,14.0,3.0,19.0,1.0,1.0,3.0,0.0,0.0,1.05,15.0,29.0,1.27,3.66,-2.75,1.87,1.94,1.07,14.9,31.91,M MacDermid,Scottish Premiership,,20230826_Celtic_St-Johnstone,363.92915203217285,0.99,1.31,50.4,49.6
2023-08-26,Hibernian,Livingston,2.0,3.0,3.0,4.0,10.0,4.0,9.0,3.0,2.0,4.0,0.0,0.0,1.83,3.75,4.2,1.98,1.82,-0.75,2.03,1.79,1.83,3.73,4.65,C Napier,Scottish Premiership,,20230826_Hibernian_Livingston,40.69853206818493,1.1,1.35,54.9,45.1
2023-08-26,Motherwell,Kilmarnock,2.0,1.0,7.0,3.0,6.0,9.0,1.0,6.0,6.0,3.0,0.0,0.0,2.45,3.2,3.0,2.23,1.65,0.0,1.86,1.96,2.78,3.2,2.82,C Graham,Scottish Premiership,,20230826_Motherwell_Kilmarnock,33.06526714007896,1.0,0.81,50.3,49.7
2023-08-26,Ross County,Rangers,0.0,2.0,2.0,9.0,6.0,15.0,4.0,8.0,3.0,1.0,0.0,0.0,7.5,5.5,1.36,1.49,2.58,1.75,1.83,1.98,10.41,6.29,1.28,D Munro,Scottish Premiership,,20230826_Ross-County_Rangers,-315.42891778793205,0.57,0.67,45.1,54.9
2023-08-27,Dundee,Hearts,1.0,0.0,4.0,5.0,8.0,5.0,3.0,8.0,1.0,1.0,0.0,0.0,2.9,3.4,2.4,1.91,1.89,0.0,2.06,1.78,2.93,3.48,2.51,A Muir,Scottish Premiership,,20230827_Dundee_Hearts,-141.02429401478662,1.58,0.08,38.8,61.2
2023-08-27,St Mirren,Aberdeen,2.0,2.0,6.0,2.0,7.0,2.0,4.0,3.0,2.0,2.0,0.0,0.0,2.3,3.2,3.25,2.27,1.62,-0.25,2.06,1.77,2.52,3.19,3.15,J Beaton,Scottish Premiership,,20230827_St-Mirren_Aberdeen,-19.913291149828183,1.87,0.96,46.0,54.0
2023-09-02,Kilmarnock,Ross County,0.0,1.0,4.0,4.0,11.0,5.0,14.0,2.0,0.0,5.0,0.0,0.0,1.85,3.6,4.2,2.06,1.74,-0.5,1.84,1.97,1.88,3.45,4.76,K Clancy,Scottish Premiership,,20230902_Kilmarnock_Ross-County,54.91878495531364,1.4,0.88,55.6,44.4
2023-09-02,Livingston,St Mirren,1.0,1.0,2.0,4.0,11.0,4.0,6.0,2.0,3.0,1.0,0.0,0.0,2.7,3.2,2.7,2.44,1.54,0.0,2.06,1.77,3.12,3.06,2.64,N Walsh,Scottish Premiership,,20230902_Livingston_St-Mirren,-35.072401906989626,1.03,1.49,45.8,54.2
2023-09-02,St Johnstone,Dundee,2.0,2.0,3.0,4.0,5.0,8.0,4.0,6.0,3.0,0.0,0.0,0.0,2.7,3.25,2.7,2.17,1.68,0.25,1.79,2.03,3.25,3.21,2.45,W Collum,Scottish Premiership,,20230902_St-Johnstone_Dundee,19.15905769392043,0.93,0.82,53.3,46.7
2023-09-03,Aberdeen,Hibernian,0.0,2.0,3.0,7.0,7.0,8.0,7.0,5.0,2.0,4.0,0.0,0.0,2.3,3.4,3.1,1.88,1.9,-0.25,2.0,1.81,2.43,3.5,3.03,D Munro,Scottish Premiership,,20230903_Aberdeen_Hibernian,39.71167013911008,1.0,1.03,53.6,46.4
2023-09-03,Hearts,Motherwell,0.0,1.0,1.0,4.0,17.0,4.0,16.0,5.0,1.0,2.0,0.0,1.0,2.0,3.5,3.75,1.84,1.95,-0.75,1.95,1.86,1.75,3.93,4.86,G Irvine,Scottish Premiership,,20230903_Hearts_Motherwell,-9.469312650477605,0.05,0.97,51.8,48.2
2023-09-03,Rangers,Celtic,0.0,1.0,3.0,5.0,14.0,2.0,6.0,2.0,1.0,1.0,0.0,0.0,2.4,3.75,2.7,1.55,2.42,-0.25,1.92,1.89,2.26,3.87,3.05,D Robertson,Scottish Premiership,,20230903_Rangers_Celtic,-34.6551780672271,0.05,1.28,48.5,51.5
2023-09-16,Celtic,Dundee,3.0,0.0,7.0,1.0,12.0,3.0,9.0,1.0,0.0,0.0,0.0,0.0,1.11,9.0,21.0,1.36,3.07,-2.0,1.92,1.89,1.2,7.91,12.91,G Irvine,Scottish Premiership,,20230916_Celtic_Dundee,374.49443487407143,0.13,0.05,58.2,41.8
2023-09-16,Hearts,Aberdeen,2.0,0.0,4.0,5.0,8.0,6.0,9.0,3.0,4.0,2.0,0.0,0.0,2.1,3.5,3.4,1.74,2.07,-0.25,1.8,2.02,2.13,3.7,3.46,K Clancy,Scottish Premiership,,20230916_Hearts_Aberdeen,5.697670106973874,0.38,0.92,53.3,46.7
2023-09-16,Kilmarnock,Hibernian,2.0,2.0,5.0,4.0,11.0,7.0,4.0,4.0,5.0,4.0,0.0,0.0,2.55,3.3,2.75,2.23,1.64,0.0,1.83,1.99,2.72,3.21,2.86,D Dickinson,Scottish Premiership,,20230916_Kilmarnock_Hibernian,-28.84888204521667,0.75,0.87,48.2,51.8
2023-09-16,Motherwell,St Mirren,0.0,1.0,7.0,3.0,13.0,6.0,8.0,3.0,0.0,5.0,0.0,0.0,2.25,3.25,3.3,2.32,1.59,0.0,1.92,1.89,2.84,3.17,2.78,M MacDermid,Scottish Premiership,,20230916_Motherwell_St-Mirren,44.89387106552908,0.97,0.89,53.4,46.6
2023-09-16,Ross County,Livingston,1.0,1.0,5.0,2.0,11.0,3.0,6.0,2.0,0.0,3.0,0.0,0.0,2.38,3.2,3.1,2.23,1.64,-0.25,1.87,1.95,2.25,3.24,3.64,E Anderson,Scottish Premiership,,20230916_Ross-County_Livingston,-29.946938520320145,0.4,1.48,53.5,46.5
2023-09-16,St Johnstone,Rangers,0.0,2.0,0.0,6.0,3.0,14.0,3.0,5.0,5.0,2.0,0.0,0.0,12.0,6.5,1.22,1.54,2.4,1.75,1.9,1.9,12.71,6.39,1.25,N Walsh,Scottish Premiership,,20230916_St-Johnstone_Rangers,-300.38830732207657,1.02,0.8,42.8,57.2
2023-09-23,Dundee,Kilmarnock,2.0,2.0,3.0,3.0,7.0,20.0,4.0,7.0,1.0,3.0,1.0,0.0,2.55,3.3,2.8,2.14,1.7,-0.25,2.07,1.76,2.46,3.3,3.15,D Munro,Scottish Premiership,,20230923_Dundee_Kilmarnock,-51.408792481571936,0.77,0.66,45.9,54.1
2023-09-23,Hibernian,St Johnstone,2.0,0.0,8.0,1.0,9.0,11.0,4.0,4.0,1.0,3.0,0.0,0.0,1.6,4.0,5.75,1.88,1.91,-1.0,1.98,1.82,1.61,4.2,5.85,K Clancy,Scottish Premiership,,20230923_Hibernian_St-Johnstone,61.558079468025426,1.27,1.08,45.0,55.0
2023-09-23,Livingston,Celtic,0.0,3.0,4.0,7.0,11.0,7.0,2.0,4.0,5.0,2.0,0.0,1.0,9.5,6.5,1.25,1.58,2.35,1.5,1.98,1.83,11.53,6.12,1.28,J Beaton,Scottish Premiership,,20230923_Livingston_Celtic,-327.30312189750725,0.72,1.52,45.5,54.5
2023-09-23,St Mirren,Hearts,1.0,0.0,5.0,3.0,8.0,8.0,4.0,8.0,2.0,1.0,0.0,0.0,2.7,3.3,2.7,2.21,1.66,0.0,1.97,1.85,2.94,3.14,2.72,N Walsh,Scottish Premiership,,20230923_St-Mirren_Hearts,-10.33973365663428,0.51,1.27,52.5,47.5
2023-09-24,Aberdeen,Ross County,4.0,0.0,6.0,2.0,7.0,9.0,5.0,5.0,0.0,4.0,0.0,0.0,1.95,3.5,4.0,1.9,1.89,-0.5,1.86,1.95,1.89,3.66,4.38,D Robertson,Scottish Premiership,,20230924_Aberdeen_Ross-County,56.15066018850143,0.75,0.62,53.8,46.2
2023-09-24,Rangers,Motherwell,1.0,0.0,7.0,4.0,10.0,5.0,2.0,2.0,2.0,2.0,0.0,0.0,1.25,6.0,12.0,1.45,2.7,-2.0,2.01,1.8,1.21,7.32,13.42,A Muir,Scottish Premiership,,20230924_Rangers_Motherwell,207.11799263990133,0.85,0.41,51.9,48.1
2023-09-30,Hibernian,Dundee,0.0,0.0,9.0,2.0,14.0,9.0,14.0,1.0,1.0,4.0,0.0,0.0,1.73,3.75,4.75,1.77,2.04,-0.75,1.79,2.03,1.64,4.28,5.34,J Beaton,Scottish Premiership,,20230930_Hibernian_Dundee,86.40251216476645,1.27,0.69,57.4,42.6
2023-09-30,Kilmarnock,St Mirren,1.0,1.0,2.0,3.0,10.0,5.0,7.0,6.0,2.0,3.0,0.0,0.0,2.3,3.25,3.1,2.31,1.6,-0.25,1.88,1.93,2.28,3.25,3.54,C Graham,Scottish Premiership,,20230930_Kilmarnock_St-Mirren,-62.11606045449571,0.05,1.95,44.6,55.4
2023-09-30,Motherwell,Celtic,1.0,2.0,4.0,6.0,6.0,18.0,4.0,6.0,3.0,1.0,0.0,0.0,9.5,5.5,1.3,1.58,2.34,1.5,1.75,2.09,7.88,5.14,1.41,W Collum,Scottish Premiership,,20230930_Motherwell_Celtic,-271.0161133327872,1.02,1.55,40.1,59.9
2023-09-30,Rangers,Aberdeen,1.0,3.0,5.0,6.0,13.0,8.0,5.0,8.0,2.0,1.0,1.0,0.0,1.29,5.25,10.0,1.57,2.38,-1.5,1.93,1.88,1.35,5.49,9.21,S McLean,Scottish Premiership,,20230930_Rangers_Aberdeen,239.4033947118753,0.72,1.29,57.4,42.6
2023-09-30,Ross County,Hearts,0.0,1.0,1.0,3.0,8.0,14.0,5.0,5.0,3.0,2.0,0.0,0.0,3.25,3.5,2.2,2.03,1.78,0.25,1.84,1.97,3.23,3.34,2.39,D Dickinson,Scottish Premiership,,20230930_Ross-County_Hearts,-83.17510347423263,1.91,0.52,44.1,55.9
2023-09-30,St Johnstone,Livingston,1.0,1.0,2.0,3.0,10.0,4.0,5.0,2.0,2.0,2.0,1.0,0.0,2.5,3.3,2.88,2.47,1.53,-0.25,2.07,1.76,2.49,3.05,3.36,G Grainger,Scottish Premiership,,20230930_St-Johnstone_Livingston,-42.19187427898055,1.28,1.24,50.9,49.1
2023-10-07,Celtic,Kilmarnock,3.0,1.0,12.0,1.0,15.0,5.0,11.0,1.0,2.0,2.0,0.0,0.0,1.18,7.5,13.0,1.48,2.61,-2.0,2.05,1.77,1.22,7.27,12.76,M MacDermid,Scottish Premiership,,20231007_Celtic_Kilmarnock,335.04087785091133,1.88,0.84,56.8,43.2
2023-10-07,Hearts,Hibernian,2.0,2.0,5.0,3.0,16.0,14.0,7.0,4.0,2.0,1.0,0.0,0.0,2.25,3.5,3.1,1.87,1.91,-0.25,2.07,1.75,2.52,3.5,2.9,W Collum,Scottish Premiership,,20231007_Hearts_Hibernian,21.327626126493215,0.46,0.73,52.8,47.2
2023-10-07,Livingston,Motherwell,2.0,0.0,3.0,2.0,8.0,1.0,3.0,5.0,1.0,3.0,0.0,1.0,2.8,3.2,2.63,2.2,1.65,0.25,1.73,2.1,3.19,3.16,2.51,D Robertson,Scottish Premiership,,20231007_Livingston_Motherwell,-59.901997456176105,0.96,0.05,42.8,57.2
2023-10-08,Aberdeen,St Johnstone,0.0,0.0,3.0,0.0,7.0,9.0,5.0,3.0,0.0,2.0,0.0,0.0,1.57,4.0,6.0,1.89,1.88,-1.0,1.8,2.01,1.49,4.47,7.41,D Munro,Scottish Premiership,,20231008_Aberdeen_St-Johnstone,101.42089623743709,0.98,0.72,50.3,49.7
2023-10-08,St Mirren,Rangers,0.0,3.0,0.0,8.0,3.0,5.0,3.0,10.0,1.0,2.0,1.0,0.0,6.0,4.5,1.5,1.82,1.97,1.0,1.8,2.02,5.67,4.11,1.64,N Walsh,Scottish Premiership,,20231008_St-Mirren_Rangers,-201.11364498543298,0.19,2.87,42.9,57.1
2023-10-21,Kilmarnock,Livingston,3.0,1.0,5.0,1.0,8.0,7.0,5.0,4.0,2.0,1.0,0.0,0.0,1.95,3.4,4.0,2.19,1.66,-0.5,1.91,1.9,1.97,3.44,4.35,C Napier,Scottish Premiership,,20231021_Kilmarnock_Livingston,-12.882659770563805,1.2,1.51,45.0,55.0
2023-10-21,Rangers,Hibernian,4.0,0.0,8.0,1.0,15.0,6.0,5.0,4.0,1.0,2.0,0.0,0.0,1.36,5.25,8.0,1.54,2.44,-1.25,1.82,2.0,1.4,5.18,7.87,D Robertson,Scottish Premiership,,20231021_Rangers_Hibernian,230.5141737460342,0.95,0.43,61.5,38.5
2023-10-22,Hearts,Celtic,1.0,4.0,6.0,7.0,7.0,12.0,3.0,5.0,2.0,1.0,0.0,0.0,6.5,4.75,1.45,1.51,2.53,1.25,1.81,2.01,6.56,4.9,1.48,N Walsh,Scottish Premiership,,20231022_Hearts_Celtic,-284.02238192803657,1.05,1.82,38.9,61.1
2023-10-24,Dundee,Ross County,0.0,0.0,9.0,4.0,6.0,2.0,7.0,4.0,1.0,6.0,0.0,0.0,2.0,3.5,3.6,1.94,1.85,-0.25,1.86,1.96,2.22,3.47,3.47,C Steven,Scottish Premiership,,20231024_Dundee_Ross-County,-0.3448622461371542,0.05,0.5,53.5,46.5
2023-10-28,Hibernian,Celtic,0.0,0.0,1.0,4.0,5.0,17.0,3.0,6.0,0.0,2.0,0.0,0.0,6.0,5.0,1.45,1.49,2.55,1.25,1.82,1.99,6.65,4.9,1.48,A Muir,Scottish Premiership,,20231028_Hibernian_Celtic,-312.8261887425267,1.68,0.64,36.6,63.4
2023-10-28,Livingston,Dundee,0.0,2.0,0.0,7.0,4.0,11.0,1.0,5.0,0.0,0.0,1.0,0.0,2.45,3.3,2.9,2.25,1.62,0.0,1.78,2.04,2.62,3.19,3.01,W Collum,Scottish Premiership,,20231028_Livingston_Dundee,44.46233162316298,0.9,0.99,56.7,43.3
2023-10-28,Motherwell,Ross County,3.0,3.0,3.0,6.0,10.0,7.0,6.0,4.0,2.0,2.0,0.0,0.0,1.91,3.75,3.8,2.0,1.78,-0.5,1.87,1.93,1.91,3.65,4.33,G Grainger,Scottish Premiership,,20231028_Motherwell_Ross-County,88.39067213310591,2.2,1.96,49.5,50.5
2023-10-28,St Mirren,St Johnstone,4.0,0.0,5.0,3.0,4.0,11.0,4.0,8.0,2.0,0.0,0.0,0.0,1.57,3.8,7.0,2.32,1.59,-0.75,1.99,1.82,1.78,3.56,5.35,D Dickinson,Scottish Premiership,,20231028_St-Mirren_St-Johnstone,92.22883446137689,2.22,0.78,52.3,47.7
2023-10-29,Kilmarnock,Aberdeen,2.0,0.0,8.0,1.0,11.0,4.0,9.0,3.0,1.0,3.0,0.0,0.0,2.55,3.2,2.88,2.13,1.7,-0.25,2.08,1.75,2.55,3.28,3.02,K Clancy,Scottish Premiership,,20231029_Kilmarnock_Aberdeen,-45.11178762762711,0.05,0.64,48.1,51.9
2023-10-29,Rangers,Hearts,2.0,1.0,5.0,1.0,23.0,4.0,11.0,2.0,1.0,5.0,0.0,0.0,1.3,6.0,8.5,1.54,2.44,-1.5,1.8,2.01,1.26,6.15,12.25,J Beaton,Scottish Premiership,,20231029_Rangers_Hearts,219.6055532694802,2.35,0.69,54.5,45.5
2023-10-31,Hibernian,Ross County,2.0,2.0,2.0,3.0,5.0,5.0,5.0,5.0,1.0,2.0,0.0,0.0,1.57,4.33,5.5,1.78,2.01,-0.75,1.89,1.91,1.75,3.92,4.95,G Irvine,Scottish Premiership,,20231031_Hibernian_Ross-County,81.53403315767355,0.86,0.95,49.0,51.0
2023-11-01,Celtic,St Mirren,2.0,1.0,8.0,2.0,15.0,4.0,12.0,2.0,2.0,2.0,0.0,0.0,1.2,7.0,13.0,1.49,2.57,-2.0,2.04,1.78,1.21,7.34,13.91,J Beaton,Scottish Premiership,,20231101_Celtic_St-Mirren,272.384643637439,1.45,0.05,57.3,42.7
2023-11-01,Dundee,Rangers,0.0,5.0,4.0,11.0,5.0,21.0,6.0,7.0,4.0,1.0,0.0,0.0,8.0,4.75,1.4,1.71,2.1,1.25,1.84,1.96,7.94,4.71,1.44,K Clancy,Scottish Premiership,,20231101_Dundee_Rangers,-308.58293302920697,1.19,1.98,36.7,63.3
2023-11-01,Hearts,Livingston,1.0,0.0,10.0,0.0,15.0,3.0,12.0,1.0,2.0,4.0,0.0,0.0,1.62,4.0,5.25,1.86,1.92,-1.0,1.79,2.03,1.48,4.5,7.55,C Graham,Scottish Premiership,,20231101_Hearts_Livingston,60.9972541422178,1.35,0.88,53.2,46.8
2023-11-01,Motherwell,Aberdeen,2.0,4.0,2.0,6.0,7.0,9.0,1.0,4.0,6.0,1.0,0.0,0.0,2.45,3.4,2.88,2.1,1.72,0.0,1.78,2.04,2.65,3.15,3.01,C Steven,Scottish Premiership,,20231101_Motherwell_Aberdeen,-2.308535860974871,1.17,2.33,49.2,50.8
2023-11-01,St Johnstone,Kilmarnock,2.0,1.0,4.0,5.0,11.0,18.0,5.0,12.0,2.0,2.0,1.0,0.0,3.5,3.2,2.2,2.28,1.61,0.25,1.97,1.84,3.69,3.26,2.22,C Scott,Scottish Premiership,,20231101_St-Johnstone_Kilmarnock,-71.93235315718312,1.44,0.05,41.7,58.3
2023-11-04,Kilmarnock,Motherwell,1.0,0.0,8.0,1.0,12.0,10.0,9.0,3.0,2.0,1.0,0.0,0.0,2.2,3.6,3.2,2.14,1.69,-0.5,1.95,1.86,2.01,3.48,4.1,M MacDermid,Scottish Premiership,,20231104_Kilmarnock_Motherwell,-18.23372271357607,1.44,0.17,56.5,43.5
2023-11-04,Ross County,Celtic,0.0,3.0,0.0,16.0,3.0,23.0,2.0,13.0,0.0,1.0,1.0,0.0,15.0,6.5,1.2,1.54,2.42,1.5,1.9,1.91,9.76,5.66,1.33,D Munro,Scottish Premiership,,20231104_Ross-County_Celtic,-378.5391940830575,0.72,1.87,30.6,69.4
2023-11-05,Dundee,Livingston,1.0,0.0,3.0,3.0,7.0,13.0,5.0,12.0,2.0,3.0,0.0,0.0,2.05,3.3,3.8,2.12,1.71,-0.5,1.81,2.0,1.82,3.7,4.78,A Muir,Scottish Premiership,,20231105_Dundee_Livingston,-10.967146112624732,1.15,1.82,46.1,53.9
2023-11-07,St Johnstone,Motherwell,2.0,2.0,3.0,5.0,7.0,6.0,6.0,7.0,1.0,2.0,0.0,0.0,2.75,3.2,2.63,2.28,1.62,0.0,1.9,1.91,2.81,3.08,2.88,E Anderson,Scottish Premiership,,20231107_St-Johnstone_Motherwell,-48.63777245718984,1.6,0.7,48.1,51.9
2023-11-08,St Mirren,Hibernian,2.0,2.0,4.0,4.0,14.0,5.0,3.0,1.0,3.0,2.0,0.0,0.0,2.45,3.3,2.9,2.13,1.7,-0.25,1.97,1.85,2.31,3.31,3.41,S McLean,Scottish Premiership,,20231108_St-Mirren_Hibernian,21.871252570309935,1.37,1.33,50.5,49.5
2023-11-11,Dundee,St Mirren,4.0,0.0,7.0,0.0,4.0,5.0,7.0,4.0,1.0,1.0,0.0,0.0,2.25,3.3,3.25,2.17,1.67,0.0,1.84,1.98,2.8,3.13,2.85,M MacDermid,Scottish Premiership,,20231111_Dundee_St-Mirren,-80.76321938712317,1.1,0.76,46.0,54.0
2023-11-11,Hibernian,Kilmarnock,1.0,0.0,5.0,1.0,2.0,8.0,5.0,10.0,2.0,5.0,0.0,0.0,2.15,3.5,3.4,1.94,1.84,-0.25,1.83,1.98,2.16,3.52,3.55,D Dickinson,Scottish Premiership,,20231111_Hibernian_Kilmarnock,14.63446814600934,0.41,0.39,51.6,48.4
2023-11-11,Motherwell,Hearts,1.0,2.0,1.0,3.0,7.0,11.0,4.0,10.0,4.0,2.0,0.0,0.0,3.0,3.3,2.4,1.95,1.84,0.25,1.82,2.0,3.18,3.51,2.34,D Munro,Scottish Premiership,,20231111_Motherwell_Hearts,-42.34230207683777,0.87,0.83,47.9,52.1
2023-11-11,St Johnstone,Ross County,1.0,0.0,3.0,2.0,7.0,6.0,3.0,4.0,4.0,3.0,0.0,0.0,2.7,3.25,2.7,2.27,1.62,0.0,1.77,2.06,2.59,3.19,3.05,N Walsh,Scottish Premiership,,20231111_St-Johnstone_Ross-County,10.569082566300949,1.59,0.4,48.0,52.0
2023-11-12,Celtic,Aberdeen,6.0,0.0,10.0,1.0,11.0,2.0,11.0,0.0,0.0,3.0,0.0,0.0,1.25,6.0,13.0,1.45,2.68,-1.75,1.88,1.93,1.25,6.67,11.62,W Collum,Scottish Premiership,,20231112_Celtic_Aberdeen,287.10217772989154,1.65,0.57,58.1,41.9
2023-11-12,Livingston,Rangers,0.0,2.0,1.0,6.0,3.0,12.0,3.0,9.0,1.0,1.0,0.0,0.0,10.0,5.75,1.29,1.6,2.3,1.75,1.87,1.94,14.36,6.35,1.23,S McLean,Scottish Premiership,,20231112_Livingston_Rangers,-316.9426880045619,0.94,1.33,40.8,59.2
2023-11-25,Celtic,Motherwell,1.0,1.0,4.0,2.0,16.0,4.0,13.0,2.0,1.0,4.0,0.0,0.0,1.14,7.5,19.0,1.37,2.99,-2.25,1.95,1.86,1.14,9.47,19.17,S McLean,Scottish Premiership,,20231125_Celtic_Motherwell,341.9520754321386,1.69,0.17,57.6,42.4
2023-11-25,Dundee,Hibernian,1.0,2.0,7.0,3.0,12.0,7.0,7.0,3.0,2.0,1.0,0.0,1.0,2.55,3.4,2.63,2.03,1.77,0.0,2.08,1.76,3.04,3.3,2.53,D Robertson,Scottish Premiership,,20231125_Dundee_Hibernian,-57.15534678437257,2.03,1.37,39.7,60.3
2023-11-25,Hearts,St Johnstone,1.0,0.0,4.0,3.0,14.0,7.0,6.0,5.0,2.0,2.0,0.0,0.0,1.55,4.2,5.75,1.85,1.94,-1.0,1.8,2.02,1.48,4.46,7.54,J Beaton,Scottish Premiership,,20231125_Hearts_St-Johnstone,86.55175012389918,0.38,1.25,47.8,52.2
2023-11-25,Ross County,Kilmarnock,0.0,0.0,5.0,1.0,10.0,12.0,9.0,5.0,1.0,0.0,0.0,0.0,2.8,3.3,2.5,2.41,1.55,0.0,2.07,1.76,2.93,3.14,2.72,C Steven,Scottish Premiership,,20231125_Ross-County_Kilmarnock,-64.70274478693841,0.7,0.05,43.7,56.3
2023-11-25,St Mirren,Livingston,1.0,0.0,1.0,1.0,14.0,10.0,7.0,3.0,1.0,0.0,0.0,0.0,1.73,3.6,5.0,2.41,1.55,-0.5,1.88,1.94,1.91,3.38,4.77,D Munro,Scottish Premiership,,20231125_St-Mirren_Livingston,83.14668760879249,0.97,1.34,55.3,44.7
2023-11-26,Aberdeen,Rangers,1.0,1.0,4.0,10.0,1.0,12.0,0.0,5.0,4.0,1.0,0.0,0.0,6.5,4.33,1.5,1.71,2.11,1.25,1.84,1.97,7.83,4.77,1.44,N Walsh,Scottish Premiership,,20231126_Aberdeen_Rangers,-232.8240353392273,0.29,1.09,43.1,56.9
2023-11-28,Ross County,St Mirren,1.0,0.0,2.0,1.0,4.0,5.0,7.0,5.0,0.0,2.0,0.0,0.0,2.75,3.0,2.8,2.45,1.53,0.0,1.74,2.1,2.55,3.06,3.25,W Collum,Scottish Premiership,,20231128_Ross-County_St-Mirren,-103.42674482480152,1.69,1.88,46.1,53.9
2023-12-02,Kilmarnock,Hearts,0.0,1.0,3.0,1.0,14.0,10.0,7.0,3.0,2.0,1.0,0.0,0.0,2.8,3.4,2.4,2.06,1.74,0.0,1.88,1.93,2.75,3.28,2.79,D Dickinson,Scottish Premiership,,20231202_Kilmarnock_Hearts,-66.96844924247375,0.94,1.58,49.0,51.0
2023-12-02,Motherwell,Dundee,3.0,3.0,4.0,4.0,5.0,12.0,4.0,4.0,3.0,2.0,1.0,0.0,2.25,3.3,3.2,2.14,1.69,-0.25,1.93,1.88,2.37,3.34,3.26,I Snedden,Scottish Premiership,,20231202_Motherwell_Dundee,30.889796119081666,0.96,1.1,54.3,45.7
2023-12-03,Hibernian,Aberdeen,2.0,0.0,3.0,5.0,8.0,18.0,6.0,6.0,3.0,2.0,0.0,0.0,2.0,3.6,3.6,1.89,1.89,-0.25,1.93,1.87,2.37,3.49,3.13,W Collum,Scottish Premiership,,20231203_Hibernian_Aberdeen,1.256421998231417,0.9,1.33,52.4,47.6
2023-12-03,Rangers,St Mirren,2.0,0.0,6.0,3.0,15.0,1.0,8.0,5.0,1.0,3.0,0.0,0.0,1.22,6.0,15.0,1.51,2.49,-2.0,1.87,1.94,1.17,8.02,19.06,M MacDermid,Scottish Premiership,,20231203_Rangers_St-Mirren,239.73092422312197,0.05,1.14,59.6,40.4
2023-12-03,St Johnstone,Celtic,1.0,3.0,3.0,7.0,2.0,18.0,2.0,12.0,2.0,1.0,0.0,0.0,13.0,6.5,1.22,1.54,2.41,2.0,1.76,2.07,13.47,7.35,1.21,D Robertson,Scottish Premiership,,20231203_St-Johnstone_Celtic,-365.08435277158287,0.45,2.18,35.4,64.6
2023-12-05,Ross County,Motherwell,3.0,0.0,6.0,4.0,7.0,10.0,6.0,3.0,1.0,2.0,1.0,0.0,2.25,3.2,3.5,2.3,1.6,-0.25,1.88,1.93,2.27,3.19,3.63,D Dickinson,Scottish Premiership,,20231205_Ross-County_Motherwell,-47.274115596090724,1.4,0.05,49.8,50.2
2023-12-06,Aberdeen,Kilmarnock,0.0,1.0,3.0,2.0,15.0,6.0,4.0,5.0,3.0,1.0,0.0,0.0,2.3,3.3,3.2,2.1,1.72,-0.25,1.77,2.05,2.07,3.45,3.91,M MacDermid,Scottish Premiership,,20231206_Aberdeen_Kilmarnock,46.379156210653036,0.8,0.61,54.8,45.2
2023-12-06,Celtic,Hibernian,4.0,1.0,12.0,3.0,14.0,3.0,11.0,4.0,2.0,2.0,0.0,0.0,1.2,7.0,12.0,1.41,2.83,-2.0,2.0,1.81,1.22,7.32,12.89,J Beaton,Scottish Premiership,,20231206_Celtic_Hibernian,268.14018712900065,2.48,1.46,55.3,44.7
2023-12-06,Hearts,Rangers,0.0,1.0,5.0,5.0,7.0,17.0,6.0,5.0,3.0,1.0,0.0,0.0,6.0,4.33,1.53,1.74,2.05,1.0,2.02,1.8,7.18,4.56,1.49,W Collum,Scottish Premiership,,20231206_Hearts_Rangers,-195.54368622955303,0.17,1.08,44.3,55.7
2023-12-06,St Johnstone,St Mirren,1.0,0.0,5.0,5.0,6.0,8.0,0.0,7.0,2.0,1.0,0.0,0.0,3.0,3.2,2.45,2.65,1.46,0.0,2.0,1.82,2.92,3.0,2.84,K Clancy,Scottish Premiership,,20231206_St-Johnstone_St-Mirren,-63.18782109707263,1.59,0.36,52.7,47.3
2023-12-09,Aberdeen,Hearts,2.0,1.0,6.0,3.0,8.0,2.0,3.0,8.0,3.0,7.0,0.0,0.0,2.6,3.5,2.63,1.94,1.84,-0.25,2.04,1.78,2.46,3.47,3.01,C Graham,Scottish Premiership,,20231209_Aberdeen_Hearts,-47.73296009014348,0.78,1.23,54.0,46.0
2023-12-09,Livingston,Hibernian,0.0,1.0,3.0,2.0,11.0,2.0,6.0,0.0,3.0,1.0,0.0,0.0,3.6,3.3,2.1,2.05,1.75,0.5,1.82,1.99,3.99,3.48,2.04,G Irvine,Scottish Premiership,,20231209_Livingston_Hibernian,-115.97682388940234,0.51,1.49,42.7,57.3
2023-12-09,Motherwell,St Johnstone,1.0,1.0,8.0,2.0,9.0,9.0,3.0,2.0,0.0,0.0,0.0,0.0,2.15,3.3,3.5,2.17,1.68,-0.25,1.91,1.9,2.35,3.29,3.34,E Anderson,Scottish Premiership,,20231209_Motherwell_St-Johnstone,15.018577731372034,1.64,1.71,50.8,49.2
2023-12-09,Rangers,Dundee,3.0,1.0,9.0,3.0,11.0,6.0,5.0,7.0,1.0,3.0,1.0,0.0,1.17,7.0,19.0,1.37,3.01,-2.5,2.01,1.81,1.13,9.85,23.42,K Clancy,Scottish Premiership,,20231209_Rangers_Dundee,304.40792185473015,1.15,0.36,58.4,41.6
2023-12-09,St Mirren,Ross County,2.0,0.0,6.0,2.0,9.0,7.0,10.0,4.0,2.0,0.0,0.0,0.0,2.15,3.3,3.5,2.48,1.52,-0.25,1.85,1.96,2.24,3.14,3.8,C Scott,Scottish Premiership,,20231209_St-Mirren_Ross-County,39.88041976210138,1.64,0.78,57.6,42.4
2023-12-10,Kilmarnock,Celtic,2.0,1.0,6.0,7.0,7.0,9.0,5.0,9.0,3.0,1.0,0.0,0.0,6.5,6.0,1.36,1.61,2.3,1.25,1.99,1.83,8.19,5.28,1.39,D Munro,Scottish Premiership,,20231210_Kilmarnock_Celtic,-330.32105699983094,0.6,1.44,36.6,63.4
2023-12-16,Celtic,Hearts,0.0,2.0,5.0,2.0,17.0,3.0,18.0,3.0,1.0,0.0,0.0,0.0,1.25,6.5,10.0,1.38,2.95,-2.0,1.95,1.86,1.21,7.22,14.48,K Clancy,Scottish Premiership,,20231216_Celtic_Hearts,256.15073027001927,1.18,1.07,65.9,34.1
2023-12-16,Livingston,Kilmarnock,0.0,0.0,1.0,3.0,7.0,8.0,0.0,8.0,2.0,1.0,0.0,0.0,3.4,3.3,2.2,2.4,1.56,0.25,1.98,1.84,3.82,3.2,2.21,W Collum,Scottish Premiership,,20231216_Livingston_Kilmarnock,-91.26313732061385,0.05,0.74,45.7,54.3
2023-12-16,Ross County,Dundee,0.0,1.0,3.0,3.0,7.0,14.0,2.0,9.0,1.0,2.0,0.0,0.0,2.3,3.3,3.1,2.1,1.72,-0.25,1.93,1.88,2.34,3.31,3.34,C Steven,Scottish Premiership,,20231216_Ross-County_Dundee,-11.972178358435258,0.92,0.91,56.5,43.5
2023-12-16,St Johnstone,Hibernian,1.0,0.0,7.0,0.0,7.0,3.0,5.0,5.0,2.0,3.0,0.0,0.0,3.5,3.3,2.15,2.07,1.74,0.25,2.03,1.79,3.79,3.43,2.11,G Grainger,Scottish Premiership,,20231216_St-Johnstone_Hibernian,-91.40852237101876,1.15,0.38,44.6,55.4
2023-12-16,St Mirren,Motherwell,0.0,0.0,3.0,4.0,8.0,4.0,6.0,4.0,1.0,1.0,0.0,0.0,1.95,3.4,4.0,2.31,1.6,-0.5,1.96,1.86,2.01,3.38,4.31,C Napier,Scottish Premiership,,20231216_St-Mirren_Motherwell,30.99887691611866,0.13,0.05,46.4,53.6
2023-12-20,Aberdeen,Livingston,2.0,1.0,6.0,4.0,5.0,7.0,1.0,3.0,0.0,3.0,0.0,0.0,1.7,4.33,4.33,2.02,1.77,-0.75,1.77,2.05,1.64,4.04,5.82,N Walsh,Scottish Premiership,,20231220_Aberdeen_Livingston,100.13279017089985,2.21,1.06,52.3,47.7
2023-12-20,Rangers,St Johnstone,2.0,0.0,8.0,0.0,20.0,2.0,10.0,2.0,2.0,2.0,0.0,1.0,1.13,8.5,19.0,1.47,2.61,-2.25,1.9,1.9,1.13,9.71,24.33,A Muir,Scottish Premiership,,20231220_Rangers_St-Johnstone,292.22915903726516,1.15,0.24,55.6,44.4
2023-12-23,Celtic,Livingston,2.0,0.0,7.0,0.0,15.0,0.0,14.0,0.0,0.0,1.0,0.0,0.0,1.1,9.0,26.0,1.31,3.32,-2.75,1.93,1.88,1.08,13.62,34.21,M MacDermid,Scottish Premiership,,20231223_Celtic_Livingston,365.84415827228986,1.23,1.26,59.3,40.7
2023-12-23,Hearts,St Mirren,2.0,0.0,6.0,4.0,6.0,7.0,8.0,6.0,2.0,3.0,0.0,0.0,1.95,3.4,4.2,2.13,1.7,-0.5,1.87,1.94,1.9,3.53,4.57,N Walsh,Scottish Premiership,,20231223_Hearts_St-Mirren,58.44587777502443,1.74,0.86,54.3,45.7
2023-12-23,Kilmarnock,St Johnstone,2.0,1.0,5.0,4.0,9.0,5.0,5.0,1.0,0.0,1.0,0.0,0.0,1.73,3.6,5.25,2.09,1.73,-0.75,1.82,1.99,1.68,3.77,5.91,J Beaton,Scottish Premiership,,20231223_Kilmarnock_St-Johnstone,36.01682029276094,1.38,1.3,49.9,50.1
2023-12-24,Motherwell,Rangers,0.0,2.0,0.0,6.0,7.0,8.0,3.0,5.0,3.0,1.0,0.0,0.0,9.5,5.25,1.33,1.58,2.34,1.5,2.03,1.8,11.42,6.24,1.28,D Dickinson,Scottish Premiership,,20231224_Motherwell_Rangers,-296.0290918660867,0.57,0.88,38.2,61.8
2023-12-26,Dundee,Celtic,0.0,3.0,1.0,7.0,4.0,31.0,1.0,23.0,1.0,1.0,0.0,0.0,11.0,5.5,1.29,1.46,2.65,1.75,1.86,1.95,11.43,6.32,1.26,D Robertson,Scottish Premiership,,20231226_Dundee_Celtic,-314.65228656975887,0.29,1.83,38.5,61.5
2023-12-27,Hibernian,Hearts,0.0,1.0,3.0,3.0,13.0,7.0,6.0,5.0,2.0,3.0,0.0,0.0,2.45,3.5,2.7,2.04,1.76,0.0,1.93,1.89,2.78,3.31,2.74,J Beaton,Scottish Premiership,,20231227_Hibernian_Hearts,-36.03661294957624,0.22,1.3,51.5,48.5
2023-12-27,Livingston,St Johnstone,0.0,0.0,3.0,2.0,11.0,2.0,6.0,3.0,2.0,2.0,0.0,0.0,2.38,3.25,3.2,2.61,1.48,-0.25,1.93,1.88,2.32,3.08,3.69,K Clancy,Scottish Premiership,,20231227_Livingston_St-Johnstone,-49.561372843901154,1.53,0.72,48.1,51.9
2023-12-27,St Mirren,Kilmarnock,0.0,1.0,6.0,3.0,5.0,9.0,4.0,4.0,3.0,2.0,0.0,0.0,2.75,3.0,2.8,2.55,1.5,0.0,1.99,1.84,3.03,3.0,2.75,E Anderson,Scottish Premiership,,20231227_St-Mirren_Kilmarnock,-24.187607929759906,1.02,0.56,45.3,54.7
2023-12-30,Aberdeen,St Mirren,0.0,3.0,3.0,5.0,15.0,5.0,13.0,2.0,1.0,0.0,0.0,0.0,1.91,3.5,4.0,2.25,1.63,-0.75,2.02,1.8,1.81,3.53,5.19,G Irvine,Scottish Premiership,,20231230_Aberdeen_St-Mirren,48.26008344916181,0.64,0.96,53.2,46.8
2023-12-30,Celtic,Rangers,2.0,1.0,5.0,3.0,7.0,11.0,4.0,2.0,7.0,3.0,0.0,1.0,2.15,3.6,3.1,1.84,1.94,-0.25,1.8,2.02,2.11,3.65,3.57,N Walsh,Scottish Premiership,,20231230_Celtic_Rangers,10.65266222513469,1.37,1.05,54.4,45.6
2023-12-30,Hearts,Ross County,2.0,2.0,7.0,2.0,13.0,12.0,9.0,5.0,2.0,2.0,0.0,0.0,1.7,3.8,5.0,1.94,1.85,-0.75,1.82,2.0,1.66,3.99,5.61,A Muir,Scottish Premiership,,20231230_Hearts_Ross-County,150.86228213362347,1.11,1.3,56.1,43.9
2023-12-30,Kilmarnock,Dundee,2.0,2.0,4.0,2.0,7.0,5.0,7.0,8.0,2.0,1.0,0.0,0.0,1.83,3.6,4.5,1.95,1.84,-0.75,1.93,1.88,1.75,3.7,5.27,D Dickinson,Scottish Premiership,,20231230_Kilmarnock_Dundee,65.23590186854517,1.03,2.6,50.9,49.1
2023-12-30,Motherwell,Livingston,3.0,1.0,4.0,1.0,3.0,9.0,4.0,3.0,4.0,3.0,0.0,0.0,2.0,3.4,4.0,2.31,1.6,-0.25,1.79,2.03,2.14,3.25,3.95,C Graham,Scottish Premiership,,20231230_Motherwell_Livingston,58.65380415882896,1.11,0.34,52.3,47.7
2024-01-02,Hibernian,Motherwell,2.0,2.0,3.0,4.0,9.0,5.0,7.0,3.0,2.0,2.0,0.0,0.0,1.91,3.4,4.0,1.89,1.89,-0.5,1.95,1.86,2.0,3.61,3.91,D Robertson,Scottish Premiership,,20240102_Hibernian_Motherwell,44.21407089126751,1.36,0.48,51.4,48.6
2024-01-02,Livingston,Hearts,1.0,2.0,3.0,5.0,7.0,5.0,2.0,3.0,1.0,3.0,0.0,0.0,4.0,3.6,1.91,2.22,1.64,0.5,1.9,1.92,4.37,3.47,1.95,D Dickinson,Scottish Premiership,,20240102_Livingston_Hearts,-175.50438190377008,1.72,1.59,36.3,63.7
2024-01-02,Rangers,Kilmarnock,3.0,1.0,6.0,2.0,12.0,4.0,7.0,5.0,1.0,3.0,0.0,0.0,1.25,7.0,9.5,1.59,2.32,-1.75,1.83,1.99,1.21,6.94,15.63,J Beaton,Scottish Premiership,,20240102_Rangers_Kilmarnock,236.1017785479819,2.57,0.28,54.1,45.9
2024-01-02,Ross County,Aberdeen,0.0,3.0,3.0,7.0,2.0,9.0,4.0,5.0,4.0,3.0,1.0,0.0,3.3,3.25,2.3,2.02,1.77,0.25,1.82,2.0,3.08,3.32,2.49,M MacDermid,Scottish Premiership,,20240102_Ross-County_Aberdeen,-80.18813349480115,0.78,1.69,45.9,54.1
2024-01-02,St Mirren,Celtic,0.0,3.0,0.0,11.0,3.0,13.0,1.0,12.0,0.0,0.0,1.0,0.0,13.0,6.0,1.25,1.53,2.46,1.75,1.88,1.93,13.05,6.35,1.25,D Munro,Scottish Premiership,,20240102_St-Mirren_Celtic,-300.6550288331716,1.29,1.57,46.0,54.0
2024-01-23,Hearts,Dundee,3.0,2.0,6.0,4.0,9.0,4.0,7.0,1.0,1.0,6.0,0.0,0.0,1.73,3.75,5.0,2.0,1.8,-0.75,1.97,1.84,1.77,3.8,4.94,C Graham,Scottish Premiership,,20240123_Hearts_Dundee,118.36143084905393,1.26,0.59,51.0,49.0
2024-01-24,Hibernian,Rangers,0.0,3.0,3.0,8.0,6.0,14.0,4.0,10.0,1.0,0.0,0.0,0.0,9.0,4.5,1.4,1.6,2.29,1.5,1.86,1.95,9.37,5.36,1.35,S McLean,Scottish Premiership,,20240124_Hibernian_Rangers,-244.00257084461464,0.31,1.53,41.6,58.4
2024-01-24,St Johnstone,Aberdeen,1.0,1.0,5.0,4.0,9.0,4.0,1.0,4.0,4.0,1.0,0.0,0.0,4.0,3.3,2.0,2.32,1.59,0.5,1.77,2.04,3.85,3.23,2.18,J Beaton,Scottish Premiership,,20240124_St-Johnstone_Aberdeen,-67.76689706402976,1.64,1.85,48.4,51.6
2024-01-27,Celtic,Ross County,1.0,0.0,7.0,1.0,10.0,6.0,7.0,7.0,1.0,1.0,0.0,0.0,1.11,9.0,26.0,1.26,3.73,-2.75,1.73,2.11,1.06,18.6,33.98,E Anderson,Scottish Premiership,,20240127_Celtic_Ross-County,372.7859675509603,0.53,0.05,51.3,48.7
2024-01-27,Hearts,Aberdeen,2.0,0.0,5.0,1.0,10.0,15.0,7.0,7.0,1.0,2.0,0.0,0.0,2.15,3.4,3.4,1.96,1.83,-0.25,1.8,2.02,2.15,3.53,3.58,K Clancy,Scottish Premiership,,20240127_Hearts_Aberdeen,68.36406556988663,1.21,0.89,48.2,51.8
2024-01-27,Kilmarnock,Hibernian,2.0,2.0,1.0,5.0,11.0,10.0,7.0,3.0,2.0,1.0,1.0,0.0,2.0,3.4,3.8,2.0,1.79,-0.25,1.78,2.05,2.16,3.54,3.54,G Irvine,Scottish Premiership,,20240127_Kilmarnock_Hibernian,2.8204450537871253,1.47,1.27,52.5,47.5
2024-01-27,Livingston,Dundee,1.0,4.0,3.0,5.0,12.0,2.0,5.0,3.0,0.0,1.0,0.0,1.0,2.88,3.0,2.7,2.31,1.6,0.0,1.84,1.98,2.66,3.19,2.96,R Hardie,Scottish Premiership,,20240127_Livingston_Dundee,-61.89223407924396,0.71,0.89,60.8,39.2
2024-01-27,St Johnstone,Motherwell,1.0,1.0,4.0,2.0,3.0,9.0,0.0,6.0,2.0,3.0,0.0,0.0,2.5,3.25,2.9,2.68,1.46,-0.25,2.1,1.74,2.62,2.91,3.31,C Steven,Scottish Premiership,,20240127_St-Johnstone_Motherwell,-21.693733657829853,0.61,1.38,50.3,49.7
2024-01-27,St Mirren,Rangers,0.0,1.0,2.0,2.0,5.0,8.0,4.0,3.0,0.0,2.0,0.0,0.0,9.0,6.0,1.3,1.8,1.99,1.5,1.96,1.86,13.19,5.71,1.28,D Dickinson,Scottish Premiership,,20240127_St-Mirren_Rangers,-279.98527961165587,1.09,1.53,40.7,59.3
2024-01-30,Aberdeen,Dundee,1.0,1.0,4.0,3.0,6.0,6.0,0.0,3.0,2.0,3.0,0.0,0.0,1.73,3.6,5.0,1.89,1.89,-0.5,1.88,1.93,1.93,3.57,4.32,N Walsh,Scottish Premiership,,20240130_Aberdeen_Dundee,46.57007702519445,0.37,0.2,43.9,56.1
2024-01-30,Livingston,Ross County,2.0,2.0,4.0,4.0,9.0,6.0,5.0,3.0,1.0,2.0,0.0,0.0,2.38,3.2,3.2,2.39,1.56,-0.25,1.94,1.88,2.32,3.21,3.51,A Muir,Scottish Premiership,,20240130_Livingston_Ross-County,-38.95341883983815,1.33,1.49,53.2,46.8
2024-02-03,Aberdeen,Celtic,1.0,1.0,3.0,4.0,4.0,18.0,1.0,12.0,3.0,1.0,0.0,0.0,7.5,5.0,1.4,1.52,2.47,1.25,1.85,1.96,6.78,4.93,1.47,S McLean,Scottish Premiership,,20240203_Aberdeen_Celtic,-290.1328811351591,1.57,1.4,42.1,57.9
2024-02-03,Dundee,Hearts,2.0,3.0,8.0,6.0,6.0,12.0,8.0,5.0,3.0,1.0,0.0,0.0,3.0,3.6,2.25,1.97,1.82,0.25,1.75,2.08,2.94,3.42,2.53,G Grainger,Scottish Premiership,,20240203_Dundee_Hearts,-132.6728284186986,1.63,3.43,51.0,49.0
2024-02-03,Hibernian,St Mirren,0.0,3.0,1.0,5.0,5.0,8.0,6.0,7.0,3.0,3.0,0.0,0.0,2.0,3.3,4.0,2.15,1.69,-0.5,1.86,1.96,1.85,3.61,4.67,W Collum,Scottish Premiership,,20240203_Hibernian_St-Mirren,30.612256684308022,0.05,1.47,49.0,51.0
2024-02-03,Motherwell,Kilmarnock,1.0,1.0,4.0,1.0,7.0,2.0,6.0,5.0,2.0,5.0,0.0,0.0,3.0,3.2,2.38,2.23,1.64,0.0,2.05,1.78,3.03,3.13,2.64,D Robertson,Scottish Premiership,,20240203_Motherwell_Kilmarnock,-39.91746379264691,1.14,0.18,46.0,54.0
2024-02-03,Rangers,Livingston,3.0,0.0,8.0,0.0,24.0,0.0,14.0,0.0,0.0,0.0,0.0,0.0,1.08,11.0,26.0,1.45,2.69,-2.5,2.02,1.8,1.1,11.31,28.87,J Beaton,Scottish Premiership,,20240203_Rangers_Livingston,389.0114718757791,2.0,0.26,64.9,35.1
2024-02-03,Ross County,St Johnstone,0.0,1.0,5.0,2.0,7.0,6.0,8.0,4.0,3.0,1.0,0.0,0.0,2.25,3.1,3.5,2.46,1.53,-0.25,1.94,1.88,2.36,3.14,3.49,C Napier,Scottish Premiership,,20240203_Ross-County_St-Johnstone,-37.89088120855081,0.05,1.32,49.3,50.7
2024-02-06,Motherwell,Ross County,5.0,0.0,8.0,2.0,9.0,10.0,3.0,6.0,2.0,2.0,0.0,0.0,1.95,3.4,4.0,2.13,1.7,-0.5,1.89,1.92,1.9,3.53,4.57,M MacDermid,Scottish Premiership,,20240206_Motherwell_Ross-County,70.15713440990248,2.53,0.84,48.2,51.8
2024-02-06,Rangers,Aberdeen,2.0,1.0,7.0,4.0,16.0,5.0,13.0,2.0,0.0,2.0,1.0,0.0,1.22,6.5,12.0,1.49,2.55,-1.75,1.86,1.95,1.22,6.67,14.21,D Robertson,Scottish Premiership,,20240206_Rangers_Aberdeen,257.8308772516166,1.11,0.53,61.2,38.8
2024-02-07,Hibernian,Celtic,1.0,2.0,4.0,3.0,8.0,5.0,4.0,5.0,4.0,2.0,0.0,0.0,8.5,5.0,1.36,1.49,2.56,1.25,1.84,1.97,6.56,4.83,1.49,N Walsh,Scottish Premiership,,20240207_Hibernian_Celtic,-288.628416546906,0.99,0.86,42.5,57.5
2024-02-07,Kilmarnock,Livingston,1.0,0.0,6.0,4.0,6.0,7.0,9.0,2.0,0.0,2.0,0.0,0.0,1.6,4.2,5.5,2.15,1.69,-0.75,1.79,2.03,1.61,3.89,6.56,D Dickinson,Scottish Premiership,,20240207_Kilmarnock_Livingston,135.2172090152908,0.39,0.18,52.7,47.3
2024-02-07,St Johnstone,Hearts,0.0,1.0,2.0,4.0,8.0,4.0,2.0,4.0,4.0,1.0,0.0,0.0,3.8,3.6,1.95,2.18,1.66,0.5,1.96,1.86,4.55,3.63,1.87,I Snedden,Scottish Premiership,,20240207_St-Johnstone_Hearts,-137.36040821119832,0.5,1.05,37.6,62.4
2024-02-07,St Mirren,Dundee,2.0,0.0,6.0,0.0,13.0,5.0,6.0,5.0,0.0,1.0,1.0,0.0,2.3,3.4,3.1,2.25,1.63,-0.25,2.02,1.81,2.47,3.15,3.28,S McLean,Scottish Premiership,,20240207_St-Mirren_Dundee,39.803473749882414,0.63,1.54,53.5,46.5
2024-02-11,Dundee,St Johnstone,2.0,1.0,6.0,3.0,20.0,12.0,13.0,7.0,4.0,3.0,0.0,0.0,2.0,3.3,4.0,2.19,1.66,-0.5,1.82,2.0,1.85,3.58,4.75,D Munro,Scottish Premiership,,20240211_Dundee_St-Johnstone,-13.71146585956103,0.35,1.16,53.6,46.4
2024-02-14,Aberdeen,Motherwell,3.0,3.0,7.0,7.0,7.0,4.0,7.0,3.0,2.0,4.0,0.0,0.0,1.95,3.6,4.0,2.05,1.75,-0.5,1.96,1.85,2.03,3.42,4.09,K Clancy,Scottish Premiership,,20240214_Aberdeen_Motherwell,23.712320977423133,1.9,1.76,53.2,46.8
2024-02-14,Rangers,Ross County,3.0,1.0,23.0,1.0,20.0,4.0,20.0,3.0,1.0,3.0,0.0,0.0,1.09,11.0,21.0,1.28,3.53,-2.75,1.97,1.84,1.08,13.2,27.62,A Muir,Scottish Premiership,,20240214_Rangers_Ross-County,379.7890122611757,0.9,1.21,56.1,43.9
2024-02-17,Aberdeen,Hibernian,2.0,2.0,12.0,6.0,10.0,1.0,4.0,2.0,1.0,3.0,0.0,0.0,2.2,3.5,3.2,1.9,1.88,-0.25,1.9,1.91,2.26,3.46,3.38,D Munro,Scottish Premiership,,20240217_Aberdeen_Hibernian,13.468790881293899,0.05,0.24,49.3,50.7
2024-02-17,Celtic,Kilmarnock,1.0,1.0,5.0,6.0,10.0,7.0,8.0,4.0,0.0,3.0,0.0,0.0,1.22,7.0,11.0,1.45,2.68,-1.75,1.82,2.0,1.22,7.07,13.81,J Beaton,Scottish Premiership,,20240217_Celtic_Kilmarnock,270.59831007527964,1.15,0.77,56.6,43.4
2024-02-17,Dundee,Ross County,2.0,0.0,4.0,3.0,10.0,14.0,6.0,2.0,2.0,2.0,0.0,0.0,1.75,4.0,4.33,1.67,2.17,-0.75,1.76,2.06,1.63,4.3,5.47,C Scott,Scottish Premiership,,20240217_Dundee_Ross-County,62.59036896119005,1.47,0.52,57.1,42.9
2024-02-17,Hearts,Motherwell,2.0,0.0,7.0,3.0,15.0,7.0,9.0,7.0,1.0,2.0,0.0,0.0,1.73,3.7,5.0,1.96,1.82,-0.75,1.91,1.91,1.7,3.91,5.36,C Graham,Scottish Premiership,,20240217_Hearts_Motherwell,123.54847300006941,0.47,0.96,51.3,48.7
2024-02-17,Livingston,St Mirren,1.0,0.0,3.0,3.0,3.0,18.0,4.0,9.0,1.0,1.0,0.0,0.0,3.0,3.3,2.4,2.62,1.47,0.25,1.82,2.0,3.42,3.07,2.44,E Anderson,Scottish Premiership,,20240217_Livingston_St-Mirren,-134.58989691305987,0.95,0.59,39.4,60.6
2024-02-18,St Johnstone,Rangers,0.0,3.0,0.0,5.0,4.0,10.0,3.0,1.0,3.0,0.0,0.0,0.0,9.0,7.0,1.25,1.65,2.21,1.75,1.81,2.0,13.74,6.53,1.23,M MacDermid,Scottish Premiership,,20240218_St-Johnstone_Rangers,-333.2814972023384,1.11,1.87,46.8,53.2
2024-02-24,Hibernian,Dundee,2.0,1.0,9.0,1.0,7.0,6.0,10.0,2.0,0.0,2.0,0.0,0.0,2.05,3.6,3.5,1.72,2.1,-0.5,1.92,1.89,1.93,3.87,3.96,J Beaton,Scottish Premiership,,20240224_Hibernian_Dundee,29.238598653296776,0.74,1.27,49.2,50.8
2024-02-24,Kilmarnock,Aberdeen,2.0,0.0,9.0,1.0,11.0,8.0,5.0,3.0,1.0,0.0,0.0,0.0,2.15,3.4,3.4,2.12,1.7,-0.25,2.08,1.75,2.51,3.34,3.03,G Grainger,Scottish Premiership,,20240224_Kilmarnock_Aberdeen,20.509846895051396,0.05,0.05,53.0,47.0
2024-02-24,Rangers,Hearts,5.0,0.0,12.0,5.0,5.0,6.0,4.0,2.0,2.0,2.0,0.0,0.0,1.29,5.5,11.0,1.55,2.4,-1.5,1.8,2.03,1.29,5.98,10.31,N Walsh,Scottish Premiership,,20240224_Rangers_Hearts,163.63961451120053,1.24,0.05,58.2,41.8
2024-02-24,Ross County,Livingston,3.0,2.0,6.0,6.0,6.0,12.0,6.0,4.0,2.0,1.0,0.0,0.0,2.25,3.25,3.4,2.16,1.68,-0.25,2.03,1.79,2.47,3.25,3.19,D Dickinson,Scottish Premiership,,20240224_Ross-County_Livingston,-2.8835468606514496,0.57,1.35,47.8,52.2
2024-02-24,St Mirren,St Johnstone,2.0,0.0,5.0,2.0,10.0,3.0,5.0,6.0,1.0,2.0,0.0,0.0,1.8,3.25,5.25,2.56,1.49,-0.5,1.78,2.05,1.81,3.36,5.56,G Irvine,Scottish Premiership,,20240224_St-Mirren_St-Johnstone,46.47121185727633,0.97,1.01,54.6,45.4
2024-02-25,Motherwell,Celtic,1.0,3.0,3.0,7.0,7.0,11.0,4.0,4.0,1.0,2.0,0.0,0.0,8.0,5.75,1.33,1.46,2.64,1.5,1.92,1.88,9.45,5.91,1.32,W Collum,Scottish Premiership,,20240225_Motherwell_Celtic,-304.97503077184933,1.19,1.97,39.4,60.6
2024-02-27,Ross County,St Mirren,1.0,1.0,1.0,3.0,5.0,6.0,3.0,4.0,2.0,2.0,0.0,0.0,3.75,3.2,2.15,2.23,1.63,0.25,1.99,1.81,3.79,3.3,2.17,C Graham,Scottish Premiership,,20240227_Ross-County_St-Mirren,-102.91989441289911,0.6,1.32,38.8,61.2
2024-02-28,Aberdeen,St Johnstone,0.0,2.0,5.0,4.0,12.0,4.0,11.0,7.0,0.0,4.0,0.0,0.0,1.62,3.75,6.0,2.32,1.59,-0.75,1.87,1.94,1.69,3.68,6.0,D Robertson,Scottish Premiership,,20240228_Aberdeen_St-Johnstone,65.0585954070068,1.27,1.2,47.3,52.7
2024-02-28,Celtic,Dundee,7.0,1.0,10.0,2.0,7.0,7.0,5.0,5.0,2.0,1.0,0.0,1.0,1.2,7.0,13.0,1.28,3.57,-2.25,1.8,2.02,1.13,9.66,22.29,M MacDermid,Scottish Premiership,,20240228_Celtic_Dundee,331.7653834586886,3.16,1.18,57.5,42.5
2024-02-28,Hearts,Hibernian,1.0,1.0,2.0,5.0,12.0,16.0,4.0,9.0,2.0,1.0,0.0,0.0,1.91,3.6,4.0,1.77,2.03,-0.5,2.01,1.83,2.05,3.69,3.71,K Clancy,Scottish Premiership,,20240228_Hearts_Hibernian,104.65492944706375,1.31,0.37,49.2,50.8
2024-02-28,Kilmarnock,Rangers,1.0,2.0,3.0,5.0,7.0,9.0,8.0,6.0,3.0,2.0,0.0,0.0,8.0,4.5,1.44,1.84,1.94,1.25,1.77,2.04,7.69,4.34,1.49,D Dickinson,Scottish Premiership,,20240228_Kilmarnock_Rangers,-248.40988203813754,0.91,1.24,38.7,61.3
2024-02-28,Livingston,Motherwell,1.0,3.0,4.0,5.0,10.0,10.0,1.0,4.0,1.0,1.0,0.0,0.0,2.7,3.4,2.55,2.28,1.61,0.25,1.8,2.04,3.23,3.18,2.48,J Beaton,Scottish Premiership,,20240228_Livingston_Motherwell,-100.25427336698317,1.46,0.97,48.4,51.6
2024-03-02,Dundee,Kilmarnock,2.0,2.0,5.0,7.0,9.0,2.0,4.0,6.0,3.0,4.0,0.0,1.0,2.6,3.5,2.6,2.06,1.75,0.25,1.8,2.03,3.1,3.33,2.47,C Steven,Scottish Premiership,,20240302_Dundee_Kilmarnock,-83.03384303469602,1.05,1.12,45.0,55.0
2024-03-02,Hibernian,Ross County,2.0,0.0,6.0,2.0,8.0,2.0,8.0,2.0,0.0,1.0,0.0,0.0,1.57,4.2,5.5,1.58,2.33,-1.25,1.84,1.97,1.4,5.19,7.92,C Napier,Scottish Premiership,,20240302_Hibernian_Ross-County,110.49935224185515,1.61,0.35,50.0,50.0
2024-03-02,Rangers,Motherwell,1.0,2.0,11.0,5.0,20.0,10.0,15.0,2.0,0.0,3.0,0.0,0.0,1.14,9.0,15.0,1.47,2.59,-2.0,1.84,1.98,1.16,8.4,19.69,A Muir,Scottish Premiership,,20240302_Rangers_Motherwell,309.26851516914644,1.35,1.73,63.6,36.4
2024-03-02,St Johnstone,Livingston,1.0,1.0,3.0,4.0,7.0,4.0,2.0,2.0,2.0,2.0,0.0,0.0,2.38,3.25,3.1,2.74,1.43,-0.25,1.84,1.97,2.23,2.99,4.08,C Graham,Scottish Premiership,,20240302_St-Johnstone_Livingston,79.80692229743568,0.63,1.11,53.5,46.5
2024-03-02,St Mirren,Aberdeen,2.0,1.0,5.0,3.0,9.0,6.0,3.0,2.0,1.0,4.0,0.0,0.0,2.3,3.5,3.0,2.33,1.58,-0.25,1.98,1.84,2.43,3.1,3.4,N Walsh,Scottish Premiership,,20240302_St-Mirren_Aberdeen,12.988375157176051,0.99,1.31,50.3,49.7
2024-03-03,Hearts,Celtic,2.0,0.0,6.0,6.0,8.0,11.0,7.0,7.0,2.0,2.0,0.0,1.0,6.5,4.33,1.5,1.52,2.5,1.25,1.83,1.99,6.68,4.78,1.49,D Robertson,Scottish Premiership,,20240303_Hearts_Celtic,-182.49208098114354,1.66,0.24,44.3,55.7
2024-03-13,Dundee,Aberdeen,1.0,0.0,6.0,2.0,12.0,8.0,6.0,4.0,2.0,1.0,0.0,0.0,2.45,3.4,2.88,2.02,1.78,0.25,1.8,2.02,3.13,3.39,2.42,S McLean,Scottish Premiership,,20240313_Dundee_Aberdeen,-15.986376705995326,0.71,1.45,52.5,47.5
2024-03-13,Ross County,Hibernian,2.0,2.0,3.0,6.0,3.0,5.0,2.0,6.0,1.0,2.0,0.0,0.0,4.2,3.75,1.85,1.97,1.82,0.5,1.98,1.83,4.77,3.66,1.83,D Munro,Scottish Premiership,,20240313_Ross-County_Hibernian,-127.11368702388722,0.66,1.27,42.4,57.6
2024-03-16,Celtic,St Johnstone,3.0,1.0,9.0,2.0,13.0,4.0,10.0,2.0,0.0,3.0,0.0,0.0,1.1,9.0,26.0,1.39,2.92,-2.25,1.9,1.91,1.13,9.61,23.05,E Anderson,Scottish Premiership,,20240316_Celtic_St-Johnstone,329.149401666361,1.24,1.48,57.6,42.4
2024-03-16,Hibernian,Livingston,3.0,0.0,4.0,3.0,10.0,6.0,3.0,2.0,0.0,6.0,0.0,0.0,1.53,4.2,6.5,1.86,1.92,-1.0,1.79,2.04,1.49,4.46,7.38,N Walsh,Scottish Premiership,,20240316_Hibernian_Livingston,145.29341480669632,1.26,1.08,59.3,40.7
2024-03-16,Kilmarnock,St Mirren,5.0,2.0,8.0,2.0,5.0,5.0,1.0,3.0,3.0,1.0,0.0,0.0,2.15,3.1,3.75,2.66,1.46,-0.5,2.06,1.77,2.09,3.16,4.29,R Hardie,Scottish Premiership,,20240316_Kilmarnock_St-Mirren,25.32686789278273,0.95,0.82,50.0,50.0
2024-03-16,Motherwell,Aberdeen,0.0,1.0,5.0,4.0,9.0,10.0,6.0,6.0,1.0,2.0,0.0,0.0,2.4,3.1,3.2,1.96,1.83,-0.25,2.01,1.81,2.43,3.29,3.21,W Collum,Scottish Premiership,,20240316_Motherwell_Aberdeen,45.73269979109773,0.31,1.21,57.0,43.0
2024-03-16,Ross County,Hearts,2.0,1.0,3.0,6.0,8.0,15.0,2.0,15.0,2.0,1.0,0.0,0.0,4.0,3.6,1.91,1.99,1.8,0.5,1.95,1.86,4.49,3.62,1.88,G Irvine,Scottish Premiership,,20240316_Ross-County_Hearts,-230.01966920848326,1.66,1.02,38.3,61.7
2024-03-30,Aberdeen,Ross County,2.0,1.0,4.0,3.0,6.0,7.0,2.0,8.0,2.0,4.0,0.0,0.0,1.7,3.75,5.0,2.01,1.78,-1.0,1.96,1.85,1.54,4.14,6.75,K Clancy,Scottish Premiership,,20240330_Aberdeen_Ross-County,57.63614000179905,1.25,1.08,48.6,51.4
2024-03-30,Hearts,Kilmarnock,1.0,1.0,6.0,4.0,10.0,8.0,7.0,7.0,2.0,2.0,0.0,0.0,2.0,3.5,3.75,2.01,1.78,-0.25,1.94,1.87,2.33,3.4,3.22,W Collum,Scottish Premiership,,20240330_Hearts_Kilmarnock,62.94359486759504,1.99,0.34,56.4,43.6
2024-03-30,Motherwell,St Mirren,1.0,1.0,4.0,4.0,12.0,13.0,4.0,4.0,1.0,1.0,0.0,0.0,2.45,3.4,2.88,2.18,1.66,0.0,1.84,2.0,2.72,3.21,2.83,M MacDermid,Scottish Premiership,,20240330_Motherwell_St-Mirren,-5.3543530241042845,1.02,1.74,46.0,54.0
2024-03-30,Rangers,Hibernian,3.0,1.0,8.0,1.0,16.0,5.0,9.0,4.0,3.0,3.0,0.0,0.0,1.29,7.0,7.5,1.42,2.79,-1.75,1.84,1.97,1.21,7.12,12.8,D Dickinson,Scottish Premiership,,20240330_Rangers_Hibernian,250.98835762087833,1.83,1.06,63.8,36.2
2024-03-30,St Johnstone,Dundee,1.0,2.0,4.0,3.0,11.0,7.0,11.0,2.0,5.0,1.0,0.0,0.0,2.7,3.4,2.6,2.35,1.57,0.25,1.75,2.09,3.13,3.07,2.58,I Snedden,Scottish Premiership,,20240330_St-Johnstone_Dundee,-27.475969762246223,1.4,0.54,51.9,48.1
2024-03-31,Livingston,Celtic,0.0,3.0,1.0,10.0,4.0,11.0,0.0,8.0,1.0,0.0,0.0,0.0,12.0,7.0,1.22,1.4,2.88,2.0,1.89,1.93,14.73,7.74,1.18,D Robertson,Scottish Premiership,,20240331_Livingston_Celtic,-413.9305074068907,0.79,1.27,43.6,56.4
2024-04-06,Dundee,Motherwell,2.0,3.0,2.0,5.0,4.0,15.0,3.0,11.0,2.0,0.0,0.0,0.0,2.38,3.3,3.1,1.96,1.83,-0.25,1.93,1.89,2.34,3.48,3.14,D Dickinson,Scottish Premiership,,20240406_Dundee_Motherwell,-12.17699483880142,0.45,0.79,54.9,45.1
2024-04-06,Hibernian,St Johnstone,1.0,2.0,6.0,2.0,7.0,4.0,13.0,3.0,1.0,2.0,0.0,0.0,1.5,4.33,6.5,1.95,1.84,-1.0,1.91,1.9,1.54,4.17,6.73,G Irvine,Scottish Premiership,,20240406_Hibernian_St-Johnstone,87.77022918381294,0.8,1.85,52.4,47.6
2024-04-06,Kilmarnock,Ross County,1.0,0.0,5.0,4.0,9.0,6.0,4.0,3.0,4.0,4.0,0.0,0.0,1.5,4.2,7.0,1.98,1.82,-1.0,1.89,1.92,1.53,4.16,6.83,E Anderson,Scottish Premiership,,20240406_Kilmarnock_Ross-County,141.3405504833081,1.07,0.92,53.5,46.5
2024-04-06,Livingston,Aberdeen,0.0,0.0,1.0,3.0,8.0,2.0,2.0,5.0,2.0,0.0,0.0,0.0,3.6,3.4,2.1,2.16,1.68,0.5,1.92,1.89,4.54,3.49,1.89,G Grainger,Scottish Premiership,,20240406_Livingston_Aberdeen,-122.49183929730088,1.15,0.05,41.0,59.0
2024-04-06,St Mirren,Hearts,1.0,2.0,1.0,2.0,5.0,8.0,8.0,7.0,1.0,2.0,0.0,0.0,2.88,3.1,2.6,2.21,1.65,-0.25,2.01,1.81,2.41,3.17,3.29,A Muir,Scottish Premiership,,20240406_St-Mirren_Hearts,-108.55843669119758,1.7,0.5,53.2,46.8
2024-04-07,Rangers,Celtic,3.0,3.0,5.0,7.0,7.0,7.0,3.0,2.0,0.0,4.0,0.0,0.0,2.2,3.6,3.1,1.71,2.11,0.0,1.79,2.07,2.45,3.59,2.88,J Beaton,Scottish Premiership,,20240407_Rangers_Celtic,-0.5870423260046209,1.3,1.48,51.6,48.4
2024-04-13,Aberdeen,Dundee,0.0,0.0,5.0,3.0,7.0,15.0,3.0,5.0,0.0,3.0,1.0,0.0,2.0,3.5,3.8,1.94,1.85,-0.5,1.93,1.88,1.97,3.55,4.05,N Walsh,Scottish Premiership,,20240413_Aberdeen_Dundee,10.943608676170243,1.51,1.96,47.7,52.3
2024-04-13,Celtic,St Mirren,3.0,0.0,9.0,0.0,9.0,2.0,11.0,1.0,0.0,2.0,0.0,0.0,1.2,6.5,15.0,1.48,2.6,-2.0,1.98,1.83,1.19,7.63,14.61,S McLean,Scottish Premiership,,20240413_Celtic_St-Mirren,290.1083705336812,2.11,1.06,60.2,39.8
2024-04-13,Hearts,Livingston,4.0,2.0,5.0,3.0,8.0,5.0,5.0,5.0,1.0,0.0,0.0,1.0,1.4,5.0,7.0,1.76,2.04,-1.25,2.01,1.81,1.44,4.62,7.98,C Steven,Scottish Premiership,,20240413_Hearts_Livingston,249.08828098389108,1.59,0.71,55.0,45.0
2024-04-13,Motherwell,Hibernian,1.0,1.0,1.0,4.0,7.0,4.0,4.0,6.0,2.0,4.0,0.0,0.0,2.7,3.4,2.6,1.7,2.13,0.0,2.03,1.82,2.84,3.66,2.45,W Collum,Scottish Premiership,,20240413_Motherwell_Hibernian,0.5368961456167654,0.29,0.92,53.3,46.7
2024-04-13,St Johnstone,Kilmarnock,0.0,2.0,3.0,5.0,8.0,12.0,2.0,6.0,0.0,0.0,0.0,0.0,3.8,3.5,2.0,2.49,1.52,0.5,1.81,2.01,4.24,3.22,2.05,C Scott,Scottish Premiership,,20240413_St-Johnstone_Kilmarnock,-109.06160406144431,0.64,0.46,48.0,52.0
2024-04-14,Ross County,Rangers,3.0,2.0,6.0,7.0,7.0,21.0,3.0,17.0,3.0,1.0,0.0,0.0,10.0,6.5,1.25,1.42,2.78,2.0,1.93,1.88,14.05,7.8,1.19,M MacDermid,Scottish Premiership,,20240414_Ross-County_Rangers,-379.9894545321831,2.36,0.57,35.4,64.6
2024-04-17,Dundee,Rangers,0.0,0.0,1.0,5.0,6.0,12.0,2.0,9.0,1.0,0.0,0.0,0.0,9.0,5.75,1.3,1.42,2.77,1.75,1.9,1.91,11.35,6.43,1.25,D Robertson,Scottish Premiership,,20240417_Dundee_Rangers,-287.97848648177023,0.36,0.97,42.6,57.4
2024-04-27,Aberdeen,Motherwell,1.0,0.0,5.0,3.0,18.0,5.0,10.0,7.0,1.0,0.0,0.0,1.0,2.05,3.4,3.75,1.88,1.9,-0.25,1.88,1.93,2.23,3.53,3.31,C Napier,Scottish Premiership,,20240427_Aberdeen_Motherwell,-24.751883587897964,0.78,0.08,54.0,46.0
2024-04-27,Kilmarnock,Hearts,0.0,0.0,2.0,4.0,14.0,10.0,8.0,4.0,4.0,0.0,0.0,0.0,2.25,3.3,3.3,1.96,1.82,-0.25,1.94,1.88,2.32,3.37,3.28,R Hardie,Scottish Premiership,,20240427_Kilmarnock_Hearts,-55.90739815304414,1.4,0.32,54.4,45.6
2024-04-27,Livingston,Ross County,2.0,0.0,4.0,4.0,2.0,10.0,4.0,5.0,1.0,0.0,0.0,0.0,2.75,3.4,2.55,2.05,1.75,0.25,1.84,1.98,3.28,3.37,2.31,W Collum,Scottish Premiership,,20240427_Livingston_Ross-County,-59.564958389232515,1.45,0.4,48.1,51.9
2024-04-27,St Johnstone,Hibernian,1.0,3.0,3.0,8.0,6.0,8.0,1.0,7.0,0.0,1.0,0.0,0.0,3.8,3.6,1.95,2.16,1.68,0.25,1.99,1.83,3.72,3.32,2.16,D Munro,Scottish Premiership,,20240427_St-Johnstone_Hibernian,-66.20376654565575,0.67,2.2,43.8,56.2
2024-04-28,Dundee,Celtic,1.0,2.0,6.0,6.0,5.0,7.0,8.0,8.0,0.0,1.0,0.0,0.0,8.5,6.5,1.29,1.32,3.26,2.0,1.88,1.93,12.81,7.35,1.21,J Beaton,Scottish Premiership,,20240428_Dundee_Celtic,-305.7474316922403,0.7,1.46,44.5,55.5
2024-04-28,St Mirren,Rangers,1.0,2.0,5.0,6.0,7.0,14.0,4.0,8.0,1.0,1.0,0.0,0.0,8.0,5.0,1.36,1.82,1.97,1.25,1.97,1.84,8.85,4.93,1.38,N Walsh,Scottish Premiership,,20240428_St-Mirren_Rangers,-263.6269643760427,0.77,0.6,44.1,55.9
2024-05-04,Aberdeen,St Johnstone,1.0,0.0,6.0,5.0,9.0,7.0,7.0,4.0,1.0,2.0,0.0,0.0,1.67,3.6,5.5,2.18,1.66,-0.75,1.91,1.88,1.68,3.77,5.6,C Graham,Scottish Premiership,,20240504_Aberdeen_St-Johnstone,64.54582968855402,1.49,0.77,55.4,44.6
2024-05-04,Celtic,Hearts,3.0,0.0,8.0,2.0,9.0,3.0,17.0,8.0,0.0,2.0,0.0,0.0,1.22,6.5,12.0,1.33,3.22,-2.0,1.93,1.87,1.22,7.05,12.54,K Clancy,Scottish Premiership,,20240504_Celtic_Hearts,169.43365206354883,1.3,0.39,58.2,41.8
2024-05-04,Dundee,St Mirren,1.0,3.0,4.0,7.0,6.0,5.0,4.0,8.0,2.0,1.0,0.0,0.0,2.5,3.25,2.88,2.39,1.55,0.0,1.85,1.96,2.77,3.06,2.9,M MacDermid,Scottish Premiership,,20240504_Dundee_St-Mirren,-7.241874122052195,0.76,1.9,47.9,52.1
2024-05-04,Motherwell,Livingston,4.0,1.0,6.0,1.0,8.0,4.0,6.0,2.0,2.0,0.0,0.0,0.0,1.65,4.0,5.0,1.9,1.87,-0.75,1.86,1.94,1.7,3.86,5.26,D Munro,Scottish Premiership,,20240504_Motherwell_Livingston,116.46750625586765,1.23,1.22,46.6,53.4
2024-05-04,Ross County,Hibernian,2.0,1.0,4.0,5.0,8.0,15.0,5.0,7.0,1.0,0.0,0.0,0.0,3.8,3.4,2.0,1.78,2.0,0.25,1.79,2.01,3.01,3.55,2.39,D Robertson,Scottish Premiership,,20240504_Ross-County_Hibernian,-107.07163463679194,1.66,0.75,40.1,59.9
2024-05-05,Rangers,Kilmarnock,4.0,1.0,15.0,2.0,26.0,3.0,16.0,1.0,0.0,2.0,0.0,1.0,1.25,6.5,10.0,1.56,2.37,-1.75,1.95,1.85,1.25,5.99,12.64,D Dickinson,Scottish Premiership,,20240505_Rangers_Kilmarnock,188.21912975823238,1.25,0.68,54.9,45.1
2024-05-11,Celtic,Rangers,2.0,1.0,6.0,1.0,16.0,7.0,10.0,5.0,3.0,0.0,0.0,1.0,1.85,3.75,4.0,1.51,2.52,-0.5,1.82,1.99,1.82,4.09,4.14,W Collum,Scottish Premiership,,20240511_Celtic_Rangers,33.796221636611335,1.6,0.53,51.0,49.0
2024-05-11,Hearts,Dundee,3.0,0.0,8.0,4.0,8.0,11.0,2.0,5.0,0.0,3.0,0.0,0.0,1.67,4.0,4.75,1.57,2.35,-0.75,1.77,2.04,1.62,4.52,5.07,N Walsh,Scottish Premiership,,20240511_Hearts_Dundee,148.53785931434322,1.63,1.3,55.8,44.2
2024-05-11,Livingston,St Johnstone,2.0,1.0,8.0,7.0,7.0,18.0,4.0,8.0,2.0,1.0,0.0,0.0,2.9,2.88,2.7,2.18,1.66,0.0,2.05,1.8,2.91,3.18,2.67,J Beaton,Scottish Premiership,,20240511_Livingston_St-Johnstone,-51.202296801746115,1.1,1.08,49.4,50.6
2024-05-11,Ross County,Motherwell,1.0,5.0,2.0,7.0,12.0,7.0,8.0,5.0,3.0,2.0,0.0,0.0,2.3,3.3,3.1,1.83,1.95,-0.25,1.91,1.9,2.17,3.6,3.39,K Clancy,Scottish Premiership,,20240511_Ross-County_Motherwell,-77.51352830439941,1.7,1.59,50.2,49.8
2024-05-11,St Mirren,Kilmarnock,0.0,1.0,2.0,4.0,8.0,11.0,8.0,5.0,0.0,2.0,0.0,0.0,2.7,3.0,2.8,2.34,1.57,-0.25,2.06,1.77,2.46,3.04,3.37,E Anderson,Scottish Premiership,,20240511_St-Mirren_Kilmarnock,-66.22097646210045,0.14,1.19,39.8,60.2
2024-05-12,Hibernian,Aberdeen,0.0,4.0,4.0,4.0,12.0,12.0,8.0,3.0,2.0,1.0,0.0,0.0,2.0,3.5,3.6,1.59,2.3,-0.5,2.0,1.81,2.05,3.79,3.55,G Irvine,Scottish Premiership,,20240512_Hibernian_Aberdeen,-4.241996177242754,1.35,1.2,50.4,49.6
2024-05-14,Rangers,Dundee,5.0,2.0,13.0,5.0,18.0,6.0,6.0,5.0,0.0,0.0,0.0,0.0,1.14,8.0,17.0,1.27,3.66,-2.25,1.94,1.86,1.18,8.22,14.36,M MacDermid,Scottish Premiership,,20240514_Rangers_Dundee,293.6431285334529,1.09,1.88,62.6,37.4
2024-05-15,Aberdeen,Livingston,5.0,1.0,7.0,3.0,10.0,6.0,6.0,3.0,2.0,2.0,0.0,0.0,1.5,4.2,6.5,1.64,2.23,-1.0,1.86,1.95,1.56,4.36,6.0,A Muir,Scottish Premiership,,20240515_Aberdeen_Livingston,133.43777655098802,1.16,0.49,50.9,49.1
2024-05-15,Hibernian,Motherwell,3.0,0.0,5.0,3.0,7.0,6.0,8.0,4.0,1.0,1.0,0.0,0.0,1.83,3.75,4.0,1.58,2.33,-0.25,1.9,1.9,2.27,3.66,3.13,I Snedden,Scottish Premiership,,20240515_Hibernian_Motherwell,-22.83238169973447,1.14,0.34,47.0,53.0
2024-05-15,Kilmarnock,Celtic,0.0,5.0,2.0,12.0,10.0,18.0,2.0,9.0,2.0,0.0,0.0,0.0,6.5,5.75,1.36,1.38,2.99,1.75,1.81,2.0,9.5,5.79,1.3,D Robertson,Scottish Premiership,,20240515_Kilmarnock_Celtic,-235.2483684557801,1.12,1.78,39.8,60.2
2024-05-15,St Johnstone,Ross County,1.0,1.0,3.0,5.0,6.0,5.0,4.0,4.0,1.0,4.0,0.0,0.0,2.4,3.25,3.0,2.21,1.65,-0.25,2.0,1.81,2.42,3.22,3.23,N Walsh,Scottish Premiership,,20240515_St-Johnstone_Ross-County,-8.384233853960495,0.89,1.03,44.4,55.6
2024-05-15,St Mirren,Hearts,2.0,2.0,5.0,4.0,9.0,6.0,4.0,3.0,0.0,0.0,0.0,0.0,2.7,3.2,2.63,1.93,1.86,0.0,1.84,1.99,2.6,3.38,2.84,J Beaton,Scottish Premiership,,20240515_St-Mirren_Hearts,-134.69724857474398,0.7,1.13,38.1,61.9
2024-05-18,Celtic,St Mirren,3.0,2.0,4.0,3.0,8.0,6.0,11.0,3.0,0.0,0.0,0.0,0.0,1.22,5.75,13.0,1.28,3.55,-2.25,1.92,1.88,1.15,8.88,16.66,M MacDermid,Scottish Premiership,,20240518_Celtic_St-Mirren,321.4415937589713,2.35,1.08,52.8,47.2
2024-05-18,Dundee,Kilmarnock,1.0,1.0,2.0,3.0,9.0,8.0,4.0,3.0,1.0,3.0,0.0,1.0,2.88,3.4,2.38,1.67,2.17,-0.25,1.99,1.81,2.45,3.63,2.86,C Scott,Scottish Premiership,,20240518_Dundee_Kilmarnock,-112.67685033372186,0.7,0.41,44.9,55.1
2024-05-18,Hearts,Rangers,3.0,3.0,4.0,10.0,9.0,12.0,2.0,6.0,1.0,1.0,0.0,0.0,4.2,4.33,1.7,1.39,2.94,0.75,1.87,1.94,3.77,4.38,1.85,D Robertson,Scottish Premiership,,20240518_Hearts_Rangers,-138.9532486585938,1.33,0.75,47.1,52.9
2024-05-19,Livingston,Hibernian,1.0,1.0,2.0,3.0,2.0,10.0,4.0,9.0,0.0,1.0,0.0,0.0,4.0,3.8,1.8,1.53,2.44,0.75,1.85,1.95,4.26,4.07,1.8,D Munro,Scottish Premiership,,20240519_Livingston_Hibernian,-125.88147423177179,1.45,1.31,43.0,57.0
2024-05-19,Motherwell,St Johnstone,1.0,2.0,5.0,4.0,8.0,5.0,7.0,3.0,0.0,1.0,0.0,0.0,2.4,3.4,2.8,1.79,2.0,-0.25,1.91,1.89,2.21,3.67,3.25,C Steven,Scottish Premiership,,20240519_Motherwell_St-Johnstone,91.55342745256667,1.1,1.15,49.3,50.7
2024-05-19,Ross County,Aberdeen,2.0,2.0,6.0,4.0,9.0,7.0,3.0,7.0,4.0,1.0,0.0,1.0,2.5,3.9,2.45,1.62,2.26,-0.25,2.0,1.81,2.32,3.91,2.88,C Graham,Scottish Premiership,,20240519_Ross-County_Aberdeen,-109.25752758307203,1.2,2.24,49.3,50.7
2024-08-03,Hearts,Rangers,0.0,0.0,3.0,3.0,14.0,4.0,8.0,7.0,3.0,1.0,0.0,0.0,5.0,4.33,1.57,1.56,2.39,0.75,1.93,1.89,4.56,4.32,1.71,N Walsh,Scottish Premiership,,20240803_Hearts_Rangers,-129.83571395298782,0.82,0.05,42.8,57.2
2024-08-03,Motherwell,Ross County,0.0,0.0,6.0,3.0,5.0,10.0,9.0,3.0,0.0,2.0,0.0,0.0,1.85,3.6,4.1,2.11,1.71,-0.25,1.92,1.9,2.32,3.24,3.4,J Beaton,Scottish Premiership,,20240803_Motherwell_Ross-County,65.00335362764235,0.61,0.85,54.2,45.8
2024-08-04,Celtic,Kilmarnock,4.0,0.0,10.0,2.0,10.0,2.0,10.0,1.0,0.0,2.0,0.0,0.0,1.17,7.0,17.0,1.34,3.2,-2.5,2.01,1.83,1.12,10.17,21.8,D Robertson,Scottish Premiership,,20240804_Celtic_Kilmarnock,252.1179431091955,0.98,1.04,55.9,44.1
2024-08-04,Dundee United,Dundee,2.0,2.0,5.0,6.0,4.0,4.0,5.0,6.0,2.0,0.0,0.0,0.0,2.38,3.25,3.0,2.09,1.73,-0.25,2.04,1.78,2.49,3.16,3.18,D Dickinson,Scottish Premiership,,20240804_Dundee-United_Dundee,-46.613863366229,1.28,1.77,42.0,58.0
2024-08-04,St Mirren,Hibernian,3.0,0.0,3.0,1.0,8.0,13.0,4.0,8.0,3.0,1.0,0.0,0.0,2.45,3.3,2.8,1.96,1.84,0.0,1.97,1.88,2.76,3.34,2.69,M MacDermid,Scottish Premiership,,20240804_St-Mirren_Hibernian,-10.302588241900594,0.67,0.05,48.4,51.6
2024-08-05,St Johnstone,Aberdeen,1.0,2.0,8.0,10.0,10.0,11.0,12.0,7.0,2.0,1.0,0.0,0.0,3.1,3.1,2.38,1.85,1.94,0.5,1.93,1.89,4.14,3.7,1.91,K Clancy,Scottish Premiership,,20240805_St-Johnstone_Aberdeen,-98.31782154747975,1.66,1.56,47.8,52.2
2024-08-10,Dundee,Hearts,3.0,1.0,6.0,3.0,5.0,11.0,2.0,10.0,3.0,4.0,0.0,0.0,3.2,3.4,2.2,1.72,2.1,0.25,1.85,1.96,3.06,3.64,2.32,D Robertson,Scottish Premiership,,20240810_Dundee_Hearts,-168.8499704553467,1.26,0.82,47.2,52.8
2024-08-10,Rangers,Motherwell,2.0,1.0,9.0,1.0,10.0,6.0,6.0,4.0,2.0,0.0,0.0,0.0,1.2,7.0,11.0,1.4,2.89,-2.0,1.9,1.92,1.18,7.93,14.32,K Clancy,Scottish Premiership,,20240810_Rangers_Motherwell,264.7833531857061,1.21,1.7,61.1,38.9
2024-08-10,Ross County,Dundee United,1.0,1.0,5.0,2.0,16.0,10.0,7.0,5.0,1.0,2.0,0.0,0.0,2.55,3.25,2.75,1.93,1.86,0.25,1.93,1.88,3.39,3.52,2.2,C Napier,Scottish Premiership,,20240810_Ross-County_Dundee-United,8.177340799440344,0.21,1.2,36.0,64.0
2024-08-11,Aberdeen,St Mirren,3.0,1.0,3.0,5.0,8.0,5.0,6.0,2.0,2.0,3.0,0.0,0.0,1.95,3.5,3.75,1.89,1.89,-0.75,1.91,1.89,1.72,3.85,5.13,G Irvine,Scottish Premiership,,20240811_Aberdeen_St-Mirren,29.918702427231665,1.23,2.26,55.4,44.6
2024-08-11,Hibernian,Celtic,0.0,2.0,0.0,7.0,4.0,12.0,3.0,5.0,2.0,1.0,0.0,0.0,9.0,5.0,1.33,1.38,2.98,1.5,2.02,1.8,9.04,5.99,1.3,N Walsh,Scottish Premiership,,20240811_Hibernian_Celtic,-334.5697835343674,0.69,1.82,37.5,62.5
2024-08-11,Kilmarnock,St Johnstone,0.0,3.0,2.0,7.0,12.0,5.0,4.0,4.0,3.0,4.0,1.0,0.0,1.73,3.75,4.5,1.81,1.98,-0.75,1.76,2.07,1.61,4.13,5.76,C Graham,Scottish Premiership,,20240811_Kilmarnock_St-Johnstone,144.71576556377863,0.25,1.63,59.1,40.9
2024-08-24,Dundee United,St Johnstone,2.0,0.0,2.0,1.0,1.0,9.0,2.0,6.0,2.0,2.0,0.0,1.0,1.9,3.7,3.75,1.89,1.91,-0.75,1.99,1.83,1.76,3.85,4.83,D Robertson,Scottish Premiership,,20240824_Dundee-United_St-Johnstone,-17.34337872528863,1.0,0.48,54.9,45.1
2024-08-24,Hibernian,Dundee,2.0,2.0,2.0,5.0,11.0,4.0,5.0,4.0,4.0,4.0,0.0,0.0,2.1,3.5,3.3,1.71,2.12,-0.5,2.04,1.79,2.08,3.75,3.58,C Steven,Scottish Premiership,,20240824_Hibernian_Dundee,8.393893670575608,0.66,2.13,50.9,49.1
2024-08-24,Rangers,Ross County,6.0,0.0,9.0,2.0,8.0,2.0,5.0,0.0,1.0,3.0,0.0,0.0,1.18,7.0,13.0,1.34,3.13,-2.25,1.95,1.86,1.16,8.4,16.98,R Hardie,Scottish Premiership,,20240824_Rangers_Ross-County,329.92268569599287,2.63,1.11,58.7,41.3
2024-08-25,Aberdeen,Kilmarnock,2.0,0.0,3.0,2.0,9.0,5.0,8.0,6.0,3.0,0.0,0.0,1.0,1.73,3.5,5.25,2.02,1.78,-0.75,2.0,1.84,1.79,3.56,5.14,M MacDermid,Scottish Premiership,,20240825_Aberdeen_Kilmarnock,-1.3166544948865067,1.02,1.46,51.2,48.8
2024-08-25,Motherwell,Hearts,3.0,1.0,6.0,3.0,8.0,6.0,8.0,7.0,1.0,4.0,0.0,0.0,2.8,3.4,2.4,1.96,1.83,0.25,1.85,1.97,3.23,3.31,2.37,J Beaton,Scottish Premiership,,20240825_Motherwell_Hearts,-130.40082261100406,1.49,0.28,44.8,55.2
2024-08-25,St Mirren,Celtic,0.0,3.0,1.0,8.0,2.0,13.0,2.0,10.0,2.0,1.0,0.0,0.0,8.5,6.0,1.29,1.5,2.54,1.75,2.0,1.82,13.94,6.68,1.22,C Graham,Scottish Premiership,,20240825_St-Mirren_Celtic,-334.1829134833615,0.73,1.97,41.5,58.5
2024-08-31,Dundee,St Mirren,2.0,2.0,5.0,6.0,9.0,8.0,6.0,1.0,2.0,4.0,0.0,0.0,2.1,3.4,3.4,1.93,1.86,-0.25,1.95,1.86,2.35,3.36,3.22,L Wilson,Scottish Premiership,,20240831_Dundee_St-Mirren,-11.537785957093774,1.01,1.09,43.1,56.9
2024-08-31,Ross County,Aberdeen,0.0,1.0,4.0,3.0,4.0,6.0,1.0,12.0,3.0,1.0,0.0,0.0,3.7,3.6,1.95,1.94,1.86,0.5,1.99,1.83,4.43,3.63,1.87,E Anderson,Scottish Premiership,,20240831_Ross-County_Aberdeen,-134.84421866322555,1.82,0.58,45.4,54.6
2024-08-31,St Johnstone,Motherwell,1.0,2.0,5.0,6.0,8.0,8.0,4.0,13.0,1.0,0.0,1.0,0.0,2.75,3.6,2.38,2.04,1.76,0.25,1.81,2.01,3.22,3.32,2.37,I Snedden,Scottish Premiership,,20240831_St-Johnstone_Motherwell,-75.72632758025588,1.49,1.95,49.3,50.7
2024-09-01,Celtic,Rangers,3.0,0.0,4.0,4.0,10.0,9.0,7.0,4.0,4.0,5.0,0.0,0.0,1.62,4.2,5.0,1.55,2.41,-0.75,1.81,2.0,1.67,4.12,5.12,J Beaton,Scottish Premiership,,20240901_Celtic_Rangers,72.01102280431132,0.64,0.42,51.0,49.0
2024-09-01,Hearts,Dundee United,0.0,1.0,2.0,3.0,12.0,9.0,6.0,4.0,2.0,4.0,0.0,0.0,1.8,3.9,4.0,1.89,1.89,-0.5,1.88,1.92,1.92,3.73,4.06,N Walsh,Scottish Premiership,,20240901_Hearts_Dundee-United,165.66613617333633,2.23,1.14,53.1,46.9
2024-09-01,Kilmarnock,Hibernian,1.0,1.0,3.0,4.0,11.0,5.0,4.0,7.0,2.0,3.0,0.0,0.0,2.8,3.2,2.55,2.02,1.76,0.0,1.85,2.0,2.66,3.26,2.86,C Scott,Scottish Premiership,,20240901_Kilmarnock_Hibernian,47.91063151412163,0.95,1.09,51.3,48.7
2024-09-14,Aberdeen,Motherwell,2.0,1.0,4.0,4.0,7.0,9.0,6.0,5.0,4.0,5.0,0.0,0.0,1.67,3.75,5.0,1.9,1.89,-0.75,1.87,1.96,1.7,3.76,5.45,C Graham,Scottish Premiership,,20240914_Aberdeen_Motherwell,56.998861632911485,1.2,0.42,48.6,51.4
2024-09-14,Celtic,Hearts,2.0,0.0,6.0,3.0,12.0,4.0,5.0,3.0,1.0,1.0,0.0,0.0,1.17,8.0,12.0,1.31,3.34,-2.25,1.87,1.95,1.13,9.93,18.6,C Steven,Scottish Premiership,,20240914_Celtic_Hearts,261.2786479465392,0.85,0.05,51.4,48.6
2024-09-14,Hibernian,St Johnstone,2.0,0.0,4.0,1.0,13.0,4.0,5.0,7.0,1.0,4.0,0.0,1.0,1.65,3.9,5.25,1.74,2.07,-1.0,1.97,1.86,1.59,4.28,5.71,N Walsh,Scottish Premiership,,20240914_Hibernian_St-Johnstone,74.97171267662156,1.47,1.16,52.0,48.0
2024-09-14,Ross County,Dundee,2.0,0.0,5.0,3.0,4.0,5.0,3.0,8.0,2.0,1.0,0.0,0.0,2.8,3.6,2.3,1.8,2.0,0.25,1.77,2.07,2.9,3.55,2.46,G Irvine,Scottish Premiership,,20240914_Ross-County_Dundee,-64.30668215691844,1.82,0.8,47.0,53.0
2024-09-14,St Mirren,Kilmarnock,2.0,2.0,2.0,3.0,12.0,8.0,3.0,10.0,2.0,3.0,0.0,1.0,2.2,3.5,3.1,2.3,1.61,-0.25,2.05,1.78,2.5,3.18,3.15,M MacDermid,Scottish Premiership,,20240914_St-Mirren_Kilmarnock,-42.941012172264436,0.57,1.08,47.8,52.2
2024-09-15,Dundee United,Rangers,0.0,1.0,0.0,6.0,5.0,5.0,4.0,4.0,4.0,6.0,0.0,0.0,7.0,4.5,1.44,1.65,2.21,1.0,1.98,1.85,6.02,4.61,1.53,D Robertson,Scottish Premiership,,20240915_Dundee-United_Rangers,-301.18933614894627,0.05,1.66,41.0,59.0
2024-09-21,Ross County,St Johnstone,3.0,3.0,6.0,3.0,8.0,5.0,1.0,3.0,2.0,4.0,0.0,0.0,2.05,3.5,3.5,2.14,1.7,-0.5,1.89,1.93,1.87,3.53,4.59,D McFarlane,Scottish Premiership,,20240921_Ross-County_St-Johnstone,25.250922235215967,2.14,0.58,53.2,46.8
2024-09-21,St Mirren,Hearts,2.0,1.0,2.0,2.0,9.0,7.0,5.0,4.0,3.0,3.0,0.0,0.0,2.8,3.4,2.45,2.06,1.76,0.0,2.0,1.87,2.76,3.39,2.66,D Robertson,Scottish Premiership,,20240921_St-Mirren_Hearts,-83.12858643708046,1.54,0.66,46.3,53.7
2024-09-28,Dundee,Aberdeen,1.0,2.0,6.0,2.0,8.0,6.0,10.0,4.0,0.0,3.0,0.0,0.0,2.8,3.8,2.25,1.83,1.96,0.25,1.89,1.92,3.14,3.67,2.26,C Scott,Scottish Premiership,,20240928_Dundee_Aberdeen,-109.90882011914346,1.19,1.82,43.0,57.0
2024-09-28,Hearts,Ross County,1.0,1.0,8.0,2.0,13.0,11.0,11.0,5.0,1.0,4.0,0.0,0.0,1.65,4.0,4.75,1.89,1.9,-1.0,2.04,1.8,1.61,4.09,5.83,I Snedden,Scottish Premiership,,20240928_Hearts_Ross-County,131.50892190752302,0.3,0.35,57.1,42.9
2024-09-28,Kilmarnock,Dundee United,3.0,3.0,3.0,8.0,12.0,11.0,7.0,3.0,1.0,2.0,0.0,0.0,2.3,3.25,3.1,2.07,1.74,-0.5,2.05,1.77,2.09,3.39,3.84,C Napier,Scottish Premiership,,20240928_Kilmarnock_Dundee-United,87.11730083519569,1.98,0.4,53.3,46.7
2024-09-28,Motherwell,St Mirren,2.0,1.0,4.0,9.0,5.0,6.0,9.0,6.0,4.0,2.0,1.0,1.0,2.38,3.3,2.88,2.08,1.73,-0.25,1.84,1.98,2.2,3.3,3.64,L Wilson,Scottish Premiership,,20240928_Motherwell_St-Mirren,-8.417999031351656,0.81,1.05,50.8,49.2
2024-09-28,St Johnstone,Celtic,0.0,6.0,1.0,11.0,4.0,8.0,3.0,13.0,1.0,1.0,0.0,0.0,13.0,7.0,1.18,1.33,3.28,2.25,1.96,1.86,18.81,9.0,1.14,D Robertson,Scottish Premiership,,20240928_St-Johnstone_Celtic,-439.84241636252113,0.85,1.6,35.1,64.9
2024-09-29,Rangers,Hibernian,1.0,0.0,4.0,3.0,14.0,15.0,4.0,7.0,2.0,2.0,0.0,0.0,1.36,5.0,7.5,1.53,2.46,-1.5,1.84,1.98,1.28,5.77,12.44,N Walsh,Scottish Premiership,,20240929_Rangers_Hibernian,254.97328264657472,0.89,0.23,54.4,45.6
2024-10-05,Dundee,Kilmarnock,2.0,3.0,3.0,5.0,7.0,20.0,2.0,10.0,1.0,1.0,1.0,0.0,2.25,3.6,3.0,1.9,1.88,-0.25,1.95,1.87,2.29,3.49,3.22,G Irvine,Scottish Premiership,,20241005_Dundee_Kilmarnock,-71.7807482945841,0.94,1.36,49.0,51.0
2024-10-05,Hibernian,Motherwell,1.0,2.0,7.0,5.0,10.0,6.0,10.0,5.0,3.0,3.0,1.0,0.0,2.0,3.5,3.6,1.9,1.89,-0.75,2.07,1.77,1.85,3.68,4.46,M MacDermid,Scottish Premiership,,20241005_Hibernian_Motherwell,-16.89163505876536,0.29,0.05,42.6,57.4
2024-10-05,St Mirren,Dundee United,0.0,1.0,3.0,3.0,13.0,9.0,3.0,3.0,0.0,3.0,0.0,0.0,2.3,3.3,3.1,2.07,1.75,-0.25,1.98,1.84,2.36,3.25,3.31,R Hardie,Scottish Premiership,,20241005_St-Mirren_Dundee-United,46.70703164076576,0.15,0.63,55.7,44.3
2024-10-06,Aberdeen,Hearts,3.0,2.0,3.0,3.0,8.0,8.0,2.0,5.0,1.0,4.0,0.0,1.0,1.67,4.0,4.75,1.8,1.99,-0.5,1.84,1.98,1.84,3.89,4.25,A Beaton,Scottish Premiership,,20241006_Aberdeen_Hearts,27.84770429118521,1.05,1.46,44.7,55.3
2024-10-06,Rangers,St Johnstone,2.0,0.0,6.0,2.0,15.0,8.0,7.0,3.0,1.0,1.0,0.0,0.0,1.14,8.5,15.0,1.26,3.75,-2.75,1.93,1.88,1.09,11.97,26.05,D Dickinson,Scottish Premiership,,20241006_Rangers_St-Johnstone,354.2368854497422,0.41,1.12,59.1,40.9
2024-10-06,Ross County,Celtic,1.0,2.0,5.0,6.0,3.0,17.0,1.0,9.0,3.0,1.0,0.0,0.0,13.0,8.0,1.17,1.39,2.91,2.0,1.94,1.89,15.04,8.36,1.17,K Clancy,Scottish Premiership,,20241006_Ross-County_Celtic,-413.7633016409286,0.62,2.05,40.2,59.8
2024-10-19,Celtic,Aberdeen,2.0,2.0,7.0,4.0,25.0,4.0,19.0,2.0,1.0,5.0,0.0,0.0,1.22,6.5,10.0,1.36,3.06,-2.0,1.89,1.93,1.19,7.8,13.64,N Walsh,Scottish Premiership,,20241019_Celtic_Aberdeen,254.07010071091258,1.17,0.05,62.2,37.8
2024-10-19,Dundee United,Hibernian,3.0,2.0,4.0,4.0,4.0,4.0,5.0,5.0,2.0,2.0,0.0,1.0,2.3,3.25,3.1,1.93,1.86,0.0,2.07,1.81,2.9,3.4,2.54,C Graham,Scottish Premiership,,20241019_Dundee-United_Hibernian,-20.95818041944267,1.4,0.73,51.3,48.7
2024-10-19,Hearts,St Mirren,4.0,0.0,4.0,0.0,8.0,5.0,1.0,6.0,0.0,5.0,0.0,0.0,1.8,3.75,4.2,1.88,1.9,-0.75,1.99,1.83,1.78,3.82,4.72,C Steven,Scottish Premiership,,20241019_Hearts_St-Mirren,64.01042266052673,2.34,0.6,55.7,44.3
2024-10-19,Motherwell,Dundee,0.0,1.0,3.0,4.0,7.0,11.0,3.0,5.0,0.0,2.0,0.0,0.0,2.05,3.75,3.25,1.71,2.12,-0.5,1.99,1.83,2.01,3.78,3.68,E Anderson,Scottish Premiership,,20241019_Motherwell_Dundee,74.4011912325434,0.88,1.02,53.9,46.1
2024-10-19,St Johnstone,Ross County,3.0,0.0,7.0,1.0,11.0,6.0,5.0,3.0,1.0,0.0,0.0,2.0,2.55,3.3,2.7,2.22,1.64,0.0,1.84,2.03,2.66,3.16,2.93,J Beaton,Scottish Premiership,,20241019_St-Johnstone_Ross-County,-30.348280557261887,1.41,0.28,49.6,50.4
2024-10-20,Kilmarnock,Rangers,1.0,0.0,3.0,3.0,7.0,12.0,1.0,6.0,1.0,3.0,0.0,0.0,6.25,4.33,1.48,1.6,2.31,1.0,1.98,1.85,6.01,4.46,1.55,S McLean,Scottish Premiership,,20241020_Kilmarnock_Rangers,-221.92751205988247,0.75,1.26,38.3,61.7
2024-10-26,Aberdeen,Dundee United,1.0,0.0,5.0,0.0,7.0,8.0,8.0,2.0,1.0,3.0,0.0,0.0,1.65,3.9,5.0,1.89,1.9,-0.75,2.02,1.81,1.83,3.73,4.55,S McLean,Scottish Premiership,,20241026_Aberdeen_Dundee-United,128.20163145060064,0.54,0.77,54.1,45.9
2024-10-26,Dundee,St Johnstone,1.0,2.0,4.0,4.0,4.0,16.0,2.0,3.0,3.0,2.0,0.0,0.0,1.67,3.75,5.0,1.83,1.96,-0.75,2.0,1.82,1.83,3.76,4.51,K Clancy,Scottish Premiership,,20241026_Dundee_St-Johnstone,48.43066890208911,1.3,1.19,46.9,53.1
2024-10-26,Ross County,Kilmarnock,2.0,1.0,3.0,2.0,11.0,7.0,5.0,5.0,1.0,2.0,0.0,1.0,3.1,3.4,2.25,2.12,1.71,0.5,1.81,2.01,4.04,3.37,2.04,M MacDermid,Scottish Premiership,,20241026_Ross-County_Kilmarnock,-139.30262506416216,1.0,0.38,41.4,58.6
2024-10-27,Hibernian,Hearts,1.0,1.0,7.0,2.0,5.0,9.0,1.0,6.0,2.0,3.0,0.0,0.0,2.25,3.4,3.1,1.96,1.84,-0.25,1.98,1.84,2.33,3.37,3.24,D Robertson,Scottish Premiership,,20241027_Hibernian_Hearts,-85.08899409239757,0.3,2.02,45.6,54.4
2024-10-27,Motherwell,Celtic,0.0,3.0,2.0,10.0,7.0,11.0,3.0,10.0,1.0,2.0,1.0,0.0,8.0,7.0,1.25,1.37,3.0,2.0,1.84,1.99,12.77,6.91,1.22,D Dickinson,Scottish Premiership,,20241027_Motherwell_Celtic,-333.86973909446056,0.76,1.38,44.2,55.8
2024-10-27,Rangers,St Mirren,2.0,1.0,7.0,3.0,9.0,5.0,7.0,3.0,2.0,2.0,0.0,0.0,1.22,6.25,11.0,1.62,2.28,-1.5,1.86,1.97,1.27,6.17,11.88,C Scott,Scottish Premiership,,20241027_Rangers_St-Mirren,270.64716792273225,1.96,0.05,58.9,41.1
2024-10-30,Aberdeen,Rangers,2.0,1.0,6.0,3.0,13.0,14.0,4.0,6.0,5.0,3.0,0.0,0.0,3.3,3.5,2.1,1.83,1.97,0.5,1.89,1.93,3.99,3.71,1.94,J Beaton,Scottish Premiership,,20241030_Aberdeen_Rangers,-135.82047776126774,1.3,0.92,39.0,61.0
2024-10-30,Celtic,Dundee,2.0,0.0,5.0,1.0,19.0,2.0,7.0,2.0,1.0,2.0,0.0,0.0,1.1,9.5,21.0,1.3,3.43,-2.25,1.98,1.84,1.15,8.65,17.09,R Hardie,Scottish Premiership,,20241030_Celtic_Dundee,395.9341825492413,1.32,0.68,62.4,37.6
2024-10-30,Dundee United,Motherwell,1.0,2.0,5.0,3.0,12.0,6.0,11.0,3.0,3.0,4.0,0.0,0.0,2.2,3.4,3.2,1.9,1.89,-0.5,1.93,1.88,1.94,3.58,4.17,L Wilson,Scottish Premiership,,20241030_Dundee-United_Motherwell,-38.128844953856515,1.38,1.16,50.2,49.8
2024-10-30,Hearts,Kilmarnock,1.0,2.0,5.0,4.0,13.0,11.0,10.0,1.0,1.0,3.0,0.0,0.0,1.91,3.6,3.8,1.91,1.87,-0.75,2.02,1.81,1.81,3.75,4.6,E Anderson,Scottish Premiership,,20241030_Hearts_Kilmarnock,11.06875069615353,1.65,0.92,53.3,46.7
2024-10-30,Ross County,Hibernian,0.0,0.0,2.0,2.0,11.0,10.0,4.0,2.0,1.0,1.0,0.0,0.0,3.4,3.4,2.1,2.07,1.74,0.5,1.89,1.92,4.34,3.47,1.93,G Irvine,Scottish Premiership,,20241030_Ross-County_Hibernian,-37.907182486170996,1.48,0.6,47.0,53.0
2024-10-30,St Mirren,St Johnstone,3.0,1.0,5.0,2.0,12.0,3.0,9.0,2.0,2.0,1.0,0.0,0.0,1.8,3.6,4.33,2.08,1.74,-0.5,1.97,1.85,1.99,3.38,4.25,S McLean,Scottish Premiership,,20241030_St-Mirren_St-Johnstone,39.466389981263546,1.57,0.42,48.9,51.1
2024-11-02,St Johnstone,Hearts,1.0,2.0,5.0,2.0,8.0,11.0,6.0,9.0,2.0,4.0,0.0,0.0,3.8,3.6,1.9,1.87,1.92,0.5,1.87,1.95,3.78,3.83,1.96,C Graham,Scottish Premiership,,20241102_St-Johnstone_Hearts,-122.65805288450292,0.52,0.83,46.8,53.2
2024-11-02,St Mirren,Ross County,0.0,0.0,3.0,3.0,8.0,4.0,6.0,5.0,2.0,1.0,0.0,0.0,1.91,3.25,4.2,2.15,1.69,-0.75,1.95,1.87,1.74,3.67,5.3,D Robertson,Scottish Premiership,,20241102_St-Mirren_Ross-County,41.64069024760147,0.66,1.39,54.0,46.0
2024-11-03,Dundee,Kilmarnock,3.0,2.0,5.0,4.0,12.0,11.0,7.0,1.0,2.0,1.0,0.0,0.0,2.3,3.6,2.8,1.94,1.85,0.0,2.0,1.86,2.89,3.37,2.56,D McFarlane,Scottish Premiership,,20241103_Dundee_Kilmarnock,-106.83292295595061,1.85,0.92,37.9,62.1
2024-11-03,Hibernian,Dundee United,1.0,1.0,3.0,2.0,12.0,6.0,13.0,2.0,0.0,2.0,1.0,0.0,1.91,3.5,4.0,1.92,1.87,-0.75,2.03,1.79,1.81,3.69,4.68,C Steven,Scottish Premiership,,20241103_Hibernian_Dundee-United,15.540587035991166,0.31,1.2,55.0,45.0
2024-11-09,Aberdeen,Dundee,4.0,1.0,8.0,5.0,10.0,8.0,7.0,4.0,3.0,1.0,0.0,0.0,1.62,3.9,5.25,1.89,1.89,-0.5,1.84,1.98,1.92,3.6,4.25,D Dickinson,Scottish Premiership,,20241109_Aberdeen_Dundee,164.65214102689697,2.31,1.05,61.6,38.4
2024-11-09,Dundee United,Ross County,3.0,0.0,4.0,0.0,11.0,9.0,5.0,3.0,1.0,1.0,0.0,0.0,1.7,3.6,5.0,2.1,1.72,-0.75,2.06,1.78,1.82,3.55,4.89,J Beaton,Scottish Premiership,,20241109_Dundee-United_Ross-County,18.86342493014672,0.71,1.02,50.6,49.4
2024-11-09,Hibernian,St Mirren,1.0,2.0,2.0,5.0,10.0,10.0,5.0,5.0,2.0,2.0,0.0,0.0,1.85,3.4,4.5,1.98,1.82,-0.75,2.02,1.81,1.81,3.67,4.74,I Snedden,Scottish Premiership,,20241109_Hibernian_St-Mirren,-5.446725747000755,1.13,0.05,50.2,49.8
2024-11-09,Motherwell,St Johnstone,2.0,1.0,4.0,4.0,11.0,8.0,3.0,3.0,1.0,0.0,0.0,0.0,1.85,3.7,3.9,2.0,1.79,-0.25,1.85,1.98,2.2,3.49,3.41,R Hardie,Scottish Premiership,,20241109_Motherwell_St-Johnstone,106.30623856314605,1.27,1.26,54.1,45.9
2024-11-10,Kilmarnock,Celtic,0.0,2.0,6.0,6.0,12.0,4.0,6.0,4.0,3.0,3.0,0.0,0.0,8.5,5.25,1.3,1.5,2.54,1.75,1.85,1.97,11.21,6.19,1.26,N Walsh,Scottish Premiership,,20241110_Kilmarnock_Celtic,-309.1364562142287,0.05,0.6,38.6,61.4
2024-11-10,Rangers,Hearts,1.0,0.0,3.0,0.0,17.0,5.0,9.0,6.0,2.0,3.0,0.0,0.0,1.4,4.5,7.5,1.52,2.49,-1.25,1.79,2.05,1.38,5.29,8.37,M MacDermid,Scottish Premiership,,20241110_Rangers_Hearts,182.0501867968992,0.25,0.16,55.6,44.4
2024-11-23,Dundee,Hibernian,4.0,1.0,6.0,1.0,11.0,11.0,8.0,2.0,3.0,1.0,0.0,1.0,2.75,3.3,2.5,1.89,1.89,0.0,2.05,1.81,2.94,3.34,2.54,N Walsh,Scottish Premiership,,20241123_Dundee_Hibernian,-3.667072238822584,2.52,0.5,52.7,47.3
2024-11-23,Hearts,Celtic,1.0,4.0,4.0,9.0,5.0,4.0,1.0,6.0,1.0,1.0,0.0,0.0,7.5,4.75,1.38,1.54,2.44,1.25,1.87,1.95,6.48,5.01,1.46,S McLean,Scottish Premiership,,20241123_Hearts_Celtic,-309.0184805454021,1.24,1.04,40.2,59.8
2024-11-23,Rangers,Dundee United,1.0,1.0,9.0,1.0,20.0,4.0,9.0,1.0,1.0,3.0,0.0,0.0,1.25,5.5,12.0,1.48,2.59,-1.75,1.86,1.95,1.23,6.63,12.88,D Robertson,Scottish Premiership,,20241123_Rangers_Dundee-United,268.1151775289568,0.79,1.32,61.5,38.5
2024-11-23,Ross County,Motherwell,2.0,1.0,4.0,3.0,12.0,5.0,12.0,3.0,1.0,1.0,0.0,0.0,2.88,3.1,2.63,2.34,1.58,0.0,1.84,2.02,2.74,3.04,2.95,C Graham,Scottish Premiership,,20241123_Ross-County_Motherwell,-97.62042984770187,1.84,0.34,54.9,45.1
2024-11-23,St Johnstone,Kilmarnock,1.0,0.0,4.0,1.0,6.0,11.0,4.0,14.0,2.0,1.0,0.0,1.0,2.9,3.4,2.35,1.91,1.88,0.25,1.99,1.82,3.66,3.55,2.08,I Snedden,Scottish Premiership,,20241123_St-Johnstone_Kilmarnock,-133.6811154875877,1.17,0.05,38.7,61.3
2024-11-23,St Mirren,Aberdeen,2.0,1.0,6.0,4.0,10.0,11.0,7.0,3.0,3.0,5.0,0.0,0.0,3.1,3.4,2.25,1.96,1.81,0.0,1.97,1.89,2.76,3.5,2.59,K Beaton,Scottish Premiership,,20241123_St-Mirren_Aberdeen,-145.32214306050923,1.46,1.34,42.3,57.7
2024-11-26,Hibernian,Aberdeen,3.0,3.0,4.0,6.0,17.0,9.0,9.0,6.0,3.0,1.0,0.0,0.0,2.7,3.1,2.75,1.92,1.85,0.0,1.82,2.04,2.55,3.46,2.84,C Scott,Scottish Premiership,,20241126_Hibernian_Aberdeen,-169.77363303115385,2.08,1.44,42.0,58.0
2024-11-30,Celtic,Ross County,5.0,0.0,9.0,1.0,16.0,1.0,19.0,0.0,0.0,1.0,0.0,0.0,1.1,9.0,23.0,1.24,3.84,-2.75,1.79,2.02,1.06,14.98,32.62,C Scott,Scottish Premiership,,20241130_Celtic_Ross-County,412.36456265177526,2.48,0.1,60.2,39.8
2024-11-30,Dundee United,St Mirren,2.0,0.0,6.0,1.0,9.0,9.0,4.0,8.0,2.0,2.0,0.0,1.0,2.15,3.4,3.25,2.06,1.75,-0.25,1.96,1.86,2.36,3.35,3.21,M MacDermid,Scottish Premiership,,20241130_Dundee-United_St-Mirren,-29.347981084539015,1.87,0.96,47.4,52.6
2024-11-30,Kilmarnock,Dundee,1.0,1.0,5.0,4.0,15.0,6.0,6.0,3.0,2.0,2.0,0.0,0.0,2.1,3.25,3.6,1.83,1.97,-0.5,2.0,1.82,2.07,3.54,3.72,R Hardie,Scottish Premiership,,20241130_Kilmarnock_Dundee,50.38769605869038,1.43,1.18,53.7,46.3
2024-11-30,Motherwell,Hibernian,0.0,3.0,3.0,8.0,4.0,9.0,3.0,4.0,0.0,0.0,0.0,0.0,2.8,3.3,2.45,1.91,1.88,0.25,1.74,2.11,2.93,3.39,2.52,G Irvine,Scottish Premiership,,20241130_Motherwell_Hibernian,56.155243906725445,0.61,1.53,53.9,46.1
2024-12-01,Hearts,Aberdeen,1.0,1.0,2.0,3.0,14.0,5.0,9.0,6.0,1.0,5.0,0.0,0.0,2.4,3.3,2.9,1.81,1.99,-0.5,1.85,1.97,1.86,3.79,4.24,K Clancy,Scottish Premiership,,20241201_Hearts_Aberdeen,-73.37930982493504,1.73,2.04,50.5,49.5
2024-12-01,St Johnstone,Rangers,0.0,1.0,1.0,10.0,3.0,7.0,3.0,5.0,2.0,2.0,0.0,0.0,6.0,6.0,1.36,1.51,2.51,1.5,1.94,1.88,9.83,5.84,1.31,S McLean,Scottish Premiership,,20241201_St-Johnstone_Rangers,-311.0631216944455,0.53,0.7,43.5,56.5
2024-12-04,Aberdeen,Celtic,0.0,1.0,4.0,4.0,4.0,11.0,2.0,10.0,3.0,1.0,0.0,0.0,8.0,4.75,1.4,1.39,2.93,1.75,1.93,1.89,11.55,6.51,1.24,D Robertson,Scottish Premiership,,20241204_Aberdeen_Celtic,-247.11462099205073,1.35,2.13,40.0,60.0
2024-12-04,Dundee,Motherwell,4.0,1.0,4.0,6.0,5.0,18.0,4.0,10.0,2.0,2.0,0.0,0.0,2.0,3.4,3.8,1.82,1.97,-0.5,2.01,1.81,2.04,3.61,3.73,J Beaton,Scottish Premiership,,20241204_Dundee_Motherwell,-25.355675115052236,1.07,1.23,46.4,53.6
2024-12-04,Rangers,Kilmarnock,6.0,0.0,11.0,0.0,17.0,1.0,7.0,4.0,0.0,2.0,0.0,0.0,1.3,5.5,10.0,1.55,2.43,-1.75,1.87,1.94,1.22,6.6,14.16,N Walsh,Scottish Premiership,,20241204_Rangers_Kilmarnock,215.3462737889306,1.58,1.2,57.6,42.4
2024-12-07,Aberdeen,St Johnstone,1.0,1.0,2.0,3.0,5.0,3.0,6.0,1.0,5.0,4.0,0.0,0.0,1.53,4.2,6.0,1.76,2.05,-1.0,2.03,1.8,1.64,4.14,5.43,R Hardie,Scottish Premiership,,20241207_Aberdeen_St-Johnstone,190.51103288291256,1.24,0.59,56.1,43.9
2024-12-07,Celtic,Hibernian,3.0,0.0,11.0,9.0,10.0,5.0,14.0,7.0,1.0,2.0,0.0,0.0,1.17,8.0,13.0,1.37,3.01,-2.0,1.84,1.99,1.16,8.13,17.37,C Graham,Scottish Premiership,,20241207_Celtic_Hibernian,394.255062215703,2.2,0.05,62.3,37.7
2024-12-07,Dundee United,Kilmarnock,1.0,1.0,7.0,7.0,15.0,7.0,9.0,1.0,3.0,1.0,0.0,0.0,2.15,3.6,3.1,2.06,1.75,-0.5,1.97,1.85,1.97,3.49,4.15,S McLean,Scottish Premiership,,20241207_Dundee-United_Kilmarnock,-22.25160781656473,1.78,1.18,54.0,46.0
2024-12-07,Hearts,Dundee,2.0,0.0,8.0,0.0,11.0,6.0,6.0,4.0,2.0,3.0,0.0,0.0,1.75,3.8,4.33,1.69,2.15,-1.0,2.05,1.78,1.66,4.17,5.17,C Steven,Scottish Premiership,,20241207_Hearts_Dundee,58.265357600223524,1.17,0.25,58.7,41.3
2024-12-07,St Mirren,Motherwell,0.0,1.0,6.0,4.0,5.0,5.0,7.0,2.0,3.0,3.0,1.0,0.0,2.05,3.4,3.6,2.1,1.73,-0.5,1.86,1.95,1.88,3.54,4.54,D McFarlane,Scottish Premiership,,20241207_St-Mirren_Motherwell,10.13566077139285,0.54,1.57,44.8,55.2
2024-12-08,Ross County,Rangers,0.0,3.0,2.0,9.0,8.0,10.0,8.0,10.0,1.0,1.0,0.0,0.0,12.0,5.5,1.25,1.49,2.58,2.0,1.86,1.96,15.02,7.4,1.19,K Clancy,Scottish Premiership,,20241208_Ross-County_Rangers,-297.4807817707108,1.0,0.98,40.0,60.0
2024-12-14,Hibernian,Ross County,3.0,1.0,7.0,4.0,12.0,9.0,9.0,15.0,1.0,4.0,0.0,0.0,1.5,4.2,6.25,1.82,1.98,-1.25,2.02,1.82,1.45,4.5,7.82,L Wilson,Scottish Premiership,,20241214_Hibernian_Ross-County,28.28138582670681,1.48,1.36,54.0,46.0
2024-12-14,Motherwell,Dundee United,4.0,3.0,6.0,9.0,6.0,8.0,2.0,3.0,2.0,3.0,0.0,0.0,2.4,3.4,2.8,2.01,1.79,0.0,1.83,2.04,2.53,3.38,2.92,N Walsh,Scottish Premiership,,20241214_Motherwell_Dundee-United,4.77232141591503,2.72,0.63,55.4,44.6
2024-12-14,St Johnstone,St Mirren,2.0,3.0,3.0,4.0,6.0,4.0,1.0,2.0,2.0,2.0,0.0,0.0,2.88,3.4,2.38,2.18,1.67,0.0,2.01,1.85,2.89,3.19,2.68,E Anderson,Scottish Premiership,,20241214_St-Johnstone_St-Mirren,-59.92534032306662,1.2,1.82,51.3,48.7
2024-12-15,Kilmarnock,Hearts,1.0,0.0,5.0,4.0,2.0,10.0,3.0,6.0,1.0,2.0,1.0,0.0,2.7,3.4,2.5,2.13,1.7,0.0,1.98,1.88,2.82,3.26,2.69,D Robertson,Scottish Premiership,,20241215_Kilmarnock_Hearts,-40.37005707671892,1.33,1.35,49.3,50.7
2024-12-20,Motherwell,Kilmarnock,1.0,1.0,1.0,5.0,3.0,7.0,2.0,8.0,1.0,4.0,1.0,0.0,2.25,3.25,3.25,1.94,1.86,-0.25,1.82,2.01,2.11,3.5,3.65,C Graham,Scottish Premiership,,20241220_Motherwell_Kilmarnock,-17.497208784372333,0.78,0.92,48.8,51.2
2024-12-21,Aberdeen,Hibernian,1.0,3.0,2.0,4.0,12.0,3.0,5.0,6.0,2.0,2.0,0.0,0.0,2.15,3.4,3.25,1.8,2.01,-0.5,2.04,1.8,2.03,3.75,3.64,S McLean,Scottish Premiership,,20241221_Aberdeen_Hibernian,123.04723378463018,1.55,1.87,53.2,46.8
2024-12-21,Rangers,Dundee,1.0,0.0,4.0,1.0,17.0,4.0,6.0,3.0,2.0,2.0,0.0,0.0,1.17,7.5,13.0,1.27,3.69,-2.5,1.8,2.05,1.09,12.11,26.79,M MacDermid,Scottish Premiership,,20241221_Rangers_Dundee,268.46589648818326,1.78,0.48,53.2,46.8
2024-12-21,Ross County,St Mirren,1.0,2.0,1.0,5.0,12.0,9.0,4.0,2.0,0.0,2.0,0.0,1.0,3.5,3.2,2.15,2.2,1.66,0.0,2.05,1.81,2.97,3.2,2.61,I Snedden,Scottish Premiership,,20241221_Ross-County_St-Mirren,-64.72666452592625,0.39,1.22,39.6,60.4
2024-12-22,Dundee United,Celtic,0.0,0.0,2.0,3.0,0.0,14.0,3.0,9.0,2.0,1.0,0.0,0.0,11.0,5.75,1.25,1.46,2.67,1.5,1.9,1.92,8.47,5.56,1.35,D Dickinson,Scottish Premiership,,20241222_Dundee-United_Celtic,-385.3254922673641,0.84,1.78,40.4,59.6
2024-12-22,Hearts,St Johnstone,2.0,1.0,6.0,2.0,5.0,6.0,8.0,0.0,2.0,1.0,0.0,0.0,1.55,4.2,5.5,1.92,1.87,-0.75,1.8,2.03,1.66,3.97,5.49,J Beaton,Scottish Premiership,,20241222_Hearts_St-Johnstone,127.36642666884495,1.37,1.73,51.6,48.4
2024-12-26,Celtic,Motherwell,4.0,0.0,7.0,0.0,16.0,2.0,6.0,3.0,1.0,5.0,0.0,0.0,1.11,10.0,16.0,1.3,3.4,-2.25,1.84,1.98,1.13,9.58,19.53,R Hardie,Scottish Premiership,,20241226_Celtic_Motherwell,346.63424756893073,1.07,0.59,68.2,31.8
2024-12-26,Dundee,Ross County,0.0,3.0,2.0,7.0,7.0,15.0,5.0,5.0,0.0,2.0,0.0,0.0,1.85,3.6,4.1,1.9,1.89,-0.75,2.04,1.8,1.82,3.69,4.65,D Robertson,Scottish Premiership,,20241226_Dundee_Ross-County,52.948869754572115,1.09,1.53,53.2,46.8
2024-12-26,Hearts,Hibernian,1.0,2.0,5.0,6.0,10.0,6.0,6.0,3.0,2.0,1.0,0.0,0.0,2.15,3.4,3.3,1.86,1.93,-0.25,1.85,1.97,2.16,3.56,3.45,N Walsh,Scottish Premiership,,20241226_Hearts_Hibernian,53.64183564275049,0.9,1.01,51.6,48.4
2024-12-26,Kilmarnock,Aberdeen,4.0,0.0,8.0,3.0,14.0,4.0,7.0,3.0,0.0,4.0,0.0,0.0,2.5,3.3,2.75,1.98,1.82,0.0,1.83,2.03,2.56,3.46,2.83,C Scott,Scottish Premiership,,20241226_Kilmarnock_Aberdeen,-59.229631020871466,2.11,1.28,50.0,50.0
2024-12-26,St Johnstone,Dundee United,1.0,2.0,4.0,4.0,7.0,9.0,4.0,10.0,2.0,1.0,0.0,1.0,2.8,3.3,2.5,2.18,1.68,0.25,1.78,2.06,3.17,3.19,2.48,K Clancy,Scottish Premiership,,20241226_St-Johnstone_Dundee-United,-85.26533651734803,0.5,1.76,50.1,49.9
2024-12-26,St Mirren,Rangers,2.0,1.0,3.0,5.0,4.0,16.0,7.0,6.0,1.0,3.0,0.0,0.0,7.5,4.75,1.4,1.64,2.24,1.5,1.88,1.95,10.5,5.45,1.32,D Dickinson,Scottish Premiership,,20241226_St-Mirren_Rangers,-245.5442246142636,0.79,0.74,46.9,53.1
2024-12-29,Celtic,St Johnstone,4.0,0.0,11.0,0.0,19.0,1.0,12.0,2.0,0.0,1.0,0.0,0.0,1.11,8.5,19.0,1.28,3.49,-2.75,1.93,1.88,1.07,13.57,34.12,M MacDermid,Scottish Premiership,,20241229_Celtic_St-Johnstone,463.2866329049002,2.05,0.74,62.7,37.3
2024-12-29,Dundee United,Aberdeen,1.0,0.0,6.0,2.0,13.0,7.0,9.0,1.0,4.0,3.0,0.0,0.0,2.35,3.4,2.9,1.9,1.88,-0.25,1.92,1.89,2.26,3.6,3.19,J Beaton,Scottish Premiership,,20241229_Dundee-United_Aberdeen,-71.78205796997167,1.22,0.05,45.5,54.5
2024-12-29,Hibernian,Kilmarnock,1.0,0.0,2.0,3.0,5.0,3.0,5.0,10.0,1.0,2.0,0.0,1.0,1.85,3.5,4.0,1.88,1.9,-0.5,1.94,1.87,1.99,3.54,4.0,D McFarlane,Scottish Premiership,,20241229_Hibernian_Kilmarnock,-31.8441923864832,0.41,0.36,46.9,53.1
2024-12-29,Motherwell,Rangers,2.0,2.0,4.0,9.0,4.0,14.0,3.0,6.0,4.0,3.0,0.0,0.0,9.0,5.0,1.3,1.61,2.28,1.5,1.84,1.99,8.89,5.42,1.35,K Clancy,Scottish Premiership,,20241229_Motherwell_Rangers,-221.85042441303244,0.69,0.76,37.0,63.0
2024-12-29,Ross County,Hearts,2.0,2.0,4.0,4.0,10.0,6.0,10.0,5.0,0.0,0.0,0.0,0.0,3.8,3.6,1.9,2.04,1.75,0.25,1.85,1.97,3.17,3.42,2.35,R Hardie,Scottish Premiership,,20241229_Ross-County_Hearts,-102.1916424224828,0.46,1.6,41.1,58.9
2024-12-29,St Mirren,Dundee,1.0,2.0,5.0,5.0,9.0,3.0,5.0,9.0,1.0,2.0,0.0,0.0,1.9,3.6,3.8,1.89,1.89,-0.5,1.87,1.93,1.9,3.75,4.13,N Walsh,Scottish Premiership,,20241229_St-Mirren_Dundee,64.4759050729715,1.22,0.62,55.6,44.4
2025-01-02,Aberdeen,Ross County,1.0,2.0,4.0,4.0,15.0,5.0,9.0,4.0,2.0,3.0,0.0,0.0,1.53,4.0,6.0,1.8,1.99,-0.75,1.86,1.96,1.7,3.98,5.06,D Dickinson,Scottish Premiership,,20250102_Aberdeen_Ross-County,121.37188172833953,0.05,1.5,61.3,38.7
2025-01-02,Dundee,Dundee United,1.0,2.0,4.0,6.0,9.0,9.0,6.0,4.0,1.0,2.0,0.0,0.0,2.63,3.3,2.63,1.79,2.0,0.25,1.87,1.96,3.2,3.44,2.32,S McLean,Scottish Premiership,,20250102_Dundee_Dundee-United,-42.38912720939561,0.4,1.65,46.0,54.0
2025-01-02,Hearts,Motherwell,1.0,0.0,6.0,3.0,12.0,3.0,12.0,4.0,3.0,1.0,0.0,0.0,1.8,3.6,4.33,1.87,1.91,-0.75,1.9,1.92,1.71,3.8,5.28,C Scott,Scottish Premiership,,20250102_Hearts_Motherwell,17.111547232070052,1.83,1.06,49.7,50.3
2025-01-02,Kilmarnock,St Mirren,2.0,0.0,5.0,1.0,9.0,7.0,4.0,2.0,0.0,2.0,0.0,0.0,2.15,3.3,3.3,2.05,1.75,-0.25,1.91,1.91,2.28,3.29,3.43,C Steven,Scottish Premiership,,20250102_Kilmarnock_St-Mirren,19.379941246482304,0.23,1.36,47.1,52.9
2025-01-02,Rangers,Celtic,3.0,0.0,9.0,1.0,15.0,3.0,8.0,4.0,2.0,2.0,0.0,0.0,3.0,3.5,2.25,1.56,2.37,0.25,2.0,1.82,3.22,3.82,2.17,D Robertson,Scottish Premiership,,20250102_Rangers_Celtic,-138.85461280480354,1.11,0.49,45.9,54.1
2025-01-02,St Johnstone,Hibernian,1.0,1.0,2.0,5.0,3.0,13.0,4.0,9.0,1.0,3.0,1.0,0.0,3.6,3.4,2.0,1.85,1.93,0.5,1.83,1.98,3.67,3.61,2.06,L Wilson,Scottish Premiership,,20250102_St-Johnstone_Hibernian,-126.90709394045666,1.55,0.77,49.6,50.4
2025-01-05,Celtic,St Mirren,3.0,0.0,6.0,1.0,5.0,5.0,8.0,3.0,0.0,1.0,0.0,0.0,1.11,10.0,15.0,1.41,2.84,-2.25,1.93,1.89,1.14,9.4,18.46,G Irvine,Scottish Premiership,,20250105_Celtic_St-Mirren,348.0022120462306,1.4,0.86,62.4,37.6
2025-01-05,Dundee United,Hearts,0.0,1.0,1.0,5.0,6.0,10.0,5.0,5.0,4.0,2.0,0.0,0.0,2.4,3.4,2.8,2.03,1.77,-0.25,2.04,1.78,2.46,3.35,3.05,M MacDermid,Scottish Premiership,,20250105_Dundee-United_Hearts,-17.716586050030855,0.09,0.83,55.6,44.4
2025-01-05,Hibernian,Rangers,3.0,3.0,6.0,9.0,6.0,8.0,10.0,8.0,1.0,1.0,0.0,0.0,5.5,4.2,1.55,1.56,2.38,1.0,1.98,1.85,6.0,4.64,1.53,J Beaton,Scottish Premiership,,20250105_Hibernian_Rangers,-221.39678951286896,1.98,0.76,39.8,60.2
2025-01-05,Kilmarnock,Ross County,0.0,1.0,3.0,3.0,8.0,6.0,7.0,6.0,1.0,2.0,0.0,0.0,1.67,4.0,4.75,2.0,1.79,-0.75,1.76,2.07,1.6,3.95,6.26,S McLean,Scottish Premiership,,20250105_Kilmarnock_Ross-County,86.84419034040684,1.92,0.33,50.9,49.1
2025-01-05,Motherwell,Aberdeen,2.0,0.0,3.0,2.0,8.0,10.0,3.0,8.0,2.0,2.0,0.0,1.0,2.55,3.25,2.75,1.95,1.84,0.0,1.97,1.88,2.83,3.28,2.67,N Walsh,Scottish Premiership,,20250105_Motherwell_Aberdeen,-38.53419480172602,1.01,0.66,50.7,49.3
2025-01-05,St Johnstone,Dundee,1.0,3.0,5.0,5.0,21.0,6.0,3.0,5.0,1.0,5.0,0.0,0.0,2.7,3.25,2.6,1.87,1.91,0.0,1.83,2.03,2.61,3.34,2.86,D Dickinson,Scottish Premiership,,20250105_St-Johnstone_Dundee,-62.363962668591284,0.79,1.91,52.6,47.4
2025-01-08,Celtic,Dundee United,2.0,0.0,6.0,3.0,13.0,2.0,13.0,4.0,0.0,0.0,0.0,0.0,1.17,8.0,15.0,1.37,3.01,-2.25,1.9,1.91,1.13,9.44,19.97,K Clancy,Scottish Premiership,,20250108_Celtic_Dundee-United,334.0523806896713,0.83,0.15,55.4,44.6
2025-01-08,Kilmarnock,Motherwell,0.0,0.0,3.0,2.0,15.0,5.0,15.0,2.0,1.0,2.0,0.0,0.0,1.95,3.5,3.9,2.1,1.72,-0.5,1.84,1.96,1.85,3.48,4.86,D Robertson,Scottish Premiership,,20250108_Kilmarnock_Motherwell,7.801348194650245,0.05,0.62,47.2,52.8
2025-01-09,Dundee,Rangers,1.0,1.0,2.0,3.0,10.0,10.0,3.0,7.0,0.0,2.0,0.0,0.0,9.0,5.75,1.29,1.43,2.73,1.5,2.04,1.78,9.99,6.01,1.29,C Scott,Scottish Premiership,,20250109_Dundee_Rangers,-260.91862258942047,1.2,0.05,40.5,59.5
2025-01-11,Hibernian,Motherwell,3.0,1.0,3.0,2.0,5.0,2.0,3.0,6.0,1.0,3.0,0.0,1.0,1.62,4.0,5.25,1.74,2.08,-1.0,1.83,2.0,1.52,4.47,6.48,C Steven,Scottish Premiership,,20250111_Hibernian_Motherwell,8.046531709643887,0.87,1.16,53.6,46.4
2025-01-11,Ross County,Celtic,1.0,4.0,1.0,13.0,5.0,14.0,6.0,7.0,3.0,0.0,0.0,0.0,15.0,6.5,1.18,1.49,2.57,2.0,1.8,2.03,13.66,7.4,1.2,M MacDermid,Scottish Premiership,,20250111_Ross-County_Celtic,-383.7786722706069,1.84,1.27,40.7,59.3
2025-01-11,St Mirren,Dundee United,0.0,1.0,5.0,7.0,12.0,10.0,8.0,5.0,3.0,3.0,0.0,0.0,2.55,3.2,2.75,2.34,1.59,0.0,1.81,2.04,2.7,2.99,3.06,D Dickinson,Scottish Premiership,,20250111_St-Mirren_Dundee-United,-16.594389514252953,0.96,1.11,55.0,45.0
2025-01-12,Aberdeen,Hearts,0.0,0.0,1.0,2.0,8.0,7.0,4.0,3.0,2.0,1.0,0.0,0.0,2.38,3.4,2.88,1.87,1.93,0.0,1.92,1.93,2.68,3.43,2.71,S McLean,Scottish Premiership,,20250112_Aberdeen_Hearts,-26.11039741927607,0.61,0.82,54.8,45.2
2025-01-12,Rangers,St Johnstone,3.0,1.0,6.0,2.0,16.0,6.0,12.0,2.0,0.0,0.0,0.0,0.0,1.11,8.5,21.0,1.29,3.45,-2.5,1.94,1.87,1.11,11.25,21.49,R Hardie,Scottish Premiership,,20250112_Rangers_St-Johnstone,335.3914847193173,1.27,0.85,53.1,46.9
2025-01-14,Dundee,Celtic,3.0,3.0,4.0,5.0,6.0,7.0,2.0,4.0,2.0,1.0,0.0,0.0,12.0,7.0,1.2,1.42,2.78,2.0,1.89,1.92,13.9,7.81,1.19,D Robertson,Scottish Premiership,,20250114_Dundee_Celtic,-374.07650481361975,2.03,1.38,37.2,62.8
2025-01-15,Rangers,Aberdeen,3.0,0.0,12.0,2.0,17.0,4.0,10.0,3.0,1.0,3.0,0.0,0.0,1.25,5.5,12.0,1.37,3.03,-2.0,1.9,1.93,1.21,7.34,12.93,K Clancy,Scottish Premiership,,20250115_Rangers_Aberdeen,198.828526940938,1.49,0.66,56.4,43.6
2025-01-25,Aberdeen,St Mirren,0.0,3.0,7.0,3.0,8.0,3.0,6.0,3.0,2.0,5.0,0.0,0.0,2.0,3.3,3.9,1.94,1.85,-0.5,2.01,1.82,2.02,3.5,3.93,C Graham,Scottish Premiership,,20250125_Aberdeen_St-Mirren,40.57032905753272,0.23,1.06,46.6,53.4
2025-01-25,Hearts,Kilmarnock,3.0,2.0,4.0,8.0,6.0,7.0,3.0,7.0,2.0,5.0,0.0,0.0,1.85,3.7,3.9,2.0,1.79,-0.5,1.86,1.97,1.87,3.61,4.48,J Beaton,Scottish Premiership,,20250125_Hearts_Kilmarnock,29.561533771468703,0.95,0.44,51.5,48.5
2025-01-25,Ross County,Hibernian,1.0,1.0,3.0,4.0,2.0,9.0,2.0,8.0,2.0,2.0,0.0,0.0,3.8,3.3,2.0,2.04,1.77,0.5,1.89,1.94,4.16,3.5,1.96,D Dickinson,Scottish Premiership,,20250125_Ross-County_Hibernian,-71.57805735150168,0.9,1.06,52.1,47.9
2025-01-25,St Johnstone,Motherwell,2.0,1.0,5.0,3.0,11.0,7.0,7.0,3.0,1.0,4.0,0.0,0.0,2.45,3.5,2.7,2.19,1.67,-0.25,1.76,2.06,2.13,3.29,3.83,K Clancy,Scottish Premiership,,20250125_St-Johnstone_Motherwell,-118.40737056164176,0.58,0.95,51.1,48.9
2025-01-26,Dundee United,Rangers,1.0,3.0,6.0,9.0,7.0,16.0,3.0,4.0,4.0,1.0,0.0,1.0,5.25,4.1,1.57,1.61,2.3,1.0,1.88,1.95,5.53,4.47,1.58,N Walsh,Scottish Premiership,,20250126_Dundee-United_Rangers,-211.5412300249145,0.05,1.62,36.8,63.2
2025-02-01,Dundee,Hearts,0.0,6.0,3.0,11.0,4.0,5.0,3.0,9.0,1.0,0.0,0.0,0.0,3.0,3.6,2.25,1.86,1.93,0.25,1.91,1.91,3.25,3.5,2.27,L Wilson,Scottish Premiership,,20250201_Dundee_Hearts,-75.66068664361205,0.89,1.62,44.2,55.8
2025-02-01,Hibernian,Aberdeen,2.0,0.0,4.0,3.0,4.0,4.0,2.0,8.0,0.0,0.0,0.0,0.0,1.8,3.7,4.33,1.83,1.98,-0.75,2.04,1.79,1.84,3.7,4.51,D Robertson,Scottish Premiership,,20250201_Hibernian_Aberdeen,24.007489225758945,1.54,0.55,52.5,47.5
2025-02-01,Kilmarnock,Dundee United,1.0,0.0,4.0,2.0,7.0,13.0,3.0,4.0,1.0,2.0,0.0,0.0,2.55,3.4,2.63,2.0,1.81,-0.25,2.0,1.83,2.37,3.32,3.22,D Dickinson,Scottish Premiership,,20250201_Kilmarnock_Dundee-United,-3.8357210425588164,0.77,2.25,51.2,48.8
2025-02-01,St Mirren,St Johnstone,0.0,1.0,2.0,4.0,7.0,2.0,5.0,3.0,1.0,2.0,0.0,0.0,1.85,3.4,4.2,2.16,1.69,-0.5,1.84,1.98,1.85,3.46,4.86,D McFarlane,Scottish Premiership,,20250201_St-Mirren_St-Johnstone,93.73401550881522,0.21,1.51,56.1,43.9
2025-02-02,Motherwell,Celtic,1.0,3.0,1.0,9.0,1.0,9.0,3.0,10.0,0.0,0.0,0.0,0.0,12.0,7.5,1.2,1.47,2.62,2.0,1.9,1.93,16.14,7.57,1.18,C Scott,Scottish Premiership,,20250202_Motherwell_Celtic,-354.8746593567457,0.54,2.02,44.2,55.8
2025-02-02,Rangers,Ross County,4.0,0.0,10.0,1.0,18.0,1.0,8.0,3.0,0.0,1.0,0.0,0.0,1.14,8.0,15.0,1.33,3.23,-2.5,1.9,1.93,1.09,12.2,26.38,S McLean,Scottish Premiership,,20250202_Rangers_Ross-County,271.9897648905271,1.01,0.98,58.7,41.3
2025-02-05,Celtic,Dundee,6.0,0.0,8.0,1.0,10.0,4.0,6.0,3.0,1.0,4.0,0.0,0.0,1.1,9.5,23.0,1.23,3.96,-2.75,1.81,2.01,1.07,14.2,34.01,C Steven,Scottish Premiership,,20250205_Celtic_Dundee,367.25138755500757,2.16,0.47,61.9,38.1
2025-02-15,Celtic,Dundee United,3.0,0.0,7.0,2.0,14.0,4.0,15.0,0.0,0.0,3.0,0.0,0.0,1.15,7.0,13.0,1.4,2.88,-2.0,1.85,1.97,1.18,7.95,14.56,N Walsh,Scottish Premiership,,20250215_Celtic_Dundee-United,344.5702370959673,1.47,0.36,65.0,35.0
2025-02-15,Dundee,Aberdeen,1.0,2.0,4.0,8.0,18.0,5.0,8.0,7.0,2.0,1.0,0.0,0.0,2.45,3.5,2.57,1.82,1.97,0.0,1.98,1.85,2.84,3.42,2.57,G Irvine,Scottish Premiership,,20250215_Dundee_Aberdeen,-22.019394230143234,1.2,1.22,45.4,54.6
2025-02-15,Kilmarnock,St Johnstone,3.0,1.0,4.0,3.0,9.0,8.0,7.0,5.0,1.0,1.0,0.0,0.0,1.76,3.6,4.1,2.14,1.69,-0.5,1.83,1.98,1.86,3.52,4.67,M MacDermid,Scottish Premiership,,20250215_Kilmarnock_St-Johnstone,107.44361126806439,1.75,0.23,54.6,45.4
2025-02-15,Motherwell,Ross County,0.0,3.0,3.0,8.0,15.0,5.0,6.0,3.0,1.0,3.0,0.0,0.0,2.05,3.0,3.9,2.21,1.65,-0.25,1.79,2.03,2.1,3.25,4.01,I Snedden,Scottish Premiership,,20250215_Motherwell_Ross-County,23.104316506204214,0.14,0.96,57.6,42.4
2025-02-16,Hearts,Rangers,1.0,3.0,10.0,7.0,11.0,8.0,10.0,7.0,1.0,1.0,0.0,0.0,4.75,3.75,1.73,1.62,2.26,1.0,1.85,1.96,5.83,4.42,1.56,J Beaton,Scottish Premiership,,20250216_Hearts_Rangers,-169.53330212270453,1.39,1.71,40.6,59.4
2025-02-16,St Mirren,Hibernian,0.0,0.0,6.0,0.0,8.0,8.0,4.0,3.0,4.0,2.0,0.0,1.0,3.25,3.2,2.25,2.16,1.68,0.0,2.05,1.8,2.97,3.24,2.58,R Hardie,Scottish Premiership,,20250216_St-Mirren_Hibernian,-64.12124852700981,1.07,0.79,48.5,51.5
2025-02-22,Aberdeen,Kilmarnock,1.0,0.0,3.0,4.0,7.0,5.0,8.0,5.0,2.0,3.0,0.0,0.0,2.15,3.1,3.6,1.96,1.84,-0.25,1.81,2.01,2.13,3.38,3.74,N Walsh,Scottish Premiership,,20250222_Aberdeen_Kilmarnock,-23.424834880280287,0.31,0.83,45.2,54.8
2025-02-22,Dundee United,Motherwell,1.0,0.0,3.0,3.0,7.0,7.0,2.0,7.0,0.0,2.0,0.0,0.0,1.7,3.6,5.0,1.92,1.87,-0.75,1.92,1.89,1.74,3.71,5.24,C Graham,Scottish Premiership,,20250222_Dundee-United_Motherwell,28.293654955677994,0.29,1.22,53.0,47.0
2025-02-22,Hibernian,Celtic,2.0,1.0,4.0,4.0,4.0,10.0,5.0,10.0,3.0,2.0,0.0,0.0,7.5,4.2,1.44,1.64,2.23,1.25,1.81,2.01,6.84,4.73,1.47,S McLean,Scottish Premiership,,20250222_Hibernian_Celtic,-309.14417719258427,1.57,0.88,40.8,59.2
2025-02-22,Rangers,St Mirren,0.0,2.0,3.0,6.0,14.0,4.0,11.0,3.0,1.0,2.0,0.0,0.0,1.18,6.5,15.0,1.43,2.75,-2.0,1.84,1.97,1.17,7.99,16.01,K Clancy,Scottish Premiership,,20250222_Rangers_St-Mirren,266.7634343464704,1.86,1.71,56.1,43.9
2025-02-22,Ross County,Dundee,3.0,1.0,10.0,2.0,10.0,9.0,9.0,6.0,0.0,2.0,0.0,0.0,2.4,3.2,3.0,2.1,1.72,-0.25,1.99,1.83,2.34,3.29,3.31,M MacDermid,Scottish Premiership,,20250222_Ross-County_Dundee,10.38599006024242,1.02,1.15,49.9,50.1
2025-02-23,St Johnstone,Hearts,1.0,2.0,2.0,5.0,5.0,7.0,3.0,6.0,0.0,3.0,0.0,0.0,3.6,3.25,2.1,1.91,1.89,0.5,1.91,1.89,4.15,3.68,1.92,C Scott,Scottish Premiership,,20250223_St-Johnstone_Hearts,-158.09694037769145,0.38,0.48,46.2,53.8
2025-02-25,Celtic,Aberdeen,5.0,1.0,7.0,1.0,9.0,7.0,4.0,3.0,1.0,0.0,0.0,0.0,1.11,9.0,13.0,1.31,3.35,-2.25,1.83,1.99,1.13,9.7,18.97,J Beaton,Scottish Premiership,,20250225_Celtic_Aberdeen,308.72225337185205,0.81,1.39,54.5,45.5
2025-02-26,Dundee United,Hibernian,1.0,3.0,2.0,4.0,6.0,5.0,1.0,10.0,1.0,2.0,0.0,0.0,2.45,3.3,2.8,2.25,1.63,0.0,1.97,1.87,2.88,3.15,2.71,D Dickinson,Scottish Premiership,,20250226_Dundee-United_Hibernian,-50.74199423377445,0.05,1.08,50.7,49.3
2025-02-26,Hearts,St Mirren,3.0,1.0,6.0,3.0,4.0,8.0,5.0,6.0,0.0,4.0,0.0,0.0,1.8,3.75,4.2,1.95,1.85,-0.75,2.02,1.8,1.85,3.62,4.57,E Anderson,Scottish Premiership,,20250226_Hearts_St-Mirren,71.23213545938415,0.99,1.5,53.2,46.8
2025-02-26,Kilmarnock,Rangers,2.0,4.0,4.0,7.0,7.0,7.0,6.0,4.0,2.0,4.0,0.0,0.0,6.5,4.2,1.5,1.61,2.29,1.25,1.8,2.02,6.45,4.58,1.5,D Robertson,Scottish Premiership,,20250226_Kilmarnock_Rangers,-209.57847798086732,1.3,1.4,38.5,61.5
2025-02-26,Motherwell,Dundee,2.0,1.0,6.0,1.0,8.0,8.0,5.0,10.0,1.0,0.0,0.0,0.0,2.25,3.5,3.0,1.99,1.81,-0.25,2.0,1.82,2.37,3.36,3.18,L Wilson,Scottish Premiership,,20250226_Motherwell_Dundee,8.513126471424357,0.88,1.18,55.2,44.8
2025-02-26,St Johnstone,Ross County,1.0,0.0,6.0,2.0,8.0,3.0,12.0,3.0,2.0,0.0,0.0,0.0,2.25,3.2,3.25,2.27,1.62,-0.25,2.04,1.78,2.48,3.2,3.15,D McFarlane,Scottish Premiership,,20250226_St-Johnstone_Ross-County,-85.23932135564405,0.56,0.48,37.6,62.4
2025-03-01,Dundee,St Johnstone,1.0,1.0,5.0,3.0,9.0,7.0,4.0,4.0,2.0,0.0,0.0,0.0,2.2,3.3,3.3,1.94,1.86,-0.25,1.96,1.85,2.33,3.36,3.27,S McLean,Scottish Premiership,,20250301_Dundee_St-Johnstone,24.97814903988683,1.02,1.34,51.1,48.9
2025-03-01,Rangers,Motherwell,1.0,2.0,6.0,3.0,16.0,3.0,12.0,3.0,2.0,2.0,0.0,0.0,1.14,7.5,17.0,1.36,3.04,-2.25,1.87,1.94,1.14,8.9,21.0,N Walsh,Scottish Premiership,,20250301_Rangers_Motherwell,261.6460850893302,0.76,0.05,63.5,36.5
2025-03-01,Ross County,Kilmarnock,1.0,0.0,2.0,4.0,3.0,14.0,5.0,6.0,1.0,0.0,0.0,0.0,3.2,3.1,2.35,2.26,1.63,0.0,2.18,1.71,3.22,3.13,2.48,D Dickinson,Scottish Premiership,,20250301_Ross-County_Kilmarnock,-42.4483821374904,0.66,0.05,44.7,55.3
2025-03-01,St Mirren,Celtic,2.0,5.0,7.0,9.0,7.0,9.0,3.0,3.0,3.0,0.0,0.0,0.0,9.0,6.0,1.29,1.62,2.28,1.5,1.89,1.91,10.19,5.75,1.3,M MacDermid,Scottish Premiership,,20250301_St-Mirren_Celtic,-341.64776700931907,0.98,2.31,39.9,60.1
2025-03-02,Aberdeen,Dundee United,2.0,2.0,2.0,3.0,18.0,8.0,14.0,5.0,1.0,2.0,0.0,0.0,2.05,3.4,3.4,1.94,1.86,-0.25,1.77,2.05,2.09,3.45,3.77,A Robertson,Scottish Premiership,,20250302_Aberdeen_Dundee-United,16.881029909564177,0.75,0.48,51.8,48.2
2025-03-02,Hibernian,Hearts,2.0,1.0,3.0,2.0,8.0,8.0,4.0,6.0,1.0,1.0,0.0,0.0,2.3,3.3,3.1,1.88,1.91,0.0,1.81,2.04,2.63,3.26,2.88,J Beaton,Scottish Premiership,,20250302_Hibernian_Hearts,-10.016812809025623,1.04,1.87,45.1,54.9
2025-03-15,Hearts,Ross County,2.0,0.0,4.0,1.0,5.0,4.0,6.0,6.0,0.0,2.0,0.0,0.0,1.46,4.2,6.25,1.87,1.92,-1.25,2.02,1.8,1.45,4.51,7.76,C Scott,Scottish Premiership,,20250315_Hearts_Ross-County,85.28811037380706,1.46,0.05,51.0,49.0
2025-03-15,Kilmarnock,Hibernian,1.0,1.0,4.0,3.0,7.0,13.0,4.0,5.0,2.0,0.0,0.0,0.0,2.5,3.25,2.65,2.05,1.75,-0.25,2.04,1.78,2.43,3.3,3.14,K Clancy,Scottish Premiership,,20250315_Kilmarnock_Hibernian,-84.43238780012166,0.94,0.71,40.9,59.1
2025-03-15,Motherwell,St Mirren,2.0,2.0,2.0,4.0,3.0,7.0,0.0,7.0,3.0,3.0,0.0,1.0,2.65,3.2,2.55,2.28,1.61,0.0,2.0,1.83,2.94,3.04,2.75,G Irvine,Scottish Premiership,,20250315_Motherwell_St-Mirren,3.312995476863307,1.56,0.8,46.9,53.1
2025-03-15,St Johnstone,Aberdeen,0.0,0.0,3.0,2.0,5.0,9.0,1.0,6.0,0.0,0.0,0.0,0.0,3.1,3.25,2.25,2.01,1.79,0.25,1.77,2.02,3.01,3.29,2.52,C Graham,Scottish Premiership,,20250315_St-Johnstone_Aberdeen,-100.71822686672499,0.29,0.05,42.8,57.2
2025-03-16,Celtic,Rangers,2.0,3.0,6.0,5.0,8.0,5.0,7.0,6.0,0.0,3.0,0.0,0.0,1.62,4.33,4.5,1.63,2.24,-0.75,1.81,2.01,1.67,4.09,5.2,S McLean,Scottish Premiership,,20250316_Celtic_Rangers,121.86803694953164,1.36,1.77,55.0,45.0
2025-03-16,Dundee United,Dundee,2.0,4.0,7.0,8.0,5.0,6.0,2.0,4.0,2.0,2.0,1.0,0.0,1.75,3.7,4.5,1.85,1.94,-0.5,1.84,1.96,1.85,3.89,4.17,N Walsh,Scottish Premiership,,20250316_Dundee-United_Dundee,61.74669425949742,1.04,1.69,51.0,49.0
2025-03-29,Aberdeen,Motherwell,4.0,1.0,8.0,2.0,7.0,8.0,9.0,4.0,1.0,2.0,0.0,0.0,1.65,3.8,5.25,1.9,1.9,-0.75,1.88,1.94,1.71,3.83,5.19,R Hardie,Scottish Premiership,,20250329_Aberdeen_Motherwell,21.762368016268056,2.13,1.66,53.9,46.1
2025-03-29,Celtic,Hearts,3.0,0.0,6.0,2.0,6.0,5.0,6.0,1.0,0.0,1.0,0.0,0.0,1.25,6.5,10.0,1.38,2.97,-2.0,1.98,1.84,1.2,7.35,13.09,K Clancy,Scottish Premiership,,20250329_Celtic_Hearts,241.40346713453687,1.29,0.65,64.7,35.3
2025-03-29,Dundee,Rangers,3.0,4.0,8.0,12.0,7.0,10.0,7.0,3.0,1.0,2.0,0.0,0.0,6.5,6.25,1.33,1.46,2.67,1.5,1.83,2.0,7.81,5.56,1.37,D Dickinson,Scottish Premiership,,20250329_Dundee_Rangers,-276.72287233477414,1.22,1.01,42.3,57.7
2025-03-29,Hibernian,St Johnstone,3.0,0.0,6.0,0.0,8.0,1.0,5.0,2.0,1.0,3.0,0.0,0.0,1.67,3.8,5.0,2.06,1.75,-0.75,1.79,2.04,1.64,3.84,6.04,M MacDermid,Scottish Premiership,,20250329_Hibernian_St-Johnstone,161.78271757135758,1.68,1.06,50.3,49.7
2025-03-29,St Mirren,Kilmarnock,5.0,1.0,8.0,1.0,1.0,4.0,4.0,7.0,0.0,2.0,0.0,0.0,2.3,3.3,3.1,2.15,1.69,-0.25,2.01,1.83,2.4,3.22,3.28,N Walsh,Scottish Premiership,,20250329_St-Mirren_Kilmarnock,-13.967650997597048,1.54,0.94,53.9,46.1
2025-03-30,Ross County,Dundee United,0.0,1.0,1.0,5.0,4.0,15.0,4.0,9.0,1.0,2.0,0.0,0.0,2.88,3.0,2.63,2.1,1.72,0.25,1.78,2.01,3.17,3.29,2.42,S McLean,Scottish Premiership,,20250330_Ross-County_Dundee-United,-11.93973877973849,1.31,0.5,54.6,45.4
2025-04-05,Dundee,St Mirren,2.0,0.0,3.0,7.0,5.0,13.0,4.0,10.0,1.0,2.0,0.0,0.0,2.63,3.5,2.5,1.87,1.92,0.0,2.0,1.86,2.81,3.36,2.64,J Beaton,Scottish Premiership,,20250405_Dundee_St-Mirren,-51.65858016196535,0.54,1.06,52.9,47.1
2025-04-05,Kilmarnock,Motherwell,2.0,0.0,10.0,1.0,7.0,3.0,7.0,2.0,2.0,3.0,0.0,1.0,1.75,3.5,4.75,2.0,1.81,-0.75,1.99,1.84,1.78,3.77,4.77,M MacDermid,Scottish Premiership,,20250405_Kilmarnock_Motherwell,9.6506722642971,1.89,0.98,43.7,56.3
2025-04-05,Rangers,Hibernian,0.0,2.0,3.0,3.0,12.0,4.0,5.0,1.0,1.0,3.0,0.0,0.0,1.45,5.0,5.75,1.54,2.44,-1.25,2.03,1.8,1.49,4.56,6.8,D Robertson,Scottish Premiership,,20250405_Rangers_Hibernian,146.19331199581006,0.8,1.4,62.4,37.6
2025-04-05,Ross County,Aberdeen,0.0,1.0,4.0,4.0,7.0,7.0,9.0,1.0,1.0,3.0,0.0,0.0,3.3,3.25,2.2,2.03,1.79,0.5,1.84,1.98,3.9,3.62,1.99,L Wilson,Scottish Premiership,,20250405_Ross-County_Aberdeen,-61.21877480544072,0.15,1.16,45.7,54.3
2025-04-06,Hearts,Dundee United,0.0,1.0,7.0,3.0,8.0,4.0,5.0,2.0,1.0,4.0,1.0,0.0,1.7,4.0,4.5,1.92,1.88,-0.75,1.94,1.89,1.71,3.78,5.3,N Walsh,Scottish Premiership,,20250406_Hearts_Dundee-United,75.19745134823461,1.64,1.25,48.3,51.7
2025-04-06,St Johnstone,Celtic,1.0,0.0,4.0,9.0,5.0,17.0,4.0,11.0,4.0,2.0,0.0,0.0,17.0,7.5,1.14,1.48,2.6,2.0,2.0,1.83,20.5,8.11,1.15,D Dickinson,Scottish Premiership,,20250406_St-Johnstone_Celtic,-412.05447944411367,1.32,0.76,40.7,59.3
2025-04-12,Celtic,Kilmarnock,5.0,1.0,6.0,1.0,8.0,4.0,10.0,0.0,0.0,0.0,0.0,0.0,1.18,7.0,12.0,1.39,2.92,-2.0,1.9,1.92,1.18,7.53,17.28,J Beaton,Scottish Premiership,,20250412_Celtic_Kilmarnock,301.06348502501623,2.01,0.05,56.6,43.4
2025-04-12,Dundee United,St Johnstone,1.0,0.0,4.0,2.0,5.0,13.0,6.0,5.0,1.0,2.0,0.0,0.0,1.8,3.5,4.5,2.09,1.73,-0.5,1.85,1.98,1.88,3.59,4.42,D McFarlane,Scottish Premiership,,20250412_Dundee-United_St-Johnstone,78.48460631016337,2.53,1.1,43.8,56.2
2025-04-12,Motherwell,Hearts,0.0,0.0,0.0,2.0,6.0,10.0,4.0,2.0,0.0,3.0,0.0,0.0,3.9,3.7,1.9,1.88,1.93,0.5,2.01,1.81,4.45,3.83,1.82,K Clancy,Scottish Premiership,,20250412_Motherwell_Hearts,-90.46435647858652,0.05,0.49,47.9,52.1
2025-04-12,St Mirren,Ross County,3.0,2.0,5.0,7.0,8.0,4.0,6.0,7.0,1.0,1.0,0.0,0.0,1.67,3.75,5.0,2.06,1.76,-1.0,1.95,1.87,1.55,4.11,6.63,C Scott,Scottish Premiership,,20250412_St-Mirren_Ross-County,33.7410889434218,1.68,0.65,55.5,44.5
2025-04-13,Aberdeen,Rangers,2.0,2.0,5.0,4.0,12.0,8.0,6.0,1.0,1.0,1.0,0.0,1.0,3.1,4.1,2.0,1.57,2.37,0.0,1.86,1.99,2.49,3.67,2.79,S McLean,Scottish Premiership,,20250413_Aberdeen_Rangers,-182.88294215752217,2.06,1.23,44.5,55.5
2025-04-13,Hibernian,Dundee,4.0,0.0,6.0,2.0,13.0,2.0,8.0,3.0,1.0,1.0,0.0,0.0,1.53,4.5,5.5,1.61,2.3,-1.25,2.05,1.78,1.51,4.76,6.12,C Graham,Scottish Premiership,,20250413_Hibernian_Dundee,141.63995742314864,1.6,0.05,56.9,43.1
2025-04-26,Aberdeen,Hibernian,1.0,0.0,5.0,0.0,10.0,12.0,10.0,5.0,3.0,2.0,0.0,0.0,2.35,3.4,2.9,1.87,1.92,-0.25,2.07,1.76,2.46,3.47,2.96,D Dickinson,Scottish Premiership,,20250426_Aberdeen_Hibernian,-71.80244931235893,0.9,0.05,48.5,51.5
2025-04-26,Dundee United,Celtic,0.0,5.0,4.0,6.0,3.0,15.0,1.0,8.0,0.0,0.0,0.0,0.0,9.0,5.5,1.29,1.45,2.71,1.5,1.94,1.88,10.15,5.39,1.33,D Robertson,Scottish Premiership,,20250426_Dundee-United_Celtic,-283.9362324720214,0.68,1.42,38.1,61.9
2025-04-26,Hearts,Dundee,0.0,1.0,4.0,2.0,10.0,7.0,7.0,3.0,1.0,4.0,0.0,0.0,1.45,4.75,6.25,1.78,2.04,-1.0,1.89,1.93,1.56,4.27,6.17,R Hardie,Scottish Premiership,,20250426_Hearts_Dundee,100.34391143241055,0.05,0.91,54.7,45.3
2025-04-26,Kilmarnock,Ross County,2.0,0.0,3.0,1.0,10.0,8.0,5.0,4.0,0.0,2.0,0.0,0.0,1.6,3.75,5.75,2.23,1.64,-0.5,1.79,2.03,1.82,3.4,5.22,N Walsh,Scottish Premiership,,20250426_Kilmarnock_Ross-County,55.41592081204294,0.82,0.05,51.0,49.0
2025-04-26,Motherwell,St Johnstone,3.0,2.0,5.0,4.0,12.0,12.0,5.0,9.0,4.0,1.0,0.0,0.0,2.3,3.0,3.3,2.04,1.77,-0.25,1.76,2.07,2.06,3.43,3.87,S McLean,Scottish Premiership,,20250426_Motherwell_St-Johnstone,46.49307056317116,1.44,0.89,54.2,45.8
2025-04-26,St Mirren,Rangers,2.0,2.0,3.0,4.0,6.0,7.0,3.0,3.0,3.0,1.0,0.0,0.0,3.75,4.0,1.85,1.67,2.18,0.5,2.01,1.82,3.95,3.97,1.88,C Steven,Scottish Premiership,,20250426_St-Mirren_Rangers,-213.54543486809007,1.62,0.8,44.8,55.2
2025-05-03,Dundee,Motherwell,1.0,2.0,5.0,4.0,5.0,12.0,7.0,4.0,1.0,2.0,0.0,1.0,2.2,3.3,3.25,1.84,1.96,-0.5,2.03,1.79,2.06,3.55,3.74,K Clancy,Scottish Premiership,,20250503_Dundee_Motherwell,-11.022317809688047,0.94,1.76,46.5,53.5
2025-05-03,Hibernian,Dundee United,3.0,1.0,9.0,4.0,7.0,10.0,8.0,4.0,1.0,1.0,0.0,0.0,1.75,3.8,4.33,1.81,1.99,-0.75,1.86,1.96,1.7,3.99,5.06,J Beaton,Scottish Premiership,,20250503_Hibernian_Dundee-United,79.18458577878255,2.66,0.91,54.3,45.7
2025-05-03,Ross County,Hearts,1.0,3.0,4.0,8.0,9.0,14.0,4.0,13.0,1.0,1.0,0.0,0.0,3.9,3.5,1.9,2.11,1.72,0.5,1.94,1.88,4.19,3.69,1.9,D Robertson,Scottish Premiership,,20250503_Ross-County_Hearts,-108.17457917379943,1.07,1.14,47.8,52.2
2025-05-03,St Johnstone,Kilmarnock,0.0,2.0,3.0,4.0,15.0,8.0,6.0,2.0,2.0,1.0,0.0,0.0,3.0,3.4,2.3,2.08,1.74,0.25,1.78,2.01,3.09,3.31,2.45,I Snedden,Scottish Premiership,,20250503_St-Johnstone_Kilmarnock,-93.32254465800133,0.19,0.39,47.2,52.8
2025-05-03,St Mirren,Aberdeen,1.0,0.0,4.0,0.0,6.0,7.0,5.0,11.0,3.0,2.0,0.0,0.0,2.6,3.3,2.63,1.87,1.93,-0.25,2.05,1.78,2.44,3.42,3.02,R Hardie,Scottish Premiership,,20250503_St-Mirren_Aberdeen,-50.121791870316656,0.49,0.05,52.0,48.0
2025-05-04,Rangers,Celtic,1.0,1.0,4.0,3.0,9.0,4.0,5.0,6.0,1.0,1.0,0.0,0.0,3.7,3.9,1.81,1.48,2.62,0.25,1.85,1.94,2.9,3.97,2.29,N Walsh,Scottish Premiership,,20250504_Rangers_Celtic,-105.21158924113092,1.27,0.96,50.0,50.0
2025-05-10,Celtic,Hibernian,3.0,1.0,8.0,4.0,10.0,6.0,8.0,3.0,2.0,3.0,0.0,0.0,1.27,6.0,9.0,1.43,2.78,-1.5,1.83,1.99,1.29,6.12,10.25,D Steven,Scottish Premiership,,20250510_Celtic_Hibernian,199.7479843556555,1.49,1.39,56.3,43.7
2025-05-10,Dundee United,St Mirren,0.0,2.0,3.0,6.0,9.0,15.0,4.0,6.0,0.0,2.0,0.0,0.0,2.25,3.6,2.9,2.01,1.79,-0.25,2.04,1.78,2.45,3.42,3.01,S McLean,Scottish Premiership,,20250510_Dundee-United_St-Mirren,-9.181542036888004,0.71,0.74,43.9,56.1
2025-05-10,Hearts,Motherwell,3.0,0.0,5.0,3.0,3.0,6.0,6.0,1.0,2.0,2.0,0.0,0.0,1.5,4.2,6.25,1.71,2.12,-1.0,2.01,1.81,1.61,4.24,5.49,R Lee,Scottish Premiership,,20250510_Hearts_Motherwell,55.33716416467291,1.13,0.98,58.4,41.6
2025-05-10,Kilmarnock,Dundee,3.0,2.0,7.0,5.0,9.0,8.0,7.0,2.0,1.0,2.0,0.0,0.0,1.83,3.4,4.5,1.81,1.99,-0.5,1.91,1.91,1.93,3.62,4.15,D Robertson,Scottish Premiership,,20250510_Kilmarnock_Dundee,57.51591250484489,1.34,0.99,50.5,49.5
2025-05-10,St Johnstone,Ross County,2.0,1.0,6.0,1.0,15.0,8.0,4.0,4.0,1.0,2.0,0.0,1.0,2.2,3.2,3.4,2.01,1.8,-0.5,2.01,1.8,2.05,3.43,3.92,J Beaton,Scottish Premiership,,20250510_St-Johnstone_Ross-County,-18.174575140634943,0.58,1.2,45.7,54.3
2025-05-11,Rangers,Aberdeen,4.0,0.0,11.0,4.0,13.0,4.0,7.0,2.0,2.0,2.0,0.0,0.0,1.62,4.1,5.0,1.48,2.61,-1.25,1.99,1.83,1.49,4.78,6.43,D Dickinson,Scottish Premiership,,20250511_Rangers_Aberdeen,167.5324817032349,1.08,0.74,55.5,44.5
2025-05-14,Aberdeen,Celtic,1.0,5.0,4.0,14.0,8.0,11.0,6.0,6.0,2.0,0.0,1.0,0.0,5.75,4.0,1.57,1.61,2.26,0.5,1.84,1.97,3.68,3.83,1.99,S McLean,Scottish Premiership,,20250514_Aberdeen_Celtic,-278.08702290796214,1.48,2.08,49.2,50.8
2025-05-14,Dundee,Ross County,1.0,1.0,8.0,3.0,7.0,9.0,10.0,5.0,3.0,1.0,0.0,0.0,1.85,3.6,4.0,1.78,2.03,-0.5,1.93,1.89,1.97,3.71,3.87,N Walsh,Scottish Premiership,,20250514_Dundee_Ross-County,37.93198552359263,0.12,0.98,59.8,40.2
2025-05-14,Hearts,St Johnstone,2.0,1.0,3.0,3.0,8.0,6.0,8.0,7.0,1.0,2.0,0.0,0.0,1.67,3.8,5.0,1.87,1.93,-0.75,1.82,2.01,1.66,3.65,6.18,D Dickinson,Scottish Premiership,,20250514_Hearts_St-Johnstone,140.58673427279678,0.55,1.31,60.1,39.9
2025-05-14,Motherwell,Kilmarnock,3.0,0.0,8.0,3.0,16.0,11.0,5.0,4.0,0.0,1.0,0.0,1.0,2.8,3.25,2.55,2.06,1.75,0.0,1.91,1.93,2.74,3.24,2.78,D Nicolson,Scottish Premiership,,20250514_Motherwell_Kilmarnock,-43.39087642154277,1.6,0.82,46.9,53.1
2025-05-14,Rangers,Dundee United,3.0,1.0,7.0,3.0,12.0,1.0,9.0,4.0,0.0,1.0,0.0,0.0,1.36,5.0,7.5,1.33,3.27,-1.75,1.86,1.95,1.26,6.27,10.8,C Scott,Scottish Premiership,,20250514_Rangers_Dundee-United,217.70428074433448,1.96,0.05,61.8,38.2
2025-05-14,St Mirren,Hibernian,2.0,2.0,4.0,4.0,7.0,5.0,5.0,6.0,3.0,3.0,0.0,0.0,2.9,3.3,2.4,1.94,1.86,0.0,1.86,1.99,2.59,3.38,2.85,C Graham,Scottish Premiership,,20250514_St-Mirren_Hibernian,-71.17056159729714,0.43,1.51,41.9,58.1
2025-05-17,Celtic,St Mirren,1.0,1.0,4.0,3.0,17.0,1.0,14.0,0.0,0.0,3.0,0.0,0.0,1.25,7.0,8.5,1.35,3.11,-1.75,1.78,2.04,1.2,7.02,11.35,D Dickinson,Scottish Premiership,,20250517_Celtic_St-Mirren,284.06796385055486,1.7,1.14,56.4,43.6
2025-05-17,Dundee United,Aberdeen,2.0,1.0,6.0,4.0,10.0,16.0,8.0,13.0,1.0,2.0,0.0,0.0,2.88,3.6,2.3,1.76,2.04,0.0,1.9,1.93,2.57,3.57,2.63,J Beaton,Scottish Premiership,,20250517_Dundee-United_Aberdeen,-38.22644632419406,1.18,1.94,45.7,54.3
2025-05-17,Hibernian,Rangers,2.0,2.0,3.0,10.0,5.0,11.0,3.0,13.0,3.0,2.0,0.0,0.0,3.25,3.8,2.05,1.38,2.95,0.5,1.88,1.92,3.43,4.16,1.92,N Walsh,Scottish Premiership,,20250517_Hibernian_Rangers,-121.74209037062246,1.62,0.89,46.1,53.9
2025-05-18,Kilmarnock,Hearts,0.0,1.0,1.0,5.0,16.0,6.0,3.0,5.0,1.0,1.0,0.0,1.0,2.63,3.4,2.63,1.81,1.99,-0.25,2.07,1.76,2.43,3.38,2.93,D McFarlane,Scottish Premiership,,20250518_Kilmarnock_Hearts,-53.03969796562433,0.05,1.13,54.2,45.8
2025-05-18,Ross County,Motherwell,1.0,1.0,4.0,6.0,11.0,15.0,5.0,6.0,2.0,1.0,0.0,0.0,1.91,3.6,3.75,1.81,1.99,-0.5,1.83,1.98,1.83,3.75,4.19,D Robertson,Scottish Premiership,,20250518_Ross-County_Motherwell,-84.30584404429919,0.85,1.0,50.7,49.3
2025-05-18,St Johnstone,Dundee,0.0,2.0,1.0,5.0,12.0,10.0,1.0,9.0,3.0,1.0,0.0,0.0,3.0,3.6,2.25,1.76,2.03,0.25,2.03,1.75,3.42,3.7,2.05,S McLean,Scottish Premiership,,20250518_St-Johnstone_Dundee,-36.940348633941085,0.37,1.37,48.7,51.3
2025-08-02,Kilmarnock,Livingston,2.0,2.0,2.0,6.0,6.0,9.0,3.0,5.0,2.0,2.0,1.0,0.0,2.0,3.5,3.6,1.95,1.79,-0.25,1.87,1.83,2.25,3.44,3.36,M MacDermid,Scottish Premiership,,20250802_Kilmarnock_Livingston,115.84993753110803,1.68,1.32,58.4,41.6
2025-08-02,Motherwell,Rangers,1.0,1.0,5.0,5.0,12.0,10.0,1.0,12.0,1.0,4.0,0.0,0.0,7.0,5.0,1.4,1.56,2.32,1.0,1.97,1.77,6.08,4.57,1.53,S McLean,Scottish Premiership,,20250802_Motherwell_Rangers,-222.1903602819641,1.58,1.77,44.5,55.5
2025-08-03,Celtic,St Mirren,1.0,0.0,6.0,2.0,8.0,2.0,12.0,1.0,2.0,1.0,0.0,0.0,1.17,6.5,17.0,1.3,3.27,-2.5,1.99,1.76,1.15,8.56,19.03,D Robertson,Scottish Premiership,,20250803_Celtic_St-Mirren,267.89751362916695,2.05,0.6,67.4,32.6
2025-08-03,Dundee,Hibernian,1.0,2.0,1.0,5.0,1.0,10.0,3.0,11.0,3.0,1.0,0.0,0.0,4.1,3.6,1.83,1.79,1.95,0.5,1.89,1.84,4.27,3.78,1.86,D Dickinson,Scottish Premiership,,20250803_Dundee_Hibernian,-143.92868416721558,1.26,1.16,48.5,51.5
2025-08-03,Falkirk,Dundee United,2.0,2.0,4.0,5.0,10.0,6.0,2.0,4.0,1.0,5.0,0.0,0.0,1.9,3.8,3.8,1.87,1.86,-0.5,1.79,1.94,1.86,3.6,4.52,J Beaton,Scottish Premiership,,20250803_Falkirk_Dundee-United,27.443404119352635,0.51,0.69,45.7,54.3
2025-08-04,Hearts,Aberdeen,2.0,0.0,3.0,1.0,10.0,10.0,3.0,3.0,3.0,2.0,0.0,0.0,2.1,3.6,3.3,1.93,1.8,-0.5,1.76,1.97,1.93,3.55,4.28,N Walsh,Scottish Premiership,,20250804_Hearts_Aberdeen,59.711555858440306,0.85,0.25,47.7,52.3
2025-08-09,Livingston,Falkirk,3.0,1.0,5.0,3.0,3.0,5.0,4.0,5.0,4.0,2.0,0.0,0.0,2.6,3.4,2.63,1.89,1.84,0.0,1.82,1.92,2.53,3.21,3.06,C Graham,Scottish Premiership,,20250809_Livingston_Falkirk,-140.58414276785015,1.37,1.34,43.0,57.0
2025-08-09,Rangers,Dundee,1.0,1.0,5.0,2.0,15.0,5.0,7.0,4.0,2.0,1.0,1.0,0.0,1.17,7.5,17.0,1.31,3.26,-2.5,1.94,1.79,1.16,8.57,16.8,D Robertson,Scottish Premiership,,20250809_Rangers_Dundee,258.1093692545469,0.77,0.05,64.2,35.8
2025-08-09,St Mirren,Motherwell,0.0,0.0,4.0,3.0,5.0,4.0,7.0,4.0,5.0,1.0,0.0,0.0,1.95,3.5,3.8,1.91,1.83,-0.5,1.91,1.82,2.21,3.59,3.3,R Hardie,Scottish Premiership,,20250809_St-Mirren_Motherwell,35.248163223551956,0.72,0.91,44.2,55.8
2025-08-10,Aberdeen,Celtic,0.0,2.0,2.0,4.0,4.0,9.0,1.0,6.0,2.0,3.0,0.0,0.0,6.0,5.0,1.44,1.4,2.77,1.5,1.9,1.83,8.27,5.69,1.35,J Beaton,Scottish Premiership,,20250810_Aberdeen_Celtic,-305.56164145604316,1.14,1.62,44.2,55.8
2025-08-10,Dundee United,Hearts,2.0,3.0,5.0,8.0,8.0,8.0,2.0,9.0,3.0,4.0,0.0,0.0,4.0,3.5,1.91,1.92,1.82,0.5,1.94,1.79,4.67,3.61,1.83,D Dickinson,Scottish Premiership,,20250810_Dundee-United_Hearts,-80.31982568179183,0.61,1.31,51.6,48.4
2025-08-10,Hibernian,Kilmarnock,2.0,2.0,6.0,2.0,6.0,8.0,4.0,7.0,1.0,2.0,0.0,0.0,1.7,4.0,4.5,1.8,1.94,-1.0,1.81,1.9,1.56,4.24,6.27,N Walsh,Scottish Premiership,,20250810_Hibernian_Kilmarnock,110.60132156243003,1.22,0.82,48.7,51.3
2025-08-23,Celtic,Livingston,3.0,0.0,9.0,2.0,10.0,4.0,10.0,4.0,0.0,1.0,0.0,0.0,1.14,7.5,17.0,1.45,2.63,-1.75,1.78,1.93,1.22,7.35,11.79,K Clancy,Scottish Premiership,,20250823_Celtic_Livingston,408.2062638285747,2.18,0.3,54.8,45.2
2025-08-23,Hearts,Motherwell,3.0,3.0,9.0,3.0,10.0,6.0,9.0,3.0,3.0,2.0,0.0,0.0,1.62,3.9,5.25,1.87,1.87,-0.75,1.77,1.9,1.63,4.02,5.72,J Beaton,Scottish Premiership,,20250823_Hearts_Motherwell,93.7307255398789,1.26,2.09,50.1,49.9
2025-08-23,Kilmarnock,Dundee,0.0,0.0,5.0,1.0,7.0,5.0,7.0,3.0,3.0,3.0,0.0,0.0,1.85,3.4,4.33,1.95,1.8,-0.5,1.86,1.88,1.87,3.66,4.39,R Lee,Scottish Premiership,,20250823_Kilmarnock_Dundee,44.04265301461419,1.66,0.05,49.5,50.5
2025-08-24,St Mirren,Rangers,1.0,1.0,4.0,6.0,9.0,7.0,6.0,6.0,3.0,3.0,0.0,0.0,4.1,4.2,1.73,1.67,2.11,0.5,1.82,1.9,4.16,4.15,1.8,N Walsh,Scottish Premiership,,20250824_St-Mirren_Rangers,-167.03508194548635,1.01,1.76,34.1,65.9
2025-08-30,Livingston,Hearts,1.0,2.0,2.0,3.0,4.0,11.0,5.0,9.0,7.0,2.0,0.0,0.0,3.4,3.3,2.1,1.94,1.8,0.5,1.79,1.92,3.77,3.46,2.09,D Nicolson,Scottish Premiership,,20250830_Livingston_Hearts,-186.9485987128071,1.33,2.3,42.8,57.2
2025-08-30,Motherwell,Kilmarnock,2.0,2.0,4.0,5.0,11.0,2.0,9.0,0.0,2.0,5.0,0.0,0.0,2.05,3.5,3.4,1.93,1.81,-0.5,1.87,1.85,1.93,3.65,4.11,D McFarlane,Scottish Premiership,,20250830_Motherwell_Kilmarnock,3.742682853082897,1.0,1.21,51.8,48.2
2025-08-31,Aberdeen,Falkirk,0.0,1.0,4.0,9.0,8.0,10.0,5.0,6.0,3.0,5.0,1.0,0.0,1.92,3.6,3.5,1.79,1.94,-0.25,1.8,1.89,2.05,3.8,3.53,R Hardie,Scottish Premiership,,20250831_Aberdeen_Falkirk,-11.777984486660898,0.99,1.21,46.4,53.6
2025-08-31,Dundee,Dundee United,0.0,2.0,1.0,5.0,4.0,5.0,3.0,2.0,0.0,1.0,0.0,0.0,2.45,3.3,2.6,1.99,1.75,0.25,1.69,1.99,2.79,3.29,2.7,S McLean,Scottish Premiership,,20250831_Dundee_Dundee-United,-36.46056683696156,0.42,0.9,49.5,50.5
2025-08-31,Hibernian,St Mirren,1.0,1.0,5.0,4.0,12.0,6.0,10.0,7.0,1.0,1.0,0.0,0.0,1.87,3.5,3.9,1.91,1.83,-0.5,1.87,1.85,1.96,3.53,4.15,M MacDermid,Scottish Premiership,,20250831_Hibernian_St-Mirren,65.95680317052097,1.74,1.28,52.7,47.3
2025-08-31,Rangers,Celtic,0.0,0.0,0.0,2.0,4.0,3.0,8.0,1.0,3.0,0.0,0.0,0.0,3.4,4.0,1.91,1.53,2.38,0.75,1.76,1.94,3.72,3.89,1.96,D Robertson,Scottish Premiership,,20250831_Rangers_Celtic,-121.51276264909143,0.27,0.89,41.0,59.0
2025-09-13,Aberdeen,Livingston,0.0,0.0,2.0,2.0,14.0,4.0,6.0,6.0,4.0,3.0,0.0,0.0,1.96,3.8,3.4,1.85,1.89,-0.5,1.78,1.96,1.85,3.78,4.37,N Walsh,Scottish Premiership,,20250913_Aberdeen_Livingston,92.1905415078736,0.61,0.75,45.6,54.4
2025-09-13,Dundee,Motherwell,1.0,1.0,4.0,4.0,3.0,12.0,2.0,6.0,1.0,1.0,1.0,0.0,3.8,3.5,1.91,1.9,1.85,0.5,1.68,2.09,3.76,3.69,2.01,C Scott,Scottish Premiership,,20250913_Dundee_Motherwell,-55.37520585020275,1.77,1.28,44.3,55.7
2025-09-13,Falkirk,St Mirren,1.0,2.0,2.0,5.0,8.0,8.0,4.0,2.0,1.0,2.0,0.0,0.0,2.15,3.5,3.1,1.85,1.88,-0.25,1.92,1.81,2.31,3.45,3.21,D Nicolson,Scottish Premiership,,20250913_Falkirk_St-Mirren,-15.76024055129551,0.88,1.21,54.1,45.9
2025-09-13,Hibernian,Dundee United,3.0,3.0,12.0,9.0,15.0,4.0,6.0,4.0,2.0,4.0,0.0,1.0,1.61,4.1,4.75,1.74,2.02,-0.75,1.87,1.86,1.74,3.91,4.85,D McFarlane,Scottish Premiership,,20250913_Hibernian_Dundee-United,96.28189410515597,1.38,1.13,52.4,47.6
2025-09-13,Rangers,Hearts,0.0,2.0,5.0,5.0,9.0,7.0,9.0,2.0,2.0,1.0,0.0,0.0,1.68,4.1,4.2,1.58,2.28,-0.5,1.72,2.04,1.82,4.01,4.21,S McLean,Scottish Premiership,,20250913_Rangers_Hearts,101.85690017470438,1.91,1.95,48.7,51.3
2025-09-14,Kilmarnock,Celtic,1.0,2.0,2.0,6.0,10.0,15.0,6.0,7.0,2.0,3.0,0.0,0.0,11.0,5.75,1.22,1.52,2.43,1.75,1.8,1.94,11.06,6.15,1.26,J Beaton,Scottish Premiership,,20250914_Kilmarnock_Celtic,-312.4258259384028,0.4,1.39,43.7,56.3
2025-09-20,Dundee,Livingston,3.0,2.0,4.0,6.0,7.0,4.0,8.0,3.0,1.0,3.0,0.0,0.0,2.57,3.7,2.4,2.08,1.69,0.25,1.72,1.97,2.91,3.29,2.59,R Hardie,Scottish Premiership,,20250920_Dundee_Livingston,48.922142972118536,2.07,1.29,47.2,52.8
2025-09-23,Dundee United,Aberdeen,2.0,0.0,5.0,2.0,10.0,14.0,11.0,3.0,2.0,1.0,0.0,0.0,2.75,3.3,2.4,1.97,1.78,0.0,1.72,2.05,3.01,3.53,2.4,S McLean,Scottish Premiership,,20250923_Dundee-United_Aberdeen,22.252003532751814,1.59,1.16,49.9,50.1
2025-09-23,Falkirk,Hibernian,2.0,2.0,6.0,8.0,1.0,8.0,5.0,5.0,2.0,0.0,0.0,0.0,2.82,3.5,2.3,1.73,2.03,0.25,1.8,1.89,3.05,3.5,2.38,C Scott,Scottish Premiership,,20250923_Falkirk_Hibernian,-85.42803045124583,1.98,1.4,47.9,52.1
2025-09-27,Celtic,Hibernian,0.0,0.0,6.0,1.0,20.0,3.0,7.0,2.0,2.0,1.0,0.0,0.0,1.25,5.25,10.0,1.42,2.73,-1.5,1.85,1.87,1.25,6.67,10.85,D Robertson,Scottish Premiership,,20250927_Celtic_Hibernian,219.62810855519297,0.99,1.09,61.2,38.8
2025-09-27,Dundee United,Kilmarnock,0.0,2.0,7.0,7.0,11.0,10.0,9.0,6.0,4.0,2.0,0.0,0.0,2.1,3.5,3.2,1.81,1.93,-0.5,1.79,1.95,1.87,3.68,4.39,R Hardie,Scottish Premiership,,20250927_Dundee-United_Kilmarnock,23.94438112395369,0.66,1.75,56.7,43.3
2025-09-27,Hearts,Falkirk,3.0,0.0,10.0,3.0,10.0,7.0,9.0,5.0,0.0,1.0,0.0,0.0,1.56,4.2,5.0,1.64,2.16,-1.0,1.78,1.97,1.53,4.59,6.04,L Wilson,Scottish Premiership,,20250927_Hearts_Falkirk,95.98061963394116,1.09,0.59,51.9,48.1
2025-09-27,Motherwell,Aberdeen,2.0,0.0,3.0,4.0,7.0,6.0,3.0,4.0,0.0,3.0,0.0,0.0,2.1,3.5,3.25,1.69,2.07,-0.25,1.76,1.97,2.12,3.77,3.36,R Lee,Scottish Premiership,,20250927_Motherwell_Aberdeen,25.769109418850803,1.34,0.35,54.2,45.8
2025-09-27,St Mirren,Dundee,1.0,0.0,4.0,4.0,6.0,7.0,5.0,5.0,3.0,2.0,0.0,0.0,1.53,4.0,5.5,1.77,1.98,-1.0,1.92,1.82,1.62,4.06,5.79,M MacDermid,Scottish Premiership,,20250927_St-Mirren_Dundee,92.01654112728647,1.36,1.34,54.9,45.1
2025-09-28,Livingston,Rangers,1.0,2.0,3.0,7.0,6.0,8.0,4.0,8.0,4.0,1.0,0.0,0.0,4.75,3.9,1.66,1.65,2.15,1.0,1.9,1.83,5.1,4.27,1.65,J Beaton,Scottish Premiership,,20250928_Livingston_Rangers,-292.79800821186814,0.75,0.89,41.1,58.9
2025-10-04,Dundee United,Livingston,1.0,1.0,6.0,4.0,13.0,3.0,4.0,5.0,1.0,1.0,0.0,0.0,1.91,3.5,3.8,1.8,1.93,-0.75,1.96,1.77,1.95,3.72,3.93,D Nicolson,Scottish Premiership,,20251004_Dundee-United_Livingston,120.70067972770516,0.62,0.73,62.1,37.9
2025-10-04,Hearts,Hibernian,1.0,0.0,3.0,1.0,8.0,4.0,4.0,2.0,2.0,1.0,0.0,0.0,1.76,3.75,4.0,1.78,1.97,-0.5,1.79,1.94,1.91,3.67,4.19,D Dickinson,Scottish Premiership,,20251004_Hearts_Hibernian,18.390120428538467,0.05,1.15,46.0,54.0
2025-10-04,Kilmarnock,St Mirren,2.0,0.0,5.0,0.0,4.0,7.0,4.0,9.0,1.0,2.0,0.0,0.0,2.75,3.2,2.5,1.97,1.78,0.0,1.9,1.83,2.97,3.32,2.53,N Walsh,Scottish Premiership,,20251004_Kilmarnock_St-Mirren,-51.82076492947863,1.29,0.84,48.1,51.9
2025-10-05,Aberdeen,Dundee,4.0,0.0,9.0,2.0,11.0,6.0,11.0,2.0,1.0,0.0,0.0,0.0,1.71,3.7,4.33,1.81,1.92,-1.0,1.92,1.81,1.79,3.88,4.55,D Robertson,Scottish Premiership,,20251005_Aberdeen_Dundee,13.274155357309155,1.73,0.05,47.5,52.5
2025-10-05,Celtic,Motherwell,3.0,2.0,9.0,3.0,7.0,2.0,10.0,0.0,2.0,0.0,0.0,0.0,1.17,8.0,10.0,1.37,2.96,-2.0,1.88,1.85,1.2,7.48,12.7,C Scott,Scottish Premiership,,20251005_Celtic_Motherwell,296.42124565143854,1.68,1.77,55.2,44.8
2025-10-05,Falkirk,Rangers,1.0,1.0,4.0,2.0,12.0,9.0,7.0,6.0,1.0,4.0,0.0,0.0,4.2,4.0,1.71,1.59,2.26,1.0,1.76,1.99,4.47,4.47,1.7,M MacDermid,Scottish Premiership,,20251005_Falkirk_Rangers,-179.51605991810993,0.2,1.2,48.0,52.0
2025-10-18,Hibernian,Livingston,4.0,0.0,12.0,2.0,11.0,6.0,7.0,10.0,1.0,2.0,0.0,0.0,1.49,4.33,5.5,1.71,2.05,-1.0,1.85,1.88,1.56,4.41,5.89,R Lee,Scottish Premiership,,20251018_Hibernian_Livingston,200.53754018524523,1.01,1.48,56.4,43.6
2025-10-18,Kilmarnock,Hearts,0.0,3.0,2.0,5.0,5.0,14.0,4.0,5.0,2.0,2.0,0.0,0.0,4.2,3.6,1.79,1.92,1.82,0.5,1.97,1.76,4.57,3.66,1.84,R Hardie,Scottish Premiership,,20251018_Kilmarnock_Hearts,-109.4829868766883,0.83,1.38,40.3,59.7
2025-10-18,Motherwell,Falkirk,1.0,2.0,5.0,5.0,10.0,4.0,6.0,4.0,1.0,5.0,0.0,0.0,1.86,3.7,3.75,1.67,2.11,-0.5,1.8,1.93,1.91,3.95,3.88,S McLean,Scottish Premiership,,20251018_Motherwell_Falkirk,-4.4866888708018,1.45,1.48,51.7,48.3
2025-10-18,Rangers,Dundee United,2.0,2.0,8.0,4.0,21.0,6.0,7.0,2.0,0.0,4.0,0.0,0.0,1.37,5.75,5.5,1.52,2.4,-1.25,1.8,1.92,1.41,5.65,6.55,D Robertson,Scottish Premiership,,20251018_Rangers_Dundee-United,177.9103166263178,0.33,1.19,62.1,37.9
2025-10-18,St Mirren,Aberdeen,0.0,1.0,1.0,4.0,8.0,13.0,5.0,2.0,2.0,4.0,0.0,0.0,2.32,3.25,2.85,2.03,1.73,-0.25,2.02,1.72,2.36,3.41,3.16,L Wilson,Scottish Premiership,,20251018_St-Mirren_Aberdeen,71.21224905660915,0.05,1.44,54.2,45.8
2025-10-19,Dundee,Celtic,2.0,0.0,2.0,3.0,8.0,20.0,2.0,12.0,2.0,2.0,0.0,0.0,10.0,6.5,1.19,1.4,2.81,2.0,1.89,1.84,14.72,7.43,1.19,M MacDermid,Scottish Premiership,,20251019_Dundee_Celtic,-372.91679381986137,0.9,0.85,42.5,57.5
2025-10-25,Dundee United,St Mirren,3.0,1.0,5.0,3.0,8.0,20.0,4.0,12.0,1.0,1.0,0.0,1.0,2.25,3.5,2.85,1.88,1.85,-0.25,1.91,1.81,2.31,3.53,2.99,J Beaton,Scottish Premiership,,20251025_Dundee-United_St-Mirren,-23.675619047849523,2.34,1.27,41.4,58.6
2025-10-25,Falkirk,Dundee,2.0,1.0,5.0,3.0,7.0,10.0,5.0,3.0,2.0,2.0,0.0,0.0,1.62,3.9,4.75,1.76,1.97,-0.5,1.83,1.89,1.65,3.99,5.0,R Hardie,Scottish Premiership,,20251025_Falkirk_Dundee,63.96399499689255,0.88,1.04,49.8,50.2
2025-10-25,Livingston,Motherwell,1.0,2.0,4.0,2.0,7.0,13.0,0.0,3.0,2.0,2.0,0.0,0.0,3.3,3.5,2.01,1.79,1.95,0.25,1.88,1.8,3.05,3.44,2.32,N Walsh,Scottish Premiership,,20251025_Livingston_Motherwell,-111.90138032617324,0.05,1.14,50.2,49.8
2025-10-26,Aberdeen,Hibernian,1.0,2.0,5.0,6.0,11.0,13.0,6.0,3.0,0.0,2.0,0.0,0.0,2.5,3.5,2.55,1.85,1.88,0.0,1.91,1.82,2.6,3.23,2.82,D Robertson,Scottish Premiership,,20251026_Aberdeen_Hibernian,-106.6336701361015,0.89,0.8,47.5,52.5
2025-10-26,Hearts,Celtic,3.0,1.0,7.0,2.0,5.0,6.0,5.0,9.0,4.0,1.0,0.0,0.0,3.25,3.6,2.05,1.67,2.11,0.25,1.86,1.82,3.19,3.7,2.14,S McLean,Scottish Premiership,,20251026_Hearts_Celtic,-150.30375247883717,1.24,0.28,53.5,46.5
2025-10-26,Rangers,Kilmarnock,3.0,1.0,6.0,3.0,7.0,4.0,9.0,2.0,1.0,2.0,0.0,0.0,1.3,5.5,7.5,1.53,2.39,-1.5,1.86,1.86,1.34,5.35,7.98,K Clancy,Scottish Premiership,,20251026_Rangers_Kilmarnock,161.0980866718969,1.86,0.18,59.0,41.0
2025-10-29,Celtic,Falkirk,4.0,0.0,11.0,4.0,15.0,4.0,6.0,3.0,1.0,2.0,0.0,0.0,1.13,8.0,13.0,1.31,3.25,-2.0,1.76,1.98,,,,R Lee,Scottish Premiership,,20251029_Celtic_Falkirk,239.27022105657284,1.82,0.68,63.2,36.8
2025-10-29,Hibernian,Rangers,0.0,1.0,4.0,3.0,3.0,4.0,5.0,4.0,2.0,3.0,0.0,0.0,2.75,3.7,2.25,1.68,2.1,0.0,1.92,1.81,,,,J Beaton,Scottish Premiership,,20251029_Hibernian_Rangers,-77.01918523768018,1.23,0.39,45.7,54.3
2025-10-29,Kilmarnock,Aberdeen,0.0,1.0,4.0,3.0,10.0,3.0,7.0,2.0,4.0,6.0,0.0,0.0,2.65,3.3,2.5,1.95,1.79,0.0,1.91,1.82,,,,D Nicolson,Scottish Premiership,,20251029_Kilmarnock_Aberdeen,25.805510333935217,0.75,1.05,53.0,47.0
2025-10-29,Motherwell,Dundee United,2.0,0.0,5.0,1.0,5.0,8.0,4.0,2.0,1.0,2.0,0.0,0.0,1.91,3.8,3.4,1.64,2.17,-0.5,1.98,1.75,,,,C Graham,Scottish Premiership,,20251029_Motherwell_Dundee-United,-16.74583795376384,1.15,0.64,46.1,53.9
2025-10-29,St Mirren,Hearts,2.0,2.0,6.0,8.0,6.0,12.0,6.0,7.0,2.0,2.0,0.0,0.0,4.1,3.6,1.79,1.85,1.88,0.5,1.83,1.89,,,,M MacDermid,Scottish Premiership,,20251029_St-Mirren_Hearts,-137.68670435734384,1.82,0.89,42.4,57.6
2025-11-01,Falkirk,Kilmarnock,3.0,1.0,7.0,5.0,5.0,4.0,2.0,6.0,0.0,1.0,0.0,0.0,2.01,3.6,3.25,1.8,1.94,-0.25,1.72,2.01,,,,D Dickinson,Scottish Premiership,,20251101_Falkirk_Kilmarnock,35.16277297675265,1.76,0.81,55.4,44.6
2025-11-01,Hearts,Dundee,4.0,0.0,10.0,0.0,7.0,5.0,6.0,2.0,0.0,2.0,0.0,0.0,1.25,5.25,10.0,1.61,2.22,-1.75,1.9,1.81,,,,K Clancy,Scottish Premiership,,20251101_Hearts_Dundee,201.81994016304657,1.57,0.07,54.8,45.2
2025-11-01,Livingston,Hibernian,2.0,2.0,5.0,5.0,5.0,2.0,6.0,1.0,2.0,1.0,0.0,0.0,3.8,3.6,1.86,1.81,1.94,0.5,1.78,1.95,,,,C Scott,Scottish Premiership,,20251101_Livingston_Hibernian,-219.35184503338064,0.48,1.46,41.1,58.9
2025-11-08,Falkirk,Livingston,1.0,1.0,2.0,5.0,10.0,6.0,6.0,1.0,3.0,2.0,0.0,0.0,1.81,3.6,4.1,1.76,1.98,-0.5,1.9,1.82,,,,G Irvine,Scottish Premiership,,20251108_Falkirk_Livingston,157.40440598806185,0.26,1.19,61.1,38.9
2025-11-08,St Mirren,Hibernian,0.0,3.0,4.0,5.0,5.0,10.0,5.0,6.0,4.0,1.0,0.0,0.0,2.7,3.25,2.5,1.89,1.85,0.0,1.9,1.84,,,,D Dickinson,Scottish Premiership,,20251108_St-Mirren_Hibernian,-64.90614878835981,0.79,1.19,40.6,59.4
2025-11-09,Aberdeen,Motherwell,1.0,1.0,2.0,3.0,4.0,7.0,4.0,6.0,3.0,1.0,0.0,0.0,2.2,3.8,2.75,1.77,1.97,-0.25,1.98,1.75,,,,S McLean,Scottish Premiership,,20251109_Aberdeen_Motherwell,-22.872562841183708,1.61,1.03,48.5,51.5
2025-11-09,Celtic,Kilmarnock,4.0,0.0,7.0,1.0,14.0,2.0,8.0,7.0,2.0,2.0,0.0,0.0,1.13,7.5,13.0,1.38,2.89,-2.25,1.92,1.8,,,,D Robertson,Scottish Premiership,,20251109_Celtic_Kilmarnock,294.89152070629575,1.62,1.88,59.1,40.9
2025-11-09,Dundee,Rangers,0.0,3.0,5.0,10.0,5.0,5.0,4.0,6.0,0.0,1.0,0.0,0.0,7.0,4.33,1.41,1.63,2.19,1.25,1.82,1.9,,,,M MacDermid,Scottish Premiership,,20251109_Dundee_Rangers,-246.29434972059767,0.31,1.76,38.3,61.7
2025-11-09,Hearts,Dundee United,1.0,1.0,2.0,3.0,9.0,4.0,4.0,3.0,2.0,4.0,0.0,0.0,1.37,4.5,7.5,1.49,2.51,-1.5,1.9,1.82,,,,J Beaton,Scottish Premiership,,20251109_Hearts_Dundee-United,149.5063496639293,0.58,0.82,59.1,40.9
2025-11-22,Dundee United,Falkirk,0.0,3.0,5.0,4.0,8.0,12.0,5.0,5.0,3.0,3.0,0.0,0.0,2.05,3.5,3.4,1.71,2.04,-0.5,1.95,1.77,,,,N Walsh,Scottish Premiership,,20251122_Dundee-United_Falkirk,-21.55628776381309,0.5,1.01,44.2,55.8
2025-11-22,Hibernian,Dundee,2.0,0.0,5.0,4.0,12.0,3.0,8.0,3.0,2.0,1.0,0.0,0.0,1.3,5.0,9.5,1.66,2.12,-1.25,1.74,1.97,,,,S McLean,Scottish Premiership,,20251122_Hibernian_Dundee,158.26641838186742,2.13,1.34,47.4,52.6
2025-11-22,Kilmarnock,Motherwell,1.0,3.0,6.0,5.0,12.0,7.0,3.0,3.0,1.0,5.0,0.0,0.0,2.95,3.4,2.2,1.86,1.86,0.25,1.9,1.75,,,,R Lee,Scottish Premiership,,20251122_Kilmarnock_Motherwell,-36.56207152439083,1.01,0.82,47.6,52.4
2025-11-22,Rangers,Livingston,2.0,1.0,2.0,2.0,7.0,7.0,2.0,1.0,2.0,4.0,0.0,0.0,1.24,5.75,10.0,1.52,2.41,-1.5,1.78,1.93,,,,R Hardie,Scottish Premiership,,20251122_Rangers_Livingston,308.0158903722122,0.61,0.94,66.6,33.4
2025-11-22,St Mirren,Celtic,0.0,1.0,2.0,2.0,11.0,14.0,2.0,4.0,2.0,1.0,0.0,0.0,6.5,4.75,1.39,1.54,2.35,1.25,1.82,1.87,,,,K Clancy,Scottish Premiership,,20251122_St-Mirren_Celtic,-268.0224763691808,0.08,0.3,43.7,56.3
2025-11-23,Aberdeen,Hearts,1.0,0.0,2.0,4.0,4.0,12.0,6.0,3.0,3.0,4.0,0.0,0.0,4.1,3.6,1.81,1.89,1.84,0.5,1.82,1.9,,,,D Dickinson,Scottish Premiership,,20251123_Aberdeen_Hearts,-158.3130298942724,1.47,0.5,48.0,52.0
2025-11-25,Motherwell,Hibernian,2.0,0.0,5.0,1.0,11.0,1.0,0.0,2.0,0.0,1.0,0.0,1.0,2.65,3.4,2.45,1.82,1.91,0.25,1.81,1.84,,,,D Nicolson,Scottish Premiership,,20251125_Motherwell_Hibernian,-78.35180734404935,0.81,0.05,43.2,56.8
2025-11-29,Dundee,St Mirren,3.0,1.0,4.0,3.0,4.0,16.0,1.0,11.0,0.0,2.0,0.0,0.0,3.5,3.3,2.05,1.97,1.76,0.25,1.93,1.74,,,,J Beaton,Scottish Premiership,,20251129_Dundee_St-Mirren,-76.44833161545148,1.32,1.14,50.7,49.3
2025-11-29,Kilmarnock,Dundee United,1.0,1.0,3.0,3.0,8.0,8.0,3.0,3.0,3.0,2.0,0.0,0.0,2.57,3.4,2.5,1.99,1.75,-0.25,2.05,1.69,,,,M MacDermid,Scottish Premiership,,20251129_Kilmarnock_Dundee-United,-33.29330257303991,1.8,0.96,48.8,51.2
2025-11-29,Motherwell,Hearts,0.0,0.0,5.0,1.0,4.0,8.0,3.0,4.0,2.0,4.0,0.0,0.0,3.6,3.4,2.01,1.97,1.77,0.25,1.88,1.77,,,,K Clancy,Scottish Premiership,,20251129_Motherwell_Hearts,-94.49662348248603,0.48,0.97,42.5,57.5
2025-11-30,Hibernian,Celtic,1.0,2.0,4.0,2.0,5.0,4.0,4.0,3.0,3.0,3.0,0.0,0.0,4.33,3.9,1.68,1.64,2.15,0.5,1.94,1.78,,,,N Walsh,Scottish Premiership,,20251130_Hibernian_Celtic,-195.55371460254787,1.62,1.78,42.9,57.1
2025-11-30,Livingston,Aberdeen,0.0,1.0,3.0,4.0,12.0,10.0,7.0,4.0,1.0,1.0,0.0,0.0,2.65,3.25,2.55,1.96,1.78,0.0,1.82,1.91,,,,D Robertson,Scottish Premiership,,20251130_Livingston_Aberdeen,-127.72416298924418,0.34,1.24,45.0,55.0
2025-11-30,Rangers,Falkirk,0.0,0.0,4.0,2.0,10.0,3.0,4.0,5.0,0.0,3.0,0.0,0.0,1.35,5.0,7.0,1.62,2.2,-1.0,1.77,1.95,,,,S McLean,Scottish Premiership,,20251130_Rangers_Falkirk,153.0244818959593,1.07,0.97,54.0,46.0
2025-12-03,Aberdeen,St Mirren,3.0,3.0,8.0,4.0,10.0,11.0,8.0,6.0,0.0,1.0,0.0,0.0,2.15,3.3,3.25,2.06,1.69,-0.25,1.88,1.82,,,,S McLean,Scottish Premiership,,20251203_Aberdeen_St-Mirren,24.68945445292661,1.62,0.75,51.5,48.5
2025-12-03,Celtic,Dundee,1.0,0.0,6.0,3.0,11.0,1.0,6.0,0.0,3.0,0.0,0.0,0.0,1.07,10.0,19.0,1.31,3.21,-2.5,1.92,1.79,,,,D Nicolson,Scottish Premiership,,20251203_Celtic_Dundee,344.20486801354036,0.7,0.43,57.7,42.3
2025-12-03,Dundee United,Rangers,2.0,2.0,6.0,10.0,7.0,22.0,8.0,9.0,3.0,3.0,0.0,0.0,4.5,3.9,1.68,1.84,1.88,0.5,1.85,1.86,,,,D Dickinson,Scottish Premiership,,20251203_Dundee-United_Rangers,-193.2719171611434,1.21,1.24,49.5,50.5
2025-12-03,Falkirk,Motherwell,0.0,0.0,1.0,1.0,13.0,6.0,6.0,3.0,2.0,0.0,0.0,0.0,2.57,3.3,2.57,1.86,1.86,0.25,1.88,1.77,,,,C Graham,Scottish Premiership,,20251203_Falkirk_Motherwell,6.437970752556794,0.91,1.57,55.7,44.3
2025-12-03,Hearts,Kilmarnock,1.0,1.0,3.0,5.0,14.0,6.0,9.0,1.0,1.0,2.0,0.0,0.0,1.35,4.33,8.5,1.7,2.06,-1.5,1.83,1.87,,,,J Beaton,Scottish Premiership,,20251203_Hearts_Kilmarnock,162.87153929364354,0.7,1.85,64.8,35.2
2025-12-06,Dundee,Aberdeen,1.0,3.0,2.0,8.0,13.0,13.0,6.0,4.0,2.0,1.0,0.0,0.0,3.4,3.25,2.1,2.0,1.74,0.25,1.94,1.73,,,,G Irvine,Scottish Premiership,,20251206_Dundee_Aberdeen,-73.9972842318798,2.21,0.62,47.2,52.8
2025-12-06,Hibernian,Falkirk,3.0,0.0,5.0,4.0,5.0,4.0,10.0,4.0,1.0,4.0,0.0,0.0,1.53,4.0,5.75,1.75,1.99,-0.75,1.81,1.9,,,,M MacDermid,Scottish Premiership,,20251206_Hibernian_Falkirk,33.749169360217365,1.15,1.32,57.4,42.6
2025-12-06,Kilmarnock,Rangers,0.0,3.0,3.0,6.0,12.0,5.0,7.0,2.0,2.0,2.0,0.0,0.0,5.25,4.0,1.56,1.73,2.03,0.75,1.88,1.82,,,,K Clancy,Scottish Premiership,,20251206_Kilmarnock_Rangers,-212.96328061973554,1.62,0.37,38.8,61.2
2025-12-06,Motherwell,Livingston,3.0,0.0,7.0,1.0,7.0,11.0,4.0,5.0,2.0,3.0,0.0,0.0,1.66,3.75,4.75,1.76,1.97,-0.75,1.85,1.85,,,,R Lee,Scottish Premiership,,20251206_Motherwell_Livingston,168.48863912282468,1.34,0.05,55.8,44.2
2025-12-06,St Mirren,Dundee United,2.0,0.0,5.0,3.0,8.0,10.0,3.0,2.0,2.0,2.0,0.0,0.0,2.1,3.5,3.2,1.84,1.89,-0.5,1.78,1.92,,,,N Walsh,Scottish Premiership,,20251206_St-Mirren_Dundee-United,-11.142952838710698,1.49,0.35,44.3,55.7
2025-12-07,Celtic,Hearts,1.0,2.0,5.0,3.0,10.0,5.0,5.0,3.0,1.0,3.0,0.0,0.0,1.53,3.8,6.0,1.63,2.17,-1.0,1.86,1.86,,,,D Robertson,Scottish Premiership,,20251207_Celtic_Hearts,167.30568501883636,1.29,1.36,57.7,42.3
2025-12-13,Dundee United,Motherwell,0.0,0.0,1.0,3.0,8.0,10.0,1.0,4.0,3.0,3.0,0.0,0.0,2.82,3.4,2.3,1.84,1.89,0.25,1.81,1.85,,,,D Nicolson,Scottish Premiership,,20251213_Dundee-United_Motherwell,-56.887806327987846,1.05,0.89,41.9,58.1
2025-12-13,Falkirk,Hearts,0.0,2.0,1.0,5.0,5.0,8.0,3.0,7.0,2.0,2.0,0.0,0.0,4.33,3.6,1.76,1.81,1.91,0.5,1.93,1.78,,,,C Scott,Scottish Premiership,,20251213_Falkirk_Hearts,-104.87090415424814,0.41,0.95,41.8,58.2
2025-12-13,Livingston,Dundee,2.0,2.0,6.0,3.0,9.0,3.0,7.0,0.0,2.0,2.0,1.0,0.0,1.81,3.6,4.1,1.9,1.82,-0.5,1.77,1.94,,,,D McFarlane,Scottish Premiership,,20251213_Livingston_Dundee,-65.54521465111702,1.16,1.42,44.2,55.8
2025-12-14,Aberdeen,Kilmarnock,2.0,1.0,8.0,5.0,13.0,3.0,9.0,3.0,2.0,5.0,0.0,0.0,1.71,3.5,4.75,1.89,1.84,-0.75,1.83,1.88,,,,R Hardie,Scottish Premiership,,20251214_Aberdeen_Kilmarnock,58.58806923681709,1.26,1.32,57.7,42.3
2025-12-15,Rangers,Hibernian,1.0,0.0,8.0,3.0,11.0,5.0,5.0,5.0,1.0,3.0,0.0,0.0,1.81,3.6,4.0,1.83,1.89,-0.25,1.72,2.01,,,,D Robertson,Scottish Premiership,,20251215_Rangers_Hibernian,98.10640850992718,0.68,0.09,51.9,48.1
2025-12-17,Dundee United,Celtic,2.0,1.0,7.0,2.0,9.0,15.0,7.0,6.0,2.0,1.0,0.0,0.0,6.25,4.2,1.45,1.52,2.39,1.25,1.75,1.95,,,,J Beaton,Scottish Premiership,,20251217_Dundee-United_Celtic,-280.93510829095203,0.61,1.43,36.4,63.6
2025-12-20,Dundee United,Hibernian,1.0,1.0,2.0,5.0,10.0,18.0,5.0,7.0,2.0,2.0,0.0,0.0,3.5,3.5,2.01,1.75,1.98,0.25,1.87,1.8,,,,S McLean,Scottish Premiership,,20251220_Dundee-United_Hibernian,-70.19861220048142,1.02,1.14,40.2,59.8
2025-12-20,Kilmarnock,Falkirk,0.0,1.0,3.0,4.0,12.0,6.0,2.0,2.0,2.0,1.0,0.0,0.0,2.55,3.3,2.65,1.97,1.76,-0.25,2.05,1.69,,,,R Lee,Scottish Premiership,,20251220_Kilmarnock_Falkirk,-71.83415301901277,1.08,0.29,52.1,47.9
2025-12-20,Motherwell,Dundee,1.0,0.0,7.0,2.0,9.0,3.0,2.0,3.0,1.0,2.0,0.0,0.0,1.42,4.75,6.0,1.72,2.02,-1.5,2.07,1.69,,,,M MacDermid,Scottish Premiership,,20251220_Motherwell_Dundee,116.42856756642436,0.39,0.43,52.1,47.9
2025-12-20,St Mirren,Livingston,1.0,0.0,4.0,1.0,12.0,4.0,7.0,4.0,0.0,1.0,0.0,0.0,1.81,3.6,4.33,1.95,1.78,-0.5,1.81,1.91,,,,C Graham,Scottish Premiership,,20251220_St-Mirren_Livingston,136.1852073255095,0.47,0.88,51.9,48.1
2025-12-21,Celtic,Aberdeen,3.0,1.0,10.0,2.0,21.0,8.0,8.0,4.0,1.0,2.0,0.0,0.0,1.3,6.0,7.5,1.46,2.56,-1.5,1.91,1.8,,,,D Dickinson,Scottish Premiership,,20251221_Celtic_Aberdeen,219.15059280806486,1.49,0.81,53.4,46.6
2025-12-21,Hearts,Rangers,2.0,1.0,5.0,2.0,9.0,9.0,6.0,10.0,2.0,1.0,0.0,0.0,2.01,3.5,3.5,1.94,1.78,-0.25,1.78,1.92,,,,N Walsh,Scottish Premiership,,20251221_Hearts_Rangers,-48.8754469093833,1.03,0.66,49.9,50.1
2025-12-27,Aberdeen,Dundee United,1.0,1.0,6.0,3.0,8.0,10.0,9.0,5.0,2.0,3.0,0.0,0.0,1.81,3.75,3.75,1.72,2.01,-0.5,1.74,2.0,,,,C Scott,Scottish Premiership,,20251227_Aberdeen_Dundee-United,14.04379499654101,1.35,0.05,49.4,50.6
2025-12-27,Dundee,Falkirk,1.0,0.0,4.0,1.0,6.0,22.0,1.0,9.0,3.0,2.0,0.0,0.0,2.95,3.2,2.3,2.16,1.63,0.25,1.88,1.78,,,,S McLean,Scottish Premiership,,20251227_Dundee_Falkirk,-116.12614947303541,0.42,1.37,43.1,56.9
2025-12-27,Hibernian,Hearts,3.0,2.0,7.0,7.0,5.0,9.0,3.0,8.0,1.0,0.0,0.0,0.0,2.7,3.3,2.45,1.94,1.78,0.25,1.69,1.98,,,,J Beaton,Scottish Premiership,,20251227_Hibernian_Hearts,-82.69772597508268,0.28,0.87,46.9,53.1
2025-12-27,Livingston,Celtic,2.0,4.0,3.0,7.0,10.0,11.0,11.0,4.0,1.0,0.0,0.0,0.0,8.5,4.75,1.35,1.51,2.41,1.25,1.91,1.78,,,,M MacDermid,Scottish Premiership,,20251227_Livingston_Celtic,-398.2358172243205,0.77,2.07,39.3,60.7
2025-12-27,Rangers,Motherwell,1.0,0.0,13.0,5.0,15.0,7.0,5.0,1.0,3.0,1.0,0.0,0.0,1.71,3.75,4.33,1.84,1.86,-0.5,1.73,2.01,,,,D Dickinson,Scottish Premiership,,20251227_Rangers_Motherwell,130.9357150628723,0.66,0.49,55.6,44.4
2025-12-27,St Mirren,Kilmarnock,0.0,0.0,7.0,3.0,12.0,8.0,11.0,4.0,1.0,0.0,0.0,0.0,1.76,3.5,4.5,1.98,1.75,-0.75,1.75,1.95,,,,D Robertson,Scottish Premiership,,20251227_St-Mirren_Kilmarnock,65.57617518639404,0.82,0.77,53.2,46.8
2025-12-30,Dundee,Kilmarnock,2.0,1.0,6.0,4.0,20.0,4.0,7.0,5.0,2.0,4.0,0.0,0.0,2.7,3.05,2.57,2.2,1.61,0.0,1.98,1.75,,,,N Walsh,Scottish Premiership,,20251230_Dundee_Kilmarnock,-11.555126183126049,1.34,1.22,49.2,50.8
2025-12-30,Hibernian,Aberdeen,2.0,0.0,5.0,2.0,15.0,6.0,4.0,5.0,1.0,2.0,0.0,0.0,1.81,3.7,3.9,1.77,1.95,-0.5,1.79,1.92,,,,D McFarlane,Scottish Premiership,,20251230_Hibernian_Aberdeen,66.6589189141373,1.33,0.97,52.5,47.5
2025-12-30,Livingston,Dundee United,1.0,3.0,6.0,10.0,4.0,12.0,2.0,7.0,4.0,0.0,0.0,0.0,2.5,3.3,2.65,1.93,1.79,-0.25,1.91,1.79,,,,G Irvine,Scottish Premiership,,20251230_Livingston_Dundee-United,-157.13417439360092,1.46,0.93,39.1,60.9
2025-12-30,Motherwell,Celtic,2.0,0.0,6.0,3.0,5.0,5.0,1.0,3.0,0.0,4.0,0.0,0.0,4.33,3.9,1.66,1.63,2.19,0.75,1.97,1.74,,,,K Clancy,Scottish Premiership,,20251230_Motherwell_Celtic,-214.9730131083047,1.06,0.21,42.3,57.7
2025-12-30,Rangers,St Mirren,2.0,1.0,5.0,4.0,11.0,6.0,5.0,4.0,1.0,2.0,0.0,0.0,1.57,4.0,5.25,1.77,1.96,-1.0,1.93,1.79,,,,R Lee,Scottish Premiership,,20251230_Rangers_St-Mirren,182.7676605538852,1.77,0.72,53.9,46.1
2026-01-03,Celtic,Rangers,1.0,3.0,9.0,4.0,12.0,5.0,8.0,5.0,0.0,3.0,0.0,0.0,1.86,3.8,3.7,1.6,2.2,-0.75,1.82,1.87,,,,S Steven ,Scottish Premiership,,20260103_Celtic_Rangers,43.862055504041564,1.25,2.03,50.3,49.7
2026-01-03,Dundee United,Dundee,0.0,1.0,5.0,3.0,17.0,13.0,8.0,2.0,2.0,1.0,0.0,0.0,1.79,3.7,4.0,1.85,1.86,-0.75,1.79,1.91,,,,D Robertson,Scottish Premiership,,20260103_Dundee-United_Dundee,73.10915154978193,1.08,0.99,54.9,45.1
2026-01-03,Falkirk,Aberdeen,1.0,0.0,7.0,0.0,14.0,7.0,5.0,4.0,2.0,4.0,0.0,0.0,2.45,3.3,2.7,1.86,1.85,-0.25,1.86,1.84,,,,J Beaton,Scottish Premiership,,20260103_Falkirk_Aberdeen,2.448446014426281,1.69,0.76,47.0,53.0
2026-01-03,Hearts,Livingston,1.0,0.0,3.0,2.0,14.0,8.0,7.0,3.0,0.0,3.0,0.0,0.0,1.27,5.0,9.0,1.63,2.17,-1.75,1.87,1.83,,,,C Graham,Scottish Premiership,,20260103_Hearts_Livingston,296.87282321363364,1.01,1.79,57.6,42.4
2026-01-03,Kilmarnock,Hibernian,1.0,3.0,1.0,9.0,7.0,6.0,5.0,3.0,3.0,3.0,1.0,0.0,4.5,3.4,1.76,1.93,1.8,0.5,1.88,1.83,,,,D Dickinson,Scottish Premiership,,20260103_Kilmarnock_Hibernian,-168.89572743447184,0.51,1.35,38.1,61.9
2026-01-03,Motherwell,St Mirren,2.0,0.0,8.0,2.0,7.0,7.0,9.0,8.0,0.0,4.0,0.0,0.0,1.96,3.2,4.0,2.03,1.72,-0.5,1.86,1.86,,,,C Scott,Scottish Premiership,,20260103_Motherwell_St-Mirren,61.286243015434366,1.95,1.03,45.5,54.5
2026-01-06,Rangers,Aberdeen,2.0,0.0,8.0,3.0,14.0,6.0,7.0,4.0,0.0,2.0,0.0,0.0,1.49,3.9,6.25,1.56,2.3,-1.5,1.98,1.75,,,,N Walsh,Scottish Premiership,,20260106_Rangers_Aberdeen,205.11434828080655,1.75,1.39,52.9,47.1
2026-01-10,Celtic,Dundee United,4.0,0.0,8.0,0.0,14.0,3.0,12.0,3.0,1.0,0.0,0.0,0.0,1.24,6.0,9.5,1.37,2.93,-2.0,1.97,1.75,,,,N Walsh,Scottish Premiership,,20260110_Celtic_Dundee-United,220.96939262697651,1.72,0.69,65.6,34.4
2026-01-10,Hibernian,Motherwell,1.0,1.0,4.0,5.0,10.0,9.0,4.0,4.0,2.0,5.0,0.0,0.0,2.01,3.4,3.6,1.95,1.78,-0.5,1.97,1.76,,,,M MacDermid,Scottish Premiership,,20260110_Hibernian_Motherwell,37.00439398687968,2.07,1.83,51.8,48.2
2026-01-10,Livingston,Kilmarnock,1.0,1.0,5.0,4.0,7.0,5.0,7.0,5.0,4.0,1.0,0.0,0.0,2.25,3.25,3.1,2.11,1.66,-0.25,1.88,1.83,,,,D Robertson,Scottish Premiership,,20260110_Livingston_Kilmarnock,-81.70478265228121,0.88,1.11,42.9,57.1
2026-01-10,St Mirren,Falkirk,0.0,2.0,3.0,3.0,6.0,8.0,4.0,8.0,2.0,1.0,0.0,0.0,2.05,3.3,3.5,2.09,1.67,-0.25,1.78,1.93,,,,S McLean,Scottish Premiership,,20260110_St-Mirren_Falkirk,-39.76800798405293,0.09,0.95,49.3,50.7
2026-01-11,Aberdeen,Rangers,0.0,2.0,5.0,9.0,2.0,9.0,6.0,6.0,2.0,3.0,0.0,0.0,4.75,3.7,1.68,1.73,2.0,0.75,1.75,1.96,,,,D Dickinson,Scottish Premiership,,20260111_Aberdeen_Rangers,-216.39052787389892,0.49,2.08,41.6,58.4
2026-01-11,Dundee,Hearts,0.0,1.0,5.0,2.0,12.0,5.0,6.0,4.0,2.0,0.0,0.0,1.0,8.0,4.1,1.42,1.78,1.95,1.0,1.9,1.82,,,,R Lee,Scottish Premiership,,20260111_Dundee_Hearts,-188.2088454838306,1.21,0.47,39.3,60.7
2026-01-14,Falkirk,Celtic,0.0,1.0,6.0,2.0,5.0,6.0,3.0,4.0,0.0,1.0,0.0,0.0,5.75,4.75,1.45,1.61,2.19,1.25,1.76,1.96,,,,J Beaton,Scottish Premiership,,20260114_Falkirk_Celtic,-190.30472331662804,0.72,0.05,42.3,57.7
2026-01-14,Hearts,St Mirren,2.0,0.0,7.0,2.0,7.0,12.0,3.0,5.0,0.0,1.0,1.0,0.0,1.41,4.1,7.5,1.8,1.92,-1.25,1.96,1.76,,,,K Clancy,Scottish Premiership,,20260114_Hearts_St-Mirren,175.2595336704876,0.86,0.05,55.2,44.8
2026-01-20,Livingston,St Mirren,1.0,1.0,4.0,5.0,7.0,6.0,3.0,4.0,3.0,3.0,0.0,0.0,2.82,3.4,2.32,2.0,1.74,0.25,1.69,2.07,,,,D Nicolson,Scottish Premiership,,20260120_Livingston_St-Mirren,-125.85651398784671,0.46,1.12,47.2,52.8
2026-01-24,Aberdeen,Livingston,6.0,2.0,7.0,4.0,10.0,3.0,8.0,2.0,4.0,2.0,1.0,1.0,1.71,3.75,4.5,1.78,1.95,-0.75,1.93,1.79,,,,R Hardie,Scottish Premiership,,20260124_Aberdeen_Livingston,141.22315382952797,1.84,0.67,57.3,42.7
2026-01-24,Falkirk,Hibernian,4.0,1.0,5.0,4.0,12.0,6.0,7.0,4.0,2.0,2.0,0.0,0.0,3.25,3.3,2.2,2.03,1.72,0.0,1.9,1.83,,,,L Wilson,Scottish Premiership,,20260124_Falkirk_Hibernian,-72.4408876086759,2.0,0.87,47.4,52.6
2026-01-24,Motherwell,Kilmarnock,4.0,0.0,11.0,1.0,11.0,6.0,2.0,1.0,0.0,0.0,0.0,1.0,1.45,4.0,7.0,1.9,1.83,-1.0,1.81,1.91,,,,N Walsh,Scottish Premiership,,20260124_Motherwell_Kilmarnock,149.10852183317093,1.31,1.62,53.0,47.0
2026-01-25,Hearts,Celtic,2.0,2.0,8.0,3.0,8.0,6.0,2.0,2.0,3.0,6.0,0.0,1.0,3.0,3.5,2.2,1.82,1.91,0.25,1.85,1.87,,,,S McLean,Scottish Premiership,,20260125_Hearts_Celtic,-75.67935054504255,0.39,1.11,50.3,49.7
2026-01-25,Rangers,Dundee,3.0,0.0,8.0,1.0,11.0,3.0,7.0,1.0,1.0,1.0,0.0,0.0,1.22,6.0,12.0,1.55,2.33,-1.5,1.79,1.92,,,,K Clancy,Scottish Premiership,,20260125_Rangers_Dundee,265.3230673624489,0.93,0.48,60.7,39.3
2026-01-31,Dundee United,Hearts,0.0,3.0,2.0,12.0,1.0,10.0,0.0,6.0,3.0,1.0,2.0,0.0,4.33,3.6,1.76,1.85,1.88,0.75,1.84,1.9,,,,C Scott,Scottish Premiership,,20260131_Dundee-United_Hearts,-164.3853479507759,1.21,1.92,40.2,59.8
2026-01-31,Kilmarnock,Aberdeen,3.0,0.0,9.0,4.0,10.0,4.0,7.0,3.0,3.0,3.0,0.0,1.0,3.1,3.2,2.32,1.82,1.91,0.25,1.79,1.97,,,,L Wilson,Scottish Premiership,,20260131_Kilmarnock_Aberdeen,-83.74561458574908,0.82,0.45,48.3,51.7
2026-01-31,Livingston,Motherwell,0.0,2.0,1.0,6.0,3.0,8.0,7.0,7.0,1.0,0.0,0.0,0.0,4.33,3.6,1.76,1.8,1.92,0.5,1.92,1.81,,,,S McLean,Scottish Premiership,,20260131_Livingston_Motherwell,-235.62365578605772,0.14,1.09,40.8,59.2
2026-01-31,St Mirren,Dundee,0.0,0.0,2.0,2.0,8.0,9.0,5.0,6.0,0.0,0.0,1.0,0.0,1.71,3.6,4.75,2.05,1.7,-0.5,1.77,1.96,,,,N Walsh,Scottish Premiership,,20260131_St-Mirren_Dundee,18.788772952128284,0.64,1.6,51.3,48.7
2026-02-01,Celtic,Falkirk,2.0,0.0,5.0,4.0,5.0,10.0,9.0,4.0,0.0,2.0,0.0,0.0,1.27,5.75,8.5,1.55,2.33,-1.25,1.8,1.96,,,,D Dickinson,Scottish Premiership,,20260201_Celtic_Falkirk,185.29323297244355,1.22,0.05,62.9,37.1
2026-02-01,Hibernian,Rangers,0.0,0.0,6.0,2.0,11.0,9.0,9.0,8.0,3.0,2.0,0.0,0.0,3.2,3.5,2.1,1.8,1.94,0.5,1.83,1.89,,,,R Macleod,Scottish Premiership,,20260201_Hibernian_Rangers,-131.52446637957837,0.33,0.36,41.3,58.7
2026-02-03,St Mirren,Hearts,1.0,0.0,5.0,2.0,16.0,3.0,7.0,2.0,1.0,1.0,0.0,1.0,3.9,3.5,1.86,2.24,1.59,0.5,1.81,1.91,,,,S McLean,Scottish Premiership,,20260203_St-Mirren_Hearts,-202.18423398430218,0.77,0.96,41.5,58.5
2026-02-04,Hibernian,Dundee United,3.0,2.0,3.0,4.0,17.0,12.0,4.0,6.0,2.0,0.0,0.0,0.0,1.56,3.8,5.5,1.76,1.98,-1.0,1.94,1.81,,,,C Steven,Scottish Premiership,,20260204_Hibernian_Dundee-United,104.18165107722098,0.15,1.44,62.4,37.6
2026-02-04,Livingston,Falkirk,1.0,2.0,3.0,3.0,7.0,13.0,6.0,4.0,3.0,4.0,0.0,0.0,3.4,3.4,2.05,1.9,1.83,0.5,1.87,1.84,,,,M MacDermid,Scottish Premiership,,20260204_Livingston_Falkirk,-203.73344508524156,1.25,1.18,44.1,55.9
2026-02-04,Rangers,Kilmarnock,5.0,1.0,11.0,2.0,17.0,6.0,10.0,1.0,1.0,1.0,0.0,0.0,1.27,5.0,10.0,1.56,2.31,-1.75,1.91,1.83,,,,D Dickinson,Scottish Premiership,,20260204_Rangers_Kilmarnock,288.5937531152663,1.65,1.32,60.8,39.2
2026-02-10,Hearts,Hibernian,1.0,0.0,2.0,1.0,9.0,4.0,4.0,8.0,0.0,3.0,0.0,0.0,1.81,3.6,4.0,1.89,1.85,-0.75,1.94,1.81,,,,N Walsh,Scottish Premiership,,20260210_Hearts_Hibernian,46.831500036131956,0.62,0.63,51.7,48.3
2026-02-11,Celtic,Livingston,2.0,1.0,12.0,2.0,17.0,2.0,10.0,3.0,2.0,3.0,0.0,0.0,1.1,9.0,17.0,1.29,3.37,-2.5,1.89,1.83,,,,C Scott,Scottish Premiership,,20260211_Celtic_Livingston,406.9892321346674,1.14,1.58,58.9,41.1
2026-02-11,Falkirk,Dundee,1.0,0.0,3.0,4.0,13.0,11.0,4.0,4.0,3.0,1.0,0.0,0.0,1.61,3.75,5.25,1.96,1.78,-0.5,1.8,1.93,,,,D Dickinson,Scottish Premiership,,20260211_Falkirk_Dundee,97.73208699191241,1.31,0.72,54.9,45.1
2026-02-11,Kilmarnock,St Mirren,4.0,3.0,7.0,7.0,13.0,8.0,9.0,4.0,1.0,3.0,0.0,0.0,2.75,3.3,2.45,2.02,1.73,0.25,1.79,1.95,,,,G Irvine,Scottish Premiership,,20260211_Kilmarnock_St-Mirren,-59.30507977657135,1.74,1.86,58.3,41.7
2026-02-11,Motherwell,Rangers,1.0,1.0,5.0,4.0,13.0,6.0,6.0,3.0,2.0,5.0,0.0,0.0,3.25,3.5,2.1,1.83,1.91,0.0,2.02,1.73,,,,S McLean,Scottish Premiership,,20260211_Motherwell_Rangers,-138.9481746111437,1.11,0.87,45.9,54.1
2026-02-14,Dundee,Livingston,2.0,2.0,7.0,3.0,9.0,13.0,10.0,2.0,2.0,2.0,0.0,0.0,2.05,3.2,3.6,1.88,1.85,-0.75,2.03,1.74,,,,N Walsh,Scottish Premiership,,20260214_Dundee_Livingston,110.7388245532702,1.9,0.05,54.7,45.3
2026-02-14,Falkirk,Dundee United,2.0,3.0,4.0,5.0,6.0,9.0,4.0,5.0,0.0,3.0,1.0,0.0,1.79,3.4,4.0,1.84,1.88,-0.75,1.97,1.78,,,,R Lee,Scottish Premiership,,20260214_Falkirk_Dundee-United,73.08002922398146,1.43,1.57,46.3,53.7
2026-02-14,Hibernian,St Mirren,2.0,0.0,6.0,2.0,7.0,5.0,6.0,8.0,0.0,3.0,0.0,0.0,1.81,3.5,4.1,1.88,1.85,-0.5,1.86,1.86,,,,D McFarlane,Scottish Premiership,,20260214_Hibernian_St-Mirren,122.41151675661081,0.7,0.52,63.8,36.2
2026-02-15,Kilmarnock,Celtic,2.0,3.0,7.0,10.0,10.0,14.0,6.0,7.0,1.0,3.0,0.0,0.0,7.5,4.5,1.35,1.48,2.53,1.5,1.77,1.96,,,,D Nicolson,Scottish Premiership,,20260215_Kilmarnock_Celtic,-301.2417284569017,1.19,2.34,34.7,65.3
2026-02-15,Motherwell,Aberdeen,2.0,0.0,8.0,2.0,10.0,8.0,4.0,2.0,1.0,6.0,0.0,0.0,1.56,3.8,5.5,1.68,2.1,-1.0,1.95,1.79,,,,D Dickinson,Scottish Premiership,,20260215_Motherwell_Aberdeen,103.96420094670998,1.12,0.6,58.9,41.1
2026-02-15,Rangers,Hearts,4.0,2.0,4.0,3.0,15.0,4.0,7.0,3.0,4.0,3.0,0.0,0.0,1.91,3.3,3.7,1.85,1.88,-0.5,1.82,1.9,,,,D Robertson,Scottish Premiership,,20260215_Rangers_Hearts,56.39159137188062,1.09,0.26,51.6,48.4
2026-02-21,Aberdeen,Dundee,2.0,3.0,4.0,7.0,7.0,16.0,2.0,9.0,3.0,2.0,1.0,0.0,1.86,3.5,4.0,1.88,1.86,-0.5,1.9,1.82,,,,S McLean,Scottish Premiership,,20260221_Aberdeen_Dundee,38.2746349293659,1.25,0.96,52.2,47.8
2026-02-21,Dundee United,Kilmarnock,1.0,1.0,4.0,2.0,8.0,6.0,6.0,3.0,1.0,3.0,0.0,1.0,1.96,3.6,3.7,1.72,2.03,-0.5,1.89,1.82,,,,J Beaton,Scottish Premiership,,20260221_Dundee-United_Kilmarnock,60.947341726249306,0.77,0.92,53.9,46.1
2026-02-21,Hearts,Falkirk,1.0,0.0,4.0,2.0,13.0,6.0,8.0,4.0,1.0,3.0,0.0,0.0,1.62,3.6,5.5,1.94,1.8,-0.75,1.89,1.85,,,,D Nicolson,Scottish Premiership,,20260221_Hearts_Falkirk,109.75522979158109,2.43,1.18,64.0,36.0
2026-02-21,St Mirren,Motherwell,0.0,5.0,5.0,6.0,6.0,11.0,4.0,7.0,4.0,0.0,1.0,0.0,3.0,3.2,2.35,2.02,1.73,0.25,1.81,1.94,,,,C Scott,Scottish Premiership,,20260221_St-Mirren_Motherwell,-133.0395176042582,0.54,0.73,39.4,60.6
2026-02-22,Celtic,Hibernian,1.0,2.0,3.0,4.0,18.0,4.0,11.0,1.0,2.0,1.0,1.0,0.0,1.45,4.75,6.25,1.56,2.33,-1.25,1.9,1.84,,,,M MacDermid,Scottish Premiership,,20260222_Celtic_Hibernian,143.24529608312582,2.34,0.7,56.5,43.5
2026-02-22,Livingston,Rangers,2.0,2.0,3.0,14.0,2.0,17.0,3.0,15.0,3.0,2.0,1.0,0.0,8.0,5.0,1.35,1.53,2.37,1.5,1.85,1.88,,,,R Lee,Scottish Premiership,,20260222_Livingston_Rangers,-393.98986422555595,1.46,1.04,37.5,62.5
2026-02-24,Dundee United,Aberdeen,0.0,0.0,2.0,2.0,13.0,10.0,4.0,6.0,0.0,0.0,0.0,0.0,2.05,3.4,3.4,1.83,1.9,-0.25,1.8,1.95,,,,D Robertson,Scottish Premiership,,20260224_Dundee-United_Aberdeen,33.21968982350245,0.88,1.4,49.8,50.2
2026-02-28,Dundee,Hibernian,3.0,3.0,4.0,6.0,6.0,7.0,6.0,6.0,1.0,4.0,0.0,0.0,3.2,3.6,2.1,1.86,1.88,0.25,1.9,1.84,,,,R Hardie,Scottish Premiership,,20260228_Dundee_Hibernian,-167.88202162599987,0.17,1.25,40.0,60.0
2026-02-28,Falkirk,Kilmarnock,5.0,1.0,10.0,3.0,10.0,3.0,3.0,2.0,3.0,2.0,0.0,0.0,1.66,4.1,4.5,1.78,1.96,-0.75,1.81,1.93,,,,C Steven,Scottish Premiership,,20260228_Falkirk_Kilmarnock,94.63817019196222,2.17,0.05,55.0,45.0
2026-02-28,Hearts,Aberdeen,1.0,0.0,7.0,0.0,14.0,5.0,7.0,4.0,3.0,5.0,0.0,0.0,1.41,4.2,8.0,1.7,2.06,-1.25,1.91,1.83,,,,K Clancy,Scottish Premiership,,20260228_Hearts_Aberdeen,196.35019741247334,0.36,0.05,59.5,40.5
2026-02-28,Livingston,St Mirren,1.0,1.0,3.0,2.0,7.0,10.0,7.0,2.0,1.0,2.0,0.0,0.0,3.3,3.4,2.1,1.83,1.91,0.25,1.94,1.79,,,,D Robertson,Scottish Premiership,,20260228_Livingston_St-Mirren,-112.19714239245377,0.38,0.67,52.6,47.4
2026-02-28,Motherwell,Dundee United,2.0,0.0,5.0,3.0,11.0,4.0,5.0,3.0,2.0,3.0,0.0,0.0,1.45,4.2,6.5,1.64,2.17,-1.5,1.98,1.76,,,,N Walsh,Scottish Premiership,,20260228_Motherwell_Dundee-United,109.84750628884763,1.85,0.05,48.1,51.9
2026-03-01,Rangers,Celtic,2.0,2.0,3.0,7.0,9.0,10.0,6.0,7.0,2.0,1.0,0.0,0.0,2.1,3.6,3.1,1.61,2.22,-0.25,1.81,1.93,,,,J Beaton,Scottish Premiership,,20260301_Rangers_Celtic,-10.17082699737125,1.49,0.44,51.3,48.7
2026-03-03,Dundee United,St Mirren,2.0,1.0,4.0,2.0,14.0,7.0,8.0,4.0,2.0,1.0,0.0,0.0,2.32,3.25,2.85,2.12,1.67,0.0,1.78,1.96,,,,M MacDermid,Scottish Premiership,,20260303_Dundee-United_St-Mirren,33.84454490400594,1.06,1.35,56.2,43.8
2026-03-04,Aberdeen,Celtic,1.0,2.0,2.0,4.0,6.0,14.0,6.0,6.0,2.0,2.0,0.0,0.0,6.5,4.33,1.41,1.52,2.41,1.0,1.8,1.94,,,,N Walsh,Scottish Premiership,,20260304_Aberdeen_Celtic,-270.47946874757076,1.28,1.9,40.6,59.4
2026-03-07,Dundee,Motherwell,2.0,1.0,2.0,9.0,7.0,12.0,3.0,1.0,4.0,2.0,0.0,0.0,4.1,3.6,1.79,1.87,1.86,0.5,1.94,1.8,,,,D McFarlane,Scottish Premiership,,20260307_Dundee_Motherwell,-156.50656970963064,0.83,0.88,32.9,67.1
2026-03-14,Aberdeen,Falkirk,1.0,1.0,3.0,3.0,6.0,4.0,4.0,10.0,1.0,0.0,0.0,0.0,2.85,3.4,2.3,1.94,1.79,0.25,1.74,2.02,,,,C Scott,Scottish Premiership,,20260314_Aberdeen_Falkirk,-88.78035268078929,1.4,0.1,49.5,50.5
2026-03-14,Celtic,Motherwell,3.0,1.0,6.0,3.0,7.0,9.0,2.0,3.0,4.0,2.0,0.0,1.0,1.62,3.9,5.0,1.55,2.34,-0.75,1.8,1.94,,,,J Beaton,Scottish Premiership,,20260314_Celtic_Motherwell,136.759053776884,2.4,2.3,51.5,48.5
2026-03-14,Hibernian,Livingston,0.0,0.0,5.0,2.0,17.0,4.0,12.0,0.0,2.0,1.0,0.0,0.0,1.39,4.75,7.0,1.66,2.13,-1.25,1.9,1.84,,,,L Wilson,Scottish Premiership,,20260314_Hibernian_Livingston,265.65676132158933,1.09,0.25,58.9,41.1
2026-03-14,Kilmarnock,Hearts,1.0,0.0,4.0,3.0,7.0,12.0,2.0,9.0,2.0,2.0,0.0,0.0,4.75,3.8,1.66,1.69,2.07,0.75,1.91,1.84,,,,D Dickinson,Scottish Premiership,,20260314_Kilmarnock_Hearts,-235.72274045466702,0.8,0.54,42.5,57.5
2026-03-15,Dundee,Dundee United,2.0,2.0,1.0,10.0,5.0,10.0,4.0,7.0,1.0,4.0,0.0,0.0,2.25,3.4,3.0,2.0,1.74,-0.25,2.0,1.75,,,,D Nicolson,Scottish Premiership,,20260315_Dundee_Dundee-United,-23.771330220404252,1.32,0.13,56.2,43.8
2026-03-15,St Mirren,Rangers,0.0,1.0,1.0,7.0,5.0,10.0,1.0,11.0,0.0,1.0,0.0,0.0,5.25,3.9,1.57,1.66,2.13,1.0,1.94,1.82,,,,S McLean,Scottish Premiership,,20260315_St-Mirren_Rangers,-277.2273199890378,0.17,1.04,38.9,61.1
2026-03-21,Falkirk,St Mirren,1.0,2.0,2.0,4.0,9.0,7.0,7.0,4.0,1.0,2.0,0.0,0.0,1.81,3.5,4.2,1.88,1.86,-0.75,2.04,1.74,,,,R Hardie,Scottish Premiership,,20260321_Falkirk_St-Mirren,101.86299160891417,0.95,0.55,51.9,48.1
2026-03-21,Hearts,Dundee,1.0,0.0,6.0,1.0,9.0,7.0,4.0,7.0,1.0,2.0,1.0,0.0,1.39,4.75,6.5,1.7,2.07,-1.25,1.82,1.92,,,,D Robertson,Scottish Premiership,,20260321_Hearts_Dundee,172.63504927094664,0.91,1.89,57.1,42.9
2026-03-21,Kilmarnock,Livingston,2.0,0.0,4.0,1.0,13.0,9.0,3.0,4.0,0.0,1.0,0.0,1.0,1.86,3.6,3.75,1.72,2.04,-0.5,1.76,1.96,,,,R Lee,Scottish Premiership,,20260321_Kilmarnock_Livingston,93.79247031860928,0.58,0.29,55.8,44.2
2026-03-21,Motherwell,Hibernian,0.0,0.0,3.0,1.0,4.0,6.0,2.0,4.0,3.0,4.0,0.0,0.0,1.81,3.6,4.0,1.83,1.9,-0.5,1.88,1.83,,,,D Dickinson,Scottish Premiership,,20260321_Motherwell_Hibernian,-17.452210453230464,1.15,1.41,54.3,45.7
2026-03-21,Rangers,Aberdeen,4.0,1.0,7.0,1.0,11.0,5.0,2.0,4.0,0.0,4.0,0.0,0.0,1.25,5.75,9.0,1.49,2.51,-2.0,2.04,1.76,,,,M MacDermid,Scottish Premiership,,20260321_Rangers_Aberdeen,266.233040839423,1.87,0.3,58.0,42.0
2026-03-22,Dundee United,Celtic,2.0,0.0,8.0,3.0,11.0,10.0,7.0,6.0,2.0,2.0,0.0,0.0,5.0,4.75,1.49,1.48,2.51,1.0,1.92,1.83,,,,N Walsh,Scottish Premiership,,20260322_Dundee-United_Celtic,-243.68559128481525,0.22,0.6,44.0,56.0
2026-04-04,Hibernian,Kilmarnock,3.0,0.0,3.0,2.0,2.0,9.0,3.0,9.0,1.0,3.0,0.0,0.0,1.49,4.2,6.25,1.7,2.06,-1.0,1.89,1.83,,,,C Scott,Scottish Premiership,,20260404_Hibernian_Kilmarnock,146.97404386525773,1.62,0.05,62.1,37.9
2026-04-04,Motherwell,Falkirk,2.0,3.0,7.0,5.0,7.0,7.0,6.0,2.0,2.0,3.0,0.0,0.0,1.76,3.7,4.33,1.84,1.89,-0.5,1.87,1.84,,,,D Nicolson,Scottish Premiership,,20260404_Motherwell_Falkirk,64.81387601545612,1.63,0.55,59.0,41.0
2026-04-04,Rangers,Dundee United,4.0,2.0,10.0,4.0,11.0,10.0,10.0,1.0,1.0,2.0,0.0,0.0,1.22,6.5,11.0,1.48,2.51,-1.5,1.83,1.88,,,,J Beaton,Scottish Premiership,,20260404_Rangers_Dundee-United,211.57848493157235,1.3,0.89,57.6,42.4
2026-04-04,St Mirren,Aberdeen,2.0,0.0,4.0,0.0,7.0,7.0,8.0,5.0,1.0,3.0,0.0,0.0,2.15,3.25,3.3,1.9,1.84,-0.5,1.9,1.8,,,,N Walsh,Scottish Premiership,,20260404_St-Mirren_Aberdeen,0.5983465250692461,1.29,0.64,49.1,50.9
2026-04-05,Dundee,Celtic,1.0,2.0,3.0,8.0,5.0,9.0,1.0,4.0,0.0,2.0,1.0,0.0,6.0,4.5,1.46,1.55,2.34,1.0,1.92,1.8,,,,S McLean,Scottish Premiership,,20260405_Dundee_Celtic,-253.03851806126454,0.48,0.77,41.4,58.6
2026-04-05,Livingston,Hearts,2.0,2.0,3.0,6.0,12.0,13.0,5.0,5.0,2.0,1.0,0.0,1.0,6.5,4.2,1.46,1.68,2.1,1.25,1.73,1.99,,,,K Clancy,Scottish Premiership,,20260405_Livingston_Hearts,-306.6637587891298,0.62,0.8,44.6,55.4
2026-04-11,Aberdeen,Hibernian,2.0,0.0,5.0,1.0,12.0,3.0,3.0,3.0,2.0,2.0,0.0,1.0,3.4,3.4,2.05,1.86,1.87,0.25,1.88,1.84,,,,D Dickinson,Scottish Premiership,,20260411_Aberdeen_Hibernian,-171.86696998641514,1.33,0.62,41.8,58.2
2026-04-11,Celtic,St Mirren,1.0,0.0,4.0,1.0,3.0,4.0,3.0,7.0,0.0,2.0,0.0,0.0,1.27,5.25,8.0,1.45,2.63,-1.75,1.97,1.76,,,,D Nicolson,Scottish Premiership,,20260411_Celtic_St-Mirren,260.29799509134045,0.9,0.86,55.8,44.2
2026-04-11,Dundee United,Livingston,3.0,2.0,5.0,6.0,10.0,8.0,4.0,3.0,0.0,0.0,0.0,0.0,1.53,4.0,5.5,1.66,2.11,-0.75,1.77,1.96,,,,C Graham,Scottish Premiership,,20260411_Dundee-United_Livingston,154.9673343723191,0.55,1.28,57.4,42.6
2026-04-11,Hearts,Motherwell,3.0,1.0,5.0,3.0,7.0,9.0,6.0,4.0,1.0,2.0,0.0,0.0,1.91,3.4,4.0,1.86,1.86,-0.5,1.91,1.8,,,,M MacDermid,Scottish Premiership,,20260411_Hearts_Motherwell,70.19098686698726,1.72,1.52,52.6,47.4
2026-04-11,Kilmarnock,Dundee,2.0,2.0,3.0,6.0,10.0,2.0,4.0,2.0,4.0,2.0,0.0,0.0,2.1,3.5,3.25,1.84,1.89,-0.25,1.85,1.87,,,,R Hardie,Scottish Premiership,,20260411_Kilmarnock_Dundee,-12.264771572643212,1.61,1.6,48.5,51.5
2026-04-12,Falkirk,Rangers,3.0,6.0,3.0,9.0,4.0,11.0,2.0,1.0,3.0,4.0,0.0,0.0,4.75,3.5,1.71,1.74,2.01,0.5,1.87,1.83,,,,D Robertson,Scottish Premiership,,20260412_Falkirk_Rangers,-194.40514917371456,1.11,2.11,38.3,61.7
2026-04-25,Aberdeen,Kilmarnock,1.0,0.0,4.0,3.0,6.0,8.0,6.0,5.0,1.0,4.0,0.0,0.0,1.91,3.5,3.8,1.77,1.95,-0.5,1.89,1.81,,,,N Walsh,Scottish Premiership,,20260425_Aberdeen_Kilmarnock,6.59122351297583,1.69,0.08,53.5,46.5
2026-04-25,Celtic,Falkirk,3.0,1.0,7.0,3.0,7.0,8.0,9.0,7.0,2.0,3.0,0.0,0.0,1.41,4.75,6.25,1.38,2.85,-1.75,1.89,1.85,,,,R Lee,Scottish Premiership,,20260425_Celtic_Falkirk,197.33518897207432,0.98,0.56,54.6,45.4
2026-04-25,St Mirren,Livingston,0.0,2.0,4.0,2.0,13.0,2.0,8.0,7.0,2.0,2.0,0.0,0.0,1.62,3.75,5.0,1.75,1.99,-0.75,1.8,1.93,,,,D Dickinson,Scottish Premiership,,20260425_St-Mirren_Livingston,112.43635594981447,1.03,1.39,56.6,43.4
2026-04-26,Dundee United,Dundee,3.0,0.0,5.0,4.0,13.0,6.0,2.0,4.0,1.0,0.0,0.0,0.0,2.01,3.75,3.3,1.81,1.93,-0.25,1.79,1.94,,,,M MacDermid,Scottish Premiership,,20260426_Dundee-United_Dundee,54.3351853538511,0.97,0.99,58.6,41.4
2026-04-26,Hibernian,Hearts,1.0,2.0,1.0,6.0,3.0,17.0,0.0,11.0,3.0,3.0,2.0,0.0,2.82,3.3,2.4,1.94,1.79,0.0,1.91,1.81,,,,D Robertson,Scottish Premiership,,20260426_Hibernian_Hearts,-59.62720177193478,1.04,1.98,49.0,51.0
2026-04-26,Rangers,Motherwell,2.0,3.0,6.0,5.0,10.0,4.0,7.0,5.0,1.0,2.0,0.0,0.0,1.46,4.5,5.75,1.58,2.26,-0.75,1.75,1.99,,,,K Clancy,Scottish Premiership,,20260426_Rangers_Motherwell,173.53371619009795,1.23,1.64,57.1,42.9
2026-05-01,Livingston,Aberdeen,2.0,2.0,5.0,2.0,11.0,5.0,6.0,4.0,3.0,1.0,0.0,0.0,2.55,3.3,2.3,1.83,1.9,0.0,1.96,1.77,,,,C Scott,Scottish Premiership,,20260501_Livingston_Aberdeen,-105.77738850490778,1.17,0.22,45.1,54.9
2026-05-02,Dundee,St Mirren,1.0,0.0,5.0,6.0,5.0,5.0,5.0,6.0,1.0,2.0,0.0,0.0,2.45,3.25,2.75,1.9,1.83,-0.25,1.92,1.8,,,,S McLean,Scottish Premiership,,20260502_Dundee_St-Mirren,7.763445442312104,0.76,0.05,46.0,54.0
2026-05-02,Falkirk,Motherwell,1.0,0.0,5.0,3.0,13.0,11.0,2.0,5.0,4.0,5.0,0.0,0.0,2.65,3.4,2.5,1.7,2.06,0.25,1.76,1.98,,,,D McFarlane,Scottish Premiership,,20260502_Falkirk_Motherwell,-56.062060493629815,0.93,0.54,43.3,56.7
2026-05-02,Kilmarnock,Dundee United,3.0,0.0,8.0,5.0,3.0,14.0,4.0,8.0,0.0,1.0,0.0,0.0,2.25,3.5,2.85,1.67,2.1,-0.25,1.85,1.88,,,,K Clancy,Scottish Premiership,,20260502_Kilmarnock_Dundee-United,-87.66394336849135,1.52,1.11,40.8,59.2
2026-05-03,Hibernian,Celtic,1.0,2.0,1.0,6.0,3.0,21.0,0.0,13.0,3.0,3.0,1.0,0.0,4.0,4.1,1.71,1.49,2.47,1.0,1.95,1.78,,,,D Dickinson,Scottish Premiership,,20260503_Hibernian_Celtic,-150.66108101712234,1.34,1.28,44.1,55.9
2026-05-04,Hearts,Rangers,2.0,1.0,5.0,3.0,6.0,10.0,2.0,6.0,1.0,2.0,0.0,0.0,2.65,3.6,2.4,1.69,2.08,0.25,1.79,1.93,,,,J Beaton,Scottish Premiership,,20260504_Hearts_Rangers,-56.625507613670834,1.74,0.5,47.8,52.2
2026-05-09,Aberdeen,Dundee United,2.0,0.0,5.0,1.0,10.0,6.0,4.0,2.0,1.0,3.0,0.0,1.0,2.15,3.4,3.2,1.81,1.93,-0.25,1.79,1.93,,,,D Nicolson,Scottish Premiership,,20260509_Aberdeen_Dundee-United,-46.10740008466314,0.73,0.13,57.0,43.0
2026-05-09,Dundee,Livingston,3.0,0.0,4.0,3.0,12.0,7.0,7.0,5.0,1.0,1.0,0.0,0.0,1.71,4.0,4.2,1.73,2.01,-0.5,1.73,2.0,,,,C Steven,Scottish Premiership,,20260509_Dundee_Livingston,96.88054175431807,1.45,1.68,62.1,37.9
2026-05-09,Falkirk,Hibernian,1.0,3.0,1.0,4.0,7.0,6.0,6.0,5.0,0.0,1.0,0.0,0.0,2.25,3.5,2.85,1.77,1.98,-0.25,1.76,1.97,,,,R Lee,Scottish Premiership,,20260509_Falkirk_Hibernian,-37.32178842221856,1.39,2.11,47.0,53.0
2026-05-09,Motherwell,Hearts,1.0,1.0,1.0,5.0,7.0,6.0,2.0,6.0,1.0,3.0,0.0,0.0,2.7,3.5,2.4,1.89,1.85,0.25,1.74,2.0,,,,S McLean,Scottish Premiership,,20260509_Motherwell_Hearts,-109.68572307362206,0.09,1.73,46.6,53.4
2026-05-09,St Mirren,Kilmarnock,0.0,3.0,2.0,4.0,10.0,6.0,1.0,4.0,3.0,1.0,0.0,0.0,1.91,3.5,3.7,1.94,1.8,-0.5,1.95,1.77,,,,D Robertson,Scottish Premiership,,20260509_St-Mirren_Kilmarnock,-21.40869982784352,0.72,1.94,49.2,50.8
2026-05-10,Celtic,Rangers,3.0,1.0,4.0,3.0,5.0,6.0,1.0,7.0,6.0,2.0,0.0,0.0,2.01,3.7,3.25,1.49,2.48,-0.5,1.76,1.97,,,,N Walsh,Scottish Premiership,,20260510_Celtic_Rangers,35.52566511081136,0.75,1.52,60.3,39.7
2026-05-12,Aberdeen,St Mirren,0.0,2.0,1.0,5.0,7.0,4.0,6.0,1.0,1.0,2.0,0.0,0.0,2.15,3.5,3.1,1.88,1.85,-0.25,1.87,1.85,,,,D Dickinson,Scottish Premiership,,20260512_Aberdeen_St-Mirren,57.87966415450137,1.12,1.41,45.5,54.5
2026-05-12,Dundee United,Livingston,0.0,0.0,5.0,3.0,10.0,11.0,7.0,8.0,2.0,4.0,0.0,0.0,1.66,4.0,4.5,1.57,2.29,-0.75,1.82,1.9,,,,G Irvine,Scottish Premiership,,20260512_Dundee-United_Livingston,139.95040225516323,0.95,0.05,61.3,38.7
2026-05-12,Kilmarnock,Dundee,3.0,1.0,8.0,2.0,11.0,5.0,6.0,2.0,4.0,3.0,0.0,0.0,1.91,3.6,3.7,1.61,2.22,-1.0,1.89,1.83,,,,C Scott,Scottish Premiership,,20260512_Kilmarnock_Dundee,-7.2950260080972384,1.69,1.26,46.9,53.1
2026-05-13,Hearts,Falkirk,3.0,0.0,4.0,1.0,8.0,3.0,5.0,5.0,1.0,3.0,0.0,0.0,1.41,4.75,6.5,1.63,2.18,-1.25,1.82,1.9,,,,N Walsh,Scottish Premiership,,20260513_Hearts_Falkirk,144.95693036448938,1.62,0.93,49.7,50.3
2026-05-13,Motherwell,Celtic,2.0,3.0,5.0,3.0,10.0,7.0,4.0,3.0,2.0,3.0,0.0,0.0,4.33,4.1,1.66,1.49,2.5,0.75,2.01,1.73,,,,J Beaton,Scottish Premiership,,20260513_Motherwell_Celtic,-181.06948590372963,0.55,1.65,46.7,53.3
2026-05-13,Rangers,Hibernian,1.0,2.0,7.0,4.0,14.0,4.0,9.0,3.0,2.0,2.0,0.0,0.0,1.45,4.75,5.75,1.59,2.24,-1.0,1.83,1.89,,,,M MacDermid,Scottish Premiership,,20260513_Rangers_Hibernian,107.84172339219299,1.98,1.53,55.4,44.6
2026-05-16,Celtic,Hearts,3.0,1.0,5.0,2.0,9.0,10.0,9.0,6.0,6.0,3.0,0.0,0.0,1.56,4.2,5.0,1.57,2.36,-1.0,1.98,1.75,,,,D Robertson,Scottish Premiership,,20260516_Celtic_Hearts,77.71039996016907,0.9,1.8,55.8,44.2
2026-05-16,Falkirk,Rangers,2.0,5.0,3.0,7.0,5.0,8.0,7.0,4.0,3.0,0.0,0.0,0.0,3.8,3.8,1.79,1.5,2.48,0.75,1.96,1.77,,,,D Nicolson,Scottish Premiership,,20260516_Falkirk_Rangers,-158.2507191846853,0.42,2.8,39.4,60.6
2026-05-16,Hibernian,Motherwell,0.0,1.0,1.0,6.0,10.0,8.0,7.0,4.0,5.0,3.0,0.0,1.0,2.55,3.3,2.57,1.69,2.08,-0.25,1.79,1.94,,,,N Walsh,Scottish Premiership,,20260516_Hibernian_Motherwell,38.014009678248385,0.24,1.95,49.8,50.2
2026-05-17,Dundee,Aberdeen,3.0,2.0,6.0,2.0,5.0,7.0,7.0,2.0,0.0,0.0,0.0,0.0,2.35,3.3,2.85,1.68,2.08,0.0,1.83,1.89,,,,R Hardie,Scottish Premiership,,20260517_Dundee_Aberdeen,-4.924051830348617,1.64,1.47,53.1,46.9
2026-05-17,Livingston,Kilmarnock,1.0,4.0,4.0,4.0,5.0,10.0,6.0,1.0,1.0,2.0,0.0,0.0,2.7,3.5,2.35,1.61,2.2,0.0,1.88,1.84,,,,R Lee,Scottish Premiership,,20260517_Livingston_Kilmarnock,-114.72518508731787,0.94,1.33,44.3,55.7
2026-05-17,St Mirren,Dundee United,1.0,1.0,8.0,3.0,9.0,3.0,10.0,2.0,0.0,2.0,0.0,0.0,2.2,3.4,3.1,1.67,2.1,-0.25,1.92,1.79,,,,S McLean,Scottish Premiership,,20260517_St-Mirren_Dundee-United,-58.251636809391584,1.1,1.21,52.3,47.7
2026-07-31,Dundee United,Rangers,1.0,1.0,3.0,5.0,8.0,10.0,3.0,4.0,1.0,3.0,0.0,0.0,,,,,,,,,,,,,Scottish Premiership,,20260731_Dundee-United_Rangers,-195.47754478373918,1.28,1.55,41.5,58.5
2026-08-01,Aberdeen,Hearts,2.0,1.0,6.0,5.0,9.0,12.0,8.0,6.0,0.0,3.0,0.0,0.0,,,,,,,,,,,,,Scottish Premiership,,20260801_Aberdeen_Hearts,-218.98092393103866,2.21,1.03,39.3,60.7
2026-08-01,Falkirk,St Mirren,0.0,2.0,3.0,2.0,7.0,4.0,5.0,2.0,1.0,3.0,0.0,0.0,,,,,,,,,,,,,Scottish Premiership,,20260801_Falkirk_St-Mirren,77.72534521652324,0.64,0.55,55.8,44.2
2026-08-02,Hibernian,Motherwell,1.0,2.0,1.0,3.0,1.0,6.0,4.0,3.0,0.0,0.0,0.0,0.0,,,,,,,,,,,,,Scottish Premiership,,20260802_Hibernian_Motherwell,11.398523460090473,1.01,0.73,48.9,51.1
2026-08-02,St Johnstone,Kilmarnock,4.0,3.0,4.0,3.0,8.0,10.0,5.0,7.0,2.0,2.0,0.0,0.0,,,,,,,,,,,,,Scottish Premiership,,20260802_St-Johnstone_Kilmarnock,-96.71455791941139,0.85,0.05,47.6,52.4
2026-08-03,Celtic,Dundee,1.0,0.0,2.0,1.0,5.0,1.0,4.0,3.0,2.0,0.0,1.0,0.0,,,,,,,,,,,,,Scottish Premiership,,20260803_Celtic_Dundee,295.99497381070637,0.81,0.05,57.0,43.0
