date,home_team,away_team,home_goals,away_goals,sede_ciudad,sede_pais,sede_nombre,odd_home,odd_draw,odd_away,tournament,stadium,MATCH_ID,elo_diff,home_xg,away_xg,home_shots_on,away_shots_on,home_shots_off,away_shots_off,home_possession,away_possession,home_yellow,away_yellow,home_red,away_red,home_corners,away_corners
2021-11-19 14:00:00,Mohun Bagan Super Giant,Kerala Blasters FC,4.0,2.0,"Fatorda, Goa",India,Pandit Jawaharlal Nehru Stadium,,,,Indian Super League,,20211119_Mohun-Bagan-Super-Giant_Kerala-Blasters-FC,0.0,1.9,1.5,5,4,12,7,47.7,52.3,1,3,0,0,2,7
2021-11-20 14:00:00,Bengaluru FC,NorthEast United FC,4.0,2.0,"Bambolin, Goa",India,GMC Athletic Stadium,,,,Indian Super League,,20211120_Bengaluru-FC_NorthEast-United-FC,0.0,2.18,1.23,8,5,15,13,56.4,43.6,2,1,0,0,7,6
2021-11-21 14:00:00,SC East Bengal,Jamshedpur FC,1.0,1.0,"Vasco da Gama, Goa",India,Tilak Maidan,,,,Indian Super League,,20211121_SC-East-Bengal_Jamshedpur-FC,0.0,1.04,1.54,6,4,11,11,49.1,50.9,1,5,0,0,7,11
2021-11-22 14:00:00,Mumbai City FC,FC Goa,3.0,0.0,"Fatorda, Goa",India,Pandit Jawaharlal Nehru Stadium,,,,Indian Super League,,20211122_Mumbai-City-FC_FC-Goa,0.0,0.98,0.11,4,0,9,2,50.8,49.2,4,1,0,0,6,1
2021-11-23 14:00:00,Hyderabad,Chennaiyin FC,0.0,1.0,"Bambolin, Goa",India,GMC Athletic Stadium,,,,Indian Super League,,20211123_Hyderabad_Chennaiyin-FC,0.0,0.67,1.97,3,6,7,13,54.9,45.1,1,1,0,0,3,3
2021-11-24 14:00:00,Odisha FC,Bengaluru FC,3.0,1.0,"Vasco da Gama, Goa",India,Tilak Maidan,,,,Indian Super League,,20211124_Odisha-FC_Bengaluru-FC,-12.0,0.86,1.18,3,3,6,8,54.4,45.6,1,1,0,0,3,1
2021-11-25 14:00:00,NorthEast United FC,Kerala Blasters FC,0.0,0.0,"Fatorda, Goa",India,Pandit Jawaharlal Nehru Stadium,,,,Indian Super League,,20211125_NorthEast-United-FC_Kerala-Blasters-FC,0.0,0.05,0.74,1,2,2,5,51.9,48.1,1,3,0,0,1,3
2021-11-26 14:00:00,FC Goa,Jamshedpur FC,1.0,3.0,"Bambolin, Goa",India,GMC Athletic Stadium,,,,Indian Super League,,20211126_FC-Goa_Jamshedpur-FC,-12.0,0.48,1.61,3,5,7,8,48.5,51.5,1,1,0,0,8,1
2021-11-27 14:00:00,SC East Bengal,Mohun Bagan Super Giant,0.0,3.0,"Vasco da Gama, Goa",India,Tilak Maidan,,,,Indian Super League,,20211127_SC-East-Bengal_Mohun-Bagan-Super-Giant,-12.0,0.69,0.53,2,3,4,7,48.7,51.3,1,1,0,0,4,6
2021-11-27 16:00:00,Mumbai City FC,Hyderabad,1.0,3.0,"Fatorda, Goa",India,Pandit Jawaharlal Nehru Stadium,,,,Indian Super League,,20211127_Mumbai-City-FC_Hyderabad,24.0,1.43,0.97,2,3,2,5,51.3,48.7,1,1,0,0,3,4
2021-11-28 14:00:00,Bengaluru FC,Kerala Blasters FC,1.0,1.0,"Bambolin, Goa",India,GMC Athletic Stadium,,,,Indian Super League,,20211128_Bengaluru-FC_Kerala-Blasters-FC,11.585699413622933,1.07,0.57,3,2,5,4,55.9,44.1,4,1,0,0,5,5
2021-11-29 14:00:00,NorthEast United FC,Chennaiyin FC,1.0,2.0,"Fatorda, Goa",India,Pandit Jawaharlal Nehru Stadium,,,,Indian Super League,,20211129_NorthEast-United-FC_Chennaiyin-FC,-24.0,1.13,0.15,5,2,11,3,46.2,53.8,1,1,0,0,4,3
2021-11-30 14:00:00,Odisha FC,SC East Bengal,6.0,4.0,"Vasco da Gama, Goa",India,Tilak Maidan,,,,Indian Super League,,20211130_Odisha-FC_SC-East-Bengal,24.0,2.26,2.53,6,10,13,20,40.5,59.5,2,1,0,1,8,12
2021-12-01 14:00:00,Mohun Bagan Super Giant,Mumbai City FC,1.0,5.0,"Fatorda, Goa",India,Pandit Jawaharlal Nehru Stadium,,,,Indian Super League,,20211201_Mohun-Bagan-Super-Giant_Mumbai-City-FC,24.413314087066965,0.91,2.93,2,7,4,16,52.2,47.8,3,1,0,0,2,7
2021-12-02 14:00:00,Jamshedpur FC,Hyderabad,1.0,1.0,"Bambolin, Goa",India,GMC Athletic Stadium,,,,Indian Super League,,20211202_Jamshedpur-FC_Hyderabad,10.758084740178901,1.55,0.35,5,1,9,0,46.4,53.6,1,2,0,0,6,4
2021-12-03 14:00:00,Chennaiyin FC,SC East Bengal,0.0,0.0,"Vasco da Gama, Goa",India,Tilak Maidan,,,,Indian Super League,,20211203_Chennaiyin-FC_SC-East-Bengal,45.93047006673487,1.02,1.22,4,3,8,7,52.4,47.6,4,2,0,0,3,7
2021-12-04 14:00:00,NorthEast United FC,FC Goa,2.0,1.0,"Fatorda, Goa",India,Pandit Jawaharlal Nehru Stadium,,,,Indian Super League,,20211204_NorthEast-United-FC_FC-Goa,0.41331408706696493,1.27,1.01,5,2,12,5,52.3,47.7,3,1,1,0,5,2
2021-12-04 16:00:00,Bengaluru FC,Mumbai City FC,1.0,3.0,"Bambolin, Goa",India,GMC Athletic Stadium,,,,Indian Super League,,20211204_Bengaluru-FC_Mumbai-City-FC,-12.828514501144127,0.72,0.21,2,3,3,10,44.5,55.5,4,0,0,0,3,6
2021-12-05 14:00:00,Kerala Blasters FC,Odisha FC,2.0,1.0,"Vasco da Gama, Goa",India,Tilak Maidan,,,,Indian Super League,,20211205_Kerala-Blasters-FC_Odisha-FC,-35.186678286982215,1.49,0.05,4,1,8,2,51.3,48.7,3,0,0,0,3,2
2021-12-06 14:00:00,Jamshedpur FC,Mohun Bagan Super Giant,2.0,1.0,"Bambolin, Goa",India,GMC Athletic Stadium,,,,Indian Super League,,20211206_Jamshedpur-FC_Mohun-Bagan-Super-Giant,0.4703685857423352,1.11,0.09,2,1,3,3,56.6,43.4,0,3,0,0,2,5
2021-12-07 14:00:00,SC East Bengal,FC Goa,3.0,4.0,"Vasco da Gama, Goa",India,Tilak Maidan,,,,Indian Super League,,20211207_SC-East-Bengal_FC-Goa,14.390544259429362,1.83,1.27,6,4,13,7,55.3,44.7,2,0,0,0,9,3
2021-12-08 14:00:00,Hyderabad,Bengaluru FC,1.0,0.0,"Bambolin, Goa",India,GMC Athletic Stadium,,,,Indian Super League,,20211208_Hyderabad_Bengaluru-FC,13.570495315464996,0.49,0.89,1,3,2,7,55.7,44.3,2,0,0,0,3,5
2021-12-09 14:00:00,Mumbai City FC,Jamshedpur FC,4.0,2.0,"Fatorda, Goa",India,Pandit Jawaharlal Nehru Stadium,,,,Indian Super League,,20211209_Mumbai-City-FC_Jamshedpur-FC,0.3733252503670883,2.03,1.97,7,7,14,16,50.5,49.5,4,4,0,0,8,11
2021-12-10 14:00:00,Odisha FC,NorthEast United FC,1.0,0.0,"Vasco da Gama, Goa",India,Tilak Maidan,,,,Indian Super League,,20211210_Odisha-FC_NorthEast-United-FC,21.562179814361116,0.95,0.05,4,0,9,1,54.6,45.4,2,4,0,0,5,1
2021-12-11 14:00:00,Mohun Bagan Super Giant,Chennaiyin FC,1.0,1.0,"Fatorda, Goa",India,Pandit Jawaharlal Nehru Stadium,,,,Indian Super League,,20211211_Mohun-Bagan-Super-Giant_Chennaiyin-FC,-22.835055987627356,1.35,1.51,5,4,11,7,51.3,48.7,1,1,0,0,6,6
2021-12-11 16:00:00,FC Goa,Bengaluru FC,2.0,1.0,"Bambolin, Goa",India,GMC Athletic Stadium,,,,Indian Super League,,20211211_FC-Goa_Bengaluru-FC,0.8282818703530666,2.03,1.73,6,6,14,13,46.0,54.0,2,2,0,0,8,4
2021-12-12 14:00:00,SC East Bengal,Kerala Blasters FC,1.0,1.0,"Vasco da Gama, Goa",India,Tilak Maidan,,,,Indian Super League,,20211212_SC-East-Bengal_Kerala-Blasters-FC,-35.28880196131854,0.61,1.24,2,3,5,7,46.3,53.7,1,2,0,0,2,4
2021-12-13 14:00:00,Hyderabad,NorthEast United FC,5.0,1.0,"Bambolin, Goa",India,GMC Athletic Stadium,,,,Indian Super League,,20211213_Hyderabad_NorthEast-United-FC,35.173480986920595,1.91,0.95,5,3,11,7,50.2,49.8,1,2,0,0,2,5
2021-12-14 14:00:00,Odisha FC,Jamshedpur FC,0.0,4.0,"Vasco da Gama, Goa",India,Tilak Maidan,,,,Indian Super League,,20211214_Odisha-FC_Jamshedpur-FC,10.420847195674469,0.85,0.97,0,4,0,8,48.0,52.0,1,3,0,0,2,9
2021-12-15 14:00:00,Mumbai City FC,Chennaiyin FC,1.0,0.0,"Fatorda, Goa",India,Pandit Jawaharlal Nehru Stadium,,,,Indian Super League,,20211215_Mumbai-City-FC_Chennaiyin-FC,14.750812969756225,0.7,0.37,1,2,3,4,51.6,48.4,1,2,0,0,2,2
2021-12-16 14:00:00,Bengaluru FC,Mohun Bagan Super Giant,3.0,3.0,"Bambolin, Goa",India,GMC Athletic Stadium,,,,Indian Super League,,20211216_Bengaluru-FC_Mohun-Bagan-Super-Giant,-35.4220359851754,0.46,0.72,3,3,6,7,45.4,54.6,1,3,0,0,8,4
2021-12-17 14:00:00,NorthEast United FC,SC East Bengal,2.0,0.0,"Fatorda, Goa",India,Pandit Jawaharlal Nehru Stadium,,,,Indian Super League,,20211217_NorthEast-United-FC_SC-East-Bengal,-0.7691988446965752,0.77,0.44,5,2,11,6,51.5,48.5,2,4,0,0,8,2
2021-12-18 14:00:00,Chennaiyin FC,Odisha FC,2.0,1.0,"Vasco da Gama, Goa",India,Tilak Maidan,,,,Indian Super League,,20211218_Chennaiyin-FC_Odisha-FC,0.04486125524590534,0.05,0.27,2,1,3,2,49.6,50.4,1,2,0,0,6,2
2021-12-18 16:00:00,FC Goa,Hyderabad,1.0,1.0,"Bambolin, Goa",India,GMC Athletic Stadium,,,,Indian Super League,,20211218_FC-Goa_Hyderabad,-34.6231654415642,1.31,0.4,3,2,7,6,52.4,47.6,1,1,0,0,5,3
2021-12-19 14:00:00,Mumbai City FC,Kerala Blasters FC,0.0,3.0,"Fatorda, Goa",India,Pandit Jawaharlal Nehru Stadium,,,,Indian Super League,,20211219_Mumbai-City-FC_Kerala-Blasters-FC,46.652746578844244,1.68,1.6,5,6,11,12,50.2,49.8,2,1,0,0,5,6
2021-12-20 14:00:00,Jamshedpur FC,Bengaluru FC,0.0,0.0,"Bambolin, Goa",India,GMC Athletic Stadium,,,,Indian Super League,,20211220_Jamshedpur-FC_Bengaluru-FC,58.22584869948696,1.61,1.0,4,5,7,9,44.2,55.8,4,3,1,0,9,5
2021-12-21 14:00:00,NorthEast United FC,Mohun Bagan Super Giant,2.0,3.0,"Fatorda, Goa",India,Pandit Jawaharlal Nehru Stadium,,,,Indian Super League,,20211221_NorthEast-United-FC_Mohun-Bagan-Super-Giant,-19.534074497081747,2.21,1.01,6,6,15,12,50.5,49.5,3,3,1,1,9,4
2021-12-22 14:00:00,Chennaiyin FC,Kerala Blasters FC,0.0,3.0,"Vasco da Gama, Goa",India,Tilak Maidan,,,,Indian Super League,,20211222_Chennaiyin-FC_Kerala-Blasters-FC,7.317008618741056,1.28,1.31,4,3,9,6,50.3,49.7,1,0,0,0,4,7
2021-12-23 14:00:00,Hyderabad,SC East Bengal,1.0,1.0,"Bambolin, Goa",India,GMC Athletic Stadium,,,,Indian Super League,,20211223_Hyderabad_SC-East-Bengal,66.81751920768579,0.51,0.38,1,2,1,4,47.9,52.1,2,0,0,0,1,1
2021-12-24 14:00:00,Odisha FC,FC Goa,1.0,1.0,"Vasco da Gama, Goa",India,Tilak Maidan,,,,Indian Super League,,20211224_Odisha-FC_FC-Goa,7.184861733763455,1.61,0.93,4,3,9,9,50.6,49.4,2,0,0,0,6,1
2021-12-26 14:00:00,Kerala Blasters FC,Jamshedpur FC,1.0,1.0,"Vasco da Gama, Goa",India,Tilak Maidan,,,,Indian Super League,,20211226_Kerala-Blasters-FC_Jamshedpur-FC,4.67263425975716,1.46,1.65,6,5,11,11,40.4,59.6,0,0,1,0,6,6
2021-12-27 14:00:00,NorthEast United FC,Mumbai City FC,3.0,3.0,"Fatorda, Goa",India,Pandit Jawaharlal Nehru Stadium,,,,Indian Super League,,20211227_NorthEast-United-FC_Mumbai-City-FC,-65.979177469349,1.2,1.28,7,4,14,10,48.5,51.5,3,5,0,0,12,6
2021-12-28 14:00:00,Hyderabad,Odisha FC,6.0,1.0,"Bambolin, Goa",India,GMC Athletic Stadium,,,,Indian Super League,,20211228_Hyderabad_Odisha-FC,23.022868560271945,1.85,2.01,6,5,14,11,50.5,49.5,1,2,0,0,7,5
2021-12-29 14:00:00,Mohun Bagan Super Giant,FC Goa,2.0,1.0,"Fatorda, Goa",India,Pandit Jawaharlal Nehru Stadium,,,,Indian Super League,,20211229_Mohun-Bagan-Super-Giant_FC-Goa,19.317764452952815,1.68,1.72,6,4,15,10,49.4,50.6,1,3,0,0,10,4
2021-12-30 14:00:00,Chennaiyin FC,Bengaluru FC,2.0,4.0,"Vasco da Gama, Goa",India,Tilak Maidan,,,,Indian Super League,,20211230_Chennaiyin-FC_Bengaluru-FC,41.72526214125219,2.04,1.15,8,4,15,9,51.9,48.1,1,4,1,0,10,5
2022-01-02 14:00:00,Kerala Blasters FC,FC Goa,2.0,2.0,"Vasco da Gama, Goa",India,Tilak Maidan,,,,Indian Super League,,20220102_Kerala-Blasters-FC_FC-Goa,47.08627508783616,1.25,0.88,3,3,6,5,52.0,48.0,1,1,0,0,8,4
2022-01-02 16:00:00,Jamshedpur FC,Chennaiyin FC,0.0,1.0,"Bambolin, Goa",India,GMC Athletic Stadium,,,,Indian Super League,,20220102_Jamshedpur-FC_Chennaiyin-FC,26.111351615168815,1.04,1.48,3,5,7,11,58.4,41.6,2,1,0,0,4,6
2022-01-03 14:00:00,Odisha FC,Mumbai City FC,4.0,2.0,"Vasco da Gama, Goa",India,Tilak Maidan,,,,Indian Super League,,20220103_Odisha-FC_Mumbai-City-FC,-45.37633841004049,0.82,2.16,4,6,8,14,50.4,49.6,1,3,0,0,5,3
2022-01-04 14:00:00,Bengaluru FC,SC East Bengal,1.0,1.0,"Bambolin, Goa",India,GMC Athletic Stadium,,,,Indian Super League,,20220104_Bengaluru-FC_SC-East-Bengal,22.981322721717333,1.81,2.14,5,8,10,18,43.7,56.3,4,1,0,0,6,14
2022-01-05 14:00:00,Mohun Bagan Super Giant,Hyderabad,2.0,2.0,"Fatorda, Goa",India,Pandit Jawaharlal Nehru Stadium,,,,Indian Super League,,20220105_Mohun-Bagan-Super-Giant_Hyderabad,-10.266229302692409,1.13,0.55,3,2,6,4,54.0,46.0,2,3,0,0,2,5
2022-01-06 14:00:00,Jamshedpur FC,NorthEast United FC,3.0,2.0,"Bambolin, Goa",India,GMC Athletic Stadium,,,,Indian Super League,,20220106_Jamshedpur-FC_NorthEast-United-FC,39.119289354011926,0.96,0.76,3,2,9,5,45.8,54.2,2,0,0,0,3,2
2022-01-07 14:00:00,SC East Bengal,Mumbai City FC,0.0,0.0,"Vasco da Gama, Goa",India,Tilak Maidan,,,,Indian Super League,,20220107_SC-East-Bengal_Mumbai-City-FC,-59.054508374151055,0.05,1.51,0,6,1,15,50.5,49.5,2,1,0,0,3,5
2022-01-08 16:00:00,FC Goa,Chennaiyin FC,1.0,0.0,"Bambolin, Goa",India,GMC Athletic Stadium,,,,Indian Super League,,20220108_FC-Goa_Chennaiyin-FC,-27.90878577444505,0.75,1.3,4,2,9,5,43.6,56.4,2,1,1,0,5,4
2022-01-09 14:00:00,Kerala Blasters FC,Hyderabad,1.0,0.0,"Vasco da Gama, Goa",India,Tilak Maidan,,,,Indian Super League,,20220109_Kerala-Blasters-FC_Hyderabad,-6.426606480238888,0.96,0.89,4,1,10,5,53.9,46.1,2,3,0,0,3,1
2022-01-10 14:00:00,Mumbai City FC,Bengaluru FC,0.0,3.0,,,,,,,Indian Super League,,20220110_Mumbai-City-FC_Bengaluru-FC,35.63811565919673,0.48,0.9,2,3,4,8,47.5,52.5,1,3,0,0,4,4
2022-01-11 14:00:00,Jamshedpur FC,SC East Bengal,1.0,0.0,,,,,,,Indian Super League,,20220111_Jamshedpur-FC_SC-East-Bengal,58.89097976582025,0.81,0.84,4,2,8,3,42.2,57.8,0,1,0,0,5,1
2022-01-12 14:00:00,Odisha FC,Kerala Blasters FC,0.0,2.0,,,,,,,Indian Super League,,20220112_Odisha-FC_Kerala-Blasters-FC,-37.317291746095634,1.33,0.15,4,2,10,5,50.4,49.6,2,1,0,0,5,6
2022-01-13 14:00:00,Chennaiyin FC,Hyderabad,1.0,1.0,,,,,,,Indian Super League,,20220113_Chennaiyin-FC_Hyderabad,-23.111185079680126,0.86,0.28,2,1,6,1,48.7,51.3,4,2,0,0,6,5
2022-01-14 14:00:00,FC Goa,NorthEast United FC,1.0,1.0,,,,,,,Indian Super League,,20220114_FC-Goa_NorthEast-United-FC,34.51588780875454,1.48,1.44,5,5,10,12,55.8,44.2,0,1,0,0,8,4
2022-01-18 14:00:00,NorthEast United FC,Odisha FC,0.0,2.0,"Fatorda, Goa",India,Pandit Jawaharlal Nehru Stadium,,,,Indian Super League,,20220118_NorthEast-United-FC_Odisha-FC,-28.407839218442177,0.05,1.2,0,4,0,9,41.1,58.9,2,3,0,0,1,9
2022-01-19 14:00:00,FC Goa,SC East Bengal,1.0,2.0,"Bambolin, Goa",India,GMC Athletic Stadium,,,,Indian Super League,,20220119_FC-Goa_SC-East-Bengal,41.77548729843079,0.66,2.1,2,8,4,15,48.4,51.6,4,1,0,0,1,11
2022-01-22 14:00:00,Chennaiyin FC,NorthEast United FC,2.0,1.0,"Fatorda, Goa",India,Pandit Jawaharlal Nehru Stadium,,,,Indian Super League,,20220122_Chennaiyin-FC_NorthEast-United-FC,47.13077425414804,2.16,0.2,8,1,16,3,50.2,49.8,1,2,0,0,7,4
2022-01-23 14:00:00,Bengaluru FC,FC Goa,1.0,1.0,"Bambolin, Goa",India,GMC Athletic Stadium,,,,Indian Super League,,20220123_Bengaluru-FC_FC-Goa,14.248195516800934,1.09,0.24,3,1,6,3,54.1,45.9,5,2,0,0,8,4
2022-01-23 16:00:00,Mohun Bagan Super Giant,Odisha FC,0.0,0.0,"Fatorda, Goa",India,Pandit Jawaharlal Nehru Stadium,,,,Indian Super League,,20220123_Mohun-Bagan-Super-Giant_Odisha-FC,21.65971816314095,0.29,1.77,1,5,4,11,48.3,51.7,4,2,0,0,6,9
2022-01-24 14:00:00,SC East Bengal,Hyderabad,0.0,4.0,"Vasco da Gama, Goa",India,Tilak Maidan,,,,Indian Super League,,20220124_SC-East-Bengal_Hyderabad,-53.82693599661684,1.46,1.26,4,4,11,9,42.3,57.7,0,4,0,0,6,3
2022-01-25 14:00:00,Mumbai City FC,NorthEast United FC,1.0,1.0,"Fatorda, Goa",India,Pandit Jawaharlal Nehru Stadium,,,,Indian Super League,,20220125_Mumbai-City-FC_NorthEast-United-FC,63.53966361353196,0.55,1.64,1,5,3,11,52.8,47.2,1,1,0,0,5,10
2022-01-26 14:00:00,Bengaluru FC,Chennaiyin FC,3.0,0.0,"Bambolin, Goa",India,GMC Athletic Stadium,,,,Indian Super League,,20220126_Bengaluru-FC_Chennaiyin-FC,-14.032015504644278,1.65,0.79,5,1,9,3,49.2,50.8,1,1,0,0,7,2
2022-01-27 14:00:00,Odisha FC,Hyderabad,2.0,3.0,"Vasco da Gama, Goa",India,Tilak Maidan,,,,Indian Super League,,20220127_Odisha-FC_Hyderabad,-27.60647303034557,1.79,1.18,5,3,11,4,46.6,53.4,0,1,0,0,6,4
2022-01-28 14:00:00,Jamshedpur FC,FC Goa,1.0,0.0,"Bambolin, Goa",India,GMC Athletic Stadium,,,,Indian Super League,,20220128_Jamshedpur-FC_FC-Goa,50.03008579399602,0.62,0.86,5,5,9,12,56.6,43.4,2,1,0,0,9,4
2022-01-29 14:00:00,Mohun Bagan Super Giant,SC East Bengal,3.0,1.0,"Fatorda, Goa",India,Pandit Jawaharlal Nehru Stadium,,,,Indian Super League,,20220129_Mohun-Bagan-Super-Giant_SC-East-Bengal,66.6971488073998,1.9,0.05,7,1,14,4,49.8,50.2,2,3,0,0,6,1
2022-01-30 14:00:00,Kerala Blasters FC,Bengaluru FC,0.0,1.0,"Vasco da Gama, Goa",India,Tilak Maidan,,,,Indian Super League,,20220130_Kerala-Blasters-FC_Bengaluru-FC,42.213002848356155,1.21,1.05,5,3,9,7,54.5,45.5,2,2,0,0,6,5
2022-01-31 14:00:00,NorthEast United FC,Hyderabad,0.0,5.0,"Fatorda, Goa",India,Pandit Jawaharlal Nehru Stadium,,,,Indian Super League,,20220131_NorthEast-United-FC_Hyderabad,-98.06360404289535,0.05,1.08,1,5,1,12,42.6,57.4,1,1,0,0,4,4
2022-02-01 14:00:00,FC Goa,Odisha FC,1.0,1.0,"Bambolin, Goa",India,GMC Athletic Stadium,,,,Indian Super League,,20220201_FC-Goa_Odisha-FC,-20.21603341678997,1.2,1.77,3,7,8,16,48.4,51.6,1,2,0,0,0,8
2022-02-02 14:00:00,SC East Bengal,Chennaiyin FC,2.0,2.0,"Vasco da Gama, Goa",India,Tilak Maidan,,,,Indian Super League,,20220202_SC-East-Bengal_Chennaiyin-FC,-50.087417653571265,0.17,0.9,2,3,3,5,44.6,55.4,1,2,0,0,10,4
2022-02-03 14:00:00,Mumbai City FC,Mohun Bagan Super Giant,1.0,1.0,"Fatorda, Goa",India,Pandit Jawaharlal Nehru Stadium,,,,Indian Super League,,20220203_Mumbai-City-FC_Mohun-Bagan-Super-Giant,-30.09953941208073,1.97,0.46,6,1,13,1,51.0,49.0,3,3,1,0,6,2
2022-02-04 14:00:00,Kerala Blasters FC,NorthEast United FC,2.0,1.0,"Vasco da Gama, Goa",India,Tilak Maidan,,,,Indian Super League,,20220204_Kerala-Blasters-FC_NorthEast-United-FC,101.63916872286063,1.77,0.4,6,1,12,2,45.8,54.2,1,2,0,1,5,1
2022-02-05 14:00:00,Bengaluru FC,Jamshedpur FC,3.0,1.0,,,,,,,Indian Super League,,20220205_Bengaluru-FC_Jamshedpur-FC,-21.11419802034152,0.3,2.01,3,7,7,18,48.2,51.8,1,2,0,0,5,15
2022-02-06 14:00:00,Chennaiyin FC,Mumbai City FC,0.0,1.0,"Fatorda, Goa",India,Pandit Jawaharlal Nehru Stadium,,,,Indian Super League,,20220206_Chennaiyin-FC_Mumbai-City-FC,-8.713770831747752,0.84,0.88,3,2,8,3,49.4,50.6,2,4,1,0,8,2
2022-02-07 14:00:00,SC East Bengal,Odisha FC,1.0,2.0,"Vasco da Gama, Goa",India,Tilak Maidan,,,,Indian Super League,,20220207_SC-East-Bengal_Odisha-FC,-42.79191469641023,1.85,1.06,7,3,13,7,46.7,53.3,1,1,0,0,7,8
2022-02-08 14:00:00,Hyderabad,Mohun Bagan Super Giant,1.0,2.0,"Bambolin, Goa",India,GMC Athletic Stadium,,,,Indian Super League,,20220208_Hyderabad_Mohun-Bagan-Super-Giant,18.502454738091046,0.8,0.78,3,3,5,7,45.5,54.5,2,2,0,1,10,3
2022-02-09 14:00:00,Chennaiyin FC,FC Goa,0.0,5.0,"Vasco da Gama, Goa",India,Tilak Maidan,,,,Indian Super League,,20220209_Chennaiyin-FC_FC-Goa,10.981391352326682,1.51,2.42,4,7,8,16,54.3,45.7,1,2,0,0,5,5
2022-02-10 14:00:00,Jamshedpur FC,Kerala Blasters FC,3.0,0.0,"Bambolin, Goa",India,GMC Athletic Stadium,,,,Indian Super League,,20220210_Jamshedpur-FC_Kerala-Blasters-FC,-15.511797378193705,1.94,0.69,6,2,14,3,58.4,41.6,1,1,0,0,9,5
2022-02-11 14:00:00,Bengaluru FC,Hyderabad,1.0,2.0,"Bambolin, Goa",India,GMC Athletic Stadium,,,,Indian Super League,,20220211_Bengaluru-FC_Hyderabad,-3.769256989471387,0.26,0.57,1,2,4,4,44.1,55.9,0,1,0,0,5,4
2022-02-12 14:00:00,Mohun Bagan Super Giant,NorthEast United FC,3.0,1.0,"Fatorda, Goa",India,Pandit Jawaharlal Nehru Stadium,,,,Indian Super League,,20220212_Mohun-Bagan-Super-Giant_NorthEast-United-FC,118.18627144603147,1.51,0.05,3,1,6,1,48.1,51.9,3,2,0,0,7,3
2022-02-13 14:00:00,Mumbai City FC,Odisha FC,4.0,1.0,"Fatorda, Goa",India,Pandit Jawaharlal Nehru Stadium,,,,Indian Super League,,20220213_Mumbai-City-FC_Odisha-FC,13.742781205171696,2.12,0.05,6,1,13,2,51.3,48.7,4,4,0,0,4,4
2022-02-14 14:00:00,Kerala Blasters FC,SC East Bengal,1.0,0.0,"Vasco da Gama, Goa",India,Tilak Maidan,,,,Indian Super League,,20220214_Kerala-Blasters-FC_SC-East-Bengal,94.6486322598198,0.56,1.32,2,3,3,5,53.4,46.6,2,2,1,0,5,2
2022-02-15 14:00:00,FC Goa,Mohun Bagan Super Giant,0.0,2.0,"Bambolin, Goa",India,GMC Athletic Stadium,,,,Indian Super League,,20220215_FC-Goa_Mohun-Bagan-Super-Giant,-67.74755409378577,1.0,0.59,5,2,13,5,45.9,54.1,1,3,0,0,3,0
2022-02-16 14:00:00,Odisha FC,Chennaiyin FC,2.0,2.0,"Vasco da Gama, Goa",India,Tilak Maidan,,,,Indian Super League,,20220216_Odisha-FC_Chennaiyin-FC,19.22275885998829,1.15,0.33,4,2,7,5,45.7,54.3,3,5,0,0,4,8
2022-02-17 14:00:00,Jamshedpur FC,Mumbai City FC,3.0,2.0,"Bambolin, Goa",India,GMC Athletic Stadium,,,,Indian Super League,,20220217_Jamshedpur-FC_Mumbai-City-FC,15.088459996176653,2.15,0.72,6,2,13,3,51.6,48.4,1,2,0,0,10,2
2022-02-18 14:00:00,NorthEast United FC,Bengaluru FC,2.0,1.0,"Fatorda, Goa",India,Pandit Jawaharlal Nehru Stadium,,,,Indian Super League,,20220218_NorthEast-United-FC_Bengaluru-FC,-103.84122982217332,0.11,0.56,2,2,5,5,46.9,53.1,1,2,0,0,7,4
2022-02-19 14:00:00,Kerala Blasters FC,Mohun Bagan Super Giant,2.0,2.0,"Vasco da Gama, Goa",India,Tilak Maidan,,,,Indian Super League,,20220219_Kerala-Blasters-FC_Mohun-Bagan-Super-Giant,-20.858113404790856,1.71,1.58,3,4,5,8,43.1,56.9,1,1,1,0,6,5
2022-02-19 16:00:00,Hyderabad,FC Goa,3.0,2.0,"Bambolin, Goa",India,GMC Athletic Stadium,,,,Indian Super League,,20220219_Hyderabad_FC-Goa,74.46374790929008,0.62,1.38,3,4,8,8,56.1,43.9,0,2,0,0,8,5
2022-02-20 14:00:00,Chennaiyin FC,Jamshedpur FC,1.0,4.0,"Vasco da Gama, Goa",India,Tilak Maidan,,,,Indian Super League,,20220220_Chennaiyin-FC_Jamshedpur-FC,-81.92111364593165,0.26,1.71,1,5,0,9,48.4,51.6,2,0,0,1,5,6
2022-02-21 14:00:00,Bengaluru FC,Odisha FC,2.0,1.0,"Bambolin, Goa",India,GMC Athletic Stadium,,,,Indian Super League,,20220221_Bengaluru-FC_Odisha-FC,16.99953823505757,1.33,1.37,4,6,9,14,56.6,43.4,0,1,0,0,4,7
2022-02-22 14:00:00,Mumbai City FC,SC East Bengal,1.0,0.0,"Fatorda, Goa",India,Pandit Jawaharlal Nehru Stadium,,,,Indian Super League,,20220222_Mumbai-City-FC_SC-East-Bengal,86.44948016486546,1.46,1.42,4,6,9,13,50.5,49.5,1,1,0,0,8,5
2022-02-23 14:00:00,Hyderabad,Kerala Blasters FC,2.0,1.0,"Bambolin, Goa",India,GMC Athletic Stadium,,,,Indian Super League,,20220223_Hyderabad_Kerala-Blasters-FC,16.942951223124737,1.7,0.88,5,1,11,5,52.5,47.5,2,3,0,0,4,6
2022-02-24 14:00:00,Odisha FC,Mohun Bagan Super Giant,1.0,1.0,"Vasco da Gama, Goa",India,Tilak Maidan,,,,Indian Super League,,20220224_Odisha-FC_Mohun-Bagan-Super-Giant,-83.3480428706655,1.0,0.81,3,4,6,9,47.1,52.9,2,2,0,0,3,7
2022-02-25 14:00:00,NorthEast United FC,Jamshedpur FC,2.0,3.0,"Fatorda, Goa",India,Pandit Jawaharlal Nehru Stadium,,,,Indian Super League,,20220225_NorthEast-United-FC_Jamshedpur-FC,-129.1215185274441,1.54,2.25,3,7,5,12,41.1,58.9,0,3,0,0,4,7
2022-02-26 14:00:00,Kerala Blasters FC,Chennaiyin FC,3.0,0.0,"Vasco da Gama, Goa",India,Tilak Maidan,,,,Indian Super League,,20220226_Kerala-Blasters-FC_Chennaiyin-FC,68.21851987844775,0.46,0.93,3,2,6,4,52.8,47.2,2,3,0,0,8,3
2022-02-26 16:00:00,FC Goa,Mumbai City FC,0.0,2.0,"Bambolin, Goa",India,GMC Athletic Stadium,,,,Indian Super League,,20220226_FC-Goa_Mumbai-City-FC,-58.99095242226599,0.05,1.36,0,6,0,11,45.4,54.6,3,1,0,0,0,5
2022-02-27 14:00:00,Mohun Bagan Super Giant,Bengaluru FC,2.0,0.0,"Fatorda, Goa",India,Pandit Jawaharlal Nehru Stadium,,,,Indian Super League,,20220227_Mohun-Bagan-Super-Giant_Bengaluru-FC,40.69709665757841,1.19,0.24,4,1,10,4,52.9,47.1,1,3,0,0,9,4
2022-02-28 14:00:00,SC East Bengal,NorthEast United FC,1.0,1.0,"Vasco da Gama, Goa",India,Tilak Maidan,,,,Indian Super League,,20220228_SC-East-Bengal_NorthEast-United-FC,-5.936036104380719,0.72,1.14,1,5,3,12,48.3,51.7,1,2,0,0,1,4
2022-03-01 14:00:00,Hyderabad,Jamshedpur FC,0.0,3.0,"Bambolin, Goa",India,GMC Athletic Stadium,,,,Indian Super League,,20220301_Hyderabad_Jamshedpur-FC,-0.10765193796669337,0.99,1.31,2,3,2,7,54.5,45.5,1,3,0,0,2,2
2022-03-02 14:00:00,Kerala Blasters FC,Mumbai City FC,3.0,1.0,"Vasco da Gama, Goa",India,Tilak Maidan,,,,Indian Super League,,20220302_Kerala-Blasters-FC_Mumbai-City-FC,5.739889298340358,1.27,0.53,4,3,9,6,46.6,53.4,2,1,0,0,3,3
2022-03-03 14:00:00,Chennaiyin FC,Mohun Bagan Super Giant,0.0,1.0,"Fatorda, Goa",India,Pandit Jawaharlal Nehru Stadium,,,,Indian Super League,,20220303_Chennaiyin-FC_Mohun-Bagan-Super-Giant,-116.5024516404535,0.84,1.19,3,4,7,9,40.7,59.3,0,0,0,0,2,5
2022-03-04 14:00:00,Jamshedpur FC,Odisha FC,5.0,1.0,"Bambolin, Goa",India,GMC Athletic Stadium,,,,Indian Super League,,20220304_Jamshedpur-FC_Odisha-FC,101.56642974553301,2.34,0.81,6,2,12,4,55.9,44.1,2,4,0,1,11,4
2022-03-05 14:00:00,SC East Bengal,Bengaluru FC,0.0,1.0,"Vasco da Gama, Goa",India,Tilak Maidan,,,,Indian Super League,,20220305_SC-East-Bengal_Bengaluru-FC,-87.15282458897286,0.65,0.63,2,2,6,6,44.6,55.4,5,1,1,0,6,5
2022-03-05 16:00:00,Hyderabad,Mumbai City FC,2.0,1.0,"Fatorda, Goa",India,Pandit Jawaharlal Nehru Stadium,,,,Indian Super League,,20220305_Hyderabad_Mumbai-City-FC,35.64524203475662,1.76,0.62,8,1,14,1,49.0,51.0,0,3,0,0,8,3
2022-03-06 14:00:00,FC Goa,Kerala Blasters FC,4.0,4.0,"Bambolin, Goa",India,GMC Athletic Stadium,,,,Indian Super League,,20220306_FC-Goa_Kerala-Blasters-FC,-96.49637228408028,1.72,1.26,6,4,13,8,52.4,47.6,3,3,0,0,3,4
2022-03-07 14:00:00,Mohun Bagan Super Giant,Jamshedpur FC,0.0,1.0,"Fatorda, Goa",India,Pandit Jawaharlal Nehru Stadium,,,,Indian Super League,,20220307_Mohun-Bagan-Super-Giant_Jamshedpur-FC,-13.735309633020279,0.73,1.13,3,3,8,6,47.5,52.5,3,2,0,0,7,6
2022-03-11 14:00:00,Jamshedpur FC,Kerala Blasters FC,0.0,1.0,"Fatorda, Goa",India,Pandit Jawaharlal Nehru Stadium,,,,Indian Super League,,20220311_Jamshedpur-FC_Kerala-Blasters-FC,53.766255173437,0.05,0.09,2,1,6,3,51.7,48.3,2,2,0,0,2,2
2022-03-12 14:00:00,Hyderabad,Mohun Bagan Super Giant,3.0,1.0,"Bambolin, Goa",India,GMC Athletic Stadium,,,,Indian Super League,,20220312_Hyderabad_Mohun-Bagan-Super-Giant,3.3454524143221533,0.34,0.05,3,1,6,2,50.3,49.7,0,0,0,0,4,0
2022-03-15 14:00:00,Kerala Blasters FC,Jamshedpur FC,1.0,1.0,"Vasco da Gama, Goa",India,Tilak Maidan,,,,Indian Super League,,20220315_Kerala-Blasters-FC_Jamshedpur-FC,-26.081580636066974,0.66,0.84,3,5,6,11,45.7,54.3,1,2,0,0,3,8
2022-03-16 14:00:00,Mohun Bagan Super Giant,Hyderabad,1.0,0.0,"Bambolin, Goa",India,GMC Athletic Stadium,,,,Indian Super League,,20220316_Mohun-Bagan-Super-Giant_Hyderabad,-27.114363890495497,0.28,0.93,2,4,3,8,52.1,47.9,1,2,0,0,3,4
2022-03-20 14:00:00,Hyderabad,Kerala Blasters FC,1.0,1.0,"Fatorda, Goa",India,Pandit Jawaharlal Nehru Stadium,,,,Indian Super League,,20220320_Hyderabad_Kerala-Blasters-FC,4.5330861422717135,0.75,1.05,3,4,5,8,46.7,53.3,1,1,0,0,5,2
2022-10-07 14:00:00,Kerala Blasters FC,SC East Bengal,3.0,1.0,Kochi,India,"Jawaharlal Nehru Stadium, Kochi",,,,Indian Super League,,20221007_Kerala-Blasters-FC_SC-East-Bengal,152.61629597466435,1.93,0.59,5,1,12,1,55.0,45.0,2,1,0,0,8,8
2022-10-08 14:00:00,Bengaluru FC,NorthEast United FC,1.0,0.0,Bangalore,India,Sree Kanteerava Stadium,,,,Indian Super League,,20221008_Bengaluru-FC_NorthEast-United-FC,90.67823051225196,1.83,0.59,6,3,14,6,57.9,42.1,1,3,0,0,8,2
2022-10-09 14:00:00,Hyderabad,Mumbai City FC,3.0,3.0,Pune,India,Shree Shiv Chhatrapati Sports Complex,,,,Indian Super League,,20221009_Hyderabad_Mumbai-City-FC,55.98485592688212,1.18,1.24,5,3,12,6,56.4,43.6,2,0,0,0,4,4
2022-10-10 14:00:00,Mohun Bagan Super Giant,Chennaiyin FC,1.0,2.0,Kolkata,India,Vivekananda Yuba Bharati Krirangan Stadium,,,,Indian Super League,,20221010_Mohun-Bagan-Super-Giant_Chennaiyin-FC,122.26769866742893,1.03,0.97,3,3,9,7,50.4,49.6,2,3,0,0,5,5
2022-10-11 15:05:00,Jamshedpur FC,Odisha FC,2.0,3.0,Jamshedpur,India,JRD Tata Sports Complex Stadium,,,,Indian Super League,,20221011_Jamshedpur-FC_Odisha-FC,115.52809363162964,0.84,2.18,3,6,6,15,56.6,43.4,1,1,0,0,2,10
2022-10-12 14:00:00,SC East Bengal,FC Goa,1.0,2.0,Kolkata,India,Vivekananda Yuba Bharati Krirangan Stadium,,,,Indian Super League,,20221012_SC-East-Bengal_FC-Goa,-54.764936110601866,1.32,2.25,5,8,12,15,49.3,50.7,2,3,0,0,2,9
2022-10-13 14:00:00,NorthEast United FC,Hyderabad,0.0,3.0,Guwahati,India,Indira Gandhi Athletic Stadium,,,,Indian Super League,,20221013_NorthEast-United-FC_Hyderabad,-149.27902842191384,1.31,0.67,5,3,10,6,42.9,57.1,3,3,0,0,6,3
2022-10-14 14:00:00,Chennaiyin FC,Bengaluru FC,1.0,1.0,Chennai,India,"Jawaharlal Nehru Stadium, Chennai",,,,Indian Super League,,20221014_Chennaiyin-FC_Bengaluru-FC,-64.65617435349009,1.18,1.22,3,4,6,8,43.6,56.4,2,1,0,0,2,4
2022-10-15 14:00:00,Mumbai City FC,Odisha FC,2.0,0.0,Mumbai,India,Mumbai Football Arena,,,,Indian Super League,,20221015_Mumbai-City-FC_Odisha-FC,25.7041817930442,0.66,1.46,5,3,12,6,55.2,44.8,1,2,0,0,7,5
2022-10-16 14:00:00,Kerala Blasters FC,Mohun Bagan Super Giant,2.0,5.0,Kochi,India,"Jawaharlal Nehru Stadium, Kochi",,,,Indian Super League,,20221016_Kerala-Blasters-FC_Mohun-Bagan-Super-Giant,19.969085450286457,1.7,3.0,4,9,10,19,54.8,45.2,1,2,0,0,8,7
2022-10-20 14:00:00,NorthEast United FC,SC East Bengal,1.0,3.0,Guwahati,India,Indira Gandhi Athletic Stadium,,,,Indian Super League,,20221020_NorthEast-United-FC_SC-East-Bengal,15.668170942773713,1.11,1.43,3,5,8,12,42.6,57.4,3,2,0,0,1,4
2022-10-21 14:00:00,Chennaiyin FC,FC Goa,0.0,2.0,Chennai,India,"Jawaharlal Nehru Stadium, Chennai",,,,Indian Super League,,20221021_Chennaiyin-FC_FC-Goa,-6.100803465666559,1.11,1.48,3,4,7,7,55.2,44.8,0,2,0,0,6,1
2022-10-22 12:00:00,Mumbai City FC,Jamshedpur FC,1.0,1.0,Mumbai,India,Mumbai Football Arena,,,,Indian Super League,,20221022_Mumbai-City-FC_Jamshedpur-FC,-47.01136126917663,1.2,1.03,4,3,9,6,46.1,53.9,1,1,0,0,9,5
2022-10-22 14:00:00,Hyderabad,Bengaluru FC,1.0,0.0,Hyderabad,India,G.M.C. Balayogi Athletic Stadium,,,,Indian Super League,,20221022_Hyderabad_Bengaluru-FC,50.073451233867445,0.88,0.42,2,2,4,3,50.9,49.1,2,3,0,0,2,1
2022-10-23 14:00:00,Odisha FC,Kerala Blasters FC,2.0,1.0,Bhubaneswar,India,Kalinga Stadium,,,,Indian Super League,,20221023_Odisha-FC_Kerala-Blasters-FC,-81.02043938037309,0.42,1.54,2,6,2,14,45.3,54.7,5,3,0,0,5,11
2022-10-27 14:00:00,Odisha FC,Bengaluru FC,1.0,0.0,Bhubaneswar,India,Kalinga Stadium,,,,Indian Super League,,20221027_Odisha-FC_Bengaluru-FC,-21.003699548891518,1.2,0.6,4,2,9,4,55.2,44.8,1,5,0,0,5,8
2022-10-28 14:00:00,Kerala Blasters FC,Mumbai City FC,0.0,2.0,Kochi,India,"Jawaharlal Nehru Stadium, Kochi",,,,Indian Super League,,20221028_Kerala-Blasters-FC_Mumbai-City-FC,16.726027978054844,0.14,1.75,1,6,0,15,54.4,45.6,3,1,0,0,1,13
2022-10-29 12:00:00,Hyderabad,FC Goa,1.0,0.0,Hyderabad,India,G.M.C. Balayogi Athletic Stadium,,,,Indian Super League,,20221029_Hyderabad_FC-Goa,102.70647840495667,1.78,1.1,3,4,6,7,49.7,50.3,0,3,0,0,5,8
2022-10-29 14:00:00,Mohun Bagan Super Giant,SC East Bengal,2.0,0.0,Kolkata,India,Vivekananda Yuba Bharati Krirangan Stadium,,,,Indian Super League,,20221029_Mohun-Bagan-Super-Giant_SC-East-Bengal,157.00652382938256,2.05,0.73,5,2,11,5,51.5,48.5,3,2,0,0,3,4
2022-10-30 14:00:00,Jamshedpur FC,NorthEast United FC,1.0,0.0,Jamshedpur,India,JRD Tata Sports Complex Stadium,,,,Indian Super League,,20221030_Jamshedpur-FC_NorthEast-United-FC,173.32000207864053,1.63,0.52,7,2,17,4,58.7,41.3,1,2,0,0,11,5
2022-11-03 14:00:00,FC Goa,Jamshedpur FC,3.0,0.0,"Fatorda, Goa",India,Pandit Jawaharlal Nehru Stadium,,,,Indian Super League,,20221103_FC-Goa_Jamshedpur-FC,-104.66303301591961,1.41,0.08,6,0,14,0,53.3,46.7,1,1,0,0,7,1
2022-11-04 14:00:00,SC East Bengal,Chennaiyin FC,0.0,1.0,Kolkata,India,Vivekananda Yuba Bharati Krirangan Stadium,,,,Indian Super League,,20221104_SC-East-Bengal_Chennaiyin-FC,-51.50050187083502,0.86,0.27,2,1,4,3,47.0,53.0,1,3,0,0,4,0
2022-11-05 12:00:00,Hyderabad,Odisha FC,1.0,0.0,Hyderabad,India,G.M.C. Balayogi Athletic Stadium,,,,Indian Super League,,20221105_Hyderabad_Odisha-FC,87.469877855817,0.88,0.89,4,3,11,7,55.2,44.8,2,1,0,0,8,5
2022-11-05 14:00:00,NorthEast United FC,Kerala Blasters FC,0.0,3.0,Guwahati,India,Indira Gandhi Athletic Stadium,,,,Indian Super League,,20221105_NorthEast-United-FC_Kerala-Blasters-FC,-140.1505782610359,0.43,1.01,0,3,0,8,42.1,57.9,1,1,0,0,4,9
2022-11-06 14:00:00,Mumbai City FC,Mohun Bagan Super Giant,2.0,2.0,Mumbai,India,Mumbai Football Arena,,,,Indian Super League,,20221106_Mumbai-City-FC_Mohun-Bagan-Super-Giant,-31.224766556706754,0.98,1.66,4,4,10,7,43.7,56.3,1,2,0,0,5,6
2022-11-09 14:00:00,Jamshedpur FC,Hyderabad,0.0,1.0,Jamshedpur,India,JRD Tata Sports Complex Stadium,,,,Indian Super League,,20221109_Jamshedpur-FC_Hyderabad,-39.69897825307976,0.2,1.92,0,4,0,9,52.4,47.6,0,2,0,0,3,9
2022-11-10 14:00:00,Mohun Bagan Super Giant,NorthEast United FC,2.0,1.0,Kolkata,India,Vivekananda Yuba Bharati Krirangan Stadium,,,,Indian Super League,,20221110_Mohun-Bagan-Super-Giant_NorthEast-United-FC,186.1341402629164,1.09,0.86,3,2,7,3,59.4,40.6,0,3,0,0,7,2
2022-11-11 14:00:00,Bengaluru FC,SC East Bengal,0.0,1.0,Bangalore,India,Sree Kanteerava Stadium,,,,Indian Super League,,20221111_Bengaluru-FC_SC-East-Bengal,110.75773728245144,0.56,1.86,0,6,0,13,61.7,38.3,0,3,0,0,0,5
2022-11-12 14:00:00,Chennaiyin FC,Mumbai City FC,2.0,6.0,Chennai,India,"Jawaharlal Nehru Stadium, Chennai",,,,Indian Super League,,20221112_Chennaiyin-FC_Mumbai-City-FC,-78.95962538188292,0.84,2.76,2,9,4,19,53.8,46.2,1,1,0,0,0,6
2022-11-13 14:00:00,Kerala Blasters FC,FC Goa,3.0,1.0,Kochi,India,"Jawaharlal Nehru Stadium, Kochi",,,,Indian Super League,,20221113_Kerala-Blasters-FC_FC-Goa,50.45928008182136,0.57,1.63,3,6,6,15,50.7,49.3,0,2,0,0,5,4
2022-11-17 14:00:00,Mumbai City FC,Bengaluru FC,4.0,0.0,Mumbai,India,Mumbai Football Arena,,,,Indian Super League,,20221117_Mumbai-City-FC_Bengaluru-FC,65.19043271537907,1.79,0.87,6,2,12,6,50.9,49.1,1,1,0,0,7,3
2022-11-18 14:00:00,SC East Bengal,Odisha FC,2.0,4.0,Kolkata,India,Vivekananda Yuba Bharati Krirangan Stadium,,,,Indian Super League,,20221118_SC-East-Bengal_Odisha-FC,-90.46109918178809,1.18,0.74,4,4,6,9,52.6,47.4,0,0,0,0,3,7
2022-11-19 12:00:00,Chennaiyin FC,Jamshedpur FC,3.0,1.0,Chennai,India,"Jawaharlal Nehru Stadium, Chennai",,,,Indian Super League,,20221119_Chennaiyin-FC_Jamshedpur-FC,-98.73045331611229,2.38,0.67,7,2,15,5,43.4,56.6,1,1,0,0,10,5
2022-11-19 14:00:00,Hyderabad,Kerala Blasters FC,0.0,1.0,Hyderabad,India,G.M.C. Balayogi Athletic Stadium,,,,Indian Super League,,20221119_Hyderabad_Kerala-Blasters-FC,63.249339681452966,0.6,1.5,3,4,7,10,53.2,46.8,2,1,0,0,4,9
2022-11-20 14:00:00,FC Goa,Mohun Bagan Super Giant,3.0,0.0,"Fatorda, Goa",India,Pandit Jawaharlal Nehru Stadium,,,,Indian Super League,,20221120_FC-Goa_Mohun-Bagan-Super-Giant,-98.0233529182708,1.68,0.47,5,3,11,5,51.4,48.6,1,2,0,0,3,4
2022-11-24 14:00:00,Odisha FC,Chennaiyin FC,3.0,2.0,Bhubaneswar,India,Kalinga Stadium,,,,Indian Super League,,20221124_Odisha-FC_Chennaiyin-FC,37.135252803240064,1.15,0.91,3,3,5,5,47.0,53.0,2,0,0,0,1,3
2022-11-25 14:00:00,NorthEast United FC,Mumbai City FC,1.0,3.0,Guwahati,India,Indira Gandhi Athletic Stadium,,,,Indian Super League,,20221125_NorthEast-United-FC_Mumbai-City-FC,-182.27675506556238,1.51,1.66,6,5,14,11,39.5,60.5,3,0,0,0,4,7
2022-11-26 12:00:00,FC Goa,Bengaluru FC,0.0,2.0,"Fatorda, Goa",India,Pandit Jawaharlal Nehru Stadium,,,,Indian Super League,,20221126_FC-Goa_Bengaluru-FC,18.11782478425812,1.55,1.93,4,5,9,10,51.0,49.0,1,1,0,0,5,4
2022-11-26 14:00:00,Mohun Bagan Super Giant,Hyderabad,1.0,0.0,Kolkata,India,Vivekananda Yuba Bharati Krirangan Stadium,,,,Indian Super League,,20221126_Mohun-Bagan-Super-Giant_Hyderabad,-37.36177411905328,1.03,1.27,5,4,11,8,47.5,52.5,2,1,0,0,7,7
2022-11-27 14:00:00,Jamshedpur FC,SC East Bengal,1.0,3.0,Jamshedpur,India,JRD Tata Sports Complex Stadium,,,,Indian Super League,,20221127_Jamshedpur-FC_SC-East-Bengal,139.30272521157553,1.16,1.64,2,4,5,9,56.6,43.4,0,4,0,0,7,5
2022-12-01 14:00:00,Mumbai City FC,FC Goa,4.0,1.0,Mumbai,India,Mumbai Football Arena,,,,Indian Super League,,20221201_Mumbai-City-FC_FC-Goa,85.47149664475273,2.4,1.48,4,4,9,8,55.0,45.0,1,2,0,0,4,5
2022-12-02 14:00:00,Odisha FC,NorthEast United FC,2.0,1.0,Bhubaneswar,India,Kalinga Stadium,,,,Indian Super League,,20221202_Odisha-FC_NorthEast-United-FC,144.30839536772328,1.42,0.67,4,2,10,4,52.2,47.8,0,2,0,0,4,5
2022-12-03 12:00:00,Chennaiyin FC,Hyderabad,1.0,3.0,Chennai,India,"Jawaharlal Nehru Stadium, Chennai",,,,Indian Super League,,20221203_Chennaiyin-FC_Hyderabad,-127.65392401698591,0.97,1.32,4,4,9,7,42.9,57.1,3,0,0,0,6,3
2022-12-03 14:00:00,Bengaluru FC,Mohun Bagan Super Giant,0.0,1.0,Bangalore,India,Sree Kanteerava Stadium,,,,Indian Super League,,20221203_Bengaluru-FC_Mohun-Bagan-Super-Giant,-86.20436213164157,0.18,1.2,2,3,4,7,46.7,53.3,2,3,0,0,5,7
2022-12-04 14:00:00,Jamshedpur FC,Kerala Blasters FC,0.0,1.0,Jamshedpur,India,JRD Tata Sports Complex Stadium,,,,Indian Super League,,20221204_Jamshedpur-FC_Kerala-Blasters-FC,-43.770143616686255,0.73,1.35,4,5,7,12,46.3,53.7,1,2,0,0,7,7
2022-12-08 14:00:00,Mohun Bagan Super Giant,Jamshedpur FC,1.0,0.0,Kolkata,India,Vivekananda Yuba Bharati Krirangan Stadium,,,,Indian Super League,,20221208_Mohun-Bagan-Super-Giant_Jamshedpur-FC,74.2001289699881,1.23,1.32,4,4,10,6,53.5,46.5,4,5,0,0,4,5
2022-12-09 14:00:00,Hyderabad,SC East Bengal,2.0,0.0,Hyderabad,India,G.M.C. Balayogi Athletic Stadium,,,,Indian Super League,,20221209_Hyderabad_SC-East-Bengal,179.3563009763534,1.01,0.09,3,1,6,2,62.6,37.4,3,2,0,0,1,1
2022-12-10 12:00:00,FC Goa,Odisha FC,3.0,0.0,"Fatorda, Goa",India,Pandit Jawaharlal Nehru Stadium,,,,Indian Super League,,20221210_FC-Goa_Odisha-FC,-51.44356080074931,1.32,1.15,4,6,11,12,49.2,50.8,2,1,0,1,4,6
2022-12-10 14:00:00,NorthEast United FC,Chennaiyin FC,3.0,7.0,Guwahati,India,Indira Gandhi Athletic Stadium,,,,Indian Super League,,20221210_NorthEast-United-FC_Chennaiyin-FC,-85.23330035303047,0.68,1.18,3,7,7,16,46.6,53.4,1,1,0,0,6,8
2022-12-11 14:00:00,Kerala Blasters FC,Bengaluru FC,3.0,2.0,Kochi,India,"Jawaharlal Nehru Stadium, Kochi",,,,Indian Super League,,20221211_Kerala-Blasters-FC_Bengaluru-FC,94.93121023967865,1.55,1.43,6,5,14,13,55.7,44.3,1,0,0,0,12,10
2022-12-15 14:00:00,Odisha FC,Mohun Bagan Super Giant,0.0,0.0,Bhubaneswar,India,Kalinga Stadium,,,,Indian Super League,,20221215_Odisha-FC_Mohun-Bagan-Super-Giant,-83.32108859399591,1.52,0.54,3,1,8,2,47.2,52.8,2,3,1,0,5,3
2022-12-16 14:00:00,SC East Bengal,Mumbai City FC,0.0,3.0,Kolkata,India,Vivekananda Yuba Bharati Krirangan Stadium,,,,Indian Super League,,20221216_SC-East-Bengal_Mumbai-City-FC,-168.32946478449367,0.1,2.18,0,6,0,12,40.6,59.4,1,2,0,0,1,10
2022-12-17 12:00:00,Bengaluru FC,Jamshedpur FC,1.0,0.0,Bangalore,India,Sree Kanteerava Stadium,,,,Indian Super League,,20221217_Bengaluru-FC_Jamshedpur-FC,-29.493645133323298,1.78,0.05,6,1,14,3,50.6,49.4,2,1,0,0,3,3
2022-12-17 14:00:00,FC Goa,NorthEast United FC,2.0,1.0,"Fatorda, Goa",India,Pandit Jawaharlal Nehru Stadium,,,,Indian Super League,,20221217_FC-Goa_NorthEast-United-FC,130.3103747484065,1.18,1.17,3,3,7,8,56.7,43.3,2,3,0,0,2,4
2022-12-19 14:00:00,Chennaiyin FC,Kerala Blasters FC,1.0,1.0,Chennai,India,"Jawaharlal Nehru Stadium, Chennai",,,,Indian Super League,,20221219_Chennaiyin-FC_Kerala-Blasters-FC,-123.97355708421446,0.88,1.0,3,2,6,5,45.2,54.8,3,1,0,0,5,2
2022-12-22 14:00:00,Jamshedpur FC,FC Goa,2.0,2.0,Jamshedpur,India,JRD Tata Sports Complex Stadium,,,,Indian Super League,,20221222_Jamshedpur-FC_FC-Goa,-6.629580395469702,0.92,2.44,3,9,7,19,50.0,50.0,2,0,0,0,1,3
2022-12-23 14:00:00,Bengaluru FC,Hyderabad,0.0,3.0,Bangalore,India,Sree Kanteerava Stadium,,,,Indian Super League,,20221223_Bengaluru-FC_Hyderabad,-115.94342249737497,0.62,1.17,1,4,2,8,39.9,60.1,3,2,0,0,1,6
2022-12-24 12:00:00,Mumbai City FC,Chennaiyin FC,2.0,1.0,Mumbai,India,Mumbai Football Arena,,,,Indian Super League,,20221224_Mumbai-City-FC_Chennaiyin-FC,119.26217940097149,0.96,1.61,2,6,6,14,56.0,44.0,1,4,0,0,7,3
2022-12-24 14:00:00,NorthEast United FC,Mohun Bagan Super Giant,1.0,0.0,Guwahati,India,Indira Gandhi Athletic Stadium,,,,Indian Super League,,20221224_NorthEast-United-FC_Mohun-Bagan-Super-Giant,-242.4223415778854,1.42,1.24,4,3,8,5,48.1,51.9,3,1,0,0,5,6
2022-12-26 14:00:00,Kerala Blasters FC,Odisha FC,1.0,0.0,Kochi,India,"Jawaharlal Nehru Stadium, Kochi",,,,Indian Super League,,20221226_Kerala-Blasters-FC_Odisha-FC,66.27555574459097,0.37,0.39,1,1,3,2,52.1,47.9,3,3,0,0,2,3
2022-12-28 14:00:00,Mohun Bagan Super Giant,FC Goa,2.0,1.0,Kolkata,India,Vivekananda Yuba Bharati Krirangan Stadium,,,,Indian Super League,,20221228_Mohun-Bagan-Super-Giant_FC-Goa,77.70758690795697,0.89,1.31,2,6,6,13,55.6,44.4,3,2,0,0,1,5
2022-12-29 14:00:00,Hyderabad,NorthEast United FC,6.0,1.0,Hyderabad,India,G.M.C. Balayogi Athletic Stadium,,,,Indian Super League,,20221229_Hyderabad_NorthEast-United-FC,240.46367663692786,1.77,1.27,7,4,15,9,59.3,40.7,1,1,0,0,5,6
2022-12-30 14:00:00,SC East Bengal,Bengaluru FC,2.0,1.0,Kolkata,India,Vivekananda Yuba Bharati Krirangan Stadium,,,,Indian Super League,,20221230_SC-East-Bengal_Bengaluru-FC,-74.48228460431142,1.01,0.79,3,4,5,11,51.7,48.3,1,4,0,0,2,9
2023-01-02 14:00:00,Odisha FC,Mumbai City FC,2.0,4.0,Bhubaneswar,India,Kalinga Stadium,,,,Indian Super League,,20230102_Odisha-FC_Mumbai-City-FC,-87.55574324756753,1.14,1.34,3,5,4,11,44.1,55.9,0,2,0,0,2,3
2023-01-03 14:00:00,Kerala Blasters FC,Jamshedpur FC,3.0,1.0,Kochi,India,"Jawaharlal Nehru Stadium, Kochi",,,,Indian Super League,,20230103_Kerala-Blasters-FC_Jamshedpur-FC,101.4550163577876,1.67,2.01,7,7,16,18,52.2,47.8,1,1,0,0,10,12
2023-01-05 14:00:00,FC Goa,Hyderabad,1.0,3.0,"Fatorda, Goa",India,Pandit Jawaharlal Nehru Stadium,,,,Indian Super League,,20230105_FC-Goa_Hyderabad,-128.38730981413505,0.97,1.5,4,6,10,10,41.9,58.1,4,0,0,0,4,6
2023-01-06 14:00:00,NorthEast United FC,Bengaluru FC,1.0,2.0,Guwahati,India,Indira Gandhi Athletic Stadium,,,,Indian Super League,,20230106_NorthEast-United-FC_Bengaluru-FC,-98.51884793597173,1.57,1.07,3,3,7,6,40.2,59.8,2,1,0,0,8,0
2023-01-07 12:00:00,Jamshedpur FC,Chennaiyin FC,2.0,2.0,Jamshedpur,India,JRD Tata Sports Complex Stadium,,,,Indian Super League,,20230107_Jamshedpur-FC_Chennaiyin-FC,23.48205129629787,0.91,0.05,2,2,6,6,52.6,47.4,1,4,0,0,7,5
2023-01-07 14:00:00,Odisha FC,SC East Bengal,3.0,1.0,Bhubaneswar,India,Kalinga Stadium,,,,Indian Super League,,20230107_Odisha-FC_SC-East-Bengal,78.44087249086078,1.21,0.71,4,3,11,8,51.7,48.3,3,0,0,0,5,6
2023-01-08 14:00:00,Mumbai City FC,Kerala Blasters FC,4.0,0.0,Mumbai,India,Mumbai Football Arena,,,,Indian Super League,,20230108_Mumbai-City-FC_Kerala-Blasters-FC,2.24978630039368,1.43,0.79,5,3,8,8,48.3,51.7,4,0,0,0,5,4
2023-01-12 14:00:00,Hyderabad,Chennaiyin FC,1.0,1.0,Hyderabad,India,G.M.C. Balayogi Athletic Stadium,,,,Indian Super League,,20230112_Hyderabad_Chennaiyin-FC,164.22051659141403,1.67,0.37,6,1,14,2,60.5,39.5,2,3,0,0,3,3
2023-01-13 14:00:00,SC East Bengal,Jamshedpur FC,1.0,2.0,Kolkata,India,Vivekananda Yuba Bharati Krirangan Stadium,,,,Indian Super League,,20230113_SC-East-Bengal_Jamshedpur-FC,-71.71022362720555,0.9,1.2,1,5,2,10,47.4,52.6,3,4,0,0,3,7
2023-01-14 12:00:00,Bengaluru FC,Odisha FC,3.0,1.0,Bangalore,India,Sree Kanteerava Stadium,,,,Indian Super League,,20230114_Bengaluru-FC_Odisha-FC,-33.67646849267294,2.11,1.02,7,5,16,13,51.6,48.4,1,0,0,0,6,11
2023-01-14 14:00:00,Mohun Bagan Super Giant,Mumbai City FC,0.0,1.0,Kolkata,India,Vivekananda Yuba Bharati Krirangan Stadium,,,,Indian Super League,,20230114_Mohun-Bagan-Super-Giant_Mumbai-City-FC,-30.980064018629037,0.6,1.5,2,6,4,13,48.4,51.6,3,1,1,0,3,7
2023-01-15 14:00:00,NorthEast United FC,FC Goa,2.0,2.0,Guwahati,India,Indira Gandhi Athletic Stadium,,,,Indian Super League,,20230115_NorthEast-United-FC_FC-Goa,-122.62089465371332,1.11,0.97,4,3,12,5,37.8,62.2,3,2,0,0,6,4
2023-01-18 14:00:00,Jamshedpur FC,Bengaluru FC,0.0,3.0,Jamshedpur,India,JRD Tata Sports Complex Stadium,,,,Indian Super League,,20230118_Jamshedpur-FC_Bengaluru-FC,4.6723804572329755,1.44,1.91,4,8,9,17,49.9,50.1,4,4,0,0,6,6
2023-01-19 14:00:00,Mumbai City FC,NorthEast United FC,4.0,0.0,Mumbai,India,Mumbai Football Arena,,,,Indian Super League,,20230119_Mumbai-City-FC_NorthEast-United-FC,264.65063982893594,1.84,0.69,4,1,12,3,56.4,43.6,1,2,0,0,3,1
2023-01-20 14:00:00,SC East Bengal,Hyderabad,0.0,2.0,Kolkata,India,Vivekananda Yuba Bharati Krirangan Stadium,,,,Indian Super League,,20230120_SC-East-Bengal_Hyderabad,-218.34190694312065,0.21,0.99,1,4,4,7,39.0,61.0,2,0,1,0,5,3
2023-01-21 14:00:00,Chennaiyin FC,Mohun Bagan Super Giant,0.0,0.0,Chennai,India,"Jawaharlal Nehru Stadium, Chennai",,,,Indian Super League,,20230121_Chennaiyin-FC_Mohun-Bagan-Super-Giant,-108.28663413934737,0.36,1.0,0,2,0,5,45.6,54.4,2,0,0,0,0,1
2023-01-22 14:00:00,FC Goa,Kerala Blasters FC,3.0,1.0,"Fatorda, Goa",India,Pandit Jawaharlal Nehru Stadium,,,,Indian Super League,,20230122_FC-Goa_Kerala-Blasters-FC,-113.1378956773085,1.2,0.72,4,3,11,4,53.1,46.9,0,4,0,0,2,5
2023-01-26 14:00:00,FC Goa,SC East Bengal,4.0,2.0,"Fatorda, Goa",India,Pandit Jawaharlal Nehru Stadium,,,,Indian Super League,,20230126_FC-Goa_SC-East-Bengal,96.74844957295295,1.37,1.09,7,4,15,9,49.5,50.5,3,1,0,0,10,6
2023-01-27 14:00:00,Jamshedpur FC,Mumbai City FC,1.0,2.0,Jamshedpur,India,JRD Tata Sports Complex Stadium,,,,Indian Super League,,20230127_Jamshedpur-FC_Mumbai-City-FC,-151.45255044816145,0.97,1.74,3,5,5,12,45.6,54.4,3,2,0,0,5,13
2023-01-28 12:00:00,Bengaluru FC,Chennaiyin FC,3.0,1.0,Bangalore,India,Sree Kanteerava Stadium,,,,Indian Super League,,20230128_Bengaluru-FC_Chennaiyin-FC,30.00151227528022,1.89,0.72,6,4,13,10,42.1,57.9,0,1,0,0,7,2
2023-01-28 14:00:00,Mohun Bagan Super Giant,Odisha FC,2.0,0.0,Kolkata,India,Vivekananda Yuba Bharati Krirangan Stadium,,,,Indian Super League,,20230128_Mohun-Bagan-Super-Giant_Odisha-FC,75.84203070899093,0.61,0.13,2,0,5,0,49.0,51.0,1,1,0,0,4,0
2023-01-29 14:00:00,Kerala Blasters FC,NorthEast United FC,2.0,0.0,Kochi,India,"Jawaharlal Nehru Stadium, Kochi",,,,Indian Super League,,20230129_Kerala-Blasters-FC_NorthEast-United-FC,216.14319911357416,1.61,1.47,4,6,10,14,57.1,42.9,7,2,0,0,7,9
2023-02-02 14:00:00,Chennaiyin FC,Odisha FC,2.0,2.0,Chennai,India,"Jawaharlal Nehru Stadium, Chennai",,,,Indian Super League,,20230202_Chennaiyin-FC_Odisha-FC,-26.742596448761333,1.16,1.36,5,4,10,9,48.8,51.2,1,4,0,0,2,4
2023-02-03 14:00:00,SC East Bengal,Kerala Blasters FC,1.0,0.0,Kolkata,India,Vivekananda Yuba Bharati Krirangan Stadium,,,,Indian Super League,,20230203_SC-East-Bengal_Kerala-Blasters-FC,-192.44711897051707,0.96,0.79,3,2,5,4,40.9,59.1,0,1,0,0,3,2
2023-02-04 12:00:00,Mumbai City FC,Hyderabad,1.0,1.0,Mumbai,India,Mumbai Football Arena,,,,Indian Super League,,20230204_Mumbai-City-FC_Hyderabad,13.535770793187567,0.26,1.44,1,5,3,12,53.2,46.8,5,2,0,0,3,8
2023-02-04 14:00:00,NorthEast United FC,Jamshedpur FC,0.0,2.0,Guwahati,India,Indira Gandhi Athletic Stadium,,,,Indian Super League,,20230204_NorthEast-United-FC_Jamshedpur-FC,-120.07976368373556,0.38,1.32,1,5,2,12,42.2,57.8,2,1,0,0,1,8
2023-02-05 14:00:00,Mohun Bagan Super Giant,Bengaluru FC,1.0,2.0,Kolkata,India,Vivekananda Yuba Bharati Krirangan Stadium,,,,Indian Super League,,20230205_Mohun-Bagan-Super-Giant_Bengaluru-FC,69.49308633494616,0.07,0.85,1,3,1,7,50.7,49.3,0,1,0,0,1,5
2023-02-06 14:00:00,Odisha FC,FC Goa,1.0,1.0,Bhubaneswar,India,Kalinga Stadium,,,,Indian Super League,,20230206_Odisha-FC_FC-Goa,-17.006660253897735,0.99,0.26,2,1,3,4,57.6,42.4,2,0,0,0,2,4
2023-02-07 14:00:00,Kerala Blasters FC,Chennaiyin FC,2.0,1.0,Kochi,India,"Jawaharlal Nehru Stadium, Kochi",,,,Indian Super League,,20230207_Kerala-Blasters-FC_Chennaiyin-FC,102.07853574864748,1.24,0.46,5,3,10,5,50.1,49.9,1,0,0,0,8,1
2023-02-08 14:00:00,SC East Bengal,NorthEast United FC,3.0,3.0,Kolkata,India,Vivekananda Yuba Bharati Krirangan Stadium,,,,Indian Super League,,20230208_SC-East-Bengal_NorthEast-United-FC,60.48530630358118,1.76,1.19,5,6,13,14,48.2,51.8,0,0,0,0,9,11
2023-02-09 14:00:00,Jamshedpur FC,Mohun Bagan Super Giant,0.0,0.0,Jamshedpur,India,JRD Tata Sports Complex Stadium,,,,Indian Super League,,20230209_Jamshedpur-FC_Mohun-Bagan-Super-Giant,-84.80785320102427,1.33,1.13,5,3,11,9,44.1,55.9,1,2,0,0,8,4
2023-02-10 14:00:00,Odisha FC,Hyderabad,3.0,1.0,Bhubaneswar,India,Kalinga Stadium,,,,Indian Super League,,20230210_Odisha-FC_Hyderabad,-140.3708429617725,2.2,0.11,6,1,15,2,44.9,55.1,1,1,0,0,9,3
2023-02-11 12:00:00,FC Goa,Mumbai City FC,3.0,5.0,"Fatorda, Goa",India,Pandit Jawaharlal Nehru Stadium,,,,Indian Super League,,20230211_FC-Goa_Mumbai-City-FC,-137.13924946001748,2.11,2.62,6,8,13,17,43.0,57.0,1,3,0,0,6,9
2023-02-11 14:00:00,Bengaluru FC,Kerala Blasters FC,1.0,0.0,Bangalore,India,Sree Kanteerava Stadium,,,,Indian Super League,,20230211_Bengaluru-FC_Kerala-Blasters-FC,-45.26984853906424,1.45,1.4,5,3,11,7,55.2,44.8,4,0,0,0,7,3
2023-02-12 14:00:00,Chennaiyin FC,SC East Bengal,2.0,0.0,Chennai,India,"Jawaharlal Nehru Stadium, Chennai",,,,Indian Super League,,20230212_Chennaiyin-FC_SC-East-Bengal,47.78179368191559,0.96,1.59,3,7,7,16,50.1,49.9,1,4,0,0,5,8
2023-02-14 14:00:00,Hyderabad,Mohun Bagan Super Giant,1.0,0.0,Hyderabad,India,G.M.C. Balayogi Athletic Stadium,,,,Indian Super League,,20230214_Hyderabad_Mohun-Bagan-Super-Giant,45.99166106090138,1.21,0.67,4,2,8,4,57.9,42.1,3,2,0,0,4,2
2023-02-15 14:00:00,Bengaluru FC,Mumbai City FC,2.0,1.0,Bangalore,India,Sree Kanteerava Stadium,,,,Indian Super League,,20230215_Bengaluru-FC_Mumbai-City-FC,-107.01700319025849,0.75,1.53,2,3,4,8,45.3,54.7,1,3,0,0,2,4
2023-02-16 14:00:00,FC Goa,Chennaiyin FC,1.0,2.0,"Fatorda, Goa",India,Pandit Jawaharlal Nehru Stadium,,,,Indian Super League,,20230216_FC-Goa_Chennaiyin-FC,32.03610602044182,0.66,1.51,4,6,9,12,49.6,50.4,0,0,0,0,4,6
2023-02-17 14:00:00,NorthEast United FC,Odisha FC,1.0,3.0,Guwahati,India,Indira Gandhi Athletic Stadium,,,,Indian Super League,,20230217_NorthEast-United-FC_Odisha-FC,-154.78946405259148,0.78,1.4,2,5,4,9,39.5,60.5,0,1,0,0,4,3
2023-02-18 12:00:00,Hyderabad,Jamshedpur FC,2.0,3.0,Hyderabad,India,G.M.C. Balayogi Athletic Stadium,,,,Indian Super League,,20230218_Hyderabad_Jamshedpur-FC,135.47555809103437,1.05,1.54,3,6,5,11,62.5,37.5,2,2,0,0,3,4
2023-02-18 14:00:00,Mohun Bagan Super Giant,Kerala Blasters FC,2.0,1.0,Kolkata,India,Vivekananda Yuba Bharati Krirangan Stadium,,,,Indian Super League,,20230218_Mohun-Bagan-Super-Giant_Kerala-Blasters-FC,-4.25244501481302,1.8,0.34,5,1,12,1,44.2,55.8,1,2,0,0,8,0
2023-02-19 14:00:00,Mumbai City FC,SC East Bengal,0.0,1.0,Mumbai,India,Mumbai Football Arena,,,,Indian Super League,,20230219_Mumbai-City-FC_SC-East-Bengal,237.08343861497315,1.34,0.76,4,2,7,5,59.0,41.0,2,2,0,0,5,5
2023-02-22 14:00:00,Odisha FC,Jamshedpur FC,0.0,2.0,Bhubaneswar,India,Kalinga Stadium,,,,Indian Super League,,20230222_Odisha-FC_Jamshedpur-FC,8.41108153717505,0.15,0.81,1,2,2,3,50.6,49.4,0,2,0,0,3,6
2023-02-23 14:00:00,Bengaluru FC,FC Goa,3.0,1.0,Bangalore,India,Sree Kanteerava Stadium,,,,Indian Super League,,20230223_Bengaluru-FC_FC-Goa,73.79912211902956,1.96,0.57,8,2,17,3,43.3,56.7,1,2,1,0,12,4
2023-02-24 14:00:00,Chennaiyin FC,NorthEast United FC,4.0,3.0,Chennai,India,"Jawaharlal Nehru Stadium, Chennai",,,,Indian Super League,,20230224_Chennaiyin-FC_NorthEast-United-FC,134.57547930665896,1.43,2.47,4,7,11,15,54.3,45.7,0,1,0,0,5,6
2023-02-25 14:00:00,SC East Bengal,Mohun Bagan Super Giant,0.0,2.0,Kolkata,India,Vivekananda Yuba Bharati Krirangan Stadium,,,,Indian Super League,,20230225_SC-East-Bengal_Mohun-Bagan-Super-Giant,-152.58798526682995,0.76,0.79,2,5,4,10,39.2,60.8,1,3,0,0,10,2
2023-02-26 14:00:00,Kerala Blasters FC,Hyderabad,0.0,1.0,Kochi,India,"Jawaharlal Nehru Stadium, Kochi",,,,Indian Super League,,20230226_Kerala-Blasters-FC_Hyderabad,-58.27192070154615,1.99,0.67,6,2,14,4,46.4,53.6,1,2,0,0,8,4
2023-03-03 14:00:00,Bengaluru FC,Kerala Blasters FC,1.0,0.0,Bangalore,India,Sree Kanteerava Stadium,,,,Indian Super League,,20230303_Bengaluru-FC_Kerala-Blasters-FC,29.06492979146674,1.4,0.83,5,2,12,6,54.5,45.5,3,0,0,0,6,3
2023-03-04 14:00:00,Mohun Bagan Super Giant,Odisha FC,2.0,0.0,Kolkata,India,Vivekananda Yuba Bharati Krirangan Stadium,,,,Indian Super League,,20230304_Mohun-Bagan-Super-Giant_Odisha-FC,75.2574899873573,2.05,0.05,8,2,19,5,51.9,48.1,0,4,0,1,10,5
2023-03-07 14:00:00,Mumbai City FC,Bengaluru FC,0.0,1.0,Mumbai,India,Mumbai Football Arena,,,,Indian Super League,,20230307_Mumbai-City-FC_Bengaluru-FC,36.24580272830144,0.5,1.33,1,3,1,6,45.5,54.5,3,1,0,0,3,0
2023-03-09 14:00:00,Hyderabad,Mohun Bagan Super Giant,0.0,0.0,Hyderabad,India,G.M.C. Balayogi Athletic Stadium,,,,Indian Super League,,20230309_Hyderabad_Mohun-Bagan-Super-Giant,31.751660184100047,0.37,1.22,0,5,0,12,54.9,45.1,1,2,0,0,0,6
2023-03-12 14:00:00,Bengaluru FC,Mumbai City FC,1.0,2.0,Bangalore,India,Sree Kanteerava Stadium,,,,Indian Super League,,20230312_Bengaluru-FC_Mumbai-City-FC,-9.751075236501038,1.45,0.61,5,2,13,6,48.0,52.0,1,1,0,0,8,2
2023-03-13 14:00:00,Mohun Bagan Super Giant,Hyderabad,0.0,0.0,Kolkata,India,Vivekananda Yuba Bharati Krirangan Stadium,,,,Indian Super League,,20230313_Mohun-Bagan-Super-Giant_Hyderabad,-29.564419006269645,0.64,0.5,2,1,3,3,47.7,52.3,1,2,0,0,3,2
2023-03-18 14:00:00,Mohun Bagan Super Giant,Bengaluru FC,2.0,2.0,"Fatorda, Goa",India,Pandit Jawaharlal Nehru Stadium,,,,Indian Super League,,20230318_Mohun-Bagan-Super-Giant_Bengaluru-FC,6.997121182569117,2.26,1.44,6,3,16,7,51.4,48.6,4,2,0,1,6,4
2023-09-21 14:30:00,Kerala Blasters FC,Bengaluru FC,2.0,1.0,Kochi,India,"Jawaharlal Nehru Stadium, Kochi",,,,Indian Super League,,20230921_Kerala-Blasters-FC_Bengaluru-FC,-52.887570931039136,0.38,1.46,2,5,5,12,49.7,50.3,1,0,0,0,3,11
2023-09-23 12:00:00,Odisha FC,Chennaiyin FC,2.0,0.0,Bhubaneswar,India,Kalinga Stadium,,,,Indian Super League,,20230923_Odisha-FC_Chennaiyin-FC,4.874676401969964,1.54,0.05,5,1,13,3,43.8,56.2,0,3,0,0,4,2
2023-09-23 15:00:00,Mohun Bagan Super Giant,Punjab FC,3.0,1.0,Kolkata,India,Vivekananda Yuba Bharati Krirangan Stadium,,,,Indian Super League,,20230923_Mohun-Bagan-Super-Giant_Punjab-FC,74.52919456251084,0.98,0.32,3,1,7,5,52.3,47.7,6,2,0,0,6,3
2023-09-24 14:30:00,NorthEast United FC,Mumbai City FC,1.0,2.0,Guwahati,India,Indira Gandhi Athletic Stadium,,,,Indian Super League,,20230924_NorthEast-United-FC_Mumbai-City-FC,-276.92414012035374,2.22,1.24,7,3,15,8,39.7,60.3,2,1,0,0,12,3
2023-09-25 14:30:00,SC East Bengal,Jamshedpur FC,0.0,0.0,Kolkata,India,Vivekananda Yuba Bharati Krirangan Stadium,,,,Indian Super League,,20230925_SC-East-Bengal_Jamshedpur-FC,-107.58909864933798,0.91,0.24,2,1,1,0,47.5,52.5,1,1,0,0,2,2
2023-09-27 14:30:00,Mohun Bagan Super Giant,Bengaluru FC,1.0,0.0,Kolkata,India,Vivekananda Yuba Bharati Krirangan Stadium,,,,Indian Super League,,20230927_Mohun-Bagan-Super-Giant_Bengaluru-FC,29.79115792536936,0.51,0.6,1,2,2,6,50.4,49.6,0,1,0,0,5,1
2023-09-28 14:30:00,Odisha FC,Mumbai City FC,2.0,2.0,Bhubaneswar,India,Kalinga Stadium,,,,Indian Super League,,20230928_Odisha-FC_Mumbai-City-FC,-114.55125716176508,0.43,1.05,2,5,3,12,50.3,49.7,4,0,0,0,2,9
2023-09-29 14:30:00,NorthEast United FC,Chennaiyin FC,3.0,0.0,Guwahati,India,Indira Gandhi Athletic Stadium,,,,Indian Super League,,20230929_NorthEast-United-FC_Chennaiyin-FC,-141.93766785076377,2.08,1.38,8,2,19,5,46.8,53.2,2,1,0,0,12,7
2023-09-30 14:30:00,SC East Bengal,Hyderabad,2.0,1.0,Kolkata,India,Vivekananda Yuba Bharati Krirangan Stadium,,,,Indian Super League,,20230930_SC-East-Bengal_Hyderabad,-202.15514494717127,0.28,0.74,2,1,3,3,39.4,60.6,1,2,0,0,6,1
2023-10-01 14:30:00,Kerala Blasters FC,Jamshedpur FC,1.0,0.0,Kochi,India,"Jawaharlal Nehru Stadium, Kochi",,,,Indian Super League,,20231001_Kerala-Blasters-FC_Jamshedpur-FC,28.411793862806235,1.43,0.88,4,1,9,3,53.9,46.1,1,1,0,0,5,4
2023-10-02 14:30:00,FC Goa,Punjab FC,1.0,0.0,"Fatorda, Goa",India,Pandit Jawaharlal Nehru Stadium,,,,Indian Super League,,20231002_FC-Goa_Punjab-FC,-28.120767695251516,0.55,0.05,2,0,5,0,55.9,44.1,1,1,0,0,8,0
2023-10-04 14:30:00,Bengaluru FC,SC East Bengal,2.0,1.0,Bangalore,India,Sree Kanteerava Stadium,,,,Indian Super League,,20231004_Bengaluru-FC_SC-East-Bengal,124.79821147513348,1.24,0.05,4,1,8,2,52.4,47.6,2,3,0,1,6,1
2023-10-05 14:30:00,Jamshedpur FC,Hyderabad,1.0,0.0,Jamshedpur,India,JRD Tata Sports Complex Stadium,,,,Indian Super League,,20231005_Jamshedpur-FC_Hyderabad,-94.50202469075293,0.5,1.06,1,5,2,10,48.2,51.8,2,0,0,0,8,8
2023-10-06 14:30:00,Punjab FC,NorthEast United FC,1.0,1.0,Delhi,India,"Jawaharlal Nehru Stadium, Delhi",,,,Indian Super League,,20231006_Punjab-FC_NorthEast-United-FC,141.0436875800185,0.15,1.06,1,3,1,4,54.0,46.0,1,0,0,0,4,3
2023-10-07 12:00:00,FC Goa,Odisha FC,3.0,2.0,"Fatorda, Goa",India,Pandit Jawaharlal Nehru Stadium,,,,Indian Super League,,20231007_FC-Goa_Odisha-FC,-18.786820984972337,1.35,0.39,5,2,11,5,49.1,50.9,5,4,0,0,6,7
2023-10-07 14:30:00,Chennaiyin FC,Mohun Bagan Super Giant,1.0,3.0,Chennai,India,"Jawaharlal Nehru Stadium, Chennai",,,,Indian Super League,,20231007_Chennaiyin-FC_Mohun-Bagan-Super-Giant,-149.80052600318504,0.56,0.59,1,3,2,6,40.6,59.4,3,1,0,0,6,4
2023-10-08 14:30:00,Mumbai City FC,Kerala Blasters FC,2.0,1.0,Mumbai,India,Mumbai Football Arena,,,,Indian Super League,,20231008_Mumbai-City-FC_Kerala-Blasters-FC,61.122345666346746,1.81,1.62,6,4,13,10,58.7,41.3,1,0,0,0,8,6
2023-10-21 12:00:00,SC East Bengal,FC Goa,1.0,2.0,Bhubaneswar,India,Kalinga Stadium,,,,Indian Super League,,20231021_SC-East-Bengal_FC-Goa,-77.46701886343703,1.05,1.16,3,4,7,6,43.1,56.9,3,0,0,0,7,7
2023-10-21 14:30:00,Kerala Blasters FC,NorthEast United FC,1.0,1.0,Kochi,India,"Jawaharlal Nehru Stadium, Kochi",,,,Indian Super League,,20231021_Kerala-Blasters-FC_NorthEast-United-FC,188.90797031734337,1.02,0.05,2,1,7,1,54.9,45.1,1,0,0,0,4,3
2023-10-22 14:30:00,Jamshedpur FC,Punjab FC,0.0,0.0,Jamshedpur,India,JRD Tata Sports Complex Stadium,,,,Indian Super League,,20231022_Jamshedpur-FC_Punjab-FC,31.747781617928013,0.97,0.24,1,2,0,3,57.2,42.8,3,4,0,0,2,4
2023-10-23 14:30:00,Hyderabad,Chennaiyin FC,0.0,1.0,Hyderabad,India,G.M.C. Balayogi Athletic Stadium,,,,Indian Super League,,20231023_Hyderabad_Chennaiyin-FC,130.78168296159538,1.3,0.33,4,2,7,4,54.1,45.9,2,2,0,0,4,5
2023-10-25 14:30:00,Bengaluru FC,FC Goa,0.0,0.0,Bangalore,India,Sree Kanteerava Stadium,,,,Indian Super League,,20231025_Bengaluru-FC_FC-Goa,53.69515316452794,0.31,0.61,1,3,4,7,51.9,48.1,1,1,0,0,1,4
2023-10-26 14:30:00,NorthEast United FC,Jamshedpur FC,2.0,1.0,Guwahati,India,Indira Gandhi Athletic Stadium,,,,Indian Super League,,20231026_NorthEast-United-FC_Jamshedpur-FC,-156.50757599190433,1.37,1.81,6,6,14,12,42.3,57.7,1,2,0,1,5,2
2023-10-27 14:30:00,Kerala Blasters FC,Odisha FC,2.0,1.0,Kochi,India,"Jawaharlal Nehru Stadium, Kochi",,,,Indian Super League,,20231027_Kerala-Blasters-FC_Odisha-FC,42.579003110298345,0.72,1.51,2,7,3,17,51.3,48.7,5,3,0,0,5,9
2023-10-28 14:30:00,Mumbai City FC,Hyderabad,1.0,1.0,Mumbai,India,Mumbai Football Arena,,,,Indian Super League,,20231028_Mumbai-City-FC_Hyderabad,58.48521848833889,0.14,0.79,1,1,3,0,51.9,48.1,2,2,0,0,4,1
2023-10-29 14:30:00,Chennaiyin FC,Punjab FC,5.0,1.0,Chennai,India,"Jawaharlal Nehru Stadium, Chennai",,,,Indian Super League,,20231029_Chennaiyin-FC_Punjab-FC,-19.68183942081896,1.84,1.23,5,3,10,6,46.1,53.9,1,4,0,0,7,5
2023-10-31 14:30:00,Odisha FC,Bengaluru FC,3.0,2.0,Bhubaneswar,India,Kalinga Stadium,,,,Indian Super League,,20231031_Odisha-FC_Bengaluru-FC,-78.26942780046534,1.05,0.7,4,4,8,9,43.1,56.9,1,4,0,0,7,7
2023-11-01 14:30:00,Jamshedpur FC,Mohun Bagan Super Giant,2.0,3.0,Jamshedpur,India,JRD Tata Sports Complex Stadium,,,,Indian Super League,,20231101_Jamshedpur-FC_Mohun-Bagan-Super-Giant,-115.55914394846218,1.8,1.73,5,5,11,11,44.8,55.2,2,1,0,0,5,7
2023-11-02 14:30:00,Mumbai City FC,Punjab FC,2.0,1.0,Mumbai,India,Mumbai Football Arena,,,,Indian Super League,,20231102_Mumbai-City-FC_Punjab-FC,147.63271595650463,0.94,0.91,3,4,6,8,57.6,42.4,0,2,0,0,5,5
2023-11-03 14:30:00,Odisha FC,NorthEast United FC,1.0,0.0,Bhubaneswar,India,Kalinga Stadium,,,,Indian Super League,,20231103_Odisha-FC_NorthEast-United-FC,121.48422579318571,1.27,1.88,5,7,14,14,50.4,49.6,2,1,0,0,2,8
2023-11-04 12:00:00,Hyderabad,Bengaluru FC,1.0,1.0,Hyderabad,India,G.M.C. Balayogi Athletic Stadium,,,,Indian Super League,,20231104_Hyderabad_Bengaluru-FC,19.913480129496747,0.94,0.69,3,2,7,5,54.0,46.0,0,2,0,0,9,4
2023-11-04 14:30:00,SC East Bengal,Kerala Blasters FC,1.0,2.0,Kolkata,India,Vivekananda Yuba Bharati Krirangan Stadium,,,,Indian Super League,,20231104_SC-East-Bengal_Kerala-Blasters-FC,-133.44090931956498,0.26,1.57,2,6,3,13,43.2,56.8,1,0,0,0,3,6
2023-11-05 14:30:00,Chennaiyin FC,FC Goa,0.0,3.0,Chennai,India,"Jawaharlal Nehru Stadium, Chennai",,,,Indian Super League,,20231105_Chennaiyin-FC_FC-Goa,-32.20325363126631,0.22,1.83,0,7,0,17,43.9,56.1,3,1,0,0,6,8
2023-11-07 14:30:00,Punjab FC,Hyderabad,1.0,1.0,Delhi,India,"Jawaharlal Nehru Stadium, Delhi",,,,Indian Super League,,20231107_Punjab-FC_Hyderabad,-99.64992894915599,0.45,1.43,1,5,0,10,45.4,54.6,2,1,0,0,1,7
2023-11-25 12:00:00,Chennaiyin FC,SC East Bengal,1.0,1.0,Chennai,India,"Jawaharlal Nehru Stadium, Chennai",,,,Indian Super League,,20231125_Chennaiyin-FC_SC-East-Bengal,62.553627603949735,1.72,1.11,5,3,12,5,54.2,45.8,1,2,0,0,11,3
2023-11-25 14:30:00,Kerala Blasters FC,Hyderabad,1.0,0.0,Kochi,India,"Jawaharlal Nehru Stadium, Kochi",,,,Indian Super League,,20231125_Kerala-Blasters-FC_Hyderabad,-8.229444016083562,1.13,1.38,4,4,9,9,46.6,53.4,0,0,0,0,6,4
2023-11-26 14:30:00,NorthEast United FC,Bengaluru FC,1.0,1.0,Guwahati,India,Indira Gandhi Athletic Stadium,,,,Indian Super League,,20231126_NorthEast-United-FC_Bengaluru-FC,-179.0907867620349,1.02,1.03,4,4,10,11,45.5,54.5,0,0,0,0,5,5
2023-11-27 14:30:00,FC Goa,Jamshedpur FC,1.0,0.0,"Fatorda, Goa",India,Pandit Jawaharlal Nehru Stadium,,,,Indian Super League,,20231127_FC-Goa_Jamshedpur-FC,31.747631143219905,1.55,0.64,6,1,11,1,50.8,49.2,2,0,0,0,6,0
2023-11-29 14:30:00,Kerala Blasters FC,Chennaiyin FC,3.0,3.0,Kochi,India,"Jawaharlal Nehru Stadium, Kochi",,,,Indian Super League,,20231129_Kerala-Blasters-FC_Chennaiyin-FC,100.51918055161195,2.28,1.92,8,6,17,15,53.3,46.7,2,2,0,0,11,8
2023-11-30 14:30:00,Bengaluru FC,Punjab FC,3.0,3.0,Bangalore,India,Sree Kanteerava Stadium,,,,Indian Super League,,20231130_Bengaluru-FC_Punjab-FC,72.06979919863397,1.17,0.9,3,3,7,6,50.8,49.2,1,0,0,0,5,3
2023-12-01 14:30:00,Jamshedpur FC,Odisha FC,0.0,1.0,Jamshedpur,India,JRD Tata Sports Complex Stadium,,,,Indian Super League,,20231201_Jamshedpur-FC_Odisha-FC,-26.134705957452525,1.0,1.39,3,6,8,12,46.5,53.5,3,0,0,0,1,7
2023-12-02 14:30:00,Hyderabad,Mohun Bagan Super Giant,0.0,2.0,Bhubaneswar,India,Kalinga Stadium,,,,Indian Super League,,20231202_Hyderabad_Mohun-Bagan-Super-Giant,-72.05316209798502,0.05,0.22,0,2,0,3,44.6,55.4,2,4,0,0,2,0
2023-12-03 14:30:00,FC Goa,Kerala Blasters FC,1.0,0.0,"Fatorda, Goa",India,Pandit Jawaharlal Nehru Stadium,,,,Indian Super League,,20231203_FC-Goa_Kerala-Blasters-FC,-30.112025617751215,0.77,0.13,2,1,5,3,48.6,51.4,0,4,0,0,1,5
2023-12-04 14:30:00,SC East Bengal,NorthEast United FC,5.0,0.0,Kolkata,India,Vivekananda Yuba Bharati Krirangan Stadium,,,,Indian Super League,,20231204_SC-East-Bengal_NorthEast-United-FC,33.84636555227257,1.33,0.05,5,1,12,3,49.8,50.2,1,2,0,0,13,2
2023-12-06 14:30:00,Mohun Bagan Super Giant,Odisha FC,2.0,2.0,Kolkata,India,Vivekananda Yuba Bharati Krirangan Stadium,,,,Indian Super League,,20231206_Mohun-Bagan-Super-Giant_Odisha-FC,115.07771435852897,1.25,1.62,2,5,3,11,56.6,43.4,1,1,0,0,7,3
2023-12-07 14:30:00,Jamshedpur FC,Chennaiyin FC,2.0,2.0,Jamshedpur,India,JRD Tata Sports Complex Stadium,,,,Indian Super League,,20231207_Jamshedpur-FC_Chennaiyin-FC,-1.0087044696881549,1.57,1.06,4,3,9,5,50.6,49.4,1,0,0,0,7,6
2023-12-08 14:30:00,Bengaluru FC,Mumbai City FC,0.0,4.0,Bangalore,India,Sree Kanteerava Stadium,,,,Indian Super League,,20231208_Bengaluru-FC_Mumbai-City-FC,-89.04097223348458,1.61,1.84,6,6,10,14,45.6,54.4,2,0,0,0,7,7
2023-12-09 14:30:00,SC East Bengal,Punjab FC,0.0,0.0,Kolkata,India,Vivekananda Yuba Bharati Krirangan Stadium,,,,Indian Super League,,20231209_SC-East-Bengal_Punjab-FC,-53.41344399882337,1.47,1.78,5,6,9,13,47.7,52.3,1,1,0,0,2,6
2023-12-10 14:30:00,NorthEast United FC,Hyderabad,1.0,1.0,Guwahati,India,Indira Gandhi Athletic Stadium,,,,Indian Super League,,20231210_NorthEast-United-FC_Hyderabad,-177.5935208665603,1.41,1.12,5,4,9,9,43.3,56.7,1,1,1,0,1,3
2023-12-12 14:30:00,FC Goa,Mumbai City FC,0.0,0.0,"Fatorda, Goa",India,Pandit Jawaharlal Nehru Stadium,,,,Indian Super League,,20231212_FC-Goa_Mumbai-City-FC,-91.09573729471504,0.96,0.31,4,1,11,2,39.1,60.9,2,3,0,0,5,2
2023-12-13 14:30:00,Chennaiyin FC,Bengaluru FC,2.0,0.0,Chennai,India,"Jawaharlal Nehru Stadium, Chennai",,,,Indian Super League,,20231213_Chennaiyin-FC_Bengaluru-FC,-60.79755918231854,1.55,0.65,4,2,7,6,36.3,63.7,4,1,0,0,2,7
2023-12-14 14:30:00,Punjab FC,Kerala Blasters FC,0.0,1.0,Delhi,India,"Jawaharlal Nehru Stadium, Delhi",,,,Indian Super League,,20231214_Punjab-FC_Kerala-Blasters-FC,-79.96465613356372,0.05,0.77,2,4,4,8,51.3,48.7,3,1,1,0,6,5
2023-12-15 14:30:00,NorthEast United FC,Mohun Bagan Super Giant,1.0,3.0,Guwahati,India,Indira Gandhi Athletic Stadium,,,,Indian Super League,,20231215_NorthEast-United-FC_Mohun-Bagan-Super-Giant,-259.25403577887755,1.35,1.43,4,5,8,12,39.3,60.7,3,2,0,0,4,8
2023-12-16 12:00:00,Bengaluru FC,Jamshedpur FC,1.0,0.0,Bangalore,India,Sree Kanteerava Stadium,,,,Indian Super League,,20231216_Bengaluru-FC_Jamshedpur-FC,47.65788601352028,1.14,0.83,4,2,8,7,54.2,45.8,1,3,1,0,4,3
2023-12-16 14:30:00,Mumbai City FC,SC East Bengal,0.0,0.0,Mumbai,India,Mumbai Football Arena,,,,Indian Super League,,20231216_Mumbai-City-FC_SC-East-Bengal,213.69964539189527,0.92,0.77,2,2,2,5,56.4,43.6,2,1,0,0,7,2
2023-12-17 14:30:00,Odisha FC,Hyderabad,3.0,0.0,Bhubaneswar,India,Kalinga Stadium,,,,Indian Super League,,20231217_Odisha-FC_Hyderabad,-14.446119813103905,1.99,0.88,6,5,11,11,43.8,56.2,2,1,0,0,2,11
2023-12-18 14:30:00,Punjab FC,Chennaiyin FC,1.0,0.0,Delhi,India,"Jawaharlal Nehru Stadium, Delhi",,,,Indian Super League,,20231218_Punjab-FC_Chennaiyin-FC,-22.568801591253987,0.68,1.31,2,7,3,16,50.2,49.8,1,1,0,0,2,8
2023-12-20 14:30:00,Mumbai City FC,Mohun Bagan Super Giant,2.0,1.0,Mumbai,India,Mumbai Football Arena,,,,Indian Super League,,20231220_Mumbai-City-FC_Mohun-Bagan-Super-Giant,-4.836206700505045,0.84,0.66,2,2,4,4,48.2,51.8,0,3,0,0,0,5
2023-12-21 14:30:00,Hyderabad,Jamshedpur FC,0.0,5.0,Hyderabad,India,G.M.C. Balayogi Athletic Stadium,,,,Indian Super League,,20231221_Hyderabad_Jamshedpur-FC,64.44500194012062,0.66,1.43,2,5,6,12,52.7,47.3,0,1,0,0,3,5
2023-12-22 14:30:00,SC East Bengal,Odisha FC,0.0,0.0,Kolkata,India,Vivekananda Yuba Bharati Krirangan Stadium,,,,Indian Super League,,20231222_SC-East-Bengal_Odisha-FC,-106.07748779813687,1.14,0.95,2,2,3,7,41.5,58.5,1,3,1,0,1,2
2023-12-23 14:30:00,Mohun Bagan Super Giant,FC Goa,1.0,4.0,Kolkata,India,Vivekananda Yuba Bharati Krirangan Stadium,,,,Indian Super League,,20231223_Mohun-Bagan-Super-Giant_FC-Goa,71.04029547256869,1.23,1.72,2,4,3,7,51.7,48.3,3,5,0,1,1,9
2023-12-24 12:00:00,Bengaluru FC,NorthEast United FC,1.0,1.0,Bangalore,India,Sree Kanteerava Stadium,,,,Indian Super League,,20231224_Bengaluru-FC_NorthEast-United-FC,162.14140087097326,0.85,0.8,3,2,9,5,55.0,45.0,0,1,0,0,5,2
2023-12-24 14:30:00,Kerala Blasters FC,Mumbai City FC,2.0,0.0,Kochi,India,"Jawaharlal Nehru Stadium, Kochi",,,,Indian Super League,,20231224_Kerala-Blasters-FC_Mumbai-City-FC,-80.29127768531589,0.65,1.37,2,6,5,13,45.3,54.7,0,2,0,0,3,6
2023-12-26 14:30:00,Punjab FC,Odisha FC,0.0,1.0,Delhi,India,"Jawaharlal Nehru Stadium, Delhi",,,,Indian Super League,,20231226_Punjab-FC_Odisha-FC,-55.85064685025941,1.02,1.88,3,7,8,16,43.7,56.3,0,0,0,0,2,10
2023-12-27 14:30:00,Mohun Bagan Super Giant,Kerala Blasters FC,0.0,1.0,Kolkata,India,Vivekananda Yuba Bharati Krirangan Stadium,,,,Indian Super League,,20231227_Mohun-Bagan-Super-Giant_Kerala-Blasters-FC,31.648592393587023,0.73,1.54,1,6,2,13,47.3,52.7,0,2,0,0,3,5
2023-12-28 14:30:00,Mumbai City FC,Chennaiyin FC,3.0,0.0,Mumbai,India,Mumbai Football Arena,,,,Indian Super League,,20231228_Mumbai-City-FC_Chennaiyin-FC,154.3124584769755,1.79,0.44,7,3,17,6,56.6,43.4,2,2,0,0,6,4
2023-12-29 12:00:00,Odisha FC,Jamshedpur FC,4.0,1.0,Bhubaneswar,India,Kalinga Stadium,,,,Indian Super League,,20231229_Odisha-FC_Jamshedpur-FC,67.32893814525187,1.32,0.4,6,1,12,0,51.0,49.0,0,2,0,0,7,2
2023-12-29 14:30:00,NorthEast United FC,FC Goa,1.0,1.0,Guwahati,India,Indira Gandhi Athletic Stadium,,,,Indian Super League,,20231229_NorthEast-United-FC_FC-Goa,-194.05163241748687,1.23,1.73,4,6,8,15,39.2,60.8,1,2,0,0,5,11
2024-01-31 14:00:00,Jamshedpur FC,NorthEast United FC,1.0,1.0,Jamshedpur,India,JRD Tata Sports Complex Stadium,,,,Indian Super League,,20240131_Jamshedpur-FC_NorthEast-United-FC,86.9438114462514,0.45,1.6,1,5,3,8,52.9,47.1,2,1,0,0,5,8
2024-02-01 14:00:00,Hyderabad,FC Goa,0.0,2.0,Hyderabad,India,G.M.C. Balayogi Athletic Stadium,,,,Indian Super League,,20240201_Hyderabad_FC-Goa,-49.19575809857861,0.92,2.47,2,9,5,18,50.6,49.4,1,0,0,0,6,9
2024-02-02 14:00:00,Odisha FC,Kerala Blasters FC,2.0,1.0,Bhubaneswar,India,Kalinga Stadium,,,,Indian Super League,,20240202_Odisha-FC_Kerala-Blasters-FC,-37.93161857340215,2.36,0.05,8,1,16,2,53.1,46.9,1,1,0,0,8,1
2024-02-03 11:30:00,Punjab FC,Bengaluru FC,3.0,1.0,Delhi,India,"Jawaharlal Nehru Stadium, Delhi",,,,Indian Super League,,20240203_Punjab-FC_Bengaluru-FC,-57.65603348050195,1.75,0.91,4,4,8,8,51.5,48.5,4,4,0,0,7,2
2024-02-03 14:00:00,Mohun Bagan Super Giant,SC East Bengal,2.0,2.0,Kolkata,India,Vivekananda Yuba Bharati Krirangan Stadium,,,,Indian Super League,,20240203_Mohun-Bagan-Super-Giant_SC-East-Bengal,162.1601031939258,0.44,0.57,2,2,5,4,58.4,41.6,3,3,0,0,1,3
2024-02-04 14:00:00,Mumbai City FC,Jamshedpur FC,2.0,3.0,Mumbai,India,Mumbai Football Arena,,,,Indian Super League,,20240204_Mumbai-City-FC_Jamshedpur-FC,172.35539955522813,0.77,1.12,2,4,4,7,49.6,50.4,4,0,0,0,3,1
2024-02-05 14:00:00,Hyderabad,Odisha FC,0.0,3.0,Hyderabad,India,G.M.C. Balayogi Athletic Stadium,,,,Indian Super League,,20240205_Hyderabad_Odisha-FC,-64.6055331330283,0.97,0.93,3,3,6,6,47.4,52.6,0,3,0,0,6,5
2024-02-07 14:00:00,Bengaluru FC,Chennaiyin FC,1.0,0.0,Bangalore,India,Sree Kanteerava Stadium,,,,Indian Super League,,20240207_Bengaluru-FC_Chennaiyin-FC,43.578408051188944,0.05,1.12,1,4,4,11,54.9,45.1,2,4,1,0,3,3
2024-02-09 14:00:00,Odisha FC,FC Goa,1.0,1.0,Bhubaneswar,India,Kalinga Stadium,,,,Indian Super League,,20240209_Odisha-FC_FC-Goa,4.579538239910789,0.48,0.66,4,2,12,3,50.3,49.7,0,2,0,0,5,1
2024-02-10 11:30:00,NorthEast United FC,SC East Bengal,3.0,2.0,Guwahati,India,Indira Gandhi Athletic Stadium,,,,Indian Super League,,20240210_NorthEast-United-FC_SC-East-Bengal,-57.20401945474782,0.92,1.61,3,4,5,8,45.2,54.8,2,0,0,0,6,4
2024-02-10 14:00:00,Mohun Bagan Super Giant,Hyderabad,2.0,0.0,Kolkata,India,Vivekananda Yuba Bharati Krirangan Stadium,,,,Indian Super League,,20240210_Mohun-Bagan-Super-Giant_Hyderabad,99.26792120469463,2.43,0.05,7,0,16,1,53.3,46.7,1,0,0,0,9,2
2024-02-11 14:00:00,Jamshedpur FC,Bengaluru FC,1.0,1.0,Jamshedpur,India,JRD Tata Sports Complex Stadium,,,,Indian Super League,,20240211_Jamshedpur-FC_Bengaluru-FC,-40.625538383408184,0.88,1.12,3,4,9,8,45.5,54.5,1,0,0,0,7,8
2024-02-12 14:00:00,Kerala Blasters FC,Punjab FC,1.0,3.0,Kochi,India,"Jawaharlal Nehru Stadium, Kochi",,,,Indian Super League,,20240212_Kerala-Blasters-FC_Punjab-FC,96.38213192115882,0.21,2.25,2,7,5,14,51.2,48.8,2,1,0,0,5,7
2024-02-13 14:00:00,SC East Bengal,Mumbai City FC,0.0,1.0,Kolkata,India,Vivekananda Yuba Bharati Krirangan Stadium,,,,Indian Super League,,20240213_SC-East-Bengal_Mumbai-City-FC,-192.66139292021307,0.75,0.43,2,2,7,4,43.6,56.4,1,0,0,0,3,10
2024-02-14 14:00:00,FC Goa,Mohun Bagan Super Giant,0.0,1.0,"Fatorda, Goa",India,Pandit Jawaharlal Nehru Stadium,,,,Indian Super League,,20240214_FC-Goa_Mohun-Bagan-Super-Giant,-28.157575124369714,0.81,1.95,4,6,9,13,47.2,52.8,1,2,0,0,2,5
2024-02-15 14:00:00,Punjab FC,Jamshedpur FC,0.0,4.0,Delhi,India,"Jawaharlal Nehru Stadium, Delhi",,,,Indian Super League,,20240215_Punjab-FC_Jamshedpur-FC,14.262662383051293,0.05,1.32,0,4,0,6,53.5,46.5,0,3,0,0,1,2
2024-02-16 14:00:00,Chennaiyin FC,Kerala Blasters FC,1.0,0.0,Chennai,India,"Jawaharlal Nehru Stadium, Chennai",,,,Indian Super League,,20240216_Chennaiyin-FC_Kerala-Blasters-FC,-105.50770551721939,1.47,0.43,5,3,11,5,49.9,50.1,3,2,0,0,7,5
2024-02-17 11:30:00,Mohun Bagan Super Giant,NorthEast United FC,4.0,2.0,Kolkata,India,Vivekananda Yuba Bharati Krirangan Stadium,,,,Indian Super League,,20240217_Mohun-Bagan-Super-Giant_NorthEast-United-FC,214.64401171069403,2.04,0.3,6,2,12,5,57.2,42.8,2,1,0,0,6,3
2024-02-17 14:00:00,Hyderabad,SC East Bengal,0.0,1.0,Hyderabad,India,G.M.C. Balayogi Athletic Stadium,,,,Indian Super League,,20240217_Hyderabad_SC-East-Bengal,63.688317843870664,1.06,1.38,4,4,7,10,56.5,43.5,1,0,0,1,5,4
2024-02-18 14:00:00,Mumbai City FC,Bengaluru FC,2.0,0.0,Mumbai,India,Mumbai Football Arena,,,,Indian Super League,,20240218_Mumbai-City-FC_Bengaluru-FC,104.063154199064,1.49,0.05,7,0,17,0,58.0,42.0,0,2,0,0,4,1
2024-02-21 14:00:00,FC Goa,NorthEast United FC,0.0,2.0,"Fatorda, Goa",India,Pandit Jawaharlal Nehru Stadium,,,,Indian Super League,,20240221_FC-Goa_NorthEast-United-FC,169.8321536268361,1.02,1.56,2,7,4,16,55.4,44.6,0,1,0,0,1,7
2024-02-22 14:00:00,Jamshedpur FC,SC East Bengal,2.0,1.0,Jamshedpur,India,JRD Tata Sports Complex Stadium,,,,Indian Super League,,20240222_Jamshedpur-FC_SC-East-Bengal,60.98954924969212,0.92,1.26,2,3,4,7,54.2,45.8,0,1,0,0,4,4
2024-02-23 14:00:00,Chennaiyin FC,Mumbai City FC,0.0,2.0,Chennai,India,"Jawaharlal Nehru Stadium, Chennai",,,,Indian Super League,,20240223_Chennaiyin-FC_Mumbai-City-FC,-160.2236362051815,0.54,0.9,4,3,7,7,43.3,56.7,1,4,0,0,5,5
2024-02-24 11:30:00,Odisha FC,Mohun Bagan Super Giant,0.0,0.0,Bhubaneswar,India,Kalinga Stadium,,,,Indian Super League,,20240224_Odisha-FC_Mohun-Bagan-Super-Giant,-40.32886528379527,0.52,0.5,1,3,2,7,52.4,47.6,3,2,0,0,2,4
2024-02-24 14:00:00,Bengaluru FC,Hyderabad,2.0,1.0,Bangalore,India,Sree Kanteerava Stadium,,,,Indian Super League,,20240224_Bengaluru-FC_Hyderabad,42.482103876571045,0.07,0.37,2,1,3,2,50.3,49.7,2,1,0,0,5,4
2024-02-25 14:00:00,Kerala Blasters FC,FC Goa,4.0,2.0,Kochi,India,"Jawaharlal Nehru Stadium, Kochi",,,,Indian Super League,,20240225_Kerala-Blasters-FC_FC-Goa,3.635924193746405,1.38,1.44,4,4,8,10,51.6,48.4,2,2,1,0,4,6
2024-02-26 14:00:00,SC East Bengal,Chennaiyin FC,1.0,0.0,Kolkata,India,Vivekananda Yuba Bharati Krirangan Stadium,,,,Indian Super League,,20240226_SC-East-Bengal_Chennaiyin-FC,-41.76544544980675,0.78,0.79,4,3,10,6,39.6,60.4,1,3,0,0,9,3
2024-02-27 14:00:00,Hyderabad,Punjab FC,0.0,2.0,Hyderabad,India,G.M.C. Balayogi Athletic Stadium,,,,Indian Super League,,20240227_Hyderabad_Punjab-FC,-25.470015345289994,0.64,0.95,4,2,11,5,47.5,52.5,3,3,0,0,5,4
2024-02-28 14:00:00,Mumbai City FC,FC Goa,1.0,1.0,Mumbai,India,Mumbai Football Arena,,,,Indian Super League,,20240228_Mumbai-City-FC_FC-Goa,108.12606621177542,1.29,0.08,3,2,7,5,61.5,38.5,0,2,0,0,5,5
2024-02-29 14:00:00,Odisha FC,SC East Bengal,2.0,1.0,Bhubaneswar,India,Kalinga Stadium,,,,Indian Super League,,20240229_Odisha-FC_SC-East-Bengal,140.0759198094854,1.52,0.32,6,1,11,3,59.8,40.2,3,1,0,0,6,4
2024-03-01 14:00:00,Mohun Bagan Super Giant,Jamshedpur FC,3.0,0.0,Kolkata,India,Vivekananda Yuba Bharati Krirangan Stadium,,,,Indian Super League,,20240301_Mohun-Bagan-Super-Giant_Jamshedpur-FC,110.24774098627063,1.16,0.62,3,1,8,3,49.9,50.1,2,5,0,0,4,2
2024-03-02 11:30:00,Punjab FC,Mumbai City FC,2.0,3.0,Delhi,India,"Jawaharlal Nehru Stadium, Delhi",,,,Indian Super League,,20240302_Punjab-FC_Mumbai-City-FC,-140.72162446184825,0.09,1.15,2,6,4,15,42.2,57.8,1,3,0,0,5,5
2024-03-02 14:00:00,Bengaluru FC,Kerala Blasters FC,1.0,0.0,Bangalore,India,Sree Kanteerava Stadium,,,,Indian Super League,,20240302_Bengaluru-FC_Kerala-Blasters-FC,-36.628603513655435,1.34,0.96,5,3,13,6,43.0,57.0,1,2,0,0,11,6
2024-03-03 14:00:00,Chennaiyin FC,Odisha FC,2.0,1.0,Chennai,India,"Jawaharlal Nehru Stadium, Chennai",,,,Indian Super League,,20240303_Chennaiyin-FC_Odisha-FC,-132.58980600369023,0.74,0.62,4,4,7,9,39.5,60.5,0,2,0,0,7,8
2024-03-04 14:00:00,Hyderabad,NorthEast United FC,2.0,2.0,Hyderabad,India,G.M.C. Balayogi Athletic Stadium,,,,Indian Super League,,20240304_Hyderabad_NorthEast-United-FC,39.15131411652828,0.91,2.36,2,7,6,13,54.7,45.3,3,3,0,0,5,5
2024-03-06 14:00:00,FC Goa,SC East Bengal,1.0,0.0,"Fatorda, Goa",India,Pandit Jawaharlal Nehru Stadium,,,,Indian Super League,,20240306_FC-Goa_SC-East-Bengal,105.1092465919653,1.82,1.12,5,2,10,4,52.5,47.5,2,3,0,0,9,3
2024-03-07 14:00:00,NorthEast United FC,Punjab FC,0.0,1.0,Guwahati,India,Indira Gandhi Athletic Stadium,,,,Indian Super League,,20240307_NorthEast-United-FC_Punjab-FC,-78.12945317676804,0.12,0.87,0,2,0,6,37.8,62.2,1,0,0,1,1,4
2024-03-08 14:00:00,Jamshedpur FC,Mumbai City FC,1.0,1.0,Jamshedpur,India,JRD Tata Sports Complex Stadium,,,,Indian Super League,,20240308_Jamshedpur-FC_Mumbai-City-FC,-146.91071769094674,1.24,1.22,2,4,3,10,50.8,49.2,0,1,0,0,5,6
2024-03-09 14:00:00,Chennaiyin FC,Hyderabad,0.0,1.0,Chennai,India,"Jawaharlal Nehru Stadium, Chennai",,,,Indian Super League,,20240309_Chennaiyin-FC_Hyderabad,22.455255917840077,0.91,1.57,4,5,8,11,50.0,50.0,1,1,0,0,4,3
2024-03-10 15:00:00,SC East Bengal,Mohun Bagan Super Giant,1.0,3.0,Kolkata,India,Vivekananda Yuba Bharati Krirangan Stadium,,,,Indian Super League,,20240310_SC-East-Bengal_Mohun-Bagan-Super-Giant,-201.8310403443711,0.95,0.86,3,4,6,8,43.5,56.5,3,3,0,0,1,7
2024-03-11 14:00:00,Punjab FC,FC Goa,3.0,3.0,Delhi,India,"Jawaharlal Nehru Stadium, Delhi",,,,Indian Super League,,20240311_Punjab-FC_FC-Goa,-46.351979516982055,1.85,1.78,5,6,12,13,47.7,52.3,0,1,0,0,5,10
2024-03-12 14:00:00,Mumbai City FC,NorthEast United FC,4.0,1.0,Mumbai,India,Mumbai Football Arena,,,,Indian Super League,,20240312_Mumbai-City-FC_NorthEast-United-FC,238.18343522679424,1.79,0.69,7,2,16,4,59.3,40.7,1,1,0,0,10,3
2024-03-13 14:00:00,Kerala Blasters FC,Mohun Bagan Super Giant,3.0,4.0,Kochi,India,"Jawaharlal Nehru Stadium, Kochi",,,,Indian Super League,,20240313_Kerala-Blasters-FC_Mohun-Bagan-Super-Giant,-83.4594579246816,1.63,2.07,4,8,10,19,46.6,53.4,0,3,0,0,7,4
2024-03-14 14:00:00,FC Goa,Bengaluru FC,2.0,1.0,"Fatorda, Goa",India,Pandit Jawaharlal Nehru Stadium,,,,Indian Super League,,20240314_FC-Goa_Bengaluru-FC,6.486849764648241,1.15,1.74,2,5,6,11,49.9,50.1,1,1,0,0,1,3
2024-03-30 11:30:00,Bengaluru FC,Odisha FC,0.0,0.0,Bangalore,India,Sree Kanteerava Stadium,,,,Indian Super League,,20240330_Bengaluru-FC_Odisha-FC,-44.791293781475815,0.98,1.02,2,2,4,3,45.8,54.2,3,1,1,0,4,6
2024-03-30 14:00:00,Jamshedpur FC,Kerala Blasters FC,1.0,1.0,Jamshedpur,India,JRD Tata Sports Complex Stadium,,,,Indian Super League,,20240330_Jamshedpur-FC_Kerala-Blasters-FC,-35.17490071852717,0.96,2.02,3,7,7,14,47.8,52.2,1,3,0,0,5,6
2024-03-31 14:00:00,Mohun Bagan Super Giant,Chennaiyin FC,2.0,3.0,Kolkata,India,Vivekananda Yuba Bharati Krirangan Stadium,,,,Indian Super League,,20240331_Mohun-Bagan-Super-Giant_Chennaiyin-FC,182.34896555183627,0.66,0.9,2,3,3,7,61.8,38.2,0,3,0,0,4,7
2024-04-01 14:00:00,Hyderabad,Mumbai City FC,0.0,3.0,Hyderabad,India,G.M.C. Balayogi Athletic Stadium,,,,Indian Super League,,20240401_Hyderabad_Mumbai-City-FC,-184.4632559211525,0.84,1.18,1,3,5,7,47.9,52.1,4,0,0,0,3,5
2024-04-02 14:00:00,Odisha FC,Punjab FC,3.0,1.0,Bhubaneswar,India,Kalinga Stadium,,,,Indian Super League,,20240402_Odisha-FC_Punjab-FC,68.15890384926206,1.11,1.96,3,8,9,17,52.2,47.8,0,3,0,0,6,10
2024-04-03 14:00:00,Kerala Blasters FC,SC East Bengal,2.0,4.0,Kochi,India,"Jawaharlal Nehru Stadium, Kochi",,,,Indian Super League,,20240403_Kerala-Blasters-FC_SC-East-Bengal,119.42926260071681,1.43,2.19,3,8,7,16,52.8,47.2,0,2,0,0,3,12
2024-04-04 14:00:00,Chennaiyin FC,Jamshedpur FC,2.0,1.0,Chennai,India,"Jawaharlal Nehru Stadium, Chennai",,,,Indian Super League,,20240404_Chennaiyin-FC_Jamshedpur-FC,-28.805011042517663,1.18,1.51,6,4,13,10,47.3,52.7,1,1,0,0,8,11
2024-04-05 14:00:00,FC Goa,Hyderabad,4.0,0.0,"Fatorda, Goa",India,Pandit Jawaharlal Nehru Stadium,,,,Indian Super League,,20240405_FC-Goa_Hyderabad,100.94618369901877,2.03,1.26,7,3,15,6,51.0,49.0,0,2,0,0,6,10
2024-04-06 11:30:00,Punjab FC,Mohun Bagan Super Giant,0.0,1.0,Delhi,India,"Jawaharlal Nehru Stadium, Delhi",,,,Indian Super League,,20240406_Punjab-FC_Mohun-Bagan-Super-Giant,-131.31936848404257,0.88,1.53,4,3,10,5,41.8,58.2,1,2,0,0,6,2
2024-04-06 14:00:00,NorthEast United FC,Kerala Blasters FC,2.0,0.0,Guwahati,India,Indira Gandhi Athletic Stadium,,,,Indian Super League,,20240406_NorthEast-United-FC_Kerala-Blasters-FC,-123.70943691538105,1.86,1.13,5,4,10,8,43.7,56.3,0,1,0,0,4,8
2024-04-07 14:00:00,SC East Bengal,Bengaluru FC,2.0,1.0,Kolkata,India,Vivekananda Yuba Bharati Krirangan Stadium,,,,Indian Super League,,20240407_SC-East-Bengal_Bengaluru-FC,-93.49665567858005,1.27,0.05,5,1,11,0,51.9,48.1,1,2,0,0,4,2
2024-04-08 14:00:00,Mumbai City FC,Odisha FC,2.0,1.0,Mumbai,India,Mumbai Football Arena,,,,Indian Super League,,20240408_Mumbai-City-FC_Odisha-FC,72.96132792126173,1.87,0.99,5,4,10,10,55.5,44.5,1,0,0,0,2,7
2024-04-09 11:30:00,Jamshedpur FC,FC Goa,2.0,3.0,Jamshedpur,India,JRD Tata Sports Complex Stadium,,,,Indian Super League,,20240409_Jamshedpur-FC_FC-Goa,-72.89181387273038,0.84,1.09,3,3,7,7,44.1,55.9,1,3,0,0,3,4
2024-04-09 14:00:00,Chennaiyin FC,NorthEast United FC,2.0,1.0,Chennai,India,"Jawaharlal Nehru Stadium, Chennai",,,,Indian Super League,,20240409_Chennaiyin-FC_NorthEast-United-FC,75.01255768993087,2.09,1.2,6,4,14,8,54.4,45.6,1,2,0,0,5,8
2024-04-10 14:00:00,Punjab FC,SC East Bengal,4.0,1.0,Delhi,India,"Jawaharlal Nehru Stadium, Delhi",,,,Indian Super League,,20240410_Punjab-FC_SC-East-Bengal,34.55417475996296,2.09,1.1,5,1,12,1,46.9,53.1,2,1,0,0,7,2
2024-04-11 14:00:00,Bengaluru FC,Mohun Bagan Super Giant,0.0,4.0,Bangalore,India,Sree Kanteerava Stadium,,,,Indian Super League,,20240411_Bengaluru-FC_Mohun-Bagan-Super-Giant,-118.02130598699296,1.26,1.07,6,4,13,9,38.7,61.3,0,1,0,0,9,6
2024-04-12 14:00:00,Hyderabad,Kerala Blasters FC,1.0,3.0,Hyderabad,India,G.M.C. Balayogi Athletic Stadium,,,,Indian Super League,,20240412_Hyderabad_Kerala-Blasters-FC,-58.94634050820059,1.45,1.84,4,6,8,14,37.9,62.1,1,0,0,0,1,6
2024-04-13 14:00:00,NorthEast United FC,Odisha FC,3.0,0.0,Guwahati,India,Indira Gandhi Athletic Stadium,,,,Indian Super League,,20240413_NorthEast-United-FC_Odisha-FC,-164.9376555180313,1.19,0.99,5,3,10,4,49.9,50.1,1,3,0,0,6,7
2024-04-14 14:00:00,FC Goa,Chennaiyin FC,4.0,1.0,"Fatorda, Goa",India,Pandit Jawaharlal Nehru Stadium,,,,Indian Super League,,20240414_FC-Goa_Chennaiyin-FC,75.78161863662058,2.1,0.94,5,5,12,10,59.4,40.6,0,2,0,0,3,3
2024-04-15 14:00:00,Mohun Bagan Super Giant,Mumbai City FC,2.0,1.0,Kolkata,India,Vivekananda Yuba Bharati Krirangan Stadium,,,,Indian Super League,,20240415_Mohun-Bagan-Super-Giant_Mumbai-City-FC,-22.926232388053904,1.46,0.4,3,3,7,8,55.8,44.2,1,1,0,0,8,7
2024-04-19 14:00:00,Odisha FC,Kerala Blasters FC,2.0,1.0,Bhubaneswar,India,Kalinga Stadium,,,,Indian Super League,,20240419_Odisha-FC_Kerala-Blasters-FC,36.69384285175738,1.3,1.44,3,5,8,10,50.0,50.0,2,1,0,0,4,4
2024-04-20 14:00:00,FC Goa,Chennaiyin FC,2.0,1.0,"Fatorda, Goa",India,Pandit Jawaharlal Nehru Stadium,,,,Indian Super League,,20240420_FC-Goa_Chennaiyin-FC,94.62827534726625,0.21,0.95,2,4,3,8,58.1,41.9,6,3,0,1,3,8
2024-04-23 14:00:00,Odisha FC,Mohun Bagan Super Giant,2.0,1.0,Bhubaneswar,India,Kalinga Stadium,,,,Indian Super League,,20240423_Odisha-FC_Mohun-Bagan-Super-Giant,-88.4254204489298,1.53,0.23,4,1,10,5,51.5,48.5,0,6,0,0,8,4
2024-04-24 14:00:00,FC Goa,Mumbai City FC,2.0,3.0,"Fatorda, Goa",India,Pandit Jawaharlal Nehru Stadium,,,,Indian Super League,,20240424_FC-Goa_Mumbai-City-FC,-56.21609593164317,0.89,1.39,4,5,9,11,45.9,54.1,4,0,0,0,1,7
2024-04-28 14:00:00,Mohun Bagan Super Giant,Odisha FC,2.0,0.0,Kolkata,India,Vivekananda Yuba Bharati Krirangan Stadium,,,,Indian Super League,,20240428_Mohun-Bagan-Super-Giant_Odisha-FC,58.44576488760458,0.12,0.05,2,1,6,3,52.3,47.7,2,2,0,0,4,1
2024-04-29 14:00:00,Mumbai City FC,FC Goa,2.0,0.0,Mumbai,India,Mumbai Football Arena,,,,Indian Super League,,20240429_Mumbai-City-FC_FC-Goa,76.36636268767211,1.06,1.39,2,6,4,15,56.6,43.4,2,1,0,0,2,9
2024-05-04 14:00:00,Mohun Bagan Super Giant,Mumbai City FC,1.0,3.0,Kolkata,India,Vivekananda Yuba Bharati Krirangan Stadium,,,,Indian Super League,,20240504_Mohun-Bagan-Super-Giant_Mumbai-City-FC,-21.813687302095786,1.14,1.74,4,7,8,14,51.2,48.8,5,2,0,0,9,7
2024-09-13 14:00:00,Mohun Bagan Super Giant,Mumbai City FC,2.0,2.0,Kolkata,India,Vivekananda Yuba Bharati Krirangan Stadium,,,,Indian Super League,,20240913_Mohun-Bagan-Super-Giant_Mumbai-City-FC,-44.308827999524055,1.8,1.36,6,5,13,10,56.9,43.1,3,3,0,0,8,5
2024-09-14 11:30:00,Odisha FC,Chennaiyin FC,2.0,3.0,Bhubaneswar,India,Kalinga Stadium,,,,Indian Super League,,20240914_Odisha-FC_Chennaiyin-FC,87.68404366116465,1.51,1.2,3,3,7,6,62.0,38.0,3,2,1,0,4,6
2024-09-14 14:00:00,Bengaluru FC,SC East Bengal,1.0,0.0,Bangalore,India,Sree Kanteerava Stadium,,,,Indian Super League,,20240914_Bengaluru-FC_SC-East-Bengal,65.92654735092196,1.1,1.09,5,3,11,7,42.3,57.7,0,2,0,0,10,7
2024-09-15 14:00:00,Kerala Blasters FC,Punjab FC,1.0,2.0,Kochi,India,"Jawaharlal Nehru Stadium, Kochi",,,,Indian Super League,,20240915_Kerala-Blasters-FC_Punjab-FC,10.116658489130714,0.64,1.51,2,6,4,10,53.8,46.2,2,4,0,1,6,3
2024-09-16 14:00:00,Mohammedan SC,NorthEast United FC,0.0,1.0,Kolkata,India,Kishore Bharati Krirangan,,,,Indian Super League,,20240916_Mohammedan-SC_NorthEast-United-FC,96.36572132875472,0.34,0.17,0,1,1,3,52.1,47.9,2,3,0,0,0,3
2024-09-17 14:00:00,FC Goa,Jamshedpur FC,1.0,2.0,"Fatorda, Goa",India,Pandit Jawaharlal Nehru Stadium,,,,Indian Super League,,20240917_FC-Goa_Jamshedpur-FC,90.68349215681087,0.06,1.5,1,6,3,12,58.6,41.4,0,1,0,0,1,4
2024-09-19 14:00:00,Bengaluru FC,Hyderabad,3.0,0.0,Bangalore,India,Sree Kanteerava Stadium,,,,Indian Super League,,20240919_Bengaluru-FC_Hyderabad,77.56047709674772,1.2,1.23,5,2,10,4,55.8,44.2,1,2,0,0,7,1
2024-09-20 14:00:00,Punjab FC,Odisha FC,2.0,1.0,Delhi,India,"Jawaharlal Nehru Stadium, Delhi",,,,Indian Super League,,20240920_Punjab-FC_Odisha-FC,-45.95969101927153,0.89,1.31,2,5,4,12,47.5,52.5,2,1,0,0,4,8
2024-09-21 11:30:00,Jamshedpur FC,Mumbai City FC,3.0,2.0,Jamshedpur,India,JRD Tata Sports Complex Stadium,,,,Indian Super League,,20240921_Jamshedpur-FC_Mumbai-City-FC,-180.52057784306203,1.49,1.62,4,5,10,11,44.1,55.9,0,1,0,0,6,9
2024-09-21 14:00:00,Mohammedan SC,FC Goa,1.0,1.0,Kolkata,India,Kishore Bharati Krirangan,,,,Indian Super League,,20240921_Mohammedan-SC_FC-Goa,-54.9586270095524,1.82,0.4,7,1,14,3,47.4,52.6,1,0,0,0,4,3
2024-09-22 14:00:00,Kerala Blasters FC,SC East Bengal,2.0,1.0,Kochi,India,"Jawaharlal Nehru Stadium, Kochi",,,,Indian Super League,,20240922_Kerala-Blasters-FC_SC-East-Bengal,63.69235443388675,1.49,1.2,5,4,10,8,50.5,49.5,3,2,0,1,7,4
2024-09-23 14:00:00,Mohun Bagan Super Giant,NorthEast United FC,3.0,2.0,Kolkata,India,Vivekananda Yuba Bharati Krirangan Stadium,,,,Indian Super League,,20240923_Mohun-Bagan-Super-Giant_NorthEast-United-FC,199.53147947900106,0.75,1.47,3,5,7,8,53.7,46.3,2,1,0,0,3,3
2024-09-25 14:00:00,Punjab FC,Hyderabad,2.0,0.0,Delhi,India,"Jawaharlal Nehru Stadium, Delhi",,,,Indian Super League,,20240925_Punjab-FC_Hyderabad,93.35140851915799,0.97,0.37,2,0,4,0,51.8,48.2,2,0,0,0,4,4
2024-09-26 14:00:00,Chennaiyin FC,Mohammedan SC,0.0,1.0,Chennai,India,"Jawaharlal Nehru Stadium, Chennai",,,,Indian Super League,,20240926_Chennaiyin-FC_Mohammedan-SC,-9.664603651367088,0.23,1.05,2,4,4,9,47.6,52.4,4,2,0,0,4,7
2024-09-27 14:00:00,SC East Bengal,FC Goa,2.0,3.0,Kolkata,India,Vivekananda Yuba Bharati Krirangan Stadium,,,,Indian Super League,,20240927_SC-East-Bengal_FC-Goa,-137.1642111759504,1.33,1.48,4,6,8,11,45.2,54.8,2,2,0,0,12,4
2024-09-28 11:30:00,Odisha FC,Jamshedpur FC,2.0,1.0,Bhubaneswar,India,Kalinga Stadium,,,,Indian Super League,,20240928_Odisha-FC_Jamshedpur-FC,24.26281442306481,1.09,0.44,2,2,4,2,53.7,46.3,1,1,0,0,5,7
2024-09-28 14:00:00,Bengaluru FC,Mohun Bagan Super Giant,3.0,0.0,Bangalore,India,Sree Kanteerava Stadium,,,,Indian Super League,,20240928_Bengaluru-FC_Mohun-Bagan-Super-Giant,-118.90723845177354,1.7,0.44,4,1,8,2,46.1,53.9,1,4,0,0,6,2
2024-09-29 14:00:00,NorthEast United FC,Kerala Blasters FC,1.0,1.0,Guwahati,India,Indira Gandhi Athletic Stadium,,,,Indian Super League,,20240929_NorthEast-United-FC_Kerala-Blasters-FC,-70.90567945678345,0.42,1.39,2,5,4,9,50.9,49.1,4,2,0,0,2,3
2024-10-01 14:00:00,Hyderabad,Chennaiyin FC,0.0,0.0,Hyderabad,India,G.M.C. Balayogi Athletic Stadium,,,,Indian Super League,,20241001_Hyderabad_Chennaiyin-FC,-65.16534190627976,1.04,0.54,4,2,8,7,42.3,57.7,0,0,0,0,7,4
2024-10-02 14:00:00,Mumbai City FC,Bengaluru FC,0.0,0.0,Mumbai,India,Mumbai Football Arena,,,,Indian Super League,,20241002_Mumbai-City-FC_Bengaluru-FC,120.71166522044359,0.99,0.53,4,1,12,2,47.6,52.4,0,1,0,0,6,3
2024-10-03 14:00:00,Odisha FC,Kerala Blasters FC,2.0,2.0,Bhubaneswar,India,Kalinga Stadium,,,,Indian Super League,,20241003_Odisha-FC_Kerala-Blasters-FC,50.7179159036059,0.69,0.15,2,2,4,4,43.1,56.9,2,0,0,0,3,5
2024-10-04 14:00:00,FC Goa,NorthEast United FC,3.0,3.0,"Fatorda, Goa",India,Pandit Jawaharlal Nehru Stadium,,,,Indian Super League,,20241004_FC-Goa_NorthEast-United-FC,129.807272008175,1.0,0.94,3,4,6,8,54.5,45.5,0,2,0,0,7,8
2024-10-05 11:30:00,Jamshedpur FC,SC East Bengal,2.0,0.0,Jamshedpur,India,JRD Tata Sports Complex Stadium,,,,Indian Super League,,20241005_Jamshedpur-FC_SC-East-Bengal,92.54833032288343,0.6,0.75,2,2,5,4,55.6,44.4,3,1,0,0,2,5
2024-10-05 14:00:00,Mohun Bagan Super Giant,Mohammedan SC,3.0,0.0,Kolkata,India,Vivekananda Yuba Bharati Krirangan Stadium,,,,Indian Super League,,20241005_Mohun-Bagan-Super-Giant_Mohammedan-SC,109.93221062849148,1.56,0.62,6,2,11,5,49.0,51.0,2,2,0,0,3,2
2024-10-17 14:00:00,NorthEast United FC,Chennaiyin FC,2.0,3.0,Guwahati,India,Indira Gandhi Athletic Stadium,,,,Indian Super League,,20241017_NorthEast-United-FC_Chennaiyin-FC,-43.27810208594315,1.83,1.83,5,4,11,8,45.7,54.3,2,2,0,0,7,7
2024-10-18 14:00:00,Bengaluru FC,Punjab FC,1.0,0.0,Bangalore,India,Sree Kanteerava Stadium,,,,Indian Super League,,20241018_Bengaluru-FC_Punjab-FC,14.050405852902486,2.06,0.61,7,1,15,2,49.8,50.2,0,4,0,0,6,4
2024-10-19 11:30:00,FC Goa,Mumbai City FC,1.0,2.0,"Fatorda, Goa",India,Pandit Jawaharlal Nehru Stadium,,,,Indian Super League,,20241019_FC-Goa_Mumbai-City-FC,-96.89921385935713,1.18,2.18,3,6,7,12,45.8,54.2,0,2,0,0,2,7
2024-10-19 14:00:00,SC East Bengal,Mohun Bagan Super Giant,0.0,2.0,Kolkata,India,Vivekananda Yuba Bharati Krirangan Stadium,,,,Indian Super League,,20241019_SC-East-Bengal_Mohun-Bagan-Super-Giant,-232.2652642839589,0.05,1.61,1,5,0,10,40.7,59.3,5,1,0,0,2,6
2024-10-20 14:00:00,Mohammedan SC,Kerala Blasters FC,1.0,2.0,Kolkata,India,Kishore Bharati Krirangan,,,,Indian Super League,,20241020_Mohammedan-SC_Kerala-Blasters-FC,6.646893508980611,0.66,1.83,1,6,2,13,47.5,52.5,2,2,0,0,1,9
2024-10-21 14:00:00,Jamshedpur FC,Hyderabad,2.0,1.0,Jamshedpur,India,JRD Tata Sports Complex Stadium,,,,Indian Super League,,20241021_Jamshedpur-FC_Hyderabad,92.23201571547224,0.67,0.43,2,1,4,3,51.3,48.7,3,3,0,0,5,2
2024-10-22 14:00:00,Odisha FC,SC East Bengal,2.0,1.0,Bhubaneswar,India,Kalinga Stadium,,,,Indian Super League,,20241022_Odisha-FC_SC-East-Bengal,151.2674508139628,0.78,0.05,3,1,6,3,51.1,48.9,2,0,0,0,4,5
2024-10-24 14:00:00,Chennaiyin FC,FC Goa,2.0,2.0,Chennai,India,"Jawaharlal Nehru Stadium, Chennai",,,,Indian Super League,,20241024_Chennaiyin-FC_FC-Goa,-58.70728187800319,1.49,0.8,3,4,7,7,53.1,46.9,3,1,0,0,4,6
2024-10-25 14:00:00,Kerala Blasters FC,Bengaluru FC,1.0,3.0,Kochi,India,"Jawaharlal Nehru Stadium, Kochi",,,,Indian Super League,,20241025_Kerala-Blasters-FC_Bengaluru-FC,-41.19887708558349,1.17,1.81,5,7,11,15,45.7,54.3,1,0,0,0,4,6
2024-10-26 11:30:00,NorthEast United FC,Jamshedpur FC,5.0,0.0,Guwahati,India,Indira Gandhi Athletic Stadium,,,,Indian Super League,,20241026_NorthEast-United-FC_Jamshedpur-FC,-94.19429477859899,1.04,0.06,5,0,10,0,45.7,54.3,1,2,0,0,6,4
2024-10-26 14:00:00,Mohammedan SC,Hyderabad,0.0,4.0,Kolkata,India,Kishore Bharati Krirangan,,,,Indian Super League,,20241026_Mohammedan-SC_Hyderabad,84.27054815202382,1.19,2.45,3,7,7,15,51.7,48.3,2,3,0,0,7,9
2024-10-27 14:00:00,Mumbai City FC,Odisha FC,1.0,1.0,Mumbai,India,Mumbai Football Arena,,,,Indian Super League,,20241027_Mumbai-City-FC_Odisha-FC,109.02268907975122,0.25,1.36,1,5,2,10,57.1,42.9,0,1,0,0,1,7
2024-10-30 14:00:00,Hyderabad,Mohun Bagan Super Giant,0.0,2.0,Hyderabad,India,G.M.C. Balayogi Athletic Stadium,,,,Indian Super League,,20241030_Hyderabad_Mohun-Bagan-Super-Giant,-213.2192775245503,0.27,1.65,1,6,1,16,47.4,52.6,1,1,0,0,0,4
2024-10-31 14:00:00,Punjab FC,Chennaiyin FC,3.0,2.0,Delhi,India,"Jawaharlal Nehru Stadium, Delhi",,,,Indian Super League,,20241031_Punjab-FC_Chennaiyin-FC,24.076619383077286,1.39,0.94,4,3,9,7,47.1,52.9,2,1,0,0,4,5
2024-11-02 14:00:00,FC Goa,Bengaluru FC,3.0,0.0,"Fatorda, Goa",India,Pandit Jawaharlal Nehru Stadium,,,,Indian Super League,,20241102_FC-Goa_Bengaluru-FC,-17.05057291135745,1.23,0.66,4,0,8,0,45.7,54.3,0,1,0,0,6,3
2024-11-03 11:30:00,NorthEast United FC,Odisha FC,3.0,2.0,Guwahati,India,Indira Gandhi Athletic Stadium,,,,Indian Super League,,20241103_NorthEast-United-FC_Odisha-FC,-116.83316432118909,1.38,1.68,6,7,13,15,48.7,51.3,0,1,0,0,10,9
2024-11-03 14:00:00,Mumbai City FC,Kerala Blasters FC,4.0,2.0,Mumbai,India,Mumbai Football Arena,,,,Indian Super League,,20241103_Mumbai-City-FC_Kerala-Blasters-FC,158.05161781777883,2.29,0.76,7,2,17,4,52.0,48.0,1,1,0,0,6,4
2024-11-04 14:00:00,Jamshedpur FC,Chennaiyin FC,1.0,5.0,Jamshedpur,India,JRD Tata Sports Complex Stadium,,,,Indian Super League,,20241104_Jamshedpur-FC_Chennaiyin-FC,23.87560344447047,0.11,2.46,2,7,5,15,53.0,47.0,0,2,0,0,4,9
2024-11-06 14:00:00,FC Goa,Punjab FC,2.0,1.0,"Fatorda, Goa",India,Pandit Jawaharlal Nehru Stadium,,,,Indian Super League,,20241106_FC-Goa_Punjab-FC,32.03214942579143,1.28,1.78,3,4,7,10,47.5,52.5,2,1,0,0,4,4
2024-11-07 14:00:00,Kerala Blasters FC,Hyderabad,1.0,2.0,Kochi,India,"Jawaharlal Nehru Stadium, Kochi",,,,Indian Super League,,20241107_Kerala-Blasters-FC_Hyderabad,75.19468200503707,1.23,0.79,3,4,6,10,50.3,49.7,3,1,0,0,3,5
2024-11-08 14:00:00,Bengaluru FC,NorthEast United FC,2.0,2.0,Bangalore,India,Sree Kanteerava Stadium,,,,Indian Super League,,20241108_Bengaluru-FC_NorthEast-United-FC,94.3990742500282,1.32,1.0,5,2,12,2,51.2,48.8,1,2,1,0,4,1
2024-11-09 11:30:00,Chennaiyin FC,Mumbai City FC,1.0,1.0,Chennai,India,"Jawaharlal Nehru Stadium, Chennai",,,,Indian Super League,,20241109_Chennaiyin-FC_Mumbai-City-FC,-172.66135552362653,1.63,1.25,6,2,12,5,45.0,55.0,1,3,0,0,3,3
2024-11-09 14:00:00,SC East Bengal,Mohammedan SC,0.0,0.0,Kolkata,India,Vivekananda Yuba Bharati Krirangan Stadium,,,,Indian Super League,,20241109_SC-East-Bengal_Mohammedan-SC,-90.67312010329056,0.05,0.56,2,1,1,3,47.7,52.3,1,2,0,0,2,0
2024-11-10 14:00:00,Odisha FC,Mohun Bagan Super Giant,1.0,1.0,Bhubaneswar,India,Kalinga Stadium,,,,Indian Super League,,20241110_Odisha-FC_Mohun-Bagan-Super-Giant,-101.58198953643932,0.9,0.73,2,2,3,5,42.8,57.2,2,4,0,0,2,5
2024-11-23 11:30:00,Punjab FC,NorthEast United FC,1.0,2.0,Delhi,India,"Jawaharlal Nehru Stadium, Delhi",,,,Indian Super League,,20241123_Punjab-FC_NorthEast-United-FC,56.413948041528556,1.36,0.74,3,2,7,3,49.2,50.8,2,2,0,0,4,4
2024-11-23 14:00:00,Mohun Bagan Super Giant,Jamshedpur FC,3.0,0.0,Kolkata,India,Vivekananda Yuba Bharati Krirangan Stadium,,,,Indian Super League,,20241123_Mohun-Bagan-Super-Giant_Jamshedpur-FC,148.09444248800014,1.07,0.63,3,1,6,4,48.2,51.8,3,1,0,0,2,3
2024-11-24 14:00:00,Kerala Blasters FC,Chennaiyin FC,3.0,0.0,Kochi,India,"Jawaharlal Nehru Stadium, Kochi",,,,Indian Super League,,20241124_Kerala-Blasters-FC_Chennaiyin-FC,-19.24203665985874,1.61,0.37,6,2,13,5,43.9,56.1,0,0,0,0,9,5
2024-11-25 14:00:00,Hyderabad,Odisha FC,0.0,6.0,Hyderabad,India,G.M.C. Balayogi Athletic Stadium,,,,Indian Super League,,20241125_Hyderabad_Odisha-FC,-111.37046940916525,1.42,1.91,4,6,6,12,45.6,54.4,5,0,1,0,10,7
2024-11-26 14:00:00,Mumbai City FC,Punjab FC,0.0,3.0,Mumbai,India,Mumbai Football Arena,,,,Indian Super League,,20241126_Mumbai-City-FC_Punjab-FC,158.3801983412843,1.1,2.28,2,7,4,14,59.8,40.2,4,1,0,0,2,2
2024-11-27 14:00:00,Mohammedan SC,Bengaluru FC,1.0,2.0,Kolkata,India,Kishore Bharati Krirangan,,,,Indian Super League,,20241127_Mohammedan-SC_Bengaluru-FC,-71.74117951575545,0.64,2.11,2,5,5,11,49.2,50.8,2,0,0,0,4,12
2024-11-28 14:00:00,Kerala Blasters FC,FC Goa,0.0,1.0,Kochi,India,"Jawaharlal Nehru Stadium, Kochi",,,,Indian Super League,,20241128_Kerala-Blasters-FC_FC-Goa,-77.58315563877682,1.08,1.32,2,3,6,6,50.0,50.0,4,0,0,0,3,6
2024-11-29 14:00:00,SC East Bengal,NorthEast United FC,1.0,0.0,Kolkata,India,Vivekananda Yuba Bharati Krirangan Stadium,,,,Indian Super League,,20241129_SC-East-Bengal_NorthEast-United-FC,-82.18669926434563,0.54,1.03,1,1,1,4,52.0,48.0,1,0,1,0,2,6
2024-11-30 11:30:00,Mumbai City FC,Hyderabad,1.0,0.0,Mumbai,India,Mumbai Football Arena,,,,Indian Super League,,20241130_Mumbai-City-FC_Hyderabad,218.10963338289162,0.05,0.87,1,2,3,5,59.2,40.8,2,2,0,0,5,1
2024-11-30 14:00:00,Mohun Bagan Super Giant,Chennaiyin FC,1.0,0.0,Kolkata,India,Vivekananda Yuba Bharati Krirangan Stadium,,,,Indian Super League,,20241130_Mohun-Bagan-Super-Giant_Chennaiyin-FC,160.64442483890934,0.62,0.18,2,1,3,3,52.4,47.6,0,1,0,0,6,4
2024-12-01 14:00:00,Odisha FC,Bengaluru FC,4.0,2.0,Bhubaneswar,India,Kalinga Stadium,,,,Indian Super League,,20241201_Odisha-FC_Bengaluru-FC,-4.027888912545677,2.15,0.73,7,2,15,4,42.8,57.2,2,3,1,1,7,6
2024-12-02 14:00:00,Jamshedpur FC,Mohammedan SC,3.0,1.0,Jamshedpur,India,JRD Tata Sports Complex Stadium,,,,Indian Super League,,20241202_Jamshedpur-FC_Mohammedan-SC,18.036930387152324,1.29,1.65,4,5,12,9,49.8,50.2,3,3,0,0,5,5
2024-12-04 14:00:00,Hyderabad,FC Goa,0.0,2.0,Hyderabad,India,G.M.C. Balayogi Athletic Stadium,,,,Indian Super League,,20241204_Hyderabad_FC-Goa,-159.29291498103362,0.21,0.6,0,5,1,11,43.7,56.3,3,1,0,0,1,5
2024-12-05 14:00:00,Odisha FC,Mumbai City FC,0.0,0.0,Bhubaneswar,India,Kalinga Stadium,,,,Indian Super League,,20241205_Odisha-FC_Mumbai-City-FC,-83.36197375060192,0.86,0.05,3,0,5,2,47.2,52.8,2,1,0,0,5,1
2024-12-06 14:00:00,Punjab FC,Mohammedan SC,2.0,0.0,Delhi,India,"Jawaharlal Nehru Stadium, Delhi",,,,Indian Super League,,20241206_Punjab-FC_Mohammedan-SC,64.24428232365904,0.89,0.7,4,2,9,3,53.4,46.6,0,3,0,0,5,3
2024-12-07 11:30:00,Chennaiyin FC,SC East Bengal,0.0,2.0,Chennai,India,"Jawaharlal Nehru Stadium, Chennai",,,,Indian Super League,,20241207_Chennaiyin-FC_SC-East-Bengal,73.22320840594853,0.16,0.77,0,4,1,10,58.9,41.1,1,1,0,0,4,10
2024-12-07 14:00:00,Bengaluru FC,Kerala Blasters FC,4.0,2.0,Bangalore,India,Sree Kanteerava Stadium,,,,Indian Super League,,20241207_Bengaluru-FC_Kerala-Blasters-FC,62.15929221845931,2.05,1.99,7,7,17,16,55.7,44.3,1,5,0,0,10,7
2024-12-08 14:00:00,NorthEast United FC,Mohun Bagan Super Giant,0.0,2.0,Guwahati,India,Indira Gandhi Athletic Stadium,,,,Indian Super League,,20241208_NorthEast-United-FC_Mohun-Bagan-Super-Giant,-194.8862455401154,1.34,0.16,4,2,10,2,43.0,57.0,3,1,0,0,3,6
2024-12-11 14:00:00,Chennaiyin FC,Hyderabad,1.0,0.0,Chennai,India,"Jawaharlal Nehru Stadium, Chennai",,,,Indian Super League,,20241211_Chennaiyin-FC_Hyderabad,51.80570133270771,0.63,1.3,1,4,2,10,51.9,48.1,1,0,0,0,4,5
2024-12-12 14:00:00,SC East Bengal,Odisha FC,1.0,2.0,Kolkata,India,Vivekananda Yuba Bharati Krirangan Stadium,,,,Indian Super League,,20241212_SC-East-Bengal_Odisha-FC,-147.5033731934086,0.13,0.76,1,3,5,7,49.6,50.4,3,3,0,0,4,7
2024-12-13 14:00:00,Jamshedpur FC,Punjab FC,2.0,1.0,Jamshedpur,India,JRD Tata Sports Complex Stadium,,,,Indian Super League,,20241213_Jamshedpur-FC_Punjab-FC,-33.258210291571686,0.05,1.71,2,5,5,11,50.9,49.1,1,1,0,0,2,7
2024-12-14 11:30:00,Bengaluru FC,FC Goa,2.0,2.0,Bangalore,India,Sree Kanteerava Stadium,,,,Indian Super League,,20241214_Bengaluru-FC_FC-Goa,-31.13008124497037,1.23,1.98,3,7,6,15,46.6,53.4,0,1,0,0,5,9
2024-12-14 14:00:00,Mohun Bagan Super Giant,Kerala Blasters FC,3.0,2.0,Kolkata,India,Vivekananda Yuba Bharati Krirangan Stadium,,,,Indian Super League,,20241214_Mohun-Bagan-Super-Giant_Kerala-Blasters-FC,186.5102085886233,2.82,1.86,8,5,19,10,52.7,47.3,0,1,0,0,9,1
2024-12-15 14:00:00,Mohammedan SC,Mumbai City FC,0.0,1.0,Kolkata,India,Kishore Bharati Krirangan,,,,Indian Super League,,20241215_Mohammedan-SC_Mumbai-City-FC,-200.68632517970627,0.98,1.07,4,3,8,7,44.9,55.1,1,4,0,0,8,3
2024-12-17 14:00:00,SC East Bengal,Punjab FC,4.0,2.0,Kolkata,India,Vivekananda Yuba Bharati Krirangan Stadium,,,,Indian Super League,,20241217_SC-East-Bengal_Punjab-FC,-102.43066756905728,1.79,0.11,4,2,10,5,43.2,56.8,1,4,0,0,6,4
2024-12-20 14:00:00,FC Goa,Mohun Bagan Super Giant,2.0,1.0,"Fatorda, Goa",India,Pandit Jawaharlal Nehru Stadium,,,,Indian Super League,,20241220_FC-Goa_Mohun-Bagan-Super-Giant,-80.65481982620895,0.91,1.89,2,5,4,9,44.9,55.1,2,2,0,1,3,7
2024-12-21 11:30:00,Mumbai City FC,Chennaiyin FC,1.0,0.0,Mumbai,India,Mumbai Football Arena,,,,Indian Super League,,20241221_Mumbai-City-FC_Chennaiyin-FC,176.5011574761072,0.44,0.27,1,4,3,9,54.1,45.9,2,2,0,0,1,3
2024-12-21 14:00:00,SC East Bengal,Jamshedpur FC,1.0,0.0,Kolkata,India,Vivekananda Yuba Bharati Krirangan Stadium,,,,Indian Super League,,20241221_SC-East-Bengal_Jamshedpur-FC,-80.0240897540682,1.4,0.49,3,1,7,3,41.2,58.8,1,2,0,0,5,4
2024-12-22 14:00:00,Kerala Blasters FC,Mohammedan SC,3.0,0.0,Kochi,India,"Jawaharlal Nehru Stadium, Kochi",,,,Indian Super League,,20241222_Kerala-Blasters-FC_Mohammedan-SC,27.49993015071641,0.98,0.63,4,0,9,0,48.9,51.1,2,2,0,0,6,2
2024-12-23 14:00:00,Hyderabad,NorthEast United FC,2.0,5.0,Hyderabad,India,G.M.C. Balayogi Athletic Stadium,,,,Indian Super League,,20241223_Hyderabad_NorthEast-United-FC,-50.015585458437954,0.86,2.6,4,9,9,20,49.3,50.7,0,0,0,0,2,12
2024-12-26 14:00:00,Punjab FC,Mohun Bagan Super Giant,1.0,3.0,Delhi,India,"Jawaharlal Nehru Stadium, Delhi",,,,Indian Super League,,20241226_Punjab-FC_Mohun-Bagan-Super-Giant,-150.47841333888277,0.39,0.6,1,3,1,6,47.0,53.0,1,1,0,0,3,3
2024-12-27 14:00:00,Mohammedan SC,Odisha FC,0.0,0.0,Kolkata,India,Kishore Bharati Krirangan,,,,Indian Super League,,20241227_Mohammedan-SC_Odisha-FC,-146.96665782256696,0.61,1.03,2,3,2,6,44.9,55.1,2,1,0,0,5,1
2024-12-28 11:30:00,Hyderabad,SC East Bengal,1.0,1.0,Hyderabad,India,G.M.C. Balayogi Athletic Stadium,,,,Indian Super League,,20241228_Hyderabad_SC-East-Bengal,-51.039100674617885,1.39,1.1,4,5,7,13,42.4,57.6,3,2,0,0,2,7
2024-12-28 14:00:00,Chennaiyin FC,Bengaluru FC,2.0,4.0,Chennai,India,"Jawaharlal Nehru Stadium, Chennai",,,,Indian Super League,,20241228_Chennaiyin-FC_Bengaluru-FC,-87.29258514004255,0.78,1.78,3,7,5,16,35.4,64.6,0,1,0,0,4,9
2024-12-29 14:00:00,Jamshedpur FC,Kerala Blasters FC,1.0,0.0,Jamshedpur,India,JRD Tata Sports Complex Stadium,,,,Indian Super League,,20241229_Jamshedpur-FC_Kerala-Blasters-FC,16.223949208938848,0.16,0.05,1,2,2,5,54.0,46.0,1,2,1,0,6,5
2024-12-30 14:00:00,Mumbai City FC,NorthEast United FC,0.0,3.0,Mumbai,India,Mumbai Football Arena,,,,Indian Super League,,20241230_Mumbai-City-FC_NorthEast-United-FC,194.83386244761982,1.08,1.26,3,3,7,5,54.6,45.4,1,1,0,0,7,3
2025-01-02 14:00:00,Mohun Bagan Super Giant,Hyderabad,3.0,0.0,Kolkata,India,Vivekananda Yuba Bharati Krirangan Stadium,,,,Indian Super League,,20250102_Mohun-Bagan-Super-Giant_Hyderabad,263.70928710367866,1.57,0.97,4,4,10,8,55.7,44.3,4,0,1,0,6,4
2025-01-03 14:00:00,NorthEast United FC,Mohammedan SC,0.0,0.0,Guwahati,India,Indira Gandhi Athletic Stadium,,,,Indian Super League,,20250103_NorthEast-United-FC_Mohammedan-SC,48.09061158506324,0.24,0.12,0,1,1,2,53.0,47.0,1,2,0,0,2,6
2025-01-04 11:30:00,Odisha FC,FC Goa,2.0,4.0,Bhubaneswar,India,Kalinga Stadium,,,,Indian Super League,,20250104_Odisha-FC_FC-Goa,-29.1972160257601,0.73,1.92,2,7,6,14,51.2,48.8,1,3,0,0,3,7
2025-01-04 14:00:00,Jamshedpur FC,Bengaluru FC,2.0,1.0,Jamshedpur,India,JRD Tata Sports Complex Stadium,,,,Indian Super League,,20250104_Jamshedpur-FC_Bengaluru-FC,-59.42685491466432,1.73,0.1,6,1,14,3,46.3,53.7,5,1,1,0,8,4
2025-01-05 14:00:00,Punjab FC,Kerala Blasters FC,0.0,1.0,Delhi,India,"Jawaharlal Nehru Stadium, Delhi",,,,Indian Super League,,20250105_Punjab-FC_Kerala-Blasters-FC,26.804130360637828,0.89,0.99,2,3,3,9,47.7,52.3,4,4,0,0,3,9
2025-01-06 14:00:00,SC East Bengal,Mumbai City FC,2.0,3.0,Kolkata,India,Vivekananda Yuba Bharati Krirangan Stadium,,,,Indian Super League,,20250106_SC-East-Bengal_Mumbai-City-FC,-198.0266749022221,1.58,1.52,7,4,16,8,36.9,63.1,3,2,0,0,10,1
2025-01-08 14:00:00,FC Goa,Hyderabad,1.0,1.0,"Fatorda, Goa",India,Pandit Jawaharlal Nehru Stadium,,,,Indian Super League,,20250108_FC-Goa_Hyderabad,220.73092049933302,2.5,1.55,5,6,12,12,58.0,42.0,1,1,0,0,9,11
2025-01-09 14:00:00,Chennaiyin FC,Odisha FC,2.0,2.0,Chennai,India,"Jawaharlal Nehru Stadium, Chennai",,,,Indian Super League,,20250109_Chennaiyin-FC_Odisha-FC,-99.87049854395946,0.74,1.62,3,5,7,10,46.3,53.7,2,1,0,0,9,6
2025-01-10 14:00:00,NorthEast United FC,Punjab FC,1.0,1.0,Guwahati,India,Indira Gandhi Athletic Stadium,,,,Indian Super League,,20250110_NorthEast-United-FC_Punjab-FC,-0.8107430881543678,1.71,0.25,5,1,9,2,46.2,53.8,2,1,0,0,8,3
2025-01-11 11:30:00,Bengaluru FC,Mohammedan SC,0.0,1.0,Bangalore,India,Sree Kanteerava Stadium,,,,Indian Super League,,20250111_Bengaluru-FC_Mohammedan-SC,116.2184072799505,0.48,0.53,1,1,5,2,54.0,46.0,2,1,0,0,2,2
2025-01-11 14:00:00,Mohun Bagan Super Giant,SC East Bengal,1.0,0.0,Guwahati,India,Indira Gandhi Athletic Stadium,,,,Indian Super League,,20250111_Mohun-Bagan-Super-Giant_SC-East-Bengal,226.30071477876072,0.9,0.08,3,0,6,0,62.0,38.0,1,1,0,1,2,2
2025-01-12 14:00:00,Mumbai City FC,Jamshedpur FC,0.0,3.0,Mumbai,India,Mumbai Football Arena,,,,Indian Super League,,20250112_Mumbai-City-FC_Jamshedpur-FC,126.02766110375205,0.29,1.52,1,5,1,9,55.0,45.0,2,1,0,1,4,1
2025-01-13 14:00:00,Kerala Blasters FC,Odisha FC,3.0,2.0,Kochi,India,"Jawaharlal Nehru Stadium, Kochi",,,,Indian Super League,,20250113_Kerala-Blasters-FC_Odisha-FC,-76.73363383694777,1.31,1.6,3,5,4,12,50.1,49.9,1,3,0,1,4,8
2025-01-14 14:00:00,NorthEast United FC,FC Goa,1.0,1.0,Guwahati,India,Indira Gandhi Athletic Stadium,,,,Indian Super League,,20250114_NorthEast-United-FC_FC-Goa,-124.36224852474197,1.58,1.17,7,3,17,9,45.5,54.5,2,0,0,0,11,6
2025-01-15 14:00:00,Mohammedan SC,Chennaiyin FC,2.0,2.0,Kolkata,India,Kishore Bharati Krirangan,,,,Indian Super League,,20250115_Mohammedan-SC_Chennaiyin-FC,-12.351468042789975,2.48,1.2,9,4,19,9,48.4,51.6,1,1,0,0,8,6
2025-01-16 14:00:00,Punjab FC,Mumbai City FC,1.0,1.0,Delhi,India,"Jawaharlal Nehru Stadium, Delhi",,,,Indian Super League,,20250116_Punjab-FC_Mumbai-City-FC,-149.14081217218313,1.45,0.54,6,1,12,3,42.1,57.9,1,2,0,0,4,3
2025-01-17 14:00:00,Jamshedpur FC,Mohun Bagan Super Giant,1.0,1.0,Jamshedpur,India,JRD Tata Sports Complex Stadium,,,,Indian Super League,,20250117_Jamshedpur-FC_Mohun-Bagan-Super-Giant,-131.62736309306956,0.55,0.43,3,1,8,1,55.5,44.5,2,0,0,0,3,2
2025-01-18 11:30:00,Hyderabad,Bengaluru FC,1.0,1.0,Hyderabad,India,G.M.C. Balayogi Athletic Stadium,,,,Indian Super League,,20250118_Hyderabad_Bengaluru-FC,-138.41783332106525,0.77,0.82,4,6,8,13,49.2,50.8,0,1,0,0,2,9
2025-01-18 14:00:00,Kerala Blasters FC,NorthEast United FC,0.0,0.0,Kochi,India,"Jawaharlal Nehru Stadium, Kochi",,,,Indian Super League,,20250118_Kerala-Blasters-FC_NorthEast-United-FC,10.313714177675593,1.16,0.85,4,6,9,12,53.0,47.0,2,3,0,0,9,12
2025-01-19 14:00:00,FC Goa,SC East Bengal,1.0,0.0,"Fatorda, Goa",India,Pandit Jawaharlal Nehru Stadium,,,,Indian Super League,,20250119_FC-Goa_SC-East-Bengal,168.9621527719737,1.02,0.05,4,1,9,1,51.7,48.3,1,2,0,0,7,5
2025-01-21 14:00:00,Chennaiyin FC,Mohun Bagan Super Giant,0.0,0.0,Chennai,India,"Jawaharlal Nehru Stadium, Chennai",,,,Indian Super League,,20250121_Chennaiyin-FC_Mohun-Bagan-Super-Giant,-200.5195527307883,0.45,0.55,0,2,0,4,41.2,58.8,1,3,0,0,2,3
2025-01-22 14:00:00,Bengaluru FC,Odisha FC,2.0,3.0,Bangalore,India,Sree Kanteerava Stadium,,,,Indian Super League,,20250122_Bengaluru-FC_Odisha-FC,-10.965076099884527,1.14,1.91,4,5,8,12,51.3,48.7,2,2,0,0,3,6
2025-01-23 14:00:00,Hyderabad,Jamshedpur FC,3.0,2.0,Hyderabad,India,G.M.C. Balayogi Athletic Stadium,,,,Indian Super League,,20250123_Hyderabad_Jamshedpur-FC,-138.8962845212243,1.15,1.72,4,6,10,14,38.8,61.2,1,0,0,0,4,6
2025-01-24 14:00:00,SC East Bengal,Kerala Blasters FC,2.0,1.0,Kolkata,India,Vivekananda Yuba Bharati Krirangan Stadium,,,,Indian Super League,,20250124_SC-East-Bengal_Kerala-Blasters-FC,-69.38371353954062,1.41,1.03,5,4,11,9,44.8,55.2,2,0,0,0,8,6
2025-01-25 14:00:00,FC Goa,Chennaiyin FC,2.0,0.0,"Fatorda, Goa",India,Pandit Jawaharlal Nehru Stadium,,,,Indian Super League,,20250125_FC-Goa_Chennaiyin-FC,137.60090636099403,1.56,0.2,6,0,14,0,55.0,45.0,0,2,0,0,3,3
2025-01-26 14:00:00,Mumbai City FC,Mohammedan SC,3.0,0.0,Mumbai,India,Mumbai Football Arena,,,,Indian Super League,,20250126_Mumbai-City-FC_Mohammedan-SC,173.55962376750563,1.96,1.06,6,3,14,7,57.7,42.3,0,1,0,0,5,3
2025-01-27 14:00:00,Mohun Bagan Super Giant,Bengaluru FC,1.0,0.0,Kolkata,India,Vivekananda Yuba Bharati Krirangan Stadium,,,,Indian Super League,,20250127_Mohun-Bagan-Super-Giant_Bengaluru-FC,137.88498674783045,1.59,0.72,8,2,16,4,57.1,42.9,0,3,0,0,14,7
2025-01-28 14:00:00,Punjab FC,Jamshedpur FC,1.0,2.0,Delhi,India,"Jawaharlal Nehru Stadium, Delhi",,,,Indian Super League,,20250128_Punjab-FC_Jamshedpur-FC,-38.383096111478835,1.06,0.84,3,3,6,7,48.7,51.3,1,2,0,0,1,6
2025-01-29 14:00:00,NorthEast United FC,Hyderabad,4.0,1.0,Guwahati,India,Indira Gandhi Athletic Stadium,,,,Indian Super League,,20250129_NorthEast-United-FC_Hyderabad,66.26476443977867,2.83,0.62,8,2,19,5,55.2,44.8,0,1,0,0,3,3
2025-01-30 14:00:00,Chennaiyin FC,Kerala Blasters FC,1.0,3.0,Chennai,India,"Jawaharlal Nehru Stadium, Chennai",,,,Indian Super League,,20250130_Chennaiyin-FC_Kerala-Blasters-FC,-17.96948381340394,1.24,0.05,4,3,9,5,50.1,49.9,4,4,1,0,5,8
2025-01-31 14:00:00,Mumbai City FC,SC East Bengal,0.0,0.0,Mumbai,India,Mumbai Football Arena,,,,Indian Super League,,20250131_Mumbai-City-FC_SC-East-Bengal,192.43822494055075,0.05,0.14,0,0,1,0,54.7,45.3,2,1,0,0,3,3
2025-02-01 11:30:00,Punjab FC,Bengaluru FC,3.0,2.0,Delhi,India,"Jawaharlal Nehru Stadium, Delhi",,,,Indian Super League,,20250201_Punjab-FC_Bengaluru-FC,-36.9612754729867,0.66,1.3,3,5,5,12,53.6,46.4,1,2,0,0,4,6
2025-02-01 14:00:00,Mohammedan SC,Mohun Bagan Super Giant,0.0,4.0,Kolkata,India,Vivekananda Yuba Bharati Krirangan Stadium,,,,Indian Super League,,20250201_Mohammedan-SC_Mohun-Bagan-Super-Giant,-219.70288518871098,0.05,1.59,1,5,3,8,42.5,57.5,1,1,0,0,5,5
2025-02-02 14:00:00,Jamshedpur FC,FC Goa,3.0,1.0,Jamshedpur,India,JRD Tata Sports Complex Stadium,,,,Indian Super League,,20250202_Jamshedpur-FC_FC-Goa,-79.63333156989074,1.53,1.36,5,5,10,12,46.7,53.3,2,5,0,0,8,3
2025-02-03 14:00:00,Odisha FC,NorthEast United FC,2.0,2.0,Bhubaneswar,India,Kalinga Stadium,,,,Indian Super League,,20250203_Odisha-FC_NorthEast-United-FC,59.357948256795225,1.74,1.71,6,7,11,16,55.0,45.0,1,1,0,0,5,12
2025-02-05 14:00:00,Mohun Bagan Super Giant,Punjab FC,3.0,0.0,Kolkata,India,Vivekananda Yuba Bharati Krirangan Stadium,,,,Indian Super League,,20250205_Mohun-Bagan-Super-Giant_Punjab-FC,181.8040748353642,0.71,0.84,3,3,5,5,57.9,42.1,2,0,0,0,3,1
2025-02-06 14:00:00,FC Goa,Odisha FC,2.0,1.0,"Fatorda, Goa",India,Pandit Jawaharlal Nehru Stadium,,,,Indian Super League,,20250206_FC-Goa_Odisha-FC,48.06091760589857,1.26,0.83,5,1,12,5,58.0,42.0,5,6,0,0,6,5
2025-02-07 14:00:00,NorthEast United FC,Mumbai City FC,0.0,2.0,Meghalaya,India,"Jawaharlal Nehru Stadium, Shillong",,,,Indian Super League,,20250207_NorthEast-United-FC_Mumbai-City-FC,-129.210890111377,1.5,0.99,6,3,11,8,44.3,55.7,2,2,0,0,7,8
2025-02-08 11:30:00,Hyderabad,Mohammedan SC,3.0,1.0,Hyderabad,India,G.M.C. Balayogi Athletic Stadium,,,,Indian Super League,,20250208_Hyderabad_Mohammedan-SC,-31.263133821878,2.25,0.96,6,3,11,6,57.2,42.8,0,1,0,0,7,6
2025-02-08 14:00:00,SC East Bengal,Chennaiyin FC,0.0,3.0,Kolkata,India,Vivekananda Yuba Bharati Krirangan Stadium,,,,Indian Super League,,20250208_SC-East-Bengal_Chennaiyin-FC,-5.2630921794966525,0.72,2.14,3,5,7,11,55.0,45.0,4,3,0,0,8,7
2025-02-09 14:00:00,Bengaluru FC,Jamshedpur FC,3.0,0.0,Bangalore,India,Sree Kanteerava Stadium,,,,Indian Super League,,20250209_Bengaluru-FC_Jamshedpur-FC,-50.75621252514475,1.3,1.35,4,4,8,9,48.4,51.6,1,2,0,1,2,6
2025-02-10 14:00:00,Odisha FC,Punjab FC,1.0,1.0,Bhubaneswar,India,Kalinga Stadium,,,,Indian Super League,,20250210_Odisha-FC_Punjab-FC,59.226546705535384,0.34,0.66,1,3,3,7,53.6,46.4,1,1,0,0,0,6
2025-02-12 14:00:00,Mumbai City FC,FC Goa,1.0,3.0,Mumbai,India,Mumbai Football Arena,,,,Indian Super League,,20250212_Mumbai-City-FC_FC-Goa,23.234532603569278,0.55,1.68,1,5,2,11,49.8,50.2,3,2,0,0,6,9
2025-02-13 14:00:00,Jamshedpur FC,NorthEast United FC,0.0,2.0,Jamshedpur,India,JRD Tata Sports Complex Stadium,,,,Indian Super League,,20250213_Jamshedpur-FC_NorthEast-United-FC,47.12268591251018,0.89,0.62,3,3,6,6,51.2,48.8,2,1,0,0,3,3
2025-02-14 14:00:00,Odisha FC,Hyderabad,3.0,1.0,Bhubaneswar,India,Kalinga Stadium,,,,Indian Super League,,20250214_Odisha-FC_Hyderabad,117.61612441524994,1.64,0.79,5,1,14,1,52.1,47.9,1,3,0,0,7,3
2025-02-15 11:30:00,Chennaiyin FC,Punjab FC,2.0,1.0,Chennai,India,"Jawaharlal Nehru Stadium, Chennai",,,,Indian Super League,,20250215_Chennaiyin-FC_Punjab-FC,-21.809853673683847,1.34,0.38,3,1,5,0,44.2,55.8,0,4,0,0,4,0
2025-02-15 14:00:00,Kerala Blasters FC,Mohun Bagan Super Giant,0.0,3.0,Kochi,India,"Jawaharlal Nehru Stadium, Kochi",,,,Indian Super League,,20250215_Kerala-Blasters-FC_Mohun-Bagan-Super-Giant,-185.15148065815174,0.22,1.13,0,3,0,5,46.1,53.9,2,2,0,0,1,4
2025-02-16 14:00:00,Mohammedan SC,SC East Bengal,1.0,3.0,Kolkata,India,Vivekananda Yuba Bharati Krirangan Stadium,,,,Indian Super League,,20250216_Mohammedan-SC_SC-East-Bengal,-6.622853640788435,0.6,1.73,3,6,6,14,46.7,53.3,3,2,1,0,6,8
2025-02-19 14:00:00,Hyderabad,Mumbai City FC,0.0,0.0,Hyderabad,India,G.M.C. Balayogi Athletic Stadium,,,,Indian Super League,,20250219_Hyderabad_Mumbai-City-FC,-206.92345196751785,0.14,0.56,0,1,0,3,40.9,59.1,3,1,0,0,2,2
2025-02-20 14:00:00,Mohammedan SC,Jamshedpur FC,0.0,2.0,Kolkata,India,Kishore Bharati Krirangan,,,,Indian Super League,,20250220_Mohammedan-SC_Jamshedpur-FC,-107.13038287294694,1.47,1.26,5,6,11,13,50.9,49.1,0,2,1,0,6,10
2025-02-21 14:00:00,NorthEast United FC,Bengaluru FC,0.0,2.0,Meghalaya,India,"Jawaharlal Nehru Stadium, Shillong",,,,Indian Super League,,20250221_NorthEast-United-FC_Bengaluru-FC,-10.23020436038405,0.7,1.41,3,5,6,11,48.6,51.4,1,3,0,0,4,7
2025-02-22 11:30:00,Punjab FC,SC East Bengal,1.0,3.0,Delhi,India,"Jawaharlal Nehru Stadium, Delhi",,,,Indian Super League,,20250222_Punjab-FC_SC-East-Bengal,26.185831928222115,0.89,1.65,4,6,8,12,49.5,50.5,1,3,0,0,3,4
2025-02-22 14:00:00,FC Goa,Kerala Blasters FC,2.0,0.0,"Fatorda, Goa",India,Pandit Jawaharlal Nehru Stadium,,,,Indian Super League,,20250222_FC-Goa_Kerala-Blasters-FC,137.81138951496155,0.17,0.6,2,2,3,6,61.5,38.5,1,1,0,0,4,4
2025-02-23 14:00:00,Mohun Bagan Super Giant,Odisha FC,1.0,0.0,Kolkata,India,Vivekananda Yuba Bharati Krirangan Stadium,,,,Indian Super League,,20250223_Mohun-Bagan-Super-Giant_Odisha-FC,135.14091660197414,1.19,0.96,2,2,2,4,53.5,46.5,2,1,0,0,3,7
2025-02-25 14:00:00,Bengaluru FC,Chennaiyin FC,1.0,0.0,Bangalore,India,Sree Kanteerava Stadium,,,,Indian Super League,,20250225_Bengaluru-FC_Chennaiyin-FC,49.073978116703756,0.77,0.55,1,1,0,1,60.7,39.3,4,1,0,0,3,4
2025-02-26 14:00:00,SC East Bengal,Hyderabad,2.0,0.0,Kolkata,India,Vivekananda Yuba Bharati Krirangan Stadium,,,,Indian Super League,,20250226_SC-East-Bengal_Hyderabad,38.0855743769996,0.87,1.15,3,3,7,8,51.7,48.3,1,5,0,0,7,12
2025-02-27 14:00:00,Punjab FC,FC Goa,0.0,1.0,Delhi,India,"Jawaharlal Nehru Stadium, Delhi",,,,Indian Super League,,20250227_Punjab-FC_FC-Goa,-171.89385860277594,1.03,1.1,5,4,10,7,35.1,64.9,3,2,0,0,5,5
2025-02-28 14:00:00,Odisha FC,Mohammedan SC,0.0,0.0,Bhubaneswar,India,Kalinga Stadium,,,,Indian Super League,,20250228_Odisha-FC_Mohammedan-SC,133.22255982026195,1.22,0.38,5,2,13,4,58.3,41.7,1,3,0,0,6,2
2025-03-01 11:30:00,Mumbai City FC,Mohun Bagan Super Giant,2.0,2.0,Mumbai,India,Mumbai Football Arena,,,,Indian Super League,,20250301_Mumbai-City-FC_Mohun-Bagan-Super-Giant,-75.96679771230606,1.52,0.86,4,2,9,3,56.7,43.3,2,1,0,0,5,1
2025-03-01 14:00:00,Kerala Blasters FC,Jamshedpur FC,1.0,1.0,Kochi,India,"Jawaharlal Nehru Stadium, Kochi",,,,Indian Super League,,20250301_Kerala-Blasters-FC_Jamshedpur-FC,-52.96224384653647,1.81,0.8,6,4,12,7,48.8,51.2,2,2,0,0,4,3
2025-03-02 14:00:00,SC East Bengal,Bengaluru FC,1.0,1.0,Kolkata,India,Vivekananda Yuba Bharati Krirangan Stadium,,,,Indian Super League,,20250302_SC-East-Bengal_Bengaluru-FC,-65.67824675034012,0.68,1.62,2,6,4,14,48.3,51.7,2,1,0,0,6,5
2025-03-03 14:00:00,Chennaiyin FC,NorthEast United FC,0.0,3.0,Chennai,India,"Jawaharlal Nehru Stadium, Chennai",,,,Indian Super League,,20250303_Chennaiyin-FC_NorthEast-United-FC,-25.86647442960657,1.47,1.54,5,6,11,13,53.9,46.1,1,1,0,0,5,8
2025-03-04 14:00:00,FC Goa,Mohammedan SC,2.0,0.0,"Fatorda, Goa",India,Pandit Jawaharlal Nehru Stadium,,,,Indian Super League,,20250304_FC-Goa_Mohammedan-SC,225.871118861166,0.6,0.55,2,3,3,5,58.0,42.0,8,2,0,0,1,6
2025-03-05 14:00:00,Jamshedpur FC,Odisha FC,2.0,3.0,Jamshedpur,India,JRD Tata Sports Complex Stadium,,,,Indian Super League,,20250305_Jamshedpur-FC_Odisha-FC,-6.693399946005002,2.18,2.34,7,9,14,17,50.4,49.6,4,1,0,0,2,7
2025-03-06 14:00:00,Hyderabad,Punjab FC,1.0,3.0,Hyderabad,India,G.M.C. Balayogi Athletic Stadium,,,,Indian Super League,,20250306_Hyderabad_Punjab-FC,-42.65152738436268,1.22,1.08,4,5,6,9,41.1,58.9,2,3,0,0,7,7
2025-03-07 14:00:00,Kerala Blasters FC,Mumbai City FC,1.0,0.0,Kochi,India,"Jawaharlal Nehru Stadium, Kochi",,,,Indian Super League,,20250307_Kerala-Blasters-FC_Mumbai-City-FC,-137.2791983451673,0.43,0.98,3,2,6,5,50.7,49.3,2,3,0,0,3,5
2025-03-08 11:30:00,NorthEast United FC,SC East Bengal,4.0,0.0,Meghalaya,India,"Jawaharlal Nehru Stadium, Shillong",,,,Indian Super League,,20250308_NorthEast-United-FC_SC-East-Bengal,30.704732969879615,0.76,0.29,4,0,10,0,52.8,47.2,2,0,1,0,3,0
2025-03-08 14:00:00,Mohun Bagan Super Giant,FC Goa,2.0,0.0,Kolkata,India,Vivekananda Yuba Bharati Krirangan Stadium,,,,Indian Super League,,20250308_Mohun-Bagan-Super-Giant_FC-Goa,45.49089802607068,0.05,0.05,2,1,4,1,54.9,45.1,1,2,0,0,5,2
2025-03-09 14:00:00,Chennaiyin FC,Jamshedpur FC,5.0,2.0,Chennai,India,"Jawaharlal Nehru Stadium, Chennai",,,,Indian Super League,,20250309_Chennaiyin-FC_Jamshedpur-FC,-63.33762905818685,2.78,0.59,9,2,20,4,46.0,54.0,0,2,0,0,11,6
2025-03-10 14:00:00,Mohammedan SC,Punjab FC,2.0,2.0,Kolkata,India,Kishore Bharati Krirangan,,,,Indian Super League,,20250310_Mohammedan-SC_Punjab-FC,-56.642046579653424,2.11,1.02,5,4,11,8,49.7,50.3,2,1,0,0,4,5
2025-03-11 14:00:00,Bengaluru FC,Mumbai City FC,0.0,2.0,Bangalore,India,Sree Kanteerava Stadium,,,,Indian Super League,,20250311_Bengaluru-FC_Mumbai-City-FC,-67.97177621014293,1.49,0.48,4,2,8,5,54.6,45.4,2,3,0,0,4,2
2025-03-12 14:00:00,Hyderabad,Kerala Blasters FC,1.0,1.0,Hyderabad,India,G.M.C. Balayogi Athletic Stadium,,,,Indian Super League,,20250312_Hyderabad_Kerala-Blasters-FC,-97.14685034775562,1.11,1.45,4,7,9,15,47.3,52.7,2,0,0,0,6,6
2025-03-29 14:00:00,Bengaluru FC,Mumbai City FC,5.0,0.0,Bangalore,India,Sree Kanteerava Stadium,,,,Indian Super League,,20250329_Bengaluru-FC_Mumbai-City-FC,-87.3354527349295,1.2,1.26,5,3,10,6,43.9,56.1,2,2,0,0,7,4
2025-03-30 14:00:00,NorthEast United FC,Jamshedpur FC,0.0,2.0,Meghalaya,India,"Jawaharlal Nehru Stadium, Shillong",,,,Indian Super League,,20250330_NorthEast-United-FC_Jamshedpur-FC,9.851283205667869,1.39,1.64,5,5,10,11,50.1,49.9,1,1,0,0,5,9
2025-04-02 14:00:00,Bengaluru FC,FC Goa,2.0,0.0,Bangalore,India,Sree Kanteerava Stadium,,,,Indian Super League,,20250402_Bengaluru-FC_FC-Goa,-94.080963704645,0.96,1.27,5,5,10,10,46.9,53.1,0,0,0,0,8,6
2025-04-03 14:00:00,Jamshedpur FC,Mohun Bagan Super Giant,2.0,1.0,Jamshedpur,India,JRD Tata Sports Complex Stadium,,,,Indian Super League,,20250403_Jamshedpur-FC_Mohun-Bagan-Super-Giant,-182.7787261111971,1.56,0.73,6,4,12,11,42.5,57.5,3,0,1,0,8,4
2025-04-06 14:00:00,FC Goa,Bengaluru FC,2.0,1.0,"Fatorda, Goa",India,Pandit Jawaharlal Nehru Stadium,,,,Indian Super League,,20250406_FC-Goa_Bengaluru-FC,63.73640087718468,1.3,0.54,5,2,12,4,56.7,43.3,0,2,0,0,9,4
2025-04-07 14:00:00,Mohun Bagan Super Giant,Jamshedpur FC,2.0,0.0,Kolkata,India,Vivekananda Yuba Bharati Krirangan Stadium,,,,Indian Super League,,20250407_Mohun-Bagan-Super-Giant_Jamshedpur-FC,147.20164179828907,1.55,0.74,5,3,9,8,54.7,45.3,3,1,0,0,7,6
2025-04-12 14:00:00,Mohun Bagan Super Giant,Bengaluru FC,2.0,1.0,Kolkata,India,Vivekananda Yuba Bharati Krirangan Stadium,,,,Indian Super League,,20250412_Mohun-Bagan-Super-Giant_Bengaluru-FC,144.5091454248536,1.14,1.59,3,6,4,12,56.1,43.9,0,0,0,0,5,7
2026-02-14 11:30:00,Mohun Bagan Super Giant,Kerala Blasters FC,2.0,0.0,Kolkata,India,Vivekananda Yuba Bharati Krirangan Stadium,,,,Indian Super League,,20260214_Mohun-Bagan-Super-Giant_Kerala-Blasters-FC,201.96868855653702,1.55,0.93,3,4,7,8,59.5,40.5,1,1,0,0,6,9
2026-02-14 14:00:00,FC Goa,Inter Kashi,1.0,1.0,"Fatorda, Goa",India,Pandit Jawaharlal Nehru Stadium,,,,Indian Super League,,20260214_FC-Goa_Inter-Kashi,109.63895458125398,1.94,0.38,7,1,16,3,54.8,45.2,1,2,1,0,11,6
2026-02-15 11:30:00,Jamshedpur FC,Mohammedan SC,1.0,0.0,Jamshedpur,India,JRD Tata Sports Complex Stadium,,,,Indian Super League,,20260215_Jamshedpur-FC_Mohammedan-SC,117.9488248050568,1.63,1.21,6,1,13,3,51.4,48.6,1,2,0,0,4,3
2026-02-15 14:00:00,Bengaluru FC,Sporting Club Delhi,2.0,0.0,Bangalore,India,Sree Kanteerava Stadium,,,,Indian Super League,,20260215_Bengaluru-FC_Sporting-Club-Delhi,18.978536683379843,0.52,1.2,2,4,2,9,52.7,47.3,0,2,0,0,1,6
2026-02-16 14:00:00,SC East Bengal,NorthEast United FC,3.0,0.0,Kolkata,India,Vivekananda Yuba Bharati Krirangan Stadium,,,,Indian Super League,,20260216_SC-East-Bengal_NorthEast-United-FC,-40.24906967760671,1.68,0.54,4,2,9,4,43.1,56.9,2,3,0,0,6,4
2026-02-19 14:00:00,Mumbai City FC,Chennaiyin FC,1.0,0.0,Mumbai,India,Mumbai Football Arena,,,,Indian Super League,,20260219_Mumbai-City-FC_Chennaiyin-FC,127.10831259301244,1.07,1.04,4,4,7,8,56.5,43.5,1,1,0,0,7,8
2026-02-20 14:00:00,Mohammedan SC,FC Goa,0.0,2.0,Kolkata,India,Kishore Bharati Krirangan,,,,Indian Super League,,20260220_Mohammedan-SC_FC-Goa,-222.83295718716408,0.05,1.99,0,6,0,15,39.6,60.4,0,3,0,0,4,7
2026-02-21 11:30:00,SC East Bengal,Sporting Club Delhi,4.0,1.0,Kolkata,India,Vivekananda Yuba Bharati Krirangan Stadium,,,,Indian Super League,,20260221_SC-East-Bengal_Sporting-Club-Delhi,-31.773129125156856,2.15,1.0,6,3,12,8,42.1,57.9,3,0,0,0,7,8
2026-02-21 14:00:00,Jamshedpur FC,Punjab FC,1.0,0.0,Jamshedpur,India,JRD Tata Sports Complex Stadium,,,,Indian Super League,,20260221_Jamshedpur-FC_Punjab-FC,73.26097245911842,1.45,1.03,6,2,13,5,52.6,47.4,1,0,0,0,11,1
2026-02-22 11:30:00,Bengaluru FC,NorthEast United FC,1.0,1.0,Bangalore,India,Sree Kanteerava Stadium,,,,Indian Super League,,20260222_Bengaluru-FC_NorthEast-United-FC,59.960843736854486,0.31,1.29,1,4,1,9,44.9,55.1,1,4,0,0,2,4
2026-02-22 14:00:00,Kerala Blasters FC,Mumbai City FC,0.0,1.0,Kochi,India,Jawaharlal Nehru Stadium (Kochi),,,,Indian Super League,,20260222_Kerala-Blasters-FC_Mumbai-City-FC,-115.77101023267369,1.57,0.67,3,3,7,7,50.8,49.2,2,2,0,1,2,5
2026-02-23 14:00:00,Mohun Bagan Super Giant,Chennaiyin FC,2.0,0.0,Kolkata,India,Vivekananda Yuba Bharati Krirangan Stadium,,,,Indian Super League,,20260223_Mohun-Bagan-Super-Giant_Chennaiyin-FC,240.33064552317478,1.08,1.4,4,3,8,6,60.4,39.6,1,2,0,0,6,2
2026-02-24 14:00:00,Odisha FC,Inter Kashi,0.0,0.0,Bhubaneswar,India,Kalinga Stadium,,,,Indian Super League,,20260224_Odisha-FC_Inter-Kashi,26.96456601937257,0.44,1.42,2,3,4,6,47.6,52.4,0,1,0,0,2,4
2026-02-26 14:00:00,FC Goa,Sporting Club Delhi,1.0,0.0,"Fatorda, Goa",India,Pandit Jawaharlal Nehru Stadium,,,,Indian Super League,,20260226_FC-Goa_Sporting-Club-Delhi,135.6226195459367,1.32,0.05,3,2,6,3,50.9,49.1,1,2,0,0,3,3
2026-02-27 11:30:00,SC East Bengal,Jamshedpur FC,1.0,2.0,Kolkata,India,Vivekananda Yuba Bharati Krirangan Stadium,,,,Indian Super League,,20260227_SC-East-Bengal_Jamshedpur-FC,-56.77094451394214,0.55,1.41,1,3,4,7,50.4,49.6,0,2,0,0,4,4
2026-02-27 14:00:00,Bengaluru FC,Punjab FC,0.0,2.0,Bangalore,India,Sree Kanteerava Stadium,,,,Indian Super League,,20260227_Bengaluru-FC_Punjab-FC,93.79999898175106,0.35,1.33,2,5,5,10,56.1,43.9,2,0,0,0,5,8
2026-02-28 11:30:00,Kerala Blasters FC,Inter Kashi,1.0,2.0,Kochi,India,Jawaharlal Nehru Stadium (Kochi),,,,Indian Super League,,20260228_Kerala-Blasters-FC_Inter-Kashi,-42.37998289787424,1.68,2.11,6,6,11,13,53.3,46.7,1,2,0,0,5,4
2026-02-28 14:00:00,Mohun Bagan Super Giant,Mohammedan SC,5.0,1.0,Kolkata,India,Vivekananda Yuba Bharati Krirangan Stadium,,,,Indian Super League,,20260228_Mohun-Bagan-Super-Giant_Mohammedan-SC,310.64122278036893,2.01,0.65,6,1,13,2,57.3,42.7,3,5,0,0,3,1
2026-03-01 11:30:00,Odisha FC,Chennaiyin FC,1.0,1.0,Bhubaneswar,India,Kalinga Stadium,,,,Indian Super League,,20260301_Odisha-FC_Chennaiyin-FC,91.08224432371048,1.85,1.26,5,4,10,8,53.3,46.7,1,1,0,0,4,7
2026-03-01 14:00:00,Mumbai City FC,NorthEast United FC,1.0,1.0,Mumbai,India,Mumbai Football Arena,,,,Indian Super League,,20260301_Mumbai-City-FC_NorthEast-United-FC,121.85911488595298,1.53,1.62,5,5,11,11,58.9,41.1,2,0,0,0,6,8
2026-03-05 11:30:00,SC East Bengal,FC Goa,0.0,0.0,Kolkata,India,Vivekananda Yuba Bharati Krirangan Stadium,,,,Indian Super League,,20260305_SC-East-Bengal_FC-Goa,-158.8035273183841,0.91,1.65,3,6,6,12,46.4,53.6,5,3,0,0,4,6
2026-03-06 11:30:00,Mohun Bagan Super Giant,Odisha FC,5.0,1.0,Kolkata,India,Vivekananda Yuba Bharati Krirangan Stadium,,,,Indian Super League,,20260306_Mohun-Bagan-Super-Giant_Odisha-FC,165.3850212076111,2.04,0.75,6,2,16,7,60.5,39.5,3,3,0,0,8,3
2026-03-06 14:00:00,Jamshedpur FC,Inter Kashi,1.0,0.0,Jamshedpur,India,JRD Tata Sports Complex Stadium,,,,Indian Super League,,20260306_Jamshedpur-FC_Inter-Kashi,21.664651997221654,1.29,1.57,5,4,12,11,47.0,53.0,3,0,0,0,9,9
2026-03-07 11:30:00,Mohammedan SC,Bengaluru FC,1.0,2.0,Kolkata,India,Kishore Bharati Krirangan,,,,Indian Super League,,20260307_Mohammedan-SC_Bengaluru-FC,-138.61881912787157,0.75,1.28,3,3,5,6,45.3,54.7,2,2,0,0,6,5
2026-03-07 14:00:00,Kerala Blasters FC,Chennaiyin FC,0.0,1.0,Kochi,India,Jawaharlal Nehru Stadium (Kochi),,,,Indian Super League,,20260307_Kerala-Blasters-FC_Chennaiyin-FC,9.977417325421811,0.28,0.21,0,1,0,3,48.2,51.8,2,1,0,0,2,3
2026-03-08 14:00:00,Mumbai City FC,Sporting Club Delhi,2.0,2.0,Mumbai,India,Mumbai Football Arena,,,,Indian Super League,,20260308_Mumbai-City-FC_Sporting-Club-Delhi,122.20778746190172,0.69,0.84,2,2,6,5,51.9,48.1,2,4,0,0,3,2
2026-03-09 14:00:00,Punjab FC,NorthEast United FC,1.0,1.0,New Delhi,India,Jawaharlal Nehru Stadium (Delhi),,,,Indian Super League,,20260309_Punjab-FC_NorthEast-United-FC,-26.8215788295729,1.44,2.0,5,6,11,14,46.9,53.1,2,2,0,0,9,8
2026-03-14 11:30:00,SC East Bengal,Kerala Blasters FC,1.0,1.0,Kolkata,India,Vivekananda Yuba Bharati Krirangan Stadium,,,,Indian Super League,,20260314_SC-East-Bengal_Kerala-Blasters-FC,25.724546939814445,1.56,1.48,3,3,7,6,52.8,47.2,1,1,0,0,4,3
2026-03-14 14:00:00,Bengaluru FC,Mohun Bagan Super Giant,0.0,0.0,Bangalore,India,Sree Kanteerava Stadium,,,,Indian Super League,,20260314_Bengaluru-FC_Mohun-Bagan-Super-Giant,-178.13283482133943,1.0,0.55,2,1,5,1,36.5,63.5,0,2,0,0,2,3
2026-03-15 11:30:00,NorthEast United FC,Jamshedpur FC,2.0,1.0,Guwahati,India,Indira Gandhi Stadium,,,,Indian Super League,,20260315_NorthEast-United-FC_Jamshedpur-FC,-72.52285900096285,1.26,1.37,5,4,11,8,44.0,56.0,2,1,1,0,7,3
2026-03-15 14:00:00,Inter Kashi,Mumbai City FC,1.0,2.0,Kolkata,India,Kishore Bharati Krirangan,,,,Indian Super League,,20260315_Inter-Kashi_Mumbai-City-FC,-82.28708196868388,0.54,1.92,1,4,4,10,41.8,58.2,1,4,0,0,4,5
2026-03-16 14:00:00,Punjab FC,FC Goa,1.0,1.0,New Delhi,India,Jawaharlal Nehru Stadium (Delhi),,,,Indian Super League,,20260316_Punjab-FC_FC-Goa,-163.02994040221324,0.84,0.05,4,1,9,1,42.5,57.5,1,0,0,0,6,2
2026-03-19 14:00:00,Sporting Club Delhi,Jamshedpur FC,1.0,1.0,New Delhi,India,Jawaharlal Nehru Stadium (Delhi),,,,Indian Super League,,20260319_Sporting-Club-Delhi_Jamshedpur-FC,-61.511584135098246,1.02,0.41,4,2,10,3,47.7,52.3,1,2,0,0,3,2
2026-03-20 11:30:00,NorthEast United FC,Odisha FC,1.0,4.0,Guwahati,India,Indira Gandhi Stadium,,,,Indian Super League,,20260320_NorthEast-United-FC_Odisha-FC,-29.939443326793253,1.4,2.02,4,6,9,11,43.4,56.6,0,2,0,0,6,4
2026-03-20 14:00:00,Mohun Bagan Super Giant,Mumbai City FC,0.0,1.0,Kolkata,India,Vivekananda Yuba Bharati Krirangan Stadium,,,,Indian Super League,,20260320_Mohun-Bagan-Super-Giant_Mumbai-City-FC,97.64601794858208,1.27,1.16,4,3,6,7,56.8,43.2,2,1,0,0,7,4
2026-03-21 14:00:00,Kerala Blasters FC,Punjab FC,1.0,3.0,Kochi,India,Jawaharlal Nehru Stadium (Kochi),,,,Indian Super League,,20260321_Kerala-Blasters-FC_Punjab-FC,-15.597558809317206,0.43,2.11,2,6,4,13,54.0,46.0,2,1,0,1,4,7
2026-03-22 11:30:00,Chennaiyin FC,FC Goa,1.0,1.0,Chennai,India,Jawaharlal Nehru Stadium (Chennai),,,,Indian Super League,,20260322_Chennaiyin-FC_FC-Goa,-154.30076459772135,1.06,1.76,3,6,5,13,44.6,55.4,1,2,0,0,5,1
2026-03-22 14:00:00,Inter Kashi,Bengaluru FC,1.0,3.0,Kolkata,India,Kishore Bharati Krirangan,,,,Indian Super League,,20260322_Inter-Kashi_Bengaluru-FC,-31.549275461075013,0.88,1.98,3,6,6,14,47.9,52.1,3,4,0,0,2,9
2026-03-23 14:00:00,SC East Bengal,Mohammedan SC,7.0,0.0,Kolkata,India,Vivekananda Yuba Bharati Krirangan Stadium,,,,Indian Super League,,20260323_SC-East-Bengal_Mohammedan-SC,97.12523523412005,2.41,1.01,7,4,15,8,51.5,48.5,0,0,0,0,7,3
2026-04-03 14:00:00,Punjab FC,Mohammedan SC,2.0,1.0,New Delhi,India,Jawaharlal Nehru Stadium (Delhi),,,,Indian Super League,,20260403_Punjab-FC_Mohammedan-SC,108.96378648256109,0.71,1.35,3,4,6,7,56.5,43.5,2,2,0,1,4,3
2026-04-04 11:30:00,Jamshedpur FC,Mohun Bagan Super Giant,1.0,1.0,Jamshedpur,India,JRD Tata Sports Complex Stadium,,,,Indian Super League,,20260404_Jamshedpur-FC_Mohun-Bagan-Super-Giant,-146.25814349117536,0.82,0.97,3,1,4,3,47.4,52.6,2,3,1,1,6,2
2026-04-04 14:00:00,FC Goa,Bengaluru FC,0.0,2.0,"Fatorda, Goa",India,Pandit Jawaharlal Nehru Stadium,,,,Indian Super League,,20260404_FC-Goa_Bengaluru-FC,66.19636248292704,0.75,1.25,2,3,4,6,56.2,43.8,4,2,0,0,1,6
2026-04-05 11:30:00,Sporting Club Delhi,Kerala Blasters FC,2.0,0.0,New Delhi,India,Jawaharlal Nehru Stadium (Delhi),,,,Indian Super League,,20260405_Sporting-Club-Delhi_Kerala-Blasters-FC,45.42547436098721,1.42,0.05,3,0,7,0,58.3,41.7,1,2,0,0,7,3
2026-04-05 14:00:00,Mumbai City FC,Odisha FC,1.0,0.0,Mumbai,India,Mumbai Football Arena,,,,Indian Super League,,20260405_Mumbai-City-FC_Odisha-FC,79.75925136993737,1.45,1.47,4,4,6,7,65.4,34.6,0,0,0,0,3,6
2026-04-07 14:00:00,Chennaiyin FC,Inter Kashi,1.0,2.0,Chennai,India,Jawaharlal Nehru Stadium (Chennai),,,,Indian Super League,,20260407_Chennaiyin-FC_Inter-Kashi,-24.719347622361283,1.25,0.19,2,2,6,2,38.5,61.5,2,1,0,0,8,1
2026-04-09 14:00:00,Jamshedpur FC,Mumbai City FC,1.0,1.0,Jamshedpur,India,JRD Tata Sports Complex Stadium,,,,Indian Super League,,20260409_Jamshedpur-FC_Mumbai-City-FC,-83.70480809317701,1.09,0.88,4,2,8,5,46.1,53.9,2,1,0,0,6,3
2026-04-10 11:30:00,NorthEast United FC,Sporting Club Delhi,0.0,3.0,Guwahati,India,Indira Gandhi Stadium,,,,Indian Super League,,20260410_NorthEast-United-FC_Sporting-Club-Delhi,-5.5841181709686225,0.95,1.62,4,5,8,10,50.5,49.5,3,1,0,0,5,8
2026-04-10 14:00:00,FC Goa,Odisha FC,3.0,1.0,"Fatorda, Goa",India,Pandit Jawaharlal Nehru Stadium,,,,Indian Super League,,20260410_FC-Goa_Odisha-FC,67.45839877406843,1.74,0.71,6,1,14,0,60.9,39.1,1,2,0,0,10,4
2026-04-11 11:30:00,Chennaiyin FC,SC East Bengal,1.0,3.0,Chennai,India,Jawaharlal Nehru Stadium (Chennai),,,,Indian Super League,,20260411_Chennaiyin-FC_SC-East-Bengal,-24.99929748726504,1.28,1.28,4,7,7,16,42.8,57.2,3,5,0,0,2,13
2026-04-11 14:00:00,Bengaluru FC,Kerala Blasters FC,1.0,2.0,Bangalore,India,Sree Kanteerava Stadium,,,,Indian Super League,,20260411_Bengaluru-FC_Kerala-Blasters-FC,133.08521064262186,0.05,0.98,1,4,2,11,48.3,51.7,2,2,0,0,3,6
2026-04-12 11:30:00,Inter Kashi,Mohammedan SC,1.0,0.0,Kolkata,India,Kishore Bharati Krirangan,,,,Indian Super League,,20260412_Inter-Kashi_Mohammedan-SC,144.95615454308154,0.95,0.3,2,0,5,1,58.6,41.4,2,1,0,1,2,1
2026-04-12 14:00:00,Mohun Bagan Super Giant,Punjab FC,3.0,2.0,Kolkata,India,Vivekananda Yuba Bharati Krirangan Stadium,,,,Indian Super League,,20260412_Mohun-Bagan-Super-Giant_Punjab-FC,197.3409760510856,2.46,1.81,8,3,18,9,56.3,43.7,3,3,0,0,3,5
2026-04-15 14:00:00,Kerala Blasters FC,NorthEast United FC,1.0,1.0,Kochi,India,Jawaharlal Nehru Stadium (Kochi),,,,Indian Super League,,20260415_Kerala-Blasters-FC_NorthEast-United-FC,-32.529846388755914,0.83,0.77,3,2,4,5,53.4,46.6,3,1,0,0,4,3
2026-04-16 14:00:00,SC East Bengal,Bengaluru FC,3.0,3.0,Kolkata,India,Vivekananda Yuba Bharati Krirangan Stadium,,,,Indian Super League,,20260416_SC-East-Bengal_Bengaluru-FC,-50.98040107173847,1.72,0.12,4,3,9,7,44.6,55.4,2,1,0,0,3,2
2026-04-17 11:30:00,Chennaiyin FC,Sporting Club Delhi,1.0,0.0,Chennai,India,Jawaharlal Nehru Stadium (Chennai),,,,Indian Super League,,20260417_Chennaiyin-FC_Sporting-Club-Delhi,-59.66731165598617,1.33,1.24,4,3,8,9,53.3,46.7,1,2,0,0,7,5
2026-04-17 14:00:00,Odisha FC,Mohammedan SC,1.0,1.0,Bhubaneswar,India,Kalinga Stadium,,,,Indian Super League,,20260417_Odisha-FC_Mohammedan-SC,169.2293678082151,1.27,0.73,3,2,7,6,56.6,43.4,1,1,0,0,3,3
2026-04-18 11:30:00,Kerala Blasters FC,Jamshedpur FC,2.0,0.0,Kochi,India,Jawaharlal Nehru Stadium (Kochi),,,,Indian Super League,,20260418_Kerala-Blasters-FC_Jamshedpur-FC,-103.2765739327017,0.79,1.22,3,3,7,9,37.5,62.5,1,1,0,0,2,8
2026-04-18 14:00:00,FC Goa,Mumbai City FC,2.0,0.0,"Fatorda, Goa",India,Pandit Jawaharlal Nehru Stadium,,,,Indian Super League,,20260418_FC-Goa_Mumbai-City-FC,-18.350758802992004,1.2,1.12,3,5,6,11,50.0,50.0,0,1,0,0,3,7
2026-04-19 14:00:00,NorthEast United FC,Mohun Bagan Super Giant,0.0,1.0,Guwahati,India,Indira Gandhi Stadium,,,,Indian Super League,,20260419_NorthEast-United-FC_Mohun-Bagan-Super-Giant,-212.69658010892522,1.44,0.74,4,3,9,7,37.1,62.9,1,2,0,0,4,5
2026-04-20 14:00:00,Punjab FC,Inter Kashi,3.0,0.0,New Delhi,India,Jawaharlal Nehru Stadium (Delhi),,,,Indian Super League,,20260420_Punjab-FC_Inter-Kashi,-32.38026638647648,0.84,1.02,3,4,5,7,45.1,54.9,0,3,0,0,5,6
2026-04-21 14:00:00,Chennaiyin FC,Mohammedan SC,0.0,0.0,Chennai,India,Jawaharlal Nehru Stadium (Chennai),,,,Indian Super League,,20260421_Chennaiyin-FC_Mohammedan-SC,102.68648840112724,1.73,0.38,7,1,17,2,56.0,44.0,1,2,0,0,8,3
2026-04-23 14:00:00,Kerala Blasters FC,Odisha FC,2.0,1.0,Kochi,India,Jawaharlal Nehru Stadium (Kochi),,,,Indian Super League,,20260423_Kerala-Blasters-FC_Odisha-FC,-55.21327692953878,1.57,1.37,4,4,10,8,49.2,50.8,5,0,0,0,7,3
2026-04-24 11:30:00,NorthEast United FC,FC Goa,0.0,2.0,Guwahati,India,Indira Gandhi Stadium,,,,Indian Super League,,20260424_NorthEast-United-FC_FC-Goa,-150.7537479322525,0.33,1.79,0,5,1,10,46.0,54.0,0,2,0,0,1,8
2026-04-25 11:30:00,Bengaluru FC,Mumbai City FC,0.0,0.0,Bangalore,India,Sree Kanteerava Stadium,,,,Indian Super League,,20260425_Bengaluru-FC_Mumbai-City-FC,-71.22717788384443,0.71,0.93,2,2,4,4,53.3,46.7,3,0,0,0,3,2
2026-04-25 14:00:00,Jamshedpur FC,Chennaiyin FC,4.0,1.0,Jamshedpur,India,JRD Tata Sports Complex Stadium,,,,Indian Super League,,20260425_Jamshedpur-FC_Chennaiyin-FC,76.27639256223051,0.81,1.19,4,3,7,5,60.0,40.0,0,2,0,0,3,8
2026-04-26 11:30:00,Sporting Club Delhi,Mohammedan SC,2.0,2.0,New Delhi,India,Jawaharlal Nehru Stadium (Delhi),,,,Indian Super League,,20260426_Sporting-Club-Delhi_Mohammedan-SC,130.8252962778215,0.58,1.6,2,4,5,8,52.3,47.7,2,2,0,0,3,6
2026-04-28 14:00:00,SC East Bengal,Odisha FC,3.0,0.0,"Fatorda, Goa",India,Pandit Jawaharlal Nehru Stadium,,,,Indian Super League,,20260428_SC-East-Bengal_Odisha-FC,-6.823408926336924,1.92,1.55,7,4,14,7,49.2,50.8,2,2,0,0,8,3
2026-05-01 14:00:00,Jamshedpur FC,FC Goa,2.0,0.0,Jamshedpur,India,JRD Tata Sports Complex Stadium,,,,Indian Super League,,20260501_Jamshedpur-FC_FC-Goa,-85.4700745690916,1.98,1.0,7,2,14,5,40.4,59.6,2,1,0,0,7,8
2026-05-02 11:30:00,NorthEast United FC,Inter Kashi,3.0,2.0,Guwahati,India,Indira Gandhi Stadium,,,,Indian Super League,,20260502_NorthEast-United-FC_Inter-Kashi,-35.50298461034345,1.27,1.1,3,3,6,4,47.8,52.2,1,5,0,0,5,5
2026-05-02 14:00:00,Sporting Club Delhi,Punjab FC,0.0,0.0,New Delhi,India,Jawaharlal Nehru Stadium (Delhi),,,,Indian Super League,,20260502_Sporting-Club-Delhi_Punjab-FC,-4.842535103358614,1.6,1.36,8,5,15,12,47.6,52.4,1,0,0,0,8,5
2026-05-04 14:00:00,Odisha FC,Bengaluru FC,1.0,1.0,"Fatorda, Goa",India,Pandit Jawaharlal Nehru Stadium,,,,Indian Super League,,20260504_Odisha-FC_Bengaluru-FC,-55.32229567005561,1.35,0.76,4,2,10,4,44.9,55.1,2,2,0,0,3,5
2026-05-05 14:00:00,Mumbai City FC,SC East Bengal,1.0,2.0,Mumbai,India,Mumbai Football Arena,,,,Indian Super League,,20260505_Mumbai-City-FC_SC-East-Bengal,104.04918949551347,1.21,0.6,3,4,7,8,57.1,42.9,1,2,0,0,5,6
2026-05-06 14:00:00,Punjab FC,Chennaiyin FC,1.0,0.0,New Delhi,India,Jawaharlal Nehru Stadium (Delhi),,,,Indian Super League,,20260506_Punjab-FC_Chennaiyin-FC,44.798447433537376,0.77,0.05,3,0,7,0,51.2,48.8,4,2,1,0,9,4
2026-05-08 11:30:00,Sporting Club Delhi,Odisha FC,1.0,2.0,New Delhi,India,Jawaharlal Nehru Stadium (Delhi),,,,Indian Super League,,20260508_Sporting-Club-Delhi_Odisha-FC,-4.028897171878498,1.78,0.99,5,4,10,9,51.1,48.9,2,4,0,0,4,8
2026-05-09 11:30:00,FC Goa,Mohun Bagan Super Giant,1.0,1.0,"Fatorda, Goa",India,Pandit Jawaharlal Nehru Stadium,,,,Indian Super League,,20260509_FC-Goa_Mohun-Bagan-Super-Giant,-80.64366414198389,0.85,1.09,2,3,2,8,40.7,59.3,0,2,0,0,2,6
2026-05-09 14:00:00,Jamshedpur FC,Bengaluru FC,0.0,1.0,Jamshedpur,India,JRD Tata Sports Complex Stadium,,,,Indian Super League,,20260509_Jamshedpur-FC_Bengaluru-FC,14.132308086887406,0.21,0.57,1,3,2,7,49.6,50.4,2,2,0,0,6,8
2026-05-10 11:30:00,Kerala Blasters FC,Mohammedan SC,3.0,1.0,Kochi,India,Jawaharlal Nehru Stadium (Kochi),,,,Indian Super League,,20260510_Kerala-Blasters-FC_Mohammedan-SC,109.29834959574987,1.21,1.19,4,4,8,9,56.1,43.9,0,2,0,0,6,10
2026-05-10 14:00:00,NorthEast United FC,Chennaiyin FC,4.0,1.0,Guwahati,India,Indira Gandhi Stadium,,,,Indian Super League,,20260510_NorthEast-United-FC_Chennaiyin-FC,39.295891621588,1.77,0.2,7,1,16,0,53.4,46.6,0,3,0,1,10,1
2026-05-11 14:00:00,SC East Bengal,Punjab FC,0.0,0.0,Kolkata,India,Vivekananda Yuba Bharati Krirangan Stadium,,,,Indian Super League,,20260511_SC-East-Bengal_Punjab-FC,20.302727426736965,0.56,0.05,1,0,1,0,49.5,50.5,1,1,0,0,2,1
2026-05-12 14:00:00,Mohun Bagan Super Giant,Inter Kashi,0.0,0.0,Kolkata,India,Vivekananda Yuba Bharati Krirangan Stadium,,,,Indian Super League,,20260512_Mohun-Bagan-Super-Giant_Inter-Kashi,205.68025592568824,0.92,1.34,3,4,6,8,60.4,39.6,0,3,0,0,2,3
2026-05-15 14:00:00,Mohammedan SC,Mumbai City FC,0.0,4.0,Kolkata,India,Kishore Bharati Krirangan,,,,Indian Super League,,20260515_Mohammedan-SC_Mumbai-City-FC,-239.04558268601022,1.09,0.94,4,4,7,6,35.7,64.3,3,1,0,0,3,4
2026-05-16 11:30:00,Chennaiyin FC,Bengaluru FC,1.0,2.0,Chennai,India,Jawaharlal Nehru Stadium (Chennai),,,,Indian Super League,,20260516_Chennaiyin-FC_Bengaluru-FC,-129.44964247360508,0.61,1.74,1,7,1,13,41.9,58.1,3,1,0,0,3,9
2026-05-16 14:00:00,Odisha FC,Punjab FC,2.0,3.0,"Fatorda, Goa",India,Pandit Jawaharlal Nehru Stadium,,,,Indian Super League,,20260516_Odisha-FC_Punjab-FC,0.22003503198220642,2.05,1.12,6,4,12,10,49.6,50.4,1,2,0,0,7,3
2026-05-17 11:30:00,Sporting Club Delhi,Inter Kashi,0.0,0.0,New Delhi,India,Jawaharlal Nehru Stadium (Delhi),,,,Indian Super League,,20260517_Sporting-Club-Delhi_Inter-Kashi,-15.84008497751688,1.75,1.73,5,6,11,11,42.4,57.6,1,3,0,0,5,11
2026-05-17 14:00:00,Mohun Bagan Super Giant,SC East Bengal,1.0,1.0,Kolkata,India,Vivekananda Yuba Bharati Krirangan Stadium,,,,Indian Super League,,20260517_Mohun-Bagan-Super-Giant_SC-East-Bengal,162.3360135191931,1.04,1.13,2,5,4,12,54.3,45.7,3,1,0,0,2,6
2026-05-18 14:00:00,Kerala Blasters FC,FC Goa,2.0,1.0,Kochi,India,Jawaharlal Nehru Stadium (Kochi),,,,Indian Super League,,20260518_Kerala-Blasters-FC_FC-Goa,-132.82915282424483,0.79,0.5,5,3,9,9,41.9,58.1,1,3,0,0,4,4
2026-05-19 11:30:00,NorthEast United FC,Mohammedan SC,2.0,0.0,Guwahati,India,Indira Gandhi Stadium,,,,Indian Super League,,20260519_NorthEast-United-FC_Mohammedan-SC,134.7366270398045,1.76,1.4,7,3,15,7,55.8,44.2,4,1,0,0,7,3
2026-05-21 14:00:00,Inter Kashi,SC East Bengal,1.0,2.0,Kolkata,India,Kishore Bharati Krirangan,,,,Indian Super League,,20260521_Inter-Kashi_SC-East-Bengal,-36.370665556416725,1.66,0.85,5,3,12,6,48.7,51.3,0,3,0,0,6,4
2026-05-21 14:00:00,Jamshedpur FC,Odisha FC,0.0,0.0,Jamshedpur,India,JRD Tata Sports Complex Stadium,,,,Indian Super League,,20260521_Jamshedpur-FC_Odisha-FC,53.32395121659897,1.74,1.75,7,5,15,12,47.9,52.1,4,3,0,0,4,6
2026-05-21 14:00:00,Mohun Bagan Super Giant,Sporting Club Delhi,2.0,1.0,Kolkata,India,Vivekananda Yuba Bharati Krirangan Stadium,,,,Indian Super League,,20260521_Mohun-Bagan-Super-Giant_Sporting-Club-Delhi,202.99011726169942,1.04,1.02,6,1,13,3,58.1,41.9,0,3,0,0,5,9
2026-05-21 14:00:00,Punjab FC,Mumbai City FC,0.0,2.0,New Delhi,India,Jawaharlal Nehru Stadium (Delhi),,,,Indian Super League,,20260521_Punjab-FC_Mumbai-City-FC,-85.50328695318399,1.35,1.07,4,3,11,10,50.6,49.4,1,1,0,0,3,10
