date,home_team,away_team,home_goals,away_goals,odd_home,odd_draw,odd_away,odd_home_pin,odd_draw_pin,odd_away_pin,tournament,stadium,MATCH_ID,elo_diff,home_xg,away_xg,home_shots_on,away_shots_on,home_shots_off,away_shots_off,home_possession,away_possession,home_yellow,away_yellow,home_red,away_red,home_corners,away_corners
2018-09-25,Dundalk,Derry City,3,2,1.17,7.25,14.24,1.18,7.62,15.2,Premier Division,,20180925_Dundalk_Derry-City,0.0,1.88,0.71,4,3,7,6,53.6,46.4,2,4,0,0,6,3
2018-10-05,Bohemians,Waterford,1,3,4.54,3.68,1.74,4.6,4.06,1.75,Premier Division,,20181005_Bohemians_Waterford,0.0,0.05,1.28,1,3,4,6,48.5,51.5,3,2,0,0,7,2
2018-10-05,Drogheda,Shelbourne,0,1,2.61,3.12,2.64,,,,Premier Division,,20181005_Drogheda_Shelbourne,0.0,0.26,0.83,1,4,1,10,55.1,44.9,2,2,0,0,3,4
2018-10-05,Dundalk,St. Patricks,1,1,1.25,5.8,10.16,1.27,6.31,9.93,Premier Division,,20181005_Dundalk_St.-Patricks,12.0,0.28,0.59,1,2,3,5,55.2,44.8,1,2,0,0,3,3
2018-10-05,Limerick,Derry City,0,1,2.65,3.51,2.47,2.76,3.7,2.51,Premier Division,,20181005_Limerick_Derry-City,12.0,0.52,0.42,4,1,9,5,48.8,51.2,0,0,0,0,6,7
2018-10-05,Shamrock Rovers,Cork City,0,0,1.42,4.21,7.83,1.45,4.45,7.88,Premier Division,,20181005_Shamrock-Rovers_Cork-City,0.0,0.96,0.9,4,3,8,6,51.9,48.1,4,0,0,0,7,4
2018-10-06,Sligo Rovers,Bray,2,1,1.31,5.04,9.37,1.32,5.37,10.18,Premier Division,,20181006_Sligo-Rovers_Bray,0.0,1.2,0.85,4,3,8,7,49.0,51.0,1,1,0,0,5,6
2018-10-08,Shelbourne,Drogheda,1,2,2.35,3.1,3.03,2.46,3.17,3.24,Premier Division,,20181008_Shelbourne_Drogheda,24.0,0.92,0.11,2,2,1,5,52.2,47.8,2,0,0,0,5,3
2018-10-12,Cork City,Limerick,3,0,1.31,5.36,8.7,1.31,5.68,9.46,Premier Division,,20181012_Cork-City_Limerick,12.414300586377067,1.28,1.27,3,4,7,8,53.5,46.5,1,3,0,0,6,5
2018-10-12,Drogheda,Finn Harps,1,1,2.94,3.19,2.36,3.23,3.35,2.36,Premier Division,,20181012_Drogheda_Finn-Harps,0.8276146734440317,0.25,1.51,1,4,1,8,54.0,46.0,2,3,1,0,2,2
2018-10-12,St. Patricks,Shamrock Rovers,0,1,3.52,3.36,2.07,3.7,3.54,2.08,Premier Division,,20181012_St.-Patricks_Shamrock-Rovers,0.4143005863770668,0.05,0.77,1,3,3,9,52.4,47.6,2,2,0,1,4,4
2018-10-12,Waterford,Dundalk,1,2,3.85,3.68,1.87,3.88,4.01,1.9,Premier Division,,20181012_Waterford_Dundalk,0.4143005863770668,1.41,1.42,5,5,12,11,50.6,49.4,0,4,0,0,11,10
2018-10-19,Bray,Bohemians,0,5,8.76,5.85,1.28,8.16,6.55,1.3,Premier Division,,20181019_Bray_Bohemians,0.0,1.0,2.62,2,9,3,17,40.7,59.3,0,0,0,0,4,11
2018-10-19,Derry City,Cork City,0,3,4.05,3.96,1.76,4.06,4.29,1.8,Premier Division,,20181019_Derry-City_Cork-City,-11.157107043638689,1.0,1.15,4,4,10,9,52.1,47.9,0,0,0,0,5,3
2018-10-19,Dundalk,Sligo Rovers,5,0,1.18,6.88,14.07,1.21,7.27,12.61,Premier Division,,20181019_Dundalk_Sligo-Rovers,11.600008842153784,2.14,0.91,8,3,16,8,52.8,47.2,1,3,0,0,6,6
2018-10-19,Limerick,St. Patricks,0,4,5.56,4.47,1.51,6.03,5.13,1.47,Premier Division,,20181019_Limerick_St.-Patricks,-12.385699374239039,0.52,1.53,2,5,5,11,49.8,50.2,1,2,0,0,4,8
2018-10-19,Shamrock Rovers,Waterford,3,1,1.73,3.77,4.45,1.76,4.03,4.59,Premier Division,,20181019_Shamrock-Rovers_Waterford,12.028618857061701,1.35,0.28,4,1,6,3,47.1,52.9,2,1,0,0,4,2
2018-10-22,Bray,Derry City,2,1,5.52,4.63,1.5,5.53,4.85,1.52,Premier Division,,20181022_Bray_Derry-City,-12.799521004208827,1.32,1.13,4,3,7,6,47.3,52.7,0,2,0,1,5,4
2018-10-22,Sligo Rovers,Bohemians,1,1,4.54,4.06,1.66,4.43,4.31,1.71,Premier Division,,20181022_Sligo-Rovers_Bohemians,0.4005013062596845,0.44,1.22,1,3,1,6,52.0,48.0,0,0,0,0,1,3
2018-10-26,Bohemians,Dundalk,1,1,5.19,4.16,1.57,5.27,4.39,1.59,Premier Division,,20181026_Bohemians_Dundalk,-35.185674716958374,1.34,0.05,5,1,10,1,44.1,55.9,0,3,0,0,9,3
2018-10-26,Cork City,Bray,5,1,1.09,8.85,24.75,1.1,9.16,23.78,Premier Division,,20181026_Cork-City_Bray,34.744307304335734,1.88,0.85,6,2,15,5,54.0,46.0,1,2,0,0,7,1
2018-10-26,Sligo Rovers,Shamrock Rovers,2,0,4.81,3.91,1.65,5.04,4.24,1.64,Premier Division,,20181026_Sligo-Rovers_Shamrock-Rovers,-23.212353075558894,2.17,1.38,6,5,13,9,44.9,55.1,1,1,0,0,8,2
2018-10-26,St. Patricks,Derry City,5,0,1.38,5.02,6.89,1.4,5.29,6.88,Premier Division,,20181026_St.-Patricks_Derry-City,23.61474428513361,0.58,0.75,5,2,12,5,48.6,51.4,0,1,0,0,8,2
2018-10-26,Waterford,Limerick,4,1,1.3,9.08,6.41,1.15,7.42,17.34,Premier Division,,20181026_Waterford_Limerick,23.95908087715793,2.0,1.61,4,4,10,9,52.8,47.2,2,0,0,0,4,3
2018-10-29,Finn Harps,Limerick,1,0,1.69,3.63,4.85,1.76,3.7,5.08,Premier Division,,20181029_Finn-Harps_Limerick,46.76047909608815,1.07,0.32,4,2,9,6,61.1,38.9,2,1,0,0,4,1
2018-11-02,Limerick,Finn Harps,0,2,2.39,3.27,2.85,2.41,3.55,2.92,Premier Division,,20181102_Limerick_Finn-Harps,-67.5497424647624,1.12,1.53,3,4,7,8,49.0,51.0,2,1,0,0,1,7
2019-02-15,Bohemians,Finn Harps,1,0,1.61,3.76,5.43,1.63,3.96,5.58,Premier Division,,20190215_Bohemians_Finn-Harps,-18.894125240319,0.22,0.52,1,2,3,4,48.4,51.6,0,0,0,0,1,4
2019-02-15,Derry City,UC Dublin,3,0,1.6,3.85,5.25,1.61,4.12,5.5,Premier Division,,20190215_Derry-City_UC-Dublin,-34.82798820643757,0.35,1.51,3,3,7,6,45.5,54.5,1,0,1,0,9,3
2019-02-15,Dundalk,Sligo Rovers,1,1,1.18,6.6,13.37,1.2,7.0,12.68,Premier Division,,20190215_Dundalk_Sligo-Rovers,20.801171051943356,1.18,1.08,5,5,13,12,50.7,49.3,3,1,0,1,11,10
2019-02-15,St. Patricks,Cork City,1,0,2.59,3.01,2.81,2.69,3.13,2.9,Premier Division,,20190215_St.-Patricks_Cork-City,-22.832130988312656,0.79,0.92,1,2,1,5,49.0,51.0,1,0,0,0,4,4
2019-02-15,Waterford,Shamrock Rovers,1,2,3.26,2.95,2.33,3.38,3.11,2.38,Premier Division,,20190215_Waterford_Shamrock-Rovers,-11.223715689412302,0.69,1.1,1,6,2,13,47.6,52.4,0,2,0,0,2,9
2019-02-22,Cork City,Waterford,0,2,1.58,3.75,5.73,1.61,3.99,6.08,Premier Division,,20190222_Cork-City_Waterford,33.24039609571855,1.0,2.04,4,6,10,14,53.2,46.8,0,1,0,0,4,4
2019-02-22,Finn Harps,Dundalk,1,1,10.72,5.25,1.27,10.35,5.64,1.3,Premier Division,,20190222_Finn-Harps_Dundalk,-25.803632149805026,0.45,0.94,2,1,4,5,45.5,54.5,1,3,0,0,5,3
2019-02-22,Shamrock Rovers,Derry City,2,0,1.53,3.9,6.11,1.56,4.17,6.41,Premier Division,,20190222_Shamrock-Rovers_Derry-City,44.040052636138626,1.15,0.58,4,3,10,5,49.4,50.6,3,0,0,0,6,4
2019-02-22,Sligo Rovers,St. Patricks,0,1,3.78,3.3,1.98,3.9,3.47,2.05,Premier Division,,20190222_Sligo-Rovers_St.-Patricks,-10.040681482898435,0.83,1.41,1,5,3,9,40.7,59.3,2,2,0,0,4,6
2019-02-22,UC Dublin,Bohemians,0,2,5.06,3.85,1.62,5.25,4.06,1.67,Premier Division,,20190222_UC-Dublin_Bohemians,-27.075805707121162,0.05,1.48,1,5,3,11,45.0,55.0,1,2,0,0,2,8
2019-02-25,Bohemians,Shamrock Rovers,1,0,3.59,3.08,2.14,3.7,3.23,2.22,Premier Division,,20190225_Bohemians_Shamrock-Rovers,-7.954346493226467,1.49,0.41,5,0,8,0,50.8,49.2,1,1,0,0,4,5
2019-02-25,Derry City,Waterford,3,2,2.68,3.24,2.55,2.75,3.46,2.64,Premier Division,,20190225_Derry-City_Waterford,-33.22297172506342,0.05,1.05,3,4,7,8,54.0,46.0,1,1,0,1,3,4
2019-02-25,Dundalk,UC Dublin,2,1,1.13,7.78,17.92,1.14,8.56,19.54,Premier Division,,20190225_Dundalk_UC-Dublin,56.64682073875383,1.83,0.43,6,1,13,1,54.1,45.9,2,3,0,0,8,5
2019-02-25,Sligo Rovers,Cork City,1,2,4.0,3.19,1.96,4.37,3.28,2.0,Premier Division,,20190225_Sligo-Rovers_Cork-City,-5.806602480662832,1.02,1.72,4,4,8,9,45.0,55.0,2,2,0,0,1,4
2019-02-25,St. Patricks,Finn Harps,0,0,1.44,4.17,7.17,1.48,4.26,7.64,Premier Division,,20190225_St.-Patricks_Finn-Harps,27.242034984088377,0.18,1.02,2,2,3,3,57.3,42.7,3,0,0,0,2,1
2019-03-01,Cork City,Derry City,0,0,1.65,3.64,5.1,1.7,3.82,5.39,Premier Division,,20190301_Cork-City_Derry-City,38.82965262341486,0.6,0.38,4,2,9,5,52.9,47.1,1,1,0,1,7,2
2019-03-01,Finn Harps,Sligo Rovers,1,2,2.62,2.98,2.8,2.76,3.12,2.87,Premier Division,,20190301_Finn-Harps_Sligo-Rovers,18.843702612202378,0.59,1.85,3,5,7,10,48.7,51.3,2,2,0,0,6,6
2019-03-01,Shamrock Rovers,Dundalk,0,0,3.17,3.04,2.32,3.25,3.2,2.44,Premier Division,,20190301_Shamrock-Rovers_Dundalk,-21.8185495845928,0.6,0.94,2,3,4,8,48.0,52.0,3,2,0,0,6,3
2019-03-01,UC Dublin,St. Patricks,1,1,6.04,3.88,1.53,6.6,3.93,1.58,Premier Division,,20190301_UC-Dublin_St.-Patricks,-68.98606456675884,0.74,0.89,2,2,4,4,50.4,49.6,3,1,0,0,4,4
2019-03-01,Waterford,Bohemians,0,0,2.47,3.11,2.87,2.58,3.29,2.95,Premier Division,,20190301_Waterford_Bohemians,-49.25542615604536,0.77,0.4,3,1,7,5,45.3,54.7,2,0,0,0,2,5
2019-03-04,Shamrock Rovers,Finn Harps,3,0,1.31,4.94,9.38,1.32,5.51,9.47,Premier Division,,20190304_Shamrock-Rovers_Finn-Harps,24.73035804634287,1.89,1.31,9,5,19,11,51.1,48.9,3,4,0,0,6,6
2019-03-08,Bohemians,Derry City,1,1,2.07,3.24,3.55,2.11,3.43,3.74,Premier Division,,20190308_Bohemians_Derry-City,53.16491724271532,0.1,0.8,1,3,2,6,59.5,40.5,0,2,0,0,3,2
2019-03-08,Dundalk,Waterford,4,0,1.44,4.38,6.55,1.46,4.86,6.65,Premier Division,,20190308_Dundalk_Waterford,52.03643869163648,1.81,0.05,5,0,12,1,56.6,43.4,2,1,0,0,7,6
2019-03-08,Finn Harps,Cork City,3,4,6.37,3.55,1.57,7.27,3.62,1.6,Premier Division,,20190308_Finn-Harps_Cork-City,-33.02374297353708,1.28,2.99,4,8,10,20,43.8,56.2,3,3,0,0,4,8
2019-03-08,St. Patricks,Shamrock Rovers,0,1,3.49,2.97,2.21,3.65,3.15,2.27,Premier Division,,20190308_St.-Patricks_Shamrock-Rovers,-0.21523906238553536,1.05,0.53,6,2,13,6,47.9,52.1,3,3,0,0,3,2
2019-03-09,Sligo Rovers,UC Dublin,1,0,1.98,3.31,3.75,2.04,3.49,3.92,Premier Division,,20190309_Sligo-Rovers_UC-Dublin,35.07662656232037,1.44,0.89,4,3,9,7,57.4,42.6,2,1,0,0,4,7
2019-03-15,Cork City,Bohemians,2,0,2.0,3.11,3.96,2.04,3.2,4.34,Premier Division,,20190315_Cork-City_Bohemians,-4.321535120408271,0.86,0.08,3,1,7,3,51.9,48.1,1,3,0,0,5,2
2019-03-15,Derry City,Dundalk,0,2,5.2,3.87,1.61,5.48,4.22,1.62,Premier Division,,20190315_Derry-City_Dundalk,-67.7197537736597,0.78,1.38,3,4,7,7,49.9,50.1,3,0,0,0,5,3
2019-03-15,Shamrock Rovers,Sligo Rovers,3,0,1.28,5.08,10.48,1.3,5.64,10.19,Premier Division,,20190315_Shamrock-Rovers_Sligo-Rovers,30.620912189679757,1.1,0.79,4,2,10,2,51.5,48.5,2,0,0,0,1,1
2019-03-15,UC Dublin,Finn Harps,3,0,2.4,3.22,2.89,2.55,3.38,2.91,Premier Division,,20190315_UC-Dublin_Finn-Harps,-17.402416630514608,1.66,0.05,5,0,11,2,53.4,46.6,2,1,0,0,5,2
2019-03-15,Waterford,St. Patricks,2,0,2.84,3.1,2.5,2.96,3.3,2.57,Premier Division,,20190315_Waterford_St.-Patricks,-40.8786056711765,0.93,0.77,5,3,11,5,54.7,45.3,0,1,0,0,7,3
2019-03-22,Finn Harps,Shamrock Rovers,0,1,7.71,4.12,1.43,8.35,4.31,1.45,Premier Division,,20190322_Finn-Harps_Shamrock-Rovers,-93.42599053638628,0.43,0.76,3,2,7,5,44.2,55.8,2,1,0,0,4,2
2019-03-29,Bohemians,St. Patricks,1,0,2.44,3.0,3.02,2.49,3.19,3.17,Premier Division,,20190329_Bohemians_St.-Patricks,14.647146150165781,1.24,0.41,3,0,5,0,48.2,51.8,0,5,0,0,5,2
2019-03-29,Derry City,Sligo Rovers,2,0,1.55,4.0,5.63,1.55,4.44,5.9,Premier Division,,20190329_Derry-City_Sligo-Rovers,-28.454388815560833,0.89,0.14,2,0,5,1,40.7,59.3,1,3,0,0,1,5
2019-03-29,Dundalk,Cork City,1,0,1.54,3.89,6.06,1.57,4.15,6.16,Premier Division,,20190329_Dundalk_Cork-City,20.06144190813825,1.5,0.8,5,1,10,3,57.2,42.8,0,3,0,0,4,2
2019-03-29,Shamrock Rovers,UC Dublin,3,1,1.29,4.95,10.3,1.29,5.18,13.15,Premier Division,,20190329_Shamrock-Rovers_UC-Dublin,94.47606520470936,2.03,1.05,5,1,10,4,51.9,48.1,1,1,0,0,11,3
2019-03-29,Waterford,Finn Harps,4,0,1.47,4.1,6.61,1.48,4.62,6.79,Premier Division,,20190329_Waterford_Finn-Harps,39.656080775311466,2.14,0.78,5,3,13,6,45.7,54.3,2,4,0,0,7,4
2019-04-05,Cork City,Shamrock Rovers,1,3,3.49,3.04,2.18,3.73,3.21,2.21,Premier Division,,20190405_Cork-City_Shamrock-Rovers,-42.89846417437411,0.41,0.8,1,3,1,6,48.2,51.8,3,2,1,0,5,4
2019-04-05,Finn Harps,Derry City,2,3,4.28,3.39,1.83,4.4,3.59,1.89,Premier Division,,20190405_Finn-Harps_Derry-City,-44.92605051335545,1.66,0.99,3,4,8,7,46.0,54.0,2,1,1,0,2,4
2019-04-05,St. Patricks,Dundalk,1,0,5.58,3.84,1.57,5.73,4.29,1.58,Premier Division,,20190405_St.-Patricks_Dundalk,-77.48783497842714,0.24,0.86,3,2,7,7,45.4,54.6,0,0,0,0,4,4
2019-04-05,UC Dublin,Waterford,4,1,3.77,3.39,1.94,4.06,3.55,1.98,Premier Division,,20190405_UC-Dublin_Waterford,-42.45988959543115,1.72,0.27,6,1,13,2,41.9,58.1,1,1,0,0,4,0
2019-04-06,Sligo Rovers,Bohemians,0,2,4.08,3.22,1.92,4.29,3.44,1.96,Premier Division,,20190406_Sligo-Rovers_Bohemians,-43.082384137885356,1.16,2.68,5,8,10,15,46.8,53.2,1,1,0,0,7,7
2019-04-12,Cork City,St. Patricks,1,1,2.1,3.05,3.68,2.16,3.12,4.01,Premier Division,,20190412_Cork-City_St.-Patricks,9.65200141846276,0.45,1.43,1,3,3,8,54.4,45.6,2,1,0,0,3,5
2019-04-12,Finn Harps,Bohemians,0,1,4.84,3.56,1.7,5.02,3.84,1.74,Premier Division,,20190412_Finn-Harps_Bohemians,-111.47811401645686,0.37,1.53,0,5,0,11,43.7,56.3,2,1,0,0,1,5
2019-04-12,Shamrock Rovers,Waterford,2,1,1.36,4.49,8.29,1.39,4.83,8.85,Premier Division,,20190412_Shamrock-Rovers_Waterford,93.63131358061264,0.59,0.34,2,1,5,1,61.2,38.8,0,1,0,0,0,6
2019-04-12,Sligo Rovers,Dundalk,2,1,9.77,4.81,1.31,9.94,5.16,1.34,Premier Division,,20190412_Sligo-Rovers_Dundalk,-78.82100467288228,1.23,1.19,5,6,10,15,48.9,51.1,1,2,0,0,6,2
2019-04-12,UC Dublin,Derry City,0,2,3.26,3.36,2.13,3.42,3.63,2.15,Premier Division,,20190412_UC-Dublin_Derry-City,-23.45501505919492,0.81,1.27,4,5,7,12,50.9,49.1,0,0,0,0,5,4
2019-04-15,Dundalk,Bohemians,1,0,1.47,4.08,6.7,1.5,4.25,7.35,Premier Division,,20190415_Dundalk_Bohemians,-8.253722098110075,1.53,0.05,4,1,10,3,54.1,45.9,2,4,0,0,6,4
2019-04-15,Sligo Rovers,Waterford,0,0,2.96,3.09,2.41,3.15,3.18,2.51,Premier Division,,20190415_Sligo-Rovers_Waterford,12.949167045472677,0.59,0.05,2,1,5,3,38.5,61.5,3,2,0,0,4,6
2019-04-15,St. Patricks,Derry City,1,3,2.4,3.02,3.03,2.39,3.23,3.31,Premier Division,,20190415_St.-Patricks_Derry-City,1.2577272500720937,1.77,1.42,7,6,17,11,49.0,51.0,3,1,0,0,4,6
2019-04-15,UC Dublin,Cork City,2,1,3.82,3.27,1.98,4.33,3.42,1.96,Premier Division,,20190415_UC-Dublin_Cork-City,-56.08042039426914,2.3,0.67,7,4,15,9,50.5,49.5,1,2,0,0,10,2
2019-04-19,Bohemians,UC Dublin,3,0,1.55,3.77,5.94,1.58,3.93,6.55,Premier Division,,20190419_Bohemians_UC-Dublin,62.35566883200249,1.55,0.82,7,2,15,6,51.7,48.3,3,2,1,0,7,5
2019-04-19,Derry City,Shamrock Rovers,0,1,3.96,3.25,1.94,4.28,3.44,1.96,Premier Division,,20190419_Derry-City_Shamrock-Rovers,-71.32528532012338,1.48,0.63,5,2,12,4,52.2,47.8,4,3,0,0,7,4
2019-04-19,Dundalk,Finn Harps,3,0,1.12,7.73,20.57,1.12,8.97,28.44,Premier Division,,20190419_Dundalk_Finn-Harps,132.06259206817276,1.67,0.75,4,3,9,8,49.2,50.8,1,3,0,0,4,2
2019-04-19,St. Patricks,Sligo Rovers,2,1,1.75,3.25,5.1,1.79,3.31,5.69,Premier Division,,20190419_St.-Patricks_Sligo-Rovers,4.659086642742068,0.55,0.2,2,1,3,1,45.4,54.6,1,1,1,0,1,4
2019-04-19,Waterford,Cork City,2,0,2.82,3.09,2.5,2.86,3.26,2.67,Premier Division,,20190419_Waterford_Cork-City,-23.82274645022312,0.89,1.15,3,2,8,6,48.2,51.8,3,2,0,0,8,3
2019-04-22,Cork City,Sligo Rovers,0,0,1.62,3.63,5.46,1.66,3.88,5.7,Premier Division,,20190422_Cork-City_Sligo-Rovers,10.785231255842291,0.24,0.61,0,2,1,3,51.9,48.1,3,1,0,0,1,1
2019-04-22,Finn Harps,St. Patricks,0,2,4.66,3.24,1.81,4.81,3.36,1.89,Premier Division,,20190422_Finn-Harps_St.-Patricks,-94.00733779837947,0.88,0.24,4,2,9,3,44.5,55.5,3,2,0,0,5,1
2019-04-22,UC Dublin,Dundalk,1,3,8.29,4.66,1.35,9.06,5.04,1.36,Premier Division,,20190422_UC-Dublin_Dundalk,-96.1875264553114,0.81,2.32,3,7,7,16,44.8,55.2,0,1,0,0,7,8
2019-04-22,Waterford,Derry City,2,2,2.46,3.16,2.82,2.42,3.37,3.11,Premier Division,,20190422_Waterford_Derry-City,-17.151256904332513,1.69,0.88,6,2,13,4,47.8,52.2,1,2,0,0,8,1
2019-04-23,Shamrock Rovers,Bohemians,0,1,1.72,3.35,5.13,1.74,3.53,5.68,Premier Division,,20190423_Shamrock-Rovers_Bohemians,52.631416813907435,0.88,1.79,2,3,1,7,51.3,48.7,0,4,0,0,1,6
2019-04-26,Bohemians,Waterford,0,0,1.96,3.24,3.89,2.03,3.37,4.1,Premier Division,,20190426_Bohemians_Waterford,68.19836006873447,1.01,0.14,3,0,7,0,63.0,37.0,0,1,0,0,6,3
2019-04-26,Derry City,Cork City,2,0,1.97,3.38,3.66,1.98,3.68,3.89,Premier Division,,20190426_Derry-City_Cork-City,18.752039759261606,0.92,0.59,2,2,4,5,49.1,50.9,1,1,0,0,2,4
2019-04-26,Dundalk,Shamrock Rovers,2,1,1.89,3.3,4.12,1.93,3.49,4.37,Premier Division,,20190426_Dundalk_Shamrock-Rovers,-15.9736417532024,1.08,0.34,4,1,7,2,48.5,51.5,1,3,0,1,3,3
2019-04-26,Sligo Rovers,Finn Harps,1,1,1.8,3.4,4.36,1.85,3.57,4.67,Premier Division,,20190426_Sligo-Rovers_Finn-Harps,74.87254320691613,0.33,1.32,1,2,4,5,51.0,49.0,3,2,0,1,5,3
2019-04-26,St. Patricks,UC Dublin,2,0,1.55,3.93,5.58,1.59,4.28,5.73,Premier Division,,20190426_St.-Patricks_UC-Dublin,60.429713350614065,1.18,0.3,3,1,7,1,51.4,48.6,0,2,0,0,7,1
2019-04-29,Cork City,Finn Harps,1,1,1.38,4.26,8.34,1.4,4.39,9.88,Premier Division,,20190429_Cork-City_Finn-Harps,71.01333646476405,0.1,0.98,1,4,1,9,55.7,44.3,2,1,1,0,8,6
2019-04-29,Derry City,Bohemians,0,2,2.28,3.22,3.05,2.35,3.43,3.18,Premier Division,,20190429_Derry-City_Bohemians,-38.55225823165824,0.13,0.59,2,2,3,5,51.5,48.5,3,3,0,0,4,5
2019-04-29,Shamrock Rovers,St. Patricks,1,0,1.59,3.61,5.81,1.64,3.78,6.19,Premier Division,,20190429_Shamrock-Rovers_St.-Patricks,46.76681479907461,1.17,0.6,3,3,5,7,47.0,53.0,1,3,0,0,3,5
2019-04-29,UC Dublin,Sligo Rovers,0,2,2.54,3.15,2.73,2.71,3.26,2.82,Premier Division,,20190429_UC-Dublin_Sligo-Rovers,-31.02167364691536,1.16,1.15,3,4,7,10,48.1,51.9,2,2,0,0,0,1
2019-04-29,Waterford,Dundalk,0,3,5.37,3.87,1.58,5.65,4.17,1.61,Premier Division,,20190429_Waterford_Dundalk,-87.47366978943683,0.81,0.94,2,4,6,8,45.0,55.0,1,2,0,0,6,6
2019-05-03,Bohemians,Cork City,0,1,1.99,3.09,3.99,2.02,3.38,4.14,Premier Division,,20190503_Bohemians_Cork-City,93.10321947023317,0.56,1.36,0,4,0,10,54.2,45.8,3,1,1,0,2,4
2019-05-03,Dundalk,Derry City,2,2,1.39,4.43,7.58,1.4,4.65,8.73,Premier Division,,20190503_Dundalk_Derry-City,82.1938725202026,0.83,0.66,3,2,7,6,55.4,44.6,1,1,0,1,5,6
2019-05-03,Finn Harps,UC Dublin,3,0,2.39,3.17,2.9,2.5,3.34,3.02,Premier Division,,20190503_Finn-Harps_UC-Dublin,-25.406953812783513,1.85,0.25,7,0,16,1,43.3,56.7,1,1,0,0,12,1
2019-05-03,St. Patricks,Waterford,0,3,1.76,3.47,4.53,1.78,3.82,4.73,Premier Division,,20190503_St.-Patricks_Waterford,30.224461585984272,0.76,0.98,2,4,4,8,48.9,51.1,3,3,0,0,6,5
2019-05-04,Sligo Rovers,Shamrock Rovers,2,1,6.62,3.73,1.52,6.61,4.07,1.56,Premier Division,,20190504_Sligo-Rovers_Shamrock-Rovers,-95.50513761418642,0.82,0.17,2,2,3,4,53.4,46.6,0,1,0,0,4,5
2019-05-10,Bohemians,Dundalk,0,2,3.4,3.13,2.16,3.58,3.37,2.19,Premier Division,,20190510_Bohemians_Dundalk,-34.647607390640815,0.38,2.32,0,9,0,18,41.2,58.8,1,2,0,0,1,5
2019-05-10,Cork City,UC Dublin,2,0,1.43,4.14,7.3,1.45,4.33,8.24,Premier Division,,20190510_Cork-City_UC-Dublin,68.78495528606686,1.64,1.36,5,3,9,7,47.5,52.5,3,4,0,1,8,6
2019-05-10,Derry City,St. Patricks,1,1,2.0,3.26,3.72,2.06,3.42,3.94,Premier Division,,20190510_Derry-City_St.-Patricks,8.965750194922293,0.39,0.73,1,2,3,5,45.0,55.0,2,2,0,0,5,2
2019-05-11,Waterford,Sligo Rovers,3,3,1.91,3.31,3.96,1.96,3.51,4.19,Premier Division,,20190511_Waterford_Sligo-Rovers,-4.451665120106782,1.81,2.36,5,7,10,17,45.9,54.1,4,1,0,0,10,5
2019-05-17,Cork City,Dundalk,0,2,4.92,3.41,1.72,5.42,3.65,1.73,Premier Division,,20190517_Cork-City_Dundalk,-98.6215836152935,1.52,1.33,6,5,13,14,46.3,53.7,5,1,0,0,1,9
2019-05-17,Finn Harps,Waterford,3,2,4.39,3.62,1.75,4.49,3.95,1.79,Premier Division,,20190517_Finn-Harps_Waterford,-76.33550325374176,1.16,1.82,3,6,9,13,49.5,50.5,1,1,0,0,2,3
2019-05-17,St. Patricks,Bohemians,1,1,2.52,2.89,3.01,2.64,2.94,3.21,Premier Division,,20190517_St.-Patricks_Bohemians,-39.82100426557213,0.74,0.05,3,1,7,3,42.9,57.1,2,1,1,0,5,3
2019-05-17,UC Dublin,Shamrock Rovers,0,1,12.38,5.59,1.23,12.95,5.89,1.26,Premier Division,,20190517_UC-Dublin_Shamrock-Rovers,-155.70237984556047,0.93,1.33,2,4,3,9,40.8,59.2,0,1,0,0,3,7
2019-05-18,Sligo Rovers,Derry City,0,0,3.33,3.19,2.17,3.49,3.36,2.24,Premier Division,,20190518_Sligo-Rovers_Derry-City,-8.50011500819187,0.05,0.36,2,2,3,5,52.5,47.5,0,1,0,0,3,4
2019-05-20,Dundalk,Bohemians,2,1,1.41,4.23,7.7,1.43,4.51,8.4,Premier Division,,20190520_Dundalk_Bohemians,66.31387711857542,1.33,1.14,3,5,9,10,51.5,48.5,0,0,0,0,5,2
2019-05-20,Finn Harps,Shamrock Rovers,0,3,8.12,4.16,1.4,9.04,4.3,1.43,Premier Division,,20190520_Finn-Harps_Shamrock-Rovers,-138.06317845223884,1.26,1.12,5,3,11,5,43.5,56.5,2,3,0,0,8,5
2019-05-20,UC Dublin,Cork City,0,1,4.51,3.6,1.73,4.8,3.82,1.77,Premier Division,,20190520_UC-Dublin_Cork-City,-86.36771835515651,0.05,0.77,0,1,0,2,39.2,60.8,0,1,0,0,3,3
2019-05-21,St. Patricks,Derry City,1,0,2.46,3.04,2.93,2.55,3.13,3.13,Premier Division,,20190521_St.-Patricks_Derry-City,-6.683652758324115,1.15,0.28,4,1,8,1,46.8,53.2,0,1,0,0,3,1
2019-05-24,Bohemians,Sligo Rovers,1,2,1.66,3.53,5.3,1.66,3.78,5.88,Premier Division,,20190524_Bohemians_Sligo-Rovers,28.574647345446465,0.77,1.55,4,5,9,9,47.9,52.1,0,2,0,0,5,2
2019-05-24,Derry City,Finn Harps,4,0,1.4,4.32,7.53,1.44,4.47,8.28,Premier Division,,20190524_Derry-City_Finn-Harps,69.32809791050045,1.97,2.03,6,4,13,9,47.1,52.9,2,2,0,1,10,7
2019-05-24,Dundalk,St. Patricks,1,0,1.34,4.56,8.97,1.35,4.95,10.28,Premier Division,,20190524_Dundalk_St.-Patricks,100.902322684713,1.1,0.97,2,3,4,7,55.9,44.1,1,3,0,0,2,5
2019-05-24,Shamrock Rovers,Cork City,2,0,1.5,3.85,6.65,1.53,4.05,7.26,Premier Division,,20190524_Shamrock-Rovers_Cork-City,81.63629539981889,1.15,1.06,3,2,5,6,53.5,46.5,1,2,0,0,4,1
2019-05-24,Waterford,UC Dublin,1,0,1.5,4.2,5.91,1.5,4.61,6.53,Premier Division,,20190524_Waterford_UC-Dublin,87.77280467728883,1.02,0.8,4,1,9,2,55.9,44.1,2,3,0,1,3,2
2019-05-31,Bohemians,Finn Harps,5,3,1.4,4.23,7.85,1.41,4.61,8.62,Premier Division,,20190531_Bohemians_Finn-Harps,98.8725578781914,1.65,0.99,5,5,12,12,46.7,53.3,2,2,0,0,5,5
2019-05-31,Dundalk,Sligo Rovers,4,0,1.19,6.24,14.11,1.19,7.02,17.2,Premier Division,,20190531_Dundalk_Sligo-Rovers,109.98757896620509,2.05,0.14,5,0,10,1,56.1,43.9,1,0,0,0,4,1
2019-05-31,St. Patricks,Cork City,1,1,2.29,2.95,3.31,2.4,3.05,3.49,Premier Division,,20190531_St.-Patricks_Cork-City,16.36547900067376,1.4,0.05,3,1,7,2,50.9,49.1,3,1,0,0,2,5
2019-06-08,Finn Harps,Dundalk,0,3,12.62,6.07,1.2,13.42,6.69,1.22,Premier Division,,20190608_Finn-Harps_Dundalk,-223.25245165375782,1.46,0.44,5,3,10,7,49.3,50.7,3,2,0,0,4,3
2019-06-08,Shamrock Rovers,Derry City,2,2,1.56,3.77,5.82,1.61,3.89,6.33,Premier Division,,20190608_Shamrock-Rovers_Derry-City,83.26458411585622,1.37,0.67,2,2,4,4,46.4,53.6,1,2,0,0,3,1
2019-06-08,Sligo Rovers,St. Patricks,1,1,3.2,3.12,2.26,3.4,3.3,2.3,Premier Division,,20190608_Sligo-Rovers_St.-Patricks,0.3758758332216985,1.37,1.82,7,5,14,11,62.0,38.0,0,0,0,0,2,5
2019-06-14,Bohemians,Shamrock Rovers,2,1,4.53,3.25,1.83,4.88,3.39,1.87,Premier Division,,20190614_Bohemians_Shamrock-Rovers,-61.49728161111807,1.72,0.66,7,1,14,2,49.4,50.6,0,2,0,0,8,2
2019-06-14,Sligo Rovers,Cork City,1,1,3.29,3.1,2.23,3.36,3.21,2.35,Premier Division,,20190614_Sligo-Rovers_Cork-City,15.598720657075773,0.39,0.05,1,1,1,4,52.2,47.8,1,4,0,0,2,3
2019-06-14,St. Patricks,Finn Harps,1,0,1.41,4.31,7.35,1.43,4.62,8.12,Premier Division,,20190614_St.-Patricks_Finn-Harps,101.45584496936476,1.13,1.3,3,5,7,11,56.7,43.3,3,0,0,0,5,9
2019-06-28,Cork City,Derry City,1,4,2.58,3.05,2.77,2.63,3.22,2.91,Premier Division,,20190628_Cork-City_Derry-City,-18.55282510032339,1.03,0.7,5,4,11,6,49.8,50.2,1,4,0,1,8,7
2019-06-28,Finn Harps,Sligo Rovers,2,0,2.89,3.1,2.46,3.03,3.17,2.57,Premier Division,,20190628_Finn-Harps_Sligo-Rovers,-109.85951456567864,1.9,1.02,8,5,16,12,44.6,55.4,3,2,0,0,10,5
2019-06-28,Shamrock Rovers,Dundalk,0,1,2.59,3.02,2.79,2.71,3.14,2.89,Premier Division,,20190628_Shamrock-Rovers_Dundalk,-64.83625011220988,0.37,1.82,2,6,2,13,48.3,51.7,0,1,0,0,1,7
2019-06-28,UC Dublin,St. Patricks,0,1,5.73,4.01,1.53,6.1,4.3,1.56,Premier Division,,20190628_UC-Dublin_St.-Patricks,-128.72753995398398,0.05,1.96,2,6,6,15,48.3,51.7,0,1,0,0,2,6
2019-06-28,Waterford,Bohemians,1,2,3.35,3.23,2.15,3.48,3.43,2.19,Premier Division,,20190628_Waterford_Bohemians,-48.3677109101975,1.61,1.85,4,6,9,13,50.9,49.1,2,3,0,0,5,4
2019-07-01,Bohemians,Derry City,0,0,2.95,3.14,2.39,3.01,3.37,2.46,Premier Division,,20190701_Bohemians_Derry-City,29.205696041324472,0.72,1.05,3,4,7,9,55.4,44.6,2,1,0,0,6,9
2019-07-01,Dundalk,Waterford,3,0,1.19,6.27,13.49,1.21,6.7,15.09,Premier Division,,20190701_Dundalk_Waterford,166.62339704250508,1.22,0.16,3,0,7,1,53.5,46.5,0,3,0,0,6,2
2019-07-01,Finn Harps,Cork City,0,0,3.16,3.14,2.27,3.37,3.26,2.32,Premier Division,,20190701_Finn-Harps_Cork-City,-68.3049605460701,0.51,0.48,0,2,1,4,43.5,56.5,1,0,0,0,2,4
2019-07-01,Sligo Rovers,UC Dublin,5,1,1.46,4.09,6.79,1.51,4.23,7.09,Premier Division,,20190701_Sligo-Rovers_UC-Dublin,112.02085197777251,2.31,1.37,7,4,15,10,49.5,50.5,3,0,0,0,8,7
2019-07-01,St. Patricks,Shamrock Rovers,0,2,3.85,3.0,2.07,4.02,3.06,2.17,Premier Division,,20190701_St.-Patricks_Shamrock-Rovers,-41.235592447935915,0.66,1.62,3,5,6,9,48.2,51.8,1,1,0,0,4,7
2019-07-05,Cork City,Bohemians,0,0,2.7,3.03,2.68,2.81,3.23,2.71,Premier Division,,20190705_Cork-City_Bohemians,-71.8010324084612,0.18,1.17,2,3,5,7,41.8,58.2,2,0,0,0,3,5
2019-07-05,Derry City,Dundalk,2,2,3.57,3.28,2.05,3.7,3.39,2.13,Premier Division,,20190705_Derry-City_Dundalk,-132.4238346623058,1.03,1.69,4,8,9,16,45.9,54.1,1,3,0,0,6,6
2019-07-05,Shamrock Rovers,Sligo Rovers,0,0,1.33,4.6,9.36,1.35,4.84,10.37,Premier Division,,20190705_Shamrock-Rovers_Sligo-Rovers,75.75858987006768,0.57,0.94,0,3,2,9,53.9,46.1,2,0,0,0,2,6
2019-07-05,UC Dublin,Finn Harps,1,0,5.44,3.78,1.6,5.86,4.23,1.58,Premier Division,,20190705_UC-Dublin_Finn-Harps,-44.09586284330044,1.2,0.39,5,2,11,4,47.1,52.9,0,2,0,0,6,2
2019-07-05,Waterford,St. Patricks,1,2,2.65,3.03,2.72,2.75,3.22,2.77,Premier Division,,20190705_Waterford_St.-Patricks,-37.04569222553687,0.05,1.0,1,3,2,6,49.3,50.7,2,1,0,0,3,7
2019-07-12,Derry City,UC Dublin,0,0,1.12,7.8,18.41,1.14,8.82,20.35,Premier Division,,20190712_Derry-City_UC-Dublin,143.19994341091797,1.98,1.11,5,4,12,8,57.3,42.7,1,3,0,0,6,2
2019-07-13,Sligo Rovers,Waterford,0,0,2.13,3.51,3.13,2.2,3.67,3.25,Premier Division,,20190713_Sligo-Rovers_Waterford,36.98876781729973,0.89,1.15,2,3,4,6,56.0,44.0,2,2,0,0,3,5
2019-07-15,UC Dublin,Bohemians,1,0,8.86,4.95,1.32,8.65,5.29,1.36,Premier Division,,20190715_UC-Dublin_Bohemians,-158.8995915378664,0.97,0.05,3,0,6,0,40.0,60.0,3,1,0,0,3,3
2019-07-19,Derry City,Sligo Rovers,3,0,1.61,3.83,5.2,1.62,4.1,5.62,Premier Division,,20190719_Derry-City_Sligo-Rovers,22.187808801740402,1.56,0.63,5,1,11,2,49.5,50.5,3,1,0,0,6,2
2019-07-19,Waterford,Finn Harps,0,1,1.82,3.39,4.34,1.85,3.55,4.73,Premier Division,,20190719_Waterford_Finn-Harps,64.81908317695252,0.68,0.77,1,3,2,7,47.1,52.9,3,1,0,0,4,6
2019-07-21,Bohemians,St. Patricks,3,0,2.31,2.87,3.41,2.4,2.88,3.68,Premier Division,,20190721_Bohemians_St.-Patricks,7.339477631860518,0.94,1.38,3,5,5,11,45.3,54.7,2,3,0,0,2,5
2019-07-21,Shamrock Rovers,UC Dublin,7,0,1.07,10.09,25.82,1.08,12.87,31.13,Premier Division,,20190721_Shamrock-Rovers_UC-Dublin,166.38920308338265,2.5,0.65,7,4,15,9,51.7,48.3,0,2,0,0,7,3
2019-07-26,Finn Harps,Derry City,1,0,5.12,3.62,1.66,5.51,3.81,1.68,Premier Division,,20190726_Finn-Harps_Derry-City,-118.47172230417095,0.17,0.42,1,4,3,9,47.7,52.3,1,1,0,0,7,3
2019-07-26,UC Dublin,Waterford,1,2,5.28,4.17,1.55,5.63,4.8,1.53,Premier Division,,20190726_UC-Dublin_Waterford,-52.5088487179753,1.59,0.32,4,2,9,7,47.7,52.3,0,4,0,1,4,3
2019-07-27,Sligo Rovers,Bohemians,1,1,3.35,3.23,2.15,3.49,3.4,2.2,Premier Division,,20190727_Sligo-Rovers_Bohemians,-53.101013690225045,1.13,1.18,3,4,8,8,44.6,55.4,1,2,0,0,4,3
2019-07-27,St. Patricks,Dundalk,0,1,4.1,3.18,1.94,4.45,3.23,2.0,Premier Division,,20190727_St.-Patricks_Dundalk,-139.53271417214387,0.05,0.58,1,3,3,7,49.2,50.8,1,1,0,0,5,4
2019-07-28,Cork City,Shamrock Rovers,1,1,5.92,3.46,1.62,6.46,3.66,1.64,Premier Division,,20190728_Cork-City_Shamrock-Rovers,-98.19087812616294,0.46,0.85,2,2,6,4,35.2,64.8,1,2,0,0,5,1
2019-07-29,Derry City,Waterford,2,0,1.49,4.21,5.92,1.49,4.66,6.45,Premier Division,,20190729_Derry-City_Waterford,55.93853456190618,1.94,0.21,7,2,16,5,50.2,49.8,0,1,0,1,11,1
2019-08-02,Cork City,St. Patricks,0,1,2.49,2.87,3.07,2.64,2.87,3.24,Premier Division,,20190802_Cork-City_St.-Patricks,-19.961523236321227,0.71,1.41,2,4,5,8,46.3,53.7,2,4,0,0,4,11
2019-08-02,Finn Harps,Bohemians,1,0,4.01,3.11,1.98,4.2,3.27,2.04,Premier Division,,20190802_Finn-Harps_Bohemians,-109.15531003450974,0.52,1.3,1,4,3,11,47.4,52.6,1,0,1,0,3,6
2019-08-02,UC Dublin,Derry City,1,3,10.51,5.46,1.25,10.99,5.69,1.29,Premier Division,,20190802_UC-Dublin_Derry-City,-138.93204128994103,1.21,1.22,4,4,9,9,44.9,55.1,1,1,0,0,3,6
2019-08-16,Bohemians,UC Dublin,10,1,1.24,5.66,11.11,1.26,6.31,11.23,Premier Division,,20190816_Bohemians_UC-Dublin,143.20289826447265,1.88,0.76,10,2,20,5,50.1,49.9,2,0,0,0,9,3
2019-08-16,Derry City,Shamrock Rovers,0,2,3.62,3.3,2.01,3.75,3.57,2.05,Premier Division,,20190816_Derry-City_Shamrock-Rovers,-40.222678371363145,1.13,1.56,5,4,9,11,48.7,51.3,1,0,0,0,6,7
2019-08-16,Dundalk,Finn Harps,5,0,1.19,6.06,13.95,1.22,6.29,16.46,Premier Division,,20190816_Dundalk_Finn-Harps,211.44872057047087,2.0,0.84,6,2,14,4,57.3,42.7,0,1,0,0,7,3
2019-08-16,St. Patricks,Sligo Rovers,2,1,1.72,3.5,4.8,1.75,3.68,5.15,Premier Division,,20190816_St.-Patricks_Sligo-Rovers,24.335751238446846,1.63,1.0,6,3,13,7,53.1,46.9,2,2,0,0,2,3
2019-08-16,Waterford,Cork City,1,2,2.42,3.08,2.97,2.41,3.27,3.19,Premier Division,,20190816_Waterford_Cork-City,-20.877622110283255,1.08,1.84,4,6,9,12,55.8,44.2,1,2,0,0,3,3
2019-08-19,Waterford,Shamrock Rovers,1,5,6.86,4.38,1.42,7.06,4.92,1.44,Premier Division,,20190819_Waterford_Shamrock-Rovers,-145.66873194454774,1.13,2.56,4,8,8,18,38.3,61.7,1,1,0,0,6,7
2019-08-26,Dundalk,UC Dublin,3,0,1.03,13.4,32.1,1.05,17.09,47.87,Premier Division,,20190826_Dundalk_UC-Dublin,289.59637261258626,1.29,0.75,4,2,9,4,60.9,39.1,3,1,0,0,8,6
2019-08-27,Shamrock Rovers,Waterford,2,1,1.18,6.57,14.42,1.19,6.66,18.36,Premier Division,,20190827_Shamrock-Rovers_Waterford,160.15719963116408,1.33,1.18,3,4,6,8,58.6,41.4,2,1,0,0,4,5
2019-08-30,Cork City,Sligo Rovers,2,4,1.88,3.37,4.05,1.92,3.56,4.33,Premier Division,,20190830_Cork-City_Sligo-Rovers,4.1922299285176905,1.75,1.68,5,5,11,11,54.7,45.3,1,2,0,1,4,3
2019-08-30,Shamrock Rovers,Bohemians,1,0,1.46,4.13,6.86,1.47,4.44,7.37,Premier Division,,20190830_Shamrock-Rovers_Bohemians,68.20999177875274,0.05,0.91,1,3,3,7,53.5,46.5,1,1,0,0,4,4
2019-08-30,UC Dublin,Dundalk,0,5,20.74,8.93,1.09,18.8,10.67,1.12,Premier Division,,20190830_UC-Dublin_Dundalk,-297.2196265235573,0.81,1.22,1,5,2,12,42.4,57.6,1,0,0,1,3,7
2019-08-30,Waterford,Derry City,1,1,3.92,3.54,1.86,4.11,3.73,1.92,Premier Division,,20190830_Waterford_Derry-City,-98.28593632630009,1.2,0.95,5,4,12,10,44.3,55.7,0,1,0,0,4,2
2019-09-02,Cork City,Waterford,1,2,2.13,3.27,3.31,2.19,3.41,3.51,Premier Division,,20190902_Cork-City_Waterford,42.059209412989276,0.05,1.35,1,2,2,5,53.2,46.8,2,2,0,0,4,2
2019-09-02,Sligo Rovers,Dundalk,0,2,8.41,4.98,1.32,9.7,5.19,1.34,Premier Division,,20190902_Sligo-Rovers_Dundalk,-179.38842198506927,1.28,1.6,5,3,10,7,43.3,56.7,2,1,0,0,7,6
2019-09-06,Dundalk,Cork City,1,0,1.18,6.47,14.07,1.2,7.21,14.81,Premier Division,,20190906_Dundalk_Cork-City,219.23311553131202,1.0,1.03,3,3,10,7,56.3,43.7,1,0,0,0,9,1
2019-09-06,Finn Harps,St. Patricks,1,2,4.26,3.28,1.87,4.37,3.5,1.93,Premier Division,,20190906_Finn-Harps_St.-Patricks,-85.02225017732144,0.85,1.03,2,3,5,8,51.7,48.3,2,2,0,0,4,8
2019-09-13,Bohemians,Waterford,1,2,2.09,3.18,3.57,2.14,3.17,3.96,Premier Division,,20190913_Bohemians_Waterford,79.17976455660983,0.34,1.3,1,4,2,7,49.1,50.9,1,1,0,1,4,6
2019-09-13,Sligo Rovers,Finn Harps,3,1,2.06,3.22,3.56,2.12,3.26,3.91,Premier Division,,20190913_Sligo-Rovers_Finn-Harps,53.328550208472734,1.05,1.69,4,6,10,13,54.5,45.5,0,2,0,0,6,10
2019-09-13,St. Patricks,UC Dublin,0,0,1.19,6.43,12.36,1.21,6.92,14.14,Premier Division,,20190913_St.-Patricks_UC-Dublin,168.81058824594083,0.89,1.42,4,4,10,9,47.2,52.8,4,0,0,0,3,3
2019-09-20,Cork City,Finn Harps,0,0,1.75,3.38,4.81,1.76,3.59,5.24,Premier Division,,20190920_Cork-City_Finn-Harps,30.964657911228414,1.26,0.97,2,3,5,8,47.1,52.9,2,3,0,0,6,6
2019-09-20,Derry City,Bohemians,0,0,1.86,3.48,4.03,1.96,3.64,4.01,Premier Division,,20190920_Derry-City_Bohemians,13.735084830954975,1.23,1.44,4,4,8,8,50.3,49.7,1,2,0,0,2,3
2019-09-20,Shamrock Rovers,St. Patricks,0,0,1.42,4.22,7.24,1.44,4.5,7.96,Premier Division,,20190920_Shamrock-Rovers_St.-Patricks,79.80456664743292,0.13,1.54,0,4,0,9,48.1,51.9,4,0,0,0,2,5
2019-09-20,UC Dublin,Sligo Rovers,0,2,4.46,4.0,1.66,4.74,4.3,1.68,Premier Division,,20190920_UC-Dublin_Sligo-Rovers,-123.63670403608808,0.94,0.84,4,4,8,10,46.7,53.3,1,4,0,1,4,6
2019-09-20,Waterford,Dundalk,0,1,6.98,4.64,1.39,7.36,4.98,1.42,Premier Division,,20190920_Waterford_Dundalk,-225.00778241603302,1.0,1.72,3,5,6,11,44.4,55.6,1,1,0,0,2,6
2019-09-23,Dundalk,Shamrock Rovers,3,2,2.07,3.08,3.74,2.15,3.18,3.93,Premier Division,,20190923_Dundalk_Shamrock-Rovers,80.8266339453528,0.64,1.89,3,5,8,10,53.4,46.6,3,2,0,0,4,5
2019-09-27,Derry City,Cork City,4,0,1.59,3.74,5.53,1.59,4.03,6.17,Premier Division,,20190927_Derry-City_Cork-City,68.94608561466748,1.89,1.6,6,5,15,9,45.4,54.6,1,1,0,0,5,3
2019-10-04,Bohemians,Cork City,1,0,1.84,3.3,4.42,1.88,3.4,4.83,Premier Division,,20191004_Bohemians_Cork-City,65.80875313047682,1.3,1.25,4,5,8,10,56.3,43.7,3,5,0,0,7,4
2019-10-04,Cabinteely,Longford,0,0,2.39,3.14,2.89,2.47,3.24,3.07,Premier Division,,20191004_Cabinteely_Longford,0.0,0.94,0.71,5,3,11,6,42.0,58.0,3,2,0,0,10,2
2019-10-04,Dundalk,Derry City,1,0,1.86,3.69,3.77,1.82,4.09,4.13,Premier Division,,20191004_Dundalk_Derry-City,166.7112173506814,1.2,1.33,4,3,9,9,54.4,45.6,0,2,0,0,6,5
2019-10-04,Finn Harps,UC Dublin,0,0,1.49,4.19,6.1,1.48,4.62,6.73,Premier Division,,20191004_Finn-Harps_UC-Dublin,58.93126454709295,0.42,1.44,1,5,4,9,53.4,46.6,1,1,0,0,3,9
2019-10-04,St. Patricks,Waterford,0,2,1.6,3.95,5.15,1.62,4.36,5.21,Premier Division,,20191004_St.-Patricks_Waterford,80.11269243774223,0.28,1.28,0,5,0,11,53.8,46.2,4,0,0,0,2,3
2019-10-05,Sligo Rovers,Shamrock Rovers,0,0,5.22,4.27,1.55,6.04,4.94,1.49,Premier Division,,20191005_Sligo-Rovers_Shamrock-Rovers,-94.28813448913161,0.05,1.2,0,2,1,5,43.4,56.6,1,0,1,0,2,4
2019-10-08,Waterford,Sligo Rovers,2,0,1.82,3.66,3.95,1.83,3.94,4.28,Premier Division,,20191008_Waterford_Sligo-Rovers,-39.413685244402814,1.54,1.01,5,3,12,7,48.7,51.3,0,1,0,0,6,4
2019-10-11,Bohemians,Dundalk,2,1,3.31,3.18,2.18,3.49,3.25,2.27,Premier Division,,20191011_Bohemians_Dundalk,-186.04030360940078,1.11,0.8,4,3,11,5,44.8,55.2,0,3,0,0,7,6
2019-10-11,Cork City,UC Dublin,3,2,1.29,5.04,9.65,1.32,5.29,10.36,Premier Division,,20191011_Cork-City_UC-Dublin,66.34318456430833,0.81,1.46,4,4,11,11,56.7,43.3,2,1,0,0,7,6
2019-10-11,Longford,Cabinteely,1,2,1.86,3.48,3.84,1.91,3.7,4.07,Premier Division,,20191011_Longford_Cabinteely,0.0,1.17,0.5,5,2,11,4,53.1,46.9,3,2,0,0,7,1
2019-10-11,Shamrock Rovers,Finn Harps,1,0,1.26,5.25,11.01,1.27,5.46,13.42,Premier Division,,20191011_Shamrock-Rovers_Finn-Harps,173.63336640276566,0.58,0.64,1,3,1,6,57.5,42.5,1,1,0,0,2,1
2019-10-18,Cabinteely,Drogheda,1,1,2.69,3.0,2.59,,,,Premier Division,,20191018_Cabinteely_Drogheda,11.200970070637595,0.74,0.81,2,2,5,3,48.4,51.6,2,0,0,0,2,5
2019-10-18,Cork City,Dundalk,1,0,7.74,4.49,1.38,7.87,4.85,1.41,Premier Division,,20191018_Cork-City_Dundalk,-243.746119338188,0.73,0.63,2,2,4,4,42.2,57.8,5,1,1,0,5,3
2019-10-18,Finn Harps,Waterford,1,0,3.31,3.39,2.09,3.45,3.65,2.12,Premier Division,,20191018_Finn-Harps_Waterford,-66.10179661088227,1.1,1.53,2,4,4,9,50.2,49.8,0,2,0,0,3,8
2019-10-18,St. Patricks,Bohemians,0,0,2.55,3.03,2.83,2.65,3.13,2.96,Premier Division,,20191018_St.-Patricks_Bohemians,-17.671023920768675,1.31,0.64,6,2,13,5,47.3,52.7,1,3,0,0,4,1
2019-10-18,UC Dublin,Shamrock Rovers,0,3,15.89,7.15,1.15,19.97,8.07,1.15,Premier Division,,20191018_UC-Dublin_Shamrock-Rovers,-244.7253238174087,0.83,2.14,3,9,6,20,33.1,66.9,1,1,0,0,3,9
2019-10-19,Sligo Rovers,Derry City,1,2,5.38,3.95,1.57,5.64,4.29,1.59,Premier Division,,20191019_Sligo-Rovers_Derry-City,-30.448712455138093,1.35,1.34,4,4,9,8,41.7,58.3,2,1,0,0,10,6
2019-10-22,Derry City,St. Patricks,1,3,1.83,3.39,4.31,1.89,3.49,4.54,Premier Division,,20191022_Derry-City_St.-Patricks,16.173380316641442,1.53,1.72,4,6,10,12,53.6,46.4,2,1,0,0,5,6
2019-10-25,Bohemians,Sligo Rovers,2,1,1.66,4.02,4.5,1.68,4.48,4.58,Premier Division,,20191025_Bohemians_Sligo-Rovers,52.62878227595593,1.16,0.91,5,2,11,4,51.9,48.1,2,3,0,0,9,6
2019-10-25,Derry City,Finn Harps,4,0,1.11,8.17,18.45,1.13,8.24,16.98,Premier Division,,20191025_Derry-City_Finn-Harps,93.39010883434116,2.09,0.16,8,1,18,3,44.3,55.7,1,0,0,0,7,2
2019-10-25,Drogheda,Cabinteely,5,1,1.81,3.38,4.19,,,,Premier Division,,20191025_Drogheda_Cabinteely,-10.427502419116536,1.24,0.98,5,3,10,5,53.2,46.8,2,1,1,1,6,2
2019-10-25,Dundalk,St. Patricks,4,0,1.57,4.01,5.31,1.59,4.37,5.54,Premier Division,,20191025_Dundalk_St.-Patricks,135.52986845021837,1.49,1.34,6,4,14,9,55.7,44.3,0,1,0,0,13,5
2019-10-25,Shamrock Rovers,Cork City,3,0,1.28,5.27,9.79,1.26,6.2,11.29,Premier Division,,20191025_Shamrock-Rovers_Cork-City,144.36013996393012,1.97,1.57,6,5,13,10,57.2,42.8,2,2,0,0,7,6
2019-10-25,Waterford,UC Dublin,4,2,1.33,5.08,7.83,1.33,5.47,9.29,Premier Division,,20191025_Waterford_UC-Dublin,114.73840022284503,2.38,0.05,6,2,14,7,51.5,48.5,3,1,0,0,9,3
2019-10-28,Drogheda,Finn Harps,1,0,2.36,3.19,2.86,,,,Premier Division,,20191028_Drogheda_Finn-Harps,89.82469110025886,0.99,0.86,2,2,4,5,50.1,49.9,1,0,0,0,5,6
2019-11-01,Finn Harps,Drogheda,1,0,2.06,3.25,3.43,2.13,3.34,3.68,Premier Division,,20191101_Finn-Harps_Drogheda,-107.75446895327514,0.05,1.63,1,6,4,12,49.3,50.7,3,1,0,0,5,4
2020-02-14,Cork City,Shelbourne,0,1,2.11,3.17,3.48,2.16,3.31,3.65,Premier Division,,20200214_Cork-City_Shelbourne,-41.23830933258046,1.12,0.64,2,2,4,5,48.9,51.1,2,1,0,1,1,1
2020-02-14,Dundalk,Derry City,1,0,1.5,3.96,6.34,1.55,4.01,6.87,Premier Division,,20200214_Dundalk_Derry-City,143.16575971658403,0.12,0.43,3,0,6,1,57.4,42.6,2,2,0,0,5,2
2020-02-14,Finn Harps,Sligo Rovers,1,0,2.8,2.98,2.63,3.0,3.03,2.66,Premier Division,,20200214_Finn-Harps_Sligo-Rovers,-45.60952781878564,0.32,1.36,1,4,1,9,48.9,51.1,1,0,0,0,1,3
2020-02-14,St. Patricks,Waterford,0,1,1.86,3.27,4.34,2.0,3.17,4.49,Premier Division,,20200214_St.-Patricks_Waterford,49.0252774507469,1.58,1.3,6,5,14,7,54.4,45.6,2,2,0,0,5,8
2020-02-15,Bohemians,Shamrock Rovers,0,1,3.62,3.0,2.13,3.77,3.11,2.21,Premier Division,,20200215_Bohemians_Shamrock-Rovers,-67.86557082404397,0.42,0.05,2,1,4,3,45.1,54.9,1,0,0,0,6,4
2020-02-21,Derry City,Finn Harps,1,1,1.4,4.06,8.46,1.43,4.18,9.71,Premier Division,,20200221_Derry-City_Finn-Harps,83.5644244236712,1.56,0.98,3,5,6,11,52.5,47.5,0,2,0,0,3,4
2020-02-21,Shamrock Rovers,Cork City,6,0,1.19,5.69,16.3,1.21,5.95,21.51,Premier Division,,20200221_Shamrock-Rovers_Cork-City,179.19261800061145,1.76,0.28,6,3,13,10,59.6,40.4,2,1,0,0,11,5
2020-02-21,Shelbourne,Dundalk,1,2,7.91,4.41,1.38,8.73,4.68,1.4,Premier Division,,20200221_Shelbourne_Dundalk,-175.53943111184753,1.14,1.72,3,6,8,11,44.1,55.9,1,2,0,0,3,8
2020-02-21,Sligo Rovers,St. Patricks,0,2,3.57,3.12,2.09,3.79,3.22,2.15,Premier Division,,20200221_Sligo-Rovers_St.-Patricks,-51.27302852497519,0.8,1.69,4,4,8,7,50.4,49.6,3,2,0,0,5,4
2020-02-21,Waterford,Bohemians,0,2,3.1,3.04,2.34,3.18,3.1,2.48,Premier Division,,20200221_Waterford_Bohemians,-47.28980979619655,0.47,0.84,3,4,8,10,50.5,49.5,3,2,0,0,2,8
2020-02-24,Bohemians,Sligo Rovers,2,0,1.52,3.69,6.61,1.56,3.73,7.4,Premier Division,,20200224_Bohemians_Sligo-Rovers,97.52032560500015,0.95,0.69,3,1,7,2,57.9,42.1,2,4,0,0,7,2
2020-02-24,Dundalk,Cork City,3,0,1.16,6.78,15.57,1.18,7.31,15.16,Premier Division,,20200224_Dundalk_Cork-City,250.65460340813092,1.16,0.25,5,2,13,4,57.7,42.3,1,0,0,0,6,4
2020-02-24,Waterford,Shamrock Rovers,0,2,7.7,4.13,1.42,8.5,4.3,1.44,Premier Division,,20200224_Waterford_Shamrock-Rovers,-151.2097692827308,0.94,0.7,2,2,5,5,48.6,51.4,0,2,0,0,4,8
2020-02-28,Cork City,Finn Harps,1,0,2.38,2.86,3.29,2.38,2.98,3.52,Premier Division,,20200228_Cork-City_Finn-Harps,-10.302757394291348,0.59,0.42,3,2,6,3,52.7,47.3,0,1,0,0,3,4
2020-02-28,Derry City,Bohemians,2,0,2.27,3.12,3.18,2.24,3.33,3.42,Premier Division,,20200228_Derry-City_Bohemians,-33.74030899464765,1.13,1.66,3,4,6,9,46.3,53.7,3,3,0,1,6,5
2020-02-28,Shamrock Rovers,Dundalk,3,2,2.23,3.14,3.25,2.33,3.25,3.3,Premier Division,,20200228_Shamrock-Rovers_Dundalk,-56.350488233268834,1.2,1.07,5,3,11,7,47.5,52.5,3,3,0,0,5,4
2020-02-28,Shelbourne,St. Patricks,1,0,3.4,3.03,2.22,3.52,3.18,2.27,Premier Division,,20200228_Shelbourne_St.-Patricks,-20.57162806829797,1.18,1.15,4,5,8,11,54.1,45.9,2,1,0,0,3,3
2020-03-06,Bohemians,Shelbourne,2,0,1.79,3.24,4.82,1.81,3.38,5.25,Premier Division,,20200306_Bohemians_Shelbourne,29.18138244865372,1.71,1.21,5,5,11,11,52.9,47.1,1,3,0,0,10,4
2020-03-06,Finn Harps,Dundalk,0,4,7.68,4.33,1.4,8.53,4.46,1.43,Premier Division,,20200306_Finn-Harps_Dundalk,-247.95095740322472,0.95,1.75,4,7,8,16,46.3,53.7,1,3,0,0,2,6
2020-03-06,St. Patricks,Cork City,1,0,1.53,3.82,6.28,1.57,3.88,6.81,Premier Division,,20200306_St.-Patricks_Cork-City,62.39728391516746,0.6,0.06,2,0,5,0,55.1,44.9,3,0,0,0,5,1
2020-03-06,Waterford,Derry City,2,1,3.85,3.3,1.95,3.99,3.42,2.02,Premier Division,,20200306_Waterford_Derry-City,-63.26602037913631,0.72,1.25,3,2,8,5,46.4,53.6,0,0,0,0,4,7
2020-03-07,Sligo Rovers,Shamrock Rovers,2,3,10.44,5.05,1.28,10.57,5.22,1.32,Premier Division,,20200307_Sligo-Rovers_Shamrock-Rovers,-210.41777345597302,1.41,0.25,5,3,10,7,41.8,58.2,1,1,0,0,4,3
2020-07-31,Derry City,Sligo Rovers,0,2,1.64,3.72,5.15,1.68,3.88,5.32,Premier Division,,20200731_Derry-City_Sligo-Rovers,85.7229301142363,0.66,2.14,3,5,7,13,44.8,55.2,5,0,0,0,6,6
2020-07-31,Dundalk,St. Patricks,1,1,1.58,3.74,5.84,1.59,3.89,6.41,Premier Division,,20200731_Dundalk_St.-Patricks,165.92159743048614,1.3,0.54,4,2,9,4,60.5,39.5,2,1,0,0,3,5
2020-08-01,Shamrock Rovers,Finn Harps,3,1,1.22,5.65,13.04,1.23,6.26,14.55,Premier Division,,20200801_Shamrock-Rovers_Finn-Harps,229.6111109129622,2.2,1.18,8,3,18,8,62.4,37.6,0,3,0,0,9,2
2020-08-01,Shelbourne,Waterford,0,1,1.99,3.24,3.85,2.06,3.28,4.03,Premier Division,,20200801_Shelbourne_Waterford,16.345778822276998,0.65,0.93,3,1,7,2,54.9,45.1,0,2,0,0,2,2
2020-08-02,Cork City,Bohemians,0,1,5.26,3.47,1.68,5.48,3.6,1.72,Premier Division,,20200802_Cork-City_Bohemians,-117.28864135027379,0.73,0.58,3,3,6,7,51.5,48.5,1,0,0,0,5,5
2020-08-03,St. Patricks,Derry City,0,2,1.83,3.19,4.65,1.88,3.31,4.91,Premier Division,,20200803_St.-Patricks_Derry-City,17.650390035752707,0.64,0.81,2,2,5,2,52.1,47.9,3,2,0,0,2,1
2020-08-04,Finn Harps,Shelbourne,0,1,2.67,2.87,2.86,2.86,2.91,2.89,Premier Division,,20200804_Finn-Harps_Shelbourne,-67.79219788710543,0.68,1.18,1,3,0,5,50.3,49.7,1,1,0,0,2,5
2020-08-07,Bohemians,Dundalk,2,1,4.01,3.22,1.95,4.3,3.24,2.01,Premier Division,,20200807_Bohemians_Dundalk,-117.33810719298413,1.56,1.34,4,5,8,12,42.7,57.3,1,0,0,0,3,4
2020-08-07,St. Patricks,Finn Harps,2,0,1.51,3.69,7.14,1.53,3.89,7.65,Premier Division,,20200807_St.-Patricks_Finn-Harps,98.78098366147947,2.05,0.79,4,2,10,6,53.8,46.2,1,3,0,0,11,2
2020-08-08,Sligo Rovers,Shelbourne,2,1,2.76,2.99,2.65,2.93,3.04,2.71,Premier Division,,20200808_Sligo-Rovers_Shelbourne,-49.34682872473354,1.04,1.16,4,5,6,11,41.0,59.0,0,1,0,0,4,5
2020-08-08,Waterford,Cork City,0,0,1.94,3.2,4.07,1.99,3.28,4.35,Premier Division,,20200808_Waterford_Cork-City,70.43285507492487,1.77,0.61,5,3,11,6,51.7,48.3,3,1,1,0,5,8
2020-08-09,Derry City,Shamrock Rovers,1,2,5.64,3.58,1.62,5.93,3.68,1.67,Premier Division,,20200809_Derry-City_Shamrock-Rovers,-143.05545643097344,0.24,1.12,1,2,2,5,49.5,50.5,2,0,0,0,1,2
2020-08-14,Cork City,Sligo Rovers,3,0,3.42,3.02,2.22,3.54,3.0,2.36,Premier Division,,20200814_Cork-City_Sligo-Rovers,-33.28445191105379,0.54,0.63,3,2,8,5,48.8,51.2,2,3,0,0,6,1
2020-08-14,Dundalk,Waterford,2,2,1.39,4.57,7.27,1.4,4.96,7.82,Premier Division,,20200814_Dundalk_Waterford,166.88077351665606,0.9,0.89,3,3,6,6,60.1,39.9,4,1,0,0,5,4
2020-08-15,Finn Harps,Bohemians,0,1,4.79,3.16,1.83,5.18,3.22,1.87,Premier Division,,20200815_Finn-Harps_Bohemians,-173.8932904088756,1.03,1.19,3,3,8,6,37.2,62.8,1,2,0,0,8,6
2020-08-15,Shelbourne,Derry City,1,1,3.37,2.92,2.31,3.55,2.95,2.39,Premier Division,,20200815_Shelbourne_Derry-City,-25.553441418241846,0.93,1.9,4,6,8,13,45.1,54.9,2,3,0,0,6,8
2020-08-16,St. Patricks,Shamrock Rovers,0,0,4.89,3.2,1.8,5.04,3.24,1.88,Premier Division,,20200816_St.-Patricks_Shamrock-Rovers,-149.26652961371815,0.05,0.25,2,0,2,3,39.0,61.0,1,0,0,0,2,2
2020-08-18,Sligo Rovers,Waterford,2,1,2.62,3.1,2.7,2.61,3.23,2.84,Premier Division,,20200818_Sligo-Rovers_Waterford,-50.85275771015063,1.15,0.35,3,1,8,4,50.6,49.4,2,2,0,0,5,1
2020-08-21,Derry City,Cork City,3,1,1.82,3.34,4.48,1.84,3.42,4.81,Premier Division,,20200821_Derry-City_Cork-City,66.77160521420456,1.7,0.3,8,2,20,5,54.9,45.1,0,1,0,0,9,3
2020-08-21,Shamrock Rovers,Shelbourne,0,0,1.25,5.17,12.87,1.27,5.39,14.99,Premier Division,,20200821_Shamrock-Rovers_Shelbourne,177.50890610928218,0.55,0.2,2,0,5,0,53.5,46.5,3,2,0,0,3,0
2020-08-22,Bohemians,St. Patricks,2,0,2.5,2.88,3.07,2.53,2.96,3.26,Premier Division,,20200822_Bohemians_St.-Patricks,59.34749972724262,1.26,1.49,5,4,10,12,52.9,47.1,2,4,0,0,7,9
2020-08-22,Sligo Rovers,Dundalk,3,1,4.67,3.78,1.68,4.98,4.01,1.69,Premier Division,,20200822_Sligo-Rovers_Dundalk,-193.27355024439294,2.1,2.05,6,7,14,17,49.4,50.6,2,1,0,0,7,5
2020-08-23,Waterford,Finn Harps,2,3,2.01,3.12,3.9,2.07,3.25,4.03,Premier Division,,20200823_Waterford_Finn-Harps,90.60380570432426,1.28,2.34,7,9,16,20,55.5,44.5,4,2,1,0,9,8
2020-09-04,Waterford,St. Patricks,3,0,3.38,3.09,2.2,3.54,3.23,2.24,Premier Division,,20200904_Waterford_St.-Patricks,-41.93201002591627,1.8,0.05,6,1,12,1,50.5,49.5,1,3,0,0,6,3
2020-09-05,Shamrock Rovers,Bohemians,1,0,1.7,3.38,5.24,1.72,3.6,5.46,Premier Division,,20200905_Shamrock-Rovers_Bohemians,64.58108971150705,1.6,0.72,4,1,9,2,51.4,48.6,2,3,1,0,7,4
2020-09-05,Shelbourne,Cork City,1,1,1.78,3.26,4.84,1.83,3.34,5.15,Premier Division,,20200905_Shelbourne_Cork-City,58.34979024172253,0.68,0.44,3,2,6,5,56.1,43.9,2,1,0,0,4,4
2020-09-07,Sligo Rovers,Finn Harps,3,1,2.04,3.15,3.75,2.1,3.25,3.97,Premier Division,,20200907_Sligo-Rovers_Finn-Harps,70.24127456271162,1.63,0.88,7,3,19,5,59.3,40.7,2,1,0,0,11,2
2020-09-11,Bohemians,Waterford,0,2,1.49,3.98,6.47,1.52,4.17,7.21,Premier Division,,20200911_Bohemians_Waterford,97.98326583919925,0.05,1.85,0,5,0,13,52.9,47.1,2,0,1,0,4,6
2020-09-11,Dundalk,Shelbourne,3,2,1.59,3.87,5.35,1.63,3.94,5.89,Premier Division,,20200911_Dundalk_Shelbourne,149.3157328608229,2.13,1.96,7,6,14,13,56.0,44.0,2,2,0,0,5,6
2020-09-12,Cork City,Shamrock Rovers,0,3,12.34,5.37,1.24,14.44,5.56,1.28,Premier Division,,20200912_Cork-City_Shamrock-Rovers,-232.36116371572348,0.66,1.61,2,6,5,12,43.5,56.5,1,5,0,0,3,7
2020-09-12,St. Patricks,Sligo Rovers,0,0,1.98,3.21,3.91,2.0,3.41,4.26,Premier Division,,20200912_St.-Patricks_Sligo-Rovers,9.126208129219549,1.19,1.99,3,6,7,14,51.1,48.9,2,2,0,0,3,8
2020-09-13,Finn Harps,Derry City,0,0,3.53,3.0,2.19,3.77,3.11,2.27,Premier Division,,20200913_Finn-Harps_Derry-City,-117.54231712658839,1.22,0.44,3,1,6,1,43.9,56.1,0,2,0,0,6,1
2020-09-18,Derry City,St. Patricks,0,0,2.8,2.96,2.66,2.93,3.05,2.79,Premier Division,,20200918_Derry-City_St.-Patricks,15.365365745828058,0.52,0.67,2,3,5,8,47.7,52.3,0,3,0,0,3,5
2020-09-18,Sligo Rovers,Bohemians,0,1,3.69,3.13,2.08,3.93,3.17,2.18,Premier Division,,20200918_Sligo-Rovers_Bohemians,-76.44763989781814,0.93,1.53,4,7,9,17,47.7,52.3,4,3,0,0,5,12
2020-09-19,Shelbourne,Finn Harps,1,1,2.17,3.07,3.51,2.22,3.16,3.83,Premier Division,,20200919_Shelbourne_Finn-Harps,76.6302123039095,1.44,0.42,4,2,9,4,46.4,53.6,0,0,0,0,6,4
2020-09-21,Shamrock Rovers,Waterford,6,1,1.29,5.11,10.25,1.3,5.59,11.7,Premier Division,,20200921_Shamrock-Rovers_Waterford,171.8464694411755,2.41,1.31,8,5,18,11,57.1,42.9,1,2,0,0,8,4
2020-09-25,Bohemians,Derry City,2,1,1.8,3.35,4.55,1.84,3.54,4.9,Premier Division,,20200925_Bohemians_Derry-City,62.51808685580454,1.43,0.49,6,2,15,3,47.1,52.9,0,0,0,0,8,2
2020-09-26,St. Patricks,Shelbourne,2,0,1.84,3.22,4.58,1.86,3.43,5.0,Premier Division,,20200926_St.-Patricks_Shelbourne,20.85839664715536,0.05,0.27,2,1,7,2,53.6,46.4,1,1,0,0,2,1
2020-09-26,Waterford,Sligo Rovers,1,0,2.8,3.11,2.55,3.04,3.17,2.61,Premier Division,,20200926_Waterford_Sligo-Rovers,11.954750824706707,1.6,0.44,4,0,10,0,51.6,48.4,2,1,0,0,6,2
2020-09-27,Dundalk,Shamrock Rovers,0,4,7.78,4.46,1.39,8.6,4.7,1.42,Premier Division,,20200927_Dundalk_Shamrock-Rovers,-33.04568670833646,0.99,1.47,3,4,6,10,49.7,50.3,1,1,0,1,5,5
2020-09-27,Finn Harps,Cork City,1,1,2.24,2.94,3.49,2.33,2.97,3.82,Premier Division,,20200927_Finn-Harps_Cork-City,-21.817688398150494,1.72,0.95,6,3,13,6,47.5,52.5,3,2,0,0,7,3
2020-09-29,Sligo Rovers,Derry City,1,0,3.34,2.99,2.28,3.61,3.06,2.36,Premier Division,,20200929_Sligo-Rovers_Derry-City,-34.45589323685317,0.77,1.06,3,4,6,9,54.8,45.2,0,1,0,0,3,3
2020-10-02,Derry City,Waterford,2,0,1.98,3.19,3.96,2.04,3.3,4.23,Premier Division,,20201002_Derry-City_Waterford,-13.859556620999001,1.15,0.05,4,0,8,0,51.5,48.5,0,2,0,0,2,0
2020-10-02,Shamrock Rovers,Sligo Rovers,4,0,1.25,5.64,10.28,1.26,6.39,11.87,Premier Division,,20201002_Shamrock-Rovers_Sligo-Rovers,206.0754764334647,2.29,2.04,6,5,13,13,57.9,42.1,1,3,0,0,8,5
2020-10-03,Cork City,St. Patricks,1,2,4.92,3.35,1.75,5.33,3.5,1.79,Premier Division,,20201003_Cork-City_St.-Patricks,-82.49469865922333,1.28,1.43,2,3,4,6,45.9,54.1,1,1,0,0,6,6
2020-10-03,Shelbourne,Bohemians,1,3,3.75,3.19,2.04,3.86,3.27,2.16,Premier Division,,20201003_Shelbourne_Bohemians,-118.82528872152466,1.44,2.02,2,9,7,20,51.6,48.4,0,1,0,0,8,9
2020-10-04,Dundalk,Finn Harps,0,0,1.6,3.89,5.28,1.63,4.05,5.82,Premier Division,,20201004_Dundalk_Finn-Harps,226.0036890432516,0.07,1.4,0,6,0,14,57.5,42.5,2,3,0,0,0,4
2020-10-09,Bohemians,Cork City,3,0,1.31,4.9,9.15,1.35,5.21,10.14,Premier Division,,20201009_Bohemians_Cork-City,175.1525949383249,1.29,0.06,5,0,9,0,51.7,48.3,4,2,0,0,10,4
2020-10-10,Waterford,Shelbourne,0,1,2.76,3.16,2.53,2.94,3.3,2.6,Premier Division,,20201010_Waterford_Shelbourne,32.82351138616991,0.87,0.71,4,2,8,3,52.4,47.6,1,0,0,0,9,1
2020-10-13,Cork City,Dundalk,0,2,9.51,5.37,1.28,10.88,5.8,1.3,Premier Division,,20201013_Cork-City_Dundalk,-214.44592423899758,0.05,2.05,1,5,3,10,42.4,57.6,2,0,0,0,3,5
2020-10-16,Dundalk,Bohemians,0,0,1.72,3.75,4.45,1.71,4.13,4.9,Premier Division,,20201016_Dundalk_Bohemians,31.871623681430037,1.48,0.05,3,0,5,1,51.4,48.6,1,3,0,0,2,2
2020-10-17,Cork City,Waterford,0,0,3.14,3.46,2.16,3.24,3.77,2.2,Premier Division,,20201017_Cork-City_Waterford,-71.7482988104814,0.52,0.2,3,3,7,6,41.5,58.5,0,4,0,1,7,4
2020-10-18,Shelbourne,Sligo Rovers,1,0,2.49,3.13,2.85,2.63,3.23,2.96,Premier Division,,20201018_Shelbourne_Sligo-Rovers,-4.614274199523152,1.09,1.27,1,3,2,7,54.1,45.9,2,1,0,1,4,4
2020-10-19,Derry City,Dundalk,1,2,3.19,3.05,2.33,3.69,3.22,2.24,Premier Division,,20201019_Derry-City_Dundalk,-128.1916219960874,0.76,0.05,2,2,6,3,42.3,57.7,2,1,0,0,4,4
2020-10-23,Derry City,Shelbourne,2,0,1.72,3.46,5.0,1.75,3.66,5.41,Premier Division,,20201023_Derry-City_Shelbourne,10.868180866408466,2.25,0.88,8,2,17,6,48.7,51.3,2,1,0,0,9,2
2020-10-24,Bohemians,Finn Harps,0,2,1.48,3.97,6.96,1.52,4.08,7.73,Premier Division,,20201024_Bohemians_Finn-Harps,186.91147105693472,0.47,0.05,2,2,4,5,56.8,43.2,4,1,0,0,2,6
2020-10-24,Sligo Rovers,Cork City,2,1,1.7,3.7,4.72,1.75,3.83,5.03,Premier Division,,20201024_Sligo-Rovers_Cork-City,55.19688335744354,1.52,0.54,6,1,15,1,52.2,47.8,0,4,0,0,8,1
2020-10-25,Waterford,Dundalk,1,0,5.89,4.07,1.52,6.59,4.41,1.53,Premier Division,,20201025_Waterford_Dundalk,-162.62569322279705,1.59,1.37,5,3,11,6,43.7,56.3,4,3,0,0,6,4
2020-10-28,Finn Harps,St. Patricks,3,2,4.7,3.26,1.81,5.04,3.45,1.85,Premier Division,,20201028_Finn-Harps_St.-Patricks,-87.24890820820224,1.18,1.06,3,2,8,4,56.3,43.7,1,2,0,0,7,2
2020-10-31,Bray,Galway,0,1,2.02,3.32,3.52,2.07,3.64,3.61,Premier Division,,20201031_Bray_Galway,-22.36207855257271,1.72,0.76,6,2,15,5,49.7,50.3,2,1,0,0,11,5
2020-10-31,UC Dublin,Longford,1,1,2.13,3.69,2.95,,,,Premier Division,,20201031_UC-Dublin_Longford,-140.75252769575604,0.45,0.29,1,1,2,0,47.5,52.5,2,3,0,0,5,1
2020-11-01,Finn Harps,Shamrock Rovers,0,2,5.01,3.49,1.7,5.63,3.68,1.72,Premier Division,,20201101_Finn-Harps_Shamrock-Rovers,-246.6746530641367,0.66,1.81,1,5,1,10,42.1,57.9,0,0,1,0,2,4
2020-11-01,St. Patricks,Dundalk,1,1,3.7,3.1,2.09,3.89,3.18,2.19,Premier Division,,20201101_St.-Patricks_Dundalk,-116.91623245755932,1.58,0.53,6,1,13,1,48.1,51.9,1,2,0,0,8,6
2020-11-04,Shamrock Rovers,St. Patricks,0,0,1.9,3.26,4.2,2.0,3.26,4.52,Premier Division,,20201104_Shamrock-Rovers_St.-Patricks,190.10877018371002,0.58,0.71,1,2,1,5,54.8,45.2,3,4,0,0,3,2
2020-11-06,Galway,Longford,1,2,2.02,3.38,3.43,1.98,3.67,3.98,Premier Division,,20201106_Galway_Longford,27.840544427004716,0.97,1.03,4,3,9,9,54.5,45.5,3,4,0,0,7,3
2020-11-07,Shamrock Rovers,Derry City,2,0,1.67,3.75,5.02,1.71,3.96,5.13,Premier Division,,20201107_Shamrock-Rovers_Derry-City,185.95713746354204,2.02,1.22,7,3,16,5,58.8,41.2,2,3,0,0,7,3
2020-11-09,Cork City,Derry City,1,1,5.85,3.79,1.57,6.37,3.97,1.61,Premier Division,,20201109_Cork-City_Derry-City,-101.3761127442067,0.68,0.52,3,3,7,8,49.4,50.6,2,0,0,0,6,3
2020-11-09,Dundalk,Sligo Rovers,0,2,1.58,3.95,5.38,1.62,4.03,6.02,Premier Division,,20201109_Dundalk_Sligo-Rovers,143.04871365066037,0.05,1.73,0,6,1,12,57.2,42.8,3,0,0,0,1,3
2020-11-09,Finn Harps,Waterford,1,0,2.23,3.34,3.11,2.27,3.55,3.28,Premier Division,,20201109_Finn-Harps_Waterford,-50.78747056189991,0.82,0.5,2,2,7,5,45.1,54.9,1,0,0,0,7,7
2020-11-09,Shelbourne,Shamrock Rovers,0,2,7.73,4.58,1.38,8.3,4.96,1.41,Premier Division,,20201109_Shelbourne_Shamrock-Rovers,-226.20241182365817,1.13,1.4,4,4,10,9,46.6,53.4,2,2,0,0,7,1
2020-11-09,St. Patricks,Bohemians,1,2,1.86,3.43,4.19,1.88,3.63,4.52,Premier Division,,20201109_St.-Patricks_Bohemians,-68.94623352770259,0.8,0.05,1,2,4,3,57.9,42.1,1,4,0,0,3,3
2020-11-15,Shelbourne,Longford,0,1,1.76,3.59,4.37,1.78,3.96,4.66,Premier Division,,20201115_Shelbourne_Longford,-23.85885589461145,0.51,0.31,1,1,1,2,58.9,41.1,0,2,0,0,4,1
2021-03-19,Drogheda,Waterford,1,0,1.81,3.46,4.36,1.87,3.67,4.51,Premier Division,,20210319_Drogheda_Waterford,22.200942628373923,0.05,0.18,1,0,1,0,48.1,51.9,0,0,0,0,1,3
2021-03-19,Shamrock Rovers,St. Patricks,1,1,1.71,3.31,5.37,1.74,3.47,6.02,Premier Division,,20210319_Shamrock-Rovers_St.-Patricks,199.05556587298952,0.89,1.27,2,5,6,12,47.7,52.3,1,0,0,0,4,5
2021-03-20,Finn Harps,Bohemians,1,0,4.31,3.26,1.88,4.64,3.42,1.92,Premier Division,,20210320_Finn-Harps_Bohemians,-136.74459629860235,1.07,1.14,2,4,3,6,53.0,47.0,2,3,0,0,2,3
2021-03-20,Longford,Derry City,2,0,4.28,3.46,1.82,4.84,3.63,1.76,Premier Division,,20210320_Longford_Derry-City,5.31994222153412,0.57,0.83,2,6,4,14,54.1,45.9,1,6,0,0,8,7
2021-03-20,Sligo Rovers,Dundalk,1,1,3.78,3.32,1.98,3.97,3.45,2.05,Premier Division,,20210320_Sligo-Rovers_Dundalk,-109.69019392151131,0.74,1.87,3,6,7,14,42.8,57.2,0,3,0,0,4,14
2021-03-26,Dundalk,Finn Harps,1,2,1.47,4.03,6.84,1.53,4.21,7.19,Premier Division,,20210326_Dundalk_Finn-Harps,124.4595761013702,0.94,1.41,3,3,6,8,57.1,42.9,1,5,0,0,5,5
2021-03-26,Waterford,Sligo Rovers,1,2,4.58,3.55,1.75,4.71,3.69,1.83,Premier Division,,20210326_Waterford_Sligo-Rovers,-26.52802097652966,0.62,1.95,1,5,3,12,47.0,53.0,3,1,0,0,2,7
2021-03-27,Bohemians,Longford,2,2,1.5,3.9,6.64,1.52,4.2,7.38,Premier Division,,20210327_Bohemians_Longford,62.309050174060985,1.8,1.05,6,3,10,6,48.3,51.7,1,5,0,0,8,3
2021-03-27,St. Patricks,Drogheda,2,1,1.51,3.85,6.62,1.52,4.22,7.38,Premier Division,,20210327_St.-Patricks_Drogheda,-2.0296358373470866,0.45,0.39,2,1,4,1,49.1,50.9,1,1,0,0,3,1
2021-04-02,Longford,Sligo Rovers,0,1,4.33,3.52,1.79,4.53,3.79,1.83,Premier Division,,20210402_Longford_Sligo-Rovers,10.388233283653108,0.4,1.16,0,5,0,11,50.2,49.8,1,1,0,0,2,10
2021-04-02,Shamrock Rovers,Dundalk,2,1,1.88,3.34,4.13,1.92,3.54,4.44,Premier Division,,20210402_Shamrock-Rovers_Dundalk,116.51580907764355,1.73,0.9,4,3,11,8,45.7,54.3,2,1,0,0,5,5
2021-04-03,Bohemians,St. Patricks,0,1,2.75,2.96,2.69,2.9,3.08,2.8,Premier Division,,20210403_Bohemians_St.-Patricks,51.34233305038447,0.4,1.11,1,5,2,11,50.4,49.6,2,3,0,0,2,4
2021-04-03,Derry City,Waterford,1,2,1.75,3.43,4.8,1.84,3.48,4.99,Premier Division,,20210403_Derry-City_Waterford,28.005534850273534,1.39,1.98,3,5,5,12,53.2,46.8,1,2,0,0,2,3
2021-04-03,Drogheda,Finn Harps,1,1,2.51,3.06,2.89,2.56,3.17,3.12,Premier Division,,20210403_Drogheda_Finn-Harps,12.051949270601654,0.73,0.33,2,1,4,2,50.9,49.1,1,1,0,0,6,2
2021-04-09,Dundalk,Bohemians,0,1,1.85,3.38,4.25,1.91,3.56,4.46,Premier Division,,20210409_Dundalk_Bohemians,12.3476147992817,0.98,1.75,2,5,2,12,58.3,41.7,4,1,0,0,3,10
2021-04-09,St. Patricks,Derry City,2,0,1.81,3.27,4.69,1.87,3.4,4.97,Premier Division,,20210409_St.-Patricks_Derry-City,64.51559277641854,1.21,1.36,3,3,6,7,56.8,43.2,2,1,0,0,2,4
2021-04-10,Finn Harps,Waterford,2,1,2.08,3.04,3.81,2.17,3.07,4.13,Premier Division,,20210410_Finn-Harps_Waterford,19.08382641497269,1.31,1.71,4,5,8,10,52.3,47.7,2,1,0,0,6,9
2021-04-10,Longford,Drogheda,0,4,3.09,3.09,2.36,3.23,3.23,2.45,Premier Division,,20210410_Longford_Drogheda,3.4598486108466204,0.55,1.65,4,4,10,10,49.6,50.4,1,4,0,0,4,4
2021-04-10,Sligo Rovers,Shamrock Rovers,1,1,4.31,3.12,1.93,4.68,3.15,2.01,Premier Division,,20210410_Sligo-Rovers_Shamrock-Rovers,-187.42303658037167,1.03,1.15,3,5,5,10,42.7,57.3,4,1,0,0,2,7
2021-04-13,Derry City,Shamrock Rovers,0,2,5.75,3.59,1.63,6.03,3.59,1.7,Premier Division,,20210413_Derry-City_Shamrock-Rovers,-237.32660561009038,0.88,0.79,3,3,6,5,35.5,64.5,2,2,0,0,4,4
2021-04-16,Derry City,Drogheda,1,1,2.43,3.06,2.97,2.52,3.14,3.2,Premier Division,,20210416_Derry-City_Drogheda,-55.02267480978185,0.12,0.75,1,2,2,6,55.5,44.5,0,4,0,0,5,2
2021-04-16,Waterford,Bohemians,0,1,4.83,3.63,1.7,5.37,3.93,1.69,Premier Division,,20210416_Waterford_Bohemians,-114.17989801144677,1.24,1.62,4,6,7,16,50.7,49.3,2,0,0,1,2,7
2021-04-17,Dundalk,St. Patricks,1,1,2.24,3.13,3.27,2.34,3.2,3.47,Premier Division,,20210417_Dundalk_St.-Patricks,13.94567258437155,0.67,1.27,3,5,7,11,48.2,51.8,2,1,0,0,5,6
2021-04-17,Shamrock Rovers,Longford,2,1,1.16,6.73,15.92,1.17,7.58,20.69,Premier Division,,20210417_Shamrock-Rovers_Longford,212.83862478605715,1.99,1.64,7,5,14,9,60.1,39.9,0,4,0,0,9,5
2021-04-17,Sligo Rovers,Finn Harps,1,0,1.9,3.18,4.3,1.95,3.33,4.6,Premier Division,,20210417_Sligo-Rovers_Finn-Harps,23.578058871803478,0.05,0.68,1,4,1,10,52.1,47.9,2,2,0,0,1,4
2021-04-20,Bohemians,Sligo Rovers,1,3,2.37,3.0,3.16,2.47,3.13,3.31,Premier Division,,20210420_Bohemians_Sligo-Rovers,45.84052471710288,1.5,0.75,4,3,9,8,50.2,49.8,1,2,0,1,7,4
2021-04-20,Derry City,Dundalk,1,1,4.19,3.44,1.85,4.33,3.68,1.89,Premier Division,,20210420_Derry-City_Dundalk,-100.56689432925032,0.19,1.16,2,3,4,8,42.0,58.0,1,3,0,0,0,6
2021-04-20,Drogheda,Shamrock Rovers,0,1,6.69,3.83,1.51,7.37,4.09,1.53,Premier Division,,20210420_Drogheda_Shamrock-Rovers,-199.39272279513602,0.97,0.6,4,1,8,1,43.3,56.7,0,1,0,0,2,6
2021-04-20,Longford,Finn Harps,0,0,2.9,2.99,2.57,2.92,3.04,2.81,Premier Division,,20210420_Longford_Finn-Harps,-3.04307549860323,0.8,0.92,3,3,8,6,58.8,41.2,2,0,0,0,6,4
2021-04-20,St. Patricks,Waterford,1,0,1.34,4.53,9.66,1.37,4.67,11.04,Premier Division,,20210420_St.-Patricks_Waterford,96.40312675966857,0.56,0.35,1,1,1,0,54.1,45.9,1,1,1,0,2,6
2021-04-23,Finn Harps,St. Patricks,0,2,4.42,3.14,1.9,4.64,3.28,1.96,Premier Division,,20210423_Finn-Harps_St.-Patricks,-66.48902117027728,0.78,1.75,2,7,6,15,38.8,61.2,1,2,0,0,3,3
2021-04-23,Shamrock Rovers,Bohemians,2,1,1.75,3.33,5.06,1.79,3.42,5.57,Premier Division,,20210423_Shamrock-Rovers_Bohemians,148.255845219001,0.84,0.78,2,5,3,12,57.9,42.1,2,1,1,0,2,6
2021-04-24,Dundalk,Drogheda,2,1,1.52,4.12,5.89,1.53,4.38,6.59,Premier Division,,20210424_Dundalk_Drogheda,51.71539801929089,1.26,0.73,4,3,10,6,52.5,47.5,2,2,0,1,2,9
2021-04-24,Sligo Rovers,Derry City,0,1,1.89,3.27,4.27,1.97,3.32,4.52,Premier Division,,20210424_Sligo-Rovers_Derry-City,86.09976634813734,0.28,1.14,1,2,6,3,44.7,55.3,3,2,0,0,6,6
2021-04-24,Waterford,Longford,1,0,3.25,3.13,2.26,3.37,3.16,2.41,Premier Division,,20210424_Waterford_Longford,-44.58773625071649,0.18,1.06,1,4,2,10,48.1,51.9,1,2,0,0,2,4
2021-04-30,Bohemians,Derry City,1,2,1.92,3.16,4.24,1.97,3.37,4.42,Premier Division,,20210430_Bohemians_Derry-City,82.70848736408357,1.58,1.28,5,4,10,8,52.2,47.8,0,4,0,0,9,7
2021-04-30,Drogheda,Sligo Rovers,1,1,2.93,2.99,2.52,3.06,3.11,2.64,Premier Division,,20210430_Drogheda_Sligo-Rovers,-39.31998520630941,0.62,0.67,2,2,5,4,54.0,46.0,0,0,0,0,5,3
2021-04-30,Finn Harps,Shamrock Rovers,0,2,5.47,3.47,1.66,5.68,3.63,1.73,Premier Division,,20210430_Finn-Harps_Shamrock-Rovers,-243.47947517347916,1.19,1.48,4,4,10,11,39.8,60.2,1,3,0,0,6,10
2021-04-30,St. Patricks,Longford,3,0,1.5,3.71,7.49,1.55,3.77,8.4,Premier Division,,20210430_St.-Patricks_Longford,92.58468061207441,0.84,0.05,3,0,7,0,52.1,47.9,2,1,0,0,1,3
2021-04-30,Waterford,Dundalk,0,3,8.34,4.59,1.36,9.08,4.75,1.41,Premier Division,,20210430_Waterford_Dundalk,-111.45492237394205,0.28,2.05,1,7,2,16,43.9,56.1,2,4,0,1,2,6
2021-05-03,Derry City,Finn Harps,1,2,2.43,2.77,3.37,2.61,2.78,3.51,Premier Division,,20210503_Derry-City_Finn-Harps,17.722325120478445,1.81,1.55,5,5,12,10,58.1,41.9,1,1,0,0,5,6
2021-05-03,Drogheda,Bohemians,1,1,3.77,3.22,2.02,4.16,3.44,2.01,Premier Division,,20210503_Drogheda_Bohemians,-49.601254955724244,1.28,0.25,6,2,12,6,52.7,47.3,2,3,0,1,3,6
2021-05-03,Longford,Dundalk,2,2,6.72,4.14,1.47,7.56,4.4,1.49,Premier Division,,20210503_Longford_Dundalk,-111.08355496600188,1.29,1.1,5,2,11,4,49.6,50.4,1,5,0,0,11,4
2021-05-03,Shamrock Rovers,Waterford,3,0,1.15,6.9,17.54,1.17,7.42,23.33,Premier Division,,20210503_Shamrock-Rovers_Waterford,280.65618159108726,1.61,0.82,4,1,10,2,63.0,37.0,1,4,0,0,7,4
2021-05-03,Sligo Rovers,St. Patricks,1,1,3.01,2.81,2.6,3.17,2.87,2.75,Premier Division,,20210503_Sligo-Rovers_St.-Patricks,-41.73160903069288,2.01,0.85,6,1,14,1,53.6,46.4,4,2,0,0,8,1
2021-05-07,Derry City,Longford,1,1,1.85,3.24,4.5,1.84,3.49,5.01,Premier Division,,20210507_Derry-City_Longford,12.167228542438124,1.4,1.34,6,5,14,11,45.0,55.0,2,1,0,0,6,6
2021-05-07,Dundalk,Sligo Rovers,0,1,1.95,3.34,3.85,1.98,3.49,4.21,Premier Division,,20210507_Dundalk_Sligo-Rovers,37.33324405458211,1.46,0.85,5,2,10,4,51.5,48.5,2,2,0,0,4,4
2021-05-08,Bohemians,Finn Harps,4,0,1.88,3.24,4.32,1.93,3.37,4.67,Premier Division,,20210508_Bohemians_Finn-Harps,56.50984598035075,0.66,0.05,4,1,6,2,57.5,42.5,1,1,0,0,5,2
2021-05-08,St. Patricks,Shamrock Rovers,1,2,3.39,2.95,2.29,3.58,3.06,2.37,Premier Division,,20210508_St.-Patricks_Shamrock-Rovers,-158.80783538798437,0.61,1.14,2,3,5,7,53.3,46.7,2,3,0,0,6,5
2021-05-08,Waterford,Drogheda,0,7,15.73,4.34,1.3,17.61,4.6,1.3,Premier Division,,20210508_Waterford_Drogheda,-54.59652319020529,1.64,2.61,7,8,15,16,50.9,49.1,3,1,0,0,5,7
2021-05-14,Drogheda,St. Patricks,3,1,4.18,3.21,1.92,4.43,3.29,1.97,Premier Division,,20210514_Drogheda_St.-Patricks,-58.21371349329547,1.35,1.77,4,5,11,11,52.0,48.0,1,2,0,0,7,4
2021-05-14,Finn Harps,Dundalk,1,1,4.06,3.39,1.88,4.27,3.53,1.93,Premier Division,,20210514_Finn-Harps_Dundalk,-80.77406287292274,1.37,0.81,5,2,12,6,44.5,55.5,0,1,0,1,4,3
2021-05-15,Longford,Bohemians,0,2,5.41,3.79,1.61,5.65,3.91,1.66,Premier Division,,20210515_Longford_Bohemians,-85.82308411725603,0.53,0.77,3,3,5,7,50.2,49.8,2,1,0,1,1,5
2021-05-15,Shamrock Rovers,Derry City,1,1,1.47,3.97,7.18,1.52,4.03,7.83,Premier Division,,20210515_Shamrock-Rovers_Derry-City,259.11901062759034,1.29,0.66,3,1,7,1,53.7,46.3,0,3,0,0,7,4
2021-05-15,Sligo Rovers,Waterford,3,0,1.09,10.49,27.92,1.11,7.56,18.63,Premier Division,,20210515_Sligo-Rovers_Waterford,114.35893918168995,1.11,0.69,3,2,6,4,54.7,45.3,2,3,0,0,3,1
2021-05-21,Dundalk,Shamrock Rovers,2,1,3.22,3.17,2.24,3.28,3.23,2.37,Premier Division,,20210521_Dundalk_Shamrock-Rovers,-175.63826504248914,0.87,1.25,2,4,5,8,51.2,48.8,0,4,0,0,3,7
2021-05-21,Finn Harps,Drogheda,0,1,2.6,3.03,2.78,2.67,3.18,2.87,Premier Division,,20210521_Finn-Harps_Drogheda,-41.75814388867684,1.23,0.47,4,2,10,3,49.1,50.9,1,1,0,0,4,7
2021-05-21,Sligo Rovers,Longford,2,0,1.64,3.51,5.66,1.69,3.6,6.02,Premier Division,,20210521_Sligo-Rovers_Longford,96.47409865539498,0.92,0.85,4,0,8,0,56.2,43.8,2,2,0,0,5,3
2021-05-21,St. Patricks,Bohemians,2,1,2.43,2.98,3.06,2.57,3.06,3.12,Premier Division,,20210521_St.-Patricks_Bohemians,-11.006529532515742,2.12,1.29,6,3,13,7,60.2,39.8,2,3,0,0,4,8
2021-05-21,Waterford,Derry City,0,1,8.5,4.5,1.36,,,,Premier Division,,20210521_Waterford_Derry-City,-62.27203627229983,0.05,1.41,0,6,0,15,37.8,62.2,1,1,0,0,4,8
2021-05-24,Bohemians,Dundalk,5,1,2.59,3.29,2.62,2.69,3.46,2.73,Premier Division,,20210524_Bohemians_Dundalk,-22.275912539933415,1.83,2.01,5,5,11,9,43.1,56.9,0,1,0,0,6,5
2021-05-24,Derry City,St. Patricks,2,2,3.62,3.05,2.14,3.97,3.18,2.16,Premier Division,,20210524_Derry-City_St.-Patricks,-67.50050965040964,2.07,0.33,7,2,16,3,51.6,48.4,0,2,0,0,7,3
2021-05-24,Drogheda,Longford,4,1,1.82,3.39,4.38,1.85,3.62,4.68,Premier Division,,20210524_Drogheda_Longford,82.09175910647718,1.32,0.87,4,3,9,7,61.7,38.3,2,1,0,0,2,7
2021-05-24,Shamrock Rovers,Sligo Rovers,0,1,1.63,3.47,5.85,1.66,3.68,6.44,Premier Division,,20210524_Shamrock-Rovers_Sligo-Rovers,149.12654230800422,0.91,0.38,3,1,6,2,53.1,46.9,3,2,0,0,7,2
2021-05-24,Waterford,Finn Harps,1,2,3.5,2.93,2.25,3.73,2.98,2.35,Premier Division,,20210524_Waterford_Finn-Harps,-54.58396000969083,1.07,0.62,2,2,4,4,49.6,50.4,4,2,1,0,5,1
2021-05-28,Drogheda,Derry City,1,2,2.33,3.2,3.01,2.44,3.36,3.13,Premier Division,,20210528_Drogheda_Derry-City,42.36922338676436,1.16,0.97,4,4,8,9,50.7,49.3,2,2,0,0,5,5
2021-05-28,Finn Harps,Sligo Rovers,1,2,3.62,2.87,2.23,3.82,2.97,2.33,Premier Division,,20210528_Finn-Harps_Sligo-Rovers,-101.49764475106917,0.12,0.5,2,2,4,4,41.5,58.5,2,3,0,1,5,3
2021-05-28,St. Patricks,Dundalk,0,2,2.4,3.23,2.89,2.5,3.38,3.02,Premier Division,,20210528_St.-Patricks_Dundalk,1.9434499520161808,2.35,0.67,6,2,11,5,52.5,47.5,1,0,0,0,16,4
2021-05-29,Bohemians,Waterford,3,0,1.22,5.75,13.09,1.24,6.13,14.36,Premier Division,,20210529_Bohemians_Waterford,158.66132993514998,1.84,0.76,6,3,13,5,56.8,43.2,2,4,0,1,5,6
2021-05-29,Longford,Shamrock Rovers,0,1,11.89,5.12,1.26,13.74,5.56,1.28,Premier Division,,20210529_Longford_Shamrock-Rovers,-255.4628255967798,0.47,0.31,1,1,2,2,45.7,54.3,3,0,0,0,6,2
2021-06-11,Derry City,Bohemians,1,1,3.53,3.21,2.09,3.74,3.34,2.17,Premier Division,,20210611_Derry-City_Bohemians,-57.628324840019786,0.56,0.9,1,3,3,6,56.5,43.5,2,1,0,0,2,4
2021-06-11,Dundalk,Waterford,1,3,1.18,6.75,13.03,1.2,7.13,15.43,Premier Division,,20210611_Dundalk_Waterford,174.33936891648978,0.95,1.6,3,5,7,10,54.3,45.7,0,3,1,0,6,1
2021-06-11,Shamrock Rovers,Finn Harps,1,1,1.37,4.31,8.9,1.4,4.51,10.36,Premier Division,,20210611_Shamrock-Rovers_Finn-Harps,229.9875135429172,1.11,1.45,7,5,14,12,60.3,39.7,4,2,0,1,8,10
2021-06-12,Longford,St. Patricks,1,3,7.03,4.01,1.47,7.96,4.27,1.49,Premier Division,,20210612_Longford_St.-Patricks,-113.46804284249993,0.25,1.72,1,4,3,9,47.1,52.9,0,1,0,0,1,6
2021-06-12,Sligo Rovers,Drogheda,1,2,2.17,3.09,3.5,2.26,3.18,3.69,Premier Division,,20210612_Sligo-Rovers_Drogheda,61.57107467922401,1.16,1.34,3,5,5,9,46.0,54.0,2,2,0,0,5,5
2021-06-18,Bohemians,Drogheda,5,0,1.62,3.78,5.24,1.64,4.07,5.67,Premier Division,,20210618_Bohemians_Drogheda,26.094480530590317,1.4,0.91,5,2,12,2,48.9,51.1,2,4,0,0,4,0
2021-06-18,Dundalk,Longford,1,1,1.3,5.22,9.01,1.32,5.63,10.52,Premier Division,,20210618_Dundalk_Longford,126.31115284546718,1.98,1.04,5,4,11,12,54.7,45.3,2,1,0,0,4,6
2021-06-18,Finn Harps,Derry City,1,2,3.03,2.93,2.49,3.23,3.07,2.55,Premier Division,,20210618_Finn-Harps_Derry-City,-36.66772968202781,1.58,1.26,5,3,13,7,55.9,44.1,4,0,0,0,7,3
2021-06-18,St. Patricks,Sligo Rovers,2,0,1.95,3.11,4.24,2.0,3.23,4.54,Premier Division,,20210618_St.-Patricks_Sligo-Rovers,-17.336526543841728,1.19,0.51,4,1,8,2,47.6,52.4,0,0,0,0,3,1
2021-06-18,Waterford,Shamrock Rovers,1,4,9.1,4.91,1.32,10.79,5.04,1.35,Premier Division,,20210618_Waterford_Shamrock-Rovers,-278.5942487915993,0.92,1.31,2,4,5,8,38.5,61.5,1,2,0,0,7,4
2021-06-21,Bohemians,Shamrock Rovers,1,0,2.97,3.04,2.46,3.07,3.12,2.62,Premier Division,,20210621_Bohemians_Shamrock-Rovers,-118.64291046056428,0.74,1.12,2,4,5,8,43.0,57.0,1,3,0,0,3,6
2021-06-21,Derry City,Sligo Rovers,1,1,2.37,3.0,3.16,2.36,3.18,3.45,Premier Division,,20210621_Derry-City_Sligo-Rovers,-37.61448913129357,0.09,1.28,1,5,5,11,52.0,48.0,5,0,0,0,0,7
2021-06-21,Drogheda,Dundalk,0,1,3.85,3.69,1.85,4.18,3.96,1.85,Premier Division,,20210621_Drogheda_Dundalk,-19.35961945186864,0.99,1.77,3,3,7,7,53.5,46.5,1,2,0,0,2,4
2021-06-21,Longford,Waterford,1,2,2.4,3.05,3.06,2.6,3.11,3.12,Premier Division,,20210621_Longford_Waterford,21.10284353521297,0.54,1.23,2,6,5,13,46.2,53.8,2,3,1,0,1,7
2021-06-21,St. Patricks,Finn Harps,4,1,1.48,3.95,6.97,1.5,4.27,7.64,Premier Division,,20210621_St.-Patricks_Finn-Harps,103.61870955972904,1.94,0.88,6,4,14,9,52.5,47.5,2,1,0,0,6,5
2021-06-25,Dundalk,Derry City,2,1,1.63,3.84,5.05,1.67,4.07,5.4,Premier Division,,20210625_Dundalk_Derry-City,35.14803484679874,1.58,1.84,5,6,12,12,42.5,57.5,1,2,0,0,9,5
2021-06-25,Finn Harps,Longford,1,1,1.82,3.34,4.49,1.85,3.54,4.88,Premier Division,,20210625_Finn-Harps_Longford,38.901091651268416,2.08,0.67,7,2,17,4,48.7,51.3,2,2,0,0,7,0
2021-06-25,Shamrock Rovers,Drogheda,1,1,1.33,4.88,8.59,1.38,5.07,9.09,Premier Division,,20210625_Shamrock-Rovers_Drogheda,162.32466830985845,0.05,1.49,1,5,2,12,55.3,44.7,3,3,0,0,4,4
2021-06-25,Waterford,St. Patricks,1,1,6.99,3.9,1.48,7.76,3.99,1.53,Premier Division,,20210625_Waterford_St.-Patricks,-155.21390476023225,1.85,1.31,7,4,15,9,44.0,56.0,1,5,0,0,6,8
2021-06-26,Sligo Rovers,Bohemians,4,0,3.67,3.19,2.06,3.87,3.41,2.1,Premier Division,,20210626_Sligo-Rovers_Bohemians,-33.67101982268832,1.1,1.11,4,3,8,7,46.3,53.7,1,2,1,0,2,4
2021-07-02,Bohemians,St. Patricks,3,2,2.41,3.16,2.94,2.51,3.28,3.08,Premier Division,,20210702_Bohemians_St.-Patricks,7.864540480400365,1.65,1.25,6,4,13,9,56.4,43.6,1,1,0,0,4,11
2021-07-02,Derry City,Waterford,2,0,1.65,3.5,5.57,1.68,3.64,6.17,Premier Division,,20210702_Derry-City_Waterford,86.6891185494303,0.45,0.71,3,2,8,5,53.2,46.8,2,4,0,0,2,4
2021-07-02,Drogheda,Finn Harps,3,1,2.09,3.34,3.41,2.12,3.5,3.68,Premier Division,,20210702_Drogheda_Finn-Harps,67.65552808752477,1.42,1.03,4,2,10,2,49.9,50.1,1,2,0,0,4,2
2021-07-02,Shamrock Rovers,Dundalk,3,1,1.81,3.5,4.26,1.86,3.65,4.59,Premier Division,,20210702_Shamrock-Rovers_Dundalk,104.27953969410555,2.22,0.64,8,2,19,5,51.6,48.4,1,0,0,0,12,4
2021-07-03,Longford,Sligo Rovers,0,1,4.92,3.52,1.71,5.24,3.78,1.74,Premier Division,,20210703_Longford_Sligo-Rovers,-153.71057003765895,0.71,0.07,4,1,7,3,45.5,54.5,0,2,0,0,2,3
2021-07-09,Finn Harps,Waterford,0,1,1.62,3.71,5.44,1.65,3.92,5.9,Premier Division,,20210709_Finn-Harps_Waterford,27.553514160076702,1.02,1.55,3,5,7,12,56.7,43.3,0,1,0,0,3,9
2021-07-09,St. Patricks,Derry City,1,0,1.74,3.46,4.89,1.78,3.59,5.33,Premier Division,,20210709_St.-Patricks_Derry-City,37.668677900389866,1.2,0.39,4,2,10,6,49.1,50.9,1,1,0,0,2,0
2021-07-10,Longford,Drogheda,1,1,4.58,3.63,1.73,4.86,3.91,1.76,Premier Division,,20210710_Longford_Drogheda,-120.58522947293636,1.39,1.49,5,5,12,11,46.9,53.1,1,4,0,0,12,8
2021-07-16,Derry City,Shamrock Rovers,2,4,4.5,3.31,1.84,4.72,3.48,1.88,Premier Division,,20210716_Derry-City_Shamrock-Rovers,-171.14814240961687,1.88,1.59,4,6,9,13,42.6,57.4,2,2,0,0,3,5
2021-07-16,St. Patricks,Drogheda,2,0,1.74,3.55,4.65,1.83,3.65,4.79,Premier Division,,20210716_St.-Patricks_Drogheda,42.606382706715294,1.16,0.35,3,0,7,2,57.3,42.7,1,0,0,0,7,1
2021-07-17,Dundalk,Finn Harps,1,0,1.58,3.9,5.59,1.6,4.14,6.05,Premier Division,,20210717_Dundalk_Finn-Harps,129.37740710728713,1.76,0.63,6,2,15,5,59.3,40.7,2,0,0,0,6,4
2021-07-18,Bohemians,Longford,1,1,1.36,4.52,8.59,1.41,4.68,9.35,Premier Division,,20210718_Bohemians_Longford,175.79830334923054,1.57,0.8,5,1,10,3,54.7,45.3,0,1,0,0,7,3
2021-07-18,Waterford,Sligo Rovers,1,0,4.75,3.48,1.75,4.98,3.7,1.79,Premier Division,,20210718_Waterford_Sligo-Rovers,-148.79396561324688,1.85,0.79,6,2,12,4,47.5,52.5,4,2,0,0,5,1
2021-07-30,Drogheda,Waterford,1,2,1.76,3.54,4.52,1.81,3.67,4.87,Premier Division,,20210730_Drogheda_Waterford,70.25657212336228,1.11,0.86,3,3,5,8,49.0,51.0,0,3,0,0,3,6
2021-07-30,Shamrock Rovers,St. Patricks,3,1,2.13,2.98,3.77,2.2,3.08,4.03,Premier Division,,20210730_Shamrock-Rovers_St.-Patricks,108.060248038174,1.78,1.14,5,3,10,7,61.5,38.5,1,1,0,0,3,2
2021-07-31,Longford,Derry City,0,2,3.91,3.18,2.0,4.13,3.31,2.07,Premier Division,,20210731_Longford_Derry-City,-83.97781803456473,0.21,1.79,2,5,6,13,40.8,59.2,1,1,0,0,6,8
2021-08-06,Derry City,Drogheda,3,0,2.22,3.21,3.27,2.34,3.33,3.34,Premier Division,,20210806_Derry-City_Drogheda,11.08948336383969,1.53,0.88,5,3,12,7,45.9,54.1,2,5,0,0,5,7
2021-08-07,Sligo Rovers,Finn Harps,0,1,1.82,3.39,4.49,1.88,3.5,4.69,Premier Division,,20210807_Sligo-Rovers_Finn-Harps,138.02053131689786,1.21,0.99,3,2,9,6,57.6,42.4,4,0,0,0,6,10
2021-08-07,Waterford,Bohemians,1,0,4.72,3.6,1.73,5.13,3.88,1.73,Premier Division,,20210807_Waterford_Bohemians,-124.02024586808102,1.3,0.19,3,2,6,4,43.0,57.0,1,3,0,0,1,2
2021-08-08,Dundalk,St. Patricks,1,4,2.44,3.26,2.84,2.59,3.44,2.86,Premier Division,,20210808_Dundalk_St.-Patricks,-3.6385754962818737,0.81,2.28,4,8,10,19,53.9,46.1,3,0,1,0,2,6
2021-08-08,Shamrock Rovers,Longford,1,0,1.25,5.57,11.96,1.25,6.02,14.93,Premier Division,,20210808_Shamrock-Rovers_Longford,285.71352445052867,0.58,1.04,1,5,2,9,57.3,42.7,1,2,0,0,3,7
2021-08-13,St. Patricks,Waterford,2,1,1.45,4.21,6.96,1.48,4.44,7.74,Premier Division,,20210813_St.-Patricks_Waterford,106.9207865266601,0.98,1.06,3,2,8,6,50.5,49.5,0,3,0,0,3,2
2021-08-14,Longford,Finn Harps,0,3,3.16,3.06,2.35,3.33,3.19,2.42,Premier Division,,20210814_Longford_Finn-Harps,-32.83079483185179,1.08,1.54,4,5,9,10,46.2,53.8,1,2,0,0,4,1
2021-08-15,Bohemians,Sligo Rovers,1,0,1.96,3.29,3.92,1.93,3.59,4.3,Premier Division,,20210815_Bohemians_Sligo-Rovers,23.733952957716838,1.82,0.32,4,0,9,0,51.7,48.3,3,5,0,0,4,2
2021-08-15,Derry City,Dundalk,1,0,3.14,3.33,2.21,3.33,3.54,2.25,Premier Division,,20210815_Derry-City_Dundalk,-31.468835298588374,0.66,0.9,2,3,5,6,51.0,49.0,1,0,0,0,3,7
2021-08-15,Drogheda,Shamrock Rovers,0,1,7.29,4.03,1.46,8.12,4.35,1.47,Premier Division,,20210815_Drogheda_Shamrock-Rovers,-210.01673390916676,0.7,0.93,1,2,0,3,44.9,55.1,2,2,0,0,4,3
2021-08-20,Dundalk,Drogheda,1,2,1.51,4.4,5.74,1.53,4.68,6.04,Premier Division,,20210820_Dundalk_Drogheda,58.22588219931458,0.91,1.09,1,2,3,3,51.5,48.5,3,2,0,0,2,0
2021-08-20,Finn Harps,St. Patricks,3,1,3.69,3.2,2.07,3.98,3.34,2.09,Premier Division,,20210820_Finn-Harps_St.-Patricks,-141.3634458071176,1.15,1.76,3,6,4,14,44.7,55.3,1,3,1,0,7,9
2021-08-20,Waterford,Longford,4,1,1.7,3.71,4.78,1.72,3.93,5.12,Premier Division,,20210820_Waterford_Longford,72.17348234248243,1.96,0.31,6,1,12,3,56.7,43.3,3,0,0,0,8,3
2021-08-21,Sligo Rovers,Derry City,1,2,2.27,3.07,3.35,2.32,3.17,3.56,Premier Division,,20210821_Sligo-Rovers_Derry-City,-4.264663493291437,1.51,1.01,5,3,12,8,45.6,54.4,2,0,0,0,6,8
2021-09-03,Drogheda,Sligo Rovers,0,0,3.21,2.95,2.4,3.41,3.04,2.47,Premier Division,,20210903_Drogheda_Sligo-Rovers,-22.81510475299524,0.77,1.01,4,1,8,2,45.8,54.2,2,3,0,0,5,5
2021-09-03,Finn Harps,Shamrock Rovers,2,1,4.62,3.32,1.81,5.06,3.47,1.84,Premier Division,,20210903_Finn-Harps_Shamrock-Rovers,-238.66844147950405,1.21,1.3,4,5,5,10,40.6,59.4,1,1,0,0,0,7
2021-09-03,St. Patricks,Longford,3,2,1.19,6.47,14.46,1.2,6.88,17.38,Premier Division,,20210903_St.-Patricks_Longford,188.84575025272397,1.89,1.09,6,3,13,8,64.5,35.5,5,1,0,0,7,6
2021-09-03,Waterford,Dundalk,1,1,2.99,3.36,2.29,3.32,3.57,2.24,Premier Division,,20210903_Waterford_Dundalk,-51.33412931556177,1.24,0.51,3,1,6,3,50.8,49.2,3,2,0,0,3,3
2021-09-10,Derry City,Finn Harps,2,2,2.03,3.16,3.89,2.07,3.27,4.18,Premier Division,,20210910_Derry-City_Finn-Harps,63.24261541878923,0.95,0.51,3,3,6,6,53.9,46.1,2,2,0,0,0,3
2021-09-10,Drogheda,Bohemians,3,2,4.77,3.69,1.71,5.11,3.8,1.75,Premier Division,,20210910_Drogheda_Bohemians,-79.97795584863684,1.93,2.0,4,7,10,15,48.2,51.8,2,1,0,0,5,8
2021-09-10,Shamrock Rovers,Waterford,2,0,1.41,4.42,7.5,1.44,4.71,8.05,Premier Division,,20210910_Shamrock-Rovers_Waterford,207.23955245517232,1.49,1.65,4,5,9,12,61.3,38.7,1,2,0,0,5,9
2021-09-10,Sligo Rovers,St. Patricks,2,0,2.45,3.04,3.04,2.48,3.22,3.2,Premier Division,,20210910_Sligo-Rovers_St.-Patricks,-60.5180253672811,1.77,0.59,5,1,10,0,48.9,51.1,2,0,0,0,10,1
2021-09-11,Longford,Dundalk,1,0,8.34,4.52,1.38,9.01,4.73,1.41,Premier Division,,20210911_Longford_Dundalk,-146.88434197915376,0.05,0.52,1,0,3,0,44.7,55.3,0,2,0,0,5,2
2021-09-13,Finn Harps,Bohemians,1,2,4.25,3.55,1.81,4.42,3.67,1.88,Premier Division,,20210913_Finn-Harps_Bohemians,-76.34718144175622,0.61,1.38,1,6,1,14,47.6,52.4,0,3,0,0,4,6
2021-09-14,Sligo Rovers,Dundalk,2,1,2.15,3.26,3.38,2.24,3.44,3.45,Premier Division,,20210914_Sligo-Rovers_Dundalk,24.40788142404608,0.96,0.82,3,4,5,8,47.3,52.7,2,0,0,0,3,3
2021-09-18,Sligo Rovers,Shamrock Rovers,0,1,3.34,3.05,2.27,3.51,3.14,2.36,Premier Division,,20210918_Sligo-Rovers_Shamrock-Rovers,-146.236229716176,1.28,0.43,3,1,8,2,49.4,50.6,2,2,0,0,5,2
2021-09-20,Bohemians,Derry City,3,3,1.62,3.9,5.23,1.62,4.16,5.78,Premier Division,,20210920_Bohemians_Derry-City,26.83029388975956,1.94,1.69,6,5,13,11,51.6,48.4,2,3,0,0,5,6
2021-09-24,Bohemians,Finn Harps,1,2,1.49,4.26,6.18,1.51,4.52,6.71,Premier Division,,20210924_Bohemians_Finn-Harps,94.23173695562218,1.9,1.11,6,4,14,10,47.8,52.2,0,0,0,0,8,4
2021-09-24,Derry City,Longford,3,0,1.33,4.96,8.78,1.34,5.42,9.66,Premier Division,,20210924_Derry-City_Longford,151.16196986023488,1.38,0.26,4,1,7,1,57.3,42.7,1,2,0,0,6,2
2021-09-24,Dundalk,Sligo Rovers,4,1,2.24,3.29,3.13,2.23,3.51,3.4,Premier Division,,20210924_Dundalk_Sligo-Rovers,-39.49689048639016,0.38,1.51,4,5,10,12,49.3,50.7,2,1,0,0,7,5
2021-09-24,St. Patricks,Shamrock Rovers,0,1,3.39,3.13,2.21,3.68,3.32,2.19,Premier Division,,20210924_St.-Patricks_Shamrock-Rovers,-132.24295783819457,0.71,0.7,4,3,8,6,43.0,57.0,1,0,0,0,3,4
2021-09-24,Waterford,Drogheda,1,0,2.28,3.2,3.16,2.36,3.31,3.31,Premier Division,,20210924_Waterford_Drogheda,-40.41981116502666,1.34,0.23,5,0,10,0,41.8,58.2,1,3,1,0,6,2
2021-09-27,Dundalk,Bohemians,2,1,2.63,3.59,2.45,2.56,3.74,2.7,Premier Division,,20210927_Dundalk_Bohemians,-45.46335600964085,1.2,2.11,4,6,9,14,55.8,44.2,0,2,0,1,5,2
2021-10-01,Drogheda,St. Patricks,0,1,3.83,3.29,2.0,4.0,3.4,2.06,Premier Division,,20211001_Drogheda_St.-Patricks,-58.72428261388063,1.05,0.95,4,3,8,6,42.8,57.2,2,5,0,1,7,2
2021-10-01,Finn Harps,Dundalk,2,2,3.0,3.45,2.26,3.25,3.78,2.19,Premier Division,,20211001_Finn-Harps_Dundalk,-31.975479339374715,1.18,1.24,3,3,5,7,48.6,51.4,0,2,0,0,4,0
2021-10-01,Shamrock Rovers,Derry City,2,1,1.53,3.91,6.4,1.56,4.1,6.94,Premier Division,,20211001_Shamrock-Rovers_Derry-City,151.72603190396353,1.83,1.16,5,5,11,11,64.3,35.7,1,1,0,0,4,2
2021-10-02,Longford,Bohemians,1,4,8.65,5.07,1.33,8.72,5.49,1.36,Premier Division,,20211002_Longford_Bohemians,-154.48940938834926,1.3,0.94,3,5,6,11,39.1,60.9,1,0,0,0,1,9
2021-10-02,Sligo Rovers,Waterford,1,1,1.84,3.31,4.51,1.9,3.4,4.8,Premier Division,,20211002_Sligo-Rovers_Waterford,38.1984660665571,1.25,1.31,5,4,10,10,50.8,49.2,2,2,0,0,5,11
2021-10-08,Dundalk,Shamrock Rovers,1,0,3.69,3.61,1.92,3.94,3.8,1.95,Premier Division,,20211008_Dundalk_Shamrock-Rovers,-189.080275803429,0.05,0.99,1,4,2,9,45.0,55.0,2,3,0,0,1,7
2021-10-15,Bohemians,Dundalk,1,1,2.12,3.63,3.09,2.19,3.79,3.26,Premier Division,,20211015_Bohemians_Dundalk,8.47790973174665,1.15,0.99,4,4,7,9,56.2,43.8,4,3,0,0,2,7
2021-10-15,Derry City,St. Patricks,1,0,2.35,3.15,3.1,2.3,3.27,3.48,Premier Division,,20211015_Derry-City_St.-Patricks,-21.26103564012601,0.49,1.35,3,4,5,8,48.1,51.9,0,3,0,0,7,8
2021-10-15,Drogheda,Longford,2,0,1.53,4.17,5.71,1.59,4.27,6.0,Premier Division,,20211015_Drogheda_Longford,107.80861701126969,0.1,0.94,2,4,4,8,62.5,37.5,0,5,0,0,2,8
2021-10-15,Shamrock Rovers,Sligo Rovers,2,0,1.63,3.59,5.68,1.72,3.57,5.96,Premier Division,,20211015_Shamrock-Rovers_Sligo-Rovers,172.1200607482699,1.64,1.16,5,4,13,7,61.0,39.0,2,0,0,0,7,3
2021-10-15,Waterford,Finn Harps,4,1,2.47,3.2,2.83,2.53,3.3,3.04,Premier Division,,20211015_Waterford_Finn-Harps,-6.791347725466494,0.48,1.46,4,5,9,10,53.9,46.1,2,1,1,0,5,8
2021-10-18,Shamrock Rovers,Bohemians,1,1,1.64,3.76,5.18,1.65,3.98,5.72,Premier Division,,20211018_Shamrock-Rovers_Bohemians,151.48505139201393,0.56,0.62,3,2,5,5,55.9,44.1,2,3,0,0,4,1
2021-10-23,Finn Harps,Sligo Rovers,2,2,2.68,3.07,2.71,2.71,3.25,2.85,Premier Division,,20211023_Finn-Harps_Sligo-Rovers,-34.51549202009187,0.96,1.32,3,3,8,5,46.4,53.6,1,3,0,0,8,6
2021-10-23,Longford,Shamrock Rovers,0,1,16.39,7.07,1.16,16.31,7.33,1.19,Premier Division,,20211023_Longford_Shamrock-Rovers,-323.12931451769987,0.12,0.29,1,1,0,2,42.2,57.8,1,4,0,0,3,1
2021-10-24,Drogheda,Derry City,1,0,2.89,3.1,2.5,2.89,3.15,2.75,Premier Division,,20211024_Drogheda_Derry-City,-61.786825017661386,1.13,1.51,2,5,5,12,51.6,48.4,4,2,0,0,4,7
2021-10-25,Bohemians,Waterford,1,2,1.43,4.58,6.66,1.5,4.98,6.14,Premier Division,,20211025_Bohemians_Waterford,55.39292036847655,1.48,0.83,3,2,6,4,51.8,48.2,1,1,0,0,6,3
2021-10-25,St. Patricks,Dundalk,1,0,2.15,3.3,3.32,2.18,3.52,3.49,Premier Division,,20211025_St.-Patricks_Dundalk,13.496807558932005,0.92,0.2,2,1,5,4,50.5,49.5,1,4,0,0,4,4
2021-10-29,Derry City,Bohemians,1,1,2.5,3.4,2.66,2.54,3.57,2.83,Premier Division,,20211029_Derry-City_Bohemians,4.671569385845032,1.64,1.2,7,3,14,5,55.8,44.2,2,1,0,0,8,8
2021-10-29,Dundalk,Waterford,1,0,1.47,4.41,6.12,1.48,4.97,6.48,Premier Division,,20211029_Dundalk_Waterford,17.145329805920937,1.32,1.43,4,5,10,12,44.4,55.6,2,2,0,1,8,7
2021-10-29,Longford,St. Patricks,1,4,8.34,4.53,1.37,9.03,4.83,1.4,Premier Division,,20211029_Longford_St.-Patricks,-196.93936394677144,0.61,1.82,3,4,6,9,44.2,55.8,2,0,0,0,5,7
2021-10-29,Shamrock Rovers,Finn Harps,3,0,1.32,4.83,9.62,1.34,5.19,10.54,Premier Division,,20211029_Shamrock-Rovers_Finn-Harps,216.75218062295107,1.48,0.12,7,0,17,1,63.1,36.9,2,0,0,0,12,5
2021-10-29,Sligo Rovers,Drogheda,2,0,1.86,3.29,4.37,1.88,3.49,4.73,Premier Division,,20211029_Sligo-Rovers_Drogheda,3.045394087136856,0.41,0.8,2,4,4,6,38.8,61.2,2,2,0,0,3,3
2021-11-01,Finn Harps,Drogheda,0,0,2.07,3.24,3.63,2.06,3.47,3.91,Premier Division,,20211101_Finn-Harps_Drogheda,-22.55310363131821,1.66,0.05,7,1,17,2,49.5,50.5,2,1,0,0,10,1
2021-11-01,Sligo Rovers,Longford,1,0,1.26,5.51,11.04,1.28,5.83,11.91,Premier Division,,20211101_Sligo-Rovers_Longford,162.7199085559505,2.45,0.47,8,3,18,5,62.2,37.8,2,3,0,0,7,5
2021-11-01,St. Patricks,Bohemians,2,2,2.19,3.27,3.24,2.27,3.37,3.45,Premier Division,,20211101_St.-Patricks_Bohemians,31.793939778028744,1.51,1.14,5,4,13,7,55.9,44.1,2,1,0,0,7,5
2021-11-02,Waterford,Derry City,2,2,2.93,3.16,2.43,3.06,3.33,2.5,Premier Division,,20211102_Waterford_Derry-City,-43.51713829497885,1.77,1.71,5,6,10,13,48.0,52.0,3,1,0,0,7,7
2021-11-03,Bray,Galway,0,0,2.61,3.18,2.59,2.84,3.33,2.62,Premier Division,,20211103_Bray_Galway,-31.859964931667264,0.05,0.05,0,0,0,0,44.7,55.3,1,3,0,0,3,1
2021-11-03,Treaty United,UC Dublin,0,3,2.87,3.36,2.29,3.05,3.54,2.37,Premier Division,,20211103_Treaty-United_UC-Dublin,148.14068920485397,1.42,1.68,4,5,10,7,58.1,41.9,1,4,0,0,9,5
2021-11-04,Drogheda,Dundalk,0,1,3.92,3.43,1.91,4.09,3.68,1.95,Premier Division,,20211104_Drogheda_Dundalk,-42.519311206164275,1.22,0.74,3,3,9,8,46.4,53.6,3,3,0,0,6,6
2021-11-05,Finn Harps,Derry City,1,1,2.62,3.15,2.71,2.71,3.33,2.79,Premier Division,,20211105_Finn-Harps_Derry-City,-65.57667379073018,1.9,1.04,5,3,10,9,44.9,55.1,1,1,0,0,4,6
2021-11-05,St. Patricks,Sligo Rovers,0,3,2.0,3.3,3.78,2.03,3.45,4.07,Premier Division,,20211105_St.-Patricks_Sligo-Rovers,38.05394292778351,0.71,1.02,2,3,5,7,50.9,49.1,1,3,0,0,3,5
2021-11-05,Waterford,Shamrock Rovers,1,3,4.26,3.7,1.78,4.5,4.12,1.77,Premier Division,,20211105_Waterford_Shamrock-Rovers,-201.63285973706616,0.05,1.62,2,5,3,10,44.0,56.0,0,2,0,0,3,5
2021-11-07,Bohemians,Drogheda,2,1,1.54,4.06,5.76,1.56,4.28,6.29,Premier Division,,20211107_Bohemians_Drogheda,53.35942004345907,1.43,1.89,5,9,11,19,56.5,43.5,1,1,0,1,4,2
2021-11-07,Dundalk,Longford,2,0,1.21,6.06,13.23,1.23,6.38,14.73,Premier Division,,20211107_Dundalk_Longford,194.9227082953064,0.05,0.91,2,4,4,9,57.1,42.9,1,3,0,0,4,4
2021-11-07,Galway,Bray,0,1,2.0,3.38,3.42,,,,Premier Division,,20211107_Galway_Bray,29.66530467564803,1.25,0.05,3,1,5,2,57.3,42.7,1,2,0,0,5,2
2021-11-07,UC Dublin,Treaty United,1,2,1.73,3.65,4.22,,,,Premier Division,,20211107_UC-Dublin_Treaty-United,-114.48562712188186,1.21,1.11,4,4,9,9,47.6,52.4,1,1,0,0,6,7
2021-11-12,Bohemians,Shamrock Rovers,3,1,3.26,3.26,2.21,3.41,3.3,2.32,Premier Division,,20211112_Bohemians_Shamrock-Rovers,-158.41837063636262,2.1,1.07,6,4,11,9,45.3,54.7,1,0,0,0,5,3
2021-11-12,Derry City,Sligo Rovers,2,0,1.71,3.74,4.63,1.72,4.0,4.88,Premier Division,,20211112_Derry-City_Sligo-Rovers,-5.3387836667525335,1.26,1.71,5,6,12,14,48.0,52.0,1,0,0,0,5,6
2021-11-12,St. Patricks,Finn Harps,2,2,2.29,3.19,3.16,2.36,3.29,3.34,Premier Division,,20211112_St.-Patricks_Finn-Harps,77.87434839449656,1.29,1.3,5,4,12,10,49.4,50.6,5,2,0,0,6,7
2021-11-13,Longford,Waterford,1,1,4.81,3.92,1.65,5.1,4.22,1.67,Premier Division,,20211113_Longford_Waterford,-146.0873542925881,1.27,1.78,4,5,10,11,45.7,54.3,3,0,0,0,4,11
2021-11-19,Bray,UC Dublin,0,2,2.86,3.22,2.3,,,,Premier Division,,20211119_Bray_UC-Dublin,120.0247933594776,0.85,1.87,4,5,7,10,57.2,42.8,4,0,0,0,2,2
2021-11-19,Dundalk,Derry City,1,2,2.25,3.37,3.07,2.32,3.48,3.24,Premier Division,,20211119_Dundalk_Derry-City,4.427856153521589,1.05,0.41,4,2,11,7,47.9,52.1,0,2,0,0,5,6
2021-11-19,Finn Harps,Longford,5,0,1.42,4.45,7.23,1.45,4.69,7.97,Premier Division,,20211119_Finn-Harps_Longford,126.8783821256593,1.96,0.67,7,1,16,4,53.7,46.3,0,2,0,0,4,3
2021-11-19,Shamrock Rovers,Drogheda,2,1,1.46,4.39,6.51,1.45,5.04,6.92,Premier Division,,20211119_Shamrock-Rovers_Drogheda,214.9990860247567,0.21,0.98,2,4,4,8,61.0,39.0,2,5,0,0,3,1
2021-11-19,Sligo Rovers,Bohemians,1,1,4.06,3.73,1.81,4.25,3.94,1.85,Premier Division,,20211119_Sligo-Rovers_Bohemians,-34.618276564716325,0.38,0.87,2,2,4,4,43.4,56.6,1,0,1,0,1,1
2021-11-19,Waterford,St. Patricks,0,0,2.37,3.27,2.95,2.47,3.34,3.09,Premier Division,,20211119_Waterford_St.-Patricks,-62.91021332626133,0.48,1.37,2,4,4,9,43.0,57.0,2,3,0,1,3,2
2021-11-26,Waterford,UC Dublin,1,2,2.45,3.34,2.73,2.59,3.67,2.52,Premier Division,,20211126_Waterford_UC-Dublin,129.0660744847462,1.21,0.79,3,3,7,7,60.1,39.9,1,2,0,0,4,5
2022-02-18,Dundalk,Derry City,2,2,2.16,3.26,3.4,2.19,3.43,3.57,Premier Division,,20220218_Dundalk_Derry-City,-19.877992755230025,1.1,1.04,4,3,9,5,53.5,46.5,2,0,0,0,8,2
2022-02-18,Shamrock Rovers,UC Dublin,3,0,1.17,6.63,16.82,1.18,7.42,19.66,Premier Division,,20220218_Shamrock-Rovers_UC-Dublin,316.77890392586687,2.56,0.67,8,1,16,3,53.2,46.8,4,0,0,0,8,5
2022-02-18,Shelbourne,St. Patricks,0,3,3.59,3.07,2.17,3.9,3.18,2.19,Premier Division,,20220218_Shelbourne_St.-Patricks,-102.85786964379076,1.0,1.37,3,4,6,9,52.2,47.8,0,1,0,0,5,1
2022-02-25,Bohemians,Dundalk,2,2,2.23,3.34,3.11,2.27,3.51,3.31,Premier Division,,20220225_Bohemians_Dundalk,21.435822365438753,0.88,1.54,3,4,8,8,53.4,46.6,1,0,0,0,4,7
2022-02-25,Derry City,Shamrock Rovers,2,1,3.81,3.24,2.02,4.11,3.4,2.03,Premier Division,,20220225_Derry-City_Shamrock-Rovers,-137.02923213958616,0.88,1.4,3,5,7,11,49.9,50.1,0,3,0,0,5,6
2022-02-25,Drogheda,Shelbourne,0,2,3.15,3.12,2.33,3.38,3.29,2.34,Premier Division,,20220225_Drogheda_Shelbourne,30.978636240249443,0.32,0.45,0,2,0,4,51.9,48.1,0,2,0,0,2,5
2022-02-25,St. Patricks,Sligo Rovers,1,2,1.86,3.31,4.38,1.91,3.37,4.78,Premier Division,,20220225_St.-Patricks_Sligo-Rovers,26.18113743853587,0.8,0.09,3,2,6,7,51.3,48.7,1,2,0,0,5,2
2022-02-25,UC Dublin,Finn Harps,0,0,3.15,3.25,2.26,3.33,3.58,2.23,Premier Division,,20220225_UC-Dublin_Finn-Harps,-112.11914092031816,1.05,0.93,4,4,7,9,49.2,50.8,1,1,0,0,10,4
2022-02-28,Bohemians,St. Patricks,1,0,2.46,3.29,2.81,2.51,3.48,2.93,Premier Division,,20220228_Bohemians_St.-Patricks,18.2168034083943,1.14,1.22,2,4,5,10,52.0,48.0,1,0,0,0,5,6
2022-02-28,Derry City,Sligo Rovers,0,0,2.08,3.15,3.71,2.1,3.34,3.95,Premier Division,,20220228_Derry-City_Sligo-Rovers,32.90458559847025,0.92,0.05,2,0,5,0,47.0,53.0,0,3,0,0,0,1
2022-02-28,Dundalk,Finn Harps,3,0,1.76,3.61,4.52,1.79,3.73,4.89,Premier Division,,20220228_Dundalk_Finn-Harps,60.27954463109813,1.38,0.68,4,1,9,1,46.8,53.2,0,1,0,0,7,1
2022-02-28,Shamrock Rovers,Drogheda,3,1,1.22,5.94,13.3,1.23,6.39,15.63,Premier Division,,20220228_Shamrock-Rovers_Drogheda,225.6934164468098,1.13,0.73,3,2,8,5,53.0,47.0,5,2,0,0,6,7
2022-02-28,UC Dublin,Shelbourne,0,0,3.48,3.31,2.1,3.62,3.39,2.19,Premier Division,,20220228_UC-Dublin_Shelbourne,-72.66847760838255,1.66,0.13,6,1,14,2,49.9,50.1,1,1,0,0,5,5
2022-03-04,Drogheda,UC Dublin,4,2,2.08,3.26,3.57,2.09,3.47,3.82,Premier Division,,20220304_Drogheda_UC-Dublin,69.89571864618301,1.09,0.34,4,2,9,3,58.3,41.7,0,1,0,0,5,2
2022-03-04,Finn Harps,Bohemians,1,1,3.22,3.11,2.3,3.31,3.18,2.43,Premier Division,,20220304_Finn-Harps_Bohemians,-101.54655884926751,1.29,0.05,3,1,8,2,46.8,53.2,1,3,0,0,5,2
2022-03-04,Shelbourne,Derry City,0,1,3.63,3.22,2.08,3.77,3.35,2.15,Premier Division,,20220304_Shelbourne_Derry-City,-127.85292786538025,0.07,0.99,1,5,2,13,37.5,62.5,0,2,0,0,4,8
2022-03-04,St. Patricks,Shamrock Rovers,1,0,3.99,3.23,1.98,4.3,3.47,1.97,Premier Division,,20220304_St.-Patricks_Shamrock-Rovers,-153.06882221683372,0.11,0.38,1,1,2,3,38.2,61.8,1,2,0,0,9,1
2022-03-05,Sligo Rovers,Dundalk,0,0,2.88,3.2,2.45,3.0,3.37,2.52,Premier Division,,20220305_Sligo-Rovers_Dundalk,-7.441424987003074,1.32,0.05,3,0,6,0,44.8,55.2,2,1,0,0,3,1
2022-03-11,Drogheda,Sligo Rovers,0,3,3.56,3.17,2.13,3.71,3.27,2.21,Premier Division,,20220311_Drogheda_Sligo-Rovers,-85.67851978651174,0.95,0.17,4,3,10,8,45.2,54.8,3,3,0,0,0,7
2022-03-11,Finn Harps,St. Patricks,0,2,3.05,3.15,2.38,3.17,3.24,2.48,Premier Division,,20220311_Finn-Harps_St.-Patricks,-74.14562950126742,0.65,0.88,3,3,8,5,48.2,51.8,1,2,0,0,4,2
2022-03-11,Shamrock Rovers,Bohemians,1,0,1.65,3.65,5.39,1.65,3.93,5.93,Premier Division,,20220311_Shamrock-Rovers_Bohemians,98.55058539121887,0.79,0.76,4,4,9,9,61.4,38.6,1,1,0,0,2,3
2022-03-11,Shelbourne,Dundalk,1,1,3.32,3.15,2.23,3.38,3.2,2.38,Premier Division,,20220311_Shelbourne_Dundalk,-112.17219437618814,1.04,0.95,2,2,5,4,40.1,59.9,1,2,0,0,2,3
2022-03-14,Bohemians,Shelbourne,1,1,1.91,3.17,4.41,1.94,3.36,4.61,Premier Division,,20220314_Bohemians_Shelbourne,117.97845636444572,2.05,0.05,8,1,16,3,54.9,45.1,1,0,0,0,13,5
2022-03-14,Derry City,Drogheda,2,0,1.45,4.27,6.99,1.48,4.41,7.77,Premier Division,,20220314_Derry-City_Drogheda,132.9324699522167,0.8,1.21,2,3,5,5,53.5,46.5,1,0,1,0,5,0
2022-03-14,Dundalk,Shamrock Rovers,0,0,4.4,3.51,1.8,4.54,3.71,1.85,Premier Division,,20220314_Dundalk_Shamrock-Rovers,-129.21622212975058,0.05,1.73,0,5,0,11,53.0,47.0,2,2,0,0,3,6
2022-03-14,Sligo Rovers,Finn Harps,3,1,2.05,3.14,3.85,2.07,3.16,4.37,Premier Division,,20220314_Sligo-Rovers_Finn-Harps,88.13830897245475,0.6,0.88,3,1,7,2,49.7,50.3,3,0,0,0,5,3
2022-03-14,St. Patricks,UC Dublin,2,0,1.42,4.49,7.18,1.44,4.75,7.78,Premier Division,,20220314_St.-Patricks_UC-Dublin,188.87132773825442,0.94,1.04,2,3,6,6,57.1,42.9,2,0,0,0,4,2
2022-03-18,Derry City,St. Patricks,2,1,2.2,3.17,3.39,2.27,3.21,3.62,Premier Division,,20220318_Derry-City_St.-Patricks,25.662372645576625,1.1,1.22,5,4,12,9,54.4,45.6,1,2,0,0,6,6
2022-03-18,Drogheda,Dundalk,1,0,4.72,3.64,1.72,4.93,3.83,1.77,Premier Division,,20220318_Drogheda_Dundalk,-109.84856895699431,1.26,1.0,4,4,9,10,40.9,59.1,4,3,1,0,8,8
2022-03-18,Shamrock Rovers,Sligo Rovers,2,2,1.65,3.55,5.54,1.68,3.73,5.92,Premier Division,,20220318_Shamrock-Rovers_Sligo-Rovers,110.01184438016207,1.13,2.24,4,6,9,13,52.4,47.6,5,1,0,0,5,11
2022-03-18,Shelbourne,Finn Harps,0,3,2.23,2.98,3.54,2.34,3.06,3.65,Premier Division,,20220318_Shelbourne_Finn-Harps,-9.516098319195407,0.43,1.46,2,5,2,11,53.0,47.0,2,2,0,0,5,5
2022-03-18,UC Dublin,Bohemians,1,1,5.1,3.74,1.66,5.54,3.82,1.7,Premier Division,,20220318_UC-Dublin_Bohemians,-193.41515123772774,1.98,1.37,6,6,12,15,44.5,55.5,2,2,0,0,3,6
2022-04-01,Bohemians,Derry City,1,2,2.58,3.08,2.83,2.62,3.26,2.95,Premier Division,,20220401_Bohemians_Derry-City,-50.40277631007643,0.96,1.2,2,5,2,12,46.3,53.7,2,2,1,0,4,8
2022-04-01,Dundalk,UC Dublin,2,0,1.45,4.4,6.81,1.46,4.57,7.74,Premier Division,,20220401_Dundalk_UC-Dublin,166.57314660472412,0.37,0.32,4,2,9,4,54.4,45.6,1,2,0,0,3,4
2022-04-01,Finn Harps,Shamrock Rovers,0,3,4.94,3.43,1.74,5.42,3.46,1.8,Premier Division,,20220401_Finn-Harps_Shamrock-Rovers,-200.8401129501567,0.77,0.75,3,3,7,8,42.1,57.9,1,0,0,0,7,2
2022-04-01,Sligo Rovers,Shelbourne,0,1,1.83,3.25,4.7,1.85,3.37,5.17,Premier Division,,20220401_Sligo-Rovers_Shelbourne,131.04234780468596,1.15,2.01,4,5,9,12,53.4,46.6,2,4,0,0,3,8
2022-04-01,St. Patricks,Drogheda,1,1,1.4,4.47,7.86,1.4,4.82,9.09,Premier Division,,20220401_St.-Patricks_Drogheda,95.72302828406441,2.48,0.68,8,3,20,7,52.4,47.6,1,1,0,0,7,2
2022-04-04,Finn Harps,Drogheda,2,2,2.2,3.21,3.31,2.26,3.37,3.48,Premier Division,,20220404_Finn-Harps_Drogheda,1.3687844366074842,0.91,0.99,4,4,9,8,44.9,55.1,0,0,0,0,6,3
2022-04-04,UC Dublin,Derry City,0,2,8.91,4.64,1.35,9.87,4.74,1.39,Premier Division,,20220404_UC-Dublin_Derry-City,-248.60720391407858,0.7,1.82,4,5,9,11,42.1,57.9,3,3,0,0,4,5
2022-04-05,Sligo Rovers,Bohemians,0,1,2.35,3.1,3.13,2.46,3.28,3.16,Premier Division,,20220405_Sligo-Rovers_Bohemians,9.257243386034133,0.69,1.07,2,2,5,4,55.5,44.5,1,2,0,0,2,7
2022-04-08,Drogheda,Bohemians,1,1,4.46,3.52,1.78,4.67,3.73,1.83,Premier Division,,20220408_Drogheda_Bohemians,-91.9893029136415,1.08,0.88,3,2,8,3,43.4,56.6,2,3,0,1,2,3
2022-04-08,Shelbourne,Shamrock Rovers,1,2,8.02,3.79,1.47,8.52,4.1,1.49,Premier Division,,20220408_Shelbourne_Shamrock-Rovers,-223.12097241336483,1.13,1.3,2,2,5,3,46.2,53.8,1,2,0,0,7,3
2022-04-08,St. Patricks,Dundalk,0,0,2.62,3.26,2.63,2.77,3.39,2.69,Premier Division,,20220408_St.-Patricks_Dundalk,7.3439394843185255,1.76,0.34,4,1,9,3,47.4,52.6,0,1,0,0,6,6
2022-04-09,Finn Harps,Derry City,1,2,4.62,3.36,1.8,5.0,3.61,1.81,Premier Division,,20220409_Finn-Harps_Derry-City,-153.97097227891868,0.4,0.85,1,3,2,8,44.9,55.1,5,1,0,0,4,5
2022-04-09,Sligo Rovers,UC Dublin,2,2,1.37,4.31,9.74,1.39,4.66,10.42,Premier Division,,20220409_Sligo-Rovers_UC-Dublin,179.2297557887905,0.91,1.29,2,4,3,10,51.5,48.5,2,2,0,0,4,5
2022-04-15,Bohemians,Finn Harps,2,2,1.75,3.57,4.65,1.76,3.76,5.14,Premier Division,,20220415_Bohemians_Finn-Harps,94.61492537096592,1.17,1.92,3,6,7,12,51.2,48.8,3,0,0,0,3,10
2022-04-15,Derry City,Shelbourne,1,2,1.53,3.8,6.63,1.54,3.98,7.56,Premier Division,,20220415_Derry-City_Shelbourne,176.92286490354422,1.22,0.75,4,2,8,5,66.3,33.7,0,1,0,0,6,6
2022-04-15,Dundalk,Sligo Rovers,2,1,2.06,3.25,3.65,2.14,3.31,3.88,Premier Division,,20220415_Dundalk_Sligo-Rovers,11.222287720784834,1.72,1.68,5,5,11,10,55.0,45.0,2,2,0,0,7,6
2022-04-15,Shamrock Rovers,St. Patricks,1,0,1.72,3.52,4.98,1.72,3.69,5.59,Premier Division,,20220415_Shamrock-Rovers_St.-Patricks,129.88254755040953,1.58,0.94,5,3,11,7,52.8,47.2,1,1,1,0,6,4
2022-04-15,UC Dublin,Drogheda,0,2,2.76,3.26,2.5,2.89,3.4,2.59,Premier Division,,20220415_UC-Dublin_Drogheda,-100.03348135879241,0.26,0.74,0,4,0,7,49.5,50.5,2,1,0,0,2,3
2022-04-18,Drogheda,Derry City,1,1,5.77,3.81,1.59,6.22,3.97,1.62,Premier Division,,20220418_Drogheda_Derry-City,-132.8755925843568,0.61,0.29,1,1,5,1,42.0,58.0,2,1,0,0,1,1
2022-04-18,Finn Harps,Sligo Rovers,0,1,2.72,2.94,2.77,2.82,3.01,2.93,Premier Division,,20220418_Finn-Harps_Sligo-Rovers,-61.84184911988041,0.05,1.87,0,5,0,12,48.7,51.3,1,3,0,0,2,5
2022-04-18,Shamrock Rovers,Dundalk,1,0,1.44,4.29,7.19,1.41,4.83,8.6,Premier Division,,20220418_Shamrock-Rovers_Dundalk,132.81866271358308,0.97,1.02,1,4,3,9,49.1,50.9,0,4,0,0,4,6
2022-04-18,Shelbourne,Bohemians,1,4,3.8,3.09,2.08,4.05,3.15,2.16,Premier Division,,20220418_Shelbourne_Bohemians,-82.73562592249345,0.79,1.36,3,5,6,12,48.7,51.3,1,0,0,0,1,9
2022-04-18,UC Dublin,St. Patricks,1,2,9.43,5.05,1.32,9.37,5.34,1.35,Premier Division,,20220418_UC-Dublin_St.-Patricks,-186.82614943186127,0.06,1.07,1,3,2,5,43.9,56.1,0,1,0,1,3,4
2022-04-22,Bohemians,Shamrock Rovers,1,3,4.51,3.41,1.81,4.84,3.57,1.84,Premier Division,,20220422_Bohemians_Shamrock-Rovers,-139.30030130607747,2.11,1.44,8,4,19,9,45.2,54.8,3,0,1,0,7,7
2022-04-22,Derry City,UC Dublin,7,1,1.15,7.56,16.7,1.15,8.78,19.1,Premier Division,,20220422_Derry-City_UC-Dublin,251.9106552142489,2.93,2.88,8,7,16,16,54.8,45.2,3,2,0,0,10,7
2022-04-22,Dundalk,Shelbourne,2,1,1.89,3.21,4.39,1.97,3.22,4.75,Premier Division,,20220422_Dundalk_Shelbourne,92.36024480747187,0.65,0.79,2,1,4,4,57.2,42.8,1,3,0,0,3,3
2022-04-22,St. Patricks,Finn Harps,2,0,1.69,3.61,4.99,1.75,3.73,5.29,Premier Division,,20220422_St.-Patricks_Finn-Harps,99.79257941096034,1.13,1.35,4,3,10,7,50.4,49.6,1,3,0,0,2,6
2022-04-23,Sligo Rovers,Drogheda,3,2,1.66,3.54,5.48,1.73,3.56,5.81,Premier Division,,20220423_Sligo-Rovers_Drogheda,53.06668779406664,0.65,0.4,3,3,5,9,54.0,46.0,1,4,0,0,3,5
2022-04-29,Bohemians,UC Dublin,3,0,1.22,6.29,11.38,1.26,6.61,11.06,Premier Division,,20220429_Bohemians_UC-Dublin,203.68943289594654,1.19,0.41,6,1,15,2,52.1,47.9,1,2,0,0,12,4
2022-04-29,Dundalk,Drogheda,4,1,1.59,3.91,5.46,1.62,4.09,5.86,Premier Division,,20220429_Dundalk_Drogheda,89.0682952638706,1.16,1.01,4,4,11,8,48.2,51.8,6,1,1,0,5,3
2022-04-29,Finn Harps,Shelbourne,1,0,2.49,2.91,3.12,2.56,2.95,3.35,Premier Division,,20220429_Finn-Harps_Shelbourne,-5.953520760697074,1.67,1.65,5,6,12,13,40.6,59.4,2,1,0,0,8,6
2022-04-29,Sligo Rovers,Shamrock Rovers,1,1,5.23,3.57,1.68,5.84,3.8,1.68,Premier Division,,20220429_Sligo-Rovers_Shamrock-Rovers,-162.2531355708893,0.71,0.35,3,1,8,2,53.6,46.4,1,1,0,0,8,4
2022-04-29,St. Patricks,Derry City,0,4,2.97,3.09,2.46,3.06,3.24,2.55,Premier Division,,20220429_St.-Patricks_Derry-City,-48.78948362774236,0.73,1.08,3,4,7,6,47.8,52.2,4,4,0,0,4,4
2022-05-06,Derry City,Bohemians,1,1,1.63,3.97,4.97,1.63,4.32,5.43,Premier Division,,20220506_Derry-City_Bohemians,61.99276547644308,1.92,1.89,8,6,20,12,54.7,45.3,3,5,0,1,6,6
2022-05-06,Drogheda,St. Patricks,0,4,4.83,3.59,1.72,5.33,3.92,1.7,Premier Division,,20220506_Drogheda_St.-Patricks,-88.73455249740846,0.27,2.07,1,7,1,17,35.6,64.4,1,2,0,0,4,10
2022-05-06,Shamrock Rovers,Finn Harps,3,1,1.2,5.93,15.43,1.23,6.07,16.1,Premier Division,,20220506_Shamrock-Rovers_Finn-Harps,245.2590630686111,2.03,1.77,7,5,15,11,54.1,45.9,1,3,0,0,8,4
2022-05-06,Shelbourne,Sligo Rovers,2,1,2.8,2.84,2.8,2.92,2.91,2.93,Premier Division,,20220506_Shelbourne_Sligo-Rovers,-111.92219376092316,0.95,1.43,3,5,7,11,43.8,56.2,4,0,1,0,3,5
2022-05-06,UC Dublin,Dundalk,2,2,6.68,4.59,1.43,7.04,4.78,1.47,Premier Division,,20220506_UC-Dublin_Dundalk,-225.9005450713148,1.64,0.61,5,2,11,5,45.9,54.1,1,0,0,0,5,0
2022-05-09,Derry City,St. Patricks,0,0,1.7,3.7,4.74,1.72,3.86,5.22,Premier Division,,20220509_Derry-City_St.-Patricks,58.32232836789194,0.41,0.6,1,2,0,3,44.2,55.8,0,0,0,0,1,2
2022-05-09,Shamrock Rovers,Sligo Rovers,3,1,1.38,4.48,8.3,1.42,4.55,9.18,Premier Division,,20220509_Shamrock-Rovers_Sligo-Rovers,172.23454265054806,1.01,0.97,4,2,10,6,60.2,39.8,1,1,0,0,4,3
2022-05-13,Dundalk,Bohemians,3,1,2.43,3.39,2.76,2.59,3.49,2.82,Premier Division,,20220513_Dundalk_Bohemians,1.8836904839720319,0.89,1.49,3,5,7,9,50.8,49.2,3,2,1,0,4,7
2022-05-13,Finn Harps,UC Dublin,0,1,1.73,3.74,4.52,1.77,3.91,4.8,Premier Division,,20220513_Finn-Harps_UC-Dublin,101.47257207824987,1.07,0.58,3,2,5,6,56.1,43.9,1,2,0,0,0,5
2022-05-13,Shamrock Rovers,Derry City,1,0,1.98,3.26,3.93,2.0,3.36,4.34,Premier Division,,20220513_Shamrock-Rovers_Derry-City,96.57872626968947,0.36,0.42,2,1,4,3,59.1,40.9,0,3,0,0,7,2
2022-05-13,Shelbourne,Drogheda,1,0,1.77,3.33,4.96,1.82,3.49,5.15,Premier Division,,20220513_Shelbourne_Drogheda,0.4630876127330339,0.86,0.19,4,0,8,0,43.4,56.6,3,2,0,0,6,0
2022-05-14,Sligo Rovers,St. Patricks,1,1,2.67,3.06,2.75,2.64,3.11,3.06,Premier Division,,20220514_Sligo-Rovers_St.-Patricks,-34.31475755684846,0.1,1.18,1,5,0,9,43.8,56.2,3,1,0,0,5,5
2022-05-19,UC Dublin,Shamrock Rovers,0,3,17.04,7.4,1.15,18.39,8.29,1.16,Premier Division,,20220519_UC-Dublin_Shamrock-Rovers,-355.97128388157535,0.27,1.07,1,3,2,7,47.1,52.9,0,2,0,0,1,4
2022-05-20,Bohemians,Sligo Rovers,2,1,1.94,3.46,3.79,1.94,3.56,4.28,Premier Division,,20220520_Bohemians_Sligo-Rovers,19.76979183810522,1.39,1.9,2,7,6,14,49.8,50.2,1,1,0,0,4,10
2022-05-20,Derry City,Dundalk,1,2,1.55,4.09,5.59,1.58,4.42,5.8,Premier Division,,20220520_Derry-City_Dundalk,33.193396985237314,0.86,1.48,3,4,5,7,55.6,44.4,3,0,0,0,7,8
2022-05-20,Drogheda,Finn Harps,3,1,2.93,3.02,2.53,3.2,3.16,2.51,Premier Division,,20220520_Drogheda_Finn-Harps,4.943566704372643,1.14,1.33,4,4,10,10,53.3,46.7,3,2,0,0,3,7
2022-05-20,St. Patricks,Shelbourne,1,2,1.92,3.1,4.48,1.95,3.18,4.94,Premier Division,,20220520_St.-Patricks_Shelbourne,95.10210057472568,1.67,1.18,5,5,11,12,48.9,51.1,1,2,0,0,6,7
2022-05-23,Drogheda,Shamrock Rovers,1,0,12.69,5.67,1.23,14.16,6.21,1.24,Premier Division,,20220523_Drogheda_Shamrock-Rovers,-271.2819803680229,1.87,1.55,5,7,11,16,37.3,62.7,2,4,0,0,6,4
2022-05-23,Finn Harps,Dundalk,0,1,3.88,3.32,1.95,4.16,3.41,2.02,Premier Division,,20220523_Finn-Harps_Dundalk,-163.02032391464172,0.05,0.98,0,3,0,5,46.2,53.8,5,2,0,0,3,3
2022-05-23,Shelbourne,UC Dublin,2,0,1.45,3.94,8.13,1.52,3.93,8.48,Premier Division,,20220523_Shelbourne_UC-Dublin,117.9749043176655,1.23,0.34,6,1,13,2,53.3,46.7,0,3,0,0,1,4
2022-05-23,Sligo Rovers,Derry City,2,1,4.55,3.43,1.79,4.85,3.54,1.85,Premier Division,,20220523_Sligo-Rovers_Derry-City,-76.89168756126605,0.91,0.7,2,1,3,2,45.9,54.1,1,1,0,0,2,0
2022-05-23,St. Patricks,Bohemians,3,0,2.8,3.23,2.48,2.95,3.35,2.57,Premier Division,,20220523_St.-Patricks_Bohemians,-14.34070778943692,2.08,1.21,6,4,11,9,45.6,54.4,0,1,0,0,9,7
2022-05-27,Bohemians,Drogheda,1,1,1.43,4.49,6.52,1.49,4.75,6.65,Premier Division,,20220527_Bohemians_Drogheda,74.50647852113457,1.7,1.51,5,3,12,4,53.3,46.7,0,2,0,1,4,5
2022-05-27,Derry City,Finn Harps,2,2,1.4,4.57,7.41,1.42,4.85,8.29,Premier Division,,20220527_Derry-City_Finn-Harps,162.0638024923544,1.88,1.54,5,5,13,11,56.8,43.2,5,1,0,0,2,5
2022-05-27,Dundalk,St. Patricks,1,0,1.96,3.41,3.73,1.99,3.62,4.01,Premier Division,,20220527_Dundalk_St.-Patricks,36.17359020922186,0.58,0.58,1,2,1,6,57.8,42.2,1,0,0,0,4,5
2022-05-27,Shamrock Rovers,Shelbourne,2,0,1.54,3.67,6.84,1.56,3.75,8.18,Premier Division,,20220527_Shamrock-Rovers_Shelbourne,215.5620204660554,1.95,0.73,5,4,11,10,64.7,35.3,0,0,0,0,4,5
2022-05-27,UC Dublin,Sligo Rovers,1,1,5.2,3.75,1.63,5.62,3.95,1.67,Premier Division,,20220527_UC-Dublin_Sligo-Rovers,-177.29019264527278,1.25,1.31,3,6,4,13,46.0,54.0,2,2,0,0,7,10
2022-06-17,Bohemians,Shelbourne,1,0,2.07,3.14,3.7,2.11,3.25,4.06,Premier Division,,20220617_Bohemians_Shelbourne,61.31084621503487,2.05,1.42,8,4,17,10,57.8,42.2,1,3,0,0,6,10
2022-06-17,Derry City,Drogheda,1,1,1.19,6.64,12.94,1.21,6.89,14.7,Premier Division,,20220617_Derry-City_Drogheda,99.11574628637095,1.11,0.88,4,2,7,4,57.1,42.9,1,2,0,0,4,5
2022-06-17,Dundalk,Shamrock Rovers,1,0,3.66,3.22,2.06,4.01,3.27,2.11,Premier Division,,20220617_Dundalk_Shamrock-Rovers,-104.9041225920655,0.39,2.08,1,8,4,17,44.4,55.6,2,0,0,0,5,10
2022-06-17,St. Patricks,UC Dublin,2,1,1.29,5.25,9.72,1.32,5.69,10.34,Premier Division,,20220617_St.-Patricks_UC-Dublin,186.8398261333889,0.75,1.49,2,5,4,11,52.5,47.5,2,2,0,0,2,10
2022-06-18,Sligo Rovers,Finn Harps,3,0,2.01,3.27,3.75,2.05,3.34,4.08,Premier Division,,20220618_Sligo-Rovers_Finn-Harps,103.53258520863073,1.3,1.23,5,4,8,8,48.8,51.2,1,3,0,0,5,6
2022-06-24,Drogheda,Sligo Rovers,0,0,3.57,3.39,2.02,3.8,3.52,2.08,Premier Division,,20220624_Drogheda_Sligo-Rovers,-56.22543507999535,1.56,0.97,4,2,10,4,44.4,55.6,2,1,0,0,9,5
2022-06-24,Finn Harps,St. Patricks,2,2,3.51,3.33,2.06,4.01,3.43,2.0,Premier Division,,20220624_Finn-Harps_St.-Patricks,-138.9969452049636,1.64,2.03,4,6,8,12,47.0,53.0,1,1,0,0,1,7
2022-06-24,Shamrock Rovers,Bohemians,1,0,1.58,3.92,5.53,1.6,4.21,5.93,Premier Division,,20220624_Shamrock-Rovers_Bohemians,139.59566030908832,0.37,0.5,1,2,1,4,61.6,38.4,0,1,0,0,5,6
2022-06-24,Shelbourne,Dundalk,0,0,3.19,3.0,2.36,3.21,3.12,2.52,Premier Division,,20220624_Shelbourne_Dundalk,-146.84465294262895,0.71,1.35,3,5,6,11,38.9,61.1,2,4,0,0,3,4
2022-06-24,UC Dublin,Derry City,0,1,8.66,4.95,1.33,9.63,5.15,1.36,Premier Division,,20220624_UC-Dublin_Derry-City,-216.86051723024775,1.07,1.31,2,6,6,10,40.8,59.2,1,1,0,0,4,5
2022-06-27,St. Patricks,Shamrock Rovers,1,2,3.79,3.16,2.04,4.13,3.22,2.1,Premier Division,,20220627_St.-Patricks_Shamrock-Rovers,-152.94877423774824,0.33,1.98,3,5,6,12,45.0,55.0,1,0,0,0,1,8
2022-07-01,Bohemians,Derry City,2,3,2.58,3.28,2.63,2.69,3.34,2.81,Premier Division,,20220701_Bohemians_Derry-City,-29.214941786668987,1.5,2.13,5,6,12,13,45.6,54.4,3,1,0,0,6,6
2022-07-01,Dundalk,UC Dublin,3,0,1.25,5.76,10.65,1.26,6.41,11.8,Premier Division,,20220701_Dundalk_UC-Dublin,266.7067953646688,0.92,1.7,3,6,6,13,55.2,44.8,2,2,0,0,4,10
2022-07-01,Finn Harps,Shamrock Rovers,0,1,6.2,4.01,1.51,6.86,4.14,1.53,Premier Division,,20220701_Finn-Harps_Shamrock-Rovers,-289.8596611535836,0.6,0.79,2,3,4,7,40.0,60.0,4,3,0,0,2,4
2022-07-01,St. Patricks,Drogheda,3,0,1.44,4.3,6.82,1.47,4.45,7.85,Premier Division,,20220701_St.-Patricks_Drogheda,61.1178432061472,0.85,0.32,3,2,5,4,45.9,54.1,2,3,0,0,3,2
2022-07-02,Sligo Rovers,Shelbourne,3,1,2.3,2.89,3.44,2.39,2.98,3.64,Premier Division,,20220702_Sligo-Rovers_Shelbourne,54.62142567399519,1.1,1.16,3,4,8,7,55.7,44.3,1,3,0,0,4,3
2022-07-07,UC Dublin,Bohemians,1,3,7.48,4.64,1.38,8.03,4.88,1.41,Premier Division,,20220707_UC-Dublin_Bohemians,-191.60889166344077,0.59,2.14,2,6,4,12,48.4,51.6,1,2,0,0,3,8
2022-07-08,Drogheda,Dundalk,1,0,6.37,3.96,1.51,6.83,4.27,1.54,Premier Division,,20220708_Drogheda_Dundalk,-149.18227354816463,1.68,0.78,5,3,13,7,51.0,49.0,3,3,0,0,5,2
2022-07-08,Shelbourne,Finn Harps,3,1,1.91,3.26,4.19,1.93,3.36,4.66,Premier Division,,20220708_Shelbourne_Finn-Harps,53.15650978132908,1.35,1.16,5,3,13,7,53.1,46.9,3,2,0,0,7,6
2022-07-15,Drogheda,Bohemians,0,1,4.56,3.74,1.71,4.96,4.0,1.72,Premier Division,,20220715_Drogheda_Bohemians,-54.70042220106484,0.12,1.32,0,2,0,3,55.6,44.4,2,2,0,0,2,1
2022-07-15,St. Patricks,Dundalk,1,1,2.47,3.06,2.93,2.5,3.18,3.2,Premier Division,,20220715_St.-Patricks_Dundalk,-51.38563800460315,0.58,1.45,1,4,2,8,52.0,48.0,1,2,0,0,0,4
2022-07-17,Finn Harps,Derry City,1,2,5.43,3.86,1.59,5.85,4.24,1.6,Premier Division,,20220717_Finn-Harps_Derry-City,-182.57868817775716,0.05,1.7,1,6,4,14,48.8,51.2,2,1,0,0,3,7
2022-07-17,Sligo Rovers,UC Dublin,0,2,1.42,4.29,7.61,1.45,4.56,8.0,Premier Division,,20220717_Sligo-Rovers_UC-Dublin,204.42594983414483,0.71,0.73,1,2,0,5,56.6,43.4,3,3,0,0,3,5
2022-07-22,Dundalk,Finn Harps,3,0,1.39,4.56,7.71,1.47,4.51,7.69,Premier Division,,20220722_Dundalk_Finn-Harps,202.57877311045877,2.55,1.2,8,4,16,10,58.4,41.6,2,2,0,0,8,6
2022-07-22,UC Dublin,Shelbourne,0,2,4.83,3.34,1.78,5.47,3.45,1.79,Premier Division,,20220722_UC-Dublin_Shelbourne,-121.38029056021514,1.27,1.36,5,5,11,9,44.7,55.3,2,1,0,0,2,5
2022-07-23,Shamrock Rovers,Drogheda,1,1,1.2,6.26,12.58,1.23,7.06,12.46,Premier Division,,20220723_Shamrock-Rovers_Drogheda,235.12060200540373,0.98,0.46,3,1,5,4,63.2,36.8,0,1,0,1,2,3
2022-08-01,Drogheda,UC Dublin,1,1,1.71,3.69,4.63,1.71,3.97,5.13,Premier Division,,20220801_Drogheda_UC-Dublin,135.4411331894255,0.96,1.91,3,6,10,14,54.5,45.5,1,1,0,0,5,5
2022-08-05,Dundalk,Derry City,1,1,2.33,3.19,3.04,2.35,3.28,3.36,Premier Division,,20220805_Dundalk_Derry-City,13.267857595781834,2.1,1.17,6,3,13,6,52.4,47.6,1,1,0,0,5,6
2022-08-05,Finn Harps,Drogheda,3,0,2.22,3.36,3.09,2.25,3.44,3.43,Premier Division,,20220805_Finn-Harps_Drogheda,-87.06699720256552,0.8,0.83,3,3,4,7,51.4,48.6,3,3,0,0,2,5
2022-08-07,Sligo Rovers,Bohemians,2,1,2.96,3.31,2.3,3.11,3.46,2.4,Premier Division,,20220807_Sligo-Rovers_Bohemians,-27.614560515578887,1.57,1.06,5,3,10,6,49.0,51.0,2,0,0,0,11,6
2022-08-12,Bohemians,Dundalk,0,1,2.71,3.18,2.57,2.79,3.33,2.71,Premier Division,,20220812_Bohemians_Dundalk,-67.07344759769467,1.93,0.76,6,3,13,5,55.0,45.0,1,3,0,0,3,4
2022-08-12,Derry City,Shamrock Rovers,0,0,2.3,3.15,3.12,2.33,3.27,3.43,Premier Division,,20220812_Derry-City_Shamrock-Rovers,-111.32526608315561,1.15,1.33,4,3,12,7,47.6,52.4,3,1,0,0,4,5
2022-08-12,Drogheda,Shelbourne,3,1,3.55,3.24,2.08,3.7,3.33,2.19,Premier Division,,20220812_Drogheda_Shelbourne,-21.280110174011043,1.15,2.13,4,8,9,17,53.4,46.6,1,4,0,0,5,10
2022-08-12,UC Dublin,Finn Harps,2,1,3.28,3.24,2.18,3.46,3.46,2.22,Premier Division,,20220812_UC-Dublin_Finn-Harps,-54.41076843978681,0.66,0.87,2,3,4,5,48.7,51.3,0,1,0,0,4,2
2022-08-14,St. Patricks,Sligo Rovers,1,0,1.64,3.77,5.09,1.68,4.01,5.41,Premier Division,,20220814_St.-Patricks_Sligo-Rovers,15.679506291022562,0.59,1.0,1,3,4,6,50.2,49.8,0,1,0,0,6,3
2022-08-19,Drogheda,Derry City,1,1,5.25,3.89,1.61,5.55,3.89,1.68,Premier Division,,20220819_Drogheda_Derry-City,-120.03488582611271,1.78,0.77,7,3,15,8,42.1,57.9,2,2,0,0,9,1
2022-08-19,Finn Harps,Sligo Rovers,3,2,3.07,3.21,2.3,3.31,3.39,2.32,Premier Division,,20220819_Finn-Harps_Sligo-Rovers,-132.19833113477375,1.75,0.86,5,2,11,6,50.8,49.2,0,3,0,0,5,2
2022-08-19,Shelbourne,Bohemians,1,1,2.65,3.02,2.75,2.8,3.11,2.87,Premier Division,,20220819_Shelbourne_Bohemians,-56.07090160402299,0.34,2.17,2,6,3,12,41.9,58.1,1,0,0,0,3,6
2022-08-19,UC Dublin,St. Patricks,1,2,5.58,4.0,1.56,6.02,4.21,1.59,Premier Division,,20220819_UC-Dublin_St.-Patricks,-197.4781045422401,0.75,1.02,3,2,8,6,37.2,62.8,2,1,0,0,9,8
2022-08-21,Shamrock Rovers,Dundalk,3,0,1.91,3.32,4.06,1.94,3.54,4.33,Premier Division,,20220821_Shamrock-Rovers_Dundalk,85.54311367769833,1.9,0.48,7,2,15,4,49.2,50.8,3,4,0,0,7,7
2022-08-29,Bohemians,St. Patricks,1,3,2.85,3.23,2.44,3.0,3.41,2.5,Premier Division,,20220829_Bohemians_St.-Patricks,-42.888914296144094,0.75,2.3,2,8,6,18,47.1,52.9,4,0,1,0,4,10
2022-08-29,Shelbourne,Derry City,0,1,4.29,3.16,1.92,4.61,3.26,1.98,Premier Division,,20220829_Shelbourne_Derry-City,-118.314519631248,1.67,0.43,4,1,8,1,47.4,52.6,0,2,0,0,3,4
2022-08-29,Sligo Rovers,Dundalk,2,0,2.72,3.06,2.64,2.86,3.18,2.76,Premier Division,,20220829_Sligo-Rovers_Dundalk,-97.20894442196663,0.49,0.7,2,3,5,5,46.3,53.7,2,5,0,0,6,4
2022-09-02,Bohemians,Shamrock Rovers,1,0,4.16,3.48,1.84,4.3,3.64,1.92,Premier Division,,20220902_Bohemians_Shamrock-Rovers,-193.58986975306925,0.8,0.99,2,2,2,3,42.1,57.9,0,1,0,0,3,4
2022-09-02,Derry City,UC Dublin,3,0,1.16,7.08,14.31,1.18,7.98,15.29,Premier Division,,20220902_Derry-City_UC-Dublin,240.3971126157444,2.17,1.03,8,2,18,5,48.8,51.2,3,0,0,0,13,8
2022-09-02,Dundalk,Shelbourne,0,0,1.81,3.38,4.53,1.83,3.54,4.97,Premier Division,,20220902_Dundalk_Shelbourne,124.33607591752298,0.05,1.28,0,5,1,10,51.1,48.9,1,1,0,0,5,4
2022-09-02,St. Patricks,Finn Harps,2,1,1.36,4.94,7.59,1.35,5.55,9.05,Premier Division,,20220902_St.-Patricks_Finn-Harps,170.7938560031023,1.37,1.17,4,3,8,7,54.3,45.7,4,1,0,0,4,5
2022-09-03,Sligo Rovers,Drogheda,2,0,1.71,3.71,4.69,1.67,4.08,5.4,Premier Division,,20220903_Sligo-Rovers_Drogheda,43.351190906665806,0.73,0.05,3,0,8,0,55.7,44.3,4,3,0,0,5,7
2022-09-09,Derry City,Bohemians,1,0,1.56,4.02,5.46,1.6,4.24,5.83,Premier Division,,20220909_Derry-City_Bohemians,71.4129622929504,1.7,0.71,4,2,9,5,58.1,41.9,0,1,0,1,2,3
2022-09-09,Drogheda,St. Patricks,0,2,4.8,4.01,1.64,5.13,4.37,1.65,Premier Division,,20220909_Drogheda_St.-Patricks,-116.43428344827885,0.54,0.49,3,3,5,8,44.4,55.6,1,2,0,0,4,6
2022-09-09,Shelbourne,Sligo Rovers,0,2,2.7,3.01,2.71,2.97,3.09,2.73,Premier Division,,20220909_Shelbourne_Sligo-Rovers,-64.06259328824194,0.05,2.0,0,5,0,10,48.3,51.7,4,1,0,0,1,3
2022-09-09,UC Dublin,Dundalk,3,2,5.72,4.08,1.53,6.18,4.4,1.56,Premier Division,,20220909_UC-Dublin_Dundalk,-230.9790472868301,1.88,1.12,7,3,16,6,46.1,53.9,1,3,0,0,6,6
2022-09-11,Shamrock Rovers,Finn Harps,5,1,1.24,5.8,11.38,1.26,6.13,12.51,Premier Division,,20220911_Shamrock-Rovers_Finn-Harps,288.90610798729927,1.57,1.67,5,4,9,8,60.5,39.5,1,2,0,0,2,6
2022-09-13,Derry City,Sligo Rovers,1,0,1.49,4.11,6.29,1.5,4.35,7.45,Premier Division,,20220913_Derry-City_Sligo-Rovers,70.82594688791073,0.17,0.68,1,1,0,2,50.4,49.6,1,1,0,0,3,4
2022-09-22,Shelbourne,Shamrock Rovers,0,0,4.67,3.28,1.81,5.25,3.44,1.82,Premier Division,,20220922_Shelbourne_Shamrock-Rovers,-234.80491730270614,1.36,1.19,5,3,10,6,41.1,58.9,0,2,0,0,6,4
2022-09-24,Finn Harps,Bohemians,0,2,2.59,3.28,2.62,2.68,3.4,2.77,Premier Division,,20220924_Finn-Harps_Bohemians,-125.71444512844505,0.66,2.01,1,6,5,14,41.4,58.6,1,0,0,0,6,5
2022-09-26,Shamrock Rovers,UC Dublin,1,0,1.2,6.36,13.14,1.17,8.0,18.15,Premier Division,,20220926_Shamrock-Rovers_UC-Dublin,313.8315854976579,1.83,0.75,7,4,16,9,59.4,40.6,0,1,0,0,5,3
2022-09-30,Bohemians,UC Dublin,1,0,1.62,3.93,4.98,1.66,4.22,5.2,Premier Division,,20220930_Bohemians_UC-Dublin,161.28007077168513,0.78,0.87,4,3,9,6,57.0,43.0,1,1,1,0,5,7
2022-09-30,Dundalk,Drogheda,2,0,1.61,3.92,5.05,1.62,4.23,5.62,Premier Division,,20220930_Dundalk_Drogheda,105.54939773522051,0.63,0.22,2,0,2,0,55.5,44.5,1,1,0,1,0,1
2022-09-30,Finn Harps,Shelbourne,1,1,2.42,3.07,2.99,2.52,3.19,3.15,Premier Division,,20220930_Finn-Harps_Shelbourne,-76.65357004224643,1.16,0.37,2,2,2,4,50.8,49.2,2,0,0,0,6,3
2022-09-30,St. Patricks,Derry City,0,1,2.93,3.11,2.43,3.1,3.24,2.53,Premier Division,,20220930_St.-Patricks_Derry-City,-30.040307503027407,0.82,1.96,3,7,6,17,50.1,49.9,1,1,0,0,7,9
2022-10-01,Sligo Rovers,Shamrock Rovers,1,3,4.37,3.36,1.83,4.63,3.54,1.85,Premier Division,,20221001_Sligo-Rovers_Shamrock-Rovers,-157.02496344612246,1.09,1.74,4,5,11,11,43.0,57.0,1,2,0,1,6,10
2022-10-03,Shelbourne,St. Patricks,4,4,3.25,2.97,2.33,3.37,3.06,2.48,Premier Division,,20221003_Shelbourne_St.-Patricks,-118.6343098391419,2.67,0.97,5,4,9,10,42.8,57.2,2,1,1,0,5,7
2022-10-07,Bohemians,Drogheda,0,1,1.67,3.88,4.68,1.66,4.15,5.14,Premier Division,,20221007_Bohemians_Drogheda,85.68305259248564,1.07,1.16,3,4,6,9,59.3,40.7,0,1,0,0,2,4
2022-10-07,Derry City,Finn Harps,3,0,1.24,5.76,11.5,1.23,6.49,13.42,Premier Division,,20221007_Derry-City_Finn-Harps,242.04746467261248,0.91,1.0,5,4,13,11,52.8,47.2,0,1,0,0,7,10
2022-10-07,Dundalk,St. Patricks,1,2,2.53,3.25,2.71,2.65,3.32,2.82,Premier Division,,20221007_Dundalk_St.-Patricks,-3.757085686366054,0.73,1.94,4,5,8,11,51.1,48.9,0,1,0,0,8,5
2022-10-07,UC Dublin,Sligo Rovers,0,2,3.79,3.39,1.95,4.12,3.51,1.97,Premier Division,,20221007_UC-Dublin_Sligo-Rovers,-163.45725533739778,1.46,1.05,4,3,9,6,43.7,56.3,2,2,0,0,7,4
2022-10-09,Shamrock Rovers,Shelbourne,3,2,1.49,3.86,6.98,1.53,4.03,7.38,Premier Division,,20221009_Shamrock-Rovers_Shelbourne,229.63709782400406,1.66,1.65,6,4,12,9,53.9,46.1,4,0,0,0,13,7
2022-10-14,Finn Harps,Dundalk,1,2,3.27,3.31,2.15,3.49,3.46,2.18,Premier Division,,20221014_Finn-Harps_Dundalk,-175.27746925258225,1.25,1.52,5,4,11,7,44.8,55.2,1,0,0,0,5,7
2022-10-14,St. Patricks,Bohemians,3,1,1.47,4.22,6.5,1.47,4.45,7.52,Premier Division,,20221014_St.-Patricks_Bohemians,67.31971329468956,1.49,0.97,6,5,14,10,55.0,45.0,0,1,0,0,6,7
2022-10-16,Drogheda,Shamrock Rovers,1,1,7.71,4.57,1.38,8.21,4.82,1.41,Premier Division,,20221016_Drogheda_Shamrock-Rovers,-235.2764085763322,1.44,0.32,4,1,9,4,39.9,60.1,0,2,0,0,6,3
2022-10-21,Bohemians,Finn Harps,2,2,2.05,3.4,3.44,2.1,3.5,3.69,Premier Division,,20221021_Bohemians_Finn-Harps,132.16411108651937,0.44,2.03,2,6,4,14,54.7,45.3,3,2,0,0,7,8
2022-10-21,Derry City,Shelbourne,1,1,1.37,4.36,8.83,1.39,4.55,10.0,Premier Division,,20221021_Derry-City_Shelbourne,176.48441142230376,0.99,1.54,3,5,9,10,48.0,52.0,2,6,0,0,4,1
2022-10-21,Dundalk,Sligo Rovers,3,3,1.93,3.37,3.9,1.95,3.52,4.2,Premier Division,,20221021_Dundalk_Sligo-Rovers,36.01533637331204,1.92,1.36,5,5,10,11,51.7,48.3,1,1,0,0,9,5
2022-10-21,Shamrock Rovers,St. Patricks,4,1,1.92,3.43,3.88,1.97,3.52,4.12,Premier Division,,20221021_Shamrock-Rovers_St.-Patricks,95.29555227840751,2.38,0.05,8,1,18,3,53.6,46.4,1,2,0,0,10,2
2022-10-21,UC Dublin,Drogheda,2,1,2.98,3.46,2.23,3.07,3.8,2.25,Premier Division,,20221021_UC-Dublin_Drogheda,-117.90705030774666,1.45,1.12,3,2,6,6,40.1,59.9,1,2,0,0,4,5
2022-10-24,Shelbourne,UC Dublin,1,1,1.41,4.24,8.1,1.43,4.4,9.02,Premier Division,,20221024_Shelbourne_UC-Dublin,96.06339810800046,1.07,1.02,4,1,9,2,52.8,47.2,2,1,0,0,3,2
2022-10-24,Sligo Rovers,Derry City,0,0,5.48,3.76,1.61,6.19,4.0,1.6,Premier Division,,20221024_Sligo-Rovers_Derry-City,-99.05927280375931,1.0,1.05,2,2,4,5,39.2,60.8,0,2,0,0,4,2
2022-10-28,Dundalk,Bohemians,2,1,1.71,3.78,4.53,1.72,3.97,4.89,Premier Division,,20221028_Dundalk_Bohemians,59.05514834663836,0.05,0.79,2,2,4,6,46.3,53.7,5,0,0,0,4,6
2022-10-28,Finn Harps,UC Dublin,1,3,1.9,3.43,3.92,1.94,3.57,4.15,Premier Division,,20221028_Finn-Harps_UC-Dublin,10.042500040552795,0.84,0.58,2,3,4,6,55.1,44.9,4,3,0,0,6,7
2022-10-28,Shelbourne,Drogheda,6,0,1.58,3.86,5.57,1.56,4.18,6.43,Premier Division,,20221028_Shelbourne_Drogheda,6.766299840465081,2.21,1.47,6,6,13,14,49.4,50.6,1,3,0,0,14,4
2022-10-28,Sligo Rovers,St. Patricks,1,0,4.19,3.54,1.82,4.59,3.75,1.81,Premier Division,,20221028_Sligo-Rovers_St.-Patricks,-53.44429156286583,2.07,0.32,6,1,14,5,47.3,52.7,1,3,0,0,7,4
2022-10-30,Shamrock Rovers,Derry City,1,0,2.79,3.1,2.58,2.99,3.26,2.56,Premier Division,,20221030_Shamrock-Rovers_Derry-City,73.92123409832789,0.47,0.59,1,1,4,2,55.2,44.8,0,3,0,0,4,4
2022-11-06,Bohemians,Sligo Rovers,3,1,2.12,3.31,3.33,2.12,3.5,3.62,Premier Division,,20221106_Bohemians_Sligo-Rovers,-52.66158960648363,0.99,0.69,4,3,9,5,49.0,51.0,2,3,0,0,4,7
2022-11-06,Derry City,Dundalk,0,1,1.35,4.67,8.28,1.37,4.97,9.32,Premier Division,,20221106_Derry-City_Dundalk,42.726901973513804,0.05,0.88,0,3,0,5,54.3,45.7,1,4,0,0,2,6
2022-11-06,Drogheda,Finn Harps,2,0,2.14,3.48,3.14,2.19,3.66,3.29,Premier Division,,20221106_Drogheda_Finn-Harps,73.36328627758735,1.01,1.01,4,3,10,8,58.2,41.8,2,0,0,0,7,5
2022-11-06,St. Patricks,Shelbourne,4,0,2.24,3.24,3.15,2.34,3.24,3.36,Premier Division,,20221106_St.-Patricks_Shelbourne,100.59853225663596,1.37,0.97,4,4,9,7,50.9,49.1,0,2,0,0,8,6
2022-11-06,UC Dublin,Shamrock Rovers,0,2,13.85,6.4,1.19,16.32,7.06,1.19,Premier Division,,20221106_UC-Dublin_Shamrock-Rovers,-325.7989530363418,0.75,0.91,3,2,5,4,35.6,64.4,0,1,0,1,3,5
2022-11-11,UC Dublin,Waterford,1,0,3.6,3.49,1.93,,,,Premier Division,,20221111_UC-Dublin_Waterford,-89.9876391695102,0.93,0.27,3,0,8,1,43.2,56.8,1,1,1,0,2,3
2023-02-17,Cork City,Bohemians,1,2,2.82,3.19,2.49,2.98,3.34,2.52,Premier Division,,20230217_Cork-City_Bohemians,-119.82927422582588,0.05,1.15,1,5,2,10,43.2,56.8,1,0,0,0,1,5
2023-02-17,Dundalk,UC Dublin,1,1,1.24,5.63,11.44,1.27,5.8,12.95,Premier Division,,20230217_Dundalk_UC-Dublin,191.79929454109697,1.12,0.71,2,3,3,8,64.6,35.4,1,2,0,0,3,2
2023-02-17,Shelbourne,Drogheda,0,0,1.6,3.76,5.6,1.62,4.01,5.86,Premier Division,,20230217_Shelbourne_Drogheda,12.176439092730106,0.09,1.49,0,6,0,12,45.4,54.6,0,1,0,0,4,6
2023-02-17,St. Patricks,Derry City,1,1,3.06,3.19,2.32,3.28,3.28,2.36,Premier Division,,20230217_St.-Patricks_Derry-City,-21.21083765306298,1.49,1.54,5,4,8,10,48.7,51.3,3,3,1,0,4,5
2023-02-18,Sligo Rovers,Shamrock Rovers,1,1,5.46,3.65,1.63,5.66,3.78,1.68,Premier Division,,20230218_Sligo-Rovers_Shamrock-Rovers,-178.96549242440165,0.86,1.72,2,6,5,11,42.1,57.9,0,1,0,0,3,5
2023-02-24,Bohemians,Dundalk,2,1,2.3,3.14,3.13,2.35,3.25,3.33,Premier Division,,20230224_Bohemians_Dundalk,-64.63538017670021,1.97,0.7,5,3,10,5,49.4,50.6,1,2,0,0,5,4
2023-02-24,Derry City,Cork City,2,0,1.36,4.6,8.31,1.4,4.77,8.79,Premier Division,,20230224_Derry-City_Cork-City,221.58358467110952,1.44,0.54,4,0,10,1,60.9,39.1,2,1,0,0,5,3
2023-02-24,Drogheda,Shamrock Rovers,1,1,7.04,4.51,1.42,7.11,4.83,1.45,Premier Division,,20230224_Drogheda_Shamrock-Rovers,-254.66612425359585,0.89,1.42,4,2,8,4,39.6,60.4,1,0,0,0,11,2
2023-02-24,St. Patricks,Shelbourne,1,0,2.01,3.17,3.89,2.06,3.3,4.08,Premier Division,,20230224_St.-Patricks_Shelbourne,118.98940480231158,1.25,1.58,5,7,11,15,58.0,42.0,0,2,0,0,4,6
2023-02-24,UC Dublin,Sligo Rovers,2,3,5.55,3.72,1.61,6.09,4.01,1.6,Premier Division,,20230224_UC-Dublin_Sligo-Rovers,-137.83523298507293,1.07,1.42,4,3,8,7,44.3,55.7,1,2,1,0,4,7
2023-03-03,Cork City,UC Dublin,4,0,1.56,3.88,5.63,1.58,4.17,6.06,Premier Division,,20230303_Cork-City_UC-Dublin,-18.515495449400305,1.44,1.08,4,4,9,8,50.8,49.2,1,0,0,0,9,4
2023-03-03,Drogheda,Sligo Rovers,1,0,3.13,3.28,2.23,3.27,3.41,2.3,Premier Division,,20230303_Drogheda_Sligo-Rovers,-87.0501670887561,1.16,1.28,4,3,9,8,45.5,54.5,1,2,0,0,5,5
2023-03-03,Dundalk,St. Patricks,5,0,2.78,3.1,2.56,2.91,3.18,2.68,Premier Division,,20230303_Dundalk_St.-Patricks,-23.58642626703545,1.49,0.42,5,2,13,7,48.9,51.1,3,2,0,0,11,7
2023-03-03,Shamrock Rovers,Derry City,1,2,2.52,3.07,2.85,2.65,3.16,2.96,Premier Division,,20230303_Shamrock-Rovers_Derry-City,91.85545387587672,1.44,1.05,5,2,11,6,49.0,51.0,0,2,0,0,3,5
2023-03-03,Shelbourne,Bohemians,1,0,2.45,2.98,3.04,2.58,3.03,3.16,Premier Division,,20230303_Shelbourne_Bohemians,-75.26911642631876,0.05,0.29,1,2,1,4,44.9,55.1,2,1,0,0,3,2
2023-03-06,Bohemians,Drogheda,3,1,1.63,3.84,5.06,1.68,4.04,5.22,Premier Division,,20230306_Bohemians_Drogheda,41.557352212720616,1.25,0.13,3,1,6,2,52.2,47.8,1,1,0,1,3,2
2023-03-06,Dundalk,Shelbourne,2,1,2.31,2.96,3.28,2.39,3.08,3.44,Premier Division,,20230306_Dundalk_Shelbourne,109.74406378649473,0.8,1.81,2,6,5,12,56.9,43.1,1,3,0,0,4,6
2023-03-06,Shamrock Rovers,Cork City,4,4,1.42,4.38,7.08,1.45,4.62,7.48,Premier Division,,20230306_Shamrock-Rovers_Cork-City,296.1783912548776,1.41,0.93,5,4,9,9,65.5,34.5,6,0,0,0,4,5
2023-03-06,Sligo Rovers,St. Patricks,2,1,2.71,3.16,2.57,2.77,3.32,2.7,Premier Division,,20230306_Sligo-Rovers_St.-Patricks,-45.95179314975644,0.83,0.77,4,1,7,2,42.5,57.5,2,1,0,0,4,3
2023-03-06,UC Dublin,Derry City,0,4,8.86,4.96,1.32,9.51,5.14,1.35,Premier Division,,20230306_UC-Dublin_Derry-City,-241.28657063142714,0.05,1.69,0,5,1,9,34.7,65.3,3,5,0,0,2,7
2023-03-10,Derry City,Dundalk,0,0,1.67,3.55,5.17,1.69,3.72,5.6,Premier Division,,20230310_Derry-City_Dundalk,39.27586557510767,0.31,0.8,4,3,8,8,47.9,52.1,1,1,0,0,6,4
2023-03-10,Shelbourne,Shamrock Rovers,0,0,4.08,3.1,1.97,4.24,3.18,2.07,Premier Division,,20230310_Shelbourne_Shamrock-Rovers,-214.23757463331322,0.82,0.51,4,2,8,7,47.6,52.4,2,0,0,0,6,5
2023-03-10,St. Patricks,Bohemians,0,2,2.34,3.13,3.06,2.43,3.25,3.19,Premier Division,,20230310_St.-Patricks_Bohemians,37.40474708777674,0.62,0.97,1,3,3,8,47.1,52.9,2,1,0,0,2,2
2023-03-10,UC Dublin,Drogheda,0,1,4.08,3.55,1.83,4.35,3.66,1.88,Premier Division,,20230310_UC-Dublin_Drogheda,-87.53614359451467,0.63,1.31,2,3,5,6,46.4,53.6,0,2,0,0,1,2
2023-03-11,Sligo Rovers,Cork City,2,2,2.21,3.17,3.27,2.32,3.31,3.34,Premier Division,,20230311_Sligo-Rovers_Cork-City,148.98486453657688,0.21,0.36,2,2,3,5,56.0,44.0,1,1,0,0,3,4
2023-03-16,Drogheda,Dundalk,0,1,2.99,3.23,2.32,3.12,3.42,2.38,Premier Division,,20230316_Drogheda_Dundalk,-116.36592038848448,1.04,0.42,2,1,5,1,46.3,53.7,3,1,0,0,3,3
2023-03-17,Bohemians,UC Dublin,2,1,1.24,5.59,11.38,1.25,5.99,12.82,Premier Division,,20230317_Bohemians_UC-Dublin,172.56237224828965,1.45,1.6,6,6,12,14,55.6,44.4,1,3,0,0,6,9
2023-03-17,Cork City,Shelbourne,0,2,2.88,2.97,2.57,2.98,3.1,2.67,Premier Division,,20230317_Cork-City_Shelbourne,-67.0575766226059,0.53,0.21,0,2,0,3,46.6,53.4,5,1,0,0,0,3
2023-03-17,Derry City,Sligo Rovers,1,1,1.54,3.83,6.16,1.58,4.04,6.42,Premier Division,,20230317_Derry-City_Sligo-Rovers,85.52205139888792,0.38,0.38,2,1,5,2,52.8,47.2,5,1,0,0,4,4
2023-03-17,Shamrock Rovers,St. Patricks,2,2,1.61,3.75,5.35,1.64,3.99,5.68,Premier Division,,20230317_Shamrock-Rovers_St.-Patricks,118.48266592554887,1.95,0.62,6,2,12,7,50.7,49.3,0,5,0,0,6,5
2023-03-31,Cork City,Drogheda,1,1,2.17,3.29,3.26,2.23,3.52,3.34,Premier Division,,20230331_Cork-City_Drogheda,-73.45037516010507,1.07,0.84,2,1,6,1,46.3,53.7,2,2,0,0,4,2
2023-03-31,Dundalk,Shamrock Rovers,0,4,4.63,3.64,1.72,4.74,3.95,1.75,Premier Division,,20230331_Dundalk_Shamrock-Rovers,-67.83047700428733,0.69,1.44,2,4,4,8,48.2,51.8,1,3,0,0,0,6
2023-03-31,Shelbourne,Derry City,0,1,3.57,2.92,2.22,3.74,3.06,2.28,Premier Division,,20230331_Shelbourne_Derry-City,-145.13761842824192,0.53,1.34,2,5,5,12,45.0,55.0,2,1,0,0,2,5
2023-03-31,St. Patricks,UC Dublin,3,0,1.3,5.17,9.14,1.31,5.72,10.07,Premier Division,,20230331_St.-Patricks_UC-Dublin,193.8199125599806,1.84,0.31,6,2,14,4,55.4,44.6,6,2,0,0,11,6
2023-04-01,Sligo Rovers,Bohemians,0,1,2.9,3.08,2.46,2.99,3.18,2.61,Premier Division,,20230401_Sligo-Rovers_Bohemians,-3.1205267324512533,1.34,1.76,3,6,7,15,41.4,58.6,1,1,0,1,6,10
2023-04-07,Bohemians,Shamrock Rovers,0,2,3.73,3.29,2.0,4.13,3.54,1.96,Premier Division,,20230407_Bohemians_Shamrock-Rovers,-116.68114932368212,0.16,1.41,0,4,0,11,40.1,59.9,1,3,0,0,1,4
2023-04-07,Derry City,Drogheda,0,1,1.34,4.76,8.8,1.35,5.23,9.62,Premier Division,,20230407_Derry-City_Drogheda,167.92878323693253,1.34,1.47,3,4,7,12,53.6,46.4,2,1,0,0,8,5
2023-04-07,Dundalk,Sligo Rovers,1,2,2.34,3.16,3.03,2.39,3.34,3.17,Premier Division,,20230407_Dundalk_Sligo-Rovers,56.38257288370846,1.22,1.62,3,6,6,14,54.6,45.4,4,4,0,0,3,8
2023-04-07,St. Patricks,Cork City,4,0,1.59,3.83,5.41,1.68,4.0,5.2,Premier Division,,20230407_St.-Patricks_Cork-City,166.7184198732623,1.25,0.66,5,2,10,5,51.6,48.4,0,2,0,0,7,5
2023-04-07,UC Dublin,Shelbourne,0,0,7.25,3.87,1.48,7.94,4.05,1.5,Premier Division,,20230407_UC-Dublin_Shelbourne,-115.67082440121817,1.48,0.24,5,1,11,0,44.5,55.5,3,0,0,0,2,1
2023-04-10,Cork City,Dundalk,1,0,2.26,3.1,3.21,2.3,3.22,3.48,Premier Division,,20230410_Cork-City_Dundalk,-186.59540784669957,1.01,0.75,4,3,10,5,44.4,55.6,0,2,0,1,6,9
2023-04-10,Derry City,Bohemians,0,1,1.63,3.61,5.48,1.64,3.86,6.0,Premier Division,,20230410_Derry-City_Bohemians,62.70584147352906,0.07,0.18,0,1,0,0,53.6,46.4,2,1,0,0,3,0
2023-04-10,Drogheda,St. Patricks,1,3,3.22,3.42,2.11,3.46,3.59,2.15,Premier Division,,20230410_Drogheda_St.-Patricks,-87.52708094805848,0.31,0.78,1,3,1,7,50.6,49.4,1,2,0,0,2,0
2023-04-10,Shamrock Rovers,UC Dublin,3,0,1.05,11.67,33.36,1.03,24.01,48.26,Premier Division,,20230410_Shamrock-Rovers_UC-Dublin,324.2923208425641,1.26,0.9,3,4,7,10,59.6,40.4,2,2,0,0,4,10
2023-04-10,Shelbourne,Sligo Rovers,2,1,2.35,2.91,3.25,2.42,3.03,3.46,Premier Division,,20230410_Shelbourne_Sligo-Rovers,-78.55846189904355,0.88,1.29,2,4,4,10,49.1,50.9,2,1,0,0,0,8
2023-04-14,Bohemians,St. Patricks,2,3,2.27,3.25,3.05,2.34,3.39,3.21,Premier Division,,20230414_Bohemians_St.-Patricks,-11.974769900398769,1.66,1.83,4,6,7,13,51.6,48.4,2,1,0,0,8,6
2023-04-14,Shamrock Rovers,Shelbourne,2,2,1.47,3.92,7.16,1.45,4.28,8.56,Premier Division,,20230414_Shamrock-Rovers_Shelbourne,204.87502892113775,0.98,1.22,3,5,5,11,61.8,38.2,0,0,0,0,5,3
2023-04-14,UC Dublin,Cork City,1,0,4.92,3.7,1.67,5.19,4.02,1.68,Premier Division,,20230414_UC-Dublin_Cork-City,-49.551063619407614,0.09,0.72,1,3,1,8,50.1,49.9,2,0,1,0,1,8
2023-04-15,Sligo Rovers,Drogheda,1,1,1.77,3.53,4.41,1.85,3.63,4.53,Premier Division,,20230415_Sligo-Rovers_Drogheda,59.96076872487015,0.57,1.07,2,3,5,8,59.6,40.4,3,1,0,0,6,8
2023-04-16,Dundalk,Derry City,2,2,4.11,3.24,1.92,4.33,3.38,1.97,Premier Division,,20230416_Dundalk_Derry-City,-42.79034760993795,1.89,1.37,5,4,11,8,50.2,49.8,0,2,0,0,4,3
2023-04-21,Cork City,Derry City,1,3,4.32,3.31,1.85,4.75,3.42,1.88,Premier Division,,20230421_Cork-City_Derry-City,-205.83687067508617,0.88,2.11,4,5,10,10,43.3,56.7,1,0,0,1,4,8
2023-04-21,Drogheda,Bohemians,0,2,2.97,3.12,2.4,3.05,3.21,2.54,Premier Division,,20230421_Drogheda_Bohemians,-79.99367310704997,1.73,1.34,6,5,12,11,42.2,57.8,3,2,0,0,6,5
2023-04-21,Shelbourne,Dundalk,1,1,2.08,3.02,3.82,2.19,3.11,3.9,Premier Division,,20230421_Shelbourne_Dundalk,-69.63747726723273,1.02,1.01,3,2,5,4,58.6,41.4,0,0,0,0,3,6
2023-04-21,St. Patricks,Shamrock Rovers,0,2,3.72,3.47,1.93,3.85,3.7,1.98,Premier Division,,20230421_St.-Patricks_Shamrock-Rovers,-92.0651343445179,0.99,1.99,3,7,7,17,54.5,45.5,2,0,0,0,6,9
2023-04-22,Sligo Rovers,UC Dublin,3,1,1.28,5.04,10.62,1.31,5.4,11.23,Premier Division,,20230422_Sligo-Rovers_UC-Dublin,159.3171045835445,2.16,1.38,7,2,16,2,53.7,46.3,4,0,0,0,9,2
2023-04-28,Derry City,St. Patricks,2,0,1.79,3.49,4.37,1.83,3.66,4.62,Premier Division,,20230428_Derry-City_St.-Patricks,23.90160854284295,0.6,1.15,2,4,5,6,51.7,48.3,0,1,0,0,3,5
2023-04-28,Dundalk,Drogheda,3,2,2.07,3.31,3.46,2.15,3.48,3.56,Premier Division,,20230428_Dundalk_Drogheda,91.59252556577621,1.01,1.07,5,5,12,13,54.2,45.8,2,3,1,0,5,7
2023-04-28,Shamrock Rovers,Sligo Rovers,2,1,1.43,4.32,7.03,1.46,4.5,7.71,Premier Division,,20230428_Shamrock-Rovers_Sligo-Rovers,153.38666472327327,0.69,1.92,3,6,8,14,49.9,50.1,0,2,0,0,4,6
2023-04-28,Shelbourne,Cork City,2,1,2.11,2.98,3.81,2.17,3.05,4.07,Premier Division,,20230428_Shelbourne_Cork-City,104.343706104803,0.87,1.47,5,4,10,9,47.6,52.4,1,1,0,0,5,5
2023-04-28,UC Dublin,Bohemians,1,1,7.7,4.41,1.39,8.64,4.55,1.42,Premier Division,,20230428_UC-Dublin_Bohemians,-199.5894035984752,0.87,1.2,4,5,11,12,42.7,57.3,0,0,0,0,10,9
2023-05-01,Bohemians,Cork City,5,0,1.69,3.55,5.01,1.72,3.71,5.42,Premier Division,,20230501_Bohemians_Cork-City,178.48230025426074,1.65,1.27,5,6,10,13,61.5,38.5,1,2,0,0,6,4
2023-05-01,Derry City,Shamrock Rovers,0,2,2.41,3.08,2.98,2.47,3.16,3.2,Premier Division,,20230501_Derry-City_Shamrock-Rovers,-81.79444170201145,0.99,1.37,3,5,4,11,40.5,59.5,0,3,0,0,1,6
2023-05-01,Drogheda,Shelbourne,1,1,2.75,2.98,2.66,2.82,3.06,2.85,Premier Division,,20230501_Drogheda_Shelbourne,-44.1105234350091,1.17,0.96,4,4,12,9,48.1,51.9,1,4,0,0,10,7
2023-05-01,St. Patricks,Sligo Rovers,0,1,2.2,3.32,3.14,2.3,3.43,3.27,Premier Division,,20230501_St.-Patricks_Sligo-Rovers,39.3821424474786,1.2,0.86,5,3,8,6,50.4,49.6,1,0,1,0,5,3
2023-05-01,UC Dublin,Dundalk,0,2,5.43,3.79,1.6,5.76,4.01,1.63,Premier Division,,20230501_UC-Dublin_Dundalk,-195.30265321559432,0.16,0.47,0,2,2,6,45.5,54.5,3,2,0,0,1,4
2023-05-05,Cork City,St. Patricks,2,3,3.04,3.3,2.27,3.08,3.5,2.36,Premier Division,,20230505_Cork-City_St.-Patricks,-183.47209197533834,0.48,2.39,2,8,5,16,46.2,53.8,2,1,0,0,3,8
2023-05-05,Drogheda,Derry City,0,1,3.94,3.27,1.96,4.18,3.4,2.0,Premier Division,,20230505_Drogheda_Derry-City,-148.77774544242402,1.01,1.71,3,5,7,11,41.8,58.2,0,3,0,0,6,3
2023-05-05,Shamrock Rovers,Bohemians,2,0,1.74,3.52,4.74,1.78,3.69,4.95,Premier Division,,20230505_Shamrock-Rovers_Bohemians,142.96577512211593,0.7,1.13,2,3,4,6,59.0,41.0,0,1,0,0,1,8
2023-05-05,Shelbourne,UC Dublin,1,0,1.31,4.68,10.54,1.33,5.04,11.15,Premier Division,,20230505_Shelbourne_UC-Dublin,134.37500128529177,0.16,1.04,2,5,3,9,59.2,40.8,1,1,0,0,2,5
2023-05-06,Sligo Rovers,Dundalk,0,1,1.77,3.48,4.5,1.81,3.63,4.81,Premier Division,,20230506_Sligo-Rovers_Dundalk,-28.055260487906253,0.16,0.45,2,3,4,7,49.0,51.0,1,4,0,0,1,5
2023-05-12,Bohemians,Derry City,0,1,3.05,3.01,2.44,3.23,3.08,2.51,Premier Division,,20230512_Bohemians_Derry-City,-57.196581424400165,0.6,1.08,1,4,1,9,38.8,61.2,1,3,0,0,7,4
2023-05-12,Dundalk,Cork City,2,1,1.84,3.45,4.2,1.87,3.66,4.4,Premier Division,,20230512_Dundalk_Cork-City,216.0802467861945,1.27,1.06,3,2,7,5,55.7,44.3,0,3,0,0,3,2
2023-05-12,St. Patricks,Drogheda,3,0,1.88,3.66,3.74,1.93,3.9,3.84,Premier Division,,20230512_St.-Patricks_Drogheda,111.74330784444692,0.72,0.25,3,1,8,4,52.6,47.4,3,5,0,0,5,1
2023-05-12,UC Dublin,Shamrock Rovers,0,3,15.8,6.57,1.17,15.82,7.09,1.19,Premier Division,,20230512_UC-Dublin_Shamrock-Rovers,-357.2197877335941,0.05,1.09,0,3,2,4,41.6,58.4,3,5,0,0,2,3
2023-05-13,Sligo Rovers,Shelbourne,0,3,2.26,2.93,3.45,2.36,2.96,3.68,Premier Division,,20230513_Sligo-Rovers_Shelbourne,26.03279468479218,0.98,1.08,3,4,6,9,49.2,50.8,2,3,0,0,6,4
2023-05-15,Derry City,Dundalk,3,0,1.52,3.9,6.39,1.55,4.12,6.73,Premier Division,,20230515_Derry-City_Dundalk,35.79235427513322,2.02,1.17,6,2,14,5,49.3,50.7,0,2,0,0,8,6
2023-05-15,Shamrock Rovers,St. Patricks,3,2,1.56,4.05,5.4,1.58,4.29,5.86,Premier Division,,20230515_Shamrock-Rovers_St.-Patricks,146.21169875302212,1.57,1.77,6,4,12,7,54.6,45.4,0,3,0,0,5,7
2023-05-19,Cork City,Sligo Rovers,1,0,3.3,3.34,2.12,3.37,3.61,2.17,Premier Division,,20230519_Cork-City_Sligo-Rovers,-158.4316760937429,1.28,0.88,5,2,9,4,41.6,58.4,3,2,0,0,3,4
2023-05-19,Derry City,UC Dublin,4,1,1.09,9.09,25.8,1.1,11.44,27.6,Premier Division,,20230519_Derry-City_UC-Dublin,280.33650319318826,2.01,0.58,6,1,14,4,56.2,43.8,2,0,0,0,11,4
2023-05-19,Dundalk,Bohemians,2,2,2.82,3.1,2.52,2.96,3.24,2.58,Premier Division,,20230519_Dundalk_Bohemians,30.720406396651697,2.06,1.2,7,4,15,10,50.3,49.7,1,0,0,0,6,4
2023-05-19,Shamrock Rovers,Drogheda,1,2,1.28,5.37,9.92,1.29,5.89,10.73,Premier Division,,20230519_Shamrock-Rovers_Drogheda,281.72007129167173,1.75,1.39,6,4,13,9,62.1,37.9,1,4,0,1,7,7
2023-05-19,Shelbourne,St. Patricks,0,1,2.64,3.12,2.67,2.73,3.27,2.77,Premier Division,,20230519_Shelbourne_St.-Patricks,-44.07472959866914,1.12,1.7,3,7,5,17,55.3,44.7,1,2,0,0,4,9
2023-05-26,Bohemians,Shelbourne,0,0,2.23,2.97,3.47,2.3,3.04,3.71,Premier Division,,20230526_Bohemians_Shelbourne,38.682748127214154,1.16,0.95,2,2,4,5,52.7,47.3,0,3,0,1,4,4
2023-05-26,Cork City,Shamrock Rovers,1,0,6.19,4.25,1.48,7.3,4.67,1.46,Premier Division,,20230526_Cork-City_Shamrock-Rovers,-325.77451012538836,1.49,0.95,6,4,14,8,38.3,61.7,3,3,0,0,6,4
2023-05-26,Drogheda,UC Dublin,3,1,1.37,4.73,7.51,1.41,4.97,7.74,Premier Division,,20230526_Drogheda_UC-Dublin,112.19847837847487,1.66,0.66,6,2,12,3,58.7,41.3,0,4,0,0,5,1
2023-05-26,St. Patricks,Dundalk,2,1,1.69,3.7,4.73,1.71,3.95,5.01,Premier Division,,20230526_St.-Patricks_Dundalk,-2.240194515848316,0.96,1.24,3,4,6,7,50.2,49.8,3,3,0,0,1,3
2023-05-27,Sligo Rovers,Derry City,1,0,4.33,3.28,1.86,4.61,3.37,1.92,Premier Division,,20230527_Sligo-Rovers_Derry-City,-136.05729407008425,1.12,1.59,3,5,7,13,39.0,61.0,3,0,0,0,4,5
2023-06-02,Bohemians,Sligo Rovers,2,0,2.06,3.22,3.61,2.11,3.32,3.85,Premier Division,,20230602_Bohemians_Sligo-Rovers,27.277430935494294,0.29,0.59,2,1,5,1,45.2,54.8,0,0,0,1,5,2
2023-06-02,Derry City,Shelbourne,0,0,1.51,3.68,7.28,1.52,3.84,8.27,Premier Division,,20230602_Derry-City_Shelbourne,111.85566804551559,0.66,1.74,3,3,9,5,54.3,45.7,2,0,0,0,5,5
2023-06-02,Drogheda,Cork City,0,1,2.16,3.3,3.25,2.22,3.43,3.43,Premier Division,,20230602_Drogheda_Cork-City,71.58033256379895,1.2,0.49,4,1,9,1,48.6,51.4,0,2,0,0,4,3
2023-06-02,Shamrock Rovers,Dundalk,2,0,1.5,4.15,6.01,1.54,4.38,6.21,Premier Division,,20230602_Shamrock-Rovers_Dundalk,119.1694657067003,1.1,0.6,2,2,5,6,59.3,40.7,0,3,1,0,5,1
2023-06-02,UC Dublin,St. Patricks,1,3,12.6,5.82,1.23,14.03,6.12,1.24,Premier Division,,20230602_UC-Dublin_St.-Patricks,-244.02655458263507,0.81,2.02,3,7,8,15,45.9,54.1,2,2,0,0,3,8
2023-06-05,Cork City,Bohemians,2,1,3.14,3.1,2.31,3.24,3.25,2.4,Premier Division,,20230605_Cork-City_Bohemians,-143.75050215224928,0.77,0.73,4,4,10,9,47.1,52.9,1,2,0,0,4,5
2023-06-05,Dundalk,UC Dublin,4,1,1.23,5.82,11.43,1.24,6.27,12.45,Premier Division,,20230605_Dundalk_UC-Dublin,218.80341095596327,1.76,0.21,6,1,11,1,62.2,37.8,4,2,0,0,2,3
2023-06-05,Shelbourne,Drogheda,3,2,2.13,3.2,3.47,2.22,3.3,3.58,Premier Division,,20230605_Shelbourne_Drogheda,57.69973520888652,2.17,1.85,8,6,20,14,56.0,44.0,1,3,0,0,11,9
2023-06-05,Sligo Rovers,Shamrock Rovers,0,3,4.01,3.53,1.85,4.15,3.68,1.92,Premier Division,,20230605_Sligo-Rovers_Shamrock-Rovers,-183.40190889862038,0.81,1.73,0,6,0,13,43.7,56.3,3,1,0,0,3,8
2023-06-05,St. Patricks,Derry City,4,1,3.09,3.2,2.28,3.14,3.39,2.38,Premier Division,,20230605_St.-Patricks_Derry-City,-27.597684313514264,2.29,0.73,10,2,20,7,44.6,55.4,0,1,0,0,9,5
2023-06-09,Cork City,Dundalk,1,2,2.64,3.05,2.72,2.74,3.14,2.86,Premier Division,,20230609_Cork-City_Dundalk,-131.11502881196293,1.14,1.35,3,5,5,10,51.4,48.6,1,0,0,0,2,8
2023-06-09,Derry City,Bohemians,0,0,1.93,3.13,4.23,1.96,3.28,4.56,Premier Division,,20230609_Derry-City_Bohemians,64.78765658104817,0.63,1.05,2,4,5,9,56.9,43.1,2,3,0,1,2,7
2023-06-09,Drogheda,St. Patricks,2,1,3.2,3.45,2.12,3.34,3.58,2.19,Premier Division,,20230609_Drogheda_St.-Patricks,-157.46377144233088,0.73,0.82,2,3,5,7,50.6,49.4,2,2,0,0,2,5
2023-06-09,Shamrock Rovers,UC Dublin,4,0,1.05,12.98,30.1,1.06,16.88,33.19,Premier Division,,20230609_Shamrock-Rovers_UC-Dublin,365.5495185192692,0.81,0.74,4,2,7,4,58.9,41.1,1,0,0,0,8,2
2023-06-09,Shelbourne,Sligo Rovers,1,1,2.29,3.1,3.2,2.4,3.17,3.33,Premier Division,,20230609_Shelbourne_Sligo-Rovers,22.270997950700803,0.95,0.59,1,1,3,3,50.5,49.5,3,2,0,0,3,1
2023-06-23,Bohemians,Shamrock Rovers,2,2,3.42,3.18,2.15,3.58,3.28,2.22,Premier Division,,20230623_Bohemians_Shamrock-Rovers,-157.29589700087422,2.04,1.96,6,6,12,14,44.5,55.5,1,3,0,0,4,7
2023-06-23,Derry City,Cork City,2,0,1.49,3.98,6.66,1.51,4.22,7.21,Premier Division,,20230623_Derry-City_Cork-City,180.60130578724306,1.74,0.96,6,2,13,6,55.2,44.8,0,3,0,0,4,10
2023-06-23,Drogheda,Dundalk,1,2,2.57,3.42,2.54,2.63,3.7,2.62,Premier Division,,20230623_Drogheda_Dundalk,-105.71590613344938,1.65,1.41,6,3,13,6,46.8,53.2,0,1,0,0,4,3
2023-06-23,St. Patricks,Shelbourne,1,0,1.9,3.23,4.23,1.89,3.37,4.77,Premier Division,,20230623_St.-Patricks_Shelbourne,63.38723181436512,1.38,0.72,6,3,12,9,51.0,49.0,0,1,0,0,7,6
2023-06-23,UC Dublin,Sligo Rovers,2,1,7.1,4.28,1.43,7.82,4.45,1.46,Premier Division,,20230623_UC-Dublin_Sligo-Rovers,-173.1342324358045,1.72,0.8,4,1,9,1,44.1,55.9,2,2,0,0,4,2
2023-06-26,Dundalk,St. Patricks,1,1,2.6,3.45,2.51,2.74,3.54,2.59,Premier Division,,20230626_Dundalk_St.-Patricks,-18.936198792715913,0.73,1.07,4,5,10,12,56.2,43.8,2,3,0,0,4,6
2023-06-26,Shamrock Rovers,Derry City,1,0,2.01,3.29,3.73,2.05,3.39,3.98,Premier Division,,20230626_Shamrock-Rovers_Derry-City,85.5733883681794,1.02,1.01,5,2,9,6,57.0,43.0,2,1,0,0,6,1
2023-06-30,Cork City,Drogheda,1,1,2.36,3.29,2.9,2.43,3.45,3.02,Premier Division,,20230630_Cork-City_Drogheda,-38.5607911880777,1.15,1.12,2,1,5,4,51.8,48.2,1,5,0,0,3,3
2023-06-30,Dundalk,Shamrock Rovers,2,0,3.48,3.44,2.03,3.44,3.53,2.18,Premier Division,,20230630_Dundalk_Shamrock-Rovers,-125.97131166009603,2.25,0.41,7,1,14,5,42.1,57.9,5,3,1,0,5,5
2023-06-30,Shelbourne,Derry City,1,1,3.43,2.91,2.29,3.63,3.01,2.35,Premier Division,,20230630_Shelbourne_Derry-City,-86.96615068339088,1.56,0.23,4,2,10,4,48.9,51.1,1,1,0,0,3,3
2023-06-30,Sligo Rovers,Bohemians,3,1,2.77,3.06,2.61,2.87,3.1,2.77,Premier Division,,20230630_Sligo-Rovers_Bohemians,-62.95540592409702,1.42,0.88,4,3,10,7,46.6,53.4,2,3,0,0,9,3
2023-06-30,St. Patricks,UC Dublin,7,0,1.12,8.29,17.97,1.13,9.6,19.78,Premier Division,,20230630_St.-Patricks_UC-Dublin,248.90786544243588,2.62,0.17,7,1,17,3,56.9,43.1,1,3,0,0,7,5
2023-07-07,Bohemians,Dundalk,3,2,2.19,3.34,3.15,2.23,3.44,3.4,Premier Division,,20230707_Bohemians_Dundalk,-60.568556301931494,1.47,1.12,4,4,10,8,50.4,49.6,1,1,0,0,6,6
2023-07-07,Derry City,Sligo Rovers,2,1,1.69,3.51,5.11,1.71,3.64,5.62,Premier Division,,20230707_Derry-City_Sligo-Rovers,98.30229504629983,0.05,1.76,2,5,2,12,54.6,45.4,3,2,0,0,3,10
2023-07-07,Drogheda,Shamrock Rovers,0,0,3.86,3.52,1.89,4.17,3.64,1.92,Premier Division,,20230707_Drogheda_Shamrock-Rovers,-234.41197272089744,1.0,1.2,4,3,8,7,43.2,56.8,1,0,0,0,3,5
2023-07-07,St. Patricks,Cork City,1,1,1.41,4.55,7.11,1.43,4.77,7.66,Premier Division,,20230707_St.-Patricks_Cork-City,182.77163340592938,0.6,0.68,1,2,1,4,53.5,46.5,2,0,0,0,3,5
2023-07-07,UC Dublin,Shelbourne,0,4,10.99,5.02,1.29,11.06,5.11,1.33,Premier Division,,20230707_UC-Dublin_Shelbourne,-174.07101641229156,1.45,1.04,4,4,10,9,40.7,59.3,2,3,0,0,6,5
2023-07-14,Shelbourne,Bohemians,1,1,2.6,2.85,2.97,2.76,2.89,3.08,Premier Division,,20230714_Shelbourne_Bohemians,-25.058444963472766,1.05,0.63,2,2,5,5,47.1,52.9,2,0,0,0,5,5
2023-07-14,UC Dublin,Drogheda,1,3,7.62,4.64,1.38,7.94,4.95,1.41,Premier Division,,20230714_UC-Dublin_Drogheda,-124.79351685690972,0.59,1.29,2,3,3,9,43.7,56.3,2,2,1,0,4,5
2023-07-15,Sligo Rovers,Cork City,3,0,2.0,3.3,3.7,2.06,3.41,3.93,Premier Division,,20230715_Sligo-Rovers_Cork-City,66.98512675157122,2.01,0.84,6,3,14,8,50.6,49.4,0,1,0,0,5,4
2023-07-28,Bohemians,UC Dublin,2,0,1.11,8.72,19.11,1.13,9.39,19.46,Premier Division,,20230728_Bohemians_UC-Dublin,219.02153158798978,2.05,0.53,5,1,10,1,60.3,39.7,2,1,0,0,5,3
2023-07-28,Cork City,Shelbourne,0,2,3.21,2.99,2.34,3.43,3.03,2.43,Premier Division,,20230728_Cork-City_Shelbourne,-109.92248840529123,0.39,0.05,0,2,4,3,54.4,45.6,1,3,0,0,2,4
2023-07-28,Drogheda,Sligo Rovers,2,2,2.49,3.22,2.75,2.59,3.34,2.88,Premier Division,,20230728_Drogheda_Sligo-Rovers,-31.657408034697482,0.56,1.07,2,4,4,10,48.9,51.1,1,2,0,0,2,5
2023-08-04,Bohemians,Drogheda,4,2,1.61,3.88,5.15,1.63,4.07,5.62,Premier Division,,20230804_Bohemians_Drogheda,82.70563060787958,1.49,1.18,6,5,14,12,50.6,49.4,3,0,0,0,9,8
2023-08-04,Sligo Rovers,St. Patricks,0,2,3.2,3.41,2.13,3.29,3.53,2.24,Premier Division,,20230804_Sligo-Rovers_St.-Patricks,-95.58552836308536,1.35,1.28,4,5,10,11,44.8,55.2,1,4,0,0,4,3
2023-08-06,Dundalk,Shelbourne,1,1,2.54,3.02,2.84,2.68,3.08,2.98,Premier Division,,20230806_Dundalk_Shelbourne,48.29574495827546,0.33,0.98,1,4,3,9,48.3,51.7,3,0,1,0,2,2
2023-08-06,Shamrock Rovers,Cork City,2,1,1.29,5.15,9.72,1.31,5.51,10.95,Premier Division,,20230806_Shamrock-Rovers_Cork-City,275.5147914244674,1.65,1.43,3,4,4,7,56.3,43.7,2,4,0,0,3,7
2023-08-11,Cork City,UC Dublin,1,1,1.26,5.46,10.67,1.24,6.27,13.46,Premier Division,,20230811_Cork-City_UC-Dublin,78.6647087329593,0.05,1.76,1,6,4,12,52.3,47.7,2,2,0,0,3,2
2023-08-11,Dundalk,Sligo Rovers,1,0,1.73,3.62,4.51,1.78,3.86,4.66,Premier Division,,20230811_Dundalk_Sligo-Rovers,88.34141404134562,0.3,0.05,1,0,0,0,53.4,46.6,0,4,0,1,2,1
2023-08-11,Shelbourne,Shamrock Rovers,1,1,3.45,3.05,2.17,3.81,3.12,2.22,Premier Division,,20230811_Shelbourne_Shamrock-Rovers,-151.36323044114738,2.05,0.58,6,1,14,2,38.2,61.8,0,0,0,0,7,2
2023-08-11,St. Patricks,Bohemians,0,0,2.49,3.4,2.64,2.67,3.46,2.71,Premier Division,,20230811_St.-Patricks_Bohemians,41.939751877792105,0.52,0.37,0,2,2,3,55.1,44.9,3,2,0,0,5,4
2023-08-13,Derry City,Drogheda,3,0,1.47,4.16,6.29,1.5,4.53,6.74,Premier Division,,20230813_Derry-City_Drogheda,145.73595605504852,1.71,1.63,4,5,11,11,50.3,49.7,4,3,1,0,6,5
2023-08-25,Bohemians,Derry City,2,2,2.85,3.09,2.51,2.94,3.22,2.62,Premier Division,,20230825_Bohemians_Derry-City,-50.438630685226826,1.58,1.53,6,4,12,8,43.0,57.0,0,3,0,0,6,10
2023-08-25,Drogheda,Cork City,3,1,2.0,3.44,3.55,2.07,3.48,3.79,Premier Division,,20230825_Drogheda_Cork-City,54.484420192036396,1.46,0.9,5,2,11,4,48.1,51.9,3,0,0,0,5,0
2023-08-25,Shamrock Rovers,Dundalk,1,0,1.52,4.07,5.94,1.54,4.27,6.45,Premier Division,,20230825_Shamrock-Rovers_Dundalk,92.44894959186126,0.99,0.15,1,0,3,0,59.1,40.9,0,1,0,0,5,2
2023-08-25,UC Dublin,St. Patricks,0,1,12.23,6.79,1.19,11.17,7.01,1.23,Premier Division,,20230825_UC-Dublin_St.-Patricks,-276.6446789471538,1.57,0.72,4,2,9,5,40.8,59.2,0,4,0,0,2,4
2023-08-26,Sligo Rovers,Shelbourne,0,1,2.97,3.04,2.45,3.08,3.17,2.55,Premier Division,,20230826_Sligo-Rovers_Shelbourne,-57.293862531432296,0.53,0.2,2,1,2,3,44.4,55.6,1,3,0,0,3,10
2023-09-01,Cork City,Sligo Rovers,3,0,2.54,3.07,2.84,2.65,3.11,2.99,Premier Division,,20230901_Cork-City_Sligo-Rovers,-82.70176244513232,0.72,0.86,3,1,5,3,51.9,48.1,1,2,0,0,2,3
2023-09-01,Drogheda,UC Dublin,3,0,1.33,5.09,8.3,1.32,5.75,9.31,Premier Division,,20230901_Drogheda_UC-Dublin,141.9964004330236,1.76,1.01,7,2,15,3,56.8,43.2,2,3,0,0,10,4
2023-09-01,Dundalk,Derry City,1,3,3.3,3.21,2.19,3.46,3.39,2.22,Premier Division,,20230901_Dundalk_Derry-City,-32.88079142471179,1.78,0.96,7,3,16,8,53.2,46.8,1,1,0,0,9,7
2023-09-01,Shamrock Rovers,Bohemians,3,0,1.93,3.37,3.9,1.94,3.55,4.2,Premier Division,,20230901_Shamrock-Rovers_Bohemians,124.30730785136893,2.01,0.57,4,2,10,4,55.6,44.4,2,1,0,0,6,2
2023-09-01,Shelbourne,St. Patricks,2,1,2.38,3.05,3.08,2.51,3.08,3.23,Premier Division,,20230901_Shelbourne_St.-Patricks,-57.43979872142654,0.05,1.14,2,6,5,13,43.7,56.3,1,3,0,0,4,4
2023-09-06,UC Dublin,Derry City,0,5,17.4,7.89,1.13,19.29,9.01,1.14,Premier Division,,20230906_UC-Dublin_Derry-City,-308.57281893060076,1.11,2.17,5,7,12,16,39.4,60.6,2,2,0,0,4,6
2023-09-15,Derry City,Shamrock Rovers,1,1,2.26,3.12,3.24,2.35,3.07,3.55,Premier Division,,20230915_Derry-City_Shamrock-Rovers,-70.86743521988728,0.89,2.3,3,7,7,14,48.2,51.8,1,3,0,0,5,5
2023-09-16,Sligo Rovers,UC Dublin,2,0,1.21,6.11,12.58,1.23,6.57,12.77,Premier Division,,20230916_Sligo-Rovers_UC-Dublin,145.96906350268864,1.21,0.39,4,2,10,6,61.4,38.6,2,1,0,1,6,2
2023-09-22,Drogheda,Bohemians,0,0,4.35,3.84,1.72,4.72,4.17,1.71,Premier Division,,20230922_Drogheda_Bohemians,-86.1459253918024,0.74,1.17,2,4,4,6,46.4,53.6,1,1,0,0,3,2
2023-09-22,Shelbourne,Cork City,2,1,1.66,3.6,5.33,1.69,3.78,5.52,Premier Division,,20230922_Shelbourne_Cork-City,159.2357508331272,1.86,0.84,7,4,16,12,51.8,48.2,1,2,0,0,10,9
2023-09-22,Sligo Rovers,Derry City,1,0,4.75,3.5,1.75,5.2,3.78,1.72,Premier Division,,20230922_Sligo-Rovers_Derry-City,-164.7311283987799,1.39,0.57,5,3,12,9,36.1,63.9,1,2,0,0,9,1
2023-09-22,St. Patricks,Dundalk,3,1,1.95,3.55,3.6,2.0,3.76,3.74,Premier Division,,20230922_St.-Patricks_Dundalk,24.18725139900812,1.76,1.15,4,4,9,8,47.6,52.4,2,1,0,0,5,4
2023-09-22,UC Dublin,Shamrock Rovers,0,0,31.4,11.23,1.06,36.07,13.66,1.07,Premier Division,,20230922_UC-Dublin_Shamrock-Rovers,-391.2100432319255,0.66,0.48,1,2,1,4,44.2,55.8,0,0,0,0,1,7
2023-09-25,Bohemians,Shelbourne,1,1,2.08,3.27,3.5,2.16,3.42,3.59,Premier Division,,20230925_Bohemians_Shelbourne,-15.561895400451704,0.59,0.42,1,2,3,6,54.0,46.0,1,2,0,0,2,7
2023-09-25,Dundalk,Cork City,5,0,1.8,3.64,4.13,1.83,3.81,4.45,Premier Division,,20230925_Dundalk_Cork-City,160.24576583549106,0.96,1.35,5,2,12,6,50.9,49.1,2,0,0,0,3,4
2023-09-25,St. Patricks,Drogheda,1,2,1.52,4.26,5.56,1.53,4.56,6.04,Premier Division,,20230925_St.-Patricks_Drogheda,129.694339487457,1.94,1.66,5,5,10,12,51.6,48.4,3,7,1,0,5,9
2023-09-29,Bohemians,Sligo Rovers,3,1,1.61,3.91,5.21,1.65,4.0,5.6,Premier Division,,20230929_Bohemians_Sligo-Rovers,73.43811220384077,1.8,1.01,7,3,14,6,54.2,45.8,1,4,0,0,5,3
2023-09-29,Cork City,St. Patricks,0,1,3.42,3.5,2.03,3.55,3.68,2.08,Premier Division,,20230929_Cork-City_St.-Patricks,-197.3095395429168,0.85,2.2,3,5,6,11,38.6,61.4,1,1,0,0,5,8
2023-09-29,Derry City,UC Dublin,6,0,1.04,13.96,36.19,1.04,22.62,40.93,Premier Division,,20230929_Derry-City_UC-Dublin,298.1570525761265,1.52,0.41,6,1,15,3,60.2,39.8,1,2,0,0,8,1
2023-09-29,Dundalk,Drogheda,3,1,1.56,4.2,5.17,1.57,4.41,5.7,Premier Division,,20230929_Dundalk_Drogheda,73.7198148167613,2.16,0.73,7,3,17,6,55.0,45.0,0,2,0,0,10,2
2023-09-29,Shamrock Rovers,Shelbourne,1,0,1.68,3.56,5.08,1.7,3.75,5.45,Premier Division,,20230929_Shamrock-Rovers_Shelbourne,115.83012014823339,1.17,0.06,5,0,10,0,61.5,38.5,1,1,0,0,10,0
2023-10-06,Drogheda,Derry City,0,0,7.75,4.81,1.36,8.51,5.27,1.37,Premier Division,,20231006_Drogheda_Derry-City,-134.412748549433,0.31,1.54,0,3,0,7,46.9,53.1,0,1,0,0,2,2
2023-10-06,Shelbourne,Dundalk,1,0,2.21,3.24,3.22,2.25,3.36,3.42,Premier Division,,20231006_Shelbourne_Dundalk,-12.295873532946644,1.37,0.71,3,3,9,7,46.9,53.1,2,2,0,0,7,3
2023-10-12,UC Dublin,Bohemians,1,2,18.01,8.12,1.12,20.78,9.33,1.13,Premier Division,,20231012_UC-Dublin_Bohemians,-254.6177619470127,1.21,2.49,4,8,8,17,43.3,56.7,2,0,0,0,3,4
2023-10-20,Bohemians,St. Patricks,0,2,1.82,3.69,4.0,1.83,3.79,4.15,Premier Division,,20231020_Bohemians_St.-Patricks,-24.391822901061914,0.9,0.87,1,2,1,4,46.3,53.7,1,0,0,0,4,4
2023-10-20,Derry City,Shelbourne,0,0,1.63,3.62,5.62,1.66,3.71,6.05,Premier Division,,20231020_Derry-City_Shelbourne,37.15769857998089,1.32,1.02,3,3,6,6,53.9,46.1,4,3,0,0,3,3
2023-10-20,Sligo Rovers,Dundalk,0,2,2.32,3.33,2.96,2.38,3.44,3.1,Premier Division,,20231020_Sligo-Rovers_Dundalk,-89.15648197162272,0.59,0.21,1,2,3,3,41.1,58.9,1,2,0,0,1,4
2023-10-22,Shamrock Rovers,Drogheda,5,0,1.16,7.25,14.79,1.17,7.95,16.69,Premier Division,,20231022_Shamrock-Rovers_Drogheda,208.09539585191555,1.38,1.78,5,4,11,9,58.8,41.2,2,0,0,0,2,7
2023-10-22,UC Dublin,Cork City,0,2,5.89,4.09,1.53,5.85,4.2,1.59,Premier Division,,20231022_UC-Dublin_Cork-City,-79.03633481331553,0.83,0.54,2,2,4,5,42.8,57.2,3,2,0,0,3,3
2023-10-23,St. Patricks,Sligo Rovers,1,0,1.54,4.04,5.83,1.59,4.29,5.74,Premier Division,,20231023_St.-Patricks_Sligo-Rovers,141.47899146758027,1.69,1.19,6,3,12,5,56.2,43.8,0,1,0,0,8,3
2023-10-27,Cork City,Derry City,0,1,6.03,3.97,1.53,6.4,4.06,1.57,Premier Division,,20231027_Cork-City_Derry-City,-215.91685004587566,0.77,1.16,3,5,7,11,47.5,52.5,1,0,0,0,5,9
2023-10-27,Dundalk,Bohemians,2,0,3.06,3.58,2.16,3.29,3.91,2.11,Premier Division,,20231027_Dundalk_Bohemians,12.36015300424424,1.01,0.88,2,0,2,2,47.1,52.9,0,2,0,0,1,3
2023-10-27,Shelbourne,UC Dublin,3,2,1.13,7.71,18.03,1.16,8.42,16.16,Premier Division,,20231027_Shelbourne_UC-Dublin,278.9851390650765,1.2,0.95,5,2,10,6,58.9,41.1,2,1,0,0,7,5
2023-10-27,St. Patricks,Shamrock Rovers,0,2,4.68,3.62,1.72,5.0,3.84,1.74,Premier Division,,20231027_St.-Patricks_Shamrock-Rovers,-87.10292074670042,1.16,1.95,4,6,10,13,44.6,55.4,1,1,0,0,6,8
2023-10-28,Sligo Rovers,Drogheda,0,0,1.81,3.57,4.23,1.87,3.66,4.4,Premier Division,,20231028_Sligo-Rovers_Drogheda,-24.0912947055715,0.28,1.19,1,3,2,6,51.0,49.0,3,0,0,0,0,4
2023-10-30,Cork City,Shamrock Rovers,0,0,4.74,3.91,1.65,4.76,4.11,1.71,Premier Division,,20231030_Cork-City_Shamrock-Rovers,-319.717583847362,0.8,0.81,2,2,5,5,42.6,57.4,3,3,0,0,3,2
2023-11-03,Bohemians,Cork City,4,0,1.17,6.88,14.04,1.19,6.94,12.08,Premier Division,,20231103_Bohemians_Cork-City,149.19985680498485,1.62,1.8,4,7,10,15,57.9,42.1,1,3,0,0,7,11
2023-11-03,Derry City,St. Patricks,3,0,1.42,4.42,7.15,1.43,4.78,7.73,Premier Division,,20231103_Derry-City_St.-Patricks,12.156868903661234,1.23,0.8,4,3,9,8,53.4,46.6,2,2,0,0,6,4
2023-11-03,Drogheda,Shelbourne,2,4,4.99,3.74,1.66,5.43,3.93,1.67,Premier Division,,20231103_Drogheda_Shelbourne,-100.09246854080425,0.5,0.59,2,4,5,8,45.8,54.2,0,1,0,0,6,5
2023-11-03,Shamrock Rovers,Sligo Rovers,4,2,1.24,5.67,10.91,1.25,6.24,11.65,Premier Division,,20231103_Shamrock-Rovers_Sligo-Rovers,242.8257767995085,1.64,0.55,4,2,8,3,57.5,42.5,1,1,0,0,3,6
2023-11-03,UC Dublin,Dundalk,1,5,11.64,6.47,1.2,11.09,6.87,1.24,Premier Division,,20231103_UC-Dublin_Dundalk,-289.7248463586111,1.41,2.96,3,9,7,20,39.9,60.1,1,1,0,0,4,8
2023-11-10,Waterford,Cork City,1,1,2.87,3.22,2.38,2.98,3.33,2.45,Premier Division,,20231110_Waterford_Cork-City,67.6375627517325,1.99,1.12,6,3,13,4,57.1,42.9,3,2,0,0,5,1
2024-02-16,Bohemians,Sligo Rovers,2,2,1.97,3.4,3.67,2.04,3.46,3.91,Premier Division,,20240216_Bohemians_Sligo-Rovers,101.62984722226975,1.55,0.75,4,3,8,7,56.6,43.4,2,2,0,0,3,6
2024-02-16,Derry City,Drogheda,2,1,1.3,5.14,8.87,1.33,5.36,10.18,Premier Division,,20240216_Derry-City_Drogheda,156.27163590221744,1.41,0.19,5,1,12,3,56.7,43.3,0,1,0,0,4,0
2024-02-16,Galway,St. Patricks,0,1,2.41,3.37,2.77,2.41,3.49,3.02,Premier Division,,20240216_Galway_St.-Patricks,-123.82502263329911,0.05,1.78,1,6,2,13,47.6,52.4,3,3,0,0,4,7
2024-02-16,Shamrock Rovers,Dundalk,1,1,1.38,4.58,7.6,1.43,4.67,7.91,Premier Division,,20240216_Shamrock-Rovers_Dundalk,118.53362199002459,1.21,1.24,6,3,14,6,47.8,52.2,0,2,0,0,11,3
2024-02-16,Waterford,Shelbourne,1,1,3.51,3.23,2.08,3.73,3.29,2.17,Premier Division,,20240216_Waterford_Shelbourne,-132.43684213566485,1.06,1.72,3,6,8,13,41.0,59.0,2,2,0,0,2,6
2024-02-23,Drogheda,Waterford,1,4,2.62,3.18,2.63,2.76,3.33,2.7,Premier Division,,20240223_Drogheda_Waterford,3.769233796959952,0.46,0.79,1,4,3,8,43.7,56.3,2,1,0,0,2,6
2024-02-23,Dundalk,Galway,0,2,2.23,3.07,3.31,2.35,3.21,3.39,Premier Division,,20240223_Dundalk_Galway,129.96238800795072,1.28,0.86,4,2,7,6,56.2,43.8,2,1,0,0,4,6
2024-02-23,Shelbourne,Shamrock Rovers,2,1,3.64,2.94,2.16,3.68,3.09,2.28,Premier Division,,20240223_Shelbourne_Shamrock-Rovers,-116.84651970903633,1.76,1.25,5,4,11,11,46.1,53.9,2,1,0,0,6,7
2024-02-23,St. Patricks,Bohemians,0,1,2.34,3.27,2.92,2.42,3.38,3.08,Premier Division,,20240223_St.-Patricks_Bohemians,49.18346850157627,1.31,0.17,3,3,8,6,48.3,51.7,3,4,0,0,5,5
2024-02-24,Sligo Rovers,Derry City,0,0,4.01,3.35,1.89,4.38,3.51,1.92,Premier Division,,20240224_Sligo-Rovers_Derry-City,-178.34778857623473,1.49,0.45,4,1,5,3,50.2,49.8,3,1,0,0,4,0
2024-03-01,Derry City,St. Patricks,2,1,1.76,3.37,4.72,1.81,3.47,5.1,Premier Division,,20240301_Derry-City_St.-Patricks,42.37829345201703,2.1,0.64,5,4,11,8,40.1,59.9,0,0,0,0,5,5
2024-03-01,Galway,Waterford,2,1,1.89,3.23,4.17,1.94,3.38,4.48,Premier Division,,20240301_Galway_Waterford,4.102458019695177,2.18,0.45,8,2,17,4,44.6,55.4,1,2,0,0,7,5
2024-03-01,Sligo Rovers,Shelbourne,0,1,3.1,2.93,2.43,3.24,3.09,2.49,Premier Division,,20240301_Sligo-Rovers_Shelbourne,-138.35524060543094,0.71,0.62,4,3,10,6,46.0,54.0,2,4,0,0,6,6
2024-03-04,Drogheda,Bohemians,2,1,3.05,3.43,2.19,3.13,3.6,2.29,Premier Division,,20240304_Drogheda_Bohemians,-112.42326741209149,1.47,0.16,4,1,9,5,47.7,52.3,0,1,0,0,4,3
2024-03-04,Dundalk,Sligo Rovers,0,5,2.17,3.18,3.31,2.26,3.27,3.5,Premier Division,,20240304_Dundalk_Sligo-Rovers,119.83087541781106,0.76,1.65,2,5,4,10,53.4,46.6,2,2,0,0,4,11
2024-03-04,Shamrock Rovers,Derry City,2,2,2.1,3.2,3.48,2.17,3.31,3.7,Premier Division,,20240304_Shamrock-Rovers_Derry-City,45.8709086302365,1.5,0.93,5,3,11,8,47.6,52.4,6,0,0,0,1,3
2024-03-04,Shelbourne,Galway,1,0,2.56,2.96,2.87,2.72,3.1,2.92,Premier Division,,20240304_Shelbourne_Galway,118.96532979992844,1.33,1.35,4,5,8,10,49.2,50.8,2,1,0,0,5,5
2024-03-04,Waterford,St. Patricks,3,1,3.27,3.17,2.21,3.3,3.33,2.32,Premier Division,,20240304_Waterford_St.-Patricks,-115.05544228957706,2.14,0.05,6,1,13,4,44.3,55.7,0,2,0,0,3,5
2024-03-08,Bohemians,Shelbourne,0,2,2.81,3.03,2.59,3.09,3.09,2.59,Premier Division,,20240308_Bohemians_Shelbourne,-66.79132083597801,0.05,1.78,0,5,0,13,47.9,52.1,4,3,0,0,1,6
2024-03-08,Derry City,Waterford,3,0,1.51,3.92,6.39,1.56,4.11,6.6,Premier Division,,20240308_Derry-City_Waterford,164.26125069385216,1.45,1.14,4,2,9,7,59.0,41.0,2,1,0,0,6,4
2024-03-08,Galway,Drogheda,0,0,1.57,3.84,5.61,1.62,4.05,5.83,Premier Division,,20240308_Galway_Drogheda,12.654533871289914,1.18,0.68,3,3,8,8,54.8,45.2,2,2,0,1,6,6
2024-03-08,St. Patricks,Dundalk,1,0,1.85,3.42,4.19,1.92,3.5,4.38,Premier Division,,20240308_St.-Patricks_Dundalk,1.8606674073514569,0.61,1.25,2,4,4,7,44.9,55.1,2,0,0,0,6,3
2024-03-09,Sligo Rovers,Shamrock Rovers,0,0,4.24,3.42,1.83,4.44,3.61,1.88,Premier Division,,20240309_Sligo-Rovers_Shamrock-Rovers,-213.3230181015631,1.4,0.62,5,2,10,5,44.5,55.5,0,0,0,0,8,3
2024-03-15,Bohemians,Derry City,2,1,3.28,3.23,2.19,3.4,3.34,2.28,Premier Division,,20240315_Bohemians_Derry-City,-108.49417622067949,0.93,1.6,3,6,6,14,46.1,53.9,3,2,0,0,3,7
2024-03-15,Dundalk,Waterford,0,0,2.14,3.4,3.21,2.18,3.57,3.4,Premier Division,,20240315_Dundalk_Waterford,76.30428543157086,2.25,0.93,8,4,17,10,51.7,48.3,2,0,1,0,8,4
2024-03-15,Galway,Shamrock Rovers,0,1,3.2,3.23,2.22,3.29,3.42,2.29,Premier Division,,20240315_Galway_Shamrock-Rovers,-196.91559427192215,0.17,1.49,0,5,0,10,45.9,54.1,4,3,0,0,1,6
2024-03-15,St. Patricks,Shelbourne,1,2,2.7,2.92,2.76,2.76,2.98,2.98,Premier Division,,20240315_St.-Patricks_Shelbourne,-53.39353648663791,0.71,1.7,3,5,5,10,44.9,55.1,5,1,0,0,2,5
2024-03-16,Sligo Rovers,Drogheda,3,1,1.75,3.51,4.66,1.79,3.63,4.92,Premier Division,,20240316_Sligo-Rovers_Drogheda,8.499714559677386,2.19,1.15,7,4,14,7,52.5,47.5,2,3,0,0,4,8
2024-03-29,Derry City,Galway,0,1,1.84,3.15,4.68,1.91,3.14,5.01,Premier Division,,20240329_Derry-City_Galway,157.68709143911565,0.83,0.19,3,1,6,3,54.3,45.7,2,2,0,0,2,5
2024-03-29,Drogheda,St. Patricks,0,0,3.4,3.35,2.06,3.57,3.42,2.14,Premier Division,,20240329_Drogheda_St.-Patricks,-105.13576795606082,0.05,1.06,1,5,0,11,49.0,51.0,2,1,0,0,1,5
2024-03-29,Shamrock Rovers,Bohemians,3,1,1.46,4.16,6.57,1.49,4.3,7.07,Premier Division,,20240329_Shamrock-Rovers_Bohemians,128.15105801164646,1.75,0.61,6,1,12,2,61.0,39.0,1,1,0,0,8,2
2024-03-29,Shelbourne,Dundalk,2,1,1.76,3.37,4.75,1.8,3.49,4.99,Premier Division,,20240329_Shelbourne_Dundalk,91.88979541046069,0.65,0.15,2,1,4,1,59.1,40.9,3,2,0,0,1,2
2024-03-29,Waterford,Sligo Rovers,0,1,2.46,2.99,2.97,2.48,3.09,3.21,Premier Division,,20240329_Waterford_Sligo-Rovers,-16.049227305483555,1.0,1.75,2,5,4,11,46.8,53.2,1,3,0,0,5,7
2024-04-01,Dundalk,Drogheda,0,0,2.23,3.34,3.02,2.3,3.43,3.2,Premier Division,,20240401_Dundalk_Drogheda,74.5574141702109,1.3,0.86,2,1,3,2,55.8,44.2,1,4,0,0,2,2
2024-04-01,Galway,Bohemians,0,2,1.76,3.34,4.78,1.74,3.53,5.39,Premier Division,,20240401_Galway_Bohemians,-55.58797108165527,0.6,0.67,3,3,8,7,46.6,53.4,2,0,0,0,2,3
2024-04-01,Shelbourne,Derry City,0,0,3.24,2.85,2.4,3.5,2.85,2.49,Premier Division,,20240401_Shelbourne_Derry-City,29.538658012650103,0.99,0.05,3,0,9,0,52.7,47.3,1,1,0,0,1,1
2024-04-01,St. Patricks,Sligo Rovers,3,0,2.27,3.12,3.17,2.38,3.24,3.22,Premier Division,,20240401_St.-Patricks_Sligo-Rovers,58.25266501981878,2.13,1.4,8,3,16,7,56.7,43.3,2,3,0,0,9,5
2024-04-01,Waterford,Shamrock Rovers,1,2,5.39,3.97,1.56,5.78,4.22,1.62,Premier Division,,20240401_Waterford_Shamrock-Rovers,-229.593872983786,0.62,1.18,1,4,3,7,38.2,61.8,2,1,0,0,5,10
2024-04-05,Bohemians,Waterford,0,1,1.89,3.43,3.88,1.93,3.59,4.08,Premier Division,,20240405_Bohemians_Waterford,101.06376650258812,1.6,1.79,3,5,5,9,56.4,43.6,2,0,0,0,3,6
2024-04-05,Derry City,Dundalk,4,1,1.3,4.68,10.36,1.3,5.14,12.1,Premier Division,,20240405_Derry-City_Dundalk,83.70167684520243,1.56,1.49,4,5,7,9,58.0,42.0,2,0,0,0,2,4
2024-04-05,Drogheda,Shelbourne,2,2,3.46,2.96,2.2,3.71,3.06,2.26,Premier Division,,20240405_Drogheda_Shelbourne,-180.68957651986398,1.21,1.54,3,4,7,7,41.6,58.4,2,0,0,0,10,6
2024-04-05,St. Patricks,Shamrock Rovers,2,1,3.86,3.44,1.9,4.03,3.68,1.92,Premier Division,,20240405_St.-Patricks_Shamrock-Rovers,-127.4462258044905,1.2,0.72,2,2,3,5,44.5,55.5,2,4,0,0,2,2
2024-04-12,Drogheda,Derry City,2,2,5.02,3.31,1.74,5.53,3.51,1.74,Premier Division,,20240412_Drogheda_Derry-City,-156.61716660970728,1.22,1.35,2,4,4,8,41.8,58.2,2,0,0,0,3,5
2024-04-12,Dundalk,St. Patricks,0,0,3.03,3.11,2.34,3.22,3.24,2.38,Premier Division,,20240412_Dundalk_St.-Patricks,-61.4508440013567,0.58,1.63,1,4,3,7,46.4,53.6,2,0,0,1,3,7
2024-04-12,Shamrock Rovers,Sligo Rovers,3,0,1.36,4.71,7.61,1.39,5.06,7.77,Premier Division,,20240412_Shamrock-Rovers_Sligo-Rovers,189.49774442469675,1.83,1.0,5,3,12,7,62.0,38.0,0,4,0,0,6,5
2024-04-12,Shelbourne,Bohemians,1,2,2.06,3.13,3.67,2.14,3.22,3.82,Premier Division,,20240412_Shelbourne_Bohemians,95.98449730295124,1.15,1.56,4,3,12,7,60.2,39.8,1,2,0,0,5,6
2024-04-12,Waterford,Galway,0,0,3.0,3.08,2.37,3.16,3.18,2.45,Premier Division,,20240412_Waterford_Galway,-9.887854642619914,0.29,0.84,2,2,3,7,50.8,49.2,1,1,0,0,3,2
2024-04-15,Bohemians,Dundalk,1,0,1.97,3.24,3.82,2.0,3.36,4.1,Premier Division,,20240415_Bohemians_Dundalk,31.783738554921456,1.37,0.79,5,3,11,9,53.7,46.3,4,3,0,1,9,7
2024-04-19,Bohemians,Drogheda,1,0,1.8,3.46,4.24,1.81,3.53,4.39,Premier Division,,20240419_Bohemians_Drogheda,94.3071892334242,0.23,0.34,1,0,2,0,48.3,51.7,2,1,0,0,3,3
2024-04-19,Derry City,Shamrock Rovers,1,3,2.48,3.12,2.82,2.5,3.22,3.05,Premier Division,,20240419_Derry-City_Shamrock-Rovers,-65.5445565237253,1.91,3.59,5,11,12,20,47.9,52.1,1,0,0,0,2,12
2024-04-19,Galway,Shelbourne,1,0,2.55,2.91,2.92,2.56,3.0,3.18,Premier Division,,20240419_Galway_Shelbourne,-141.4777101475538,1.49,0.64,3,0,6,1,50.1,49.9,3,0,0,0,4,3
2024-04-19,Sligo Rovers,Dundalk,1,1,2.2,3.04,3.37,2.29,3.12,3.55,Premier Division,,20240419_Sligo-Rovers_Dundalk,-30.259994456943105,0.44,2.46,1,9,2,20,44.2,55.8,0,2,0,0,3,8
2024-04-19,St. Patricks,Waterford,1,1,1.77,3.49,4.35,1.79,3.65,4.75,Premier Division,,20240419_St.-Patricks_Waterford,110.63085855306986,0.06,0.34,1,2,3,4,48.6,51.4,3,1,0,0,5,3
2024-04-22,Derry City,St. Patricks,3,1,1.75,3.37,4.71,1.78,3.53,5.08,Premier Division,,20240422_Derry-City_St.-Patricks,31.542635239914944,1.39,0.05,4,1,9,3,49.9,50.1,0,4,0,1,3,4
2024-04-22,Shelbourne,Shamrock Rovers,0,0,3.57,3.19,2.05,3.66,3.31,2.15,Premier Division,,20240422_Shelbourne_Shamrock-Rovers,-89.49685606251569,0.44,0.42,4,1,10,1,50.6,49.4,4,3,0,0,4,4
2024-04-22,Sligo Rovers,Galway,0,0,3.37,3.02,2.2,3.6,3.17,2.24,Premier Division,,20240422_Sligo-Rovers_Galway,-12.579774177176205,1.39,0.89,5,3,11,3,54.3,45.7,1,0,0,0,2,5
2024-04-26,Drogheda,Sligo Rovers,3,1,2.27,3.09,3.09,2.31,3.2,3.41,Premier Division,,20240426_Drogheda_Sligo-Rovers,-20.750155942530455,1.28,0.96,3,3,5,6,45.7,54.3,2,2,0,0,6,8
2024-04-26,Dundalk,Bohemians,2,0,2.67,3.08,2.6,2.68,3.2,2.83,Premier Division,,20240426_Dundalk_Bohemians,-63.45726073795413,1.48,1.16,5,4,9,11,51.1,48.9,3,3,0,0,2,5
2024-04-26,Shamrock Rovers,Galway,1,1,1.7,3.48,4.71,1.77,3.62,4.98,Premier Division,,20240426_Shamrock-Rovers_Galway,195.11801898994918,0.45,0.92,2,1,4,2,56.4,43.6,4,0,0,0,2,3
2024-04-26,Shelbourne,St. Patricks,1,0,2.3,2.97,3.18,2.3,3.03,3.65,Premier Division,,20240426_Shelbourne_St.-Patricks,41.053686230670564,2.4,0.5,10,2,20,7,55.2,44.8,0,2,0,0,13,5
2024-04-26,Waterford,Derry City,0,2,4.1,3.21,1.88,4.35,3.29,1.97,Premier Division,,20240426_Waterford_Derry-City,-145.69314498660015,0.2,1.75,1,5,0,9,37.6,62.4,2,1,0,0,1,7
2024-04-29,Shamrock Rovers,Drogheda,4,0,1.34,4.89,7.51,1.38,5.09,8.09,Premier Division,,20240429_Shamrock-Rovers_Drogheda,208.75359752257395,2.16,1.28,6,3,14,8,53.1,46.9,2,4,0,0,8,0
2024-05-03,Bohemians,Shamrock Rovers,1,1,4.64,3.55,1.7,5.09,3.74,1.72,Premier Division,,20240503_Bohemians_Shamrock-Rovers,-129.2372491917729,0.76,1.31,2,4,2,11,41.0,59.0,1,2,0,0,6,6
2024-05-03,Dundalk,Shelbourne,0,0,3.11,2.94,2.37,3.35,3.02,2.45,Premier Division,,20240503_Dundalk_Shelbourne,-92.06161208648473,1.35,0.26,4,0,9,1,46.2,53.8,0,3,0,0,8,3
2024-05-03,Galway,Derry City,0,0,3.01,3.07,2.34,3.2,3.18,2.43,Premier Division,,20240503_Galway_Derry-City,-125.1198163824763,0.26,0.05,0,0,0,0,46.2,53.8,0,0,0,0,1,0
2024-05-03,Sligo Rovers,Waterford,0,1,2.2,3.09,3.28,2.26,3.17,3.56,Premier Division,,20240503_Sligo-Rovers_Waterford,4.523449994578186,0.49,1.08,0,4,0,9,52.5,47.5,4,1,0,0,1,4
2024-05-03,St. Patricks,Drogheda,1,0,1.79,3.45,4.23,1.83,3.62,4.56,Premier Division,,20240503_St.-Patricks_Drogheda,85.32159940705856,0.33,0.81,1,2,1,5,55.9,44.1,2,2,0,0,2,6
2024-05-06,Bohemians,Galway,0,1,2.51,2.94,2.91,2.63,2.95,3.13,Premier Division,,20240506_Bohemians_Galway,59.33389804077365,0.66,1.08,2,3,5,7,48.5,51.5,2,1,0,0,6,4
2024-05-06,Derry City,Shelbourne,1,1,1.92,2.94,4.55,1.99,2.97,4.95,Premier Division,,20240506_Derry-City_Shelbourne,7.934366073742922,0.88,1.42,2,6,6,11,57.5,42.5,1,5,0,0,5,5
2024-05-06,Drogheda,Dundalk,2,1,2.69,3.1,2.58,2.76,3.24,2.72,Premier Division,,20240506_Drogheda_Dundalk,-67.70916232517084,1.76,0.26,6,2,12,5,45.2,54.8,3,2,0,0,6,1
2024-05-06,Shamrock Rovers,Waterford,1,3,1.38,4.54,7.43,1.39,4.86,8.44,Premier Division,,20240506_Shamrock-Rovers_Waterford,207.08194696076635,1.2,1.58,3,7,6,14,60.4,39.6,2,1,0,0,6,7
2024-05-06,Sligo Rovers,St. Patricks,1,0,3.18,3.08,2.26,3.46,3.16,2.31,Premier Division,,20240506_Sligo-Rovers_St.-Patricks,-105.72205258112376,0.52,0.69,1,2,0,5,43.1,56.9,3,1,0,0,1,1
2024-05-10,Derry City,Bohemians,1,0,1.47,4.05,6.76,1.47,4.3,7.52,Premier Division,,20240510_Derry-City_Bohemians,71.25379662915498,0.81,0.74,2,2,6,6,53.5,46.5,1,2,0,0,5,2
2024-05-10,Galway,Sligo Rovers,0,0,1.79,3.2,4.91,1.79,3.35,5.41,Premier Division,,20240510_Galway_Sligo-Rovers,45.323823269405466,1.5,0.52,5,0,11,0,55.3,44.7,2,3,1,0,4,3
2024-05-10,Shamrock Rovers,St. Patricks,2,2,1.55,3.94,5.68,1.61,3.91,6.02,Premier Division,,20240510_Shamrock-Rovers_St.-Patricks,118.28110589869766,1.14,2.05,4,8,9,17,56.7,43.3,2,0,0,0,3,6
2024-05-10,Shelbourne,Drogheda,1,1,1.65,3.55,5.23,1.68,3.64,5.77,Premier Division,,20240510_Shelbourne_Drogheda,139.5207203922737,0.23,0.05,1,1,2,3,61.9,38.1,1,2,0,0,1,2
2024-05-10,Waterford,Dundalk,4,1,2.29,3.04,3.23,2.36,3.07,3.45,Premier Division,,20240510_Waterford_Dundalk,-17.378682339633315,1.17,1.47,4,6,11,15,45.5,54.5,4,3,0,0,5,6
2024-05-17,Drogheda,Galway,2,3,2.98,3.26,2.31,3.12,3.37,2.38,Premier Division,,20240517_Drogheda_Galway,-38.24651777615259,0.79,1.62,3,7,7,16,48.3,51.7,0,1,0,0,8,6
2024-05-17,Dundalk,Shamrock Rovers,1,0,5.46,4.05,1.55,5.5,4.08,1.62,Premier Division,,20240517_Dundalk_Shamrock-Rovers,-161.54731518449853,1.44,1.61,4,6,9,14,44.9,55.1,2,1,0,0,4,5
2024-05-17,Shelbourne,Waterford,1,0,1.8,3.34,4.53,1.84,3.36,4.97,Premier Division,,20240517_Shelbourne_Waterford,100.63383122957589,0.25,0.37,1,1,1,3,60.8,39.2,0,5,0,0,4,2
2024-05-17,Sligo Rovers,Bohemians,0,3,2.75,3.17,2.52,2.93,3.18,2.62,Premier Division,,20240517_Sligo-Rovers_Bohemians,-65.46894362512103,0.98,1.71,2,6,6,15,45.6,54.4,0,3,0,0,9,6
2024-05-17,St. Patricks,Derry City,0,1,2.82,3.13,2.48,2.9,3.22,2.6,Premier Division,,20240517_St.-Patricks_Derry-City,-78.85434068632208,0.41,1.74,3,7,7,16,36.4,63.6,3,0,0,0,4,9
2024-05-20,Shamrock Rovers,Derry City,1,0,1.91,3.28,4.04,1.97,3.36,4.26,Premier Division,,20240520_Shamrock-Rovers_Derry-City,5.026065249271824,1.23,0.84,4,2,9,5,45.2,54.8,1,1,0,0,9,4
2024-05-20,St. Patricks,Shelbourne,1,2,2.68,2.92,2.77,2.82,2.94,2.92,Premier Division,,20240520_St.-Patricks_Shelbourne,-75.26008869009206,0.73,1.48,2,6,5,12,53.0,47.0,3,3,0,1,2,6
2024-05-23,Waterford,Drogheda,4,2,2.16,3.3,3.2,2.28,3.46,3.2,Premier Division,,20240523_Waterford_Drogheda,31.80187889933154,0.68,1.22,4,3,5,6,58.0,42.0,2,2,0,0,5,4
2024-05-24,Bohemians,St. Patricks,2,2,2.67,3.15,2.59,2.91,3.24,2.59,Premier Division,,20240524_Bohemians_St.-Patricks,16.982692687123972,1.12,1.39,4,5,10,12,52.9,47.1,0,4,0,0,5,9
2024-05-24,Derry City,Sligo Rovers,2,2,1.29,5.0,9.42,1.33,5.18,10.25,Premier Division,,20240524_Derry-City_Sligo-Rovers,163.12960903506496,1.15,1.28,2,4,5,9,57.6,42.4,4,0,0,0,2,6
2024-05-24,Galway,Dundalk,2,0,1.97,3.06,4.1,2.03,3.16,4.3,Premier Division,,20240524_Galway_Dundalk,9.806281249763742,1.98,0.75,8,3,19,6,49.6,50.4,2,0,0,0,8,2
2024-05-24,Shamrock Rovers,Shelbourne,0,2,1.7,3.5,4.87,1.72,3.58,5.47,Premier Division,,20240524_Shamrock-Rovers_Shelbourne,29.650794679100727,0.71,1.29,2,4,4,10,51.3,48.7,1,0,0,0,3,5
2024-05-31,Drogheda,Shamrock Rovers,0,2,4.95,3.97,1.6,5.06,4.12,1.66,Premier Division,,20240531_Drogheda_Shamrock-Rovers,-186.64661037566862,1.44,1.17,4,4,9,10,48.3,51.7,1,1,0,0,6,9
2024-05-31,Dundalk,Derry City,0,0,4.28,3.3,1.84,4.74,3.48,1.84,Premier Division,,20240531_Dundalk_Derry-City,-116.683401839814,0.56,0.77,2,3,5,8,43.8,56.2,1,3,0,0,6,2
2024-05-31,Shelbourne,Sligo Rovers,1,2,1.49,3.85,6.72,1.51,4.04,7.51,Premier Division,,20240531_Shelbourne_Sligo-Rovers,169.925555692653,0.64,1.45,2,5,6,12,66.6,33.4,3,1,0,0,3,4
2024-05-31,St. Patricks,Galway,2,1,2.48,3.06,2.86,2.6,3.13,2.99,Premier Division,,20240531_St.-Patricks_Galway,-5.718802585945241,1.52,1.02,7,3,16,6,49.1,50.9,0,1,0,0,9,4
2024-05-31,Waterford,Bohemians,2,1,2.62,3.16,2.63,2.77,3.25,2.7,Premier Division,,20240531_Waterford_Bohemians,-38.66171774284612,1.2,0.66,6,2,14,5,51.7,48.3,1,5,0,0,12,2
2024-06-03,Derry City,Waterford,3,0,1.48,4.11,6.28,1.49,4.28,7.19,Premier Division,,20240603_Derry-City_Waterford,94.90938649197142,2.32,0.91,8,4,18,8,54.8,45.2,3,4,0,0,12,9
2024-06-03,Sligo Rovers,Drogheda,2,1,2.1,3.22,3.44,2.34,3.32,3.22,Premier Division,,20240603_Sligo-Rovers_Drogheda,36.664888733821726,1.54,0.55,4,2,9,3,51.5,48.5,2,1,0,0,7,3
2024-06-03,St. Patricks,Dundalk,2,3,1.89,3.31,4.08,1.91,3.44,4.41,Premier Division,,20240603_St.-Patricks_Dundalk,35.72264586282972,1.6,1.08,6,3,14,7,52.0,48.0,0,2,0,0,8,2
2024-06-07,Derry City,Galway,2,0,1.87,3.25,4.23,1.9,3.35,4.52,Premier Division,,20240607_Derry-City_Galway,100.66783824423146,1.54,0.91,5,3,10,6,51.3,48.7,0,1,0,0,6,5
2024-06-07,Drogheda,St. Patricks,0,0,3.56,3.44,1.97,3.75,3.62,1.99,Premier Division,,20240607_Drogheda_St.-Patricks,-92.2782504046022,1.57,0.86,3,3,5,4,43.7,56.3,0,2,0,0,6,6
2024-06-07,Shelbourne,Dundalk,1,0,1.78,3.27,4.73,1.83,3.3,5.06,Premier Division,,20240607_Shelbourne_Dundalk,99.43042662811922,2.0,0.05,6,0,12,1,56.0,44.0,3,2,0,0,9,1
2024-06-07,Waterford,Sligo Rovers,4,1,1.91,3.34,3.92,1.93,3.46,4.19,Premier Division,,20240607_Waterford_Sligo-Rovers,16.846213766470328,2.09,1.38,8,4,16,8,52.6,47.4,2,3,0,1,5,1
2024-06-13,Bohemians,Derry City,1,2,3.84,3.25,1.96,4.16,3.34,2.0,Premier Division,,20240613_Bohemians_Derry-City,-100.32567416226516,1.06,2.05,3,7,8,15,40.8,59.2,4,1,0,0,4,10
2024-06-13,Dundalk,Sligo Rovers,1,0,1.82,3.43,4.24,1.8,3.67,4.7,Premier Division,,20240613_Dundalk_Sligo-Rovers,27.6350813351537,0.29,0.78,2,1,6,3,50.7,49.3,3,3,0,0,4,3
2024-06-13,Galway,Drogheda,3,0,1.6,3.79,5.27,1.61,3.98,5.82,Premier Division,,20240613_Galway_Drogheda,75.10004940893646,0.41,0.88,3,3,7,6,52.8,47.2,2,2,0,0,5,3
2024-06-13,St. Patricks,Shamrock Rovers,2,1,4.3,3.82,1.72,4.34,4.04,1.78,Premier Division,,20240613_St.-Patricks_Shamrock-Rovers,-120.43997578235121,0.61,0.05,3,1,6,2,50.2,49.8,2,1,0,0,5,1
2024-06-13,Waterford,Shelbourne,0,1,3.05,3.07,2.36,3.21,3.14,2.45,Premier Division,,20240613_Waterford_Shelbourne,-104.69523219579855,0.89,1.48,3,7,7,18,38.6,61.4,1,1,0,0,2,4
2024-06-28,Derry City,Drogheda,5,1,1.26,5.39,10.37,1.27,5.78,11.77,Premier Division,,20240628_Derry-City_Drogheda,211.0761481538591,2.01,1.75,7,3,16,9,57.6,42.4,3,1,0,0,11,10
2024-06-28,Dundalk,Waterford,0,2,2.43,3.15,2.88,2.5,3.29,2.99,Premier Division,,20240628_Dundalk_Waterford,7.488748408684387,1.34,0.97,3,2,7,6,52.3,47.7,1,1,0,0,4,2
2024-06-28,Shelbourne,Galway,2,0,2.31,2.88,3.4,2.4,2.94,3.55,Premier Division,,20240628_Shelbourne_Galway,111.93102037547374,1.83,0.71,5,2,11,7,52.1,47.9,3,2,0,1,6,7
2024-06-28,Sligo Rovers,Shamrock Rovers,2,0,5.07,4.11,1.57,5.51,4.28,1.58,Premier Division,,20240628_Sligo-Rovers_Shamrock-Rovers,-157.92768277665095,0.85,0.51,3,2,4,2,48.3,51.7,0,1,0,0,5,4
2024-06-28,St. Patricks,Bohemians,0,0,2.17,3.33,3.19,2.2,3.41,3.43,Premier Division,,20240628_St.-Patricks_Bohemians,18.00200213200742,0.57,0.56,3,1,8,0,51.9,48.1,0,1,0,0,3,1
2024-07-04,Drogheda,Shelbourne,1,1,4.58,3.38,1.77,4.78,3.45,1.84,Premier Division,,20240704_Drogheda_Shelbourne,-219.67651603011245,1.55,1.65,5,4,14,11,39.0,61.0,1,1,0,0,7,6
2024-07-04,Galway,Bohemians,1,1,2.16,3.15,3.34,2.27,3.28,3.39,Premier Division,,20240704_Galway_Bohemians,-8.38635489930357,1.21,1.11,5,4,11,7,47.9,52.1,1,3,0,0,8,3
2024-07-04,Shamrock Rovers,Dundalk,1,0,1.34,4.83,8.09,1.36,5.18,8.73,Premier Division,,20240704_Shamrock-Rovers_Dundalk,103.34855506493795,0.54,0.12,2,0,5,0,46.1,53.9,1,0,0,0,3,0
2024-07-04,Sligo Rovers,Derry City,2,1,5.2,3.63,1.64,5.55,3.74,1.68,Premier Division,,20240704_Sligo-Rovers_Derry-City,-157.45304538713253,0.92,1.15,2,4,5,9,47.0,53.0,2,1,0,0,8,7
2024-07-04,Waterford,St. Patricks,1,0,2.64,3.41,2.47,2.66,3.6,2.6,Premier Division,,20240704_Waterford_St.-Patricks,-14.36821661711815,1.23,0.05,3,0,8,0,49.6,50.4,3,5,0,0,4,3
2024-07-12,Bohemians,Sligo Rovers,0,2,1.75,3.75,4.23,1.78,3.91,4.44,Premier Division,,20240712_Bohemians_Sligo-Rovers,17.61725368460725,0.65,1.03,3,2,7,3,51.2,48.8,3,1,0,0,4,2
2024-07-12,Dundalk,Drogheda,4,2,2.19,3.27,3.22,2.21,3.43,3.39,Premier Division,,20240712_Dundalk_Drogheda,69.72222757877512,1.8,1.82,6,6,14,14,47.1,52.9,1,2,0,0,8,5
2024-07-12,Galway,Waterford,1,0,1.89,3.44,3.92,1.95,3.58,4.03,Premier Division,,20240712_Galway_Waterford,-22.98409751035797,0.7,0.2,1,2,5,3,45.7,54.3,0,3,0,0,7,2
2024-07-26,Bohemians,Dundalk,1,1,1.83,3.57,4.01,1.83,3.84,4.27,Premier Division,,20240726_Bohemians_Dundalk,0.6480153083919049,0.85,1.16,3,5,7,12,50.6,49.4,1,4,0,0,6,5
2024-07-26,Drogheda,Waterford,2,0,2.43,3.45,2.65,2.53,3.62,2.72,Premier Division,,20240726_Drogheda_Waterford,-104.6098389548988,1.23,0.78,3,3,8,7,40.4,59.6,2,3,0,0,2,5
2024-07-27,Sligo Rovers,Galway,2,0,3.13,3.24,2.24,3.43,3.4,2.2,Premier Division,,20240727_Sligo-Rovers_Galway,-9.9948243503502,0.82,0.6,2,4,8,9,54.6,45.4,3,2,0,0,2,5
2024-08-02,Drogheda,Bohemians,2,2,3.04,3.47,2.18,3.17,3.66,2.22,Premier Division,,20240802_Drogheda_Bohemians,-74.08751547806264,1.43,1.89,4,6,8,14,43.6,56.4,2,2,0,0,2,9
2024-08-02,Dundalk,Galway,0,2,3.19,3.1,2.28,3.4,3.14,2.35,Premier Division,,20240802_Dundalk_Galway,-5.874005386140425,0.41,1.41,3,3,5,7,49.9,50.1,1,2,0,0,5,6
2024-08-02,Waterford,Shamrock Rovers,1,2,3.77,3.65,1.87,3.83,3.8,1.93,Premier Division,,20240802_Waterford_Shamrock-Rovers,-110.65667091008095,1.42,1.85,4,5,8,10,44.5,55.5,2,5,0,0,4,6
2024-08-04,St. Patricks,Sligo Rovers,3,2,1.81,3.56,4.13,1.84,3.64,4.46,Premier Division,,20240804_St.-Patricks_Sligo-Rovers,-2.782617740582964,1.06,0.05,4,2,6,3,48.5,51.5,2,1,1,0,6,7
2024-08-05,Shelbourne,Derry City,0,0,3.67,2.99,2.14,3.93,3.07,2.18,Premier Division,,20240805_Shelbourne_Derry-City,7.996300177368312,0.26,1.18,0,4,0,7,50.9,49.1,1,2,0,0,3,3
2024-08-09,Bohemians,Waterford,2,3,1.82,3.64,3.96,1.85,3.84,4.14,Premier Division,,20240809_Bohemians_Waterford,6.274590520504262,1.57,1.16,4,5,8,10,45.9,54.1,0,2,0,0,2,9
2024-08-09,Derry City,Dundalk,1,1,1.26,5.27,10.66,1.28,5.66,11.85,Premier Division,,20240809_Derry-City_Dundalk,130.95430401796943,0.21,0.8,1,5,2,12,55.9,44.1,2,0,0,0,3,9
2024-08-10,Sligo Rovers,Shelbourne,2,1,3.31,2.97,2.29,3.55,3.06,2.32,Premier Division,,20240810_Sligo-Rovers_Shelbourne,-118.12789599324651,1.17,0.45,5,2,11,3,50.5,49.5,2,0,0,0,4,2
2024-08-11,Galway,St. Patricks,1,1,1.75,3.52,4.55,1.72,3.64,5.35,Premier Division,,20240811_Galway_St.-Patricks,-12.211753311155007,0.05,1.06,1,3,1,10,49.1,50.9,2,0,0,0,6,7
2024-08-11,Shamrock Rovers,Drogheda,1,1,1.31,5.33,8.1,1.36,5.54,7.62,Premier Division,,20240811_Shamrock-Rovers_Drogheda,190.03249578338136,1.19,1.72,3,5,5,12,58.9,41.1,2,2,0,0,1,8
2024-08-23,Drogheda,Sligo Rovers,7,0,2.25,3.25,3.08,2.3,3.37,3.26,Premier Division,,20240823_Drogheda_Sligo-Rovers,-89.38765200682178,2.18,1.96,7,3,14,7,48.8,51.2,0,2,0,0,4,2
2024-08-23,Shelbourne,Bohemians,1,1,2.12,3.12,3.5,2.15,3.32,3.67,Premier Division,,20240823_Shelbourne_Bohemians,124.80571617731152,0.61,0.91,2,2,6,7,45.6,54.4,3,2,0,0,3,1
2024-08-23,Waterford,Derry City,0,1,4.55,3.56,1.73,4.9,3.73,1.75,Premier Division,,20240823_Waterford_Derry-City,-110.81228751762274,1.12,1.0,3,2,5,3,46.5,53.5,2,2,0,0,2,7
2024-08-25,Shamrock Rovers,Galway,1,1,1.88,3.31,4.1,1.85,3.47,4.7,Premier Division,,20240825_Shamrock-Rovers_Galway,94.99744498019436,0.69,0.95,2,3,4,6,50.8,49.2,1,1,0,0,3,6
2024-08-30,Dundalk,Shelbourne,0,1,4.12,3.01,2.0,4.62,3.2,1.95,Premier Division,,20240830_Dundalk_Shelbourne,-114.01397304484794,0.32,1.24,1,6,3,13,48.3,51.7,2,1,0,0,3,4
2024-08-30,Galway,Derry City,1,0,3.14,2.93,2.39,3.28,3.03,2.48,Premier Division,,20240830_Galway_Derry-City,-101.83977634137273,0.92,0.55,5,1,13,2,46.1,53.9,3,2,0,1,4,3
2024-08-31,Sligo Rovers,Waterford,2,0,2.71,3.25,2.49,2.83,3.36,2.58,Premier Division,,20240831_Sligo-Rovers_Waterford,13.654877263076514,1.32,0.05,4,0,11,1,50.1,49.9,1,2,0,0,2,3
2024-09-01,Bohemians,Shamrock Rovers,2,1,3.32,3.37,2.09,3.58,3.44,2.13,Premier Division,,20240901_Bohemians_Shamrock-Rovers,-119.88841271967135,0.73,1.19,3,4,7,8,38.7,61.3,0,3,0,0,4,6
2024-09-01,St. Patricks,Drogheda,4,1,1.78,3.58,4.2,1.82,3.73,4.48,Premier Division,,20240901_St.-Patricks_Drogheda,79.42494126468182,1.99,0.85,7,2,16,4,54.1,45.9,1,1,0,0,7,2
2024-09-05,Dundalk,St. Patricks,1,2,3.76,3.32,1.97,3.97,3.43,2.01,Premier Division,,20240905_Dundalk_St.-Patricks,-54.43929304713083,0.51,1.66,3,6,8,12,50.0,50.0,0,4,0,0,1,9
2024-09-06,Bohemians,Shelbourne,1,1,2.45,3.03,2.98,2.55,3.05,3.14,Premier Division,,20240906_Bohemians_Shelbourne,-108.75077873049554,0.34,0.78,1,2,2,6,43.9,56.1,1,6,1,0,4,2
2024-09-13,Shamrock Rovers,Sligo Rovers,4,0,1.28,5.31,9.19,1.3,5.7,10.07,Premier Division,,20240913_Shamrock-Rovers_Sligo-Rovers,72.9939065807871,1.49,0.4,6,2,14,4,50.6,49.4,3,1,0,0,4,3
2024-09-13,Waterford,Dundalk,2,1,1.92,3.46,3.77,1.97,3.58,3.9,Premier Division,,20240913_Waterford_Dundalk,10.00795501425705,1.12,0.73,5,3,9,6,49.3,50.7,0,1,0,0,6,5
2024-09-16,Galway,Shamrock Rovers,1,2,2.95,3.07,2.42,3.12,3.15,2.5,Premier Division,,20240916_Galway_Shamrock-Rovers,-66.70542194232303,1.43,0.34,4,2,9,1,43.2,56.8,2,0,0,0,6,0
2024-09-20,Bohemians,Drogheda,0,1,1.83,3.63,3.96,1.85,3.79,4.21,Premier Division,,20240920_Bohemians_Drogheda,68.889287768028,0.29,0.87,1,4,0,9,53.0,47.0,2,3,0,0,1,7
2024-09-20,Derry City,Shamrock Rovers,1,1,2.26,3.2,3.13,2.31,3.27,3.32,Premier Division,,20240920_Derry-City_Shamrock-Rovers,-5.429679205456523,0.67,0.88,3,3,6,6,47.5,52.5,2,3,0,0,6,6
2024-09-20,Galway,Shelbourne,1,0,2.13,2.99,3.68,2.18,3.07,3.92,Premier Division,,20240920_Galway_Shelbourne,-84.10619247198588,1.12,1.04,3,5,8,11,47.0,53.0,1,2,1,0,4,5
2024-09-20,St. Patricks,Waterford,3,0,1.57,4.03,5.22,1.59,4.18,5.72,Premier Division,,20240920_St.-Patricks_Waterford,53.04684804171984,1.48,0.05,4,0,10,0,58.7,41.3,3,2,0,0,10,3
2024-09-21,Sligo Rovers,Dundalk,2,1,2.08,3.48,3.29,2.14,3.57,3.43,Premier Division,,20240921_Sligo-Rovers_Dundalk,48.859175390595055,0.78,0.79,4,2,8,5,53.0,47.0,2,0,0,0,4,10
2024-09-23,Drogheda,Galway,0,0,2.99,3.36,2.26,3.25,3.52,2.24,Premier Division,,20240923_Drogheda_Galway,-86.75855286351657,0.99,0.46,3,0,7,1,47.0,53.0,1,0,0,0,5,2
2024-09-23,Shamrock Rovers,Bohemians,1,0,1.5,4.07,6.17,1.49,4.3,7.09,Premier Division,,20240923_Shamrock-Rovers_Bohemians,117.68294178120186,0.92,0.98,2,4,4,9,49.5,50.5,0,0,0,1,5,8
2024-09-27,Drogheda,Derry City,2,1,3.75,3.35,1.96,3.96,3.45,2.01,Premier Division,,20240927_Drogheda_Derry-City,-149.88451644955853,1.37,0.89,5,5,9,12,47.7,52.3,1,3,0,0,3,4
2024-09-27,Dundalk,Bohemians,0,2,3.04,3.46,2.18,3.22,3.49,2.26,Premier Division,,20240927_Dundalk_Bohemians,-34.97675197141075,1.5,1.46,4,3,9,6,50.8,49.2,2,4,0,0,4,2
2024-09-27,Shamrock Rovers,St. Patricks,0,3,1.63,3.87,4.91,1.65,4.03,5.35,Premier Division,,20240927_Shamrock-Rovers_St.-Patricks,61.958598173650444,0.29,1.82,0,3,0,8,54.3,45.7,4,6,1,0,4,1
2024-09-27,Shelbourne,Sligo Rovers,0,0,1.68,3.62,4.86,1.72,3.72,5.15,Premier Division,,20240927_Shelbourne_Sligo-Rovers,74.52838180539561,1.57,0.12,5,1,10,3,50.1,49.9,1,2,0,0,6,5
2024-09-27,Waterford,Galway,1,2,3.35,3.13,2.19,3.57,3.19,2.24,Premier Division,,20240927_Waterford_Galway,-53.233171114101424,0.53,1.21,1,5,1,10,45.7,54.3,1,1,0,0,5,2
2024-09-30,Shelbourne,St. Patricks,2,3,2.88,3.06,2.49,3.1,3.09,2.55,Premier Division,,20240930_Shelbourne_St.-Patricks,20.512532628139752,1.2,1.43,4,4,10,8,56.3,43.7,2,5,0,1,3,4
2024-10-04,Galway,Dundalk,1,1,1.33,4.72,9.02,1.34,5.06,9.91,Premier Division,,20241004_Galway_Dundalk,107.66321641820628,1.26,0.69,3,1,8,1,52.2,47.8,1,2,0,0,6,0
2024-10-06,Shamrock Rovers,Shelbourne,2,0,1.49,3.95,6.54,1.52,3.94,7.6,Premier Division,,20241006_Shamrock-Rovers_Shelbourne,25.918573460617154,0.9,1.12,5,3,11,8,43.8,56.2,1,4,0,0,11,4
2024-10-11,Derry City,Bohemians,1,1,1.62,3.75,5.19,1.66,3.89,5.49,Premier Division,,20241011_Derry-City_Bohemians,93.0383830078697,2.19,1.09,7,3,16,7,57.4,42.6,4,2,0,0,9,5
2024-10-11,Waterford,Drogheda,0,0,2.51,3.32,2.65,2.62,3.46,2.71,Premier Division,,20241011_Waterford_Drogheda,0.6002940314015177,0.05,0.05,0,0,0,2,56.9,43.1,2,1,0,0,1,4
2024-10-14,Bohemians,St. Patricks,1,3,2.74,3.41,2.39,2.87,3.56,2.44,Premier Division,,20241014_Bohemians_St.-Patricks,-84.7828076023261,1.27,1.74,3,5,5,10,52.2,47.8,3,1,0,0,4,4
2024-10-14,Derry City,Sligo Rovers,1,1,1.33,4.91,8.08,1.36,5.22,8.54,Premier Division,,20241014_Derry-City_Sligo-Rovers,63.6308558842793,1.42,1.47,4,4,10,9,54.9,45.1,4,4,0,0,6,7
2024-10-18,Drogheda,Shamrock Rovers,0,1,4.5,3.83,1.68,4.58,4.05,1.74,Premier Division,,20241018_Drogheda_Shamrock-Rovers,-143.11340344205746,0.41,1.68,1,6,3,13,44.4,55.6,3,3,0,0,7,8
2024-10-18,Dundalk,Derry City,0,2,4.83,3.83,1.64,5.02,4.15,1.66,Premier Division,,20241018_Dundalk_Derry-City,-140.69097739030758,1.1,0.69,5,3,10,7,38.8,61.2,2,0,0,0,8,4
2024-10-18,Shelbourne,Waterford,3,1,1.66,3.6,5.04,1.69,3.79,5.31,Premier Division,,20241018_Shelbourne_Waterford,94.42308051360396,0.62,1.18,3,3,5,7,60.1,39.9,0,4,0,0,2,1
2024-10-18,St. Patricks,Galway,2,1,1.97,3.36,3.7,2.02,3.44,3.92,Premier Division,,20241018_St.-Patricks_Galway,49.55953547685726,2.01,0.67,6,2,15,3,43.4,56.6,0,4,0,0,4,5
2024-10-19,Sligo Rovers,Bohemians,0,2,2.72,3.36,2.43,2.86,3.42,2.53,Premier Division,,20241019_Sligo-Rovers_Bohemians,34.43196669573808,0.26,0.93,1,2,1,6,50.8,49.2,2,2,1,0,2,6
2024-10-25,Galway,Sligo Rovers,2,2,1.53,3.92,6.04,1.55,4.04,6.68,Premier Division,,20241025_Galway_Sligo-Rovers,21.933831780789205,0.4,1.7,2,4,3,8,46.2,53.8,0,2,0,0,3,3
2024-10-25,Shelbourne,Drogheda,2,1,1.45,4.17,6.91,1.47,4.28,7.56,Premier Division,,20241025_Shelbourne_Drogheda,111.11748437097049,1.47,1.14,4,3,8,7,58.9,41.1,2,1,0,0,7,8
2024-10-25,St. Patricks,Derry City,1,0,2.33,3.2,3.0,2.35,3.31,3.22,Premier Division,,20241025_St.-Patricks_Derry-City,12.233728729981976,0.05,0.22,1,1,4,1,43.8,56.2,0,2,0,0,2,5
2024-10-25,Waterford,Bohemians,1,1,2.7,3.24,2.51,2.79,3.35,2.62,Premier Division,,20241025_Waterford_Bohemians,-38.523125375953896,0.5,1.27,2,4,5,7,56.4,43.6,1,1,0,0,2,4
2024-10-27,Dundalk,Shamrock Rovers,0,1,10.87,5.81,1.23,11.53,6.12,1.25,Premier Division,,20241027_Dundalk_Shamrock-Rovers,-187.7174860141497,0.42,2.47,1,8,3,18,37.2,62.8,2,1,0,0,3,5
2024-11-01,Bohemians,Galway,1,1,2.33,3.18,3.01,2.38,3.33,3.14,Premier Division,,20241101_Bohemians_Galway,-30.563631523890308,0.82,0.98,2,3,3,6,45.6,54.4,1,4,0,0,2,4
2024-11-01,Derry City,Shelbourne,0,1,2.15,3.09,3.46,2.21,3.25,3.58,Premier Division,,20241101_Derry-City_Shelbourne,-5.478437951240721,0.28,0.75,0,1,2,2,47.9,52.1,2,3,0,0,2,3
2024-11-01,Drogheda,Dundalk,0,0,1.87,3.64,3.79,1.88,3.78,4.07,Premier Division,,20241101_Drogheda_Dundalk,27.760011872698897,0.22,0.41,1,1,2,3,56.7,43.3,1,1,0,0,2,2
2024-11-01,Shamrock Rovers,Waterford,2,1,1.18,6.62,13.19,1.18,7.2,15.9,Premier Division,,20241101_Shamrock-Rovers_Waterford,163.44650810701273,0.79,1.17,3,4,6,8,55.6,44.4,0,1,0,0,7,7
2024-11-01,Sligo Rovers,St. Patricks,0,2,4.99,4.24,1.56,5.26,4.42,1.6,Premier Division,,20241101_Sligo-Rovers_St.-Patricks,-102.91402130523124,0.36,1.4,2,5,4,11,48.5,51.5,3,0,0,0,2,6
2024-11-16,Bray,Drogheda,1,3,5.07,3.71,1.64,5.23,3.78,1.67,Premier Division,,20241116_Bray_Drogheda,-27.055514434824318,0.05,1.54,1,6,2,12,45.4,54.6,3,1,0,0,1,6
2025-02-14,Cork City,Galway,2,2,3.67,3.09,2.08,3.95,3.16,2.13,Premier Division,,20250214_Cork-City_Galway,-157.68663896271823,1.83,1.11,6,4,13,10,43.5,56.5,1,1,0,0,8,6
2025-02-14,Shelbourne,Derry City,3,1,2.86,2.83,2.67,2.94,2.91,2.82,Premier Division,,20250214_Shelbourne_Derry-City,29.100032225764153,0.43,1.33,3,5,5,12,53.2,46.8,1,3,1,0,5,7
2025-02-14,St. Patricks,Drogheda,0,0,1.48,4.12,6.28,1.54,4.09,6.58,Premier Division,,20250214_St.-Patricks_Drogheda,156.03900143243504,1.0,0.55,2,2,5,5,53.2,46.8,2,0,0,0,2,2
2025-02-15,Sligo Rovers,Waterford,2,3,2.42,3.22,2.85,2.53,3.31,2.93,Premier Division,,20250215_Sligo-Rovers_Waterford,44.207281860040894,1.05,1.69,3,5,5,8,53.5,46.5,1,4,0,0,2,4
2025-02-16,Bohemians,Shamrock Rovers,1,0,3.16,3.25,2.21,3.36,3.44,2.22,Premier Division,,20250216_Bohemians_Shamrock-Rovers,-133.25807163400782,1.91,1.03,6,3,15,7,46.3,53.7,5,3,0,0,5,5
2025-02-21,Derry City,Bohemians,1,0,1.96,3.29,3.83,2.03,3.31,4.09,Premier Division,,20250221_Derry-City_Bohemians,37.417555704470715,0.38,1.09,1,2,2,4,56.3,43.7,3,1,0,0,1,5
2025-02-21,Drogheda,Sligo Rovers,3,0,2.34,3.06,3.1,2.41,3.12,3.31,Premier Division,,20250221_Drogheda_Sligo-Rovers,-17.46041131560378,1.72,0.99,7,4,16,9,46.3,53.7,2,4,0,0,12,3
2025-02-21,Galway,St. Patricks,2,1,2.66,3.05,2.69,2.75,3.1,2.84,Premier Division,,20250221_Galway_St.-Patricks,-92.13886112840191,1.4,1.4,5,4,12,8,44.2,55.8,2,0,0,0,6,3
2025-02-21,Waterford,Shelbourne,0,1,3.8,3.08,2.05,3.93,3.24,2.1,Premier Division,,20250221_Waterford_Shelbourne,-135.04603294381536,0.81,1.01,3,2,6,5,39.3,60.7,2,3,0,0,6,2
2025-02-28,Cork City,Bohemians,2,1,2.86,3.19,2.44,2.98,3.36,2.47,Premier Division,,20250228_Cork-City_Bohemians,-129.80484687166563,1.85,0.3,4,3,8,6,42.0,58.0,2,2,0,0,3,3
2025-02-28,Derry City,Waterford,1,2,1.46,4.05,6.96,1.48,4.21,7.68,Premier Division,,20250228_Derry-City_Waterford,102.2212864847254,0.66,1.13,2,2,6,5,48.2,51.8,2,0,0,0,1,6
2025-02-28,Drogheda,Galway,1,1,3.44,2.92,2.28,3.63,3.07,2.28,Premier Division,,20250228_Drogheda_Galway,-56.299248910367396,0.25,1.39,1,4,0,9,46.1,53.9,0,1,0,0,2,4
2025-02-28,Shelbourne,Shamrock Rovers,1,1,2.83,2.82,2.72,2.95,2.89,2.83,Premier Division,,20250228_Shelbourne_Shamrock-Rovers,-4.409933562045353,0.92,0.94,3,2,7,6,41.1,58.9,3,0,0,0,6,3
2025-02-28,St. Patricks,Sligo Rovers,4,3,1.41,4.57,6.87,1.41,4.83,7.69,Premier Division,,20250228_St.-Patricks_Sligo-Rovers,125.96320766690792,1.34,1.57,4,5,8,12,48.9,51.1,1,6,0,0,11,5
2025-03-03,Bohemians,Drogheda,0,1,1.77,3.33,4.8,1.79,3.41,5.28,Premier Division,,20250303_Bohemians_Drogheda,5.295841158603935,0.45,1.3,2,5,6,11,56.3,43.7,2,4,0,0,3,7
2025-03-03,Galway,Shelbourne,1,1,2.31,2.83,3.48,2.31,2.97,3.71,Premier Division,,20250303_Galway_Shelbourne,-76.07188410875665,0.93,1.16,4,2,8,3,46.4,53.6,1,1,0,0,4,4
2025-03-03,Sligo Rovers,Shamrock Rovers,2,1,4.34,3.75,1.74,4.52,3.88,1.78,Premier Division,,20250303_Sligo-Rovers_Shamrock-Rovers,-150.12397650501748,0.19,1.13,2,4,4,8,43.4,56.6,1,1,0,0,2,6
2025-03-03,St. Patricks,Derry City,2,0,2.18,3.24,3.27,2.23,3.34,3.42,Premier Division,,20250303_St.-Patricks_Derry-City,59.12911058606551,1.16,1.31,4,3,9,5,44.3,55.7,2,0,0,0,5,2
2025-03-03,Waterford,Cork City,2,1,2.22,3.17,3.25,2.29,3.28,3.37,Premier Division,,20250303_Waterford_Cork-City,85.57275574196274,0.05,1.35,2,3,6,8,52.7,47.3,3,1,0,0,1,4
2025-03-07,Cork City,Sligo Rovers,1,1,2.44,3.41,2.72,2.44,3.56,2.87,Premier Division,,20250307_Cork-City_Sligo-Rovers,-100.42228607932475,0.73,1.23,2,4,5,9,51.4,48.6,3,2,0,0,6,6
2025-03-07,Derry City,Galway,1,1,1.9,3.18,4.34,1.88,3.37,4.75,Premier Division,,20250307_Derry-City_Galway,-0.015172435213116842,0.25,1.16,3,5,6,10,50.3,49.7,1,3,0,0,2,3
2025-03-07,Shamrock Rovers,St. Patricks,1,0,2.28,3.14,3.17,2.39,3.24,3.21,Premier Division,,20250307_Shamrock-Rovers_St.-Patricks,-18.36226590708725,0.92,0.54,2,0,7,2,55.2,44.8,0,2,0,0,7,3
2025-03-07,Shelbourne,Drogheda,0,1,1.74,3.39,4.98,1.75,3.54,5.32,Premier Division,,20250307_Shelbourne_Drogheda,113.7466729580151,0.78,1.51,3,5,5,10,52.1,47.9,1,0,0,0,5,5
2025-03-07,Waterford,Bohemians,0,3,3.05,3.24,2.3,3.26,3.32,2.32,Premier Division,,20250307_Waterford_Bohemians,9.625030709447856,1.06,1.9,2,7,6,16,60.1,39.9,4,1,0,0,2,11
2025-03-14,Drogheda,Shamrock Rovers,1,2,4.23,3.22,1.9,4.56,3.37,1.9,Premier Division,,20250314_Drogheda_Shamrock-Rovers,-100.39296050820008,1.3,1.13,5,4,13,9,49.7,50.3,1,0,0,0,4,6
2025-03-14,Galway,Waterford,1,0,1.89,3.25,4.23,1.95,3.33,4.4,Premier Division,,20250314_Galway_Waterford,64.62400635085146,1.17,1.45,3,4,5,7,57.2,42.8,1,1,0,0,6,10
2025-03-14,Shelbourne,Cork City,1,1,1.62,3.59,5.66,1.64,3.72,6.09,Premier Division,,20250314_Shelbourne_Cork-City,207.80082243384481,1.03,0.05,4,1,9,3,55.2,44.8,6,0,0,0,6,2
2025-03-14,St. Patricks,Bohemians,3,0,1.74,3.49,4.71,1.78,3.64,4.92,Premier Division,,20250314_St.-Patricks_Bohemians,116.019663557493,0.8,1.22,3,3,6,6,56.0,44.0,1,3,0,0,4,5
2025-03-15,Sligo Rovers,Derry City,0,1,4.22,3.47,1.83,4.38,3.62,1.86,Premier Division,,20250315_Sligo-Rovers_Derry-City,-59.00853766708178,1.0,0.33,4,3,10,5,51.3,48.7,2,1,0,0,6,3
2025-03-28,Bohemians,Galway,0,2,2.22,3.08,3.35,2.25,3.16,3.6,Premier Division,,20250328_Bohemians_Galway,-67.51310181032613,1.03,2.35,3,8,6,18,43.3,56.7,1,4,0,0,5,7
2025-03-28,Cork City,Drogheda,1,1,2.6,3.1,2.76,2.65,3.24,2.83,Premier Division,,20250328_Cork-City_Drogheda,-110.58801915943877,0.85,1.35,2,4,4,8,45.5,54.5,2,1,0,0,4,6
2025-03-28,Shamrock Rovers,Derry City,0,0,2.05,3.0,4.01,2.12,3.01,4.24,Premier Division,,20250328_Shamrock-Rovers_Derry-City,71.99907541037874,0.92,1.02,4,2,11,5,55.7,44.3,1,1,0,0,3,5
2025-03-28,Sligo Rovers,Shelbourne,1,2,3.64,3.17,2.08,3.8,3.21,2.15,Premier Division,,20250328_Sligo-Rovers_Shelbourne,-117.68147463595915,1.27,0.86,4,3,8,6,43.7,56.3,2,1,0,0,6,12
2025-03-28,Waterford,St. Patricks,1,2,4.4,3.57,1.77,4.82,3.67,1.78,Premier Division,,20250328_Waterford_St.-Patricks,-148.9881046605044,0.75,1.49,3,4,9,7,37.2,62.8,0,4,0,0,3,7
2025-04-04,Bohemians,Sligo Rovers,4,2,1.43,4.38,7.1,1.44,4.54,7.62,Premier Division,,20250404_Bohemians_Sligo-Rovers,9.671161498433776,0.45,0.39,4,2,10,5,45.6,54.4,3,1,0,0,5,1
2025-04-04,Derry City,Cork City,2,1,1.44,4.17,7.37,1.47,4.32,7.54,Premier Division,,20250404_Derry-City_Cork-City,154.98993639043056,1.19,0.58,4,3,9,7,57.8,42.2,1,1,0,0,5,8
2025-04-04,Drogheda,Waterford,2,0,2.0,3.24,3.9,2.03,3.31,4.09,Premier Division,,20250404_Drogheda_Waterford,42.19112563154977,1.83,0.91,8,3,18,7,60.1,39.9,1,2,0,0,5,3
2025-04-04,Galway,Shamrock Rovers,0,1,3.32,2.99,2.32,3.44,3.01,2.41,Premier Division,,20250404_Galway_Shamrock-Rovers,-60.024029674276335,0.15,1.11,0,4,0,11,40.6,59.4,2,0,0,0,3,5
2025-04-04,St. Patricks,Shelbourne,0,0,1.8,3.35,4.69,1.81,3.42,5.11,Premier Division,,20250404_St.-Patricks_Shelbourne,24.95713355637895,0.43,0.57,2,3,4,6,56.5,43.5,1,2,0,0,2,2
2025-04-11,Cork City,St. Patricks,0,2,6.45,3.88,1.51,6.67,4.19,1.53,Premier Division,,20250411_Cork-City_St.-Patricks,-230.40497719924997,0.78,1.78,2,5,5,8,42.4,57.6,1,2,0,0,5,2
2025-04-11,Derry City,Drogheda,1,3,1.69,3.36,5.33,1.74,3.43,5.71,Premier Division,,20250411_Derry-City_Drogheda,48.21901115237961,0.25,0.8,1,3,0,9,52.1,47.9,1,1,0,0,1,8
2025-04-11,Shamrock Rovers,Waterford,2,0,1.39,4.2,8.53,1.42,4.35,9.14,Premier Division,,20250411_Shamrock-Rovers_Waterford,181.5769179106419,1.67,1.01,5,2,10,5,55.6,44.4,0,3,0,0,4,2
2025-04-11,Shelbourne,Bohemians,1,0,2.3,3.11,3.13,2.39,3.15,3.31,Premier Division,,20250411_Shelbourne_Bohemians,113.37286354377488,1.12,1.74,5,7,10,15,52.4,47.6,0,0,0,0,12,9
2025-04-12,Sligo Rovers,Galway,1,2,3.36,3.28,2.12,3.56,3.43,2.14,Premier Division,,20250412_Sligo-Rovers_Galway,-98.29727942388172,1.07,0.68,4,2,9,4,48.3,51.7,2,0,0,0,8,5
2025-04-14,Shamrock Rovers,Cork City,4,1,1.33,4.52,9.45,1.36,4.73,10.15,Premier Division,,20250414_Shamrock-Rovers_Cork-City,250.2863061859307,1.13,0.87,5,3,11,8,57.9,42.1,4,1,0,0,5,8
2025-04-18,Bohemians,Cork City,1,0,1.49,4.02,6.41,1.5,4.26,7.03,Premier Division,,20250418_Bohemians_Cork-City,95.20715910178978,0.8,0.35,2,1,3,2,56.4,43.6,1,2,0,1,5,2
2025-04-18,Drogheda,Shelbourne,2,2,2.77,2.96,2.65,2.92,2.99,2.77,Premier Division,,20250418_Drogheda_Shelbourne,-81.00912028825155,0.05,1.19,2,4,2,8,45.0,55.0,0,6,0,0,3,8
2025-04-18,Galway,Derry City,2,3,2.63,2.85,2.89,2.77,2.91,2.99,Premier Division,,20250418_Galway_Derry-City,12.496040474911752,2.2,1.38,7,5,13,11,53.8,46.2,1,0,0,0,4,5
2025-04-18,St. Patricks,Shamrock Rovers,2,2,2.74,3.03,2.61,2.87,3.08,2.74,Premier Division,,20250418_St.-Patricks_Shamrock-Rovers,-14.40666163983019,1.4,1.75,5,6,13,16,51.8,48.2,3,2,0,0,6,13
2025-04-18,Waterford,Sligo Rovers,0,4,1.91,3.53,3.72,1.93,3.69,3.96,Premier Division,,20250418_Waterford_Sligo-Rovers,-0.9118090117565316,1.4,2.38,5,7,11,14,49.7,50.3,2,1,0,0,6,6
2025-04-21,Cork City,Waterford,2,1,2.14,3.27,3.29,2.2,3.29,3.57,Premier Division,,20250421_Cork-City_Waterford,-57.63997944081757,1.15,0.76,4,3,9,6,53.1,46.9,2,1,0,0,2,5
2025-04-21,Drogheda,St. Patricks,0,0,3.25,3.16,2.2,3.39,3.27,2.28,Premier Division,,20250421_Drogheda_St.-Patricks,-98.81111753724895,0.76,0.24,3,2,7,3,43.0,57.0,4,0,0,0,4,2
2025-04-21,Shamrock Rovers,Bohemians,2,3,1.65,3.56,5.22,1.68,3.66,5.67,Premier Division,,20250421_Shamrock-Rovers_Bohemians,154.97877373527535,1.2,0.59,2,3,5,7,54.5,45.5,0,1,0,0,7,2
2025-04-21,Shelbourne,Galway,2,2,2.26,3.04,3.28,2.33,3.12,3.45,Premier Division,,20250421_Shelbourne_Galway,57.286778608495524,0.78,1.57,4,6,9,15,55.0,45.0,4,1,0,0,10,7
2025-04-22,Derry City,Sligo Rovers,3,0,1.45,4.05,7.1,1.47,4.37,7.52,Premier Division,,20250422_Derry-City_Sligo-Rovers,103.64956154940705,1.42,0.05,5,0,11,0,53.7,46.3,1,4,0,1,6,0
2025-04-25,Bohemians,St. Patricks,2,1,2.96,3.18,2.36,3.17,3.23,2.42,Premier Division,,20250425_Bohemians_St.-Patricks,-121.2191289427833,0.99,1.28,4,4,10,8,45.4,54.6,2,0,0,1,5,7
2025-04-25,Galway,Drogheda,2,1,2.15,3.09,3.48,2.17,3.16,3.8,Premier Division,,20250425_Galway_Drogheda,16.86287308463966,2.71,0.38,9,1,19,1,51.5,48.5,3,0,0,0,7,4
2025-04-25,Shamrock Rovers,Shelbourne,2,2,1.87,3.16,4.44,1.87,3.25,5.02,Premier Division,,20250425_Shamrock-Rovers_Shelbourne,21.647684992349923,1.5,1.1,5,4,11,7,50.8,49.2,2,2,0,0,7,9
2025-04-25,Waterford,Derry City,2,1,4.35,3.36,1.82,4.66,3.48,1.85,Premier Division,,20250425_Waterford_Derry-City,-150.99375913801214,1.57,0.51,6,2,14,3,44.7,55.3,1,3,0,0,1,5
2025-04-26,Sligo Rovers,Cork City,1,1,2.16,3.43,3.11,2.21,3.61,3.22,Premier Division,,20250426_Sligo-Rovers_Cork-City,59.99342909464417,0.93,0.91,2,5,4,10,48.0,52.0,0,2,0,0,6,2
2025-05-02,Bohemians,Waterford,1,2,1.51,4.03,6.0,1.54,4.28,6.19,Premier Division,,20250502_Bohemians_Waterford,85.26188593218899,1.2,0.24,2,2,5,3,58.6,41.4,1,0,0,0,6,3
2025-05-02,Cork City,Shamrock Rovers,1,1,4.45,3.49,1.78,4.69,3.69,1.79,Premier Division,,20250502_Cork-City_Shamrock-Rovers,-233.97395235248268,1.84,1.25,6,4,12,8,44.6,55.4,1,0,0,0,8,12
2025-05-02,Derry City,Shelbourne,2,0,2.21,3.0,3.49,2.33,3.01,3.59,Premier Division,,20250502_Derry-City_Shelbourne,-52.09306191055248,1.04,0.85,3,3,6,8,44.4,55.6,1,3,0,0,5,6
2025-05-02,Sligo Rovers,Drogheda,2,2,2.58,3.15,2.7,2.63,3.26,2.84,Premier Division,,20250502_Sligo-Rovers_Drogheda,-75.53712168794823,0.62,1.17,2,3,3,8,47.9,52.1,4,1,0,0,2,6
2025-05-02,St. Patricks,Galway,2,0,1.88,3.4,4.05,1.91,3.52,4.31,Premier Division,,20250502_St.-Patricks_Galway,47.85808277671845,2.17,0.97,7,3,17,8,49.5,50.5,1,0,0,0,9,8
2025-05-05,Derry City,St. Patricks,1,0,2.07,3.08,3.79,2.04,3.23,4.15,Premier Division,,20250505_Derry-City_St.-Patricks,-53.82898409967606,0.05,1.94,1,7,3,16,56.4,43.6,0,1,0,0,1,9
2025-05-05,Drogheda,Cork City,3,2,1.85,3.44,4.14,1.9,3.57,4.26,Premier Division,,20250505_Drogheda_Cork-City,121.81165124128825,0.99,0.66,3,3,8,5,54.6,45.4,0,4,0,0,6,2
2025-05-05,Galway,Bohemians,1,2,2.72,3.17,2.55,2.86,3.32,2.58,Premier Division,,20250505_Galway_Bohemians,45.84122461394327,1.12,0.43,4,2,8,3,50.2,49.8,0,0,0,0,3,3
2025-05-05,Shamrock Rovers,Sligo Rovers,2,0,1.3,5.09,9.23,1.31,5.45,10.06,Premier Division,,20250505_Shamrock-Rovers_Sligo-Rovers,168.46861560633488,2.08,1.08,5,4,10,8,54.6,45.4,2,6,0,0,2,8
2025-05-05,Shelbourne,Waterford,0,1,1.46,4.03,7.18,1.47,4.24,7.87,Premier Division,,20250505_Shelbourne_Waterford,140.5941356652886,1.1,0.74,4,2,9,4,54.4,45.6,1,3,0,0,3,2
2025-05-09,Cork City,Derry City,1,2,5.07,3.31,1.74,5.27,3.4,1.79,Premier Division,,20250509_Cork-City_Derry-City,-190.2672617278938,1.11,1.18,2,4,4,9,44.4,55.6,2,3,0,0,5,0
2025-05-09,Shamrock Rovers,Drogheda,3,0,1.44,4.01,7.62,1.47,4.15,8.05,Premier Division,,20250509_Shamrock-Rovers_Drogheda,96.70980599243103,2.4,1.52,8,6,17,14,53.7,46.3,0,1,0,0,9,6
2025-05-09,Shelbourne,St. Patricks,2,1,2.41,3.02,3.04,2.51,3.12,3.13,Premier Division,,20250509_Shelbourne_St.-Patricks,-32.07038063749451,1.27,0.97,5,2,10,4,56.4,43.6,2,0,0,0,3,2
2025-05-09,Waterford,Galway,1,0,3.21,3.3,2.18,3.21,3.53,2.25,Premier Division,,20250509_Waterford_Galway,-71.14752825535174,0.47,1.51,1,6,2,13,46.6,53.4,2,1,0,0,2,5
2025-05-10,Sligo Rovers,Bohemians,0,1,3.89,3.58,1.86,4.18,3.77,1.86,Premier Division,,20250510_Sligo-Rovers_Bohemians,-76.64115103248355,1.29,2.46,5,8,12,19,51.7,48.3,3,4,0,0,6,10
2025-05-16,Bohemians,Shelbourne,1,0,2.31,3.08,3.16,2.38,3.15,3.32,Premier Division,,20250516_Bohemians_Shelbourne,-58.634642090730495,1.07,0.19,5,0,8,0,50.0,50.0,0,3,0,0,2,1
2025-05-16,Drogheda,Derry City,1,1,3.63,3.05,2.15,3.91,3.26,2.1,Premier Division,,20250516_Drogheda_Derry-City,-67.2999428087528,1.89,1.66,4,5,9,13,39.1,60.9,1,2,0,0,5,3
2025-05-16,Galway,Sligo Rovers,0,1,1.62,3.88,5.16,1.61,4.0,5.82,Premier Division,,20250516_Galway_Sligo-Rovers,90.30548340485234,0.62,0.9,3,4,5,7,59.5,40.5,2,1,0,0,7,7
2025-05-16,St. Patricks,Cork City,3,2,1.38,4.53,7.79,1.41,4.73,8.06,Premier Division,,20250516_St.-Patricks_Cork-City,209.31787300902852,1.23,1.36,3,2,7,6,57.2,42.8,2,1,0,0,5,1
2025-05-16,Waterford,Shamrock Rovers,1,3,4.98,3.69,1.67,5.32,3.75,1.7,Premier Division,,20250516_Waterford_Shamrock-Rovers,-151.79832809032473,1.92,1.24,8,3,20,4,41.1,58.9,2,0,0,0,8,4
2025-05-19,Shamrock Rovers,St. Patricks,4,0,1.79,3.47,4.51,1.83,3.47,4.87,Premier Division,,20250519_Shamrock-Rovers_St.-Patricks,41.408916329092335,1.74,0.3,7,0,14,0,54.2,45.8,1,1,0,0,8,1
2025-05-19,Shelbourne,Drogheda,0,0,1.9,3.33,4.17,1.91,3.46,4.38,Premier Division,,20250519_Shelbourne_Drogheda,52.15713428779054,1.28,0.15,4,0,7,0,51.8,48.2,1,1,0,0,5,4
2025-05-23,Derry City,Shamrock Rovers,1,2,2.69,2.91,2.84,2.73,2.95,3.0,Premier Division,,20250523_Derry-City_Shamrock-Rovers,-66.83610729214251,0.57,0.26,3,2,7,3,53.5,46.5,2,0,0,0,2,5
2025-05-23,Drogheda,Bohemians,1,0,3.05,3.21,2.32,3.26,3.27,2.35,Premier Division,,20250523_Drogheda_Bohemians,-19.74677791494787,0.93,0.05,5,2,9,5,45.5,54.5,2,2,0,0,5,3
2025-05-23,Galway,Cork City,2,1,1.7,3.63,4.93,1.72,3.79,5.06,Premier Division,,20250523_Galway_Cork-City,130.17993858641194,1.2,0.76,4,2,6,4,59.4,40.6,1,2,1,0,3,6
2025-05-23,Shelbourne,Sligo Rovers,3,2,1.61,3.89,5.26,1.64,3.96,5.58,Premier Division,,20250523_Shelbourne_Sligo-Rovers,123.22100301196974,1.2,1.38,3,3,7,7,49.1,50.9,2,2,0,0,3,4
2025-05-23,St. Patricks,Waterford,2,2,1.45,4.51,6.25,1.46,4.75,6.76,Premier Division,,20250523_St.-Patricks_Waterford,113.9469601068522,1.2,1.32,3,6,6,12,53.0,47.0,0,1,0,1,4,6
2025-05-30,Bohemians,Derry City,1,0,2.27,3.06,3.31,2.32,3.1,3.51,Premier Division,,20250530_Bohemians_Derry-City,-44.135176096645864,1.9,0.76,5,3,8,7,51.6,48.4,2,0,0,0,6,9
2025-05-30,Cork City,Shelbourne,1,1,3.43,3.21,2.14,3.49,3.32,2.22,Premier Division,,20250530_Cork-City_Shelbourne,-208.81372576960575,0.35,0.87,2,3,4,8,39.9,60.1,2,2,0,0,2,6
2025-05-30,Shamrock Rovers,Galway,0,0,1.52,4.03,6.09,1.56,3.96,6.7,Premier Division,,20250530_Shamrock-Rovers_Galway,144.20878368462058,1.47,0.7,4,2,8,3,59.0,41.0,1,2,0,0,4,2
2025-05-30,Sligo Rovers,St. Patricks,0,1,3.47,3.56,2.0,3.64,3.72,2.01,Premier Division,,20250530_Sligo-Rovers_St.-Patricks,-143.94805705442513,0.45,1.51,1,6,2,15,43.5,56.5,0,0,0,0,1,6
2025-05-30,Waterford,Drogheda,2,2,2.59,3.29,2.65,2.62,3.46,2.72,Premier Division,,20250530_Waterford_Drogheda,-57.633525103047305,0.97,0.23,2,2,3,6,47.4,52.6,1,0,0,0,7,5
2025-06-13,Cork City,Bohemians,0,2,3.79,3.39,1.85,4.01,3.63,1.94,Premier Division,,20250613_Cork-City_Bohemians,-166.44712079546616,0.63,2.1,2,7,6,15,41.1,58.9,2,3,0,0,2,7
2025-06-13,Derry City,Galway,1,1,1.8,3.31,4.2,1.81,3.47,4.96,Premier Division,,20250613_Derry-City_Galway,39.70401218547454,1.48,0.26,3,1,7,3,51.1,48.9,2,1,0,0,4,1
2025-06-13,Shelbourne,Shamrock Rovers,1,2,3.51,3.0,2.08,4.0,3.08,2.15,Premier Division,,20250613_Shelbourne_Shamrock-Rovers,-82.72100619339881,1.76,1.41,6,5,13,13,44.6,55.4,3,1,0,0,3,1
2025-06-13,St. Patricks,Drogheda,0,0,1.71,3.53,4.39,1.77,3.77,4.73,Premier Division,,20250613_St.-Patricks_Drogheda,57.97979363838499,0.19,0.94,0,4,1,9,52.7,47.3,3,2,0,0,1,2
2025-06-14,Sligo Rovers,Waterford,1,0,2.27,3.43,2.75,2.3,3.65,3.02,Premier Division,,20250614_Sligo-Rovers_Waterford,-46.86865710177267,0.49,1.36,3,5,7,12,48.7,51.3,4,1,0,0,7,7
2025-06-16,Drogheda,Shamrock Rovers,1,2,4.6,3.38,1.72,5.23,3.62,1.74,Premier Division,,20250616_Drogheda_Shamrock-Rovers,-129.26559682430684,1.09,1.47,3,4,6,8,44.6,55.4,1,2,0,1,4,3
2025-06-16,St. Patricks,Shelbourne,0,1,2.16,3.07,3.23,2.26,3.2,3.52,Premier Division,,20250616_St.-Patricks_Shelbourne,25.858284980498865,0.13,1.19,0,4,1,9,43.3,56.7,2,1,0,0,1,1
2025-06-20,Drogheda,Sligo Rovers,1,0,1.81,3.34,4.08,1.91,3.53,4.26,Premier Division,,20250620_Drogheda_Sligo-Rovers,81.20171568297633,0.29,1.02,1,2,3,3,55.7,44.3,1,1,0,0,3,1
2025-06-20,Galway,St. Patricks,3,1,2.79,3.03,2.46,2.97,3.15,2.6,Premier Division,,20250620_Galway_St.-Patricks,-54.46711619340704,1.13,1.33,5,3,11,6,49.3,50.7,1,2,0,0,4,4
2025-06-20,Shamrock Rovers,Cork City,4,1,1.24,5.29,10.47,1.29,5.4,11.74,Premier Division,,20250620_Shamrock-Rovers_Cork-City,302.20845638593937,1.42,1.32,4,3,8,7,59.7,40.3,2,1,0,0,5,4
2025-06-20,Shelbourne,Derry City,0,1,2.48,2.75,3.04,2.66,2.76,3.33,Premier Division,,20250620_Shelbourne_Derry-City,17.41853421830342,0.19,1.22,1,3,2,7,49.0,51.0,1,1,0,0,6,6
2025-06-20,Waterford,Bohemians,2,1,3.31,3.47,1.98,3.49,3.69,2.07,Premier Division,,20250620_Waterford_Bohemians,-83.82443070785234,1.44,0.73,3,2,6,6,49.8,50.2,2,1,0,0,4,3
2025-06-23,Bohemians,Shamrock Rovers,2,0,3.22,3.06,2.17,3.35,3.15,2.36,Premier Division,,20250623_Bohemians_Shamrock-Rovers,-140.87823108483462,1.25,1.06,4,4,9,9,42.9,57.1,2,3,0,0,7,9
2025-06-23,Cork City,Drogheda,1,1,2.76,3.2,2.36,2.89,3.33,2.55,Premier Division,,20250623_Cork-City_Drogheda,-170.31173494714585,1.38,0.33,6,1,16,0,39.0,61.0,3,2,0,0,7,2
2025-06-23,Sligo Rovers,Galway,2,1,3.22,3.35,2.04,3.5,3.59,2.1,Premier Division,,20250623_Sligo-Rovers_Galway,-98.69645669420947,0.49,1.29,3,3,7,6,50.9,49.1,1,1,0,0,2,8
2025-06-23,St. Patricks,Derry City,0,1,2.26,2.96,3.12,2.34,3.08,3.48,Premier Division,,20250623_St.-Patricks_Derry-City,-8.973194559823241,1.76,1.4,5,4,9,8,51.8,48.2,3,1,0,0,6,6
2025-06-23,Waterford,Shelbourne,2,2,2.7,3.17,2.43,2.86,3.37,2.55,Premier Division,,20250623_Waterford_Shelbourne,-82.88490278799918,0.6,0.75,2,2,1,3,46.3,53.7,1,3,0,0,2,1
2025-06-27,Bohemians,Sligo Rovers,1,1,1.26,5.28,8.85,1.31,5.75,9.07,Premier Division,,20250627_Bohemians_Sligo-Rovers,99.17559527106982,1.39,1.28,4,4,10,8,49.2,50.8,4,1,1,0,1,5
2025-06-27,Cork City,St. Patricks,0,0,3.98,3.46,1.8,4.32,3.76,1.83,Premier Division,,20250627_Cork-City_St.-Patricks,-178.9083115618928,1.06,0.51,3,2,8,4,37.7,62.3,0,1,0,0,1,3
2025-06-27,Derry City,Drogheda,3,0,1.57,3.39,6.09,1.58,3.69,7.17,Premier Division,,20250627_Derry-City_Drogheda,51.85500119309427,1.18,0.43,5,0,13,3,47.9,52.1,0,2,0,0,6,3
2025-06-27,Galway,Shelbourne,1,1,2.84,3.02,2.42,3.09,3.14,2.52,Premier Division,,20250627_Galway_Shelbourne,-40.43507306028255,0.05,1.82,2,5,5,12,48.8,51.2,0,3,0,0,4,5
2025-06-27,Shamrock Rovers,Waterford,1,0,1.24,5.34,9.78,1.25,6.03,11.47,Premier Division,,20250627_Shamrock-Rovers_Waterford,175.5968890278266,0.93,0.82,3,3,6,6,57.9,42.1,2,3,0,0,4,2
2025-07-04,Derry City,Waterford,7,2,1.47,3.94,6.15,1.5,4.24,7.05,Premier Division,,20250704_Derry-City_Waterford,116.17494633524348,2.95,0.76,8,2,15,5,41.5,58.5,1,1,0,0,4,1
2025-07-04,Drogheda,Galway,1,0,2.44,3.03,2.81,2.59,3.2,2.95,Premier Division,,20250704_Drogheda_Galway,-0.7489298458060603,2.29,0.77,8,2,16,5,47.2,52.8,1,2,0,0,7,3
2025-07-04,Shelbourne,Cork City,3,1,1.42,4.11,6.75,1.47,4.28,7.54,Premier Division,,20250704_Shelbourne_Cork-City,181.90259464529368,1.36,1.33,5,6,9,13,54.8,45.2,0,1,0,0,5,6
2025-07-04,St. Patricks,Bohemians,0,0,2.41,3.19,2.72,2.54,3.33,2.9,Premier Division,,20250704_St.-Patricks_Bohemians,-3.104242895716652,0.63,1.06,1,3,4,6,49.2,50.8,3,3,1,0,4,2
2025-07-05,Sligo Rovers,Shamrock Rovers,2,2,6.67,4.3,1.4,7.38,4.5,1.46,Premier Division,,20250705_Sligo-Rovers_Shamrock-Rovers,-209.8911266440757,1.32,1.79,2,3,8,6,46.7,53.3,1,3,0,0,3,3
2025-07-11,Bohemians,Galway,3,0,1.49,4.0,5.7,1.52,4.29,6.54,Premier Division,,20250711_Bohemians_Galway,38.312235758528686,2.03,1.48,6,7,13,14,43.4,56.6,1,3,0,0,7,13
2025-07-11,Waterford,Cork City,2,0,2.07,3.39,3.14,2.2,3.59,3.26,Premier Division,,20250711_Waterford_Cork-City,97.72770414252409,1.23,0.78,5,3,13,5,48.9,51.1,2,1,0,0,11,1
2025-07-12,Sligo Rovers,Derry City,2,0,4.54,3.41,1.72,4.72,3.7,1.79,Premier Division,,20250712_Sligo-Rovers_Derry-City,-139.31277380820347,0.73,0.54,2,2,2,2,48.2,51.8,1,1,0,0,4,1
2025-07-25,Cork City,Sligo Rovers,2,3,2.38,3.19,2.74,2.35,3.42,3.11,Premier Division,,20250725_Cork-City_Sligo-Rovers,-116.13137408831813,0.7,0.96,2,3,6,9,39.9,60.1,2,1,0,0,0,4
2025-07-25,Derry City,Bohemians,1,1,2.22,2.99,3.2,2.27,3.18,3.53,Premier Division,,20250725_Derry-City_Bohemians,26.14318693901987,0.79,1.83,3,6,5,14,50.0,50.0,1,2,0,1,5,6
2025-07-25,Galway,Waterford,2,4,1.87,3.44,3.68,1.86,3.85,4.08,Premier Division,,20250725_Galway_Waterford,21.33629360543182,1.32,1.29,4,4,9,8,47.1,52.9,0,1,0,0,4,5
2025-08-01,Bohemians,Drogheda,0,1,1.5,3.86,5.96,1.57,4.01,6.35,Premier Division,,20250801_Bohemians_Drogheda,26.592764625198697,0.06,0.96,0,2,1,4,47.1,52.9,1,1,0,0,1,1
2025-08-01,Cork City,Galway,1,0,3.0,3.31,2.17,3.3,3.51,2.22,Premier Division,,20250801_Cork-City_Galway,-131.88173914959543,1.47,1.08,3,4,7,10,47.9,52.1,1,3,0,0,4,2
2025-08-02,Sligo Rovers,Shelbourne,0,2,3.21,3.23,2.1,3.7,3.46,2.08,Premier Division,,20250802_Sligo-Rovers_Shelbourne,-78.81957118473338,1.19,0.24,3,2,6,4,46.4,53.6,2,2,0,0,4,2
2025-08-03,Shamrock Rovers,Derry City,2,0,1.97,3.03,3.87,2.05,3.29,4.04,Premier Division,,20250803_Shamrock-Rovers_Derry-City,75.08968133014469,1.86,1.39,6,4,13,10,46.4,53.6,1,1,0,0,2,6
2025-08-03,Waterford,St. Patricks,0,2,3.46,3.41,1.94,3.8,3.6,2.01,Premier Division,,20250803_Waterford_St.-Patricks,-54.70478959806542,0.05,0.69,0,3,0,6,52.4,47.6,1,1,0,0,1,3
2025-08-08,Derry City,Cork City,0,0,1.24,5.09,11.0,1.28,5.57,11.75,Premier Division,,20250808_Derry-City_Cork-City,203.7417615154884,1.18,0.38,3,2,7,3,58.9,41.1,1,4,0,0,9,3
2025-08-08,Drogheda,Waterford,0,0,1.85,3.42,3.71,1.97,3.5,4.04,Premier Division,,20250808_Drogheda_Waterford,65.62788955840415,0.87,1.92,4,6,8,14,53.1,46.9,0,3,0,0,3,7
2025-08-09,Shelbourne,Bohemians,2,2,3.1,3.05,2.21,2.86,3.19,2.66,Premier Division,,20250809_Shelbourne_Bohemians,28.25958461278742,1.55,1.47,6,5,13,11,49.1,50.9,2,0,0,0,10,7
2025-08-10,Galway,Shamrock Rovers,0,0,2.68,3.1,2.47,3.31,3.48,2.22,Premier Division,,20250810_Galway_Shamrock-Rovers,-198.5383258262093,0.46,0.85,1,3,2,6,42.4,57.6,4,1,0,0,3,4
2025-08-10,St. Patricks,Sligo Rovers,3,0,1.35,4.52,7.32,1.46,4.54,7.1,Premier Division,,20250810_St.-Patricks_Sligo-Rovers,77.77641270079107,1.63,0.73,4,2,10,4,57.5,42.5,2,2,0,1,8,4
2025-08-22,Bohemians,Cork City,3,0,1.34,4.66,7.3,1.34,5.4,9.0,Premier Division,,20250822_Bohemians_Cork-City,170.57667261864026,1.51,1.68,4,4,9,10,58.9,41.1,0,0,0,0,6,7
2025-08-22,Drogheda,St. Patricks,0,1,3.46,3.18,2.02,3.46,3.26,2.26,Premier Division,,20250822_Drogheda_St.-Patricks,-20.92676458670303,0.14,0.76,0,2,0,3,40.5,59.5,0,1,0,0,1,5
2025-08-22,Galway,Derry City,1,2,2.64,3.0,2.54,3.17,3.09,2.5,Premier Division,,20250822_Galway_Derry-City,-92.03163288605674,1.54,1.48,2,5,4,10,53.5,46.5,0,0,0,0,5,4
2025-08-22,Waterford,Sligo Rovers,1,2,2.15,3.42,2.87,2.21,3.67,3.18,Premier Division,,20250822_Waterford_Sligo-Rovers,14.417390975041826,0.1,1.23,1,3,3,7,53.2,46.8,5,1,0,0,6,5
2025-08-29,Cork City,Waterford,2,0,2.46,3.28,2.57,2.54,3.55,2.75,Premier Division,,20250829_Cork-City_Waterford,-99.49822376331167,1.82,0.05,6,1,13,2,53.5,46.5,2,5,0,0,5,3
2025-08-29,Derry City,St. Patricks,2,2,2.3,3.02,3.0,2.4,3.13,3.3,Premier Division,,20250829_Derry-City_St.-Patricks,1.1717919955538036,1.1,1.6,2,6,4,14,55.3,44.7,0,2,0,0,5,7
2025-08-30,Sligo Rovers,Bohemians,0,0,4.1,3.61,1.73,4.58,3.83,1.78,Premier Division,,20250830_Sligo-Rovers_Bohemians,-73.58103659743824,0.72,0.19,1,1,4,2,45.9,54.1,2,2,0,0,4,5
2025-08-31,Shamrock Rovers,Drogheda,2,1,1.44,3.88,6.74,1.5,4.12,7.56,Premier Division,,20250831_Shamrock-Rovers_Drogheda,129.87379850752063,1.19,1.44,3,4,7,7,51.7,48.3,4,2,0,0,1,3
2025-09-07,Shelbourne,Galway,1,0,1.88,3.23,3.89,1.97,3.26,4.42,Premier Division,,20250907_Shelbourne_Galway,106.72748697439602,1.24,0.85,6,3,13,4,54.9,45.1,3,4,0,1,8,3
2025-09-12,Bohemians,Derry City,3,4,2.15,3.02,3.31,2.22,3.1,3.77,Premier Division,,20250912_Bohemians_Derry-City,-25.326560967331034,2.36,2.62,9,8,20,16,44.3,55.7,2,2,0,0,7,11
2025-09-19,Bohemians,Waterford,2,1,1.35,4.65,6.8,1.39,5.14,7.57,Premier Division,,20250919_Bohemians_Waterford,85.87370479689639,0.96,0.92,2,3,6,7,55.0,45.0,4,2,0,0,9,0
2025-09-19,Cork City,Shamrock Rovers,1,1,6.86,4.09,1.41,7.79,4.38,1.45,Premier Division,,20250919_Cork-City_Shamrock-Rovers,-284.10585551161216,0.87,0.51,4,1,10,2,42.0,58.0,2,1,0,0,4,5
2025-09-19,Derry City,Shelbourne,1,1,2.24,2.95,3.16,2.43,3.07,3.31,Premier Division,,20250919_Derry-City_Shelbourne,5.752286103196866,0.49,0.65,2,2,3,5,52.9,47.1,3,0,0,0,3,5
2025-09-19,Sligo Rovers,Drogheda,1,1,2.27,3.17,2.89,2.57,3.22,2.96,Premier Division,,20250919_Sligo-Rovers_Drogheda,-41.5729959006444,0.85,0.78,1,2,3,4,42.1,57.9,0,2,0,0,3,5
2025-09-19,St. Patricks,Galway,1,1,1.54,3.8,5.35,1.62,4.06,5.6,Premier Division,,20250919_St.-Patricks_Galway,117.11312036901109,1.71,0.45,6,1,15,3,53.5,46.5,1,4,0,0,5,2
2025-09-22,Drogheda,Shelbourne,2,1,3.92,3.16,1.89,3.65,3.11,2.26,Premier Division,,20250922_Drogheda_Shelbourne,-59.32869309007424,1.78,1.05,7,3,16,6,44.7,55.3,0,1,0,0,6,4
2025-09-22,Galway,Sligo Rovers,0,1,1.73,3.59,4.09,1.84,3.61,4.53,Premier Division,,20250922_Galway_Sligo-Rovers,-21.83518048319911,0.49,0.95,1,4,3,7,47.7,52.3,1,2,0,0,0,10
2025-09-22,St. Patricks,Cork City,4,0,1.26,5.11,9.18,1.28,5.79,10.53,Premier Division,,20250922_St.-Patricks_Cork-City,178.0589319736946,1.61,1.72,4,5,7,12,59.6,40.4,2,2,0,0,5,6
2025-09-22,Waterford,Shamrock Rovers,1,2,4.8,3.6,1.62,5.13,3.92,1.68,Premier Division,,20250922_Waterford_Shamrock-Rovers,-216.3058420432733,1.77,0.55,6,2,14,4,44.0,56.0,1,1,0,1,4,2
2025-09-26,Drogheda,Derry City,1,1,3.4,2.88,2.17,3.59,3.03,2.32,Premier Division,,20250926_Drogheda_Derry-City,-50.65420892701263,1.53,0.35,5,2,12,4,55.9,44.1,0,3,0,0,8,6
2025-09-26,Galway,Cork City,2,1,1.52,3.96,5.32,1.54,4.36,6.02,Premier Division,,20250926_Galway_Cork-City,63.83314411301512,0.92,0.57,2,1,4,0,54.2,45.8,4,2,1,0,5,2
2025-09-26,Shamrock Rovers,Bohemians,2,1,1.84,3.34,3.87,1.88,3.55,4.37,Premier Division,,20250926_Shamrock-Rovers_Bohemians,117.61112117050425,1.44,0.7,4,1,10,3,58.8,41.2,2,1,0,0,5,3
2025-09-26,Shelbourne,Waterford,2,1,1.42,4.13,6.45,1.44,4.61,7.53,Premier Division,,20250926_Shelbourne_Waterford,128.3287181461119,1.43,1.0,3,2,8,3,57.4,42.6,1,1,0,0,6,3
2025-09-27,Sligo Rovers,St. Patricks,1,0,4.43,3.62,1.67,4.94,3.92,1.71,Premier Division,,20250927_Sligo-Rovers_St.-Patricks,-82.57166357775918,1.64,0.28,5,0,10,0,48.5,51.5,0,1,0,0,6,2
2025-10-05,Derry City,Sligo Rovers,1,0,1.52,3.9,5.57,1.59,4.14,5.77,Premier Division,,20251005_Derry-City_Sligo-Rovers,75.615034948519,1.78,1.03,6,4,12,8,57.0,43.0,0,1,1,0,3,5
2025-10-05,Waterford,Drogheda,2,0,2.32,3.27,2.76,2.52,3.34,2.93,Premier Division,,20251005_Waterford_Drogheda,-106.55499463391152,1.08,1.74,4,5,8,10,46.5,53.5,0,3,0,0,5,4
2025-10-10,Shamrock Rovers,Shelbourne,0,1,2.09,3.04,3.45,2.22,3.12,3.74,Premier Division,,20251010_Shamrock-Rovers_Shelbourne,99.03442786331289,1.66,1.55,6,5,15,11,53.0,47.0,3,1,0,0,6,6
2025-10-13,Cork City,Shelbourne,1,2,5.83,3.87,1.5,6.63,4.15,1.53,Premier Division,,20251013_Cork-City_Shelbourne,-213.83864137872547,0.77,1.67,3,5,6,9,44.5,55.5,2,2,0,0,10,7
2025-10-17,Drogheda,Cork City,1,0,1.52,3.83,5.67,1.57,4.06,6.24,Premier Division,,20251017_Drogheda_Cork-City,151.07174522326522,1.34,1.05,2,3,5,6,55.6,44.4,5,1,0,0,5,2
2025-10-17,Galway,Bohemians,2,0,2.97,3.28,2.19,3.23,3.45,2.27,Premier Division,,20251017_Galway_Bohemians,-80.28604468736557,1.77,0.76,6,4,13,7,51.9,48.1,1,2,0,0,4,5
2025-10-17,Shelbourne,Sligo Rovers,3,1,1.52,3.9,5.51,1.55,4.27,6.03,Premier Division,,20251017_Shelbourne_Sligo-Rovers,95.91064575211226,0.87,1.98,4,7,11,15,59.6,40.4,2,2,0,0,9,6
2025-10-17,St. Patricks,Shamrock Rovers,1,0,2.28,3.05,3.02,2.42,3.1,3.29,Premier Division,,20251017_St.-Patricks_Shamrock-Rovers,-96.45746995682816,1.12,1.54,3,4,7,11,47.8,52.2,0,1,0,0,2,5
2025-10-17,Waterford,Derry City,1,2,3.19,3.26,2.1,3.57,3.36,2.17,Premier Division,,20251017_Waterford_Derry-City,-147.5944613768777,0.86,1.7,3,5,7,12,45.4,54.6,2,3,0,0,8,8
2025-10-20,Bohemians,St. Patricks,0,0,2.31,3.11,2.89,2.58,3.18,2.98,Premier Division,,20251020_Bohemians_St.-Patricks,-51.968431117810724,0.93,0.96,3,2,7,5,49.0,51.0,2,1,0,0,2,4
2025-10-24,Galway,Drogheda,1,1,1.74,3.47,4.23,2.06,3.4,3.61,Premier Division,,20251024_Galway_Drogheda,-54.53798905692065,1.53,1.33,3,3,6,6,43.6,56.4,3,0,0,0,3,5
2025-10-24,St. Patricks,Waterford,1,1,1.41,4.29,6.35,1.39,4.96,7.0,Premier Division,,20251024_St.-Patricks_Waterford,136.17856232468307,1.68,0.37,6,1,13,3,62.1,37.9,2,3,0,0,7,3
2025-10-25,Sligo Rovers,Cork City,1,1,1.51,4.07,5.29,1.5,4.43,5.92,Premier Division,,20251025_Sligo-Rovers_Cork-City,127.0955746651739,1.84,0.26,5,1,11,4,58.5,41.5,3,3,0,0,5,2
2025-10-26,Bohemians,Shelbourne,2,3,2.07,3.22,3.29,2.2,3.39,3.27,Premier Division,,20251026_Bohemians_Shelbourne,-77.21630323086697,1.01,1.59,4,6,9,13,56.9,43.1,1,3,0,0,1,7
2025-10-26,Derry City,Shamrock Rovers,2,1,2.56,2.96,2.7,2.67,3.0,2.88,Premier Division,,20251026_Derry-City_Shamrock-Rovers,-41.94967046829947,1.6,1.56,6,5,12,10,46.1,53.9,3,0,0,0,5,8
2025-10-28,Shamrock Rovers,Galway,1,0,2.26,3.09,3.03,,,,Premier Division,,20251028_Shamrock-Rovers_Galway,153.45541355830505,1.05,0.58,5,1,11,3,58.7,41.3,3,2,0,0,2,4
2025-11-01,Cork City,Derry City,0,1,5.88,3.81,1.5,,,,Premier Division,,20251101_Cork-City_Derry-City,-246.7635872917799,0.6,0.47,2,2,6,5,42.5,57.5,0,2,0,0,1,4
2025-11-01,Drogheda,Bohemians,1,4,3.31,3.27,2.03,,,,Premier Division,,20251101_Drogheda_Bohemians,9.427345322641031,2.58,1.49,9,4,20,6,51.8,48.2,3,1,0,0,16,4
2025-11-01,Shamrock Rovers,Sligo Rovers,1,2,2.39,3.17,2.73,,,,Premier Division,,20251101_Shamrock-Rovers_Sligo-Rovers,150.16119043220715,0.73,0.85,3,2,7,3,55.7,44.3,2,2,0,0,6,2
2025-11-01,Shelbourne,St. Patricks,0,0,2.48,3.16,2.61,,,,Premier Division,,20251101_Shelbourne_St.-Patricks,42.66380845490221,0.59,0.63,0,1,2,2,46.1,53.9,3,2,0,0,2,8
2025-11-01,Waterford,Galway,1,1,2.68,3.08,2.48,,,,Premier Division,,20251101_Waterford_Galway,-25.527329231187423,0.64,1.53,4,3,8,6,46.2,53.8,1,4,0,0,7,9
2026-02-06,Derry City,Sligo Rovers,2,1,1.32,4.54,8.02,,,,Premier Division,,20260206_Derry-City_Sligo-Rovers,115.85990132027564,1.77,0.44,5,2,11,7,55.0,45.0,2,0,0,0,7,11
2026-02-06,Galway,Drogheda,0,1,2.28,2.99,3.07,,,,Premier Division,,20260206_Galway_Drogheda,-46.375415806289084,0.47,1.72,0,5,0,9,45.2,54.8,1,1,0,0,1,8
2026-02-06,Waterford,Shelbourne,1,1,3.78,3.28,1.88,,,,Premier Division,,20260206_Waterford_Shelbourne,-167.5430450512099,1.26,0.97,4,4,7,8,40.4,59.6,1,3,0,0,3,4
2026-02-08,Bohemians,St. Patricks,0,0,2.61,2.88,2.68,,,,Premier Division,,20260208_Bohemians_St.-Patricks,-42.44536507011708,0.97,1.72,2,6,7,12,45.1,54.9,0,0,0,0,3,7
2026-02-13,Derry City,Dundalk,2,2,1.65,3.53,4.81,,,,Premier Division,,20260213_Derry-City_Dundalk,198.37322992078452,1.11,0.62,2,2,4,5,48.9,51.1,2,1,0,0,5,0
2026-02-13,Drogheda,Waterford,2,0,1.92,3.24,3.66,,,,Premier Division,,20260213_Drogheda_Waterford,75.17393045857739,0.59,0.35,2,2,4,5,52.8,47.2,2,2,0,0,1,5
2026-02-14,Sligo Rovers,Bohemians,0,4,4.65,3.63,1.64,,,,Premier Division,,20260214_Sligo-Rovers_Bohemians,-36.09890920539556,0.49,1.89,1,5,3,12,48.2,51.8,1,0,0,0,1,5
2026-02-20,Derry City,Bohemians,0,1,2.27,3.11,2.96,,,,Premier Division,,20260220_Derry-City_Bohemians,79.09125277599082,0.51,0.43,0,1,0,3,49.7,50.3,3,2,0,0,3,4
2026-02-20,Dundalk,Drogheda,1,1,2.26,3.04,3.02,,,,Premier Division,,20260220_Dundalk_Drogheda,-99.30729404731164,1.48,0.4,5,3,9,5,46.0,54.0,4,0,0,0,7,3
2026-02-20,Shamrock Rovers,St. Patricks,2,0,2.27,2.85,3.22,,,,Premier Division,,20260220_Shamrock-Rovers_St.-Patricks,48.90302674403438,1.33,0.05,5,0,8,1,49.6,50.4,2,1,0,0,8,1
2026-02-20,Shelbourne,Galway,1,1,1.51,3.78,5.71,,,,Premier Division,,20260220_Shelbourne_Galway,148.80729958768688,0.84,0.62,4,1,10,3,60.7,39.3,2,2,0,0,4,4
2026-02-20,Waterford,Sligo Rovers,0,0,1.84,3.42,3.76,,,,Premier Division,,20260220_Waterford_Sligo-Rovers,-44.035501564176684,0.78,0.75,1,3,4,8,46.3,53.7,1,1,0,0,4,8
2026-02-23,Shamrock Rovers,Dundalk,1,1,1.45,3.88,6.38,,,,Premier Division,,20260223_Shamrock-Rovers_Dundalk,191.5521016461396,1.92,0.42,6,1,13,4,56.0,44.0,1,4,0,0,8,3
2026-02-27,Bohemians,Shamrock Rovers,3,2,2.16,2.97,3.28,,,,Premier Division,,20260227_Bohemians_Shamrock-Rovers,-67.29153706184252,2.42,2.02,6,5,12,9,48.1,51.9,1,1,0,0,4,2
2026-02-27,Derry City,Waterford,4,2,1.44,4.11,5.94,,,,Premier Division,,20260227_Derry-City_Waterford,164.54264761182162,2.19,0.33,9,2,20,4,52.0,48.0,3,2,0,0,6,1
2026-02-27,Drogheda,Shelbourne,1,2,3.36,3.05,2.08,,,,Premier Division,,20260227_Drogheda_Shelbourne,-70.66582254657988,1.4,1.89,6,5,11,10,55.9,44.1,1,1,0,0,5,4
2026-02-27,Galway,Sligo Rovers,1,0,1.73,3.37,4.36,,,,Premier Division,,20260227_Galway_Sligo-Rovers,-20.249366343889733,1.16,1.27,3,4,4,9,46.2,53.8,2,1,0,1,4,5
2026-02-27,St. Patricks,Dundalk,4,0,1.83,3.24,4.03,,,,Premier Division,,20260227_St.-Patricks_Dundalk,115.98683534975021,1.83,1.42,7,5,15,12,53.7,46.3,2,4,0,1,6,6
2026-03-02,St. Patricks,Galway,1,0,1.67,3.38,4.86,,,,Premier Division,,20260302_St.-Patricks_Galway,93.26243010207577,0.93,1.02,1,4,1,9,58.8,41.2,1,3,0,0,5,5
2026-03-06,Galway,Dundalk,2,2,2.22,3.08,3.04,,,,Premier Division,,20260306_Galway_Dundalk,30.14323361393599,0.67,1.47,2,3,6,7,55.0,45.0,3,0,0,0,4,1
2026-03-06,Shamrock Rovers,Derry City,1,0,2.0,3.23,3.41,,,,Premier Division,,20260306_Shamrock-Rovers_Derry-City,-3.4311165839717432,0.81,1.4,4,3,10,7,47.6,52.4,2,1,0,0,11,0
2026-03-06,Shelbourne,St. Patricks,2,3,2.25,2.97,3.11,,,,Premier Division,,20260306_Shelbourne_St.-Patricks,33.891011370580145,0.77,0.82,2,3,4,7,50.8,49.2,3,1,0,0,4,3
2026-03-06,Waterford,Bohemians,0,1,4.06,3.63,1.72,,,,Premier Division,,20260306_Waterford_Bohemians,-135.82474013316528,0.88,0.59,3,2,7,5,49.2,50.8,1,5,0,0,6,2
2026-03-07,Sligo Rovers,Drogheda,2,1,2.97,3.19,2.22,,,,Premier Division,,20260307_Sligo-Rovers_Drogheda,-51.30468310739934,0.97,1.66,2,6,4,14,48.7,51.3,0,1,0,0,4,6
2026-03-09,Shelbourne,Shamrock Rovers,2,2,2.38,3.0,2.85,,,,Premier Division,,20260309_Shelbourne_Shamrock-Rovers,-23.63720269810392,1.61,0.82,6,4,13,11,51.9,48.1,1,2,1,0,5,5
2026-03-13,Bohemians,Galway,1,0,1.49,3.86,5.7,,,,Premier Division,,20260313_Bohemians_Galway,113.08539413065114,1.23,0.67,5,3,13,7,56.2,43.8,0,3,0,0,6,2
2026-03-13,Derry City,Shelbourne,1,2,2.16,3.13,3.1,,,,Premier Division,,20260313_Derry-City_Shelbourne,2.0161710423792556,2.02,1.75,6,6,13,13,52.9,47.1,1,2,0,0,6,3
2026-03-13,Dundalk,Waterford,5,0,1.71,3.56,4.2,,,,Premier Division,,20260313_Dundalk_Waterford,9.741139830258362,0.68,0.05,5,1,11,0,47.3,52.7,0,2,0,0,5,6
2026-03-13,Sligo Rovers,Shamrock Rovers,0,2,5.12,3.57,1.59,,,,Premier Division,,20260313_Sligo-Rovers_Shamrock-Rovers,-137.05127239803505,1.18,0.55,3,2,7,7,45.5,54.5,1,0,0,0,6,6
2026-03-13,St. Patricks,Drogheda,4,1,1.53,3.56,5.96,,,,Premier Division,,20260313_St.-Patricks_Drogheda,82.88569402437793,1.01,0.05,4,1,7,1,51.8,48.2,1,0,0,0,3,1
2026-03-16,Drogheda,Shamrock Rovers,0,0,3.85,3.26,1.86,,,,Premier Division,,20260316_Drogheda_Shamrock-Rovers,-129.95294531897798,0.94,0.73,4,3,9,7,45.6,54.4,2,0,0,0,7,4
2026-03-16,Dundalk,Sligo Rovers,1,0,1.63,3.63,4.67,,,,Premier Division,,20260316_Dundalk_Sligo-Rovers,-27.408960362748303,0.64,1.11,3,3,8,6,45.9,54.1,1,3,0,0,5,8
2026-03-16,Galway,Waterford,4,3,1.65,3.59,4.55,,,,Premier Division,,20260316_Galway_Waterford,41.244508873272025,1.08,1.49,5,4,11,8,55.0,45.0,2,0,0,0,6,4
2026-03-16,Shelbourne,Bohemians,0,0,2.51,2.9,2.76,,,,Premier Division,,20260316_Shelbourne_Bohemians,24.306043217174192,0.72,0.73,0,2,2,5,51.5,48.5,4,2,0,0,6,3
2026-03-16,St. Patricks,Derry City,0,0,2.12,3.02,3.31,,,,Premier Division,,20260316_St.-Patricks_Derry-City,10.871351471192156,0.85,0.08,3,0,7,0,52.8,47.2,1,1,0,0,4,0
2026-03-20,Bohemians,Dundalk,1,1,1.5,3.82,5.56,,,,Premier Division,,20260320_Bohemians_Dundalk,125.60788929397222,1.0,1.5,4,5,9,11,52.3,47.7,1,1,0,0,5,4
2026-03-20,Derry City,Drogheda,2,2,1.54,3.6,5.62,,,,Premier Division,,20260320_Derry-City_Drogheda,86.4801756250763,1.21,1.97,5,8,11,18,53.0,47.0,3,2,0,0,9,7
2026-03-20,Shamrock Rovers,Galway,2,0,1.54,3.6,5.64,,,,Premier Division,,20260320_Shamrock-Rovers_Galway,156.40695865470343,1.24,0.84,4,4,9,8,59.7,40.3,4,1,0,0,2,7
2026-03-20,Waterford,St. Patricks,0,2,4.47,3.55,1.67,,,,Premier Division,,20260320_Waterford_St.-Patricks,-194.0439438838639,0.54,1.08,0,3,0,8,48.8,51.2,1,3,0,0,2,5
2026-03-21,Sligo Rovers,Shelbourne,0,1,4.39,3.37,1.73,,,,Premier Division,,20260321_Sligo-Rovers_Shelbourne,-146.71812982696815,1.94,1.18,7,6,15,12,41.5,58.5,0,3,0,0,7,4
2026-04-03,Drogheda,Bohemians,0,0,4.03,3.15,1.85,,,,Premier Division,,20260403_Drogheda_Bohemians,-77.67456391889868,0.62,1.22,3,3,4,6,47.1,52.9,4,1,0,1,4,9
2026-04-03,Galway,Derry City,2,1,2.71,2.92,2.55,,,,Premier Division,,20260403_Galway_Derry-City,-125.52332330512854,1.48,0.95,5,2,13,4,41.9,58.1,3,1,0,0,7,2
2026-04-03,Shelbourne,Dundalk,2,3,1.7,3.52,4.33,,,,Premier Division,,20260403_Shelbourne_Dundalk,151.29266591406144,1.88,1.11,6,4,12,7,57.1,42.9,2,2,0,0,9,8
2026-04-03,St. Patricks,Sligo Rovers,4,1,1.28,4.67,9.38,,,,Premier Division,,20260403_St.-Patricks_Sligo-Rovers,149.06047973963996,2.23,1.46,8,6,20,12,50.4,49.6,1,3,0,0,13,5
2026-04-03,Waterford,Shamrock Rovers,1,1,6.05,4.01,1.44,,,,Premier Division,,20260403_Waterford_Shamrock-Rovers,-231.66879414955497,1.12,1.29,5,5,9,11,32.2,67.8,0,1,0,0,4,8
2026-04-06,Bohemians,Waterford,1,1,1.24,5.18,9.98,,,,Premier Division,,20260406_Bohemians_Waterford,174.32864604680617,1.32,0.09,5,1,10,3,53.8,46.2,3,2,1,0,8,4
2026-04-06,Drogheda,Galway,2,3,2.2,2.94,3.24,,,,Premier Division,,20260406_Drogheda_Galway,31.379414471594828,0.79,1.92,3,6,6,12,48.5,51.5,1,1,0,0,6,5
2026-04-06,Dundalk,St. Patricks,2,0,3.63,3.31,1.9,,,,Premier Division,,20260406_Dundalk_St.-Patricks,-129.43500616349206,1.57,0.76,5,2,12,3,39.6,60.4,2,1,0,1,9,7
2026-04-06,Shamrock Rovers,Shelbourne,3,2,1.82,3.21,4.07,,,,Premier Division,,20260406_Shamrock-Rovers_Shelbourne,23.628571114571514,1.15,1.04,3,4,6,7,47.3,52.7,4,3,0,0,4,9
2026-04-06,Sligo Rovers,Derry City,0,0,3.7,3.18,1.92,,,,Premier Division,,20260406_Sligo-Rovers_Derry-City,-121.08524249065658,0.05,0.05,1,0,2,0,43.3,56.7,0,3,1,0,1,2
2026-04-10,Bohemians,Sligo Rovers,1,2,1.3,4.65,8.33,,,,Premier Division,,20260410_Bohemians_Sligo-Rovers,122.06762205703899,0.9,0.59,2,2,3,6,55.6,44.4,1,2,0,0,2,3
2026-04-10,Dundalk,Derry City,2,2,2.45,3.1,2.69,,,,Premier Division,,20260410_Dundalk_Derry-City,-66.87279435665937,1.01,0.7,2,2,5,4,48.5,51.5,2,4,0,0,2,2
2026-04-10,St. Patricks,Shamrock Rovers,0,1,2.18,3.03,3.17,,,,Premier Division,,20260410_St.-Patricks_Shamrock-Rovers,-39.10907607145646,1.25,0.69,3,3,8,6,52.5,47.5,0,0,0,0,9,4
2026-04-17,Drogheda,St. Patricks,1,3,4.3,3.29,1.75,,,,Premier Division,,20260417_Drogheda_St.-Patricks,-90.24998830908748,0.88,1.96,3,6,7,11,39.9,60.1,1,1,1,0,4,5
2026-04-17,Dundalk,Galway,2,1,1.8,3.43,3.87,,,,Premier Division,,20260417_Dundalk_Galway,11.518309295842528,1.42,1.26,4,3,9,7,44.7,55.3,0,4,0,1,4,2
2026-04-17,Shamrock Rovers,Bohemians,2,1,2.32,2.9,3.0,,,,Premier Division,,20260417_Shamrock-Rovers_Bohemians,86.80408585280225,2.09,0.88,5,3,10,9,42.2,57.8,1,3,0,0,7,7
2026-04-17,Shelbourne,Derry City,1,2,1.87,3.14,3.94,,,,Premier Division,,20260417_Shelbourne_Derry-City,25.404851638289983,1.59,0.88,5,3,11,6,59.3,40.7,0,0,0,0,6,1
2026-04-18,Sligo Rovers,Waterford,2,0,1.97,3.22,3.46,,,,Premier Division,,20260418_Sligo-Rovers_Waterford,57.18780257952449,0.73,0.24,2,1,5,2,59.5,40.5,2,0,1,0,3,7
2026-04-24,Derry City,Shamrock Rovers,1,0,2.89,3.05,2.3,,,,Premier Division,,20260424_Derry-City_Shamrock-Rovers,-78.2454910650813,1.14,0.71,4,2,9,6,51.9,48.1,4,1,0,0,5,2
2026-04-24,Shelbourne,Drogheda,3,4,1.59,3.61,4.98,,,,Premier Division,,20260424_Shelbourne_Drogheda,90.09033379713878,1.19,1.66,3,5,6,11,57.0,43.0,0,0,0,0,3,9
2026-04-24,St. Patricks,Bohemians,3,1,2.19,3.06,3.08,,,,Premier Division,,20260424_St.-Patricks_Bohemians,44.3991155024803,1.49,0.6,4,2,9,5,53.4,46.6,4,2,0,0,8,6
2026-04-24,Waterford,Galway,1,1,2.97,3.22,2.17,,,,Premier Division,,20260424_Waterford_Galway,-76.51161217296703,1.84,1.44,6,4,11,7,37.6,62.4,3,1,0,0,9,4
2026-04-25,Sligo Rovers,Dundalk,2,0,3.36,3.29,1.97,,,,Premier Division,,20260425_Sligo-Rovers_Dundalk,-33.961853431328336,1.17,0.67,4,1,9,2,50.9,49.1,1,2,0,0,6,3
2026-05-01,Bohemians,Derry City,1,1,1.72,3.39,4.35,,,,Premier Division,,20260501_Bohemians_Derry-City,-51.816630809321396,0.66,0.47,1,1,1,4,41.7,58.3,2,3,0,0,2,1
2026-05-01,Drogheda,Sligo Rovers,1,0,1.72,3.49,4.21,,,,Premier Division,,20260501_Drogheda_Sligo-Rovers,8.982177551531777,1.16,0.91,4,3,10,9,45.9,54.1,1,1,0,0,7,6
2026-05-01,Dundalk,Shelbourne,1,2,2.42,3.31,2.57,,,,Premier Division,,20260501_Dundalk_Shelbourne,-61.361821117645604,1.77,1.01,5,4,11,10,46.4,53.6,0,2,0,0,12,6
2026-05-01,Galway,St. Patricks,2,2,3.6,3.38,1.88,,,,Premier Division,,20260501_Galway_St.-Patricks,-129.09663900440637,0.67,0.86,2,2,4,6,47.5,52.5,1,3,0,0,4,4
2026-05-01,Shamrock Rovers,Waterford,1,0,1.22,5.58,10.41,,,,Premier Division,,20260501_Shamrock-Rovers_Waterford,235.80478535594625,0.95,0.22,2,1,3,2,60.0,40.0,2,2,0,0,3,3
2026-05-04,Bohemians,Shelbourne,2,2,1.96,3.2,3.53,,,,Premier Division,,20260504_Bohemians_Shelbourne,-29.894149931934635,0.84,0.77,4,2,9,7,46.2,53.8,2,0,0,0,2,1
2026-05-04,Derry City,Galway,1,1,1.79,3.35,4.03,,,,Premier Division,,20260504_Derry-City_Galway,109.52364842922316,1.34,0.77,4,3,11,6,55.4,44.6,0,2,0,0,4,0
2026-05-04,Shamrock Rovers,Drogheda,4,1,1.49,3.82,5.76,,,,Premier Division,,20260504_Shamrock-Rovers_Drogheda,132.2034126591043,0.93,1.19,4,4,10,8,49.9,50.1,0,0,0,0,5,5
2026-05-04,Sligo Rovers,St. Patricks,1,1,5.4,3.71,1.54,,,,Premier Division,,20260504_Sligo-Rovers_St.-Patricks,-119.99102314593347,1.19,1.79,3,6,7,13,42.6,57.4,2,1,0,1,5,6
2026-05-04,Waterford,Dundalk,3,3,4.04,3.77,1.69,,,,Premier Division,,20260504_Waterford_Dundalk,-90.47407456172186,0.73,1.82,3,5,7,10,52.1,47.9,1,2,0,1,5,6
2026-05-08,Drogheda,Derry City,1,0,2.87,3.08,2.32,,,,Premier Division,,20260508_Drogheda_Derry-City,-80.56480213770806,0.93,0.78,4,3,12,6,50.5,49.5,1,3,1,0,7,4
2026-05-08,Dundalk,Bohemians,1,3,2.48,3.28,2.5,,,,Premier Division,,20260508_Dundalk_Bohemians,-55.358537758004104,2.41,1.14,8,4,15,9,49.8,50.2,0,4,0,0,9,6
2026-05-08,Galway,Shamrock Rovers,1,3,3.66,3.29,1.89,,,,Premier Division,,20260508_Galway_Shamrock-Rovers,-169.12201391468693,0.05,1.01,1,4,3,9,39.3,60.7,4,2,0,0,4,6
2026-05-08,Shelbourne,Sligo Rovers,0,0,1.41,4.15,6.48,,,,Premier Division,,20260508_Shelbourne_Sligo-Rovers,85.56031707374927,0.12,0.72,0,2,1,2,45.2,54.8,4,2,0,1,2,5
2026-05-08,St. Patricks,Waterford,4,1,1.25,5.26,9.05,,,,Premier Division,,20260508_St.-Patricks_Waterford,194.0112033185535,1.58,0.59,6,3,12,8,54.3,45.7,1,0,0,0,4,6
2026-05-15,Bohemians,Drogheda,2,1,1.48,3.94,5.8,,,,Premier Division,,20260515_Bohemians_Drogheda,32.363713998410276,1.56,1.03,6,3,14,7,47.9,52.1,2,2,0,1,10,5
2026-05-15,Dundalk,Shamrock Rovers,1,0,2.72,3.44,2.24,,,,Premier Division,,20260515_Dundalk_Shamrock-Rovers,-182.5369946303906,1.58,1.47,5,5,10,12,41.5,58.5,1,3,0,0,8,3
2026-05-15,St. Patricks,Shelbourne,0,1,1.77,3.37,4.08,,,,Premier Division,,20260515_St.-Patricks_Shelbourne,35.271836485471795,1.04,1.04,4,3,9,8,52.0,48.0,3,2,0,0,4,6
2026-05-15,Waterford,Derry City,2,2,4.13,3.55,1.72,,,,Premier Division,,20260515_Waterford_Derry-City,-174.4763869250953,1.18,0.39,4,2,9,5,39.0,61.0,3,2,0,0,7,5
2026-05-16,Sligo Rovers,Galway,1,4,2.62,3.04,2.53,,,,Premier Division,,20260516_Sligo-Rovers_Galway,10.378661138429607,1.02,1.91,3,6,7,14,55.1,44.9,2,1,0,0,5,7
2026-05-18,Waterford,Drogheda,2,1,2.39,3.27,2.62,,,,Premier Division,,20260518_Waterford_Drogheda,-106.9277465748255,1.07,2.0,3,5,4,9,47.1,52.9,1,2,0,0,3,5
2026-05-22,Derry City,St. Patricks,0,0,3.03,2.97,2.27,,,,Premier Division,,20260522_Derry-City_St.-Patricks,-23.72362224970857,0.84,2.03,2,5,4,9,42.6,57.4,0,2,0,1,2,4
2026-05-22,Drogheda,Dundalk,1,1,2.55,3.38,2.38,,,,Premier Division,,20260522_Drogheda_Dundalk,-1.0455308788230013,0.67,0.64,1,1,2,0,45.9,54.1,1,2,0,0,2,0
2026-05-22,Galway,Bohemians,2,4,3.59,3.32,1.91,,,,Premier Division,,20260522_Galway_Bohemians,-73.83899827932214,1.19,1.46,6,4,16,9,49.9,50.1,2,3,0,0,10,4
2026-05-22,Shamrock Rovers,Sligo Rovers,1,2,1.27,4.9,9.27,,,,Premier Division,,20260522_Shamrock-Rovers_Sligo-Rovers,166.47995759557034,0.8,1.19,3,4,7,10,47.6,52.4,1,0,1,0,0,5
2026-05-22,Shelbourne,Waterford,2,1,1.4,4.25,6.54,,,,Premier Division,,20260522_Shelbourne_Waterford,162.64354169710555,1.55,0.88,4,4,10,10,52.1,47.9,0,2,0,0,4,4
2026-05-25,Bohemians,Shamrock Rovers,1,2,2.17,3.12,3.08,,,,Premier Division,,20260525_Bohemians_Shamrock-Rovers,-51.46857134747506,0.58,1.09,1,3,2,7,48.8,51.2,4,1,0,0,1,6
2026-05-25,Derry City,Shelbourne,0,0,2.53,2.94,2.68,,,,Premier Division,,20260525_Derry-City_Shelbourne,-20.821623479790787,0.68,0.7,2,1,5,1,50.6,49.4,0,1,0,0,3,2
2026-05-29,Drogheda,Waterford,3,3,1.87,3.4,3.64,,,,Premier Division,,20260529_Drogheda_Waterford,82.5620422608622,1.67,1.91,5,7,10,15,58.4,41.6,1,4,0,0,6,6
2026-05-29,Dundalk,Derry City,2,1,2.19,3.18,2.99,,,,Premier Division,,20260529_Dundalk_Derry-City,-72.52445227553835,0.93,0.05,3,1,7,2,45.1,54.9,1,3,0,1,7,1
2026-05-29,Shamrock Rovers,St. Patricks,1,0,2.37,3.03,2.82,,,,Premier Division,,20260529_Shamrock-Rovers_St.-Patricks,46.00359141733361,1.4,0.7,6,2,12,6,49.1,50.9,2,1,0,0,6,5
2026-05-29,Shelbourne,Galway,1,1,1.67,3.55,4.45,,,,Premier Division,,20260529_Shelbourne_Galway,106.52995605204342,1.35,0.81,5,2,11,6,53.4,46.6,4,2,0,0,7,3
2026-05-29,Sligo Rovers,Bohemians,1,3,5.86,3.88,1.48,,,,Premier Division,,20260529_Sligo-Rovers_Bohemians,-70.0823114240718,0.64,0.86,1,3,2,5,42.5,57.5,2,3,0,0,2,2
2026-06-12,Derry City,Bohemians,4,1,2.7,3.02,2.48,,,,Premier Division,,20260612_Derry-City_Bohemians,-19.514556132612142,1.55,0.75,4,2,9,4,55.8,44.2,1,0,1,0,4,2
2026-06-12,Galway,Dundalk,0,1,2.62,3.37,2.34,,,,Premier Division,,20260612_Galway_Dundalk,-25.52132884869343,0.32,0.94,0,3,2,9,49.4,50.6,1,2,0,0,4,8
2026-06-12,Shelbourne,Shamrock Rovers,2,1,2.56,3.06,2.62,,,,Premier Division,,20260612_Shelbourne_Shamrock-Rovers,-61.97625492129305,2.08,1.55,6,4,12,10,48.9,51.1,2,2,0,0,7,6
2026-06-12,St. Patricks,Drogheda,2,0,1.35,4.3,7.57,,,,Premier Division,,20260612_St.-Patricks_Drogheda,87.2456498344502,2.45,1.06,8,4,15,11,56.9,43.1,3,1,0,0,5,3
2026-06-12,Waterford,Sligo Rovers,4,0,1.91,3.33,3.52,,,,Premier Division,,20260612_Waterford_Sligo-Rovers,-69.00030668552631,0.71,0.52,4,0,9,0,48.9,51.1,0,0,0,0,5,1
2026-06-19,Bohemians,Dundalk,1,2,1.73,3.66,4.02,,,,Premier Division,,20260619_Bohemians_Dundalk,39.30730757646893,1.44,1.41,4,4,8,10,51.0,49.0,2,1,0,0,5,6
2026-06-19,Drogheda,Shelbourne,2,2,3.63,3.25,1.93,,,,Premier Division,,20260619_Drogheda_Shelbourne,-115.2802003256038,0.05,1.83,2,8,4,17,47.4,52.6,4,2,0,0,5,8
2026-06-19,Galway,Derry City,2,1,3.19,3.18,2.12,,,,Premier Division,,20260619_Galway_Derry-City,-92.90089538449479,0.14,2.28,2,7,3,15,41.1,58.9,3,5,0,0,1,3
2026-06-19,St. Patricks,Sligo Rovers,2,0,1.2,5.75,11.43,,,,Premier Division,,20260619_St.-Patricks_Sligo-Rovers,118.60994583050115,1.08,0.91,5,6,12,16,53.6,46.4,1,3,0,0,7,5
2026-06-19,Waterford,Shamrock Rovers,0,2,4.4,3.69,1.67,,,,Premier Division,,20260619_Waterford_Shamrock-Rovers,-202.5832017406558,1.6,1.3,5,3,11,7,49.9,50.1,2,3,0,0,7,4
2026-06-22,Shamrock Rovers,Derry City,1,1,1.83,3.27,4.06,,,,Premier Division,,20260622_Shamrock-Rovers_Derry-City,86.3062075003852,0.84,0.1,2,1,4,1,54.0,46.0,0,3,0,0,3,5
2026-06-22,Shelbourne,Bohemians,0,3,2.6,3.09,2.53,,,,Premier Division,,20260622_Shelbourne_Bohemians,47.0729903799222,1.36,0.95,3,3,6,6,45.5,54.5,2,0,0,0,6,4
2026-06-26,Bohemians,St. Patricks,2,0,2.33,3.11,2.86,,,,Premier Division,,20260626_Bohemians_St.-Patricks,-35.41641819019833,1.62,1.4,4,5,6,11,46.5,53.5,1,0,0,0,8,2
2026-06-26,Derry City,Drogheda,2,0,1.51,3.82,5.69,,,,Premier Division,,20260626_Derry-City_Drogheda,67.49449434105918,1.62,1.13,7,4,18,9,48.6,51.4,0,4,0,0,10,2
2026-06-26,Dundalk,Waterford,2,3,1.48,4.21,5.23,,,,Premier Division,,20260626_Dundalk_Waterford,111.02620852331552,0.71,0.61,3,3,6,8,48.7,51.3,1,1,0,0,2,3
2026-06-26,Shamrock Rovers,Galway,3,1,1.4,4.25,6.55,,,,Premier Division,,20260626_Shamrock-Rovers_Galway,146.0173545731011,1.81,1.22,5,3,12,6,56.4,43.6,1,1,0,0,3,2
2026-06-27,Sligo Rovers,Shelbourne,2,2,4.27,3.48,1.73,,,,Premier Division,,20260627_Sligo-Rovers_Shelbourne,-119.14542353660113,0.56,0.05,2,3,5,6,49.5,50.5,1,0,0,0,4,4
2026-07-03,Derry City,Waterford,2,4,1.43,4.22,6.14,,,,Premier Division,,20260703_Derry-City_Waterford,124.58884705034552,1.27,1.31,3,4,6,8,64.9,35.1,2,0,0,0,0,2
2026-07-03,Drogheda,Bohemians,0,2,4.24,3.49,1.73,,,,Premier Division,,20260703_Drogheda_Bohemians,-97.05654991867891,0.33,1.35,1,4,4,8,46.5,53.5,1,3,1,0,3,7
2026-07-03,Shelbourne,Dundalk,2,1,1.95,3.46,3.35,,,,Premier Division,,20260703_Shelbourne_Dundalk,57.80883449991234,2.28,1.01,6,3,13,8,54.3,45.7,2,1,0,0,8,8
2026-07-03,Sligo Rovers,Shamrock Rovers,1,2,5.15,3.83,1.54,,,,Premier Division,,20260703_Sligo-Rovers_Shamrock-Rovers,-176.39612751355162,1.33,0.92,5,2,11,6,39.2,60.8,2,2,0,0,8,0
2026-07-03,St. Patricks,Galway,3,0,1.4,4.36,6.46,,,,Premier Division,,20260703_St.-Patricks_Galway,101.63010189379429,1.64,0.57,4,1,9,2,46.3,53.7,1,1,0,0,10,2
2026-07-10,Dundalk,Drogheda,1,2,1.61,3.74,4.76,,,,Premier Division,,20260710_Dundalk_Drogheda,40.61945128600291,0.84,1.71,3,7,7,18,55.4,44.6,2,3,0,0,7,8
2026-07-10,Waterford,St. Patricks,1,1,4.88,4.09,1.53,,,,Premier Division,,20260710_Waterford_St.-Patricks,-136.19276495253553,0.22,1.59,1,3,4,7,46.6,53.4,2,0,0,0,4,6
2026-07-11,Galway,Sligo Rovers,3,2,1.71,3.68,4.08,,,,Premier Division,,20260711_Galway_Sligo-Rovers,13.706074169266685,1.92,1.11,5,4,10,9,57.0,43.0,3,2,0,0,2,7
2026-07-24,St. Patricks,Dundalk,1,1,1.45,4.18,5.84,,,,Premier Division,,20260724_St.-Patricks_Dundalk,91.65409733107731,0.31,0.65,1,1,1,3,43.4,56.6,4,3,0,0,1,1
2026-07-25,Galway,Waterford,0,0,2.0,3.61,3.09,,,,Premier Division,,20260725_Galway_Waterford,24.43932906729742,1.17,1.21,5,4,9,9,42.2,57.8,2,1,0,0,8,8
2026-07-25,Sligo Rovers,Drogheda,2,2,2.64,3.19,2.43,,,,Premier Division,,20260725_Sligo-Rovers_Drogheda,-34.07897084866795,1.15,1.02,3,2,8,4,46.9,53.1,3,0,0,0,2,1
2026-07-31,Drogheda,Shamrock Rovers,0,0,3.68,3.27,1.93,,,,Premier Division,,20260731_Drogheda_Shamrock-Rovers,-167.7815013360173,0.81,0.96,2,3,4,6,43.5,56.5,1,1,0,0,1,5
2026-07-31,Dundalk,Sligo Rovers,1,1,1.49,4.18,5.38,,,,Premier Division,,20260731_Dundalk_Sligo-Rovers,49.82613405496204,0.4,1.52,2,4,6,9,47.6,52.4,0,1,0,0,4,9
2026-08-02,Bohemians,Galway,1,1,1.49,4.06,5.4,,,,Premier Division,,20260802_Bohemians_Galway,99.28655599970307,1.08,1.52,3,6,8,11,53.9,46.1,1,0,0,0,5,10
2026-08-02,St. Patricks,Derry City,1,1,1.64,3.53,4.9,,,,Premier Division,,20260802_St.-Patricks_Derry-City,36.28823619762352,1.48,0.05,6,1,13,4,57.4,42.6,1,1,0,0,8,3
2026-08-02,Waterford,Shelbourne,1,0,2.76,3.41,2.26,,,,Premier Division,,20260802_Waterford_Shelbourne,-125.99065349352713,0.05,0.05,1,2,1,6,45.5,54.5,2,5,0,0,2,6
2026-08-07,Derry City,Sligo Rovers,2,0,1.32,4.71,7.94,,,,Premier Division,,20260807_Derry-City_Sligo-Rovers,98.54322622596806,0.81,0.68,2,1,5,2,51.4,48.6,2,3,0,0,0,4
2026-08-07,Galway,Drogheda,0,0,2.02,3.17,3.41,,,,Premier Division,,20260807_Galway_Drogheda,0.9673304101340818,0.38,0.91,2,3,3,6,52.0,48.0,1,2,0,0,6,4
2026-08-07,Shamrock Rovers,Dundalk,3,2,1.86,3.45,3.63,,,,Premier Division,,20260807_Shamrock-Rovers_Dundalk,146.01410749090178,2.28,0.64,8,4,20,8,56.0,44.0,0,0,0,0,13,5
2026-08-09,Shelbourne,St. Patricks,1,2,3.27,3.25,2.03,,,,Premier Division,,20260809_Shelbourne_St.-Patricks,-12.23287524817215,0.74,1.07,2,4,5,9,53.1,46.9,0,1,0,0,2,5
2026-08-09,Waterford,Bohemians,3,1,3.26,3.46,1.96,,,,Premier Division,,20260809_Waterford_Bohemians,-102.53127109964294,1.15,1.05,4,2,9,5,44.6,55.4,0,3,0,0,4,3
2026-08-21,Bohemians,Derry City,5,3,1.76,3.53,4.01,,,,Premier Division,,20260821_Bohemians_Derry-City,6.312219027694937,2.27,2.51,8,7,18,15,48.7,51.3,2,1,0,0,8,10
2026-08-21,Drogheda,St. Patricks,0,2,4.82,3.57,1.63,,,,Premier Division,,20260821_Drogheda_St.-Patricks,-108.47203200178296,1.75,0.87,4,3,8,6,45.3,54.7,1,3,0,0,4,4
2026-08-21,Dundalk,Galway,1,2,1.85,3.58,3.53,,,,Premier Division,,20260821_Dundalk_Galway,2.833508426173694,1.54,1.21,4,4,8,7,54.3,45.7,3,1,1,0,3,4
2026-08-21,Sligo Rovers,Waterford,0,0,2.89,3.43,2.16,,,,Premier Division,,20260821_Sligo-Rovers_Waterford,-50.57781797717962,0.47,0.1,4,1,9,2,51.3,48.7,3,1,0,0,6,4
2026-08-28,Bohemians,Sligo Rovers,3,0,1.23,5.58,9.85,,,,Premier Division,,20260828_Bohemians_Sligo-Rovers,132.27251545229524,1.13,0.7,3,1,5,1,50.9,49.1,2,2,0,1,1,1
2026-08-28,Drogheda,Dundalk,2,3,2.79,3.2,2.33,,,,Premier Division,,20260828_Drogheda_Dundalk,-0.006825201739275144,0.69,1.76,2,5,4,11,48.3,51.7,3,2,0,0,8,4
2026-08-28,Galway,Shelbourne,1,1,2.52,3.27,2.52,,,,Premier Division,,20260828_Galway_Shelbourne,-60.08545132011909,0.63,1.18,3,3,8,6,45.7,54.3,1,5,1,0,3,1
2026-08-28,St. Patricks,Waterford,0,2,1.34,4.81,6.99,,,,Premier Division,,20260828_St.-Patricks_Waterford,112.12387484352644,0.77,1.67,3,5,7,9,50.8,49.2,2,2,0,0,6,6
2026-08-30,Derry City,Shamrock Rovers,3,3,2.67,3.17,2.45,,,,Premier Division,,20260830_Derry-City_Shamrock-Rovers,-104.2098805691403,1.18,2.94,3,10,8,20,44.4,55.6,1,1,0,0,4,12
2026-09-04,Shamrock Rovers,Shelbourne,0,0,1.59,3.72,5.03,,,,Premier Division,,20260904_Shamrock-Rovers_Shelbourne,89.69240516938589,0.69,1.15,3,4,7,9,49.6,50.4,0,1,0,0,4,9
2026-09-11,Drogheda,Sligo Rovers,2,0,1.81,3.36,3.98,,,,Premier Division,,20260911_Drogheda_Sligo-Rovers,29.659339603131684,0.77,0.78,3,4,5,9,54.2,45.8,1,3,0,0,3,3
2026-09-11,Galway,Bohemians,2,3,4.05,3.73,1.71,,,,Premier Division,,20260911_Galway_Bohemians,-82.4697415747446,1.24,1.5,5,6,12,11,54.3,45.7,1,2,0,0,5,3
2026-09-11,Shelbourne,Derry City,0,1,2.24,3.26,2.89,,,,Premier Division,,20260911_Shelbourne_Derry-City,10.558121247205463,0.76,1.22,2,5,8,13,56.7,43.3,4,1,0,0,4,6
2026-09-11,St. Patricks,Shamrock Rovers,2,0,2.3,3.1,2.9,,,,Premier Division,,20260911_St.-Patricks_Shamrock-Rovers,-56.59141470785903,0.68,0.45,3,1,5,3,44.2,55.8,1,1,0,0,3,3
2026-09-11,Waterford,Dundalk,1,1,2.11,3.57,2.87,,,,Premier Division,,20260911_Waterford_Dundalk,16.82646387066734,1.11,1.04,4,4,5,10,54.0,46.0,0,1,0,0,4,6
2026-09-14,Dundalk,St. Patricks,0,4,3.45,3.65,1.85,,,,Premier Division,,20260914_Dundalk_St.-Patricks,-110.8200117911199,0.86,1.12,2,5,4,12,52.5,47.5,1,1,0,0,2,6
2026-09-14,Shelbourne,Drogheda,1,2,1.77,3.48,4.06,,,,Premier Division,,20260914_Shelbourne_Drogheda,71.08762429597527,0.66,0.44,1,2,2,6,53.3,46.7,1,2,0,0,1,2
2026-09-14,Sligo Rovers,Galway,1,3,3.45,3.54,1.88,,,,Premier Division,,20260914_Sligo-Rovers_Galway,-66.85715203419272,1.17,1.64,2,5,6,10,46.0,54.0,1,3,0,0,4,3
2026-09-14,Waterford,Derry City,2,2,2.51,3.46,2.41,,,,Premier Division,,20260914_Waterford_Derry-City,-55.98458559929554,1.03,1.33,5,5,11,9,44.3,55.7,1,3,0,0,3,2
2026-09-18,Bohemians,Drogheda,2,1,1.33,4.69,7.36,,,,Premier Division,,20260918_Bohemians_Drogheda,101.69763146863488,1.98,0.92,6,4,12,10,53.7,46.3,1,4,0,0,5,5
2026-09-18,Derry City,Galway,1,0,1.52,3.98,5.1,,,,Premier Division,,20260918_Derry-City_Galway,58.38096548888393,1.39,2.18,3,8,8,17,49.9,50.1,1,2,0,0,7,7
2026-09-18,Dundalk,Shelbourne,2,3,2.5,3.4,2.45,,,,Premier Division,,20260918_Dundalk_Shelbourne,-51.354205564802214,0.49,1.59,2,6,6,15,41.7,58.3,1,2,0,0,3,10
2026-09-18,Shamrock Rovers,Waterford,3,2,1.48,4.23,5.46,,,,Premier Division,,20260918_Shamrock-Rovers_Waterford,121.95432234471582,1.67,0.82,4,2,9,5,61.1,38.9,1,3,0,0,6,4
2026-09-19,Sligo Rovers,St. Patricks,0,1,8.17,4.84,1.29,,,,Premier Division,,20260919_Sligo-Rovers_St.-Patricks,-194.06056660824152,0.4,0.87,2,1,6,2,42.4,57.6,2,1,0,0,2,5
2026-09-25,Galway,Shelbourne,1,1,2.8,3.5,2.46,,,,Premier Division,,20260925_Galway_Shelbourne,-51.94692896191373,0.63,0.19,3,1,5,3,53.6,46.4,0,1,0,0,5,2
