game_id,home_sp_era,home_sp_whip,home_sp_inn,home_sp_juegos,home_sp_k9,home_sp_bb9,home_sp_hr9,home_bullpen_n,home_sp_nombre,away_sp_era,away_sp_whip,away_sp_inn,away_sp_juegos,away_sp_k9,away_sp_bb9,away_sp_hr9,away_bullpen_n,away_sp_nombre,fecha,home_team,away_team,estadio
20210321HTSS02021,0.0,0.0,0.0,0.0,,,,39,,0.0,0.0,0.0,0.0,,,,39,,2021-03-21,Samsung Lions,Kia Tigers,대구
20210321KTOB02021,0.0,0.0,0.0,0.0,,,,42,,0.0,0.0,0.0,0.0,,,,37,,2021-03-21,Doosan Bears,KT Wiz,잠실
20210321LGHH02021,0.0,0.0,0.0,0.0,,,,40,,0.0,0.0,0.0,0.0,,,,41,,2021-03-21,Hanwha Eagles,LG Twins,대전
20210321SKNC02021,0.0,0.0,0.0,0.0,,,,40,,0.0,0.0,0.0,0.0,,,,41,,2021-03-21,NC Dinos,SSG Landers,창원
20210321WOLT02021,0.0,0.0,0.0,0.0,,,,39,,0.0,0.0,0.0,0.0,,,,38,,2021-03-21,Lotte Giants,Kiwoom Heroes,사직
20210322HHOB02021,0.0,0.0,0.0,0.0,,,,42,,0.0,0.0,0.0,0.0,,,,40,,2021-03-22,Doosan Bears,Hanwha Eagles,잠실
20210322HTNC02021,0.0,0.0,0.0,0.0,,,,40,,0.0,0.0,0.0,0.0,,,,39,,2021-03-22,NC Dinos,Kia Tigers,창원
20210322LGKT02021,0.0,0.0,0.0,0.0,,,,37,,0.0,0.0,0.0,0.0,,,,41,,2021-03-22,KT Wiz,LG Twins,수원
20210322SKLT02021,0.0,0.0,0.0,0.0,,,,39,,0.0,0.0,0.0,0.0,,,,41,,2021-03-22,Lotte Giants,SSG Landers,사직
20210322WOSS02021,0.0,0.0,0.0,0.0,,,,39,,0.0,0.0,0.0,0.0,,,,38,,2021-03-22,Samsung Lions,Kiwoom Heroes,대구
20210323HHOB02021,0.0,0.0,0.0,0.0,,,,42,,0.0,0.0,0.0,0.0,,,,40,,2021-03-23,Doosan Bears,Hanwha Eagles,잠실
20210323HTNC02021,0.0,0.0,0.0,0.0,,,,40,,0.0,0.0,0.0,0.0,,,,39,,2021-03-23,NC Dinos,Kia Tigers,창원
20210323LGKT02021,0.0,0.0,0.0,0.0,,,,37,,0.0,0.0,0.0,0.0,,,,41,,2021-03-23,KT Wiz,LG Twins,수원
20210323SKLT02021,0.0,0.0,0.0,0.0,,,,39,,0.0,0.0,0.0,0.0,,,,41,,2021-03-23,Lotte Giants,SSG Landers,사직
20210323WOSS02021,0.0,0.0,0.0,0.0,,,,39,,0.0,0.0,0.0,0.0,,,,38,,2021-03-23,Samsung Lions,Kiwoom Heroes,대구
20210325HHKT02021,0.0,0.0,0.0,0.0,,,,37,,0.0,0.0,0.0,0.0,,,,40,,2021-03-25,KT Wiz,Hanwha Eagles,수원
20210325LGOB02021,0.0,0.0,0.0,0.0,,,,42,,0.0,0.0,0.0,0.0,,,,41,,2021-03-25,Doosan Bears,LG Twins,잠실
20210325LTHT02021,0.0,0.0,0.0,0.0,,,,39,,0.0,0.0,0.0,0.0,,,,39,,2021-03-25,Kia Tigers,Lotte Giants,광주
20210325SSSK02021,0.0,0.0,0.0,0.0,,,,41,,0.0,0.0,0.0,0.0,,,,39,,2021-03-25,SSG Landers,Samsung Lions,문학
20210325WONC02021,0.0,0.0,0.0,0.0,,,,40,,0.0,0.0,0.0,0.0,,,,38,,2021-03-25,NC Dinos,Kiwoom Heroes,창원
20210326HHKT02021,0.0,0.75,4.0,1.0,11.25,0.0,0.0,37,,0.0,0.82,3.2,1.0,22.5,5.625,0.0,40,,2021-03-26,KT Wiz,Hanwha Eagles,수원
20210326LTHT02021,9.0,1.0,3.0,1.0,0.0,0.0,3.0,39,,0.0,0.75,2.2,1.0,8.181818181818182,8.181818181818182,0.0,39,,2021-03-26,Kia Tigers,Lotte Giants,광주
20210326OBLG02021,0.0,0.0,0.0,0.0,,,,42,,0.0,0.0,0.0,1.0,,,,41,,2021-03-26,LG Twins,Doosan Bears,잠실
20210326SSSK02021,31.5,4.5,2.0,1.0,9.0,4.5,13.5,41,,9.0,4.0,1.0,1.0,18.0,18.0,0.0,39,,2021-03-26,SSG Landers,Samsung Lions,문학
20210326WONC02021,0.0,0.0,0.0,0.0,,,,40,,0.0,0.0,0.0,0.0,,,,38,,2021-03-26,NC Dinos,Kiwoom Heroes,창원
20210328LTHH02021,4.91,1.91,3.2,1.0,2.8125,2.8125,0.0,40,,0.0,0.0,0.0,0.0,,,,39,,2021-03-28,Hanwha Eagles,Lotte Giants,대전
20210328NCKT02021,4.5,1.75,4.0,1.0,6.75,2.25,0.0,37,,2.25,0.5,4.0,1.0,2.25,0.0,0.0,40,,2021-03-28,KT Wiz,NC Dinos,수원
20210328SSLG02021,0.0,1.64,3.2,1.0,2.8125,8.4375,0.0,42,,9.0,1.25,4.0,1.0,13.5,2.25,4.5,39,,2021-03-28,LG Twins,Samsung Lions,잠실
20210328WOHT02021,0.0,0.43,4.2,1.0,10.714285714285714,2.142857142857143,0.0,39,,2.45,1.64,3.2,1.0,5.625,0.0,0.0,38,,2021-03-28,Kia Tigers,Kiwoom Heroes,광주
20210329SKLG02021,0.0,1.0,2.0,2.0,4.5,0.0,0.0,42,,0.0,0.0,0.0,0.0,,,,41,,2021-03-29,LG Twins,SSG Landers,잠실
20210330KTHT02021,0.0,1.29,4.2,1.0,4.285714285714286,4.285714285714286,0.0,39,,2.25,0.25,4.0,1.0,9.0,0.0,0.0,37,,2021-03-30,Kia Tigers,KT Wiz,광주
20210330NCLT02021,0.0,0.0,0.0,0.0,,,,39,,18.0,2.75,4.0,1.0,2.25,0.0,2.25,40,,2021-03-30,Lotte Giants,NC Dinos,사직
20210330OBSS02021,0.0,0.25,4.0,1.0,4.5,0.0,0.0,39,,0.0,0.64,4.2,1.0,8.571428571428571,2.142857142857143,0.0,41,,2021-03-30,Samsung Lions,Doosan Bears,대구
20210330SKLG02021,0.0,0.0,0.0,0.0,,,,42,,10.13,4.13,2.2,1.0,8.181818181818182,28.636363636363633,0.0,41,,2021-03-30,LG Twins,SSG Landers,잠실
20210330WOHH02021,10.8,3.0,1.2,1.0,0.0,7.5,0.0,40,,2.25,1.25,4.0,1.0,9.0,4.5,0.0,38,,2021-03-30,Hanwha Eagles,Kiwoom Heroes,대전
20210403SSWO02021,2.08,0.92,8.2,2.0,3.2926829268292686,1.0975609756097562,0.0,13,,0.0,1.14,7.0,2.0,6.428571428571429,3.857142857142857,0.0,12,,2021-04-03,Kiwoom Heroes,Samsung Lions,고척
20210404HHKT02021,0.0,0.0,0.0,0.0,,,,12,,0.0,0.0,0.0,0.0,,,,13,,2021-04-04,KT Wiz,Hanwha Eagles,수원
20210404HTOB02021,0.0,0.0,0.0,0.0,,,,10,,0.0,0.0,0.0,0.0,,,,9,,2021-04-04,Doosan Bears,Kia Tigers,잠실
20210404LGNC02021,0.0,0.0,0.0,0.0,,,,11,,0.0,0.0,0.0,0.0,,,,12,,2021-04-04,NC Dinos,LG Twins,창원
20210404LTSK02021,0.0,0.0,0.0,0.0,,,,10,,0.0,0.0,0.0,0.0,,,,11,,2021-04-04,SSG Landers,Lotte Giants,문학
20210404SSWO02021,0.0,0.0,0.0,0.0,,,,13,,0.0,0.0,0.0,0.0,,,,12,,2021-04-04,Kiwoom Heroes,Samsung Lions,고척
20210406HHSK02021,0.0,0.0,0.0,0.0,,,,10,,0.0,0.0,0.0,0.0,,,,13,,2021-04-06,SSG Landers,Hanwha Eagles,문학
20210406HTWO02021,0.0,0.0,0.0,0.0,,,,13,,0.0,0.0,0.0,0.0,,,,9,,2021-04-06,Kiwoom Heroes,Kia Tigers,고척
20210406LGKT02021,0.0,0.0,0.0,0.0,,,,12,,0.0,0.0,0.0,0.0,,,,12,,2021-04-06,KT Wiz,LG Twins,수원
20210406LTNC02021,0.0,0.0,0.0,0.0,,,,11,,0.0,0.0,0.0,0.0,,,,11,,2021-04-06,NC Dinos,Lotte Giants,창원
20210406SSOB02021,0.0,0.0,0.0,0.0,,,,10,,0.0,0.0,0.0,0.0,,,,12,,2021-04-06,Doosan Bears,Samsung Lions,잠실
20210407HHSK02021,0.0,0.0,0.0,0.0,,,,11,,0.0,0.0,0.0,0.0,,,,13,,2021-04-07,SSG Landers,Hanwha Eagles,문학
20210407HTWO02021,0.0,0.0,0.0,0.0,,,,13,,0.0,0.0,0.0,0.0,,,,10,,2021-04-07,Kiwoom Heroes,Kia Tigers,고척
20210407LGKT02021,0.0,0.0,0.0,0.0,,,,12,,0.0,0.0,0.0,0.0,,,,12,,2021-04-07,KT Wiz,LG Twins,수원
20210407LTNC02021,0.0,0.0,0.0,0.0,,,,12,,0.0,0.0,0.0,0.0,,,,10,,2021-04-07,NC Dinos,Lotte Giants,창원
20210407SSOB02021,0.0,0.0,0.0,0.0,,,,10,,0.0,0.0,0.0,0.0,,,,13,,2021-04-07,Doosan Bears,Samsung Lions,잠실
20210408HHSK02021,0.0,0.0,0.0,0.0,,,,12,,0.0,0.0,0.0,0.0,,,,13,,2021-04-08,SSG Landers,Hanwha Eagles,문학
20210408HTWO02021,0.0,0.0,0.0,0.0,,,,13,,0.0,0.0,0.0,0.0,,,,11,,2021-04-08,Kiwoom Heroes,Kia Tigers,고척
20210408LGKT02021,0.0,0.0,0.0,0.0,,,,12,,0.0,0.0,0.0,0.0,,,,12,,2021-04-08,KT Wiz,LG Twins,수원
20210408LTNC02021,0.0,0.0,0.0,0.0,,,,12,,0.0,0.0,0.0,0.0,,,,11,,2021-04-08,NC Dinos,Lotte Giants,창원
20210408SSOB02021,0.0,0.0,0.0,0.0,,,,11,,0.0,0.0,0.0,0.0,,,,13,,2021-04-08,Doosan Bears,Samsung Lions,잠실
20210409KTSS02021,6.35,1.76,5.2,1.0,13.846153846153845,5.1923076923076925,0.0,13,,0.0,0.75,1.1,1.0,24.545454545454543,0.0,0.0,12,,2021-04-09,Samsung Lions,KT Wiz,대구
20210409NCHT02021,2.45,0.95,7.1,1.0,2.535211267605634,0.0,0.0,11,,0.0,0.0,0.0,0.0,,,,13,,2021-04-09,Kia Tigers,NC Dinos,광주
20210409OBHH02021,3.6,1.0,5.0,1.0,5.4,1.8,1.8,13,,0.0,0.0,0.0,0.0,,,,12,,2021-04-09,Hanwha Eagles,Doosan Bears,대전
20210409SKLG02021,0.0,1.5,1.1,1.0,24.545454545454543,16.363636363636363,0.0,12,,0.0,0.0,0.0,0.0,,,,12,,2021-04-09,LG Twins,SSG Landers,잠실
20210409WOLT02021,0.0,0.0,0.0,0.0,,,,12,,1.29,0.71,7.0,1.0,2.5714285714285716,0.0,0.0,13,,2021-04-09,Lotte Giants,Kiwoom Heroes,사직
20210410KTSS02021,11.57,2.14,4.2,1.0,10.714285714285714,8.571428571428571,2.142857142857143,13,,3.18,1.24,5.2,1.0,12.115384615384615,3.4615384615384612,0.0,12,,2021-04-10,Samsung Lions,KT Wiz,대구
20210410NCHT02021,0.0,0.0,0.0,0.0,,,,11,,1.8,1.4,5.0,1.0,10.8,5.4,0.0,13,,2021-04-10,Kia Tigers,NC Dinos,광주
20210410OBHH02021,0.0,0.0,0.0,0.0,,,,13,,1.59,1.41,5.2,1.0,3.4615384615384612,1.7307692307692306,0.0,12,,2021-04-10,Hanwha Eagles,Doosan Bears,대전
20210410SKLG02021,1.8,1.4,5.0,1.0,10.8,3.6,1.8,12,,3.0,1.17,6.0,1.0,4.5,0.0,1.5,12,,2021-04-10,LG Twins,SSG Landers,잠실
20210410WOLT02021,4.5,1.5,6.0,1.0,7.5,3.0,3.0,12,,3.0,2.0,3.0,1.0,12.0,6.0,0.0,13,,2021-04-10,Lotte Giants,Kiwoom Heroes,사직
20210411KTSS02021,6.75,2.0,4.0,1.0,2.25,4.5,4.5,13,,2.57,0.57,7.0,1.0,6.428571428571429,1.2857142857142858,0.0,12,,2021-04-11,Samsung Lions,KT Wiz,대구
20210411NCHT02021,4.76,0.71,5.2,1.0,12.115384615384615,1.7307692307692306,0.0,11,,3.86,1.29,2.1,1.0,8.571428571428571,0.0,0.0,13,,2021-04-11,Kia Tigers,NC Dinos,광주
20210411OBHH02021,1.69,0.94,5.1,1.0,15.882352941176471,3.5294117647058827,0.0,13,,2.08,1.15,4.1,1.0,8.78048780487805,2.1951219512195124,0.0,12,,2021-04-11,Hanwha Eagles,Doosan Bears,대전
20210411SKLG02021,0.0,0.5,6.0,1.0,13.5,3.0,0.0,12,,1.29,0.43,7.0,1.0,6.428571428571429,1.2857142857142858,1.2857142857142858,12,,2021-04-11,LG Twins,SSG Landers,잠실
20210411WOLT02021,5.4,0.8,5.0,1.0,7.2,1.8,0.0,12,,3.0,1.0,6.0,1.0,10.5,0.0,1.5,13,,2021-04-11,Lotte Giants,Kiwoom Heroes,사직
20210413HHSS02021,1.8,1.6,5.0,1.0,9.0,1.8,0.0,13,,0.0,1.5,2.0,1.0,9.0,13.5,0.0,13,,2021-04-13,Samsung Lions,Hanwha Eagles,대구
20210413KTOB02021,0.0,0.8,5.0,1.0,9.0,3.6,0.0,12,,1.5,0.83,6.0,1.0,7.5,4.5,0.0,12,,2021-04-13,Doosan Bears,KT Wiz,잠실
20210413LGWO02021,15.0,3.0,3.0,1.0,9.0,9.0,0.0,13,,0.0,0.0,0.0,0.0,,,,12,,2021-04-13,Kiwoom Heroes,LG Twins,고척
20210413LTHT02021,0.0,0.43,2.1,1.0,12.857142857142856,0.0,0.0,11,,6.35,1.41,5.2,1.0,6.9230769230769225,1.7307692307692306,3.4615384615384612,12,,2021-04-13,Kia Tigers,Lotte Giants,광주
20210413NCSK02021,18.0,3.5,2.0,1.0,18.0,13.5,0.0,13,,0.0,1.2,3.1,1.0,11.612903225806452,2.903225806451613,0.0,13,,2021-04-13,SSG Landers,NC Dinos,문학
20210414HHSS02021,0.0,0.5,6.0,1.0,3.0,3.0,0.0,13,,7.36,2.18,3.2,1.0,5.625,8.4375,5.625,13,,2021-04-14,Samsung Lions,Hanwha Eagles,대구
20210414KTOB02021,6.35,1.94,5.2,1.0,5.1923076923076925,5.1923076923076925,3.4615384615384612,12,,10.38,1.85,4.1,1.0,2.1951219512195124,6.585365853658537,2.1951219512195124,12,,2021-04-14,Doosan Bears,KT Wiz,잠실
20210414LGWO02021,1.8,1.2,5.0,1.0,7.2,9.0,0.0,13,,0.0,1.2,5.0,1.0,1.8,1.8,0.0,12,,2021-04-14,Kiwoom Heroes,LG Twins,고척
20210414LTHT02021,6.94,1.46,11.2,2.0,4.017857142857143,0.0,0.0,11,,8.1,3.3,3.1,1.0,11.612903225806452,17.419354838709676,0.0,12,,2021-04-14,Kia Tigers,Lotte Giants,광주
20210414NCSK02021,1.8,1.4,5.0,1.0,3.6,7.2,0.0,13,,0.0,0.0,0.0,0.0,,,,13,,2021-04-14,SSG Landers,NC Dinos,문학
20210415HHSS02021,3.09,1.37,11.2,2.0,11.25,4.017857142857143,0.0,13,,1.64,0.91,11.0,2.0,8.181818181818182,0.8181818181818182,0.8181818181818182,13,,2021-04-15,Samsung Lions,Hanwha Eagles,대구
20210415KTOB02021,11.57,2.14,4.2,1.0,2.142857142857143,2.142857142857143,4.285714285714286,12,,0.0,0.0,0.0,0.0,,,,12,,2021-04-15,Doosan Bears,KT Wiz,잠실
20210415LGWO02021,0.64,0.79,14.0,2.0,6.428571428571429,1.9285714285714286,0.0,12,,6.23,1.62,4.1,2.0,13.170731707317074,13.170731707317074,0.0,12,,2021-04-15,Kiwoom Heroes,LG Twins,고척
20210415LTHT02021,3.18,1.06,5.2,1.0,5.1923076923076925,5.1923076923076925,1.7307692307692306,12,,10.8,1.8,5.0,1.0,10.8,7.2,0.0,11,,2021-04-15,Kia Tigers,Lotte Giants,광주
20210415NCSK02021,15.0,3.0,3.0,1.0,0.0,18.0,0.0,12,,10.13,3.75,2.2,1.0,8.181818181818182,24.545454545454543,0.0,13,,2021-04-15,SSG Landers,NC Dinos,문학
20210416HHNC02021,1.64,1.0,11.0,2.0,9.818181818181818,4.090909090909091,0.0,13,,15.0,3.33,3.0,1.0,15.0,9.0,0.0,13,,2021-04-16,NC Dinos,Hanwha Eagles,창원
20210416HTSK02021,3.0,1.17,12.0,2.0,5.25,0.75,1.5,12,,19.64,2.73,3.2,1.0,11.25,8.4375,5.625,12,,2021-04-16,SSG Landers,Kia Tigers,문학
20210416OBLG02021,2.7,1.4,10.0,2.0,8.1,2.7,0.9,12,,1.54,1.11,11.2,2.0,7.232142857142858,1.6071428571428572,0.0,12,,2021-04-16,LG Twins,Doosan Bears,잠실
20210416SSLT02021,2.25,1.25,12.0,2.0,9.0,3.75,1.5,11,,11.42,1.96,8.2,2.0,7.682926829268293,6.585365853658537,2.1951219512195124,13,,2021-04-16,Lotte Giants,Samsung Lions,사직
20210416WOKT02021,5.59,1.86,9.2,2.0,8.804347826086957,6.847826086956522,0.0,12,,0.0,0.0,0.0,0.0,,,,12,,2021-04-16,KT Wiz,Kiwoom Heroes,수원
20210417HHNC02021,4.7,1.43,7.2,2.0,8.75,1.25,0.0,13,,1.59,1.06,5.2,4.0,8.653846153846153,3.4615384615384612,0.0,13,,2021-04-17,NC Dinos,Hanwha Eagles,창원
20210417HTSK02021,0.69,0.46,13.0,2.0,9.0,2.076923076923077,0.6923076923076923,12,,5.91,1.03,10.2,2.0,7.9411764705882355,0.8823529411764707,1.7647058823529413,12,,2021-04-17,SSG Landers,Kia Tigers,문학
20210417OBLG02021,0.0,0.5,14.0,2.0,11.571428571428571,1.9285714285714286,0.0,12,,1.93,1.5,9.1,2.0,7.912087912087912,3.956043956043956,0.0,12,,2021-04-17,LG Twins,Doosan Bears,잠실
20210417SSLT02021,4.09,0.82,11.0,2.0,8.181818181818182,4.090909090909091,0.0,11,,4.0,1.78,9.0,2.0,6.0,7.0,3.0,12,,2021-04-17,Lotte Giants,Samsung Lions,사직
20210417WOKT02021,3.46,0.92,13.0,2.0,7.615384615384615,2.076923076923077,1.3846153846153846,12,,7.71,2.43,7.0,2.0,11.571428571428571,6.428571428571429,1.2857142857142858,12,,2021-04-17,KT Wiz,Kiwoom Heroes,수원
20210418HHNC02021,14.73,3.0,3.2,1.0,8.4375,16.875,0.0,13,,0.82,1.09,11.0,2.0,12.272727272727273,3.272727272727273,0.0,13,,2021-04-18,NC Dinos,Hanwha Eagles,창원
20210418HTSK02021,7.71,1.57,7.0,2.0,12.857142857142858,5.142857142857143,1.2857142857142858,12,,0.0,1.5,1.1,1.0,16.363636363636363,16.363636363636363,0.0,12,,2021-04-18,SSG Landers,Kia Tigers,문학
20210418OBLG02021,0.0,0.0,0.0,0.0,,,,12,,1.23,1.77,7.1,2.0,10.140845070422536,7.605633802816902,0.0,12,,2021-04-18,LG Twins,Doosan Bears,잠실
20210418SSLT02021,3.09,1.03,11.2,2.0,9.642857142857144,2.410714285714286,1.6071428571428572,11,,1.64,1.0,11.0,2.0,12.272727272727273,1.6363636363636365,0.0,13,,2021-04-18,Lotte Giants,Samsung Lions,사직
20210418WOKT02021,3.0,1.0,12.0,2.0,9.0,3.0,0.0,12,,3.6,1.7,10.0,2.0,9.0,3.6,0.9,12,,2021-04-18,KT Wiz,Kiwoom Heroes,수원
20210420HTLG02021,0.0,0.82,11.0,2.0,3.272727272727273,1.6363636363636365,0.0,12,,4.58,1.36,17.2,3.0,4.186046511627907,1.0465116279069768,0.0,12,,2021-04-20,LG Twins,Kia Tigers,잠실
20210420KTNC02021,0.0,0.88,5.2,1.0,10.384615384615385,3.4615384615384612,0.0,12,,7.71,2.04,9.1,2.0,5.934065934065934,7.912087912087912,0.989010989010989,12,,2021-04-20,NC Dinos,KT Wiz,창원
20210420OBLT02021,0.0,0.0,0.0,0.0,,,,12,,4.09,1.73,11.0,2.0,4.909090909090909,4.090909090909091,1.6363636363636365,12,,2021-04-20,Lotte Giants,Doosan Bears,사직
20210420SKSS02021,2.53,0.94,10.2,2.0,5.294117647058824,2.647058823529412,0.0,13,,3.0,0.83,12.0,2.0,4.5,3.75,0.0,12,,2021-04-20,Samsung Lions,SSG Landers,대구
20210420WOHH02021,2.79,1.03,9.2,2.0,5.869565217391305,2.9347826086956523,1.956521739130435,13,,5.4,1.6,10.0,2.0,8.1,7.2,2.7,12,,2021-04-20,Hanwha Eagles,Kiwoom Heroes,대전
20210421HTLG02021,4.91,1.36,7.1,3.0,11.408450704225352,7.605633802816902,0.0,13,,0.0,0.0,0.0,0.0,,,,12,,2021-04-21,LG Twins,Kia Tigers,잠실
20210421KTNC02021,8.1,2.1,6.2,2.0,8.709677419354838,8.709677419354838,1.4516129032258065,12,,4.5,1.25,4.0,1.0,9.0,4.5,0.0,12,,2021-04-21,NC Dinos,KT Wiz,창원
20210421OBLT02021,11.42,2.08,8.2,2.0,8.78048780487805,10.975609756097562,0.0,12,,12.15,2.4,6.2,2.0,2.903225806451613,2.903225806451613,2.903225806451613,12,,2021-04-21,Lotte Giants,Doosan Bears,사직
20210421SKSS02021,1.74,0.92,20.2,3.0,11.138613861386139,2.6732673267326734,0.0,13,,9.0,2.67,6.0,2.0,3.0,16.5,0.0,12,,2021-04-21,Samsung Lions,SSG Landers,대구
20210421WOHH02021,3.31,1.04,16.1,3.0,6.149068322981366,2.795031055900621,1.1180124223602483,13,,2.7,0.9,20.0,3.0,7.2,1.8,0.9,12,,2021-04-21,Hanwha Eagles,Kiwoom Heroes,대전
20210422HTLG02021,1.69,1.31,16.0,3.0,7.3125,3.9375,0.5625,12,,4.66,1.34,9.2,2.0,9.782608695652174,6.847826086956522,0.9782608695652175,12,,2021-04-22,LG Twins,Kia Tigers,잠실
20210422KTNC02021,1.59,1.0,17.0,3.0,9.529411764705882,3.7058823529411766,0.0,12,,3.38,1.13,18.2,3.0,7.912087912087912,3.4615384615384617,0.989010989010989,12,,2021-04-22,NC Dinos,KT Wiz,창원
20210422OBLT02021,2.0,1.33,18.0,3.0,8.0,3.5,1.0,12,,1.56,1.27,17.1,3.0,5.263157894736842,3.157894736842105,0.0,12,,2021-04-22,Lotte Giants,Doosan Bears,사직
20210422SKSS02021,7.36,1.57,14.2,3.0,8.23943661971831,5.070422535211268,1.267605633802817,13,,4.32,1.2,8.1,6.0,13.333333333333334,3.3333333333333335,0.0,11,,2021-04-22,Samsung Lions,SSG Landers,대구
20210422WOHH02021,10.29,2.43,7.0,2.0,9.0,6.428571428571429,0.0,13,,4.26,0.79,6.1,1.0,5.901639344262295,2.9508196721311477,0.0,12,,2021-04-22,Hanwha Eagles,Kiwoom Heroes,대전
20210423LGHH02021,1.65,1.04,16.1,3.0,11.180124223602483,3.913043478260869,0.5590062111801242,13,,1.59,0.82,17.0,3.0,12.176470588235293,2.6470588235294117,0.0,12,,2021-04-23,Hanwha Eagles,LG Twins,대전
20210423LTKT02021,0.0,0.0,0.0,0.0,,,,12,,6.94,1.54,11.2,3.0,8.035714285714286,6.428571428571429,0.0,12,,2021-04-23,KT Wiz,Lotte Giants,수원
20210423NCOB02021,1.76,1.24,15.1,3.0,7.152317880794702,3.576158940397351,0.5960264900662252,12,,3.29,1.1,13.2,3.0,8.863636363636363,2.0454545454545454,0.0,12,,2021-04-23,Doosan Bears,NC Dinos,잠실
20210423SKWO02021,5.25,2.0,12.0,3.0,12.0,6.75,0.75,13,,1.42,0.74,19.0,3.0,8.052631578947368,2.8421052631578947,0.47368421052631576,11,,2021-04-23,Kiwoom Heroes,SSG Landers,고척
20210423SSHT02021,4.86,1.14,16.2,3.0,8.333333333333334,1.6666666666666667,2.2222222222222223,12,,2.4,1.33,15.0,3.0,6.6,6.0,1.8,13,,2021-04-23,Kia Tigers,Samsung Lions,광주
20210424LGHH02021,1.04,0.92,8.2,3.0,6.585365853658537,4.390243902439025,1.0975609756097562,13,,10.8,2.4,3.1,1.0,0.0,8.709677419354838,0.0,13,,2021-04-24,Hanwha Eagles,LG Twins,대전
20210424LTKT02021,3.0,0.94,18.0,3.0,8.5,2.0,0.5,11,,3.57,1.02,17.2,3.0,6.802325581395349,2.616279069767442,2.0930232558139537,12,,2021-04-24,KT Wiz,Lotte Giants,수원
20210424NCOB02021,0.73,1.54,12.1,3.0,11.15702479338843,7.43801652892562,0.0,12,,1.08,0.84,8.1,2.0,8.88888888888889,2.2222222222222223,1.1111111111111112,12,,2021-04-24,Doosan Bears,NC Dinos,잠실
20210424SKWO02021,5.14,2.07,14.0,3.0,7.071428571428571,3.857142857142857,0.6428571428571429,13,,5.25,1.33,12.0,3.0,8.25,6.0,0.75,11,,2021-04-24,Kiwoom Heroes,SSG Landers,고척
20210424SSHT02021,12.46,2.54,4.1,2.0,10.975609756097562,6.585365853658537,0.0,12,,1.0,0.83,18.0,3.0,12.5,1.5,0.0,13,,2021-04-24,Kia Tigers,Samsung Lions,광주
20210425LGHH02021,2.3,1.09,15.2,3.0,9.473684210526317,2.960526315789474,1.1842105263157896,13,,16.2,3.3,3.1,1.0,8.709677419354838,8.709677419354838,0.0,13,,2021-04-25,Hanwha Eagles,LG Twins,대전
20210425LTKT02021,5.65,1.88,14.1,3.0,7.021276595744681,8.297872340425533,0.6382978723404256,12,,4.82,2.04,9.1,2.0,4.945054945054945,9.89010989010989,0.0,12,,2021-04-25,KT Wiz,Lotte Giants,수원
20210425NCOB02021,9.0,2.21,14.0,3.0,4.5,5.785714285714286,2.5714285714285716,12,,2.7,1.5,10.0,2.0,9.0,5.4,0.0,12,,2021-04-25,Doosan Bears,NC Dinos,잠실
20210425SKWO02021,7.62,1.69,13.0,3.0,6.923076923076923,6.230769230769231,2.076923076923077,13,,3.18,1.0,17.0,3.0,5.823529411764706,3.176470588235294,0.0,11,,2021-04-25,Kiwoom Heroes,SSG Landers,고척
20210425SSHT02021,3.42,1.35,23.2,4.0,3.8793103448275863,1.5517241379310345,0.0,12,,6.23,1.31,13.0,3.0,7.615384615384615,3.4615384615384617,0.6923076923076923,13,,2021-04-25,Kia Tigers,Samsung Lions,광주
20210427HHHT02021,14.73,2.32,7.1,2.0,8.873239436619718,6.338028169014085,3.802816901408451,12,,3.38,1.22,21.1,4.0,5.971563981042654,4.691943127962085,0.8530805687203791,13,,2021-04-27,Kia Tigers,Hanwha Eagles,광주
20210427KTSK02021,22.5,3.5,2.0,2.0,4.5,4.5,0.0,12,,2.55,1.05,24.2,4.0,7.809917355371901,3.71900826446281,0.7438016528925621,12,,2021-04-27,SSG Landers,KT Wiz,문학
20210427LTLG02021,2.25,1.06,16.0,3.0,5.0625,2.8125,1.125,13,,4.5,1.33,6.0,1.0,3.0,3.0,4.5,12,,2021-04-27,LG Twins,Lotte Giants,잠실
20210427NCSS02021,1.69,1.13,26.2,4.0,9.618320610687023,3.435114503816794,0.0,12,,6.94,2.06,11.2,3.0,5.625,7.232142857142858,1.6071428571428572,12,,2021-04-27,Samsung Lions,NC Dinos,대구
20210427OBWO02021,2.25,1.13,24.0,4.0,7.125,2.625,0.75,13,,10.45,2.61,10.1,3.0,3.5643564356435644,4.455445544554456,1.7821782178217822,12,,2021-04-27,Kiwoom Heroes,Doosan Bears,고척
20210428HHHT02021,3.31,1.1,16.1,3.0,8.385093167701863,4.472049689440993,1.1180124223602483,12,,9.82,2.36,11.0,3.0,7.363636363636363,6.545454545454546,0.0,13,,2021-04-28,Kia Tigers,Hanwha Eagles,광주
20210428KTSK02021,4.85,1.38,13.0,7.0,9.692307692307692,3.4615384615384617,0.0,12,,6.48,1.8,8.1,2.0,7.777777777777778,4.444444444444445,0.0,12,,2021-04-28,SSG Landers,KT Wiz,문학
20210428LTLG02021,2.05,1.32,22.0,4.0,6.954545454545454,4.5,0.8181818181818182,13,,3.54,1.57,20.1,4.0,7.611940298507462,3.134328358208955,0.8955223880597014,12,,2021-04-28,LG Twins,Lotte Giants,잠실
20210428NCSS02021,5.91,1.22,21.1,4.0,9.81042654028436,3.838862559241706,1.2796208530805686,12,,2.86,1.27,22.0,4.0,9.0,4.090909090909091,0.0,12,,2021-04-28,Samsung Lions,NC Dinos,대구
20210428OBWO02021,4.76,1.15,11.1,2.0,4.054054054054054,3.2432432432432434,0.8108108108108109,13,,1.48,1.23,24.1,4.0,6.348547717842323,3.3609958506224062,0.0,12,,2021-04-28,Kiwoom Heroes,Doosan Bears,고척
20210429HHHT02021,3.97,1.06,22.2,4.0,9.72972972972973,2.027027027027027,1.6216216216216217,12,,1.61,1.16,22.1,4.0,9.773755656108596,4.072398190045249,0.4072398190045249,13,,2021-04-29,Kia Tigers,Hanwha Eagles,광주
20210429KTSK02021,2.45,0.9,25.2,4.0,6.785714285714286,2.857142857142857,0.35714285714285715,12,,5.52,1.7,14.2,3.0,8.23943661971831,5.070422535211268,0.0,12,,2021-04-29,SSG Landers,KT Wiz,문학
20210429LTLG02021,1.17,0.78,23.0,4.0,12.91304347826087,3.130434782608696,0.0,13,,5.09,1.53,17.2,4.0,7.848837209302326,5.232558139534884,0.0,12,,2021-04-29,LG Twins,Lotte Giants,잠실
20210429NCSS02021,2.57,1.33,21.0,4.0,6.857142857142857,4.285714285714286,1.2857142857142858,12,,4.5,1.25,12.0,6.0,6.0,2.25,1.5,12,,2021-04-29,Samsung Lions,NC Dinos,대구
20210429OBWO02021,9.53,1.59,5.2,6.0,8.653846153846153,6.9230769230769225,0.0,13,,1.21,1.03,22.1,4.0,6.515837104072398,2.850678733031674,0.4072398190045249,12,,2021-04-29,Kiwoom Heroes,Doosan Bears,고척
20210430HHLT02021,3.57,1.1,22.2,4.0,6.486486486486487,2.4324324324324325,2.027027027027027,12,,4.76,1.76,11.1,4.0,6.486486486486487,7.297297297297297,0.8108108108108109,13,,2021-04-30,Lotte Giants,Hanwha Eagles,사직
20210430HTKT02021,3.38,1.17,24.0,4.0,7.125,1.5,0.375,12,,4.15,1.38,4.1,1.0,6.585365853658537,10.975609756097562,2.1951219512195124,12,,2021-04-30,KT Wiz,Kia Tigers,수원
20210430LGSS02021,1.5,1.04,24.0,4.0,12.0,2.625,0.0,12,,2.84,1.5,12.2,5.0,4.426229508196721,4.426229508196721,0.7377049180327869,13,,2021-04-30,Samsung Lions,LG Twins,대구
20210430SKOB02021,2.45,1.69,18.1,4.0,11.933701657458563,6.4640883977900545,0.0,12,,5.0,1.28,18.0,4.0,8.0,4.5,1.0,10,,2021-04-30,Doosan Bears,SSG Landers,잠실
20210430WONC02021,5.11,1.46,12.1,3.0,5.9504132231404965,2.9752066115702482,2.231404958677686,12,,4.95,1.8,20.0,4.0,5.85,3.15,0.9,12,,2021-04-30,NC Dinos,Kiwoom Heroes,창원
20210501HHLT02021,4.8,2.07,15.0,3.0,6.0,9.6,0.0,12,,3.32,1.15,21.2,4.0,8.915094339622641,2.1226415094339623,1.2735849056603774,13,,2021-05-01,Lotte Giants,Hanwha Eagles,사직
20210501HTKT02021,5.12,1.81,19.1,4.0,7.0680628272251305,8.01047120418848,0.9424083769633507,12,,2.93,1.37,30.2,5.0,4.470198675496689,2.0860927152317883,0.0,12,,2021-05-01,KT Wiz,Kia Tigers,수원
20210501LGSS02021,7.88,2.63,8.0,9.0,10.125,9.0,2.25,12,,6.23,1.62,8.2,2.0,13.170731707317074,5.487804878048781,0.0,12,,2021-05-01,Samsung Lions,LG Twins,대구
20210501SKOB02021,0.0,0.0,0.0,0.0,,,,12,,2.74,1.0,23.0,4.0,5.478260869565218,3.130434782608696,0.0,11,,2021-05-01,Doosan Bears,SSG Landers,잠실
20210501WONC02021,1.69,1.19,16.0,3.0,7.3125,4.5,0.0,12,,6.5,1.56,18.0,4.0,7.0,5.5,2.0,13,,2021-05-01,NC Dinos,Kiwoom Heroes,창원
20210502HHLT02021,5.73,1.45,11.0,2.0,5.7272727272727275,4.090909090909091,4.090909090909091,12,,3.25,1.16,27.2,5.0,6.61764705882353,4.301470588235294,0.6617647058823529,13,,2021-05-02,Lotte Giants,Hanwha Eagles,사직
20210502HTKT02021,2.27,1.01,31.2,5.0,8.076923076923077,2.8846153846153846,0.576923076923077,12,,10.13,1.65,13.1,3.0,6.183206106870229,5.4961832061068705,2.0610687022900764,12,,2021-05-02,KT Wiz,Kia Tigers,수원
20210502LGSS02021,1.38,1.04,32.2,5.0,9.50310559006211,3.074534161490683,0.0,12,,0.0,1.88,2.2,1.0,8.181818181818182,16.363636363636363,0.0,13,,2021-05-02,Samsung Lions,LG Twins,대구
20210502SKOB02021,9.6,2.33,15.0,4.0,3.6,3.6,1.2,12,,0.0,0.0,0.0,0.0,,,,12,,2021-05-02,Doosan Bears,SSG Landers,잠실
20210502WONC02021,0.0,0.0,0.0,0.0,,,,12,,2.73,1.31,29.2,5.0,6.472602739726027,2.4657534246575343,0.6164383561643836,13,,2021-05-02,NC Dinos,Kiwoom Heroes,창원
20210505HTLT02021,2.73,1.37,26.1,5.0,8.620689655172413,3.103448275862069,0.689655172413793,12,,3.45,1.08,28.2,5.0,8.936170212765958,3.1914893617021276,1.2765957446808511,12,,2021-05-05,Lotte Giants,Kia Tigers,사직
20210505KTWO02021,6.14,1.91,14.2,4.0,10.140845070422536,6.971830985915493,0.6338028169014085,13,,4.05,1.73,13.1,3.0,6.183206106870229,4.809160305343512,0.0,12,,2021-05-05,Kiwoom Heroes,KT Wiz,고척
20210505LGOB02021,1.48,1.19,30.1,5.0,6.578073089700997,2.691029900332226,0.0,12,,2.25,1.21,28.0,5.0,6.428571428571429,3.857142857142857,0.9642857142857143,12,,2021-05-05,Doosan Bears,LG Twins,잠실
20210505SKNC02021,2.17,1.31,29.0,5.0,9.0,3.7241379310344827,0.0,12,,4.26,1.26,19.0,8.0,10.894736842105264,3.3157894736842106,0.47368421052631576,12,,2021-05-05,NC Dinos,SSG Landers,창원
20210505SSHH02021,1.59,1.16,28.1,5.0,9.9288256227758,4.1637010676156585,0.32028469750889677,13,,4.94,1.13,27.1,5.0,9.96309963099631,3.6531365313653135,1.3284132841328413,12,,2021-05-05,Hanwha Eagles,Samsung Lions,대전
20210506HTLT02021,4.18,1.39,23.2,5.0,6.594827586206897,4.655172413793103,0.0,12,,2.42,0.94,22.1,4.0,10.180995475113122,3.665158371040724,0.8144796380090498,12,,2021-05-06,Lotte Giants,Kia Tigers,사직
20210506KTWO02021,4.96,1.35,16.1,3.0,4.472049689440993,3.913043478260869,1.1180124223602483,13,,3.48,1.16,31.0,5.0,7.838709677419355,1.4516129032258065,0.5806451612903226,12,,2021-05-06,Kiwoom Heroes,KT Wiz,고척
20210506LGOB02021,1.85,1.52,24.1,5.0,11.950207468879668,5.975103734439834,0.0,12,,1.23,0.95,29.1,5.0,11.752577319587628,3.402061855670103,0.0,11,,2021-05-06,Doosan Bears,LG Twins,잠실
20210506SKNC02021,3.0,1.0,18.0,7.0,9.0,2.0,1.0,12,,2.48,0.95,32.2,5.0,7.546583850931676,2.795031055900621,0.2795031055900621,12,,2021-05-06,NC Dinos,SSG Landers,창원
20210506SSHH02021,2.08,1.15,8.2,3.0,2.1951219512195124,6.585365853658537,0.0,13,,3.81,1.5,26.0,5.0,6.576923076923077,4.153846153846154,1.3846153846153846,12,,2021-05-06,Hanwha Eagles,Samsung Lions,대전
20210507LTSS02021,1.16,1.0,31.0,5.0,10.451612903225806,2.3225806451612905,0.0,12,,5.19,1.35,26.0,5.0,6.923076923076923,3.1153846153846154,1.7307692307692308,12,,2021-05-07,Samsung Lions,Lotte Giants,대구
20210508HHLG02021,1.64,1.0,22.0,4.0,5.7272727272727275,2.8636363636363638,0.8181818181818182,13,,3.45,1.05,28.2,5.0,8.297872340425533,1.9148936170212767,0.9574468085106383,14,,2021-05-08,LG Twins,Hanwha Eagles,잠실
20210508LTSS02021,1.86,1.14,38.2,6.0,8.952879581151832,3.06282722513089,0.23560209424083767,12,,4.5,1.5,12.0,5.0,3.0,5.25,0.0,12,,2021-05-08,Samsung Lions,Lotte Giants,대구
20210508NCKT02021,2.15,1.01,37.2,6.0,7.258064516129032,2.9032258064516125,0.48387096774193544,13,,4.74,1.68,19.0,4.0,8.526315789473685,6.631578947368421,0.47368421052631576,13,,2021-05-08,KT Wiz,NC Dinos,수원
20210508OBHT02021,2.7,1.34,36.2,6.0,5.966850828729282,1.9889502762430937,0.0,12,,1.91,0.99,28.1,5.0,7.366548042704626,2.2419928825622772,0.9608540925266903,12,,2021-05-08,Kia Tigers,Doosan Bears,광주
20210508WOSK02021,2.96,1.06,27.1,5.0,5.313653136531365,2.988929889298893,0.0,13,,4.32,1.72,25.0,5.0,5.4,2.88,0.72,13,,2021-05-08,SSG Landers,Kiwoom Heroes,문학
20210509HHLG12021,9.24,1.74,12.2,3.0,11.065573770491804,5.901639344262295,2.2131147540983607,13,,3.86,1.29,32.2,6.0,7.826086956521738,4.751552795031055,1.1180124223602483,14,,2021-05-09,LG Twins,Hanwha Eagles,잠실
20210509HHLG22021,6.23,1.77,13.0,7.0,7.615384615384615,2.076923076923077,0.0,13,,8.4,2.07,15.0,5.0,6.0,6.6,0.0,14,,2021-05-09,LG Twins,Hanwha Eagles,잠실
20210509LTSS02021,0.0,0.0,0.0,0.0,,,,13,,6.0,1.67,15.0,3.0,7.2,4.2,3.0,12,,2021-05-09,Samsung Lions,Lotte Giants,대구
20210509NCKT12021,4.35,1.55,20.2,4.0,8.465346534653465,5.346534653465347,0.0,13,,0.0,1.6,5.0,1.0,7.2,9.0,0.0,13,,2021-05-09,KT Wiz,NC Dinos,수원
20210509NCKT22021,3.76,1.56,26.1,5.0,6.896551724137931,6.896551724137931,0.689655172413793,13,,0.0,0.0,0.0,0.0,,,,13,,2021-05-09,KT Wiz,NC Dinos,수원
20210509OBHT12021,9.16,1.71,18.2,4.0,5.43956043956044,5.43956043956044,1.4835164835164836,11,,2.08,1.62,4.1,1.0,13.170731707317074,8.78048780487805,2.1951219512195124,13,,2021-05-09,Kia Tigers,Doosan Bears,광주
20210509OBHT22021,8.64,1.92,8.1,2.0,6.666666666666667,10.0,2.2222222222222223,11,,8.1,2.3,20.0,5.0,3.15,3.15,0.9,13,,2021-05-09,Kia Tigers,Doosan Bears,광주
20210509WOSK12021,15.88,3.18,5.2,3.0,8.653846153846153,10.384615384615385,1.7307692307692306,13,,3.28,1.4,35.2,6.0,6.392045454545454,2.8124999999999996,1.534090909090909,13,,2021-05-09,SSG Landers,Kiwoom Heroes,문학
20210509WOSK22021,13.5,2.4,3.1,1.0,8.709677419354838,8.709677419354838,5.806451612903226,13,,5.48,1.48,23.0,5.0,5.869565217391305,5.478260869565218,1.9565217391304348,13,,2021-05-09,SSG Landers,Kiwoom Heroes,문학
20210511LGHT02021,3.57,1.1,35.1,6.0,8.974358974358974,3.0769230769230766,1.282051282051282,11,,2.91,1.35,34.0,6.0,6.088235294117647,4.5,0.7941176470588235,12,,2021-05-11,Kia Tigers,LG Twins,광주
20210511NCHH02021,1.27,1.1,35.1,6.0,9.487179487179487,3.846153846153846,0.2564102564102564,13,,3.82,1.58,33.0,6.0,9.545454545454545,5.181818181818182,0.2727272727272727,12,,2021-05-11,Hanwha Eagles,NC Dinos,대전
20210511SKLT02021,3.73,1.47,31.1,6.0,8.392282958199356,2.8938906752411575,0.5787781350482315,14,,6.86,1.57,21.0,9.0,10.714285714285714,4.285714285714286,0.8571428571428571,12,,2021-05-11,Lotte Giants,SSG Landers,사직
20210511SSKT02021,8.0,1.94,18.0,4.0,6.5,4.5,1.0,12,,4.05,1.08,33.1,6.0,10.332326283987914,3.534743202416918,1.0876132930513596,13,,2021-05-11,KT Wiz,Samsung Lions,수원
20210511WOOB02021,2.48,1.35,36.1,6.0,5.983379501385041,2.493074792243767,0.2493074792243767,12,,4.58,1.53,19.2,5.0,10.78125,5.15625,0.46875,13,,2021-05-11,Doosan Bears,Kiwoom Heroes,잠실
20210512LGHT02021,3.2,1.11,25.1,5.0,10.756972111553784,4.302788844621514,1.0756972111553784,12,,1.49,1.02,36.1,6.0,11.46814404432133,3.240997229916897,0.2493074792243767,12,,2021-05-12,Kia Tigers,LG Twins,광주
20210512NCHH02021,3.86,1.37,11.2,4.0,1.6071428571428572,6.428571428571429,0.8035714285714286,13,,2.66,1.18,23.2,8.0,8.14655172413793,3.103448275862069,1.1637931034482758,12,,2021-05-12,Hanwha Eagles,NC Dinos,대전
20210512SKLT02021,5.46,1.46,28.0,6.0,6.107142857142857,4.821428571428571,0.32142857142857145,13,,3.11,1.06,37.2,6.0,7.499999999999999,2.9032258064516125,0.24193548387096772,12,,2021-05-12,Lotte Giants,SSG Landers,사직
20210512SSKT02021,3.65,1.19,37.0,6.0,7.297297297297297,1.4594594594594594,0.4864864864864865,12,,4.35,1.52,31.0,6.0,6.67741935483871,4.064516129032258,1.1612903225806452,13,,2021-05-12,KT Wiz,Samsung Lions,수원
20210512WOOB02021,3.49,1.69,28.1,6.0,11.530249110320284,7.0462633451957295,0.32028469750889677,12,,5.06,1.36,21.1,4.0,5.118483412322274,3.838862559241706,0.8530805687203791,13,,2021-05-12,Doosan Bears,Kiwoom Heroes,잠실
20210513LGHT02021,3.38,1.5,42.2,7.0,5.758293838862559,2.132701421800948,0.0,12,,4.76,1.41,5.2,2.0,5.1923076923076925,8.653846153846153,1.7307692307692306,12,,2021-05-13,Kia Tigers,LG Twins,광주
20210513NCHH02021,4.59,1.2,33.1,6.0,7.885196374622356,2.4471299093655587,1.0876132930513596,13,,9.53,2.29,17.0,4.0,4.235294117647059,5.823529411764706,2.6470588235294117,12,,2021-05-13,Hanwha Eagles,NC Dinos,대전
20210513SKLT02021,4.78,1.34,32.0,6.0,6.75,3.375,1.6875,13,,5.0,1.28,18.0,4.0,8.0,4.5,1.0,12,,2021-05-13,Lotte Giants,SSG Landers,사직
20210513SSKT02021,2.16,1.15,41.2,7.0,6.990291262135922,3.495145631067961,0.4368932038834951,12,,1.18,0.95,38.0,6.0,9.236842105263158,1.894736842105263,0.0,13,,2021-05-13,KT Wiz,Samsung Lions,수원
20210513WOOB02021,2.0,1.56,9.0,4.0,4.0,7.0,1.0,12,,0.0,0.0,0.0,0.0,,,,13,,2021-05-13,Doosan Bears,Kiwoom Heroes,잠실
20210514HHWO02021,3.48,1.58,31.0,6.0,5.806451612903226,2.903225806451613,0.5806451612903226,13,,5.0,1.33,36.0,7.0,7.5,4.75,1.25,13,,2021-05-14,Kiwoom Heroes,Hanwha Eagles,고척
20210514HTNC02021,4.88,1.75,24.0,5.0,9.375,7.125,0.375,12,,8.14,1.64,24.1,5.0,5.228215767634855,4.481327800829876,1.120331950207469,12,,2021-05-14,NC Dinos,Kia Tigers,창원
20210514KTLT02021,5.4,1.8,20.0,4.0,5.85,4.05,2.25,13,,3.34,1.42,32.1,6.0,7.289719626168224,5.607476635514018,0.5607476635514018,11,,2021-05-14,Lotte Giants,KT Wiz,사직
20210514OBSK02021,3.9,1.27,32.1,6.0,5.607476635514018,3.364485981308411,0.0,11,,3.72,1.55,9.2,2.0,7.82608695652174,6.847826086956522,0.9782608695652175,12,,2021-05-14,SSG Landers,Doosan Bears,문학
20210514SSLG02021,1.61,1.0,28.0,5.0,6.107142857142857,2.25,0.6428571428571429,12,,2.27,1.17,43.2,7.0,8.958333333333332,3.125,0.41666666666666663,13,,2021-05-14,LG Twins,Samsung Lions,잠실
20210515HHWO02021,0.0,0.0,0.0,0.0,,,,13,,0.0,1.0,1.0,1.0,18.0,9.0,0.0,13,,2021-05-15,Kiwoom Heroes,Hanwha Eagles,고척
20210515HTNC02021,4.09,1.55,11.0,2.0,6.545454545454546,5.7272727272727275,1.6363636363636365,12,,7.9,1.83,13.2,3.0,6.136363636363637,8.181818181818182,2.0454545454545454,12,,2021-05-15,NC Dinos,Kia Tigers,창원
20210515KTLT02021,5.06,1.31,5.1,4.0,7.058823529411765,3.5294117647058827,0.0,13,,6.75,1.81,22.2,5.0,8.108108108108109,6.081081081081082,0.0,11,,2021-05-15,Lotte Giants,KT Wiz,사직
20210515SSLG02021,6.75,1.45,18.2,4.0,10.87912087912088,5.43956043956044,1.4835164835164836,12,,5.4,1.6,5.0,1.0,5.4,5.4,1.8,13,,2021-05-15,LG Twins,Samsung Lions,잠실
20210516HHWO02021,3.73,1.41,41.0,7.0,6.585365853658536,2.6341463414634148,1.7560975609756098,13,,1.37,1.22,39.1,7.0,9.667519181585677,4.833759590792838,0.23017902813299232,13,,2021-05-16,Kiwoom Heroes,Hanwha Eagles,고척
20210517OBSK02021,7.01,1.68,25.2,10.0,10.357142857142858,5.714285714285714,0.7142857142857143,12,,2.94,1.04,33.2,6.0,6.777108433734939,2.439759036144578,1.355421686746988,12,,2021-05-17,SSG Landers,Doosan Bears,문학
20210517SSLG02021,3.83,1.45,40.0,7.0,5.4,4.05,0.9,12,,6.91,1.6,14.1,4.0,7.021276595744681,4.468085106382979,0.6382978723404256,12,,2021-05-17,LG Twins,Samsung Lions,잠실
20210518LTHH02021,4.5,1.31,16.0,5.0,2.25,5.0625,0.5625,13,,3.38,1.39,37.1,7.0,8.49056603773585,2.911051212938005,0.7277628032345013,13,,2021-05-18,Hanwha Eagles,Lotte Giants,대전
20210518NCLG02021,1.96,1.11,41.1,7.0,11.167883211678832,3.722627737226277,0.218978102189781,12,,3.15,1.45,40.0,7.0,9.225,4.5,0.225,11,,2021-05-18,LG Twins,NC Dinos,잠실
20210518OBKT02021,2.08,1.13,47.2,8.0,7.055084745762711,3.813559322033898,0.3813559322033898,11,,2.34,1.37,42.1,7.0,5.771971496437055,3.2066508313539193,0.21377672209026127,12,,2021-05-18,KT Wiz,Doosan Bears,수원
20210518SKHT02021,3.4,1.24,39.2,7.0,9.183673469387754,3.9030612244897958,1.1479591836734693,12,,9.58,2.42,10.1,4.0,7.128712871287129,9.801980198019802,0.8910891089108911,12,,2021-05-18,Kia Tigers,SSG Landers,광주
20210518WOSS02021,4.0,1.5,36.0,7.0,6.75,3.75,1.75,12,,3.81,1.24,28.1,5.0,5.765124555160142,3.5231316725978647,0.6405693950177935,13,,2021-05-18,Samsung Lions,Kiwoom Heroes,대구
20210519LTHH02021,4.12,1.14,39.1,7.0,8.05626598465473,2.5319693094629154,1.1508951406649617,13,,6.48,1.92,25.0,5.0,5.04,4.68,1.8,13,,2021-05-19,Hanwha Eagles,Lotte Giants,대전
20210519NCLG02021,2.7,1.4,10.0,3.0,4.5,8.1,0.9,12,,2.83,1.19,28.2,9.0,7.9787234042553195,3.1914893617021276,0.9574468085106383,11,,2021-05-19,LG Twins,NC Dinos,잠실
20210519OBKT02021,7.04,1.91,23.0,5.0,7.434782608695652,4.695652173913044,1.173913043478261,11,,3.15,1.6,34.1,7.0,12.140762463343108,6.598240469208211,0.5278592375366569,12,,2021-05-19,KT Wiz,Doosan Bears,수원
20210519SKHT02021,3.47,1.5,49.1,8.0,5.682281059063136,2.016293279022403,0.18329938900203666,12,,4.88,1.25,24.0,5.0,9.375,3.75,1.125,12,,2021-05-19,Kia Tigers,SSG Landers,광주
20210519WOSS02021,1.0,1.0,45.0,7.0,9.4,2.4,0.0,13,,4.62,1.54,25.1,6.0,8.96414342629482,5.0199203187251,0.7171314741035856,13,,2021-05-19,Samsung Lions,Kiwoom Heroes,대구
20210520NCLG02021,1.85,1.06,34.0,6.0,5.294117647058823,2.3823529411764706,0.5294117647058824,12,,7.66,2.1,22.1,5.0,4.886877828054298,5.294117647058823,2.443438914027149,11,,2021-05-20,LG Twins,NC Dinos,잠실
20210521HTSS02021,2.17,1.15,49.2,8.0,8.780487804878048,2.926829268292683,0.36585365853658536,13,,3.6,1.23,30.0,6.0,10.2,4.5,0.9,12,,2021-05-21,Samsung Lions,Kia Tigers,대구
20210521KTHH02021,4.29,1.29,42.0,8.0,8.357142857142858,4.285714285714286,1.0714285714285714,13,,2.89,1.42,37.1,7.0,8.005390835579515,5.82210242587601,0.4851752021563342,11,,2021-05-21,Hanwha Eagles,KT Wiz,대전
20210521LGSK02021,3.29,1.15,38.1,7.0,5.669291338582677,3.0708661417322833,0.0,12,,5.11,1.3,24.2,5.0,10.041322314049587,5.206611570247934,1.115702479338843,13,,2021-05-21,SSG Landers,LG Twins,문학
20210521LTOB02021,6.23,2.04,26.0,6.0,2.769230769230769,3.4615384615384617,0.6923076923076923,12,,5.91,1.53,32.0,7.0,6.75,4.78125,1.125,13,,2021-05-21,Doosan Bears,Lotte Giants,잠실
20210521NCWO02021,0.0,1.41,5.2,1.0,12.115384615384615,5.1923076923076925,0.0,13,,4.5,1.7,30.0,6.0,10.5,6.3,0.3,11,,2021-05-21,Kiwoom Heroes,NC Dinos,고척
20210522HTSS02021,9.31,1.76,9.2,2.0,5.869565217391305,6.847826086956522,0.9782608695652175,13,,7.06,1.6,29.1,6.0,5.56701030927835,4.329896907216495,0.9278350515463917,12,,2021-05-22,Samsung Lions,Kia Tigers,대구
20210522KTHH02021,1.94,1.21,46.1,8.0,9.370932754880695,4.295010845986985,0.5856832971800434,13,,6.83,1.84,27.2,6.0,7.279411764705882,5.625,0.0,11,,2021-05-22,Hanwha Eagles,KT Wiz,대전
20210522LGSK02021,2.68,1.1,43.2,7.0,7.291666666666666,3.333333333333333,0.20833333333333331,12,,3.26,1.3,47.0,8.0,4.9787234042553195,3.6382978723404253,0.7659574468085106,13,,2021-05-22,SSG Landers,LG Twins,문학
20210522LTOB02021,2.79,1.03,38.2,7.0,6.832460732984293,2.1204188481675392,1.1780104712041883,12,,5.11,1.38,37.0,7.0,7.054054054054054,3.6486486486486487,1.945945945945946,13,,2021-05-22,Doosan Bears,Lotte Giants,잠실
20210522NCWO02021,3.19,1.29,48.0,8.0,6.9375,2.4375,1.5,13,,3.5,1.5,18.0,4.0,9.5,3.5,0.5,12,,2021-05-22,Kiwoom Heroes,NC Dinos,고척
20210523HTSS02021,5.89,1.53,18.1,5.0,6.4640883977900545,4.972375690607734,0.9944751381215469,13,,8.66,1.75,17.2,4.0,5.232558139534884,6.802325581395349,2.616279069767442,12,,2021-05-23,Samsung Lions,Kia Tigers,대구
20210523KTHH02021,21.6,4.2,1.2,2.0,15.0,15.0,0.0,13,,1.84,1.12,53.2,9.0,7.274436090225564,3.8909774436090223,0.3383458646616541,11,,2021-05-23,Hanwha Eagles,KT Wiz,대전
20210523LGSK02021,6.16,1.7,30.2,11.0,9.23841059602649,6.258278145695364,0.8940397350993378,12,,1.68,1.06,48.1,8.0,10.665280665280665,3.742203742203742,0.1871101871101871,13,,2021-05-23,SSG Landers,LG Twins,문학
20210523LTOB02021,2.23,1.37,48.1,8.0,6.735966735966736,2.9937629937629935,0.1871101871101871,12,,2.91,1.29,43.1,8.0,9.814385150812065,3.1322505800464038,0.6264501160092807,13,,2021-05-23,Doosan Bears,Lotte Giants,잠실
20210523NCWO02021,3.41,1.51,37.0,7.0,5.594594594594595,3.1621621621621623,0.4864864864864865,13,,3.0,1.44,45.0,8.0,9.6,4.6,0.2,12,,2021-05-23,Kiwoom Heroes,NC Dinos,고척
20210526HHOB02021,3.76,1.7,38.1,8.0,12.992125984251969,6.377952755905511,0.7086614173228346,12,,5.64,1.75,22.1,17.0,10.588235294117647,6.108597285067873,0.4072398190045249,13,,2021-05-26,Doosan Bears,Hanwha Eagles,잠실
20210526LGLT02021,2.61,1.06,10.1,5.0,7.128712871287129,1.7821782178217822,0.0,13,,4.2,1.53,15.0,4.0,6.0,6.6,1.2,12,,2021-05-26,Lotte Giants,LG Twins,사직
20210526SKKT02021,4.4,1.19,43.0,7.0,6.906976744186046,1.255813953488372,0.627906976744186,11,,4.65,1.32,31.0,6.0,8.709677419354838,3.4838709677419355,0.8709677419354839,12,,2021-05-26,KT Wiz,SSG Landers,수원
20210526SSNC02021,2.6,1.15,34.2,10.0,8.157894736842104,2.894736842105263,0.7894736842105262,12,,4.39,1.54,41.0,8.0,6.585365853658536,3.731707317073171,1.7560975609756098,13,,2021-05-26,NC Dinos,Samsung Lions,창원
20210526WOHT02021,3.54,1.52,56.0,9.0,5.625,2.0892857142857144,0.32142857142857145,12,,4.45,1.55,30.1,7.0,9.867109634551495,4.186046511627906,0.8970099667774086,12,,2021-05-26,Kia Tigers,Kiwoom Heroes,광주
20210527HHOB02021,4.5,1.93,14.0,3.0,7.071428571428571,7.071428571428571,0.6428571428571429,12,,3.83,1.23,47.0,9.0,8.042553191489361,4.404255319148936,0.9574468085106383,13,,2021-05-27,Doosan Bears,Hanwha Eagles,잠실
20210527LGLT02021,5.21,1.45,38.0,8.0,6.394736842105263,4.2631578947368425,0.9473684210526315,13,,3.82,1.3,37.2,7.0,5.080645161290322,2.1774193548387095,0.9677419354838709,12,,2021-05-27,Lotte Giants,LG Twins,사직
20210527SKKT02021,3.19,1.42,42.1,8.0,8.551068883610451,6.199524940617577,0.42755344418052255,11,,7.04,2.02,15.1,5.0,5.960264900662252,8.344370860927153,0.5960264900662252,12,,2021-05-27,KT Wiz,SSG Landers,수원
20210527SSNC02021,4.0,1.53,36.0,7.0,10.5,5.75,0.25,12,,2.13,1.14,50.2,8.0,9.322709163346612,2.689243027888446,0.5378486055776892,13,,2021-05-27,NC Dinos,Samsung Lions,창원
20210527WOHT02021,4.11,1.34,35.0,7.0,9.771428571428572,5.142857142857143,0.7714285714285715,12,,0.0,1.11,12.2,2.0,8.852459016393443,4.426229508196721,0.0,11,,2021-05-27,Kia Tigers,Kiwoom Heroes,광주
20210528KTHT02021,6.19,1.46,36.1,7.0,5.484764542936288,3.739612188365651,0.7479224376731302,12,,6.34,1.78,32.2,7.0,7.546583850931676,5.869565217391304,0.5590062111801242,11,,2021-05-28,Kia Tigers,KT Wiz,광주
20210528OBSS02021,2.1,1.11,55.2,9.0,8.967391304347826,2.608695652173913,0.32608695652173914,13,,3.07,1.11,44.0,8.0,6.75,2.25,1.0227272727272727,12,,2021-05-28,Samsung Lions,Doosan Bears,대구
20210528SKHH02021,1.69,1.11,53.1,9.0,9.491525423728813,4.067796610169491,0.5084745762711864,13,,2.72,1.09,49.2,8.0,6.768292682926829,2.926829268292683,0.36585365853658536,12,,2021-05-28,Hanwha Eagles,SSG Landers,대전
20210528WOLG02021,3.81,1.29,52.0,9.0,6.230769230769231,3.4615384615384617,1.0384615384615385,12,,3.11,1.31,55.0,9.0,6.381818181818182,2.290909090909091,1.309090909090909,11,,2021-05-28,LG Twins,Kiwoom Heroes,잠실
20210529KTHT02021,7.54,1.59,22.2,5.0,4.864864864864865,6.081081081081082,2.4324324324324325,12,,1.66,1.12,59.2,10.0,7.753378378378378,3.9527027027027026,0.30405405405405406,11,,2021-05-29,Kia Tigers,KT Wiz,광주
20210529NCLT12021,2.74,1.32,49.1,9.0,9.714867617107943,3.29938900203666,0.7331975560081466,14,,5.73,1.73,22.0,5.0,9.0,3.272727272727273,0.4090909090909091,13,,2021-05-29,Lotte Giants,NC Dinos,사직
20210529NCLT22021,5.02,1.26,43.0,8.0,6.906976744186046,3.3488372093023258,1.6744186046511629,14,,3.53,1.45,51.0,9.0,9.352941176470589,4.0588235294117645,0.17647058823529413,13,,2021-05-29,Lotte Giants,NC Dinos,사직
20210529OBSS02021,8.22,1.76,15.1,3.0,7.748344370860927,5.364238410596027,1.7880794701986755,13,,7.31,2.09,32.0,7.0,2.8125,3.375,0.84375,12,,2021-05-29,Samsung Lions,Doosan Bears,대구
20210529SKHH02021,4.94,1.56,23.2,7.0,3.491379310344828,5.431034482758621,1.1637931034482758,13,,4.05,1.27,13.1,3.0,6.183206106870229,1.3740458015267176,1.3740458015267176,12,,2021-05-29,Hanwha Eagles,SSG Landers,대전
20210529WOLG02021,5.72,1.34,28.1,6.0,9.288256227758007,4.804270462633451,0.9608540925266903,13,,3.89,1.38,34.2,7.0,6.31578947368421,3.9473684210526314,0.7894736842105262,11,,2021-05-29,LG Twins,Kiwoom Heroes,잠실
20210530KTHT02021,11.88,2.28,8.1,3.0,5.555555555555555,3.3333333333333335,2.2222222222222223,12,,7.39,1.86,28.0,6.0,7.392857142857143,4.5,1.2857142857142858,12,,2021-05-30,Kia Tigers,KT Wiz,광주
20210530NCLT02021,10.54,1.98,13.2,3.0,8.181818181818182,8.863636363636363,1.3636363636363638,13,,5.93,1.75,30.1,6.0,4.485049833887043,4.186046511627906,1.7940199335548173,12,,2021-05-30,Lotte Giants,NC Dinos,사직
20210530OBSS02021,6.43,1.62,21.0,6.0,6.428571428571429,4.714285714285714,1.2857142857142858,12,,1.99,1.38,54.1,9.0,7.153419593345656,2.99445471349353,0.16635859519408502,12,,2021-05-30,Samsung Lions,Doosan Bears,대구
20210530SKHH02021,7.94,2.12,17.0,6.0,5.294117647058823,6.882352941176471,0.0,13,,3.05,1.13,44.1,8.0,5.918367346938775,3.061224489795918,0.20408163265306123,12,,2021-05-30,Hanwha Eagles,SSG Landers,대전
20210530WOLG02021,1.93,1.13,51.1,9.0,10.039138943248531,3.698630136986301,0.3522504892367906,12,,3.29,1.49,41.0,8.0,5.487804878048781,2.8536585365853657,0.6585365853658537,12,,2021-05-30,LG Twins,Kiwoom Heroes,잠실
20210601HTHH02021,3.46,1.31,26.0,20.0,8.307692307692308,5.538461538461538,0.6923076923076923,13,,3.29,1.46,63.0,10.0,5.571428571428571,2.2857142857142856,0.42857142857142855,11,,2021-06-01,Hanwha Eagles,Kia Tigers,대전
20210601KTLG02021,4.5,1.4,20.0,5.0,6.3,5.4,1.35,12,,3.96,1.12,50.0,8.0,7.38,1.26,0.72,12,,2021-06-01,LG Twins,KT Wiz,잠실
20210601LTWO02021,4.58,1.5,35.1,8.0,9.487179487179487,4.358974358974359,1.0256410256410255,12,,3.68,1.5,14.2,6.0,5.704225352112676,3.1690140845070425,0.6338028169014085,13,,2021-06-01,Kiwoom Heroes,Lotte Giants,고척
20210601OBNC02021,3.6,1.35,40.0,11.0,7.2,2.925,1.125,12,,3.25,1.62,44.1,9.0,13.061224489795919,5.918367346938775,0.6122448979591837,12,,2021-06-01,NC Dinos,Doosan Bears,창원
20210601SSSK02021,4.14,1.24,37.0,7.0,9.486486486486486,3.4054054054054053,0.7297297297297297,12,,4.08,1.51,46.1,9.0,6.442516268980477,4.099783080260304,1.75704989154013,12,,2021-06-01,SSG Landers,Samsung Lions,문학
20210602HTHH02021,3.33,1.19,54.0,10.0,8.0,4.333333333333333,0.8333333333333334,13,,4.62,1.38,39.0,8.0,10.615384615384615,5.3076923076923075,0.9230769230769231,11,,2021-06-02,Hanwha Eagles,Kia Tigers,대전
20210602KTLG02021,3.5,1.24,43.2,8.0,4.791666666666666,2.2916666666666665,0.8333333333333333,12,,3.17,1.41,48.1,9.0,8.794178794178794,5.987525987525987,0.3742203742203742,12,,2021-06-02,LG Twins,KT Wiz,잠실
20210602LTWO02021,2.55,1.47,17.2,3.0,7.325581395348838,5.232558139534884,0.0,12,,5.48,1.52,42.2,9.0,6.398104265402843,4.90521327014218,1.066350710900474,13,,2021-06-02,Kiwoom Heroes,Lotte Giants,고척
20210602OBNC02021,4.07,1.45,42.0,8.0,10.071428571428571,5.142857142857143,0.21428571428571427,12,,3.79,1.79,19.0,4.0,7.105263157894737,7.578947368421052,0.47368421052631576,12,,2021-06-02,NC Dinos,Doosan Bears,창원
20210602SSSK02021,6.75,1.85,20.0,6.0,6.3,6.75,0.9,12,,0.0,0.0,0.0,0.0,,,,12,,2021-06-02,SSG Landers,Samsung Lions,문학
20210603LTWO02021,3.0,1.32,60.0,10.0,6.3,2.25,1.2,13,,2.95,1.29,55.0,10.0,9.818181818181818,3.109090909090909,0.6545454545454545,13,,2021-06-03,Kiwoom Heroes,Lotte Giants,고척
20210604HHNC02021,3.05,1.32,59.0,10.0,9.610169491525424,3.6610169491525424,0.15254237288135594,12,,2.59,1.19,59.0,10.0,9.915254237288135,3.9661016949152543,0.6101694915254238,13,,2021-06-04,NC Dinos,Hanwha Eagles,창원
20210604LGHT02021,5.48,1.36,42.2,8.0,6.184834123222749,3.1990521327014214,0.8530805687203791,11,,5.45,1.36,33.0,7.0,8.727272727272727,4.363636363636363,1.0909090909090908,12,,2021-06-04,Kia Tigers,LG Twins,광주
20210604LTKT02021,2.09,1.22,64.2,11.0,7.990654205607476,4.065420560747663,0.2803738317757009,12,,4.96,1.31,49.0,9.0,7.163265306122449,3.122448979591837,1.469387755102041,13,,2021-06-04,KT Wiz,Lotte Giants,수원
20210604SKOB02021,2.68,1.15,50.1,9.0,6.826347305389222,2.155688622754491,0.8982035928143712,12,,4.95,1.63,40.0,13.0,8.775,5.85,0.675,12,,2021-06-04,Doosan Bears,SSG Landers,잠실
20210604SSWO02021,3.57,1.39,40.1,8.0,6.508728179551122,3.815461346633416,0.6733167082294265,13,,2.76,1.21,58.2,10.0,8.81443298969072,2.938144329896907,0.30927835051546393,12,,2021-06-04,Kiwoom Heroes,Samsung Lions,고척
20210605HHNC02021,7.67,2.0,27.0,6.0,9.0,3.6666666666666665,0.6666666666666666,12,,0.0,0.0,0.0,0.0,,,,13,,2021-06-05,NC Dinos,Hanwha Eagles,창원
20210605LGHT02021,7.43,1.61,26.2,6.0,5.152671755725191,6.526717557251908,2.0610687022900764,11,,2.01,1.13,58.1,10.0,9.449225473321858,3.5628227194492252,0.46471600688468157,12,,2021-06-05,Kia Tigers,LG Twins,광주
20210605LTKT02021,5.82,1.76,38.2,8.0,6.832460732984293,5.654450261780104,0.47120418848167533,12,,8.0,2.0,27.0,6.0,4.666666666666667,5.0,2.3333333333333335,13,,2021-06-05,KT Wiz,Lotte Giants,수원
20210605SKOB02021,1.91,1.32,61.1,10.0,6.923076923076923,3.09328968903437,0.14729950900163666,12,,0.0,0.0,0.0,0.0,,,,12,,2021-06-05,Doosan Bears,SSG Landers,잠실
20210605SSWO02021,3.66,1.56,46.2,9.0,5.649350649350649,3.3116883116883113,0.5844155844155844,13,,7.52,1.87,20.1,4.0,6.26865671641791,5.3731343283582085,1.3432835820895521,12,,2021-06-05,Kiwoom Heroes,Samsung Lions,고척
20210606HHNC02021,3.52,1.33,46.0,12.0,7.239130434782608,2.9347826086956523,1.173913043478261,12,,7.71,2.29,21.0,7.0,5.142857142857143,7.714285714285714,0.0,13,,2021-06-06,NC Dinos,Hanwha Eagles,창원
20210606LGHT02021,8.79,1.74,14.1,4.0,5.74468085106383,2.5531914893617023,1.2765957446808511,12,,0.0,0.0,0.0,0.0,,,,12,,2021-06-06,Kia Tigers,LG Twins,광주
20210606LTKT02021,6.75,1.73,34.2,7.0,7.368421052631579,4.7368421052631575,1.0526315789473684,12,,2.53,1.31,21.1,7.0,5.545023696682464,3.4123222748815163,0.42654028436018954,13,,2021-06-06,KT Wiz,Lotte Giants,수원
20210606SKOB02021,3.33,1.56,51.1,10.0,13.033268101761252,5.283757338551859,0.8806262230919765,12,,3.48,1.11,44.0,8.0,9.818181818181818,3.0681818181818183,0.6136363636363636,12,,2021-06-06,Doosan Bears,SSG Landers,잠실
20210606SSWO02021,4.35,1.43,41.1,9.0,9.197080291970803,4.160583941605839,1.313868613138686,13,,2.73,1.25,56.0,9.0,9.0,2.732142857142857,0.6428571428571429,12,,2021-06-06,Kiwoom Heroes,Samsung Lions,고척
20210608HTSS02021,3.5,1.41,54.0,10.0,6.166666666666667,3.8333333333333335,1.5,12,,4.3,1.36,44.0,9.0,10.022727272727273,5.318181818181818,0.8181818181818182,12,,2021-06-08,Samsung Lions,Kia Tigers,대구
20210608KTSK02021,7.54,1.9,22.2,19.0,8.91891891891892,4.864864864864865,2.027027027027027,12,,3.65,1.08,56.2,9.0,7.526690391459074,1.4412811387900355,0.6405693950177935,12,,2021-06-08,SSG Landers,KT Wiz,문학
20210608NCLG02021,3.57,1.28,58.0,10.0,6.206896551724138,3.5689655172413794,0.9310344827586207,12,,4.13,1.38,48.0,9.0,10.6875,4.6875,0.375,12,,2021-06-08,LG Twins,NC Dinos,잠실
20210608OBLT02021,5.18,1.44,48.2,10.0,6.9087136929460575,4.854771784232365,0.933609958506224,13,,4.24,1.53,17.0,4.0,5.823529411764706,4.235294117647059,1.0588235294117647,12,,2021-06-08,Lotte Giants,Doosan Bears,사직
20210608WOHH02021,3.66,1.27,59.0,11.0,8.084745762711865,4.423728813559322,0.7627118644067796,13,,2.92,1.42,24.2,4.0,7.43801652892562,4.462809917355372,0.7438016528925621,13,,2021-06-08,Hanwha Eagles,Kiwoom Heroes,대전
20210609HTSS02021,5.68,1.54,25.1,14.0,4.661354581673306,3.2270916334661353,1.4342629482071712,13,,0.0,0.0,1.0,1.0,9.0,0.0,0.0,12,,2021-06-09,Samsung Lions,Kia Tigers,대구
20210609KTSK02021,10.32,2.74,11.1,4.0,4.054054054054054,14.594594594594595,2.4324324324324325,12,,3.69,1.43,53.2,10.0,8.62781954887218,5.582706766917293,0.5075187969924811,12,,2021-06-09,SSG Landers,KT Wiz,문학
20210609NCLG02021,4.5,1.5,10.0,4.0,4.5,4.5,0.0,12,,6.47,1.88,32.0,7.0,4.5,5.0625,1.6875,12,,2021-06-09,LG Twins,NC Dinos,잠실
20210609OBLT02021,3.53,1.4,58.2,11.0,9.587628865979381,3.402061855670103,0.6185567010309279,13,,11.4,2.4,15.0,4.0,4.2,6.0,2.4,12,,2021-06-09,Lotte Giants,Doosan Bears,사직
20210609WOHH02021,2.67,1.22,64.0,11.0,9.84375,3.9375,0.5625,13,,2.91,1.32,65.0,11.0,6.369230769230769,2.4923076923076923,1.1076923076923078,13,,2021-06-09,Hanwha Eagles,Kiwoom Heroes,대전
20210610HTSS02021,2.63,1.22,65.0,11.0,8.723076923076922,3.1846153846153844,0.4153846153846154,13,,4.99,1.27,48.2,9.0,6.535269709543568,2.800829875518672,0.7468879668049793,12,,2021-06-10,Samsung Lions,Kia Tigers,대구
20210610NCLG02021,4.62,1.31,39.0,8.0,8.307692307692308,4.384615384615385,0.9230769230769231,12,,2.91,1.28,65.0,11.0,9.692307692307692,3.4615384615384617,0.27692307692307694,12,,2021-06-10,LG Twins,NC Dinos,잠실
20210610OBLT02021,4.19,1.21,58.0,10.0,7.137931034482759,3.103448275862069,1.2413793103448276,13,,2.4,1.14,56.1,10.0,6.577540106951871,2.085561497326203,0.8021390374331551,12,,2021-06-10,Lotte Giants,Doosan Bears,사직
20210610WOHH02021,3.6,1.37,30.0,22.0,7.8,5.7,0.9,13,,3.64,1.4,47.0,9.0,7.085106382978723,3.4468085106382977,0.574468085106383,13,,2021-06-10,Hanwha Eagles,Kiwoom Heroes,대전
20210611HHKT02021,4.93,1.58,45.2,9.0,7.566371681415928,4.97787610619469,0.3982300884955752,12,,2.25,1.75,4.0,1.0,6.75,2.25,0.0,13,,2021-06-11,KT Wiz,Hanwha Eagles,수원
20210611NCSS02021,7.82,1.93,25.1,5.0,6.4541832669322705,4.302788844621514,1.4342629482071712,13,,6.27,1.79,33.0,7.0,8.727272727272727,3.0,0.5454545454545454,12,,2021-06-11,Samsung Lions,NC Dinos,대구
20210611OBLG02021,1.99,1.15,63.1,11.0,9.556259904912837,3.565768621236133,0.42789223454833597,12,,4.11,1.24,15.1,9.0,3.576158940397351,1.7880794701986755,1.1920529801324504,12,,2021-06-11,LG Twins,Doosan Bears,잠실
20210611WOSK02021,4.5,1.59,46.0,14.0,8.217391304347826,5.478260869565218,0.5869565217391305,12,,3.19,1.42,53.2,10.0,5.75187969924812,3.045112781954887,0.5075187969924811,13,,2021-06-11,SSG Landers,Kiwoom Heroes,문학
20210612HHKT02021,2.37,1.27,68.1,12.0,8.193832599118943,4.361233480176212,0.39647577092511016,12,,7.18,2.09,26.1,8.0,5.172413793103448,7.241379310344827,0.0,13,,2021-06-12,KT Wiz,Hanwha Eagles,수원
20210612NCSS02021,2.66,1.28,61.0,10.0,8.704918032786885,3.2459016393442623,0.5901639344262295,13,,3.31,1.28,51.2,13.0,7.55859375,2.98828125,1.23046875,12,,2021-06-12,Samsung Lions,NC Dinos,대구
20210612OBLG02021,0.0,1.2,5.0,1.0,7.2,3.6,0.0,12,,3.09,1.47,58.1,11.0,12.237521514629949,4.95697074010327,0.9294320137693631,12,,2021-06-12,LG Twins,Doosan Bears,잠실
20210612WOSK02021,3.12,1.04,52.0,9.0,10.384615384615385,2.5961538461538463,0.6923076923076923,12,,4.34,1.49,45.2,10.0,9.159292035398229,4.181415929203539,1.1946902654867255,13,,2021-06-12,SSG Landers,Kiwoom Heroes,문학
20210613HHKT02021,6.35,1.74,39.2,8.0,7.8061224489795915,5.280612244897958,0.9183673469387754,12,,3.6,1.25,65.0,12.0,8.03076923076923,4.292307692307692,0.6923076923076923,13,,2021-06-13,KT Wiz,Hanwha Eagles,수원
20210613HTLT12021,5.2,1.38,53.2,11.0,7.105263157894736,4.56766917293233,0.8458646616541353,14,,5.4,1.8,11.2,9.0,4.821428571428572,5.625,2.410714285714286,13,,2021-06-13,Lotte Giants,Kia Tigers,사직
20210613HTLT22021,4.07,1.48,24.1,8.0,5.228215767634855,3.734439834024896,0.37344398340248963,14,,10.5,1.89,18.0,5.0,5.0,3.5,1.5,13,,2021-06-13,Lotte Giants,Kia Tigers,사직
20210613NCSS02021,3.17,1.41,59.2,11.0,5.777027027027026,4.10472972972973,1.3682432432432432,13,,3.67,1.33,54.0,10.0,11.166666666666666,4.666666666666667,0.3333333333333333,12,,2021-06-13,Samsung Lions,NC Dinos,대구
20210613OBLG02021,4.24,1.29,46.2,9.0,4.87012987012987,2.142857142857143,0.974025974025974,12,,3.75,1.71,24.0,5.0,6.375,7.125,0.375,12,,2021-06-13,LG Twins,Doosan Bears,잠실
20210613WOSK02021,6.75,1.76,26.2,20.0,8.587786259541986,4.122137404580153,1.717557251908397,12,,2.7,1.43,30.0,5.0,6.9,5.1,0.6,13,,2021-06-13,SSG Landers,Kiwoom Heroes,문학
20210615LGWO02021,2.66,1.24,71.0,12.0,6.71830985915493,2.535211267605634,1.0140845070422535,13,,3.38,1.25,64.0,11.0,6.328125,3.65625,0.984375,12,,2021-06-15,Kiwoom Heroes,LG Twins,고척
20210615LTHH02021,3.01,1.27,68.2,12.0,9.897360703812316,4.486803519061583,0.7917888563049853,13,,4.18,1.42,64.2,12.0,9.672897196261681,3.644859813084112,0.8411214953271028,13,,2021-06-15,Hanwha Eagles,Lotte Giants,대전
20210615SSOB02021,6.75,1.69,21.1,5.0,7.677725118483412,4.265402843601896,1.2796208530805686,12,,5.93,1.45,30.1,15.0,4.485049833887043,3.2890365448504983,1.7940199335548173,13,,2021-06-15,Doosan Bears,Samsung Lions,잠실
20210616KTNC02021,14.09,2.48,7.2,2.0,6.25,12.5,2.5,12,,3.3,1.05,62.2,10.0,7.524115755627009,1.4469453376205788,0.5787781350482315,12,,2021-06-16,NC Dinos,KT Wiz,창원
20210616LGWO02021,3.29,1.33,52.0,10.0,7.269230769230769,3.2884615384615383,0.5192307692307693,13,,4.08,1.5,28.2,9.0,5.74468085106383,4.787234042553192,1.2765957446808511,13,,2021-06-16,Kiwoom Heroes,LG Twins,고척
20210616LTHH12021,3.18,1.29,34.0,23.0,7.676470588235294,5.294117647058823,0.7941176470588235,14,,3.88,1.18,65.0,11.0,6.6461538461538465,3.1846153846153844,1.2461538461538462,14,,2021-06-16,Hanwha Eagles,Lotte Giants,대전
20210616LTHH22021,2.45,1.77,7.1,7.0,6.338028169014085,11.408450704225352,1.267605633802817,14,,7.92,1.99,30.2,7.0,4.470198675496689,4.768211920529802,2.0860927152317883,14,,2021-06-16,Hanwha Eagles,Lotte Giants,대전
20210616SKHT12021,0.0,0.0,0.0,0.0,,,,13,,4.63,1.41,23.1,23.0,7.402597402597402,3.1168831168831166,1.1688311688311688,13,,2021-06-16,Kia Tigers,SSG Landers,광주
20210616SKHT22021,4.5,1.4,50.0,10.0,9.18,5.4,0.72,13,,6.75,1.94,22.2,7.0,5.675675675675675,7.702702702702703,1.2162162162162162,13,,2021-06-16,Kia Tigers,SSG Landers,광주
20210616SSOB02021,12.05,2.52,18.2,5.0,4.945054945054945,6.923076923076923,2.4725274725274726,12,,2.4,1.22,71.1,12.0,8.987341772151899,3.2911392405063293,0.379746835443038,12,,2021-06-16,Doosan Bears,Samsung Lions,잠실
20210617KTNC02021,2.63,1.25,72.0,12.0,9.375,3.25,0.25,12,,2.3,1.29,74.1,13.0,8.623481781376519,4.615384615384616,0.4858299595141701,12,,2021-06-17,NC Dinos,KT Wiz,창원
20210617LGWO02021,3.38,1.43,58.2,11.0,6.185567010309278,2.783505154639175,0.7731958762886597,13,,1.95,1.15,69.1,12.0,8.986975397973952,3.3863965267727933,0.39073806078147616,13,,2021-06-17,Kiwoom Heroes,LG Twins,고척
20210617LTHH02021,5.4,1.8,8.1,2.0,5.555555555555555,4.444444444444445,0.0,13,,1.29,1.43,7.0,5.0,6.428571428571429,5.142857142857143,1.2857142857142858,13,,2021-06-17,Hanwha Eagles,Lotte Giants,대전
20210617SKHT02021,4.88,1.27,55.1,10.0,6.3702359346642465,2.4500907441016335,0.8166969147005444,12,,4.24,1.57,51.0,15.0,8.117647058823529,5.470588235294118,0.5294117647058824,12,,2021-06-17,Kia Tigers,SSG Landers,광주
20210617SSOB02021,2.57,1.14,63.0,11.0,6.285714285714286,2.0,0.7142857142857143,12,,7.12,1.88,30.1,6.0,6.578073089700997,3.8870431893687707,1.495016611295681,12,,2021-06-17,Doosan Bears,Samsung Lions,잠실
20210618HTLG02021,1.8,1.1,10.0,2.0,9.0,4.5,0.0,13,,8.42,1.77,31.0,8.0,5.225806451612903,6.387096774193548,2.032258064516129,12,,2021-06-18,LG Twins,Kia Tigers,잠실
20210618OBKT02021,3.77,1.42,59.2,11.0,8.513513513513512,5.472972972972973,0.6081081081081081,12,,3.02,1.42,65.2,12.0,11.871165644171779,4.693251533742331,0.9662576687116564,12,,2021-06-18,KT Wiz,Doosan Bears,수원
20210618SKHH02021,5.97,2.08,31.2,9.0,5.769230769230769,7.5,0.0,13,,3.1,1.05,58.0,10.0,10.862068965517242,2.6379310344827585,0.6206896551724138,12,,2021-06-18,Hanwha Eagles,SSG Landers,대전
20210618SSLT02021,5.16,1.38,59.1,12.0,6.852791878172589,4.263959390862944,0.9137055837563451,13,,2.51,1.25,68.0,11.0,8.338235294117647,3.4411764705882355,0.6617647058823529,12,,2021-06-18,Lotte Giants,Samsung Lions,사직
20210618WONC02021,5.93,1.59,41.0,8.0,8.560975609756097,2.8536585365853657,1.0975609756097562,12,,4.5,1.54,50.0,11.0,8.82,4.68,1.44,13,,2021-06-18,NC Dinos,Kiwoom Heroes,창원
20210619HTLG02021,3.83,1.26,51.2,10.0,4.74609375,2.109375,0.87890625,13,,9.0,1.87,23.0,6.0,5.869565217391305,4.304347826086956,1.565217391304348,12,,2021-06-19,LG Twins,Kia Tigers,잠실
20210619OBKT12021,6.11,1.71,45.2,9.0,7.9646017699115035,4.97787610619469,0.7964601769911503,13,,1.87,1.26,67.1,11.0,7.2429210134128175,2.8166915052160957,0.13412816691505217,13,,2021-06-19,KT Wiz,Doosan Bears,수원
20210619OBKT22021,5.4,1.5,6.2,7.0,7.258064516129032,2.903225806451613,0.0,13,,3.62,1.72,27.1,6.0,6.642066420664206,6.974169741697416,0.33210332103321033,13,,2021-06-19,KT Wiz,Doosan Bears,수원
20210619SKHH02021,4.04,1.29,69.0,13.0,7.956521739130435,4.304347826086956,0.9130434782608695,13,,7.63,1.73,30.2,21.0,8.344370860927153,4.470198675496689,2.0860927152317883,12,,2021-06-19,Hanwha Eagles,SSG Landers,대전
20210619SSLT02021,5.27,1.65,27.1,9.0,4.649446494464945,3.9852398523985237,0.6642066420664207,13,,2.88,1.39,65.2,12.0,5.7975460122699385,4.417177914110429,1.2423312883435582,12,,2021-06-19,Lotte Giants,Samsung Lions,사직
20210619WONC02021,3.59,1.35,57.2,14.0,7.2377622377622375,2.989510489510489,1.1013986013986012,12,,3.0,1.33,36.0,6.0,7.0,4.5,1.0,13,,2021-06-19,NC Dinos,Kiwoom Heroes,창원
20210620HTLG02021,3.39,1.28,69.0,12.0,6.130434782608695,3.652173913043478,0.9130434782608695,13,,3.18,1.41,5.2,2.0,6.9230769230769225,3.4615384615384612,0.0,12,,2021-06-20,LG Twins,Kia Tigers,잠실
20210620OBKT02021,4.44,1.56,50.2,10.0,7.709163346613545,4.840637450199203,0.3585657370517928,12,,8.1,1.8,20.0,14.0,6.3,4.05,1.8,12,,2021-06-20,KT Wiz,Doosan Bears,수원
20210620SKHH02021,3.01,1.29,74.2,13.0,9.824797843665769,4.609164420485175,0.7277628032345013,13,,7.11,2.05,6.1,2.0,11.80327868852459,8.852459016393443,2.9508196721311477,12,,2021-06-20,Hanwha Eagles,SSG Landers,대전
20210620SSLT02021,4.26,1.44,69.2,13.0,9.754335260115607,3.7716763005780347,0.9104046242774566,13,,6.75,1.66,25.1,7.0,7.171314741035856,4.302788844621514,1.792828685258964,13,,2021-06-20,Lotte Giants,Samsung Lions,사직
20210620WONC02021,3.6,1.27,60.0,11.0,11.4,4.35,0.3,12,,2.45,1.18,77.0,13.0,6.896103896103896,2.3376623376623376,0.935064935064935,13,,2021-06-20,NC Dinos,Kiwoom Heroes,창원
20210622HHSS02021,2.56,1.2,77.1,13.0,8.988326848249027,3.0350194552529186,0.46692607003891057,13,,2.77,1.21,39.0,24.0,8.076923076923077,4.846153846153846,0.6923076923076923,13,,2021-06-22,Samsung Lions,Hanwha Eagles,대구
20210622HTKT02021,2.46,1.27,80.1,14.0,8.98876404494382,4.382022471910113,0.5617977528089888,12,,4.04,1.31,55.2,11.0,9.945652173913043,5.217391304347826,0.6521739130434783,12,,2021-06-22,KT Wiz,Kia Tigers,수원
20210622LGSK02021,4.13,1.38,28.1,24.0,7.0462633451957295,2.882562277580071,1.281138790035587,12,,21.21,3.86,4.2,2.0,4.285714285714286,17.142857142857142,0.0,13,,2021-06-22,SSG Landers,LG Twins,문학
20210622NCLT02021,4.17,1.25,69.0,12.0,6.782608695652174,3.391304347826087,1.173913043478261,13,,12.75,2.5,12.0,3.0,7.5,10.5,2.25,12,,2021-06-22,Lotte Giants,NC Dinos,사직
20210622WOOB02021,10.44,2.16,25.0,6.0,4.32,5.4,2.16,12,,3.41,1.33,58.0,11.0,6.982758620689655,3.103448275862069,0.6206896551724138,13,,2021-06-22,Doosan Bears,Kiwoom Heroes,잠실
20210623HHSS02021,6.69,1.84,36.1,7.0,6.481994459833794,3.739612188365651,1.2465373961218835,13,,6.75,1.88,13.1,3.0,5.4961832061068705,4.122137404580153,1.3740458015267176,13,,2021-06-23,Samsung Lions,Hanwha Eagles,대구
20210623HTKT02021,3.41,1.05,68.2,11.0,7.7859237536656885,1.4516129032258065,0.6598240469208211,12,,4.84,1.3,61.1,11.0,5.8919803600654665,2.3567921440261865,0.8837970540098199,12,,2021-06-23,KT Wiz,Kia Tigers,수원
20210623LGSK02021,4.34,1.48,56.0,16.0,7.553571428571429,4.982142857142857,0.48214285714285715,12,,4.8,1.29,45.0,10.0,8.2,4.2,1.0,13,,2021-06-23,SSG Landers,LG Twins,문학
20210623NCLT02021,7.57,1.91,35.2,8.0,5.624999999999999,4.346590909090909,2.0454545454545454,13,,2.51,1.22,79.0,13.0,8.886075949367088,3.3037974683544302,0.34177215189873417,12,,2021-06-23,Lotte Giants,NC Dinos,사직
20210623WOOB02021,2.34,1.11,69.1,12.0,6.121562952243126,2.083936324167873,0.6512301013024603,12,,3.68,1.49,63.2,12.0,6.123417721518987,3.132911392405063,0.7120253164556962,13,,2021-06-23,Doosan Bears,Kiwoom Heroes,잠실
20210624HHSS02021,2.59,1.23,73.0,12.0,8.013698630136986,3.328767123287671,0.863013698630137,13,,3.77,1.06,45.1,8.0,7.78270509977827,2.3946784922394677,0.9977827050997783,13,,2021-06-24,Samsung Lions,Hanwha Eagles,대구
20210624HTKT02021,3.88,1.46,65.0,12.0,8.723076923076922,5.4,0.5538461538461539,12,,4.26,1.68,19.0,12.0,3.3157894736842106,5.684210526315789,1.4210526315789473,12,,2021-06-24,KT Wiz,Kia Tigers,수원
20210624LGSK02021,3.14,1.06,63.0,11.0,10.857142857142858,2.7142857142857144,0.5714285714285714,12,,2.42,1.21,74.1,13.0,9.352226720647774,3.522267206477733,0.3643724696356276,13,,2021-06-24,SSG Landers,LG Twins,문학
20210624NCLT02021,4.75,1.34,66.1,13.0,6.535552193645992,4.2208774583963695,0.816944024205749,13,,5.17,1.53,47.0,9.0,8.23404255319149,2.872340425531915,0.9574468085106383,13,,2021-06-24,Lotte Giants,NC Dinos,사직
20210624WOOB02021,2.97,1.33,72.2,13.0,11.717451523545705,4.362880886426592,1.1218836565096952,12,,4.18,1.43,56.0,12.0,8.839285714285714,4.339285714285714,1.4464285714285714,13,,2021-06-24,Doosan Bears,Kiwoom Heroes,잠실
20210625HTWO02021,3.51,1.39,41.0,7.0,7.2439024390243905,4.390243902439025,1.3170731707317074,13,,10.0,1.93,27.0,7.0,5.333333333333333,4.666666666666667,1.6666666666666667,12,,2021-06-25,Kiwoom Heroes,Kia Tigers,고척
20210625KTHH02021,5.4,2.05,36.2,10.0,5.966850828729282,7.458563535911602,0.0,13,,6.4,1.77,52.0,10.0,7.961538461538462,5.1923076923076925,1.0384615384615385,12,,2021-06-25,Hanwha Eagles,KT Wiz,대전
20210625LTOB02021,1.79,1.21,75.1,12.0,7.310252996005326,2.5166444740346208,0.11984021304926765,12,,4.24,1.41,76.1,14.0,9.461235216819974,3.66622864651774,0.8278580814717478,12,,2021-06-25,Doosan Bears,Lotte Giants,잠실
20210625SKNC02021,3.73,1.36,62.2,15.0,7.379421221864951,2.8938906752411575,1.012861736334405,13,,0.0,0.0,0.0,0.0,,,,12,,2021-06-25,NC Dinos,SSG Landers,창원
20210626HTWO02021,2.46,1.17,84.0,14.0,7.071428571428571,2.25,0.8571428571428571,13,,8.27,1.73,37.0,10.0,4.621621621621622,5.837837837837838,2.189189189189189,12,,2021-06-26,Kiwoom Heroes,Kia Tigers,고척
20210626KTHH02021,3.25,1.33,80.1,14.0,9.55056179775281,4.49438202247191,0.8988764044943821,13,,3.9,1.53,57.2,11.0,6.765734265734266,4.5629370629370625,0.3146853146853147,12,,2021-06-26,Hanwha Eagles,KT Wiz,대전
20210626LGSS12021,2.72,1.36,72.2,13.0,5.484764542936288,4.238227146814404,1.1218836565096952,13,,3.12,1.28,75.0,13.0,6.12,3.6,0.84,13,,2021-06-26,Samsung Lions,LG Twins,대구
20210626LGSS22021,7.58,1.69,29.2,8.0,6.472602739726027,3.6986301369863015,1.8493150684931507,13,,1.13,0.88,16.0,3.0,5.625,3.9375,0.0,13,,2021-06-26,Samsung Lions,LG Twins,대구
20210626LTOB02021,6.39,1.62,25.1,15.0,6.812749003984063,3.9442231075697207,1.4342629482071712,12,,0.82,1.27,11.0,6.0,5.7272727272727275,4.909090909090909,0.8181818181818182,12,,2021-06-26,Doosan Bears,Lotte Giants,잠실
20210626SKNC02021,0.0,0.0,0.0,0.0,,,,13,,6.1,1.94,10.1,3.0,10.693069306930694,9.801980198019802,2.6732673267326734,12,,2021-06-26,NC Dinos,SSG Landers,창원
20210627HTWO02021,3.98,1.44,61.0,12.0,6.934426229508197,3.540983606557377,0.5901639344262295,13,,7.71,2.29,7.0,3.0,5.142857142857143,10.285714285714286,0.0,12,,2021-06-27,Kiwoom Heroes,Kia Tigers,고척
20210627KTHH02021,3.77,1.3,43.0,25.0,7.325581395348837,4.604651162790698,1.0465116279069768,13,,2.4,1.23,86.1,15.0,9.094076655052266,4.181184668989547,0.5226480836236934,12,,2021-06-27,Hanwha Eagles,KT Wiz,대전
20210627LGSS02021,2.35,1.15,84.1,14.0,9.096313912009514,2.8894173602853748,0.42806183115338886,13,,3.65,1.31,56.2,11.0,4.644128113879003,1.9217081850533806,0.800711743772242,13,,2021-06-27,Samsung Lions,LG Twins,대구
20210627SKNC02021,9.0,2.12,17.0,4.0,6.352941176470588,9.0,1.588235294117647,13,,5.94,1.5,33.1,25.0,6.525679758308157,2.719033232628399,2.4471299093655587,12,,2021-06-27,NC Dinos,SSG Landers,창원
20210629LTWO02021,3.36,1.45,69.2,13.0,5.852601156069364,3.121387283236994,0.6502890173410404,12,,6.97,1.79,41.1,9.0,5.693430656934306,4.160583941605839,1.9708029197080292,12,,2021-06-29,Kiwoom Heroes,Lotte Giants,고척
20210629NCHT02021,4.54,1.25,67.1,12.0,6.572280178837556,2.1460506706408347,0.804769001490313,12,,3.08,1.28,84.2,14.0,9.085510688836104,3.3135391923990496,0.5344418052256532,12,,2021-06-29,Kia Tigers,NC Dinos,광주
20210629SSSK02021,4.28,1.51,61.0,17.0,7.819672131147541,5.311475409836065,0.5901639344262295,12,,5.74,1.7,42.1,8.0,6.4133016627078385,3.4204275534441804,1.0688836104513064,13,,2021-06-29,SSG Landers,Samsung Lions,문학
20210630KTLG02021,2.35,1.2,80.1,14.0,9.10112359550562,3.370786516853933,0.44943820224719105,12,,3.33,1.0,75.2,12.0,7.539893617021276,1.4361702127659575,0.5984042553191489,13,,2021-06-30,LG Twins,KT Wiz,잠실
20210630LTWO02021,3.86,1.37,63.0,13.0,9.0,4.0,1.2857142857142858,12,,3.94,1.38,82.1,15.0,8.989037758830696,3.6175395858708894,0.7673568818514008,12,,2021-06-30,Kiwoom Heroes,Lotte Giants,고척
20210630OBHH02021,3.99,1.12,47.1,9.0,7.834394904458598,2.6751592356687897,1.1464968152866242,13,,2.48,1.11,76.1,13.0,6.149802890932984,2.128777923784494,0.5913272010512484,12,,2021-06-30,Hanwha Eagles,Doosan Bears,대전
20210630SSSK12021,3.52,1.1,69.0,12.0,10.304347826086957,2.869565217391304,0.782608695652174,13,,2.48,1.21,80.0,13.0,7.7625,3.2625,0.7875,13,,2021-06-30,SSG Landers,Samsung Lions,문학
20210630SSSK22021,6.15,1.86,26.1,8.0,5.862068965517241,7.93103448275862,1.0344827586206895,13,,7.91,1.76,33.0,9.0,6.0,4.090909090909091,1.6363636363636365,13,,2021-06-30,SSG Landers,Samsung Lions,문학
20210701KTLG02021,9.26,2.06,11.2,3.0,4.821428571428572,9.642857142857144,0.8035714285714286,12,,3.93,1.45,71.0,13.0,8.873239436619718,5.197183098591549,0.5070422535211268,12,,2021-07-01,LG Twins,KT Wiz,잠실
20210701LTWO02021,3.26,1.38,47.0,8.0,6.8936170212765955,4.595744680851064,1.148936170212766,12,,4.85,1.31,72.1,14.0,6.740638002773926,3.8696255201109575,0.8737864077669903,12,,2021-07-01,Kiwoom Heroes,Lotte Giants,고척
20210701NCHT02021,3.52,1.48,69.0,11.0,6.0,2.0869565217391304,0.391304347826087,12,,5.26,1.51,53.0,10.0,7.981132075471698,2.8867924528301887,0.8490566037735849,12,,2021-07-01,Kia Tigers,NC Dinos,광주
20210701OBHH02021,5.18,2.02,41.2,11.0,6.334951456310679,7.6456310679611645,0.0,13,,2.82,1.28,79.2,14.0,11.59090909090909,4.090909090909091,1.1363636363636362,12,,2021-07-01,Hanwha Eagles,Doosan Bears,대전
20210701SSSK02021,9.45,2.17,13.1,4.0,10.305343511450381,9.618320610687023,3.435114503816794,12,,5.67,1.44,33.1,16.0,4.622356495468278,2.9909365558912384,1.6314199395770392,13,,2021-07-01,SSG Landers,Samsung Lions,문학
20210702HHLG02021,3.33,1.3,81.0,14.0,6.111111111111111,3.3333333333333335,1.1111111111111112,12,,4.46,1.3,74.2,14.0,8.005390835579515,4.245283018867925,1.3342318059299192,13,,2021-07-02,LG Twins,Hanwha Eagles,잠실
20210702LTSK02021,0.0,0.0,0.0,0.0,,,,12,,1.72,1.34,15.2,7.0,5.328947368421053,5.328947368421053,0.5921052631578948,12,,2021-07-02,SSG Landers,Lotte Giants,문학
20210702OBHT02021,4.3,1.34,60.2,12.0,9.568106312292358,5.232558139534883,0.5980066445182723,12,,8.45,2.24,33.0,8.0,2.727272727272727,3.5454545454545454,1.0909090909090908,12,,2021-07-02,Kia Tigers,Doosan Bears,광주
20210702SSNC02021,3.88,1.32,65.0,12.0,11.215384615384615,4.707692307692308,0.4153846153846154,13,,2.81,1.39,77.0,14.0,5.142857142857143,4.441558441558442,1.1688311688311688,13,,2021-07-02,NC Dinos,Samsung Lions,창원
20210702WOKT02021,5.84,1.67,57.0,11.0,8.368421052631579,4.894736842105263,0.9473684210526315,12,,2.43,1.16,89.0,15.0,6.977528089887641,2.2247191011235956,0.8089887640449438,12,,2021-07-02,KT Wiz,Kiwoom Heroes,수원
20210704HHLG02021,5.29,1.3,49.1,11.0,7.8818737270875765,4.3991853360488795,1.0997963340122199,13,,3.83,1.32,47.0,26.0,7.468085106382978,4.787234042553192,1.148936170212766,13,,2021-07-04,LG Twins,Hanwha Eagles,잠실
20210704LTSK02021,5.03,1.3,39.1,26.0,6.2148337595907925,2.3017902813299234,2.071611253196931,12,,4.2,1.21,75.0,13.0,7.32,3.24,1.32,12,,2021-07-04,SSG Landers,Lotte Giants,문학
20210704OBHT02021,8.64,1.82,41.2,11.0,5.679611650485437,6.116504854368932,2.1844660194174756,12,,6.16,1.63,30.2,16.0,7.152317880794702,3.576158940397351,1.1920529801324504,12,,2021-07-04,Kia Tigers,Doosan Bears,광주
20210704SSNC02021,4.3,1.42,67.0,16.0,7.253731343283582,3.08955223880597,1.0746268656716418,13,,0.0,0.0,0.0,0.0,,,,13,,2021-07-04,NC Dinos,Samsung Lions,창원
20210704WOKT02021,2.24,1.23,92.1,16.0,9.381107491856678,4.1042345276872965,0.488599348534202,12,,3.93,1.37,66.1,13.0,6.944024205748866,3.5400907715582455,0.5446293494704992,12,,2021-07-04,KT Wiz,Kiwoom Heroes,수원
20210705HHLG02021,3.43,1.14,21.0,4.0,5.142857142857143,4.714285714285714,0.8571428571428571,13,,5.68,1.84,19.0,5.0,5.2105263157894735,5.2105263157894735,0.9473684210526315,13,,2021-07-05,LG Twins,Hanwha Eagles,잠실
20210705LTSK02021,4.41,1.55,65.1,18.0,7.603686635944701,5.2534562211981575,0.6912442396313365,12,,6.7,1.77,47.0,10.0,5.74468085106383,4.212765957446808,1.7234042553191489,12,,2021-07-05,SSG Landers,Lotte Giants,문학
20210705WOKT02021,3.88,1.5,62.2,12.0,6.945337620578778,4.485530546623794,0.28938906752411575,12,,3.84,1.5,72.2,14.0,5.983379501385041,3.240997229916897,0.7479224376731302,12,,2021-07-05,KT Wiz,Kiwoom Heroes,수원
20210706NCOB02021,2.4,1.12,82.1,14.0,6.029232643118149,2.082825822168088,0.6577344701583435,12,,3.18,1.27,90.2,15.0,8.780487804878048,3.3924611973392462,0.6984478935698447,13,,2021-07-06,Doosan Bears,NC Dinos,잠실
20210706SKWO02021,3.52,1.32,69.0,14.0,9.0,3.782608695652174,1.3043478260869565,12,,3.36,1.07,75.0,13.0,9.84,2.64,0.72,12,,2021-07-06,Kiwoom Heroes,SSG Landers,고척
20210707HTHH02021,4.03,1.17,51.1,10.0,7.397260273972602,2.99412915851272,1.0567514677103718,14,,4.6,1.27,72.1,13.0,6.865464632454924,2.1220527045769764,0.998613037447989,12,,2021-07-07,Hanwha Eagles,Kia Tigers,대전
20210707NCOB02021,2.87,1.24,87.2,15.0,11.662844036697248,3.818807339449541,1.0321100917431192,12,,5.95,1.61,56.0,11.0,7.875,3.2142857142857144,0.9642857142857143,13,,2021-07-07,Doosan Bears,NC Dinos,잠실
20210707SKWO02021,3.0,1.28,54.0,9.0,7.166666666666667,4.166666666666667,1.0,12,,6.35,1.59,5.2,1.0,3.4615384615384612,1.7307692307692306,0.0,12,,2021-07-07,Kiwoom Heroes,SSG Landers,고척
20210708KTSS02021,2.29,1.15,90.1,15.0,8.890122086570479,2.6970033296337403,0.3995560488346282,13,,5.29,1.59,64.2,12.0,8.130841121495326,4.906542056074766,0.8411214953271028,12,,2021-07-08,Samsung Lions,KT Wiz,대구
20210708SKWO02021,2.67,1.17,94.1,16.0,6.886291179596174,2.2954303931987248,0.7651434643995749,12,,5.17,1.82,31.1,25.0,7.234726688102894,6.655948553054662,0.5787781350482315,12,,2021-07-08,Kiwoom Heroes,SSG Landers,고척
20210709HHSK02021,4.87,1.33,44.1,27.0,5.918367346938775,2.6530612244897958,1.836734693877551,12,,3.93,1.36,84.2,15.0,9.406175771971496,4.382422802850356,1.175771971496437,14,,2021-07-09,SSG Landers,Hanwha Eagles,문학
20210709KTHT02021,3.45,1.42,73.0,12.0,6.164383561643835,1.9726027397260273,0.4931506849315068,12,,3.38,0.98,82.2,13.0,7.007299270072992,1.4233576642335766,0.656934306569343,12,,2021-07-09,Kia Tigers,KT Wiz,광주
20210709LTSS02021,5.73,1.71,48.2,9.0,5.975103734439834,3.3609958506224062,1.4937759336099585,13,,4.73,1.33,78.0,15.0,6.346153846153846,4.153846153846154,0.8076923076923077,12,,2021-07-09,Samsung Lions,Lotte Giants,대구
20210710HHSK02021,4.54,1.59,69.1,19.0,7.424023154848047,5.470332850940666,0.6512301013024603,12,,4.06,1.26,82.0,15.0,7.682926829268292,4.170731707317073,1.2073170731707317,14,,2021-07-10,SSG Landers,Hanwha Eagles,문학
20210710LTSS02021,2.59,1.22,87.0,14.0,7.551724137931035,3.310344827586207,0.8275862068965517,13,,4.11,1.22,81.0,14.0,7.444444444444445,3.2222222222222223,1.3333333333333333,14,,2021-07-10,Samsung Lions,Lotte Giants,대구
20210711HHSK02021,3.56,1.07,81.0,14.0,10.444444444444445,2.6666666666666665,0.6666666666666666,12,,4.44,1.4,50.2,27.0,7.709163346613545,4.661354581673306,1.254980079681275,13,,2021-07-11,SSG Landers,Hanwha Eagles,문학
20210711KTHT02021,4.19,1.3,66.2,13.0,9.652567975830815,5.030211480362538,0.5438066465256798,12,,2.42,1.27,96.2,17.0,9.261954261954262,4.303534303534303,0.5613305613305614,12,,2021-07-11,Kia Tigers,KT Wiz,광주
20210711LTSS02021,2.68,1.36,84.0,15.0,5.035714285714286,4.392857142857143,1.1785714285714286,13,,4.12,1.39,87.1,16.0,8.989667049368542,3.616532721010333,0.7233065442020666,14,,2021-07-11,Samsung Lions,Lotte Giants,대구
20220312HHSS02022,0.0,0.0,0.0,0.0,,,,37,,0.0,0.0,0.0,0.0,,,,40,,2022-03-12,Samsung Lions,Hanwha Eagles,대구
20220312HTNC02022,0.0,0.0,0.0,0.0,,,,43,,0.0,0.0,0.0,0.0,,,,39,,2022-03-12,NC Dinos,Kia Tigers,창원
20220312LGKT02022,0.0,0.0,0.0,0.0,,,,41,,0.0,0.0,0.0,0.0,,,,48,,2022-03-12,KT Wiz,LG Twins,수원
20220312OBWO02022,0.0,0.0,0.0,0.0,,,,40,,0.0,0.0,0.0,0.0,,,,42,,2022-03-12,Kiwoom Heroes,Doosan Bears,고척
20220312SKLT02022,0.0,0.0,0.0,0.0,,,,41,,0.0,0.0,0.0,0.0,,,,41,,2022-03-12,Lotte Giants,SSG Landers,사직
20220313OBWO02022,0.0,0.0,0.0,0.0,,,,40,,0.0,0.0,0.0,0.0,,,,42,,2022-03-13,Kiwoom Heroes,Doosan Bears,고척
20220314HHLT02022,0.0,0.0,0.0,0.0,,,,41,,0.0,0.0,0.0,0.0,,,,40,,2022-03-14,Lotte Giants,Hanwha Eagles,사직
20220314HTSS02022,0.0,0.0,0.0,0.0,,,,37,,0.0,0.0,0.0,0.0,,,,39,,2022-03-14,Samsung Lions,Kia Tigers,대구
20220314LGWO02022,0.0,0.0,0.0,0.0,,,,40,,0.0,0.0,0.0,0.0,,,,48,,2022-03-14,Kiwoom Heroes,LG Twins,고척
20220314SKNC02022,0.0,0.0,0.0,0.0,,,,43,,0.0,0.0,0.0,0.0,,,,41,,2022-03-14,NC Dinos,SSG Landers,창원
20220315HHLT02022,0.0,0.0,0.0,0.0,,,,41,,0.0,0.0,0.0,0.0,,,,40,,2022-03-15,Lotte Giants,Hanwha Eagles,사직
20220315HTSS02022,0.0,0.0,0.0,0.0,,,,36,,0.0,0.0,0.0,0.0,,,,39,,2022-03-15,Samsung Lions,Kia Tigers,대구
20220315LGWO02022,0.0,0.0,0.0,0.0,,,,40,,0.0,0.0,0.0,0.0,,,,48,,2022-03-15,Kiwoom Heroes,LG Twins,고척
20220315OBKT02022,0.0,0.0,0.0,0.0,,,,41,,0.0,0.0,0.0,0.0,,,,42,,2022-03-15,KT Wiz,Doosan Bears,수원
20220315SKNC02022,0.0,0.0,0.0,0.0,,,,43,,0.0,0.0,0.0,0.0,,,,41,,2022-03-15,NC Dinos,SSG Landers,창원
20220317HHNC02022,0.0,0.0,0.0,0.0,,,,43,,0.0,0.0,0.0,0.0,,,,40,,2022-03-17,NC Dinos,Hanwha Eagles,창원
20220317HTKT02022,0.0,0.0,0.0,0.0,,,,41,,0.0,0.0,0.0,0.0,,,,39,,2022-03-17,KT Wiz,Kia Tigers,수원
20220317OBLT02022,2.25,1.0,4.0,1.0,9.0,0.0,0.0,41,,0.0,0.0,0.0,0.0,,,,42,,2022-03-17,Lotte Giants,Doosan Bears,사직
20220317SKWO02022,0.0,1.0,1.0,1.0,0.0,0.0,0.0,40,,0.0,0.0,0.0,0.0,,,,41,,2022-03-17,Kiwoom Heroes,SSG Landers,고척
20220318HHNC02022,0.0,0.5,2.0,1.0,9.0,0.0,0.0,43,,16.88,3.0,2.2,1.0,16.363636363636363,4.090909090909091,4.090909090909091,40,,2022-03-18,NC Dinos,Hanwha Eagles,창원
20220318HTKT02022,0.0,1.5,2.0,1.0,0.0,4.5,0.0,41,,0.0,0.0,0.0,0.0,,,,39,,2022-03-18,KT Wiz,Kia Tigers,수원
20220318LGSS02022,0.0,0.0,0.0,0.0,,,,37,,0.0,1.67,3.0,1.0,3.0,3.0,0.0,48,,2022-03-18,Samsung Lions,LG Twins,대구
20220318SKWO02022,0.0,0.0,2.0,1.0,9.0,0.0,0.0,41,,7.36,2.45,3.2,1.0,11.25,0.0,0.0,42,,2022-03-18,Kiwoom Heroes,SSG Landers,고척
20220319HHWO02022,0.0,0.5,2.0,1.0,4.5,4.5,0.0,41,,0.0,0.75,2.2,1.0,12.272727272727272,0.0,0.0,40,,2022-03-19,Kiwoom Heroes,Hanwha Eagles,고척
20220320HHWO02022,0.0,0.5,2.0,1.0,4.5,0.0,0.0,41,,13.5,3.75,1.1,1.0,8.181818181818182,24.545454545454543,0.0,40,,2022-03-20,Kiwoom Heroes,Hanwha Eagles,고척
20220320HTLT02022,0.0,0.5,4.0,1.0,9.0,0.0,0.0,41,,2.25,0.75,4.0,1.0,4.5,2.25,0.0,39,,2022-03-20,Lotte Giants,Kia Tigers,사직
20220320LGNC02022,0.0,0.5,2.0,1.0,4.5,4.5,0.0,43,,0.0,0.0,3.0,1.0,12.0,0.0,0.0,48,,2022-03-20,NC Dinos,LG Twins,창원
20220320OBSS02022,0.0,1.0,2.0,1.0,9.0,0.0,0.0,37,,0.0,0.0,0.0,0.0,,,,42,,2022-03-20,Samsung Lions,Doosan Bears,대구
20220320SKKT02022,0.0,1.5,2.0,1.0,9.0,9.0,0.0,41,,6.0,2.33,3.0,1.0,6.0,0.0,0.0,42,,2022-03-20,KT Wiz,SSG Landers,수원
20220321HHKT02022,0.0,0.0,0.0,0.0,,,,41,,3.38,1.88,2.2,1.0,8.181818181818182,4.090909090909091,0.0,40,,2022-03-21,KT Wiz,Hanwha Eagles,수원
20220321LGSK02022,0.0,0.0,0.0,0.0,,,,42,,0.0,0.67,3.0,1.0,18.0,3.0,0.0,48,,2022-03-21,SSG Landers,LG Twins,문학
20220321NCLT02022,0.0,0.0,3.0,1.0,12.0,0.0,0.0,41,,0.0,0.0,2.0,1.0,4.5,0.0,0.0,43,,2022-03-21,Lotte Giants,NC Dinos,사직
20220321OBHT02022,0.0,0.0,0.0,0.0,,,,39,,0.0,0.86,2.1,1.0,8.571428571428571,4.285714285714286,0.0,42,,2022-03-21,Kia Tigers,Doosan Bears,광주
20220321WOSS02022,6.0,2.33,3.0,1.0,6.0,3.0,0.0,37,,3.0,1.0,3.0,1.0,6.0,0.0,0.0,41,,2022-03-21,Samsung Lions,Kiwoom Heroes,대구
20220322HHKT02022,9.0,2.5,2.0,1.0,9.0,4.5,0.0,41,,3.86,1.71,2.1,1.0,4.285714285714286,0.0,0.0,40,,2022-03-22,KT Wiz,Hanwha Eagles,수원
20220322LGSK02022,2.25,0.75,4.0,1.0,11.25,0.0,0.0,42,,0.0,0.0,0.0,0.0,,,,48,,2022-03-22,SSG Landers,LG Twins,문학
20220322NCLT02022,0.0,0.0,0.0,0.0,,,,41,,0.0,0.5,2.0,1.0,4.5,0.0,0.0,43,,2022-03-22,Lotte Giants,NC Dinos,사직
20220322OBHT02022,0.0,0.0,3.0,1.0,6.0,0.0,0.0,39,,6.75,2.25,2.2,1.0,4.090909090909091,4.090909090909091,0.0,42,,2022-03-22,Kia Tigers,Doosan Bears,광주
20220322WOSS02022,0.0,0.0,0.0,0.0,,,,37,,0.0,0.5,4.0,2.0,9.0,0.0,0.0,41,,2022-03-22,Samsung Lions,Kiwoom Heroes,대구
20220324HHSK02022,4.7,1.57,7.2,2.0,8.75,0.0,0.0,42,,0.0,0.6,6.2,2.0,13.064516129032258,1.4516129032258065,0.0,40,,2022-03-24,SSG Landers,Hanwha Eagles,문학
20220324KTLT02022,0.0,1.0,3.0,1.0,6.0,3.0,0.0,41,,0.0,0.0,0.0,0.0,,,,41,,2022-03-24,Lotte Giants,KT Wiz,사직
20220324LGOB02022,13.5,2.5,2.0,1.0,13.5,4.5,4.5,42,,0.0,0.0,1.0,1.0,9.0,0.0,0.0,48,,2022-03-24,Doosan Bears,LG Twins,잠실
20220324SSNC02022,2.25,0.75,4.0,1.0,9.0,0.0,0.0,43,,21.6,3.6,3.1,2.0,8.709677419354838,5.806451612903226,2.903225806451613,37,,2022-03-24,NC Dinos,Samsung Lions,창원
20220324WOHT02022,0.0,0.25,4.0,1.0,9.0,0.0,0.0,39,,0.0,0.4,5.0,2.0,7.2,0.0,0.0,41,,2022-03-24,Kia Tigers,Kiwoom Heroes,광주
20220325HHSK02022,3.0,1.33,6.0,2.0,9.0,3.0,0.0,42,,6.75,1.5,6.2,2.0,10.161290322580644,2.903225806451613,1.4516129032258065,40,,2022-03-25,SSG Landers,Hanwha Eagles,문학
20220325KTLT02022,1.13,0.75,8.0,2.0,7.875,1.125,0.0,41,,3.0,1.33,3.0,1.0,9.0,0.0,0.0,41,,2022-03-25,Lotte Giants,KT Wiz,사직
20220325OBLG02022,3.0,1.83,6.0,2.0,9.0,3.0,0.0,48,,0.0,1.0,2.0,1.0,0.0,4.5,0.0,42,,2022-03-25,LG Twins,Doosan Bears,잠실
20220325SSNC02022,1.5,0.83,6.0,2.0,13.5,3.0,0.0,43,,1.5,1.17,6.0,2.0,4.5,3.0,0.0,37,,2022-03-25,NC Dinos,Samsung Lions,창원
20220325WOHT02022,4.0,1.0,9.0,2.0,5.0,1.0,0.0,39,,3.6,1.4,5.0,2.0,9.0,1.8,1.8,41,,2022-03-25,Kia Tigers,Kiwoom Heroes,광주
20220326LTLG02022,1.17,0.39,7.2,2.0,6.25,1.25,1.25,48,,4.5,1.0,6.0,2.0,9.0,3.0,1.5,41,,2022-03-26,LG Twins,Lotte Giants,잠실
20220326NCWO02022,0.0,0.0,2.0,1.0,4.5,0.0,0.0,41,,1.5,0.83,6.0,3.0,10.5,3.0,0.0,43,,2022-03-26,Kiwoom Heroes,NC Dinos,고척
20220327HTHH02022,2.84,0.95,6.1,2.0,5.901639344262295,5.901639344262295,0.0,40,,0.0,0.57,7.0,2.0,10.285714285714286,1.2857142857142858,0.0,39,,2022-03-27,Hanwha Eagles,Kia Tigers,대전
20220327LTLG02022,4.5,0.83,6.0,2.0,19.5,1.5,0.0,48,,0.0,0.75,4.0,1.0,13.5,2.25,0.0,41,,2022-03-27,LG Twins,Lotte Giants,잠실
20220327NCWO02022,4.5,1.67,6.0,2.0,7.5,4.5,0.0,41,,6.0,1.5,6.0,2.0,7.5,3.0,1.5,43,,2022-03-27,Kiwoom Heroes,NC Dinos,고척
20220327OBSK02022,0.0,0.8,5.0,1.0,7.2,1.8,0.0,42,,1.42,0.79,6.1,2.0,7.3770491803278695,1.4754098360655739,0.0,42,,2022-03-27,SSG Landers,Doosan Bears,문학
20220327SSKT02022,1.8,1.4,5.0,2.0,9.0,5.4,0.0,41,,3.0,1.0,9.0,2.0,8.0,2.0,1.0,37,,2022-03-27,KT Wiz,Samsung Lions,수원
20220328KTWO02022,1.13,1.0,8.0,3.0,5.625,1.125,1.125,41,,4.76,1.76,5.2,2.0,8.653846153846153,3.4615384615384612,0.0,41,,2022-03-28,Kiwoom Heroes,KT Wiz,고척
20220328LGHH02022,10.38,2.77,4.1,2.0,8.78048780487805,8.78048780487805,0.0,40,,0.0,0.33,3.0,1.0,3.0,0.0,0.0,48,,2022-03-28,Hanwha Eagles,LG Twins,대전
20220328LTSS02022,0.0,0.75,4.0,1.0,4.5,4.5,0.0,37,,1.13,0.75,8.0,2.0,9.0,0.0,0.0,41,,2022-03-28,Samsung Lions,Lotte Giants,대구
20220328NCOB02022,3.52,1.43,7.2,2.0,5.0,1.25,1.25,42,,3.6,1.6,5.0,2.0,3.6,1.8,0.0,43,,2022-03-28,Doosan Bears,NC Dinos,잠실
20220328SKHT02022,4.5,1.25,4.0,1.0,2.25,0.0,2.25,39,,4.26,2.05,6.1,2.0,8.852459016393443,5.901639344262295,0.0,42,,2022-03-28,Kia Tigers,SSG Landers,광주
20220329KTWO02022,6.0,1.22,9.0,3.0,7.0,1.0,2.0,41,,2.25,0.75,4.0,1.0,6.75,2.25,0.0,41,,2022-03-29,Kiwoom Heroes,KT Wiz,고척
20220329LGHH02022,0.84,0.66,10.2,3.0,10.588235294117649,1.7647058823529413,0.0,40,,1.59,1.59,5.2,2.0,5.1923076923076925,6.9230769230769225,1.7307692307692306,48,,2022-03-29,Hanwha Eagles,LG Twins,대전
20220329LTSS02022,3.0,1.0,3.0,1.0,12.0,0.0,3.0,37,,2.57,1.14,7.0,2.0,6.428571428571429,2.5714285714285716,1.2857142857142858,41,,2022-03-29,Samsung Lions,Lotte Giants,대구
20220329NCOB02022,7.5,2.0,6.0,2.0,7.5,3.0,3.0,42,,3.18,0.88,5.2,2.0,1.7307692307692306,3.4615384615384612,0.0,43,,2022-03-29,Doosan Bears,NC Dinos,잠실
20220329SKHT02022,4.5,1.0,4.0,1.0,9.0,0.0,2.25,39,,2.84,1.26,12.2,3.0,10.327868852459018,0.7377049180327869,0.0,42,,2022-03-29,Kia Tigers,SSG Landers,광주
20220402HHOB02022,6.75,1.71,9.1,3.0,9.89010989010989,4.945054945054945,0.0,11,,2.61,0.97,10.1,3.0,4.455445544554456,5.346534653465347,0.0,12,,2022-04-02,Doosan Bears,Hanwha Eagles,잠실
20220402LGHT02022,1.42,0.63,12.2,3.0,11.065573770491804,0.7377049180327869,0.7377049180327869,10,,4.5,1.0,10.0,3.0,14.4,2.7,0.9,11,,2022-04-02,Kia Tigers,LG Twins,광주
20220402LTWO02022,3.27,1.45,11.0,3.0,9.818181818181818,3.272727272727273,0.0,12,,1.93,0.93,14.0,3.0,8.357142857142858,1.2857142857142858,0.0,12,,2022-04-02,Kiwoom Heroes,Lotte Giants,고척
20220402SKNC02022,4.0,1.0,9.0,2.0,8.0,1.0,0.0,12,,3.6,1.3,10.0,2.0,7.2,0.9,0.0,11,,2022-04-02,NC Dinos,SSG Landers,창원
20220402SSKT02022,2.25,1.25,4.0,1.0,11.25,0.0,2.25,12,,1.64,1.18,11.0,3.0,8.181818181818182,1.6363636363636365,0.0,12,,2022-04-02,KT Wiz,Samsung Lions,수원
20220403HHOB02022,4.26,1.11,12.2,3.0,6.639344262295082,0.7377049180327869,1.4754098360655739,11,,3.97,1.06,11.1,3.0,9.72972972972973,1.6216216216216217,0.8108108108108109,12,,2022-04-03,Doosan Bears,Hanwha Eagles,잠실
20220403LGHT02022,5.4,0.8,5.0,1.0,9.0,0.0,0.0,10,,1.69,0.66,10.2,3.0,7.058823529411765,0.8823529411764707,0.8823529411764707,11,,2022-04-03,Kia Tigers,LG Twins,광주
20220403LTWO02022,0.69,0.77,13.0,4.0,4.153846153846154,0.6923076923076923,0.6923076923076923,12,,0.64,0.79,14.0,3.0,6.428571428571429,1.2857142857142858,0.0,12,,2022-04-03,Kiwoom Heroes,Lotte Giants,고척
20220403SKNC02022,4.91,1.18,11.0,3.0,10.636363636363637,3.272727272727273,1.6363636363636365,12,,3.68,1.23,14.2,4.0,12.042253521126762,0.6338028169014085,0.6338028169014085,11,,2022-04-03,NC Dinos,SSG Landers,창원
20220403SSKT02022,2.53,1.22,10.2,3.0,9.705882352941178,3.5294117647058827,0.0,12,,0.0,0.78,9.0,2.0,5.0,2.0,0.0,12,,2022-04-03,KT Wiz,Samsung Lions,수원
20220405HHHT02022,2.16,0.96,8.1,2.0,7.777777777777778,3.3333333333333335,0.0,10,,4.15,1.15,8.2,3.0,5.487804878048781,0.0,2.1951219512195124,13,,2022-04-05,Kia Tigers,Hanwha Eagles,광주
20220405LGWO02022,7.24,1.39,13.2,4.0,5.454545454545455,2.0454545454545454,2.0454545454545454,12,,3.38,1.78,10.2,3.0,4.411764705882353,6.176470588235294,0.8823529411764707,12,,2022-04-05,Kiwoom Heroes,LG Twins,고척
20220405LTNC02022,3.27,1.0,11.0,3.0,8.181818181818182,1.6363636363636365,0.8181818181818182,12,,0.0,0.88,8.0,2.0,7.875,4.5,0.0,12,,2022-04-05,NC Dinos,Lotte Giants,창원
20220405SKKT02022,4.15,1.15,8.2,2.0,5.487804878048781,2.1951219512195124,0.0,12,,3.0,0.78,9.0,2.0,9.0,1.0,1.0,10,,2022-04-05,KT Wiz,SSG Landers,수원
20220405SSOB02022,5.91,1.88,10.2,3.0,8.823529411764707,2.647058823529412,1.7647058823529413,11,,11.25,2.5,8.0,3.0,6.75,2.25,3.375,12,,2022-04-05,Doosan Bears,Samsung Lions,잠실
20220406HHHT02022,0.0,0.25,4.0,2.0,2.25,0.0,0.0,11,,1.15,0.57,15.2,4.0,8.881578947368421,1.1842105263157896,0.0,13,,2022-04-06,Kia Tigers,Hanwha Eagles,광주
20220406LGWO02022,8.0,1.78,9.0,3.0,6.0,2.0,1.0,12,,0.0,0.5,6.0,2.0,7.5,1.5,0.0,13,,2022-04-06,Kiwoom Heroes,LG Twins,고척
20220406LTNC02022,7.36,2.18,7.1,4.0,5.070422535211268,5.070422535211268,0.0,12,,9.64,1.71,4.2,2.0,6.428571428571428,2.142857142857143,0.0,13,,2022-04-06,NC Dinos,Lotte Giants,창원
20220406SKKT02022,1.23,1.23,7.1,2.0,7.605633802816902,0.0,0.0,12,,6.75,2.1,6.2,3.0,8.709677419354838,5.806451612903226,0.0,11,,2022-04-06,KT Wiz,SSG Landers,수원
20220406SSOB02022,1.69,1.5,5.1,2.0,5.294117647058824,5.294117647058824,0.0,11,,3.46,1.23,13.0,3.0,6.923076923076923,3.4615384615384617,1.3846153846153846,12,,2022-04-06,Doosan Bears,Samsung Lions,잠실
20220407HHHT02022,3.21,1.07,14.0,3.0,5.142857142857143,1.2857142857142858,0.0,12,,2.25,0.88,8.0,4.0,7.875,1.125,1.125,13,,2022-04-07,Kia Tigers,Hanwha Eagles,광주
20220407LGWO02022,1.5,0.33,6.0,2.0,6.0,0.0,0.0,13,,0.0,1.67,3.0,2.0,3.0,6.0,0.0,14,,2022-04-07,Kiwoom Heroes,LG Twins,고척
20220407LTNC02022,2.57,0.86,7.0,3.0,3.857142857142857,2.5714285714285716,0.0,12,,1.8,1.8,5.0,1.0,12.6,5.4,0.0,13,,2022-04-07,NC Dinos,Lotte Giants,창원
20220407SKKT02022,2.0,1.11,9.0,3.0,8.0,4.0,0.0,12,,2.45,0.91,11.0,3.0,9.0,1.6363636363636365,0.8181818181818182,12,,2022-04-07,KT Wiz,SSG Landers,수원
20220407SSOB02022,1.29,1.43,7.0,3.0,9.0,6.428571428571429,1.2857142857142858,12,,0.0,0.0,0.0,0.0,,,,12,,2022-04-07,Doosan Bears,Samsung Lions,잠실
20220408HTSK02022,0.0,0.0,9.0,1.0,9.0,0.0,0.0,12,,0.0,0.5,6.0,1.0,9.0,0.0,0.0,12,,2022-04-08,SSG Landers,Kia Tigers,문학
20220408KTHH02022,9.0,2.0,5.0,1.0,3.6,3.6,1.8,13,,1.5,0.33,6.0,1.0,4.5,1.5,0.0,12,,2022-04-08,Hanwha Eagles,KT Wiz,대전
20220408NCLG02022,0.0,0.33,6.0,1.0,10.5,1.5,0.0,13,,0.0,0.71,7.0,1.0,6.428571428571429,0.0,0.0,12,,2022-04-08,LG Twins,NC Dinos,잠실
20220408OBLT02022,1.13,0.75,8.0,2.0,5.625,2.25,0.0,13,,5.4,2.0,5.0,1.0,14.4,7.2,0.0,12,,2022-04-08,Lotte Giants,Doosan Bears,사직
20220408WOSS02022,3.0,1.83,6.0,1.0,6.0,6.0,0.0,12,,3.0,1.17,6.0,1.0,10.5,3.0,0.0,13,,2022-04-08,Samsung Lions,Kiwoom Heroes,대구
20220409HTSK02022,1.8,1.0,5.0,2.0,14.4,1.8,1.8,12,,4.0,1.22,9.0,2.0,4.0,2.0,3.0,12,,2022-04-09,SSG Landers,Kia Tigers,문학
20220409KTHH02022,1.5,1.0,6.0,1.0,10.5,1.5,1.5,13,,0.0,0.57,7.0,1.0,6.428571428571429,0.0,0.0,12,,2022-04-09,Hanwha Eagles,KT Wiz,대전
20220409NCLG02022,4.91,2.18,3.2,1.0,5.625,5.625,2.8125,13,,3.0,1.17,6.0,1.0,7.5,3.0,3.0,12,,2022-04-09,LG Twins,NC Dinos,잠실
20220409OBLT02022,1.69,1.31,5.1,1.0,7.058823529411765,3.5294117647058827,0.0,13,,0.0,0.5,6.0,1.0,7.5,0.0,0.0,12,,2022-04-09,Lotte Giants,Doosan Bears,사직
20220409WOSS02022,3.0,1.0,6.0,1.0,13.5,3.0,1.5,12,,1.5,1.17,6.0,1.0,6.0,0.0,0.0,13,,2022-04-09,Samsung Lions,Kiwoom Heroes,대구
20220410HTSK02022,0.0,0.5,6.0,1.0,7.5,3.0,0.0,12,,0.0,0.88,5.2,1.0,13.846153846153845,1.7307692307692306,0.0,12,,2022-04-10,SSG Landers,Kia Tigers,문학
20220410KTHH02022,6.23,1.62,4.1,2.0,2.1951219512195124,0.0,0.0,14,,5.68,1.26,6.1,1.0,4.426229508196721,0.0,0.0,12,,2022-04-10,Hanwha Eagles,KT Wiz,대전
20220410NCLG02022,0.0,0.9,6.2,2.0,4.354838709677419,1.4516129032258065,0.0,13,,3.0,1.67,6.0,1.0,7.5,1.5,1.5,12,,2022-04-10,LG Twins,NC Dinos,잠실
20220410OBLT02022,0.0,0.0,0.0,0.0,,,,13,,3.86,1.29,4.2,1.0,6.428571428571428,6.428571428571428,0.0,12,,2022-04-10,Lotte Giants,Doosan Bears,사직
20220410WOSS02022,7.04,2.22,7.2,2.0,7.5,2.5,2.5,12,,3.6,0.8,5.0,1.0,3.6,0.0,0.0,13,,2022-04-10,Samsung Lions,Kiwoom Heroes,대구
20220412HHSS02022,5.06,1.5,5.1,1.0,7.058823529411765,0.0,1.7647058823529413,13,,1.8,2.0,5.0,1.0,14.4,7.2,0.0,14,,2022-04-12,Samsung Lions,Hanwha Eagles,대구
20220412LTHT02022,0.0,1.0,4.0,1.0,9.0,4.5,0.0,12,,1.42,1.18,12.2,2.0,11.065573770491804,3.6885245901639347,0.0,13,,2022-04-12,Kia Tigers,Lotte Giants,광주
20220412NCWO02022,1.69,0.75,5.1,1.0,5.294117647058824,3.5294117647058827,0.0,13,,0.0,1.17,6.0,1.0,7.5,7.5,0.0,12,,2022-04-12,Kiwoom Heroes,NC Dinos,고척
20220412OBKT02022,3.38,0.63,8.0,1.0,11.25,0.0,1.125,12,,0.0,1.4,5.0,1.0,5.4,7.2,0.0,12,,2022-04-12,KT Wiz,Doosan Bears,수원
20220412SKLG02022,5.4,1.4,5.0,1.0,10.8,5.4,0.0,13,,5.4,2.2,5.0,1.0,7.2,7.2,0.0,12,,2022-04-12,LG Twins,SSG Landers,잠실
20220413HHSS02022,0.0,0.83,6.0,1.0,4.5,3.0,0.0,13,,6.48,1.44,8.1,2.0,4.444444444444445,3.3333333333333335,1.1111111111111112,14,,2022-04-13,Samsung Lions,Hanwha Eagles,대구
20220413NCWO02022,7.5,1.33,6.0,1.0,1.5,0.0,3.0,13,,1.5,0.83,6.0,1.0,7.5,4.5,0.0,12,,2022-04-13,Kiwoom Heroes,NC Dinos,고척
20220413SKLG02022,1.5,0.67,6.0,1.0,3.0,3.0,0.0,13,,0.0,0.83,6.0,1.0,12.0,3.0,0.0,12,,2022-04-13,LG Twins,SSG Landers,잠실
20220414HHSS02022,2.08,1.31,13.0,2.0,4.153846153846154,2.769230769230769,0.0,13,,4.91,1.64,3.2,1.0,8.4375,8.4375,0.0,14,,2022-04-14,Samsung Lions,Hanwha Eagles,대구
20220414LTHT02022,0.0,0.5,12.0,2.0,9.75,0.75,0.0,13,,2.92,1.14,12.1,2.0,8.181818181818182,2.231404958677686,0.0,13,,2022-04-14,Kia Tigers,Lotte Giants,광주
20220414NCWO02022,1.38,0.77,13.0,2.0,10.384615384615385,2.769230769230769,0.0,13,,0.0,0.5,14.0,2.0,9.0,0.0,0.0,12,,2022-04-14,Kiwoom Heroes,NC Dinos,고척
20220414OBKT02022,6.0,1.67,6.0,1.0,6.0,0.0,0.0,12,,2.13,1.42,12.2,2.0,8.852459016393443,5.163934426229509,0.0,12,,2022-04-14,KT Wiz,Doosan Bears,수원
20220414SKLG02022,3.27,1.0,11.0,2.0,7.363636363636363,2.4545454545454546,0.0,13,,0.0,0.33,15.0,2.0,8.4,1.8,0.0,12,,2022-04-14,LG Twins,SSG Landers,잠실
20220415HTNC02022,3.75,1.17,12.0,2.0,5.25,2.25,1.5,12,,7.71,2.57,2.1,1.0,12.857142857142856,0.0,0.0,13,,2022-04-15,NC Dinos,Kia Tigers,창원
20220415KTLT02022,1.29,0.57,7.0,1.0,12.857142857142858,2.5714285714285716,1.2857142857142858,13,,3.27,1.0,11.0,2.0,8.181818181818182,1.6363636363636365,1.6363636363636365,12,,2022-04-15,Lotte Giants,KT Wiz,사직
20220415LGHH02022,2.45,0.82,7.1,2.0,8.873239436619718,2.535211267605634,0.0,14,,8.53,2.21,6.1,2.0,4.426229508196721,5.901639344262295,1.4754098360655739,13,,2022-04-15,Hanwha Eagles,LG Twins,대전
20220415SSSK02022,0.0,0.33,6.0,1.0,7.5,1.5,0.0,12,,2.08,0.85,13.0,2.0,9.692307692307692,2.076923076923077,0.6923076923076923,13,,2022-04-15,SSG Landers,Samsung Lions,문학
20220415WOOB02022,2.25,1.17,12.0,2.0,6.0,1.5,0.0,12,,4.35,0.97,10.1,2.0,3.5643564356435644,0.0,0.8910891089108911,13,,2022-04-15,Doosan Bears,Kiwoom Heroes,잠실
20220416HTNC02022,5.91,1.88,10.2,2.0,7.058823529411765,2.647058823529412,1.7647058823529413,12,,2.08,1.38,8.2,2.0,12.073170731707318,3.2926829268292686,1.0975609756097562,13,,2022-04-16,NC Dinos,Kia Tigers,창원
20220416KTLT02022,0.0,1.0,4.0,1.0,9.0,0.0,0.0,13,,4.63,1.46,11.2,2.0,7.232142857142858,0.8035714285714286,0.0,12,,2022-04-16,Lotte Giants,KT Wiz,사직
20220416LGHH02022,1.42,0.87,12.2,2.0,11.065573770491804,1.4754098360655739,0.7377049180327869,14,,5.4,2.2,5.0,1.0,3.6,5.4,1.8,12,,2022-04-16,Hanwha Eagles,LG Twins,대전
20220416SSSK02022,0.82,0.64,11.0,2.0,5.7272727272727275,1.6363636363636365,0.0,12,,5.4,1.05,6.2,1.0,0.0,1.4516129032258065,2.903225806451613,13,,2022-04-16,SSG Landers,Samsung Lions,문학
20220416WOOB02022,3.97,1.24,11.1,2.0,6.486486486486487,3.2432432432432434,0.8108108108108109,12,,0.71,0.95,12.2,2.0,8.114754098360656,0.7377049180327869,0.0,13,,2022-04-16,Doosan Bears,Kiwoom Heroes,잠실
20220417HTNC02022,4.76,1.32,11.1,2.0,8.108108108108109,4.054054054054054,0.8108108108108109,12,,5.14,1.57,7.0,2.0,10.285714285714286,5.142857142857143,1.2857142857142858,13,,2022-04-17,NC Dinos,Kia Tigers,창원
20220417KTLT02022,1.02,1.3,17.2,3.0,12.558139534883722,4.186046511627907,0.5232558139534884,13,,2.08,0.92,4.1,3.0,8.78048780487805,0.0,0.0,12,,2022-04-17,Lotte Giants,KT Wiz,사직
20220417LGHH02022,2.7,1.6,10.0,2.0,10.8,4.5,0.9,14,,6.3,1.5,10.0,2.0,9.0,2.7,0.9,12,,2022-04-17,Hanwha Eagles,LG Twins,대전
20220417SSSK02022,3.0,1.33,12.0,2.0,6.0,3.75,0.0,12,,2.19,1.05,12.1,2.0,8.925619834710744,1.4876033057851241,0.7438016528925621,13,,2022-04-17,SSG Landers,Samsung Lions,문학
20220417WOOB02022,13.5,3.5,2.0,1.0,4.5,18.0,0.0,12,,0.73,0.57,12.1,2.0,5.9504132231404965,1.4876033057851241,0.0,13,,2022-04-17,Doosan Bears,Kiwoom Heroes,잠실
20220419HHLT02022,1.13,1.13,8.0,3.0,5.625,2.25,0.0,13,,8.1,1.43,13.1,3.0,4.809160305343512,3.435114503816794,1.3740458015267176,14,,2022-04-19,Lotte Giants,Hanwha Eagles,사직
20220419KTLG02022,0.0,0.5,6.0,1.0,3.0,1.5,0.0,13,,3.21,0.86,14.0,2.0,10.928571428571429,1.2857142857142858,0.6428571428571429,12,,2022-04-19,LG Twins,KT Wiz,잠실
20220419OBHT02022,1.59,1.41,5.2,1.0,10.384615384615385,5.1923076923076925,0.0,12,,0.9,1.5,10.0,2.0,9.9,5.4,0.0,12,,2022-04-19,Kia Tigers,Doosan Bears,광주
20220419SSNC02022,7.11,1.74,6.1,2.0,7.3770491803278695,7.3770491803278695,0.0,12,,0.75,0.75,12.0,2.0,5.25,1.5,0.75,13,,2022-04-19,NC Dinos,Samsung Lions,창원
20220419WOSK02022,1.54,1.11,11.2,2.0,10.446428571428573,3.2142857142857144,0.8035714285714286,12,,9.0,1.75,8.0,2.0,1.125,1.125,3.375,13,,2022-04-19,SSG Landers,Kiwoom Heroes,문학
20220420HHLT02022,2.6,1.38,17.1,3.0,8.421052631578947,3.157894736842105,0.0,13,,2.35,1.3,7.2,2.0,6.25,5.0,0.0,14,,2022-04-20,Lotte Giants,Hanwha Eagles,사직
20220420KTLG02022,2.65,1.06,17.0,3.0,8.470588235294118,3.176470588235294,0.0,13,,5.68,1.34,12.2,2.0,7.3770491803278695,0.7377049180327869,0.0,12,,2022-04-20,LG Twins,KT Wiz,잠실
20220420OBHT02022,1.5,0.83,18.0,3.0,9.0,1.5,0.0,12,,1.93,1.23,18.2,3.0,8.406593406593407,3.956043956043956,0.0,12,,2022-04-20,Kia Tigers,Doosan Bears,광주
20220420SSNC02022,0.45,0.7,20.0,3.0,9.45,0.0,0.0,12,,1.8,1.2,20.0,3.0,5.4,2.25,0.0,12,,2022-04-20,NC Dinos,Samsung Lions,창원
20220420WOSK02022,1.35,0.65,20.0,3.0,7.65,2.25,0.0,12,,0.9,0.8,20.0,3.0,10.8,2.7,0.0,12,,2022-04-20,SSG Landers,Kiwoom Heroes,문학
20220421HHLT02022,3.86,0.86,11.2,2.0,11.25,4.017857142857143,1.6071428571428572,13,,2.03,0.68,13.1,3.0,8.931297709923664,1.3740458015267176,0.6870229007633588,14,,2022-04-21,Lotte Giants,Hanwha Eagles,사직
20220421KTLG02022,2.53,1.03,10.2,2.0,6.176470588235294,3.5294117647058827,0.0,13,,3.06,1.3,17.2,3.0,7.848837209302326,0.5232558139534884,0.0,12,,2022-04-21,LG Twins,KT Wiz,잠실
20220421OBHT02022,6.14,1.91,7.1,2.0,10.140845070422536,0.0,1.267605633802817,12,,2.5,1.22,18.0,3.0,7.5,1.5,0.5,12,,2022-04-21,Kia Tigers,Doosan Bears,광주
20220421SSNC02022,2.45,0.98,18.1,3.0,6.961325966850828,2.486187845303867,0.9944751381215469,12,,3.6,1.13,15.0,3.0,9.0,1.8,0.6,12,,2022-04-21,NC Dinos,Samsung Lions,창원
20220421WOSK02022,0.0,0.46,13.0,2.0,5.538461538461538,0.6923076923076923,0.0,12,,3.31,0.86,16.1,3.0,4.472049689440993,0.0,0.5590062111801242,12,,2022-04-21,SSG Landers,Kiwoom Heroes,문학
20220422HTWO02022,1.45,0.96,18.2,3.0,6.428571428571429,0.989010989010989,0.0,12,,1.15,1.21,15.2,3.0,8.881578947368421,2.960526315789474,0.5921052631578948,12,,2022-04-22,Kiwoom Heroes,Kia Tigers,고척
20220422LGOB02022,3.18,1.29,17.0,3.0,7.411764705882353,3.7058823529411766,0.5294117647058824,12,,3.27,1.36,11.0,2.0,5.7272727272727275,4.909090909090909,0.8181818181818182,13,,2022-04-22,Doosan Bears,LG Twins,잠실
20220422LTSS02022,6.94,1.37,11.2,2.0,0.8035714285714286,3.2142857142857144,1.6071428571428572,12,,0.68,1.1,26.1,4.0,9.655172413793103,2.758620689655172,0.3448275862068965,13,,2022-04-22,Samsung Lions,Lotte Giants,대구
20220422NCKT02022,5.51,1.35,16.1,3.0,7.267080745341614,2.795031055900621,1.1180124223602483,12,,8.59,2.05,14.2,3.0,8.23943661971831,2.535211267605634,1.267605633802817,12,,2022-04-22,KT Wiz,NC Dinos,수원
20220422SKHH02022,1.93,1.07,4.2,6.0,8.571428571428571,4.285714285714286,0.0,14,,1.13,0.75,16.0,3.0,5.0625,1.6875,0.0,12,,2022-04-22,Hanwha Eagles,SSG Landers,대전
20220423HTWO02022,1.13,0.94,16.0,3.0,5.0625,2.8125,0.0,12,,3.75,1.42,12.0,3.0,10.5,6.75,0.75,12,,2022-04-23,Kiwoom Heroes,Kia Tigers,고척
20220423LGOB02022,2.25,1.75,4.0,1.0,9.0,13.5,0.0,12,,1.59,1.15,11.1,4.0,10.54054054054054,1.6216216216216217,0.0,13,,2022-04-23,Doosan Bears,LG Twins,잠실
20220423LTSS02022,0.0,3.0,0.2,1.0,45.0,0.0,0.0,13,,5.4,1.68,8.1,2.0,13.333333333333334,1.1111111111111112,0.0,14,,2022-04-23,Samsung Lions,Lotte Giants,대구
20220423NCKT02022,3.52,1.57,7.2,4.0,10.0,1.25,1.25,12,,5.17,1.34,15.2,3.0,7.105263157894737,4.144736842105264,1.1842105263157896,12,,2022-04-23,KT Wiz,NC Dinos,수원
20220423SKHH02022,16.2,2.4,3.1,2.0,5.806451612903226,2.903225806451613,2.903225806451613,14,,3.5,1.39,18.0,3.0,4.5,4.5,0.0,12,,2022-04-23,Hanwha Eagles,SSG Landers,대전
20220424HTWO02022,0.0,0.0,0.0,0.0,,,,12,,1.69,1.59,10.2,2.0,7.9411764705882355,5.294117647058824,0.0,12,,2022-04-24,Kiwoom Heroes,Kia Tigers,고척
20220424LGOB02022,1.8,1.6,15.0,3.0,9.0,5.4,0.6,12,,7.15,1.85,11.1,3.0,8.108108108108109,4.054054054054054,0.8108108108108109,13,,2022-04-24,Doosan Bears,LG Twins,잠실
20220424LTSS02022,3.14,1.12,14.1,3.0,5.74468085106383,2.5531914893617023,0.6382978723404256,13,,3.21,1.36,14.0,4.0,5.142857142857143,2.5714285714285716,0.0,14,,2022-04-24,Samsung Lions,Lotte Giants,대구
20220424NCKT02022,2.14,0.67,21.0,3.0,9.428571428571429,1.2857142857142858,0.42857142857142855,12,,4.26,1.11,6.1,4.0,7.3770491803278695,2.9508196721311477,1.4754098360655739,12,,2022-04-24,KT Wiz,NC Dinos,수원
20220424SKHH02022,6.38,1.36,18.1,4.0,5.469613259668508,3.9779005524861875,1.4917127071823204,14,,4.41,1.29,16.1,3.0,10.062111801242235,2.795031055900621,1.6770186335403725,12,,2022-04-24,Hanwha Eagles,SSG Landers,대전
20220426HTKT02022,2.28,1.27,23.2,4.0,8.14655172413793,0.3879310344827586,0.0,12,,1.44,0.8,25.0,4.0,8.28,1.44,0.0,12,,2022-04-26,KT Wiz,Kia Tigers,수원
20220426LGSS02022,2.08,1.27,26.0,4.0,5.1923076923076925,2.076923076923077,0.0,12,,3.0,0.96,24.0,4.0,7.875,2.25,0.75,13,,2022-04-26,Samsung Lions,LG Twins,대구
20220426NCOB02022,2.13,1.34,25.1,4.0,8.247011952191235,3.9442231075697207,0.0,12,,0.33,0.67,27.0,4.0,9.0,0.3333333333333333,0.0,12,,2022-04-26,Doosan Bears,NC Dinos,잠실
20220426SKLT02022,5.93,1.17,13.2,3.0,11.590909090909092,5.454545454545455,1.3636363636363638,13,,1.33,0.63,27.0,4.0,8.0,2.0,0.3333333333333333,12,,2022-04-26,Lotte Giants,SSG Landers,사직
20220426WOHH02022,2.38,1.68,11.1,3.0,5.675675675675675,5.675675675675675,0.0,14,,2.08,0.96,26.0,4.0,10.038461538461538,2.769230769230769,0.0,12,,2022-04-26,Hanwha Eagles,Kiwoom Heroes,대전
20220427HTKT02022,4.12,1.22,19.2,3.0,6.09375,1.875,0.0,12,,4.73,1.5,13.1,3.0,8.244274809160306,0.6870229007633588,1.3740458015267176,12,,2022-04-27,KT Wiz,Kia Tigers,수원
20220427LGSS02022,3.0,1.05,21.0,4.0,9.428571428571429,1.7142857142857142,0.42857142857142855,12,,12.1,2.48,9.2,3.0,4.891304347826087,6.847826086956522,0.9782608695652175,13,,2022-04-27,Samsung Lions,LG Twins,대구
20220427NCOB02022,2.22,1.03,24.1,4.0,6.348547717842323,1.120331950207469,0.37344398340248963,12,,4.03,1.25,22.1,4.0,6.9230769230769225,3.665158371040724,0.8144796380090498,12,,2022-04-27,Doosan Bears,NC Dinos,잠실
20220427SKLT02022,1.82,1.22,24.2,4.0,8.925619834710744,2.603305785123967,0.0,13,,0.47,0.58,19.0,3.0,6.157894736842105,1.4210526315789473,0.47368421052631576,12,,2022-04-27,Lotte Giants,SSG Landers,사직
20220427WOHH02022,2.79,0.78,19.1,4.0,8.481675392670157,0.9424083769633507,0.47120418848167533,14,,2.92,1.09,24.2,4.0,7.809917355371901,0.7438016528925621,0.0,12,,2022-04-27,Hanwha Eagles,Kiwoom Heroes,대전
20220428HTKT02022,4.98,1.48,21.2,4.0,8.915094339622641,4.245283018867925,0.8490566037735849,12,,0.0,0.0,0.0,0.0,,,,12,,2022-04-28,KT Wiz,Kia Tigers,수원
20220428LGSS02022,8.0,1.5,18.0,3.0,1.5,3.0,2.5,12,,2.65,1.18,17.0,3.0,6.882352941176471,3.176470588235294,0.5294117647058824,13,,2022-04-28,Samsung Lions,LG Twins,대구
20220428NCOB02022,4.37,1.54,22.2,4.0,7.702702702702703,3.6486486486486487,0.40540540540540543,12,,0.0,1.15,11.1,9.0,11.35135135135135,5.675675675675675,0.0,12,,2022-04-28,Doosan Bears,NC Dinos,잠실
20220428SKLT02022,0.54,1.05,33.1,5.0,9.244712990936556,2.175226586102719,0.2719033232628399,13,,1.29,0.9,21.0,4.0,6.0,2.142857142857143,0.0,12,,2022-04-28,Lotte Giants,SSG Landers,사직
20220428WOHH02022,1.04,0.81,8.2,7.0,7.682926829268293,3.2926829268292686,0.0,14,,4.22,1.13,21.1,4.0,4.691943127962085,0.8530805687203791,0.8530805687203791,12,,2022-04-28,Hanwha Eagles,Kiwoom Heroes,대전
20220429HHNC02022,4.09,1.23,22.0,4.0,7.7727272727272725,3.272727272727273,0.8181818181818182,12,,2.45,1.36,3.2,1.0,5.625,8.4375,0.0,14,,2022-04-29,NC Dinos,Hanwha Eagles,창원
20220429KTWO02022,1.29,1.0,21.0,4.0,4.285714285714286,3.0,0.0,12,,3.29,1.32,13.2,5.0,7.5,1.3636363636363638,0.6818181818181819,12,,2022-04-29,Kiwoom Heroes,KT Wiz,고척
20220429LTLG02022,3.0,1.07,15.0,5.0,8.4,1.8,0.6,13,,4.05,1.43,13.1,3.0,13.053435114503817,2.0610687022900764,0.0,13,,2022-04-29,LG Twins,Lotte Giants,잠실
20220429OBSK02022,6.35,1.68,22.2,4.0,4.054054054054054,5.27027027027027,0.40540540540540543,12,,6.48,1.8,8.1,9.0,5.555555555555555,3.3333333333333335,1.1111111111111112,12,,2022-04-29,SSG Landers,Doosan Bears,문학
20220429SSHT02022,4.0,1.5,18.0,4.0,10.0,6.5,1.0,12,,3.18,1.41,5.2,2.0,8.653846153846153,0.0,0.0,12,,2022-04-29,Kia Tigers,Samsung Lions,광주
20220430HHNC02022,6.97,1.65,10.1,3.0,6.237623762376238,5.346534653465347,0.0,13,,5.92,1.36,24.1,5.0,5.975103734439834,4.854771784232365,1.4937759336099585,14,,2022-04-30,NC Dinos,Hanwha Eagles,창원
20220430KTWO02022,5.79,1.36,14.0,3.0,1.9285714285714286,1.9285714285714286,1.9285714285714286,12,,1.93,0.64,28.0,4.0,9.0,0.9642857142857143,0.32142857142857145,12,,2022-04-30,Kiwoom Heroes,KT Wiz,고척
20220430LTLG02022,3.48,1.16,10.1,2.0,5.346534653465347,1.7821782178217822,0.0,13,,3.66,1.47,19.2,5.0,4.6875,3.75,0.0,13,,2022-04-30,LG Twins,Lotte Giants,잠실
20220430OBSK02022,3.8,1.45,21.1,4.0,10.236966824644549,3.838862559241706,1.2796208530805686,12,,2.21,1.52,20.1,4.0,7.164179104477611,5.820895522388059,0.8955223880597014,12,,2022-04-30,SSG Landers,Doosan Bears,문학
20220430SSHT02022,2.04,1.42,17.2,3.0,7.848837209302326,3.662790697674419,0.0,12,,4.15,1.5,17.1,3.0,7.368421052631579,4.2105263157894735,0.5263157894736842,13,,2022-04-30,Kia Tigers,Samsung Lions,광주
20220501HHNC02022,1.13,0.84,32.0,5.0,8.71875,0.5625,0.0,13,,2.76,1.53,16.1,4.0,5.0310559006211175,4.472049689440993,0.5590062111801242,14,,2022-05-01,NC Dinos,Hanwha Eagles,창원
20220501KTWO02022,2.25,0.97,32.0,5.0,11.25,3.09375,0.0,12,,2.73,1.31,29.2,5.0,8.013698630136986,0.6164383561643836,0.0,12,,2022-05-01,Kiwoom Heroes,KT Wiz,고척
20220501LTLG02022,4.96,1.47,16.1,4.0,7.267080745341614,3.354037267080745,0.5590062111801242,13,,6.27,1.29,18.2,4.0,10.87912087912088,4.945054945054945,0.989010989010989,13,,2022-05-01,LG Twins,Lotte Giants,잠실
20220501OBSK02022,1.36,0.67,33.0,5.0,7.090909090909091,1.6363636363636365,0.2727272727272727,12,,2.01,1.31,31.1,5.0,7.813504823151125,3.7620578778135045,0.0,12,,2022-05-01,SSG Landers,Doosan Bears,문학
20220501SSHT02022,1.71,0.82,31.2,5.0,8.365384615384615,1.7307692307692308,0.0,12,,2.45,1.18,33.0,5.0,6.0,1.6363636363636365,0.0,13,,2022-05-01,Kia Tigers,Samsung Lions,광주
20220503HHSK02022,0.36,0.6,25.0,4.0,8.28,1.8,0.36,12,,4.24,1.07,23.1,5.0,7.792207792207792,1.1688311688311688,0.3896103896103896,13,,2022-05-03,SSG Landers,Hanwha Eagles,문학
20220503LTKT02022,3.38,1.13,26.2,4.0,5.8396946564885495,1.717557251908397,0.0,12,,0.65,0.97,41.1,6.0,9.854014598540145,1.751824817518248,0.218978102189781,13,,2022-05-03,KT Wiz,Lotte Giants,수원
20220503NCSS02022,2.89,1.07,28.0,5.0,7.714285714285714,2.5714285714285716,0.32142857142857145,13,,4.45,1.24,28.1,5.0,7.366548042704626,3.843416370106761,0.9608540925266903,13,,2022-05-03,Samsung Lions,NC Dinos,대구
20220503OBLG02022,3.64,1.04,29.2,5.0,8.63013698630137,2.4657534246575343,0.6164383561643836,13,,1.84,1.06,29.1,5.0,6.185567010309278,1.5463917525773194,0.30927835051546393,12,,2022-05-03,LG Twins,Doosan Bears,잠실
20220503WOHT02022,4.19,1.4,19.1,4.0,7.0680628272251305,0.9424083769633507,0.9424083769633507,12,,2.27,1.04,31.2,5.0,8.365384615384615,0.8653846153846154,0.0,12,,2022-05-03,Kia Tigers,Kiwoom Heroes,광주
20220504HHSK02022,1.62,1.14,16.2,7.0,4.444444444444445,3.3333333333333335,0.5555555555555556,12,,1.98,0.88,13.2,8.0,7.5,4.090909090909091,0.6818181818181819,13,,2022-05-04,SSG Landers,Hanwha Eagles,문학
20220504LTKT02022,4.88,1.41,27.2,5.0,8.602941176470589,3.308823529411765,0.9926470588235294,12,,1.76,1.24,30.2,5.0,9.23841059602649,2.384105960264901,0.0,13,,2022-05-04,KT Wiz,Lotte Giants,수원
20220504NCSS02022,7.13,1.5,24.0,4.0,2.25,3.0,2.25,13,,1.1,1.22,16.1,10.0,9.50310559006211,6.149068322981366,0.0,12,,2022-05-04,Samsung Lions,NC Dinos,대구
20220504OBLG02022,7.63,1.89,15.1,4.0,5.364238410596027,4.172185430463577,0.5960264900662252,13,,6.23,1.77,26.0,5.0,7.961538461538462,3.8076923076923075,0.6923076923076923,12,,2022-05-04,LG Twins,Doosan Bears,잠실
20220504WOHT02022,4.5,1.0,6.0,1.0,12.0,3.0,3.0,12,,3.71,1.2,26.2,5.0,5.4961832061068705,1.0305343511450382,1.0305343511450382,12,,2022-05-04,Kia Tigers,Kiwoom Heroes,광주
20220505HHSK02022,6.43,1.68,28.0,5.0,3.857142857142857,4.821428571428571,0.32142857142857145,12,,5.87,1.7,7.2,2.0,5.0,5.0,2.5,13,,2022-05-05,SSG Landers,Hanwha Eagles,문학
20220505LTKT02022,3.32,1.26,19.0,6.0,8.052631578947368,0.9473684210526315,0.47368421052631576,12,,4.76,1.59,17.0,4.0,12.176470588235293,3.7058823529411766,0.0,13,,2022-05-05,KT Wiz,Lotte Giants,수원
20220505NCSS02022,1.8,1.8,10.0,3.0,6.3,2.7,0.0,13,,3.67,1.26,27.0,5.0,8.333333333333334,4.333333333333333,0.6666666666666666,12,,2022-05-05,Samsung Lions,NC Dinos,대구
20220505OBLG02022,2.74,1.09,23.0,4.0,7.826086956521739,2.347826086956522,0.391304347826087,13,,4.05,1.27,13.1,10.0,5.4961832061068705,2.7480916030534353,0.6870229007633588,12,,2022-05-05,LG Twins,Doosan Bears,잠실
20220505WOHT02022,3.24,1.28,25.0,5.0,8.28,5.4,1.08,12,,3.0,1.0,3.0,1.0,6.0,0.0,0.0,12,,2022-05-05,Kia Tigers,Kiwoom Heroes,광주
20220506HTHH02022,4.91,1.43,29.1,6.0,6.185567010309278,5.257731958762887,1.2371134020618557,13,,2.28,1.35,23.2,4.0,9.310344827586206,3.103448275862069,0.0,12,,2022-05-06,Hanwha Eagles,Kia Tigers,대전
20220506KTOB02022,2.3,1.28,27.1,5.0,7.9704797047970475,4.649446494464945,0.6642066420664207,12,,2.12,0.82,34.0,5.0,9.264705882352942,0.7941176470588235,0.2647058823529412,12,,2022-05-06,Doosan Bears,KT Wiz,잠실
20220506LGNC02022,4.96,1.29,16.1,4.0,6.70807453416149,3.913043478260869,0.5590062111801242,12,,3.86,1.41,16.1,3.0,6.149068322981366,2.2360248447204967,0.5590062111801242,13,,2022-05-06,NC Dinos,LG Twins,창원
20220506SKWO02022,4.05,1.2,20.0,4.0,1.8,1.8,1.35,12,,3.42,1.48,26.1,5.0,9.310344827586206,4.827586206896552,1.0344827586206895,12,,2022-05-06,Kiwoom Heroes,SSG Landers,고척
20220506SSLT02022,2.7,1.24,26.2,6.0,4.122137404580153,2.7480916030534353,0.0,13,,3.52,1.65,23.0,4.0,8.217391304347826,3.9130434782608696,0.391304347826087,13,,2022-05-06,Lotte Giants,Samsung Lions,사직
20220507HTHH02022,2.66,1.62,20.1,5.0,4.477611940298507,5.820895522388059,0.4477611940298507,13,,1.86,0.93,38.2,6.0,7.774869109947644,1.6492146596858637,0.0,12,,2022-05-07,Hanwha Eagles,Kia Tigers,대전
20220507KTOB02022,1.64,1.2,38.1,6.0,8.031496062992126,3.779527559055118,0.0,12,,3.63,1.33,34.2,6.0,7.63157894736842,1.0526315789473684,0.0,12,,2022-05-07,Doosan Bears,KT Wiz,잠실
20220507LGNC02022,0.92,0.87,39.0,6.0,10.153846153846153,0.9230769230769231,0.0,12,,0.0,0.0,0.0,0.0,,,,13,,2022-05-07,NC Dinos,LG Twins,창원
20220507SKWO02022,2.43,1.14,37.0,6.0,11.91891891891892,3.891891891891892,0.0,12,,2.37,0.82,38.0,6.0,6.868421052631579,1.894736842105263,0.47368421052631576,12,,2022-05-07,Kiwoom Heroes,SSG Landers,고척
20220507SSLT02022,4.74,1.05,24.2,5.0,9.669421487603307,4.090909090909091,0.7438016528925621,13,,2.77,1.21,39.0,6.0,6.461538461538462,2.076923076923077,0.23076923076923078,13,,2022-05-07,Lotte Giants,Samsung Lions,사직
20220508HTHH02022,3.68,1.02,29.1,6.0,7.422680412371133,1.5463917525773194,0.30927835051546393,13,,3.42,1.25,26.1,5.0,7.586206896551723,0.689655172413793,0.689655172413793,12,,2022-05-08,Hanwha Eagles,Kia Tigers,대전
20220508KTOB02022,1.77,1.12,35.2,6.0,6.136363636363636,1.789772727272727,0.5113636363636364,12,,3.86,1.13,32.2,5.0,6.70807453416149,1.6770186335403725,0.5590062111801242,12,,2022-05-08,Doosan Bears,KT Wiz,잠실
20220508LGNC02022,4.46,1.28,34.1,6.0,7.653958944281524,4.222873900293255,1.0557184750733137,13,,3.89,1.1,34.2,6.0,8.157894736842104,2.631578947368421,0.7894736842105262,13,,2022-05-08,NC Dinos,LG Twins,창원
20220508SKWO02022,2.09,0.98,38.2,6.0,8.24607329842932,0.9424083769633507,0.23560209424083767,12,,0.56,0.72,32.0,5.0,8.71875,1.6875,0.28125,12,,2022-05-08,Kiwoom Heroes,SSG Landers,고척
20220508SSLT02022,1.42,1.04,44.1,7.0,9.591836734693878,2.2448979591836733,0.40816326530612246,13,,2.57,0.97,35.0,6.0,8.228571428571428,2.057142857142857,0.2571428571428571,13,,2022-05-08,Lotte Giants,Samsung Lions,사직
20220510HHLG02022,7.91,1.86,19.1,5.0,4.712041884816753,4.712041884816753,0.47120418848167533,13,,3.57,1.19,17.2,9.0,7.325581395348838,3.662790697674419,1.0465116279069768,14,,2022-05-10,LG Twins,Hanwha Eagles,잠실
20220510KTHT02022,4.5,0.92,12.0,2.0,8.25,2.25,2.25,12,,4.54,1.34,33.2,6.0,7.048192771084337,3.2530120481927707,1.355421686746988,12,,2022-05-10,Kia Tigers,KT Wiz,광주
20220510NCLT02022,1.47,1.17,36.2,6.0,9.198895027624308,1.9889502762430937,0.0,13,,1.69,1.27,21.1,11.0,10.236966824644549,5.118483412322274,0.0,13,,2022-05-10,Lotte Giants,NC Dinos,사직
20220510OBWO02022,3.69,1.17,31.2,6.0,4.903846153846154,1.153846153846154,0.8653846153846154,12,,5.46,1.72,31.1,6.0,8.10289389067524,3.7620578778135045,0.5787781350482315,12,,2022-05-10,Kiwoom Heroes,Doosan Bears,고척
20220510SKSS02022,6.6,1.47,30.0,5.0,3.3,2.7,1.8,13,,2.08,1.06,21.2,8.0,5.518867924528302,2.547169811320755,0.8490566037735849,12,,2022-05-10,Samsung Lions,SSG Landers,대구
20220511HHLG02022,4.18,1.32,28.0,5.0,7.714285714285714,2.25,0.6428571428571429,13,,9.35,2.19,8.2,3.0,4.390243902439025,7.682926829268293,2.1951219512195124,14,,2022-05-11,LG Twins,Hanwha Eagles,잠실
20220511KTHT02022,2.45,1.03,33.0,6.0,8.181818181818182,4.363636363636363,0.8181818181818182,12,,3.33,1.27,24.1,7.0,7.468879668049792,1.867219917012448,0.37344398340248963,12,,2022-05-11,Kia Tigers,KT Wiz,광주
20220511NCLT02022,7.94,2.0,17.0,5.0,12.176470588235293,4.764705882352941,0.5294117647058824,13,,4.18,1.39,32.1,6.0,8.69158878504673,4.205607476635514,0.5607476635514018,13,,2022-05-11,Lotte Giants,NC Dinos,사직
20220511OBWO02022,1.96,1.09,23.0,5.0,3.9130434782608696,3.5217391304347827,0.0,13,,4.15,1.27,17.1,11.0,5.263157894736842,3.157894736842105,1.0526315789473684,12,,2022-05-11,Kiwoom Heroes,Doosan Bears,고척
20220511SKSS02022,1.62,1.44,16.2,4.0,5.555555555555555,2.2222222222222223,0.0,13,,5.91,1.51,35.0,6.0,4.114285714285714,4.114285714285714,0.2571428571428571,12,,2022-05-11,Samsung Lions,SSG Landers,대구
20220512HHLG02022,2.08,0.92,4.1,1.0,8.78048780487805,2.1951219512195124,0.0,13,,6.68,1.54,33.2,7.0,6.506024096385541,5.150602409638553,1.355421686746988,14,,2022-05-12,LG Twins,Hanwha Eagles,잠실
20220512KTHT02022,2.12,1.31,29.2,5.0,9.554794520547945,3.0821917808219177,0.0,12,,3.1,1.28,40.2,7.0,8.731343283582088,0.8955223880597014,0.0,12,,2022-05-12,Kia Tigers,KT Wiz,광주
20220512NCLT02022,3.06,1.33,32.1,7.0,5.046728971962617,2.2429906542056073,0.0,13,,8.2,2.2,18.2,4.0,8.406593406593407,3.956043956043956,1.4835164835164836,13,,2022-05-12,Lotte Giants,NC Dinos,사직
20220512OBWO02022,3.46,1.19,26.0,5.0,2.076923076923077,2.076923076923077,1.0384615384615385,13,,12.27,2.45,3.2,3.0,5.625,14.0625,0.0,13,,2022-05-12,Kiwoom Heroes,Doosan Bears,고척
20220512SKSS02022,2.61,1.42,31.0,5.0,7.258064516129032,2.903225806451613,0.2903225806451613,13,,4.6,1.53,31.1,6.0,9.260450160771704,4.340836012861736,0.8681672025723473,12,,2022-05-12,Samsung Lions,SSG Landers,대구
20220513HTLG02022,5.4,1.55,20.0,5.0,5.85,4.05,0.45,13,,2.42,1.01,44.2,7.0,7.737556561085972,1.6289592760180995,0.20361990950226244,12,,2022-05-13,LG Twins,Kia Tigers,잠실
20220513LTHH02022,3.33,1.73,24.1,6.0,4.1078838174273855,5.975103734439834,1.120331950207469,14,,1.4,1.05,51.1,8.0,8.806262230919765,2.1135029354207435,0.3522504892367906,13,,2022-05-13,Hanwha Eagles,Lotte Giants,대전
20220513NCSK02022,2.0,0.82,45.0,7.0,7.0,1.8,0.4,12,,1.6,0.98,45.0,7.0,9.4,1.2,0.2,13,,2022-05-13,SSG Landers,NC Dinos,문학
20220513WOKT02022,1.71,0.81,42.0,6.0,8.571428571428571,1.0714285714285714,0.21428571428571427,12,,2.72,1.12,43.0,7.0,11.30232558139535,3.7674418604651163,0.0,13,,2022-05-13,KT Wiz,Kiwoom Heroes,수원
20220514HTLG02022,3.54,1.08,40.2,7.0,7.835820895522388,2.9104477611940296,0.8955223880597014,13,,3.69,1.36,31.2,6.0,7.788461538461538,0.8653846153846154,0.576923076923077,12,,2022-05-14,LG Twins,Kia Tigers,잠실
20220514LTHH02022,4.86,1.2,33.1,7.0,7.341389728096677,1.903323262839879,0.5438066465256798,14,,5.14,1.21,28.0,6.0,9.0,4.821428571428571,0.6428571428571429,13,,2022-05-14,Hanwha Eagles,Lotte Giants,대전
20220514NCSK02022,0.47,0.71,38.0,6.0,9.236842105263158,1.6578947368421053,0.23684210526315788,12,,3.89,1.3,39.1,7.0,8.05626598465473,4.373401534526854,0.9207161125319693,13,,2022-05-14,SSG Landers,NC Dinos,문학
20220514OBSS02022,2.6,1.16,45.0,7.0,6.8,2.0,0.2,13,,1.66,1.22,43.1,7.0,8.352668213457076,3.967517401392111,0.0,13,,2022-05-14,Samsung Lions,Doosan Bears,대구
20220514WOKT02022,3.18,1.03,39.2,6.0,6.658163265306122,1.8367346938775508,0.4591836734693877,12,,2.66,1.02,44.0,7.0,8.386363636363637,0.8181818181818182,0.4090909090909091,13,,2022-05-14,KT Wiz,Kiwoom Heroes,수원
20220515HTLG02022,6.39,1.62,25.1,6.0,5.0199203187251,3.9442231075697207,0.3585657370517928,13,,2.84,0.68,19.0,3.0,7.578947368421052,1.4210526315789473,1.4210526315789473,12,,2022-05-15,LG Twins,Kia Tigers,잠실
20220515LTHH02022,3.18,1.24,22.2,10.0,6.486486486486487,4.054054054054054,0.8108108108108109,14,,1.21,1.03,44.2,7.0,9.570135746606335,1.6289592760180995,0.0,13,,2022-05-15,Hanwha Eagles,Lotte Giants,대전
20220515NCSK02022,1.95,1.08,27.2,9.0,5.625,2.3161764705882355,0.6617647058823529,12,,3.6,1.52,25.0,12.0,9.36,5.04,0.0,12,,2022-05-15,SSG Landers,NC Dinos,문학
20220515OBSS02022,2.36,0.95,42.0,7.0,8.357142857142858,1.7142857142857142,0.42857142857142855,12,,1.91,1.22,37.2,7.0,6.290322580645161,2.1774193548387095,0.48387096774193544,12,,2022-05-15,Samsung Lions,Doosan Bears,대구
20220515WOKT02022,3.67,1.2,41.2,7.0,7.864077669902912,2.6213592233009706,1.0922330097087378,12,,3.82,1.19,37.2,7.0,5.080645161290322,1.693548387096774,0.7258064516129031,13,,2022-05-15,KT Wiz,Kiwoom Heroes,수원
20220517HTLT02022,7.65,1.95,20.0,6.0,11.25,4.5,0.45,13,,3.25,1.19,36.0,7.0,8.5,4.5,1.0,12,,2022-05-17,Lotte Giants,Kia Tigers,사직
20220517LGKT02022,2.93,1.28,46.0,8.0,8.217391304347826,0.782608695652174,0.0,12,,4.01,1.34,33.2,6.0,8.403614457831324,2.1686746987951806,0.8132530120481927,13,,2022-05-17,KT Wiz,LG Twins,수원
20220517SKOB02022,4.46,1.54,38.1,7.0,8.26771653543307,3.543307086614173,0.47244094488188976,12,,5.27,1.39,41.0,7.0,4.390243902439025,3.5121951219512195,0.43902439024390244,12,,2022-05-17,Doosan Bears,SSG Landers,잠실
20220517SSHH02022,6.14,1.57,14.2,7.0,5.704225352112676,3.1690140845070425,0.6338028169014085,14,,6.17,1.49,35.0,6.0,4.371428571428571,3.085714285714286,1.8,12,,2022-05-17,Hanwha Eagles,Samsung Lions,대전
20220517WONC02022,4.14,1.43,37.0,7.0,8.513513513513514,4.378378378378378,0.4864864864864865,12,,2.25,1.11,28.0,6.0,4.5,3.5357142857142856,0.0,13,,2022-05-17,NC Dinos,Kiwoom Heroes,창원
20220518HTLT02022,1.26,1.03,57.1,9.0,9.457092819614711,2.2066549912434326,0.31523642732049034,13,,2.52,1.29,35.2,6.0,9.971590909090908,3.068181818181818,0.2556818181818182,12,,2022-05-18,Lotte Giants,Kia Tigers,사직
20220518LGKT02022,4.2,1.4,30.0,8.0,7.5,1.8,0.9,12,,5.94,1.8,16.2,4.0,6.111111111111112,2.7777777777777777,0.5555555555555556,13,,2022-05-18,KT Wiz,LG Twins,수원
20220518SKOB02022,2.78,1.3,32.1,6.0,8.411214953271028,5.046728971962617,0.8411214953271028,12,,4.86,1.57,37.0,7.0,8.513513513513514,4.378378378378378,0.972972972972973,12,,2022-05-18,Doosan Bears,SSG Landers,잠실
20220518SSHH02022,8.1,1.69,36.2,8.0,6.4640883977900545,4.972375690607734,1.4917127071823204,14,,2.49,1.34,21.2,5.0,6.7924528301886795,1.6981132075471699,0.42452830188679247,12,,2022-05-18,Hanwha Eagles,Samsung Lions,대전
20220518WONC02022,6.57,1.91,24.2,5.0,8.925619834710744,3.347107438016529,1.4876033057851241,12,,3.48,1.13,31.0,6.0,1.7419354838709677,2.032258064516129,0.8709677419354839,13,,2022-05-18,NC Dinos,Kiwoom Heroes,창원
20220519HTLT02022,3.52,1.33,38.1,8.0,5.196850393700787,2.1259842519685037,0.47244094488188976,13,,2.28,0.99,47.1,8.0,7.643312101910828,1.7197452229299361,0.19108280254777069,12,,2022-05-19,Lotte Giants,Kia Tigers,사직
20220519LGKT02022,2.64,0.94,47.2,7.0,8.58050847457627,1.1440677966101693,0.3813559322033898,12,,6.45,1.7,22.1,6.0,5.294117647058823,4.886877828054298,0.4072398190045249,13,,2022-05-19,KT Wiz,LG Twins,수원
20220519SKOB02022,3.09,1.16,23.1,12.0,4.285714285714286,2.727272727272727,0.7792207792207791,13,,2.08,0.79,52.0,8.0,6.403846153846154,1.5576923076923077,0.34615384615384615,12,,2022-05-19,Doosan Bears,SSG Landers,잠실
20220519SSHH02022,9.26,2.57,11.2,4.0,4.017857142857143,8.035714285714286,1.6071428571428572,14,,2.61,1.34,38.0,6.0,7.105263157894737,2.6052631578947367,0.47368421052631576,12,,2022-05-19,Hanwha Eagles,Samsung Lions,대전
20220519WONC02022,1.71,0.93,52.2,8.0,9.310344827586206,1.379310344827586,0.3448275862068965,12,,2.52,1.08,50.0,8.0,10.98,3.6,0.0,13,,2022-05-19,NC Dinos,Kiwoom Heroes,창원
20220520HHWO02022,2.25,0.94,52.0,8.0,8.134615384615385,0.8653846153846154,0.34615384615384615,0,,5.54,1.33,39.0,8.0,6.923076923076923,2.076923076923077,0.9230769230769231,0,,2022-05-20,Kiwoom Heroes,Hanwha Eagles,고척
20220520KTSS02022,2.17,1.11,54.0,8.0,6.333333333333333,2.0,0.16666666666666666,0,,3.15,1.05,45.2,7.0,6.57079646017699,1.9911504424778759,0.3982300884955752,0,,2022-05-20,Samsung Lions,KT Wiz,대구
20220520LGSK02022,0.6,0.76,45.0,7.0,9.6,1.8,0.2,0,,3.09,1.09,46.2,8.0,7.5974025974025965,2.727272727272727,0.974025974025974,0,,2022-05-20,SSG Landers,LG Twins,문학
20220520LTOB02022,2.15,1.21,50.1,8.0,8.44311377245509,3.592814371257485,0.17964071856287425,0,,1.8,1.24,25.0,11.0,12.96,4.32,0.0,0,,2022-05-20,Doosan Bears,Lotte Giants,잠실
20220520NCHT02022,3.86,1.34,37.1,7.0,7.52021563342318,0.9703504043126684,0.7277628032345013,0,,7.5,1.39,18.0,5.0,6.0,4.5,0.5,0,,2022-05-20,Kia Tigers,NC Dinos,광주
20220521HHWO02022,3.53,1.29,43.1,8.0,5.0116009280742455,1.8793503480278422,0.6264501160092807,13,,3.58,1.3,27.2,11.0,6.286764705882353,3.308823529411765,0.9926470588235294,14,,2022-05-21,Kiwoom Heroes,Hanwha Eagles,고척
20220521KTSS02022,2.28,1.06,47.1,8.0,7.834394904458598,2.2929936305732483,0.38216560509554137,12,,3.4,1.26,47.2,8.0,7.245762711864407,3.432203389830508,0.9533898305084745,12,,2022-05-21,Samsung Lions,KT Wiz,대구
20220521LGSK02022,1.87,1.04,33.2,10.0,5.150602409638553,2.1686746987951806,0.8132530120481927,12,,5.34,1.55,30.1,7.0,4.485049833887043,4.186046511627906,0.2990033222591362,13,,2022-05-21,SSG Landers,LG Twins,문학
20220521LTOB02022,2.27,1.24,43.2,8.0,6.25,1.8749999999999998,0.625,13,,2.36,1.11,49.2,8.0,9.146341463414634,1.8292682926829267,0.36585365853658536,13,,2022-05-21,Doosan Bears,Lotte Giants,잠실
20220521NCHT02022,3.52,0.91,23.0,4.0,7.043478260869565,1.9565217391304348,1.565217391304348,13,,4.67,1.74,27.0,13.0,8.666666666666666,5.333333333333333,0.3333333333333333,12,,2022-05-21,Kia Tigers,NC Dinos,광주
20220522HHWO02022,2.38,1.18,34.0,7.0,4.235294117647059,3.176470588235294,0.0,13,,5.03,1.37,19.2,8.0,5.15625,2.34375,0.46875,14,,2022-05-22,Kiwoom Heroes,Hanwha Eagles,고척
20220522KTSS02022,5.71,1.44,41.0,7.0,4.829268292682927,2.6341463414634148,1.7560975609756098,12,,2.89,1.28,53.0,9.0,7.811320754716981,0.8490566037735849,0.16981132075471697,12,,2022-05-22,Samsung Lions,KT Wiz,대구
20220522LGSK02022,5.63,1.42,46.1,8.0,4.295010845986985,3.51409978308026,0.39045553145336226,12,,3.4,1.29,39.2,7.0,8.494897959183673,2.2959183673469385,0.6887755102040816,13,,2022-05-22,SSG Landers,LG Twins,문학
20220522LTOB02022,4.95,1.7,40.0,8.0,8.1,4.725,0.45,12,,5.88,1.81,26.0,7.0,9.346153846153847,4.846153846153846,0.34615384615384615,13,,2022-05-22,Doosan Bears,Lotte Giants,잠실
20220522NCHT02022,2.93,1.14,43.0,8.0,8.790697674418604,3.9767441860465116,1.0465116279069768,13,,4.2,1.52,40.2,8.0,9.17910447761194,4.701492537313433,0.6716417910447761,12,,2022-05-22,Kia Tigers,NC Dinos,광주
20220524HTSS02022,2.86,1.24,28.1,6.0,8.00711743772242,1.601423487544484,0.6405693950177935,12,,3.62,1.42,37.1,7.0,9.946091644204852,3.153638814016172,0.2425876010781671,13,,2022-05-24,Samsung Lions,Kia Tigers,대구
20220524KTNC02022,6.16,1.76,30.2,6.0,8.04635761589404,3.2781456953642385,1.1920529801324504,12,,4.15,1.38,34.2,9.0,8.157894736842104,2.3684210526315788,1.0526315789473684,12,,2022-05-24,NC Dinos,KT Wiz,창원
20220524LTSK02022,4.36,1.5,43.1,8.0,8.14385150812065,4.385150812064965,0.8352668213457076,12,,2.04,1.12,61.2,10.0,9.26470588235294,2.3529411764705883,0.29411764705882354,13,,2022-05-24,SSG Landers,Lotte Giants,문학
20220524OBHH02022,7.17,1.62,42.2,9.0,7.677725118483412,4.691943127962085,1.4928909952606635,13,,2.82,1.3,38.1,7.0,8.976377952755906,4.724409448818897,0.9448818897637795,12,,2022-05-24,Hanwha Eagles,Doosan Bears,대전
20220524WOLG02022,4.87,1.77,20.1,5.0,6.26865671641791,2.6865671641791042,0.4477611940298507,13,,4.24,1.21,34.0,7.0,2.1176470588235294,1.8529411764705883,1.3235294117647058,13,,2022-05-24,LG Twins,Kiwoom Heroes,잠실
20220525HTSS02022,2.35,1.24,46.0,7.0,6.8478260869565215,2.5434782608695654,0.391304347826087,12,,2.29,0.95,55.0,9.0,7.036363636363636,1.6363636363636365,0.32727272727272727,13,,2022-05-25,Samsung Lions,Kia Tigers,대구
20220525KTNC02022,1.66,0.91,59.2,9.0,9.72972972972973,1.2162162162162162,0.4560810810810811,12,,3.23,1.06,53.0,8.0,8.49056603773585,1.3584905660377358,0.33962264150943394,12,,2022-05-25,NC Dinos,KT Wiz,창원
20220525LTSK02022,2.29,0.8,59.0,9.0,7.016949152542373,1.3728813559322033,0.3050847457627119,12,,3.65,1.31,44.1,9.0,5.3061224489795915,2.0408163265306123,0.40816326530612246,13,,2022-05-25,SSG Landers,Lotte Giants,문학
20220525OBHH02022,3.0,1.53,15.0,3.0,7.8,3.0,0.6,14,,4.39,1.39,26.2,13.0,4.465648854961832,3.0916030534351147,0.6870229007633588,12,,2022-05-25,Hanwha Eagles,Doosan Bears,대전
20220525WOLG02022,5.27,1.65,27.1,7.0,5.313653136531365,5.313653136531365,0.33210332103321033,13,,2.25,1.05,56.0,9.0,11.089285714285714,3.375,0.0,12,,2022-05-25,LG Twins,Kiwoom Heroes,잠실
20220526HTSS02022,2.07,1.11,61.0,9.0,6.639344262295082,1.9180327868852458,0.29508196721311475,12,,2.35,1.35,23.0,5.0,8.217391304347826,4.304347826086956,0.782608695652174,13,,2022-05-26,Samsung Lions,Kia Tigers,대구
20220526KTNC02022,7.23,1.35,23.2,6.0,6.206896551724138,4.655172413793103,0.3879310344827586,12,,2.85,0.95,53.2,8.0,6.428571428571428,1.6917293233082706,0.5075187969924811,12,,2022-05-26,NC Dinos,KT Wiz,창원
20220526LTSK02022,1.21,0.83,52.0,8.0,8.826923076923077,1.9038461538461537,0.34615384615384615,12,,1.42,1.14,31.2,12.0,11.826923076923077,3.75,0.0,13,,2022-05-26,SSG Landers,Lotte Giants,문학
20220526OBHH02022,5.73,1.39,44.0,9.0,7.159090909090909,2.0454545454545454,0.8181818181818182,14,,2.4,1.28,56.1,9.0,8.342245989304812,3.6898395721925135,0.48128342245989303,12,,2022-05-26,Hanwha Eagles,Doosan Bears,대전
20220526WOLG02022,3.25,1.14,52.2,9.0,7.586206896551723,2.586206896551724,1.0344827586206895,13,,2.45,0.9,58.2,9.0,8.505154639175258,0.9278350515463917,0.46391752577319584,12,,2022-05-26,LG Twins,Kiwoom Heroes,잠실
20220527HHKT02022,3.35,1.19,53.2,9.0,7.274436090225564,3.214285714285714,0.8458646616541353,12,,5.1,1.47,30.0,12.0,5.7,3.0,0.9,14,,2022-05-27,KT Wiz,Hanwha Eagles,수원
20220527OBNC02022,4.02,1.76,31.1,14.0,8.392282958199356,5.209003215434083,0.28938906752411575,12,,2.54,1.23,49.2,9.0,6.585365853658536,1.646341463414634,0.9146341463414633,12,,2022-05-27,NC Dinos,Doosan Bears,창원
20220527SKHT02022,4.78,1.14,26.1,5.0,6.551724137931034,1.7241379310344827,1.7241379310344827,13,,2.56,1.14,38.2,11.0,5.890052356020942,2.1204188481675392,1.1780104712041883,12,,2022-05-27,Kia Tigers,SSG Landers,광주
20220527SSLG02022,5.05,1.51,35.2,8.0,4.346590909090909,3.8352272727272725,0.2556818181818182,13,,2.03,1.05,53.1,9.0,8.813559322033898,2.3728813559322033,0.3389830508474576,13,,2022-05-27,LG Twins,Samsung Lions,잠실
20220527WOLT02022,2.75,1.17,55.2,9.0,8.641304347826086,1.9565217391304346,0.32608695652173914,13,,3.2,1.2,50.2,9.0,5.0199203187251,1.792828685258964,0.7171314741035856,12,,2022-05-27,Lotte Giants,Kiwoom Heroes,사직
20220528HHKT02022,3.15,1.25,60.0,10.0,8.1,0.9,0.45,12,,5.56,1.5,22.2,9.0,4.864864864864865,2.8378378378378377,0.40540540540540543,14,,2022-05-28,KT Wiz,Hanwha Eagles,수원
20220528OBNC02022,0.0,0.0,0.0,0.0,,,,12,,4.5,1.59,46.0,9.0,8.021739130434783,4.5,0.5869565217391305,12,,2022-05-28,NC Dinos,Doosan Bears,창원
20220528SKHT02022,2.81,1.17,48.0,9.0,8.8125,4.125,1.125,13,,5.06,1.35,53.1,9.0,4.067796610169491,3.389830508474576,0.3389830508474576,12,,2022-05-28,Kia Tigers,SSG Landers,광주
20220528SSLG02022,2.89,1.2,46.2,8.0,8.96103896103896,2.142857142857143,0.5844155844155844,13,,5.67,1.48,46.0,8.0,5.086956521739131,2.739130434782609,1.7608695652173914,13,,2022-05-28,LG Twins,Samsung Lions,잠실
20220528WOLT02022,5.46,1.82,31.1,8.0,8.971061093247588,5.498392282958199,0.28938906752411575,13,,2.54,1.18,39.0,8.0,4.615384615384615,3.230769230769231,0.23076923076923078,12,,2022-05-28,Lotte Giants,Kiwoom Heroes,사직
20220529HHKT02022,3.83,1.43,40.0,10.0,8.55,2.475,0.9,12,,6.34,1.45,49.2,10.0,7.5,4.2073170731707314,1.2804878048780488,14,,2022-05-29,KT Wiz,Hanwha Eagles,수원
20220529OBNC02022,5.65,1.58,36.2,7.0,8.204419889502761,2.983425414364641,1.2430939226519335,12,,3.89,1.42,41.2,8.0,9.174757281553397,4.805825242718447,1.0922330097087378,12,,2022-05-29,NC Dinos,Doosan Bears,창원
20220529SKHT02022,3.83,1.49,42.1,8.0,9.406175771971496,2.9928741092636577,0.21377672209026127,13,,3.99,1.47,49.2,9.0,7.682926829268292,4.573170731707317,0.7317073170731707,12,,2022-05-29,Kia Tigers,SSG Landers,광주
20220529SSLG02022,5.26,1.6,25.2,6.0,6.071428571428571,2.142857142857143,0.35714285714285715,13,,2.91,1.21,34.0,7.0,7.676470588235294,1.8529411764705883,0.7941176470588235,12,,2022-05-29,LG Twins,Samsung Lions,잠실
20220529WOLT02022,2.19,1.1,70.0,11.0,8.228571428571428,2.057142857142857,0.38571428571428573,13,,13.5,2.38,8.0,6.0,10.125,6.75,1.125,12,,2022-05-29,Lotte Giants,Kiwoom Heroes,사직
20220531HTOB02022,4.83,1.42,31.2,14.0,4.903846153846154,2.8846153846153846,0.8653846153846154,12,,2.21,0.95,61.0,10.0,6.639344262295082,1.4754098360655739,0.29508196721311475,13,,2022-05-31,Doosan Bears,Kia Tigers,잠실
20220531KTSK02022,2.18,0.77,66.0,10.0,7.363636363636363,1.3636363636363635,0.4090909090909091,12,,3.15,1.08,60.0,9.0,8.25,1.35,0.3,12,,2022-05-31,SSG Landers,KT Wiz,문학
20220531LGLT02022,4.5,1.4,48.0,10.0,5.25,1.875,0.5625,13,,4.26,1.37,19.0,6.0,7.578947368421052,3.3157894736842106,0.47368421052631576,13,,2022-05-31,Lotte Giants,LG Twins,사직
20220531NCHH02022,6.1,1.94,20.2,6.0,4.455445544554456,5.346534653465347,1.3366336633663367,14,,1.46,0.83,67.2,10.0,9.508928571428571,1.0714285714285714,0.40178571428571425,12,,2022-05-31,Hanwha Eagles,NC Dinos,대전
20220531SSWO02022,2.47,1.08,62.0,10.0,11.03225806451613,3.338709677419355,0.0,12,,3.22,1.35,50.1,8.0,6.826347305389222,2.874251497005988,0.3592814371257485,12,,2022-05-31,Kiwoom Heroes,Samsung Lions,고척
20220601HTOB02022,2.31,1.3,62.1,10.0,8.26086956521739,3.9130434782608696,0.43478260869565216,12,,3.62,1.54,27.1,6.0,7.306273062730627,4.981549815498155,0.9963099630996309,13,,2022-06-01,Doosan Bears,Kia Tigers,잠실
20220601KTSK02022,1.4,0.88,58.0,9.0,9.46551724137931,2.3275862068965516,0.3103448275862069,12,,2.67,0.94,60.2,9.0,6.428571428571428,1.9435215946843853,0.4485049833887043,12,,2022-06-01,SSG Landers,KT Wiz,문학
20220601LGLT02022,2.21,1.23,36.2,13.0,10.69060773480663,3.480662983425414,0.0,13,,3.59,1.21,57.2,10.0,7.867132867132867,2.989510489510489,0.9440559440559441,13,,2022-06-01,Lotte Giants,LG Twins,사직
20220601NCHH02022,7.46,1.54,44.2,10.0,7.126696832579185,2.239819004524887,0.8144796380090498,14,,6.75,1.43,28.0,7.0,6.107142857142857,4.821428571428571,0.32142857142857145,12,,2022-06-01,Hanwha Eagles,NC Dinos,대전
20220601SSWO02022,2.67,0.97,64.0,10.0,8.4375,0.984375,0.5625,12,,2.32,1.15,66.0,10.0,6.818181818181818,2.1818181818181817,0.4090909090909091,12,,2022-06-01,Kiwoom Heroes,Samsung Lions,고척
20220602HTOB02022,2.43,1.22,55.2,10.0,6.684782608695651,1.7934782608695652,0.9782608695652173,12,,4.32,1.11,33.1,6.0,7.069486404833836,1.6314199395770392,1.6314199395770392,13,,2022-06-02,Doosan Bears,Kia Tigers,잠실
20220602KTSK02022,2.17,1.09,45.2,12.0,5.77433628318584,1.9911504424778759,0.9955752212389379,12,,4.08,1.34,64.0,11.0,8.296875,1.125,0.421875,12,,2022-06-02,SSG Landers,KT Wiz,문학
20220602LGLT02022,2.9,1.18,62.0,10.0,8.564516129032258,1.7419354838709677,0.2903225806451613,13,,4.35,1.4,41.1,9.0,4.160583941605839,3.722627737226277,0.218978102189781,13,,2022-06-02,Lotte Giants,LG Twins,사직
20220602NCHH02022,4.37,1.4,35.0,13.0,5.6571428571428575,2.8285714285714287,0.7714285714285715,14,,3.89,1.73,37.0,15.0,8.027027027027026,5.351351351351352,0.7297297297297297,12,,2022-06-02,Hanwha Eagles,NC Dinos,대전
20220602SSWO02022,2.72,1.07,59.2,10.0,5.016891891891891,1.5202702702702702,0.6081081081081081,12,,2.61,1.16,58.2,10.0,8.350515463917525,2.6288659793814433,0.46391752577319584,12,,2022-06-02,Kiwoom Heroes,Samsung Lions,고척
20220603HTKT02022,2.97,1.14,60.2,10.0,8.372093023255813,2.990033222591362,0.7475083056478405,12,,3.0,1.19,54.0,10.0,8.666666666666666,4.166666666666667,1.1666666666666667,13,,2022-06-03,KT Wiz,Kia Tigers,수원
20220603LTNC02022,0.0,1.13,5.1,1.0,7.058823529411765,3.5294117647058827,0.0,12,,2.34,1.1,77.0,12.0,8.064935064935066,1.9870129870129871,0.35064935064935066,13,,2022-06-03,NC Dinos,Lotte Giants,창원
20220603OBSS02022,6.0,1.67,3.0,1.0,6.0,9.0,0.0,13,,4.41,1.71,51.0,10.0,7.764705882352941,4.588235294117647,0.5294117647058824,12,,2022-06-03,Samsung Lions,Doosan Bears,대구
20220603SKLG02022,2.91,1.16,52.2,9.0,8.448275862068964,2.413793103448276,0.5172413793103448,13,,5.77,1.42,57.2,10.0,4.5629370629370625,3.1468531468531467,0.6293706293706294,12,,2022-06-03,LG Twins,SSG Landers,잠실
20220603WOHH02022,6.31,1.71,25.2,10.0,4.642857142857143,3.2142857142857144,0.35714285714285715,14,,2.4,1.11,45.0,9.0,5.2,2.8,0.2,12,,2022-06-03,Hanwha Eagles,Kiwoom Heroes,대전
20220604HTKT02022,4.17,1.41,45.1,11.0,8.980044345898005,2.3946784922394677,0.9977827050997783,12,,0.0,0.0,0.0,1.0,,,,13,,2022-06-04,KT Wiz,Kia Tigers,수원
20220604LTNC02022,4.95,1.42,43.2,8.0,8.333333333333332,2.708333333333333,1.0416666666666665,12,,5.3,1.69,37.1,9.0,8.975741239892184,5.336927223719677,0.2425876010781671,13,,2022-06-04,NC Dinos,Lotte Giants,창원
20220604OBSS02022,3.65,1.38,37.0,8.0,7.297297297297297,2.675675675675676,1.2162162162162162,13,,3.47,1.41,46.2,9.0,8.766233766233766,5.259740259740259,0.974025974025974,12,,2022-06-04,Samsung Lions,Doosan Bears,대구
20220604SKLG02022,5.1,1.57,30.0,7.0,6.0,2.1,0.6,13,,4.45,1.5,54.2,10.0,7.9704797047970475,4.649446494464945,0.9963099630996309,11,,2022-06-04,LG Twins,SSG Landers,잠실
20220604WOHH02022,6.38,1.44,55.0,11.0,7.2,4.254545454545455,1.309090909090909,14,,4.5,1.32,38.0,8.0,2.3684210526315788,2.3684210526315788,1.4210526315789473,12,,2022-06-04,Hanwha Eagles,Kiwoom Heroes,대전
20220605HTKT02022,2.82,1.06,67.0,10.0,8.059701492537313,1.208955223880597,0.26865671641791045,12,,2.45,1.0,66.0,11.0,6.818181818181818,1.9090909090909092,0.4090909090909091,12,,2022-06-05,KT Wiz,Kia Tigers,수원
20220605SKLG02022,6.14,1.64,22.0,7.0,7.363636363636363,3.6818181818181817,0.8181818181818182,13,,2.22,0.77,73.0,11.0,8.383561643835616,1.2328767123287672,0.4931506849315068,11,,2022-06-05,LG Twins,SSG Landers,잠실
20220607HHOB02022,2.81,1.34,67.1,11.0,7.9135618479880785,4.023845007451565,0.5365126676602087,12,,7.46,1.97,25.1,7.0,4.302788844621514,4.661354581673306,1.0756972111553784,14,,2022-06-07,Doosan Bears,Hanwha Eagles,잠실
20220607KTWO02022,7.2,1.67,15.0,7.0,8.4,3.6,0.6,12,,3.38,1.31,16.0,17.0,3.375,3.9375,0.0,12,,2022-06-07,Kiwoom Heroes,KT Wiz,고척
20220607SKNC02022,1.83,0.86,73.2,11.0,9.836065573770492,1.1065573770491803,0.3688524590163934,12,,1.41,0.92,64.0,10.0,9.28125,2.390625,0.28125,11,,2022-06-07,NC Dinos,SSG Landers,창원
20220607SSLT02022,4.33,1.37,54.0,11.0,5.5,1.6666666666666667,0.5,13,,2.25,1.19,72.0,11.0,7.0,2.125,0.375,12,,2022-06-07,Lotte Giants,Samsung Lions,사직
20220608HHOB02022,2.47,1.19,62.0,11.0,6.532258064516129,1.7419354838709677,1.0161290322580645,12,,6.49,1.46,51.1,11.0,6.516634050880626,2.2896281800391387,0.7045009784735812,14,,2022-06-08,Doosan Bears,Hanwha Eagles,잠실
20220608KTWO02022,2.83,0.96,70.0,11.0,8.357142857142858,0.9,0.5142857142857142,11,,2.53,0.93,67.2,10.0,6.696428571428571,1.875,0.40178571428571425,11,,2022-06-08,Kiwoom Heroes,KT Wiz,고척
20220608LGHT02022,3.9,1.61,32.1,7.0,6.728971962616822,5.607476635514018,0.8411214953271028,12,,3.45,1.26,62.2,11.0,7.668810289389067,3.0385852090032155,1.012861736334405,13,,2022-06-08,Kia Tigers,LG Twins,광주
20220608SKNC02022,3.6,1.5,10.0,5.0,9.0,2.7,0.9,12,,2.84,1.16,50.2,13.0,5.737051792828685,2.330677290836653,1.0756972111553784,10,,2022-06-08,NC Dinos,SSG Landers,창원
20220608SSLT02022,2.46,1.07,84.0,13.0,8.357142857142858,2.0357142857142856,0.42857142857142855,13,,2.64,1.18,64.2,11.0,8.271028037383177,2.663551401869159,0.4205607476635514,12,,2022-06-08,Lotte Giants,Samsung Lions,사직
20220609HHOB02022,4.82,1.75,56.0,11.0,7.392857142857143,4.660714285714286,0.48214285714285715,12,,6.94,1.37,11.2,9.0,9.642857142857144,2.410714285714286,3.2142857142857144,14,,2022-06-09,Doosan Bears,Hanwha Eagles,잠실
20220609KTWO02022,3.06,1.1,64.2,11.0,5.046728971962617,1.6822429906542056,0.8411214953271028,11,,0.0,0.0,0.0,0.0,,,,12,,2022-06-09,Kiwoom Heroes,KT Wiz,고척
20220609LGHT02022,4.24,1.12,40.1,7.0,6.733167082294264,1.5710723192019949,1.5710723192019949,12,,4.18,1.46,47.1,10.0,4.012738853503184,3.6305732484076434,0.19108280254777069,13,,2022-06-09,Kia Tigers,LG Twins,광주
20220609SKNC02022,5.94,1.38,33.1,8.0,7.341389728096677,4.8942598187311175,0.2719033232628399,12,,0.0,0.0,0.0,0.0,,,,11,,2022-06-09,NC Dinos,SSG Landers,창원
20220609SSLT02022,5.14,1.69,42.0,10.0,9.214285714285714,5.357142857142857,0.6428571428571429,13,,6.0,1.22,9.0,2.0,5.0,4.0,1.0,12,,2022-06-09,Lotte Giants,Samsung Lions,사직
20220610HHSK02022,4.83,1.56,59.2,11.0,7.905405405405405,4.5608108108108105,0.9121621621621622,11,,4.28,1.38,40.0,14.0,5.4,2.7,1.125,14,,2022-06-10,SSG Landers,Hanwha Eagles,문학
20220610KTLT02022,2.78,1.13,68.0,11.0,8.470588235294118,1.7205882352941178,0.2647058823529412,13,,2.97,1.13,66.2,11.0,8.157099697885196,2.8549848942598186,0.8157099697885196,12,,2022-06-10,Lotte Giants,KT Wiz,사직
20220610NCSS02022,4.31,1.51,39.2,9.0,7.576530612244897,3.214285714285714,1.607142857142857,12,,0.0,0.65,12.1,2.0,8.925619834710744,2.231404958677686,0.0,12,,2022-06-10,Samsung Lions,NC Dinos,대구
20220610OBLG02022,2.72,1.12,59.2,10.0,8.361486486486486,2.2804054054054053,0.4560810810810811,13,,3.61,1.43,52.1,10.0,8.637236084452974,5.009596928982726,0.8637236084452975,12,,2022-06-10,LG Twins,Doosan Bears,잠실
20220610WOHT02022,3.39,1.18,61.0,11.0,8.852459016393443,3.6885245901639343,1.180327868852459,12,,3.38,1.25,48.0,10.0,5.4375,3.1875,0.1875,11,,2022-06-10,Kia Tigers,Kiwoom Heroes,광주
20220611HHSK02022,2.03,0.76,80.0,12.0,8.1,1.35,0.45,11,,5.9,1.38,61.0,12.0,7.524590163934426,4.426229508196721,1.180327868852459,14,,2022-06-11,SSG Landers,Hanwha Eagles,문학
20220611KTLT02022,3.4,1.39,39.2,15.0,10.331632653061224,3.9030612244897958,0.22959183673469385,13,,2.8,1.07,74.0,11.0,8.391891891891891,1.337837837837838,0.24324324324324326,12,,2022-06-11,Lotte Giants,KT Wiz,사직
20220611NCSS02022,3.42,1.41,55.1,9.0,6.3702359346642465,3.103448275862069,0.32667876588021777,12,,4.53,1.33,49.2,9.0,8.23170731707317,2.5609756097560976,0.9146341463414633,12,,2022-06-11,Samsung Lions,NC Dinos,대구
20220611OBLG02022,4.63,1.57,35.0,8.0,5.6571428571428575,2.057142857142857,0.7714285714285715,13,,5.15,1.39,36.2,16.0,5.220994475138121,2.734806629834254,0.7458563535911602,12,,2022-06-11,LG Twins,Doosan Bears,잠실
20220611WOHT02022,2.41,1.04,71.0,12.0,6.71830985915493,2.1549295774647885,0.38028169014084506,12,,2.31,1.04,70.0,11.0,10.67142857142857,3.085714285714286,0.12857142857142856,13,,2022-06-11,Kia Tigers,Kiwoom Heroes,광주
20220612HHSK02022,9.0,2.0,1.0,1.0,9.0,9.0,9.0,12,,6.89,1.85,31.1,8.0,3.7620578778135045,4.340836012861736,1.157556270096463,14,,2022-06-12,SSG Landers,Hanwha Eagles,문학
20220612KTLT02022,4.4,1.35,59.1,12.0,5.482233502538071,1.6751269035532994,0.45685279187817257,13,,3.78,1.3,69.0,12.0,8.478260869565217,1.434782608695652,0.391304347826087,12,,2022-06-12,Lotte Giants,KT Wiz,사직
20220612NCSS02022,2.42,1.23,78.0,12.0,7.153846153846154,2.076923076923077,0.34615384615384615,12,,1.9,0.88,80.2,12.0,9.763092269326682,1.0099750623441397,0.33665835411471323,12,,2022-06-12,Samsung Lions,NC Dinos,대구
20220612OBLG02022,5.46,1.5,28.0,8.0,7.071428571428571,3.5357142857142856,0.6428571428571429,13,,2.7,1.35,73.1,12.0,8.002735978112176,4.309165526675787,0.4924760601915185,12,,2022-06-12,LG Twins,Doosan Bears,잠실
20220612WOHT02022,4.4,1.56,45.0,9.0,8.8,3.0,0.2,13,,4.57,1.34,43.1,9.0,2.71461716937355,2.296983758700696,1.2529002320185614,13,,2022-06-12,Kia Tigers,Kiwoom Heroes,광주
20220614OBWO02022,2.72,0.97,76.0,12.0,8.526315789473685,0.9473684210526315,0.47368421052631576,12,,6.05,1.86,19.1,14.0,6.596858638743455,7.0680628272251305,0.9424083769633507,12,,2022-06-14,Kiwoom Heroes,Doosan Bears,고척
20220614SKKT02022,2.85,1.05,72.2,11.0,6.357340720221607,2.119113573407202,0.3739612188365651,12,,2.68,1.14,57.0,14.0,5.526315789473684,2.0526315789473686,0.9473684210526315,10,,2022-06-14,KT Wiz,SSG Landers,수원
20220614SSLG02022,3.57,1.24,68.0,12.0,7.676470588235294,2.911764705882353,1.0588235294117647,13,,2.55,1.17,70.2,12.0,8.333333333333332,2.564102564102564,0.3846153846153846,12,,2022-06-14,LG Twins,Samsung Lions,잠실
20220615HTNC02022,5.03,1.25,39.1,9.0,8.05626598465473,4.603580562659847,0.23017902813299232,12,,3.72,1.15,46.0,8.0,6.6521739130434785,1.9565217391304348,1.3695652173913044,13,,2022-06-15,NC Dinos,Kia Tigers,창원
20220615LTHH02022,5.97,1.36,57.1,12.0,6.304728546409807,2.0490367775831873,0.6304728546409807,14,,2.6,1.09,90.0,14.0,8.4,2.2,0.4,13,,2022-06-15,Hanwha Eagles,Lotte Giants,대전
20220615OBWO02022,3.62,1.15,69.2,12.0,4.942196531791907,1.6907514450867052,0.9104046242774566,12,,4.72,1.74,61.0,12.0,7.377049180327869,4.573770491803279,0.5901639344262295,12,,2022-06-15,Kiwoom Heroes,Doosan Bears,고척
20220615SKKT02022,3.7,1.34,56.0,14.0,8.678571428571429,2.5714285714285716,0.9642857142857143,11,,5.93,1.52,60.2,11.0,4.485049833887043,3.5880398671096345,0.5980066445182723,11,,2022-06-15,KT Wiz,SSG Landers,수원
20220615SSLG02022,4.56,1.46,53.1,11.0,3.8983050847457625,3.389830508474576,0.6779661016949152,13,,4.5,1.14,14.0,3.0,4.5,3.2142857142857144,1.2857142857142858,12,,2022-06-15,LG Twins,Samsung Lions,잠실
20220616HTNC02022,0.52,0.92,17.1,3.0,7.894736842105263,2.631578947368421,0.0,12,,3.88,1.23,65.0,12.0,9.0,3.876923076923077,1.3846153846153846,13,,2022-06-16,NC Dinos,Kia Tigers,창원
20220616LTHH02022,4.87,1.49,44.1,15.0,5.918367346938775,2.857142857142857,1.2244897959183674,14,,4.88,1.6,48.0,11.0,9.375,4.6875,0.5625,13,,2022-06-16,Hanwha Eagles,Lotte Giants,대전
20220616OBWO02022,3.81,1.33,52.0,11.0,5.711538461538462,3.2884615384615383,0.17307692307692307,12,,3.86,1.42,58.1,11.0,8.055077452667813,4.802065404475043,0.9294320137693631,12,,2022-06-16,Kiwoom Heroes,Doosan Bears,고척
20220616SKKT02022,3.27,1.16,71.2,12.0,8.089887640449438,2.907303370786517,0.7584269662921348,12,,4.46,1.46,66.2,12.0,7.613293051359516,4.214501510574018,0.8157099697885196,10,,2022-06-16,KT Wiz,SSG Landers,수원
20220616SSLG02022,2.57,1.08,66.2,11.0,8.157099697885196,2.175226586102719,0.5438066465256798,13,,6.8,1.59,49.0,9.0,4.959183673469388,2.7551020408163267,2.020408163265306,13,,2022-06-16,LG Twins,Samsung Lions,잠실
20220617HHNC02022,5.44,1.63,43.0,9.0,9.209302325581396,4.813953488372093,1.255813953488372,12,,5.73,1.39,66.0,13.0,7.636363636363637,4.636363636363637,1.2272727272727273,13,,2022-06-17,NC Dinos,Hanwha Eagles,창원
20220617KTOB02022,5.67,1.49,39.2,17.0,5.051020408163265,3.214285714285714,0.6887755102040816,12,,2.49,1.01,83.0,12.0,8.457831325301205,1.1927710843373494,0.21686746987951808,12,,2022-06-17,Doosan Bears,KT Wiz,잠실
20220617LGWO02022,2.61,1.09,76.0,12.0,10.657894736842104,3.0789473684210527,0.11842105263157894,12,,4.39,1.54,41.0,9.0,5.926829268292683,1.975609756097561,0.6585365853658537,13,,2022-06-17,Kiwoom Heroes,LG Twins,고척
20220617SKLT02022,3.28,1.15,74.0,12.0,8.635135135135135,1.8243243243243243,0.4864864864864865,13,,1.97,0.74,87.0,13.0,8.172413793103448,1.2413793103448276,0.5172413793103449,10,,2022-06-17,Lotte Giants,SSG Landers,사직
20220617SSHT02022,2.45,1.05,77.0,13.0,6.779220779220779,2.103896103896104,0.4675324675324675,13,,3.03,1.33,62.1,10.0,6.811594202898551,2.898550724637681,0.2898550724637681,13,,2022-06-17,Kia Tigers,Samsung Lions,광주
20220618HHNC02022,1.85,0.89,87.2,13.0,9.59862385321101,1.135321100917431,0.30963302752293576,12,,7.83,1.98,33.1,9.0,4.078549848942598,5.166163141993957,1.3595166163141994,13,,2022-06-18,NC Dinos,Hanwha Eagles,창원
20220618KTOB02022,3.24,1.44,77.2,13.0,8.160621761658032,4.546632124352332,0.46632124352331605,12,,4.24,1.39,74.1,13.0,8.259109311740891,1.7004048582995952,0.6072874493927126,12,,2022-06-18,Doosan Bears,KT Wiz,잠실
20220618LGWO02022,5.23,1.55,20.2,8.0,8.910891089108912,4.00990099009901,0.44554455445544555,12,,6.16,1.7,30.2,8.0,5.662251655629139,4.768211920529802,0.5960264900662252,13,,2022-06-18,Kiwoom Heroes,LG Twins,고척
20220618SKLT02022,3.99,1.3,65.1,13.0,5.529953917050692,1.7972350230414749,0.4147465437788019,13,,1.39,0.92,71.0,11.0,9.0,2.2816901408450705,0.2535211267605634,11,,2022-06-18,Lotte Giants,SSG Landers,사직
20220618SSHT02022,5.07,1.61,49.2,10.0,8.414634146341463,3.292682926829268,0.36585365853658536,13,,2.36,1.23,84.0,13.0,7.178571428571429,2.0357142857142856,0.32142857142857145,13,,2022-06-18,Kia Tigers,Samsung Lions,광주
20220619HHNC02022,4.02,1.25,56.0,10.0,8.035714285714286,2.4107142857142856,0.8035714285714286,13,,10.5,1.67,6.0,4.0,4.5,7.5,0.0,13,,2022-06-19,NC Dinos,Hanwha Eagles,창원
20220619KTOB02022,2.79,1.17,67.2,12.0,6.830357142857142,1.607142857142857,0.9375,12,,2.85,1.09,79.0,12.0,6.379746835443038,2.050632911392405,0.34177215189873417,12,,2022-06-19,Doosan Bears,KT Wiz,잠실
20220619LGWO02022,2.52,0.95,82.0,13.0,8.451219512195122,0.9878048780487805,0.43902439024390244,12,,3.18,1.13,76.1,13.0,8.515111695137977,2.6018396846254928,0.9461235216819974,13,,2022-06-19,Kiwoom Heroes,LG Twins,고척
20220619SKLT02022,5.46,1.31,29.2,7.0,9.554794520547945,5.239726027397261,0.6164383561643836,13,,2.71,1.11,63.0,15.0,5.571428571428571,2.0,1.0,11,,2022-06-19,Lotte Giants,SSG Landers,사직
20220619SSHT02022,4.78,1.54,37.2,8.0,6.532258064516128,5.32258064516129,1.2096774193548385,13,,2.38,1.18,75.2,13.0,7.779255319148936,2.752659574468085,0.35904255319148937,13,,2022-06-19,Kia Tigers,Samsung Lions,광주
20220621HHLG02022,5.09,1.49,58.1,12.0,3.7177280550774525,3.5628227194492252,0.774526678141136,13,,0.0,0.0,0.0,0.0,,,,13,,2022-06-21,LG Twins,Hanwha Eagles,잠실
20220621LTHT02022,3.98,1.17,52.0,9.0,6.0576923076923075,1.7307692307692308,1.5576923076923077,13,,2.72,1.11,96.0,15.0,8.0625,2.0625,0.46875,13,,2022-06-21,Kia Tigers,Lotte Giants,광주
20220621NCKT02022,3.97,1.37,59.0,15.0,8.542372881355933,2.7457627118644066,1.0677966101694916,12,,4.93,1.33,42.0,10.0,7.714285714285714,5.142857142857143,0.21428571428571427,13,,2022-06-21,KT Wiz,NC Dinos,수원
20220621OBSK02022,0.0,0.0,0.0,0.0,,,,12,,4.39,1.66,67.2,13.0,7.366071428571428,4.553571428571428,0.5357142857142857,12,,2022-06-21,SSG Landers,Doosan Bears,문학
20220621WOSS02022,3.32,1.21,19.0,4.0,5.684210526315789,3.3157894736842106,0.9473684210526315,13,,3.86,1.23,74.2,13.0,4.730458221024259,1.6981132075471697,0.8490566037735848,12,,2022-06-21,Samsung Lions,Kiwoom Heroes,대구
20220622HHLG02022,2.44,1.1,73.2,12.0,8.360655737704917,1.9672131147540983,0.4918032786885246,13,,6.71,1.46,60.1,13.0,6.289517470881863,2.0965058236272878,0.5990016638935108,13,,2022-06-22,LG Twins,Hanwha Eagles,잠실
20220622LTHT02022,3.8,1.24,71.0,13.0,8.746478873239436,3.5492957746478875,1.267605633802817,13,,4.33,1.54,54.0,12.0,9.833333333333334,4.833333333333333,0.5,13,,2022-06-22,Kia Tigers,Lotte Giants,광주
20220622NCKT02022,3.24,1.17,77.2,13.0,8.044041450777202,2.914507772020725,0.699481865284974,12,,0.4,0.88,22.2,4.0,7.702702702702703,2.8378378378378377,0.0,12,,2022-06-22,KT Wiz,NC Dinos,수원
20220622OBSK02022,4.09,1.39,72.2,13.0,7.728531855955678,4.113573407202216,0.7479224376731302,12,,3.69,1.44,63.1,12.0,7.987321711568938,4.992076069730587,0.8557844690966719,12,,2022-06-22,SSG Landers,Doosan Bears,문학
20220622WOSS02022,6.38,1.55,55.0,10.0,5.236363636363636,2.9454545454545453,1.9636363636363636,13,,3.79,1.28,57.0,12.0,6.0,3.3157894736842106,0.15789473684210525,12,,2022-06-22,Samsung Lions,Kiwoom Heroes,대구
20220623LTHT02022,2.6,1.06,83.0,14.0,6.72289156626506,2.1686746987951806,0.5421686746987951,13,,3.59,1.21,80.1,13.0,8.876404494382022,1.7977528089887642,0.44943820224719105,13,,2022-06-23,Kia Tigers,Lotte Giants,광주
20220623WOSS02022,3.25,1.31,69.1,11.0,6.38205499276411,2.9956584659913172,0.5209840810419682,13,,2.44,1.11,81.0,13.0,10.444444444444445,3.111111111111111,0.1111111111111111,12,,2022-06-23,Samsung Lions,Kiwoom Heroes,대구
20220624HTOB02022,2.98,1.41,84.2,14.0,8.016627078384797,4.382422802850356,0.42755344418052255,12,,5.33,1.68,52.1,11.0,8.119001919385797,3.45489443378119,0.345489443378119,13,,2022-06-24,Doosan Bears,Kia Tigers,잠실
20220624LGKT02022,2.47,1.01,91.0,13.0,8.208791208791208,1.2857142857142858,0.1978021978021978,12,,5.8,1.68,35.2,9.0,5.8806818181818175,4.090909090909091,0.7670454545454545,13,,2022-06-24,KT Wiz,LG Twins,수원
20220624NCSK02022,1.99,0.77,95.0,14.0,8.242105263157894,1.231578947368421,0.5684210526315789,12,,1.81,0.87,94.2,14.0,9.936305732484076,1.0509554140127388,0.38216560509554137,12,,2022-06-24,SSG Landers,NC Dinos,문학
20220624SSHH02022,4.74,1.46,49.1,16.0,6.04887983706721,2.74949083503055,1.0997963340122199,13,,2.3,1.23,90.0,14.0,7.1,2.1,0.3,13,,2022-06-24,Hanwha Eagles,Samsung Lions,대전
20220624WOLT02022,4.22,1.32,70.1,14.0,5.777460770328103,1.9258202567760343,0.5135520684736091,13,,4.05,1.43,26.2,9.0,7.900763358778626,3.435114503816794,0.3435114503816794,12,,2022-06-24,Lotte Giants,Kiwoom Heroes,사직
20220625HTOB02022,3.86,2.0,7.0,2.0,7.714285714285714,15.428571428571429,0.0,13,,5.49,1.61,41.0,9.0,6.585365853658536,5.2682926829268295,1.3170731707317074,13,,2022-06-25,Doosan Bears,Kia Tigers,잠실
20220625LGKT02022,4.48,1.44,78.1,14.0,8.297055057618438,1.8437900128040974,0.5761843790012805,12,,3.02,1.08,83.1,14.0,8.772563176895307,2.3826714801444044,0.9747292418772564,13,,2022-06-25,KT Wiz,LG Twins,수원
20220625NCSK02022,1.54,0.95,76.0,12.0,8.881578947368421,2.25,0.23684210526315788,12,,4.78,1.51,49.0,10.0,9.0,4.408163265306122,1.1020408163265305,12,,2022-06-25,SSG Landers,NC Dinos,문학
20220625SSHH02022,5.18,1.42,73.0,14.0,7.273972602739726,4.931506849315069,1.1095890410958904,13,,2.34,1.17,80.2,14.0,7.855361596009975,2.5810473815461346,0.33665835411471323,13,,2022-06-25,Hanwha Eagles,Samsung Lions,대전
20220625WOLT02022,4.67,1.27,34.2,8.0,10.0,5.263157894736842,0.5263157894736842,13,,5.05,1.42,46.1,10.0,2.7331887201735356,2.5379609544468544,1.3665943600867678,12,,2022-06-25,Lotte Giants,Kiwoom Heroes,사직
20220626HTOB02022,2.97,1.2,72.2,13.0,6.731301939058172,1.6204986149584486,1.1218836565096952,12,,4.08,1.22,57.1,10.0,6.462346760070052,1.733800350262697,1.4185639229422067,13,,2022-06-26,Doosan Bears,Kia Tigers,잠실
20220626LGKT02022,0.0,1.67,3.0,1.0,9.0,9.0,0.0,12,,4.69,1.47,63.1,13.0,4.706814580031695,3.4231378763866878,0.7131537242472266,13,,2022-06-26,KT Wiz,LG Twins,수원
20220626NCSK02022,2.7,1.1,70.0,16.0,5.4,2.057142857142857,0.9,12,,4.18,1.33,60.1,11.0,7.787021630615641,2.545757071547421,0.7487520798668885,12,,2022-06-26,SSG Landers,NC Dinos,문학
20220626SSHH02022,6.58,1.84,39.2,10.0,3.9030612244897958,4.362244897959183,1.1479591836734693,13,,3.38,1.33,24.0,5.0,5.625,4.125,0.75,13,,2022-06-26,Hanwha Eagles,Samsung Lions,대전
20220626WOLT02022,2.85,1.14,101.0,16.0,7.841584158415841,1.9603960396039604,0.44554455445544555,13,,4.06,1.3,77.2,14.0,4.77979274611399,1.6321243523316062,0.8160621761658031,12,,2022-06-26,Lotte Giants,Kiwoom Heroes,사직
20220628HTWO02022,3.48,1.26,62.0,13.0,6.241935483870968,3.338709677419355,0.14516129032258066,12,,3.91,1.25,76.0,14.0,8.881578947368421,3.5526315789473686,1.1842105263157894,12,,2022-06-28,Kiwoom Heroes,Kia Tigers,고척
20220628KTSS02022,6.31,1.58,61.1,11.0,4.713584288052373,2.7986906710310966,2.062193126022913,13,,2.69,1.05,87.0,13.0,6.413793103448276,1.8620689655172413,0.3103448275862069,12,,2022-06-28,Samsung Lions,KT Wiz,대구
20220628NCLG02022,2.71,1.13,79.2,13.0,8.181818181818182,2.0454545454545454,0.45454545454545453,13,,0.31,0.87,28.2,5.0,8.297872340425533,2.872340425531915,0.0,12,,2022-06-28,LG Twins,NC Dinos,잠실
20220628OBLT02022,4.84,1.61,57.2,13.0,9.912587412587412,5.192307692307692,0.47202797202797203,13,,4.22,1.54,74.2,14.0,7.884097035040431,4.123989218328841,0.4851752021563342,12,,2022-06-28,Lotte Giants,Doosan Bears,사직
20220628SKHH02022,3.86,3.0,2.1,1.0,8.571428571428571,8.571428571428571,0.0,13,,3.95,1.39,79.2,14.0,7.5,3.977272727272727,0.7954545454545454,12,,2022-06-28,Hanwha Eagles,SSG Landers,대전
20220629HTWO02022,2.34,1.09,88.1,14.0,10.011350737797958,2.9625425652667423,0.10215664018161182,12,,2.83,1.08,89.0,15.0,6.573033707865169,2.1235955056179776,0.5056179775280899,13,,2022-06-29,Kiwoom Heroes,Kia Tigers,고척
20220629KTSS02022,3.58,1.35,75.1,12.0,6.471371504660453,3.1158455392809588,0.4793608521970706,13,,3.81,1.23,82.2,14.0,7.773722627737226,3.065693430656934,0.7664233576642335,12,,2022-06-29,Samsung Lions,KT Wiz,대구
20220629SKHH02022,6.89,1.47,65.1,14.0,5.944700460829494,2.2119815668202767,0.6912442396313365,13,,2.63,1.13,24.0,5.0,6.0,2.625,0.0,12,,2022-06-29,Hanwha Eagles,SSG Landers,대전
20220630HTWO02022,2.43,0.92,89.0,14.0,8.49438202247191,0.9101123595505618,0.5056179775280899,13,,5.02,1.64,57.1,12.0,7.880910683012259,3.625218914185639,0.31523642732049034,12,,2022-06-30,Kiwoom Heroes,Kia Tigers,고척
20220630KTSS02022,2.42,1.25,96.2,15.0,7.203742203742204,2.1517671517671517,0.3742203742203742,13,,4.59,1.42,84.1,15.0,8.240190249702735,1.8192627824019025,0.6420927467300833,12,,2022-06-30,Samsung Lions,KT Wiz,대구
20220630OBLT02022,4.01,1.32,76.1,15.0,5.795006570302235,2.0105124835742445,0.4730617608409987,13,,3.82,1.43,68.1,13.0,8.193832599118943,5.154185022026432,0.7929515418502203,12,,2022-06-30,Lotte Giants,Doosan Bears,사직
20220701HHWO02022,4.83,1.52,31.2,10.0,7.5,3.1730769230769234,0.2884615384615385,13,,4.28,1.43,54.2,17.0,5.8118081180811805,2.8228782287822876,0.9963099630996309,13,,2022-07-01,Kiwoom Heroes,Hanwha Eagles,고척
20220701HTSK02022,1.94,0.74,102.0,15.0,8.382352941176471,1.1470588235294117,0.6176470588235294,12,,20.25,3.38,2.2,2.0,4.090909090909091,8.181818181818182,0.0,13,,2022-07-01,SSG Landers,Kia Tigers,문학
20220701LTLG02022,3.99,1.46,47.1,10.0,5.732484076433121,1.910828025477707,0.5732484076433121,13,,5.59,1.43,37.0,9.0,9.972972972972974,6.081081081081081,0.4864864864864865,13,,2022-07-01,LG Twins,Lotte Giants,잠실
20220701OBKT02022,2.82,1.08,95.2,14.0,8.319327731092436,1.2289915966386553,0.18907563025210083,12,,3.08,1.42,90.2,15.0,7.78270509977827,4.290465631929046,0.3991130820399113,12,,2022-07-01,KT Wiz,Doosan Bears,수원
20220702HHWO02022,4.91,1.4,51.1,11.0,2.8180039138943247,2.2896281800391387,1.4090019569471623,13,,5.31,1.45,78.0,15.0,7.038461538461538,5.1923076923076925,1.1538461538461537,13,,2022-07-02,Kiwoom Heroes,Hanwha Eagles,고척
20220702HTSK02022,1.43,0.98,82.0,13.0,8.560975609756097,2.1951219512195124,0.21951219512195122,12,,4.0,1.21,63.0,11.0,6.714285714285714,2.2857142857142856,1.2857142857142858,13,,2022-07-02,SSG Landers,Kia Tigers,문학
20220702LTLG02022,2.92,1.05,89.1,15.0,8.686868686868687,2.2222222222222223,1.0101010101010102,13,,2.89,1.16,106.0,17.0,7.726415094339623,1.9528301886792452,0.42452830188679247,13,,2022-07-02,LG Twins,Lotte Giants,잠실
20220702OBKT02022,3.86,1.71,7.0,2.0,9.0,3.857142857142857,1.2857142857142858,12,,2.76,1.21,78.1,14.0,6.338028169014085,2.0742637644046096,1.0371318822023048,13,,2022-07-02,KT Wiz,Doosan Bears,수원
20220702SSNC02022,2.46,0.96,98.2,15.0,10.081466395112017,1.1914460285132382,0.6415478615071283,12,,3.41,1.38,29.0,6.0,5.896551724137931,4.0344827586206895,0.6206896551724138,13,,2022-07-02,NC Dinos,Samsung Lions,창원
20220703HHWO02022,3.48,1.22,67.1,14.0,5.901639344262295,3.0849478390462,0.13412816691505217,12,,0.0,0.0,0.0,0.0,,,,14,,2022-07-03,Kiwoom Heroes,Hanwha Eagles,고척
20220703HTSK02022,2.69,1.1,77.0,17.0,5.376623376623376,2.103896103896104,1.051948051948052,12,,4.19,1.3,81.2,15.0,8.866995073891625,3.768472906403941,1.2192118226600985,13,,2022-07-03,SSG Landers,Kia Tigers,문학
20220703LTLG02022,5.98,1.62,40.2,10.0,5.820895522388059,3.805970149253731,1.3432835820895521,13,,4.81,1.57,63.2,14.0,9.968354430379746,4.841772151898734,0.4272151898734177,13,,2022-07-03,LG Twins,Lotte Giants,잠실
20220703OBKT02022,2.81,1.09,93.0,14.0,6.193548387096774,1.8387096774193548,0.2903225806451613,12,,4.45,1.71,30.1,17.0,5.980066445182724,5.681063122923588,0.5980066445182723,13,,2022-07-03,KT Wiz,Doosan Bears,수원
20220703SSNC02022,5.0,1.57,54.0,11.0,8.833333333333334,4.166666666666667,1.0,12,,2.31,1.14,85.2,15.0,8.028169014084506,2.640845070422535,0.3169014084507042,13,,2022-07-03,NC Dinos,Samsung Lions,창원
20220705LGSS02022,6.44,1.65,64.1,12.0,4.492979719188768,3.229329173166927,2.246489859594384,13,,2.52,1.1,85.2,14.0,8.23943661971831,2.112676056338028,0.4225352112676056,13,,2022-07-05,Samsung Lions,LG Twins,대구
20220705LTSK02022,3.99,1.42,85.2,15.0,7.394366197183098,3.8028169014084505,0.7394366197183099,12,,3.54,1.18,86.1,14.0,8.78048780487805,1.6724738675958188,0.4181184668989547,13,,2022-07-05,SSG Landers,Lotte Giants,문학
20220705NCHH02022,3.68,1.91,7.1,2.0,6.338028169014085,6.338028169014085,1.267605633802817,13,,1.05,0.96,34.1,6.0,8.181818181818182,2.6392961876832843,0.26392961876832843,12,,2022-07-05,Hanwha Eagles,NC Dinos,대전
20220705WOOB02022,4.13,1.5,80.2,15.0,7.743142144638404,4.039900249376559,0.44887780548628425,12,,2.17,1.05,95.1,15.0,9.936908517350158,2.9337539432176656,0.09463722397476342,12,,2022-07-05,Doosan Bears,Kiwoom Heroes,잠실
20220706KTHT02022,2.72,1.06,96.0,16.0,6.9375,2.0625,0.46875,12,,4.5,1.41,90.0,16.0,8.0,1.8,0.6,12,,2022-07-06,Kia Tigers,KT Wiz,광주
20220706LGSS02022,3.43,1.29,81.1,13.0,6.991368680641184,2.8853267570900125,0.5548705302096177,13,,4.41,1.4,69.1,14.0,5.209840810419682,3.2561505065123013,0.7814761215629523,13,,2022-07-06,Samsung Lions,LG Twins,대구
20220706LTSK02022,2.17,1.07,29.0,6.0,6.206896551724138,2.4827586206896552,0.0,12,,3.83,1.34,82.1,16.0,5.919610231425092,1.8635809987819734,0.438489646772229,13,,2022-07-06,SSG Landers,Lotte Giants,문학
20220706NCHH02022,6.45,1.81,44.2,12.0,4.276018099547511,4.6832579185520355,1.2217194570135745,13,,4.11,1.29,65.2,12.0,7.5920245398773005,2.4846625766871164,0.8282208588957055,12,,2022-07-06,Hanwha Eagles,NC Dinos,대전
20220706WOOB02022,4.2,1.5,70.2,14.0,8.076923076923077,5.256410256410256,1.0256410256410255,12,,2.48,0.94,94.1,15.0,8.416578108395324,1.0520722635494155,0.5738575982996812,12,,2022-07-06,Doosan Bears,Kiwoom Heroes,잠실
20220707LGSS02022,2.86,1.31,100.2,16.0,7.455089820359281,2.3353293413173652,0.5389221556886228,13,,3.61,1.41,52.1,11.0,6.046065259117082,1.9001919385796544,0.5182341650671785,13,,2022-07-07,Samsung Lions,LG Twins,대구
20220707LTSK02022,2.17,0.77,108.0,16.0,8.75,1.25,0.6666666666666666,12,,5.14,1.45,42.0,10.0,9.857142857142858,6.0,0.42857142857142855,13,,2022-07-07,SSG Landers,Lotte Giants,문학
20220707NCHH02022,4.22,1.36,59.2,18.0,5.625,2.584459459459459,1.064189189189189,13,,5.12,1.4,45.2,11.0,7.367256637168141,5.575221238938052,0.3982300884955752,12,,2022-07-07,Hanwha Eagles,NC Dinos,대전
20220707WOOB02022,2.99,1.48,93.1,16.0,7.636949516648765,4.543501611170784,0.3866809881847476,12,,4.29,1.37,79.2,15.0,4.7727272727272725,1.9318181818181817,0.7954545454545454,12,,2022-07-07,Doosan Bears,Kiwoom Heroes,잠실
20220708HHHT02022,4.21,1.28,87.2,16.0,9.288990825688073,3.612385321100917,1.238532110091743,12,,5.19,1.46,85.0,16.0,6.670588235294118,5.188235294117647,1.0588235294117647,13,,2022-07-08,Kia Tigers,Hanwha Eagles,광주
20220708LGOB02022,3.27,1.26,82.2,15.0,6.56934306569343,2.2992700729927007,1.094890510948905,12,,3.12,1.08,95.1,16.0,8.32807570977918,2.365930599369085,1.0410094637223974,13,,2022-07-08,Doosan Bears,LG Twins,잠실
20220708LTKT02022,4.15,1.38,13.0,3.0,11.076923076923077,3.4615384615384617,1.3846153846153846,12,,2.8,1.17,112.1,18.0,7.867975022301517,1.9268510258697593,0.40142729705619984,13,,2022-07-08,KT Wiz,Lotte Giants,수원
20220708NCWO02022,4.78,1.46,37.2,11.0,7.983870967741935,2.9032258064516125,0.48387096774193544,12,,2.3,0.94,105.2,16.0,10.095057034220533,1.1977186311787071,0.5988593155893536,12,,2022-07-08,Kiwoom Heroes,NC Dinos,고척
20220708SKSS02022,5.01,1.64,32.1,7.0,5.327102803738318,5.327102803738318,0.5607476635514018,13,,1.37,0.96,85.2,14.0,8.661971830985916,2.112676056338028,0.2112676056338028,12,,2022-07-08,Samsung Lions,SSG Landers,대구
20230313HTHH02023,0.0,0.0,0.0,0.0,,,,45,,0.0,0.0,0.0,0.0,,,,38,,2023-03-13,Hanwha Eagles,Kia Tigers,대전
20230313KTWO02023,0.0,0.0,0.0,0.0,,,,40,,0.0,0.0,0.0,0.0,,,,42,,2023-03-13,Kiwoom Heroes,KT Wiz,고척
20230313LGNC02023,0.0,0.0,0.0,0.0,,,,43,,0.0,0.0,0.0,0.0,,,,44,,2023-03-13,NC Dinos,LG Twins,창원
20230313OBLT02023,0.0,0.0,0.0,0.0,,,,38,,0.0,0.0,0.0,0.0,,,,39,,2023-03-13,Lotte Giants,Doosan Bears,사직
20230313SKSS02023,0.0,0.0,0.0,0.0,,,,40,,0.0,0.0,0.0,0.0,,,,42,,2023-03-13,Samsung Lions,SSG Landers,대구
20230314HTHH02023,0.0,0.0,0.0,0.0,,,,45,,0.0,0.0,0.0,0.0,,,,38,,2023-03-14,Hanwha Eagles,Kia Tigers,대전
20230314KTWO02023,0.0,0.0,0.0,0.0,,,,40,,0.0,0.0,0.0,0.0,,,,42,,2023-03-14,Kiwoom Heroes,KT Wiz,고척
20230314LGNC02023,0.0,0.0,0.0,0.0,,,,43,,0.0,0.0,0.0,0.0,,,,44,,2023-03-14,NC Dinos,LG Twins,창원
20230314OBLT02023,0.0,0.0,0.0,0.0,,,,38,,0.0,0.0,0.0,0.0,,,,39,,2023-03-14,Lotte Giants,Doosan Bears,사직
20230314SKSS02023,0.0,0.0,0.0,0.0,,,,40,,0.0,0.0,0.0,0.0,,,,42,,2023-03-14,Samsung Lions,SSG Landers,대구
20230315HTWO02023,0.0,0.0,0.0,0.0,,,,40,,0.0,0.0,0.0,0.0,,,,38,,2023-03-15,Kiwoom Heroes,Kia Tigers,고척
20230315KTHH02023,0.0,0.0,0.0,0.0,,,,45,,0.0,0.0,0.0,0.0,,,,42,,2023-03-15,Hanwha Eagles,KT Wiz,대전
20230315LGSS02023,0.0,0.0,0.0,0.0,,,,40,,0.0,0.0,0.0,0.0,,,,44,,2023-03-15,Samsung Lions,LG Twins,대구
20230315OBNC02023,0.0,0.0,0.0,0.0,,,,43,,0.0,0.0,0.0,0.0,,,,39,,2023-03-15,NC Dinos,Doosan Bears,창원
20230315SKLT02023,0.0,0.0,0.0,0.0,,,,38,,0.0,0.0,0.0,0.0,,,,42,,2023-03-15,Lotte Giants,SSG Landers,사직
20230316HTWO02023,0.0,0.0,0.0,0.0,,,,40,,0.0,0.0,0.0,0.0,,,,38,,2023-03-16,Kiwoom Heroes,Kia Tigers,고척
20230316KTHH02023,0.0,0.0,0.0,0.0,,,,45,,0.0,0.0,0.0,0.0,,,,42,,2023-03-16,Hanwha Eagles,KT Wiz,대전
20230316LGSS02023,0.0,0.0,0.0,0.0,,,,40,,0.0,0.0,0.0,0.0,,,,44,,2023-03-16,Samsung Lions,LG Twins,대구
20230316OBNC02023,0.0,0.0,0.0,0.0,,,,43,,0.0,0.0,0.0,0.0,,,,39,,2023-03-16,NC Dinos,Doosan Bears,창원
20230316SKLT02023,0.0,0.0,0.0,0.0,,,,38,,0.0,0.0,0.0,0.0,,,,42,,2023-03-16,Lotte Giants,SSG Landers,사직
20230318KTSS02023,0.0,2.0,3.0,1.0,9.0,6.0,0.0,40,,0.0,0.0,1.0,1.0,9.0,0.0,0.0,42,,2023-03-18,Samsung Lions,KT Wiz,대구
20230318LGLT02023,6.0,1.33,3.0,1.0,6.0,0.0,3.0,38,,0.0,0.0,0.0,0.0,,,,44,,2023-03-18,Lotte Giants,LG Twins,사직
20230318OBHT02023,6.0,1.33,3.0,1.0,6.0,0.0,3.0,38,,0.0,0.0,0.0,0.0,,,,39,,2023-03-18,Kia Tigers,Doosan Bears,광주
20230318SKNC02023,0.0,0.5,2.0,1.0,13.5,4.5,0.0,43,,0.0,0.67,3.0,1.0,6.0,0.0,0.0,42,,2023-03-18,NC Dinos,SSG Landers,창원
20230318WOHH02023,0.0,0.0,0.0,0.0,,,,45,,0.0,0.0,2.0,1.0,13.5,0.0,0.0,40,,2023-03-18,Hanwha Eagles,Kiwoom Heroes,대전
20230319KTSS02023,0.0,0.67,3.0,1.0,6.0,3.0,0.0,40,,3.0,1.0,3.0,1.0,12.0,0.0,0.0,42,,2023-03-19,Samsung Lions,KT Wiz,대구
20230319LGLT02023,0.0,0.5,4.0,1.0,11.25,0.0,0.0,38,,9.0,3.0,2.0,1.0,9.0,4.5,4.5,44,,2023-03-19,Lotte Giants,LG Twins,사직
20230319OBHT02023,0.0,0.0,0.0,0.0,,,,38,,4.5,1.0,4.0,1.0,2.25,0.0,2.25,39,,2023-03-19,Kia Tigers,Doosan Bears,광주
20230319SKNC02023,0.0,1.0,3.0,1.0,6.0,0.0,0.0,43,,0.0,0.5,2.0,1.0,4.5,0.0,0.0,42,,2023-03-19,NC Dinos,SSG Landers,창원
20230319WOHH02023,2.25,1.0,4.0,1.0,11.25,2.25,2.25,45,,0.0,1.0,2.0,1.0,13.5,9.0,0.0,40,,2023-03-19,Hanwha Eagles,Kiwoom Heroes,대전
20230320LGHT02023,0.0,1.36,3.2,1.0,2.8125,8.4375,0.0,38,,0.0,0.38,2.2,1.0,8.181818181818182,0.0,0.0,44,,2023-03-20,Kia Tigers,LG Twins,광주
20230320LTSS02023,9.0,2.33,3.0,1.0,0.0,9.0,3.0,40,,0.0,0.0,0.0,0.0,,,,38,,2023-03-20,Samsung Lions,Lotte Giants,대구
20230320OBKT02023,0.0,0.75,2.2,1.0,16.363636363636363,0.0,0.0,42,,0.0,1.0,3.0,1.0,3.0,0.0,0.0,39,,2023-03-20,KT Wiz,Doosan Bears,수원
20230320SKHH02023,2.25,0.75,4.0,1.0,9.0,0.0,0.0,45,,0.0,0.67,3.0,1.0,9.0,0.0,0.0,42,,2023-03-20,Hanwha Eagles,SSG Landers,대전
20230320WONC02023,0.0,0.0,0.0,0.0,,,,43,,0.0,1.67,3.0,1.0,12.0,9.0,0.0,40,,2023-03-20,NC Dinos,Kiwoom Heroes,창원
20230321LGHT02023,0.0,0.75,4.0,1.0,15.75,2.25,0.0,38,,0.0,1.33,3.0,1.0,3.0,3.0,0.0,44,,2023-03-21,Kia Tigers,LG Twins,광주
20230321LTSS02023,0.0,1.36,3.2,1.0,2.8125,5.625,0.0,40,,5.4,1.6,5.0,1.0,10.8,1.8,1.8,38,,2023-03-21,Samsung Lions,Lotte Giants,대구
20230321OBKT02023,0.0,0.0,0.0,0.0,,,,42,,2.45,1.09,3.2,1.0,19.6875,0.0,0.0,39,,2023-03-21,KT Wiz,Doosan Bears,수원
20230321SKHH02023,6.75,1.25,4.0,1.0,4.5,6.75,0.0,45,,0.0,0.0,0.0,0.0,,,,42,,2023-03-21,Hanwha Eagles,SSG Landers,대전
20230321WONC02023,3.0,1.33,3.0,1.0,6.0,6.0,0.0,43,,3.0,1.0,3.0,1.0,6.0,0.0,3.0,40,,2023-03-21,NC Dinos,Kiwoom Heroes,창원
20230323LGKT02023,0.0,0.4,5.0,2.0,5.4,0.0,0.0,42,,0.0,1.0,3.0,1.0,12.0,3.0,0.0,44,,2023-03-23,KT Wiz,LG Twins,수원
20230323SSWO02023,0.0,1.67,3.0,2.0,6.0,6.0,0.0,40,,12.0,2.0,3.0,1.0,6.0,3.0,3.0,40,,2023-03-23,Kiwoom Heroes,Samsung Lions,고척
20230324LGKT02023,12.0,2.0,3.0,1.0,3.0,3.0,3.0,42,,0.0,0.0,0.0,0.0,,,,44,,2023-03-24,KT Wiz,LG Twins,수원
20230324LTNC02023,7.71,2.57,2.1,1.0,8.571428571428571,8.571428571428571,0.0,43,,6.43,1.43,7.0,2.0,2.5714285714285716,0.0,1.2857142857142858,38,,2023-03-24,NC Dinos,Lotte Giants,창원
20230324OBHH02023,7.36,2.45,3.2,1.0,5.625,8.4375,2.8125,45,,0.0,0.0,0.0,0.0,,,,39,,2023-03-24,Hanwha Eagles,Doosan Bears,대전
20230324SKHT02023,6.14,1.64,7.1,2.0,10.140845070422536,1.267605633802817,1.267605633802817,38,,0.0,0.5,4.0,1.0,4.5,0.0,0.0,42,,2023-03-24,Kia Tigers,SSG Landers,광주
20230324SSWO02023,7.5,1.5,6.0,2.0,10.5,0.0,0.0,40,,2.25,1.5,4.0,2.0,6.75,2.25,2.25,40,,2023-03-24,Kiwoom Heroes,Samsung Lions,고척
20230325HHLT02023,3.52,0.91,7.2,2.0,8.75,2.5,0.0,39,,3.0,2.0,3.0,1.0,12.0,6.0,3.0,45,,2023-03-25,Lotte Giants,Hanwha Eagles,사직
20230325LGWO02023,1.8,1.4,5.0,2.0,5.4,10.8,0.0,40,,2.25,1.0,4.0,1.0,2.25,0.0,0.0,44,,2023-03-25,Kiwoom Heroes,LG Twins,고척
20230325NCHT02023,0.0,0.3,3.1,1.0,8.709677419354838,0.0,0.0,38,,1.29,1.14,7.0,2.0,7.714285714285714,2.5714285714285716,0.0,43,,2023-03-25,Kia Tigers,NC Dinos,광주
20230325SKKT02023,0.0,0.0,0.0,0.0,,,,42,,3.38,1.69,5.1,2.0,10.588235294117649,5.294117647058824,0.0,42,,2023-03-25,KT Wiz,SSG Landers,수원
20230325SSOB02023,2.25,1.5,4.0,1.0,0.0,4.5,0.0,39,,3.0,1.83,6.0,2.0,9.0,3.0,0.0,40,,2023-03-25,Doosan Bears,Samsung Lions,잠실
20230326HHLT02023,18.0,4.0,2.0,1.0,9.0,9.0,0.0,39,,1.08,0.72,8.1,2.0,8.88888888888889,2.2222222222222223,0.0,45,,2023-03-26,Lotte Giants,Hanwha Eagles,사직
20230326LGWO02023,0.0,1.14,7.0,2.0,11.571428571428571,5.142857142857143,0.0,40,,0.0,1.5,1.1,1.0,8.181818181818182,8.181818181818182,0.0,44,,2023-03-26,Kiwoom Heroes,LG Twins,고척
20230326NCHT02023,1.0,1.11,9.0,2.0,2.0,5.0,0.0,38,,8.1,1.8,3.1,1.0,2.903225806451613,5.806451612903226,0.0,43,,2023-03-26,Kia Tigers,NC Dinos,광주
20230326SKKT02023,1.35,0.75,6.2,2.0,8.709677419354838,0.0,0.0,42,,0.0,0.82,3.2,1.0,11.25,2.8125,0.0,42,,2023-03-26,KT Wiz,SSG Landers,수원
20230326SSOB02023,3.68,1.23,7.1,2.0,6.338028169014085,2.535211267605634,0.0,39,,0.0,1.14,7.0,2.0,3.857142857142857,2.5714285714285716,0.0,40,,2023-03-26,Doosan Bears,Samsung Lions,잠실
20230327HHSS02023,6.43,1.57,7.0,2.0,3.857142857142857,5.142857142857143,2.5714285714285716,40,,3.0,1.0,3.0,1.0,0.0,0.0,0.0,45,,2023-03-27,Samsung Lions,Hanwha Eagles,대구
20230327HTLT02023,7.0,2.11,9.0,2.0,10.0,2.0,3.0,39,,3.0,2.0,3.0,1.0,9.0,6.0,3.0,38,,2023-03-27,Lotte Giants,Kia Tigers,사직
20230327NCKT02023,13.5,2.1,3.1,1.0,0.0,5.806451612903226,0.0,42,,7.71,3.0,2.1,1.0,8.571428571428571,0.0,0.0,43,,2023-03-27,KT Wiz,NC Dinos,수원
20230327OBWO02023,2.57,0.86,7.0,2.0,9.0,1.2857142857142858,2.5714285714285716,40,,1.17,1.04,7.2,2.0,11.25,0.0,0.0,39,,2023-03-27,Kiwoom Heroes,Doosan Bears,고척
20230327SKLG02023,6.0,1.83,6.0,2.0,6.0,4.5,1.5,44,,3.86,1.14,7.0,2.0,7.714285714285714,2.5714285714285716,1.2857142857142858,42,,2023-03-27,LG Twins,SSG Landers,잠실
20230328HHSS02023,0.0,0.0,4.0,1.0,11.25,0.0,0.0,40,,0.0,0.0,1.2,2.0,22.5,0.0,0.0,45,,2023-03-28,Samsung Lions,Hanwha Eagles,대구
20230328HTLT02023,0.0,0.0,0.0,0.0,,,,39,,0.0,1.2,5.0,2.0,14.4,7.2,0.0,38,,2023-03-28,Lotte Giants,Kia Tigers,사직
20230328NCKT02023,3.52,0.78,7.2,3.0,1.25,1.25,1.25,42,,0.0,0.94,5.1,2.0,8.823529411764707,5.294117647058824,0.0,43,,2023-03-28,KT Wiz,NC Dinos,수원
20230328OBWO02023,0.0,1.29,7.0,2.0,14.142857142857142,2.5714285714285716,0.0,40,,13.5,2.06,5.1,2.0,10.588235294117649,5.294117647058824,1.7647058823529413,39,,2023-03-28,Kiwoom Heroes,Doosan Bears,고척
20230328SKLG02023,1.29,1.0,7.0,2.0,2.5714285714285716,2.5714285714285716,0.0,44,,11.25,2.25,4.0,2.0,11.25,4.5,0.0,42,,2023-03-28,LG Twins,SSG Landers,잠실
20230401HHWO02023,0.75,1.0,12.0,3.0,10.5,3.75,0.0,11,,1.42,0.71,12.2,3.0,11.065573770491804,1.4754098360655739,0.0,11,,2023-04-01,Kiwoom Heroes,Hanwha Eagles,고척
20230401HTSK02023,3.86,1.43,7.0,2.0,6.428571428571429,5.142857142857143,1.2857142857142858,11,,1.2,1.0,15.0,3.0,7.2,3.0,0.0,10,,2023-04-01,SSG Landers,Kia Tigers,문학
20230401LGKT02023,1.64,0.91,11.0,3.0,8.181818181818182,1.6363636363636365,0.0,10,,2.0,0.78,9.0,2.0,4.0,1.0,0.0,12,,2023-04-01,KT Wiz,LG Twins,수원
20230401LTOB02023,2.19,1.14,12.1,3.0,5.206611570247934,3.71900826446281,0.0,11,,6.43,2.0,7.0,2.0,7.714285714285714,2.5714285714285716,0.0,10,,2023-04-01,Doosan Bears,Lotte Giants,잠실
20230401NCSS02023,1.59,1.5,11.1,3.0,9.72972972972973,3.2432432432432434,0.0,11,,0.71,0.71,12.2,3.0,8.852459016393443,1.4754098360655739,0.0,11,,2023-04-01,Samsung Lions,NC Dinos,대구
20230402HHWO02023,1.5,0.75,12.0,3.0,8.25,0.75,1.5,11,,6.43,1.57,7.0,2.0,7.714285714285714,6.428571428571429,0.0,12,,2023-04-02,Kiwoom Heroes,Hanwha Eagles,고척
20230402HTSK02023,3.0,1.33,12.0,3.0,8.25,2.25,0.75,11,,1.23,1.23,7.1,2.0,11.408450704225352,5.070422535211268,1.267605633802817,10,,2023-04-02,SSG Landers,Kia Tigers,문학
20230402LGKT02023,6.14,1.36,7.1,2.0,6.338028169014085,3.802816901408451,0.0,10,,2.08,1.62,4.1,2.0,6.585365853658537,2.1951219512195124,0.0,12,,2023-04-02,KT Wiz,LG Twins,수원
20230402LTOB02023,1.32,0.88,13.2,3.0,8.181818181818182,1.3636363636363638,0.0,11,,5.79,1.86,14.0,3.0,7.714285714285714,1.9285714285714286,2.5714285714285716,10,,2023-04-02,Doosan Bears,Lotte Giants,잠실
20230402NCSS02023,0.69,1.0,13.0,3.0,4.846153846153846,2.769230769230769,0.0,11,,4.5,1.38,8.0,2.0,6.75,3.375,0.0,11,,2023-04-02,Samsung Lions,NC Dinos,대구
20230404HHSS02023,10.29,1.71,7.0,2.0,10.285714285714286,3.857142857142857,1.2857142857142858,11,,10.29,2.0,7.0,2.0,7.714285714285714,5.142857142857143,2.5714285714285716,12,,2023-04-04,Samsung Lions,Hanwha Eagles,대구
20230404LGWO02023,0.0,1.25,12.0,3.0,11.25,1.5,0.0,11,,0.75,0.67,12.0,3.0,5.25,2.25,0.0,12,,2023-04-04,Kiwoom Heroes,LG Twins,고척
20230404LTSK02023,5.0,1.56,9.0,3.0,8.0,3.0,0.0,11,,0.0,0.0,0.0,0.0,,,,10,,2023-04-04,SSG Landers,Lotte Giants,문학
20230404NCOB02023,0.0,0.33,3.0,1.0,9.0,3.0,0.0,11,,3.86,0.86,7.0,2.0,9.0,1.2857142857142858,1.2857142857142858,11,,2023-04-04,Doosan Bears,NC Dinos,잠실
20230405LGWO02023,4.5,1.2,10.0,3.0,11.7,0.9,0.0,12,,3.27,1.27,11.0,3.0,6.545454545454546,2.4545454545454546,0.8181818181818182,13,,2023-04-05,Kiwoom Heroes,LG Twins,고척
20230405NCOB02023,3.09,1.29,11.2,3.0,6.428571428571429,4.017857142857143,0.8035714285714286,11,,7.11,1.74,6.1,2.0,2.9508196721311477,5.901639344262295,1.4754098360655739,12,,2023-04-05,Doosan Bears,NC Dinos,잠실
20230406HHSS02023,6.55,1.55,11.0,3.0,4.090909090909091,4.909090909090909,2.4545454545454546,12,,2.57,1.43,7.0,2.0,14.142857142857142,2.5714285714285716,1.2857142857142858,13,,2023-04-06,Samsung Lions,Hanwha Eagles,대구
20230406LGWO02023,3.0,1.44,9.0,3.0,6.0,8.0,0.0,12,,1.29,1.0,7.0,2.0,9.0,2.5714285714285716,1.2857142857142858,13,,2023-04-06,Kiwoom Heroes,LG Twins,고척
20230406NCOB02023,7.84,1.94,10.1,3.0,9.801980198019802,6.237623762376238,0.8910891089108911,12,,5.4,1.2,5.0,2.0,9.0,5.4,1.8,12,,2023-04-06,Doosan Bears,NC Dinos,잠실
20230407KTLT02023,2.13,0.87,12.2,3.0,8.114754098360656,2.9508196721311477,0.0,12,,0.0,1.5,0.2,1.0,45.0,0.0,0.0,12,,2023-04-07,Lotte Giants,KT Wiz,사직
20230407OBHT02023,4.05,1.2,6.2,1.0,2.903225806451613,2.903225806451613,1.4516129032258065,11,,9.0,2.5,4.0,1.0,4.5,9.0,2.25,12,,2023-04-07,Kia Tigers,Doosan Bears,광주
20230407SKHH02023,7.36,2.32,7.1,2.0,3.802816901408451,7.605633802816902,1.267605633802817,13,,3.86,1.71,9.1,3.0,8.901098901098901,4.945054945054945,0.0,12,,2023-04-07,Hanwha Eagles,SSG Landers,대전
20230407SSLG02023,10.13,1.5,5.1,1.0,5.294117647058824,0.0,3.5294117647058827,13,,2.31,1.2,11.2,3.0,4.017857142857143,2.410714285714286,0.0,13,,2023-04-07,LG Twins,Samsung Lions,잠실
20230407WONC02023,0.0,1.4,5.0,1.0,10.8,5.4,0.0,12,,0.0,1.17,6.0,1.0,18.0,3.0,0.0,12,,2023-04-07,NC Dinos,Kiwoom Heroes,창원
20230408KTLT02023,5.4,1.4,5.0,1.0,3.6,5.4,0.0,12,,0.0,0.33,6.0,1.0,6.0,0.0,0.0,12,,2023-04-08,Lotte Giants,KT Wiz,사직
20230408OBHT02023,1.8,1.8,5.0,1.0,5.4,10.8,0.0,11,,2.57,0.71,7.0,1.0,2.5714285714285716,0.0,0.0,12,,2023-04-08,Kia Tigers,Doosan Bears,광주
20230408SKHH02023,5.4,1.6,5.0,1.0,3.6,3.6,0.0,13,,1.8,1.4,5.0,1.0,5.4,5.4,0.0,12,,2023-04-08,Hanwha Eagles,SSG Landers,대전
20230408SSLG02023,18.0,6.0,1.0,1.0,0.0,18.0,9.0,13,,7.2,1.6,5.0,1.0,9.0,0.0,0.0,13,,2023-04-08,LG Twins,Samsung Lions,잠실
20230408WONC02023,12.46,2.31,4.1,1.0,13.170731707317074,6.585365853658537,2.1951219512195124,12,,3.6,1.8,5.0,1.0,5.4,0.0,0.0,12,,2023-04-08,NC Dinos,Kiwoom Heroes,창원
20230409KTLT02023,0.0,1.05,6.2,1.0,5.806451612903226,2.903225806451613,0.0,12,,0.0,0.67,3.0,1.0,0.0,0.0,0.0,12,,2023-04-09,Lotte Giants,KT Wiz,사직
20230409OBHT02023,5.11,1.54,12.1,3.0,9.669421487603307,2.231404958677686,0.7438016528925621,11,,0.0,0.43,7.0,1.0,12.857142857142858,1.2857142857142858,0.0,12,,2023-04-09,Kia Tigers,Doosan Bears,광주
20230409SKHH02023,11.25,2.0,4.0,1.0,9.0,4.5,4.5,13,,21.6,3.9,3.1,1.0,2.903225806451613,8.709677419354838,2.903225806451613,12,,2023-04-09,Hanwha Eagles,SSG Landers,대전
20230409SSLG02023,0.0,1.2,5.0,1.0,7.2,7.2,0.0,13,,18.0,3.67,3.0,1.0,6.0,6.0,3.0,13,,2023-04-09,LG Twins,Samsung Lions,잠실
20230409WONC02023,0.0,1.59,5.2,1.0,8.653846153846153,8.653846153846153,0.0,12,,4.5,1.0,6.0,1.0,7.5,0.0,0.0,12,,2023-04-09,NC Dinos,Kiwoom Heroes,창원
20230411HHHT02023,3.68,1.09,7.1,2.0,11.408450704225352,2.535211267605634,0.0,11,,9.0,3.0,1.0,1.0,9.0,0.0,0.0,13,,2023-04-11,Kia Tigers,Hanwha Eagles,광주
20230411KTNC02023,4.5,1.67,6.0,1.0,6.0,4.5,1.5,12,,6.43,1.57,7.0,2.0,5.142857142857143,3.857142857142857,1.2857142857142858,12,,2023-04-11,NC Dinos,KT Wiz,창원
20230411LGLT02023,7.36,1.64,11.0,3.0,5.7272727272727275,0.0,1.6363636363636365,12,,20.25,3.75,1.1,3.0,8.181818181818182,16.363636363636363,0.0,13,,2023-04-11,Lotte Giants,LG Twins,사직
20230411SKSS02023,5.4,1.6,5.0,1.0,5.4,7.2,0.0,13,,1.29,0.57,7.0,1.0,7.714285714285714,2.5714285714285716,0.0,11,,2023-04-11,Samsung Lions,SSG Landers,대구
20230411WOOB02023,43.2,7.2,1.2,1.0,15.0,15.0,7.5,12,,1.5,1.33,6.0,1.0,4.5,4.5,0.0,12,,2023-04-11,Doosan Bears,Kiwoom Heroes,잠실
20230412HHHT02023,3.21,1.0,14.0,2.0,3.2142857142857144,1.2857142857142858,1.2857142857142858,11,,0.0,0.2,5.0,1.0,7.2,0.0,0.0,13,,2023-04-12,Kia Tigers,Hanwha Eagles,광주
20230412KTNC02023,0.0,0.82,3.2,1.0,11.25,5.625,0.0,12,,1.17,0.65,7.2,2.0,6.25,0.0,1.25,12,,2023-04-12,NC Dinos,KT Wiz,창원
20230412LGLT02023,3.86,2.14,4.2,1.0,17.142857142857142,4.285714285714286,0.0,13,,0.0,1.2,5.0,1.0,7.2,5.4,0.0,13,,2023-04-12,Lotte Giants,LG Twins,사직
20230412SKSS02023,22.5,4.0,2.0,1.0,9.0,13.5,0.0,13,,1.0,0.78,9.0,2.0,6.0,1.0,0.0,12,,2023-04-12,Samsung Lions,SSG Landers,대구
20230413HHHT02023,3.38,2.0,8.0,2.0,9.0,12.375,0.0,11,,1.8,0.8,5.0,1.0,1.8,3.6,1.8,13,,2023-04-13,Kia Tigers,Hanwha Eagles,광주
20230413KTNC02023,0.0,0.85,13.0,2.0,11.076923076923077,2.076923076923077,0.0,12,,0.0,4.0,1.0,2.0,0.0,9.0,0.0,12,,2023-04-13,NC Dinos,KT Wiz,창원
20230413LGLT02023,6.75,1.69,5.1,1.0,7.058823529411765,3.5294117647058827,0.0,13,,5.84,0.89,12.1,2.0,5.206611570247934,0.0,2.231404958677686,13,,2023-04-13,Lotte Giants,LG Twins,사직
20230413SKSS02023,9.0,2.4,5.0,1.0,0.0,9.0,0.0,13,,0.0,1.17,6.0,1.0,6.0,6.0,0.0,12,,2023-04-13,Samsung Lions,SSG Landers,대구
20230413WOOB02023,0.0,1.33,6.0,1.0,10.5,1.5,0.0,12,,0.69,0.77,13.0,2.0,16.615384615384617,2.076923076923077,0.6923076923076923,12,,2023-04-13,Doosan Bears,Kiwoom Heroes,잠실
20230414HHKT02023,2.25,0.75,12.0,2.0,7.5,0.75,0.75,12,,5.4,1.6,10.0,2.0,5.4,4.5,0.9,13,,2023-04-14,KT Wiz,Hanwha Eagles,수원
20230414HTWO02023,5.4,1.6,10.0,2.0,7.2,0.9,0.9,12,,4.5,1.33,6.0,1.0,9.0,6.0,1.5,11,,2023-04-14,Kiwoom Heroes,Kia Tigers,고척
20230414LTSS02023,3.46,1.0,13.0,2.0,5.538461538461538,1.3846153846153846,0.0,13,,5.73,1.36,11.0,2.0,7.363636363636363,3.272727272727273,0.8181818181818182,13,,2023-04-14,Samsung Lions,Lotte Giants,대구
20230414NCSK02023,0.0,1.07,4.2,2.0,6.428571428571428,8.571428571428571,0.0,12,,0.0,1.25,12.0,2.0,6.75,3.75,0.0,12,,2023-04-14,SSG Landers,NC Dinos,문학
20230414OBLG02023,3.0,1.67,6.0,2.0,6.0,6.0,1.5,13,,3.6,1.5,10.0,2.0,9.0,6.3,0.9,12,,2023-04-14,LG Twins,Doosan Bears,잠실
20230415HHKT02023,0.0,1.33,9.0,2.0,4.0,5.0,0.0,12,,7.0,1.67,9.0,2.0,6.0,5.0,2.0,13,,2023-04-15,KT Wiz,Hanwha Eagles,수원
20230415HTWO02023,4.76,1.41,11.1,2.0,9.72972972972973,2.4324324324324325,0.0,12,,0.0,0.92,8.2,2.0,9.878048780487806,4.390243902439025,0.0,12,,2023-04-15,Kiwoom Heroes,Kia Tigers,고척
20230415LTSS02023,7.2,2.0,10.0,2.0,3.6,4.5,0.9,13,,0.0,0.88,13.2,2.0,8.181818181818182,2.0454545454545454,0.0,13,,2023-04-15,Samsung Lions,Lotte Giants,대구
20230415NCSK02023,7.71,1.71,9.1,2.0,4.945054945054945,4.945054945054945,0.989010989010989,12,,8.0,2.33,9.0,2.0,9.0,7.0,2.0,12,,2023-04-15,SSG Landers,NC Dinos,문학
20230415OBLG02023,1.59,1.41,11.1,2.0,4.864864864864865,4.054054054054054,0.0,13,,0.0,0.89,12.1,2.0,12.644628099173554,3.71900826446281,0.0,12,,2023-04-15,LG Twins,Doosan Bears,잠실
20230416HHKT02023,1.29,0.71,7.0,1.0,5.142857142857143,1.2857142857142858,0.0,11,,1.5,1.17,6.0,2.0,6.0,1.5,0.0,13,,2023-04-16,KT Wiz,Hanwha Eagles,수원
20230416HTWO02023,3.27,1.36,11.0,2.0,5.7272727272727275,4.090909090909091,0.0,12,,3.86,1.14,7.0,1.0,6.428571428571429,1.2857142857142858,1.2857142857142858,12,,2023-04-16,Kiwoom Heroes,Kia Tigers,고척
20230416LTSS02023,6.3,1.7,10.0,2.0,4.5,5.4,0.9,12,,8.31,2.77,4.1,1.0,6.585365853658537,13.170731707317074,0.0,13,,2023-04-16,Samsung Lions,Lotte Giants,대구
20230416NCSK02023,3.46,0.85,13.0,2.0,9.0,2.769230769230769,1.3846153846153846,12,,2.25,1.42,12.0,2.0,6.75,3.0,0.75,12,,2023-04-16,SSG Landers,NC Dinos,문학
20230416OBLG02023,5.63,1.5,8.0,4.0,10.125,4.5,0.0,13,,13.5,2.45,7.1,2.0,7.605633802816902,2.535211267605634,2.535211267605634,12,,2023-04-16,LG Twins,Doosan Bears,잠실
20230418HTLT02023,4.66,2.07,9.2,2.0,11.73913043478261,4.891304347826087,0.0,13,,2.14,0.86,21.0,3.0,5.142857142857143,1.2857142857142858,0.8571428571428571,12,,2023-04-18,Lotte Giants,Kia Tigers,사직
20230418NCLG02023,4.0,1.33,9.0,2.0,5.0,4.0,0.0,13,,1.04,1.04,8.2,2.0,7.682926829268293,4.390243902439025,0.0,12,,2023-04-18,LG Twins,NC Dinos,잠실
20230418OBHH02023,1.64,0.55,11.0,2.0,8.181818181818182,1.6363636363636365,0.0,13,,5.25,1.17,12.0,2.0,4.5,0.75,1.5,12,,2023-04-18,Hanwha Eagles,Doosan Bears,대전
20230418SKKT02023,4.05,0.98,13.1,3.0,7.557251908396947,0.0,2.0610687022900764,11,,0.0,1.13,8.0,1.0,2.25,1.125,0.0,12,,2023-04-18,KT Wiz,SSG Landers,수원
20230418SSWO02023,6.75,2.25,4.0,1.0,6.75,11.25,0.0,13,,7.71,2.0,7.0,2.0,6.428571428571429,6.428571428571429,1.2857142857142858,11,,2023-04-18,Kiwoom Heroes,Samsung Lions,고척
20230419HTLT02023,7.84,1.74,10.1,2.0,6.237623762376238,6.237623762376238,0.8910891089108911,13,,2.77,1.85,13.0,3.0,9.692307692307692,11.076923076923077,0.0,12,,2023-04-19,Lotte Giants,Kia Tigers,사직
20230419NCLG02023,6.11,1.3,17.2,3.0,5.7558139534883725,1.5697674418604652,1.5697674418604652,13,,0.47,1.0,19.0,3.0,11.842105263157896,2.3684210526315788,0.0,12,,2023-04-19,LG Twins,NC Dinos,잠실
20230419OBHH02023,0.82,1.0,11.0,2.0,5.7272727272727275,2.4545454545454546,0.8181818181818182,13,,0.9,1.3,10.0,2.0,9.9,3.6,0.0,12,,2023-04-19,Hanwha Eagles,Doosan Bears,대전
20230419SKKT02023,2.08,0.92,8.2,3.0,6.585365853658537,2.1951219512195124,1.0975609756097562,11,,8.0,1.78,9.0,2.0,8.0,7.0,3.0,12,,2023-04-19,KT Wiz,SSG Landers,수원
20230419SSWO02023,0.47,0.74,19.0,3.0,13.736842105263158,1.894736842105263,0.47368421052631576,12,,0.0,0.0,0.0,0.0,,,,12,,2023-04-19,Kiwoom Heroes,Samsung Lions,고척
20230420HTLT02023,5.74,1.53,15.2,3.0,7.105263157894737,5.328947368421053,1.1842105263157896,13,,8.18,1.91,11.0,2.0,9.0,4.090909090909091,0.8181818181818182,12,,2023-04-20,Lotte Giants,Kia Tigers,사직
20230420NCLG02023,2.45,1.64,11.0,3.0,6.545454545454546,5.7272727272727275,0.8181818181818182,14,,0.52,1.15,17.1,3.0,6.31578947368421,3.6842105263157894,0.0,12,,2023-04-20,LG Twins,NC Dinos,잠실
20230420OBHH02023,6.0,1.73,15.0,3.0,5.4,3.6,1.2,13,,3.21,1.64,14.0,3.0,10.928571428571429,5.142857142857143,0.6428571428571429,12,,2023-04-20,Hanwha Eagles,Doosan Bears,대전
20230420SKKT02023,3.38,1.06,16.0,3.0,8.4375,1.6875,0.5625,11,,0.0,0.72,9.2,3.0,9.782608695652174,5.869565217391305,0.0,11,,2023-04-20,KT Wiz,SSG Landers,수원
20230420SSWO02023,4.24,1.29,17.0,3.0,7.9411764705882355,1.0588235294117647,0.5294117647058824,12,,3.6,1.05,20.0,3.0,6.3,1.35,0.0,12,,2023-04-20,Kiwoom Heroes,Samsung Lions,고척
20230421KTOB02023,0.92,0.97,19.2,3.0,9.375,3.28125,0.0,12,,2.57,1.64,14.0,3.0,4.5,5.785714285714286,0.0,11,,2023-04-21,Doosan Bears,KT Wiz,잠실
20230421LGHH02023,5.14,1.5,14.0,3.0,5.785714285714286,4.5,1.9285714285714286,13,,1.04,1.1,17.1,3.0,4.7368421052631575,3.6842105263157894,0.0,14,,2023-04-21,Hanwha Eagles,LG Twins,대전
20230421LTNC02023,4.08,1.42,17.2,3.0,9.418604651162791,4.186046511627907,1.0465116279069768,12,,1.45,1.13,18.2,3.0,7.912087912087912,2.967032967032967,0.0,13,,2023-04-21,NC Dinos,Lotte Giants,창원
20230421SSHT02023,12.27,2.18,3.2,1.0,5.625,11.25,2.8125,12,,13.5,2.33,6.0,2.0,6.0,3.0,1.5,13,,2023-04-21,Kia Tigers,Samsung Lions,광주
20230421WOSK02023,6.75,2.38,8.0,2.0,4.5,7.875,1.125,12,,3.63,1.27,17.1,3.0,8.94736842105263,1.5789473684210524,0.0,12,,2023-04-21,SSG Landers,Kiwoom Heroes,문학
20230422KTOB02023,9.49,1.78,12.1,3.0,6.694214876033058,2.9752066115702482,2.231404958677686,12,,0.69,0.77,13.0,2.0,7.615384615384615,1.3846153846153846,0.0,11,,2023-04-22,Doosan Bears,KT Wiz,잠실
20230422LGHH02023,11.37,2.37,6.1,3.0,5.901639344262295,2.9508196721311477,0.0,13,,4.76,1.76,11.1,5.0,8.108108108108109,5.675675675675675,0.0,13,,2023-04-22,Hanwha Eagles,LG Twins,대전
20230422LTNC02023,4.2,1.33,15.0,3.0,7.8,2.4,1.8,12,,10.8,2.5,10.0,2.0,5.4,8.1,0.9,13,,2023-04-22,NC Dinos,Lotte Giants,창원
20230422SSHT02023,1.93,1.0,14.0,2.0,9.0,2.5714285714285716,0.6428571428571429,12,,4.32,1.56,16.2,3.0,3.888888888888889,4.444444444444445,1.1111111111111112,13,,2023-04-22,Kia Tigers,Samsung Lions,광주
20230422WOSK02023,4.41,1.16,16.1,3.0,6.149068322981366,4.472049689440993,0.5590062111801242,12,,1.89,1.05,19.0,3.0,5.684210526315789,2.8421052631578947,0.0,12,,2023-04-22,SSG Landers,Kiwoom Heroes,문학
20230423KTOB02023,3.32,0.89,19.0,3.0,6.157894736842105,1.4210526315789473,0.9473684210526315,12,,3.54,1.08,20.1,4.0,6.716417910447761,0.8955223880597014,1.3432835820895521,11,,2023-04-23,Doosan Bears,KT Wiz,잠실
20230423LGHH02023,3.86,1.61,9.1,7.0,4.945054945054945,2.967032967032967,0.0,14,,3.38,1.35,13.1,3.0,6.870229007633588,4.809160305343512,0.0,13,,2023-04-23,Hanwha Eagles,LG Twins,대전
20230423LTNC02023,2.13,1.18,12.2,3.0,8.114754098360656,5.163934426229509,0.0,12,,5.65,2.16,14.1,3.0,10.212765957446809,4.468085106382979,0.0,12,,2023-04-23,NC Dinos,Lotte Giants,창원
20230423SSHT02023,3.12,0.96,26.0,4.0,4.846153846153846,1.0384615384615385,1.3846153846153846,12,,4.8,1.13,15.0,3.0,6.6,3.0,0.6,13,,2023-04-23,Kia Tigers,Samsung Lions,광주
20230423WOSK02023,4.76,1.24,17.0,3.0,9.529411764705882,3.7058823529411766,1.0588235294117647,12,,12.46,2.31,4.1,4.0,4.390243902439025,8.78048780487805,4.390243902439025,13,,2023-04-23,SSG Landers,Kiwoom Heroes,문학
20230425KTWO02023,1.08,0.8,25.0,4.0,14.04,1.8,0.36,12,,0.0,0.6,5.0,1.0,10.8,1.8,0.0,11,,2023-04-25,Kiwoom Heroes,KT Wiz,고척
20230425NCHT02023,1.93,1.61,18.2,4.0,10.87912087912088,9.395604395604396,0.0,12,,0.75,1.17,24.0,4.0,10.875,3.0,0.0,12,,2023-04-25,Kia Tigers,NC Dinos,광주
20230425SKLG02023,6.46,1.39,23.2,4.0,5.81896551724138,1.5517241379310345,1.1637931034482758,13,,2.84,1.26,12.2,2.0,5.163934426229509,2.2131147540983607,0.7377049180327869,12,,2023-04-25,LG Twins,SSG Landers,잠실
20230426HHLT02023,6.27,1.66,18.2,4.0,7.417582417582418,5.934065934065934,0.989010989010989,12,,2.81,1.06,16.0,3.0,4.5,1.6875,1.6875,14,,2023-04-26,Lotte Giants,Hanwha Eagles,사직
20230426KTWO02023,3.52,1.26,23.0,4.0,7.434782608695652,1.565217391304348,0.391304347826087,12,,4.91,1.27,22.0,4.0,7.363636363636363,2.4545454545454546,1.2272727272727273,11,,2023-04-26,Kiwoom Heroes,KT Wiz,고척
20230426NCHT02023,9.0,1.93,15.0,3.0,7.8,4.8,1.8,12,,1.71,1.43,21.0,4.0,7.285714285714286,4.714285714285714,0.0,12,,2023-04-26,Kia Tigers,NC Dinos,광주
20230426OBSS02023,4.05,1.2,26.2,4.0,7.900763358778626,1.717557251908397,0.0,13,,2.45,1.36,22.0,4.0,11.454545454545455,3.272727272727273,0.8181818181818182,12,,2023-04-26,Samsung Lions,Doosan Bears,대구
20230426SKLG02023,2.25,1.63,16.0,4.0,7.875,5.0625,0.5625,13,,1.42,1.18,12.2,4.0,8.852459016393443,8.852459016393443,0.0,12,,2023-04-26,LG Twins,SSG Landers,잠실
20230427HHLT02023,1.75,1.01,25.2,4.0,7.857142857142858,2.857142857142857,0.0,12,,6.63,1.95,19.0,4.0,6.631578947368421,5.2105263157894735,1.894736842105263,14,,2023-04-27,Lotte Giants,Hanwha Eagles,사직
20230427KTWO02023,3.8,1.27,23.2,4.0,8.922413793103448,1.5517241379310345,0.3879310344827586,11,,4.0,1.78,9.0,5.0,7.0,3.0,0.0,11,,2023-04-27,Kiwoom Heroes,KT Wiz,고척
20230427NCHT02023,7.88,2.0,8.0,2.0,4.5,7.875,1.125,12,,3.04,1.27,23.2,4.0,9.698275862068966,3.491379310344828,0.7758620689655172,12,,2023-04-27,Kia Tigers,NC Dinos,광주
20230427OBSS02023,3.0,2.0,3.0,1.0,12.0,6.0,0.0,14,,1.8,1.2,15.0,3.0,8.4,3.0,0.6,12,,2023-04-27,Samsung Lions,Doosan Bears,대구
20230427SKLG02023,0.77,1.03,23.1,4.0,5.454545454545454,3.1168831168831166,0.0,13,,4.5,1.71,14.0,3.0,6.428571428571429,5.785714285714286,1.2857142857142858,12,,2023-04-27,LG Twins,SSG Landers,잠실
20230428HTLG02023,3.31,1.53,16.1,6.0,8.385093167701863,5.590062111801242,0.0,13,,1.89,1.11,19.0,3.0,9.947368421052632,3.789473684210526,0.47368421052631576,12,,2023-04-28,LG Twins,Kia Tigers,잠실
20230428NCHH02023,4.74,1.42,19.0,4.0,4.2631578947368425,4.7368421052631575,1.4210526315789473,13,,4.5,1.3,20.0,4.0,9.0,1.8,1.8,12,,2023-04-28,Hanwha Eagles,NC Dinos,대전
20230428OBSK02023,3.09,1.03,23.1,4.0,6.623376623376623,3.506493506493506,0.7792207792207791,12,,6.75,1.67,17.1,4.0,6.842105263157894,2.631578947368421,1.5789473684210524,12,,2023-04-28,SSG Landers,Doosan Bears,문학
20230428SSKT02023,2.25,1.05,20.0,3.0,5.4,0.9,0.9,11,,7.2,1.93,15.0,3.0,4.2,4.8,0.6,13,,2023-04-28,KT Wiz,Samsung Lions,수원
20230428WOLT02023,8.4,2.2,15.0,3.0,6.6,6.6,1.2,12,,2.16,1.08,25.0,4.0,5.76,2.52,0.36,11,,2023-04-28,Lotte Giants,Kiwoom Heroes,사직
20230429HTLG02023,5.52,1.5,14.2,4.0,6.971830985915493,5.070422535211268,0.0,13,,3.06,0.93,32.1,5.0,5.607476635514018,1.1214953271028036,1.1214953271028036,12,,2023-04-29,LG Twins,Kia Tigers,잠실
20230429NCHH02023,7.3,1.86,12.1,4.0,4.462809917355372,2.9752066115702482,0.0,13,,1.45,0.96,18.2,4.0,7.912087912087912,4.945054945054945,0.0,12,,2023-04-29,Hanwha Eagles,NC Dinos,대전
20230429OBSK02023,4.5,1.27,22.0,4.0,8.181818181818182,3.272727272727273,0.8181818181818182,12,,2.88,0.96,25.0,4.0,5.76,1.44,0.72,12,,2023-04-29,SSG Landers,Doosan Bears,문학
20230429SSKT02023,2.96,1.06,27.1,5.0,5.977859778597786,0.6642066420664207,0.9963099630996309,10,,5.16,1.5,22.2,4.0,4.45945945945946,4.054054054054054,1.2162162162162162,12,,2023-04-29,KT Wiz,Samsung Lions,수원
20230430HTLG02023,5.76,1.48,29.2,5.0,5.856164383561644,2.1575342465753424,0.9246575342465754,13,,1.99,1.68,22.2,5.0,11.35135135135135,8.91891891891892,0.0,12,,2023-04-30,LG Twins,Kia Tigers,잠실
20230430NCHH02023,1.08,0.72,16.2,3.0,10.0,3.3333333333333335,0.0,13,,0.58,1.0,31.0,5.0,10.741935483870968,2.3225806451612905,0.0,12,,2023-04-30,Hanwha Eagles,NC Dinos,대전
20230430OBSK02023,7.2,1.8,15.0,3.0,5.4,4.8,2.4,13,,1.09,1.05,24.2,4.0,8.553719008264464,4.090909090909091,0.0,12,,2023-04-30,SSG Landers,Doosan Bears,문학
20230430SSKT02023,0.9,1.0,10.0,2.0,10.8,3.6,0.0,10,,5.21,1.42,19.0,4.0,7.105263157894737,3.3157894736842106,0.47368421052631576,12,,2023-04-30,KT Wiz,Samsung Lions,수원
20230430WOLT02023,7.56,1.8,16.2,4.0,8.333333333333334,5.0,0.5555555555555556,12,,0.84,0.69,32.0,5.0,12.9375,1.6875,0.28125,12,,2023-04-30,Lotte Giants,Kiwoom Heroes,사직
20230502HHOB02023,2.25,1.25,28.0,5.0,11.892857142857142,3.2142857142857144,0.9642857142857143,12,,3.15,1.15,20.0,4.0,4.5,1.8,1.35,13,,2023-05-02,Doosan Bears,Hanwha Eagles,잠실
20230502KTSK02023,4.08,1.58,17.2,3.0,5.232558139534884,3.1395348837209305,1.0465116279069768,12,,5.6,1.39,27.1,5.0,7.306273062730627,2.988929889298893,1.6605166051660516,11,,2023-05-02,SSG Landers,KT Wiz,문학
20230502LGNC02023,3.46,1.5,26.0,5.0,6.923076923076923,4.153846153846154,0.34615384615384615,12,,0.0,1.29,2.1,2.0,4.285714285714286,8.571428571428571,0.0,13,,2023-05-02,NC Dinos,LG Twins,창원
20230502LTHT02023,5.87,1.61,23.0,4.0,7.434782608695652,3.9130434782608696,1.173913043478261,12,,5.12,1.97,19.1,4.0,9.424083769633507,3.2984293193717273,0.9424083769633507,12,,2023-05-02,Kia Tigers,Lotte Giants,광주
20230502WOSS02023,3.31,1.19,32.2,5.0,7.826086956521738,1.9565217391304346,0.0,12,,3.41,1.34,29.0,5.0,6.827586206896552,1.8620689655172413,0.6206896551724138,12,,2023-05-02,Samsung Lions,Kiwoom Heroes,대구
20230503HHOB02023,2.14,1.24,21.0,4.0,9.0,2.5714285714285716,0.8571428571428571,12,,6.12,1.8,25.0,5.0,6.84,5.04,1.8,13,,2023-05-03,Doosan Bears,Hanwha Eagles,잠실
20230503KTSK02023,5.0,1.78,18.0,4.0,6.0,5.5,1.5,12,,34.71,4.71,2.1,1.0,4.285714285714286,4.285714285714286,0.0,12,,2023-05-03,SSG Landers,KT Wiz,문학
20230503LGNC02023,3.86,1.15,30.1,5.0,9.269102990033222,2.990033222591362,0.5980066445182723,12,,1.53,1.13,29.1,5.0,5.876288659793814,3.402061855670103,0.30927835051546393,13,,2023-05-03,NC Dinos,LG Twins,창원
20230503LTHT02023,4.85,1.62,13.0,3.0,6.230769230769231,6.230769230769231,0.6923076923076923,12,,1.34,0.89,33.2,5.0,7.861445783132529,2.1686746987951806,0.0,12,,2023-05-03,Kia Tigers,Lotte Giants,광주
20230503WOSS02023,4.5,1.8,10.0,10.0,7.2,4.5,1.8,12,,3.14,1.33,28.2,5.0,8.936170212765958,2.5531914893617023,0.3191489361702128,12,,2023-05-03,Samsung Lions,Kiwoom Heroes,대구
20230504HHOB02023,0.0,0.0,0.0,0.0,,,,12,,5.48,1.48,23.0,5.0,5.478260869565218,5.086956521739131,1.565217391304348,13,,2023-05-04,Doosan Bears,Hanwha Eagles,잠실
20230504KTSK02023,2.7,0.97,30.0,5.0,7.5,3.3,0.9,12,,2.88,1.2,25.0,4.0,5.76,0.72,0.72,12,,2023-05-04,SSG Landers,KT Wiz,문학
20230504WOSS02023,4.91,1.59,22.0,4.0,5.318181818181818,3.272727272727273,0.4090909090909091,11,,2.9,1.13,31.0,5.0,5.806451612903226,2.3225806451612905,0.2903225806451613,12,,2023-05-04,Samsung Lions,Kiwoom Heroes,대구
20230505SKWO02023,0.0,0.0,0.0,0.0,,,,12,,4.0,1.26,27.0,5.0,8.666666666666666,3.3333333333333335,0.6666666666666666,12,,2023-05-05,Kiwoom Heroes,SSG Landers,고척
20230506SKWO02023,0.97,0.78,37.0,6.0,11.91891891891892,1.7027027027027026,0.24324324324324326,12,,5.57,1.62,21.0,4.0,6.0,3.857142857142857,1.7142857142857142,12,,2023-05-06,Kiwoom Heroes,SSG Landers,고척
20230507KTHH02023,2.38,0.93,22.2,4.0,10.135135135135135,2.8378378378378377,0.0,13,,0.53,0.88,17.0,3.0,10.588235294117647,2.6470588235294117,0.0,12,,2023-05-07,Hanwha Eagles,KT Wiz,대전
20230507LGOB02023,0.88,0.91,30.2,5.0,8.940397350993377,3.2781456953642385,0.0,13,,5.66,1.46,35.0,6.0,5.914285714285715,2.8285714285714287,0.7714285714285715,13,,2023-05-07,Doosan Bears,LG Twins,잠실
20230507SKWO02023,2.83,1.2,35.0,6.0,6.685714285714286,1.8,0.5142857142857142,12,,1.93,1.23,18.2,5.0,7.417582417582418,7.417582417582418,0.0,12,,2023-05-07,Kiwoom Heroes,SSG Landers,고척
20230509NCKT02023,5.4,1.32,33.1,6.0,7.613293051359516,2.4471299093655587,1.6314199395770392,12,,0.47,0.89,38.0,6.0,11.368421052631579,2.3684210526315788,0.0,12,,2023-05-09,KT Wiz,NC Dinos,수원
20230509OBLT02023,5.82,1.48,21.2,5.0,8.066037735849056,5.09433962264151,1.2735849056603774,12,,1.8,1.11,35.0,6.0,11.314285714285715,2.8285714285714287,0.7714285714285715,12,,2023-05-09,Lotte Giants,Doosan Bears,사직
20230509SKHT02023,2.63,1.25,24.0,4.0,9.75,3.75,0.375,12,,4.3,1.7,23.0,5.0,6.6521739130434785,4.695652173913044,1.173913043478261,12,,2023-05-09,Kia Tigers,SSG Landers,광주
20230509SSHH02023,4.94,1.61,31.0,6.0,7.258064516129032,5.225806451612903,1.4516129032258065,13,,2.87,1.14,37.2,6.0,7.499999999999999,1.9354838709677418,0.0,11,,2023-05-09,Hanwha Eagles,Samsung Lions,대전
20230509WOLG02023,1.49,1.02,36.1,6.0,5.734072022160665,3.240997229916897,0.4986149584487534,13,,2.7,1.2,36.2,6.0,8.453038674033149,1.9889502762430937,0.24861878453038672,12,,2023-05-09,LG Twins,Kiwoom Heroes,잠실
20230510NCKT02023,12.27,2.32,7.1,2.0,2.535211267605634,2.535211267605634,1.267605633802817,12,,4.32,1.32,25.0,5.0,9.0,1.8,1.44,12,,2023-05-10,KT Wiz,NC Dinos,수원
20230510OBLT02023,7.58,2.16,19.0,4.0,6.157894736842105,6.157894736842105,0.9473684210526315,12,,4.03,1.1,29.0,5.0,6.206896551724138,2.1724137931034484,0.6206896551724138,12,,2023-05-10,Lotte Giants,Doosan Bears,사직
20230510SKHT02023,2.58,0.99,38.1,6.0,6.377952755905511,1.4173228346456692,0.9448818897637795,12,,9.0,0.0,1.0,1.0,0.0,0.0,0.0,12,,2023-05-10,Kia Tigers,SSG Landers,광주
20230510SSHH02023,4.97,1.45,29.0,6.0,7.448275862068965,4.9655172413793105,1.2413793103448276,13,,4.55,1.55,29.2,5.0,4.623287671232877,3.6986301369863015,1.2328767123287672,11,,2023-05-10,Hanwha Eagles,Samsung Lions,대전
20230510WOLG02023,4.05,1.8,20.0,5.0,6.75,5.85,0.9,13,,4.89,1.34,35.0,6.0,5.142857142857143,2.3142857142857145,0.7714285714285715,12,,2023-05-10,LG Twins,Kiwoom Heroes,잠실
20230511NCKT02023,4.2,1.27,30.0,5.0,6.6,1.5,1.2,11,,3.82,1.16,35.1,6.0,9.487179487179487,3.0769230769230766,0.7692307692307692,12,,2023-05-11,KT Wiz,NC Dinos,수원
20230511OBLT02023,2.39,0.98,37.2,6.0,7.983870967741935,2.419354838709677,0.24193548387096772,12,,11.25,1.75,4.0,1.0,0.0,4.5,4.5,12,,2023-05-11,Lotte Giants,Doosan Bears,사직
20230511SKHT02023,4.0,1.5,18.0,4.0,6.0,5.0,0.5,12,,3.44,1.15,34.0,6.0,8.470588235294118,2.6470588235294117,0.5294117647058824,12,,2023-05-11,Kia Tigers,SSG Landers,광주
20230511SSHH02023,0.0,0.0,0.0,0.0,,,,14,,3.72,1.38,29.0,5.0,5.586206896551724,2.793103448275862,0.3103448275862069,11,,2023-05-11,Hanwha Eagles,Samsung Lions,대전
20230511WOLG02023,2.91,1.38,21.2,7.0,8.915094339622641,4.669811320754717,0.0,13,,1.5,0.33,6.0,1.0,4.5,0.0,0.0,12,,2023-05-11,LG Twins,Kiwoom Heroes,잠실
20230512HHSK02023,4.5,1.43,28.0,5.0,6.428571428571429,3.5357142857142856,1.2857142857142858,13,,2.81,1.09,25.2,5.0,4.642857142857143,1.7857142857142858,1.4285714285714286,13,,2023-05-12,SSG Landers,Hanwha Eagles,문학
20230512HTOB02023,1.85,1.27,24.1,5.0,8.962655601659751,2.987551867219917,0.7468879668049793,12,,2.63,1.76,27.1,6.0,11.29151291512915,8.634686346863468,0.0,12,,2023-05-12,Doosan Bears,Kia Tigers,잠실
20230512LGSS02023,4.13,1.33,24.0,5.0,7.5,3.75,0.375,11,,1.23,1.09,7.1,3.0,3.802816901408451,3.802816901408451,0.0,13,,2023-05-12,Samsung Lions,LG Twins,대구
20230512LTKT02023,2.88,1.14,34.1,6.0,5.278592375366569,0.7917888563049853,0.7917888563049853,11,,5.25,2.08,24.0,5.0,8.25,4.875,0.75,12,,2023-05-12,KT Wiz,Lotte Giants,수원
20230512NCWO02023,1.23,0.8,44.0,7.0,12.068181818181818,1.4318181818181819,0.4090909090909091,12,,1.14,0.89,23.2,5.0,6.594827586206897,4.655172413793103,0.0,12,,2023-05-12,Kiwoom Heroes,NC Dinos,고척
20230513HHSK02023,3.22,1.52,22.1,6.0,7.330316742081448,7.737556561085972,0.0,12,,2.28,0.98,27.2,5.0,9.926470588235293,3.308823529411765,0.0,13,,2023-05-13,SSG Landers,Hanwha Eagles,문학
20230513HTOB02023,6.28,1.5,28.2,7.0,6.702127659574468,2.5531914893617023,1.5957446808510638,12,,6.92,1.77,26.0,5.0,6.576923076923077,4.5,1.0384615384615385,12,,2023-05-13,Doosan Bears,Kia Tigers,잠실
20230513LGSS02023,6.0,2.67,3.0,2.0,6.0,9.0,0.0,12,,4.93,1.4,42.0,7.0,5.571428571428571,2.357142857142857,0.6428571428571429,13,,2023-05-13,Samsung Lions,LG Twins,대구
20230513LTKT02023,2.57,1.1,21.0,4.0,9.428571428571429,3.0,0.0,11,,7.17,1.83,21.1,5.0,7.677725118483412,4.691943127962085,0.42654028436018954,13,,2023-05-13,KT Wiz,Lotte Giants,수원
20230513NCWO02023,2.93,1.27,40.0,7.0,6.75,2.025,0.45,12,,3.6,1.53,30.0,6.0,6.6,4.8,0.3,12,,2023-05-13,Kiwoom Heroes,NC Dinos,고척
20230514HHSK02023,4.34,1.62,29.0,6.0,7.137931034482759,4.344827586206897,1.2413793103448276,12,,5.45,1.71,36.1,7.0,7.479224376731302,5.2354570637119116,1.2465373961218835,13,,2023-05-14,SSG Landers,Hanwha Eagles,문학
20230514HTOB02023,1.71,1.0,42.0,7.0,10.071428571428571,2.357142857142857,0.6428571428571429,12,,1.97,1.16,32.0,5.0,10.125,3.09375,0.28125,12,,2023-05-14,Doosan Bears,Kia Tigers,잠실
20230514LGSS02023,2.56,1.07,45.2,7.0,8.362831858407079,1.5929203539823007,0.0,12,,1.7,1.02,42.1,7.0,5.771971496437055,2.9928741092636577,0.42755344418052255,13,,2023-05-14,Samsung Lions,LG Twins,대구
20230514LTKT02023,5.32,1.95,22.0,5.0,4.090909090909091,6.954545454545454,0.4090909090909091,11,,5.2,1.37,27.2,6.0,7.9411764705882355,3.9705882352941178,1.3235294117647058,12,,2023-05-14,KT Wiz,Lotte Giants,수원
20230514NCWO02023,2.81,1.3,41.2,7.0,7.864077669902912,2.1844660194174756,0.21844660194174756,12,,1.02,0.95,44.0,7.0,11.454545454545455,2.25,0.4090909090909091,12,,2023-05-14,Kiwoom Heroes,NC Dinos,고척
20230516HTSS02023,4.54,1.49,35.2,6.0,4.857954545454545,3.579545454545454,1.534090909090909,12,,3.02,1.06,41.2,7.0,6.771844660194175,2.1844660194174756,0.8737864077669902,12,,2023-05-16,Samsung Lions,Kia Tigers,대구
20230516KTLG02023,3.46,1.58,26.0,6.0,6.576923076923077,4.5,0.6923076923076923,13,,5.65,1.45,36.2,7.0,8.204419889502761,3.2320441988950273,1.4917127071823204,12,,2023-05-16,LG Twins,KT Wiz,잠실
20230516LTHH02023,4.25,1.22,36.0,7.0,7.25,4.25,1.25,13,,5.61,1.75,25.2,5.0,7.5,5.357142857142858,0.7142857142857143,12,,2023-05-16,Hanwha Eagles,Lotte Giants,대전
20230516OBWO02023,4.39,1.37,41.0,7.0,5.7073170731707314,2.4146341463414633,0.6585365853658537,12,,4.0,1.11,36.0,6.0,6.5,2.0,0.75,12,,2023-05-16,Kiwoom Heroes,Doosan Bears,고척
20230516SKNC02023,5.1,1.33,30.0,6.0,9.6,2.4,1.5,12,,2.25,0.89,36.0,6.0,8.25,3.0,0.75,12,,2023-05-16,NC Dinos,SSG Landers,창원
20230517HTSS02023,3.75,1.33,36.0,6.0,6.25,2.75,0.5,12,,4.3,1.48,23.0,5.0,6.6521739130434785,4.304347826086956,0.391304347826087,12,,2023-05-17,Samsung Lions,Kia Tigers,대구
20230517KTLG02023,2.28,1.27,27.2,8.0,8.602941176470589,4.301470588235294,0.0,13,,4.63,1.43,35.0,6.0,6.942857142857143,1.8,1.2857142857142858,12,,2023-05-17,LG Twins,KT Wiz,잠실
20230517LTHH02023,0.0,0.75,4.0,1.0,2.25,2.25,0.0,13,,2.95,1.05,42.2,7.0,7.464454976303317,2.132701421800948,0.21327014218009477,12,,2023-05-17,Hanwha Eagles,Lotte Giants,대전
20230517OBWO02023,1.5,0.75,12.0,2.0,3.75,0.75,0.0,12,,0.0,0.0,0.0,0.0,,,,12,,2023-05-17,Kiwoom Heroes,Doosan Bears,고척
20230517SKNC02023,3.46,1.13,41.2,7.0,10.266990291262136,2.8398058252427183,0.6553398058252426,12,,3.38,1.13,40.0,7.0,8.1,2.475,0.45,12,,2023-05-17,NC Dinos,SSG Landers,창원
20230518KTLG02023,3.65,1.3,12.1,4.0,4.462809917355372,3.71900826446281,0.7438016528925621,13,,2.55,1.04,42.1,7.0,5.344418052256532,0.6413301662707839,0.6413301662707839,12,,2023-05-18,LG Twins,KT Wiz,잠실
20230518LTHH02023,2.32,1.13,31.0,6.0,5.516129032258065,2.032258064516129,1.1612903225806452,13,,5.6,1.72,27.1,6.0,7.9704797047970475,4.981549815498155,0.33210332103321033,12,,2023-05-18,Hanwha Eagles,Lotte Giants,대전
20230518OBWO02023,1.58,0.88,51.1,8.0,11.62426614481409,1.9373776908023483,0.3522504892367906,12,,1.44,1.15,31.1,6.0,8.392282958199356,2.315112540192926,0.5787781350482315,12,,2023-05-18,Kiwoom Heroes,Doosan Bears,고척
20230519HHLG02023,4.78,1.37,49.0,8.0,5.142857142857143,2.204081632653061,0.5510204081632653,13,,4.2,1.23,30.0,6.0,9.0,3.9,0.0,13,,2023-05-19,LG Twins,Hanwha Eagles,잠실
20230519OBKT02023,3.81,1.23,26.0,5.0,9.0,3.1153846153846154,0.0,12,,5.45,1.41,34.2,8.0,6.842105263157894,2.3684210526315788,1.3157894736842104,12,,2023-05-19,KT Wiz,Doosan Bears,수원
20230519SKLT02023,4.66,1.97,29.0,6.0,8.379310344827585,4.655172413793103,0.6206896551724138,12,,4.64,1.52,33.0,6.0,6.2727272727272725,3.8181818181818183,1.3636363636363635,12,,2023-05-19,Lotte Giants,SSG Landers,사직
20230519SSNC02023,1.53,1.02,29.1,6.0,7.11340206185567,4.020618556701031,0.0,12,,3.19,1.13,31.0,6.0,8.129032258064516,2.903225806451613,0.2903225806451613,12,,2023-05-19,NC Dinos,Samsung Lions,창원
20230519WOHT02023,2.87,1.79,31.1,7.0,10.996784565916398,8.392282958199356,0.0,12,,2.68,1.15,47.0,8.0,7.468085106382978,1.7234042553191489,0.574468085106383,13,,2023-05-19,Kia Tigers,Kiwoom Heroes,광주
20230520HHLG02023,2.23,1.08,48.1,8.0,5.613305613305613,2.6195426195426195,0.3742203742203742,13,,2.0,1.22,18.0,13.0,6.5,2.0,0.0,13,,2023-05-20,LG Twins,Hanwha Eagles,잠실
20230520OBKT02023,5.67,1.89,27.0,6.0,4.0,6.0,0.3333333333333333,12,,1.5,1.02,48.0,8.0,10.5,2.0625,0.5625,12,,2023-05-20,KT Wiz,Doosan Bears,수원
20230520SKLT02023,4.24,1.32,34.0,7.0,7.9411764705882355,3.9705882352941178,1.0588235294117647,12,,4.08,1.58,35.1,7.0,7.179487179487179,4.358974358974359,1.0256410256410255,12,,2023-05-20,Lotte Giants,SSG Landers,사직
20230520SSNC02023,1.26,0.98,50.0,8.0,11.34,2.16,0.54,12,,0.0,0.0,0.0,0.0,,,,13,,2023-05-20,NC Dinos,Samsung Lions,창원
20230520WOHT02023,6.12,1.58,32.1,6.0,7.009345794392523,3.644859813084112,1.1214953271028036,12,,3.02,1.26,47.2,8.0,7.436440677966101,1.906779661016949,0.1906779661016949,13,,2023-05-20,Kia Tigers,Kiwoom Heroes,광주
20230521HHLG02023,4.66,1.69,29.0,7.0,6.517241379310345,4.344827586206897,0.9310344827586207,13,,3.86,1.24,42.0,8.0,7.071428571428571,3.857142857142857,1.0714285714285714,13,,2023-05-21,LG Twins,Hanwha Eagles,잠실
20230521OBKT02023,5.06,1.38,42.2,8.0,8.530805687203792,2.985781990521327,1.7061611374407581,12,,3.64,1.14,42.0,7.0,6.642857142857143,2.357142857142857,0.6428571428571429,12,,2023-05-21,KT Wiz,Doosan Bears,수원
20230521SKLT02023,4.68,1.5,32.2,6.0,8.105590062111801,4.472049689440993,0.5590062111801242,12,,2.7,1.07,40.0,7.0,8.1,3.15,0.675,12,,2023-05-21,Lotte Giants,SSG Landers,사직
20230521SSNC02023,0.0,1.6,5.0,3.0,9.0,9.0,0.0,12,,2.79,1.08,51.2,8.0,9.140625,1.93359375,0.17578125,11,,2023-05-21,NC Dinos,Samsung Lions,창원
20230521WOHT02023,2.17,1.29,37.1,6.0,9.946091644204852,2.911051212938005,0.2425876010781671,12,,4.15,1.34,47.2,8.0,6.483050847457627,2.2881355932203387,0.7627118644067796,13,,2023-05-21,Kia Tigers,Kiwoom Heroes,광주
20230523HTHH02023,1.0,0.67,9.0,2.0,4.0,1.0,0.0,13,,3.04,1.16,47.1,8.0,7.261146496815287,2.6751592356687897,0.7643312101910827,12,,2023-05-23,Hanwha Eagles,Kia Tigers,대전
20230523LGSK02023,2.96,1.16,45.2,8.0,7.9646017699115035,2.787610619469026,0.3982300884955752,12,,2.48,1.38,32.2,9.0,7.826086956521738,4.192546583850931,0.0,13,,2023-05-23,SSG Landers,LG Twins,문학
20230523NCLT02023,2.76,1.02,49.0,8.0,7.8979591836734695,2.020408163265306,0.1836734693877551,12,,5.46,1.44,31.1,7.0,9.54983922829582,2.315112540192926,1.7363344051446945,12,,2023-05-23,Lotte Giants,NC Dinos,사직
20230523SSOB02023,4.5,1.5,4.0,4.0,6.75,6.75,2.25,12,,4.1,1.39,41.2,7.0,5.242718446601941,3.495145631067961,1.529126213592233,11,,2023-05-23,Doosan Bears,Samsung Lions,잠실
20230523WOKT02023,5.18,1.6,40.0,7.0,6.75,2.7,1.125,12,,4.5,1.0,16.0,3.0,3.375,1.6875,0.5625,13,,2023-05-23,KT Wiz,Kiwoom Heroes,수원
20230524HTHH02023,2.97,1.24,36.1,7.0,6.232686980609418,2.742382271468144,1.4958448753462603,13,,3.49,1.41,28.1,6.0,6.085409252669039,4.1637010676156585,0.32028469750889677,12,,2023-05-24,Hanwha Eagles,Kia Tigers,대전
20230524LGSK02023,0.0,0.0,0.0,0.0,,,,12,,4.11,1.5,15.1,5.0,5.364238410596027,5.960264900662252,0.5960264900662252,13,,2023-05-24,SSG Landers,LG Twins,문학
20230524NCLT02023,4.59,1.5,33.1,7.0,8.157099697885196,4.622356495468278,0.2719033232628399,12,,0.0,1.06,5.2,2.0,12.115384615384615,1.7307692307692306,0.0,12,,2023-05-24,Lotte Giants,NC Dinos,사직
20230524SSOB02023,2.08,1.3,34.2,7.0,8.421052631578947,2.894736842105263,0.5263157894736842,12,,4.5,1.43,42.0,7.0,6.857142857142857,2.5714285714285716,0.6428571428571429,11,,2023-05-24,Doosan Bears,Samsung Lions,잠실
20230524WOKT02023,3.83,1.26,47.0,8.0,5.361702127659575,1.148936170212766,0.574468085106383,12,,1.73,0.91,57.1,9.0,11.506129597197898,1.8914185639229422,0.31523642732049034,13,,2023-05-24,KT Wiz,Kiwoom Heroes,수원
20230525HTHH02023,4.5,1.32,34.0,7.0,9.0,4.5,0.0,13,,2.58,1.57,38.1,8.0,11.10236220472441,7.322834645669291,0.0,12,,2023-05-25,Hanwha Eagles,Kia Tigers,대전
20230525LGSK02023,3.95,1.46,27.1,7.0,7.306273062730627,6.309963099630996,0.0,12,,4.34,1.3,56.0,9.0,5.142857142857143,1.9285714285714286,0.6428571428571429,13,,2023-05-25,SSG Landers,LG Twins,문학
20230525NCLT02023,4.11,1.89,35.0,7.0,8.485714285714286,4.628571428571429,0.5142857142857142,13,,2.45,1.18,33.0,7.0,7.363636363636363,4.090909090909091,0.8181818181818182,12,,2023-05-25,Lotte Giants,NC Dinos,사직
20230525SSOB02023,5.54,1.49,39.0,9.0,7.384615384615385,2.076923076923077,1.3846153846153846,11,,2.92,1.19,37.0,7.0,7.783783783783784,3.1621621621621623,0.24324324324324326,11,,2023-05-25,Doosan Bears,Samsung Lions,잠실
20230525WOKT02023,3.48,1.23,31.0,6.0,8.419354838709678,3.193548387096774,0.0,12,,3.96,1.36,50.0,9.0,7.38,1.98,0.54,13,,2023-05-25,KT Wiz,Kiwoom Heroes,수원
20230526HHNC02023,1.63,0.99,55.1,9.0,11.59709618874773,2.1234119782214154,0.8166969147005444,12,,5.45,1.66,39.2,8.0,7.346938775510203,4.821428571428571,1.3775510204081631,13,,2023-05-26,NC Dinos,Hanwha Eagles,창원
20230526KTSS02023,9.72,2.52,8.1,3.0,1.1111111111111112,8.88888888888889,1.1111111111111112,12,,5.73,1.88,33.0,7.0,5.454545454545454,5.454545454545454,0.5454545454545454,12,,2023-05-26,Samsung Lions,KT Wiz,대구
20230526LGHT02023,5.79,1.55,37.1,7.0,6.307277628032344,3.8814016172506736,0.9703504043126684,12,,2.15,1.07,54.1,9.0,5.8225508317929755,2.6617375231053604,0.33271719038817005,13,,2023-05-26,Kia Tigers,LG Twins,광주
20230526LTWO02023,3.02,1.27,53.2,9.0,7.274436090225564,2.0300751879699246,0.3383458646616541,13,,4.62,1.36,39.0,8.0,7.615384615384615,3.923076923076923,0.9230769230769231,13,,2023-05-26,Kiwoom Heroes,Lotte Giants,고척
20230526SKOB02023,1.29,0.93,56.0,9.0,9.803571428571429,2.0892857142857144,0.48214285714285715,11,,4.86,1.51,37.0,7.0,6.081081081081081,3.891891891891892,1.2162162162162162,12,,2023-05-26,Doosan Bears,SSG Landers,잠실
20230527HHNC02023,0.0,0.33,6.0,1.0,6.0,3.0,0.0,12,,3.94,1.29,48.0,9.0,6.9375,3.75,0.9375,13,,2023-05-27,NC Dinos,Hanwha Eagles,창원
20230527KTSS02023,2.61,1.09,58.2,9.0,8.65979381443299,1.8556701030927834,0.15463917525773196,13,,5.1,1.41,47.2,9.0,8.961864406779661,2.8601694915254234,1.716101694915254,12,,2023-05-27,Samsung Lions,KT Wiz,대구
20230527LGHT02023,2.03,1.29,44.1,7.0,8.979591836734693,2.6530612244897958,0.20408163265306123,12,,3.86,1.54,35.0,8.0,6.171428571428572,4.114285714285714,0.7714285714285715,13,,2023-05-27,Kia Tigers,LG Twins,광주
20230527LTWO02023,3.69,1.29,53.2,9.0,6.7669172932330826,2.3684210526315788,0.6766917293233082,13,,5.02,1.49,37.2,7.0,8.225806451612902,4.112903225806451,0.7258064516129031,13,,2023-05-27,Kiwoom Heroes,Lotte Giants,고척
20230528KTSS02023,4.86,1.53,46.1,8.0,5.466377440347071,3.123644251626898,1.3665943600867678,12,,4.86,1.53,46.1,8.0,6.832971800433839,2.5379609544468544,0.9761388286334056,12,,2023-05-28,Samsung Lions,KT Wiz,대구
20230528LGHT02023,3.83,1.35,51.2,9.0,7.3828125,3.33984375,0.703125,12,,2.33,1.27,38.2,10.0,7.303664921465968,3.7696335078534027,0.23560209424083767,13,,2023-05-28,Kia Tigers,LG Twins,광주
20230528LTWO02023,3.27,0.91,22.0,4.0,3.6818181818181817,1.6363636363636365,0.4090909090909091,13,,2.45,1.02,55.0,9.0,7.8545454545454545,1.9636363636363636,0.16363636363636364,13,,2023-05-28,Kiwoom Heroes,Lotte Giants,고척
20230530KTHT02023,2.97,1.55,39.1,9.0,11.278772378516624,7.365728900255754,0.0,12,,3.33,1.17,54.0,9.0,5.5,1.0,0.5,12,,2023-05-30,Kia Tigers,KT Wiz,광주
20230530LTLG02023,0.0,1.31,5.1,1.0,1.7647058823529413,3.5294117647058827,0.0,13,,4.58,1.53,37.1,8.0,7.762803234501347,4.609164420485175,0.2425876010781671,12,,2023-05-30,LG Twins,Lotte Giants,잠실
20230530OBNC02023,3.86,1.14,7.0,2.0,6.428571428571429,2.5714285714285716,0.0,12,,4.3,1.2,46.0,8.0,6.260869565217392,2.152173913043478,0.782608695652174,12,,2023-05-30,NC Dinos,Doosan Bears,창원
20230530SSSK02023,2.76,1.12,45.2,8.0,7.765486725663716,3.384955752212389,0.5973451327433628,12,,3.94,1.44,48.0,8.0,6.75,2.625,0.5625,12,,2023-05-30,SSG Landers,Samsung Lions,문학
20230530WOHH02023,0.64,0.64,14.0,3.0,7.714285714285714,0.6428571428571429,0.0,13,,1.88,0.95,62.1,10.0,11.73913043478261,2.1739130434782608,0.2898550724637681,13,,2023-05-30,Hanwha Eagles,Kiwoom Heroes,대전
20230531KTHT02023,3.15,1.34,34.1,7.0,5.806451612903226,4.222873900293255,0.5278592375366569,12,,2.92,1.16,37.0,7.0,8.027027027027026,2.918918918918919,0.0,12,,2023-05-31,Kia Tigers,KT Wiz,광주
20230531LTLG02023,4.21,1.29,62.0,10.0,5.225806451612903,2.032258064516129,0.7258064516129032,13,,3.43,1.64,42.0,8.0,8.785714285714286,4.071428571428571,0.42857142857142855,12,,2023-05-31,LG Twins,Lotte Giants,잠실
20230531OBNC02023,3.09,1.29,35.0,8.0,7.457142857142857,4.628571428571429,0.7714285714285715,12,,2.53,1.09,32.0,6.0,8.71875,3.9375,0.28125,11,,2023-05-31,NC Dinos,Doosan Bears,창원
20230531SSSK02023,5.4,1.8,5.0,1.0,3.6,7.2,1.8,12,,2.8,1.16,45.0,8.0,7.0,3.0,0.2,12,,2023-05-31,SSG Landers,Samsung Lions,문학
20230531WOHH02023,2.76,1.18,42.1,8.0,6.840855106888361,2.351543942992874,1.4964370546318289,13,,3.93,1.4,55.0,10.0,7.527272727272727,1.8,0.4909090909090909,12,,2023-05-31,Hanwha Eagles,Kiwoom Heroes,대전
20230601LTLG02023,2.1,1.15,60.0,10.0,6.15,2.55,0.3,13,,4.33,1.37,43.2,8.0,8.125,3.7499999999999996,0.625,12,,2023-06-01,LG Twins,Lotte Giants,잠실
20230601SSSK02023,2.74,1.35,23.0,19.0,7.826086956521739,4.695652173913044,0.391304347826087,11,,8.1,2.17,13.1,4.0,2.7480916030534353,6.183206106870229,1.3740458015267176,12,,2023-06-01,SSG Landers,Samsung Lions,문학
20230601WOHH02023,4.74,1.39,38.0,8.0,8.526315789473685,4.7368421052631575,0.0,13,,2.97,1.25,60.2,10.0,7.325581395348837,1.9435215946843853,0.2990033222591362,12,,2023-06-01,Hanwha Eagles,Kiwoom Heroes,대전
20230602HTLT02023,4.0,1.29,45.0,9.0,8.2,3.8,0.8,12,,2.29,1.29,51.0,8.0,8.294117647058824,2.6470588235294117,0.17647058823529413,12,,2023-06-02,Lotte Giants,Kia Tigers,사직
20230602NCLG02023,4.58,1.6,39.1,9.0,5.754475703324808,4.143222506393862,0.690537084398977,13,,3.28,1.09,46.2,8.0,10.519480519480519,2.727272727272727,0.7792207792207791,12,,2023-06-02,LG Twins,NC Dinos,잠실
20230602OBKT02023,4.93,1.75,38.1,8.0,5.433070866141732,4.960629921259843,0.47244094488188976,12,,2.2,1.01,61.1,10.0,9.27986906710311,1.9148936170212765,0.5891980360065466,10,,2023-06-02,KT Wiz,Doosan Bears,수원
20230602SSHH02023,6.96,1.83,42.2,9.0,7.251184834123222,5.331753554502369,1.2796208530805686,13,,3.16,1.21,62.2,10.0,8.536977491961414,1.8810289389067523,0.14469453376205788,12,,2023-06-02,Hanwha Eagles,Samsung Lions,대전
20230602WOSK02023,4.97,1.58,41.2,8.0,5.679611650485437,4.805825242718447,1.0922330097087378,11,,3.32,1.24,59.2,10.0,6.993243243243243,2.4324324324324325,0.6081081081081081,12,,2023-06-02,SSG Landers,Kiwoom Heroes,문학
20230603HTLT02023,2.36,1.03,61.0,10.0,8.40983606557377,2.0655737704918034,0.14754098360655737,12,,5.82,1.5,43.1,8.0,6.682134570765661,3.7587006960556844,1.0440835266821344,12,,2023-06-03,Lotte Giants,Kia Tigers,사직
20230603NCLG02023,1.97,1.16,45.2,11.0,7.168141592920353,3.1858407079646014,0.1991150442477876,13,,1.47,1.01,61.1,10.0,11.783960720130933,2.20949263502455,0.7364975450081833,12,,2023-06-03,LG Twins,NC Dinos,잠실
20230603OBKT02023,4.96,1.39,52.2,10.0,8.620689655172413,2.9310344827586206,1.7241379310344827,12,,1.82,1.26,39.2,8.0,8.494897959183673,2.7551020408163263,0.4591836734693877,11,,2023-06-03,KT Wiz,Doosan Bears,수원
20230603SSHH02023,3.5,1.31,54.0,10.0,6.833333333333333,4.0,0.8333333333333334,13,,4.3,1.45,52.1,9.0,5.873320537428023,3.1094049904030707,1.2092130518234165,12,,2023-06-03,Hanwha Eagles,Samsung Lions,대전
20230603WOSK02023,3.73,1.26,50.2,9.0,7.529880478087649,3.4063745019920315,0.5378486055776892,12,,4.39,1.01,26.2,5.0,4.465648854961832,1.717557251908397,0.3435114503816794,12,,2023-06-03,SSG Landers,Kiwoom Heroes,문학
20230604HTLT02023,4.36,1.55,43.1,9.0,6.890951276102088,4.385150812064965,0.2088167053364269,13,,2.84,1.53,44.1,10.0,12.244897959183673,7.551020408163265,0.0,12,,2023-06-04,Lotte Giants,Kia Tigers,사직
20230604NCLG02023,3.79,1.37,19.0,6.0,5.684210526315789,4.7368421052631575,1.4210526315789473,13,,1.5,0.58,12.0,2.0,4.5,3.75,0.0,12,,2023-06-04,LG Twins,NC Dinos,잠실
20230604OBKT02023,1.2,0.93,15.0,10.0,8.4,1.8,0.6,12,,5.2,1.44,45.0,10.0,7.0,2.0,1.2,10,,2023-06-04,KT Wiz,Doosan Bears,수원
20230604SSHH02023,0.9,0.8,20.0,4.0,7.65,0.9,0.0,13,,3.93,1.4,55.0,9.0,6.709090909090909,2.290909090909091,0.4909090909090909,12,,2023-06-04,Hanwha Eagles,Samsung Lions,대전
20230604WOSK02023,2.6,1.06,52.0,9.0,7.788461538461538,3.2884615384615383,0.6923076923076923,12,,12.79,2.84,6.1,2.0,8.852459016393443,14.754098360655739,0.0,13,,2023-06-04,SSG Landers,Kiwoom Heroes,문학
20230606HHOB02023,7.2,1.4,5.0,1.0,7.2,0.0,0.0,11,,4.18,1.27,47.1,9.0,7.261146496815287,2.2929936305732483,1.5286624203821655,13,,2023-06-06,Doosan Bears,Hanwha Eagles,잠실
20230606KTLT02023,3.19,1.56,48.0,9.0,8.625,3.75,0.375,13,,3.54,1.21,56.0,10.0,5.785714285714286,1.125,0.48214285714285715,12,,2023-06-06,Lotte Giants,KT Wiz,사직
20230606LGWO02023,3.84,1.38,61.0,11.0,7.081967213114754,1.7704918032786885,0.4426229508196721,13,,4.24,1.31,68.0,11.0,5.294117647058823,2.25,0.6617647058823529,13,,2023-06-06,Kiwoom Heroes,LG Twins,고척
20230606NCSS02023,2.88,1.22,50.0,9.0,7.02,3.42,0.18,12,,0.0,0.5,6.0,1.0,13.5,1.5,0.0,12,,2023-06-06,Samsung Lions,NC Dinos,대구
20230606SKHT02023,2.95,1.29,39.2,8.0,5.5102040816326525,4.13265306122449,0.6887755102040816,12,,4.5,1.33,12.0,2.0,6.0,3.75,2.25,12,,2023-06-06,Kia Tigers,SSG Landers,광주
20230607HHOB02023,13.5,5.25,1.1,2.0,0.0,32.72727272727273,0.0,12,,4.0,1.24,45.0,9.0,8.0,4.2,0.0,13,,2023-06-07,Doosan Bears,Hanwha Eagles,잠실
20230607KTLT02023,4.62,1.42,48.2,9.0,7.468879668049792,3.734439834024896,0.5601659751037344,12,,3.86,1.31,42.0,8.0,8.142857142857142,3.0,0.0,12,,2023-06-07,Lotte Giants,KT Wiz,사직
20230607LGWO02023,3.38,1.3,66.2,11.0,7.613293051359516,2.175226586102719,0.4078549848942598,12,,1.88,1.09,67.0,11.0,6.313432835820896,2.283582089552239,0.26865671641791045,13,,2023-06-07,Kiwoom Heroes,LG Twins,고척
20230607NCSS02023,3.13,1.17,23.0,15.0,7.826086956521739,3.130434782608696,0.391304347826087,13,,2.93,1.35,40.0,9.0,7.425,5.175,0.675,12,,2023-06-07,Samsung Lions,NC Dinos,대구
20230607SKHT02023,3.74,1.45,53.0,9.0,8.150943396226415,2.8867924528301887,0.33962264150943394,12,,2.33,1.26,27.0,20.0,7.333333333333333,4.333333333333333,0.3333333333333333,12,,2023-06-07,Kia Tigers,SSG Landers,광주
20230608HHOB02023,1.98,0.94,68.1,11.0,9.251101321585903,1.8502202643171808,0.5286343612334802,11,,7.49,1.88,45.2,10.0,7.367256637168141,5.176991150442477,1.1946902654867255,13,,2023-06-08,Doosan Bears,Hanwha Eagles,잠실
20230608KTLT02023,3.81,1.29,52.0,10.0,8.48076923076923,3.4615384615384617,0.6923076923076923,13,,4.57,1.68,43.1,9.0,5.0116009280742455,4.802784222737819,0.4176334106728538,12,,2023-06-08,Lotte Giants,KT Wiz,사직
20230608LGWO02023,3.12,1.16,66.1,11.0,7.080181543116491,2.314674735249622,0.6807866868381242,12,,4.47,1.56,44.1,10.0,5.918367346938775,4.081632653061225,0.8163265306122449,13,,2023-06-08,Kiwoom Heroes,LG Twins,고척
20230608NCSS02023,0.0,0.0,0.0,0.0,,,,13,,1.62,1.32,16.2,4.0,8.333333333333334,3.888888888888889,0.5555555555555556,12,,2023-06-08,Samsung Lions,NC Dinos,대구
20230608SKHT02023,4.12,1.41,54.2,10.0,7.306273062730627,3.6531365313653135,0.8302583025830258,12,,4.82,1.56,46.2,9.0,5.649350649350649,5.064935064935065,0.974025974025974,12,,2023-06-08,Kia Tigers,SSG Landers,광주
20230609HTOB02023,2.74,1.36,42.2,9.0,8.104265402843602,2.559241706161137,0.6398104265402843,11,,5.59,1.49,48.1,9.0,6.361746361746362,3.929313929313929,0.9355509355509355,12,,2023-06-09,Doosan Bears,Kia Tigers,잠실
20230609LGHH02023,3.25,1.25,61.0,11.0,6.639344262295082,3.540983606557377,0.8852459016393442,13,,3.02,1.24,50.2,12.0,6.633466135458167,3.4063745019920315,0.5378486055776892,13,,2023-06-09,Hanwha Eagles,LG Twins,대전
20230609LTSS02023,4.17,1.39,58.1,10.0,6.196213425129088,2.9432013769363166,1.2392426850258176,13,,2.55,1.06,67.0,11.0,8.059701492537313,2.1492537313432836,0.13432835820895522,13,,2023-06-09,Samsung Lions,Lotte Giants,대구
20230609SKNC02023,1.63,1.03,66.1,11.0,11.437216338880486,2.178517397881997,0.6807866868381242,12,,3.49,1.22,56.2,10.0,7.2064056939501775,3.3629893238434163,0.48042704626334515,12,,2023-06-09,NC Dinos,SSG Landers,창원
20230609WOKT02023,4.58,1.42,57.0,11.0,9.157894736842104,2.6842105263157894,1.5789473684210527,12,,3.58,0.83,32.2,6.0,5.0310559006211175,1.3975155279503104,0.2795031055900621,12,,2023-06-09,KT Wiz,Kiwoom Heroes,수원
20230610HTOB02023,5.44,1.48,48.0,11.0,7.3125,2.4375,1.125,10,,2.55,1.5,49.1,11.0,12.464358452138493,7.515274949083503,0.0,12,,2023-06-10,Doosan Bears,Kia Tigers,잠실
20230610LGHH02023,1.85,0.95,24.1,5.0,7.468879668049792,1.4937759336099585,0.0,13,,1.04,1.27,8.2,2.0,2.1951219512195124,2.1951219512195124,0.0,13,,2023-06-10,Hanwha Eagles,LG Twins,대전
20230610LTSS02023,4.98,1.47,59.2,10.0,6.689189189189189,2.584459459459459,0.4560810810810811,13,,4.28,1.53,48.1,10.0,6.9230769230769225,4.116424116424116,0.1871101871101871,13,,2023-06-10,Samsung Lions,Lotte Giants,대구
20230610SKNC02023,1.0,0.56,18.0,3.0,4.5,3.0,0.0,12,,2.64,1.1,58.0,10.0,8.224137931034482,3.103448275862069,0.6206896551724138,12,,2023-06-10,NC Dinos,SSG Landers,창원
20230610WOKT02023,2.0,0.94,18.0,12.0,8.0,1.5,1.0,13,,1.87,1.0,67.1,11.0,11.66915052160954,2.280178837555887,0.26825633383010433,13,,2023-06-10,KT Wiz,Kiwoom Heroes,수원
20230611HTOB02023,2.5,1.14,36.0,7.0,8.25,4.25,0.25,11,,2.89,1.24,46.2,9.0,5.064935064935065,3.701298701298701,0.5844155844155844,12,,2023-06-11,Doosan Bears,Kia Tigers,잠실
20230611LGHH02023,4.62,1.32,50.2,10.0,6.812749003984063,2.50996015936255,1.792828685258964,13,,4.07,1.33,73.0,12.0,5.794520547945205,2.4657534246575343,0.6164383561643836,13,,2023-06-11,Hanwha Eagles,LG Twins,대전
20230611LTSS02023,3.11,1.25,55.0,10.0,6.872727272727273,3.7636363636363637,0.16363636363636364,12,,3.17,1.5,54.0,10.0,8.833333333333334,3.8333333333333335,0.3333333333333333,13,,2023-06-11,Samsung Lions,Lotte Giants,대구
20230611SKNC02023,7.59,1.5,10.2,2.0,11.470588235294118,4.411764705882353,0.0,12,,3.48,1.38,41.1,8.0,8.102189781021897,3.722627737226277,0.875912408759124,12,,2023-06-11,NC Dinos,SSG Landers,창원
20230611WOKT02023,2.57,1.07,14.0,11.0,3.857142857142857,3.2142857142857144,0.6428571428571429,12,,10.61,2.68,9.1,3.0,10.87912087912088,10.87912087912088,0.989010989010989,13,,2023-06-11,KT Wiz,Kiwoom Heroes,수원
20230613HHLT02023,4.2,1.38,55.2,10.0,7.826086956521738,3.5869565217391304,0.48913043478260865,13,,3.53,1.24,51.0,10.0,7.9411764705882355,3.7058823529411766,0.0,13,,2023-06-13,Lotte Giants,Hanwha Eagles,사직
20230613HTWO02023,3.1,1.28,72.2,12.0,7.728531855955678,2.3684210526315788,0.3739612188365651,13,,4.55,1.57,57.1,10.0,8.038528896672505,2.9947460595446582,0.31523642732049034,12,,2023-06-13,Kiwoom Heroes,Kia Tigers,고척
20230613KTSK02023,3.32,1.21,19.0,3.0,6.631578947368421,3.3157894736842106,1.894736842105263,12,,3.31,1.18,49.0,9.0,7.714285714285714,2.5714285714285716,0.0,12,,2023-06-13,SSG Landers,KT Wiz,문학
20230613OBNC02023,2.6,1.38,45.0,10.0,7.0,4.8,0.6,13,,4.35,1.35,10.1,2.0,6.237623762376238,1.7821782178217822,0.0,11,,2023-06-13,NC Dinos,Doosan Bears,창원
20230613SSLG02023,1.97,1.08,73.0,12.0,6.657534246575342,2.219178082191781,0.3698630136986301,13,,0.0,0.0,0.0,0.0,,,,13,,2023-06-13,LG Twins,Samsung Lions,잠실
20230614HHLT02023,4.11,1.35,57.0,11.0,8.842105263157896,3.473684210526316,0.631578947368421,13,,6.93,1.8,50.2,11.0,7.171314741035856,4.840637450199203,1.0756972111553784,13,,2023-06-14,Lotte Giants,Hanwha Eagles,사직
20230614HTWO02023,2.82,1.12,73.1,12.0,7.264021887824898,2.0930232558139537,0.6155950752393982,13,,4.2,1.4,60.0,11.0,7.35,3.6,0.75,12,,2023-06-14,Kiwoom Heroes,Kia Tigers,고척
20230614KTSK02023,5.15,1.6,50.2,10.0,5.916334661354582,5.737051792828685,0.896414342629482,12,,4.04,1.59,49.0,10.0,5.326530612244898,4.408163265306122,0.3673469387755102,12,,2023-06-14,SSG Landers,KT Wiz,문학
20230614OBNC02023,1.66,1.43,21.2,5.0,7.6415094339622645,3.8207547169811322,0.42452830188679247,12,,1.77,0.86,76.1,12.0,9.461235216819974,1.6557161629434956,0.4730617608409987,12,,2023-06-14,NC Dinos,Doosan Bears,창원
20230614SSLG02023,0.0,0.0,0.0,0.0,,,,13,,3.46,1.3,67.2,11.0,8.973214285714285,2.008928571428571,0.13392857142857142,13,,2023-06-14,LG Twins,Samsung Lions,잠실
20230615HHLT02023,2.43,1.09,74.0,12.0,7.905405405405405,2.310810810810811,0.12162162162162163,13,,3.36,1.24,67.0,12.0,6.447761194029851,3.4925373134328357,0.8059701492537313,13,,2023-06-15,Lotte Giants,Hanwha Eagles,사직
20230615HTWO02023,3.49,0.78,38.2,7.0,4.712041884816753,1.1780104712041883,0.47120418848167533,13,,5.64,1.52,52.2,10.0,6.206896551724138,4.137931034482758,1.0344827586206895,12,,2023-06-15,Kiwoom Heroes,Kia Tigers,고척
20230615KTSK02023,3.88,1.24,62.2,11.0,6.655948553054662,3.472668810289389,0.4340836012861736,12,,3.29,1.16,63.0,11.0,5.571428571428571,1.1428571428571428,0.42857142857142855,12,,2023-06-15,SSG Landers,KT Wiz,문학
20230615OBNC02023,5.2,1.4,36.1,8.0,8.476454293628809,2.2437673130193905,1.4958448753462603,13,,4.89,1.31,49.2,9.0,6.402439024390244,2.3780487804878048,0.7317073170731707,12,,2023-06-15,NC Dinos,Doosan Bears,창원
20230615SSLG02023,2.89,1.21,56.0,13.0,6.910714285714286,3.2142857142857144,0.48214285714285715,13,,6.35,1.59,5.2,1.0,6.9230769230769225,5.1923076923076925,3.4615384615384612,12,,2023-06-15,LG Twins,Samsung Lions,잠실
20230616LTSK02023,2.57,1.14,63.0,11.0,8.285714285714286,3.142857142857143,0.5714285714285714,12,,4.44,1.59,52.2,11.0,6.896551724137931,3.96551724137931,0.5172413793103448,13,,2023-06-16,SSG Landers,Lotte Giants,문학
20230616NCHT02023,2.77,1.46,55.1,12.0,11.76043557168784,7.1869328493647915,0.0,12,,0.72,0.56,25.0,4.0,6.48,2.88,0.0,13,,2023-06-16,Kia Tigers,NC Dinos,광주
20230616OBLG02023,3.95,1.61,13.2,3.0,3.409090909090909,4.090909090909091,0.6818181818181819,13,,5.68,1.53,52.1,12.0,7.082533589251439,2.418426103646833,1.036468330134357,12,,2023-06-16,LG Twins,Doosan Bears,잠실
20230616SSKT02023,4.48,1.43,62.1,12.0,8.98550724637681,3.4782608695652173,1.4492753623188406,12,,4.96,1.5,65.1,11.0,6.774193548387097,2.4884792626728114,0.4147465437788019,11,,2023-06-16,KT Wiz,Samsung Lions,수원
20230616WOHH02023,1.39,0.84,32.1,6.0,7.850467289719626,1.6822429906542056,0.0,13,,1.82,0.97,74.1,12.0,11.659919028340083,2.064777327935223,0.24291497975708504,13,,2023-06-16,Hanwha Eagles,Kiwoom Heroes,대전
20230617LTSK02023,3.94,1.4,45.2,9.0,8.163716814159292,3.783185840707964,0.9955752212389379,12,,3.12,1.42,60.2,11.0,8.222591362126245,3.7375415282392024,0.2990033222591362,13,,2023-06-17,SSG Landers,Lotte Giants,문학
20230617NCHT02023,3.08,1.25,52.2,10.0,5.344827586206896,3.4482758620689653,0.5172413793103448,12,,6.61,1.41,16.1,3.0,11.180124223602483,5.0310559006211175,0.5590062111801242,13,,2023-06-17,Kia Tigers,NC Dinos,광주
20230617OBLG02023,4.7,1.39,74.2,13.0,5.82210242587601,2.789757412398922,0.6064690026954178,13,,2.57,1.1,42.0,8.0,7.285714285714286,4.071428571428571,0.21428571428571427,12,,2023-06-17,LG Twins,Doosan Bears,잠실
20230617SSKT02023,0.0,0.0,0.0,0.0,,,,12,,3.1,1.23,61.0,11.0,6.639344262295082,3.540983606557377,0.14754098360655737,11,,2023-06-17,KT Wiz,Samsung Lions,수원
20230617WOHH02023,5.65,1.74,14.1,13.0,8.297872340425533,5.1063829787234045,1.2765957446808511,13,,8.03,2.35,12.1,4.0,9.669421487603307,9.669421487603307,0.7438016528925621,13,,2023-06-17,Hanwha Eagles,Kiwoom Heroes,대전
20230618LTSK02023,2.42,1.0,26.0,4.0,7.269230769230769,2.423076923076923,1.3846153846153846,12,,4.42,1.44,59.0,11.0,7.932203389830509,3.9661016949152543,0.4576271186440678,13,,2023-06-18,SSG Landers,Lotte Giants,문학
20230618NCHT02023,4.19,1.52,62.1,11.0,8.26086956521739,2.753623188405797,0.2898550724637681,13,,3.12,1.45,49.0,11.0,6.795918367346939,5.142857142857143,0.7346938775510204,13,,2023-06-18,Kia Tigers,NC Dinos,광주
20230618OBLG02023,1.82,1.05,79.0,13.0,6.8354430379746836,2.1645569620253164,0.34177215189873417,13,,2.76,1.1,16.1,3.0,5.0310559006211175,1.6770186335403725,0.0,12,,2023-06-18,LG Twins,Doosan Bears,잠실
20230618SSKT02023,3.5,1.22,54.0,10.0,7.166666666666667,2.5,0.0,12,,0.0,0.94,5.1,1.0,3.5294117647058827,3.5294117647058827,0.0,10,,2023-06-18,KT Wiz,Samsung Lions,수원
20230618WOHH02023,4.36,1.4,53.2,11.0,7.951127819548872,4.060150375939849,0.16917293233082706,13,,2.86,1.23,78.2,13.0,7.595907928388747,2.3017902813299234,0.3452685421994885,13,,2023-06-18,Hanwha Eagles,Kiwoom Heroes,대전
20230620HTHH02023,3.06,1.55,32.1,26.0,7.5700934579439245,4.205607476635514,0.8411214953271028,13,,4.03,1.33,67.0,12.0,7.791044776119403,3.2238805970149254,0.6716417910447762,13,,2023-06-20,Hanwha Eagles,Kia Tigers,대전
20230620LGNC02023,2.81,1.52,25.2,6.0,6.428571428571429,4.285714285714286,0.35714285714285715,13,,4.5,1.25,4.0,1.0,2.25,2.25,0.0,13,,2023-06-20,NC Dinos,LG Twins,창원
20230620LTKT02023,3.83,1.61,54.0,11.0,5.5,4.666666666666667,0.3333333333333333,12,,4.72,1.43,61.0,12.0,8.704918032786885,3.6885245901639343,0.8852459016393442,13,,2023-06-20,KT Wiz,Lotte Giants,수원
20230620SKOB02023,1.98,0.9,82.0,13.0,9.329268292682928,1.7560975609756098,0.6585365853658537,12,,0.0,0.0,0.0,0.0,,,,12,,2023-06-20,Doosan Bears,SSG Landers,잠실
20230620WOSS02023,3.38,1.26,74.2,12.0,8.8544474393531,2.0619946091644206,0.12129380053908355,11,,2.69,1.12,80.1,13.0,6.966292134831461,1.910112359550562,0.5617977528089888,12,,2023-06-20,Samsung Lions,Kiwoom Heroes,대구
20230621HTHH02023,3.36,1.2,72.1,13.0,6.740638002773926,3.370319001386963,0.8737864077669903,13,,5.79,1.57,56.0,11.0,5.785714285714286,4.178571428571429,0.9642857142857143,13,,2023-06-21,Hanwha Eagles,Kia Tigers,대전
20230621LGNC02023,4.83,1.41,41.0,9.0,7.902439024390244,2.4146341463414633,1.5365853658536586,13,,3.1,1.26,61.0,14.0,6.491803278688525,3.540983606557377,0.4426229508196721,13,,2023-06-21,NC Dinos,LG Twins,창원
20230621LTKT02023,3.34,1.14,70.0,12.0,5.5285714285714285,1.0285714285714285,0.5142857142857142,12,,2.65,1.19,78.0,13.0,7.730769230769231,2.6538461538461537,0.34615384615384615,13,,2023-06-21,KT Wiz,Lotte Giants,수원
20230621SKOB02023,5.81,1.42,52.2,10.0,6.379310344827586,2.758620689655172,0.8620689655172413,12,,4.05,1.26,66.2,12.0,6.525679758308157,3.3987915407854983,0.5438066465256798,12,,2023-06-21,Doosan Bears,SSG Landers,잠실
20230621WOSS02023,3.98,1.45,63.1,11.0,6.133122028526149,3.1378763866877972,1.1410459587955626,12,,4.22,0.84,42.2,8.0,4.47867298578199,1.2796208530805686,0.6398104265402843,12,,2023-06-21,Samsung Lions,Kiwoom Heroes,대구
20230622HTHH02023,5.19,1.67,17.1,14.0,6.842105263157894,4.7368421052631575,1.0526315789473684,13,,3.66,1.53,59.0,13.0,11.440677966101696,7.627118644067797,0.0,13,,2023-06-22,Hanwha Eagles,Kia Tigers,대전
20230622LGNC02023,2.86,0.78,28.1,5.0,5.765124555160142,3.843416370106761,0.32028469750889677,13,,3.86,1.45,18.2,4.0,2.967032967032967,3.956043956043956,0.4945054945054945,13,,2023-06-22,NC Dinos,LG Twins,창원
20230622LTKT02023,4.67,1.37,69.1,13.0,9.247467438494935,3.2561505065123013,1.4327062228654126,12,,0.0,0.0,0.0,0.0,,,,13,,2023-06-22,KT Wiz,Lotte Giants,수원
20230622SKOB02023,5.88,1.57,56.2,13.0,6.725978647686833,3.0427046263345194,0.9608540925266903,12,,2.48,1.12,69.0,12.0,8.217391304347826,2.869565217391304,0.5217391304347826,12,,2023-06-22,Doosan Bears,SSG Landers,잠실
20230622WOSS02023,4.79,1.5,71.1,12.0,7.088607594936709,2.405063291139241,0.379746835443038,12,,1.77,0.96,81.1,13.0,11.54130702836005,1.997533908754624,0.22194821208384713,12,,2023-06-22,Samsung Lions,Kiwoom Heroes,대구
20230623HHNC02023,6.04,1.25,22.1,4.0,10.995475113122172,4.072398190045249,0.8144796380090498,12,,1.67,0.98,37.2,7.0,7.258064516129032,1.4516129032258063,0.0,13,,2023-06-23,NC Dinos,Hanwha Eagles,창원
20230623KTHT02023,1.74,1.35,10.1,6.0,5.346534653465347,7.128712871287129,0.0,13,,5.79,1.29,4.2,1.0,6.428571428571428,2.142857142857143,0.0,12,,2023-06-23,Kia Tigers,KT Wiz,광주
20230623LTLG02023,4.69,1.38,80.2,14.0,5.947630922693267,2.5810473815461346,0.5610972568578554,13,,2.93,1.34,67.2,12.0,7.633928571428571,3.6160714285714284,0.26785714285714285,13,,2023-06-23,LG Twins,Lotte Giants,잠실
20230623OBWO02023,6.32,2.17,15.2,5.0,10.06578947368421,8.289473684210527,0.5921052631578948,12,,2.63,1.17,48.0,9.0,6.9375,4.5,0.1875,12,,2023-06-23,Kiwoom Heroes,Doosan Bears,고척
20230623SSSK02023,4.09,1.48,50.2,10.0,8.067729083665338,4.302788844621514,1.0756972111553784,11,,3.46,1.23,67.2,12.0,6.294642857142857,3.6160714285714284,0.13392857142857142,12,,2023-06-23,SSG Landers,Samsung Lions,문학
20230624HHNC02023,3.46,1.48,52.0,12.0,6.923076923076923,5.365384615384615,0.6923076923076923,12,,4.37,1.44,57.2,12.0,8.339160839160838,4.090909090909091,0.15734265734265734,13,,2023-06-24,NC Dinos,Hanwha Eagles,창원
20230624KTHT02023,4.28,1.5,69.1,12.0,8.075253256150507,2.474674384949349,0.5209840810419682,13,,3.97,1.29,59.0,11.0,7.47457627118644,2.440677966101695,0.0,12,,2023-06-24,Kia Tigers,KT Wiz,광주
20230624LTLG02023,1.78,1.05,86.0,14.0,7.22093023255814,1.9883720930232558,0.313953488372093,13,,3.95,1.38,66.0,12.0,7.636363636363637,3.6818181818181817,0.4090909090909091,13,,2023-06-24,LG Twins,Lotte Giants,잠실
20230624OBWO02023,2.86,1.2,85.0,14.0,7.8352941176470585,2.3294117647058825,0.3176470588235294,12,,0.0,0.0,0.0,0.0,,,,12,,2023-06-24,Kiwoom Heroes,Doosan Bears,고척
20230624SSSK02023,2.9,1.16,31.0,5.0,8.419354838709678,2.903225806451613,1.4516129032258065,11,,4.5,1.7,10.0,2.0,4.5,3.6,0.0,11,,2023-06-24,SSG Landers,Samsung Lions,문학
20230625LTLG02023,5.57,1.48,21.0,23.0,8.142857142857142,1.7142857142857142,1.2857142857142858,13,,4.36,1.42,66.0,13.0,9.136363636363637,3.6818181818181817,0.8181818181818182,13,,2023-06-25,LG Twins,Lotte Giants,잠실
20230625OBWO02023,0.0,0.0,0.0,0.0,,,,12,,1.94,0.92,88.0,14.0,9.511363636363637,1.6363636363636365,0.6136363636363636,12,,2023-06-25,Kiwoom Heroes,Doosan Bears,고척
20230625SSSK02023,0.0,1.5,4.0,1.0,4.5,2.25,0.0,11,,3.21,1.24,81.1,13.0,8.655980271270037,1.997533908754624,0.11097410604192356,11,,2023-06-25,SSG Landers,Samsung Lions,문학
20230627KTHH02023,3.32,1.22,78.2,14.0,6.560102301790281,3.337595907928389,0.8056265984654731,14,,3.04,1.09,77.0,13.0,5.6103896103896105,0.935064935064935,0.4675324675324675,12,,2023-06-27,Hanwha Eagles,KT Wiz,대전
20230627LGSK02023,3.77,1.3,71.2,13.0,6.320224719101123,3.792134831460674,0.5056179775280899,10,,3.18,1.24,68.0,15.0,6.352941176470588,3.176470588235294,0.6617647058823529,12,,2023-06-27,SSG Landers,LG Twins,문학
20230627NCOB02023,5.59,1.43,58.0,11.0,6.517241379310345,2.6379310344827585,0.7758620689655172,12,,4.57,1.48,45.1,10.0,8.181818181818182,2.793791574279379,1.3968957871396894,12,,2023-06-27,Doosan Bears,NC Dinos,잠실
20230627SSLT02023,3.52,1.3,7.2,6.0,6.25,2.5,1.25,13,,3.58,1.42,70.1,12.0,5.777460770328103,3.081312410841655,1.0271041369472182,11,,2023-06-27,Lotte Giants,Samsung Lions,사직
20230627WOHT02023,3.55,1.55,63.1,14.0,11.553090332805072,7.702060221870047,0.0,13,,3.62,0.85,49.2,9.0,4.573170731707317,1.097560975609756,0.548780487804878,13,,2023-06-27,Kia Tigers,Kiwoom Heroes,광주
20230628KTHH02023,4.22,1.5,21.1,15.0,7.251184834123222,4.691943127962085,0.8530805687203791,14,,4.48,1.41,74.1,14.0,9.10931174089069,3.522267206477733,1.3360323886639678,12,,2023-06-28,Hanwha Eagles,KT Wiz,대전
20230628LGSK02023,6.2,1.71,53.2,11.0,5.75187969924812,6.428571428571428,1.0150375939849623,11,,3.95,1.35,27.1,9.0,5.977859778597786,4.649446494464945,0.9963099630996309,13,,2023-06-28,SSG Landers,LG Twins,문학
20230628NCOB02023,5.6,1.42,17.2,4.0,5.7558139534883725,1.5697674418604652,0.0,12,,1.74,1.05,72.1,12.0,11.109570041608878,2.2468793342579754,0.7489597780859918,12,,2023-06-28,Doosan Bears,NC Dinos,잠실
20230628SSLT02023,6.23,2.08,4.1,1.0,2.1951219512195124,2.1951219512195124,0.0,13,,4.54,1.5,77.1,13.0,7.470817120622569,2.3346303501945527,0.3501945525291829,11,,2023-06-28,Lotte Giants,Samsung Lions,사직
20230628WOHT02023,4.04,1.4,55.2,11.0,5.217391304347826,3.4239130434782608,0.48913043478260865,13,,1.61,0.99,89.1,14.0,10.808080808080808,2.0202020202020203,0.20202020202020204,12,,2023-06-28,Kia Tigers,Kiwoom Heroes,광주
20230630HHSS02023,6.75,1.84,14.2,3.0,5.070422535211268,3.1690140845070425,1.267605633802817,12,,3.84,1.29,65.2,13.0,8.282208588957054,3.5889570552147236,0.1380368098159509,14,,2023-06-30,Samsung Lions,Hanwha Eagles,대구
20230630HTLG02023,4.26,1.33,88.2,15.0,6.122448979591836,2.346938775510204,0.5102040816326531,13,,3.94,1.51,75.1,13.0,8.029294274300932,2.5166444740346208,0.4793608521970706,13,,2023-06-30,LG Twins,Kia Tigers,잠실
20230630NCKT02023,3.38,1.03,10.2,2.0,7.9411764705882355,1.7647058823529413,0.0,12,,6.35,1.34,28.1,5.0,9.288256227758007,4.4839857651245545,0.9608540925266903,12,,2023-06-30,KT Wiz,NC Dinos,수원
20230630OBLT02023,2.74,1.24,75.2,13.0,7.420212765957446,3.231382978723404,0.23936170212765956,13,,1.5,1.17,6.0,1.0,9.0,1.5,0.0,12,,2023-06-30,Lotte Giants,Doosan Bears,울산
20230630SKWO02023,2.69,1.17,93.2,15.0,7.339055793991416,2.221030042918455,0.2896995708154506,12,,3.59,1.4,57.2,11.0,7.5524475524475525,4.090909090909091,0.9440559440559441,12,,2023-06-30,Kiwoom Heroes,SSG Landers,고척
20230701HHSS02023,3.06,1.21,88.1,14.0,8.274687854710557,1.8388195232690125,0.10215664018161182,11,,1.48,1.01,42.2,8.0,7.0379146919431275,1.7061611374407581,0.0,14,,2023-07-01,Samsung Lions,Hanwha Eagles,대구
20230701HTLG02023,1.66,1.04,92.0,15.0,7.043478260869565,2.0543478260869565,0.29347826086956524,13,,0.0,0.0,0.0,0.0,,,,13,,2023-07-01,LG Twins,Kia Tigers,잠실
20230701NCKT02023,3.6,1.55,60.0,12.0,5.85,4.5,0.45,12,,4.96,1.67,49.0,18.0,6.244897959183674,4.959183673469388,1.1020408163265305,12,,2023-07-01,KT Wiz,NC Dinos,수원
20230701OBLT02023,4.35,1.43,68.1,13.0,7.533039647577093,3.8325991189427318,0.5286343612334802,13,,2.5,1.15,54.0,10.0,7.166666666666667,4.5,0.16666666666666666,12,,2023-07-01,Lotte Giants,Doosan Bears,울산
20230701SKWO02023,4.5,2.0,4.0,1.0,4.5,6.75,0.0,12,,4.0,1.36,36.0,6.0,7.5,3.5,1.25,12,,2023-07-01,Kiwoom Heroes,SSG Landers,고척
20230702HHSS02023,3.45,1.35,78.1,13.0,5.646606914212549,2.765685019206146,1.0371318822023048,11,,3.05,1.17,85.2,15.0,6.971830985915493,3.0633802816901405,0.7394366197183099,14,,2023-07-02,Samsung Lions,Hanwha Eagles,대구
20230702HTLG02023,5.48,1.52,23.0,24.0,7.434782608695652,1.9565217391304348,1.173913043478261,13,,3.82,1.27,73.0,13.0,7.890410958904109,2.958904109589041,0.6164383561643836,13,,2023-07-02,LG Twins,Kia Tigers,잠실
20230702NCKT02023,3.14,1.1,83.0,14.0,5.963855421686747,0.9759036144578314,0.43373493975903615,12,,4.21,1.36,51.1,11.0,8.454011741682974,2.4657534246575343,1.4090019569471623,12,,2023-07-02,KT Wiz,NC Dinos,수원
20230702OBLT02023,4.16,1.42,71.1,14.0,8.481012658227849,3.924050632911393,0.759493670886076,13,,1.9,0.92,94.2,15.0,9.171974522292993,1.6242038216560508,0.6687898089171974,12,,2023-07-02,Lotte Giants,Doosan Bears,울산
20230702SKWO02023,2.71,1.12,86.1,14.0,7.003484320557492,2.0905923344947737,0.6271777003484321,12,,4.46,1.34,76.2,14.0,6.259842519685039,3.6614173228346454,0.7086614173228346,12,,2023-07-02,Kiwoom Heroes,SSG Landers,고척
20230704NCWO02023,2.0,1.0,94.2,15.0,10.796178343949045,2.006369426751592,0.28662420382165604,13,,6.35,1.53,17.0,9.0,5.294117647058823,4.764705882352941,0.5294117647058824,13,,2023-07-04,Kiwoom Heroes,NC Dinos,고척
20230704OBSS02023,4.55,1.52,83.0,14.0,7.048192771084337,2.2771084337349397,0.3253012048192771,11,,5.06,1.36,64.0,12.0,6.46875,2.53125,0.703125,12,,2023-07-04,Samsung Lions,Doosan Bears,포항
20230705HTSK02023,5.83,1.67,58.2,12.0,6.34020618556701,6.34020618556701,0.9278350515463917,12,,4.3,1.4,60.2,12.0,5.083056478405315,3.2890365448504983,0.4485049833887043,13,,2023-07-05,SSG Landers,Kia Tigers,문학
20230705KTLG02023,2.92,1.2,74.0,16.0,6.202702702702703,3.4054054054054053,0.6081081081081081,13,,4.5,1.43,80.0,15.0,9.0,3.375,1.35,12,,2023-07-05,LG Twins,KT Wiz,잠실
20230705LTHH02023,3.62,1.53,37.1,28.0,8.005390835579515,4.123989218328841,1.2129380053908356,14,,3.14,1.27,83.0,14.0,7.590361445783133,2.710843373493976,0.3253012048192771,13,,2023-07-05,Hanwha Eagles,Lotte Giants,대전
20230705NCWO02023,5.23,1.94,20.2,6.0,8.465346534653465,7.128712871287129,0.44554455445544555,13,,1.61,1.0,78.1,13.0,10.947503201024329,2.189500640204866,0.6914212548015365,12,,2023-07-05,Kiwoom Heroes,NC Dinos,고척
20230705OBSS02023,4.22,1.31,10.2,2.0,7.058823529411765,3.5294117647058827,2.647058823529412,12,,3.23,1.35,47.1,10.0,7.834394904458598,2.484076433121019,0.5732484076433121,12,,2023-07-05,Samsung Lions,Doosan Bears,포항
20230706HTSK02023,3.31,1.33,65.1,12.0,7.880184331797236,3.732718894009217,0.8294930875576038,11,,3.92,1.49,80.1,14.0,8.089887640449438,2.5842696629213484,0.5617977528089888,12,,2023-07-06,SSG Landers,Kia Tigers,문학
20230706KTLG02023,4.37,1.35,94.2,16.0,6.019108280254777,2.388535031847134,0.5732484076433121,13,,3.24,1.02,16.2,3.0,7.222222222222222,1.6666666666666667,0.0,12,,2023-07-06,LG Twins,KT Wiz,잠실
20230706LTHH02023,3.52,1.26,71.2,14.0,8.469101123595506,3.539325842696629,0.12640449438202248,14,,4.06,1.37,75.1,14.0,8.149134487350201,3.4753661784287617,0.4793608521970706,13,,2023-07-06,Hanwha Eagles,Lotte Giants,대전
20230706NCWO02023,2.89,1.16,99.2,16.0,7.167338709677419,2.1774193548387095,0.4536290322580645,13,,5.5,1.31,34.1,6.0,8.709677419354838,4.750733137829912,0.7917888563049853,13,,2023-07-06,Kiwoom Heroes,NC Dinos,고척
20230706OBSS02023,7.56,1.92,16.2,4.0,5.0,3.3333333333333335,2.2222222222222223,12,,0.69,1.0,13.0,2.0,6.923076923076923,2.769230769230769,0.0,12,,2023-07-06,Samsung Lions,Doosan Bears,포항
20230707HTKT02023,3.93,1.25,66.1,13.0,7.352496217851741,2.586989409984872,0.1361573373676248,12,,6.75,1.5,2.2,1.0,4.090909090909091,8.181818181818182,0.0,12,,2023-07-07,KT Wiz,Kia Tigers,수원
20230707WOOB02023,2.25,1.13,60.0,11.0,6.75,4.65,0.15,12,,1.8,1.3,10.0,2.0,6.3,4.5,0.0,13,,2023-07-07,Doosan Bears,Kiwoom Heroes,잠실
20230708HTKT02023,2.91,1.09,89.2,15.0,6.255605381165919,0.9080717488789237,0.40358744394618834,12,,4.1,1.56,68.0,15.0,11.382352941176471,7.9411764705882355,0.1323529411764706,12,,2023-07-08,KT Wiz,Kia Tigers,수원
20230708LGLT02023,2.5,1.22,82.2,14.0,7.445255474452554,3.284671532846715,0.218978102189781,13,,2.06,1.08,96.0,16.0,7.125,1.96875,0.28125,13,,2023-07-08,Lotte Giants,LG Twins,사직
20230708SKHH02023,1.48,1.01,48.2,9.0,7.095435684647303,1.6804979253112031,0.0,13,,4.07,1.43,42.0,7.0,6.642857142857143,3.0,1.0714285714285714,11,,2023-07-08,Hanwha Eagles,SSG Landers,대전
20230708SSNC02023,4.04,1.37,55.2,12.0,8.315217391304348,2.608695652173913,1.3043478260869565,13,,3.28,1.25,93.1,15.0,8.023630504833513,2.030075187969925,0.2900107411385607,12,,2023-07-08,NC Dinos,Samsung Lions,창원
20230708WOOB02023,1.97,0.93,100.2,16.0,9.071856287425149,1.526946107784431,0.6287425149700598,12,,2.76,1.16,91.1,15.0,7.113062568605928,2.469813391877058,0.592755214050494,13,,2023-07-08,Doosan Bears,Kiwoom Heroes,잠실
20230709HTKT02023,4.1,1.62,63.2,13.0,6.265822784810126,4.984177215189873,0.4272151898734177,11,,0.0,0.0,0.0,0.0,,,,12,,2023-07-09,KT Wiz,Kia Tigers,수원
20230709LGLT02023,4.13,1.43,76.1,15.0,8.278580814717477,4.021024967148489,0.7095926412614981,13,,4.85,1.5,26.0,25.0,6.923076923076923,2.076923076923077,1.0384615384615385,12,,2023-07-09,Lotte Giants,LG Twins,사직
20230709SKHH02023,3.04,1.16,91.2,16.0,7.5,2.9605263157894735,0.7894736842105263,13,,4.8,1.41,80.2,15.0,6.172069825436409,3.815461346633416,0.7855361596009974,11,,2023-07-09,Hanwha Eagles,SSG Landers,대전
20230709SSNC02023,5.06,1.65,53.1,19.0,6.101694915254237,4.915254237288136,1.1864406779661016,13,,4.3,1.56,88.0,15.0,7.363636363636363,2.659090909090909,0.3068181818181818,12,,2023-07-09,NC Dinos,Samsung Lions,창원
20230709WOOB02023,5.19,1.37,67.2,13.0,6.5625,2.544642857142857,0.8035714285714285,11,,3.4,0.84,55.2,10.0,4.239130434782608,1.3043478260869565,0.48913043478260865,13,,2023-07-09,Doosan Bears,Kiwoom Heroes,잠실
20240309HTNC02024,0.0,0.0,0.0,0.0,,,,46,,0.0,0.0,0.0,0.0,,,,40,,2024-03-09,NC Dinos,Kia Tigers,창원
20240309LGKT02024,0.0,0.0,0.0,0.0,,,,44,,0.0,0.0,0.0,0.0,,,,37,,2024-03-09,KT Wiz,LG Twins,수원
20240309SKLT02024,0.0,0.0,0.0,0.0,,,,43,,0.0,0.0,0.0,0.0,,,,35,,2024-03-09,Lotte Giants,SSG Landers,사직
20240309SSHH02024,0.0,0.0,0.0,0.0,,,,44,,0.0,0.0,0.0,0.0,,,,43,,2024-03-09,Hanwha Eagles,Samsung Lions,대전
20240309WOOB02024,0.0,0.0,0.0,0.0,,,,43,,0.0,0.0,0.0,0.0,,,,36,,2024-03-09,Doosan Bears,Kiwoom Heroes,이천(두산)
20240310HTNC02024,0.0,0.0,0.0,0.0,,,,46,,0.0,0.0,0.0,0.0,,,,40,,2024-03-10,NC Dinos,Kia Tigers,창원
20240310LGKT02024,0.0,0.0,0.0,0.0,,,,44,,0.0,0.0,0.0,0.0,,,,37,,2024-03-10,KT Wiz,LG Twins,수원
20240310SKLT02024,0.0,0.0,0.0,0.0,,,,43,,0.0,0.0,0.0,0.0,,,,35,,2024-03-10,Lotte Giants,SSG Landers,사직
20240310SSHH02024,0.0,0.0,0.0,0.0,,,,44,,0.0,0.0,0.0,0.0,,,,43,,2024-03-10,Hanwha Eagles,Samsung Lions,대전
20240310WOOB02024,0.0,0.0,0.0,0.0,,,,43,,0.0,0.0,0.0,0.0,,,,36,,2024-03-10,Doosan Bears,Kiwoom Heroes,이천(두산)
20240311HTHH02024,0.0,0.0,0.0,0.0,,,,44,,0.0,0.0,0.0,0.0,,,,40,,2024-03-11,Hanwha Eagles,Kia Tigers,대전
20240311LGSS02024,0.0,0.0,0.0,0.0,,,,43,,0.0,0.0,0.0,0.0,,,,37,,2024-03-11,Samsung Lions,LG Twins,대구
20240311OBLT02024,0.0,0.0,0.0,0.0,,,,43,,0.0,0.0,0.0,0.0,,,,43,,2024-03-11,Lotte Giants,Doosan Bears,사직
20240311SKKT02024,0.0,0.0,0.0,0.0,,,,44,,0.0,0.0,0.0,0.0,,,,35,,2024-03-11,KT Wiz,SSG Landers,수원
20240311WONC02024,0.0,0.0,0.0,0.0,,,,46,,0.0,0.0,0.0,0.0,,,,36,,2024-03-11,NC Dinos,Kiwoom Heroes,창원
20240312HTHH02024,0.0,0.0,0.0,0.0,,,,44,,0.0,3.0,0.2,1.0,90.0,90.0,0.0,40,,2024-03-12,Hanwha Eagles,Kia Tigers,대전
20240312LGSS02024,0.0,0.0,0.0,0.0,,,,43,,0.0,0.0,0.0,0.0,,,,37,,2024-03-12,Samsung Lions,LG Twins,대구
20240312SKKT02024,0.0,0.0,0.0,0.0,,,,44,,9.0,3.0,1.0,1.0,0.0,9.0,0.0,35,,2024-03-12,KT Wiz,SSG Landers,수원
20240312WONC02024,0.0,0.0,0.0,0.0,,,,46,,0.0,0.0,0.0,0.0,,,,36,,2024-03-12,NC Dinos,Kiwoom Heroes,창원
20240314HTOB02024,0.0,0.0,0.0,0.0,,,,43,,0.0,1.5,2.0,1.0,4.5,0.0,0.0,40,,2024-03-14,Doosan Bears,Kia Tigers,잠실
20240314KTHH02024,0.0,0.0,0.0,0.0,,,,44,,0.0,0.0,0.0,0.0,,,,44,,2024-03-14,Hanwha Eagles,KT Wiz,대전
20240314LGNC02024,9.0,2.33,3.0,1.0,9.0,6.0,6.0,46,,0.0,0.0,2.0,1.0,13.5,0.0,0.0,37,,2024-03-14,NC Dinos,LG Twins,창원
20240314LTSS02024,0.0,0.0,0.0,0.0,,,,43,,0.0,0.0,0.0,0.0,,,,43,,2024-03-14,Samsung Lions,Lotte Giants,대구
20240314WOSK02024,0.0,0.0,0.0,0.0,,,,35,,18.0,3.0,3.0,1.0,0.0,0.0,3.0,36,,2024-03-14,SSG Landers,Kiwoom Heroes,문학
20240315HTOB02024,6.0,1.67,3.0,1.0,6.0,3.0,3.0,43,,0.0,3.0,2.1,1.0,12.857142857142856,12.857142857142856,0.0,40,,2024-03-15,Doosan Bears,Kia Tigers,잠실
20240315KTHH02024,5.4,1.5,3.1,1.0,5.806451612903226,5.806451612903226,0.0,44,,0.0,0.0,0.0,0.0,,,,44,,2024-03-15,Hanwha Eagles,KT Wiz,대전
20240315LGNC02024,3.0,1.0,3.0,1.0,9.0,3.0,0.0,46,,0.0,0.0,0.0,0.0,,,,37,,2024-03-15,NC Dinos,LG Twins,창원
20240315LTSS02024,0.0,0.0,0.0,0.0,,,,43,,2.25,1.25,4.0,1.0,2.25,2.25,0.0,43,,2024-03-15,Samsung Lions,Lotte Giants,대구
20240315WOSK02024,21.6,4.8,1.2,3.0,0.0,15.0,0.0,35,,3.0,1.33,3.0,1.0,0.0,3.0,0.0,36,,2024-03-15,SSG Landers,Kiwoom Heroes,문학
20240316HHLT02024,2.25,0.75,4.0,1.0,4.5,0.0,2.25,43,,3.38,1.5,2.2,1.0,8.181818181818182,4.090909090909091,0.0,44,,2024-03-16,Lotte Giants,Hanwha Eagles,사직
20240316KTHT02024,6.75,1.5,2.2,1.0,12.272727272727272,4.090909090909091,0.0,40,,2.25,1.0,4.0,1.0,4.5,2.25,0.0,44,,2024-03-16,Kia Tigers,KT Wiz,광주
20240316NCSS02024,0.0,0.3,3.1,1.0,0.0,0.0,0.0,43,,4.5,1.0,4.0,1.0,15.75,4.5,2.25,46,,2024-03-16,Samsung Lions,NC Dinos,대구
20240316OBSK02024,13.5,2.0,4.0,1.0,6.75,2.25,2.25,35,,3.0,1.0,3.0,1.0,6.0,3.0,0.0,43,,2024-03-16,SSG Landers,Doosan Bears,문학
20240316WOLG02024,4.5,1.25,4.0,1.0,18.0,2.25,2.25,37,,0.0,0.6,3.1,2.0,5.806451612903226,5.806451612903226,0.0,37,,2024-03-16,LG Twins,Kiwoom Heroes,잠실
20240317HHLT02024,4.5,1.25,4.0,1.0,2.25,2.25,2.25,43,,2.25,0.75,4.0,1.0,6.75,0.0,0.0,44,,2024-03-17,Lotte Giants,Hanwha Eagles,사직
20240317KTHT02024,0.0,0.0,4.0,1.0,9.0,0.0,0.0,40,,0.0,0.0,2.0,1.0,0.0,0.0,0.0,44,,2024-03-17,Kia Tigers,KT Wiz,광주
20240317NCSS02024,10.38,1.38,4.1,1.0,4.390243902439025,4.390243902439025,2.1951219512195124,43,,0.0,0.6,3.1,1.0,8.709677419354838,2.903225806451613,0.0,46,,2024-03-17,Samsung Lions,NC Dinos,대구
20240317OBSK02024,0.0,0.67,3.0,1.0,6.0,0.0,0.0,35,,0.0,1.91,3.2,1.0,8.4375,5.625,0.0,43,,2024-03-17,SSG Landers,Doosan Bears,문학
20240318LTKT02024,6.0,1.67,3.0,1.0,6.0,3.0,3.0,44,,0.0,0.0,0.0,0.0,,,,43,,2024-03-18,KT Wiz,Lotte Giants,수원
20240318NCSK02024,0.0,0.0,4.0,1.0,6.75,0.0,0.0,35,,3.86,1.71,2.1,1.0,17.142857142857142,4.285714285714286,4.285714285714286,46,,2024-03-18,SSG Landers,NC Dinos,문학
20240318OBHH02024,4.15,0.92,4.1,1.0,6.585365853658537,4.390243902439025,2.1951219512195124,44,,4.5,1.0,2.0,2.0,9.0,0.0,4.5,43,,2024-03-18,Hanwha Eagles,Doosan Bears,대전
20240318SSHT02024,0.0,0.0,0.0,0.0,,,,40,,5.79,0.86,4.2,1.0,8.571428571428571,2.142857142857143,4.285714285714286,43,,2024-03-18,Kia Tigers,Samsung Lions,광주
20240319NCSK02024,7.71,3.43,2.1,1.0,4.285714285714286,12.857142857142856,0.0,35,,0.0,0.0,0.0,0.0,,,,46,,2024-03-19,SSG Landers,NC Dinos,문학
20240319OBHH02024,0.0,1.5,2.2,1.0,4.090909090909091,8.181818181818182,0.0,44,,0.0,0.5,2.0,2.0,18.0,0.0,0.0,43,,2024-03-19,Hanwha Eagles,Doosan Bears,대전
20240319SSHT02024,10.13,2.25,5.1,2.0,8.823529411764707,1.7647058823529413,0.0,40,,3.38,2.25,2.2,1.0,8.181818181818182,4.090909090909091,4.090909090909091,43,,2024-03-19,Kia Tigers,Samsung Lions,광주
20240319WOLG02024,0.0,0.33,6.0,2.0,7.5,0.0,0.0,37,,2.25,1.0,4.0,1.0,4.5,0.0,0.0,37,,2024-03-19,LG Twins,Kiwoom Heroes,잠실
20240323HHLG02024,1.8,1.1,10.0,2.0,10.8,3.6,0.9,12,,3.0,1.0,9.0,2.0,9.0,0.0,0.0,11,,2024-03-23,LG Twins,Hanwha Eagles,잠실
20240323LTSK02024,7.71,1.57,7.0,2.0,3.857142857142857,0.0,1.2857142857142858,11,,9.0,2.0,8.0,2.0,5.625,2.25,1.125,11,,2024-03-23,SSG Landers,Lotte Giants,문학
20240323OBNC02024,5.0,1.11,9.0,2.0,13.0,4.0,2.0,11,,1.13,1.63,8.0,2.0,9.0,4.5,0.0,11,,2024-03-23,NC Dinos,Doosan Bears,창원
20240323SSKT02024,1.0,0.67,9.0,2.0,4.0,1.0,0.0,12,,7.0,1.22,9.0,2.0,7.0,5.0,1.0,11,,2024-03-23,KT Wiz,Samsung Lions,수원
20240323WOHT02024,2.0,0.67,9.0,2.0,9.0,1.0,0.0,11,,18.0,4.33,3.0,1.0,0.0,3.0,3.0,11,,2024-03-23,Kia Tigers,Kiwoom Heroes,광주
20240324HHLG02024,6.0,2.0,3.0,1.0,0.0,3.0,0.0,12,,3.48,1.06,10.1,2.0,4.455445544554456,4.455445544554456,2.6732673267326734,11,,2024-03-24,LG Twins,Hanwha Eagles,잠실
20240324LTSK02024,0.0,0.46,8.2,2.0,9.878048780487806,1.0975609756097562,0.0,11,,2.25,1.25,4.0,1.0,2.25,6.75,0.0,11,,2024-03-24,SSG Landers,Lotte Giants,문학
20240324OBNC02024,7.36,1.36,3.2,1.0,8.4375,0.0,0.0,11,,0.0,0.0,4.0,1.0,11.25,0.0,0.0,11,,2024-03-24,NC Dinos,Doosan Bears,창원
20240324SSKT02024,3.68,1.36,7.1,2.0,5.070422535211268,5.070422535211268,2.535211267605634,12,,3.38,0.56,10.2,2.0,6.176470588235294,0.8823529411764707,2.647058823529412,11,,2024-03-24,KT Wiz,Samsung Lions,수원
20240326HHSK02024,5.68,2.53,6.1,2.0,10.327868852459018,5.901639344262295,0.0,11,,8.1,1.5,3.1,1.0,11.612903225806452,2.903225806451613,2.903225806451613,11,,2024-03-26,SSG Landers,Hanwha Eagles,문학
20240326LTHT02024,4.5,1.75,4.0,1.0,9.0,2.25,2.25,11,,0.0,1.0,4.0,1.0,15.75,4.5,0.0,11,,2024-03-26,Kia Tigers,Lotte Giants,광주
20240326OBKT02024,2.7,1.2,3.1,1.0,5.806451612903226,2.903225806451613,0.0,12,,0.0,1.2,1.2,1.0,7.5,15.0,0.0,11,,2024-03-26,KT Wiz,Doosan Bears,수원
20240326SSLG02024,0.84,0.75,10.2,3.0,7.058823529411765,2.647058823529412,0.0,12,,9.53,2.82,5.2,2.0,8.653846153846153,3.4615384615384612,3.4615384615384612,11,,2024-03-26,LG Twins,Samsung Lions,잠실
20240326WONC02024,0.0,0.6,5.0,1.0,9.0,1.8,0.0,11,,4.5,1.25,4.0,1.0,11.25,4.5,2.25,11,,2024-03-26,NC Dinos,Kiwoom Heroes,창원
20240327HHSK02024,8.64,1.44,8.1,2.0,6.666666666666667,2.2222222222222223,1.1111111111111112,12,,2.7,1.65,6.2,2.0,7.258064516129032,7.258064516129032,1.4516129032258065,12,,2024-03-27,SSG Landers,Hanwha Eagles,문학
20240327LTHT02024,5.23,1.74,10.1,3.0,8.01980198019802,2.6732673267326734,0.0,11,,4.32,1.2,8.1,2.0,6.666666666666667,2.2222222222222223,1.1111111111111112,12,,2024-03-27,Kia Tigers,Lotte Giants,광주
20240327OBKT02024,5.4,0.6,5.0,1.0,10.8,0.0,1.8,12,,3.38,1.13,8.0,2.0,2.25,1.125,2.25,12,,2024-03-27,KT Wiz,Doosan Bears,수원
20240327SSLG02024,0.0,2.0,3.0,1.0,0.0,0.0,0.0,13,,0.0,0.75,4.0,1.0,6.75,0.0,0.0,12,,2024-03-27,LG Twins,Samsung Lions,잠실
20240327WONC02024,3.86,1.71,7.0,2.0,5.142857142857143,2.5714285714285716,2.5714285714285716,12,,4.15,1.85,8.2,2.0,5.487804878048781,2.1951219512195124,0.0,11,,2024-03-27,NC Dinos,Kiwoom Heroes,창원
20240328HHSK02024,0.0,3.0,1.0,1.0,9.0,18.0,0.0,12,,0.0,1.0,2.0,1.0,4.5,4.5,0.0,12,,2024-03-28,SSG Landers,Hanwha Eagles,문학
20240328OBKT02024,2.84,1.74,6.1,2.0,14.754098360655739,5.901639344262295,0.0,12,,1.13,0.5,8.0,2.0,3.375,1.125,0.0,13,,2024-03-28,KT Wiz,Doosan Bears,수원
20240328SSLG02024,4.5,1.5,4.0,1.0,4.5,4.5,2.25,13,,0.0,0.79,6.1,2.0,2.9508196721311477,0.0,0.0,12,,2024-03-28,LG Twins,Samsung Lions,잠실
20240329HTOB02024,0.0,0.33,6.0,1.0,6.0,0.0,0.0,13,,2.84,1.58,6.1,2.0,16.229508196721312,5.901639344262295,0.0,12,,2024-03-29,Doosan Bears,Kia Tigers,잠실
20240329KTHH02024,4.91,2.45,3.2,1.0,0.0,8.4375,0.0,12,,1.8,1.0,5.0,1.0,12.6,3.6,1.8,12,,2024-03-29,Hanwha Eagles,KT Wiz,대전
20240329LGWO02024,15.75,3.0,4.0,1.0,2.25,4.5,2.25,13,,3.0,1.5,6.0,1.0,6.0,3.0,0.0,13,,2024-03-29,Kiwoom Heroes,LG Twins,고척
20240329NCLT02024,7.2,1.4,5.0,1.0,14.4,1.8,3.6,12,,9.0,2.0,2.0,1.0,4.5,13.5,4.5,12,,2024-03-29,Lotte Giants,NC Dinos,사직
20240329SKSS02024,1.5,0.67,6.0,1.0,12.0,0.0,1.5,12,,5.4,1.6,5.0,1.0,10.8,3.6,1.8,12,,2024-03-29,Samsung Lions,SSG Landers,대구
20240330HTOB02024,0.0,0.6,5.0,1.0,7.2,1.8,0.0,12,,6.35,1.24,5.2,1.0,8.653846153846153,1.7307692307692306,1.7307692307692306,12,,2024-03-30,Doosan Bears,Kia Tigers,잠실
20240330KTHH02024,2.7,1.05,6.2,1.0,5.806451612903226,1.4516129032258065,0.0,13,,9.0,2.75,4.0,1.0,6.75,11.25,0.0,12,,2024-03-30,Hanwha Eagles,KT Wiz,대전
20240330LGWO02024,12.0,2.33,6.0,2.0,3.0,4.5,1.5,13,,4.5,1.33,6.0,1.0,7.5,1.5,3.0,13,,2024-03-30,Kiwoom Heroes,LG Twins,고척
20240330NCLT02024,3.6,1.4,5.0,1.0,7.2,3.6,0.0,12,,5.4,1.4,5.0,1.0,1.8,1.8,3.6,12,,2024-03-30,Lotte Giants,NC Dinos,사직
20240330SKSS02024,1.5,1.0,6.0,1.0,3.0,0.0,0.0,12,,0.0,0.67,6.0,1.0,7.5,0.0,0.0,12,,2024-03-30,Samsung Lions,SSG Landers,대구
20240331HTOB02024,5.4,1.6,5.0,1.0,16.2,3.6,0.0,12,,4.05,1.35,6.2,2.0,10.161290322580644,4.354838709677419,1.4516129032258065,13,,2024-03-31,Doosan Bears,Kia Tigers,잠실
20240331KTHH02024,3.0,2.0,3.0,1.0,12.0,3.0,0.0,13,,7.2,1.0,5.0,1.0,14.4,3.6,3.6,12,,2024-03-31,Hanwha Eagles,KT Wiz,대전
20240331LGWO02024,10.8,2.7,3.1,1.0,17.419354838709676,8.709677419354838,2.903225806451613,13,,4.5,1.17,6.0,1.0,6.0,0.0,0.0,13,,2024-03-31,Kiwoom Heroes,LG Twins,고척
20240331NCLT02024,1.5,1.17,6.0,1.0,9.0,4.5,1.5,12,,1.35,0.6,6.2,1.0,10.161290322580644,1.4516129032258065,0.0,12,,2024-03-31,Lotte Giants,NC Dinos,사직
20240331SKSS02024,3.18,1.76,5.2,1.0,3.4615384615384612,8.653846153846153,0.0,12,,7.2,1.4,5.0,1.0,3.6,5.4,0.0,12,,2024-03-31,Samsung Lions,SSG Landers,대구
20240402HTKT02024,20.25,3.5,4.0,1.0,4.5,2.25,0.0,12,,1.69,1.69,5.1,1.0,7.058823529411765,7.058823529411765,0.0,13,,2024-04-02,KT Wiz,Kia Tigers,수원
20240402LTHH02024,1.59,0.71,5.2,1.0,13.846153846153845,1.7307692307692306,0.0,13,,5.4,2.0,5.0,1.0,5.4,5.4,1.8,12,,2024-04-02,Hanwha Eagles,Lotte Giants,대전
20240402NCLG02024,1.93,1.71,4.2,1.0,6.428571428571428,10.714285714285714,0.0,13,,2.57,0.71,7.0,1.0,6.428571428571429,0.0,0.0,12,,2024-04-02,LG Twins,NC Dinos,잠실
20240402OBSK02024,2.25,0.5,4.0,1.0,11.25,2.25,0.0,12,,9.0,2.0,5.0,1.0,5.4,9.0,5.4,12,,2024-04-02,SSG Landers,Doosan Bears,문학
20240402WOSS02024,1.8,1.6,5.0,1.0,10.8,3.6,0.0,13,,11.25,2.5,4.0,1.0,0.0,11.25,2.25,13,,2024-04-02,Samsung Lions,Kiwoom Heroes,대구
20240403HTKT02024,10.29,2.57,7.0,2.0,9.0,10.285714285714286,2.5714285714285716,12,,1.5,0.83,6.0,1.0,13.5,0.0,1.5,13,,2024-04-03,KT Wiz,Kia Tigers,수원
20240403NCLG02024,0.0,0.83,6.0,1.0,4.5,3.0,0.0,13,,4.15,1.85,4.1,1.0,10.975609756097562,8.78048780487805,2.1951219512195124,12,,2024-04-03,LG Twins,NC Dinos,잠실
20240403OBSK02024,3.6,2.2,5.0,2.0,5.4,9.0,1.8,12,,11.57,2.36,4.2,1.0,10.714285714285714,2.142857142857143,0.0,12,,2024-04-03,SSG Landers,Doosan Bears,문학
20240404HTKT02024,2.25,0.75,12.0,2.0,11.25,1.5,0.75,12,,0.0,1.75,4.0,1.0,13.5,11.25,0.0,13,,2024-04-04,KT Wiz,Kia Tigers,수원
20240404LTHH02024,3.6,1.6,5.0,1.0,9.0,3.6,0.0,13,,3.18,0.88,11.1,2.0,10.54054054054054,0.8108108108108109,1.6216216216216217,12,,2024-04-04,Hanwha Eagles,Lotte Giants,대전
20240404NCLG02024,1.5,1.0,12.0,2.0,11.25,1.5,0.0,13,,0.0,1.0,5.0,1.0,7.2,1.8,0.0,12,,2024-04-04,LG Twins,NC Dinos,잠실
20240404OBSK02024,3.27,1.27,11.0,2.0,10.636363636363637,4.909090909090909,0.8181818181818182,12,,1.59,0.97,11.1,2.0,4.864864864864865,1.6216216216216217,0.0,12,,2024-04-04,SSG Landers,Doosan Bears,문학
20240404WOSS02024,4.91,1.36,11.0,2.0,7.363636363636363,1.6363636363636365,3.272727272727273,12,,7.2,1.8,10.0,2.0,4.5,3.6,0.9,13,,2024-04-04,Samsung Lions,Kiwoom Heroes,대구
20240405HHWO02024,0.0,0.6,5.0,1.0,5.4,1.8,0.0,13,,3.72,1.76,9.2,2.0,8.804347826086957,2.9347826086956523,0.0,13,,2024-04-05,Kiwoom Heroes,Hanwha Eagles,고척
20240405KTLG02024,6.55,1.55,11.0,2.0,6.545454545454546,2.4545454545454546,1.6363636363636365,13,,5.4,1.8,5.0,2.0,14.4,3.6,1.8,11,,2024-04-05,LG Twins,KT Wiz,잠실
20240405OBLT02024,0.0,1.2,1.2,1.0,7.5,0.0,0.0,12,,0.0,0.82,11.0,2.0,8.181818181818182,1.6363636363636365,0.0,12,,2024-04-05,Lotte Giants,Doosan Bears,사직
20240405SKNC02024,2.45,1.18,11.0,2.0,5.7272727272727275,1.6363636363636365,1.6363636363636365,12,,5.4,1.6,5.0,2.0,3.6,5.4,1.8,12,,2024-04-05,NC Dinos,SSG Landers,창원
20240405SSHT02024,8.1,1.6,10.0,2.0,9.0,3.6,1.8,13,,7.27,1.85,8.2,2.0,7.682926829268293,2.1951219512195124,0.0,12,,2024-04-05,Kia Tigers,Samsung Lions,광주
20240406HHWO02024,3.48,1.26,10.1,2.0,11.584158415841584,2.6732673267326734,0.8910891089108911,13,,3.09,1.11,11.2,2.0,8.035714285714286,3.2142857142857144,0.8035714285714286,13,,2024-04-06,Kiwoom Heroes,Hanwha Eagles,고척
20240406KTLG02024,4.91,1.73,11.0,2.0,6.545454545454546,2.4545454545454546,0.8181818181818182,14,,16.88,2.0,8.0,2.0,13.5,2.25,4.5,12,,2024-04-06,LG Twins,KT Wiz,잠실
20240406OBLT02024,7.56,2.04,8.1,2.0,7.777777777777778,3.3333333333333335,0.0,12,,4.91,1.27,11.0,2.0,11.454545454545455,1.6363636363636365,0.0,12,,2024-04-06,Lotte Giants,Doosan Bears,사직
20240406SKNC02024,1.42,0.87,12.2,2.0,8.114754098360656,0.7377049180327869,0.0,12,,5.73,1.09,11.0,2.0,5.7272727272727275,2.4545454545454546,0.8181818181818182,11,,2024-04-06,NC Dinos,SSG Landers,창원
20240406SSHT02024,0.0,0.8,5.0,1.0,9.0,1.8,0.0,13,,13.5,2.25,4.0,1.0,4.5,2.25,2.25,12,,2024-04-06,Kia Tigers,Samsung Lions,광주
20240407HHWO02024,6.0,1.56,9.0,2.0,3.0,6.0,1.0,13,,0.0,1.0,5.0,1.0,10.8,5.4,0.0,13,,2024-04-07,Kiwoom Heroes,Hanwha Eagles,고척
20240407KTLG02024,4.35,1.26,10.1,2.0,11.584158415841584,5.346534653465347,0.8910891089108911,14,,5.4,1.4,5.0,2.0,3.6,0.0,0.0,12,,2024-04-07,LG Twins,KT Wiz,잠실
20240407OBLT02024,5.59,1.76,9.2,2.0,8.804347826086957,7.82608695652174,0.9782608695652175,12,,4.5,2.0,2.0,2.0,0.0,4.5,0.0,12,,2024-04-07,Lotte Giants,Doosan Bears,사직
20240407SKNC02024,4.5,1.42,12.0,2.0,11.25,3.75,0.0,12,,0.0,3.5,2.0,1.0,9.0,27.0,0.0,12,,2024-04-07,NC Dinos,SSG Landers,창원
20240407SSHT02024,4.22,1.59,10.2,2.0,5.294117647058824,6.176470588235294,0.8823529411764707,13,,10.5,2.33,6.0,2.0,7.5,6.0,6.0,13,,2024-04-07,Kia Tigers,Samsung Lions,광주
20240409HHOB02024,9.0,1.78,9.0,2.0,7.0,2.0,0.0,12,,0.79,0.79,11.1,2.0,12.972972972972974,1.6216216216216217,0.0,13,,2024-04-09,Doosan Bears,Hanwha Eagles,잠실
20240409KTNC02024,2.89,1.71,9.1,2.0,7.912087912087912,4.945054945054945,1.978021978021978,12,,8.25,2.08,12.0,3.0,8.25,6.0,2.25,12,,2024-04-09,NC Dinos,KT Wiz,창원
20240409LGHT02024,0.75,0.83,12.0,2.0,12.0,0.0,0.75,13,,0.0,1.4,10.0,2.0,5.4,7.2,0.0,14,,2024-04-09,Kia Tigers,LG Twins,광주
20240409SSLT02024,2.45,1.55,11.0,2.0,10.636363636363637,4.909090909090909,0.8181818181818182,12,,4.5,1.6,10.0,2.0,9.0,2.7,0.9,13,,2024-04-09,Lotte Giants,Samsung Lions,사직
20240409WOSK02024,4.5,1.9,10.0,3.0,7.2,6.3,2.7,12,,1.5,1.17,6.0,3.0,6.0,3.0,1.5,13,,2024-04-09,SSG Landers,Kiwoom Heroes,문학
20240410HHOB02024,1.86,0.88,19.1,3.0,5.183246073298429,0.9424083769633507,0.47120418848167533,12,,5.4,2.1,10.0,2.0,7.2,4.5,0.9,13,,2024-04-10,Doosan Bears,Hanwha Eagles,잠실
20240410KTNC02024,6.14,2.05,7.1,2.0,6.338028169014085,6.338028169014085,0.0,12,,4.0,1.17,18.0,3.0,10.0,2.0,0.5,12,,2024-04-10,NC Dinos,KT Wiz,창원
20240410LGHT02024,2.0,1.67,9.0,2.0,13.0,7.0,1.0,13,,5.06,1.44,16.0,3.0,9.5625,2.25,0.0,14,,2024-04-10,Kia Tigers,LG Twins,광주
20240410SSLT02024,4.41,0.98,16.1,3.0,10.62111801242236,1.1180124223602483,2.2360248447204967,12,,5.94,1.5,16.2,3.0,7.777777777777778,2.7777777777777777,2.7777777777777777,13,,2024-04-10,Lotte Giants,Samsung Lions,사직
20240410WOSK02024,2.63,1.17,13.2,3.0,10.227272727272728,4.772727272727273,0.6818181818181819,12,,5.06,1.31,16.0,3.0,6.75,2.25,1.125,13,,2024-04-10,SSG Landers,Kiwoom Heroes,문학
20240411HHOB02024,1.06,0.82,17.0,3.0,9.0,1.0588235294117647,0.0,12,,8.36,2.0,14.0,3.0,7.071428571428571,3.2142857142857144,0.0,13,,2024-04-11,Doosan Bears,Hanwha Eagles,잠실
20240411KTNC02024,1.56,0.98,17.1,3.0,5.789473684210526,1.0526315789473684,1.0526315789473684,12,,3.68,1.23,7.1,5.0,2.535211267605634,5.070422535211268,0.0,12,,2024-04-11,NC Dinos,KT Wiz,창원
20240411LGHT02024,5.4,1.4,15.0,3.0,7.8,4.2,1.2,13,,7.36,1.91,14.2,3.0,7.605633802816902,5.070422535211268,1.9014084507042255,14,,2024-04-11,Kia Tigers,LG Twins,광주
20240411SSLT02024,4.05,1.8,6.2,2.0,4.354838709677419,5.806451612903226,0.0,12,,7.9,1.76,13.2,3.0,6.136363636363637,2.0454545454545454,1.3636363636363638,13,,2024-04-11,Lotte Giants,Samsung Lions,사직
20240411WOSK02024,1.5,1.08,12.0,2.0,10.5,0.75,0.0,13,,3.6,1.1,10.0,2.0,4.5,2.7,0.0,13,,2024-04-11,SSG Landers,Kiwoom Heroes,문학
20240412HTHH02024,4.91,1.36,14.2,3.0,7.605633802816902,4.436619718309859,1.267605633802817,13,,3.72,1.55,9.2,2.0,8.804347826086957,5.869565217391305,0.0,13,,2024-04-12,Hanwha Eagles,Kia Tigers,대전
20240412LGOB02024,6.75,1.5,16.0,3.0,9.5625,1.6875,0.0,12,,4.0,1.44,18.0,3.0,5.5,2.0,1.0,13,,2024-04-12,Doosan Bears,LG Twins,잠실
20240412LTWO02024,3.86,1.16,16.1,3.0,8.944099378881987,2.795031055900621,1.6770186335403725,13,,4.7,1.5,15.1,3.0,9.536423841059603,2.384105960264901,0.5960264900662252,12,,2024-04-12,Kiwoom Heroes,Lotte Giants,고척
20240412NCSS02024,11.05,2.18,7.1,2.0,3.802816901408451,2.535211267605634,2.535211267605634,13,,0.93,0.83,19.1,3.0,8.481675392670157,0.47120418848167533,0.47120418848167533,12,,2024-04-12,Samsung Lions,NC Dinos,대구
20240412SKKT02024,10.29,1.57,14.0,3.0,10.285714285714286,3.2142857142857144,3.2142857142857144,12,,12.86,2.0,14.0,3.0,7.071428571428571,4.5,0.6428571428571429,13,,2024-04-12,KT Wiz,SSG Landers,수원
20240413HTHH02024,2.25,1.0,12.0,2.0,9.75,3.75,1.5,12,,4.32,1.38,16.2,3.0,4.444444444444445,4.444444444444445,1.1111111111111112,13,,2024-04-13,Hanwha Eagles,Kia Tigers,대전
20240413LGOB02024,8.1,3.9,3.1,3.0,5.806451612903226,8.709677419354838,0.0,13,,5.28,1.37,15.1,3.0,12.516556291390728,4.768211920529802,1.1920529801324504,13,,2024-04-13,Doosan Bears,LG Twins,잠실
20240413LTWO02024,4.5,1.43,14.0,3.0,2.5714285714285716,5.785714285714286,1.2857142857142858,13,,4.6,1.47,15.2,3.0,8.289473684210527,4.736842105263158,1.1842105263157896,12,,2024-04-13,Kiwoom Heroes,Lotte Giants,고척
20240413NCSS02024,9.0,2.0,3.0,1.0,6.0,9.0,0.0,13,,3.0,1.22,18.0,3.0,10.0,3.0,0.0,12,,2024-04-13,Samsung Lions,NC Dinos,대구
20240413SKKT02024,6.0,1.89,9.0,3.0,14.0,4.0,1.0,12,,10.5,2.67,6.0,2.0,12.0,12.0,4.5,13,,2024-04-13,KT Wiz,SSG Landers,수원
20240414HTHH02024,1.1,0.98,16.1,3.0,12.857142857142856,2.2360248447204967,0.0,12,,0.47,0.89,19.0,3.0,10.894736842105264,0.0,0.47368421052631576,13,,2024-04-14,Hanwha Eagles,Kia Tigers,대전
20240414LGOB02024,5.65,1.81,14.1,3.0,7.021276595744681,2.5531914893617023,0.0,12,,0.0,1.4,15.0,3.0,6.0,6.6,0.0,13,,2024-04-14,Doosan Bears,LG Twins,잠실
20240414LTWO02024,4.5,1.3,10.0,4.0,3.6,3.6,1.8,13,,3.86,1.71,16.1,3.0,11.180124223602483,5.0310559006211175,1.1180124223602483,12,,2024-04-14,Kiwoom Heroes,Lotte Giants,고척
20240414NCSS02024,3.38,1.31,16.0,3.0,7.3125,2.25,0.5625,13,,4.4,1.53,14.1,3.0,9.574468085106384,4.468085106382979,1.2765957446808511,12,,2024-04-14,Samsung Lions,NC Dinos,대구
20240414SKKT02024,6.35,1.88,17.0,4.0,8.470588235294118,5.823529411764706,1.588235294117647,12,,6.0,1.8,15.0,4.0,7.8,5.4,2.4,13,,2024-04-14,KT Wiz,SSG Landers,수원
20240416HHNC02024,4.05,1.43,13.1,3.0,5.4961832061068705,4.809160305343512,0.6870229007633588,12,,8.1,2.25,13.1,3.0,6.870229007633588,5.4961832061068705,1.3740458015267176,13,,2024-04-16,NC Dinos,Hanwha Eagles,창원
20240416HTSK02024,2.75,1.07,19.2,4.0,9.84375,3.75,0.9375,13,,6.23,1.38,4.1,3.0,4.390243902439025,4.390243902439025,0.0,13,,2024-04-16,SSG Landers,Kia Tigers,문학
20240416KTWO02024,5.73,1.41,22.0,4.0,7.7727272727272725,2.4545454545454546,1.6363636363636365,12,,3.75,1.13,24.0,4.0,9.0,1.5,0.75,12,,2024-04-16,Kiwoom Heroes,KT Wiz,고척
20240416LTLG02024,4.09,1.32,22.0,4.0,10.636363636363637,2.0454545454545454,0.0,13,,4.64,1.13,21.1,4.0,9.38388625592417,1.2796208530805686,2.132701421800948,13,,2024-04-16,LG Twins,Lotte Giants,잠실
20240416OBSS02024,6.86,1.68,19.2,4.0,8.90625,2.8125,2.8125,13,,6.75,0.75,2.2,2.0,8.181818181818182,0.0,0.0,13,,2024-04-16,Samsung Lions,Doosan Bears,대구
20240417HHNC02024,1.64,1.05,22.0,4.0,5.318181818181818,0.8181818181818182,1.2272727272727273,12,,5.85,1.55,20.0,4.0,8.55,3.15,0.0,13,,2024-04-17,NC Dinos,Hanwha Eagles,창원
20240417HTSK02024,3.44,1.31,18.1,3.0,9.447513812154696,0.9944751381215469,0.9944751381215469,13,,3.86,1.29,21.0,4.0,9.0,3.4285714285714284,0.8571428571428571,13,,2024-04-17,SSG Landers,Kia Tigers,문학
20240417KTWO02024,3.6,1.07,15.0,3.0,5.4,1.8,0.6,12,,0.0,3.0,1.0,1.0,0.0,18.0,0.0,12,,2024-04-17,Kiwoom Heroes,KT Wiz,고척
20240417LTLG02024,7.32,2.03,19.2,4.0,8.4375,4.6875,1.40625,13,,3.38,1.43,13.1,3.0,5.4961832061068705,3.435114503816794,0.6870229007633588,13,,2024-04-17,LG Twins,Lotte Giants,잠실
20240417OBSS02024,5.31,1.52,20.1,4.0,6.26865671641791,1.7910447761194028,0.8955223880597014,13,,3.86,1.71,7.0,9.0,6.428571428571429,2.5714285714285716,0.0,13,,2024-04-17,Samsung Lions,Doosan Bears,대구
20240418HTSK02024,14.4,2.27,15.0,4.0,7.8,5.4,1.2,12,,3.07,1.36,14.2,3.0,8.23943661971831,5.070422535211268,0.0,13,,2024-04-18,SSG Landers,Kia Tigers,문학
20240418KTWO02024,2.82,0.9,22.1,4.0,10.588235294117647,2.0361990950226243,1.2217194570135745,12,,7.65,1.4,20.0,4.0,9.9,3.15,2.7,12,,2024-04-18,Kiwoom Heroes,KT Wiz,고척
20240418LTLG02024,2.88,1.2,25.0,4.0,6.84,2.16,0.72,13,,6.52,1.86,19.1,4.0,8.01047120418848,2.827225130890052,0.9424083769633507,13,,2024-04-18,LG Twins,Lotte Giants,잠실
20240418OBSS02024,0.0,0.0,0.0,0.0,,,,13,,5.56,1.24,22.2,4.0,9.72972972972973,2.027027027027027,0.0,12,,2024-04-18,Samsung Lions,Doosan Bears,대구
20240419KTLT02024,4.98,1.48,21.2,4.0,8.49056603773585,4.245283018867925,0.8490566037735849,12,,10.64,2.36,11.0,4.0,12.272727272727273,3.272727272727273,0.8181818181818182,12,,2024-04-19,Lotte Giants,KT Wiz,사직
20240419LGSK02024,7.5,1.92,12.0,3.0,9.75,7.5,3.75,12,,5.95,1.58,19.2,4.0,12.65625,5.15625,0.9375,13,,2024-04-19,SSG Landers,LG Twins,문학
20240419NCHT02024,3.97,1.32,22.2,4.0,6.486486486486487,4.054054054054054,0.8108108108108109,13,,1.42,0.91,25.1,4.0,8.605577689243027,1.0756972111553784,0.3585657370517928,12,,2024-04-19,Kia Tigers,NC Dinos,광주
20240419SSHH02024,5.3,1.45,18.2,4.0,7.417582417582418,4.450549450549451,1.978021978021978,13,,6.0,1.5,6.0,2.0,7.5,4.5,0.0,13,,2024-04-19,Hanwha Eagles,Samsung Lions,대전
20240419WOOB02024,12.38,2.0,8.0,2.0,9.0,6.75,6.75,13,,3.6,1.4,20.0,4.0,2.7,4.5,0.9,13,,2024-04-19,Doosan Bears,Kiwoom Heroes,잠실
20240420NCHT02024,1.09,0.97,24.2,4.0,11.15702479338843,0.0,0.37190082644628103,13,,3.0,1.33,24.0,4.0,10.125,3.0,0.0,12,,2024-04-20,Kia Tigers,NC Dinos,광주
20240420SSHH02024,0.84,0.75,10.2,5.0,10.588235294117649,3.5294117647058827,0.8823529411764707,13,,3.38,1.31,21.1,4.0,6.824644549763033,2.132701421800948,1.2796208530805686,13,,2024-04-20,Hanwha Eagles,Samsung Lions,대전
20240421KTLT12024,4.61,1.13,27.1,5.0,8.302583025830257,1.3284132841328413,1.6605166051660516,13,,3.9,1.2,30.0,5.0,9.6,2.4,0.9,13,,2024-04-21,Lotte Giants,KT Wiz,사직
20240421KTLT22024,5.59,2.02,19.1,4.0,9.895287958115183,5.183246073298429,1.413612565445026,13,,6.55,1.82,22.0,5.0,8.590909090909092,4.909090909090909,1.2272727272727273,13,,2024-04-21,Lotte Giants,KT Wiz,사직
20240421LGSK12024,2.81,1.05,25.2,5.0,9.285714285714286,3.2142857142857144,1.0714285714285714,13,,3.54,1.25,28.0,5.0,9.964285714285714,2.25,0.32142857142857145,14,,2024-04-21,SSG Landers,LG Twins,문학
20240421LGSK22024,4.79,1.6,20.2,5.0,7.574257425742575,4.455445544554456,1.7821782178217822,13,,0.95,1.42,19.0,4.0,6.157894736842105,5.684210526315789,0.47368421052631576,14,,2024-04-21,SSG Landers,LG Twins,문학
20240421NCHT02024,7.04,1.43,7.2,4.0,5.0,2.5,1.25,13,,2.79,1.24,19.1,4.0,5.654450261780104,4.712041884816753,0.47120418848167533,12,,2024-04-21,Kia Tigers,NC Dinos,광주
20240421SSHH02024,1.27,1.08,21.1,4.0,13.649289099526065,2.985781990521327,0.42654028436018954,13,,6.48,1.56,25.0,5.0,9.0,2.88,2.52,13,,2024-04-21,Hanwha Eagles,Samsung Lions,대전
20240421WOOB12024,5.12,1.76,19.1,4.0,7.0680628272251305,3.2984293193717273,0.0,13,,5.46,1.39,28.0,5.0,7.714285714285714,2.25,1.2857142857142858,13,,2024-04-21,Doosan Bears,Kiwoom Heroes,잠실
20240421WOOB22024,2.96,1.03,24.1,4.0,5.228215767634855,2.240663900414938,0.37344398340248963,13,,0.0,1.13,5.1,5.0,1.7647058823529413,3.5294117647058827,0.0,13,,2024-04-21,Doosan Bears,Kiwoom Heroes,잠실
20240423HHKT02024,1.5,1.83,6.0,2.0,1.5,6.0,1.5,12,,6.27,2.09,18.2,4.0,7.912087912087912,4.945054945054945,1.4835164835164836,13,,2024-04-23,KT Wiz,Hanwha Eagles,수원
20240423HTWO02024,4.66,1.4,19.1,4.0,5.654450261780104,2.827225130890052,0.47120418848167533,13,,3.12,1.19,26.0,5.0,8.307692307692308,3.1153846153846154,0.6923076923076923,13,,2024-04-23,Kiwoom Heroes,Kia Tigers,고척
20240423LGSS02024,4.62,1.5,25.1,5.0,6.4541832669322705,2.151394422310757,1.0756972111553784,13,,6.93,2.07,24.2,5.0,9.297520661157025,4.834710743801653,1.859504132231405,13,,2024-04-23,Samsung Lions,LG Twins,대구
20240423NCOB02024,8.31,2.08,4.1,1.0,13.170731707317074,2.1951219512195124,6.585365853658537,13,,1.98,1.13,27.1,5.0,5.645756457564575,0.6642066420664207,0.9963099630996309,12,,2024-04-23,Doosan Bears,NC Dinos,잠실
20240424HHKT02024,5.46,1.11,28.0,5.0,9.0,2.892857142857143,1.9285714285714286,12,,5.33,1.33,27.0,5.0,9.0,3.0,0.3333333333333333,13,,2024-04-24,KT Wiz,Hanwha Eagles,수원
20240424HTWO02024,3.29,1.13,27.1,5.0,9.96309963099631,2.3247232472324724,0.9963099630996309,13,,4.35,1.31,20.2,4.0,7.574257425742575,4.00990099009901,0.8910891089108911,13,,2024-04-24,Kiwoom Heroes,Kia Tigers,고척
20240424LGSS02024,0.0,0.6,5.0,1.0,10.8,3.6,0.0,13,,3.19,1.29,31.0,5.0,6.387096774193548,2.032258064516129,0.5806451612903226,13,,2024-04-24,Samsung Lions,LG Twins,대구
20240424NCOB02024,6.18,1.37,27.2,5.0,10.257352941176471,3.308823529411765,0.33088235294117646,12,,6.62,1.64,17.2,4.0,9.94186046511628,4.186046511627907,2.0930232558139537,12,,2024-04-24,Doosan Bears,NC Dinos,잠실
20240424SKLT02024,4.91,1.53,18.1,4.0,4.972375690607734,2.983425414364641,0.9944751381215469,12,,11.25,1.9,20.0,5.0,7.2,4.5,0.9,13,,2024-04-24,Lotte Giants,SSG Landers,사직
20240425HHKT02024,7.88,2.31,16.0,5.0,10.125,3.9375,0.5625,12,,4.01,1.34,24.2,5.0,7.43801652892562,3.71900826446281,1.4876033057851241,13,,2024-04-25,KT Wiz,Hanwha Eagles,수원
20240425HTWO02024,0.0,0.0,0.0,0.0,,,,13,,3.77,1.29,28.2,5.0,6.702127659574468,3.1914893617021276,0.9574468085106383,13,,2024-04-25,Kiwoom Heroes,Kia Tigers,고척
20240425LGSS02024,5.19,1.73,8.2,3.0,6.585365853658537,5.487804878048781,0.0,13,,4.91,1.4,25.2,5.0,11.428571428571429,5.0,0.7142857142857143,13,,2024-04-25,Samsung Lions,LG Twins,대구
20240425NCOB02024,13.09,2.27,11.0,3.0,9.818181818181818,6.545454545454546,4.909090909090909,12,,1.67,0.84,32.1,5.0,7.289719626168224,1.4018691588785046,0.5607476635514018,12,,2024-04-25,Doosan Bears,NC Dinos,잠실
20240425SKLT02024,5.33,1.62,25.1,5.0,7.171314741035856,2.50996015936255,0.7171314741035856,12,,6.46,1.7,15.1,4.0,11.324503311258278,6.556291390728477,2.980132450331126,13,,2024-04-25,Lotte Giants,SSG Landers,사직
20240426HTLG02024,0.0,0.0,0.0,0.0,,,,14,,1.14,0.92,31.2,5.0,10.096153846153847,0.2884615384615385,0.2884615384615385,13,,2024-04-26,LG Twins,Kia Tigers,잠실
20240426KTSK02024,4.91,1.64,25.2,6.0,7.5,4.285714285714286,1.4285714285714286,13,,6.75,1.71,28.0,6.0,9.0,4.178571428571429,1.6071428571428572,12,,2024-04-26,SSG Landers,KT Wiz,문학
20240426LTNC02024,3.72,1.34,29.0,5.0,9.310344827586206,2.793103448275862,0.3103448275862069,12,,4.55,1.35,29.2,5.0,9.246575342465754,3.3904109589041096,1.2328767123287672,12,,2024-04-26,NC Dinos,Lotte Giants,창원
20240426OBHH02024,1.15,0.83,15.2,6.0,10.06578947368421,2.960526315789474,0.5921052631578948,13,,0.0,0.0,0.0,0.0,,,,12,,2024-04-26,Hanwha Eagles,Doosan Bears,대전
20240426SSWO02024,0.0,0.68,10.1,6.0,2.6732673267326734,1.7821782178217822,0.0,13,,2.63,1.17,27.1,5.0,7.638376383763838,2.3247232472324724,0.9963099630996309,13,,2024-04-26,Kiwoom Heroes,Samsung Lions,고척
20240427HTLG02024,5.18,1.36,33.0,6.0,9.818181818181818,2.4545454545454546,0.8181818181818182,14,,0.0,2.0,4.0,3.0,6.75,11.25,0.0,13,,2024-04-27,LG Twins,Kia Tigers,잠실
20240427KTSK02024,3.69,1.11,31.2,6.0,9.51923076923077,2.8846153846153846,1.153846153846154,12,,3.96,1.21,36.1,6.0,8.725761772853184,2.493074792243767,1.2465373961218835,12,,2024-04-27,SSG Landers,KT Wiz,문학
20240427LTNC02024,3.47,1.46,23.1,5.0,5.064935064935065,5.454545454545454,1.1688311688311688,12,,5.33,1.89,25.1,5.0,9.322709163346612,4.302788844621514,1.792828685258964,12,,2024-04-27,NC Dinos,Lotte Giants,창원
20240427OBHH02024,1.71,1.14,26.1,5.0,13.103448275862068,3.103448275862069,0.689655172413793,13,,2.13,1.11,12.2,13.0,9.59016393442623,2.9508196721311477,0.0,12,,2024-04-27,Hanwha Eagles,Doosan Bears,대전
20240427SSWO02024,5.14,1.4,35.0,6.0,7.2,1.8,1.542857142857143,13,,6.23,1.52,30.1,6.0,8.073089700996677,3.2890365448504983,2.093023255813953,13,,2024-04-27,Kiwoom Heroes,Samsung Lions,고척
20240428HTLG02024,2.45,1.64,22.0,5.0,6.136363636363637,5.318181818181818,1.2272727272727273,14,,2.61,1.26,31.0,6.0,9.0,2.903225806451613,0.5806451612903226,12,,2024-04-28,LG Twins,Kia Tigers,잠실
20240428KTSK02024,4.63,1.37,23.1,4.0,7.402597402597402,1.5584415584415583,1.1688311688311688,13,,2.45,1.45,11.0,3.0,4.090909090909091,4.090909090909091,1.6363636363636365,12,,2024-04-28,SSG Landers,KT Wiz,문학
20240428LTNC02024,2.7,1.23,33.1,6.0,5.438066465256798,0.8157099697885196,1.0876132930513596,12,,4.59,1.11,33.1,6.0,8.157099697885196,1.3595166163141994,1.3595166163141994,12,,2024-04-28,NC Dinos,Lotte Giants,창원
20240428OBHH02024,6.56,2.06,23.1,5.0,7.792207792207792,4.675324675324675,1.1688311688311688,13,,4.82,1.29,9.1,2.0,11.868131868131869,1.978021978021978,3.956043956043956,12,,2024-04-28,Hanwha Eagles,Doosan Bears,대전
20240428SSWO02024,4.26,1.22,25.1,5.0,5.737051792828685,2.151394422310757,0.7171314741035856,13,,4.75,1.45,30.1,6.0,6.877076411960132,2.093023255813953,0.8970099667774086,13,,2024-04-28,Kiwoom Heroes,Samsung Lions,고척
20240430KTHT02024,3.62,1.28,27.1,5.0,6.974169741697416,4.317343173431734,0.6642066420664207,12,,4.5,0.94,36.0,6.0,9.75,2.5,1.75,12,,2024-04-30,Kia Tigers,KT Wiz,광주
20240430LGNC02024,5.11,1.34,24.2,5.0,8.925619834710744,3.347107438016529,1.859504132231405,12,,4.17,1.42,36.2,6.0,5.966850828729282,2.2375690607734806,0.9944751381215469,14,,2024-04-30,NC Dinos,LG Twins,창원
20240430SKHH02024,5.91,1.41,32.0,6.0,8.71875,3.09375,0.28125,13,,4.05,1.5,6.2,3.0,11.612903225806452,5.806451612903226,1.4516129032258065,13,,2024-04-30,Hanwha Eagles,SSG Landers,대전
20240430SSOB02024,5.35,1.28,33.2,6.0,10.03012048192771,3.5240963855421685,0.2710843373493976,12,,0.0,0.9,10.0,2.0,12.6,7.2,0.0,13,,2024-04-30,Doosan Bears,Samsung Lions,잠실
20240430WOLT02024,6.26,1.65,23.0,5.0,4.304347826086956,2.347826086956522,1.565217391304348,12,,3.51,1.08,33.1,6.0,10.060422960725075,1.903323262839879,0.8157099697885196,13,,2024-04-30,Lotte Giants,Kiwoom Heroes,사직
20240501KTHT02024,3.53,1.18,35.2,6.0,6.90340909090909,2.8124999999999996,1.0227272727272727,12,,5.73,1.91,22.0,6.0,8.590909090909092,3.6818181818181817,0.4090909090909091,12,,2024-05-01,Kia Tigers,KT Wiz,광주
20240501LGNC02024,2.89,0.94,37.1,6.0,8.005390835579515,1.4555256064690025,0.7277628032345013,12,,3.98,1.26,31.2,6.0,10.096153846153847,4.615384615384616,0.576923076923077,13,,2024-05-01,NC Dinos,LG Twins,창원
20240501SKHH02024,5.02,1.5,28.2,6.0,7.021276595744681,4.1489361702127665,1.5957446808510638,13,,6.64,1.62,20.1,5.0,10.298507462686567,5.820895522388059,2.2388059701492535,13,,2024-05-01,Hanwha Eagles,SSG Landers,대전
20240501SSOB02024,1.57,0.83,23.0,4.0,9.391304347826088,1.173913043478261,0.0,13,,5.11,1.95,12.1,4.0,8.181818181818182,5.206611570247934,0.7438016528925621,14,,2024-05-01,Doosan Bears,Samsung Lions,잠실
20240501WOLT02024,4.78,1.53,32.0,6.0,7.03125,2.53125,0.5625,11,,7.36,1.64,3.2,1.0,0.0,8.4375,0.0,12,,2024-05-01,Lotte Giants,Kiwoom Heroes,사직
20240502KTHT02024,1.47,0.98,36.2,6.0,9.447513812154696,0.7458563535911602,0.24861878453038672,12,,6.23,1.59,34.2,7.0,8.68421052631579,3.421052631578947,1.5789473684210524,12,,2024-05-02,Kia Tigers,KT Wiz,광주
20240502LGNC02024,3.0,1.19,36.0,6.0,10.0,2.25,0.25,12,,6.39,1.87,31.0,7.0,8.419354838709678,3.774193548387097,1.4516129032258065,13,,2024-05-02,NC Dinos,LG Twins,창원
20240502SKHH02024,3.72,1.24,19.1,7.0,8.952879581151832,4.712041884816753,1.413612565445026,13,,4.65,1.65,31.0,7.0,8.129032258064516,3.774193548387097,1.1612903225806452,13,,2024-05-02,Hanwha Eagles,SSG Landers,대전
20240502SSOB02024,8.66,1.58,17.2,4.0,8.895348837209303,4.709302325581396,3.1395348837209305,13,,2.1,1.02,34.1,6.0,8.181818181818182,2.1114369501466275,0.7917888563049853,13,,2024-05-02,Doosan Bears,Samsung Lions,잠실
20240502WOLT02024,4.29,1.26,35.2,6.0,10.482954545454545,2.8124999999999996,1.534090909090909,12,,0.59,0.78,15.1,7.0,2.980132450331126,1.7880794701986755,0.0,12,,2024-05-02,Lotte Giants,Kiwoom Heroes,사직
20240503HHHT02024,5.87,1.96,7.2,4.0,6.25,7.5,2.5,13,,2.93,1.3,30.2,6.0,11.920529801324504,2.6821192052980134,0.5960264900662252,13,,2024-05-03,Kia Tigers,Hanwha Eagles,광주
20240503LTSS02024,5.35,1.47,35.1,7.0,8.205128205128204,3.333333333333333,1.7948717948717947,13,,5.04,1.88,30.1,6.0,9.269102990033222,3.8870431893687707,1.495016611295681,12,,2024-05-03,Samsung Lions,Lotte Giants,대구
20240503NCSK02024,4.17,1.17,36.2,7.0,10.193370165745856,2.486187845303867,1.740331491712707,13,,2.79,1.48,29.0,6.0,5.275862068965517,5.275862068965517,0.9310344827586207,12,,2024-05-03,SSG Landers,NC Dinos,문학
20240503OBLG02024,5.35,1.46,37.0,7.0,9.72972972972973,2.4324324324324325,0.972972972972973,13,,3.6,1.0,5.0,1.0,7.2,3.6,1.8,13,,2024-05-03,LG Twins,Doosan Bears,잠실
20240503WOKT02024,3.61,1.2,42.1,7.0,9.833729216152019,2.5653206650831355,1.0688836104513064,12,,4.61,1.39,41.0,7.0,7.463414634146342,1.975609756097561,1.3170731707317074,12,,2024-05-03,KT Wiz,Kiwoom Heroes,수원
20240504HHHT02024,4.08,1.42,35.1,7.0,9.487179487179487,2.8205128205128203,0.5128205128205128,13,,7.27,1.38,8.2,9.0,2.1951219512195124,1.0975609756097562,3.2926829268292686,13,,2024-05-04,Kia Tigers,Hanwha Eagles,광주
20240504LTSS02024,4.46,1.35,36.1,7.0,7.479224376731302,1.745152354570637,0.7479224376731302,13,,5.12,1.16,38.2,7.0,7.774869109947644,1.1780104712041883,1.413612565445026,12,,2024-05-04,Samsung Lions,Lotte Giants,대구
20240504NCSK02024,4.65,1.26,31.0,5.0,6.967741935483871,1.1612903225806452,1.4516129032258065,13,,0.0,0.0,0.0,0.0,,,,12,,2024-05-04,SSG Landers,NC Dinos,문학
20240504OBLG02024,3.67,1.63,27.0,6.0,6.666666666666667,4.666666666666667,1.3333333333333333,13,,5.73,1.73,11.0,3.0,11.454545454545455,4.090909090909091,3.272727272727273,13,,2024-05-04,LG Twins,Doosan Bears,잠실
20240504WOKT02024,4.4,1.47,14.1,4.0,4.468085106382979,3.8297872340425534,1.2765957446808511,12,,5.34,1.43,28.2,6.0,6.382978723404255,2.872340425531915,0.6382978723404256,12,,2024-05-04,KT Wiz,Kiwoom Heroes,수원
20240507OBWO02024,4.15,1.38,8.2,2.0,2.1951219512195124,5.487804878048781,0.0,12,,4.5,1.32,40.0,7.0,9.0,3.6,0.225,13,,2024-05-07,Kiwoom Heroes,Doosan Bears,고척
20240507SKLG02024,3.49,1.16,38.2,7.0,8.717277486910994,4.00523560209424,0.47120418848167533,13,,5.4,1.8,15.0,6.0,8.4,4.8,0.6,13,,2024-05-07,LG Twins,SSG Landers,잠실
20240508HHLT02024,4.65,1.38,40.2,7.0,11.194029850746269,2.9104477611940296,1.5671641791044775,12,,5.21,1.42,38.0,7.0,7.578947368421052,3.0789473684210527,0.23684210526315788,13,,2024-05-08,Lotte Giants,Hanwha Eagles,사직
20240508HTSS02024,1.79,0.99,40.1,7.0,7.406483790523691,2.2443890274314215,0.6733167082294265,13,,3.02,1.14,44.2,7.0,6.71945701357466,2.443438914027149,0.8144796380090498,13,,2024-05-08,Samsung Lions,Kia Tigers,대구
20240508NCKT02024,6.13,1.56,39.2,8.0,9.642857142857142,3.214285714285714,1.8367346938775508,12,,3.95,1.06,43.1,7.0,7.935034802784222,1.4617169373549883,1.0440835266821344,12,,2024-05-08,KT Wiz,NC Dinos,수원
20240508OBWO02024,2.61,1.02,20.2,8.0,3.5643564356435644,1.7821782178217822,0.44554455445544555,11,,1.61,0.93,28.0,5.0,9.642857142857142,1.2857142857142858,0.0,13,,2024-05-08,Kiwoom Heroes,Doosan Bears,고척
20240508SKLG02024,5.09,1.5,40.2,7.0,6.044776119402985,2.2388059701492535,1.3432835820895521,12,,4.89,1.66,35.0,8.0,7.9714285714285715,4.114285714285714,1.2857142857142858,13,,2024-05-08,LG Twins,SSG Landers,잠실
20240509HHLT02024,5.77,1.95,34.1,7.0,8.973607038123166,4.222873900293255,1.3196480938416422,12,,4.54,1.4,33.2,7.0,6.777108433734939,4.337349397590361,1.355421686746988,13,,2024-05-09,Lotte Giants,Hanwha Eagles,사직
20240509HTSS02024,1.8,1.0,15.0,3.0,10.2,6.0,0.0,13,,1.26,1.05,43.0,7.0,9.209302325581396,0.8372093023255814,0.20930232558139536,13,,2024-05-09,Samsung Lions,Kia Tigers,대구
20240509NCKT02024,3.28,1.09,49.1,8.0,9.531568228105906,2.3828920570264764,1.0997963340122199,12,,3.22,1.32,36.1,7.0,5.484764542936288,0.7479224376731302,1.2465373961218835,12,,2024-05-09,KT Wiz,NC Dinos,수원
20240509OBWO02024,4.13,1.27,48.0,8.0,7.125,2.0625,1.3125,11,,7.54,1.54,22.2,5.0,7.702702702702703,4.45945945945946,2.4324324324324325,13,,2024-05-09,Kiwoom Heroes,Doosan Bears,고척
20240509SKLG02024,5.5,1.72,36.0,8.0,9.5,3.5,1.25,12,,5.27,1.29,41.0,8.0,10.097560975609756,2.6341463414634148,1.7560975609756098,12,,2024-05-09,LG Twins,SSG Landers,잠실
20240510KTOB02024,3.38,1.38,8.0,2.0,7.875,4.5,1.125,13,,8.17,2.17,25.1,7.0,8.247011952191235,3.9442231075697207,1.0756972111553784,12,,2024-05-10,Doosan Bears,KT Wiz,잠실
20240510LGLT02024,4.03,1.47,38.0,7.0,6.631578947368421,2.3684210526315788,0.47368421052631576,12,,5.14,1.48,42.0,8.0,9.428571428571429,2.357142857142857,0.8571428571428571,12,,2024-05-10,Lotte Giants,LG Twins,사직
20240510SKHT02024,4.88,1.5,31.1,6.0,6.366559485530546,4.919614147909968,0.8681672025723473,13,,0.0,0.0,0.0,0.0,,,,13,,2024-05-10,Kia Tigers,SSG Landers,광주
20240510SSNC02024,3.48,1.23,41.1,7.0,8.978102189781021,2.627737226277372,0.437956204379562,12,,5.13,1.46,40.1,8.0,8.30423940149626,3.366583541147132,1.795511221945137,13,,2024-05-10,NC Dinos,Samsung Lions,창원
20240510WOHH02024,2.39,1.19,37.2,7.0,11.370967741935482,2.661290322580645,0.48387096774193544,13,,5.88,1.6,33.2,7.0,6.777108433734939,2.9819277108433733,0.8132530120481927,11,,2024-05-10,Hanwha Eagles,Kiwoom Heroes,대전
20240511LGLT02024,4.73,1.16,45.2,8.0,7.367256637168141,0.9955752212389379,1.393805309734513,12,,3.82,1.64,33.0,7.0,6.0,4.090909090909091,1.3636363636363635,12,,2024-05-11,Lotte Giants,LG Twins,사직
20240511SSNC02024,3.21,1.54,33.2,7.0,4.879518072289156,5.150602409638553,0.8132530120481927,12,,4.0,1.67,18.0,5.0,6.5,4.0,1.0,13,,2024-05-11,NC Dinos,Samsung Lions,창원
20240511WOHH02024,4.13,1.38,24.0,8.0,7.875,4.125,1.125,13,,3.6,1.1,40.0,7.0,9.45,1.575,0.675,12,,2024-05-11,Hanwha Eagles,Kiwoom Heroes,대전
20240512KTOB12024,5.28,1.7,15.1,4.0,9.536423841059603,4.172185430463577,2.384105960264901,13,,4.68,0.97,42.1,7.0,9.619952494061758,2.351543942992874,1.9239904988123515,13,,2024-05-12,Doosan Bears,KT Wiz,잠실
20240512KTOB22024,4.3,1.3,46.0,8.0,8.41304347826087,3.3260869565217392,0.1956521739130435,13,,3.72,1.34,19.1,5.0,3.7696335078534027,3.2984293193717273,0.9424083769633507,13,,2024-05-12,Doosan Bears,KT Wiz,잠실
20240512LGLT02024,0.0,0.0,0.0,0.0,,,,12,,0.0,0.0,0.0,0.0,,,,13,,2024-05-12,Lotte Giants,LG Twins,사직
20240512SKHT12024,5.68,1.89,12.2,5.0,5.163934426229509,6.639344262295082,2.2131147540983607,14,,4.89,1.37,35.0,6.0,7.9714285714285715,2.057142857142857,1.2857142857142858,14,,2024-05-12,Kia Tigers,SSG Landers,광주
20240512SKHT22024,4.76,1.68,11.1,8.0,7.297297297297297,5.675675675675675,0.8108108108108109,14,,4.5,1.6,20.0,7.0,9.0,4.5,0.9,14,,2024-05-12,Kia Tigers,SSG Landers,광주
20240512SSNC02024,3.98,1.23,31.2,6.0,8.653846153846153,2.8846153846153846,1.4423076923076923,12,,4.04,1.32,42.1,8.0,7.4821852731591445,1.4964370546318289,0.6413301662707839,13,,2024-05-12,NC Dinos,Samsung Lions,창원
20240512WOHH02024,0.0,0.0,0.0,0.0,,,,13,,6.1,1.94,10.1,12.0,5.346534653465347,6.237623762376238,0.0,13,,2024-05-12,Hanwha Eagles,Kiwoom Heroes,대전
20240514LTKT02024,6.2,1.53,45.0,9.0,10.2,3.0,2.0,12,,4.13,1.23,48.0,8.0,11.8125,2.4375,1.3125,12,,2024-05-14,KT Wiz,Lotte Giants,수원
20240514NCHH02024,5.65,1.44,43.0,8.0,8.162790697674419,2.7209302325581395,0.20930232558139536,13,,3.65,1.09,49.1,8.0,7.3319755600814664,1.4663951120162932,1.0997963340122199,11,,2024-05-14,Hanwha Eagles,NC Dinos,대전
20240514OBHT02024,2.66,1.07,50.2,8.0,6.633466135458167,2.151394422310757,0.7171314741035856,13,,1.59,0.97,34.0,6.0,9.0,1.3235294117647058,0.0,13,,2024-05-14,Kia Tigers,Doosan Bears,광주
20240514SSSK02024,5.63,1.6,40.0,9.0,7.65,4.275,1.125,13,,1.55,0.97,46.1,8.0,7.4186550976138825,2.5379609544468544,0.5856832971800434,13,,2024-05-14,SSG Landers,Samsung Lions,문학
20240514WOLG02024,5.52,1.49,45.2,8.0,6.57079646017699,2.1902654867256635,1.393805309734513,13,,2.55,1.05,24.2,9.0,4.090909090909091,1.859504132231405,0.37190082644628103,12,,2024-05-14,LG Twins,Kiwoom Heroes,잠실
20240515NCHH02024,5.55,1.54,35.2,8.0,6.90340909090909,4.602272727272727,1.534090909090909,13,,3.4,1.35,42.1,8.0,6.4133016627078385,0.6413301662707839,1.2826603325415677,11,,2024-05-15,Hanwha Eagles,NC Dinos,대전
20240515OBHT02024,1.47,1.08,49.0,8.0,9.36734693877551,0.9183673469387755,0.3673469387755102,13,,6.83,1.41,27.2,6.0,7.279411764705882,3.639705882352941,2.3161764705882355,13,,2024-05-15,Kia Tigers,Doosan Bears,광주
20240516LTKT02024,3.09,1.05,55.1,9.0,9.473684210526315,2.2867513611615244,0.9800362976406534,12,,4.53,1.51,43.2,8.0,6.458333333333333,2.9166666666666665,0.625,12,,2024-05-16,KT Wiz,Lotte Giants,수원
20240516NCHH02024,2.68,1.26,43.2,8.0,10.833333333333332,2.708333333333333,0.41666666666666663,13,,2.98,1.14,48.1,8.0,9.355509355509355,2.4324324324324325,0.3742203742203742,11,,2024-05-16,Hanwha Eagles,NC Dinos,대전
20240516OBHT02024,4.34,1.42,37.1,7.0,6.307277628032344,4.609164420485175,0.7277628032345013,13,,5.33,1.93,27.0,8.0,6.666666666666667,4.666666666666667,0.0,13,,2024-05-16,Kia Tigers,Doosan Bears,광주
20240516SSSK02024,5.13,1.25,47.1,9.0,9.936305732484076,2.8662420382165603,1.5286624203821655,12,,4.76,1.41,45.1,9.0,8.980044345898005,3.1929046563192904,1.5964523281596452,13,,2024-05-16,SSG Landers,Samsung Lions,문학
20240516WOLG02024,4.66,1.41,48.1,9.0,8.981288981288982,2.4324324324324325,0.7484407484407484,12,,4.0,1.3,54.0,9.0,6.833333333333333,2.0,1.1666666666666667,12,,2024-05-16,LG Twins,Kiwoom Heroes,잠실
20240517HHSS02024,1.71,1.0,21.0,4.0,8.571428571428571,5.571428571428571,0.0,13,,4.18,1.46,28.0,9.0,8.678571428571429,4.5,0.9642857142857143,13,,2024-05-17,Samsung Lions,Hanwha Eagles,대구
20240517HTNC02024,2.79,1.53,38.2,8.0,5.890052356020942,5.183246073298429,0.706806282722513,11,,6.75,1.65,20.0,10.0,5.4,3.15,0.9,13,,2024-05-17,NC Dinos,Kia Tigers,창원
20240517LGKT02024,7.76,2.14,31.1,8.0,7.524115755627009,3.472668810289389,1.157556270096463,12,,4.93,1.62,42.0,9.0,9.642857142857142,3.4285714285714284,1.0714285714285714,12,,2024-05-17,KT Wiz,LG Twins,수원
20240517LTOB02024,4.64,1.45,21.1,5.0,9.38388625592417,3.4123222748815163,2.559241706161137,13,,4.53,1.22,51.2,9.0,7.55859375,1.0546875,1.40625,12,,2024-05-17,Doosan Bears,Lotte Giants,잠실
20240517SKWO02024,3.13,1.07,46.0,8.0,8.804347826086957,1.7608695652173914,0.5869565217391305,12,,0.0,1.33,3.0,1.0,18.0,3.0,0.0,12,,2024-05-17,Kiwoom Heroes,SSG Landers,고척
20240518HHSS02024,3.86,1.24,49.0,9.0,8.26530612244898,1.2857142857142858,0.7346938775510204,13,,0.0,0.67,6.0,1.0,0.0,1.5,0.0,13,,2024-05-18,Samsung Lions,Hanwha Eagles,대구
20240518HTNC02024,4.3,1.25,37.2,7.0,8.46774193548387,3.1451612903225805,1.4516129032258063,11,,4.58,1.47,17.2,6.0,4.709302325581396,4.709302325581396,1.5697674418604652,13,,2024-05-18,NC Dinos,Kia Tigers,창원
20240518LGKT02024,6.75,1.5,24.0,19.0,5.625,2.25,0.75,11,,3.74,1.32,43.1,8.0,8.979118329466356,4.593967517401392,0.4176334106728538,13,,2024-05-18,KT Wiz,LG Twins,수원
20240518LTOB02024,3.81,1.25,52.0,9.0,8.826923076923077,3.2884615384615383,0.17307692307692307,13,,6.27,2.01,37.1,8.0,8.247978436657682,4.123989218328841,1.4555256064690025,12,,2024-05-18,Doosan Bears,Lotte Giants,잠실
20240518SKWO02024,7.9,1.68,13.2,3.0,2.7272727272727275,4.772727272727273,1.3636363636363638,13,,6.75,1.71,9.1,5.0,9.89010989010989,8.901098901098901,1.978021978021978,12,,2024-05-18,Kiwoom Heroes,SSG Landers,고척
20240519HHSS02024,4.03,1.57,22.1,6.0,6.9230769230769225,3.665158371040724,0.8144796380090498,13,,5.33,1.45,49.0,9.0,8.63265306122449,2.5714285714285716,0.1836734693877551,13,,2024-05-19,Samsung Lions,Hanwha Eagles,대구
20240519HTNC02024,0.0,0.0,0.0,0.0,,,,12,,3.34,1.15,56.2,9.0,6.405693950177936,2.2419928825622772,0.9608540925266903,13,,2024-05-19,NC Dinos,Kia Tigers,창원
20240519LGKT02024,11.25,2.5,4.0,5.0,2.25,6.75,2.25,12,,3.23,1.51,39.0,8.0,6.6923076923076925,3.6923076923076925,1.1538461538461537,13,,2024-05-19,KT Wiz,LG Twins,수원
20240519LTOB02024,1.8,1.0,40.0,7.0,8.325,1.35,0.225,13,,0.0,0.0,0.0,0.0,,,,13,,2024-05-19,Doosan Bears,Lotte Giants,잠실
20240519SKWO02024,2.12,1.04,29.2,10.0,3.6986301369863015,2.4657534246575343,0.3082191780821918,13,,4.89,1.48,46.0,10.0,8.021739130434783,4.108695652173913,0.9782608695652174,12,,2024-05-19,Kiwoom Heroes,SSG Landers,고척
20240521HTLT02024,3.83,1.26,54.0,9.0,12.0,2.6666666666666665,1.1666666666666667,12,,1.83,1.13,54.0,9.0,9.333333333333334,1.3333333333333333,0.3333333333333333,13,,2024-05-21,Lotte Giants,Kia Tigers,사직
20240521KTSS02024,2.06,1.01,52.1,9.0,7.255278310940499,2.5911708253358925,0.690978886756238,13,,6.04,1.66,22.1,6.0,3.257918552036199,4.072398190045249,1.6289592760180995,12,,2024-05-21,Samsung Lions,KT Wiz,대구
20240521LGHH02024,8.78,2.21,26.2,6.0,7.213740458015267,4.465648854961832,2.0610687022900764,13,,4.88,1.49,51.2,9.0,6.85546875,1.93359375,1.23046875,13,,2024-05-21,Hanwha Eagles,LG Twins,대전
20240521NCWO02024,5.82,1.71,38.2,8.0,6.596858638743455,3.06282722513089,0.706806282722513,13,,3.17,1.28,48.1,9.0,6.735966735966736,0.5613305613305614,1.1226611226611227,12,,2024-05-21,Kiwoom Heroes,NC Dinos,고척
20240521SKOB02024,7.26,1.48,31.0,7.0,6.67741935483871,3.193548387096774,2.3225806451612905,12,,6.75,1.82,9.1,5.0,5.934065934065934,4.945054945054945,0.989010989010989,12,,2024-05-21,Doosan Bears,SSG Landers,잠실
20240522HTLT02024,3.99,1.43,49.2,9.0,6.768292682926829,2.74390243902439,0.548780487804878,12,,4.25,1.44,42.1,8.0,6.199524940617577,4.489311163895486,0.8551068883610451,13,,2024-05-22,Lotte Giants,Kia Tigers,사직
20240522KTSS02024,4.47,1.34,52.1,10.0,9.155470249520153,3.1094049904030707,1.5547024952015354,13,,2.89,1.01,62.1,10.0,9.27536231884058,2.318840579710145,0.8695652173913043,12,,2024-05-22,Samsung Lions,KT Wiz,대구
20240522LGHH02024,4.91,2.18,7.1,6.0,5.070422535211268,5.070422535211268,0.0,13,,5.37,1.54,52.0,10.0,8.826923076923077,2.769230769230769,0.6923076923076923,13,,2024-05-22,Hanwha Eagles,LG Twins,대전
20240522NCWO02024,4.12,1.39,59.0,10.0,6.559322033898305,2.440677966101695,1.0677966101694916,12,,2.93,1.08,55.1,9.0,9.310344827586206,2.2867513611615244,0.32667876588021777,12,,2024-05-22,Kiwoom Heroes,NC Dinos,고척
20240522SKOB02024,9.0,2.0,4.0,5.0,4.5,9.0,2.25,12,,4.92,1.3,53.0,10.0,9.339622641509434,3.2264150943396226,1.528301886792453,12,,2024-05-22,Doosan Bears,SSG Landers,잠실
20240523HTLT02024,4.01,1.13,58.1,10.0,7.590361445783133,1.0843373493975903,1.2392426850258176,12,,3.45,1.91,15.2,10.0,7.105263157894737,7.697368421052632,0.5921052631578948,13,,2024-05-23,Lotte Giants,Kia Tigers,사직
20240523KTSS02024,2.08,1.12,26.0,5.0,8.307692307692308,5.538461538461538,0.34615384615384615,13,,8.07,2.16,35.2,9.0,7.926136363636363,3.8352272727272725,1.0227272727272727,12,,2024-05-23,Samsung Lions,KT Wiz,대구
20240523LGHH02024,4.86,1.44,33.1,10.0,9.244712990936556,4.350453172205438,1.3595166163141994,13,,4.56,1.63,47.1,10.0,9.554140127388536,3.4394904458598723,1.1464968152866242,13,,2024-05-23,Hanwha Eagles,LG Twins,대전
20240523NCWO02024,3.55,1.18,50.2,9.0,9.143426294820717,2.330677290836653,0.5378486055776892,12,,3.09,1.53,43.2,9.0,5.416666666666666,5.0,0.625,12,,2024-05-23,Kiwoom Heroes,NC Dinos,고척
20240523SKOB02024,3.95,1.39,27.1,6.0,8.634686346863468,3.321033210332103,2.3247232472324724,12,,5.63,1.63,24.0,8.0,9.0,4.125,1.125,13,,2024-05-23,Doosan Bears,SSG Landers,잠실
20240524HHSK02024,1.5,1.33,6.0,2.0,15.0,1.5,0.0,13,,4.0,1.11,9.0,2.0,1.0,2.0,0.0,13,,2024-05-24,SSG Landers,Hanwha Eagles,문학
20240524NCLG02024,3.65,1.32,49.1,9.0,8.615071283095723,4.582484725050916,0.5498981670061099,13,,4.15,1.62,13.0,12.0,6.230769230769231,5.538461538461538,1.3846153846153846,12,,2024-05-24,LG Twins,NC Dinos,잠실
20240524OBHT02024,4.37,1.41,22.2,7.0,5.27027027027027,4.054054054054054,1.6216216216216217,13,,3.92,1.31,57.1,10.0,8.82661996497373,3.467600700525394,0.15761821366024517,12,,2024-05-24,Kia Tigers,Doosan Bears,광주
20240524SSLT02024,7.13,2.04,41.2,9.0,8.519417475728154,3.932038834951456,1.966019417475728,12,,4.05,1.35,53.1,10.0,8.135593220338983,1.5254237288135593,0.6779661016949152,13,,2024-05-24,Lotte Giants,Samsung Lions,사직
20240524WOKT02024,3.86,1.5,4.2,4.0,10.714285714285714,8.571428571428571,0.0,12,,4.73,1.8,13.1,13.0,7.557251908396947,6.183206106870229,0.0,13,,2024-05-24,KT Wiz,Kiwoom Heroes,수원
20240525HHSK02024,5.12,1.49,51.0,11.0,7.9411764705882355,4.235294117647059,1.0588235294117647,13,,4.83,1.39,54.0,10.0,8.5,2.5,0.16666666666666666,13,,2024-05-25,SSG Landers,Hanwha Eagles,문학
20240525NCLG02024,3.89,1.52,44.0,9.0,6.954545454545454,3.6818181818181817,1.2272727272727273,13,,1.8,1.2,5.0,1.0,7.2,3.6,0.0,12,,2024-05-25,LG Twins,NC Dinos,잠실
20240525OBHT02024,3.16,1.13,62.2,10.0,6.366559485530546,2.170418006430868,0.8681672025723473,13,,1.76,0.96,46.0,8.0,8.217391304347826,1.173913043478261,0.391304347826087,12,,2024-05-25,Kia Tigers,Doosan Bears,광주
20240525SSLT02024,0.0,0.0,0.0,0.0,,,,12,,7.3,1.95,24.2,7.0,7.066115702479339,5.206611570247934,2.231404958677686,13,,2024-05-25,Lotte Giants,Samsung Lions,사직
20240525WOKT02024,5.82,1.47,51.0,10.0,10.235294117647058,3.0,1.9411764705882353,13,,2.34,1.15,34.2,11.0,3.6842105263157894,2.894736842105263,0.2631578947368421,13,,2024-05-25,KT Wiz,Kiwoom Heroes,수원
20240526NCLG02024,5.72,1.57,56.2,10.0,6.725978647686833,2.4021352313167257,1.4412811387900355,13,,3.67,1.07,56.1,9.0,7.219251336898395,1.2834224598930482,1.1229946524064172,12,,2024-05-26,LG Twins,NC Dinos,잠실
20240526OBHT02024,1.65,1.1,60.0,10.0,9.3,1.5,0.3,13,,2.3,0.96,31.1,5.0,4.630225080385852,2.02572347266881,0.28938906752411575,12,,2024-05-26,Kia Tigers,Doosan Bears,광주
20240526SSLT02024,3.5,1.22,61.2,10.0,11.617647058823529,2.6470588235294117,1.0294117647058822,12,,2.35,1.06,57.1,10.0,7.408056042031523,2.5218914185639227,0.6304728546409807,13,,2024-05-26,Lotte Giants,Samsung Lions,사직
20240528HTNC02024,3.02,1.3,53.2,10.0,6.597744360902255,0.6766917293233082,1.0150375939849623,12,,4.47,1.49,46.1,9.0,6.052060737527115,4.490238611713666,0.7809110629067245,13,,2024-05-28,NC Dinos,Kia Tigers,창원
20240528KTOB02024,6.75,1.5,36.0,8.0,6.25,3.25,2.0,12,,2.99,1.0,69.1,11.0,9.50795947901592,2.214182344428365,0.9117221418234444,13,,2024-05-28,Doosan Bears,KT Wiz,잠실
20240528LGSK02024,4.58,1.22,59.0,11.0,9.305084745762711,3.0508474576271185,1.3728813559322033,13,,5.43,1.58,56.1,11.0,8.823529411764707,2.727272727272727,0.6417112299465241,13,,2024-05-28,SSG Landers,LG Twins,문학
20240528LTHH02024,7.39,1.93,31.2,7.0,7.211538461538462,4.038461538461538,1.7307692307692308,13,,3.59,1.32,57.2,10.0,6.136363636363636,2.5174825174825175,0.47202797202797203,11,,2024-05-28,Hanwha Eagles,Lotte Giants,대전
20240528WOSS02024,4.17,1.3,58.1,11.0,9.604130808950085,3.4079173838209984,1.3941480206540446,13,,4.13,1.36,65.1,11.0,6.497695852534563,2.350230414746544,1.1059907834101383,13,,2024-05-28,Samsung Lions,Kiwoom Heroes,대구
20240529HTNC02024,2.74,1.07,62.1,10.0,8.695652173913043,2.1739130434782608,0.2898550724637681,12,,4.35,2.32,10.1,3.0,12.475247524752476,9.801980198019802,0.8910891089108911,13,,2024-05-29,NC Dinos,Kia Tigers,창원
20240529KTOB02024,3.9,1.39,32.1,7.0,8.411214953271028,3.364485981308411,1.9626168224299065,12,,7.3,2.07,40.2,10.0,7.835820895522388,3.805970149253731,0.8955223880597014,12,,2024-05-29,Doosan Bears,KT Wiz,잠실
20240529LGSK02024,7.56,1.8,25.0,9.0,9.0,4.68,1.08,12,,4.78,1.58,52.2,11.0,9.137931034482758,3.4482758620689653,1.206896551724138,13,,2024-05-29,SSG Landers,LG Twins,문학
20240529LTHH02024,4.7,1.43,38.1,11.0,8.976377952755906,4.724409448818897,1.1811023622047243,13,,3.99,1.16,65.1,11.0,8.018433179723504,0.9677419354838711,1.1059907834101383,11,,2024-05-29,Hanwha Eagles,Lotte Giants,대전
20240529WOSS02024,3.41,1.23,31.2,6.0,8.653846153846153,4.903846153846154,0.2884615384615385,13,,3.47,1.14,57.0,10.0,8.68421052631579,2.3684210526315788,0.7894736842105263,12,,2024-05-29,Samsung Lions,Kiwoom Heroes,대구
20240530HTNC02024,3.44,1.51,49.2,10.0,6.036585365853658,4.939024390243902,0.7317073170731707,12,,4.55,1.45,27.2,8.0,5.294117647058823,3.639705882352941,1.6544117647058825,13,,2024-05-30,NC Dinos,Kia Tigers,창원
20240530KTOB02024,3.5,1.23,64.1,11.0,8.985959438377536,3.229329173166927,0.140405616224649,12,,5.63,1.88,8.0,5.0,7.875,5.625,0.0,11,,2024-05-30,Doosan Bears,KT Wiz,잠실
20240530LGSK02024,6.3,1.7,10.0,3.0,17.1,1.8,1.8,12,,3.74,1.36,55.1,10.0,8.166969147005444,4.7368421052631575,0.6533575317604355,13,,2024-05-30,SSG Landers,LG Twins,문학
20240530LTHH02024,4.76,2.03,11.1,7.0,5.675675675675675,5.675675675675675,0.0,13,,7.49,2.1,45.2,10.0,8.960176991150442,4.97787610619469,1.7920353982300883,11,,2024-05-30,Hanwha Eagles,Lotte Giants,대전
20240530WOSS02024,4.21,1.4,57.2,11.0,8.339160839160838,1.7307692307692306,0.7867132867132867,13,,6.27,1.5,18.2,4.0,5.43956043956044,4.450549450549451,0.989010989010989,13,,2024-05-30,Samsung Lions,Kiwoom Heroes,대구
20240531HHSS02024,5.6,1.42,17.2,12.0,5.7558139534883725,2.0930232558139537,1.0465116279069768,13,,5.4,1.66,21.2,23.0,7.216981132075472,4.669811320754717,0.8490566037735849,13,,2024-05-31,Samsung Lions,Hanwha Eagles,대구
20240531KTHT02024,2.84,1.12,69.2,11.0,6.242774566473988,1.9508670520231213,0.7803468208092486,13,,5.3,1.43,56.0,11.0,10.446428571428571,2.892857142857143,1.7678571428571428,11,,2024-05-31,Kia Tigers,KT Wiz,광주
20240531LGOB02024,2.76,1.1,49.0,9.0,8.448979591836734,1.2857142857142858,0.3673469387755102,13,,3.86,1.57,49.0,10.0,7.346938775510204,3.857142857142857,1.2857142857142858,13,,2024-05-31,Doosan Bears,LG Twins,잠실
20240531NCLT02024,6.23,1.38,4.1,1.0,10.975609756097562,2.1951219512195124,0.0,11,,5.79,2.04,9.1,3.0,5.934065934065934,12.857142857142858,0.0,12,,2024-05-31,Lotte Giants,NC Dinos,사직
20240531SKWO02024,2.68,1.29,40.1,12.0,3.591022443890274,3.366583541147132,0.44887780548628425,12,,4.88,1.48,55.1,12.0,7.676950998185117,4.246823956442831,0.9800362976406534,12,,2024-05-31,Kiwoom Heroes,SSG Landers,고척
20240601HHSS02024,2.86,1.14,63.0,11.0,7.428571428571429,2.4285714285714284,0.5714285714285714,13,,6.39,1.42,12.2,3.0,3.6885245901639347,2.2131147540983607,0.0,13,,2024-06-01,Samsung Lions,Hanwha Eagles,대구
20240601KTHT02024,1.64,1.08,66.0,11.0,9.272727272727273,1.6363636363636365,0.2727272727272727,13,,5.53,1.59,27.2,8.0,3.308823529411765,3.639705882352941,1.3235294117647058,11,,2024-06-01,Kia Tigers,KT Wiz,광주
20240601LGOB02024,3.38,1.07,34.2,6.0,4.2105263157894735,2.631578947368421,1.0526315789473684,12,,5.6,1.5,62.2,11.0,6.221864951768488,2.170418006430868,1.3022508038585208,13,,2024-06-01,Doosan Bears,LG Twins,잠실
20240601NCLT02024,5.4,1.2,3.1,1.0,11.612903225806452,2.903225806451613,0.0,12,,4.01,1.12,60.2,10.0,7.176079734219269,1.6445182724252492,1.0465116279069766,12,,2024-06-01,Lotte Giants,NC Dinos,사직
20240601SKWO02024,3.38,1.31,5.1,2.0,8.823529411764707,3.5294117647058827,0.0,12,,0.0,0.0,0.0,0.0,,,,12,,2024-06-01,Kiwoom Heroes,SSG Landers,고척
20240602HHSS02024,4.26,1.33,63.1,12.0,9.41362916006339,3.2805071315372425,1.2836767036450079,13,,6.93,1.83,37.2,8.0,7.016129032258064,3.387096774193548,1.4516129032258063,13,,2024-06-02,Samsung Lions,Hanwha Eagles,대구
20240602KTHT02024,4.91,1.56,51.1,10.0,5.98825831702544,4.755381604696673,1.2328767123287672,13,,2.87,0.97,75.1,12.0,9.587217043941413,2.157123834886818,0.8388814913448736,11,,2024-06-02,Kia Tigers,KT Wiz,광주
20240602LGOB02024,4.82,1.71,9.1,3.0,6.923076923076923,6.923076923076923,0.989010989010989,13,,5.2,1.51,62.1,12.0,9.27536231884058,2.608695652173913,0.5797101449275363,13,,2024-06-02,Doosan Bears,LG Twins,잠실
20240602NCLT02024,4.62,1.44,62.1,11.0,6.231884057971015,2.753623188405797,0.5797101449275363,12,,3.88,1.38,55.2,11.0,6.358695652173913,0.8152173913043478,0.9782608695652173,12,,2024-06-02,Lotte Giants,NC Dinos,사직
20240602SKWO02024,5.21,1.68,19.0,15.0,5.684210526315789,5.684210526315789,0.9473684210526315,13,,7.77,1.77,24.1,7.0,9.33609958506224,5.601659751037344,2.240663900414938,12,,2024-06-02,Kiwoom Heroes,SSG Landers,고척
20240604HHKT02024,5.19,1.06,43.1,8.0,9.39675174013921,2.71461716937355,1.8793503480278422,12,,4.06,1.4,44.1,12.0,8.979591836734693,5.1020408163265305,1.0204081632653061,13,,2024-06-04,KT Wiz,Hanwha Eagles,수원
20240604LTHT02024,0.0,1.5,4.0,3.0,11.25,9.0,0.0,13,,3.88,1.18,72.0,12.0,7.875,1.0,1.125,12,,2024-06-04,Kia Tigers,Lotte Giants,광주
20240604OBNC02024,3.21,1.13,67.1,11.0,8.718330849478392,2.414307004470939,0.4023845007451565,12,,4.25,1.44,36.0,8.0,8.25,3.5,1.75,13,,2024-06-04,NC Dinos,Doosan Bears,창원
20240604SSSK02024,6.83,1.76,29.0,10.0,8.379310344827585,4.655172413793103,0.9310344827586207,12,,4.67,1.5,34.2,7.0,8.421052631578947,4.7368421052631575,0.5263157894736842,13,,2024-06-04,SSG Landers,Samsung Lions,문학
20240604WOLG02024,0.0,0.0,0.0,0.0,,,,13,,3.77,1.16,62.0,11.0,8.564516129032258,2.3225806451612905,1.1612903225806452,11,,2024-06-04,LG Twins,Kiwoom Heroes,잠실
20240605HHKT02024,5.68,1.5,12.2,6.0,7.3770491803278695,5.163934426229509,0.7377049180327869,12,,0.0,0.0,0.0,0.0,,,,13,,2024-06-05,KT Wiz,Hanwha Eagles,수원
20240605LTHT02024,4.28,1.43,33.2,9.0,5.9638554216867465,2.9819277108433733,1.897590361445783,13,,3.32,1.06,21.2,18.0,6.7924528301886795,2.1226415094339623,0.42452830188679247,12,,2024-06-05,Kia Tigers,Lotte Giants,광주
20240605OBNC02024,4.42,1.58,53.0,11.0,6.113207547169812,4.9245283018867925,0.6792452830188679,12,,3.2,1.19,70.1,12.0,8.858773181169758,3.33808844507846,0.12838801711840228,13,,2024-06-05,NC Dinos,Doosan Bears,창원
20240605SSSK02024,5.06,1.44,16.0,4.0,14.625,2.8125,1.125,12,,3.76,1.36,64.2,12.0,7.850467289719626,1.822429906542056,0.7009345794392523,13,,2024-06-05,SSG Landers,Samsung Lions,문학
20240605WOLG02024,3.82,1.35,61.1,11.0,7.806873977086743,4.566284779050736,0.7364975450081833,13,,5.74,1.7,42.1,9.0,6.199524940617577,2.9928741092636577,0.8551068883610451,12,,2024-06-05,LG Twins,Kiwoom Heroes,잠실
20240606HHKT02024,5.23,1.42,62.0,12.0,10.161290322580646,2.903225806451613,1.596774193548387,12,,4.5,1.4,60.0,11.0,8.25,2.55,0.15,12,,2024-06-06,KT Wiz,Hanwha Eagles,수원
20240606LTHT02024,3.36,1.17,75.0,12.0,6.12,2.04,0.84,13,,3.86,1.07,9.1,2.0,6.923076923076923,1.978021978021978,0.989010989010989,12,,2024-06-06,Kia Tigers,Lotte Giants,광주
20240606OBNC02024,0.0,0.0,0.0,0.0,,,,13,,2.95,1.15,55.0,10.0,8.345454545454546,1.309090909090909,0.32727272727272727,13,,2024-06-06,NC Dinos,Doosan Bears,창원
20240606SSSK02024,4.7,1.4,61.1,13.0,8.101472995090017,3.9770867430441896,1.0310965630114566,11,,7.34,1.99,30.2,10.0,5.960264900662252,4.172185430463577,2.0860927152317883,13,,2024-06-06,SSG Landers,Samsung Lions,문학
20240606WOLG02024,3.64,1.51,54.1,11.0,7.319778188539741,3.8262476894639557,1.164510166358595,13,,3.13,1.35,46.0,13.0,3.717391304347826,3.5217391304347827,0.5869565217391305,12,,2024-06-06,LG Twins,Kiwoom Heroes,잠실
20240607HTOB02024,3.63,1.08,39.2,7.0,4.362244897959183,2.7551020408163263,1.1479591836734693,13,,1.48,1.04,73.0,12.0,9.246575342465754,1.726027397260274,0.2465753424657534,13,,2024-06-07,Doosan Bears,Kia Tigers,잠실
20240607LGKT02024,5.29,1.61,32.1,9.0,3.925233644859813,3.644859813084112,1.4018691588785046,12,,5.11,1.43,68.2,12.0,6.070381231671554,1.9794721407624634,1.187683284457478,13,,2024-06-07,KT Wiz,LG Twins,수원
20240607NCHH02024,3.35,1.38,45.2,9.0,10.353982300884955,3.1858407079646014,0.3982300884955752,12,,3.97,1.14,65.2,11.0,7.45398773006135,1.656441717791411,0.9662576687116564,13,,2024-06-07,Hanwha Eagles,NC Dinos,대전
20240607SKLT02024,3.24,1.08,8.1,2.0,7.777777777777778,2.2222222222222223,1.1111111111111112,12,,0.0,1.4,5.0,1.0,10.8,7.2,0.0,11,,2024-06-07,Lotte Giants,SSG Landers,사직
20240607SSWO02024,5.4,1.6,10.0,3.0,9.0,3.6,2.7,11,,3.0,1.16,69.0,12.0,6.913043478260869,2.4782608695652173,0.6521739130434783,13,,2024-06-07,Kiwoom Heroes,Samsung Lions,고척
20240608HTOB02024,5.54,1.77,13.0,4.0,6.230769230769231,6.230769230769231,0.6923076923076923,14,,0.0,0.0,0.0,0.0,,,,13,,2024-06-08,Doosan Bears,Kia Tigers,잠실
20240608LGKT02024,2.62,0.92,82.1,13.0,9.317904993909867,2.082825822168088,0.7673568818514008,13,,4.87,1.45,68.1,13.0,9.251101321585903,2.775330396475771,0.6607929515418502,13,,2024-06-08,KT Wiz,LG Twins,수원
20240608NCHH02024,5.84,1.75,44.2,9.0,7.330316742081448,3.4615384615384612,1.2217194570135745,12,,3.97,1.39,59.0,12.0,6.101694915254237,0.7627118644067796,0.9152542372881356,13,,2024-06-08,Hanwha Eagles,NC Dinos,대전
20240608SSWO02024,3.86,1.31,72.1,12.0,6.740638002773926,2.2468793342579754,0.998613037447989,11,,3.88,1.31,69.2,13.0,9.104046242774567,3.121387283236994,1.1705202312138727,13,,2024-06-08,Kiwoom Heroes,Samsung Lions,고척
20240609HTOB02024,3.73,1.34,41.0,9.0,7.463414634146342,3.292682926829268,1.5365853658536586,14,,5.2,1.62,53.2,11.0,6.090225563909774,4.906015037593985,1.3533834586466165,13,,2024-06-09,Doosan Bears,Kia Tigers,잠실
20240609LGKT02024,5.32,1.06,47.1,9.0,8.980891719745223,2.6751592356687897,1.7197452229299361,13,,7.82,1.93,25.1,30.0,8.605577689243027,6.4541832669322705,0.3585657370517928,13,,2024-06-09,KT Wiz,LG Twins,수원
20240609NCHH02024,7.27,1.56,17.1,4.0,5.263157894736842,3.157894736842105,0.5263157894736842,12,,2.91,1.12,74.1,12.0,8.987854251012147,2.4291497975708505,0.3643724696356276,13,,2024-06-09,Hanwha Eagles,NC Dinos,대전
20240609SKLT12024,4.84,1.46,67.0,12.0,5.91044776119403,2.6865671641791047,0.5373134328358209,13,,5.4,1.35,61.2,12.0,8.970588235294118,3.5294117647058822,1.6176470588235294,14,,2024-06-09,Lotte Giants,SSG Landers,사직
20240609SKLT22024,3.44,1.11,81.0,13.0,8.0,0.8888888888888888,1.0,13,,5.66,1.54,35.0,11.0,8.228571428571428,3.857142857142857,0.7714285714285715,14,,2024-06-09,Lotte Giants,SSG Landers,사직
20240609SSWO02024,3.44,1.12,68.0,12.0,8.470588235294118,2.25,1.0588235294117647,11,,4.2,1.35,40.2,8.0,8.283582089552239,4.029850746268656,0.6716417910447761,13,,2024-06-09,Kiwoom Heroes,Samsung Lions,고척
20240611HHOB02024,3.18,1.18,76.1,13.0,8.751642575558476,3.1931668856767415,0.23653088042049936,13,,4.5,1.25,4.0,1.0,9.0,2.25,2.25,12,,2024-06-11,Doosan Bears,Hanwha Eagles,잠실
20240611HTSK02024,4.09,1.27,22.0,5.0,14.727272727272727,2.4545454545454546,0.8181818181818182,13,,4.19,1.45,38.2,10.0,6.12565445026178,3.2984293193717273,1.6492146596858637,13,,2024-06-11,SSG Landers,Kia Tigers,문학
20240611KTNC02024,4.19,1.57,58.0,12.0,6.827586206896552,5.120689655172414,0.6206896551724138,13,,7.47,1.91,15.2,7.0,7.697368421052632,6.5131578947368425,0.5921052631578948,13,,2024-06-11,NC Dinos,KT Wiz,창원
20240611LGSS02024,4.13,1.38,69.2,13.0,7.673410404624277,1.8208092485549132,0.7803468208092486,13,,4.18,1.36,28.0,28.0,9.0,3.5357142857142856,0.32142857142857145,13,,2024-06-11,Samsung Lions,LG Twins,대구
20240611WOLT02024,3.04,1.05,26.2,19.0,6.526717557251908,2.0610687022900764,0.3435114503816794,12,,5.32,1.67,47.1,10.0,6.305732484076433,3.2484076433121016,0.7643312101910827,11,,2024-06-11,Lotte Giants,Kiwoom Heroes,사직
20240612HHOB02024,3.1,1.16,61.0,11.0,8.852459016393443,1.4754098360655739,0.4426229508196721,13,,4.09,1.36,66.0,12.0,7.909090909090909,2.4545454545454546,0.13636363636363635,12,,2024-06-12,Doosan Bears,Hanwha Eagles,잠실
20240612HTSK02024,4.34,1.39,66.1,14.0,8.305597579425115,4.357034795763994,0.9531013615733738,13,,3.44,1.16,81.0,13.0,6.222222222222222,2.0,0.8888888888888888,13,,2024-06-12,SSG Landers,Kia Tigers,문학
20240612KTNC02024,7.94,1.76,5.2,1.0,5.1923076923076925,3.4615384615384612,0.0,13,,4.85,1.37,68.2,13.0,10.161290322580644,2.6392961876832843,1.4516129032258065,13,,2024-06-12,NC Dinos,KT Wiz,창원
20240612LGSS02024,8.46,1.92,27.2,18.0,5.955882352941177,5.294117647058823,2.6470588235294117,13,,3.73,1.51,60.1,12.0,7.18801996672213,3.7437603993344424,1.0482529118136439,13,,2024-06-12,Samsung Lions,LG Twins,대구
20240612WOLT02024,3.68,1.16,14.2,3.0,5.070422535211268,4.436619718309859,1.267605633802817,12,,6.65,1.66,21.2,5.0,5.09433962264151,5.09433962264151,0.8490566037735849,12,,2024-06-12,Lotte Giants,Kiwoom Heroes,사직
20240613HHOB02024,7.2,1.52,40.0,9.0,6.3,3.15,2.025,13,,3.65,1.44,49.1,10.0,10.081466395112017,3.4826883910386965,0.3665987780040733,12,,2024-06-13,Doosan Bears,Hanwha Eagles,잠실
20240613HTSK02024,9.95,2.68,6.1,2.0,10.327868852459018,10.327868852459018,0.0,13,,1.82,1.07,79.1,13.0,8.761061946902656,1.706700379266751,0.45512010113780027,13,,2024-06-13,SSG Landers,Kia Tigers,문학
20240613KTNC02024,3.89,1.17,71.2,12.0,7.331460674157303,1.7696629213483146,0.8848314606741573,13,,4.58,1.55,37.1,10.0,4.366576819407008,3.8814016172506736,1.2129380053908356,12,,2024-06-13,NC Dinos,KT Wiz,창원
20240613LGSS02024,7.64,1.97,33.0,11.0,6.2727272727272725,4.363636363636363,1.9090909090909092,13,,5.06,1.43,74.2,13.0,5.82210242587601,1.9407008086253368,1.2129380053908356,13,,2024-06-13,Samsung Lions,LG Twins,대구
20240613WOLT02024,8.27,2.2,49.0,11.0,8.816326530612244,5.6938775510204085,1.653061224489796,12,,0.0,0.0,0.0,0.0,,,,12,,2024-06-13,Lotte Giants,Kiwoom Heroes,사직
20240614HTKT02024,3.19,1.0,87.1,14.0,9.092996555683124,2.273249138920781,0.8266360505166476,12,,18.0,3.0,3.0,1.0,12.0,9.0,0.0,13,,2024-06-14,KT Wiz,Kia Tigers,수원
20240614LTLG02024,4.79,1.47,73.1,14.0,9.110807113543093,3.20109439124487,0.7387140902872777,13,,5.59,1.66,9.2,3.0,8.804347826086957,6.847826086956522,0.9782608695652175,12,,2024-06-14,LG Twins,Lotte Giants,잠실
20240614OBWO02024,3.79,1.35,78.1,13.0,7.029449423815621,2.189500640204866,0.9218950064020487,12,,3.94,1.18,45.2,8.0,3.9823008849557517,2.986725663716814,1.1946902654867255,12,,2024-06-14,Kiwoom Heroes,Doosan Bears,고척
20240614SKHH02024,5.9,1.79,50.1,10.0,6.4670658682634725,3.2335329341317363,1.0778443113772456,12,,5.97,1.62,37.2,12.0,7.741935483870967,3.8709677419354835,0.7258064516129031,13,,2024-06-14,Hanwha Eagles,SSG Landers,대전
20240614SSNC02024,3.82,1.3,66.0,13.0,5.7272727272727275,0.6818181818181818,1.0909090909090908,13,,4.6,1.33,74.1,14.0,8.623481781376519,3.036437246963563,1.2145748987854252,13,,2024-06-14,NC Dinos,Samsung Lions,창원
20240615HTKT02024,4.78,1.06,52.2,10.0,9.310344827586206,2.9310344827586206,1.5517241379310345,12,,4.76,1.62,58.2,12.0,6.185567010309278,4.948453608247423,1.2371134020618557,13,,2024-06-15,KT Wiz,Kia Tigers,수원
20240615LTLG02024,3.86,1.32,30.1,29.0,9.568106312292358,3.2890365448504983,0.2990033222591362,13,,5.13,1.5,72.0,13.0,5.875,2.5,0.625,12,,2024-06-15,LG Twins,Lotte Giants,잠실
20240615OBWO02024,3.68,1.15,73.1,13.0,8.987688098495212,2.4623803009575926,0.984952120383037,12,,6.49,1.88,34.2,10.0,6.052631578947368,4.7368421052631575,0.5263157894736842,12,,2024-06-15,Kiwoom Heroes,Doosan Bears,고척
20240615SKHH02024,3.99,1.5,47.1,13.0,8.789808917197451,5.732484076433121,0.9554140127388535,12,,4.92,1.34,67.2,13.0,8.705357142857142,3.482142857142857,1.4732142857142856,13,,2024-06-15,Hanwha Eagles,SSG Landers,대전
20240615SSNC02024,3.04,1.18,80.0,13.0,9.225,2.25,0.3375,13,,3.66,1.31,46.2,9.0,7.792207792207792,3.896103896103896,0.5844155844155844,13,,2024-06-15,NC Dinos,Samsung Lions,창원
20240616HTKT02024,9.17,2.09,17.2,8.0,7.848837209302326,6.802325581395349,2.0930232558139537,12,,4.6,1.49,43.0,11.0,6.069767441860465,3.13953488372093,1.6744186046511629,13,,2024-06-16,KT Wiz,Kia Tigers,수원
20240616LTLG02024,0.0,0.0,0.0,0.0,,,,13,,3.45,1.12,88.2,14.0,8.061224489795919,0.9183673469387755,1.0204081632653061,12,,2024-06-16,LG Twins,Lotte Giants,잠실
20240616OBWO02024,4.99,1.61,52.1,11.0,6.564299424184261,3.45489443378119,0.690978886756238,12,,3.64,1.24,81.2,14.0,8.645320197044335,3.3251231527093594,0.22167487684729062,12,,2024-06-16,Kiwoom Heroes,Doosan Bears,고척
20240616SKHH02024,2.7,0.9,10.0,2.0,5.4,1.8,0.9,12,,7.48,1.73,27.2,8.0,8.602941176470589,5.625,1.9852941176470589,13,,2024-06-16,Hanwha Eagles,SSG Landers,대전
20240616SSNC02024,4.4,1.61,61.1,13.0,6.62847790507365,5.155482815057283,0.7364975450081833,13,,3.98,1.38,74.2,14.0,7.641509433962264,1.6981132075471697,0.7277628032345013,13,,2024-06-16,NC Dinos,Samsung Lions,창원
20240618LGHT02024,3.74,1.19,86.2,14.0,6.473317865429234,1.9837587006960555,0.9396751740139211,13,,3.56,1.49,65.2,13.0,7.177914110429447,3.5889570552147236,1.1042944785276072,13,,2024-06-18,Kia Tigers,LG Twins,광주
20240618LTKT02024,5.04,1.35,75.0,14.0,10.32,2.52,1.56,12,,3.31,1.07,32.2,20.0,7.826086956521738,2.2360248447204967,0.2795031055900621,12,,2024-06-18,KT Wiz,Lotte Giants,수원
20240618NCOB02024,3.22,1.18,67.0,12.0,8.865671641791044,1.3432835820895523,0.40298507462686567,12,,8.64,2.28,8.1,2.0,6.666666666666667,8.88888888888889,0.0,13,,2024-06-18,Doosan Bears,NC Dinos,잠실
20240618SKSS02024,8.62,2.01,31.1,19.0,5.498392282958199,5.787781350482315,2.8938906752411575,13,,5.04,1.56,25.0,6.0,14.04,2.88,0.72,12,,2024-06-18,Samsung Lions,SSG Landers,대구
20240618WOHH02024,3.75,1.38,72.0,13.0,7.375,2.25,0.125,12,,3.67,1.43,49.0,14.0,3.489795918367347,3.857142857142857,0.5510204081632653,13,,2024-06-18,Hanwha Eagles,Kiwoom Heroes,청주
20240619LGHT02024,2.21,1.11,85.1,14.0,9.0951821386604,1.6921269095182139,0.5287896592244419,13,,5.23,1.4,82.2,14.0,5.802919708029197,1.8613138686131385,1.4233576642335766,13,,2024-06-19,Kia Tigers,LG Twins,광주
20240619LTKT02024,8.1,2.1,10.0,2.0,5.4,0.9,0.0,12,,8.17,2.15,54.0,12.0,8.333333333333334,5.5,1.6666666666666667,12,,2024-06-19,KT Wiz,Lotte Giants,수원
20240619NCOB02024,6.9,1.55,45.2,10.0,6.172566371681415,3.1858407079646014,1.7920353982300883,12,,3.78,1.13,78.2,13.0,7.135549872122762,1.7263427109974423,0.9207161125319693,13,,2024-06-19,Doosan Bears,NC Dinos,잠실
20240619SKSS02024,3.04,1.18,74.0,13.0,6.6891891891891895,2.675675675675676,0.7297297297297297,13,,4.29,1.39,71.1,15.0,8.481012658227849,4.556962025316456,0.8860759493670887,12,,2024-06-19,Samsung Lions,SSG Landers,대구
20240619WOHH02024,3.32,1.38,21.2,11.0,6.367924528301887,2.9716981132075473,0.42452830188679247,12,,9.0,1.5,4.0,1.0,2.25,0.0,0.0,12,,2024-06-19,Hanwha Eagles,Kiwoom Heroes,청주
20240620LGHT02024,6.75,1.88,8.0,2.0,12.375,4.5,0.0,13,,4.76,1.44,79.1,15.0,8.874841972187106,3.072060682680152,0.7964601769911505,13,,2024-06-20,Kia Tigers,LG Twins,광주
20240620LTKT02024,3.93,1.12,89.1,15.0,9.090909090909092,2.9292929292929295,0.9090909090909092,12,,2.57,1.14,21.0,4.0,6.857142857142857,3.857142857142857,0.8571428571428571,12,,2024-06-20,KT Wiz,Lotte Giants,수원
20240620NCOB02024,4.01,1.2,51.2,9.0,3.8671875,2.8125,1.23046875,12,,4.06,1.31,71.0,14.0,5.704225352112676,0.6338028169014085,1.267605633802817,13,,2024-06-20,Doosan Bears,NC Dinos,잠실
20240620SKSS02024,4.71,1.29,80.1,15.0,9.10112359550562,2.808988764044944,1.4606741573033708,13,,5.91,1.69,42.2,13.0,7.677725118483412,4.052132701421801,0.6398104265402843,12,,2024-06-20,Samsung Lions,SSG Landers,대구
20240620WOHH02024,6.55,1.83,56.1,11.0,6.737967914438502,3.368983957219251,1.2834224598930482,12,,3.95,1.35,84.1,14.0,7.063020214030916,2.033293697978597,0.8561236623067777,13,,2024-06-20,Hanwha Eagles,Kiwoom Heroes,청주
20240621HHHT02024,4.38,1.57,63.2,13.0,6.408227848101266,4.841772151898734,1.1392405063291138,13,,4.38,1.52,51.1,14.0,8.454011741682974,5.459882583170255,1.0567514677103718,12,,2024-06-21,Kia Tigers,Hanwha Eagles,광주
20240621KTLG02024,2.45,1.09,3.2,1.0,0.0,2.8125,0.0,13,,4.45,1.06,58.2,11.0,9.123711340206185,2.783505154639175,1.3917525773195876,11,,2024-06-21,LG Twins,KT Wiz,잠실
20240621LTWO02024,3.52,1.17,79.1,14.0,8.874841972187106,2.6169405815423517,0.9102402022756005,12,,5.19,1.49,78.0,14.0,6.230769230769231,2.6538461538461537,0.5769230769230769,12,,2024-06-21,Kiwoom Heroes,Lotte Giants,고척
20240621NCSK02024,6.35,1.94,11.1,3.0,9.72972972972973,7.297297297297297,0.0,13,,3.18,1.19,85.0,14.0,9.31764705882353,2.1176470588235294,0.6352941176470588,13,,2024-06-21,SSG Landers,NC Dinos,문학
20240621OBSS02024,3.48,1.34,51.2,10.0,7.91015625,4.04296875,0.52734375,13,,4.2,1.44,45.0,10.0,7.0,3.6,1.4,12,,2024-06-21,Samsung Lions,Doosan Bears,대구
20240622LTWO02024,4.68,1.47,59.2,12.0,6.081081081081081,3.1925675675675675,0.6081081081081081,12,,3.42,1.15,94.2,15.0,7.834394904458598,0.9554140127388535,0.9554140127388535,12,,2024-06-22,Kiwoom Heroes,Lotte Giants,고척
20240622NCSK02024,4.71,1.36,72.2,14.0,8.850415512465373,3.6149584487534625,1.371191135734072,13,,4.46,1.59,66.2,14.0,6.525679758308157,4.8942598187311175,0.8157099697885196,13,,2024-06-22,SSG Landers,NC Dinos,문학
20240623HHHT12024,4.31,1.42,48.0,12.0,6.375,2.8125,1.5,14,,3.38,1.3,80.0,14.0,7.5375,2.025,0.1125,12,,2024-06-23,Kia Tigers,Hanwha Eagles,광주
20240623HHHT22024,4.5,1.58,12.0,7.0,7.5,3.75,1.5,14,,1.69,0.88,16.0,3.0,7.875,2.25,0.5625,12,,2024-06-23,Kia Tigers,Hanwha Eagles,광주
20240623KTLG12024,4.53,1.56,59.2,12.0,8.969594594594595,3.1925675675675675,1.064189189189189,14,,3.38,2.63,2.2,3.0,8.181818181818182,12.272727272727272,0.0,13,,2024-06-23,LG Twins,KT Wiz,잠실
20240623KTLG22024,3.86,1.56,70.0,14.0,7.2,3.857142857142857,1.0285714285714285,14,,5.11,1.32,81.0,15.0,10.444444444444445,2.4444444444444446,1.6666666666666667,13,,2024-06-23,LG Twins,KT Wiz,잠실
20240623LTWO02024,6.58,1.54,26.0,6.0,4.153846153846154,4.153846153846154,1.0384615384615385,13,,0.0,0.0,0.0,1.0,,,,12,,2024-06-23,Kiwoom Heroes,Lotte Giants,고척
20240623NCSK02024,4.65,1.52,31.0,7.0,13.064516129032258,3.193548387096774,1.1612903225806452,13,,9.13,2.12,22.2,13.0,6.486486486486487,3.6486486486486487,2.4324324324324325,13,,2024-06-23,SSG Landers,NC Dinos,문학
20240623OBSS12024,3.9,1.39,80.2,15.0,7.855361596009975,1.795511221945137,0.7855361596009974,14,,3.08,1.16,73.0,13.0,8.753424657534246,1.2328767123287672,0.3698630136986301,14,,2024-06-23,Samsung Lions,Doosan Bears,대구
20240623OBSS22024,5.4,1.92,8.1,2.0,3.3333333333333335,7.777777777777778,0.0,14,,5.9,1.71,39.2,11.0,6.658163265306122,4.13265306122449,0.4591836734693877,14,,2024-06-23,Samsung Lions,Doosan Bears,대구
20240625HTLT02024,8.08,2.14,59.0,13.0,8.23728813559322,5.338983050847458,1.5254237288135593,12,,2.26,1.1,91.2,15.0,9.078947368421053,1.6776315789473684,0.5921052631578947,13,,2024-06-25,Lotte Giants,Kia Tigers,사직
20240625KTSK02024,4.34,1.37,76.2,16.0,8.385826771653543,4.606299212598425,0.8267716535433071,12,,9.0,2.0,15.0,3.0,6.0,0.6,0.0,12,,2024-06-25,SSG Landers,KT Wiz,문학
20240625NCWO02024,10.13,2.44,10.2,7.0,7.9411764705882355,7.9411764705882355,0.0,11,,4.97,1.34,41.2,8.0,8.300970873786408,3.7135922330097086,1.3106796116504853,13,,2024-06-25,Kiwoom Heroes,NC Dinos,고척
20240625OBHH02024,0.0,0.0,0.0,0.0,,,,12,,7.02,1.52,50.0,11.0,6.48,2.88,1.98,13,,2024-06-25,Hanwha Eagles,Doosan Bears,대전
20240625SSLG02024,5.13,1.46,87.2,15.0,5.6766055045871555,2.270642201834862,1.341743119266055,13,,2.93,1.19,80.0,14.0,6.525,2.8125,0.675,13,,2024-06-25,LG Twins,Samsung Lions,잠실
20240626HTLT02024,3.76,1.25,26.1,5.0,7.241379310344827,3.4482758620689653,2.068965517241379,12,,3.86,1.36,14.0,3.0,10.928571428571429,3.857142857142857,0.0,13,,2024-06-26,Lotte Giants,Kia Tigers,사직
20240626KTSK02024,5.66,1.66,47.2,14.0,7.245762711864407,4.194915254237288,0.5720338983050847,12,,4.97,1.58,41.2,12.0,4.150485436893204,4.150485436893204,1.0922330097087378,12,,2024-06-26,SSG Landers,KT Wiz,문학
20240626NCWO02024,3.65,1.27,91.1,15.0,7.014270032930845,1.8770581778265643,0.7903402854006587,12,,3.72,1.12,84.2,14.0,7.054631828978622,1.7102137767220902,0.9619952494061758,13,,2024-06-26,Kiwoom Heroes,NC Dinos,고척
20240626OBHH02024,6.35,1.84,62.1,12.0,6.521739130434782,3.6231884057971016,1.3043478260869565,12,,3.53,1.13,58.2,10.0,4.175257731958762,2.4742268041237114,1.0824742268041236,13,,2024-06-26,Hanwha Eagles,Doosan Bears,대전
20240626SSLG02024,4.85,1.45,85.1,16.0,8.46063454759107,3.066980023501763,0.8460634547591069,13,,4.33,1.26,87.1,16.0,9.196326061997704,2.6865671641791047,1.3432835820895523,13,,2024-06-26,LG Twins,Samsung Lions,잠실
20240627HTLT02024,5.25,1.51,84.0,15.0,6.321428571428571,2.892857142857143,0.5357142857142857,12,,4.0,1.51,69.2,14.0,6.763005780346821,4.812138728323699,1.0404624277456647,13,,2024-06-27,Lotte Giants,Kia Tigers,사직
20240627KTSK02024,5.09,1.64,17.2,4.0,11.511627906976745,4.709302325581396,1.0465116279069768,13,,4.25,1.05,65.2,12.0,9.110429447852761,2.622699386503067,1.2423312883435582,12,,2024-06-27,SSG Landers,KT Wiz,문학
20240627NCWO02024,3.27,1.14,85.1,15.0,8.883666274970624,2.6439482961222094,0.8460634547591069,12,,3.92,1.26,78.0,15.0,5.423076923076923,0.6923076923076923,1.1538461538461537,13,,2024-06-27,Kiwoom Heroes,NC Dinos,고척
20240627OBHH02024,3.65,1.54,24.2,12.0,5.9504132231404965,3.347107438016529,0.37190082644628103,12,,4.89,1.45,49.2,11.0,7.134146341463414,3.6585365853658534,1.646341463414634,13,,2024-06-27,Hanwha Eagles,Doosan Bears,대전
20240627SSLG02024,1.17,1.43,7.2,2.0,5.0,6.25,0.0,13,,3.49,1.32,56.2,11.0,7.846975088967971,3.843416370106761,0.6405693950177935,13,,2024-06-27,LG Twins,Samsung Lions,잠실
20240628HHLT02024,3.28,1.14,101.2,16.0,7.737154150197628,0.9782608695652174,0.9782608695652174,12,,2.49,1.11,21.2,4.0,8.066037735849056,2.1226415094339623,0.42452830188679247,12,,2024-06-28,Lotte Giants,Hanwha Eagles,사직
20240628LGNC02024,3.05,1.16,91.1,15.0,9.28649835345774,2.074643249176729,0.592755214050494,13,,4.91,1.55,22.0,18.0,7.363636363636363,4.5,0.8181818181818182,13,,2024-06-28,NC Dinos,LG Twins,창원
20240628SKOB02024,4.1,1.31,85.2,15.0,8.661971830985916,3.591549295774648,0.4225352112676056,13,,4.69,1.36,78.2,15.0,8.746803069053708,3.7979539641943734,1.49616368286445,13,,2024-06-28,Doosan Bears,SSG Landers,잠실
20240628SSKT02024,12.79,2.37,6.1,6.0,5.901639344262295,2.9508196721311477,2.9508196721311477,12,,3.74,1.4,86.2,16.0,7.517401392111369,2.088167053364269,0.7308584686774942,13,,2024-06-28,KT Wiz,Samsung Lions,수원
20240628WOHT02024,3.63,1.44,17.1,8.0,6.842105263157894,2.631578947368421,1.0526315789473684,13,,4.73,1.53,64.2,13.0,6.02803738317757,3.644859813084112,0.5607476635514018,12,,2024-06-28,Kia Tigers,Kiwoom Heroes,광주
20240629SKOB02024,6.33,1.76,42.2,12.0,6.611374407582938,4.052132701421801,0.6398104265402843,13,,5.05,1.51,35.2,8.0,13.551136363636363,3.579545454545454,1.534090909090909,13,,2024-06-29,Doosan Bears,SSG Landers,잠실
20240630LGNC02024,5.01,1.33,46.2,9.0,8.181818181818182,3.506493506493506,1.1688311688311688,14,,3.96,1.56,75.0,15.0,7.44,4.2,0.96,14,,2024-06-30,NC Dinos,LG Twins,창원
20240630SKOB02024,7.12,1.51,54.1,12.0,6.487985212569316,2.99445471349353,1.8299445471349352,12,,4.41,1.36,81.2,17.0,8.75615763546798,4.433497536945812,0.8866995073891625,13,,2024-06-30,Doosan Bears,SSG Landers,잠실
20240630SSKT12024,6.14,1.45,22.0,4.0,6.136363636363637,0.4090909090909091,0.0,13,,3.14,1.2,86.0,15.0,6.593023255813954,2.7209302325581395,0.7325581395348837,13,,2024-06-30,KT Wiz,Samsung Lions,수원
20240630SSKT22024,11.17,2.17,9.2,7.0,4.891304347826087,1.956521739130435,3.91304347826087,13,,0.0,0.0,0.0,0.0,,,,13,,2024-06-30,KT Wiz,Samsung Lions,수원
20240702HTSS02024,4.01,1.21,94.1,17.0,9.373007438894794,2.5823591923485654,1.2433581296493093,11,,2.51,1.18,96.2,16.0,8.981288981288982,1.7775467775467775,0.6548856548856549,13,,2024-07-02,Samsung Lions,Kia Tigers,대구
20240702KTHH02024,0.0,1.0,6.0,1.0,10.5,3.0,0.0,12,,4.06,1.17,95.1,16.0,8.89589905362776,3.0283911671924293,0.9463722397476342,12,,2024-07-02,Hanwha Eagles,KT Wiz,대전
20240702LGWO02024,3.39,1.23,98.1,16.0,7.706422018348625,1.834862385321101,0.7339449541284404,13,,4.66,1.33,96.2,16.0,5.426195426195426,2.058212058212058,1.2162162162162162,12,,2024-07-02,Kiwoom Heroes,LG Twins,고척
20250308HTLT02025,0.0,0.0,0.0,0.0,,,,43,,0.0,0.0,0.0,0.0,,,,46,,2025-03-08,Lotte Giants,Kia Tigers,사직
20250308LGKT02025,0.0,0.0,0.0,0.0,,,,44,,0.0,0.0,0.0,0.0,,,,48,,2025-03-08,KT Wiz,LG Twins,수원
20250308OBHH02025,0.0,0.0,0.0,0.0,,,,44,,0.0,0.0,0.0,0.0,,,,44,,2025-03-08,Hanwha Eagles,Doosan Bears,청주
20250308SKSS02025,0.0,0.0,0.0,0.0,,,,44,,0.0,0.0,0.0,0.0,,,,36,,2025-03-08,Samsung Lions,SSG Landers,대구
20250308WONC02025,0.0,0.0,0.0,0.0,,,,45,,0.0,0.0,0.0,0.0,,,,39,,2025-03-08,NC Dinos,Kiwoom Heroes,창원
20250309HTLT02025,0.0,0.0,0.0,0.0,,,,43,,0.0,0.0,0.0,0.0,,,,46,,2025-03-09,Lotte Giants,Kia Tigers,사직
20250309LGKT02025,0.0,0.0,0.0,0.0,,,,44,,0.0,0.0,0.0,0.0,,,,48,,2025-03-09,KT Wiz,LG Twins,수원
20250309OBHH02025,0.0,0.0,0.0,0.0,,,,44,,0.0,0.0,0.0,0.0,,,,44,,2025-03-09,Hanwha Eagles,Doosan Bears,청주
20250309SKSS02025,0.0,0.0,0.0,0.0,,,,44,,0.0,0.0,0.0,0.0,,,,36,,2025-03-09,Samsung Lions,SSG Landers,대구
20250309WONC02025,0.0,0.0,0.0,0.0,,,,45,,0.0,0.0,0.0,0.0,,,,39,,2025-03-09,NC Dinos,Kiwoom Heroes,창원
20250310HHSK02025,0.0,0.0,0.0,0.0,,,,36,,0.0,0.0,0.0,0.0,,,,44,,2025-03-10,SSG Landers,Hanwha Eagles,문학
20250310HTNC02025,0.0,0.0,0.0,0.0,,,,45,,0.0,0.0,0.0,0.0,,,,46,,2025-03-10,NC Dinos,Kia Tigers,창원
20250310LGLT02025,0.0,0.0,0.0,0.0,,,,43,,0.0,0.0,0.0,0.0,,,,48,,2025-03-10,Lotte Giants,LG Twins,사직
20250310OBSS02025,0.0,0.0,0.0,0.0,,,,44,,0.0,0.0,0.0,0.0,,,,44,,2025-03-10,Samsung Lions,Doosan Bears,대구
20250310WOKT02025,0.0,0.0,0.0,0.0,,,,44,,0.0,0.0,0.0,0.0,,,,39,,2025-03-10,KT Wiz,Kiwoom Heroes,수원
20250311HHSK02025,0.0,0.0,0.0,0.0,,,,36,,0.0,0.0,0.0,0.0,,,,44,,2025-03-11,SSG Landers,Hanwha Eagles,문학
20250311HTNC02025,0.0,0.0,0.0,0.0,,,,45,,0.0,0.0,0.0,0.0,,,,46,,2025-03-11,NC Dinos,Kia Tigers,창원
20250311LGLT02025,0.0,0.0,0.0,0.0,,,,43,,0.0,0.0,0.0,0.0,,,,48,,2025-03-11,Lotte Giants,LG Twins,사직
20250311OBSS02025,0.0,0.0,0.0,0.0,,,,44,,0.0,0.0,0.0,0.0,,,,44,,2025-03-11,Samsung Lions,Doosan Bears,대구
20250311WOKT02025,0.0,0.0,0.0,0.0,,,,44,,0.0,0.0,0.0,0.0,,,,39,,2025-03-11,KT Wiz,Kiwoom Heroes,수원
20250313HHLT02025,0.0,0.0,2.0,1.0,13.5,0.0,0.0,43,,0.0,0.0,0.0,0.0,,,,44,,2025-03-13,Lotte Giants,Hanwha Eagles,사직
20250313HTOB02025,9.0,1.0,1.0,1.0,9.0,0.0,9.0,44,,3.0,1.33,3.0,1.0,12.0,0.0,0.0,46,,2025-03-13,Doosan Bears,Kia Tigers,잠실
20250313KTNC02025,0.0,0.0,0.0,0.0,,,,45,,0.0,1.0,4.0,1.0,9.0,0.0,0.0,44,,2025-03-13,NC Dinos,KT Wiz,창원
20250313LGSS02025,3.0,0.33,3.0,1.0,12.0,0.0,3.0,44,,0.0,1.5,1.1,1.0,0.0,16.363636363636363,0.0,48,,2025-03-13,Samsung Lions,LG Twins,대구
20250313WOSK02025,0.0,2.14,2.1,1.0,4.285714285714286,4.285714285714286,0.0,36,,0.0,0.67,3.0,1.0,12.0,6.0,0.0,39,,2025-03-13,SSG Landers,Kiwoom Heroes,문학
20250314HHLT02025,0.0,0.75,2.2,2.0,8.181818181818182,0.0,0.0,43,,4.91,2.18,3.2,1.0,2.8125,8.4375,0.0,44,,2025-03-14,Lotte Giants,Hanwha Eagles,사직
20250314HTOB02025,2.25,1.0,4.0,1.0,2.25,4.5,0.0,44,,0.0,0.0,0.0,0.0,,,,46,,2025-03-14,Doosan Bears,Kia Tigers,잠실
20250314KTNC02025,6.0,1.0,3.0,1.0,9.0,0.0,3.0,45,,0.0,1.33,3.0,1.0,15.0,3.0,0.0,44,,2025-03-14,NC Dinos,KT Wiz,창원
20250314LGSS02025,27.0,4.0,1.0,1.0,0.0,9.0,0.0,44,,54.0,6.0,0.1,1.0,0.0,0.0,0.0,48,,2025-03-14,Samsung Lions,LG Twins,대구
20250314WOSK02025,15.43,3.0,2.1,1.0,8.571428571428571,4.285714285714286,0.0,36,,3.0,1.0,3.0,1.0,3.0,0.0,3.0,39,,2025-03-14,SSG Landers,Kiwoom Heroes,문학
20250315LGSK02025,2.25,0.5,4.0,1.0,6.75,0.0,0.0,36,,8.1,1.2,3.1,1.0,2.903225806451613,2.903225806451613,2.903225806451613,48,,2025-03-15,SSG Landers,LG Twins,문학
20250315OBWO02025,4.5,1.5,4.0,1.0,9.0,2.25,2.25,39,,0.0,0.75,4.0,1.0,4.5,2.25,0.0,44,,2025-03-15,Kiwoom Heroes,Doosan Bears,고척
20250315SSHT02025,3.0,1.0,3.0,1.0,0.0,0.0,3.0,46,,0.0,1.33,3.0,1.0,6.0,9.0,0.0,44,,2025-03-15,Kia Tigers,Samsung Lions,광주
20250316HHNC02025,4.5,0.75,4.0,1.0,13.5,0.0,2.25,45,,0.0,1.25,4.0,1.0,9.0,4.5,0.0,44,,2025-03-16,NC Dinos,Hanwha Eagles,창원
20250316LGSK02025,13.5,1.8,3.1,1.0,8.709677419354838,0.0,0.0,36,,0.0,0.5,4.0,1.0,6.75,4.5,0.0,48,,2025-03-16,SSG Landers,LG Twins,문학
20250316OBWO02025,12.0,3.33,3.0,1.0,3.0,6.0,3.0,39,,0.0,0.33,3.0,1.0,12.0,0.0,0.0,44,,2025-03-16,Kiwoom Heroes,Doosan Bears,고척
20250316SSHT02025,0.0,2.0,2.0,1.0,4.5,4.5,0.0,46,,7.36,1.91,3.2,1.0,14.0625,5.625,0.0,44,,2025-03-16,Kia Tigers,Samsung Lions,광주
20250317LTWO02025,2.25,0.5,4.0,1.0,2.25,2.25,0.0,39,,7.2,1.8,5.0,2.0,5.4,3.6,1.8,43,,2025-03-17,Kiwoom Heroes,Lotte Giants,고척
20250317NCLG02025,0.0,1.09,3.2,1.0,8.4375,0.0,0.0,48,,9.0,2.0,2.0,1.0,4.5,9.0,0.0,45,,2025-03-17,LG Twins,NC Dinos,잠실
20250317OBKT02025,6.0,1.67,3.0,1.0,6.0,6.0,3.0,44,,9.0,3.0,2.0,2.0,4.5,4.5,0.0,44,,2025-03-17,KT Wiz,Doosan Bears,수원
20250317SSHH02025,0.0,1.07,4.2,1.0,15.0,0.0,0.0,44,,0.0,1.33,3.0,1.0,3.0,9.0,0.0,44,,2025-03-17,Hanwha Eagles,Samsung Lions,대전(신)
20250318LTWO02025,0.0,0.86,7.0,2.0,9.0,3.857142857142857,0.0,39,,2.45,1.64,3.2,1.0,11.25,5.625,0.0,43,,2025-03-18,Kiwoom Heroes,Lotte Giants,고척
20250322HHKT02025,6.0,1.33,3.0,1.0,12.0,6.0,0.0,10,,0.0,0.78,9.0,2.0,10.0,4.0,0.0,9,,2025-03-22,KT Wiz,Hanwha Eagles,수원
20250322LTLG02025,5.63,1.38,8.0,2.0,3.375,2.25,1.125,12,,0.0,0.75,4.0,1.0,15.75,0.0,0.0,11,,2025-03-22,LG Twins,Lotte Giants,잠실
20250322NCHT02025,6.75,1.75,4.0,1.0,6.75,4.5,0.0,11,,3.0,2.0,3.0,1.0,9.0,12.0,0.0,11,,2025-03-22,Kia Tigers,NC Dinos,광주
20250322OBSK02025,7.0,1.11,9.0,2.0,8.0,1.0,2.0,12,,0.0,0.71,7.0,2.0,12.857142857142858,0.0,0.0,11,,2025-03-22,SSG Landers,Doosan Bears,문학
20250322WOSS02025,9.39,2.35,7.2,2.0,10.0,3.75,0.0,11,,2.0,1.11,9.0,2.0,11.0,3.0,1.0,11,,2025-03-22,Samsung Lions,Kiwoom Heroes,대구
20250323HHKT02025,7.04,1.43,7.2,2.0,11.25,5.0,2.5,10,,0.93,1.14,9.2,2.0,11.73913043478261,2.9347826086956523,0.0,9,,2025-03-23,KT Wiz,Hanwha Eagles,수원
20250323LTLG02025,1.13,0.88,8.0,2.0,9.0,3.375,0.0,12,,5.4,1.6,10.0,3.0,7.2,3.6,1.8,11,,2025-03-23,LG Twins,Lotte Giants,잠실
20250323NCHT02025,2.25,1.0,4.0,1.0,11.25,2.25,0.0,11,,4.32,0.96,8.1,2.0,12.222222222222223,0.0,1.1111111111111112,11,,2025-03-23,Kia Tigers,NC Dinos,광주
20250323OBSK02025,5.14,1.57,7.0,2.0,5.142857142857143,3.857142857142857,1.2857142857142858,12,,3.0,1.33,6.0,2.0,12.0,3.0,0.0,11,,2025-03-23,SSG Landers,Doosan Bears,문학
20250323WOSS02025,2.84,2.05,6.1,2.0,2.9508196721311477,8.852459016393443,1.4754098360655739,11,,5.63,1.88,8.0,2.0,6.75,2.25,1.125,11,,2025-03-23,Samsung Lions,Kiwoom Heroes,대구
20250325HHLG02025,0.0,0.64,9.1,2.0,9.89010989010989,0.0,0.0,12,,4.5,1.25,4.0,1.0,6.75,2.25,2.25,11,,2025-03-25,LG Twins,Hanwha Eagles,잠실
20250325LTSK02025,5.06,1.88,5.1,2.0,5.294117647058824,3.5294117647058827,3.5294117647058827,12,,1.5,1.5,6.0,2.0,9.0,3.0,0.0,11,,2025-03-25,SSG Landers,Lotte Giants,문학
20250325NCSS02025,5.4,1.2,6.2,2.0,13.064516129032258,4.354838709677419,1.4516129032258065,12,,2.25,1.25,4.0,1.0,9.0,6.75,2.25,12,,2025-03-25,Samsung Lions,NC Dinos,대구
20250325OBKT02025,3.38,0.88,8.0,2.0,10.125,0.0,1.125,10,,1.29,0.57,7.0,2.0,5.142857142857143,1.2857142857142858,0.0,10,,2025-03-25,KT Wiz,Doosan Bears,수원
20250325WOHT02025,1.29,1.14,7.0,2.0,6.428571428571429,2.5714285714285716,0.0,12,,2.0,0.78,9.0,2.0,3.0,2.0,0.0,11,,2025-03-25,Kia Tigers,Kiwoom Heroes,광주
20250326HHLG02025,4.5,1.75,4.0,1.0,4.5,0.0,0.0,12,,2.08,1.04,8.2,2.0,3.2926829268292686,3.2926829268292686,0.0,11,,2025-03-26,LG Twins,Hanwha Eagles,잠실
20250326LTSK02025,9.0,2.0,3.0,1.0,6.0,3.0,0.0,12,,0.0,0.25,4.0,1.0,11.25,0.0,0.0,12,,2025-03-26,SSG Landers,Lotte Giants,문학
20250326NCSS02025,6.0,1.67,3.0,1.0,9.0,6.0,0.0,13,,4.5,1.5,2.0,1.0,4.5,4.5,0.0,13,,2025-03-26,Samsung Lions,NC Dinos,대구
20250326OBKT02025,0.0,1.29,7.0,2.0,9.0,2.5714285714285716,0.0,11,,4.0,1.11,9.0,2.0,4.0,3.0,1.0,11,,2025-03-26,KT Wiz,Doosan Bears,수원
20250326WOHT02025,0.0,1.0,7.0,2.0,5.142857142857143,1.2857142857142858,0.0,12,,0.82,1.0,11.0,3.0,8.181818181818182,4.090909090909091,0.0,12,,2025-03-26,Kia Tigers,Kiwoom Heroes,광주
20250327HHLG02025,4.15,2.31,4.1,2.0,4.390243902439025,10.975609756097562,0.0,13,,0.0,0.33,3.0,2.0,15.0,3.0,0.0,12,,2025-03-27,LG Twins,Hanwha Eagles,잠실
20250327LTSK02025,8.53,2.21,6.1,2.0,7.3770491803278695,4.426229508196721,1.4754098360655739,13,,3.12,1.27,8.2,2.0,13.170731707317074,2.1951219512195124,0.0,12,,2025-03-27,SSG Landers,Lotte Giants,문학
20250327NCSS02025,2.84,1.58,6.1,2.0,7.3770491803278695,7.3770491803278695,0.0,13,,2.25,0.88,8.0,2.0,5.625,3.375,1.125,13,,2025-03-27,Samsung Lions,NC Dinos,대구
20250327OBKT02025,12.0,2.33,3.0,1.0,15.0,9.0,0.0,12,,2.57,1.0,7.0,2.0,6.428571428571429,2.5714285714285716,1.2857142857142858,12,,2025-03-27,KT Wiz,Doosan Bears,수원
20250327WOHT02025,1.23,0.82,7.1,2.0,5.070422535211268,0.0,1.267605633802817,13,,0.0,1.0,6.0,2.0,9.0,6.0,0.0,13,,2025-03-27,Kia Tigers,Kiwoom Heroes,광주
20250328HTHH02025,3.6,1.6,5.0,1.0,7.2,1.8,0.0,12,,0.0,0.4,5.0,1.0,9.0,0.0,0.0,13,,2025-03-28,Hanwha Eagles,Kia Tigers,대전(신)
20250328KTLT02025,21.0,3.33,3.0,1.0,6.0,6.0,3.0,12,,1.5,0.67,6.0,1.0,10.5,3.0,0.0,12,,2025-03-28,Lotte Giants,KT Wiz,사직
20250328LGNC02025,1.5,0.83,6.0,1.0,7.5,1.5,0.0,13,,3.0,1.33,6.0,1.0,12.0,4.5,0.0,13,,2025-03-28,NC Dinos,LG Twins,창원
20250328SKWO02025,24.0,3.67,3.0,1.0,12.0,9.0,3.0,13,,9.82,2.18,3.2,1.0,11.25,11.25,0.0,13,,2025-03-28,Kiwoom Heroes,SSG Landers,고척
20250328SSOB02025,7.2,1.6,5.0,1.0,10.8,1.8,0.0,12,,3.0,1.33,6.0,1.0,7.5,0.0,1.5,12,,2025-03-28,Doosan Bears,Samsung Lions,잠실
20250329HTHH02025,4.5,1.17,6.0,1.0,6.0,3.0,0.0,12,,7.2,1.8,5.0,1.0,9.0,5.4,1.8,13,,2025-03-29,Hanwha Eagles,Kia Tigers,대전(신)
20250329KTLT02025,7.2,1.6,5.0,1.0,10.8,0.0,5.4,12,,4.05,1.05,6.2,1.0,5.806451612903226,2.903225806451613,1.4516129032258065,12,,2025-03-29,Lotte Giants,KT Wiz,사직
20250329LGNC02025,3.38,1.31,5.1,1.0,8.823529411764707,5.294117647058824,1.7647058823529413,13,,0.0,0.43,7.0,1.0,6.428571428571429,2.5714285714285716,0.0,13,,2025-03-29,NC Dinos,LG Twins,창원
20250329SKWO02025,12.0,2.67,3.0,1.0,9.0,0.0,3.0,13,,3.18,1.59,5.2,1.0,13.846153846153845,3.4615384615384612,0.0,12,,2025-03-29,Kiwoom Heroes,SSG Landers,고척
20250329SSOB02025,6.0,1.5,6.0,1.0,7.5,3.0,0.0,12,,0.0,0.0,0.0,0.0,,,,13,,2025-03-29,Doosan Bears,Samsung Lions,잠실
20250330HTHH02025,0.0,0.5,6.0,1.0,7.5,0.0,0.0,12,,4.5,0.83,6.0,1.0,9.0,0.0,1.5,13,,2025-03-30,Hanwha Eagles,Kia Tigers,대전(신)
20250330KTLT02025,1.29,0.71,7.0,1.0,2.5714285714285716,2.5714285714285716,1.2857142857142858,12,,5.79,1.93,4.2,1.0,10.714285714285714,2.142857142857143,0.0,12,,2025-03-30,Lotte Giants,KT Wiz,사직
20250330SKWO02025,12.6,2.2,5.0,1.0,5.4,3.6,9.0,13,,3.0,0.83,6.0,1.0,6.0,3.0,0.0,12,,2025-03-30,Kiwoom Heroes,SSG Landers,고척
20250330SSOB02025,6.75,2.0,4.0,1.0,2.25,4.5,2.25,12,,0.0,0.0,0.0,0.0,,,,13,,2025-03-30,Doosan Bears,Samsung Lions,잠실
20250402LGKT02025,0.0,1.0,5.0,1.0,5.4,5.4,0.0,12,,0.0,0.29,7.0,1.0,10.285714285714286,1.2857142857142858,0.0,13,,2025-04-02,KT Wiz,LG Twins,수원
20250402LTHH02025,0.0,0.2,5.0,1.0,10.8,0.0,0.0,12,,3.0,1.33,6.0,1.0,10.5,6.0,1.5,12,,2025-04-02,Hanwha Eagles,Lotte Giants,대전(신)
20250402SSHT02025,0.0,1.17,6.0,1.0,3.0,4.5,0.0,12,,7.2,1.8,5.0,1.0,7.2,5.4,0.0,13,,2025-04-02,Kia Tigers,Samsung Lions,광주
20250402WOOB02025,3.38,1.69,5.1,1.0,5.294117647058824,3.5294117647058827,0.0,12,,1.8,1.6,5.0,1.0,3.6,9.0,0.0,12,,2025-04-02,Doosan Bears,Kiwoom Heroes,잠실
20250403LGKT02025,0.69,0.46,13.0,2.0,10.384615384615385,1.3846153846153846,0.0,12,,0.0,0.44,9.0,1.0,5.0,2.0,0.0,13,,2025-04-03,KT Wiz,LG Twins,수원
20250403LTHH02025,3.0,1.33,12.0,2.0,9.0,1.5,0.75,12,,3.86,1.5,4.2,1.0,12.857142857142856,6.428571428571428,0.0,12,,2025-04-03,Hanwha Eagles,Lotte Giants,대전(신)
20250403SSHT02025,0.0,0.64,11.0,2.0,8.181818181818182,1.6363636363636365,0.0,12,,2.57,0.93,14.0,2.0,10.285714285714286,0.6428571428571429,0.6428571428571429,13,,2025-04-03,Kia Tigers,Samsung Lions,광주
20250403WOOB02025,3.0,1.08,12.0,2.0,7.5,2.25,0.0,12,,9.0,1.6,10.0,2.0,11.7,3.6,1.8,12,,2025-04-03,Doosan Bears,Kiwoom Heroes,잠실
20250404HHSS02025,3.6,0.8,5.0,1.0,7.2,1.8,0.0,13,,5.73,1.45,11.0,2.0,9.0,4.090909090909091,1.6363636363636365,12,,2025-04-04,Samsung Lions,Hanwha Eagles,대구
20250404HTLG02025,0.0,0.29,7.0,1.0,6.428571428571429,1.2857142857142858,0.0,13,,4.09,1.55,11.0,2.0,8.181818181818182,4.090909090909091,0.8181818181818182,13,,2025-04-04,LG Twins,Kia Tigers,잠실
20250404KTSK02025,3.38,1.5,10.2,2.0,10.588235294117649,3.5294117647058827,0.8823529411764707,12,,3.95,1.1,13.2,2.0,5.454545454545455,2.0454545454545454,1.3636363636363638,12,,2025-04-04,SSG Landers,KT Wiz,문학
20250404NCWO02025,4.5,1.4,10.0,2.0,9.0,0.9,0.9,12,,2.25,1.08,12.0,2.0,7.5,2.25,0.75,13,,2025-04-04,Kiwoom Heroes,NC Dinos,고척
20250404OBLT02025,7.2,1.7,10.0,2.0,6.3,3.6,0.9,12,,6.0,1.42,12.0,2.0,9.75,3.75,0.0,12,,2025-04-04,Lotte Giants,Doosan Bears,사직
20250405HHSS02025,12.27,2.73,3.2,1.0,2.8125,8.4375,0.0,13,,1.5,0.83,12.0,2.0,6.75,0.75,0.75,12,,2025-04-05,Samsung Lions,Hanwha Eagles,대구
20250405NCWO02025,7.36,1.45,11.0,2.0,4.909090909090909,3.272727272727273,4.909090909090909,12,,6.75,1.88,10.2,2.0,7.9411764705882355,7.9411764705882355,2.647058823529412,13,,2025-04-05,Kiwoom Heroes,NC Dinos,고척
20250405OBLT02025,4.09,1.45,11.0,2.0,9.818181818181818,2.4545454545454546,2.4545454545454546,13,,4.09,1.27,11.0,2.0,2.4545454545454546,3.272727272727273,0.8181818181818182,12,,2025-04-05,Lotte Giants,Doosan Bears,사직
20250406HHSS02025,3.6,0.6,5.0,1.0,9.0,0.0,1.8,13,,3.86,1.71,4.2,1.0,10.714285714285714,4.285714285714286,2.142857142857143,12,,2025-04-06,Samsung Lions,Hanwha Eagles,대구
20250406HTLG02025,3.0,1.25,12.0,2.0,9.75,3.0,0.0,13,,4.09,1.0,11.0,2.0,9.0,1.6363636363636365,0.8181818181818182,13,,2025-04-06,LG Twins,Kia Tigers,잠실
20250406KTSK02025,2.31,0.86,11.2,2.0,6.428571428571429,3.2142857142857144,0.8035714285714286,12,,4.5,1.5,6.0,1.0,6.0,0.0,0.0,12,,2025-04-06,SSG Landers,KT Wiz,문학
20250406NCWO02025,7.2,3.0,5.0,1.0,7.2,12.6,0.0,12,,3.6,0.6,5.0,1.0,9.0,1.8,0.0,13,,2025-04-06,Kiwoom Heroes,NC Dinos,고척
20250406OBLT02025,2.03,0.83,13.1,2.0,4.809160305343512,2.7480916030534353,0.6870229007633588,13,,7.2,1.8,5.0,2.0,12.6,5.4,1.8,12,,2025-04-06,Lotte Giants,Doosan Bears,사직
20250408HHOB02025,3.97,1.24,11.1,2.0,8.108108108108109,2.4324324324324325,0.8108108108108109,13,,5.14,0.86,7.0,2.0,7.714285714285714,1.2857142857142858,1.2857142857142858,12,,2025-04-08,Doosan Bears,Hanwha Eagles,잠실
20250408HTLT02025,2.38,1.32,11.1,2.0,8.108108108108109,4.054054054054054,0.8108108108108109,12,,1.5,1.08,12.0,2.0,6.75,3.0,0.0,13,,2025-04-08,Lotte Giants,Kia Tigers,사직
20250408LGWO02025,3.12,1.85,8.2,2.0,5.487804878048781,7.682926829268293,1.0975609756097562,13,,2.77,0.77,13.0,2.0,7.615384615384615,2.076923076923077,2.076923076923077,13,,2025-04-08,Kiwoom Heroes,LG Twins,고척
20250408NCKT02025,4.22,1.69,10.2,2.0,9.705882352941178,2.647058823529412,0.8823529411764707,12,,9.0,1.75,4.0,1.0,6.75,6.75,2.25,13,,2025-04-08,KT Wiz,NC Dinos,수원
20250408SKSS02025,4.91,1.45,11.0,2.0,10.636363636363637,4.909090909090909,0.8181818181818182,13,,1.42,1.11,6.1,1.0,8.852459016393443,1.4754098360655739,0.0,12,,2025-04-08,Samsung Lions,SSG Landers,대구
20250409HHOB02025,2.5,1.06,18.0,3.0,8.0,2.0,0.0,13,,2.84,1.21,19.0,3.0,10.421052631578947,1.894736842105263,0.47368421052631576,12,,2025-04-09,Doosan Bears,Hanwha Eagles,잠실
20250409HTLT02025,3.6,1.4,10.0,2.0,10.8,4.5,0.0,13,,0.0,0.61,18.0,3.0,6.0,1.5,0.0,13,,2025-04-09,Lotte Giants,Kia Tigers,사직
20250409LGWO02025,6.19,1.44,16.0,3.0,10.6875,3.375,2.25,12,,9.39,1.3,7.2,2.0,11.25,5.0,1.25,13,,2025-04-09,Kiwoom Heroes,LG Twins,고척
20250409NCKT02025,0.95,0.79,19.0,3.0,9.0,2.3684210526315788,0.47368421052631576,12,,3.44,1.2,18.1,3.0,8.453038674033149,3.480662983425414,0.49723756906077343,12,,2025-04-09,KT Wiz,NC Dinos,수원
20250409SKSS02025,3.15,1.05,20.0,3.0,8.55,2.25,0.45,13,,7.27,1.96,8.2,2.0,10.975609756097562,7.682926829268293,1.0975609756097562,12,,2025-04-09,Samsung Lions,SSG Landers,대구
20250410HHOB02025,5.5,1.44,18.0,3.0,9.5,3.5,0.0,13,,6.89,1.72,15.2,3.0,8.881578947368421,5.328947368421053,2.368421052631579,12,,2025-04-10,Doosan Bears,Hanwha Eagles,잠실
20250410HTLT02025,6.61,1.59,16.1,3.0,6.70807453416149,2.2360248447204967,0.5590062111801242,12,,9.0,4.5,2.0,1.0,9.0,13.5,0.0,13,,2025-04-10,Lotte Giants,Kia Tigers,사직
20250410LGWO02025,2.81,1.25,16.0,3.0,9.5625,2.25,0.5625,12,,0.61,0.95,14.2,2.0,6.338028169014085,3.1690140845070425,0.0,13,,2025-04-10,Kiwoom Heroes,LG Twins,고척
20250410NCKT02025,4.82,1.61,9.1,2.0,9.89010989010989,7.912087912087912,0.989010989010989,12,,7.8,1.8,15.0,3.0,8.4,8.4,2.4,12,,2025-04-10,KT Wiz,NC Dinos,수원
20250410SKSS02025,1.5,0.5,12.0,2.0,6.75,0.75,0.0,13,,2.87,1.53,15.2,3.0,8.881578947368421,4.144736842105264,0.5921052631578948,12,,2025-04-10,Samsung Lions,SSG Landers,대구
20250411LTNC02025,7.36,2.18,3.2,2.0,8.4375,11.25,5.625,12,,2.5,1.17,18.0,3.0,10.5,2.0,1.5,12,,2025-04-11,NC Dinos,Lotte Giants,사직
20250411OBLG02025,1.5,1.0,12.0,2.0,6.75,3.0,0.0,13,,5.17,1.53,15.2,3.0,4.736842105263158,4.144736842105264,1.1842105263157896,13,,2025-04-11,LG Twins,Doosan Bears,잠실
20250411SKHT02025,5.06,1.56,16.0,3.0,7.3125,3.375,0.5625,13,,4.91,1.36,3.2,1.0,8.4375,11.25,0.0,12,,2025-04-11,Kia Tigers,SSG Landers,광주
20250411SSKT02025,3.86,1.39,18.2,3.0,4.450549450549451,3.956043956043956,0.989010989010989,12,,5.19,1.73,8.2,2.0,3.2926829268292686,7.682926829268293,0.0,13,,2025-04-11,KT Wiz,Samsung Lions,수원
20250411WOHH02025,3.18,1.12,17.0,3.0,5.823529411764706,1.0588235294117647,1.588235294117647,12,,8.79,1.74,14.1,3.0,7.021276595744681,3.8297872340425534,4.468085106382979,13,,2025-04-11,Hanwha Eagles,Kiwoom Heroes,대전(신)
20250412LTNC02025,3.6,0.8,10.0,2.0,9.0,2.7,0.0,12,,3.38,1.25,16.0,3.0,4.5,3.9375,0.5625,12,,2025-04-12,NC Dinos,Lotte Giants,사직
20250412OBLG02025,2.37,1.0,19.0,3.0,9.473684210526315,2.3684210526315788,0.0,13,,12.79,2.37,6.1,3.0,11.80327868852459,8.852459016393443,1.4754098360655739,13,,2025-04-12,LG Twins,Doosan Bears,잠실
20250412WOHH02025,5.87,2.09,7.2,2.0,10.0,6.25,1.25,12,,5.4,2.4,10.0,2.0,7.2,10.8,0.9,13,,2025-04-12,Hanwha Eagles,Kiwoom Heroes,대전(신)
20250413LTNC02025,12.27,2.73,3.2,1.0,11.25,5.625,2.8125,13,,3.18,1.12,17.0,3.0,7.9411764705882355,3.7058823529411766,0.5294117647058824,12,,2025-04-13,NC Dinos,Lotte Giants,사직
20250413OBLG02025,2.25,0.75,20.0,3.0,7.2,1.35,1.35,13,,4.15,1.27,17.1,3.0,6.31578947368421,2.631578947368421,1.0526315789473684,12,,2025-04-13,LG Twins,Doosan Bears,잠실
20250413SKHT02025,4.24,1.06,17.0,3.0,7.9411764705882355,2.6470588235294117,0.5294117647058824,13,,1.53,0.91,17.2,3.0,5.232558139534884,3.1395348837209305,0.5232558139534884,12,,2025-04-13,Kia Tigers,SSG Landers,광주
20250413SSKT02025,2.08,1.08,13.0,2.0,6.230769230769231,0.0,0.0,12,,1.5,0.33,12.0,2.0,8.25,0.0,0.75,13,,2025-04-13,KT Wiz,Samsung Lions,수원
20250413WOHH02025,5.73,1.0,11.0,3.0,9.0,0.8181818181818182,1.6363636363636365,12,,6.94,1.54,11.2,4.0,8.035714285714286,1.6071428571428572,2.410714285714286,13,,2025-04-13,Hanwha Eagles,Kiwoom Heroes,대전(신)
20250415HHSK02025,4.6,1.47,15.2,3.0,13.618421052631579,4.144736842105264,1.1842105263157896,12,,3.6,1.32,25.0,4.0,11.16,2.16,0.36,12,,2025-04-15,SSG Landers,Hanwha Eagles,문학
20250415KTHT02025,0.36,0.76,25.0,4.0,6.48,1.8,0.0,13,,3.06,1.19,17.2,3.0,10.988372093023257,1.5697674418604652,0.5232558139534884,12,,2025-04-15,Kia Tigers,KT Wiz,광주
20250415SSLG02025,8.31,1.31,13.0,3.0,9.0,4.846153846153846,2.769230769230769,13,,2.67,0.96,27.0,4.0,9.0,1.6666666666666667,0.6666666666666666,12,,2025-04-15,LG Twins,Samsung Lions,잠실
20250415WOLT02025,3.94,1.44,16.0,3.0,8.4375,4.5,0.5625,12,,4.13,1.17,24.0,4.0,12.0,2.625,1.5,12,,2025-04-15,Lotte Giants,Kiwoom Heroes,사직
20250416HHSK02025,2.08,1.25,21.2,4.0,9.764150943396226,3.3962264150943398,0.42452830188679247,12,,5.4,1.33,23.1,4.0,8.571428571428571,3.506493506493506,1.948051948051948,12,,2025-04-16,SSG Landers,Hanwha Eagles,문학
20250416KTHT02025,1.56,1.27,17.1,3.0,6.31578947368421,2.1052631578947367,0.0,13,,4.7,1.3,15.1,3.0,8.940397350993377,4.768211920529802,1.7880794701986755,12,,2025-04-16,Kia Tigers,KT Wiz,광주
20250416SSLG02025,0.83,0.88,21.2,3.0,6.367924528301887,2.1226415094339623,0.42452830188679247,13,,4.5,1.69,16.0,3.0,9.0,6.1875,0.5625,12,,2025-04-16,LG Twins,Samsung Lions,잠실
20250416WOLT02025,6.33,1.64,21.1,4.0,6.398104265402843,3.4123222748815163,0.42654028436018954,13,,4.95,1.65,20.0,4.0,8.55,3.15,0.9,12,,2025-04-16,Lotte Giants,Kiwoom Heroes,사직
20250417HHSK02025,0.0,0.0,0.0,0.0,,,,13,,2.35,0.91,23.0,4.0,6.6521739130434785,1.173913043478261,1.173913043478261,12,,2025-04-17,SSG Landers,Hanwha Eagles,문학
20250417KTHT02025,6.64,1.72,20.1,4.0,7.164179104477611,4.029850746268656,0.4477611940298507,13,,3.28,1.26,24.2,4.0,4.834710743801653,3.71900826446281,1.115702479338843,12,,2025-04-17,Kia Tigers,KT Wiz,광주
20250417SSLG02025,2.0,1.06,18.0,3.0,7.0,3.5,0.0,13,,1.59,0.82,17.0,3.0,7.411764705882353,1.0588235294117647,0.0,12,,2025-04-17,LG Twins,Samsung Lions,잠실
20250417WOLT02025,3.24,1.16,25.0,4.0,10.8,2.52,1.44,13,,8.38,1.76,19.1,4.0,6.12565445026178,3.2984293193717273,3.2984293193717273,11,,2025-04-17,Lotte Giants,Kiwoom Heroes,사직
20250418HTOB02025,2.63,1.13,24.0,4.0,9.0,2.625,0.0,12,,24.0,5.33,3.0,2.0,6.0,12.0,3.0,13,,2025-04-18,Doosan Bears,Kia Tigers,잠실
20250418KTWO02025,27.0,5.0,2.0,3.0,9.0,9.0,0.0,12,,1.23,0.95,22.0,4.0,9.409090909090908,3.272727272727273,0.4090909090909091,12,,2025-04-18,Kiwoom Heroes,KT Wiz,고척
20250418LGSK02025,5.79,1.5,4.2,2.0,6.428571428571428,8.571428571428571,0.0,13,,1.8,0.92,25.0,4.0,10.08,2.16,0.0,13,,2025-04-18,SSG Landers,LG Twins,문학
20250418LTSS02025,5.27,1.83,13.2,3.0,4.090909090909091,6.818181818181818,0.0,12,,2.45,1.23,22.0,4.0,6.136363636363637,4.909090909090909,0.4090909090909091,13,,2025-04-18,Samsung Lions,Lotte Giants,대구
20250418NCHH02025,6.75,2.25,10.2,3.0,10.588235294117649,7.058823529411765,0.8823529411764707,12,,3.33,1.19,24.1,4.0,7.468879668049792,3.3609958506224062,0.7468879668049793,13,,2025-04-18,Hanwha Eagles,NC Dinos,대전(신)
20250419HTOB02025,4.15,1.29,21.2,4.0,4.245283018867925,2.9716981132075473,1.2735849056603774,12,,3.75,0.88,24.0,4.0,7.125,2.25,0.375,13,,2025-04-19,Doosan Bears,Kia Tigers,잠실
20250419KTWO02025,3.38,1.78,10.2,9.0,6.176470588235294,5.294117647058824,0.0,13,,1.5,1.28,18.0,3.0,7.0,2.0,0.0,11,,2025-04-19,Kiwoom Heroes,KT Wiz,고척
20250419LGSK02025,6.08,1.65,13.1,3.0,8.931297709923664,2.7480916030534353,1.3740458015267176,13,,4.3,1.04,23.0,4.0,7.043478260869565,2.347826086956522,1.173913043478261,13,,2025-04-19,SSG Landers,LG Twins,문학
20250419LTSS02025,7.36,2.45,3.2,1.0,11.25,8.4375,2.8125,12,,5.89,1.42,18.1,4.0,8.453038674033149,5.469613259668508,1.4917127071823204,13,,2025-04-19,Samsung Lions,Lotte Giants,대구
20250419NCHH02025,3.71,0.82,17.0,4.0,9.0,0.5294117647058824,1.0588235294117647,12,,5.32,1.32,22.0,4.0,11.454545454545455,6.136363636363637,1.6363636363636365,13,,2025-04-19,Hanwha Eagles,NC Dinos,대전(신)
20250420HTOB02025,5.7,1.44,23.2,4.0,10.086206896551724,3.491379310344828,0.0,12,,0.29,0.81,31.0,5.0,6.967741935483871,1.7419354838709677,0.0,13,,2025-04-20,Doosan Bears,Kia Tigers,잠실
20250420KTWO02025,4.66,1.31,29.0,5.0,11.172413793103448,3.103448275862069,1.2413793103448276,12,,2.28,1.1,23.2,4.0,12.413793103448276,1.9396551724137931,0.3879310344827586,11,,2025-04-20,Kiwoom Heroes,KT Wiz,고척
20250420LGSK02025,3.92,1.31,20.2,4.0,14.257425742574258,3.5643564356435644,0.8910891089108911,13,,0.0,0.0,0.0,0.0,,,,13,,2025-04-20,SSG Landers,LG Twins,문학
20250420LTSS02025,2.38,1.06,34.0,5.0,8.205882352941176,1.588235294117647,0.5294117647058824,12,,4.5,1.5,20.0,4.0,8.1,4.5,0.45,12,,2025-04-20,Samsung Lions,Lotte Giants,대구
20250420NCHH02025,2.81,1.16,32.0,5.0,12.09375,2.53125,0.28125,12,,22.5,3.5,2.0,1.0,9.0,13.5,0.0,12,,2025-04-20,Hanwha Eagles,NC Dinos,대전(신)
20250422NCLG02025,1.3,0.98,27.2,4.0,6.286764705882353,1.9852941176470589,0.33088235294117646,13,,3.6,1.13,15.0,3.0,7.2,3.0,0.0,12,,2025-04-22,LG Twins,NC Dinos,잠실
20250422OBWO02025,6.2,1.82,24.2,5.0,8.553719008264464,2.603305785123967,0.7438016528925621,13,,4.09,1.45,22.0,4.0,7.363636363636363,4.090909090909091,0.8181818181818182,12,,2025-04-22,Kiwoom Heroes,Doosan Bears,고척
20250422SKKT02025,3.38,1.13,21.1,4.0,8.95734597156398,4.691943127962085,1.2796208530805686,12,,3.38,1.31,26.2,5.0,9.274809160305344,3.0916030534351147,1.0305343511450382,13,,2025-04-22,KT Wiz,SSG Landers,수원
20250423HHLT02025,5.4,1.45,28.1,5.0,8.327402135231317,2.882562277580071,0.32028469750889677,12,,4.91,1.33,29.1,5.0,9.896907216494846,3.092783505154639,1.5463917525773194,12,,2025-04-23,Lotte Giants,Hanwha Eagles,사직
20250423HTSS02025,6.52,1.91,19.1,4.0,8.481675392670157,7.0680628272251305,0.9424083769633507,12,,1.93,1.16,23.1,4.0,5.454545454545454,1.948051948051948,0.3896103896103896,13,,2025-04-23,Samsung Lions,Kia Tigers,대구
20250423NCLG02025,3.18,1.19,22.2,4.0,7.297297297297297,3.6486486486486487,0.40540540540540543,13,,4.44,1.33,26.1,5.0,7.586206896551723,3.7931034482758617,0.689655172413793,12,,2025-04-23,LG Twins,NC Dinos,잠실
20250423OBWO02025,7.33,1.76,23.1,5.0,5.454545454545454,3.1168831168831166,2.727272727272727,13,,9.9,2.1,10.0,4.0,9.9,8.1,0.9,12,,2025-04-23,Kiwoom Heroes,Doosan Bears,고척
20250423SKKT02025,3.52,1.37,30.2,5.0,4.470198675496689,3.576158940397351,1.1920529801324504,12,,4.15,0.92,4.1,1.0,17.5609756097561,2.1951219512195124,0.0,13,,2025-04-23,KT Wiz,SSG Landers,수원
20250424HHLT02025,2.56,1.17,31.2,5.0,12.115384615384615,2.5961538461538463,1.153846153846154,12,,2.54,1.02,28.1,5.0,6.085409252669039,1.601423487544484,0.9608540925266903,12,,2025-04-24,Lotte Giants,Hanwha Eagles,사직
20250424HTSS02025,1.57,0.87,23.0,4.0,6.6521739130434785,1.173913043478261,0.0,12,,6.19,1.44,16.0,10.0,7.3125,3.9375,0.5625,13,,2025-04-24,Samsung Lions,Kia Tigers,대구
20250424NCLG02025,1.69,0.88,32.0,5.0,9.84375,2.25,0.0,13,,5.96,1.4,25.2,5.0,11.785714285714286,6.071428571428571,1.7857142857142858,12,,2025-04-24,LG Twins,NC Dinos,잠실
20250424OBWO02025,6.43,2.14,7.0,5.0,3.857142857142857,6.428571428571429,1.2857142857142858,13,,2.37,1.05,30.1,5.0,8.372093023255813,2.990033222591362,0.2990033222591362,11,,2025-04-24,Kiwoom Heroes,Doosan Bears,고척
20250424SKKT02025,18.0,3.0,1.0,1.0,9.0,0.0,9.0,12,,2.78,1.01,22.2,4.0,4.054054054054054,2.8378378378378377,1.2162162162162162,13,,2025-04-24,KT Wiz,SSG Landers,수원
20250425KTHH02025,6.89,2.04,15.2,4.0,8.881578947368421,5.328947368421053,0.5921052631578948,12,,1.44,1.08,25.0,4.0,9.0,1.44,0.0,12,,2025-04-25,Hanwha Eagles,KT Wiz,대전(신)
20250425LGHT02025,6.31,1.79,25.2,5.0,6.785714285714286,3.928571428571429,0.7142857142857143,13,,3.81,0.96,26.0,5.0,7.961538461538462,2.076923076923077,1.0384615384615385,13,,2025-04-25,Kia Tigers,LG Twins,광주
20250425LTOB02025,4.56,1.32,25.2,5.0,4.285714285714286,3.2142857142857144,1.4285714285714286,12,,2.0,1.26,27.0,5.0,8.0,4.333333333333333,0.3333333333333333,12,,2025-04-25,Doosan Bears,Lotte Giants,잠실
20250425NCSS02025,4.26,2.21,6.1,2.0,8.852459016393443,8.852459016393443,1.4754098360655739,12,,8.22,1.96,7.2,2.0,10.0,8.75,1.25,13,,2025-04-25,Samsung Lions,NC Dinos,대구
20250425WOSK02025,4.63,1.29,11.2,3.0,4.821428571428572,5.625,0.8035714285714286,13,,6.39,2.13,12.2,10.0,6.639344262295082,7.3770491803278695,0.7377049180327869,13,,2025-04-25,SSG Landers,Kiwoom Heroes,문학
20250426KTHH02025,3.68,0.91,22.0,5.0,9.818181818181818,0.8181818181818182,0.8181818181818182,12,,1.65,0.89,32.2,5.0,10.900621118012422,1.3975155279503104,0.2795031055900621,12,,2025-04-26,Hanwha Eagles,KT Wiz,대전(신)
20250426LGHT02025,4.34,1.03,29.0,5.0,8.379310344827585,1.8620689655172413,0.6206896551724138,13,,3.86,1.11,11.2,7.0,8.839285714285715,4.821428571428572,0.8035714285714286,13,,2025-04-26,Kia Tigers,LG Twins,광주
20250426LTOB02025,4.71,1.36,28.2,5.0,9.574468085106384,3.8297872340425534,0.0,12,,3.91,1.54,25.1,5.0,7.171314741035856,5.0199203187251,0.3585657370517928,12,,2025-04-26,Doosan Bears,Lotte Giants,잠실
20250426NCSS02025,2.7,1.07,40.0,6.0,8.1,1.8,0.9,11,,10.5,2.0,6.0,2.0,10.5,4.5,1.5,13,,2025-04-26,Samsung Lions,NC Dinos,대구
20250426WOSK02025,3.95,1.17,27.1,5.0,13.284132841328413,2.988929889298893,0.9963099630996309,13,,4.24,1.32,34.0,6.0,11.117647058823529,2.911764705882353,1.0588235294117647,13,,2025-04-26,SSG Landers,Kiwoom Heroes,문학
20250427KTHH02025,2.31,0.97,39.0,6.0,12.923076923076923,2.076923076923077,0.23076923076923078,12,,3.29,1.1,27.1,5.0,9.630996309963098,4.317343173431734,0.9963099630996309,12,,2025-04-27,Hanwha Eagles,KT Wiz,대전(신)
20250427LGHT02025,0.74,0.95,36.2,6.0,7.707182320441988,1.9889502762430937,0.0,13,,2.14,1.1,33.2,5.0,6.234939759036144,2.1686746987951806,0.5421686746987951,13,,2025-04-27,Kia Tigers,LG Twins,광주
20250427LTOB02025,4.67,1.52,27.0,5.0,7.333333333333333,4.0,1.0,12,,4.5,1.5,14.0,13.0,7.071428571428571,3.2142857142857144,1.9285714285714286,12,,2025-04-27,Doosan Bears,Lotte Giants,잠실
20250427NCSS02025,4.5,0.93,14.0,3.0,7.071428571428571,1.2857142857142858,0.6428571428571429,12,,3.92,1.16,20.2,4.0,7.128712871287129,3.118811881188119,0.44554455445544555,13,,2025-04-27,Samsung Lions,NC Dinos,대구
20250427WOSK02025,3.9,1.52,32.1,6.0,8.97196261682243,3.644859813084112,0.8411214953271028,13,,4.83,1.52,31.2,6.0,8.653846153846153,2.019230769230769,0.576923076923077,13,,2025-04-27,SSG Landers,Kiwoom Heroes,문학
20250429KTOB02025,7.2,1.6,5.0,5.0,5.4,7.2,0.0,12,,5.71,1.59,34.2,6.0,3.9473684210526314,3.421052631578947,1.8421052631578947,12,,2025-04-29,Doosan Bears,KT Wiz,잠실
20250429LGHH02025,4.58,1.33,35.1,6.0,11.282051282051281,2.564102564102564,1.282051282051282,12,,2.51,1.05,28.2,5.0,7.9787234042553195,3.8297872340425534,0.3191489361702128,13,,2025-04-29,Hanwha Eagles,LG Twins,대전(신)
20250429LTWO02025,6.51,1.77,27.2,6.0,5.294117647058823,3.639705882352941,2.3161764705882355,13,,5.67,1.53,33.1,6.0,7.885196374622356,3.534743202416918,0.2719033232628399,12,,2025-04-29,Kiwoom Heroes,Lotte Giants,고척
20250429NCHT02025,3.41,1.31,29.0,5.0,4.9655172413793105,1.8620689655172413,0.6206896551724138,13,,4.11,1.43,30.2,6.0,8.344370860927153,4.470198675496689,0.5960264900662252,12,,2025-04-29,Kia Tigers,NC Dinos,광주
20250429SSSK02025,3.48,0.87,10.1,2.0,11.584158415841584,2.6732673267326734,1.7821782178217822,13,,5.84,1.86,24.2,5.0,8.553719008264464,6.322314049586777,0.7438016528925621,12,,2025-04-29,SSG Landers,Samsung Lions,문학
20250430KTOB02025,1.98,1.05,36.1,6.0,7.977839335180055,3.490304709141274,0.2493074792243767,12,,1.01,1.05,26.2,5.0,10.648854961832061,3.0916030534351147,0.3435114503816794,12,,2025-04-30,Doosan Bears,KT Wiz,잠실
20250430LGHH02025,3.15,1.08,34.1,6.0,6.86217008797654,1.5835777126099706,1.0557184750733137,12,,1.7,0.92,37.0,6.0,9.486486486486486,2.189189189189189,0.0,13,,2025-04-30,Hanwha Eagles,LG Twins,대전(신)
20250430LTWO02025,5.74,2.17,15.2,11.0,7.697368421052632,6.5131578947368425,0.5921052631578948,12,,2.87,1.19,37.2,6.0,12.338709677419354,3.1451612903225805,0.9677419354838709,12,,2025-04-30,Kiwoom Heroes,Lotte Giants,고척
20250430NCHT02025,6.86,1.58,19.2,11.0,7.5,3.75,0.9375,13,,4.83,1.29,31.2,6.0,11.538461538461538,5.480769230769231,1.4423076923076923,11,,2025-04-30,Kia Tigers,NC Dinos,광주
20250430SSSK02025,2.54,0.99,28.1,5.0,5.124555160142348,2.562277580071174,0.9608540925266903,13,,1.86,0.9,29.0,5.0,6.517241379310345,1.2413793103448276,0.6206896551724138,12,,2025-04-30,SSG Landers,Samsung Lions,문학
20250501KTOB02025,4.4,1.4,30.2,6.0,5.066225165562914,3.8741721854304636,1.1920529801324504,12,,1.16,0.94,31.0,5.0,10.161290322580646,1.4516129032258065,0.0,12,,2025-05-01,Doosan Bears,KT Wiz,잠실
20250501LTWO02025,6.6,1.67,15.0,6.0,8.4,3.6,1.8,13,,2.18,1.27,33.0,6.0,7.909090909090909,4.363636363636363,0.2727272727272727,12,,2025-05-01,Kiwoom Heroes,Lotte Giants,고척
20250501SSSK02025,5.57,1.52,21.0,5.0,8.142857142857142,3.0,0.8571428571428571,13,,7.23,1.82,18.2,4.0,5.43956043956044,4.945054945054945,0.989010989010989,13,,2025-05-01,SSG Landers,Samsung Lions,문학
20250502HHHT02025,3.5,0.92,36.0,6.0,8.75,2.0,0.5,13,,5.4,1.75,21.2,5.0,8.915094339622641,4.669811320754717,0.42452830188679247,12,,2025-05-02,Kia Tigers,Hanwha Eagles,광주
20250502NCLT02025,3.64,1.62,29.2,6.0,7.089041095890411,5.239726027397261,0.3082191780821918,12,,7.71,1.82,9.1,9.0,3.956043956043956,2.967032967032967,1.978021978021978,12,,2025-05-02,Lotte Giants,NC Dinos,사직
20250502OBSS02025,2.49,1.06,47.0,7.0,8.425531914893616,1.7234042553191489,0.9574468085106383,13,,4.29,1.32,35.2,6.0,10.227272727272727,3.3238636363636362,0.0,12,,2025-05-02,Samsung Lions,Doosan Bears,대구
20250502SKLG02025,4.25,1.18,29.2,6.0,9.246575342465754,2.7739726027397262,0.9246575342465754,13,,3.21,1.04,33.2,6.0,14.638554216867469,2.710843373493976,0.8132530120481927,13,,2025-05-02,LG Twins,SSG Landers,잠실
20250502WOKT02025,1.86,0.96,38.2,6.0,10.13089005235602,1.6492146596858637,0.23560209424083767,12,,3.73,1.2,41.0,7.0,10.75609756097561,2.6341463414634148,0.8780487804878049,13,,2025-05-02,KT Wiz,Kiwoom Heroes,수원
20250503NCLT02025,4.67,1.5,17.1,14.0,5.789473684210526,3.6842105263157894,1.5789473684210524,12,,4.38,1.3,24.2,5.0,7.066115702479339,3.347107438016529,1.115702479338843,12,,2025-05-03,Lotte Giants,NC Dinos,사직
20250503OBSS02025,3.32,0.84,19.0,4.0,5.684210526315789,1.4210526315789473,0.47368421052631576,13,,4.78,1.47,32.0,6.0,6.46875,3.9375,1.125,12,,2025-05-03,Samsung Lions,Doosan Bears,대구
20250503SKLG02025,2.5,1.13,39.2,6.0,6.658163265306122,2.066326530612245,0.6887755102040816,13,,5.3,1.65,35.2,7.0,8.693181818181818,3.579545454545454,1.0227272727272727,13,,2025-05-03,LG Twins,SSG Landers,잠실
20250503WOKT02025,2.97,1.05,33.1,6.0,8.972809667673715,3.806646525679758,0.8157099697885196,12,,4.3,1.49,37.2,7.0,8.709677419354838,2.419354838709677,0.48387096774193544,13,,2025-05-03,KT Wiz,Kiwoom Heroes,수원
20250504HHHT02025,1.05,1.01,42.2,7.0,7.251184834123222,2.559241706161137,0.0,13,,1.96,0.98,46.0,7.0,11.934782608695652,2.5434782608695654,0.1956521739130435,12,,2025-05-04,Kia Tigers,Hanwha Eagles,광주
20250504NCLT02025,4.91,1.34,40.1,7.0,7.855361596009975,3.1421446384039897,0.44887780548628425,12,,0.0,0.0,0.0,0.0,,,,12,,2025-05-04,Lotte Giants,NC Dinos,사직
20250504OBSS02025,0.0,0.0,0.0,0.0,,,,13,,5.4,1.3,10.0,6.0,7.2,4.5,0.0,12,,2025-05-04,Samsung Lions,Doosan Bears,대구
20250504SKLG02025,0.0,0.0,0.0,0.0,,,,13,,4.8,1.4,15.0,4.0,4.8,6.6,1.2,13,,2025-05-04,LG Twins,SSG Landers,잠실
20250504WOKT02025,4.87,1.48,40.2,7.0,4.925373134328358,3.5820895522388057,1.5671641791044775,12,,7.45,2.28,19.1,12.0,7.0680628272251305,6.12565445026178,0.9424083769633507,13,,2025-05-04,KT Wiz,Kiwoom Heroes,수원
20250505HTWO02025,6.15,1.84,33.2,7.0,4.879518072289156,3.795180722891566,1.897590361445783,13,,6.75,1.83,30.2,6.0,6.258278145695364,4.470198675496689,0.5960264900662252,13,,2025-05-05,Kiwoom Heroes,Kia Tigers,고척
20250505LGOB02025,2.95,1.13,42.2,7.0,7.251184834123222,3.4123222748815163,0.21327014218009477,12,,2.94,1.13,33.2,6.0,8.674698795180722,3.795180722891566,0.8132530120481927,13,,2025-05-05,Doosan Bears,LG Twins,잠실
20250505NCKT02025,0.0,0.0,0.0,0.0,,,,13,,4.79,1.54,35.2,7.0,7.670454545454545,4.857954545454545,0.5113636363636364,12,,2025-05-05,KT Wiz,NC Dinos,수원
20250505SKLT02025,0.0,0.0,1.2,2.0,7.5,0.0,0.0,12,,2.93,0.98,15.1,3.0,11.324503311258278,2.980132450331126,1.7880794701986755,12,,2025-05-05,Lotte Giants,SSG Landers,사직
20250505SSHH02025,4.35,1.28,41.1,7.0,10.291970802919709,2.627737226277372,1.313868613138686,12,,4.94,1.65,31.0,6.0,8.419354838709678,5.516129032258065,0.5806451612903226,13,,2025-05-05,Hanwha Eagles,Samsung Lions,대전(신)
20250506HTWO02025,6.75,1.77,18.2,7.0,7.417582417582418,3.956043956043956,1.4835164835164836,13,,2.86,1.27,34.2,6.0,5.0,1.5789473684210524,0.7894736842105262,13,,2025-05-06,Kiwoom Heroes,Kia Tigers,고척
20250506LGOB02025,3.93,1.31,36.2,7.0,5.220994475138121,3.729281767955801,1.2430939226519335,12,,1.67,0.93,43.0,7.0,9.418604651162791,2.302325581395349,0.0,13,,2025-05-06,Doosan Bears,LG Twins,잠실
20250506NCKT02025,1.38,1.07,32.2,6.0,9.50310559006211,3.074534161490683,0.5590062111801242,12,,3.96,1.22,38.2,7.0,11.07329842931937,4.947643979057592,1.1780104712041883,12,,2025-05-06,KT Wiz,NC Dinos,수원
20250506SKLT02025,2.95,1.22,42.2,7.0,11.303317535545023,2.985781990521327,0.8530805687203791,12,,2.97,1.08,33.1,6.0,4.350453172205438,2.719033232628399,0.8157099697885196,12,,2025-05-06,Lotte Giants,SSG Landers,사직
20250506SSHH02025,3.05,1.06,41.1,7.0,7.007299270072992,1.532846715328467,1.094890510948905,12,,2.25,0.94,36.0,6.0,6.0,1.0,0.75,13,,2025-05-06,Hanwha Eagles,Samsung Lions,대전(신)
20250507HTWO02025,3.47,1.22,46.2,8.0,10.714285714285714,2.727272727272727,0.974025974025974,12,,6.29,1.52,24.1,12.0,7.095435684647303,3.3609958506224062,1.120331950207469,13,,2025-05-07,Kiwoom Heroes,Kia Tigers,고척
20250507LGOB02025,3.67,1.2,41.2,7.0,9.174757281553397,3.058252427184466,0.0,12,,0.0,1.0,3.0,3.0,3.0,6.0,0.0,13,,2025-05-07,Doosan Bears,LG Twins,잠실
20250507NCKT02025,1.7,0.97,37.0,6.0,9.972972972972974,1.7027027027027026,0.0,11,,9.28,2.25,10.2,3.0,9.705882352941178,10.588235294117649,1.7647058823529413,12,,2025-05-07,KT Wiz,NC Dinos,수원
20250507SKLT02025,1.8,1.15,40.0,7.0,7.875,3.825,0.225,12,,4.85,1.54,26.0,6.0,8.307692307692308,4.153846153846154,0.6923076923076923,12,,2025-05-07,Lotte Giants,SSG Landers,사직
20250507SSHH02025,3.03,0.84,29.2,6.0,9.863013698630137,1.2328767123287672,0.6164383561643836,12,,6.75,1.68,22.2,5.0,6.486486486486487,4.45945945945946,1.2162162162162162,13,,2025-05-07,Hanwha Eagles,Samsung Lions,대전(신)
20250509HHWO02025,5.57,1.67,42.0,8.0,8.571428571428571,3.2142857142857144,0.42857142857142855,13,,5.06,1.69,26.2,6.0,8.244274809160306,4.809160305343512,0.3435114503816794,12,,2025-05-09,Kiwoom Heroes,Hanwha Eagles,고척
20250510HHWO02025,6.65,2.13,23.0,13.0,6.6521739130434785,5.869565217391305,0.782608695652174,13,,1.7,0.92,53.0,8.0,11.20754716981132,2.547169811320755,0.16981132075471697,12,,2025-05-10,Kiwoom Heroes,Hanwha Eagles,고척
20250510HTSK02025,0.0,0.0,0.0,0.0,,,,14,,0.0,0.0,0.0,0.0,,,,15,,2025-05-10,SSG Landers,Kia Tigers,문학
20250510LGSS12025,2.21,1.08,53.0,8.0,8.320754716981131,1.8679245283018868,0.8490566037735849,13,,4.15,1.21,34.2,7.0,8.94736842105263,2.894736842105263,1.0526315789473684,14,,2025-05-10,Samsung Lions,LG Twins,대구
20250510LGSS22025,4.07,0.99,24.1,5.0,5.975103734439834,1.4937759336099585,0.7468879668049793,13,,2.36,1.14,45.2,7.0,6.371681415929203,2.389380530973451,0.5973451327433628,14,,2025-05-10,Samsung Lions,LG Twins,대구
20250510LTKT02025,0.0,0.0,0.0,0.0,,,,14,,0.0,0.0,0.0,0.0,,,,14,,2025-05-10,KT Wiz,Lotte Giants,수원
20250510NCOB02025,0.0,0.0,0.0,0.0,,,,14,,0.0,0.0,0.0,0.0,,,,14,,2025-05-10,Doosan Bears,NC Dinos,잠실
20250511HHWO02025,7.12,1.96,36.2,8.0,5.469613259668508,4.475138121546961,1.740331491712707,13,,3.91,1.18,48.1,8.0,9.72972972972973,2.4324324324324325,1.3097713097713097,12,,2025-05-11,Kiwoom Heroes,Hanwha Eagles,고척
20250511HTSK12025,2.31,0.81,23.1,4.0,8.571428571428571,2.3376623376623376,1.1688311688311688,13,,1.09,0.95,49.2,8.0,8.048780487804878,2.3780487804878048,0.0,14,,2025-05-11,SSG Landers,Kia Tigers,문학
20250511HTSK22025,4.54,1.58,41.2,8.0,8.95631067961165,3.2766990291262132,0.8737864077669902,13,,5.89,1.72,36.2,7.0,6.4640883977900545,4.226519337016574,0.49723756906077343,14,,2025-05-11,SSG Landers,Kia Tigers,문학
20250511LGSS02025,4.58,1.55,37.1,7.0,8.975741239892184,4.8517520215633425,0.7277628032345013,12,,4.5,0.83,6.0,1.0,3.0,0.0,1.5,13,,2025-05-11,Samsung Lions,LG Twins,대구
20250511LTKT12025,5.01,1.44,46.2,8.0,5.259740259740259,3.506493506493506,1.3636363636363635,13,,2.54,1.15,49.2,8.0,10.97560975609756,3.1097560975609753,0.7317073170731707,13,,2025-05-11,KT Wiz,Lotte Giants,수원
20250511LTKT22025,2.52,1.07,39.1,7.0,8.746803069053708,3.9130434782608696,0.690537084398977,13,,10.8,1.8,5.0,1.0,10.8,3.6,1.8,13,,2025-05-11,KT Wiz,Lotte Giants,수원
20250511NCOB12025,2.77,1.13,48.2,8.0,7.282157676348548,3.5477178423236513,0.18672199170124482,13,,4.01,1.41,42.2,8.0,7.0379146919431275,4.47867298578199,0.42654028436018954,12,,2025-05-11,Doosan Bears,NC Dinos,잠실
20250511NCOB22025,7.43,1.5,13.1,7.0,6.183206106870229,4.809160305343512,2.0610687022900764,13,,6.28,1.53,14.1,10.0,5.1063829787234045,2.5531914893617023,1.2765957446808511,12,,2025-05-11,Doosan Bears,NC Dinos,잠실
20250513KTSS02025,7.36,1.79,25.2,6.0,6.071428571428571,4.642857142857143,1.4285714285714286,13,,1.95,1.19,37.0,7.0,9.0,3.1621621621621623,0.7297297297297297,12,,2025-05-13,Samsung Lions,KT Wiz,포항
20250513LTHT02025,3.1,1.25,40.2,7.0,5.3731343283582085,2.014925373134328,0.6716417910447761,13,,1.7,1.09,47.2,8.0,8.389830508474576,3.432203389830508,0.1906779661016949,12,,2025-05-13,Kia Tigers,Lotte Giants,광주
20250513NCSK02025,3.44,1.15,36.2,7.0,4.475138121546961,2.734806629834254,0.9944751381215469,12,,3.63,1.21,44.2,8.0,11.402714932126695,4.276018099547511,1.0180995475113122,12,,2025-05-13,SSG Landers,NC Dinos,문학
20250513OBHH02025,2.91,1.1,46.1,8.0,7.4186550976138825,1.9522776572668112,0.9761388286334056,12,,4.54,1.32,41.2,8.0,5.242718446601941,3.495145631067961,1.529126213592233,12,,2025-05-13,Hanwha Eagles,Doosan Bears,대전(신)
20250513WOLG02025,1.62,0.88,50.0,8.0,9.0,1.98,0.0,13,,6.46,1.69,23.2,8.0,6.594827586206897,4.267241379310345,1.1637931034482758,12,,2025-05-13,LG Twins,Kiwoom Heroes,잠실
20250514KTSS02025,2.57,1.0,42.0,7.0,5.785714285714286,1.0714285714285714,0.6428571428571429,13,,2.81,1.13,41.2,7.0,10.048543689320388,2.6213592233009706,0.21844660194174756,12,,2025-05-14,Samsung Lions,KT Wiz,포항
20250514LTHT02025,15.88,4.24,5.2,3.0,3.4615384615384612,15.576923076923077,1.7307692307692306,13,,0.0,3.0,0.1,1.0,90.0,0.0,0.0,12,,2025-05-14,Kia Tigers,Lotte Giants,광주
20250514NCSK02025,6.04,1.69,28.1,7.0,8.00711743772242,4.4839857651245545,0.9608540925266903,12,,6.89,1.72,15.2,4.0,9.473684210526317,7.105263157894737,1.7763157894736843,12,,2025-05-14,SSG Landers,NC Dinos,문학
20250514OBHH02025,3.03,0.95,35.2,7.0,10.227272727272727,1.789772727272727,0.5113636363636364,12,,3.51,1.15,48.2,8.0,9.149377593360995,2.800829875518672,0.0,12,,2025-05-14,Hanwha Eagles,Doosan Bears,대전(신)
20250514WOLG02025,3.4,1.16,39.2,7.0,8.494897959183673,3.214285714285714,0.9183673469387754,12,,3.81,1.27,52.0,9.0,10.384615384615385,2.9423076923076925,0.8653846153846154,12,,2025-05-14,LG Twins,Kiwoom Heroes,잠실
20250515KTSS02025,2.72,1.16,59.2,9.0,7.753378378378378,1.9763513513513513,0.9121621621621622,13,,3.1,1.38,49.1,8.0,9.531568228105906,2.016293279022403,0.3665987780040733,11,,2025-05-15,Samsung Lions,KT Wiz,포항
20250515LTHT02025,3.0,0.92,48.0,8.0,9.375,2.25,0.5625,13,,3.92,1.59,39.0,8.0,6.461538461538462,4.615384615384615,0.6923076923076923,11,,2025-05-15,Kia Tigers,Lotte Giants,광주
20250515NCSK02025,2.64,1.04,44.1,8.0,13.673469387755102,2.857142857142857,0.6122448979591837,12,,5.01,1.39,32.1,7.0,5.887850467289719,2.803738317757009,1.1214953271028036,12,,2025-05-15,SSG Landers,NC Dinos,문학
20250515OBHH02025,5.64,1.68,30.1,7.0,7.774086378737541,4.485049833887043,1.495016611295681,12,,4.09,1.27,44.0,8.0,6.545454545454546,3.477272727272727,1.0227272727272727,13,,2025-05-15,Hanwha Eagles,Doosan Bears,대전(신)
20250515WOLG02025,2.09,1.14,51.2,8.0,6.50390625,2.98828125,0.52734375,12,,5.25,1.58,48.0,9.0,9.0,3.0,0.5625,13,,2025-05-15,LG Twins,Kiwoom Heroes,잠실
20250517KTLG12025,4.2,1.23,40.2,8.0,8.955223880597014,2.9104477611940296,0.8955223880597014,13,,2.4,1.13,45.0,8.0,8.2,4.6,0.6,12,,2025-05-17,LG Twins,KT Wiz,잠실
20250517KTLG22025,5.73,1.09,11.0,2.0,4.090909090909091,0.0,2.4545454545454546,13,,5.23,1.47,51.2,9.0,5.09765625,3.69140625,1.40625,12,,2025-05-17,LG Twins,KT Wiz,잠실
20250517OBHT12025,2.18,1.06,53.2,9.0,8.120300751879698,2.537593984962406,0.0,14,,4.06,1.22,51.0,9.0,7.0588235294117645,4.0588235294117645,0.17647058823529413,13,,2025-05-17,Kia Tigers,Doosan Bears,광주
20250517OBHT22025,5.79,1.62,42.0,8.0,6.642857142857143,4.071428571428571,0.42857142857142855,14,,1.83,1.17,19.2,13.0,6.09375,3.28125,0.46875,13,,2025-05-17,Kia Tigers,Doosan Bears,광주
20250517SKHH12025,1.68,0.92,59.0,9.0,11.440677966101696,2.593220338983051,0.3050847457627119,12,,4.07,1.4,48.2,9.0,8.962655601659751,2.987551867219917,0.933609958506224,13,,2025-05-17,Hanwha Eagles,SSG Landers,대전(신)
20250517SKHH22025,3.36,1.07,56.1,9.0,9.786096256684491,2.406417112299465,1.1229946524064172,12,,2.54,0.95,28.1,5.0,8.00711743772242,3.202846975088968,1.281138790035587,13,,2025-05-17,Hanwha Eagles,SSG Landers,대전(신)
20250517SSLT12025,2.25,1.11,56.0,9.0,10.928571428571429,2.892857142857143,0.6428571428571429,13,,4.71,1.19,28.2,6.0,6.382978723404255,2.2340425531914896,0.9574468085106383,13,,2025-05-17,Lotte Giants,Samsung Lions,사직
20250517SSLT22025,5.73,1.45,11.0,2.0,9.0,3.272727272727273,0.8181818181818182,13,,4.43,1.52,42.2,8.0,8.744075829383887,4.90521327014218,0.6398104265402843,13,,2025-05-17,Lotte Giants,Samsung Lions,사직
20250517WONC12025,3.78,1.41,47.2,9.0,6.292372881355932,4.576271186440677,0.3813559322033898,13,,6.58,2.12,26.0,14.0,6.230769230769231,5.538461538461538,0.6923076923076923,14,,2025-05-17,NC Dinos,Kiwoom Heroes,울산
20250517WONC22025,5.59,1.45,19.1,11.0,5.183246073298429,2.3560209424083767,0.9424083769633507,13,,7.98,1.98,14.2,8.0,5.070422535211268,3.802816901408451,1.267605633802817,14,,2025-05-17,NC Dinos,Kiwoom Heroes,울산
20250518KTLG02025,2.28,0.98,55.1,9.0,9.310344827586206,2.1234119782214154,0.16333938294010888,12,,2.14,1.24,42.0,8.0,9.428571428571429,3.2142857142857144,0.8571428571428571,11,,2025-05-18,LG Twins,KT Wiz,잠실
20250518OBHT02025,2.74,1.22,46.0,8.0,4.891304347826087,1.9565217391304348,0.5869565217391305,13,,4.15,1.34,47.2,9.0,5.148305084745762,3.2415254237288136,1.3347457627118644,13,,2025-05-18,Kia Tigers,Doosan Bears,광주
20250518SKHH02025,2.58,1.09,52.1,9.0,7.428023032629558,1.727447216890595,0.8637236084452975,12,,3.38,1.08,42.2,8.0,4.265402843601896,2.3459715639810423,1.066350710900474,12,,2025-05-18,Hanwha Eagles,SSG Landers,대전(신)
20250518SSLT02025,2.01,1.14,53.2,9.0,8.120300751879698,3.3834586466165413,0.16917293233082706,12,,6.16,1.73,30.2,7.0,5.662251655629139,4.470198675496689,1.1920529801324504,12,,2025-05-18,Lotte Giants,Samsung Lions,사직
20250518WONC02025,3.55,1.16,50.2,9.0,11.832669322709163,3.9442231075697207,1.0756972111553784,12,,7.48,1.81,27.2,9.0,5.955882352941177,4.632352941176471,1.9852941176470589,13,,2025-05-18,NC Dinos,Kiwoom Heroes,울산
20250520HHNC02025,5.66,1.65,20.2,5.0,9.356435643564357,7.128712871287129,1.3366336633663367,12,,3.32,1.01,40.2,8.0,10.522388059701491,1.7910447761194028,0.4477611940298507,12,,2025-05-20,NC Dinos,Hanwha Eagles,울산
20250520HTKT02025,3.6,1.0,5.0,1.0,0.0,0.0,0.0,12,,11.17,3.21,9.2,4.0,5.869565217391305,11.73913043478261,0.9782608695652175,13,,2025-05-20,KT Wiz,Kia Tigers,수원
20250520LGLT02025,0.0,0.0,0.0,0.0,,,,12,,2.96,1.14,45.2,8.0,8.362831858407079,3.1858407079646014,0.7964601769911503,12,,2025-05-20,Lotte Giants,LG Twins,사직
20250520SKOB02025,3.29,1.12,52.0,9.0,9.346153846153847,2.5961538461538463,0.0,13,,0.0,0.0,0.0,0.0,,,,12,,2025-05-20,Doosan Bears,SSG Landers,잠실
20250520SSWO02025,3.95,1.28,57.0,10.0,10.421052631578947,2.8421052631578947,0.7894736842105263,13,,2.81,1.02,48.0,8.0,6.375,0.9375,0.75,11,,2025-05-20,Kiwoom Heroes,Samsung Lions,고척
20250521HHNC02025,5.02,1.35,37.2,8.0,5.564516129032258,2.419354838709677,1.2096774193548385,12,,0.0,0.0,0.0,0.0,,,,13,,2025-05-21,NC Dinos,Hanwha Eagles,울산
20250521HTKT02025,3.54,1.41,53.1,9.0,9.661016949152541,2.0338983050847457,0.3389830508474576,12,,3.0,0.89,54.0,9.0,9.5,2.0,0.5,13,,2025-05-21,KT Wiz,Kia Tigers,수원
20250521LGLT02025,4.63,1.66,44.2,9.0,6.3122171945701355,4.479638009049774,0.6108597285067873,12,,1.99,1.07,58.2,9.0,6.649484536082474,2.6288659793814433,0.46391752577319584,13,,2025-05-21,Lotte Giants,LG Twins,사직
20250521SKOB02025,0.0,0.0,0.0,0.0,,,,13,,2.32,0.97,50.1,9.0,13.832335329341317,2.6946107784431135,0.5389221556886228,12,,2025-05-21,Doosan Bears,SSG Landers,잠실
20250521SSWO02025,5.26,1.57,53.0,10.0,9.0,3.2264150943396226,0.6792452830188679,12,,2.47,1.13,65.2,10.0,7.315950920245398,2.2085889570552144,0.8282208588957055,12,,2025-05-21,Kiwoom Heroes,Samsung Lions,고척
20250522HHNC02025,5.63,1.5,8.0,3.0,4.5,5.625,0.0,12,,1.48,0.85,67.0,10.0,12.492537313432836,2.417910447761194,0.26865671641791045,13,,2025-05-22,NC Dinos,Hanwha Eagles,울산
20250522HTKT02025,5.43,1.52,54.2,10.0,4.981549815498155,4.151291512915129,1.4944649446494465,12,,5.25,1.56,48.0,9.0,7.125,3.75,0.5625,13,,2025-05-22,KT Wiz,Kia Tigers,수원
20250522LGLT02025,6.46,1.57,15.1,3.0,7.748344370860927,4.172185430463577,1.1920529801324504,12,,4.6,1.09,15.2,3.0,4.144736842105264,1.1842105263157896,1.7763157894736843,13,,2025-05-22,Lotte Giants,LG Twins,사직
20250522SKOB02025,3.09,1.29,23.1,14.0,5.844155844155844,3.1168831168831166,0.7792207792207791,13,,3.79,1.37,54.2,10.0,8.634686346863468,2.988929889298893,0.8302583025830258,12,,2025-05-22,Doosan Bears,SSG Landers,잠실
20250522SSWO02025,6.41,1.78,19.2,9.0,5.625,3.75,0.9375,12,,4.81,1.19,33.2,7.0,6.777108433734939,2.1686746987951806,1.0843373493975903,12,,2025-05-22,Kiwoom Heroes,Samsung Lions,고척
20250523HTSS02025,3.38,1.5,5.1,4.0,7.058823529411765,5.294117647058824,0.0,12,,2.23,1.07,60.2,10.0,8.372093023255813,2.5415282392026577,0.1495016611295681,13,,2025-05-23,Samsung Lions,Kia Tigers,대구
20250523KTWO02025,7.13,1.92,41.2,9.0,5.679611650485437,4.5873786407766985,1.7475728155339805,13,,2.34,1.2,50.0,9.0,8.28,4.32,0.54,11,,2025-05-23,Kiwoom Heroes,KT Wiz,고척
20250523LGSK02025,2.29,0.88,35.1,6.0,9.23076923076923,2.8205128205128203,1.0256410256410255,12,,4.57,1.35,45.1,9.0,8.780487804878048,3.3924611973392462,0.7982261640798226,13,,2025-05-23,SSG Landers,LG Twins,문학
20250523LTHH02025,3.67,1.09,61.1,10.0,10.163666121112929,2.504091653027823,1.0310965630114566,12,,2.8,1.2,61.0,10.0,10.770491803278688,3.098360655737705,0.5901639344262295,12,,2025-05-23,Hanwha Eagles,Lotte Giants,대전(신)
20250523NCOB02025,4.13,1.27,56.2,10.0,7.686832740213522,4.3238434163701065,0.32028469750889677,12,,3.35,1.34,53.2,10.0,6.428571428571428,4.2293233082706765,0.3383458646616541,12,,2025-05-23,Doosan Bears,NC Dinos,잠실
20250524HTSS02025,6.23,1.7,34.2,8.0,5.789473684210526,4.7368421052631575,1.0526315789473684,12,,2.94,1.27,52.0,9.0,5.019230769230769,2.076923076923077,0.6923076923076923,13,,2025-05-24,Samsung Lions,Kia Tigers,대구
20250524KTWO02025,6.34,1.59,32.2,10.0,5.590062111801242,4.192546583850931,1.6770186335403725,13,,2.81,1.23,48.0,9.0,9.9375,3.0,1.125,11,,2025-05-24,Kiwoom Heroes,KT Wiz,고척
20250524LGSK02025,5.06,1.59,21.1,22.0,9.81042654028436,6.398104265402843,0.42654028436018954,12,,2.2,0.96,61.1,10.0,8.8379705400982,1.9148936170212765,0.14729950900163666,13,,2025-05-24,SSG Landers,LG Twins,문학
20250524LTHH02025,3.09,1.19,55.1,10.0,7.3502722323049,2.1234119782214154,0.8166969147005444,12,,1.96,1.16,59.2,10.0,8.513513513513512,3.4966216216216215,0.15202702702702703,12,,2025-05-24,Hanwha Eagles,Lotte Giants,대전(신)
20250524NCOB02025,4.47,1.36,52.1,10.0,5.355086372360844,3.6276391554702494,1.381957773512476,12,,3.07,1.04,58.2,10.0,12.061855670103093,3.556701030927835,0.9278350515463917,12,,2025-05-24,Doosan Bears,NC Dinos,잠실
20250525HTSS02025,2.57,1.0,56.0,9.0,6.428571428571429,1.125,0.6428571428571429,12,,9.64,2.64,14.0,5.0,5.785714285714286,9.642857142857142,0.6428571428571429,13,,2025-05-25,Samsung Lions,Kia Tigers,대구
20250525KTWO02025,6.16,2.02,30.2,16.0,6.258278145695364,5.662251655629139,0.8940397350993378,12,,2.83,1.13,47.2,8.0,9.915254237288135,2.669491525423729,0.3813559322033898,12,,2025-05-25,Kiwoom Heroes,KT Wiz,고척
20250525LGSK02025,6.23,1.62,4.1,1.0,8.78048780487805,2.1951219512195124,2.1951219512195124,12,,3.2,1.18,50.2,9.0,8.247011952191235,3.047808764940239,0.896414342629482,13,,2025-05-25,SSG Landers,LG Twins,문학
20250525LTHH02025,2.89,1.01,46.2,9.0,9.935064935064934,1.948051948051948,0.3896103896103896,12,,0.0,1.5,4.2,2.0,12.857142857142856,2.142857142857143,0.0,12,,2025-05-25,Hanwha Eagles,Lotte Giants,대전(신)
20250525NCOB02025,3.2,1.08,59.0,10.0,9.0,2.593220338983051,0.0,12,,5.4,1.46,23.1,12.0,5.844155844155844,2.3376623376623376,1.1688311688311688,12,,2025-05-25,Doosan Bears,NC Dinos,잠실
20250527HHLG02025,2.56,1.2,63.1,10.0,6.2757527733755945,2.709984152139461,0.42789223454833597,13,,2.7,1.2,3.1,1.0,11.612903225806452,5.806451612903226,0.0,12,,2025-05-27,LG Twins,Hanwha Eagles,잠실
20250527LTSS02025,2.39,1.12,71.2,11.0,7.205056179775281,2.148876404494382,0.7584269662921348,12,,0.0,0.0,0.0,0.0,,,,12,,2025-05-27,Samsung Lions,Lotte Giants,대구
20250527NCSK02025,2.08,0.99,56.1,10.0,13.636363636363637,2.727272727272727,0.48128342245989303,12,,4.74,1.28,43.2,9.0,5.625,2.2916666666666665,1.0416666666666665,12,,2025-05-27,SSG Landers,NC Dinos,문학
20250527OBKT02025,3.28,1.39,60.1,10.0,9.134775374376039,1.9467554076539102,0.2995008319467554,12,,4.3,1.35,46.0,9.0,6.6521739130434785,3.717391304347826,0.9782608695652174,13,,2025-05-27,KT Wiz,Doosan Bears,수원
20250527WOHT02025,2.9,0.95,59.0,10.0,9.915254237288135,2.135593220338983,0.4576271186440678,13,,5.1,1.5,60.0,11.0,8.85,3.3,0.6,11,,2025-05-27,Kia Tigers,Kiwoom Heroes,광주
20250528HHLG02025,6.63,1.42,19.0,4.0,3.3157894736842106,1.894736842105263,1.4210526315789473,13,,1.63,0.88,72.0,11.0,12.125,2.375,0.25,12,,2025-05-28,LG Twins,Hanwha Eagles,잠실
20250528NCSK02025,3.56,1.34,60.2,11.0,8.820598006644518,2.840531561461794,0.7475083056478405,12,,5.74,1.61,26.2,6.0,8.244274809160306,6.526717557251908,1.3740458015267176,11,,2025-05-28,SSG Landers,NC Dinos,문학
20250528OBKT02025,5.88,1.61,59.2,11.0,5.016891891891891,4.10472972972973,1.5202702702702702,11,,4.5,1.25,4.0,1.0,6.75,6.75,0.0,13,,2025-05-28,KT Wiz,Doosan Bears,수원
20250528WOHT02025,4.61,1.52,54.2,10.0,6.974169741697416,3.9852398523985237,0.49815498154981547,13,,5.11,1.54,24.2,10.0,5.578512396694215,3.71900826446281,0.7438016528925621,11,,2025-05-28,Kia Tigers,Kiwoom Heroes,광주
20250529HHLG02025,4.13,1.24,52.1,10.0,9.500959692898272,3.2821497120921306,0.690978886756238,13,,3.5,1.02,69.1,11.0,10.419681620839365,2.214182344428365,1.0419681620839365,12,,2025-05-29,LG Twins,Hanwha Eagles,잠실
20250529LTSS02025,5.12,1.55,45.2,9.0,8.761061946902654,4.778761061946902,0.5973451327433628,12,,2.94,1.22,67.1,11.0,10.193740685543965,3.0849478390462,0.5365126676602087,12,,2025-05-29,Samsung Lions,Lotte Giants,대구
20250529NCSK02025,4.88,1.63,24.0,23.0,9.0,6.75,0.375,12,,3.12,1.34,60.2,11.0,6.578073089700997,4.0365448504983386,0.2990033222591362,11,,2025-05-29,SSG Landers,NC Dinos,문학
20250529OBKT02025,2.62,1.24,55.0,10.0,7.6909090909090905,4.254545454545455,0.6545454545454545,11,,3.73,1.21,62.2,11.0,7.524115755627009,4.340836012861736,0.28938906752411575,13,,2025-05-29,KT Wiz,Doosan Bears,수원
20250529WOHT02025,2.55,1.09,67.0,11.0,8.597014925373134,2.283582089552239,0.13432835820895522,13,,7.23,1.92,47.1,10.0,5.159235668789809,4.585987261146497,1.5286624203821655,12,,2025-05-29,Kia Tigers,Kiwoom Heroes,광주
20250530HHNC02025,2.92,1.05,64.2,11.0,11.495327102803738,3.5046728971962615,0.8411214953271028,11,,3.28,1.23,60.1,11.0,7.337770382695507,2.0965058236272878,0.7487520798668885,12,,2025-05-30,NC Dinos,Hanwha Eagles,창원
20250530HTKT02025,3.17,1.26,54.0,10.0,10.0,2.8333333333333335,1.1666666666666667,11,,3.18,1.31,56.2,10.0,4.9644128113879,2.4021352313167257,0.6405693950177935,13,,2025-05-30,KT Wiz,Kia Tigers,수원
20250530OBWO02025,5.66,1.91,35.0,17.0,5.6571428571428575,5.6571428571428575,0.7714285714285715,12,,4.63,1.35,58.1,11.0,5.576592082616179,3.5628227194492252,1.549053356282272,11,,2025-05-30,Kiwoom Heroes,Doosan Bears,고척
20250530SKLT02025,2.37,1.21,64.2,11.0,8.69158878504673,3.364485981308411,0.4205607476635514,12,,2.4,0.9,41.1,7.0,8.321167883211679,2.846715328467153,0.875912408759124,12,,2025-05-30,Lotte Giants,SSG Landers,사직
20250530SSLG02025,5.68,0.89,19.0,4.0,10.421052631578947,3.3157894736842106,1.894736842105263,13,,6.28,1.73,38.2,9.0,5.654450261780104,4.476439790575916,1.1780104712041883,12,,2025-05-30,LG Twins,Samsung Lions,잠실
20250531HHNC02025,5.4,1.35,13.1,4.0,6.183206106870229,5.4961832061068705,0.6870229007633588,11,,6.68,1.82,32.1,8.0,7.850467289719626,4.485981308411215,1.6822429906542056,13,,2025-05-31,NC Dinos,Hanwha Eagles,창원
20250531HTKT02025,2.47,1.1,54.2,9.0,9.464944649446494,2.3247232472324724,0.33210332103321033,11,,8.05,2.16,19.0,6.0,6.631578947368421,7.578947368421052,0.9473684210526315,13,,2025-05-31,KT Wiz,Kia Tigers,수원
20250531OBWO02025,3.71,1.24,63.0,11.0,10.285714285714286,2.7142857142857144,0.7142857142857143,12,,3.32,1.09,65.0,11.0,9.0,2.6307692307692307,0.0,11,,2025-05-31,Kiwoom Heroes,Doosan Bears,고척
20250531SKLT02025,4.71,1.69,49.2,10.0,6.768292682926829,4.390243902439024,0.9146341463414633,12,,4.15,1.5,8.2,2.0,7.682926829268293,2.1951219512195124,1.0975609756097562,12,,2025-05-31,Lotte Giants,SSG Landers,사직
20250531SSLG02025,2.55,1.0,67.0,11.0,8.73134328358209,1.8805970149253732,0.40298507462686567,13,,2.47,0.98,62.0,10.0,6.82258064516129,1.0161290322580645,0.7258064516129032,12,,2025-05-31,LG Twins,Samsung Lions,잠실
20250601HHNC02025,10.13,2.63,2.2,2.0,0.0,0.0,8.181818181818182,12,,3.24,1.32,8.1,2.0,5.555555555555555,6.666666666666667,0.0,13,,2025-06-01,NC Dinos,Hanwha Eagles,창원
20250601HTKT02025,2.61,0.97,10.1,2.0,2.6732673267326734,0.0,0.0,12,,2.91,0.97,65.0,11.0,9.96923076923077,2.076923076923077,0.4153846153846154,13,,2025-06-01,KT Wiz,Kia Tigers,수원
20250601OBWO02025,0.0,0.0,0.0,0.0,,,,13,,4.15,1.38,52.0,10.0,6.230769230769231,3.6346153846153846,0.8653846153846154,11,,2025-06-01,Kiwoom Heroes,Doosan Bears,고척
20250601SKLT02025,6.64,1.57,20.1,4.0,6.26865671641791,4.029850746268656,1.7910447761194028,13,,1.85,0.96,63.1,11.0,13.264659270998415,2.4247226624405704,0.42789223454833597,12,,2025-06-01,Lotte Giants,SSG Landers,사직
20250601SSLG02025,2.43,1.18,70.1,11.0,6.547788873038517,2.696148359486448,0.38516405135520687,13,,3.92,1.04,41.1,8.0,6.56934306569343,1.751824817518248,0.875912408759124,12,,2025-06-01,LG Twins,Samsung Lions,잠실
20250603HTOB02025,4.5,1.75,4.0,2.0,9.0,4.5,2.25,12,,5.16,1.6,59.1,11.0,7.00507614213198,3.9593908629441623,0.45685279187817257,13,,2025-06-03,Doosan Bears,Kia Tigers,잠실
20250603KTHH02025,1.94,0.87,79.0,12.0,11.962025316455696,2.1645569620253164,0.45569620253164556,12,,6.12,1.61,64.2,12.0,5.607476635514018,4.065420560747663,1.542056074766355,12,,2025-06-03,Hanwha Eagles,KT Wiz,대전(신)
20250603LGNC02025,6.44,1.81,29.1,7.0,8.350515463917525,7.11340206185567,1.5463917525773194,12,,2.83,1.17,57.1,10.0,8.669001751313484,3.1523642732049035,0.7880910683012259,13,,2025-06-03,NC Dinos,LG Twins,창원
20250603SSSK02025,3.84,1.36,65.2,12.0,8.696319018404907,3.03680981595092,0.6901840490797546,12,,2.32,1.13,77.2,12.0,6.994818652849741,1.9818652849740932,0.699481865284974,13,,2025-06-03,SSG Landers,Samsung Lions,문학
20250603WOLT02025,7.71,1.29,4.2,1.0,19.285714285714285,2.142857142857143,0.0,13,,5.59,1.55,29.0,11.0,4.9655172413793105,3.103448275862069,1.2413793103448276,13,,2025-06-03,Lotte Giants,Kiwoom Heroes,사직
20250604HTOB02025,2.0,1.22,9.0,2.0,5.0,5.0,0.0,12,,2.59,1.12,73.0,12.0,8.136986301369863,2.219178082191781,0.1232876712328767,13,,2025-06-04,Doosan Bears,Kia Tigers,잠실
20250604KTHH02025,3.35,1.04,75.1,12.0,10.306258322237017,2.157123834886818,1.078561917443409,11,,2.51,1.25,61.0,11.0,7.377049180327869,3.9836065573770494,0.5901639344262295,12,,2025-06-04,Hanwha Eagles,KT Wiz,대전(신)
20250604LGNC02025,3.58,1.39,65.1,12.0,6.2211981566820285,4.147465437788019,0.2764976958525346,12,,3.79,1.2,59.1,11.0,9.289340101522843,3.045685279187817,0.6091370558375634,13,,2025-06-04,NC Dinos,LG Twins,창원
20250604SSSK02025,5.13,1.63,26.1,24.0,9.655172413793103,6.551724137931034,0.3448275862068965,12,,4.97,1.54,50.2,10.0,9.143426294820717,5.0199203187251,0.896414342629482,13,,2025-06-04,SSG Landers,Samsung Lions,문학
20250604WOLT02025,3.34,1.25,72.2,12.0,9.722991689750693,3.240997229916897,0.4986149584487534,13,,6.58,1.86,53.1,11.0,5.423728813559322,4.406779661016949,1.3559322033898304,12,,2025-06-04,Lotte Giants,Kiwoom Heroes,사직
20250605HTOB02025,4.86,1.37,63.0,12.0,5.285714285714286,3.2857142857142856,1.5714285714285714,12,,3.36,1.33,61.2,11.0,5.294117647058823,2.5,0.7352941176470588,13,,2025-06-05,Doosan Bears,Kia Tigers,잠실
20250605KTHH02025,3.12,1.19,66.1,12.0,7.352496217851741,2.178517397881997,0.6807866868381242,11,,2.8,1.2,61.0,11.0,10.180327868852459,2.6557377049180326,1.0327868852459017,12,,2025-06-05,Hanwha Eagles,KT Wiz,대전(신)
20250605LGNC02025,3.31,1.1,70.2,12.0,11.153846153846153,3.5897435897435894,0.8974358974358974,12,,4.32,0.96,25.0,5.0,9.36,2.88,1.44,13,,2025-06-05,NC Dinos,LG Twins,창원
20250605SSSK02025,2.72,1.01,46.1,8.0,9.175704989154013,2.928416485900217,0.7809110629067245,12,,5.73,1.68,44.0,10.0,5.7272727272727275,4.5,1.0227272727272727,13,,2025-06-05,SSG Landers,Samsung Lions,문학
20250605WOLT02025,2.45,1.23,69.2,12.0,8.453757225433526,3.3815028901734103,0.3901734104046243,12,,5.12,1.54,65.0,12.0,9.0,3.3230769230769233,0.6923076923076923,12,,2025-06-05,Lotte Giants,Kiwoom Heroes,사직
20250606HHHT02025,6.75,2.0,24.0,7.0,7.125,7.875,1.125,13,,6.27,1.79,37.1,9.0,7.035040431266846,3.8814016172506736,1.4555256064690025,11,,2025-06-06,Kia Tigers,Hanwha Eagles,광주
20250606LGWO02025,3.33,1.17,70.1,12.0,9.885877318116977,2.8245363766048506,0.6419400855920114,12,,2.84,1.05,73.0,12.0,8.506849315068493,1.8493150684931507,0.3698630136986301,12,,2025-06-06,Kiwoom Heroes,LG Twins,고척
20250606LTOB02025,3.13,1.03,72.0,12.0,9.0,2.5,0.125,12,,4.94,1.72,54.2,11.0,6.808118081180812,4.981549815498155,0.9963099630996309,12,,2025-06-06,Doosan Bears,Lotte Giants,잠실
20250606NCSS02025,2.55,1.0,67.0,11.0,6.850746268656716,1.0746268656716418,0.6716417910447762,13,,5.09,1.42,17.2,5.0,4.709302325581396,5.7558139534883725,0.5232558139534884,12,,2025-06-06,Samsung Lions,NC Dinos,대구
20250606SKKT02025,2.23,1.09,60.2,10.0,9.41860465116279,2.3920265780730894,0.2990033222591362,12,,3.55,1.5,12.2,3.0,8.114754098360656,2.9508196721311477,0.7377049180327869,12,,2025-06-06,KT Wiz,SSG Landers,수원
20250607HHHT02025,3.04,0.97,71.0,12.0,9.76056338028169,1.9014084507042253,0.38028169014084506,13,,5.14,1.36,14.0,3.0,7.071428571428571,6.428571428571429,0.6428571428571429,12,,2025-06-07,Kia Tigers,Hanwha Eagles,광주
20250607LGWO02025,0.0,1.17,6.0,1.0,6.0,1.5,0.0,12,,2.63,1.21,75.1,12.0,6.5912117177097205,2.6364846870838883,0.35952063914780297,13,,2025-06-07,Kiwoom Heroes,LG Twins,고척
20250607LTOB02025,3.86,1.32,58.1,11.0,6.506024096385542,3.253012048192771,0.774526678141136,13,,5.33,1.46,25.1,5.0,5.737051792828685,3.585657370517928,1.4342629482071712,12,,2025-06-07,Doosan Bears,Lotte Giants,잠실
20250607NCSS02025,3.64,1.17,47.0,9.0,6.127659574468085,1.9148936170212767,0.7659574468085106,12,,4.35,1.19,49.2,10.0,5.670731707317072,2.0121951219512195,0.9146341463414633,13,,2025-06-07,Samsung Lions,NC Dinos,대구
20250607SKKT02025,3.04,1.28,68.0,11.0,9.264705882352942,1.7205882352941178,0.2647058823529412,12,,2.08,0.98,69.1,12.0,12.76410998552822,2.604920405209841,0.5209840810419682,12,,2025-06-07,KT Wiz,SSG Landers,수원
20250608HHHT02025,4.9,1.57,64.1,12.0,7.160686427457099,3.790951638065523,0.421216848673947,13,,1.8,0.85,85.0,13.0,11.858823529411765,2.1176470588235294,0.4235294117647059,12,,2025-06-08,Kia Tigers,Hanwha Eagles,광주
20250608LGWO02025,4.8,2.13,15.0,3.0,6.6,7.8,0.6,12,,2.56,1.09,63.1,11.0,8.84310618066561,2.995245641838352,0.7131537242472266,13,,2025-06-08,Kiwoom Heroes,LG Twins,고척
20250608LTOB02025,9.0,1.67,3.0,1.0,18.0,12.0,0.0,12,,3.09,0.77,11.2,2.0,12.053571428571429,1.6071428571428572,0.0,12,,2025-06-08,Doosan Bears,Lotte Giants,잠실
20250608NCSS02025,2.71,1.2,83.0,13.0,6.831325301204819,1.9518072289156627,0.8674698795180723,12,,16.2,3.6,1.2,2.0,15.0,30.0,0.0,13,,2025-06-08,Samsung Lions,NC Dinos,대구
20250608SKKT02025,6.36,1.63,69.1,13.0,5.73082489146165,4.298118668596238,1.5629522431259046,12,,1.29,0.71,7.0,5.0,7.714285714285714,2.5714285714285716,0.0,12,,2025-06-08,KT Wiz,SSG Landers,수원
20250610LTKT02025,2.79,1.24,67.2,12.0,8.035714285714285,3.75,0.6696428571428571,12,,3.69,1.31,78.0,13.0,9.807692307692308,3.576923076923077,0.46153846153846156,12,,2025-06-10,KT Wiz,Lotte Giants,수원
20250610NCWO02025,6.59,1.88,57.1,12.0,5.0437828371278455,4.57092819614711,1.2609457092819614,12,,3.53,1.42,71.1,13.0,6.455696202531646,4.303797468354431,0.25316455696202533,13,,2025-06-10,Kiwoom Heroes,NC Dinos,고척
20250610OBHH02025,3.36,1.06,80.1,13.0,10.112359550561798,2.359550561797753,1.0112359550561798,12,,4.28,1.31,67.1,12.0,7.2429210134128175,4.694485842026826,0.26825633383010433,13,,2025-06-10,Hanwha Eagles,Doosan Bears,대전(신)
20250610SKLG02025,4.06,1.27,64.1,12.0,8.985959438377536,3.088923556942278,0.702028081123245,13,,4.31,1.47,31.1,25.0,9.54983922829582,5.787781350482315,0.28938906752411575,12,,2025-06-10,LG Twins,SSG Landers,잠실
20250610SSHT02025,2.77,1.15,78.0,13.0,8.192307692307692,2.3076923076923075,0.23076923076923078,13,,5.14,1.54,56.0,11.0,9.160714285714286,4.660714285714286,0.8035714285714286,12,,2025-06-10,Kia Tigers,Samsung Lions,광주
20250611LTKT02025,2.51,1.13,68.0,12.0,10.191176470588236,2.6470588235294117,0.9264705882352942,11,,3.44,1.36,73.1,13.0,8.372093023255815,3.693570451436389,0.6155950752393982,12,,2025-06-11,KT Wiz,Lotte Giants,수원
20250611NCWO02025,5.0,1.5,72.0,13.0,8.75,3.125,0.75,12,,3.42,1.15,76.1,13.0,10.880420499342971,3.66622864651774,0.9461235216819974,13,,2025-06-11,Kiwoom Heroes,NC Dinos,고척
20250611OBHH02025,3.7,1.73,24.1,27.0,5.228215767634855,4.481327800829876,0.37344398340248963,12,,4.61,1.36,68.1,13.0,5.286343612334802,3.1718061674008813,1.4537444933920707,12,,2025-06-11,Hanwha Eagles,Doosan Bears,대전(신)
20250611SKLG02025,3.73,0.99,31.1,6.0,9.839228295819936,2.315112540192926,1.4469453376205788,12,,2.41,1.03,52.1,9.0,9.500959692898272,2.763915547024952,0.690978886756238,12,,2025-06-11,LG Twins,SSG Landers,잠실
20250611SSHT02025,3.15,1.28,68.2,12.0,5.674486803519061,2.375366568914956,0.6598240469208211,13,,5.54,1.85,13.0,11.0,7.615384615384615,3.4615384615384617,0.6923076923076923,12,,2025-06-11,Kia Tigers,Samsung Lions,광주
20250612LTKT02025,2.43,1.08,66.2,11.0,9.380664652567976,2.175226586102719,0.4078549848942598,11,,8.28,1.88,25.0,11.0,8.28,5.4,2.52,12,,2025-06-12,KT Wiz,Lotte Giants,수원
20250612NCWO02025,6.03,1.66,34.1,13.0,4.750733137829912,3.43108504398827,1.5835777126099706,13,,5.96,1.5,22.2,6.0,5.675675675675675,5.27027027027027,1.2162162162162162,13,,2025-06-12,Kiwoom Heroes,NC Dinos,고척
20250612OBHH02025,5.82,1.68,43.1,10.0,7.935034802784222,3.3410672853828305,1.4617169373549883,12,,2.88,0.97,78.0,13.0,8.76923076923077,2.3076923076923075,0.11538461538461539,11,,2025-06-12,Hanwha Eagles,Doosan Bears,대전(신)
20250612SKLG02025,2.59,1.05,80.0,13.0,8.2125,1.9125,0.3375,12,,5.17,1.6,15.2,4.0,9.473684210526317,2.960526315789474,0.5921052631578948,12,,2025-06-12,LG Twins,SSG Landers,잠실
20250612SSHT02025,5.4,1.73,30.0,8.0,7.8,6.6,0.9,13,,5.14,1.57,49.0,11.0,5.877551020408164,4.040816326530612,0.9183673469387755,12,,2025-06-12,Kia Tigers,Samsung Lions,광주
20250613HTNC02025,4.56,1.23,51.1,11.0,5.459882583170255,2.1135029354207435,1.0567514677103718,13,,3.0,0.97,78.0,13.0,9.923076923076923,1.8461538461538463,0.34615384615384615,13,,2025-06-13,NC Dinos,Kia Tigers,창원
20250614HTNC02025,5.4,1.2,6.2,3.0,13.064516129032258,8.709677419354838,0.0,13,,5.27,1.64,66.2,13.0,7.205438066465256,3.6706948640483383,0.4078549848942598,13,,2025-06-14,NC Dinos,Kia Tigers,창원
20250614KTSS02025,2.45,1.13,92.0,14.0,6.75,1.9565217391304348,0.782608695652174,12,,6.17,1.61,74.1,14.0,5.587044534412956,4.251012145748988,1.5789473684210527,11,,2025-06-14,Samsung Lions,KT Wiz,대구
20250614LGHH02025,2.2,0.88,90.0,14.0,11.9,2.2,0.6,12,,2.8,1.22,80.1,13.0,6.292134831460674,2.5842696629213484,0.3370786516853933,13,,2025-06-14,Hanwha Eagles,LG Twins,대전(신)
20250614LTSK02025,3.91,1.35,71.1,13.0,8.987341772151899,2.9113924050632916,0.759493670886076,13,,2.95,0.82,18.1,3.0,9.944751381215468,1.9889502762430937,0.0,13,,2025-06-14,SSG Landers,Lotte Giants,문학
20250614WOOB02025,4.2,1.34,64.1,12.0,6.458658346333854,2.948517940717629,0.842433697347894,12,,0.64,0.71,14.0,2.0,6.428571428571429,0.6428571428571429,0.0,12,,2025-06-14,Doosan Bears,Kiwoom Heroes,잠실
20250615HTNC02025,3.49,1.42,77.1,14.0,6.3035019455252925,4.0856031128404675,0.3501945525291829,12,,2.67,1.15,84.1,14.0,7.812128418549347,2.2473246135552913,0.32104637336504166,13,,2025-06-15,NC Dinos,Kia Tigers,창원
20250615KTSS02025,4.65,1.47,62.0,12.0,9.290322580645162,4.645161290322581,0.7258064516129032,11,,2.92,1.28,74.0,12.0,9.364864864864865,1.7027027027027026,0.24324324324324326,12,,2025-06-15,Samsung Lions,KT Wiz,대구
20250615LGHH02025,3.68,1.11,51.1,10.0,9.863013698630137,2.2896281800391387,0.3522504892367906,12,,2.3,1.04,70.1,12.0,8.601997146932954,2.9529243937232525,0.6419400855920114,13,,2025-06-15,Hanwha Eagles,LG Twins,대전(신)
20250615LTSK02025,2.28,1.01,75.0,13.0,12.96,2.52,0.48,13,,5.64,1.52,30.1,6.0,5.980066445182724,3.5880398671096345,1.1960132890365447,13,,2025-06-15,SSG Landers,Lotte Giants,문학
20250615WOOB02025,5.63,1.63,8.0,2.0,11.25,6.75,0.0,12,,4.05,1.7,20.0,4.0,7.2,5.85,0.45,12,,2025-06-15,Doosan Bears,Kiwoom Heroes,잠실
20250617HHLT02025,3.55,1.37,78.2,14.0,8.861892583120204,3.567774936061381,0.5754475703324808,12,,3.09,1.02,87.1,14.0,10.332950631458095,2.273249138920781,0.9299655568312285,12,,2025-06-17,Lotte Giants,Hanwha Eagles,사직
20250617KTHT02025,3.15,1.32,74.1,13.0,5.951417004048584,2.307692307692308,0.6072874493927126,13,,2.43,1.16,74.0,13.0,9.972972972972974,2.7972972972972974,0.8513513513513513,12,,2025-06-17,Kia Tigers,KT Wiz,광주
20250617NCLG02025,4.0,1.08,36.0,7.0,10.0,2.25,1.25,12,,3.13,1.09,83.1,14.0,11.588447653429604,3.465703971119134,0.8664259927797835,12,,2025-06-17,LG Twins,NC Dinos,잠실
20250617OBSS02025,2.68,1.03,74.0,12.0,6.324324324324325,0.972972972972973,0.7297297297297297,12,,4.05,1.23,73.1,13.0,7.387140902872778,4.309165526675787,0.24623803009575926,12,,2025-06-17,Samsung Lions,Doosan Bears,대구
20250617SKWO02025,6.06,1.84,62.1,13.0,5.36231884057971,4.492753623188405,1.1594202898550725,12,,2.65,1.08,57.2,10.0,9.125874125874125,3.1468531468531467,0.6293706293706294,13,,2025-06-17,Kiwoom Heroes,SSG Landers,고척
20250618HHLT02025,0.0,1.5,2.0,2.0,4.5,4.5,0.0,12,,5.59,1.61,48.1,11.0,8.794178794178794,3.180873180873181,1.3097713097713097,12,,2025-06-18,Lotte Giants,Hanwha Eagles,사직
20250618KTHT02025,5.14,1.63,35.0,9.0,8.228571428571428,6.171428571428572,1.0285714285714285,13,,3.01,1.14,71.2,12.0,9.353932584269662,2.148876404494382,0.3792134831460674,12,,2025-06-18,Kia Tigers,KT Wiz,광주
20250618NCLG02025,2.84,1.11,85.2,14.0,8.23943661971831,2.0070422535211265,0.3169014084507042,13,,7.03,1.64,24.1,7.0,5.601659751037344,6.7219917012448125,1.120331950207469,12,,2025-06-18,LG Twins,NC Dinos,잠실
20250618OBSS02025,4.83,1.61,54.0,12.0,6.166666666666667,4.0,0.8333333333333334,12,,3.45,1.47,15.2,4.0,5.328947368421053,6.5131578947368425,0.0,12,,2025-06-18,Samsung Lions,Doosan Bears,대구
20250618SKWO02025,5.14,1.51,77.0,14.0,8.766233766233766,3.155844155844156,0.7012987012987013,12,,4.41,1.53,34.2,26.0,9.210526315789473,6.578947368421052,0.2631578947368421,13,,2025-06-18,Kiwoom Heroes,SSG Landers,고척
20250619HHLT02025,4.88,1.66,62.2,14.0,6.221864951768488,4.485530546623794,1.3022508038585208,12,,3.54,1.23,20.1,5.0,7.164179104477611,5.820895522388059,0.4477611940298507,12,,2025-06-19,Lotte Giants,Hanwha Eagles,사직
20250619KTHT02025,3.25,1.02,83.0,14.0,9.975903614457831,1.9518072289156627,0.3253012048192771,13,,0.0,0.0,0.0,0.0,,,,12,,2025-06-19,Kia Tigers,KT Wiz,광주
20250619NCLG02025,9.39,2.35,7.2,4.0,6.25,6.25,1.25,14,,4.31,1.22,56.1,12.0,5.133689839572193,2.085561497326203,1.1229946524064172,12,,2025-06-19,LG Twins,NC Dinos,잠실
20250619OBSS02025,4.5,1.56,18.0,12.0,7.0,3.0,1.0,12,,2.98,0.98,84.2,14.0,8.337292161520189,2.137767220902613,0.21377672209026127,12,,2025-06-19,Samsung Lions,Doosan Bears,대구
20250619SKWO02025,7.36,1.64,22.0,9.0,4.5,2.4545454545454546,0.8181818181818182,13,,3.25,1.34,27.2,22.0,6.61764705882353,3.9705882352941178,1.3235294117647058,13,,2025-06-19,Kiwoom Heroes,SSG Landers,고척
20250620SSLT02025,2.59,0.95,24.1,4.0,9.70954356846473,1.867219917012448,0.0,12,,4.91,1.91,11.0,5.0,9.0,8.181818181818182,1.6363636363636365,13,,2025-06-20,Lotte Giants,Samsung Lions,사직
20250621HTSK02025,3.84,1.32,77.1,14.0,8.754863813229573,2.918287937743191,0.8171206225680935,13,,5.27,1.6,71.2,14.0,7.078651685393258,3.6657303370786516,0.5056179775280899,13,,2025-06-21,SSG Landers,Kia Tigers,문학
20250621NCKT02025,2.93,1.26,73.2,13.0,7.991803278688525,3.8114754098360653,0.6147540983606558,13,,7.36,1.91,33.0,8.0,7.909090909090909,7.090909090909091,1.6363636363636365,12,,2025-06-21,KT Wiz,NC Dinos,수원
20250621OBLG02025,4.14,1.08,37.0,8.0,10.216216216216216,2.189189189189189,1.2162162162162162,13,,4.02,1.21,15.2,3.0,7.697368421052632,3.5526315789473686,0.5921052631578948,12,,2025-06-21,LG Twins,Doosan Bears,잠실
20250622HTSK02025,2.09,1.0,82.0,14.0,13.060975609756097,2.4146341463414633,0.43902439024390244,13,,2.57,1.09,91.0,15.0,8.10989010989011,2.1758241758241756,0.2967032967032967,13,,2025-06-22,SSG Landers,Kia Tigers,문학
20250622NCKT02025,5.64,1.55,81.1,15.0,5.992601726263872,4.106041923551172,1.4426633785450063,12,,3.56,1.42,83.1,15.0,6.931407942238268,3.8989169675090256,0.43321299638989175,12,,2025-06-22,KT Wiz,NC Dinos,수원
20250622OBLG02025,2.65,1.1,74.2,13.0,8.369272237196766,3.153638814016172,0.6064690026954178,13,,3.84,1.29,70.1,13.0,6.16262482168331,2.9529243937232525,0.7703281027104137,12,,2025-06-22,LG Twins,Doosan Bears,잠실
20250622SSLT02025,4.34,1.4,83.0,14.0,9.433734939759036,3.5783132530120483,0.6506024096385542,13,,2.44,0.99,81.0,13.0,6.111111111111111,0.8888888888888888,0.6666666666666666,12,,2025-06-22,Lotte Giants,Samsung Lions,사직
20250622WOHH02025,2.16,0.86,96.0,15.0,12.09375,2.0625,0.5625,12,,1.35,1.0,20.0,3.0,6.75,0.9,0.45,12,,2025-06-22,Hanwha Eagles,Kiwoom Heroes,대전(신)
20250624HTWO02025,6.01,1.86,67.1,14.0,5.096870342771982,4.694485842026826,1.0730253353204173,12,,5.18,1.57,40.0,10.0,8.325,5.85,0.9,13,,2025-06-24,Kiwoom Heroes,Kia Tigers,고척
20250624LGKT02025,2.96,1.19,79.0,14.0,10.139240506329115,2.7341772151898733,0.7974683544303798,12,,3.29,1.21,90.1,15.0,8.091009988901222,2.197558268590455,0.29966703662597116,12,,2025-06-24,KT Wiz,LG Twins,수원
20250624SKOB02025,4.95,1.42,72.2,14.0,5.2354570637119116,3.240997229916897,1.4958448753462603,13,,2.4,1.04,63.2,11.0,9.11392405063291,2.990506329113924,0.5696202531645569,12,,2025-06-24,Doosan Bears,SSG Landers,잠실
20250625HHSS02025,2.99,1.19,96.1,15.0,7.023933402705516,2.0603537981269513,0.9365244536940688,12,,2.83,0.97,95.1,15.0,10.315457413249211,2.082018927444795,0.8517350157728707,12,,2025-06-25,Samsung Lions,Hanwha Eagles,대구
20250625HTWO02025,0.0,0.0,0.0,0.0,,,,12,,3.03,1.06,89.0,15.0,10.314606741573034,2.1235955056179776,0.30337078651685395,13,,2025-06-25,Kiwoom Heroes,Kia Tigers,고척
20250625LTNC02025,3.12,1.1,89.1,15.0,11.515151515151516,3.4343434343434347,0.9090909090909092,12,,3.6,1.38,85.0,15.0,9.105882352941176,3.6,0.6352941176470588,12,,2025-06-25,NC Dinos,Lotte Giants,창원
20250626HHSS02025,0.0,0.0,0.0,0.0,,,,13,,4.09,1.2,55.0,11.0,9.981818181818182,2.618181818181818,0.32727272727272727,12,,2025-06-26,Samsung Lions,Hanwha Eagles,대구
20250626HTWO02025,4.88,1.51,83.0,15.0,8.240963855421686,2.927710843373494,0.6506024096385542,12,,7.53,1.88,14.1,11.0,7.021276595744681,5.74468085106383,1.2765957446808511,12,,2025-06-26,Kiwoom Heroes,Kia Tigers,고척
20250626LGKT02025,3.13,1.18,77.2,13.0,9.093264248704664,2.098445595854922,0.349740932642487,12,,2.61,1.18,86.1,14.0,6.167247386759582,2.613240418118467,0.31358885017421606,13,,2025-06-26,KT Wiz,LG Twins,수원
20250626LTNC02025,5.34,1.71,30.1,17.0,5.980066445182724,4.784053156146179,0.8970099667774086,12,,2.37,1.02,30.1,5.0,10.16611295681063,2.691029900332226,0.2990033222591362,12,,2025-06-26,NC Dinos,Lotte Giants,창원
20250626SKOB02025,4.86,1.38,76.0,14.0,7.4605263157894735,4.381578947368421,0.47368421052631576,13,,4.58,1.53,37.1,27.0,9.21832884097035,6.307277628032344,0.2425876010781671,12,,2025-06-26,Doosan Bears,SSG Landers,잠실
20250627HHSK02025,3.4,1.15,47.2,9.0,4.0042372881355925,2.2881355932203387,0.9533898305084745,13,,6.06,1.65,52.0,12.0,9.0,3.2884615384615383,1.3846153846153846,12,,2025-06-27,SSG Landers,Hanwha Eagles,문학
20250627HTLG02025,4.54,1.4,69.1,14.0,8.596237337192475,3.1259044862518093,0.6512301013024603,13,,5.1,1.55,77.2,15.0,7.227979274611399,3.4974093264248705,0.699481865284974,13,,2025-06-27,LG Twins,Kia Tigers,잠실
20250627KTLT02025,5.05,1.49,35.2,7.0,6.6477272727272725,3.579545454545454,1.2784090909090908,12,,2.93,1.34,80.0,13.0,9.1125,1.8,0.225,12,,2025-06-27,Lotte Giants,KT Wiz,사직
20250627OBNC02025,3.84,1.15,63.1,13.0,5.562599049128368,1.9968304278922344,0.9984152139461172,11,,4.57,1.29,21.2,4.0,6.367924528301887,3.3962264150943398,0.8490566037735849,13,,2025-06-27,NC Dinos,Doosan Bears,창원
20250627SSWO02025,3.33,1.68,24.1,5.0,6.348547717842323,5.228215767634855,0.37344398340248963,12,,5.18,1.48,66.0,13.0,9.136363636363637,4.5,0.9545454545454546,12,,2025-06-27,Kiwoom Heroes,Samsung Lions,고척
20250628HHSK02025,2.05,1.05,88.0,15.0,13.090909090909092,2.659090909090909,0.4090909090909091,13,,2.04,0.85,101.2,16.0,12.539525691699604,2.0454545454545454,0.5335968379446641,12,,2025-06-28,SSG Landers,Hanwha Eagles,문학
20250628HTLG02025,2.57,1.13,80.2,14.0,8.192019950124688,3.254364089775561,0.6733167082294265,13,,3.02,1.32,80.1,14.0,5.955056179775282,2.5842696629213484,0.5617977528089888,13,,2025-06-28,LG Twins,Kia Tigers,잠실
20250628KTLT02025,4.46,1.6,68.2,15.0,6.4662756598240465,4.354838709677419,1.187683284457478,12,,3.09,1.27,78.2,14.0,8.05626598465473,3.9130434782608696,0.5754475703324808,12,,2025-06-28,Lotte Giants,KT Wiz,사직
20250628OBNC02025,3.29,1.38,90.1,16.0,6.992230854605994,3.9955604883462823,0.3995560488346282,11,,3.51,1.03,89.2,15.0,8.475336322869955,2.320627802690583,0.40358744394618834,13,,2025-06-28,NC Dinos,Doosan Bears,창원
20250628SSWO02025,3.75,1.38,24.0,4.0,6.375,0.75,0.75,12,,2.59,1.01,87.0,14.0,6.206896551724138,0.9310344827586207,0.6206896551724138,13,,2025-06-28,Kiwoom Heroes,Samsung Lions,고척
20250629HHSK02025,2.88,1.11,68.2,12.0,9.105571847507331,2.903225806451613,0.5278592375366569,13,,3.47,1.26,70.0,13.0,7.328571428571428,2.1857142857142855,0.7714285714285715,12,,2025-06-29,SSG Landers,Hanwha Eagles,문학
20250629HTLG02025,3.21,1.21,95.1,16.0,8.04416403785489,2.1766561514195586,0.28391167192429023,13,,5.86,1.65,43.0,11.0,7.953488372093023,5.441860465116279,0.8372093023255814,13,,2025-06-29,LG Twins,Kia Tigers,잠실
20250629KTLT02025,4.81,1.48,86.0,15.0,9.418604651162791,3.7674418604651163,0.7325581395348837,12,,5.38,1.49,88.2,16.0,5.714285714285714,4.081632653061225,1.3265306122448979,12,,2025-06-29,Lotte Giants,KT Wiz,사직
20250629OBNC02025,7.62,1.81,26.0,8.0,5.1923076923076925,7.615384615384615,1.0384615384615385,12,,4.83,1.42,72.2,14.0,5.983379501385041,3.365650969529086,0.7479224376731302,13,,2025-06-29,NC Dinos,Doosan Bears,창원
20250629SSWO02025,3.0,1.0,3.0,1.0,12.0,0.0,0.0,12,,4.88,1.61,59.0,13.0,6.559322033898305,3.6610169491525424,0.7627118644067796,13,,2025-06-29,Kiwoom Heroes,Samsung Lions,고척
20250701LGLT02025,3.67,1.39,90.2,16.0,8.880266075388027,3.5920177383592016,0.6984478935698447,12,,4.61,1.15,41.0,9.0,10.097560975609756,2.4146341463414633,1.0975609756097562,13,,2025-07-01,Lotte Giants,LG Twins,사직
20250701NCHH02025,3.02,1.0,98.1,16.0,10.091743119266056,2.0183486238532113,0.9174311926605505,12,,3.02,1.07,95.1,16.0,11.6403785488959,3.3123028391167195,0.8517350157728707,12,,2025-07-01,Hanwha Eagles,NC Dinos,대전(신)
20250701SKHT02025,6.75,1.67,17.1,12.0,7.368421052631579,4.7368421052631575,1.0526315789473684,13,,4.38,1.59,39.0,28.0,9.0,6.461538461538462,0.23076923076923078,13,,2025-07-01,Kia Tigers,SSG Landers,광주
20250701SSOB02025,3.18,1.32,22.2,6.0,5.675675675675675,5.675675675675675,0.40540540540540543,13,,2.87,1.15,103.1,16.0,7.070805043646945,1.9204655674102813,0.9602327837051406,13,,2025-07-01,Doosan Bears,Samsung Lions,잠실
20250701WOKT02025,2.75,1.21,85.0,15.0,9.847058823529412,2.7529411764705882,0.7411764705882353,12,,6.33,1.59,27.0,10.0,4.0,2.6666666666666665,1.0,13,,2025-07-01,KT Wiz,Kiwoom Heroes,수원
20250702LGLT02025,2.5,1.08,36.0,6.0,9.75,2.75,0.25,12,,2.66,1.18,91.1,15.0,6.125137211855105,2.5686059275521407,0.39517014270032935,13,,2025-07-02,Lotte Giants,LG Twins,사직
20250702NCHH02025,3.86,1.19,60.2,12.0,9.717607973421927,2.5415282392026577,0.4485049833887043,12,,6.02,1.88,40.1,10.0,7.855361596009975,6.957605985037406,1.346633416458853,12,,2025-07-02,Hanwha Eagles,NC Dinos,대전(신)
20250702SKHT02025,0.0,0.0,0.0,0.0,,,,13,,4.06,1.38,82.0,15.0,8.670731707317072,3.292682926829268,0.8780487804878049,13,,2025-07-02,Kia Tigers,SSG Landers,광주
20260312KTLT02026,0.0,0.0,0.0,0.0,,,,52,,0.0,0.0,0.0,0.0,,,,47,,2026-03-12,Lotte Giants,KT Wiz,사직
20260312LGNC02026,0.0,0.0,0.0,0.0,,,,45,,0.0,0.0,0.0,0.0,,,,50,,2026-03-12,NC Dinos,LG Twins,마산
20260312SKHT02026,0.0,0.0,0.0,0.0,,,,51,,0.0,0.0,0.0,0.0,,,,47,,2026-03-12,Kia Tigers,SSG Landers,광주
20260312SSHH02026,0.0,0.0,0.0,0.0,,,,42,,0.0,0.0,0.0,0.0,,,,51,,2026-03-12,Hanwha Eagles,Samsung Lions,대전
20260312WOOB02026,0.0,0.0,0.0,0.0,,,,40,,0.0,0.0,0.0,0.0,,,,48,,2026-03-12,Doosan Bears,Kiwoom Heroes,이천(두산)
20260313KTLT02026,0.0,0.0,0.0,0.0,,,,52,,0.0,0.0,0.0,0.0,,,,47,,2026-03-13,Lotte Giants,KT Wiz,사직
20260313LGNC02026,0.0,0.0,0.0,0.0,,,,45,,0.0,0.0,0.0,0.0,,,,50,,2026-03-13,NC Dinos,LG Twins,마산
20260313SKHT02026,0.0,0.0,0.0,0.0,,,,51,,0.0,0.0,0.0,0.0,,,,47,,2026-03-13,Kia Tigers,SSG Landers,광주
20260313SSHH02026,0.0,0.0,0.0,0.0,,,,42,,0.0,0.0,0.0,0.0,,,,51,,2026-03-13,Hanwha Eagles,Samsung Lions,대전
20260313WOOB02026,0.0,0.0,0.0,0.0,,,,40,,0.0,0.0,0.0,0.0,,,,48,,2026-03-13,Doosan Bears,Kiwoom Heroes,이천(두산)
20260314KTHT02026,0.0,0.0,0.0,0.0,,,,51,,0.0,0.0,0.0,0.0,,,,47,,2026-03-14,Kia Tigers,KT Wiz,광주
20260314LGLT02026,0.0,0.0,0.0,0.0,,,,52,,0.0,0.0,0.0,0.0,,,,50,,2026-03-14,Lotte Giants,LG Twins,사직
20260314SKHH02026,0.0,0.0,0.0,0.0,,,,42,,0.0,0.0,0.0,0.0,,,,47,,2026-03-14,Hanwha Eagles,SSG Landers,대전
20260314SSOB02026,0.0,0.0,0.0,0.0,,,,40,,0.0,0.0,0.0,0.0,,,,51,,2026-03-14,Doosan Bears,Samsung Lions,이천(두산)
20260314WONC02026,0.0,0.0,0.0,0.0,,,,45,,0.0,0.0,0.0,0.0,,,,48,,2026-03-14,NC Dinos,Kiwoom Heroes,마산
20260315KTHT02026,0.0,0.0,0.0,0.0,,,,51,,0.0,0.0,0.0,0.0,,,,47,,2026-03-15,Kia Tigers,KT Wiz,광주
20260315LGLT02026,0.0,0.0,0.0,0.0,,,,52,,0.0,0.0,0.0,0.0,,,,50,,2026-03-15,Lotte Giants,LG Twins,사직
20260315SKHH02026,0.0,0.0,0.0,0.0,,,,42,,0.0,0.0,0.0,0.0,,,,47,,2026-03-15,Hanwha Eagles,SSG Landers,대전
20260315SSOB02026,0.0,0.0,0.0,0.0,,,,40,,0.0,0.0,0.0,0.0,,,,51,,2026-03-15,Doosan Bears,Samsung Lions,이천(두산)
20260315WONC02026,0.0,0.0,0.0,0.0,,,,45,,0.0,0.0,0.0,0.0,,,,48,,2026-03-15,NC Dinos,Kiwoom Heroes,마산
20260316HTNC02026,0.0,0.0,0.0,0.0,,,,45,,0.0,0.0,0.0,0.0,,,,51,,2026-03-16,NC Dinos,Kia Tigers,창원
20260316LGKT02026,0.0,0.0,0.0,0.0,,,,47,,0.0,0.0,0.0,0.0,,,,50,,2026-03-16,KT Wiz,LG Twins,수원
20260316OBHH02026,0.0,0.0,0.0,0.0,,,,42,,0.0,0.0,0.0,0.0,,,,40,,2026-03-16,Hanwha Eagles,Doosan Bears,대전
20260316SSSK02026,0.0,1.0,1.0,1.0,9.0,0.0,0.0,47,,0.0,0.0,0.0,0.0,,,,51,,2026-03-16,SSG Landers,Samsung Lions,문학
20260316WOLT02026,0.0,0.0,0.0,0.0,,,,52,,0.0,0.0,0.0,0.0,,,,48,,2026-03-16,Lotte Giants,Kiwoom Heroes,사직
20260317HTNC02026,6.0,1.33,3.0,1.0,9.0,3.0,3.0,45,,11.57,3.0,2.1,1.0,0.0,12.857142857142856,0.0,51,,2026-03-17,NC Dinos,Kia Tigers,창원
20260317LGKT02026,0.0,0.0,0.0,0.0,,,,47,,0.0,0.0,0.1,1.0,0.0,0.0,0.0,50,,2026-03-17,KT Wiz,LG Twins,수원
20260317OBHH02026,9.0,1.67,3.0,1.0,9.0,9.0,0.0,42,,0.0,1.5,3.1,1.0,23.225806451612904,5.806451612903226,0.0,40,,2026-03-17,Hanwha Eagles,Doosan Bears,대전
20260317SSSK02026,10.8,1.8,3.1,1.0,2.903225806451613,2.903225806451613,0.0,47,,9.0,2.0,2.0,2.0,4.5,0.0,4.5,51,,2026-03-17,SSG Landers,Samsung Lions,문학
20260317WOLT02026,0.0,0.0,0.0,0.0,,,,52,,0.0,1.0,3.0,1.0,9.0,3.0,0.0,48,,2026-03-17,Lotte Giants,Kiwoom Heroes,사직
20260319HTHH02026,1.93,0.86,4.2,1.0,15.0,0.0,0.0,42,,11.57,2.14,2.1,1.0,8.571428571428571,8.571428571428571,0.0,51,,2026-03-19,Hanwha Eagles,Kia Tigers,대전
20260319LGSK02026,0.0,0.0,3.0,1.0,12.0,0.0,0.0,47,,0.0,0.0,0.0,0.0,,,,50,,2026-03-19,SSG Landers,LG Twins,문학
20260319OBLT02026,1.93,0.86,4.2,1.0,6.428571428571428,2.142857142857143,0.0,52,,2.25,1.0,4.0,1.0,11.25,0.0,0.0,40,,2026-03-19,Lotte Giants,Doosan Bears,사직
20260319SSNC02026,8.1,1.5,3.1,1.0,8.709677419354838,2.903225806451613,0.0,45,,4.5,1.0,4.0,1.0,9.0,0.0,2.25,51,,2026-03-19,NC Dinos,Samsung Lions,창원
20260319WOKT02026,12.27,3.0,3.2,1.0,11.25,2.8125,0.0,47,,0.0,0.33,3.0,2.0,3.0,0.0,0.0,48,,2026-03-19,KT Wiz,Kiwoom Heroes,수원
20260320HTHH02026,0.0,0.0,3.0,1.0,3.0,0.0,0.0,42,,3.0,1.33,3.0,1.0,9.0,0.0,3.0,51,,2026-03-20,Hanwha Eagles,Kia Tigers,대전
20260320LGSK02026,4.5,1.0,2.0,1.0,18.0,0.0,0.0,47,,4.5,1.25,4.0,1.0,6.75,2.25,0.0,50,,2026-03-20,SSG Landers,LG Twins,문학
20260320OBLT02026,0.0,1.0,1.0,1.0,9.0,0.0,0.0,52,,15.0,3.0,3.0,1.0,3.0,9.0,0.0,40,,2026-03-20,Lotte Giants,Doosan Bears,사직
20260320SSNC02026,6.75,2.25,2.2,1.0,8.181818181818182,16.363636363636363,4.090909090909091,45,,0.0,0.0,0.0,0.0,,,,52,,2026-03-20,NC Dinos,Samsung Lions,창원
20260320WOKT02026,0.0,0.0,0.0,0.0,,,,47,,12.0,2.33,3.0,1.0,3.0,6.0,3.0,48,,2026-03-20,KT Wiz,Kiwoom Heroes,수원
20260321HHLT02026,3.6,1.4,5.0,1.0,5.4,1.8,0.0,0,,0.0,0.67,3.0,1.0,3.0,0.0,0.0,0,,2026-03-21,Lotte Giants,Hanwha Eagles,사직
20260321HTOB02026,2.25,1.5,4.0,1.0,2.25,4.5,0.0,0,,9.82,1.91,3.2,1.0,11.25,5.625,0.0,0,,2026-03-21,Doosan Bears,Kia Tigers,잠실
20260321LGSS02026,0.0,0.0,0.0,0.0,,,,0,,2.25,0.75,4.0,1.0,9.0,0.0,2.25,0,,2026-03-21,Samsung Lions,LG Twins,대구
20260321NCKT02026,0.0,0.0,0.0,0.0,,,,0,,13.5,2.1,3.1,1.0,8.709677419354838,5.806451612903226,8.709677419354838,0,,2026-03-21,KT Wiz,NC Dinos,수원
20260321WOSK02026,0.0,0.64,4.2,1.0,17.142857142857142,0.0,0.0,0,,0.0,0.75,4.0,1.0,9.0,0.0,0.0,0,,2026-03-21,SSG Landers,Kiwoom Heroes,문학
20260322HHLT02026,5.4,1.2,5.0,1.0,10.8,5.4,1.8,52,,0.0,0.6,5.0,1.0,5.4,0.0,0.0,42,,2026-03-22,Lotte Giants,Hanwha Eagles,사직
20260322HTOB02026,1.23,1.36,7.1,2.0,20.281690140845072,2.535211267605634,0.0,40,,9.0,1.5,4.0,1.0,4.5,0.0,0.0,51,,2026-03-22,Doosan Bears,Kia Tigers,잠실
20260322LGSS02026,0.0,0.4,5.0,1.0,7.2,0.0,0.0,52,,5.4,1.0,5.0,1.0,3.6,0.0,1.8,50,,2026-03-22,Samsung Lions,LG Twins,대구
20260322NCKT02026,9.0,1.2,5.0,1.0,10.8,0.0,3.6,47,,0.0,1.07,4.2,1.0,2.142857142857143,2.142857142857143,0.0,45,,2026-03-22,KT Wiz,NC Dinos,수원
20260322WOSK02026,1.8,0.8,5.0,1.0,7.2,1.8,1.8,47,,16.88,2.63,2.2,1.0,4.090909090909091,0.0,0.0,48,,2026-03-22,SSG Landers,Kiwoom Heroes,문학
20260323HTSS02026,0.0,0.5,4.0,1.0,6.75,0.0,0.0,52,,6.35,2.47,5.2,2.0,3.4615384615384612,12.115384615384615,0.0,51,,2026-03-23,Samsung Lions,Kia Tigers,대구
20260323LTSK02026,0.0,1.75,4.0,2.0,0.0,4.5,0.0,47,,1.8,0.8,5.0,1.0,5.4,1.8,0.0,52,,2026-03-23,SSG Landers,Lotte Giants,문학
20260323NCHH02026,0.0,0.0,0.0,0.0,,,,42,,0.0,0.5,2.0,1.0,18.0,0.0,0.0,45,,2026-03-23,Hanwha Eagles,NC Dinos,대전
20260323OBKT02026,11.57,2.14,4.2,2.0,12.857142857142856,8.571428571428571,2.142857142857143,47,,0.0,0.0,0.0,0.0,,,,40,,2026-03-23,KT Wiz,Doosan Bears,수원
20260323WOLG02026,6.0,2.0,3.0,1.0,0.0,15.0,0.0,50,,1.29,1.29,7.0,2.0,11.571428571428571,2.5714285714285716,0.0,48,,2026-03-23,LG Twins,Kiwoom Heroes,잠실
20260324HTSS02026,0.0,1.0,2.0,1.0,13.5,4.5,0.0,52,,1.59,1.41,5.2,2.0,17.307692307692307,8.653846153846153,0.0,51,,2026-03-24,Samsung Lions,Kia Tigers,대구
20260324LTSK02026,4.91,1.23,7.1,2.0,8.873239436619718,2.535211267605634,0.0,47,,3.86,1.5,4.2,1.0,8.571428571428571,0.0,0.0,52,,2026-03-24,SSG Landers,Lotte Giants,문학
20260324NCHH02026,1.86,0.93,9.2,2.0,12.717391304347828,0.9782608695652175,0.9782608695652175,42,,2.25,0.88,8.0,2.0,4.5,2.25,1.125,45,,2026-03-24,Hanwha Eagles,NC Dinos,대전
20260324OBKT02026,6.23,1.73,8.2,2.0,8.78048780487805,1.0975609756097562,1.0975609756097562,47,,9.0,1.5,8.0,2.0,13.5,0.0,1.125,40,,2026-03-24,KT Wiz,Doosan Bears,수원
20260324WOLG02026,0.0,0.0,0.0,0.0,,,,50,,12.0,2.67,3.0,1.0,6.0,9.0,3.0,48,,2026-03-24,LG Twins,Kiwoom Heroes,잠실
20260328HTSK02026,5.4,1.56,8.1,2.0,11.11111111111111,2.2222222222222223,1.1111111111111112,12,,4.15,1.15,8.2,2.0,6.585365853658537,3.2926829268292686,0.0,12,,2026-03-28,SSG Landers,Kia Tigers,문학
20260328KTLG02026,7.56,1.8,8.1,2.0,5.555555555555555,5.555555555555555,1.1111111111111112,13,,6.3,1.3,10.0,2.0,9.0,1.8,1.8,11,,2026-03-28,LG Twins,KT Wiz,잠실
20260328LTSS02026,1.8,1.0,5.0,1.0,7.2,0.0,1.8,12,,5.0,1.44,9.0,2.0,6.0,2.0,0.0,12,,2026-03-28,Samsung Lions,Lotte Giants,대구
20260328OBNC02026,0.0,0.9,6.2,2.0,2.903225806451613,2.903225806451613,0.0,11,,0.73,1.14,12.1,3.0,15.619834710743802,2.231404958677686,0.0,12,,2026-03-28,NC Dinos,Doosan Bears,창원
20260328WOHH02026,4.5,0.9,10.0,2.0,9.0,2.7,1.8,10,,0.0,0.78,9.0,2.0,6.0,0.0,0.0,12,,2026-03-28,Hanwha Eagles,Kiwoom Heroes,대전
20260329HTSK02026,0.9,0.9,10.0,2.0,6.3,4.5,0.9,12,,0.0,0.25,4.0,1.0,9.0,0.0,0.0,12,,2026-03-29,SSG Landers,Kia Tigers,문학
20260329KTLG02026,9.0,1.56,9.0,2.0,3.0,0.0,1.0,13,,0.0,1.0,4.0,1.0,15.75,4.5,0.0,11,,2026-03-29,LG Twins,KT Wiz,잠실
20260329LTSS02026,6.75,1.63,8.0,2.0,9.0,1.125,0.0,12,,3.6,1.1,10.0,2.0,8.1,2.7,0.9,12,,2026-03-29,Samsung Lions,Lotte Giants,대구
20260329OBNC02026,2.25,0.92,12.0,3.0,6.75,3.0,0.75,11,,0.0,0.75,4.0,1.0,20.25,0.0,0.0,12,,2026-03-29,NC Dinos,Doosan Bears,창원
20260329WOHH02026,2.92,0.97,12.1,3.0,9.669421487603307,2.9752066115702482,0.7438016528925621,10,,2.25,1.0,12.0,3.0,8.25,1.5,0.0,12,,2026-03-29,Hanwha Eagles,Kiwoom Heroes,대전
20260331HTLG02026,2.25,1.0,8.0,2.0,11.25,3.375,1.125,13,,0.93,1.34,9.2,3.0,17.608695652173914,7.82608695652174,0.0,12,,2026-03-31,LG Twins,Kia Tigers,잠실
20260331KTHH02026,3.14,1.12,14.1,3.0,10.212765957446809,1.2765957446808511,1.2765957446808511,11,,4.3,1.36,14.2,3.0,6.971830985915493,0.6338028169014085,0.6338028169014085,11,,2026-03-31,Hanwha Eagles,KT Wiz,대전
20260331LTNC02026,5.4,1.32,8.1,2.0,8.88888888888889,2.2222222222222223,1.1111111111111112,11,,5.23,1.45,10.1,2.0,8.01980198019802,0.8910891089108911,1.7821782178217822,12,,2026-03-31,NC Dinos,Lotte Giants,창원
20260331OBSS02026,1.69,1.5,5.1,2.0,12.352941176470589,3.5294117647058827,0.0,12,,10.38,1.62,13.0,3.0,12.461538461538462,0.0,2.076923076923077,12,,2026-03-31,Samsung Lions,Doosan Bears,대구
20260331WOSK02026,3.65,0.97,12.1,3.0,10.413223140495868,1.4876033057851241,0.7438016528925621,11,,4.5,1.5,8.0,2.0,3.375,3.375,1.125,12,,2026-03-31,SSG Landers,Kiwoom Heroes,문학
20260401HTLG02026,5.4,0.6,3.1,1.0,5.806451612903226,2.903225806451613,2.903225806451613,14,,6.52,2.07,9.2,3.0,3.91304347826087,8.804347826086957,1.956521739130435,12,,2026-04-01,LG Twins,Kia Tigers,잠실
20260401KTHH02026,2.25,1.25,4.0,1.0,4.5,2.25,0.0,12,,0.0,0.5,4.0,1.0,9.0,0.0,0.0,12,,2026-04-01,Hanwha Eagles,KT Wiz,대전
20260401LTNC02026,2.25,0.5,4.0,1.0,0.0,2.25,2.25,12,,2.7,1.1,10.0,2.0,6.3,2.7,0.9,12,,2026-04-01,NC Dinos,Lotte Giants,창원
20260401OBSS02026,0.0,1.0,8.0,2.0,7.875,2.25,0.0,13,,3.38,1.63,8.0,2.0,4.5,4.5,2.25,12,,2026-04-01,Samsung Lions,Doosan Bears,대구
20260401WOSK02026,3.0,1.17,6.0,2.0,9.0,6.0,0.0,12,,0.0,0.0,0.0,1.0,,,,12,,2026-04-01,SSG Landers,Kiwoom Heroes,문학
20260402HTLG02026,6.14,1.64,7.1,2.0,5.070422535211268,6.338028169014085,0.0,14,,12.6,2.0,5.0,2.0,12.6,0.0,1.8,13,,2026-04-02,LG Twins,Kia Tigers,잠실
20260402KTHH02026,3.6,0.8,5.0,2.0,3.6,0.0,0.0,13,,5.4,2.1,3.1,1.0,11.612903225806452,5.806451612903226,5.806451612903226,13,,2026-04-02,Hanwha Eagles,KT Wiz,대전
20260402LTNC02026,0.0,0.0,0.0,0.0,,,,13,,2.7,0.8,10.0,2.0,7.2,2.7,0.0,12,,2026-04-02,NC Dinos,Lotte Giants,창원
20260402OBSS02026,2.89,1.07,9.1,2.0,6.923076923076923,0.989010989010989,0.989010989010989,13,,8.59,2.18,7.1,2.0,6.338028169014085,3.802816901408451,0.0,13,,2026-04-02,Samsung Lions,Doosan Bears,대구
20260402WOSK02026,2.7,1.95,6.2,3.0,1.4516129032258065,5.806451612903226,0.0,13,,10.29,1.86,7.0,2.0,6.428571428571429,5.142857142857143,2.5714285714285716,13,,2026-04-02,SSG Landers,Kiwoom Heroes,문학
20260403HHOB02026,4.5,1.75,4.0,1.0,6.75,11.25,2.25,13,,7.71,1.71,4.2,1.0,6.428571428571428,8.571428571428571,0.0,13,,2026-04-03,Doosan Bears,Hanwha Eagles,잠실
20260403LGWO02026,5.06,1.69,5.1,1.0,8.823529411764707,1.7647058823529413,1.7647058823529413,13,,54.0,7.0,1.0,1.0,0.0,9.0,0.0,14,,2026-04-03,Kiwoom Heroes,LG Twins,고척
20260403NCHT02026,0.0,0.5,6.0,1.0,7.5,1.5,0.0,13,,0.0,0.6,5.0,1.0,5.4,1.8,0.0,13,,2026-04-03,Kia Tigers,NC Dinos,광주
20260403SKLT02026,0.0,1.4,5.0,1.0,7.2,9.0,0.0,12,,11.25,2.75,4.0,1.0,9.0,4.5,0.0,13,,2026-04-03,Lotte Giants,SSG Landers,사직
20260403SSKT02026,5.4,2.0,5.0,1.0,1.8,9.0,1.8,12,,4.5,1.17,6.0,1.0,3.0,0.0,1.5,13,,2026-04-03,KT Wiz,Samsung Lions,수원
20260404HHOB02026,9.0,1.75,4.0,1.0,11.25,4.5,4.5,13,,5.06,0.94,5.1,1.0,8.823529411764707,1.7647058823529413,0.0,13,,2026-04-04,Doosan Bears,Hanwha Eagles,잠실
20260404LGWO02026,9.0,3.5,2.0,1.0,13.5,4.5,4.5,13,,5.4,1.6,5.0,1.0,1.8,3.6,0.0,14,,2026-04-04,Kiwoom Heroes,LG Twins,고척
20260404NCHT02026,18.0,3.5,2.0,1.0,4.5,13.5,0.0,13,,3.6,1.2,5.0,1.0,10.8,3.6,0.0,13,,2026-04-04,Kia Tigers,NC Dinos,광주
20260404SKLT02026,0.0,0.6,5.0,1.0,9.0,1.8,0.0,13,,3.6,1.6,5.0,1.0,7.2,5.4,0.0,13,,2026-04-04,Lotte Giants,SSG Landers,사직
20260404SSKT02026,9.0,3.0,3.0,1.0,3.0,6.0,0.0,12,,3.0,1.5,6.0,1.0,7.5,3.0,3.0,13,,2026-04-04,KT Wiz,Samsung Lions,수원
20260405HHOB02026,2.57,0.71,7.0,1.0,6.428571428571429,1.2857142857142858,1.2857142857142858,13,,5.79,1.71,4.2,5.0,10.714285714285714,4.285714285714286,0.0,14,,2026-04-05,Doosan Bears,Hanwha Eagles,잠실
20260405LGWO02026,3.0,1.17,6.0,1.0,6.0,0.0,1.5,13,,21.0,3.33,3.0,1.0,15.0,3.0,3.0,14,,2026-04-05,Kiwoom Heroes,LG Twins,고척
20260405NCHT02026,0.0,0.67,6.0,1.0,4.5,1.5,0.0,14,,3.6,1.4,5.0,1.0,7.2,7.2,0.0,13,,2026-04-05,Kia Tigers,NC Dinos,광주
20260405SKLT02026,0.0,1.2,5.0,1.0,5.4,1.8,0.0,13,,3.38,1.31,5.1,1.0,5.294117647058824,1.7647058823529413,0.0,13,,2026-04-05,Lotte Giants,SSG Landers,사직
20260405SSKT02026,0.0,1.4,5.0,1.0,12.6,3.6,0.0,12,,9.82,2.18,3.2,1.0,8.4375,5.625,0.0,13,,2026-04-05,KT Wiz,Samsung Lions,수원
20260407HHSK02026,9.64,2.14,4.2,1.0,10.714285714285714,2.142857142857143,0.0,13,,1.8,0.6,5.0,1.0,7.2,0.0,1.8,13,,2026-04-07,SSG Landers,Hanwha Eagles,문학
20260407KTLT02026,3.6,1.6,5.0,1.0,7.2,1.8,1.8,13,,5.4,1.6,5.0,1.0,12.6,1.8,1.8,12,,2026-04-07,Lotte Giants,KT Wiz,사직
20260407LGNC02026,3.0,1.33,3.0,1.0,6.0,3.0,0.0,13,,2.08,1.15,4.1,1.0,8.78048780487805,2.1951219512195124,2.1951219512195124,14,,2026-04-07,NC Dinos,LG Twins,창원
20260407SSHT02026,6.75,1.75,4.0,1.0,9.0,9.0,0.0,14,,3.6,1.4,5.0,1.0,5.4,1.8,0.0,13,,2026-04-07,Kia Tigers,Samsung Lions,광주
20260407WOOB02026,12.0,2.67,3.0,1.0,6.0,6.0,0.0,12,,1.8,1.6,5.0,2.0,7.2,1.8,1.8,13,,2026-04-07,Doosan Bears,Kiwoom Heroes,잠실
20260408HHSK02026,0.0,0.8,5.0,1.0,9.0,5.4,0.0,13,,11.25,2.25,4.0,1.0,6.75,4.5,2.25,13,,2026-04-08,SSG Landers,Hanwha Eagles,문학
20260408KTLT02026,5.79,1.29,4.2,1.0,8.571428571428571,4.285714285714286,0.0,13,,1.5,0.67,6.0,1.0,10.5,0.0,0.0,12,,2026-04-08,Lotte Giants,KT Wiz,사직
20260408LGNC02026,3.6,1.6,5.0,1.0,5.4,5.4,1.8,13,,1.5,1.17,6.0,1.0,3.0,0.0,0.0,14,,2026-04-08,NC Dinos,LG Twins,창원
20260408SSHT02026,3.6,1.2,5.0,1.0,7.2,5.4,0.0,14,,1.8,0.8,5.0,1.0,9.0,3.6,0.0,13,,2026-04-08,Kia Tigers,Samsung Lions,광주
20260408WOOB02026,0.0,1.17,6.0,1.0,6.0,7.5,0.0,12,,15.0,2.67,3.0,1.0,3.0,3.0,3.0,13,,2026-04-08,Doosan Bears,Kiwoom Heroes,잠실
20260410HTHH02026,6.3,1.6,10.0,2.0,5.4,6.3,0.0,13,,1.64,0.82,11.0,2.0,8.181818181818182,3.272727272727273,0.0,13,,2026-04-10,Hanwha Eagles,Kia Tigers,대전
20260410LTWO02026,3.09,1.37,11.2,2.0,9.642857142857144,1.6071428571428572,1.6071428571428572,13,,8.0,2.33,9.0,2.0,4.0,10.0,2.0,13,,2026-04-10,Kiwoom Heroes,Lotte Giants,고척
20260410NCSS02026,3.0,1.08,12.0,2.0,4.5,0.75,1.5,12,,0.0,0.64,11.0,2.0,7.363636363636363,3.272727272727273,0.0,13,,2026-04-10,Samsung Lions,NC Dinos,대구
20260410OBKT02026,4.09,1.55,11.0,2.0,3.272727272727273,5.7272727272727275,0.8181818181818182,12,,7.27,2.08,8.2,2.0,9.878048780487806,6.585365853658537,2.1951219512195124,13,,2026-04-10,KT Wiz,Doosan Bears,수원
20260410SKLG02026,15.0,2.83,6.0,2.0,9.0,3.0,0.0,14,,5.73,1.91,11.0,2.0,6.545454545454546,4.909090909090909,0.0,13,,2026-04-10,LG Twins,SSG Landers,잠실
20260411HTHH02026,2.31,1.03,11.2,2.0,7.232142857142858,2.410714285714286,0.0,13,,13.5,3.64,4.2,2.0,12.857142857142856,19.285714285714285,4.285714285714286,13,,2026-04-11,Hanwha Eagles,Kia Tigers,대전
20260411LTWO02026,4.91,1.55,11.0,2.0,7.363636363636363,1.6363636363636365,0.8181818181818182,13,,6.0,1.78,9.0,2.0,9.0,4.0,0.0,13,,2026-04-11,Kiwoom Heroes,Lotte Giants,고척
20260411NCSS02026,5.59,1.55,9.2,2.0,7.82608695652174,3.91304347826087,0.0,12,,1.8,1.4,10.0,2.0,9.0,6.3,0.0,13,,2026-04-11,Samsung Lions,NC Dinos,대구
20260411OBKT02026,9.0,2.11,9.0,2.0,8.0,3.0,2.0,13,,1.38,0.85,13.0,2.0,7.615384615384615,2.076923076923077,0.6923076923076923,13,,2026-04-11,KT Wiz,Doosan Bears,수원
20260411SKLG02026,5.4,1.8,10.0,2.0,3.6,2.7,0.0,14,,8.53,2.21,6.1,2.0,5.901639344262295,8.852459016393443,1.4754098360655739,13,,2026-04-11,LG Twins,SSG Landers,잠실
20260412HTHH02026,0.0,0.0,0.0,0.0,,,,13,,0.0,0.54,13.0,2.0,5.538461538461538,0.6923076923076923,0.0,13,,2026-04-12,Hanwha Eagles,Kia Tigers,대전
20260412LTWO02026,0.0,0.0,0.0,0.0,,,,14,,2.7,1.5,10.0,2.0,5.4,3.6,0.0,13,,2026-04-12,Kiwoom Heroes,Lotte Giants,고척
20260412NCSS02026,0.0,0.0,0.0,0.0,,,,13,,3.27,1.27,11.0,2.0,4.909090909090909,4.090909090909091,0.0,12,,2026-04-12,Samsung Lions,NC Dinos,대구
20260412OBKT02026,0.0,1.27,11.0,2.0,7.363636363636363,3.272727272727273,0.0,13,,5.63,1.63,8.0,2.0,7.875,4.5,0.0,13,,2026-04-12,KT Wiz,Doosan Bears,수원
20260412SKLG02026,8.0,1.56,9.0,2.0,12.0,3.0,2.0,14,,4.35,1.65,10.1,2.0,6.237623762376238,2.6732673267326734,0.8910891089108911,13,,2026-04-12,LG Twins,SSG Landers,잠실
20260414KTNC02026,1.13,1.0,8.0,2.0,6.75,2.25,0.0,12,,3.6,1.6,10.0,2.0,14.4,2.7,0.9,12,,2026-04-14,NC Dinos,KT Wiz,창원
20260414LTLG02026,0.96,1.18,9.1,2.0,7.912087912087912,2.967032967032967,0.989010989010989,14,,2.0,1.44,9.0,2.0,10.0,4.0,1.0,13,,2026-04-14,LG Twins,Lotte Giants,잠실
20260414OBSK02026,10.57,2.35,7.2,2.0,8.75,6.25,0.0,13,,0.0,1.2,11.2,2.0,8.035714285714286,7.232142857142858,0.0,12,,2026-04-14,SSG Landers,Doosan Bears,문학
20260414SSHH02026,7.0,1.78,9.0,2.0,7.0,4.0,2.0,13,,5.73,1.73,11.0,2.0,10.636363636363637,4.090909090909091,1.6363636363636365,13,,2026-04-14,Hanwha Eagles,Samsung Lions,대전
20260414WOHT02026,3.72,1.14,9.2,2.0,6.847826086956522,5.869565217391305,0.9782608695652175,13,,3.86,2.29,7.0,2.0,9.0,7.714285714285714,2.5714285714285716,14,,2026-04-14,Kia Tigers,Kiwoom Heroes,광주
20260415KTNC02026,1.8,1.4,10.0,2.0,6.3,3.6,0.9,12,,1.8,1.1,10.0,2.0,10.8,0.9,0.0,12,,2026-04-15,NC Dinos,KT Wiz,창원
20260415LTLG02026,2.7,1.5,10.0,2.0,5.4,3.6,0.0,14,,2.84,0.79,12.2,2.0,7.3770491803278695,2.2131147540983607,0.7377049180327869,12,,2026-04-15,LG Twins,Lotte Giants,잠실
20260415OBSK02026,0.0,1.18,9.1,2.0,6.923076923076923,5.934065934065934,0.989010989010989,13,,7.71,2.14,7.0,2.0,2.5714285714285716,9.0,0.0,13,,2026-04-15,SSG Landers,Doosan Bears,문학
20260415SSHH02026,6.0,1.47,15.0,3.0,5.4,5.4,1.2,13,,4.5,1.5,10.0,2.0,8.1,3.6,0.0,13,,2026-04-15,Hanwha Eagles,Samsung Lions,대전
20260415WOHT02026,7.56,2.16,8.1,2.0,5.555555555555555,6.666666666666667,1.1111111111111112,13,,10.29,2.0,7.0,2.0,2.5714285714285716,3.857142857142857,1.2857142857142858,14,,2026-04-15,Kia Tigers,Kiwoom Heroes,광주
20260416KTNC02026,2.12,0.94,17.0,3.0,5.823529411764706,3.176470588235294,1.0588235294117647,12,,4.76,1.59,17.0,3.0,4.235294117647059,5.294117647058823,0.5294117647058824,12,,2026-04-16,NC Dinos,KT Wiz,창원
20260416LTLG02026,9.0,2.45,11.0,3.0,6.545454545454546,4.090909090909091,0.0,14,,4.76,1.47,17.0,3.0,7.9411764705882355,5.294117647058823,1.588235294117647,12,,2026-04-16,LG Twins,Lotte Giants,잠실
20260416OBSK02026,7.36,2.18,14.2,3.0,8.23943661971831,5.704225352112676,0.6338028169014085,13,,4.3,1.57,14.2,3.0,11.408450704225352,6.338028169014085,1.267605633802817,13,,2026-04-16,SSG Landers,Doosan Bears,문학
20260416SSHH02026,2.04,1.02,17.2,3.0,7.325581395348838,1.5697674418604652,0.0,13,,2.5,1.11,18.0,3.0,5.0,1.0,1.5,13,,2026-04-16,Hanwha Eagles,Samsung Lions,대전
20260416WOHT02026,2.5,0.83,18.0,3.0,7.0,2.0,0.5,13,,3.57,1.47,17.2,3.0,12.034883720930234,1.0465116279069768,1.5697674418604652,13,,2026-04-16,Kia Tigers,Kiwoom Heroes,광주
20260417HTOB02026,2.37,1.05,19.0,3.0,7.578947368421052,1.4210526315789473,0.9473684210526315,13,,11.42,2.65,8.2,3.0,8.78048780487805,10.975609756097562,3.2926829268292686,13,,2026-04-17,Doosan Bears,Kia Tigers,잠실
20260417WOKT02026,6.19,1.5,16.0,3.0,8.4375,2.25,1.125,12,,3.0,1.22,18.0,3.0,7.5,1.0,0.5,13,,2026-04-17,KT Wiz,Kiwoom Heroes,수원
20260418HHLT02026,4.2,1.47,15.0,3.0,9.6,3.0,0.0,12,,2.45,0.82,11.0,2.0,11.454545454545455,1.6363636363636365,1.6363636363636365,14,,2026-04-18,Lotte Giants,Hanwha Eagles,사직
20260418HTOB02026,6.08,1.5,13.1,3.0,6.183206106870229,4.122137404580153,0.0,13,,1.0,0.89,18.0,3.0,7.5,2.5,0.0,13,,2026-04-18,Doosan Bears,Kia Tigers,잠실
20260418LGSS02026,7.11,1.66,12.2,3.0,8.114754098360656,5.163934426229509,0.0,13,,4.8,2.0,15.0,3.0,3.6,3.0,0.0,14,,2026-04-18,Samsung Lions,LG Twins,대구
20260418SKNC02026,4.2,1.6,15.0,3.0,7.8,7.2,0.0,12,,5.11,1.62,12.1,3.0,6.694214876033058,5.9504132231404965,0.7438016528925621,13,,2026-04-18,NC Dinos,SSG Landers,창원
20260418WOKT02026,0.0,1.12,17.0,3.0,9.0,2.6470588235294117,0.0,12,,0.0,2.0,1.0,1.0,9.0,9.0,0.0,13,,2026-04-18,KT Wiz,Kiwoom Heroes,수원
20260419HHLT02026,2.81,1.38,16.0,3.0,7.875,3.375,0.5625,12,,9.98,2.02,15.1,4.0,5.960264900662252,6.556291390728477,1.1920529801324504,14,,2026-04-19,Lotte Giants,Hanwha Eagles,사직
20260419HTOB02026,0.51,1.13,17.2,3.0,7.325581395348838,5.7558139534883725,0.5232558139534884,13,,3.45,1.02,15.2,3.0,6.5131578947368425,4.736842105263158,0.5921052631578948,13,,2026-04-19,Doosan Bears,Kia Tigers,잠실
20260419LGSS02026,0.0,1.36,3.2,1.0,8.4375,2.8125,0.0,12,,4.8,1.33,15.0,3.0,9.6,3.0,1.2,14,,2026-04-19,Samsung Lions,LG Twins,대구
20260419SKNC02026,4.85,1.54,13.0,3.0,5.538461538461538,4.846153846153846,0.0,12,,12.0,3.0,3.0,2.0,6.0,15.0,0.0,13,,2026-04-19,NC Dinos,SSG Landers,창원
20260419WOKT02026,7.07,2.07,14.0,3.0,11.571428571428571,2.5714285714285716,1.2857142857142858,12,,6.75,2.17,12.0,3.0,7.5,8.25,2.25,12,,2026-04-19,KT Wiz,Kiwoom Heroes,수원
20260421HHLG02026,0.59,0.98,15.1,3.0,7.748344370860927,2.384105960264901,0.5960264900662252,14,,4.5,1.86,14.0,3.0,8.357142857142858,5.142857142857143,1.2857142857142858,14,,2026-04-21,LG Twins,Hanwha Eagles,잠실
20260421HTKT02026,1.59,1.06,17.0,3.0,9.529411764705882,1.0588235294117647,0.5294117647058824,12,,7.94,2.12,11.1,3.0,4.054054054054054,4.864864864864865,2.4324324324324325,13,,2026-04-21,KT Wiz,Kia Tigers,수원
20260421NCWO02026,3.38,1.63,8.0,6.0,7.875,7.875,0.0,13,,3.46,1.23,13.0,3.0,7.615384615384615,2.769230769230769,0.0,13,,2026-04-21,Kiwoom Heroes,NC Dinos,고척
20260421OBLT02026,1.84,1.57,14.2,3.0,6.971830985915493,4.436619718309859,0.6338028169014085,13,,0.0,0.0,0.0,0.0,,,,13,,2026-04-21,Lotte Giants,Doosan Bears,사직
20260421SKSS02026,6.32,1.91,15.2,3.0,8.881578947368421,4.736842105263158,1.1842105263157896,12,,5.52,1.7,14.2,3.0,5.704225352112676,3.802816901408451,0.6338028169014085,13,,2026-04-21,Samsung Lions,SSG Landers,대구
20260422HHLG02026,2.12,1.06,17.0,3.0,4.764705882352941,2.1176470588235294,0.5294117647058824,14,,1.59,1.19,22.2,4.0,8.108108108108109,2.4324324324324325,0.0,13,,2026-04-22,LG Twins,Hanwha Eagles,잠실
20260422HTKT02026,4.43,1.48,22.1,4.0,6.515837104072398,4.479638009049774,0.4072398190045249,12,,2.35,0.91,23.0,4.0,6.6521739130434785,1.565217391304348,0.391304347826087,13,,2026-04-22,KT Wiz,Kia Tigers,수원
20260422NCWO02026,3.42,1.39,23.2,4.0,11.25,1.1637931034482758,1.5517241379310345,13,,4.5,1.31,16.0,3.0,3.9375,2.8125,2.25,13,,2026-04-22,Kiwoom Heroes,NC Dinos,고척
20260422OBLT02026,1.86,0.78,19.1,3.0,7.0680628272251305,2.3560209424083767,0.47120418848167533,13,,3.74,1.43,21.2,4.0,11.88679245283019,4.669811320754717,0.8490566037735849,13,,2026-04-22,Lotte Giants,Doosan Bears,사직
20260422SKSS02026,2.16,1.04,25.0,4.0,5.4,0.72,1.08,12,,0.0,1.27,13.1,3.0,7.557251908396947,6.183206106870229,0.6870229007633588,13,,2026-04-22,Samsung Lions,SSG Landers,대구
20260423HHLG02026,5.14,1.71,7.0,6.0,5.142857142857143,3.857142857142857,0.0,14,,3.38,1.38,8.0,4.0,12.375,4.5,0.0,13,,2026-04-23,LG Twins,Hanwha Eagles,잠실
20260423HTKT02026,4.5,1.36,22.0,4.0,9.0,1.6363636363636365,0.8181818181818182,12,,7.24,2.2,13.2,4.0,10.90909090909091,8.181818181818182,2.0454545454545454,13,,2026-04-23,KT Wiz,Kia Tigers,수원
20260423NCWO02026,0.0,0.0,0.0,0.0,,,,14,,2.82,1.03,22.1,4.0,6.108597285067873,3.257918552036199,0.8144796380090498,13,,2026-04-23,Kiwoom Heroes,NC Dinos,고척
20260423OBLT02026,4.91,1.55,22.0,4.0,7.7727272727272725,5.318181818181818,1.2272727272727273,13,,3.46,1.19,26.0,4.0,8.307692307692308,2.076923076923077,0.6923076923076923,13,,2026-04-23,Lotte Giants,Doosan Bears,사직
20260423SKSS02026,5.63,1.5,16.0,4.0,7.875,3.9375,0.0,12,,5.23,1.69,20.2,4.0,8.01980198019802,4.455445544554456,0.44554455445544555,13,,2026-04-23,Samsung Lions,SSG Landers,대구
20260424KTSK02026,5.0,1.39,18.0,4.0,6.5,5.0,1.0,12,,0.78,1.13,23.0,4.0,8.217391304347826,1.9565217391304348,0.0,12,,2026-04-24,SSG Landers,KT Wiz,문학
20260424LGOB02026,4.95,1.35,20.0,4.0,4.95,3.15,0.0,13,,6.52,2.07,19.1,4.0,4.2408376963350785,2.827225130890052,0.47120418848167533,14,,2026-04-24,Doosan Bears,LG Twins,잠실
20260424LTHT02026,1.11,0.9,24.1,4.0,7.468879668049792,2.6141078838174274,0.0,13,,5.19,1.56,17.1,4.0,11.052631578947368,2.631578947368421,0.0,13,,2026-04-24,Kia Tigers,Lotte Giants,광주
20260424NCHH02026,1.5,0.72,18.0,3.0,8.5,1.0,1.0,13,,5.3,1.5,18.2,4.0,8.901098901098901,6.923076923076923,0.4945054945054945,13,,2026-04-24,Hanwha Eagles,NC Dinos,대전
20260424SSWO02026,3.0,1.67,3.0,2.0,3.0,6.0,0.0,14,,15.26,3.0,7.2,2.0,6.25,12.5,2.5,13,,2026-04-24,Kiwoom Heroes,Samsung Lions,고척
20260425KTSK02026,13.03,2.59,9.2,3.0,7.82608695652174,6.847826086956522,1.956521739130435,13,,5.85,1.8,20.0,4.0,9.9,2.7,1.8,12,,2026-04-25,SSG Landers,KT Wiz,문학
20260425LGOB02026,1.14,1.18,23.2,4.0,6.594827586206897,5.431034482758621,0.3879310344827586,12,,3.43,1.19,21.0,4.0,7.285714285714286,3.857142857142857,0.8571428571428571,14,,2026-04-25,Doosan Bears,LG Twins,잠실
20260425LTHT02026,4.43,1.23,20.1,4.0,6.26865671641791,4.029850746268656,0.8955223880597014,13,,3.0,1.52,21.0,4.0,7.714285714285714,3.857142857142857,0.8571428571428571,13,,2026-04-25,Kia Tigers,Lotte Giants,광주
20260425NCHH02026,7.17,1.73,21.1,5.0,5.118483412322274,5.118483412322274,0.8530805687203791,13,,4.24,1.65,17.0,4.0,6.882352941176471,5.294117647058823,0.0,13,,2026-04-25,Hanwha Eagles,NC Dinos,대전
20260425SSWO02026,4.26,1.58,19.0,4.0,7.105263157894737,5.684210526315789,1.4210526315789473,14,,4.32,1.32,8.1,2.0,5.555555555555555,2.2222222222222223,0.0,13,,2026-04-25,Kiwoom Heroes,Samsung Lions,고척
20260426KTSK02026,6.16,1.89,19.0,4.0,5.2105263157894735,3.789473684210526,0.9473684210526315,13,,2.01,1.12,22.1,4.0,8.552036199095022,1.6289592760180995,0.4072398190045249,12,,2026-04-26,SSG Landers,KT Wiz,문학
20260426LGOB02026,0.0,1.07,4.2,1.0,15.0,4.285714285714286,0.0,12,,0.89,1.03,20.1,4.0,7.164179104477611,2.2388059701492535,0.4477611940298507,14,,2026-04-26,Doosan Bears,LG Twins,잠실
20260426LTHT02026,10.03,2.14,11.2,7.0,6.428571428571429,7.232142857142858,4.821428571428572,13,,2.08,1.29,21.2,4.0,6.7924528301886795,3.3962264150943398,0.42452830188679247,13,,2026-04-26,Kia Tigers,Lotte Giants,광주
20260426NCHH02026,5.09,1.87,17.2,4.0,7.848837209302326,5.7558139534883725,1.0465116279069768,13,,2.89,1.29,18.2,4.0,8.406593406593407,2.4725274725274726,0.0,13,,2026-04-26,Hanwha Eagles,NC Dinos,대전
20260426SSWO02026,16.2,3.3,3.1,4.0,14.516129032258064,17.419354838709676,0.0,14,,2.63,1.32,13.2,7.0,6.136363636363637,4.090909090909091,1.3636363636363638,13,,2026-04-26,Kiwoom Heroes,Samsung Lions,고척
20260428HTNC02026,4.29,1.14,21.0,4.0,4.285714285714286,3.0,1.7142857142857142,13,,2.57,1.0,28.0,5.0,6.75,1.6071428571428572,0.32142857142857145,13,,2026-04-28,NC Dinos,Kia Tigers,창원
20260428LGKT02026,4.08,1.33,28.2,5.0,7.340425531914894,4.1489361702127665,0.6382978723404256,12,,1.44,0.8,25.0,4.0,5.76,1.8,0.36,14,,2026-04-28,KT Wiz,LG Twins,수원
20260428SKHH02026,2.28,1.3,27.2,5.0,8.602941176470589,2.9779411764705883,0.33088235294117646,13,,0.98,1.25,18.1,4.0,9.944751381215468,5.966850828729282,0.9944751381215469,13,,2026-04-28,Hanwha Eagles,SSG Landers,대전
20260428SSOB02026,3.25,1.37,27.2,5.0,11.580882352941178,3.9705882352941178,0.6617647058823529,12,,1.97,1.0,32.0,5.0,5.625,1.125,1.125,12,,2026-04-28,Doosan Bears,Samsung Lions,잠실
20260428WOLT02026,2.59,1.07,24.1,4.0,8.962655601659751,2.987551867219917,0.7468879668049793,13,,2.56,1.29,31.2,5.0,9.807692307692308,1.153846153846154,1.153846153846154,14,,2026-04-28,Lotte Giants,Kiwoom Heroes,사직
20260429HTNC02026,2.54,0.99,28.1,5.0,5.765124555160142,2.882562277580071,0.6405693950177935,13,,7.71,2.04,18.2,5.0,9.395604395604396,7.912087912087912,1.4835164835164836,13,,2026-04-29,NC Dinos,Kia Tigers,창원
20260429LGKT02026,4.33,1.41,27.0,5.0,9.0,2.0,0.6666666666666666,12,,4.5,1.4,10.0,7.0,6.3,2.7,0.9,14,,2026-04-29,KT Wiz,LG Twins,수원
20260429SKHH02026,3.38,1.41,10.2,5.0,11.470588235294118,5.294117647058824,0.0,13,,4.39,1.69,26.2,5.0,8.587786259541986,4.465648854961832,0.3435114503816794,13,,2026-04-29,Hanwha Eagles,SSG Landers,대전
20260429SSOB02026,4.5,1.33,30.0,5.0,7.8,1.8,0.6,13,,4.5,1.36,22.0,5.0,9.0,4.090909090909091,0.0,12,,2026-04-29,Doosan Bears,Samsung Lions,잠실
20260429WOLT02026,4.18,1.46,28.0,5.0,8.678571428571429,4.5,1.2857142857142858,13,,2.92,1.54,12.1,7.0,9.669421487603307,7.43801652892562,0.0,13,,2026-04-29,Lotte Giants,Kiwoom Heroes,사직
20260430HTNC02026,4.91,1.36,22.0,5.0,8.181818181818182,6.136363636363637,0.4090909090909091,13,,0.81,0.81,33.1,5.0,8.429003021148036,2.4471299093655587,0.0,13,,2026-04-30,NC Dinos,Kia Tigers,창원
20260430LGKT02026,1.93,1.32,28.0,5.0,8.678571428571429,2.5714285714285716,0.32142857142857145,12,,5.4,1.92,25.0,5.0,3.96,2.88,0.36,14,,2026-04-30,KT Wiz,LG Twins,수원
20260430SKHH02026,2.96,0.95,24.1,4.0,7.468879668049792,0.7468879668049793,1.120331950207469,13,,3.6,1.2,25.0,5.0,7.2,4.32,0.72,13,,2026-04-30,Hanwha Eagles,SSG Landers,대전
20260430SSOB02026,4.62,1.34,25.1,5.0,5.378486055776892,3.2270916334661353,0.0,13,,6.16,2.0,19.0,4.0,8.052631578947368,5.684210526315789,0.9473684210526315,12,,2026-04-30,Doosan Bears,Samsung Lions,잠실
20260430WOLT02026,4.44,1.4,24.1,5.0,11.950207468879668,1.867219917012448,0.37344398340248963,13,,2.55,1.38,24.2,6.0,9.297520661157025,2.231404958677686,0.7438016528925621,13,,2026-04-30,Lotte Giants,Kiwoom Heroes,사직
20260501HHSS02026,4.11,1.24,15.1,3.0,5.364238410596027,2.384105960264901,0.0,12,,5.72,1.62,28.1,6.0,5.124555160142348,4.1637010676156585,0.6405693950177935,13,,2026-05-01,Samsung Lions,Hanwha Eagles,대구
20260501KTHT02026,3.91,1.22,25.1,5.0,6.812749003984063,3.9442231075697207,1.0756972111553784,13,,5.4,1.72,25.0,5.0,9.72,2.52,1.44,12,,2026-05-01,Kia Tigers,KT Wiz,광주
20260501LTSK02026,8.59,2.05,14.2,4.0,8.873239436619718,5.704225352112676,1.267605633802817,13,,3.81,1.54,26.0,5.0,8.653846153846153,4.153846153846154,0.6923076923076923,13,,2026-05-01,SSG Landers,Lotte Giants,문학
20260501NCLG02026,4.5,1.38,26.0,5.0,6.576923076923077,4.5,1.0384615384615385,14,,5.48,1.65,23.0,5.0,5.869565217391305,4.695652173913044,0.391304347826087,13,,2026-05-01,LG Twins,NC Dinos,잠실
20260501OBWO02026,4.01,1.54,24.2,5.0,7.809917355371901,5.578512396694215,1.4876033057851241,13,,1.82,1.28,29.2,5.0,7.089041095890411,5.5479452054794525,0.3082191780821918,13,,2026-05-01,Kiwoom Heroes,Doosan Bears,고척
20260502HHSS02026,2.7,1.32,16.2,8.0,7.222222222222222,3.888888888888889,1.1111111111111112,12,,4.94,1.56,23.2,5.0,6.594827586206897,4.267241379310345,1.1637931034482758,13,,2026-05-02,Samsung Lions,Hanwha Eagles,대구
20260502KTHT02026,8.62,1.98,15.2,8.0,6.5131578947368425,5.921052631578948,3.5526315789473686,13,,2.22,1.09,28.1,5.0,8.647686832740213,1.601423487544484,0.6405693950177935,12,,2026-05-02,Kia Tigers,KT Wiz,광주
20260502LTSK02026,6.38,1.79,24.0,5.0,6.0,3.375,1.125,13,,2.28,1.16,27.2,5.0,6.61764705882353,2.9779411764705883,0.6617647058823529,13,,2026-05-02,SSG Landers,Lotte Giants,문학
20260502NCLG02026,1.42,1.11,25.1,5.0,6.812749003984063,2.151394422310757,0.7171314741035856,13,,3.47,1.24,23.1,5.0,8.181818181818182,2.727272727272727,0.7792207792207791,13,,2026-05-02,LG Twins,NC Dinos,잠실
20260502OBWO02026,3.0,1.33,6.0,3.0,10.5,4.5,0.0,12,,2.31,1.37,11.2,2.0,9.642857142857144,2.410714285714286,0.8035714285714286,13,,2026-05-02,Kiwoom Heroes,Doosan Bears,고척
20260503HHSS02026,1.62,0.97,39.0,6.0,6.230769230769231,0.9230769230769231,0.9230769230769231,12,,2.45,1.33,33.0,6.0,7.636363636363637,3.272727272727273,0.5454545454545454,13,,2026-05-03,Samsung Lions,Hanwha Eagles,대구
20260503KTHT02026,3.44,1.09,34.0,6.0,6.617647058823529,1.588235294117647,0.5294117647058824,13,,3.89,1.3,34.2,6.0,7.368421052631579,3.6842105263157894,0.7894736842105262,12,,2026-05-03,Kia Tigers,KT Wiz,광주
20260503LTSK02026,0.0,2.5,2.0,2.0,4.5,4.5,0.0,13,,2.76,1.13,29.1,5.0,9.278350515463917,3.402061855670103,0.6185567010309279,13,,2026-05-03,SSG Landers,Lotte Giants,문학
20260503NCLG02026,0.0,0.0,0.0,0.0,,,,14,,5.11,1.22,24.2,5.0,4.834710743801653,2.9752066115702482,2.231404958677686,13,,2026-05-03,LG Twins,NC Dinos,잠실
20260503OBWO02026,0.0,1.6,5.0,1.0,7.2,7.2,0.0,12,,3.48,1.31,33.2,6.0,11.385542168674698,3.5240963855421685,0.5421686746987951,13,,2026-05-03,Kiwoom Heroes,Doosan Bears,고척
20260505HHHT02026,7.23,1.9,23.2,6.0,9.698275862068966,6.982758620689656,1.9396551724137931,13,,4.5,2.5,8.0,5.0,6.75,6.75,1.125,13,,2026-05-05,Kia Tigers,Hanwha Eagles,광주
20260505LTKT02026,3.82,1.45,33.0,6.0,8.454545454545455,2.1818181818181817,0.5454545454545454,12,,4.19,1.37,34.1,6.0,7.9178885630498534,4.222873900293255,1.5835777126099706,13,,2026-05-05,KT Wiz,Lotte Giants,수원
20260505NCSK02026,1.54,1.24,23.1,5.0,8.96103896103896,5.064935064935065,0.7792207792207791,13,,9.0,1.0,4.0,4.0,9.0,6.75,2.25,13,,2026-05-05,SSG Landers,NC Dinos,문학
20260505OBLG02026,1.16,0.81,31.0,5.0,6.967741935483871,2.032258064516129,0.2903225806451613,13,,3.75,1.28,36.0,6.0,8.5,2.0,0.5,13,,2026-05-05,LG Twins,Doosan Bears,잠실
20260505WOSS02026,4.5,1.32,28.0,6.0,8.678571428571429,3.857142857142857,0.0,12,,3.45,1.66,15.2,8.0,9.473684210526317,7.105263157894737,0.0,13,,2026-05-05,Samsung Lions,Kiwoom Heroes,대구
20260506HHHT02026,1.64,0.89,38.1,6.0,8.503937007874015,2.5984251968503935,0.23622047244094488,13,,3.6,1.03,30.0,5.0,7.2,1.2,0.9,13,,2026-05-06,Kia Tigers,Hanwha Eagles,광주
20260506LTKT02026,2.53,1.41,32.0,6.0,8.4375,3.375,0.5625,12,,3.86,1.38,30.1,6.0,11.661129568106311,1.7940199335548173,0.2990033222591362,13,,2026-05-06,KT Wiz,Lotte Giants,수원
20260506NCSK02026,3.23,1.24,30.2,6.0,7.152317880794702,4.470198675496689,0.5960264900662252,13,,11.57,2.0,7.0,2.0,9.0,3.857142857142857,3.857142857142857,13,,2026-05-06,SSG Landers,NC Dinos,문학
20260506OBLG02026,5.58,1.86,30.2,6.0,4.470198675496689,3.2781456953642385,0.2980132450331126,13,,4.85,1.52,29.2,6.0,5.239726027397261,3.6986301369863015,0.0,13,,2026-05-06,LG Twins,Doosan Bears,잠실
20260506WOSS02026,6.66,1.97,24.1,5.0,9.33609958506224,4.854771784232365,0.7468879668049793,12,,2.12,1.28,29.2,7.0,8.013698630136986,1.8493150684931507,0.6164383561643836,14,,2026-05-06,Samsung Lions,Kiwoom Heroes,대구
20260507HHHT02026,3.99,1.33,29.1,6.0,7.422680412371133,4.329896907216495,1.2371134020618557,13,,6.75,2.25,13.1,18.0,13.053435114503817,8.931297709923664,0.0,14,,2026-05-07,Kia Tigers,Hanwha Eagles,광주
20260507NCSK02026,6.75,1.75,20.0,5.0,8.1,4.95,0.9,13,,4.5,1.32,28.0,6.0,7.392857142857143,5.142857142857143,0.6428571428571429,14,,2026-05-07,SSG Landers,NC Dinos,문학
20260507OBLG02026,3.9,1.33,32.1,6.0,6.728971962616822,3.644859813084112,0.8411214953271028,13,,2.67,1.37,33.2,6.0,7.3192771084337345,5.421686746987952,0.2710843373493976,13,,2026-05-07,LG Twins,Doosan Bears,잠실
20260507WOSS02026,4.43,1.23,20.1,4.0,7.164179104477611,2.2388059701492535,0.4477611940298507,12,,2.7,1.65,13.1,14.0,6.870229007633588,6.870229007633588,0.0,14,,2026-05-07,Samsung Lions,Kiwoom Heroes,대구
20260508HTLT02026,2.34,1.13,34.2,6.0,7.105263157894736,2.631578947368421,0.7894736842105262,13,,5.96,1.54,22.2,9.0,7.702702702702703,4.054054054054054,2.4324324324324325,13,,2026-05-08,Lotte Giants,Kia Tigers,사직
20260508KTWO02026,2.45,1.0,11.0,4.0,9.818181818181818,2.4545454545454546,0.0,13,,3.18,1.21,34.0,6.0,8.205882352941176,1.8529411764705883,0.5294117647058824,12,,2026-05-08,Kiwoom Heroes,KT Wiz,고척
20260508LGHH02026,4.5,2.0,10.0,10.0,6.3,9.9,0.9,14,,2.67,1.25,30.1,6.0,7.176079734219269,2.691029900332226,0.5980066445182723,13,,2026-05-08,Hanwha Eagles,LG Twins,대전
20260508SKOB02026,3.52,1.57,15.1,3.0,9.536423841059603,3.576158940397351,0.5960264900662252,13,,5.9,1.59,29.0,6.0,5.896551724137931,2.793103448275862,0.9310344827586207,12,,2026-05-08,Doosan Bears,SSG Landers,잠실
20260508SSNC02026,11.25,2.5,4.0,4.0,6.75,11.25,2.25,14,,3.92,1.5,20.2,9.0,6.683168316831684,4.900990099009901,1.3366336633663367,12,,2026-05-08,NC Dinos,Samsung Lions,창원
20260509HTLT02026,2.55,1.13,35.1,6.0,8.717948717948717,3.0769230769230766,0.7692307692307692,13,,4.38,1.18,39.0,7.0,6.6923076923076925,1.8461538461538463,0.6923076923076923,13,,2026-05-09,Lotte Giants,Kia Tigers,사직
20260509KTWO02026,3.35,1.41,37.2,6.0,8.951612903225806,1.4516129032258063,0.9677419354838709,13,,4.94,1.55,31.0,6.0,11.32258064516129,2.032258064516129,1.1612903225806452,12,,2026-05-09,Kiwoom Heroes,KT Wiz,고척
20260509LGHH02026,2.37,1.37,38.0,7.0,7.105263157894737,3.5526315789473686,0.7105263157894737,14,,6.75,2.06,16.0,4.0,8.4375,3.375,0.0,14,,2026-05-09,Hanwha Eagles,LG Twins,대전
20260509SKOB02026,3.4,1.29,39.2,7.0,11.709183673469386,3.214285714285714,0.6887755102040816,13,,0.0,0.0,0.0,0.0,,,,13,,2026-05-09,Doosan Bears,SSG Landers,잠실
20260509SSNC02026,5.34,1.26,28.2,6.0,4.787234042553192,2.872340425531915,1.9148936170212767,13,,2.0,1.0,45.0,7.0,5.8,1.2,1.2,12,,2026-05-09,NC Dinos,Samsung Lions,창원
20260510HTLT02026,4.45,1.52,32.1,6.0,8.411214953271028,4.205607476635514,0.8411214953271028,13,,8.53,2.05,25.1,7.0,10.0398406374502,8.247011952191235,2.151394422310757,13,,2026-05-10,Lotte Giants,Kia Tigers,사직
20260510KTWO02026,4.15,1.96,8.2,2.0,6.585365853658537,7.682926829268293,0.0,13,,0.0,0.0,0.0,0.0,,,,13,,2026-05-10,Kiwoom Heroes,KT Wiz,고척
20260510LGHH02026,0.0,0.0,0.0,0.0,,,,14,,1.0,0.83,36.0,6.0,6.5,2.0,0.25,14,,2026-05-10,Hanwha Eagles,LG Twins,대전
20260510SKOB02026,3.46,1.32,41.2,7.0,8.737864077669903,1.966019417475728,0.4368932038834951,13,,2.83,1.33,28.2,6.0,8.297872340425533,4.468085106382979,0.9574468085106383,13,,2026-05-10,Doosan Bears,SSG Landers,잠실
20260510SSNC02026,2.88,1.05,34.1,6.0,6.070381231671554,2.6392961876832843,1.3196480938416422,14,,3.97,1.29,34.0,7.0,9.0,3.9705882352941178,0.2647058823529412,12,,2026-05-10,NC Dinos,Samsung Lions,창원
20260512HHWO02026,2.34,1.33,34.2,8.0,7.63157894736842,2.3684210526315788,0.7894736842105262,13,,3.25,1.0,36.0,6.0,8.0,1.25,1.0,14,,2026-05-12,Kiwoom Heroes,Hanwha Eagles,고척
20260512NCLT02026,4.58,1.45,39.1,7.0,8.286445012787723,4.143222506393862,1.6112531969309463,13,,7.2,1.0,5.0,1.0,7.2,1.8,5.4,13,,2026-05-12,Lotte Giants,NC Dinos,사직
20260512OBHT02026,2.44,0.99,44.1,7.0,8.16326530612245,2.857142857142857,0.40816326530612246,13,,5.57,1.7,32.1,7.0,5.607476635514018,4.485981308411215,0.2803738317757009,13,,2026-05-12,Kia Tigers,Doosan Bears,광주
20260512SKKT02026,3.98,1.25,40.2,7.0,7.835820895522388,3.5820895522388057,0.8955223880597014,12,,3.75,1.22,36.0,7.0,7.0,4.25,1.25,13,,2026-05-12,KT Wiz,SSG Landers,수원
20260512SSLG02026,4.91,1.72,36.2,7.0,4.972375690607734,2.734806629834254,0.49723756906077343,14,,5.28,1.66,30.2,6.0,8.940397350993377,4.172185430463577,0.5960264900662252,12,,2026-05-12,LG Twins,Samsung Lions,잠실
20260513HHWO02026,4.15,1.67,17.1,15.0,7.368421052631579,6.31578947368421,0.0,12,,4.86,1.47,33.1,7.0,5.709969788519637,3.806646525679758,0.5438066465256798,14,,2026-05-13,Kiwoom Heroes,Hanwha Eagles,고척
20260513NCLT02026,3.22,1.32,36.1,7.0,11.218836565096952,2.2437673130193905,0.2493074792243767,13,,4.81,1.37,33.2,7.0,7.861445783132529,5.150602409638553,0.5421686746987951,13,,2026-05-13,Lotte Giants,NC Dinos,사직
20260513OBHT02026,4.81,1.51,33.2,7.0,7.048192771084337,4.337349397590361,1.355421686746988,13,,1.13,0.75,8.0,5.0,11.25,1.125,0.0,13,,2026-05-13,Kia Tigers,Doosan Bears,광주
20260513SKKT02026,3.55,1.5,38.0,7.0,8.052631578947368,3.0789473684210527,0.7105263157894737,12,,8.14,1.89,24.1,6.0,7.842323651452282,5.228215767634855,0.7468879668049793,13,,2026-05-13,KT Wiz,SSG Landers,수원
20260513SSLG02026,3.86,1.24,39.2,7.0,6.658163265306122,3.214285714285714,0.6887755102040816,14,,3.29,1.13,27.1,5.0,7.306273062730627,2.3247232472324724,0.33210332103321033,12,,2026-05-13,LG Twins,Samsung Lions,잠실
20260514HHWO02026,1.8,1.13,15.0,5.0,12.0,3.0,0.0,12,,7.2,2.33,15.0,19.0,12.6,10.2,0.0,13,,2026-05-14,Kiwoom Heroes,Hanwha Eagles,고척
20260514NCLT02026,2.63,1.2,41.0,7.0,6.365853658536586,2.4146341463414633,1.0975609756097562,13,,6.11,1.61,28.0,6.0,6.107142857142857,4.5,0.9642857142857143,13,,2026-05-14,Lotte Giants,NC Dinos,사직
20260514OBHT02026,5.02,1.43,28.2,10.0,7.340425531914894,3.5106382978723407,2.2340425531914896,13,,4.43,1.77,20.1,4.0,8.955223880597014,3.134328358208955,0.4477611940298507,13,,2026-05-14,Kia Tigers,Doosan Bears,광주
20260514SKKT02026,2.63,1.12,41.0,7.0,7.902439024390244,1.7560975609756098,0.43902439024390244,12,,5.19,1.56,34.2,7.0,6.842105263157894,2.894736842105263,0.7894736842105262,13,,2026-05-14,KT Wiz,SSG Landers,수원
20260514SSLG02026,3.15,1.31,34.1,7.0,8.181818181818182,2.903225806451613,0.7917888563049853,14,,6.32,1.66,15.2,6.0,8.289473684210527,3.5526315789473686,1.1842105263157896,12,,2026-05-14,LG Twins,Samsung Lions,잠실
20260515HHKT02026,5.5,1.47,36.0,7.0,11.0,1.75,1.5,12,,2.64,1.4,44.1,8.0,6.938775510204081,3.673469387755102,0.6122448979591837,13,,2026-05-15,KT Wiz,Hanwha Eagles,수원
20260515HTSS02026,2.12,1.02,51.0,8.0,6.0,1.411764705882353,1.0588235294117647,12,,4.0,1.13,45.0,8.0,6.6,1.6,0.6,13,,2026-05-15,Samsung Lions,Kia Tigers,대구
20260515LGSK02026,18.0,3.0,3.0,1.0,6.0,18.0,3.0,13,,7.32,2.03,19.2,5.0,8.90625,4.21875,0.46875,14,,2026-05-15,SSG Landers,LG Twins,문학
20260515LTOB02026,3.43,1.37,44.2,8.0,10.588235294117647,3.665158371040724,0.6108597285067873,13,,2.53,1.1,42.2,7.0,8.530805687203792,2.985781990521327,0.8530805687203791,13,,2026-05-15,Doosan Bears,Lotte Giants,잠실
20260515WONC02026,4.98,1.25,34.1,7.0,4.486803519061583,3.167155425219941,1.5835777126099706,13,,3.59,1.5,42.2,7.0,8.317535545023697,1.7061611374407581,1.2796208530805686,13,,2026-05-15,NC Dinos,Kiwoom Heroes,창원
20260516HHKT02026,0.0,0.9,3.1,1.0,14.516129032258064,2.903225806451613,0.0,12,,3.86,2.14,2.1,1.0,8.571428571428571,4.285714285714286,0.0,13,,2026-05-16,KT Wiz,Hanwha Eagles,수원
20260516HTSS02026,3.38,1.2,40.0,8.0,9.0,3.825,0.225,12,,9.0,2.11,28.0,8.0,10.285714285714286,8.357142857142858,1.9285714285714286,13,,2026-05-16,Samsung Lions,Kia Tigers,대구
20260516LGSK02026,3.23,1.43,30.2,7.0,7.748344370860927,5.066225165562914,1.1920529801324504,13,,4.58,1.58,17.2,11.0,5.232558139534884,3.662790697674419,1.0465116279069768,14,,2026-05-16,SSG Landers,LG Twins,문학
20260516LTOB02026,3.19,1.27,48.0,8.0,8.4375,1.6875,0.375,13,,4.23,1.46,38.1,7.0,8.031496062992126,4.251968503937007,0.7086614173228346,13,,2026-05-16,Doosan Bears,Lotte Giants,잠실
20260516WONC02026,3.96,1.19,38.2,7.0,6.832460732984293,2.5916230366492146,1.413612565445026,13,,0.0,0.0,0.0,0.0,,,,13,,2026-05-16,NC Dinos,Kiwoom Heroes,창원
20260517HHKT02026,4.53,1.31,45.2,8.0,7.566371681415928,3.5840707964601766,1.1946902654867255,12,,3.51,1.05,41.0,7.0,9.0,1.5365853658536586,0.8780487804878049,13,,2026-05-17,KT Wiz,Hanwha Eagles,수원
20260517HTSS02026,4.42,1.58,36.2,7.0,8.453038674033149,4.226519337016574,0.49723756906077343,11,,6.97,2.18,20.2,7.0,4.455445544554456,5.346534653465347,1.7821782178217822,13,,2026-05-17,Samsung Lions,Kia Tigers,대구
20260517LGSK02026,3.51,1.27,41.0,8.0,6.804878048780488,4.170731707317073,1.0975609756097562,13,,4.46,1.65,42.1,8.0,4.703087885985748,2.5653206650831355,0.42755344418052255,14,,2026-05-17,SSG Landers,LG Twins,문학
20260517LTOB02026,5.06,1.69,37.1,8.0,5.336927223719677,4.609164420485175,0.2425876010781671,13,,5.11,1.52,44.0,8.0,9.0,4.5,1.4318181818181819,13,,2026-05-17,Doosan Bears,Lotte Giants,잠실
20260517WONC02026,4.5,1.0,10.0,2.0,8.1,2.7,3.6,13,,2.63,1.68,13.2,3.0,5.454545454545455,7.5,0.0,13,,2026-05-17,NC Dinos,Kiwoom Heroes,창원
20260519KTSS02026,3.78,1.2,33.1,6.0,7.341389728096677,1.903323262839879,0.2719033232628399,11,,3.8,1.47,45.0,8.0,7.8,2.8,0.6,12,,2026-05-19,Samsung Lions,KT Wiz,포항
20260519LGHT02026,3.04,1.01,50.1,8.0,8.263473053892215,2.6946107784431135,0.5389221556886228,13,,3.55,1.16,45.2,8.0,7.168141592920353,2.986725663716814,0.5973451327433628,14,,2026-05-19,Kia Tigers,LG Twins,광주
20260519LTHH02026,4.86,1.51,37.0,8.0,6.5675675675675675,3.6486486486486487,0.4864864864864865,13,,3.61,1.46,42.1,8.0,11.116389548693586,2.5653206650831355,0.21377672209026127,13,,2026-05-19,Hanwha Eagles,Lotte Giants,대전
20260519NCOB02026,2.56,1.4,38.2,7.0,8.24607329842932,5.418848167539267,0.23560209424083767,13,,5.82,1.47,38.2,8.0,7.303664921465968,4.947643979057592,0.47120418848167533,13,,2026-05-19,Doosan Bears,NC Dinos,잠실
20260519SKWO02026,3.18,1.59,22.2,16.0,7.297297297297297,6.486486486486487,0.0,13,,10.21,2.16,27.1,7.0,8.634686346863468,5.977859778597786,0.9963099630996309,13,,2026-05-19,Kiwoom Heroes,SSG Landers,고척
20260520SKWO02026,4.73,1.52,32.1,7.0,7.850467289719626,5.607476635514018,1.6822429906542056,12,,6.44,1.73,36.1,8.0,6.731301939058172,3.9889196675900274,1.2465373961218835,13,,2026-05-20,Kiwoom Heroes,SSG Landers,고척
20260521KTSS02026,2.33,1.07,58.0,9.0,6.362068965517241,1.2413793103448276,0.9310344827586207,12,,3.89,1.25,44.0,8.0,7.9772727272727275,2.0454545454545454,0.6136363636363636,12,,2026-05-21,Samsung Lions,KT Wiz,포항
20260521LGHT02026,3.71,1.1,51.0,9.0,6.352941176470588,1.411764705882353,0.5294117647058824,13,,6.57,1.82,24.2,6.0,7.43801652892562,3.71900826446281,0.37190082644628103,14,,2026-05-21,Kia Tigers,LG Twins,광주
20260521LTHH02026,6.16,1.95,19.0,20.0,11.842105263157896,8.526315789473685,0.0,13,,2.96,1.29,45.2,8.0,6.9690265486725655,2.787610619469026,1.1946902654867255,13,,2026-05-21,Hanwha Eagles,Lotte Giants,대전
20260521NCOB02026,4.1,1.75,26.1,5.0,8.96551724137931,2.758620689655172,0.3448275862068965,13,,5.29,1.44,34.0,7.0,6.352941176470588,3.7058823529411766,0.7941176470588235,13,,2026-05-21,Doosan Bears,NC Dinos,잠실
20260521SKWO02026,3.26,1.37,49.2,8.0,8.23170731707317,1.4634146341463414,1.097560975609756,12,,11.57,2.71,7.0,2.0,11.571428571428571,12.857142857142858,1.2857142857142858,13,,2026-05-21,Kiwoom Heroes,SSG Landers,고척
20260522NCKT02026,5.23,1.35,43.0,8.0,11.30232558139535,1.4651162790697674,1.4651162790697674,12,,0.87,1.06,10.1,6.0,9.801980198019802,3.5643564356435644,0.0,13,,2026-05-22,KT Wiz,NC Dinos,수원
20260522OBHH02026,2.74,1.42,49.1,9.0,7.69857433808554,3.84928716904277,0.5498981670061099,13,,3.62,1.41,49.2,9.0,10.426829268292682,3.6585365853658534,0.548780487804878,13,,2026-05-22,Hanwha Eagles,Doosan Bears,대전
20260522SKHT02026,4.93,1.41,34.2,11.0,6.842105263157894,3.157894736842105,2.3684210526315788,13,,3.28,1.37,35.2,8.0,7.414772727272727,4.857954545454545,1.2784090909090908,13,,2026-05-22,Kia Tigers,SSG Landers,광주
20260522SSLT02026,3.06,1.21,47.0,8.0,7.851063829787234,3.0638297872340425,0.7659574468085106,13,,3.33,1.17,46.0,9.0,8.804347826086957,3.717391304347826,0.391304347826087,12,,2026-05-22,Lotte Giants,Samsung Lions,사직
20260522WOLG02026,4.64,1.73,21.1,12.0,4.691943127962085,3.838862559241706,0.8530805687203791,14,,3.86,1.71,2.1,1.0,12.857142857142856,8.571428571428571,0.0,12,,2026-05-22,LG Twins,Kiwoom Heroes,잠실
20260523NCKT02026,4.62,1.34,50.2,9.0,7.888446215139441,3.9442231075697207,1.0756972111553784,12,,3.55,1.2,45.2,8.0,6.9690265486725655,2.787610619469026,1.1946902654867255,13,,2026-05-23,KT Wiz,NC Dinos,수원
20260523OBHH02026,3.12,1.15,8.2,2.0,6.585365853658537,2.1951219512195124,0.0,13,,3.83,1.31,54.0,9.0,7.833333333333333,1.5,0.6666666666666666,13,,2026-05-23,Hanwha Eagles,Doosan Bears,대전
20260523SKHT02026,4.66,1.45,38.2,8.0,7.0680628272251305,4.2408376963350785,1.6492146596858637,13,,4.11,1.28,46.0,9.0,6.8478260869565215,4.304347826086956,1.3695652173913044,13,,2026-05-23,Kia Tigers,SSG Landers,광주
20260523SSLT02026,4.98,1.55,43.1,8.0,7.517401392111369,4.593967517401392,0.6264501160092807,13,,3.38,1.43,26.2,10.0,5.8396946564885495,4.809160305343512,1.0305343511450382,13,,2026-05-23,Lotte Giants,Samsung Lions,사직
20260523WOLG02026,4.47,1.59,48.1,9.0,4.6777546777546775,2.4324324324324325,0.7484407484407484,14,,4.06,1.57,37.2,9.0,7.741935483870967,2.661290322580645,0.9677419354838709,13,,2026-05-23,LG Twins,Kiwoom Heroes,잠실
20260524NCKT02026,5.68,1.74,6.1,2.0,8.852459016393443,5.901639344262295,1.4754098360655739,12,,3.18,0.82,17.0,3.0,9.0,1.588235294117647,2.6470588235294117,13,,2026-05-24,KT Wiz,NC Dinos,수원
20260524OBHH02026,3.52,1.07,46.0,8.0,8.608695652173912,1.565217391304348,0.782608695652174,13,,4.57,1.62,43.1,9.0,5.4292343387471,3.967517401392111,0.4176334106728538,13,,2026-05-24,Hanwha Eagles,Doosan Bears,대전
20260524SKHT02026,2.72,1.01,56.1,9.0,8.983957219251337,2.727272727272727,0.48128342245989303,13,,9.46,2.16,32.1,8.0,8.130841121495326,5.887850467289719,0.8411214953271028,13,,2026-05-24,Kia Tigers,SSG Landers,광주
20260524SSLT02026,4.86,1.48,50.0,9.0,9.0,3.96,1.44,13,,5.23,1.5,20.2,7.0,7.574257425742575,3.118811881188119,1.3366336633663367,13,,2026-05-24,Lotte Giants,Samsung Lions,사직
20260524WOLG02026,4.19,1.4,38.2,8.0,7.539267015706805,3.06282722513089,1.1780104712041883,14,,2.29,1.53,19.2,4.0,7.96875,6.09375,0.0,13,,2026-05-24,LG Twins,Kiwoom Heroes,잠실
20260526HTWO02026,2.7,1.1,20.0,6.0,12.15,2.25,0.45,13,,5.76,2.04,25.0,8.0,4.32,5.76,1.44,13,,2026-05-26,Kiwoom Heroes,Kia Tigers,고척
20260526KTOB02026,2.17,1.25,45.2,8.0,8.362831858407079,4.778761061946902,0.1991150442477876,13,,3.99,1.55,49.2,9.0,7.865853658536585,2.74390243902439,0.548780487804878,11,,2026-05-26,Doosan Bears,KT Wiz,잠실
20260526LGLT02026,3.99,1.48,47.1,9.0,10.700636942675159,2.8662420382165603,0.38216560509554137,13,,3.72,1.17,46.0,9.0,7.239130434782608,2.9347826086956523,0.782608695652174,14,,2026-05-26,Lotte Giants,LG Twins,사직
20260527HHNC02026,4.54,1.46,39.2,8.0,6.658163265306122,3.443877551020408,0.6887755102040816,13,,2.57,1.71,7.0,3.0,5.142857142857143,6.428571428571429,1.2857142857142858,13,,2026-05-27,NC Dinos,Hanwha Eagles,창원
20260527HTWO02026,2.81,1.23,57.2,9.0,8.339160839160838,1.416083916083916,0.9440559440559441,12,,4.15,1.14,56.1,10.0,6.4171122994652405,1.6042780748663101,0.48128342245989303,13,,2026-05-27,Kiwoom Heroes,Kia Tigers,고척
20260527KTOB02026,3.15,1.51,34.1,6.0,7.126099706744868,2.375366568914956,0.26392961876832843,13,,4.2,1.3,49.1,9.0,7.69857433808554,2.016293279022403,0.5498981670061099,11,,2026-05-27,Doosan Bears,KT Wiz,잠실
20260527LGLT02026,2.65,1.27,51.0,9.0,7.235294117647059,2.6470588235294117,1.0588235294117647,13,,5.7,1.73,30.0,7.0,7.2,3.9,0.6,14,,2026-05-27,Lotte Giants,LG Twins,사직
20260527SSSK02026,5.83,1.66,41.2,9.0,6.990291262135922,3.7135922330097086,1.3106796116504853,13,,2.4,1.13,63.2,10.0,6.5506329113924044,1.4240506329113924,0.9968354430379747,13,,2026-05-27,SSG Landers,Samsung Lions,문학
20260528HHNC02026,3.65,1.38,12.1,7.0,9.669421487603307,4.462809917355372,0.0,13,,2.72,1.35,56.1,10.0,7.7005347593582885,3.5294117647058822,0.48128342245989303,13,,2026-05-28,NC Dinos,Hanwha Eagles,창원
20260528HTWO02026,1.42,1.42,6.1,2.0,13.278688524590164,5.901639344262295,0.0,12,,4.5,1.38,40.0,12.0,6.75,2.925,2.025,13,,2026-05-28,Kiwoom Heroes,Kia Tigers,고척
20260528KTOB02026,3.46,1.37,54.2,10.0,10.95940959409594,3.321033210332103,0.49815498154981547,13,,5.33,1.31,49.0,9.0,10.653061224489797,1.469387755102041,1.2857142857142858,10,,2026-05-28,Doosan Bears,KT Wiz,잠실
20260528LGLT02026,3.06,1.23,53.0,9.0,7.6415094339622645,2.8867924528301887,0.8490566037735849,13,,4.5,1.69,26.0,13.0,4.846153846153846,3.4615384615384617,0.6923076923076923,14,,2026-05-28,Lotte Giants,LG Twins,사직
20260528SSSK02026,9.75,2.17,12.0,3.0,11.25,9.0,1.5,13,,5.53,1.67,40.2,8.0,8.507462686567164,4.253731343283582,0.6716417910447761,14,,2026-05-28,SSG Landers,Samsung Lions,문학
20260529HTLG02026,2.06,0.97,39.1,7.0,6.445012787723785,2.3017902813299234,0.23017902813299232,14,,8.37,1.98,33.1,9.0,10.332326283987914,7.885196374622356,1.903323262839879,13,,2026-05-29,LG Twins,Kia Tigers,잠실
20260529KTWO02026,4.54,1.61,41.2,10.0,7.6456310679611645,2.4029126213592233,0.8737864077669902,12,,4.82,1.38,56.0,10.0,7.553571428571429,3.5357142857142856,1.125,10,,2026-05-29,Kiwoom Heroes,KT Wiz,고척
20260529LTNC02026,4.47,1.39,48.1,9.0,6.9230769230769225,2.9937629937629935,1.1226611226611227,13,,4.71,1.57,49.2,9.0,7.317073170731707,4.573170731707317,0.548780487804878,13,,2026-05-29,NC Dinos,Lotte Giants,창원
20260529OBSS02026,3.43,1.19,39.1,7.0,7.595907928388747,2.071611253196931,0.23017902813299232,14,,3.81,1.36,59.0,10.0,8.542372881355933,1.5254237288135593,0.6101694915254238,13,,2026-05-29,Samsung Lions,Doosan Bears,대구
20260529SKHH02026,2.63,1.1,13.2,3.0,6.136363636363637,1.3636363636363638,0.0,13,,3.51,1.37,41.0,9.0,7.463414634146342,4.609756097560975,1.0975609756097562,13,,2026-05-29,Hanwha Eagles,SSG Landers,대전
20260530HTLG02026,4.71,1.48,42.0,9.0,7.714285714285714,3.0,1.0714285714285714,14,,2.45,0.93,62.1,10.0,9.420289855072463,2.463768115942029,0.43478260869565216,13,,2026-05-30,LG Twins,Kia Tigers,잠실
20260530KTWO02026,4.08,1.57,28.2,17.0,6.382978723404255,6.0638297872340425,0.3191489361702128,13,,0.0,0.0,0.0,1.0,,,,11,,2026-05-30,Kiwoom Heroes,KT Wiz,고척
20260530LTNC02026,3.27,1.0,22.0,4.0,9.818181818181818,1.6363636363636365,2.0454545454545454,13,,11.42,2.19,8.2,5.0,7.682926829268293,8.78048780487805,1.0975609756097562,13,,2026-05-30,NC Dinos,Lotte Giants,창원
20260530OBSS02026,3.68,1.21,51.1,10.0,8.277886497064578,3.8747553816046967,0.7045009784735812,14,,5.13,1.63,47.1,10.0,5.350318471337579,3.821656050955414,0.5732484076433121,12,,2026-05-30,Samsung Lions,Doosan Bears,대구
20260530SKHH02026,3.42,1.04,52.2,9.0,8.10344827586207,1.379310344827586,0.689655172413793,13,,3.68,1.31,51.1,10.0,7.221135029354207,4.579256360078277,1.2328767123287672,13,,2026-05-30,Hanwha Eagles,SSG Landers,대전
20260531HTLG02026,3.44,1.18,52.1,10.0,7.428023032629558,3.1094049904030707,0.690978886756238,14,,4.74,1.4,43.2,9.0,6.874999999999999,3.7499999999999996,1.6666666666666665,13,,2026-05-31,LG Twins,Kia Tigers,잠실
20260531KTWO02026,2.84,1.46,25.1,5.0,8.96414342629482,5.737051792828685,0.0,13,,3.49,1.41,56.2,10.0,7.366548042704626,2.4021352313167257,0.48042704626334515,11,,2026-05-31,Kiwoom Heroes,KT Wiz,고척
20260531LTNC02026,5.77,1.53,43.2,9.0,7.083333333333333,5.0,0.41666666666666663,13,,3.71,1.35,53.1,10.0,10.847457627118644,2.542372881355932,0.5084745762711864,13,,2026-05-31,NC Dinos,Lotte Giants,창원
20260531OBSS02026,3.64,1.08,29.2,8.0,7.089041095890411,2.1575342465753424,0.9246575342465754,13,,2.84,1.3,50.2,9.0,8.605577689243027,4.48207171314741,0.3585657370517928,12,,2026-05-31,Samsung Lions,Doosan Bears,대구
20260531SKHH02026,4.68,1.51,42.1,9.0,6.627078384798099,3.6342042755344415,0.6413301662707839,13,,8.69,1.96,38.1,9.0,8.503937007874015,5.196850393700787,0.9448818897637795,13,,2026-05-31,Hanwha Eagles,SSG Landers,대전
20260602HHOB02026,2.61,1.35,41.1,7.0,7.007299270072992,2.408759124087591,0.218978102189781,12,,3.55,1.34,12.2,4.0,7.3770491803278695,3.6885245901639347,2.2131147540983607,13,,2026-06-02,Doosan Bears,Hanwha Eagles,잠실
20260602LGKT02026,0.0,0.0,0.0,0.0,,,,12,,4.31,1.58,54.1,10.0,4.824399260628466,2.6617375231053604,0.8317929759704251,14,,2026-06-02,KT Wiz,LG Twins,수원
20260602LTHT02026,3.84,1.11,63.1,11.0,6.8462757527733755,1.4263074484944531,0.42789223454833597,13,,3.45,1.34,57.1,10.0,7.565674255691769,2.8371278458844134,1.1033274956217163,13,,2026-06-02,Kia Tigers,Lotte Giants,광주
20260602NCSS02026,2.17,1.1,70.2,11.0,6.282051282051282,1.4102564102564101,0.8974358974358974,13,,4.34,1.47,45.2,9.0,6.57079646017699,3.384955752212389,0.7964601769911503,13,,2026-06-02,Samsung Lions,NC Dinos,대구
20260602WOSK02026,5.63,1.68,46.1,10.0,6.637744034707159,3.9045553145336225,1.3665943600867678,13,,3.18,1.17,65.0,10.0,8.446153846153846,1.2461538461538462,1.3846153846153846,13,,2026-06-02,SSG Landers,Kiwoom Heroes,문학
20260603HHOB02026,10.5,1.83,12.0,9.0,6.75,6.0,2.25,13,,3.24,1.41,58.1,11.0,7.74526678141136,3.7177280550774525,0.6196213425129088,13,,2026-06-03,Doosan Bears,Hanwha Eagles,잠실
20260603LGKT02026,5.07,1.35,55.0,10.0,10.472727272727273,1.6363636363636365,1.1454545454545455,12,,5.65,1.85,28.2,14.0,5.1063829787234045,3.5106382978723407,0.6382978723404256,14,,2026-06-03,KT Wiz,LG Twins,수원
20260603LTHT02026,3.91,1.3,46.0,13.0,6.8478260869565215,2.739130434782609,1.7608695652173914,13,,3.38,1.19,58.2,10.0,7.422680412371133,2.6288659793814433,1.0824742268041236,13,,2026-06-03,Kia Tigers,Lotte Giants,광주
20260603NCSS02026,4.72,1.53,47.2,9.0,8.771186440677965,4.194915254237288,0.5720338983050847,13,,3.44,1.15,18.1,8.0,8.453038674033149,3.480662983425414,0.9944751381215469,13,,2026-06-03,Samsung Lions,NC Dinos,대구
20260603WOSK02026,4.32,1.56,8.1,5.0,7.777777777777778,4.444444444444445,0.0,13,,3.18,1.59,11.1,3.0,11.35135135135135,3.2432432432432434,0.0,13,,2026-06-03,SSG Landers,Kiwoom Heroes,문학
20260604HHOB02026,4.22,1.41,64.0,11.0,8.296875,1.546875,0.703125,13,,3.05,1.02,20.2,4.0,6.683168316831684,1.7821782178217822,0.44554455445544555,13,,2026-06-04,Doosan Bears,Hanwha Eagles,잠실
20260604LGKT02026,4.43,1.37,63.0,11.0,7.142857142857143,3.857142857142857,1.0,12,,1.79,0.9,45.1,8.0,7.184035476718403,2.3946784922394677,0.19955654101995565,14,,2026-06-04,KT Wiz,LG Twins,수원
20260604LTHT02026,0.0,0.0,0.0,0.0,,,,13,,4.2,1.49,55.2,10.0,7.663043478260869,4.239130434782608,0.48913043478260865,13,,2026-06-04,Kia Tigers,Lotte Giants,광주
20260604NCSS02026,3.57,1.21,45.1,8.0,7.583148558758315,2.3946784922394677,0.3991130820399113,13,,3.99,1.24,56.1,10.0,7.219251336898395,2.727272727272727,1.1229946524064172,13,,2026-06-04,Samsung Lions,NC Dinos,대구
20260604WOSK02026,3.52,1.3,46.0,10.0,7.630434782608695,4.108695652173913,1.173913043478261,13,,4.15,1.55,47.2,11.0,7.436440677966101,2.2881355932203387,0.7627118644067796,13,,2026-06-04,SSG Landers,Kiwoom Heroes,문학
20260605HHLT02026,5.12,1.49,51.0,10.0,9.176470588235293,3.8823529411764706,1.588235294117647,13,,3.28,1.06,57.2,10.0,7.709790209790209,1.416083916083916,0.6293706293706294,13,,2026-06-05,Lotte Giants,Hanwha Eagles,사직
20260605KTSK02026,4.7,1.43,53.2,11.0,6.936090225563909,4.906015037593985,1.1842105263157894,13,,16.88,3.75,2.2,2.0,8.181818181818182,20.454545454545453,0.0,12,,2026-06-05,SSG Landers,KT Wiz,문학
20260605LGNC02026,3.33,1.11,27.0,5.0,10.666666666666666,1.6666666666666667,1.6666666666666667,13,,2.63,1.24,13.2,10.0,6.136363636363637,3.409090909090909,0.0,14,,2026-06-05,NC Dinos,LG Twins,창원
20260605SSHT02026,2.63,0.97,68.1,11.0,9.647577092511014,2.643171806167401,0.6607929515418502,13,,3.99,1.26,56.1,11.0,8.342245989304812,3.8502673796791442,0.6417112299465241,12,,2026-06-05,Kia Tigers,Samsung Lions,광주
20260605WOOB02026,5.61,1.68,51.1,11.0,5.459882583170255,3.8747553816046967,0.8806262230919765,13,,4.89,1.53,38.2,10.0,8.01047120418848,4.947643979057592,1.413612565445026,12,,2026-06-05,Doosan Bears,Kiwoom Heroes,잠실
20260606HHLT02026,8.78,1.73,13.1,6.0,7.557251908396947,6.183206106870229,0.6870229007633588,13,,4.47,1.49,48.1,10.0,6.735966735966736,3.929313929313929,0.5613305613305614,13,,2026-06-06,Lotte Giants,Hanwha Eagles,사직
20260606KTSK02026,8.1,1.92,43.1,10.0,7.726218097447796,4.802784222737819,0.8352668213457076,13,,7.71,1.82,9.1,3.0,5.934065934065934,5.934065934065934,0.989010989010989,13,,2026-06-06,SSG Landers,KT Wiz,문학
20260606LGNC02026,5.44,1.47,49.2,10.0,6.585365853658536,4.573170731707317,0.548780487804878,13,,3.24,1.15,58.1,11.0,7.435456110154905,2.7882960413080893,0.6196213425129088,14,,2026-06-06,NC Dinos,LG Twins,창원
20260606SSHT02026,4.84,1.45,48.1,10.0,6.361746361746362,4.116424116424116,1.683991683991684,13,,4.0,1.47,36.0,14.0,6.25,4.5,1.0,12,,2026-06-06,Kia Tigers,Samsung Lions,광주
20260606WOOB02026,3.29,1.37,54.2,10.0,8.634686346863468,4.815498154981549,0.49815498154981547,12,,2.25,1.04,24.0,7.0,11.625,2.625,0.375,12,,2026-06-06,Doosan Bears,Kiwoom Heroes,잠실
20260607HHLT02026,4.5,1.43,58.0,11.0,10.706896551724139,2.6379310344827585,0.6206896551724138,13,,6.35,1.71,17.0,8.0,10.058823529411764,6.882352941176471,1.0588235294117647,13,,2026-06-07,Lotte Giants,Hanwha Eagles,사직
20260607KTSK02026,5.81,1.63,52.2,11.0,7.068965517241379,3.7931034482758617,1.7241379310344827,13,,4.56,1.37,53.1,10.0,7.796610169491525,1.8644067796610169,0.6779661016949152,13,,2026-06-07,SSG Landers,KT Wiz,문학
20260607LGNC02026,4.47,1.51,50.1,10.0,6.826347305389222,3.592814371257485,1.0778443113772456,13,,4.18,1.39,47.1,10.0,7.643312101910828,2.6751592356687897,0.9554140127388535,14,,2026-06-07,NC Dinos,LG Twins,창원
20260607SSHT02026,3.5,1.08,69.1,12.0,6.772793053545587,1.5629522431259046,0.39073806078147616,13,,3.53,1.04,35.2,9.0,7.159090909090908,2.0454545454545454,0.7670454545454545,12,,2026-06-07,Kia Tigers,Samsung Lions,광주
20260607WOOB02026,2.27,1.24,47.2,8.0,7.817796610169491,2.2881355932203387,0.1906779661016949,12,,3.25,1.18,72.0,11.0,8.25,1.25,1.375,12,,2026-06-07,Doosan Bears,Kiwoom Heroes,잠실
20260609HTHH02026,3.13,1.41,63.1,12.0,7.702060221870047,3.4231378763866878,0.5705229793977813,13,,4.41,1.41,49.0,14.0,6.795918367346939,3.122448979591837,1.836734693877551,13,,2026-06-09,Hanwha Eagles,Kia Tigers,대전
20260609NCWO02026,3.18,1.41,17.0,4.0,10.058823529411764,3.176470588235294,0.5294117647058824,12,,4.64,1.31,21.1,9.0,7.677725118483412,3.838862559241706,1.7061611374407581,13,,2026-06-09,Kiwoom Heroes,NC Dinos,고척
20260609OBLT02026,3.53,1.32,63.2,11.0,7.5474683544303796,2.848101265822785,1.1392405063291138,13,,3.26,1.34,60.2,11.0,11.212624584717608,3.2890365448504983,0.4485049833887043,13,,2026-06-09,Lotte Giants,Doosan Bears,사직
20260609SKLG02026,3.88,1.54,60.1,11.0,4.941763727121464,2.8452579034941765,0.7487520798668885,14,,1.8,1.0,5.0,2.0,12.6,1.8,0.0,13,,2026-06-09,LG Twins,SSG Landers,잠실
20260609SSKT02026,4.79,1.31,62.0,11.0,10.451612903225806,1.596774193548387,1.1612903225806452,13,,4.75,1.53,53.0,10.0,8.660377358490566,3.7358490566037736,0.8490566037735849,12,,2026-06-09,KT Wiz,Samsung Lions,수원
20260610HTHH02026,3.04,1.01,26.2,5.0,6.183206106870229,1.717557251908397,0.6870229007633588,13,,0.0,1.2,5.0,1.0,7.2,3.6,0.0,13,,2026-06-10,Hanwha Eagles,Kia Tigers,대전
20260610NCWO02026,4.53,1.49,43.2,11.0,7.499999999999999,4.375,1.25,12,,4.04,1.27,62.1,11.0,7.246376811594203,3.043478260869565,1.1594202898550725,13,,2026-06-10,Kiwoom Heroes,NC Dinos,고척
20260610OBLT02026,3.48,1.19,64.2,11.0,7.149532710280374,2.5233644859813085,1.1214953271028036,13,,3.97,1.37,68.0,12.0,8.205882352941176,1.588235294117647,0.6617647058823529,13,,2026-06-10,Lotte Giants,Doosan Bears,사직
20260610SKLG02026,1.97,0.95,50.1,9.0,7.365269461077844,2.155688622754491,0.17964071856287425,14,,4.38,1.38,49.1,11.0,7.8818737270875765,4.3991853360488795,1.2830957230142566,13,,2026-06-10,LG Twins,SSG Landers,잠실
20260610SSKT02026,4.54,1.36,69.1,12.0,6.903039073806078,3.5166425470332854,0.9117221418234444,13,,3.68,1.29,51.1,9.0,7.573385518590998,2.1135029354207435,0.5283757338551859,12,,2026-06-10,KT Wiz,Samsung Lions,수원
20260611HTHH02026,2.97,1.01,63.2,11.0,7.262658227848101,1.2816455696202531,0.5696202531645569,13,,2.39,0.93,75.1,12.0,9.826897470039947,2.6364846870838883,0.5992010652463383,13,,2026-06-11,Hanwha Eagles,Kia Tigers,대전
20260611NCWO02026,3.68,1.53,29.1,6.0,8.65979381443299,5.56701030927835,0.0,13,,3.48,1.1,33.2,6.0,12.469879518072288,1.6265060240963853,1.897590361445783,13,,2026-06-11,Kiwoom Heroes,NC Dinos,고척
20260611OBLT02026,4.98,1.56,59.2,11.0,7.601351351351351,4.408783783783783,0.6081081081081081,13,,0.0,0.0,0.0,0.0,,,,12,,2026-06-11,Lotte Giants,Doosan Bears,사직
20260611SKLG02026,4.4,1.6,14.1,11.0,5.74468085106383,6.382978723404255,0.0,13,,4.6,1.47,58.2,12.0,7.268041237113402,4.793814432989691,1.2371134020618557,13,,2026-06-11,LG Twins,SSG Landers,잠실
20260611SSKT02026,6.48,1.68,25.0,29.0,7.56,1.44,1.08,14,,4.26,1.29,61.1,12.0,9.27986906710311,3.829787234042553,0.7364975450081833,12,,2026-06-11,KT Wiz,Samsung Lions,수원
20260612HHWO02026,4.0,1.3,27.0,8.0,11.333333333333334,2.6666666666666665,0.3333333333333333,13,,4.31,1.45,54.1,11.0,6.321626617375231,3.6598890942698703,0.6654343807763401,13,,2026-06-12,Kiwoom Heroes,Hanwha Eagles,고척
20260612LTLG02026,3.36,1.13,64.1,12.0,7.862714508580344,2.527301092043682,0.702028081123245,14,,5.56,1.5,56.2,11.0,9.288256227758007,3.5231316725978647,1.601423487544484,13,,2026-06-12,LG Twins,Lotte Giants,잠실
20260612NCKT02026,5.02,1.67,14.1,4.0,7.021276595744681,5.74468085106383,0.6382978723404256,14,,5.6,1.52,54.2,11.0,6.476014760147601,4.483394833948339,0.49815498154981547,13,,2026-06-12,KT Wiz,NC Dinos,수원
20260612OBHT02026,4.39,1.44,53.1,11.0,6.440677966101695,4.237288135593221,1.5254237288135593,13,,3.06,1.33,61.2,11.0,8.676470588235293,4.411764705882352,0.4411764705882353,13,,2026-06-12,Kia Tigers,Doosan Bears,광주
20260612SKSS02026,3.7,1.35,41.1,15.0,6.350364963503649,3.9416058394160585,1.094890510948905,12,,7.63,1.94,48.1,11.0,7.484407484407484,5.239085239085239,0.7484407484407484,13,,2026-06-12,Samsung Lions,SSG Landers,대구
20260613HHWO02026,3.12,1.15,78.0,12.0,8.076923076923077,1.2692307692307692,1.2692307692307692,13,,4.58,1.47,17.2,6.0,5.7558139534883725,4.186046511627907,3.1395348837209305,13,,2026-06-13,Kiwoom Heroes,Hanwha Eagles,고척
20260613LTLG02026,4.07,1.32,24.1,20.0,5.975103734439834,2.6141078838174274,1.120331950207469,14,,6.27,1.66,18.2,7.0,6.923076923076923,5.43956043956044,0.4945054945054945,13,,2026-06-13,LG Twins,Lotte Giants,잠실
20260613NCKT02026,5.25,1.42,58.1,11.0,8.209982788296042,2.0137693631669533,0.774526678141136,12,,4.69,1.47,55.2,11.0,6.358695652173913,3.4239130434782608,1.3043478260869565,13,,2026-06-13,KT Wiz,NC Dinos,수원
20260613OBHT02026,3.58,1.12,75.1,13.0,6.711051930758988,1.7976031957390148,0.35952063914780297,13,,2.84,1.36,50.2,9.0,7.709163346613545,2.50996015936255,0.1792828685258964,13,,2026-06-13,Kia Tigers,Doosan Bears,광주
20260613SKSS02026,2.61,1.17,76.0,12.0,5.921052631578948,1.5394736842105263,0.9473684210526315,13,,5.13,1.51,59.2,12.0,7.449324324324324,3.6486486486486487,1.5202702702702702,13,,2026-06-13,Samsung Lions,SSG Landers,대구
20260614HHWO02026,4.5,1.64,22.0,5.0,9.818181818181818,3.272727272727273,0.4090909090909091,13,,3.49,1.46,67.0,13.0,7.656716417910448,3.7611940298507465,0.6716417910447762,13,,2026-06-14,Kiwoom Heroes,Hanwha Eagles,고척
20260614LTLG02026,3.72,1.55,65.1,12.0,4.976958525345623,3.1797235023041477,0.6912442396313365,14,,4.86,1.51,63.0,12.0,10.571428571428571,2.7142857142857144,0.7142857142857143,13,,2026-06-14,LG Twins,Lotte Giants,잠실
20260614OBHT02026,5.17,1.76,31.1,10.0,5.498392282958199,5.209003215434083,1.4469453376205788,13,,3.38,1.38,66.2,12.0,10.740181268882175,3.2628398791540785,0.5438066465256798,13,,2026-06-14,Kia Tigers,Doosan Bears,광주
20260614SKSS02026,4.43,1.23,40.2,10.0,7.835820895522388,2.2388059701492535,1.1194029850746268,13,,0.0,0.0,0.0,0.0,,,,13,,2026-06-14,Samsung Lions,SSG Landers,대구
20260616HHNC02026,3.69,1.24,68.1,12.0,7.400881057268723,2.775330396475771,1.0572687224669604,13,,2.67,0.98,33.2,6.0,6.234939759036144,1.355421686746988,0.8132530120481927,13,,2026-06-16,NC Dinos,Hanwha Eagles,창원
20260616KTOB02026,4.97,1.57,58.0,12.0,6.206896551724138,3.5689655172413794,0.7758620689655172,13,,4.5,1.25,68.0,12.0,10.323529411764707,1.4558823529411764,1.0588235294117647,11,,2026-06-16,Doosan Bears,KT Wiz,잠실
20260616LGHT02026,3.12,1.5,8.2,2.0,5.487804878048781,6.585365853658537,1.0975609756097562,13,,2.63,1.08,54.2,10.0,7.472324723247232,2.6568265682656826,0.33210332103321033,14,,2026-06-16,Kia Tigers,LG Twins,광주
20260616LTSK02026,12.27,1.64,3.2,1.0,5.625,8.4375,0.0,13,,3.2,1.17,70.1,12.0,6.932952924393724,2.5677603423680457,1.0271041369472182,13,,2026-06-16,SSG Landers,Lotte Giants,문학
20260616WOSS02026,3.95,1.35,57.0,10.0,7.578947368421052,2.3684210526315788,0.47368421052631576,13,,4.2,1.52,49.1,12.0,8.065173116089612,3.84928716904277,1.0997963340122199,13,,2026-06-16,Samsung Lions,Kiwoom Heroes,대구
20260617HHNC02026,3.4,1.08,39.2,7.0,12.627551020408163,1.607142857142857,1.607142857142857,13,,2.84,1.03,69.2,12.0,7.283236994219653,1.3005780346820808,0.5202312138728323,13,,2026-06-17,NC Dinos,Hanwha Eagles,창원
20260617KTOB02026,11.25,2.75,4.0,1.0,4.5,11.25,0.0,13,,4.42,1.3,75.1,13.0,6.950732356857523,3.5952063914780297,0.8388814913448736,11,,2026-06-17,Doosan Bears,KT Wiz,잠실
20260617LGHT02026,2.66,0.95,81.1,13.0,9.543773119605426,2.774352651048089,0.5548705302096177,13,,4.3,1.33,29.1,24.0,8.041237113402062,2.4742268041237114,1.2371134020618557,14,,2026-06-17,Kia Tigers,LG Twins,광주
20260617LTSK02026,5.66,1.53,62.0,13.0,7.403225806451613,4.790322580645161,1.1612903225806452,13,,5.15,1.58,64.2,12.0,7.850467289719626,4.345794392523365,0.7009345794392523,12,,2026-06-17,SSG Landers,Lotte Giants,문학
20260617WOSS02026,4.83,1.53,59.2,11.0,8.361486486486486,3.9527027027027026,0.7601351351351351,13,,3.51,1.59,33.1,7.0,7.885196374622356,6.253776435045317,0.0,13,,2026-06-17,Samsung Lions,Kiwoom Heroes,대구
20260618HHNC02026,4.91,1.41,62.1,12.0,6.811594202898551,3.9130434782608696,0.43478260869565216,13,,4.03,1.41,60.1,12.0,6.439267886855241,3.7437603993344424,0.7487520798668885,12,,2026-06-18,NC Dinos,Hanwha Eagles,창원
20260618KTOB02026,2.88,1.24,68.2,12.0,8.841642228739003,4.090909090909091,0.39589442815249265,13,,3.69,1.33,39.0,7.0,8.538461538461538,2.076923076923077,0.46153846153846156,12,,2026-06-18,Doosan Bears,KT Wiz,잠실
20260618LGHT02026,4.32,1.44,58.1,12.0,6.196213425129088,4.182444061962134,1.549053356282272,13,,3.99,1.2,70.0,13.0,7.585714285714285,2.442857142857143,0.7714285714285715,14,,2026-06-18,Kia Tigers,LG Twins,광주
20260618LTSK02026,7.52,1.94,52.2,12.0,7.758620689655172,4.827586206896552,0.689655172413793,13,,5.17,1.45,62.2,12.0,9.839228295819936,3.472668810289389,1.4469453376205788,12,,2026-06-18,SSG Landers,Lotte Giants,문학
20260618WOSS02026,3.88,1.23,67.1,13.0,8.852459016393443,3.889716840536513,0.6706408345752609,13,,3.82,1.27,33.0,9.0,11.181818181818182,2.727272727272727,0.5454545454545454,13,,2026-06-18,Samsung Lions,Kiwoom Heroes,대구
20260619HTKT02026,5.12,1.44,63.1,12.0,8.129952456418383,2.282091917591125,0.7131537242472266,12,,3.43,1.09,81.1,14.0,6.8803945745992605,1.6646115906288534,0.33292231812577067,13,,2026-06-19,KT Wiz,Kia Tigers,수원
20260619LTWO02026,2.96,1.13,85.0,13.0,8.047058823529412,1.2705882352941176,1.1647058823529413,12,,6.57,1.66,24.2,8.0,5.578512396694215,4.834710743801653,0.7438016528925621,12,,2026-06-19,Kiwoom Heroes,Lotte Giants,고척
20260619OBLG02026,6.42,1.93,33.2,15.0,4.879518072289156,3.795180722891566,0.5421686746987951,14,,2.86,1.34,56.2,10.0,8.00711743772242,2.562277580071174,0.16014234875444838,13,,2026-06-19,LG Twins,Doosan Bears,잠실
20260619SKNC02026,5.04,1.55,60.2,12.0,6.7275747508305646,3.2890365448504983,1.1960132890365447,13,,5.26,1.51,65.0,13.0,7.338461538461538,3.6,1.3846153846153846,13,,2026-06-19,NC Dinos,SSG Landers,창원
20260619SSHH02026,4.13,1.21,24.0,7.0,6.75,3.0,2.625,12,,2.96,1.23,82.0,13.0,6.036585365853658,1.646341463414634,0.8780487804878049,13,,2026-06-19,Hanwha Eagles,Samsung Lions,대전
20260620HTKT02026,4.58,1.68,19.2,5.0,7.96875,5.625,0.46875,11,,4.09,1.31,55.0,15.0,7.036363636363636,2.9454545454545453,1.6363636363636365,13,,2026-06-20,KT Wiz,Kia Tigers,수원
20260620LTWO02026,4.33,1.52,27.0,6.0,10.0,3.0,0.6666666666666666,12,,4.06,1.38,68.2,12.0,7.52199413489736,2.7712609970674484,1.3196480938416422,12,,2026-06-20,Kiwoom Heroes,Lotte Giants,고척
20260620OBLG02026,3.48,1.48,72.1,13.0,4.743411927877948,2.871012482662968,0.6241331484049931,14,,3.22,1.33,72.2,13.0,10.720221606648199,3.116343490304709,0.6232686980609418,13,,2026-06-20,LG Twins,Doosan Bears,잠실
20260620SKNC02026,0.0,1.06,5.2,4.0,12.115384615384615,3.4615384615384612,0.0,13,,8.31,2.31,4.1,1.0,2.1951219512195124,4.390243902439025,0.0,13,,2026-06-20,NC Dinos,SSG Landers,창원
20260620SSHH02026,3.5,1.47,72.0,14.0,7.5,4.0,0.625,12,,4.05,1.35,46.2,16.0,6.233766233766233,4.090909090909091,1.3636363636363635,13,,2026-06-20,Hanwha Eagles,Samsung Lions,대전
20260621HTKT02026,0.0,0.0,0.0,0.0,,,,11,,5.2,1.68,36.1,11.0,4.986149584487534,4.487534626038781,1.4958448753462603,13,,2026-06-21,KT Wiz,Kia Tigers,수원
20260621LTWO02026,4.75,1.58,55.0,13.0,7.363636363636363,2.4545454545454546,0.8181818181818182,12,,4.63,1.5,70.0,13.0,10.285714285714286,2.8285714285714287,0.6428571428571429,12,,2026-06-21,Kiwoom Heroes,Lotte Giants,고척
20260621OBLG02026,2.67,1.05,60.2,11.0,7.325581395348837,2.691029900332226,0.5980066445182723,14,,4.01,1.39,74.0,13.0,7.783783783783784,1.5810810810810811,0.6081081081081081,13,,2026-06-21,LG Twins,Doosan Bears,잠실
20260621SKNC02026,4.5,1.42,24.0,10.0,7.5,4.125,1.5,13,,4.89,1.43,53.1,12.0,7.627118644067797,4.406779661016949,1.3559322033898304,13,,2026-06-21,NC Dinos,SSG Landers,창원
20260621SSHH02026,3.86,1.15,37.1,7.0,6.064690026954177,1.6981132075471697,0.7277628032345013,13,,4.84,1.3,44.2,11.0,7.941176470588235,2.443438914027149,1.2217194570135745,13,,2026-06-21,Hanwha Eagles,Samsung Lions,대전
20260623HTWO02026,2.9,1.46,40.1,8.0,7.855361596009975,5.610972568578553,0.0,12,,2.58,0.95,87.1,14.0,9.506314580941448,2.7898966704936856,0.6199770378874857,13,,2026-06-23,Kiwoom Heroes,Kia Tigers,고척
20260623NCLT02026,4.84,1.56,70.2,13.0,7.692307692307692,3.974358974358974,0.641025641025641,12,,3.74,1.09,45.2,8.0,12.34513274336283,1.7920353982300883,1.9911504424778759,13,,2026-06-23,Lotte Giants,NC Dinos,사직
20260623OBHH02026,2.74,1.07,75.2,13.0,7.300531914893616,1.1968085106382977,0.4787234042553191,13,,11.42,2.19,8.2,2.0,5.487804878048781,7.682926829268293,0.0,13,,2026-06-23,Hanwha Eagles,Doosan Bears,대전
20260623SKKT02026,4.38,1.28,74.0,13.0,9.85135135135135,1.4594594594594594,0.972972972972973,11,,5.43,1.56,68.0,14.0,7.147058823529412,4.764705882352941,1.1911764705882353,13,,2026-06-23,KT Wiz,SSG Landers,수원
20260623SSLG02026,4.24,1.41,34.0,25.0,7.411764705882353,2.911764705882353,1.3235294117647058,14,,4.39,1.51,65.2,12.0,8.144171779141104,4.0030674846625764,0.6901840490797546,13,,2026-06-23,LG Twins,Samsung Lions,잠실
20260624HTWO02026,3.46,1.23,39.0,10.0,11.076923076923077,2.769230769230769,0.46153846153846156,12,,4.12,1.47,63.1,13.0,5.847860538827258,4.706814580031695,1.4263074484944531,13,,2026-06-24,Kiwoom Heroes,Kia Tigers,고척
20260624NCLT02026,4.91,1.38,69.2,13.0,10.014450867052023,3.3815028901734103,1.560693641618497,12,,4.48,1.38,68.1,13.0,6.607929515418503,3.8325991189427318,0.39647577092511016,13,,2026-06-24,Lotte Giants,NC Dinos,사직
20260624OBHH02026,4.21,1.4,66.1,13.0,6.127080181543117,3.5400907715582455,0.816944024205749,13,,2.77,1.23,74.2,13.0,8.369272237196766,4.123989218328841,0.36388140161725063,12,,2026-06-24,Hanwha Eagles,Doosan Bears,대전
20260624SKKT02026,4.2,1.3,81.1,14.0,6.991368680641184,3.6621454993834774,0.7768187422934649,12,,7.88,1.88,8.0,2.0,4.5,9.0,0.0,13,,2026-06-24,KT Wiz,SSG Landers,수원
20260624SSLG02026,4.03,1.22,76.0,14.0,7.223684210526316,2.3684210526315788,0.7105263157894737,14,,3.89,1.26,71.2,14.0,8.848314606741573,4.171348314606742,0.7584269662921348,12,,2026-06-24,LG Twins,Samsung Lions,잠실
20260625HTWO02026,2.93,1.1,92.0,14.0,7.923913043478261,1.2717391304347827,1.076086956521739,12,,3.4,1.11,87.1,15.0,6.819747416762342,1.756601607347876,0.4133180252583238,13,,2026-06-25,Kiwoom Heroes,Kia Tigers,고척
20260625NCLT02026,5.34,1.56,32.0,9.0,5.90625,4.21875,0.5625,13,,4.73,1.53,66.2,13.0,6.661631419939577,3.1268882175226587,1.0876132930513596,12,,2026-06-25,Lotte Giants,NC Dinos,사직
20260625OBHH02026,4.03,1.14,29.0,8.0,7.448275862068965,2.793103448275862,2.1724137931034484,13,,3.02,1.31,62.2,11.0,7.813504823151125,2.6045016077170415,0.28938906752411575,12,,2026-06-25,Hanwha Eagles,Doosan Bears,대전
20260625SKKT02026,3.48,1.32,44.0,8.0,8.181818181818182,1.8409090909090908,0.4090909090909091,12,,5.91,1.57,70.0,14.0,7.328571428571428,3.7285714285714286,1.542857142857143,13,,2026-06-25,KT Wiz,SSG Landers,수원
20260625SSLG02026,6.05,1.81,38.2,16.0,4.476439790575916,3.5340314136125652,0.47120418848167533,14,,2.86,1.24,88.0,14.0,5.829545454545454,1.6363636363636365,0.8181818181818182,12,,2026-06-25,LG Twins,Samsung Lions,잠실
20260626HHSK02026,6.3,1.8,10.0,2.0,6.3,4.5,0.0,13,,3.74,1.5,74.2,15.0,7.641509433962264,4.245283018867925,0.7277628032345013,13,,2026-06-26,SSG Landers,Hanwha Eagles,문학
20260626HTOB02026,3.12,1.33,78.0,14.0,10.961538461538462,3.0,0.5769230769230769,12,,4.14,1.38,58.2,16.0,7.11340206185567,3.402061855670103,1.5463917525773194,13,,2026-06-26,Doosan Bears,Kia Tigers,잠실
20260626KTSS02026,4.86,1.34,50.0,17.0,6.66,4.14,1.44,11,,5.56,1.52,66.1,13.0,7.89712556732224,2.7231467473524966,0.9531013615733738,13,,2026-06-26,Samsung Lions,KT Wiz,대구
20260626LGLT02026,3.86,1.41,74.2,13.0,7.641509433962264,2.789757412398922,1.3342318059299192,12,,3.45,1.43,78.1,14.0,4.609475032010244,2.65044814340589,0.5761843790012805,14,,2026-06-26,Lotte Giants,LG Twins,사직
20260626WONC02026,4.5,1.46,26.0,11.0,7.615384615384615,4.846153846153846,1.3846153846153846,12,,5.1,1.57,60.0,14.0,7.65,2.4,0.9,12,,2026-06-26,NC Dinos,Kiwoom Heroes,창원
20260627HHSK02026,7.06,1.81,58.2,13.0,7.577319587628866,4.484536082474227,0.7731958762886597,14,,3.65,1.17,44.1,8.0,5.714285714285714,1.836734693877551,0.6122448979591837,13,,2026-06-27,SSG Landers,Hanwha Eagles,문학
20260627HTOB02026,4.44,1.43,75.0,14.0,7.68,1.56,1.08,12,,4.82,1.45,18.2,4.0,6.923076923076923,4.945054945054945,1.4835164835164836,13,,2026-06-27,Doosan Bears,Kia Tigers,잠실
20260627KTSS02026,3.57,1.32,63.0,11.0,7.714285714285714,2.2857142857142856,0.42857142857142855,12,,3.6,1.2,5.0,1.0,10.8,0.0,1.8,13,,2026-06-27,Samsung Lions,KT Wiz,대구
20260627LGLT02026,3.21,1.19,75.2,13.0,7.0611702127659575,2.632978723404255,1.077127659574468,13,,2.47,1.05,65.2,12.0,7.45398773006135,2.4846625766871164,0.5521472392638036,14,,2026-06-27,Lotte Giants,LG Twins,사직
20260627WONC02026,3.51,1.22,74.1,13.0,7.773279352226721,2.6720647773279356,0.9716599190283401,13,,4.5,1.5,54.0,13.0,7.833333333333333,4.333333333333333,1.0,12,,2026-06-27,NC Dinos,Kiwoom Heroes,창원
20260628HHSK02026,4.84,1.46,57.2,13.0,7.395104895104895,4.248251748251748,1.416083916083916,14,,2.76,1.07,81.2,14.0,6.982758620689655,1.2192118226600985,0.44334975369458124,13,,2026-06-28,SSG Landers,Hanwha Eagles,문학
20260628HTOB02026,5.46,1.6,62.2,13.0,5.787781350482315,3.472668810289389,0.8681672025723473,13,,5.49,1.68,39.1,13.0,5.063938618925831,4.373401534526854,1.8414322250639386,13,,2026-06-28,Doosan Bears,Kia Tigers,잠실
20260628KTSS02026,4.53,1.33,49.2,12.0,7.865853658536585,2.5609756097560976,1.2804878048780488,12,,4.28,1.29,80.0,14.0,9.5625,1.35,1.0125,13,,2026-06-28,Samsung Lions,KT Wiz,대구
20260628LGLT02026,4.5,1.5,74.0,14.0,10.337837837837839,3.0405405405405403,0.6081081081081081,13,,3.69,1.33,39.0,26.0,6.923076923076923,2.769230769230769,1.1538461538461537,14,,2026-06-28,Lotte Giants,LG Twins,사직
20260628WONC02026,3.42,1.04,52.2,9.0,11.89655172413793,1.5517241379310345,1.7241379310344827,13,,4.13,1.42,24.0,4.0,6.375,0.75,0.75,13,,2026-06-28,NC Dinos,Kiwoom Heroes,창원
20260630LGWO02026,4.06,1.26,44.1,11.0,11.63265306122449,3.061224489795918,0.40816326530612246,13,,3.73,1.18,82.0,15.0,7.2439024390243905,2.4146341463414633,0.6585365853658537,14,,2026-06-30,Kiwoom Heroes,LG Twins,고척
20260630LTOB02026,2.57,1.18,80.2,14.0,8.41645885286783,3.9276807980049875,0.33665835411471323,12,,4.52,1.49,77.2,14.0,8.160621761658032,3.7305699481865284,0.699481865284974,13,,2026-06-30,Doosan Bears,Lotte Giants,잠실
20260630SKHT02026,2.51,0.94,93.1,15.0,9.473684210526317,2.7067669172932334,0.5800214822771214,13,,5.63,1.63,72.0,15.0,7.0,4.875,1.25,13,,2026-06-30,Kia Tigers,SSG Landers,광주
20260630SSNC02026,4.3,1.31,75.1,14.0,6.471371504660453,3.715046604527297,0.35952063914780297,13,,3.86,1.26,77.0,15.0,8.64935064935065,4.090909090909091,0.8181818181818182,12,,2026-06-30,NC Dinos,Samsung Lions,창원
20260701KTHH02026,4.22,1.13,32.0,9.0,7.59375,3.09375,1.96875,13,,3.94,1.46,48.0,9.0,7.875,1.875,0.375,13,,2026-07-01,Hanwha Eagles,KT Wiz,대전
20260701LGWO02026,3.12,1.09,98.0,15.0,8.173469387755102,1.1938775510204083,1.1938775510204083,13,,5.19,1.46,26.0,30.0,5.1923076923076925,2.423076923076923,1.3846153846153846,14,,2026-07-01,Kiwoom Heroes,LG Twins,고척
20260701LTOB02026,2.9,1.32,68.1,12.0,7.6651982378854635,2.775330396475771,0.39647577092511016,13,,4.82,1.39,74.2,14.0,10.309973045822103,3.517520215633423,1.576819407008086,13,,2026-07-01,Doosan Bears,Lotte Giants,잠실
20260701SKHT02026,4.21,1.43,68.1,14.0,5.9471365638766525,4.361233480176212,1.3215859030837005,13,,5.54,1.69,13.0,3.0,5.538461538461538,6.923076923076923,0.0,13,,2026-07-01,Kia Tigers,SSG Landers,광주
20260701SSNC02026,4.52,1.44,73.2,14.0,7.008196721311475,2.8278688524590163,0.9836065573770492,13,,2.95,1.24,94.2,15.0,5.732484076433121,1.6242038216560508,0.7643312101910827,12,,2026-07-01,NC Dinos,Samsung Lions,창원
20260702KTHH02026,3.59,1.48,80.1,16.0,7.640449438202248,4.044943820224719,0.6741573033707866,13,,5.23,1.47,72.1,14.0,8.363384188626908,2.621359223300971,0.8737864077669903,13,,2026-07-02,Hanwha Eagles,KT Wiz,대전
20260702LGWO02026,4.96,1.5,65.1,15.0,7.1889400921658995,2.350230414746544,0.8294930875576038,12,,3.48,1.39,85.1,15.0,4.5475910693302,2.6439482961222094,0.5287896592244419,14,,2026-07-02,Kiwoom Heroes,LG Twins,고척
20260702LTOB02026,2.89,1.3,84.0,15.0,10.714285714285714,2.892857142857143,0.5357142857142857,13,,3.75,1.37,81.2,14.0,7.536945812807882,2.770935960591133,1.2192118226600985,13,,2026-07-02,Doosan Bears,Lotte Giants,잠실
20260702SKHT02026,3.15,1.05,94.1,16.0,7.077577045696068,1.6259298618490967,0.38257173219978746,13,,6.27,1.62,74.2,15.0,7.884097035040431,3.6388140161725064,1.576819407008086,13,,2026-07-02,Kia Tigers,SSG Landers,광주
20260702SSNC02026,5.28,1.52,29.0,12.0,7.758620689655173,4.9655172413793105,1.2413793103448276,13,,0.0,0.0,0.0,0.0,,,,13,,2026-07-02,NC Dinos,Samsung Lions,창원
20260703HHLG02026,2.88,1.12,68.2,13.0,7.390029325513196,2.6392961876832843,0.7917888563049853,14,,3.24,1.16,50.0,9.0,6.3,1.8,0.54,13,,2026-07-03,LG Twins,Hanwha Eagles,잠실
20260703LTKT02026,3.27,1.27,11.0,2.0,9.0,2.4545454545454546,0.8181818181818182,12,,3.06,1.21,82.1,14.0,7.235079171741779,2.7405602923264314,0.9866017052375153,13,,2026-07-03,KT Wiz,Lotte Giants,수원
20260703NCHT02026,4.1,1.37,63.2,17.0,6.8354430379746836,3.4177215189873418,1.4240506329113924,13,,3.36,1.16,80.1,14.0,8.089887640449438,2.471910112359551,1.0112359550561798,13,,2026-07-03,Kia Tigers,NC Dinos,광주
20260703OBWO02026,4.13,1.39,61.0,14.0,7.967213114754099,4.278688524590164,0.8852459016393442,12,,4.15,1.34,82.1,15.0,7.4543239951278935,1.4250913520097443,0.9866017052375153,13,,2026-07-03,Kiwoom Heroes,Doosan Bears,고척
20260703SSSK02026,6.19,1.5,16.0,3.0,6.1875,2.8125,0.5625,13,,3.44,1.34,68.0,12.0,7.8088235294117645,2.25,0.39705882352941174,12,,2026-07-03,SSG Landers,Samsung Lions,문학
20260704HHLG02026,4.32,1.42,41.2,27.0,6.771844660194175,3.058252427184466,1.0922330097087378,14,,4.54,1.44,69.1,14.0,5.9913169319826345,3.3863965267727933,1.0419681620839365,13,,2026-07-04,LG Twins,Hanwha Eagles,잠실
20260704LTKT02026,4.5,1.27,86.0,15.0,9.313953488372093,1.255813953488372,1.0465116279069768,12,,4.71,1.48,78.1,15.0,10.486555697823304,2.880921895006402,0.6914212548015365,13,,2026-07-04,KT Wiz,Lotte Giants,수원
20260704NCHT02026,4.18,1.39,23.2,5.0,7.370689655172414,5.043103448275862,1.1637931034482758,13,,3.43,1.06,57.2,10.0,12.902097902097902,1.7307692307692306,1.5734265734265733,13,,2026-07-04,Kia Tigers,NC Dinos,광주
20260704OBWO02026,2.98,1.48,45.1,9.0,7.982261640798226,5.986696230598669,0.19955654101995565,12,,5.69,1.59,68.0,14.0,5.5588235294117645,3.4411764705882355,1.0588235294117647,13,,2026-07-04,Kiwoom Heroes,Doosan Bears,고척
20260704SSSK02026,7.41,1.83,64.1,14.0,7.301092043681748,4.21216848673947,0.842433697347894,13,,4.27,1.47,71.2,13.0,7.837078651685393,3.6657303370786516,0.7584269662921348,12,,2026-07-04,SSG Landers,Samsung Lions,문학
20260705LTKT02026,4.48,1.36,86.1,15.0,6.689895470383275,3.7630662020905925,0.7317073170731708,11,,4.75,1.5,83.1,15.0,8.44765342960289,3.465703971119134,0.7581227436823105,12,,2026-07-05,KT Wiz,Lotte Giants,수원
20260705OBWO02026,6.75,1.38,8.0,5.0,7.875,2.25,3.375,12,,2.39,1.18,86.2,15.0,8.352668213457076,3.6542923433874708,0.31322505800464034,13,,2026-07-05,Kiwoom Heroes,Doosan Bears,고척
20260705SSSK02026,6.19,1.7,75.2,16.0,7.180851063829787,4.906914893617021,1.4361702127659575,13,,4.37,1.29,55.2,13.0,7.663043478260869,2.608695652173913,1.141304347826087,12,,2026-07-05,SSG Landers,Samsung Lions,문학
20260707HTLT02026,4.52,1.35,81.2,15.0,10.307881773399014,3.214285714285714,1.440886699507389,11,,4.86,1.51,46.1,14.0,4.880694143167028,3.7093275488069413,1.75704989154013,13,,2026-07-07,Lotte Giants,Kia Tigers,사직
20260707LGSS02026,3.12,1.25,101.0,16.0,5.792079207920792,1.693069306930693,0.801980198019802,11,,4.02,1.23,87.1,16.0,7.336394948335247,2.273249138920781,0.8266360505166476,13,,2026-07-07,Samsung Lions,LG Twins,대구
20260707NCHH02026,4.42,1.15,36.2,10.0,6.712707182320441,3.729281767955801,1.740331491712707,11,,4.48,1.37,80.1,15.0,6.404494382022472,3.820224719101124,0.3370786516853933,12,,2026-07-07,Hanwha Eagles,NC Dinos,대전
20260707SKOB02026,2.66,1.25,74.1,13.0,8.259109311740891,2.550607287449393,0.3643724696356276,12,,5.6,1.53,17.2,4.0,7.325581395348838,5.7558139534883725,0.0,12,,2026-07-07,Doosan Bears,SSG Landers,잠실
20260707WOKT02026,3.67,1.41,54.0,10.0,7.666666666666667,2.0,0.5,10,,3.6,1.18,50.0,12.0,12.24,3.06,0.36,12,,2026-07-07,KT Wiz,Kiwoom Heroes,수원
20260708HTLT02026,3.95,1.4,86.2,15.0,7.621809744779582,2.71461716937355,1.2529002320185614,11,,3.44,1.09,99.1,17.0,7.265388496468215,1.6347124117053482,0.4540867810292634,13,,2026-07-08,Lotte Giants,Kia Tigers,사직
20260708LGSS02026,4.52,1.33,79.2,16.0,8.75,4.318181818181818,0.7954545454545454,11,,3.79,1.41,90.1,16.0,4.594894561598225,2.6970033296337403,0.5993340732519423,13,,2026-07-08,Samsung Lions,LG Twins,대구
20260708SKOB02026,2.7,1.24,90.0,16.0,10.5,2.8,0.5,12,,6.75,1.54,26.2,29.0,11.33587786259542,6.183206106870229,2.0610687022900764,12,,2026-07-08,Doosan Bears,SSG Landers,잠실
20260708WOKT02026,3.0,1.22,18.0,3.0,5.5,2.5,1.0,10,,5.37,1.54,70.1,16.0,7.189728958630528,2.5677603423680457,0.898716119828816,12,,2026-07-08,KT Wiz,Kiwoom Heroes,수원
