{
  "rho": 0.05,
  "generado": "2026-07-18",
  "n_train": 13178,
  "n_validacion": 5649,
  "ll_marcador_poisson": 3.06522,
  "ll_marcador_dixon_coles": 3.0655,
  "mejora": -0.00028,
  "adoptar": false,
  "malla": {
    "-0.15": -3.04827,
    "-0.14": -3.04758,
    "-0.13": -3.04692,
    "-0.12": -3.0463,
    "-0.11": -3.04572,
    "-0.1": -3.04517,
    "-0.09": -3.04466,
    "-0.08": -3.04419,
    "-0.07": -3.04375,
    "-0.06": -3.04335,
    "-0.05": -3.04298,
    "-0.04": -3.04265,
    "-0.03": -3.04235,
    "-0.02": -3.04209,
    "-0.01": -3.04186,
    "0.0": -3.04167,
    "0.01": -3.04151,
    "0.02": -3.04139,
    "0.03": -3.0413,
    "0.04": -3.04125,
    "0.05": -3.04123
  }
}