fecha,partido,clave_liga,equipo,lado,mercado,linea,c_mas,c_menos,p_casa,p_mod,apuesta,origen,real,registrado
2026-08-26,mid-51259,col_primera_a,Cúcuta Deportivo,,tiros,12.5,1.95,1.7,0.4658,0.3879,,backtest,23.0,
2026-08-26,mid-51259,col_primera_a,Alianza FC,,tiros,11.5,1.95,1.7,0.4658,0.547,,backtest,3.0,
2026-08-26,mid-51266,col_primera_a,Boyacá Chicó FC,,tiros,11.5,1.875,1.76,0.4842,0.5567,,backtest,4.0,
2026-08-26,mid-51266,col_primera_a,Fortaleza CEIF,,tiros,10.5,1.786,1.85,0.5088,0.436,,backtest,6.0,
2026-08-26,mid-51267,chi_primera,Coquimbo Unido,,tiros,13.5,1.933,1.714,0.47,0.4598,,backtest,5.0,
2026-08-26,mid-51267,chi_primera,Universidad Católica,,tiros,10.5,1.818,1.818,0.5,0.5166,,backtest,5.0,
2026-08-26,mid-51268,col_primera_a,América de Cali,,tiros,14.5,1.8,1.833,0.5045,0.3598,menos,backtest,15.0,
2026-08-26,mid-51268,col_primera_a,Atlético Junior,,tiros,9.5,1.733,1.909,0.5242,0.4412,,backtest,7.0,
2026-08-27,mid-51273,col_primera_a,Atlético Nacional,,tiros,15.5,1.85,1.786,0.4912,0.4553,,backtest,9.0,
2026-08-27,mid-51273,col_primera_a,Deportivo Cali,,tiros,10.5,1.923,1.727,0.4732,0.3549,menos,backtest,2.0,
2026-08-27,mid-51275,col_primera_a,Llaneros FC,,tiros,10.5,1.909,1.733,0.4758,0.4653,,backtest,4.0,
2026-08-27,mid-51275,col_primera_a,Millonarios,,tiros,12.5,1.818,1.818,0.5,0.3914,menos,backtest,12.0,
2026-08-28,mid-51281,dinamarca,Horsens,,tiros,10.5,1.8,1.833,0.5045,0.5984,,backtest,9.0,
2026-08-28,mid-51281,dinamarca,Viborg,,tiros,15.5,1.85,1.786,0.4912,0.5336,,backtest,12.0,
2026-08-28,mid-51284,fra_ligue2,Rodez,,tiros,14.5,1.75,1.889,0.5191,0.4489,,backtest,10.0,
2026-08-28,mid-51284,fra_ligue2,Pau FC,,tiros,10.5,1.909,1.733,0.4758,0.4438,,backtest,14.0,
2026-08-28,mid-51287,fra_ligue2,Montpellier,,tiros,14.5,1.75,1.889,0.5191,0.5502,,backtest,12.0,
2026-08-28,mid-51287,fra_ligue2,Boulogne,,tiros,9.5,1.933,1.714,0.47,0.6329,más,backtest,13.0,
2026-08-28,mid-51291,fra_ligue2,Laval,,tiros,12.5,1.75,1.889,0.5191,0.4701,,backtest,15.0,
2026-08-28,mid-51291,fra_ligue2,Grenoble,,tiros,9.5,1.692,1.96,0.5367,0.6589,más,backtest,7.0,
2026-08-28,mid-51292,fra_ligue2,Clermont,,tiros,11.5,1.8,1.833,0.5045,0.5614,,backtest,6.0,
2026-08-28,mid-51292,fra_ligue2,Sochaux,,tiros,11.5,1.8,1.833,0.5045,0.5034,,backtest,5.0,
2026-08-28,mid-51311,per_liga1,Comerciantes Unidos,,tiros,14.5,1.636,2.05,0.5562,0.536,,backtest,13.0,
2026-08-28,mid-51311,per_liga1,Comerciantes Unidos,,tiros,15.5,1.875,1.76,0.4842,0.4578,,backtest,13.0,
2026-08-28,mid-51311,per_liga1,Comerciantes Unidos,,tiros,16.5,2.167,1.571,0.4203,0.3834,,backtest,13.0,
2026-08-28,mid-51312,bra_serie_b,Goiás,,tiros,15.5,1.667,2.0,0.5454,0.4815,,backtest,19.0,
2026-08-28,mid-51312,bra_serie_b,Goiás,,tiros,16.5,1.909,1.733,0.4758,0.4067,,backtest,19.0,
2026-08-28,mid-51312,bra_serie_b,Goiás,,tiros,17.5,2.222,1.538,0.409,0.3372,,backtest,19.0,
2026-08-28,mid-51312,bra_serie_b,São Bernardo,,tiros,10.5,1.538,2.222,0.591,0.5567,,backtest,3.0,
2026-08-28,mid-51312,bra_serie_b,São Bernardo,,tiros,11.5,1.76,1.875,0.5158,0.4603,,backtest,3.0,
2026-08-28,mid-51312,bra_serie_b,São Bernardo,,tiros,12.5,2.083,1.615,0.4367,0.3698,,backtest,3.0,
2026-08-28,mid-51313,chi_primera,Cobresal,,tiros,13.5,1.583,2.143,0.5751,0.4986,,backtest,5.0,
2026-08-28,mid-51313,chi_primera,Cobresal,,tiros,14.5,1.818,1.818,0.5,0.4163,,backtest,5.0,
2026-08-28,mid-51313,chi_primera,Cobresal,,tiros,15.5,2.083,1.615,0.4367,0.34,,backtest,5.0,
2026-08-28,mid-51313,chi_primera,Palestino,,tiros,13.5,1.667,2.0,0.5454,0.4021,menos,backtest,0.0,
2026-08-28,mid-51313,chi_primera,Palestino,,tiros,14.5,1.889,1.75,0.4809,0.3228,menos,backtest,0.0,
2026-08-28,mid-51313,chi_primera,Palestino,,tiros,15.5,2.222,1.538,0.409,0.2531,menos,backtest,0.0,
2026-08-28,mid-51315,bra_serie_b,Novorizontino,,tiros,13.5,1.52,2.25,0.5968,0.6445,,backtest,16.0,
2026-08-28,mid-51315,bra_serie_b,Novorizontino,,tiros,14.5,1.714,1.933,0.53,0.5671,,backtest,16.0,
2026-08-28,mid-51315,bra_serie_b,Novorizontino,,tiros,15.5,1.96,1.692,0.4633,0.4896,,backtest,16.0,
2026-08-28,mid-51315,bra_serie_b,Sport,,tiros,8.5,1.471,2.375,0.6175,0.6305,,backtest,19.0,
2026-08-28,mid-51315,bra_serie_b,Sport,,tiros,9.5,1.714,1.933,0.53,0.5243,,backtest,19.0,
2026-08-28,mid-51315,bra_serie_b,Sport,,tiros,10.5,2.05,1.636,0.4438,0.4212,,backtest,19.0,
2026-08-29,mid-51317,fra_ligue2,Annecy,,tiros,12.5,1.714,1.933,0.53,0.3968,menos,backtest,15.0,
2026-08-29,mid-51317,fra_ligue2,Metz,,tiros,10.5,1.786,1.85,0.5088,0.6344,más,backtest,14.0,
2026-08-29,mid-51321,bel_pro_league,Cercle Brugge,,tiros,17.5,1.857,1.778,0.4891,0.6659,más,backtest,19.0,
2026-08-29,mid-51321,bel_pro_league,Lommel SK,,tiros,10.5,1.8,1.833,0.5045,0.5126,,backtest,14.0,
2026-08-29,mid-51323,fra_ligue2,Guingamp,,tiros,12.5,1.96,1.692,0.4633,0.5226,,backtest,14.0,
2026-08-29,mid-51323,fra_ligue2,Nantes,,tiros,12.5,1.818,1.818,0.5,0.4527,,backtest,20.0,
2026-08-29,mid-51325,liga_mx,Necaxa,,tiros,12.5,1.636,2.05,0.5562,0.5519,,backtest,13.0,
2026-08-29,mid-51325,liga_mx,Necaxa,,tiros,13.5,1.909,1.76,0.4797,0.4658,,backtest,13.0,
2026-08-29,mid-51325,liga_mx,Necaxa,,tiros,14.5,2.222,1.538,0.409,0.384,,backtest,13.0,
2026-08-29,mid-51325,liga_mx,Cruz Azul,,tiros,14.5,1.692,1.96,0.5367,0.5824,,backtest,22.0,
2026-08-29,mid-51325,liga_mx,Cruz Azul,,tiros,15.5,1.941,1.733,0.4717,0.5054,,backtest,22.0,
2026-08-29,mid-51325,liga_mx,Cruz Azul,,tiros,16.5,2.25,1.53,0.4048,0.4305,,backtest,22.0,
2026-08-29,mid-51344,eredivisie,AZ Alkmaar,,tiros,19.5,1.857,1.778,0.4891,0.6055,más,backtest,20.0,
2026-08-29,mid-51344,eredivisie,Go Ahead Eagles,,tiros,10.5,1.933,1.714,0.47,0.2629,menos,backtest,10.0,
2026-08-29,mid-51347,fra_ligue2,Red Star,,tiros,12.5,1.85,1.786,0.4912,0.4333,,backtest,12.0,
2026-08-29,mid-51347,fra_ligue2,Reims,,tiros,11.5,1.875,1.76,0.4842,0.4495,,backtest,10.0,
2026-08-29,mid-51349,liga_mx,Club Tijuana,,tiros,12.5,1.52,2.25,0.5968,0.5891,,backtest,11.0,
2026-08-29,mid-51349,liga_mx,Club Tijuana,,tiros,13.5,1.733,1.941,0.5283,0.5042,,backtest,11.0,
2026-08-29,mid-51349,liga_mx,Club Tijuana,,tiros,14.5,2.0,1.667,0.4546,0.4219,,backtest,11.0,
2026-08-29,mid-51349,liga_mx,UNAM Pumas,,tiros,10.5,1.571,2.167,0.5797,0.493,,backtest,10.0,
2026-08-29,mid-51349,liga_mx,UNAM Pumas,,tiros,11.5,1.818,1.846,0.5038,0.3963,menos,backtest,10.0,
2026-08-29,mid-51349,liga_mx,UNAM Pumas,,tiros,12.5,2.143,1.583,0.4249,0.3089,menos,backtest,10.0,
2026-08-29,mid-51355,mls,Seattle Sounders,,tiros,12.5,1.867,1.8,0.4909,0.5417,,backtest,11.0,
2026-08-29,mid-51355,mls,Chicago Fire,,tiros,13.5,1.941,1.733,0.4717,0.4787,,backtest,20.0,
2026-08-29,mid-51368,suecia,Elfsborg,,tiros,14.5,1.714,1.933,0.53,0.5395,,backtest,13.0,
2026-08-29,mid-51368,suecia,Degerfors,,tiros,9.5,1.75,1.889,0.5191,0.5571,,backtest,6.0,
2026-08-29,mid-51374,suecia,Hacken,,tiros,16.5,1.714,1.933,0.53,0.5205,,backtest,16.0,
2026-08-29,mid-51374,suecia,Vasteras SK,,tiros,9.5,1.818,1.818,0.5,0.4235,,backtest,16.0,
2026-08-29,mid-51376,brasil,Atletico-MG,,tiros,16.5,1.733,1.941,0.5283,0.4049,menos,backtest,18.0,
2026-08-29,mid-51376,brasil,Vitoria,,tiros,9.5,1.889,1.778,0.4849,0.6894,más,backtest,14.0,
2026-08-29,mid-51377,primeira,Arouca,,tiros,12.5,1.75,1.889,0.5191,0.5107,,backtest,17.0,
2026-08-29,mid-51377,primeira,Maritimo,,tiros,10.5,1.933,1.714,0.47,0.5766,más,backtest,12.0,
2026-08-29,mid-51384,primeira,Academico Viseu,,tiros,8.5,1.7,1.95,0.5342,0.5505,,backtest,9.0,
2026-08-29,mid-51384,primeira,Porto,,tiros,15.5,1.833,1.8,0.4955,0.4702,,backtest,5.0,
2026-08-29,mid-51391,primeira,Alverca,,tiros,11.5,1.818,1.818,0.5,0.501,,backtest,5.0,
2026-08-29,mid-51391,primeira,Santa Clara,,tiros,10.5,1.778,1.857,0.5109,0.4919,,backtest,15.0,
2026-08-29,mid-51399,liga_mx,Atlante,,tiros,13.5,1.636,2.05,0.5562,0.5065,,backtest,17.0,
2026-08-29,mid-51399,liga_mx,Atlante,,tiros,14.5,1.889,1.778,0.4849,0.4242,,backtest,17.0,
2026-08-29,mid-51399,liga_mx,Atlante,,tiros,15.5,2.2,1.546,0.4127,0.3475,,backtest,17.0,
2026-08-29,mid-51399,liga_mx,Club Leon,,tiros,11.5,1.5,2.3,0.6053,0.6341,,backtest,12.0,
2026-08-29,mid-51399,liga_mx,Club Leon,,tiros,12.5,1.714,1.96,0.5335,0.547,,backtest,12.0,
2026-08-29,mid-51399,liga_mx,Club Leon,,tiros,13.5,1.96,1.692,0.4633,0.4608,,backtest,12.0,
2026-08-29,mid-51417,bel_pro_league,RAAL La Louviere,,tiros,12.5,1.714,1.933,0.53,0.5683,,backtest,14.0,
2026-08-29,mid-51417,bel_pro_league,Mechelen,,tiros,10.5,1.909,1.733,0.4758,0.6351,más,backtest,16.0,
2026-08-29,mid-51435,col_primera_a,Jaguares de Córdoba,,tiros,10.5,1.818,1.818,0.5,0.4312,,backtest,6.0,
2026-08-29,mid-51435,col_primera_a,América de Cali,,tiros,13.5,1.818,1.818,0.5,0.423,,backtest,13.0,
2026-08-29,mid-51436,chi_primera,Deportes Limache,,tiros,12.5,1.52,2.25,0.5968,0.4835,menos,backtest,4.0,
2026-08-29,mid-51436,chi_primera,Deportes Limache,,tiros,13.5,1.733,1.909,0.5242,0.3972,menos,backtest,4.0,
2026-08-29,mid-51436,chi_primera,Deportes Limache,,tiros,14.5,2.0,1.667,0.4546,0.3182,menos,backtest,4.0,
2026-08-29,mid-51436,chi_primera,Everton CD,,tiros,12.5,1.667,2.0,0.5454,0.5119,,backtest,17.0,
2026-08-29,mid-51436,chi_primera,Everton CD,,tiros,13.5,1.95,1.7,0.4658,0.4253,,backtest,17.0,
2026-08-29,mid-51436,chi_primera,Everton CD,,tiros,14.5,2.3,1.5,0.3947,0.3449,,backtest,17.0,
2026-08-29,mid-51437,bra_serie_b,Botafogo-SP,,tiros,11.5,1.583,2.143,0.5751,0.6032,,backtest,3.0,
2026-08-29,mid-51437,bra_serie_b,Botafogo-SP,,tiros,12.5,1.818,1.818,0.5,0.5141,,backtest,3.0,
2026-08-29,mid-51437,bra_serie_b,Botafogo-SP,,tiros,13.5,2.143,1.583,0.4249,0.4276,,backtest,3.0,
2026-08-29,mid-51437,bra_serie_b,Cuiabá,,tiros,9.5,1.571,2.167,0.5797,0.6122,,backtest,15.0,
2026-08-29,mid-51437,bra_serie_b,Cuiabá,,tiros,10.5,1.818,1.818,0.5,0.512,,backtest,15.0,
2026-08-29,mid-51437,bra_serie_b,Cuiabá,,tiros,11.5,2.167,1.571,0.4203,0.4151,,backtest,15.0,
2026-08-29,mid-51441,col_primera_a,Atlético Junior,,tiros,14.5,1.833,1.8,0.4955,0.3358,menos,backtest,9.0,
2026-08-29,mid-51441,col_primera_a,Independiente Santa Fe,,tiros,10.5,1.733,1.909,0.5242,0.3346,menos,backtest,11.0,
2026-08-30,mid-51445,mls,Sporting Kansas City,,tiros,7.5,1.6,2.1,0.5676,0.5425,,backtest,8.0,
2026-08-30,mid-51445,mls,Sporting Kansas City,,tiros,8.5,1.909,1.76,0.4797,0.4236,,backtest,8.0,
2026-08-30,mid-51445,mls,Sporting Kansas City,,tiros,9.5,2.3,1.5,0.3947,0.3166,,backtest,8.0,
2026-08-30,mid-51445,mls,Vancouver Whitecaps,,tiros,16.5,1.692,1.96,0.5367,0.6276,,backtest,16.0,
2026-08-30,mid-51445,mls,Vancouver Whitecaps,,tiros,17.5,1.923,1.75,0.4764,0.5593,,backtest,16.0,
2026-08-30,mid-51445,mls,Vancouver Whitecaps,,tiros,18.5,2.2,1.546,0.4127,0.4912,,backtest,16.0,
2026-08-30,mid-51447,suecia,AIK,,tiros,10.5,1.714,1.933,0.53,0.4017,menos,backtest,11.0,
2026-08-30,mid-51447,suecia,Hammarby,,tiros,16.5,1.889,1.75,0.4809,0.5873,más,backtest,32.0,
2026-08-30,mid-51449,mls,Portland Timbers,,tiros,15.5,1.615,2.083,0.5633,0.541,,backtest,13.0,
2026-08-30,mid-51449,mls,Portland Timbers,,tiros,16.5,1.85,1.818,0.4956,0.4664,,backtest,13.0,
2026-08-30,mid-51449,mls,Portland Timbers,,tiros,17.5,2.1,1.6,0.4324,0.395,,backtest,13.0,
2026-08-30,mid-51449,mls,Austin FC,,tiros,9.5,1.615,2.083,0.5633,0.7422,más,backtest,10.0,
2026-08-30,mid-51449,mls,Austin FC,,tiros,10.5,1.909,1.76,0.4797,0.6566,más,backtest,10.0,
2026-08-30,mid-51449,mls,Austin FC,,tiros,11.5,2.25,1.52,0.4032,0.566,más,backtest,10.0,
2026-08-30,mid-51452,mls,Toronto FC,,tiros,11.5,1.615,2.083,0.5633,0.6025,,backtest,14.0,
2026-08-30,mid-51452,mls,Toronto FC,,tiros,12.5,1.889,1.778,0.4849,0.5134,,backtest,14.0,
2026-08-30,mid-51452,mls,Toronto FC,,tiros,13.5,2.222,1.538,0.409,0.4269,,backtest,14.0,
2026-08-30,mid-51452,mls,New York City,,tiros,10.5,1.636,2.05,0.5562,0.6143,,backtest,6.0,
2026-08-30,mid-51452,mls,New York City,,tiros,11.5,1.909,1.76,0.4797,0.5205,,backtest,6.0,
2026-08-30,mid-51452,mls,New York City,,tiros,12.5,2.25,1.52,0.4032,0.4291,,backtest,6.0,
2026-08-30,mid-51454,dinamarca,Silkeborg,,tiros,9.5,1.76,1.875,0.5158,0.4436,,backtest,12.0,
2026-08-30,mid-51454,dinamarca,Midtjylland,,tiros,16.5,1.833,1.8,0.4955,0.5101,,backtest,15.0,
2026-08-30,mid-51455,mls,Nashville SC,,tiros,13.5,1.5,2.3,0.6053,0.6354,,backtest,19.0,
2026-08-30,mid-51455,mls,Nashville SC,,tiros,14.5,1.714,1.96,0.5335,0.5574,,backtest,19.0,
2026-08-30,mid-51455,mls,Nashville SC,,tiros,15.5,1.96,1.692,0.4633,0.4796,,backtest,19.0,
2026-08-30,mid-51455,mls,FC Cincinnati,,tiros,9.5,1.615,2.083,0.5633,0.5646,,backtest,15.0,
2026-08-30,mid-51455,mls,FC Cincinnati,,tiros,10.5,1.909,1.76,0.4797,0.4621,,backtest,15.0,
2026-08-30,mid-51455,mls,FC Cincinnati,,tiros,11.5,2.25,1.53,0.4048,0.3662,,backtest,15.0,
2026-08-30,mid-51458,dinamarca,Lyngby,,tiros,13.5,1.76,1.875,0.5158,0.6956,más,backtest,19.0,
2026-08-30,mid-51458,dinamarca,Odense,,tiros,11.5,1.714,1.933,0.53,0.4315,,backtest,18.0,
2026-08-30,mid-51460,mls,Inter Miami,,tiros,16.5,1.615,2.083,0.5633,0.4999,,backtest,21.0,
2026-08-30,mid-51460,mls,Inter Miami,,tiros,17.5,1.818,1.846,0.5038,0.4282,,backtest,21.0,
2026-08-30,mid-51460,mls,Inter Miami,,tiros,18.5,2.083,1.615,0.4367,0.3606,,backtest,21.0,
2026-08-30,mid-51460,mls,CF Montreal,,tiros,10.5,1.636,2.05,0.5562,0.4985,,backtest,10.0,
2026-08-30,mid-51460,mls,CF Montreal,,tiros,11.5,1.909,1.76,0.4797,0.4017,,backtest,10.0,
2026-08-30,mid-51460,mls,CF Montreal,,tiros,12.5,2.25,1.52,0.4032,0.314,,backtest,10.0,
2026-08-30,mid-51462,mls,Minnesota United,,tiros,14.5,1.571,2.167,0.5797,0.6376,,backtest,21.0,
2026-08-30,mid-51462,mls,Minnesota United,,tiros,15.5,1.778,1.889,0.5151,0.5634,,backtest,21.0,
2026-08-30,mid-51462,mls,Minnesota United,,tiros,16.5,2.05,1.636,0.4438,0.4893,,backtest,21.0,
2026-08-30,mid-51462,mls,Orlando City,,tiros,9.5,1.546,2.2,0.5873,0.5957,,backtest,6.0,
2026-08-30,mid-51462,mls,Orlando City,,tiros,10.5,1.818,1.846,0.5038,0.4946,,backtest,6.0,
2026-08-30,mid-51462,mls,Orlando City,,tiros,11.5,2.167,1.571,0.4203,0.3979,,backtest,6.0,
2026-08-30,mid-51469,liga_mx,Club America,,tiros,16.5,1.538,2.222,0.591,0.5817,,backtest,20.0,
2026-08-30,mid-51469,liga_mx,Club America,,tiros,17.5,1.733,1.941,0.5283,0.5114,,backtest,20.0,
2026-08-30,mid-51469,liga_mx,Club America,,tiros,18.5,1.95,1.7,0.4658,0.4425,,backtest,20.0,
2026-08-30,mid-51469,liga_mx,Puebla,,tiros,8.5,1.53,2.25,0.5952,0.6815,,backtest,23.0,
2026-08-30,mid-51469,liga_mx,Puebla,,tiros,9.5,1.8,1.867,0.5091,0.5805,,backtest,23.0,
2026-08-30,mid-51469,liga_mx,Puebla,,tiros,10.5,2.143,1.583,0.4249,0.4787,,backtest,23.0,
2026-08-30,mid-51474,brasil,Athletico-PR,,tiros,13.5,1.818,1.85,0.5044,0.4505,,backtest,17.0,
2026-08-30,mid-51474,brasil,Fluminense,,tiros,11.5,1.96,1.714,0.4665,0.552,,backtest,12.0,
2026-08-30,mid-51477,mls,Colorado Rapids,,tiros,12.5,1.538,2.222,0.591,0.7106,más,backtest,14.0,
2026-08-30,mid-51477,mls,Colorado Rapids,,tiros,13.5,1.778,1.889,0.5151,0.6353,más,backtest,14.0,
2026-08-30,mid-51477,mls,Colorado Rapids,,tiros,14.5,2.05,1.636,0.4438,0.5573,más,backtest,14.0,
2026-08-30,mid-51477,mls,Real Salt Lake,,tiros,10.5,1.52,2.25,0.5968,0.449,menos,backtest,4.0,
2026-08-30,mid-51477,mls,Real Salt Lake,,tiros,11.5,1.76,1.909,0.5203,0.3535,menos,backtest,4.0,
2026-08-30,mid-51477,mls,Real Salt Lake,,tiros,12.5,2.05,1.636,0.4438,0.2696,menos,backtest,4.0,
2026-08-30,mid-51482,brasil,Vasco,,tiros,14.5,1.692,1.96,0.5367,0.5992,,backtest,21.0,
2026-08-30,mid-51482,brasil,Vasco,,tiros,15.5,1.941,1.733,0.4717,0.5229,,backtest,21.0,
2026-08-30,mid-51482,brasil,Vasco,,tiros,16.5,2.25,1.53,0.4048,0.4481,,backtest,21.0,
2026-08-30,mid-51482,brasil,Cruzeiro,,tiros,11.5,1.583,2.143,0.5751,0.5128,,backtest,11.0,
2026-08-30,mid-51482,brasil,Cruzeiro,,tiros,12.5,1.846,1.818,0.4962,0.4214,,backtest,11.0,
2026-08-30,mid-51482,brasil,Cruzeiro,,tiros,13.5,2.143,1.583,0.4249,0.337,,backtest,11.0,
2026-08-30,mid-51484,brasil,Mirassol,,tiros,13.5,1.846,1.818,0.4962,0.4346,,backtest,11.0,
2026-08-30,mid-51484,brasil,Palmeiras,,tiros,13.5,1.76,1.909,0.5203,0.49,,backtest,14.0,
2026-08-30,mid-51486,brasil,Gremio,,tiros,19.5,1.941,1.733,0.4717,0.2723,menos,backtest,12.0,
2026-08-30,mid-51486,brasil,Chapecoense-SC,,tiros,10.5,1.846,1.818,0.4962,0.5361,,backtest,32.0,
2026-08-30,mid-51487,brasil,Corinthians,,tiros,14.5,1.733,1.941,0.5283,0.4624,,backtest,18.0,
2026-08-30,mid-51487,brasil,Santos,,tiros,9.5,1.692,2.0,0.5417,0.6457,más,backtest,8.0,
2026-08-30,mid-51488,brasil,Bahia,,tiros,16.5,1.95,1.727,0.4697,0.4318,,backtest,13.0,
2026-08-30,mid-51488,brasil,Internacional,,tiros,11.5,1.889,1.778,0.4849,0.5151,,backtest,12.0,
2026-08-30,mid-51494,mls,Columbus Crew,,tiros,14.5,1.76,1.909,0.5203,0.4416,,backtest,7.0,
2026-08-30,mid-51494,mls,New England Revolution,,tiros,10.5,1.818,1.846,0.5038,0.5337,,backtest,21.0,
2026-08-30,mid-51496,mls,Houston Dynamo,,tiros,14.5,1.692,1.96,0.5367,0.5438,,backtest,11.0,
2026-08-30,mid-51496,mls,Houston Dynamo,,tiros,15.5,1.95,1.727,0.4697,0.4657,,backtest,11.0,
2026-08-30,mid-51496,mls,Houston Dynamo,,tiros,16.5,2.25,1.53,0.4048,0.3912,,backtest,11.0,
2026-08-30,mid-51496,mls,San Jose Earthquakes,,tiros,9.5,1.571,2.167,0.5797,0.5983,,backtest,11.0,
2026-08-30,mid-51496,mls,San Jose Earthquakes,,tiros,10.5,1.846,1.818,0.4962,0.4973,,backtest,11.0,
2026-08-30,mid-51496,mls,San Jose Earthquakes,,tiros,11.5,2.167,1.571,0.4203,0.4005,,backtest,11.0,
2026-08-30,mid-51500,brasil,Flamengo RJ,,tiros,19.5,1.846,1.818,0.4962,0.4786,,backtest,18.0,
2026-08-30,mid-51500,brasil,Botafogo RJ,,tiros,9.5,1.714,1.96,0.5335,0.5966,,backtest,14.0,
2026-08-30,mid-51506,liga_mx,Santos Laguna,,tiros,10.5,1.667,2.0,0.5454,0.5178,,backtest,20.0,
2026-08-30,mid-51506,liga_mx,Santos Laguna,,tiros,11.5,1.95,1.727,0.4697,0.421,,backtest,20.0,
2026-08-30,mid-51506,liga_mx,Santos Laguna,,tiros,12.5,2.3,1.5,0.3947,0.3321,,backtest,20.0,
2026-08-30,mid-51506,liga_mx,Tigres UANL,,tiros,15.5,1.615,2.083,0.5633,0.5516,,backtest,15.0,
2026-08-30,mid-51506,liga_mx,Tigres UANL,,tiros,16.5,1.85,1.818,0.4956,0.4772,,backtest,15.0,
2026-08-30,mid-51506,liga_mx,Tigres UANL,,tiros,17.5,2.1,1.6,0.4324,0.4056,,backtest,15.0,
2026-08-30,mid-51507,liga_mx,Atlas,,tiros,13.5,1.546,2.2,0.5873,0.5602,,backtest,14.0,
2026-08-30,mid-51507,liga_mx,Atlas,,tiros,14.5,1.778,1.889,0.5151,0.4786,,backtest,14.0,
2026-08-30,mid-51507,liga_mx,Atlas,,tiros,15.5,2.05,1.636,0.4438,0.4004,,backtest,14.0,
2026-08-30,mid-51507,liga_mx,Queretaro,,tiros,10.5,1.52,2.25,0.5968,0.7398,más,backtest,12.0,
2026-08-30,mid-51507,liga_mx,Queretaro,,tiros,11.5,1.76,1.909,0.5203,0.6593,más,backtest,12.0,
2026-08-30,mid-51507,liga_mx,Queretaro,,tiros,12.5,2.05,1.636,0.4438,0.5743,más,backtest,12.0,
2026-08-30,mid-51509,eredivisie,Feyenoord,,tiros,19.5,1.8,1.833,0.5045,0.5277,,backtest,33.0,
2026-08-30,mid-51509,eredivisie,Den Haag,,tiros,7.5,1.714,1.933,0.53,0.5834,,backtest,8.0,
2026-08-30,mid-51514,chi_primera,Ñublense,,tiros,12.5,1.538,2.222,0.591,0.6603,,backtest,9.0,
2026-08-30,mid-51514,chi_primera,Ñublense,,tiros,13.5,1.76,1.875,0.5158,0.58,,backtest,9.0,
2026-08-30,mid-51514,chi_primera,Ñublense,,tiros,14.5,2.05,1.636,0.4438,0.4991,,backtest,9.0,
2026-08-30,mid-51514,chi_primera,Deportes Concepcion,,tiros,10.5,1.667,2.0,0.5454,0.5876,,backtest,14.0,
2026-08-30,mid-51514,chi_primera,Deportes Concepcion,,tiros,11.5,1.95,1.7,0.4658,0.4924,,backtest,14.0,
2026-08-30,mid-51514,chi_primera,Deportes Concepcion,,tiros,12.5,2.3,1.5,0.3947,0.4011,,backtest,14.0,
2026-08-30,mid-51515,liga_mx,Pachuca,,tiros,10.5,1.52,2.25,0.5968,0.672,,backtest,17.0,
2026-08-30,mid-51515,liga_mx,Pachuca,,tiros,11.5,1.76,1.909,0.5203,0.5829,,backtest,17.0,
2026-08-30,mid-51515,liga_mx,Pachuca,,tiros,12.5,2.05,1.636,0.4438,0.4929,,backtest,17.0,
2026-08-30,mid-51515,liga_mx,Guadalajara Chivas,,tiros,12.5,1.52,2.25,0.5968,0.645,,backtest,12.0,
2026-08-30,mid-51515,liga_mx,Guadalajara Chivas,,tiros,13.5,1.75,1.923,0.5236,0.5635,,backtest,12.0,
2026-08-30,mid-51515,liga_mx,Guadalajara Chivas,,tiros,14.5,2.0,1.667,0.4546,0.482,,backtest,12.0,
2026-08-30,mid-51526,eredivisie,Utrecht,,tiros,12.5,1.833,1.8,0.4955,0.2202,menos,backtest,1.0,
2026-08-30,mid-51526,eredivisie,PSV Eindhoven,,tiros,16.5,1.889,1.75,0.4809,0.5907,más,backtest,30.0,
2026-08-30,mid-51529,per_liga1,Alianza Lima,,tiros,15.5,1.546,2.2,0.5873,0.595,,backtest,3.0,
2026-08-30,mid-51529,per_liga1,Alianza Lima,,tiros,16.5,1.75,1.889,0.5191,0.522,,backtest,3.0,
2026-08-30,mid-51529,per_liga1,Alianza Lima,,tiros,17.5,2.0,1.667,0.4546,0.4504,,backtest,3.0,
2026-08-30,mid-51529,per_liga1,Deportivo Garcilaso,,tiros,6.5,1.429,2.5,0.6363,0.6252,,backtest,11.0,
2026-08-30,mid-51529,per_liga1,Deportivo Garcilaso,,tiros,7.5,1.667,2.0,0.5454,0.4999,,backtest,11.0,
2026-08-30,mid-51529,per_liga1,Deportivo Garcilaso,,tiros,8.5,2.0,1.667,0.4546,0.3812,,backtest,11.0,
2026-08-30,mid-51532,col_primera_a,Alianza FC,,tiros,11.5,1.818,1.818,0.5,0.3519,menos,backtest,3.0,
2026-08-30,mid-51532,col_primera_a,Atlético Nacional,,tiros,12.5,1.7,1.95,0.5342,0.481,,backtest,21.0,
2026-08-30,mid-51538,per_liga1,Deportivo Moquegua,,tiros,11.5,1.583,2.143,0.5751,0.6759,más,backtest,8.0,
2026-08-30,mid-51538,per_liga1,Deportivo Moquegua,,tiros,12.5,1.818,1.818,0.5,0.5925,,backtest,8.0,
2026-08-30,mid-51538,per_liga1,Deportivo Moquegua,,tiros,13.5,2.143,1.583,0.4249,0.5077,,backtest,8.0,
2026-08-30,mid-51538,per_liga1,Alianza Atlético,,tiros,11.5,1.636,2.05,0.5562,0.635,,backtest,14.0,
2026-08-30,mid-51538,per_liga1,Alianza Atlético,,tiros,12.5,1.889,1.75,0.4809,0.548,,backtest,14.0,
2026-08-30,mid-51538,per_liga1,Alianza Atlético,,tiros,13.5,2.222,1.538,0.409,0.4618,,backtest,14.0,
2026-08-30,mid-51543,chi_primera,Universidad de Concepción,,tiros,10.5,1.667,2.0,0.5454,0.5685,,backtest,6.0,
2026-08-30,mid-51543,chi_primera,Universidad de Concepción,,tiros,11.5,1.96,1.692,0.4633,0.4725,,backtest,6.0,
2026-08-30,mid-51543,chi_primera,Universidad de Concepción,,tiros,12.5,2.364,1.48,0.385,0.3816,,backtest,6.0,
2026-08-30,mid-51543,chi_primera,Universidad de Chile,,tiros,13.5,1.636,2.05,0.5562,0.5896,,backtest,1.0,
2026-08-30,mid-51543,chi_primera,Universidad de Chile,,tiros,14.5,1.889,1.75,0.4809,0.509,,backtest,1.0,
2026-08-30,mid-51543,chi_primera,Universidad de Chile,,tiros,15.5,2.2,1.546,0.4127,0.4306,,backtest,1.0,
2026-08-30,mid-51544,bra_serie_b,Avaí,,tiros,11.5,1.538,2.222,0.591,0.6458,,backtest,11.0,
2026-08-30,mid-51544,bra_serie_b,Avaí,,tiros,12.5,1.76,1.875,0.5158,0.5596,,backtest,11.0,
2026-08-30,mid-51544,bra_serie_b,Avaí,,tiros,13.5,2.083,1.615,0.4367,0.4737,,backtest,11.0,
2026-08-30,mid-51544,bra_serie_b,Atlético Goianiense,,tiros,10.5,1.471,2.375,0.6175,0.6524,,backtest,5.0,
2026-08-30,mid-51544,bra_serie_b,Atlético Goianiense,,tiros,11.5,1.692,1.96,0.5367,0.5614,,backtest,5.0,
2026-08-30,mid-51544,bra_serie_b,Atlético Goianiense,,tiros,12.5,1.96,1.692,0.4633,0.4707,,backtest,5.0,
2026-08-30,mid-51545,bra_serie_b,América Mineiro,,tiros,17.5,1.546,2.2,0.5873,0.5505,,backtest,21.0,
2026-08-30,mid-51545,bra_serie_b,América Mineiro,,tiros,18.5,1.733,1.909,0.5242,0.4821,,backtest,21.0,
2026-08-30,mid-51545,bra_serie_b,América Mineiro,,tiros,19.5,1.96,1.692,0.4633,0.416,,backtest,21.0,
2026-08-30,mid-51545,bra_serie_b,Ponte Preta,,tiros,6.5,1.52,2.25,0.5968,0.6829,,backtest,11.0,
2026-08-30,mid-51545,bra_serie_b,Ponte Preta,,tiros,7.5,1.818,1.818,0.5,0.564,,backtest,11.0,
2026-08-30,mid-51545,bra_serie_b,Ponte Preta,,tiros,8.5,2.222,1.538,0.409,0.4456,,backtest,11.0,
2026-08-30,mid-51546,per_liga1,Sport Boys,,tiros,12.5,1.53,2.25,0.5952,0.6432,,backtest,4.0,
2026-08-30,mid-51546,per_liga1,Sport Boys,,tiros,13.5,1.733,1.909,0.5242,0.5616,,backtest,4.0,
2026-08-30,mid-51546,per_liga1,Sport Boys,,tiros,14.5,2.0,1.667,0.4546,0.48,,backtest,4.0,
2026-08-30,mid-51546,per_liga1,Sporting Cristal,,tiros,10.5,1.53,2.25,0.5952,0.5238,,backtest,5.0,
2026-08-30,mid-51546,per_liga1,Sporting Cristal,,tiros,11.5,1.75,1.889,0.5191,0.427,,backtest,5.0,
2026-08-30,mid-51546,per_liga1,Sporting Cristal,,tiros,12.5,2.083,1.615,0.4367,0.3378,,backtest,5.0,
2026-08-30,mid-51547,bra_serie_b,CRB,,tiros,15.5,1.6,2.1,0.5676,0.4742,,backtest,5.0,
2026-08-30,mid-51547,bra_serie_b,CRB,,tiros,16.5,1.818,1.818,0.5,0.3995,menos,backtest,5.0,
2026-08-30,mid-51547,bra_serie_b,CRB,,tiros,17.5,2.083,1.615,0.4367,0.3303,menos,backtest,5.0,
2026-08-30,mid-51547,bra_serie_b,Criciúma,,tiros,10.5,1.53,2.25,0.5952,0.5911,,backtest,13.0,
2026-08-30,mid-51547,bra_serie_b,Criciúma,,tiros,11.5,1.76,1.875,0.5158,0.496,,backtest,13.0,
2026-08-30,mid-51547,bra_serie_b,Criciúma,,tiros,12.5,2.083,1.615,0.4367,0.4046,,backtest,13.0,
2026-08-30,mid-51548,col_primera_a,Independiente Medellín,,tiros,15.5,1.818,1.818,0.5,0.321,menos,backtest,5.0,
2026-08-30,mid-51548,col_primera_a,Llaneros FC,,tiros,9.5,1.85,1.786,0.4912,0.4304,,backtest,15.0,
2026-08-30,mid-51549,bra_serie_b,Vila Nova,,tiros,13.5,1.667,2.0,0.5454,0.6009,,backtest,8.0,
2026-08-30,mid-51549,bra_serie_b,Vila Nova,,tiros,14.5,1.909,1.733,0.4758,0.5208,,backtest,8.0,
2026-08-30,mid-51549,bra_serie_b,Vila Nova,,tiros,15.5,2.222,1.538,0.409,0.4425,,backtest,8.0,
2026-08-30,mid-51549,bra_serie_b,Ceará,,tiros,8.5,1.546,2.2,0.5873,0.6339,,backtest,16.0,
2026-08-30,mid-51549,bra_serie_b,Ceará,,tiros,9.5,1.818,1.818,0.5,0.5281,,backtest,16.0,
2026-08-30,mid-51549,bra_serie_b,Ceará,,tiros,10.5,2.2,1.546,0.4127,0.425,,backtest,16.0,
2026-08-30,mid-51550,chi_primera,Colo Colo,,tiros,15.5,1.583,2.143,0.5751,0.4537,menos,backtest,16.0,
2026-08-30,mid-51550,chi_primera,Colo Colo,,tiros,16.5,1.786,1.85,0.5088,0.3795,menos,backtest,16.0,
2026-08-30,mid-51550,chi_primera,Colo Colo,,tiros,17.5,2.05,1.636,0.4438,0.3114,menos,backtest,16.0,
2026-08-30,mid-51550,chi_primera,Audax Italiano,,tiros,7.5,1.455,2.429,0.6254,0.8012,más,backtest,3.0,
2026-08-30,mid-51550,chi_primera,Audax Italiano,,tiros,8.5,1.714,1.933,0.53,0.7142,más,backtest,3.0,
2026-08-30,mid-51550,chi_primera,Audax Italiano,,tiros,9.5,2.05,1.636,0.4438,0.6175,más,backtest,3.0,
2026-08-31,mid-51553,per_liga1,Cienciano del Cusco,,tiros,16.5,1.857,1.778,0.4891,0.3534,menos,backtest,6.0,
2026-08-31,mid-51553,per_liga1,Cusco FC,,tiros,10.5,1.714,1.933,0.53,0.5586,,backtest,9.0,
2026-08-31,mid-51562,liga_mx,Toluca,,tiros,18.5,1.6,2.1,0.5676,0.6395,,backtest,26.0,
2026-08-31,mid-51562,liga_mx,Toluca,,tiros,19.5,1.8,1.867,0.5091,0.5774,,backtest,26.0,
2026-08-31,mid-51562,liga_mx,Toluca,,tiros,20.5,2.0,1.667,0.4546,0.5148,,backtest,26.0,
2026-08-31,mid-51562,liga_mx,Juarez,,tiros,8.5,1.636,2.05,0.5562,0.4845,,backtest,6.0,
2026-08-31,mid-51562,liga_mx,Juarez,,tiros,9.5,1.96,1.714,0.4665,0.3746,,backtest,6.0,
2026-08-31,mid-51562,liga_mx,Juarez,,tiros,10.5,2.375,1.471,0.3825,0.2783,menos,backtest,6.0,
2026-08-31,mid-51563,liga_mx,Monterrey,,tiros,15.5,1.615,2.083,0.5633,0.6194,,backtest,26.0,
2026-08-31,mid-51563,liga_mx,Monterrey,,tiros,16.5,1.85,1.818,0.4956,0.5476,,backtest,26.0,
2026-08-31,mid-51563,liga_mx,Monterrey,,tiros,17.5,2.1,1.6,0.4324,0.4763,,backtest,26.0,
2026-08-31,mid-51563,liga_mx,Atl. San Luis,,tiros,10.5,1.583,2.143,0.5751,0.5321,,backtest,9.0,
2026-08-31,mid-51563,liga_mx,Atl. San Luis,,tiros,11.5,1.867,1.8,0.4909,0.4354,,backtest,9.0,
2026-08-31,mid-51563,liga_mx,Atl. San Luis,,tiros,12.5,2.167,1.571,0.4203,0.3457,,backtest,9.0,
2026-08-31,mid-51567,mls,St. Louis City,,tiros,13.5,1.615,2.083,0.5633,0.5578,,backtest,10.0,
2026-08-31,mid-51567,mls,St. Louis City,,tiros,14.5,1.846,1.818,0.4962,0.4761,,backtest,10.0,
2026-08-31,mid-51567,mls,St. Louis City,,tiros,15.5,2.143,1.583,0.4249,0.398,,backtest,10.0,
2026-08-31,mid-51567,mls,FC Dallas,,tiros,10.5,1.615,2.083,0.5633,0.5265,,backtest,12.0,
2026-08-31,mid-51567,mls,FC Dallas,,tiros,11.5,1.909,1.76,0.4797,0.4296,,backtest,12.0,
2026-08-31,mid-51567,mls,FC Dallas,,tiros,12.5,2.25,1.53,0.4048,0.3403,,backtest,12.0,
2026-08-31,mid-51570,col_primera_a,Deportivo Cali,,tiros,12.5,1.833,1.8,0.4955,0.4802,,backtest,17.0,
2026-08-31,mid-51570,col_primera_a,Atlético Bucaramanga,,tiros,9.5,1.733,1.909,0.5242,0.4712,,backtest,18.0,
2026-08-31,mid-51573,chi_primera,Unión La Calera,,tiros,12.5,1.636,2.05,0.5562,0.5723,,backtest,2.0,
2026-08-31,mid-51573,chi_primera,Unión La Calera,,tiros,13.5,1.889,1.75,0.4809,0.4867,,backtest,2.0,
2026-08-31,mid-51573,chi_primera,Unión La Calera,,tiros,14.5,2.2,1.546,0.4127,0.4046,,backtest,2.0,
2026-08-31,mid-51573,chi_primera,La Serena,,tiros,11.5,1.667,2.0,0.5454,0.5927,,backtest,10.0,
2026-08-31,mid-51573,chi_primera,La Serena,,tiros,12.5,1.933,1.714,0.47,0.5031,,backtest,10.0,
2026-08-31,mid-51573,chi_primera,La Serena,,tiros,13.5,2.3,1.5,0.3947,0.4166,,backtest,10.0,
2026-08-31,mid-51574,bra_serie_b,Fortaleza,,tiros,15.5,1.538,2.222,0.591,0.4744,menos,backtest,16.0,
2026-08-31,mid-51574,bra_serie_b,Fortaleza,,tiros,16.5,1.714,1.933,0.53,0.3998,menos,backtest,16.0,
2026-08-31,mid-51574,bra_serie_b,Fortaleza,,tiros,17.5,1.96,1.692,0.4633,0.3306,menos,backtest,16.0,
2026-08-31,mid-51574,bra_serie_b,Operário PR,,tiros,9.5,1.538,2.222,0.591,0.647,,backtest,1.0,
2026-08-31,mid-51574,bra_serie_b,Operário PR,,tiros,10.5,1.778,1.857,0.5109,0.5494,,backtest,1.0,
2026-08-31,mid-51574,bra_serie_b,Operário PR,,tiros,11.5,2.1,1.6,0.4324,0.4529,,backtest,1.0,
2026-08-31,mid-51575,col_primera_a,Deportivo Pasto,,tiros,16.5,1.85,1.786,0.4912,0.4473,,backtest,16.0,
2026-08-31,mid-51575,col_primera_a,Deportivo Pereira,,tiros,7.5,1.692,1.96,0.5367,0.6079,,backtest,7.0,
2026-09-01,mid-51581,eng_championship,Birmingham,,tiros,12.5,1.714,1.96,0.5335,0.577,,backtest,16.0,
2026-09-01,mid-51581,eng_championship,Southampton,,tiros,11.5,1.75,1.923,0.5236,0.5941,,backtest,13.0,
2026-09-01,mid-51583,eng_championship,Portsmouth,,tiros,12.5,1.778,1.889,0.5151,0.6561,más,backtest,21.0,
2026-09-01,mid-51583,eng_championship,Derby,,tiros,10.5,1.778,1.889,0.5151,0.5336,,backtest,8.0,
2026-09-01,mid-51588,eng_championship,Lincoln,,tiros,13.5,1.733,1.941,0.5283,0.5936,,backtest,18.0,
2026-09-01,mid-51588,eng_championship,Blackburn,,tiros,11.5,1.76,1.909,0.5203,0.5188,,backtest,8.0,
2026-09-01,mid-51589,brasil,Remo,,tiros,14.5,1.583,2.143,0.5751,0.5041,,backtest,32.0,
2026-09-01,mid-51589,brasil,Remo,,tiros,15.5,1.818,1.85,0.5044,0.4257,,backtest,32.0,
2026-09-01,mid-51589,brasil,Remo,,tiros,16.5,2.083,1.615,0.4367,0.3524,,backtest,32.0,
2026-09-01,mid-51589,brasil,Coritiba,,tiros,10.5,1.667,2.0,0.5454,0.4815,,backtest,11.0,
2026-09-01,mid-51589,brasil,Coritiba,,tiros,11.5,1.941,1.733,0.4717,0.385,,backtest,11.0,
2026-09-01,mid-51589,brasil,Coritiba,,tiros,12.5,2.3,1.5,0.3947,0.2984,,backtest,11.0,
2026-09-01,mid-51595,eng_championship,Swansea,,tiros,13.5,1.8,1.867,0.5091,0.6267,más,backtest,18.0,
2026-09-01,mid-51595,eng_championship,Watford,,tiros,10.5,1.8,1.867,0.5091,0.4983,,backtest,9.0,
2026-09-01,mid-51601,eng_championship,Stoke,,tiros,11.5,1.867,1.8,0.4909,0.6027,más,backtest,6.0,
2026-09-01,mid-51601,eng_championship,Norwich,,tiros,12.5,1.846,1.818,0.4962,0.6304,más,backtest,15.0,
2026-09-01,mid-51603,chi_primera,Universidad Católica,,tiros,13.5,1.6,2.1,0.5676,0.585,,backtest,16.0,
2026-09-01,mid-51603,chi_primera,Universidad Católica,,tiros,14.5,1.818,1.818,0.5,0.5043,,backtest,16.0,
2026-09-01,mid-51603,chi_primera,Universidad Católica,,tiros,15.5,2.1,1.6,0.4324,0.4259,,backtest,16.0,
2026-09-01,mid-51603,chi_primera,O'Higgins,,tiros,9.5,1.5,2.3,0.6053,0.5961,,backtest,15.0,
2026-09-01,mid-51603,chi_primera,O'Higgins,,tiros,10.5,1.733,1.909,0.5242,0.495,,backtest,15.0,
2026-09-01,mid-51603,chi_primera,O'Higgins,,tiros,11.5,2.05,1.636,0.4438,0.3982,,backtest,15.0,
2026-09-01,mid-51604,col_primera_a,Deportes Tolima,,tiros,16.5,1.76,1.875,0.5158,0.4535,,backtest,7.0,
2026-09-01,mid-51604,col_primera_a,Cúcuta Deportivo,,tiros,8.5,1.692,1.96,0.5367,0.7118,más,backtest,9.0,
2026-09-01,mid-51608,per_liga1,Atlético Grau,,tiros,11.5,1.53,2.25,0.5952,0.6824,,backtest,8.0,
2026-09-01,mid-51608,per_liga1,Atlético Grau,,tiros,12.5,1.75,1.889,0.5191,0.5996,,backtest,8.0,
2026-09-01,mid-51608,per_liga1,Atlético Grau,,tiros,13.5,2.05,1.636,0.4438,0.5152,,backtest,8.0,
2026-09-01,mid-51608,per_liga1,Melgar,,tiros,11.5,1.636,2.05,0.5562,0.6056,,backtest,18.0,
2026-09-01,mid-51608,per_liga1,Melgar,,tiros,12.5,1.909,1.733,0.4758,0.5167,,backtest,18.0,
2026-09-01,mid-51608,per_liga1,Melgar,,tiros,13.5,2.25,1.53,0.4048,0.4302,,backtest,18.0,
2026-09-01,mid-51609,bra_serie_b,Londrina,,tiros,13.5,1.615,2.083,0.5633,0.4641,,backtest,12.0,
2026-09-01,mid-51609,bra_serie_b,Londrina,,tiros,14.5,1.85,1.786,0.4912,0.3824,menos,backtest,12.0,
2026-09-01,mid-51609,bra_serie_b,Londrina,,tiros,15.5,2.143,1.583,0.4249,0.308,menos,backtest,12.0,
2026-09-01,mid-51609,bra_serie_b,Juventude,,tiros,12.5,1.571,2.167,0.5797,0.5004,,backtest,3.0,
2026-09-01,mid-51609,bra_serie_b,Juventude,,tiros,13.5,1.786,1.85,0.5088,0.4139,,backtest,3.0,
2026-09-01,mid-51609,bra_serie_b,Juventude,,tiros,14.5,2.083,1.615,0.4367,0.334,menos,backtest,3.0,
2026-09-02,mid-51610,eng_championship,Millwall,,tiros,13.5,1.846,1.818,0.4962,0.5039,,backtest,4.0,
2026-09-02,mid-51610,eng_championship,Wrexham,,tiros,10.5,1.733,1.941,0.5283,0.5316,,backtest,9.0,
2026-09-02,mid-51629,eng_championship,Burnley,,tiros,12.5,1.75,1.923,0.5236,0.4456,,backtest,11.0,
2026-09-02,mid-51629,eng_championship,Middlesbrough,,tiros,12.5,1.733,1.941,0.5283,0.5702,,backtest,10.0,
2026-09-02,mid-51632,brasil,Flamengo RJ,,tiros,19.5,1.818,1.85,0.5044,0.4589,,backtest,14.0,
2026-09-02,mid-51632,brasil,Mirassol,,tiros,8.5,1.75,1.923,0.5236,0.5894,,backtest,8.0,
2026-09-02,mid-51637,col_primera_a,Fortaleza CEIF,,tiros,12.5,1.8,1.833,0.5045,0.4104,,backtest,11.0,
2026-09-02,mid-51637,col_primera_a,Once Caldas,,tiros,12.5,1.923,1.727,0.4732,0.4603,,backtest,23.0,
2026-09-02,mid-51639,chi_primera,Coquimbo Unido,,tiros,14.5,1.615,2.083,0.5633,0.3648,menos,backtest,13.0,
2026-09-02,mid-51639,chi_primera,Coquimbo Unido,,tiros,15.5,1.85,1.786,0.4912,0.2916,menos,backtest,13.0,
2026-09-02,mid-51639,chi_primera,Coquimbo Unido,,tiros,16.5,2.143,1.583,0.4249,0.2278,menos,backtest,13.0,
2026-09-02,mid-51639,chi_primera,Universidad de Concepción,,tiros,8.5,1.615,2.083,0.5633,0.3692,menos,backtest,8.0,
2026-09-02,mid-51639,chi_primera,Universidad de Concepción,,tiros,9.5,1.909,1.733,0.4758,0.2669,menos,backtest,8.0,
2026-09-02,mid-51639,chi_primera,Universidad de Concepción,,tiros,10.5,2.3,1.5,0.3947,0.1848,menos,backtest,8.0,
2026-09-03,mid-51648,chi_primera,Deportes Limache,,tiros,13.5,1.714,1.933,0.53,0.3813,menos,backtest,19.0,
2026-09-03,mid-51648,chi_primera,Ñublense,,tiros,12.5,1.909,1.733,0.4758,0.4656,,backtest,0.0,
2026-09-03,mid-51649,col_primera_a,Independiente Santa Fe,,tiros,11.5,1.875,1.76,0.4842,0.2317,menos,backtest,10.0,
2026-09-03,mid-51649,col_primera_a,Millonarios,,tiros,12.5,1.714,1.933,0.53,0.4454,,backtest,24.0,
2026-09-03,mid-51652,col_primera_a,América de Cali,,tiros,15.5,1.909,1.733,0.4758,0.505,,backtest,13.0,
2026-09-03,mid-51652,col_primera_a,Alianza FC,,tiros,8.5,1.857,1.778,0.4891,0.325,menos,backtest,15.0,
2026-09-04,mid-51658,laliga,Betis,,tiros,10.5,1.75,1.923,0.5236,0.5435,,backtest,10.0,
2026-09-04,mid-51658,laliga,Real Madrid,,tiros,17.5,1.867,1.8,0.4909,0.4799,,backtest,20.0,
2026-09-04,mid-51672,col_primera_a,Deportivo Pereira,,tiros,9.5,1.8,1.833,0.5045,0.5374,,backtest,7.0,
2026-09-04,mid-51672,col_primera_a,Independiente Medellín,,tiros,15.5,1.818,1.818,0.5,0.3161,menos,backtest,12.0,
2026-09-04,mid-51685,per_liga1,Alianza Atlético,,tiros,15.5,1.615,2.083,0.5633,0.5653,,backtest,15.0,
2026-09-04,mid-51685,per_liga1,Alianza Atlético,,tiros,16.5,1.818,1.818,0.5,0.4912,,backtest,15.0,
2026-09-04,mid-51685,per_liga1,Alianza Atlético,,tiros,17.5,2.1,1.6,0.4324,0.4195,,backtest,15.0,
2026-09-04,mid-51686,bra_serie_b,Criciúma,,tiros,13.5,1.636,2.05,0.5562,0.4661,,backtest,16.0,
2026-09-04,mid-51686,bra_serie_b,Criciúma,,tiros,14.5,1.889,1.75,0.4809,0.3843,,backtest,16.0,
2026-09-04,mid-51686,bra_serie_b,Criciúma,,tiros,15.5,2.2,1.546,0.4127,0.3097,menos,backtest,16.0,
2026-09-04,mid-51686,bra_serie_b,Cuiabá,,tiros,10.5,1.538,2.222,0.591,0.5088,,backtest,1.0,
2026-09-04,mid-51686,bra_serie_b,Cuiabá,,tiros,11.5,1.786,1.85,0.5088,0.4119,,backtest,1.0,
2026-09-04,mid-51686,bra_serie_b,Cuiabá,,tiros,12.5,2.083,1.615,0.4367,0.3235,menos,backtest,1.0,
2026-09-05,mid-51692,mls,New York City,,tiros,11.5,1.667,2.0,0.5454,0.5219,,backtest,6.0,
2026-09-05,mid-51692,mls,New York City,,tiros,12.5,1.941,1.733,0.4717,0.4305,,backtest,6.0,
2026-09-05,mid-51692,mls,New York City,,tiros,13.5,2.3,1.5,0.3947,0.3457,,backtest,6.0,
2026-09-05,mid-51692,mls,Nashville SC,,tiros,10.5,1.48,2.364,0.615,0.648,,backtest,13.0,
2026-09-05,mid-51692,mls,Nashville SC,,tiros,11.5,1.714,1.96,0.5335,0.5566,,backtest,13.0,
2026-09-05,mid-51692,mls,Nashville SC,,tiros,12.5,2.0,1.667,0.4546,0.4658,,backtest,13.0,
2026-09-05,mid-51714,liga_mx,Juarez,,tiros,10.5,1.52,2.25,0.5968,0.5277,,backtest,10.0,
2026-09-05,mid-51714,liga_mx,Juarez,,tiros,11.5,1.76,1.909,0.5203,0.4309,,backtest,10.0,
2026-09-05,mid-51714,liga_mx,Juarez,,tiros,12.5,2.05,1.636,0.4438,0.3415,menos,backtest,10.0,
2026-09-05,mid-51714,liga_mx,Pachuca,,tiros,13.5,1.615,2.083,0.5633,0.4883,,backtest,14.0,
2026-09-05,mid-51714,liga_mx,Pachuca,,tiros,14.5,1.867,1.8,0.4909,0.4061,,backtest,14.0,
2026-09-05,mid-51714,liga_mx,Pachuca,,tiros,15.5,2.143,1.583,0.4249,0.3303,,backtest,14.0,
2026-09-05,mid-51722,laliga,Vallecano,,tiros,13.5,1.889,1.778,0.4849,0.4414,,backtest,16.0,
2026-09-05,mid-51722,laliga,Santander,,tiros,10.5,1.76,1.909,0.5203,0.6279,más,backtest,9.0,
2026-09-05,mid-51726,brasil,Sao Paulo,,tiros,14.5,1.778,1.889,0.5151,0.5916,,backtest,23.0,
2026-09-05,mid-51726,brasil,Atletico-MG,,tiros,10.5,1.714,1.96,0.5335,0.5008,,backtest,4.0,
2026-09-05,mid-51732,eng_championship,Swansea,,tiros,13.5,1.846,1.818,0.4962,0.4562,,backtest,6.0,
2026-09-05,mid-51732,eng_championship,Wrexham,,tiros,10.5,1.727,1.95,0.5303,0.4347,,backtest,8.0,
2026-09-05,mid-51733,eng_championship,Stoke,,tiros,13.5,1.786,1.875,0.5122,0.5395,,backtest,17.0,
2026-09-05,mid-51733,eng_championship,Charlton,,tiros,10.5,1.76,1.909,0.5203,0.4293,,backtest,13.0,
2026-09-05,mid-51735,eng_championship,Sheffield United,,tiros,12.5,1.867,1.8,0.4909,0.4561,,backtest,11.0,
2026-09-05,mid-51735,eng_championship,Norwich,,tiros,12.5,1.846,1.818,0.4962,0.606,más,backtest,19.0,
2026-09-05,mid-51736,eng_championship,Portsmouth,,tiros,14.5,1.909,1.76,0.4797,0.5566,,backtest,15.0,
2026-09-05,mid-51736,eng_championship,Cardiff,,tiros,11.5,1.846,1.818,0.4962,0.4718,,backtest,16.0,
2026-09-05,mid-51737,eng_championship,West Ham,,tiros,16.5,1.8,1.867,0.5091,0.635,más,backtest,20.0,
2026-09-05,mid-51737,eng_championship,Derby,,tiros,8.5,1.909,1.76,0.4797,0.6333,más,backtest,4.0,
2026-09-05,mid-51738,eng_championship,Millwall,,tiros,14.5,1.96,1.714,0.4665,0.4558,,backtest,12.0,
2026-09-05,mid-51738,eng_championship,Bolton,,tiros,10.5,1.923,1.75,0.4764,0.4631,,backtest,13.0,
2026-09-05,mid-51756,eng_championship,Lincoln,,tiros,12.5,1.909,1.76,0.4797,0.5064,,backtest,19.0,
2026-09-05,mid-51756,eng_championship,Southampton,,tiros,15.5,1.867,1.8,0.4909,0.5153,,backtest,16.0,
2026-09-05,mid-51769,eng_championship,Burnley,,tiros,14.5,1.846,1.818,0.4962,0.5572,,backtest,8.0,
2026-09-05,mid-51769,eng_championship,Bristol City,,tiros,10.5,1.909,1.76,0.4797,0.4838,,backtest,15.0,
2026-09-05,mid-51775,ger_bundesliga2,Holstein Kiel,,tiros,13.5,1.76,1.875,0.5158,0.616,más,backtest,14.0,
2026-09-05,mid-51775,ger_bundesliga2,Nurnberg,,tiros,12.5,1.85,1.786,0.4912,0.4958,,backtest,19.0,
2026-09-05,mid-51786,ger_bundesliga2,Wolfsburg,,tiros,19.5,1.909,1.733,0.4758,0.6048,más,backtest,19.0,
2026-09-05,mid-51786,ger_bundesliga2,Cottbus,,tiros,9.5,1.818,1.818,0.5,0.4657,,backtest,21.0,
2026-09-05,mid-51787,bra_serie_b,CRB,,tiros,19.5,1.818,1.818,0.5,0.3476,menos,backtest,14.0,
2026-09-05,mid-51787,bra_serie_b,América Mineiro,,tiros,10.5,1.75,1.889,0.5191,0.4996,,backtest,3.0,
2026-09-05,mid-51788,chi_primera,Deportes Concepcion,,tiros,14.5,1.875,1.76,0.4842,0.3745,menos,backtest,11.0,
2026-09-05,mid-51788,chi_primera,Audax Italiano,,tiros,10.5,1.8,1.833,0.5045,0.5523,,backtest,14.0,
2026-09-05,mid-51795,bra_serie_b,Goiás,,tiros,13.5,1.546,2.2,0.5873,0.4806,menos,backtest,4.0,
2026-09-05,mid-51795,bra_serie_b,Goiás,,tiros,14.5,1.76,1.875,0.5158,0.3985,menos,backtest,4.0,
2026-09-05,mid-51795,bra_serie_b,Goiás,,tiros,15.5,2.05,1.636,0.4438,0.3231,menos,backtest,4.0,
2026-09-05,mid-51795,bra_serie_b,Fortaleza,,tiros,11.5,1.5,2.3,0.6053,0.4953,menos,backtest,12.0,
2026-09-05,mid-51795,bra_serie_b,Fortaleza,,tiros,12.5,1.7,1.95,0.5342,0.404,menos,backtest,12.0,
2026-09-05,mid-51795,bra_serie_b,Fortaleza,,tiros,13.5,1.96,1.692,0.4633,0.3206,menos,backtest,12.0,
2026-09-05,mid-51796,bra_serie_b,Novorizontino,,tiros,18.5,1.615,2.083,0.5633,0.3336,menos,backtest,13.0,
2026-09-05,mid-51796,bra_serie_b,Novorizontino,,tiros,19.5,1.818,1.818,0.5,0.2735,menos,backtest,13.0,
2026-09-05,mid-51796,bra_serie_b,Novorizontino,,tiros,20.5,2.083,1.615,0.4367,0.2206,menos,backtest,13.0,
2026-09-05,mid-51796,bra_serie_b,Avaí,,tiros,8.5,1.5,2.3,0.6053,0.6596,,backtest,16.0,
2026-09-05,mid-51796,bra_serie_b,Avaí,,tiros,9.5,1.76,1.875,0.5158,0.5561,,backtest,16.0,
2026-09-05,mid-51796,bra_serie_b,Avaí,,tiros,10.5,2.1,1.6,0.4324,0.4535,,backtest,16.0,
2026-09-05,mid-51797,per_liga1,Sport Huancayo,,tiros,14.5,1.546,2.2,0.5873,0.5153,,backtest,6.0,
2026-09-05,mid-51797,per_liga1,Sport Huancayo,,tiros,15.5,1.75,1.889,0.5191,0.437,,backtest,6.0,
2026-09-05,mid-51797,per_liga1,Sport Huancayo,,tiros,16.5,2.0,1.667,0.4546,0.3632,,backtest,6.0,
2026-09-05,mid-51797,per_liga1,Sport Boys,,tiros,8.5,1.462,2.4,0.6214,0.6359,,backtest,13.0,
2026-09-05,mid-51797,per_liga1,Sport Boys,,tiros,9.5,1.7,1.95,0.5342,0.5303,,backtest,13.0,
2026-09-05,mid-51797,per_liga1,Sport Boys,,tiros,10.5,2.0,1.667,0.4546,0.4272,,backtest,13.0,
2026-09-05,mid-51798,col_primera_a,Boyacá Chicó FC,,tiros,11.5,1.95,1.7,0.4658,0.3844,,backtest,8.0,
2026-09-05,mid-51798,col_primera_a,Once Caldas,,tiros,13.5,1.909,1.733,0.4758,0.3843,,backtest,16.0,
2026-09-05,mid-51799,bra_serie_b,Juventude,,tiros,13.5,1.6,2.1,0.5676,0.4957,,backtest,9.0,
2026-09-05,mid-51799,bra_serie_b,Juventude,,tiros,14.5,1.818,1.818,0.5,0.4135,,backtest,9.0,
2026-09-05,mid-51799,bra_serie_b,Juventude,,tiros,15.5,2.1,1.6,0.4324,0.3374,,backtest,9.0,
2026-09-05,mid-51799,bra_serie_b,Atlético Goianiense,,tiros,10.5,1.53,2.25,0.5952,0.4797,menos,backtest,7.0,
2026-09-05,mid-51799,bra_serie_b,Atlético Goianiense,,tiros,11.5,1.75,1.889,0.5191,0.3832,menos,backtest,7.0,
2026-09-05,mid-51799,bra_serie_b,Atlético Goianiense,,tiros,12.5,2.05,1.636,0.4438,0.2968,menos,backtest,7.0,
2026-09-05,mid-51800,chi_primera,Everton CD,,tiros,12.5,1.5,2.3,0.6053,0.5126,,backtest,9.0,
2026-09-05,mid-51800,chi_primera,Everton CD,,tiros,13.5,1.7,1.95,0.5342,0.426,menos,backtest,9.0,
2026-09-05,mid-51800,chi_primera,Everton CD,,tiros,14.5,1.96,1.692,0.4633,0.3456,menos,backtest,9.0,
2026-09-05,mid-51800,chi_primera,Universidad Católica,,tiros,10.5,1.538,2.222,0.591,0.5353,,backtest,6.0,
2026-09-05,mid-51800,chi_primera,Universidad Católica,,tiros,11.5,1.786,1.85,0.5088,0.4385,,backtest,6.0,
2026-09-05,mid-51800,chi_primera,Universidad Católica,,tiros,12.5,2.1,1.6,0.4324,0.3488,,backtest,6.0,
2026-09-05,mid-51801,bra_serie_b,Ceará,,tiros,14.5,1.538,2.222,0.591,0.4886,menos,backtest,5.0,
2026-09-05,mid-51801,bra_serie_b,Ceará,,tiros,15.5,1.733,1.909,0.5242,0.4103,menos,backtest,5.0,
2026-09-05,mid-51801,bra_serie_b,Ceará,,tiros,16.5,2.0,1.667,0.4546,0.3376,menos,backtest,5.0,
2026-09-05,mid-51801,bra_serie_b,Sport,,tiros,10.5,1.5,2.3,0.6053,0.5718,,backtest,9.0,
2026-09-05,mid-51801,bra_serie_b,Sport,,tiros,11.5,1.714,1.933,0.53,0.4759,,backtest,9.0,
2026-09-05,mid-51801,bra_serie_b,Sport,,tiros,12.5,2.0,1.667,0.4546,0.3849,,backtest,9.0,
2026-09-05,mid-51804,per_liga1,Cusco FC,,tiros,16.5,1.8,1.833,0.5045,0.6302,más,backtest,16.0,
2026-09-05,mid-51804,per_liga1,Deportivo Moquegua,,tiros,9.5,1.786,1.85,0.5088,0.3957,menos,backtest,0.0,
2026-09-05,mid-51806,col_primera_a,Cúcuta Deportivo,,tiros,12.5,1.85,1.786,0.4912,0.5194,,backtest,15.0,
2026-09-05,mid-51806,col_primera_a,Deportivo Pasto,,tiros,11.5,1.889,1.75,0.4809,0.3429,menos,backtest,13.0,
2026-09-05,mid-51807,col_primera_a,Independiente Santa Fe,,tiros,14.5,1.875,1.76,0.4842,0.3903,,backtest,10.0,
2026-09-05,mid-51807,col_primera_a,Fortaleza CEIF,,tiros,9.5,1.75,1.889,0.5191,0.4199,,backtest,9.0,
2026-09-06,mid-51811,brasil,Cruzeiro,,tiros,15.5,1.867,1.8,0.4909,0.5724,,backtest,19.0,
2026-09-06,mid-51811,brasil,Athletico-PR,,tiros,10.5,1.923,1.75,0.4764,0.4555,,backtest,17.0,
2026-09-06,mid-51812,eredivisie,Groningen,,tiros,12.5,1.727,1.923,0.5268,0.3602,menos,backtest,21.0,
2026-09-06,mid-51812,eredivisie,Twente,,tiros,14.5,1.818,1.818,0.5,0.5781,,backtest,16.0,
2026-09-06,mid-51825,brasil,Botafogo RJ,,tiros,13.5,1.76,1.909,0.5203,0.5504,,backtest,15.0,
2026-09-06,mid-51825,brasil,Palmeiras,,tiros,13.5,1.909,1.76,0.4797,0.5496,,backtest,17.0,
2026-09-06,mid-51826,brasil,Corinthians,,tiros,18.5,1.85,1.818,0.4956,0.3932,menos,backtest,16.0,
2026-09-06,mid-51826,brasil,Chapecoense-SC,,tiros,8.5,1.889,1.778,0.4849,0.6905,más,backtest,7.0,
2026-09-06,mid-51827,brasil,Coritiba,,tiros,13.5,1.889,1.778,0.4849,0.3895,,backtest,17.0,
2026-09-06,mid-51827,brasil,Mirassol,,tiros,12.5,1.714,1.96,0.5335,0.5812,,backtest,20.0,
2026-09-06,mid-51838,laliga,Valencia,,tiros,9.5,1.818,1.846,0.5038,0.377,menos,backtest,3.0,
2026-09-06,mid-51838,laliga,Barcelona,,tiros,18.5,1.846,1.818,0.4962,0.3042,menos,backtest,25.0,
2026-09-06,mid-51839,mls,Charlotte,,tiros,11.5,1.538,2.222,0.591,0.664,,backtest,9.0,
2026-09-06,mid-51839,mls,Charlotte,,tiros,12.5,1.778,1.889,0.5151,0.5793,,backtest,9.0,
2026-09-06,mid-51839,mls,Charlotte,,tiros,13.5,2.083,1.615,0.4367,0.4941,,backtest,9.0,
2026-09-06,mid-51839,mls,Houston Dynamo,,tiros,10.5,1.5,2.3,0.6053,0.733,más,backtest,18.0,
2026-09-06,mid-51839,mls,Houston Dynamo,,tiros,11.5,1.733,1.941,0.5283,0.6515,más,backtest,18.0,
2026-09-06,mid-51839,mls,Houston Dynamo,,tiros,12.5,2.0,1.667,0.4546,0.5658,más,backtest,18.0,
2026-09-06,mid-51840,mls,Portland Timbers,,tiros,12.5,1.571,2.167,0.5797,0.5612,,backtest,11.0,
2026-09-06,mid-51840,mls,Portland Timbers,,tiros,13.5,1.8,1.867,0.5091,0.4754,,backtest,11.0,
2026-09-06,mid-51840,mls,Portland Timbers,,tiros,14.5,2.083,1.615,0.4367,0.3934,,backtest,11.0,
2026-09-06,mid-51840,mls,Minnesota United,,tiros,11.5,1.546,2.2,0.5873,0.7225,más,backtest,17.0,
2026-09-06,mid-51840,mls,Minnesota United,,tiros,12.5,1.8,1.867,0.5091,0.6444,más,backtest,17.0,
2026-09-06,mid-51840,mls,Minnesota United,,tiros,13.5,2.083,1.615,0.4367,0.5628,más,backtest,17.0,
2026-09-06,mid-51841,mls,Philadelphia Union,,tiros,15.5,1.6,2.1,0.5676,0.6444,,backtest,19.0,
2026-09-06,mid-51841,mls,Philadelphia Union,,tiros,16.5,1.818,1.846,0.5038,0.5741,,backtest,19.0,
2026-09-06,mid-51841,mls,Philadelphia Union,,tiros,17.5,2.083,1.615,0.4367,0.5035,,backtest,19.0,
2026-09-06,mid-51841,mls,CF Montreal,,tiros,8.5,1.538,2.222,0.591,0.5377,,backtest,5.0,
2026-09-06,mid-51841,mls,CF Montreal,,tiros,9.5,1.818,1.846,0.5038,0.4274,,backtest,5.0,
2026-09-06,mid-51841,mls,CF Montreal,,tiros,10.5,2.167,1.571,0.4203,0.327,,backtest,5.0,
2026-09-06,mid-51842,mls,Columbus Crew,,tiros,11.5,1.636,2.05,0.5562,0.5856,,backtest,15.0,
2026-09-06,mid-51842,mls,Columbus Crew,,tiros,12.5,1.923,1.75,0.4764,0.4957,,backtest,15.0,
2026-09-06,mid-51842,mls,Columbus Crew,,tiros,13.5,2.25,1.53,0.4048,0.4092,,backtest,15.0,
2026-09-06,mid-51842,mls,Colorado Rapids,,tiros,9.5,1.52,2.25,0.5968,0.565,,backtest,10.0,
2026-09-06,mid-51842,mls,Colorado Rapids,,tiros,10.5,1.778,1.889,0.5151,0.4626,,backtest,10.0,
2026-09-06,mid-51842,mls,Colorado Rapids,,tiros,11.5,2.083,1.615,0.4367,0.3666,,backtest,10.0,
2026-09-06,mid-51843,mls,FC Dallas,,tiros,15.5,1.692,1.96,0.5367,0.5731,,backtest,14.0,
2026-09-06,mid-51843,mls,FC Dallas,,tiros,16.5,1.941,1.733,0.4717,0.4993,,backtest,14.0,
2026-09-06,mid-51843,mls,FC Dallas,,tiros,17.5,2.222,1.538,0.409,0.4276,,backtest,14.0,
2026-09-06,mid-51843,mls,Sporting Kansas City,,tiros,8.5,1.615,2.083,0.5633,0.5277,,backtest,26.0,
2026-09-06,mid-51843,mls,Sporting Kansas City,,tiros,9.5,1.909,1.76,0.4797,0.4174,,backtest,26.0,
2026-09-06,mid-51843,mls,Sporting Kansas City,,tiros,10.5,2.3,1.5,0.3947,0.3176,,backtest,26.0,
2026-09-06,mid-51845,mls,Orlando City,,tiros,13.5,1.636,2.05,0.5562,0.5412,,backtest,15.0,
2026-09-06,mid-51845,mls,Orlando City,,tiros,14.5,1.889,1.778,0.4849,0.4592,,backtest,15.0,
2026-09-06,mid-51845,mls,Orlando City,,tiros,15.5,2.167,1.571,0.4203,0.3814,,backtest,15.0,
2026-09-06,mid-51845,mls,San Diego FC,,tiros,11.5,1.5,2.3,0.6053,0.6204,,backtest,7.0,
2026-09-06,mid-51845,mls,San Diego FC,,tiros,12.5,1.733,1.941,0.5283,0.5324,,backtest,7.0,
2026-09-06,mid-51845,mls,San Diego FC,,tiros,13.5,2.0,1.667,0.4546,0.446,,backtest,7.0,
2026-09-06,mid-51858,mls,Toronto FC,,tiros,11.5,1.615,2.083,0.5633,0.5758,,backtest,18.0,
2026-09-06,mid-51858,mls,Toronto FC,,tiros,12.5,1.889,1.778,0.4849,0.4855,,backtest,18.0,
2026-09-06,mid-51858,mls,Toronto FC,,tiros,13.5,2.222,1.538,0.409,0.3992,,backtest,18.0,
2026-09-06,mid-51858,mls,Chicago Fire,,tiros,12.5,1.636,2.05,0.5562,0.4778,,backtest,15.0,
2026-09-06,mid-51858,mls,Chicago Fire,,tiros,13.5,1.909,1.76,0.4797,0.3915,,backtest,15.0,
2026-09-06,mid-51858,mls,Chicago Fire,,tiros,14.5,2.222,1.538,0.409,0.3129,,backtest,15.0,
2026-09-06,mid-51859,laliga,Malaga,,tiros,12.5,1.714,1.96,0.5335,0.6542,más,backtest,10.0,
2026-09-06,mid-51859,laliga,Levante,,tiros,10.5,1.714,1.96,0.5335,0.5635,,backtest,11.0,
2026-09-06,mid-51864,liga_mx,Tigres UANL,,tiros,16.5,1.692,1.96,0.5367,0.6097,,backtest,21.0,
2026-09-06,mid-51864,liga_mx,Tigres UANL,,tiros,17.5,1.923,1.75,0.4764,0.5405,,backtest,21.0,
2026-09-06,mid-51864,liga_mx,Tigres UANL,,tiros,18.5,2.2,1.546,0.4127,0.4719,,backtest,21.0,
2026-09-06,mid-51864,liga_mx,Necaxa,,tiros,9.5,1.546,2.2,0.5873,0.6278,,backtest,17.0,
2026-09-06,mid-51864,liga_mx,Necaxa,,tiros,10.5,1.818,1.846,0.5038,0.5287,,backtest,17.0,
2026-09-06,mid-51864,liga_mx,Necaxa,,tiros,11.5,2.143,1.583,0.4249,0.4319,,backtest,17.0,
2026-09-06,mid-51865,liga_mx,Atlas,,tiros,12.5,1.583,2.143,0.5751,0.6327,,backtest,16.0,
2026-09-06,mid-51865,liga_mx,Atlas,,tiros,13.5,1.818,1.846,0.5038,0.5503,,backtest,16.0,
2026-09-06,mid-51865,liga_mx,Atlas,,tiros,14.5,2.1,1.6,0.4324,0.4684,,backtest,16.0,
2026-09-06,mid-51865,liga_mx,Atlante,,tiros,10.5,1.583,2.143,0.5751,0.6413,,backtest,8.0,
2026-09-06,mid-51865,liga_mx,Atlante,,tiros,11.5,1.85,1.818,0.4956,0.5494,,backtest,8.0,
2026-09-06,mid-51865,liga_mx,Atlante,,tiros,12.5,2.167,1.571,0.4203,0.4584,,backtest,8.0,
2026-09-06,mid-51867,liga_mx,Atl. San Luis,,tiros,10.5,1.636,2.05,0.5562,0.6294,,backtest,10.0,
2026-09-06,mid-51867,liga_mx,Atl. San Luis,,tiros,11.5,1.923,1.75,0.4764,0.5366,,backtest,10.0,
2026-09-06,mid-51867,liga_mx,Atl. San Luis,,tiros,12.5,2.25,1.52,0.4032,0.4453,,backtest,10.0,
2026-09-06,mid-51867,liga_mx,Guadalajara Chivas,,tiros,12.5,1.6,2.1,0.5676,0.7558,más,backtest,7.0,
2026-09-06,mid-51867,liga_mx,Guadalajara Chivas,,tiros,13.5,1.85,1.818,0.4956,0.6866,más,backtest,7.0,
2026-09-06,mid-51867,liga_mx,Guadalajara Chivas,,tiros,14.5,2.143,1.583,0.4249,0.6128,más,backtest,7.0,
2026-09-06,mid-51868,brasil,Fluminense,,tiros,14.5,1.6,2.1,0.5676,0.4716,,backtest,7.0,
2026-09-06,mid-51868,brasil,Fluminense,,tiros,15.5,1.818,1.846,0.5038,0.3935,menos,backtest,7.0,
2026-09-06,mid-51868,brasil,Fluminense,,tiros,16.5,2.083,1.615,0.4367,0.3216,menos,backtest,7.0,
2026-09-06,mid-51868,brasil,Vasco,,tiros,11.5,1.636,2.05,0.5562,0.5577,,backtest,14.0,
2026-09-06,mid-51868,brasil,Vasco,,tiros,12.5,1.909,1.76,0.4797,0.4669,,backtest,14.0,
2026-09-06,mid-51868,brasil,Vasco,,tiros,13.5,2.222,1.538,0.409,0.3809,,backtest,14.0,
2026-09-06,mid-51870,mls,Austin FC,,tiros,12.5,1.571,2.167,0.5797,0.5668,,backtest,16.0,
2026-09-06,mid-51870,mls,Austin FC,,tiros,13.5,1.818,1.85,0.5044,0.4811,,backtest,16.0,
2026-09-06,mid-51870,mls,Austin FC,,tiros,14.5,2.083,1.615,0.4367,0.3991,,backtest,16.0,
2026-09-06,mid-51870,mls,San Jose Earthquakes,,tiros,11.5,1.52,2.25,0.5968,0.5962,,backtest,10.0,
2026-09-06,mid-51870,mls,San Jose Earthquakes,,tiros,12.5,1.75,1.923,0.5236,0.5069,,backtest,10.0,
2026-09-06,mid-51870,mls,San Jose Earthquakes,,tiros,13.5,2.0,1.667,0.4546,0.4203,,backtest,10.0,
2026-09-06,mid-51874,mls,Vancouver Whitecaps,,tiros,15.5,1.6,2.1,0.5676,0.614,,backtest,15.0,
2026-09-06,mid-51874,mls,Vancouver Whitecaps,,tiros,16.5,1.818,1.85,0.5044,0.5419,,backtest,15.0,
2026-09-06,mid-51874,mls,Vancouver Whitecaps,,tiros,17.5,2.05,1.636,0.4438,0.4704,,backtest,15.0,
2026-09-06,mid-51874,mls,St. Louis City,,tiros,8.5,1.538,2.222,0.591,0.4755,menos,backtest,11.0,
2026-09-06,mid-51874,mls,St. Louis City,,tiros,9.5,1.818,1.846,0.5038,0.3659,menos,backtest,11.0,
2026-09-06,mid-51874,mls,St. Louis City,,tiros,10.5,2.167,1.571,0.4203,0.2704,menos,backtest,11.0,
2026-09-06,mid-51875,laliga,Alaves,,tiros,11.5,1.76,1.909,0.5203,0.5686,,backtest,12.0,
2026-09-06,mid-51875,laliga,Osasuna,,tiros,9.5,1.8,1.867,0.5091,0.5863,,backtest,7.0,
2026-09-06,mid-51885,brasil,Remo,,tiros,10.5,1.85,1.818,0.4956,0.5899,,backtest,7.0,
2026-09-06,mid-51885,brasil,Flamengo RJ,,tiros,15.5,1.867,1.8,0.4909,0.4316,,backtest,21.0,
2026-09-06,mid-51891,chi_primera,Universidad de Chile,,tiros,14.5,1.833,1.8,0.4955,0.3993,,backtest,13.0,
2026-09-06,mid-51891,chi_primera,Coquimbo Unido,,tiros,9.5,1.786,1.85,0.5088,0.5535,,backtest,14.0,
2026-09-06,mid-51898,brasil,Internacional,,tiros,15.5,1.818,1.846,0.5038,0.4665,,backtest,15.0,
2026-09-06,mid-51898,brasil,Santos,,tiros,10.5,1.733,1.941,0.5283,0.5311,,backtest,5.0,
2026-09-06,mid-51903,col_primera_a,Atlético Junior,,tiros,16.5,1.786,1.85,0.5088,0.3949,menos,backtest,12.0,
2026-09-06,mid-51903,col_primera_a,Jaguares de Córdoba,,tiros,9.5,1.909,1.733,0.4758,0.3814,,backtest,12.0,
2026-09-06,mid-51904,per_liga1,Universitario,,tiros,17.5,1.818,1.818,0.5,0.4747,,backtest,10.0,
2026-09-06,mid-51904,per_liga1,Comerciantes Unidos,,tiros,8.5,1.75,1.889,0.5191,0.7166,más,backtest,9.0,
2026-09-06,mid-51908,bra_serie_b,Londrina,,tiros,13.5,1.546,2.2,0.5873,0.4855,menos,backtest,13.0,
2026-09-06,mid-51908,bra_serie_b,Londrina,,tiros,14.5,1.75,1.889,0.5191,0.4034,menos,backtest,13.0,
2026-09-06,mid-51908,bra_serie_b,Londrina,,tiros,15.5,2.05,1.636,0.4438,0.3277,menos,backtest,13.0,
2026-09-06,mid-51908,bra_serie_b,Operário PR,,tiros,11.5,1.583,2.143,0.5751,0.5098,,backtest,15.0,
2026-09-06,mid-51908,bra_serie_b,Operário PR,,tiros,12.5,1.818,1.818,0.5,0.4184,,backtest,15.0,
2026-09-06,mid-51908,bra_serie_b,Operário PR,,tiros,13.5,2.1,1.6,0.4324,0.3342,,backtest,15.0,
2026-09-06,mid-51912,chi_primera,La Serena,,tiros,12.5,1.571,2.167,0.5797,0.5877,,backtest,9.0,
2026-09-06,mid-51912,chi_primera,La Serena,,tiros,13.5,1.786,1.85,0.5088,0.5027,,backtest,9.0,
2026-09-06,mid-51912,chi_primera,La Serena,,tiros,14.5,2.083,1.615,0.4367,0.4205,,backtest,9.0,
2026-09-06,mid-51912,chi_primera,Ñublense,,tiros,10.5,1.5,2.3,0.6053,0.3968,menos,backtest,11.0,
2026-09-06,mid-51912,chi_primera,Ñublense,,tiros,11.5,1.733,1.909,0.5242,0.3043,menos,backtest,11.0,
2026-09-06,mid-51912,chi_primera,Ñublense,,tiros,12.5,2.0,1.667,0.4546,0.2258,menos,backtest,11.0,
2026-09-06,mid-51914,chi_primera,O'Higgins,,tiros,14.5,1.546,2.2,0.5873,0.5215,,backtest,14.0,
2026-09-06,mid-51914,chi_primera,O'Higgins,,tiros,15.5,1.75,1.889,0.5191,0.4431,,backtest,14.0,
2026-09-06,mid-51914,chi_primera,O'Higgins,,tiros,16.5,2.0,1.667,0.4546,0.3692,,backtest,14.0,
2026-09-06,mid-51914,chi_primera,Unión La Calera,,tiros,8.5,1.455,2.429,0.6254,0.6582,,backtest,13.0,
2026-09-06,mid-51914,chi_primera,Unión La Calera,,tiros,9.5,1.692,1.96,0.5367,0.5546,,backtest,13.0,
2026-09-06,mid-51914,chi_primera,Unión La Calera,,tiros,10.5,2.0,1.667,0.4546,0.4519,,backtest,13.0,
2026-09-06,mid-51915,per_liga1,Deportivo Garcilaso,,tiros,13.5,1.667,2.0,0.5454,0.6814,más,backtest,13.0,
2026-09-06,mid-51915,per_liga1,Deportivo Garcilaso,,tiros,14.5,1.909,1.733,0.4758,0.6071,más,backtest,13.0,
2026-09-06,mid-51915,per_liga1,Deportivo Garcilaso,,tiros,15.5,2.222,1.538,0.409,0.5312,más,backtest,13.0,
2026-09-06,mid-51915,per_liga1,Atlético Grau,,tiros,9.5,1.571,2.167,0.5797,0.4539,menos,backtest,9.0,
2026-09-06,mid-51915,per_liga1,Atlético Grau,,tiros,10.5,1.818,1.818,0.5,0.3521,menos,backtest,9.0,
2026-09-06,mid-51915,per_liga1,Atlético Grau,,tiros,11.5,2.167,1.571,0.4203,0.2635,menos,backtest,9.0,
2026-09-06,mid-51916,chi_primera,Huachipato,,tiros,10.5,1.667,2.0,0.5454,0.5876,,backtest,7.0,
2026-09-06,mid-51916,chi_primera,Huachipato,,tiros,11.5,1.933,1.714,0.47,0.4924,,backtest,7.0,
2026-09-06,mid-51916,chi_primera,Huachipato,,tiros,12.5,2.3,1.5,0.3947,0.4011,,backtest,7.0,
2026-09-06,mid-51916,chi_primera,Colo Colo,,tiros,15.5,1.53,2.25,0.5952,0.5807,,backtest,9.0,
2026-09-06,mid-51916,chi_primera,Colo Colo,,tiros,16.5,1.714,1.933,0.53,0.5071,,backtest,9.0,
2026-09-06,mid-51916,chi_primera,Colo Colo,,tiros,17.5,1.95,1.7,0.4658,0.4354,,backtest,9.0,
2026-09-06,mid-51917,per_liga1,Juan Pablo II,,tiros,9.5,1.546,2.2,0.5873,0.6206,,backtest,14.0,
2026-09-06,mid-51917,per_liga1,Juan Pablo II,,tiros,10.5,1.818,1.818,0.5,0.521,,backtest,14.0,
2026-09-06,mid-51917,per_liga1,Juan Pablo II,,tiros,11.5,2.143,1.583,0.4249,0.4242,,backtest,14.0,
2026-09-06,mid-51917,per_liga1,Alianza Lima,,tiros,13.5,1.546,2.2,0.5873,0.5124,,backtest,3.0,
2026-09-06,mid-51917,per_liga1,Alianza Lima,,tiros,14.5,1.76,1.875,0.5158,0.4302,,backtest,3.0,
2026-09-06,mid-51917,per_liga1,Alianza Lima,,tiros,15.5,2.05,1.636,0.4438,0.3533,,backtest,3.0,
2026-09-06,mid-51919,bra_serie_b,Ponte Preta,,tiros,9.5,1.48,2.364,0.615,0.5871,,backtest,2.0,
2026-09-06,mid-51919,bra_serie_b,Ponte Preta,,tiros,10.5,1.714,1.933,0.53,0.4855,,backtest,2.0,
2026-09-06,mid-51919,bra_serie_b,Ponte Preta,,tiros,11.5,2.0,1.667,0.4546,0.3889,,backtest,2.0,
2026-09-06,mid-51919,bra_serie_b,São Bernardo,,tiros,19.5,1.667,2.0,0.5454,0.2777,menos,backtest,22.0,
2026-09-06,mid-51919,bra_serie_b,São Bernardo,,tiros,20.5,1.875,1.76,0.4842,0.2243,menos,backtest,22.0,
2026-09-06,mid-51919,bra_serie_b,São Bernardo,,tiros,21.5,2.1,1.6,0.4324,0.1784,menos,backtest,22.0,
2026-09-06,mid-51920,chi_primera,Palestino,,tiros,16.5,1.85,1.786,0.4912,0.3208,menos,backtest,26.0,
2026-09-06,mid-51920,chi_primera,Universidad de Concepción,,tiros,10.5,1.818,1.818,0.5,0.3008,menos,backtest,14.0,
2026-09-06,mid-51921,col_primera_a,Deportivo Pereira,,tiros,9.5,1.95,1.7,0.4658,0.2903,menos,backtest,16.0,
2026-09-06,mid-51921,col_primera_a,Millonarios,,tiros,16.5,1.76,1.875,0.5158,0.4784,,backtest,17.0,
2026-09-07,mid-51928,liga_mx,Cruz Azul,,tiros,17.5,1.7,1.95,0.5342,0.6629,más,backtest,25.0,
2026-09-07,mid-51928,liga_mx,Cruz Azul,,tiros,18.5,1.95,1.727,0.4697,0.5997,más,backtest,25.0,
2026-09-07,mid-51928,liga_mx,Cruz Azul,,tiros,19.5,2.222,1.538,0.409,0.5355,más,backtest,25.0,
2026-09-07,mid-51928,liga_mx,Santos Laguna,,tiros,9.5,1.5,2.3,0.6053,0.5253,,backtest,11.0,
2026-09-07,mid-51928,liga_mx,Santos Laguna,,tiros,10.5,1.75,1.923,0.5236,0.4222,menos,backtest,11.0,
2026-09-07,mid-51928,liga_mx,Santos Laguna,,tiros,11.5,2.05,1.636,0.4438,0.328,menos,backtest,11.0,
2026-09-07,mid-51938,laliga,Elche,,tiros,11.5,1.818,1.846,0.5038,0.554,,backtest,20.0,
2026-09-07,mid-51938,laliga,Sociedad,,tiros,12.5,1.846,1.818,0.4962,0.4042,,backtest,13.0,
2026-09-07,mid-51943,chi_primera,Deportes Limache,,tiros,16.5,1.667,2.0,0.5454,0.3604,menos,backtest,10.0,
2026-09-07,mid-51943,chi_primera,Deportes Limache,,tiros,17.5,1.889,1.75,0.4809,0.2935,menos,backtest,10.0,
2026-09-07,mid-51943,chi_primera,Deportes Limache,,tiros,18.5,2.167,1.571,0.4203,0.2345,menos,backtest,10.0,
2026-09-07,mid-51943,chi_primera,Cobresal,,tiros,11.5,1.571,2.167,0.5797,0.4741,menos,backtest,0.0,
2026-09-07,mid-51943,chi_primera,Cobresal,,tiros,12.5,1.8,1.833,0.5045,0.3831,menos,backtest,0.0,
2026-09-07,mid-51943,chi_primera,Cobresal,,tiros,13.5,2.1,1.6,0.4324,0.3011,menos,backtest,0.0,
2026-09-07,mid-51944,col_primera_a,Llaneros FC,,tiros,11.5,1.95,1.7,0.4658,0.4962,,backtest,21.0,
2026-09-07,mid-51944,col_primera_a,Deportes Tolima,,tiros,11.5,1.75,1.889,0.5191,0.4241,,backtest,7.0,
2026-09-08,mid-51945,eng_championship,Southampton,,tiros,14.5,1.75,1.923,0.5236,0.6015,,backtest,16.0,
2026-09-08,mid-51945,eng_championship,Swansea,,tiros,10.5,1.692,2.0,0.5417,0.6736,más,backtest,10.0,
2026-09-08,mid-51946,brasil,Vitoria,,tiros,13.5,1.583,2.143,0.5751,0.6002,,backtest,20.0,
2026-09-08,mid-51946,brasil,Vitoria,,tiros,14.5,1.818,1.85,0.5044,0.5202,,backtest,20.0,
2026-09-08,mid-51946,brasil,Vitoria,,tiros,15.5,2.083,1.615,0.4367,0.4418,,backtest,20.0,
2026-09-08,mid-51946,brasil,Gremio,,tiros,10.5,1.538,2.222,0.591,0.5886,,backtest,11.0,
2026-09-08,mid-51946,brasil,Gremio,,tiros,11.5,1.786,1.875,0.5122,0.4933,,backtest,11.0,
2026-09-08,mid-51946,brasil,Gremio,,tiros,12.5,2.083,1.615,0.4367,0.4021,,backtest,11.0,
2026-09-08,mid-51948,eng_championship,Blackburn,,tiros,12.5,1.818,1.846,0.5038,0.5271,,backtest,19.0,
2026-09-08,mid-51948,eng_championship,Sheffield United,,tiros,12.5,1.941,1.733,0.4717,0.5991,más,backtest,7.0,
2026-09-08,mid-51949,eng_championship,Bolton,,tiros,11.5,1.889,1.778,0.4849,0.5005,,backtest,13.0,
2026-09-08,mid-51949,eng_championship,West Ham,,tiros,14.5,1.95,1.727,0.4697,0.5425,,backtest,11.0,
2026-09-08,mid-51950,eredivisie,Utrecht,,tiros,16.5,1.909,1.733,0.4758,0.4607,,backtest,19.0,
2026-09-08,mid-51950,eredivisie,Go Ahead Eagles,,tiros,12.5,1.909,1.733,0.4758,0.4584,,backtest,13.0,
2026-09-08,mid-51951,eng_championship,Wrexham,,tiros,13.5,1.818,1.846,0.5038,0.4905,,backtest,15.0,
2026-09-08,mid-51951,eng_championship,Burnley,,tiros,11.5,1.941,1.733,0.4717,0.2722,menos,backtest,19.0,
2026-09-08,mid-51952,eng_championship,Cardiff,,tiros,15.5,1.727,1.95,0.5303,0.4686,,backtest,26.0,
2026-09-08,mid-51952,eng_championship,Stoke,,tiros,11.5,1.941,1.733,0.4717,0.4964,,backtest,12.0,
2026-09-09,mid-51970,eng_championship,Norwich,,tiros,13.5,1.909,1.76,0.4797,0.5313,,backtest,15.0,
2026-09-09,mid-51970,eng_championship,Birmingham,,tiros,10.5,1.818,1.85,0.5044,0.4733,,backtest,14.0,
2026-09-09,mid-51973,bra_serie_b,Criciúma,,tiros,14.5,1.833,1.8,0.4955,0.3935,menos,backtest,7.0,
2026-09-09,mid-51973,bra_serie_b,Juventude,,tiros,10.5,1.857,1.778,0.4891,0.3536,menos,backtest,17.0,
2026-09-09,mid-51986,bra_serie_b,Botafogo-SP,,tiros,12.5,1.667,2.0,0.5454,0.4262,menos,backtest,17.0,
2026-09-09,mid-51986,bra_serie_b,Botafogo-SP,,tiros,13.5,1.923,1.727,0.4732,0.3416,menos,backtest,17.0,
2026-09-09,mid-51986,bra_serie_b,Botafogo-SP,,tiros,14.5,2.25,1.53,0.4048,0.2668,menos,backtest,17.0,
2026-09-09,mid-51986,bra_serie_b,Novorizontino,,tiros,11.5,1.667,2.0,0.5454,0.5571,,backtest,7.0,
2026-09-09,mid-51986,bra_serie_b,Novorizontino,,tiros,12.5,1.95,1.7,0.4658,0.4663,,backtest,7.0,
2026-09-09,mid-51986,bra_serie_b,Novorizontino,,tiros,13.5,2.3,1.5,0.3947,0.3802,,backtest,7.0,
2026-09-09,mid-51987,bra_serie_b,Fortaleza,,tiros,15.5,1.636,2.05,0.5562,0.5112,,backtest,15.0,
2026-09-09,mid-51987,bra_serie_b,Fortaleza,,tiros,16.5,1.85,1.786,0.4912,0.4363,,backtest,15.0,
2026-09-09,mid-51987,bra_serie_b,Fortaleza,,tiros,17.5,2.143,1.583,0.4249,0.3656,,backtest,15.0,
2026-09-09,mid-51987,bra_serie_b,Avaí,,tiros,8.5,1.455,2.429,0.6254,0.5739,,backtest,7.0,
2026-09-09,mid-51987,bra_serie_b,Avaí,,tiros,9.5,1.7,1.95,0.5342,0.4645,,backtest,7.0,
2026-09-09,mid-51987,bra_serie_b,Avaí,,tiros,10.5,2.0,1.667,0.4546,0.3623,,backtest,7.0,
2026-09-09,mid-51988,bra_serie_b,América Mineiro,,tiros,12.5,1.5,2.3,0.6053,0.5401,,backtest,10.0,
2026-09-09,mid-51988,bra_serie_b,América Mineiro,,tiros,13.5,1.714,1.933,0.53,0.4538,,backtest,10.0,
2026-09-09,mid-51988,bra_serie_b,América Mineiro,,tiros,14.5,2.0,1.667,0.4546,0.3723,,backtest,10.0,
2026-09-09,mid-51988,bra_serie_b,Náutico,,tiros,12.5,1.52,2.25,0.5968,0.5552,,backtest,11.0,
2026-09-09,mid-51988,bra_serie_b,Náutico,,tiros,13.5,1.714,1.933,0.53,0.4691,,backtest,11.0,
2026-09-09,mid-51988,bra_serie_b,Náutico,,tiros,14.5,2.0,1.667,0.4546,0.3873,,backtest,11.0,
2026-09-09,mid-51989,bra_serie_b,Operário PR,,tiros,15.5,1.857,1.778,0.4891,0.4227,,backtest,9.0,
2026-09-09,mid-51989,bra_serie_b,CRB,,tiros,16.5,1.85,1.786,0.4912,0.1949,menos,backtest,18.0,
2026-09-10,mid-51990,mls,Minnesota United,,tiros,13.5,1.615,2.083,0.5633,0.6262,,backtest,9.0,
2026-09-10,mid-51990,mls,Minnesota United,,tiros,14.5,1.867,1.8,0.4909,0.5476,,backtest,9.0,
2026-09-10,mid-51990,mls,Minnesota United,,tiros,15.5,2.143,1.583,0.4249,0.4696,,backtest,9.0,
2026-09-10,mid-51990,mls,FC Dallas,,tiros,9.5,1.5,2.3,0.6053,0.5797,,backtest,13.0,
2026-09-10,mid-51990,mls,FC Dallas,,tiros,10.5,1.76,1.909,0.5203,0.4778,,backtest,13.0,
2026-09-10,mid-51990,mls,FC Dallas,,tiros,11.5,2.083,1.615,0.4367,0.3814,,backtest,13.0,
2026-09-10,mid-51992,mls,Toronto FC,,tiros,10.5,1.5,2.3,0.6053,0.5815,,backtest,16.0,
2026-09-10,mid-51992,mls,Toronto FC,,tiros,11.5,1.75,1.923,0.5236,0.486,,backtest,16.0,
2026-09-10,mid-51992,mls,Toronto FC,,tiros,12.5,2.0,1.667,0.4546,0.3948,,backtest,16.0,
2026-09-10,mid-51992,mls,Nashville SC,,tiros,11.5,1.667,2.0,0.5454,0.5874,,backtest,11.0,
2026-09-10,mid-51992,mls,Nashville SC,,tiros,12.5,1.941,1.733,0.4717,0.4976,,backtest,11.0,
2026-09-10,mid-51992,mls,Nashville SC,,tiros,13.5,2.25,1.52,0.4032,0.4111,,backtest,11.0,
2026-09-10,mid-51993,mls,Philadelphia Union,,tiros,15.5,1.546,2.2,0.5873,0.704,más,backtest,20.0,
2026-09-10,mid-51993,mls,Philadelphia Union,,tiros,16.5,1.76,1.909,0.5203,0.6387,más,backtest,20.0,
2026-09-10,mid-51993,mls,Philadelphia Union,,tiros,17.5,2.0,1.667,0.4546,0.5711,más,backtest,20.0,
2026-09-10,mid-51993,mls,FC Cincinnati,,tiros,10.5,1.6,2.1,0.5676,0.3439,menos,backtest,1.0,
2026-09-10,mid-51993,mls,FC Cincinnati,,tiros,11.5,1.875,1.786,0.4878,0.2562,menos,backtest,1.0,
2026-09-10,mid-51993,mls,FC Cincinnati,,tiros,12.5,2.222,1.538,0.409,0.1844,menos,backtest,1.0,
2026-09-10,mid-51994,mls,Austin FC,,tiros,11.5,1.667,2.0,0.5454,0.5972,,backtest,11.0,
2026-09-10,mid-51994,mls,Austin FC,,tiros,12.5,1.923,1.75,0.4764,0.5078,,backtest,11.0,
2026-09-10,mid-51994,mls,Austin FC,,tiros,13.5,2.25,1.52,0.4032,0.4213,,backtest,11.0,
2026-09-10,mid-51994,mls,Colorado Rapids,,tiros,11.5,1.615,2.083,0.5633,0.5327,,backtest,11.0,
2026-09-10,mid-51994,mls,Colorado Rapids,,tiros,12.5,1.867,1.8,0.4909,0.4415,,backtest,11.0,
2026-09-10,mid-51994,mls,Colorado Rapids,,tiros,13.5,2.2,1.546,0.4127,0.3562,,backtest,11.0,
2026-09-10,mid-51997,mls,San Diego FC,,tiros,14.5,1.667,2.0,0.5454,0.5427,,backtest,10.0,
2026-09-10,mid-51997,mls,San Diego FC,,tiros,15.5,1.909,1.76,0.4797,0.4646,,backtest,10.0,
2026-09-10,mid-51997,mls,San Diego FC,,tiros,16.5,2.2,1.546,0.4127,0.3901,,backtest,10.0,
2026-09-10,mid-51997,mls,San Jose Earthquakes,,tiros,10.5,1.636,2.05,0.5562,0.5049,,backtest,11.0,
2026-09-10,mid-51997,mls,San Jose Earthquakes,,tiros,11.5,1.941,1.733,0.4717,0.4081,,backtest,11.0,
2026-09-10,mid-51997,mls,San Jose Earthquakes,,tiros,12.5,2.25,1.52,0.4032,0.3199,,backtest,11.0,
2026-09-10,mid-51998,mls,CF Montreal,,tiros,13.5,1.6,2.1,0.5676,0.6063,,backtest,17.0,
2026-09-10,mid-51998,mls,CF Montreal,,tiros,14.5,1.846,1.818,0.4962,0.5265,,backtest,17.0,
2026-09-10,mid-51998,mls,CF Montreal,,tiros,15.5,2.1,1.6,0.4324,0.4482,,backtest,17.0,
2026-09-10,mid-51998,mls,Charlotte,,tiros,10.5,1.5,2.3,0.6053,0.6532,,backtest,15.0,
2026-09-10,mid-51998,mls,Charlotte,,tiros,11.5,1.733,1.941,0.5283,0.5623,,backtest,15.0,
2026-09-10,mid-51998,mls,Charlotte,,tiros,12.5,2.0,1.667,0.4546,0.4716,,backtest,15.0,
2026-09-10,mid-52001,mls,Chicago Fire,,tiros,13.5,1.571,2.167,0.5797,0.5685,,backtest,10.0,
2026-09-10,mid-52001,mls,Chicago Fire,,tiros,14.5,1.8,1.867,0.5091,0.4872,,backtest,10.0,
2026-09-10,mid-52001,mls,Chicago Fire,,tiros,15.5,2.083,1.615,0.4367,0.4089,,backtest,10.0,
2026-09-10,mid-52001,mls,Inter Miami,,tiros,11.5,1.48,2.364,0.615,0.5708,,backtest,20.0,
2026-09-10,mid-52001,mls,Inter Miami,,tiros,12.5,1.714,1.96,0.5335,0.4804,,backtest,20.0,
2026-09-10,mid-52001,mls,Inter Miami,,tiros,13.5,1.96,1.692,0.4633,0.3941,,backtest,20.0,
2026-09-10,mid-52003,mls,Houston Dynamo,,tiros,13.5,1.667,2.0,0.5454,0.634,,backtest,12.0,
2026-09-10,mid-52003,mls,Houston Dynamo,,tiros,14.5,1.941,1.733,0.4717,0.5559,,backtest,12.0,
2026-09-10,mid-52003,mls,Houston Dynamo,,tiros,15.5,2.25,1.53,0.4048,0.4781,,backtest,12.0,
2026-09-10,mid-52003,mls,Real Salt Lake,,tiros,9.5,1.471,2.375,0.6175,0.601,,backtest,9.0,
2026-09-10,mid-52003,mls,Real Salt Lake,,tiros,10.5,1.714,1.96,0.5335,0.5001,,backtest,9.0,
2026-09-10,mid-52003,mls,Real Salt Lake,,tiros,11.5,2.0,1.667,0.4546,0.4033,,backtest,9.0,
2026-09-10,mid-52004,mls,New York City,,tiros,11.5,1.538,2.222,0.591,0.5769,,backtest,18.0,
2026-09-10,mid-52004,mls,New York City,,tiros,12.5,1.778,1.889,0.5151,0.4867,,backtest,18.0,
2026-09-10,mid-52004,mls,New York City,,tiros,13.5,2.05,1.636,0.4438,0.4003,,backtest,18.0,
2026-09-10,mid-52004,mls,New England Revolution,,tiros,10.5,1.471,2.375,0.6175,0.73,más,backtest,11.0,
2026-09-10,mid-52004,mls,New England Revolution,,tiros,11.5,1.714,1.96,0.5335,0.648,más,backtest,11.0,
2026-09-10,mid-52004,mls,New England Revolution,,tiros,12.5,1.96,1.692,0.4633,0.562,,backtest,11.0,
2026-09-10,mid-52005,mls,Portland Timbers,,tiros,12.5,1.52,2.25,0.5968,0.6147,,backtest,16.0,
2026-09-10,mid-52005,mls,Portland Timbers,,tiros,13.5,1.75,1.923,0.5236,0.5312,,backtest,16.0,
2026-09-10,mid-52005,mls,Portland Timbers,,tiros,14.5,2.0,1.667,0.4546,0.449,,backtest,16.0,
2026-09-10,mid-52005,mls,St. Louis City,,tiros,12.5,1.636,2.05,0.5562,0.67,más,backtest,10.0,
2026-09-10,mid-52005,mls,St. Louis City,,tiros,13.5,1.889,1.778,0.4849,0.5906,más,backtest,10.0,
2026-09-10,mid-52005,mls,St. Louis City,,tiros,14.5,2.2,1.546,0.4127,0.5101,,backtest,10.0,
2026-09-10,mid-52006,bra_serie_b,Atlético Goianiense,,tiros,16.5,1.889,1.75,0.4809,0.3149,menos,backtest,11.0,
2026-09-10,mid-52006,bra_serie_b,Ceará,,tiros,11.5,1.857,1.778,0.4891,0.3596,menos,backtest,12.0,
2026-09-10,mid-52014,bra_serie_b,Vila Nova,,tiros,12.5,1.53,2.25,0.5952,0.6412,,backtest,10.0,
2026-09-10,mid-52014,bra_serie_b,Vila Nova,,tiros,13.5,1.733,1.909,0.5242,0.5594,,backtest,10.0,
2026-09-10,mid-52014,bra_serie_b,Vila Nova,,tiros,14.5,2.0,1.667,0.4546,0.4778,,backtest,10.0,
2026-09-10,mid-52014,bra_serie_b,Goiás,,tiros,8.5,1.455,2.429,0.6254,0.5906,,backtest,5.0,
2026-09-10,mid-52014,bra_serie_b,Goiás,,tiros,9.5,1.692,1.96,0.5367,0.4819,,backtest,5.0,
2026-09-10,mid-52014,bra_serie_b,Goiás,,tiros,10.5,2.0,1.667,0.4546,0.3792,,backtest,5.0,
2026-09-11,mid-52015,bra_serie_b,São Bernardo,,tiros,14.5,1.636,2.05,0.5562,0.5487,,backtest,12.0,
2026-09-11,mid-52015,bra_serie_b,São Bernardo,,tiros,15.5,1.857,1.778,0.4891,0.4707,,backtest,12.0,
2026-09-11,mid-52015,bra_serie_b,São Bernardo,,tiros,16.5,2.167,1.571,0.4203,0.3961,,backtest,12.0,
2026-09-11,mid-52015,bra_serie_b,Londrina,,tiros,10.5,1.615,2.083,0.5633,0.6107,,backtest,11.0,
2026-09-11,mid-52015,bra_serie_b,Londrina,,tiros,11.5,1.889,1.75,0.4809,0.5167,,backtest,11.0,
2026-09-11,mid-52015,bra_serie_b,Londrina,,tiros,12.5,2.222,1.538,0.409,0.4253,,backtest,11.0,
2026-09-11,mid-52025,laliga,Sevilla,,tiros,12.5,1.714,1.96,0.5335,0.6565,más,backtest,13.0,
2026-09-11,mid-52025,laliga,Valencia,,tiros,9.5,1.714,1.96,0.5335,0.5238,,backtest,3.0,
2026-09-11,mid-52033,serie_a,Venezia,,tiros,12.5,1.96,1.714,0.4665,0.5503,,backtest,10.0,
2026-09-11,mid-52033,serie_a,Fiorentina,,tiros,13.5,1.96,1.714,0.4665,0.4422,,backtest,19.0,
2026-09-11,mid-52034,eng_championship,West Ham,,tiros,14.5,1.733,1.941,0.5283,0.5028,,backtest,19.0,
2026-09-11,mid-52034,eng_championship,Wrexham,,tiros,9.5,1.818,1.85,0.5044,0.5402,,backtest,8.0,
2026-09-11,mid-52037,liga_mx,UNAM Pumas,,tiros,12.5,1.583,2.143,0.5751,0.7055,más,backtest,14.0,
2026-09-11,mid-52037,liga_mx,UNAM Pumas,,tiros,13.5,1.818,1.846,0.5038,0.6297,más,backtest,14.0,
2026-09-11,mid-52037,liga_mx,UNAM Pumas,,tiros,14.5,2.083,1.615,0.4367,0.5513,más,backtest,14.0,
2026-09-11,mid-52037,liga_mx,Club Leon,,tiros,11.5,1.52,2.25,0.5968,0.5566,,backtest,13.0,
2026-09-11,mid-52037,liga_mx,Club Leon,,tiros,12.5,1.75,1.923,0.5236,0.4657,,backtest,13.0,
2026-09-11,mid-52037,liga_mx,Club Leon,,tiros,13.5,2.0,1.667,0.4546,0.3798,,backtest,13.0,
2026-09-11,mid-52041,bra_serie_b,Sport,,tiros,20.5,1.75,1.889,0.5191,0.4177,menos,backtest,9.0,
2026-09-11,mid-52041,bra_serie_b,Ponte Preta,,tiros,8.5,1.875,1.76,0.4842,0.3854,,backtest,2.0,
2026-09-11,mid-52042,col_primera_a,Millonarios,,tiros,14.5,1.8,1.833,0.5045,0.4985,,backtest,9.0,
2026-09-11,mid-52042,col_primera_a,Deportivo Cali,,tiros,9.5,1.96,1.692,0.4633,0.4686,,backtest,17.0,
2026-09-11,mid-52044,ksa_pro,Al Faisaly,,tiros,10.5,1.85,1.786,0.4912,0.4186,,backtest,11.0,
2026-09-11,mid-52044,ksa_pro,Al Ittihad,,tiros,14.5,1.76,1.875,0.5158,0.5636,,backtest,27.0,
2026-09-11,mid-52056,col_primera_a,Jaguares de Córdoba,,tiros,12.5,1.786,1.85,0.5088,0.4379,,backtest,8.0,
2026-09-11,mid-52056,col_primera_a,Fortaleza CEIF,,tiros,10.5,1.692,1.96,0.5367,0.5279,,backtest,16.0,
2026-09-12,mid-52062,ligue_1,Lorient,,tiros,10.5,1.714,1.96,0.5335,0.7362,más,backtest,10.0,
2026-09-12,mid-52062,ligue_1,Toulouse,,tiros,10.5,1.733,1.941,0.5283,0.7234,más,backtest,13.0,
2026-09-12,mid-52067,ligue_1,Le Havre,,tiros,14.5,1.76,1.909,0.5203,0.5808,,backtest,15.0,
2026-09-12,mid-52067,ligue_1,Angers,,tiros,11.5,1.96,1.714,0.4665,0.7197,más,backtest,9.0,
2026-09-12,mid-52069,per_liga1,Cusco FC,,tiros,14.5,1.833,1.8,0.4955,0.4514,,backtest,2.0,
2026-09-12,mid-52069,per_liga1,Melgar,,tiros,13.5,1.95,1.7,0.4658,0.2908,menos,backtest,10.0,
2026-09-12,mid-52070,serie_a,Atalanta,,tiros,15.5,1.778,1.889,0.5151,0.4944,,backtest,22.0,
2026-09-12,mid-52070,serie_a,Cagliari,,tiros,9.5,1.818,1.846,0.5038,0.6891,más,backtest,5.0,
2026-09-12,mid-52072,premier,Chelsea,,tiros,20.5,1.846,1.818,0.4962,0.4269,,backtest,12.0,
2026-09-12,mid-52072,premier,Hull,,tiros,8.5,2.0,1.692,0.4583,0.5011,,backtest,14.0,
2026-09-12,mid-52081,premier,Bournemouth,,tiros,15.5,1.909,1.76,0.4797,0.3918,,backtest,20.0,
2026-09-12,mid-52081,premier,Brentford,,tiros,11.5,1.733,1.941,0.5283,0.6077,,backtest,8.0,
2026-09-12,mid-52089,serie_a,Lazio,,tiros,11.5,1.875,1.786,0.4878,0.5567,,backtest,8.0,
2026-09-12,mid-52089,serie_a,Milan,,tiros,11.5,1.714,1.96,0.5335,0.532,,backtest,16.0,
2026-09-12,mid-52092,premier,Crystal Palace,,tiros,15.5,1.778,1.889,0.5151,0.529,,backtest,11.0,
2026-09-12,mid-52092,premier,Ipswich,,tiros,10.5,1.714,1.96,0.5335,0.6548,más,backtest,12.0,
2026-09-12,mid-52095,liga_mx,Necaxa,,tiros,13.5,1.52,2.25,0.5968,0.7537,más,backtest,9.0,
2026-09-12,mid-52095,liga_mx,Necaxa,,tiros,14.5,1.727,1.95,0.5303,0.6878,más,backtest,9.0,
2026-09-12,mid-52095,liga_mx,Necaxa,,tiros,15.5,1.96,1.692,0.4633,0.6177,más,backtest,9.0,
2026-09-12,mid-52095,liga_mx,Puebla,,tiros,10.5,1.6,2.1,0.5676,0.7606,más,backtest,12.0,
2026-09-12,mid-52095,liga_mx,Puebla,,tiros,11.5,1.875,1.786,0.4878,0.6834,más,backtest,12.0,
2026-09-12,mid-52095,liga_mx,Puebla,,tiros,12.5,2.2,1.546,0.4127,0.6007,más,backtest,12.0,
2026-09-12,mid-52096,liga_mx,Club Tijuana,,tiros,12.5,1.546,2.2,0.5873,0.6744,,backtest,24.0,
2026-09-12,mid-52096,liga_mx,Club Tijuana,,tiros,13.5,1.778,1.889,0.5151,0.5954,,backtest,24.0,
2026-09-12,mid-52096,liga_mx,Club Tijuana,,tiros,14.5,2.05,1.636,0.4438,0.5151,,backtest,24.0,
2026-09-12,mid-52096,liga_mx,Queretaro,,tiros,11.5,1.615,2.083,0.5633,0.4815,,backtest,8.0,
2026-09-12,mid-52096,liga_mx,Queretaro,,tiros,12.5,1.889,1.778,0.4849,0.3904,,backtest,8.0,
2026-09-12,mid-52096,liga_mx,Queretaro,,tiros,13.5,2.222,1.538,0.409,0.3078,menos,backtest,8.0,
2026-09-12,mid-52097,liga_mx,Atlante,,tiros,11.5,1.5,2.3,0.6053,0.5682,,backtest,32.0,
2026-09-12,mid-52097,liga_mx,Atlante,,tiros,12.5,1.733,1.941,0.5283,0.4776,,backtest,32.0,
2026-09-12,mid-52097,liga_mx,Atlante,,tiros,13.5,2.0,1.667,0.4546,0.3914,,backtest,32.0,
2026-09-12,mid-52097,liga_mx,Pachuca,,tiros,11.5,1.5,2.3,0.6053,0.631,,backtest,21.0,
2026-09-12,mid-52097,liga_mx,Pachuca,,tiros,12.5,1.727,1.95,0.5303,0.5437,,backtest,21.0,
2026-09-12,mid-52097,liga_mx,Pachuca,,tiros,13.5,2.0,1.667,0.4546,0.4574,,backtest,21.0,
2026-09-12,mid-52100,laliga,Real Madrid,,tiros,20.5,1.909,1.76,0.4797,0.5661,,backtest,24.0,
2026-09-12,mid-52100,laliga,Vallecano,,tiros,8.5,1.867,1.8,0.4909,0.3991,,backtest,18.0,
2026-09-12,mid-52105,ligue_1,Auxerre,,tiros,12.5,1.846,1.818,0.4962,0.537,,backtest,11.0,
2026-09-12,mid-52105,ligue_1,Nice,,tiros,11.5,1.778,1.889,0.5151,0.6351,más,backtest,12.0,
2026-09-12,mid-52111,premier,Liverpool,,tiros,16.5,1.818,1.846,0.5038,0.5425,,backtest,14.0,
2026-09-12,mid-52111,premier,Fulham,,tiros,10.5,1.714,1.96,0.5335,0.4481,,backtest,10.0,
2026-09-12,mid-52125,brasil,Atletico-MG,,tiros,14.5,1.867,1.8,0.4909,0.4545,,backtest,15.0,
2026-09-12,mid-52125,brasil,Fluminense,,tiros,11.5,1.941,1.733,0.4717,0.6174,más,backtest,10.0,
2026-09-12,mid-52126,brasil,Chapecoense-SC,,tiros,12.5,1.76,1.909,0.5203,0.4766,,backtest,13.0,
2026-09-12,mid-52126,brasil,Internacional,,tiros,14.5,1.76,1.909,0.5203,0.5185,,backtest,4.0,
2026-09-12,mid-52127,ita_serie_b,Sudtirol,,tiros,0.5,1.455,2.546,0.6363,0.9999,más,backtest,11.0,
2026-09-12,mid-52127,ita_serie_b,Sudtirol,,tiros,1.5,3.2,1.3,0.2889,0.9991,,backtest,11.0,
2026-09-12,mid-52127,ita_serie_b,Sudtirol,,tiros,2.5,8.0,1.04,0.115,0.9959,,backtest,11.0,
2026-09-12,mid-52129,brasil,Gremio,,tiros,12.5,1.818,1.846,0.5038,0.4268,,backtest,14.0,
2026-09-12,mid-52129,brasil,Vasco,,tiros,13.5,1.778,1.889,0.5151,0.6457,más,backtest,17.0,
2026-09-12,mid-52131,brasil,Palmeiras,,tiros,16.5,1.923,1.75,0.4764,0.4478,,backtest,19.0,
2026-09-12,mid-52131,brasil,Sao Paulo,,tiros,10.5,1.85,1.818,0.4956,0.4541,,backtest,8.0,
2026-09-12,mid-52133,brasil,Coritiba,,tiros,11.5,1.667,2.0,0.5454,0.5931,,backtest,22.0,
2026-09-12,mid-52133,brasil,Coritiba,,tiros,12.5,1.941,1.733,0.4717,0.5035,,backtest,22.0,
2026-09-12,mid-52133,brasil,Coritiba,,tiros,13.5,2.3,1.5,0.3947,0.417,,backtest,22.0,
2026-09-12,mid-52133,brasil,Athletico-PR,,tiros,11.5,1.571,2.167,0.5797,0.651,,backtest,15.0,
2026-09-12,mid-52133,brasil,Athletico-PR,,tiros,12.5,1.818,1.846,0.5038,0.5652,,backtest,15.0,
2026-09-12,mid-52133,brasil,Athletico-PR,,tiros,13.5,2.1,1.6,0.4324,0.4795,,backtest,15.0,
2026-09-12,mid-52134,laliga,Santander,,tiros,12.5,1.76,1.909,0.5203,0.4512,,backtest,11.0,
2026-09-12,mid-52134,laliga,Alaves,,tiros,12.5,1.727,1.95,0.5303,0.484,,backtest,16.0,
2026-09-12,mid-52144,premier,Tottenham,,tiros,14.5,1.8,1.867,0.5091,0.5835,,backtest,14.0,
2026-09-12,mid-52144,premier,Everton,,tiros,10.5,1.818,1.846,0.5038,0.6559,más,backtest,12.0,
2026-09-12,mid-52148,eng_championship,Charlton,,tiros,11.5,1.75,1.923,0.5236,0.4925,,backtest,10.0,
2026-09-12,mid-52148,eng_championship,Portsmouth,,tiros,12.5,1.76,1.909,0.5203,0.5416,,backtest,9.0,
2026-09-12,mid-52150,eng_championship,Watford,,tiros,13.5,1.778,1.889,0.5151,0.5905,,backtest,6.0,
2026-09-12,mid-52150,eng_championship,Stoke,,tiros,11.5,1.889,1.778,0.4849,0.4964,,backtest,18.0,
2026-09-12,mid-52151,eng_championship,Swansea,,tiros,13.5,1.818,1.85,0.5044,0.5644,,backtest,13.0,
2026-09-12,mid-52151,eng_championship,Burnley,,tiros,11.5,1.818,1.85,0.5044,0.4507,,backtest,18.0,
2026-09-12,mid-52152,eng_championship,Southampton,,tiros,15.5,1.75,1.923,0.5236,0.6242,más,backtest,10.0,
2026-09-12,mid-52152,eng_championship,Bristol City,,tiros,10.5,1.733,1.941,0.5283,0.5791,,backtest,21.0,
2026-09-12,mid-52153,eng_championship,Middlesbrough,,tiros,15.5,1.889,1.778,0.4849,0.501,,backtest,17.0,
2026-09-12,mid-52153,eng_championship,Norwich,,tiros,11.5,1.923,1.75,0.4764,0.4814,,backtest,13.0,
2026-09-12,mid-52159,eng_championship,Derby,,tiros,11.5,1.909,1.76,0.4797,0.4264,,backtest,18.0,
2026-09-12,mid-52159,eng_championship,Birmingham,,tiros,12.5,1.76,1.909,0.5203,0.5488,,backtest,19.0,
2026-09-12,mid-52160,premier,Sunderland,,tiros,8.5,1.714,1.96,0.5335,0.4763,,backtest,12.0,
2026-09-12,mid-52160,premier,Arsenal,,tiros,14.5,1.76,1.909,0.5203,0.5072,,backtest,11.0,
2026-09-12,mid-52164,eng_championship,Blackburn,,tiros,11.5,1.8,1.867,0.5091,0.5789,,backtest,18.0,
2026-09-12,mid-52164,eng_championship,Millwall,,tiros,11.5,1.76,1.909,0.5203,0.6236,más,backtest,16.0,
2026-09-12,mid-52165,eng_championship,Bolton,,tiros,14.5,1.818,1.846,0.5038,0.4427,,backtest,7.0,
2026-09-12,mid-52165,eng_championship,Cardiff,,tiros,13.5,1.941,1.733,0.4717,0.4291,,backtest,17.0,
2026-09-12,mid-52166,col_primera_a,Independiente Santa Fe,,tiros,12.5,1.909,1.733,0.4758,0.4187,,backtest,14.0,
2026-09-12,mid-52166,col_primera_a,Deportes Tolima,,tiros,12.5,1.933,1.714,0.47,0.3655,menos,backtest,12.0,
2026-09-13,mid-52268,per_liga1,Deportivo Moquegua,,tiros,10.5,1.52,2.25,0.5968,0.5173,,backtest,5.0,
2026-09-13,mid-52268,per_liga1,Deportivo Moquegua,,tiros,11.5,1.75,1.889,0.5191,0.4204,,backtest,5.0,
2026-09-13,mid-52268,per_liga1,Deportivo Moquegua,,tiros,12.5,2.05,1.636,0.4438,0.3316,menos,backtest,5.0,
2026-09-13,mid-52268,per_liga1,Sporting Cristal,,tiros,13.5,1.538,2.222,0.591,0.4901,menos,backtest,21.0,
2026-09-13,mid-52268,per_liga1,Sporting Cristal,,tiros,14.5,1.75,1.889,0.5191,0.408,menos,backtest,21.0,
2026-09-13,mid-52268,per_liga1,Sporting Cristal,,tiros,15.5,2.0,1.667,0.4546,0.3321,menos,backtest,21.0,
2026-09-13,mid-52270,ksa_pro,Neom SC,,tiros,15.5,1.857,1.778,0.4891,0.4892,,backtest,18.0,
2026-09-13,mid-52270,ksa_pro,Al Fateh,,tiros,10.5,1.95,1.7,0.4658,0.4845,,backtest,14.0,
2026-09-13,mid-52271,chi_primera,La Serena,,tiros,10.5,1.538,2.222,0.591,0.5295,,backtest,3.0,
2026-09-13,mid-52271,chi_primera,La Serena,,tiros,11.5,1.778,1.857,0.5109,0.4326,,backtest,3.0,
2026-09-13,mid-52271,chi_primera,La Serena,,tiros,12.5,2.083,1.615,0.4367,0.3431,,backtest,3.0,
2026-09-13,mid-52271,chi_primera,Universidad de Chile,,tiros,13.5,1.571,2.167,0.5797,0.4189,menos,backtest,11.0,
2026-09-13,mid-52271,chi_primera,Universidad de Chile,,tiros,14.5,1.786,1.85,0.5088,0.3388,menos,backtest,11.0,
2026-09-13,mid-52271,chi_primera,Universidad de Chile,,tiros,15.5,2.05,1.636,0.4438,0.2676,menos,backtest,11.0,
2026-09-13,mid-52272,ksa_pro,Al Riyadh,,tiros,10.5,1.8,1.833,0.5045,0.5385,,backtest,19.0,
2026-09-13,mid-52272,ksa_pro,Al Kholood,,tiros,12.5,1.857,1.778,0.4891,0.5238,,backtest,9.0,
2026-09-13,mid-52273,per_liga1,Sport Boys,,tiros,13.5,1.53,2.25,0.5952,0.4683,menos,backtest,8.0,
2026-09-13,mid-52273,per_liga1,Sport Boys,,tiros,14.5,1.733,1.909,0.5242,0.3865,menos,backtest,8.0,
2026-09-13,mid-52273,per_liga1,Sport Boys,,tiros,15.5,2.0,1.667,0.4546,0.3118,menos,backtest,8.0,
2026-09-13,mid-52273,per_liga1,Deportivo Garcilaso,,tiros,8.5,1.455,2.429,0.6254,0.4843,menos,backtest,12.0,
2026-09-13,mid-52273,per_liga1,Deportivo Garcilaso,,tiros,9.5,1.7,1.95,0.5342,0.3743,menos,backtest,12.0,
2026-09-13,mid-52273,per_liga1,Deportivo Garcilaso,,tiros,10.5,2.0,1.667,0.4546,0.278,menos,backtest,12.0,
2026-09-13,mid-52274,bra_serie_b,Atlético Goianiense,,tiros,13.5,1.538,2.222,0.591,0.4671,menos,backtest,17.0,
2026-09-13,mid-52274,bra_serie_b,Atlético Goianiense,,tiros,14.5,1.733,1.909,0.5242,0.3853,menos,backtest,17.0,
2026-09-13,mid-52274,bra_serie_b,Atlético Goianiense,,tiros,15.5,2.0,1.667,0.4546,0.3107,menos,backtest,17.0,
2026-09-13,mid-52274,bra_serie_b,Criciúma,,tiros,9.5,1.53,2.25,0.5952,0.5493,,backtest,12.0,
2026-09-13,mid-52274,bra_serie_b,Criciúma,,tiros,10.5,1.76,1.875,0.5158,0.4464,,backtest,12.0,
2026-09-13,mid-52274,bra_serie_b,Criciúma,,tiros,11.5,2.083,1.615,0.4367,0.351,,backtest,12.0,
2026-09-13,mid-52275,col_primera_a,Deportivo Pereira,,tiros,9.5,1.933,1.714,0.47,0.5119,,backtest,2.0,
2026-09-13,mid-52275,col_primera_a,Atlético Bucaramanga,,tiros,14.5,1.786,1.85,0.5088,0.5839,,backtest,17.0,
2026-09-13,mid-52276,per_liga1,Atlético Grau,,tiros,11.5,1.48,2.364,0.615,0.6426,,backtest,20.0,
2026-09-13,mid-52276,per_liga1,Atlético Grau,,tiros,12.5,1.7,1.95,0.5342,0.5562,,backtest,20.0,
2026-09-13,mid-52276,per_liga1,Atlético Grau,,tiros,13.5,1.96,1.692,0.4633,0.4702,,backtest,20.0,
2026-09-13,mid-52276,per_liga1,Alianza Atlético,,tiros,12.5,1.615,2.083,0.5633,0.4822,,backtest,10.0,
2026-09-13,mid-52276,per_liga1,Alianza Atlético,,tiros,13.5,1.85,1.786,0.4912,0.3959,,backtest,10.0,
2026-09-13,mid-52276,per_liga1,Alianza Atlético,,tiros,14.5,2.167,1.571,0.4203,0.317,menos,backtest,10.0,
2026-09-13,mid-52277,chi_primera,Colo Colo,,tiros,17.5,1.667,2.0,0.5454,0.4534,,backtest,14.0,
2026-09-13,mid-52277,chi_primera,Colo Colo,,tiros,18.5,1.889,1.75,0.4809,0.3851,,backtest,14.0,
2026-09-13,mid-52277,chi_primera,Colo Colo,,tiros,19.5,2.167,1.571,0.4203,0.3218,,backtest,14.0,
2026-09-13,mid-52277,chi_primera,Deportes Concepcion,,tiros,8.5,1.571,2.167,0.5797,0.6056,,backtest,5.0,
2026-09-13,mid-52277,chi_primera,Deportes Concepcion,,tiros,9.5,1.833,1.8,0.4955,0.4977,,backtest,5.0,
2026-09-13,mid-52277,chi_primera,Deportes Concepcion,,tiros,10.5,2.222,1.538,0.409,0.3947,,backtest,5.0,
2026-09-13,mid-52280,bra_serie_b,Novorizontino,,tiros,14.5,1.546,2.2,0.5873,0.4473,menos,backtest,1.0,
2026-09-13,mid-52280,bra_serie_b,Novorizontino,,tiros,15.5,1.75,1.889,0.5191,0.3698,menos,backtest,1.0,
2026-09-13,mid-52280,bra_serie_b,Novorizontino,,tiros,16.5,2.0,1.667,0.4546,0.2994,menos,backtest,1.0,
2026-09-13,mid-52280,bra_serie_b,Cuiabá,,tiros,9.5,1.636,2.05,0.5562,0.5627,,backtest,6.0,
2026-09-13,mid-52280,bra_serie_b,Cuiabá,,tiros,10.5,1.933,1.714,0.47,0.4602,,backtest,6.0,
2026-09-13,mid-52280,bra_serie_b,Cuiabá,,tiros,11.5,2.3,1.5,0.3947,0.3643,,backtest,6.0,
2026-09-13,mid-52281,bra_serie_b,Fortaleza,,tiros,14.5,1.538,2.222,0.591,0.4593,menos,backtest,12.0,
2026-09-13,mid-52281,bra_serie_b,Fortaleza,,tiros,15.5,1.75,1.889,0.5191,0.3815,menos,backtest,12.0,
2026-09-13,mid-52281,bra_serie_b,Fortaleza,,tiros,16.5,2.0,1.667,0.4546,0.3103,menos,backtest,12.0,
2026-09-13,mid-52281,bra_serie_b,Ceará,,tiros,9.5,1.667,2.0,0.5454,0.517,,backtest,9.0,
2026-09-13,mid-52281,bra_serie_b,Ceará,,tiros,10.5,1.95,1.7,0.4658,0.4139,,backtest,9.0,
2026-09-13,mid-52281,bra_serie_b,Ceará,,tiros,11.5,2.364,1.48,0.385,0.3202,,backtest,9.0,
2026-09-13,mid-52282,chi_primera,Audax Italiano,,tiros,12.5,1.615,2.083,0.5633,0.5336,,backtest,12.0,
2026-09-13,mid-52282,chi_primera,Audax Italiano,,tiros,13.5,1.857,1.778,0.4891,0.4471,,backtest,12.0,
2026-09-13,mid-52282,chi_primera,Audax Italiano,,tiros,14.5,2.167,1.571,0.4203,0.3659,,backtest,12.0,
2026-09-13,mid-52282,chi_primera,O'Higgins,,tiros,11.5,1.636,2.05,0.5562,0.44,menos,backtest,14.0,
2026-09-13,mid-52282,chi_primera,O'Higgins,,tiros,12.5,1.909,1.733,0.4758,0.3502,menos,backtest,14.0,
2026-09-13,mid-52282,chi_primera,O'Higgins,,tiros,13.5,2.25,1.53,0.4048,0.2708,menos,backtest,14.0,
2026-09-13,mid-52283,col_primera_a,Once Caldas,,tiros,14.5,1.889,1.75,0.4809,0.3726,menos,backtest,7.0,
2026-09-13,mid-52283,col_primera_a,Deportivo Cali,,tiros,10.5,1.733,1.909,0.5242,0.6355,más,backtest,10.0,
2026-09-14,mid-52284,mls,San Diego FC,,tiros,10.5,1.5,2.3,0.6053,0.5341,,backtest,10.0,
2026-09-14,mid-52284,mls,San Diego FC,,tiros,11.5,1.733,1.941,0.5283,0.4373,,backtest,10.0,
2026-09-14,mid-52284,mls,San Diego FC,,tiros,12.5,2.0,1.667,0.4546,0.3476,menos,backtest,10.0,
2026-09-14,mid-52284,mls,Philadelphia Union,,tiros,12.5,1.571,2.167,0.5797,0.6135,,backtest,21.0,
2026-09-14,mid-52284,mls,Philadelphia Union,,tiros,13.5,1.818,1.85,0.5044,0.5298,,backtest,21.0,
2026-09-14,mid-52284,mls,Philadelphia Union,,tiros,14.5,2.083,1.615,0.4367,0.4477,,backtest,21.0,
2026-09-14,mid-52285,serie_a,Torino,,tiros,9.5,1.846,1.818,0.4962,0.2798,menos,backtest,8.0,
2026-09-14,mid-52285,serie_a,Roma,,tiros,14.5,1.95,1.727,0.4697,0.7402,más,backtest,14.0,
2026-09-14,mid-52288,premier,Leeds,,tiros,13.5,1.733,1.941,0.5283,0.5448,,backtest,15.0,
2026-09-14,mid-52288,premier,Newcastle,,tiros,12.5,1.818,1.846,0.5038,0.5399,,backtest,7.0,
2026-09-14,mid-52289,serie_a,Como,,tiros,18.5,1.846,1.818,0.4962,0.6998,más,backtest,29.0,
2026-09-14,mid-52289,serie_a,Parma,,tiros,6.5,1.75,1.923,0.5236,0.632,más,backtest,12.0,
2026-09-14,mid-52294,laliga,Villarreal,,tiros,13.5,1.733,1.941,0.5283,0.7601,más,backtest,14.0,
2026-09-14,mid-52294,laliga,Betis,,tiros,12.5,1.96,1.714,0.4665,0.451,,backtest,26.0,
2026-09-14,mid-52298,liga_mx,Santos Laguna,,tiros,12.5,1.5,2.3,0.6053,0.625,,backtest,25.0,
2026-09-14,mid-52298,liga_mx,Santos Laguna,,tiros,13.5,1.727,1.95,0.5303,0.5421,,backtest,25.0,
2026-09-14,mid-52298,liga_mx,Santos Laguna,,tiros,14.5,1.96,1.692,0.4633,0.4601,,backtest,25.0,
2026-09-14,mid-52298,liga_mx,Juarez,,tiros,9.5,1.615,2.083,0.5633,0.6542,,backtest,12.0,
2026-09-14,mid-52298,liga_mx,Juarez,,tiros,10.5,1.909,1.76,0.4797,0.5573,,backtest,12.0,
2026-09-14,mid-52298,liga_mx,Juarez,,tiros,11.5,2.25,1.52,0.4032,0.461,,backtest,12.0,
2026-09-14,mid-52300,liga_mx,Guadalajara Chivas,,tiros,16.5,1.615,2.083,0.5633,0.4149,menos,backtest,8.0,
2026-09-14,mid-52300,liga_mx,Guadalajara Chivas,,tiros,17.5,1.818,1.846,0.5038,0.345,menos,backtest,8.0,
2026-09-14,mid-52300,liga_mx,Guadalajara Chivas,,tiros,18.5,2.083,1.615,0.4367,0.2817,menos,backtest,8.0,
2026-09-14,mid-52300,liga_mx,UNAM Pumas,,tiros,8.5,1.5,2.3,0.6053,0.6453,,backtest,15.0,
2026-09-14,mid-52300,liga_mx,UNAM Pumas,,tiros,9.5,1.778,1.889,0.5151,0.5405,,backtest,15.0,
2026-09-14,mid-52300,liga_mx,UNAM Pumas,,tiros,10.5,2.083,1.615,0.4367,0.4375,,backtest,15.0,
2026-09-14,mid-52301,col_primera_a,Cúcuta Deportivo,,tiros,10.5,1.95,1.7,0.4658,0.5264,,backtest,7.0,
2026-09-14,mid-52301,col_primera_a,Millonarios,,tiros,14.5,1.933,1.714,0.47,0.3948,,backtest,10.0,
2026-09-15,mid-52318,brasil,Bahia,,tiros,17.5,1.95,1.727,0.4697,0.4296,,backtest,17.0,
2026-09-15,mid-52318,brasil,Remo,,tiros,10.5,1.889,1.778,0.4849,0.5386,,backtest,14.0,
2026-09-16,mid-52343,col_primera_a,Boyacá Chicó FC,,tiros,11.5,1.733,1.909,0.5242,0.4801,,backtest,10.0,
2026-09-16,mid-52343,col_primera_a,Alianza FC,,tiros,10.5,1.85,1.786,0.4912,0.2693,menos,backtest,5.0,
2026-09-16,mid-52360,bra_serie_b,CRB,,tiros,18.5,1.571,2.167,0.5797,0.2217,menos,backtest,22.0,
2026-09-16,mid-52360,bra_serie_b,CRB,,tiros,19.5,1.75,1.889,0.5191,0.1727,menos,backtest,22.0,
2026-09-16,mid-52360,bra_serie_b,CRB,,tiros,20.5,1.96,1.692,0.4633,0.1323,menos,backtest,22.0,
2026-09-16,mid-52360,bra_serie_b,Sport,,tiros,10.5,1.5,2.3,0.6053,0.5388,,backtest,11.0,
2026-09-16,mid-52360,bra_serie_b,Sport,,tiros,11.5,1.727,1.923,0.5268,0.4421,,backtest,11.0,
2026-09-16,mid-52360,bra_serie_b,Sport,,tiros,12.5,2.0,1.667,0.4546,0.3522,menos,backtest,11.0,
2026-09-16,mid-52361,brasil,Botafogo RJ,,tiros,17.5,1.846,1.818,0.4962,0.6025,más,backtest,10.0,
2026-09-16,mid-52361,brasil,Gremio,,tiros,10.5,1.85,1.818,0.4956,0.603,más,backtest,13.0,
2026-09-16,mid-52363,laliga,Barcelona,,tiros,21.5,1.778,1.889,0.5151,0.5594,,backtest,30.0,
2026-09-16,mid-52363,laliga,Santander,,tiros,6.5,1.68,2.0,0.5435,0.3854,menos,backtest,5.0,
2026-09-16,mid-52364,liga_mx,Puebla,,tiros,10.5,1.667,2.0,0.5454,0.5025,,backtest,14.0,
2026-09-16,mid-52364,liga_mx,Puebla,,tiros,11.5,1.95,1.727,0.4697,0.4057,,backtest,14.0,
2026-09-16,mid-52364,liga_mx,Puebla,,tiros,12.5,2.3,1.5,0.3947,0.3177,,backtest,14.0,
2026-09-16,mid-52364,liga_mx,Toluca,,tiros,15.5,1.615,2.083,0.5633,0.636,,backtest,11.0,
2026-09-16,mid-52364,liga_mx,Toluca,,tiros,16.5,1.846,1.818,0.4962,0.5651,,backtest,11.0,
2026-09-16,mid-52364,liga_mx,Toluca,,tiros,17.5,2.1,1.6,0.4324,0.4942,,backtest,11.0,
2026-09-17,mid-52381,laliga,Betis,,tiros,14.5,1.96,1.714,0.4665,0.5981,más,backtest,22.0,
2026-09-17,mid-52381,laliga,Getafe,,tiros,9.5,1.818,1.85,0.5044,0.6757,más,backtest,8.0,
2026-09-17,mid-52382,laliga,Malaga,,tiros,11.5,1.818,1.846,0.5038,0.6172,más,backtest,5.0,
2026-09-17,mid-52382,laliga,Villarreal,,tiros,13.5,1.818,1.85,0.5044,0.5272,,backtest,16.0,
2026-09-18,mid-52385,eng_championship,Bristol City,,tiros,14.5,1.909,1.76,0.4797,0.564,,backtest,17.0,
2026-09-18,mid-52385,eng_championship,Watford,,tiros,10.5,1.714,1.96,0.5335,0.5046,,backtest,10.0,
2026-09-18,mid-52388,bundesliga,Bayern Munich,,tiros,21.5,1.75,1.923,0.5236,0.5868,,backtest,23.0,
2026-09-18,mid-52388,bundesliga,Union Berlin,,tiros,8.5,1.941,1.733,0.4717,0.232,menos,backtest,3.0,
2026-09-18,mid-52390,serie_a,Monza,,tiros,12.5,1.75,1.923,0.5236,0.6254,más,backtest,15.0,
2026-09-18,mid-52390,serie_a,Sassuolo,,tiros,12.5,1.96,1.714,0.4665,0.4805,,backtest,20.0,
2026-09-18,mid-52396,premier,Brentford,,tiros,12.5,1.909,1.76,0.4797,0.6665,más,backtest,13.0,
2026-09-18,mid-52396,premier,Chelsea,,tiros,14.5,1.818,1.846,0.5038,0.4077,,backtest,12.0,
2026-09-18,mid-52405,ligue_1,Monaco,,tiros,14.5,1.909,1.76,0.4797,0.4512,,backtest,9.0,
2026-09-18,mid-52405,ligue_1,Lens,,tiros,13.5,1.941,1.733,0.4717,0.4135,,backtest,12.0,
2026-09-19,mid-52433,bra_serie_b,São Bernardo,,tiros,13.5,1.818,1.818,0.5,0.4474,,backtest,6.0,
2026-09-19,mid-52433,bra_serie_b,Atlético Goianiense,,tiros,12.5,1.75,1.889,0.5191,0.4609,,backtest,24.0,
2026-09-19,mid-52444,eng_championship,Portsmouth,,tiros,12.5,1.714,1.96,0.5335,0.7825,más,backtest,22.0,
2026-09-19,mid-52444,eng_championship,Blackburn,,tiros,9.5,1.75,1.923,0.5236,0.6037,,backtest,8.0,
2026-09-19,mid-52449,serie_a,Venezia,,tiros,10.5,1.76,1.909,0.5203,0.6261,más,backtest,17.0,
2026-09-19,mid-52449,serie_a,Lazio,,tiros,13.5,1.889,1.778,0.4849,0.591,más,backtest,12.0,
2026-09-19,mid-52457,bundesliga,Werder Bremen,,tiros,16.5,1.867,1.8,0.4909,0.4436,,backtest,20.0,
2026-09-19,mid-52457,bundesliga,Augsburg,,tiros,12.5,1.778,1.889,0.5151,0.5595,,backtest,7.0,
2026-09-19,mid-52467,eng_championship,Millwall,,tiros,11.5,1.867,1.8,0.4909,0.4648,,backtest,19.0,
2026-09-19,mid-52467,eng_championship,West Ham,,tiros,15.5,1.889,1.778,0.4849,0.4215,,backtest,15.0,
2026-09-19,mid-52468,eng_championship,Lincoln,,tiros,12.5,1.889,1.778,0.4849,0.4897,,backtest,13.0,
2026-09-19,mid-52468,eng_championship,Swansea,,tiros,12.5,1.8,1.867,0.5091,0.5582,,backtest,10.0,
2026-09-19,mid-52469,eng_championship,Cardiff,,tiros,17.5,1.846,1.818,0.4962,0.4227,,backtest,27.0,
2026-09-19,mid-52469,eng_championship,Charlton,,tiros,10.5,1.818,1.846,0.5038,0.4471,,backtest,6.0,
2026-09-19,mid-52499,eng_championship,Birmingham,,tiros,11.5,1.714,1.96,0.5335,0.6069,,backtest,15.0,
2026-09-19,mid-52499,eng_championship,Middlesbrough,,tiros,13.5,1.95,1.727,0.4697,0.4866,,backtest,15.0,
2026-09-19,mid-52500,ligue_1,Le Mans,,tiros,10.5,1.818,1.846,0.5038,0.7104,más,backtest,11.0,
2026-09-19,mid-52500,ligue_1,Lorient,,tiros,11.5,1.76,1.909,0.5203,0.6163,,backtest,9.0,
2026-09-19,mid-52501,ligue_1,Angers,,tiros,12.5,1.8,1.867,0.5091,0.6388,más,backtest,12.0,
2026-09-19,mid-52501,ligue_1,Troyes,,tiros,11.5,1.76,1.909,0.5203,0.554,,backtest,19.0,
2026-09-19,mid-52504,premier,Tottenham,,tiros,14.5,1.778,1.889,0.5151,0.5412,,backtest,20.0,
2026-09-19,mid-52504,premier,Aston Villa,,tiros,10.5,1.733,1.941,0.5283,0.508,,backtest,15.0,
2026-09-19,mid-52506,premier,Everton,,tiros,14.5,1.733,1.941,0.5283,0.6586,más,backtest,21.0,
2026-09-19,mid-52506,premier,Ipswich,,tiros,10.5,1.846,1.818,0.4962,0.5247,,backtest,13.0,
2026-09-19,mid-52509,ligue_1,Paris FC,,tiros,14.5,1.778,1.889,0.5151,0.6111,,backtest,17.0,
2026-09-19,mid-52509,ligue_1,Strasbourg,,tiros,10.5,1.867,1.8,0.4909,0.5215,,backtest,5.0,
2026-09-19,mid-52510,premier,Newcastle,,tiros,14.5,1.76,1.909,0.5203,0.5328,,backtest,12.0,
2026-09-19,mid-52510,premier,Hull,,tiros,10.5,1.76,1.909,0.5203,0.6025,,backtest,22.0,
2026-09-19,mid-52513,serie_a,Bologna,,tiros,14.5,1.846,1.818,0.4962,0.563,,backtest,11.0,
2026-09-19,mid-52513,serie_a,Torino,,tiros,10.5,1.96,1.714,0.4665,0.4699,,backtest,14.0,
2026-09-19,mid-52517,serie_a,Udinese,,tiros,13.5,1.818,1.846,0.5038,0.5379,,backtest,26.0,
2026-09-19,mid-52517,serie_a,Cagliari,,tiros,11.5,1.96,1.714,0.4665,0.5499,,backtest,5.0,
2026-09-19,mid-52522,ligue_1,Toulouse,,tiros,15.5,1.733,1.941,0.5283,0.5074,,backtest,14.0,
2026-09-19,mid-52522,ligue_1,Le Havre,,tiros,9.5,1.778,1.889,0.5151,0.6397,más,backtest,18.0,
2026-09-19,mid-52525,eng_championship,Stoke,,tiros,12.5,1.846,1.818,0.4962,0.6721,más,backtest,12.0,
2026-09-19,mid-52525,eng_championship,Sheffield United,,tiros,11.5,1.76,1.909,0.5203,0.4371,,backtest,8.0,
2026-09-19,mid-52526,eng_championship,Wrexham,,tiros,11.5,1.714,1.96,0.5335,0.6577,más,backtest,8.0,
2026-09-19,mid-52526,eng_championship,Southampton,,tiros,13.5,1.95,1.727,0.4697,0.5329,,backtest,20.0,
2026-09-19,mid-52531,laliga,Sevilla,,tiros,9.5,1.75,1.923,0.5236,0.3539,menos,backtest,7.0,
2026-09-19,mid-52531,laliga,Barcelona,,tiros,17.5,1.889,1.778,0.4849,0.2912,menos,backtest,24.0,
2026-09-19,mid-52532,laliga,Osasuna,,tiros,13.5,1.818,1.846,0.5038,0.4782,,backtest,10.0,
2026-09-19,mid-52532,laliga,Vallecano,,tiros,11.5,1.941,1.733,0.4717,0.4305,,backtest,19.0,
2026-09-19,mid-52534,bundesliga,Stuttgart,,tiros,13.5,1.714,1.96,0.5335,0.5871,,backtest,12.0,
2026-09-19,mid-52534,bundesliga,Dortmund,,tiros,11.5,1.75,1.923,0.5236,0.6589,más,backtest,13.0,
2026-09-19,mid-52536,brasil,Atletico-MG,,tiros,18.5,1.8,1.867,0.5091,0.3701,menos,backtest,26.0,
2026-09-19,mid-52536,brasil,Chapecoense-SC,,tiros,8.5,1.778,1.889,0.5151,0.735,más,backtest,7.0,
2026-09-19,mid-52542,liga_mx,Puebla,,tiros,14.5,1.636,2.05,0.5562,0.4628,,backtest,12.0,
2026-09-19,mid-52542,liga_mx,Puebla,,tiros,15.5,1.875,1.786,0.4878,0.3849,menos,backtest,12.0,
2026-09-19,mid-52542,liga_mx,Puebla,,tiros,16.5,2.143,1.583,0.4249,0.3136,menos,backtest,12.0,
2026-09-19,mid-52542,liga_mx,Atlante,,tiros,11.5,1.48,2.364,0.615,0.6567,,backtest,21.0,
2026-09-19,mid-52542,liga_mx,Atlante,,tiros,12.5,1.714,1.96,0.5335,0.5715,,backtest,21.0,
2026-09-19,mid-52542,liga_mx,Atlante,,tiros,13.5,1.96,1.692,0.4633,0.4859,,backtest,21.0,
2026-09-19,mid-52543,liga_mx,Juarez,,tiros,10.5,1.546,2.2,0.5873,0.5951,,backtest,14.0,
2026-09-19,mid-52543,liga_mx,Juarez,,tiros,11.5,1.818,1.846,0.5038,0.5002,,backtest,14.0,
2026-09-19,mid-52543,liga_mx,Juarez,,tiros,12.5,2.1,1.6,0.4324,0.4089,,backtest,14.0,
2026-09-19,mid-52543,liga_mx,Tigres UANL,,tiros,14.5,1.615,2.083,0.5633,0.6,,backtest,13.0,
2026-09-19,mid-52543,liga_mx,Tigres UANL,,tiros,15.5,1.846,1.818,0.4962,0.5237,,backtest,13.0,
2026-09-19,mid-52543,liga_mx,Tigres UANL,,tiros,16.5,2.1,1.6,0.4324,0.4489,,backtest,13.0,
2026-09-19,mid-52545,brasil,Remo,,tiros,13.5,1.909,1.76,0.4797,0.5015,,backtest,14.0,
2026-09-19,mid-52545,brasil,Santos,,tiros,13.5,1.85,1.818,0.4956,0.5058,,backtest,11.0,
2026-09-19,mid-52546,brasil,Mirassol,,tiros,15.5,1.923,1.75,0.4764,0.5581,,backtest,12.0,
2026-09-19,mid-52546,brasil,Botafogo RJ,,tiros,12.5,1.8,1.867,0.5091,0.4509,,backtest,12.0,
2026-09-19,mid-52548,eng_championship,Burnley,,tiros,14.5,1.778,1.889,0.5151,0.5628,,backtest,6.0,
2026-09-19,mid-52548,eng_championship,Derby,,tiros,10.5,1.941,1.733,0.4717,0.4792,,backtest,17.0,
2026-09-20,mid-52549,per_liga1,Melgar,,tiros,14.5,1.4,2.6,0.65,0.5879,,backtest,25.0,
2026-09-20,mid-52549,per_liga1,Melgar,,tiros,15.5,1.546,2.2,0.5873,0.5111,,backtest,25.0,
2026-09-20,mid-52549,per_liga1,Melgar,,tiros,17.5,2.0,1.667,0.4546,0.3655,,backtest,25.0,
2026-09-20,mid-52549,per_liga1,Melgar,,tiros,18.5,2.3,1.5,0.3947,0.3009,,backtest,25.0,
2026-09-20,mid-52549,per_liga1,Sport Boys,,tiros,9.5,1.778,1.857,0.5109,0.4743,,backtest,5.0,
2026-09-20,mid-52551,brasil,Corinthians,,tiros,13.5,1.76,1.909,0.5203,0.4955,,backtest,20.0,
2026-09-20,mid-52551,brasil,Fluminense,,tiros,10.5,1.85,1.818,0.4956,0.5504,,backtest,10.0,
2026-09-20,mid-52555,liga_mx,Atl. San Luis,,tiros,14.5,1.583,2.143,0.5751,0.5549,,backtest,12.0,
2026-09-20,mid-52555,liga_mx,Atl. San Luis,,tiros,15.5,1.818,1.846,0.5038,0.4771,,backtest,12.0,
2026-09-20,mid-52555,liga_mx,Atl. San Luis,,tiros,16.5,2.083,1.615,0.4367,0.4024,,backtest,12.0,
2026-09-20,mid-52555,liga_mx,Necaxa,,tiros,11.5,1.53,2.25,0.5952,0.6613,,backtest,10.0,
2026-09-20,mid-52555,liga_mx,Necaxa,,tiros,12.5,1.76,1.909,0.5203,0.5765,,backtest,10.0,
2026-09-20,mid-52555,liga_mx,Necaxa,,tiros,13.5,2.05,1.636,0.4438,0.4911,,backtest,10.0,
2026-09-20,mid-52556,premier,Leeds,,tiros,14.5,1.818,1.85,0.5044,0.5747,,backtest,13.0,
2026-09-20,mid-52556,premier,Crystal Palace,,tiros,10.5,1.8,1.867,0.5091,0.54,,backtest,12.0,
2026-09-20,mid-52558,liga_mx,Atlas,,tiros,12.5,1.583,2.143,0.5751,0.5206,,backtest,20.0,
2026-09-20,mid-52558,liga_mx,Atlas,,tiros,13.5,1.818,1.846,0.5038,0.434,,backtest,20.0,
2026-09-20,mid-52558,liga_mx,Atlas,,tiros,14.5,2.1,1.6,0.4324,0.3533,,backtest,20.0,
2026-09-20,mid-52558,liga_mx,UNAM Pumas,,tiros,11.5,1.6,2.1,0.5676,0.5277,,backtest,10.0,
2026-09-20,mid-52558,liga_mx,UNAM Pumas,,tiros,12.5,1.846,1.818,0.4962,0.4364,,backtest,10.0,
2026-09-20,mid-52558,liga_mx,UNAM Pumas,,tiros,13.5,2.143,1.583,0.4249,0.3514,,backtest,10.0,
2026-09-20,mid-52559,liga_mx,Club America,,tiros,13.5,1.6,2.1,0.5676,0.5348,,backtest,17.0,
2026-09-20,mid-52559,liga_mx,Club America,,tiros,14.5,1.833,1.833,0.5,0.4527,,backtest,17.0,
2026-09-20,mid-52559,liga_mx,Club America,,tiros,15.5,2.1,1.6,0.4324,0.375,,backtest,17.0,
2026-09-20,mid-52559,liga_mx,Guadalajara Chivas,,tiros,11.5,1.5,2.3,0.6053,0.6489,,backtest,9.0,
2026-09-20,mid-52559,liga_mx,Guadalajara Chivas,,tiros,12.5,1.727,1.95,0.5303,0.5629,,backtest,9.0,
2026-09-20,mid-52559,liga_mx,Guadalajara Chivas,,tiros,13.5,2.0,1.667,0.4546,0.4771,,backtest,9.0,
2026-09-20,mid-52560,liga_mx,Monterrey,,tiros,14.5,1.667,2.0,0.5454,0.5924,,backtest,17.0,
2026-09-20,mid-52560,liga_mx,Monterrey,,tiros,15.5,1.941,1.733,0.4717,0.5158,,backtest,17.0,
2026-09-20,mid-52560,liga_mx,Monterrey,,tiros,16.5,2.222,1.538,0.409,0.4409,,backtest,17.0,
2026-09-20,mid-52560,liga_mx,Cruz Azul,,tiros,11.5,1.6,2.1,0.5676,0.4859,,backtest,12.0,
2026-09-20,mid-52560,liga_mx,Cruz Azul,,tiros,12.5,1.867,1.8,0.4909,0.3948,,backtest,12.0,
2026-09-20,mid-52560,liga_mx,Cruz Azul,,tiros,13.5,2.167,1.571,0.4203,0.312,menos,backtest,12.0,
2026-09-20,mid-52564,laliga,Villarreal,,tiros,16.5,1.733,1.933,0.5273,0.5218,,backtest,21.0,
2026-09-20,mid-52564,laliga,Levante,,tiros,10.5,1.867,1.8,0.4909,0.5294,,backtest,6.0,
2026-09-20,mid-52565,laliga,Valencia,,tiros,12.5,1.778,1.889,0.5151,0.4987,,backtest,22.0,
2026-09-20,mid-52565,laliga,Sociedad,,tiros,11.5,1.778,1.889,0.5151,0.5882,,backtest,21.0,
2026-09-20,mid-52567,laliga,Getafe,,tiros,12.5,1.818,1.846,0.5038,0.5487,,backtest,20.0,
2026-09-20,mid-52567,laliga,Malaga,,tiros,8.5,1.75,1.923,0.5236,0.6391,más,backtest,11.0,
2026-09-20,mid-52569,brasil,Athletico-PR,,tiros,14.5,1.818,1.846,0.5038,0.504,,backtest,11.0,
2026-09-20,mid-52569,brasil,Bahia,,tiros,12.5,1.909,1.76,0.4797,0.5812,más,backtest,10.0,
2026-09-20,mid-52572,premier,Bournemouth,,tiros,13.5,1.76,1.909,0.5203,0.5182,,backtest,9.0,
2026-09-20,mid-52572,premier,Liverpool,,tiros,14.5,1.909,1.76,0.4797,0.3847,,backtest,12.0,
2026-09-20,mid-52575,col_primera_a,Deportivo Pasto,,tiros,12.5,1.75,1.889,0.5191,0.3676,menos,backtest,18.0,
2026-09-20,mid-52575,col_primera_a,Once Caldas,,tiros,12.5,1.833,1.8,0.4955,0.4371,,backtest,16.0,
2026-09-20,mid-52576,mls,Colorado Rapids,,tiros,13.5,1.6,2.1,0.5676,0.6755,más,backtest,18.0,
2026-09-20,mid-52576,mls,Colorado Rapids,,tiros,14.5,1.846,1.818,0.4962,0.6007,más,backtest,18.0,
2026-09-20,mid-52576,mls,Colorado Rapids,,tiros,15.5,2.1,1.6,0.4324,0.5244,,backtest,18.0,
2026-09-20,mid-52576,mls,Seattle Sounders,,tiros,9.5,1.636,2.05,0.5562,0.618,,backtest,16.0,
2026-09-20,mid-52576,mls,Seattle Sounders,,tiros,10.5,1.923,1.75,0.4764,0.5182,,backtest,16.0,
2026-09-20,mid-52576,mls,Seattle Sounders,,tiros,11.5,2.3,1.5,0.3947,0.4214,,backtest,16.0,
2026-09-20,mid-52589,brasil,Vasco,,tiros,17.5,1.615,2.083,0.5633,0.7907,más,backtest,32.0,
2026-09-20,mid-52589,brasil,Vasco,,tiros,18.5,1.818,1.846,0.5038,0.7409,más,backtest,32.0,
2026-09-20,mid-52589,brasil,Vasco,,tiros,19.5,2.05,1.636,0.4438,0.6871,más,backtest,32.0,
2026-09-20,mid-52589,brasil,Coritiba,,tiros,9.5,1.538,2.222,0.591,0.4704,menos,backtest,4.0,
2026-09-20,mid-52589,brasil,Coritiba,,tiros,10.5,1.818,1.85,0.5044,0.368,menos,backtest,4.0,
2026-09-20,mid-52589,brasil,Coritiba,,tiros,11.5,2.143,1.583,0.4249,0.2779,menos,backtest,4.0,
2026-09-20,mid-52598,sco_premiership,Celtic,,tiros,14.5,1.857,1.778,0.4891,0.4169,,backtest,5.0,
2026-09-20,mid-52598,sco_premiership,Rangers,,tiros,11.5,1.875,1.76,0.4842,0.5704,,backtest,15.0,
2026-09-20,mid-52602,bundesliga,Paderborn,,tiros,12.5,1.941,1.733,0.4717,0.5374,,backtest,13.0,
2026-09-20,mid-52602,bundesliga,Hoffenheim,,tiros,16.5,1.95,1.727,0.4697,0.6204,más,backtest,23.0,
2026-09-20,mid-52610,serie_a,Frosinone,,tiros,11.5,1.786,1.875,0.5122,0.4922,,backtest,22.0,
2026-09-20,mid-52610,serie_a,Como,,tiros,19.5,1.909,1.76,0.4797,0.5153,,backtest,27.0,
2026-09-20,mid-52611,serie_a,Juventus,,tiros,17.5,1.76,1.909,0.5203,0.5917,,backtest,14.0,
2026-09-20,mid-52611,serie_a,Atalanta,,tiros,9.5,1.692,2.0,0.5417,0.3839,menos,backtest,11.0,
2026-09-20,mid-52615,eredivisie,Feyenoord,,tiros,19.5,1.923,1.727,0.4732,0.5449,,backtest,23.0,
2026-09-20,mid-52615,eredivisie,Utrecht,,tiros,9.5,1.933,1.714,0.47,0.4282,,backtest,5.0,
2026-09-20,mid-52617,ligue_1,Auxerre,,tiros,12.5,1.867,1.8,0.4909,0.4834,,backtest,11.0,
2026-09-20,mid-52617,ligue_1,Brest,,tiros,12.5,1.833,1.833,0.5,0.6591,más,backtest,8.0,
2026-09-20,mid-52619,serie_a,Milan,,tiros,16.5,1.941,1.733,0.4717,0.5594,,backtest,10.0,
2026-09-20,mid-52619,serie_a,Lecce,,tiros,7.5,1.818,1.85,0.5044,0.5212,,backtest,6.0,
2026-09-20,mid-52627,mls,CF Montreal,,tiros,12.5,1.615,2.083,0.5633,0.5096,,backtest,9.0,
2026-09-20,mid-52627,mls,CF Montreal,,tiros,13.5,1.889,1.778,0.4849,0.423,,backtest,9.0,
2026-09-20,mid-52627,mls,CF Montreal,,tiros,14.5,2.167,1.571,0.4203,0.3427,,backtest,9.0,
2026-09-20,mid-52627,mls,Columbus Crew,,tiros,10.5,1.53,2.25,0.5952,0.6725,,backtest,13.0,
2026-09-20,mid-52627,mls,Columbus Crew,,tiros,11.5,1.778,1.889,0.5151,0.5834,,backtest,13.0,
2026-09-20,mid-52627,mls,Columbus Crew,,tiros,12.5,2.083,1.615,0.4367,0.4935,,backtest,13.0,
2026-09-20,mid-52628,mls,FC Dallas,,tiros,13.5,1.571,2.167,0.5797,0.6635,,backtest,12.0,
2026-09-20,mid-52628,mls,FC Dallas,,tiros,14.5,1.8,1.867,0.5091,0.5876,,backtest,12.0,
2026-09-20,mid-52628,mls,FC Dallas,,tiros,15.5,2.05,1.636,0.4438,0.5108,,backtest,12.0,
2026-09-20,mid-52628,mls,Austin FC,,tiros,9.5,1.53,2.25,0.5952,0.5554,,backtest,8.0,
2026-09-20,mid-52628,mls,Austin FC,,tiros,10.5,1.786,1.875,0.5122,0.4527,,backtest,8.0,
2026-09-20,mid-52628,mls,Austin FC,,tiros,11.5,2.1,1.6,0.4324,0.3571,,backtest,8.0,
2026-09-20,mid-52631,mls,Nashville SC,,tiros,13.5,1.615,2.083,0.5633,0.5812,,backtest,13.0,
2026-09-20,mid-52631,mls,Nashville SC,,tiros,14.5,1.867,1.8,0.4909,0.5003,,backtest,13.0,
2026-09-20,mid-52631,mls,Nashville SC,,tiros,15.5,2.143,1.583,0.4249,0.4219,,backtest,13.0,
2026-09-20,mid-52631,mls,Chicago Fire,,tiros,9.5,1.48,2.364,0.615,0.6223,,backtest,9.0,
2026-09-20,mid-52631,mls,Chicago Fire,,tiros,10.5,1.733,1.941,0.5283,0.5228,,backtest,9.0,
2026-09-20,mid-52631,mls,Chicago Fire,,tiros,11.5,2.0,1.667,0.4546,0.4259,,backtest,9.0,
2026-09-20,mid-52632,mls,New England Revolution,,tiros,14.5,1.53,2.25,0.5952,0.6687,,backtest,17.0,
2026-09-20,mid-52632,mls,New England Revolution,,tiros,15.5,1.733,1.941,0.5283,0.5969,,backtest,17.0,
2026-09-20,mid-52632,mls,New England Revolution,,tiros,16.5,1.96,1.692,0.4633,0.524,,backtest,17.0,
2026-09-20,mid-52632,mls,Orlando City,,tiros,10.5,1.52,2.25,0.5968,0.5875,,backtest,11.0,
2026-09-20,mid-52632,mls,Orlando City,,tiros,11.5,1.76,1.909,0.5203,0.4922,,backtest,11.0,
2026-09-20,mid-52632,mls,Orlando City,,tiros,12.5,2.05,1.636,0.4438,0.401,,backtest,11.0,
2026-09-20,mid-52634,mls,Real Salt Lake,,tiros,10.5,1.615,2.083,0.5633,0.5027,,backtest,12.0,
2026-09-20,mid-52634,mls,Real Salt Lake,,tiros,11.5,1.909,1.76,0.4797,0.4058,,backtest,12.0,
2026-09-20,mid-52634,mls,Real Salt Lake,,tiros,12.5,2.222,1.538,0.409,0.3178,,backtest,12.0,
2026-09-20,mid-52634,mls,Vancouver Whitecaps,,tiros,13.5,1.546,2.2,0.5873,0.593,,backtest,21.0,
2026-09-20,mid-52634,mls,Vancouver Whitecaps,,tiros,14.5,1.778,1.889,0.5151,0.5126,,backtest,21.0,
2026-09-20,mid-52634,mls,Vancouver Whitecaps,,tiros,15.5,2.05,1.636,0.4438,0.4342,,backtest,21.0,
2026-09-20,mid-52636,mls,Sporting Kansas City,,tiros,10.5,1.538,2.222,0.591,0.3917,menos,backtest,10.0,
2026-09-20,mid-52636,mls,Sporting Kansas City,,tiros,11.5,1.8,1.867,0.5091,0.2996,menos,backtest,10.0,
2026-09-20,mid-52636,mls,Sporting Kansas City,,tiros,12.5,2.1,1.6,0.4324,0.2216,menos,backtest,10.0,
2026-09-20,mid-52636,mls,Philadelphia Union,,tiros,15.5,1.556,2.2,0.5857,0.6167,,backtest,11.0,
2026-09-20,mid-52636,mls,Philadelphia Union,,tiros,16.5,1.76,1.909,0.5203,0.5447,,backtest,11.0,
2026-09-20,mid-52636,mls,Philadelphia Union,,tiros,17.5,2.0,1.667,0.4546,0.4734,,backtest,11.0,
2026-09-20,mid-52637,mls,St. Louis City,,tiros,14.5,1.583,2.143,0.5751,0.5156,,backtest,18.0,
2026-09-20,mid-52637,mls,St. Louis City,,tiros,15.5,1.818,1.85,0.5044,0.4372,,backtest,18.0,
2026-09-20,mid-52637,mls,St. Louis City,,tiros,16.5,2.083,1.615,0.4367,0.3634,,backtest,18.0,
2026-09-20,mid-52637,mls,Toronto FC,,tiros,9.5,1.571,2.167,0.5797,0.6282,,backtest,10.0,
2026-09-20,mid-52637,mls,Toronto FC,,tiros,10.5,1.846,1.818,0.4962,0.5291,,backtest,10.0,
2026-09-20,mid-52637,mls,Toronto FC,,tiros,11.5,2.167,1.571,0.4203,0.4323,,backtest,10.0,
2026-09-20,mid-52638,mls,Houston Dynamo,,tiros,13.5,1.53,2.25,0.5952,0.68,,backtest,7.0,
2026-09-20,mid-52638,mls,Houston Dynamo,,tiros,14.5,1.733,1.941,0.5283,0.6056,,backtest,7.0,
2026-09-20,mid-52638,mls,Houston Dynamo,,tiros,15.5,2.0,1.667,0.4546,0.5296,,backtest,7.0,
2026-09-20,mid-52638,mls,FC Cincinnati,,tiros,9.5,1.571,2.167,0.5797,0.5924,,backtest,26.0,
2026-09-20,mid-52638,mls,FC Cincinnati,,tiros,10.5,1.846,1.818,0.4962,0.4911,,backtest,26.0,
2026-09-20,mid-52638,mls,FC Cincinnati,,tiros,11.5,2.2,1.546,0.4127,0.3945,,backtest,26.0,
2026-09-20,mid-52639,eng_championship,Norwich,,tiros,16.5,1.923,1.75,0.4764,0.5122,,backtest,10.0,
2026-09-20,mid-52639,eng_championship,Bolton,,tiros,9.5,1.733,1.941,0.5283,0.6163,,backtest,9.0,
2026-09-20,mid-52640,brasil,Sao Paulo,,tiros,13.5,1.6,2.1,0.5676,0.5412,,backtest,6.0,
2026-09-20,mid-52640,brasil,Sao Paulo,,tiros,14.5,1.846,1.818,0.4962,0.4592,,backtest,6.0,
2026-09-20,mid-52640,brasil,Sao Paulo,,tiros,15.5,2.1,1.6,0.4324,0.3814,,backtest,6.0,
2026-09-20,mid-52640,brasil,Internacional,,tiros,10.5,1.636,2.05,0.5562,0.5413,,backtest,13.0,
2026-09-20,mid-52640,brasil,Internacional,,tiros,11.5,1.923,1.75,0.4764,0.4446,,backtest,13.0,
2026-09-20,mid-52640,brasil,Internacional,,tiros,12.5,2.25,1.52,0.4032,0.3546,,backtest,13.0,
2026-09-20,mid-52642,brasil,Vitoria,,tiros,13.5,1.818,1.85,0.5044,0.5585,,backtest,21.0,
2026-09-20,mid-52642,brasil,Cruzeiro,,tiros,13.5,1.75,1.923,0.5236,0.5862,,backtest,14.0,
2026-09-20,mid-52643,brasil,Gremio,,tiros,12.5,1.909,1.76,0.4797,0.4867,,backtest,7.0,
2026-09-20,mid-52643,brasil,Palmeiras,,tiros,15.5,1.941,1.733,0.4717,0.4515,,backtest,31.0,
2026-09-20,mid-52646,bundesliga,Leverkusen,,tiros,15.5,1.8,1.867,0.5091,0.533,,backtest,18.0,
2026-09-20,mid-52646,bundesliga,RB Leipzig,,tiros,12.5,1.778,1.889,0.5151,0.3518,menos,backtest,12.0,
2026-09-20,mid-52650,bundesliga,Schalke 04,,tiros,14.5,1.75,1.923,0.5236,0.4988,,backtest,13.0,
2026-09-20,mid-52650,bundesliga,Elversberg,,tiros,11.5,1.909,1.76,0.4797,0.5053,,backtest,11.0,
2026-09-20,mid-52651,ligue_1,Nice,,tiros,10.5,1.727,1.95,0.5303,0.7474,más,backtest,10.0,
2026-09-20,mid-52651,ligue_1,Lille,,tiros,12.5,1.733,1.941,0.5283,0.4576,,backtest,21.0,
2026-09-21,mid-52652,liga_mx,Queretaro,,tiros,12.5,1.583,2.143,0.5751,0.6545,,backtest,19.0,
2026-09-21,mid-52652,liga_mx,Queretaro,,tiros,13.5,1.818,1.846,0.5038,0.5737,,backtest,19.0,
2026-09-21,mid-52652,liga_mx,Queretaro,,tiros,14.5,2.1,1.6,0.4324,0.4925,,backtest,19.0,
2026-09-21,mid-52652,liga_mx,Club Leon,,tiros,13.5,1.571,2.167,0.5797,0.6092,,backtest,14.0,
2026-09-21,mid-52652,liga_mx,Club Leon,,tiros,14.5,1.8,1.867,0.5091,0.5295,,backtest,14.0,
2026-09-21,mid-52652,liga_mx,Club Leon,,tiros,15.5,2.083,1.615,0.4367,0.4513,,backtest,14.0,
2026-09-21,mid-52653,col_primera_a,Llaneros FC,,tiros,10.5,1.75,1.889,0.5191,0.331,menos,backtest,8.0,
2026-09-21,mid-52653,col_primera_a,Atlético Nacional,,tiros,14.5,1.786,1.85,0.5088,0.3638,menos,backtest,20.0,
2026-09-21,mid-52654,mls,Inter Miami,,tiros,14.5,1.6,2.1,0.5676,0.705,más,backtest,19.0,
2026-09-21,mid-52654,mls,Inter Miami,,tiros,15.5,1.818,1.846,0.5038,0.6366,más,backtest,19.0,
2026-09-21,mid-52654,mls,Inter Miami,,tiros,16.5,2.083,1.615,0.4367,0.5658,más,backtest,19.0,
2026-09-21,mid-52654,mls,San Diego FC,,tiros,10.5,1.667,2.0,0.5454,0.4318,menos,backtest,8.0,
2026-09-21,mid-52654,mls,San Diego FC,,tiros,11.5,1.96,1.714,0.4665,0.3371,menos,backtest,8.0,
2026-09-21,mid-52654,mls,San Diego FC,,tiros,12.5,2.3,1.5,0.3947,0.2548,menos,backtest,8.0,
2026-09-21,mid-52655,liga_mx,Pachuca,,tiros,16.5,1.6,2.1,0.5676,0.3716,menos,backtest,29.0,
2026-09-21,mid-52655,liga_mx,Pachuca,,tiros,17.5,1.818,1.846,0.5038,0.3039,menos,backtest,29.0,
2026-09-21,mid-52655,liga_mx,Pachuca,,tiros,18.5,2.083,1.615,0.4367,0.244,menos,backtest,29.0,
2026-09-21,mid-52655,liga_mx,Club Tijuana,,tiros,9.5,1.538,2.222,0.591,0.6711,,backtest,8.0,
2026-09-21,mid-52655,liga_mx,Club Tijuana,,tiros,10.5,1.8,1.867,0.5091,0.5759,,backtest,8.0,
2026-09-21,mid-52655,liga_mx,Club Tijuana,,tiros,11.5,2.143,1.583,0.4249,0.4801,,backtest,8.0,
2026-09-21,mid-52656,liga_mx,Toluca,,tiros,21.5,1.667,2.0,0.5454,0.4067,menos,backtest,24.0,
2026-09-21,mid-52656,liga_mx,Toluca,,tiros,22.5,1.85,1.818,0.4956,0.349,menos,backtest,24.0,
2026-09-21,mid-52656,liga_mx,Toluca,,tiros,23.5,2.083,1.615,0.4367,0.2957,menos,backtest,24.0,
2026-09-21,mid-52656,liga_mx,Santos Laguna,,tiros,7.5,1.546,2.2,0.5873,0.701,más,backtest,22.0,
2026-09-21,mid-52656,liga_mx,Santos Laguna,,tiros,8.5,1.85,1.818,0.4956,0.5944,,backtest,22.0,
2026-09-21,mid-52656,liga_mx,Santos Laguna,,tiros,9.5,2.222,1.538,0.409,0.4859,,backtest,22.0,
2026-09-22,mid-52657,bra_serie_b,Cuiabá,,tiros,13.5,1.538,2.222,0.591,0.5145,,backtest,28.0,
2026-09-22,mid-52657,bra_serie_b,Cuiabá,,tiros,14.5,1.733,1.909,0.5242,0.4322,,backtest,28.0,
2026-09-22,mid-52657,bra_serie_b,Cuiabá,,tiros,15.5,2.0,1.667,0.4546,0.3553,,backtest,28.0,
2026-09-22,mid-52657,bra_serie_b,Náutico,,tiros,11.5,1.583,2.143,0.5751,0.4054,menos,backtest,12.0,
2026-09-22,mid-52657,bra_serie_b,Náutico,,tiros,12.5,1.818,1.818,0.5,0.3174,menos,backtest,12.0,
2026-09-22,mid-52657,bra_serie_b,Náutico,,tiros,13.5,2.143,1.583,0.4249,0.2413,menos,backtest,12.0,
2026-09-22,mid-52658,col_primera_a,Independiente Medellín,,tiros,17.5,1.909,1.733,0.4758,0.351,menos,backtest,24.0,
2026-09-22,mid-52658,col_primera_a,Jaguares de Córdoba,,tiros,8.5,1.733,1.909,0.5242,0.4743,,backtest,7.0,
2026-09-22,mid-52659,bra_serie_b,Criciúma,,tiros,14.5,1.818,1.818,0.5,0.5186,,backtest,26.0,
2026-09-22,mid-52659,bra_serie_b,Operário PR,,tiros,11.5,1.857,1.778,0.4891,0.4179,,backtest,5.0,
2026-09-24,mid-52677,mls,Seattle Sounders,,tiros,15.5,1.636,2.05,0.5562,0.5195,,backtest,11.0,
2026-09-24,mid-52677,mls,Seattle Sounders,,tiros,16.5,1.867,1.8,0.4909,0.4446,,backtest,11.0,
2026-09-24,mid-52677,mls,Seattle Sounders,,tiros,17.5,2.143,1.583,0.4249,0.3737,,backtest,11.0,
2026-09-24,mid-52677,mls,Real Salt Lake,,tiros,11.5,1.5,2.3,0.6053,0.545,,backtest,12.0,
2026-09-24,mid-52677,mls,Real Salt Lake,,tiros,12.5,1.733,1.941,0.5283,0.4539,,backtest,12.0,
2026-09-24,mid-52677,mls,Real Salt Lake,,tiros,13.5,2.0,1.667,0.4546,0.3682,,backtest,12.0,
2026-09-25,mid-52687,bra_serie_b,Novorizontino,,tiros,19.5,1.875,1.76,0.4842,0.3102,menos,backtest,17.0,
2026-09-25,mid-52687,bra_serie_b,São Bernardo,,tiros,10.5,1.909,1.733,0.4758,0.4503,,backtest,6.0,
2026-09-25,mid-52697,col_primera_a,Atlético Nacional,,tiros,15.5,1.818,1.818,0.5,0.3453,menos,backtest,13.0,
2026-09-25,mid-52697,col_primera_a,Millonarios,,tiros,11.5,1.76,1.875,0.5158,0.2639,menos,backtest,4.0,
2026-09-26,mid-52715,liga_mx,Club Tijuana,,tiros,13.5,1.6,2.1,0.5676,0.5522,,backtest,10.0,
2026-09-26,mid-52715,liga_mx,Club Tijuana,,tiros,14.5,1.846,1.818,0.4962,0.4704,,backtest,10.0,
2026-09-26,mid-52715,liga_mx,Club Tijuana,,tiros,15.5,2.1,1.6,0.4324,0.3924,,backtest,10.0,
2026-09-26,mid-52715,liga_mx,Atlas,,tiros,9.5,1.52,2.25,0.5968,0.6391,,backtest,21.0,
2026-09-26,mid-52715,liga_mx,Atlas,,tiros,10.5,1.76,1.909,0.5203,0.5409,,backtest,21.0,
2026-09-26,mid-52715,liga_mx,Atlas,,tiros,11.5,2.083,1.615,0.4367,0.4442,,backtest,21.0,
2026-09-26,mid-52716,liga_mx,Cruz Azul,,tiros,14.5,1.923,1.75,0.4764,0.4841,,backtest,17.0,
2026-09-26,mid-52716,liga_mx,Toluca,,tiros,14.5,1.941,1.733,0.4717,0.432,,backtest,18.0,
2026-09-26,mid-52719,liga_mx,Atlante,,tiros,12.5,1.52,2.25,0.5968,0.533,,backtest,14.0,
2026-09-26,mid-52719,liga_mx,Atlante,,tiros,13.5,1.733,1.941,0.5283,0.4466,,backtest,14.0,
2026-09-26,mid-52719,liga_mx,Atlante,,tiros,14.5,2.0,1.667,0.4546,0.3654,,backtest,14.0,
2026-09-26,mid-52719,liga_mx,Monterrey,,tiros,14.5,1.692,1.96,0.5367,0.5122,,backtest,17.0,
2026-09-26,mid-52719,liga_mx,Monterrey,,tiros,15.5,1.95,1.727,0.4697,0.4338,,backtest,17.0,
2026-09-26,mid-52719,liga_mx,Monterrey,,tiros,16.5,2.25,1.53,0.4048,0.3601,,backtest,17.0,
2026-09-26,mid-52731,col_primera_a,Once Caldas,,tiros,15.5,1.909,1.733,0.4758,0.3027,menos,backtest,29.0,
2026-09-26,mid-52731,col_primera_a,Atlético Bucaramanga,,tiros,10.5,1.75,1.889,0.5191,0.628,más,backtest,8.0,
2026-09-26,mid-52734,bra_serie_b,Goiás,,tiros,14.5,1.909,1.733,0.4758,0.3477,menos,backtest,24.0,
2026-09-26,mid-52734,bra_serie_b,Atlético Goianiense,,tiros,12.5,1.818,1.818,0.5,0.3688,menos,backtest,13.0,
2026-09-26,mid-52735,bra_serie_b,Operário PR,,tiros,15.5,1.875,1.76,0.4842,0.4393,,backtest,12.0,
2026-09-26,mid-52735,bra_serie_b,Ceará,,tiros,12.5,1.889,1.75,0.4809,0.4501,,backtest,15.0,
2026-09-26,mid-52736,bra_serie_b,Náutico,,tiros,16.5,1.818,1.818,0.5,0.3761,menos,backtest,12.0,
2026-09-26,mid-52736,bra_serie_b,Sport,,tiros,13.5,1.833,1.8,0.4955,0.3095,menos,backtest,24.0,
2026-09-27,mid-52755,col_primera_a,Jaguares de Córdoba,,tiros,12.5,1.818,1.818,0.5,0.3902,menos,backtest,15.0,
2026-09-27,mid-52755,col_primera_a,Alianza FC,,tiros,11.5,1.85,1.786,0.4912,0.4614,,backtest,16.0,
2026-09-27,mid-52756,col_primera_a,Fortaleza CEIF,,tiros,11.5,1.875,1.76,0.4842,0.4906,,backtest,14.0,
2026-09-27,mid-52756,col_primera_a,Deportes Tolima,,tiros,12.5,1.7,1.95,0.5342,0.4524,,backtest,7.0,
2026-09-27,mid-52757,bra_serie_b,Criciúma,,tiros,16.5,1.733,1.909,0.5242,0.4312,,backtest,19.0,
2026-09-27,mid-52757,bra_serie_b,Avaí,,tiros,10.5,1.818,1.818,0.5,0.4188,,backtest,1.0,
2026-09-27,mid-52758,bra_serie_b,CRB,,tiros,18.5,1.818,1.818,0.5,0.1864,menos,backtest,28.0,
2026-09-27,mid-52758,bra_serie_b,Cuiabá,,tiros,11.5,1.786,1.85,0.5088,0.3972,menos,backtest,13.0,
2026-09-27,mid-52760,bra_serie_b,Fortaleza,,tiros,17.5,1.933,1.714,0.47,0.3718,,backtest,16.0,
2026-09-27,mid-52760,bra_serie_b,Athletic,,tiros,9.5,1.8,1.833,0.5045,0.4629,,backtest,6.0,
2026-09-27,mid-52761,col_primera_a,Atlético Junior,,tiros,13.5,1.818,1.818,0.5,0.2986,menos,backtest,21.0,
2026-09-27,mid-52761,col_primera_a,Independiente Medellín,,tiros,12.5,1.76,1.875,0.5158,0.2836,menos,backtest,9.0,
2026-09-27,mid-52762,mls,Philadelphia Union,,tiros,17.5,1.538,2.222,0.591,0.6564,,backtest,20.0,
2026-09-27,mid-52762,mls,Philadelphia Union,,tiros,18.5,1.733,1.941,0.5283,0.5927,,backtest,20.0,
2026-09-27,mid-52762,mls,Philadelphia Union,,tiros,19.5,1.95,1.7,0.4658,0.5283,,backtest,20.0,
2026-09-27,mid-52762,mls,Orlando City,,tiros,8.5,1.52,2.25,0.5968,0.5154,,backtest,11.0,
2026-09-27,mid-52762,mls,Orlando City,,tiros,9.5,1.778,1.889,0.5151,0.405,menos,backtest,11.0,
2026-09-27,mid-52762,mls,Orlando City,,tiros,10.5,2.1,1.6,0.4324,0.3061,menos,backtest,11.0,
2026-09-27,mid-52775,liga_mx,UNAM Pumas,,tiros,13.5,1.923,1.75,0.4764,0.6612,más,backtest,15.0,
2026-09-27,mid-52775,liga_mx,Atl. San Luis,,tiros,10.5,1.727,1.95,0.5303,0.5857,,backtest,11.0,
2026-09-27,mid-52776,liga_mx,Tigres UANL,,tiros,17.5,1.667,2.0,0.5454,0.5351,,backtest,12.0,
2026-09-27,mid-52776,liga_mx,Tigres UANL,,tiros,18.5,1.909,1.76,0.4797,0.4665,,backtest,12.0,
2026-09-27,mid-52776,liga_mx,Tigres UANL,,tiros,19.5,2.167,1.571,0.4203,0.4006,,backtest,12.0,
2026-09-27,mid-52776,liga_mx,Puebla,,tiros,9.5,1.538,2.222,0.591,0.642,,backtest,10.0,
2026-09-27,mid-52776,liga_mx,Puebla,,tiros,10.5,1.8,1.867,0.5091,0.544,,backtest,10.0,
2026-09-27,mid-52776,liga_mx,Puebla,,tiros,11.5,2.1,1.6,0.4324,0.4474,,backtest,10.0,
2026-09-27,mid-52777,liga_mx,Santos Laguna,,tiros,12.5,1.583,2.143,0.5751,0.7377,más,backtest,17.0,
2026-09-27,mid-52777,liga_mx,Santos Laguna,,tiros,13.5,1.818,1.846,0.5038,0.6659,más,backtest,17.0,
2026-09-27,mid-52777,liga_mx,Santos Laguna,,tiros,14.5,2.1,1.6,0.4324,0.5902,más,backtest,17.0,
2026-09-27,mid-52777,liga_mx,Pachuca,,tiros,13.5,1.538,2.222,0.591,0.5279,,backtest,11.0,
2026-09-27,mid-52777,liga_mx,Pachuca,,tiros,14.5,1.75,1.923,0.5236,0.4458,,backtest,11.0,
2026-09-27,mid-52777,liga_mx,Pachuca,,tiros,15.5,2.0,1.667,0.4546,0.3683,,backtest,11.0,
2026-09-27,mid-52778,mls,Charlotte,,tiros,12.5,1.546,2.2,0.5873,0.6152,,backtest,11.0,
2026-09-27,mid-52778,mls,Charlotte,,tiros,13.5,1.786,1.875,0.5122,0.5317,,backtest,11.0,
2026-09-27,mid-52778,mls,Charlotte,,tiros,14.5,2.05,1.636,0.4438,0.4496,,backtest,11.0,
2026-09-27,mid-52778,mls,Chicago Fire,,tiros,12.5,1.5,2.3,0.6053,0.5864,,backtest,18.0,
2026-09-27,mid-52778,mls,Chicago Fire,,tiros,13.5,1.727,1.95,0.5303,0.5014,,backtest,18.0,
2026-09-27,mid-52778,mls,Chicago Fire,,tiros,14.5,1.96,1.692,0.4633,0.4192,,backtest,18.0,
2026-09-27,mid-52779,mls,CF Montreal,,tiros,12.5,1.52,2.25,0.5968,0.6406,,backtest,15.0,
2026-09-27,mid-52779,mls,CF Montreal,,tiros,13.5,1.733,1.941,0.5283,0.5587,,backtest,15.0,
2026-09-27,mid-52779,mls,CF Montreal,,tiros,14.5,2.0,1.667,0.4546,0.4771,,backtest,15.0,
2026-09-27,mid-52779,mls,FC Cincinnati,,tiros,12.5,1.667,2.0,0.5454,0.5918,,backtest,18.0,
2026-09-27,mid-52779,mls,FC Cincinnati,,tiros,13.5,1.941,1.733,0.4717,0.507,,backtest,18.0,
2026-09-27,mid-52779,mls,FC Cincinnati,,tiros,14.5,2.25,1.53,0.4048,0.4247,,backtest,18.0,
2026-09-27,mid-52781,liga_mx,Guadalajara Chivas,,tiros,18.5,1.667,2.0,0.5454,0.333,menos,backtest,26.0,
2026-09-27,mid-52781,liga_mx,Guadalajara Chivas,,tiros,19.5,1.875,1.786,0.4878,0.273,menos,backtest,26.0,
2026-09-27,mid-52781,liga_mx,Guadalajara Chivas,,tiros,20.5,2.1,1.6,0.4324,0.2201,menos,backtest,26.0,
2026-09-27,mid-52781,liga_mx,Queretaro,,tiros,8.5,1.538,2.222,0.591,0.7133,más,backtest,13.0,
2026-09-27,mid-52781,liga_mx,Queretaro,,tiros,9.5,1.818,1.846,0.5038,0.6166,más,backtest,13.0,
2026-09-27,mid-52781,liga_mx,Queretaro,,tiros,10.5,2.167,1.571,0.4203,0.5167,,backtest,13.0,
2026-09-27,mid-52783,mls,Seattle Sounders,,tiros,12.5,1.53,2.25,0.5952,0.6685,,backtest,13.0,
2026-09-27,mid-52783,mls,Seattle Sounders,,tiros,13.5,1.75,1.923,0.5236,0.5889,,backtest,13.0,
2026-09-27,mid-52783,mls,Seattle Sounders,,tiros,14.5,2.0,1.667,0.4546,0.5083,,backtest,13.0,
2026-09-27,mid-52783,mls,Minnesota United,,tiros,11.5,1.615,2.083,0.5633,0.6101,,backtest,14.0,
2026-09-27,mid-52783,mls,Minnesota United,,tiros,12.5,1.867,1.8,0.4909,0.5215,,backtest,14.0,
2026-09-27,mid-52783,mls,Minnesota United,,tiros,13.5,2.167,1.571,0.4203,0.4349,,backtest,14.0,
2026-09-27,mid-52784,mls,San Jose Earthquakes,,tiros,14.5,1.615,2.083,0.5633,0.6716,más,backtest,13.0,
2026-09-27,mid-52784,mls,San Jose Earthquakes,,tiros,15.5,1.85,1.818,0.4956,0.6,más,backtest,13.0,
2026-09-27,mid-52784,mls,San Jose Earthquakes,,tiros,16.5,2.143,1.583,0.4249,0.5273,más,backtest,13.0,
2026-09-27,mid-52784,mls,Portland Timbers,,tiros,11.5,1.667,2.0,0.5454,0.5208,,backtest,18.0,
2026-09-27,mid-52784,mls,Portland Timbers,,tiros,12.5,1.95,1.727,0.4697,0.4294,,backtest,18.0,
2026-09-27,mid-52784,mls,Portland Timbers,,tiros,13.5,2.3,1.5,0.3947,0.3447,,backtest,18.0,
2026-09-27,mid-52785,mls,Austin FC,,tiros,11.5,1.6,2.1,0.5676,0.6238,,backtest,13.0,
2026-09-27,mid-52785,mls,Austin FC,,tiros,12.5,1.867,1.8,0.4909,0.536,,backtest,13.0,
2026-09-27,mid-52785,mls,Austin FC,,tiros,13.5,2.167,1.571,0.4203,0.4496,,backtest,13.0,
2026-09-27,mid-52785,mls,San Diego FC,,tiros,11.5,1.6,2.1,0.5676,0.6502,,backtest,15.0,
2026-09-27,mid-52785,mls,San Diego FC,,tiros,12.5,1.85,1.818,0.4956,0.5643,,backtest,15.0,
2026-09-27,mid-52785,mls,San Diego FC,,tiros,13.5,2.167,1.571,0.4203,0.4785,,backtest,15.0,
2026-09-27,mid-52788,mls,Real Salt Lake,,tiros,13.5,1.667,2.0,0.5454,0.6109,,backtest,9.0,
2026-09-27,mid-52788,mls,Real Salt Lake,,tiros,14.5,1.941,1.733,0.4717,0.5314,,backtest,9.0,
2026-09-27,mid-52788,mls,Real Salt Lake,,tiros,15.5,2.25,1.53,0.4048,0.4531,,backtest,9.0,
2026-09-27,mid-52788,mls,New England Revolution,,tiros,11.5,1.667,2.0,0.5454,0.563,,backtest,16.0,
2026-09-27,mid-52788,mls,New England Revolution,,tiros,12.5,1.95,1.727,0.4697,0.4723,,backtest,16.0,
2026-09-27,mid-52788,mls,New England Revolution,,tiros,13.5,2.3,1.5,0.3947,0.3862,,backtest,16.0,
2026-09-27,mid-52789,mls,Houston Dynamo,,tiros,14.5,1.583,2.143,0.5751,0.5894,,backtest,21.0,
2026-09-27,mid-52789,mls,Houston Dynamo,,tiros,15.5,1.818,1.85,0.5044,0.5127,,backtest,21.0,
2026-09-27,mid-52789,mls,Houston Dynamo,,tiros,16.5,2.083,1.615,0.4367,0.4378,,backtest,21.0,
2026-09-27,mid-52789,mls,Sporting Kansas City,,tiros,8.5,1.6,2.1,0.5676,0.7091,más,backtest,10.0,
2026-09-27,mid-52789,mls,Sporting Kansas City,,tiros,9.5,1.889,1.778,0.4849,0.6117,más,backtest,10.0,
2026-09-27,mid-52789,mls,Sporting Kansas City,,tiros,10.5,2.25,1.52,0.4032,0.5115,más,backtest,10.0,
2026-09-27,mid-52791,mls,Nashville SC,,tiros,15.5,1.667,2.0,0.5454,0.582,,backtest,23.0,
2026-09-27,mid-52791,mls,Nashville SC,,tiros,16.5,1.909,1.76,0.4797,0.5085,,backtest,23.0,
2026-09-27,mid-52791,mls,Nashville SC,,tiros,17.5,2.167,1.571,0.4203,0.4367,,backtest,23.0,
2026-09-27,mid-52791,mls,Toronto FC,,tiros,8.5,1.667,2.0,0.5454,0.6075,,backtest,11.0,
2026-09-27,mid-52791,mls,Toronto FC,,tiros,9.5,2.0,1.692,0.4583,0.4997,,backtest,11.0,
2026-09-27,mid-52791,mls,Toronto FC,,tiros,10.5,2.4,1.462,0.3786,0.3967,,backtest,11.0,
2026-09-27,mid-52793,mls,Vancouver Whitecaps,,tiros,17.5,1.571,2.167,0.5797,0.595,,backtest,16.0,
2026-09-27,mid-52793,mls,Vancouver Whitecaps,,tiros,18.5,1.76,1.909,0.5203,0.528,,backtest,16.0,
2026-09-27,mid-52793,mls,Vancouver Whitecaps,,tiros,19.5,2.0,1.667,0.4546,0.462,,backtest,16.0,
2026-09-27,mid-52793,mls,DC United,,tiros,6.5,1.455,2.429,0.6254,0.6766,,backtest,21.0,
2026-09-27,mid-52793,mls,DC United,,tiros,7.5,1.75,1.923,0.5236,0.5567,,backtest,21.0,
2026-09-27,mid-52793,mls,DC United,,tiros,8.5,2.1,1.6,0.4324,0.4382,,backtest,21.0,
2026-09-28,mid-52810,liga_mx,Necaxa,,tiros,10.5,1.5,2.3,0.6053,0.6408,,backtest,15.0,
2026-09-28,mid-52810,liga_mx,Necaxa,,tiros,11.5,1.75,1.923,0.5236,0.5489,,backtest,15.0,
2026-09-28,mid-52810,liga_mx,Necaxa,,tiros,12.5,2.05,1.636,0.4438,0.4578,,backtest,15.0,
2026-09-28,mid-52810,liga_mx,Club America,,tiros,16.5,1.583,2.143,0.5751,0.5028,,backtest,20.0,
2026-09-28,mid-52810,liga_mx,Club America,,tiros,17.5,1.786,1.875,0.5122,0.431,,backtest,20.0,
2026-09-28,mid-52810,liga_mx,Club America,,tiros,18.5,2.0,1.667,0.4546,0.3634,,backtest,20.0,
2026-09-28,mid-52814,mls,Columbus Crew,,tiros,10.5,1.52,2.25,0.5968,0.6722,,backtest,14.0,
2026-09-28,mid-52814,mls,Columbus Crew,,tiros,11.5,1.76,1.909,0.5203,0.5832,,backtest,14.0,
2026-09-28,mid-52814,mls,Columbus Crew,,tiros,12.5,2.05,1.636,0.4438,0.4932,,backtest,14.0,
2026-09-28,mid-52814,mls,Inter Miami,,tiros,12.5,1.5,2.3,0.6053,0.5614,,backtest,5.0,
2026-09-28,mid-52814,mls,Inter Miami,,tiros,13.5,1.714,1.96,0.5335,0.4755,,backtest,5.0,
2026-09-28,mid-52814,mls,Inter Miami,,tiros,14.5,1.96,1.692,0.4633,0.3936,,backtest,5.0,
2026-09-28,mid-52816,liga_mx,Club Leon,,tiros,16.5,1.615,2.083,0.5633,0.5636,,backtest,7.0,
2026-09-28,mid-52816,liga_mx,Club Leon,,tiros,17.5,1.818,1.846,0.5038,0.4926,,backtest,7.0,
2026-09-28,mid-52816,liga_mx,Club Leon,,tiros,18.5,2.083,1.615,0.4367,0.4238,,backtest,7.0,
2026-09-28,mid-52816,liga_mx,Juarez,,tiros,9.5,1.667,2.0,0.5454,0.6086,,backtest,9.0,
2026-09-28,mid-52816,liga_mx,Juarez,,tiros,10.5,1.96,1.714,0.4665,0.5082,,backtest,9.0,
2026-09-28,mid-52816,liga_mx,Juarez,,tiros,11.5,2.364,1.48,0.385,0.4114,,backtest,9.0,
2026-09-28,mid-52817,bra_serie_b,América Mineiro,,tiros,12.5,1.85,1.786,0.4912,0.4972,,backtest,13.0,
2026-09-28,mid-52817,bra_serie_b,Juventude,,tiros,13.5,1.933,1.714,0.47,0.4354,,backtest,17.0,
2026-09-29,mid-52819,col_primera_a,Deportivo Pereira,,tiros,10.5,1.733,1.909,0.5242,0.5,,backtest,10.0,
2026-09-29,mid-52819,col_primera_a,Independiente Santa Fe,,tiros,14.5,1.857,1.778,0.4891,0.3702,menos,backtest,9.0,
2026-09-29,mid-52835,bra_serie_b,Botafogo-SP,,tiros,20.5,1.833,1.8,0.4955,0.3168,menos,backtest,13.0,
2026-09-29,mid-52835,bra_serie_b,Ponte Preta,,tiros,8.5,1.7,1.95,0.5342,0.3945,menos,backtest,7.0,
2026-09-30,mid-52843,col_primera_a,Independiente Medellín,,tiros,13.5,1.95,1.7,0.4658,0.2972,menos,backtest,9.0,
2026-09-30,mid-52843,col_primera_a,Millonarios,,tiros,12.5,1.818,1.818,0.5,0.3617,menos,backtest,9.0,
2026-10-01,mid-52862,bra_serie_b,Athletic,,tiros,13.5,1.75,1.889,0.5191,0.4613,,backtest,29.0,
2026-10-01,mid-52862,bra_serie_b,Sport,,tiros,13.5,1.923,1.727,0.4732,0.4061,,backtest,11.0,
2026-10-01,mid-52865,col_primera_a,Atlético Nacional,,tiros,18.5,1.714,1.933,0.53,0.2356,menos,backtest,19.0,
2026-10-01,mid-52865,col_primera_a,Atlético Junior,,tiros,9.5,1.692,1.96,0.5367,0.2645,menos,backtest,9.0,
2026-10-02,mid-52867,bra_serie_b,Novorizontino,,tiros,16.5,1.583,2.143,0.5751,0.4202,menos,backtest,31.0,
2026-10-02,mid-52867,bra_serie_b,Novorizontino,,tiros,17.5,1.778,1.857,0.5109,0.3501,menos,backtest,31.0,
2026-10-02,mid-52867,bra_serie_b,Novorizontino,,tiros,18.5,2.05,1.636,0.4438,0.2865,menos,backtest,31.0,
2026-10-02,mid-52867,bra_serie_b,Goiás,,tiros,8.5,1.571,2.167,0.5797,0.6481,,backtest,13.0,
2026-10-02,mid-52867,bra_serie_b,Goiás,,tiros,9.5,1.85,1.786,0.4912,0.5435,,backtest,13.0,
2026-10-02,mid-52867,bra_serie_b,Goiás,,tiros,10.5,2.222,1.538,0.409,0.4406,,backtest,13.0,
2026-10-02,mid-52869,bra_serie_b,São Bernardo,,tiros,14.5,1.76,1.875,0.5158,0.4502,,backtest,12.0,
2026-10-02,mid-52869,bra_serie_b,CRB,,tiros,14.5,1.75,1.889,0.5191,0.4827,,backtest,26.0,
2026-10-02,mid-52873,chi_primera,Universidad de Concepción,,tiros,16.5,1.833,1.8,0.4955,0.2434,menos,backtest,10.0,
2026-10-02,mid-52873,chi_primera,Huachipato,,tiros,11.5,1.875,1.76,0.4842,0.3618,menos,backtest,14.0,
2026-10-02,mid-52889,mls,Seattle Sounders,,tiros,14.5,1.538,2.222,0.591,0.6608,,backtest,21.0,
2026-10-02,mid-52889,mls,Seattle Sounders,,tiros,15.5,1.76,1.909,0.5203,0.5884,,backtest,21.0,
2026-10-02,mid-52889,mls,Seattle Sounders,,tiros,16.5,2.0,1.667,0.4546,0.5151,,backtest,21.0,
2026-10-02,mid-52889,mls,Sporting Kansas City,,tiros,10.5,1.667,2.0,0.5454,0.6268,,backtest,22.0,
2026-10-02,mid-52889,mls,Sporting Kansas City,,tiros,11.5,1.95,1.727,0.4697,0.5338,,backtest,22.0,
2026-10-02,mid-52889,mls,Sporting Kansas City,,tiros,12.5,2.3,1.5,0.3947,0.4425,,backtest,22.0,
2026-10-03,mid-52917,col_primera_a,Deportes Tolima,,tiros,16.5,1.857,1.778,0.4891,0.4295,,backtest,18.0,
2026-10-03,mid-52917,col_primera_a,Boyacá Chicó FC,,tiros,7.5,1.75,1.889,0.5191,0.5431,,backtest,1.0,
2026-10-03,mid-52920,bra_serie_b,Avaí,,tiros,13.5,1.818,1.818,0.5,0.4674,,backtest,20.0,
2026-10-03,mid-52920,bra_serie_b,Ceará,,tiros,13.5,1.889,1.75,0.4809,0.3225,menos,backtest,13.0,
2026-10-03,mid-52928,bra_serie_b,Fortaleza,,tiros,15.5,1.538,2.222,0.591,0.5698,,backtest,16.0,
2026-10-03,mid-52928,bra_serie_b,Fortaleza,,tiros,16.5,1.733,1.909,0.5242,0.4959,,backtest,16.0,
2026-10-03,mid-52928,bra_serie_b,Fortaleza,,tiros,17.5,1.96,1.692,0.4633,0.4241,,backtest,16.0,
2026-10-03,mid-52928,bra_serie_b,Náutico,,tiros,10.5,1.5,2.3,0.6053,0.4339,menos,backtest,12.0,
2026-10-03,mid-52928,bra_serie_b,Náutico,,tiros,11.5,1.714,1.933,0.53,0.3391,menos,backtest,12.0,
2026-10-03,mid-52928,bra_serie_b,Náutico,,tiros,12.5,2.0,1.667,0.4546,0.2566,menos,backtest,12.0,
2026-10-03,mid-52934,brasil,Sao Paulo,,tiros,13.5,1.615,2.083,0.5633,0.5982,,backtest,20.0,
2026-10-03,mid-52934,brasil,Sao Paulo,,tiros,14.5,1.867,1.8,0.4909,0.518,,backtest,20.0,
2026-10-03,mid-52934,brasil,Sao Paulo,,tiros,15.5,2.143,1.583,0.4249,0.4397,,backtest,20.0,
2026-10-03,mid-52934,brasil,Santos,,tiros,9.5,1.6,2.1,0.5676,0.6617,,backtest,9.0,
2026-10-03,mid-52934,brasil,Santos,,tiros,10.5,1.889,1.778,0.4849,0.5655,,backtest,9.0,
2026-10-03,mid-52934,brasil,Santos,,tiros,11.5,2.25,1.53,0.4048,0.4694,,backtest,9.0,
2026-10-03,mid-52936,bra_serie_b,Botafogo-SP,,tiros,12.5,1.75,1.889,0.5191,0.4934,,backtest,16.0,
2026-10-03,mid-52936,bra_serie_b,Vila Nova,,tiros,11.5,1.733,1.909,0.5242,0.4514,,backtest,5.0,
2026-10-03,mid-52937,bra_serie_b,Cuiabá,,tiros,23.5,1.786,1.85,0.5088,0.2568,menos,backtest,15.0,
2026-10-03,mid-52937,bra_serie_b,Ponte Preta,,tiros,8.5,1.857,1.778,0.4891,0.265,menos,backtest,2.0,
2026-10-03,mid-52938,bra_serie_b,Atlético Goianiense,,tiros,20.5,1.909,1.733,0.4758,0.2923,menos,backtest,24.0,
2026-10-03,mid-52938,bra_serie_b,América Mineiro,,tiros,9.5,1.7,1.95,0.5342,0.4774,,backtest,8.0,
2026-10-04,mid-52966,col_primera_a,Cúcuta Deportivo,,tiros,15.5,1.714,1.933,0.53,0.4347,,backtest,13.0,
2026-10-04,mid-52966,col_primera_a,Deportivo Pereira,,tiros,9.5,1.75,1.889,0.5191,0.5147,,backtest,4.0,
2026-10-04,mid-52967,col_primera_a,Deportivo Pasto,,tiros,13.5,1.909,1.733,0.4758,0.3494,menos,backtest,5.0,
2026-10-04,mid-52967,col_primera_a,Fortaleza CEIF,,tiros,9.5,1.733,1.909,0.5242,0.5061,,backtest,12.0,
2026-10-04,mid-52969,col_primera_a,Atlético Bucaramanga,,tiros,14.5,1.85,1.786,0.4912,0.401,,backtest,12.0,
2026-10-04,mid-52969,col_primera_a,Atlético Junior,,tiros,10.5,1.833,1.8,0.4955,0.5474,,backtest,24.0,
2026-10-05,mid-52982,col_primera_a,Llaneros FC,,tiros,11.5,1.909,1.733,0.4758,0.4743,,backtest,12.0,
2026-10-05,mid-52982,col_primera_a,América de Cali,,tiros,12.5,1.818,1.818,0.5,0.3945,menos,backtest,13.0,
2026-10-06,mid-52996,bra_serie_b,Sport,,tiros,16.5,1.818,1.818,0.5,0.54,,backtest,19.0,
2026-10-06,mid-52996,bra_serie_b,São Bernardo,,tiros,12.5,1.85,1.786,0.4912,0.3547,menos,backtest,20.0,
2026-10-06,mid-52997,col_primera_a,Independiente Medellín,,tiros,15.5,1.889,1.75,0.4809,0.2684,menos,backtest,20.0,
2026-10-06,mid-52997,col_primera_a,Independiente Santa Fe,,tiros,10.5,1.889,1.75,0.4809,0.3894,,backtest,16.0,
2026-10-07,mid-53011,brasil,Internacional,,tiros,13.5,1.8,1.867,0.5091,0.562,,backtest,17.0,
2026-10-07,mid-53011,brasil,Corinthians,,tiros,9.5,1.714,1.96,0.5335,0.582,,backtest,22.0,
2026-10-07,mid-53012,brasil,Botafogo RJ,,tiros,13.5,1.75,1.923,0.5236,0.479,,backtest,11.0,
2026-10-07,mid-53012,brasil,Vasco,,tiros,15.5,1.95,1.727,0.4697,0.4388,,backtest,17.0,
2026-10-07,mid-53013,brasil,Vitoria,,tiros,16.5,1.778,1.889,0.5151,0.5023,,backtest,20.0,
2026-10-07,mid-53013,brasil,Chapecoense-SC,,tiros,10.5,1.8,1.867,0.5091,0.6113,más,backtest,11.0,
2026-10-07,mid-53014,mls,Chicago Fire,,tiros,12.5,1.636,2.05,0.5562,0.4835,,backtest,22.0,
2026-10-07,mid-53014,mls,Chicago Fire,,tiros,13.5,1.889,1.778,0.4849,0.3972,,backtest,22.0,
2026-10-07,mid-53014,mls,Chicago Fire,,tiros,14.5,2.2,1.546,0.4127,0.3182,,backtest,22.0,
2026-10-07,mid-53014,mls,Vancouver Whitecaps,,tiros,13.5,1.615,2.083,0.5633,0.564,,backtest,15.0,
2026-10-07,mid-53014,mls,Vancouver Whitecaps,,tiros,14.5,1.867,1.8,0.4909,0.4825,,backtest,15.0,
2026-10-07,mid-53014,mls,Vancouver Whitecaps,,tiros,15.5,2.143,1.583,0.4249,0.4043,,backtest,15.0,
2026-10-07,mid-53015,brasil,Remo,,tiros,13.5,1.733,1.941,0.5283,0.6288,más,backtest,23.0,
2026-10-07,mid-53015,brasil,Gremio,,tiros,11.5,1.867,1.8,0.4909,0.4952,,backtest,17.0,
2026-10-07,mid-53018,bra_serie_b,Ponte Preta,,tiros,9.5,1.53,2.25,0.5952,0.3316,menos,backtest,11.0,
2026-10-07,mid-53018,bra_serie_b,Ponte Preta,,tiros,10.5,1.76,1.875,0.5158,0.24,menos,backtest,11.0,
2026-10-07,mid-53018,bra_serie_b,Ponte Preta,,tiros,11.5,2.083,1.615,0.4367,0.167,menos,backtest,11.0,
2026-10-07,mid-53018,bra_serie_b,Juventude,,tiros,14.5,1.53,2.25,0.5952,0.7133,más,backtest,15.0,
2026-10-07,mid-53018,bra_serie_b,Juventude,,tiros,15.5,1.714,1.933,0.53,0.6458,más,backtest,15.0,
2026-10-07,mid-53018,bra_serie_b,Juventude,,tiros,16.5,1.96,1.692,0.4633,0.5756,más,backtest,15.0,
2026-10-07,mid-53020,bra_serie_b,Operário PR,,tiros,15.5,1.889,1.75,0.4809,0.3781,menos,backtest,11.0,
2026-10-07,mid-53020,bra_serie_b,Botafogo-SP,,tiros,11.5,1.933,1.714,0.47,0.5224,,backtest,14.0,
2026-10-07,mid-53021,bra_serie_b,Avaí,,tiros,14.5,1.818,1.818,0.5,0.4788,,backtest,11.0,
2026-10-07,mid-53021,bra_serie_b,Londrina,,tiros,12.5,1.889,1.75,0.4809,0.4076,,backtest,19.0,
2026-10-08,mid-53026,bra_serie_b,Ceará,,tiros,13.5,1.76,1.875,0.5158,0.4593,,backtest,16.0,
2026-10-08,mid-53026,bra_serie_b,Criciúma,,tiros,11.5,1.714,1.933,0.53,0.577,,backtest,15.0,
2026-10-08,mid-53027,bra_serie_b,Náutico,,tiros,14.5,1.733,1.909,0.5242,0.4037,menos,backtest,6.0,
2026-10-08,mid-53027,bra_serie_b,Novorizontino,,tiros,13.5,1.889,1.75,0.4809,0.4957,,backtest,12.0,
2026-10-08,mid-53028,brasil,Cruzeiro,,tiros,14.5,1.667,2.0,0.5454,0.5798,,backtest,22.0,
2026-10-08,mid-53028,brasil,Cruzeiro,,tiros,15.5,1.923,1.75,0.4764,0.5027,,backtest,22.0,
2026-10-08,mid-53028,brasil,Cruzeiro,,tiros,16.5,2.222,1.538,0.409,0.4278,,backtest,22.0,
2026-10-08,mid-53028,brasil,Sao Paulo,,tiros,10.5,1.667,2.0,0.5454,0.5662,,backtest,19.0,
2026-10-08,mid-53028,brasil,Sao Paulo,,tiros,11.5,1.95,1.727,0.4697,0.4702,,backtest,19.0,
2026-10-08,mid-53028,brasil,Sao Paulo,,tiros,12.5,2.3,1.5,0.3947,0.3793,,backtest,19.0,
2026-10-08,mid-53029,brasil,Santos,,tiros,11.5,1.714,1.96,0.5335,0.5981,,backtest,16.0,
2026-10-08,mid-53029,brasil,Flamengo RJ,,tiros,15.5,1.909,1.76,0.4797,0.424,,backtest,12.0,
2026-10-08,mid-53030,brasil,Athletico-PR,,tiros,14.5,1.846,1.818,0.4962,0.5644,,backtest,31.0,
2026-10-08,mid-53030,brasil,Atletico-MG,,tiros,11.5,1.85,1.818,0.4956,0.4931,,backtest,15.0,
2026-10-08,mid-53033,per_liga1,Deportivo Moquegua,,tiros,11.5,1.8,1.833,0.5045,0.5726,,backtest,13.0,
2026-10-08,mid-53033,per_liga1,Cienciano del Cusco,,tiros,14.5,1.875,1.76,0.4842,0.4331,,backtest,25.0,
2026-08-26,mid-51259,col_primera_a,Cúcuta Deportivo,,a_puerta,4.5,2.083,1.615,0.4367,0.4121,,backtest,7.0,
2026-08-26,mid-51259,col_primera_a,Alianza FC,,a_puerta,3.5,1.933,1.714,0.47,0.5012,,backtest,1.0,
2026-08-26,mid-51266,col_primera_a,Boyacá Chicó FC,,a_puerta,3.5,1.8,1.833,0.5045,0.5592,,backtest,1.0,
2026-08-26,mid-51266,col_primera_a,Fortaleza CEIF,,a_puerta,3.5,1.76,1.875,0.5158,0.525,,backtest,2.0,
2026-08-26,mid-51267,chi_primera,Coquimbo Unido,,a_puerta,4.5,1.818,1.818,0.5,0.406,,backtest,1.0,
2026-08-26,mid-51267,chi_primera,Universidad Católica,,a_puerta,3.5,1.889,1.75,0.4809,0.5151,,backtest,2.0,
2026-08-26,mid-51268,col_primera_a,América de Cali,,a_puerta,4.5,1.733,1.909,0.5242,0.4645,,backtest,5.0,
2026-08-26,mid-51268,col_primera_a,Atlético Junior,,a_puerta,2.5,1.546,2.2,0.5873,0.559,,backtest,3.0,
2026-08-27,mid-51273,col_primera_a,Atlético Nacional,,a_puerta,5.5,2.0,1.667,0.4546,0.5197,,backtest,2.0,
2026-08-27,mid-51273,col_primera_a,Deportivo Cali,,a_puerta,2.5,1.583,2.143,0.5751,0.6537,,backtest,1.0,
2026-08-27,mid-51275,col_primera_a,Llaneros FC,,a_puerta,3.5,2.05,1.636,0.4438,0.4692,,backtest,1.0,
2026-08-27,mid-51275,col_primera_a,Millonarios,,a_puerta,3.5,1.583,2.143,0.5751,0.5187,,backtest,4.0,
2026-08-28,mid-51281,dinamarca,Horsens,,a_puerta,3.5,1.85,1.786,0.4912,0.5059,,backtest,5.0,
2026-08-28,mid-51281,dinamarca,Viborg,,a_puerta,5.5,1.875,1.76,0.4842,0.4767,,backtest,6.0,
2026-08-28,mid-51284,fra_ligue2,Rodez,,a_puerta,5.5,1.818,1.818,0.5,0.4472,,backtest,5.0,
2026-08-28,mid-51284,fra_ligue2,Pau FC,,a_puerta,3.5,2.0,1.667,0.4546,0.3943,,backtest,2.0,
2026-08-28,mid-51287,fra_ligue2,Montpellier,,a_puerta,5.5,2.0,1.667,0.4546,0.4364,,backtest,6.0,
2026-08-28,mid-51287,fra_ligue2,Boulogne,,a_puerta,2.5,1.583,2.143,0.5751,0.674,,backtest,8.0,
2026-08-28,mid-51291,fra_ligue2,Laval,,a_puerta,4.5,1.889,1.75,0.4809,0.423,,backtest,4.0,
2026-08-28,mid-51291,fra_ligue2,Grenoble,,a_puerta,3.5,2.0,1.667,0.4546,0.4631,,backtest,5.0,
2026-08-28,mid-51292,fra_ligue2,Clermont,,a_puerta,3.5,1.733,1.909,0.5242,0.6179,,backtest,2.0,
2026-08-28,mid-51292,fra_ligue2,Sochaux,,a_puerta,3.5,1.714,1.933,0.53,0.4754,,backtest,1.0,
2026-08-28,mid-51311,per_liga1,Comerciantes Unidos,,a_puerta,4.5,1.4,2.6,0.65,0.672,,backtest,4.0,
2026-08-28,mid-51311,per_liga1,Comerciantes Unidos,,a_puerta,5.5,1.75,1.889,0.5191,0.5131,,backtest,4.0,
2026-08-28,mid-51311,per_liga1,Comerciantes Unidos,,a_puerta,6.5,2.3,1.5,0.3947,0.3619,,backtest,4.0,
2026-08-28,mid-51312,bra_serie_b,Goiás,,a_puerta,3.5,1.417,2.546,0.6424,0.7342,,backtest,6.0,
2026-08-28,mid-51312,bra_serie_b,Goiás,,a_puerta,4.5,1.818,1.818,0.5,0.5669,,backtest,6.0,
2026-08-28,mid-51312,bra_serie_b,Goiás,,a_puerta,5.5,2.5,1.429,0.3637,0.3998,,backtest,6.0,
2026-08-28,mid-51312,bra_serie_b,São Bernardo,,a_puerta,2.5,1.429,2.5,0.6363,0.7275,,backtest,1.0,
2026-08-28,mid-51312,bra_serie_b,São Bernardo,,a_puerta,3.5,1.96,1.692,0.4633,0.5295,,backtest,1.0,
2026-08-28,mid-51312,bra_serie_b,São Bernardo,,a_puerta,4.5,2.857,1.333,0.3181,0.3421,,backtest,1.0,
2026-08-28,mid-51313,chi_primera,Cobresal,,a_puerta,3.5,1.333,2.857,0.6819,0.7381,,backtest,2.0,
2026-08-28,mid-51313,chi_primera,Cobresal,,a_puerta,4.5,1.667,2.0,0.5454,0.5718,,backtest,2.0,
2026-08-28,mid-51313,chi_primera,Cobresal,,a_puerta,5.5,2.222,1.538,0.409,0.4048,,backtest,2.0,
2026-08-28,mid-51313,chi_primera,Palestino,,a_puerta,3.5,1.417,2.546,0.6424,0.6116,,backtest,0.0,
2026-08-28,mid-51313,chi_primera,Palestino,,a_puerta,4.5,1.833,1.8,0.4955,0.4254,,backtest,0.0,
2026-08-28,mid-51313,chi_primera,Palestino,,a_puerta,5.5,2.5,1.429,0.3637,0.2665,,backtest,0.0,
2026-08-28,mid-51315,bra_serie_b,Novorizontino,,a_puerta,3.5,1.417,2.546,0.6424,0.7549,,backtest,5.0,
2026-08-28,mid-51315,bra_serie_b,Novorizontino,,a_puerta,4.5,1.818,1.818,0.5,0.5931,,backtest,5.0,
2026-08-28,mid-51315,bra_serie_b,Novorizontino,,a_puerta,5.5,2.5,1.429,0.3637,0.4269,,backtest,5.0,
2026-08-28,mid-51315,bra_serie_b,Sport,,a_puerta,2.5,1.5,2.3,0.6053,0.6194,,backtest,5.0,
2026-08-28,mid-51315,bra_serie_b,Sport,,a_puerta,3.5,2.1,1.6,0.4324,0.4037,,backtest,5.0,
2026-08-28,mid-51315,bra_serie_b,Sport,,a_puerta,4.5,3.1,1.286,0.2932,0.2299,,backtest,5.0,
2026-08-29,mid-51317,fra_ligue2,Annecy,,a_puerta,4.5,2.05,1.636,0.4438,0.3374,,backtest,6.0,
2026-08-29,mid-51317,fra_ligue2,Metz,,a_puerta,3.5,1.692,1.96,0.5367,0.5955,,backtest,1.0,
2026-08-29,mid-51321,bel_pro_league,Cercle Brugge,,a_puerta,5.5,1.667,2.0,0.5454,0.7141,,backtest,3.0,
2026-08-29,mid-51321,bel_pro_league,Lommel SK,,a_puerta,3.5,2.083,1.615,0.4367,0.4567,,backtest,3.0,
2026-08-29,mid-51323,fra_ligue2,Guingamp,,a_puerta,3.5,1.615,2.083,0.5633,0.5933,,backtest,7.0,
2026-08-29,mid-51323,fra_ligue2,Nantes,,a_puerta,4.5,1.95,1.7,0.4658,0.4402,,backtest,6.0,
2026-08-29,mid-51325,liga_mx,Necaxa,,a_puerta,2.5,1.308,3.0,0.6964,0.84,,backtest,4.0,
2026-08-29,mid-51325,liga_mx,Necaxa,,a_puerta,3.5,1.733,1.941,0.5283,0.6856,,backtest,4.0,
2026-08-29,mid-51325,liga_mx,Necaxa,,a_puerta,4.5,2.429,1.455,0.3746,0.5081,,backtest,4.0,
2026-08-29,mid-51325,liga_mx,Cruz Azul,,a_puerta,3.5,1.364,2.714,0.6655,0.776,,backtest,8.0,
2026-08-29,mid-51325,liga_mx,Cruz Azul,,a_puerta,4.5,1.76,1.909,0.5203,0.6207,,backtest,8.0,
2026-08-29,mid-51325,liga_mx,Cruz Azul,,a_puerta,5.5,2.375,1.471,0.3825,0.4561,,backtest,8.0,
2026-08-29,mid-51344,eredivisie,AZ Alkmaar,,a_puerta,6.5,1.75,1.889,0.5191,0.5451,,backtest,8.0,
2026-08-29,mid-51344,eredivisie,Go Ahead Eagles,,a_puerta,3.5,1.933,1.714,0.47,0.3204,,backtest,4.0,
2026-08-29,mid-51347,fra_ligue2,Red Star,,a_puerta,3.5,1.583,2.143,0.5751,0.5151,,backtest,5.0,
2026-08-29,mid-51347,fra_ligue2,Reims,,a_puerta,4.5,2.1,1.6,0.4324,0.3301,,backtest,8.0,
2026-08-29,mid-51349,liga_mx,Club Tijuana,,a_puerta,3.5,1.375,2.667,0.6598,0.6792,,backtest,3.0,
2026-08-29,mid-51349,liga_mx,Club Tijuana,,a_puerta,4.5,1.778,1.889,0.5151,0.5006,,backtest,3.0,
2026-08-29,mid-51349,liga_mx,Club Tijuana,,a_puerta,5.5,2.429,1.455,0.3746,0.3348,,backtest,3.0,
2026-08-29,mid-51349,liga_mx,UNAM Pumas,,a_puerta,2.5,1.308,3.0,0.6964,0.7276,,backtest,3.0,
2026-08-29,mid-51349,liga_mx,UNAM Pumas,,a_puerta,3.5,1.714,1.96,0.5335,0.5296,,backtest,3.0,
2026-08-29,mid-51349,liga_mx,UNAM Pumas,,a_puerta,4.5,2.375,1.471,0.3825,0.3422,,backtest,3.0,
2026-08-29,mid-51355,mls,Seattle Sounders,,a_puerta,4.5,2.0,1.692,0.4583,0.5334,,backtest,3.0,
2026-08-29,mid-51355,mls,Chicago Fire,,a_puerta,4.5,1.778,1.889,0.5151,0.5433,,backtest,11.0,
2026-08-29,mid-51368,suecia,Elfsborg,,a_puerta,5.5,1.875,1.76,0.4842,0.4735,,backtest,5.0,
2026-08-29,mid-51368,suecia,Degerfors,,a_puerta,2.5,1.6,2.1,0.5676,0.6344,,backtest,1.0,
2026-08-29,mid-51374,suecia,Hacken,,a_puerta,6.5,2.0,1.667,0.4546,0.4442,,backtest,8.0,
2026-08-29,mid-51374,suecia,Vasteras SK,,a_puerta,3.5,2.143,1.583,0.4249,0.4498,,backtest,8.0,
2026-08-29,mid-51376,brasil,Atletico-MG,,a_puerta,5.5,2.083,1.636,0.4399,0.4033,,backtest,8.0,
2026-08-29,mid-51376,brasil,Vitoria,,a_puerta,2.5,1.6,2.143,0.5725,0.6831,,backtest,3.0,
2026-08-29,mid-51377,primeira,Arouca,,a_puerta,4.5,1.96,1.692,0.4633,0.4291,,backtest,7.0,
2026-08-29,mid-51377,primeira,Maritimo,,a_puerta,3.5,1.909,1.733,0.4758,0.501,,backtest,4.0,
2026-08-29,mid-51384,primeira,Academico Viseu,,a_puerta,2.5,1.833,1.8,0.4955,0.5268,,backtest,1.0,
2026-08-29,mid-51384,primeira,Porto,,a_puerta,5.5,1.714,1.933,0.53,0.5272,,backtest,4.0,
2026-08-29,mid-51391,primeira,Alverca,,a_puerta,3.5,1.733,1.909,0.5242,0.5661,,backtest,1.0,
2026-08-29,mid-51391,primeira,Santa Clara,,a_puerta,3.5,1.909,1.733,0.4758,0.4919,,backtest,3.0,
2026-08-29,mid-51399,liga_mx,Atlante,,a_puerta,3.5,1.429,2.5,0.6363,0.715,,backtest,4.0,
2026-08-29,mid-51399,liga_mx,Atlante,,a_puerta,4.5,1.867,1.8,0.4909,0.5432,,backtest,4.0,
2026-08-29,mid-51399,liga_mx,Atlante,,a_puerta,5.5,2.546,1.417,0.3576,0.3761,,backtest,4.0,
2026-08-29,mid-51399,liga_mx,Club Leon,,a_puerta,3.5,1.546,2.2,0.5873,0.6932,,backtest,5.0,
2026-08-29,mid-51399,liga_mx,Club Leon,,a_puerta,4.5,2.1,1.625,0.4362,0.517,,backtest,5.0,
2026-08-29,mid-51399,liga_mx,Club Leon,,a_puerta,5.5,3.0,1.308,0.3036,0.3504,,backtest,5.0,
2026-08-29,mid-51417,bel_pro_league,RAAL La Louviere,,a_puerta,4.5,2.05,1.636,0.4438,0.4187,,backtest,5.0,
2026-08-29,mid-51417,bel_pro_league,Mechelen,,a_puerta,3.5,1.786,1.85,0.5088,0.5421,,backtest,7.0,
2026-08-29,mid-51435,col_primera_a,Jaguares de Córdoba,,a_puerta,3.5,2.1,1.6,0.4324,0.3983,,backtest,2.0,
2026-08-29,mid-51435,col_primera_a,América de Cali,,a_puerta,4.5,1.714,1.933,0.53,0.453,,backtest,4.0,
2026-08-29,mid-51436,chi_primera,Deportes Limache,,a_puerta,3.5,1.35,2.8,0.6747,0.5855,,backtest,1.0,
2026-08-29,mid-51436,chi_primera,Deportes Limache,,a_puerta,4.5,1.7,1.95,0.5342,0.3981,,backtest,1.0,
2026-08-29,mid-51436,chi_primera,Deportes Limache,,a_puerta,5.5,2.25,1.52,0.4032,0.2431,,backtest,1.0,
2026-08-29,mid-51436,chi_primera,Everton CD,,a_puerta,3.5,1.429,2.5,0.6363,0.6571,,backtest,5.0,
2026-08-29,mid-51436,chi_primera,Everton CD,,a_puerta,4.5,1.833,1.8,0.4955,0.4754,,backtest,5.0,
2026-08-29,mid-51436,chi_primera,Everton CD,,a_puerta,5.5,2.5,1.429,0.3637,0.3112,,backtest,5.0,
2026-08-29,mid-51437,bra_serie_b,Botafogo-SP,,a_puerta,3.5,1.538,2.222,0.591,0.6085,,backtest,1.0,
2026-08-29,mid-51437,bra_serie_b,Botafogo-SP,,a_puerta,4.5,2.083,1.615,0.4367,0.4221,,backtest,1.0,
2026-08-29,mid-51437,bra_serie_b,Botafogo-SP,,a_puerta,5.5,3.0,1.308,0.3036,0.2636,,backtest,1.0,
2026-08-29,mid-51437,bra_serie_b,Cuiabá,,a_puerta,2.5,1.471,2.375,0.6175,0.6228,,backtest,5.0,
2026-08-29,mid-51437,bra_serie_b,Cuiabá,,a_puerta,3.5,2.05,1.636,0.4438,0.4073,,backtest,5.0,
2026-08-29,mid-51437,bra_serie_b,Cuiabá,,a_puerta,4.5,3.1,1.286,0.2932,0.2329,,backtest,5.0,
2026-08-29,mid-51441,col_primera_a,Atlético Junior,,a_puerta,4.5,1.667,2.0,0.5454,0.5131,,backtest,3.0,
2026-08-29,mid-51441,col_primera_a,Independiente Santa Fe,,a_puerta,3.5,1.909,1.733,0.4758,0.3468,,backtest,3.0,
2026-08-30,mid-51445,mls,Sporting Kansas City,,a_puerta,2.5,1.4,2.6,0.65,0.4855,,backtest,0.0,
2026-08-30,mid-51445,mls,Sporting Kansas City,,a_puerta,3.5,1.909,1.76,0.4797,0.273,,backtest,0.0,
2026-08-30,mid-51445,mls,Sporting Kansas City,,a_puerta,4.5,2.714,1.364,0.3345,0.1321,,backtest,0.0,
2026-08-30,mid-51445,mls,Vancouver Whitecaps,,a_puerta,4.5,1.35,2.8,0.6747,0.8221,,backtest,6.0,
2026-08-30,mid-51445,mls,Vancouver Whitecaps,,a_puerta,5.5,1.68,2.0,0.5435,0.7009,,backtest,6.0,
2026-08-30,mid-51445,mls,Vancouver Whitecaps,,a_puerta,6.5,2.167,1.571,0.4203,0.5618,,backtest,6.0,
2026-08-30,mid-51447,suecia,AIK,,a_puerta,3.5,1.889,1.75,0.4809,0.3715,,backtest,6.0,
2026-08-30,mid-51447,suecia,Hammarby,,a_puerta,5.5,1.714,1.933,0.53,0.7052,,backtest,12.0,
2026-08-30,mid-51449,mls,Portland Timbers,,a_puerta,4.5,1.35,2.8,0.6747,0.6867,,backtest,5.0,
2026-08-30,mid-51449,mls,Portland Timbers,,a_puerta,5.5,1.692,2.0,0.5417,0.53,,backtest,5.0,
2026-08-30,mid-51449,mls,Portland Timbers,,a_puerta,6.5,2.167,1.571,0.4203,0.3785,,backtest,5.0,
2026-08-30,mid-51449,mls,Austin FC,,a_puerta,2.5,1.35,2.8,0.6747,0.7971,,backtest,3.0,
2026-08-30,mid-51449,mls,Austin FC,,a_puerta,3.5,1.818,1.846,0.5038,0.6225,,backtest,3.0,
2026-08-30,mid-51449,mls,Austin FC,,a_puerta,4.5,2.546,1.417,0.3576,0.4371,,backtest,3.0,
2026-08-30,mid-51452,mls,Toronto FC,,a_puerta,3.5,1.417,2.546,0.6424,0.6914,,backtest,6.0,
2026-08-30,mid-51452,mls,Toronto FC,,a_puerta,4.5,1.846,1.818,0.4962,0.515,,backtest,6.0,
2026-08-30,mid-51452,mls,Toronto FC,,a_puerta,5.5,2.5,1.429,0.3637,0.3485,,backtest,6.0,
2026-08-30,mid-51452,mls,New York City,,a_puerta,3.5,1.429,2.5,0.6363,0.6181,,backtest,2.0,
2026-08-30,mid-51452,mls,New York City,,a_puerta,4.5,1.889,1.778,0.4849,0.4324,,backtest,2.0,
2026-08-30,mid-51452,mls,New York City,,a_puerta,5.5,2.6,1.4,0.35,0.2726,,backtest,2.0,
2026-08-30,mid-51454,dinamarca,Silkeborg,,a_puerta,3.5,1.875,1.76,0.4842,0.2848,,backtest,5.0,
2026-08-30,mid-51454,dinamarca,Midtjylland,,a_puerta,6.5,1.933,1.714,0.47,0.429,,backtest,4.0,
2026-08-30,mid-51455,mls,Nashville SC,,a_puerta,4.5,1.462,2.4,0.6214,0.6334,,backtest,7.0,
2026-08-30,mid-51455,mls,Nashville SC,,a_puerta,5.5,1.875,1.786,0.4878,0.47,,backtest,7.0,
2026-08-30,mid-51455,mls,Nashville SC,,a_puerta,6.5,2.5,1.429,0.3637,0.321,,backtest,7.0,
2026-08-30,mid-51455,mls,FC Cincinnati,,a_puerta,2.5,1.308,3.0,0.6964,0.6962,,backtest,8.0,
2026-08-30,mid-51455,mls,FC Cincinnati,,a_puerta,3.5,1.714,1.96,0.5335,0.4909,,backtest,8.0,
2026-08-30,mid-51455,mls,FC Cincinnati,,a_puerta,4.5,2.375,1.471,0.3825,0.3058,,backtest,8.0,
2026-08-30,mid-51458,dinamarca,Lyngby,,a_puerta,5.5,1.875,1.76,0.4842,0.5069,,backtest,1.0,
2026-08-30,mid-51458,dinamarca,Odense,,a_puerta,3.5,1.615,2.083,0.5633,0.531,,backtest,8.0,
2026-08-30,mid-51460,mls,Inter Miami,,a_puerta,5.5,1.429,2.5,0.6363,0.6301,,backtest,12.0,
2026-08-30,mid-51460,mls,Inter Miami,,a_puerta,6.5,1.778,1.889,0.5151,0.482,,backtest,12.0,
2026-08-30,mid-51460,mls,Inter Miami,,a_puerta,7.5,2.25,1.52,0.4032,0.3441,,backtest,12.0,
2026-08-30,mid-51460,mls,CF Montreal,,a_puerta,2.5,1.308,3.0,0.6964,0.724,,backtest,5.0,
2026-08-30,mid-51460,mls,CF Montreal,,a_puerta,3.5,1.714,1.96,0.5335,0.5251,,backtest,5.0,
2026-08-30,mid-51460,mls,CF Montreal,,a_puerta,4.5,2.375,1.471,0.3825,0.3379,,backtest,5.0,
2026-08-30,mid-51462,mls,Minnesota United,,a_puerta,4.5,1.385,2.667,0.6582,0.6553,,backtest,9.0,
2026-08-30,mid-51462,mls,Minnesota United,,a_puerta,5.5,1.75,1.923,0.5236,0.4942,,backtest,9.0,
2026-08-30,mid-51462,mls,Minnesota United,,a_puerta,6.5,2.25,1.52,0.4032,0.3438,,backtest,9.0,
2026-08-30,mid-51462,mls,Orlando City,,a_puerta,2.5,1.364,2.714,0.6655,0.7522,,backtest,5.0,
2026-08-30,mid-51462,mls,Orlando City,,a_puerta,3.5,1.85,1.818,0.4956,0.5612,,backtest,5.0,
2026-08-30,mid-51462,mls,Orlando City,,a_puerta,4.5,2.667,1.385,0.3418,0.3733,,backtest,5.0,
2026-08-30,mid-51469,liga_mx,Club America,,a_puerta,5.5,1.571,2.167,0.5797,0.5574,,backtest,6.0,
2026-08-30,mid-51469,liga_mx,Club America,,a_puerta,6.5,2.0,1.692,0.4583,0.4058,,backtest,6.0,
2026-08-30,mid-51469,liga_mx,Club America,,a_puerta,7.5,2.667,1.385,0.3418,0.2742,,backtest,6.0,
2026-08-30,mid-51469,liga_mx,Puebla,,a_puerta,2.5,1.429,2.5,0.6363,0.6888,,backtest,6.0,
2026-08-30,mid-51469,liga_mx,Puebla,,a_puerta,3.5,2.0,1.692,0.4583,0.4821,,backtest,6.0,
2026-08-30,mid-51469,liga_mx,Puebla,,a_puerta,4.5,2.857,1.333,0.3181,0.2977,,backtest,6.0,
2026-08-30,mid-51474,brasil,Athletico-PR,,a_puerta,4.5,1.818,1.846,0.5038,0.4946,,backtest,8.0,
2026-08-30,mid-51474,brasil,Fluminense,,a_puerta,3.5,1.867,1.8,0.4909,0.6186,,backtest,6.0,
2026-08-30,mid-51477,mls,Colorado Rapids,,a_puerta,3.5,1.375,2.667,0.6598,0.7514,,backtest,4.0,
2026-08-30,mid-51477,mls,Colorado Rapids,,a_puerta,4.5,1.778,1.889,0.5151,0.5886,,backtest,4.0,
2026-08-30,mid-51477,mls,Colorado Rapids,,a_puerta,5.5,2.429,1.455,0.3746,0.4222,,backtest,4.0,
2026-08-30,mid-51477,mls,Real Salt Lake,,a_puerta,3.5,1.571,2.167,0.5797,0.5301,,backtest,0.0,
2026-08-30,mid-51477,mls,Real Salt Lake,,a_puerta,4.5,2.143,1.6,0.4275,0.3427,,backtest,0.0,
2026-08-30,mid-51477,mls,Real Salt Lake,,a_puerta,5.5,3.1,1.286,0.2932,0.198,,backtest,0.0,
2026-08-30,mid-51482,brasil,Vasco,,a_puerta,3.5,1.4,2.6,0.65,0.7586,,backtest,9.0,
2026-08-30,mid-51482,brasil,Vasco,,a_puerta,4.5,1.8,1.867,0.5091,0.5979,,backtest,9.0,
2026-08-30,mid-51482,brasil,Vasco,,a_puerta,5.5,2.455,1.444,0.3704,0.4319,,backtest,9.0,
2026-08-30,mid-51482,brasil,Cruzeiro,,a_puerta,2.5,1.32,2.9,0.6872,0.7296,,backtest,6.0,
2026-08-30,mid-51482,brasil,Cruzeiro,,a_puerta,3.5,1.75,1.923,0.5236,0.5322,,backtest,6.0,
2026-08-30,mid-51482,brasil,Cruzeiro,,a_puerta,4.5,2.455,1.444,0.3704,0.3447,,backtest,6.0,
2026-08-30,mid-51484,brasil,Mirassol,,a_puerta,3.5,1.647,2.05,0.5545,0.5683,,backtest,5.0,
2026-08-30,mid-51484,brasil,Palmeiras,,a_puerta,4.5,1.76,1.909,0.5203,0.4693,,backtest,3.0,
2026-08-30,mid-51486,brasil,Gremio,,a_puerta,5.5,1.692,2.0,0.5417,0.5304,,backtest,5.0,
2026-08-30,mid-51486,brasil,Chapecoense-SC,,a_puerta,3.5,2.143,1.6,0.4275,0.468,,backtest,9.0,
2026-08-30,mid-51487,brasil,Corinthians,,a_puerta,4.5,1.714,1.96,0.5335,0.5102,,backtest,2.0,
2026-08-30,mid-51487,brasil,Santos,,a_puerta,3.5,2.05,1.647,0.4455,0.4809,,backtest,4.0,
2026-08-30,mid-51488,brasil,Bahia,,a_puerta,5.5,1.846,1.818,0.4962,0.4538,,backtest,6.0,
2026-08-30,mid-51488,brasil,Internacional,,a_puerta,3.5,1.75,1.923,0.5236,0.506,,backtest,3.0,
2026-08-30,mid-51494,mls,Columbus Crew,,a_puerta,5.5,2.05,1.647,0.4455,0.3996,,backtest,1.0,
2026-08-30,mid-51494,mls,New England Revolution,,a_puerta,3.5,1.733,1.941,0.5283,0.6159,,backtest,11.0,
2026-08-30,mid-51496,mls,Houston Dynamo,,a_puerta,4.5,1.5,2.3,0.6053,0.6646,,backtest,0.0,
2026-08-30,mid-51496,mls,Houston Dynamo,,a_puerta,5.5,1.95,1.727,0.4697,0.5047,,backtest,0.0,
2026-08-30,mid-51496,mls,Houston Dynamo,,a_puerta,6.5,2.6,1.4,0.35,0.3538,,backtest,0.0,
2026-08-30,mid-51496,mls,San Jose Earthquakes,,a_puerta,2.5,1.308,3.0,0.6964,0.6678,,backtest,4.0,
2026-08-30,mid-51496,mls,San Jose Earthquakes,,a_puerta,3.5,1.733,1.941,0.5283,0.4575,,backtest,4.0,
2026-08-30,mid-51496,mls,San Jose Earthquakes,,a_puerta,4.5,2.429,1.455,0.3746,0.2757,,backtest,4.0,
2026-08-30,mid-51500,brasil,Flamengo RJ,,a_puerta,6.5,1.68,2.0,0.5435,0.5761,,backtest,6.0,
2026-08-30,mid-51500,brasil,Botafogo RJ,,a_puerta,3.5,2.05,1.647,0.4455,0.4316,,backtest,4.0,
2026-08-30,mid-51506,liga_mx,Santos Laguna,,a_puerta,2.5,1.364,2.714,0.6655,0.6834,,backtest,4.0,
2026-08-30,mid-51506,liga_mx,Santos Laguna,,a_puerta,3.5,1.846,1.818,0.4962,0.4757,,backtest,4.0,
2026-08-30,mid-51506,liga_mx,Santos Laguna,,a_puerta,4.5,2.6,1.4,0.35,0.292,,backtest,4.0,
2026-08-30,mid-51506,liga_mx,Tigres UANL,,a_puerta,4.5,1.429,2.5,0.6363,0.6484,,backtest,2.0,
2026-08-30,mid-51506,liga_mx,Tigres UANL,,a_puerta,5.5,1.8,1.867,0.5091,0.4865,,backtest,2.0,
2026-08-30,mid-51506,liga_mx,Tigres UANL,,a_puerta,6.5,2.375,1.471,0.3825,0.3365,,backtest,2.0,
2026-08-30,mid-51507,liga_mx,Atlas,,a_puerta,3.5,1.308,3.0,0.6964,0.6719,,backtest,3.0,
2026-08-30,mid-51507,liga_mx,Atlas,,a_puerta,4.5,1.647,2.05,0.5545,0.4922,,backtest,3.0,
2026-08-30,mid-51507,liga_mx,Atlas,,a_puerta,5.5,2.167,1.571,0.4203,0.3268,,backtest,3.0,
2026-08-30,mid-51507,liga_mx,Queretaro,,a_puerta,2.5,1.35,2.8,0.6747,0.7705,,backtest,5.0,
2026-08-30,mid-51507,liga_mx,Queretaro,,a_puerta,3.5,1.8,1.867,0.5091,0.5857,,backtest,5.0,
2026-08-30,mid-51507,liga_mx,Queretaro,,a_puerta,4.5,2.5,1.429,0.3637,0.3982,,backtest,5.0,
2026-08-30,mid-51509,eredivisie,Feyenoord,,a_puerta,7.5,1.909,1.733,0.4758,0.5071,,backtest,12.0,
2026-08-30,mid-51509,eredivisie,Den Haag,,a_puerta,2.5,1.786,1.85,0.5088,0.5213,,backtest,3.0,
2026-08-30,mid-51514,chi_primera,Ñublense,,a_puerta,3.5,1.4,2.6,0.65,0.6703,,backtest,3.0,
2026-08-30,mid-51514,chi_primera,Ñublense,,a_puerta,4.5,1.818,1.818,0.5,0.4904,,backtest,3.0,
2026-08-30,mid-51514,chi_primera,Ñublense,,a_puerta,5.5,2.5,1.429,0.3637,0.3251,,backtest,3.0,
2026-08-30,mid-51514,chi_primera,Deportes Concepcion,,a_puerta,2.5,1.364,2.714,0.6655,0.6705,,backtest,4.0,
2026-08-30,mid-51514,chi_primera,Deportes Concepcion,,a_puerta,3.5,1.818,1.818,0.5,0.4606,,backtest,4.0,
2026-08-30,mid-51514,chi_primera,Deportes Concepcion,,a_puerta,4.5,2.6,1.4,0.35,0.2784,,backtest,4.0,
2026-08-30,mid-51515,liga_mx,Pachuca,,a_puerta,2.5,1.273,3.2,0.7154,0.8077,,backtest,7.0,
2026-08-30,mid-51515,liga_mx,Pachuca,,a_puerta,3.5,1.636,2.083,0.5601,0.6375,,backtest,7.0,
2026-08-30,mid-51515,liga_mx,Pachuca,,a_puerta,4.5,2.25,1.53,0.4048,0.4535,,backtest,7.0,
2026-08-30,mid-51515,liga_mx,Guadalajara Chivas,,a_puerta,3.5,1.375,2.667,0.6598,0.7457,,backtest,5.0,
2026-08-30,mid-51515,liga_mx,Guadalajara Chivas,,a_puerta,4.5,1.778,1.889,0.5151,0.5814,,backtest,5.0,
2026-08-30,mid-51515,liga_mx,Guadalajara Chivas,,a_puerta,5.5,2.4,1.462,0.3786,0.4146,,backtest,5.0,
2026-08-30,mid-51526,eredivisie,Utrecht,,a_puerta,4.5,2.0,1.667,0.4546,0.2784,,backtest,1.0,
2026-08-30,mid-51526,eredivisie,PSV Eindhoven,,a_puerta,6.5,2.0,1.667,0.4546,0.5188,,backtest,14.0,
2026-08-30,mid-51529,per_liga1,Alianza Lima,,a_puerta,4.5,1.35,2.8,0.6747,0.7831,,backtest,1.0,
2026-08-30,mid-51529,per_liga1,Alianza Lima,,a_puerta,5.5,1.667,2.0,0.5454,0.6486,,backtest,1.0,
2026-08-30,mid-51529,per_liga1,Alianza Lima,,a_puerta,6.5,2.143,1.583,0.4249,0.5024,,backtest,1.0,
2026-08-30,mid-51529,per_liga1,Deportivo Garcilaso,,a_puerta,1.5,1.35,2.8,0.6747,0.7173,,backtest,3.0,
2026-08-30,mid-51529,per_liga1,Deportivo Garcilaso,,a_puerta,2.5,1.95,1.7,0.4658,0.4682,,backtest,3.0,
2026-08-30,mid-51529,per_liga1,Deportivo Garcilaso,,a_puerta,3.5,3.1,1.286,0.2932,0.2579,,backtest,3.0,
2026-08-30,mid-51532,col_primera_a,Alianza FC,,a_puerta,3.5,1.875,1.76,0.4842,0.5202,,backtest,1.0,
2026-08-30,mid-51532,col_primera_a,Atlético Nacional,,a_puerta,4.5,1.778,1.857,0.5109,0.4199,,backtest,7.0,
2026-08-30,mid-51538,per_liga1,Deportivo Moquegua,,a_puerta,3.5,1.571,2.167,0.5797,0.6333,,backtest,3.0,
2026-08-30,mid-51538,per_liga1,Deportivo Moquegua,,a_puerta,4.5,2.143,1.583,0.4249,0.4488,,backtest,3.0,
2026-08-30,mid-51538,per_liga1,Deportivo Moquegua,,a_puerta,5.5,3.1,1.286,0.2932,0.2871,,backtest,3.0,
2026-08-30,mid-51538,per_liga1,Alianza Atlético,,a_puerta,2.5,1.273,3.2,0.7154,0.7793,,backtest,4.0,
2026-08-30,mid-51538,per_liga1,Alianza Atlético,,a_puerta,3.5,1.636,2.05,0.5562,0.5976,,backtest,4.0,
2026-08-30,mid-51538,per_liga1,Alianza Atlético,,a_puerta,4.5,2.25,1.53,0.4048,0.4107,,backtest,4.0,
2026-08-30,mid-51543,chi_primera,Universidad de Concepción,,a_puerta,2.5,1.4,2.6,0.65,0.7498,,backtest,2.0,
2026-08-30,mid-51543,chi_primera,Universidad de Concepción,,a_puerta,3.5,1.909,1.733,0.4758,0.558,,backtest,2.0,
2026-08-30,mid-51543,chi_primera,Universidad de Concepción,,a_puerta,4.5,2.714,1.364,0.3345,0.3701,,backtest,2.0,
2026-08-30,mid-51543,chi_primera,Universidad de Chile,,a_puerta,3.5,1.333,2.857,0.6819,0.7354,,backtest,1.0,
2026-08-30,mid-51543,chi_primera,Universidad de Chile,,a_puerta,4.5,1.667,2.0,0.5454,0.5684,,backtest,1.0,
2026-08-30,mid-51543,chi_primera,Universidad de Chile,,a_puerta,5.5,2.222,1.538,0.409,0.4013,,backtest,1.0,
2026-08-30,mid-51544,bra_serie_b,Avaí,,a_puerta,2.5,1.286,3.1,0.7068,0.823,,backtest,4.0,
2026-08-30,mid-51544,bra_serie_b,Avaí,,a_puerta,3.5,1.667,2.0,0.5454,0.6599,,backtest,4.0,
2026-08-30,mid-51544,bra_serie_b,Avaí,,a_puerta,4.5,2.3,1.5,0.3947,0.4785,,backtest,4.0,
2026-08-30,mid-51544,bra_serie_b,Atlético Goianiense,,a_puerta,2.5,1.308,3.0,0.6964,0.7742,,backtest,2.0,
2026-08-30,mid-51544,bra_serie_b,Atlético Goianiense,,a_puerta,3.5,1.692,1.96,0.5367,0.5907,,backtest,2.0,
2026-08-30,mid-51544,bra_serie_b,Atlético Goianiense,,a_puerta,4.5,2.364,1.48,0.385,0.4034,,backtest,2.0,
2026-08-30,mid-51545,bra_serie_b,América Mineiro,,a_puerta,5.5,1.429,2.5,0.6363,0.6258,,backtest,7.0,
2026-08-30,mid-51545,bra_serie_b,América Mineiro,,a_puerta,6.5,1.76,1.875,0.5158,0.4773,,backtest,7.0,
2026-08-30,mid-51545,bra_serie_b,América Mineiro,,a_puerta,7.5,2.25,1.52,0.4032,0.3396,,backtest,7.0,
2026-08-30,mid-51545,bra_serie_b,Ponte Preta,,a_puerta,1.5,1.25,3.333,0.7273,0.7185,,backtest,3.0,
2026-08-30,mid-51545,bra_serie_b,Ponte Preta,,a_puerta,2.5,1.7,1.95,0.5342,0.4698,,backtest,3.0,
2026-08-30,mid-51545,bra_serie_b,Ponte Preta,,a_puerta,3.5,2.5,1.429,0.3637,0.2593,,backtest,3.0,
2026-08-30,mid-51546,per_liga1,Sport Boys,,a_puerta,3.5,1.375,2.667,0.6598,0.6844,,backtest,1.0,
2026-08-30,mid-51546,per_liga1,Sport Boys,,a_puerta,4.5,1.778,1.857,0.5109,0.5068,,backtest,1.0,
2026-08-30,mid-51546,per_liga1,Sport Boys,,a_puerta,5.5,2.429,1.455,0.3746,0.3406,,backtest,1.0,
2026-08-30,mid-51546,per_liga1,Sporting Cristal,,a_puerta,2.5,1.286,3.1,0.7068,0.7179,,backtest,2.0,
2026-08-30,mid-51546,per_liga1,Sporting Cristal,,a_puerta,3.5,1.667,2.0,0.5454,0.5175,,backtest,2.0,
2026-08-30,mid-51546,per_liga1,Sporting Cristal,,a_puerta,4.5,2.3,1.5,0.3947,0.3306,,backtest,2.0,
2026-08-30,mid-51547,bra_serie_b,CRB,,a_puerta,3.5,1.4,2.6,0.65,0.7185,,backtest,2.0,
2026-08-30,mid-51547,bra_serie_b,CRB,,a_puerta,4.5,1.818,1.818,0.5,0.5475,,backtest,2.0,
2026-08-30,mid-51547,bra_serie_b,CRB,,a_puerta,5.5,2.5,1.429,0.3637,0.3803,,backtest,2.0,
2026-08-30,mid-51547,bra_serie_b,Criciúma,,a_puerta,2.5,1.364,2.714,0.6655,0.715,,backtest,5.0,
2026-08-30,mid-51547,bra_serie_b,Criciúma,,a_puerta,3.5,1.818,1.818,0.5,0.5138,,backtest,5.0,
2026-08-30,mid-51547,bra_serie_b,Criciúma,,a_puerta,4.5,2.6,1.4,0.35,0.3271,,backtest,5.0,
2026-08-30,mid-51548,col_primera_a,Independiente Medellín,,a_puerta,5.5,1.75,1.889,0.5191,0.3591,,backtest,2.0,
2026-08-30,mid-51548,col_primera_a,Llaneros FC,,a_puerta,3.5,2.083,1.615,0.4367,0.3766,,backtest,5.0,
2026-08-30,mid-51549,bra_serie_b,Vila Nova,,a_puerta,3.5,1.375,2.667,0.6598,0.7027,,backtest,2.0,
2026-08-30,mid-51549,bra_serie_b,Vila Nova,,a_puerta,4.5,1.76,1.875,0.5158,0.5284,,backtest,2.0,
2026-08-30,mid-51549,bra_serie_b,Vila Nova,,a_puerta,5.5,2.4,1.462,0.3786,0.3614,,backtest,2.0,
2026-08-30,mid-51549,bra_serie_b,Ceará,,a_puerta,2.5,1.471,2.375,0.6175,0.6567,,backtest,5.0,
2026-08-30,mid-51549,bra_serie_b,Ceará,,a_puerta,3.5,2.05,1.636,0.4438,0.4447,,backtest,5.0,
2026-08-30,mid-51549,bra_serie_b,Ceará,,a_puerta,4.5,3.0,1.308,0.3036,0.2646,,backtest,5.0,
2026-08-30,mid-51550,chi_primera,Colo Colo,,a_puerta,4.5,1.4,2.6,0.65,0.6543,,backtest,5.0,
2026-08-30,mid-51550,chi_primera,Colo Colo,,a_puerta,5.5,1.75,1.889,0.5191,0.4931,,backtest,5.0,
2026-08-30,mid-51550,chi_primera,Colo Colo,,a_puerta,6.5,2.3,1.5,0.3947,0.3427,,backtest,5.0,
2026-08-30,mid-51550,chi_primera,Audax Italiano,,a_puerta,1.5,1.25,3.333,0.7273,0.8547,,backtest,2.0,
2026-08-30,mid-51550,chi_primera,Audax Italiano,,a_puerta,2.5,1.714,1.933,0.53,0.6693,,backtest,2.0,
2026-08-30,mid-51550,chi_primera,Audax Italiano,,a_puerta,3.5,2.5,1.429,0.3637,0.4592,,backtest,2.0,
2026-08-31,mid-51553,per_liga1,Cienciano del Cusco,,a_puerta,5.5,1.909,1.733,0.4758,0.3655,,backtest,2.0,
2026-08-31,mid-51553,per_liga1,Cusco FC,,a_puerta,3.5,1.667,2.0,0.5454,0.5202,,backtest,3.0,
2026-08-31,mid-51562,liga_mx,Toluca,,a_puerta,5.5,1.429,2.5,0.6363,0.7147,,backtest,9.0,
2026-08-31,mid-51562,liga_mx,Toluca,,a_puerta,6.5,1.778,1.889,0.5151,0.578,,backtest,9.0,
2026-08-31,mid-51562,liga_mx,Toluca,,a_puerta,7.5,2.25,1.52,0.4032,0.4392,,backtest,9.0,
2026-08-31,mid-51562,liga_mx,Juarez,,a_puerta,2.5,1.53,2.25,0.5952,0.5069,,backtest,2.0,
2026-08-31,mid-51562,liga_mx,Juarez,,a_puerta,3.5,2.167,1.583,0.4221,0.2922,,backtest,2.0,
2026-08-31,mid-51562,liga_mx,Juarez,,a_puerta,4.5,3.2,1.273,0.2846,0.1453,,backtest,2.0,
2026-08-31,mid-51563,liga_mx,Monterrey,,a_puerta,4.5,1.375,2.667,0.6598,0.6761,,backtest,8.0,
2026-08-31,mid-51563,liga_mx,Monterrey,,a_puerta,5.5,1.733,1.941,0.5283,0.5178,,backtest,8.0,
2026-08-31,mid-51563,liga_mx,Monterrey,,a_puerta,6.5,2.25,1.53,0.4048,0.3665,,backtest,8.0,
2026-08-31,mid-51563,liga_mx,Atl. San Luis,,a_puerta,2.5,1.364,2.714,0.6655,0.7365,,backtest,4.0,
2026-08-31,mid-51563,liga_mx,Atl. San Luis,,a_puerta,3.5,1.846,1.818,0.4962,0.5408,,backtest,4.0,
2026-08-31,mid-51563,liga_mx,Atl. San Luis,,a_puerta,4.5,2.6,1.4,0.35,0.3531,,backtest,4.0,
2026-08-31,mid-51567,mls,St. Louis City,,a_puerta,4.5,1.538,2.222,0.591,0.5855,,backtest,5.0,
2026-08-31,mid-51567,mls,St. Louis City,,a_puerta,5.5,2.0,1.692,0.4583,0.4189,,backtest,5.0,
2026-08-31,mid-51567,mls,St. Louis City,,a_puerta,6.5,2.714,1.364,0.3345,0.2748,,backtest,5.0,
2026-08-31,mid-51567,mls,FC Dallas,,a_puerta,3.5,1.52,2.25,0.5968,0.5807,,backtest,7.0,
2026-08-31,mid-51567,mls,FC Dallas,,a_puerta,4.5,2.05,1.647,0.4455,0.3931,,backtest,7.0,
2026-08-31,mid-51567,mls,FC Dallas,,a_puerta,5.5,2.857,1.333,0.3181,0.2389,,backtest,7.0,
2026-08-31,mid-51570,col_primera_a,Deportivo Cali,,a_puerta,3.5,1.583,2.143,0.5751,0.6158,,backtest,5.0,
2026-08-31,mid-51570,col_primera_a,Atlético Bucaramanga,,a_puerta,3.5,2.083,1.615,0.4367,0.3138,,backtest,6.0,
2026-08-31,mid-51573,chi_primera,Unión La Calera,,a_puerta,3.5,1.4,2.6,0.65,0.6768,,backtest,1.0,
2026-08-31,mid-51573,chi_primera,Unión La Calera,,a_puerta,4.5,1.8,1.833,0.5045,0.4979,,backtest,1.0,
2026-08-31,mid-51573,chi_primera,Unión La Calera,,a_puerta,5.5,2.455,1.444,0.3704,0.3322,,backtest,1.0,
2026-08-31,mid-51573,chi_primera,La Serena,,a_puerta,2.5,1.273,3.2,0.7154,0.7826,,backtest,3.0,
2026-08-31,mid-51573,chi_primera,La Serena,,a_puerta,3.5,1.636,2.05,0.5562,0.6021,,backtest,3.0,
2026-08-31,mid-51573,chi_primera,La Serena,,a_puerta,4.5,2.25,1.53,0.4048,0.4154,,backtest,3.0,
2026-08-31,mid-51574,bra_serie_b,Fortaleza,,a_puerta,4.5,1.462,2.4,0.6214,0.5823,,backtest,5.0,
2026-08-31,mid-51574,bra_serie_b,Fortaleza,,a_puerta,5.5,1.857,1.778,0.4891,0.4156,,backtest,5.0,
2026-08-31,mid-51574,bra_serie_b,Fortaleza,,a_puerta,6.5,2.5,1.429,0.3637,0.2719,,backtest,5.0,
2026-08-31,mid-51574,bra_serie_b,Operário PR,,a_puerta,2.5,1.5,2.3,0.6053,0.7263,,backtest,1.0,
2026-08-31,mid-51574,bra_serie_b,Operário PR,,a_puerta,3.5,2.083,1.615,0.4367,0.528,,backtest,1.0,
2026-08-31,mid-51574,bra_serie_b,Operário PR,,a_puerta,4.5,3.1,1.286,0.2932,0.3406,,backtest,1.0,
2026-08-31,mid-51575,col_primera_a,Deportivo Pasto,,a_puerta,5.5,1.76,1.875,0.5158,0.6592,,backtest,5.0,
2026-08-31,mid-51575,col_primera_a,Deportivo Pereira,,a_puerta,2.5,2.083,1.615,0.4367,0.5026,,backtest,2.0,
2026-09-01,mid-51581,eng_championship,Birmingham,,a_puerta,4.5,1.909,1.76,0.4797,0.4032,,backtest,4.0,
2026-09-01,mid-51581,eng_championship,Southampton,,a_puerta,4.5,2.1,1.625,0.4362,0.427,,backtest,4.0,
2026-09-01,mid-51583,eng_championship,Portsmouth,,a_puerta,4.5,1.636,2.083,0.5601,0.5754,,backtest,3.0,
2026-09-01,mid-51583,eng_championship,Derby,,a_puerta,3.5,1.923,1.75,0.4764,0.4217,,backtest,5.0,
2026-09-01,mid-51588,eng_championship,Lincoln,,a_puerta,4.5,1.875,1.786,0.4878,0.5036,,backtest,1.0,
2026-09-01,mid-51588,eng_championship,Blackburn,,a_puerta,3.5,1.76,1.909,0.5203,0.5344,,backtest,2.0,
2026-09-01,mid-51589,brasil,Remo,,a_puerta,3.5,1.35,2.8,0.6747,0.6768,,backtest,7.0,
2026-09-01,mid-51589,brasil,Remo,,a_puerta,4.5,1.714,1.96,0.5335,0.4979,,backtest,7.0,
2026-09-01,mid-51589,brasil,Remo,,a_puerta,5.5,2.25,1.52,0.4032,0.3322,,backtest,7.0,
2026-09-01,mid-51589,brasil,Coritiba,,a_puerta,2.5,1.35,2.8,0.6747,0.6076,,backtest,5.0,
2026-09-01,mid-51589,brasil,Coritiba,,a_puerta,3.5,1.8,1.867,0.5091,0.3911,,backtest,5.0,
2026-09-01,mid-51589,brasil,Coritiba,,a_puerta,4.5,2.5,1.429,0.3637,0.2197,,backtest,5.0,
2026-09-01,mid-51595,eng_championship,Swansea,,a_puerta,4.5,1.636,2.083,0.5601,0.5672,,backtest,8.0,
2026-09-01,mid-51595,eng_championship,Watford,,a_puerta,3.5,1.96,1.714,0.4665,0.5017,,backtest,3.0,
2026-09-01,mid-51601,eng_championship,Stoke,,a_puerta,3.5,1.692,2.0,0.5417,0.5448,,backtest,2.0,
2026-09-01,mid-51601,eng_championship,Norwich,,a_puerta,4.5,1.68,2.0,0.5435,0.4661,,backtest,6.0,
2026-09-01,mid-51603,chi_primera,Universidad Católica,,a_puerta,3.5,1.308,3.0,0.6964,0.7472,,backtest,6.0,
2026-09-01,mid-51603,chi_primera,Universidad Católica,,a_puerta,4.5,1.636,2.05,0.5562,0.5833,,backtest,6.0,
2026-09-01,mid-51603,chi_primera,Universidad Católica,,a_puerta,5.5,2.167,1.571,0.4203,0.4166,,backtest,6.0,
2026-09-01,mid-51603,chi_primera,O'Higgins,,a_puerta,2.5,1.385,2.667,0.6582,0.6842,,backtest,5.0,
2026-09-01,mid-51603,chi_primera,O'Higgins,,a_puerta,3.5,1.875,1.76,0.4842,0.4767,,backtest,5.0,
2026-09-01,mid-51603,chi_primera,O'Higgins,,a_puerta,4.5,2.714,1.364,0.3345,0.2928,,backtest,5.0,
2026-09-01,mid-51604,col_primera_a,Deportes Tolima,,a_puerta,5.5,1.667,2.0,0.5454,0.631,,backtest,2.0,
2026-09-01,mid-51604,col_primera_a,Cúcuta Deportivo,,a_puerta,2.5,1.8,1.833,0.5045,0.6539,,backtest,3.0,
2026-09-01,mid-51608,per_liga1,Atlético Grau,,a_puerta,3.5,1.571,2.167,0.5797,0.5546,,backtest,3.0,
2026-09-01,mid-51608,per_liga1,Atlético Grau,,a_puerta,4.5,2.1,1.6,0.4324,0.3667,,backtest,3.0,
2026-09-01,mid-51608,per_liga1,Atlético Grau,,a_puerta,5.5,3.0,1.308,0.3036,0.2172,,backtest,3.0,
2026-09-01,mid-51608,per_liga1,Melgar,,a_puerta,2.5,1.286,3.1,0.7068,0.8068,,backtest,6.0,
2026-09-01,mid-51608,per_liga1,Melgar,,a_puerta,3.5,1.667,2.0,0.5454,0.6362,,backtest,6.0,
2026-09-01,mid-51608,per_liga1,Melgar,,a_puerta,4.5,2.3,1.5,0.3947,0.4521,,backtest,6.0,
2026-09-01,mid-51609,bra_serie_b,Londrina,,a_puerta,2.5,1.375,2.667,0.6598,0.7308,,backtest,3.0,
2026-09-01,mid-51609,bra_serie_b,Londrina,,a_puerta,3.5,1.85,1.786,0.4912,0.5336,,backtest,3.0,
2026-09-01,mid-51609,bra_serie_b,Londrina,,a_puerta,4.5,2.667,1.375,0.3402,0.3461,,backtest,3.0,
2026-09-01,mid-51609,bra_serie_b,Juventude,,a_puerta,3.5,1.462,2.4,0.6214,0.5641,,backtest,1.0,
2026-09-01,mid-51609,bra_serie_b,Juventude,,a_puerta,4.5,1.933,1.714,0.47,0.3762,,backtest,1.0,
2026-09-01,mid-51609,bra_serie_b,Juventude,,a_puerta,5.5,2.714,1.364,0.3345,0.225,,backtest,1.0,
2026-09-02,mid-51610,eng_championship,Millwall,,a_puerta,4.5,1.714,1.96,0.5335,0.472,,backtest,0.0,
2026-09-02,mid-51610,eng_championship,Wrexham,,a_puerta,3.5,1.909,1.76,0.4797,0.4882,,backtest,3.0,
2026-09-02,mid-51629,eng_championship,Burnley,,a_puerta,3.5,1.647,2.05,0.5545,0.5847,,backtest,3.0,
2026-09-02,mid-51629,eng_championship,Middlesbrough,,a_puerta,4.5,2.143,1.6,0.4275,0.4989,,backtest,2.0,
2026-09-02,mid-51632,brasil,Flamengo RJ,,a_puerta,6.5,1.867,1.8,0.4909,0.5328,,backtest,4.0,
2026-09-02,mid-51632,brasil,Mirassol,,a_puerta,2.5,1.85,1.818,0.4956,0.6148,,backtest,2.0,
2026-09-02,mid-51637,col_primera_a,Fortaleza CEIF,,a_puerta,3.5,1.667,2.0,0.5454,0.5696,,backtest,4.0,
2026-09-02,mid-51637,col_primera_a,Once Caldas,,a_puerta,3.5,1.667,2.0,0.5454,0.6213,,backtest,7.0,
2026-09-02,mid-51639,chi_primera,Coquimbo Unido,,a_puerta,4.5,1.5,2.3,0.6053,0.4891,,backtest,4.0,
2026-09-02,mid-51639,chi_primera,Coquimbo Unido,,a_puerta,5.5,1.933,1.714,0.47,0.3239,,backtest,4.0,
2026-09-02,mid-51639,chi_primera,Coquimbo Unido,,a_puerta,6.5,2.6,1.4,0.35,0.1953,,backtest,4.0,
2026-09-02,mid-51639,chi_primera,Universidad de Concepción,,a_puerta,1.5,1.2,3.8,0.76,0.7597,,backtest,2.0,
2026-09-02,mid-51639,chi_primera,Universidad de Concepción,,a_puerta,2.5,1.546,2.2,0.5873,0.5243,,backtest,2.0,
2026-09-02,mid-51639,chi_primera,Universidad de Concepción,,a_puerta,3.5,2.222,1.538,0.409,0.3082,,backtest,2.0,
2026-09-03,mid-51648,chi_primera,Deportes Limache,,a_puerta,4.5,1.733,1.909,0.5242,0.4081,,backtest,6.0,
2026-09-03,mid-51648,chi_primera,Ñublense,,a_puerta,3.5,1.667,2.0,0.5454,0.6448,,backtest,0.0,
2026-09-03,mid-51649,col_primera_a,Independiente Santa Fe,,a_puerta,3.5,1.733,1.909,0.5242,0.4319,,backtest,3.0,
2026-09-03,mid-51649,col_primera_a,Millonarios,,a_puerta,4.5,2.1,1.6,0.4324,0.4724,,backtest,8.0,
2026-09-03,mid-51652,col_primera_a,América de Cali,,a_puerta,5.5,1.714,1.933,0.53,0.5122,,backtest,4.0,
2026-09-03,mid-51652,col_primera_a,Alianza FC,,a_puerta,2.5,1.96,1.692,0.4633,0.4017,,backtest,5.0,
2026-09-04,mid-51658,laliga,Betis,,a_puerta,3.5,1.778,1.889,0.5151,0.4499,,backtest,5.0,
2026-09-04,mid-51658,laliga,Real Madrid,,a_puerta,6.5,1.76,1.909,0.5203,0.4744,,backtest,8.0,
2026-09-04,mid-51672,col_primera_a,Deportivo Pereira,,a_puerta,2.5,1.615,2.083,0.5633,0.6475,,backtest,3.0,
2026-09-04,mid-51672,col_primera_a,Independiente Medellín,,a_puerta,5.5,1.933,1.714,0.47,0.3329,,backtest,4.0,
2026-09-04,mid-51685,per_liga1,Alianza Atlético,,a_puerta,4.5,1.375,2.667,0.6598,0.6698,,backtest,5.0,
2026-09-04,mid-51685,per_liga1,Alianza Atlético,,a_puerta,5.5,1.714,1.933,0.53,0.5106,,backtest,5.0,
2026-09-04,mid-51685,per_liga1,Alianza Atlético,,a_puerta,6.5,2.222,1.538,0.409,0.3595,,backtest,5.0,
2026-09-04,mid-51686,bra_serie_b,Criciúma,,a_puerta,3.5,1.4,2.6,0.65,0.6331,,backtest,5.0,
2026-09-04,mid-51686,bra_serie_b,Criciúma,,a_puerta,4.5,1.8,1.833,0.5045,0.4486,,backtest,5.0,
2026-09-04,mid-51686,bra_serie_b,Criciúma,,a_puerta,5.5,2.5,1.429,0.3637,0.287,,backtest,5.0,
2026-09-04,mid-51686,bra_serie_b,Cuiabá,,a_puerta,2.5,1.48,2.364,0.615,0.6607,,backtest,1.0,
2026-09-04,mid-51686,bra_serie_b,Cuiabá,,a_puerta,3.5,2.083,1.615,0.4367,0.4494,,backtest,1.0,
2026-09-04,mid-51686,bra_serie_b,Cuiabá,,a_puerta,4.5,3.1,1.286,0.2932,0.2686,,backtest,1.0,
2026-09-05,mid-51692,mls,New York City,,a_puerta,3.5,1.538,2.222,0.591,0.6538,,backtest,1.0,
2026-09-05,mid-51692,mls,New York City,,a_puerta,4.5,2.1,1.625,0.4362,0.4717,,backtest,1.0,
2026-09-05,mid-51692,mls,New York City,,a_puerta,5.5,3.0,1.308,0.3036,0.3078,,backtest,1.0,
2026-09-05,mid-51692,mls,Nashville SC,,a_puerta,3.5,1.48,2.364,0.615,0.6384,,backtest,2.0,
2026-09-05,mid-51692,mls,Nashville SC,,a_puerta,4.5,2.0,1.692,0.4583,0.4545,,backtest,2.0,
2026-09-05,mid-51692,mls,Nashville SC,,a_puerta,5.5,2.8,1.35,0.3253,0.2922,,backtest,2.0,
2026-09-05,mid-51714,liga_mx,Juarez,,a_puerta,2.5,1.385,2.667,0.6582,0.6934,,backtest,1.0,
2026-09-05,mid-51714,liga_mx,Juarez,,a_puerta,3.5,1.889,1.778,0.4849,0.4875,,backtest,1.0,
2026-09-05,mid-51714,liga_mx,Juarez,,a_puerta,4.5,2.714,1.364,0.3345,0.3027,,backtest,1.0,
2026-09-05,mid-51714,liga_mx,Pachuca,,a_puerta,3.5,1.286,3.1,0.7068,0.668,,backtest,4.0,
2026-09-05,mid-51714,liga_mx,Pachuca,,a_puerta,4.5,1.625,2.1,0.5638,0.4878,,backtest,4.0,
2026-09-05,mid-51714,liga_mx,Pachuca,,a_puerta,5.5,2.143,1.583,0.4249,0.3227,,backtest,4.0,
2026-09-05,mid-51722,laliga,Vallecano,,a_puerta,4.5,1.8,1.867,0.5091,0.4546,,backtest,10.0,
2026-09-05,mid-51722,laliga,Santander,,a_puerta,3.5,1.846,1.818,0.4962,0.5474,,backtest,4.0,
2026-09-05,mid-51726,brasil,Sao Paulo,,a_puerta,4.5,1.647,2.05,0.5545,0.5558,,backtest,5.0,
2026-09-05,mid-51726,brasil,Atletico-MG,,a_puerta,3.5,1.667,2.05,0.5515,0.4855,,backtest,0.0,
2026-09-05,mid-51732,eng_championship,Swansea,,a_puerta,4.5,1.818,1.85,0.5044,0.3257,,backtest,3.0,
2026-09-05,mid-51732,eng_championship,Wrexham,,a_puerta,3.5,1.875,1.786,0.4878,0.488,,backtest,1.0,
2026-09-05,mid-51733,eng_championship,Stoke,,a_puerta,4.5,1.889,1.778,0.4849,0.4108,,backtest,8.0,
2026-09-05,mid-51733,eng_championship,Charlton,,a_puerta,3.5,1.96,1.714,0.4665,0.3931,,backtest,3.0,
2026-09-05,mid-51735,eng_championship,Sheffield United,,a_puerta,4.5,1.941,1.733,0.4717,0.3518,,backtest,4.0,
2026-09-05,mid-51735,eng_championship,Norwich,,a_puerta,4.5,2.0,1.692,0.4583,0.5071,,backtest,8.0,
2026-09-05,mid-51736,eng_championship,Portsmouth,,a_puerta,4.5,1.867,1.8,0.4909,0.5683,,backtest,5.0,
2026-09-05,mid-51736,eng_championship,Cardiff,,a_puerta,4.5,2.143,1.6,0.4275,0.4262,,backtest,5.0,
2026-09-05,mid-51737,eng_championship,West Ham,,a_puerta,5.5,1.625,2.1,0.5638,0.6903,,backtest,7.0,
2026-09-05,mid-51737,eng_championship,Derby,,a_puerta,2.5,1.8,1.867,0.5091,0.6058,,backtest,0.0,
2026-09-05,mid-51738,eng_championship,Millwall,,a_puerta,4.5,1.636,2.083,0.5601,0.4967,,backtest,5.0,
2026-09-05,mid-51738,eng_championship,Bolton,,a_puerta,3.5,2.0,1.692,0.4583,0.3568,,backtest,4.0,
2026-09-05,mid-51756,eng_championship,Lincoln,,a_puerta,3.5,1.714,1.96,0.5335,0.532,,backtest,5.0,
2026-09-05,mid-51756,eng_championship,Southampton,,a_puerta,4.5,1.68,2.0,0.5435,0.6032,,backtest,4.0,
2026-09-05,mid-51769,eng_championship,Burnley,,a_puerta,5.5,2.0,1.68,0.4565,0.3502,,backtest,2.0,
2026-09-05,mid-51769,eng_championship,Bristol City,,a_puerta,3.5,1.867,1.8,0.4909,0.4279,,backtest,4.0,
2026-09-05,mid-51775,ger_bundesliga2,Holstein Kiel,,a_puerta,4.5,1.75,1.889,0.5191,0.6195,,backtest,3.0,
2026-09-05,mid-51775,ger_bundesliga2,Nurnberg,,a_puerta,4.5,1.889,1.75,0.4809,0.4793,,backtest,7.0,
2026-09-05,mid-51786,ger_bundesliga2,Wolfsburg,,a_puerta,7.5,1.933,1.714,0.47,0.4999,,backtest,7.0,
2026-09-05,mid-51786,ger_bundesliga2,Cottbus,,a_puerta,2.5,1.636,2.05,0.5562,0.5194,,backtest,9.0,
2026-09-05,mid-51787,bra_serie_b,CRB,,a_puerta,6.5,1.933,1.714,0.47,0.4449,,backtest,4.0,
2026-09-05,mid-51787,bra_serie_b,América Mineiro,,a_puerta,3.5,1.909,1.733,0.4758,0.4748,,backtest,1.0,
2026-09-05,mid-51788,chi_primera,Deportes Concepcion,,a_puerta,4.5,1.7,1.95,0.5342,0.4044,,backtest,3.0,
2026-09-05,mid-51788,chi_primera,Audax Italiano,,a_puerta,3.5,1.95,1.7,0.4658,0.4663,,backtest,4.0,
2026-09-05,mid-51795,bra_serie_b,Goiás,,a_puerta,3.5,1.48,2.364,0.615,0.5452,,backtest,2.0,
2026-09-05,mid-51795,bra_serie_b,Goiás,,a_puerta,4.5,1.95,1.7,0.4658,0.3574,,backtest,2.0,
2026-09-05,mid-51795,bra_serie_b,Goiás,,a_puerta,5.5,2.714,1.364,0.3345,0.2097,,backtest,2.0,
2026-09-05,mid-51795,bra_serie_b,Fortaleza,,a_puerta,2.5,1.267,3.2,0.7164,0.7343,,backtest,4.0,
2026-09-05,mid-51795,bra_serie_b,Fortaleza,,a_puerta,3.5,1.615,2.083,0.5633,0.5382,,backtest,4.0,
2026-09-05,mid-51795,bra_serie_b,Fortaleza,,a_puerta,4.5,2.2,1.546,0.4127,0.3505,,backtest,4.0,
2026-09-05,mid-51796,bra_serie_b,Novorizontino,,a_puerta,5.5,1.615,2.083,0.5633,0.5374,,backtest,4.0,
2026-09-05,mid-51796,bra_serie_b,Novorizontino,,a_puerta,6.5,2.083,1.615,0.4367,0.3857,,backtest,4.0,
2026-09-05,mid-51796,bra_serie_b,Novorizontino,,a_puerta,7.5,2.8,1.35,0.3253,0.2567,,backtest,4.0,
2026-09-05,mid-51796,bra_serie_b,Avaí,,a_puerta,2.5,1.444,2.455,0.6296,0.5685,,backtest,5.0,
2026-09-05,mid-51796,bra_serie_b,Avaí,,a_puerta,3.5,2.0,1.667,0.4546,0.351,,backtest,5.0,
2026-09-05,mid-51796,bra_serie_b,Avaí,,a_puerta,4.5,2.9,1.32,0.3128,0.1882,,backtest,5.0,
2026-09-05,mid-51797,per_liga1,Sport Huancayo,,a_puerta,4.5,1.583,2.143,0.5751,0.674,,backtest,2.0,
2026-09-05,mid-51797,per_liga1,Sport Huancayo,,a_puerta,5.5,2.083,1.615,0.4367,0.5154,,backtest,2.0,
2026-09-05,mid-51797,per_liga1,Sport Huancayo,,a_puerta,6.5,2.857,1.333,0.3181,0.3641,,backtest,2.0,
2026-09-05,mid-51797,per_liga1,Sport Boys,,a_puerta,2.5,1.53,2.25,0.5952,0.6191,,backtest,4.0,
2026-09-05,mid-51797,per_liga1,Sport Boys,,a_puerta,3.5,2.143,1.583,0.4249,0.4033,,backtest,4.0,
2026-09-05,mid-51797,per_liga1,Sport Boys,,a_puerta,4.5,3.2,1.273,0.2846,0.2297,,backtest,4.0,
2026-09-05,mid-51798,col_primera_a,Boyacá Chicó FC,,a_puerta,3.5,2.0,1.667,0.4546,0.4336,,backtest,2.0,
2026-09-05,mid-51798,col_primera_a,Once Caldas,,a_puerta,4.5,1.786,1.85,0.5088,0.4681,,backtest,5.0,
2026-09-05,mid-51799,bra_serie_b,Juventude,,a_puerta,3.5,1.364,2.714,0.6655,0.6746,,backtest,2.0,
2026-09-05,mid-51799,bra_serie_b,Juventude,,a_puerta,4.5,1.75,1.889,0.5191,0.4953,,backtest,2.0,
2026-09-05,mid-51799,bra_serie_b,Juventude,,a_puerta,5.5,2.364,1.48,0.385,0.3298,,backtest,2.0,
2026-09-05,mid-51799,bra_serie_b,Atlético Goianiense,,a_puerta,2.5,1.35,2.8,0.6747,0.659,,backtest,2.0,
2026-09-05,mid-51799,bra_serie_b,Atlético Goianiense,,a_puerta,3.5,1.778,1.857,0.5109,0.4474,,backtest,2.0,
2026-09-05,mid-51799,bra_serie_b,Atlético Goianiense,,a_puerta,4.5,2.5,1.429,0.3637,0.2669,,backtest,2.0,
2026-09-05,mid-51800,chi_primera,Everton CD,,a_puerta,3.5,1.364,2.714,0.6655,0.6089,,backtest,3.0,
2026-09-05,mid-51800,chi_primera,Everton CD,,a_puerta,4.5,1.733,1.909,0.5242,0.4225,,backtest,3.0,
2026-09-05,mid-51800,chi_primera,Everton CD,,a_puerta,5.5,2.364,1.48,0.385,0.264,,backtest,3.0,
2026-09-05,mid-51800,chi_primera,Universidad Católica,,a_puerta,2.5,1.273,3.2,0.7154,0.7608,,backtest,2.0,
2026-09-05,mid-51800,chi_primera,Universidad Católica,,a_puerta,3.5,1.615,2.083,0.5633,0.5726,,backtest,2.0,
2026-09-05,mid-51800,chi_primera,Universidad Católica,,a_puerta,4.5,2.222,1.538,0.409,0.3848,,backtest,2.0,
2026-09-05,mid-51801,bra_serie_b,Ceará,,a_puerta,3.5,1.333,2.857,0.6819,0.6995,,backtest,2.0,
2026-09-05,mid-51801,bra_serie_b,Ceará,,a_puerta,4.5,1.667,2.0,0.5454,0.5246,,backtest,2.0,
2026-09-05,mid-51801,bra_serie_b,Ceará,,a_puerta,5.5,2.222,1.538,0.409,0.3577,,backtest,2.0,
2026-09-05,mid-51801,bra_serie_b,Sport,,a_puerta,2.5,1.333,2.857,0.6819,0.7273,,backtest,3.0,
2026-09-05,mid-51801,bra_serie_b,Sport,,a_puerta,3.5,1.75,1.889,0.5191,0.5292,,backtest,3.0,
2026-09-05,mid-51801,bra_serie_b,Sport,,a_puerta,4.5,2.5,1.429,0.3637,0.3418,,backtest,3.0,
2026-09-05,mid-51804,per_liga1,Cusco FC,,a_puerta,5.5,1.636,2.05,0.5562,0.6554,,backtest,5.0,
2026-09-05,mid-51804,per_liga1,Deportivo Moquegua,,a_puerta,2.5,1.818,1.818,0.5,0.516,,backtest,0.0,
2026-09-05,mid-51806,col_primera_a,Cúcuta Deportivo,,a_puerta,4.5,2.05,1.636,0.4438,0.4946,,backtest,4.0,
2026-09-05,mid-51806,col_primera_a,Deportivo Pasto,,a_puerta,3.5,1.818,1.818,0.5,0.4082,,backtest,4.0,
2026-09-05,mid-51807,col_primera_a,Independiente Santa Fe,,a_puerta,5.5,2.0,1.667,0.4546,0.3663,,backtest,3.0,
2026-09-05,mid-51807,col_primera_a,Fortaleza CEIF,,a_puerta,2.5,1.667,2.0,0.5454,0.58,,backtest,3.0,
2026-09-06,mid-51811,brasil,Cruzeiro,,a_puerta,5.5,2.125,1.615,0.4318,0.4979,,backtest,6.0,
2026-09-06,mid-51811,brasil,Athletico-PR,,a_puerta,3.5,1.96,1.714,0.4665,0.463,,backtest,7.0,
2026-09-06,mid-51812,eredivisie,Groningen,,a_puerta,4.5,1.909,1.733,0.4758,0.4743,,backtest,4.0,
2026-09-06,mid-51812,eredivisie,Twente,,a_puerta,5.5,1.95,1.7,0.4658,0.5228,,backtest,5.0,
2026-09-06,mid-51825,brasil,Botafogo RJ,,a_puerta,4.5,2.083,1.636,0.4399,0.5338,,backtest,4.0,
2026-09-06,mid-51825,brasil,Palmeiras,,a_puerta,4.5,1.95,1.727,0.4697,0.573,,backtest,5.0,
2026-09-06,mid-51826,brasil,Corinthians,,a_puerta,6.5,1.96,1.714,0.4665,0.4314,,backtest,6.0,
2026-09-06,mid-51826,brasil,Chapecoense-SC,,a_puerta,2.5,1.833,1.833,0.5,0.5973,,backtest,5.0,
2026-09-06,mid-51827,brasil,Coritiba,,a_puerta,4.5,1.75,1.923,0.5236,0.3653,,backtest,6.0,
2026-09-06,mid-51827,brasil,Mirassol,,a_puerta,4.5,2.1,1.625,0.4362,0.395,,backtest,7.0,
2026-09-06,mid-51838,laliga,Valencia,,a_puerta,2.5,1.625,2.1,0.5638,0.4698,,backtest,2.0,
2026-09-06,mid-51838,laliga,Barcelona,,a_puerta,6.5,1.68,2.0,0.5435,0.413,,backtest,10.0,
2026-09-06,mid-51839,mls,Charlotte,,a_puerta,3.5,1.4,2.6,0.65,0.7252,,backtest,3.0,
2026-09-06,mid-51839,mls,Charlotte,,a_puerta,4.5,1.818,1.85,0.5044,0.5557,,backtest,3.0,
2026-09-06,mid-51839,mls,Charlotte,,a_puerta,5.5,2.455,1.444,0.3704,0.3885,,backtest,3.0,
2026-09-06,mid-51839,mls,Houston Dynamo,,a_puerta,2.5,1.25,3.333,0.7273,0.8344,,backtest,5.0,
2026-09-06,mid-51839,mls,Houston Dynamo,,a_puerta,3.5,1.6,2.143,0.5725,0.677,,backtest,5.0,
2026-09-06,mid-51839,mls,Houston Dynamo,,a_puerta,4.5,2.167,1.571,0.4203,0.4981,,backtest,5.0,
2026-09-06,mid-51840,mls,Portland Timbers,,a_puerta,3.5,1.308,3.0,0.6964,0.7319,,backtest,5.0,
2026-09-06,mid-51840,mls,Portland Timbers,,a_puerta,4.5,1.647,2.05,0.5545,0.564,,backtest,5.0,
2026-09-06,mid-51840,mls,Portland Timbers,,a_puerta,5.5,2.167,1.571,0.4203,0.3968,,backtest,5.0,
2026-09-06,mid-51840,mls,Minnesota United,,a_puerta,3.5,1.429,2.5,0.6363,0.7167,,backtest,8.0,
2026-09-06,mid-51840,mls,Minnesota United,,a_puerta,4.5,1.867,1.8,0.4909,0.5453,,backtest,8.0,
2026-09-06,mid-51840,mls,Minnesota United,,a_puerta,5.5,2.546,1.417,0.3576,0.3781,,backtest,8.0,
2026-09-06,mid-51841,mls,Philadelphia Union,,a_puerta,5.5,1.538,2.222,0.591,0.6212,,backtest,8.0,
2026-09-06,mid-51841,mls,Philadelphia Union,,a_puerta,6.5,1.95,1.727,0.4697,0.4724,,backtest,8.0,
2026-09-06,mid-51841,mls,Philadelphia Union,,a_puerta,7.5,2.546,1.417,0.3576,0.335,,backtest,8.0,
2026-09-06,mid-51841,mls,CF Montreal,,a_puerta,2.5,1.52,2.25,0.5968,0.6168,,backtest,2.0,
2026-09-06,mid-51841,mls,CF Montreal,,a_puerta,3.5,2.143,1.6,0.4275,0.4008,,backtest,2.0,
2026-09-06,mid-51841,mls,CF Montreal,,a_puerta,4.5,3.2,1.273,0.2846,0.2276,,backtest,2.0,
2026-09-06,mid-51842,mls,Columbus Crew,,a_puerta,3.5,1.52,2.25,0.5968,0.686,,backtest,6.0,
2026-09-06,mid-51842,mls,Columbus Crew,,a_puerta,4.5,2.05,1.647,0.4455,0.5086,,backtest,6.0,
2026-09-06,mid-51842,mls,Columbus Crew,,a_puerta,5.5,2.857,1.333,0.3181,0.3424,,backtest,6.0,
2026-09-06,mid-51842,mls,Colorado Rapids,,a_puerta,2.5,1.308,3.0,0.6964,0.7403,,backtest,2.0,
2026-09-06,mid-51842,mls,Colorado Rapids,,a_puerta,3.5,1.727,1.95,0.5303,0.5458,,backtest,2.0,
2026-09-06,mid-51842,mls,Colorado Rapids,,a_puerta,4.5,2.4,1.462,0.3786,0.358,,backtest,2.0,
2026-09-06,mid-51843,mls,FC Dallas,,a_puerta,4.5,1.364,2.714,0.6655,0.6917,,backtest,9.0,
2026-09-06,mid-51843,mls,FC Dallas,,a_puerta,5.5,1.692,2.0,0.5417,0.5358,,backtest,9.0,
2026-09-06,mid-51843,mls,FC Dallas,,a_puerta,6.5,2.2,1.546,0.4127,0.3842,,backtest,9.0,
2026-09-06,mid-51843,mls,Sporting Kansas City,,a_puerta,2.5,1.538,2.222,0.591,0.6014,,backtest,10.0,
2026-09-06,mid-51843,mls,Sporting Kansas City,,a_puerta,3.5,2.222,1.556,0.4119,0.3845,,backtest,10.0,
2026-09-06,mid-51843,mls,Sporting Kansas City,,a_puerta,4.5,3.333,1.25,0.2727,0.2144,,backtest,10.0,
2026-09-06,mid-51845,mls,Orlando City,,a_puerta,4.5,1.52,2.25,0.5968,0.6,,backtest,5.0,
2026-09-06,mid-51845,mls,Orlando City,,a_puerta,5.5,1.96,1.714,0.4665,0.4341,,backtest,5.0,
2026-09-06,mid-51845,mls,Orlando City,,a_puerta,6.5,2.667,1.385,0.3418,0.2883,,backtest,5.0,
2026-09-06,mid-51845,mls,San Diego FC,,a_puerta,3.5,1.364,2.714,0.6655,0.6753,,backtest,2.0,
2026-09-06,mid-51845,mls,San Diego FC,,a_puerta,4.5,1.778,1.889,0.5151,0.4961,,backtest,2.0,
2026-09-06,mid-51845,mls,San Diego FC,,a_puerta,5.5,2.4,1.462,0.3786,0.3305,,backtest,2.0,
2026-09-06,mid-51858,mls,Toronto FC,,a_puerta,3.5,1.471,2.375,0.6175,0.6541,,backtest,8.0,
2026-09-06,mid-51858,mls,Toronto FC,,a_puerta,4.5,1.96,1.714,0.4665,0.4719,,backtest,8.0,
2026-09-06,mid-51858,mls,Toronto FC,,a_puerta,5.5,2.714,1.364,0.3345,0.308,,backtest,8.0,
2026-09-06,mid-51858,mls,Chicago Fire,,a_puerta,3.5,1.364,2.714,0.6655,0.6743,,backtest,6.0,
2026-09-06,mid-51858,mls,Chicago Fire,,a_puerta,4.5,1.75,1.923,0.5236,0.495,,backtest,6.0,
2026-09-06,mid-51858,mls,Chicago Fire,,a_puerta,5.5,2.3,1.5,0.3947,0.3295,,backtest,6.0,
2026-09-06,mid-51859,laliga,Malaga,,a_puerta,4.5,1.889,1.778,0.4849,0.4546,,backtest,3.0,
2026-09-06,mid-51859,laliga,Levante,,a_puerta,3.5,1.75,1.923,0.5236,0.5339,,backtest,3.0,
2026-09-06,mid-51864,liga_mx,Tigres UANL,,a_puerta,4.5,1.333,2.857,0.6819,0.7128,,backtest,6.0,
2026-09-06,mid-51864,liga_mx,Tigres UANL,,a_puerta,5.5,1.636,2.083,0.5601,0.5608,,backtest,6.0,
2026-09-06,mid-51864,liga_mx,Tigres UANL,,a_puerta,6.5,2.1,1.6,0.4324,0.4093,,backtest,6.0,
2026-09-06,mid-51864,liga_mx,Necaxa,,a_puerta,2.5,1.4,2.6,0.65,0.7156,,backtest,4.0,
2026-09-06,mid-51864,liga_mx,Necaxa,,a_puerta,3.5,1.909,1.76,0.4797,0.5146,,backtest,4.0,
2026-09-06,mid-51864,liga_mx,Necaxa,,a_puerta,4.5,2.714,1.364,0.3345,0.3279,,backtest,4.0,
2026-09-06,mid-51865,liga_mx,Atlas,,a_puerta,3.5,1.4,2.6,0.65,0.7196,,backtest,3.0,
2026-09-06,mid-51865,liga_mx,Atlas,,a_puerta,4.5,1.8,1.867,0.5091,0.5489,,backtest,3.0,
2026-09-06,mid-51865,liga_mx,Atlas,,a_puerta,5.5,2.455,1.444,0.3704,0.3817,,backtest,3.0,
2026-09-06,mid-51865,liga_mx,Atlante,,a_puerta,2.5,1.364,2.714,0.6655,0.7511,,backtest,2.0,
2026-09-06,mid-51865,liga_mx,Atlante,,a_puerta,3.5,1.833,1.833,0.5,0.5598,,backtest,2.0,
2026-09-06,mid-51865,liga_mx,Atlante,,a_puerta,4.5,2.6,1.4,0.35,0.3719,,backtest,2.0,
2026-09-06,mid-51867,liga_mx,Atl. San Luis,,a_puerta,2.5,1.308,3.0,0.6964,0.736,,backtest,4.0,
2026-09-06,mid-51867,liga_mx,Atl. San Luis,,a_puerta,3.5,1.733,1.941,0.5283,0.5403,,backtest,4.0,
2026-09-06,mid-51867,liga_mx,Atl. San Luis,,a_puerta,4.5,2.429,1.455,0.3746,0.3525,,backtest,4.0,
2026-09-06,mid-51867,liga_mx,Guadalajara Chivas,,a_puerta,4.5,1.53,2.25,0.5952,0.6502,,backtest,3.0,
2026-09-06,mid-51867,liga_mx,Guadalajara Chivas,,a_puerta,5.5,2.0,1.692,0.4583,0.4885,,backtest,3.0,
2026-09-06,mid-51867,liga_mx,Guadalajara Chivas,,a_puerta,6.5,2.667,1.375,0.3402,0.3384,,backtest,3.0,
2026-09-06,mid-51868,brasil,Fluminense,,a_puerta,3.5,1.35,2.8,0.6747,0.6922,,backtest,4.0,
2026-09-06,mid-51868,brasil,Fluminense,,a_puerta,4.5,1.727,1.95,0.5303,0.5159,,backtest,4.0,
2026-09-06,mid-51868,brasil,Fluminense,,a_puerta,5.5,2.3,1.5,0.3947,0.3494,,backtest,4.0,
2026-09-06,mid-51868,brasil,Vasco,,a_puerta,2.5,1.333,2.857,0.6819,0.7833,,backtest,4.0,
2026-09-06,mid-51868,brasil,Vasco,,a_puerta,3.5,1.778,1.889,0.5151,0.6031,,backtest,4.0,
2026-09-06,mid-51868,brasil,Vasco,,a_puerta,4.5,2.5,1.429,0.3637,0.4164,,backtest,4.0,
2026-09-06,mid-51870,mls,Austin FC,,a_puerta,3.5,1.35,2.8,0.6747,0.7416,,backtest,3.0,
2026-09-06,mid-51870,mls,Austin FC,,a_puerta,4.5,1.714,1.96,0.5335,0.5762,,backtest,3.0,
2026-09-06,mid-51870,mls,Austin FC,,a_puerta,5.5,2.3,1.5,0.3947,0.4093,,backtest,3.0,
2026-09-06,mid-51870,mls,San Jose Earthquakes,,a_puerta,3.5,1.429,2.5,0.6363,0.6631,,backtest,2.0,
2026-09-06,mid-51870,mls,San Jose Earthquakes,,a_puerta,4.5,1.875,1.786,0.4878,0.4822,,backtest,2.0,
2026-09-06,mid-51870,mls,San Jose Earthquakes,,a_puerta,5.5,2.546,1.417,0.3576,0.3175,,backtest,2.0,
2026-09-06,mid-51874,mls,Vancouver Whitecaps,,a_puerta,5.5,1.571,2.167,0.5797,0.6539,,backtest,3.0,
2026-09-06,mid-51874,mls,Vancouver Whitecaps,,a_puerta,6.5,2.0,1.692,0.4583,0.5082,,backtest,3.0,
2026-09-06,mid-51874,mls,Vancouver Whitecaps,,a_puerta,7.5,2.6,1.4,0.35,0.3692,,backtest,3.0,
2026-09-06,mid-51874,mls,St. Louis City,,a_puerta,2.5,1.5,2.3,0.6053,0.5611,,backtest,6.0,
2026-09-06,mid-51874,mls,St. Louis City,,a_puerta,3.5,2.143,1.6,0.4275,0.3436,,backtest,6.0,
2026-09-06,mid-51874,mls,St. Louis City,,a_puerta,4.5,3.2,1.273,0.2846,0.1827,,backtest,6.0,
2026-09-06,mid-51875,laliga,Alaves,,a_puerta,3.5,1.6,2.143,0.5725,0.56,,backtest,7.0,
2026-09-06,mid-51875,laliga,Osasuna,,a_puerta,3.5,2.143,1.6,0.4275,0.4621,,backtest,5.0,
2026-09-06,mid-51885,brasil,Remo,,a_puerta,2.5,1.583,2.167,0.5779,0.7035,,backtest,1.0,
2026-09-06,mid-51885,brasil,Flamengo RJ,,a_puerta,5.5,1.778,1.889,0.5151,0.4921,,backtest,5.0,
2026-09-06,mid-51891,chi_primera,Universidad de Chile,,a_puerta,4.5,1.667,2.0,0.5454,0.4864,,backtest,4.0,
2026-09-06,mid-51891,chi_primera,Coquimbo Unido,,a_puerta,3.5,2.1,1.6,0.4324,0.5398,,backtest,5.0,
2026-09-06,mid-51898,brasil,Internacional,,a_puerta,5.5,1.909,1.76,0.4797,0.35,,backtest,6.0,
2026-09-06,mid-51898,brasil,Santos,,a_puerta,3.5,1.867,1.8,0.4909,0.4759,,backtest,3.0,
2026-09-06,mid-51903,col_primera_a,Atlético Junior,,a_puerta,5.5,1.76,1.875,0.5158,0.5134,,backtest,4.0,
2026-09-06,mid-51903,col_primera_a,Jaguares de Córdoba,,a_puerta,2.5,1.786,1.85,0.5088,0.5306,,backtest,4.0,
2026-09-06,mid-51904,per_liga1,Universitario,,a_puerta,6.5,2.0,1.667,0.4546,0.4557,,backtest,3.0,
2026-09-06,mid-51904,per_liga1,Comerciantes Unidos,,a_puerta,2.5,1.909,1.733,0.4758,0.6414,,backtest,3.0,
2026-09-06,mid-51908,bra_serie_b,Londrina,,a_puerta,3.5,1.417,2.546,0.6424,0.592,,backtest,4.0,
2026-09-06,mid-51908,bra_serie_b,Londrina,,a_puerta,4.5,1.833,1.8,0.4955,0.4048,,backtest,4.0,
2026-09-06,mid-51908,bra_serie_b,Londrina,,a_puerta,5.5,2.5,1.429,0.3637,0.2488,,backtest,4.0,
2026-09-06,mid-51908,bra_serie_b,Operário PR,,a_puerta,2.5,1.273,3.2,0.7154,0.7299,,backtest,5.0,
2026-09-06,mid-51908,bra_serie_b,Operário PR,,a_puerta,3.5,1.615,2.083,0.5633,0.5325,,backtest,5.0,
2026-09-06,mid-51908,bra_serie_b,Operário PR,,a_puerta,4.5,2.222,1.538,0.409,0.345,,backtest,5.0,
2026-09-06,mid-51912,chi_primera,La Serena,,a_puerta,3.5,1.385,2.667,0.6582,0.634,,backtest,3.0,
2026-09-06,mid-51912,chi_primera,La Serena,,a_puerta,4.5,1.786,1.85,0.5088,0.4496,,backtest,3.0,
2026-09-06,mid-51912,chi_primera,La Serena,,a_puerta,5.5,2.429,1.455,0.3746,0.2879,,backtest,3.0,
2026-09-06,mid-51912,chi_primera,Ñublense,,a_puerta,2.5,1.273,3.2,0.7154,0.6978,,backtest,4.0,
2026-09-06,mid-51912,chi_primera,Ñublense,,a_puerta,3.5,1.636,2.05,0.5562,0.4928,,backtest,4.0,
2026-09-06,mid-51912,chi_primera,Ñublense,,a_puerta,4.5,2.25,1.53,0.4048,0.3075,,backtest,4.0,
2026-09-06,mid-51914,chi_primera,O'Higgins,,a_puerta,4.5,1.52,2.25,0.5968,0.5327,,backtest,5.0,
2026-09-06,mid-51914,chi_primera,O'Higgins,,a_puerta,5.5,1.96,1.692,0.4633,0.3656,,backtest,5.0,
2026-09-06,mid-51914,chi_primera,O'Higgins,,a_puerta,6.5,2.667,1.375,0.3402,0.2292,,backtest,5.0,
2026-09-06,mid-51914,chi_primera,Unión La Calera,,a_puerta,2.5,1.455,2.429,0.6254,0.6345,,backtest,4.0,
2026-09-06,mid-51914,chi_primera,Unión La Calera,,a_puerta,3.5,2.0,1.667,0.4546,0.42,,backtest,4.0,
2026-09-06,mid-51914,chi_primera,Unión La Calera,,a_puerta,4.5,3.0,1.308,0.3036,0.2435,,backtest,4.0,
2026-09-06,mid-51915,per_liga1,Deportivo Garcilaso,,a_puerta,4.5,1.5,2.3,0.6053,0.6688,,backtest,4.0,
2026-09-06,mid-51915,per_liga1,Deportivo Garcilaso,,a_puerta,5.5,1.933,1.714,0.47,0.5095,,backtest,4.0,
2026-09-06,mid-51915,per_liga1,Deportivo Garcilaso,,a_puerta,6.5,2.6,1.4,0.35,0.3584,,backtest,4.0,
2026-09-06,mid-51915,per_liga1,Atlético Grau,,a_puerta,1.5,1.231,3.5,0.7398,0.8231,,backtest,3.0,
2026-09-06,mid-51915,per_liga1,Atlético Grau,,a_puerta,2.5,1.636,2.05,0.5562,0.6176,,backtest,3.0,
2026-09-06,mid-51915,per_liga1,Atlético Grau,,a_puerta,3.5,2.4,1.462,0.3786,0.4018,,backtest,3.0,
2026-09-06,mid-51916,chi_primera,Huachipato,,a_puerta,2.5,1.35,2.8,0.6747,0.7211,,backtest,2.0,
2026-09-06,mid-51916,chi_primera,Huachipato,,a_puerta,3.5,1.778,1.857,0.5109,0.5214,,backtest,2.0,
2026-09-06,mid-51916,chi_primera,Huachipato,,a_puerta,4.5,2.5,1.429,0.3637,0.3344,,backtest,2.0,
2026-09-06,mid-51916,chi_primera,Colo Colo,,a_puerta,5.5,1.546,2.2,0.5873,0.5958,,backtest,3.0,
2026-09-06,mid-51916,chi_primera,Colo Colo,,a_puerta,6.5,1.96,1.692,0.4633,0.4454,,backtest,3.0,
2026-09-06,mid-51916,chi_primera,Colo Colo,,a_puerta,7.5,2.6,1.4,0.35,0.3099,,backtest,3.0,
2026-09-06,mid-51917,per_liga1,Juan Pablo II,,a_puerta,2.5,1.429,2.5,0.6363,0.7309,,backtest,4.0,
2026-09-06,mid-51917,per_liga1,Juan Pablo II,,a_puerta,3.5,1.933,1.714,0.47,0.5338,,backtest,4.0,
2026-09-06,mid-51917,per_liga1,Juan Pablo II,,a_puerta,4.5,2.8,1.35,0.3253,0.3463,,backtest,4.0,
2026-09-06,mid-51917,per_liga1,Alianza Lima,,a_puerta,4.5,1.53,2.25,0.5952,0.5372,,backtest,1.0,
2026-09-06,mid-51917,per_liga1,Alianza Lima,,a_puerta,5.5,1.96,1.692,0.4633,0.37,,backtest,1.0,
2026-09-06,mid-51917,per_liga1,Alianza Lima,,a_puerta,6.5,2.667,1.375,0.3402,0.2329,,backtest,1.0,
2026-09-06,mid-51919,bra_serie_b,Ponte Preta,,a_puerta,2.5,1.429,2.5,0.6363,0.6928,,backtest,1.0,
2026-09-06,mid-51919,bra_serie_b,Ponte Preta,,a_puerta,3.5,1.96,1.692,0.4633,0.4868,,backtest,1.0,
2026-09-06,mid-51919,bra_serie_b,Ponte Preta,,a_puerta,4.5,2.857,1.333,0.3181,0.302,,backtest,1.0,
2026-09-06,mid-51919,bra_serie_b,São Bernardo,,a_puerta,5.5,1.364,2.714,0.6655,0.5774,,backtest,7.0,
2026-09-06,mid-51919,bra_serie_b,São Bernardo,,a_puerta,6.5,1.667,2.0,0.5454,0.4262,,backtest,7.0,
2026-09-06,mid-51919,bra_serie_b,São Bernardo,,a_puerta,7.5,2.1,1.6,0.4324,0.2925,,backtest,7.0,
2026-09-06,mid-51920,chi_primera,Palestino,,a_puerta,5.5,1.85,1.786,0.4912,0.4164,,backtest,8.0,
2026-09-06,mid-51920,chi_primera,Universidad de Concepción,,a_puerta,3.5,1.933,1.714,0.47,0.3947,,backtest,5.0,
2026-09-06,mid-51921,col_primera_a,Deportivo Pereira,,a_puerta,2.5,1.636,2.05,0.5562,0.4594,,backtest,5.0,
2026-09-06,mid-51921,col_primera_a,Millonarios,,a_puerta,5.5,1.8,1.833,0.5045,0.475,,backtest,5.0,
2026-09-07,mid-51928,liga_mx,Cruz Azul,,a_puerta,5.5,1.571,2.167,0.5797,0.6809,,backtest,8.0,
2026-09-07,mid-51928,liga_mx,Cruz Azul,,a_puerta,6.5,2.0,1.692,0.4583,0.5387,,backtest,8.0,
2026-09-07,mid-51928,liga_mx,Cruz Azul,,a_puerta,7.5,2.6,1.4,0.35,0.3992,,backtest,8.0,
2026-09-07,mid-51928,liga_mx,Santos Laguna,,a_puerta,2.5,1.429,2.5,0.6363,0.6209,,backtest,1.0,
2026-09-07,mid-51928,liga_mx,Santos Laguna,,a_puerta,3.5,1.96,1.714,0.4665,0.4053,,backtest,1.0,
2026-09-07,mid-51928,liga_mx,Santos Laguna,,a_puerta,4.5,2.857,1.333,0.3181,0.2312,,backtest,1.0,
2026-09-07,mid-51938,laliga,Elche,,a_puerta,3.5,1.714,1.96,0.5335,0.6471,,backtest,10.0,
2026-09-07,mid-51938,laliga,Sociedad,,a_puerta,4.5,1.96,1.714,0.4665,0.3826,,backtest,6.0,
2026-09-07,mid-51943,chi_primera,Deportes Limache,,a_puerta,4.5,1.35,2.8,0.6747,0.5846,,backtest,3.0,
2026-09-07,mid-51943,chi_primera,Deportes Limache,,a_puerta,5.5,1.667,2.0,0.5454,0.418,,backtest,3.0,
2026-09-07,mid-51943,chi_primera,Deportes Limache,,a_puerta,6.5,2.143,1.583,0.4249,0.274,,backtest,3.0,
2026-09-07,mid-51943,chi_primera,Cobresal,,a_puerta,2.5,1.273,3.2,0.7154,0.7354,,backtest,0.0,
2026-09-07,mid-51943,chi_primera,Cobresal,,a_puerta,3.5,1.636,2.05,0.5562,0.5394,,backtest,0.0,
2026-09-07,mid-51943,chi_primera,Cobresal,,a_puerta,4.5,2.25,1.52,0.4032,0.3518,,backtest,0.0,
2026-09-07,mid-51944,col_primera_a,Llaneros FC,,a_puerta,3.5,1.875,1.76,0.4842,0.5697,,backtest,6.0,
2026-09-07,mid-51944,col_primera_a,Deportes Tolima,,a_puerta,3.5,1.636,2.05,0.5562,0.5112,,backtest,3.0,
2026-09-08,mid-51945,eng_championship,Southampton,,a_puerta,4.5,1.647,2.05,0.5545,0.6958,,backtest,4.0,
2026-09-08,mid-51945,eng_championship,Swansea,,a_puerta,3.5,1.76,1.909,0.5203,0.5953,,backtest,2.0,
2026-09-08,mid-51946,brasil,Vitoria,,a_puerta,3.5,1.429,2.5,0.6363,0.6984,,backtest,6.0,
2026-09-08,mid-51946,brasil,Vitoria,,a_puerta,4.5,1.875,1.786,0.4878,0.5232,,backtest,6.0,
2026-09-08,mid-51946,brasil,Vitoria,,a_puerta,5.5,2.546,1.417,0.3576,0.3564,,backtest,6.0,
2026-09-08,mid-51946,brasil,Gremio,,a_puerta,2.5,1.417,2.546,0.6424,0.7242,,backtest,5.0,
2026-09-08,mid-51946,brasil,Gremio,,a_puerta,3.5,1.923,1.75,0.4764,0.5253,,backtest,5.0,
2026-09-08,mid-51946,brasil,Gremio,,a_puerta,4.5,2.8,1.35,0.3253,0.3381,,backtest,5.0,
2026-09-08,mid-51948,eng_championship,Blackburn,,a_puerta,4.5,2.083,1.636,0.4399,0.4094,,backtest,5.0,
2026-09-08,mid-51948,eng_championship,Sheffield United,,a_puerta,4.5,2.1,1.625,0.4362,0.4984,,backtest,4.0,
2026-09-08,mid-51949,eng_championship,Bolton,,a_puerta,3.5,2.1,1.625,0.4362,0.4905,,backtest,6.0,
2026-09-08,mid-51949,eng_championship,West Ham,,a_puerta,4.5,1.68,2.0,0.5435,0.6392,,backtest,7.0,
2026-09-08,mid-51950,eredivisie,Utrecht,,a_puerta,5.5,2.083,1.615,0.4367,0.511,,backtest,6.0,
2026-09-08,mid-51950,eredivisie,Go Ahead Eagles,,a_puerta,4.5,1.833,1.8,0.4955,0.417,,backtest,7.0,
2026-09-08,mid-51951,eng_championship,Wrexham,,a_puerta,4.5,1.76,1.909,0.5203,0.4535,,backtest,5.0,
2026-09-08,mid-51951,eng_championship,Burnley,,a_puerta,3.5,1.8,1.867,0.5091,0.4392,,backtest,4.0,
2026-09-08,mid-51952,eng_championship,Cardiff,,a_puerta,5.5,1.85,1.818,0.4956,0.4206,,backtest,7.0,
2026-09-08,mid-51952,eng_championship,Stoke,,a_puerta,3.5,1.68,2.0,0.5435,0.5795,,backtest,4.0,
2026-09-09,mid-51970,eng_championship,Norwich,,a_puerta,4.5,1.76,1.909,0.5203,0.5073,,backtest,6.0,
2026-09-09,mid-51970,eng_championship,Birmingham,,a_puerta,3.5,1.778,1.889,0.5151,0.4193,,backtest,3.0,
2026-09-09,mid-51973,bra_serie_b,Criciúma,,a_puerta,4.5,2.143,1.583,0.4249,0.4209,,backtest,2.0,
2026-09-09,mid-51973,bra_serie_b,Juventude,,a_puerta,3.5,2.0,1.667,0.4546,0.2962,,backtest,5.0,
2026-09-09,mid-51986,bra_serie_b,Botafogo-SP,,a_puerta,3.5,1.546,2.2,0.5873,0.5418,,backtest,5.0,
2026-09-09,mid-51986,bra_serie_b,Botafogo-SP,,a_puerta,4.5,2.083,1.615,0.4367,0.354,,backtest,5.0,
2026-09-09,mid-51986,bra_serie_b,Botafogo-SP,,a_puerta,5.5,3.0,1.308,0.3036,0.207,,backtest,5.0,
2026-09-09,mid-51986,bra_serie_b,Novorizontino,,a_puerta,3.5,1.538,2.222,0.591,0.6052,,backtest,3.0,
2026-09-09,mid-51986,bra_serie_b,Novorizontino,,a_puerta,4.5,2.083,1.615,0.4367,0.4187,,backtest,3.0,
2026-09-09,mid-51986,bra_serie_b,Novorizontino,,a_puerta,5.5,3.0,1.308,0.3036,0.2607,,backtest,3.0,
2026-09-09,mid-51987,bra_serie_b,Fortaleza,,a_puerta,4.5,1.429,2.5,0.6363,0.6317,,backtest,5.0,
2026-09-09,mid-51987,bra_serie_b,Fortaleza,,a_puerta,5.5,1.786,1.85,0.5088,0.4681,,backtest,5.0,
2026-09-09,mid-51987,bra_serie_b,Fortaleza,,a_puerta,6.5,2.364,1.48,0.385,0.3193,,backtest,5.0,
2026-09-09,mid-51987,bra_serie_b,Avaí,,a_puerta,2.5,1.5,2.3,0.6053,0.5559,,backtest,2.0,
2026-09-09,mid-51987,bra_serie_b,Avaí,,a_puerta,3.5,2.083,1.615,0.4367,0.3385,,backtest,2.0,
2026-09-09,mid-51987,bra_serie_b,Avaí,,a_puerta,4.5,3.1,1.286,0.2932,0.1788,,backtest,2.0,
2026-09-09,mid-51988,bra_serie_b,América Mineiro,,a_puerta,3.5,1.429,2.5,0.6363,0.6069,,backtest,3.0,
2026-09-09,mid-51988,bra_serie_b,América Mineiro,,a_puerta,4.5,1.85,1.786,0.4912,0.4204,,backtest,3.0,
2026-09-09,mid-51988,bra_serie_b,América Mineiro,,a_puerta,5.5,2.546,1.417,0.3576,0.2621,,backtest,3.0,
2026-09-09,mid-51988,bra_serie_b,Náutico,,a_puerta,3.5,1.455,2.429,0.6254,0.6285,,backtest,3.0,
2026-09-09,mid-51988,bra_serie_b,Náutico,,a_puerta,4.5,1.909,1.733,0.4758,0.4437,,backtest,3.0,
2026-09-09,mid-51988,bra_serie_b,Náutico,,a_puerta,5.5,2.667,1.375,0.3402,0.2825,,backtest,3.0,
2026-09-09,mid-51989,bra_serie_b,Operário PR,,a_puerta,4.5,1.818,1.818,0.5,0.5319,,backtest,3.0,
2026-09-09,mid-51989,bra_serie_b,CRB,,a_puerta,4.5,1.95,1.7,0.4658,0.4337,,backtest,6.0,
2026-09-10,mid-51990,mls,Minnesota United,,a_puerta,4.5,1.546,2.2,0.5873,0.6732,,backtest,2.0,
2026-09-10,mid-51990,mls,Minnesota United,,a_puerta,5.5,2.05,1.647,0.4455,0.5145,,backtest,2.0,
2026-09-10,mid-51990,mls,Minnesota United,,a_puerta,6.5,2.8,1.35,0.3253,0.3633,,backtest,2.0,
2026-09-10,mid-51990,mls,FC Dallas,,a_puerta,3.5,1.571,2.167,0.5797,0.4975,,backtest,6.0,
2026-09-10,mid-51990,mls,FC Dallas,,a_puerta,4.5,2.125,1.615,0.4318,0.3119,,backtest,6.0,
2026-09-10,mid-51990,mls,FC Dallas,,a_puerta,5.5,3.0,1.308,0.3036,0.1743,,backtest,6.0,
2026-09-10,mid-51992,mls,Toronto FC,,a_puerta,3.5,1.571,2.167,0.5797,0.5956,,backtest,7.0,
2026-09-10,mid-51992,mls,Toronto FC,,a_puerta,4.5,2.143,1.6,0.4275,0.4085,,backtest,7.0,
2026-09-10,mid-51992,mls,Toronto FC,,a_puerta,5.5,3.0,1.308,0.3036,0.2519,,backtest,7.0,
2026-09-10,mid-51992,mls,Nashville SC,,a_puerta,3.5,1.429,2.5,0.6363,0.6392,,backtest,5.0,
2026-09-10,mid-51992,mls,Nashville SC,,a_puerta,4.5,1.889,1.778,0.4849,0.4553,,backtest,5.0,
2026-09-10,mid-51992,mls,Nashville SC,,a_puerta,5.5,2.6,1.4,0.35,0.293,,backtest,5.0,
2026-09-10,mid-51993,mls,Philadelphia Union,,a_puerta,4.5,1.35,2.8,0.6747,0.7771,,backtest,6.0,
2026-09-10,mid-51993,mls,Philadelphia Union,,a_puerta,5.5,1.647,2.05,0.5545,0.6408,,backtest,6.0,
2026-09-10,mid-51993,mls,Philadelphia Union,,a_puerta,6.5,2.143,1.583,0.4249,0.4937,,backtest,6.0,
2026-09-10,mid-51993,mls,FC Cincinnati,,a_puerta,3.5,1.48,2.364,0.615,0.4382,,backtest,0.0,
2026-09-10,mid-51993,mls,FC Cincinnati,,a_puerta,4.5,2.0,1.692,0.4583,0.259,,backtest,0.0,
2026-09-10,mid-51993,mls,FC Cincinnati,,a_puerta,5.5,2.8,1.35,0.3253,0.1358,,backtest,0.0,
2026-09-10,mid-51994,mls,Austin FC,,a_puerta,3.5,1.48,2.364,0.615,0.6841,,backtest,2.0,
2026-09-10,mid-51994,mls,Austin FC,,a_puerta,4.5,1.96,1.714,0.4665,0.5064,,backtest,2.0,
2026-09-10,mid-51994,mls,Austin FC,,a_puerta,5.5,2.714,1.364,0.3345,0.3403,,backtest,2.0,
2026-09-10,mid-51994,mls,Colorado Rapids,,a_puerta,2.5,1.25,3.333,0.7273,0.7727,,backtest,5.0,
2026-09-10,mid-51994,mls,Colorado Rapids,,a_puerta,3.5,1.6,2.143,0.5725,0.5886,,backtest,5.0,
2026-09-10,mid-51994,mls,Colorado Rapids,,a_puerta,4.5,2.167,1.571,0.4203,0.4012,,backtest,5.0,
2026-09-10,mid-51997,mls,San Diego FC,,a_puerta,4.5,1.364,2.714,0.6655,0.7052,,backtest,6.0,
2026-09-10,mid-51997,mls,San Diego FC,,a_puerta,5.5,1.714,1.96,0.5335,0.5518,,backtest,6.0,
2026-09-10,mid-51997,mls,San Diego FC,,a_puerta,6.5,2.222,1.538,0.409,0.4001,,backtest,6.0,
2026-09-10,mid-51997,mls,San Jose Earthquakes,,a_puerta,3.5,1.5,2.3,0.6053,0.5201,,backtest,6.0,
2026-09-10,mid-51997,mls,San Jose Earthquakes,,a_puerta,4.5,2.0,1.692,0.4583,0.3331,,backtest,6.0,
2026-09-10,mid-51997,mls,San Jose Earthquakes,,a_puerta,5.5,2.8,1.35,0.3253,0.1905,,backtest,6.0,
2026-09-10,mid-51998,mls,CF Montreal,,a_puerta,3.5,1.333,2.857,0.6819,0.7474,,backtest,5.0,
2026-09-10,mid-51998,mls,CF Montreal,,a_puerta,4.5,1.714,1.96,0.5335,0.5835,,backtest,5.0,
2026-09-10,mid-51998,mls,CF Montreal,,a_puerta,5.5,2.25,1.53,0.4048,0.4169,,backtest,5.0,
2026-09-10,mid-51998,mls,Charlotte,,a_puerta,3.5,1.429,2.5,0.6363,0.6483,,backtest,4.0,
2026-09-10,mid-51998,mls,Charlotte,,a_puerta,4.5,1.889,1.778,0.4849,0.4655,,backtest,4.0,
2026-09-10,mid-51998,mls,Charlotte,,a_puerta,5.5,2.6,1.4,0.35,0.3022,,backtest,4.0,
2026-09-10,mid-52001,mls,Chicago Fire,,a_puerta,4.5,1.583,2.143,0.5751,0.6528,,backtest,3.0,
2026-09-10,mid-52001,mls,Chicago Fire,,a_puerta,5.5,2.1,1.625,0.4362,0.4914,,backtest,3.0,
2026-09-10,mid-52001,mls,Chicago Fire,,a_puerta,6.5,2.857,1.333,0.3181,0.3411,,backtest,3.0,
2026-09-10,mid-52001,mls,Inter Miami,,a_puerta,3.5,1.333,2.857,0.6819,0.6884,,backtest,7.0,
2026-09-10,mid-52001,mls,Inter Miami,,a_puerta,4.5,1.68,2.0,0.5435,0.5114,,backtest,7.0,
2026-09-10,mid-52001,mls,Inter Miami,,a_puerta,5.5,2.222,1.538,0.409,0.345,,backtest,7.0,
2026-09-10,mid-52003,mls,Houston Dynamo,,a_puerta,3.5,1.35,2.8,0.6747,0.7657,,backtest,6.0,
2026-09-10,mid-52003,mls,Houston Dynamo,,a_puerta,4.5,1.733,1.941,0.5283,0.6071,,backtest,6.0,
2026-09-10,mid-52003,mls,Houston Dynamo,,a_puerta,5.5,2.3,1.5,0.3947,0.4416,,backtest,6.0,
2026-09-10,mid-52003,mls,Real Salt Lake,,a_puerta,2.5,1.35,2.8,0.6747,0.7159,,backtest,4.0,
2026-09-10,mid-52003,mls,Real Salt Lake,,a_puerta,3.5,1.778,1.889,0.5151,0.5149,,backtest,4.0,
2026-09-10,mid-52003,mls,Real Salt Lake,,a_puerta,4.5,2.5,1.429,0.3637,0.3282,,backtest,4.0,
2026-09-10,mid-52004,mls,New York City,,a_puerta,3.5,1.4,2.6,0.65,0.6625,,backtest,6.0,
2026-09-10,mid-52004,mls,New York City,,a_puerta,4.5,1.818,1.846,0.5038,0.4815,,backtest,6.0,
2026-09-10,mid-52004,mls,New York City,,a_puerta,5.5,2.5,1.429,0.3637,0.3169,,backtest,6.0,
2026-09-10,mid-52004,mls,New England Revolution,,a_puerta,3.5,1.429,2.5,0.6363,0.7117,,backtest,6.0,
2026-09-10,mid-52004,mls,New England Revolution,,a_puerta,4.5,1.889,1.778,0.4849,0.5392,,backtest,6.0,
2026-09-10,mid-52004,mls,New England Revolution,,a_puerta,5.5,2.6,1.4,0.35,0.3721,,backtest,6.0,
2026-09-10,mid-52005,mls,Portland Timbers,,a_puerta,3.5,1.333,2.857,0.6819,0.7096,,backtest,3.0,
2026-09-10,mid-52005,mls,Portland Timbers,,a_puerta,4.5,1.692,2.0,0.5417,0.5366,,backtest,3.0,
2026-09-10,mid-52005,mls,Portland Timbers,,a_puerta,5.5,2.25,1.53,0.4048,0.3695,,backtest,3.0,
2026-09-10,mid-52005,mls,St. Louis City,,a_puerta,3.5,1.4,2.6,0.65,0.7471,,backtest,4.0,
2026-09-10,mid-52005,mls,St. Louis City,,a_puerta,4.5,1.818,1.846,0.5038,0.5831,,backtest,4.0,
2026-09-10,mid-52005,mls,St. Louis City,,a_puerta,5.5,2.5,1.429,0.3637,0.4164,,backtest,4.0,
2026-09-10,mid-52006,bra_serie_b,Atlético Goianiense,,a_puerta,5.5,2.083,1.615,0.4367,0.3401,,backtest,4.0,
2026-09-10,mid-52006,bra_serie_b,Ceará,,a_puerta,3.5,2.0,1.667,0.4546,0.4284,,backtest,4.0,
2026-09-10,mid-52014,bra_serie_b,Vila Nova,,a_puerta,3.5,1.455,2.429,0.6254,0.6843,,backtest,3.0,
2026-09-10,mid-52014,bra_serie_b,Vila Nova,,a_puerta,4.5,1.909,1.733,0.4758,0.5066,,backtest,3.0,
2026-09-10,mid-52014,bra_serie_b,Vila Nova,,a_puerta,5.5,2.667,1.375,0.3402,0.3405,,backtest,3.0,
2026-09-10,mid-52014,bra_serie_b,Goiás,,a_puerta,2.5,1.429,2.5,0.6363,0.6074,,backtest,2.0,
2026-09-10,mid-52014,bra_serie_b,Goiás,,a_puerta,3.5,1.933,1.714,0.47,0.3909,,backtest,2.0,
2026-09-10,mid-52014,bra_serie_b,Goiás,,a_puerta,4.5,2.8,1.35,0.3253,0.2195,,backtest,2.0,
2026-09-11,mid-52015,bra_serie_b,São Bernardo,,a_puerta,3.5,1.375,2.667,0.6598,0.7432,,backtest,4.0,
2026-09-11,mid-52015,bra_serie_b,São Bernardo,,a_puerta,4.5,1.778,1.857,0.5109,0.5782,,backtest,4.0,
2026-09-11,mid-52015,bra_serie_b,São Bernardo,,a_puerta,5.5,2.429,1.455,0.3746,0.4114,,backtest,4.0,
2026-09-11,mid-52015,bra_serie_b,Londrina,,a_puerta,2.5,1.375,2.667,0.6598,0.7089,,backtest,4.0,
2026-09-11,mid-52015,bra_serie_b,Londrina,,a_puerta,3.5,1.85,1.786,0.4912,0.5064,,backtest,4.0,
2026-09-11,mid-52015,bra_serie_b,Londrina,,a_puerta,4.5,2.667,1.375,0.3402,0.3201,,backtest,4.0,
2026-09-11,mid-52025,laliga,Sevilla,,a_puerta,3.5,1.625,2.1,0.5638,0.6997,,backtest,4.0,
2026-09-11,mid-52025,laliga,Valencia,,a_puerta,3.5,2.143,1.6,0.4275,0.471,,backtest,0.0,
2026-09-11,mid-52033,serie_a,Venezia,,a_puerta,3.5,1.647,2.05,0.5545,0.5989,,backtest,3.0,
2026-09-11,mid-52033,serie_a,Fiorentina,,a_puerta,4.5,1.85,1.818,0.4956,0.4354,,backtest,10.0,
2026-09-11,mid-52034,eng_championship,West Ham,,a_puerta,5.5,1.889,1.778,0.4849,0.4588,,backtest,9.0,
2026-09-11,mid-52034,eng_championship,Wrexham,,a_puerta,3.5,2.1,1.625,0.4362,0.4221,,backtest,1.0,
2026-09-11,mid-52037,liga_mx,UNAM Pumas,,a_puerta,3.5,1.571,2.167,0.5797,0.7526,,backtest,5.0,
2026-09-11,mid-52037,liga_mx,UNAM Pumas,,a_puerta,4.5,2.143,1.6,0.4275,0.5901,,backtest,5.0,
2026-09-11,mid-52037,liga_mx,UNAM Pumas,,a_puerta,5.5,3.0,1.308,0.3036,0.4237,,backtest,5.0,
2026-09-11,mid-52037,liga_mx,Club Leon,,a_puerta,3.5,1.571,2.167,0.5797,0.6129,,backtest,3.0,
2026-09-11,mid-52037,liga_mx,Club Leon,,a_puerta,4.5,2.143,1.6,0.4275,0.4268,,backtest,3.0,
2026-09-11,mid-52037,liga_mx,Club Leon,,a_puerta,5.5,3.0,1.308,0.3036,0.2677,,backtest,3.0,
2026-09-11,mid-52041,bra_serie_b,Sport,,a_puerta,6.5,1.667,2.0,0.5454,0.5131,,backtest,3.0,
2026-09-11,mid-52041,bra_serie_b,Ponte Preta,,a_puerta,2.5,1.85,1.786,0.4912,0.49,,backtest,1.0,
2026-09-11,mid-52042,col_primera_a,Millonarios,,a_puerta,4.5,1.667,2.0,0.5454,0.5427,,backtest,2.0,
2026-09-11,mid-52042,col_primera_a,Deportivo Cali,,a_puerta,2.5,1.692,1.96,0.5367,0.5911,,backtest,5.0,
2026-09-11,mid-52044,ksa_pro,Al Faisaly,,a_puerta,3.5,1.95,1.7,0.4658,0.4639,,backtest,3.0,
2026-09-11,mid-52044,ksa_pro,Al Ittihad,,a_puerta,5.5,1.889,1.75,0.4809,0.5586,,backtest,8.0,
2026-09-11,mid-52056,col_primera_a,Jaguares de Córdoba,,a_puerta,4.5,2.05,1.636,0.4438,0.3855,,backtest,3.0,
2026-09-11,mid-52056,col_primera_a,Fortaleza CEIF,,a_puerta,3.5,1.933,1.714,0.47,0.4754,,backtest,5.0,
2026-09-12,mid-52062,ligue_1,Lorient,,a_puerta,4.5,2.1,1.625,0.4362,0.4605,,backtest,3.0,
2026-09-12,mid-52062,ligue_1,Toulouse,,a_puerta,3.5,1.625,2.1,0.5638,0.6231,,backtest,4.0,
2026-09-12,mid-52067,ligue_1,Le Havre,,a_puerta,4.5,1.941,1.733,0.4717,0.5474,,backtest,6.0,
2026-09-12,mid-52067,ligue_1,Angers,,a_puerta,3.5,1.714,1.96,0.5335,0.6869,,backtest,1.0,
2026-09-12,mid-52069,per_liga1,Cusco FC,,a_puerta,4.5,1.667,2.0,0.5454,0.4782,,backtest,1.0,
2026-09-12,mid-52069,per_liga1,Melgar,,a_puerta,3.5,1.6,2.1,0.5676,0.5179,,backtest,3.0,
2026-09-12,mid-52070,serie_a,Atalanta,,a_puerta,5.5,2.0,1.68,0.4565,0.4384,,backtest,4.0,
2026-09-12,mid-52070,serie_a,Cagliari,,a_puerta,2.5,1.692,2.0,0.5417,0.7272,,backtest,5.0,
2026-09-12,mid-52072,premier,Chelsea,,a_puerta,7.5,2.083,1.636,0.4399,0.3696,,backtest,7.0,
2026-09-12,mid-52072,premier,Hull,,a_puerta,2.5,1.96,1.714,0.4665,0.498,,backtest,5.0,
2026-09-12,mid-52081,premier,Bournemouth,,a_puerta,4.5,1.647,2.05,0.5545,0.5254,,backtest,10.0,
2026-09-12,mid-52081,premier,Brentford,,a_puerta,4.5,2.083,1.636,0.4399,0.4669,,backtest,2.0,
2026-09-12,mid-52089,serie_a,Lazio,,a_puerta,3.5,1.923,1.75,0.4764,0.5203,,backtest,6.0,
2026-09-12,mid-52089,serie_a,Milan,,a_puerta,4.5,2.1,1.625,0.4362,0.3682,,backtest,7.0,
2026-09-12,mid-52092,premier,Crystal Palace,,a_puerta,4.5,1.647,2.05,0.5545,0.6388,,backtest,4.0,
2026-09-12,mid-52092,premier,Ipswich,,a_puerta,3.5,1.846,1.818,0.4962,0.6354,,backtest,6.0,
2026-09-12,mid-52095,liga_mx,Necaxa,,a_puerta,3.5,1.333,2.857,0.6819,0.8158,,backtest,2.0,
2026-09-12,mid-52095,liga_mx,Necaxa,,a_puerta,4.5,1.692,2.0,0.5417,0.6748,,backtest,2.0,
2026-09-12,mid-52095,liga_mx,Necaxa,,a_puerta,5.5,2.25,1.53,0.4048,0.5163,,backtest,2.0,
2026-09-12,mid-52095,liga_mx,Puebla,,a_puerta,2.5,1.417,2.546,0.6424,0.8204,,backtest,4.0,
2026-09-12,mid-52095,liga_mx,Puebla,,a_puerta,3.5,1.923,1.75,0.4764,0.6561,,backtest,4.0,
2026-09-12,mid-52095,liga_mx,Puebla,,a_puerta,4.5,2.8,1.35,0.3253,0.4742,,backtest,4.0,
2026-09-12,mid-52096,liga_mx,Club Tijuana,,a_puerta,3.5,1.417,2.546,0.6424,0.723,,backtest,4.0,
2026-09-12,mid-52096,liga_mx,Club Tijuana,,a_puerta,4.5,1.846,1.818,0.4962,0.553,,backtest,4.0,
2026-09-12,mid-52096,liga_mx,Club Tijuana,,a_puerta,5.5,2.5,1.429,0.3637,0.3858,,backtest,4.0,
2026-09-12,mid-52096,liga_mx,Queretaro,,a_puerta,2.5,1.308,3.0,0.6964,0.7213,,backtest,4.0,
2026-09-12,mid-52096,liga_mx,Queretaro,,a_puerta,3.5,1.727,1.95,0.5303,0.5217,,backtest,4.0,
2026-09-12,mid-52096,liga_mx,Queretaro,,a_puerta,4.5,2.4,1.462,0.3786,0.3346,,backtest,4.0,
2026-09-12,mid-52097,liga_mx,Atlante,,a_puerta,3.5,1.538,2.222,0.591,0.6103,,backtest,5.0,
2026-09-12,mid-52097,liga_mx,Atlante,,a_puerta,4.5,2.1,1.625,0.4362,0.424,,backtest,5.0,
2026-09-12,mid-52097,liga_mx,Atlante,,a_puerta,5.5,3.0,1.308,0.3036,0.2653,,backtest,5.0,
2026-09-12,mid-52097,liga_mx,Pachuca,,a_puerta,3.5,1.471,2.375,0.6175,0.6371,,backtest,8.0,
2026-09-12,mid-52097,liga_mx,Pachuca,,a_puerta,4.5,1.95,1.727,0.4697,0.453,,backtest,8.0,
2026-09-12,mid-52097,liga_mx,Pachuca,,a_puerta,5.5,2.714,1.364,0.3345,0.2909,,backtest,8.0,
2026-09-12,mid-52100,laliga,Real Madrid,,a_puerta,8.5,2.0,1.68,0.4565,0.4929,,backtest,11.0,
2026-09-12,mid-52100,laliga,Vallecano,,a_puerta,2.5,1.96,1.714,0.4665,0.5161,,backtest,7.0,
2026-09-12,mid-52105,ligue_1,Auxerre,,a_puerta,4.5,1.96,1.714,0.4665,0.4162,,backtest,7.0,
2026-09-12,mid-52105,ligue_1,Nice,,a_puerta,4.5,2.125,1.615,0.4318,0.4614,,backtest,4.0,
2026-09-12,mid-52111,premier,Liverpool,,a_puerta,5.5,1.76,1.909,0.5203,0.7241,,backtest,3.0,
2026-09-12,mid-52111,premier,Fulham,,a_puerta,3.5,1.95,1.727,0.4697,0.4709,,backtest,4.0,
2026-09-12,mid-52125,brasil,Atletico-MG,,a_puerta,4.5,1.923,1.75,0.4764,0.5415,,backtest,7.0,
2026-09-12,mid-52125,brasil,Fluminense,,a_puerta,3.5,1.8,1.867,0.5091,0.6132,,backtest,3.0,
2026-09-12,mid-52126,brasil,Chapecoense-SC,,a_puerta,3.5,1.692,2.0,0.5417,0.5116,,backtest,2.0,
2026-09-12,mid-52126,brasil,Internacional,,a_puerta,4.5,1.818,1.846,0.5038,0.5338,,backtest,2.0,
2026-09-12,mid-52129,brasil,Gremio,,a_puerta,4.5,1.941,1.733,0.4717,0.3206,,backtest,4.0,
2026-09-12,mid-52129,brasil,Vasco,,a_puerta,4.5,2.083,1.636,0.4399,0.572,,backtest,5.0,
2026-09-12,mid-52131,brasil,Palmeiras,,a_puerta,4.5,1.625,2.1,0.5638,0.7077,,backtest,7.0,
2026-09-12,mid-52131,brasil,Sao Paulo,,a_puerta,3.5,2.0,1.68,0.4565,0.4195,,backtest,2.0,
2026-09-12,mid-52133,brasil,Coritiba,,a_puerta,2.5,1.333,2.857,0.6819,0.7641,,backtest,7.0,
2026-09-12,mid-52133,brasil,Coritiba,,a_puerta,3.5,1.778,1.889,0.5151,0.5771,,backtest,7.0,
2026-09-12,mid-52133,brasil,Coritiba,,a_puerta,4.5,2.5,1.429,0.3637,0.3893,,backtest,7.0,
2026-09-12,mid-52133,brasil,Athletico-PR,,a_puerta,3.5,1.52,2.25,0.5968,0.6306,,backtest,5.0,
2026-09-12,mid-52133,brasil,Athletico-PR,,a_puerta,4.5,2.0,1.68,0.4565,0.4459,,backtest,5.0,
2026-09-12,mid-52133,brasil,Athletico-PR,,a_puerta,5.5,2.8,1.35,0.3253,0.2846,,backtest,5.0,
2026-09-12,mid-52134,laliga,Santander,,a_puerta,4.5,2.05,1.647,0.4455,0.476,,backtest,4.0,
2026-09-12,mid-52134,laliga,Alaves,,a_puerta,3.5,1.615,2.125,0.5682,0.5919,,backtest,8.0,
2026-09-12,mid-52144,premier,Tottenham,,a_puerta,4.5,1.692,2.0,0.5417,0.5766,,backtest,2.0,
2026-09-12,mid-52144,premier,Everton,,a_puerta,3.5,1.867,1.8,0.4909,0.6171,,backtest,3.0,
2026-09-12,mid-52148,eng_championship,Charlton,,a_puerta,3.5,1.692,2.0,0.5417,0.5052,,backtest,3.0,
2026-09-12,mid-52148,eng_championship,Portsmouth,,a_puerta,3.5,1.625,2.1,0.5638,0.6036,,backtest,3.0,
2026-09-12,mid-52150,eng_championship,Watford,,a_puerta,4.5,1.76,1.909,0.5203,0.4526,,backtest,2.0,
2026-09-12,mid-52150,eng_championship,Stoke,,a_puerta,3.5,1.714,1.96,0.5335,0.5296,,backtest,6.0,
2026-09-12,mid-52151,eng_championship,Swansea,,a_puerta,4.5,1.818,1.846,0.5038,0.5134,,backtest,6.0,
2026-09-12,mid-52151,eng_championship,Burnley,,a_puerta,3.5,1.692,2.0,0.5417,0.5084,,backtest,6.0,
2026-09-12,mid-52152,eng_championship,Southampton,,a_puerta,5.5,1.778,1.889,0.5151,0.5061,,backtest,5.0,
2026-09-12,mid-52152,eng_championship,Bristol City,,a_puerta,3.5,1.867,1.8,0.4909,0.5088,,backtest,6.0,
2026-09-12,mid-52153,eng_championship,Middlesbrough,,a_puerta,5.5,1.85,1.818,0.4956,0.4617,,backtest,6.0,
2026-09-12,mid-52153,eng_championship,Norwich,,a_puerta,3.5,1.733,1.941,0.5283,0.5997,,backtest,5.0,
2026-09-12,mid-52159,eng_championship,Derby,,a_puerta,3.5,1.96,1.714,0.4665,0.4506,,backtest,4.0,
2026-09-12,mid-52159,eng_championship,Birmingham,,a_puerta,4.5,2.05,1.647,0.4455,0.4359,,backtest,9.0,
2026-09-12,mid-52160,premier,Sunderland,,a_puerta,2.5,1.8,1.867,0.5091,0.4772,,backtest,3.0,
2026-09-12,mid-52160,premier,Arsenal,,a_puerta,5.5,2.0,1.692,0.4583,0.43,,backtest,5.0,
2026-09-12,mid-52164,eng_championship,Blackburn,,a_puerta,4.5,2.125,1.615,0.4318,0.3817,,backtest,4.0,
2026-09-12,mid-52164,eng_championship,Millwall,,a_puerta,4.5,2.125,1.615,0.4318,0.4102,,backtest,2.0,
2026-09-12,mid-52165,eng_championship,Bolton,,a_puerta,4.5,1.636,2.083,0.5601,0.4714,,backtest,5.0,
2026-09-12,mid-52165,eng_championship,Cardiff,,a_puerta,4.5,1.95,1.727,0.4697,0.5152,,backtest,10.0,
2026-09-12,mid-52166,col_primera_a,Independiente Santa Fe,,a_puerta,3.5,1.636,2.05,0.5562,0.5698,,backtest,5.0,
2026-09-12,mid-52166,col_primera_a,Deportes Tolima,,a_puerta,3.5,1.692,1.96,0.5367,0.5564,,backtest,4.0,
2026-09-13,mid-52268,per_liga1,Deportivo Moquegua,,a_puerta,2.5,1.35,2.8,0.6747,0.6521,,backtest,1.0,
2026-09-13,mid-52268,per_liga1,Deportivo Moquegua,,a_puerta,3.5,1.778,1.857,0.5109,0.4396,,backtest,1.0,
2026-09-13,mid-52268,per_liga1,Deportivo Moquegua,,a_puerta,4.5,2.5,1.429,0.3637,0.2601,,backtest,1.0,
2026-09-13,mid-52268,per_liga1,Sporting Cristal,,a_puerta,3.5,1.35,2.8,0.6747,0.7071,,backtest,7.0,
2026-09-13,mid-52268,per_liga1,Sporting Cristal,,a_puerta,4.5,1.7,1.95,0.5342,0.5336,,backtest,7.0,
2026-09-13,mid-52268,per_liga1,Sporting Cristal,,a_puerta,5.5,2.3,1.5,0.3947,0.3666,,backtest,7.0,
2026-09-13,mid-52270,ksa_pro,Neom SC,,a_puerta,5.5,1.96,1.692,0.4633,0.4991,,backtest,6.0,
2026-09-13,mid-52270,ksa_pro,Al Fateh,,a_puerta,3.5,1.818,1.818,0.5,0.4872,,backtest,4.0,
2026-09-13,mid-52271,chi_primera,La Serena,,a_puerta,2.5,1.286,3.1,0.7068,0.6965,,backtest,1.0,
2026-09-13,mid-52271,chi_primera,La Serena,,a_puerta,3.5,1.667,2.0,0.5454,0.4913,,backtest,1.0,
2026-09-13,mid-52271,chi_primera,La Serena,,a_puerta,4.5,2.3,1.5,0.3947,0.3061,,backtest,1.0,
2026-09-13,mid-52271,chi_primera,Universidad de Chile,,a_puerta,3.5,1.308,3.0,0.6964,0.6798,,backtest,3.0,
2026-09-13,mid-52271,chi_primera,Universidad de Chile,,a_puerta,4.5,1.667,2.0,0.5454,0.5013,,backtest,3.0,
2026-09-13,mid-52271,chi_primera,Universidad de Chile,,a_puerta,5.5,2.2,1.546,0.4127,0.3354,,backtest,3.0,
2026-09-13,mid-52272,ksa_pro,Al Riyadh,,a_puerta,3.5,1.875,1.76,0.4842,0.4556,,backtest,6.0,
2026-09-13,mid-52272,ksa_pro,Al Kholood,,a_puerta,4.5,1.96,1.692,0.4633,0.4722,,backtest,3.0,
2026-09-13,mid-52273,per_liga1,Sport Boys,,a_puerta,3.5,1.35,2.8,0.6747,0.6881,,backtest,3.0,
2026-09-13,mid-52273,per_liga1,Sport Boys,,a_puerta,4.5,1.7,1.95,0.5342,0.5111,,backtest,3.0,
2026-09-13,mid-52273,per_liga1,Sport Boys,,a_puerta,5.5,2.3,1.5,0.3947,0.3447,,backtest,3.0,
2026-09-13,mid-52273,per_liga1,Deportivo Garcilaso,,a_puerta,2.5,1.546,2.2,0.5873,0.5332,,backtest,4.0,
2026-09-13,mid-52273,per_liga1,Deportivo Garcilaso,,a_puerta,3.5,2.2,1.546,0.4127,0.3166,,backtest,4.0,
2026-09-13,mid-52273,per_liga1,Deportivo Garcilaso,,a_puerta,4.5,3.333,1.25,0.2727,0.1627,,backtest,4.0,
2026-09-13,mid-52274,bra_serie_b,Atlético Goianiense,,a_puerta,3.5,1.429,2.5,0.6363,0.6422,,backtest,5.0,
2026-09-13,mid-52274,bra_serie_b,Atlético Goianiense,,a_puerta,4.5,1.857,1.778,0.4891,0.4586,,backtest,5.0,
2026-09-13,mid-52274,bra_serie_b,Atlético Goianiense,,a_puerta,5.5,2.546,1.417,0.3576,0.296,,backtest,5.0,
2026-09-13,mid-52274,bra_serie_b,Criciúma,,a_puerta,2.5,1.429,2.5,0.6363,0.6067,,backtest,4.0,
2026-09-13,mid-52274,bra_serie_b,Criciúma,,a_puerta,3.5,1.96,1.692,0.4633,0.3901,,backtest,4.0,
2026-09-13,mid-52274,bra_serie_b,Criciúma,,a_puerta,4.5,2.857,1.333,0.3181,0.2189,,backtest,4.0,
2026-09-13,mid-52275,col_primera_a,Deportivo Pereira,,a_puerta,2.5,1.667,2.0,0.5454,0.6194,,backtest,1.0,
2026-09-13,mid-52275,col_primera_a,Atlético Bucaramanga,,a_puerta,4.5,1.778,1.857,0.5109,0.6447,,backtest,5.0,
2026-09-13,mid-52276,per_liga1,Atlético Grau,,a_puerta,3.5,1.5,2.3,0.6053,0.6034,,backtest,6.0,
2026-09-13,mid-52276,per_liga1,Atlético Grau,,a_puerta,4.5,2.0,1.667,0.4546,0.4167,,backtest,6.0,
2026-09-13,mid-52276,per_liga1,Atlético Grau,,a_puerta,5.5,2.8,1.35,0.3253,0.2589,,backtest,6.0,
2026-09-13,mid-52276,per_liga1,Alianza Atlético,,a_puerta,2.5,1.286,3.1,0.7068,0.7502,,backtest,3.0,
2026-09-13,mid-52276,per_liga1,Alianza Atlético,,a_puerta,3.5,1.667,2.0,0.5454,0.5586,,backtest,3.0,
2026-09-13,mid-52276,per_liga1,Alianza Atlético,,a_puerta,4.5,2.3,1.5,0.3947,0.3707,,backtest,3.0,
2026-09-13,mid-52277,chi_primera,Colo Colo,,a_puerta,5.5,1.571,2.167,0.5797,0.572,,backtest,4.0,
2026-09-13,mid-52277,chi_primera,Colo Colo,,a_puerta,6.5,2.0,1.667,0.4546,0.4207,,backtest,4.0,
2026-09-13,mid-52277,chi_primera,Colo Colo,,a_puerta,7.5,2.667,1.385,0.3418,0.2875,,backtest,4.0,
2026-09-13,mid-52277,chi_primera,Deportes Concepcion,,a_puerta,1.5,1.25,3.333,0.7273,0.8139,,backtest,2.0,
2026-09-13,mid-52277,chi_primera,Deportes Concepcion,,a_puerta,2.5,1.667,2.0,0.5454,0.6033,,backtest,2.0,
2026-09-13,mid-52277,chi_primera,Deportes Concepcion,,a_puerta,3.5,2.455,1.444,0.3704,0.3866,,backtest,2.0,
2026-09-13,mid-52280,bra_serie_b,Novorizontino,,a_puerta,3.5,1.286,3.1,0.7068,0.721,,backtest,1.0,
2026-09-13,mid-52280,bra_serie_b,Novorizontino,,a_puerta,4.5,1.615,2.083,0.5633,0.5506,,backtest,1.0,
2026-09-13,mid-52280,bra_serie_b,Novorizontino,,a_puerta,5.5,2.1,1.6,0.4324,0.3834,,backtest,1.0,
2026-09-13,mid-52280,bra_serie_b,Cuiabá,,a_puerta,2.5,1.5,2.3,0.6053,0.5979,,backtest,2.0,
2026-09-13,mid-52280,bra_serie_b,Cuiabá,,a_puerta,3.5,2.1,1.6,0.4324,0.3809,,backtest,2.0,
2026-09-13,mid-52280,bra_serie_b,Cuiabá,,a_puerta,4.5,3.2,1.273,0.2846,0.2115,,backtest,2.0,
2026-09-13,mid-52281,bra_serie_b,Fortaleza,,a_puerta,3.5,1.333,2.857,0.6819,0.6708,,backtest,4.0,
2026-09-13,mid-52281,bra_serie_b,Fortaleza,,a_puerta,4.5,1.692,1.96,0.5367,0.491,,backtest,4.0,
2026-09-13,mid-52281,bra_serie_b,Fortaleza,,a_puerta,5.5,2.25,1.53,0.4048,0.3257,,backtest,4.0,
2026-09-13,mid-52281,bra_serie_b,Ceará,,a_puerta,2.5,1.4,2.571,0.6474,0.6156,,backtest,3.0,
2026-09-13,mid-52281,bra_serie_b,Ceará,,a_puerta,3.5,1.909,1.733,0.4758,0.3995,,backtest,3.0,
2026-09-13,mid-52281,bra_serie_b,Ceará,,a_puerta,4.5,2.8,1.35,0.3253,0.2266,,backtest,3.0,
2026-09-13,mid-52282,chi_primera,Audax Italiano,,a_puerta,3.5,1.53,2.25,0.5952,0.6156,,backtest,4.0,
2026-09-13,mid-52282,chi_primera,Audax Italiano,,a_puerta,4.5,2.05,1.636,0.4438,0.4297,,backtest,4.0,
2026-09-13,mid-52282,chi_primera,Audax Italiano,,a_puerta,5.5,2.857,1.333,0.3181,0.2702,,backtest,4.0,
2026-09-13,mid-52282,chi_primera,O'Higgins,,a_puerta,3.5,1.538,2.222,0.591,0.504,,backtest,4.0,
2026-09-13,mid-52282,chi_primera,O'Higgins,,a_puerta,4.5,2.083,1.615,0.4367,0.3179,,backtest,4.0,
2026-09-13,mid-52282,chi_primera,O'Higgins,,a_puerta,5.5,3.0,1.308,0.3036,0.1788,,backtest,4.0,
2026-09-13,mid-52283,col_primera_a,Once Caldas,,a_puerta,4.5,1.786,1.85,0.5088,0.4326,,backtest,2.0,
2026-09-13,mid-52283,col_primera_a,Deportivo Cali,,a_puerta,3.5,2.083,1.615,0.4367,0.5372,,backtest,3.0,
2026-09-14,mid-52284,mls,San Diego FC,,a_puerta,3.5,1.462,2.4,0.6214,0.656,,backtest,5.0,
2026-09-14,mid-52284,mls,San Diego FC,,a_puerta,4.5,1.941,1.733,0.4717,0.4741,,backtest,5.0,
2026-09-14,mid-52284,mls,San Diego FC,,a_puerta,5.5,2.667,1.375,0.3402,0.3101,,backtest,5.0,
2026-09-14,mid-52284,mls,Philadelphia Union,,a_puerta,3.5,1.35,2.8,0.6747,0.761,,backtest,5.0,
2026-09-14,mid-52284,mls,Philadelphia Union,,a_puerta,4.5,1.733,1.941,0.5283,0.601,,backtest,5.0,
2026-09-14,mid-52284,mls,Philadelphia Union,,a_puerta,5.5,2.3,1.5,0.3947,0.4351,,backtest,5.0,
2026-09-14,mid-52285,serie_a,Torino,,a_puerta,2.5,1.625,2.1,0.5638,0.5424,,backtest,3.0,
2026-09-14,mid-52285,serie_a,Roma,,a_puerta,5.5,2.0,1.692,0.4583,0.5916,,backtest,5.0,
2026-09-14,mid-52288,premier,Leeds,,a_puerta,4.5,2.083,1.636,0.4399,0.5271,,backtest,6.0,
2026-09-14,mid-52288,premier,Newcastle,,a_puerta,4.5,2.143,1.6,0.4275,0.4442,,backtest,5.0,
2026-09-14,mid-52289,serie_a,Como,,a_puerta,6.5,2.083,1.636,0.4399,0.7,,backtest,7.0,
2026-09-14,mid-52289,serie_a,Parma,,a_puerta,2.5,2.143,1.6,0.4275,0.4449,,backtest,4.0,
2026-09-14,mid-52294,laliga,Villarreal,,a_puerta,4.5,1.76,1.909,0.5203,0.733,,backtest,8.0,
2026-09-14,mid-52294,laliga,Betis,,a_puerta,3.5,1.615,2.125,0.5682,0.6171,,backtest,12.0,
2026-09-14,mid-52298,liga_mx,Santos Laguna,,a_puerta,3.5,1.429,2.5,0.6363,0.668,,backtest,10.0,
2026-09-14,mid-52298,liga_mx,Santos Laguna,,a_puerta,4.5,1.867,1.8,0.4909,0.4877,,backtest,10.0,
2026-09-14,mid-52298,liga_mx,Santos Laguna,,a_puerta,5.5,2.5,1.429,0.3637,0.3227,,backtest,10.0,
2026-09-14,mid-52298,liga_mx,Juarez,,a_puerta,2.5,1.286,3.1,0.7068,0.7201,,backtest,5.0,
2026-09-14,mid-52298,liga_mx,Juarez,,a_puerta,3.5,1.692,2.0,0.5417,0.5202,,backtest,5.0,
2026-09-14,mid-52298,liga_mx,Juarez,,a_puerta,4.5,2.3,1.5,0.3947,0.3332,,backtest,5.0,
2026-09-14,mid-52300,liga_mx,Guadalajara Chivas,,a_puerta,4.5,1.385,2.667,0.6582,0.6698,,backtest,5.0,
2026-09-14,mid-52300,liga_mx,Guadalajara Chivas,,a_puerta,5.5,1.75,1.923,0.5236,0.5106,,backtest,5.0,
2026-09-14,mid-52300,liga_mx,Guadalajara Chivas,,a_puerta,6.5,2.25,1.52,0.4032,0.3595,,backtest,5.0,
2026-09-14,mid-52300,liga_mx,UNAM Pumas,,a_puerta,2.5,1.53,2.25,0.5952,0.6797,,backtest,5.0,
2026-09-14,mid-52300,liga_mx,UNAM Pumas,,a_puerta,3.5,2.143,1.6,0.4275,0.4713,,backtest,5.0,
2026-09-14,mid-52300,liga_mx,UNAM Pumas,,a_puerta,4.5,3.2,1.273,0.2846,0.288,,backtest,5.0,
2026-09-14,mid-52301,col_primera_a,Cúcuta Deportivo,,a_puerta,3.5,2.0,1.667,0.4546,0.5007,,backtest,2.0,
2026-09-14,mid-52301,col_primera_a,Millonarios,,a_puerta,4.5,1.647,2.05,0.5545,0.4841,,backtest,3.0,
2026-09-15,mid-52318,brasil,Bahia,,a_puerta,5.5,1.714,1.96,0.5335,0.5895,,backtest,9.0,
2026-09-15,mid-52318,brasil,Remo,,a_puerta,3.5,2.1,1.625,0.4362,0.4718,,backtest,3.0,
2026-09-16,mid-52343,col_primera_a,Boyacá Chicó FC,,a_puerta,4.5,2.083,1.615,0.4367,0.3688,,backtest,2.0,
2026-09-16,mid-52343,col_primera_a,Alianza FC,,a_puerta,3.5,1.818,1.818,0.5,0.3379,,backtest,4.0,
2026-09-16,mid-52360,bra_serie_b,CRB,,a_puerta,4.5,1.462,2.4,0.6214,0.5493,,backtest,8.0,
2026-09-16,mid-52360,bra_serie_b,CRB,,a_puerta,5.5,1.875,1.76,0.4842,0.3821,,backtest,8.0,
2026-09-16,mid-52360,bra_serie_b,CRB,,a_puerta,6.5,2.5,1.429,0.3637,0.243,,backtest,8.0,
2026-09-16,mid-52360,bra_serie_b,Sport,,a_puerta,2.5,1.25,3.333,0.7273,0.7262,,backtest,3.0,
2026-09-16,mid-52360,bra_serie_b,Sport,,a_puerta,3.5,1.6,2.1,0.5676,0.5279,,backtest,3.0,
2026-09-16,mid-52360,bra_serie_b,Sport,,a_puerta,4.5,2.2,1.546,0.4127,0.3405,,backtest,3.0,
2026-09-16,mid-52361,brasil,Botafogo RJ,,a_puerta,4.5,1.714,1.96,0.5335,0.7269,,backtest,7.0,
2026-09-16,mid-52361,brasil,Gremio,,a_puerta,3.5,1.923,1.75,0.4764,0.5043,,backtest,3.0,
2026-09-16,mid-52363,laliga,Barcelona,,a_puerta,8.5,1.8,1.867,0.5091,0.7119,,backtest,9.0,
2026-09-16,mid-52363,laliga,Santander,,a_puerta,2.5,1.909,1.76,0.4797,0.3094,,backtest,3.0,
2026-09-16,mid-52364,liga_mx,Puebla,,a_puerta,2.5,1.4,2.6,0.65,0.7109,,backtest,2.0,
2026-09-16,mid-52364,liga_mx,Puebla,,a_puerta,3.5,1.889,1.778,0.4849,0.5087,,backtest,2.0,
2026-09-16,mid-52364,liga_mx,Puebla,,a_puerta,4.5,2.714,1.364,0.3345,0.3224,,backtest,2.0,
2026-09-16,mid-52364,liga_mx,Toluca,,a_puerta,4.5,1.6,2.1,0.5676,0.7223,,backtest,3.0,
2026-09-16,mid-52364,liga_mx,Toluca,,a_puerta,5.5,2.1,1.625,0.4362,0.5722,,backtest,3.0,
2026-09-16,mid-52364,liga_mx,Toluca,,a_puerta,6.5,2.857,1.333,0.3181,0.4209,,backtest,3.0,
2026-09-17,mid-52381,laliga,Betis,,a_puerta,5.5,2.125,1.615,0.4318,0.5096,,backtest,8.0,
2026-09-17,mid-52381,laliga,Getafe,,a_puerta,2.5,1.692,2.0,0.5417,0.6599,,backtest,2.0,
2026-09-17,mid-52382,laliga,Malaga,,a_puerta,3.5,1.733,1.941,0.5283,0.6482,,backtest,1.0,
2026-09-17,mid-52382,laliga,Villarreal,,a_puerta,4.5,1.625,2.1,0.5638,0.6031,,backtest,7.0,
2026-09-18,mid-52385,eng_championship,Bristol City,,a_puerta,4.5,1.714,1.96,0.5335,0.6265,,backtest,7.0,
2026-09-18,mid-52385,eng_championship,Watford,,a_puerta,3.5,1.96,1.714,0.4665,0.3698,,backtest,2.0,
2026-09-18,mid-52388,bundesliga,Bayern Munich,,a_puerta,8.5,1.727,1.95,0.5303,0.6209,,backtest,15.0,
2026-09-18,mid-52388,bundesliga,Union Berlin,,a_puerta,2.5,1.714,1.96,0.5335,0.4236,,backtest,2.0,
2026-09-18,mid-52390,serie_a,Monza,,a_puerta,4.5,1.95,1.727,0.4697,0.5055,,backtest,6.0,
2026-09-18,mid-52390,serie_a,Sassuolo,,a_puerta,4.5,1.96,1.714,0.4665,0.4572,,backtest,8.0,
2026-09-18,mid-52396,premier,Brentford,,a_puerta,4.5,2.1,1.625,0.4362,0.5831,,backtest,6.0,
2026-09-18,mid-52396,premier,Chelsea,,a_puerta,4.5,1.76,1.909,0.5203,0.574,,backtest,2.0,
2026-09-18,mid-52405,ligue_1,Monaco,,a_puerta,5.5,2.05,1.647,0.4455,0.3498,,backtest,6.0,
2026-09-18,mid-52405,ligue_1,Lens,,a_puerta,4.5,2.05,1.647,0.4455,0.4372,,backtest,4.0,
2026-09-19,mid-52433,bra_serie_b,São Bernardo,,a_puerta,4.5,1.933,1.714,0.47,0.3784,,backtest,4.0,
2026-09-19,mid-52433,bra_serie_b,Atlético Goianiense,,a_puerta,3.5,1.692,1.96,0.5367,0.5645,,backtest,6.0,
2026-09-19,mid-52444,eng_championship,Portsmouth,,a_puerta,4.5,2.0,1.692,0.4583,0.6054,,backtest,7.0,
2026-09-19,mid-52444,eng_championship,Blackburn,,a_puerta,3.5,2.125,1.615,0.4318,0.5061,,backtest,5.0,
2026-09-19,mid-52449,serie_a,Venezia,,a_puerta,3.5,1.75,1.923,0.5236,0.5892,,backtest,6.0,
2026-09-19,mid-52449,serie_a,Lazio,,a_puerta,4.5,1.8,1.867,0.5091,0.5332,,backtest,2.0,
2026-09-19,mid-52457,bundesliga,Werder Bremen,,a_puerta,5.5,2.1,1.625,0.4362,0.4864,,backtest,11.0,
2026-09-19,mid-52457,bundesliga,Augsburg,,a_puerta,4.5,1.941,1.733,0.4717,0.4634,,backtest,4.0,
2026-09-19,mid-52467,eng_championship,Millwall,,a_puerta,3.5,1.909,1.76,0.4797,0.5228,,backtest,7.0,
2026-09-19,mid-52467,eng_championship,West Ham,,a_puerta,5.5,2.0,1.68,0.4565,0.3794,,backtest,6.0,
2026-09-19,mid-52468,eng_championship,Lincoln,,a_puerta,4.5,2.05,1.647,0.4455,0.3846,,backtest,4.0,
2026-09-19,mid-52468,eng_championship,Swansea,,a_puerta,3.5,1.714,1.96,0.5335,0.6421,,backtest,4.0,
2026-09-19,mid-52469,eng_championship,Cardiff,,a_puerta,5.5,1.818,1.846,0.5038,0.547,,backtest,8.0,
2026-09-19,mid-52469,eng_championship,Charlton,,a_puerta,3.5,2.0,1.692,0.4583,0.4447,,backtest,3.0,
2026-09-19,mid-52499,eng_championship,Birmingham,,a_puerta,4.5,2.0,1.68,0.4565,0.4598,,backtest,5.0,
2026-09-19,mid-52499,eng_championship,Middlesbrough,,a_puerta,4.5,2.0,1.692,0.4583,0.5436,,backtest,4.0,
2026-09-19,mid-52500,ligue_1,Le Mans,,a_puerta,3.5,1.733,1.941,0.5283,0.6114,,backtest,7.0,
2026-09-19,mid-52500,ligue_1,Lorient,,a_puerta,4.5,2.143,1.6,0.4275,0.4236,,backtest,2.0,
2026-09-19,mid-52501,ligue_1,Angers,,a_puerta,3.5,1.818,1.846,0.5038,0.6647,,backtest,3.0,
2026-09-19,mid-52501,ligue_1,Troyes,,a_puerta,3.5,1.636,2.083,0.5601,0.5646,,backtest,3.0,
2026-09-19,mid-52504,premier,Tottenham,,a_puerta,4.5,1.846,1.818,0.4962,0.5665,,backtest,7.0,
2026-09-19,mid-52504,premier,Aston Villa,,a_puerta,3.5,1.692,2.0,0.5417,0.5128,,backtest,6.0,
2026-09-19,mid-52506,premier,Everton,,a_puerta,4.5,1.75,1.923,0.5236,0.6671,,backtest,2.0,
2026-09-19,mid-52506,premier,Ipswich,,a_puerta,3.5,1.818,1.846,0.5038,0.514,,backtest,4.0,
2026-09-19,mid-52509,ligue_1,Paris FC,,a_puerta,4.5,1.647,2.05,0.5545,0.6848,,backtest,7.0,
2026-09-19,mid-52509,ligue_1,Strasbourg,,a_puerta,3.5,1.96,1.714,0.4665,0.5558,,backtest,1.0,
2026-09-19,mid-52510,premier,Newcastle,,a_puerta,5.5,2.1,1.625,0.4362,0.481,,backtest,5.0,
2026-09-19,mid-52510,premier,Hull,,a_puerta,3.5,2.0,1.692,0.4583,0.5179,,backtest,4.0,
2026-09-19,mid-52513,serie_a,Bologna,,a_puerta,4.5,1.733,1.941,0.5283,0.5707,,backtest,1.0,
2026-09-19,mid-52513,serie_a,Torino,,a_puerta,3.5,1.846,1.818,0.4962,0.419,,backtest,3.0,
2026-09-19,mid-52517,serie_a,Udinese,,a_puerta,4.5,1.846,1.818,0.4962,0.4479,,backtest,5.0,
2026-09-19,mid-52517,serie_a,Cagliari,,a_puerta,3.5,1.867,1.8,0.4909,0.5285,,backtest,2.0,
2026-09-19,mid-52522,ligue_1,Toulouse,,a_puerta,5.5,1.96,1.714,0.4665,0.5068,,backtest,5.0,
2026-09-19,mid-52522,ligue_1,Le Havre,,a_puerta,3.5,2.1,1.625,0.4362,0.4943,,backtest,7.0,
2026-09-19,mid-52525,eng_championship,Stoke,,a_puerta,4.5,2.1,1.625,0.4362,0.5114,,backtest,5.0,
2026-09-19,mid-52525,eng_championship,Sheffield United,,a_puerta,3.5,1.667,2.05,0.5515,0.5323,,backtest,3.0,
2026-09-19,mid-52526,eng_championship,Wrexham,,a_puerta,4.5,2.125,1.615,0.4318,0.5057,,backtest,4.0,
2026-09-19,mid-52526,eng_championship,Southampton,,a_puerta,4.5,2.05,1.647,0.4455,0.5282,,backtest,7.0,
2026-09-19,mid-52531,laliga,Sevilla,,a_puerta,3.5,2.0,1.692,0.4583,0.3072,,backtest,3.0,
2026-09-19,mid-52531,laliga,Barcelona,,a_puerta,6.5,1.68,2.0,0.5435,0.4028,,backtest,7.0,
2026-09-19,mid-52532,laliga,Osasuna,,a_puerta,4.5,1.833,1.833,0.5,0.5068,,backtest,3.0,
2026-09-19,mid-52532,laliga,Vallecano,,a_puerta,3.5,1.778,1.889,0.5151,0.5296,,backtest,2.0,
2026-09-19,mid-52534,bundesliga,Stuttgart,,a_puerta,4.5,1.714,1.96,0.5335,0.5612,,backtest,5.0,
2026-09-19,mid-52534,bundesliga,Dortmund,,a_puerta,3.5,1.636,2.083,0.5601,0.6536,,backtest,2.0,
2026-09-19,mid-52536,brasil,Atletico-MG,,a_puerta,6.5,1.818,1.846,0.5038,0.4246,,backtest,11.0,
2026-09-19,mid-52536,brasil,Chapecoense-SC,,a_puerta,2.5,1.714,1.96,0.5335,0.6254,,backtest,1.0,
2026-09-19,mid-52542,liga_mx,Puebla,,a_puerta,3.5,1.35,2.8,0.6747,0.6515,,backtest,4.0,
2026-09-19,mid-52542,liga_mx,Puebla,,a_puerta,4.5,1.714,1.96,0.5335,0.469,,backtest,4.0,
2026-09-19,mid-52542,liga_mx,Puebla,,a_puerta,5.5,2.3,1.5,0.3947,0.3054,,backtest,4.0,
2026-09-19,mid-52542,liga_mx,Atlante,,a_puerta,3.5,1.48,2.364,0.615,0.6001,,backtest,5.0,
2026-09-19,mid-52542,liga_mx,Atlante,,a_puerta,4.5,1.96,1.714,0.4665,0.4132,,backtest,5.0,
2026-09-19,mid-52542,liga_mx,Atlante,,a_puerta,5.5,2.8,1.35,0.3253,0.256,,backtest,5.0,
2026-09-19,mid-52543,liga_mx,Juarez,,a_puerta,2.5,1.364,2.714,0.6655,0.7263,,backtest,5.0,
2026-09-19,mid-52543,liga_mx,Juarez,,a_puerta,3.5,1.818,1.846,0.5038,0.528,,backtest,5.0,
2026-09-19,mid-52543,liga_mx,Juarez,,a_puerta,4.5,2.6,1.4,0.35,0.3406,,backtest,5.0,
2026-09-19,mid-52543,liga_mx,Tigres UANL,,a_puerta,4.5,1.583,2.143,0.5751,0.5876,,backtest,5.0,
2026-09-19,mid-52543,liga_mx,Tigres UANL,,a_puerta,5.5,2.1,1.625,0.4362,0.4211,,backtest,5.0,
2026-09-19,mid-52543,liga_mx,Tigres UANL,,a_puerta,6.5,2.857,1.333,0.3181,0.2768,,backtest,5.0,
2026-09-19,mid-52545,brasil,Remo,,a_puerta,4.5,2.05,1.647,0.4455,0.4453,,backtest,4.0,
2026-09-19,mid-52545,brasil,Santos,,a_puerta,4.5,1.867,1.8,0.4909,0.4804,,backtest,4.0,
2026-09-19,mid-52546,brasil,Mirassol,,a_puerta,4.5,1.733,1.941,0.5283,0.6099,,backtest,7.0,
2026-09-19,mid-52546,brasil,Botafogo RJ,,a_puerta,4.5,2.143,1.6,0.4275,0.3981,,backtest,5.0,
2026-09-19,mid-52548,eng_championship,Burnley,,a_puerta,5.5,2.083,1.636,0.4399,0.4209,,backtest,2.0,
2026-09-19,mid-52548,eng_championship,Derby,,a_puerta,3.5,2.125,1.615,0.4318,0.4242,,backtest,6.0,
2026-09-20,mid-52549,per_liga1,Melgar,,a_puerta,5.5,1.75,1.889,0.5191,0.5103,,backtest,7.0,
2026-09-20,mid-52549,per_liga1,Sport Boys,,a_puerta,2.5,1.733,1.909,0.5242,0.6181,,backtest,1.0,
2026-09-20,mid-52551,brasil,Corinthians,,a_puerta,4.5,1.909,1.76,0.4797,0.5136,,backtest,7.0,
2026-09-20,mid-52551,brasil,Fluminense,,a_puerta,3.5,2.0,1.692,0.4583,0.5425,,backtest,6.0,
2026-09-20,mid-52555,liga_mx,Atl. San Luis,,a_puerta,4.5,1.6,2.1,0.5676,0.5958,,backtest,5.0,
2026-09-20,mid-52555,liga_mx,Atl. San Luis,,a_puerta,5.5,2.1,1.625,0.4362,0.4297,,backtest,5.0,
2026-09-20,mid-52555,liga_mx,Atl. San Luis,,a_puerta,6.5,2.857,1.333,0.3181,0.2844,,backtest,5.0,
2026-09-20,mid-52555,liga_mx,Necaxa,,a_puerta,3.5,1.48,2.364,0.615,0.6627,,backtest,3.0,
2026-09-20,mid-52555,liga_mx,Necaxa,,a_puerta,4.5,1.96,1.714,0.4665,0.4817,,backtest,3.0,
2026-09-20,mid-52555,liga_mx,Necaxa,,a_puerta,5.5,2.8,1.35,0.3253,0.317,,backtest,3.0,
2026-09-20,mid-52556,premier,Leeds,,a_puerta,4.5,1.778,1.889,0.5151,0.624,,backtest,2.0,
2026-09-20,mid-52556,premier,Crystal Palace,,a_puerta,3.5,1.76,1.909,0.5203,0.4449,,backtest,4.0,
2026-09-20,mid-52558,liga_mx,Atlas,,a_puerta,3.5,1.53,2.25,0.5952,0.655,,backtest,4.0,
2026-09-20,mid-52558,liga_mx,Atlas,,a_puerta,4.5,2.05,1.647,0.4455,0.473,,backtest,4.0,
2026-09-20,mid-52558,liga_mx,Atlas,,a_puerta,5.5,2.857,1.333,0.3181,0.309,,backtest,4.0,
2026-09-20,mid-52558,liga_mx,UNAM Pumas,,a_puerta,2.5,1.273,3.2,0.7154,0.7455,,backtest,3.0,
2026-09-20,mid-52558,liga_mx,UNAM Pumas,,a_puerta,3.5,1.647,2.05,0.5545,0.5525,,backtest,3.0,
2026-09-20,mid-52558,liga_mx,UNAM Pumas,,a_puerta,4.5,2.25,1.52,0.4032,0.3646,,backtest,3.0,
2026-09-20,mid-52559,liga_mx,Club America,,a_puerta,3.5,1.4,2.6,0.65,0.7255,,backtest,4.0,
2026-09-20,mid-52559,liga_mx,Club America,,a_puerta,4.5,1.818,1.846,0.5038,0.5561,,backtest,4.0,
2026-09-20,mid-52559,liga_mx,Club America,,a_puerta,5.5,2.5,1.429,0.3637,0.3889,,backtest,4.0,
2026-09-20,mid-52559,liga_mx,Guadalajara Chivas,,a_puerta,3.5,1.429,2.5,0.6363,0.7144,,backtest,5.0,
2026-09-20,mid-52559,liga_mx,Guadalajara Chivas,,a_puerta,4.5,1.909,1.76,0.4797,0.5425,,backtest,5.0,
2026-09-20,mid-52559,liga_mx,Guadalajara Chivas,,a_puerta,5.5,2.6,1.4,0.35,0.3754,,backtest,5.0,
2026-09-20,mid-52560,liga_mx,Monterrey,,a_puerta,4.5,1.583,2.143,0.5751,0.6178,,backtest,5.0,
2026-09-20,mid-52560,liga_mx,Monterrey,,a_puerta,5.5,2.1,1.625,0.4362,0.453,,backtest,5.0,
2026-09-20,mid-52560,liga_mx,Monterrey,,a_puerta,6.5,2.857,1.333,0.3181,0.3054,,backtest,5.0,
2026-09-20,mid-52560,liga_mx,Cruz Azul,,a_puerta,3.5,1.385,2.667,0.6582,0.5891,,backtest,4.0,
2026-09-20,mid-52560,liga_mx,Cruz Azul,,a_puerta,4.5,1.8,1.867,0.5091,0.4018,,backtest,4.0,
2026-09-20,mid-52560,liga_mx,Cruz Azul,,a_puerta,5.5,2.455,1.444,0.3704,0.2462,,backtest,4.0,
2026-09-20,mid-52564,laliga,Villarreal,,a_puerta,5.5,1.647,2.05,0.5545,0.6465,,backtest,7.0,
2026-09-20,mid-52564,laliga,Levante,,a_puerta,3.5,2.143,1.6,0.4275,0.5018,,backtest,1.0,
2026-09-20,mid-52565,laliga,Valencia,,a_puerta,3.5,1.6,2.143,0.5725,0.6435,,backtest,5.0,
2026-09-20,mid-52565,laliga,Sociedad,,a_puerta,4.5,2.083,1.636,0.4399,0.389,,backtest,6.0,
2026-09-20,mid-52567,laliga,Getafe,,a_puerta,3.5,1.647,2.05,0.5545,0.6057,,backtest,7.0,
2026-09-20,mid-52567,laliga,Malaga,,a_puerta,3.5,2.222,1.556,0.4119,0.4167,,backtest,4.0,
2026-09-20,mid-52569,brasil,Athletico-PR,,a_puerta,4.5,1.647,2.05,0.5545,0.5342,,backtest,6.0,
2026-09-20,mid-52569,brasil,Bahia,,a_puerta,3.5,1.68,2.0,0.5435,0.7028,,backtest,3.0,
2026-09-20,mid-52572,premier,Bournemouth,,a_puerta,4.5,1.818,1.846,0.5038,0.5243,,backtest,2.0,
2026-09-20,mid-52572,premier,Liverpool,,a_puerta,4.5,1.636,2.083,0.5601,0.5514,,backtest,3.0,
2026-09-20,mid-52575,col_primera_a,Deportivo Pasto,,a_puerta,3.5,1.636,2.05,0.5562,0.5265,,backtest,5.0,
2026-09-20,mid-52575,col_primera_a,Once Caldas,,a_puerta,3.5,1.615,2.083,0.5633,0.5898,,backtest,5.0,
2026-09-20,mid-52576,mls,Colorado Rapids,,a_puerta,3.5,1.35,2.8,0.6747,0.7965,,backtest,7.0,
2026-09-20,mid-52576,mls,Colorado Rapids,,a_puerta,4.5,1.714,1.96,0.5335,0.6482,,backtest,7.0,
2026-09-20,mid-52576,mls,Colorado Rapids,,a_puerta,5.5,2.25,1.52,0.4032,0.4863,,backtest,7.0,
2026-09-20,mid-52576,mls,Seattle Sounders,,a_puerta,2.5,1.308,3.0,0.6964,0.7466,,backtest,6.0,
2026-09-20,mid-52576,mls,Seattle Sounders,,a_puerta,3.5,1.727,1.95,0.5303,0.554,,backtest,6.0,
2026-09-20,mid-52576,mls,Seattle Sounders,,a_puerta,4.5,2.4,1.462,0.3786,0.3661,,backtest,6.0,
2026-09-20,mid-52589,brasil,Vasco,,a_puerta,4.5,1.375,2.667,0.6598,0.8815,,backtest,11.0,
2026-09-20,mid-52589,brasil,Vasco,,a_puerta,5.5,1.733,1.941,0.5283,0.7865,,backtest,11.0,
2026-09-20,mid-52589,brasil,Vasco,,a_puerta,6.5,2.25,1.53,0.4048,0.6666,,backtest,11.0,
2026-09-20,mid-52589,brasil,Coritiba,,a_puerta,2.5,1.5,2.3,0.6053,0.6082,,backtest,1.0,
2026-09-20,mid-52589,brasil,Coritiba,,a_puerta,3.5,2.1,1.625,0.4362,0.3917,,backtest,1.0,
2026-09-20,mid-52589,brasil,Coritiba,,a_puerta,4.5,3.1,1.286,0.2932,0.2202,,backtest,1.0,
2026-09-20,mid-52598,sco_premiership,Celtic,,a_puerta,5.5,2.083,1.615,0.4367,0.3801,,backtest,1.0,
2026-09-20,mid-52598,sco_premiership,Rangers,,a_puerta,3.5,1.6,2.1,0.5676,0.6712,,backtest,8.0,
2026-09-20,mid-52602,bundesliga,Paderborn,,a_puerta,4.5,1.909,1.76,0.4797,0.4297,,backtest,5.0,
2026-09-20,mid-52602,bundesliga,Hoffenheim,,a_puerta,5.5,1.8,1.867,0.5091,0.6482,,backtest,2.0,
2026-09-20,mid-52610,serie_a,Frosinone,,a_puerta,3.5,1.778,1.889,0.5151,0.5522,,backtest,6.0,
2026-09-20,mid-52610,serie_a,Como,,a_puerta,5.5,1.909,1.76,0.4797,0.7139,,backtest,8.0,
2026-09-20,mid-52611,serie_a,Juventus,,a_puerta,5.5,1.786,1.875,0.5122,0.5681,,backtest,5.0,
2026-09-20,mid-52611,serie_a,Atalanta,,a_puerta,2.5,1.727,1.95,0.5303,0.5928,,backtest,2.0,
2026-09-20,mid-52615,eredivisie,Feyenoord,,a_puerta,7.5,2.0,1.667,0.4546,0.4978,,backtest,12.0,
2026-09-20,mid-52615,eredivisie,Utrecht,,a_puerta,3.5,1.96,1.692,0.4633,0.3492,,backtest,2.0,
2026-09-20,mid-52617,ligue_1,Auxerre,,a_puerta,4.5,1.714,1.96,0.5335,0.4416,,backtest,4.0,
2026-09-20,mid-52617,ligue_1,Brest,,a_puerta,3.5,1.68,2.0,0.5435,0.7392,,backtest,2.0,
2026-09-20,mid-52619,serie_a,Milan,,a_puerta,5.5,1.778,1.889,0.5151,0.718,,backtest,4.0,
2026-09-20,mid-52619,serie_a,Lecce,,a_puerta,2.5,1.778,1.889,0.5151,0.537,,backtest,3.0,
2026-09-20,mid-52627,mls,CF Montreal,,a_puerta,3.5,1.35,2.8,0.6747,0.6856,,backtest,2.0,
2026-09-20,mid-52627,mls,CF Montreal,,a_puerta,4.5,1.714,1.96,0.5335,0.5082,,backtest,2.0,
2026-09-20,mid-52627,mls,CF Montreal,,a_puerta,5.5,2.25,1.52,0.4032,0.3419,,backtest,2.0,
2026-09-20,mid-52627,mls,Columbus Crew,,a_puerta,3.5,1.571,2.167,0.5797,0.6722,,backtest,3.0,
2026-09-20,mid-52627,mls,Columbus Crew,,a_puerta,4.5,2.143,1.6,0.4275,0.4926,,backtest,3.0,
2026-09-20,mid-52627,mls,Columbus Crew,,a_puerta,5.5,3.0,1.308,0.3036,0.3272,,backtest,3.0,
2026-09-20,mid-52628,mls,FC Dallas,,a_puerta,4.5,1.48,2.364,0.615,0.6509,,backtest,4.0,
2026-09-20,mid-52628,mls,FC Dallas,,a_puerta,5.5,1.909,1.76,0.4797,0.4893,,backtest,4.0,
2026-09-20,mid-52628,mls,FC Dallas,,a_puerta,6.5,2.546,1.417,0.3576,0.3391,,backtest,4.0,
2026-09-20,mid-52628,mls,Austin FC,,a_puerta,2.5,1.35,2.8,0.6747,0.6777,,backtest,3.0,
2026-09-20,mid-52628,mls,Austin FC,,a_puerta,3.5,1.818,1.85,0.5044,0.469,,backtest,3.0,
2026-09-20,mid-52628,mls,Austin FC,,a_puerta,4.5,2.546,1.417,0.3576,0.2859,,backtest,3.0,
2026-09-20,mid-52631,mls,Nashville SC,,a_puerta,4.5,1.52,2.25,0.5968,0.6325,,backtest,5.0,
2026-09-20,mid-52631,mls,Nashville SC,,a_puerta,5.5,1.96,1.714,0.4665,0.469,,backtest,5.0,
2026-09-20,mid-52631,mls,Nashville SC,,a_puerta,6.5,2.667,1.385,0.3418,0.3201,,backtest,5.0,
2026-09-20,mid-52631,mls,Chicago Fire,,a_puerta,2.5,1.308,3.0,0.6964,0.7638,,backtest,1.0,
2026-09-20,mid-52631,mls,Chicago Fire,,a_puerta,3.5,1.714,1.96,0.5335,0.5766,,backtest,1.0,
2026-09-20,mid-52631,mls,Chicago Fire,,a_puerta,4.5,2.364,1.48,0.385,0.3889,,backtest,1.0,
2026-09-20,mid-52632,mls,New England Revolution,,a_puerta,4.5,1.375,2.667,0.6598,0.6649,,backtest,9.0,
2026-09-20,mid-52632,mls,New England Revolution,,a_puerta,5.5,1.733,1.941,0.5283,0.5051,,backtest,9.0,
2026-09-20,mid-52632,mls,New England Revolution,,a_puerta,6.5,2.25,1.53,0.4048,0.3542,,backtest,9.0,
2026-09-20,mid-52632,mls,Orlando City,,a_puerta,3.5,1.5,2.3,0.6053,0.6145,,backtest,5.0,
2026-09-20,mid-52632,mls,Orlando City,,a_puerta,4.5,2.0,1.692,0.4583,0.4286,,backtest,5.0,
2026-09-20,mid-52632,mls,Orlando City,,a_puerta,5.5,2.8,1.35,0.3253,0.2693,,backtest,5.0,
2026-09-20,mid-52634,mls,Real Salt Lake,,a_puerta,2.5,1.273,3.2,0.7154,0.7637,,backtest,3.0,
2026-09-20,mid-52634,mls,Real Salt Lake,,a_puerta,3.5,1.647,2.05,0.5545,0.5764,,backtest,3.0,
2026-09-20,mid-52634,mls,Real Salt Lake,,a_puerta,4.5,2.25,1.52,0.4032,0.3887,,backtest,3.0,
2026-09-20,mid-52634,mls,Vancouver Whitecaps,,a_puerta,4.5,1.5,2.3,0.6053,0.6345,,backtest,6.0,
2026-09-20,mid-52634,mls,Vancouver Whitecaps,,a_puerta,5.5,1.941,1.733,0.4717,0.4712,,backtest,6.0,
2026-09-20,mid-52634,mls,Vancouver Whitecaps,,a_puerta,6.5,2.6,1.4,0.35,0.3221,,backtest,6.0,
2026-09-20,mid-52636,mls,Sporting Kansas City,,a_puerta,2.5,1.308,3.0,0.6964,0.6611,,backtest,6.0,
2026-09-20,mid-52636,mls,Sporting Kansas City,,a_puerta,3.5,1.727,1.95,0.5303,0.4498,,backtest,6.0,
2026-09-20,mid-52636,mls,Sporting Kansas City,,a_puerta,4.5,2.4,1.462,0.3786,0.2689,,backtest,6.0,
2026-09-20,mid-52636,mls,Philadelphia Union,,a_puerta,4.5,1.4,2.6,0.65,0.7315,,backtest,8.0,
2026-09-20,mid-52636,mls,Philadelphia Union,,a_puerta,5.5,1.76,1.909,0.5203,0.5834,,backtest,8.0,
2026-09-20,mid-52636,mls,Philadelphia Union,,a_puerta,6.5,2.3,1.5,0.3947,0.4325,,backtest,8.0,
2026-09-20,mid-52637,mls,St. Louis City,,a_puerta,4.5,1.375,2.667,0.6598,0.6408,,backtest,8.0,
2026-09-20,mid-52637,mls,St. Louis City,,a_puerta,5.5,1.733,1.941,0.5283,0.478,,backtest,8.0,
2026-09-20,mid-52637,mls,St. Louis City,,a_puerta,6.5,2.25,1.53,0.4048,0.3285,,backtest,8.0,
2026-09-20,mid-52637,mls,Toronto FC,,a_puerta,2.5,1.385,2.667,0.6582,0.7184,,backtest,2.0,
2026-09-20,mid-52637,mls,Toronto FC,,a_puerta,3.5,1.889,1.778,0.4849,0.5181,,backtest,2.0,
2026-09-20,mid-52637,mls,Toronto FC,,a_puerta,4.5,2.714,1.364,0.3345,0.3312,,backtest,2.0,
2026-09-20,mid-52638,mls,Houston Dynamo,,a_puerta,4.5,1.546,2.2,0.5873,0.6375,,backtest,2.0,
2026-09-20,mid-52638,mls,Houston Dynamo,,a_puerta,5.5,2.0,1.68,0.4565,0.4744,,backtest,2.0,
2026-09-20,mid-52638,mls,Houston Dynamo,,a_puerta,6.5,2.714,1.364,0.3345,0.3251,,backtest,2.0,
2026-09-20,mid-52638,mls,FC Cincinnati,,a_puerta,2.5,1.286,3.1,0.7068,0.7724,,backtest,8.0,
2026-09-20,mid-52638,mls,FC Cincinnati,,a_puerta,3.5,1.692,2.0,0.5417,0.5881,,backtest,8.0,
2026-09-20,mid-52638,mls,FC Cincinnati,,a_puerta,4.5,2.3,1.5,0.3947,0.4007,,backtest,8.0,
2026-09-20,mid-52639,eng_championship,Norwich,,a_puerta,5.5,1.714,1.96,0.5335,0.5964,,backtest,4.0,
2026-09-20,mid-52639,eng_championship,Bolton,,a_puerta,3.5,1.96,1.714,0.4665,0.5094,,backtest,5.0,
2026-09-20,mid-52640,brasil,Sao Paulo,,a_puerta,3.5,1.364,2.714,0.6655,0.6858,,backtest,1.0,
2026-09-20,mid-52640,brasil,Sao Paulo,,a_puerta,4.5,1.75,1.923,0.5236,0.5084,,backtest,1.0,
2026-09-20,mid-52640,brasil,Sao Paulo,,a_puerta,5.5,2.3,1.5,0.3947,0.3422,,backtest,1.0,
2026-09-20,mid-52640,brasil,Internacional,,a_puerta,2.5,1.385,2.667,0.6582,0.6604,,backtest,1.0,
2026-09-20,mid-52640,brasil,Internacional,,a_puerta,3.5,1.889,1.778,0.4849,0.449,,backtest,1.0,
2026-09-20,mid-52640,brasil,Internacional,,a_puerta,4.5,2.714,1.364,0.3345,0.2683,,backtest,1.0,
2026-09-20,mid-52642,brasil,Vitoria,,a_puerta,4.5,1.889,1.778,0.4849,0.5183,,backtest,8.0,
2026-09-20,mid-52642,brasil,Cruzeiro,,a_puerta,4.5,1.867,1.8,0.4909,0.5927,,backtest,5.0,
2026-09-20,mid-52643,brasil,Gremio,,a_puerta,3.5,1.846,1.818,0.4962,0.5392,,backtest,4.0,
2026-09-20,mid-52643,brasil,Palmeiras,,a_puerta,4.5,1.636,2.083,0.5601,0.6313,,backtest,10.0,
2026-09-20,mid-52646,bundesliga,Leverkusen,,a_puerta,5.5,1.85,1.818,0.4956,0.64,,backtest,6.0,
2026-09-20,mid-52646,bundesliga,RB Leipzig,,a_puerta,4.5,1.692,2.0,0.5417,0.4065,,backtest,3.0,
2026-09-20,mid-52650,bundesliga,Schalke 04,,a_puerta,5.5,2.1,1.625,0.4362,0.449,,backtest,1.0,
2026-09-20,mid-52650,bundesliga,Elversberg,,a_puerta,4.5,2.05,1.647,0.4455,0.4443,,backtest,1.0,
2026-09-20,mid-52651,ligue_1,Nice,,a_puerta,3.5,1.818,1.85,0.5044,0.6459,,backtest,4.0,
2026-09-20,mid-52651,ligue_1,Lille,,a_puerta,4.5,1.818,1.85,0.5044,0.4391,,backtest,8.0,
2026-09-21,mid-52652,liga_mx,Queretaro,,a_puerta,3.5,1.417,2.546,0.6424,0.6609,,backtest,4.0,
2026-09-21,mid-52652,liga_mx,Queretaro,,a_puerta,4.5,1.846,1.818,0.4962,0.4797,,backtest,4.0,
2026-09-21,mid-52652,liga_mx,Queretaro,,a_puerta,5.5,2.5,1.429,0.3637,0.3152,,backtest,4.0,
2026-09-21,mid-52652,liga_mx,Club Leon,,a_puerta,3.5,1.4,2.6,0.65,0.7681,,backtest,7.0,
2026-09-21,mid-52652,liga_mx,Club Leon,,a_puerta,4.5,1.833,1.833,0.5,0.6102,,backtest,7.0,
2026-09-21,mid-52652,liga_mx,Club Leon,,a_puerta,5.5,2.5,1.429,0.3637,0.4449,,backtest,7.0,
2026-09-21,mid-52653,col_primera_a,Llaneros FC,,a_puerta,3.5,2.0,1.667,0.4546,0.4219,,backtest,5.0,
2026-09-21,mid-52653,col_primera_a,Atlético Nacional,,a_puerta,4.5,1.692,1.96,0.5367,0.4732,,backtest,5.0,
2026-09-21,mid-52654,mls,Inter Miami,,a_puerta,5.5,1.417,2.546,0.6424,0.6547,,backtest,8.0,
2026-09-21,mid-52654,mls,Inter Miami,,a_puerta,6.5,1.76,1.909,0.5203,0.5092,,backtest,8.0,
2026-09-21,mid-52654,mls,Inter Miami,,a_puerta,7.5,2.222,1.538,0.409,0.3701,,backtest,8.0,
2026-09-21,mid-52654,mls,San Diego FC,,a_puerta,3.5,1.53,2.25,0.5952,0.5645,,backtest,3.0,
2026-09-21,mid-52654,mls,San Diego FC,,a_puerta,4.5,2.05,1.647,0.4455,0.3766,,backtest,3.0,
2026-09-21,mid-52654,mls,San Diego FC,,a_puerta,5.5,2.857,1.333,0.3181,0.2253,,backtest,3.0,
2026-09-21,mid-52655,liga_mx,Pachuca,,a_puerta,4.5,1.444,2.455,0.6296,0.5982,,backtest,11.0,
2026-09-21,mid-52655,liga_mx,Pachuca,,a_puerta,5.5,1.85,1.818,0.4956,0.4322,,backtest,11.0,
2026-09-21,mid-52655,liga_mx,Pachuca,,a_puerta,6.5,2.455,1.444,0.3704,0.2866,,backtest,11.0,
2026-09-21,mid-52655,liga_mx,Club Tijuana,,a_puerta,1.5,1.2,3.8,0.76,0.882,,backtest,5.0,
2026-09-21,mid-52655,liga_mx,Club Tijuana,,a_puerta,2.5,1.556,2.222,0.5881,0.7174,,backtest,5.0,
2026-09-21,mid-52655,liga_mx,Club Tijuana,,a_puerta,3.5,2.2,1.546,0.4127,0.5168,,backtest,5.0,
2026-09-21,mid-52656,liga_mx,Toluca,,a_puerta,6.5,1.48,2.364,0.615,0.595,,backtest,9.0,
2026-09-21,mid-52656,liga_mx,Toluca,,a_puerta,7.5,1.818,1.846,0.5038,0.4569,,backtest,9.0,
2026-09-21,mid-52656,liga_mx,Toluca,,a_puerta,8.5,2.3,1.5,0.3947,0.33,,backtest,9.0,
2026-09-21,mid-52656,liga_mx,Santos Laguna,,a_puerta,1.5,1.286,3.1,0.7068,0.7861,,backtest,6.0,
2026-09-21,mid-52656,liga_mx,Santos Laguna,,a_puerta,2.5,1.778,1.889,0.5151,0.5616,,backtest,6.0,
2026-09-21,mid-52656,liga_mx,Santos Laguna,,a_puerta,3.5,2.667,1.375,0.3402,0.3441,,backtest,6.0,
2026-09-22,mid-52657,bra_serie_b,Cuiabá,,a_puerta,3.5,1.4,2.6,0.65,0.6662,,backtest,7.0,
2026-09-22,mid-52657,bra_serie_b,Cuiabá,,a_puerta,4.5,1.8,1.833,0.5045,0.4857,,backtest,7.0,
2026-09-22,mid-52657,bra_serie_b,Cuiabá,,a_puerta,5.5,2.5,1.429,0.3637,0.3207,,backtest,7.0,
2026-09-22,mid-52657,bra_serie_b,Náutico,,a_puerta,2.5,1.308,3.0,0.6964,0.6967,,backtest,2.0,
2026-09-22,mid-52657,bra_serie_b,Náutico,,a_puerta,3.5,1.7,1.95,0.5342,0.4915,,backtest,2.0,
2026-09-22,mid-52657,bra_serie_b,Náutico,,a_puerta,4.5,2.375,1.471,0.3825,0.3063,,backtest,2.0,
2026-09-22,mid-52658,col_primera_a,Independiente Medellín,,a_puerta,6.5,2.0,1.667,0.4546,0.3909,,backtest,9.0,
2026-09-22,mid-52658,col_primera_a,Jaguares de Córdoba,,a_puerta,2.5,1.8,1.833,0.5045,0.5354,,backtest,1.0,
2026-09-22,mid-52659,bra_serie_b,Criciúma,,a_puerta,4.5,1.875,1.76,0.4842,0.5277,,backtest,4.0,
2026-09-22,mid-52659,bra_serie_b,Operário PR,,a_puerta,3.5,2.143,1.583,0.4249,0.4337,,backtest,2.0,
2026-09-24,mid-52677,mls,Seattle Sounders,,a_puerta,4.5,1.538,2.222,0.591,0.6635,,backtest,4.0,
2026-09-24,mid-52677,mls,Seattle Sounders,,a_puerta,5.5,2.0,1.692,0.4583,0.5034,,backtest,4.0,
2026-09-24,mid-52677,mls,Seattle Sounders,,a_puerta,6.5,2.714,1.364,0.3345,0.3526,,backtest,4.0,
2026-09-24,mid-52677,mls,Real Salt Lake,,a_puerta,3.5,1.538,2.222,0.591,0.5818,,backtest,2.0,
2026-09-24,mid-52677,mls,Real Salt Lake,,a_puerta,4.5,2.1,1.625,0.4362,0.3942,,backtest,2.0,
2026-09-24,mid-52677,mls,Real Salt Lake,,a_puerta,5.5,3.0,1.308,0.3036,0.2399,,backtest,2.0,
2026-09-25,mid-52687,bra_serie_b,Novorizontino,,a_puerta,5.5,1.636,2.05,0.5562,0.5187,,backtest,3.0,
2026-09-25,mid-52687,bra_serie_b,São Bernardo,,a_puerta,3.5,2.0,1.667,0.4546,0.4546,,backtest,1.0,
2026-09-25,mid-52697,col_primera_a,Atlético Nacional,,a_puerta,5.5,2.0,1.667,0.4546,0.3093,,backtest,3.0,
2026-09-25,mid-52697,col_primera_a,Millonarios,,a_puerta,3.5,1.75,1.889,0.5191,0.4209,,backtest,3.0,
2026-09-26,mid-52715,liga_mx,Club Tijuana,,a_puerta,3.5,1.4,2.6,0.65,0.6932,,backtest,5.0,
2026-09-26,mid-52715,liga_mx,Club Tijuana,,a_puerta,4.5,1.8,1.867,0.5091,0.517,,backtest,5.0,
2026-09-26,mid-52715,liga_mx,Club Tijuana,,a_puerta,5.5,2.455,1.444,0.3704,0.3504,,backtest,5.0,
2026-09-26,mid-52715,liga_mx,Atlas,,a_puerta,2.5,1.385,2.667,0.6582,0.731,,backtest,7.0,
2026-09-26,mid-52715,liga_mx,Atlas,,a_puerta,3.5,1.889,1.778,0.4849,0.534,,backtest,7.0,
2026-09-26,mid-52715,liga_mx,Atlas,,a_puerta,4.5,2.714,1.364,0.3345,0.3464,,backtest,7.0,
2026-09-26,mid-52716,liga_mx,Cruz Azul,,a_puerta,4.5,1.8,1.867,0.5091,0.5175,,backtest,7.0,
2026-09-26,mid-52716,liga_mx,Toluca,,a_puerta,4.5,1.818,1.846,0.5038,0.5103,,backtest,7.0,
2026-09-26,mid-52719,liga_mx,Atlante,,a_puerta,3.5,1.571,2.167,0.5797,0.6521,,backtest,7.0,
2026-09-26,mid-52719,liga_mx,Atlante,,a_puerta,4.5,2.143,1.6,0.4275,0.4698,,backtest,7.0,
2026-09-26,mid-52719,liga_mx,Atlante,,a_puerta,5.5,3.0,1.308,0.3036,0.3061,,backtest,7.0,
2026-09-26,mid-52719,liga_mx,Monterrey,,a_puerta,4.5,1.53,2.25,0.5952,0.6122,,backtest,7.0,
2026-09-26,mid-52719,liga_mx,Monterrey,,a_puerta,5.5,2.0,1.692,0.4583,0.447,,backtest,7.0,
2026-09-26,mid-52719,liga_mx,Monterrey,,a_puerta,6.5,2.667,1.375,0.3402,0.3,,backtest,7.0,
2026-09-26,mid-52731,col_primera_a,Once Caldas,,a_puerta,4.5,1.875,1.76,0.4842,0.459,,backtest,12.0,
2026-09-26,mid-52731,col_primera_a,Atlético Bucaramanga,,a_puerta,3.5,2.0,1.667,0.4546,0.5184,,backtest,5.0,
2026-09-26,mid-52734,bra_serie_b,Goiás,,a_puerta,3.5,1.583,2.143,0.5751,0.5888,,backtest,5.0,
2026-09-26,mid-52734,bra_serie_b,Atlético Goianiense,,a_puerta,3.5,1.636,2.05,0.5562,0.5612,,backtest,2.0,
2026-09-26,mid-52735,bra_serie_b,Operário PR,,a_puerta,4.5,1.786,1.85,0.5088,0.5117,,backtest,4.0,
2026-09-26,mid-52735,bra_serie_b,Ceará,,a_puerta,3.5,1.7,1.95,0.5342,0.5869,,backtest,5.0,
2026-09-26,mid-52736,bra_serie_b,Náutico,,a_puerta,4.5,1.615,2.083,0.5633,0.5674,,backtest,4.0,
2026-09-26,mid-52736,bra_serie_b,Sport,,a_puerta,4.5,1.875,1.76,0.4842,0.4366,,backtest,4.0,
2026-09-27,mid-52755,col_primera_a,Jaguares de Córdoba,,a_puerta,4.5,2.0,1.667,0.4546,0.342,,backtest,6.0,
2026-09-27,mid-52755,col_primera_a,Alianza FC,,a_puerta,3.5,1.833,1.8,0.4955,0.4647,,backtest,8.0,
2026-09-27,mid-52756,col_primera_a,Fortaleza CEIF,,a_puerta,3.5,1.85,1.786,0.4912,0.5404,,backtest,6.0,
2026-09-27,mid-52756,col_primera_a,Deportes Tolima,,a_puerta,4.5,2.05,1.636,0.4438,0.4759,,backtest,1.0,
2026-09-27,mid-52757,bra_serie_b,Criciúma,,a_puerta,5.5,2.0,1.667,0.4546,0.4088,,backtest,5.0,
2026-09-27,mid-52757,bra_serie_b,Avaí,,a_puerta,3.5,2.0,1.667,0.4546,0.4041,,backtest,0.0,
2026-09-27,mid-52758,bra_serie_b,CRB,,a_puerta,5.5,2.0,1.667,0.4546,0.3228,,backtest,10.0,
2026-09-27,mid-52758,bra_serie_b,Cuiabá,,a_puerta,3.5,1.667,2.0,0.5454,0.4663,,backtest,4.0,
2026-09-27,mid-52760,bra_serie_b,Fortaleza,,a_puerta,5.5,2.05,1.636,0.4438,0.4398,,backtest,7.0,
2026-09-27,mid-52760,bra_serie_b,Athletic,,a_puerta,3.5,2.05,1.636,0.4438,0.3557,,backtest,3.0,
2026-09-27,mid-52761,col_primera_a,Atlético Junior,,a_puerta,4.5,1.875,1.76,0.4842,0.4057,,backtest,9.0,
2026-09-27,mid-52761,col_primera_a,Independiente Medellín,,a_puerta,3.5,1.636,2.05,0.5562,0.4872,,backtest,4.0,
2026-09-27,mid-52762,mls,Philadelphia Union,,a_puerta,5.5,1.417,2.546,0.6424,0.6777,,backtest,9.0,
2026-09-27,mid-52762,mls,Philadelphia Union,,a_puerta,6.5,1.76,1.909,0.5203,0.535,,backtest,9.0,
2026-09-27,mid-52762,mls,Philadelphia Union,,a_puerta,7.5,2.222,1.538,0.409,0.3956,,backtest,9.0,
2026-09-27,mid-52762,mls,Orlando City,,a_puerta,2.5,1.273,3.2,0.7154,0.6595,,backtest,2.0,
2026-09-27,mid-52762,mls,Orlando City,,a_puerta,3.5,1.636,2.083,0.5601,0.4479,,backtest,2.0,
2026-09-27,mid-52762,mls,Orlando City,,a_puerta,4.5,2.222,1.538,0.409,0.2674,,backtest,2.0,
2026-09-27,mid-52775,liga_mx,UNAM Pumas,,a_puerta,4.5,2.05,1.647,0.4455,0.5678,,backtest,6.0,
2026-09-27,mid-52775,liga_mx,Atl. San Luis,,a_puerta,3.5,1.778,1.889,0.5151,0.5386,,backtest,7.0,
2026-09-27,mid-52776,liga_mx,Tigres UANL,,a_puerta,4.5,1.4,2.6,0.65,0.6473,,backtest,4.0,
2026-09-27,mid-52776,liga_mx,Tigres UANL,,a_puerta,5.5,1.778,1.889,0.5151,0.4853,,backtest,4.0,
2026-09-27,mid-52776,liga_mx,Tigres UANL,,a_puerta,6.5,2.3,1.5,0.3947,0.3353,,backtest,4.0,
2026-09-27,mid-52776,liga_mx,Puebla,,a_puerta,2.5,1.364,2.714,0.6655,0.7046,,backtest,1.0,
2026-09-27,mid-52776,liga_mx,Puebla,,a_puerta,3.5,1.833,1.833,0.5,0.5011,,backtest,1.0,
2026-09-27,mid-52776,liga_mx,Puebla,,a_puerta,4.5,2.6,1.4,0.35,0.3152,,backtest,1.0,
2026-09-27,mid-52777,liga_mx,Santos Laguna,,a_puerta,3.5,1.53,2.25,0.5952,0.725,,backtest,9.0,
2026-09-27,mid-52777,liga_mx,Santos Laguna,,a_puerta,4.5,2.083,1.636,0.4399,0.5555,,backtest,9.0,
2026-09-27,mid-52777,liga_mx,Santos Laguna,,a_puerta,5.5,2.857,1.333,0.3181,0.3883,,backtest,9.0,
2026-09-27,mid-52777,liga_mx,Pachuca,,a_puerta,3.5,1.35,2.8,0.6747,0.6389,,backtest,0.0,
2026-09-27,mid-52777,liga_mx,Pachuca,,a_puerta,4.5,1.714,1.96,0.5335,0.455,,backtest,0.0,
2026-09-27,mid-52777,liga_mx,Pachuca,,a_puerta,5.5,2.25,1.52,0.4032,0.2927,,backtest,0.0,
2026-09-27,mid-52778,mls,Charlotte,,a_puerta,3.5,1.308,3.0,0.6964,0.7624,,backtest,2.0,
2026-09-27,mid-52778,mls,Charlotte,,a_puerta,4.5,1.647,2.05,0.5545,0.6028,,backtest,2.0,
2026-09-27,mid-52778,mls,Charlotte,,a_puerta,5.5,2.2,1.546,0.4127,0.4371,,backtest,2.0,
2026-09-27,mid-52778,mls,Chicago Fire,,a_puerta,3.5,1.385,2.667,0.6582,0.7234,,backtest,8.0,
2026-09-27,mid-52778,mls,Chicago Fire,,a_puerta,4.5,1.8,1.867,0.5091,0.5535,,backtest,8.0,
2026-09-27,mid-52778,mls,Chicago Fire,,a_puerta,5.5,2.455,1.444,0.3704,0.3863,,backtest,8.0,
2026-09-27,mid-52779,mls,CF Montreal,,a_puerta,3.5,1.333,2.857,0.6819,0.7167,,backtest,5.0,
2026-09-27,mid-52779,mls,CF Montreal,,a_puerta,4.5,1.692,2.0,0.5417,0.5453,,backtest,5.0,
2026-09-27,mid-52779,mls,CF Montreal,,a_puerta,5.5,2.222,1.538,0.409,0.3781,,backtest,5.0,
2026-09-27,mid-52779,mls,FC Cincinnati,,a_puerta,3.5,1.308,3.0,0.6964,0.7198,,backtest,4.0,
2026-09-27,mid-52779,mls,FC Cincinnati,,a_puerta,4.5,1.636,2.083,0.5601,0.5491,,backtest,4.0,
2026-09-27,mid-52779,mls,FC Cincinnati,,a_puerta,5.5,2.143,1.583,0.4249,0.3819,,backtest,4.0,
2026-09-27,mid-52781,liga_mx,Guadalajara Chivas,,a_puerta,5.5,1.364,2.714,0.6655,0.567,,backtest,5.0,
2026-09-27,mid-52781,liga_mx,Guadalajara Chivas,,a_puerta,6.5,1.647,2.05,0.5545,0.4156,,backtest,5.0,
2026-09-27,mid-52781,liga_mx,Guadalajara Chivas,,a_puerta,7.5,2.083,1.615,0.4367,0.2829,,backtest,5.0,
2026-09-27,mid-52781,liga_mx,Queretaro,,a_puerta,1.5,1.231,3.5,0.7398,0.8563,,backtest,6.0,
2026-09-27,mid-52781,liga_mx,Queretaro,,a_puerta,2.5,1.636,2.083,0.5601,0.672,,backtest,6.0,
2026-09-27,mid-52781,liga_mx,Queretaro,,a_puerta,3.5,2.375,1.471,0.3825,0.4623,,backtest,6.0,
2026-09-27,mid-52783,mls,Seattle Sounders,,a_puerta,3.5,1.308,3.0,0.6964,0.7953,,backtest,8.0,
2026-09-27,mid-52783,mls,Seattle Sounders,,a_puerta,4.5,1.636,2.083,0.5601,0.6465,,backtest,8.0,
2026-09-27,mid-52783,mls,Seattle Sounders,,a_puerta,5.5,2.167,1.571,0.4203,0.4844,,backtest,8.0,
2026-09-27,mid-52783,mls,Minnesota United,,a_puerta,3.5,1.5,2.3,0.6053,0.6202,,backtest,2.0,
2026-09-27,mid-52783,mls,Minnesota United,,a_puerta,4.5,2.0,1.692,0.4583,0.4347,,backtest,2.0,
2026-09-27,mid-52783,mls,Minnesota United,,a_puerta,5.5,2.8,1.35,0.3253,0.2746,,backtest,2.0,
2026-09-27,mid-52784,mls,San Jose Earthquakes,,a_puerta,4.5,1.417,2.546,0.6424,0.7408,,backtest,8.0,
2026-09-27,mid-52784,mls,San Jose Earthquakes,,a_puerta,5.5,1.778,1.889,0.5151,0.5948,,backtest,8.0,
2026-09-27,mid-52784,mls,San Jose Earthquakes,,a_puerta,6.5,2.3,1.5,0.3947,0.4444,,backtest,8.0,
2026-09-27,mid-52784,mls,Portland Timbers,,a_puerta,3.5,1.429,2.5,0.6363,0.6529,,backtest,6.0,
2026-09-27,mid-52784,mls,Portland Timbers,,a_puerta,4.5,1.889,1.778,0.4849,0.4706,,backtest,6.0,
2026-09-27,mid-52784,mls,Portland Timbers,,a_puerta,5.5,2.6,1.4,0.35,0.3068,,backtest,6.0,
2026-09-27,mid-52785,mls,Austin FC,,a_puerta,3.5,1.429,2.5,0.6363,0.6605,,backtest,6.0,
2026-09-27,mid-52785,mls,Austin FC,,a_puerta,4.5,1.875,1.786,0.4878,0.4792,,backtest,6.0,
2026-09-27,mid-52785,mls,Austin FC,,a_puerta,5.5,2.546,1.417,0.3576,0.3147,,backtest,6.0,
2026-09-27,mid-52785,mls,San Diego FC,,a_puerta,3.5,1.455,2.429,0.6254,0.7088,,backtest,5.0,
2026-09-27,mid-52785,mls,San Diego FC,,a_puerta,4.5,1.923,1.75,0.4764,0.5357,,backtest,5.0,
2026-09-27,mid-52785,mls,San Diego FC,,a_puerta,5.5,2.667,1.375,0.3402,0.3686,,backtest,5.0,
2026-09-27,mid-52788,mls,Real Salt Lake,,a_puerta,3.5,1.32,2.9,0.6872,0.8282,,backtest,6.0,
2026-09-27,mid-52788,mls,Real Salt Lake,,a_puerta,4.5,1.68,2.0,0.5435,0.6924,,backtest,6.0,
2026-09-27,mid-52788,mls,Real Salt Lake,,a_puerta,5.5,2.222,1.538,0.409,0.5367,,backtest,6.0,
2026-09-27,mid-52788,mls,New England Revolution,,a_puerta,3.5,1.5,2.3,0.6053,0.6081,,backtest,4.0,
2026-09-27,mid-52788,mls,New England Revolution,,a_puerta,4.5,2.0,1.68,0.4565,0.4217,,backtest,4.0,
2026-09-27,mid-52788,mls,New England Revolution,,a_puerta,5.5,2.8,1.35,0.3253,0.2633,,backtest,4.0,
2026-09-27,mid-52789,mls,Houston Dynamo,,a_puerta,4.5,1.4,2.6,0.65,0.685,,backtest,4.0,
2026-09-27,mid-52789,mls,Houston Dynamo,,a_puerta,5.5,1.76,1.909,0.5203,0.5281,,backtest,4.0,
2026-09-27,mid-52789,mls,Houston Dynamo,,a_puerta,6.5,2.3,1.5,0.3947,0.3765,,backtest,4.0,
2026-09-27,mid-52789,mls,Sporting Kansas City,,a_puerta,2.5,1.52,2.25,0.5968,0.7367,,backtest,4.0,
2026-09-27,mid-52789,mls,Sporting Kansas City,,a_puerta,3.5,2.143,1.6,0.4275,0.5412,,backtest,4.0,
2026-09-27,mid-52789,mls,Sporting Kansas City,,a_puerta,4.5,3.2,1.273,0.2846,0.3535,,backtest,4.0,
2026-09-27,mid-52791,mls,Nashville SC,,a_puerta,4.5,1.35,2.8,0.6747,0.7434,,backtest,11.0,
2026-09-27,mid-52791,mls,Nashville SC,,a_puerta,5.5,1.68,2.0,0.5435,0.5981,,backtest,11.0,
2026-09-27,mid-52791,mls,Nashville SC,,a_puerta,6.5,2.167,1.571,0.4203,0.4478,,backtest,11.0,
2026-09-27,mid-52791,mls,Toronto FC,,a_puerta,1.5,1.2,3.75,0.7576,0.8202,,backtest,3.0,
2026-09-27,mid-52791,mls,Toronto FC,,a_puerta,2.5,1.583,2.167,0.5779,0.613,,backtest,3.0,
2026-09-27,mid-52791,mls,Toronto FC,,a_puerta,3.5,2.25,1.53,0.4048,0.3968,,backtest,3.0,
2026-09-27,mid-52793,mls,Vancouver Whitecaps,,a_puerta,5.5,1.375,2.667,0.6598,0.7112,,backtest,9.0,
2026-09-27,mid-52793,mls,Vancouver Whitecaps,,a_puerta,6.5,1.692,2.0,0.5417,0.5739,,backtest,9.0,
2026-09-27,mid-52793,mls,Vancouver Whitecaps,,a_puerta,7.5,2.143,1.583,0.4249,0.4349,,backtest,9.0,
2026-09-27,mid-52793,mls,DC United,,a_puerta,1.5,1.25,3.333,0.7273,0.7677,,backtest,8.0,
2026-09-27,mid-52793,mls,DC United,,a_puerta,2.5,1.733,1.941,0.5283,0.5354,,backtest,8.0,
2026-09-27,mid-52793,mls,DC United,,a_puerta,3.5,2.546,1.417,0.3576,0.3187,,backtest,8.0,
2026-09-28,mid-52810,liga_mx,Necaxa,,a_puerta,2.5,1.35,2.8,0.6747,0.7513,,backtest,6.0,
2026-09-28,mid-52810,liga_mx,Necaxa,,a_puerta,3.5,1.778,1.889,0.5151,0.5601,,backtest,6.0,
2026-09-28,mid-52810,liga_mx,Necaxa,,a_puerta,4.5,2.5,1.429,0.3637,0.3721,,backtest,6.0,
2026-09-28,mid-52810,liga_mx,Club America,,a_puerta,5.5,1.6,2.1,0.5676,0.5018,,backtest,9.0,
2026-09-28,mid-52810,liga_mx,Club America,,a_puerta,6.5,2.05,1.647,0.4455,0.351,,backtest,9.0,
2026-09-28,mid-52810,liga_mx,Club America,,a_puerta,7.5,2.714,1.364,0.3345,0.2272,,backtest,9.0,
2026-09-28,mid-52814,mls,Columbus Crew,,a_puerta,3.5,1.375,2.667,0.6598,0.7068,,backtest,6.0,
2026-09-28,mid-52814,mls,Columbus Crew,,a_puerta,4.5,1.778,1.889,0.5151,0.5333,,backtest,6.0,
2026-09-28,mid-52814,mls,Columbus Crew,,a_puerta,5.5,2.4,1.462,0.3786,0.3663,,backtest,6.0,
2026-09-28,mid-52814,mls,Inter Miami,,a_puerta,4.5,1.429,2.5,0.6363,0.5345,,backtest,3.0,
2026-09-28,mid-52814,mls,Inter Miami,,a_puerta,5.5,1.818,1.85,0.5044,0.3674,,backtest,3.0,
2026-09-28,mid-52814,mls,Inter Miami,,a_puerta,6.5,2.375,1.471,0.3825,0.2307,,backtest,3.0,
2026-09-28,mid-52816,liga_mx,Club Leon,,a_puerta,5.5,1.5,2.3,0.6053,0.6632,,backtest,3.0,
2026-09-28,mid-52816,liga_mx,Club Leon,,a_puerta,6.5,1.889,1.778,0.4849,0.5186,,backtest,3.0,
2026-09-28,mid-52816,liga_mx,Club Leon,,a_puerta,7.5,2.455,1.444,0.3704,0.3794,,backtest,3.0,
2026-09-28,mid-52816,liga_mx,Juarez,,a_puerta,1.5,1.2,3.75,0.7576,0.8441,,backtest,1.0,
2026-09-28,mid-52816,liga_mx,Juarez,,a_puerta,2.5,1.6,2.143,0.5725,0.6516,,backtest,1.0,
2026-09-28,mid-52816,liga_mx,Juarez,,a_puerta,3.5,2.25,1.52,0.4032,0.439,,backtest,1.0,
2026-09-28,mid-52817,bra_serie_b,América Mineiro,,a_puerta,3.5,1.778,1.857,0.5109,0.5073,,backtest,4.0,
2026-09-28,mid-52817,bra_serie_b,Juventude,,a_puerta,4.5,2.0,1.667,0.4546,0.4474,,backtest,3.0,
2026-09-29,mid-52819,col_primera_a,Deportivo Pereira,,a_puerta,3.5,2.0,1.667,0.4546,0.4255,,backtest,4.0,
2026-09-29,mid-52819,col_primera_a,Independiente Santa Fe,,a_puerta,4.5,1.778,1.857,0.5109,0.4483,,backtest,6.0,
2026-09-29,mid-52835,bra_serie_b,Botafogo-SP,,a_puerta,6.5,1.76,1.875,0.5158,0.4311,,backtest,4.0,
2026-09-29,mid-52835,bra_serie_b,Ponte Preta,,a_puerta,2.5,1.667,2.0,0.5454,0.4365,,backtest,1.0,
2026-09-30,mid-52843,col_primera_a,Independiente Medellín,,a_puerta,4.5,1.85,1.786,0.4912,0.4005,,backtest,3.0,
2026-09-30,mid-52843,col_primera_a,Millonarios,,a_puerta,4.5,2.1,1.6,0.4324,0.3536,,backtest,4.0,
2026-10-01,mid-52862,bra_serie_b,Athletic,,a_puerta,4.5,2.05,1.636,0.4438,0.4063,,backtest,8.0,
2026-10-01,mid-52862,bra_serie_b,Sport,,a_puerta,3.5,1.636,2.05,0.5562,0.6276,,backtest,5.0,
2026-10-01,mid-52865,col_primera_a,Atlético Nacional,,a_puerta,5.5,1.667,2.0,0.5454,0.4426,,backtest,6.0,
2026-10-01,mid-52865,col_primera_a,Atlético Junior,,a_puerta,3.5,2.143,1.583,0.4249,0.3334,,backtest,2.0,
2026-10-02,mid-52867,bra_serie_b,Novorizontino,,a_puerta,3.5,1.32,2.9,0.6872,0.763,,backtest,13.0,
2026-10-02,mid-52867,bra_serie_b,Novorizontino,,a_puerta,4.5,1.667,2.0,0.5454,0.6036,,backtest,13.0,
2026-10-02,mid-52867,bra_serie_b,Novorizontino,,a_puerta,5.5,2.222,1.538,0.409,0.4379,,backtest,13.0,
2026-10-02,mid-52867,bra_serie_b,Goiás,,a_puerta,1.5,1.273,3.2,0.7154,0.8301,,backtest,4.0,
2026-10-02,mid-52867,bra_serie_b,Goiás,,a_puerta,2.5,1.75,1.889,0.5191,0.6287,,backtest,4.0,
2026-10-02,mid-52867,bra_serie_b,Goiás,,a_puerta,3.5,2.6,1.4,0.35,0.4137,,backtest,4.0,
2026-10-02,mid-52869,bra_serie_b,São Bernardo,,a_puerta,4.5,1.667,2.0,0.5454,0.5038,,backtest,5.0,
2026-10-02,mid-52869,bra_serie_b,CRB,,a_puerta,4.5,1.692,1.96,0.5367,0.5552,,backtest,8.0,
2026-10-02,mid-52873,chi_primera,Universidad de Concepción,,a_puerta,4.5,1.636,2.05,0.5562,0.5228,,backtest,2.0,
2026-10-02,mid-52873,chi_primera,Huachipato,,a_puerta,3.5,1.692,1.96,0.5367,0.409,,backtest,5.0,
2026-10-02,mid-52889,mls,Seattle Sounders,,a_puerta,4.5,1.35,2.8,0.6747,0.7115,,backtest,7.0,
2026-10-02,mid-52889,mls,Seattle Sounders,,a_puerta,5.5,1.647,2.05,0.5545,0.5592,,backtest,7.0,
2026-10-02,mid-52889,mls,Seattle Sounders,,a_puerta,6.5,2.143,1.583,0.4249,0.4076,,backtest,7.0,
2026-10-02,mid-52889,mls,Sporting Kansas City,,a_puerta,2.5,1.267,3.2,0.7164,0.772,,backtest,11.0,
2026-10-02,mid-52889,mls,Sporting Kansas City,,a_puerta,3.5,1.625,2.1,0.5638,0.5877,,backtest,11.0,
2026-10-02,mid-52889,mls,Sporting Kansas City,,a_puerta,4.5,2.222,1.538,0.409,0.4003,,backtest,11.0,
2026-10-03,mid-52917,col_primera_a,Deportes Tolima,,a_puerta,5.5,1.667,2.0,0.5454,0.5535,,backtest,6.0,
2026-10-03,mid-52917,col_primera_a,Boyacá Chicó FC,,a_puerta,2.5,2.1,1.6,0.4324,0.4855,,backtest,1.0,
2026-10-03,mid-52920,bra_serie_b,Avaí,,a_puerta,4.5,2.05,1.636,0.4438,0.4247,,backtest,5.0,
2026-10-03,mid-52920,bra_serie_b,Ceará,,a_puerta,3.5,1.615,2.083,0.5633,0.5747,,backtest,5.0,
2026-10-03,mid-52928,bra_serie_b,Fortaleza,,a_puerta,4.5,1.455,2.429,0.6254,0.6785,,backtest,4.0,
2026-10-03,mid-52928,bra_serie_b,Fortaleza,,a_puerta,5.5,1.85,1.786,0.4912,0.5206,,backtest,4.0,
2026-10-03,mid-52928,bra_serie_b,Fortaleza,,a_puerta,6.5,2.5,1.429,0.3637,0.3692,,backtest,4.0,
2026-10-03,mid-52928,bra_serie_b,Náutico,,a_puerta,2.5,1.417,2.546,0.6424,0.6372,,backtest,3.0,
2026-10-03,mid-52928,bra_serie_b,Náutico,,a_puerta,3.5,1.923,1.727,0.4732,0.423,,backtest,3.0,
2026-10-03,mid-52928,bra_serie_b,Náutico,,a_puerta,4.5,2.8,1.35,0.3253,0.246,,backtest,3.0,
2026-10-03,mid-52934,brasil,Sao Paulo,,a_puerta,3.5,1.4,2.6,0.65,0.697,,backtest,8.0,
2026-10-03,mid-52934,brasil,Sao Paulo,,a_puerta,4.5,1.833,1.833,0.5,0.5215,,backtest,8.0,
2026-10-03,mid-52934,brasil,Sao Paulo,,a_puerta,5.5,2.5,1.429,0.3637,0.3548,,backtest,8.0,
2026-10-03,mid-52934,brasil,Santos,,a_puerta,2.5,1.429,2.5,0.6363,0.7297,,backtest,4.0,
2026-10-03,mid-52934,brasil,Santos,,a_puerta,3.5,1.96,1.714,0.4665,0.5323,,backtest,4.0,
2026-10-03,mid-52934,brasil,Santos,,a_puerta,4.5,2.857,1.333,0.3181,0.3448,,backtest,4.0,
2026-10-03,mid-52936,bra_serie_b,Botafogo-SP,,a_puerta,4.5,2.143,1.583,0.4249,0.4138,,backtest,3.0,
2026-10-03,mid-52936,bra_serie_b,Vila Nova,,a_puerta,3.5,1.833,1.8,0.4955,0.4356,,backtest,3.0,
2026-10-03,mid-52937,bra_serie_b,Cuiabá,,a_puerta,8.5,1.933,1.714,0.47,0.2026,,backtest,7.0,
2026-10-03,mid-52937,bra_serie_b,Ponte Preta,,a_puerta,2.5,1.714,1.933,0.53,0.3441,,backtest,0.0,
2026-10-03,mid-52938,bra_serie_b,Atlético Goianiense,,a_puerta,6.5,2.0,1.667,0.4546,0.4396,,backtest,7.0,
2026-10-03,mid-52938,bra_serie_b,América Mineiro,,a_puerta,2.5,1.583,2.143,0.5751,0.595,,backtest,3.0,
2026-10-04,mid-52966,col_primera_a,Cúcuta Deportivo,,a_puerta,5.5,1.96,1.692,0.4633,0.3969,,backtest,6.0,
2026-10-04,mid-52966,col_primera_a,Deportivo Pereira,,a_puerta,3.5,2.1,1.6,0.4324,0.4337,,backtest,0.0,
2026-10-04,mid-52967,col_primera_a,Deportivo Pasto,,a_puerta,4.5,2.0,1.667,0.4546,0.3918,,backtest,0.0,
2026-10-04,mid-52967,col_primera_a,Fortaleza CEIF,,a_puerta,3.5,2.167,1.571,0.4203,0.4123,,backtest,6.0,
2026-10-04,mid-52969,col_primera_a,Atlético Bucaramanga,,a_puerta,4.5,1.778,1.857,0.5109,0.4668,,backtest,4.0,
2026-10-04,mid-52969,col_primera_a,Atlético Junior,,a_puerta,3.5,2.083,1.615,0.4367,0.5743,,backtest,8.0,
2026-10-05,mid-52982,col_primera_a,Llaneros FC,,a_puerta,3.5,1.818,1.818,0.5,0.4858,,backtest,5.0,
2026-10-05,mid-52982,col_primera_a,América de Cali,,a_puerta,4.5,2.083,1.615,0.4367,0.3846,,backtest,6.0,
2026-10-06,mid-52996,bra_serie_b,Sport,,a_puerta,4.5,1.75,1.889,0.5191,0.6637,,backtest,5.0,
2026-10-06,mid-52996,bra_serie_b,São Bernardo,,a_puerta,4.5,2.143,1.583,0.4249,0.3129,,backtest,4.0,
2026-10-06,mid-52997,col_primera_a,Independiente Medellín,,a_puerta,4.5,1.615,2.083,0.5633,0.4874,,backtest,6.0,
2026-10-06,mid-52997,col_primera_a,Independiente Santa Fe,,a_puerta,3.5,1.933,1.714,0.47,0.4277,,backtest,6.0,
2026-10-07,mid-53011,brasil,Internacional,,a_puerta,4.5,1.867,1.8,0.4909,0.5238,,backtest,7.0,
2026-10-07,mid-53011,brasil,Corinthians,,a_puerta,2.5,1.583,2.167,0.5779,0.6777,,backtest,7.0,
2026-10-07,mid-53012,brasil,Botafogo RJ,,a_puerta,4.5,1.889,1.778,0.4849,0.5067,,backtest,2.0,
2026-10-07,mid-53012,brasil,Vasco,,a_puerta,4.5,1.68,2.0,0.5435,0.6114,,backtest,8.0,
2026-10-07,mid-53013,brasil,Vitoria,,a_puerta,5.5,2.1,1.625,0.4362,0.5339,,backtest,8.0,
2026-10-07,mid-53013,brasil,Chapecoense-SC,,a_puerta,3.5,1.96,1.714,0.4665,0.5121,,backtest,4.0,
2026-10-07,mid-53014,mls,Chicago Fire,,a_puerta,3.5,1.4,2.6,0.65,0.7037,,backtest,7.0,
2026-10-07,mid-53014,mls,Chicago Fire,,a_puerta,4.5,1.818,1.846,0.5038,0.5296,,backtest,7.0,
2026-10-07,mid-53014,mls,Chicago Fire,,a_puerta,5.5,2.5,1.429,0.3637,0.3627,,backtest,7.0,
2026-10-07,mid-53014,mls,Vancouver Whitecaps,,a_puerta,4.5,1.546,2.2,0.5873,0.6187,,backtest,2.0,
2026-10-07,mid-53014,mls,Vancouver Whitecaps,,a_puerta,5.5,2.05,1.647,0.4455,0.4541,,backtest,2.0,
2026-10-07,mid-53014,mls,Vancouver Whitecaps,,a_puerta,6.5,2.8,1.35,0.3253,0.3064,,backtest,2.0,
2026-10-07,mid-53015,brasil,Remo,,a_puerta,4.5,1.85,1.818,0.4956,0.5894,,backtest,9.0,
2026-10-07,mid-53015,brasil,Gremio,,a_puerta,3.5,1.818,1.846,0.5038,0.5308,,backtest,5.0,
2026-10-07,mid-53018,bra_serie_b,Ponte Preta,,a_puerta,2.5,1.5,2.3,0.6053,0.4672,,backtest,2.0,
2026-10-07,mid-53018,bra_serie_b,Ponte Preta,,a_puerta,3.5,2.1,1.6,0.4324,0.257,,backtest,2.0,
2026-10-07,mid-53018,bra_serie_b,Ponte Preta,,a_puerta,4.5,3.2,1.273,0.2846,0.1215,,backtest,2.0,
2026-10-07,mid-53018,bra_serie_b,Juventude,,a_puerta,3.5,1.32,2.9,0.6872,0.881,,backtest,6.0,
2026-10-07,mid-53018,bra_serie_b,Juventude,,a_puerta,4.5,1.667,2.0,0.5454,0.7718,,backtest,6.0,
2026-10-07,mid-53018,bra_serie_b,Juventude,,a_puerta,5.5,2.222,1.538,0.409,0.6339,,backtest,6.0,
2026-10-07,mid-53020,bra_serie_b,Operário PR,,a_puerta,4.5,1.833,1.8,0.4955,0.451,,backtest,3.0,
2026-10-07,mid-53020,bra_serie_b,Botafogo-SP,,a_puerta,3.5,1.76,1.875,0.5158,0.5282,,backtest,6.0,
2026-10-07,mid-53021,bra_serie_b,Avaí,,a_puerta,4.5,1.96,1.692,0.4633,0.4632,,backtest,4.0,
2026-10-07,mid-53021,bra_serie_b,Londrina,,a_puerta,3.5,1.818,1.818,0.5,0.5106,,backtest,4.0,
2026-10-08,mid-53026,bra_serie_b,Ceará,,a_puerta,4.5,1.909,1.733,0.4758,0.469,,backtest,3.0,
2026-10-08,mid-53026,bra_serie_b,Criciúma,,a_puerta,3.5,1.786,1.85,0.5088,0.6157,,backtest,1.0,
2026-10-08,mid-53027,bra_serie_b,Náutico,,a_puerta,4.5,2.0,1.667,0.4546,0.4223,,backtest,1.0,
2026-10-08,mid-53027,bra_serie_b,Novorizontino,,a_puerta,4.5,2.05,1.636,0.4438,0.478,,backtest,5.0,
2026-10-08,mid-53028,brasil,Cruzeiro,,a_puerta,4.5,1.462,2.4,0.6214,0.6105,,backtest,9.0,
2026-10-08,mid-53028,brasil,Cruzeiro,,a_puerta,5.5,1.875,1.786,0.4878,0.4452,,backtest,9.0,
2026-10-08,mid-53028,brasil,Cruzeiro,,a_puerta,6.5,2.5,1.429,0.3637,0.2983,,backtest,9.0,
2026-10-08,mid-53028,brasil,Sao Paulo,,a_puerta,2.5,1.32,2.9,0.6872,0.752,,backtest,3.0,
2026-10-08,mid-53028,brasil,Sao Paulo,,a_puerta,3.5,1.75,1.923,0.5236,0.561,,backtest,3.0,
2026-10-08,mid-53028,brasil,Sao Paulo,,a_puerta,4.5,2.455,1.444,0.3704,0.3731,,backtest,3.0,
2026-10-08,mid-53029,brasil,Santos,,a_puerta,3.5,1.692,2.0,0.5417,0.6193,,backtest,4.0,
2026-10-08,mid-53029,brasil,Flamengo RJ,,a_puerta,4.5,1.625,2.1,0.5638,0.6086,,backtest,6.0,
2026-10-08,mid-53030,brasil,Athletico-PR,,a_puerta,4.5,1.778,1.889,0.5151,0.5984,,backtest,10.0,
2026-10-08,mid-53030,brasil,Atletico-MG,,a_puerta,3.5,1.818,1.85,0.5044,0.5534,,backtest,9.0,
2026-10-08,mid-53033,per_liga1,Deportivo Moquegua,,a_puerta,3.5,1.7,1.95,0.5342,0.588,,backtest,5.0,
2026-10-08,mid-53033,per_liga1,Cienciano del Cusco,,a_puerta,4.5,1.833,1.8,0.4955,0.5627,,backtest,12.0,
2026-10-09,Galatasaray vs Kasimpasa,turquia,Galatasaray,local,tiros,18.5,1.889,1.75,0.4809,0.561,,vivo,,2026-10-09T03:42:17Z
2026-10-09,Moreirense vs Gil Vicente,primeira,Moreirense,local,tiros,11.5,2.25,1.52,0.4032,0.417,,vivo,,2026-10-09T05:20:11Z
2026-10-09,Galatasaray vs Kasimpasa,turquia,Galatasaray,local,tiros,19.5,1.909,1.733,0.4758,0.4969,,vivo,,2026-10-09T07:07:15Z
2026-10-09,Galatasaray vs Kasimpasa,turquia,Kasimpasa,visitante,tiros,9.5,1.818,1.818,0.5,0.3475,,vivo,,2026-10-09T07:07:15Z
2026-10-09,PSV Eindhoven vs Heerenveen,eredivisie,Heerenveen,visitante,tiros,10.5,1.692,1.96,0.5367,0.4926,,vivo,,2026-10-09T10:04:48Z
2026-10-09,Moreirense vs Gil Vicente,primeira,Gil Vicente,visitante,a_puerta,2.5,1.25,3.333,0.7273,0.8065,,vivo,,2026-10-09T14:46:38Z
2026-10-10,Bolton vs Stoke,eng_championship,Bolton,local,tiros,14.5,1.889,1.778,0.4849,0.3505,,vivo,,2026-10-09T14:46:38Z
2026-10-10,Bolton vs Stoke,eng_championship,Stoke,visitante,tiros,10.5,1.909,1.76,0.4797,0.6571,más,vivo,,2026-10-09T14:46:38Z
2026-10-10,Casa Pia vs Santa Clara,primeira,Casa Pia,local,a_puerta,2.5,1.583,2.143,0.5751,0.5695,,vivo,,2026-10-09T14:46:38Z
2026-10-09,Heidenheim vs Kaiserslautern,ger_bundesliga2,Heidenheim,local,tiros,15.5,1.636,2.05,0.5562,0.5097,,vivo,,2026-10-09T16:21:55Z
2026-10-09,Heidenheim vs Kaiserslautern,ger_bundesliga2,Heidenheim,local,tiros,16.5,1.857,1.778,0.4891,0.4362,,vivo,,2026-10-09T16:21:55Z
2026-10-09,Heidenheim vs Kaiserslautern,ger_bundesliga2,Heidenheim,local,tiros,17.5,2.143,1.583,0.4249,0.3668,,vivo,,2026-10-09T16:21:55Z
2026-10-09,Heidenheim vs Kaiserslautern,ger_bundesliga2,Heidenheim,local,a_puerta,4.5,1.48,2.364,0.615,0.6055,,vivo,,2026-10-09T16:21:55Z
2026-10-09,Heidenheim vs Kaiserslautern,ger_bundesliga2,Heidenheim,local,a_puerta,5.5,1.909,1.733,0.4758,0.4412,,vivo,,2026-10-09T16:21:55Z
2026-10-09,Heidenheim vs Kaiserslautern,ger_bundesliga2,Heidenheim,local,a_puerta,6.5,2.546,1.417,0.3576,0.2958,,vivo,,2026-10-09T16:21:55Z
2026-10-09,Heidenheim vs Kaiserslautern,ger_bundesliga2,Kaiserslautern,visitante,tiros,10.5,1.667,2.0,0.5454,0.7238,más,vivo,,2026-10-09T16:21:55Z
2026-10-09,Heidenheim vs Kaiserslautern,ger_bundesliga2,Kaiserslautern,visitante,tiros,11.5,1.933,1.714,0.47,0.6423,más,vivo,,2026-10-09T16:21:55Z
2026-10-09,Heidenheim vs Kaiserslautern,ger_bundesliga2,Kaiserslautern,visitante,tiros,12.5,2.3,1.5,0.3947,0.5573,más,vivo,,2026-10-09T16:21:55Z
2026-10-09,Heidenheim vs Kaiserslautern,ger_bundesliga2,Kaiserslautern,visitante,a_puerta,2.5,1.308,3.0,0.6964,0.8279,,vivo,,2026-10-09T16:21:55Z
2026-10-09,Heidenheim vs Kaiserslautern,ger_bundesliga2,Kaiserslautern,visitante,a_puerta,3.5,1.7,1.95,0.5342,0.6683,,vivo,,2026-10-09T16:21:55Z
2026-10-09,Heidenheim vs Kaiserslautern,ger_bundesliga2,Kaiserslautern,visitante,a_puerta,4.5,2.375,1.471,0.3825,0.4893,,vivo,,2026-10-09T16:21:55Z
2026-10-09,Braunschweig vs Holstein Kiel,ger_bundesliga2,Braunschweig,local,tiros,13.5,1.546,2.2,0.5873,0.5704,,vivo,,2026-10-09T16:21:55Z
2026-10-09,Braunschweig vs Holstein Kiel,ger_bundesliga2,Braunschweig,local,tiros,14.5,1.75,1.889,0.5191,0.4905,,vivo,,2026-10-09T16:21:55Z
2026-10-09,Braunschweig vs Holstein Kiel,ger_bundesliga2,Braunschweig,local,tiros,15.5,2.0,1.667,0.4546,0.4135,,vivo,,2026-10-09T16:21:55Z
2026-10-09,Braunschweig vs Holstein Kiel,ger_bundesliga2,Braunschweig,local,a_puerta,3.5,1.333,2.857,0.6819,0.7235,,vivo,,2026-10-09T16:21:55Z
2026-10-09,Braunschweig vs Holstein Kiel,ger_bundesliga2,Braunschweig,local,a_puerta,4.5,1.692,1.96,0.5367,0.5549,,vivo,,2026-10-09T16:21:55Z
2026-10-09,Braunschweig vs Holstein Kiel,ger_bundesliga2,Braunschweig,local,a_puerta,5.5,2.25,1.53,0.4048,0.3888,,vivo,,2026-10-09T16:21:55Z
2026-10-09,Braunschweig vs Holstein Kiel,ger_bundesliga2,Holstein Kiel,visitante,tiros,11.5,1.546,2.2,0.5873,0.7838,más,vivo,,2026-10-09T16:21:55Z
2026-10-09,Braunschweig vs Holstein Kiel,ger_bundesliga2,Holstein Kiel,visitante,tiros,12.5,1.786,1.85,0.5088,0.7164,más,vivo,,2026-10-09T16:21:55Z
2026-10-09,Braunschweig vs Holstein Kiel,ger_bundesliga2,Holstein Kiel,visitante,tiros,13.5,2.083,1.615,0.4367,0.6432,más,vivo,,2026-10-09T16:21:55Z
2026-10-09,Braunschweig vs Holstein Kiel,ger_bundesliga2,Holstein Kiel,visitante,a_puerta,3.5,1.455,2.429,0.6254,0.7949,,vivo,,2026-10-09T16:21:55Z
2026-10-09,Braunschweig vs Holstein Kiel,ger_bundesliga2,Holstein Kiel,visitante,a_puerta,4.5,1.909,1.733,0.4758,0.6472,,vivo,,2026-10-09T16:21:55Z
2026-10-09,Braunschweig vs Holstein Kiel,ger_bundesliga2,Holstein Kiel,visitante,a_puerta,5.5,2.667,1.375,0.3402,0.4865,,vivo,,2026-10-09T16:21:55Z
2026-10-09,Galatasaray vs Kasimpasa,turquia,Galatasaray,local,tiros,22.5,1.909,1.733,0.4758,0.364,,vivo,,2026-10-09T16:21:55Z
2026-10-09,Galatasaray vs Kasimpasa,turquia,Galatasaray,local,a_puerta,6.5,1.667,2.0,0.5454,0.6205,,vivo,,2026-10-09T16:21:55Z
2026-10-09,Galatasaray vs Kasimpasa,turquia,Kasimpasa,visitante,tiros,8.5,1.833,1.8,0.4955,0.5067,,vivo,,2026-10-09T16:21:55Z
2026-10-09,Galatasaray vs Kasimpasa,turquia,Kasimpasa,visitante,a_puerta,2.5,2.1,1.6,0.4324,0.5059,,vivo,,2026-10-09T16:21:55Z
2026-10-09,Nordsjaelland vs Odense,dinamarca,Nordsjaelland,local,tiros,16.5,1.6,2.1,0.5676,0.6001,,vivo,,2026-10-09T16:21:55Z
2026-10-09,Nordsjaelland vs Odense,dinamarca,Nordsjaelland,local,tiros,17.5,1.8,1.833,0.5045,0.5318,,vivo,,2026-10-09T16:21:55Z
2026-10-09,Nordsjaelland vs Odense,dinamarca,Nordsjaelland,local,tiros,18.5,2.05,1.636,0.4438,0.4644,,vivo,,2026-10-09T16:21:55Z
2026-10-09,Nordsjaelland vs Odense,dinamarca,Nordsjaelland,local,a_puerta,5.5,1.53,2.25,0.5952,0.6308,,vivo,,2026-10-09T16:21:55Z
2026-10-09,Nordsjaelland vs Odense,dinamarca,Nordsjaelland,local,a_puerta,6.5,1.933,1.714,0.47,0.4842,,vivo,,2026-10-09T16:21:55Z
2026-10-09,Nordsjaelland vs Odense,dinamarca,Nordsjaelland,local,a_puerta,7.5,2.546,1.417,0.3576,0.3474,,vivo,,2026-10-09T16:21:55Z
2026-10-09,Nordsjaelland vs Odense,dinamarca,Odense,visitante,tiros,10.5,1.636,2.05,0.5562,0.6605,más,vivo,,2026-10-09T16:21:55Z
2026-10-09,Nordsjaelland vs Odense,dinamarca,Odense,visitante,tiros,11.5,1.933,1.714,0.47,0.5717,más,vivo,,2026-10-09T16:21:55Z
2026-10-09,Nordsjaelland vs Odense,dinamarca,Odense,visitante,tiros,12.5,2.3,1.5,0.3947,0.4827,,vivo,,2026-10-09T16:21:55Z
2026-10-09,Nordsjaelland vs Odense,dinamarca,Odense,visitante,a_puerta,2.5,1.35,2.8,0.6747,0.7722,,vivo,,2026-10-09T16:21:55Z
2026-10-09,Nordsjaelland vs Odense,dinamarca,Odense,visitante,a_puerta,3.5,1.8,1.833,0.5045,0.5891,,vivo,,2026-10-09T16:21:55Z
2026-10-09,Nordsjaelland vs Odense,dinamarca,Odense,visitante,a_puerta,4.5,2.546,1.417,0.3576,0.4029,,vivo,,2026-10-09T16:21:55Z
2026-10-09,Brann vs Viking,noruega,Brann,local,tiros,12.5,1.571,2.167,0.5797,0.5759,,vivo,,2026-10-09T16:21:55Z
2026-10-09,Brann vs Viking,noruega,Brann,local,tiros,13.5,1.786,1.85,0.5088,0.4919,,vivo,,2026-10-09T16:21:55Z
2026-10-09,Brann vs Viking,noruega,Brann,local,tiros,14.5,2.083,1.615,0.4367,0.411,,vivo,,2026-10-09T16:21:55Z
2026-10-09,Brann vs Viking,noruega,Brann,local,a_puerta,3.5,1.4,2.6,0.65,0.6218,,vivo,,2026-10-09T16:21:55Z
2026-10-09,Brann vs Viking,noruega,Brann,local,a_puerta,4.5,1.8,1.833,0.5045,0.4375,,vivo,,2026-10-09T16:21:55Z
2026-10-09,Brann vs Viking,noruega,Brann,local,a_puerta,5.5,2.455,1.444,0.3704,0.2781,,vivo,,2026-10-09T16:21:55Z
2026-10-09,Brann vs Viking,noruega,Viking,visitante,tiros,13.5,1.6,2.1,0.5676,0.6786,más,vivo,,2026-10-09T16:21:55Z
2026-10-09,Brann vs Viking,noruega,Viking,visitante,tiros,14.5,1.818,1.818,0.5,0.6054,más,vivo,,2026-10-09T16:21:55Z
2026-10-09,Brann vs Viking,noruega,Viking,visitante,tiros,15.5,2.1,1.6,0.4324,0.5308,,vivo,,2026-10-09T16:21:55Z
2026-10-09,Brann vs Viking,noruega,Viking,visitante,a_puerta,4.5,1.6,2.1,0.5676,0.7163,,vivo,,2026-10-09T16:21:55Z
2026-10-09,Brann vs Viking,noruega,Viking,visitante,a_puerta,5.5,2.083,1.615,0.4367,0.5663,,vivo,,2026-10-09T16:21:55Z
2026-10-09,Brann vs Viking,noruega,Viking,visitante,a_puerta,6.5,2.857,1.333,0.3181,0.4161,,vivo,,2026-10-09T16:21:55Z
2026-10-09,Moreirense vs Gil Vicente,primeira,Moreirense,local,tiros,8.5,1.53,2.25,0.5952,0.7142,más,vivo,,2026-10-09T16:21:55Z
2026-10-09,Moreirense vs Gil Vicente,primeira,Moreirense,local,tiros,9.5,1.786,1.85,0.5088,0.619,más,vivo,,2026-10-09T16:21:55Z
2026-10-09,Moreirense vs Gil Vicente,primeira,Moreirense,local,tiros,10.5,2.143,1.583,0.4249,0.5206,,vivo,,2026-10-09T16:21:55Z
2026-10-09,Moreirense vs Gil Vicente,primeira,Moreirense,local,a_puerta,2.5,1.5,2.3,0.6053,0.6481,,vivo,,2026-10-09T16:21:55Z
2026-10-09,Moreirense vs Gil Vicente,primeira,Moreirense,local,a_puerta,3.5,2.1,1.6,0.4324,0.4362,,vivo,,2026-10-09T16:21:55Z
2026-10-09,Moreirense vs Gil Vicente,primeira,Moreirense,local,a_puerta,4.5,3.1,1.286,0.2932,0.2581,,vivo,,2026-10-09T16:21:55Z
2026-10-09,Moreirense vs Gil Vicente,primeira,Gil Vicente,visitante,tiros,11.5,1.48,2.364,0.615,0.5742,,vivo,,2026-10-09T16:21:55Z
2026-10-09,Moreirense vs Gil Vicente,primeira,Gil Vicente,visitante,tiros,12.5,1.7,1.95,0.5342,0.4853,,vivo,,2026-10-09T16:21:55Z
2026-10-09,Moreirense vs Gil Vicente,primeira,Gil Vicente,visitante,tiros,13.5,1.96,1.692,0.4633,0.4002,,vivo,,2026-10-09T16:21:55Z
2026-10-09,Moreirense vs Gil Vicente,primeira,Gil Vicente,visitante,a_puerta,3.5,1.583,2.143,0.5751,0.6617,,vivo,,2026-10-09T16:21:55Z
2026-10-09,Moreirense vs Gil Vicente,primeira,Gil Vicente,visitante,a_puerta,4.5,2.143,1.583,0.4249,0.4817,,vivo,,2026-10-09T16:21:55Z
2026-10-09,Moreirense vs Gil Vicente,primeira,Gil Vicente,visitante,a_puerta,5.5,3.1,1.286,0.2932,0.3182,,vivo,,2026-10-09T16:21:55Z
2026-10-09,Sochaux vs Boulogne,fra_ligue2,Sochaux,local,tiros,12.5,1.7,1.95,0.5342,0.431,,vivo,,2026-10-09T16:21:55Z
2026-10-09,Sochaux vs Boulogne,fra_ligue2,Sochaux,local,a_puerta,4.5,2.0,1.667,0.4546,0.2952,,vivo,,2026-10-09T16:21:55Z
2026-10-09,Sochaux vs Boulogne,fra_ligue2,Boulogne,visitante,tiros,9.5,1.818,1.818,0.5,0.7467,más,vivo,,2026-10-09T16:21:55Z
2026-10-09,Sochaux vs Boulogne,fra_ligue2,Boulogne,visitante,a_puerta,3.5,2.143,1.583,0.4249,0.5305,,vivo,,2026-10-09T16:21:55Z
2026-10-09,PSV Eindhoven vs Heerenveen,eredivisie,PSV Eindhoven,local,tiros,20.5,1.786,1.85,0.5088,0.5957,,vivo,,2026-10-09T16:21:55Z
2026-10-09,PSV Eindhoven vs Heerenveen,eredivisie,PSV Eindhoven,local,a_puerta,8.5,2.0,1.667,0.4546,0.3901,,vivo,,2026-10-09T16:21:55Z
2026-10-09,PSV Eindhoven vs Heerenveen,eredivisie,Heerenveen,visitante,tiros,11.5,1.96,1.692,0.4633,0.4059,,vivo,,2026-10-09T16:21:55Z
2026-10-09,PSV Eindhoven vs Heerenveen,eredivisie,Heerenveen,visitante,a_puerta,3.5,1.933,1.714,0.47,0.5287,,vivo,,2026-10-09T16:21:55Z
2026-10-09,Montpellier vs Grenoble,fra_ligue2,Montpellier,local,tiros,14.5,1.733,1.909,0.5242,0.6074,,vivo,,2026-10-09T16:21:55Z
2026-10-09,Montpellier vs Grenoble,fra_ligue2,Montpellier,local,a_puerta,4.5,1.615,2.083,0.5633,0.6547,,vivo,,2026-10-09T16:21:55Z
2026-10-09,Montpellier vs Grenoble,fra_ligue2,Grenoble,visitante,tiros,9.5,1.933,1.714,0.47,0.515,,vivo,,2026-10-09T16:21:55Z
2026-10-09,Montpellier vs Grenoble,fra_ligue2,Grenoble,visitante,a_puerta,2.5,1.636,2.05,0.5562,0.6201,,vivo,,2026-10-09T16:21:55Z
2026-10-09,Pau FC vs Laval,fra_ligue2,Pau FC,local,tiros,14.5,1.909,1.733,0.4758,0.5693,,vivo,,2026-10-09T16:21:55Z
2026-10-09,Pau FC vs Laval,fra_ligue2,Pau FC,local,a_puerta,4.5,1.75,1.889,0.5191,0.5649,,vivo,,2026-10-09T16:21:55Z
2026-10-09,Pau FC vs Laval,fra_ligue2,Laval,visitante,tiros,10.5,1.96,1.692,0.4633,0.5923,más,vivo,,2026-10-09T16:21:55Z
2026-10-09,Pau FC vs Laval,fra_ligue2,Laval,visitante,a_puerta,3.5,1.933,1.714,0.47,0.5166,,vivo,,2026-10-09T16:21:55Z
2026-10-09,Dunkerque vs Annecy,fra_ligue2,Dunkerque,local,tiros,12.5,1.727,1.923,0.5268,0.6622,más,vivo,,2026-10-09T16:21:55Z
2026-10-09,Dunkerque vs Annecy,fra_ligue2,Dunkerque,local,a_puerta,4.5,1.875,1.76,0.4842,0.5367,,vivo,,2026-10-09T16:21:55Z
2026-10-09,Dunkerque vs Annecy,fra_ligue2,Annecy,visitante,tiros,11.5,1.889,1.75,0.4809,0.4904,,vivo,,2026-10-09T16:21:55Z
2026-10-09,Dunkerque vs Annecy,fra_ligue2,Annecy,visitante,a_puerta,3.5,1.692,1.96,0.5367,0.5767,,vivo,,2026-10-09T16:21:55Z
2026-10-10,RAAL La Louviere vs Club Brugge,bel_pro_league,Club Brugge,visitante,tiros,16.5,1.889,1.75,0.4809,0.5022,,vivo,,2026-10-09T16:21:55Z
2026-10-09,Avellino vs Sampdoria,ita_serie_b,Avellino,local,tiros,11.5,1.667,2.0,0.5454,0.5632,,vivo,,2026-10-09T18:01:45Z
2026-10-09,Avellino vs Sampdoria,ita_serie_b,Avellino,local,tiros,12.5,1.933,1.714,0.47,0.4739,,vivo,,2026-10-09T18:01:45Z
2026-10-09,Avellino vs Sampdoria,ita_serie_b,Avellino,local,tiros,13.5,2.25,1.52,0.4032,0.3891,,vivo,,2026-10-09T18:01:45Z
2026-10-09,Avellino vs Sampdoria,ita_serie_b,Avellino,local,a_puerta,3.5,1.546,2.2,0.5873,0.5513,,vivo,,2026-10-09T18:01:45Z
2026-10-09,Avellino vs Sampdoria,ita_serie_b,Avellino,local,a_puerta,4.5,2.083,1.615,0.4367,0.3645,,vivo,,2026-10-09T18:01:45Z
2026-10-09,Avellino vs Sampdoria,ita_serie_b,Avellino,local,a_puerta,5.5,3.0,1.308,0.3036,0.2163,,vivo,,2026-10-09T18:01:45Z
2026-10-09,Avellino vs Sampdoria,ita_serie_b,Sampdoria,visitante,tiros,10.5,1.571,2.167,0.5797,0.8085,más,vivo,,2026-10-09T18:01:45Z
2026-10-09,Avellino vs Sampdoria,ita_serie_b,Sampdoria,visitante,tiros,11.5,1.818,1.818,0.5,0.7416,más,vivo,,2026-10-09T18:01:45Z
2026-10-09,Avellino vs Sampdoria,ita_serie_b,Sampdoria,visitante,tiros,12.5,2.143,1.583,0.4249,0.6675,más,vivo,,2026-10-09T18:01:45Z
2026-10-09,Avellino vs Sampdoria,ita_serie_b,Sampdoria,visitante,a_puerta,2.5,1.286,3.1,0.7068,0.8258,,vivo,,2026-10-09T18:01:45Z
2026-10-09,Avellino vs Sampdoria,ita_serie_b,Sampdoria,visitante,a_puerta,3.5,1.667,2.0,0.5454,0.6652,,vivo,,2026-10-09T18:01:45Z
2026-10-09,Avellino vs Sampdoria,ita_serie_b,Sampdoria,visitante,a_puerta,4.5,2.3,1.5,0.3947,0.4858,,vivo,,2026-10-09T18:01:45Z
2026-10-09,Beveren vs Lommel SK,bel_pro_league,Beveren,local,tiros,15.5,1.583,2.143,0.5751,0.543,,vivo,,2026-10-09T18:01:45Z
2026-10-09,Beveren vs Lommel SK,bel_pro_league,Beveren,local,tiros,16.5,1.786,1.85,0.5088,0.4697,,vivo,,2026-10-09T18:01:45Z
2026-10-09,Beveren vs Lommel SK,bel_pro_league,Beveren,local,tiros,17.5,2.05,1.636,0.4438,0.3996,,vivo,,2026-10-09T18:01:45Z
2026-10-09,Beveren vs Lommel SK,bel_pro_league,Beveren,local,a_puerta,3.5,1.308,3.0,0.6964,0.8036,,vivo,,2026-10-09T18:01:45Z
2026-10-09,Beveren vs Lommel SK,bel_pro_league,Beveren,local,a_puerta,4.5,1.647,2.05,0.5545,0.6591,,vivo,,2026-10-09T18:01:45Z
2026-10-09,Beveren vs Lommel SK,bel_pro_league,Beveren,local,a_puerta,5.5,2.167,1.571,0.4203,0.4997,,vivo,,2026-10-09T18:01:45Z
2026-10-09,Beveren vs Lommel SK,bel_pro_league,Lommel SK,visitante,tiros,9.5,1.53,2.25,0.5952,0.6974,más,vivo,,2026-10-09T18:01:45Z
2026-10-09,Beveren vs Lommel SK,bel_pro_league,Lommel SK,visitante,tiros,10.5,1.76,1.875,0.5158,0.6066,,vivo,,2026-10-09T18:01:45Z
2026-10-09,Beveren vs Lommel SK,bel_pro_league,Lommel SK,visitante,tiros,11.5,2.083,1.615,0.4367,0.5138,,vivo,,2026-10-09T18:01:45Z
2026-10-09,Beveren vs Lommel SK,bel_pro_league,Lommel SK,visitante,a_puerta,2.5,1.4,2.571,0.6474,0.7066,,vivo,,2026-10-09T18:01:45Z
2026-10-09,Beveren vs Lommel SK,bel_pro_league,Lommel SK,visitante,a_puerta,3.5,1.909,1.733,0.4758,0.5046,,vivo,,2026-10-09T18:01:45Z
2026-10-09,Beveren vs Lommel SK,bel_pro_league,Lommel SK,visitante,a_puerta,4.5,2.8,1.35,0.3253,0.3195,,vivo,,2026-10-09T18:01:45Z
2026-10-09,Malaga vs Espanol,laliga,Malaga,local,tiros,11.5,1.667,2.0,0.5454,0.5484,,vivo,,2026-10-09T18:01:45Z
2026-10-09,Malaga vs Espanol,laliga,Malaga,local,tiros,12.5,1.95,1.727,0.4697,0.4588,,vivo,,2026-10-09T18:01:45Z
2026-10-09,Malaga vs Espanol,laliga,Malaga,local,tiros,13.5,2.3,1.5,0.3947,0.3743,,vivo,,2026-10-09T18:01:45Z
2026-10-09,Malaga vs Espanol,laliga,Malaga,local,a_puerta,2.5,1.375,2.667,0.6598,0.7684,,vivo,,2026-10-09T18:01:45Z
2026-10-09,Malaga vs Espanol,laliga,Malaga,local,a_puerta,3.5,1.867,1.8,0.4909,0.5839,,vivo,,2026-10-09T18:01:45Z
2026-10-09,Malaga vs Espanol,laliga,Malaga,local,a_puerta,4.5,2.667,1.375,0.3402,0.3975,,vivo,,2026-10-09T18:01:45Z
2026-10-09,Malaga vs Espanol,laliga,Espanol,visitante,tiros,11.5,1.583,2.143,0.5751,0.5961,,vivo,,2026-10-09T18:01:45Z
2026-10-09,Malaga vs Espanol,laliga,Espanol,visitante,tiros,12.5,1.846,1.818,0.4962,0.5082,,vivo,,2026-10-09T18:01:45Z
2026-10-09,Malaga vs Espanol,laliga,Espanol,visitante,tiros,13.5,2.143,1.583,0.4249,0.423,,vivo,,2026-10-09T18:01:45Z
2026-10-09,Malaga vs Espanol,laliga,Espanol,visitante,a_puerta,3.5,1.429,2.5,0.6363,0.644,,vivo,,2026-10-09T18:01:45Z
2026-10-09,Malaga vs Espanol,laliga,Espanol,visitante,a_puerta,4.5,1.889,1.778,0.4849,0.4619,,vivo,,2026-10-09T18:01:45Z
2026-10-09,Malaga vs Espanol,laliga,Espanol,visitante,a_puerta,5.5,2.6,1.4,0.35,0.2999,,vivo,,2026-10-09T18:01:45Z
2026-10-10,Napoli vs Frosinone,serie_a,Napoli,local,tiros,20.5,1.867,1.8,0.4909,0.3273,,vivo,,2026-10-09T21:04:21Z
2026-10-10,Lille vs Le Havre,ligue_1,Lille,local,tiros,13.5,1.53,2.25,0.5952,0.6702,,vivo,,2026-10-10T00:17:35Z
2026-10-10,Puebla vs Club Leon,liga_mx,Puebla,local,tiros,12.5,1.636,2.05,0.5562,0.6018,,vivo,,2026-10-10T00:39:35Z
2026-10-10,Puebla vs Club Leon,liga_mx,Puebla,local,tiros,13.5,1.909,1.76,0.4797,0.5189,,vivo,,2026-10-10T00:39:35Z
2026-10-10,Puebla vs Club Leon,liga_mx,Puebla,local,tiros,14.5,2.222,1.538,0.409,0.4381,,vivo,,2026-10-10T00:39:35Z
2026-10-10,Puebla vs Club Leon,liga_mx,Puebla,local,a_puerta,3.5,1.583,2.143,0.5751,0.6272,,vivo,,2026-10-10T00:39:35Z
2026-10-10,Puebla vs Club Leon,liga_mx,Puebla,local,a_puerta,4.5,2.143,1.6,0.4275,0.4434,,vivo,,2026-10-10T00:39:35Z
2026-10-10,Puebla vs Club Leon,liga_mx,Puebla,local,a_puerta,5.5,3.1,1.286,0.2932,0.2833,,vivo,,2026-10-10T00:39:35Z
2026-10-10,Puebla vs Club Leon,liga_mx,Club Leon,visitante,tiros,12.5,1.546,2.2,0.5873,0.6584,,vivo,,2026-10-10T00:39:35Z
2026-10-10,Puebla vs Club Leon,liga_mx,Club Leon,visitante,tiros,13.5,1.786,1.875,0.5122,0.5793,,vivo,,2026-10-10T00:39:35Z
2026-10-10,Puebla vs Club Leon,liga_mx,Club Leon,visitante,tiros,14.5,2.083,1.615,0.4367,0.4997,,vivo,,2026-10-10T00:39:35Z
2026-10-10,Puebla vs Club Leon,liga_mx,Club Leon,visitante,a_puerta,3.5,1.375,2.667,0.6598,0.7296,,vivo,,2026-10-10T00:39:35Z
2026-10-10,Puebla vs Club Leon,liga_mx,Club Leon,visitante,a_puerta,4.5,1.8,1.867,0.5091,0.5624,,vivo,,2026-10-10T00:39:35Z
2026-10-10,Puebla vs Club Leon,liga_mx,Club Leon,visitante,a_puerta,5.5,2.429,1.455,0.3746,0.3965,,vivo,,2026-10-10T00:39:35Z
2026-10-10,Tigres UANL vs Toluca,liga_mx,Tigres UANL,local,tiros,14.5,2.3,1.5,0.3947,0.5265,más,vivo,,2026-10-10T00:39:35Z
2026-10-10,Tigres UANL vs Toluca,liga_mx,Tigres UANL,local,tiros,11.5,1.48,2.364,0.615,0.7542,más,vivo,,2026-10-10T01:50:50Z
2026-10-10,Tigres UANL vs Toluca,liga_mx,Tigres UANL,local,tiros,12.5,1.714,1.96,0.5335,0.6819,más,vivo,,2026-10-10T01:50:50Z
2026-10-10,Tigres UANL vs Toluca,liga_mx,Tigres UANL,local,tiros,13.5,1.96,1.692,0.4633,0.605,más,vivo,,2026-10-10T01:50:50Z
2026-10-10,Tigres UANL vs Toluca,liga_mx,Tigres UANL,local,a_puerta,3.5,1.52,2.25,0.5968,0.7345,,vivo,,2026-10-10T01:50:50Z
2026-10-10,Tigres UANL vs Toluca,liga_mx,Tigres UANL,local,a_puerta,4.5,2.05,1.647,0.4455,0.5684,,vivo,,2026-10-10T01:50:50Z
2026-10-10,Tigres UANL vs Toluca,liga_mx,Tigres UANL,local,a_puerta,5.5,2.857,1.333,0.3181,0.4026,,vivo,,2026-10-10T01:50:50Z
2026-10-10,Tigres UANL vs Toluca,liga_mx,Toluca,visitante,tiros,12.5,1.52,2.25,0.5968,0.6708,,vivo,,2026-10-10T01:50:50Z
2026-10-10,Tigres UANL vs Toluca,liga_mx,Toluca,visitante,tiros,13.5,1.733,1.941,0.5283,0.5928,,vivo,,2026-10-10T01:50:50Z
2026-10-10,Tigres UANL vs Toluca,liga_mx,Toluca,visitante,tiros,14.5,2.0,1.667,0.4546,0.5138,,vivo,,2026-10-10T01:50:50Z
2026-10-10,Tigres UANL vs Toluca,liga_mx,Toluca,visitante,a_puerta,3.5,1.429,2.5,0.6363,0.7909,,vivo,,2026-10-10T01:50:50Z
2026-10-10,Tigres UANL vs Toluca,liga_mx,Toluca,visitante,a_puerta,4.5,1.85,1.818,0.4956,0.6418,,vivo,,2026-10-10T01:50:50Z
2026-10-10,Tigres UANL vs Toluca,liga_mx,Toluca,visitante,a_puerta,5.5,2.5,1.429,0.3637,0.4804,,vivo,,2026-10-10T01:50:50Z
2026-10-10,Go Ahead Eagles vs Sparta Rotterdam,eredivisie,Sparta Rotterdam,visitante,a_puerta,3.5,1.583,2.143,0.5751,0.4843,,vivo,,2026-10-10T01:50:50Z
2026-10-10,Samsunspor vs Trabzonspor,turquia,Samsunspor,local,tiros,13.5,1.95,1.7,0.4658,0.4509,,vivo,,2026-10-10T03:28:41Z
2026-10-10,Samsunspor vs Trabzonspor,turquia,Samsunspor,local,a_puerta,4.5,2.083,1.615,0.4367,0.4973,,vivo,,2026-10-10T03:28:41Z
2026-10-10,Monaco vs Toulouse,ligue_1,Monaco,local,tiros,16.5,2.25,1.53,0.4048,0.4295,,vivo,,2026-10-10T03:28:41Z
2026-10-11,Colorado Rapids vs San Jose Earthquakes,mls,Colorado Rapids,local,tiros,14.5,1.75,1.923,0.5236,0.539,,vivo,,2026-10-10T03:28:41Z
2026-10-10,Benevento vs Cesena,ita_serie_b,Benevento,local,a_puerta,6.5,2.8,1.35,0.3253,0.2926,,vivo,,2026-10-10T05:04:35Z
2026-10-10,Empoli vs Palermo,ita_serie_b,Palermo,visitante,tiros,14.5,2.3,1.5,0.3947,0.4704,,vivo,,2026-10-10T05:04:35Z
2026-10-10,Alaves vs Ath Madrid,laliga,Alaves,local,tiros,9.5,1.462,2.4,0.6214,0.6652,,vivo,,2026-10-10T05:04:35Z
2026-10-10,Magdeburg vs Hannover,ger_bundesliga2,Magdeburg,local,tiros,15.5,1.636,2.05,0.5562,0.4711,,vivo,,2026-10-10T06:40:44Z
2026-10-10,Magdeburg vs Hannover,ger_bundesliga2,Magdeburg,local,tiros,16.5,1.857,1.778,0.4891,0.3978,,vivo,,2026-10-10T06:40:44Z
2026-10-10,Magdeburg vs Hannover,ger_bundesliga2,Magdeburg,local,tiros,17.5,2.143,1.583,0.4249,0.3299,,vivo,,2026-10-10T06:40:44Z
2026-10-10,Magdeburg vs Hannover,ger_bundesliga2,Magdeburg,local,a_puerta,4.5,1.48,2.364,0.615,0.6391,,vivo,,2026-10-10T06:40:44Z
2026-10-10,Magdeburg vs Hannover,ger_bundesliga2,Magdeburg,local,a_puerta,5.5,1.889,1.75,0.4809,0.4776,,vivo,,2026-10-10T06:40:44Z
2026-10-10,Magdeburg vs Hannover,ger_bundesliga2,Magdeburg,local,a_puerta,6.5,2.546,1.417,0.3576,0.3293,,vivo,,2026-10-10T06:40:44Z
2026-10-10,Magdeburg vs Hannover,ger_bundesliga2,Hannover,visitante,tiros,11.5,1.5,2.3,0.6053,0.7212,más,vivo,,2026-10-10T06:40:44Z
2026-10-10,Magdeburg vs Hannover,ger_bundesliga2,Hannover,visitante,tiros,12.5,1.714,1.933,0.53,0.6443,más,vivo,,2026-10-10T06:40:44Z
2026-10-10,Magdeburg vs Hannover,ger_bundesliga2,Hannover,visitante,tiros,13.5,2.0,1.667,0.4546,0.5641,más,vivo,,2026-10-10T06:40:44Z
2026-10-10,Magdeburg vs Hannover,ger_bundesliga2,Hannover,visitante,a_puerta,3.5,1.35,2.8,0.6747,0.7879,,vivo,,2026-10-10T06:40:44Z
2026-10-10,Magdeburg vs Hannover,ger_bundesliga2,Hannover,visitante,a_puerta,4.5,1.727,1.923,0.5268,0.6377,,vivo,,2026-10-10T06:40:44Z
2026-10-10,Magdeburg vs Hannover,ger_bundesliga2,Hannover,visitante,a_puerta,5.5,2.3,1.5,0.3947,0.476,,vivo,,2026-10-10T06:40:44Z
2026-10-10,Osnabruck vs Dresden,ger_bundesliga2,Osnabruck,local,tiros,12.5,1.571,2.167,0.5797,0.6324,,vivo,,2026-10-10T06:40:44Z
2026-10-10,Osnabruck vs Dresden,ger_bundesliga2,Osnabruck,local,tiros,13.5,1.786,1.85,0.5088,0.5514,,vivo,,2026-10-10T06:40:44Z
2026-10-10,Osnabruck vs Dresden,ger_bundesliga2,Osnabruck,local,tiros,14.5,2.083,1.615,0.4367,0.471,,vivo,,2026-10-10T06:40:44Z
2026-10-10,Osnabruck vs Dresden,ger_bundesliga2,Osnabruck,local,a_puerta,3.5,1.385,2.667,0.6582,0.6686,,vivo,,2026-10-10T06:40:44Z
2026-10-10,Osnabruck vs Dresden,ger_bundesliga2,Osnabruck,local,a_puerta,4.5,1.786,1.85,0.5088,0.4897,,vivo,,2026-10-10T06:40:44Z
2026-10-10,Osnabruck vs Dresden,ger_bundesliga2,Osnabruck,local,a_puerta,5.5,2.429,1.455,0.3746,0.3256,,vivo,,2026-10-10T06:40:44Z
2026-10-10,Osnabruck vs Dresden,ger_bundesliga2,Dresden,visitante,tiros,12.5,1.52,2.25,0.5968,0.697,más,vivo,,2026-10-10T06:40:44Z
2026-10-10,Osnabruck vs Dresden,ger_bundesliga2,Dresden,visitante,tiros,13.5,1.733,1.909,0.5242,0.6217,,vivo,,2026-10-10T06:40:44Z
2026-10-10,Osnabruck vs Dresden,ger_bundesliga2,Dresden,visitante,tiros,14.5,2.0,1.667,0.4546,0.5441,,vivo,,2026-10-10T06:40:44Z
2026-10-10,Osnabruck vs Dresden,ger_bundesliga2,Dresden,visitante,a_puerta,3.5,1.375,2.667,0.6598,0.7369,,vivo,,2026-10-10T06:40:44Z
2026-10-10,Osnabruck vs Dresden,ger_bundesliga2,Dresden,visitante,a_puerta,4.5,1.76,1.875,0.5158,0.5715,,vivo,,2026-10-10T06:40:44Z
2026-10-10,Osnabruck vs Dresden,ger_bundesliga2,Dresden,visitante,a_puerta,5.5,2.4,1.462,0.3786,0.4057,,vivo,,2026-10-10T06:40:44Z
2026-10-10,Arsenal vs Leeds,premier,Arsenal,local,tiros,16.5,1.583,2.143,0.5751,0.5484,,vivo,,2026-10-10T06:40:44Z
2026-10-10,Arsenal vs Leeds,premier,Arsenal,local,tiros,17.5,1.8,1.867,0.5091,0.4784,,vivo,,2026-10-10T06:40:44Z
2026-10-10,Arsenal vs Leeds,premier,Arsenal,local,tiros,18.5,2.0,1.667,0.4546,0.411,,vivo,,2026-10-10T06:40:44Z
2026-10-10,Arsenal vs Leeds,premier,Arsenal,local,a_puerta,4.5,1.375,2.667,0.6598,0.7488,,vivo,,2026-10-10T06:40:44Z
2026-10-10,Arsenal vs Leeds,premier,Arsenal,local,a_puerta,5.5,1.733,1.941,0.5283,0.6061,,vivo,,2026-10-10T06:40:44Z
2026-10-10,Arsenal vs Leeds,premier,Arsenal,local,a_puerta,6.5,2.25,1.53,0.4048,0.4576,,vivo,,2026-10-10T06:40:44Z
2026-10-10,Arsenal vs Leeds,premier,Leeds,visitante,tiros,7.5,1.429,2.5,0.6363,0.6091,,vivo,,2026-10-10T06:40:44Z
2026-10-10,Arsenal vs Leeds,premier,Leeds,visitante,tiros,8.5,1.692,2.0,0.5417,0.4943,,vivo,,2026-10-10T06:40:44Z
2026-10-10,Arsenal vs Leeds,premier,Leeds,visitante,tiros,9.5,2.0,1.667,0.4546,0.3855,,vivo,,2026-10-10T06:40:44Z
2026-10-10,Arsenal vs Leeds,premier,Leeds,visitante,a_puerta,1.5,1.308,3.0,0.6964,0.7359,,vivo,,2026-10-10T06:40:44Z
2026-10-10,Arsenal vs Leeds,premier,Leeds,visitante,a_puerta,2.5,1.846,1.818,0.4962,0.4933,,vivo,,2026-10-10T06:40:44Z
2026-10-10,Arsenal vs Leeds,premier,Leeds,visitante,a_puerta,3.5,2.8,1.35,0.3253,0.2807,,vivo,,2026-10-10T06:40:44Z
2026-10-10,Swansea vs Norwich,eng_championship,Swansea,local,tiros,12.5,1.636,2.05,0.5562,0.5328,,vivo,,2026-10-10T06:40:44Z
2026-10-10,Swansea vs Norwich,eng_championship,Swansea,local,tiros,13.5,1.889,1.778,0.4849,0.4477,,vivo,,2026-10-10T06:40:44Z
2026-10-10,Swansea vs Norwich,eng_championship,Swansea,local,tiros,14.5,2.2,1.546,0.4127,0.3678,,vivo,,2026-10-10T06:40:44Z
2026-10-10,Swansea vs Norwich,eng_championship,Swansea,local,a_puerta,3.5,1.429,2.5,0.6363,0.6245,,vivo,,2026-10-10T06:40:44Z
2026-10-10,Swansea vs Norwich,eng_championship,Swansea,local,a_puerta,4.5,1.909,1.76,0.4797,0.4405,,vivo,,2026-10-10T06:40:44Z
2026-10-10,Swansea vs Norwich,eng_championship,Swansea,local,a_puerta,5.5,2.6,1.4,0.35,0.2807,,vivo,,2026-10-10T06:40:44Z
2026-10-10,Swansea vs Norwich,eng_championship,Norwich,visitante,tiros,11.5,1.667,2.0,0.5454,0.515,,vivo,,2026-10-10T06:40:44Z
2026-10-10,Swansea vs Norwich,eng_championship,Norwich,visitante,tiros,12.5,1.95,1.727,0.4697,0.425,,vivo,,2026-10-10T06:40:44Z
2026-10-10,Swansea vs Norwich,eng_championship,Norwich,visitante,tiros,13.5,2.3,1.5,0.3947,0.3418,,vivo,,2026-10-10T06:40:44Z
2026-10-10,Swansea vs Norwich,eng_championship,Norwich,visitante,a_puerta,2.5,1.273,3.2,0.7154,0.7703,,vivo,,2026-10-10T06:40:44Z
2026-10-10,Swansea vs Norwich,eng_championship,Norwich,visitante,a_puerta,3.5,1.625,2.1,0.5638,0.5864,,vivo,,2026-10-10T06:40:44Z
2026-10-10,Swansea vs Norwich,eng_championship,Norwich,visitante,a_puerta,4.5,2.222,1.538,0.409,0.4001,,vivo,,2026-10-10T06:40:44Z
2026-10-10,Charlton vs Bristol City,eng_championship,Charlton,local,tiros,10.5,1.6,2.1,0.5676,0.5573,,vivo,,2026-10-10T06:40:44Z
2026-10-10,Charlton vs Bristol City,eng_championship,Charlton,local,tiros,11.5,1.875,1.786,0.4878,0.4624,,vivo,,2026-10-10T06:40:44Z
2026-10-10,Charlton vs Bristol City,eng_championship,Charlton,local,tiros,12.5,2.222,1.538,0.409,0.3731,,vivo,,2026-10-10T06:40:44Z
2026-10-10,Charlton vs Bristol City,eng_championship,Charlton,local,a_puerta,2.5,1.35,2.8,0.6747,0.672,,vivo,,2026-10-10T06:40:44Z
2026-10-10,Charlton vs Bristol City,eng_championship,Charlton,local,a_puerta,3.5,1.818,1.846,0.5038,0.4635,,vivo,,2026-10-10T06:40:44Z
2026-10-10,Charlton vs Bristol City,eng_championship,Charlton,local,a_puerta,4.5,2.6,1.4,0.35,0.2819,,vivo,,2026-10-10T06:40:44Z
2026-10-10,Charlton vs Bristol City,eng_championship,Bristol City,visitante,tiros,11.5,1.5,2.3,0.6053,0.7078,más,vivo,,2026-10-10T06:40:44Z
2026-10-10,Charlton vs Bristol City,eng_championship,Bristol City,visitante,tiros,12.5,1.727,1.95,0.5303,0.6292,,vivo,,2026-10-10T06:40:44Z
2026-10-10,Charlton vs Bristol City,eng_championship,Bristol City,visitante,tiros,13.5,2.0,1.667,0.4546,0.5479,,vivo,,2026-10-10T06:40:44Z
2026-10-10,Charlton vs Bristol City,eng_championship,Bristol City,visitante,a_puerta,3.5,1.571,2.167,0.5797,0.69,,vivo,,2026-10-10T06:40:44Z
2026-10-10,Charlton vs Bristol City,eng_championship,Bristol City,visitante,a_puerta,4.5,2.143,1.6,0.4275,0.5145,,vivo,,2026-10-10T06:40:44Z
2026-10-10,Charlton vs Bristol City,eng_championship,Bristol City,visitante,a_puerta,5.5,3.0,1.308,0.3036,0.3491,,vivo,,2026-10-10T06:40:44Z
2026-10-10,Vallecano vs Ath Bilbao,laliga,Vallecano,local,tiros,11.5,1.571,2.167,0.5797,0.5888,,vivo,,2026-10-10T06:40:44Z
2026-10-10,Vallecano vs Ath Bilbao,laliga,Vallecano,local,tiros,12.5,1.818,1.85,0.5044,0.5005,,vivo,,2026-10-10T06:40:44Z
2026-10-10,Vallecano vs Ath Bilbao,laliga,Vallecano,local,tiros,13.5,2.1,1.6,0.4324,0.4153,,vivo,,2026-10-10T06:40:44Z
2026-10-10,Vallecano vs Ath Bilbao,laliga,Vallecano,local,a_puerta,3.5,1.429,2.5,0.6363,0.6397,,vivo,,2026-10-10T06:40:44Z
2026-10-10,Vallecano vs Ath Bilbao,laliga,Vallecano,local,a_puerta,4.5,1.909,1.76,0.4797,0.4572,,vivo,,2026-10-10T06:40:44Z
2026-10-10,Vallecano vs Ath Bilbao,laliga,Vallecano,local,a_puerta,5.5,2.6,1.4,0.35,0.2957,,vivo,,2026-10-10T06:40:44Z
2026-10-10,Vallecano vs Ath Bilbao,laliga,Ath Bilbao,visitante,tiros,11.5,1.5,2.3,0.6053,0.6696,,vivo,,2026-10-10T06:40:44Z
2026-10-10,Vallecano vs Ath Bilbao,laliga,Ath Bilbao,visitante,tiros,12.5,1.727,1.95,0.5303,0.5869,,vivo,,2026-10-10T06:40:44Z
2026-10-10,Vallecano vs Ath Bilbao,laliga,Ath Bilbao,visitante,tiros,13.5,2.0,1.667,0.4546,0.5034,,vivo,,2026-10-10T06:40:44Z
2026-10-10,Vallecano vs Ath Bilbao,laliga,Ath Bilbao,visitante,a_puerta,2.5,1.25,3.333,0.7273,0.8525,,vivo,,2026-10-10T06:40:44Z
2026-10-10,Vallecano vs Ath Bilbao,laliga,Ath Bilbao,visitante,a_puerta,3.5,1.6,2.143,0.5725,0.7059,,vivo,,2026-10-10T06:40:44Z
2026-10-10,Vallecano vs Ath Bilbao,laliga,Ath Bilbao,visitante,a_puerta,4.5,2.167,1.571,0.4203,0.5335,,vivo,,2026-10-10T06:40:44Z
2026-10-10,Clermont vs Red Star,fra_ligue2,Clermont,local,tiros,10.5,1.7,1.95,0.5342,0.5772,,vivo,,2026-10-10T06:40:44Z
2026-10-10,Clermont vs Red Star,fra_ligue2,Clermont,local,a_puerta,3.5,1.818,1.818,0.5,0.5509,,vivo,,2026-10-10T06:40:44Z
2026-10-10,Clermont vs Red Star,fra_ligue2,Red Star,visitante,tiros,12.5,1.8,1.833,0.5045,0.6582,más,vivo,,2026-10-10T06:40:44Z
2026-10-10,Clermont vs Red Star,fra_ligue2,Red Star,visitante,a_puerta,4.5,2.1,1.6,0.4324,0.4748,,vivo,,2026-10-10T06:40:44Z
2026-10-10,Nantes vs Reims,fra_ligue2,Nantes,local,tiros,14.5,1.909,1.733,0.4758,0.4556,,vivo,,2026-10-10T06:40:44Z
2026-10-10,Nantes vs Reims,fra_ligue2,Nantes,local,a_puerta,4.5,1.778,1.857,0.5109,0.4985,,vivo,,2026-10-10T06:40:44Z
2026-10-10,Nantes vs Reims,fra_ligue2,Reims,visitante,tiros,10.5,1.857,1.778,0.4891,0.5043,,vivo,,2026-10-10T06:40:44Z
2026-10-10,Nantes vs Reims,fra_ligue2,Reims,visitante,a_puerta,3.5,1.818,1.818,0.5,0.4469,,vivo,,2026-10-10T06:40:44Z
2026-10-10,Genoa vs Fiorentina,serie_a,Genoa,local,tiros,12.5,1.667,2.0,0.5454,0.4873,,vivo,,2026-10-10T06:40:44Z
2026-10-10,Genoa vs Fiorentina,serie_a,Genoa,local,tiros,13.5,1.95,1.727,0.4697,0.4023,,vivo,,2026-10-10T06:40:44Z
2026-10-10,Genoa vs Fiorentina,serie_a,Genoa,local,tiros,14.5,2.3,1.5,0.3947,0.3243,,vivo,,2026-10-10T06:40:44Z
2026-10-10,Genoa vs Fiorentina,serie_a,Genoa,local,a_puerta,3.5,1.538,2.222,0.591,0.5196,,vivo,,2026-10-10T06:40:44Z
2026-10-10,Genoa vs Fiorentina,serie_a,Genoa,local,a_puerta,4.5,2.1,1.625,0.4362,0.3336,,vivo,,2026-10-10T06:40:44Z
2026-10-10,Genoa vs Fiorentina,serie_a,Genoa,local,a_puerta,5.5,3.0,1.308,0.3036,0.1917,,vivo,,2026-10-10T06:40:44Z
2026-10-10,Genoa vs Fiorentina,serie_a,Fiorentina,visitante,tiros,12.5,1.583,2.143,0.5751,0.6275,,vivo,,2026-10-10T06:40:44Z
2026-10-10,Genoa vs Fiorentina,serie_a,Fiorentina,visitante,tiros,13.5,1.846,1.818,0.4962,0.5461,,vivo,,2026-10-10T06:40:44Z
2026-10-10,Genoa vs Fiorentina,serie_a,Fiorentina,visitante,tiros,14.5,2.143,1.583,0.4249,0.4656,,vivo,,2026-10-10T06:40:44Z
2026-10-10,Genoa vs Fiorentina,serie_a,Fiorentina,visitante,a_puerta,3.5,1.417,2.546,0.6424,0.6755,,vivo,,2026-10-10T06:40:44Z
2026-10-10,Genoa vs Fiorentina,serie_a,Fiorentina,visitante,a_puerta,4.5,1.846,1.818,0.4962,0.4976,,vivo,,2026-10-10T06:40:44Z
2026-10-10,Genoa vs Fiorentina,serie_a,Fiorentina,visitante,a_puerta,5.5,2.5,1.429,0.3637,0.333,,vivo,,2026-10-10T06:40:44Z
2026-10-10,Samsunspor vs Trabzonspor,turquia,Samsunspor,local,tiros,12.5,1.778,1.857,0.5109,0.5072,,vivo,,2026-10-10T06:40:44Z
2026-10-10,Samsunspor vs Trabzonspor,turquia,Samsunspor,local,a_puerta,3.5,1.6,2.1,0.5676,0.5864,,vivo,,2026-10-10T06:40:44Z
2026-10-10,Samsunspor vs Trabzonspor,turquia,Trabzonspor,visitante,tiros,14.5,1.933,1.714,0.47,0.3913,,vivo,,2026-10-10T06:40:44Z
2026-10-10,Samsunspor vs Trabzonspor,turquia,Trabzonspor,visitante,a_puerta,4.5,1.778,1.857,0.5109,0.5365,,vivo,,2026-10-10T06:40:44Z
2026-10-10,Sudtirol vs Ascoli,ita_serie_b,Sudtirol,local,tiros,0.5,1.286,3.333,0.7216,1.0,más,vivo,,2026-10-10T06:40:44Z
2026-10-10,Sudtirol vs Ascoli,ita_serie_b,Sudtirol,local,tiros,1.5,2.4,1.5,0.3846,0.9996,más,vivo,,2026-10-10T06:40:44Z
2026-10-10,Sudtirol vs Ascoli,ita_serie_b,Sudtirol,local,tiros,2.5,5.333,1.111,0.1724,0.9983,,vivo,,2026-10-10T06:40:44Z
2026-10-10,Sudtirol vs Ascoli,ita_serie_b,Sudtirol,local,tiros,11.5,1.583,2.143,0.5751,0.6125,,vivo,,2026-10-10T06:40:44Z
2026-10-10,Sudtirol vs Ascoli,ita_serie_b,Sudtirol,local,tiros,12.5,1.818,1.818,0.5,0.5254,,vivo,,2026-10-10T06:40:44Z
2026-10-10,Sudtirol vs Ascoli,ita_serie_b,Sudtirol,local,tiros,13.5,2.143,1.583,0.4249,0.4403,,vivo,,2026-10-10T06:40:44Z
2026-10-10,Sudtirol vs Ascoli,ita_serie_b,Sudtirol,local,a_puerta,3.5,1.538,2.222,0.591,0.6509,,vivo,,2026-10-10T06:40:44Z
2026-10-10,Sudtirol vs Ascoli,ita_serie_b,Sudtirol,local,a_puerta,4.5,2.05,1.636,0.4438,0.4696,,vivo,,2026-10-10T06:40:44Z
2026-10-10,Sudtirol vs Ascoli,ita_serie_b,Sudtirol,local,a_puerta,5.5,2.9,1.32,0.3128,0.307,,vivo,,2026-10-10T06:40:44Z
2026-10-10,Sudtirol vs Ascoli,ita_serie_b,Ascoli,visitante,tiros,10.5,1.53,2.25,0.5952,0.7459,más,vivo,,2026-10-10T06:40:44Z
2026-10-10,Sudtirol vs Ascoli,ita_serie_b,Ascoli,visitante,tiros,11.5,1.75,1.889,0.5191,0.6676,más,vivo,,2026-10-10T06:40:44Z
2026-10-10,Sudtirol vs Ascoli,ita_serie_b,Ascoli,visitante,tiros,12.5,2.05,1.636,0.4438,0.5848,más,vivo,,2026-10-10T06:40:44Z
2026-10-10,Sudtirol vs Ascoli,ita_serie_b,Ascoli,visitante,a_puerta,2.5,1.308,3.0,0.6964,0.8,,vivo,,2026-10-10T06:40:44Z
2026-10-10,Sudtirol vs Ascoli,ita_serie_b,Ascoli,visitante,a_puerta,3.5,1.692,1.96,0.5367,0.6277,,vivo,,2026-10-10T06:40:44Z
2026-10-10,Sudtirol vs Ascoli,ita_serie_b,Ascoli,visitante,a_puerta,4.5,2.364,1.48,0.385,0.4439,,vivo,,2026-10-10T06:40:44Z
2026-10-10,Virtus Entella vs Juve Stabia,ita_serie_b,Virtus Entella,local,tiros,12.5,1.636,2.05,0.5562,0.6628,más,vivo,,2026-10-10T06:40:44Z
2026-10-10,Virtus Entella vs Juve Stabia,ita_serie_b,Virtus Entella,local,tiros,13.5,1.875,1.76,0.4842,0.5841,,vivo,,2026-10-10T06:40:44Z
2026-10-10,Virtus Entella vs Juve Stabia,ita_serie_b,Virtus Entella,local,tiros,14.5,2.2,1.546,0.4127,0.5047,,vivo,,2026-10-10T06:40:44Z
2026-10-10,Virtus Entella vs Juve Stabia,ita_serie_b,Virtus Entella,local,a_puerta,3.5,1.444,2.455,0.6296,0.691,,vivo,,2026-10-10T06:40:44Z
2026-10-10,Virtus Entella vs Juve Stabia,ita_serie_b,Virtus Entella,local,a_puerta,4.5,1.909,1.733,0.4758,0.5157,,vivo,,2026-10-10T06:40:44Z
2026-10-10,Virtus Entella vs Juve Stabia,ita_serie_b,Virtus Entella,local,a_puerta,5.5,2.667,1.385,0.3418,0.3503,,vivo,,2026-10-10T06:40:44Z
2026-10-10,Virtus Entella vs Juve Stabia,ita_serie_b,Juve Stabia,visitante,tiros,8.5,1.48,2.364,0.615,0.733,más,vivo,,2026-10-10T06:40:44Z
2026-10-10,Virtus Entella vs Juve Stabia,ita_serie_b,Juve Stabia,visitante,tiros,9.5,1.727,1.923,0.5268,0.6407,más,vivo,,2026-10-10T06:40:44Z
2026-10-10,Virtus Entella vs Juve Stabia,ita_serie_b,Juve Stabia,visitante,tiros,10.5,2.05,1.636,0.4438,0.544,más,vivo,,2026-10-10T06:40:44Z
2026-10-10,Virtus Entella vs Juve Stabia,ita_serie_b,Juve Stabia,visitante,a_puerta,2.5,1.48,2.364,0.615,0.6756,,vivo,,2026-10-10T06:40:44Z
2026-10-10,Virtus Entella vs Juve Stabia,ita_serie_b,Juve Stabia,visitante,a_puerta,3.5,2.083,1.615,0.4367,0.4676,,vivo,,2026-10-10T06:40:44Z
2026-10-10,Virtus Entella vs Juve Stabia,ita_serie_b,Juve Stabia,visitante,a_puerta,4.5,3.1,1.286,0.2932,0.2856,,vivo,,2026-10-10T06:40:44Z
2026-10-10,Benevento vs Cesena,ita_serie_b,Benevento,local,tiros,15.5,1.667,2.0,0.5454,0.5619,,vivo,,2026-10-10T06:40:44Z
2026-10-10,Benevento vs Cesena,ita_serie_b,Benevento,local,tiros,16.5,1.889,1.75,0.4809,0.4891,,vivo,,2026-10-10T06:40:44Z
2026-10-10,Benevento vs Cesena,ita_serie_b,Benevento,local,tiros,17.5,2.2,1.546,0.4127,0.4187,,vivo,,2026-10-10T06:40:44Z
2026-10-10,Benevento vs Cesena,ita_serie_b,Benevento,local,a_puerta,3.5,1.286,3.1,0.7068,0.761,,vivo,,2026-10-10T06:40:44Z
2026-10-10,Benevento vs Cesena,ita_serie_b,Benevento,local,a_puerta,4.5,1.615,2.083,0.5633,0.6022,,vivo,,2026-10-10T06:40:44Z
2026-10-10,Benevento vs Cesena,ita_serie_b,Benevento,local,a_puerta,5.5,2.143,1.583,0.4249,0.4376,,vivo,,2026-10-10T06:40:44Z
2026-10-10,Benevento vs Cesena,ita_serie_b,Cesena,visitante,tiros,8.5,1.538,2.222,0.591,0.7348,más,vivo,,2026-10-10T06:40:44Z
2026-10-10,Benevento vs Cesena,ita_serie_b,Cesena,visitante,tiros,9.5,1.818,1.818,0.5,0.6428,más,vivo,,2026-10-10T06:40:44Z
2026-10-10,Benevento vs Cesena,ita_serie_b,Cesena,visitante,tiros,10.5,2.167,1.571,0.4203,0.5463,más,vivo,,2026-10-10T06:40:44Z
2026-10-10,Benevento vs Cesena,ita_serie_b,Cesena,visitante,a_puerta,2.5,1.455,2.429,0.6254,0.6846,,vivo,,2026-10-10T06:40:44Z
2026-10-10,Benevento vs Cesena,ita_serie_b,Cesena,visitante,a_puerta,3.5,2.0,1.667,0.4546,0.4782,,vivo,,2026-10-10T06:40:44Z
2026-10-10,Benevento vs Cesena,ita_serie_b,Cesena,visitante,a_puerta,4.5,3.0,1.308,0.3036,0.2952,,vivo,,2026-10-10T06:40:44Z
2026-10-10,Empoli vs Palermo,ita_serie_b,Empoli,local,tiros,11.5,1.546,2.2,0.5873,0.5299,,vivo,,2026-10-10T06:40:44Z
2026-10-10,Empoli vs Palermo,ita_serie_b,Empoli,local,tiros,12.5,1.786,1.85,0.5088,0.44,,vivo,,2026-10-10T06:40:44Z
2026-10-10,Empoli vs Palermo,ita_serie_b,Empoli,local,tiros,13.5,2.083,1.615,0.4367,0.3561,,vivo,,2026-10-10T06:40:44Z
2026-10-10,Empoli vs Palermo,ita_serie_b,Empoli,local,a_puerta,2.5,1.286,3.1,0.7068,0.7326,,vivo,,2026-10-10T06:40:44Z
2026-10-10,Empoli vs Palermo,ita_serie_b,Empoli,local,a_puerta,3.5,1.636,2.05,0.5562,0.537,,vivo,,2026-10-10T06:40:44Z
2026-10-10,Empoli vs Palermo,ita_serie_b,Empoli,local,a_puerta,4.5,2.25,1.52,0.4032,0.3505,,vivo,,2026-10-10T06:40:44Z
2026-10-10,Empoli vs Palermo,ita_serie_b,Palermo,visitante,tiros,11.5,1.538,2.222,0.591,0.7102,más,vivo,,2026-10-10T06:40:44Z
2026-10-10,Empoli vs Palermo,ita_serie_b,Palermo,visitante,tiros,12.5,1.75,1.889,0.5191,0.6319,más,vivo,,2026-10-10T06:40:44Z
2026-10-10,Empoli vs Palermo,ita_serie_b,Palermo,visitante,tiros,13.5,2.05,1.636,0.4438,0.5508,más,vivo,,2026-10-10T06:40:44Z
2026-10-10,Empoli vs Palermo,ita_serie_b,Palermo,visitante,a_puerta,3.5,1.429,2.5,0.6363,0.6729,,vivo,,2026-10-10T06:40:44Z
2026-10-10,Empoli vs Palermo,ita_serie_b,Palermo,visitante,a_puerta,4.5,1.85,1.786,0.4912,0.4946,,vivo,,2026-10-10T06:40:44Z
2026-10-10,Empoli vs Palermo,ita_serie_b,Palermo,visitante,a_puerta,5.5,2.546,1.417,0.3576,0.3302,,vivo,,2026-10-10T06:40:44Z
2026-10-10,Augsburg vs Bayern Munich,bundesliga,Augsburg,local,tiros,8.5,1.471,2.375,0.6175,0.4227,,vivo,,2026-10-10T06:40:44Z
2026-10-10,Augsburg vs Bayern Munich,bundesliga,Augsburg,local,tiros,9.5,1.727,1.95,0.5303,0.317,,vivo,,2026-10-10T06:40:44Z
2026-10-10,Augsburg vs Bayern Munich,bundesliga,Augsburg,local,tiros,10.5,2.05,1.636,0.4438,0.2283,,vivo,,2026-10-10T06:40:44Z
2026-10-10,Augsburg vs Bayern Munich,bundesliga,Augsburg,local,a_puerta,2.5,1.375,2.667,0.6598,0.6199,,vivo,,2026-10-10T06:40:44Z
2026-10-10,Augsburg vs Bayern Munich,bundesliga,Augsburg,local,a_puerta,3.5,1.867,1.8,0.4909,0.4052,,vivo,,2026-10-10T06:40:44Z
2026-10-10,Augsburg vs Bayern Munich,bundesliga,Augsburg,local,a_puerta,4.5,2.667,1.375,0.3402,0.232,,vivo,,2026-10-10T06:40:44Z
2026-10-10,Augsburg vs Bayern Munich,bundesliga,Bayern Munich,visitante,tiros,18.5,1.636,2.05,0.5562,0.6561,,vivo,,2026-10-10T06:40:44Z
2026-10-10,Augsburg vs Bayern Munich,bundesliga,Bayern Munich,visitante,tiros,19.5,1.85,1.818,0.4956,0.5963,más,vivo,,2026-10-10T06:40:44Z
2026-10-10,Augsburg vs Bayern Munich,bundesliga,Bayern Munich,visitante,tiros,20.5,2.083,1.615,0.4367,0.5357,,vivo,,2026-10-10T06:40:44Z
2026-10-10,Augsburg vs Bayern Munich,bundesliga,Bayern Munich,visitante,a_puerta,6.5,1.538,2.222,0.591,0.6853,,vivo,,2026-10-10T06:40:44Z
2026-10-10,Augsburg vs Bayern Munich,bundesliga,Bayern Munich,visitante,a_puerta,7.5,1.909,1.76,0.4797,0.5571,,vivo,,2026-10-10T06:40:44Z
2026-10-10,Augsburg vs Bayern Munich,bundesliga,Bayern Munich,visitante,a_puerta,8.5,2.455,1.444,0.3704,0.4292,,vivo,,2026-10-10T06:40:44Z
2026-10-10,Hoffenheim vs Hamburg,bundesliga,Hoffenheim,local,tiros,16.5,1.667,2.0,0.5454,0.681,más,vivo,,2026-10-10T06:40:44Z
2026-10-10,Hoffenheim vs Hamburg,bundesliga,Hoffenheim,local,tiros,17.5,1.909,1.76,0.4797,0.6178,más,vivo,,2026-10-10T06:40:44Z
2026-10-10,Hoffenheim vs Hamburg,bundesliga,Hoffenheim,local,tiros,18.5,2.167,1.571,0.4203,0.5532,más,vivo,,2026-10-10T06:40:44Z
2026-10-10,Hoffenheim vs Hamburg,bundesliga,Hoffenheim,local,a_puerta,5.5,1.52,2.25,0.5968,0.6734,,vivo,,2026-10-10T06:40:44Z
2026-10-10,Hoffenheim vs Hamburg,bundesliga,Hoffenheim,local,a_puerta,6.5,1.923,1.75,0.4764,0.5315,,vivo,,2026-10-10T06:40:44Z
2026-10-10,Hoffenheim vs Hamburg,bundesliga,Hoffenheim,local,a_puerta,7.5,2.5,1.429,0.3637,0.3934,,vivo,,2026-10-10T06:40:44Z
2026-10-10,Hoffenheim vs Hamburg,bundesliga,Hamburg,visitante,tiros,8.5,1.48,2.364,0.615,0.6773,,vivo,,2026-10-10T06:40:44Z
2026-10-10,Hoffenheim vs Hamburg,bundesliga,Hamburg,visitante,tiros,9.5,1.75,1.923,0.5236,0.5773,,vivo,,2026-10-10T06:40:44Z
2026-10-10,Hoffenheim vs Hamburg,bundesliga,Hamburg,visitante,tiros,10.5,2.05,1.636,0.4438,0.4767,,vivo,,2026-10-10T06:40:44Z
2026-10-10,Hoffenheim vs Hamburg,bundesliga,Hamburg,visitante,a_puerta,1.5,1.2,3.75,0.7576,0.8505,,vivo,,2026-10-10T06:40:44Z
2026-10-10,Hoffenheim vs Hamburg,bundesliga,Hamburg,visitante,a_puerta,2.5,1.571,2.2,0.5834,0.6632,,vivo,,2026-10-10T06:40:44Z
2026-10-10,Hoffenheim vs Hamburg,bundesliga,Hamburg,visitante,a_puerta,3.5,2.222,1.538,0.409,0.4533,,vivo,,2026-10-10T06:40:44Z
2026-10-10,Union Berlin vs Elversberg,bundesliga,Union Berlin,local,tiros,12.5,1.571,2.167,0.5797,0.6833,más,vivo,,2026-10-10T06:40:44Z
2026-10-10,Union Berlin vs Elversberg,bundesliga,Union Berlin,local,tiros,13.5,1.8,1.867,0.5091,0.6065,,vivo,,2026-10-10T06:40:44Z
2026-10-10,Union Berlin vs Elversberg,bundesliga,Union Berlin,local,tiros,14.5,2.083,1.615,0.4367,0.5281,,vivo,,2026-10-10T06:40:44Z
2026-10-10,Union Berlin vs Elversberg,bundesliga,Union Berlin,local,a_puerta,3.5,1.4,2.6,0.65,0.739,,vivo,,2026-10-10T06:40:44Z
2026-10-10,Union Berlin vs Elversberg,bundesliga,Union Berlin,local,a_puerta,4.5,1.818,1.846,0.5038,0.5741,,vivo,,2026-10-10T06:40:44Z
2026-10-10,Union Berlin vs Elversberg,bundesliga,Union Berlin,local,a_puerta,5.5,2.5,1.429,0.3637,0.4084,,vivo,,2026-10-10T06:40:44Z
2026-10-10,Union Berlin vs Elversberg,bundesliga,Elversberg,visitante,tiros,10.5,1.6,2.1,0.5676,0.5984,,vivo,,2026-10-10T06:40:44Z
2026-10-10,Union Berlin vs Elversberg,bundesliga,Elversberg,visitante,tiros,11.5,1.867,1.8,0.4909,0.5051,,vivo,,2026-10-10T06:40:44Z
2026-10-10,Union Berlin vs Elversberg,bundesliga,Elversberg,visitante,tiros,12.5,2.2,1.546,0.4127,0.4151,,vivo,,2026-10-10T06:40:44Z
2026-10-10,Union Berlin vs Elversberg,bundesliga,Elversberg,visitante,a_puerta,2.5,1.333,2.857,0.6819,0.7681,,vivo,,2026-10-10T06:40:44Z
2026-10-10,Union Berlin vs Elversberg,bundesliga,Elversberg,visitante,a_puerta,3.5,1.76,1.909,0.5203,0.5835,,vivo,,2026-10-10T06:40:44Z
2026-10-10,Union Berlin vs Elversberg,bundesliga,Elversberg,visitante,a_puerta,4.5,2.5,1.429,0.3637,0.3971,,vivo,,2026-10-10T06:40:44Z
2026-10-10,Mainz vs Leverkusen,bundesliga,Mainz,local,tiros,12.5,1.636,2.05,0.5562,0.4856,,vivo,,2026-10-10T06:40:44Z
2026-10-10,Mainz vs Leverkusen,bundesliga,Mainz,local,tiros,13.5,1.889,1.778,0.4849,0.4006,,vivo,,2026-10-10T06:40:44Z
2026-10-10,Mainz vs Leverkusen,bundesliga,Mainz,local,tiros,14.5,2.2,1.546,0.4127,0.3226,,vivo,,2026-10-10T06:40:44Z
2026-10-10,Mainz vs Leverkusen,bundesliga,Mainz,local,a_puerta,3.5,1.5,2.3,0.6053,0.7046,,vivo,,2026-10-10T06:40:44Z
2026-10-10,Mainz vs Leverkusen,bundesliga,Mainz,local,a_puerta,4.5,2.0,1.68,0.4565,0.5319,,vivo,,2026-10-10T06:40:44Z
2026-10-10,Mainz vs Leverkusen,bundesliga,Mainz,local,a_puerta,5.5,2.8,1.35,0.3253,0.3661,,vivo,,2026-10-10T06:40:44Z
2026-10-10,Mainz vs Leverkusen,bundesliga,Leverkusen,visitante,tiros,12.5,1.615,2.083,0.5633,0.702,más,vivo,,2026-10-10T06:40:44Z
2026-10-10,Mainz vs Leverkusen,bundesliga,Leverkusen,visitante,tiros,13.5,1.889,1.778,0.4849,0.6272,más,vivo,,2026-10-10T06:40:44Z
2026-10-10,Mainz vs Leverkusen,bundesliga,Leverkusen,visitante,tiros,14.5,2.167,1.571,0.4203,0.55,más,vivo,,2026-10-10T06:40:44Z
2026-10-10,Mainz vs Leverkusen,bundesliga,Leverkusen,visitante,a_puerta,3.5,1.364,2.714,0.6655,0.7585,,vivo,,2026-10-10T06:40:44Z
2026-10-10,Mainz vs Leverkusen,bundesliga,Leverkusen,visitante,a_puerta,4.5,1.76,1.909,0.5203,0.5989,,vivo,,2026-10-10T06:40:44Z
2026-10-10,Mainz vs Leverkusen,bundesliga,Leverkusen,visitante,a_puerta,5.5,2.364,1.48,0.385,0.4342,,vivo,,2026-10-10T06:40:44Z
2026-10-10,Derby vs Wrexham,eng_championship,Derby,local,tiros,10.5,1.5,2.3,0.6053,0.6777,,vivo,,2026-10-10T06:40:44Z
2026-10-10,Derby vs Wrexham,eng_championship,Derby,local,tiros,11.5,1.75,1.923,0.5236,0.5906,,vivo,,2026-10-10T06:40:44Z
2026-10-10,Derby vs Wrexham,eng_championship,Derby,local,tiros,12.5,2.05,1.636,0.4438,0.5024,,vivo,,2026-10-10T06:40:44Z
2026-10-10,Derby vs Wrexham,eng_championship,Derby,local,a_puerta,2.5,1.267,3.2,0.7164,0.7634,,vivo,,2026-10-10T06:40:44Z
2026-10-10,Derby vs Wrexham,eng_championship,Derby,local,a_puerta,3.5,1.625,2.1,0.5638,0.5772,,vivo,,2026-10-10T06:40:44Z
2026-10-10,Derby vs Wrexham,eng_championship,Derby,local,a_puerta,4.5,2.222,1.538,0.409,0.3906,,vivo,,2026-10-10T06:40:44Z
2026-10-10,Derby vs Wrexham,eng_championship,Wrexham,visitante,tiros,11.5,1.571,2.167,0.5797,0.5474,,vivo,,2026-10-10T06:40:44Z
2026-10-10,Derby vs Wrexham,eng_championship,Wrexham,visitante,tiros,12.5,1.818,1.85,0.5044,0.4577,,vivo,,2026-10-10T06:40:44Z
2026-10-10,Derby vs Wrexham,eng_championship,Wrexham,visitante,tiros,13.5,2.1,1.6,0.4324,0.3732,,vivo,,2026-10-10T06:40:44Z
2026-10-10,Derby vs Wrexham,eng_championship,Wrexham,visitante,a_puerta,2.5,1.286,3.1,0.7068,0.7787,,vivo,,2026-10-10T06:40:44Z
2026-10-10,Derby vs Wrexham,eng_championship,Wrexham,visitante,a_puerta,3.5,1.692,2.0,0.5417,0.598,,vivo,,2026-10-10T06:40:44Z
2026-10-10,Derby vs Wrexham,eng_championship,Wrexham,visitante,a_puerta,4.5,2.3,1.5,0.3947,0.4121,,vivo,,2026-10-10T06:40:44Z
2026-10-10,Rangers vs Kilmarnock,sco_premiership,Rangers,local,tiros,20.5,1.692,1.96,0.5367,0.6608,más,vivo,,2026-10-10T06:40:44Z
2026-10-10,Rangers vs Kilmarnock,sco_premiership,Rangers,local,tiros,21.5,1.909,1.733,0.4758,0.6057,más,vivo,,2026-10-10T06:40:44Z
2026-10-10,Rangers vs Kilmarnock,sco_premiership,Rangers,local,tiros,22.5,2.143,1.583,0.4249,0.5497,más,vivo,,2026-10-10T06:40:44Z
2026-10-10,Rangers vs Kilmarnock,sco_premiership,Rangers,local,a_puerta,6.5,1.429,2.5,0.6363,0.7882,,vivo,,2026-10-10T06:40:44Z
2026-10-10,Rangers vs Kilmarnock,sco_premiership,Rangers,local,a_puerta,7.5,1.727,1.923,0.5268,0.6807,,vivo,,2026-10-10T06:40:44Z
2026-10-10,Rangers vs Kilmarnock,sco_premiership,Rangers,local,a_puerta,8.5,2.167,1.571,0.4203,0.5617,,vivo,,2026-10-10T06:40:44Z
2026-10-10,Rangers vs Kilmarnock,sco_premiership,Kilmarnock,visitante,tiros,6.5,1.636,2.05,0.5562,0.5585,,vivo,,2026-10-10T06:40:44Z
2026-10-10,Rangers vs Kilmarnock,sco_premiership,Kilmarnock,visitante,tiros,7.5,2.0,1.667,0.4546,0.431,,vivo,,2026-10-10T06:40:44Z
2026-10-10,Rangers vs Kilmarnock,sco_premiership,Kilmarnock,visitante,tiros,8.5,2.5,1.429,0.3637,0.3167,,vivo,,2026-10-10T06:40:44Z
2026-10-10,Rangers vs Kilmarnock,sco_premiership,Kilmarnock,visitante,a_puerta,1.5,1.308,3.0,0.6964,0.6443,,vivo,,2026-10-10T06:40:44Z
2026-10-10,Rangers vs Kilmarnock,sco_premiership,Kilmarnock,visitante,a_puerta,2.5,1.833,1.8,0.4955,0.3827,,vivo,,2026-10-10T06:40:44Z
2026-10-10,Rangers vs Kilmarnock,sco_premiership,Kilmarnock,visitante,a_puerta,3.5,2.8,1.35,0.3253,0.1896,,vivo,,2026-10-10T06:40:44Z
2026-10-10,Ipswich vs Fulham,premier,Ipswich,local,tiros,11.5,1.538,2.222,0.591,0.6374,,vivo,,2026-10-10T06:40:44Z
2026-10-10,Ipswich vs Fulham,premier,Ipswich,local,tiros,12.5,1.778,1.889,0.5151,0.552,,vivo,,2026-10-10T06:40:44Z
2026-10-10,Ipswich vs Fulham,premier,Ipswich,local,tiros,13.5,2.083,1.615,0.4367,0.4673,,vivo,,2026-10-10T06:40:44Z
2026-10-10,Ipswich vs Fulham,premier,Ipswich,local,a_puerta,3.5,1.429,2.5,0.6363,0.6438,,vivo,,2026-10-10T06:40:44Z
2026-10-10,Ipswich vs Fulham,premier,Ipswich,local,a_puerta,4.5,1.889,1.778,0.4849,0.4617,,vivo,,2026-10-10T06:40:44Z
2026-10-10,Ipswich vs Fulham,premier,Ipswich,local,a_puerta,5.5,2.6,1.4,0.35,0.2998,,vivo,,2026-10-10T06:40:44Z
2026-10-10,Ipswich vs Fulham,premier,Fulham,visitante,tiros,11.5,1.48,2.364,0.615,0.6656,,vivo,,2026-10-10T06:40:44Z
2026-10-10,Ipswich vs Fulham,premier,Fulham,visitante,tiros,12.5,1.714,1.96,0.5335,0.5826,,vivo,,2026-10-10T06:40:44Z
2026-10-10,Ipswich vs Fulham,premier,Fulham,visitante,tiros,13.5,1.96,1.692,0.4633,0.4988,,vivo,,2026-10-10T06:40:44Z
2026-10-10,Ipswich vs Fulham,premier,Fulham,visitante,a_puerta,3.5,1.538,2.222,0.591,0.6662,,vivo,,2026-10-10T06:40:44Z
2026-10-10,Ipswich vs Fulham,premier,Fulham,visitante,a_puerta,4.5,2.083,1.636,0.4399,0.4869,,vivo,,2026-10-10T06:40:44Z
2026-10-10,Ipswich vs Fulham,premier,Fulham,visitante,a_puerta,5.5,2.9,1.32,0.3128,0.323,,vivo,,2026-10-10T06:40:44Z
2026-10-10,Blackburn vs Cardiff,eng_championship,Blackburn,local,tiros,12.5,1.667,2.0,0.5454,0.5062,,vivo,,2026-10-10T06:40:44Z
2026-10-10,Blackburn vs Cardiff,eng_championship,Blackburn,local,tiros,13.5,1.95,1.727,0.4697,0.421,,vivo,,2026-10-10T06:40:44Z
2026-10-10,Blackburn vs Cardiff,eng_championship,Blackburn,local,tiros,14.5,2.25,1.52,0.4032,0.3421,,vivo,,2026-10-10T06:40:44Z
2026-10-10,Blackburn vs Cardiff,eng_championship,Blackburn,local,a_puerta,3.5,1.429,2.5,0.6363,0.6954,,vivo,,2026-10-10T06:40:44Z
2026-10-10,Blackburn vs Cardiff,eng_championship,Blackburn,local,a_puerta,4.5,1.889,1.778,0.4849,0.5209,,vivo,,2026-10-10T06:40:44Z
2026-10-10,Blackburn vs Cardiff,eng_championship,Blackburn,local,a_puerta,5.5,2.6,1.4,0.35,0.3553,,vivo,,2026-10-10T06:40:44Z
2026-10-10,Blackburn vs Cardiff,eng_championship,Cardiff,visitante,tiros,12.5,1.5,2.3,0.6053,0.7791,más,vivo,,2026-10-10T06:40:44Z
2026-10-10,Blackburn vs Cardiff,eng_championship,Cardiff,visitante,tiros,13.5,1.714,1.96,0.5335,0.7148,más,vivo,,2026-10-10T06:40:44Z
2026-10-10,Blackburn vs Cardiff,eng_championship,Cardiff,visitante,tiros,14.5,1.96,1.692,0.4633,0.6453,más,vivo,,2026-10-10T06:40:44Z
2026-10-10,Blackburn vs Cardiff,eng_championship,Cardiff,visitante,a_puerta,3.5,1.444,2.455,0.6296,0.8057,,vivo,,2026-10-10T06:40:44Z
2026-10-10,Blackburn vs Cardiff,eng_championship,Cardiff,visitante,a_puerta,4.5,1.909,1.76,0.4797,0.662,,vivo,,2026-10-10T06:40:44Z
2026-10-10,Blackburn vs Cardiff,eng_championship,Cardiff,visitante,a_puerta,5.5,2.6,1.4,0.35,0.503,,vivo,,2026-10-10T06:40:44Z
2026-10-10,Hearts vs St Mirren,sco_premiership,Hearts,local,tiros,15.5,1.6,2.1,0.5676,0.5939,,vivo,,2026-10-10T06:40:44Z
2026-10-10,Hearts vs St Mirren,sco_premiership,Hearts,local,tiros,16.5,1.818,1.818,0.5,0.5222,,vivo,,2026-10-10T06:40:44Z
2026-10-10,Hearts vs St Mirren,sco_premiership,Hearts,local,tiros,17.5,2.083,1.615,0.4367,0.4519,,vivo,,2026-10-10T06:40:44Z
2026-10-10,Hearts vs St Mirren,sco_premiership,Hearts,local,a_puerta,4.5,1.364,2.714,0.6655,0.7598,,vivo,,2026-10-10T06:40:44Z
2026-10-10,Hearts vs St Mirren,sco_premiership,Hearts,local,a_puerta,5.5,1.692,1.96,0.5367,0.6199,,vivo,,2026-10-10T06:40:44Z
2026-10-10,Hearts vs St Mirren,sco_premiership,Hearts,local,a_puerta,6.5,2.2,1.546,0.4127,0.4724,,vivo,,2026-10-10T06:40:44Z
2026-10-10,Hearts vs St Mirren,sco_premiership,St Mirren,visitante,tiros,8.5,1.636,2.05,0.5562,0.5777,,vivo,,2026-10-10T06:40:44Z
2026-10-10,Hearts vs St Mirren,sco_premiership,St Mirren,visitante,tiros,9.5,1.933,1.714,0.47,0.4699,,vivo,,2026-10-10T06:40:44Z
2026-10-10,Hearts vs St Mirren,sco_premiership,St Mirren,visitante,tiros,10.5,2.364,1.48,0.385,0.3689,,vivo,,2026-10-10T06:40:44Z
2026-10-10,Hearts vs St Mirren,sco_premiership,St Mirren,visitante,a_puerta,1.5,1.2,3.75,0.7576,0.7841,,vivo,,2026-10-10T06:40:44Z
2026-10-10,Hearts vs St Mirren,sco_premiership,St Mirren,visitante,a_puerta,2.5,1.571,2.167,0.5797,0.5597,,vivo,,2026-10-10T06:40:44Z
2026-10-10,Hearts vs St Mirren,sco_premiership,St Mirren,visitante,a_puerta,3.5,2.25,1.53,0.4048,0.3432,,vivo,,2026-10-10T06:40:44Z
2026-10-10,Bolton vs Stoke,eng_championship,Bolton,local,tiros,11.5,1.571,2.167,0.5797,0.5972,,vivo,,2026-10-10T06:40:44Z
2026-10-10,Bolton vs Stoke,eng_championship,Bolton,local,tiros,12.5,1.8,1.867,0.5091,0.5093,,vivo,,2026-10-10T06:40:44Z
2026-10-10,Bolton vs Stoke,eng_championship,Bolton,local,tiros,13.5,2.083,1.615,0.4367,0.4241,,vivo,,2026-10-10T06:40:44Z
2026-10-10,Bolton vs Stoke,eng_championship,Bolton,local,a_puerta,3.5,1.429,2.5,0.6363,0.6067,,vivo,,2026-10-10T06:40:44Z
2026-10-10,Bolton vs Stoke,eng_championship,Bolton,local,a_puerta,4.5,1.867,1.8,0.4909,0.4214,,vivo,,2026-10-10T06:40:44Z
2026-10-10,Bolton vs Stoke,eng_championship,Bolton,local,a_puerta,5.5,2.546,1.417,0.3576,0.264,,vivo,,2026-10-10T06:40:44Z
2026-10-10,Bolton vs Stoke,eng_championship,Stoke,visitante,tiros,11.5,1.667,2.0,0.5454,0.5293,,vivo,,2026-10-10T06:40:44Z
2026-10-10,Bolton vs Stoke,eng_championship,Stoke,visitante,tiros,12.5,1.96,1.714,0.4665,0.4394,,vivo,,2026-10-10T06:40:44Z
2026-10-10,Bolton vs Stoke,eng_championship,Stoke,visitante,tiros,13.5,2.3,1.5,0.3947,0.3555,,vivo,,2026-10-10T06:40:44Z
2026-10-10,Bolton vs Stoke,eng_championship,Stoke,visitante,a_puerta,2.5,1.286,3.1,0.7068,0.7561,,vivo,,2026-10-10T06:40:44Z
2026-10-10,Bolton vs Stoke,eng_championship,Stoke,visitante,a_puerta,3.5,1.692,2.0,0.5417,0.5675,,vivo,,2026-10-10T06:40:44Z
2026-10-10,Bolton vs Stoke,eng_championship,Stoke,visitante,a_puerta,4.5,2.364,1.48,0.385,0.3807,,vivo,,2026-10-10T06:40:44Z
2026-10-10,Chelsea vs Bournemouth,premier,Chelsea,local,tiros,13.5,1.667,2.0,0.5454,0.5554,,vivo,,2026-10-10T06:40:44Z
2026-10-10,Chelsea vs Bournemouth,premier,Chelsea,local,tiros,14.5,1.909,1.76,0.4797,0.4751,,vivo,,2026-10-10T06:40:44Z
2026-10-10,Chelsea vs Bournemouth,premier,Chelsea,local,tiros,15.5,2.222,1.538,0.409,0.3983,,vivo,,2026-10-10T06:40:44Z
2026-10-10,Chelsea vs Bournemouth,premier,Chelsea,local,a_puerta,4.5,1.462,2.4,0.6214,0.6074,,vivo,,2026-10-10T06:40:44Z
2026-10-10,Chelsea vs Bournemouth,premier,Chelsea,local,a_puerta,5.5,1.875,1.786,0.4878,0.4432,,vivo,,2026-10-10T06:40:44Z
2026-10-10,Chelsea vs Bournemouth,premier,Chelsea,local,a_puerta,6.5,2.5,1.429,0.3637,0.2976,,vivo,,2026-10-10T06:40:44Z
2026-10-10,Chelsea vs Bournemouth,premier,Bournemouth,visitante,tiros,10.5,1.5,2.3,0.6053,0.6578,,vivo,,2026-10-10T06:40:44Z
2026-10-10,Chelsea vs Bournemouth,premier,Bournemouth,visitante,tiros,11.5,1.733,1.941,0.5283,0.5688,,vivo,,2026-10-10T06:40:44Z
2026-10-10,Chelsea vs Bournemouth,premier,Bournemouth,visitante,tiros,12.5,2.0,1.667,0.4546,0.4797,,vivo,,2026-10-10T06:40:44Z
2026-10-10,Chelsea vs Bournemouth,premier,Bournemouth,visitante,a_puerta,2.5,1.286,3.1,0.7068,0.7737,,vivo,,2026-10-10T06:40:44Z
2026-10-10,Chelsea vs Bournemouth,premier,Bournemouth,visitante,a_puerta,3.5,1.68,2.0,0.5435,0.5911,,vivo,,2026-10-10T06:40:44Z
2026-10-10,Chelsea vs Bournemouth,premier,Bournemouth,visitante,a_puerta,4.5,2.3,1.5,0.3947,0.4049,,vivo,,2026-10-10T06:40:44Z
2026-10-10,Dundee United vs Hibernian,sco_premiership,Dundee United,local,tiros,13.5,1.667,2.0,0.5454,0.5005,,vivo,,2026-10-10T06:40:44Z
2026-10-10,Dundee United vs Hibernian,sco_premiership,Dundee United,local,tiros,14.5,1.909,1.733,0.4758,0.4196,,vivo,,2026-10-10T06:40:44Z
2026-10-10,Dundee United vs Hibernian,sco_premiership,Dundee United,local,tiros,15.5,2.222,1.538,0.409,0.3444,,vivo,,2026-10-10T06:40:44Z
2026-10-10,Dundee United vs Hibernian,sco_premiership,Dundee United,local,a_puerta,3.5,1.4,2.6,0.65,0.6779,,vivo,,2026-10-10T06:40:44Z
2026-10-10,Dundee United vs Hibernian,sco_premiership,Dundee United,local,a_puerta,4.5,1.818,1.818,0.5,0.5004,,vivo,,2026-10-10T06:40:44Z
2026-10-10,Dundee United vs Hibernian,sco_premiership,Dundee United,local,a_puerta,5.5,2.5,1.429,0.3637,0.3357,,vivo,,2026-10-10T06:40:44Z
2026-10-10,Dundee United vs Hibernian,sco_premiership,Hibernian,visitante,tiros,12.5,1.583,2.143,0.5751,0.6708,,vivo,,2026-10-10T06:40:44Z
2026-10-10,Dundee United vs Hibernian,sco_premiership,Hibernian,visitante,tiros,13.5,1.818,1.818,0.5,0.5928,,vivo,,2026-10-10T06:40:44Z
2026-10-10,Dundee United vs Hibernian,sco_premiership,Hibernian,visitante,tiros,14.5,2.1,1.6,0.4324,0.5137,,vivo,,2026-10-10T06:40:44Z
2026-10-10,Dundee United vs Hibernian,sco_premiership,Hibernian,visitante,a_puerta,3.5,1.417,2.546,0.6424,0.739,,vivo,,2026-10-10T06:40:44Z
2026-10-10,Dundee United vs Hibernian,sco_premiership,Hibernian,visitante,a_puerta,4.5,1.818,1.818,0.5,0.5741,,vivo,,2026-10-10T06:40:44Z
2026-10-10,Dundee United vs Hibernian,sco_premiership,Hibernian,visitante,a_puerta,5.5,2.5,1.429,0.3637,0.4084,,vivo,,2026-10-10T06:40:44Z
2026-10-10,Bodo/Glimt vs Kristiansund,noruega,Bodo/Glimt,local,tiros,20.5,1.714,1.933,0.53,0.7281,más,vivo,,2026-10-10T06:40:44Z
2026-10-10,Bodo/Glimt vs Kristiansund,noruega,Bodo/Glimt,local,tiros,21.5,1.933,1.714,0.47,0.6783,más,vivo,,2026-10-10T06:40:44Z
2026-10-10,Bodo/Glimt vs Kristiansund,noruega,Bodo/Glimt,local,tiros,22.5,2.2,1.546,0.4127,0.6263,más,vivo,,2026-10-10T06:40:44Z
2026-10-10,Bodo/Glimt vs Kristiansund,noruega,Bodo/Glimt,local,a_puerta,7.5,1.583,2.143,0.5751,0.8004,,vivo,,2026-10-10T06:40:44Z
2026-10-10,Bodo/Glimt vs Kristiansund,noruega,Bodo/Glimt,local,a_puerta,8.5,1.95,1.7,0.4658,0.7044,,vivo,,2026-10-10T06:40:44Z
2026-10-10,Bodo/Glimt vs Kristiansund,noruega,Bodo/Glimt,local,a_puerta,9.5,2.5,1.429,0.3637,0.5966,,vivo,,2026-10-10T06:40:44Z
2026-10-10,Bodo/Glimt vs Kristiansund,noruega,Kristiansund,visitante,tiros,7.5,1.583,2.143,0.5751,0.361,,vivo,,2026-10-10T06:40:44Z
2026-10-10,Bodo/Glimt vs Kristiansund,noruega,Kristiansund,visitante,tiros,8.5,1.875,1.76,0.4842,0.2533,,vivo,,2026-10-10T06:40:44Z
2026-10-10,Bodo/Glimt vs Kristiansund,noruega,Kristiansund,visitante,tiros,9.5,2.3,1.5,0.3947,0.1692,,vivo,,2026-10-10T06:40:44Z
2026-10-10,Bodo/Glimt vs Kristiansund,noruega,Kristiansund,visitante,a_puerta,1.5,1.308,3.0,0.6964,0.651,,vivo,,2026-10-10T06:40:44Z
2026-10-10,Bodo/Glimt vs Kristiansund,noruega,Kristiansund,visitante,a_puerta,2.5,1.85,1.786,0.4912,0.3902,,vivo,,2026-10-10T06:40:44Z
2026-10-10,Bodo/Glimt vs Kristiansund,noruega,Kristiansund,visitante,a_puerta,3.5,2.857,1.333,0.3181,0.1953,,vivo,,2026-10-10T06:40:44Z
2026-10-10,Aston Villa vs Brentford,premier,Aston Villa,local,tiros,12.5,1.5,2.3,0.6053,0.5503,,vivo,,2026-10-10T06:40:44Z
2026-10-10,Aston Villa vs Brentford,premier,Aston Villa,local,tiros,13.5,1.727,1.95,0.5303,0.4655,,vivo,,2026-10-10T06:40:44Z
2026-10-10,Aston Villa vs Brentford,premier,Aston Villa,local,tiros,14.5,1.96,1.692,0.4633,0.3851,,vivo,,2026-10-10T06:40:44Z
2026-10-10,Aston Villa vs Brentford,premier,Aston Villa,local,a_puerta,3.5,1.364,2.714,0.6655,0.6623,,vivo,,2026-10-10T06:40:44Z
2026-10-10,Aston Villa vs Brentford,premier,Aston Villa,local,a_puerta,4.5,1.778,1.889,0.5151,0.4824,,vivo,,2026-10-10T06:40:44Z
2026-10-10,Aston Villa vs Brentford,premier,Aston Villa,local,a_puerta,5.5,2.4,1.462,0.3786,0.3188,,vivo,,2026-10-10T06:40:44Z
2026-10-10,Aston Villa vs Brentford,premier,Brentford,visitante,tiros,11.5,1.48,2.364,0.615,0.7152,más,vivo,,2026-10-10T06:40:44Z
2026-10-10,Aston Villa vs Brentford,premier,Brentford,visitante,tiros,12.5,1.714,1.96,0.5335,0.6376,más,vivo,,2026-10-10T06:40:44Z
2026-10-10,Aston Villa vs Brentford,premier,Brentford,visitante,tiros,13.5,1.96,1.692,0.4633,0.5569,,vivo,,2026-10-10T06:40:44Z
2026-10-10,Aston Villa vs Brentford,premier,Brentford,visitante,a_puerta,2.5,1.273,3.2,0.7154,0.8431,,vivo,,2026-10-10T06:40:44Z
2026-10-10,Aston Villa vs Brentford,premier,Brentford,visitante,a_puerta,3.5,1.636,2.083,0.5601,0.6914,,vivo,,2026-10-10T06:40:44Z
2026-10-10,Aston Villa vs Brentford,premier,Brentford,visitante,a_puerta,4.5,2.222,1.538,0.409,0.5162,,vivo,,2026-10-10T06:40:44Z
2026-10-10,Watford vs Burnley,eng_championship,Watford,local,tiros,11.5,1.538,2.222,0.591,0.6423,,vivo,,2026-10-10T06:40:44Z
2026-10-10,Watford vs Burnley,eng_championship,Watford,local,tiros,12.5,1.76,1.909,0.5203,0.5572,,vivo,,2026-10-10T06:40:44Z
2026-10-10,Watford vs Burnley,eng_championship,Watford,local,tiros,13.5,2.05,1.636,0.4438,0.4726,,vivo,,2026-10-10T06:40:44Z
2026-10-10,Watford vs Burnley,eng_championship,Watford,local,a_puerta,3.5,1.5,2.3,0.6053,0.5959,,vivo,,2026-10-10T06:40:44Z
2026-10-10,Watford vs Burnley,eng_championship,Watford,local,a_puerta,4.5,2.0,1.692,0.4583,0.4099,,vivo,,2026-10-10T06:40:44Z
2026-10-10,Watford vs Burnley,eng_championship,Watford,local,a_puerta,5.5,2.8,1.35,0.3253,0.2541,,vivo,,2026-10-10T06:40:44Z
2026-10-10,Watford vs Burnley,eng_championship,Burnley,visitante,tiros,12.5,1.667,2.0,0.5454,0.5895,,vivo,,2026-10-10T06:40:44Z
2026-10-10,Watford vs Burnley,eng_championship,Burnley,visitante,tiros,13.5,1.909,1.76,0.4797,0.506,,vivo,,2026-10-10T06:40:44Z
2026-10-10,Watford vs Burnley,eng_championship,Burnley,visitante,tiros,14.5,2.222,1.538,0.409,0.4251,,vivo,,2026-10-10T06:40:44Z
2026-10-10,Watford vs Burnley,eng_championship,Burnley,visitante,a_puerta,3.5,1.5,2.3,0.6053,0.6734,,vivo,,2026-10-10T06:40:44Z
2026-10-10,Watford vs Burnley,eng_championship,Burnley,visitante,a_puerta,4.5,2.0,1.692,0.4583,0.4952,,vivo,,2026-10-10T06:40:44Z
2026-10-10,Watford vs Burnley,eng_championship,Burnley,visitante,a_puerta,5.5,2.8,1.35,0.3253,0.3307,,vivo,,2026-10-10T06:40:44Z
2026-10-10,Falkirk vs Dundee,sco_premiership,Falkirk,local,tiros,14.5,1.667,2.0,0.5454,0.5707,,vivo,,2026-10-10T06:40:44Z
2026-10-10,Falkirk vs Dundee,sco_premiership,Falkirk,local,tiros,15.5,1.933,1.714,0.47,0.4946,,vivo,,2026-10-10T06:40:44Z
2026-10-10,Falkirk vs Dundee,sco_premiership,Falkirk,local,tiros,16.5,2.222,1.538,0.409,0.4211,,vivo,,2026-10-10T06:40:44Z
2026-10-10,Falkirk vs Dundee,sco_premiership,Falkirk,local,a_puerta,3.5,1.35,2.8,0.6747,0.7359,,vivo,,2026-10-10T06:40:44Z
2026-10-10,Falkirk vs Dundee,sco_premiership,Falkirk,local,a_puerta,4.5,1.7,1.95,0.5342,0.5702,,vivo,,2026-10-10T06:40:44Z
2026-10-10,Falkirk vs Dundee,sco_premiership,Falkirk,local,a_puerta,5.5,2.25,1.52,0.4032,0.4044,,vivo,,2026-10-10T06:40:44Z
2026-10-10,Falkirk vs Dundee,sco_premiership,Dundee,visitante,tiros,10.5,1.667,2.0,0.5454,0.5529,,vivo,,2026-10-10T06:40:44Z
2026-10-10,Falkirk vs Dundee,sco_premiership,Dundee,visitante,tiros,11.5,1.96,1.692,0.4633,0.4579,,vivo,,2026-10-10T06:40:44Z
2026-10-10,Falkirk vs Dundee,sco_premiership,Dundee,visitante,tiros,12.5,2.364,1.48,0.385,0.3687,,vivo,,2026-10-10T06:40:44Z
2026-10-10,Falkirk vs Dundee,sco_premiership,Dundee,visitante,a_puerta,2.5,1.286,3.1,0.7068,0.6511,,vivo,,2026-10-10T06:40:44Z
2026-10-10,Falkirk vs Dundee,sco_premiership,Dundee,visitante,a_puerta,3.5,1.667,2.0,0.5454,0.4395,,vivo,,2026-10-10T06:40:44Z
2026-10-10,Falkirk vs Dundee,sco_premiership,Dundee,visitante,a_puerta,4.5,2.3,1.5,0.3947,0.261,,vivo,,2026-10-10T06:40:44Z
2026-10-10,Middlesbrough vs Wolves,eng_championship,Middlesbrough,local,tiros,13.5,1.6,2.1,0.5676,0.5046,,vivo,,2026-10-10T06:40:44Z
2026-10-10,Middlesbrough vs Wolves,eng_championship,Middlesbrough,local,tiros,14.5,1.818,1.846,0.5038,0.4237,,vivo,,2026-10-10T06:40:44Z
2026-10-10,Middlesbrough vs Wolves,eng_championship,Middlesbrough,local,tiros,15.5,2.1,1.6,0.4324,0.3483,,vivo,,2026-10-10T06:40:44Z
2026-10-10,Middlesbrough vs Wolves,eng_championship,Middlesbrough,local,a_puerta,3.5,1.333,2.857,0.6819,0.7211,,vivo,,2026-10-10T06:40:44Z
2026-10-10,Middlesbrough vs Wolves,eng_championship,Middlesbrough,local,a_puerta,4.5,1.692,2.0,0.5417,0.5519,,vivo,,2026-10-10T06:40:44Z
2026-10-10,Middlesbrough vs Wolves,eng_championship,Middlesbrough,local,a_puerta,5.5,2.25,1.53,0.4048,0.3859,,vivo,,2026-10-10T06:40:44Z
2026-10-10,Middlesbrough vs Wolves,eng_championship,Wolves,visitante,tiros,11.5,1.583,2.143,0.5751,0.5678,,vivo,,2026-10-10T06:40:44Z
2026-10-10,Middlesbrough vs Wolves,eng_championship,Wolves,visitante,tiros,12.5,1.833,1.833,0.5,0.4787,,vivo,,2026-10-10T06:40:44Z
2026-10-10,Middlesbrough vs Wolves,eng_championship,Wolves,visitante,tiros,13.5,2.143,1.583,0.4249,0.3938,,vivo,,2026-10-10T06:40:44Z
2026-10-10,Middlesbrough vs Wolves,eng_championship,Wolves,visitante,a_puerta,2.5,1.273,3.2,0.7154,0.8207,,vivo,,2026-10-10T06:40:44Z
2026-10-10,Middlesbrough vs Wolves,eng_championship,Wolves,visitante,a_puerta,3.5,1.636,2.083,0.5601,0.6576,,vivo,,2026-10-10T06:40:44Z
2026-10-10,Middlesbrough vs Wolves,eng_championship,Wolves,visitante,a_puerta,4.5,2.222,1.538,0.409,0.4771,,vivo,,2026-10-10T06:40:44Z
2026-10-10,Cercle Brugge vs Anderlecht,bel_pro_league,Cercle Brugge,local,tiros,11.5,1.5,2.3,0.6053,0.6173,,vivo,,2026-10-10T06:40:44Z
2026-10-10,Cercle Brugge vs Anderlecht,bel_pro_league,Cercle Brugge,local,tiros,12.5,1.7,1.95,0.5342,0.5305,,vivo,,2026-10-10T06:40:44Z
2026-10-10,Cercle Brugge vs Anderlecht,bel_pro_league,Cercle Brugge,local,tiros,13.5,1.96,1.692,0.4633,0.4454,,vivo,,2026-10-10T06:40:44Z
2026-10-10,Cercle Brugge vs Anderlecht,bel_pro_league,Cercle Brugge,local,a_puerta,2.5,1.25,3.333,0.7273,0.7994,,vivo,,2026-10-10T06:40:44Z
2026-10-10,Cercle Brugge vs Anderlecht,bel_pro_league,Cercle Brugge,local,a_puerta,3.5,1.6,2.1,0.5676,0.6268,,vivo,,2026-10-10T06:40:44Z
2026-10-10,Cercle Brugge vs Anderlecht,bel_pro_league,Cercle Brugge,local,a_puerta,4.5,2.167,1.571,0.4203,0.443,,vivo,,2026-10-10T06:40:44Z
2026-10-10,Cercle Brugge vs Anderlecht,bel_pro_league,Anderlecht,visitante,tiros,11.5,1.5,2.3,0.6053,0.7244,más,vivo,,2026-10-10T06:40:44Z
2026-10-10,Cercle Brugge vs Anderlecht,bel_pro_league,Anderlecht,visitante,tiros,12.5,1.714,1.933,0.53,0.6479,más,vivo,,2026-10-10T06:40:44Z
2026-10-10,Cercle Brugge vs Anderlecht,bel_pro_league,Anderlecht,visitante,tiros,13.5,2.0,1.667,0.4546,0.568,más,vivo,,2026-10-10T06:40:44Z
2026-10-10,Cercle Brugge vs Anderlecht,bel_pro_league,Anderlecht,visitante,a_puerta,3.5,1.333,2.857,0.6819,0.7473,,vivo,,2026-10-10T06:40:44Z
2026-10-10,Cercle Brugge vs Anderlecht,bel_pro_league,Anderlecht,visitante,a_puerta,4.5,1.692,1.96,0.5367,0.5846,,vivo,,2026-10-10T06:40:44Z
2026-10-10,Cercle Brugge vs Anderlecht,bel_pro_league,Anderlecht,visitante,a_puerta,5.5,2.25,1.53,0.4048,0.4193,,vivo,,2026-10-10T06:40:44Z
2026-10-10,Alaves vs Ath Madrid,laliga,Alaves,local,tiros,10.5,1.667,2.0,0.5454,0.5709,,vivo,,2026-10-10T06:40:44Z
2026-10-10,Alaves vs Ath Madrid,laliga,Alaves,local,tiros,11.5,2.0,1.692,0.4583,0.4763,,vivo,,2026-10-10T06:40:44Z
2026-10-10,Alaves vs Ath Madrid,laliga,Alaves,local,tiros,12.5,2.364,1.48,0.385,0.3867,,vivo,,2026-10-10T06:40:44Z
2026-10-10,Alaves vs Ath Madrid,laliga,Alaves,local,a_puerta,2.5,1.273,3.2,0.7154,0.6963,,vivo,,2026-10-10T06:40:44Z
2026-10-10,Alaves vs Ath Madrid,laliga,Alaves,local,a_puerta,3.5,1.647,2.05,0.5545,0.4922,,vivo,,2026-10-10T06:40:44Z
2026-10-10,Alaves vs Ath Madrid,laliga,Alaves,local,a_puerta,4.5,2.25,1.53,0.4048,0.3079,,vivo,,2026-10-10T06:40:44Z
2026-10-10,Alaves vs Ath Madrid,laliga,Ath Madrid,visitante,tiros,13.5,1.667,2.0,0.5454,0.5475,,vivo,,2026-10-10T06:40:44Z
2026-10-10,Alaves vs Ath Madrid,laliga,Ath Madrid,visitante,tiros,14.5,1.941,1.733,0.4717,0.467,,vivo,,2026-10-10T06:40:44Z
2026-10-10,Alaves vs Ath Madrid,laliga,Ath Madrid,visitante,tiros,15.5,2.25,1.53,0.4048,0.3903,,vivo,,2026-10-10T06:40:44Z
2026-10-10,Alaves vs Ath Madrid,laliga,Ath Madrid,visitante,a_puerta,3.5,1.429,2.5,0.6363,0.7185,,vivo,,2026-10-10T06:40:44Z
2026-10-10,Alaves vs Ath Madrid,laliga,Ath Madrid,visitante,a_puerta,4.5,1.867,1.8,0.4909,0.5487,,vivo,,2026-10-10T06:40:44Z
2026-10-10,Alaves vs Ath Madrid,laliga,Ath Madrid,visitante,a_puerta,5.5,2.5,1.429,0.3637,0.3827,,vivo,,2026-10-10T06:40:44Z
2026-10-10,Go Ahead Eagles vs Sparta Rotterdam,eredivisie,Go Ahead Eagles,local,tiros,16.5,1.76,1.875,0.5158,0.4893,,vivo,,2026-10-10T06:40:44Z
2026-10-10,Go Ahead Eagles vs Sparta Rotterdam,eredivisie,Go Ahead Eagles,local,a_puerta,5.5,1.7,1.95,0.5342,0.4854,,vivo,,2026-10-10T06:40:44Z
2026-10-10,Go Ahead Eagles vs Sparta Rotterdam,eredivisie,Sparta Rotterdam,visitante,tiros,12.5,1.778,1.857,0.5109,0.3573,,vivo,,2026-10-10T06:40:44Z
2026-10-10,Go Ahead Eagles vs Sparta Rotterdam,eredivisie,Sparta Rotterdam,visitante,a_puerta,4.5,2.143,1.583,0.4249,0.3007,,vivo,,2026-10-10T06:40:44Z
2026-10-10,Casa Pia vs Santa Clara,primeira,Casa Pia,local,tiros,9.5,1.833,1.8,0.4955,0.5149,,vivo,,2026-10-10T06:40:44Z
2026-10-10,Casa Pia vs Santa Clara,primeira,Casa Pia,local,a_puerta,3.5,2.167,1.571,0.4203,0.3533,,vivo,,2026-10-10T06:40:44Z
2026-10-10,Casa Pia vs Santa Clara,primeira,Santa Clara,visitante,tiros,12.5,1.818,1.818,0.5,0.6118,más,vivo,,2026-10-10T06:40:44Z
2026-10-10,Casa Pia vs Santa Clara,primeira,Santa Clara,visitante,a_puerta,4.5,2.05,1.636,0.4438,0.475,,vivo,,2026-10-10T06:40:44Z
2026-10-10,Lille vs Le Havre,ligue_1,Lille,local,tiros,14.5,1.636,2.05,0.5562,0.622,,vivo,,2026-10-10T06:40:44Z
2026-10-10,Lille vs Le Havre,ligue_1,Lille,local,tiros,15.5,1.889,1.778,0.4849,0.5483,,vivo,,2026-10-10T06:40:44Z
2026-10-10,Lille vs Le Havre,ligue_1,Lille,local,tiros,16.5,2.167,1.571,0.4203,0.4751,,vivo,,2026-10-10T06:40:44Z
2026-10-10,Lille vs Le Havre,ligue_1,Lille,local,a_puerta,4.5,1.429,2.5,0.6363,0.7436,,vivo,,2026-10-10T06:40:44Z
2026-10-10,Lille vs Le Havre,ligue_1,Lille,local,a_puerta,5.5,1.818,1.846,0.5038,0.5997,,vivo,,2026-10-10T06:40:44Z
2026-10-10,Lille vs Le Havre,ligue_1,Lille,local,a_puerta,6.5,2.4,1.462,0.3786,0.4508,,vivo,,2026-10-10T06:40:44Z
2026-10-10,Lille vs Le Havre,ligue_1,Le Havre,visitante,tiros,7.5,1.455,2.429,0.6254,0.8133,más,vivo,,2026-10-10T06:40:44Z
2026-10-10,Lille vs Le Havre,ligue_1,Le Havre,visitante,tiros,8.5,1.727,1.95,0.5303,0.7306,más,vivo,,2026-10-10T06:40:44Z
2026-10-10,Lille vs Le Havre,ligue_1,Le Havre,visitante,tiros,9.5,2.05,1.636,0.4438,0.6379,más,vivo,,2026-10-10T06:40:44Z
2026-10-10,Lille vs Le Havre,ligue_1,Le Havre,visitante,a_puerta,2.5,1.5,2.3,0.6053,0.661,,vivo,,2026-10-10T06:40:44Z
2026-10-10,Lille vs Le Havre,ligue_1,Le Havre,visitante,a_puerta,3.5,2.125,1.615,0.4318,0.4508,,vivo,,2026-10-10T06:40:44Z
2026-10-10,Lille vs Le Havre,ligue_1,Le Havre,visitante,a_puerta,4.5,3.1,1.286,0.2932,0.2708,,vivo,,2026-10-10T06:40:44Z
2026-10-10,Vicenza vs Pisa,ita_serie_b,Vicenza,local,tiros,12.5,1.538,2.222,0.591,0.5651,,vivo,,2026-10-10T06:40:44Z
2026-10-10,Vicenza vs Pisa,ita_serie_b,Vicenza,local,tiros,13.5,1.75,1.889,0.5191,0.4807,,vivo,,2026-10-10T06:40:44Z
2026-10-10,Vicenza vs Pisa,ita_serie_b,Vicenza,local,tiros,14.5,2.05,1.636,0.4438,0.4,,vivo,,2026-10-10T06:40:44Z
2026-10-10,Vicenza vs Pisa,ita_serie_b,Vicenza,local,a_puerta,3.5,1.5,2.3,0.6053,0.6088,,vivo,,2026-10-10T06:40:44Z
2026-10-10,Vicenza vs Pisa,ita_serie_b,Vicenza,local,a_puerta,4.5,2.0,1.667,0.4546,0.4236,,vivo,,2026-10-10T06:40:44Z
2026-10-10,Vicenza vs Pisa,ita_serie_b,Vicenza,local,a_puerta,5.5,2.8,1.35,0.3253,0.2659,,vivo,,2026-10-10T06:40:44Z
2026-10-10,Vicenza vs Pisa,ita_serie_b,Pisa,visitante,tiros,10.5,1.6,2.1,0.5676,0.7185,más,vivo,,2026-10-10T06:40:44Z
2026-10-10,Vicenza vs Pisa,ita_serie_b,Pisa,visitante,tiros,11.5,1.85,1.786,0.4912,0.6363,más,vivo,,2026-10-10T06:40:44Z
2026-10-10,Vicenza vs Pisa,ita_serie_b,Pisa,visitante,tiros,12.5,2.2,1.546,0.4127,0.5508,más,vivo,,2026-10-10T06:40:44Z
2026-10-10,Vicenza vs Pisa,ita_serie_b,Pisa,visitante,a_puerta,3.5,1.538,2.222,0.591,0.6252,,vivo,,2026-10-10T06:40:44Z
2026-10-10,Vicenza vs Pisa,ita_serie_b,Pisa,visitante,a_puerta,4.5,2.083,1.615,0.4367,0.4412,,vivo,,2026-10-10T06:40:44Z
2026-10-10,Vicenza vs Pisa,ita_serie_b,Pisa,visitante,a_puerta,5.5,3.0,1.308,0.3036,0.2814,,vivo,,2026-10-10T06:40:44Z
2026-10-10,Rizespor vs Fenerbahce,turquia,Rizespor,local,tiros,12.5,1.818,1.818,0.5,0.4325,,vivo,,2026-10-10T06:40:44Z
2026-10-10,Rizespor vs Fenerbahce,turquia,Rizespor,local,a_puerta,3.5,1.714,1.933,0.53,0.6072,,vivo,,2026-10-10T06:40:44Z
2026-10-10,Rizespor vs Fenerbahce,turquia,Fenerbahce,visitante,tiros,15.5,1.909,1.733,0.4758,0.5797,más,vivo,,2026-10-10T06:40:44Z
2026-10-10,Rizespor vs Fenerbahce,turquia,Fenerbahce,visitante,a_puerta,5.5,1.889,1.75,0.4809,0.5729,,vivo,,2026-10-10T06:40:44Z
2026-10-10,Rosenborg vs Sandefjord,noruega,Rosenborg,local,tiros,16.5,1.571,2.167,0.5797,0.6842,más,vivo,,2026-10-10T06:40:44Z
2026-10-10,Rosenborg vs Sandefjord,noruega,Rosenborg,local,tiros,17.5,1.76,1.875,0.5158,0.6212,más,vivo,,2026-10-10T06:40:44Z
2026-10-10,Rosenborg vs Sandefjord,noruega,Rosenborg,local,tiros,18.5,2.0,1.667,0.4546,0.5568,más,vivo,,2026-10-10T06:40:44Z
2026-10-10,Rosenborg vs Sandefjord,noruega,Rosenborg,local,a_puerta,5.5,1.53,2.25,0.5952,0.7556,,vivo,,2026-10-10T06:40:44Z
2026-10-10,Rosenborg vs Sandefjord,noruega,Rosenborg,local,a_puerta,6.5,1.933,1.714,0.47,0.629,,vivo,,2026-10-10T06:40:44Z
2026-10-10,Rosenborg vs Sandefjord,noruega,Rosenborg,local,a_puerta,7.5,2.5,1.429,0.3637,0.4945,,vivo,,2026-10-10T06:40:44Z
2026-10-10,Rosenborg vs Sandefjord,noruega,Sandefjord,visitante,tiros,10.5,1.615,2.083,0.5633,0.544,,vivo,,2026-10-10T06:40:44Z
2026-10-10,Rosenborg vs Sandefjord,noruega,Sandefjord,visitante,tiros,11.5,1.875,1.76,0.4842,0.4488,,vivo,,2026-10-10T06:40:44Z
2026-10-10,Rosenborg vs Sandefjord,noruega,Sandefjord,visitante,tiros,12.5,2.222,1.538,0.409,0.3599,,vivo,,2026-10-10T06:40:44Z
2026-10-10,Rosenborg vs Sandefjord,noruega,Sandefjord,visitante,a_puerta,2.5,1.417,2.546,0.6424,0.7077,,vivo,,2026-10-10T06:40:44Z
2026-10-10,Rosenborg vs Sandefjord,noruega,Sandefjord,visitante,a_puerta,3.5,1.933,1.714,0.47,0.506,,vivo,,2026-10-10T06:40:44Z
2026-10-10,Rosenborg vs Sandefjord,noruega,Sandefjord,visitante,a_puerta,4.5,2.8,1.35,0.3253,0.3208,,vivo,,2026-10-10T06:40:44Z
2026-10-10,RAAL La Louviere vs Club Brugge,bel_pro_league,RAAL La Louviere,local,tiros,9.5,1.471,2.375,0.6175,0.6734,,vivo,,2026-10-10T06:40:44Z
2026-10-10,RAAL La Louviere vs Club Brugge,bel_pro_league,RAAL La Louviere,local,tiros,10.5,1.7,1.95,0.5342,0.5798,,vivo,,2026-10-10T06:40:44Z
2026-10-10,RAAL La Louviere vs Club Brugge,bel_pro_league,RAAL La Louviere,local,tiros,11.5,2.0,1.667,0.4546,0.4857,,vivo,,2026-10-10T06:40:44Z
2026-10-10,RAAL La Louviere vs Club Brugge,bel_pro_league,RAAL La Louviere,local,a_puerta,2.5,1.5,2.3,0.6053,0.655,,vivo,,2026-10-10T06:40:44Z
2026-10-10,RAAL La Louviere vs Club Brugge,bel_pro_league,RAAL La Louviere,local,a_puerta,3.5,2.1,1.6,0.4324,0.4439,,vivo,,2026-10-10T06:40:44Z
2026-10-10,RAAL La Louviere vs Club Brugge,bel_pro_league,RAAL La Louviere,local,a_puerta,4.5,3.2,1.273,0.2846,0.2648,,vivo,,2026-10-10T06:40:44Z
2026-10-10,RAAL La Louviere vs Club Brugge,bel_pro_league,Club Brugge,visitante,tiros,17.5,1.6,2.1,0.5676,0.4336,,vivo,,2026-10-10T06:40:44Z
2026-10-10,RAAL La Louviere vs Club Brugge,bel_pro_league,Club Brugge,visitante,tiros,18.5,1.8,1.833,0.5045,0.3671,,vivo,,2026-10-10T06:40:44Z
2026-10-10,RAAL La Louviere vs Club Brugge,bel_pro_league,Club Brugge,visitante,tiros,19.5,2.05,1.636,0.4438,0.3059,,vivo,,2026-10-10T06:40:44Z
2026-10-10,RAAL La Louviere vs Club Brugge,bel_pro_league,Club Brugge,visitante,a_puerta,5.5,1.615,2.083,0.5633,0.5832,,vivo,,2026-10-10T06:40:44Z
2026-10-10,RAAL La Louviere vs Club Brugge,bel_pro_league,Club Brugge,visitante,a_puerta,6.5,2.083,1.615,0.4367,0.4336,,vivo,,2026-10-10T06:40:44Z
2026-10-10,RAAL La Louviere vs Club Brugge,bel_pro_league,Club Brugge,visitante,a_puerta,7.5,2.8,1.35,0.3253,0.3003,,vivo,,2026-10-10T06:40:44Z
2026-10-10,RB Leipzig vs Ein Frankfurt,bundesliga,RB Leipzig,local,tiros,16.5,1.667,2.0,0.5454,0.7073,más,vivo,,2026-10-10T06:40:44Z
2026-10-10,RB Leipzig vs Ein Frankfurt,bundesliga,RB Leipzig,local,tiros,17.5,1.909,1.76,0.4797,0.6465,más,vivo,,2026-10-10T06:40:44Z
2026-10-10,RB Leipzig vs Ein Frankfurt,bundesliga,RB Leipzig,local,tiros,18.5,2.167,1.571,0.4203,0.5835,más,vivo,,2026-10-10T06:40:44Z
2026-10-10,RB Leipzig vs Ein Frankfurt,bundesliga,RB Leipzig,local,a_puerta,5.5,1.455,2.429,0.6254,0.7929,,vivo,,2026-10-10T06:40:44Z
2026-10-10,RB Leipzig vs Ein Frankfurt,bundesliga,RB Leipzig,local,a_puerta,6.5,1.818,1.846,0.5038,0.6762,,vivo,,2026-10-10T06:40:44Z
2026-10-10,RB Leipzig vs Ein Frankfurt,bundesliga,RB Leipzig,local,a_puerta,7.5,2.364,1.48,0.385,0.5468,,vivo,,2026-10-10T06:40:44Z
2026-10-10,RB Leipzig vs Ein Frankfurt,bundesliga,Ein Frankfurt,visitante,tiros,9.5,1.636,2.05,0.5562,0.623,,vivo,,2026-10-10T06:40:44Z
2026-10-10,RB Leipzig vs Ein Frankfurt,bundesliga,Ein Frankfurt,visitante,tiros,10.5,1.923,1.75,0.4764,0.525,,vivo,,2026-10-10T06:40:44Z
2026-10-10,RB Leipzig vs Ein Frankfurt,bundesliga,Ein Frankfurt,visitante,tiros,11.5,2.3,1.5,0.3947,0.4295,,vivo,,2026-10-10T06:40:44Z
2026-10-10,RB Leipzig vs Ein Frankfurt,bundesliga,Ein Frankfurt,visitante,a_puerta,2.5,1.364,2.714,0.6655,0.7607,,vivo,,2026-10-10T06:40:44Z
2026-10-10,RB Leipzig vs Ein Frankfurt,bundesliga,Ein Frankfurt,visitante,a_puerta,3.5,1.846,1.818,0.4962,0.5736,,vivo,,2026-10-10T06:40:44Z
2026-10-10,RB Leipzig vs Ein Frankfurt,bundesliga,Ein Frankfurt,visitante,a_puerta,4.5,2.6,1.4,0.35,0.3869,,vivo,,2026-10-10T06:40:44Z
2026-10-10,Barcelona vs Getafe,laliga,Barcelona,local,tiros,19.5,1.615,2.083,0.5633,0.6713,más,vivo,,2026-10-10T06:40:44Z
2026-10-10,Barcelona vs Getafe,laliga,Barcelona,local,tiros,20.5,1.8,1.867,0.5091,0.6147,más,vivo,,2026-10-10T06:40:44Z
2026-10-10,Barcelona vs Getafe,laliga,Barcelona,local,tiros,21.5,2.0,1.667,0.4546,0.5571,más,vivo,,2026-10-10T06:40:44Z
2026-10-10,Barcelona vs Getafe,laliga,Barcelona,local,a_puerta,6.5,1.375,2.667,0.6598,0.7864,,vivo,,2026-10-10T06:40:44Z
2026-10-10,Barcelona vs Getafe,laliga,Barcelona,local,a_puerta,7.5,1.68,2.0,0.5435,0.6784,,vivo,,2026-10-10T06:40:44Z
2026-10-10,Barcelona vs Getafe,laliga,Barcelona,local,a_puerta,8.5,2.083,1.615,0.4367,0.5591,,vivo,,2026-10-10T06:40:44Z
2026-10-10,Barcelona vs Getafe,laliga,Getafe,visitante,tiros,5.5,1.4,2.6,0.65,0.5554,,vivo,,2026-10-10T06:40:44Z
2026-10-10,Barcelona vs Getafe,laliga,Getafe,visitante,tiros,6.5,1.692,2.0,0.5417,0.4151,,vivo,,2026-10-10T06:40:44Z
2026-10-10,Barcelona vs Getafe,laliga,Getafe,visitante,tiros,7.5,2.05,1.636,0.4438,0.2925,,vivo,,2026-10-10T06:40:44Z
2026-10-10,Barcelona vs Getafe,laliga,Getafe,visitante,a_puerta,1.5,1.455,2.429,0.6254,0.645,,vivo,,2026-10-10T06:40:44Z
2026-10-10,Barcelona vs Getafe,laliga,Getafe,visitante,a_puerta,2.5,2.222,1.556,0.4119,0.3835,,vivo,,2026-10-10T06:40:44Z
2026-10-10,Barcelona vs Getafe,laliga,Getafe,visitante,a_puerta,3.5,3.5,1.231,0.2602,0.1902,,vivo,,2026-10-10T06:40:44Z
2026-10-10,Man United vs Tottenham,premier,Man United,local,tiros,16.5,1.667,2.0,0.5454,0.6475,más,vivo,,2026-10-10T06:40:44Z
2026-10-10,Man United vs Tottenham,premier,Man United,local,tiros,17.5,1.909,1.76,0.4797,0.5818,más,vivo,,2026-10-10T06:40:44Z
2026-10-10,Man United vs Tottenham,premier,Man United,local,tiros,18.5,2.2,1.546,0.4127,0.5157,más,vivo,,2026-10-10T06:40:44Z
2026-10-10,Man United vs Tottenham,premier,Man United,local,a_puerta,4.5,1.364,2.714,0.6655,0.8141,,vivo,,2026-10-10T06:40:44Z
2026-10-10,Man United vs Tottenham,premier,Man United,local,a_puerta,5.5,1.714,1.96,0.5335,0.6912,,vivo,,2026-10-10T06:40:44Z
2026-10-10,Man United vs Tottenham,premier,Man United,local,a_puerta,6.5,2.222,1.538,0.409,0.5519,,vivo,,2026-10-10T06:40:44Z
2026-10-10,Man United vs Tottenham,premier,Tottenham,visitante,tiros,10.5,1.538,2.222,0.591,0.5579,,vivo,,2026-10-10T06:40:44Z
2026-10-10,Man United vs Tottenham,premier,Tottenham,visitante,tiros,11.5,1.778,1.889,0.5151,0.463,,vivo,,2026-10-10T06:40:44Z
2026-10-10,Man United vs Tottenham,premier,Tottenham,visitante,tiros,12.5,2.083,1.615,0.4367,0.3737,,vivo,,2026-10-10T06:40:44Z
2026-10-10,Man United vs Tottenham,premier,Tottenham,visitante,a_puerta,2.5,1.308,3.0,0.6964,0.7061,,vivo,,2026-10-10T06:40:44Z
2026-10-10,Man United vs Tottenham,premier,Tottenham,visitante,a_puerta,3.5,1.733,1.941,0.5283,0.504,,vivo,,2026-10-10T06:40:44Z
2026-10-10,Man United vs Tottenham,premier,Tottenham,visitante,a_puerta,4.5,2.429,1.455,0.3746,0.3189,,vivo,,2026-10-10T06:40:44Z
2026-10-10,Feyenoord vs AZ Alkmaar,eredivisie,Feyenoord,local,tiros,15.5,1.733,1.909,0.5242,0.4992,,vivo,,2026-10-10T06:40:44Z
2026-10-10,Feyenoord vs AZ Alkmaar,eredivisie,Feyenoord,local,a_puerta,5.5,1.786,1.85,0.5088,0.4386,,vivo,,2026-10-10T06:40:44Z
2026-10-10,Feyenoord vs AZ Alkmaar,eredivisie,AZ Alkmaar,visitante,tiros,11.5,1.714,1.933,0.53,0.4161,,vivo,,2026-10-10T06:40:44Z
2026-10-10,Feyenoord vs AZ Alkmaar,eredivisie,AZ Alkmaar,visitante,a_puerta,4.5,2.1,1.6,0.4324,0.369,,vivo,,2026-10-10T06:40:44Z
2026-10-10,Maritimo vs Porto,primeira,Maritimo,local,tiros,7.5,1.5,2.3,0.6053,0.6242,,vivo,,2026-10-10T06:40:44Z
2026-10-10,Maritimo vs Porto,primeira,Maritimo,local,tiros,8.5,1.76,1.875,0.5158,0.5105,,vivo,,2026-10-10T06:40:44Z
2026-10-10,Maritimo vs Porto,primeira,Maritimo,local,tiros,9.5,2.143,1.583,0.4249,0.4015,,vivo,,2026-10-10T06:40:44Z
2026-10-10,Maritimo vs Porto,primeira,Maritimo,local,a_puerta,1.5,1.364,2.714,0.6655,0.73,,vivo,,2026-10-10T06:40:44Z
2026-10-10,Maritimo vs Porto,primeira,Maritimo,local,a_puerta,2.5,2.0,1.667,0.4546,0.4856,,vivo,,2026-10-10T06:40:44Z
2026-10-10,Maritimo vs Porto,primeira,Maritimo,local,a_puerta,3.5,3.1,1.286,0.2932,0.2739,,vivo,,2026-10-10T06:40:44Z
2026-10-10,Maritimo vs Porto,primeira,Porto,visitante,tiros,14.5,1.538,2.222,0.591,0.5862,,vivo,,2026-10-10T06:40:44Z
2026-10-10,Maritimo vs Porto,primeira,Porto,visitante,tiros,15.5,1.733,1.909,0.5242,0.5107,,vivo,,2026-10-10T06:40:44Z
2026-10-10,Maritimo vs Porto,primeira,Porto,visitante,tiros,16.5,2.0,1.667,0.4546,0.4371,,vivo,,2026-10-10T06:40:44Z
2026-10-10,Maritimo vs Porto,primeira,Porto,visitante,a_puerta,4.5,1.429,2.5,0.6363,0.7083,,vivo,,2026-10-10T06:40:44Z
2026-10-10,Maritimo vs Porto,primeira,Porto,visitante,a_puerta,5.5,1.786,1.85,0.5088,0.5567,,vivo,,2026-10-10T06:40:44Z
2026-10-10,Maritimo vs Porto,primeira,Porto,visitante,a_puerta,6.5,2.375,1.471,0.3825,0.4064,,vivo,,2026-10-10T06:40:44Z
2026-10-10,Toronto FC vs CF Montreal,mls,Toronto FC,local,tiros,13.5,1.615,2.083,0.5633,0.6084,,vivo,,2026-10-10T06:40:44Z
2026-10-10,Toronto FC vs CF Montreal,mls,Toronto FC,local,tiros,14.5,1.85,1.818,0.4956,0.5301,,vivo,,2026-10-10T06:40:44Z
2026-10-10,Toronto FC vs CF Montreal,mls,Toronto FC,local,tiros,15.5,2.143,1.583,0.4249,0.4532,,vivo,,2026-10-10T06:40:44Z
2026-10-10,Toronto FC vs CF Montreal,mls,Toronto FC,local,a_puerta,4.5,1.571,2.167,0.5797,0.6222,,vivo,,2026-10-10T06:40:44Z
2026-10-10,Toronto FC vs CF Montreal,mls,Toronto FC,local,a_puerta,5.5,2.05,1.647,0.4455,0.4591,,vivo,,2026-10-10T06:40:44Z
2026-10-10,Toronto FC vs CF Montreal,mls,Toronto FC,local,a_puerta,6.5,2.8,1.35,0.3253,0.3121,,vivo,,2026-10-10T06:40:44Z
2026-10-10,Toronto FC vs CF Montreal,mls,CF Montreal,visitante,tiros,10.5,1.538,2.222,0.591,0.6257,,vivo,,2026-10-10T06:40:44Z
2026-10-10,Toronto FC vs CF Montreal,mls,CF Montreal,visitante,tiros,11.5,1.786,1.875,0.5122,0.5341,,vivo,,2026-10-10T06:40:44Z
2026-10-10,Toronto FC vs CF Montreal,mls,CF Montreal,visitante,tiros,12.5,2.083,1.615,0.4367,0.4442,,vivo,,2026-10-10T06:40:44Z
2026-10-10,Toronto FC vs CF Montreal,mls,CF Montreal,visitante,a_puerta,3.5,1.538,2.222,0.591,0.6407,,vivo,,2026-10-10T06:40:44Z
2026-10-10,Toronto FC vs CF Montreal,mls,CF Montreal,visitante,a_puerta,4.5,2.1,1.625,0.4362,0.4583,,vivo,,2026-10-10T06:40:44Z
2026-10-10,Toronto FC vs CF Montreal,mls,CF Montreal,visitante,a_puerta,5.5,3.0,1.308,0.3036,0.2967,,vivo,,2026-10-10T06:40:44Z
2026-10-10,Arezzo vs Cremonese,ita_serie_b,Arezzo,local,tiros,11.5,1.583,2.143,0.5751,0.5184,,vivo,,2026-10-10T06:40:44Z
2026-10-10,Arezzo vs Cremonese,ita_serie_b,Arezzo,local,tiros,12.5,1.818,1.818,0.5,0.4284,,vivo,,2026-10-10T06:40:44Z
2026-10-10,Arezzo vs Cremonese,ita_serie_b,Arezzo,local,tiros,13.5,2.143,1.583,0.4249,0.345,,vivo,,2026-10-10T06:40:44Z
2026-10-10,Arezzo vs Cremonese,ita_serie_b,Arezzo,local,a_puerta,2.5,1.308,3.0,0.6964,0.7048,,vivo,,2026-10-10T06:40:44Z
2026-10-10,Arezzo vs Cremonese,ita_serie_b,Arezzo,local,a_puerta,3.5,1.714,1.933,0.53,0.5024,,vivo,,2026-10-10T06:40:44Z
2026-10-10,Arezzo vs Cremonese,ita_serie_b,Arezzo,local,a_puerta,4.5,2.429,1.455,0.3746,0.3174,,vivo,,2026-10-10T06:40:44Z
2026-10-10,Arezzo vs Cremonese,ita_serie_b,Cremonese,visitante,tiros,9.5,1.636,2.05,0.5562,0.7461,más,vivo,,2026-10-10T06:40:44Z
2026-10-10,Arezzo vs Cremonese,ita_serie_b,Cremonese,visitante,tiros,10.5,1.909,1.733,0.4758,0.6624,más,vivo,,2026-10-10T06:40:44Z
2026-10-10,Arezzo vs Cremonese,ita_serie_b,Cremonese,visitante,tiros,11.5,2.3,1.5,0.3947,0.5738,más,vivo,,2026-10-10T06:40:44Z
2026-10-10,Arezzo vs Cremonese,ita_serie_b,Cremonese,visitante,a_puerta,2.5,1.308,3.0,0.6964,0.7962,,vivo,,2026-10-10T06:40:44Z
2026-10-10,Arezzo vs Cremonese,ita_serie_b,Cremonese,visitante,a_puerta,3.5,1.7,1.95,0.5342,0.6223,,vivo,,2026-10-10T06:40:44Z
2026-10-10,Arezzo vs Cremonese,ita_serie_b,Cremonese,visitante,a_puerta,4.5,2.4,1.462,0.3786,0.4381,,vivo,,2026-10-10T06:40:44Z
2026-10-10,St Etienne vs Rodez,fra_ligue2,St Etienne,local,tiros,17.5,1.889,1.75,0.4809,0.4772,,vivo,,2026-10-10T06:40:44Z
2026-10-10,St Etienne vs Rodez,fra_ligue2,St Etienne,local,a_puerta,6.5,1.933,1.714,0.47,0.4533,,vivo,,2026-10-10T06:40:44Z
2026-10-10,St Etienne vs Rodez,fra_ligue2,Rodez,visitante,tiros,9.5,1.786,1.85,0.5088,0.3493,,vivo,,2026-10-10T06:40:44Z
2026-10-10,St Etienne vs Rodez,fra_ligue2,Rodez,visitante,a_puerta,3.5,2.083,1.615,0.4367,0.3009,,vivo,,2026-10-10T06:40:44Z
2026-10-10,For Sittard vs Twente,eredivisie,For Sittard,local,tiros,10.5,1.75,1.889,0.5191,0.409,,vivo,,2026-10-10T06:40:44Z
2026-10-10,For Sittard vs Twente,eredivisie,For Sittard,local,a_puerta,3.5,1.818,1.818,0.5,0.3997,,vivo,,2026-10-10T06:40:44Z
2026-10-10,For Sittard vs Twente,eredivisie,Twente,visitante,tiros,17.5,1.857,1.778,0.4891,0.6986,más,vivo,,2026-10-10T06:40:44Z
2026-10-10,For Sittard vs Twente,eredivisie,Twente,visitante,a_puerta,6.5,2.0,1.667,0.4546,0.6783,,vivo,,2026-10-10T06:40:44Z
2026-10-10,Chicago Fire vs New York City,mls,Chicago Fire,local,tiros,13.5,1.538,2.222,0.591,0.6238,,vivo,,2026-10-10T06:40:44Z
2026-10-10,Chicago Fire vs New York City,mls,Chicago Fire,local,tiros,14.5,1.76,1.909,0.5203,0.5464,,vivo,,2026-10-10T06:40:44Z
2026-10-10,Chicago Fire vs New York City,mls,Chicago Fire,local,tiros,15.5,2.0,1.667,0.4546,0.4698,,vivo,,2026-10-10T06:40:44Z
2026-10-10,Chicago Fire vs New York City,mls,Chicago Fire,local,a_puerta,4.5,1.538,2.222,0.591,0.7084,,vivo,,2026-10-10T06:40:44Z
2026-10-10,Chicago Fire vs New York City,mls,Chicago Fire,local,a_puerta,5.5,2.0,1.692,0.4583,0.5569,,vivo,,2026-10-10T06:40:44Z
2026-10-10,Chicago Fire vs New York City,mls,Chicago Fire,local,a_puerta,6.5,2.714,1.364,0.3345,0.4065,,vivo,,2026-10-10T06:40:44Z
2026-10-10,Chicago Fire vs New York City,mls,New York City,visitante,tiros,9.5,1.48,2.364,0.615,0.5971,,vivo,,2026-10-10T06:40:44Z
2026-10-10,Chicago Fire vs New York City,mls,New York City,visitante,tiros,10.5,1.727,1.95,0.5303,0.4974,,vivo,,2026-10-10T06:40:44Z
2026-10-10,Chicago Fire vs New York City,mls,New York City,visitante,tiros,11.5,2.0,1.667,0.4546,0.402,,vivo,,2026-10-10T06:40:44Z
2026-10-10,Chicago Fire vs New York City,mls,New York City,visitante,a_puerta,2.5,1.286,3.1,0.7068,0.7409,,vivo,,2026-10-10T06:40:44Z
2026-10-10,Chicago Fire vs New York City,mls,New York City,visitante,a_puerta,3.5,1.647,2.05,0.5545,0.5477,,vivo,,2026-10-10T06:40:44Z
2026-10-10,Chicago Fire vs New York City,mls,New York City,visitante,a_puerta,4.5,2.25,1.52,0.4032,0.3609,,vivo,,2026-10-10T06:40:44Z
2026-10-10,Nurnberg vs Wolfsburg,ger_bundesliga2,Nurnberg,local,tiros,14.5,1.667,2.0,0.5454,0.5844,,vivo,,2026-10-10T06:40:44Z
2026-10-10,Nurnberg vs Wolfsburg,ger_bundesliga2,Nurnberg,local,tiros,15.5,1.923,1.727,0.4732,0.5089,,vivo,,2026-10-10T06:40:44Z
2026-10-10,Nurnberg vs Wolfsburg,ger_bundesliga2,Nurnberg,local,tiros,16.5,2.222,1.538,0.409,0.4353,,vivo,,2026-10-10T06:40:44Z
2026-10-10,Nurnberg vs Wolfsburg,ger_bundesliga2,Nurnberg,local,a_puerta,4.5,1.546,2.2,0.5873,0.6273,,vivo,,2026-10-10T06:40:44Z
2026-10-10,Nurnberg vs Wolfsburg,ger_bundesliga2,Nurnberg,local,a_puerta,5.5,2.0,1.667,0.4546,0.4646,,vivo,,2026-10-10T06:40:44Z
2026-10-10,Nurnberg vs Wolfsburg,ger_bundesliga2,Nurnberg,local,a_puerta,6.5,2.8,1.35,0.3253,0.3172,,vivo,,2026-10-10T06:40:44Z
2026-10-10,Nurnberg vs Wolfsburg,ger_bundesliga2,Wolfsburg,visitante,tiros,12.5,1.615,2.083,0.5633,0.6282,,vivo,,2026-10-10T06:40:44Z
2026-10-10,Nurnberg vs Wolfsburg,ger_bundesliga2,Wolfsburg,visitante,tiros,13.5,1.875,1.76,0.4842,0.5469,,vivo,,2026-10-10T06:40:44Z
2026-10-10,Nurnberg vs Wolfsburg,ger_bundesliga2,Wolfsburg,visitante,tiros,14.5,2.2,1.546,0.4127,0.4664,,vivo,,2026-10-10T06:40:44Z
2026-10-10,Nurnberg vs Wolfsburg,ger_bundesliga2,Wolfsburg,visitante,a_puerta,3.5,1.364,2.714,0.6655,0.7659,,vivo,,2026-10-10T06:40:44Z
2026-10-10,Nurnberg vs Wolfsburg,ger_bundesliga2,Wolfsburg,visitante,a_puerta,4.5,1.733,1.909,0.5242,0.6086,,vivo,,2026-10-10T06:40:44Z
2026-10-10,Nurnberg vs Wolfsburg,ger_bundesliga2,Wolfsburg,visitante,a_puerta,5.5,2.364,1.48,0.385,0.4445,,vivo,,2026-10-10T06:40:44Z
2026-10-10,Monaco vs Toulouse,ligue_1,Monaco,local,tiros,13.5,1.6,2.1,0.5676,0.6541,,vivo,,2026-10-10T06:40:44Z
2026-10-10,Monaco vs Toulouse,ligue_1,Monaco,local,tiros,14.5,1.846,1.818,0.4962,0.5788,,vivo,,2026-10-10T06:40:44Z
2026-10-10,Monaco vs Toulouse,ligue_1,Monaco,local,tiros,15.5,2.1,1.6,0.4324,0.5031,,vivo,,2026-10-10T06:40:44Z
2026-10-10,Monaco vs Toulouse,ligue_1,Monaco,local,a_puerta,4.5,1.538,2.222,0.591,0.6317,,vivo,,2026-10-10T06:40:44Z
2026-10-10,Monaco vs Toulouse,ligue_1,Monaco,local,a_puerta,5.5,2.0,1.692,0.4583,0.4694,,vivo,,2026-10-10T06:40:44Z
2026-10-10,Monaco vs Toulouse,ligue_1,Monaco,local,a_puerta,6.5,2.714,1.364,0.3345,0.3216,,vivo,,2026-10-10T06:40:44Z
2026-10-10,Monaco vs Toulouse,ligue_1,Toulouse,visitante,tiros,8.5,1.48,2.364,0.615,0.7338,más,vivo,,2026-10-10T06:40:44Z
2026-10-10,Monaco vs Toulouse,ligue_1,Toulouse,visitante,tiros,9.5,1.733,1.941,0.5283,0.6417,más,vivo,,2026-10-10T06:40:44Z
2026-10-10,Monaco vs Toulouse,ligue_1,Toulouse,visitante,tiros,10.5,2.05,1.636,0.4438,0.5451,más,vivo,,2026-10-10T06:40:44Z
2026-10-10,Monaco vs Toulouse,ligue_1,Toulouse,visitante,a_puerta,2.5,1.364,2.714,0.6655,0.7182,,vivo,,2026-10-10T06:40:44Z
2026-10-10,Monaco vs Toulouse,ligue_1,Toulouse,visitante,a_puerta,3.5,1.833,1.833,0.5,0.519,,vivo,,2026-10-10T06:40:44Z
2026-10-10,Monaco vs Toulouse,ligue_1,Toulouse,visitante,a_puerta,4.5,2.6,1.4,0.35,0.3331,,vivo,,2026-10-10T06:40:44Z
2026-10-10,Napoli vs Frosinone,serie_a,Napoli,local,tiros,17.5,1.583,2.143,0.5751,0.5235,,vivo,,2026-10-10T06:40:44Z
2026-10-10,Napoli vs Frosinone,serie_a,Napoli,local,tiros,18.5,1.778,1.889,0.5151,0.4561,,vivo,,2026-10-10T06:40:44Z
2026-10-10,Napoli vs Frosinone,serie_a,Napoli,local,tiros,19.5,2.0,1.667,0.4546,0.3916,,vivo,,2026-10-10T06:40:44Z
2026-10-10,Napoli vs Frosinone,serie_a,Napoli,local,a_puerta,4.5,1.429,2.5,0.6363,0.7573,,vivo,,2026-10-10T06:40:44Z
2026-10-10,Napoli vs Frosinone,serie_a,Napoli,local,a_puerta,5.5,1.818,1.85,0.5044,0.6168,,vivo,,2026-10-10T06:40:44Z
2026-10-10,Napoli vs Frosinone,serie_a,Napoli,local,a_puerta,6.5,2.375,1.471,0.3825,0.469,,vivo,,2026-10-10T06:40:44Z
2026-10-10,Napoli vs Frosinone,serie_a,Frosinone,visitante,tiros,12.5,1.692,1.96,0.5367,0.458,,vivo,,2026-10-10T06:40:44Z
2026-10-10,Napoli vs Frosinone,serie_a,Frosinone,visitante,tiros,13.5,1.96,1.714,0.4665,0.3735,,vivo,,2026-10-10T06:40:44Z
2026-10-10,Napoli vs Frosinone,serie_a,Frosinone,visitante,tiros,14.5,2.3,1.5,0.3947,0.2973,,vivo,,2026-10-10T06:40:44Z
2026-10-10,Napoli vs Frosinone,serie_a,Frosinone,visitante,a_puerta,2.5,1.333,2.857,0.6819,0.7315,,vivo,,2026-10-10T06:40:44Z
2026-10-10,Napoli vs Frosinone,serie_a,Frosinone,visitante,a_puerta,3.5,1.76,1.909,0.5203,0.5357,,vivo,,2026-10-10T06:40:44Z
2026-10-10,Napoli vs Frosinone,serie_a,Frosinone,visitante,a_puerta,4.5,2.5,1.429,0.3637,0.3492,,vivo,,2026-10-10T06:40:44Z
2026-10-10,Lorient vs Paris FC,ligue_1,Lorient,local,tiros,10.5,1.636,2.05,0.5562,0.5488,,vivo,,2026-10-10T06:40:44Z
2026-10-10,Lorient vs Paris FC,ligue_1,Lorient,local,tiros,11.5,1.941,1.733,0.4717,0.4537,,vivo,,2026-10-10T06:40:44Z
2026-10-10,Lorient vs Paris FC,ligue_1,Lorient,local,tiros,12.5,2.3,1.5,0.3947,0.3646,,vivo,,2026-10-10T06:40:44Z
2026-10-10,Lorient vs Paris FC,ligue_1,Lorient,local,a_puerta,2.5,1.35,2.8,0.6747,0.6799,,vivo,,2026-10-10T06:40:44Z
2026-10-10,Lorient vs Paris FC,ligue_1,Lorient,local,a_puerta,3.5,1.818,1.846,0.5038,0.4727,,vivo,,2026-10-10T06:40:44Z
2026-10-10,Lorient vs Paris FC,ligue_1,Lorient,local,a_puerta,4.5,2.6,1.4,0.35,0.2902,,vivo,,2026-10-10T06:40:44Z
2026-10-10,Lorient vs Paris FC,ligue_1,Paris FC,visitante,tiros,11.5,1.667,2.0,0.5454,0.6507,más,vivo,,2026-10-10T06:40:44Z
2026-10-10,Lorient vs Paris FC,ligue_1,Paris FC,visitante,tiros,12.5,1.96,1.714,0.4665,0.5663,,vivo,,2026-10-10T06:40:44Z
2026-10-10,Lorient vs Paris FC,ligue_1,Paris FC,visitante,tiros,13.5,2.3,1.5,0.3947,0.482,,vivo,,2026-10-10T06:40:44Z
2026-10-10,Lorient vs Paris FC,ligue_1,Paris FC,visitante,a_puerta,2.5,1.273,3.2,0.7154,0.8145,,vivo,,2026-10-10T06:40:44Z
2026-10-10,Lorient vs Paris FC,ligue_1,Paris FC,visitante,a_puerta,3.5,1.647,2.05,0.5545,0.6485,,vivo,,2026-10-10T06:40:44Z
2026-10-10,Lorient vs Paris FC,ligue_1,Paris FC,visitante,a_puerta,4.5,2.25,1.52,0.4032,0.4669,,vivo,,2026-10-10T06:40:44Z
2026-10-10,Paris FC vs Le Mans,ligue_1,Paris FC,local,tiros,19.5,1.667,2.0,0.5454,0.5167,,vivo,,2026-10-10T06:40:44Z
2026-10-10,Paris FC vs Le Mans,ligue_1,Paris FC,local,tiros,20.5,1.889,1.778,0.4849,0.4543,,vivo,,2026-10-10T06:40:44Z
2026-10-10,Paris FC vs Le Mans,ligue_1,Paris FC,local,tiros,21.5,2.143,1.583,0.4249,0.3945,,vivo,,2026-10-10T06:40:44Z
2026-10-10,Paris FC vs Le Mans,ligue_1,Paris FC,local,a_puerta,7.5,1.546,2.2,0.5873,0.4711,,vivo,,2026-10-10T06:40:44Z
2026-10-10,Paris FC vs Le Mans,ligue_1,Paris FC,local,a_puerta,8.5,1.909,1.76,0.4797,0.3447,,vivo,,2026-10-10T06:40:44Z
2026-10-10,Paris FC vs Le Mans,ligue_1,Paris FC,local,a_puerta,9.5,2.429,1.455,0.3746,0.2381,,vivo,,2026-10-10T06:40:44Z
2026-10-10,Paris FC vs Le Mans,ligue_1,Le Mans,visitante,tiros,6.5,1.571,2.167,0.5797,0.4487,,vivo,,2026-10-10T06:40:44Z
2026-10-10,Paris FC vs Le Mans,ligue_1,Le Mans,visitante,tiros,7.5,1.909,1.76,0.4797,0.3235,,vivo,,2026-10-10T06:40:44Z
2026-10-10,Paris FC vs Le Mans,ligue_1,Le Mans,visitante,tiros,8.5,2.364,1.48,0.385,0.2209,,vivo,,2026-10-10T06:40:44Z
2026-10-10,Paris FC vs Le Mans,ligue_1,Le Mans,visitante,a_puerta,1.5,1.333,2.857,0.6819,0.591,,vivo,,2026-10-10T06:40:44Z
2026-10-10,Paris FC vs Le Mans,ligue_1,Le Mans,visitante,a_puerta,2.5,1.909,1.76,0.4797,0.3265,,vivo,,2026-10-10T06:40:44Z
2026-10-10,Paris FC vs Le Mans,ligue_1,Le Mans,visitante,a_puerta,3.5,3.0,1.308,0.3036,0.1491,,vivo,,2026-10-10T06:40:44Z
2026-10-10,Brest vs Angers,ligue_1,Brest,local,tiros,13.5,1.667,2.0,0.5454,0.7258,más,vivo,,2026-10-10T06:40:44Z
2026-10-10,Brest vs Angers,ligue_1,Brest,local,tiros,14.5,1.941,1.733,0.4717,0.6577,más,vivo,,2026-10-10T06:40:44Z
2026-10-10,Brest vs Angers,ligue_1,Brest,local,tiros,15.5,2.25,1.53,0.4048,0.5863,más,vivo,,2026-10-10T06:40:44Z
2026-10-10,Brest vs Angers,ligue_1,Brest,local,a_puerta,4.5,1.583,2.143,0.5751,0.6458,,vivo,,2026-10-10T06:40:44Z
2026-10-10,Brest vs Angers,ligue_1,Brest,local,a_puerta,5.5,2.083,1.636,0.4399,0.4849,,vivo,,2026-10-10T06:40:44Z
2026-10-10,Brest vs Angers,ligue_1,Brest,local,a_puerta,6.5,2.8,1.35,0.3253,0.3361,,vivo,,2026-10-10T06:40:44Z
2026-10-10,Brest vs Angers,ligue_1,Angers,visitante,tiros,9.5,1.546,2.2,0.5873,0.667,,vivo,,2026-10-10T06:40:44Z
2026-10-10,Brest vs Angers,ligue_1,Angers,visitante,tiros,10.5,1.818,1.846,0.5038,0.5728,,vivo,,2026-10-10T06:40:44Z
2026-10-10,Brest vs Angers,ligue_1,Angers,visitante,tiros,11.5,2.167,1.571,0.4203,0.4784,,vivo,,2026-10-10T06:40:44Z
2026-10-10,Brest vs Angers,ligue_1,Angers,visitante,a_puerta,2.5,1.4,2.6,0.65,0.7092,,vivo,,2026-10-10T06:40:44Z
2026-10-10,Brest vs Angers,ligue_1,Angers,visitante,a_puerta,3.5,1.909,1.76,0.4797,0.5078,,vivo,,2026-10-10T06:40:44Z
2026-10-10,Brest vs Angers,ligue_1,Angers,visitante,a_puerta,4.5,2.714,1.364,0.3345,0.3225,,vivo,,2026-10-10T06:40:44Z
2026-10-10,Waregem vs Gent,bel_pro_league,Waregem,local,tiros,11.5,1.52,2.25,0.5968,0.6279,,vivo,,2026-10-10T06:40:44Z
2026-10-10,Waregem vs Gent,bel_pro_league,Waregem,local,tiros,12.5,1.733,1.909,0.5242,0.5418,,vivo,,2026-10-10T06:40:44Z
2026-10-10,Waregem vs Gent,bel_pro_league,Waregem,local,tiros,13.5,2.0,1.667,0.4546,0.4569,,vivo,,2026-10-10T06:40:44Z
2026-10-10,Waregem vs Gent,bel_pro_league,Waregem,local,a_puerta,3.5,1.52,2.25,0.5968,0.5719,,vivo,,2026-10-10T06:40:44Z
2026-10-10,Waregem vs Gent,bel_pro_league,Waregem,local,a_puerta,4.5,2.0,1.667,0.4546,0.3852,,vivo,,2026-10-10T06:40:44Z
2026-10-10,Waregem vs Gent,bel_pro_league,Waregem,local,a_puerta,5.5,2.857,1.333,0.3181,0.2333,,vivo,,2026-10-10T06:40:44Z
2026-10-10,Waregem vs Gent,bel_pro_league,Gent,visitante,tiros,10.5,1.5,2.3,0.6053,0.5647,,vivo,,2026-10-10T06:40:44Z
2026-10-10,Waregem vs Gent,bel_pro_league,Gent,visitante,tiros,11.5,1.714,1.933,0.53,0.4699,,vivo,,2026-10-10T06:40:44Z
2026-10-10,Waregem vs Gent,bel_pro_league,Gent,visitante,tiros,12.5,2.0,1.667,0.4546,0.3804,,vivo,,2026-10-10T06:40:44Z
2026-10-10,Waregem vs Gent,bel_pro_league,Gent,visitante,a_puerta,3.5,1.571,2.167,0.5797,0.5256,,vivo,,2026-10-10T06:40:44Z
2026-10-10,Waregem vs Gent,bel_pro_league,Gent,visitante,a_puerta,4.5,2.1,1.6,0.4324,0.3394,,vivo,,2026-10-10T06:40:44Z
2026-10-10,Waregem vs Gent,bel_pro_league,Gent,visitante,a_puerta,5.5,3.0,1.308,0.3036,0.1963,,vivo,,2026-10-10T06:40:44Z
2026-10-10,Real Madrid vs Villarreal,laliga,Real Madrid,local,tiros,18.5,1.636,2.05,0.5562,0.5778,,vivo,,2026-10-10T06:40:44Z
2026-10-10,Real Madrid vs Villarreal,laliga,Real Madrid,local,tiros,19.5,1.85,1.818,0.4956,0.5141,,vivo,,2026-10-10T06:40:44Z
2026-10-10,Real Madrid vs Villarreal,laliga,Real Madrid,local,tiros,20.5,2.083,1.615,0.4367,0.4517,,vivo,,2026-10-10T06:40:44Z
2026-10-10,Real Madrid vs Villarreal,laliga,Real Madrid,local,a_puerta,5.5,1.429,2.5,0.6363,0.7794,,vivo,,2026-10-10T06:40:44Z
2026-10-10,Real Madrid vs Villarreal,laliga,Real Madrid,local,a_puerta,6.5,1.778,1.889,0.5151,0.6589,,vivo,,2026-10-10T06:40:44Z
2026-10-10,Real Madrid vs Villarreal,laliga,Real Madrid,local,a_puerta,7.5,2.25,1.52,0.4032,0.5274,,vivo,,2026-10-10T06:40:44Z
2026-10-10,Real Madrid vs Villarreal,laliga,Villarreal,visitante,tiros,10.5,1.6,2.1,0.5676,0.5656,,vivo,,2026-10-10T06:40:44Z
2026-10-10,Real Madrid vs Villarreal,laliga,Villarreal,visitante,tiros,11.5,1.867,1.8,0.4909,0.471,,vivo,,2026-10-10T06:40:44Z
2026-10-10,Real Madrid vs Villarreal,laliga,Villarreal,visitante,tiros,12.5,2.2,1.546,0.4127,0.3814,,vivo,,2026-10-10T06:40:44Z
2026-10-10,Real Madrid vs Villarreal,laliga,Villarreal,visitante,a_puerta,2.5,1.385,2.667,0.6582,0.7683,,vivo,,2026-10-10T06:40:44Z
2026-10-10,Real Madrid vs Villarreal,laliga,Villarreal,visitante,a_puerta,3.5,1.889,1.778,0.4849,0.5837,,vivo,,2026-10-10T06:40:44Z
2026-10-10,Real Madrid vs Villarreal,laliga,Villarreal,visitante,a_puerta,4.5,2.714,1.364,0.3345,0.3973,,vivo,,2026-10-10T06:40:44Z
2026-10-10,Ajax vs Nijmegen,eredivisie,Ajax,local,tiros,18.5,1.76,1.875,0.5158,0.5825,,vivo,,2026-10-10T06:40:44Z
2026-10-10,Ajax vs Nijmegen,eredivisie,Ajax,local,a_puerta,6.5,1.714,1.933,0.53,0.6304,,vivo,,2026-10-10T06:40:44Z
2026-10-10,Ajax vs Nijmegen,eredivisie,Nijmegen,visitante,tiros,10.5,1.9,1.75,0.4795,0.3697,,vivo,,2026-10-10T06:40:44Z
2026-10-10,Ajax vs Nijmegen,eredivisie,Nijmegen,visitante,a_puerta,3.5,1.833,1.8,0.4955,0.4632,,vivo,,2026-10-10T06:40:44Z
2026-10-10,Academico Viseu vs Estoril,primeira,Academico Viseu,local,tiros,13.5,1.96,1.692,0.4633,0.5089,,vivo,,2026-10-10T06:40:44Z
2026-10-10,Academico Viseu vs Estoril,primeira,Academico Viseu,local,a_puerta,4.5,2.0,1.667,0.4546,0.47,,vivo,,2026-10-10T06:40:44Z
2026-10-10,Academico Viseu vs Estoril,primeira,Estoril,visitante,tiros,12.5,1.85,1.786,0.4912,0.4876,,vivo,,2026-10-10T06:40:44Z
2026-10-10,Academico Viseu vs Estoril,primeira,Estoril,visitante,a_puerta,3.5,1.733,1.909,0.5242,0.6071,,vivo,,2026-10-10T06:40:44Z
2026-10-10,Vasco vs Remo,brasil,Vasco,local,tiros,18.5,1.636,2.05,0.5562,0.6237,,vivo,,2026-10-10T06:40:44Z
2026-10-10,Vasco vs Remo,brasil,Vasco,local,tiros,19.5,1.867,1.8,0.4909,0.562,,vivo,,2026-10-10T06:40:44Z
2026-10-10,Vasco vs Remo,brasil,Vasco,local,tiros,20.5,2.1,1.6,0.4324,0.5003,,vivo,,2026-10-10T06:40:44Z
2026-10-10,Vasco vs Remo,brasil,Vasco,local,a_puerta,5.5,1.5,2.3,0.6053,0.7484,,vivo,,2026-10-10T06:40:44Z
2026-10-10,Vasco vs Remo,brasil,Vasco,local,a_puerta,6.5,1.889,1.778,0.4849,0.6201,,vivo,,2026-10-10T06:40:44Z
2026-10-10,Vasco vs Remo,brasil,Vasco,local,a_puerta,7.5,2.455,1.444,0.3704,0.4849,,vivo,,2026-10-10T06:40:44Z
2026-10-10,Vasco vs Remo,brasil,Remo,visitante,tiros,8.5,1.636,2.05,0.5562,0.6514,,vivo,,2026-10-10T06:40:44Z
2026-10-10,Vasco vs Remo,brasil,Remo,visitante,tiros,9.5,1.96,1.714,0.4665,0.5486,,vivo,,2026-10-10T06:40:44Z
2026-10-10,Vasco vs Remo,brasil,Remo,visitante,tiros,10.5,2.375,1.471,0.3825,0.4472,,vivo,,2026-10-10T06:40:44Z
2026-10-10,Vasco vs Remo,brasil,Remo,visitante,a_puerta,2.5,1.538,2.222,0.591,0.6443,,vivo,,2026-10-10T06:40:44Z
2026-10-10,Vasco vs Remo,brasil,Remo,visitante,a_puerta,3.5,2.2,1.571,0.4166,0.432,,vivo,,2026-10-10T06:40:44Z
2026-10-10,Vasco vs Remo,brasil,Remo,visitante,a_puerta,4.5,3.333,1.25,0.2727,0.2545,,vivo,,2026-10-10T06:40:44Z
2026-10-10,Juarez vs Club Tijuana,liga_mx,Juarez,local,tiros,11.5,1.538,2.222,0.591,0.7071,más,vivo,,2026-10-10T06:40:44Z
2026-10-10,Juarez vs Club Tijuana,liga_mx,Juarez,local,tiros,12.5,1.778,1.889,0.5151,0.6284,más,vivo,,2026-10-10T06:40:44Z
2026-10-10,Juarez vs Club Tijuana,liga_mx,Juarez,local,tiros,13.5,2.083,1.615,0.4367,0.5471,más,vivo,,2026-10-10T06:40:44Z
2026-10-10,Juarez vs Club Tijuana,liga_mx,Juarez,local,a_puerta,3.5,1.583,2.143,0.5751,0.6748,,vivo,,2026-10-10T06:40:44Z
2026-10-10,Juarez vs Club Tijuana,liga_mx,Juarez,local,a_puerta,4.5,2.143,1.6,0.4275,0.4967,,vivo,,2026-10-10T06:40:44Z
2026-10-10,Juarez vs Club Tijuana,liga_mx,Juarez,local,a_puerta,5.5,3.1,1.286,0.2932,0.3322,,vivo,,2026-10-10T06:40:44Z
2026-10-10,Juarez vs Club Tijuana,liga_mx,Club Tijuana,visitante,tiros,12.5,1.692,1.96,0.5367,0.5406,,vivo,,2026-10-10T06:40:44Z
2026-10-10,Juarez vs Club Tijuana,liga_mx,Club Tijuana,visitante,tiros,13.5,1.96,1.714,0.4665,0.4557,,vivo,,2026-10-10T06:40:44Z
2026-10-10,Juarez vs Club Tijuana,liga_mx,Club Tijuana,visitante,tiros,14.5,2.3,1.5,0.3947,0.3755,,vivo,,2026-10-10T06:40:44Z
2026-10-10,Juarez vs Club Tijuana,liga_mx,Club Tijuana,visitante,a_puerta,3.5,1.48,2.364,0.615,0.6409,,vivo,,2026-10-10T06:40:44Z
2026-10-10,Juarez vs Club Tijuana,liga_mx,Club Tijuana,visitante,a_puerta,4.5,1.96,1.714,0.4665,0.4584,,vivo,,2026-10-10T06:40:44Z
2026-10-10,Juarez vs Club Tijuana,liga_mx,Club Tijuana,visitante,a_puerta,5.5,2.714,1.364,0.3345,0.2968,,vivo,,2026-10-10T06:40:44Z
2026-10-10,Queretaro vs Atlante,liga_mx,Queretaro,local,tiros,13.5,1.538,2.222,0.591,0.663,,vivo,,2026-10-10T06:40:44Z
2026-10-10,Queretaro vs Atlante,liga_mx,Queretaro,local,tiros,14.5,1.76,1.909,0.5203,0.5884,,vivo,,2026-10-10T06:40:44Z
2026-10-10,Queretaro vs Atlante,liga_mx,Queretaro,local,tiros,15.5,2.0,1.667,0.4546,0.513,,vivo,,2026-10-10T06:40:44Z
2026-10-10,Queretaro vs Atlante,liga_mx,Queretaro,local,a_puerta,3.5,1.364,2.714,0.6655,0.6949,,vivo,,2026-10-10T06:40:44Z
2026-10-10,Queretaro vs Atlante,liga_mx,Queretaro,local,a_puerta,4.5,1.778,1.889,0.5151,0.5203,,vivo,,2026-10-10T06:40:44Z
2026-10-10,Queretaro vs Atlante,liga_mx,Queretaro,local,a_puerta,5.5,2.4,1.462,0.3786,0.3548,,vivo,,2026-10-10T06:40:44Z
2026-10-10,Queretaro vs Atlante,liga_mx,Atlante,visitante,tiros,11.5,1.546,2.2,0.5873,0.6313,,vivo,,2026-10-10T06:40:44Z
2026-10-10,Queretaro vs Atlante,liga_mx,Atlante,visitante,tiros,12.5,1.8,1.867,0.5091,0.5455,,vivo,,2026-10-10T06:40:44Z
2026-10-10,Queretaro vs Atlante,liga_mx,Atlante,visitante,tiros,13.5,2.083,1.615,0.4367,0.4606,,vivo,,2026-10-10T06:40:44Z
2026-10-10,Queretaro vs Atlante,liga_mx,Atlante,visitante,a_puerta,2.5,1.25,3.333,0.7273,0.7937,,vivo,,2026-10-10T06:40:44Z
2026-10-10,Queretaro vs Atlante,liga_mx,Atlante,visitante,a_puerta,3.5,1.615,2.125,0.5682,0.6187,,vivo,,2026-10-10T06:40:44Z
2026-10-10,Queretaro vs Atlante,liga_mx,Atlante,visitante,a_puerta,4.5,2.2,1.546,0.4127,0.4342,,vivo,,2026-10-10T06:40:44Z
2026-10-10,Orlando City vs Columbus Crew,mls,Orlando City,local,tiros,13.5,1.667,2.0,0.5454,0.4996,,vivo,,2026-10-10T06:40:44Z
2026-10-10,Orlando City vs Columbus Crew,mls,Orlando City,local,tiros,14.5,1.941,1.733,0.4717,0.4187,,vivo,,2026-10-10T06:40:44Z
2026-10-10,Orlando City vs Columbus Crew,mls,Orlando City,local,tiros,15.5,2.25,1.53,0.4048,0.3436,,vivo,,2026-10-10T06:40:44Z
2026-10-10,Orlando City vs Columbus Crew,mls,Orlando City,local,a_puerta,4.5,1.546,2.2,0.5873,0.6003,,vivo,,2026-10-10T06:40:44Z
2026-10-10,Orlando City vs Columbus Crew,mls,Orlando City,local,a_puerta,5.5,2.05,1.647,0.4455,0.4357,,vivo,,2026-10-10T06:40:44Z
2026-10-10,Orlando City vs Columbus Crew,mls,Orlando City,local,a_puerta,6.5,2.714,1.364,0.3345,0.2908,,vivo,,2026-10-10T06:40:44Z
2026-10-10,Orlando City vs Columbus Crew,mls,Columbus Crew,visitante,tiros,11.5,1.636,2.05,0.5562,0.6433,,vivo,,2026-10-10T06:40:44Z
2026-10-10,Orlando City vs Columbus Crew,mls,Columbus Crew,visitante,tiros,12.5,1.909,1.76,0.4797,0.5583,,vivo,,2026-10-10T06:40:44Z
2026-10-10,Orlando City vs Columbus Crew,mls,Columbus Crew,visitante,tiros,13.5,2.222,1.538,0.409,0.4738,,vivo,,2026-10-10T06:40:44Z
2026-10-10,Orlando City vs Columbus Crew,mls,Columbus Crew,visitante,a_puerta,3.5,1.5,2.3,0.6053,0.6842,,vivo,,2026-10-10T06:40:44Z
2026-10-10,Orlando City vs Columbus Crew,mls,Columbus Crew,visitante,a_puerta,4.5,2.0,1.692,0.4583,0.5077,,vivo,,2026-10-10T06:40:44Z
2026-10-10,Orlando City vs Columbus Crew,mls,Columbus Crew,visitante,a_puerta,5.5,2.8,1.35,0.3253,0.3427,,vivo,,2026-10-10T06:40:44Z
2026-10-10,New England Revolution vs Seattle Sounders,mls,New England Revolution,local,tiros,13.5,1.5,2.3,0.6053,0.644,,vivo,,2026-10-10T06:40:44Z
2026-10-10,New England Revolution vs Seattle Sounders,mls,New England Revolution,local,tiros,14.5,1.714,1.96,0.5335,0.5679,,vivo,,2026-10-10T06:40:44Z
2026-10-10,New England Revolution vs Seattle Sounders,mls,New England Revolution,local,tiros,15.5,1.95,1.7,0.4658,0.4918,,vivo,,2026-10-10T06:40:44Z
2026-10-10,New England Revolution vs Seattle Sounders,mls,New England Revolution,local,a_puerta,4.5,1.5,2.3,0.6053,0.6828,,vivo,,2026-10-10T06:40:44Z
2026-10-10,New England Revolution vs Seattle Sounders,mls,New England Revolution,local,a_puerta,5.5,1.941,1.733,0.4717,0.5269,,vivo,,2026-10-10T06:40:44Z
2026-10-10,New England Revolution vs Seattle Sounders,mls,New England Revolution,local,a_puerta,6.5,2.6,1.4,0.35,0.3766,,vivo,,2026-10-10T06:40:44Z
2026-10-10,New England Revolution vs Seattle Sounders,mls,Seattle Sounders,visitante,tiros,10.5,1.48,2.364,0.615,0.6284,,vivo,,2026-10-10T06:40:44Z
2026-10-10,New England Revolution vs Seattle Sounders,mls,Seattle Sounders,visitante,tiros,11.5,1.727,1.95,0.5303,0.537,,vivo,,2026-10-10T06:40:44Z
2026-10-10,New England Revolution vs Seattle Sounders,mls,Seattle Sounders,visitante,tiros,12.5,2.0,1.667,0.4546,0.4471,,vivo,,2026-10-10T06:40:44Z
2026-10-10,New England Revolution vs Seattle Sounders,mls,Seattle Sounders,visitante,a_puerta,3.5,1.53,2.25,0.5952,0.6503,,vivo,,2026-10-10T06:40:44Z
2026-10-10,New England Revolution vs Seattle Sounders,mls,Seattle Sounders,visitante,a_puerta,4.5,2.05,1.647,0.4455,0.4689,,vivo,,2026-10-10T06:40:44Z
2026-10-10,New England Revolution vs Seattle Sounders,mls,Seattle Sounders,visitante,a_puerta,5.5,2.857,1.333,0.3181,0.3063,,vivo,,2026-10-10T06:40:44Z
2026-10-10,Inter Miami vs DC United,mls,Inter Miami,local,tiros,17.5,1.692,1.96,0.5367,0.4993,,vivo,,2026-10-10T06:40:44Z
2026-10-10,Inter Miami vs DC United,mls,Inter Miami,local,tiros,18.5,1.923,1.75,0.4764,0.4318,,vivo,,2026-10-10T06:40:44Z
2026-10-10,Inter Miami vs DC United,mls,Inter Miami,local,tiros,19.5,2.2,1.546,0.4127,0.3679,,vivo,,2026-10-10T06:40:44Z
2026-10-10,Inter Miami vs DC United,mls,Inter Miami,local,a_puerta,5.5,1.429,2.5,0.6363,0.6691,,vivo,,2026-10-10T06:40:44Z
2026-10-10,Inter Miami vs DC United,mls,Inter Miami,local,a_puerta,6.5,1.76,1.909,0.5203,0.5266,,vivo,,2026-10-10T06:40:44Z
2026-10-10,Inter Miami vs DC United,mls,Inter Miami,local,a_puerta,7.5,2.25,1.53,0.4048,0.3886,,vivo,,2026-10-10T06:40:44Z
2026-10-10,Inter Miami vs DC United,mls,DC United,visitante,tiros,10.5,1.636,2.05,0.5562,0.5583,,vivo,,2026-10-10T06:40:44Z
2026-10-10,Inter Miami vs DC United,mls,DC United,visitante,tiros,11.5,1.909,1.76,0.4797,0.4634,,vivo,,2026-10-10T06:40:44Z
2026-10-10,Inter Miami vs DC United,mls,DC United,visitante,tiros,12.5,2.25,1.52,0.4032,0.3741,,vivo,,2026-10-10T06:40:44Z
2026-10-10,Inter Miami vs DC United,mls,DC United,visitante,a_puerta,2.5,1.308,3.0,0.6964,0.7712,,vivo,,2026-10-10T06:40:44Z
2026-10-10,Inter Miami vs DC United,mls,DC United,visitante,a_puerta,3.5,1.727,1.95,0.5303,0.5877,,vivo,,2026-10-10T06:40:44Z
2026-10-10,Inter Miami vs DC United,mls,DC United,visitante,a_puerta,4.5,2.4,1.462,0.3786,0.4014,,vivo,,2026-10-10T06:40:44Z
2026-10-10,Atlanta Utd vs FC Cincinnati,mls,Atlanta Utd,local,tiros,13.5,1.53,2.25,0.5952,0.6249,,vivo,,2026-10-10T06:40:44Z
2026-10-10,Atlanta Utd vs FC Cincinnati,mls,Atlanta Utd,local,tiros,14.5,1.75,1.923,0.5236,0.5475,,vivo,,2026-10-10T06:40:44Z
2026-10-10,Atlanta Utd vs FC Cincinnati,mls,Atlanta Utd,local,tiros,15.5,2.0,1.667,0.4546,0.4709,,vivo,,2026-10-10T06:40:44Z
2026-10-10,Atlanta Utd vs FC Cincinnati,mls,Atlanta Utd,local,a_puerta,3.5,1.286,3.1,0.7068,0.7732,,vivo,,2026-10-10T06:40:44Z
2026-10-10,Atlanta Utd vs FC Cincinnati,mls,Atlanta Utd,local,a_puerta,4.5,1.625,2.1,0.5638,0.6182,,vivo,,2026-10-10T06:40:44Z
2026-10-10,Atlanta Utd vs FC Cincinnati,mls,Atlanta Utd,local,a_puerta,5.5,2.143,1.583,0.4249,0.4547,,vivo,,2026-10-10T06:40:44Z
2026-10-10,Atlanta Utd vs FC Cincinnati,mls,FC Cincinnati,visitante,tiros,11.5,1.538,2.222,0.591,0.5541,,vivo,,2026-10-10T06:40:44Z
2026-10-10,Atlanta Utd vs FC Cincinnati,mls,FC Cincinnati,visitante,tiros,12.5,1.778,1.889,0.5151,0.4646,,vivo,,2026-10-10T06:40:44Z
2026-10-10,Atlanta Utd vs FC Cincinnati,mls,FC Cincinnati,visitante,tiros,13.5,2.083,1.615,0.4367,0.3799,,vivo,,2026-10-10T06:40:44Z
2026-10-10,Atlanta Utd vs FC Cincinnati,mls,FC Cincinnati,visitante,a_puerta,3.5,1.364,2.714,0.6655,0.6711,,vivo,,2026-10-10T06:40:44Z
2026-10-10,Atlanta Utd vs FC Cincinnati,mls,FC Cincinnati,visitante,a_puerta,4.5,1.75,1.923,0.5236,0.4925,,vivo,,2026-10-10T06:40:44Z
2026-10-10,Atlanta Utd vs FC Cincinnati,mls,FC Cincinnati,visitante,a_puerta,5.5,2.3,1.5,0.3947,0.3282,,vivo,,2026-10-10T06:40:44Z
2026-10-10,Charlotte vs FC Dallas,mls,Charlotte,local,tiros,12.5,1.615,2.083,0.5633,0.6024,,vivo,,2026-10-10T06:40:44Z
2026-10-10,Charlotte vs FC Dallas,mls,Charlotte,local,tiros,13.5,1.867,1.8,0.4909,0.5196,,vivo,,2026-10-10T06:40:44Z
2026-10-10,Charlotte vs FC Dallas,mls,Charlotte,local,tiros,14.5,2.167,1.571,0.4203,0.4387,,vivo,,2026-10-10T06:40:44Z
2026-10-10,Charlotte vs FC Dallas,mls,Charlotte,local,a_puerta,3.5,1.333,2.857,0.6819,0.7863,,vivo,,2026-10-10T06:40:44Z
2026-10-10,Charlotte vs FC Dallas,mls,Charlotte,local,a_puerta,4.5,1.692,2.0,0.5417,0.6355,,vivo,,2026-10-10T06:40:44Z
2026-10-10,Charlotte vs FC Dallas,mls,Charlotte,local,a_puerta,5.5,2.25,1.53,0.4048,0.4736,,vivo,,2026-10-10T06:40:44Z
2026-10-10,Charlotte vs FC Dallas,mls,FC Dallas,visitante,tiros,11.5,1.52,2.25,0.5968,0.683,,vivo,,2026-10-10T06:40:44Z
2026-10-10,Charlotte vs FC Dallas,mls,FC Dallas,visitante,tiros,12.5,1.75,1.923,0.5236,0.6016,,vivo,,2026-10-10T06:40:44Z
2026-10-10,Charlotte vs FC Dallas,mls,FC Dallas,visitante,tiros,13.5,2.0,1.667,0.4546,0.5187,,vivo,,2026-10-10T06:40:44Z
2026-10-10,Charlotte vs FC Dallas,mls,FC Dallas,visitante,a_puerta,3.5,1.385,2.667,0.6582,0.712,,vivo,,2026-10-10T06:40:44Z
2026-10-10,Charlotte vs FC Dallas,mls,FC Dallas,visitante,a_puerta,4.5,1.8,1.867,0.5091,0.5409,,vivo,,2026-10-10T06:40:44Z
2026-10-10,Charlotte vs FC Dallas,mls,FC Dallas,visitante,a_puerta,5.5,2.429,1.455,0.3746,0.3749,,vivo,,2026-10-10T06:40:44Z
2026-10-10,Philadelphia Union vs Real Salt Lake,mls,Philadelphia Union,local,tiros,15.5,1.571,2.167,0.5797,0.7372,más,vivo,,2026-10-10T06:40:44Z
2026-10-10,Philadelphia Union vs Real Salt Lake,mls,Philadelphia Union,local,tiros,16.5,1.778,1.889,0.5151,0.6767,más,vivo,,2026-10-10T06:40:44Z
2026-10-10,Philadelphia Union vs Real Salt Lake,mls,Philadelphia Union,local,tiros,17.5,2.0,1.667,0.4546,0.6132,más,vivo,,2026-10-10T06:40:44Z
2026-10-10,Philadelphia Union vs Real Salt Lake,mls,Philadelphia Union,local,a_puerta,5.5,1.583,2.143,0.5751,0.7435,,vivo,,2026-10-10T06:40:44Z
2026-10-10,Philadelphia Union vs Real Salt Lake,mls,Philadelphia Union,local,a_puerta,6.5,2.0,1.68,0.4565,0.6141,,vivo,,2026-10-10T06:40:44Z
2026-10-10,Philadelphia Union vs Real Salt Lake,mls,Philadelphia Union,local,a_puerta,7.5,2.667,1.375,0.3402,0.4785,,vivo,,2026-10-10T06:40:44Z
2026-10-10,Philadelphia Union vs Real Salt Lake,mls,Real Salt Lake,visitante,tiros,7.5,1.429,2.5,0.6363,0.5347,,vivo,,2026-10-10T06:40:44Z
2026-10-10,Philadelphia Union vs Real Salt Lake,mls,Real Salt Lake,visitante,tiros,8.5,1.692,2.0,0.5417,0.4171,,vivo,,2026-10-10T06:40:44Z
2026-10-10,Philadelphia Union vs Real Salt Lake,mls,Real Salt Lake,visitante,tiros,9.5,2.0,1.667,0.4546,0.3118,,vivo,,2026-10-10T06:40:44Z
2026-10-10,Philadelphia Union vs Real Salt Lake,mls,Real Salt Lake,visitante,a_puerta,2.5,1.48,2.364,0.615,0.525,,vivo,,2026-10-10T06:40:44Z
2026-10-10,Philadelphia Union vs Real Salt Lake,mls,Real Salt Lake,visitante,a_puerta,3.5,2.083,1.636,0.4399,0.3098,,vivo,,2026-10-10T06:40:44Z
2026-10-10,Philadelphia Union vs Real Salt Lake,mls,Real Salt Lake,visitante,a_puerta,4.5,3.1,1.286,0.2932,0.1584,,vivo,,2026-10-10T06:40:44Z
2026-10-11,Sao Paulo vs Vitoria,brasil,Sao Paulo,local,tiros,16.5,1.583,2.143,0.5751,0.5484,,vivo,,2026-10-10T06:40:44Z
2026-10-11,Sao Paulo vs Vitoria,brasil,Sao Paulo,local,tiros,17.5,1.8,1.867,0.5091,0.4784,,vivo,,2026-10-10T06:40:44Z
2026-10-11,Sao Paulo vs Vitoria,brasil,Sao Paulo,local,tiros,18.5,2.05,1.636,0.4438,0.411,,vivo,,2026-10-10T06:40:44Z
2026-10-11,Sao Paulo vs Vitoria,brasil,Sao Paulo,local,a_puerta,4.5,1.364,2.714,0.6655,0.6885,,vivo,,2026-10-10T06:40:44Z
2026-10-11,Sao Paulo vs Vitoria,brasil,Sao Paulo,local,a_puerta,5.5,1.714,1.96,0.5335,0.5334,,vivo,,2026-10-10T06:40:44Z
2026-10-11,Sao Paulo vs Vitoria,brasil,Sao Paulo,local,a_puerta,6.5,2.2,1.546,0.4127,0.3831,,vivo,,2026-10-10T06:40:44Z
2026-10-11,Sao Paulo vs Vitoria,brasil,Vitoria,visitante,tiros,7.5,1.444,2.455,0.6296,0.7871,más,vivo,,2026-10-10T06:40:44Z
2026-10-11,Sao Paulo vs Vitoria,brasil,Vitoria,visitante,tiros,8.5,1.714,1.96,0.5335,0.698,más,vivo,,2026-10-10T06:40:44Z
2026-10-11,Sao Paulo vs Vitoria,brasil,Vitoria,visitante,tiros,9.5,2.0,1.667,0.4546,0.6005,más,vivo,,2026-10-10T06:40:44Z
2026-10-11,Sao Paulo vs Vitoria,brasil,Vitoria,visitante,a_puerta,1.5,1.222,3.6,0.7466,0.86,,vivo,,2026-10-10T06:40:44Z
2026-10-11,Sao Paulo vs Vitoria,brasil,Vitoria,visitante,a_puerta,2.5,1.625,2.1,0.5638,0.6792,,vivo,,2026-10-10T06:40:44Z
2026-10-11,Sao Paulo vs Vitoria,brasil,Vitoria,visitante,a_puerta,3.5,2.3,1.5,0.3947,0.4719,,vivo,,2026-10-10T06:40:44Z
2026-10-11,Sporting Kansas City vs Portland Timbers,mls,Sporting Kansas City,local,tiros,13.5,1.538,2.222,0.591,0.7365,más,vivo,,2026-10-10T06:40:44Z
2026-10-11,Sporting Kansas City vs Portland Timbers,mls,Sporting Kansas City,local,tiros,14.5,1.76,1.909,0.5203,0.6697,más,vivo,,2026-10-10T06:40:44Z
2026-10-11,Sporting Kansas City vs Portland Timbers,mls,Sporting Kansas City,local,tiros,15.5,2.0,1.667,0.4546,0.5993,más,vivo,,2026-10-10T06:40:44Z
2026-10-11,Sporting Kansas City vs Portland Timbers,mls,Sporting Kansas City,local,a_puerta,4.5,1.538,2.222,0.591,0.6678,,vivo,,2026-10-10T06:40:44Z
2026-10-11,Sporting Kansas City vs Portland Timbers,mls,Sporting Kansas City,local,a_puerta,5.5,2.0,1.68,0.4565,0.5096,,vivo,,2026-10-10T06:40:44Z
2026-10-11,Sporting Kansas City vs Portland Timbers,mls,Sporting Kansas City,local,a_puerta,6.5,2.714,1.364,0.3345,0.3597,,vivo,,2026-10-10T06:40:44Z
2026-10-11,Sporting Kansas City vs Portland Timbers,mls,Portland Timbers,visitante,tiros,13.5,1.7,1.95,0.5342,0.5587,,vivo,,2026-10-10T06:40:44Z
2026-10-11,Sporting Kansas City vs Portland Timbers,mls,Portland Timbers,visitante,tiros,14.5,1.96,1.714,0.4665,0.4785,,vivo,,2026-10-10T06:40:44Z
2026-10-11,Sporting Kansas City vs Portland Timbers,mls,Portland Timbers,visitante,tiros,15.5,2.3,1.5,0.3947,0.4016,,vivo,,2026-10-10T06:40:44Z
2026-10-11,Sporting Kansas City vs Portland Timbers,mls,Portland Timbers,visitante,a_puerta,3.5,1.35,2.8,0.6747,0.7851,,vivo,,2026-10-10T06:40:44Z
2026-10-11,Sporting Kansas City vs Portland Timbers,mls,Portland Timbers,visitante,a_puerta,4.5,1.733,1.941,0.5283,0.6339,,vivo,,2026-10-10T06:40:44Z
2026-10-11,Sporting Kansas City vs Portland Timbers,mls,Portland Timbers,visitante,a_puerta,5.5,2.3,1.5,0.3947,0.4718,,vivo,,2026-10-10T06:40:44Z
2026-10-11,Minnesota United vs Houston Dynamo,mls,Minnesota United,local,tiros,12.5,1.53,2.25,0.5952,0.654,,vivo,,2026-10-10T06:40:44Z
2026-10-11,Minnesota United vs Houston Dynamo,mls,Minnesota United,local,tiros,13.5,1.75,1.923,0.5236,0.5746,,vivo,,2026-10-10T06:40:44Z
2026-10-11,Minnesota United vs Houston Dynamo,mls,Minnesota United,local,tiros,14.5,2.0,1.667,0.4546,0.4948,,vivo,,2026-10-10T06:40:44Z
2026-10-11,Minnesota United vs Houston Dynamo,mls,Minnesota United,local,a_puerta,3.5,1.364,2.714,0.6655,0.7263,,vivo,,2026-10-10T06:40:44Z
2026-10-11,Minnesota United vs Houston Dynamo,mls,Minnesota United,local,a_puerta,4.5,1.75,1.923,0.5236,0.5583,,vivo,,2026-10-10T06:40:44Z
2026-10-11,Minnesota United vs Houston Dynamo,mls,Minnesota United,local,a_puerta,5.5,2.3,1.5,0.3947,0.3923,,vivo,,2026-10-10T06:40:44Z
2026-10-11,Minnesota United vs Houston Dynamo,mls,Houston Dynamo,visitante,tiros,11.5,1.6,2.1,0.5676,0.4682,,vivo,,2026-10-10T06:40:44Z
2026-10-11,Minnesota United vs Houston Dynamo,mls,Houston Dynamo,visitante,tiros,12.5,1.867,1.8,0.4909,0.3787,,vivo,,2026-10-10T06:40:44Z
2026-10-11,Minnesota United vs Houston Dynamo,mls,Houston Dynamo,visitante,tiros,13.5,2.167,1.571,0.4203,0.2982,,vivo,,2026-10-10T06:40:44Z
2026-10-11,Minnesota United vs Houston Dynamo,mls,Houston Dynamo,visitante,a_puerta,3.5,1.53,2.25,0.5952,0.5825,,vivo,,2026-10-10T06:40:44Z
2026-10-11,Minnesota United vs Houston Dynamo,mls,Houston Dynamo,visitante,a_puerta,4.5,2.05,1.647,0.4455,0.396,,vivo,,2026-10-10T06:40:44Z
2026-10-11,Minnesota United vs Houston Dynamo,mls,Houston Dynamo,visitante,a_puerta,5.5,2.857,1.333,0.3181,0.2423,,vivo,,2026-10-10T06:40:44Z
2026-10-11,Austin FC vs Nashville SC,mls,Austin FC,local,tiros,10.5,1.615,2.083,0.5633,0.5702,,vivo,,2026-10-10T06:40:44Z
2026-10-11,Austin FC vs Nashville SC,mls,Austin FC,local,tiros,11.5,1.889,1.778,0.4849,0.4757,,vivo,,2026-10-10T06:40:44Z
2026-10-11,Austin FC vs Nashville SC,mls,Austin FC,local,tiros,12.5,2.222,1.538,0.409,0.386,,vivo,,2026-10-10T06:40:44Z
2026-10-11,Austin FC vs Nashville SC,mls,Austin FC,local,a_puerta,2.5,1.364,2.714,0.6655,0.7699,,vivo,,2026-10-10T06:40:44Z
2026-10-11,Austin FC vs Nashville SC,mls,Austin FC,local,a_puerta,3.5,1.846,1.818,0.4962,0.5859,,vivo,,2026-10-10T06:40:44Z
2026-10-11,Austin FC vs Nashville SC,mls,Austin FC,local,a_puerta,4.5,2.6,1.4,0.35,0.3995,,vivo,,2026-10-10T06:40:44Z
2026-10-11,Austin FC vs Nashville SC,mls,Nashville SC,visitante,tiros,13.5,1.583,2.143,0.5751,0.5193,,vivo,,2026-10-10T06:40:44Z
2026-10-11,Austin FC vs Nashville SC,mls,Nashville SC,visitante,tiros,14.5,1.8,1.867,0.5091,0.4384,,vivo,,2026-10-10T06:40:44Z
2026-10-11,Austin FC vs Nashville SC,mls,Nashville SC,visitante,tiros,15.5,2.083,1.615,0.4367,0.3625,,vivo,,2026-10-10T06:40:44Z
2026-10-11,Austin FC vs Nashville SC,mls,Nashville SC,visitante,a_puerta,3.5,1.286,3.1,0.7068,0.7458,,vivo,,2026-10-10T06:40:44Z
2026-10-11,Austin FC vs Nashville SC,mls,Nashville SC,visitante,a_puerta,4.5,1.625,2.1,0.5638,0.5827,,vivo,,2026-10-10T06:40:44Z
2026-10-11,Austin FC vs Nashville SC,mls,Nashville SC,visitante,a_puerta,5.5,2.143,1.583,0.4249,0.4173,,vivo,,2026-10-10T06:40:44Z
2026-10-11,Atlas vs Guadalajara Chivas,liga_mx,Atlas,local,tiros,11.5,1.667,2.0,0.5454,0.6398,,vivo,,2026-10-10T06:40:44Z
2026-10-11,Atlas vs Guadalajara Chivas,liga_mx,Atlas,local,tiros,12.5,1.96,1.714,0.4665,0.5546,,vivo,,2026-10-10T06:40:44Z
2026-10-11,Atlas vs Guadalajara Chivas,liga_mx,Atlas,local,tiros,13.5,2.3,1.5,0.3947,0.47,,vivo,,2026-10-10T06:40:44Z
2026-10-11,Atlas vs Guadalajara Chivas,liga_mx,Atlas,local,a_puerta,2.5,1.273,3.2,0.7154,0.8922,,vivo,,2026-10-10T06:40:44Z
2026-10-11,Atlas vs Guadalajara Chivas,liga_mx,Atlas,local,a_puerta,3.5,1.625,2.1,0.5638,0.7709,,vivo,,2026-10-10T06:40:44Z
2026-10-11,Atlas vs Guadalajara Chivas,liga_mx,Atlas,local,a_puerta,4.5,2.222,1.538,0.409,0.6152,,vivo,,2026-10-10T06:40:44Z
2026-10-11,Atlas vs Guadalajara Chivas,liga_mx,Guadalajara Chivas,visitante,tiros,12.5,1.5,2.3,0.6053,0.5765,,vivo,,2026-10-10T06:40:44Z
2026-10-11,Atlas vs Guadalajara Chivas,liga_mx,Guadalajara Chivas,visitante,tiros,13.5,1.727,1.95,0.5303,0.4925,,vivo,,2026-10-10T06:40:44Z
2026-10-11,Atlas vs Guadalajara Chivas,liga_mx,Guadalajara Chivas,visitante,tiros,14.5,1.96,1.692,0.4633,0.4117,,vivo,,2026-10-10T06:40:44Z
2026-10-11,Atlas vs Guadalajara Chivas,liga_mx,Guadalajara Chivas,visitante,a_puerta,3.5,1.35,2.8,0.6747,0.7404,,vivo,,2026-10-10T06:40:44Z
2026-10-11,Atlas vs Guadalajara Chivas,liga_mx,Guadalajara Chivas,visitante,a_puerta,4.5,1.714,1.96,0.5335,0.5759,,vivo,,2026-10-10T06:40:44Z
2026-10-11,Atlas vs Guadalajara Chivas,liga_mx,Guadalajara Chivas,visitante,a_puerta,5.5,2.25,1.52,0.4032,0.4102,,vivo,,2026-10-10T06:40:44Z
2026-10-11,Colorado Rapids vs San Jose Earthquakes,mls,Colorado Rapids,local,tiros,15.5,1.875,1.786,0.4878,0.4622,,vivo,,2026-10-10T06:40:44Z
2026-10-11,Colorado Rapids vs San Jose Earthquakes,mls,Colorado Rapids,local,a_puerta,4.5,1.636,2.083,0.5601,0.6777,,vivo,,2026-10-10T06:40:44Z
2026-10-11,Colorado Rapids vs San Jose Earthquakes,mls,San Jose Earthquakes,visitante,tiros,11.5,1.778,1.889,0.5151,0.4444,,vivo,,2026-10-10T06:40:44Z
2026-10-11,Colorado Rapids vs San Jose Earthquakes,mls,San Jose Earthquakes,visitante,a_puerta,3.5,1.647,2.05,0.5545,0.5586,,vivo,,2026-10-10T06:40:44Z
2026-10-11,Club America vs Monterrey,liga_mx,Club America,local,tiros,15.5,1.867,1.8,0.4909,0.4852,,vivo,,2026-10-10T06:40:44Z
2026-10-11,Club America vs Monterrey,liga_mx,Club America,local,a_puerta,5.5,2.0,1.692,0.4583,0.4299,,vivo,,2026-10-10T06:40:44Z
2026-10-11,Club America vs Monterrey,liga_mx,Monterrey,visitante,tiros,11.5,1.76,1.909,0.5203,0.5612,,vivo,,2026-10-10T06:40:44Z
2026-10-11,Club America vs Monterrey,liga_mx,Monterrey,visitante,a_puerta,3.5,1.692,2.0,0.5417,0.6018,,vivo,,2026-10-10T06:40:44Z
2026-10-11,Como vs Roma,serie_a,Como,local,tiros,15.5,1.76,1.909,0.5203,0.3512,,vivo,,2026-10-10T06:40:44Z
2026-10-11,Como vs Roma,serie_a,Como,local,a_puerta,5.5,2.1,1.625,0.4362,0.3427,,vivo,,2026-10-10T06:40:44Z
2026-10-11,Como vs Roma,serie_a,Roma,visitante,tiros,12.5,1.76,1.909,0.5203,0.6316,más,vivo,,2026-10-10T06:40:44Z
2026-10-11,Como vs Roma,serie_a,Roma,visitante,a_puerta,4.5,1.818,1.846,0.5038,0.5155,,vivo,,2026-10-10T06:40:44Z
2026-10-11,Southampton vs Portsmouth,eng_championship,Southampton,local,tiros,14.5,1.867,1.8,0.4909,0.6024,más,vivo,,2026-10-10T06:40:44Z
2026-10-11,Southampton vs Portsmouth,eng_championship,Southampton,local,a_puerta,5.5,2.0,1.692,0.4583,0.5449,,vivo,,2026-10-10T06:40:44Z
2026-10-11,Southampton vs Portsmouth,eng_championship,Portsmouth,visitante,tiros,11.5,1.941,1.733,0.4717,0.4903,,vivo,,2026-10-10T06:40:44Z
2026-10-11,Southampton vs Portsmouth,eng_championship,Portsmouth,visitante,a_puerta,3.5,1.867,1.8,0.4909,0.5697,,vivo,,2026-10-10T06:40:44Z
2026-10-11,Hull vs Everton,premier,Hull,local,tiros,11.5,1.96,1.714,0.4665,0.5707,más,vivo,,2026-10-10T06:40:44Z
2026-10-11,Hull vs Everton,premier,Hull,local,a_puerta,3.5,1.875,1.786,0.4878,0.4698,,vivo,,2026-10-10T06:40:44Z
2026-10-11,Hull vs Everton,premier,Everton,visitante,tiros,13.5,1.867,1.8,0.4909,0.5325,,vivo,,2026-10-10T06:40:44Z
2026-10-11,Hull vs Everton,premier,Everton,visitante,a_puerta,4.5,1.889,1.778,0.4849,0.5179,,vivo,,2026-10-10T06:40:44Z
2026-10-11,Nice vs Strasbourg,ligue_1,Nice,local,tiros,13.5,1.76,1.909,0.5203,0.5276,,vivo,,2026-10-10T06:40:44Z
2026-10-11,Nice vs Strasbourg,ligue_1,Nice,local,a_puerta,4.5,1.818,1.846,0.5038,0.5725,,vivo,,2026-10-10T06:40:44Z
2026-10-11,Nice vs Strasbourg,ligue_1,Strasbourg,visitante,tiros,11.5,1.889,1.778,0.4849,0.5007,,vivo,,2026-10-10T06:40:44Z
2026-10-11,Nice vs Strasbourg,ligue_1,Strasbourg,visitante,a_puerta,3.5,1.625,2.1,0.5638,0.5985,,vivo,,2026-10-10T06:40:44Z
2026-10-11,Crystal Palace vs Nott'm Forest,premier,Crystal Palace,local,tiros,13.5,1.96,1.714,0.4665,0.3117,,vivo,,2026-10-10T06:40:44Z
2026-10-11,Crystal Palace vs Nott'm Forest,premier,Crystal Palace,local,a_puerta,3.5,1.625,2.1,0.5638,0.5309,,vivo,,2026-10-10T06:40:44Z
2026-10-11,Crystal Palace vs Nott'm Forest,premier,Nott'm Forest,visitante,tiros,12.5,1.818,1.85,0.5044,0.6476,más,vivo,,2026-10-10T06:40:44Z
2026-10-11,Crystal Palace vs Nott'm Forest,premier,Nott'm Forest,visitante,a_puerta,3.5,1.647,2.05,0.5545,0.6757,,vivo,,2026-10-10T06:40:44Z
2026-10-11,Lazio vs Monza,serie_a,Lazio,local,tiros,14.5,1.909,1.76,0.4797,0.4673,,vivo,,2026-10-10T06:40:44Z
2026-10-11,Lazio vs Monza,serie_a,Lazio,local,a_puerta,5.5,2.1,1.625,0.4362,0.3832,,vivo,,2026-10-10T06:40:44Z
2026-10-11,Lazio vs Monza,serie_a,Monza,visitante,tiros,10.5,1.909,1.76,0.4797,0.5312,,vivo,,2026-10-10T06:40:44Z
2026-10-11,Lazio vs Monza,serie_a,Monza,visitante,a_puerta,3.5,1.941,1.733,0.4717,0.4924,,vivo,,2026-10-10T06:40:44Z
2026-10-11,Lecce vs Bologna,serie_a,Lecce,local,tiros,9.5,1.867,1.8,0.4909,0.5661,,vivo,,2026-10-10T06:40:44Z
2026-10-11,Lecce vs Bologna,serie_a,Lecce,local,a_puerta,2.5,1.625,2.1,0.5638,0.5664,,vivo,,2026-10-10T06:40:44Z
2026-10-11,Lecce vs Bologna,serie_a,Bologna,visitante,tiros,12.5,1.818,1.846,0.5038,0.6062,más,vivo,,2026-10-10T06:40:44Z
2026-10-11,Lecce vs Bologna,serie_a,Bologna,visitante,a_puerta,4.5,2.05,1.647,0.4455,0.5166,,vivo,,2026-10-10T06:40:44Z
2026-10-11,Freiburg vs Schalke 04,bundesliga,Freiburg,local,tiros,15.5,1.76,1.909,0.5203,0.6763,más,vivo,,2026-10-10T06:40:44Z
2026-10-11,Freiburg vs Schalke 04,bundesliga,Freiburg,local,a_puerta,5.5,1.8,1.867,0.5091,0.5623,,vivo,,2026-10-10T06:40:44Z
2026-10-11,Freiburg vs Schalke 04,bundesliga,Schalke 04,visitante,tiros,10.5,1.867,1.8,0.4909,0.3882,,vivo,,2026-10-10T06:40:44Z
2026-10-11,Freiburg vs Schalke 04,bundesliga,Schalke 04,visitante,a_puerta,3.5,1.96,1.714,0.4665,0.3831,,vivo,,2026-10-10T06:40:44Z
2026-10-11,Liverpool vs Man City,premier,Liverpool,local,tiros,13.5,1.95,1.727,0.4697,0.4745,,vivo,,2026-10-10T06:40:44Z
2026-10-11,Liverpool vs Man City,premier,Liverpool,local,a_puerta,4.5,1.846,1.818,0.4962,0.5696,,vivo,,2026-10-10T06:40:44Z
2026-10-11,Liverpool vs Man City,premier,Man City,visitante,tiros,13.5,1.95,1.727,0.4697,0.463,,vivo,,2026-10-10T06:40:44Z
2026-10-11,Liverpool vs Man City,premier,Man City,visitante,a_puerta,4.5,1.833,1.833,0.5,0.5262,,vivo,,2026-10-10T06:40:44Z
2026-10-11,Sassuolo vs Milan,serie_a,Sassuolo,local,tiros,10.5,1.846,1.818,0.4962,0.5448,,vivo,,2026-10-10T06:40:44Z
2026-10-11,Sassuolo vs Milan,serie_a,Sassuolo,local,a_puerta,3.5,1.909,1.76,0.4797,0.533,,vivo,,2026-10-10T06:40:44Z
2026-10-11,Sassuolo vs Milan,serie_a,Milan,visitante,tiros,13.5,1.778,1.889,0.5151,0.6265,más,vivo,,2026-10-10T06:40:44Z
2026-10-11,Sassuolo vs Milan,serie_a,Milan,visitante,a_puerta,4.5,1.692,2.0,0.5417,0.6501,,vivo,,2026-10-10T06:40:44Z
2026-10-11,Betis vs Osasuna,laliga,Betis,local,tiros,17.5,1.867,1.8,0.4909,0.5356,,vivo,,2026-10-10T06:40:44Z
2026-10-11,Betis vs Osasuna,laliga,Betis,local,a_puerta,5.5,1.68,2.0,0.5435,0.6237,,vivo,,2026-10-10T06:40:44Z
2026-10-11,Betis vs Osasuna,laliga,Osasuna,visitante,tiros,9.5,1.818,1.846,0.5038,0.6047,más,vivo,,2026-10-10T06:40:44Z
2026-10-11,Betis vs Osasuna,laliga,Osasuna,visitante,a_puerta,3.5,2.0,1.692,0.4583,0.499,,vivo,,2026-10-10T06:40:44Z
2026-10-11,Cagliari vs Juventus,serie_a,Cagliari,local,tiros,9.5,2.0,1.692,0.4583,0.4499,,vivo,,2026-10-10T06:40:44Z
2026-10-11,Cagliari vs Juventus,serie_a,Cagliari,local,a_puerta,2.5,1.846,1.818,0.4962,0.5423,,vivo,,2026-10-10T06:40:44Z
2026-10-11,Cagliari vs Juventus,serie_a,Juventus,visitante,tiros,15.5,1.867,1.8,0.4909,0.6767,más,vivo,,2026-10-10T06:40:44Z
2026-10-11,Cagliari vs Juventus,serie_a,Juventus,visitante,a_puerta,5.5,2.0,1.68,0.4565,0.5831,,vivo,,2026-10-10T06:40:44Z
2026-10-11,Troyes vs Marseille,ligue_1,Troyes,local,tiros,10.5,1.833,1.833,0.5,0.7157,más,vivo,,2026-10-10T06:40:44Z
2026-10-11,Troyes vs Marseille,ligue_1,Troyes,local,a_puerta,3.5,2.1,1.625,0.4362,0.5877,,vivo,,2026-10-10T06:40:44Z
2026-10-11,Troyes vs Marseille,ligue_1,Marseille,visitante,tiros,14.5,1.76,1.909,0.5203,0.485,,vivo,,2026-10-10T06:40:44Z
2026-10-11,Troyes vs Marseille,ligue_1,Marseille,visitante,a_puerta,5.5,1.867,1.8,0.4909,0.3961,,vivo,,2026-10-10T06:40:44Z
2026-10-11,Atletico-MG vs Santos,brasil,Atletico-MG,local,tiros,15.5,1.818,1.846,0.5038,0.5011,,vivo,,2026-10-10T06:40:44Z
2026-10-11,Atletico-MG vs Santos,brasil,Atletico-MG,local,a_puerta,5.5,2.1,1.625,0.4362,0.4427,,vivo,,2026-10-10T06:40:44Z
2026-10-11,Atletico-MG vs Santos,brasil,Santos,visitante,tiros,12.5,1.867,1.8,0.4909,0.5624,,vivo,,2026-10-10T06:40:44Z
2026-10-11,Atletico-MG vs Santos,brasil,Santos,visitante,a_puerta,3.5,1.647,2.05,0.5545,0.6189,,vivo,,2026-10-10T06:40:44Z
2026-10-11,Santander vs Valencia,laliga,Santander,local,tiros,13.5,1.733,1.941,0.5283,0.5482,,vivo,,2026-10-10T06:40:44Z
2026-10-11,Santander vs Valencia,laliga,Santander,local,a_puerta,4.5,1.8,1.867,0.5091,0.5083,,vivo,,2026-10-10T06:40:44Z
2026-10-11,Santander vs Valencia,laliga,Valencia,visitante,tiros,13.5,1.889,1.778,0.4849,0.346,,vivo,,2026-10-10T06:40:44Z
2026-10-11,Santander vs Valencia,laliga,Valencia,visitante,a_puerta,4.5,1.889,1.778,0.4849,0.4867,,vivo,,2026-10-10T06:40:44Z
