{"beta": [0.158201, 0.403914, 0.209923, -0.990253, -0.259884], "k": 1.3142, "covs": ["ATQ_RIVAL", "DEF_PROPIA", "DIFF_ELO", "LOCAL"], "brier_wf": 0.2358}