fecha,clave_liga,home,away,jugador,equipo,objetivo,linea,cuota_primera,cuota,capturado,real,minutos
2026-10-01,bra_serie_b,Athletic,Sport,Adriel Gomes do Nascimento,REC,on,0.5,2.8572,2.8572,2026-09-30T02:05:03Z,,
2026-10-01,bra_serie_b,Athletic,Sport,Adriel Gomes do Nascimento,REC,on,1.5,13.0,13.0,2026-09-30T02:05:03Z,,
2026-10-01,bra_serie_b,Athletic,Sport,Adriel Gomes do Nascimento,REC,tot,0.5,1.1819,1.1819,2026-09-30T02:05:03Z,,
2026-10-01,bra_serie_b,Athletic,Sport,Adriel Gomes do Nascimento,REC,tot,1.5,2.0,2.0,2026-09-30T02:05:03Z,,
2026-10-01,bra_serie_b,Athletic,Sport,Adriel Gomes do Nascimento,REC,tot,2.5,4.0,4.0,2026-09-30T02:05:03Z,,
2026-10-01,bra_serie_b,Athletic,Sport,Alexandre Pena,ATH,on,0.5,1.9,1.9,2026-09-30T02:05:03Z,,
2026-10-01,bra_serie_b,Athletic,Sport,Alexandre Pena,ATH,on,1.5,6.0,6.0,2026-09-30T02:05:03Z,,
2026-10-01,bra_serie_b,Athletic,Sport,Alexandre Pena,ATH,tot,0.5,1.1,1.1,2026-09-30T02:05:03Z,,
2026-10-01,bra_serie_b,Athletic,Sport,Alexandre Pena,ATH,tot,1.5,1.68,1.68,2026-09-30T02:05:03Z,,
2026-10-01,bra_serie_b,Athletic,Sport,Alexandre Pena,ATH,tot,2.5,3.1,3.1,2026-09-30T02:05:03Z,,
2026-10-01,bra_serie_b,Athletic,Sport,Altemir Cordeiro Pessôa Neto,REC,on,0.5,1.4167,1.4167,2026-09-30T01:14:23Z,,
2026-10-01,bra_serie_b,Athletic,Sport,Altemir Cordeiro Pessôa Neto,REC,on,1.5,3.3334,3.3334,2026-09-30T01:14:23Z,,
2026-10-01,bra_serie_b,Athletic,Sport,Altemir Cordeiro Pessôa Neto,REC,tot,1.5,1.25,1.25,2026-09-30T01:14:23Z,,
2026-10-01,bra_serie_b,Athletic,Sport,Altemir Cordeiro Pessôa Neto,REC,tot,2.5,1.85,1.85,2026-09-30T01:14:23Z,,
2026-10-01,bra_serie_b,Athletic,Sport,Altemir Cordeiro Pessôa Neto,REC,tot,3.5,3.1,3.1,2026-09-30T01:14:23Z,,
2026-10-01,bra_serie_b,Athletic,Sport,Caick Jose Ferreira Ramos,ATH,on,0.5,1.6471,1.6471,2026-09-30T02:05:03Z,,
2026-10-01,bra_serie_b,Athletic,Sport,Caick Jose Ferreira Ramos,ATH,on,1.5,4.5,4.5,2026-09-30T02:05:03Z,,
2026-10-01,bra_serie_b,Athletic,Sport,Caick Jose Ferreira Ramos,ATH,tot,0.5,1.06,1.06,2026-09-30T02:05:03Z,,
2026-10-01,bra_serie_b,Athletic,Sport,Caick Jose Ferreira Ramos,ATH,tot,1.5,1.5455,1.5455,2026-09-30T02:05:03Z,,
2026-10-01,bra_serie_b,Athletic,Sport,Caick Jose Ferreira Ramos,ATH,tot,2.5,2.7143,2.7143,2026-09-30T02:05:03Z,,
2026-10-01,bra_serie_b,Athletic,Sport,Carlos De Pena,REC,on,0.5,1.7778,1.7778,2026-09-30T02:05:03Z,,
2026-10-01,bra_serie_b,Athletic,Sport,Carlos De Pena,REC,on,1.5,5.0,5.0,2026-09-30T02:05:03Z,,
2026-10-01,bra_serie_b,Athletic,Sport,Carlos De Pena,REC,tot,1.5,1.35,1.35,2026-09-30T02:05:03Z,,
2026-10-01,bra_serie_b,Athletic,Sport,Carlos De Pena,REC,tot,2.5,2.1,2.1,2026-09-30T02:05:03Z,,
2026-10-01,bra_serie_b,Athletic,Sport,Carlos De Pena,REC,tot,3.5,3.8,3.8,2026-09-30T02:05:03Z,,
2026-10-01,bra_serie_b,Athletic,Sport,Caua Medeiros Araujo,ATH,on,0.5,1.6,1.6,2026-09-30T02:05:03Z,,
2026-10-01,bra_serie_b,Athletic,Sport,Caua Medeiros Araujo,ATH,on,1.5,4.0,4.0,2026-09-30T02:05:03Z,,
2026-10-01,bra_serie_b,Athletic,Sport,Caua Medeiros Araujo,ATH,tot,1.5,1.25,1.25,2026-09-30T02:05:03Z,,
2026-10-01,bra_serie_b,Athletic,Sport,Caua Medeiros Araujo,ATH,tot,2.5,1.875,1.875,2026-09-30T02:05:03Z,,
2026-10-01,bra_serie_b,Athletic,Sport,Caua Medeiros Araujo,ATH,tot,3.5,3.2,3.2,2026-09-30T02:05:03Z,,
2026-10-01,bra_serie_b,Athletic,Sport,Chrystian Amaral Barletta De Almeida,REC,on,0.5,1.4,1.4,2026-09-30T02:05:03Z,,
2026-10-01,bra_serie_b,Athletic,Sport,Chrystian Amaral Barletta De Almeida,REC,on,1.5,3.1,3.1,2026-09-30T02:05:03Z,,
2026-10-01,bra_serie_b,Athletic,Sport,Chrystian Amaral Barletta De Almeida,REC,tot,1.5,1.1429,1.1429,2026-09-30T02:05:03Z,,
2026-10-01,bra_serie_b,Athletic,Sport,Chrystian Amaral Barletta De Almeida,REC,tot,2.5,1.5455,1.5455,2026-09-30T02:05:03Z,,
2026-10-01,bra_serie_b,Athletic,Sport,Chrystian Amaral Barletta De Almeida,REC,tot,3.5,2.4546,2.4546,2026-09-30T02:05:03Z,,
2026-10-01,bra_serie_b,Athletic,Sport,Clayson,REC,on,0.5,1.8182,1.8182,2026-09-30T02:05:03Z,,
2026-10-01,bra_serie_b,Athletic,Sport,Clayson,REC,on,1.5,5.5,5.5,2026-09-30T02:05:03Z,,
2026-10-01,bra_serie_b,Athletic,Sport,Clayson,REC,tot,0.5,1.06,1.06,2026-09-30T02:05:03Z,,
2026-10-01,bra_serie_b,Athletic,Sport,Clayson,REC,tot,1.5,1.5455,1.5455,2026-09-30T02:05:03Z,,
2026-10-01,bra_serie_b,Athletic,Sport,Clayson,REC,tot,2.5,2.7143,2.7143,2026-09-30T02:05:03Z,,
2026-10-01,bra_serie_b,Athletic,Sport,Dixon Vera,ATH,on,0.5,1.6,1.6,2026-09-30T02:05:03Z,,
2026-10-01,bra_serie_b,Athletic,Sport,Dixon Vera,ATH,on,1.5,4.0,4.0,2026-09-30T02:05:03Z,,
2026-10-01,bra_serie_b,Athletic,Sport,Dixon Vera,ATH,tot,1.5,1.3,1.3,2026-09-30T02:05:03Z,,
2026-10-01,bra_serie_b,Athletic,Sport,Dixon Vera,ATH,tot,2.5,1.95,1.95,2026-09-30T02:05:03Z,,
2026-10-01,bra_serie_b,Athletic,Sport,Dixon Vera,ATH,tot,3.5,3.4,3.4,2026-09-30T02:05:03Z,,
2026-10-01,bra_serie_b,Athletic,Sport,Douglas da Silva Santos,ATH,on,0.5,2.25,1.9,2026-09-30T02:05:03Z,,
2026-10-01,bra_serie_b,Athletic,Sport,Douglas da Silva Santos,ATH,on,1.5,8.5,6.0,2026-09-30T02:05:03Z,,
2026-10-01,bra_serie_b,Athletic,Sport,Douglas da Silva Santos,ATH,tot,0.5,1.125,1.04,2026-09-30T02:05:03Z,,
2026-10-01,bra_serie_b,Athletic,Sport,Douglas da Silva Santos,ATH,tot,1.5,1.7778,1.48,2026-09-30T02:05:03Z,,
2026-10-01,bra_serie_b,Athletic,Sport,Douglas da Silva Santos,ATH,tot,2.5,3.4,2.4546,2026-09-30T02:05:03Z,,
2026-10-01,bra_serie_b,Athletic,Sport,Edson Lucas Pereira,REC,on,0.5,3.4,3.4,2026-09-30T02:05:03Z,,
2026-10-01,bra_serie_b,Athletic,Sport,Edson Lucas Pereira,REC,on,1.5,19.0,19.0,2026-09-30T02:05:03Z,,
2026-10-01,bra_serie_b,Athletic,Sport,Edson Lucas Pereira,REC,tot,0.5,1.68,1.68,2026-09-30T02:05:03Z,,
2026-10-01,bra_serie_b,Athletic,Sport,Edson Lucas Pereira,REC,tot,1.5,4.25,4.25,2026-09-30T02:05:03Z,,
2026-10-01,bra_serie_b,Athletic,Sport,Eduardo Filipe Silva de Oliveira,ATH,on,0.5,1.6,1.6,2026-09-30T02:05:03Z,,
2026-10-01,bra_serie_b,Athletic,Sport,Eduardo Filipe Silva de Oliveira,ATH,on,1.5,4.0,4.0,2026-09-30T02:05:03Z,,
2026-10-01,bra_serie_b,Athletic,Sport,Eduardo Filipe Silva de Oliveira,ATH,tot,1.5,1.3,1.3,2026-09-30T02:05:03Z,,
2026-10-01,bra_serie_b,Athletic,Sport,Eduardo Filipe Silva de Oliveira,ATH,tot,2.5,2.0,2.0,2026-09-30T02:05:03Z,,
2026-10-01,bra_serie_b,Athletic,Sport,Eduardo Filipe Silva de Oliveira,ATH,tot,3.5,3.5,3.5,2026-09-30T02:05:03Z,,
2026-10-01,bra_serie_b,Athletic,Sport,Fabricio Isidoro Fonseca De Jesus,ATH,on,0.5,3.5,3.5,2026-09-30T02:05:03Z,,
2026-10-01,bra_serie_b,Athletic,Sport,Fabricio Isidoro Fonseca De Jesus,ATH,on,1.5,20.0,20.0,2026-09-30T02:05:03Z,,
2026-10-01,bra_serie_b,Athletic,Sport,Fabricio Isidoro Fonseca De Jesus,ATH,tot,0.5,1.4,1.4,2026-09-30T02:05:03Z,,
2026-10-01,bra_serie_b,Athletic,Sport,Fabricio Isidoro Fonseca De Jesus,ATH,tot,1.5,3.0,3.0,2026-09-30T02:05:03Z,,
2026-10-01,bra_serie_b,Athletic,Sport,Felipe Negrucci,ATH,on,0.5,3.3334,3.3334,2026-09-30T02:05:03Z,,
2026-10-01,bra_serie_b,Athletic,Sport,Felipe Negrucci,ATH,on,1.5,18.0,18.0,2026-09-30T02:05:03Z,,
2026-10-01,bra_serie_b,Athletic,Sport,Felipe Negrucci,ATH,tot,0.5,1.5834,1.5834,2026-09-30T02:05:03Z,,
2026-10-01,bra_serie_b,Athletic,Sport,Felipe Negrucci,ATH,tot,1.5,3.8,3.8,2026-09-30T02:05:03Z,,
2026-10-01,bra_serie_b,Athletic,Sport,Felipe Vieira da Silva,ATH,on,0.5,4.0,4.0,2026-09-30T02:05:03Z,,
2026-10-01,bra_serie_b,Athletic,Sport,Felipe Vieira da Silva,ATH,tot,0.5,1.8182,1.8182,2026-09-30T02:05:03Z,,
2026-10-01,bra_serie_b,Athletic,Sport,Felipe Vieira da Silva,ATH,tot,1.5,5.0,5.0,2026-09-30T02:05:03Z,,
2026-10-01,bra_serie_b,Athletic,Sport,Fernando Rodrigues Caixeta Barbosa,REC,on,0.5,2.8572,2.8572,2026-09-30T02:05:03Z,,
2026-10-01,bra_serie_b,Athletic,Sport,Fernando Rodrigues Caixeta Barbosa,REC,on,1.5,13.0,13.0,2026-09-30T02:05:03Z,,
2026-10-01,bra_serie_b,Athletic,Sport,Fernando Rodrigues Caixeta Barbosa,REC,tot,0.5,1.25,1.25,2026-09-30T02:05:03Z,,
2026-10-01,bra_serie_b,Athletic,Sport,Fernando Rodrigues Caixeta Barbosa,REC,tot,1.5,2.3637,2.3637,2026-09-30T02:05:03Z,,
2026-10-01,bra_serie_b,Athletic,Sport,Fernando Rodrigues Caixeta Barbosa,REC,tot,2.5,5.0,5.0,2026-09-30T02:05:03Z,,
2026-10-01,bra_serie_b,Athletic,Sport,Gustavo Cesar Mendonca Gravino,ATH,on,0.5,2.3637,2.3637,2026-09-30T02:05:03Z,,
2026-10-01,bra_serie_b,Athletic,Sport,Gustavo Cesar Mendonca Gravino,ATH,on,1.5,9.0,9.0,2026-09-30T02:05:03Z,,
2026-10-01,bra_serie_b,Athletic,Sport,Gustavo Cesar Mendonca Gravino,ATH,tot,0.5,1.1429,1.1429,2026-09-30T02:05:03Z,,
2026-10-01,bra_serie_b,Athletic,Sport,Gustavo Cesar Mendonca Gravino,ATH,tot,1.5,1.85,1.85,2026-09-30T02:05:03Z,,
2026-10-01,bra_serie_b,Athletic,Sport,Gustavo Cesar Mendonca Gravino,ATH,tot,2.5,3.6,3.6,2026-09-30T02:05:03Z,,
2026-10-01,bra_serie_b,Athletic,Sport,Gustavo Silva Vieira Nascimento,ATH,on,0.5,1.4,1.4,2026-09-30T02:05:03Z,,
2026-10-01,bra_serie_b,Athletic,Sport,Gustavo Silva Vieira Nascimento,ATH,on,1.5,3.2,3.2,2026-09-30T02:05:03Z,,
2026-10-01,bra_serie_b,Athletic,Sport,Gustavo Silva Vieira Nascimento,ATH,tot,1.5,1.25,1.25,2026-09-30T02:05:03Z,,
2026-10-01,bra_serie_b,Athletic,Sport,Gustavo Silva Vieira Nascimento,ATH,tot,2.5,1.85,1.85,2026-09-30T02:05:03Z,,
2026-10-01,bra_serie_b,Athletic,Sport,Gustavo Silva Vieira Nascimento,ATH,tot,3.5,3.1,3.1,2026-09-30T02:05:03Z,,
2026-10-01,bra_serie_b,Athletic,Sport,Jefferson Borges do Nascimento,REC,on,0.5,1.68,1.68,2026-09-30T02:05:03Z,,
2026-10-01,bra_serie_b,Athletic,Sport,Jefferson Borges do Nascimento,REC,on,1.5,4.5,4.5,2026-09-30T02:05:03Z,,
2026-10-01,bra_serie_b,Athletic,Sport,Jefferson Borges do Nascimento,REC,tot,1.5,1.3847,1.3847,2026-09-30T02:05:03Z,,
2026-10-01,bra_serie_b,Athletic,Sport,Jefferson Borges do Nascimento,REC,tot,2.5,2.2,2.2,2026-09-30T02:05:03Z,,
2026-10-01,bra_serie_b,Athletic,Sport,Jefferson Borges do Nascimento,REC,tot,3.5,4.0,4.0,2026-09-30T02:05:03Z,,
2026-10-01,bra_serie_b,Athletic,Sport,Jhan Pool Torres Canate,ATH,on,0.5,4.0,4.0,2026-09-29T23:38:12Z,,
2026-10-01,bra_serie_b,Athletic,Sport,Jhan Pool Torres Canate,ATH,tot,0.5,1.9,1.9,2026-09-29T23:38:12Z,,
2026-10-01,bra_serie_b,Athletic,Sport,Jhan Pool Torres Canate,ATH,tot,1.5,5.5,5.5,2026-09-29T23:38:12Z,,
2026-10-01,bra_serie_b,Athletic,Sport,Jhonatan Paulo Da Silva,ATH,on,0.5,3.6,3.6,2026-09-30T02:05:03Z,,
2026-10-01,bra_serie_b,Athletic,Sport,Jhonatan Paulo Da Silva,ATH,on,1.5,20.0,20.0,2026-09-30T02:05:03Z,,
2026-10-01,bra_serie_b,Athletic,Sport,Jhonatan Paulo Da Silva,ATH,tot,0.5,1.6154,1.6154,2026-09-30T02:05:03Z,,
2026-10-01,bra_serie_b,Athletic,Sport,Jhonatan Paulo Da Silva,ATH,tot,1.5,4.0,4.0,2026-09-30T02:05:03Z,,
2026-10-01,bra_serie_b,Athletic,Sport,Joao Miguel,ATH,on,0.5,3.8,3.8,2026-09-30T02:05:03Z,,
2026-10-01,bra_serie_b,Athletic,Sport,Joao Miguel,ATH,tot,0.5,1.68,1.68,2026-09-30T02:05:03Z,,
2026-10-01,bra_serie_b,Athletic,Sport,Joao Miguel,ATH,tot,1.5,4.25,4.25,2026-09-30T02:05:03Z,,
2026-10-01,bra_serie_b,Athletic,Sport,Jose Lucas Santos Barbosa De Lima,ATH,on,0.5,4.25,4.25,2026-09-30T02:05:03Z,,
2026-10-01,bra_serie_b,Athletic,Sport,Jose Lucas Santos Barbosa De Lima,ATH,tot,0.5,1.9,1.9,2026-09-30T02:05:03Z,,
2026-10-01,bra_serie_b,Athletic,Sport,Jose Lucas Santos Barbosa De Lima,ATH,tot,1.5,5.5,5.5,2026-09-30T02:05:03Z,,
2026-10-01,bra_serie_b,Athletic,Sport,Jose Marcos Ze Alves Luis,REC,on,0.5,8.0,8.0,2026-09-29T23:38:12Z,,
2026-10-01,bra_serie_b,Athletic,Sport,Jose Marcos Ze Alves Luis,REC,tot,0.5,1.85,1.85,2026-09-29T23:38:12Z,,
2026-10-01,bra_serie_b,Athletic,Sport,Jose Marcos Ze Alves Luis,REC,tot,1.5,5.0,5.0,2026-09-29T23:38:12Z,,
2026-10-01,bra_serie_b,Athletic,Sport,José Gabriel Dos Santos Silva,REC,on,0.5,3.0,3.0,2026-09-30T02:05:03Z,,
2026-10-01,bra_serie_b,Athletic,Sport,José Gabriel Dos Santos Silva,REC,on,1.5,14.0,14.0,2026-09-30T02:05:03Z,,
2026-10-01,bra_serie_b,Athletic,Sport,José Gabriel Dos Santos Silva,REC,tot,0.5,1.3847,1.3847,2026-09-30T02:05:03Z,,
2026-10-01,bra_serie_b,Athletic,Sport,José Gabriel Dos Santos Silva,REC,tot,1.5,2.8572,2.8572,2026-09-30T02:05:03Z,,
2026-10-01,bra_serie_b,Athletic,Sport,Jota,ATH,on,0.5,3.4,3.4,2026-09-30T02:05:03Z,,
2026-10-01,bra_serie_b,Athletic,Sport,Jota,ATH,on,1.5,19.0,19.0,2026-09-30T02:05:03Z,,
2026-10-01,bra_serie_b,Athletic,Sport,Jota,ATH,tot,0.5,1.2308,1.2308,2026-09-30T02:05:03Z,,
2026-10-01,bra_serie_b,Athletic,Sport,Jota,ATH,tot,1.5,2.25,2.25,2026-09-30T02:05:03Z,,
2026-10-01,bra_serie_b,Athletic,Sport,Jota,ATH,tot,2.5,4.75,4.75,2026-09-30T02:05:03Z,,
2026-10-01,bra_serie_b,Athletic,Sport,João Vitor Silva Oliveira,ATH,on,0.5,4.25,4.25,2026-09-30T02:05:03Z,,
2026-10-01,bra_serie_b,Athletic,Sport,João Vitor Silva Oliveira,ATH,tot,0.5,1.52,1.52,2026-09-30T02:05:03Z,,
2026-10-01,bra_serie_b,Athletic,Sport,João Vitor Silva Oliveira,ATH,tot,1.5,3.5,3.5,2026-09-30T02:05:03Z,,
2026-10-01,bra_serie_b,Athletic,Sport,Juan Matheus Alano Nascimento,REC,on,0.5,1.52,1.52,2026-09-30T02:05:03Z,,
2026-10-01,bra_serie_b,Athletic,Sport,Juan Matheus Alano Nascimento,REC,on,1.5,3.8,3.8,2026-09-30T02:05:03Z,,
2026-10-01,bra_serie_b,Athletic,Sport,Juan Matheus Alano Nascimento,REC,tot,1.5,1.35,1.35,2026-09-30T02:05:03Z,,
2026-10-01,bra_serie_b,Athletic,Sport,Juan Matheus Alano Nascimento,REC,tot,2.5,2.1,2.1,2026-09-30T02:05:03Z,,
2026-10-01,bra_serie_b,Athletic,Sport,Juan Matheus Alano Nascimento,REC,tot,3.5,3.8,3.8,2026-09-30T02:05:03Z,,
2026-10-01,bra_serie_b,Athletic,Sport,Kauan,ATH,on,0.5,2.05,2.05,2026-09-30T02:05:03Z,,
2026-10-01,bra_serie_b,Athletic,Sport,Kauan,ATH,on,1.5,7.0,7.0,2026-09-30T02:05:03Z,,
2026-10-01,bra_serie_b,Athletic,Sport,Kauan,ATH,tot,0.5,1.091,1.03,2026-09-30T02:05:03Z,,
2026-10-01,bra_serie_b,Athletic,Sport,Kauan,ATH,tot,1.5,1.6471,1.4546,2026-09-30T02:05:03Z,,
2026-10-01,bra_serie_b,Athletic,Sport,Kauan,ATH,tot,2.5,3.0,2.4,2026-09-30T02:05:03Z,,
2026-10-01,bra_serie_b,Athletic,Sport,Kauan Gabriel Cordeiro Lindes,ATH,on,0.5,1.9,1.9,2026-09-30T02:05:03Z,,
2026-10-01,bra_serie_b,Athletic,Sport,Kauan Gabriel Cordeiro Lindes,ATH,on,1.5,6.0,6.0,2026-09-30T02:05:03Z,,
2026-10-01,bra_serie_b,Athletic,Sport,Kauan Gabriel Cordeiro Lindes,ATH,tot,0.5,1.0715,1.0715,2026-09-30T02:05:03Z,,
2026-10-01,bra_serie_b,Athletic,Sport,Kauan Gabriel Cordeiro Lindes,ATH,tot,1.5,1.5834,1.5834,2026-09-30T02:05:03Z,,
2026-10-01,bra_serie_b,Athletic,Sport,Kauan Gabriel Cordeiro Lindes,ATH,tot,2.5,2.8,2.8,2026-09-30T02:05:03Z,,
2026-10-01,bra_serie_b,Athletic,Sport,Kayky Henrique Almeida Brandao da Silva,REC,on,0.5,5.5,5.5,2026-09-30T02:05:03Z,,
2026-10-01,bra_serie_b,Athletic,Sport,Kayky Henrique Almeida Brandao da Silva,REC,tot,0.5,1.9,1.9,2026-09-30T02:05:03Z,,
2026-10-01,bra_serie_b,Athletic,Sport,Kayky Henrique Almeida Brandao da Silva,REC,tot,1.5,5.0,5.0,2026-09-30T02:05:03Z,,
2026-10-01,bra_serie_b,Athletic,Sport,Kervin Mario Andrade Navarro,REC,on,0.5,1.875,1.875,2026-09-30T02:05:03Z,,
2026-10-01,bra_serie_b,Athletic,Sport,Kervin Mario Andrade Navarro,REC,on,1.5,5.5,5.5,2026-09-30T02:05:03Z,,
2026-10-01,bra_serie_b,Athletic,Sport,Kervin Mario Andrade Navarro,REC,tot,1.5,1.2308,1.2308,2026-09-30T02:05:03Z,,
2026-10-01,bra_serie_b,Athletic,Sport,Kervin Mario Andrade Navarro,REC,tot,2.5,1.8182,1.8182,2026-09-30T02:05:03Z,,
2026-10-01,bra_serie_b,Athletic,Sport,Kervin Mario Andrade Navarro,REC,tot,3.5,3.0,3.0,2026-09-30T02:05:03Z,,
2026-10-01,bra_serie_b,Athletic,Sport,Luiz Eduardo Teodora Da Silva,REC,on,0.5,2.0,2.0,2026-09-30T02:05:03Z,,
2026-10-01,bra_serie_b,Athletic,Sport,Luiz Eduardo Teodora Da Silva,REC,on,1.5,6.5,6.5,2026-09-30T02:05:03Z,,
2026-10-01,bra_serie_b,Athletic,Sport,Luiz Eduardo Teodora Da Silva,REC,tot,0.5,1.1667,1.1667,2026-09-30T02:05:03Z,,
2026-10-01,bra_serie_b,Athletic,Sport,Luiz Eduardo Teodora Da Silva,REC,tot,1.5,2.0,2.0,2026-09-30T02:05:03Z,,
2026-10-01,bra_serie_b,Athletic,Sport,Luiz Eduardo Teodora Da Silva,REC,tot,2.5,4.0,4.0,2026-09-30T02:05:03Z,,
2026-10-01,bra_serie_b,Athletic,Sport,Luiz Gabriel de Oliveira Fonse,REC,on,0.5,2.0,2.0,2026-09-30T02:05:03Z,,
2026-10-01,bra_serie_b,Athletic,Sport,Luiz Gabriel de Oliveira Fonse,REC,on,1.5,6.5,6.5,2026-09-30T02:05:03Z,,
2026-10-01,bra_serie_b,Athletic,Sport,Luiz Gabriel de Oliveira Fonse,REC,tot,0.5,1.1334,1.1334,2026-09-30T02:05:03Z,,
2026-10-01,bra_serie_b,Athletic,Sport,Luiz Gabriel de Oliveira Fonse,REC,tot,1.5,1.8182,1.8182,2026-09-30T02:05:03Z,,
2026-10-01,bra_serie_b,Athletic,Sport,Luiz Gabriel de Oliveira Fonse,REC,tot,2.5,3.5,3.5,2026-09-30T02:05:03Z,,
2026-10-01,bra_serie_b,Athletic,Sport,Marcelo,REC,on,0.5,4.0,4.0,2026-09-30T02:05:03Z,,
2026-10-01,bra_serie_b,Athletic,Sport,Marcelo,REC,tot,0.5,1.6154,1.6154,2026-09-30T02:05:03Z,,
2026-10-01,bra_serie_b,Athletic,Sport,Marcelo,REC,tot,1.5,4.0,4.0,2026-09-30T02:05:03Z,,
2026-10-01,bra_serie_b,Athletic,Sport,Marcelo Conceicao,REC,on,0.5,5.5,5.5,2026-09-30T02:05:03Z,,
2026-10-01,bra_serie_b,Athletic,Sport,Marcelo Conceicao,REC,tot,0.5,2.4,2.4,2026-09-30T02:05:03Z,,
2026-10-01,bra_serie_b,Athletic,Sport,Marcelo Conceicao,REC,tot,1.5,8.0,8.0,2026-09-30T02:05:03Z,,
2026-10-01,bra_serie_b,Athletic,Sport,Marlon,REC,on,0.5,1.875,1.875,2026-09-30T02:05:03Z,,
2026-10-01,bra_serie_b,Athletic,Sport,Marlon,REC,on,1.5,5.5,5.5,2026-09-30T02:05:03Z,,
2026-10-01,bra_serie_b,Athletic,Sport,Marlon,REC,tot,0.5,1.06,1.06,2026-09-30T02:05:03Z,,
2026-10-01,bra_serie_b,Athletic,Sport,Marlon,REC,tot,1.5,1.5455,1.5455,2026-09-30T02:05:03Z,,
2026-10-01,bra_serie_b,Athletic,Sport,Marlon,REC,tot,2.5,2.7143,2.7143,2026-09-30T02:05:03Z,,
2026-10-01,bra_serie_b,Athletic,Sport,Max,ATH,on,0.5,1.68,1.68,2026-09-30T02:05:03Z,,
2026-10-01,bra_serie_b,Athletic,Sport,Max,ATH,on,1.5,4.5,4.5,2026-09-30T02:05:03Z,,
2026-10-01,bra_serie_b,Athletic,Sport,Max,ATH,tot,1.5,1.25,1.25,2026-09-30T02:05:03Z,,
2026-10-01,bra_serie_b,Athletic,Sport,Max,ATH,tot,2.5,1.875,1.875,2026-09-30T02:05:03Z,,
2026-10-01,bra_serie_b,Athletic,Sport,Max,ATH,tot,3.5,3.1,3.1,2026-09-30T02:05:03Z,,
2026-10-01,bra_serie_b,Athletic,Sport,Moises,ATH,on,0.5,1.4,1.4,2026-09-30T02:05:03Z,,
2026-10-01,bra_serie_b,Athletic,Sport,Moises,ATH,on,1.5,3.1,3.1,2026-09-30T02:05:03Z,,
2026-10-01,bra_serie_b,Athletic,Sport,Moises,ATH,tot,2.5,1.4546,1.4546,2026-09-30T02:05:03Z,,
2026-10-01,bra_serie_b,Athletic,Sport,Moises,ATH,tot,3.5,2.1429,2.1429,2026-09-30T02:05:03Z,,
2026-10-01,bra_serie_b,Athletic,Sport,Moises,ATH,tot,4.5,3.6,3.6,2026-09-30T02:05:03Z,,
2026-10-01,bra_serie_b,Athletic,Sport,Murilo Rhikman Alves Pimentel,REC,on,0.5,3.6,3.6,2026-09-30T02:05:03Z,,
2026-10-01,bra_serie_b,Athletic,Sport,Murilo Rhikman Alves Pimentel,REC,on,1.5,20.0,20.0,2026-09-30T02:05:03Z,,
2026-10-01,bra_serie_b,Athletic,Sport,Murilo Rhikman Alves Pimentel,REC,tot,0.5,1.75,1.75,2026-09-30T02:05:03Z,,
2026-10-01,bra_serie_b,Athletic,Sport,Murilo Rhikman Alves Pimentel,REC,tot,1.5,4.5,4.5,2026-09-30T02:05:03Z,,
2026-10-01,bra_serie_b,Athletic,Sport,Otávio Bruno dos Santos,ATH,on,0.5,1.4546,1.4546,2026-09-30T02:05:03Z,,
2026-10-01,bra_serie_b,Athletic,Sport,Otávio Bruno dos Santos,ATH,on,1.5,3.5,3.5,2026-09-30T02:05:03Z,,
2026-10-01,bra_serie_b,Athletic,Sport,Otávio Bruno dos Santos,ATH,tot,1.5,1.2223,1.2223,2026-09-30T02:05:03Z,,
2026-10-01,bra_serie_b,Athletic,Sport,Otávio Bruno dos Santos,ATH,tot,2.5,1.75,1.75,2026-09-30T02:05:03Z,,
2026-10-01,bra_serie_b,Athletic,Sport,Otávio Bruno dos Santos,ATH,tot,3.5,2.9,2.9,2026-09-30T02:05:03Z,,
2026-10-01,bra_serie_b,Athletic,Sport,Patrick Jorge de Oliveira Ferraz,REC,on,0.5,5.5,5.5,2026-09-30T02:05:03Z,,
2026-10-01,bra_serie_b,Athletic,Sport,Patrick Jorge de Oliveira Ferraz,REC,tot,0.5,2.1429,2.1429,2026-09-30T02:05:03Z,,
2026-10-01,bra_serie_b,Athletic,Sport,Patrick Jorge de Oliveira Ferraz,REC,tot,1.5,7.0,7.0,2026-09-30T02:05:03Z,,
2026-10-01,bra_serie_b,Athletic,Sport,Patrick de Paula Carreiro,REC,on,0.5,2.3,2.3,2026-09-30T02:05:03Z,,
2026-10-01,bra_serie_b,Athletic,Sport,Patrick de Paula Carreiro,REC,on,1.5,8.5,8.5,2026-09-30T02:05:03Z,,
2026-10-01,bra_serie_b,Athletic,Sport,Patrick de Paula Carreiro,REC,tot,1.5,1.1667,1.1667,2026-09-30T02:05:03Z,,
2026-10-01,bra_serie_b,Athletic,Sport,Patrick de Paula Carreiro,REC,tot,2.5,1.6154,1.6154,2026-09-30T02:05:03Z,,
2026-10-01,bra_serie_b,Athletic,Sport,Patrick de Paula Carreiro,REC,tot,3.5,2.6,2.6,2026-09-30T02:05:03Z,,
2026-10-01,bra_serie_b,Athletic,Sport,Pedro Henrique Perotti,REC,on,0.5,1.35,1.35,2026-09-30T02:05:03Z,,
2026-10-01,bra_serie_b,Athletic,Sport,Pedro Henrique Perotti,REC,on,1.5,2.8572,2.8572,2026-09-30T02:05:03Z,,
2026-10-01,bra_serie_b,Athletic,Sport,Pedro Henrique Perotti,REC,tot,1.5,1.1667,1.1667,2026-09-30T02:05:03Z,,
2026-10-01,bra_serie_b,Athletic,Sport,Pedro Henrique Perotti,REC,tot,2.5,1.6154,1.6154,2026-09-30T02:05:03Z,,
2026-10-01,bra_serie_b,Athletic,Sport,Pedro Henrique Perotti,REC,tot,3.5,2.5455,2.5455,2026-09-30T02:05:03Z,,
2026-10-01,bra_serie_b,Athletic,Sport,Pedro Henrique de Oliveira,ATH,on,0.5,1.4167,1.4167,2026-09-30T02:05:03Z,,
2026-10-01,bra_serie_b,Athletic,Sport,Pedro Henrique de Oliveira,ATH,on,1.5,3.2,3.2,2026-09-30T02:05:03Z,,
2026-10-01,bra_serie_b,Athletic,Sport,Pedro Henrique de Oliveira,ATH,tot,1.5,1.1819,1.1819,2026-09-30T02:05:03Z,,
2026-10-01,bra_serie_b,Athletic,Sport,Pedro Henrique de Oliveira,ATH,tot,2.5,1.68,1.68,2026-09-30T02:05:03Z,,
2026-10-01,bra_serie_b,Athletic,Sport,Pedro Henrique de Oliveira,ATH,tot,3.5,2.7143,2.7143,2026-09-30T02:05:03Z,,
2026-10-01,bra_serie_b,Athletic,Sport,Philipe Sampaio,ATH,on,0.5,4.5,4.5,2026-09-30T02:05:03Z,,
2026-10-01,bra_serie_b,Athletic,Sport,Philipe Sampaio,ATH,tot,0.5,2.0,2.0,2026-09-30T02:05:03Z,,
2026-10-01,bra_serie_b,Athletic,Sport,Philipe Sampaio,ATH,tot,1.5,6.0,6.0,2026-09-30T02:05:03Z,,
2026-10-01,bra_serie_b,Athletic,Sport,Rafael Lima da Silva,REC,on,0.5,4.5,4.5,2026-09-30T02:05:03Z,,
2026-10-01,bra_serie_b,Athletic,Sport,Rafael Lima da Silva,REC,tot,0.5,1.6154,1.6154,2026-09-30T02:05:03Z,,
2026-10-01,bra_serie_b,Athletic,Sport,Rafael Lima da Silva,REC,tot,1.5,4.0,4.0,2026-09-30T02:05:03Z,,
2026-10-01,bra_serie_b,Athletic,Sport,Rai Lopes de Oliveira,REC,on,0.5,4.5,4.5,2026-09-30T02:05:03Z,,
2026-10-01,bra_serie_b,Athletic,Sport,Rai Lopes de Oliveira,REC,tot,0.5,1.5455,1.5455,2026-09-30T02:05:03Z,,
2026-10-01,bra_serie_b,Athletic,Sport,Rai Lopes de Oliveira,REC,tot,1.5,3.6,3.6,2026-09-30T02:05:03Z,,
2026-10-01,bra_serie_b,Athletic,Sport,Redney Emanuel de Jesus Assis,ATH,on,0.5,1.7778,1.7778,2026-09-30T02:05:03Z,,
2026-10-01,bra_serie_b,Athletic,Sport,Redney Emanuel de Jesus Assis,ATH,on,1.5,5.0,5.0,2026-09-30T02:05:03Z,,
2026-10-01,bra_serie_b,Athletic,Sport,Redney Emanuel de Jesus Assis,ATH,tot,0.5,1.06,1.06,2026-09-30T02:05:03Z,,
2026-10-01,bra_serie_b,Athletic,Sport,Redney Emanuel de Jesus Assis,ATH,tot,1.5,1.5455,1.5455,2026-09-30T02:05:03Z,,
2026-10-01,bra_serie_b,Athletic,Sport,Redney Emanuel de Jesus Assis,ATH,tot,2.5,2.75,2.75,2026-09-30T02:05:03Z,,
2026-10-01,bra_serie_b,Athletic,Sport,Thallyson Carlos,ATH,on,0.5,1.6154,1.6154,2026-09-30T02:05:03Z,,
2026-10-01,bra_serie_b,Athletic,Sport,Thallyson Carlos,ATH,on,1.5,4.25,4.25,2026-09-30T02:05:03Z,,
2026-10-01,bra_serie_b,Athletic,Sport,Thallyson Carlos,ATH,tot,1.5,1.1819,1.1819,2026-09-30T02:05:03Z,,
2026-10-01,bra_serie_b,Athletic,Sport,Thallyson Carlos,ATH,tot,2.5,1.6471,1.6471,2026-09-30T02:05:03Z,,
2026-10-01,bra_serie_b,Athletic,Sport,Thallyson Carlos,ATH,tot,3.5,2.6667,2.6667,2026-09-30T02:05:03Z,,
2026-10-01,bra_serie_b,Athletic,Sport,Wilinton Aponza,ATH,on,0.5,1.52,1.52,2026-09-30T02:05:03Z,,
2026-10-01,bra_serie_b,Athletic,Sport,Wilinton Aponza,ATH,on,1.5,3.8,3.8,2026-09-30T02:05:03Z,,
2026-10-01,bra_serie_b,Athletic,Sport,Wilinton Aponza,ATH,tot,1.5,1.2858,1.2858,2026-09-30T02:05:03Z,,
2026-10-01,bra_serie_b,Athletic,Sport,Wilinton Aponza,ATH,tot,2.5,1.95,1.95,2026-09-30T02:05:03Z,,
2026-10-01,bra_serie_b,Athletic,Sport,Wilinton Aponza,ATH,tot,3.5,3.4,3.4,2026-09-30T02:05:03Z,,
2026-10-01,bra_serie_b,Athletic,Sport,Willian Osmar De Oliveira Silva,REC,on,0.5,3.4,3.4,2026-09-30T02:05:03Z,,
2026-10-01,bra_serie_b,Athletic,Sport,Willian Osmar De Oliveira Silva,REC,on,1.5,19.0,19.0,2026-09-30T02:05:03Z,,
2026-10-01,bra_serie_b,Athletic,Sport,Willian Osmar De Oliveira Silva,REC,tot,0.5,1.6471,1.6471,2026-09-30T02:05:03Z,,
2026-10-01,bra_serie_b,Athletic,Sport,Willian Osmar De Oliveira Silva,REC,tot,1.5,4.0,4.0,2026-09-30T02:05:03Z,,
2026-10-01,bra_serie_b,Athletic,Sport,Yago Santos De Andrade,ATH,on,0.5,2.75,2.75,2026-09-30T02:05:03Z,,
2026-10-01,bra_serie_b,Athletic,Sport,Yago Santos De Andrade,ATH,on,1.5,12.0,12.0,2026-09-30T02:05:03Z,,
2026-10-01,bra_serie_b,Athletic,Sport,Yago Santos De Andrade,ATH,tot,0.5,1.2728,1.2728,2026-09-30T02:05:03Z,,
2026-10-01,bra_serie_b,Athletic,Sport,Yago Santos De Andrade,ATH,tot,1.5,2.4,2.4,2026-09-30T02:05:03Z,,
2026-10-01,bra_serie_b,Athletic,Sport,Yago Santos De Andrade,ATH,tot,2.5,5.0,5.0,2026-09-30T02:05:03Z,,
2026-10-01,bra_serie_b,Athletic,Sport,Yarlen Faustino Augusto,ATH,on,0.5,2.1429,2.1429,2026-09-30T02:05:03Z,,
2026-10-01,bra_serie_b,Athletic,Sport,Yarlen Faustino Augusto,ATH,on,1.5,7.5,7.5,2026-09-30T02:05:03Z,,
2026-10-01,bra_serie_b,Athletic,Sport,Yarlen Faustino Augusto,ATH,tot,0.5,1.1539,1.1539,2026-09-30T02:05:03Z,,
2026-10-01,bra_serie_b,Athletic,Sport,Yarlen Faustino Augusto,ATH,tot,1.5,1.9,1.9,2026-09-30T02:05:03Z,,
2026-10-01,bra_serie_b,Athletic,Sport,Yarlen Faustino Augusto,ATH,tot,2.5,3.8,3.8,2026-09-30T02:05:03Z,,
2026-10-01,bra_serie_b,Athletic,Sport,Zagueiro Habraao,REC,on,0.5,5.0,5.0,2026-09-30T02:05:03Z,,
2026-10-01,bra_serie_b,Athletic,Sport,Zagueiro Habraao,REC,tot,0.5,2.05,2.05,2026-09-30T02:05:03Z,,
2026-10-01,bra_serie_b,Athletic,Sport,Zagueiro Habraao,REC,tot,1.5,6.0,6.0,2026-09-30T02:05:03Z,,
2026-10-01,bra_serie_b,Athletic,Sport,enzo henrique dos santos,ATH,on,0.5,2.75,2.75,2026-09-30T02:05:03Z,,
2026-10-01,bra_serie_b,Athletic,Sport,enzo henrique dos santos,ATH,on,1.5,12.0,12.0,2026-09-30T02:05:03Z,,
2026-10-01,bra_serie_b,Athletic,Sport,enzo henrique dos santos,ATH,tot,0.5,1.4,1.4,2026-09-30T02:05:03Z,,
2026-10-01,bra_serie_b,Athletic,Sport,enzo henrique dos santos,ATH,tot,1.5,3.0,3.0,2026-09-30T02:05:03Z,,
2026-10-01,col_primera_a,Atlético Nacional,Atlético Junior,Alfredo Morelos,ANA,on,0.5,1.1429,1.091,2026-09-30T02:05:03Z,,
2026-10-01,col_primera_a,Atlético Nacional,Atlético Junior,Alfredo Morelos,ANA,on,1.5,1.9,1.7,2026-09-30T02:05:03Z,,
2026-10-01,col_primera_a,Atlético Nacional,Atlético Junior,Alfredo Morelos,ANA,on,2.5,4.0,3.3334,2026-09-30T02:05:03Z,,
2026-10-01,col_primera_a,Atlético Nacional,Atlético Junior,Alfredo Morelos,ANA,tot,3.5,1.4,1.4,2026-09-30T02:05:03Z,,
2026-10-01,col_primera_a,Atlético Nacional,Atlético Junior,Alfredo Morelos,ANA,tot,4.5,1.9,1.9,2026-09-30T02:05:03Z,,
2026-10-01,col_primera_a,Atlético Nacional,Atlético Junior,Alfredo Morelos,ANA,tot,5.5,2.8,2.8,2026-09-30T02:05:03Z,,
2026-10-01,col_primera_a,Atlético Nacional,Atlético Junior,Andres De Jesus Sarmiento Salas,ANA,on,0.5,1.4546,1.3847,2026-09-30T02:05:03Z,,
2026-10-01,col_primera_a,Atlético Nacional,Atlético Junior,Andres De Jesus Sarmiento Salas,ANA,on,1.5,3.4,3.0,2026-09-30T02:05:03Z,,
2026-10-01,col_primera_a,Atlético Nacional,Atlético Junior,Andres De Jesus Sarmiento Salas,ANA,tot,2.5,1.3,1.3,2026-09-30T02:05:03Z,,
2026-10-01,col_primera_a,Atlético Nacional,Atlético Junior,Andres De Jesus Sarmiento Salas,ANA,tot,3.5,1.7778,1.7778,2026-09-30T02:05:03Z,,
2026-10-01,col_primera_a,Atlético Nacional,Atlético Junior,Andres De Jesus Sarmiento Salas,ANA,tot,4.5,2.7143,2.7143,2026-09-30T02:05:03Z,,
2026-10-01,col_primera_a,Atlético Nacional,Atlético Junior,Andres Felipe Roman Mosquera,ANA,on,0.5,2.7143,2.5,2026-09-30T02:05:03Z,,
2026-10-01,col_primera_a,Atlético Nacional,Atlético Junior,Andres Felipe Roman Mosquera,ANA,on,1.5,12.0,10.0,2026-09-30T02:05:03Z,,
2026-10-01,col_primera_a,Atlético Nacional,Atlético Junior,Andres Felipe Roman Mosquera,ANA,tot,0.5,1.1,1.1,2026-09-30T02:05:03Z,,
2026-10-01,col_primera_a,Atlético Nacional,Atlético Junior,Andres Felipe Roman Mosquera,ANA,tot,1.5,1.6471,1.6471,2026-09-30T02:05:03Z,,
2026-10-01,col_primera_a,Atlético Nacional,Atlético Junior,Andres Felipe Roman Mosquera,ANA,tot,2.5,3.0,3.0,2026-09-30T02:05:03Z,,
2026-10-01,col_primera_a,Atlético Nacional,Atlético Junior,Andrés David Shmalbach Martínez,JUN,on,0.5,5.0,4.5,2026-09-30T02:05:03Z,,
2026-10-01,col_primera_a,Atlético Nacional,Atlético Junior,Andrés David Shmalbach Martínez,JUN,tot,0.5,1.48,1.48,2026-09-30T02:05:03Z,,
2026-10-01,col_primera_a,Atlético Nacional,Atlético Junior,Andrés David Shmalbach Martínez,JUN,tot,1.5,3.2,3.2,2026-09-30T02:05:03Z,,
2026-10-01,col_primera_a,Atlético Nacional,Atlético Junior,Andrés Reyes,ANA,on,0.5,5.0,4.75,2026-09-30T02:05:03Z,,
2026-10-01,col_primera_a,Atlético Nacional,Atlético Junior,Andrés Reyes,ANA,tot,0.5,1.6,1.6,2026-09-30T02:05:03Z,,
2026-10-01,col_primera_a,Atlético Nacional,Atlético Junior,Andrés Reyes,ANA,tot,1.5,3.8,3.8,2026-09-30T02:05:03Z,,
2026-10-01,col_primera_a,Atlético Nacional,Atlético Junior,Brayan David Castrillon Gomez,JUN,on,0.5,1.6154,1.5,2026-09-30T02:05:03Z,,
2026-10-01,col_primera_a,Atlético Nacional,Atlético Junior,Brayan David Castrillon Gomez,JUN,on,1.5,4.25,3.6667,2026-09-30T02:05:03Z,,
2026-10-01,col_primera_a,Atlético Nacional,Atlético Junior,Brayan David Castrillon Gomez,JUN,tot,1.5,1.35,1.35,2026-09-30T02:05:03Z,,
2026-10-01,col_primera_a,Atlético Nacional,Atlético Junior,Brayan David Castrillon Gomez,JUN,tot,2.5,2.1,2.1,2026-09-30T02:05:03Z,,
2026-10-01,col_primera_a,Atlético Nacional,Atlético Junior,Brayan David Castrillon Gomez,JUN,tot,3.5,3.8,3.8,2026-09-30T02:05:03Z,,
2026-10-01,col_primera_a,Atlético Nacional,Atlético Junior,Cesar Haydar,JUN,on,0.5,5.5,5.0,2026-09-30T02:05:03Z,,
2026-10-01,col_primera_a,Atlético Nacional,Atlético Junior,Cesar Haydar,JUN,tot,0.5,1.52,1.52,2026-09-30T02:05:03Z,,
2026-10-01,col_primera_a,Atlético Nacional,Atlético Junior,Cesar Haydar,JUN,tot,1.5,3.5,3.5,2026-09-30T02:05:03Z,,
2026-10-01,col_primera_a,Atlético Nacional,Atlético Junior,Cristian Daniel Arango Duque,ANA,on,0.5,1.0715,1.03,2026-09-30T02:05:03Z,,
2026-10-01,col_primera_a,Atlético Nacional,Atlético Junior,Cristian Daniel Arango Duque,ANA,on,1.5,1.6471,1.48,2026-09-30T02:05:03Z,,
2026-10-01,col_primera_a,Atlético Nacional,Atlético Junior,Cristian Daniel Arango Duque,ANA,on,2.5,3.1,2.6,2026-09-30T02:05:03Z,,
2026-10-01,col_primera_a,Atlético Nacional,Atlético Junior,Cristian Daniel Arango Duque,ANA,tot,4.5,1.4546,1.4546,2026-09-30T02:05:03Z,,
2026-10-01,col_primera_a,Atlético Nacional,Atlético Junior,Cristian Daniel Arango Duque,ANA,tot,5.5,1.95,1.95,2026-09-30T02:05:03Z,,
2026-10-01,col_primera_a,Atlético Nacional,Atlético Junior,Cristian Daniel Arango Duque,ANA,tot,6.5,2.8572,2.8572,2026-09-30T02:05:03Z,,
2026-10-01,col_primera_a,Atlético Nacional,Atlético Junior,Cristian Dario Barrios Puerta,JUN,on,0.5,2.5,2.25,2026-09-30T02:05:03Z,,
2026-10-01,col_primera_a,Atlético Nacional,Atlético Junior,Cristian Dario Barrios Puerta,JUN,on,1.5,10.0,8.5,2026-09-30T02:05:03Z,,
2026-10-01,col_primera_a,Atlético Nacional,Atlético Junior,Cristian Dario Barrios Puerta,JUN,tot,0.5,1.3847,1.3847,2026-09-30T02:05:03Z,,
2026-10-01,col_primera_a,Atlético Nacional,Atlético Junior,Cristian Dario Barrios Puerta,JUN,tot,1.5,2.8572,2.8572,2026-09-30T02:05:03Z,,
2026-10-01,col_primera_a,Atlético Nacional,Atlético Junior,Daniel Alejandro Rivera Garzon,JUN,on,0.5,8.0,7.5,2026-09-30T02:05:03Z,,
2026-10-01,col_primera_a,Atlético Nacional,Atlético Junior,Daniel Alejandro Rivera Garzon,JUN,tot,0.5,2.6,2.6,2026-09-30T02:05:03Z,,
2026-10-01,col_primera_a,Atlético Nacional,Atlético Junior,Daniel Alejandro Rivera Garzon,JUN,tot,1.5,9.5,9.5,2026-09-30T02:05:03Z,,
2026-10-01,col_primera_a,Atlético Nacional,Atlético Junior,Daniel David Socarras Villamil,JUN,on,0.5,6.0,4.0,2026-09-30T02:05:03Z,,
2026-10-01,col_primera_a,Atlético Nacional,Atlético Junior,Daniel David Socarras Villamil,JUN,tot,0.5,1.6,1.6,2026-09-30T02:05:03Z,,
2026-10-01,col_primera_a,Atlético Nacional,Atlético Junior,Daniel David Socarras Villamil,JUN,tot,1.5,3.8,3.8,2026-09-30T02:05:03Z,,
2026-10-01,col_primera_a,Atlético Nacional,Atlético Junior,Dilan Andrés Villarreal Choperena,JUN,on,0.5,5.0,4.5,2026-09-30T02:05:03Z,,
2026-10-01,col_primera_a,Atlético Nacional,Atlético Junior,Dilan Andrés Villarreal Choperena,JUN,tot,0.5,1.7778,1.7778,2026-09-30T02:05:03Z,,
2026-10-01,col_primera_a,Atlético Nacional,Atlético Junior,Dilan Andrés Villarreal Choperena,JUN,tot,1.5,4.5,4.5,2026-09-30T02:05:03Z,,
2026-10-01,col_primera_a,Atlético Nacional,Atlético Junior,Déiber Caicedo,JUN,on,0.5,2.5,2.25,2026-09-30T02:05:03Z,,
2026-10-01,col_primera_a,Atlético Nacional,Atlético Junior,Déiber Caicedo,JUN,on,1.5,10.0,8.5,2026-09-30T02:05:03Z,,
2026-10-01,col_primera_a,Atlético Nacional,Atlético Junior,Déiber Caicedo,JUN,tot,0.5,1.1334,1.1334,2026-09-30T02:05:03Z,,
2026-10-01,col_primera_a,Atlético Nacional,Atlético Junior,Déiber Caicedo,JUN,tot,1.5,1.7778,1.7778,2026-09-30T02:05:03Z,,
2026-10-01,col_primera_a,Atlético Nacional,Atlético Junior,Déiber Caicedo,JUN,tot,2.5,3.3334,3.3334,2026-09-30T02:05:03Z,,
2026-10-01,col_primera_a,Atlético Nacional,Atlético Junior,Edwin Cardona,ANA,on,0.5,1.2858,1.2,2026-09-30T02:05:03Z,,
2026-10-01,col_primera_a,Atlético Nacional,Atlético Junior,Edwin Cardona,ANA,on,1.5,2.5,2.2,2026-09-30T02:05:03Z,,
2026-10-01,col_primera_a,Atlético Nacional,Atlético Junior,Edwin Cardona,ANA,on,2.5,6.0,5.0,2026-09-30T02:05:03Z,,
2026-10-01,col_primera_a,Atlético Nacional,Atlético Junior,Edwin Cardona,ANA,tot,2.5,1.2223,1.2223,2026-09-30T02:05:03Z,,
2026-10-01,col_primera_a,Atlético Nacional,Atlético Junior,Edwin Cardona,ANA,tot,3.5,1.6154,1.6154,2026-09-30T02:05:03Z,,
2026-10-01,col_primera_a,Atlético Nacional,Atlético Junior,Edwin Cardona,ANA,tot,4.5,2.3637,2.3637,2026-09-30T02:05:03Z,,
2026-10-01,col_primera_a,Atlético Nacional,Atlético Junior,Edwin Herrera,JUN,on,0.5,4.5,4.0,2026-09-30T02:05:03Z,,
2026-10-01,col_primera_a,Atlético Nacional,Atlético Junior,Edwin Herrera,JUN,tot,0.5,1.68,1.68,2026-09-30T02:05:03Z,,
2026-10-01,col_primera_a,Atlético Nacional,Atlético Junior,Edwin Herrera,JUN,tot,1.5,4.25,4.25,2026-09-30T02:05:03Z,,
2026-10-01,col_primera_a,Atlético Nacional,Atlético Junior,Elias Cabrera,ANA,on,0.5,1.6154,1.52,2026-09-30T02:05:03Z,,
2026-10-01,col_primera_a,Atlético Nacional,Atlético Junior,Elias Cabrera,ANA,on,1.5,4.25,3.8,2026-09-30T02:05:03Z,,
2026-10-01,col_primera_a,Atlético Nacional,Atlético Junior,Elias Cabrera,ANA,tot,2.5,1.48,1.48,2026-09-30T02:05:03Z,,
2026-10-01,col_primera_a,Atlético Nacional,Atlético Junior,Elias Cabrera,ANA,tot,3.5,2.2,2.2,2026-09-30T02:05:03Z,,
2026-10-01,col_primera_a,Atlético Nacional,Atlético Junior,Elias Cabrera,ANA,tot,4.5,3.6,3.6,2026-09-30T02:05:03Z,,
2026-10-01,col_primera_a,Atlético Nacional,Atlético Junior,Elkin Rivero,ANA,on,0.5,3.6,3.3334,2026-09-30T02:05:03Z,,
2026-10-01,col_primera_a,Atlético Nacional,Atlético Junior,Elkin Rivero,ANA,on,1.5,20.0,18.0,2026-09-30T02:05:03Z,,
2026-10-01,col_primera_a,Atlético Nacional,Atlético Junior,Elkin Rivero,ANA,tot,0.5,1.2858,1.2858,2026-09-30T02:05:03Z,,
2026-10-01,col_primera_a,Atlético Nacional,Atlético Junior,Elkin Rivero,ANA,tot,1.5,2.3637,2.3637,2026-09-30T02:05:03Z,,
2026-10-01,col_primera_a,Atlético Nacional,Atlético Junior,Elkin Rivero,ANA,tot,2.5,5.0,5.0,2026-09-30T02:05:03Z,,
2026-10-01,col_primera_a,Atlético Nacional,Atlético Junior,Fabián Ángel,JUN,on,0.5,4.75,4.0,2026-09-30T02:05:03Z,,
2026-10-01,col_primera_a,Atlético Nacional,Atlético Junior,Fabián Ángel,JUN,tot,0.5,1.7143,1.7143,2026-09-30T02:05:03Z,,
2026-10-01,col_primera_a,Atlético Nacional,Atlético Junior,Fabián Ángel,JUN,tot,1.5,4.25,4.25,2026-09-30T02:05:03Z,,
2026-10-01,col_primera_a,Atlético Nacional,Atlético Junior,Felipe Marin,ANA,on,0.5,3.0,2.75,2026-09-30T02:05:03Z,,
2026-10-01,col_primera_a,Atlético Nacional,Atlético Junior,Felipe Marin,ANA,on,1.5,14.0,12.0,2026-09-30T02:05:03Z,,
2026-10-01,col_primera_a,Atlético Nacional,Atlético Junior,Felipe Marin,ANA,tot,0.5,1.32,1.32,2026-09-30T02:05:03Z,,
2026-10-01,col_primera_a,Atlético Nacional,Atlético Junior,Felipe Marin,ANA,tot,1.5,2.5455,2.5455,2026-09-30T02:05:03Z,,
2026-10-01,col_primera_a,Atlético Nacional,Atlético Junior,Felipe Marin,ANA,tot,2.5,5.5,5.5,2026-09-30T02:05:03Z,,
2026-10-01,col_primera_a,Atlético Nacional,Atlético Junior,Francisco David Fydriszewski,JUN,on,0.5,1.6154,1.6154,2026-09-30T02:05:03Z,,
2026-10-01,col_primera_a,Atlético Nacional,Atlético Junior,Francisco David Fydriszewski,JUN,on,1.5,4.25,4.25,2026-09-30T02:05:03Z,,
2026-10-01,col_primera_a,Atlético Nacional,Atlético Junior,Francisco David Fydriszewski,JUN,tot,0.5,1.0715,1.0715,2026-09-30T02:05:03Z,,
2026-10-01,col_primera_a,Atlético Nacional,Atlético Junior,Francisco David Fydriszewski,JUN,tot,1.5,1.52,1.52,2026-09-30T02:05:03Z,,
2026-10-01,col_primera_a,Atlético Nacional,Atlético Junior,Francisco David Fydriszewski,JUN,tot,2.5,2.6,2.6,2026-09-30T02:05:03Z,,
2026-10-01,col_primera_a,Atlético Nacional,Atlético Junior,Guillermo Celis,JUN,on,0.5,8.5,8.5,2026-09-30T02:05:03Z,,
2026-10-01,col_primera_a,Atlético Nacional,Atlético Junior,Guillermo Celis,JUN,tot,0.5,3.1,3.1,2026-09-30T02:05:03Z,,
2026-10-01,col_primera_a,Atlético Nacional,Atlético Junior,Guillermo Celis,JUN,tot,1.5,13.0,13.0,2026-09-30T02:05:03Z,,
2026-10-01,col_primera_a,Atlético Nacional,Atlético Junior,Guillermo Miguel Paiva Ayala,JUN,on,0.5,1.85,1.7,2026-09-30T02:05:03Z,,
2026-10-01,col_primera_a,Atlético Nacional,Atlético Junior,Guillermo Miguel Paiva Ayala,JUN,on,1.5,5.5,4.75,2026-09-30T02:05:03Z,,
2026-10-01,col_primera_a,Atlético Nacional,Atlético Junior,Guillermo Miguel Paiva Ayala,JUN,tot,1.5,1.35,1.35,2026-09-30T02:05:03Z,,
2026-10-01,col_primera_a,Atlético Nacional,Atlético Junior,Guillermo Miguel Paiva Ayala,JUN,tot,2.5,2.1429,2.1429,2026-09-30T02:05:03Z,,
2026-10-01,col_primera_a,Atlético Nacional,Atlético Junior,Guillermo Miguel Paiva Ayala,JUN,tot,3.5,4.0,4.0,2026-09-30T02:05:03Z,,
2026-10-01,col_primera_a,Atlético Nacional,Atlético Junior,Harold Andres Rivera Chavarro,JUN,on,0.5,3.6,3.3334,2026-09-30T02:05:03Z,,
2026-10-01,col_primera_a,Atlético Nacional,Atlético Junior,Harold Andres Rivera Chavarro,JUN,on,1.5,20.0,18.0,2026-09-30T02:05:03Z,,
2026-10-01,col_primera_a,Atlético Nacional,Atlético Junior,Harold Andres Rivera Chavarro,JUN,tot,0.5,1.75,1.75,2026-09-30T02:05:03Z,,
2026-10-01,col_primera_a,Atlético Nacional,Atlético Junior,Harold Andres Rivera Chavarro,JUN,tot,1.5,4.5,4.5,2026-09-30T02:05:03Z,,
2026-10-01,col_primera_a,Atlético Nacional,Atlético Junior,Ian Poveda,ANA,on,0.5,1.48,1.4,2026-09-30T02:05:03Z,,
2026-10-01,col_primera_a,Atlético Nacional,Atlético Junior,Ian Poveda,ANA,on,1.5,3.6,3.1,2026-09-30T02:05:03Z,,
2026-10-01,col_primera_a,Atlético Nacional,Atlético Junior,Ian Poveda,ANA,tot,2.5,1.4546,1.4546,2026-09-30T02:05:03Z,,
2026-10-01,col_primera_a,Atlético Nacional,Atlético Junior,Ian Poveda,ANA,tot,3.5,2.1429,2.1429,2026-09-30T02:05:03Z,,
2026-10-01,col_primera_a,Atlético Nacional,Atlético Junior,Ian Poveda,ANA,tot,4.5,3.5,3.5,2026-09-30T02:05:03Z,,
2026-10-01,col_primera_a,Atlético Nacional,Atlético Junior,James Rodríguez,ANA,on,0.5,1.2728,1.2,2026-09-30T02:05:03Z,,
2026-10-01,col_primera_a,Atlético Nacional,Atlético Junior,James Rodríguez,ANA,on,1.5,2.5,2.2,2026-09-30T02:05:03Z,,
2026-10-01,col_primera_a,Atlético Nacional,Atlético Junior,James Rodríguez,ANA,on,2.5,6.0,5.0,2026-09-30T02:05:03Z,,
2026-10-01,col_primera_a,Atlético Nacional,Atlético Junior,James Rodríguez,ANA,tot,2.5,1.2,1.2,2026-09-30T02:05:03Z,,
2026-10-01,col_primera_a,Atlético Nacional,Atlético Junior,James Rodríguez,ANA,tot,3.5,1.5834,1.5834,2026-09-30T02:05:03Z,,
2026-10-01,col_primera_a,Atlético Nacional,Atlético Junior,James Rodríguez,ANA,tot,4.5,2.3,2.3,2026-09-30T02:05:03Z,,
2026-10-01,col_primera_a,Atlético Nacional,Atlético Junior,Jannenson Sarmiento,JUN,on,0.5,2.75,2.4546,2026-09-30T02:05:03Z,,
2026-10-01,col_primera_a,Atlético Nacional,Atlético Junior,Jannenson Sarmiento,JUN,on,1.5,12.0,10.0,2026-09-30T02:05:03Z,,
2026-10-01,col_primera_a,Atlético Nacional,Atlético Junior,Jannenson Sarmiento,JUN,tot,0.5,1.06,1.06,2026-09-30T02:05:03Z,,
2026-10-01,col_primera_a,Atlético Nacional,Atlético Junior,Jannenson Sarmiento,JUN,tot,1.5,1.5,1.5,2026-09-30T02:05:03Z,,
2026-10-01,col_primera_a,Atlético Nacional,Atlético Junior,Jannenson Sarmiento,JUN,tot,2.5,2.5,2.5,2026-09-30T02:05:03Z,,
2026-10-01,col_primera_a,Atlético Nacional,Atlético Junior,Jean Carlos Pestana,JUN,on,0.5,12.0,10.0,2026-09-30T02:05:03Z,,
2026-10-01,col_primera_a,Atlético Nacional,Atlético Junior,Jean Carlos Pestana,JUN,tot,0.5,3.2,3.2,2026-09-30T02:05:03Z,,
2026-10-01,col_primera_a,Atlético Nacional,Atlético Junior,Jean Carlos Pestana,JUN,tot,1.5,13.0,13.0,2026-09-30T02:05:03Z,,
2026-10-01,col_primera_a,Atlético Nacional,Atlético Junior,Jermein Pena,JUN,on,0.5,5.5,5.0,2026-09-30T02:05:03Z,,
2026-10-01,col_primera_a,Atlético Nacional,Atlético Junior,Jermein Pena,JUN,tot,0.5,1.5,1.5,2026-09-30T02:05:03Z,,
2026-10-01,col_primera_a,Atlético Nacional,Atlético Junior,Jermein Pena,JUN,tot,1.5,3.3334,3.3334,2026-09-30T02:05:03Z,,
2026-10-01,col_primera_a,Atlético Nacional,Atlético Junior,Jesus David Rivas Hernandez,JUN,on,0.5,3.3334,3.0,2026-09-30T02:05:03Z,,
2026-10-01,col_primera_a,Atlético Nacional,Atlético Junior,Jesus David Rivas Hernandez,JUN,on,1.5,18.0,15.0,2026-09-30T02:05:03Z,,
2026-10-01,col_primera_a,Atlético Nacional,Atlético Junior,Jesus David Rivas Hernandez,JUN,tot,0.5,1.4167,1.4167,2026-09-30T02:05:03Z,,
2026-10-01,col_primera_a,Atlético Nacional,Atlético Junior,Jesus David Rivas Hernandez,JUN,tot,1.5,3.0,3.0,2026-09-30T02:05:03Z,,
2026-10-01,col_primera_a,Atlético Nacional,Atlético Junior,Joel Canchimbo,JUN,on,0.5,1.95,1.8,2026-09-30T02:05:03Z,,
2026-10-01,col_primera_a,Atlético Nacional,Atlético Junior,Joel Canchimbo,JUN,on,1.5,6.5,5.0,2026-09-30T02:05:03Z,,
2026-10-01,col_primera_a,Atlético Nacional,Atlético Junior,Joel Canchimbo,JUN,tot,0.5,1.06,1.06,2026-09-30T02:05:03Z,,
2026-10-01,col_primera_a,Atlético Nacional,Atlético Junior,Joel Canchimbo,JUN,tot,1.5,1.52,1.52,2026-09-30T02:05:03Z,,
2026-10-01,col_primera_a,Atlético Nacional,Atlético Junior,Joel Canchimbo,JUN,tot,2.5,2.5455,2.5455,2026-09-30T02:05:03Z,,
2026-10-01,col_primera_a,Atlético Nacional,Atlético Junior,Jorman Campuzano,ANA,on,0.5,8.5,8.5,2026-09-30T02:05:03Z,,
2026-10-01,col_primera_a,Atlético Nacional,Atlético Junior,Jorman Campuzano,ANA,tot,0.5,3.1,3.1,2026-09-30T02:05:03Z,,
2026-10-01,col_primera_a,Atlético Nacional,Atlético Junior,Jorman Campuzano,ANA,tot,1.5,13.0,13.0,2026-09-30T02:05:03Z,,
2026-10-01,col_primera_a,Atlético Nacional,Atlético Junior,José David Munive Manotas,JUN,on,0.5,3.6,3.3334,2026-09-30T02:05:03Z,,
2026-10-01,col_primera_a,Atlético Nacional,Atlético Junior,José David Munive Manotas,JUN,on,1.5,20.0,17.0,2026-09-30T02:05:03Z,,
2026-10-01,col_primera_a,Atlético Nacional,Atlético Junior,José David Munive Manotas,JUN,tot,0.5,1.4,1.4,2026-09-30T02:05:03Z,,
2026-10-01,col_primera_a,Atlético Nacional,Atlético Junior,José David Munive Manotas,JUN,tot,1.5,2.8572,2.8572,2026-09-30T02:05:03Z,,
2026-10-01,col_primera_a,Atlético Nacional,Atlético Junior,Juan David Rios Henao,JUN,on,0.5,8.5,8.5,2026-09-30T02:05:03Z,,
2026-10-01,col_primera_a,Atlético Nacional,Atlético Junior,Juan David Rios Henao,JUN,tot,0.5,3.1,3.1,2026-09-30T02:05:03Z,,
2026-10-01,col_primera_a,Atlético Nacional,Atlético Junior,Juan David Rios Henao,JUN,tot,1.5,13.0,13.0,2026-09-30T02:05:03Z,,
2026-10-01,col_primera_a,Atlético Nacional,Atlético Junior,Juan Jose Rosa Arboleda,ANA,on,0.5,1.4,1.32,2026-09-30T02:05:03Z,,
2026-10-01,col_primera_a,Atlético Nacional,Atlético Junior,Juan Jose Rosa Arboleda,ANA,on,1.5,3.1,2.7143,2026-09-30T02:05:03Z,,
2026-10-01,col_primera_a,Atlético Nacional,Atlético Junior,Juan Jose Rosa Arboleda,ANA,on,2.5,7.0,7.0,2026-09-30T02:05:03Z,,
2026-10-01,col_primera_a,Atlético Nacional,Atlético Junior,Juan Jose Rosa Arboleda,ANA,tot,2.5,1.2308,1.2308,2026-09-30T02:05:03Z,,
2026-10-01,col_primera_a,Atlético Nacional,Atlético Junior,Juan Jose Rosa Arboleda,ANA,tot,3.5,1.6471,1.6471,2026-09-30T02:05:03Z,,
2026-10-01,col_primera_a,Atlético Nacional,Atlético Junior,Juan Jose Rosa Arboleda,ANA,tot,4.5,2.4,2.4,2026-09-30T02:05:03Z,,
2026-10-01,col_primera_a,Atlético Nacional,Atlético Junior,Juan Manuel Rengifo Duque,ANA,on,0.5,1.32,1.25,2026-09-30T02:05:03Z,,
2026-10-01,col_primera_a,Atlético Nacional,Atlético Junior,Juan Manuel Rengifo Duque,ANA,on,1.5,2.75,2.4,2026-09-30T02:05:03Z,,
2026-10-01,col_primera_a,Atlético Nacional,Atlético Junior,Juan Manuel Rengifo Duque,ANA,on,2.5,5.5,5.5,2026-09-30T02:05:03Z,,
2026-10-01,col_primera_a,Atlético Nacional,Atlético Junior,Juan Manuel Rengifo Duque,ANA,tot,2.5,1.4167,1.4167,2026-09-30T02:05:03Z,,
2026-10-01,col_primera_a,Atlético Nacional,Atlético Junior,Juan Manuel Rengifo Duque,ANA,tot,3.5,2.1,2.1,2026-09-30T02:05:03Z,,
2026-10-01,col_primera_a,Atlético Nacional,Atlético Junior,Juan Manuel Rengifo Duque,ANA,tot,4.5,3.4,3.4,2026-09-30T02:05:03Z,,
2026-10-01,col_primera_a,Atlético Nacional,Atlético Junior,Juan Manuel Zapata Zumaque,ANA,on,0.5,1.9,1.75,2026-09-30T02:05:03Z,,
2026-10-01,col_primera_a,Atlético Nacional,Atlético Junior,Juan Manuel Zapata Zumaque,ANA,on,1.5,6.0,5.0,2026-09-30T02:05:03Z,,
2026-10-01,col_primera_a,Atlético Nacional,Atlético Junior,Juan Manuel Zapata Zumaque,ANA,tot,1.5,1.2858,1.2858,2026-09-30T02:05:03Z,,
2026-10-01,col_primera_a,Atlético Nacional,Atlético Junior,Juan Manuel Zapata Zumaque,ANA,tot,2.5,1.9,1.9,2026-09-30T02:05:03Z,,
2026-10-01,col_primera_a,Atlético Nacional,Atlético Junior,Juan Manuel Zapata Zumaque,ANA,tot,3.5,3.3334,3.3334,2026-09-30T02:05:03Z,,
2026-10-01,col_primera_a,Atlético Nacional,Atlético Junior,Kevin Parra,ANA,on,0.5,1.2728,1.2,2026-09-30T02:05:03Z,,
2026-10-01,col_primera_a,Atlético Nacional,Atlético Junior,Kevin Parra,ANA,on,1.5,2.4546,2.1429,2026-09-30T02:05:03Z,,
2026-10-01,col_primera_a,Atlético Nacional,Atlético Junior,Kevin Parra,ANA,on,2.5,6.0,5.0,2026-09-30T02:05:03Z,,
2026-10-01,col_primera_a,Atlético Nacional,Atlético Junior,Kevin Parra,ANA,tot,2.5,1.2223,1.2223,2026-09-30T02:05:03Z,,
2026-10-01,col_primera_a,Atlético Nacional,Atlético Junior,Kevin Parra,ANA,tot,3.5,1.6154,1.6154,2026-09-30T02:05:03Z,,
2026-10-01,col_primera_a,Atlético Nacional,Atlético Junior,Kevin Parra,ANA,tot,4.5,2.3637,2.3637,2026-09-30T02:05:03Z,,
2026-10-01,col_primera_a,Atlético Nacional,Atlético Junior,Luis Muriel,JUN,on,0.5,1.48,1.3847,2026-09-30T02:05:03Z,,
2026-10-01,col_primera_a,Atlético Nacional,Atlético Junior,Luis Muriel,JUN,on,1.5,3.5,3.0,2026-09-30T02:05:03Z,,
2026-10-01,col_primera_a,Atlético Nacional,Atlético Junior,Luis Muriel,JUN,tot,1.5,1.1539,1.1539,2026-09-30T02:05:03Z,,
2026-10-01,col_primera_a,Atlético Nacional,Atlético Junior,Luis Muriel,JUN,tot,2.5,1.5455,1.5455,2026-09-30T02:05:03Z,,
2026-10-01,col_primera_a,Atlético Nacional,Atlético Junior,Luis Muriel,JUN,tot,3.5,2.4,2.4,2026-09-30T02:05:03Z,,
2026-10-01,col_primera_a,Atlético Nacional,Atlético Junior,Marlos Moreno,ANA,on,0.5,1.6,1.48,2026-09-30T02:05:03Z,,
2026-10-01,col_primera_a,Atlético Nacional,Atlético Junior,Marlos Moreno,ANA,on,1.5,4.0,3.6,2026-09-30T02:05:03Z,,
2026-10-01,col_primera_a,Atlético Nacional,Atlético Junior,Marlos Moreno,ANA,tot,1.5,1.1819,1.1819,2026-09-30T02:05:03Z,,
2026-10-01,col_primera_a,Atlético Nacional,Atlético Junior,Marlos Moreno,ANA,tot,2.5,1.6471,1.6471,2026-09-30T02:05:03Z,,
2026-10-01,col_primera_a,Atlético Nacional,Atlético Junior,Marlos Moreno,ANA,tot,3.5,2.6,2.6,2026-09-30T02:05:03Z,,
2026-10-01,col_primera_a,Atlético Nacional,Atlético Junior,Mateus Uribe,ANA,on,0.5,2.8,2.5455,2026-09-30T02:05:03Z,,
2026-10-01,col_primera_a,Atlético Nacional,Atlético Junior,Mateus Uribe,ANA,on,1.5,13.0,10.0,2026-09-30T02:05:03Z,,
2026-10-01,col_primera_a,Atlético Nacional,Atlético Junior,Mateus Uribe,ANA,tot,0.5,1.1539,1.1539,2026-09-30T02:05:03Z,,
2026-10-01,col_primera_a,Atlético Nacional,Atlético Junior,Mateus Uribe,ANA,tot,1.5,1.85,1.85,2026-09-30T02:05:03Z,,
2026-10-01,col_primera_a,Atlético Nacional,Atlético Junior,Mateus Uribe,ANA,tot,2.5,3.6,3.6,2026-09-30T02:05:03Z,,
2026-10-01,col_primera_a,Atlético Nacional,Atlético Junior,Matias Lozano Quiroz,ANA,on,0.5,2.3637,2.1429,2026-09-30T02:05:03Z,,
2026-10-01,col_primera_a,Atlético Nacional,Atlético Junior,Matias Lozano Quiroz,ANA,on,1.5,9.0,7.5,2026-09-30T02:05:03Z,,
2026-10-01,col_primera_a,Atlético Nacional,Atlético Junior,Matias Lozano Quiroz,ANA,tot,0.5,1.091,1.091,2026-09-30T02:05:03Z,,
2026-10-01,col_primera_a,Atlético Nacional,Atlético Junior,Matias Lozano Quiroz,ANA,tot,1.5,1.6,1.6,2026-09-30T02:05:03Z,,
2026-10-01,col_primera_a,Atlético Nacional,Atlético Junior,Matias Lozano Quiroz,ANA,tot,2.5,2.8,2.8,2026-09-30T02:05:03Z,,
2026-10-01,col_primera_a,Atlético Nacional,Atlético Junior,Milton Casco,ANA,on,0.5,4.25,4.0,2026-09-30T02:05:03Z,,
2026-10-01,col_primera_a,Atlético Nacional,Atlético Junior,Milton Casco,ANA,tot,0.5,1.75,1.75,2026-09-30T02:05:03Z,,
2026-10-01,col_primera_a,Atlético Nacional,Atlético Junior,Milton Casco,ANA,tot,1.5,4.5,4.5,2026-09-30T02:05:03Z,,
2026-10-01,col_primera_a,Atlético Nacional,Atlético Junior,Neider Parra Moya,ANA,on,0.5,4.0,3.8,2026-09-30T02:05:03Z,,
2026-10-01,col_primera_a,Atlético Nacional,Atlético Junior,Neider Parra Moya,ANA,tot,0.5,1.5455,1.5455,2026-09-30T02:05:03Z,,
2026-10-01,col_primera_a,Atlético Nacional,Atlético Junior,Neider Parra Moya,ANA,tot,1.5,3.6,3.6,2026-09-30T02:05:03Z,,
2026-10-01,col_primera_a,Atlético Nacional,Atlético Junior,Nicolas Santiago Rodriguez Calderon,ANA,on,0.5,1.68,1.5455,2026-09-30T02:05:03Z,,
2026-10-01,col_primera_a,Atlético Nacional,Atlético Junior,Nicolas Santiago Rodriguez Calderon,ANA,on,1.5,4.5,4.0,2026-09-30T02:05:03Z,,
2026-10-01,col_primera_a,Atlético Nacional,Atlético Junior,Nicolas Santiago Rodriguez Calderon,ANA,tot,1.5,1.2308,1.2308,2026-09-30T02:05:03Z,,
2026-10-01,col_primera_a,Atlético Nacional,Atlético Junior,Nicolas Santiago Rodriguez Calderon,ANA,tot,2.5,1.8,1.8,2026-09-30T02:05:03Z,,
2026-10-01,col_primera_a,Atlético Nacional,Atlético Junior,Nicolas Santiago Rodriguez Calderon,ANA,tot,3.5,3.0,3.0,2026-09-30T02:05:03Z,,
2026-10-01,col_primera_a,Atlético Nacional,Atlético Junior,Pablo Ortiz,JUN,on,0.5,16.0,13.0,2026-09-30T02:05:03Z,,
2026-10-01,col_primera_a,Atlético Nacional,Atlético Junior,Pablo Ortiz,JUN,tot,0.5,5.5,5.5,2026-09-30T02:05:03Z,,
2026-10-01,col_primera_a,Atlético Nacional,Atlético Junior,Robinson García Correa,ANA,on,0.5,4.5,4.0,2026-09-30T02:05:03Z,,
2026-10-01,col_primera_a,Atlético Nacional,Atlético Junior,Robinson García Correa,ANA,tot,0.5,1.9,1.9,2026-09-30T02:05:03Z,,
2026-10-01,col_primera_a,Atlético Nacional,Atlético Junior,Robinson García Correa,ANA,tot,1.5,5.0,5.0,2026-09-30T02:05:03Z,,
2026-10-01,col_primera_a,Atlético Nacional,Atlético Junior,Samuel Velasquez Uribe,ANA,on,0.5,4.0,3.8,2026-09-30T02:05:03Z,,
2026-10-01,col_primera_a,Atlético Nacional,Atlético Junior,Samuel Velasquez Uribe,ANA,tot,0.5,1.2858,1.2858,2026-09-30T02:05:03Z,,
2026-10-01,col_primera_a,Atlético Nacional,Atlético Junior,Samuel Velasquez Uribe,ANA,tot,1.5,2.3637,2.3637,2026-09-30T02:05:03Z,,
2026-10-01,col_primera_a,Atlético Nacional,Atlético Junior,Samuel Velasquez Uribe,ANA,tot,2.5,5.0,5.0,2026-09-30T02:05:03Z,,
2026-10-01,col_primera_a,Atlético Nacional,Atlético Junior,Teofilo Gutiérrez,JUN,on,0.5,2.3,2.0,2026-09-30T02:05:03Z,,
2026-10-01,col_primera_a,Atlético Nacional,Atlético Junior,Teofilo Gutiérrez,JUN,on,1.5,8.5,7.0,2026-09-30T02:05:03Z,,
2026-10-01,col_primera_a,Atlético Nacional,Atlético Junior,Teofilo Gutiérrez,JUN,tot,0.5,1.1819,1.1819,2026-09-30T02:05:03Z,,
2026-10-01,col_primera_a,Atlético Nacional,Atlético Junior,Teofilo Gutiérrez,JUN,tot,1.5,2.0,2.0,2026-09-30T02:05:03Z,,
2026-10-01,col_primera_a,Atlético Nacional,Atlético Junior,Teofilo Gutiérrez,JUN,tot,2.5,4.0,4.0,2026-09-30T02:05:03Z,,
2026-10-01,col_primera_a,Atlético Nacional,Atlético Junior,William Tesillo,ANA,on,0.5,3.6,3.3334,2026-09-30T02:05:03Z,,
2026-10-01,col_primera_a,Atlético Nacional,Atlético Junior,William Tesillo,ANA,on,1.5,20.0,18.0,2026-09-30T02:05:03Z,,
2026-10-01,col_primera_a,Atlético Nacional,Atlético Junior,William Tesillo,ANA,tot,0.5,1.4546,1.4546,2026-09-30T02:05:03Z,,
2026-10-01,col_primera_a,Atlético Nacional,Atlético Junior,William Tesillo,ANA,tot,1.5,3.1,3.1,2026-09-30T02:05:03Z,,
2026-10-01,col_primera_a,Atlético Nacional,Atlético Junior,Xavi Eshayth Rios Blanquicet,ANA,on,0.5,5.0,4.5,2026-09-30T02:05:03Z,,
2026-10-01,col_primera_a,Atlético Nacional,Atlético Junior,Xavi Eshayth Rios Blanquicet,ANA,tot,0.5,2.0,2.0,2026-09-30T02:05:03Z,,
2026-10-01,col_primera_a,Atlético Nacional,Atlético Junior,Xavi Eshayth Rios Blanquicet,ANA,tot,1.5,5.5,5.5,2026-09-30T02:05:03Z,,
2026-10-01,col_primera_a,Atlético Nacional,Atlético Junior,Yeicar Alberto Perlaza Perea,ANA,on,0.5,1.35,1.2728,2026-09-30T02:05:03Z,,
2026-10-01,col_primera_a,Atlético Nacional,Atlético Junior,Yeicar Alberto Perlaza Perea,ANA,on,1.5,2.8572,2.5,2026-09-30T02:05:03Z,,
2026-10-01,col_primera_a,Atlético Nacional,Atlético Junior,Yeicar Alberto Perlaza Perea,ANA,on,2.5,6.0,6.0,2026-09-30T02:05:03Z,,
2026-10-01,col_primera_a,Atlético Nacional,Atlético Junior,Yeicar Alberto Perlaza Perea,ANA,tot,1.5,1.2,1.2,2026-09-30T02:05:03Z,,
2026-10-01,col_primera_a,Atlético Nacional,Atlético Junior,Yeicar Alberto Perlaza Perea,ANA,tot,2.5,1.7,1.7,2026-09-30T02:05:03Z,,
2026-10-01,col_primera_a,Atlético Nacional,Atlético Junior,Yeicar Alberto Perlaza Perea,ANA,tot,3.5,2.7143,2.7143,2026-09-30T02:05:03Z,,
2026-10-01,col_primera_a,Atlético Nacional,Atlético Junior,Yeison Abelardo Suarez Vasquez,JUN,on,0.5,6.5,6.5,2026-09-30T02:05:03Z,,
2026-10-01,col_primera_a,Atlético Nacional,Atlético Junior,Yeison Abelardo Suarez Vasquez,JUN,tot,0.5,1.8182,1.8182,2026-09-30T02:05:03Z,,
2026-10-01,col_primera_a,Atlético Nacional,Atlético Junior,Yeison Abelardo Suarez Vasquez,JUN,tot,1.5,5.0,5.0,2026-09-30T02:05:03Z,,
2026-10-01,col_primera_a,Atlético Nacional,Atlético Junior,Yimmi Chara,JUN,on,0.5,4.0,3.5,2026-09-30T02:05:03Z,,
2026-10-01,col_primera_a,Atlético Nacional,Atlético Junior,Yimmi Chara,JUN,on,1.5,20.0,20.0,2026-09-30T02:05:03Z,,
2026-10-01,col_primera_a,Atlético Nacional,Atlético Junior,Yimmi Chara,JUN,tot,0.5,1.6154,1.6154,2026-09-30T02:05:03Z,,
2026-10-01,col_primera_a,Atlético Nacional,Atlético Junior,Yimmi Chara,JUN,tot,1.5,4.0,4.0,2026-09-30T02:05:03Z,,
2026-10-01,selecciones,Denmark,Portugal,Adam Daghim,DNK,on,0.5,1.8182,1.7778,2026-09-30T02:05:03Z,,
2026-10-01,selecciones,Denmark,Portugal,Adam Daghim,DNK,on,1.5,5.5,5.0,2026-09-30T02:05:03Z,,
2026-10-01,selecciones,Denmark,Portugal,Adam Daghim,DNK,tot,0.5,1.06,1.077,2026-09-29T12:33:27Z,,
2026-10-01,selecciones,Denmark,Portugal,Adam Daghim,DNK,tot,1.5,1.52,1.4546,2026-09-30T02:05:03Z,,
2026-10-01,selecciones,Denmark,Portugal,Adam Daghim,DNK,tot,2.5,2.5455,2.4,2026-09-30T02:05:03Z,,
2026-10-01,selecciones,Denmark,Portugal,Adam Daghim,DNK,tot,3.5,4.25,4.5,2026-09-30T02:05:03Z,,
2026-10-01,selecciones,Denmark,Portugal,Anton Gaaei,DNK,on,0.5,3.5,3.5,2026-09-30T02:05:03Z,,
2026-10-01,selecciones,Denmark,Portugal,Anton Gaaei,DNK,on,1.5,19.0,19.0,2026-09-30T02:05:03Z,,
2026-10-01,selecciones,Denmark,Portugal,Anton Gaaei,DNK,tot,0.5,1.52,1.52,2026-09-30T02:05:03Z,,
2026-10-01,selecciones,Denmark,Portugal,Anton Gaaei,DNK,tot,1.5,3.5,3.4,2026-09-30T02:05:03Z,,
2026-10-01,selecciones,Denmark,Portugal,Bernardo Silva,POR,on,0.5,2.4,2.3637,2026-09-30T02:05:03Z,,
2026-10-01,selecciones,Denmark,Portugal,Bernardo Silva,POR,on,1.5,9.5,9.0,2026-09-30T02:05:03Z,,
2026-10-01,selecciones,Denmark,Portugal,Bernardo Silva,POR,tot,0.5,1.25,1.25,2026-09-30T02:05:03Z,,
2026-10-01,selecciones,Denmark,Portugal,Bernardo Silva,POR,tot,1.5,2.25,2.25,2026-09-30T02:05:03Z,,
2026-10-01,selecciones,Denmark,Portugal,Bernardo Silva,POR,tot,2.5,5.0,4.75,2026-09-30T02:05:03Z,,
2026-10-01,selecciones,Denmark,Portugal,Cristiano Ronaldo,POR,on,0.5,1.1429,1.2223,2026-09-30T02:05:03Z,,
2026-10-01,selecciones,Denmark,Portugal,Cristiano Ronaldo,POR,on,1.5,1.85,2.2,2026-09-30T02:05:03Z,,
2026-10-01,selecciones,Denmark,Portugal,Cristiano Ronaldo,POR,on,2.5,3.8,5.0,2026-09-30T02:05:03Z,,
2026-10-01,selecciones,Denmark,Portugal,Cristiano Ronaldo,POR,tot,2.5,1.25,1.35,2026-09-30T02:05:03Z,,
2026-10-01,selecciones,Denmark,Portugal,Cristiano Ronaldo,POR,tot,3.5,1.7,1.9,2026-09-30T02:05:03Z,,
2026-10-01,selecciones,Denmark,Portugal,Cristiano Ronaldo,POR,tot,4.5,2.5455,3.0,2026-09-30T02:05:03Z,,
2026-10-01,selecciones,Denmark,Portugal,Diogo Dalot,POR,on,0.5,4.25,4.25,2026-09-30T02:05:03Z,,
2026-10-01,selecciones,Denmark,Portugal,Diogo Dalot,POR,tot,0.5,1.8182,1.8,2026-09-30T02:05:03Z,,
2026-10-01,selecciones,Denmark,Portugal,Diogo Dalot,POR,tot,1.5,4.75,4.75,2026-09-30T02:05:03Z,,
2026-10-01,selecciones,Denmark,Portugal,Francisco Conceição,POR,on,0.5,1.6154,1.7143,2026-09-30T02:05:03Z,,
2026-10-01,selecciones,Denmark,Portugal,Francisco Conceição,POR,on,1.5,4.25,4.75,2026-09-30T02:05:03Z,,
2026-10-01,selecciones,Denmark,Portugal,Francisco Conceição,POR,tot,0.5,1.0715,1.0715,2026-09-30T02:05:03Z,,
2026-10-01,selecciones,Denmark,Portugal,Francisco Conceição,POR,tot,1.5,1.4,1.5455,2026-09-30T02:05:03Z,,
2026-10-01,selecciones,Denmark,Portugal,Francisco Conceição,POR,tot,2.5,2.25,2.6667,2026-09-30T02:05:03Z,,
2026-10-01,selecciones,Denmark,Portugal,Francisco Conceição,POR,tot,3.5,4.0,4.0,2026-09-29T15:43:16Z,,
2026-10-01,selecciones,Denmark,Portugal,Francisco Trincao,POR,on,0.5,1.5455,1.6154,2026-09-30T02:05:03Z,,
2026-10-01,selecciones,Denmark,Portugal,Francisco Trincao,POR,on,1.5,4.0,4.0,2026-09-30T02:05:03Z,,
2026-10-01,selecciones,Denmark,Portugal,Francisco Trincao,POR,tot,1.5,1.35,1.4,2026-09-30T02:05:03Z,,
2026-10-01,selecciones,Denmark,Portugal,Francisco Trincao,POR,tot,2.5,2.1,2.25,2026-09-30T02:05:03Z,,
2026-10-01,selecciones,Denmark,Portugal,Francisco Trincao,POR,tot,3.5,3.8,4.0,2026-09-30T02:05:03Z,,
2026-10-01,selecciones,Denmark,Portugal,Félix Joao,POR,on,0.5,1.4546,1.4,2026-09-30T02:05:03Z,,
2026-10-01,selecciones,Denmark,Portugal,Félix Joao,POR,on,1.5,3.3334,3.1,2026-09-30T02:05:03Z,,
2026-10-01,selecciones,Denmark,Portugal,Félix Joao,POR,tot,1.5,1.2308,1.2223,2026-09-30T02:05:03Z,,
2026-10-01,selecciones,Denmark,Portugal,Félix Joao,POR,tot,2.5,1.7778,1.75,2026-09-30T02:05:03Z,,
2026-10-01,selecciones,Denmark,Portugal,Félix Joao,POR,tot,3.5,2.9,2.8,2026-09-30T02:05:03Z,,
2026-10-01,selecciones,Denmark,Portugal,Goncalo Bernardo Inacio,POR,on,0.5,5.5,5.5,2026-09-30T02:05:03Z,,
2026-10-01,selecciones,Denmark,Portugal,Goncalo Bernardo Inacio,POR,tot,0.5,2.3637,2.3637,2026-09-30T02:05:03Z,,
2026-10-01,selecciones,Denmark,Portugal,Goncalo Bernardo Inacio,POR,tot,1.5,8.0,8.0,2026-09-30T02:05:03Z,,
2026-10-01,selecciones,Denmark,Portugal,Goncalo Ramos,POR,on,0.5,1.32,1.35,2026-09-30T02:05:03Z,,
2026-10-01,selecciones,Denmark,Portugal,Goncalo Ramos,POR,on,1.5,2.6667,2.8,2026-09-30T02:05:03Z,,
2026-10-01,selecciones,Denmark,Portugal,Goncalo Ramos,POR,on,2.5,6.5,6.5,2026-09-29T14:03:19Z,,
2026-10-01,selecciones,Denmark,Portugal,Goncalo Ramos,POR,tot,1.5,1.1667,1.1667,2026-09-30T02:05:03Z,,
2026-10-01,selecciones,Denmark,Portugal,Goncalo Ramos,POR,tot,2.5,1.6154,1.6,2026-09-30T02:05:03Z,,
2026-10-01,selecciones,Denmark,Portugal,Goncalo Ramos,POR,tot,3.5,2.5,2.5,2026-09-30T02:05:03Z,,
2026-10-01,selecciones,Denmark,Portugal,Gustav Tang Isaksen,DNK,on,0.5,1.4546,1.5,2026-09-30T02:05:03Z,,
2026-10-01,selecciones,Denmark,Portugal,Gustav Tang Isaksen,DNK,on,1.5,3.3334,3.6,2026-09-30T02:05:03Z,,
2026-10-01,selecciones,Denmark,Portugal,Gustav Tang Isaksen,DNK,tot,1.5,1.2,1.2858,2026-09-30T02:05:03Z,,
2026-10-01,selecciones,Denmark,Portugal,Gustav Tang Isaksen,DNK,tot,2.5,1.7143,1.9,2026-09-30T02:05:03Z,,
2026-10-01,selecciones,Denmark,Portugal,Gustav Tang Isaksen,DNK,tot,3.5,2.8,3.2,2026-09-30T02:05:03Z,,
2026-10-01,selecciones,Denmark,Portugal,Joachim Andersen,DNK,on,0.5,5.0,5.0,2026-09-30T02:05:03Z,,
2026-10-01,selecciones,Denmark,Portugal,Joachim Andersen,DNK,tot,0.5,2.25,2.25,2026-09-30T02:05:03Z,,
2026-10-01,selecciones,Denmark,Portugal,Joachim Andersen,DNK,tot,1.5,7.0,7.0,2026-09-30T02:05:03Z,,
2026-10-01,selecciones,Denmark,Portugal,Joakim Maehle,DNK,on,0.5,3.0,3.0,2026-09-30T02:05:03Z,,
2026-10-01,selecciones,Denmark,Portugal,Joakim Maehle,DNK,on,1.5,14.0,14.0,2026-09-30T02:05:03Z,,
2026-10-01,selecciones,Denmark,Portugal,Joakim Maehle,DNK,tot,0.5,1.4167,1.4167,2026-09-30T02:05:03Z,,
2026-10-01,selecciones,Denmark,Portugal,Joakim Maehle,DNK,tot,1.5,3.0,3.0,2026-09-30T02:05:03Z,,
2026-10-01,selecciones,Denmark,Portugal,Joao Cancelo,POR,on,0.5,4.5,4.5,2026-09-30T02:05:03Z,,
2026-10-01,selecciones,Denmark,Portugal,Joao Cancelo,POR,tot,0.5,1.7778,1.7778,2026-09-30T02:05:03Z,,
2026-10-01,selecciones,Denmark,Portugal,Joao Cancelo,POR,tot,1.5,4.75,4.5,2026-09-30T02:05:03Z,,
2026-10-01,selecciones,Denmark,Portugal,Joao Neves,POR,on,0.5,2.8572,3.0,2026-09-30T02:05:03Z,,
2026-10-01,selecciones,Denmark,Portugal,Joao Neves,POR,on,1.5,13.0,14.0,2026-09-30T02:05:03Z,,
2026-10-01,selecciones,Denmark,Portugal,Joao Neves,POR,tot,0.5,1.2858,1.32,2026-09-30T02:05:03Z,,
2026-10-01,selecciones,Denmark,Portugal,Joao Neves,POR,tot,1.5,2.3637,2.5455,2026-09-30T02:05:03Z,,
2026-10-01,selecciones,Denmark,Portugal,Joao Neves,POR,tot,2.5,5.0,6.0,2026-09-30T02:05:03Z,,
2026-10-01,selecciones,Denmark,Portugal,Joao Palhinha,POR,on,0.5,3.2,3.2,2026-09-30T02:05:03Z,,
2026-10-01,selecciones,Denmark,Portugal,Joao Palhinha,POR,on,1.5,16.0,16.0,2026-09-30T02:05:03Z,,
2026-10-01,selecciones,Denmark,Portugal,Joao Palhinha,POR,tot,0.5,1.4546,1.4546,2026-09-30T02:05:03Z,,
2026-10-01,selecciones,Denmark,Portugal,Joao Palhinha,POR,tot,1.5,3.1,3.1,2026-09-30T02:05:03Z,,
2026-10-01,selecciones,Denmark,Portugal,Kasper Waarst Hogh,DNK,on,0.5,1.5,1.48,2026-09-30T02:05:03Z,,
2026-10-01,selecciones,Denmark,Portugal,Kasper Waarst Hogh,DNK,on,1.5,3.6,3.5,2026-09-30T02:05:03Z,,
2026-10-01,selecciones,Denmark,Portugal,Kasper Waarst Hogh,DNK,tot,1.5,1.2728,1.3847,2026-09-30T02:05:03Z,,
2026-10-01,selecciones,Denmark,Portugal,Kasper Waarst Hogh,DNK,tot,2.5,1.875,2.1429,2026-09-30T02:05:03Z,,
2026-10-01,selecciones,Denmark,Portugal,Kasper Waarst Hogh,DNK,tot,3.5,3.1,4.0,2026-09-30T02:05:03Z,,
2026-10-01,selecciones,Denmark,Portugal,Lucas Hogsberg,DNK,on,0.5,5.0,5.0,2026-09-30T02:05:03Z,,
2026-10-01,selecciones,Denmark,Portugal,Lucas Hogsberg,DNK,tot,0.5,2.2,2.2,2026-09-30T02:05:03Z,,
2026-10-01,selecciones,Denmark,Portugal,Lucas Hogsberg,DNK,tot,1.5,7.0,7.0,2026-09-30T02:05:03Z,,
2026-10-01,selecciones,Denmark,Portugal,Mads Bidstrup,DNK,on,0.5,4.0,3.8,2026-09-30T02:05:03Z,,
2026-10-01,selecciones,Denmark,Portugal,Mads Bidstrup,DNK,tot,0.5,1.7778,1.6471,2026-09-30T02:05:03Z,,
2026-10-01,selecciones,Denmark,Portugal,Mads Bidstrup,DNK,tot,1.5,4.75,4.0,2026-09-30T02:05:03Z,,
2026-10-01,selecciones,Denmark,Portugal,Mikkel Damsgaard,DNK,on,0.5,2.3,2.25,2026-09-30T02:05:03Z,,
2026-10-01,selecciones,Denmark,Portugal,Mikkel Damsgaard,DNK,on,1.5,8.5,8.5,2026-09-30T02:05:03Z,,
2026-10-01,selecciones,Denmark,Portugal,Mikkel Damsgaard,DNK,tot,0.5,1.2,1.091,2026-09-30T02:05:03Z,,
2026-10-01,selecciones,Denmark,Portugal,Mikkel Damsgaard,DNK,tot,1.5,2.1,1.6154,2026-09-30T02:05:03Z,,
2026-10-01,selecciones,Denmark,Portugal,Mikkel Damsgaard,DNK,tot,2.5,4.25,2.8572,2026-09-30T02:05:03Z,,
2026-10-01,selecciones,Denmark,Portugal,Mohammed Daramy,DNK,on,0.5,1.8182,1.7143,2026-09-30T02:05:03Z,,
2026-10-01,selecciones,Denmark,Portugal,Mohammed Daramy,DNK,on,1.5,5.5,4.75,2026-09-30T02:05:03Z,,
2026-10-01,selecciones,Denmark,Portugal,Mohammed Daramy,DNK,tot,0.5,1.1112,1.1112,2026-09-30T02:05:03Z,,
2026-10-01,selecciones,Denmark,Portugal,Mohammed Daramy,DNK,tot,1.5,1.68,1.68,2026-09-30T02:05:03Z,,
2026-10-01,selecciones,Denmark,Portugal,Mohammed Daramy,DNK,tot,2.5,3.0,3.0,2026-09-30T02:05:03Z,,
2026-10-01,selecciones,Denmark,Portugal,Morten Hjulmand,DNK,on,0.5,3.6,3.6,2026-09-30T02:05:03Z,,
2026-10-01,selecciones,Denmark,Portugal,Morten Hjulmand,DNK,on,1.5,20.0,20.0,2026-09-30T02:05:03Z,,
2026-10-01,selecciones,Denmark,Portugal,Morten Hjulmand,DNK,tot,0.5,1.5,1.5,2026-09-30T02:05:03Z,,
2026-10-01,selecciones,Denmark,Portugal,Morten Hjulmand,DNK,tot,1.5,3.3334,3.3334,2026-09-30T02:05:03Z,,
2026-10-01,selecciones,Denmark,Portugal,Nuno Mendes,POR,on,0.5,2.8,2.75,2026-09-30T02:05:03Z,,
2026-10-01,selecciones,Denmark,Portugal,Nuno Mendes,POR,on,1.5,12.0,12.0,2026-09-30T02:05:03Z,,
2026-10-01,selecciones,Denmark,Portugal,Nuno Mendes,POR,tot,0.5,1.4,1.4,2026-09-30T02:05:03Z,,
2026-10-01,selecciones,Denmark,Portugal,Nuno Mendes,POR,tot,1.5,2.9,2.8572,2026-09-30T02:05:03Z,,
2026-10-01,selecciones,Denmark,Portugal,Nuno Tavares,POR,on,0.5,2.7143,2.6667,2026-09-29T23:38:12Z,,
2026-10-01,selecciones,Denmark,Portugal,Nuno Tavares,POR,on,1.5,11.0,11.0,2026-09-29T23:38:12Z,,
2026-10-01,selecciones,Denmark,Portugal,Nuno Tavares,POR,tot,0.5,1.2223,1.2223,2026-09-29T23:38:12Z,,
2026-10-01,selecciones,Denmark,Portugal,Nuno Tavares,POR,tot,1.5,2.1,2.1,2026-09-29T23:38:12Z,,
2026-10-01,selecciones,Denmark,Portugal,Nuno Tavares,POR,tot,2.5,4.5,4.25,2026-09-29T23:38:12Z,,
2026-10-01,selecciones,Denmark,Portugal,Oliver Provstgaard Nielsen,DNK,on,0.5,4.5,4.5,2026-09-30T02:05:03Z,,
2026-10-01,selecciones,Denmark,Portugal,Oliver Provstgaard Nielsen,DNK,tot,0.5,2.0,1.95,2026-09-30T02:05:03Z,,
2026-10-01,selecciones,Denmark,Portugal,Oliver Provstgaard Nielsen,DNK,tot,1.5,5.5,5.5,2026-09-30T02:05:03Z,,
2026-10-01,selecciones,Denmark,Portugal,Patrick Dorgu,DNK,on,0.5,2.3637,2.3,2026-09-30T02:05:03Z,,
2026-10-01,selecciones,Denmark,Portugal,Patrick Dorgu,DNK,on,1.5,9.0,8.5,2026-09-30T02:05:03Z,,
2026-10-01,selecciones,Denmark,Portugal,Patrick Dorgu,DNK,tot,0.5,1.2,1.2,2026-09-30T02:05:03Z,,
2026-10-01,selecciones,Denmark,Portugal,Patrick Dorgu,DNK,tot,1.5,2.05,2.05,2026-09-30T02:05:03Z,,
2026-10-01,selecciones,Denmark,Portugal,Patrick Dorgu,DNK,tot,2.5,4.25,4.0,2026-09-30T02:05:03Z,,
2026-10-01,selecciones,Denmark,Portugal,Pedro Neto,POR,on,0.5,2.1,2.25,2026-09-30T02:05:03Z,,
2026-10-01,selecciones,Denmark,Portugal,Pedro Neto,POR,on,1.5,7.5,8.5,2026-09-30T02:05:03Z,,
2026-10-01,selecciones,Denmark,Portugal,Pedro Neto,POR,tot,0.5,1.1819,1.25,2026-09-30T02:05:03Z,,
2026-10-01,selecciones,Denmark,Portugal,Pedro Neto,POR,tot,1.5,2.0,2.25,2026-09-30T02:05:03Z,,
2026-10-01,selecciones,Denmark,Portugal,Pedro Neto,POR,tot,2.5,4.0,4.75,2026-09-30T02:05:03Z,,
2026-10-01,selecciones,Denmark,Portugal,Pierre Hojbjerg,DNK,on,0.5,3.1,3.0,2026-09-30T02:05:03Z,,
2026-10-01,selecciones,Denmark,Portugal,Pierre Hojbjerg,DNK,on,1.5,15.0,14.0,2026-09-30T02:05:03Z,,
2026-10-01,selecciones,Denmark,Portugal,Pierre Hojbjerg,DNK,tot,0.5,1.3,1.3,2026-09-30T02:05:03Z,,
2026-10-01,selecciones,Denmark,Portugal,Pierre Hojbjerg,DNK,tot,1.5,2.4546,2.4546,2026-09-30T02:05:03Z,,
2026-10-01,selecciones,Denmark,Portugal,Pierre Hojbjerg,DNK,tot,2.5,5.5,5.5,2026-09-30T02:05:03Z,,
2026-10-01,selecciones,Denmark,Portugal,Rafael Leao,POR,on,0.5,1.5455,1.6154,2026-09-30T02:05:03Z,,
2026-10-01,selecciones,Denmark,Portugal,Rafael Leao,POR,on,1.5,3.8,4.25,2026-09-30T02:05:03Z,,
2026-10-01,selecciones,Denmark,Portugal,Rafael Leao,POR,tot,1.5,1.25,1.32,2026-09-30T02:05:03Z,,
2026-10-01,selecciones,Denmark,Portugal,Rafael Leao,POR,tot,2.5,1.85,2.05,2026-09-30T02:05:03Z,,
2026-10-01,selecciones,Denmark,Portugal,Rafael Leao,POR,tot,3.5,3.1,3.6,2026-09-30T02:05:03Z,,
2026-10-01,selecciones,Denmark,Portugal,Rasmus Hojlund,DNK,on,0.5,1.5,1.4546,2026-09-30T02:05:03Z,,
2026-10-01,selecciones,Denmark,Portugal,Rasmus Hojlund,DNK,on,1.5,3.6,3.3334,2026-09-30T02:05:03Z,,
2026-10-01,selecciones,Denmark,Portugal,Rasmus Hojlund,DNK,tot,1.5,1.2728,1.2308,2026-09-30T02:05:03Z,,
2026-10-01,selecciones,Denmark,Portugal,Rasmus Hojlund,DNK,tot,2.5,1.875,1.7778,2026-09-30T02:05:03Z,,
2026-10-01,selecciones,Denmark,Portugal,Rasmus Hojlund,DNK,tot,3.5,3.2,2.9,2026-09-30T02:05:03Z,,
2026-10-01,selecciones,Denmark,Portugal,Rasmus Kristensen,DNK,on,0.5,3.2,3.2,2026-09-30T02:05:03Z,,
2026-10-01,selecciones,Denmark,Portugal,Rasmus Kristensen,DNK,on,1.5,17.0,16.0,2026-09-30T02:05:03Z,,
2026-10-01,selecciones,Denmark,Portugal,Rasmus Kristensen,DNK,tot,0.5,1.7778,1.75,2026-09-30T02:05:03Z,,
2026-10-01,selecciones,Denmark,Portugal,Rasmus Kristensen,DNK,tot,1.5,4.5,4.5,2026-09-30T02:05:03Z,,
2026-10-01,selecciones,Denmark,Portugal,Renato Veiga,POR,on,0.5,6.0,5.5,2026-09-30T02:05:03Z,,
2026-10-01,selecciones,Denmark,Portugal,Renato Veiga,POR,tot,0.5,2.3,2.25,2026-09-30T02:05:03Z,,
2026-10-01,selecciones,Denmark,Portugal,Renato Veiga,POR,tot,1.5,7.5,7.5,2026-09-30T02:05:03Z,,
2026-10-01,selecciones,Denmark,Portugal,Ruben Neves,POR,on,0.5,3.1,3.1,2026-09-30T02:05:03Z,,
2026-10-01,selecciones,Denmark,Portugal,Ruben Neves,POR,on,1.5,15.0,15.0,2026-09-30T02:05:03Z,,
2026-10-01,selecciones,Denmark,Portugal,Ruben Neves,POR,tot,0.5,1.3,1.3,2026-09-30T02:05:03Z,,
2026-10-01,selecciones,Denmark,Portugal,Ruben Neves,POR,tot,1.5,2.5,2.4546,2026-09-30T02:05:03Z,,
2026-10-01,selecciones,Denmark,Portugal,Ruben Neves,POR,tot,2.5,5.5,5.5,2026-09-30T02:05:03Z,,
2026-10-01,selecciones,Denmark,Portugal,Rubén Días,POR,on,0.5,5.0,5.0,2026-09-30T02:05:03Z,,
2026-10-01,selecciones,Denmark,Portugal,Rubén Días,POR,tot,0.5,2.4546,2.4546,2026-09-30T02:05:03Z,,
2026-10-01,selecciones,Denmark,Portugal,Rubén Días,POR,tot,1.5,8.5,8.5,2026-09-30T02:05:03Z,,
2026-10-01,selecciones,Denmark,Portugal,Thomas Jorgensen,DNK,on,0.5,2.3637,2.3637,2026-09-30T02:05:03Z,,
2026-10-01,selecciones,Denmark,Portugal,Thomas Jorgensen,DNK,on,1.5,9.0,9.0,2026-09-30T02:05:03Z,,
2026-10-01,selecciones,Denmark,Portugal,Thomas Jorgensen,DNK,tot,0.5,1.2223,1.2,2026-09-30T02:05:03Z,,
2026-10-01,selecciones,Denmark,Portugal,Thomas Jorgensen,DNK,tot,1.5,2.1,2.05,2026-09-30T02:05:03Z,,
2026-10-01,selecciones,Denmark,Portugal,Thomas Jorgensen,DNK,tot,2.5,4.25,4.25,2026-09-30T02:05:03Z,,
2026-10-01,selecciones,Denmark,Portugal,Tomas Lemos Araujo,POR,on,0.5,3.6667,3.6667,2026-09-30T02:05:03Z,,
2026-10-01,selecciones,Denmark,Portugal,Tomas Lemos Araujo,POR,on,1.5,20.0,20.0,2026-09-30T02:05:03Z,,
2026-10-01,selecciones,Denmark,Portugal,Tomas Lemos Araujo,POR,tot,0.5,1.8182,1.8182,2026-09-30T02:05:03Z,,
2026-10-01,selecciones,Denmark,Portugal,Tomas Lemos Araujo,POR,tot,1.5,4.75,4.75,2026-09-30T02:05:03Z,,
2026-10-01,selecciones,Denmark,Portugal,Victor Mow Froholdt,DNK,on,0.5,2.5,2.5,2026-09-30T02:05:03Z,,
2026-10-01,selecciones,Denmark,Portugal,Victor Mow Froholdt,DNK,on,1.5,10.0,10.0,2026-09-30T02:05:03Z,,
2026-10-01,selecciones,Denmark,Portugal,Victor Mow Froholdt,DNK,tot,0.5,1.2858,1.2858,2026-09-30T02:05:03Z,,
2026-10-01,selecciones,Denmark,Portugal,Victor Mow Froholdt,DNK,tot,1.5,2.3637,2.3637,2026-09-30T02:05:03Z,,
2026-10-01,selecciones,Denmark,Portugal,Victor Mow Froholdt,DNK,tot,2.5,5.0,5.0,2026-09-30T02:05:03Z,,
2026-10-01,selecciones,Denmark,Portugal,Victor Nelsson,DNK,on,0.5,6.0,6.0,2026-09-30T02:05:03Z,,
2026-10-01,selecciones,Denmark,Portugal,Victor Nelsson,DNK,tot,0.5,2.6,2.6,2026-09-30T02:05:03Z,,
2026-10-01,selecciones,Denmark,Portugal,Victor Nelsson,DNK,tot,1.5,9.5,9.5,2026-09-30T02:05:03Z,,
2026-10-01,selecciones,Denmark,Portugal,Vitor Ferreira,POR,on,0.5,3.2,3.2,2026-09-30T02:05:03Z,,
2026-10-01,selecciones,Denmark,Portugal,Vitor Ferreira,POR,on,1.5,17.0,17.0,2026-09-30T02:05:03Z,,
2026-10-01,selecciones,Denmark,Portugal,Vitor Ferreira,POR,tot,0.5,1.48,1.4167,2026-09-30T02:05:03Z,,
2026-10-01,selecciones,Denmark,Portugal,Vitor Ferreira,POR,tot,1.5,3.2,3.0,2026-09-30T02:05:03Z,,
2026-10-01,selecciones,Germany,Serbia,Aleksa Terzic,SRB,on,0.5,6.0,4.5,2026-09-30T02:05:03Z,,
2026-10-01,selecciones,Germany,Serbia,Aleksa Terzic,SRB,tot,0.5,2.1,1.95,2026-09-30T02:05:03Z,,
2026-10-01,selecciones,Germany,Serbia,Aleksa Terzic,SRB,tot,1.5,6.5,5.5,2026-09-30T02:05:03Z,,
2026-10-01,selecciones,Germany,Serbia,Aleksandar Stankovic,SRB,on,0.5,2.5,2.8,2026-09-30T02:05:03Z,,
2026-10-01,selecciones,Germany,Serbia,Aleksandar Stankovic,SRB,on,1.5,10.0,12.0,2026-09-30T02:05:03Z,,
2026-10-01,selecciones,Germany,Serbia,Aleksandar Stankovic,SRB,tot,0.5,1.2308,1.1819,2026-09-30T02:05:03Z,,
2026-10-01,selecciones,Germany,Serbia,Aleksandar Stankovic,SRB,tot,1.5,2.2,2.0,2026-09-30T02:05:03Z,,
2026-10-01,selecciones,Germany,Serbia,Aleksandar Stankovic,SRB,tot,2.5,4.75,4.0,2026-09-30T02:05:03Z,,
2026-10-01,selecciones,Germany,Serbia,Andrija Zivkovic,SRB,on,0.5,3.3334,3.3334,2026-09-30T02:05:03Z,,
2026-10-01,selecciones,Germany,Serbia,Andrija Zivkovic,SRB,on,1.5,17.0,17.0,2026-09-30T02:05:03Z,,
2026-10-01,selecciones,Germany,Serbia,Andrija Zivkovic,SRB,tot,0.5,1.6471,1.6471,2026-09-30T02:05:03Z,,
2026-10-01,selecciones,Germany,Serbia,Andrija Zivkovic,SRB,tot,1.5,4.0,4.0,2026-09-30T02:05:03Z,,
2026-10-01,selecciones,Germany,Serbia,Anton Stach,GER,on,0.5,1.6154,1.6471,2026-09-30T02:05:03Z,,
2026-10-01,selecciones,Germany,Serbia,Anton Stach,GER,on,1.5,4.25,4.25,2026-09-30T02:05:03Z,,
2026-10-01,selecciones,Germany,Serbia,Anton Stach,GER,tot,2.5,1.4167,1.4546,2026-09-30T02:05:03Z,,
2026-10-01,selecciones,Germany,Serbia,Anton Stach,GER,tot,3.5,2.1,2.1,2026-09-30T02:05:03Z,,
2026-10-01,selecciones,Germany,Serbia,Anton Stach,GER,tot,4.5,3.4,3.4,2026-09-30T02:05:03Z,,
2026-10-01,selecciones,Germany,Serbia,Bambase Conte,GER,on,0.5,1.32,1.32,2026-09-30T02:05:03Z,,
2026-10-01,selecciones,Germany,Serbia,Bambase Conte,GER,on,1.5,2.6667,2.6667,2026-09-30T02:05:03Z,,
2026-10-01,selecciones,Germany,Serbia,Bambase Conte,GER,on,2.5,6.5,6.5,2026-09-30T02:05:03Z,,
2026-10-01,selecciones,Germany,Serbia,Bambase Conte,GER,tot,2.5,1.35,1.35,2026-09-30T02:05:03Z,,
2026-10-01,selecciones,Germany,Serbia,Bambase Conte,GER,tot,3.5,1.95,1.95,2026-09-30T02:05:03Z,,
2026-10-01,selecciones,Germany,Serbia,Bambase Conte,GER,tot,4.5,3.1,3.1,2026-09-30T02:05:03Z,,
2026-10-01,selecciones,Germany,Serbia,Chris Fuhrich,GER,on,0.5,1.35,1.35,2026-09-30T02:05:03Z,,
2026-10-01,selecciones,Germany,Serbia,Chris Fuhrich,GER,on,1.5,2.8572,2.8572,2026-09-30T02:05:03Z,,
2026-10-01,selecciones,Germany,Serbia,Chris Fuhrich,GER,tot,1.5,1.2,1.2,2026-09-30T02:05:03Z,,
2026-10-01,selecciones,Germany,Serbia,Chris Fuhrich,GER,tot,2.5,1.7,1.7,2026-09-30T02:05:03Z,,
2026-10-01,selecciones,Germany,Serbia,Chris Fuhrich,GER,tot,3.5,2.75,2.75,2026-09-30T02:05:03Z,,
2026-10-01,selecciones,Germany,Serbia,Dejan Joveljic,SRB,on,0.5,1.875,2.05,2026-09-30T02:05:03Z,,
2026-10-01,selecciones,Germany,Serbia,Dejan Joveljic,SRB,on,1.5,5.5,6.5,2026-09-30T02:05:03Z,,
2026-10-01,selecciones,Germany,Serbia,Dejan Joveljic,SRB,tot,0.5,1.125,1.1819,2026-09-30T02:05:03Z,,
2026-10-01,selecciones,Germany,Serbia,Dejan Joveljic,SRB,tot,1.5,1.7143,1.95,2026-09-30T02:05:03Z,,
2026-10-01,selecciones,Germany,Serbia,Dejan Joveljic,SRB,tot,2.5,3.2,4.0,2026-09-30T02:05:03Z,,
2026-10-01,selecciones,Germany,Serbia,Dusan Tadic,SRB,on,0.5,3.2,3.2,2026-09-30T02:05:03Z,,
2026-10-01,selecciones,Germany,Serbia,Dusan Tadic,SRB,on,1.5,16.0,16.0,2026-09-30T02:05:03Z,,
2026-10-01,selecciones,Germany,Serbia,Dusan Tadic,SRB,tot,0.5,1.48,1.48,2026-09-30T02:05:03Z,,
2026-10-01,selecciones,Germany,Serbia,Dusan Tadic,SRB,tot,1.5,3.2,3.2,2026-09-30T02:05:03Z,,
2026-10-01,selecciones,Germany,Serbia,Felix Nmecha,GER,on,0.5,1.7,1.7,2026-09-30T01:14:23Z,,
2026-10-01,selecciones,Germany,Serbia,Felix Nmecha,GER,on,1.5,4.75,4.75,2026-09-30T01:14:23Z,,
2026-10-01,selecciones,Germany,Serbia,Felix Nmecha,GER,tot,1.5,1.32,1.32,2026-09-30T01:14:23Z,,
2026-10-01,selecciones,Germany,Serbia,Felix Nmecha,GER,tot,2.5,2.05,2.05,2026-09-30T01:14:23Z,,
2026-10-01,selecciones,Germany,Serbia,Felix Nmecha,GER,tot,3.5,3.6,3.6,2026-09-30T01:14:23Z,,
2026-10-01,selecciones,Germany,Serbia,Filip Kostic,SRB,on,0.5,3.3334,3.4,2026-09-30T02:05:03Z,,
2026-10-01,selecciones,Germany,Serbia,Filip Kostic,SRB,on,1.5,17.0,18.0,2026-09-30T02:05:03Z,,
2026-10-01,selecciones,Germany,Serbia,Filip Kostic,SRB,tot,0.5,1.5455,1.5455,2026-09-30T02:05:03Z,,
2026-10-01,selecciones,Germany,Serbia,Filip Kostic,SRB,tot,1.5,3.6,3.6,2026-09-30T02:05:03Z,,
2026-10-01,selecciones,Germany,Serbia,Florian Wirtz,GER,on,0.5,1.2223,1.2308,2026-09-30T01:14:23Z,,
2026-10-01,selecciones,Germany,Serbia,Florian Wirtz,GER,on,1.5,2.2,2.3,2026-09-30T01:14:23Z,,
2026-10-01,selecciones,Germany,Serbia,Florian Wirtz,GER,on,2.5,5.0,5.0,2026-09-30T01:14:23Z,,
2026-10-01,selecciones,Germany,Serbia,Florian Wirtz,GER,tot,2.5,1.35,1.35,2026-09-30T01:14:23Z,,
2026-10-01,selecciones,Germany,Serbia,Florian Wirtz,GER,tot,3.5,1.95,1.95,2026-09-30T01:14:23Z,,
2026-10-01,selecciones,Germany,Serbia,Florian Wirtz,GER,tot,4.5,3.1,3.1,2026-09-30T01:14:23Z,,
2026-10-01,selecciones,Germany,Serbia,Hennes Behrens,GER,on,0.5,2.3637,2.3637,2026-09-30T02:05:03Z,,
2026-10-01,selecciones,Germany,Serbia,Hennes Behrens,GER,on,1.5,9.0,9.0,2026-09-30T02:05:03Z,,
2026-10-01,selecciones,Germany,Serbia,Hennes Behrens,GER,tot,0.5,1.35,1.35,2026-09-30T02:05:03Z,,
2026-10-01,selecciones,Germany,Serbia,Hennes Behrens,GER,tot,1.5,2.6667,2.6667,2026-09-30T02:05:03Z,,
2026-10-01,selecciones,Germany,Serbia,Hennes Behrens,GER,tot,2.5,6.0,6.0,2026-09-30T02:05:03Z,,
2026-10-01,selecciones,Germany,Serbia,Jonathan Michael Burkardt,GER,on,0.5,1.1539,1.25,2026-09-30T02:05:03Z,,
2026-10-01,selecciones,Germany,Serbia,Jonathan Michael Burkardt,GER,on,1.5,1.95,2.3637,2026-09-30T02:05:03Z,,
2026-10-01,selecciones,Germany,Serbia,Jonathan Michael Burkardt,GER,on,2.5,4.0,5.5,2026-09-30T02:05:03Z,,
2026-10-01,selecciones,Germany,Serbia,Jonathan Michael Burkardt,GER,tot,2.5,1.3,1.3,2026-09-30T02:05:03Z,,
2026-10-01,selecciones,Germany,Serbia,Jonathan Michael Burkardt,GER,tot,3.5,1.7778,1.7778,2026-09-30T02:05:03Z,,
2026-10-01,selecciones,Germany,Serbia,Jonathan Michael Burkardt,GER,tot,4.5,2.7143,2.7143,2026-09-30T02:05:03Z,,
2026-10-01,selecciones,Germany,Serbia,Jonathan Tah,GER,on,0.5,4.75,4.75,2026-09-30T02:05:03Z,,
2026-10-01,selecciones,Germany,Serbia,Jonathan Tah,GER,tot,0.5,2.9,2.9,2026-09-30T02:05:03Z,,
2026-10-01,selecciones,Germany,Serbia,Jonathan Tah,GER,tot,1.5,11.0,11.0,2026-09-30T02:05:03Z,,
2026-10-01,selecciones,Germany,Serbia,Josha Vagnoman,GER,on,0.5,1.8182,1.8182,2026-09-30T02:05:03Z,,
2026-10-01,selecciones,Germany,Serbia,Josha Vagnoman,GER,on,1.5,5.0,5.0,2026-09-30T02:05:03Z,,
2026-10-01,selecciones,Germany,Serbia,Josha Vagnoman,GER,tot,0.5,1.1667,1.1667,2026-09-30T02:05:03Z,,
2026-10-01,selecciones,Germany,Serbia,Josha Vagnoman,GER,tot,1.5,1.9,1.9,2026-09-30T02:05:03Z,,
2026-10-01,selecciones,Germany,Serbia,Josha Vagnoman,GER,tot,2.5,3.8,3.8,2026-09-30T02:05:03Z,,
2026-10-01,selecciones,Germany,Serbia,Joshua Kimmich,GER,on,0.5,3.8,3.8,2026-09-30T02:05:03Z,,
2026-10-01,selecciones,Germany,Serbia,Joshua Kimmich,GER,tot,0.5,1.4,1.4,2026-09-30T02:05:03Z,,
2026-10-01,selecciones,Germany,Serbia,Joshua Kimmich,GER,tot,1.5,2.9,2.9,2026-09-30T02:05:03Z,,
2026-10-01,selecciones,Germany,Serbia,Karim Adeyemi,GER,on,0.5,1.125,1.125,2026-09-30T02:05:03Z,,
2026-10-01,selecciones,Germany,Serbia,Karim Adeyemi,GER,on,1.5,1.7778,1.7778,2026-09-30T02:05:03Z,,
2026-10-01,selecciones,Germany,Serbia,Karim Adeyemi,GER,on,2.5,3.5,3.5,2026-09-30T02:05:03Z,,
2026-10-01,selecciones,Germany,Serbia,Karim Adeyemi,GER,tot,2.5,1.2,1.2,2026-09-30T02:05:03Z,,
2026-10-01,selecciones,Germany,Serbia,Karim Adeyemi,GER,tot,3.5,1.5455,1.5834,2026-09-30T02:05:03Z,,
2026-10-01,selecciones,Germany,Serbia,Karim Adeyemi,GER,tot,4.5,2.25,2.25,2026-09-30T02:05:03Z,,
2026-10-01,selecciones,Germany,Serbia,Kevin Schade,GER,on,0.5,1.2,1.2,2026-09-30T02:05:03Z,,
2026-10-01,selecciones,Germany,Serbia,Kevin Schade,GER,on,1.5,2.1,2.1,2026-09-30T02:05:03Z,,
2026-10-01,selecciones,Germany,Serbia,Kevin Schade,GER,on,2.5,4.75,4.75,2026-09-30T02:05:03Z,,
2026-10-01,selecciones,Germany,Serbia,Kevin Schade,GER,tot,1.5,1.1667,1.1667,2026-09-30T02:05:03Z,,
2026-10-01,selecciones,Germany,Serbia,Kevin Schade,GER,tot,2.5,1.6,1.6,2026-09-30T02:05:03Z,,
2026-10-01,selecciones,Germany,Serbia,Kevin Schade,GER,tot,3.5,2.5,2.5,2026-09-30T02:05:03Z,,
2026-10-01,selecciones,Germany,Serbia,Kosta Nedeljkovic,SRB,on,0.5,7.0,8.0,2026-09-30T02:05:03Z,,
2026-10-01,selecciones,Germany,Serbia,Kosta Nedeljkovic,SRB,tot,0.5,2.8572,3.1,2026-09-30T02:05:03Z,,
2026-10-01,selecciones,Germany,Serbia,Kosta Nedeljkovic,SRB,tot,1.5,11.0,13.0,2026-09-30T02:05:03Z,,
2026-10-01,selecciones,Germany,Serbia,Lazar Samardzic,SRB,on,0.5,2.5,2.5,2026-09-30T02:05:03Z,,
2026-10-01,selecciones,Germany,Serbia,Lazar Samardzic,SRB,on,1.5,10.0,10.0,2026-09-30T02:05:03Z,,
2026-10-01,selecciones,Germany,Serbia,Lazar Samardzic,SRB,tot,0.5,1.2858,1.2858,2026-09-30T02:05:03Z,,
2026-10-01,selecciones,Germany,Serbia,Lazar Samardzic,SRB,tot,1.5,2.4,2.4,2026-09-30T02:05:03Z,,
2026-10-01,selecciones,Germany,Serbia,Lazar Samardzic,SRB,tot,2.5,5.0,5.0,2026-09-30T02:05:03Z,,
2026-10-01,selecciones,Germany,Serbia,Luka Jovic,SRB,on,0.5,1.9,2.1,2026-09-30T02:05:03Z,,
2026-10-01,selecciones,Germany,Serbia,Luka Jovic,SRB,on,1.5,6.0,7.0,2026-09-30T02:05:03Z,,
2026-10-01,selecciones,Germany,Serbia,Luka Jovic,SRB,tot,0.5,1.1334,1.091,2026-09-30T02:05:03Z,,
2026-10-01,selecciones,Germany,Serbia,Luka Jovic,SRB,tot,1.5,1.75,1.6154,2026-09-30T02:05:03Z,,
2026-10-01,selecciones,Germany,Serbia,Luka Jovic,SRB,tot,2.5,3.3334,2.8572,2026-09-30T02:05:03Z,,
2026-10-01,selecciones,Germany,Serbia,Maximilian Rosenfelder,GER,on,0.5,5.0,5.0,2026-09-30T02:05:03Z,,
2026-10-01,selecciones,Germany,Serbia,Maximilian Rosenfelder,GER,tot,0.5,1.8182,1.85,2026-09-30T02:05:03Z,,
2026-10-01,selecciones,Germany,Serbia,Maximilian Rosenfelder,GER,tot,1.5,5.0,5.0,2026-09-30T02:05:03Z,,
2026-10-01,selecciones,Germany,Serbia,Mihajlo Cvetkovic,SRB,on,0.5,2.1,2.1,2026-09-30T02:05:03Z,,
2026-10-01,selecciones,Germany,Serbia,Mihajlo Cvetkovic,SRB,on,1.5,7.5,7.5,2026-09-30T02:05:03Z,,
2026-10-01,selecciones,Germany,Serbia,Mihajlo Cvetkovic,SRB,tot,0.5,1.2,1.2,2026-09-30T02:05:03Z,,
2026-10-01,selecciones,Germany,Serbia,Mihajlo Cvetkovic,SRB,tot,1.5,2.05,2.05,2026-09-30T02:05:03Z,,
2026-10-01,selecciones,Germany,Serbia,Mihajlo Cvetkovic,SRB,tot,2.5,4.25,4.25,2026-09-30T02:05:03Z,,
2026-10-01,selecciones,Germany,Serbia,Nadiem Amiri,GER,on,0.5,1.1819,1.1819,2026-09-30T02:05:03Z,,
2026-10-01,selecciones,Germany,Serbia,Nadiem Amiri,GER,on,1.5,2.05,2.05,2026-09-30T02:05:03Z,,
2026-10-01,selecciones,Germany,Serbia,Nadiem Amiri,GER,on,2.5,4.5,4.5,2026-09-30T02:05:03Z,,
2026-10-01,selecciones,Germany,Serbia,Nadiem Amiri,GER,tot,2.5,1.32,1.32,2026-09-30T02:05:03Z,,
2026-10-01,selecciones,Germany,Serbia,Nadiem Amiri,GER,tot,3.5,1.85,1.875,2026-09-30T02:05:03Z,,
2026-10-01,selecciones,Germany,Serbia,Nadiem Amiri,GER,tot,4.5,2.9,2.9,2026-09-30T02:05:03Z,,
2026-10-01,selecciones,Germany,Serbia,Nathaniel Brown,GER,on,0.5,2.3637,2.3637,2026-09-30T02:05:03Z,,
2026-10-01,selecciones,Germany,Serbia,Nathaniel Brown,GER,on,1.5,9.0,9.0,2026-09-30T02:05:03Z,,
2026-10-01,selecciones,Germany,Serbia,Nathaniel Brown,GER,tot,0.5,1.35,1.35,2026-09-30T02:05:03Z,,
2026-10-01,selecciones,Germany,Serbia,Nathaniel Brown,GER,tot,1.5,2.7143,2.75,2026-09-30T02:05:03Z,,
2026-10-01,selecciones,Germany,Serbia,Nemanja Gudelj,SRB,on,0.5,5.5,4.25,2026-09-30T02:05:03Z,,
2026-10-01,selecciones,Germany,Serbia,Nemanja Gudelj,SRB,on,1.5,20.0,20.0,2026-09-29T01:17:47Z,,
2026-10-01,selecciones,Germany,Serbia,Nemanja Gudelj,SRB,tot,0.5,2.05,1.9,2026-09-30T02:05:03Z,,
2026-10-01,selecciones,Germany,Serbia,Nemanja Gudelj,SRB,tot,1.5,6.0,5.5,2026-09-30T02:05:03Z,,
2026-10-01,selecciones,Germany,Serbia,Nemanja Maksimovic,SRB,on,0.5,4.0,4.0,2026-09-30T02:05:03Z,,
2026-10-01,selecciones,Germany,Serbia,Nemanja Maksimovic,SRB,on,1.5,20.0,20.0,2026-09-29T04:55:35Z,,
2026-10-01,selecciones,Germany,Serbia,Nemanja Maksimovic,SRB,tot,0.5,1.875,1.8182,2026-09-30T02:05:03Z,,
2026-10-01,selecciones,Germany,Serbia,Nemanja Maksimovic,SRB,tot,1.5,5.0,5.0,2026-09-30T02:05:03Z,,
2026-10-01,selecciones,Germany,Serbia,Nikola Simic,SRB,on,0.5,7.5,7.5,2026-09-30T02:05:03Z,,
2026-10-01,selecciones,Germany,Serbia,Nikola Simic,SRB,tot,0.5,3.2,3.2,2026-09-30T02:05:03Z,,
2026-10-01,selecciones,Germany,Serbia,Nikola Simic,SRB,tot,1.5,13.0,13.0,2026-09-30T02:05:03Z,,
2026-10-01,selecciones,Germany,Serbia,Philipp Treu,GER,on,0.5,3.6667,3.6667,2026-09-30T02:05:03Z,,
2026-10-01,selecciones,Germany,Serbia,Philipp Treu,GER,on,1.5,20.0,20.0,2026-09-30T02:05:03Z,,
2026-10-01,selecciones,Germany,Serbia,Philipp Treu,GER,tot,0.5,1.5455,1.5455,2026-09-30T02:05:03Z,,
2026-10-01,selecciones,Germany,Serbia,Philipp Treu,GER,tot,1.5,3.6,3.6,2026-09-30T02:05:03Z,,
2026-10-01,selecciones,Germany,Serbia,Sasa Lukic,SRB,on,0.5,3.2,3.2,2026-09-30T02:05:03Z,,
2026-10-01,selecciones,Germany,Serbia,Sasa Lukic,SRB,on,1.5,16.0,16.0,2026-09-30T02:05:03Z,,
2026-10-01,selecciones,Germany,Serbia,Sasa Lukic,SRB,tot,0.5,1.5,1.5,2026-09-30T02:05:03Z,,
2026-10-01,selecciones,Germany,Serbia,Sasa Lukic,SRB,tot,1.5,3.3334,3.3334,2026-09-30T02:05:03Z,,
2026-10-01,selecciones,Germany,Serbia,Serge Gnabry,GER,on,0.5,1.2,1.2728,2026-09-30T02:05:03Z,,
2026-10-01,selecciones,Germany,Serbia,Serge Gnabry,GER,on,1.5,2.1429,2.4546,2026-09-30T02:05:03Z,,
2026-10-01,selecciones,Germany,Serbia,Serge Gnabry,GER,on,2.5,4.75,6.0,2026-09-30T02:05:03Z,,
2026-10-01,selecciones,Germany,Serbia,Serge Gnabry,GER,tot,2.5,1.32,1.32,2026-09-30T02:05:03Z,,
2026-10-01,selecciones,Germany,Serbia,Serge Gnabry,GER,tot,3.5,1.85,1.85,2026-09-30T02:05:03Z,,
2026-10-01,selecciones,Germany,Serbia,Serge Gnabry,GER,tot,4.5,2.8572,2.8572,2026-09-30T02:05:03Z,,
2026-10-01,selecciones,Germany,Serbia,Sergej Milinkovic-Savic,SRB,on,0.5,2.8572,2.5455,2026-09-30T02:05:03Z,,
2026-10-01,selecciones,Germany,Serbia,Sergej Milinkovic-Savic,SRB,on,1.5,13.0,10.0,2026-09-30T02:05:03Z,,
2026-10-01,selecciones,Germany,Serbia,Sergej Milinkovic-Savic,SRB,tot,0.5,1.3,1.3,2026-09-30T02:05:03Z,,
2026-10-01,selecciones,Germany,Serbia,Sergej Milinkovic-Savic,SRB,tot,1.5,2.4546,2.4546,2026-09-30T02:05:03Z,,
2026-10-01,selecciones,Germany,Serbia,Sergej Milinkovic-Savic,SRB,tot,2.5,5.5,5.5,2026-09-30T02:05:03Z,,
2026-10-01,selecciones,Germany,Serbia,Srdan Babic,SRB,on,0.5,7.5,8.0,2026-09-30T02:05:03Z,,
2026-10-01,selecciones,Germany,Serbia,Srdan Babic,SRB,tot,0.5,3.2,3.3334,2026-09-30T02:05:03Z,,
2026-10-01,selecciones,Germany,Serbia,Srdan Babic,SRB,tot,1.5,14.0,14.0,2026-09-30T02:05:03Z,,
2026-10-01,selecciones,Germany,Serbia,Stefan Dzodic,SRB,on,0.5,3.8,4.0,2026-09-30T02:05:03Z,,
2026-10-01,selecciones,Germany,Serbia,Stefan Dzodic,SRB,tot,0.5,1.6154,1.7,2026-09-30T02:05:03Z,,
2026-10-01,selecciones,Germany,Serbia,Stefan Dzodic,SRB,tot,1.5,4.0,4.25,2026-09-30T02:05:03Z,,
2026-10-01,selecciones,Germany,Serbia,Strahinja Erakovic,SRB,on,0.5,11.0,11.0,2026-09-30T02:05:03Z,,
2026-10-01,selecciones,Germany,Serbia,Strahinja Erakovic,SRB,tot,0.5,4.0,4.0,2026-09-30T02:05:03Z,,
2026-10-01,selecciones,Germany,Serbia,Strahinja Erakovic,SRB,tot,1.5,19.0,20.0,2026-09-30T02:05:03Z,,
2026-10-01,selecciones,Germany,Serbia,Strahinja Pavlovic,SRB,on,0.5,5.0,5.0,2026-09-30T02:05:03Z,,
2026-10-01,selecciones,Germany,Serbia,Strahinja Pavlovic,SRB,tot,0.5,2.0,2.0,2026-09-30T02:05:03Z,,
2026-10-01,selecciones,Germany,Serbia,Strahinja Pavlovic,SRB,tot,1.5,6.0,6.0,2026-09-30T02:05:03Z,,
2026-10-01,selecciones,Germany,Serbia,Vanja Dragojevic,SRB,on,0.5,4.0,3.5,2026-09-30T02:05:03Z,,
2026-10-01,selecciones,Germany,Serbia,Vanja Dragojevic,SRB,on,1.5,14.0,19.0,2026-09-30T02:05:03Z,,
2026-10-01,selecciones,Germany,Serbia,Vanja Dragojevic,SRB,tot,0.5,1.75,1.6471,2026-09-30T02:05:03Z,,
2026-10-01,selecciones,Germany,Serbia,Vanja Dragojevic,SRB,tot,1.5,4.5,4.0,2026-09-30T02:05:03Z,,
2026-10-01,selecciones,Germany,Serbia,Yann Bisseck,GER,on,0.5,2.1429,2.1429,2026-09-30T02:05:03Z,,
2026-10-01,selecciones,Germany,Serbia,Yann Bisseck,GER,on,1.5,7.5,7.5,2026-09-30T02:05:03Z,,
2026-10-01,selecciones,Germany,Serbia,Yann Bisseck,GER,tot,0.5,1.35,1.35,2026-09-30T02:05:03Z,,
2026-10-01,selecciones,Germany,Serbia,Yann Bisseck,GER,tot,1.5,2.75,2.75,2026-09-30T02:05:03Z,,
2026-10-01,selecciones,Germany,Serbia,Yannick Engelhardt,GER,on,0.5,3.2,3.2,2026-09-30T02:05:03Z,,
2026-10-01,selecciones,Germany,Serbia,Yannick Engelhardt,GER,on,1.5,16.0,16.0,2026-09-30T02:05:03Z,,
2026-10-01,selecciones,Germany,Serbia,Yannick Engelhardt,GER,tot,0.5,1.3,1.3,2026-09-30T02:05:03Z,,
2026-10-01,selecciones,Germany,Serbia,Yannick Engelhardt,GER,tot,1.5,2.4546,2.4546,2026-09-30T02:05:03Z,,
2026-10-01,selecciones,Germany,Serbia,Yannick Engelhardt,GER,tot,2.5,5.5,5.5,2026-09-30T02:05:03Z,,
2026-10-01,selecciones,Germany,Serbia,Younes Ebnoutalib,GER,on,0.5,1.05,1.05,2026-09-30T02:05:03Z,,
2026-10-01,selecciones,Germany,Serbia,Younes Ebnoutalib,GER,on,1.5,1.5,1.5,2026-09-30T02:05:03Z,,
2026-10-01,selecciones,Germany,Serbia,Younes Ebnoutalib,GER,on,2.5,2.6667,2.6667,2026-09-30T02:05:03Z,,
2026-10-01,selecciones,Germany,Serbia,Younes Ebnoutalib,GER,tot,3.5,1.4167,1.4167,2026-09-30T02:05:03Z,,
2026-10-01,selecciones,Germany,Serbia,Younes Ebnoutalib,GER,tot,4.5,1.95,1.95,2026-09-30T02:05:03Z,,
2026-10-01,selecciones,Germany,Serbia,Younes Ebnoutalib,GER,tot,5.5,3.0,3.0,2026-09-30T02:05:03Z,,
2026-10-01,selecciones,Greece,Netherlands,Anastasios Douvikas,GRE,on,0.5,1.32,1.4546,2026-09-30T02:05:03Z,,
2026-10-01,selecciones,Greece,Netherlands,Anastasios Douvikas,GRE,on,1.5,2.7143,3.4,2026-09-30T02:05:03Z,,
2026-10-01,selecciones,Greece,Netherlands,Anastasios Douvikas,GRE,on,2.5,7.0,6.5,2026-09-29T09:20:45Z,,
2026-10-01,selecciones,Greece,Netherlands,Anastasios Douvikas,GRE,tot,1.5,1.3,1.2858,2026-09-30T02:05:03Z,,
2026-10-01,selecciones,Greece,Netherlands,Anastasios Douvikas,GRE,tot,2.5,2.0,1.9,2026-09-30T02:05:03Z,,
2026-10-01,selecciones,Greece,Netherlands,Anastasios Douvikas,GRE,tot,3.5,3.4,3.2,2026-09-30T02:05:03Z,,
2026-10-01,selecciones,Greece,Netherlands,Andreas-Richardos Ntoi,GRE,on,0.5,5.0,5.0,2026-09-30T02:05:03Z,,
2026-10-01,selecciones,Greece,Netherlands,Andreas-Richardos Ntoi,GRE,tot,0.5,2.0,2.0,2026-09-30T02:05:03Z,,
2026-10-01,selecciones,Greece,Netherlands,Andreas-Richardos Ntoi,GRE,tot,1.5,6.0,5.5,2026-09-30T02:05:03Z,,
2026-10-01,selecciones,Greece,Netherlands,Andrews Tetteh,GRE,on,0.5,1.3847,1.52,2026-09-30T02:05:03Z,,
2026-10-01,selecciones,Greece,Netherlands,Andrews Tetteh,GRE,on,1.5,3.0,3.6667,2026-09-30T02:05:03Z,,
2026-10-01,selecciones,Greece,Netherlands,Andrews Tetteh,GRE,tot,1.5,1.1819,1.32,2026-09-30T02:05:03Z,,
2026-10-01,selecciones,Greece,Netherlands,Andrews Tetteh,GRE,tot,2.5,1.6471,2.0,2026-09-30T02:05:03Z,,
2026-10-01,selecciones,Greece,Netherlands,Andrews Tetteh,GRE,tot,3.5,2.6,3.5,2026-09-30T02:05:03Z,,
2026-10-01,selecciones,Greece,Netherlands,Charalampos Kostoulas,GRE,on,0.5,1.52,1.48,2026-09-30T02:05:03Z,,
2026-10-01,selecciones,Greece,Netherlands,Charalampos Kostoulas,GRE,on,1.5,3.6,3.4,2026-09-30T02:05:03Z,,
2026-10-01,selecciones,Greece,Netherlands,Charalampos Kostoulas,GRE,tot,1.5,1.2858,1.32,2026-09-30T02:05:03Z,,
2026-10-01,selecciones,Greece,Netherlands,Charalampos Kostoulas,GRE,tot,2.5,1.95,2.0,2026-09-30T02:05:03Z,,
2026-10-01,selecciones,Greece,Netherlands,Charalampos Kostoulas,GRE,tot,3.5,3.3334,3.5,2026-09-30T02:05:03Z,,
2026-10-01,selecciones,Greece,Netherlands,Christos Mouzakitis,GRE,on,0.5,3.2,3.2,2026-09-30T02:05:03Z,,
2026-10-01,selecciones,Greece,Netherlands,Christos Mouzakitis,GRE,on,1.5,17.0,17.0,2026-09-30T02:05:03Z,,
2026-10-01,selecciones,Greece,Netherlands,Christos Mouzakitis,GRE,tot,0.5,1.35,1.35,2026-09-30T02:05:03Z,,
2026-10-01,selecciones,Greece,Netherlands,Christos Mouzakitis,GRE,tot,1.5,2.7143,2.6667,2026-09-30T02:05:03Z,,
2026-10-01,selecciones,Greece,Netherlands,Christos Mouzakitis,GRE,tot,2.5,6.0,6.0,2026-09-30T02:05:03Z,,
2026-10-01,selecciones,Greece,Netherlands,Christos Tzolis,GRE,on,0.5,1.5455,1.5,2026-09-30T02:05:03Z,,
2026-10-01,selecciones,Greece,Netherlands,Christos Tzolis,GRE,on,1.5,3.8,3.6,2026-09-30T02:05:03Z,,
2026-10-01,selecciones,Greece,Netherlands,Christos Tzolis,GRE,tot,1.5,1.2308,1.2223,2026-09-30T02:05:03Z,,
2026-10-01,selecciones,Greece,Netherlands,Christos Tzolis,GRE,tot,2.5,1.8,1.75,2026-09-30T02:05:03Z,,
2026-10-01,selecciones,Greece,Netherlands,Christos Tzolis,GRE,tot,3.5,3.0,2.8572,2026-09-30T02:05:03Z,,
2026-10-01,selecciones,Greece,Netherlands,Christos Zafeiris,GRE,on,0.5,2.7143,2.7143,2026-09-30T02:05:03Z,,
2026-10-01,selecciones,Greece,Netherlands,Christos Zafeiris,GRE,on,1.5,11.0,11.0,2026-09-30T02:05:03Z,,
2026-10-01,selecciones,Greece,Netherlands,Christos Zafeiris,GRE,tot,0.5,1.32,1.32,2026-09-30T02:05:03Z,,
2026-10-01,selecciones,Greece,Netherlands,Christos Zafeiris,GRE,tot,1.5,2.6,2.6,2026-09-30T02:05:03Z,,
2026-10-01,selecciones,Greece,Netherlands,Christos Zafeiris,GRE,tot,2.5,6.0,6.0,2026-09-30T02:05:03Z,,
2026-10-01,selecciones,Greece,Netherlands,Cody Gakpo,NED,on,0.5,1.6154,1.6154,2026-09-29T06:08:59Z,,
2026-10-01,selecciones,Greece,Netherlands,Cody Gakpo,NED,on,1.5,4.25,4.25,2026-09-29T06:08:59Z,,
2026-10-01,selecciones,Greece,Netherlands,Cody Gakpo,NED,tot,1.5,1.3847,1.3847,2026-09-29T06:08:59Z,,
2026-10-01,selecciones,Greece,Netherlands,Cody Gakpo,NED,tot,2.5,2.2,2.2,2026-09-29T06:08:59Z,,
2026-10-01,selecciones,Greece,Netherlands,Cody Gakpo,NED,tot,3.5,4.0,4.0,2026-09-29T06:08:59Z,,
2026-10-01,selecciones,Greece,Netherlands,Crysencio Summerville,NED,on,0.5,1.52,1.52,2026-09-30T02:05:03Z,,
2026-10-01,selecciones,Greece,Netherlands,Crysencio Summerville,NED,on,1.5,3.6667,3.6,2026-09-30T02:05:03Z,,
2026-10-01,selecciones,Greece,Netherlands,Crysencio Summerville,NED,tot,1.5,1.32,1.4,2026-09-30T02:05:03Z,,
2026-10-01,selecciones,Greece,Netherlands,Crysencio Summerville,NED,tot,2.5,2.0,2.2,2026-09-30T02:05:03Z,,
2026-10-01,selecciones,Greece,Netherlands,Crysencio Summerville,NED,tot,3.5,3.5,4.0,2026-09-30T02:05:03Z,,
2026-10-01,selecciones,Greece,Netherlands,Denzel Dumfries,NED,on,0.5,3.0,2.8,2026-09-30T02:05:03Z,,
2026-10-01,selecciones,Greece,Netherlands,Denzel Dumfries,NED,on,1.5,14.0,12.0,2026-09-30T02:05:03Z,,
2026-10-01,selecciones,Greece,Netherlands,Denzel Dumfries,NED,tot,0.5,1.4167,1.4,2026-09-30T02:05:03Z,,
2026-10-01,selecciones,Greece,Netherlands,Denzel Dumfries,NED,tot,1.5,3.0,2.8572,2026-09-30T02:05:03Z,,
2026-10-01,selecciones,Greece,Netherlands,Dimitris Kourbelis,GRE,on,0.5,3.6,3.5,2026-09-30T02:05:03Z,,
2026-10-01,selecciones,Greece,Netherlands,Dimitris Kourbelis,GRE,on,1.5,20.0,19.0,2026-09-30T02:05:03Z,,
2026-10-01,selecciones,Greece,Netherlands,Dimitris Kourbelis,GRE,tot,0.5,1.6154,1.5455,2026-09-30T02:05:03Z,,
2026-10-01,selecciones,Greece,Netherlands,Dimitris Kourbelis,GRE,tot,1.5,4.0,3.6,2026-09-30T02:05:03Z,,
2026-10-01,selecciones,Greece,Netherlands,Fotis Ioannidis,GRE,on,0.5,1.4546,1.4546,2026-09-30T02:05:03Z,,
2026-10-01,selecciones,Greece,Netherlands,Fotis Ioannidis,GRE,on,1.5,3.4,3.4,2026-09-30T02:05:03Z,,
2026-10-01,selecciones,Greece,Netherlands,Fotis Ioannidis,GRE,tot,1.5,1.2858,1.25,2026-09-30T02:05:03Z,,
2026-10-01,selecciones,Greece,Netherlands,Fotis Ioannidis,GRE,tot,2.5,1.9,1.8182,2026-09-30T02:05:03Z,,
2026-10-01,selecciones,Greece,Netherlands,Fotis Ioannidis,GRE,tot,3.5,3.2,3.0,2026-09-30T02:05:03Z,,
2026-10-01,selecciones,Greece,Netherlands,Georgios Vagiannidis,GRE,on,0.5,5.0,5.0,2026-09-30T02:05:03Z,,
2026-10-01,selecciones,Greece,Netherlands,Georgios Vagiannidis,GRE,tot,0.5,2.4,2.4,2026-09-30T02:05:03Z,,
2026-10-01,selecciones,Greece,Netherlands,Georgios Vagiannidis,GRE,tot,1.5,8.0,8.0,2026-09-30T02:05:03Z,,
2026-10-01,selecciones,Greece,Netherlands,Giannis Michailidis,GRE,on,0.5,5.0,5.0,2026-09-30T02:05:03Z,,
2026-10-01,selecciones,Greece,Netherlands,Giannis Michailidis,GRE,tot,0.5,2.0,2.0,2026-09-30T02:05:03Z,,
2026-10-01,selecciones,Greece,Netherlands,Giannis Michailidis,GRE,tot,1.5,6.0,5.5,2026-09-30T02:05:03Z,,
2026-10-01,selecciones,Greece,Netherlands,Giorgos Kyriakopoulos,GRE,on,0.5,4.5,4.25,2026-09-30T02:05:03Z,,
2026-10-01,selecciones,Greece,Netherlands,Giorgos Kyriakopoulos,GRE,tot,0.5,1.9,1.9,2026-09-30T02:05:03Z,,
2026-10-01,selecciones,Greece,Netherlands,Giorgos Kyriakopoulos,GRE,tot,1.5,5.5,5.5,2026-09-30T02:05:03Z,,
2026-10-01,selecciones,Greece,Netherlands,Giorgos Masouras,GRE,on,0.5,1.75,1.85,2026-09-30T02:05:03Z,,
2026-10-01,selecciones,Greece,Netherlands,Giorgos Masouras,GRE,on,1.5,5.0,5.5,2026-09-30T02:05:03Z,,
2026-10-01,selecciones,Greece,Netherlands,Giorgos Masouras,GRE,tot,0.5,1.06,1.05,2026-09-29T15:43:16Z,,
2026-10-01,selecciones,Greece,Netherlands,Giorgos Masouras,GRE,tot,1.5,1.5,1.4167,2026-09-30T02:05:03Z,,
2026-10-01,selecciones,Greece,Netherlands,Giorgos Masouras,GRE,tot,2.5,2.5,2.3,2026-09-30T02:05:03Z,,
2026-10-01,selecciones,Greece,Netherlands,Giorgos Masouras,GRE,tot,3.5,4.25,4.25,2026-09-30T02:05:03Z,,
2026-10-01,selecciones,Greece,Netherlands,Guus Til,NED,on,0.5,1.7,1.6,2026-09-30T02:05:03Z,,
2026-10-01,selecciones,Greece,Netherlands,Guus Til,NED,on,1.5,4.5,4.0,2026-09-30T02:05:03Z,,
2026-10-01,selecciones,Greece,Netherlands,Guus Til,NED,tot,0.5,1.0715,1.0715,2026-09-29T02:54:58Z,,
2026-10-01,selecciones,Greece,Netherlands,Guus Til,NED,tot,1.5,1.5455,1.4167,2026-09-30T02:05:03Z,,
2026-10-01,selecciones,Greece,Netherlands,Guus Til,NED,tot,2.5,2.6667,2.3,2026-09-30T02:05:03Z,,
2026-10-01,selecciones,Greece,Netherlands,Guus Til,NED,tot,3.5,4.25,4.25,2026-09-30T02:05:03Z,,
2026-10-01,selecciones,Greece,Netherlands,Jan Paul van Hecke,NED,on,0.5,4.0,4.0,2026-09-30T02:05:03Z,,
2026-10-01,selecciones,Greece,Netherlands,Jan Paul van Hecke,NED,tot,0.5,1.9,1.9,2026-09-30T02:05:03Z,,
2026-10-01,selecciones,Greece,Netherlands,Jan Paul van Hecke,NED,tot,1.5,5.0,5.0,2026-09-30T02:05:03Z,,
2026-10-01,selecciones,Greece,Netherlands,Joey Veerman,NED,on,0.5,2.8572,2.75,2026-09-30T02:05:03Z,,
2026-10-01,selecciones,Greece,Netherlands,Joey Veerman,NED,on,1.5,13.0,12.0,2026-09-30T02:05:03Z,,
2026-10-01,selecciones,Greece,Netherlands,Joey Veerman,NED,tot,0.5,1.5,1.5,2026-09-30T02:05:03Z,,
2026-10-01,selecciones,Greece,Netherlands,Joey Veerman,NED,tot,1.5,3.3334,3.3334,2026-09-30T02:05:03Z,,
2026-10-01,selecciones,Greece,Netherlands,Jorrel Hato,NED,on,0.5,3.8,3.8,2026-09-30T02:05:03Z,,
2026-10-01,selecciones,Greece,Netherlands,Jorrel Hato,NED,tot,0.5,1.875,1.8182,2026-09-30T02:05:03Z,,
2026-10-01,selecciones,Greece,Netherlands,Jorrel Hato,NED,tot,1.5,5.0,5.0,2026-09-30T02:05:03Z,,
2026-10-01,selecciones,Greece,Netherlands,Joshua Zirkzee,NED,on,0.5,1.52,1.52,2026-09-30T02:05:03Z,,
2026-10-01,selecciones,Greece,Netherlands,Joshua Zirkzee,NED,on,1.5,3.6667,3.6667,2026-09-30T02:05:03Z,,
2026-10-01,selecciones,Greece,Netherlands,Joshua Zirkzee,NED,tot,0.5,1.05,1.05,2026-09-29T10:56:07Z,,
2026-10-01,selecciones,Greece,Netherlands,Joshua Zirkzee,NED,tot,1.5,1.4546,1.3,2026-09-30T02:05:03Z,,
2026-10-01,selecciones,Greece,Netherlands,Joshua Zirkzee,NED,tot,2.5,2.4,1.95,2026-09-30T02:05:03Z,,
2026-10-01,selecciones,Greece,Netherlands,Joshua Zirkzee,NED,tot,3.5,3.4,3.4,2026-09-30T02:05:03Z,,
2026-10-01,selecciones,Greece,Netherlands,Jurrien Timber,NED,on,0.5,4.25,4.25,2026-09-30T02:05:03Z,,
2026-10-01,selecciones,Greece,Netherlands,Jurrien Timber,NED,tot,0.5,1.9,1.9,2026-09-30T02:05:03Z,,
2026-10-01,selecciones,Greece,Netherlands,Jurrien Timber,NED,tot,1.5,5.0,5.0,2026-09-30T02:05:03Z,,
2026-10-01,selecciones,Greece,Netherlands,Kenneth Taylor,NED,on,0.5,2.1429,2.25,2026-09-30T02:05:03Z,,
2026-10-01,selecciones,Greece,Netherlands,Kenneth Taylor,NED,on,1.5,7.5,8.5,2026-09-30T02:05:03Z,,
2026-10-01,selecciones,Greece,Netherlands,Kenneth Taylor,NED,tot,0.5,1.2,1.2,2026-09-30T02:05:03Z,,
2026-10-01,selecciones,Greece,Netherlands,Kenneth Taylor,NED,tot,1.5,2.0,2.0,2026-09-30T02:05:03Z,,
2026-10-01,selecciones,Greece,Netherlands,Kenneth Taylor,NED,tot,2.5,4.0,4.0,2026-09-30T02:05:03Z,,
2026-10-01,selecciones,Greece,Netherlands,Konstantinos Karetsas,GRE,on,0.5,1.7,1.85,2026-09-30T02:05:03Z,,
2026-10-01,selecciones,Greece,Netherlands,Konstantinos Karetsas,GRE,on,1.5,4.75,5.5,2026-09-30T02:05:03Z,,
2026-10-01,selecciones,Greece,Netherlands,Konstantinos Karetsas,GRE,tot,1.5,1.4,1.32,2026-09-30T02:05:03Z,,
2026-10-01,selecciones,Greece,Netherlands,Konstantinos Karetsas,GRE,tot,2.5,2.25,2.05,2026-09-30T02:05:03Z,,
2026-10-01,selecciones,Greece,Netherlands,Konstantinos Karetsas,GRE,tot,3.5,4.0,3.6,2026-09-30T02:05:03Z,,
2026-10-01,selecciones,Greece,Netherlands,Konstantinos Mavropanos,GRE,on,0.5,2.8572,2.8,2026-09-30T02:05:03Z,,
2026-10-01,selecciones,Greece,Netherlands,Konstantinos Mavropanos,GRE,on,1.5,13.0,12.0,2026-09-30T02:05:03Z,,
2026-10-01,selecciones,Greece,Netherlands,Konstantinos Mavropanos,GRE,tot,0.5,1.32,1.32,2026-09-30T02:05:03Z,,
2026-10-01,selecciones,Greece,Netherlands,Konstantinos Mavropanos,GRE,tot,1.5,2.5455,2.5455,2026-09-30T02:05:03Z,,
2026-10-01,selecciones,Greece,Netherlands,Konstantinos Mavropanos,GRE,tot,2.5,5.5,5.5,2026-09-30T02:05:03Z,,
2026-10-01,selecciones,Greece,Netherlands,Konstantinos Tsimikas,GRE,on,0.5,4.0,4.0,2026-09-30T02:05:03Z,,
2026-10-01,selecciones,Greece,Netherlands,Konstantinos Tsimikas,GRE,tot,0.5,1.75,1.75,2026-09-30T02:05:03Z,,
2026-10-01,selecciones,Greece,Netherlands,Konstantinos Tsimikas,GRE,tot,1.5,4.5,4.5,2026-09-30T02:05:03Z,,
2026-10-01,selecciones,Greece,Netherlands,Manolis Saliakas,GRE,on,0.5,4.0,4.0,2026-09-30T02:05:03Z,,
2026-10-01,selecciones,Greece,Netherlands,Manolis Saliakas,GRE,tot,0.5,1.68,1.68,2026-09-30T02:05:03Z,,
2026-10-01,selecciones,Greece,Netherlands,Manolis Saliakas,GRE,tot,1.5,4.0,4.0,2026-09-30T02:05:03Z,,
2026-10-01,selecciones,Greece,Netherlands,Mexx Meerdink,NED,on,0.5,1.3847,1.35,2026-09-30T02:05:03Z,,
2026-10-01,selecciones,Greece,Netherlands,Mexx Meerdink,NED,on,1.5,3.0,2.8,2026-09-30T02:05:03Z,,
2026-10-01,selecciones,Greece,Netherlands,Mexx Meerdink,NED,tot,1.5,1.2,1.1819,2026-09-30T02:05:03Z,,
2026-10-01,selecciones,Greece,Netherlands,Mexx Meerdink,NED,tot,2.5,1.7,1.6471,2026-09-30T02:05:03Z,,
2026-10-01,selecciones,Greece,Netherlands,Mexx Meerdink,NED,tot,3.5,2.75,2.6,2026-09-30T02:05:03Z,,
2026-10-01,selecciones,Greece,Netherlands,Mickey van de Ven,NED,on,0.5,3.8,5.0,2026-09-30T02:05:03Z,,
2026-10-01,selecciones,Greece,Netherlands,Mickey van de Ven,NED,tot,0.5,2.25,2.25,2026-09-30T02:05:03Z,,
2026-10-01,selecciones,Greece,Netherlands,Mickey van de Ven,NED,tot,1.5,7.0,7.0,2026-09-30T02:05:03Z,,
2026-10-01,selecciones,Greece,Netherlands,Nathan Ake,NED,on,0.5,6.0,6.0,2026-09-30T02:05:03Z,,
2026-10-01,selecciones,Greece,Netherlands,Nathan Ake,NED,tot,0.5,2.3637,2.3637,2026-09-30T02:05:03Z,,
2026-10-01,selecciones,Greece,Netherlands,Nathan Ake,NED,tot,1.5,8.0,8.0,2026-09-30T02:05:03Z,,
2026-10-01,selecciones,Greece,Netherlands,Noa Lang,NED,on,0.5,1.95,1.9,2026-09-30T02:05:03Z,,
2026-10-01,selecciones,Greece,Netherlands,Noa Lang,NED,on,1.5,6.0,6.0,2026-09-30T02:05:03Z,,
2026-10-01,selecciones,Greece,Netherlands,Noa Lang,NED,tot,0.5,1.1334,1.125,2026-09-30T02:05:03Z,,
2026-10-01,selecciones,Greece,Netherlands,Noa Lang,NED,tot,1.5,1.75,1.7143,2026-09-30T02:05:03Z,,
2026-10-01,selecciones,Greece,Netherlands,Noa Lang,NED,tot,2.5,3.2,3.2,2026-09-30T02:05:03Z,,
2026-10-01,selecciones,Greece,Netherlands,Panagiotis Retsos,GRE,on,0.5,5.0,5.0,2026-09-30T02:05:03Z,,
2026-10-01,selecciones,Greece,Netherlands,Panagiotis Retsos,GRE,tot,0.5,2.25,2.25,2026-09-30T02:05:03Z,,
2026-10-01,selecciones,Greece,Netherlands,Panagiotis Retsos,GRE,tot,1.5,7.0,7.0,2026-09-30T02:05:03Z,,
2026-10-01,selecciones,Greece,Netherlands,Quinten Timber,NED,on,0.5,2.5455,2.6667,2026-09-30T02:05:03Z,,
2026-10-01,selecciones,Greece,Netherlands,Quinten Timber,NED,on,1.5,10.0,11.0,2026-09-30T02:05:03Z,,
2026-10-01,selecciones,Greece,Netherlands,Quinten Timber,NED,tot,0.5,1.2728,1.2308,2026-09-30T02:05:03Z,,
2026-10-01,selecciones,Greece,Netherlands,Quinten Timber,NED,tot,1.5,2.3,2.1429,2026-09-30T02:05:03Z,,
2026-10-01,selecciones,Greece,Netherlands,Quinten Timber,NED,tot,2.5,5.0,4.5,2026-09-30T02:05:03Z,,
2026-10-01,selecciones,Greece,Netherlands,Ruben van Bommel,NED,on,0.5,1.6154,1.5455,2026-09-30T02:05:03Z,,
2026-10-01,selecciones,Greece,Netherlands,Ruben van Bommel,NED,on,1.5,4.25,4.0,2026-09-30T02:05:03Z,,
2026-10-01,selecciones,Greece,Netherlands,Ruben van Bommel,NED,tot,1.5,1.4546,1.1819,2026-09-30T02:05:03Z,,
2026-10-01,selecciones,Greece,Netherlands,Ruben van Bommel,NED,tot,2.5,2.3637,1.6154,2026-09-30T02:05:03Z,,
2026-10-01,selecciones,Greece,Netherlands,Ruben van Bommel,NED,tot,3.5,4.25,2.6,2026-09-30T02:05:03Z,,
2026-10-01,selecciones,Greece,Netherlands,Ryan Gravenberch,NED,on,0.5,3.5,3.2,2026-09-30T02:05:03Z,,
2026-10-01,selecciones,Greece,Netherlands,Ryan Gravenberch,NED,on,1.5,19.0,17.0,2026-09-30T02:05:03Z,,
2026-10-01,selecciones,Greece,Netherlands,Ryan Gravenberch,NED,tot,0.5,1.4,1.52,2026-09-30T02:05:03Z,,
2026-10-01,selecciones,Greece,Netherlands,Ryan Gravenberch,NED,tot,1.5,2.9,3.5,2026-09-30T02:05:03Z,,
2026-10-01,selecciones,Greece,Netherlands,Teun Koopmeiners,NED,on,0.5,2.1,2.0,2026-09-30T02:05:03Z,,
2026-10-01,selecciones,Greece,Netherlands,Teun Koopmeiners,NED,on,1.5,7.5,6.5,2026-09-30T02:05:03Z,,
2026-10-01,selecciones,Greece,Netherlands,Teun Koopmeiners,NED,tot,0.5,1.1539,1.1429,2026-09-30T02:05:03Z,,
2026-10-01,selecciones,Greece,Netherlands,Teun Koopmeiners,NED,tot,1.5,1.85,1.8182,2026-09-30T02:05:03Z,,
2026-10-01,selecciones,Greece,Netherlands,Teun Koopmeiners,NED,tot,2.5,3.5,3.4,2026-09-30T02:05:03Z,,
2026-10-01,selecciones,Greece,Netherlands,Thanasis Androutsos,GRE,on,0.5,3.6,3.6,2026-09-30T02:05:03Z,,
2026-10-01,selecciones,Greece,Netherlands,Thanasis Androutsos,GRE,on,1.5,20.0,20.0,2026-09-30T02:05:03Z,,
2026-10-01,selecciones,Greece,Netherlands,Thanasis Androutsos,GRE,tot,0.5,1.7778,1.7143,2026-09-30T02:05:03Z,,
2026-10-01,selecciones,Greece,Netherlands,Thanasis Androutsos,GRE,tot,1.5,4.5,4.25,2026-09-30T02:05:03Z,,
2026-10-01,selecciones,Greece,Netherlands,Tijjani Reijnders,NED,on,0.5,1.8,1.75,2026-09-30T02:05:03Z,,
2026-10-01,selecciones,Greece,Netherlands,Tijjani Reijnders,NED,on,1.5,5.0,5.0,2026-09-30T02:05:03Z,,
2026-10-01,selecciones,Greece,Netherlands,Tijjani Reijnders,NED,tot,0.5,1.06,1.06,2026-09-28T18:59:19Z,,
2026-10-01,selecciones,Greece,Netherlands,Tijjani Reijnders,NED,tot,1.5,1.52,1.4546,2026-09-30T02:05:03Z,,
2026-10-01,selecciones,Greece,Netherlands,Tijjani Reijnders,NED,tot,2.5,2.6,2.4,2026-09-30T02:05:03Z,,
2026-10-01,selecciones,Greece,Netherlands,Tijjani Reijnders,NED,tot,3.5,4.0,4.5,2026-09-30T02:05:03Z,,
2026-10-01,selecciones,Greece,Netherlands,Vangelis Pavlidis,GRE,on,0.5,1.4,1.35,2026-09-30T02:05:03Z,,
2026-10-01,selecciones,Greece,Netherlands,Vangelis Pavlidis,GRE,on,1.5,3.1,2.9,2026-09-30T02:05:03Z,,
2026-10-01,selecciones,Greece,Netherlands,Vangelis Pavlidis,GRE,tot,1.5,1.2223,1.2,2026-09-30T02:05:03Z,,
2026-10-01,selecciones,Greece,Netherlands,Vangelis Pavlidis,GRE,tot,2.5,1.4546,1.7,2026-09-30T02:05:03Z,,
2026-10-01,selecciones,Greece,Netherlands,Vangelis Pavlidis,GRE,tot,3.5,2.1429,2.7143,2026-09-30T02:05:03Z,,
2026-10-01,selecciones,Greece,Netherlands,Vangelis Pavlidis,GRE,tot,4.5,3.6,3.5,2026-09-29T09:20:45Z,,
2026-10-01,selecciones,Greece,Netherlands,Virgil van Dijk,NED,on,0.5,2.9,2.6,2026-09-30T02:05:03Z,,
2026-10-01,selecciones,Greece,Netherlands,Virgil van Dijk,NED,on,1.5,13.0,11.0,2026-09-30T02:05:03Z,,
2026-10-01,selecciones,Greece,Netherlands,Virgil van Dijk,NED,tot,0.5,1.4546,1.4,2026-09-30T02:05:03Z,,
2026-10-01,selecciones,Greece,Netherlands,Virgil van Dijk,NED,tot,1.5,3.2,2.8572,2026-09-30T02:05:03Z,,
2026-10-01,selecciones,Republic of Ireland,Austria,Adam Idah,IRL,on,0.5,1.3847,1.3847,2026-09-30T02:05:03Z,,
2026-10-01,selecciones,Republic of Ireland,Austria,Adam Idah,IRL,on,1.5,3.0,3.0,2026-09-30T02:05:03Z,,
2026-10-01,selecciones,Republic of Ireland,Austria,Adam Idah,IRL,on,2.5,7.0,7.0,2026-09-29T23:38:12Z,,
2026-10-01,selecciones,Republic of Ireland,Austria,Adam Idah,IRL,tot,1.5,1.1819,1.1819,2026-09-30T01:14:23Z,,
2026-10-01,selecciones,Republic of Ireland,Austria,Adam Idah,IRL,tot,2.5,1.6471,1.4167,2026-09-30T02:05:03Z,,
2026-10-01,selecciones,Republic of Ireland,Austria,Adam Idah,IRL,tot,3.5,2.6,2.1,2026-09-30T02:05:03Z,,
2026-10-01,selecciones,Republic of Ireland,Austria,Adam Idah,IRL,tot,4.5,3.4,3.4,2026-09-30T02:05:03Z,,
2026-10-01,selecciones,Republic of Ireland,Austria,Alexander Prass,AUT,on,0.5,2.9,3.0,2026-09-30T02:05:03Z,,
2026-10-01,selecciones,Republic of Ireland,Austria,Alexander Prass,AUT,on,1.5,13.0,14.0,2026-09-30T02:05:03Z,,
2026-10-01,selecciones,Republic of Ireland,Austria,Alexander Prass,AUT,tot,0.5,1.4546,1.4546,2026-09-30T02:05:03Z,,
2026-10-01,selecciones,Republic of Ireland,Austria,Alexander Prass,AUT,tot,1.5,3.1,3.2,2026-09-30T02:05:03Z,,
2026-10-01,selecciones,Republic of Ireland,Austria,Carney Chukwuemeka,AUT,on,0.5,2.1,2.1429,2026-09-30T02:05:03Z,,
2026-10-01,selecciones,Republic of Ireland,Austria,Carney Chukwuemeka,AUT,on,1.5,7.5,7.5,2026-09-30T02:05:03Z,,
2026-10-01,selecciones,Republic of Ireland,Austria,Carney Chukwuemeka,AUT,tot,0.5,1.1,1.1,2026-09-30T02:05:03Z,,
2026-10-01,selecciones,Republic of Ireland,Austria,Carney Chukwuemeka,AUT,tot,1.5,1.6471,1.6471,2026-09-30T02:05:03Z,,
2026-10-01,selecciones,Republic of Ireland,Austria,Carney Chukwuemeka,AUT,tot,2.5,3.0,3.0,2026-09-30T02:05:03Z,,
2026-10-01,selecciones,Republic of Ireland,Austria,Chiedozie Ogbene,IRL,on,0.5,1.85,1.85,2026-09-30T02:05:03Z,,
2026-10-01,selecciones,Republic of Ireland,Austria,Chiedozie Ogbene,IRL,on,1.5,5.5,5.5,2026-09-30T02:05:03Z,,
2026-10-01,selecciones,Republic of Ireland,Austria,Chiedozie Ogbene,IRL,tot,0.5,1.1,1.1,2026-09-30T02:05:03Z,,
2026-10-01,selecciones,Republic of Ireland,Austria,Chiedozie Ogbene,IRL,tot,1.5,1.68,1.68,2026-09-30T02:05:03Z,,
2026-10-01,selecciones,Republic of Ireland,Austria,Chiedozie Ogbene,IRL,tot,2.5,3.0,3.0,2026-09-30T02:05:03Z,,
2026-10-01,selecciones,Republic of Ireland,Austria,Christoph Lang,AUT,on,0.5,1.5455,1.5834,2026-09-30T02:05:03Z,,
2026-10-01,selecciones,Republic of Ireland,Austria,Christoph Lang,AUT,on,1.5,4.0,4.0,2026-09-30T02:05:03Z,,
2026-10-01,selecciones,Republic of Ireland,Austria,Christoph Lang,AUT,tot,1.5,1.4167,1.4167,2026-09-30T02:05:03Z,,
2026-10-01,selecciones,Republic of Ireland,Austria,Christoph Lang,AUT,tot,2.5,2.3,2.3,2026-09-30T02:05:03Z,,
2026-10-01,selecciones,Republic of Ireland,Austria,Christoph Lang,AUT,tot,3.5,4.25,4.25,2026-09-30T02:05:03Z,,
2026-10-01,selecciones,Republic of Ireland,Austria,Chukwubuike Adamu,AUT,on,0.5,1.6471,1.6,2026-09-30T02:05:03Z,,
2026-10-01,selecciones,Republic of Ireland,Austria,Chukwubuike Adamu,AUT,on,1.5,4.25,4.0,2026-09-30T02:05:03Z,,
2026-10-01,selecciones,Republic of Ireland,Austria,Chukwubuike Adamu,AUT,tot,0.5,1.06,1.06,2026-09-30T02:05:03Z,,
2026-10-01,selecciones,Republic of Ireland,Austria,Chukwubuike Adamu,AUT,tot,1.5,1.5,1.52,2026-09-30T02:05:03Z,,
2026-10-01,selecciones,Republic of Ireland,Austria,Chukwubuike Adamu,AUT,tot,2.5,2.5455,2.6,2026-09-30T02:05:03Z,,
2026-10-01,selecciones,Republic of Ireland,Austria,Chukwubuike Adamu,AUT,tot,3.5,4.0,4.0,2026-09-29T23:38:12Z,,
2026-10-01,selecciones,Republic of Ireland,Austria,Conor Coventry,IRL,on,0.5,6.0,6.0,2026-09-30T02:05:03Z,,
2026-10-01,selecciones,Republic of Ireland,Austria,Conor Coventry,IRL,tot,0.5,2.3,2.3637,2026-09-30T02:05:03Z,,
2026-10-01,selecciones,Republic of Ireland,Austria,Conor Coventry,IRL,tot,1.5,7.5,7.5,2026-09-30T02:05:03Z,,
2026-10-01,selecciones,Republic of Ireland,Austria,Dara O'Shea,IRL,on,0.5,4.25,4.25,2026-09-30T02:05:03Z,,
2026-10-01,selecciones,Republic of Ireland,Austria,Dara O'Shea,IRL,tot,0.5,2.0,2.0,2026-09-30T02:05:03Z,,
2026-10-01,selecciones,Republic of Ireland,Austria,Dara O'Shea,IRL,tot,1.5,6.0,6.0,2026-09-30T02:05:03Z,,
2026-10-01,selecciones,Republic of Ireland,Austria,David Affengruber,AUT,on,0.5,4.5,4.5,2026-09-29T23:38:12Z,,
2026-10-01,selecciones,Republic of Ireland,Austria,David Affengruber,AUT,tot,0.5,1.9,1.95,2026-09-29T23:38:12Z,,
2026-10-01,selecciones,Republic of Ireland,Austria,David Affengruber,AUT,tot,1.5,5.5,5.5,2026-09-29T23:38:12Z,,
2026-10-01,selecciones,Republic of Ireland,Austria,Felix Bacher,AUT,on,0.5,4.0,4.0,2026-09-30T02:05:03Z,,
2026-10-01,selecciones,Republic of Ireland,Austria,Felix Bacher,AUT,tot,0.5,1.9,1.9,2026-09-30T02:05:03Z,,
2026-10-01,selecciones,Republic of Ireland,Austria,Felix Bacher,AUT,tot,1.5,5.0,5.0,2026-09-30T02:05:03Z,,
2026-10-01,selecciones,Republic of Ireland,Austria,Finn Azaz,IRL,on,0.5,1.875,1.875,2026-09-30T02:05:03Z,,
2026-10-01,selecciones,Republic of Ireland,Austria,Finn Azaz,IRL,on,1.5,5.5,5.5,2026-09-30T02:05:03Z,,
2026-10-01,selecciones,Republic of Ireland,Austria,Finn Azaz,IRL,tot,0.5,1.05,1.05,2026-09-30T02:05:03Z,,
2026-10-01,selecciones,Republic of Ireland,Austria,Finn Azaz,IRL,tot,1.5,1.48,1.48,2026-09-30T02:05:03Z,,
2026-10-01,selecciones,Republic of Ireland,Austria,Finn Azaz,IRL,tot,2.5,2.4546,2.4546,2026-09-30T02:05:03Z,,
2026-10-01,selecciones,Republic of Ireland,Austria,Finn Azaz,IRL,tot,3.5,4.25,4.25,2026-09-29T23:38:12Z,,
2026-10-01,selecciones,Republic of Ireland,Austria,Jack Moylan,IRL,on,0.5,1.8,1.8,2026-09-30T02:05:03Z,,
2026-10-01,selecciones,Republic of Ireland,Austria,Jack Moylan,IRL,on,1.5,5.0,5.0,2026-09-30T02:05:03Z,,
2026-10-01,selecciones,Republic of Ireland,Austria,Jack Moylan,IRL,tot,0.5,1.06,1.06,2026-09-30T02:05:03Z,,
2026-10-01,selecciones,Republic of Ireland,Austria,Jack Moylan,IRL,tot,1.5,1.5,1.5,2026-09-30T02:05:03Z,,
2026-10-01,selecciones,Republic of Ireland,Austria,Jack Moylan,IRL,tot,2.5,2.5455,2.5455,2026-09-30T02:05:03Z,,
2026-10-01,selecciones,Republic of Ireland,Austria,Jake O'brien,IRL,on,0.5,4.25,4.25,2026-09-30T02:05:03Z,,
2026-10-01,selecciones,Republic of Ireland,Austria,Jake O'brien,IRL,tot,0.5,2.0,2.0,2026-09-30T02:05:03Z,,
2026-10-01,selecciones,Republic of Ireland,Austria,Jake O'brien,IRL,tot,1.5,5.5,5.5,2026-09-30T02:05:03Z,,
2026-10-01,selecciones,Republic of Ireland,Austria,James Abankwah,IRL,on,0.5,7.0,7.0,2026-09-30T02:05:03Z,,
2026-10-01,selecciones,Republic of Ireland,Austria,James Abankwah,IRL,tot,0.5,2.8572,2.8572,2026-09-30T02:05:03Z,,
2026-10-01,selecciones,Republic of Ireland,Austria,James Abankwah,IRL,tot,1.5,11.0,11.0,2026-09-30T02:05:03Z,,
2026-10-01,selecciones,Republic of Ireland,Austria,James Gerard Dunne,IRL,on,0.5,5.0,5.0,2026-09-30T01:14:23Z,,
2026-10-01,selecciones,Republic of Ireland,Austria,James Gerard Dunne,IRL,tot,0.5,2.25,2.25,2026-09-30T01:14:23Z,,
2026-10-01,selecciones,Republic of Ireland,Austria,James Gerard Dunne,IRL,tot,1.5,7.0,7.0,2026-09-30T01:14:23Z,,
2026-10-01,selecciones,Republic of Ireland,Austria,Jason Knight,IRL,on,0.5,2.7143,2.7143,2026-09-30T02:05:03Z,,
2026-10-01,selecciones,Republic of Ireland,Austria,Jason Knight,IRL,on,1.5,11.0,11.0,2026-09-30T02:05:03Z,,
2026-10-01,selecciones,Republic of Ireland,Austria,Jason Knight,IRL,tot,0.5,1.2858,1.2858,2026-09-30T02:05:03Z,,
2026-10-01,selecciones,Republic of Ireland,Austria,Jason Knight,IRL,tot,1.5,2.4,2.4,2026-09-30T02:05:03Z,,
2026-10-01,selecciones,Republic of Ireland,Austria,Jason Knight,IRL,tot,2.5,5.0,5.0,2026-09-30T02:05:03Z,,
2026-10-01,selecciones,Republic of Ireland,Austria,Jayson Molumby,IRL,on,0.5,3.4,3.4,2026-09-30T02:05:03Z,,
2026-10-01,selecciones,Republic of Ireland,Austria,Jayson Molumby,IRL,on,1.5,18.0,18.0,2026-09-30T02:05:03Z,,
2026-10-01,selecciones,Republic of Ireland,Austria,Jayson Molumby,IRL,tot,0.5,1.5834,1.5834,2026-09-30T02:05:03Z,,
2026-10-01,selecciones,Republic of Ireland,Austria,Jayson Molumby,IRL,tot,1.5,3.6667,3.6667,2026-09-30T02:05:03Z,,
2026-10-01,selecciones,Republic of Ireland,Austria,Joel Matthew Bagan,IRL,on,0.5,5.5,5.5,2026-09-30T01:14:23Z,,
2026-10-01,selecciones,Republic of Ireland,Austria,Joel Matthew Bagan,IRL,tot,0.5,2.5,2.5,2026-09-30T01:14:23Z,,
2026-10-01,selecciones,Republic of Ireland,Austria,Joel Matthew Bagan,IRL,tot,1.5,9.0,9.0,2026-09-30T01:14:23Z,,
2026-10-01,selecciones,Republic of Ireland,Austria,John Egan,IRL,on,0.5,5.0,5.0,2026-09-30T02:05:03Z,,
2026-10-01,selecciones,Republic of Ireland,Austria,John Egan,IRL,tot,0.5,2.05,2.05,2026-09-30T02:05:03Z,,
2026-10-01,selecciones,Republic of Ireland,Austria,John Egan,IRL,tot,1.5,6.0,6.0,2026-09-30T02:05:03Z,,
2026-10-01,selecciones,Republic of Ireland,Austria,Kevin Danso,AUT,on,0.5,5.0,5.0,2026-09-30T02:05:03Z,,
2026-10-01,selecciones,Republic of Ireland,Austria,Kevin Danso,AUT,tot,0.5,2.1,2.1429,2026-09-30T02:05:03Z,,
2026-10-01,selecciones,Republic of Ireland,Austria,Kevin Danso,AUT,tot,1.5,6.5,6.5,2026-09-30T02:05:03Z,,
2026-10-01,selecciones,Republic of Ireland,Austria,Killian Phillips,IRL,on,0.5,2.8572,2.8572,2026-09-30T02:05:03Z,,
2026-10-01,selecciones,Republic of Ireland,Austria,Killian Phillips,IRL,on,1.5,13.0,13.0,2026-09-30T02:05:03Z,,
2026-10-01,selecciones,Republic of Ireland,Austria,Killian Phillips,IRL,tot,0.5,1.4,1.4,2026-09-30T02:05:03Z,,
2026-10-01,selecciones,Republic of Ireland,Austria,Killian Phillips,IRL,tot,1.5,2.8572,2.8572,2026-09-30T02:05:03Z,,
2026-10-01,selecciones,Republic of Ireland,Austria,Liam Kitching,IRL,on,0.5,4.25,4.25,2026-09-30T02:05:03Z,,
2026-10-01,selecciones,Republic of Ireland,Austria,Liam Kitching,IRL,tot,0.5,1.7143,1.7143,2026-09-30T02:05:03Z,,
2026-10-01,selecciones,Republic of Ireland,Austria,Liam Kitching,IRL,tot,1.5,4.25,4.25,2026-09-30T02:05:03Z,,
2026-10-01,selecciones,Republic of Ireland,Austria,Liam Scales,IRL,on,0.5,5.5,5.5,2026-09-30T02:05:03Z,,
2026-10-01,selecciones,Republic of Ireland,Austria,Liam Scales,IRL,tot,0.5,2.4,2.4,2026-09-30T02:05:03Z,,
2026-10-01,selecciones,Republic of Ireland,Austria,Liam Scales,IRL,tot,1.5,8.0,8.0,2026-09-30T02:05:03Z,,
2026-10-01,selecciones,Republic of Ireland,Austria,Marco Friedl,AUT,on,0.5,6.0,6.0,2026-09-30T02:05:03Z,,
2026-10-01,selecciones,Republic of Ireland,Austria,Marco Friedl,AUT,tot,0.5,2.6,2.6,2026-09-30T02:05:03Z,,
2026-10-01,selecciones,Republic of Ireland,Austria,Marco Friedl,AUT,tot,1.5,9.5,9.5,2026-09-30T02:05:03Z,,
2026-10-01,selecciones,Republic of Ireland,Austria,Marco Grull,AUT,on,0.5,1.5455,1.5455,2026-09-30T02:05:03Z,,
2026-10-01,selecciones,Republic of Ireland,Austria,Marco Grull,AUT,on,1.5,3.8,4.0,2026-09-30T02:05:03Z,,
2026-10-01,selecciones,Republic of Ireland,Austria,Marco Grull,AUT,tot,1.5,1.32,1.32,2026-09-30T02:05:03Z,,
2026-10-01,selecciones,Republic of Ireland,Austria,Marco Grull,AUT,tot,2.5,2.05,2.05,2026-09-30T02:05:03Z,,
2026-10-01,selecciones,Republic of Ireland,Austria,Marco Grull,AUT,tot,3.5,3.6,3.6,2026-09-30T02:05:03Z,,
2026-10-01,selecciones,Republic of Ireland,Austria,Maximilian Wober,AUT,on,0.5,4.25,4.25,2026-09-30T02:05:03Z,,
2026-10-01,selecciones,Republic of Ireland,Austria,Maximilian Wober,AUT,tot,0.5,1.7778,1.7778,2026-09-30T02:05:03Z,,
2026-10-01,selecciones,Republic of Ireland,Austria,Maximilian Wober,AUT,tot,1.5,4.5,4.75,2026-09-30T02:05:03Z,,
2026-10-01,selecciones,Republic of Ireland,Austria,Michael Gregoritsch,AUT,on,0.5,1.3847,1.3847,2026-09-30T02:05:03Z,,
2026-10-01,selecciones,Republic of Ireland,Austria,Michael Gregoritsch,AUT,on,1.5,3.0,3.0,2026-09-30T02:05:03Z,,
2026-10-01,selecciones,Republic of Ireland,Austria,Michael Gregoritsch,AUT,tot,1.5,1.2223,1.2223,2026-09-30T02:05:03Z,,
2026-10-01,selecciones,Republic of Ireland,Austria,Michael Gregoritsch,AUT,tot,2.5,1.75,1.75,2026-09-30T02:05:03Z,,
2026-10-01,selecciones,Republic of Ireland,Austria,Michael Gregoritsch,AUT,tot,3.5,2.8,2.8572,2026-09-30T02:05:03Z,,
2026-10-01,selecciones,Republic of Ireland,Austria,Mohammed Olabosun Lawal,IRL,on,0.5,3.3334,3.3334,2026-09-30T02:05:03Z,,
2026-10-01,selecciones,Republic of Ireland,Austria,Mohammed Olabosun Lawal,IRL,on,1.5,17.0,17.0,2026-09-30T02:05:03Z,,
2026-10-01,selecciones,Republic of Ireland,Austria,Mohammed Olabosun Lawal,IRL,tot,0.5,1.5,1.5,2026-09-30T02:05:03Z,,
2026-10-01,selecciones,Republic of Ireland,Austria,Mohammed Olabosun Lawal,IRL,tot,1.5,3.3334,3.3334,2026-09-30T02:05:03Z,,
2026-10-01,selecciones,Republic of Ireland,Austria,Nicolas Seiwald,AUT,on,0.5,5.5,5.5,2026-09-30T02:05:03Z,,
2026-10-01,selecciones,Republic of Ireland,Austria,Nicolas Seiwald,AUT,tot,0.5,2.3637,2.3637,2026-09-30T02:05:03Z,,
2026-10-01,selecciones,Republic of Ireland,Austria,Nicolas Seiwald,AUT,tot,1.5,7.5,7.5,2026-09-30T02:05:03Z,,
2026-10-01,selecciones,Republic of Ireland,Austria,Nikolas Veratschnig,AUT,on,0.5,3.5,3.6,2026-09-30T02:05:03Z,,
2026-10-01,selecciones,Republic of Ireland,Austria,Nikolas Veratschnig,AUT,on,1.5,19.0,20.0,2026-09-30T02:05:03Z,,
2026-10-01,selecciones,Republic of Ireland,Austria,Nikolas Veratschnig,AUT,tot,0.5,1.7,1.7,2026-09-30T02:05:03Z,,
2026-10-01,selecciones,Republic of Ireland,Austria,Nikolas Veratschnig,AUT,tot,1.5,4.25,4.25,2026-09-30T02:05:03Z,,
2026-10-01,selecciones,Republic of Ireland,Austria,Owen Elding,IRL,on,0.5,1.6,1.6,2026-09-30T02:05:03Z,,
2026-10-01,selecciones,Republic of Ireland,Austria,Owen Elding,IRL,on,1.5,4.0,4.0,2026-09-30T02:05:03Z,,
2026-10-01,selecciones,Republic of Ireland,Austria,Owen Elding,IRL,tot,1.5,1.3847,1.3847,2026-09-30T02:05:03Z,,
2026-10-01,selecciones,Republic of Ireland,Austria,Owen Elding,IRL,tot,2.5,2.2,2.2,2026-09-30T02:05:03Z,,
2026-10-01,selecciones,Republic of Ireland,Austria,Owen Elding,IRL,tot,3.5,4.0,4.0,2026-09-30T02:05:03Z,,
2026-10-01,selecciones,Republic of Ireland,Austria,Patrick Wimmer,AUT,on,0.5,2.1,2.1,2026-09-30T02:05:03Z,,
2026-10-01,selecciones,Republic of Ireland,Austria,Patrick Wimmer,AUT,on,1.5,7.5,7.5,2026-09-30T02:05:03Z,,
2026-10-01,selecciones,Republic of Ireland,Austria,Patrick Wimmer,AUT,tot,0.5,1.1667,1.1667,2026-09-30T02:05:03Z,,
2026-10-01,selecciones,Republic of Ireland,Austria,Patrick Wimmer,AUT,tot,1.5,1.9,1.9,2026-09-30T02:05:03Z,,
2026-10-01,selecciones,Republic of Ireland,Austria,Patrick Wimmer,AUT,tot,2.5,3.8,3.8,2026-09-30T02:05:03Z,,
2026-10-01,selecciones,Republic of Ireland,Austria,Paul Wanner,AUT,on,0.5,2.6667,2.6667,2026-09-30T02:05:03Z,,
2026-10-01,selecciones,Republic of Ireland,Austria,Paul Wanner,AUT,on,1.5,11.0,11.0,2026-09-30T02:05:03Z,,
2026-10-01,selecciones,Republic of Ireland,Austria,Paul Wanner,AUT,tot,0.5,1.3847,1.3847,2026-09-30T02:05:03Z,,
2026-10-01,selecciones,Republic of Ireland,Austria,Paul Wanner,AUT,tot,1.5,2.8,2.8,2026-09-30T02:05:03Z,,
2026-10-01,selecciones,Republic of Ireland,Austria,Philipp Lienhart,AUT,on,0.5,6.0,6.0,2026-09-30T02:05:03Z,,
2026-10-01,selecciones,Republic of Ireland,Austria,Philipp Lienhart,AUT,tot,0.5,2.4546,2.4546,2026-09-30T02:05:03Z,,
2026-10-01,selecciones,Republic of Ireland,Austria,Philipp Lienhart,AUT,tot,1.5,8.5,8.5,2026-09-30T02:05:03Z,,
2026-10-01,selecciones,Republic of Ireland,Austria,Philipp Mwene,AUT,on,0.5,4.0,4.0,2026-09-30T02:05:03Z,,
2026-10-01,selecciones,Republic of Ireland,Austria,Philipp Mwene,AUT,tot,0.5,1.6154,1.6471,2026-09-30T02:05:03Z,,
2026-10-01,selecciones,Republic of Ireland,Austria,Philipp Mwene,AUT,tot,1.5,4.0,4.0,2026-09-30T02:05:03Z,,
2026-10-01,selecciones,Republic of Ireland,Austria,Rocco Vata,IRL,on,0.5,1.95,1.95,2026-09-30T02:05:03Z,,
2026-10-01,selecciones,Republic of Ireland,Austria,Rocco Vata,IRL,on,1.5,6.0,6.0,2026-09-30T02:05:03Z,,
2026-10-01,selecciones,Republic of Ireland,Austria,Rocco Vata,IRL,tot,0.5,1.1429,1.1429,2026-09-30T02:05:03Z,,
2026-10-01,selecciones,Republic of Ireland,Austria,Rocco Vata,IRL,tot,1.5,1.8,1.8,2026-09-30T02:05:03Z,,
2026-10-01,selecciones,Republic of Ireland,Austria,Rocco Vata,IRL,tot,2.5,3.4,3.4,2026-09-30T02:05:03Z,,
2026-10-01,selecciones,Republic of Ireland,Austria,Romano Schmid,AUT,on,0.5,1.5834,1.5834,2026-09-30T02:05:03Z,,
2026-10-01,selecciones,Republic of Ireland,Austria,Romano Schmid,AUT,on,1.5,4.0,4.0,2026-09-30T02:05:03Z,,
2026-10-01,selecciones,Republic of Ireland,Austria,Romano Schmid,AUT,tot,1.5,1.2308,1.2308,2026-09-30T02:05:03Z,,
2026-10-01,selecciones,Republic of Ireland,Austria,Romano Schmid,AUT,tot,2.5,1.8,1.8,2026-09-30T02:05:03Z,,
2026-10-01,selecciones,Republic of Ireland,Austria,Romano Schmid,AUT,tot,3.5,3.0,3.0,2026-09-30T02:05:03Z,,
2026-10-01,selecciones,Republic of Ireland,Austria,Ryan Manning,IRL,on,0.5,3.0,3.0,2026-09-30T02:05:03Z,,
2026-10-01,selecciones,Republic of Ireland,Austria,Ryan Manning,IRL,on,1.5,14.0,14.0,2026-09-30T02:05:03Z,,
2026-10-01,selecciones,Republic of Ireland,Austria,Ryan Manning,IRL,tot,0.5,1.4,1.4,2026-09-30T02:05:03Z,,
2026-10-01,selecciones,Republic of Ireland,Austria,Ryan Manning,IRL,tot,1.5,2.9,2.9,2026-09-30T02:05:03Z,,
2026-10-01,selecciones,Republic of Ireland,Austria,Sasa Kalajdzic,AUT,on,0.5,1.4167,1.4167,2026-09-30T02:05:03Z,,
2026-10-01,selecciones,Republic of Ireland,Austria,Sasa Kalajdzic,AUT,on,1.5,3.2,3.2,2026-09-30T02:05:03Z,,
2026-10-01,selecciones,Republic of Ireland,Austria,Sasa Kalajdzic,AUT,tot,1.5,1.25,1.25,2026-09-30T02:05:03Z,,
2026-10-01,selecciones,Republic of Ireland,Austria,Sasa Kalajdzic,AUT,tot,2.5,1.85,1.85,2026-09-30T02:05:03Z,,
2026-10-01,selecciones,Republic of Ireland,Austria,Sasa Kalajdzic,AUT,tot,3.5,3.1,3.1,2026-09-30T02:05:03Z,,
2026-10-01,selecciones,Republic of Ireland,Austria,Sascha Horvath,AUT,on,0.5,2.25,2.25,2026-09-30T02:05:03Z,,
2026-10-01,selecciones,Republic of Ireland,Austria,Sascha Horvath,AUT,on,1.5,8.0,8.0,2026-09-30T02:05:03Z,,
2026-10-01,selecciones,Republic of Ireland,Austria,Sascha Horvath,AUT,tot,0.5,1.1819,1.1819,2026-09-30T02:05:03Z,,
2026-10-01,selecciones,Republic of Ireland,Austria,Sascha Horvath,AUT,tot,1.5,1.95,1.95,2026-09-30T02:05:03Z,,
2026-10-01,selecciones,Republic of Ireland,Austria,Sascha Horvath,AUT,tot,2.5,4.0,4.0,2026-09-30T02:05:03Z,,
2026-10-01,selecciones,Republic of Ireland,Austria,Stefan Posch,AUT,on,0.5,4.5,4.5,2026-09-30T01:14:23Z,,
2026-10-01,selecciones,Republic of Ireland,Austria,Stefan Posch,AUT,tot,0.5,1.875,1.875,2026-09-30T01:14:23Z,,
2026-10-01,selecciones,Republic of Ireland,Austria,Stefan Posch,AUT,tot,1.5,5.0,5.0,2026-09-30T01:14:23Z,,
2026-10-01,selecciones,Republic of Ireland,Austria,Thomas Cannon,IRL,on,0.5,1.5455,1.5455,2026-09-30T02:05:03Z,,
2026-10-01,selecciones,Republic of Ireland,Austria,Thomas Cannon,IRL,on,1.5,4.0,4.0,2026-09-30T02:05:03Z,,
2026-10-01,selecciones,Republic of Ireland,Austria,Thomas Cannon,IRL,tot,1.5,1.35,1.35,2026-09-30T02:05:03Z,,
2026-10-01,selecciones,Republic of Ireland,Austria,Thomas Cannon,IRL,tot,2.5,2.1,2.1,2026-09-30T02:05:03Z,,
2026-10-01,selecciones,Republic of Ireland,Austria,Thomas Cannon,IRL,tot,3.5,3.8,3.8,2026-09-30T02:05:03Z,,
2026-10-01,selecciones,Republic of Ireland,Austria,Troy Parrott,IRL,on,0.5,1.4546,1.4546,2026-09-30T02:05:03Z,,
2026-10-01,selecciones,Republic of Ireland,Austria,Troy Parrott,IRL,on,1.5,3.4,3.4,2026-09-30T02:05:03Z,,
2026-10-01,selecciones,Republic of Ireland,Austria,Troy Parrott,IRL,tot,1.5,1.2728,1.2728,2026-09-30T02:05:03Z,,
2026-10-01,selecciones,Republic of Ireland,Austria,Troy Parrott,IRL,tot,2.5,1.875,1.875,2026-09-30T02:05:03Z,,
2026-10-01,selecciones,Republic of Ireland,Austria,Troy Parrott,IRL,tot,3.5,3.2,3.2,2026-09-30T02:05:03Z,,
2026-10-01,selecciones,Republic of Ireland,Austria,Vasilije Markovic,AUT,on,0.5,2.8,2.8572,2026-09-30T02:05:03Z,,
2026-10-01,selecciones,Republic of Ireland,Austria,Vasilije Markovic,AUT,on,1.5,12.0,13.0,2026-09-30T02:05:03Z,,
2026-10-01,selecciones,Republic of Ireland,Austria,Vasilije Markovic,AUT,tot,0.5,1.1819,1.2,2026-09-30T02:05:03Z,,
2026-10-01,selecciones,Republic of Ireland,Austria,Vasilije Markovic,AUT,tot,1.5,1.95,2.05,2026-09-30T02:05:03Z,,
2026-10-01,selecciones,Republic of Ireland,Austria,Vasilije Markovic,AUT,tot,2.5,4.0,4.0,2026-09-30T02:05:03Z,,
2026-10-01,selecciones,Republic of Ireland,Austria,Xaver Schlager,AUT,on,0.5,3.6,3.6,2026-09-30T02:05:03Z,,
2026-10-01,selecciones,Republic of Ireland,Austria,Xaver Schlager,AUT,on,1.5,20.0,20.0,2026-09-30T02:05:03Z,,
2026-10-01,selecciones,Republic of Ireland,Austria,Xaver Schlager,AUT,tot,0.5,1.52,1.52,2026-09-30T02:05:03Z,,
2026-10-01,selecciones,Republic of Ireland,Austria,Xaver Schlager,AUT,tot,1.5,3.4,3.4,2026-09-30T02:05:03Z,,
2026-10-01,selecciones,Wales,Norway,Andreas Raedergard Schjelderup,NOR,on,0.5,1.6471,1.6154,2026-09-30T02:05:03Z,,
2026-10-01,selecciones,Wales,Norway,Andreas Raedergard Schjelderup,NOR,on,1.5,4.5,4.25,2026-09-30T02:05:03Z,,
2026-10-01,selecciones,Wales,Norway,Andreas Raedergard Schjelderup,NOR,tot,1.5,1.4546,1.4546,2026-09-30T02:05:03Z,,
2026-10-01,selecciones,Wales,Norway,Andreas Raedergard Schjelderup,NOR,tot,2.5,2.4,2.3637,2026-09-30T02:05:03Z,,
2026-10-01,selecciones,Wales,Norway,Andreas Raedergard Schjelderup,NOR,tot,3.5,4.5,4.25,2026-09-30T02:05:03Z,,
2026-10-01,selecciones,Wales,Norway,Antonio Nusa,NOR,on,0.5,1.5455,1.4546,2026-09-30T02:05:03Z,,
2026-10-01,selecciones,Wales,Norway,Antonio Nusa,NOR,on,1.5,3.8,3.3334,2026-09-30T02:05:03Z,,
2026-10-01,selecciones,Wales,Norway,Antonio Nusa,NOR,tot,1.5,1.25,1.1819,2026-09-29T20:30:46Z,,
2026-10-01,selecciones,Wales,Norway,Antonio Nusa,NOR,tot,2.5,1.8182,1.5,2026-09-30T02:05:03Z,,
2026-10-01,selecciones,Wales,Norway,Antonio Nusa,NOR,tot,3.5,3.0,2.25,2026-09-30T02:05:03Z,,
2026-10-01,selecciones,Wales,Norway,Antonio Nusa,NOR,tot,4.5,3.8,3.8,2026-09-30T02:05:03Z,,
2026-10-01,selecciones,Wales,Norway,Ben Cabango,WAL,on,0.5,6.0,6.0,2026-09-30T02:05:03Z,,
2026-10-01,selecciones,Wales,Norway,Ben Cabango,WAL,tot,0.5,2.1429,2.1429,2026-09-30T02:05:03Z,,
2026-10-01,selecciones,Wales,Norway,Ben Cabango,WAL,tot,1.5,6.5,6.5,2026-09-30T02:05:03Z,,
2026-10-01,selecciones,Wales,Norway,Ben Davies,WAL,on,0.5,5.0,5.0,2026-09-30T02:05:03Z,,
2026-10-01,selecciones,Wales,Norway,Ben Davies,WAL,tot,0.5,1.9,1.9,2026-09-30T02:05:03Z,,
2026-10-01,selecciones,Wales,Norway,Ben Davies,WAL,tot,1.5,5.5,5.5,2026-09-30T02:05:03Z,,
2026-10-01,selecciones,Wales,Norway,Brennan Johnson,WAL,on,0.5,1.8182,1.9,2026-09-30T02:05:03Z,,
2026-10-01,selecciones,Wales,Norway,Brennan Johnson,WAL,on,1.5,5.0,6.0,2026-09-30T02:05:03Z,,
2026-10-01,selecciones,Wales,Norway,Brennan Johnson,WAL,tot,0.5,1.1112,1.1539,2026-09-30T02:05:03Z,,
2026-10-01,selecciones,Wales,Norway,Brennan Johnson,WAL,tot,1.5,1.7,1.85,2026-09-30T02:05:03Z,,
2026-10-01,selecciones,Wales,Norway,Brennan Johnson,WAL,tot,2.5,3.1,3.6,2026-09-30T02:05:03Z,,
2026-10-01,selecciones,Wales,Norway,Cameron Congreve,WAL,on,0.5,1.75,1.85,2026-09-30T02:05:03Z,,
2026-10-01,selecciones,Wales,Norway,Cameron Congreve,WAL,on,1.5,5.0,5.5,2026-09-30T02:05:03Z,,
2026-10-01,selecciones,Wales,Norway,Cameron Congreve,WAL,tot,0.5,1.091,1.091,2026-09-30T02:05:03Z,,
2026-10-01,selecciones,Wales,Norway,Cameron Congreve,WAL,tot,1.5,1.6154,1.6154,2026-09-30T02:05:03Z,,
2026-10-01,selecciones,Wales,Norway,Cameron Congreve,WAL,tot,2.5,2.8572,2.8572,2026-09-30T02:05:03Z,,
2026-10-01,selecciones,Wales,Norway,Chris Mepham,WAL,on,0.5,5.5,5.5,2026-09-30T02:05:03Z,,
2026-10-01,selecciones,Wales,Norway,Chris Mepham,WAL,tot,0.5,2.5,2.5,2026-09-30T02:05:03Z,,
2026-10-01,selecciones,Wales,Norway,Chris Mepham,WAL,tot,1.5,8.5,8.5,2026-09-30T02:05:03Z,,
2026-10-01,selecciones,Wales,Norway,Cian Ashford,WAL,on,0.5,2.5,2.5,2026-09-30T02:05:03Z,,
2026-10-01,selecciones,Wales,Norway,Cian Ashford,WAL,on,1.5,10.0,10.0,2026-09-30T02:05:03Z,,
2026-10-01,selecciones,Wales,Norway,Cian Ashford,WAL,tot,0.5,1.25,1.25,2026-09-30T02:05:03Z,,
2026-10-01,selecciones,Wales,Norway,Cian Ashford,WAL,tot,1.5,2.25,2.25,2026-09-30T02:05:03Z,,
2026-10-01,selecciones,Wales,Norway,Cian Ashford,WAL,tot,2.5,5.0,5.0,2026-09-30T02:05:03Z,,
2026-10-01,selecciones,Wales,Norway,Connor Roberts,WAL,on,0.5,3.8,3.8,2026-09-30T02:05:03Z,,
2026-10-01,selecciones,Wales,Norway,Connor Roberts,WAL,tot,0.5,1.8182,1.8182,2026-09-30T02:05:03Z,,
2026-10-01,selecciones,Wales,Norway,Connor Roberts,WAL,tot,1.5,4.75,4.75,2026-09-30T02:05:03Z,,
2026-10-01,selecciones,Wales,Norway,Daniel James,WAL,on,0.5,1.95,2.1,2026-09-30T02:05:03Z,,
2026-10-01,selecciones,Wales,Norway,Daniel James,WAL,on,1.5,6.0,7.0,2026-09-30T02:05:03Z,,
2026-10-01,selecciones,Wales,Norway,Daniel James,WAL,tot,0.5,1.091,1.091,2026-09-30T02:05:03Z,,
2026-10-01,selecciones,Wales,Norway,Daniel James,WAL,tot,1.5,1.6154,1.6154,2026-09-30T02:05:03Z,,
2026-10-01,selecciones,Wales,Norway,Daniel James,WAL,tot,2.5,2.8572,2.9,2026-09-30T02:05:03Z,,
2026-10-01,selecciones,Wales,Norway,David Brooks,WAL,on,0.5,2.25,2.25,2026-09-30T02:05:03Z,,
2026-10-01,selecciones,Wales,Norway,David Brooks,WAL,on,1.5,8.5,8.5,2026-09-30T02:05:03Z,,
2026-10-01,selecciones,Wales,Norway,David Brooks,WAL,tot,0.5,1.2,1.2,2026-09-30T02:05:03Z,,
2026-10-01,selecciones,Wales,Norway,David Brooks,WAL,tot,1.5,2.1,2.1,2026-09-30T02:05:03Z,,
2026-10-01,selecciones,Wales,Norway,David Brooks,WAL,tot,2.5,4.25,4.25,2026-09-30T02:05:03Z,,
2026-10-01,selecciones,Wales,Norway,Erik Botheim,NOR,on,0.5,1.2858,1.3847,2026-09-30T02:05:03Z,,
2026-10-01,selecciones,Wales,Norway,Erik Botheim,NOR,on,1.5,2.5,3.0,2026-09-30T02:05:03Z,,
2026-10-01,selecciones,Wales,Norway,Erik Botheim,NOR,on,2.5,6.0,6.0,2026-09-29T14:03:19Z,,
2026-10-01,selecciones,Wales,Norway,Erik Botheim,NOR,tot,2.5,1.35,1.35,2026-09-30T02:05:03Z,,
2026-10-01,selecciones,Wales,Norway,Erik Botheim,NOR,tot,3.5,1.95,1.95,2026-09-30T02:05:03Z,,
2026-10-01,selecciones,Wales,Norway,Erik Botheim,NOR,tot,4.5,3.0,3.0,2026-09-30T02:05:03Z,,
2026-10-01,selecciones,Wales,Norway,Erling Haaland,NOR,on,1.5,1.2308,1.1667,2026-09-30T02:05:03Z,,
2026-10-01,selecciones,Wales,Norway,Erling Haaland,NOR,on,2.5,1.8182,1.6471,2026-09-30T02:05:03Z,,
2026-10-01,selecciones,Wales,Norway,Erling Haaland,NOR,on,3.5,3.1,2.7143,2026-09-30T02:05:03Z,,
2026-10-01,selecciones,Wales,Norway,Erling Haaland,NOR,tot,3.5,1.25,1.25,2026-09-29T12:33:27Z,,
2026-10-01,selecciones,Wales,Norway,Erling Haaland,NOR,tot,4.5,1.6154,1.52,2026-09-30T02:05:03Z,,
2026-10-01,selecciones,Wales,Norway,Erling Haaland,NOR,tot,5.5,2.25,2.05,2026-09-30T02:05:03Z,,
2026-10-01,selecciones,Wales,Norway,Erling Haaland,NOR,tot,6.5,3.0,3.0,2026-09-30T02:05:03Z,,
2026-10-01,selecciones,Wales,Norway,Ethan Ampadu,WAL,on,0.5,6.0,6.0,2026-09-30T02:05:03Z,,
2026-10-01,selecciones,Wales,Norway,Ethan Ampadu,WAL,tot,0.5,1.8182,1.8182,2026-09-30T02:05:03Z,,
2026-10-01,selecciones,Wales,Norway,Ethan Ampadu,WAL,tot,1.5,5.0,5.0,2026-09-30T02:05:03Z,,
2026-10-01,selecciones,Wales,Norway,Fredrik Aursnes,NOR,on,0.5,2.0,2.0,2026-09-30T02:05:03Z,,
2026-10-01,selecciones,Wales,Norway,Fredrik Aursnes,NOR,on,1.5,6.5,6.5,2026-09-30T02:05:03Z,,
2026-10-01,selecciones,Wales,Norway,Fredrik Aursnes,NOR,tot,0.5,1.1539,1.1539,2026-09-30T02:05:03Z,,
2026-10-01,selecciones,Wales,Norway,Fredrik Aursnes,NOR,tot,1.5,1.85,1.85,2026-09-30T02:05:03Z,,
2026-10-01,selecciones,Wales,Norway,Fredrik Aursnes,NOR,tot,2.5,3.6,3.6,2026-09-30T02:05:03Z,,
2026-10-01,selecciones,Wales,Norway,Fredrik Sjovold,NOR,on,0.5,3.2,3.2,2026-09-30T02:05:03Z,,
2026-10-01,selecciones,Wales,Norway,Fredrik Sjovold,NOR,on,1.5,17.0,17.0,2026-09-30T02:05:03Z,,
2026-10-01,selecciones,Wales,Norway,Fredrik Sjovold,NOR,tot,0.5,1.5455,1.52,2026-09-30T02:05:03Z,,
2026-10-01,selecciones,Wales,Norway,Fredrik Sjovold,NOR,tot,1.5,3.6,3.5,2026-09-30T02:05:03Z,,
2026-10-01,selecciones,Wales,Norway,Jay DaSilva,WAL,on,0.5,6.0,6.0,2026-09-30T02:05:03Z,,
2026-10-01,selecciones,Wales,Norway,Jay DaSilva,WAL,tot,0.5,2.3,2.3,2026-09-30T02:05:03Z,,
2026-10-01,selecciones,Wales,Norway,Jay DaSilva,WAL,tot,1.5,7.5,7.5,2026-09-30T02:05:03Z,,
2026-10-01,selecciones,Wales,Norway,Joel Colwill,WAL,on,0.5,3.0,3.0,2026-09-30T02:05:03Z,,
2026-10-01,selecciones,Wales,Norway,Joel Colwill,WAL,on,1.5,14.0,14.0,2026-09-30T02:05:03Z,,
2026-10-01,selecciones,Wales,Norway,Joel Colwill,WAL,tot,0.5,1.35,1.35,2026-09-30T02:05:03Z,,
2026-10-01,selecciones,Wales,Norway,Joel Colwill,WAL,tot,1.5,2.6667,2.6667,2026-09-30T02:05:03Z,,
2026-10-01,selecciones,Wales,Norway,Joel Colwill,WAL,tot,2.5,6.0,6.0,2026-09-30T02:05:03Z,,
2026-10-01,selecciones,Wales,Norway,Jordan James,WAL,on,0.5,2.4,2.4,2026-09-30T02:05:03Z,,
2026-10-01,selecciones,Wales,Norway,Jordan James,WAL,on,1.5,9.5,9.5,2026-09-30T02:05:03Z,,
2026-10-01,selecciones,Wales,Norway,Jordan James,WAL,tot,0.5,1.2728,1.2728,2026-09-30T02:05:03Z,,
2026-10-01,selecciones,Wales,Norway,Jordan James,WAL,tot,1.5,2.3,2.3,2026-09-30T02:05:03Z,,
2026-10-01,selecciones,Wales,Norway,Jordan James,WAL,tot,2.5,5.0,5.0,2026-09-30T02:05:03Z,,
2026-10-01,selecciones,Wales,Norway,Jorgen Strand Larsen,NOR,on,0.5,1.1819,1.1539,2026-09-30T02:05:03Z,,
2026-10-01,selecciones,Wales,Norway,Jorgen Strand Larsen,NOR,on,1.5,2.0,1.95,2026-09-30T02:05:03Z,,
2026-10-01,selecciones,Wales,Norway,Jorgen Strand Larsen,NOR,on,2.5,4.25,4.0,2026-09-30T02:05:03Z,,
2026-10-01,selecciones,Wales,Norway,Jorgen Strand Larsen,NOR,tot,2.5,1.2858,1.25,2026-09-30T02:05:03Z,,
2026-10-01,selecciones,Wales,Norway,Jorgen Strand Larsen,NOR,tot,3.5,1.7143,1.68,2026-09-30T02:05:03Z,,
2026-10-01,selecciones,Wales,Norway,Jorgen Strand Larsen,NOR,tot,4.5,2.6,2.5,2026-09-30T02:05:03Z,,
2026-10-01,selecciones,Wales,Norway,Joshua Sheehan,WAL,on,0.5,3.2,3.1,2026-09-30T02:05:03Z,,
2026-10-01,selecciones,Wales,Norway,Joshua Sheehan,WAL,on,1.5,17.0,15.0,2026-09-30T02:05:03Z,,
2026-10-01,selecciones,Wales,Norway,Joshua Sheehan,WAL,tot,0.5,1.5834,1.52,2026-09-30T02:05:03Z,,
2026-10-01,selecciones,Wales,Norway,Joshua Sheehan,WAL,tot,1.5,3.6667,3.5,2026-09-30T02:05:03Z,,
2026-10-01,selecciones,Wales,Norway,Julian Ryerson,NOR,on,0.5,4.0,3.8,2026-09-30T02:05:03Z,,
2026-10-01,selecciones,Wales,Norway,Julian Ryerson,NOR,tot,0.5,1.875,1.8,2026-09-30T02:05:03Z,,
2026-10-01,selecciones,Wales,Norway,Julian Ryerson,NOR,tot,1.5,5.0,4.75,2026-09-30T02:05:03Z,,
2026-10-01,selecciones,Wales,Norway,Kieffer Moore,WAL,on,0.5,1.5455,1.52,2026-09-30T02:05:03Z,,
2026-10-01,selecciones,Wales,Norway,Kieffer Moore,WAL,on,1.5,4.0,3.6,2026-09-30T02:05:03Z,,
2026-10-01,selecciones,Wales,Norway,Kieffer Moore,WAL,tot,1.5,1.25,1.32,2026-09-30T02:05:03Z,,
2026-10-01,selecciones,Wales,Norway,Kieffer Moore,WAL,tot,2.5,1.85,2.0,2026-09-30T02:05:03Z,,
2026-10-01,selecciones,Wales,Norway,Kieffer Moore,WAL,tot,3.5,3.1,3.5,2026-09-30T02:05:03Z,,
2026-10-01,selecciones,Wales,Norway,Kristian Thorstvedt,NOR,on,0.5,1.75,1.5455,2026-09-30T02:05:03Z,,
2026-10-01,selecciones,Wales,Norway,Kristian Thorstvedt,NOR,on,1.5,5.0,3.8,2026-09-30T02:05:03Z,,
2026-10-01,selecciones,Wales,Norway,Kristian Thorstvedt,NOR,tot,0.5,1.0715,1.0715,2026-09-29T12:33:27Z,,
2026-10-01,selecciones,Wales,Norway,Kristian Thorstvedt,NOR,tot,1.5,1.5455,1.3,2026-09-30T02:05:03Z,,
2026-10-01,selecciones,Wales,Norway,Kristian Thorstvedt,NOR,tot,2.5,2.7143,2.0,2026-09-30T02:05:03Z,,
2026-10-01,selecciones,Wales,Norway,Kristian Thorstvedt,NOR,tot,3.5,3.4,3.4,2026-09-30T02:05:03Z,,
2026-10-01,selecciones,Wales,Norway,Kristoffer Ajer,NOR,on,0.5,3.6667,3.6667,2026-09-30T02:05:03Z,,
2026-10-01,selecciones,Wales,Norway,Kristoffer Ajer,NOR,on,1.5,20.0,20.0,2026-09-30T02:05:03Z,,
2026-10-01,selecciones,Wales,Norway,Kristoffer Ajer,NOR,tot,0.5,1.85,1.85,2026-09-30T02:05:03Z,,
2026-10-01,selecciones,Wales,Norway,Kristoffer Ajer,NOR,tot,1.5,5.0,5.0,2026-09-30T02:05:03Z,,
2026-10-01,selecciones,Wales,Norway,Leo Ostigard,NOR,on,0.5,3.0,3.0,2026-09-30T02:05:03Z,,
2026-10-01,selecciones,Wales,Norway,Leo Ostigard,NOR,on,1.5,14.0,14.0,2026-09-30T02:05:03Z,,
2026-10-01,selecciones,Wales,Norway,Leo Ostigard,NOR,tot,0.5,1.52,1.5,2026-09-30T02:05:03Z,,
2026-10-01,selecciones,Wales,Norway,Leo Ostigard,NOR,tot,1.5,3.5,3.3334,2026-09-30T02:05:03Z,,
2026-10-01,selecciones,Wales,Norway,Lewis Koumas,WAL,on,0.5,2.0,2.1,2026-09-30T02:05:03Z,,
2026-10-01,selecciones,Wales,Norway,Lewis Koumas,WAL,on,1.5,6.5,7.0,2026-09-30T02:05:03Z,,
2026-10-01,selecciones,Wales,Norway,Lewis Koumas,WAL,tot,0.5,1.125,1.2,2026-09-30T02:05:03Z,,
2026-10-01,selecciones,Wales,Norway,Lewis Koumas,WAL,tot,1.5,1.7143,2.0,2026-09-30T02:05:03Z,,
2026-10-01,selecciones,Wales,Norway,Lewis Koumas,WAL,tot,2.5,3.2,4.0,2026-09-30T02:05:03Z,,
2026-10-01,selecciones,Wales,Norway,Liam Jamie Cullen,WAL,on,0.5,1.8182,2.0,2026-09-30T02:05:03Z,,
2026-10-01,selecciones,Wales,Norway,Liam Jamie Cullen,WAL,on,1.5,5.0,6.5,2026-09-30T02:05:03Z,,
2026-10-01,selecciones,Wales,Norway,Liam Jamie Cullen,WAL,tot,0.5,1.091,1.2,2026-09-30T02:05:03Z,,
2026-10-01,selecciones,Wales,Norway,Liam Jamie Cullen,WAL,tot,1.5,1.6154,2.0,2026-09-30T02:05:03Z,,
2026-10-01,selecciones,Wales,Norway,Liam Jamie Cullen,WAL,tot,2.5,2.8572,4.0,2026-09-30T02:05:03Z,,
2026-10-01,selecciones,Wales,Norway,Marcus Holmgren Pedersen,NOR,on,0.5,3.6,3.6,2026-09-30T02:05:03Z,,
2026-10-01,selecciones,Wales,Norway,Marcus Holmgren Pedersen,NOR,on,1.5,20.0,20.0,2026-09-30T02:05:03Z,,
2026-10-01,selecciones,Wales,Norway,Marcus Holmgren Pedersen,NOR,tot,0.5,1.7778,1.7778,2026-09-30T02:05:03Z,,
2026-10-01,selecciones,Wales,Norway,Marcus Holmgren Pedersen,NOR,tot,1.5,4.5,4.5,2026-09-30T02:05:03Z,,
2026-10-01,selecciones,Wales,Norway,Martin Odegaard,NOR,on,0.5,1.75,1.75,2026-09-30T02:05:03Z,,
2026-10-01,selecciones,Wales,Norway,Martin Odegaard,NOR,on,1.5,5.0,5.0,2026-09-30T02:05:03Z,,
2026-10-01,selecciones,Wales,Norway,Martin Odegaard,NOR,tot,0.5,1.0715,1.0715,2026-09-30T02:05:03Z,,
2026-10-01,selecciones,Wales,Norway,Martin Odegaard,NOR,tot,1.5,1.5455,1.5455,2026-09-30T02:05:03Z,,
2026-10-01,selecciones,Wales,Norway,Martin Odegaard,NOR,tot,2.5,2.7143,2.7143,2026-09-30T02:05:03Z,,
2026-10-01,selecciones,Wales,Norway,Nathan Broadhead,WAL,on,0.5,1.8182,1.8,2026-09-30T02:05:03Z,,
2026-10-01,selecciones,Wales,Norway,Nathan Broadhead,WAL,on,1.5,5.0,5.0,2026-09-30T02:05:03Z,,
2026-10-01,selecciones,Wales,Norway,Nathan Broadhead,WAL,tot,0.5,1.06,1.06,2026-09-30T02:05:03Z,,
2026-10-01,selecciones,Wales,Norway,Nathan Broadhead,WAL,tot,1.5,1.5,1.5,2026-09-30T02:05:03Z,,
2026-10-01,selecciones,Wales,Norway,Nathan Broadhead,WAL,tot,2.5,2.5455,2.5,2026-09-30T02:05:03Z,,
2026-10-01,selecciones,Wales,Norway,Neco Williams,WAL,on,0.5,3.3334,3.2,2026-09-30T02:05:03Z,,
2026-10-01,selecciones,Wales,Norway,Neco Williams,WAL,on,1.5,17.0,16.0,2026-09-30T02:05:03Z,,
2026-10-01,selecciones,Wales,Norway,Neco Williams,WAL,tot,0.5,1.52,1.5,2026-09-30T02:05:03Z,,
2026-10-01,selecciones,Wales,Norway,Neco Williams,WAL,tot,1.5,3.5,3.3334,2026-09-30T02:05:03Z,,
2026-10-01,selecciones,Wales,Norway,Odin Luraas Bjortuft,NOR,on,0.5,3.3334,3.1,2026-09-30T02:05:03Z,,
2026-10-01,selecciones,Wales,Norway,Odin Luraas Bjortuft,NOR,on,1.5,17.0,15.0,2026-09-30T02:05:03Z,,
2026-10-01,selecciones,Wales,Norway,Odin Luraas Bjortuft,NOR,tot,0.5,1.5455,1.5,2026-09-30T02:05:03Z,,
2026-10-01,selecciones,Wales,Norway,Odin Luraas Bjortuft,NOR,tot,1.5,3.6,3.3334,2026-09-30T02:05:03Z,,
2026-10-01,selecciones,Wales,Norway,Ole Didrik Blomberg,NOR,on,0.5,1.35,1.35,2026-09-30T02:05:03Z,,
2026-10-01,selecciones,Wales,Norway,Ole Didrik Blomberg,NOR,on,1.5,2.8572,2.8572,2026-09-30T02:05:03Z,,
2026-10-01,selecciones,Wales,Norway,Ole Didrik Blomberg,NOR,tot,1.5,1.2223,1.2223,2026-09-30T02:05:03Z,,
2026-10-01,selecciones,Wales,Norway,Ole Didrik Blomberg,NOR,tot,2.5,1.75,1.75,2026-09-30T02:05:03Z,,
2026-10-01,selecciones,Wales,Norway,Ole Didrik Blomberg,NOR,tot,3.5,2.8572,2.8572,2026-09-30T02:05:03Z,,
2026-10-01,selecciones,Wales,Norway,Oscar Bobb,NOR,on,0.5,1.7143,1.6,2026-09-30T02:05:03Z,,
2026-10-01,selecciones,Wales,Norway,Oscar Bobb,NOR,on,1.5,4.75,4.0,2026-09-30T02:05:03Z,,
2026-10-01,selecciones,Wales,Norway,Oscar Bobb,NOR,tot,0.5,1.077,1.077,2026-09-29T12:33:27Z,,
2026-10-01,selecciones,Wales,Norway,Oscar Bobb,NOR,tot,1.5,1.6,1.4,2026-09-30T02:05:03Z,,
2026-10-01,selecciones,Wales,Norway,Oscar Bobb,NOR,tot,2.5,2.8,2.2,2026-09-30T02:05:03Z,,
2026-10-01,selecciones,Wales,Norway,Oscar Bobb,NOR,tot,3.5,4.0,4.0,2026-09-30T02:05:03Z,,
2026-10-01,selecciones,Wales,Norway,Patrick Berg,NOR,on,0.5,2.1429,2.1429,2026-09-30T02:05:03Z,,
2026-10-01,selecciones,Wales,Norway,Patrick Berg,NOR,on,1.5,7.5,7.5,2026-09-30T02:05:03Z,,
2026-10-01,selecciones,Wales,Norway,Patrick Berg,NOR,tot,0.5,1.1667,1.1667,2026-09-30T02:05:03Z,,
2026-10-01,selecciones,Wales,Norway,Patrick Berg,NOR,tot,1.5,1.9,1.9,2026-09-30T02:05:03Z,,
2026-10-01,selecciones,Wales,Norway,Patrick Berg,NOR,tot,2.5,3.6667,3.6667,2026-09-30T02:05:03Z,,
2026-10-01,selecciones,Wales,Norway,Rhys Norrington Davies,WAL,on,0.5,6.0,6.0,2026-09-30T02:05:03Z,,
2026-10-01,selecciones,Wales,Norway,Rhys Norrington Davies,WAL,tot,0.5,2.3637,2.3637,2026-09-30T02:05:03Z,,
2026-10-01,selecciones,Wales,Norway,Rhys Norrington Davies,WAL,tot,1.5,7.5,7.5,2026-09-30T02:05:03Z,,
2026-10-01,selecciones,Wales,Norway,Sander Berge,NOR,on,0.5,3.5,3.5,2026-09-30T02:05:03Z,,
2026-10-01,selecciones,Wales,Norway,Sander Berge,NOR,on,1.5,19.0,19.0,2026-09-30T02:05:03Z,,
2026-10-01,selecciones,Wales,Norway,Sander Berge,NOR,tot,0.5,1.6154,1.6,2026-09-30T02:05:03Z,,
2026-10-01,selecciones,Wales,Norway,Sander Berge,NOR,tot,1.5,4.0,3.8,2026-09-30T02:05:03Z,,
2026-10-01,selecciones,Wales,Norway,Sorba Thomas,WAL,on,0.5,2.2,2.2,2026-09-30T02:05:03Z,,
2026-10-01,selecciones,Wales,Norway,Sorba Thomas,WAL,on,1.5,8.0,8.0,2026-09-30T02:05:03Z,,
2026-10-01,selecciones,Wales,Norway,Sorba Thomas,WAL,tot,0.5,1.1667,1.1667,2026-09-30T02:05:03Z,,
2026-10-01,selecciones,Wales,Norway,Sorba Thomas,WAL,tot,1.5,1.9,1.9,2026-09-30T02:05:03Z,,
2026-10-01,selecciones,Wales,Norway,Sorba Thomas,WAL,tot,2.5,3.8,3.8,2026-09-30T02:05:03Z,,
2026-10-01,selecciones,Wales,Norway,Thelo Aasgaard,NOR,on,0.5,1.6154,1.6471,2026-09-30T02:05:03Z,,
2026-10-01,selecciones,Wales,Norway,Thelo Aasgaard,NOR,on,1.5,4.25,4.25,2026-09-30T02:05:03Z,,
2026-10-01,selecciones,Wales,Norway,Thelo Aasgaard,NOR,tot,1.5,1.4167,1.35,2026-09-30T02:05:03Z,,
2026-10-01,selecciones,Wales,Norway,Thelo Aasgaard,NOR,tot,2.5,2.3637,2.1,2026-09-30T02:05:03Z,,
2026-10-01,selecciones,Wales,Norway,Thelo Aasgaard,NOR,tot,3.5,4.25,3.8,2026-09-30T02:05:03Z,,
2026-10-01,selecciones,Wales,Norway,Thomas Harris,WAL,on,0.5,1.6154,1.5455,2026-09-30T02:05:03Z,,
2026-10-01,selecciones,Wales,Norway,Thomas Harris,WAL,on,1.5,4.0,4.0,2026-09-30T02:05:03Z,,
2026-10-01,selecciones,Wales,Norway,Thomas Harris,WAL,tot,1.5,1.4,1.4,2026-09-30T02:05:03Z,,
2026-10-01,selecciones,Wales,Norway,Thomas Harris,WAL,tot,2.5,2.25,2.25,2026-09-30T02:05:03Z,,
2026-10-01,selecciones,Wales,Norway,Thomas Harris,WAL,tot,3.5,4.0,4.0,2026-09-30T02:05:03Z,,
2026-10-01,selecciones,Wales,Norway,Torbjorn Lysaker Heggem,NOR,on,0.5,6.0,6.0,2026-09-30T02:05:03Z,,
2026-10-01,selecciones,Wales,Norway,Torbjorn Lysaker Heggem,NOR,tot,0.5,2.3,2.3,2026-09-30T02:05:03Z,,
2026-10-01,selecciones,Wales,Norway,Torbjorn Lysaker Heggem,NOR,tot,1.5,7.5,7.5,2026-09-30T02:05:03Z,,
2026-10-01,selecciones,Wales,Norway,Wes Burns,WAL,on,0.5,2.5,2.5,2026-09-30T02:05:03Z,,
2026-10-01,selecciones,Wales,Norway,Wes Burns,WAL,on,1.5,10.0,10.0,2026-09-30T02:05:03Z,,
2026-10-01,selecciones,Wales,Norway,Wes Burns,WAL,tot,0.5,1.25,1.32,2026-09-30T02:05:03Z,,
2026-10-01,selecciones,Wales,Norway,Wes Burns,WAL,tot,1.5,2.25,2.6,2026-09-30T02:05:03Z,,
2026-10-01,selecciones,Wales,Norway,Wes Burns,WAL,tot,2.5,5.0,6.0,2026-09-30T02:05:03Z,,
2026-10-02,selecciones,Belgium,Turkey,Abdulkerim Bardakci,TUR,on,0.5,5.0,5.0,2026-09-30T02:05:03Z,,
2026-10-02,selecciones,Belgium,Turkey,Abdulkerim Bardakci,TUR,tot,0.5,2.1,1.9,2026-09-30T02:05:03Z,,
2026-10-02,selecciones,Belgium,Turkey,Abdulkerim Bardakci,TUR,tot,1.5,6.5,5.5,2026-09-30T02:05:03Z,,
2026-10-02,selecciones,Belgium,Turkey,Adil Demirbag,TUR,on,0.5,5.5,5.5,2026-09-30T02:05:03Z,,
2026-10-02,selecciones,Belgium,Turkey,Adil Demirbag,TUR,tot,0.5,2.25,2.25,2026-09-30T02:05:03Z,,
2026-10-02,selecciones,Belgium,Turkey,Adil Demirbag,TUR,tot,1.5,7.5,7.5,2026-09-30T02:05:03Z,,
2026-10-02,selecciones,Belgium,Turkey,Arda Guler,TUR,on,0.5,1.7143,1.7143,2026-09-30T02:05:03Z,,
2026-10-02,selecciones,Belgium,Turkey,Arda Guler,TUR,on,1.5,4.75,4.75,2026-09-30T02:05:03Z,,
2026-10-02,selecciones,Belgium,Turkey,Arda Guler,TUR,tot,1.5,1.4167,1.32,2026-09-30T02:05:03Z,,
2026-10-02,selecciones,Belgium,Turkey,Arda Guler,TUR,tot,2.5,2.3,2.0,2026-09-30T02:05:03Z,,
2026-10-02,selecciones,Belgium,Turkey,Arda Guler,TUR,tot,3.5,4.25,3.5,2026-09-30T02:05:03Z,,
2026-10-02,selecciones,Belgium,Turkey,Baris Alper Yilmaz,TUR,on,0.5,1.75,1.75,2026-09-30T02:05:03Z,,
2026-10-02,selecciones,Belgium,Turkey,Baris Alper Yilmaz,TUR,on,1.5,5.0,5.0,2026-09-30T02:05:03Z,,
2026-10-02,selecciones,Belgium,Turkey,Baris Alper Yilmaz,TUR,tot,0.5,1.091,1.091,2026-09-30T02:05:03Z,,
2026-10-02,selecciones,Belgium,Turkey,Baris Alper Yilmaz,TUR,tot,1.5,1.6154,1.6154,2026-09-30T02:05:03Z,,
2026-10-02,selecciones,Belgium,Turkey,Baris Alper Yilmaz,TUR,tot,2.5,2.8572,2.8572,2026-09-30T02:05:03Z,,
2026-10-02,selecciones,Belgium,Turkey,Bartug Elmaz,TUR,on,0.5,2.75,2.75,2026-09-30T02:05:03Z,,
2026-10-02,selecciones,Belgium,Turkey,Bartug Elmaz,TUR,on,1.5,12.0,12.0,2026-09-30T02:05:03Z,,
2026-10-02,selecciones,Belgium,Turkey,Bartug Elmaz,TUR,tot,0.5,1.3847,1.3847,2026-09-30T02:05:03Z,,
2026-10-02,selecciones,Belgium,Turkey,Bartug Elmaz,TUR,tot,1.5,2.75,2.75,2026-09-30T02:05:03Z,,
2026-10-02,selecciones,Belgium,Turkey,Brandon Mechele,BEL,on,0.5,3.4,3.4,2026-09-30T02:05:03Z,,
2026-10-02,selecciones,Belgium,Turkey,Brandon Mechele,BEL,on,1.5,18.0,18.0,2026-09-30T02:05:03Z,,
2026-10-02,selecciones,Belgium,Turkey,Brandon Mechele,BEL,tot,0.5,1.6471,1.6471,2026-09-30T02:05:03Z,,
2026-10-02,selecciones,Belgium,Turkey,Brandon Mechele,BEL,tot,1.5,4.0,4.0,2026-09-30T02:05:03Z,,
2026-10-02,selecciones,Belgium,Turkey,Can Yılmaz Uzun,TUR,on,0.5,1.6154,1.6154,2026-09-30T02:05:03Z,,
2026-10-02,selecciones,Belgium,Turkey,Can Yılmaz Uzun,TUR,on,1.5,4.25,4.25,2026-09-30T02:05:03Z,,
2026-10-02,selecciones,Belgium,Turkey,Can Yılmaz Uzun,TUR,tot,0.5,1.0715,1.0715,2026-09-30T02:05:03Z,,
2026-10-02,selecciones,Belgium,Turkey,Can Yılmaz Uzun,TUR,tot,1.5,1.52,1.52,2026-09-30T02:05:03Z,,
2026-10-02,selecciones,Belgium,Turkey,Can Yılmaz Uzun,TUR,tot,2.5,2.6,2.6,2026-09-30T02:05:03Z,,
2026-10-02,selecciones,Belgium,Turkey,Charles De Ketelaere,BEL,on,0.5,1.2,1.2,2026-09-29T23:38:12Z,,
2026-10-02,selecciones,Belgium,Turkey,Charles De Ketelaere,BEL,on,1.5,2.1429,2.1429,2026-09-29T23:38:12Z,,
2026-10-02,selecciones,Belgium,Turkey,Charles De Ketelaere,BEL,on,2.5,4.75,4.75,2026-09-29T23:38:12Z,,
2026-10-02,selecciones,Belgium,Turkey,Charles De Ketelaere,BEL,tot,2.5,1.4546,1.4546,2026-09-29T23:38:12Z,,
2026-10-02,selecciones,Belgium,Turkey,Charles De Ketelaere,BEL,tot,3.5,2.1,2.1,2026-09-29T23:38:12Z,,
2026-10-02,selecciones,Belgium,Turkey,Charles De Ketelaere,BEL,tot,4.5,3.5,3.5,2026-09-29T23:38:12Z,,
2026-10-02,selecciones,Belgium,Turkey,Demir Ege Tiknaz,TUR,on,0.5,3.5,3.5,2026-09-30T02:05:03Z,,
2026-10-02,selecciones,Belgium,Turkey,Demir Ege Tiknaz,TUR,on,1.5,19.0,19.0,2026-09-30T02:05:03Z,,
2026-10-02,selecciones,Belgium,Turkey,Demir Ege Tiknaz,TUR,tot,0.5,1.7143,1.7143,2026-09-30T02:05:03Z,,
2026-10-02,selecciones,Belgium,Turkey,Demir Ege Tiknaz,TUR,tot,1.5,4.25,4.25,2026-09-30T02:05:03Z,,
2026-10-02,selecciones,Belgium,Turkey,Deniz Gul,TUR,on,0.5,1.6,1.6,2026-09-30T02:05:03Z,,
2026-10-02,selecciones,Belgium,Turkey,Deniz Gul,TUR,on,1.5,4.0,4.0,2026-09-30T02:05:03Z,,
2026-10-02,selecciones,Belgium,Turkey,Deniz Gul,TUR,tot,1.5,1.3847,1.3847,2026-09-30T02:05:03Z,,
2026-10-02,selecciones,Belgium,Turkey,Deniz Gul,TUR,tot,2.5,2.2,2.2,2026-09-30T02:05:03Z,,
2026-10-02,selecciones,Belgium,Turkey,Deniz Gul,TUR,tot,3.5,4.0,4.0,2026-09-30T02:05:03Z,,
2026-10-02,selecciones,Belgium,Turkey,Diego Da Silva Moreira,BEL,on,0.5,1.8182,1.7,2026-09-29T22:05:53Z,,
2026-10-02,selecciones,Belgium,Turkey,Diego Da Silva Moreira,BEL,on,1.5,5.0,4.75,2026-09-29T22:05:53Z,,
2026-10-02,selecciones,Belgium,Turkey,Diego Da Silva Moreira,BEL,tot,0.5,1.091,1.06,2026-09-29T22:05:53Z,,
2026-10-02,selecciones,Belgium,Turkey,Diego Da Silva Moreira,BEL,tot,1.5,1.6154,1.5,2026-09-29T22:05:53Z,,
2026-10-02,selecciones,Belgium,Turkey,Diego Da Silva Moreira,BEL,tot,2.5,2.8572,2.5,2026-09-29T22:05:53Z,,
2026-10-02,selecciones,Belgium,Turkey,Dodi Lukebakio,BEL,on,0.5,1.35,1.35,2026-09-30T02:05:03Z,,
2026-10-02,selecciones,Belgium,Turkey,Dodi Lukebakio,BEL,on,1.5,2.8,2.8,2026-09-30T02:05:03Z,,
2026-10-02,selecciones,Belgium,Turkey,Dodi Lukebakio,BEL,tot,1.5,1.1539,1.1539,2026-09-30T02:05:03Z,,
2026-10-02,selecciones,Belgium,Turkey,Dodi Lukebakio,BEL,tot,2.5,1.6,1.6,2026-09-30T02:05:03Z,,
2026-10-02,selecciones,Belgium,Turkey,Dodi Lukebakio,BEL,tot,3.5,2.4546,2.4546,2026-09-30T02:05:03Z,,
2026-10-02,selecciones,Belgium,Turkey,Doguhan Aral Simsir,TUR,on,0.5,1.95,1.95,2026-09-30T02:05:03Z,,
2026-10-02,selecciones,Belgium,Turkey,Doguhan Aral Simsir,TUR,on,1.5,6.0,6.0,2026-09-30T02:05:03Z,,
2026-10-02,selecciones,Belgium,Turkey,Doguhan Aral Simsir,TUR,tot,0.5,1.125,1.125,2026-09-30T02:05:03Z,,
2026-10-02,selecciones,Belgium,Turkey,Doguhan Aral Simsir,TUR,tot,1.5,1.7143,1.7143,2026-09-30T02:05:03Z,,
2026-10-02,selecciones,Belgium,Turkey,Doguhan Aral Simsir,TUR,tot,2.5,3.1,3.1,2026-09-30T02:05:03Z,,
2026-10-02,selecciones,Belgium,Turkey,Emir Han Topcu,TUR,on,0.5,5.5,5.5,2026-09-30T02:05:03Z,,
2026-10-02,selecciones,Belgium,Turkey,Emir Han Topcu,TUR,tot,0.5,2.1429,2.1429,2026-09-30T02:05:03Z,,
2026-10-02,selecciones,Belgium,Turkey,Emir Han Topcu,TUR,tot,1.5,6.5,6.5,2026-09-30T02:05:03Z,,
2026-10-02,selecciones,Belgium,Turkey,Evren Eren Elmali,TUR,on,0.5,6.0,6.0,2026-09-30T02:05:03Z,,
2026-10-02,selecciones,Belgium,Turkey,Evren Eren Elmali,TUR,tot,0.5,2.7143,2.7143,2026-09-30T02:05:03Z,,
2026-10-02,selecciones,Belgium,Turkey,Evren Eren Elmali,TUR,tot,1.5,10.0,10.0,2026-09-30T02:05:03Z,,
2026-10-02,selecciones,Belgium,Turkey,Ferdi Kadioglu,TUR,on,0.5,3.5,3.5,2026-09-29T23:38:12Z,,
2026-10-02,selecciones,Belgium,Turkey,Ferdi Kadioglu,TUR,on,1.5,19.0,19.0,2026-09-29T23:38:12Z,,
2026-10-02,selecciones,Belgium,Turkey,Ferdi Kadioglu,TUR,tot,0.5,1.6,1.6,2026-09-29T23:38:12Z,,
2026-10-02,selecciones,Belgium,Turkey,Ferdi Kadioglu,TUR,tot,1.5,3.8,3.8,2026-09-29T23:38:12Z,,
2026-10-02,selecciones,Belgium,Turkey,Hans Vanaken,BEL,on,0.5,1.52,1.52,2026-09-30T02:05:03Z,,
2026-10-02,selecciones,Belgium,Turkey,Hans Vanaken,BEL,on,1.5,3.6,3.6,2026-09-30T02:05:03Z,,
2026-10-02,selecciones,Belgium,Turkey,Hans Vanaken,BEL,tot,1.5,1.35,1.35,2026-09-30T02:05:03Z,,
2026-10-02,selecciones,Belgium,Turkey,Hans Vanaken,BEL,tot,2.5,2.05,2.05,2026-09-30T02:05:03Z,,
2026-10-02,selecciones,Belgium,Turkey,Hans Vanaken,BEL,tot,3.5,3.6667,3.6667,2026-09-30T02:05:03Z,,
2026-10-02,selecciones,Belgium,Turkey,Ilhan Fakili,TUR,on,0.5,1.52,1.52,2026-09-30T02:05:03Z,,
2026-10-02,selecciones,Belgium,Turkey,Ilhan Fakili,TUR,on,1.5,3.6,3.6,2026-09-30T02:05:03Z,,
2026-10-02,selecciones,Belgium,Turkey,Ilhan Fakili,TUR,tot,1.5,1.35,1.35,2026-09-30T02:05:03Z,,
2026-10-02,selecciones,Belgium,Turkey,Ilhan Fakili,TUR,tot,2.5,2.05,2.05,2026-09-30T02:05:03Z,,
2026-10-02,selecciones,Belgium,Turkey,Ilhan Fakili,TUR,tot,3.5,3.6667,3.6667,2026-09-30T02:05:03Z,,
2026-10-02,selecciones,Belgium,Turkey,Irfan Kahveci,TUR,on,0.5,2.1429,2.1429,2026-09-30T02:05:03Z,,
2026-10-02,selecciones,Belgium,Turkey,Irfan Kahveci,TUR,on,1.5,7.5,7.5,2026-09-30T02:05:03Z,,
2026-10-02,selecciones,Belgium,Turkey,Irfan Kahveci,TUR,tot,0.5,1.1819,1.1819,2026-09-30T02:05:03Z,,
2026-10-02,selecciones,Belgium,Turkey,Irfan Kahveci,TUR,tot,1.5,2.0,2.0,2026-09-30T02:05:03Z,,
2026-10-02,selecciones,Belgium,Turkey,Irfan Kahveci,TUR,tot,2.5,4.0,4.0,2026-09-30T02:05:03Z,,
2026-10-02,selecciones,Belgium,Turkey,Ismail Yuksek,TUR,on,0.5,3.4,3.4,2026-09-30T02:05:03Z,,
2026-10-02,selecciones,Belgium,Turkey,Ismail Yuksek,TUR,on,1.5,18.0,18.0,2026-09-30T02:05:03Z,,
2026-10-02,selecciones,Belgium,Turkey,Ismail Yuksek,TUR,tot,0.5,1.52,1.52,2026-09-30T02:05:03Z,,
2026-10-02,selecciones,Belgium,Turkey,Ismail Yuksek,TUR,tot,1.5,3.5,3.5,2026-09-30T02:05:03Z,,
2026-10-02,selecciones,Belgium,Turkey,Joaquin Seys,BEL,on,0.5,3.0,3.0,2026-09-30T02:05:03Z,,
2026-10-02,selecciones,Belgium,Turkey,Joaquin Seys,BEL,on,1.5,14.0,14.0,2026-09-30T02:05:03Z,,
2026-10-02,selecciones,Belgium,Turkey,Joaquin Seys,BEL,tot,0.5,1.4546,1.4546,2026-09-30T02:05:03Z,,
2026-10-02,selecciones,Belgium,Turkey,Joaquin Seys,BEL,tot,1.5,3.1,3.1,2026-09-30T02:05:03Z,,
2026-10-02,selecciones,Belgium,Turkey,Kevin De Bruyne,BEL,on,0.5,1.35,1.35,2026-09-30T02:05:03Z,,
2026-10-02,selecciones,Belgium,Turkey,Kevin De Bruyne,BEL,on,1.5,2.9,2.9,2026-09-30T02:05:03Z,,
2026-10-02,selecciones,Belgium,Turkey,Kevin De Bruyne,BEL,tot,1.5,1.25,1.25,2026-09-30T02:05:03Z,,
2026-10-02,selecciones,Belgium,Turkey,Kevin De Bruyne,BEL,tot,2.5,1.5,1.8182,2026-09-30T02:05:03Z,,
2026-10-02,selecciones,Belgium,Turkey,Kevin De Bruyne,BEL,tot,3.5,2.25,3.0,2026-09-30T02:05:03Z,,
2026-10-02,selecciones,Belgium,Turkey,Kevin De Bruyne,BEL,tot,4.5,3.8,3.6,2026-09-29T23:38:12Z,,
2026-10-02,selecciones,Belgium,Turkey,Koni De Winter,BEL,on,0.5,3.6667,3.6667,2026-09-30T02:05:03Z,,
2026-10-02,selecciones,Belgium,Turkey,Koni De Winter,BEL,on,1.5,20.0,20.0,2026-09-30T02:05:03Z,,
2026-10-02,selecciones,Belgium,Turkey,Koni De Winter,BEL,tot,0.5,1.75,1.75,2026-09-30T02:05:03Z,,
2026-10-02,selecciones,Belgium,Turkey,Koni De Winter,BEL,tot,1.5,4.5,4.5,2026-09-30T02:05:03Z,,
2026-10-02,selecciones,Belgium,Turkey,Lois Openda,BEL,on,0.5,1.1667,1.1667,2026-09-30T02:05:03Z,,
2026-10-02,selecciones,Belgium,Turkey,Lois Openda,BEL,on,1.5,2.0,2.0,2026-09-30T02:05:03Z,,
2026-10-02,selecciones,Belgium,Turkey,Lois Openda,BEL,on,2.5,4.25,4.25,2026-09-30T02:05:03Z,,
2026-10-02,selecciones,Belgium,Turkey,Lois Openda,BEL,tot,2.5,1.2728,1.2728,2026-09-30T02:05:03Z,,
2026-10-02,selecciones,Belgium,Turkey,Lois Openda,BEL,tot,3.5,1.7143,1.7143,2026-09-30T02:05:03Z,,
2026-10-02,selecciones,Belgium,Turkey,Lois Openda,BEL,tot,4.5,2.6,2.6,2026-09-30T02:05:03Z,,
2026-10-02,selecciones,Belgium,Turkey,Mandela Keita,BEL,on,0.5,2.6,2.6,2026-09-29T23:38:12Z,,
2026-10-02,selecciones,Belgium,Turkey,Mandela Keita,BEL,on,1.5,11.0,11.0,2026-09-29T23:38:12Z,,
2026-10-02,selecciones,Belgium,Turkey,Mandela Keita,BEL,tot,0.5,1.3,1.3,2026-09-29T23:38:12Z,,
2026-10-02,selecciones,Belgium,Turkey,Mandela Keita,BEL,tot,1.5,2.4546,2.4546,2026-09-29T23:38:12Z,,
2026-10-02,selecciones,Belgium,Turkey,Mandela Keita,BEL,tot,2.5,5.5,5.5,2026-09-29T23:38:12Z,,
2026-10-02,selecciones,Belgium,Turkey,Matias Fernandez,BEL,on,0.5,1.32,1.32,2026-09-30T02:05:03Z,,
2026-10-02,selecciones,Belgium,Turkey,Matias Fernandez,BEL,on,1.5,2.6667,2.6667,2026-09-30T02:05:03Z,,
2026-10-02,selecciones,Belgium,Turkey,Matias Fernandez,BEL,on,2.5,6.5,6.5,2026-09-30T02:05:03Z,,
2026-10-02,selecciones,Belgium,Turkey,Matias Fernandez,BEL,tot,1.5,1.1334,1.1334,2026-09-30T02:05:03Z,,
2026-10-02,selecciones,Belgium,Turkey,Matias Fernandez,BEL,tot,2.5,1.5,1.52,2026-09-30T02:05:03Z,,
2026-10-02,selecciones,Belgium,Turkey,Matias Fernandez,BEL,tot,3.5,2.25,2.3,2026-09-30T02:05:03Z,,
2026-10-02,selecciones,Belgium,Turkey,Maxime De Cuyper,BEL,on,0.5,1.75,1.75,2026-09-30T02:05:03Z,,
2026-10-02,selecciones,Belgium,Turkey,Maxime De Cuyper,BEL,on,1.5,5.0,5.0,2026-09-30T02:05:03Z,,
2026-10-02,selecciones,Belgium,Turkey,Maxime De Cuyper,BEL,tot,0.5,1.091,1.091,2026-09-30T02:05:03Z,,
2026-10-02,selecciones,Belgium,Turkey,Maxime De Cuyper,BEL,tot,1.5,1.6,1.6,2026-09-30T02:05:03Z,,
2026-10-02,selecciones,Belgium,Turkey,Maxime De Cuyper,BEL,tot,2.5,2.8,2.8,2026-09-30T02:05:03Z,,
2026-10-02,selecciones,Belgium,Turkey,Melih Kabasakal,TUR,on,0.5,6.0,6.0,2026-09-30T02:05:03Z,,
2026-10-02,selecciones,Belgium,Turkey,Melih Kabasakal,TUR,tot,0.5,3.1,3.1,2026-09-30T02:05:03Z,,
2026-10-02,selecciones,Belgium,Turkey,Melih Kabasakal,TUR,tot,1.5,13.0,13.0,2026-09-30T02:05:03Z,,
2026-10-02,selecciones,Belgium,Turkey,Merih Demiral,TUR,on,0.5,5.0,5.0,2026-09-29T23:38:12Z,,
2026-10-02,selecciones,Belgium,Turkey,Merih Demiral,TUR,tot,0.5,1.9,1.9,2026-09-29T23:38:12Z,,
2026-10-02,selecciones,Belgium,Turkey,Merih Demiral,TUR,tot,1.5,5.0,5.0,2026-09-29T23:38:12Z,,
2026-10-02,selecciones,Belgium,Turkey,Mika Godts,BEL,on,0.5,1.35,1.35,2026-09-30T02:05:03Z,,
2026-10-02,selecciones,Belgium,Turkey,Mika Godts,BEL,on,1.5,2.8,2.8,2026-09-30T02:05:03Z,,
2026-10-02,selecciones,Belgium,Turkey,Mika Godts,BEL,tot,1.5,1.1667,1.2308,2026-09-30T02:05:03Z,,
2026-10-02,selecciones,Belgium,Turkey,Mika Godts,BEL,tot,2.5,1.6,1.8,2026-09-30T02:05:03Z,,
2026-10-02,selecciones,Belgium,Turkey,Mika Godts,BEL,tot,3.5,2.5,3.0,2026-09-30T02:05:03Z,,
2026-10-02,selecciones,Belgium,Turkey,Mika Godts,BEL,tot,4.5,3.6667,3.6667,2026-09-29T23:38:12Z,,
2026-10-02,selecciones,Belgium,Turkey,Muhammed Kerem Akturkoglu,TUR,on,0.5,1.75,1.75,2026-09-30T02:05:03Z,,
2026-10-02,selecciones,Belgium,Turkey,Muhammed Kerem Akturkoglu,TUR,on,1.5,5.0,5.0,2026-09-30T02:05:03Z,,
2026-10-02,selecciones,Belgium,Turkey,Muhammed Kerem Akturkoglu,TUR,tot,1.5,1.4167,1.4167,2026-09-30T02:05:03Z,,
2026-10-02,selecciones,Belgium,Turkey,Muhammed Kerem Akturkoglu,TUR,tot,2.5,2.3,2.3,2026-09-30T02:05:03Z,,
2026-10-02,selecciones,Belgium,Turkey,Muhammed Kerem Akturkoglu,TUR,tot,3.5,4.25,4.25,2026-09-30T02:05:03Z,,
2026-10-02,selecciones,Belgium,Turkey,Nathan Ngoy,BEL,on,0.5,3.3334,3.3334,2026-09-30T02:05:03Z,,
2026-10-02,selecciones,Belgium,Turkey,Nathan Ngoy,BEL,on,1.5,17.0,17.0,2026-09-30T02:05:03Z,,
2026-10-02,selecciones,Belgium,Turkey,Nathan Ngoy,BEL,tot,0.5,1.6154,1.6154,2026-09-30T02:05:03Z,,
2026-10-02,selecciones,Belgium,Turkey,Nathan Ngoy,BEL,tot,1.5,4.0,4.0,2026-09-30T02:05:03Z,,
2026-10-02,selecciones,Belgium,Turkey,Nicolas Raskin,BEL,on,0.5,2.7143,2.7143,2026-09-30T02:05:03Z,,
2026-10-02,selecciones,Belgium,Turkey,Nicolas Raskin,BEL,on,1.5,11.0,11.0,2026-09-30T02:05:03Z,,
2026-10-02,selecciones,Belgium,Turkey,Nicolas Raskin,BEL,tot,0.5,1.32,1.32,2026-09-30T02:05:03Z,,
2026-10-02,selecciones,Belgium,Turkey,Nicolas Raskin,BEL,tot,1.5,2.6,2.6,2026-09-30T02:05:03Z,,
2026-10-02,selecciones,Belgium,Turkey,Nicolas Raskin,BEL,tot,2.5,6.0,6.0,2026-09-30T02:05:03Z,,
2026-10-02,selecciones,Belgium,Turkey,Oguz Aydin,TUR,on,0.5,2.3,2.3,2026-09-30T02:05:03Z,,
2026-10-02,selecciones,Belgium,Turkey,Oguz Aydin,TUR,on,1.5,8.5,8.5,2026-09-30T02:05:03Z,,
2026-10-02,selecciones,Belgium,Turkey,Oguz Aydin,TUR,tot,0.5,1.25,1.25,2026-09-30T02:05:03Z,,
2026-10-02,selecciones,Belgium,Turkey,Oguz Aydin,TUR,tot,1.5,2.25,2.25,2026-09-30T02:05:03Z,,
2026-10-02,selecciones,Belgium,Turkey,Oguz Aydin,TUR,tot,2.5,4.75,4.75,2026-09-30T02:05:03Z,,
2026-10-02,selecciones,Belgium,Turkey,Orkun Kokcu,TUR,on,0.5,2.2,2.2,2026-09-30T02:05:03Z,,
2026-10-02,selecciones,Belgium,Turkey,Orkun Kokcu,TUR,on,1.5,8.0,8.0,2026-09-30T02:05:03Z,,
2026-10-02,selecciones,Belgium,Turkey,Orkun Kokcu,TUR,tot,0.5,1.1667,1.1667,2026-09-30T02:05:03Z,,
2026-10-02,selecciones,Belgium,Turkey,Orkun Kokcu,TUR,tot,1.5,1.9,1.9,2026-09-30T02:05:03Z,,
2026-10-02,selecciones,Belgium,Turkey,Orkun Kokcu,TUR,tot,2.5,3.8,3.8,2026-09-30T02:05:03Z,,
2026-10-02,selecciones,Belgium,Turkey,Ozan Kabak,TUR,on,0.5,3.2,3.2,2026-09-30T02:05:03Z,,
2026-10-02,selecciones,Belgium,Turkey,Ozan Kabak,TUR,on,1.5,17.0,17.0,2026-09-30T02:05:03Z,,
2026-10-02,selecciones,Belgium,Turkey,Ozan Kabak,TUR,tot,0.5,1.5455,1.5455,2026-09-30T02:05:03Z,,
2026-10-02,selecciones,Belgium,Turkey,Ozan Kabak,TUR,tot,1.5,3.6,3.6,2026-09-30T02:05:03Z,,
2026-10-02,selecciones,Belgium,Turkey,Romelu Lukaku,BEL,on,0.5,1.1334,1.1334,2026-09-30T01:14:23Z,,
2026-10-02,selecciones,Belgium,Turkey,Romelu Lukaku,BEL,on,1.5,1.8182,1.8182,2026-09-30T01:14:23Z,,
2026-10-02,selecciones,Belgium,Turkey,Romelu Lukaku,BEL,on,2.5,3.6,3.6,2026-09-30T01:14:23Z,,
2026-10-02,selecciones,Belgium,Turkey,Romelu Lukaku,BEL,tot,2.5,1.2308,1.2308,2026-09-30T01:14:23Z,,
2026-10-02,selecciones,Belgium,Turkey,Romelu Lukaku,BEL,tot,3.5,1.6154,1.6154,2026-09-30T01:14:23Z,,
2026-10-02,selecciones,Belgium,Turkey,Romelu Lukaku,BEL,tot,4.5,2.3637,2.3637,2026-09-30T01:14:23Z,,
2026-10-02,selecciones,Belgium,Turkey,Romeo Lavia,BEL,on,0.5,2.1429,2.1429,2026-09-30T02:05:03Z,,
2026-10-02,selecciones,Belgium,Turkey,Romeo Lavia,BEL,on,1.5,7.5,7.5,2026-09-30T02:05:03Z,,
2026-10-02,selecciones,Belgium,Turkey,Romeo Lavia,BEL,tot,0.5,1.1819,1.1819,2026-09-30T02:05:03Z,,
2026-10-02,selecciones,Belgium,Turkey,Romeo Lavia,BEL,tot,1.5,1.95,1.95,2026-09-30T02:05:03Z,,
2026-10-02,selecciones,Belgium,Turkey,Romeo Lavia,BEL,tot,2.5,4.0,4.0,2026-09-30T02:05:03Z,,
2026-10-02,selecciones,Belgium,Turkey,Salih Ozcan,TUR,on,0.5,5.5,5.5,2026-09-30T02:05:03Z,,
2026-10-02,selecciones,Belgium,Turkey,Salih Ozcan,TUR,tot,0.5,2.2,2.2,2026-09-30T02:05:03Z,,
2026-10-02,selecciones,Belgium,Turkey,Salih Ozcan,TUR,tot,1.5,7.0,7.0,2026-09-30T02:05:03Z,,
2026-10-02,selecciones,Belgium,Turkey,Samet Akaydin,TUR,on,0.5,5.0,5.0,2026-09-30T02:05:03Z,,
2026-10-02,selecciones,Belgium,Turkey,Samet Akaydin,TUR,tot,0.5,2.1429,2.1429,2026-09-30T02:05:03Z,,
2026-10-02,selecciones,Belgium,Turkey,Samet Akaydin,TUR,tot,1.5,6.5,6.5,2026-09-30T02:05:03Z,,
2026-10-02,selecciones,Belgium,Turkey,Timothy Castagne,BEL,on,0.5,3.2,3.2,2026-09-30T02:05:03Z,,
2026-10-02,selecciones,Belgium,Turkey,Timothy Castagne,BEL,on,1.5,17.0,17.0,2026-09-30T02:05:03Z,,
2026-10-02,selecciones,Belgium,Turkey,Timothy Castagne,BEL,tot,0.5,1.6,1.6,2026-09-30T02:05:03Z,,
2026-10-02,selecciones,Belgium,Turkey,Timothy Castagne,BEL,tot,1.5,3.8,3.8,2026-09-30T02:05:03Z,,
2026-10-02,selecciones,Belgium,Turkey,Youri Tielemans,BEL,on,0.5,1.8,1.8,2026-09-30T01:14:23Z,,
2026-10-02,selecciones,Belgium,Turkey,Youri Tielemans,BEL,on,1.5,5.0,5.0,2026-09-30T01:14:23Z,,
2026-10-02,selecciones,Belgium,Turkey,Youri Tielemans,BEL,tot,0.5,1.077,1.077,2026-09-30T01:14:23Z,,
2026-10-02,selecciones,Belgium,Turkey,Youri Tielemans,BEL,tot,1.5,1.5834,1.5834,2026-09-30T01:14:23Z,,
2026-10-02,selecciones,Belgium,Turkey,Youri Tielemans,BEL,tot,2.5,2.75,2.75,2026-09-30T01:14:23Z,,
2026-10-02,selecciones,Belgium,Turkey,Yunus Akgun,TUR,on,0.5,1.875,1.875,2026-09-30T02:05:03Z,,
2026-10-02,selecciones,Belgium,Turkey,Yunus Akgun,TUR,on,1.5,5.5,5.5,2026-09-30T02:05:03Z,,
2026-10-02,selecciones,Belgium,Turkey,Yunus Akgun,TUR,tot,0.5,1.091,1.091,2026-09-30T02:05:03Z,,
2026-10-02,selecciones,Belgium,Turkey,Yunus Akgun,TUR,tot,1.5,1.6,1.6,2026-09-30T02:05:03Z,,
2026-10-02,selecciones,Belgium,Turkey,Yunus Akgun,TUR,tot,2.5,2.8,2.8,2026-09-30T02:05:03Z,,
2026-10-02,selecciones,Belgium,Turkey,Zeki Celik,TUR,on,0.5,5.0,5.0,2026-09-29T22:05:53Z,,
2026-10-02,selecciones,Belgium,Turkey,Zeki Celik,TUR,tot,0.5,2.25,2.25,2026-09-29T22:05:53Z,,
2026-10-02,selecciones,Belgium,Turkey,Zeki Celik,TUR,tot,1.5,7.0,7.0,2026-09-29T22:05:53Z,,
2026-10-02,selecciones,Belgium,Turkey,Zeno Debast,BEL,on,0.5,3.5,3.5,2026-09-30T02:05:03Z,,
2026-10-02,selecciones,Belgium,Turkey,Zeno Debast,BEL,on,1.5,19.0,19.0,2026-09-30T02:05:03Z,,
2026-10-02,selecciones,Belgium,Turkey,Zeno Debast,BEL,tot,0.5,1.75,1.75,2026-09-30T02:05:03Z,,
2026-10-02,selecciones,Belgium,Turkey,Zeno Debast,BEL,tot,1.5,4.5,4.5,2026-09-30T02:05:03Z,,
2026-10-02,selecciones,France,Italy,Adrien Rabiot,FRA,on,0.5,1.7143,1.7143,2026-09-30T02:05:03Z,,
2026-10-02,selecciones,France,Italy,Adrien Rabiot,FRA,on,1.5,4.75,4.75,2026-09-30T02:05:03Z,,
2026-10-02,selecciones,France,Italy,Adrien Rabiot,FRA,tot,0.5,1.06,1.06,2026-09-30T02:05:03Z,,
2026-10-02,selecciones,France,Italy,Adrien Rabiot,FRA,tot,1.5,1.5,1.5,2026-09-30T02:05:03Z,,
2026-10-02,selecciones,France,Italy,Adrien Rabiot,FRA,tot,2.5,2.5,2.5,2026-09-30T02:05:03Z,,
2026-10-02,selecciones,France,Italy,Adrien Truffert,FRA,on,0.5,2.6667,2.5,2026-09-30T02:05:03Z,,
2026-10-02,selecciones,France,Italy,Adrien Truffert,FRA,on,1.5,11.0,10.0,2026-09-30T02:05:03Z,,
2026-10-02,selecciones,France,Italy,Adrien Truffert,FRA,tot,0.5,1.4167,1.3847,2026-09-30T02:05:03Z,,
2026-10-02,selecciones,France,Italy,Adrien Truffert,FRA,tot,1.5,3.0,2.8572,2026-09-30T02:05:03Z,,
2026-10-02,selecciones,France,Italy,Alessandro Bastoni,ITA,on,0.5,5.0,5.0,2026-09-30T02:05:03Z,,
2026-10-02,selecciones,France,Italy,Alessandro Bastoni,ITA,tot,0.5,2.1429,2.1429,2026-09-30T02:05:03Z,,
2026-10-02,selecciones,France,Italy,Alessandro Bastoni,ITA,tot,1.5,6.5,6.5,2026-09-30T02:05:03Z,,
2026-10-02,selecciones,France,Italy,Alessandro Gianni Romano,ITA,on,0.5,2.3637,2.25,2026-09-30T02:05:03Z,,
2026-10-02,selecciones,France,Italy,Alessandro Gianni Romano,ITA,on,1.5,9.0,8.0,2026-09-30T02:05:03Z,,
2026-10-02,selecciones,France,Italy,Alessandro Gianni Romano,ITA,tot,0.5,1.3,1.2858,2026-09-30T02:05:03Z,,
2026-10-02,selecciones,France,Italy,Alessandro Gianni Romano,ITA,tot,1.5,2.5,2.3637,2026-09-30T02:05:03Z,,
2026-10-02,selecciones,France,Italy,Alessandro Gianni Romano,ITA,tot,2.5,5.5,5.0,2026-09-30T02:05:03Z,,
2026-10-02,selecciones,France,Italy,Andy Diouf,FRA,on,0.5,1.9,1.9,2026-09-30T01:14:23Z,,
2026-10-02,selecciones,France,Italy,Andy Diouf,FRA,on,1.5,6.0,6.0,2026-09-30T01:14:23Z,,
2026-10-02,selecciones,France,Italy,Andy Diouf,FRA,tot,0.5,1.06,1.06,2026-09-30T01:14:23Z,,
2026-10-02,selecciones,France,Italy,Andy Diouf,FRA,tot,1.5,1.52,1.52,2026-09-30T01:14:23Z,,
2026-10-02,selecciones,France,Italy,Andy Diouf,FRA,tot,2.5,2.6,2.6,2026-09-30T01:14:23Z,,
2026-10-02,selecciones,France,Italy,Antonio Vergara,ITA,on,0.5,1.85,1.95,2026-09-29T23:38:12Z,,
2026-10-02,selecciones,France,Italy,Antonio Vergara,ITA,on,1.5,5.5,6.0,2026-09-29T23:38:12Z,,
2026-10-02,selecciones,France,Italy,Antonio Vergara,ITA,tot,0.5,1.1334,1.1539,2026-09-29T23:38:12Z,,
2026-10-02,selecciones,France,Italy,Antonio Vergara,ITA,tot,1.5,1.75,1.9,2026-09-29T23:38:12Z,,
2026-10-02,selecciones,France,Italy,Antonio Vergara,ITA,tot,2.5,3.2,3.6667,2026-09-29T23:38:12Z,,
2026-10-02,selecciones,France,Italy,Bradley Barcola,FRA,on,0.5,1.32,1.3,2026-09-30T01:14:23Z,,
2026-10-02,selecciones,France,Italy,Bradley Barcola,FRA,on,1.5,2.6667,2.5455,2026-09-30T01:14:23Z,,
2026-10-02,selecciones,France,Italy,Bradley Barcola,FRA,on,2.5,6.5,6.0,2026-09-30T01:14:23Z,,
2026-10-02,selecciones,France,Italy,Bradley Barcola,FRA,tot,2.5,1.5,1.4546,2026-09-30T01:14:23Z,,
2026-10-02,selecciones,France,Italy,Bradley Barcola,FRA,tot,3.5,2.25,2.1,2026-09-30T01:14:23Z,,
2026-10-02,selecciones,France,Italy,Bradley Barcola,FRA,tot,4.5,3.8,3.4,2026-09-30T01:14:23Z,,
2026-10-02,selecciones,France,Italy,Daniele Ghilardi,ITA,on,0.5,5.0,5.0,2026-09-30T02:05:03Z,,
2026-10-02,selecciones,France,Italy,Daniele Ghilardi,ITA,tot,0.5,2.4,2.3,2026-09-30T02:05:03Z,,
2026-10-02,selecciones,France,Italy,Daniele Ghilardi,ITA,tot,1.5,8.0,7.5,2026-09-30T02:05:03Z,,
2026-10-02,selecciones,France,Italy,Davide Frattesi,ITA,on,0.5,1.875,1.875,2026-09-30T02:05:03Z,,
2026-10-02,selecciones,France,Italy,Davide Frattesi,ITA,on,1.5,5.5,5.5,2026-09-30T02:05:03Z,,
2026-10-02,selecciones,France,Italy,Davide Frattesi,ITA,tot,0.5,1.1112,1.1112,2026-09-30T02:05:03Z,,
2026-10-02,selecciones,France,Italy,Davide Frattesi,ITA,tot,1.5,1.7,1.7,2026-09-30T02:05:03Z,,
2026-10-02,selecciones,France,Italy,Davide Frattesi,ITA,tot,2.5,3.1,3.1,2026-09-30T02:05:03Z,,
2026-10-02,selecciones,France,Italy,Dayot Upamecano,FRA,on,0.5,3.5,3.5,2026-09-30T02:05:03Z,,
2026-10-02,selecciones,France,Italy,Dayot Upamecano,FRA,on,1.5,19.0,19.0,2026-09-30T02:05:03Z,,
2026-10-02,selecciones,France,Italy,Dayot Upamecano,FRA,tot,0.5,1.68,1.68,2026-09-30T02:05:03Z,,
2026-10-02,selecciones,France,Italy,Dayot Upamecano,FRA,tot,1.5,4.0,4.0,2026-09-30T02:05:03Z,,
2026-10-02,selecciones,France,Italy,Desire Doue,FRA,on,0.5,1.2,1.2,2026-09-30T02:05:03Z,,
2026-10-02,selecciones,France,Italy,Desire Doue,FRA,on,1.5,2.1,2.1,2026-09-30T02:05:03Z,,
2026-10-02,selecciones,France,Italy,Desire Doue,FRA,on,2.5,4.5,4.5,2026-09-30T02:05:03Z,,
2026-10-02,selecciones,France,Italy,Desire Doue,FRA,tot,2.5,1.3847,1.32,2026-09-30T02:05:03Z,,
2026-10-02,selecciones,France,Italy,Desire Doue,FRA,tot,3.5,1.95,1.85,2026-09-30T02:05:03Z,,
2026-10-02,selecciones,France,Italy,Desire Doue,FRA,tot,4.5,3.1,2.9,2026-09-30T02:05:03Z,,
2026-10-02,selecciones,France,Italy,Eduardo Camavinga,FRA,on,0.5,3.3334,3.1,2026-09-30T01:14:23Z,,
2026-10-02,selecciones,France,Italy,Eduardo Camavinga,FRA,on,1.5,17.0,15.0,2026-09-30T01:14:23Z,,
2026-10-02,selecciones,France,Italy,Eduardo Camavinga,FRA,tot,0.5,1.5,1.4167,2026-09-30T01:14:23Z,,
2026-10-02,selecciones,France,Italy,Eduardo Camavinga,FRA,tot,1.5,3.3334,3.0,2026-09-30T01:14:23Z,,
2026-10-02,selecciones,France,Italy,Esteban Lepaul,FRA,on,0.5,1.1,1.1,2026-09-30T01:14:23Z,,
2026-10-02,selecciones,France,Italy,Esteban Lepaul,FRA,on,1.5,1.7,1.7,2026-09-30T01:14:23Z,,
2026-10-02,selecciones,France,Italy,Esteban Lepaul,FRA,on,2.5,3.2,3.2,2026-09-30T01:14:23Z,,
2026-10-02,selecciones,France,Italy,Esteban Lepaul,FRA,tot,2.5,1.2,1.1819,2026-09-30T01:14:23Z,,
2026-10-02,selecciones,France,Italy,Esteban Lepaul,FRA,tot,3.5,1.5455,1.5455,2026-09-30T01:14:23Z,,
2026-10-02,selecciones,France,Italy,Esteban Lepaul,FRA,tot,4.5,2.25,2.2,2026-09-30T01:14:23Z,,
2026-10-02,selecciones,France,Italy,Francesco Pio Esposito,ITA,on,0.5,1.4,1.4,2026-09-30T02:05:03Z,,
2026-10-02,selecciones,France,Italy,Francesco Pio Esposito,ITA,on,1.5,3.0,3.0,2026-09-30T02:05:03Z,,
2026-10-02,selecciones,France,Italy,Francesco Pio Esposito,ITA,tot,1.5,1.2858,1.2858,2026-09-30T02:05:03Z,,
2026-10-02,selecciones,France,Italy,Francesco Pio Esposito,ITA,tot,2.5,1.9,1.9,2026-09-30T02:05:03Z,,
2026-10-02,selecciones,France,Italy,Francesco Pio Esposito,ITA,tot,3.5,3.3334,3.3334,2026-09-30T02:05:03Z,,
2026-10-02,selecciones,France,Italy,Giacomo Raspadori,ITA,on,0.5,1.4167,1.4167,2026-09-30T01:14:23Z,,
2026-10-02,selecciones,France,Italy,Giacomo Raspadori,ITA,on,1.5,3.1,3.1,2026-09-30T01:14:23Z,,
2026-10-02,selecciones,France,Italy,Giacomo Raspadori,ITA,tot,1.5,1.2308,1.2308,2026-09-30T01:14:23Z,,
2026-10-02,selecciones,France,Italy,Giacomo Raspadori,ITA,tot,2.5,1.8,1.8,2026-09-30T01:14:23Z,,
2026-10-02,selecciones,France,Italy,Giacomo Raspadori,ITA,tot,3.5,3.0,3.0,2026-09-30T01:14:23Z,,
2026-10-02,selecciones,France,Italy,Gianluca Scamacca,ITA,on,0.5,1.3,1.3,2026-09-30T02:05:03Z,,
2026-10-02,selecciones,France,Italy,Gianluca Scamacca,ITA,on,1.5,2.5455,2.6,2026-09-30T02:05:03Z,,
2026-10-02,selecciones,France,Italy,Gianluca Scamacca,ITA,on,2.5,6.0,6.5,2026-09-30T02:05:03Z,,
2026-10-02,selecciones,France,Italy,Gianluca Scamacca,ITA,tot,1.5,1.1667,1.2,2026-09-30T02:05:03Z,,
2026-10-02,selecciones,France,Italy,Gianluca Scamacca,ITA,tot,2.5,1.6154,1.7143,2026-09-30T02:05:03Z,,
2026-10-02,selecciones,France,Italy,Gianluca Scamacca,ITA,tot,3.5,2.5455,2.75,2026-09-30T02:05:03Z,,
2026-10-02,selecciones,France,Italy,Gianluca Scamacca,ITA,tot,4.5,3.6667,3.6667,2026-09-29T22:05:53Z,,
2026-10-02,selecciones,France,Italy,Giorgio Scalvini,ITA,on,0.5,4.75,4.75,2026-09-30T02:05:03Z,,
2026-10-02,selecciones,France,Italy,Giorgio Scalvini,ITA,tot,0.5,2.0,2.05,2026-09-30T02:05:03Z,,
2026-10-02,selecciones,France,Italy,Giorgio Scalvini,ITA,tot,1.5,5.5,6.0,2026-09-30T02:05:03Z,,
2026-10-02,selecciones,France,Italy,Giovanni Di Lorenzo,ITA,on,0.5,4.0,3.8,2026-09-29T23:38:12Z,,
2026-10-02,selecciones,France,Italy,Giovanni Di Lorenzo,ITA,tot,0.5,1.875,1.7778,2026-09-29T23:38:12Z,,
2026-10-02,selecciones,France,Italy,Giovanni Di Lorenzo,ITA,tot,1.5,5.0,4.5,2026-09-29T23:38:12Z,,
2026-10-02,selecciones,France,Italy,Issa Doumbia,ITA,on,0.5,2.3637,2.25,2026-09-30T02:05:03Z,,
2026-10-02,selecciones,France,Italy,Issa Doumbia,ITA,on,1.5,9.0,8.5,2026-09-30T02:05:03Z,,
2026-10-02,selecciones,France,Italy,Issa Doumbia,ITA,tot,0.5,1.32,1.2858,2026-09-30T02:05:03Z,,
2026-10-02,selecciones,France,Italy,Issa Doumbia,ITA,tot,1.5,2.5455,2.3637,2026-09-30T02:05:03Z,,
2026-10-02,selecciones,France,Italy,Issa Doumbia,ITA,tot,2.5,6.0,5.0,2026-09-30T02:05:03Z,,
2026-10-02,selecciones,France,Italy,Jeremy Jacquet,FRA,on,0.5,3.2,3.4,2026-09-30T02:05:03Z,,
2026-10-02,selecciones,France,Italy,Jeremy Jacquet,FRA,on,1.5,16.0,18.0,2026-09-30T02:05:03Z,,
2026-10-02,selecciones,France,Italy,Jeremy Jacquet,FRA,tot,0.5,1.52,1.6154,2026-09-30T02:05:03Z,,
2026-10-02,selecciones,France,Italy,Jeremy Jacquet,FRA,tot,1.5,3.5,4.0,2026-09-30T02:05:03Z,,
2026-10-02,selecciones,France,Italy,Jules Kounde,FRA,on,0.5,3.2,3.4,2026-09-30T02:05:03Z,,
2026-10-02,selecciones,France,Italy,Jules Kounde,FRA,on,1.5,16.0,18.0,2026-09-30T02:05:03Z,,
2026-10-02,selecciones,France,Italy,Jules Kounde,FRA,tot,0.5,1.52,1.6154,2026-09-30T02:05:03Z,,
2026-10-02,selecciones,France,Italy,Jules Kounde,FRA,tot,1.5,3.5,4.0,2026-09-30T02:05:03Z,,
2026-10-02,selecciones,France,Italy,Kouadio Kone,FRA,on,0.5,2.4546,2.3637,2026-09-30T01:14:23Z,,
2026-10-02,selecciones,France,Italy,Kouadio Kone,FRA,on,1.5,10.0,9.0,2026-09-30T01:14:23Z,,
2026-10-02,selecciones,France,Italy,Kouadio Kone,FRA,tot,0.5,1.2858,1.2308,2026-09-30T01:14:23Z,,
2026-10-02,selecciones,France,Italy,Kouadio Kone,FRA,tot,1.5,2.3637,2.1429,2026-09-30T01:14:23Z,,
2026-10-02,selecciones,France,Italy,Kouadio Kone,FRA,tot,2.5,5.0,4.5,2026-09-30T01:14:23Z,,
2026-10-02,selecciones,France,Italy,Leny Yoro,FRA,on,0.5,3.4,3.4,2026-09-30T01:14:23Z,,
2026-10-02,selecciones,France,Italy,Leny Yoro,FRA,on,1.5,18.0,18.0,2026-09-30T01:14:23Z,,
2026-10-02,selecciones,France,Italy,Leny Yoro,FRA,tot,0.5,1.8182,1.8182,2026-09-30T01:14:23Z,,
2026-10-02,selecciones,France,Italy,Leny Yoro,FRA,tot,1.5,5.0,5.0,2026-09-30T01:14:23Z,,
2026-10-02,selecciones,France,Italy,Lucas Da Cunha,FRA,on,0.5,1.5834,1.5834,2026-09-30T02:05:03Z,,
2026-10-02,selecciones,France,Italy,Lucas Da Cunha,FRA,on,1.5,4.0,4.0,2026-09-30T02:05:03Z,,
2026-10-02,selecciones,France,Italy,Lucas Da Cunha,FRA,tot,1.5,1.3847,1.3847,2026-09-30T02:05:03Z,,
2026-10-02,selecciones,France,Italy,Lucas Da Cunha,FRA,tot,2.5,2.1429,2.1429,2026-09-30T02:05:03Z,,
2026-10-02,selecciones,France,Italy,Lucas Da Cunha,FRA,tot,3.5,4.0,4.0,2026-09-30T02:05:03Z,,
2026-10-02,selecciones,France,Italy,Maghnes Akliouche,FRA,on,0.5,1.5455,1.5455,2026-09-30T02:05:03Z,,
2026-10-02,selecciones,France,Italy,Maghnes Akliouche,FRA,on,1.5,3.8,3.8,2026-09-30T02:05:03Z,,
2026-10-02,selecciones,France,Italy,Maghnes Akliouche,FRA,tot,1.5,1.2308,1.2308,2026-09-30T02:05:03Z,,
2026-10-02,selecciones,France,Italy,Maghnes Akliouche,FRA,tot,2.5,1.7778,1.7778,2026-09-30T02:05:03Z,,
2026-10-02,selecciones,France,Italy,Maghnes Akliouche,FRA,tot,3.5,2.9,2.9,2026-09-30T02:05:03Z,,
2026-10-02,selecciones,France,Italy,Maxence Lacroix,FRA,on,0.5,3.0,3.3334,2026-09-30T02:05:03Z,,
2026-10-02,selecciones,France,Italy,Maxence Lacroix,FRA,on,1.5,14.0,17.0,2026-09-30T02:05:03Z,,
2026-10-02,selecciones,France,Italy,Maxence Lacroix,FRA,tot,0.5,1.4546,1.5834,2026-09-30T02:05:03Z,,
2026-10-02,selecciones,France,Italy,Maxence Lacroix,FRA,tot,1.5,3.1,3.6667,2026-09-30T02:05:03Z,,
2026-10-02,selecciones,France,Italy,Michael Olabode Kayode,ITA,on,0.5,3.3334,3.3334,2026-09-30T02:05:03Z,,
2026-10-02,selecciones,France,Italy,Michael Olabode Kayode,ITA,on,1.5,17.0,17.0,2026-09-30T02:05:03Z,,
2026-10-02,selecciones,France,Italy,Michael Olabode Kayode,ITA,tot,0.5,1.7143,1.7143,2026-09-30T02:05:03Z,,
2026-10-02,selecciones,France,Italy,Michael Olabode Kayode,ITA,tot,1.5,4.25,4.25,2026-09-30T02:05:03Z,,
2026-10-02,selecciones,France,Italy,Michael Olise,FRA,on,0.5,1.2,1.2,2026-09-30T02:05:03Z,,
2026-10-02,selecciones,France,Italy,Michael Olise,FRA,on,1.5,2.1429,2.1429,2026-09-30T02:05:03Z,,
2026-10-02,selecciones,France,Italy,Michael Olise,FRA,on,2.5,4.75,4.75,2026-09-30T02:05:03Z,,
2026-10-02,selecciones,France,Italy,Michael Olise,FRA,tot,2.5,1.2858,1.2858,2026-09-30T02:05:03Z,,
2026-10-02,selecciones,France,Italy,Michael Olise,FRA,tot,3.5,1.75,1.75,2026-09-30T02:05:03Z,,
2026-10-02,selecciones,France,Italy,Michael Olise,FRA,tot,4.5,2.6,2.6,2026-09-30T02:05:03Z,,
2026-10-02,selecciones,France,Italy,Moise Kean,ITA,on,0.5,1.25,1.25,2026-09-30T02:05:03Z,,
2026-10-02,selecciones,France,Italy,Moise Kean,ITA,on,1.5,2.3,2.4,2026-09-30T02:05:03Z,,
2026-10-02,selecciones,France,Italy,Moise Kean,ITA,on,2.5,5.5,5.5,2026-09-30T02:05:03Z,,
2026-10-02,selecciones,France,Italy,Moise Kean,ITA,tot,2.5,1.4546,1.5,2026-09-30T02:05:03Z,,
2026-10-02,selecciones,France,Italy,Moise Kean,ITA,tot,3.5,2.1429,2.25,2026-09-30T02:05:03Z,,
2026-10-02,selecciones,France,Italy,Moise Kean,ITA,tot,4.5,3.5,3.8,2026-09-30T02:05:03Z,,
2026-10-02,selecciones,France,Italy,Nicolo Cambiaghi,ITA,on,0.5,1.9,1.9,2026-09-30T02:05:03Z,,
2026-10-02,selecciones,France,Italy,Nicolo Cambiaghi,ITA,on,1.5,6.0,6.0,2026-09-30T02:05:03Z,,
2026-10-02,selecciones,France,Italy,Nicolo Cambiaghi,ITA,tot,0.5,1.1539,1.1539,2026-09-30T02:05:03Z,,
2026-10-02,selecciones,France,Italy,Nicolo Cambiaghi,ITA,tot,1.5,1.85,1.85,2026-09-30T02:05:03Z,,
2026-10-02,selecciones,France,Italy,Nicolo Cambiaghi,ITA,tot,2.5,3.6,3.6,2026-09-30T02:05:03Z,,
2026-10-02,selecciones,France,Italy,Nicolo Fagioli,ITA,on,0.5,3.0,3.0,2026-09-30T02:05:03Z,,
2026-10-02,selecciones,France,Italy,Nicolo Fagioli,ITA,on,1.5,14.0,14.0,2026-09-30T02:05:03Z,,
2026-10-02,selecciones,France,Italy,Nicolo Fagioli,ITA,tot,0.5,1.4546,1.4546,2026-09-30T02:05:03Z,,
2026-10-02,selecciones,France,Italy,Nicolo Fagioli,ITA,tot,1.5,3.1,3.1,2026-09-30T02:05:03Z,,
2026-10-02,selecciones,France,Italy,Ousmane Dembele,FRA,on,0.5,1.0715,1.0715,2026-09-30T02:05:03Z,,
2026-10-02,selecciones,France,Italy,Ousmane Dembele,FRA,on,1.5,1.6,1.6,2026-09-30T02:05:03Z,,
2026-10-02,selecciones,France,Italy,Ousmane Dembele,FRA,on,2.5,2.9,2.9,2026-09-30T02:05:03Z,,
2026-10-02,selecciones,France,Italy,Ousmane Dembele,FRA,tot,3.5,1.2858,1.2858,2026-09-30T02:05:03Z,,
2026-10-02,selecciones,France,Italy,Ousmane Dembele,FRA,tot,4.5,1.68,1.68,2026-09-30T02:05:03Z,,
2026-10-02,selecciones,France,Italy,Ousmane Dembele,FRA,tot,5.5,2.4,2.4,2026-09-30T02:05:03Z,,
2026-10-02,selecciones,France,Italy,Pierre Kalulu,FRA,on,0.5,3.5,3.5,2026-09-30T02:05:03Z,,
2026-10-02,selecciones,France,Italy,Pierre Kalulu,FRA,on,1.5,19.0,19.0,2026-09-30T02:05:03Z,,
2026-10-02,selecciones,France,Italy,Pierre Kalulu,FRA,tot,0.5,1.75,1.75,2026-09-30T02:05:03Z,,
2026-10-02,selecciones,France,Italy,Pierre Kalulu,FRA,tot,1.5,4.5,4.5,2026-09-30T02:05:03Z,,
2026-10-02,selecciones,France,Italy,Rayan Cherki,FRA,on,0.5,1.4546,1.4546,2026-09-30T02:05:03Z,,
2026-10-02,selecciones,France,Italy,Rayan Cherki,FRA,on,1.5,3.4,3.3334,2026-09-30T02:05:03Z,,
2026-10-02,selecciones,France,Italy,Rayan Cherki,FRA,tot,1.5,1.1819,1.1667,2026-09-30T02:05:03Z,,
2026-10-02,selecciones,France,Italy,Rayan Cherki,FRA,tot,2.5,1.68,1.6154,2026-09-30T02:05:03Z,,
2026-10-02,selecciones,France,Italy,Rayan Cherki,FRA,tot,3.5,2.6667,2.5455,2026-09-30T02:05:03Z,,
2026-10-02,selecciones,France,Italy,Riccardo Calafiori,ITA,on,0.5,3.4,4.0,2026-09-30T02:05:03Z,,
2026-10-02,selecciones,France,Italy,Riccardo Calafiori,ITA,on,1.5,18.0,15.0,2026-09-29T23:38:12Z,,
2026-10-02,selecciones,France,Italy,Riccardo Calafiori,ITA,tot,0.5,1.52,1.5834,2026-09-30T02:05:03Z,,
2026-10-02,selecciones,France,Italy,Riccardo Calafiori,ITA,tot,1.5,3.5,3.6667,2026-09-30T02:05:03Z,,
2026-10-02,selecciones,France,Italy,Rolando Mandragora,ITA,on,0.5,2.1429,2.1429,2026-09-30T02:05:03Z,,
2026-10-02,selecciones,France,Italy,Rolando Mandragora,ITA,on,1.5,7.5,7.5,2026-09-30T02:05:03Z,,
2026-10-02,selecciones,France,Italy,Rolando Mandragora,ITA,tot,0.5,1.2728,1.2728,2026-09-30T02:05:03Z,,
2026-10-02,selecciones,France,Italy,Rolando Mandragora,ITA,tot,1.5,2.3,2.3,2026-09-30T02:05:03Z,,
2026-10-02,selecciones,France,Italy,Rolando Mandragora,ITA,tot,2.5,5.0,5.0,2026-09-30T02:05:03Z,,
2026-10-02,selecciones,France,Italy,Sandro Tonali,ITA,on,0.5,2.4,2.6,2026-09-30T01:14:23Z,,
2026-10-02,selecciones,France,Italy,Sandro Tonali,ITA,on,1.5,9.5,11.0,2026-09-30T01:14:23Z,,
2026-10-02,selecciones,France,Italy,Sandro Tonali,ITA,tot,0.5,1.2308,1.2728,2026-09-30T01:14:23Z,,
2026-10-02,selecciones,France,Italy,Sandro Tonali,ITA,tot,1.5,2.1429,2.3,2026-09-30T01:14:23Z,,
2026-10-02,selecciones,France,Italy,Sandro Tonali,ITA,tot,2.5,4.5,5.0,2026-09-30T01:14:23Z,,
2026-10-02,selecciones,France,Italy,Sebastiano Esposito,ITA,on,0.5,1.4546,1.4546,2026-09-30T02:05:03Z,,
2026-10-02,selecciones,France,Italy,Sebastiano Esposito,ITA,on,1.5,3.4,3.4,2026-09-30T02:05:03Z,,
2026-10-02,selecciones,France,Italy,Sebastiano Esposito,ITA,tot,1.5,1.35,1.35,2026-09-30T02:05:03Z,,
2026-10-02,selecciones,France,Italy,Sebastiano Esposito,ITA,tot,2.5,2.1,2.1,2026-09-30T02:05:03Z,,
2026-10-02,selecciones,France,Italy,Sebastiano Esposito,ITA,tot,3.5,3.6667,3.6667,2026-09-30T02:05:03Z,,
2026-10-02,bra_serie_b,Novorizontino,Goiás,Alexandre de Almeida da Silva Junior,GRN,on,0.5,1.6,1.6,2026-09-30T02:05:03Z,,
2026-10-02,bra_serie_b,Novorizontino,Goiás,Alexandre de Almeida da Silva Junior,GRN,on,1.5,4.0,4.0,2026-09-30T02:05:03Z,,
2026-10-02,bra_serie_b,Novorizontino,Goiás,Alexandre de Almeida da Silva Junior,GRN,tot,1.5,1.1667,1.1667,2026-09-30T02:05:03Z,,
2026-10-02,bra_serie_b,Novorizontino,Goiás,Alexandre de Almeida da Silva Junior,GRN,tot,2.5,1.6471,1.6471,2026-09-30T02:05:03Z,,
2026-10-02,bra_serie_b,Novorizontino,Goiás,Alexandre de Almeida da Silva Junior,GRN,tot,3.5,2.6,2.6,2026-09-30T02:05:03Z,,
2026-10-02,bra_serie_b,Novorizontino,Goiás,Alexis Alvarino,GRN,on,0.5,4.0,4.0,2026-09-30T02:05:03Z,,
2026-10-02,bra_serie_b,Novorizontino,Goiás,Alexis Alvarino,GRN,tot,0.5,1.68,1.68,2026-09-30T02:05:03Z,,
2026-10-02,bra_serie_b,Novorizontino,Goiás,Alexis Alvarino,GRN,tot,1.5,4.25,4.25,2026-09-30T02:05:03Z,,
2026-10-02,bra_serie_b,Novorizontino,Goiás,Brayann Brito Bautista,GGO,on,0.5,2.6667,2.6667,2026-09-30T02:05:03Z,,
2026-10-02,bra_serie_b,Novorizontino,Goiás,Brayann Brito Bautista,GGO,on,1.5,11.0,11.0,2026-09-30T02:05:03Z,,
2026-10-02,bra_serie_b,Novorizontino,Goiás,Brayann Brito Bautista,GGO,tot,0.5,1.3,1.3,2026-09-30T02:05:03Z,,
2026-10-02,bra_serie_b,Novorizontino,Goiás,Brayann Brito Bautista,GGO,tot,1.5,2.5455,2.5455,2026-09-30T02:05:03Z,,
2026-10-02,bra_serie_b,Novorizontino,Goiás,Brayann Brito Bautista,GGO,tot,2.5,6.0,6.0,2026-09-30T02:05:03Z,,
2026-10-02,bra_serie_b,Novorizontino,Goiás,Carlos Eduardo,GGO,on,0.5,2.6,2.6,2026-09-30T01:14:23Z,,
2026-10-02,bra_serie_b,Novorizontino,Goiás,Carlos Eduardo,GGO,on,1.5,11.0,11.0,2026-09-30T01:14:23Z,,
2026-10-02,bra_serie_b,Novorizontino,Goiás,Carlos Eduardo,GGO,tot,0.5,1.2223,1.2223,2026-09-30T01:14:23Z,,
2026-10-02,bra_serie_b,Novorizontino,Goiás,Carlos Eduardo,GGO,tot,1.5,2.1429,2.1429,2026-09-30T01:14:23Z,,
2026-10-02,bra_serie_b,Novorizontino,Goiás,Carlos Eduardo,GGO,tot,2.5,4.5,4.5,2026-09-30T01:14:23Z,,
2026-10-02,bra_serie_b,Novorizontino,Goiás,Carlos Eduardo De Sousa Leopoldino,GGO,on,0.5,1.4546,1.4546,2026-09-30T02:05:03Z,,
2026-10-02,bra_serie_b,Novorizontino,Goiás,Carlos Eduardo De Sousa Leopoldino,GGO,on,1.5,3.4,3.4,2026-09-30T02:05:03Z,,
2026-10-02,bra_serie_b,Novorizontino,Goiás,Carlos Eduardo De Sousa Leopoldino,GGO,tot,1.5,1.2308,1.2308,2026-09-30T02:05:03Z,,
2026-10-02,bra_serie_b,Novorizontino,Goiás,Carlos Eduardo De Sousa Leopoldino,GGO,tot,2.5,1.8182,1.8182,2026-09-30T02:05:03Z,,
2026-10-02,bra_serie_b,Novorizontino,Goiás,Carlos Eduardo De Sousa Leopoldino,GGO,tot,3.5,3.1,3.1,2026-09-30T02:05:03Z,,
2026-10-02,bra_serie_b,Novorizontino,Goiás,Carlos Henrique De Moura Brito,GRN,on,0.5,1.32,1.32,2026-09-30T02:05:03Z,,
2026-10-02,bra_serie_b,Novorizontino,Goiás,Carlos Henrique De Moura Brito,GRN,on,1.5,2.75,2.75,2026-09-30T02:05:03Z,,
2026-10-02,bra_serie_b,Novorizontino,Goiás,Carlos Henrique De Moura Brito,GRN,tot,1.5,1.2,1.2,2026-09-30T02:05:03Z,,
2026-10-02,bra_serie_b,Novorizontino,Goiás,Carlos Henrique De Moura Brito,GRN,tot,2.5,1.7143,1.7143,2026-09-30T02:05:03Z,,
2026-10-02,bra_serie_b,Novorizontino,Goiás,Carlos Henrique De Moura Brito,GRN,tot,3.5,2.8572,2.8572,2026-09-30T02:05:03Z,,
2026-10-02,bra_serie_b,Novorizontino,Goiás,Danilo Cunha da Silva,GGO,on,0.5,4.5,4.5,2026-09-30T02:05:03Z,,
2026-10-02,bra_serie_b,Novorizontino,Goiás,Danilo Cunha da Silva,GGO,tot,0.5,1.9,1.9,2026-09-30T02:05:03Z,,
2026-10-02,bra_serie_b,Novorizontino,Goiás,Danilo Cunha da Silva,GGO,tot,1.5,5.5,5.5,2026-09-30T02:05:03Z,,
2026-10-02,bra_serie_b,Novorizontino,Goiás,Diego Henrique Galo da Silva,GRN,on,0.5,1.8,1.8,2026-09-30T02:05:03Z,,
2026-10-02,bra_serie_b,Novorizontino,Goiás,Diego Henrique Galo da Silva,GRN,on,1.5,5.0,5.0,2026-09-30T02:05:03Z,,
2026-10-02,bra_serie_b,Novorizontino,Goiás,Diego Henrique Galo da Silva,GRN,tot,0.5,1.0715,1.0715,2026-09-30T02:05:03Z,,
2026-10-02,bra_serie_b,Novorizontino,Goiás,Diego Henrique Galo da Silva,GRN,tot,1.5,1.5834,1.5834,2026-09-30T02:05:03Z,,
2026-10-02,bra_serie_b,Novorizontino,Goiás,Diego Henrique Galo da Silva,GRN,tot,2.5,2.8,2.8,2026-09-30T02:05:03Z,,
2026-10-02,bra_serie_b,Novorizontino,Goiás,Diego Mathias,GRN,on,0.5,1.2858,1.2858,2026-09-30T02:05:03Z,,
2026-10-02,bra_serie_b,Novorizontino,Goiás,Diego Mathias,GRN,on,1.5,2.5,2.5,2026-09-30T02:05:03Z,,
2026-10-02,bra_serie_b,Novorizontino,Goiás,Diego Mathias,GRN,on,2.5,6.0,6.0,2026-09-30T02:05:03Z,,
2026-10-02,bra_serie_b,Novorizontino,Goiás,Diego Mathias,GRN,tot,2.5,1.3847,1.3847,2026-09-30T02:05:03Z,,
2026-10-02,bra_serie_b,Novorizontino,Goiás,Diego Mathias,GRN,tot,3.5,2.0,2.0,2026-09-30T02:05:03Z,,
2026-10-02,bra_serie_b,Novorizontino,Goiás,Diego Mathias,GRN,tot,4.5,3.2,3.2,2026-09-30T02:05:03Z,,
2026-10-02,bra_serie_b,Novorizontino,Goiás,Djalma Antonio Da Silva Filho,GGO,on,0.5,3.3334,3.3334,2026-09-30T02:05:03Z,,
2026-10-02,bra_serie_b,Novorizontino,Goiás,Djalma Antonio Da Silva Filho,GGO,on,1.5,17.0,17.0,2026-09-30T02:05:03Z,,
2026-10-02,bra_serie_b,Novorizontino,Goiás,Djalma Antonio Da Silva Filho,GGO,tot,0.5,1.5,1.5,2026-09-30T02:05:03Z,,
2026-10-02,bra_serie_b,Novorizontino,Goiás,Djalma Antonio Da Silva Filho,GGO,tot,1.5,3.4,3.4,2026-09-30T02:05:03Z,,
2026-10-02,bra_serie_b,Novorizontino,Goiás,Eduardo Schroeder Brock,GRN,on,0.5,3.3334,3.3334,2026-09-30T02:05:03Z,,
2026-10-02,bra_serie_b,Novorizontino,Goiás,Eduardo Schroeder Brock,GRN,on,1.5,18.0,18.0,2026-09-30T02:05:03Z,,
2026-10-02,bra_serie_b,Novorizontino,Goiás,Eduardo Schroeder Brock,GRN,tot,0.5,1.48,1.48,2026-09-30T02:05:03Z,,
2026-10-02,bra_serie_b,Novorizontino,Goiás,Eduardo Schroeder Brock,GRN,tot,1.5,3.3334,3.3334,2026-09-30T02:05:03Z,,
2026-10-02,bra_serie_b,Novorizontino,Goiás,Esli Samuel Garcia Cordero,GGO,on,0.5,2.25,2.25,2026-09-30T02:05:03Z,,
2026-10-02,bra_serie_b,Novorizontino,Goiás,Esli Samuel Garcia Cordero,GGO,on,1.5,8.0,8.0,2026-09-30T02:05:03Z,,
2026-10-02,bra_serie_b,Novorizontino,Goiás,Esli Samuel Garcia Cordero,GGO,tot,0.5,1.1819,1.1112,2026-09-30T02:05:03Z,,
2026-10-02,bra_serie_b,Novorizontino,Goiás,Esli Samuel Garcia Cordero,GGO,tot,1.5,2.0,1.75,2026-09-30T02:05:03Z,,
2026-10-02,bra_serie_b,Novorizontino,Goiás,Esli Samuel Garcia Cordero,GGO,tot,2.5,4.0,3.3334,2026-09-30T02:05:03Z,,
2026-10-02,bra_serie_b,Novorizontino,Goiás,Francisco Reidiney Duarte Gomes,GRN,on,0.5,1.8182,1.8182,2026-09-30T02:05:03Z,,
2026-10-02,bra_serie_b,Novorizontino,Goiás,Francisco Reidiney Duarte Gomes,GRN,on,1.5,5.5,5.5,2026-09-30T02:05:03Z,,
2026-10-02,bra_serie_b,Novorizontino,Goiás,Francisco Reidiney Duarte Gomes,GRN,tot,0.5,1.077,1.077,2026-09-30T02:05:03Z,,
2026-10-02,bra_serie_b,Novorizontino,Goiás,Francisco Reidiney Duarte Gomes,GRN,tot,1.5,1.6471,1.6471,2026-09-30T02:05:03Z,,
2026-10-02,bra_serie_b,Novorizontino,Goiás,Francisco Reidiney Duarte Gomes,GRN,tot,2.5,3.0,3.0,2026-09-30T02:05:03Z,,
2026-10-02,bra_serie_b,Novorizontino,Goiás,Gabriel Bahia,GRN,on,0.5,3.3334,3.3334,2026-09-30T02:05:03Z,,
2026-10-02,bra_serie_b,Novorizontino,Goiás,Gabriel Bahia,GRN,on,1.5,17.0,17.0,2026-09-30T02:05:03Z,,
2026-10-02,bra_serie_b,Novorizontino,Goiás,Gabriel Bahia,GRN,tot,0.5,1.4546,1.4546,2026-09-30T02:05:03Z,,
2026-10-02,bra_serie_b,Novorizontino,Goiás,Gabriel Bahia,GRN,tot,1.5,3.1,3.1,2026-09-30T02:05:03Z,,
2026-10-02,bra_serie_b,Novorizontino,Goiás,Geirton Marques Aires,GGO,on,0.5,2.0,2.0,2026-09-30T02:05:03Z,,
2026-10-02,bra_serie_b,Novorizontino,Goiás,Geirton Marques Aires,GGO,on,1.5,6.5,6.5,2026-09-30T02:05:03Z,,
2026-10-02,bra_serie_b,Novorizontino,Goiás,Geirton Marques Aires,GGO,tot,0.5,1.04,1.04,2026-09-30T02:05:03Z,,
2026-10-02,bra_serie_b,Novorizontino,Goiás,Geirton Marques Aires,GGO,tot,1.5,1.5,1.5,2026-09-30T02:05:03Z,,
2026-10-02,bra_serie_b,Novorizontino,Goiás,Geirton Marques Aires,GGO,tot,2.5,2.5455,2.5455,2026-09-30T02:05:03Z,,
2026-10-02,bra_serie_b,Novorizontino,Goiás,Guilherme Baldoria de Camargo,GGO,on,0.5,3.0,3.0,2026-09-30T02:05:03Z,,
2026-10-02,bra_serie_b,Novorizontino,Goiás,Guilherme Baldoria de Camargo,GGO,on,1.5,14.0,14.0,2026-09-30T02:05:03Z,,
2026-10-02,bra_serie_b,Novorizontino,Goiás,Guilherme Baldoria de Camargo,GGO,tot,0.5,1.4167,1.4167,2026-09-30T02:05:03Z,,
2026-10-02,bra_serie_b,Novorizontino,Goiás,Guilherme Baldoria de Camargo,GGO,tot,1.5,3.0,3.0,2026-09-30T02:05:03Z,,
2026-10-02,bra_serie_b,Novorizontino,Goiás,Halerrandrio dos Santos Feitosa,GGO,on,0.5,2.8572,2.8572,2026-09-30T02:05:03Z,,
2026-10-02,bra_serie_b,Novorizontino,Goiás,Halerrandrio dos Santos Feitosa,GGO,on,1.5,13.0,13.0,2026-09-30T02:05:03Z,,
2026-10-02,bra_serie_b,Novorizontino,Goiás,Halerrandrio dos Santos Feitosa,GGO,tot,0.5,1.32,1.32,2026-09-30T02:05:03Z,,
2026-10-02,bra_serie_b,Novorizontino,Goiás,Halerrandrio dos Santos Feitosa,GGO,tot,1.5,2.6,2.6,2026-09-30T02:05:03Z,,
2026-10-02,bra_serie_b,Novorizontino,Goiás,Halerrandrio dos Santos Feitosa,GGO,tot,2.5,6.0,6.0,2026-09-30T02:05:03Z,,
2026-10-02,bra_serie_b,Novorizontino,Goiás,Helio Cunha Borges,GRN,on,0.5,1.35,1.35,2026-09-30T01:14:23Z,,
2026-10-02,bra_serie_b,Novorizontino,Goiás,Helio Cunha Borges,GRN,on,1.5,3.0,3.0,2026-09-30T01:14:23Z,,
2026-10-02,bra_serie_b,Novorizontino,Goiás,Helio Cunha Borges,GRN,tot,2.5,1.4546,1.4546,2026-09-30T01:14:23Z,,
2026-10-02,bra_serie_b,Novorizontino,Goiás,Helio Cunha Borges,GRN,tot,3.5,2.1429,2.1429,2026-09-30T01:14:23Z,,
2026-10-02,bra_serie_b,Novorizontino,Goiás,Helio Cunha Borges,GRN,tot,4.5,3.5,3.5,2026-09-30T01:14:23Z,,
2026-10-02,bra_serie_b,Novorizontino,Goiás,Jardiel,GRN,on,0.5,1.25,1.25,2026-09-30T02:05:03Z,,
2026-10-02,bra_serie_b,Novorizontino,Goiás,Jardiel,GRN,on,1.5,2.4,2.4,2026-09-30T02:05:03Z,,
2026-10-02,bra_serie_b,Novorizontino,Goiás,Jardiel,GRN,on,2.5,5.5,5.5,2026-09-30T02:05:03Z,,
2026-10-02,bra_serie_b,Novorizontino,Goiás,Jardiel,GRN,tot,1.5,1.1539,1.1539,2026-09-30T02:05:03Z,,
2026-10-02,bra_serie_b,Novorizontino,Goiás,Jardiel,GRN,tot,2.5,1.6,1.6,2026-09-30T02:05:03Z,,
2026-10-02,bra_serie_b,Novorizontino,Goiás,Jardiel,GRN,tot,3.5,2.5455,2.5455,2026-09-30T02:05:03Z,,
2026-10-02,bra_serie_b,Novorizontino,Goiás,Jean Carlos Alves Ferreira,GGO,on,0.5,2.8,2.8,2026-09-30T02:05:03Z,,
2026-10-02,bra_serie_b,Novorizontino,Goiás,Jean Carlos Alves Ferreira,GGO,on,1.5,13.0,13.0,2026-09-30T02:05:03Z,,
2026-10-02,bra_serie_b,Novorizontino,Goiás,Jean Carlos Alves Ferreira,GGO,tot,0.5,1.2,1.2,2026-09-30T02:05:03Z,,
2026-10-02,bra_serie_b,Novorizontino,Goiás,Jean Carlos Alves Ferreira,GGO,tot,1.5,2.05,2.05,2026-09-30T02:05:03Z,,
2026-10-02,bra_serie_b,Novorizontino,Goiás,Jean Carlos Alves Ferreira,GGO,tot,2.5,4.25,4.25,2026-09-30T02:05:03Z,,
2026-10-02,bra_serie_b,Novorizontino,Goiás,Jhilmar Lora,GRN,on,0.5,3.6,3.6,2026-09-30T02:05:03Z,,
2026-10-02,bra_serie_b,Novorizontino,Goiás,Jhilmar Lora,GRN,on,1.5,20.0,20.0,2026-09-30T02:05:03Z,,
2026-10-02,bra_serie_b,Novorizontino,Goiás,Jhilmar Lora,GRN,tot,0.5,1.7,1.7,2026-09-30T02:05:03Z,,
2026-10-02,bra_serie_b,Novorizontino,Goiás,Jhilmar Lora,GRN,tot,1.5,4.25,4.25,2026-09-30T02:05:03Z,,
2026-10-02,bra_serie_b,Novorizontino,Goiás,Kauan Felipe Klisman Rocha,GRN,on,0.5,3.0,3.0,2026-09-30T02:05:03Z,,
2026-10-02,bra_serie_b,Novorizontino,Goiás,Kauan Felipe Klisman Rocha,GRN,on,1.5,14.0,14.0,2026-09-30T02:05:03Z,,
2026-10-02,bra_serie_b,Novorizontino,Goiás,Kauan Felipe Klisman Rocha,GRN,tot,0.5,1.52,1.52,2026-09-30T02:05:03Z,,
2026-10-02,bra_serie_b,Novorizontino,Goiás,Kauan Felipe Klisman Rocha,GRN,tot,1.5,3.4,3.4,2026-09-30T02:05:03Z,,
2026-10-02,bra_serie_b,Novorizontino,Goiás,Leo Naldi,GRN,on,0.5,2.3637,2.3637,2026-09-30T02:05:03Z,,
2026-10-02,bra_serie_b,Novorizontino,Goiás,Leo Naldi,GRN,on,1.5,9.5,9.5,2026-09-30T02:05:03Z,,
2026-10-02,bra_serie_b,Novorizontino,Goiás,Leo Naldi,GRN,tot,0.5,1.1112,1.1112,2026-09-30T02:05:03Z,,
2026-10-02,bra_serie_b,Novorizontino,Goiás,Leo Naldi,GRN,tot,1.5,1.75,1.75,2026-09-30T02:05:03Z,,
2026-10-02,bra_serie_b,Novorizontino,Goiás,Leo Naldi,GRN,tot,2.5,3.3334,3.3334,2026-09-30T02:05:03Z,,
2026-10-02,bra_serie_b,Novorizontino,Goiás,Leovigildo Junior Reis Rodriguez,GGO,on,0.5,2.8572,2.8572,2026-09-30T02:05:03Z,,
2026-10-02,bra_serie_b,Novorizontino,Goiás,Leovigildo Junior Reis Rodriguez,GGO,on,1.5,13.0,13.0,2026-09-30T02:05:03Z,,
2026-10-02,bra_serie_b,Novorizontino,Goiás,Leovigildo Junior Reis Rodriguez,GGO,tot,0.5,1.4546,1.4546,2026-09-30T02:05:03Z,,
2026-10-02,bra_serie_b,Novorizontino,Goiás,Leovigildo Junior Reis Rodriguez,GGO,tot,1.5,3.2,3.2,2026-09-30T02:05:03Z,,
2026-10-02,bra_serie_b,Novorizontino,Goiás,Lucas Ribeiro,GGO,on,0.5,5.5,5.5,2026-09-30T02:05:03Z,,
2026-10-02,bra_serie_b,Novorizontino,Goiás,Lucas Ribeiro,GGO,tot,0.5,2.1429,2.1429,2026-09-30T02:05:03Z,,
2026-10-02,bra_serie_b,Novorizontino,Goiás,Lucas Ribeiro,GGO,tot,1.5,7.0,7.0,2026-09-30T02:05:03Z,,
2026-10-02,bra_serie_b,Novorizontino,Goiás,Luis Felipe Oyama,GRN,on,0.5,1.95,1.95,2026-09-30T01:14:23Z,,
2026-10-02,bra_serie_b,Novorizontino,Goiás,Luis Felipe Oyama,GRN,on,1.5,6.0,6.0,2026-09-30T01:14:23Z,,
2026-10-02,bra_serie_b,Novorizontino,Goiás,Luis Felipe Oyama,GRN,tot,0.5,1.077,1.077,2026-09-30T01:14:23Z,,
2026-10-02,bra_serie_b,Novorizontino,Goiás,Luis Felipe Oyama,GRN,tot,1.5,1.6154,1.6154,2026-09-30T01:14:23Z,,
2026-10-02,bra_serie_b,Novorizontino,Goiás,Luis Felipe Oyama,GRN,tot,2.5,2.9,2.9,2026-09-30T01:14:23Z,,
2026-10-02,bra_serie_b,Novorizontino,Goiás,Luiz Felipe Clemente de Almeida,GGO,on,0.5,2.0,2.0,2026-09-30T02:05:03Z,,
2026-10-02,bra_serie_b,Novorizontino,Goiás,Luiz Felipe Clemente de Almeida,GGO,on,1.5,7.0,7.0,2026-09-30T02:05:03Z,,
2026-10-02,bra_serie_b,Novorizontino,Goiás,Luiz Felipe Clemente de Almeida,GGO,tot,0.5,1.091,1.091,2026-09-30T02:05:03Z,,
2026-10-02,bra_serie_b,Novorizontino,Goiás,Luiz Felipe Clemente de Almeida,GGO,tot,1.5,1.6471,1.6471,2026-09-30T02:05:03Z,,
2026-10-02,bra_serie_b,Novorizontino,Goiás,Luiz Felipe Clemente de Almeida,GGO,tot,2.5,3.0,3.0,2026-09-30T02:05:03Z,,
2026-10-02,bra_serie_b,Novorizontino,Goiás,Luiz Felipe Machado,GGO,on,0.5,7.0,7.0,2026-09-30T02:05:03Z,,
2026-10-02,bra_serie_b,Novorizontino,Goiás,Luiz Felipe Machado,GGO,tot,0.5,2.6667,2.6667,2026-09-30T02:05:03Z,,
2026-10-02,bra_serie_b,Novorizontino,Goiás,Luiz Felipe Machado,GGO,tot,1.5,10.0,10.0,2026-09-30T02:05:03Z,,
2026-10-02,bra_serie_b,Novorizontino,Goiás,Luiz Otavio Maria,GRN,on,0.5,1.9,1.9,2026-09-30T02:05:03Z,,
2026-10-02,bra_serie_b,Novorizontino,Goiás,Luiz Otavio Maria,GRN,on,1.5,6.0,6.0,2026-09-30T02:05:03Z,,
2026-10-02,bra_serie_b,Novorizontino,Goiás,Luiz Otavio Maria,GRN,tot,0.5,1.091,1.091,2026-09-30T02:05:03Z,,
2026-10-02,bra_serie_b,Novorizontino,Goiás,Luiz Otavio Maria,GRN,tot,1.5,1.6471,1.6471,2026-09-30T02:05:03Z,,
2026-10-02,bra_serie_b,Novorizontino,Goiás,Luiz Otavio Maria,GRN,tot,2.5,3.0,3.0,2026-09-30T02:05:03Z,,
2026-10-02,bra_serie_b,Novorizontino,Goiás,Marlon Adriano Prezotti,GRN,on,0.5,1.8,1.8,2026-09-30T02:05:03Z,,
2026-10-02,bra_serie_b,Novorizontino,Goiás,Marlon Adriano Prezotti,GRN,on,1.5,5.0,5.0,2026-09-30T02:05:03Z,,
2026-10-02,bra_serie_b,Novorizontino,Goiás,Marlon Adriano Prezotti,GRN,tot,1.5,1.3847,1.3847,2026-09-30T02:05:03Z,,
2026-10-02,bra_serie_b,Novorizontino,Goiás,Marlon Adriano Prezotti,GRN,tot,2.5,2.2,2.2,2026-09-30T02:05:03Z,,
2026-10-02,bra_serie_b,Novorizontino,Goiás,Marlon Adriano Prezotti,GRN,tot,3.5,4.0,4.0,2026-09-30T02:05:03Z,,
2026-10-02,bra_serie_b,Novorizontino,Goiás,Matheus Henrique Bianqui,GRN,on,0.5,1.6154,1.6154,2026-09-30T02:05:03Z,,
2026-10-02,bra_serie_b,Novorizontino,Goiás,Matheus Henrique Bianqui,GRN,on,1.5,4.25,4.25,2026-09-30T02:05:03Z,,
2026-10-02,bra_serie_b,Novorizontino,Goiás,Matheus Henrique Bianqui,GRN,tot,1.5,1.1429,1.1429,2026-09-30T02:05:03Z,,
2026-10-02,bra_serie_b,Novorizontino,Goiás,Matheus Henrique Bianqui,GRN,tot,2.5,1.5455,1.5455,2026-09-30T02:05:03Z,,
2026-10-02,bra_serie_b,Novorizontino,Goiás,Matheus Henrique Bianqui,GRN,tot,3.5,2.4,2.4,2026-09-30T02:05:03Z,,
2026-10-02,bra_serie_b,Novorizontino,Goiás,Maykon Kesley de Jesus Ramalho,GRN,on,0.5,2.3637,2.3637,2026-09-30T02:05:03Z,,
2026-10-02,bra_serie_b,Novorizontino,Goiás,Maykon Kesley de Jesus Ramalho,GRN,on,1.5,9.0,9.0,2026-09-30T02:05:03Z,,
2026-10-02,bra_serie_b,Novorizontino,Goiás,Maykon Kesley de Jesus Ramalho,GRN,tot,0.5,1.3,1.3,2026-09-30T02:05:03Z,,
2026-10-02,bra_serie_b,Novorizontino,Goiás,Maykon Kesley de Jesus Ramalho,GRN,tot,1.5,2.5,2.5,2026-09-30T02:05:03Z,,
2026-10-02,bra_serie_b,Novorizontino,Goiás,Maykon Kesley de Jesus Ramalho,GRN,tot,2.5,5.5,5.5,2026-09-30T02:05:03Z,,
2026-10-02,bra_serie_b,Novorizontino,Goiás,Murilo Camara Saquetti Chimelo Pereira,GGO,on,0.5,5.5,5.5,2026-09-30T02:05:03Z,,
2026-10-02,bra_serie_b,Novorizontino,Goiás,Murilo Camara Saquetti Chimelo Pereira,GGO,tot,0.5,2.4546,2.4546,2026-09-30T02:05:03Z,,
2026-10-02,bra_serie_b,Novorizontino,Goiás,Murilo Camara Saquetti Chimelo Pereira,GGO,tot,1.5,8.5,8.5,2026-09-30T02:05:03Z,,
2026-10-02,bra_serie_b,Novorizontino,Goiás,Nicolas Mores Da Cruz,GRN,on,0.5,1.68,1.68,2026-09-30T02:05:03Z,,
2026-10-02,bra_serie_b,Novorizontino,Goiás,Nicolas Mores Da Cruz,GRN,on,1.5,4.5,4.5,2026-09-30T02:05:03Z,,
2026-10-02,bra_serie_b,Novorizontino,Goiás,Nicolas Mores Da Cruz,GRN,tot,1.5,1.2858,1.2858,2026-09-30T02:05:03Z,,
2026-10-02,bra_serie_b,Novorizontino,Goiás,Nicolas Mores Da Cruz,GRN,tot,2.5,1.95,1.95,2026-09-30T02:05:03Z,,
2026-10-02,bra_serie_b,Novorizontino,Goiás,Nicolas Mores Da Cruz,GRN,tot,3.5,3.4,3.4,2026-09-30T02:05:03Z,,
2026-10-02,bra_serie_b,Novorizontino,Goiás,Patrick Marcos de Sousa Freitas,GRN,on,0.5,2.8572,2.8572,2026-09-30T02:05:03Z,,
2026-10-02,bra_serie_b,Novorizontino,Goiás,Patrick Marcos de Sousa Freitas,GRN,on,1.5,13.0,13.0,2026-09-30T02:05:03Z,,
2026-10-02,bra_serie_b,Novorizontino,Goiás,Patrick Marcos de Sousa Freitas,GRN,tot,0.5,1.3847,1.3847,2026-09-30T02:05:03Z,,
2026-10-02,bra_serie_b,Novorizontino,Goiás,Patrick Marcos de Sousa Freitas,GRN,tot,1.5,2.8572,2.8572,2026-09-30T02:05:03Z,,
2026-10-02,bra_serie_b,Novorizontino,Goiás,Pedro Junqueira de Oliveira,GGO,on,0.5,2.25,2.25,2026-09-30T02:05:03Z,,
2026-10-02,bra_serie_b,Novorizontino,Goiás,Pedro Junqueira de Oliveira,GGO,on,1.5,8.5,8.5,2026-09-30T02:05:03Z,,
2026-10-02,bra_serie_b,Novorizontino,Goiás,Pedro Junqueira de Oliveira,GGO,tot,0.5,1.1539,1.1539,2026-09-30T02:05:03Z,,
2026-10-02,bra_serie_b,Novorizontino,Goiás,Pedro Junqueira de Oliveira,GGO,tot,1.5,1.9,1.9,2026-09-30T02:05:03Z,,
2026-10-02,bra_serie_b,Novorizontino,Goiás,Pedro Junqueira de Oliveira,GGO,tot,2.5,3.8,3.8,2026-09-30T02:05:03Z,,
2026-10-02,bra_serie_b,Novorizontino,Goiás,Robson,GRN,on,0.5,1.1112,1.1112,2026-09-30T02:05:03Z,,
2026-10-02,bra_serie_b,Novorizontino,Goiás,Robson,GRN,on,1.5,1.7778,1.7778,2026-09-30T02:05:03Z,,
2026-10-02,bra_serie_b,Novorizontino,Goiás,Robson,GRN,on,2.5,3.5,3.5,2026-09-30T02:05:03Z,,
2026-10-02,bra_serie_b,Novorizontino,Goiás,Robson,GRN,tot,3.5,1.3847,1.3847,2026-09-30T02:05:03Z,,
2026-10-02,bra_serie_b,Novorizontino,Goiás,Robson,GRN,tot,4.5,1.875,1.875,2026-09-30T02:05:03Z,,
2026-10-02,bra_serie_b,Novorizontino,Goiás,Robson,GRN,tot,5.5,2.8,2.8,2026-09-30T02:05:03Z,,
2026-10-02,bra_serie_b,Novorizontino,Goiás,Rodrigo Soares,GRN,on,0.5,4.5,4.5,2026-09-30T02:05:03Z,,
2026-10-02,bra_serie_b,Novorizontino,Goiás,Rodrigo Soares,GRN,tot,0.5,1.7778,1.7778,2026-09-30T02:05:03Z,,
2026-10-02,bra_serie_b,Novorizontino,Goiás,Rodrigo Soares,GRN,tot,1.5,4.75,4.75,2026-09-30T02:05:03Z,,
2026-10-02,bra_serie_b,Novorizontino,Goiás,Romulo Azevedo Simao,GRN,on,0.5,1.35,1.35,2026-09-30T02:05:03Z,,
2026-10-02,bra_serie_b,Novorizontino,Goiás,Romulo Azevedo Simao,GRN,on,1.5,2.8572,2.8572,2026-09-30T02:05:03Z,,
2026-10-02,bra_serie_b,Novorizontino,Goiás,Romulo Azevedo Simao,GRN,tot,2.5,1.4167,1.4167,2026-09-30T02:05:03Z,,
2026-10-02,bra_serie_b,Novorizontino,Goiás,Romulo Azevedo Simao,GRN,tot,3.5,2.1,2.1,2026-09-30T02:05:03Z,,
2026-10-02,bra_serie_b,Novorizontino,Goiás,Romulo Azevedo Simao,GRN,tot,4.5,3.5,3.5,2026-09-30T02:05:03Z,,
2026-10-02,bra_serie_b,Novorizontino,Goiás,Ronald Barcellos Arantes,GRN,on,0.5,1.52,1.52,2026-09-30T02:05:03Z,,
2026-10-02,bra_serie_b,Novorizontino,Goiás,Ronald Barcellos Arantes,GRN,on,1.5,4.0,4.0,2026-09-30T02:05:03Z,,
2026-10-02,bra_serie_b,Novorizontino,Goiás,Ronald Barcellos Arantes,GRN,tot,1.5,1.3,1.3,2026-09-30T02:05:03Z,,
2026-10-02,bra_serie_b,Novorizontino,Goiás,Ronald Barcellos Arantes,GRN,tot,2.5,1.95,1.95,2026-09-30T02:05:03Z,,
2026-10-02,bra_serie_b,Novorizontino,Goiás,Ronald Barcellos Arantes,GRN,tot,3.5,3.4,3.4,2026-09-30T02:05:03Z,,
2026-10-02,bra_serie_b,Novorizontino,Goiás,Sander,GRN,on,0.5,3.3334,3.3334,2026-09-30T02:05:03Z,,
2026-10-02,bra_serie_b,Novorizontino,Goiás,Sander,GRN,on,1.5,18.0,18.0,2026-09-30T02:05:03Z,,
2026-10-02,bra_serie_b,Novorizontino,Goiás,Sander,GRN,tot,0.5,1.5455,1.3847,2026-09-30T02:05:03Z,,
2026-10-02,bra_serie_b,Novorizontino,Goiás,Sander,GRN,tot,1.5,3.6,2.8572,2026-09-30T02:05:03Z,,
2026-10-02,bra_serie_b,Novorizontino,Goiás,Vinicius Dos Santos De Oliveira Paiva,GRN,on,0.5,1.2858,1.2858,2026-09-30T02:05:03Z,,
2026-10-02,bra_serie_b,Novorizontino,Goiás,Vinicius Dos Santos De Oliveira Paiva,GRN,on,1.5,2.5,2.5,2026-09-30T02:05:03Z,,
2026-10-02,bra_serie_b,Novorizontino,Goiás,Vinicius Dos Santos De Oliveira Paiva,GRN,on,2.5,6.0,6.0,2026-09-30T02:05:03Z,,
2026-10-02,bra_serie_b,Novorizontino,Goiás,Vinicius Dos Santos De Oliveira Paiva,GRN,tot,2.5,1.35,1.35,2026-09-30T02:05:03Z,,
2026-10-02,bra_serie_b,Novorizontino,Goiás,Vinicius Dos Santos De Oliveira Paiva,GRN,tot,3.5,1.9,1.9,2026-09-30T02:05:03Z,,
2026-10-02,bra_serie_b,Novorizontino,Goiás,Vinicius Dos Santos De Oliveira Paiva,GRN,tot,4.5,3.0,3.0,2026-09-30T02:05:03Z,,
2026-10-02,selecciones,Poland,Romania,Alexandru Cicaldau,ROM,on,0.5,2.8,2.8,2026-09-30T02:05:03Z,,
2026-10-02,selecciones,Poland,Romania,Alexandru Cicaldau,ROM,on,1.5,12.0,12.0,2026-09-30T02:05:03Z,,
2026-10-02,selecciones,Poland,Romania,Alexandru Cicaldau,ROM,tot,0.5,1.3847,1.3847,2026-09-30T02:05:03Z,,
2026-10-02,selecciones,Poland,Romania,Alexandru Cicaldau,ROM,tot,1.5,2.75,2.75,2026-09-30T02:05:03Z,,
2026-10-02,selecciones,Poland,Romania,Andrei Andonie Burca,ROM,on,0.5,6.0,6.0,2026-09-30T02:05:03Z,,
2026-10-02,selecciones,Poland,Romania,Andrei Andonie Burca,ROM,tot,0.5,2.5455,2.5455,2026-09-30T02:05:03Z,,
2026-10-02,selecciones,Poland,Romania,Andrei Andonie Burca,ROM,tot,1.5,9.0,9.0,2026-09-30T02:05:03Z,,
2026-10-02,selecciones,Poland,Romania,Andrei Coubis,ROM,on,0.5,5.5,4.5,2026-09-30T02:05:03Z,,
2026-10-02,selecciones,Poland,Romania,Andrei Coubis,ROM,tot,0.5,2.25,2.0,2026-09-30T02:05:03Z,,
2026-10-02,selecciones,Poland,Romania,Andrei Coubis,ROM,tot,1.5,7.0,6.0,2026-09-30T02:05:03Z,,
2026-10-02,selecciones,Poland,Romania,Bartosz Slisz,POL,on,0.5,3.1,3.1,2026-09-30T02:05:03Z,,
2026-10-02,selecciones,Poland,Romania,Bartosz Slisz,POL,on,1.5,15.0,15.0,2026-09-30T02:05:03Z,,
2026-10-02,selecciones,Poland,Romania,Bartosz Slisz,POL,tot,0.5,1.5,1.5,2026-09-30T02:05:03Z,,
2026-10-02,selecciones,Poland,Romania,Bartosz Slisz,POL,tot,1.5,3.3334,3.3334,2026-09-30T02:05:03Z,,
2026-10-02,selecciones,Poland,Romania,Catalin Cirjan,ROM,on,0.5,3.0,3.0,2026-09-30T02:05:03Z,,
2026-10-02,selecciones,Poland,Romania,Catalin Cirjan,ROM,on,1.5,14.0,14.0,2026-09-30T02:05:03Z,,
2026-10-02,selecciones,Poland,Romania,Catalin Cirjan,ROM,tot,0.5,1.4,1.4,2026-09-30T02:05:03Z,,
2026-10-02,selecciones,Poland,Romania,Catalin Cirjan,ROM,tot,1.5,2.9,2.9,2026-09-30T02:05:03Z,,
2026-10-02,selecciones,Poland,Romania,Darius Olaru,ROM,on,0.5,2.6667,2.6667,2026-09-30T02:05:03Z,,
2026-10-02,selecciones,Poland,Romania,Darius Olaru,ROM,on,1.5,11.0,11.0,2026-09-30T02:05:03Z,,
2026-10-02,selecciones,Poland,Romania,Darius Olaru,ROM,tot,0.5,1.32,1.32,2026-09-30T02:05:03Z,,
2026-10-02,selecciones,Poland,Romania,Darius Olaru,ROM,tot,1.5,2.5455,2.5455,2026-09-30T02:05:03Z,,
2026-10-02,selecciones,Poland,Romania,Darius Olaru,ROM,tot,2.5,5.5,5.5,2026-09-30T02:05:03Z,,
2026-10-02,selecciones,Poland,Romania,David Matei,ROM,on,0.5,2.8,2.8,2026-09-30T02:05:03Z,,
2026-10-02,selecciones,Poland,Romania,David Matei,ROM,on,1.5,12.0,12.0,2026-09-30T02:05:03Z,,
2026-10-02,selecciones,Poland,Romania,David Matei,ROM,tot,0.5,1.3847,1.3847,2026-09-30T02:05:03Z,,
2026-10-02,selecciones,Poland,Romania,David Matei,ROM,tot,1.5,2.8,2.8,2026-09-30T02:05:03Z,,
2026-10-02,selecciones,Poland,Romania,Florin Tanase,ROM,on,0.5,2.5,2.5,2026-09-30T02:05:03Z,,
2026-10-02,selecciones,Poland,Romania,Florin Tanase,ROM,on,1.5,10.0,10.0,2026-09-30T02:05:03Z,,
2026-10-02,selecciones,Poland,Romania,Florin Tanase,ROM,tot,0.5,1.32,1.32,2026-09-30T02:05:03Z,,
2026-10-02,selecciones,Poland,Romania,Florin Tanase,ROM,tot,1.5,2.5455,2.5455,2026-09-30T02:05:03Z,,
2026-10-02,selecciones,Poland,Romania,Florin Tanase,ROM,tot,2.5,6.0,6.0,2026-09-30T02:05:03Z,,
2026-10-02,selecciones,Poland,Romania,George Daniel Birligea,ROM,on,0.5,1.6154,1.7,2026-09-30T02:05:03Z,,
2026-10-02,selecciones,Poland,Romania,George Daniel Birligea,ROM,on,1.5,4.0,4.5,2026-09-30T02:05:03Z,,
2026-10-02,selecciones,Poland,Romania,George Daniel Birligea,ROM,tot,0.5,1.05,1.05,2026-09-30T02:05:03Z,,
2026-10-02,selecciones,Poland,Romania,George Daniel Birligea,ROM,tot,1.5,1.4167,1.48,2026-09-30T02:05:03Z,,
2026-10-02,selecciones,Poland,Romania,George Daniel Birligea,ROM,tot,2.5,2.3,2.4546,2026-09-30T02:05:03Z,,
2026-10-02,selecciones,Poland,Romania,George Daniel Birligea,ROM,tot,3.5,4.25,4.25,2026-09-29T23:38:12Z,,
2026-10-02,selecciones,Poland,Romania,Ianis Hagi,ROM,on,0.5,2.5,2.5,2026-09-29T20:30:46Z,,
2026-10-02,selecciones,Poland,Romania,Ianis Hagi,ROM,on,1.5,10.0,10.0,2026-09-29T20:30:46Z,,
2026-10-02,selecciones,Poland,Romania,Ianis Hagi,ROM,tot,0.5,1.2308,1.2308,2026-09-29T20:30:46Z,,
2026-10-02,selecciones,Poland,Romania,Ianis Hagi,ROM,tot,1.5,2.1429,2.1429,2026-09-29T20:30:46Z,,
2026-10-02,selecciones,Poland,Romania,Ianis Hagi,ROM,tot,2.5,4.5,4.5,2026-09-29T20:30:46Z,,
2026-10-02,selecciones,Poland,Romania,Jakub Kiwior,POL,on,0.5,5.0,4.0,2026-09-30T02:05:03Z,,
2026-10-02,selecciones,Poland,Romania,Jakub Kiwior,POL,tot,0.5,1.95,1.8,2026-09-30T02:05:03Z,,
2026-10-02,selecciones,Poland,Romania,Jakub Kiwior,POL,tot,1.5,5.5,4.75,2026-09-30T02:05:03Z,,
2026-10-02,selecciones,Poland,Romania,Jan Bednarek,POL,on,0.5,4.0,4.0,2026-09-30T01:14:23Z,,
2026-10-02,selecciones,Poland,Romania,Jan Bednarek,POL,tot,0.5,1.8182,1.8182,2026-09-30T01:14:23Z,,
2026-10-02,selecciones,Poland,Romania,Jan Bednarek,POL,tot,1.5,4.75,4.75,2026-09-30T01:14:23Z,,
2026-10-02,selecciones,Poland,Romania,Kacper Urbanski,POL,on,0.5,1.7,1.6471,2026-09-30T02:05:03Z,,
2026-10-02,selecciones,Poland,Romania,Kacper Urbanski,POL,on,1.5,4.5,4.25,2026-09-30T02:05:03Z,,
2026-10-02,selecciones,Poland,Romania,Kacper Urbanski,POL,tot,1.5,1.2728,1.25,2026-09-30T02:05:03Z,,
2026-10-02,selecciones,Poland,Romania,Kacper Urbanski,POL,tot,2.5,1.875,1.8182,2026-09-30T02:05:03Z,,
2026-10-02,selecciones,Poland,Romania,Kacper Urbanski,POL,tot,3.5,3.1,3.0,2026-09-30T02:05:03Z,,
2026-10-02,selecciones,Poland,Romania,Karol Swiderski,POL,on,0.5,1.35,1.32,2026-09-30T02:05:03Z,,
2026-10-02,selecciones,Poland,Romania,Karol Swiderski,POL,on,1.5,2.8,2.6667,2026-09-30T02:05:03Z,,
2026-10-02,selecciones,Poland,Romania,Karol Swiderski,POL,on,2.5,6.5,6.5,2026-09-30T02:05:03Z,,
2026-10-02,selecciones,Poland,Romania,Karol Swiderski,POL,tot,1.5,1.1819,1.1539,2026-09-30T02:05:03Z,,
2026-10-02,selecciones,Poland,Romania,Karol Swiderski,POL,tot,2.5,1.6471,1.5455,2026-09-30T02:05:03Z,,
2026-10-02,selecciones,Poland,Romania,Karol Swiderski,POL,tot,3.5,2.6,2.4,2026-09-30T02:05:03Z,,
2026-10-02,selecciones,Poland,Romania,Karol Swiderski,POL,tot,4.5,3.2,3.2,2026-09-29T23:38:12Z,,
2026-10-02,selecciones,Poland,Romania,Lisav Naif Eissat,ROM,on,0.5,5.0,6.0,2026-09-30T02:05:03Z,,
2026-10-02,selecciones,Poland,Romania,Lisav Naif Eissat,ROM,tot,0.5,2.3637,2.6,2026-09-30T02:05:03Z,,
2026-10-02,selecciones,Poland,Romania,Lisav Naif Eissat,ROM,tot,1.5,7.5,9.5,2026-09-30T02:05:03Z,,
2026-10-02,selecciones,Poland,Romania,Louis Munteanu,ROM,on,0.5,1.7778,1.6471,2026-09-30T02:05:03Z,,
2026-10-02,selecciones,Poland,Romania,Louis Munteanu,ROM,on,1.5,5.0,4.5,2026-09-30T02:05:03Z,,
2026-10-02,selecciones,Poland,Romania,Louis Munteanu,ROM,tot,0.5,1.05,1.05,2026-09-30T02:05:03Z,,
2026-10-02,selecciones,Poland,Romania,Louis Munteanu,ROM,tot,1.5,1.35,1.48,2026-09-30T02:05:03Z,,
2026-10-02,selecciones,Poland,Romania,Louis Munteanu,ROM,tot,2.5,2.1,2.4546,2026-09-30T02:05:03Z,,
2026-10-02,selecciones,Poland,Romania,Louis Munteanu,ROM,tot,3.5,3.8,3.8,2026-09-29T22:05:53Z,,
2026-10-02,selecciones,Poland,Romania,Marcel Regula,POL,on,0.5,1.8,1.8,2026-09-30T02:05:03Z,,
2026-10-02,selecciones,Poland,Romania,Marcel Regula,POL,on,1.5,5.0,5.0,2026-09-30T02:05:03Z,,
2026-10-02,selecciones,Poland,Romania,Marcel Regula,POL,tot,0.5,1.0715,1.0715,2026-09-30T02:05:03Z,,
2026-10-02,selecciones,Poland,Romania,Marcel Regula,POL,tot,1.5,1.5455,1.5455,2026-09-30T02:05:03Z,,
2026-10-02,selecciones,Poland,Romania,Marcel Regula,POL,tot,2.5,2.7143,2.7143,2026-09-30T02:05:03Z,,
2026-10-02,selecciones,Poland,Romania,Matei Cristian Ilie,ROM,on,0.5,8.0,8.0,2026-09-30T02:05:03Z,,
2026-10-02,selecciones,Poland,Romania,Matei Cristian Ilie,ROM,tot,0.5,3.2,3.2,2026-09-30T02:05:03Z,,
2026-10-02,selecciones,Poland,Romania,Matei Cristian Ilie,ROM,tot,1.5,14.0,14.0,2026-09-30T02:05:03Z,,
2026-10-02,selecciones,Poland,Romania,Mateusz Zukowski,POL,on,0.5,1.1429,1.125,2026-09-30T01:14:23Z,,
2026-10-02,selecciones,Poland,Romania,Mateusz Zukowski,POL,on,1.5,1.9,1.75,2026-09-30T01:14:23Z,,
2026-10-02,selecciones,Poland,Romania,Mateusz Zukowski,POL,on,2.5,4.0,3.5,2026-09-30T01:14:23Z,,
2026-10-02,selecciones,Poland,Romania,Mateusz Zukowski,POL,tot,2.5,1.32,1.2858,2026-09-30T01:14:23Z,,
2026-10-02,selecciones,Poland,Romania,Mateusz Zukowski,POL,tot,3.5,1.85,1.7143,2026-09-30T01:14:23Z,,
2026-10-02,selecciones,Poland,Romania,Mateusz Zukowski,POL,tot,4.5,2.8572,2.6,2026-09-30T01:14:23Z,,
2026-10-02,selecciones,Poland,Romania,Matty Cash,POL,on,0.5,2.05,2.05,2026-09-30T02:05:03Z,,
2026-10-02,selecciones,Poland,Romania,Matty Cash,POL,on,1.5,7.0,7.0,2026-09-30T02:05:03Z,,
2026-10-02,selecciones,Poland,Romania,Matty Cash,POL,tot,0.5,1.1334,1.1334,2026-09-30T02:05:03Z,,
2026-10-02,selecciones,Poland,Romania,Matty Cash,POL,tot,1.5,1.75,1.75,2026-09-30T02:05:03Z,,
2026-10-02,selecciones,Poland,Romania,Matty Cash,POL,tot,2.5,3.3334,3.3334,2026-09-30T02:05:03Z,,
2026-10-02,selecciones,Poland,Romania,Michal Skoras,POL,on,0.5,2.05,2.05,2026-09-29T23:38:12Z,,
2026-10-02,selecciones,Poland,Romania,Michal Skoras,POL,on,1.5,6.5,6.5,2026-09-29T23:38:12Z,,
2026-10-02,selecciones,Poland,Romania,Michal Skoras,POL,tot,0.5,1.1429,1.1429,2026-09-29T23:38:12Z,,
2026-10-02,selecciones,Poland,Romania,Michal Skoras,POL,tot,1.5,1.8182,1.8182,2026-09-29T23:38:12Z,,
2026-10-02,selecciones,Poland,Romania,Michal Skoras,POL,tot,2.5,3.4,3.4,2026-09-29T23:38:12Z,,
2026-10-02,selecciones,Poland,Romania,Nicola Zalewski,POL,on,0.5,1.7143,1.7,2026-09-30T01:14:23Z,,
2026-10-02,selecciones,Poland,Romania,Nicola Zalewski,POL,on,1.5,4.75,4.5,2026-09-30T01:14:23Z,,
2026-10-02,selecciones,Poland,Romania,Nicola Zalewski,POL,tot,0.5,1.05,1.05,2026-09-29T23:38:12Z,,
2026-10-02,selecciones,Poland,Romania,Nicola Zalewski,POL,tot,1.5,1.4546,1.35,2026-09-30T01:14:23Z,,
2026-10-02,selecciones,Poland,Romania,Nicola Zalewski,POL,tot,2.5,2.4,2.1429,2026-09-30T01:14:23Z,,
2026-10-02,selecciones,Poland,Romania,Nicola Zalewski,POL,tot,3.5,4.0,4.0,2026-09-30T01:14:23Z,,
2026-10-02,selecciones,Poland,Romania,Nicolae Stanciu,ROM,on,0.5,2.1,2.1,2026-09-30T02:05:03Z,,
2026-10-02,selecciones,Poland,Romania,Nicolae Stanciu,ROM,on,1.5,7.5,7.5,2026-09-30T02:05:03Z,,
2026-10-02,selecciones,Poland,Romania,Nicolae Stanciu,ROM,tot,0.5,1.1667,1.1667,2026-09-30T02:05:03Z,,
2026-10-02,selecciones,Poland,Romania,Nicolae Stanciu,ROM,tot,1.5,1.9,1.9,2026-09-30T02:05:03Z,,
2026-10-02,selecciones,Poland,Romania,Nicolae Stanciu,ROM,tot,2.5,3.8,3.8,2026-09-30T02:05:03Z,,
2026-10-02,selecciones,Poland,Romania,Olimpiu Morutan,ROM,on,0.5,2.9,2.9,2026-09-30T02:05:03Z,,
2026-10-02,selecciones,Poland,Romania,Olimpiu Morutan,ROM,on,1.5,13.0,13.0,2026-09-30T02:05:03Z,,
2026-10-02,selecciones,Poland,Romania,Olimpiu Morutan,ROM,tot,0.5,1.4167,1.4167,2026-09-30T02:05:03Z,,
2026-10-02,selecciones,Poland,Romania,Olimpiu Morutan,ROM,tot,1.5,3.0,3.0,2026-09-30T02:05:03Z,,
2026-10-02,selecciones,Poland,Romania,Piotr Zielinski,POL,on,0.5,1.6471,1.6154,2026-09-30T02:05:03Z,,
2026-10-02,selecciones,Poland,Romania,Piotr Zielinski,POL,on,1.5,4.5,4.25,2026-09-30T02:05:03Z,,
2026-10-02,selecciones,Poland,Romania,Piotr Zielinski,POL,tot,1.5,1.3847,1.35,2026-09-30T02:05:03Z,,
2026-10-02,selecciones,Poland,Romania,Piotr Zielinski,POL,tot,2.5,2.2,2.1,2026-09-30T02:05:03Z,,
2026-10-02,selecciones,Poland,Romania,Piotr Zielinski,POL,tot,3.5,4.0,3.6667,2026-09-30T02:05:03Z,,
2026-10-02,selecciones,Poland,Romania,Przemyslaw Frankowski,POL,on,0.5,2.7143,2.7143,2026-09-29T20:30:46Z,,
2026-10-02,selecciones,Poland,Romania,Przemyslaw Frankowski,POL,on,1.5,11.0,11.0,2026-09-29T20:30:46Z,,
2026-10-02,selecciones,Poland,Romania,Przemyslaw Frankowski,POL,tot,0.5,1.2858,1.2858,2026-09-29T20:30:46Z,,
2026-10-02,selecciones,Poland,Romania,Przemyslaw Frankowski,POL,tot,1.5,2.4,2.4,2026-09-29T20:30:46Z,,
2026-10-02,selecciones,Poland,Romania,Przemyslaw Frankowski,POL,tot,2.5,5.0,5.0,2026-09-29T20:30:46Z,,
2026-10-02,selecciones,Poland,Romania,Przemyslaw Wisniewski,POL,on,0.5,3.8,3.8,2026-09-30T02:05:03Z,,
2026-10-02,selecciones,Poland,Romania,Przemyslaw Wisniewski,POL,tot,0.5,1.75,1.75,2026-09-30T02:05:03Z,,
2026-10-02,selecciones,Poland,Romania,Przemyslaw Wisniewski,POL,tot,1.5,4.5,4.5,2026-09-30T02:05:03Z,,
2026-10-02,selecciones,Poland,Romania,Robert Lewandowski,POL,on,0.5,1.1334,1.1334,2026-09-30T02:05:03Z,,
2026-10-02,selecciones,Poland,Romania,Robert Lewandowski,POL,on,1.5,1.85,1.85,2026-09-30T02:05:03Z,,
2026-10-02,selecciones,Poland,Romania,Robert Lewandowski,POL,on,2.5,3.6667,3.6667,2026-09-30T02:05:03Z,,
2026-10-02,selecciones,Poland,Romania,Robert Lewandowski,POL,tot,2.5,1.2308,1.2308,2026-09-30T02:05:03Z,,
2026-10-02,selecciones,Poland,Romania,Robert Lewandowski,POL,tot,3.5,1.6154,1.6154,2026-09-30T02:05:03Z,,
2026-10-02,selecciones,Poland,Romania,Robert Lewandowski,POL,tot,4.5,2.4,2.4,2026-09-30T02:05:03Z,,
2026-10-02,selecciones,Poland,Romania,Sebastian Andrei Borza,ROM,on,0.5,5.0,5.5,2026-09-30T02:05:03Z,,
2026-10-02,selecciones,Poland,Romania,Sebastian Andrei Borza,ROM,tot,0.5,2.05,2.25,2026-09-30T02:05:03Z,,
2026-10-02,selecciones,Poland,Romania,Sebastian Andrei Borza,ROM,tot,1.5,6.0,7.0,2026-09-30T02:05:03Z,,
2026-10-02,selecciones,Poland,Romania,Sebastian Szymanski,POL,on,0.5,1.48,1.48,2026-09-30T02:05:03Z,,
2026-10-02,selecciones,Poland,Romania,Sebastian Szymanski,POL,on,1.5,3.5,3.5,2026-09-30T02:05:03Z,,
2026-10-02,selecciones,Poland,Romania,Sebastian Szymanski,POL,tot,1.5,1.2858,1.2858,2026-09-30T02:05:03Z,,
2026-10-02,selecciones,Poland,Romania,Sebastian Szymanski,POL,tot,2.5,1.95,1.95,2026-09-30T02:05:03Z,,
2026-10-02,selecciones,Poland,Romania,Sebastian Szymanski,POL,tot,3.5,3.3334,3.3334,2026-09-30T02:05:03Z,,
2026-10-02,selecciones,Poland,Romania,Tomasz Kedziora,POL,on,0.5,3.8,3.8,2026-09-30T02:05:03Z,,
2026-10-02,selecciones,Poland,Romania,Tomasz Kedziora,POL,tot,0.5,1.7143,1.7143,2026-09-30T02:05:03Z,,
2026-10-02,selecciones,Poland,Romania,Tomasz Kedziora,POL,tot,1.5,4.25,4.25,2026-09-30T02:05:03Z,,
2026-10-02,selecciones,Poland,Romania,Tony Strata,ROM,on,0.5,5.0,4.25,2026-09-30T02:05:03Z,,
2026-10-02,selecciones,Poland,Romania,Tony Strata,ROM,on,1.5,20.0,20.0,2026-09-29T22:05:53Z,,
2026-10-02,selecciones,Poland,Romania,Tony Strata,ROM,tot,0.5,2.05,1.9,2026-09-30T02:05:03Z,,
2026-10-02,selecciones,Poland,Romania,Tony Strata,ROM,tot,1.5,6.0,5.0,2026-09-30T02:05:03Z,,
2026-10-02,selecciones,Poland,Romania,Tudor Baluta,ROM,on,0.5,3.3334,3.3334,2026-09-30T02:05:03Z,,
2026-10-02,selecciones,Poland,Romania,Tudor Baluta,ROM,on,1.5,17.0,17.0,2026-09-30T02:05:03Z,,
2026-10-02,selecciones,Poland,Romania,Tudor Baluta,ROM,tot,0.5,1.48,1.48,2026-09-30T02:05:03Z,,
2026-10-02,selecciones,Poland,Romania,Tudor Baluta,ROM,tot,1.5,3.2,3.2,2026-09-30T02:05:03Z,,
2026-10-02,selecciones,Poland,Romania,Tymoteusz Puchacz,POL,on,0.5,3.2,3.2,2026-09-29T23:38:12Z,,
2026-10-02,selecciones,Poland,Romania,Tymoteusz Puchacz,POL,on,1.5,17.0,17.0,2026-09-29T23:38:12Z,,
2026-10-02,selecciones,Poland,Romania,Tymoteusz Puchacz,POL,tot,0.5,1.4546,1.4546,2026-09-29T23:38:12Z,,
2026-10-02,selecciones,Poland,Romania,Tymoteusz Puchacz,POL,tot,1.5,3.1,3.1,2026-09-29T23:38:12Z,,
2026-10-02,selecciones,Poland,Romania,Valentin Mihaila,ROM,on,0.5,1.9,1.9,2026-09-30T02:05:03Z,,
2026-10-02,selecciones,Poland,Romania,Valentin Mihaila,ROM,on,1.5,6.0,6.0,2026-09-30T02:05:03Z,,
2026-10-02,selecciones,Poland,Romania,Valentin Mihaila,ROM,tot,0.5,1.1,1.1,2026-09-30T02:05:03Z,,
2026-10-02,selecciones,Poland,Romania,Valentin Mihaila,ROM,tot,1.5,1.68,1.68,2026-09-30T02:05:03Z,,
2026-10-02,selecciones,Poland,Romania,Valentin Mihaila,ROM,tot,2.5,3.0,3.0,2026-09-30T02:05:03Z,,
2026-10-02,selecciones,Poland,Romania,Virgil Ghita,ROM,on,0.5,6.0,6.0,2026-09-30T02:05:03Z,,
2026-10-02,selecciones,Poland,Romania,Virgil Ghita,ROM,tot,0.5,2.5455,2.5455,2026-09-30T02:05:03Z,,
2026-10-02,selecciones,Poland,Romania,Virgil Ghita,ROM,tot,1.5,9.0,9.0,2026-09-30T02:05:03Z,,
2026-10-02,selecciones,Poland,Romania,Vlad Dragomir,ROM,on,0.5,2.8572,2.8572,2026-09-30T02:05:03Z,,
2026-10-02,selecciones,Poland,Romania,Vlad Dragomir,ROM,on,1.5,13.0,13.0,2026-09-30T02:05:03Z,,
2026-10-02,selecciones,Poland,Romania,Vlad Dragomir,ROM,tot,0.5,1.4167,1.4167,2026-09-30T02:05:03Z,,
2026-10-02,selecciones,Poland,Romania,Vlad Dragomir,ROM,tot,1.5,3.0,3.0,2026-09-30T02:05:03Z,,
2026-10-02,selecciones,Poland,Romania,Vladimir Screciu,ROM,on,0.5,6.0,4.75,2026-09-30T02:05:03Z,,
2026-10-02,selecciones,Poland,Romania,Vladimir Screciu,ROM,tot,0.5,2.3,2.05,2026-09-30T02:05:03Z,,
2026-10-02,selecciones,Poland,Romania,Vladimir Screciu,ROM,tot,1.5,7.5,6.0,2026-09-30T02:05:03Z,,
2026-10-02,selecciones,Poland,Romania,Wiktor Nowak,POL,on,0.5,1.9,1.9,2026-09-30T02:05:03Z,,
2026-10-02,selecciones,Poland,Romania,Wiktor Nowak,POL,on,1.5,6.0,6.0,2026-09-30T02:05:03Z,,
2026-10-02,selecciones,Poland,Romania,Wiktor Nowak,POL,tot,0.5,1.1,1.1,2026-09-30T02:05:03Z,,
2026-10-02,selecciones,Poland,Romania,Wiktor Nowak,POL,tot,1.5,1.6471,1.6471,2026-09-30T02:05:03Z,,
2026-10-02,selecciones,Poland,Romania,Wiktor Nowak,POL,tot,2.5,3.0,3.0,2026-09-30T02:05:03Z,,
2026-10-02,mls,Seattle Sounders,Sporting Kansas City,Albert Rusnak,SEA,on,0.5,1.125,1.125,2026-09-30T02:05:03Z,,
2026-10-02,mls,Seattle Sounders,Sporting Kansas City,Albert Rusnak,SEA,on,1.5,1.8182,1.8182,2026-09-30T02:05:03Z,,
2026-10-02,mls,Seattle Sounders,Sporting Kansas City,Albert Rusnak,SEA,on,2.5,3.6667,3.6667,2026-09-30T02:05:03Z,,
2026-10-02,mls,Seattle Sounders,Sporting Kansas City,Albert Rusnak,SEA,tot,2.5,1.1819,1.1819,2026-09-30T02:05:03Z,,
2026-10-02,mls,Seattle Sounders,Sporting Kansas City,Albert Rusnak,SEA,tot,3.5,1.5834,1.5834,2026-09-30T02:05:03Z,,
2026-10-02,mls,Seattle Sounders,Sporting Kansas City,Albert Rusnak,SEA,tot,4.5,2.3,2.3,2026-09-30T02:05:03Z,,
2026-10-02,mls,Seattle Sounders,Sporting Kansas City,Alexander Roldan,SEA,on,0.5,3.3334,3.3334,2026-09-30T02:05:03Z,,
2026-10-02,mls,Seattle Sounders,Sporting Kansas City,Alexander Roldan,SEA,on,1.5,17.0,17.0,2026-09-30T02:05:03Z,,
2026-10-02,mls,Seattle Sounders,Sporting Kansas City,Alexander Roldan,SEA,tot,0.5,1.5455,1.5455,2026-09-30T02:05:03Z,,
2026-10-02,mls,Seattle Sounders,Sporting Kansas City,Alexander Roldan,SEA,tot,1.5,3.6,3.6,2026-09-30T02:05:03Z,,
2026-10-02,mls,Seattle Sounders,Sporting Kansas City,Andre Luiz,SKC,on,0.5,1.4167,1.4167,2026-09-30T02:05:03Z,,
2026-10-02,mls,Seattle Sounders,Sporting Kansas City,Andre Luiz,SKC,on,1.5,3.2,3.2,2026-09-30T02:05:03Z,,
2026-10-02,mls,Seattle Sounders,Sporting Kansas City,Andre Luiz,SKC,tot,1.5,1.1667,1.1667,2026-09-30T02:05:03Z,,
2026-10-02,mls,Seattle Sounders,Sporting Kansas City,Andre Luiz,SKC,tot,2.5,1.6471,1.6471,2026-09-30T02:05:03Z,,
2026-10-02,mls,Seattle Sounders,Sporting Kansas City,Andre Luiz,SKC,tot,3.5,2.6,2.6,2026-09-30T02:05:03Z,,
2026-10-02,mls,Seattle Sounders,Sporting Kansas City,Antino Lopez,SEA,on,0.5,2.2,2.2,2026-09-30T02:05:03Z,,
2026-10-02,mls,Seattle Sounders,Sporting Kansas City,Antino Lopez,SEA,on,1.5,8.0,8.0,2026-09-30T02:05:03Z,,
2026-10-02,mls,Seattle Sounders,Sporting Kansas City,Antino Lopez,SEA,tot,0.5,1.1667,1.1667,2026-09-30T02:05:03Z,,
2026-10-02,mls,Seattle Sounders,Sporting Kansas City,Antino Lopez,SEA,tot,1.5,2.0,2.0,2026-09-30T02:05:03Z,,
2026-10-02,mls,Seattle Sounders,Sporting Kansas City,Antino Lopez,SEA,tot,2.5,4.0,4.0,2026-09-30T02:05:03Z,,
2026-10-02,mls,Seattle Sounders,Sporting Kansas City,Caden Clark,SEA,on,0.5,1.32,1.32,2026-09-30T02:05:03Z,,
2026-10-02,mls,Seattle Sounders,Sporting Kansas City,Caden Clark,SEA,on,1.5,2.7143,2.7143,2026-09-30T02:05:03Z,,
2026-10-02,mls,Seattle Sounders,Sporting Kansas City,Caden Clark,SEA,on,2.5,7.0,7.0,2026-09-30T02:05:03Z,,
2026-10-02,mls,Seattle Sounders,Sporting Kansas City,Caden Clark,SEA,tot,2.5,1.35,1.35,2026-09-30T02:05:03Z,,
2026-10-02,mls,Seattle Sounders,Sporting Kansas City,Caden Clark,SEA,tot,3.5,1.95,1.95,2026-09-30T02:05:03Z,,
2026-10-02,mls,Seattle Sounders,Sporting Kansas City,Caden Clark,SEA,tot,4.5,3.1,3.1,2026-09-30T02:05:03Z,,
2026-10-02,mls,Seattle Sounders,Sporting Kansas City,Calvin Harris,SKC,on,0.5,1.9,1.9,2026-09-30T02:05:03Z,,
2026-10-02,mls,Seattle Sounders,Sporting Kansas City,Calvin Harris,SKC,on,1.5,6.0,6.0,2026-09-30T02:05:03Z,,
2026-10-02,mls,Seattle Sounders,Sporting Kansas City,Calvin Harris,SKC,tot,0.5,1.04,1.04,2026-09-30T02:05:03Z,,
2026-10-02,mls,Seattle Sounders,Sporting Kansas City,Calvin Harris,SKC,tot,1.5,1.5,1.5,2026-09-30T02:05:03Z,,
2026-10-02,mls,Seattle Sounders,Sporting Kansas City,Calvin Harris,SKC,tot,2.5,2.5455,2.5455,2026-09-30T02:05:03Z,,
2026-10-02,mls,Seattle Sounders,Sporting Kansas City,Charles Gaffney,SEA,on,0.5,1.5834,1.5834,2026-09-30T02:05:03Z,,
2026-10-02,mls,Seattle Sounders,Sporting Kansas City,Charles Gaffney,SEA,on,1.5,4.0,4.0,2026-09-30T02:05:03Z,,
2026-10-02,mls,Seattle Sounders,Sporting Kansas City,Charles Gaffney,SEA,tot,1.5,1.4167,1.4167,2026-09-30T02:05:03Z,,
2026-10-02,mls,Seattle Sounders,Sporting Kansas City,Charles Gaffney,SEA,tot,2.5,2.3,2.3,2026-09-30T02:05:03Z,,
2026-10-02,mls,Seattle Sounders,Sporting Kansas City,Charles Gaffney,SEA,tot,3.5,4.25,4.25,2026-09-30T02:05:03Z,,
2026-10-02,mls,Seattle Sounders,Sporting Kansas City,Cristian Roldan,SEA,on,0.5,1.68,1.68,2026-09-30T02:05:03Z,,
2026-10-02,mls,Seattle Sounders,Sporting Kansas City,Cristian Roldan,SEA,on,1.5,4.5,4.5,2026-09-30T02:05:03Z,,
2026-10-02,mls,Seattle Sounders,Sporting Kansas City,Cristian Roldan,SEA,tot,0.5,1.05,1.05,2026-09-30T02:05:03Z,,
2026-10-02,mls,Seattle Sounders,Sporting Kansas City,Cristian Roldan,SEA,tot,1.5,1.52,1.52,2026-09-30T02:05:03Z,,
2026-10-02,mls,Seattle Sounders,Sporting Kansas City,Cristian Roldan,SEA,tot,2.5,2.6,2.6,2026-09-30T02:05:03Z,,
2026-10-02,mls,Seattle Sounders,Sporting Kansas City,Danny Musovski,SEA,on,0.5,1.0715,1.0715,2026-09-30T02:05:03Z,,
2026-10-02,mls,Seattle Sounders,Sporting Kansas City,Danny Musovski,SEA,on,1.5,1.6154,1.6154,2026-09-30T02:05:03Z,,
2026-10-02,mls,Seattle Sounders,Sporting Kansas City,Danny Musovski,SEA,on,2.5,3.0,3.0,2026-09-30T02:05:03Z,,
2026-10-02,mls,Seattle Sounders,Sporting Kansas City,Danny Musovski,SEA,tot,3.5,1.5,1.5,2026-09-30T02:05:03Z,,
2026-10-02,mls,Seattle Sounders,Sporting Kansas City,Danny Musovski,SEA,tot,4.5,2.1,2.1,2026-09-30T02:05:03Z,,
2026-10-02,mls,Seattle Sounders,Sporting Kansas City,Danny Musovski,SEA,tot,5.5,3.3334,3.3334,2026-09-30T02:05:03Z,,
2026-10-02,mls,Seattle Sounders,Sporting Kansas City,Diego Henrique Borges da Silva,SKC,on,0.5,3.5,3.5,2026-09-30T02:05:03Z,,
2026-10-02,mls,Seattle Sounders,Sporting Kansas City,Diego Henrique Borges da Silva,SKC,on,1.5,20.0,20.0,2026-09-30T02:05:03Z,,
2026-10-02,mls,Seattle Sounders,Sporting Kansas City,Diego Henrique Borges da Silva,SKC,tot,0.5,1.6154,1.6154,2026-09-30T02:05:03Z,,
2026-10-02,mls,Seattle Sounders,Sporting Kansas City,Diego Henrique Borges da Silva,SKC,tot,1.5,4.0,4.0,2026-09-30T02:05:03Z,,
2026-10-02,mls,Seattle Sounders,Sporting Kansas City,Edson Carli,SEA,on,0.5,1.5834,1.5834,2026-09-30T02:05:03Z,,
2026-10-02,mls,Seattle Sounders,Sporting Kansas City,Edson Carli,SEA,on,1.5,4.0,4.0,2026-09-30T02:05:03Z,,
2026-10-02,mls,Seattle Sounders,Sporting Kansas City,Edson Carli,SEA,tot,1.5,1.4,1.4,2026-09-30T02:05:03Z,,
2026-10-02,mls,Seattle Sounders,Sporting Kansas City,Edson Carli,SEA,tot,2.5,2.25,2.25,2026-09-30T02:05:03Z,,
2026-10-02,mls,Seattle Sounders,Sporting Kansas City,Edson Carli,SEA,tot,3.5,4.25,4.25,2026-09-30T02:05:03Z,,
2026-10-02,mls,Seattle Sounders,Sporting Kansas City,Emir Karic,SKC,on,0.5,4.5,4.5,2026-09-30T02:05:03Z,,
2026-10-02,mls,Seattle Sounders,Sporting Kansas City,Emir Karic,SKC,tot,0.5,1.75,1.75,2026-09-30T02:05:03Z,,
2026-10-02,mls,Seattle Sounders,Sporting Kansas City,Emir Karic,SKC,tot,1.5,4.5,4.5,2026-09-30T02:05:03Z,,
2026-10-02,mls,Seattle Sounders,Sporting Kansas City,Gallatin Sandnes,SEA,on,0.5,2.7143,2.7143,2026-09-30T02:05:03Z,,
2026-10-02,mls,Seattle Sounders,Sporting Kansas City,Gallatin Sandnes,SEA,on,1.5,12.0,12.0,2026-09-30T02:05:03Z,,
2026-10-02,mls,Seattle Sounders,Sporting Kansas City,Gallatin Sandnes,SEA,tot,0.5,1.35,1.35,2026-09-30T02:05:03Z,,
2026-10-02,mls,Seattle Sounders,Sporting Kansas City,Gallatin Sandnes,SEA,tot,1.5,2.8,2.8,2026-09-30T02:05:03Z,,
2026-10-02,mls,Seattle Sounders,Sporting Kansas City,Ian James,SKC,on,0.5,5.5,5.5,2026-09-30T02:05:03Z,,
2026-10-02,mls,Seattle Sounders,Sporting Kansas City,Ian James,SKC,tot,0.5,2.3637,2.3637,2026-09-30T02:05:03Z,,
2026-10-02,mls,Seattle Sounders,Sporting Kansas City,Ian James,SKC,tot,1.5,8.0,8.0,2026-09-30T02:05:03Z,,
2026-10-02,mls,Seattle Sounders,Sporting Kansas City,Jackson Ragen,SEA,on,0.5,2.1429,2.1429,2026-09-30T02:05:03Z,,
2026-10-02,mls,Seattle Sounders,Sporting Kansas City,Jackson Ragen,SEA,on,1.5,7.5,7.5,2026-09-30T02:05:03Z,,
2026-10-02,mls,Seattle Sounders,Sporting Kansas City,Jackson Ragen,SEA,tot,0.5,1.1667,1.1667,2026-09-30T02:05:03Z,,
2026-10-02,mls,Seattle Sounders,Sporting Kansas City,Jackson Ragen,SEA,tot,1.5,1.95,1.95,2026-09-30T02:05:03Z,,
2026-10-02,mls,Seattle Sounders,Sporting Kansas City,Jackson Ragen,SEA,tot,2.5,4.0,4.0,2026-09-30T02:05:03Z,,
2026-10-02,mls,Seattle Sounders,Sporting Kansas City,Jacob Bartlett,SKC,on,0.5,3.8,3.8,2026-09-30T02:05:03Z,,
2026-10-02,mls,Seattle Sounders,Sporting Kansas City,Jacob Bartlett,SKC,tot,0.5,1.875,1.875,2026-09-30T02:05:03Z,,
2026-10-02,mls,Seattle Sounders,Sporting Kansas City,Jacob Bartlett,SKC,tot,1.5,5.0,5.0,2026-09-30T02:05:03Z,,
2026-10-02,mls,Seattle Sounders,Sporting Kansas City,Jake Davis,SKC,on,0.5,8.5,8.5,2026-09-30T02:05:03Z,,
2026-10-02,mls,Seattle Sounders,Sporting Kansas City,Jake Davis,SKC,tot,0.5,1.5834,1.5834,2026-09-30T02:05:03Z,,
2026-10-02,mls,Seattle Sounders,Sporting Kansas City,Jake Davis,SKC,tot,1.5,3.8,3.8,2026-09-30T02:05:03Z,,
2026-10-02,mls,Seattle Sounders,Sporting Kansas City,Jansen Miller,SKC,on,0.5,4.0,4.0,2026-09-30T02:05:03Z,,
2026-10-02,mls,Seattle Sounders,Sporting Kansas City,Jansen Miller,SKC,tot,0.5,2.05,2.05,2026-09-30T02:05:03Z,,
2026-10-02,mls,Seattle Sounders,Sporting Kansas City,Jansen Miller,SKC,tot,1.5,6.0,6.0,2026-09-30T02:05:03Z,,
2026-10-02,mls,Seattle Sounders,Sporting Kansas City,Jordan Morris,SEA,on,0.5,1.1539,1.1539,2026-09-30T02:05:03Z,,
2026-10-02,mls,Seattle Sounders,Sporting Kansas City,Jordan Morris,SEA,on,1.5,2.0,2.0,2026-09-30T02:05:03Z,,
2026-10-02,mls,Seattle Sounders,Sporting Kansas City,Jordan Morris,SEA,on,2.5,4.25,4.25,2026-09-30T02:05:03Z,,
2026-10-02,mls,Seattle Sounders,Sporting Kansas City,Jordan Morris,SEA,tot,2.5,1.4,1.4,2026-09-30T02:05:03Z,,
2026-10-02,mls,Seattle Sounders,Sporting Kansas City,Jordan Morris,SEA,tot,3.5,2.0,2.0,2026-09-30T02:05:03Z,,
2026-10-02,mls,Seattle Sounders,Sporting Kansas City,Jordan Morris,SEA,tot,4.5,3.3334,3.3334,2026-09-30T02:05:03Z,,
2026-10-02,mls,Seattle Sounders,Sporting Kansas City,Justin Reynolds,SKC,on,0.5,3.8,3.8,2026-09-30T02:05:03Z,,
2026-10-02,mls,Seattle Sounders,Sporting Kansas City,Justin Reynolds,SKC,tot,0.5,1.7778,1.7778,2026-09-30T02:05:03Z,,
2026-10-02,mls,Seattle Sounders,Sporting Kansas City,Justin Reynolds,SKC,tot,1.5,4.75,4.75,2026-09-30T02:05:03Z,,
2026-10-02,mls,Seattle Sounders,Sporting Kansas City,Kalani Kossa-Rienzi,SEA,on,0.5,2.3,2.3,2026-09-30T02:05:03Z,,
2026-10-02,mls,Seattle Sounders,Sporting Kansas City,Kalani Kossa-Rienzi,SEA,on,1.5,8.5,8.5,2026-09-30T02:05:03Z,,
2026-10-02,mls,Seattle Sounders,Sporting Kansas City,Kalani Kossa-Rienzi,SEA,tot,0.5,1.25,1.25,2026-09-30T02:05:03Z,,
2026-10-02,mls,Seattle Sounders,Sporting Kansas City,Kalani Kossa-Rienzi,SEA,tot,1.5,2.3,2.3,2026-09-30T02:05:03Z,,
2026-10-02,mls,Seattle Sounders,Sporting Kansas City,Kalani Kossa-Rienzi,SEA,tot,2.5,5.0,5.0,2026-09-30T02:05:03Z,,
2026-10-02,mls,Seattle Sounders,Sporting Kansas City,Kim Kee Hee,SEA,on,0.5,3.2,3.2,2026-09-30T02:05:03Z,,
2026-10-02,mls,Seattle Sounders,Sporting Kansas City,Kim Kee Hee,SEA,on,1.5,16.0,16.0,2026-09-30T02:05:03Z,,
2026-10-02,mls,Seattle Sounders,Sporting Kansas City,Kim Kee Hee,SEA,tot,0.5,1.48,1.48,2026-09-30T02:05:03Z,,
2026-10-02,mls,Seattle Sounders,Sporting Kansas City,Kim Kee Hee,SEA,tot,1.5,3.3334,3.3334,2026-09-30T02:05:03Z,,
2026-10-02,mls,Seattle Sounders,Sporting Kansas City,Kwaku Agyabeng,SKC,on,0.5,3.0,3.0,2026-09-30T02:05:03Z,,
2026-10-02,mls,Seattle Sounders,Sporting Kansas City,Kwaku Agyabeng,SKC,on,1.5,15.0,15.0,2026-09-30T02:05:03Z,,
2026-10-02,mls,Seattle Sounders,Sporting Kansas City,Kwaku Agyabeng,SKC,tot,0.5,1.4167,1.4167,2026-09-30T02:05:03Z,,
2026-10-02,mls,Seattle Sounders,Sporting Kansas City,Kwaku Agyabeng,SKC,tot,1.5,3.1,3.1,2026-09-30T02:05:03Z,,
2026-10-02,mls,Seattle Sounders,Sporting Kansas City,Mark O'Neill,SEA,on,0.5,2.4,2.4,2026-09-30T02:05:03Z,,
2026-10-02,mls,Seattle Sounders,Sporting Kansas City,Mark O'Neill,SEA,on,1.5,9.5,9.5,2026-09-30T02:05:03Z,,
2026-10-02,mls,Seattle Sounders,Sporting Kansas City,Mark O'Neill,SEA,tot,0.5,1.2858,1.2858,2026-09-30T02:05:03Z,,
2026-10-02,mls,Seattle Sounders,Sporting Kansas City,Mark O'Neill,SEA,tot,1.5,2.4,2.4,2026-09-30T02:05:03Z,,
2026-10-02,mls,Seattle Sounders,Sporting Kansas City,Mark O'Neill,SEA,tot,2.5,5.5,5.5,2026-09-30T02:05:03Z,,
2026-10-02,mls,Seattle Sounders,Sporting Kansas City,Moises Mosquera,SKC,on,0.5,4.5,4.5,2026-09-30T02:05:03Z,,
2026-10-02,mls,Seattle Sounders,Sporting Kansas City,Moises Mosquera,SKC,tot,0.5,2.0,2.0,2026-09-30T02:05:03Z,,
2026-10-02,mls,Seattle Sounders,Sporting Kansas City,Moises Mosquera,SKC,tot,1.5,6.0,6.0,2026-09-30T02:05:03Z,,
2026-10-02,mls,Seattle Sounders,Sporting Kansas City,Nouhou Tolo,SEA,on,0.5,3.3334,3.3334,2026-09-30T02:05:03Z,,
2026-10-02,mls,Seattle Sounders,Sporting Kansas City,Nouhou Tolo,SEA,on,1.5,18.0,18.0,2026-09-30T02:05:03Z,,
2026-10-02,mls,Seattle Sounders,Sporting Kansas City,Nouhou Tolo,SEA,tot,0.5,1.5834,1.5834,2026-09-30T02:05:03Z,,
2026-10-02,mls,Seattle Sounders,Sporting Kansas City,Nouhou Tolo,SEA,tot,1.5,3.8,3.8,2026-09-30T02:05:03Z,,
2026-10-02,mls,Seattle Sounders,Sporting Kansas City,Osvaldo Pedro Capemba,SKC,on,0.5,1.6154,1.6154,2026-09-30T02:05:03Z,,
2026-10-02,mls,Seattle Sounders,Sporting Kansas City,Osvaldo Pedro Capemba,SKC,on,1.5,4.25,4.25,2026-09-30T02:05:03Z,,
2026-10-02,mls,Seattle Sounders,Sporting Kansas City,Osvaldo Pedro Capemba,SKC,tot,0.5,1.04,1.04,2026-09-30T02:05:03Z,,
2026-10-02,mls,Seattle Sounders,Sporting Kansas City,Osvaldo Pedro Capemba,SKC,tot,1.5,1.48,1.48,2026-09-30T02:05:03Z,,
2026-10-02,mls,Seattle Sounders,Sporting Kansas City,Osvaldo Pedro Capemba,SKC,tot,2.5,2.5,2.5,2026-09-30T02:05:03Z,,
2026-10-02,mls,Seattle Sounders,Sporting Kansas City,Owen Wolff,SKC,on,0.5,1.9,1.9,2026-09-30T02:05:03Z,,
2026-10-02,mls,Seattle Sounders,Sporting Kansas City,Owen Wolff,SKC,on,1.5,6.0,6.0,2026-09-30T02:05:03Z,,
2026-10-02,mls,Seattle Sounders,Sporting Kansas City,Owen Wolff,SKC,tot,0.5,1.1112,1.1112,2026-09-30T02:05:03Z,,
2026-10-02,mls,Seattle Sounders,Sporting Kansas City,Owen Wolff,SKC,tot,1.5,1.75,1.75,2026-09-30T02:05:03Z,,
2026-10-02,mls,Seattle Sounders,Sporting Kansas City,Owen Wolff,SKC,tot,2.5,3.2,3.2,2026-09-30T02:05:03Z,,
2026-10-02,mls,Seattle Sounders,Sporting Kansas City,Paul Joseph Arriola,SEA,on,0.5,1.2858,1.2858,2026-09-30T02:05:03Z,,
2026-10-02,mls,Seattle Sounders,Sporting Kansas City,Paul Joseph Arriola,SEA,on,1.5,2.5455,2.5455,2026-09-30T02:05:03Z,,
2026-10-02,mls,Seattle Sounders,Sporting Kansas City,Paul Joseph Arriola,SEA,on,2.5,6.5,6.5,2026-09-30T02:05:03Z,,
2026-10-02,mls,Seattle Sounders,Sporting Kansas City,Paul Joseph Arriola,SEA,tot,1.5,1.1334,1.1334,2026-09-30T02:05:03Z,,
2026-10-02,mls,Seattle Sounders,Sporting Kansas City,Paul Joseph Arriola,SEA,tot,2.5,1.52,1.52,2026-09-30T02:05:03Z,,
2026-10-02,mls,Seattle Sounders,Sporting Kansas City,Paul Joseph Arriola,SEA,tot,3.5,2.3637,2.3637,2026-09-30T02:05:03Z,,
2026-10-02,mls,Seattle Sounders,Sporting Kansas City,Peter Kingston,SEA,on,0.5,2.1,2.1,2026-09-30T02:05:03Z,,
2026-10-02,mls,Seattle Sounders,Sporting Kansas City,Peter Kingston,SEA,on,1.5,7.0,7.0,2026-09-30T02:05:03Z,,
2026-10-02,mls,Seattle Sounders,Sporting Kansas City,Peter Kingston,SEA,tot,0.5,1.2,1.2,2026-09-30T02:05:03Z,,
2026-10-02,mls,Seattle Sounders,Sporting Kansas City,Peter Kingston,SEA,tot,1.5,2.1,2.1,2026-09-30T02:05:03Z,,
2026-10-02,mls,Seattle Sounders,Sporting Kansas City,Peter Kingston,SEA,tot,2.5,4.25,4.25,2026-09-30T02:05:03Z,,
2026-10-02,mls,Seattle Sounders,Sporting Kansas City,Ruben Ramos,SKC,on,0.5,2.1429,2.1429,2026-09-30T02:05:03Z,,
2026-10-02,mls,Seattle Sounders,Sporting Kansas City,Ruben Ramos,SKC,on,1.5,7.5,7.5,2026-09-30T02:05:03Z,,
2026-10-02,mls,Seattle Sounders,Sporting Kansas City,Ruben Ramos,SKC,tot,0.5,1.1112,1.1112,2026-09-30T02:05:03Z,,
2026-10-02,mls,Seattle Sounders,Sporting Kansas City,Ruben Ramos,SKC,tot,1.5,1.75,1.75,2026-09-30T02:05:03Z,,
2026-10-02,mls,Seattle Sounders,Sporting Kansas City,Ruben Ramos,SKC,tot,2.5,3.3334,3.3334,2026-09-30T02:05:03Z,,
2026-10-02,mls,Seattle Sounders,Sporting Kansas City,Ryan Sailor,SEA,on,0.5,3.6,3.6,2026-09-30T02:05:03Z,,
2026-10-02,mls,Seattle Sounders,Sporting Kansas City,Ryan Sailor,SEA,on,1.5,20.0,20.0,2026-09-30T02:05:03Z,,
2026-10-02,mls,Seattle Sounders,Sporting Kansas City,Ryan Sailor,SEA,tot,0.5,1.6471,1.6471,2026-09-30T02:05:03Z,,
2026-10-02,mls,Seattle Sounders,Sporting Kansas City,Ryan Sailor,SEA,tot,1.5,4.0,4.0,2026-09-30T02:05:03Z,,
2026-10-02,mls,Seattle Sounders,Sporting Kansas City,Sebastian Gomez,SEA,on,0.5,1.2,1.2,2026-09-30T02:05:03Z,,
2026-10-02,mls,Seattle Sounders,Sporting Kansas City,Sebastian Gomez,SEA,on,1.5,2.2,2.2,2026-09-30T02:05:03Z,,
2026-10-02,mls,Seattle Sounders,Sporting Kansas City,Sebastian Gomez,SEA,on,2.5,5.0,5.0,2026-09-30T02:05:03Z,,
2026-10-02,mls,Seattle Sounders,Sporting Kansas City,Sebastian Gomez,SEA,tot,2.5,1.3847,1.3847,2026-09-30T02:05:03Z,,
2026-10-02,mls,Seattle Sounders,Sporting Kansas City,Sebastian Gomez,SEA,tot,3.5,2.0,2.0,2026-09-30T02:05:03Z,,
2026-10-02,mls,Seattle Sounders,Sporting Kansas City,Sebastian Gomez,SEA,tot,4.5,3.2,3.2,2026-09-30T02:05:03Z,,
2026-10-02,mls,Seattle Sounders,Sporting Kansas City,Seymour Reid,SKC,on,0.5,1.6154,1.6154,2026-09-30T02:05:03Z,,
2026-10-02,mls,Seattle Sounders,Sporting Kansas City,Seymour Reid,SKC,on,1.5,4.25,4.25,2026-09-30T02:05:03Z,,
2026-10-02,mls,Seattle Sounders,Sporting Kansas City,Seymour Reid,SKC,tot,0.5,1.03,1.03,2026-09-30T02:05:03Z,,
2026-10-02,mls,Seattle Sounders,Sporting Kansas City,Seymour Reid,SKC,tot,1.5,1.4167,1.4167,2026-09-30T02:05:03Z,,
2026-10-02,mls,Seattle Sounders,Sporting Kansas City,Seymour Reid,SKC,tot,2.5,2.3637,2.3637,2026-09-30T02:05:03Z,,
2026-10-02,mls,Seattle Sounders,Sporting Kansas City,Shapi Suleymanov,SKC,on,0.5,1.75,1.75,2026-09-30T02:05:03Z,,
2026-10-02,mls,Seattle Sounders,Sporting Kansas City,Shapi Suleymanov,SKC,on,1.5,5.0,5.0,2026-09-30T02:05:03Z,,
2026-10-02,mls,Seattle Sounders,Sporting Kansas City,Shapi Suleymanov,SKC,tot,0.5,1.04,1.04,2026-09-30T02:05:03Z,,
2026-10-02,mls,Seattle Sounders,Sporting Kansas City,Shapi Suleymanov,SKC,tot,1.5,1.48,1.48,2026-09-30T02:05:03Z,,
2026-10-02,mls,Seattle Sounders,Sporting Kansas City,Shapi Suleymanov,SKC,tot,2.5,2.4546,2.4546,2026-09-30T02:05:03Z,,
2026-10-02,mls,Seattle Sounders,Sporting Kansas City,Snyder Brunell,SEA,on,0.5,1.75,1.75,2026-09-30T02:05:03Z,,
2026-10-02,mls,Seattle Sounders,Sporting Kansas City,Snyder Brunell,SEA,on,1.5,5.0,5.0,2026-09-30T02:05:03Z,,
2026-10-02,mls,Seattle Sounders,Sporting Kansas City,Snyder Brunell,SEA,tot,0.5,1.0715,1.0715,2026-09-30T02:05:03Z,,
2026-10-02,mls,Seattle Sounders,Sporting Kansas City,Snyder Brunell,SEA,tot,1.5,1.5834,1.5834,2026-09-30T02:05:03Z,,
2026-10-02,mls,Seattle Sounders,Sporting Kansas City,Snyder Brunell,SEA,tot,2.5,2.8,2.8,2026-09-30T02:05:03Z,,
2026-10-02,mls,Seattle Sounders,Sporting Kansas City,Stephen Afrifa,SKC,on,0.5,1.6154,1.6154,2026-09-30T02:05:03Z,,
2026-10-02,mls,Seattle Sounders,Sporting Kansas City,Stephen Afrifa,SKC,on,1.5,4.25,4.25,2026-09-30T02:05:03Z,,
2026-10-02,mls,Seattle Sounders,Sporting Kansas City,Stephen Afrifa,SKC,tot,1.5,1.32,1.32,2026-09-30T02:05:03Z,,
2026-10-02,mls,Seattle Sounders,Sporting Kansas City,Stephen Afrifa,SKC,tot,2.5,2.05,2.05,2026-09-30T02:05:03Z,,
2026-10-02,mls,Seattle Sounders,Sporting Kansas City,Stephen Afrifa,SKC,tot,3.5,3.6667,3.6667,2026-09-30T02:05:03Z,,
2026-10-02,mls,Seattle Sounders,Sporting Kansas City,Stuart Russell Hawkins,SEA,on,0.5,3.0,3.0,2026-09-30T02:05:03Z,,
2026-10-02,mls,Seattle Sounders,Sporting Kansas City,Stuart Russell Hawkins,SEA,on,1.5,15.0,15.0,2026-09-30T02:05:03Z,,
2026-10-02,mls,Seattle Sounders,Sporting Kansas City,Stuart Russell Hawkins,SEA,tot,0.5,1.4167,1.4167,2026-09-30T02:05:03Z,,
2026-10-02,mls,Seattle Sounders,Sporting Kansas City,Stuart Russell Hawkins,SEA,tot,1.5,3.0,3.0,2026-09-30T02:05:03Z,,
2026-10-02,mls,Seattle Sounders,Sporting Kansas City,Taylor Calheira,SKC,on,0.5,1.6154,1.6154,2026-09-30T02:05:03Z,,
2026-10-02,mls,Seattle Sounders,Sporting Kansas City,Taylor Calheira,SKC,on,1.5,4.25,4.25,2026-09-30T02:05:03Z,,
2026-10-02,mls,Seattle Sounders,Sporting Kansas City,Taylor Calheira,SKC,tot,1.5,1.3847,1.3847,2026-09-30T02:05:03Z,,
2026-10-02,mls,Seattle Sounders,Sporting Kansas City,Taylor Calheira,SKC,tot,2.5,2.25,2.25,2026-09-30T02:05:03Z,,
2026-10-02,mls,Seattle Sounders,Sporting Kansas City,Taylor Calheira,SKC,tot,3.5,4.0,4.0,2026-09-30T02:05:03Z,,
2026-10-02,mls,Seattle Sounders,Sporting Kansas City,Wyatt Meyer,SKC,on,0.5,5.0,5.0,2026-09-30T02:05:03Z,,
2026-10-02,mls,Seattle Sounders,Sporting Kansas City,Wyatt Meyer,SKC,tot,0.5,2.1429,2.1429,2026-09-30T02:05:03Z,,
2026-10-02,mls,Seattle Sounders,Sporting Kansas City,Wyatt Meyer,SKC,tot,1.5,7.0,7.0,2026-09-30T02:05:03Z,,
2026-10-02,mls,Seattle Sounders,Sporting Kansas City,Yeimar Pastor Gomez Andrade,SEA,on,0.5,3.3334,3.3334,2026-09-30T02:05:03Z,,
2026-10-02,mls,Seattle Sounders,Sporting Kansas City,Yeimar Pastor Gomez Andrade,SEA,on,1.5,17.0,17.0,2026-09-30T02:05:03Z,,
2026-10-02,mls,Seattle Sounders,Sporting Kansas City,Yeimar Pastor Gomez Andrade,SEA,tot,0.5,1.5,1.5,2026-09-30T02:05:03Z,,
2026-10-02,mls,Seattle Sounders,Sporting Kansas City,Yeimar Pastor Gomez Andrade,SEA,tot,1.5,3.4,3.4,2026-09-30T02:05:03Z,,
2026-10-02,mls,Seattle Sounders,Sporting Kansas City,Zorhan Ludovic Bassong,SKC,on,0.5,4.0,4.0,2026-09-30T02:05:03Z,,
2026-10-02,mls,Seattle Sounders,Sporting Kansas City,Zorhan Ludovic Bassong,SKC,tot,0.5,1.7,1.7,2026-09-30T02:05:03Z,,
2026-10-02,mls,Seattle Sounders,Sporting Kansas City,Zorhan Ludovic Bassong,SKC,tot,1.5,4.25,4.25,2026-09-30T02:05:03Z,,
2026-10-02,mls,Seattle Sounders FC,Sporting Kansas City,Albert Rusnak,SEA,on,0.5,1.125,1.125,2026-09-30T02:05:03Z,,
2026-10-02,mls,Seattle Sounders FC,Sporting Kansas City,Albert Rusnak,SEA,on,1.5,1.8182,1.8182,2026-09-30T02:05:03Z,,
2026-10-02,mls,Seattle Sounders FC,Sporting Kansas City,Albert Rusnak,SEA,on,2.5,3.6667,3.6667,2026-09-30T02:05:03Z,,
2026-10-02,mls,Seattle Sounders FC,Sporting Kansas City,Albert Rusnak,SEA,tot,2.5,1.1819,1.1819,2026-09-30T02:05:03Z,,
2026-10-02,mls,Seattle Sounders FC,Sporting Kansas City,Albert Rusnak,SEA,tot,3.5,1.5834,1.5834,2026-09-30T02:05:03Z,,
2026-10-02,mls,Seattle Sounders FC,Sporting Kansas City,Albert Rusnak,SEA,tot,4.5,2.3,2.3,2026-09-30T02:05:03Z,,
2026-10-02,mls,Seattle Sounders FC,Sporting Kansas City,Alexander Roldan,SEA,on,0.5,3.3334,3.3334,2026-09-30T02:05:03Z,,
2026-10-02,mls,Seattle Sounders FC,Sporting Kansas City,Alexander Roldan,SEA,on,1.5,17.0,17.0,2026-09-30T02:05:03Z,,
2026-10-02,mls,Seattle Sounders FC,Sporting Kansas City,Alexander Roldan,SEA,tot,0.5,1.5455,1.5455,2026-09-30T02:05:03Z,,
2026-10-02,mls,Seattle Sounders FC,Sporting Kansas City,Alexander Roldan,SEA,tot,1.5,3.6,3.6,2026-09-30T02:05:03Z,,
2026-10-02,mls,Seattle Sounders FC,Sporting Kansas City,Andre Luiz,SKC,on,0.5,1.4167,1.4167,2026-09-30T02:05:03Z,,
2026-10-02,mls,Seattle Sounders FC,Sporting Kansas City,Andre Luiz,SKC,on,1.5,3.2,3.2,2026-09-30T02:05:03Z,,
2026-10-02,mls,Seattle Sounders FC,Sporting Kansas City,Andre Luiz,SKC,tot,1.5,1.1667,1.1667,2026-09-30T02:05:03Z,,
2026-10-02,mls,Seattle Sounders FC,Sporting Kansas City,Andre Luiz,SKC,tot,2.5,1.6471,1.6471,2026-09-30T02:05:03Z,,
2026-10-02,mls,Seattle Sounders FC,Sporting Kansas City,Andre Luiz,SKC,tot,3.5,2.6,2.6,2026-09-30T02:05:03Z,,
2026-10-02,mls,Seattle Sounders FC,Sporting Kansas City,Antino Lopez,SEA,on,0.5,2.2,2.2,2026-09-30T02:05:03Z,,
2026-10-02,mls,Seattle Sounders FC,Sporting Kansas City,Antino Lopez,SEA,on,1.5,8.0,8.0,2026-09-30T02:05:03Z,,
2026-10-02,mls,Seattle Sounders FC,Sporting Kansas City,Antino Lopez,SEA,tot,0.5,1.1667,1.1667,2026-09-30T02:05:03Z,,
2026-10-02,mls,Seattle Sounders FC,Sporting Kansas City,Antino Lopez,SEA,tot,1.5,2.0,2.0,2026-09-30T02:05:03Z,,
2026-10-02,mls,Seattle Sounders FC,Sporting Kansas City,Antino Lopez,SEA,tot,2.5,4.0,4.0,2026-09-30T02:05:03Z,,
2026-10-02,mls,Seattle Sounders FC,Sporting Kansas City,Caden Clark,SEA,on,0.5,1.32,1.32,2026-09-30T02:05:03Z,,
2026-10-02,mls,Seattle Sounders FC,Sporting Kansas City,Caden Clark,SEA,on,1.5,2.7143,2.7143,2026-09-30T02:05:03Z,,
2026-10-02,mls,Seattle Sounders FC,Sporting Kansas City,Caden Clark,SEA,on,2.5,7.0,7.0,2026-09-30T02:05:03Z,,
2026-10-02,mls,Seattle Sounders FC,Sporting Kansas City,Caden Clark,SEA,tot,2.5,1.35,1.35,2026-09-30T02:05:03Z,,
2026-10-02,mls,Seattle Sounders FC,Sporting Kansas City,Caden Clark,SEA,tot,3.5,1.95,1.95,2026-09-30T02:05:03Z,,
2026-10-02,mls,Seattle Sounders FC,Sporting Kansas City,Caden Clark,SEA,tot,4.5,3.1,3.1,2026-09-30T02:05:03Z,,
2026-10-02,mls,Seattle Sounders FC,Sporting Kansas City,Calvin Harris,SKC,on,0.5,1.9,1.9,2026-09-30T02:05:03Z,,
2026-10-02,mls,Seattle Sounders FC,Sporting Kansas City,Calvin Harris,SKC,on,1.5,6.0,6.0,2026-09-30T02:05:03Z,,
2026-10-02,mls,Seattle Sounders FC,Sporting Kansas City,Calvin Harris,SKC,tot,0.5,1.04,1.04,2026-09-30T02:05:03Z,,
2026-10-02,mls,Seattle Sounders FC,Sporting Kansas City,Calvin Harris,SKC,tot,1.5,1.5,1.5,2026-09-30T02:05:03Z,,
2026-10-02,mls,Seattle Sounders FC,Sporting Kansas City,Calvin Harris,SKC,tot,2.5,2.5455,2.5455,2026-09-30T02:05:03Z,,
2026-10-02,mls,Seattle Sounders FC,Sporting Kansas City,Charles Gaffney,SEA,on,0.5,1.5834,1.5834,2026-09-30T02:05:03Z,,
2026-10-02,mls,Seattle Sounders FC,Sporting Kansas City,Charles Gaffney,SEA,on,1.5,4.0,4.0,2026-09-30T02:05:03Z,,
2026-10-02,mls,Seattle Sounders FC,Sporting Kansas City,Charles Gaffney,SEA,tot,1.5,1.4167,1.4167,2026-09-30T02:05:03Z,,
2026-10-02,mls,Seattle Sounders FC,Sporting Kansas City,Charles Gaffney,SEA,tot,2.5,2.3,2.3,2026-09-30T02:05:03Z,,
2026-10-02,mls,Seattle Sounders FC,Sporting Kansas City,Charles Gaffney,SEA,tot,3.5,4.25,4.25,2026-09-30T02:05:03Z,,
2026-10-02,mls,Seattle Sounders FC,Sporting Kansas City,Cristian Roldan,SEA,on,0.5,1.68,1.68,2026-09-30T02:05:03Z,,
2026-10-02,mls,Seattle Sounders FC,Sporting Kansas City,Cristian Roldan,SEA,on,1.5,4.5,4.5,2026-09-30T02:05:03Z,,
2026-10-02,mls,Seattle Sounders FC,Sporting Kansas City,Cristian Roldan,SEA,tot,0.5,1.05,1.05,2026-09-30T02:05:03Z,,
2026-10-02,mls,Seattle Sounders FC,Sporting Kansas City,Cristian Roldan,SEA,tot,1.5,1.52,1.52,2026-09-30T02:05:03Z,,
2026-10-02,mls,Seattle Sounders FC,Sporting Kansas City,Cristian Roldan,SEA,tot,2.5,2.6,2.6,2026-09-30T02:05:03Z,,
2026-10-02,mls,Seattle Sounders FC,Sporting Kansas City,Danny Musovski,SEA,on,0.5,1.0715,1.0715,2026-09-30T02:05:03Z,,
2026-10-02,mls,Seattle Sounders FC,Sporting Kansas City,Danny Musovski,SEA,on,1.5,1.6154,1.6154,2026-09-30T02:05:03Z,,
2026-10-02,mls,Seattle Sounders FC,Sporting Kansas City,Danny Musovski,SEA,on,2.5,3.0,3.0,2026-09-30T02:05:03Z,,
2026-10-02,mls,Seattle Sounders FC,Sporting Kansas City,Danny Musovski,SEA,tot,3.5,1.5,1.5,2026-09-30T02:05:03Z,,
2026-10-02,mls,Seattle Sounders FC,Sporting Kansas City,Danny Musovski,SEA,tot,4.5,2.1,2.1,2026-09-30T02:05:03Z,,
2026-10-02,mls,Seattle Sounders FC,Sporting Kansas City,Danny Musovski,SEA,tot,5.5,3.3334,3.3334,2026-09-30T02:05:03Z,,
2026-10-02,mls,Seattle Sounders FC,Sporting Kansas City,Diego Henrique Borges da Silva,SKC,on,0.5,3.5,3.5,2026-09-30T02:05:03Z,,
2026-10-02,mls,Seattle Sounders FC,Sporting Kansas City,Diego Henrique Borges da Silva,SKC,on,1.5,20.0,20.0,2026-09-30T02:05:03Z,,
2026-10-02,mls,Seattle Sounders FC,Sporting Kansas City,Diego Henrique Borges da Silva,SKC,tot,0.5,1.6154,1.6154,2026-09-30T02:05:03Z,,
2026-10-02,mls,Seattle Sounders FC,Sporting Kansas City,Diego Henrique Borges da Silva,SKC,tot,1.5,4.0,4.0,2026-09-30T02:05:03Z,,
2026-10-02,mls,Seattle Sounders FC,Sporting Kansas City,Edson Carli,SEA,on,0.5,1.5834,1.5834,2026-09-30T02:05:03Z,,
2026-10-02,mls,Seattle Sounders FC,Sporting Kansas City,Edson Carli,SEA,on,1.5,4.0,4.0,2026-09-30T02:05:03Z,,
2026-10-02,mls,Seattle Sounders FC,Sporting Kansas City,Edson Carli,SEA,tot,1.5,1.4,1.4,2026-09-30T02:05:03Z,,
2026-10-02,mls,Seattle Sounders FC,Sporting Kansas City,Edson Carli,SEA,tot,2.5,2.25,2.25,2026-09-30T02:05:03Z,,
2026-10-02,mls,Seattle Sounders FC,Sporting Kansas City,Edson Carli,SEA,tot,3.5,4.25,4.25,2026-09-30T02:05:03Z,,
2026-10-02,mls,Seattle Sounders FC,Sporting Kansas City,Emir Karic,SKC,on,0.5,4.5,4.5,2026-09-30T02:05:03Z,,
2026-10-02,mls,Seattle Sounders FC,Sporting Kansas City,Emir Karic,SKC,tot,0.5,1.75,1.75,2026-09-30T02:05:03Z,,
2026-10-02,mls,Seattle Sounders FC,Sporting Kansas City,Emir Karic,SKC,tot,1.5,4.5,4.5,2026-09-30T02:05:03Z,,
2026-10-02,mls,Seattle Sounders FC,Sporting Kansas City,Gallatin Sandnes,SEA,on,0.5,2.7143,2.7143,2026-09-30T02:05:03Z,,
2026-10-02,mls,Seattle Sounders FC,Sporting Kansas City,Gallatin Sandnes,SEA,on,1.5,12.0,12.0,2026-09-30T02:05:03Z,,
2026-10-02,mls,Seattle Sounders FC,Sporting Kansas City,Gallatin Sandnes,SEA,tot,0.5,1.35,1.35,2026-09-30T02:05:03Z,,
2026-10-02,mls,Seattle Sounders FC,Sporting Kansas City,Gallatin Sandnes,SEA,tot,1.5,2.8,2.8,2026-09-30T02:05:03Z,,
2026-10-02,mls,Seattle Sounders FC,Sporting Kansas City,Ian James,SKC,on,0.5,5.5,5.5,2026-09-30T02:05:03Z,,
2026-10-02,mls,Seattle Sounders FC,Sporting Kansas City,Ian James,SKC,tot,0.5,2.3637,2.3637,2026-09-30T02:05:03Z,,
2026-10-02,mls,Seattle Sounders FC,Sporting Kansas City,Ian James,SKC,tot,1.5,8.0,8.0,2026-09-30T02:05:03Z,,
2026-10-02,mls,Seattle Sounders FC,Sporting Kansas City,Jackson Ragen,SEA,on,0.5,2.1429,2.1429,2026-09-30T02:05:03Z,,
2026-10-02,mls,Seattle Sounders FC,Sporting Kansas City,Jackson Ragen,SEA,on,1.5,7.5,7.5,2026-09-30T02:05:03Z,,
2026-10-02,mls,Seattle Sounders FC,Sporting Kansas City,Jackson Ragen,SEA,tot,0.5,1.1667,1.1667,2026-09-30T02:05:03Z,,
2026-10-02,mls,Seattle Sounders FC,Sporting Kansas City,Jackson Ragen,SEA,tot,1.5,1.95,1.95,2026-09-30T02:05:03Z,,
2026-10-02,mls,Seattle Sounders FC,Sporting Kansas City,Jackson Ragen,SEA,tot,2.5,4.0,4.0,2026-09-30T02:05:03Z,,
2026-10-02,mls,Seattle Sounders FC,Sporting Kansas City,Jacob Bartlett,SKC,on,0.5,3.8,3.8,2026-09-30T02:05:03Z,,
2026-10-02,mls,Seattle Sounders FC,Sporting Kansas City,Jacob Bartlett,SKC,tot,0.5,1.875,1.875,2026-09-30T02:05:03Z,,
2026-10-02,mls,Seattle Sounders FC,Sporting Kansas City,Jacob Bartlett,SKC,tot,1.5,5.0,5.0,2026-09-30T02:05:03Z,,
2026-10-02,mls,Seattle Sounders FC,Sporting Kansas City,Jake Davis,SKC,on,0.5,8.5,8.5,2026-09-30T02:05:03Z,,
2026-10-02,mls,Seattle Sounders FC,Sporting Kansas City,Jake Davis,SKC,tot,0.5,1.5834,1.5834,2026-09-30T02:05:03Z,,
2026-10-02,mls,Seattle Sounders FC,Sporting Kansas City,Jake Davis,SKC,tot,1.5,3.8,3.8,2026-09-30T02:05:03Z,,
2026-10-02,mls,Seattle Sounders FC,Sporting Kansas City,Jansen Miller,SKC,on,0.5,4.0,4.0,2026-09-30T02:05:03Z,,
2026-10-02,mls,Seattle Sounders FC,Sporting Kansas City,Jansen Miller,SKC,tot,0.5,2.05,2.05,2026-09-30T02:05:03Z,,
2026-10-02,mls,Seattle Sounders FC,Sporting Kansas City,Jansen Miller,SKC,tot,1.5,6.0,6.0,2026-09-30T02:05:03Z,,
2026-10-02,mls,Seattle Sounders FC,Sporting Kansas City,Jordan Morris,SEA,on,0.5,1.1539,1.1539,2026-09-30T02:05:03Z,,
2026-10-02,mls,Seattle Sounders FC,Sporting Kansas City,Jordan Morris,SEA,on,1.5,2.0,2.0,2026-09-30T02:05:03Z,,
2026-10-02,mls,Seattle Sounders FC,Sporting Kansas City,Jordan Morris,SEA,on,2.5,4.25,4.25,2026-09-30T02:05:03Z,,
2026-10-02,mls,Seattle Sounders FC,Sporting Kansas City,Jordan Morris,SEA,tot,2.5,1.4,1.4,2026-09-30T02:05:03Z,,
2026-10-02,mls,Seattle Sounders FC,Sporting Kansas City,Jordan Morris,SEA,tot,3.5,2.0,2.0,2026-09-30T02:05:03Z,,
2026-10-02,mls,Seattle Sounders FC,Sporting Kansas City,Jordan Morris,SEA,tot,4.5,3.3334,3.3334,2026-09-30T02:05:03Z,,
2026-10-02,mls,Seattle Sounders FC,Sporting Kansas City,Justin Reynolds,SKC,on,0.5,3.8,3.8,2026-09-30T02:05:03Z,,
2026-10-02,mls,Seattle Sounders FC,Sporting Kansas City,Justin Reynolds,SKC,tot,0.5,1.7778,1.7778,2026-09-30T02:05:03Z,,
2026-10-02,mls,Seattle Sounders FC,Sporting Kansas City,Justin Reynolds,SKC,tot,1.5,4.75,4.75,2026-09-30T02:05:03Z,,
2026-10-02,mls,Seattle Sounders FC,Sporting Kansas City,Kalani Kossa-Rienzi,SEA,on,0.5,2.3,2.3,2026-09-30T02:05:03Z,,
2026-10-02,mls,Seattle Sounders FC,Sporting Kansas City,Kalani Kossa-Rienzi,SEA,on,1.5,8.5,8.5,2026-09-30T02:05:03Z,,
2026-10-02,mls,Seattle Sounders FC,Sporting Kansas City,Kalani Kossa-Rienzi,SEA,tot,0.5,1.25,1.25,2026-09-30T02:05:03Z,,
2026-10-02,mls,Seattle Sounders FC,Sporting Kansas City,Kalani Kossa-Rienzi,SEA,tot,1.5,2.3,2.3,2026-09-30T02:05:03Z,,
2026-10-02,mls,Seattle Sounders FC,Sporting Kansas City,Kalani Kossa-Rienzi,SEA,tot,2.5,5.0,5.0,2026-09-30T02:05:03Z,,
2026-10-02,mls,Seattle Sounders FC,Sporting Kansas City,Kim Kee Hee,SEA,on,0.5,3.2,3.2,2026-09-30T02:05:03Z,,
2026-10-02,mls,Seattle Sounders FC,Sporting Kansas City,Kim Kee Hee,SEA,on,1.5,16.0,16.0,2026-09-30T02:05:03Z,,
2026-10-02,mls,Seattle Sounders FC,Sporting Kansas City,Kim Kee Hee,SEA,tot,0.5,1.48,1.48,2026-09-30T02:05:03Z,,
2026-10-02,mls,Seattle Sounders FC,Sporting Kansas City,Kim Kee Hee,SEA,tot,1.5,3.3334,3.3334,2026-09-30T02:05:03Z,,
2026-10-02,mls,Seattle Sounders FC,Sporting Kansas City,Kwaku Agyabeng,SKC,on,0.5,3.0,3.0,2026-09-30T02:05:03Z,,
2026-10-02,mls,Seattle Sounders FC,Sporting Kansas City,Kwaku Agyabeng,SKC,on,1.5,15.0,15.0,2026-09-30T02:05:03Z,,
2026-10-02,mls,Seattle Sounders FC,Sporting Kansas City,Kwaku Agyabeng,SKC,tot,0.5,1.4167,1.4167,2026-09-30T02:05:03Z,,
2026-10-02,mls,Seattle Sounders FC,Sporting Kansas City,Kwaku Agyabeng,SKC,tot,1.5,3.1,3.1,2026-09-30T02:05:03Z,,
2026-10-02,mls,Seattle Sounders FC,Sporting Kansas City,Mark O'Neill,SEA,on,0.5,2.4,2.4,2026-09-30T02:05:03Z,,
2026-10-02,mls,Seattle Sounders FC,Sporting Kansas City,Mark O'Neill,SEA,on,1.5,9.5,9.5,2026-09-30T02:05:03Z,,
2026-10-02,mls,Seattle Sounders FC,Sporting Kansas City,Mark O'Neill,SEA,tot,0.5,1.2858,1.2858,2026-09-30T02:05:03Z,,
2026-10-02,mls,Seattle Sounders FC,Sporting Kansas City,Mark O'Neill,SEA,tot,1.5,2.4,2.4,2026-09-30T02:05:03Z,,
2026-10-02,mls,Seattle Sounders FC,Sporting Kansas City,Mark O'Neill,SEA,tot,2.5,5.5,5.5,2026-09-30T02:05:03Z,,
2026-10-02,mls,Seattle Sounders FC,Sporting Kansas City,Moises Mosquera,SKC,on,0.5,4.5,4.5,2026-09-30T02:05:03Z,,
2026-10-02,mls,Seattle Sounders FC,Sporting Kansas City,Moises Mosquera,SKC,tot,0.5,2.0,2.0,2026-09-30T02:05:03Z,,
2026-10-02,mls,Seattle Sounders FC,Sporting Kansas City,Moises Mosquera,SKC,tot,1.5,6.0,6.0,2026-09-30T02:05:03Z,,
2026-10-02,mls,Seattle Sounders FC,Sporting Kansas City,Nouhou Tolo,SEA,on,0.5,3.3334,3.3334,2026-09-30T02:05:03Z,,
2026-10-02,mls,Seattle Sounders FC,Sporting Kansas City,Nouhou Tolo,SEA,on,1.5,18.0,18.0,2026-09-30T02:05:03Z,,
2026-10-02,mls,Seattle Sounders FC,Sporting Kansas City,Nouhou Tolo,SEA,tot,0.5,1.5834,1.5834,2026-09-30T02:05:03Z,,
2026-10-02,mls,Seattle Sounders FC,Sporting Kansas City,Nouhou Tolo,SEA,tot,1.5,3.8,3.8,2026-09-30T02:05:03Z,,
2026-10-02,mls,Seattle Sounders FC,Sporting Kansas City,Osvaldo Pedro Capemba,SKC,on,0.5,1.6154,1.6154,2026-09-30T02:05:03Z,,
2026-10-02,mls,Seattle Sounders FC,Sporting Kansas City,Osvaldo Pedro Capemba,SKC,on,1.5,4.25,4.25,2026-09-30T02:05:03Z,,
2026-10-02,mls,Seattle Sounders FC,Sporting Kansas City,Osvaldo Pedro Capemba,SKC,tot,0.5,1.04,1.04,2026-09-30T02:05:03Z,,
2026-10-02,mls,Seattle Sounders FC,Sporting Kansas City,Osvaldo Pedro Capemba,SKC,tot,1.5,1.48,1.48,2026-09-30T02:05:03Z,,
2026-10-02,mls,Seattle Sounders FC,Sporting Kansas City,Osvaldo Pedro Capemba,SKC,tot,2.5,2.5,2.5,2026-09-30T02:05:03Z,,
2026-10-02,mls,Seattle Sounders FC,Sporting Kansas City,Owen Wolff,SKC,on,0.5,1.9,1.9,2026-09-30T02:05:03Z,,
2026-10-02,mls,Seattle Sounders FC,Sporting Kansas City,Owen Wolff,SKC,on,1.5,6.0,6.0,2026-09-30T02:05:03Z,,
2026-10-02,mls,Seattle Sounders FC,Sporting Kansas City,Owen Wolff,SKC,tot,0.5,1.1112,1.1112,2026-09-30T02:05:03Z,,
2026-10-02,mls,Seattle Sounders FC,Sporting Kansas City,Owen Wolff,SKC,tot,1.5,1.75,1.75,2026-09-30T02:05:03Z,,
2026-10-02,mls,Seattle Sounders FC,Sporting Kansas City,Owen Wolff,SKC,tot,2.5,3.2,3.2,2026-09-30T02:05:03Z,,
2026-10-02,mls,Seattle Sounders FC,Sporting Kansas City,Paul Joseph Arriola,SEA,on,0.5,1.2858,1.2858,2026-09-30T02:05:03Z,,
2026-10-02,mls,Seattle Sounders FC,Sporting Kansas City,Paul Joseph Arriola,SEA,on,1.5,2.5455,2.5455,2026-09-30T02:05:03Z,,
2026-10-02,mls,Seattle Sounders FC,Sporting Kansas City,Paul Joseph Arriola,SEA,on,2.5,6.5,6.5,2026-09-30T02:05:03Z,,
2026-10-02,mls,Seattle Sounders FC,Sporting Kansas City,Paul Joseph Arriola,SEA,tot,1.5,1.1334,1.1334,2026-09-30T02:05:03Z,,
2026-10-02,mls,Seattle Sounders FC,Sporting Kansas City,Paul Joseph Arriola,SEA,tot,2.5,1.52,1.52,2026-09-30T02:05:03Z,,
2026-10-02,mls,Seattle Sounders FC,Sporting Kansas City,Paul Joseph Arriola,SEA,tot,3.5,2.3637,2.3637,2026-09-30T02:05:03Z,,
2026-10-02,mls,Seattle Sounders FC,Sporting Kansas City,Peter Kingston,SEA,on,0.5,2.1,2.1,2026-09-30T02:05:03Z,,
2026-10-02,mls,Seattle Sounders FC,Sporting Kansas City,Peter Kingston,SEA,on,1.5,7.0,7.0,2026-09-30T02:05:03Z,,
2026-10-02,mls,Seattle Sounders FC,Sporting Kansas City,Peter Kingston,SEA,tot,0.5,1.2,1.2,2026-09-30T02:05:03Z,,
2026-10-02,mls,Seattle Sounders FC,Sporting Kansas City,Peter Kingston,SEA,tot,1.5,2.1,2.1,2026-09-30T02:05:03Z,,
2026-10-02,mls,Seattle Sounders FC,Sporting Kansas City,Peter Kingston,SEA,tot,2.5,4.25,4.25,2026-09-30T02:05:03Z,,
2026-10-02,mls,Seattle Sounders FC,Sporting Kansas City,Ruben Ramos,SKC,on,0.5,2.1429,2.1429,2026-09-30T02:05:03Z,,
2026-10-02,mls,Seattle Sounders FC,Sporting Kansas City,Ruben Ramos,SKC,on,1.5,7.5,7.5,2026-09-30T02:05:03Z,,
2026-10-02,mls,Seattle Sounders FC,Sporting Kansas City,Ruben Ramos,SKC,tot,0.5,1.1112,1.1112,2026-09-30T02:05:03Z,,
2026-10-02,mls,Seattle Sounders FC,Sporting Kansas City,Ruben Ramos,SKC,tot,1.5,1.75,1.75,2026-09-30T02:05:03Z,,
2026-10-02,mls,Seattle Sounders FC,Sporting Kansas City,Ruben Ramos,SKC,tot,2.5,3.3334,3.3334,2026-09-30T02:05:03Z,,
2026-10-02,mls,Seattle Sounders FC,Sporting Kansas City,Ryan Sailor,SEA,on,0.5,3.6,3.6,2026-09-30T02:05:03Z,,
2026-10-02,mls,Seattle Sounders FC,Sporting Kansas City,Ryan Sailor,SEA,on,1.5,20.0,20.0,2026-09-30T02:05:03Z,,
2026-10-02,mls,Seattle Sounders FC,Sporting Kansas City,Ryan Sailor,SEA,tot,0.5,1.6471,1.6471,2026-09-30T02:05:03Z,,
2026-10-02,mls,Seattle Sounders FC,Sporting Kansas City,Ryan Sailor,SEA,tot,1.5,4.0,4.0,2026-09-30T02:05:03Z,,
2026-10-02,mls,Seattle Sounders FC,Sporting Kansas City,Sebastian Gomez,SEA,on,0.5,1.2,1.2,2026-09-30T02:05:03Z,,
2026-10-02,mls,Seattle Sounders FC,Sporting Kansas City,Sebastian Gomez,SEA,on,1.5,2.2,2.2,2026-09-30T02:05:03Z,,
2026-10-02,mls,Seattle Sounders FC,Sporting Kansas City,Sebastian Gomez,SEA,on,2.5,5.0,5.0,2026-09-30T02:05:03Z,,
2026-10-02,mls,Seattle Sounders FC,Sporting Kansas City,Sebastian Gomez,SEA,tot,2.5,1.3847,1.3847,2026-09-30T02:05:03Z,,
2026-10-02,mls,Seattle Sounders FC,Sporting Kansas City,Sebastian Gomez,SEA,tot,3.5,2.0,2.0,2026-09-30T02:05:03Z,,
2026-10-02,mls,Seattle Sounders FC,Sporting Kansas City,Sebastian Gomez,SEA,tot,4.5,3.2,3.2,2026-09-30T02:05:03Z,,
2026-10-02,mls,Seattle Sounders FC,Sporting Kansas City,Seymour Reid,SKC,on,0.5,1.6154,1.6154,2026-09-30T02:05:03Z,,
2026-10-02,mls,Seattle Sounders FC,Sporting Kansas City,Seymour Reid,SKC,on,1.5,4.25,4.25,2026-09-30T02:05:03Z,,
2026-10-02,mls,Seattle Sounders FC,Sporting Kansas City,Seymour Reid,SKC,tot,0.5,1.03,1.03,2026-09-30T02:05:03Z,,
2026-10-02,mls,Seattle Sounders FC,Sporting Kansas City,Seymour Reid,SKC,tot,1.5,1.4167,1.4167,2026-09-30T02:05:03Z,,
2026-10-02,mls,Seattle Sounders FC,Sporting Kansas City,Seymour Reid,SKC,tot,2.5,2.3637,2.3637,2026-09-30T02:05:03Z,,
2026-10-02,mls,Seattle Sounders FC,Sporting Kansas City,Shapi Suleymanov,SKC,on,0.5,1.75,1.75,2026-09-30T02:05:03Z,,
2026-10-02,mls,Seattle Sounders FC,Sporting Kansas City,Shapi Suleymanov,SKC,on,1.5,5.0,5.0,2026-09-30T02:05:03Z,,
2026-10-02,mls,Seattle Sounders FC,Sporting Kansas City,Shapi Suleymanov,SKC,tot,0.5,1.04,1.04,2026-09-30T02:05:03Z,,
2026-10-02,mls,Seattle Sounders FC,Sporting Kansas City,Shapi Suleymanov,SKC,tot,1.5,1.48,1.48,2026-09-30T02:05:03Z,,
2026-10-02,mls,Seattle Sounders FC,Sporting Kansas City,Shapi Suleymanov,SKC,tot,2.5,2.4546,2.4546,2026-09-30T02:05:03Z,,
2026-10-02,mls,Seattle Sounders FC,Sporting Kansas City,Snyder Brunell,SEA,on,0.5,1.75,1.75,2026-09-30T02:05:03Z,,
2026-10-02,mls,Seattle Sounders FC,Sporting Kansas City,Snyder Brunell,SEA,on,1.5,5.0,5.0,2026-09-30T02:05:03Z,,
2026-10-02,mls,Seattle Sounders FC,Sporting Kansas City,Snyder Brunell,SEA,tot,0.5,1.0715,1.0715,2026-09-30T02:05:03Z,,
2026-10-02,mls,Seattle Sounders FC,Sporting Kansas City,Snyder Brunell,SEA,tot,1.5,1.5834,1.5834,2026-09-30T02:05:03Z,,
2026-10-02,mls,Seattle Sounders FC,Sporting Kansas City,Snyder Brunell,SEA,tot,2.5,2.8,2.8,2026-09-30T02:05:03Z,,
2026-10-02,mls,Seattle Sounders FC,Sporting Kansas City,Stephen Afrifa,SKC,on,0.5,1.6154,1.6154,2026-09-30T02:05:03Z,,
2026-10-02,mls,Seattle Sounders FC,Sporting Kansas City,Stephen Afrifa,SKC,on,1.5,4.25,4.25,2026-09-30T02:05:03Z,,
2026-10-02,mls,Seattle Sounders FC,Sporting Kansas City,Stephen Afrifa,SKC,tot,1.5,1.32,1.32,2026-09-30T02:05:03Z,,
2026-10-02,mls,Seattle Sounders FC,Sporting Kansas City,Stephen Afrifa,SKC,tot,2.5,2.05,2.05,2026-09-30T02:05:03Z,,
2026-10-02,mls,Seattle Sounders FC,Sporting Kansas City,Stephen Afrifa,SKC,tot,3.5,3.6667,3.6667,2026-09-30T02:05:03Z,,
2026-10-02,mls,Seattle Sounders FC,Sporting Kansas City,Stuart Russell Hawkins,SEA,on,0.5,3.0,3.0,2026-09-30T02:05:03Z,,
2026-10-02,mls,Seattle Sounders FC,Sporting Kansas City,Stuart Russell Hawkins,SEA,on,1.5,15.0,15.0,2026-09-30T02:05:03Z,,
2026-10-02,mls,Seattle Sounders FC,Sporting Kansas City,Stuart Russell Hawkins,SEA,tot,0.5,1.4167,1.4167,2026-09-30T02:05:03Z,,
2026-10-02,mls,Seattle Sounders FC,Sporting Kansas City,Stuart Russell Hawkins,SEA,tot,1.5,3.0,3.0,2026-09-30T02:05:03Z,,
2026-10-02,mls,Seattle Sounders FC,Sporting Kansas City,Taylor Calheira,SKC,on,0.5,1.6154,1.6154,2026-09-30T02:05:03Z,,
2026-10-02,mls,Seattle Sounders FC,Sporting Kansas City,Taylor Calheira,SKC,on,1.5,4.25,4.25,2026-09-30T02:05:03Z,,
2026-10-02,mls,Seattle Sounders FC,Sporting Kansas City,Taylor Calheira,SKC,tot,1.5,1.3847,1.3847,2026-09-30T02:05:03Z,,
2026-10-02,mls,Seattle Sounders FC,Sporting Kansas City,Taylor Calheira,SKC,tot,2.5,2.25,2.25,2026-09-30T02:05:03Z,,
2026-10-02,mls,Seattle Sounders FC,Sporting Kansas City,Taylor Calheira,SKC,tot,3.5,4.0,4.0,2026-09-30T02:05:03Z,,
2026-10-02,mls,Seattle Sounders FC,Sporting Kansas City,Wyatt Meyer,SKC,on,0.5,5.0,5.0,2026-09-30T02:05:03Z,,
2026-10-02,mls,Seattle Sounders FC,Sporting Kansas City,Wyatt Meyer,SKC,tot,0.5,2.1429,2.1429,2026-09-30T02:05:03Z,,
2026-10-02,mls,Seattle Sounders FC,Sporting Kansas City,Wyatt Meyer,SKC,tot,1.5,7.0,7.0,2026-09-30T02:05:03Z,,
2026-10-02,mls,Seattle Sounders FC,Sporting Kansas City,Yeimar Pastor Gomez Andrade,SEA,on,0.5,3.3334,3.3334,2026-09-30T02:05:03Z,,
2026-10-02,mls,Seattle Sounders FC,Sporting Kansas City,Yeimar Pastor Gomez Andrade,SEA,on,1.5,17.0,17.0,2026-09-30T02:05:03Z,,
2026-10-02,mls,Seattle Sounders FC,Sporting Kansas City,Yeimar Pastor Gomez Andrade,SEA,tot,0.5,1.5,1.5,2026-09-30T02:05:03Z,,
2026-10-02,mls,Seattle Sounders FC,Sporting Kansas City,Yeimar Pastor Gomez Andrade,SEA,tot,1.5,3.4,3.4,2026-09-30T02:05:03Z,,
2026-10-02,mls,Seattle Sounders FC,Sporting Kansas City,Zorhan Ludovic Bassong,SKC,on,0.5,4.0,4.0,2026-09-30T02:05:03Z,,
2026-10-02,mls,Seattle Sounders FC,Sporting Kansas City,Zorhan Ludovic Bassong,SKC,tot,0.5,1.7,1.7,2026-09-30T02:05:03Z,,
2026-10-02,mls,Seattle Sounders FC,Sporting Kansas City,Zorhan Ludovic Bassong,SKC,tot,1.5,4.25,4.25,2026-09-30T02:05:03Z,,
2026-10-02,brasil,São Paulo,Santos,André Silva,SPA,on,0.5,1.35,1.35,2026-09-30T02:05:03Z,,
2026-10-02,brasil,São Paulo,Santos,André Silva,SPA,on,1.5,2.8572,2.8572,2026-09-30T02:05:03Z,,
2026-10-02,brasil,São Paulo,Santos,André Silva,SPA,tot,1.5,1.1667,1.1667,2026-09-30T02:05:03Z,,
2026-10-02,brasil,São Paulo,Santos,André Silva,SPA,tot,2.5,1.6154,1.6154,2026-09-30T02:05:03Z,,
2026-10-02,brasil,São Paulo,Santos,André Silva,SPA,tot,3.5,2.5455,2.5455,2026-09-30T02:05:03Z,,
2026-10-02,brasil,São Paulo,Santos,Arthur,SAN,on,0.5,5.5,5.5,2026-09-30T01:14:23Z,,
2026-10-02,brasil,São Paulo,Santos,Arthur,SAN,tot,0.5,2.25,2.25,2026-09-30T01:14:23Z,,
2026-10-02,brasil,São Paulo,Santos,Arthur,SAN,tot,1.5,7.5,7.5,2026-09-30T01:14:23Z,,
2026-10-02,brasil,São Paulo,Santos,Artur Victor Guimaraes,SPA,on,0.5,1.48,1.48,2026-09-30T02:05:03Z,,
2026-10-02,brasil,São Paulo,Santos,Artur Victor Guimaraes,SPA,on,1.5,3.6,3.6,2026-09-30T02:05:03Z,,
2026-10-02,brasil,São Paulo,Santos,Artur Victor Guimaraes,SPA,tot,1.5,1.2858,1.2858,2026-09-30T02:05:03Z,,
2026-10-02,brasil,São Paulo,Santos,Artur Victor Guimaraes,SPA,tot,2.5,1.9,1.9,2026-09-30T02:05:03Z,,
2026-10-02,brasil,São Paulo,Santos,Artur Victor Guimaraes,SPA,tot,3.5,3.2,3.2,2026-09-30T02:05:03Z,,
2026-10-02,brasil,São Paulo,Santos,Benjamin Rollheiser,SAN,on,0.5,1.7778,1.7778,2026-09-30T02:05:03Z,,
2026-10-02,brasil,São Paulo,Santos,Benjamin Rollheiser,SAN,on,1.5,5.0,5.0,2026-09-30T02:05:03Z,,
2026-10-02,brasil,São Paulo,Santos,Benjamin Rollheiser,SAN,tot,1.5,1.35,1.35,2026-09-30T02:05:03Z,,
2026-10-02,brasil,São Paulo,Santos,Benjamin Rollheiser,SAN,tot,2.5,2.1,2.1,2026-09-30T02:05:03Z,,
2026-10-02,brasil,São Paulo,Santos,Benjamin Rollheiser,SAN,tot,3.5,3.8,3.8,2026-09-30T02:05:03Z,,
2026-10-02,brasil,São Paulo,Santos,Cauly,SPA,on,0.5,1.7778,1.7778,2026-09-30T02:05:03Z,,
2026-10-02,brasil,São Paulo,Santos,Cauly,SPA,on,1.5,5.0,5.0,2026-09-30T02:05:03Z,,
2026-10-02,brasil,São Paulo,Santos,Cauly,SPA,tot,0.5,1.1,1.1,2026-09-30T02:05:03Z,,
2026-10-02,brasil,São Paulo,Santos,Cauly,SPA,tot,1.5,1.6471,1.6471,2026-09-30T02:05:03Z,,
2026-10-02,brasil,São Paulo,Santos,Cauly,SPA,tot,2.5,3.0,3.0,2026-09-30T02:05:03Z,,
2026-10-02,brasil,São Paulo,Santos,Christian Oliva,SAN,on,0.5,4.0,4.0,2026-09-30T02:05:03Z,,
2026-10-02,brasil,São Paulo,Santos,Christian Oliva,SAN,tot,0.5,1.8182,1.8182,2026-09-30T02:05:03Z,,
2026-10-02,brasil,São Paulo,Santos,Christian Oliva,SAN,tot,1.5,4.75,4.75,2026-09-30T02:05:03Z,,
2026-10-02,brasil,São Paulo,Santos,Daniel de Oliveira Sertanejo,SPA,on,0.5,6.0,6.0,2026-09-30T02:05:03Z,,
2026-10-02,brasil,São Paulo,Santos,Daniel de Oliveira Sertanejo,SPA,tot,0.5,1.9,1.9,2026-09-30T02:05:03Z,,
2026-10-02,brasil,São Paulo,Santos,Daniel de Oliveira Sertanejo,SPA,tot,1.5,5.0,5.0,2026-09-30T02:05:03Z,,
2026-10-02,brasil,São Paulo,Santos,Davi Fernandes Cavalcante Ribeiro,SAN,on,0.5,2.3637,2.3637,2026-09-30T02:05:03Z,,
2026-10-02,brasil,São Paulo,Santos,Davi Fernandes Cavalcante Ribeiro,SAN,on,1.5,9.5,9.5,2026-09-30T02:05:03Z,,
2026-10-02,brasil,São Paulo,Santos,Davi Fernandes Cavalcante Ribeiro,SAN,tot,0.5,1.2858,1.2858,2026-09-30T02:05:03Z,,
2026-10-02,brasil,São Paulo,Santos,Davi Fernandes Cavalcante Ribeiro,SAN,tot,1.5,2.3637,2.3637,2026-09-30T02:05:03Z,,
2026-10-02,brasil,São Paulo,Santos,Davi Fernandes Cavalcante Ribeiro,SAN,tot,2.5,5.0,5.0,2026-09-30T02:05:03Z,,
2026-10-02,brasil,São Paulo,Santos,Djhordney Ferreira,SPA,on,0.5,2.4546,2.4546,2026-09-30T02:05:03Z,,
2026-10-02,brasil,São Paulo,Santos,Djhordney Ferreira,SPA,on,1.5,10.0,10.0,2026-09-30T02:05:03Z,,
2026-10-02,brasil,São Paulo,Santos,Djhordney Ferreira,SPA,tot,0.5,1.3,1.3,2026-09-30T02:05:03Z,,
2026-10-02,brasil,São Paulo,Santos,Djhordney Ferreira,SPA,tot,1.5,2.4546,2.4546,2026-09-30T02:05:03Z,,
2026-10-02,brasil,São Paulo,Santos,Djhordney Ferreira,SPA,tot,2.5,5.5,5.5,2026-09-30T02:05:03Z,,
2026-10-02,brasil,São Paulo,Santos,Everton,SAN,on,0.5,1.8182,1.8182,2026-09-30T02:05:03Z,,
2026-10-02,brasil,São Paulo,Santos,Everton,SAN,on,1.5,5.5,5.5,2026-09-30T02:05:03Z,,
2026-10-02,brasil,São Paulo,Santos,Everton,SAN,tot,1.5,1.32,1.32,2026-09-30T02:05:03Z,,
2026-10-02,brasil,São Paulo,Santos,Everton,SAN,tot,2.5,2.0,2.0,2026-09-30T02:05:03Z,,
2026-10-02,brasil,São Paulo,Santos,Everton,SAN,tot,3.5,3.5,3.5,2026-09-30T02:05:03Z,,
2026-10-02,brasil,São Paulo,Santos,Ferreira,SPA,on,0.5,1.4546,1.4546,2026-09-30T02:05:03Z,,
2026-10-02,brasil,São Paulo,Santos,Ferreira,SPA,on,1.5,3.4,3.4,2026-09-30T02:05:03Z,,
2026-10-02,brasil,São Paulo,Santos,Ferreira,SPA,tot,1.5,1.1667,1.1667,2026-09-30T02:05:03Z,,
2026-10-02,brasil,São Paulo,Santos,Ferreira,SPA,tot,2.5,1.6154,1.6154,2026-09-30T02:05:03Z,,
2026-10-02,brasil,São Paulo,Santos,Ferreira,SPA,tot,3.5,2.5455,2.5455,2026-09-30T02:05:03Z,,
2026-10-02,brasil,São Paulo,Santos,Gabriel Barbosa,SAN,on,0.5,1.4546,1.4546,2026-09-30T02:05:03Z,,
2026-10-02,brasil,São Paulo,Santos,Gabriel Barbosa,SAN,on,1.5,3.5,3.5,2026-09-30T02:05:03Z,,
2026-10-02,brasil,São Paulo,Santos,Gabriel Barbosa,SAN,tot,1.5,1.2,1.2,2026-09-30T02:05:03Z,,
2026-10-02,brasil,São Paulo,Santos,Gabriel Barbosa,SAN,tot,2.5,1.7143,1.7143,2026-09-30T02:05:03Z,,
2026-10-02,brasil,São Paulo,Santos,Gabriel Barbosa,SAN,tot,3.5,2.75,2.75,2026-09-30T02:05:03Z,,
2026-10-02,brasil,São Paulo,Santos,Gabriel Vinicius Menino,SAN,on,0.5,2.3637,2.3637,2026-09-30T02:05:03Z,,
2026-10-02,brasil,São Paulo,Santos,Gabriel Vinicius Menino,SAN,on,1.5,9.5,9.5,2026-09-30T02:05:03Z,,
2026-10-02,brasil,São Paulo,Santos,Gabriel Vinicius Menino,SAN,tot,0.5,1.1667,1.1667,2026-09-30T02:05:03Z,,
2026-10-02,brasil,São Paulo,Santos,Gabriel Vinicius Menino,SAN,tot,1.5,1.9,1.9,2026-09-30T02:05:03Z,,
2026-10-02,brasil,São Paulo,Santos,Gabriel Vinicius Menino,SAN,tot,2.5,3.8,3.8,2026-09-30T02:05:03Z,,
2026-10-02,brasil,São Paulo,Santos,Gonzalo Daniel Escobar,SAN,on,0.5,6.0,6.0,2026-09-30T01:14:23Z,,
2026-10-02,brasil,São Paulo,Santos,Gonzalo Daniel Escobar,SAN,tot,0.5,2.25,2.25,2026-09-30T01:14:23Z,,
2026-10-02,brasil,São Paulo,Santos,Gonzalo Daniel Escobar,SAN,tot,1.5,7.5,7.5,2026-09-30T01:14:23Z,,
2026-10-02,brasil,São Paulo,Santos,Gustavo Caballero,SAN,on,0.5,2.1,2.1,2026-09-30T02:05:03Z,,
2026-10-02,brasil,São Paulo,Santos,Gustavo Caballero,SAN,on,1.5,7.5,7.5,2026-09-30T02:05:03Z,,
2026-10-02,brasil,São Paulo,Santos,Gustavo Caballero,SAN,tot,0.5,1.1667,1.1667,2026-09-30T02:05:03Z,,
2026-10-02,brasil,São Paulo,Santos,Gustavo Caballero,SAN,tot,1.5,1.9,1.9,2026-09-30T02:05:03Z,,
2026-10-02,brasil,São Paulo,Santos,Gustavo Caballero,SAN,tot,2.5,3.6667,3.6667,2026-09-30T02:05:03Z,,
2026-10-02,brasil,São Paulo,Santos,Gustavo Domingos Santana,SPA,on,0.5,1.1819,1.1819,2026-09-30T02:05:03Z,,
2026-10-02,brasil,São Paulo,Santos,Gustavo Domingos Santana,SPA,on,1.5,2.1429,2.1429,2026-09-30T02:05:03Z,,
2026-10-02,brasil,São Paulo,Santos,Gustavo Domingos Santana,SPA,on,2.5,4.75,4.75,2026-09-30T02:05:03Z,,
2026-10-02,brasil,São Paulo,Santos,Gustavo Domingos Santana,SPA,tot,2.5,1.35,1.35,2026-09-30T02:05:03Z,,
2026-10-02,brasil,São Paulo,Santos,Gustavo Domingos Santana,SPA,tot,3.5,1.9,1.9,2026-09-30T02:05:03Z,,
2026-10-02,brasil,São Paulo,Santos,Gustavo Domingos Santana,SPA,tot,4.5,3.0,3.0,2026-09-30T02:05:03Z,,
2026-10-02,brasil,São Paulo,Santos,Gustavo Henrique Pereira,SAN,on,0.5,4.0,4.0,2026-09-30T02:05:03Z,,
2026-10-02,brasil,São Paulo,Santos,Gustavo Henrique Pereira,SAN,tot,0.5,2.1,2.1,2026-09-30T02:05:03Z,,
2026-10-02,brasil,São Paulo,Santos,Gustavo Henrique Pereira,SAN,tot,1.5,6.5,6.5,2026-09-30T02:05:03Z,,
2026-10-02,brasil,São Paulo,Santos,Igor Vinicius,SAN,on,0.5,5.5,5.5,2026-09-30T02:05:03Z,,
2026-10-02,brasil,São Paulo,Santos,Igor Vinicius,SAN,tot,0.5,2.25,2.25,2026-09-30T02:05:03Z,,
2026-10-02,brasil,São Paulo,Santos,Igor Vinicius,SAN,tot,1.5,7.5,7.5,2026-09-30T02:05:03Z,,
2026-10-02,brasil,São Paulo,Santos,Isac,SPA,on,0.5,4.0,4.0,2026-09-30T02:05:03Z,,
2026-10-02,brasil,São Paulo,Santos,Isac,SPA,tot,0.5,1.85,1.85,2026-09-30T02:05:03Z,,
2026-10-02,brasil,São Paulo,Santos,Isac,SPA,tot,1.5,5.0,5.0,2026-09-30T02:05:03Z,,
2026-10-02,brasil,São Paulo,Santos,Joao Paulo Ananias Bento,SAN,on,0.5,6.0,6.0,2026-09-30T02:05:03Z,,
2026-10-02,brasil,São Paulo,Santos,Joao Paulo Ananias Bento,SAN,tot,0.5,2.7143,2.7143,2026-09-30T02:05:03Z,,
2026-10-02,brasil,São Paulo,Santos,Joao Paulo Ananias Bento,SAN,tot,1.5,10.0,10.0,2026-09-30T02:05:03Z,,
2026-10-02,brasil,São Paulo,Santos,Joao Schmidt,SAN,on,0.5,3.6,3.6,2026-09-30T02:05:03Z,,
2026-10-02,brasil,São Paulo,Santos,Joao Schmidt,SAN,on,1.5,20.0,20.0,2026-09-30T02:05:03Z,,
2026-10-02,brasil,São Paulo,Santos,Joao Schmidt,SAN,tot,0.5,1.6471,1.6471,2026-09-30T02:05:03Z,,
2026-10-02,brasil,São Paulo,Santos,Joao Schmidt,SAN,tot,1.5,4.0,4.0,2026-09-30T02:05:03Z,,
2026-10-02,brasil,São Paulo,Santos,Joao Victor,SPA,on,0.5,1.75,1.75,2026-09-30T02:05:03Z,,
2026-10-02,brasil,São Paulo,Santos,Joao Victor,SPA,on,1.5,5.0,5.0,2026-09-30T02:05:03Z,,
2026-10-02,brasil,São Paulo,Santos,Joao Victor,SPA,tot,0.5,1.1112,1.1112,2026-09-30T02:05:03Z,,
2026-10-02,brasil,São Paulo,Santos,Joao Victor,SPA,tot,1.5,1.7,1.7,2026-09-30T02:05:03Z,,
2026-10-02,brasil,São Paulo,Santos,Joao Victor,SPA,tot,2.5,3.1,3.1,2026-09-30T02:05:03Z,,
2026-10-02,brasil,São Paulo,Santos,Lucas Ramon,SPA,on,0.5,3.3334,3.3334,2026-09-30T01:14:23Z,,
2026-10-02,brasil,São Paulo,Santos,Lucas Ramon,SPA,on,1.5,17.0,17.0,2026-09-30T01:14:23Z,,
2026-10-02,brasil,São Paulo,Santos,Lucas Ramon,SPA,tot,0.5,1.4167,1.4167,2026-09-30T01:14:23Z,,
2026-10-02,brasil,São Paulo,Santos,Lucas Ramon,SPA,tot,1.5,3.0,3.0,2026-09-30T01:14:23Z,,
2026-10-02,brasil,São Paulo,Santos,Lucas Veríssimo da Silva,SAN,on,0.5,3.6,3.6,2026-09-30T02:05:03Z,,
2026-10-02,brasil,São Paulo,Santos,Lucas Veríssimo da Silva,SAN,on,1.5,20.0,20.0,2026-09-30T02:05:03Z,,
2026-10-02,brasil,São Paulo,Santos,Lucas Veríssimo da Silva,SAN,tot,0.5,1.75,1.75,2026-09-30T02:05:03Z,,
2026-10-02,brasil,São Paulo,Santos,Lucas Veríssimo da Silva,SAN,tot,1.5,4.5,4.5,2026-09-30T02:05:03Z,,
2026-10-02,brasil,São Paulo,Santos,Luciano,SPA,on,0.5,1.2728,1.2728,2026-09-30T02:05:03Z,,
2026-10-02,brasil,São Paulo,Santos,Luciano,SPA,on,1.5,2.5,2.5,2026-09-30T02:05:03Z,,
2026-10-02,brasil,São Paulo,Santos,Luciano,SPA,on,2.5,6.0,6.0,2026-09-30T02:05:03Z,,
2026-10-02,brasil,São Paulo,Santos,Luciano,SPA,tot,2.5,1.3,1.3,2026-09-30T02:05:03Z,,
2026-10-02,brasil,São Paulo,Santos,Luciano,SPA,tot,3.5,1.8182,1.8182,2026-09-30T02:05:03Z,,
2026-10-02,brasil,São Paulo,Santos,Luciano,SPA,tot,4.5,2.8,2.8,2026-09-30T02:05:03Z,,
2026-10-02,brasil,São Paulo,Santos,Luis Osorio Messias de Oliveira,SPA,on,0.5,4.5,4.5,2026-09-30T02:05:03Z,,
2026-10-02,brasil,São Paulo,Santos,Luis Osorio Messias de Oliveira,SPA,tot,0.5,2.05,2.05,2026-09-30T02:05:03Z,,
2026-10-02,brasil,São Paulo,Santos,Luis Osorio Messias de Oliveira,SPA,tot,1.5,6.0,6.0,2026-09-30T02:05:03Z,,
2026-10-02,brasil,São Paulo,Santos,Marcos Antonio Silva Santos,SPA,on,0.5,2.75,2.75,2026-09-30T02:05:03Z,,
2026-10-02,brasil,São Paulo,Santos,Marcos Antonio Silva Santos,SPA,on,1.5,12.0,12.0,2026-09-30T02:05:03Z,,
2026-10-02,brasil,São Paulo,Santos,Marcos Antonio Silva Santos,SPA,tot,0.5,1.3,1.3,2026-09-30T02:05:03Z,,
2026-10-02,brasil,São Paulo,Santos,Marcos Antonio Silva Santos,SPA,tot,1.5,2.4546,2.4546,2026-09-30T02:05:03Z,,
2026-10-02,brasil,São Paulo,Santos,Marcos Antonio Silva Santos,SPA,tot,2.5,5.5,5.5,2026-09-30T02:05:03Z,,
2026-10-02,brasil,São Paulo,Santos,Miguel Ángel Terceros,SAN,on,0.5,1.4546,1.4546,2026-09-30T02:05:03Z,,
2026-10-02,brasil,São Paulo,Santos,Miguel Ángel Terceros,SAN,on,1.5,3.5,3.5,2026-09-30T02:05:03Z,,
2026-10-02,brasil,São Paulo,Santos,Miguel Ángel Terceros,SAN,tot,1.5,1.1539,1.1539,2026-09-30T02:05:03Z,,
2026-10-02,brasil,São Paulo,Santos,Miguel Ángel Terceros,SAN,tot,2.5,1.6,1.6,2026-09-30T02:05:03Z,,
2026-10-02,brasil,São Paulo,Santos,Miguel Ángel Terceros,SAN,tot,3.5,2.4546,2.4546,2026-09-30T02:05:03Z,,
2026-10-02,brasil,São Paulo,Santos,Newton Araujo Da Costa Junior,SPA,on,0.5,1.7,1.7,2026-09-30T02:05:03Z,,
2026-10-02,brasil,São Paulo,Santos,Newton Araujo Da Costa Junior,SPA,on,1.5,4.75,4.75,2026-09-30T02:05:03Z,,
2026-10-02,brasil,São Paulo,Santos,Newton Araujo Da Costa Junior,SPA,tot,1.5,1.2858,1.2858,2026-09-30T02:05:03Z,,
2026-10-02,brasil,São Paulo,Santos,Newton Araujo Da Costa Junior,SPA,tot,2.5,1.9,1.9,2026-09-30T02:05:03Z,,
2026-10-02,brasil,São Paulo,Santos,Newton Araujo Da Costa Junior,SPA,tot,3.5,3.2,3.2,2026-09-30T02:05:03Z,,
2026-10-02,brasil,São Paulo,Santos,Pablo Maia,SPA,on,0.5,2.5455,2.5455,2026-09-30T02:05:03Z,,
2026-10-02,brasil,São Paulo,Santos,Pablo Maia,SPA,on,1.5,10.0,10.0,2026-09-30T02:05:03Z,,
2026-10-02,brasil,São Paulo,Santos,Pablo Maia,SPA,tot,0.5,1.2,1.2,2026-09-30T02:05:03Z,,
2026-10-02,brasil,São Paulo,Santos,Pablo Maia,SPA,tot,1.5,2.05,2.05,2026-09-30T02:05:03Z,,
2026-10-02,brasil,São Paulo,Santos,Pablo Maia,SPA,tot,2.5,4.0,4.0,2026-09-30T02:05:03Z,,
2026-10-02,brasil,São Paulo,Santos,Paulo Sergio Venuto Bezerra,SPA,on,0.5,1.6154,1.6154,2026-09-30T02:05:03Z,,
2026-10-02,brasil,São Paulo,Santos,Paulo Sergio Venuto Bezerra,SPA,on,1.5,4.25,4.25,2026-09-30T02:05:03Z,,
2026-10-02,brasil,São Paulo,Santos,Paulo Sergio Venuto Bezerra,SPA,tot,1.5,1.4546,1.4546,2026-09-30T02:05:03Z,,
2026-10-02,brasil,São Paulo,Santos,Paulo Sergio Venuto Bezerra,SPA,tot,2.5,2.3637,2.3637,2026-09-30T02:05:03Z,,
2026-10-02,brasil,São Paulo,Santos,Paulo Sergio Venuto Bezerra,SPA,tot,3.5,4.25,4.25,2026-09-30T02:05:03Z,,
2026-10-02,brasil,São Paulo,Santos,Pedro Henrique Ferreira da Silva,SPA,on,0.5,3.1,3.1,2026-09-30T02:05:03Z,,
2026-10-02,brasil,São Paulo,Santos,Pedro Henrique Ferreira da Silva,SPA,on,1.5,16.0,16.0,2026-09-30T02:05:03Z,,
2026-10-02,brasil,São Paulo,Santos,Pedro Henrique Ferreira da Silva,SPA,tot,0.5,1.52,1.52,2026-09-30T02:05:03Z,,
2026-10-02,brasil,São Paulo,Santos,Pedro Henrique Ferreira da Silva,SPA,tot,1.5,3.4,3.4,2026-09-30T02:05:03Z,,
2026-10-02,brasil,São Paulo,Santos,Perivan dos Santos,SPA,on,0.5,1.48,1.48,2026-09-30T02:05:03Z,,
2026-10-02,brasil,São Paulo,Santos,Perivan dos Santos,SPA,on,1.5,3.6,3.6,2026-09-30T02:05:03Z,,
2026-10-02,brasil,São Paulo,Santos,Perivan dos Santos,SPA,tot,1.5,1.32,1.32,2026-09-30T02:05:03Z,,
2026-10-02,brasil,São Paulo,Santos,Perivan dos Santos,SPA,tot,2.5,2.05,2.05,2026-09-30T02:05:03Z,,
2026-10-02,brasil,São Paulo,Santos,Perivan dos Santos,SPA,tot,3.5,3.6,3.6,2026-09-30T02:05:03Z,,
2026-10-02,brasil,São Paulo,Santos,Rafael Gonzaga,SAN,on,0.5,4.0,4.0,2026-09-30T02:05:03Z,,
2026-10-02,brasil,São Paulo,Santos,Rafael Gonzaga,SAN,tot,0.5,1.95,1.95,2026-09-30T02:05:03Z,,
2026-10-02,brasil,São Paulo,Santos,Rafael Gonzaga,SAN,tot,1.5,5.5,5.5,2026-09-30T02:05:03Z,,
2026-10-02,brasil,São Paulo,Santos,Rafael Toloi,SPA,on,0.5,4.5,4.5,2026-09-30T02:05:03Z,,
2026-10-02,brasil,São Paulo,Santos,Rafael Toloi,SPA,tot,0.5,1.9,1.9,2026-09-30T02:05:03Z,,
2026-10-02,brasil,São Paulo,Santos,Rafael Toloi,SPA,tot,1.5,5.5,5.5,2026-09-30T02:05:03Z,,
2026-10-02,brasil,São Paulo,Santos,Robert Arboleda,SPA,on,0.5,3.0,3.0,2026-09-30T02:05:03Z,,
2026-10-02,brasil,São Paulo,Santos,Robert Arboleda,SPA,on,1.5,14.0,14.0,2026-09-30T02:05:03Z,,
2026-10-02,brasil,São Paulo,Santos,Robert Arboleda,SPA,tot,0.5,1.3,1.3,2026-09-30T02:05:03Z,,
2026-10-02,brasil,São Paulo,Santos,Robert Arboleda,SPA,tot,1.5,2.4546,2.4546,2026-09-30T02:05:03Z,,
2026-10-02,brasil,São Paulo,Santos,Robert Arboleda,SPA,tot,2.5,5.5,5.5,2026-09-30T02:05:03Z,,
2026-10-02,brasil,São Paulo,Santos,Rodinei,SAN,on,0.5,3.0,3.0,2026-09-30T02:05:03Z,,
2026-10-02,brasil,São Paulo,Santos,Rodinei,SAN,on,1.5,15.0,15.0,2026-09-30T02:05:03Z,,
2026-10-02,brasil,São Paulo,Santos,Rodinei,SAN,tot,0.5,1.4,1.4,2026-09-30T02:05:03Z,,
2026-10-02,brasil,São Paulo,Santos,Rodinei,SAN,tot,1.5,2.9,2.9,2026-09-30T02:05:03Z,,
2026-10-02,brasil,São Paulo,Santos,Rony,SAN,on,0.5,1.7143,1.7143,2026-09-30T02:05:03Z,,
2026-10-02,brasil,São Paulo,Santos,Rony,SAN,on,1.5,5.0,5.0,2026-09-30T02:05:03Z,,
2026-10-02,brasil,São Paulo,Santos,Rony,SAN,tot,1.5,1.4167,1.4167,2026-09-30T02:05:03Z,,
2026-10-02,brasil,São Paulo,Santos,Rony,SAN,tot,2.5,2.3,2.3,2026-09-30T02:05:03Z,,
2026-10-02,brasil,São Paulo,Santos,Rony,SAN,tot,3.5,4.25,4.25,2026-09-30T02:05:03Z,,
2026-10-02,brasil,São Paulo,Santos,Ryan Francisco Rodrigues dos Santos Silva,SPA,on,0.5,1.4167,1.4167,2026-09-30T02:05:03Z,,
2026-10-02,brasil,São Paulo,Santos,Ryan Francisco Rodrigues dos Santos Silva,SPA,on,1.5,3.2,3.2,2026-09-30T02:05:03Z,,
2026-10-02,brasil,São Paulo,Santos,Ryan Francisco Rodrigues dos Santos Silva,SPA,tot,1.5,1.25,1.25,2026-09-30T02:05:03Z,,
2026-10-02,brasil,São Paulo,Santos,Ryan Francisco Rodrigues dos Santos Silva,SPA,tot,2.5,1.85,1.85,2026-09-30T02:05:03Z,,
2026-10-02,brasil,São Paulo,Santos,Ryan Francisco Rodrigues dos Santos Silva,SPA,tot,3.5,3.1,3.1,2026-09-30T02:05:03Z,,
2026-10-02,brasil,São Paulo,Santos,Sabino,SPA,on,0.5,2.7143,2.7143,2026-09-30T01:14:23Z,,
2026-10-02,brasil,São Paulo,Santos,Sabino,SPA,on,1.5,12.0,12.0,2026-09-30T01:14:23Z,,
2026-10-02,brasil,São Paulo,Santos,Sabino,SPA,tot,0.5,1.35,1.35,2026-09-30T01:14:23Z,,
2026-10-02,brasil,São Paulo,Santos,Sabino,SPA,tot,1.5,2.7143,2.7143,2026-09-30T01:14:23Z,,
2026-10-02,brasil,São Paulo,Santos,Samuel Pierri,SAN,on,0.5,2.8572,2.8572,2026-09-30T02:05:03Z,,
2026-10-02,brasil,São Paulo,Santos,Samuel Pierri,SAN,on,1.5,13.0,13.0,2026-09-30T02:05:03Z,,
2026-10-02,brasil,São Paulo,Santos,Samuel Pierri,SAN,tot,0.5,1.4546,1.4546,2026-09-30T02:05:03Z,,
2026-10-02,brasil,São Paulo,Santos,Samuel Pierri,SAN,tot,1.5,3.1,3.1,2026-09-30T02:05:03Z,,
2026-10-02,brasil,São Paulo,Santos,Thaciano,SAN,on,0.5,1.7143,1.7143,2026-09-30T02:05:03Z,,
2026-10-02,brasil,São Paulo,Santos,Thaciano,SAN,on,1.5,4.75,4.75,2026-09-30T02:05:03Z,,
2026-10-02,brasil,São Paulo,Santos,Thaciano,SAN,tot,0.5,1.091,1.091,2026-09-30T02:05:03Z,,
2026-10-02,brasil,São Paulo,Santos,Thaciano,SAN,tot,1.5,1.6154,1.6154,2026-09-30T02:05:03Z,,
2026-10-02,brasil,São Paulo,Santos,Thaciano,SAN,tot,2.5,2.9,2.9,2026-09-30T02:05:03Z,,
2026-10-02,brasil,São Paulo,Santos,Vinicius Moreira,SAN,on,0.5,2.1,2.1,2026-09-30T01:14:23Z,,
2026-10-02,brasil,São Paulo,Santos,Vinicius Moreira,SAN,on,1.5,7.5,7.5,2026-09-30T01:14:23Z,,
2026-10-02,brasil,São Paulo,Santos,Vinicius Moreira,SAN,tot,0.5,1.1429,1.1429,2026-09-30T01:14:23Z,,
2026-10-02,brasil,São Paulo,Santos,Vinicius Moreira,SAN,tot,1.5,1.8,1.8,2026-09-30T01:14:23Z,,
2026-10-02,brasil,São Paulo,Santos,Vinicius Moreira,SAN,tot,2.5,3.4,3.4,2026-09-30T01:14:23Z,,
2026-10-02,brasil,São Paulo,Santos,Wendell,SPA,on,0.5,4.0,4.0,2026-09-30T02:05:03Z,,
2026-10-02,brasil,São Paulo,Santos,Wendell,SPA,tot,0.5,1.875,1.875,2026-09-30T02:05:03Z,,
2026-10-02,brasil,São Paulo,Santos,Wendell,SPA,tot,1.5,5.0,5.0,2026-09-30T02:05:03Z,,
2026-10-02,selecciones,Ukraine,Northern Ireland,Brodie Spencer,NOR,on,0.5,6.0,6.0,2026-09-30T02:05:03Z,,
2026-10-02,selecciones,Ukraine,Northern Ireland,Brodie Spencer,NOR,tot,0.5,2.5,2.5,2026-09-30T02:05:03Z,,
2026-10-02,selecciones,Ukraine,Northern Ireland,Brodie Spencer,NOR,tot,1.5,9.0,9.0,2026-09-30T02:05:03Z,,
2026-10-02,selecciones,Ukraine,Northern Ireland,Ceadach O Neill,NOR,on,0.5,2.1429,2.1429,2026-09-30T01:14:23Z,,
2026-10-02,selecciones,Ukraine,Northern Ireland,Ceadach O Neill,NOR,on,1.5,7.5,7.5,2026-09-30T01:14:23Z,,
2026-10-02,selecciones,Ukraine,Northern Ireland,Ceadach O Neill,NOR,tot,0.5,1.2308,1.2308,2026-09-30T01:14:23Z,,
2026-10-02,selecciones,Ukraine,Northern Ireland,Ceadach O Neill,NOR,tot,1.5,2.1429,2.1429,2026-09-30T01:14:23Z,,
2026-10-02,selecciones,Ukraine,Northern Ireland,Ceadach O Neill,NOR,tot,2.5,4.5,4.5,2026-09-30T01:14:23Z,,
2026-10-02,selecciones,Ukraine,Northern Ireland,Ciaron Brown,NOR,on,0.5,5.0,5.0,2026-09-30T02:05:03Z,,
2026-10-02,selecciones,Ukraine,Northern Ireland,Ciaron Brown,NOR,tot,0.5,2.25,2.25,2026-09-30T02:05:03Z,,
2026-10-02,selecciones,Ukraine,Northern Ireland,Ciaron Brown,NOR,tot,1.5,7.0,7.0,2026-09-30T02:05:03Z,,
2026-10-02,selecciones,Ukraine,Northern Ireland,Dion Charles,NOR,on,0.5,1.5834,1.5834,2026-09-30T02:05:03Z,,
2026-10-02,selecciones,Ukraine,Northern Ireland,Dion Charles,NOR,on,1.5,4.0,4.0,2026-09-30T02:05:03Z,,
2026-10-02,selecciones,Ukraine,Northern Ireland,Dion Charles,NOR,tot,1.5,1.4167,1.4167,2026-09-30T02:05:03Z,,
2026-10-02,selecciones,Ukraine,Northern Ireland,Dion Charles,NOR,tot,2.5,2.3,2.3,2026-09-30T02:05:03Z,,
2026-10-02,selecciones,Ukraine,Northern Ireland,Dion Charles,NOR,tot,3.5,4.25,4.25,2026-09-30T02:05:03Z,,
2026-10-02,selecciones,Ukraine,Northern Ireland,Ethan Galbraith,NOR,on,0.5,3.3334,3.3334,2026-09-30T02:05:03Z,,
2026-10-02,selecciones,Ukraine,Northern Ireland,Ethan Galbraith,NOR,on,1.5,17.0,17.0,2026-09-30T02:05:03Z,,
2026-10-02,selecciones,Ukraine,Northern Ireland,Ethan Galbraith,NOR,tot,0.5,1.4,1.4,2026-09-30T02:05:03Z,,
2026-10-02,selecciones,Ukraine,Northern Ireland,Ethan Galbraith,NOR,tot,1.5,2.9,2.9,2026-09-30T02:05:03Z,,
2026-10-02,selecciones,Ukraine,Northern Ireland,Isaac Price,NOR,on,0.5,1.6154,1.6154,2026-09-30T02:05:03Z,,
2026-10-02,selecciones,Ukraine,Northern Ireland,Isaac Price,NOR,on,1.5,4.25,4.25,2026-09-30T02:05:03Z,,
2026-10-02,selecciones,Ukraine,Northern Ireland,Isaac Price,NOR,tot,1.5,1.3847,1.3847,2026-09-30T02:05:03Z,,
2026-10-02,selecciones,Ukraine,Northern Ireland,Isaac Price,NOR,tot,2.5,2.1429,2.1429,2026-09-30T02:05:03Z,,
2026-10-02,selecciones,Ukraine,Northern Ireland,Isaac Price,NOR,tot,3.5,4.0,4.0,2026-09-30T02:05:03Z,,
2026-10-02,selecciones,Ukraine,Northern Ireland,Jamie Donley,NOR,on,0.5,2.3637,2.1,2026-09-30T02:05:03Z,,
2026-10-02,selecciones,Ukraine,Northern Ireland,Jamie Donley,NOR,on,1.5,9.0,7.5,2026-09-30T02:05:03Z,,
2026-10-02,selecciones,Ukraine,Northern Ireland,Jamie Donley,NOR,tot,0.5,1.25,1.1667,2026-09-30T02:05:03Z,,
2026-10-02,selecciones,Ukraine,Northern Ireland,Jamie Donley,NOR,tot,1.5,2.25,1.9,2026-09-30T02:05:03Z,,
2026-10-02,selecciones,Ukraine,Northern Ireland,Jamie Donley,NOR,tot,2.5,5.0,3.8,2026-09-30T02:05:03Z,,
2026-10-02,selecciones,Ukraine,Northern Ireland,Josh Magennis,NOR,on,0.5,1.7143,1.7143,2026-09-30T02:05:03Z,,
2026-10-02,selecciones,Ukraine,Northern Ireland,Josh Magennis,NOR,on,1.5,4.75,4.75,2026-09-30T02:05:03Z,,
2026-10-02,selecciones,Ukraine,Northern Ireland,Josh Magennis,NOR,tot,0.5,1.091,1.091,2026-09-30T02:05:03Z,,
2026-10-02,selecciones,Ukraine,Northern Ireland,Josh Magennis,NOR,tot,1.5,1.6154,1.6154,2026-09-30T02:05:03Z,,
2026-10-02,selecciones,Ukraine,Northern Ireland,Josh Magennis,NOR,tot,2.5,2.9,2.9,2026-09-30T02:05:03Z,,
2026-10-02,selecciones,Ukraine,Northern Ireland,Justin Devenny,NOR,on,0.5,3.0,3.0,2026-09-30T01:14:23Z,,
2026-10-02,selecciones,Ukraine,Northern Ireland,Justin Devenny,NOR,on,1.5,14.0,14.0,2026-09-30T01:14:23Z,,
2026-10-02,selecciones,Ukraine,Northern Ireland,Justin Devenny,NOR,tot,0.5,1.4167,1.4167,2026-09-30T01:14:23Z,,
2026-10-02,selecciones,Ukraine,Northern Ireland,Justin Devenny,NOR,tot,1.5,3.0,3.0,2026-09-30T01:14:23Z,,
2026-10-02,selecciones,Ukraine,Northern Ireland,Kieran Morrison,NOR,on,0.5,2.05,2.05,2026-09-30T02:05:03Z,,
2026-10-02,selecciones,Ukraine,Northern Ireland,Kieran Morrison,NOR,on,1.5,6.5,6.5,2026-09-30T02:05:03Z,,
2026-10-02,selecciones,Ukraine,Northern Ireland,Kieran Morrison,NOR,tot,0.5,1.1539,1.1539,2026-09-30T02:05:03Z,,
2026-10-02,selecciones,Ukraine,Northern Ireland,Kieran Morrison,NOR,tot,1.5,1.85,1.85,2026-09-30T02:05:03Z,,
2026-10-02,selecciones,Ukraine,Northern Ireland,Kieran Morrison,NOR,tot,2.5,3.6,3.6,2026-09-30T02:05:03Z,,
2026-10-02,selecciones,Ukraine,Northern Ireland,Michael Forbes,NOR,on,0.5,6.5,6.5,2026-09-30T02:05:03Z,,
2026-10-02,selecciones,Ukraine,Northern Ireland,Michael Forbes,NOR,tot,0.5,2.7143,2.7143,2026-09-30T02:05:03Z,,
2026-10-02,selecciones,Ukraine,Northern Ireland,Michael Forbes,NOR,tot,1.5,10.0,10.0,2026-09-30T02:05:03Z,,
2026-10-02,selecciones,Ukraine,Northern Ireland,Patrick Kelly,NOR,on,0.5,3.4,3.4,2026-09-30T02:05:03Z,,
2026-10-02,selecciones,Ukraine,Northern Ireland,Patrick Kelly,NOR,on,1.5,18.0,18.0,2026-09-30T02:05:03Z,,
2026-10-02,selecciones,Ukraine,Northern Ireland,Patrick Kelly,NOR,tot,0.5,1.4167,1.4167,2026-09-30T02:05:03Z,,
2026-10-02,selecciones,Ukraine,Northern Ireland,Patrick Kelly,NOR,tot,1.5,3.0,3.0,2026-09-30T02:05:03Z,,
2026-10-02,selecciones,Ukraine,Northern Ireland,Patrick McNair,NOR,on,0.5,5.0,5.0,2026-09-30T02:05:03Z,,
2026-10-02,selecciones,Ukraine,Northern Ireland,Patrick McNair,NOR,tot,0.5,2.3637,2.3637,2026-09-30T02:05:03Z,,
2026-10-02,selecciones,Ukraine,Northern Ireland,Patrick McNair,NOR,tot,1.5,8.0,8.0,2026-09-30T02:05:03Z,,
2026-10-02,selecciones,Ukraine,Northern Ireland,Paul Smyth,NOR,on,0.5,2.25,2.25,2026-09-30T02:05:03Z,,
2026-10-02,selecciones,Ukraine,Northern Ireland,Paul Smyth,NOR,on,1.5,8.5,8.5,2026-09-30T02:05:03Z,,
2026-10-02,selecciones,Ukraine,Northern Ireland,Paul Smyth,NOR,tot,0.5,1.2728,1.2728,2026-09-30T02:05:03Z,,
2026-10-02,selecciones,Ukraine,Northern Ireland,Paul Smyth,NOR,tot,1.5,2.3,2.3,2026-09-30T02:05:03Z,,
2026-10-02,selecciones,Ukraine,Northern Ireland,Paul Smyth,NOR,tot,2.5,5.0,5.0,2026-09-30T02:05:03Z,,
2026-10-02,selecciones,Ukraine,Northern Ireland,Ruairi McConville,NOR,on,0.5,5.5,5.5,2026-09-30T02:05:03Z,,
2026-10-02,selecciones,Ukraine,Northern Ireland,Ruairi McConville,NOR,tot,0.5,2.1,2.1,2026-09-30T02:05:03Z,,
2026-10-02,selecciones,Ukraine,Northern Ireland,Ruairi McConville,NOR,tot,1.5,6.5,6.5,2026-09-30T02:05:03Z,,
2026-10-02,selecciones,Ukraine,Northern Ireland,Shea Emmanuel Charles,NOR,on,0.5,3.3334,3.3334,2026-09-30T01:14:23Z,,
2026-10-02,selecciones,Ukraine,Northern Ireland,Shea Emmanuel Charles,NOR,on,1.5,17.0,17.0,2026-09-30T01:14:23Z,,
2026-10-02,selecciones,Ukraine,Northern Ireland,Shea Emmanuel Charles,NOR,tot,0.5,1.6154,1.6154,2026-09-30T01:14:23Z,,
2026-10-02,selecciones,Ukraine,Northern Ireland,Shea Emmanuel Charles,NOR,tot,1.5,4.0,4.0,2026-09-30T01:14:23Z,,
2026-10-02,selecciones,Ukraine,Northern Ireland,Terry Devlin,NOR,on,0.5,3.5,3.5,2026-09-30T02:05:03Z,,
2026-10-02,selecciones,Ukraine,Northern Ireland,Terry Devlin,NOR,on,1.5,19.0,19.0,2026-09-30T02:05:03Z,,
2026-10-02,selecciones,Ukraine,Northern Ireland,Terry Devlin,NOR,tot,0.5,1.4546,1.6471,2026-09-30T02:05:03Z,,
2026-10-02,selecciones,Ukraine,Northern Ireland,Terry Devlin,NOR,tot,1.5,3.1,4.0,2026-09-30T02:05:03Z,,
2026-10-02,selecciones,Ukraine,Northern Ireland,Tom Atcheson,NOR,on,0.5,5.5,5.5,2026-09-30T02:05:03Z,,
2026-10-02,selecciones,Ukraine,Northern Ireland,Tom Atcheson,NOR,tot,0.5,2.2,2.2,2026-09-30T02:05:03Z,,
2026-10-02,selecciones,Ukraine,Northern Ireland,Tom Atcheson,NOR,tot,1.5,7.0,7.0,2026-09-30T02:05:03Z,,
2026-10-02,selecciones,Ukraine,Northern Ireland,Trai Hume,NOR,on,0.5,3.4,3.4,2026-09-30T01:14:23Z,,
2026-10-02,selecciones,Ukraine,Northern Ireland,Trai Hume,NOR,on,1.5,18.0,18.0,2026-09-30T01:14:23Z,,
2026-10-02,selecciones,Ukraine,Northern Ireland,Trai Hume,NOR,tot,0.5,1.52,1.52,2026-09-30T01:14:23Z,,
2026-10-02,selecciones,Ukraine,Northern Ireland,Trai Hume,NOR,tot,1.5,3.4,3.4,2026-09-30T01:14:23Z,,
